trial,condition,seed,ball,paddle,action,hit,natural_reward,reward_used,rally_ended,completed_rally_length,ace,long_rally,mean_abs_weight_change,mean_weight
1,frozen,42,0,3,0,0,-1.0,-1.0,1,0,1,0,0.0,0.003826500260526257
2,frozen,42,6,3,0,0,-1.0,-1.0,1,0,1,0,0.0,0.003826500260526257
3,frozen,42,5,3,0,0,-1.0,-1.0,1,0,1,0,0.0,0.003826500260526257
4,frozen,42,3,5,1,0,-1.0,-1.0,1,0,1,0,0.0,0.003826500260526257
5,frozen,42,3,3,0,1,1.0,1.0,0,nan,nan,nan,0.0,0.003826500260526257
6,frozen,42,7,2,0,0,-1.0,-1.0,1,1,0,0,0.0,0.003826500260526257
7,frozen,42,0,3,0,0,-1.0,-1.0,1,0,1,0,0.0,0.003826500260526257
8,frozen,42,6,3,0,0,-1.0,-1.0,1,0,1,0,0.0,0.003826500260526257
9,frozen,42,1,5,1,0,-1.0,-1.0,1,0,1,0,0.0,0.003826500260526257
10,frozen,42,0,3,0,0,-1.0,-1.0,1,0,1,0,0.0,0.003826500260526257
11,frozen,42,4,3,0,1,1.0,1.0,0,nan,nan,nan,0.0,0.003826500260526257
12,frozen,42,8,4,1,0,-1.0,-1.0,1,1,0,0,0.0,0.003826500260526257
13,frozen,42,6,3,0,0,-1.0,-1.0,1,0,1,0,0.0,0.003826500260526257
14,frozen,42,6,3,0,0,-1.0,-1.0,1,0,1,0,0.0,0.003826500260526257
15,frozen,42,6,3,0,0,-1.0,-1.0,1,0,1,0,0.0,0.003826500260526257
16,frozen,42,7,3,0,0,-1.0,-1.0,1,0,1,0,0.0,0.003826500260526257
17,frozen,42,4,3,0,1,1.0,1.0,0,nan,nan,nan,0.0,0.003826500260526257
18,frozen,42,1,2,0,1,1.0,1.0,0,nan,nan,nan,0.0,0.003826500260526257
19,frozen,42,7,3,1,0,-1.0,-1.0,1,2,0,0,0.0,0.003826500260526257
20,frozen,42,4,3,0,1,1.0,1.0,0,nan,nan,nan,0.0,0.003826500260526257
21,frozen,42,4,4,1,1,1.0,1.0,0,nan,nan,nan,0.0,0.003826500260526257
22,frozen,42,3,5,1,0,-1.0,-1.0,1,2,0,0,0.0,0.003826500260526257
23,frozen,42,1,5,1,0,-1.0,-1.0,1,0,1,0,0.0,0.003826500260526257
24,frozen,42,8,5,1,0,-1.0,-1.0,1,0,1,0,0.0,0.003826500260526257
25,frozen,42,7,5,1,0,-1.0,-1.0,1,0,1,0,0.0,0.003826500260526257
26,frozen,42,5,5,1,1,1.0,1.0,0,nan,nan,nan,0.0,0.003826500260526257
27,frozen,42,3,4,0,1,1.0,1.0,0,nan,nan,nan,0.0,0.003826500260526257
28,frozen,42,7,5,1,0,-1.0,-1.0,1,2,0,0,0.0,0.003826500260526257
29,frozen,42,4,3,0,1,1.0,1.0,0,nan,nan,nan,0.0,0.003826500260526257
30,frozen,42,3,2,0,1,1.0,1.0,0,nan,nan,nan,0.0,0.003826500260526257
31,frozen,42,4,1,0,0,-1.0,-1.0,1,2,0,0,0.0,0.003826500260526257
32,frozen,42,2,5,1,0,-1.0,-1.0,1,0,1,0,0.0,0.003826500260526257
33,frozen,42,0,3,0,0,-1.0,-1.0,1,0,1,0,0.0,0.003826500260526257
34,frozen,42,4,3,0,1,1.0,1.0,0,nan,nan,nan,0.0,0.003826500260526257
35,frozen,42,7,2,0,0,-1.0,-1.0,1,1,0,0,0.0,0.003826500260526257
36,frozen,42,0,3,0,0,-1.0,-1.0,1,0,1,0,0.0,0.003826500260526257
37,frozen,42,7,5,1,0,-1.0,-1.0,1,0,1,0,0.0,0.003826500260526257
38,frozen,42,7,5,1,0,-1.0,-1.0,1,0,1,0,0.0,0.003826500260526257
39,frozen,42,2,3,0,1,1.0,1.0,0,nan,nan,nan,0.0,0.003826500260526257
40,frozen,42,5,2,0,0,-1.0,-1.0,1,1,0,0,0.0,0.003826500260526257
41,frozen,42,1,5,1,0,-1.0,-1.0,1,0,1,0,0.0,0.003826500260526257
42,frozen,42,6,3,0,0,-1.0,-1.0,1,0,1,0,0.0,0.003826500260526257
43,frozen,42,6,3,0,0,-1.0,-1.0,1,0,1,0,0.0,0.003826500260526257
44,frozen,42,3,3,0,1,1.0,1.0,0,nan,nan,nan,0.0,0.003826500260526257
45,frozen,42,0,2,0,0,-1.0,-1.0,1,1,0,0,0.0,0.003826500260526257
46,frozen,42,8,5,1,0,-1.0,-1.0,1,0,1,0,0.0,0.003826500260526257
47,frozen,42,4,3,0,1,1.0,1.0,0,nan,nan,nan,0.0,0.003826500260526257
48,frozen,42,8,2,0,0,-1.0,-1.0,1,1,0,0,0.0,0.003826500260526257
49,frozen,42,6,3,0,0,-1.0,-1.0,1,0,1,0,0.0,0.003826500260526257
50,frozen,42,7,3,0,0,-1.0,-1.0,1,0,1,0,0.0,0.003826500260526257
51,frozen,42,6,3,0,0,-1.0,-1.0,1,0,1,0,0.0,0.003826500260526257
52,frozen,42,1,5,1,0,-1.0,-1.0,1,0,1,0,0.0,0.003826500260526257
53,frozen,42,3,3,0,1,1.0,1.0,0,nan,nan,nan,0.0,0.003826500260526257
54,frozen,42,4,4,1,1,1.0,1.0,0,nan,nan,nan,0.0,0.003826500260526257
55,frozen,42,4,5,1,1,1.0,1.0,0,nan,nan,nan,0.0,0.003826500260526257
56,frozen,42,0,6,1,0,-1.0,-1.0,1,3,0,1,0.0,0.003826500260526257
57,frozen,42,4,3,0,1,1.0,1.0,0,nan,nan,nan,0.0,0.003826500260526257
58,frozen,42,1,2,0,1,1.0,1.0,0,nan,nan,nan,0.0,0.003826500260526257
59,frozen,42,6,3,1,0,-1.0,-1.0,1,2,0,0,0.0,0.003826500260526257
60,frozen,42,6,3,0,0,-1.0,-1.0,1,0,1,0,0.0,0.003826500260526257
61,frozen,42,8,5,1,0,-1.0,-1.0,1,0,1,0,0.0,0.003826500260526257
62,frozen,42,6,3,0,0,-1.0,-1.0,1,0,1,0,0.0,0.003826500260526257
63,frozen,42,3,5,1,0,-1.0,-1.0,1,0,1,0,0.0,0.003826500260526257
64,frozen,42,8,3,0,0,-1.0,-1.0,1,0,1,0,0.0,0.003826500260526257
65,frozen,42,3,5,1,0,-1.0,-1.0,1,0,1,0,0.0,0.003826500260526257
66,frozen,42,2,5,1,0,-1.0,-1.0,1,0,1,0,0.0,0.003826500260526257
67,frozen,42,8,3,0,0,-1.0,-1.0,1,0,1,0,0.0,0.003826500260526257
68,frozen,42,3,3,0,1,1.0,1.0,0,nan,nan,nan,0.0,0.003826500260526257
69,frozen,42,0,4,1,0,-1.0,-1.0,1,1,0,0,0.0,0.003826500260526257
70,frozen,42,4,3,0,1,1.0,1.0,0,nan,nan,nan,0.0,0.003826500260526257
71,frozen,42,7,4,1,0,-1.0,-1.0,1,1,0,0,0.0,0.003826500260526257
72,frozen,42,1,5,1,0,-1.0,-1.0,1,0,1,0,0.0,0.003826500260526257
73,frozen,42,4,3,0,1,1.0,1.0,0,nan,nan,nan,0.0,0.003826500260526257
74,frozen,42,1,2,0,1,1.0,1.0,0,nan,nan,nan,0.0,0.003826500260526257
75,frozen,42,6,3,1,0,-1.0,-1.0,1,2,0,0,0.0,0.003826500260526257
76,frozen,42,4,3,0,1,1.0,1.0,0,nan,nan,nan,0.0,0.003826500260526257
77,frozen,42,2,4,1,0,-1.0,-1.0,1,1,0,0,0.0,0.003826500260526257
78,frozen,42,2,3,0,1,1.0,1.0,0,nan,nan,nan,0.0,0.003826500260526257
79,frozen,42,5,2,0,0,-1.0,-1.0,1,1,0,0,0.0,0.003826500260526257
80,frozen,42,6,3,0,0,-1.0,-1.0,1,0,1,0,0.0,0.003826500260526257
81,frozen,42,8,3,0,0,-1.0,-1.0,1,0,1,0,0.0,0.003826500260526257
82,frozen,42,3,3,0,1,1.0,1.0,0,nan,nan,nan,0.0,0.003826500260526257
83,frozen,42,1,4,1,0,-1.0,-1.0,1,1,0,0,0.0,0.003826500260526257
84,frozen,42,7,5,1,0,-1.0,-1.0,1,0,1,0,0.0,0.003826500260526257
85,frozen,42,5,3,0,0,-1.0,-1.0,1,0,1,0,0.0,0.003826500260526257
86,frozen,42,6,3,0,0,-1.0,-1.0,1,0,1,0,0.0,0.003826500260526257
87,frozen,42,0,3,0,0,-1.0,-1.0,1,0,1,0,0.0,0.003826500260526257
88,frozen,42,2,5,1,0,-1.0,-1.0,1,0,1,0,0.0,0.003826500260526257
89,frozen,42,6,3,0,0,-1.0,-1.0,1,0,1,0,0.0,0.003826500260526257
90,frozen,42,7,3,0,0,-1.0,-1.0,1,0,1,0,0.0,0.003826500260526257
91,frozen,42,3,3,0,1,1.0,1.0,0,nan,nan,nan,0.0,0.003826500260526257
92,frozen,42,7,4,1,0,-1.0,-1.0,1,1,0,0,0.0,0.003826500260526257
93,frozen,42,7,3,0,0,-1.0,-1.0,1,0,1,0,0.0,0.003826500260526257
94,frozen,42,3,3,0,1,1.0,1.0,0,nan,nan,nan,0.0,0.003826500260526257
95,frozen,42,8,2,0,0,-1.0,-1.0,1,1,0,0,0.0,0.003826500260526257
96,frozen,42,2,3,0,1,1.0,1.0,0,nan,nan,nan,0.0,0.003826500260526257
97,frozen,42,2,4,1,0,-1.0,-1.0,1,1,0,0,0.0,0.003826500260526257
98,frozen,42,6,3,0,0,-1.0,-1.0,1,0,1,0,0.0,0.003826500260526257
99,frozen,42,5,5,1,1,1.0,1.0,0,nan,nan,nan,0.0,0.003826500260526257
100,frozen,42,1,4,0,0,-1.0,-1.0,1,1,0,0,0.0,0.003826500260526257
101,frozen,42,7,3,0,0,-1.0,-1.0,1,0,1,0,0.0,0.003826500260526257
102,frozen,42,1,5,1,0,-1.0,-1.0,1,0,1,0,0.0,0.003826500260526257
103,frozen,42,7,5,1,0,-1.0,-1.0,1,0,1,0,0.0,0.003826500260526257
104,frozen,42,0,3,0,0,-1.0,-1.0,1,0,1,0,0.0,0.003826500260526257
105,frozen,42,7,3,0,0,-1.0,-1.0,1,0,1,0,0.0,0.003826500260526257
106,frozen,42,7,3,0,0,-1.0,-1.0,1,0,1,0,0.0,0.003826500260526257
107,frozen,42,7,5,1,0,-1.0,-1.0,1,0,1,0,0.0,0.003826500260526257
108,frozen,42,5,5,1,1,1.0,1.0,0,nan,nan,nan,0.0,0.003826500260526257
109,frozen,42,4,4,0,1,1.0,1.0,0,nan,nan,nan,0.0,0.003826500260526257
110,frozen,42,6,3,0,0,-1.0,-1.0,1,2,0,0,0.0,0.003826500260526257
111,frozen,42,2,5,1,0,-1.0,-1.0,1,0,1,0,0.0,0.003826500260526257
112,frozen,42,7,3,0,0,-1.0,-1.0,1,0,1,0,0.0,0.003826500260526257
113,frozen,42,5,5,1,1,1.0,1.0,0,nan,nan,nan,0.0,0.003826500260526257
114,frozen,42,4,6,1,0,-1.0,-1.0,1,1,0,0,0.0,0.003826500260526257
115,frozen,42,4,3,0,1,1.0,1.0,0,nan,nan,nan,0.0,0.003826500260526257
116,frozen,42,5,2,0,0,-1.0,-1.0,1,1,0,0,0.0,0.003826500260526257
117,frozen,42,0,3,0,0,-1.0,-1.0,1,0,1,0,0.0,0.003826500260526257
118,frozen,42,1,5,1,0,-1.0,-1.0,1,0,1,0,0.0,0.003826500260526257
119,frozen,42,2,5,1,0,-1.0,-1.0,1,0,1,0,0.0,0.003826500260526257
120,frozen,42,1,3,0,0,-1.0,-1.0,1,0,1,0,0.0,0.003826500260526257
121,frozen,42,3,5,1,0,-1.0,-1.0,1,0,1,0,0.0,0.003826500260526257
122,frozen,42,6,3,0,0,-1.0,-1.0,1,0,1,0,0.0,0.003826500260526257
123,frozen,42,5,5,1,1,1.0,1.0,0,nan,nan,nan,0.0,0.003826500260526257
124,frozen,42,4,6,1,0,-1.0,-1.0,1,1,0,0,0.0,0.003826500260526257
125,frozen,42,7,3,0,0,-1.0,-1.0,1,0,1,0,0.0,0.003826500260526257
126,frozen,42,5,3,0,0,-1.0,-1.0,1,0,1,0,0.0,0.003826500260526257
127,frozen,42,0,3,0,0,-1.0,-1.0,1,0,1,0,0.0,0.003826500260526257
128,frozen,42,6,3,0,0,-1.0,-1.0,1,0,1,0,0.0,0.003826500260526257
129,frozen,42,5,3,0,0,-1.0,-1.0,1,0,1,0,0.0,0.003826500260526257
130,frozen,42,5,5,1,1,1.0,1.0,0,nan,nan,nan,0.0,0.003826500260526257
131,frozen,42,5,4,0,1,1.0,1.0,0,nan,nan,nan,0.0,0.003826500260526257
132,frozen,42,4,3,0,1,1.0,1.0,0,nan,nan,nan,0.0,0.003826500260526257
133,frozen,42,0,4,1,0,-1.0,-1.0,1,3,0,1,0.0,0.003826500260526257
134,frozen,42,5,3,0,0,-1.0,-1.0,1,0,1,0,0.0,0.003826500260526257
135,frozen,42,7,5,1,0,-1.0,-1.0,1,0,1,0,0.0,0.003826500260526257
136,frozen,42,2,5,1,0,-1.0,-1.0,1,0,1,0,0.0,0.003826500260526257
137,frozen,42,5,3,0,0,-1.0,-1.0,1,0,1,0,0.0,0.003826500260526257
138,frozen,42,0,3,0,0,-1.0,-1.0,1,0,1,0,0.0,0.003826500260526257
139,frozen,42,3,3,0,1,1.0,1.0,0,nan,nan,nan,0.0,0.003826500260526257
140,frozen,42,3,2,0,1,1.0,1.0,0,nan,nan,nan,0.0,0.003826500260526257
141,frozen,42,8,3,1,0,-1.0,-1.0,1,2,0,0,0.0,0.003826500260526257
142,frozen,42,1,5,1,0,-1.0,-1.0,1,0,1,0,0.0,0.003826500260526257
143,frozen,42,2,3,0,1,1.0,1.0,0,nan,nan,nan,0.0,0.003826500260526257
144,frozen,42,3,2,0,1,1.0,1.0,0,nan,nan,nan,0.0,0.003826500260526257
145,frozen,42,8,1,0,0,-1.0,-1.0,1,2,0,0,0.0,0.003826500260526257
146,frozen,42,7,5,1,0,-1.0,-1.0,1,0,1,0,0.0,0.003826500260526257
147,frozen,42,0,3,0,0,-1.0,-1.0,1,0,1,0,0.0,0.003826500260526257
148,frozen,42,2,5,1,0,-1.0,-1.0,1,0,1,0,0.0,0.003826500260526257
149,frozen,42,7,5,1,0,-1.0,-1.0,1,0,1,0,0.0,0.003826500260526257
150,frozen,42,0,3,0,0,-1.0,-1.0,1,0,1,0,0.0,0.003826500260526257
151,frozen,42,7,3,0,0,-1.0,-1.0,1,0,1,0,0.0,0.003826500260526257
152,frozen,42,2,3,0,1,1.0,1.0,0,nan,nan,nan,0.0,0.003826500260526257
153,frozen,42,8,4,1,0,-1.0,-1.0,1,1,0,0,0.0,0.003826500260526257
154,frozen,42,2,5,1,0,-1.0,-1.0,1,0,1,0,0.0,0.003826500260526257
155,frozen,42,3,5,1,0,-1.0,-1.0,1,0,1,0,0.0,0.003826500260526257
156,frozen,42,5,3,0,0,-1.0,-1.0,1,0,1,0,0.0,0.003826500260526257
157,frozen,42,1,5,1,0,-1.0,-1.0,1,0,1,0,0.0,0.003826500260526257
158,frozen,42,5,5,1,1,1.0,1.0,0,nan,nan,nan,0.0,0.003826500260526257
159,frozen,42,4,6,1,0,-1.0,-1.0,1,1,0,0,0.0,0.003826500260526257
160,frozen,42,7,5,1,0,-1.0,-1.0,1,0,1,0,0.0,0.003826500260526257
161,frozen,42,8,3,0,0,-1.0,-1.0,1,0,1,0,0.0,0.003826500260526257
162,frozen,42,5,5,1,1,1.0,1.0,0,nan,nan,nan,0.0,0.003826500260526257
163,frozen,42,3,4,0,1,1.0,1.0,0,nan,nan,nan,0.0,0.003826500260526257
164,frozen,42,3,3,0,1,1.0,1.0,0,nan,nan,nan,0.0,0.003826500260526257
165,frozen,42,3,2,0,1,1.0,1.0,0,nan,nan,nan,0.0,0.003826500260526257
166,frozen,42,7,1,0,0,-1.0,-1.0,1,4,0,1,0.0,0.003826500260526257
167,frozen,42,2,5,1,0,-1.0,-1.0,1,0,1,0,0.0,0.003826500260526257
168,frozen,42,1,5,1,0,-1.0,-1.0,1,0,1,0,0.0,0.003826500260526257
169,frozen,42,3,5,1,0,-1.0,-1.0,1,0,1,0,0.0,0.003826500260526257
170,frozen,42,0,3,0,0,-1.0,-1.0,1,0,1,0,0.0,0.003826500260526257
171,frozen,42,0,3,0,0,-1.0,-1.0,1,0,1,0,0.0,0.003826500260526257
172,frozen,42,0,3,0,0,-1.0,-1.0,1,0,1,0,0.0,0.003826500260526257
173,frozen,42,6,3,0,0,-1.0,-1.0,1,0,1,0,0.0,0.003826500260526257
174,frozen,42,6,3,0,0,-1.0,-1.0,1,0,1,0,0.0,0.003826500260526257
175,frozen,42,6,3,0,0,-1.0,-1.0,1,0,1,0,0.0,0.003826500260526257
176,frozen,42,4,3,0,1,1.0,1.0,0,nan,nan,nan,0.0,0.003826500260526257
177,frozen,42,6,4,1,0,-1.0,-1.0,1,1,0,0,0.0,0.003826500260526257
178,frozen,42,1,5,1,0,-1.0,-1.0,1,0,1,0,0.0,0.003826500260526257
179,frozen,42,8,5,1,0,-1.0,-1.0,1,0,1,0,0.0,0.003826500260526257
180,frozen,42,4,3,0,1,1.0,1.0,0,nan,nan,nan,0.0,0.003826500260526257
181,frozen,42,8,4,1,0,-1.0,-1.0,1,1,0,0,0.0,0.003826500260526257
182,frozen,42,1,5,1,0,-1.0,-1.0,1,0,1,0,0.0,0.003826500260526257
183,frozen,42,4,3,0,1,1.0,1.0,0,nan,nan,nan,0.0,0.003826500260526257
184,frozen,42,6,2,0,0,-1.0,-1.0,1,1,0,0,0.0,0.003826500260526257
185,frozen,42,4,3,0,1,1.0,1.0,0,nan,nan,nan,0.0,0.003826500260526257
186,frozen,42,4,2,0,0,-1.0,-1.0,1,1,0,0,0.0,0.003826500260526257
187,frozen,42,1,5,1,0,-1.0,-1.0,1,0,1,0,0.0,0.003826500260526257
188,frozen,42,3,5,1,0,-1.0,-1.0,1,0,1,0,0.0,0.003826500260526257
189,frozen,42,2,3,0,1,1.0,1.0,0,nan,nan,nan,0.0,0.003826500260526257
190,frozen,42,2,4,1,0,-1.0,-1.0,1,1,0,0,0.0,0.003826500260526257
191,frozen,42,6,3,0,0,-1.0,-1.0,1,0,1,0,0.0,0.003826500260526257
192,frozen,42,5,3,0,0,-1.0,-1.0,1,0,1,0,0.0,0.003826500260526257
193,frozen,42,5,3,0,0,-1.0,-1.0,1,0,1,0,0.0,0.003826500260526257
194,frozen,42,3,3,0,1,1.0,1.0,0,nan,nan,nan,0.0,0.003826500260526257
195,frozen,42,8,2,0,0,-1.0,-1.0,1,1,0,0,0.0,0.003826500260526257
196,frozen,42,0,5,1,0,-1.0,-1.0,1,0,1,0,0.0,0.003826500260526257
197,frozen,42,3,3,0,1,1.0,1.0,0,nan,nan,nan,0.0,0.003826500260526257
198,frozen,42,1,2,0,1,1.0,1.0,0,nan,nan,nan,0.0,0.003826500260526257
199,frozen,42,3,1,0,0,-1.0,-1.0,1,2,0,0,0.0,0.003826500260526257
200,frozen,42,8,5,1,0,-1.0,-1.0,1,0,1,0,0.0,0.003826500260526257
201,frozen,42,3,5,1,0,-1.0,-1.0,1,0,1,0,0.0,0.003826500260526257
202,frozen,42,8,5,1,0,-1.0,-1.0,1,0,1,0,0.0,0.003826500260526257
203,frozen,42,4,3,0,1,1.0,1.0,0,nan,nan,nan,0.0,0.003826500260526257
204,frozen,42,6,4,1,0,-1.0,-1.0,1,1,0,0,0.0,0.003826500260526257
205,frozen,42,4,3,0,1,1.0,1.0,0,nan,nan,nan,0.0,0.003826500260526257
206,frozen,42,2,2,0,1,1.0,1.0,0,nan,nan,nan,0.0,0.003826500260526257
207,frozen,42,6,1,0,0,-1.0,-1.0,1,2,0,0,0.0,0.003826500260526257
208,frozen,42,8,3,0,0,-1.0,-1.0,1,0,1,0,0.0,0.003826500260526257
209,frozen,42,2,3,0,1,1.0,1.0,0,nan,nan,nan,0.0,0.003826500260526257
210,frozen,42,7,2,0,0,-1.0,-1.0,1,1,0,0,0.0,0.003826500260526257
211,frozen,42,2,3,0,1,1.0,1.0,0,nan,nan,nan,0.0,0.003826500260526257
212,frozen,42,6,2,0,0,-1.0,-1.0,1,1,0,0,0.0,0.003826500260526257
213,frozen,42,7,5,1,0,-1.0,-1.0,1,0,1,0,0.0,0.003826500260526257
214,frozen,42,4,3,0,1,1.0,1.0,0,nan,nan,nan,0.0,0.003826500260526257
215,frozen,42,6,4,1,0,-1.0,-1.0,1,1,0,0,0.0,0.003826500260526257
216,frozen,42,2,3,0,1,1.0,1.0,0,nan,nan,nan,0.0,0.003826500260526257
217,frozen,42,0,4,1,0,-1.0,-1.0,1,1,0,0,0.0,0.003826500260526257
218,frozen,42,0,3,0,0,-1.0,-1.0,1,0,1,0,0.0,0.003826500260526257
219,frozen,42,4,3,0,1,1.0,1.0,0,nan,nan,nan,0.0,0.003826500260526257
220,frozen,42,8,4,1,0,-1.0,-1.0,1,1,0,0,0.0,0.003826500260526257
221,frozen,42,1,5,1,0,-1.0,-1.0,1,0,1,0,0.0,0.003826500260526257
222,frozen,42,4,3,0,1,1.0,1.0,0,nan,nan,nan,0.0,0.003826500260526257
223,frozen,42,6,4,1,0,-1.0,-1.0,1,1,0,0,0.0,0.003826500260526257
224,frozen,42,1,5,1,0,-1.0,-1.0,1,0,1,0,0.0,0.003826500260526257
225,frozen,42,6,3,0,0,-1.0,-1.0,1,0,1,0,0.0,0.003826500260526257
226,frozen,42,2,5,1,0,-1.0,-1.0,1,0,1,0,0.0,0.003826500260526257
227,frozen,42,7,5,1,0,-1.0,-1.0,1,0,1,0,0.0,0.003826500260526257
228,frozen,42,5,5,1,1,1.0,1.0,0,nan,nan,nan,0.0,0.003826500260526257
229,frozen,42,4,4,0,1,1.0,1.0,0,nan,nan,nan,0.0,0.003826500260526257
230,frozen,42,1,5,1,0,-1.0,-1.0,1,2,0,0,0.0,0.003826500260526257
231,frozen,42,4,3,0,1,1.0,1.0,0,nan,nan,nan,0.0,0.003826500260526257
232,frozen,42,7,2,0,0,-1.0,-1.0,1,1,0,0,0.0,0.003826500260526257
233,frozen,42,0,3,0,0,-1.0,-1.0,1,0,1,0,0.0,0.003826500260526257
234,frozen,42,6,3,0,0,-1.0,-1.0,1,0,1,0,0.0,0.003826500260526257
235,frozen,42,4,3,0,1,1.0,1.0,0,nan,nan,nan,0.0,0.003826500260526257
236,frozen,42,6,2,0,0,-1.0,-1.0,1,1,0,0,0.0,0.003826500260526257
237,frozen,42,5,5,1,1,1.0,1.0,0,nan,nan,nan,0.0,0.003826500260526257
238,frozen,42,3,4,0,1,1.0,1.0,0,nan,nan,nan,0.0,0.003826500260526257
239,frozen,42,2,5,1,0,-1.0,-1.0,1,2,0,0,0.0,0.003826500260526257
240,frozen,42,5,3,0,0,-1.0,-1.0,1,0,1,0,0.0,0.003826500260526257
241,frozen,42,1,5,1,0,-1.0,-1.0,1,0,1,0,0.0,0.003826500260526257
242,frozen,42,5,3,0,0,-1.0,-1.0,1,0,1,0,0.0,0.003826500260526257
243,frozen,42,0,3,0,0,-1.0,-1.0,1,0,1,0,0.0,0.003826500260526257
244,frozen,42,5,3,0,0,-1.0,-1.0,1,0,1,0,0.0,0.003826500260526257
245,frozen,42,5,3,0,0,-1.0,-1.0,1,0,1,0,0.0,0.003826500260526257
246,frozen,42,0,3,0,0,-1.0,-1.0,1,0,1,0,0.0,0.003826500260526257
247,frozen,42,6,3,0,0,-1.0,-1.0,1,0,1,0,0.0,0.003826500260526257
248,frozen,42,3,3,0,1,1.0,1.0,0,nan,nan,nan,0.0,0.003826500260526257
249,frozen,42,7,4,1,0,-1.0,-1.0,1,1,0,0,0.0,0.003826500260526257
250,frozen,42,0,3,0,0,-1.0,-1.0,1,0,1,0,0.0,0.003826500260526257
251,frozen,42,1,5,1,0,-1.0,-1.0,1,0,1,0,0.0,0.003826500260526257
252,frozen,42,4,3,0,1,1.0,1.0,0,nan,nan,nan,0.0,0.003826500260526257
253,frozen,42,1,4,1,0,-1.0,-1.0,1,1,0,0,0.0,0.003826500260526257
254,frozen,42,2,3,0,1,1.0,1.0,0,nan,nan,nan,0.0,0.003826500260526257
255,frozen,42,5,2,0,0,-1.0,-1.0,1,1,0,0,0.0,0.003826500260526257
256,frozen,42,1,5,1,0,-1.0,-1.0,1,0,1,0,0.0,0.003826500260526257
257,frozen,42,6,3,0,0,-1.0,-1.0,1,0,1,0,0.0,0.003826500260526257
258,frozen,42,0,3,0,0,-1.0,-1.0,1,0,1,0,0.0,0.003826500260526257
259,frozen,42,1,5,1,0,-1.0,-1.0,1,0,1,0,0.0,0.003826500260526257
260,frozen,42,5,3,0,0,-1.0,-1.0,1,0,1,0,0.0,0.003826500260526257
261,frozen,42,7,3,0,0,-1.0,-1.0,1,0,1,0,0.0,0.003826500260526257
262,frozen,42,1,3,0,0,-1.0,-1.0,1,0,1,0,0.0,0.003826500260526257
263,frozen,42,2,5,1,0,-1.0,-1.0,1,0,1,0,0.0,0.003826500260526257
264,frozen,42,8,3,0,0,-1.0,-1.0,1,0,1,0,0.0,0.003826500260526257
265,frozen,42,8,5,1,0,-1.0,-1.0,1,0,1,0,0.0,0.003826500260526257
266,frozen,42,5,3,0,0,-1.0,-1.0,1,0,1,0,0.0,0.003826500260526257
267,frozen,42,4,3,0,1,1.0,1.0,0,nan,nan,nan,0.0,0.003826500260526257
268,frozen,42,3,2,0,1,1.0,1.0,0,nan,nan,nan,0.0,0.003826500260526257
269,frozen,42,5,1,0,0,-1.0,-1.0,1,2,0,0,0.0,0.003826500260526257
270,frozen,42,5,5,1,1,1.0,1.0,0,nan,nan,nan,0.0,0.003826500260526257
271,frozen,42,2,6,1,0,-1.0,-1.0,1,1,0,0,0.0,0.003826500260526257
272,frozen,42,0,3,0,0,-1.0,-1.0,1,0,1,0,0.0,0.003826500260526257
273,frozen,42,1,5,1,0,-1.0,-1.0,1,0,1,0,0.0,0.003826500260526257
274,frozen,42,8,3,0,0,-1.0,-1.0,1,0,1,0,0.0,0.003826500260526257
275,frozen,42,3,3,0,1,1.0,1.0,0,nan,nan,nan,0.0,0.003826500260526257
276,frozen,42,4,2,0,0,-1.0,-1.0,1,1,0,0,0.0,0.003826500260526257
277,frozen,42,4,3,0,1,1.0,1.0,0,nan,nan,nan,0.0,0.003826500260526257
278,frozen,42,7,4,1,0,-1.0,-1.0,1,1,0,0,0.0,0.003826500260526257
279,frozen,42,0,3,0,0,-1.0,-1.0,1,0,1,0,0.0,0.003826500260526257
280,frozen,42,0,3,0,0,-1.0,-1.0,1,0,1,0,0.0,0.003826500260526257
281,frozen,42,2,5,1,0,-1.0,-1.0,1,0,1,0,0.0,0.003826500260526257
282,frozen,42,4,5,1,1,1.0,1.0,0,nan,nan,nan,0.0,0.003826500260526257
283,frozen,42,6,6,1,1,1.0,1.0,0,nan,nan,nan,0.0,0.003826500260526257
284,frozen,42,4,5,0,1,1.0,1.0,0,nan,nan,nan,0.0,0.003826500260526257
285,frozen,42,3,4,0,1,1.0,1.0,0,nan,nan,nan,0.0,0.003826500260526257
286,frozen,42,8,5,1,0,-1.0,-1.0,1,4,0,1,0.0,0.003826500260526257
287,frozen,42,1,5,1,0,-1.0,-1.0,1,0,1,0,0.0,0.003826500260526257
288,frozen,42,5,5,1,1,1.0,1.0,0,nan,nan,nan,0.0,0.003826500260526257
289,frozen,42,4,6,1,0,-1.0,-1.0,1,1,0,0,0.0,0.003826500260526257
290,frozen,42,4,3,0,1,1.0,1.0,0,nan,nan,nan,0.0,0.003826500260526257
291,frozen,42,7,4,1,0,-1.0,-1.0,1,1,0,0,0.0,0.003826500260526257
292,frozen,42,2,5,1,0,-1.0,-1.0,1,0,1,0,0.0,0.003826500260526257
293,frozen,42,8,3,0,0,-1.0,-1.0,1,0,1,0,0.0,0.003826500260526257
294,frozen,42,2,5,1,0,-1.0,-1.0,1,0,1,0,0.0,0.003826500260526257
295,frozen,42,4,3,0,1,1.0,1.0,0,nan,nan,nan,0.0,0.003826500260526257
296,frozen,42,4,4,1,1,1.0,1.0,0,nan,nan,nan,0.0,0.003826500260526257
297,frozen,42,7,5,1,0,-1.0,-1.0,1,2,0,0,0.0,0.003826500260526257
298,frozen,42,3,5,1,0,-1.0,-1.0,1,0,1,0,0.0,0.003826500260526257
299,frozen,42,2,5,1,0,-1.0,-1.0,1,0,1,0,0.0,0.003826500260526257
300,frozen,42,0,3,0,0,-1.0,-1.0,1,0,1,0,0.0,0.003826500260526257
301,frozen,42,3,5,1,0,-1.0,-1.0,1,0,1,0,0.0,0.003826500260526257
302,frozen,42,7,5,1,0,-1.0,-1.0,1,0,1,0,0.0,0.003826500260526257
303,frozen,42,0,3,0,0,-1.0,-1.0,1,0,1,0,0.0,0.003826500260526257
304,frozen,42,8,3,0,0,-1.0,-1.0,1,0,1,0,0.0,0.003826500260526257
305,frozen,42,4,5,1,1,1.0,1.0,0,nan,nan,nan,0.0,0.003826500260526257
306,frozen,42,1,4,0,0,-1.0,-1.0,1,1,0,0,0.0,0.003826500260526257
307,frozen,42,2,5,1,0,-1.0,-1.0,1,0,1,0,0.0,0.003826500260526257
308,frozen,42,4,3,0,1,1.0,1.0,0,nan,nan,nan,0.0,0.003826500260526257
309,frozen,42,2,4,1,0,-1.0,-1.0,1,1,0,0,0.0,0.003826500260526257
310,frozen,42,0,3,0,0,-1.0,-1.0,1,0,1,0,0.0,0.003826500260526257
311,frozen,42,5,5,1,1,1.0,1.0,0,nan,nan,nan,0.0,0.003826500260526257
312,frozen,42,6,6,1,1,1.0,1.0,0,nan,nan,nan,0.0,0.003826500260526257
313,frozen,42,1,5,0,0,-1.0,-1.0,1,2,0,0,0.0,0.003826500260526257
314,frozen,42,2,3,0,1,1.0,1.0,0,nan,nan,nan,0.0,0.003826500260526257
315,frozen,42,2,4,1,0,-1.0,-1.0,1,1,0,0,0.0,0.003826500260526257
316,frozen,42,5,3,0,0,-1.0,-1.0,1,0,1,0,0.0,0.003826500260526257
317,frozen,42,6,3,0,0,-1.0,-1.0,1,0,1,0,0.0,0.003826500260526257
318,frozen,42,6,3,0,0,-1.0,-1.0,1,0,1,0,0.0,0.003826500260526257
319,frozen,42,8,3,0,0,-1.0,-1.0,1,0,1,0,0.0,0.003826500260526257
320,frozen,42,6,3,0,0,-1.0,-1.0,1,0,1,0,0.0,0.003826500260526257
321,frozen,42,2,3,0,1,1.0,1.0,0,nan,nan,nan,0.0,0.003826500260526257
322,frozen,42,0,4,1,0,-1.0,-1.0,1,1,0,0,0.0,0.003826500260526257
323,frozen,42,5,3,0,0,-1.0,-1.0,1,0,1,0,0.0,0.003826500260526257
324,frozen,42,8,3,0,0,-1.0,-1.0,1,0,1,0,0.0,0.003826500260526257
325,frozen,42,8,5,1,0,-1.0,-1.0,1,0,1,0,0.0,0.003826500260526257
326,frozen,42,2,3,0,1,1.0,1.0,0,nan,nan,nan,0.0,0.003826500260526257
327,frozen,42,2,4,1,0,-1.0,-1.0,1,1,0,0,0.0,0.003826500260526257
328,frozen,42,0,3,0,0,-1.0,-1.0,1,0,1,0,0.0,0.003826500260526257
329,frozen,42,1,5,1,0,-1.0,-1.0,1,0,1,0,0.0,0.003826500260526257
330,frozen,42,4,3,0,1,1.0,1.0,0,nan,nan,nan,0.0,0.003826500260526257
331,frozen,42,4,4,1,1,1.0,1.0,0,nan,nan,nan,0.0,0.003826500260526257
332,frozen,42,3,3,0,1,1.0,1.0,0,nan,nan,nan,0.0,0.003826500260526257
333,frozen,42,2,2,0,1,1.0,1.0,0,nan,nan,nan,0.0,0.003826500260526257
334,frozen,42,7,1,0,0,-1.0,-1.0,1,4,0,1,0.0,0.003826500260526257
335,frozen,42,4,5,1,1,1.0,1.0,0,nan,nan,nan,0.0,0.003826500260526257
336,frozen,42,7,4,0,0,-1.0,-1.0,1,1,0,0,0.0,0.003826500260526257
337,frozen,42,8,5,1,0,-1.0,-1.0,1,0,1,0,0.0,0.003826500260526257
338,frozen,42,2,3,0,1,1.0,1.0,0,nan,nan,nan,0.0,0.003826500260526257
339,frozen,42,1,2,0,1,1.0,1.0,0,nan,nan,nan,0.0,0.003826500260526257
340,frozen,42,8,1,0,0,-1.0,-1.0,1,2,0,0,0.0,0.003826500260526257
341,frozen,42,5,3,0,0,-1.0,-1.0,1,0,1,0,0.0,0.003826500260526257
342,frozen,42,2,3,0,1,1.0,1.0,0,nan,nan,nan,0.0,0.003826500260526257
343,frozen,42,5,2,0,0,-1.0,-1.0,1,1,0,0,0.0,0.003826500260526257
344,frozen,42,4,3,0,1,1.0,1.0,0,nan,nan,nan,0.0,0.003826500260526257
345,frozen,42,8,4,1,0,-1.0,-1.0,1,1,0,0,0.0,0.003826500260526257
346,frozen,42,2,5,1,0,-1.0,-1.0,1,0,1,0,0.0,0.003826500260526257
347,frozen,42,8,5,1,0,-1.0,-1.0,1,0,1,0,0.0,0.003826500260526257
348,frozen,42,8,5,1,0,-1.0,-1.0,1,0,1,0,0.0,0.003826500260526257
349,frozen,42,1,5,1,0,-1.0,-1.0,1,0,1,0,0.0,0.003826500260526257
350,frozen,42,1,5,1,0,-1.0,-1.0,1,0,1,0,0.0,0.003826500260526257
351,frozen,42,4,3,0,1,1.0,1.0,0,nan,nan,nan,0.0,0.003826500260526257
352,frozen,42,0,4,1,0,-1.0,-1.0,1,1,0,0,0.0,0.003826500260526257
353,frozen,42,2,5,1,0,-1.0,-1.0,1,0,1,0,0.0,0.003826500260526257
354,frozen,42,3,5,1,0,-1.0,-1.0,1,0,1,0,0.0,0.003826500260526257
355,frozen,42,8,3,0,0,-1.0,-1.0,1,0,1,0,0.0,0.003826500260526257
356,frozen,42,8,5,1,0,-1.0,-1.0,1,0,1,0,0.0,0.003826500260526257
357,frozen,42,1,5,1,0,-1.0,-1.0,1,0,1,0,0.0,0.003826500260526257
358,frozen,42,8,5,1,0,-1.0,-1.0,1,0,1,0,0.0,0.003826500260526257
359,frozen,42,0,3,0,0,-1.0,-1.0,1,0,1,0,0.0,0.003826500260526257
360,frozen,42,6,3,0,0,-1.0,-1.0,1,0,1,0,0.0,0.003826500260526257
361,frozen,42,7,3,0,0,-1.0,-1.0,1,0,1,0,0.0,0.003826500260526257
362,frozen,42,8,5,1,0,-1.0,-1.0,1,0,1,0,0.0,0.003826500260526257
363,frozen,42,2,3,0,1,1.0,1.0,0,nan,nan,nan,0.0,0.003826500260526257
364,frozen,42,8,2,0,0,-1.0,-1.0,1,1,0,0,0.0,0.003826500260526257
365,frozen,42,1,5,1,0,-1.0,-1.0,1,0,1,0,0.0,0.003826500260526257
366,frozen,42,4,3,0,1,1.0,1.0,0,nan,nan,nan,0.0,0.003826500260526257
367,frozen,42,4,2,0,0,-1.0,-1.0,1,1,0,0,0.0,0.003826500260526257
368,frozen,42,2,3,0,1,1.0,1.0,0,nan,nan,nan,0.0,0.003826500260526257
369,frozen,42,0,4,1,0,-1.0,-1.0,1,1,0,0,0.0,0.003826500260526257
370,frozen,42,6,3,0,0,-1.0,-1.0,1,0,1,0,0.0,0.003826500260526257
371,frozen,42,3,5,1,0,-1.0,-1.0,1,0,1,0,0.0,0.003826500260526257
372,frozen,42,5,3,0,0,-1.0,-1.0,1,0,1,0,0.0,0.003826500260526257
373,frozen,42,3,5,1,0,-1.0,-1.0,1,0,1,0,0.0,0.003826500260526257
374,frozen,42,3,3,0,1,1.0,1.0,0,nan,nan,nan,0.0,0.003826500260526257
375,frozen,42,7,4,1,0,-1.0,-1.0,1,1,0,0,0.0,0.003826500260526257
376,frozen,42,0,3,0,0,-1.0,-1.0,1,0,1,0,0.0,0.003826500260526257
377,frozen,42,6,3,0,0,-1.0,-1.0,1,0,1,0,0.0,0.003826500260526257
378,frozen,42,6,3,0,0,-1.0,-1.0,1,0,1,0,0.0,0.003826500260526257
379,frozen,42,3,5,1,0,-1.0,-1.0,1,0,1,0,0.0,0.003826500260526257
380,frozen,42,2,5,1,0,-1.0,-1.0,1,0,1,0,0.0,0.003826500260526257
381,frozen,42,0,3,0,0,-1.0,-1.0,1,0,1,0,0.0,0.003826500260526257
382,frozen,42,8,5,1,0,-1.0,-1.0,1,0,1,0,0.0,0.003826500260526257
383,frozen,42,8,5,1,0,-1.0,-1.0,1,0,1,0,0.0,0.003826500260526257
384,frozen,42,2,5,1,0,-1.0,-1.0,1,0,1,0,0.0,0.003826500260526257
385,frozen,42,0,3,0,0,-1.0,-1.0,1,0,1,0,0.0,0.003826500260526257
386,frozen,42,1,5,1,0,-1.0,-1.0,1,0,1,0,0.0,0.003826500260526257
387,frozen,42,0,3,0,0,-1.0,-1.0,1,0,1,0,0.0,0.003826500260526257
388,frozen,42,7,3,0,0,-1.0,-1.0,1,0,1,0,0.0,0.003826500260526257
389,frozen,42,8,3,0,0,-1.0,-1.0,1,0,1,0,0.0,0.003826500260526257
390,frozen,42,1,5,1,0,-1.0,-1.0,1,0,1,0,0.0,0.003826500260526257
391,frozen,42,6,3,0,0,-1.0,-1.0,1,0,1,0,0.0,0.003826500260526257
392,frozen,42,1,5,1,0,-1.0,-1.0,1,0,1,0,0.0,0.003826500260526257
393,frozen,42,3,5,1,0,-1.0,-1.0,1,0,1,0,0.0,0.003826500260526257
394,frozen,42,5,5,1,1,1.0,1.0,0,nan,nan,nan,0.0,0.003826500260526257
395,frozen,42,6,4,0,0,-1.0,-1.0,1,1,0,0,0.0,0.003826500260526257
396,frozen,42,7,5,1,0,-1.0,-1.0,1,0,1,0,0.0,0.003826500260526257
397,frozen,42,0,3,0,0,-1.0,-1.0,1,0,1,0,0.0,0.003826500260526257
398,frozen,42,1,5,1,0,-1.0,-1.0,1,0,1,0,0.0,0.003826500260526257
399,frozen,42,2,3,0,1,1.0,1.0,0,nan,nan,nan,0.0,0.003826500260526257
400,frozen,42,2,2,0,1,1.0,1.0,0,nan,nan,nan,0.0,0.003826500260526257
401,frozen,42,8,1,0,0,-1.0,-1.0,1,2,0,0,0.0,0.003826500260526257
402,frozen,42,6,3,0,0,-1.0,-1.0,1,0,1,0,0.0,0.003826500260526257
403,frozen,42,2,5,1,0,-1.0,-1.0,1,0,1,0,0.0,0.003826500260526257
404,frozen,42,8,3,0,0,-1.0,-1.0,1,0,1,0,0.0,0.003826500260526257
405,frozen,42,4,3,0,1,1.0,1.0,0,nan,nan,nan,0.0,0.003826500260526257
406,frozen,42,4,2,0,0,-1.0,-1.0,1,1,0,0,0.0,0.003826500260526257
407,frozen,42,3,5,1,0,-1.0,-1.0,1,0,1,0,0.0,0.003826500260526257
408,frozen,42,1,5,1,0,-1.0,-1.0,1,0,1,0,0.0,0.003826500260526257
409,frozen,42,8,3,0,0,-1.0,-1.0,1,0,1,0,0.0,0.003826500260526257
410,frozen,42,0,3,0,0,-1.0,-1.0,1,0,1,0,0.0,0.003826500260526257
411,frozen,42,1,5,1,0,-1.0,-1.0,1,0,1,0,0.0,0.003826500260526257
412,frozen,42,2,5,1,0,-1.0,-1.0,1,0,1,0,0.0,0.003826500260526257
413,frozen,42,2,3,0,1,1.0,1.0,0,nan,nan,nan,0.0,0.003826500260526257
414,frozen,42,1,4,1,0,-1.0,-1.0,1,1,0,0,0.0,0.003826500260526257
415,frozen,42,0,3,0,0,-1.0,-1.0,1,0,1,0,0.0,0.003826500260526257
416,frozen,42,6,3,0,0,-1.0,-1.0,1,0,1,0,0.0,0.003826500260526257
417,frozen,42,8,5,1,0,-1.0,-1.0,1,0,1,0,0.0,0.003826500260526257
418,frozen,42,1,5,1,0,-1.0,-1.0,1,0,1,0,0.0,0.003826500260526257
419,frozen,42,2,5,1,0,-1.0,-1.0,1,0,1,0,0.0,0.003826500260526257
420,frozen,42,4,3,0,1,1.0,1.0,0,nan,nan,nan,0.0,0.003826500260526257
421,frozen,42,8,4,1,0,-1.0,-1.0,1,1,0,0,0.0,0.003826500260526257
422,frozen,42,6,5,1,1,1.0,1.0,0,nan,nan,nan,0.0,0.003826500260526257
423,frozen,42,6,6,1,1,1.0,1.0,0,nan,nan,nan,0.0,0.003826500260526257
424,frozen,42,5,5,0,1,1.0,1.0,0,nan,nan,nan,0.0,0.003826500260526257
425,frozen,42,3,6,1,0,-1.0,-1.0,1,3,0,1,0.0,0.003826500260526257
426,frozen,42,1,5,1,0,-1.0,-1.0,1,0,1,0,0.0,0.003826500260526257
427,frozen,42,7,5,1,0,-1.0,-1.0,1,0,1,0,0.0,0.003826500260526257
428,frozen,42,7,5,1,0,-1.0,-1.0,1,0,1,0,0.0,0.003826500260526257
429,frozen,42,0,3,0,0,-1.0,-1.0,1,0,1,0,0.0,0.003826500260526257
430,frozen,42,6,3,0,0,-1.0,-1.0,1,0,1,0,0.0,0.003826500260526257
431,frozen,42,0,3,0,0,-1.0,-1.0,1,0,1,0,0.0,0.003826500260526257
432,frozen,42,6,3,0,0,-1.0,-1.0,1,0,1,0,0.0,0.003826500260526257
433,frozen,42,7,5,1,0,-1.0,-1.0,1,0,1,0,0.0,0.003826500260526257
434,frozen,42,1,5,1,0,-1.0,-1.0,1,0,1,0,0.0,0.003826500260526257
435,frozen,42,3,5,1,0,-1.0,-1.0,1,0,1,0,0.0,0.003826500260526257
436,frozen,42,1,5,1,0,-1.0,-1.0,1,0,1,0,0.0,0.003826500260526257
437,frozen,42,5,5,1,1,1.0,1.0,0,nan,nan,nan,0.0,0.003826500260526257
438,frozen,42,8,4,0,0,-1.0,-1.0,1,1,0,0,0.0,0.003826500260526257
439,frozen,42,0,3,0,0,-1.0,-1.0,1,0,1,0,0.0,0.003826500260526257
440,frozen,42,3,5,1,0,-1.0,-1.0,1,0,1,0,0.0,0.003826500260526257
441,frozen,42,8,3,0,0,-1.0,-1.0,1,0,1,0,0.0,0.003826500260526257
442,frozen,42,2,3,0,1,1.0,1.0,0,nan,nan,nan,0.0,0.003826500260526257
443,frozen,42,1,4,1,0,-1.0,-1.0,1,1,0,0,0.0,0.003826500260526257
444,frozen,42,4,3,0,1,1.0,1.0,0,nan,nan,nan,0.0,0.003826500260526257
445,frozen,42,4,2,0,0,-1.0,-1.0,1,1,0,0,0.0,0.003826500260526257
446,frozen,42,5,3,0,0,-1.0,-1.0,1,0,1,0,0.0,0.003826500260526257
447,frozen,42,2,5,1,0,-1.0,-1.0,1,0,1,0,0.0,0.003826500260526257
448,frozen,42,8,5,1,0,-1.0,-1.0,1,0,1,0,0.0,0.003826500260526257
449,frozen,42,4,3,0,1,1.0,1.0,0,nan,nan,nan,0.0,0.003826500260526257
450,frozen,42,2,4,1,0,-1.0,-1.0,1,1,0,0,0.0,0.003826500260526257
451,frozen,42,8,5,1,0,-1.0,-1.0,1,0,1,0,0.0,0.003826500260526257
452,frozen,42,8,5,1,0,-1.0,-1.0,1,0,1,0,0.0,0.003826500260526257
453,frozen,42,4,3,0,1,1.0,1.0,0,nan,nan,nan,0.0,0.003826500260526257
454,frozen,42,0,4,1,0,-1.0,-1.0,1,1,0,0,0.0,0.003826500260526257
455,frozen,42,5,3,0,0,-1.0,-1.0,1,0,1,0,0.0,0.003826500260526257
456,frozen,42,4,3,0,1,1.0,1.0,0,nan,nan,nan,0.0,0.003826500260526257
457,frozen,42,1,2,0,1,1.0,1.0,0,nan,nan,nan,0.0,0.003826500260526257
458,frozen,42,5,1,0,0,-1.0,-1.0,1,2,0,0,0.0,0.003826500260526257
459,frozen,42,7,5,1,0,-1.0,-1.0,1,0,1,0,0.0,0.003826500260526257
460,frozen,42,0,3,0,0,-1.0,-1.0,1,0,1,0,0.0,0.003826500260526257
461,frozen,42,6,3,0,0,-1.0,-1.0,1,0,1,0,0.0,0.003826500260526257
462,frozen,42,1,5,1,0,-1.0,-1.0,1,0,1,0,0.0,0.003826500260526257
463,frozen,42,6,3,0,0,-1.0,-1.0,1,0,1,0,0.0,0.003826500260526257
464,frozen,42,3,3,0,1,1.0,1.0,0,nan,nan,nan,0.0,0.003826500260526257
465,frozen,42,0,4,1,0,-1.0,-1.0,1,1,0,0,0.0,0.003826500260526257
466,frozen,42,8,5,1,0,-1.0,-1.0,1,0,1,0,0.0,0.003826500260526257
467,frozen,42,1,5,1,0,-1.0,-1.0,1,0,1,0,0.0,0.003826500260526257
468,frozen,42,5,3,0,0,-1.0,-1.0,1,0,1,0,0.0,0.003826500260526257
469,frozen,42,1,5,1,0,-1.0,-1.0,1,0,1,0,0.0,0.003826500260526257
470,frozen,42,8,5,1,0,-1.0,-1.0,1,0,1,0,0.0,0.003826500260526257
471,frozen,42,6,3,0,0,-1.0,-1.0,1,0,1,0,0.0,0.003826500260526257
472,frozen,42,7,5,1,0,-1.0,-1.0,1,0,1,0,0.0,0.003826500260526257
473,frozen,42,3,3,0,1,1.0,1.0,0,nan,nan,nan,0.0,0.003826500260526257
474,frozen,42,4,4,1,1,1.0,1.0,0,nan,nan,nan,0.0,0.003826500260526257
475,frozen,42,5,5,1,1,1.0,1.0,0,nan,nan,nan,0.0,0.003826500260526257
476,frozen,42,7,4,0,0,-1.0,-1.0,1,3,0,1,0.0,0.003826500260526257
477,frozen,42,7,5,1,0,-1.0,-1.0,1,0,1,0,0.0,0.003826500260526257
478,frozen,42,0,3,0,0,-1.0,-1.0,1,0,1,0,0.0,0.003826500260526257
479,frozen,42,5,5,1,1,1.0,1.0,0,nan,nan,nan,0.0,0.003826500260526257
480,frozen,42,0,4,0,0,-1.0,-1.0,1,1,0,0,0.0,0.003826500260526257
481,frozen,42,2,3,0,1,1.0,1.0,0,nan,nan,nan,0.0,0.003826500260526257
482,frozen,42,7,2,0,0,-1.0,-1.0,1,1,0,0,0.0,0.003826500260526257
483,frozen,42,2,5,1,0,-1.0,-1.0,1,0,1,0,0.0,0.003826500260526257
484,frozen,42,7,3,0,0,-1.0,-1.0,1,0,1,0,0.0,0.003826500260526257
485,frozen,42,4,5,1,1,1.0,1.0,0,nan,nan,nan,0.0,0.003826500260526257
486,frozen,42,2,6,1,0,-1.0,-1.0,1,1,0,0,0.0,0.003826500260526257
487,frozen,42,3,3,0,1,1.0,1.0,0,nan,nan,nan,0.0,0.003826500260526257
488,frozen,42,4,2,0,0,-1.0,-1.0,1,1,0,0,0.0,0.003826500260526257
489,frozen,42,6,3,0,0,-1.0,-1.0,1,0,1,0,0.0,0.003826500260526257
490,frozen,42,5,3,0,0,-1.0,-1.0,1,0,1,0,0.0,0.003826500260526257
491,frozen,42,8,5,1,0,-1.0,-1.0,1,0,1,0,0.0,0.003826500260526257
492,frozen,42,7,5,1,0,-1.0,-1.0,1,0,1,0,0.0,0.003826500260526257
493,frozen,42,6,3,0,0,-1.0,-1.0,1,0,1,0,0.0,0.003826500260526257
494,frozen,42,5,5,1,1,1.0,1.0,0,nan,nan,nan,0.0,0.003826500260526257
495,frozen,42,2,6,1,0,-1.0,-1.0,1,1,0,0,0.0,0.003826500260526257
496,frozen,42,3,5,1,0,-1.0,-1.0,1,0,1,0,0.0,0.003826500260526257
497,frozen,42,1,5,1,0,-1.0,-1.0,1,0,1,0,0.0,0.003826500260526257
498,frozen,42,3,5,1,0,-1.0,-1.0,1,0,1,0,0.0,0.003826500260526257
499,frozen,42,8,5,1,0,-1.0,-1.0,1,0,1,0,0.0,0.003826500260526257
500,frozen,42,3,3,0,1,1.0,1.0,0,nan,nan,nan,0.0,0.003826500260526257
501,frozen,42,1,4,1,0,-1.0,-1.0,1,1,0,0,0.0,0.003826500260526257
502,frozen,42,5,5,1,1,1.0,1.0,0,nan,nan,nan,0.0,0.003826500260526257
503,frozen,42,8,6,1,0,-1.0,-1.0,1,1,0,0,0.0,0.003826500260526257
504,frozen,42,7,5,1,0,-1.0,-1.0,1,0,1,0,0.0,0.003826500260526257
505,frozen,42,2,3,0,1,1.0,1.0,0,nan,nan,nan,0.0,0.003826500260526257
506,frozen,42,4,4,1,1,1.0,1.0,0,nan,nan,nan,0.0,0.003826500260526257
507,frozen,42,4,3,0,1,1.0,1.0,0,nan,nan,nan,0.0,0.003826500260526257
508,frozen,42,2,2,0,1,1.0,1.0,0,nan,nan,nan,0.0,0.003826500260526257
509,frozen,42,2,1,0,1,1.0,1.0,0,nan,nan,nan,0.0,0.003826500260526257
510,frozen,42,2,2,1,1,1.0,1.0,0,nan,nan,nan,0.0,0.003826500260526257
511,frozen,42,8,1,0,0,-1.0,-1.0,1,6,0,1,0.0,0.003826500260526257
512,frozen,42,6,3,0,0,-1.0,-1.0,1,0,1,0,0.0,0.003826500260526257
513,frozen,42,7,5,1,0,-1.0,-1.0,1,0,1,0,0.0,0.003826500260526257
514,frozen,42,7,5,1,0,-1.0,-1.0,1,0,1,0,0.0,0.003826500260526257
515,frozen,42,8,5,1,0,-1.0,-1.0,1,0,1,0,0.0,0.003826500260526257
516,frozen,42,0,3,0,0,-1.0,-1.0,1,0,1,0,0.0,0.003826500260526257
517,frozen,42,7,3,0,0,-1.0,-1.0,1,0,1,0,0.0,0.003826500260526257
518,frozen,42,0,3,0,0,-1.0,-1.0,1,0,1,0,0.0,0.003826500260526257
519,frozen,42,4,3,0,1,1.0,1.0,0,nan,nan,nan,0.0,0.003826500260526257
520,frozen,42,5,2,0,0,-1.0,-1.0,1,1,0,0,0.0,0.003826500260526257
521,frozen,42,3,3,0,1,1.0,1.0,0,nan,nan,nan,0.0,0.003826500260526257
522,frozen,42,1,4,1,0,-1.0,-1.0,1,1,0,0,0.0,0.003826500260526257
523,frozen,42,1,5,1,0,-1.0,-1.0,1,0,1,0,0.0,0.003826500260526257
524,frozen,42,7,3,0,0,-1.0,-1.0,1,0,1,0,0.0,0.003826500260526257
525,frozen,42,2,3,0,1,1.0,1.0,0,nan,nan,nan,0.0,0.003826500260526257
526,frozen,42,2,2,0,1,1.0,1.0,0,nan,nan,nan,0.0,0.003826500260526257
527,frozen,42,8,1,0,0,-1.0,-1.0,1,2,0,0,0.0,0.003826500260526257
528,frozen,42,1,5,1,0,-1.0,-1.0,1,0,1,0,0.0,0.003826500260526257
529,frozen,42,8,3,0,0,-1.0,-1.0,1,0,1,0,0.0,0.003826500260526257
530,frozen,42,8,5,1,0,-1.0,-1.0,1,0,1,0,0.0,0.003826500260526257
531,frozen,42,5,5,1,1,1.0,1.0,0,nan,nan,nan,0.0,0.003826500260526257
532,frozen,42,1,4,0,0,-1.0,-1.0,1,1,0,0,0.0,0.003826500260526257
533,frozen,42,1,5,1,0,-1.0,-1.0,1,0,1,0,0.0,0.003826500260526257
534,frozen,42,2,3,0,1,1.0,1.0,0,nan,nan,nan,0.0,0.003826500260526257
535,frozen,42,5,2,0,0,-1.0,-1.0,1,1,0,0,0.0,0.003826500260526257
536,frozen,42,1,5,1,0,-1.0,-1.0,1,0,1,0,0.0,0.003826500260526257
537,frozen,42,4,3,0,1,1.0,1.0,0,nan,nan,nan,0.0,0.003826500260526257
538,frozen,42,1,4,1,0,-1.0,-1.0,1,1,0,0,0.0,0.003826500260526257
539,frozen,42,4,3,0,1,1.0,1.0,0,nan,nan,nan,0.0,0.003826500260526257
540,frozen,42,0,4,1,0,-1.0,-1.0,1,1,0,0,0.0,0.003826500260526257
541,frozen,42,6,3,0,0,-1.0,-1.0,1,0,1,0,0.0,0.003826500260526257
542,frozen,42,0,5,1,0,-1.0,-1.0,1,0,1,0,0.0,0.003826500260526257
543,frozen,42,1,5,1,0,-1.0,-1.0,1,0,1,0,0.0,0.003826500260526257
544,frozen,42,1,5,1,0,-1.0,-1.0,1,0,1,0,0.0,0.003826500260526257
545,frozen,42,7,3,0,0,-1.0,-1.0,1,0,1,0,0.0,0.003826500260526257
546,frozen,42,0,3,0,0,-1.0,-1.0,1,0,1,0,0.0,0.003826500260526257
547,frozen,42,3,3,0,1,1.0,1.0,0,nan,nan,nan,0.0,0.003826500260526257
548,frozen,42,5,2,0,0,-1.0,-1.0,1,1,0,0,0.0,0.003826500260526257
549,frozen,42,4,3,0,1,1.0,1.0,0,nan,nan,nan,0.0,0.003826500260526257
550,frozen,42,6,2,0,0,-1.0,-1.0,1,1,0,0,0.0,0.003826500260526257
551,frozen,42,7,3,0,0,-1.0,-1.0,1,0,1,0,0.0,0.003826500260526257
552,frozen,42,3,5,1,0,-1.0,-1.0,1,0,1,0,0.0,0.003826500260526257
553,frozen,42,7,5,1,0,-1.0,-1.0,1,0,1,0,0.0,0.003826500260526257
554,frozen,42,2,3,0,1,1.0,1.0,0,nan,nan,nan,0.0,0.003826500260526257
555,frozen,42,8,2,0,0,-1.0,-1.0,1,1,0,0,0.0,0.003826500260526257
556,frozen,42,4,3,0,1,1.0,1.0,0,nan,nan,nan,0.0,0.003826500260526257
557,frozen,42,6,2,0,0,-1.0,-1.0,1,1,0,0,0.0,0.003826500260526257
558,frozen,42,7,3,0,0,-1.0,-1.0,1,0,1,0,0.0,0.003826500260526257
559,frozen,42,7,3,0,0,-1.0,-1.0,1,0,1,0,0.0,0.003826500260526257
560,frozen,42,7,5,1,0,-1.0,-1.0,1,0,1,0,0.0,0.003826500260526257
561,frozen,42,4,3,0,1,1.0,1.0,0,nan,nan,nan,0.0,0.003826500260526257
562,frozen,42,0,4,1,0,-1.0,-1.0,1,1,0,0,0.0,0.003826500260526257
563,frozen,42,4,3,0,1,1.0,1.0,0,nan,nan,nan,0.0,0.003826500260526257
564,frozen,42,1,4,1,0,-1.0,-1.0,1,1,0,0,0.0,0.003826500260526257
565,frozen,42,8,3,0,0,-1.0,-1.0,1,0,1,0,0.0,0.003826500260526257
566,frozen,42,2,5,1,0,-1.0,-1.0,1,0,1,0,0.0,0.003826500260526257
567,frozen,42,2,3,0,1,1.0,1.0,0,nan,nan,nan,0.0,0.003826500260526257
568,frozen,42,2,4,1,0,-1.0,-1.0,1,1,0,0,0.0,0.003826500260526257
569,frozen,42,5,5,1,1,1.0,1.0,0,nan,nan,nan,0.0,0.003826500260526257
570,frozen,42,5,4,0,1,1.0,1.0,0,nan,nan,nan,0.0,0.003826500260526257
571,frozen,42,8,3,0,0,-1.0,-1.0,1,2,0,0,0.0,0.003826500260526257
572,frozen,42,3,3,0,1,1.0,1.0,0,nan,nan,nan,0.0,0.003826500260526257
573,frozen,42,2,4,1,0,-1.0,-1.0,1,1,0,0,0.0,0.003826500260526257
574,frozen,42,0,3,0,0,-1.0,-1.0,1,0,1,0,0.0,0.003826500260526257
575,frozen,42,0,3,0,0,-1.0,-1.0,1,0,1,0,0.0,0.003826500260526257
576,frozen,42,3,3,0,1,1.0,1.0,0,nan,nan,nan,0.0,0.003826500260526257
577,frozen,42,8,2,0,0,-1.0,-1.0,1,1,0,0,0.0,0.003826500260526257
578,frozen,42,4,3,0,1,1.0,1.0,0,nan,nan,nan,0.0,0.003826500260526257
579,frozen,42,8,2,0,0,-1.0,-1.0,1,1,0,0,0.0,0.003826500260526257
580,frozen,42,0,3,0,0,-1.0,-1.0,1,0,1,0,0.0,0.003826500260526257
581,frozen,42,0,3,0,0,-1.0,-1.0,1,0,1,0,0.0,0.003826500260526257
582,frozen,42,7,5,1,0,-1.0,-1.0,1,0,1,0,0.0,0.003826500260526257
583,frozen,42,0,3,0,0,-1.0,-1.0,1,0,1,0,0.0,0.003826500260526257
584,frozen,42,0,3,0,0,-1.0,-1.0,1,0,1,0,0.0,0.003826500260526257
585,frozen,42,3,3,0,1,1.0,1.0,0,nan,nan,nan,0.0,0.003826500260526257
586,frozen,42,8,4,1,0,-1.0,-1.0,1,1,0,0,0.0,0.003826500260526257
587,frozen,42,6,3,0,0,-1.0,-1.0,1,0,1,0,0.0,0.003826500260526257
588,frozen,42,0,3,0,0,-1.0,-1.0,1,0,1,0,0.0,0.003826500260526257
589,frozen,42,7,3,0,0,-1.0,-1.0,1,0,1,0,0.0,0.003826500260526257
590,frozen,42,7,5,1,0,-1.0,-1.0,1,0,1,0,0.0,0.003826500260526257
591,frozen,42,7,5,1,0,-1.0,-1.0,1,0,1,0,0.0,0.003826500260526257
592,frozen,42,8,3,0,0,-1.0,-1.0,1,0,1,0,0.0,0.003826500260526257
593,frozen,42,2,5,1,0,-1.0,-1.0,1,0,1,0,0.0,0.003826500260526257
594,frozen,42,8,5,1,0,-1.0,-1.0,1,0,1,0,0.0,0.003826500260526257
595,frozen,42,2,5,1,0,-1.0,-1.0,1,0,1,0,0.0,0.003826500260526257
596,frozen,42,7,5,1,0,-1.0,-1.0,1,0,1,0,0.0,0.003826500260526257
597,frozen,42,5,5,1,1,1.0,1.0,0,nan,nan,nan,0.0,0.003826500260526257
598,frozen,42,7,4,0,0,-1.0,-1.0,1,1,0,0,0.0,0.003826500260526257
599,frozen,42,5,3,0,0,-1.0,-1.0,1,0,1,0,0.0,0.003826500260526257
600,frozen,42,5,5,1,1,1.0,1.0,0,nan,nan,nan,0.0,0.003826500260526257
601,frozen,42,5,4,0,1,1.0,1.0,0,nan,nan,nan,0.0,0.003826500260526257
602,frozen,42,7,5,1,0,-1.0,-1.0,1,2,0,0,0.0,0.003826500260526257
603,frozen,42,6,5,1,1,1.0,1.0,0,nan,nan,nan,0.0,0.003826500260526257
604,frozen,42,1,4,0,0,-1.0,-1.0,1,1,0,0,0.0,0.003826500260526257
605,frozen,42,7,3,0,0,-1.0,-1.0,1,0,1,0,0.0,0.003826500260526257
606,frozen,42,4,3,0,1,1.0,1.0,0,nan,nan,nan,0.0,0.003826500260526257
607,frozen,42,2,2,0,1,1.0,1.0,0,nan,nan,nan,0.0,0.003826500260526257
608,frozen,42,4,1,0,0,-1.0,-1.0,1,2,0,0,0.0,0.003826500260526257
609,frozen,42,8,3,0,0,-1.0,-1.0,1,0,1,0,0.0,0.003826500260526257
610,frozen,42,7,5,1,0,-1.0,-1.0,1,0,1,0,0.0,0.003826500260526257
611,frozen,42,7,3,0,0,-1.0,-1.0,1,0,1,0,0.0,0.003826500260526257
612,frozen,42,4,5,1,1,1.0,1.0,0,nan,nan,nan,0.0,0.003826500260526257
613,frozen,42,7,4,0,0,-1.0,-1.0,1,1,0,0,0.0,0.003826500260526257
614,frozen,42,3,5,1,0,-1.0,-1.0,1,0,1,0,0.0,0.003826500260526257
615,frozen,42,6,3,0,0,-1.0,-1.0,1,0,1,0,0.0,0.003826500260526257
616,frozen,42,5,3,0,0,-1.0,-1.0,1,0,1,0,0.0,0.003826500260526257
617,frozen,42,2,3,0,1,1.0,1.0,0,nan,nan,nan,0.0,0.003826500260526257
618,frozen,42,2,4,1,0,-1.0,-1.0,1,1,0,0,0.0,0.003826500260526257
619,frozen,42,0,3,0,0,-1.0,-1.0,1,0,1,0,0.0,0.003826500260526257
620,frozen,42,1,3,0,0,-1.0,-1.0,1,0,1,0,0.0,0.003826500260526257
621,frozen,42,3,5,1,0,-1.0,-1.0,1,0,1,0,0.0,0.003826500260526257
622,frozen,42,4,3,0,1,1.0,1.0,0,nan,nan,nan,0.0,0.003826500260526257
623,frozen,42,1,2,0,1,1.0,1.0,0,nan,nan,nan,0.0,0.003826500260526257
624,frozen,42,3,3,1,1,1.0,1.0,0,nan,nan,nan,0.0,0.003826500260526257
625,frozen,42,5,2,0,0,-1.0,-1.0,1,3,0,1,0.0,0.003826500260526257
626,frozen,42,2,3,0,1,1.0,1.0,0,nan,nan,nan,0.0,0.003826500260526257
627,frozen,42,3,2,0,1,1.0,1.0,0,nan,nan,nan,0.0,0.003826500260526257
628,frozen,42,3,1,0,0,-1.0,-1.0,1,2,0,0,0.0,0.003826500260526257
629,frozen,42,4,3,0,1,1.0,1.0,0,nan,nan,nan,0.0,0.003826500260526257
630,frozen,42,3,2,0,1,1.0,1.0,0,nan,nan,nan,0.0,0.003826500260526257
631,frozen,42,6,1,0,0,-1.0,-1.0,1,2,0,0,0.0,0.003826500260526257
632,frozen,42,2,5,1,0,-1.0,-1.0,1,0,1,0,0.0,0.003826500260526257
633,frozen,42,3,5,1,0,-1.0,-1.0,1,0,1,0,0.0,0.003826500260526257
634,frozen,42,3,5,1,0,-1.0,-1.0,1,0,1,0,0.0,0.003826500260526257
635,frozen,42,1,5,1,0,-1.0,-1.0,1,0,1,0,0.0,0.003826500260526257
636,frozen,42,6,3,0,0,-1.0,-1.0,1,0,1,0,0.0,0.003826500260526257
637,frozen,42,2,3,0,1,1.0,1.0,0,nan,nan,nan,0.0,0.003826500260526257
638,frozen,42,2,4,1,0,-1.0,-1.0,1,1,0,0,0.0,0.003826500260526257
639,frozen,42,7,5,1,0,-1.0,-1.0,1,0,1,0,0.0,0.003826500260526257
640,frozen,42,8,3,0,0,-1.0,-1.0,1,0,1,0,0.0,0.003826500260526257
641,frozen,42,6,3,0,0,-1.0,-1.0,1,0,1,0,0.0,0.003826500260526257
642,frozen,42,8,5,1,0,-1.0,-1.0,1,0,1,0,0.0,0.003826500260526257
643,frozen,42,7,5,1,0,-1.0,-1.0,1,0,1,0,0.0,0.003826500260526257
644,frozen,42,4,3,0,1,1.0,1.0,0,nan,nan,nan,0.0,0.003826500260526257
645,frozen,42,6,4,1,0,-1.0,-1.0,1,1,0,0,0.0,0.003826500260526257
646,frozen,42,2,3,0,1,1.0,1.0,0,nan,nan,nan,0.0,0.003826500260526257
647,frozen,42,4,4,1,1,1.0,1.0,0,nan,nan,nan,0.0,0.003826500260526257
648,frozen,42,4,3,0,1,1.0,1.0,0,nan,nan,nan,0.0,0.003826500260526257
649,frozen,42,8,4,1,0,-1.0,-1.0,1,3,0,1,0.0,0.003826500260526257
650,frozen,42,7,5,1,0,-1.0,-1.0,1,0,1,0,0.0,0.003826500260526257
651,frozen,42,4,3,0,1,1.0,1.0,0,nan,nan,nan,0.0,0.003826500260526257
652,frozen,42,5,2,0,0,-1.0,-1.0,1,1,0,0,0.0,0.003826500260526257
653,frozen,42,1,5,1,0,-1.0,-1.0,1,0,1,0,0.0,0.003826500260526257
654,frozen,42,7,5,1,0,-1.0,-1.0,1,0,1,0,0.0,0.003826500260526257
655,frozen,42,4,3,0,1,1.0,1.0,0,nan,nan,nan,0.0,0.003826500260526257
656,frozen,42,4,2,0,0,-1.0,-1.0,1,1,0,0,0.0,0.003826500260526257
657,frozen,42,6,3,0,0,-1.0,-1.0,1,0,1,0,0.0,0.003826500260526257
658,frozen,42,5,3,0,0,-1.0,-1.0,1,0,1,0,0.0,0.003826500260526257
659,frozen,42,0,3,0,0,-1.0,-1.0,1,0,1,0,0.0,0.003826500260526257
660,frozen,42,2,5,1,0,-1.0,-1.0,1,0,1,0,0.0,0.003826500260526257
661,frozen,42,1,5,1,0,-1.0,-1.0,1,0,1,0,0.0,0.003826500260526257
662,frozen,42,6,3,0,0,-1.0,-1.0,1,0,1,0,0.0,0.003826500260526257
663,frozen,42,0,3,0,0,-1.0,-1.0,1,0,1,0,0.0,0.003826500260526257
664,frozen,42,1,5,1,0,-1.0,-1.0,1,0,1,0,0.0,0.003826500260526257
665,frozen,42,5,3,0,0,-1.0,-1.0,1,0,1,0,0.0,0.003826500260526257
666,frozen,42,6,5,1,1,1.0,1.0,0,nan,nan,nan,0.0,0.003826500260526257
667,frozen,42,4,6,1,0,-1.0,-1.0,1,1,0,0,0.0,0.003826500260526257
668,frozen,42,7,5,1,0,-1.0,-1.0,1,0,1,0,0.0,0.003826500260526257
669,frozen,42,8,5,1,0,-1.0,-1.0,1,0,1,0,0.0,0.003826500260526257
670,frozen,42,1,5,1,0,-1.0,-1.0,1,0,1,0,0.0,0.003826500260526257
671,frozen,42,8,3,0,0,-1.0,-1.0,1,0,1,0,0.0,0.003826500260526257
672,frozen,42,5,5,1,1,1.0,1.0,0,nan,nan,nan,0.0,0.003826500260526257
673,frozen,42,5,4,0,1,1.0,1.0,0,nan,nan,nan,0.0,0.003826500260526257
674,frozen,42,0,3,0,0,-1.0,-1.0,1,2,0,0,0.0,0.003826500260526257
675,frozen,42,5,5,1,1,1.0,1.0,0,nan,nan,nan,0.0,0.003826500260526257
676,frozen,42,6,6,1,1,1.0,1.0,0,nan,nan,nan,0.0,0.003826500260526257
677,frozen,42,5,5,0,1,1.0,1.0,0,nan,nan,nan,0.0,0.003826500260526257
678,frozen,42,0,6,1,0,-1.0,-1.0,1,3,0,1,0.0,0.003826500260526257
679,frozen,42,4,3,0,1,1.0,1.0,0,nan,nan,nan,0.0,0.003826500260526257
680,frozen,42,8,4,1,0,-1.0,-1.0,1,1,0,0,0.0,0.003826500260526257
681,frozen,42,6,3,0,0,-1.0,-1.0,1,0,1,0,0.0,0.003826500260526257
682,frozen,42,1,5,1,0,-1.0,-1.0,1,0,1,0,0.0,0.003826500260526257
683,frozen,42,8,5,1,0,-1.0,-1.0,1,0,1,0,0.0,0.003826500260526257
684,frozen,42,8,3,0,0,-1.0,-1.0,1,0,1,0,0.0,0.003826500260526257
685,frozen,42,1,5,1,0,-1.0,-1.0,1,0,1,0,0.0,0.003826500260526257
686,frozen,42,7,3,0,0,-1.0,-1.0,1,0,1,0,0.0,0.003826500260526257
687,frozen,42,3,3,0,1,1.0,1.0,0,nan,nan,nan,0.0,0.003826500260526257
688,frozen,42,5,2,0,0,-1.0,-1.0,1,1,0,0,0.0,0.003826500260526257
689,frozen,42,4,3,0,1,1.0,1.0,0,nan,nan,nan,0.0,0.003826500260526257
690,frozen,42,7,2,0,0,-1.0,-1.0,1,1,0,0,0.0,0.003826500260526257
691,frozen,42,8,5,1,0,-1.0,-1.0,1,0,1,0,0.0,0.003826500260526257
692,frozen,42,7,3,0,0,-1.0,-1.0,1,0,1,0,0.0,0.003826500260526257
693,frozen,42,8,3,0,0,-1.0,-1.0,1,0,1,0,0.0,0.003826500260526257
694,frozen,42,8,3,0,0,-1.0,-1.0,1,0,1,0,0.0,0.003826500260526257
695,frozen,42,0,3,0,0,-1.0,-1.0,1,0,1,0,0.0,0.003826500260526257
696,frozen,42,2,5,1,0,-1.0,-1.0,1,0,1,0,0.0,0.003826500260526257
697,frozen,42,6,3,0,0,-1.0,-1.0,1,0,1,0,0.0,0.003826500260526257
698,frozen,42,5,5,1,1,1.0,1.0,0,nan,nan,nan,0.0,0.003826500260526257
699,frozen,42,0,6,1,0,-1.0,-1.0,1,1,0,0,0.0,0.003826500260526257
700,frozen,42,0,3,0,0,-1.0,-1.0,1,0,1,0,0.0,0.003826500260526257
701,frozen,42,4,3,0,1,1.0,1.0,0,nan,nan,nan,0.0,0.003826500260526257
702,frozen,42,5,2,0,0,-1.0,-1.0,1,1,0,0,0.0,0.003826500260526257
703,frozen,42,1,5,1,0,-1.0,-1.0,1,0,1,0,0.0,0.003826500260526257
704,frozen,42,1,5,1,0,-1.0,-1.0,1,0,1,0,0.0,0.003826500260526257
705,frozen,42,1,5,1,0,-1.0,-1.0,1,0,1,0,0.0,0.003826500260526257
706,frozen,42,5,5,1,1,1.0,1.0,0,nan,nan,nan,0.0,0.003826500260526257
707,frozen,42,0,6,1,0,-1.0,-1.0,1,1,0,0,0.0,0.003826500260526257
708,frozen,42,5,5,1,1,1.0,1.0,0,nan,nan,nan,0.0,0.003826500260526257
709,frozen,42,4,4,0,1,1.0,1.0,0,nan,nan,nan,0.0,0.003826500260526257
710,frozen,42,4,3,0,1,1.0,1.0,0,nan,nan,nan,0.0,0.003826500260526257
711,frozen,42,6,4,1,0,-1.0,-1.0,1,3,0,1,0.0,0.003826500260526257
712,frozen,42,4,3,0,1,1.0,1.0,0,nan,nan,nan,0.0,0.003826500260526257
713,frozen,42,6,4,1,0,-1.0,-1.0,1,1,0,0,0.0,0.003826500260526257
714,frozen,42,6,3,0,0,-1.0,-1.0,1,0,1,0,0.0,0.003826500260526257
715,frozen,42,8,5,1,0,-1.0,-1.0,1,0,1,0,0.0,0.003826500260526257
716,frozen,42,7,3,0,0,-1.0,-1.0,1,0,1,0,0.0,0.003826500260526257
717,frozen,42,4,3,0,1,1.0,1.0,0,nan,nan,nan,0.0,0.003826500260526257
718,frozen,42,4,2,0,0,-1.0,-1.0,1,1,0,0,0.0,0.003826500260526257
719,frozen,42,2,3,0,1,1.0,1.0,0,nan,nan,nan,0.0,0.003826500260526257
720,frozen,42,5,2,0,0,-1.0,-1.0,1,1,0,0,0.0,0.003826500260526257
721,frozen,42,1,5,1,0,-1.0,-1.0,1,0,1,0,0.0,0.003826500260526257
722,frozen,42,8,3,0,0,-1.0,-1.0,1,0,1,0,0.0,0.003826500260526257
723,frozen,42,7,5,1,0,-1.0,-1.0,1,0,1,0,0.0,0.003826500260526257
724,frozen,42,1,5,1,0,-1.0,-1.0,1,0,1,0,0.0,0.003826500260526257
725,frozen,42,7,5,1,0,-1.0,-1.0,1,0,1,0,0.0,0.003826500260526257
726,frozen,42,1,5,1,0,-1.0,-1.0,1,0,1,0,0.0,0.003826500260526257
727,frozen,42,6,3,0,0,-1.0,-1.0,1,0,1,0,0.0,0.003826500260526257
728,frozen,42,0,3,0,0,-1.0,-1.0,1,0,1,0,0.0,0.003826500260526257
729,frozen,42,4,3,0,1,1.0,1.0,0,nan,nan,nan,0.0,0.003826500260526257
730,frozen,42,5,2,0,0,-1.0,-1.0,1,1,0,0,0.0,0.003826500260526257
731,frozen,42,6,3,0,0,-1.0,-1.0,1,0,1,0,0.0,0.003826500260526257
732,frozen,42,3,3,0,1,1.0,1.0,0,nan,nan,nan,0.0,0.003826500260526257
733,frozen,42,8,2,0,0,-1.0,-1.0,1,1,0,0,0.0,0.003826500260526257
734,frozen,42,6,3,0,0,-1.0,-1.0,1,0,1,0,0.0,0.003826500260526257
735,frozen,42,1,5,1,0,-1.0,-1.0,1,0,1,0,0.0,0.003826500260526257
736,frozen,42,6,3,0,0,-1.0,-1.0,1,0,1,0,0.0,0.003826500260526257
737,frozen,42,6,3,0,0,-1.0,-1.0,1,0,1,0,0.0,0.003826500260526257
738,frozen,42,3,3,0,1,1.0,1.0,0,nan,nan,nan,0.0,0.003826500260526257
739,frozen,42,6,4,1,0,-1.0,-1.0,1,1,0,0,0.0,0.003826500260526257
740,frozen,42,8,5,1,0,-1.0,-1.0,1,0,1,0,0.0,0.003826500260526257
741,frozen,42,7,5,1,0,-1.0,-1.0,1,0,1,0,0.0,0.003826500260526257
742,frozen,42,6,3,0,0,-1.0,-1.0,1,0,1,0,0.0,0.003826500260526257
743,frozen,42,5,3,0,0,-1.0,-1.0,1,0,1,0,0.0,0.003826500260526257
744,frozen,42,2,3,0,1,1.0,1.0,0,nan,nan,nan,0.0,0.003826500260526257
745,frozen,42,7,4,1,0,-1.0,-1.0,1,1,0,0,0.0,0.003826500260526257
746,frozen,42,3,5,1,0,-1.0,-1.0,1,0,1,0,0.0,0.003826500260526257
747,frozen,42,4,5,1,1,1.0,1.0,0,nan,nan,nan,0.0,0.003826500260526257
748,frozen,42,2,6,1,0,-1.0,-1.0,1,1,0,0,0.0,0.003826500260526257
749,frozen,42,2,5,1,0,-1.0,-1.0,1,0,1,0,0.0,0.003826500260526257
750,frozen,42,1,5,1,0,-1.0,-1.0,1,0,1,0,0.0,0.003826500260526257
751,frozen,42,8,3,0,0,-1.0,-1.0,1,0,1,0,0.0,0.003826500260526257
752,frozen,42,1,5,1,0,-1.0,-1.0,1,0,1,0,0.0,0.003826500260526257
753,frozen,42,0,3,0,0,-1.0,-1.0,1,0,1,0,0.0,0.003826500260526257
754,frozen,42,8,3,0,0,-1.0,-1.0,1,0,1,0,0.0,0.003826500260526257
755,frozen,42,4,3,0,1,1.0,1.0,0,nan,nan,nan,0.0,0.003826500260526257
756,frozen,42,3,2,0,1,1.0,1.0,0,nan,nan,nan,0.0,0.003826500260526257
757,frozen,42,6,3,1,0,-1.0,-1.0,1,2,0,0,0.0,0.003826500260526257
758,frozen,42,3,5,1,0,-1.0,-1.0,1,0,1,0,0.0,0.003826500260526257
759,frozen,42,1,5,1,0,-1.0,-1.0,1,0,1,0,0.0,0.003826500260526257
760,frozen,42,6,3,0,0,-1.0,-1.0,1,0,1,0,0.0,0.003826500260526257
761,frozen,42,1,5,1,0,-1.0,-1.0,1,0,1,0,0.0,0.003826500260526257
762,frozen,42,4,3,0,1,1.0,1.0,0,nan,nan,nan,0.0,0.003826500260526257
763,frozen,42,8,4,1,0,-1.0,-1.0,1,1,0,0,0.0,0.003826500260526257
764,frozen,42,8,3,0,0,-1.0,-1.0,1,0,1,0,0.0,0.003826500260526257
765,frozen,42,3,3,0,1,1.0,1.0,0,nan,nan,nan,0.0,0.003826500260526257
766,frozen,42,7,2,0,0,-1.0,-1.0,1,1,0,0,0.0,0.003826500260526257
767,frozen,42,5,3,0,0,-1.0,-1.0,1,0,1,0,0.0,0.003826500260526257
768,frozen,42,4,3,0,1,1.0,1.0,0,nan,nan,nan,0.0,0.003826500260526257
769,frozen,42,1,2,0,1,1.0,1.0,0,nan,nan,nan,0.0,0.003826500260526257
770,frozen,42,3,1,0,0,-1.0,-1.0,1,2,0,0,0.0,0.003826500260526257
771,frozen,42,5,5,1,1,1.0,1.0,0,nan,nan,nan,0.0,0.003826500260526257
772,frozen,42,8,6,1,0,-1.0,-1.0,1,1,0,0,0.0,0.003826500260526257
773,frozen,42,0,3,0,0,-1.0,-1.0,1,0,1,0,0.0,0.003826500260526257
774,frozen,42,6,3,0,0,-1.0,-1.0,1,0,1,0,0.0,0.003826500260526257
775,frozen,42,7,5,1,0,-1.0,-1.0,1,0,1,0,0.0,0.003826500260526257
776,frozen,42,8,5,1,0,-1.0,-1.0,1,0,1,0,0.0,0.003826500260526257
777,frozen,42,3,5,1,0,-1.0,-1.0,1,0,1,0,0.0,0.003826500260526257
778,frozen,42,1,5,1,0,-1.0,-1.0,1,0,1,0,0.0,0.003826500260526257
779,frozen,42,2,5,1,0,-1.0,-1.0,1,0,1,0,0.0,0.003826500260526257
780,frozen,42,7,5,1,0,-1.0,-1.0,1,0,1,0,0.0,0.003826500260526257
781,frozen,42,7,3,0,0,-1.0,-1.0,1,0,1,0,0.0,0.003826500260526257
782,frozen,42,5,3,0,0,-1.0,-1.0,1,0,1,0,0.0,0.003826500260526257
783,frozen,42,1,5,1,0,-1.0,-1.0,1,0,1,0,0.0,0.003826500260526257
784,frozen,42,1,5,1,0,-1.0,-1.0,1,0,1,0,0.0,0.003826500260526257
785,frozen,42,4,3,0,1,1.0,1.0,0,nan,nan,nan,0.0,0.003826500260526257
786,frozen,42,5,2,0,0,-1.0,-1.0,1,1,0,0,0.0,0.003826500260526257
787,frozen,42,0,3,0,0,-1.0,-1.0,1,0,1,0,0.0,0.003826500260526257
788,frozen,42,6,3,0,0,-1.0,-1.0,1,0,1,0,0.0,0.003826500260526257
789,frozen,42,4,3,0,1,1.0,1.0,0,nan,nan,nan,0.0,0.003826500260526257
790,frozen,42,0,4,1,0,-1.0,-1.0,1,1,0,0,0.0,0.003826500260526257
791,frozen,42,0,3,0,0,-1.0,-1.0,1,0,1,0,0.0,0.003826500260526257
792,frozen,42,4,3,0,1,1.0,1.0,0,nan,nan,nan,0.0,0.003826500260526257
793,frozen,42,6,2,0,0,-1.0,-1.0,1,1,0,0,0.0,0.003826500260526257
794,frozen,42,7,3,0,0,-1.0,-1.0,1,0,1,0,0.0,0.003826500260526257
795,frozen,42,3,3,0,1,1.0,1.0,0,nan,nan,nan,0.0,0.003826500260526257
796,frozen,42,2,2,0,1,1.0,1.0,0,nan,nan,nan,0.0,0.003826500260526257
797,frozen,42,8,1,0,0,-1.0,-1.0,1,2,0,0,0.0,0.003826500260526257
798,frozen,42,4,3,0,1,1.0,1.0,0,nan,nan,nan,0.0,0.003826500260526257
799,frozen,42,2,4,1,0,-1.0,-1.0,1,1,0,0,0.0,0.003826500260526257
800,frozen,42,3,3,0,1,1.0,1.0,0,nan,nan,nan,0.0,0.003826500260526257
801,frozen,42,0,4,1,0,-1.0,-1.0,1,1,0,0,0.0,0.003826500260526257
802,frozen,42,2,5,1,0,-1.0,-1.0,1,0,1,0,0.0,0.003826500260526257
803,frozen,42,4,3,0,1,1.0,1.0,0,nan,nan,nan,0.0,0.003826500260526257
804,frozen,42,8,4,1,0,-1.0,-1.0,1,1,0,0,0.0,0.003826500260526257
805,frozen,42,6,3,0,0,-1.0,-1.0,1,0,1,0,0.0,0.003826500260526257
806,frozen,42,7,3,0,0,-1.0,-1.0,1,0,1,0,0.0,0.003826500260526257
807,frozen,42,4,5,1,1,1.0,1.0,0,nan,nan,nan,0.0,0.003826500260526257
808,frozen,42,0,4,0,0,-1.0,-1.0,1,1,0,0,0.0,0.003826500260526257
809,frozen,42,3,3,0,1,1.0,1.0,0,nan,nan,nan,0.0,0.003826500260526257
810,frozen,42,8,4,1,0,-1.0,-1.0,1,1,0,0,0.0,0.003826500260526257
811,frozen,42,0,3,0,0,-1.0,-1.0,1,0,1,0,0.0,0.003826500260526257
812,frozen,42,7,3,0,0,-1.0,-1.0,1,0,1,0,0.0,0.003826500260526257
813,frozen,42,6,3,0,0,-1.0,-1.0,1,0,1,0,0.0,0.003826500260526257
814,frozen,42,2,5,1,0,-1.0,-1.0,1,0,1,0,0.0,0.003826500260526257
815,frozen,42,7,3,0,0,-1.0,-1.0,1,0,1,0,0.0,0.003826500260526257
816,frozen,42,7,5,1,0,-1.0,-1.0,1,0,1,0,0.0,0.003826500260526257
817,frozen,42,0,3,0,0,-1.0,-1.0,1,0,1,0,0.0,0.003826500260526257
818,frozen,42,0,3,0,0,-1.0,-1.0,1,0,1,0,0.0,0.003826500260526257
819,frozen,42,5,5,1,1,1.0,1.0,0,nan,nan,nan,0.0,0.003826500260526257
820,frozen,42,8,4,0,0,-1.0,-1.0,1,1,0,0,0.0,0.003826500260526257
821,frozen,42,0,3,0,0,-1.0,-1.0,1,0,1,0,0.0,0.003826500260526257
822,frozen,42,5,5,1,1,1.0,1.0,0,nan,nan,nan,0.0,0.003826500260526257
823,frozen,42,1,6,1,0,-1.0,-1.0,1,1,0,0,0.0,0.003826500260526257
824,frozen,42,5,3,0,0,-1.0,-1.0,1,0,1,0,0.0,0.003826500260526257
825,frozen,42,5,3,0,0,-1.0,-1.0,1,0,1,0,0.0,0.003826500260526257
826,frozen,42,0,3,0,0,-1.0,-1.0,1,0,1,0,0.0,0.003826500260526257
827,frozen,42,6,3,0,0,-1.0,-1.0,1,0,1,0,0.0,0.003826500260526257
828,frozen,42,8,5,1,0,-1.0,-1.0,1,0,1,0,0.0,0.003826500260526257
829,frozen,42,7,5,1,0,-1.0,-1.0,1,0,1,0,0.0,0.003826500260526257
830,frozen,42,0,3,0,0,-1.0,-1.0,1,0,1,0,0.0,0.003826500260526257
831,frozen,42,2,3,0,1,1.0,1.0,0,nan,nan,nan,0.0,0.003826500260526257
832,frozen,42,2,4,1,0,-1.0,-1.0,1,1,0,0,0.0,0.003826500260526257
833,frozen,42,4,3,0,1,1.0,1.0,0,nan,nan,nan,0.0,0.003826500260526257
834,frozen,42,1,4,1,0,-1.0,-1.0,1,1,0,0,0.0,0.003826500260526257
835,frozen,42,7,3,0,0,-1.0,-1.0,1,0,1,0,0.0,0.003826500260526257
836,frozen,42,6,3,0,0,-1.0,-1.0,1,0,1,0,0.0,0.003826500260526257
837,frozen,42,7,5,1,0,-1.0,-1.0,1,0,1,0,0.0,0.003826500260526257
838,frozen,42,1,5,1,0,-1.0,-1.0,1,0,1,0,0.0,0.003826500260526257
839,frozen,42,0,3,0,0,-1.0,-1.0,1,0,1,0,0.0,0.003826500260526257
840,frozen,42,8,5,1,0,-1.0,-1.0,1,0,1,0,0.0,0.003826500260526257
841,frozen,42,2,3,0,1,1.0,1.0,0,nan,nan,nan,0.0,0.003826500260526257
842,frozen,42,5,2,0,0,-1.0,-1.0,1,1,0,0,0.0,0.003826500260526257
843,frozen,42,8,3,0,0,-1.0,-1.0,1,0,1,0,0.0,0.003826500260526257
844,frozen,42,0,3,0,0,-1.0,-1.0,1,0,1,0,0.0,0.003826500260526257
845,frozen,42,0,3,0,0,-1.0,-1.0,1,0,1,0,0.0,0.003826500260526257
846,frozen,42,0,3,0,0,-1.0,-1.0,1,0,1,0,0.0,0.003826500260526257
847,frozen,42,1,5,1,0,-1.0,-1.0,1,0,1,0,0.0,0.003826500260526257
848,frozen,42,0,3,0,0,-1.0,-1.0,1,0,1,0,0.0,0.003826500260526257
849,frozen,42,7,3,0,0,-1.0,-1.0,1,0,1,0,0.0,0.003826500260526257
850,frozen,42,5,3,0,0,-1.0,-1.0,1,0,1,0,0.0,0.003826500260526257
851,frozen,42,8,5,1,0,-1.0,-1.0,1,0,1,0,0.0,0.003826500260526257
852,frozen,42,7,3,0,0,-1.0,-1.0,1,0,1,0,0.0,0.003826500260526257
853,frozen,42,8,3,0,0,-1.0,-1.0,1,0,1,0,0.0,0.003826500260526257
854,frozen,42,2,3,0,1,1.0,1.0,0,nan,nan,nan,0.0,0.003826500260526257
855,frozen,42,2,4,1,0,-1.0,-1.0,1,1,0,0,0.0,0.003826500260526257
856,frozen,42,7,3,0,0,-1.0,-1.0,1,0,1,0,0.0,0.003826500260526257
857,frozen,42,2,3,0,1,1.0,1.0,0,nan,nan,nan,0.0,0.003826500260526257
858,frozen,42,0,4,1,0,-1.0,-1.0,1,1,0,0,0.0,0.003826500260526257
859,frozen,42,6,3,0,0,-1.0,-1.0,1,0,1,0,0.0,0.003826500260526257
860,frozen,42,7,5,1,0,-1.0,-1.0,1,0,1,0,0.0,0.003826500260526257
861,frozen,42,8,5,1,0,-1.0,-1.0,1,0,1,0,0.0,0.003826500260526257
862,frozen,42,8,3,0,0,-1.0,-1.0,1,0,1,0,0.0,0.003826500260526257
863,frozen,42,1,5,1,0,-1.0,-1.0,1,0,1,0,0.0,0.003826500260526257
864,frozen,42,6,3,0,0,-1.0,-1.0,1,0,1,0,0.0,0.003826500260526257
865,frozen,42,7,3,0,0,-1.0,-1.0,1,0,1,0,0.0,0.003826500260526257
866,frozen,42,6,3,0,0,-1.0,-1.0,1,0,1,0,0.0,0.003826500260526257
867,frozen,42,7,5,1,0,-1.0,-1.0,1,0,1,0,0.0,0.003826500260526257
868,frozen,42,7,3,0,0,-1.0,-1.0,1,0,1,0,0.0,0.003826500260526257
869,frozen,42,4,5,1,1,1.0,1.0,0,nan,nan,nan,0.0,0.003826500260526257
870,frozen,42,0,4,0,0,-1.0,-1.0,1,1,0,0,0.0,0.003826500260526257
871,frozen,42,4,3,0,1,1.0,1.0,0,nan,nan,nan,0.0,0.003826500260526257
872,frozen,42,1,4,1,0,-1.0,-1.0,1,1,0,0,0.0,0.003826500260526257
873,frozen,42,1,5,1,0,-1.0,-1.0,1,0,1,0,0.0,0.003826500260526257
874,frozen,42,1,5,1,0,-1.0,-1.0,1,0,1,0,0.0,0.003826500260526257
875,frozen,42,6,3,0,0,-1.0,-1.0,1,0,1,0,0.0,0.003826500260526257
876,frozen,42,4,3,0,1,1.0,1.0,0,nan,nan,nan,0.0,0.003826500260526257
877,frozen,42,4,4,1,1,1.0,1.0,0,nan,nan,nan,0.0,0.003826500260526257
878,frozen,42,6,3,0,0,-1.0,-1.0,1,2,0,0,0.0,0.003826500260526257
879,frozen,42,4,3,0,1,1.0,1.0,0,nan,nan,nan,0.0,0.003826500260526257
880,frozen,42,5,2,0,0,-1.0,-1.0,1,1,0,0,0.0,0.003826500260526257
881,frozen,42,0,3,0,0,-1.0,-1.0,1,0,1,0,0.0,0.003826500260526257
882,frozen,42,7,5,1,0,-1.0,-1.0,1,0,1,0,0.0,0.003826500260526257
883,frozen,42,4,3,0,1,1.0,1.0,0,nan,nan,nan,0.0,0.003826500260526257
884,frozen,42,1,2,0,1,1.0,1.0,0,nan,nan,nan,0.0,0.003826500260526257
885,frozen,42,7,3,1,0,-1.0,-1.0,1,2,0,0,0.0,0.003826500260526257
886,frozen,42,6,3,0,0,-1.0,-1.0,1,0,1,0,0.0,0.003826500260526257
887,frozen,42,0,3,0,0,-1.0,-1.0,1,0,1,0,0.0,0.003826500260526257
888,frozen,42,1,5,1,0,-1.0,-1.0,1,0,1,0,0.0,0.003826500260526257
889,frozen,42,0,3,0,0,-1.0,-1.0,1,0,1,0,0.0,0.003826500260526257
890,frozen,42,2,5,1,0,-1.0,-1.0,1,0,1,0,0.0,0.003826500260526257
891,frozen,42,0,3,0,0,-1.0,-1.0,1,0,1,0,0.0,0.003826500260526257
892,frozen,42,6,3,0,0,-1.0,-1.0,1,0,1,0,0.0,0.003826500260526257
893,frozen,42,4,3,0,1,1.0,1.0,0,nan,nan,nan,0.0,0.003826500260526257
894,frozen,42,8,2,0,0,-1.0,-1.0,1,1,0,0,0.0,0.003826500260526257
895,frozen,42,6,3,0,0,-1.0,-1.0,1,0,1,0,0.0,0.003826500260526257
896,frozen,42,5,5,1,1,1.0,1.0,0,nan,nan,nan,0.0,0.003826500260526257
897,frozen,42,4,6,1,0,-1.0,-1.0,1,1,0,0,0.0,0.003826500260526257
898,frozen,42,0,3,0,0,-1.0,-1.0,1,0,1,0,0.0,0.003826500260526257
899,frozen,42,0,3,0,0,-1.0,-1.0,1,0,1,0,0.0,0.003826500260526257
900,frozen,42,5,3,0,0,-1.0,-1.0,1,0,1,0,0.0,0.003826500260526257
901,frozen,42,0,5,1,0,-1.0,-1.0,1,0,1,0,0.0,0.003826500260526257
902,frozen,42,0,3,0,0,-1.0,-1.0,1,0,1,0,0.0,0.003826500260526257
903,frozen,42,1,5,1,0,-1.0,-1.0,1,0,1,0,0.0,0.003826500260526257
904,frozen,42,7,3,0,0,-1.0,-1.0,1,0,1,0,0.0,0.003826500260526257
905,frozen,42,4,3,0,1,1.0,1.0,0,nan,nan,nan,0.0,0.003826500260526257
906,frozen,42,6,4,1,0,-1.0,-1.0,1,1,0,0,0.0,0.003826500260526257
907,frozen,42,3,3,0,1,1.0,1.0,0,nan,nan,nan,0.0,0.003826500260526257
908,frozen,42,1,4,1,0,-1.0,-1.0,1,1,0,0,0.0,0.003826500260526257
909,frozen,42,3,3,0,1,1.0,1.0,0,nan,nan,nan,0.0,0.003826500260526257
910,frozen,42,0,4,1,0,-1.0,-1.0,1,1,0,0,0.0,0.003826500260526257
911,frozen,42,6,3,0,0,-1.0,-1.0,1,0,1,0,0.0,0.003826500260526257
912,frozen,42,1,5,1,0,-1.0,-1.0,1,0,1,0,0.0,0.003826500260526257
913,frozen,42,3,3,0,1,1.0,1.0,0,nan,nan,nan,0.0,0.003826500260526257
914,frozen,42,8,2,0,0,-1.0,-1.0,1,1,0,0,0.0,0.003826500260526257
915,frozen,42,5,5,1,1,1.0,1.0,0,nan,nan,nan,0.0,0.003826500260526257
916,frozen,42,4,6,1,0,-1.0,-1.0,1,1,0,0,0.0,0.003826500260526257
917,frozen,42,4,3,0,1,1.0,1.0,0,nan,nan,nan,0.0,0.003826500260526257
918,frozen,42,7,2,0,0,-1.0,-1.0,1,1,0,0,0.0,0.003826500260526257
919,frozen,42,2,3,0,1,1.0,1.0,0,nan,nan,nan,0.0,0.003826500260526257
920,frozen,42,5,2,0,0,-1.0,-1.0,1,1,0,0,0.0,0.003826500260526257
921,frozen,42,7,5,1,0,-1.0,-1.0,1,0,1,0,0.0,0.003826500260526257
922,frozen,42,5,5,1,1,1.0,1.0,0,nan,nan,nan,0.0,0.003826500260526257
923,frozen,42,4,6,1,0,-1.0,-1.0,1,1,0,0,0.0,0.003826500260526257
924,frozen,42,1,5,1,0,-1.0,-1.0,1,0,1,0,0.0,0.003826500260526257
925,frozen,42,2,5,1,0,-1.0,-1.0,1,0,1,0,0.0,0.003826500260526257
926,frozen,42,8,5,1,0,-1.0,-1.0,1,0,1,0,0.0,0.003826500260526257
927,frozen,42,4,3,0,1,1.0,1.0,0,nan,nan,nan,0.0,0.003826500260526257
928,frozen,42,2,2,0,1,1.0,1.0,0,nan,nan,nan,0.0,0.003826500260526257
929,frozen,42,3,1,0,0,-1.0,-1.0,1,2,0,0,0.0,0.003826500260526257
930,frozen,42,5,3,0,0,-1.0,-1.0,1,0,1,0,0.0,0.003826500260526257
931,frozen,42,4,3,0,1,1.0,1.0,0,nan,nan,nan,0.0,0.003826500260526257
932,frozen,42,6,4,1,0,-1.0,-1.0,1,1,0,0,0.0,0.003826500260526257
933,frozen,42,2,5,1,0,-1.0,-1.0,1,0,1,0,0.0,0.003826500260526257
934,frozen,42,5,3,0,0,-1.0,-1.0,1,0,1,0,0.0,0.003826500260526257
935,frozen,42,3,3,0,1,1.0,1.0,0,nan,nan,nan,0.0,0.003826500260526257
936,frozen,42,8,2,0,0,-1.0,-1.0,1,1,0,0,0.0,0.003826500260526257
937,frozen,42,1,5,1,0,-1.0,-1.0,1,0,1,0,0.0,0.003826500260526257
938,frozen,42,1,5,1,0,-1.0,-1.0,1,0,1,0,0.0,0.003826500260526257
939,frozen,42,4,3,0,1,1.0,1.0,0,nan,nan,nan,0.0,0.003826500260526257
940,frozen,42,4,4,1,1,1.0,1.0,0,nan,nan,nan,0.0,0.003826500260526257
941,frozen,42,6,3,0,0,-1.0,-1.0,1,2,0,0,0.0,0.003826500260526257
942,frozen,42,3,5,1,0,-1.0,-1.0,1,0,1,0,0.0,0.003826500260526257
943,frozen,42,8,5,1,0,-1.0,-1.0,1,0,1,0,0.0,0.003826500260526257
944,frozen,42,4,3,0,1,1.0,1.0,0,nan,nan,nan,0.0,0.003826500260526257
945,frozen,42,1,4,1,0,-1.0,-1.0,1,1,0,0,0.0,0.003826500260526257
946,frozen,42,1,5,1,0,-1.0,-1.0,1,0,1,0,0.0,0.003826500260526257
947,frozen,42,8,5,1,0,-1.0,-1.0,1,0,1,0,0.0,0.003826500260526257
948,frozen,42,1,5,1,0,-1.0,-1.0,1,0,1,0,0.0,0.003826500260526257
949,frozen,42,8,5,1,0,-1.0,-1.0,1,0,1,0,0.0,0.003826500260526257
950,frozen,42,2,3,0,1,1.0,1.0,0,nan,nan,nan,0.0,0.003826500260526257
951,frozen,42,0,4,1,0,-1.0,-1.0,1,1,0,0,0.0,0.003826500260526257
952,frozen,42,2,3,0,1,1.0,1.0,0,nan,nan,nan,0.0,0.003826500260526257
953,frozen,42,5,2,0,0,-1.0,-1.0,1,1,0,0,0.0,0.003826500260526257
954,frozen,42,3,5,1,0,-1.0,-1.0,1,0,1,0,0.0,0.003826500260526257
955,frozen,42,7,5,1,0,-1.0,-1.0,1,0,1,0,0.0,0.003826500260526257
956,frozen,42,5,5,1,1,1.0,1.0,0,nan,nan,nan,0.0,0.003826500260526257
957,frozen,42,3,6,1,0,-1.0,-1.0,1,1,0,0,0.0,0.003826500260526257
958,frozen,42,5,5,1,1,1.0,1.0,0,nan,nan,nan,0.0,0.003826500260526257
959,frozen,42,8,4,0,0,-1.0,-1.0,1,1,0,0,0.0,0.003826500260526257
960,frozen,42,3,3,0,1,1.0,1.0,0,nan,nan,nan,0.0,0.003826500260526257
961,frozen,42,1,2,0,1,1.0,1.0,0,nan,nan,nan,0.0,0.003826500260526257
962,frozen,42,3,3,1,1,1.0,1.0,0,nan,nan,nan,0.0,0.003826500260526257
963,frozen,42,7,2,0,0,-1.0,-1.0,1,3,0,1,0.0,0.003826500260526257
964,frozen,42,1,5,1,0,-1.0,-1.0,1,0,1,0,0.0,0.003826500260526257
965,frozen,42,8,5,1,0,-1.0,-1.0,1,0,1,0,0.0,0.003826500260526257
966,frozen,42,5,3,0,0,-1.0,-1.0,1,0,1,0,0.0,0.003826500260526257
967,frozen,42,5,3,0,0,-1.0,-1.0,1,0,1,0,0.0,0.003826500260526257
968,frozen,42,2,5,1,0,-1.0,-1.0,1,0,1,0,0.0,0.003826500260526257
969,frozen,42,8,3,0,0,-1.0,-1.0,1,0,1,0,0.0,0.003826500260526257
970,frozen,42,0,3,0,0,-1.0,-1.0,1,0,1,0,0.0,0.003826500260526257
971,frozen,42,2,5,1,0,-1.0,-1.0,1,0,1,0,0.0,0.003826500260526257
972,frozen,42,3,5,1,0,-1.0,-1.0,1,0,1,0,0.0,0.003826500260526257
973,frozen,42,4,3,0,1,1.0,1.0,0,nan,nan,nan,0.0,0.003826500260526257
974,frozen,42,4,2,0,0,-1.0,-1.0,1,1,0,0,0.0,0.003826500260526257
975,frozen,42,1,5,1,0,-1.0,-1.0,1,0,1,0,0.0,0.003826500260526257
976,frozen,42,2,5,1,0,-1.0,-1.0,1,0,1,0,0.0,0.003826500260526257
977,frozen,42,0,3,0,0,-1.0,-1.0,1,0,1,0,0.0,0.003826500260526257
978,frozen,42,5,3,0,0,-1.0,-1.0,1,0,1,0,0.0,0.003826500260526257
979,frozen,42,3,5,1,0,-1.0,-1.0,1,0,1,0,0.0,0.003826500260526257
980,frozen,42,5,3,0,0,-1.0,-1.0,1,0,1,0,0.0,0.003826500260526257
981,frozen,42,5,3,0,0,-1.0,-1.0,1,0,1,0,0.0,0.003826500260526257
982,frozen,42,6,3,0,0,-1.0,-1.0,1,0,1,0,0.0,0.003826500260526257
983,frozen,42,4,3,0,1,1.0,1.0,0,nan,nan,nan,0.0,0.003826500260526257
984,frozen,42,5,2,0,0,-1.0,-1.0,1,1,0,0,0.0,0.003826500260526257
985,frozen,42,5,3,0,0,-1.0,-1.0,1,0,1,0,0.0,0.003826500260526257
986,frozen,42,5,5,1,1,1.0,1.0,0,nan,nan,nan,0.0,0.003826500260526257
987,frozen,42,5,4,0,1,1.0,1.0,0,nan,nan,nan,0.0,0.003826500260526257
988,frozen,42,2,3,0,1,1.0,1.0,0,nan,nan,nan,0.0,0.003826500260526257
989,frozen,42,2,4,1,0,-1.0,-1.0,1,3,0,1,0.0,0.003826500260526257
990,frozen,42,7,3,0,0,-1.0,-1.0,1,0,1,0,0.0,0.003826500260526257
991,frozen,42,3,3,0,1,1.0,1.0,0,nan,nan,nan,0.0,0.003826500260526257
992,frozen,42,4,4,1,1,1.0,1.0,0,nan,nan,nan,0.0,0.003826500260526257
993,frozen,42,1,5,1,0,-1.0,-1.0,1,2,0,0,0.0,0.003826500260526257
994,frozen,42,3,5,1,0,-1.0,-1.0,1,0,1,0,0.0,0.003826500260526257
995,frozen,42,4,3,0,1,1.0,1.0,0,nan,nan,nan,0.0,0.003826500260526257
996,frozen,42,5,2,0,0,-1.0,-1.0,1,1,0,0,0.0,0.003826500260526257
997,frozen,42,4,3,0,1,1.0,1.0,0,nan,nan,nan,0.0,0.003826500260526257
998,frozen,42,3,2,0,1,1.0,1.0,0,nan,nan,nan,0.0,0.003826500260526257
999,frozen,42,8,1,0,0,-1.0,-1.0,1,2,0,0,0.0,0.003826500260526257
1000,frozen,42,4,3,0,1,1.0,1.0,0,nan,nan,nan,0.0,0.003826500260526257
1001,frozen,42,7,2,0,0,-1.0,-1.0,1,1,0,0,0.0,0.003826500260526257
1002,frozen,42,6,3,0,0,-1.0,-1.0,1,0,1,0,0.0,0.003826500260526257
1003,frozen,42,5,5,1,1,1.0,1.0,0,nan,nan,nan,0.0,0.003826500260526257
1004,frozen,42,7,4,0,0,-1.0,-1.0,1,1,0,0,0.0,0.003826500260526257
1005,frozen,42,1,5,1,0,-1.0,-1.0,1,0,1,0,0.0,0.003826500260526257
1006,frozen,42,8,5,1,0,-1.0,-1.0,1,0,1,0,0.0,0.003826500260526257
1007,frozen,42,7,5,1,0,-1.0,-1.0,1,0,1,0,0.0,0.003826500260526257
1008,frozen,42,4,5,1,1,1.0,1.0,0,nan,nan,nan,0.0,0.003826500260526257
1009,frozen,42,6,4,0,0,-1.0,-1.0,1,1,0,0,0.0,0.003826500260526257
1010,frozen,42,4,3,0,1,1.0,1.0,0,nan,nan,nan,0.0,0.003826500260526257
1011,frozen,42,2,4,1,0,-1.0,-1.0,1,1,0,0,0.0,0.003826500260526257
1012,frozen,42,7,3,0,0,-1.0,-1.0,1,0,1,0,0.0,0.003826500260526257
1013,frozen,42,2,5,1,0,-1.0,-1.0,1,0,1,0,0.0,0.003826500260526257
1014,frozen,42,2,5,1,0,-1.0,-1.0,1,0,1,0,0.0,0.003826500260526257
1015,frozen,42,4,3,0,1,1.0,1.0,0,nan,nan,nan,0.0,0.003826500260526257
1016,frozen,42,7,4,1,0,-1.0,-1.0,1,1,0,0,0.0,0.003826500260526257
1017,frozen,42,3,5,1,0,-1.0,-1.0,1,0,1,0,0.0,0.003826500260526257
1018,frozen,42,4,3,0,1,1.0,1.0,0,nan,nan,nan,0.0,0.003826500260526257
1019,frozen,42,0,4,1,0,-1.0,-1.0,1,1,0,0,0.0,0.003826500260526257
1020,frozen,42,1,5,1,0,-1.0,-1.0,1,0,1,0,0.0,0.003826500260526257
1021,frozen,42,0,3,0,0,-1.0,-1.0,1,0,1,0,0.0,0.003826500260526257
1022,frozen,42,0,3,0,0,-1.0,-1.0,1,0,1,0,0.0,0.003826500260526257
1023,frozen,42,7,3,0,0,-1.0,-1.0,1,0,1,0,0.0,0.003826500260526257
1024,frozen,42,7,5,1,0,-1.0,-1.0,1,0,1,0,0.0,0.003826500260526257
1025,frozen,42,7,5,1,0,-1.0,-1.0,1,0,1,0,0.0,0.003826500260526257
1026,frozen,42,0,3,0,0,-1.0,-1.0,1,0,1,0,0.0,0.003826500260526257
1027,frozen,42,0,3,0,0,-1.0,-1.0,1,0,1,0,0.0,0.003826500260526257
1028,frozen,42,2,5,1,0,-1.0,-1.0,1,0,1,0,0.0,0.003826500260526257
1029,frozen,42,5,3,0,0,-1.0,-1.0,1,0,1,0,0.0,0.003826500260526257
1030,frozen,42,3,3,0,1,1.0,1.0,0,nan,nan,nan,0.0,0.003826500260526257
1031,frozen,42,4,2,0,0,-1.0,-1.0,1,1,0,0,0.0,0.003826500260526257
1032,frozen,42,1,5,1,0,-1.0,-1.0,1,0,1,0,0.0,0.003826500260526257
1033,frozen,42,6,3,0,0,-1.0,-1.0,1,0,1,0,0.0,0.003826500260526257
1034,frozen,42,2,3,0,1,1.0,1.0,0,nan,nan,nan,0.0,0.003826500260526257
1035,frozen,42,0,2,0,0,-1.0,-1.0,1,1,0,0,0.0,0.003826500260526257
1036,frozen,42,6,3,0,0,-1.0,-1.0,1,0,1,0,0.0,0.003826500260526257
1037,frozen,42,8,5,1,0,-1.0,-1.0,1,0,1,0,0.0,0.003826500260526257
1038,frozen,42,0,3,0,0,-1.0,-1.0,1,0,1,0,0.0,0.003826500260526257
1039,frozen,42,3,3,0,1,1.0,1.0,0,nan,nan,nan,0.0,0.003826500260526257
1040,frozen,42,7,4,1,0,-1.0,-1.0,1,1,0,0,0.0,0.003826500260526257
1041,frozen,42,6,3,0,0,-1.0,-1.0,1,0,1,0,0.0,0.003826500260526257
1042,frozen,42,7,3,0,0,-1.0,-1.0,1,0,1,0,0.0,0.003826500260526257
1043,frozen,42,3,5,1,0,-1.0,-1.0,1,0,1,0,0.0,0.003826500260526257
1044,frozen,42,3,5,1,0,-1.0,-1.0,1,0,1,0,0.0,0.003826500260526257
1045,frozen,42,6,3,0,0,-1.0,-1.0,1,0,1,0,0.0,0.003826500260526257
1046,frozen,42,1,5,1,0,-1.0,-1.0,1,0,1,0,0.0,0.003826500260526257
1047,frozen,42,2,3,0,1,1.0,1.0,0,nan,nan,nan,0.0,0.003826500260526257
1048,frozen,42,5,2,0,0,-1.0,-1.0,1,1,0,0,0.0,0.003826500260526257
1049,frozen,42,6,3,0,0,-1.0,-1.0,1,0,1,0,0.0,0.003826500260526257
1050,frozen,42,1,5,1,0,-1.0,-1.0,1,0,1,0,0.0,0.003826500260526257
1051,frozen,42,4,3,0,1,1.0,1.0,0,nan,nan,nan,0.0,0.003826500260526257
1052,frozen,42,3,2,0,1,1.0,1.0,0,nan,nan,nan,0.0,0.003826500260526257
1053,frozen,42,4,1,0,0,-1.0,-1.0,1,2,0,0,0.0,0.003826500260526257
1054,frozen,42,8,3,0,0,-1.0,-1.0,1,0,1,0,0.0,0.003826500260526257
1055,frozen,42,0,3,0,0,-1.0,-1.0,1,0,1,0,0.0,0.003826500260526257
1056,frozen,42,8,5,1,0,-1.0,-1.0,1,0,1,0,0.0,0.003826500260526257
1057,frozen,42,4,3,0,1,1.0,1.0,0,nan,nan,nan,0.0,0.003826500260526257
1058,frozen,42,6,4,1,0,-1.0,-1.0,1,1,0,0,0.0,0.003826500260526257
1059,frozen,42,3,5,1,0,-1.0,-1.0,1,0,1,0,0.0,0.003826500260526257
1060,frozen,42,2,5,1,0,-1.0,-1.0,1,0,1,0,0.0,0.003826500260526257
1061,frozen,42,6,3,0,0,-1.0,-1.0,1,0,1,0,0.0,0.003826500260526257
1062,frozen,42,6,3,0,0,-1.0,-1.0,1,0,1,0,0.0,0.003826500260526257
1063,frozen,42,1,5,1,0,-1.0,-1.0,1,0,1,0,0.0,0.003826500260526257
1064,frozen,42,6,3,0,0,-1.0,-1.0,1,0,1,0,0.0,0.003826500260526257
1065,frozen,42,6,3,0,0,-1.0,-1.0,1,0,1,0,0.0,0.003826500260526257
1066,frozen,42,3,5,1,0,-1.0,-1.0,1,0,1,0,0.0,0.003826500260526257
1067,frozen,42,8,3,0,0,-1.0,-1.0,1,0,1,0,0.0,0.003826500260526257
1068,frozen,42,5,5,1,1,1.0,1.0,0,nan,nan,nan,0.0,0.003826500260526257
1069,frozen,42,3,4,0,1,1.0,1.0,0,nan,nan,nan,0.0,0.003826500260526257
1070,frozen,42,0,3,0,0,-1.0,-1.0,1,2,0,0,0.0,0.003826500260526257
1071,frozen,42,6,3,0,0,-1.0,-1.0,1,0,1,0,0.0,0.003826500260526257
1072,frozen,42,1,5,1,0,-1.0,-1.0,1,0,1,0,0.0,0.003826500260526257
1073,frozen,42,6,3,0,0,-1.0,-1.0,1,0,1,0,0.0,0.003826500260526257
1074,frozen,42,4,3,0,1,1.0,1.0,0,nan,nan,nan,0.0,0.003826500260526257
1075,frozen,42,4,2,0,0,-1.0,-1.0,1,1,0,0,0.0,0.003826500260526257
1076,frozen,42,1,5,1,0,-1.0,-1.0,1,0,1,0,0.0,0.003826500260526257
1077,frozen,42,6,3,0,0,-1.0,-1.0,1,0,1,0,0.0,0.003826500260526257
1078,frozen,42,1,3,0,0,-1.0,-1.0,1,0,1,0,0.0,0.003826500260526257
1079,frozen,42,3,5,1,0,-1.0,-1.0,1,0,1,0,0.0,0.003826500260526257
1080,frozen,42,7,3,0,0,-1.0,-1.0,1,0,1,0,0.0,0.003826500260526257
1081,frozen,42,8,5,1,0,-1.0,-1.0,1,0,1,0,0.0,0.003826500260526257
1082,frozen,42,8,5,1,0,-1.0,-1.0,1,0,1,0,0.0,0.003826500260526257
1083,frozen,42,8,3,0,0,-1.0,-1.0,1,0,1,0,0.0,0.003826500260526257
1084,frozen,42,5,3,0,0,-1.0,-1.0,1,0,1,0,0.0,0.003826500260526257
1085,frozen,42,1,5,1,0,-1.0,-1.0,1,0,1,0,0.0,0.003826500260526257
1086,frozen,42,7,3,0,0,-1.0,-1.0,1,0,1,0,0.0,0.003826500260526257
1087,frozen,42,7,3,0,0,-1.0,-1.0,1,0,1,0,0.0,0.003826500260526257
1088,frozen,42,8,3,0,0,-1.0,-1.0,1,0,1,0,0.0,0.003826500260526257
1089,frozen,42,5,3,0,0,-1.0,-1.0,1,0,1,0,0.0,0.003826500260526257
1090,frozen,42,1,5,1,0,-1.0,-1.0,1,0,1,0,0.0,0.003826500260526257
1091,frozen,42,4,3,0,1,1.0,1.0,0,nan,nan,nan,0.0,0.003826500260526257
1092,frozen,42,4,2,0,0,-1.0,-1.0,1,1,0,0,0.0,0.003826500260526257
1093,frozen,42,7,3,0,0,-1.0,-1.0,1,0,1,0,0.0,0.003826500260526257
1094,frozen,42,3,3,0,1,1.0,1.0,0,nan,nan,nan,0.0,0.003826500260526257
1095,frozen,42,2,2,0,1,1.0,1.0,0,nan,nan,nan,0.0,0.003826500260526257
1096,frozen,42,0,1,0,1,1.0,1.0,0,nan,nan,nan,0.0,0.003826500260526257
1097,frozen,42,7,0,0,0,-1.0,-1.0,1,3,0,1,0.0,0.003826500260526257
1098,frozen,42,6,3,0,0,-1.0,-1.0,1,0,1,0,0.0,0.003826500260526257
1099,frozen,42,0,3,0,0,-1.0,-1.0,1,0,1,0,0.0,0.003826500260526257
1100,frozen,42,3,3,0,1,1.0,1.0,0,nan,nan,nan,0.0,0.003826500260526257
1101,frozen,42,4,2,0,0,-1.0,-1.0,1,1,0,0,0.0,0.003826500260526257
1102,frozen,42,4,3,0,1,1.0,1.0,0,nan,nan,nan,0.0,0.003826500260526257
1103,frozen,42,8,4,1,0,-1.0,-1.0,1,1,0,0,0.0,0.003826500260526257
1104,frozen,42,1,5,1,0,-1.0,-1.0,1,0,1,0,0.0,0.003826500260526257
1105,frozen,42,2,5,1,0,-1.0,-1.0,1,0,1,0,0.0,0.003826500260526257
1106,frozen,42,1,5,1,0,-1.0,-1.0,1,0,1,0,0.0,0.003826500260526257
1107,frozen,42,2,3,0,1,1.0,1.0,0,nan,nan,nan,0.0,0.003826500260526257
1108,frozen,42,8,4,1,0,-1.0,-1.0,1,1,0,0,0.0,0.003826500260526257
1109,frozen,42,8,5,1,0,-1.0,-1.0,1,0,1,0,0.0,0.003826500260526257
1110,frozen,42,0,3,0,0,-1.0,-1.0,1,0,1,0,0.0,0.003826500260526257
1111,frozen,42,5,5,1,1,1.0,1.0,0,nan,nan,nan,0.0,0.003826500260526257
1112,frozen,42,2,6,1,0,-1.0,-1.0,1,1,0,0,0.0,0.003826500260526257
1113,frozen,42,1,5,1,0,-1.0,-1.0,1,0,1,0,0.0,0.003826500260526257
1114,frozen,42,2,3,0,1,1.0,1.0,0,nan,nan,nan,0.0,0.003826500260526257
1115,frozen,42,1,2,0,1,1.0,1.0,0,nan,nan,nan,0.0,0.003826500260526257
1116,frozen,42,4,1,0,0,-1.0,-1.0,1,2,0,0,0.0,0.003826500260526257
1117,frozen,42,8,3,0,0,-1.0,-1.0,1,0,1,0,0.0,0.003826500260526257
1118,frozen,42,5,3,0,0,-1.0,-1.0,1,0,1,0,0.0,0.003826500260526257
1119,frozen,42,6,3,0,0,-1.0,-1.0,1,0,1,0,0.0,0.003826500260526257
1120,frozen,42,4,3,0,1,1.0,1.0,0,nan,nan,nan,0.0,0.003826500260526257
1121,frozen,42,0,4,1,0,-1.0,-1.0,1,1,0,0,0.0,0.003826500260526257
1122,frozen,42,0,3,0,0,-1.0,-1.0,1,0,1,0,0.0,0.003826500260526257
1123,frozen,42,2,5,1,0,-1.0,-1.0,1,0,1,0,0.0,0.003826500260526257
1124,frozen,42,2,3,0,1,1.0,1.0,0,nan,nan,nan,0.0,0.003826500260526257
1125,frozen,42,7,2,0,0,-1.0,-1.0,1,1,0,0,0.0,0.003826500260526257
1126,frozen,42,7,3,0,0,-1.0,-1.0,1,0,1,0,0.0,0.003826500260526257
1127,frozen,42,7,5,1,0,-1.0,-1.0,1,0,1,0,0.0,0.003826500260526257
1128,frozen,42,5,3,0,0,-1.0,-1.0,1,0,1,0,0.0,0.003826500260526257
1129,frozen,42,5,3,0,0,-1.0,-1.0,1,0,1,0,0.0,0.003826500260526257
1130,frozen,42,5,5,1,1,1.0,1.0,0,nan,nan,nan,0.0,0.003826500260526257
1131,frozen,42,3,4,0,1,1.0,1.0,0,nan,nan,nan,0.0,0.003826500260526257
1132,frozen,42,6,3,0,0,-1.0,-1.0,1,2,0,0,0.0,0.003826500260526257
1133,frozen,42,7,3,0,0,-1.0,-1.0,1,0,1,0,0.0,0.003826500260526257
1134,frozen,42,6,3,0,0,-1.0,-1.0,1,0,1,0,0.0,0.003826500260526257
1135,frozen,42,5,5,1,1,1.0,1.0,0,nan,nan,nan,0.0,0.003826500260526257
1136,frozen,42,0,6,1,0,-1.0,-1.0,1,1,0,0,0.0,0.003826500260526257
1137,frozen,42,6,3,0,0,-1.0,-1.0,1,0,1,0,0.0,0.003826500260526257
1138,frozen,42,3,5,1,0,-1.0,-1.0,1,0,1,0,0.0,0.003826500260526257
1139,frozen,42,6,3,0,0,-1.0,-1.0,1,0,1,0,0.0,0.003826500260526257
1140,frozen,42,4,3,0,1,1.0,1.0,0,nan,nan,nan,0.0,0.003826500260526257
1141,frozen,42,7,4,1,0,-1.0,-1.0,1,1,0,0,0.0,0.003826500260526257
1142,frozen,42,3,5,1,0,-1.0,-1.0,1,0,1,0,0.0,0.003826500260526257
1143,frozen,42,8,3,0,0,-1.0,-1.0,1,0,1,0,0.0,0.003826500260526257
1144,frozen,42,7,5,1,0,-1.0,-1.0,1,0,1,0,0.0,0.003826500260526257
1145,frozen,42,2,5,1,0,-1.0,-1.0,1,0,1,0,0.0,0.003826500260526257
1146,frozen,42,4,3,0,1,1.0,1.0,0,nan,nan,nan,0.0,0.003826500260526257
1147,frozen,42,4,4,1,1,1.0,1.0,0,nan,nan,nan,0.0,0.003826500260526257
1148,frozen,42,6,3,0,0,-1.0,-1.0,1,2,0,0,0.0,0.003826500260526257
1149,frozen,42,6,3,0,0,-1.0,-1.0,1,0,1,0,0.0,0.003826500260526257
1150,frozen,42,7,5,1,0,-1.0,-1.0,1,0,1,0,0.0,0.003826500260526257
1151,frozen,42,3,5,1,0,-1.0,-1.0,1,0,1,0,0.0,0.003826500260526257
1152,frozen,42,4,3,0,1,1.0,1.0,0,nan,nan,nan,0.0,0.003826500260526257
1153,frozen,42,3,2,0,1,1.0,1.0,0,nan,nan,nan,0.0,0.003826500260526257
1154,frozen,42,8,1,0,0,-1.0,-1.0,1,2,0,0,0.0,0.003826500260526257
1155,frozen,42,2,3,0,1,1.0,1.0,0,nan,nan,nan,0.0,0.003826500260526257
1156,frozen,42,5,2,0,0,-1.0,-1.0,1,1,0,0,0.0,0.003826500260526257
1157,frozen,42,1,5,1,0,-1.0,-1.0,1,0,1,0,0.0,0.003826500260526257
1158,frozen,42,7,3,0,0,-1.0,-1.0,1,0,1,0,0.0,0.003826500260526257
1159,frozen,42,3,3,0,1,1.0,1.0,0,nan,nan,nan,0.0,0.003826500260526257
1160,frozen,42,3,2,0,1,1.0,1.0,0,nan,nan,nan,0.0,0.003826500260526257
1161,frozen,42,5,3,1,0,-1.0,-1.0,1,2,0,0,0.0,0.003826500260526257
1162,frozen,42,4,3,0,1,1.0,1.0,0,nan,nan,nan,0.0,0.003826500260526257
1163,frozen,42,7,4,1,0,-1.0,-1.0,1,1,0,0,0.0,0.003826500260526257
1164,frozen,42,4,3,0,1,1.0,1.0,0,nan,nan,nan,0.0,0.003826500260526257
1165,frozen,42,4,2,0,0,-1.0,-1.0,1,1,0,0,0.0,0.003826500260526257
1166,frozen,42,0,3,0,0,-1.0,-1.0,1,0,1,0,0.0,0.003826500260526257
1167,frozen,42,0,3,0,0,-1.0,-1.0,1,0,1,0,0.0,0.003826500260526257
1168,frozen,42,3,5,1,0,-1.0,-1.0,1,0,1,0,0.0,0.003826500260526257
1169,frozen,42,8,5,1,0,-1.0,-1.0,1,0,1,0,0.0,0.003826500260526257
1170,frozen,42,8,5,1,0,-1.0,-1.0,1,0,1,0,0.0,0.003826500260526257
1171,frozen,42,5,5,1,1,1.0,1.0,0,nan,nan,nan,0.0,0.003826500260526257
1172,frozen,42,5,4,0,1,1.0,1.0,0,nan,nan,nan,0.0,0.003826500260526257
1173,frozen,42,3,3,0,1,1.0,1.0,0,nan,nan,nan,0.0,0.003826500260526257
1174,frozen,42,1,4,1,0,-1.0,-1.0,1,3,0,1,0.0,0.003826500260526257
1175,frozen,42,0,3,0,0,-1.0,-1.0,1,0,1,0,0.0,0.003826500260526257
1176,frozen,42,3,3,0,1,1.0,1.0,0,nan,nan,nan,0.0,0.003826500260526257
1177,frozen,42,2,2,0,1,1.0,1.0,0,nan,nan,nan,0.0,0.003826500260526257
1178,frozen,42,1,3,1,0,-1.0,-1.0,1,2,0,0,0.0,0.003826500260526257
1179,frozen,42,2,5,1,0,-1.0,-1.0,1,0,1,0,0.0,0.003826500260526257
1180,frozen,42,0,3,0,0,-1.0,-1.0,1,0,1,0,0.0,0.003826500260526257
1181,frozen,42,5,3,0,0,-1.0,-1.0,1,0,1,0,0.0,0.003826500260526257
1182,frozen,42,8,5,1,0,-1.0,-1.0,1,0,1,0,0.0,0.003826500260526257
1183,frozen,42,6,3,0,0,-1.0,-1.0,1,0,1,0,0.0,0.003826500260526257
1184,frozen,42,4,3,0,1,1.0,1.0,0,nan,nan,nan,0.0,0.003826500260526257
1185,frozen,42,3,2,0,1,1.0,1.0,0,nan,nan,nan,0.0,0.003826500260526257
1186,frozen,42,2,1,0,1,1.0,1.0,0,nan,nan,nan,0.0,0.003826500260526257
1187,frozen,42,1,0,0,1,1.0,1.0,0,nan,nan,nan,0.0,0.003826500260526257
1188,frozen,42,5,1,1,0,-1.0,-1.0,1,4,0,1,0.0,0.003826500260526257
1189,frozen,42,5,3,0,0,-1.0,-1.0,1,0,1,0,0.0,0.003826500260526257
1190,frozen,42,0,3,0,0,-1.0,-1.0,1,0,1,0,0.0,0.003826500260526257
1191,frozen,42,3,5,1,0,-1.0,-1.0,1,0,1,0,0.0,0.003826500260526257
1192,frozen,42,2,3,0,1,1.0,1.0,0,nan,nan,nan,0.0,0.003826500260526257
1193,frozen,42,1,4,1,0,-1.0,-1.0,1,1,0,0,0.0,0.003826500260526257
1194,frozen,42,6,3,0,0,-1.0,-1.0,1,0,1,0,0.0,0.003826500260526257
1195,frozen,42,4,3,0,1,1.0,1.0,0,nan,nan,nan,0.0,0.003826500260526257
1196,frozen,42,5,2,0,0,-1.0,-1.0,1,1,0,0,0.0,0.003826500260526257
1197,frozen,42,6,3,0,0,-1.0,-1.0,1,0,1,0,0.0,0.003826500260526257
1198,frozen,42,8,5,1,0,-1.0,-1.0,1,0,1,0,0.0,0.003826500260526257
1199,frozen,42,7,5,1,0,-1.0,-1.0,1,0,1,0,0.0,0.003826500260526257
1200,frozen,42,5,3,0,0,-1.0,-1.0,1,0,1,0,0.0,0.003826500260526257
1201,frozen,42,7,3,0,0,-1.0,-1.0,1,0,1,0,0.0,0.003826500260526257
1202,frozen,42,4,3,0,1,1.0,1.0,0,nan,nan,nan,0.0,0.003826500260526257
1203,frozen,42,8,2,0,0,-1.0,-1.0,1,1,0,0,0.0,0.003826500260526257
1204,frozen,42,6,3,0,0,-1.0,-1.0,1,0,1,0,0.0,0.003826500260526257
1205,frozen,42,5,3,0,0,-1.0,-1.0,1,0,1,0,0.0,0.003826500260526257
1206,frozen,42,8,5,1,0,-1.0,-1.0,1,0,1,0,0.0,0.003826500260526257
1207,frozen,42,4,3,0,1,1.0,1.0,0,nan,nan,nan,0.0,0.003826500260526257
1208,frozen,42,6,4,1,0,-1.0,-1.0,1,1,0,0,0.0,0.003826500260526257
1209,frozen,42,2,3,0,1,1.0,1.0,0,nan,nan,nan,0.0,0.003826500260526257
1210,frozen,42,8,4,1,0,-1.0,-1.0,1,1,0,0,0.0,0.003826500260526257
1211,frozen,42,5,3,0,0,-1.0,-1.0,1,0,1,0,0.0,0.003826500260526257
1212,frozen,42,7,3,0,0,-1.0,-1.0,1,0,1,0,0.0,0.003826500260526257
1213,frozen,42,4,3,0,1,1.0,1.0,0,nan,nan,nan,0.0,0.003826500260526257
1214,frozen,42,7,4,1,0,-1.0,-1.0,1,1,0,0,0.0,0.003826500260526257
1215,frozen,42,0,5,1,0,-1.0,-1.0,1,0,1,0,0.0,0.003826500260526257
1216,frozen,42,1,5,1,0,-1.0,-1.0,1,0,1,0,0.0,0.003826500260526257
1217,frozen,42,4,3,0,1,1.0,1.0,0,nan,nan,nan,0.0,0.003826500260526257
1218,frozen,42,6,4,1,0,-1.0,-1.0,1,1,0,0,0.0,0.003826500260526257
1219,frozen,42,7,5,1,0,-1.0,-1.0,1,0,1,0,0.0,0.003826500260526257
1220,frozen,42,3,5,1,0,-1.0,-1.0,1,0,1,0,0.0,0.003826500260526257
1221,frozen,42,5,5,1,1,1.0,1.0,0,nan,nan,nan,0.0,0.003826500260526257
1222,frozen,42,4,6,1,0,-1.0,-1.0,1,1,0,0,0.0,0.003826500260526257
1223,frozen,42,8,5,1,0,-1.0,-1.0,1,0,1,0,0.0,0.003826500260526257
1224,frozen,42,5,3,0,0,-1.0,-1.0,1,0,1,0,0.0,0.003826500260526257
1225,frozen,42,3,5,1,0,-1.0,-1.0,1,0,1,0,0.0,0.003826500260526257
1226,frozen,42,8,3,0,0,-1.0,-1.0,1,0,1,0,0.0,0.003826500260526257
1227,frozen,42,0,3,0,0,-1.0,-1.0,1,0,1,0,0.0,0.003826500260526257
1228,frozen,42,8,5,1,0,-1.0,-1.0,1,0,1,0,0.0,0.003826500260526257
1229,frozen,42,1,5,1,0,-1.0,-1.0,1,0,1,0,0.0,0.003826500260526257
1230,frozen,42,2,5,1,0,-1.0,-1.0,1,0,1,0,0.0,0.003826500260526257
1231,frozen,42,7,5,1,0,-1.0,-1.0,1,0,1,0,0.0,0.003826500260526257
1232,frozen,42,6,5,1,1,1.0,1.0,0,nan,nan,nan,0.0,0.003826500260526257
1233,frozen,42,8,6,1,0,-1.0,-1.0,1,1,0,0,0.0,0.003826500260526257
1234,frozen,42,6,3,0,0,-1.0,-1.0,1,0,1,0,0.0,0.003826500260526257
1235,frozen,42,5,5,1,1,1.0,1.0,0,nan,nan,nan,0.0,0.003826500260526257
1236,frozen,42,3,4,0,1,1.0,1.0,0,nan,nan,nan,0.0,0.003826500260526257
1237,frozen,42,0,3,0,0,-1.0,-1.0,1,2,0,0,0.0,0.003826500260526257
1238,frozen,42,1,5,1,0,-1.0,-1.0,1,0,1,0,0.0,0.003826500260526257
1239,frozen,42,2,5,1,0,-1.0,-1.0,1,0,1,0,0.0,0.003826500260526257
1240,frozen,42,0,3,0,0,-1.0,-1.0,1,0,1,0,0.0,0.003826500260526257
1241,frozen,42,4,3,0,1,1.0,1.0,0,nan,nan,nan,0.0,0.003826500260526257
1242,frozen,42,6,4,1,0,-1.0,-1.0,1,1,0,0,0.0,0.003826500260526257
1243,frozen,42,8,5,1,0,-1.0,-1.0,1,0,1,0,0.0,0.003826500260526257
1244,frozen,42,4,3,0,1,1.0,1.0,0,nan,nan,nan,0.0,0.003826500260526257
1245,frozen,42,7,2,0,0,-1.0,-1.0,1,1,0,0,0.0,0.003826500260526257
1246,frozen,42,8,3,0,0,-1.0,-1.0,1,0,1,0,0.0,0.003826500260526257
1247,frozen,42,7,5,1,0,-1.0,-1.0,1,0,1,0,0.0,0.003826500260526257
1248,frozen,42,4,3,0,1,1.0,1.0,0,nan,nan,nan,0.0,0.003826500260526257
1249,frozen,42,2,4,1,0,-1.0,-1.0,1,1,0,0,0.0,0.003826500260526257
1250,frozen,42,8,5,1,0,-1.0,-1.0,1,0,1,0,0.0,0.003826500260526257
1251,frozen,42,2,5,1,0,-1.0,-1.0,1,0,1,0,0.0,0.003826500260526257
1252,frozen,42,3,3,0,1,1.0,1.0,0,nan,nan,nan,0.0,0.003826500260526257
1253,frozen,42,0,4,1,0,-1.0,-1.0,1,1,0,0,0.0,0.003826500260526257
1254,frozen,42,7,5,1,0,-1.0,-1.0,1,0,1,0,0.0,0.003826500260526257
1255,frozen,42,5,3,0,0,-1.0,-1.0,1,0,1,0,0.0,0.003826500260526257
1256,frozen,42,0,3,0,0,-1.0,-1.0,1,0,1,0,0.0,0.003826500260526257
1257,frozen,42,1,5,1,0,-1.0,-1.0,1,0,1,0,0.0,0.003826500260526257
1258,frozen,42,4,3,0,1,1.0,1.0,0,nan,nan,nan,0.0,0.003826500260526257
1259,frozen,42,4,4,1,1,1.0,1.0,0,nan,nan,nan,0.0,0.003826500260526257
1260,frozen,42,7,3,0,0,-1.0,-1.0,1,2,0,0,0.0,0.003826500260526257
1261,frozen,42,2,5,1,0,-1.0,-1.0,1,0,1,0,0.0,0.003826500260526257
1262,frozen,42,8,5,1,0,-1.0,-1.0,1,0,1,0,0.0,0.003826500260526257
1263,frozen,42,4,3,0,1,1.0,1.0,0,nan,nan,nan,0.0,0.003826500260526257
1264,frozen,42,7,2,0,0,-1.0,-1.0,1,1,0,0,0.0,0.003826500260526257
1265,frozen,42,2,3,0,1,1.0,1.0,0,nan,nan,nan,0.0,0.003826500260526257
1266,frozen,42,0,4,1,0,-1.0,-1.0,1,1,0,0,0.0,0.003826500260526257
1267,frozen,42,0,3,0,0,-1.0,-1.0,1,0,1,0,0.0,0.003826500260526257
1268,frozen,42,3,5,1,0,-1.0,-1.0,1,0,1,0,0.0,0.003826500260526257
1269,frozen,42,8,3,0,0,-1.0,-1.0,1,0,1,0,0.0,0.003826500260526257
1270,frozen,42,0,3,0,0,-1.0,-1.0,1,0,1,0,0.0,0.003826500260526257
1271,frozen,42,3,5,1,0,-1.0,-1.0,1,0,1,0,0.0,0.003826500260526257
1272,frozen,42,0,3,0,0,-1.0,-1.0,1,0,1,0,0.0,0.003826500260526257
1273,frozen,42,8,5,1,0,-1.0,-1.0,1,0,1,0,0.0,0.003826500260526257
1274,frozen,42,6,3,0,0,-1.0,-1.0,1,0,1,0,0.0,0.003826500260526257
1275,frozen,42,6,3,0,0,-1.0,-1.0,1,0,1,0,0.0,0.003826500260526257
1276,frozen,42,6,3,0,0,-1.0,-1.0,1,0,1,0,0.0,0.003826500260526257
1277,frozen,42,5,3,0,0,-1.0,-1.0,1,0,1,0,0.0,0.003826500260526257
1278,frozen,42,6,3,0,0,-1.0,-1.0,1,0,1,0,0.0,0.003826500260526257
1279,frozen,42,0,3,0,0,-1.0,-1.0,1,0,1,0,0.0,0.003826500260526257
1280,frozen,42,7,3,0,0,-1.0,-1.0,1,0,1,0,0.0,0.003826500260526257
1281,frozen,42,6,3,0,0,-1.0,-1.0,1,0,1,0,0.0,0.003826500260526257
1282,frozen,42,6,3,0,0,-1.0,-1.0,1,0,1,0,0.0,0.003826500260526257
1283,frozen,42,3,3,0,1,1.0,1.0,0,nan,nan,nan,0.0,0.003826500260526257
1284,frozen,42,7,4,1,0,-1.0,-1.0,1,1,0,0,0.0,0.003826500260526257
1285,frozen,42,3,5,1,0,-1.0,-1.0,1,0,1,0,0.0,0.003826500260526257
1286,frozen,42,0,3,0,0,-1.0,-1.0,1,0,1,0,0.0,0.003826500260526257
1287,frozen,42,8,5,1,0,-1.0,-1.0,1,0,1,0,0.0,0.003826500260526257
1288,frozen,42,2,3,0,1,1.0,1.0,0,nan,nan,nan,0.0,0.003826500260526257
1289,frozen,42,0,4,1,0,-1.0,-1.0,1,1,0,0,0.0,0.003826500260526257
1290,frozen,42,5,5,1,1,1.0,1.0,0,nan,nan,nan,0.0,0.003826500260526257
1291,frozen,42,2,6,1,0,-1.0,-1.0,1,1,0,0,0.0,0.003826500260526257
1292,frozen,42,7,3,0,0,-1.0,-1.0,1,0,1,0,0.0,0.003826500260526257
1293,frozen,42,3,3,0,1,1.0,1.0,0,nan,nan,nan,0.0,0.003826500260526257
1294,frozen,42,0,4,1,0,-1.0,-1.0,1,1,0,0,0.0,0.003826500260526257
1295,frozen,42,8,5,1,0,-1.0,-1.0,1,0,1,0,0.0,0.003826500260526257
1296,frozen,42,4,3,0,1,1.0,1.0,0,nan,nan,nan,0.0,0.003826500260526257
1297,frozen,42,2,2,0,1,1.0,1.0,0,nan,nan,nan,0.0,0.003826500260526257
1298,frozen,42,6,3,1,0,-1.0,-1.0,1,2,0,0,0.0,0.003826500260526257
1299,frozen,42,4,3,0,1,1.0,1.0,0,nan,nan,nan,0.0,0.003826500260526257
1300,frozen,42,0,4,1,0,-1.0,-1.0,1,1,0,0,0.0,0.003826500260526257
1301,frozen,42,6,3,0,0,-1.0,-1.0,1,0,1,0,0.0,0.003826500260526257
1302,frozen,42,3,3,0,1,1.0,1.0,0,nan,nan,nan,0.0,0.003826500260526257
1303,frozen,42,6,2,0,0,-1.0,-1.0,1,1,0,0,0.0,0.003826500260526257
1304,frozen,42,8,3,0,0,-1.0,-1.0,1,0,1,0,0.0,0.003826500260526257
1305,frozen,42,5,3,0,0,-1.0,-1.0,1,0,1,0,0.0,0.003826500260526257
1306,frozen,42,6,3,0,0,-1.0,-1.0,1,0,1,0,0.0,0.003826500260526257
1307,frozen,42,2,5,1,0,-1.0,-1.0,1,0,1,0,0.0,0.003826500260526257
1308,frozen,42,2,5,1,0,-1.0,-1.0,1,0,1,0,0.0,0.003826500260526257
1309,frozen,42,3,3,0,1,1.0,1.0,0,nan,nan,nan,0.0,0.003826500260526257
1310,frozen,42,7,4,1,0,-1.0,-1.0,1,1,0,0,0.0,0.003826500260526257
1311,frozen,42,4,3,0,1,1.0,1.0,0,nan,nan,nan,0.0,0.003826500260526257
1312,frozen,42,3,2,0,1,1.0,1.0,0,nan,nan,nan,0.0,0.003826500260526257
1313,frozen,42,7,1,0,0,-1.0,-1.0,1,2,0,0,0.0,0.003826500260526257
1314,frozen,42,7,5,1,0,-1.0,-1.0,1,0,1,0,0.0,0.003826500260526257
1315,frozen,42,8,5,1,0,-1.0,-1.0,1,0,1,0,0.0,0.003826500260526257
1316,frozen,42,2,3,0,1,1.0,1.0,0,nan,nan,nan,0.0,0.003826500260526257
1317,frozen,42,6,4,1,0,-1.0,-1.0,1,1,0,0,0.0,0.003826500260526257
1318,frozen,42,5,5,1,1,1.0,1.0,0,nan,nan,nan,0.0,0.003826500260526257
1319,frozen,42,4,6,1,0,-1.0,-1.0,1,1,0,0,0.0,0.003826500260526257
1320,frozen,42,3,3,0,1,1.0,1.0,0,nan,nan,nan,0.0,0.003826500260526257
1321,frozen,42,1,2,0,1,1.0,1.0,0,nan,nan,nan,0.0,0.003826500260526257
1322,frozen,42,2,1,0,1,1.0,1.0,0,nan,nan,nan,0.0,0.003826500260526257
1323,frozen,42,4,0,0,0,-1.0,-1.0,1,3,0,1,0.0,0.003826500260526257
1324,frozen,42,7,3,0,0,-1.0,-1.0,1,0,1,0,0.0,0.003826500260526257
1325,frozen,42,7,3,0,0,-1.0,-1.0,1,0,1,0,0.0,0.003826500260526257
1326,frozen,42,1,5,1,0,-1.0,-1.0,1,0,1,0,0.0,0.003826500260526257
1327,frozen,42,6,3,0,0,-1.0,-1.0,1,0,1,0,0.0,0.003826500260526257
1328,frozen,42,0,3,0,0,-1.0,-1.0,1,0,1,0,0.0,0.003826500260526257
1329,frozen,42,6,3,0,0,-1.0,-1.0,1,0,1,0,0.0,0.003826500260526257
1330,frozen,42,3,5,1,0,-1.0,-1.0,1,0,1,0,0.0,0.003826500260526257
1331,frozen,42,4,3,0,1,1.0,1.0,0,nan,nan,nan,0.0,0.003826500260526257
1332,frozen,42,6,2,0,0,-1.0,-1.0,1,1,0,0,0.0,0.003826500260526257
1333,frozen,42,3,5,1,0,-1.0,-1.0,1,0,1,0,0.0,0.003826500260526257
1334,frozen,42,7,3,0,0,-1.0,-1.0,1,0,1,0,0.0,0.003826500260526257
1335,frozen,42,4,3,0,1,1.0,1.0,0,nan,nan,nan,0.0,0.003826500260526257
1336,frozen,42,8,2,0,0,-1.0,-1.0,1,1,0,0,0.0,0.003826500260526257
1337,frozen,42,5,3,0,0,-1.0,-1.0,1,0,1,0,0.0,0.003826500260526257
1338,frozen,42,2,5,1,0,-1.0,-1.0,1,0,1,0,0.0,0.003826500260526257
1339,frozen,42,6,3,0,0,-1.0,-1.0,1,0,1,0,0.0,0.003826500260526257
1340,frozen,42,3,5,1,0,-1.0,-1.0,1,0,1,0,0.0,0.003826500260526257
1341,frozen,42,4,5,1,1,1.0,1.0,0,nan,nan,nan,0.0,0.003826500260526257
1342,frozen,42,1,4,0,0,-1.0,-1.0,1,1,0,0,0.0,0.003826500260526257
1343,frozen,42,1,5,1,0,-1.0,-1.0,1,0,1,0,0.0,0.003826500260526257
1344,frozen,42,5,3,0,0,-1.0,-1.0,1,0,1,0,0.0,0.003826500260526257
1345,frozen,42,1,5,1,0,-1.0,-1.0,1,0,1,0,0.0,0.003826500260526257
1346,frozen,42,8,3,0,0,-1.0,-1.0,1,0,1,0,0.0,0.003826500260526257
1347,frozen,42,7,3,0,0,-1.0,-1.0,1,0,1,0,0.0,0.003826500260526257
1348,frozen,42,6,3,0,0,-1.0,-1.0,1,0,1,0,0.0,0.003826500260526257
1349,frozen,42,6,3,0,0,-1.0,-1.0,1,0,1,0,0.0,0.003826500260526257
1350,frozen,42,5,5,1,1,1.0,1.0,0,nan,nan,nan,0.0,0.003826500260526257
1351,frozen,42,0,4,0,0,-1.0,-1.0,1,1,0,0,0.0,0.003826500260526257
1352,frozen,42,3,5,1,0,-1.0,-1.0,1,0,1,0,0.0,0.003826500260526257
1353,frozen,42,4,3,0,1,1.0,1.0,0,nan,nan,nan,0.0,0.003826500260526257
1354,frozen,42,8,4,1,0,-1.0,-1.0,1,1,0,0,0.0,0.003826500260526257
1355,frozen,42,1,5,1,0,-1.0,-1.0,1,0,1,0,0.0,0.003826500260526257
1356,frozen,42,4,3,0,1,1.0,1.0,0,nan,nan,nan,0.0,0.003826500260526257
1357,frozen,42,3,2,0,1,1.0,1.0,0,nan,nan,nan,0.0,0.003826500260526257
1358,frozen,42,1,3,1,0,-1.0,-1.0,1,2,0,0,0.0,0.003826500260526257
1359,frozen,42,0,3,0,0,-1.0,-1.0,1,0,1,0,0.0,0.003826500260526257
1360,frozen,42,3,3,0,1,1.0,1.0,0,nan,nan,nan,0.0,0.003826500260526257
1361,frozen,42,0,4,1,0,-1.0,-1.0,1,1,0,0,0.0,0.003826500260526257
1362,frozen,42,0,5,1,0,-1.0,-1.0,1,0,1,0,0.0,0.003826500260526257
1363,frozen,42,3,3,0,1,1.0,1.0,0,nan,nan,nan,0.0,0.003826500260526257
1364,frozen,42,1,4,1,0,-1.0,-1.0,1,1,0,0,0.0,0.003826500260526257
1365,frozen,42,4,3,0,1,1.0,1.0,0,nan,nan,nan,0.0,0.003826500260526257
1366,frozen,42,0,4,1,0,-1.0,-1.0,1,1,0,0,0.0,0.003826500260526257
1367,frozen,42,2,3,0,1,1.0,1.0,0,nan,nan,nan,0.0,0.003826500260526257
1368,frozen,42,4,2,0,0,-1.0,-1.0,1,1,0,0,0.0,0.003826500260526257
1369,frozen,42,8,3,0,0,-1.0,-1.0,1,0,1,0,0.0,0.003826500260526257
1370,frozen,42,5,3,0,0,-1.0,-1.0,1,0,1,0,0.0,0.003826500260526257
1371,frozen,42,7,5,1,0,-1.0,-1.0,1,0,1,0,0.0,0.003826500260526257
1372,frozen,42,3,3,0,1,1.0,1.0,0,nan,nan,nan,0.0,0.003826500260526257
1373,frozen,42,4,4,1,1,1.0,1.0,0,nan,nan,nan,0.0,0.003826500260526257
1374,frozen,42,3,5,1,0,-1.0,-1.0,1,2,0,0,0.0,0.003826500260526257
1375,frozen,42,7,3,0,0,-1.0,-1.0,1,0,1,0,0.0,0.003826500260526257
1376,frozen,42,8,5,1,0,-1.0,-1.0,1,0,1,0,0.0,0.003826500260526257
1377,frozen,42,8,5,1,0,-1.0,-1.0,1,0,1,0,0.0,0.003826500260526257
1378,frozen,42,6,3,0,0,-1.0,-1.0,1,0,1,0,0.0,0.003826500260526257
1379,frozen,42,4,3,0,1,1.0,1.0,0,nan,nan,nan,0.0,0.003826500260526257
1380,frozen,42,4,2,0,0,-1.0,-1.0,1,1,0,0,0.0,0.003826500260526257
1381,frozen,42,8,5,1,0,-1.0,-1.0,1,0,1,0,0.0,0.003826500260526257
1382,frozen,42,2,5,1,0,-1.0,-1.0,1,0,1,0,0.0,0.003826500260526257
1383,frozen,42,3,5,1,0,-1.0,-1.0,1,0,1,0,0.0,0.003826500260526257
1384,frozen,42,8,5,1,0,-1.0,-1.0,1,0,1,0,0.0,0.003826500260526257
1385,frozen,42,3,5,1,0,-1.0,-1.0,1,0,1,0,0.0,0.003826500260526257
1386,frozen,42,2,5,1,0,-1.0,-1.0,1,0,1,0,0.0,0.003826500260526257
1387,frozen,42,5,3,0,0,-1.0,-1.0,1,0,1,0,0.0,0.003826500260526257
1388,frozen,42,2,3,0,1,1.0,1.0,0,nan,nan,nan,0.0,0.003826500260526257
1389,frozen,42,8,2,0,0,-1.0,-1.0,1,1,0,0,0.0,0.003826500260526257
1390,frozen,42,8,5,1,0,-1.0,-1.0,1,0,1,0,0.0,0.003826500260526257
1391,frozen,42,2,3,0,1,1.0,1.0,0,nan,nan,nan,0.0,0.003826500260526257
1392,frozen,42,4,2,0,0,-1.0,-1.0,1,1,0,0,0.0,0.003826500260526257
1393,frozen,42,8,3,0,0,-1.0,-1.0,1,0,1,0,0.0,0.003826500260526257
1394,frozen,42,6,3,0,0,-1.0,-1.0,1,0,1,0,0.0,0.003826500260526257
1395,frozen,42,1,5,1,0,-1.0,-1.0,1,0,1,0,0.0,0.003826500260526257
1396,frozen,42,5,5,1,1,1.0,1.0,0,nan,nan,nan,0.0,0.003826500260526257
1397,frozen,42,5,4,0,1,1.0,1.0,0,nan,nan,nan,0.0,0.003826500260526257
1398,frozen,42,5,3,0,0,-1.0,-1.0,1,2,0,0,0.0,0.003826500260526257
1399,frozen,42,0,3,0,0,-1.0,-1.0,1,0,1,0,0.0,0.003826500260526257
1400,frozen,42,2,5,1,0,-1.0,-1.0,1,0,1,0,0.0,0.003826500260526257
1401,frozen,42,7,5,1,0,-1.0,-1.0,1,0,1,0,0.0,0.003826500260526257
1402,frozen,42,2,5,1,0,-1.0,-1.0,1,0,1,0,0.0,0.003826500260526257
1403,frozen,42,2,5,1,0,-1.0,-1.0,1,0,1,0,0.0,0.003826500260526257
1404,frozen,42,2,3,0,1,1.0,1.0,0,nan,nan,nan,0.0,0.003826500260526257
1405,frozen,42,1,4,1,0,-1.0,-1.0,1,1,0,0,0.0,0.003826500260526257
1406,frozen,42,1,5,1,0,-1.0,-1.0,1,0,1,0,0.0,0.003826500260526257
1407,frozen,42,3,3,0,1,1.0,1.0,0,nan,nan,nan,0.0,0.003826500260526257
1408,frozen,42,7,4,1,0,-1.0,-1.0,1,1,0,0,0.0,0.003826500260526257
1409,frozen,42,0,3,0,0,-1.0,-1.0,1,0,1,0,0.0,0.003826500260526257
1410,frozen,42,2,5,1,0,-1.0,-1.0,1,0,1,0,0.0,0.003826500260526257
1411,frozen,42,0,3,0,0,-1.0,-1.0,1,0,1,0,0.0,0.003826500260526257
1412,frozen,42,5,5,1,1,1.0,1.0,0,nan,nan,nan,0.0,0.003826500260526257
1413,frozen,42,2,6,1,0,-1.0,-1.0,1,1,0,0,0.0,0.003826500260526257
1414,frozen,42,7,3,0,0,-1.0,-1.0,1,0,1,0,0.0,0.003826500260526257
1415,frozen,42,5,3,0,0,-1.0,-1.0,1,0,1,0,0.0,0.003826500260526257
1416,frozen,42,7,5,1,0,-1.0,-1.0,1,0,1,0,0.0,0.003826500260526257
1417,frozen,42,5,3,0,0,-1.0,-1.0,1,0,1,0,0.0,0.003826500260526257
1418,frozen,42,3,5,1,0,-1.0,-1.0,1,0,1,0,0.0,0.003826500260526257
1419,frozen,42,7,5,1,0,-1.0,-1.0,1,0,1,0,0.0,0.003826500260526257
1420,frozen,42,4,3,0,1,1.0,1.0,0,nan,nan,nan,0.0,0.003826500260526257
1421,frozen,42,8,4,1,0,-1.0,-1.0,1,1,0,0,0.0,0.003826500260526257
1422,frozen,42,8,3,0,0,-1.0,-1.0,1,0,1,0,0.0,0.003826500260526257
1423,frozen,42,5,3,0,0,-1.0,-1.0,1,0,1,0,0.0,0.003826500260526257
1424,frozen,42,6,3,0,0,-1.0,-1.0,1,0,1,0,0.0,0.003826500260526257
1425,frozen,42,2,3,0,1,1.0,1.0,0,nan,nan,nan,0.0,0.003826500260526257
1426,frozen,42,7,4,1,0,-1.0,-1.0,1,1,0,0,0.0,0.003826500260526257
1427,frozen,42,6,5,1,1,1.0,1.0,0,nan,nan,nan,0.0,0.003826500260526257
1428,frozen,42,8,4,0,0,-1.0,-1.0,1,1,0,0,0.0,0.003826500260526257
1429,frozen,42,2,5,1,0,-1.0,-1.0,1,0,1,0,0.0,0.003826500260526257
1430,frozen,42,7,3,0,0,-1.0,-1.0,1,0,1,0,0.0,0.003826500260526257
1431,frozen,42,4,3,0,1,1.0,1.0,0,nan,nan,nan,0.0,0.003826500260526257
1432,frozen,42,1,2,0,1,1.0,1.0,0,nan,nan,nan,0.0,0.003826500260526257
1433,frozen,42,1,3,1,0,-1.0,-1.0,1,2,0,0,0.0,0.003826500260526257
1434,frozen,42,5,5,1,1,1.0,1.0,0,nan,nan,nan,0.0,0.003826500260526257
1435,frozen,42,2,6,1,0,-1.0,-1.0,1,1,0,0,0.0,0.003826500260526257
1436,frozen,42,0,3,0,0,-1.0,-1.0,1,0,1,0,0.0,0.003826500260526257
1437,frozen,42,3,3,0,1,1.0,1.0,0,nan,nan,nan,0.0,0.003826500260526257
1438,frozen,42,5,2,0,0,-1.0,-1.0,1,1,0,0,0.0,0.003826500260526257
1439,frozen,42,2,5,1,0,-1.0,-1.0,1,0,1,0,0.0,0.003826500260526257
1440,frozen,42,8,5,1,0,-1.0,-1.0,1,0,1,0,0.0,0.003826500260526257
1441,frozen,42,7,3,0,0,-1.0,-1.0,1,0,1,0,0.0,0.003826500260526257
1442,frozen,42,4,3,0,1,1.0,1.0,0,nan,nan,nan,0.0,0.003826500260526257
1443,frozen,42,8,4,1,0,-1.0,-1.0,1,1,0,0,0.0,0.003826500260526257
1444,frozen,42,3,3,0,1,1.0,1.0,0,nan,nan,nan,0.0,0.003826500260526257
1445,frozen,42,1,4,1,0,-1.0,-1.0,1,1,0,0,0.0,0.003826500260526257
1446,frozen,42,0,3,0,0,-1.0,-1.0,1,0,1,0,0.0,0.003826500260526257
1447,frozen,42,8,3,0,0,-1.0,-1.0,1,0,1,0,0.0,0.003826500260526257
1448,frozen,42,8,3,0,0,-1.0,-1.0,1,0,1,0,0.0,0.003826500260526257
1449,frozen,42,6,3,0,0,-1.0,-1.0,1,0,1,0,0.0,0.003826500260526257
1450,frozen,42,0,3,0,0,-1.0,-1.0,1,0,1,0,0.0,0.003826500260526257
1451,frozen,42,2,5,1,0,-1.0,-1.0,1,0,1,0,0.0,0.003826500260526257
1452,frozen,42,0,3,0,0,-1.0,-1.0,1,0,1,0,0.0,0.003826500260526257
1453,frozen,42,0,5,1,0,-1.0,-1.0,1,0,1,0,0.0,0.003826500260526257
1454,frozen,42,2,5,1,0,-1.0,-1.0,1,0,1,0,0.0,0.003826500260526257
1455,frozen,42,5,5,1,1,1.0,1.0,0,nan,nan,nan,0.0,0.003826500260526257
1456,frozen,42,0,4,0,0,-1.0,-1.0,1,1,0,0,0.0,0.003826500260526257
1457,frozen,42,8,3,0,0,-1.0,-1.0,1,0,1,0,0.0,0.003826500260526257
1458,frozen,42,4,3,0,1,1.0,1.0,0,nan,nan,nan,0.0,0.003826500260526257
1459,frozen,42,2,4,1,0,-1.0,-1.0,1,1,0,0,0.0,0.003826500260526257
1460,frozen,42,4,3,0,1,1.0,1.0,0,nan,nan,nan,0.0,0.003826500260526257
1461,frozen,42,7,4,1,0,-1.0,-1.0,1,1,0,0,0.0,0.003826500260526257
1462,frozen,42,2,5,1,0,-1.0,-1.0,1,0,1,0,0.0,0.003826500260526257
1463,frozen,42,0,3,0,0,-1.0,-1.0,1,0,1,0,0.0,0.003826500260526257
1464,frozen,42,0,3,0,0,-1.0,-1.0,1,0,1,0,0.0,0.003826500260526257
1465,frozen,42,7,3,0,0,-1.0,-1.0,1,0,1,0,0.0,0.003826500260526257
1466,frozen,42,1,5,1,0,-1.0,-1.0,1,0,1,0,0.0,0.003826500260526257
1467,frozen,42,5,5,1,1,1.0,1.0,0,nan,nan,nan,0.0,0.003826500260526257
1468,frozen,42,3,6,1,0,-1.0,-1.0,1,1,0,0,0.0,0.003826500260526257
1469,frozen,42,6,3,0,0,-1.0,-1.0,1,0,1,0,0.0,0.003826500260526257
1470,frozen,42,0,3,0,0,-1.0,-1.0,1,0,1,0,0.0,0.003826500260526257
1471,frozen,42,8,3,0,0,-1.0,-1.0,1,0,1,0,0.0,0.003826500260526257
1472,frozen,42,6,3,0,0,-1.0,-1.0,1,0,1,0,0.0,0.003826500260526257
1473,frozen,42,4,3,0,1,1.0,1.0,0,nan,nan,nan,0.0,0.003826500260526257
1474,frozen,42,1,4,1,0,-1.0,-1.0,1,1,0,0,0.0,0.003826500260526257
1475,frozen,42,8,3,0,0,-1.0,-1.0,1,0,1,0,0.0,0.003826500260526257
1476,frozen,42,2,5,1,0,-1.0,-1.0,1,0,1,0,0.0,0.003826500260526257
1477,frozen,42,4,3,0,1,1.0,1.0,0,nan,nan,nan,0.0,0.003826500260526257
1478,frozen,42,3,2,0,1,1.0,1.0,0,nan,nan,nan,0.0,0.003826500260526257
1479,frozen,42,2,1,0,1,1.0,1.0,0,nan,nan,nan,0.0,0.003826500260526257
1480,frozen,42,3,0,0,0,-1.0,-1.0,1,3,0,1,0.0,0.003826500260526257
1481,frozen,42,1,5,1,0,-1.0,-1.0,1,0,1,0,0.0,0.003826500260526257
1482,frozen,42,0,3,0,0,-1.0,-1.0,1,0,1,0,0.0,0.003826500260526257
1483,frozen,42,2,5,1,0,-1.0,-1.0,1,0,1,0,0.0,0.003826500260526257
1484,frozen,42,1,5,1,0,-1.0,-1.0,1,0,1,0,0.0,0.003826500260526257
1485,frozen,42,3,3,0,1,1.0,1.0,0,nan,nan,nan,0.0,0.003826500260526257
1486,frozen,42,7,4,1,0,-1.0,-1.0,1,1,0,0,0.0,0.003826500260526257
1487,frozen,42,1,5,1,0,-1.0,-1.0,1,0,1,0,0.0,0.003826500260526257
1488,frozen,42,0,3,0,0,-1.0,-1.0,1,0,1,0,0.0,0.003826500260526257
1489,frozen,42,0,3,0,0,-1.0,-1.0,1,0,1,0,0.0,0.003826500260526257
1490,frozen,42,4,3,0,1,1.0,1.0,0,nan,nan,nan,0.0,0.003826500260526257
1491,frozen,42,2,4,1,0,-1.0,-1.0,1,1,0,0,0.0,0.003826500260526257
1492,frozen,42,4,3,0,1,1.0,1.0,0,nan,nan,nan,0.0,0.003826500260526257
1493,frozen,42,0,2,0,0,-1.0,-1.0,1,1,0,0,0.0,0.003826500260526257
1494,frozen,42,2,3,0,1,1.0,1.0,0,nan,nan,nan,0.0,0.003826500260526257
1495,frozen,42,3,2,0,1,1.0,1.0,0,nan,nan,nan,0.0,0.003826500260526257
1496,frozen,42,3,3,1,1,1.0,1.0,0,nan,nan,nan,0.0,0.003826500260526257
1497,frozen,42,4,4,1,1,1.0,1.0,0,nan,nan,nan,0.0,0.003826500260526257
1498,frozen,42,7,5,1,0,-1.0,-1.0,1,4,0,1,0.0,0.003826500260526257
1499,frozen,42,4,3,0,1,1.0,1.0,0,nan,nan,nan,0.0,0.003826500260526257
1500,frozen,42,7,4,1,0,-1.0,-1.0,1,1,0,0,0.0,0.003826500260526257
1501,frozen,42,4,3,0,1,1.0,1.0,0,nan,nan,nan,0.0,0.003826500260526257
1502,frozen,42,2,4,1,0,-1.0,-1.0,1,1,0,0,0.0,0.003826500260526257
1503,frozen,42,2,3,0,1,1.0,1.0,0,nan,nan,nan,0.0,0.003826500260526257
1504,frozen,42,2,4,1,0,-1.0,-1.0,1,1,0,0,0.0,0.003826500260526257
1505,frozen,42,5,3,0,0,-1.0,-1.0,1,0,1,0,0.0,0.003826500260526257
1506,frozen,42,2,5,1,0,-1.0,-1.0,1,0,1,0,0.0,0.003826500260526257
1507,frozen,42,8,3,0,0,-1.0,-1.0,1,0,1,0,0.0,0.003826500260526257
1508,frozen,42,4,5,1,1,1.0,1.0,0,nan,nan,nan,0.0,0.003826500260526257
1509,frozen,42,7,4,0,0,-1.0,-1.0,1,1,0,0,0.0,0.003826500260526257
1510,frozen,42,6,3,0,0,-1.0,-1.0,1,0,1,0,0.0,0.003826500260526257
1511,frozen,42,3,3,0,1,1.0,1.0,0,nan,nan,nan,0.0,0.003826500260526257
1512,frozen,42,2,2,0,1,1.0,1.0,0,nan,nan,nan,0.0,0.003826500260526257
1513,frozen,42,6,1,0,0,-1.0,-1.0,1,2,0,0,0.0,0.003826500260526257
1514,frozen,42,2,5,1,0,-1.0,-1.0,1,0,1,0,0.0,0.003826500260526257
1515,frozen,42,2,5,1,0,-1.0,-1.0,1,0,1,0,0.0,0.003826500260526257
1516,frozen,42,8,3,0,0,-1.0,-1.0,1,0,1,0,0.0,0.003826500260526257
1517,frozen,42,4,3,0,1,1.0,1.0,0,nan,nan,nan,0.0,0.003826500260526257
1518,frozen,42,0,4,1,0,-1.0,-1.0,1,1,0,0,0.0,0.003826500260526257
1519,frozen,42,4,3,0,1,1.0,1.0,0,nan,nan,nan,0.0,0.003826500260526257
1520,frozen,42,4,4,1,1,1.0,1.0,0,nan,nan,nan,0.0,0.003826500260526257
1521,frozen,42,7,3,0,0,-1.0,-1.0,1,2,0,0,0.0,0.003826500260526257
1522,frozen,42,6,3,0,0,-1.0,-1.0,1,0,1,0,0.0,0.003826500260526257
1523,frozen,42,1,5,1,0,-1.0,-1.0,1,0,1,0,0.0,0.003826500260526257
1524,frozen,42,1,5,1,0,-1.0,-1.0,1,0,1,0,0.0,0.003826500260526257
1525,frozen,42,5,3,0,0,-1.0,-1.0,1,0,1,0,0.0,0.003826500260526257
1526,frozen,42,0,3,0,0,-1.0,-1.0,1,0,1,0,0.0,0.003826500260526257
1527,frozen,42,2,5,1,0,-1.0,-1.0,1,0,1,0,0.0,0.003826500260526257
1528,frozen,42,1,3,0,0,-1.0,-1.0,1,0,1,0,0.0,0.003826500260526257
1529,frozen,42,0,3,0,0,-1.0,-1.0,1,0,1,0,0.0,0.003826500260526257
1530,frozen,42,8,5,1,0,-1.0,-1.0,1,0,1,0,0.0,0.003826500260526257
1531,frozen,42,0,3,0,0,-1.0,-1.0,1,0,1,0,0.0,0.003826500260526257
1532,frozen,42,0,3,0,0,-1.0,-1.0,1,0,1,0,0.0,0.003826500260526257
1533,frozen,42,8,3,0,0,-1.0,-1.0,1,0,1,0,0.0,0.003826500260526257
1534,frozen,42,1,5,1,0,-1.0,-1.0,1,0,1,0,0.0,0.003826500260526257
1535,frozen,42,7,5,1,0,-1.0,-1.0,1,0,1,0,0.0,0.003826500260526257
1536,frozen,42,0,3,0,0,-1.0,-1.0,1,0,1,0,0.0,0.003826500260526257
1537,frozen,42,1,5,1,0,-1.0,-1.0,1,0,1,0,0.0,0.003826500260526257
1538,frozen,42,0,3,0,0,-1.0,-1.0,1,0,1,0,0.0,0.003826500260526257
1539,frozen,42,6,3,0,0,-1.0,-1.0,1,0,1,0,0.0,0.003826500260526257
1540,frozen,42,5,3,0,0,-1.0,-1.0,1,0,1,0,0.0,0.003826500260526257
1541,frozen,42,4,5,1,1,1.0,1.0,0,nan,nan,nan,0.0,0.003826500260526257
1542,frozen,42,2,6,1,0,-1.0,-1.0,1,1,0,0,0.0,0.003826500260526257
1543,frozen,42,0,3,0,0,-1.0,-1.0,1,0,1,0,0.0,0.003826500260526257
1544,frozen,42,5,5,1,1,1.0,1.0,0,nan,nan,nan,0.0,0.003826500260526257
1545,frozen,42,2,6,1,0,-1.0,-1.0,1,1,0,0,0.0,0.003826500260526257
1546,frozen,42,5,3,0,0,-1.0,-1.0,1,0,1,0,0.0,0.003826500260526257
1547,frozen,42,6,3,0,0,-1.0,-1.0,1,0,1,0,0.0,0.003826500260526257
1548,frozen,42,7,5,1,0,-1.0,-1.0,1,0,1,0,0.0,0.003826500260526257
1549,frozen,42,4,3,0,1,1.0,1.0,0,nan,nan,nan,0.0,0.003826500260526257
1550,frozen,42,0,4,1,0,-1.0,-1.0,1,1,0,0,0.0,0.003826500260526257
1551,frozen,42,2,3,0,1,1.0,1.0,0,nan,nan,nan,0.0,0.003826500260526257
1552,frozen,42,7,4,1,0,-1.0,-1.0,1,1,0,0,0.0,0.003826500260526257
1553,frozen,42,4,3,0,1,1.0,1.0,0,nan,nan,nan,0.0,0.003826500260526257
1554,frozen,42,5,2,0,0,-1.0,-1.0,1,1,0,0,0.0,0.003826500260526257
1555,frozen,42,4,3,0,1,1.0,1.0,0,nan,nan,nan,0.0,0.003826500260526257
1556,frozen,42,1,4,1,0,-1.0,-1.0,1,1,0,0,0.0,0.003826500260526257
1557,frozen,42,8,3,0,0,-1.0,-1.0,1,0,1,0,0.0,0.003826500260526257
1558,frozen,42,6,5,1,1,1.0,1.0,0,nan,nan,nan,0.0,0.003826500260526257
1559,frozen,42,8,6,1,0,-1.0,-1.0,1,1,0,0,0.0,0.003826500260526257
1560,frozen,42,7,5,1,0,-1.0,-1.0,1,0,1,0,0.0,0.003826500260526257
1561,frozen,42,2,5,1,0,-1.0,-1.0,1,0,1,0,0.0,0.003826500260526257
1562,frozen,42,2,5,1,0,-1.0,-1.0,1,0,1,0,0.0,0.003826500260526257
1563,frozen,42,2,5,1,0,-1.0,-1.0,1,0,1,0,0.0,0.003826500260526257
1564,frozen,42,8,5,1,0,-1.0,-1.0,1,0,1,0,0.0,0.003826500260526257
1565,frozen,42,5,3,0,0,-1.0,-1.0,1,0,1,0,0.0,0.003826500260526257
1566,frozen,42,4,3,0,1,1.0,1.0,0,nan,nan,nan,0.0,0.003826500260526257
1567,frozen,42,8,4,1,0,-1.0,-1.0,1,1,0,0,0.0,0.003826500260526257
1568,frozen,42,5,3,0,0,-1.0,-1.0,1,0,1,0,0.0,0.003826500260526257
1569,frozen,42,8,5,1,0,-1.0,-1.0,1,0,1,0,0.0,0.003826500260526257
1570,frozen,42,8,5,1,0,-1.0,-1.0,1,0,1,0,0.0,0.003826500260526257
1571,frozen,42,0,3,0,0,-1.0,-1.0,1,0,1,0,0.0,0.003826500260526257
1572,frozen,42,3,3,0,1,1.0,1.0,0,nan,nan,nan,0.0,0.003826500260526257
1573,frozen,42,6,2,0,0,-1.0,-1.0,1,1,0,0,0.0,0.003826500260526257
1574,frozen,42,7,5,1,0,-1.0,-1.0,1,0,1,0,0.0,0.003826500260526257
1575,frozen,42,1,5,1,0,-1.0,-1.0,1,0,1,0,0.0,0.003826500260526257
1576,frozen,42,2,5,1,0,-1.0,-1.0,1,0,1,0,0.0,0.003826500260526257
1577,frozen,42,4,3,0,1,1.0,1.0,0,nan,nan,nan,0.0,0.003826500260526257
1578,frozen,42,7,2,0,0,-1.0,-1.0,1,1,0,0,0.0,0.003826500260526257
1579,frozen,42,1,5,1,0,-1.0,-1.0,1,0,1,0,0.0,0.003826500260526257
1580,frozen,42,5,5,1,1,1.0,1.0,0,nan,nan,nan,0.0,0.003826500260526257
1581,frozen,42,2,6,1,0,-1.0,-1.0,1,1,0,0,0.0,0.003826500260526257
1582,frozen,42,1,5,1,0,-1.0,-1.0,1,0,1,0,0.0,0.003826500260526257
1583,frozen,42,4,3,0,1,1.0,1.0,0,nan,nan,nan,0.0,0.003826500260526257
1584,frozen,42,3,2,0,1,1.0,1.0,0,nan,nan,nan,0.0,0.003826500260526257
1585,frozen,42,5,3,1,0,-1.0,-1.0,1,2,0,0,0.0,0.003826500260526257
1586,frozen,42,2,3,0,1,1.0,1.0,0,nan,nan,nan,0.0,0.003826500260526257
1587,frozen,42,7,2,0,0,-1.0,-1.0,1,1,0,0,0.0,0.003826500260526257
1588,frozen,42,0,3,0,0,-1.0,-1.0,1,0,1,0,0.0,0.003826500260526257
1589,frozen,42,7,5,1,0,-1.0,-1.0,1,0,1,0,0.0,0.003826500260526257
1590,frozen,42,0,3,0,0,-1.0,-1.0,1,0,1,0,0.0,0.003826500260526257
1591,frozen,42,6,3,0,0,-1.0,-1.0,1,0,1,0,0.0,0.003826500260526257
1592,frozen,42,3,3,0,1,1.0,1.0,0,nan,nan,nan,0.0,0.003826500260526257
1593,frozen,42,3,2,0,1,1.0,1.0,0,nan,nan,nan,0.0,0.003826500260526257
1594,frozen,42,0,1,0,1,1.0,1.0,0,nan,nan,nan,0.0,0.003826500260526257
1595,frozen,42,6,2,1,0,-1.0,-1.0,1,3,0,1,0.0,0.003826500260526257
1596,frozen,42,1,5,1,0,-1.0,-1.0,1,0,1,0,0.0,0.003826500260526257
1597,frozen,42,5,3,0,0,-1.0,-1.0,1,0,1,0,0.0,0.003826500260526257
1598,frozen,42,6,3,0,0,-1.0,-1.0,1,0,1,0,0.0,0.003826500260526257
1599,frozen,42,7,3,0,0,-1.0,-1.0,1,0,1,0,0.0,0.003826500260526257
1600,frozen,42,6,3,0,0,-1.0,-1.0,1,0,1,0,0.0,0.003826500260526257
1601,frozen,42,2,5,1,0,-1.0,-1.0,1,0,1,0,0.0,0.003826500260526257
1602,frozen,42,6,3,0,0,-1.0,-1.0,1,0,1,0,0.0,0.003826500260526257
1603,frozen,42,7,5,1,0,-1.0,-1.0,1,0,1,0,0.0,0.003826500260526257
1604,frozen,42,2,5,1,0,-1.0,-1.0,1,0,1,0,0.0,0.003826500260526257
1605,frozen,42,1,5,1,0,-1.0,-1.0,1,0,1,0,0.0,0.003826500260526257
1606,frozen,42,8,5,1,0,-1.0,-1.0,1,0,1,0,0.0,0.003826500260526257
1607,frozen,42,1,5,1,0,-1.0,-1.0,1,0,1,0,0.0,0.003826500260526257
1608,frozen,42,5,3,0,0,-1.0,-1.0,1,0,1,0,0.0,0.003826500260526257
1609,frozen,42,2,5,1,0,-1.0,-1.0,1,0,1,0,0.0,0.003826500260526257
1610,frozen,42,1,5,1,0,-1.0,-1.0,1,0,1,0,0.0,0.003826500260526257
1611,frozen,42,6,3,0,0,-1.0,-1.0,1,0,1,0,0.0,0.003826500260526257
1612,frozen,42,1,5,1,0,-1.0,-1.0,1,0,1,0,0.0,0.003826500260526257
1613,frozen,42,6,3,0,0,-1.0,-1.0,1,0,1,0,0.0,0.003826500260526257
1614,frozen,42,6,3,0,0,-1.0,-1.0,1,0,1,0,0.0,0.003826500260526257
1615,frozen,42,0,3,0,0,-1.0,-1.0,1,0,1,0,0.0,0.003826500260526257
1616,frozen,42,1,5,1,0,-1.0,-1.0,1,0,1,0,0.0,0.003826500260526257
1617,frozen,42,7,3,0,0,-1.0,-1.0,1,0,1,0,0.0,0.003826500260526257
1618,frozen,42,4,3,0,1,1.0,1.0,0,nan,nan,nan,0.0,0.003826500260526257
1619,frozen,42,1,2,0,1,1.0,1.0,0,nan,nan,nan,0.0,0.003826500260526257
1620,frozen,42,8,1,0,0,-1.0,-1.0,1,2,0,0,0.0,0.003826500260526257
1621,frozen,42,2,5,1,0,-1.0,-1.0,1,0,1,0,0.0,0.003826500260526257
1622,frozen,42,0,3,0,0,-1.0,-1.0,1,0,1,0,0.0,0.003826500260526257
1623,frozen,42,8,3,0,0,-1.0,-1.0,1,0,1,0,0.0,0.003826500260526257
1624,frozen,42,0,3,0,0,-1.0,-1.0,1,0,1,0,0.0,0.003826500260526257
1625,frozen,42,4,3,0,1,1.0,1.0,0,nan,nan,nan,0.0,0.003826500260526257
1626,frozen,42,8,2,0,0,-1.0,-1.0,1,1,0,0,0.0,0.003826500260526257
1627,frozen,42,5,5,1,1,1.0,1.0,0,nan,nan,nan,0.0,0.003826500260526257
1628,frozen,42,5,4,0,1,1.0,1.0,0,nan,nan,nan,0.0,0.003826500260526257
1629,frozen,42,3,3,0,1,1.0,1.0,0,nan,nan,nan,0.0,0.003826500260526257
1630,frozen,42,1,4,1,0,-1.0,-1.0,1,3,0,1,0.0,0.003826500260526257
1631,frozen,42,5,3,0,0,-1.0,-1.0,1,0,1,0,0.0,0.003826500260526257
1632,frozen,42,8,3,0,0,-1.0,-1.0,1,0,1,0,0.0,0.003826500260526257
1633,frozen,42,0,3,0,0,-1.0,-1.0,1,0,1,0,0.0,0.003826500260526257
1634,frozen,42,7,3,0,0,-1.0,-1.0,1,0,1,0,0.0,0.003826500260526257
1635,frozen,42,3,3,0,1,1.0,1.0,0,nan,nan,nan,0.0,0.003826500260526257
1636,frozen,42,4,2,0,0,-1.0,-1.0,1,1,0,0,0.0,0.003826500260526257
1637,frozen,42,1,5,1,0,-1.0,-1.0,1,0,1,0,0.0,0.003826500260526257
1638,frozen,42,5,3,0,0,-1.0,-1.0,1,0,1,0,0.0,0.003826500260526257
1639,frozen,42,1,3,0,0,-1.0,-1.0,1,0,1,0,0.0,0.003826500260526257
1640,frozen,42,2,3,0,1,1.0,1.0,0,nan,nan,nan,0.0,0.003826500260526257
1641,frozen,42,6,4,1,0,-1.0,-1.0,1,1,0,0,0.0,0.003826500260526257
1642,frozen,42,0,3,0,0,-1.0,-1.0,1,0,1,0,0.0,0.003826500260526257
1643,frozen,42,4,3,0,1,1.0,1.0,0,nan,nan,nan,0.0,0.003826500260526257
1644,frozen,42,5,2,0,0,-1.0,-1.0,1,1,0,0,0.0,0.003826500260526257
1645,frozen,42,1,5,1,0,-1.0,-1.0,1,0,1,0,0.0,0.003826500260526257
1646,frozen,42,2,3,0,1,1.0,1.0,0,nan,nan,nan,0.0,0.003826500260526257
1647,frozen,42,3,2,0,1,1.0,1.0,0,nan,nan,nan,0.0,0.003826500260526257
1648,frozen,42,5,1,0,0,-1.0,-1.0,1,2,0,0,0.0,0.003826500260526257
1649,frozen,42,8,5,1,0,-1.0,-1.0,1,0,1,0,0.0,0.003826500260526257
1650,frozen,42,7,5,1,0,-1.0,-1.0,1,0,1,0,0.0,0.003826500260526257
1651,frozen,42,1,5,1,0,-1.0,-1.0,1,0,1,0,0.0,0.003826500260526257
1652,frozen,42,0,3,0,0,-1.0,-1.0,1,0,1,0,0.0,0.003826500260526257
1653,frozen,42,0,3,0,0,-1.0,-1.0,1,0,1,0,0.0,0.003826500260526257
1654,frozen,42,5,5,1,1,1.0,1.0,0,nan,nan,nan,0.0,0.003826500260526257
1655,frozen,42,1,4,0,0,-1.0,-1.0,1,1,0,0,0.0,0.003826500260526257
1656,frozen,42,2,3,0,1,1.0,1.0,0,nan,nan,nan,0.0,0.003826500260526257
1657,frozen,42,7,2,0,0,-1.0,-1.0,1,1,0,0,0.0,0.003826500260526257
1658,frozen,42,7,5,1,0,-1.0,-1.0,1,0,1,0,0.0,0.003826500260526257
1659,frozen,42,7,5,1,0,-1.0,-1.0,1,0,1,0,0.0,0.003826500260526257
1660,frozen,42,2,5,1,0,-1.0,-1.0,1,0,1,0,0.0,0.003826500260526257
1661,frozen,42,5,3,0,0,-1.0,-1.0,1,0,1,0,0.0,0.003826500260526257
1662,frozen,42,5,3,0,0,-1.0,-1.0,1,0,1,0,0.0,0.003826500260526257
1663,frozen,42,1,5,1,0,-1.0,-1.0,1,0,1,0,0.0,0.003826500260526257
1664,frozen,42,4,3,0,1,1.0,1.0,0,nan,nan,nan,0.0,0.003826500260526257
1665,frozen,42,4,2,0,0,-1.0,-1.0,1,1,0,0,0.0,0.003826500260526257
1666,frozen,42,3,5,1,0,-1.0,-1.0,1,0,1,0,0.0,0.003826500260526257
1667,frozen,42,6,3,0,0,-1.0,-1.0,1,0,1,0,0.0,0.003826500260526257
1668,frozen,42,6,3,0,0,-1.0,-1.0,1,0,1,0,0.0,0.003826500260526257
1669,frozen,42,4,3,0,1,1.0,1.0,0,nan,nan,nan,0.0,0.003826500260526257
1670,frozen,42,6,2,0,0,-1.0,-1.0,1,1,0,0,0.0,0.003826500260526257
1671,frozen,42,6,3,0,0,-1.0,-1.0,1,0,1,0,0.0,0.003826500260526257
1672,frozen,42,5,5,1,1,1.0,1.0,0,nan,nan,nan,0.0,0.003826500260526257
1673,frozen,42,2,6,1,0,-1.0,-1.0,1,1,0,0,0.0,0.003826500260526257
1674,frozen,42,6,5,1,1,1.0,1.0,0,nan,nan,nan,0.0,0.003826500260526257
1675,frozen,42,6,6,1,1,1.0,1.0,0,nan,nan,nan,0.0,0.003826500260526257
1676,frozen,42,8,5,0,0,-1.0,-1.0,1,2,0,0,0.0,0.003826500260526257
1677,frozen,42,1,5,1,0,-1.0,-1.0,1,0,1,0,0.0,0.003826500260526257
1678,frozen,42,3,3,0,1,1.0,1.0,0,nan,nan,nan,0.0,0.003826500260526257
1679,frozen,42,8,2,0,0,-1.0,-1.0,1,1,0,0,0.0,0.003826500260526257
1680,frozen,42,4,3,0,1,1.0,1.0,0,nan,nan,nan,0.0,0.003826500260526257
1681,frozen,42,8,2,0,0,-1.0,-1.0,1,1,0,0,0.0,0.003826500260526257
1682,frozen,42,0,3,0,0,-1.0,-1.0,1,0,1,0,0.0,0.003826500260526257
1683,frozen,42,0,3,0,0,-1.0,-1.0,1,0,1,0,0.0,0.003826500260526257
1684,frozen,42,7,5,1,0,-1.0,-1.0,1,0,1,0,0.0,0.003826500260526257
1685,frozen,42,3,5,1,0,-1.0,-1.0,1,0,1,0,0.0,0.003826500260526257
1686,frozen,42,4,3,0,1,1.0,1.0,0,nan,nan,nan,0.0,0.003826500260526257
1687,frozen,42,3,2,0,1,1.0,1.0,0,nan,nan,nan,0.0,0.003826500260526257
1688,frozen,42,3,1,0,0,-1.0,-1.0,1,2,0,0,0.0,0.003826500260526257
1689,frozen,42,8,5,1,0,-1.0,-1.0,1,0,1,0,0.0,0.003826500260526257
1690,frozen,42,0,3,0,0,-1.0,-1.0,1,0,1,0,0.0,0.003826500260526257
1691,frozen,42,6,3,0,0,-1.0,-1.0,1,0,1,0,0.0,0.003826500260526257
1692,frozen,42,8,5,1,0,-1.0,-1.0,1,0,1,0,0.0,0.003826500260526257
1693,frozen,42,5,3,0,0,-1.0,-1.0,1,0,1,0,0.0,0.003826500260526257
1694,frozen,42,3,3,0,1,1.0,1.0,0,nan,nan,nan,0.0,0.003826500260526257
1695,frozen,42,1,4,1,0,-1.0,-1.0,1,1,0,0,0.0,0.003826500260526257
1696,frozen,42,6,3,0,0,-1.0,-1.0,1,0,1,0,0.0,0.003826500260526257
1697,frozen,42,4,3,0,1,1.0,1.0,0,nan,nan,nan,0.0,0.003826500260526257
1698,frozen,42,1,2,0,1,1.0,1.0,0,nan,nan,nan,0.0,0.003826500260526257
1699,frozen,42,3,1,0,0,-1.0,-1.0,1,2,0,0,0.0,0.003826500260526257
1700,frozen,42,8,5,1,0,-1.0,-1.0,1,0,1,0,0.0,0.003826500260526257
1701,frozen,42,2,3,0,1,1.0,1.0,0,nan,nan,nan,0.0,0.003826500260526257
1702,frozen,42,1,2,0,1,1.0,1.0,0,nan,nan,nan,0.0,0.003826500260526257
1703,frozen,42,6,1,0,0,-1.0,-1.0,1,2,0,0,0.0,0.003826500260526257
1704,frozen,42,1,5,1,0,-1.0,-1.0,1,0,1,0,0.0,0.003826500260526257
1705,frozen,42,8,3,0,0,-1.0,-1.0,1,0,1,0,0.0,0.003826500260526257
1706,frozen,42,7,5,1,0,-1.0,-1.0,1,0,1,0,0.0,0.003826500260526257
1707,frozen,42,8,5,1,0,-1.0,-1.0,1,0,1,0,0.0,0.003826500260526257
1708,frozen,42,8,3,0,0,-1.0,-1.0,1,0,1,0,0.0,0.003826500260526257
1709,frozen,42,2,5,1,0,-1.0,-1.0,1,0,1,0,0.0,0.003826500260526257
1710,frozen,42,1,5,1,0,-1.0,-1.0,1,0,1,0,0.0,0.003826500260526257
1711,frozen,42,3,5,1,0,-1.0,-1.0,1,0,1,0,0.0,0.003826500260526257
1712,frozen,42,4,3,0,1,1.0,1.0,0,nan,nan,nan,0.0,0.003826500260526257
1713,frozen,42,7,2,0,0,-1.0,-1.0,1,1,0,0,0.0,0.003826500260526257
1714,frozen,42,6,3,0,0,-1.0,-1.0,1,0,1,0,0.0,0.003826500260526257
1715,frozen,42,5,3,0,0,-1.0,-1.0,1,0,1,0,0.0,0.003826500260526257
1716,frozen,42,7,3,0,0,-1.0,-1.0,1,0,1,0,0.0,0.003826500260526257
1717,frozen,42,5,3,0,0,-1.0,-1.0,1,0,1,0,0.0,0.003826500260526257
1718,frozen,42,3,5,1,0,-1.0,-1.0,1,0,1,0,0.0,0.003826500260526257
1719,frozen,42,3,3,0,1,1.0,1.0,0,nan,nan,nan,0.0,0.003826500260526257
1720,frozen,42,4,2,0,0,-1.0,-1.0,1,1,0,0,0.0,0.003826500260526257
1721,frozen,42,0,3,0,0,-1.0,-1.0,1,0,1,0,0.0,0.003826500260526257
1722,frozen,42,6,3,0,0,-1.0,-1.0,1,0,1,0,0.0,0.003826500260526257
1723,frozen,42,5,3,0,0,-1.0,-1.0,1,0,1,0,0.0,0.003826500260526257
1724,frozen,42,6,3,0,0,-1.0,-1.0,1,0,1,0,0.0,0.003826500260526257
1725,frozen,42,4,3,0,1,1.0,1.0,0,nan,nan,nan,0.0,0.003826500260526257
1726,frozen,42,7,4,1,0,-1.0,-1.0,1,1,0,0,0.0,0.003826500260526257
1727,frozen,42,8,5,1,0,-1.0,-1.0,1,0,1,0,0.0,0.003826500260526257
1728,frozen,42,5,5,1,1,1.0,1.0,0,nan,nan,nan,0.0,0.003826500260526257
1729,frozen,42,3,4,0,1,1.0,1.0,0,nan,nan,nan,0.0,0.003826500260526257
1730,frozen,42,0,5,1,0,-1.0,-1.0,1,2,0,0,0.0,0.003826500260526257
1731,frozen,42,7,3,0,0,-1.0,-1.0,1,0,1,0,0.0,0.003826500260526257
1732,frozen,42,8,5,1,0,-1.0,-1.0,1,0,1,0,0.0,0.003826500260526257
1733,frozen,42,6,3,0,0,-1.0,-1.0,1,0,1,0,0.0,0.003826500260526257
1734,frozen,42,7,5,1,0,-1.0,-1.0,1,0,1,0,0.0,0.003826500260526257
1735,frozen,42,7,5,1,0,-1.0,-1.0,1,0,1,0,0.0,0.003826500260526257
1736,frozen,42,7,5,1,0,-1.0,-1.0,1,0,1,0,0.0,0.003826500260526257
1737,frozen,42,4,3,0,1,1.0,1.0,0,nan,nan,nan,0.0,0.003826500260526257
1738,frozen,42,0,4,1,0,-1.0,-1.0,1,1,0,0,0.0,0.003826500260526257
1739,frozen,42,0,5,1,0,-1.0,-1.0,1,0,1,0,0.0,0.003826500260526257
1740,frozen,42,1,5,1,0,-1.0,-1.0,1,0,1,0,0.0,0.003826500260526257
1741,frozen,42,3,5,1,0,-1.0,-1.0,1,0,1,0,0.0,0.003826500260526257
1742,frozen,42,6,3,0,0,-1.0,-1.0,1,0,1,0,0.0,0.003826500260526257
1743,frozen,42,4,3,0,1,1.0,1.0,0,nan,nan,nan,0.0,0.003826500260526257
1744,frozen,42,0,4,1,0,-1.0,-1.0,1,1,0,0,0.0,0.003826500260526257
1745,frozen,42,1,5,1,0,-1.0,-1.0,1,0,1,0,0.0,0.003826500260526257
1746,frozen,42,8,5,1,0,-1.0,-1.0,1,0,1,0,0.0,0.003826500260526257
1747,frozen,42,8,3,0,0,-1.0,-1.0,1,0,1,0,0.0,0.003826500260526257
1748,frozen,42,3,5,1,0,-1.0,-1.0,1,0,1,0,0.0,0.003826500260526257
1749,frozen,42,7,5,1,0,-1.0,-1.0,1,0,1,0,0.0,0.003826500260526257
1750,frozen,42,6,3,0,0,-1.0,-1.0,1,0,1,0,0.0,0.003826500260526257
1751,frozen,42,8,3,0,0,-1.0,-1.0,1,0,1,0,0.0,0.003826500260526257
1752,frozen,42,7,3,0,0,-1.0,-1.0,1,0,1,0,0.0,0.003826500260526257
1753,frozen,42,5,5,1,1,1.0,1.0,0,nan,nan,nan,0.0,0.003826500260526257
1754,frozen,42,3,6,1,0,-1.0,-1.0,1,1,0,0,0.0,0.003826500260526257
1755,frozen,42,5,5,1,1,1.0,1.0,0,nan,nan,nan,0.0,0.003826500260526257
1756,frozen,42,2,6,1,0,-1.0,-1.0,1,1,0,0,0.0,0.003826500260526257
1757,frozen,42,3,5,1,0,-1.0,-1.0,1,0,1,0,0.0,0.003826500260526257
1758,frozen,42,5,5,1,1,1.0,1.0,0,nan,nan,nan,0.0,0.003826500260526257
1759,frozen,42,5,4,0,1,1.0,1.0,0,nan,nan,nan,0.0,0.003826500260526257
1760,frozen,42,5,3,0,0,-1.0,-1.0,1,2,0,0,0.0,0.003826500260526257
1761,frozen,42,3,3,0,1,1.0,1.0,0,nan,nan,nan,0.0,0.003826500260526257
1762,frozen,42,3,2,0,1,1.0,1.0,0,nan,nan,nan,0.0,0.003826500260526257
1763,frozen,42,0,3,1,0,-1.0,-1.0,1,2,0,0,0.0,0.003826500260526257
1764,frozen,42,5,3,0,0,-1.0,-1.0,1,0,1,0,0.0,0.003826500260526257
1765,frozen,42,5,3,0,0,-1.0,-1.0,1,0,1,0,0.0,0.003826500260526257
1766,frozen,42,8,3,0,0,-1.0,-1.0,1,0,1,0,0.0,0.003826500260526257
1767,frozen,42,4,3,0,1,1.0,1.0,0,nan,nan,nan,0.0,0.003826500260526257
1768,frozen,42,4,4,1,1,1.0,1.0,0,nan,nan,nan,0.0,0.003826500260526257
1769,frozen,42,0,3,0,0,-1.0,-1.0,1,2,0,0,0.0,0.003826500260526257
1770,frozen,42,1,5,1,0,-1.0,-1.0,1,0,1,0,0.0,0.003826500260526257
1771,frozen,42,3,3,0,1,1.0,1.0,0,nan,nan,nan,0.0,0.003826500260526257
1772,frozen,42,3,2,0,1,1.0,1.0,0,nan,nan,nan,0.0,0.003826500260526257
1773,frozen,42,3,1,0,0,-1.0,-1.0,1,2,0,0,0.0,0.003826500260526257
1774,frozen,42,3,5,1,0,-1.0,-1.0,1,0,1,0,0.0,0.003826500260526257
1775,frozen,42,6,3,0,0,-1.0,-1.0,1,0,1,0,0.0,0.003826500260526257
1776,frozen,42,1,5,1,0,-1.0,-1.0,1,0,1,0,0.0,0.003826500260526257
1777,frozen,42,2,5,1,0,-1.0,-1.0,1,0,1,0,0.0,0.003826500260526257
1778,frozen,42,1,3,0,0,-1.0,-1.0,1,0,1,0,0.0,0.003826500260526257
1779,frozen,42,2,3,0,1,1.0,1.0,0,nan,nan,nan,0.0,0.003826500260526257
1780,frozen,42,6,4,1,0,-1.0,-1.0,1,1,0,0,0.0,0.003826500260526257
1781,frozen,42,0,3,0,0,-1.0,-1.0,1,0,1,0,0.0,0.003826500260526257
1782,frozen,42,3,5,1,0,-1.0,-1.0,1,0,1,0,0.0,0.003826500260526257
1783,frozen,42,0,3,0,0,-1.0,-1.0,1,0,1,0,0.0,0.003826500260526257
1784,frozen,42,8,3,0,0,-1.0,-1.0,1,0,1,0,0.0,0.003826500260526257
1785,frozen,42,6,3,0,0,-1.0,-1.0,1,0,1,0,0.0,0.003826500260526257
1786,frozen,42,2,5,1,0,-1.0,-1.0,1,0,1,0,0.0,0.003826500260526257
1787,frozen,42,1,5,1,0,-1.0,-1.0,1,0,1,0,0.0,0.003826500260526257
1788,frozen,42,0,3,0,0,-1.0,-1.0,1,0,1,0,0.0,0.003826500260526257
1789,frozen,42,4,3,0,1,1.0,1.0,0,nan,nan,nan,0.0,0.003826500260526257
1790,frozen,42,6,4,1,0,-1.0,-1.0,1,1,0,0,0.0,0.003826500260526257
1791,frozen,42,5,5,1,1,1.0,1.0,0,nan,nan,nan,0.0,0.003826500260526257
1792,frozen,42,7,4,0,0,-1.0,-1.0,1,1,0,0,0.0,0.003826500260526257
1793,frozen,42,3,3,0,1,1.0,1.0,0,nan,nan,nan,0.0,0.003826500260526257
1794,frozen,42,2,2,0,1,1.0,1.0,0,nan,nan,nan,0.0,0.003826500260526257
1795,frozen,42,4,1,0,0,-1.0,-1.0,1,2,0,0,0.0,0.003826500260526257
1796,frozen,42,1,5,1,0,-1.0,-1.0,1,0,1,0,0.0,0.003826500260526257
1797,frozen,42,8,5,1,0,-1.0,-1.0,1,0,1,0,0.0,0.003826500260526257
1798,frozen,42,1,5,1,0,-1.0,-1.0,1,0,1,0,0.0,0.003826500260526257
1799,frozen,42,4,3,0,1,1.0,1.0,0,nan,nan,nan,0.0,0.003826500260526257
1800,frozen,42,4,4,1,1,1.0,1.0,0,nan,nan,nan,0.0,0.003826500260526257
1801,frozen,42,0,3,0,0,-1.0,-1.0,1,2,0,0,0.0,0.003826500260526257
1802,frozen,42,4,3,0,1,1.0,1.0,0,nan,nan,nan,0.0,0.003826500260526257
1803,frozen,42,4,4,1,1,1.0,1.0,0,nan,nan,nan,0.0,0.003826500260526257
1804,frozen,42,2,3,0,1,1.0,1.0,0,nan,nan,nan,0.0,0.003826500260526257
1805,frozen,42,1,4,1,0,-1.0,-1.0,1,3,0,1,0.0,0.003826500260526257
1806,frozen,42,0,3,0,0,-1.0,-1.0,1,0,1,0,0.0,0.003826500260526257
1807,frozen,42,0,3,0,0,-1.0,-1.0,1,0,1,0,0.0,0.003826500260526257
1808,frozen,42,4,3,0,1,1.0,1.0,0,nan,nan,nan,0.0,0.003826500260526257
1809,frozen,42,0,4,1,0,-1.0,-1.0,1,1,0,0,0.0,0.003826500260526257
1810,frozen,42,8,3,0,0,-1.0,-1.0,1,0,1,0,0.0,0.003826500260526257
1811,frozen,42,2,5,1,0,-1.0,-1.0,1,0,1,0,0.0,0.003826500260526257
1812,frozen,42,5,3,0,0,-1.0,-1.0,1,0,1,0,0.0,0.003826500260526257
1813,frozen,42,6,3,0,0,-1.0,-1.0,1,0,1,0,0.0,0.003826500260526257
1814,frozen,42,4,3,0,1,1.0,1.0,0,nan,nan,nan,0.0,0.003826500260526257
1815,frozen,42,7,4,1,0,-1.0,-1.0,1,1,0,0,0.0,0.003826500260526257
1816,frozen,42,0,3,0,0,-1.0,-1.0,1,0,1,0,0.0,0.003826500260526257
1817,frozen,42,2,3,0,1,1.0,1.0,0,nan,nan,nan,0.0,0.003826500260526257
1818,frozen,42,2,4,1,0,-1.0,-1.0,1,1,0,0,0.0,0.003826500260526257
1819,frozen,42,1,5,1,0,-1.0,-1.0,1,0,1,0,0.0,0.003826500260526257
1820,frozen,42,2,3,0,1,1.0,1.0,0,nan,nan,nan,0.0,0.003826500260526257
1821,frozen,42,2,2,0,1,1.0,1.0,0,nan,nan,nan,0.0,0.003826500260526257
1822,frozen,42,6,3,1,0,-1.0,-1.0,1,2,0,0,0.0,0.003826500260526257
1823,frozen,42,2,5,1,0,-1.0,-1.0,1,0,1,0,0.0,0.003826500260526257
1824,frozen,42,7,5,1,0,-1.0,-1.0,1,0,1,0,0.0,0.003826500260526257
1825,frozen,42,6,3,0,0,-1.0,-1.0,1,0,1,0,0.0,0.003826500260526257
1826,frozen,42,8,5,1,0,-1.0,-1.0,1,0,1,0,0.0,0.003826500260526257
1827,frozen,42,0,3,0,0,-1.0,-1.0,1,0,1,0,0.0,0.003826500260526257
1828,frozen,42,8,5,1,0,-1.0,-1.0,1,0,1,0,0.0,0.003826500260526257
1829,frozen,42,5,3,0,0,-1.0,-1.0,1,0,1,0,0.0,0.003826500260526257
1830,frozen,42,8,3,0,0,-1.0,-1.0,1,0,1,0,0.0,0.003826500260526257
1831,frozen,42,3,3,0,1,1.0,1.0,0,nan,nan,nan,0.0,0.003826500260526257
1832,frozen,42,8,4,1,0,-1.0,-1.0,1,1,0,0,0.0,0.003826500260526257
1833,frozen,42,5,3,0,0,-1.0,-1.0,1,0,1,0,0.0,0.003826500260526257
1834,frozen,42,0,3,0,0,-1.0,-1.0,1,0,1,0,0.0,0.003826500260526257
1835,frozen,42,3,3,0,1,1.0,1.0,0,nan,nan,nan,0.0,0.003826500260526257
1836,frozen,42,1,4,1,0,-1.0,-1.0,1,1,0,0,0.0,0.003826500260526257
1837,frozen,42,8,3,0,0,-1.0,-1.0,1,0,1,0,0.0,0.003826500260526257
1838,frozen,42,2,5,1,0,-1.0,-1.0,1,0,1,0,0.0,0.003826500260526257
1839,frozen,42,2,5,1,0,-1.0,-1.0,1,0,1,0,0.0,0.003826500260526257
1840,frozen,42,4,3,0,1,1.0,1.0,0,nan,nan,nan,0.0,0.003826500260526257
1841,frozen,42,3,2,0,1,1.0,1.0,0,nan,nan,nan,0.0,0.003826500260526257
1842,frozen,42,0,1,0,1,1.0,1.0,0,nan,nan,nan,0.0,0.003826500260526257
1843,frozen,42,7,0,0,0,-1.0,-1.0,1,3,0,1,0.0,0.003826500260526257
1844,frozen,42,7,3,0,0,-1.0,-1.0,1,0,1,0,0.0,0.003826500260526257
1845,frozen,42,6,3,0,0,-1.0,-1.0,1,0,1,0,0.0,0.003826500260526257
1846,frozen,42,5,5,1,1,1.0,1.0,0,nan,nan,nan,0.0,0.003826500260526257
1847,frozen,42,3,4,0,1,1.0,1.0,0,nan,nan,nan,0.0,0.003826500260526257
1848,frozen,42,4,3,0,1,1.0,1.0,0,nan,nan,nan,0.0,0.003826500260526257
1849,frozen,42,4,2,0,0,-1.0,-1.0,1,3,0,1,0.0,0.003826500260526257
1850,frozen,42,1,5,1,0,-1.0,-1.0,1,0,1,0,0.0,0.003826500260526257
1851,frozen,42,0,3,0,0,-1.0,-1.0,1,0,1,0,0.0,0.003826500260526257
1852,frozen,42,2,5,1,0,-1.0,-1.0,1,0,1,0,0.0,0.003826500260526257
1853,frozen,42,4,3,0,1,1.0,1.0,0,nan,nan,nan,0.0,0.003826500260526257
1854,frozen,42,1,2,0,1,1.0,1.0,0,nan,nan,nan,0.0,0.003826500260526257
1855,frozen,42,0,1,0,1,1.0,1.0,0,nan,nan,nan,0.0,0.003826500260526257
1856,frozen,42,7,0,0,0,-1.0,-1.0,1,3,0,1,0.0,0.003826500260526257
1857,frozen,42,3,3,0,1,1.0,1.0,0,nan,nan,nan,0.0,0.003826500260526257
1858,frozen,42,5,2,0,0,-1.0,-1.0,1,1,0,0,0.0,0.003826500260526257
1859,frozen,42,4,3,0,1,1.0,1.0,0,nan,nan,nan,0.0,0.003826500260526257
1860,frozen,42,6,2,0,0,-1.0,-1.0,1,1,0,0,0.0,0.003826500260526257
1861,frozen,42,6,3,0,0,-1.0,-1.0,1,0,1,0,0.0,0.003826500260526257
1862,frozen,42,2,5,1,0,-1.0,-1.0,1,0,1,0,0.0,0.003826500260526257
1863,frozen,42,7,5,1,0,-1.0,-1.0,1,0,1,0,0.0,0.003826500260526257
1864,frozen,42,3,5,1,0,-1.0,-1.0,1,0,1,0,0.0,0.003826500260526257
1865,frozen,42,7,5,1,0,-1.0,-1.0,1,0,1,0,0.0,0.003826500260526257
1866,frozen,42,3,5,1,0,-1.0,-1.0,1,0,1,0,0.0,0.003826500260526257
1867,frozen,42,0,3,0,0,-1.0,-1.0,1,0,1,0,0.0,0.003826500260526257
1868,frozen,42,6,3,0,0,-1.0,-1.0,1,0,1,0,0.0,0.003826500260526257
1869,frozen,42,0,3,0,0,-1.0,-1.0,1,0,1,0,0.0,0.003826500260526257
1870,frozen,42,6,3,0,0,-1.0,-1.0,1,0,1,0,0.0,0.003826500260526257
1871,frozen,42,0,3,0,0,-1.0,-1.0,1,0,1,0,0.0,0.003826500260526257
1872,frozen,42,1,5,1,0,-1.0,-1.0,1,0,1,0,0.0,0.003826500260526257
1873,frozen,42,5,5,1,1,1.0,1.0,0,nan,nan,nan,0.0,0.003826500260526257
1874,frozen,42,8,6,1,0,-1.0,-1.0,1,1,0,0,0.0,0.003826500260526257
1875,frozen,42,3,3,0,1,1.0,1.0,0,nan,nan,nan,0.0,0.003826500260526257
1876,frozen,42,1,4,1,0,-1.0,-1.0,1,1,0,0,0.0,0.003826500260526257
1877,frozen,42,2,3,0,1,1.0,1.0,0,nan,nan,nan,0.0,0.003826500260526257
1878,frozen,42,8,2,0,0,-1.0,-1.0,1,1,0,0,0.0,0.003826500260526257
1879,frozen,42,6,3,0,0,-1.0,-1.0,1,0,1,0,0.0,0.003826500260526257
1880,frozen,42,0,3,0,0,-1.0,-1.0,1,0,1,0,0.0,0.003826500260526257
1881,frozen,42,3,3,0,1,1.0,1.0,0,nan,nan,nan,0.0,0.003826500260526257
1882,frozen,42,2,2,0,1,1.0,1.0,0,nan,nan,nan,0.0,0.003826500260526257
1883,frozen,42,1,1,0,1,1.0,1.0,0,nan,nan,nan,0.0,0.003826500260526257
1884,frozen,42,7,2,1,0,-1.0,-1.0,1,3,0,1,0.0,0.003826500260526257
1885,frozen,42,5,5,1,1,1.0,1.0,0,nan,nan,nan,0.0,0.003826500260526257
1886,frozen,42,1,4,0,0,-1.0,-1.0,1,1,0,0,0.0,0.003826500260526257
1887,frozen,42,5,5,1,1,1.0,1.0,0,nan,nan,nan,0.0,0.003826500260526257
1888,frozen,42,3,4,0,1,1.0,1.0,0,nan,nan,nan,0.0,0.003826500260526257
1889,frozen,42,0,3,0,0,-1.0,-1.0,1,2,0,0,0.0,0.003826500260526257
1890,frozen,42,4,3,0,1,1.0,1.0,0,nan,nan,nan,0.0,0.003826500260526257
1891,frozen,42,1,4,1,0,-1.0,-1.0,1,1,0,0,0.0,0.003826500260526257
1892,frozen,42,2,5,1,0,-1.0,-1.0,1,0,1,0,0.0,0.003826500260526257
1893,frozen,42,7,5,1,0,-1.0,-1.0,1,0,1,0,0.0,0.003826500260526257
1894,frozen,42,6,3,0,0,-1.0,-1.0,1,0,1,0,0.0,0.003826500260526257
1895,frozen,42,1,5,1,0,-1.0,-1.0,1,0,1,0,0.0,0.003826500260526257
1896,frozen,42,7,5,1,0,-1.0,-1.0,1,0,1,0,0.0,0.003826500260526257
1897,frozen,42,5,3,0,0,-1.0,-1.0,1,0,1,0,0.0,0.003826500260526257
1898,frozen,42,7,5,1,0,-1.0,-1.0,1,0,1,0,0.0,0.003826500260526257
1899,frozen,42,6,3,0,0,-1.0,-1.0,1,0,1,0,0.0,0.003826500260526257
1900,frozen,42,3,5,1,0,-1.0,-1.0,1,0,1,0,0.0,0.003826500260526257
1901,frozen,42,4,3,0,1,1.0,1.0,0,nan,nan,nan,0.0,0.003826500260526257
1902,frozen,42,4,2,0,0,-1.0,-1.0,1,1,0,0,0.0,0.003826500260526257
1903,frozen,42,6,3,0,0,-1.0,-1.0,1,0,1,0,0.0,0.003826500260526257
1904,frozen,42,2,3,0,1,1.0,1.0,0,nan,nan,nan,0.0,0.003826500260526257
1905,frozen,42,2,2,0,1,1.0,1.0,0,nan,nan,nan,0.0,0.003826500260526257
1906,frozen,42,2,1,0,1,1.0,1.0,0,nan,nan,nan,0.0,0.003826500260526257
1907,frozen,42,2,2,1,1,1.0,1.0,0,nan,nan,nan,0.0,0.003826500260526257
1908,frozen,42,1,3,1,0,-1.0,-1.0,1,4,0,1,0.0,0.003826500260526257
1909,frozen,42,0,3,0,0,-1.0,-1.0,1,0,1,0,0.0,0.003826500260526257
1910,frozen,42,8,5,1,0,-1.0,-1.0,1,0,1,0,0.0,0.003826500260526257
1911,frozen,42,0,5,1,0,-1.0,-1.0,1,0,1,0,0.0,0.003826500260526257
1912,frozen,42,7,3,0,0,-1.0,-1.0,1,0,1,0,0.0,0.003826500260526257
1913,frozen,42,0,3,0,0,-1.0,-1.0,1,0,1,0,0.0,0.003826500260526257
1914,frozen,42,6,3,0,0,-1.0,-1.0,1,0,1,0,0.0,0.003826500260526257
1915,frozen,42,2,5,1,0,-1.0,-1.0,1,0,1,0,0.0,0.003826500260526257
1916,frozen,42,4,3,0,1,1.0,1.0,0,nan,nan,nan,0.0,0.003826500260526257
1917,frozen,42,2,4,1,0,-1.0,-1.0,1,1,0,0,0.0,0.003826500260526257
1918,frozen,42,4,3,0,1,1.0,1.0,0,nan,nan,nan,0.0,0.003826500260526257
1919,frozen,42,4,4,1,1,1.0,1.0,0,nan,nan,nan,0.0,0.003826500260526257
1920,frozen,42,4,3,0,1,1.0,1.0,0,nan,nan,nan,0.0,0.003826500260526257
1921,frozen,42,3,2,0,1,1.0,1.0,0,nan,nan,nan,0.0,0.003826500260526257
1922,frozen,42,4,1,0,0,-1.0,-1.0,1,4,0,1,0.0,0.003826500260526257
1923,frozen,42,7,5,1,0,-1.0,-1.0,1,0,1,0,0.0,0.003826500260526257
1924,frozen,42,3,3,0,1,1.0,1.0,0,nan,nan,nan,0.0,0.003826500260526257
1925,frozen,42,3,2,0,1,1.0,1.0,0,nan,nan,nan,0.0,0.003826500260526257
1926,frozen,42,1,3,1,0,-1.0,-1.0,1,2,0,0,0.0,0.003826500260526257
1927,frozen,42,3,5,1,0,-1.0,-1.0,1,0,1,0,0.0,0.003826500260526257
1928,frozen,42,1,5,1,0,-1.0,-1.0,1,0,1,0,0.0,0.003826500260526257
1929,frozen,42,1,5,1,0,-1.0,-1.0,1,0,1,0,0.0,0.003826500260526257
1930,frozen,42,8,5,1,0,-1.0,-1.0,1,0,1,0,0.0,0.003826500260526257
1931,frozen,42,0,3,0,0,-1.0,-1.0,1,0,1,0,0.0,0.003826500260526257
1932,frozen,42,4,3,0,1,1.0,1.0,0,nan,nan,nan,0.0,0.003826500260526257
1933,frozen,42,7,2,0,0,-1.0,-1.0,1,1,0,0,0.0,0.003826500260526257
1934,frozen,42,8,3,0,0,-1.0,-1.0,1,0,1,0,0.0,0.003826500260526257
1935,frozen,42,1,3,0,0,-1.0,-1.0,1,0,1,0,0.0,0.003826500260526257
1936,frozen,42,1,5,1,0,-1.0,-1.0,1,0,1,0,0.0,0.003826500260526257
1937,frozen,42,3,3,0,1,1.0,1.0,0,nan,nan,nan,0.0,0.003826500260526257
1938,frozen,42,4,4,1,1,1.0,1.0,0,nan,nan,nan,0.0,0.003826500260526257
1939,frozen,42,8,3,0,0,-1.0,-1.0,1,2,0,0,0.0,0.003826500260526257
1940,frozen,42,1,5,1,0,-1.0,-1.0,1,0,1,0,0.0,0.003826500260526257
1941,frozen,42,1,5,1,0,-1.0,-1.0,1,0,1,0,0.0,0.003826500260526257
1942,frozen,42,2,5,1,0,-1.0,-1.0,1,0,1,0,0.0,0.003826500260526257
1943,frozen,42,7,5,1,0,-1.0,-1.0,1,0,1,0,0.0,0.003826500260526257
1944,frozen,42,0,3,0,0,-1.0,-1.0,1,0,1,0,0.0,0.003826500260526257
1945,frozen,42,3,3,0,1,1.0,1.0,0,nan,nan,nan,0.0,0.003826500260526257
1946,frozen,42,1,2,0,1,1.0,1.0,0,nan,nan,nan,0.0,0.003826500260526257
1947,frozen,42,1,3,1,0,-1.0,-1.0,1,2,0,0,0.0,0.003826500260526257
1948,frozen,42,8,5,1,0,-1.0,-1.0,1,0,1,0,0.0,0.003826500260526257
1949,frozen,42,0,3,0,0,-1.0,-1.0,1,0,1,0,0.0,0.003826500260526257
1950,frozen,42,2,3,0,1,1.0,1.0,0,nan,nan,nan,0.0,0.003826500260526257
1951,frozen,42,8,4,1,0,-1.0,-1.0,1,1,0,0,0.0,0.003826500260526257
1952,frozen,42,5,5,1,1,1.0,1.0,0,nan,nan,nan,0.0,0.003826500260526257
1953,frozen,42,0,4,0,0,-1.0,-1.0,1,1,0,0,0.0,0.003826500260526257
1954,frozen,42,4,3,0,1,1.0,1.0,0,nan,nan,nan,0.0,0.003826500260526257
1955,frozen,42,8,4,1,0,-1.0,-1.0,1,1,0,0,0.0,0.003826500260526257
1956,frozen,42,3,3,0,1,1.0,1.0,0,nan,nan,nan,0.0,0.003826500260526257
1957,frozen,42,4,2,0,0,-1.0,-1.0,1,1,0,0,0.0,0.003826500260526257
1958,frozen,42,4,3,0,1,1.0,1.0,0,nan,nan,nan,0.0,0.003826500260526257
1959,frozen,42,5,2,0,0,-1.0,-1.0,1,1,0,0,0.0,0.003826500260526257
1960,frozen,42,1,5,1,0,-1.0,-1.0,1,0,1,0,0.0,0.003826500260526257
1961,frozen,42,7,5,1,0,-1.0,-1.0,1,0,1,0,0.0,0.003826500260526257
1962,frozen,42,8,5,1,0,-1.0,-1.0,1,0,1,0,0.0,0.003826500260526257
1963,frozen,42,1,5,1,0,-1.0,-1.0,1,0,1,0,0.0,0.003826500260526257
1964,frozen,42,7,3,0,0,-1.0,-1.0,1,0,1,0,0.0,0.003826500260526257
1965,frozen,42,7,5,1,0,-1.0,-1.0,1,0,1,0,0.0,0.003826500260526257
1966,frozen,42,6,3,0,0,-1.0,-1.0,1,0,1,0,0.0,0.003826500260526257
1967,frozen,42,3,5,1,0,-1.0,-1.0,1,0,1,0,0.0,0.003826500260526257
1968,frozen,42,4,3,0,1,1.0,1.0,0,nan,nan,nan,0.0,0.003826500260526257
1969,frozen,42,7,2,0,0,-1.0,-1.0,1,1,0,0,0.0,0.003826500260526257
1970,frozen,42,1,5,1,0,-1.0,-1.0,1,0,1,0,0.0,0.003826500260526257
1971,frozen,42,7,5,1,0,-1.0,-1.0,1,0,1,0,0.0,0.003826500260526257
1972,frozen,42,8,5,1,0,-1.0,-1.0,1,0,1,0,0.0,0.003826500260526257
1973,frozen,42,6,3,0,0,-1.0,-1.0,1,0,1,0,0.0,0.003826500260526257
1974,frozen,42,3,5,1,0,-1.0,-1.0,1,0,1,0,0.0,0.003826500260526257
1975,frozen,42,5,5,1,1,1.0,1.0,0,nan,nan,nan,0.0,0.003826500260526257
1976,frozen,42,0,4,0,0,-1.0,-1.0,1,1,0,0,0.0,0.003826500260526257
1977,frozen,42,8,5,1,0,-1.0,-1.0,1,0,1,0,0.0,0.003826500260526257
1978,frozen,42,3,3,0,1,1.0,1.0,0,nan,nan,nan,0.0,0.003826500260526257
1979,frozen,42,0,4,1,0,-1.0,-1.0,1,1,0,0,0.0,0.003826500260526257
1980,frozen,42,7,3,0,0,-1.0,-1.0,1,0,1,0,0.0,0.003826500260526257
1981,frozen,42,5,5,1,1,1.0,1.0,0,nan,nan,nan,0.0,0.003826500260526257
1982,frozen,42,5,4,0,1,1.0,1.0,0,nan,nan,nan,0.0,0.003826500260526257
1983,frozen,42,0,3,0,0,-1.0,-1.0,1,2,0,0,0.0,0.003826500260526257
1984,frozen,42,6,3,0,0,-1.0,-1.0,1,0,1,0,0.0,0.003826500260526257
1985,frozen,42,5,3,0,0,-1.0,-1.0,1,0,1,0,0.0,0.003826500260526257
1986,frozen,42,7,5,1,0,-1.0,-1.0,1,0,1,0,0.0,0.003826500260526257
1987,frozen,42,7,3,0,0,-1.0,-1.0,1,0,1,0,0.0,0.003826500260526257
1988,frozen,42,1,5,1,0,-1.0,-1.0,1,0,1,0,0.0,0.003826500260526257
1989,frozen,42,1,5,1,0,-1.0,-1.0,1,0,1,0,0.0,0.003826500260526257
1990,frozen,42,8,5,1,0,-1.0,-1.0,1,0,1,0,0.0,0.003826500260526257
1991,frozen,42,4,3,0,1,1.0,1.0,0,nan,nan,nan,0.0,0.003826500260526257
1992,frozen,42,3,2,0,1,1.0,1.0,0,nan,nan,nan,0.0,0.003826500260526257
1993,frozen,42,2,1,0,1,1.0,1.0,0,nan,nan,nan,0.0,0.003826500260526257
1994,frozen,42,5,2,1,0,-1.0,-1.0,1,3,0,1,0.0,0.003826500260526257
1995,frozen,42,6,3,0,0,-1.0,-1.0,1,0,1,0,0.0,0.003826500260526257
1996,frozen,42,0,3,0,0,-1.0,-1.0,1,0,1,0,0.0,0.003826500260526257
1997,frozen,42,4,3,0,1,1.0,1.0,0,nan,nan,nan,0.0,0.003826500260526257
1998,frozen,42,8,2,0,0,-1.0,-1.0,1,1,0,0,0.0,0.003826500260526257
1999,frozen,42,2,5,1,0,-1.0,-1.0,1,0,1,0,0.0,0.003826500260526257
2000,frozen,42,2,3,0,1,1.0,1.0,0,nan,nan,nan,0.0,0.003826500260526257
2001,frozen,42,7,2,0,0,-1.0,-1.0,1,1,0,0,0.0,0.003826500260526257
2002,frozen,42,0,3,0,0,-1.0,-1.0,1,0,1,0,0.0,0.003826500260526257
2003,frozen,42,3,5,1,0,-1.0,-1.0,1,0,1,0,0.0,0.003826500260526257
2004,frozen,42,4,3,0,1,1.0,1.0,0,nan,nan,nan,0.0,0.003826500260526257
2005,frozen,42,7,4,1,0,-1.0,-1.0,1,1,0,0,0.0,0.003826500260526257
2006,frozen,42,1,5,1,0,-1.0,-1.0,1,0,1,0,0.0,0.003826500260526257
2007,frozen,42,3,3,0,1,1.0,1.0,0,nan,nan,nan,0.0,0.003826500260526257
2008,frozen,42,1,2,0,1,1.0,1.0,0,nan,nan,nan,0.0,0.003826500260526257
2009,frozen,42,7,3,1,0,-1.0,-1.0,1,2,0,0,0.0,0.003826500260526257
2010,frozen,42,5,5,1,1,1.0,1.0,0,nan,nan,nan,0.0,0.003826500260526257
2011,frozen,42,4,6,1,0,-1.0,-1.0,1,1,0,0,0.0,0.003826500260526257
2012,frozen,42,3,3,0,1,1.0,1.0,0,nan,nan,nan,0.0,0.003826500260526257
2013,frozen,42,1,2,0,1,1.0,1.0,0,nan,nan,nan,0.0,0.003826500260526257
2014,frozen,42,8,1,0,0,-1.0,-1.0,1,2,0,0,0.0,0.003826500260526257
2015,frozen,42,5,5,1,1,1.0,1.0,0,nan,nan,nan,0.0,0.003826500260526257
2016,frozen,42,2,6,1,0,-1.0,-1.0,1,1,0,0,0.0,0.003826500260526257
2017,frozen,42,3,5,1,0,-1.0,-1.0,1,0,1,0,0.0,0.003826500260526257
2018,frozen,42,6,3,0,0,-1.0,-1.0,1,0,1,0,0.0,0.003826500260526257
2019,frozen,42,6,3,0,0,-1.0,-1.0,1,0,1,0,0.0,0.003826500260526257
2020,frozen,42,4,3,0,1,1.0,1.0,0,nan,nan,nan,0.0,0.003826500260526257
2021,frozen,42,2,2,0,1,1.0,1.0,0,nan,nan,nan,0.0,0.003826500260526257
2022,frozen,42,5,3,1,0,-1.0,-1.0,1,2,0,0,0.0,0.003826500260526257
2023,frozen,42,5,5,1,1,1.0,1.0,0,nan,nan,nan,0.0,0.003826500260526257
2024,frozen,42,5,4,0,1,1.0,1.0,0,nan,nan,nan,0.0,0.003826500260526257
2025,frozen,42,0,3,0,0,-1.0,-1.0,1,2,0,0,0.0,0.003826500260526257
2026,frozen,42,4,3,0,1,1.0,1.0,0,nan,nan,nan,0.0,0.003826500260526257
2027,frozen,42,5,2,0,0,-1.0,-1.0,1,1,0,0,0.0,0.003826500260526257
2028,frozen,42,8,3,0,0,-1.0,-1.0,1,0,1,0,0.0,0.003826500260526257
2029,frozen,42,4,3,0,1,1.0,1.0,0,nan,nan,nan,0.0,0.003826500260526257
2030,frozen,42,3,2,0,1,1.0,1.0,0,nan,nan,nan,0.0,0.003826500260526257
2031,frozen,42,5,1,0,0,-1.0,-1.0,1,2,0,0,0.0,0.003826500260526257
2032,frozen,42,1,3,0,0,-1.0,-1.0,1,0,1,0,0.0,0.003826500260526257
2033,frozen,42,0,3,0,0,-1.0,-1.0,1,0,1,0,0.0,0.003826500260526257
2034,frozen,42,6,3,0,0,-1.0,-1.0,1,0,1,0,0.0,0.003826500260526257
2035,frozen,42,8,5,1,0,-1.0,-1.0,1,0,1,0,0.0,0.003826500260526257
2036,frozen,42,7,3,0,0,-1.0,-1.0,1,0,1,0,0.0,0.003826500260526257
2037,frozen,42,5,3,0,0,-1.0,-1.0,1,0,1,0,0.0,0.003826500260526257
2038,frozen,42,0,3,0,0,-1.0,-1.0,1,0,1,0,0.0,0.003826500260526257
2039,frozen,42,8,3,0,0,-1.0,-1.0,1,0,1,0,0.0,0.003826500260526257
2040,frozen,42,4,3,0,1,1.0,1.0,0,nan,nan,nan,0.0,0.003826500260526257
2041,frozen,42,2,4,1,0,-1.0,-1.0,1,1,0,0,0.0,0.003826500260526257
2042,frozen,42,8,3,0,0,-1.0,-1.0,1,0,1,0,0.0,0.003826500260526257
2043,frozen,42,6,3,0,0,-1.0,-1.0,1,0,1,0,0.0,0.003826500260526257
2044,frozen,42,6,3,0,0,-1.0,-1.0,1,0,1,0,0.0,0.003826500260526257
2045,frozen,42,2,5,1,0,-1.0,-1.0,1,0,1,0,0.0,0.003826500260526257
2046,frozen,42,8,5,1,0,-1.0,-1.0,1,0,1,0,0.0,0.003826500260526257
2047,frozen,42,4,3,0,1,1.0,1.0,0,nan,nan,nan,0.0,0.003826500260526257
2048,frozen,42,4,4,1,1,1.0,1.0,0,nan,nan,nan,0.0,0.003826500260526257
2049,frozen,42,6,3,0,0,-1.0,-1.0,1,2,0,0,0.0,0.003826500260526257
2050,frozen,42,5,5,1,1,1.0,1.0,0,nan,nan,nan,0.0,0.003826500260526257
2051,frozen,42,1,4,0,0,-1.0,-1.0,1,1,0,0,0.0,0.003826500260526257
2052,frozen,42,2,3,0,1,1.0,1.0,0,nan,nan,nan,0.0,0.003826500260526257
2053,frozen,42,3,2,0,1,1.0,1.0,0,nan,nan,nan,0.0,0.003826500260526257
2054,frozen,42,8,1,0,0,-1.0,-1.0,1,2,0,0,0.0,0.003826500260526257
2055,frozen,42,6,3,0,0,-1.0,-1.0,1,0,1,0,0.0,0.003826500260526257
2056,frozen,42,3,3,0,1,1.0,1.0,0,nan,nan,nan,0.0,0.003826500260526257
2057,frozen,42,6,2,0,0,-1.0,-1.0,1,1,0,0,0.0,0.003826500260526257
2058,frozen,42,6,3,0,0,-1.0,-1.0,1,0,1,0,0.0,0.003826500260526257
2059,frozen,42,3,5,1,0,-1.0,-1.0,1,0,1,0,0.0,0.003826500260526257
2060,frozen,42,3,5,1,0,-1.0,-1.0,1,0,1,0,0.0,0.003826500260526257
2061,frozen,42,8,3,0,0,-1.0,-1.0,1,0,1,0,0.0,0.003826500260526257
2062,frozen,42,5,5,1,1,1.0,1.0,0,nan,nan,nan,0.0,0.003826500260526257
2063,frozen,42,1,4,0,0,-1.0,-1.0,1,1,0,0,0.0,0.003826500260526257
2064,frozen,42,6,3,0,0,-1.0,-1.0,1,0,1,0,0.0,0.003826500260526257
2065,frozen,42,5,3,0,0,-1.0,-1.0,1,0,1,0,0.0,0.003826500260526257
2066,frozen,42,4,3,0,1,1.0,1.0,0,nan,nan,nan,0.0,0.003826500260526257
2067,frozen,42,6,4,1,0,-1.0,-1.0,1,1,0,0,0.0,0.003826500260526257
2068,frozen,42,8,5,1,0,-1.0,-1.0,1,0,1,0,0.0,0.003826500260526257
2069,frozen,42,2,3,0,1,1.0,1.0,0,nan,nan,nan,0.0,0.003826500260526257
2070,frozen,42,3,2,0,1,1.0,1.0,0,nan,nan,nan,0.0,0.003826500260526257
2071,frozen,42,1,3,1,0,-1.0,-1.0,1,2,0,0,0.0,0.003826500260526257
2072,frozen,42,5,5,1,1,1.0,1.0,0,nan,nan,nan,0.0,0.003826500260526257
2073,frozen,42,3,4,0,1,1.0,1.0,0,nan,nan,nan,0.0,0.003826500260526257
2074,frozen,42,3,5,1,0,-1.0,-1.0,1,2,0,0,0.0,0.003826500260526257
2075,frozen,42,6,3,0,0,-1.0,-1.0,1,0,1,0,0.0,0.003826500260526257
2076,frozen,42,3,5,1,0,-1.0,-1.0,1,0,1,0,0.0,0.003826500260526257
2077,frozen,42,4,3,0,1,1.0,1.0,0,nan,nan,nan,0.0,0.003826500260526257
2078,frozen,42,3,2,0,1,1.0,1.0,0,nan,nan,nan,0.0,0.003826500260526257
2079,frozen,42,2,1,0,1,1.0,1.0,0,nan,nan,nan,0.0,0.003826500260526257
2080,frozen,42,1,0,0,1,1.0,1.0,0,nan,nan,nan,0.0,0.003826500260526257
2081,frozen,42,7,1,1,0,-1.0,-1.0,1,4,0,1,0.0,0.003826500260526257
2082,frozen,42,0,3,0,0,-1.0,-1.0,1,0,1,0,0.0,0.003826500260526257
2083,frozen,42,2,3,0,1,1.0,1.0,0,nan,nan,nan,0.0,0.003826500260526257
2084,frozen,42,6,4,1,0,-1.0,-1.0,1,1,0,0,0.0,0.003826500260526257
2085,frozen,42,1,5,1,0,-1.0,-1.0,1,0,1,0,0.0,0.003826500260526257
2086,frozen,42,5,5,1,1,1.0,1.0,0,nan,nan,nan,0.0,0.003826500260526257
2087,frozen,42,6,4,0,0,-1.0,-1.0,1,1,0,0,0.0,0.003826500260526257
2088,frozen,42,5,5,1,1,1.0,1.0,0,nan,nan,nan,0.0,0.003826500260526257
2089,frozen,42,2,6,1,0,-1.0,-1.0,1,1,0,0,0.0,0.003826500260526257
2090,frozen,42,0,3,0,0,-1.0,-1.0,1,0,1,0,0.0,0.003826500260526257
2091,frozen,42,7,3,0,0,-1.0,-1.0,1,0,1,0,0.0,0.003826500260526257
2092,frozen,42,2,5,1,0,-1.0,-1.0,1,0,1,0,0.0,0.003826500260526257
2093,frozen,42,7,5,1,0,-1.0,-1.0,1,0,1,0,0.0,0.003826500260526257
2094,frozen,42,1,5,1,0,-1.0,-1.0,1,0,1,0,0.0,0.003826500260526257
2095,frozen,42,1,5,1,0,-1.0,-1.0,1,0,1,0,0.0,0.003826500260526257
2096,frozen,42,7,3,0,0,-1.0,-1.0,1,0,1,0,0.0,0.003826500260526257
2097,frozen,42,8,5,1,0,-1.0,-1.0,1,0,1,0,0.0,0.003826500260526257
2098,frozen,42,7,5,1,0,-1.0,-1.0,1,0,1,0,0.0,0.003826500260526257
2099,frozen,42,6,5,1,1,1.0,1.0,0,nan,nan,nan,0.0,0.003826500260526257
2100,frozen,42,2,6,1,0,-1.0,-1.0,1,1,0,0,0.0,0.003826500260526257
2101,frozen,42,8,3,0,0,-1.0,-1.0,1,0,1,0,0.0,0.003826500260526257
2102,frozen,42,6,3,0,0,-1.0,-1.0,1,0,1,0,0.0,0.003826500260526257
2103,frozen,42,1,5,1,0,-1.0,-1.0,1,0,1,0,0.0,0.003826500260526257
2104,frozen,42,1,5,1,0,-1.0,-1.0,1,0,1,0,0.0,0.003826500260526257
2105,frozen,42,7,5,1,0,-1.0,-1.0,1,0,1,0,0.0,0.003826500260526257
2106,frozen,42,2,3,0,1,1.0,1.0,0,nan,nan,nan,0.0,0.003826500260526257
2107,frozen,42,6,2,0,0,-1.0,-1.0,1,1,0,0,0.0,0.003826500260526257
2108,frozen,42,1,5,1,0,-1.0,-1.0,1,0,1,0,0.0,0.003826500260526257
2109,frozen,42,2,3,0,1,1.0,1.0,0,nan,nan,nan,0.0,0.003826500260526257
2110,frozen,42,2,4,1,0,-1.0,-1.0,1,1,0,0,0.0,0.003826500260526257
2111,frozen,42,2,3,0,1,1.0,1.0,0,nan,nan,nan,0.0,0.003826500260526257
2112,frozen,42,6,4,1,0,-1.0,-1.0,1,1,0,0,0.0,0.003826500260526257
2113,frozen,42,8,3,0,0,-1.0,-1.0,1,0,1,0,0.0,0.003826500260526257
2114,frozen,42,8,5,1,0,-1.0,-1.0,1,0,1,0,0.0,0.003826500260526257
2115,frozen,42,6,3,0,0,-1.0,-1.0,1,0,1,0,0.0,0.003826500260526257
2116,frozen,42,1,3,0,0,-1.0,-1.0,1,0,1,0,0.0,0.003826500260526257
2117,frozen,42,8,3,0,0,-1.0,-1.0,1,0,1,0,0.0,0.003826500260526257
2118,frozen,42,4,3,0,1,1.0,1.0,0,nan,nan,nan,0.0,0.003826500260526257
2119,frozen,42,4,4,1,1,1.0,1.0,0,nan,nan,nan,0.0,0.003826500260526257
2120,frozen,42,6,3,0,0,-1.0,-1.0,1,2,0,0,0.0,0.003826500260526257
2121,frozen,42,6,3,0,0,-1.0,-1.0,1,0,1,0,0.0,0.003826500260526257
2122,frozen,42,8,3,0,0,-1.0,-1.0,1,0,1,0,0.0,0.003826500260526257
2123,frozen,42,5,3,0,0,-1.0,-1.0,1,0,1,0,0.0,0.003826500260526257
2124,frozen,42,5,3,0,0,-1.0,-1.0,1,0,1,0,0.0,0.003826500260526257
2125,frozen,42,6,3,0,0,-1.0,-1.0,1,0,1,0,0.0,0.003826500260526257
2126,frozen,42,2,3,0,1,1.0,1.0,0,nan,nan,nan,0.0,0.003826500260526257
2127,frozen,42,2,2,0,1,1.0,1.0,0,nan,nan,nan,0.0,0.003826500260526257
2128,frozen,42,5,3,1,0,-1.0,-1.0,1,2,0,0,0.0,0.003826500260526257
2129,frozen,42,0,3,0,0,-1.0,-1.0,1,0,1,0,0.0,0.003826500260526257
2130,frozen,42,2,3,0,1,1.0,1.0,0,nan,nan,nan,0.0,0.003826500260526257
2131,frozen,42,6,2,0,0,-1.0,-1.0,1,1,0,0,0.0,0.003826500260526257
2132,frozen,42,8,5,1,0,-1.0,-1.0,1,0,1,0,0.0,0.003826500260526257
2133,frozen,42,4,3,0,1,1.0,1.0,0,nan,nan,nan,0.0,0.003826500260526257
2134,frozen,42,3,2,0,1,1.0,1.0,0,nan,nan,nan,0.0,0.003826500260526257
2135,frozen,42,3,3,1,1,1.0,1.0,0,nan,nan,nan,0.0,0.003826500260526257
2136,frozen,42,6,4,1,0,-1.0,-1.0,1,3,0,1,0.0,0.003826500260526257
2137,frozen,42,4,3,0,1,1.0,1.0,0,nan,nan,nan,0.0,0.003826500260526257
2138,frozen,42,0,4,1,0,-1.0,-1.0,1,1,0,0,0.0,0.003826500260526257
2139,frozen,42,4,3,0,1,1.0,1.0,0,nan,nan,nan,0.0,0.003826500260526257
2140,frozen,42,3,4,1,1,1.0,1.0,0,nan,nan,nan,0.0,0.003826500260526257
2141,frozen,42,6,3,0,0,-1.0,-1.0,1,2,0,0,0.0,0.003826500260526257
2142,frozen,42,7,3,0,0,-1.0,-1.0,1,0,1,0,0.0,0.003826500260526257
2143,frozen,42,8,3,0,0,-1.0,-1.0,1,0,1,0,0.0,0.003826500260526257
2144,frozen,42,5,5,1,1,1.0,1.0,0,nan,nan,nan,0.0,0.003826500260526257
2145,frozen,42,3,4,0,1,1.0,1.0,0,nan,nan,nan,0.0,0.003826500260526257
2146,frozen,42,3,5,1,0,-1.0,-1.0,1,2,0,0,0.0,0.003826500260526257
2147,frozen,42,1,5,1,0,-1.0,-1.0,1,0,1,0,0.0,0.003826500260526257
2148,frozen,42,8,3,0,0,-1.0,-1.0,1,0,1,0,0.0,0.003826500260526257
2149,frozen,42,7,3,0,0,-1.0,-1.0,1,0,1,0,0.0,0.003826500260526257
2150,frozen,42,7,3,0,0,-1.0,-1.0,1,0,1,0,0.0,0.003826500260526257
2151,frozen,42,2,3,0,1,1.0,1.0,0,nan,nan,nan,0.0,0.003826500260526257
2152,frozen,42,2,4,1,0,-1.0,-1.0,1,1,0,0,0.0,0.003826500260526257
2153,frozen,42,7,3,0,0,-1.0,-1.0,1,0,1,0,0.0,0.003826500260526257
2154,frozen,42,4,3,0,1,1.0,1.0,0,nan,nan,nan,0.0,0.003826500260526257
2155,frozen,42,6,2,0,0,-1.0,-1.0,1,1,0,0,0.0,0.003826500260526257
2156,frozen,42,4,3,0,1,1.0,1.0,0,nan,nan,nan,0.0,0.003826500260526257
2157,frozen,42,3,2,0,1,1.0,1.0,0,nan,nan,nan,0.0,0.003826500260526257
2158,frozen,42,5,1,0,0,-1.0,-1.0,1,2,0,0,0.0,0.003826500260526257
2159,frozen,42,7,5,1,0,-1.0,-1.0,1,0,1,0,0.0,0.003826500260526257
2160,frozen,42,3,5,1,0,-1.0,-1.0,1,0,1,0,0.0,0.003826500260526257
2161,frozen,42,7,3,0,0,-1.0,-1.0,1,0,1,0,0.0,0.003826500260526257
2162,frozen,42,2,3,0,1,1.0,1.0,0,nan,nan,nan,0.0,0.003826500260526257
2163,frozen,42,3,2,0,1,1.0,1.0,0,nan,nan,nan,0.0,0.003826500260526257
2164,frozen,42,8,1,0,0,-1.0,-1.0,1,2,0,0,0.0,0.003826500260526257
2165,frozen,42,8,5,1,0,-1.0,-1.0,1,0,1,0,0.0,0.003826500260526257
2166,frozen,42,8,3,0,0,-1.0,-1.0,1,0,1,0,0.0,0.003826500260526257
2167,frozen,42,2,3,0,1,1.0,1.0,0,nan,nan,nan,0.0,0.003826500260526257
2168,frozen,42,7,2,0,0,-1.0,-1.0,1,1,0,0,0.0,0.003826500260526257
2169,frozen,42,8,3,0,0,-1.0,-1.0,1,0,1,0,0.0,0.003826500260526257
2170,frozen,42,8,3,0,0,-1.0,-1.0,1,0,1,0,0.0,0.003826500260526257
2171,frozen,42,0,3,0,0,-1.0,-1.0,1,0,1,0,0.0,0.003826500260526257
2172,frozen,42,6,3,0,0,-1.0,-1.0,1,0,1,0,0.0,0.003826500260526257
2173,frozen,42,8,5,1,0,-1.0,-1.0,1,0,1,0,0.0,0.003826500260526257
2174,frozen,42,6,3,0,0,-1.0,-1.0,1,0,1,0,0.0,0.003826500260526257
2175,frozen,42,2,5,1,0,-1.0,-1.0,1,0,1,0,0.0,0.003826500260526257
2176,frozen,42,6,3,0,0,-1.0,-1.0,1,0,1,0,0.0,0.003826500260526257
2177,frozen,42,0,3,0,0,-1.0,-1.0,1,0,1,0,0.0,0.003826500260526257
2178,frozen,42,4,3,0,1,1.0,1.0,0,nan,nan,nan,0.0,0.003826500260526257
2179,frozen,42,5,2,0,0,-1.0,-1.0,1,1,0,0,0.0,0.003826500260526257
2180,frozen,42,4,3,0,1,1.0,1.0,0,nan,nan,nan,0.0,0.003826500260526257
2181,frozen,42,6,2,0,0,-1.0,-1.0,1,1,0,0,0.0,0.003826500260526257
2182,frozen,42,2,5,1,0,-1.0,-1.0,1,0,1,0,0.0,0.003826500260526257
2183,frozen,42,5,5,1,1,1.0,1.0,0,nan,nan,nan,0.0,0.003826500260526257
2184,frozen,42,5,4,0,1,1.0,1.0,0,nan,nan,nan,0.0,0.003826500260526257
2185,frozen,42,5,3,0,0,-1.0,-1.0,1,2,0,0,0.0,0.003826500260526257
2186,frozen,42,2,5,1,0,-1.0,-1.0,1,0,1,0,0.0,0.003826500260526257
2187,frozen,42,2,5,1,0,-1.0,-1.0,1,0,1,0,0.0,0.003826500260526257
2188,frozen,42,2,5,1,0,-1.0,-1.0,1,0,1,0,0.0,0.003826500260526257
2189,frozen,42,4,3,0,1,1.0,1.0,0,nan,nan,nan,0.0,0.003826500260526257
2190,frozen,42,5,2,0,0,-1.0,-1.0,1,1,0,0,0.0,0.003826500260526257
2191,frozen,42,3,3,0,1,1.0,1.0,0,nan,nan,nan,0.0,0.003826500260526257
2192,frozen,42,3,2,0,1,1.0,1.0,0,nan,nan,nan,0.0,0.003826500260526257
2193,frozen,42,2,1,0,1,1.0,1.0,0,nan,nan,nan,0.0,0.003826500260526257
2194,frozen,42,1,0,0,1,1.0,1.0,0,nan,nan,nan,0.0,0.003826500260526257
2195,frozen,42,5,0,0,0,-1.0,-1.0,1,4,0,1,0.0,0.003826500260526257
2196,frozen,42,7,3,0,0,-1.0,-1.0,1,0,1,0,0.0,0.003826500260526257
2197,frozen,42,2,3,0,1,1.0,1.0,0,nan,nan,nan,0.0,0.003826500260526257
2198,frozen,42,7,2,0,0,-1.0,-1.0,1,1,0,0,0.0,0.003826500260526257
2199,frozen,42,5,5,1,1,1.0,1.0,0,nan,nan,nan,0.0,0.003826500260526257
2200,frozen,42,1,4,0,0,-1.0,-1.0,1,1,0,0,0.0,0.003826500260526257
2201,frozen,42,3,3,0,1,1.0,1.0,0,nan,nan,nan,0.0,0.003826500260526257
2202,frozen,42,0,4,1,0,-1.0,-1.0,1,1,0,0,0.0,0.003826500260526257
2203,frozen,42,0,3,0,0,-1.0,-1.0,1,0,1,0,0.0,0.003826500260526257
2204,frozen,42,3,3,0,1,1.0,1.0,0,nan,nan,nan,0.0,0.003826500260526257
2205,frozen,42,4,4,1,1,1.0,1.0,0,nan,nan,nan,0.0,0.003826500260526257
2206,frozen,42,7,5,1,0,-1.0,-1.0,1,2,0,0,0.0,0.003826500260526257
2207,frozen,42,1,5,1,0,-1.0,-1.0,1,0,1,0,0.0,0.003826500260526257
2208,frozen,42,7,5,1,0,-1.0,-1.0,1,0,1,0,0.0,0.003826500260526257
2209,frozen,42,2,3,0,1,1.0,1.0,0,nan,nan,nan,0.0,0.003826500260526257
2210,frozen,42,1,2,0,1,1.0,1.0,0,nan,nan,nan,0.0,0.003826500260526257
2211,frozen,42,6,3,1,0,-1.0,-1.0,1,2,0,0,0.0,0.003826500260526257
2212,frozen,42,6,3,0,0,-1.0,-1.0,1,0,1,0,0.0,0.003826500260526257
2213,frozen,42,5,3,0,0,-1.0,-1.0,1,0,1,0,0.0,0.003826500260526257
2214,frozen,42,1,5,1,0,-1.0,-1.0,1,0,1,0,0.0,0.003826500260526257
2215,frozen,42,1,5,1,0,-1.0,-1.0,1,0,1,0,0.0,0.003826500260526257
2216,frozen,42,3,3,0,1,1.0,1.0,0,nan,nan,nan,0.0,0.003826500260526257
2217,frozen,42,4,4,1,1,1.0,1.0,0,nan,nan,nan,0.0,0.003826500260526257
2218,frozen,42,8,5,1,0,-1.0,-1.0,1,2,0,0,0.0,0.003826500260526257
2219,frozen,42,2,3,0,1,1.0,1.0,0,nan,nan,nan,0.0,0.003826500260526257
2220,frozen,42,1,2,0,1,1.0,1.0,0,nan,nan,nan,0.0,0.003826500260526257
2221,frozen,42,8,1,0,0,-1.0,-1.0,1,2,0,0,0.0,0.003826500260526257
2222,frozen,42,1,5,1,0,-1.0,-1.0,1,0,1,0,0.0,0.003826500260526257
2223,frozen,42,0,3,0,0,-1.0,-1.0,1,0,1,0,0.0,0.003826500260526257
2224,frozen,42,3,3,0,1,1.0,1.0,0,nan,nan,nan,0.0,0.003826500260526257
2225,frozen,42,3,2,0,1,1.0,1.0,0,nan,nan,nan,0.0,0.003826500260526257
2226,frozen,42,5,3,1,0,-1.0,-1.0,1,2,0,0,0.0,0.003826500260526257
2227,frozen,42,7,5,1,0,-1.0,-1.0,1,0,1,0,0.0,0.003826500260526257
2228,frozen,42,8,5,1,0,-1.0,-1.0,1,0,1,0,0.0,0.003826500260526257
2229,frozen,42,2,3,0,1,1.0,1.0,0,nan,nan,nan,0.0,0.003826500260526257
2230,frozen,42,8,2,0,0,-1.0,-1.0,1,1,0,0,0.0,0.003826500260526257
2231,frozen,42,5,5,1,1,1.0,1.0,0,nan,nan,nan,0.0,0.003826500260526257
2232,frozen,42,0,4,0,0,-1.0,-1.0,1,1,0,0,0.0,0.003826500260526257
2233,frozen,42,8,3,0,0,-1.0,-1.0,1,0,1,0,0.0,0.003826500260526257
2234,frozen,42,1,5,1,0,-1.0,-1.0,1,0,1,0,0.0,0.003826500260526257
2235,frozen,42,5,5,1,1,1.0,1.0,0,nan,nan,nan,0.0,0.003826500260526257
2236,frozen,42,7,4,0,0,-1.0,-1.0,1,1,0,0,0.0,0.003826500260526257
2237,frozen,42,2,5,1,0,-1.0,-1.0,1,0,1,0,0.0,0.003826500260526257
2238,frozen,42,2,5,1,0,-1.0,-1.0,1,0,1,0,0.0,0.003826500260526257
2239,frozen,42,4,3,0,1,1.0,1.0,0,nan,nan,nan,0.0,0.003826500260526257
2240,frozen,42,7,2,0,0,-1.0,-1.0,1,1,0,0,0.0,0.003826500260526257
2241,frozen,42,2,5,1,0,-1.0,-1.0,1,0,1,0,0.0,0.003826500260526257
2242,frozen,42,5,5,1,1,1.0,1.0,0,nan,nan,nan,0.0,0.003826500260526257
2243,frozen,42,4,6,1,0,-1.0,-1.0,1,1,0,0,0.0,0.003826500260526257
2244,frozen,42,1,5,1,0,-1.0,-1.0,1,0,1,0,0.0,0.003826500260526257
2245,frozen,42,6,3,0,0,-1.0,-1.0,1,0,1,0,0.0,0.003826500260526257
2246,frozen,42,7,5,1,0,-1.0,-1.0,1,0,1,0,0.0,0.003826500260526257
2247,frozen,42,5,3,0,0,-1.0,-1.0,1,0,1,0,0.0,0.003826500260526257
2248,frozen,42,1,5,1,0,-1.0,-1.0,1,0,1,0,0.0,0.003826500260526257
2249,frozen,42,1,5,1,0,-1.0,-1.0,1,0,1,0,0.0,0.003826500260526257
2250,frozen,42,3,3,0,1,1.0,1.0,0,nan,nan,nan,0.0,0.003826500260526257
2251,frozen,42,4,4,1,1,1.0,1.0,0,nan,nan,nan,0.0,0.003826500260526257
2252,frozen,42,4,3,0,1,1.0,1.0,0,nan,nan,nan,0.0,0.003826500260526257
2253,frozen,42,2,4,1,0,-1.0,-1.0,1,3,0,1,0.0,0.003826500260526257
2254,frozen,42,4,3,0,1,1.0,1.0,0,nan,nan,nan,0.0,0.003826500260526257
2255,frozen,42,2,2,0,1,1.0,1.0,0,nan,nan,nan,0.0,0.003826500260526257
2256,frozen,42,6,3,1,0,-1.0,-1.0,1,2,0,0,0.0,0.003826500260526257
2257,frozen,42,7,5,1,0,-1.0,-1.0,1,0,1,0,0.0,0.003826500260526257
2258,frozen,42,5,5,1,1,1.0,1.0,0,nan,nan,nan,0.0,0.003826500260526257
2259,frozen,42,0,6,1,0,-1.0,-1.0,1,1,0,0,0.0,0.003826500260526257
2260,frozen,42,8,3,0,0,-1.0,-1.0,1,0,1,0,0.0,0.003826500260526257
2261,frozen,42,0,3,0,0,-1.0,-1.0,1,0,1,0,0.0,0.003826500260526257
2262,frozen,42,8,3,0,0,-1.0,-1.0,1,0,1,0,0.0,0.003826500260526257
2263,frozen,42,0,3,0,0,-1.0,-1.0,1,0,1,0,0.0,0.003826500260526257
2264,frozen,42,4,3,0,1,1.0,1.0,0,nan,nan,nan,0.0,0.003826500260526257
2265,frozen,42,0,4,1,0,-1.0,-1.0,1,1,0,0,0.0,0.003826500260526257
2266,frozen,42,0,3,0,0,-1.0,-1.0,1,0,1,0,0.0,0.003826500260526257
2267,frozen,42,6,3,0,0,-1.0,-1.0,1,0,1,0,0.0,0.003826500260526257
2268,frozen,42,6,3,0,0,-1.0,-1.0,1,0,1,0,0.0,0.003826500260526257
2269,frozen,42,1,5,1,0,-1.0,-1.0,1,0,1,0,0.0,0.003826500260526257
2270,frozen,42,8,3,0,0,-1.0,-1.0,1,0,1,0,0.0,0.003826500260526257
2271,frozen,42,2,5,1,0,-1.0,-1.0,1,0,1,0,0.0,0.003826500260526257
2272,frozen,42,2,5,1,0,-1.0,-1.0,1,0,1,0,0.0,0.003826500260526257
2273,frozen,42,2,3,0,1,1.0,1.0,0,nan,nan,nan,0.0,0.003826500260526257
2274,frozen,42,4,2,0,0,-1.0,-1.0,1,1,0,0,0.0,0.003826500260526257
2275,frozen,42,1,5,1,0,-1.0,-1.0,1,0,1,0,0.0,0.003826500260526257
2276,frozen,42,3,3,0,1,1.0,1.0,0,nan,nan,nan,0.0,0.003826500260526257
2277,frozen,42,1,2,0,1,1.0,1.0,0,nan,nan,nan,0.0,0.003826500260526257
2278,frozen,42,0,1,0,1,1.0,1.0,0,nan,nan,nan,0.0,0.003826500260526257
2279,frozen,42,3,0,0,0,-1.0,-1.0,1,3,0,1,0.0,0.003826500260526257
2280,frozen,42,6,3,0,0,-1.0,-1.0,1,0,1,0,0.0,0.003826500260526257
2281,frozen,42,6,3,0,0,-1.0,-1.0,1,0,1,0,0.0,0.003826500260526257
2282,frozen,42,3,5,1,0,-1.0,-1.0,1,0,1,0,0.0,0.003826500260526257
2283,frozen,42,2,3,0,1,1.0,1.0,0,nan,nan,nan,0.0,0.003826500260526257
2284,frozen,42,7,2,0,0,-1.0,-1.0,1,1,0,0,0.0,0.003826500260526257
2285,frozen,42,6,3,0,0,-1.0,-1.0,1,0,1,0,0.0,0.003826500260526257
2286,frozen,42,7,3,0,0,-1.0,-1.0,1,0,1,0,0.0,0.003826500260526257
2287,frozen,42,8,3,0,0,-1.0,-1.0,1,0,1,0,0.0,0.003826500260526257
2288,frozen,42,7,3,0,0,-1.0,-1.0,1,0,1,0,0.0,0.003826500260526257
2289,frozen,42,8,3,0,0,-1.0,-1.0,1,0,1,0,0.0,0.003826500260526257
2290,frozen,42,3,5,1,0,-1.0,-1.0,1,0,1,0,0.0,0.003826500260526257
2291,frozen,42,3,3,0,1,1.0,1.0,0,nan,nan,nan,0.0,0.003826500260526257
2292,frozen,42,2,4,1,0,-1.0,-1.0,1,1,0,0,0.0,0.003826500260526257
2293,frozen,42,2,5,1,0,-1.0,-1.0,1,0,1,0,0.0,0.003826500260526257
2294,frozen,42,6,3,0,0,-1.0,-1.0,1,0,1,0,0.0,0.003826500260526257
2295,frozen,42,6,3,0,0,-1.0,-1.0,1,0,1,0,0.0,0.003826500260526257
2296,frozen,42,7,3,0,0,-1.0,-1.0,1,0,1,0,0.0,0.003826500260526257
2297,frozen,42,1,5,1,0,-1.0,-1.0,1,0,1,0,0.0,0.003826500260526257
2298,frozen,42,4,3,0,1,1.0,1.0,0,nan,nan,nan,0.0,0.003826500260526257
2299,frozen,42,1,2,0,1,1.0,1.0,0,nan,nan,nan,0.0,0.003826500260526257
2300,frozen,42,8,1,0,0,-1.0,-1.0,1,2,0,0,0.0,0.003826500260526257
2301,frozen,42,2,5,1,0,-1.0,-1.0,1,0,1,0,0.0,0.003826500260526257
2302,frozen,42,1,5,1,0,-1.0,-1.0,1,0,1,0,0.0,0.003826500260526257
2303,frozen,42,5,3,0,0,-1.0,-1.0,1,0,1,0,0.0,0.003826500260526257
2304,frozen,42,7,3,0,0,-1.0,-1.0,1,0,1,0,0.0,0.003826500260526257
2305,frozen,42,8,3,0,0,-1.0,-1.0,1,0,1,0,0.0,0.003826500260526257
2306,frozen,42,0,5,1,0,-1.0,-1.0,1,0,1,0,0.0,0.003826500260526257
2307,frozen,42,2,3,0,1,1.0,1.0,0,nan,nan,nan,0.0,0.003826500260526257
2308,frozen,42,1,2,0,1,1.0,1.0,0,nan,nan,nan,0.0,0.003826500260526257
2309,frozen,42,2,1,0,1,1.0,1.0,0,nan,nan,nan,0.0,0.003826500260526257
2310,frozen,42,4,0,0,0,-1.0,-1.0,1,3,0,1,0.0,0.003826500260526257
2311,frozen,42,2,5,1,0,-1.0,-1.0,1,0,1,0,0.0,0.003826500260526257
2312,frozen,42,0,3,0,0,-1.0,-1.0,1,0,1,0,0.0,0.003826500260526257
2313,frozen,42,4,3,0,1,1.0,1.0,0,nan,nan,nan,0.0,0.003826500260526257
2314,frozen,42,0,4,1,0,-1.0,-1.0,1,1,0,0,0.0,0.003826500260526257
2315,frozen,42,2,5,1,0,-1.0,-1.0,1,0,1,0,0.0,0.003826500260526257
2316,frozen,42,0,3,0,0,-1.0,-1.0,1,0,1,0,0.0,0.003826500260526257
2317,frozen,42,0,3,0,0,-1.0,-1.0,1,0,1,0,0.0,0.003826500260526257
2318,frozen,42,3,5,1,0,-1.0,-1.0,1,0,1,0,0.0,0.003826500260526257
2319,frozen,42,7,3,0,0,-1.0,-1.0,1,0,1,0,0.0,0.003826500260526257
2320,frozen,42,6,3,0,0,-1.0,-1.0,1,0,1,0,0.0,0.003826500260526257
2321,frozen,42,0,3,0,0,-1.0,-1.0,1,0,1,0,0.0,0.003826500260526257
2322,frozen,42,0,3,0,0,-1.0,-1.0,1,0,1,0,0.0,0.003826500260526257
2323,frozen,42,3,3,0,1,1.0,1.0,0,nan,nan,nan,0.0,0.003826500260526257
2324,frozen,42,5,2,0,0,-1.0,-1.0,1,1,0,0,0.0,0.003826500260526257
2325,frozen,42,6,3,0,0,-1.0,-1.0,1,0,1,0,0.0,0.003826500260526257
2326,frozen,42,7,3,0,0,-1.0,-1.0,1,0,1,0,0.0,0.003826500260526257
2327,frozen,42,3,5,1,0,-1.0,-1.0,1,0,1,0,0.0,0.003826500260526257
2328,frozen,42,1,5,1,0,-1.0,-1.0,1,0,1,0,0.0,0.003826500260526257
2329,frozen,42,0,3,0,0,-1.0,-1.0,1,0,1,0,0.0,0.003826500260526257
2330,frozen,42,1,5,1,0,-1.0,-1.0,1,0,1,0,0.0,0.003826500260526257
2331,frozen,42,0,3,0,0,-1.0,-1.0,1,0,1,0,0.0,0.003826500260526257
2332,frozen,42,7,3,0,0,-1.0,-1.0,1,0,1,0,0.0,0.003826500260526257
2333,frozen,42,2,5,1,0,-1.0,-1.0,1,0,1,0,0.0,0.003826500260526257
2334,frozen,42,7,3,0,0,-1.0,-1.0,1,0,1,0,0.0,0.003826500260526257
2335,frozen,42,4,3,0,1,1.0,1.0,0,nan,nan,nan,0.0,0.003826500260526257
2336,frozen,42,4,2,0,0,-1.0,-1.0,1,1,0,0,0.0,0.003826500260526257
2337,frozen,42,4,3,0,1,1.0,1.0,0,nan,nan,nan,0.0,0.003826500260526257
2338,frozen,42,7,2,0,0,-1.0,-1.0,1,1,0,0,0.0,0.003826500260526257
2339,frozen,42,0,3,0,0,-1.0,-1.0,1,0,1,0,0.0,0.003826500260526257
2340,frozen,42,0,3,0,0,-1.0,-1.0,1,0,1,0,0.0,0.003826500260526257
2341,frozen,42,3,5,1,0,-1.0,-1.0,1,0,1,0,0.0,0.003826500260526257
2342,frozen,42,3,5,1,0,-1.0,-1.0,1,0,1,0,0.0,0.003826500260526257
2343,frozen,42,4,3,0,1,1.0,1.0,0,nan,nan,nan,0.0,0.003826500260526257
2344,frozen,42,6,4,1,0,-1.0,-1.0,1,1,0,0,0.0,0.003826500260526257
2345,frozen,42,5,3,0,0,-1.0,-1.0,1,0,1,0,0.0,0.003826500260526257
2346,frozen,42,2,5,1,0,-1.0,-1.0,1,0,1,0,0.0,0.003826500260526257
2347,frozen,42,2,3,0,1,1.0,1.0,0,nan,nan,nan,0.0,0.003826500260526257
2348,frozen,42,6,4,1,0,-1.0,-1.0,1,1,0,0,0.0,0.003826500260526257
2349,frozen,42,1,5,1,0,-1.0,-1.0,1,0,1,0,0.0,0.003826500260526257
2350,frozen,42,4,3,0,1,1.0,1.0,0,nan,nan,nan,0.0,0.003826500260526257
2351,frozen,42,4,4,1,1,1.0,1.0,0,nan,nan,nan,0.0,0.003826500260526257
2352,frozen,42,6,3,0,0,-1.0,-1.0,1,2,0,0,0.0,0.003826500260526257
2353,frozen,42,6,3,0,0,-1.0,-1.0,1,0,1,0,0.0,0.003826500260526257
2354,frozen,42,4,3,0,1,1.0,1.0,0,nan,nan,nan,0.0,0.003826500260526257
2355,frozen,42,2,4,1,0,-1.0,-1.0,1,1,0,0,0.0,0.003826500260526257
2356,frozen,42,3,3,0,1,1.0,1.0,0,nan,nan,nan,0.0,0.003826500260526257
2357,frozen,42,3,2,0,1,1.0,1.0,0,nan,nan,nan,0.0,0.003826500260526257
2358,frozen,42,1,1,0,1,1.0,1.0,0,nan,nan,nan,0.0,0.003826500260526257
2359,frozen,42,5,2,1,0,-1.0,-1.0,1,3,0,1,0.0,0.003826500260526257
2360,frozen,42,1,5,1,0,-1.0,-1.0,1,0,1,0,0.0,0.003826500260526257
2361,frozen,42,5,3,0,0,-1.0,-1.0,1,0,1,0,0.0,0.003826500260526257
2362,frozen,42,6,3,0,0,-1.0,-1.0,1,0,1,0,0.0,0.003826500260526257
2363,frozen,42,8,5,1,0,-1.0,-1.0,1,0,1,0,0.0,0.003826500260526257
2364,frozen,42,1,5,1,0,-1.0,-1.0,1,0,1,0,0.0,0.003826500260526257
2365,frozen,42,6,3,0,0,-1.0,-1.0,1,0,1,0,0.0,0.003826500260526257
2366,frozen,42,0,3,0,0,-1.0,-1.0,1,0,1,0,0.0,0.003826500260526257
2367,frozen,42,3,3,0,1,1.0,1.0,0,nan,nan,nan,0.0,0.003826500260526257
2368,frozen,42,1,2,0,1,1.0,1.0,0,nan,nan,nan,0.0,0.003826500260526257
2369,frozen,42,1,1,0,1,1.0,1.0,0,nan,nan,nan,0.0,0.003826500260526257
2370,frozen,42,1,0,0,1,1.0,1.0,0,nan,nan,nan,0.0,0.003826500260526257
2371,frozen,42,0,0,0,1,1.0,1.0,0,nan,nan,nan,0.0,0.003826500260526257
2372,frozen,42,7,1,1,0,-1.0,-1.0,1,5,0,1,0.0,0.003826500260526257
2373,frozen,42,0,3,0,0,-1.0,-1.0,1,0,1,0,0.0,0.003826500260526257
2374,frozen,42,3,5,1,0,-1.0,-1.0,1,0,1,0,0.0,0.003826500260526257
2375,frozen,42,6,3,0,0,-1.0,-1.0,1,0,1,0,0.0,0.003826500260526257
2376,frozen,42,8,5,1,0,-1.0,-1.0,1,0,1,0,0.0,0.003826500260526257
2377,frozen,42,7,5,1,0,-1.0,-1.0,1,0,1,0,0.0,0.003826500260526257
2378,frozen,42,1,5,1,0,-1.0,-1.0,1,0,1,0,0.0,0.003826500260526257
2379,frozen,42,8,5,1,0,-1.0,-1.0,1,0,1,0,0.0,0.003826500260526257
2380,frozen,42,5,5,1,1,1.0,1.0,0,nan,nan,nan,0.0,0.003826500260526257
2381,frozen,42,1,4,0,0,-1.0,-1.0,1,1,0,0,0.0,0.003826500260526257
2382,frozen,42,4,3,0,1,1.0,1.0,0,nan,nan,nan,0.0,0.003826500260526257
2383,frozen,42,8,4,1,0,-1.0,-1.0,1,1,0,0,0.0,0.003826500260526257
2384,frozen,42,3,3,0,1,1.0,1.0,0,nan,nan,nan,0.0,0.003826500260526257
2385,frozen,42,1,4,1,0,-1.0,-1.0,1,1,0,0,0.0,0.003826500260526257
2386,frozen,42,7,3,0,0,-1.0,-1.0,1,0,1,0,0.0,0.003826500260526257
2387,frozen,42,8,5,1,0,-1.0,-1.0,1,0,1,0,0.0,0.003826500260526257
2388,frozen,42,8,5,1,0,-1.0,-1.0,1,0,1,0,0.0,0.003826500260526257
2389,frozen,42,8,3,0,0,-1.0,-1.0,1,0,1,0,0.0,0.003826500260526257
2390,frozen,42,7,3,0,0,-1.0,-1.0,1,0,1,0,0.0,0.003826500260526257
2391,frozen,42,4,3,0,1,1.0,1.0,0,nan,nan,nan,0.0,0.003826500260526257
2392,frozen,42,1,4,1,0,-1.0,-1.0,1,1,0,0,0.0,0.003826500260526257
2393,frozen,42,5,5,1,1,1.0,1.0,0,nan,nan,nan,0.0,0.003826500260526257
2394,frozen,42,1,4,0,0,-1.0,-1.0,1,1,0,0,0.0,0.003826500260526257
2395,frozen,42,4,3,0,1,1.0,1.0,0,nan,nan,nan,0.0,0.003826500260526257
2396,frozen,42,5,2,0,0,-1.0,-1.0,1,1,0,0,0.0,0.003826500260526257
2397,frozen,42,8,5,1,0,-1.0,-1.0,1,0,1,0,0.0,0.003826500260526257
2398,frozen,42,2,5,1,0,-1.0,-1.0,1,0,1,0,0.0,0.003826500260526257
2399,frozen,42,2,3,0,1,1.0,1.0,0,nan,nan,nan,0.0,0.003826500260526257
2400,frozen,42,6,4,1,0,-1.0,-1.0,1,1,0,0,0.0,0.003826500260526257
2401,frozen,42,0,3,0,0,-1.0,-1.0,1,0,1,0,0.0,0.003826500260526257
2402,frozen,42,5,3,0,0,-1.0,-1.0,1,0,1,0,0.0,0.003826500260526257
2403,frozen,42,6,3,0,0,-1.0,-1.0,1,0,1,0,0.0,0.003826500260526257
2404,frozen,42,4,3,0,1,1.0,1.0,0,nan,nan,nan,0.0,0.003826500260526257
2405,frozen,42,3,2,0,1,1.0,1.0,0,nan,nan,nan,0.0,0.003826500260526257
2406,frozen,42,7,3,1,0,-1.0,-1.0,1,2,0,0,0.0,0.003826500260526257
2407,frozen,42,3,5,1,0,-1.0,-1.0,1,0,1,0,0.0,0.003826500260526257
2408,frozen,42,6,3,0,0,-1.0,-1.0,1,0,1,0,0.0,0.003826500260526257
2409,frozen,42,4,3,0,1,1.0,1.0,0,nan,nan,nan,0.0,0.003826500260526257
2410,frozen,42,0,4,1,0,-1.0,-1.0,1,1,0,0,0.0,0.003826500260526257
2411,frozen,42,4,3,0,1,1.0,1.0,0,nan,nan,nan,0.0,0.003826500260526257
2412,frozen,42,0,4,1,0,-1.0,-1.0,1,1,0,0,0.0,0.003826500260526257
2413,frozen,42,8,3,0,0,-1.0,-1.0,1,0,1,0,0.0,0.003826500260526257
2414,frozen,42,5,5,1,1,1.0,1.0,0,nan,nan,nan,0.0,0.003826500260526257
2415,frozen,42,3,6,1,0,-1.0,-1.0,1,1,0,0,0.0,0.003826500260526257
2416,frozen,42,4,3,0,1,1.0,1.0,0,nan,nan,nan,0.0,0.003826500260526257
2417,frozen,42,5,2,0,0,-1.0,-1.0,1,1,0,0,0.0,0.003826500260526257
2418,frozen,42,2,3,0,1,1.0,1.0,0,nan,nan,nan,0.0,0.003826500260526257
2419,frozen,42,2,2,0,1,1.0,1.0,0,nan,nan,nan,0.0,0.003826500260526257
2420,frozen,42,3,3,1,1,1.0,1.0,0,nan,nan,nan,0.0,0.003826500260526257
2421,frozen,42,2,2,0,1,1.0,1.0,0,nan,nan,nan,0.0,0.003826500260526257
2422,frozen,42,6,3,1,0,-1.0,-1.0,1,4,0,1,0.0,0.003826500260526257
2423,frozen,42,0,3,0,0,-1.0,-1.0,1,0,1,0,0.0,0.003826500260526257
2424,frozen,42,7,3,0,0,-1.0,-1.0,1,0,1,0,0.0,0.003826500260526257
2425,frozen,42,3,3,0,1,1.0,1.0,0,nan,nan,nan,0.0,0.003826500260526257
2426,frozen,42,5,2,0,0,-1.0,-1.0,1,1,0,0,0.0,0.003826500260526257
2427,frozen,42,1,5,1,0,-1.0,-1.0,1,0,1,0,0.0,0.003826500260526257
2428,frozen,42,3,5,1,0,-1.0,-1.0,1,0,1,0,0.0,0.003826500260526257
2429,frozen,42,6,3,0,0,-1.0,-1.0,1,0,1,0,0.0,0.003826500260526257
2430,frozen,42,2,3,0,1,1.0,1.0,0,nan,nan,nan,0.0,0.003826500260526257
2431,frozen,42,1,2,0,1,1.0,1.0,0,nan,nan,nan,0.0,0.003826500260526257
2432,frozen,42,4,1,0,0,-1.0,-1.0,1,2,0,0,0.0,0.003826500260526257
2433,frozen,42,1,5,1,0,-1.0,-1.0,1,0,1,0,0.0,0.003826500260526257
2434,frozen,42,2,5,1,0,-1.0,-1.0,1,0,1,0,0.0,0.003826500260526257
2435,frozen,42,4,3,0,1,1.0,1.0,0,nan,nan,nan,0.0,0.003826500260526257
2436,frozen,42,5,2,0,0,-1.0,-1.0,1,1,0,0,0.0,0.003826500260526257
2437,frozen,42,5,3,0,0,-1.0,-1.0,1,0,1,0,0.0,0.003826500260526257
2438,frozen,42,6,3,0,0,-1.0,-1.0,1,0,1,0,0.0,0.003826500260526257
2439,frozen,42,7,5,1,0,-1.0,-1.0,1,0,1,0,0.0,0.003826500260526257
2440,frozen,42,0,3,0,0,-1.0,-1.0,1,0,1,0,0.0,0.003826500260526257
2441,frozen,42,3,5,1,0,-1.0,-1.0,1,0,1,0,0.0,0.003826500260526257
2442,frozen,42,0,3,0,0,-1.0,-1.0,1,0,1,0,0.0,0.003826500260526257
2443,frozen,42,0,3,0,0,-1.0,-1.0,1,0,1,0,0.0,0.003826500260526257
2444,frozen,42,1,5,1,0,-1.0,-1.0,1,0,1,0,0.0,0.003826500260526257
2445,frozen,42,5,5,1,1,1.0,1.0,0,nan,nan,nan,0.0,0.003826500260526257
2446,frozen,42,8,4,0,0,-1.0,-1.0,1,1,0,0,0.0,0.003826500260526257
2447,frozen,42,6,3,0,0,-1.0,-1.0,1,0,1,0,0.0,0.003826500260526257
2448,frozen,42,5,3,0,0,-1.0,-1.0,1,0,1,0,0.0,0.003826500260526257
2449,frozen,42,7,3,0,0,-1.0,-1.0,1,0,1,0,0.0,0.003826500260526257
2450,frozen,42,1,5,1,0,-1.0,-1.0,1,0,1,0,0.0,0.003826500260526257
2451,frozen,42,7,3,0,0,-1.0,-1.0,1,0,1,0,0.0,0.003826500260526257
2452,frozen,42,8,5,1,0,-1.0,-1.0,1,0,1,0,0.0,0.003826500260526257
2453,frozen,42,0,3,0,0,-1.0,-1.0,1,0,1,0,0.0,0.003826500260526257
2454,frozen,42,4,3,0,1,1.0,1.0,0,nan,nan,nan,0.0,0.003826500260526257
2455,frozen,42,7,4,1,0,-1.0,-1.0,1,1,0,0,0.0,0.003826500260526257
2456,frozen,42,4,3,0,1,1.0,1.0,0,nan,nan,nan,0.0,0.003826500260526257
2457,frozen,42,7,2,0,0,-1.0,-1.0,1,1,0,0,0.0,0.003826500260526257
2458,frozen,42,8,3,0,0,-1.0,-1.0,1,0,1,0,0.0,0.003826500260526257
2459,frozen,42,4,3,0,1,1.0,1.0,0,nan,nan,nan,0.0,0.003826500260526257
2460,frozen,42,0,4,1,0,-1.0,-1.0,1,1,0,0,0.0,0.003826500260526257
2461,frozen,42,3,5,1,0,-1.0,-1.0,1,0,1,0,0.0,0.003826500260526257
2462,frozen,42,1,5,1,0,-1.0,-1.0,1,0,1,0,0.0,0.003826500260526257
2463,frozen,42,4,3,0,1,1.0,1.0,0,nan,nan,nan,0.0,0.003826500260526257
2464,frozen,42,5,2,0,0,-1.0,-1.0,1,1,0,0,0.0,0.003826500260526257
2465,frozen,42,4,3,0,1,1.0,1.0,0,nan,nan,nan,0.0,0.003826500260526257
2466,frozen,42,1,4,1,0,-1.0,-1.0,1,1,0,0,0.0,0.003826500260526257
2467,frozen,42,2,3,0,1,1.0,1.0,0,nan,nan,nan,0.0,0.003826500260526257
2468,frozen,42,6,4,1,0,-1.0,-1.0,1,1,0,0,0.0,0.003826500260526257
2469,frozen,42,0,3,0,0,-1.0,-1.0,1,0,1,0,0.0,0.003826500260526257
2470,frozen,42,1,5,1,0,-1.0,-1.0,1,0,1,0,0.0,0.003826500260526257
2471,frozen,42,8,5,1,0,-1.0,-1.0,1,0,1,0,0.0,0.003826500260526257
2472,frozen,42,0,3,0,0,-1.0,-1.0,1,0,1,0,0.0,0.003826500260526257
2473,frozen,42,3,5,1,0,-1.0,-1.0,1,0,1,0,0.0,0.003826500260526257
2474,frozen,42,1,5,1,0,-1.0,-1.0,1,0,1,0,0.0,0.003826500260526257
2475,frozen,42,0,3,0,0,-1.0,-1.0,1,0,1,0,0.0,0.003826500260526257
2476,frozen,42,3,3,0,1,1.0,1.0,0,nan,nan,nan,0.0,0.003826500260526257
2477,frozen,42,4,2,0,0,-1.0,-1.0,1,1,0,0,0.0,0.003826500260526257
2478,frozen,42,1,5,1,0,-1.0,-1.0,1,0,1,0,0.0,0.003826500260526257
2479,frozen,42,0,3,0,0,-1.0,-1.0,1,0,1,0,0.0,0.003826500260526257
2480,frozen,42,1,5,1,0,-1.0,-1.0,1,0,1,0,0.0,0.003826500260526257
2481,frozen,42,5,5,1,1,1.0,1.0,0,nan,nan,nan,0.0,0.003826500260526257
2482,frozen,42,7,4,0,0,-1.0,-1.0,1,1,0,0,0.0,0.003826500260526257
2483,frozen,42,1,5,1,0,-1.0,-1.0,1,0,1,0,0.0,0.003826500260526257
2484,frozen,42,2,3,0,1,1.0,1.0,0,nan,nan,nan,0.0,0.003826500260526257
2485,frozen,42,3,2,0,1,1.0,1.0,0,nan,nan,nan,0.0,0.003826500260526257
2486,frozen,42,3,3,1,1,1.0,1.0,0,nan,nan,nan,0.0,0.003826500260526257
2487,frozen,42,2,2,0,1,1.0,1.0,0,nan,nan,nan,0.0,0.003826500260526257
2488,frozen,42,0,1,0,1,1.0,1.0,0,nan,nan,nan,0.0,0.003826500260526257
2489,frozen,42,4,2,1,0,-1.0,-1.0,1,5,0,1,0.0,0.003826500260526257
2490,frozen,42,3,3,0,1,1.0,1.0,0,nan,nan,nan,0.0,0.003826500260526257
2491,frozen,42,3,2,0,1,1.0,1.0,0,nan,nan,nan,0.0,0.003826500260526257
2492,frozen,42,2,1,0,1,1.0,1.0,0,nan,nan,nan,0.0,0.003826500260526257
2493,frozen,42,8,0,0,0,-1.0,-1.0,1,3,0,1,0.0,0.003826500260526257
2494,frozen,42,5,5,1,1,1.0,1.0,0,nan,nan,nan,0.0,0.003826500260526257
2495,frozen,42,3,4,0,1,1.0,1.0,0,nan,nan,nan,0.0,0.003826500260526257
2496,frozen,42,1,5,1,0,-1.0,-1.0,1,2,0,0,0.0,0.003826500260526257
2497,frozen,42,7,5,1,0,-1.0,-1.0,1,0,1,0,0.0,0.003826500260526257
2498,frozen,42,7,3,0,0,-1.0,-1.0,1,0,1,0,0.0,0.003826500260526257
2499,frozen,42,0,3,0,0,-1.0,-1.0,1,0,1,0,0.0,0.003826500260526257
2500,frozen,42,8,3,0,0,-1.0,-1.0,1,0,1,0,0.0,0.003826500260526257
2501,frozen,42,6,3,0,0,-1.0,-1.0,1,0,1,0,0.0,0.003826500260526257
2502,frozen,42,0,3,0,0,-1.0,-1.0,1,0,1,0,0.0,0.003826500260526257
2503,frozen,42,6,3,0,0,-1.0,-1.0,1,0,1,0,0.0,0.003826500260526257
2504,frozen,42,0,3,0,0,-1.0,-1.0,1,0,1,0,0.0,0.003826500260526257
2505,frozen,42,0,3,0,0,-1.0,-1.0,1,0,1,0,0.0,0.003826500260526257
2506,frozen,42,1,5,1,0,-1.0,-1.0,1,0,1,0,0.0,0.003826500260526257
2507,frozen,42,4,3,0,1,1.0,1.0,0,nan,nan,nan,0.0,0.003826500260526257
2508,frozen,42,5,2,0,0,-1.0,-1.0,1,1,0,0,0.0,0.003826500260526257
2509,frozen,42,3,3,0,1,1.0,1.0,0,nan,nan,nan,0.0,0.003826500260526257
2510,frozen,42,1,4,1,0,-1.0,-1.0,1,1,0,0,0.0,0.003826500260526257
2511,frozen,42,1,5,1,0,-1.0,-1.0,1,0,1,0,0.0,0.003826500260526257
2512,frozen,42,7,5,1,0,-1.0,-1.0,1,0,1,0,0.0,0.003826500260526257
2513,frozen,42,8,5,1,0,-1.0,-1.0,1,0,1,0,0.0,0.003826500260526257
2514,frozen,42,6,3,0,0,-1.0,-1.0,1,0,1,0,0.0,0.003826500260526257
2515,frozen,42,0,3,0,0,-1.0,-1.0,1,0,1,0,0.0,0.003826500260526257
2516,frozen,42,7,3,0,0,-1.0,-1.0,1,0,1,0,0.0,0.003826500260526257
2517,frozen,42,6,3,0,0,-1.0,-1.0,1,0,1,0,0.0,0.003826500260526257
2518,frozen,42,4,3,0,1,1.0,1.0,0,nan,nan,nan,0.0,0.003826500260526257
2519,frozen,42,1,2,0,1,1.0,1.0,0,nan,nan,nan,0.0,0.003826500260526257
2520,frozen,42,8,1,0,0,-1.0,-1.0,1,2,0,0,0.0,0.003826500260526257
2521,frozen,42,3,5,1,0,-1.0,-1.0,1,0,1,0,0.0,0.003826500260526257
2522,frozen,42,0,3,0,0,-1.0,-1.0,1,0,1,0,0.0,0.003826500260526257
2523,frozen,42,1,5,1,0,-1.0,-1.0,1,0,1,0,0.0,0.003826500260526257
2524,frozen,42,3,3,0,1,1.0,1.0,0,nan,nan,nan,0.0,0.003826500260526257
2525,frozen,42,0,4,1,0,-1.0,-1.0,1,1,0,0,0.0,0.003826500260526257
2526,frozen,42,2,3,0,1,1.0,1.0,0,nan,nan,nan,0.0,0.003826500260526257
2527,frozen,42,4,4,1,1,1.0,1.0,0,nan,nan,nan,0.0,0.003826500260526257
2528,frozen,42,8,3,0,0,-1.0,-1.0,1,2,0,0,0.0,0.003826500260526257
2529,frozen,42,0,3,0,0,-1.0,-1.0,1,0,1,0,0.0,0.003826500260526257
2530,frozen,42,5,3,0,0,-1.0,-1.0,1,0,1,0,0.0,0.003826500260526257
2531,frozen,42,8,3,0,0,-1.0,-1.0,1,0,1,0,0.0,0.003826500260526257
2532,frozen,42,7,3,0,0,-1.0,-1.0,1,0,1,0,0.0,0.003826500260526257
2533,frozen,42,8,3,0,0,-1.0,-1.0,1,0,1,0,0.0,0.003826500260526257
2534,frozen,42,1,5,1,0,-1.0,-1.0,1,0,1,0,0.0,0.003826500260526257
2535,frozen,42,7,5,1,0,-1.0,-1.0,1,0,1,0,0.0,0.003826500260526257
2536,frozen,42,8,3,0,0,-1.0,-1.0,1,0,1,0,0.0,0.003826500260526257
2537,frozen,42,2,3,0,1,1.0,1.0,0,nan,nan,nan,0.0,0.003826500260526257
2538,frozen,42,4,4,1,1,1.0,1.0,0,nan,nan,nan,0.0,0.003826500260526257
2539,frozen,42,4,3,0,1,1.0,1.0,0,nan,nan,nan,0.0,0.003826500260526257
2540,frozen,42,4,4,1,1,1.0,1.0,0,nan,nan,nan,0.0,0.003826500260526257
2541,frozen,42,2,5,1,0,-1.0,-1.0,1,4,0,1,0.0,0.003826500260526257
2542,frozen,42,8,5,1,0,-1.0,-1.0,1,0,1,0,0.0,0.003826500260526257
2543,frozen,42,8,5,1,0,-1.0,-1.0,1,0,1,0,0.0,0.003826500260526257
2544,frozen,42,3,5,1,0,-1.0,-1.0,1,0,1,0,0.0,0.003826500260526257
2545,frozen,42,7,3,0,0,-1.0,-1.0,1,0,1,0,0.0,0.003826500260526257
2546,frozen,42,3,3,0,1,1.0,1.0,0,nan,nan,nan,0.0,0.003826500260526257
2547,frozen,42,7,4,1,0,-1.0,-1.0,1,1,0,0,0.0,0.003826500260526257
2548,frozen,42,5,5,1,1,1.0,1.0,0,nan,nan,nan,0.0,0.003826500260526257
2549,frozen,42,4,6,1,0,-1.0,-1.0,1,1,0,0,0.0,0.003826500260526257
2550,frozen,42,1,5,1,0,-1.0,-1.0,1,0,1,0,0.0,0.003826500260526257
2551,frozen,42,5,5,1,1,1.0,1.0,0,nan,nan,nan,0.0,0.003826500260526257
2552,frozen,42,2,6,1,0,-1.0,-1.0,1,1,0,0,0.0,0.003826500260526257
2553,frozen,42,1,5,1,0,-1.0,-1.0,1,0,1,0,0.0,0.003826500260526257
2554,frozen,42,1,5,1,0,-1.0,-1.0,1,0,1,0,0.0,0.003826500260526257
2555,frozen,42,8,5,1,0,-1.0,-1.0,1,0,1,0,0.0,0.003826500260526257
2556,frozen,42,0,3,0,0,-1.0,-1.0,1,0,1,0,0.0,0.003826500260526257
2557,frozen,42,7,5,1,0,-1.0,-1.0,1,0,1,0,0.0,0.003826500260526257
2558,frozen,42,7,3,0,0,-1.0,-1.0,1,0,1,0,0.0,0.003826500260526257
2559,frozen,42,0,3,0,0,-1.0,-1.0,1,0,1,0,0.0,0.003826500260526257
2560,frozen,42,5,5,1,1,1.0,1.0,0,nan,nan,nan,0.0,0.003826500260526257
2561,frozen,42,5,4,0,1,1.0,1.0,0,nan,nan,nan,0.0,0.003826500260526257
2562,frozen,42,3,3,0,1,1.0,1.0,0,nan,nan,nan,0.0,0.003826500260526257
2563,frozen,42,6,4,1,0,-1.0,-1.0,1,3,0,1,0.0,0.003826500260526257
2564,frozen,42,3,5,1,0,-1.0,-1.0,1,0,1,0,0.0,0.003826500260526257
2565,frozen,42,3,3,0,1,1.0,1.0,0,nan,nan,nan,0.0,0.003826500260526257
2566,frozen,42,3,2,0,1,1.0,1.0,0,nan,nan,nan,0.0,0.003826500260526257
2567,frozen,42,7,3,1,0,-1.0,-1.0,1,2,0,0,0.0,0.003826500260526257
2568,frozen,42,5,5,1,1,1.0,1.0,0,nan,nan,nan,0.0,0.003826500260526257
2569,frozen,42,3,4,0,1,1.0,1.0,0,nan,nan,nan,0.0,0.003826500260526257
2570,frozen,42,8,3,0,0,-1.0,-1.0,1,2,0,0,0.0,0.003826500260526257
2571,frozen,42,7,5,1,0,-1.0,-1.0,1,0,1,0,0.0,0.003826500260526257
2572,frozen,42,8,5,1,0,-1.0,-1.0,1,0,1,0,0.0,0.003826500260526257
2573,frozen,42,6,3,0,0,-1.0,-1.0,1,0,1,0,0.0,0.003826500260526257
2574,frozen,42,3,3,0,1,1.0,1.0,0,nan,nan,nan,0.0,0.003826500260526257
2575,frozen,42,6,2,0,0,-1.0,-1.0,1,1,0,0,0.0,0.003826500260526257
2576,frozen,42,2,3,0,1,1.0,1.0,0,nan,nan,nan,0.0,0.003826500260526257
2577,frozen,42,2,2,0,1,1.0,1.0,0,nan,nan,nan,0.0,0.003826500260526257
2578,frozen,42,4,1,0,0,-1.0,-1.0,1,2,0,0,0.0,0.003826500260526257
2579,frozen,42,8,5,1,0,-1.0,-1.0,1,0,1,0,0.0,0.003826500260526257
2580,frozen,42,5,3,0,0,-1.0,-1.0,1,0,1,0,0.0,0.003826500260526257
2581,frozen,42,3,3,0,1,1.0,1.0,0,nan,nan,nan,0.0,0.003826500260526257
2582,frozen,42,4,4,1,1,1.0,1.0,0,nan,nan,nan,0.0,0.003826500260526257
2583,frozen,42,2,3,0,1,1.0,1.0,0,nan,nan,nan,0.0,0.003826500260526257
2584,frozen,42,5,2,0,0,-1.0,-1.0,1,3,0,1,0.0,0.003826500260526257
2585,frozen,42,3,3,0,1,1.0,1.0,0,nan,nan,nan,0.0,0.003826500260526257
2586,frozen,42,4,4,1,1,1.0,1.0,0,nan,nan,nan,0.0,0.003826500260526257
2587,frozen,42,3,5,1,0,-1.0,-1.0,1,2,0,0,0.0,0.003826500260526257
2588,frozen,42,2,3,0,1,1.0,1.0,0,nan,nan,nan,0.0,0.003826500260526257
2589,frozen,42,8,4,1,0,-1.0,-1.0,1,1,0,0,0.0,0.003826500260526257
2590,frozen,42,3,3,0,1,1.0,1.0,0,nan,nan,nan,0.0,0.003826500260526257
2591,frozen,42,0,4,1,0,-1.0,-1.0,1,1,0,0,0.0,0.003826500260526257
2592,frozen,42,3,5,1,0,-1.0,-1.0,1,0,1,0,0.0,0.003826500260526257
2593,frozen,42,4,3,0,1,1.0,1.0,0,nan,nan,nan,0.0,0.003826500260526257
2594,frozen,42,0,4,1,0,-1.0,-1.0,1,1,0,0,0.0,0.003826500260526257
2595,frozen,42,2,5,1,0,-1.0,-1.0,1,0,1,0,0.0,0.003826500260526257
2596,frozen,42,1,5,1,0,-1.0,-1.0,1,0,1,0,0.0,0.003826500260526257
2597,frozen,42,4,3,0,1,1.0,1.0,0,nan,nan,nan,0.0,0.003826500260526257
2598,frozen,42,6,4,1,0,-1.0,-1.0,1,1,0,0,0.0,0.003826500260526257
2599,frozen,42,8,5,1,0,-1.0,-1.0,1,0,1,0,0.0,0.003826500260526257
2600,frozen,42,3,5,1,0,-1.0,-1.0,1,0,1,0,0.0,0.003826500260526257
2601,frozen,42,7,3,0,0,-1.0,-1.0,1,0,1,0,0.0,0.003826500260526257
2602,frozen,42,1,5,1,0,-1.0,-1.0,1,0,1,0,0.0,0.003826500260526257
2603,frozen,42,7,5,1,0,-1.0,-1.0,1,0,1,0,0.0,0.003826500260526257
2604,frozen,42,5,3,0,0,-1.0,-1.0,1,0,1,0,0.0,0.003826500260526257
2605,frozen,42,6,3,0,0,-1.0,-1.0,1,0,1,0,0.0,0.003826500260526257
2606,frozen,42,6,5,1,1,1.0,1.0,0,nan,nan,nan,0.0,0.003826500260526257
2607,frozen,42,4,6,1,0,-1.0,-1.0,1,1,0,0,0.0,0.003826500260526257
2608,frozen,42,2,3,0,1,1.0,1.0,0,nan,nan,nan,0.0,0.003826500260526257
2609,frozen,42,4,2,0,0,-1.0,-1.0,1,1,0,0,0.0,0.003826500260526257
2610,frozen,42,7,5,1,0,-1.0,-1.0,1,0,1,0,0.0,0.003826500260526257
2611,frozen,42,8,3,0,0,-1.0,-1.0,1,0,1,0,0.0,0.003826500260526257
2612,frozen,42,8,3,0,0,-1.0,-1.0,1,0,1,0,0.0,0.003826500260526257
2613,frozen,42,1,5,1,0,-1.0,-1.0,1,0,1,0,0.0,0.003826500260526257
2614,frozen,42,5,5,1,1,1.0,1.0,0,nan,nan,nan,0.0,0.003826500260526257
2615,frozen,42,0,6,1,0,-1.0,-1.0,1,1,0,0,0.0,0.003826500260526257
2616,frozen,42,6,3,0,0,-1.0,-1.0,1,0,1,0,0.0,0.003826500260526257
2617,frozen,42,8,3,0,0,-1.0,-1.0,1,0,1,0,0.0,0.003826500260526257
2618,frozen,42,0,3,0,0,-1.0,-1.0,1,0,1,0,0.0,0.003826500260526257
2619,frozen,42,5,3,0,0,-1.0,-1.0,1,0,1,0,0.0,0.003826500260526257
2620,frozen,42,8,5,1,0,-1.0,-1.0,1,0,1,0,0.0,0.003826500260526257
2621,frozen,42,7,3,0,0,-1.0,-1.0,1,0,1,0,0.0,0.003826500260526257
2622,frozen,42,3,3,0,1,1.0,1.0,0,nan,nan,nan,0.0,0.003826500260526257
2623,frozen,42,0,4,1,0,-1.0,-1.0,1,1,0,0,0.0,0.003826500260526257
2624,frozen,42,8,5,1,0,-1.0,-1.0,1,0,1,0,0.0,0.003826500260526257
2625,frozen,42,8,5,1,0,-1.0,-1.0,1,0,1,0,0.0,0.003826500260526257
2626,frozen,42,5,5,1,1,1.0,1.0,0,nan,nan,nan,0.0,0.003826500260526257
2627,frozen,42,8,6,1,0,-1.0,-1.0,1,1,0,0,0.0,0.003826500260526257
2628,frozen,42,0,5,1,0,-1.0,-1.0,1,0,1,0,0.0,0.003826500260526257
2629,frozen,42,5,3,0,0,-1.0,-1.0,1,0,1,0,0.0,0.003826500260526257
2630,frozen,42,0,3,0,0,-1.0,-1.0,1,0,1,0,0.0,0.003826500260526257
2631,frozen,42,8,5,1,0,-1.0,-1.0,1,0,1,0,0.0,0.003826500260526257
2632,frozen,42,6,3,0,0,-1.0,-1.0,1,0,1,0,0.0,0.003826500260526257
2633,frozen,42,8,5,1,0,-1.0,-1.0,1,0,1,0,0.0,0.003826500260526257
2634,frozen,42,5,3,0,0,-1.0,-1.0,1,0,1,0,0.0,0.003826500260526257
2635,frozen,42,0,3,0,0,-1.0,-1.0,1,0,1,0,0.0,0.003826500260526257
2636,frozen,42,0,3,0,0,-1.0,-1.0,1,0,1,0,0.0,0.003826500260526257
2637,frozen,42,3,5,1,0,-1.0,-1.0,1,0,1,0,0.0,0.003826500260526257
2638,frozen,42,6,5,1,1,1.0,1.0,0,nan,nan,nan,0.0,0.003826500260526257
2639,frozen,42,1,4,0,0,-1.0,-1.0,1,1,0,0,0.0,0.003826500260526257
2640,frozen,42,7,3,0,0,-1.0,-1.0,1,0,1,0,0.0,0.003826500260526257
2641,frozen,42,2,3,0,1,1.0,1.0,0,nan,nan,nan,0.0,0.003826500260526257
2642,frozen,42,4,2,0,0,-1.0,-1.0,1,1,0,0,0.0,0.003826500260526257
2643,frozen,42,1,5,1,0,-1.0,-1.0,1,0,1,0,0.0,0.003826500260526257
2644,frozen,42,4,3,0,1,1.0,1.0,0,nan,nan,nan,0.0,0.003826500260526257
2645,frozen,42,4,2,0,0,-1.0,-1.0,1,1,0,0,0.0,0.003826500260526257
2646,frozen,42,0,3,0,0,-1.0,-1.0,1,0,1,0,0.0,0.003826500260526257
2647,frozen,42,5,5,1,1,1.0,1.0,0,nan,nan,nan,0.0,0.003826500260526257
2648,frozen,42,7,4,0,0,-1.0,-1.0,1,1,0,0,0.0,0.003826500260526257
2649,frozen,42,8,3,0,0,-1.0,-1.0,1,0,1,0,0.0,0.003826500260526257
2650,frozen,42,2,3,0,1,1.0,1.0,0,nan,nan,nan,0.0,0.003826500260526257
2651,frozen,42,7,2,0,0,-1.0,-1.0,1,1,0,0,0.0,0.003826500260526257
2652,frozen,42,7,5,1,0,-1.0,-1.0,1,0,1,0,0.0,0.003826500260526257
2653,frozen,42,8,5,1,0,-1.0,-1.0,1,0,1,0,0.0,0.003826500260526257
2654,frozen,42,3,3,0,1,1.0,1.0,0,nan,nan,nan,0.0,0.003826500260526257
2655,frozen,42,7,4,1,0,-1.0,-1.0,1,1,0,0,0.0,0.003826500260526257
2656,frozen,42,5,5,1,1,1.0,1.0,0,nan,nan,nan,0.0,0.003826500260526257
2657,frozen,42,0,6,1,0,-1.0,-1.0,1,1,0,0,0.0,0.003826500260526257
2658,frozen,42,2,3,0,1,1.0,1.0,0,nan,nan,nan,0.0,0.003826500260526257
2659,frozen,42,6,4,1,0,-1.0,-1.0,1,1,0,0,0.0,0.003826500260526257
2660,frozen,42,1,5,1,0,-1.0,-1.0,1,0,1,0,0.0,0.003826500260526257
2661,frozen,42,3,3,0,1,1.0,1.0,0,nan,nan,nan,0.0,0.003826500260526257
2662,frozen,42,6,4,1,0,-1.0,-1.0,1,1,0,0,0.0,0.003826500260526257
2663,frozen,42,1,5,1,0,-1.0,-1.0,1,0,1,0,0.0,0.003826500260526257
2664,frozen,42,4,3,0,1,1.0,1.0,0,nan,nan,nan,0.0,0.003826500260526257
2665,frozen,42,1,4,1,0,-1.0,-1.0,1,1,0,0,0.0,0.003826500260526257
2666,frozen,42,4,3,0,1,1.0,1.0,0,nan,nan,nan,0.0,0.003826500260526257
2667,frozen,42,2,4,1,0,-1.0,-1.0,1,1,0,0,0.0,0.003826500260526257
2668,frozen,42,8,3,0,0,-1.0,-1.0,1,0,1,0,0.0,0.003826500260526257
2669,frozen,42,0,3,0,0,-1.0,-1.0,1,0,1,0,0.0,0.003826500260526257
2670,frozen,42,8,5,1,0,-1.0,-1.0,1,0,1,0,0.0,0.003826500260526257
2671,frozen,42,7,5,1,0,-1.0,-1.0,1,0,1,0,0.0,0.003826500260526257
2672,frozen,42,7,5,1,0,-1.0,-1.0,1,0,1,0,0.0,0.003826500260526257
2673,frozen,42,7,5,1,0,-1.0,-1.0,1,0,1,0,0.0,0.003826500260526257
2674,frozen,42,1,5,1,0,-1.0,-1.0,1,0,1,0,0.0,0.003826500260526257
2675,frozen,42,8,3,0,0,-1.0,-1.0,1,0,1,0,0.0,0.003826500260526257
2676,frozen,42,5,3,0,0,-1.0,-1.0,1,0,1,0,0.0,0.003826500260526257
2677,frozen,42,8,3,0,0,-1.0,-1.0,1,0,1,0,0.0,0.003826500260526257
2678,frozen,42,7,5,1,0,-1.0,-1.0,1,0,1,0,0.0,0.003826500260526257
2679,frozen,42,5,5,1,1,1.0,1.0,0,nan,nan,nan,0.0,0.003826500260526257
2680,frozen,42,3,6,1,0,-1.0,-1.0,1,1,0,0,0.0,0.003826500260526257
2681,frozen,42,1,5,1,0,-1.0,-1.0,1,0,1,0,0.0,0.003826500260526257
2682,frozen,42,0,3,0,0,-1.0,-1.0,1,0,1,0,0.0,0.003826500260526257
2683,frozen,42,3,3,0,1,1.0,1.0,0,nan,nan,nan,0.0,0.003826500260526257
2684,frozen,42,7,2,0,0,-1.0,-1.0,1,1,0,0,0.0,0.003826500260526257
2685,frozen,42,4,3,0,1,1.0,1.0,0,nan,nan,nan,0.0,0.003826500260526257
2686,frozen,42,4,4,1,1,1.0,1.0,0,nan,nan,nan,0.0,0.003826500260526257
2687,frozen,42,2,5,1,0,-1.0,-1.0,1,2,0,0,0.0,0.003826500260526257
2688,frozen,42,5,5,1,1,1.0,1.0,0,nan,nan,nan,0.0,0.003826500260526257
2689,frozen,42,5,4,0,1,1.0,1.0,0,nan,nan,nan,0.0,0.003826500260526257
2690,frozen,42,8,3,0,0,-1.0,-1.0,1,2,0,0,0.0,0.003826500260526257
2691,frozen,42,6,3,0,0,-1.0,-1.0,1,0,1,0,0.0,0.003826500260526257
2692,frozen,42,5,5,1,1,1.0,1.0,0,nan,nan,nan,0.0,0.003826500260526257
2693,frozen,42,8,6,1,0,-1.0,-1.0,1,1,0,0,0.0,0.003826500260526257
2694,frozen,42,3,3,0,1,1.0,1.0,0,nan,nan,nan,0.0,0.003826500260526257
2695,frozen,42,8,2,0,0,-1.0,-1.0,1,1,0,0,0.0,0.003826500260526257
2696,frozen,42,3,3,0,1,1.0,1.0,0,nan,nan,nan,0.0,0.003826500260526257
2697,frozen,42,1,2,0,1,1.0,1.0,0,nan,nan,nan,0.0,0.003826500260526257
2698,frozen,42,3,3,1,1,1.0,1.0,0,nan,nan,nan,0.0,0.003826500260526257
2699,frozen,42,1,2,0,1,1.0,1.0,0,nan,nan,nan,0.0,0.003826500260526257
2700,frozen,42,1,3,1,0,-1.0,-1.0,1,4,0,1,0.0,0.003826500260526257
2701,frozen,42,7,5,1,0,-1.0,-1.0,1,0,1,0,0.0,0.003826500260526257
2702,frozen,42,7,3,0,0,-1.0,-1.0,1,0,1,0,0.0,0.003826500260526257
2703,frozen,42,1,5,1,0,-1.0,-1.0,1,0,1,0,0.0,0.003826500260526257
2704,frozen,42,7,3,0,0,-1.0,-1.0,1,0,1,0,0.0,0.003826500260526257
2705,frozen,42,0,5,1,0,-1.0,-1.0,1,0,1,0,0.0,0.003826500260526257
2706,frozen,42,2,3,0,1,1.0,1.0,0,nan,nan,nan,0.0,0.003826500260526257
2707,frozen,42,6,2,0,0,-1.0,-1.0,1,1,0,0,0.0,0.003826500260526257
2708,frozen,42,2,5,1,0,-1.0,-1.0,1,0,1,0,0.0,0.003826500260526257
2709,frozen,42,6,3,0,0,-1.0,-1.0,1,0,1,0,0.0,0.003826500260526257
2710,frozen,42,7,5,1,0,-1.0,-1.0,1,0,1,0,0.0,0.003826500260526257
2711,frozen,42,0,3,0,0,-1.0,-1.0,1,0,1,0,0.0,0.003826500260526257
2712,frozen,42,0,3,0,0,-1.0,-1.0,1,0,1,0,0.0,0.003826500260526257
2713,frozen,42,8,3,0,0,-1.0,-1.0,1,0,1,0,0.0,0.003826500260526257
2714,frozen,42,4,3,0,1,1.0,1.0,0,nan,nan,nan,0.0,0.003826500260526257
2715,frozen,42,4,4,1,1,1.0,1.0,0,nan,nan,nan,0.0,0.003826500260526257
2716,frozen,42,4,5,1,1,1.0,1.0,0,nan,nan,nan,0.0,0.003826500260526257
2717,frozen,42,3,4,0,1,1.0,1.0,0,nan,nan,nan,0.0,0.003826500260526257
2718,frozen,42,6,3,0,0,-1.0,-1.0,1,4,0,1,0.0,0.003826500260526257
2719,frozen,42,5,5,1,1,1.0,1.0,0,nan,nan,nan,0.0,0.003826500260526257
2720,frozen,42,1,6,1,0,-1.0,-1.0,1,1,0,0,0.0,0.003826500260526257
2721,frozen,42,5,5,1,1,1.0,1.0,0,nan,nan,nan,0.0,0.003826500260526257
2722,frozen,42,6,4,0,0,-1.0,-1.0,1,1,0,0,0.0,0.003826500260526257
2723,frozen,42,1,5,1,0,-1.0,-1.0,1,0,1,0,0.0,0.003826500260526257
2724,frozen,42,3,3,0,1,1.0,1.0,0,nan,nan,nan,0.0,0.003826500260526257
2725,frozen,42,7,2,0,0,-1.0,-1.0,1,1,0,0,0.0,0.003826500260526257
2726,frozen,42,5,3,0,0,-1.0,-1.0,1,0,1,0,0.0,0.003826500260526257
2727,frozen,42,1,5,1,0,-1.0,-1.0,1,0,1,0,0.0,0.003826500260526257
2728,frozen,42,0,3,0,0,-1.0,-1.0,1,0,1,0,0.0,0.003826500260526257
2729,frozen,42,5,3,0,0,-1.0,-1.0,1,0,1,0,0.0,0.003826500260526257
2730,frozen,42,4,3,0,1,1.0,1.0,0,nan,nan,nan,0.0,0.003826500260526257
2731,frozen,42,8,4,1,0,-1.0,-1.0,1,1,0,0,0.0,0.003826500260526257
2732,frozen,42,4,3,0,1,1.0,1.0,0,nan,nan,nan,0.0,0.003826500260526257
2733,frozen,42,8,2,0,0,-1.0,-1.0,1,1,0,0,0.0,0.003826500260526257
2734,frozen,42,1,5,1,0,-1.0,-1.0,1,0,1,0,0.0,0.003826500260526257
2735,frozen,42,4,3,0,1,1.0,1.0,0,nan,nan,nan,0.0,0.003826500260526257
2736,frozen,42,1,2,0,1,1.0,1.0,0,nan,nan,nan,0.0,0.003826500260526257
2737,frozen,42,5,3,1,0,-1.0,-1.0,1,2,0,0,0.0,0.003826500260526257
2738,frozen,42,1,5,1,0,-1.0,-1.0,1,0,1,0,0.0,0.003826500260526257
2739,frozen,42,4,3,0,1,1.0,1.0,0,nan,nan,nan,0.0,0.003826500260526257
2740,frozen,42,3,2,0,1,1.0,1.0,0,nan,nan,nan,0.0,0.003826500260526257
2741,frozen,42,1,3,1,0,-1.0,-1.0,1,2,0,0,0.0,0.003826500260526257
2742,frozen,42,0,3,0,0,-1.0,-1.0,1,0,1,0,0.0,0.003826500260526257
2743,frozen,42,4,3,0,1,1.0,1.0,0,nan,nan,nan,0.0,0.003826500260526257
2744,frozen,42,8,2,0,0,-1.0,-1.0,1,1,0,0,0.0,0.003826500260526257
2745,frozen,42,1,5,1,0,-1.0,-1.0,1,0,1,0,0.0,0.003826500260526257
2746,frozen,42,3,3,0,1,1.0,1.0,0,nan,nan,nan,0.0,0.003826500260526257
2747,frozen,42,2,4,1,0,-1.0,-1.0,1,1,0,0,0.0,0.003826500260526257
2748,frozen,42,7,3,0,0,-1.0,-1.0,1,0,1,0,0.0,0.003826500260526257
2749,frozen,42,3,5,1,0,-1.0,-1.0,1,0,1,0,0.0,0.003826500260526257
2750,frozen,42,8,5,1,0,-1.0,-1.0,1,0,1,0,0.0,0.003826500260526257
2751,frozen,42,2,5,1,0,-1.0,-1.0,1,0,1,0,0.0,0.003826500260526257
2752,frozen,42,0,3,0,0,-1.0,-1.0,1,0,1,0,0.0,0.003826500260526257
2753,frozen,42,5,3,0,0,-1.0,-1.0,1,0,1,0,0.0,0.003826500260526257
2754,frozen,42,5,5,1,1,1.0,1.0,0,nan,nan,nan,0.0,0.003826500260526257
2755,frozen,42,8,6,1,0,-1.0,-1.0,1,1,0,0,0.0,0.003826500260526257
2756,frozen,42,7,3,0,0,-1.0,-1.0,1,0,1,0,0.0,0.003826500260526257
2757,frozen,42,7,5,1,0,-1.0,-1.0,1,0,1,0,0.0,0.003826500260526257
2758,frozen,42,5,3,0,0,-1.0,-1.0,1,0,1,0,0.0,0.003826500260526257
2759,frozen,42,3,3,0,1,1.0,1.0,0,nan,nan,nan,0.0,0.003826500260526257
2760,frozen,42,3,2,0,1,1.0,1.0,0,nan,nan,nan,0.0,0.003826500260526257
2761,frozen,42,1,3,1,0,-1.0,-1.0,1,2,0,0,0.0,0.003826500260526257
2762,frozen,42,3,3,0,1,1.0,1.0,0,nan,nan,nan,0.0,0.003826500260526257
2763,frozen,42,3,2,0,1,1.0,1.0,0,nan,nan,nan,0.0,0.003826500260526257
2764,frozen,42,0,3,1,0,-1.0,-1.0,1,2,0,0,0.0,0.003826500260526257
2765,frozen,42,1,5,1,0,-1.0,-1.0,1,0,1,0,0.0,0.003826500260526257
2766,frozen,42,4,3,0,1,1.0,1.0,0,nan,nan,nan,0.0,0.003826500260526257
2767,frozen,42,3,2,0,1,1.0,1.0,0,nan,nan,nan,0.0,0.003826500260526257
2768,frozen,42,8,1,0,0,-1.0,-1.0,1,2,0,0,0.0,0.003826500260526257
2769,frozen,42,4,3,0,1,1.0,1.0,0,nan,nan,nan,0.0,0.003826500260526257
2770,frozen,42,8,2,0,0,-1.0,-1.0,1,1,0,0,0.0,0.003826500260526257
2771,frozen,42,5,3,0,0,-1.0,-1.0,1,0,1,0,0.0,0.003826500260526257
2772,frozen,42,0,3,0,0,-1.0,-1.0,1,0,1,0,0.0,0.003826500260526257
2773,frozen,42,1,5,1,0,-1.0,-1.0,1,0,1,0,0.0,0.003826500260526257
2774,frozen,42,6,3,0,0,-1.0,-1.0,1,0,1,0,0.0,0.003826500260526257
2775,frozen,42,4,3,0,1,1.0,1.0,0,nan,nan,nan,0.0,0.003826500260526257
2776,frozen,42,2,2,0,1,1.0,1.0,0,nan,nan,nan,0.0,0.003826500260526257
2777,frozen,42,4,1,0,0,-1.0,-1.0,1,2,0,0,0.0,0.003826500260526257
2778,frozen,42,8,5,1,0,-1.0,-1.0,1,0,1,0,0.0,0.003826500260526257
2779,frozen,42,3,3,0,1,1.0,1.0,0,nan,nan,nan,0.0,0.003826500260526257
2780,frozen,42,0,4,1,0,-1.0,-1.0,1,1,0,0,0.0,0.003826500260526257
2781,frozen,42,2,5,1,0,-1.0,-1.0,1,0,1,0,0.0,0.003826500260526257
2782,frozen,42,8,3,0,0,-1.0,-1.0,1,0,1,0,0.0,0.003826500260526257
2783,frozen,42,6,3,0,0,-1.0,-1.0,1,0,1,0,0.0,0.003826500260526257
2784,frozen,42,7,3,0,0,-1.0,-1.0,1,0,1,0,0.0,0.003826500260526257
2785,frozen,42,8,3,0,0,-1.0,-1.0,1,0,1,0,0.0,0.003826500260526257
2786,frozen,42,1,5,1,0,-1.0,-1.0,1,0,1,0,0.0,0.003826500260526257
2787,frozen,42,2,5,1,0,-1.0,-1.0,1,0,1,0,0.0,0.003826500260526257
2788,frozen,42,0,3,0,0,-1.0,-1.0,1,0,1,0,0.0,0.003826500260526257
2789,frozen,42,0,3,0,0,-1.0,-1.0,1,0,1,0,0.0,0.003826500260526257
2790,frozen,42,7,3,0,0,-1.0,-1.0,1,0,1,0,0.0,0.003826500260526257
2791,frozen,42,8,5,1,0,-1.0,-1.0,1,0,1,0,0.0,0.003826500260526257
2792,frozen,42,1,5,1,0,-1.0,-1.0,1,0,1,0,0.0,0.003826500260526257
2793,frozen,42,6,3,0,0,-1.0,-1.0,1,0,1,0,0.0,0.003826500260526257
2794,frozen,42,4,3,0,1,1.0,1.0,0,nan,nan,nan,0.0,0.003826500260526257
2795,frozen,42,0,4,1,0,-1.0,-1.0,1,1,0,0,0.0,0.003826500260526257
2796,frozen,42,8,3,0,0,-1.0,-1.0,1,0,1,0,0.0,0.003826500260526257
2797,frozen,42,7,5,1,0,-1.0,-1.0,1,0,1,0,0.0,0.003826500260526257
2798,frozen,42,5,5,1,1,1.0,1.0,0,nan,nan,nan,0.0,0.003826500260526257
2799,frozen,42,6,6,1,1,1.0,1.0,0,nan,nan,nan,0.0,0.003826500260526257
2800,frozen,42,3,7,1,0,-1.0,-1.0,1,2,0,0,0.0,0.003826500260526257
2801,frozen,42,7,3,0,0,-1.0,-1.0,1,0,1,0,0.0,0.003826500260526257
2802,frozen,42,4,3,0,1,1.0,1.0,0,nan,nan,nan,0.0,0.003826500260526257
2803,frozen,42,8,4,1,0,-1.0,-1.0,1,1,0,0,0.0,0.003826500260526257
2804,frozen,42,0,3,0,0,-1.0,-1.0,1,0,1,0,0.0,0.003826500260526257
2805,frozen,42,1,5,1,0,-1.0,-1.0,1,0,1,0,0.0,0.003826500260526257
2806,frozen,42,8,3,0,0,-1.0,-1.0,1,0,1,0,0.0,0.003826500260526257
2807,frozen,42,2,3,0,1,1.0,1.0,0,nan,nan,nan,0.0,0.003826500260526257
2808,frozen,42,2,4,1,0,-1.0,-1.0,1,1,0,0,0.0,0.003826500260526257
2809,frozen,42,7,5,1,0,-1.0,-1.0,1,0,1,0,0.0,0.003826500260526257
2810,frozen,42,1,5,1,0,-1.0,-1.0,1,0,1,0,0.0,0.003826500260526257
2811,frozen,42,4,3,0,1,1.0,1.0,0,nan,nan,nan,0.0,0.003826500260526257
2812,frozen,42,2,2,0,1,1.0,1.0,0,nan,nan,nan,0.0,0.003826500260526257
2813,frozen,42,1,3,1,0,-1.0,-1.0,1,2,0,0,0.0,0.003826500260526257
2814,frozen,42,8,3,0,0,-1.0,-1.0,1,0,1,0,0.0,0.003826500260526257
2815,frozen,42,1,5,1,0,-1.0,-1.0,1,0,1,0,0.0,0.003826500260526257
2816,frozen,42,0,3,0,0,-1.0,-1.0,1,0,1,0,0.0,0.003826500260526257
2817,frozen,42,6,3,0,0,-1.0,-1.0,1,0,1,0,0.0,0.003826500260526257
2818,frozen,42,7,3,0,0,-1.0,-1.0,1,0,1,0,0.0,0.003826500260526257
2819,frozen,42,1,3,0,0,-1.0,-1.0,1,0,1,0,0.0,0.003826500260526257
2820,frozen,42,6,3,0,0,-1.0,-1.0,1,0,1,0,0.0,0.003826500260526257
2821,frozen,42,4,3,0,1,1.0,1.0,0,nan,nan,nan,0.0,0.003826500260526257
2822,frozen,42,7,2,0,0,-1.0,-1.0,1,1,0,0,0.0,0.003826500260526257
2823,frozen,42,1,5,1,0,-1.0,-1.0,1,0,1,0,0.0,0.003826500260526257
2824,frozen,42,8,3,0,0,-1.0,-1.0,1,0,1,0,0.0,0.003826500260526257
2825,frozen,42,5,3,0,0,-1.0,-1.0,1,0,1,0,0.0,0.003826500260526257
2826,frozen,42,7,5,1,0,-1.0,-1.0,1,0,1,0,0.0,0.003826500260526257
2827,frozen,42,3,3,0,1,1.0,1.0,0,nan,nan,nan,0.0,0.003826500260526257
2828,frozen,42,8,4,1,0,-1.0,-1.0,1,1,0,0,0.0,0.003826500260526257
2829,frozen,42,5,5,1,1,1.0,1.0,0,nan,nan,nan,0.0,0.003826500260526257
2830,frozen,42,1,4,0,0,-1.0,-1.0,1,1,0,0,0.0,0.003826500260526257
2831,frozen,42,8,3,0,0,-1.0,-1.0,1,0,1,0,0.0,0.003826500260526257
2832,frozen,42,7,3,0,0,-1.0,-1.0,1,0,1,0,0.0,0.003826500260526257
2833,frozen,42,2,5,1,0,-1.0,-1.0,1,0,1,0,0.0,0.003826500260526257
2834,frozen,42,4,3,0,1,1.0,1.0,0,nan,nan,nan,0.0,0.003826500260526257
2835,frozen,42,3,2,0,1,1.0,1.0,0,nan,nan,nan,0.0,0.003826500260526257
2836,frozen,42,4,1,0,0,-1.0,-1.0,1,2,0,0,0.0,0.003826500260526257
2837,frozen,42,8,5,1,0,-1.0,-1.0,1,0,1,0,0.0,0.003826500260526257
2838,frozen,42,8,3,0,0,-1.0,-1.0,1,0,1,0,0.0,0.003826500260526257
2839,frozen,42,1,5,1,0,-1.0,-1.0,1,0,1,0,0.0,0.003826500260526257
2840,frozen,42,8,5,1,0,-1.0,-1.0,1,0,1,0,0.0,0.003826500260526257
2841,frozen,42,3,3,0,1,1.0,1.0,0,nan,nan,nan,0.0,0.003826500260526257
2842,frozen,42,6,4,1,0,-1.0,-1.0,1,1,0,0,0.0,0.003826500260526257
2843,frozen,42,6,3,0,0,-1.0,-1.0,1,0,1,0,0.0,0.003826500260526257
2844,frozen,42,4,3,0,1,1.0,1.0,0,nan,nan,nan,0.0,0.003826500260526257
2845,frozen,42,4,2,0,0,-1.0,-1.0,1,1,0,0,0.0,0.003826500260526257
2846,frozen,42,4,3,0,1,1.0,1.0,0,nan,nan,nan,0.0,0.003826500260526257
2847,frozen,42,7,2,0,0,-1.0,-1.0,1,1,0,0,0.0,0.003826500260526257
2848,frozen,42,3,5,1,0,-1.0,-1.0,1,0,1,0,0.0,0.003826500260526257
2849,frozen,42,2,3,0,1,1.0,1.0,0,nan,nan,nan,0.0,0.003826500260526257
2850,frozen,42,3,2,0,1,1.0,1.0,0,nan,nan,nan,0.0,0.003826500260526257
2851,frozen,42,1,1,0,1,1.0,1.0,0,nan,nan,nan,0.0,0.003826500260526257
2852,frozen,42,3,0,0,0,-1.0,-1.0,1,3,0,1,0.0,0.003826500260526257
2853,frozen,42,1,5,1,0,-1.0,-1.0,1,0,1,0,0.0,0.003826500260526257
2854,frozen,42,0,3,0,0,-1.0,-1.0,1,0,1,0,0.0,0.003826500260526257
2855,frozen,42,6,3,0,0,-1.0,-1.0,1,0,1,0,0.0,0.003826500260526257
2856,frozen,42,0,3,0,0,-1.0,-1.0,1,0,1,0,0.0,0.003826500260526257
2857,frozen,42,5,5,1,1,1.0,1.0,0,nan,nan,nan,0.0,0.003826500260526257
2858,frozen,42,7,4,0,0,-1.0,-1.0,1,1,0,0,0.0,0.003826500260526257
2859,frozen,42,6,3,0,0,-1.0,-1.0,1,0,1,0,0.0,0.003826500260526257
2860,frozen,42,4,3,0,1,1.0,1.0,0,nan,nan,nan,0.0,0.003826500260526257
2861,frozen,42,1,2,0,1,1.0,1.0,0,nan,nan,nan,0.0,0.003826500260526257
2862,frozen,42,8,1,0,0,-1.0,-1.0,1,2,0,0,0.0,0.003826500260526257
2863,frozen,42,7,5,1,0,-1.0,-1.0,1,0,1,0,0.0,0.003826500260526257
2864,frozen,42,5,5,1,1,1.0,1.0,0,nan,nan,nan,0.0,0.003826500260526257
2865,frozen,42,0,4,0,0,-1.0,-1.0,1,1,0,0,0.0,0.003826500260526257
2866,frozen,42,0,3,0,0,-1.0,-1.0,1,0,1,0,0.0,0.003826500260526257
2867,frozen,42,2,5,1,0,-1.0,-1.0,1,0,1,0,0.0,0.003826500260526257
2868,frozen,42,1,5,1,0,-1.0,-1.0,1,0,1,0,0.0,0.003826500260526257
2869,frozen,42,7,5,1,0,-1.0,-1.0,1,0,1,0,0.0,0.003826500260526257
2870,frozen,42,1,5,1,0,-1.0,-1.0,1,0,1,0,0.0,0.003826500260526257
2871,frozen,42,2,3,0,1,1.0,1.0,0,nan,nan,nan,0.0,0.003826500260526257
2872,frozen,42,8,2,0,0,-1.0,-1.0,1,1,0,0,0.0,0.003826500260526257
2873,frozen,42,7,3,0,0,-1.0,-1.0,1,0,1,0,0.0,0.003826500260526257
2874,frozen,42,1,5,1,0,-1.0,-1.0,1,0,1,0,0.0,0.003826500260526257
2875,frozen,42,3,3,0,1,1.0,1.0,0,nan,nan,nan,0.0,0.003826500260526257
2876,frozen,42,4,4,1,1,1.0,1.0,0,nan,nan,nan,0.0,0.003826500260526257
2877,frozen,42,5,3,0,0,-1.0,-1.0,1,2,0,0,0.0,0.003826500260526257
2878,frozen,42,8,3,0,0,-1.0,-1.0,1,0,1,0,0.0,0.003826500260526257
2879,frozen,42,7,5,1,0,-1.0,-1.0,1,0,1,0,0.0,0.003826500260526257
2880,frozen,42,8,5,1,0,-1.0,-1.0,1,0,1,0,0.0,0.003826500260526257
2881,frozen,42,0,3,0,0,-1.0,-1.0,1,0,1,0,0.0,0.003826500260526257
2882,frozen,42,2,5,1,0,-1.0,-1.0,1,0,1,0,0.0,0.003826500260526257
2883,frozen,42,5,3,0,0,-1.0,-1.0,1,0,1,0,0.0,0.003826500260526257
2884,frozen,42,0,3,0,0,-1.0,-1.0,1,0,1,0,0.0,0.003826500260526257
2885,frozen,42,3,5,1,0,-1.0,-1.0,1,0,1,0,0.0,0.003826500260526257
2886,frozen,42,1,5,1,0,-1.0,-1.0,1,0,1,0,0.0,0.003826500260526257
2887,frozen,42,8,3,0,0,-1.0,-1.0,1,0,1,0,0.0,0.003826500260526257
2888,frozen,42,0,3,0,0,-1.0,-1.0,1,0,1,0,0.0,0.003826500260526257
2889,frozen,42,1,5,1,0,-1.0,-1.0,1,0,1,0,0.0,0.003826500260526257
2890,frozen,42,1,5,1,0,-1.0,-1.0,1,0,1,0,0.0,0.003826500260526257
2891,frozen,42,1,5,1,0,-1.0,-1.0,1,0,1,0,0.0,0.003826500260526257
2892,frozen,42,5,3,0,0,-1.0,-1.0,1,0,1,0,0.0,0.003826500260526257
2893,frozen,42,3,5,1,0,-1.0,-1.0,1,0,1,0,0.0,0.003826500260526257
2894,frozen,42,8,3,0,0,-1.0,-1.0,1,0,1,0,0.0,0.003826500260526257
2895,frozen,42,2,3,0,1,1.0,1.0,0,nan,nan,nan,0.0,0.003826500260526257
2896,frozen,42,4,4,1,1,1.0,1.0,0,nan,nan,nan,0.0,0.003826500260526257
2897,frozen,42,5,3,0,0,-1.0,-1.0,1,2,0,0,0.0,0.003826500260526257
2898,frozen,42,5,5,1,1,1.0,1.0,0,nan,nan,nan,0.0,0.003826500260526257
2899,frozen,42,7,4,0,0,-1.0,-1.0,1,1,0,0,0.0,0.003826500260526257
2900,frozen,42,1,5,1,0,-1.0,-1.0,1,0,1,0,0.0,0.003826500260526257
2901,frozen,42,4,3,0,1,1.0,1.0,0,nan,nan,nan,0.0,0.003826500260526257
2902,frozen,42,7,4,1,0,-1.0,-1.0,1,1,0,0,0.0,0.003826500260526257
2903,frozen,42,7,3,0,0,-1.0,-1.0,1,0,1,0,0.0,0.003826500260526257
2904,frozen,42,5,3,0,0,-1.0,-1.0,1,0,1,0,0.0,0.003826500260526257
2905,frozen,42,5,3,0,0,-1.0,-1.0,1,0,1,0,0.0,0.003826500260526257
2906,frozen,42,7,5,1,0,-1.0,-1.0,1,0,1,0,0.0,0.003826500260526257
2907,frozen,42,5,3,0,0,-1.0,-1.0,1,0,1,0,0.0,0.003826500260526257
2908,frozen,42,8,3,0,0,-1.0,-1.0,1,0,1,0,0.0,0.003826500260526257
2909,frozen,42,1,5,1,0,-1.0,-1.0,1,0,1,0,0.0,0.003826500260526257
2910,frozen,42,3,3,0,1,1.0,1.0,0,nan,nan,nan,0.0,0.003826500260526257
2911,frozen,42,1,4,1,0,-1.0,-1.0,1,1,0,0,0.0,0.003826500260526257
2912,frozen,42,0,3,0,0,-1.0,-1.0,1,0,1,0,0.0,0.003826500260526257
2913,frozen,42,4,3,0,1,1.0,1.0,0,nan,nan,nan,0.0,0.003826500260526257
2914,frozen,42,2,4,1,0,-1.0,-1.0,1,1,0,0,0.0,0.003826500260526257
2915,frozen,42,3,3,0,1,1.0,1.0,0,nan,nan,nan,0.0,0.003826500260526257
2916,frozen,42,3,2,0,1,1.0,1.0,0,nan,nan,nan,0.0,0.003826500260526257
2917,frozen,42,5,1,0,0,-1.0,-1.0,1,2,0,0,0.0,0.003826500260526257
2918,frozen,42,8,5,1,0,-1.0,-1.0,1,0,1,0,0.0,0.003826500260526257
2919,frozen,42,7,5,1,0,-1.0,-1.0,1,0,1,0,0.0,0.003826500260526257
2920,frozen,42,3,3,0,1,1.0,1.0,0,nan,nan,nan,0.0,0.003826500260526257
2921,frozen,42,2,2,0,1,1.0,1.0,0,nan,nan,nan,0.0,0.003826500260526257
2922,frozen,42,6,1,0,0,-1.0,-1.0,1,2,0,0,0.0,0.003826500260526257
2923,frozen,42,1,5,1,0,-1.0,-1.0,1,0,1,0,0.0,0.003826500260526257
2924,frozen,42,4,3,0,1,1.0,1.0,0,nan,nan,nan,0.0,0.003826500260526257
2925,frozen,42,3,2,0,1,1.0,1.0,0,nan,nan,nan,0.0,0.003826500260526257
2926,frozen,42,1,1,0,1,1.0,1.0,0,nan,nan,nan,0.0,0.003826500260526257
2927,frozen,42,5,0,0,0,-1.0,-1.0,1,3,0,1,0.0,0.003826500260526257
2928,frozen,42,2,5,1,0,-1.0,-1.0,1,0,1,0,0.0,0.003826500260526257
2929,frozen,42,1,5,1,0,-1.0,-1.0,1,0,1,0,0.0,0.003826500260526257
2930,frozen,42,5,5,1,1,1.0,1.0,0,nan,nan,nan,0.0,0.003826500260526257
2931,frozen,42,1,4,0,0,-1.0,-1.0,1,1,0,0,0.0,0.003826500260526257
2932,frozen,42,6,3,0,0,-1.0,-1.0,1,0,1,0,0.0,0.003826500260526257
2933,frozen,42,1,5,1,0,-1.0,-1.0,1,0,1,0,0.0,0.003826500260526257
2934,frozen,42,3,3,0,1,1.0,1.0,0,nan,nan,nan,0.0,0.003826500260526257
2935,frozen,42,7,2,0,0,-1.0,-1.0,1,1,0,0,0.0,0.003826500260526257
2936,frozen,42,2,5,1,0,-1.0,-1.0,1,0,1,0,0.0,0.003826500260526257
2937,frozen,42,6,3,0,0,-1.0,-1.0,1,0,1,0,0.0,0.003826500260526257
2938,frozen,42,6,3,0,0,-1.0,-1.0,1,0,1,0,0.0,0.003826500260526257
2939,frozen,42,8,3,0,0,-1.0,-1.0,1,0,1,0,0.0,0.003826500260526257
2940,frozen,42,1,5,1,0,-1.0,-1.0,1,0,1,0,0.0,0.003826500260526257
2941,frozen,42,6,3,0,0,-1.0,-1.0,1,0,1,0,0.0,0.003826500260526257
2942,frozen,42,8,5,1,0,-1.0,-1.0,1,0,1,0,0.0,0.003826500260526257
2943,frozen,42,6,3,0,0,-1.0,-1.0,1,0,1,0,0.0,0.003826500260526257
2944,frozen,42,1,5,1,0,-1.0,-1.0,1,0,1,0,0.0,0.003826500260526257
2945,frozen,42,7,5,1,0,-1.0,-1.0,1,0,1,0,0.0,0.003826500260526257
2946,frozen,42,0,3,0,0,-1.0,-1.0,1,0,1,0,0.0,0.003826500260526257
2947,frozen,42,5,5,1,1,1.0,1.0,0,nan,nan,nan,0.0,0.003826500260526257
2948,frozen,42,4,6,1,0,-1.0,-1.0,1,1,0,0,0.0,0.003826500260526257
2949,frozen,42,4,3,0,1,1.0,1.0,0,nan,nan,nan,0.0,0.003826500260526257
2950,frozen,42,4,2,0,0,-1.0,-1.0,1,1,0,0,0.0,0.003826500260526257
2951,frozen,42,0,3,0,0,-1.0,-1.0,1,0,1,0,0.0,0.003826500260526257
2952,frozen,42,4,3,0,1,1.0,1.0,0,nan,nan,nan,0.0,0.003826500260526257
2953,frozen,42,8,2,0,0,-1.0,-1.0,1,1,0,0,0.0,0.003826500260526257
2954,frozen,42,3,5,1,0,-1.0,-1.0,1,0,1,0,0.0,0.003826500260526257
2955,frozen,42,2,3,0,1,1.0,1.0,0,nan,nan,nan,0.0,0.003826500260526257
2956,frozen,42,8,2,0,0,-1.0,-1.0,1,1,0,0,0.0,0.003826500260526257
2957,frozen,42,0,3,0,0,-1.0,-1.0,1,0,1,0,0.0,0.003826500260526257
2958,frozen,42,4,3,0,1,1.0,1.0,0,nan,nan,nan,0.0,0.003826500260526257
2959,frozen,42,4,2,0,0,-1.0,-1.0,1,1,0,0,0.0,0.003826500260526257
2960,frozen,42,4,3,0,1,1.0,1.0,0,nan,nan,nan,0.0,0.003826500260526257
2961,frozen,42,8,2,0,0,-1.0,-1.0,1,1,0,0,0.0,0.003826500260526257
2962,frozen,42,3,5,1,0,-1.0,-1.0,1,0,1,0,0.0,0.003826500260526257
2963,frozen,42,8,3,0,0,-1.0,-1.0,1,0,1,0,0.0,0.003826500260526257
2964,frozen,42,0,3,0,0,-1.0,-1.0,1,0,1,0,0.0,0.003826500260526257
2965,frozen,42,6,3,0,0,-1.0,-1.0,1,0,1,0,0.0,0.003826500260526257
2966,frozen,42,5,5,1,1,1.0,1.0,0,nan,nan,nan,0.0,0.003826500260526257
2967,frozen,42,2,4,0,0,-1.0,-1.0,1,1,0,0,0.0,0.003826500260526257
2968,frozen,42,2,5,1,0,-1.0,-1.0,1,0,1,0,0.0,0.003826500260526257
2969,frozen,42,6,3,0,0,-1.0,-1.0,1,0,1,0,0.0,0.003826500260526257
2970,frozen,42,5,3,0,0,-1.0,-1.0,1,0,1,0,0.0,0.003826500260526257
2971,frozen,42,5,5,1,1,1.0,1.0,0,nan,nan,nan,0.0,0.003826500260526257
2972,frozen,42,0,4,0,0,-1.0,-1.0,1,1,0,0,0.0,0.003826500260526257
2973,frozen,42,5,3,0,0,-1.0,-1.0,1,0,1,0,0.0,0.003826500260526257
2974,frozen,42,8,5,1,0,-1.0,-1.0,1,0,1,0,0.0,0.003826500260526257
2975,frozen,42,0,3,0,0,-1.0,-1.0,1,0,1,0,0.0,0.003826500260526257
2976,frozen,42,4,3,0,1,1.0,1.0,0,nan,nan,nan,0.0,0.003826500260526257
2977,frozen,42,4,2,0,0,-1.0,-1.0,1,1,0,0,0.0,0.003826500260526257
2978,frozen,42,8,3,0,0,-1.0,-1.0,1,0,1,0,0.0,0.003826500260526257
2979,frozen,42,2,5,1,0,-1.0,-1.0,1,0,1,0,0.0,0.003826500260526257
2980,frozen,42,4,3,0,1,1.0,1.0,0,nan,nan,nan,0.0,0.003826500260526257
2981,frozen,42,6,2,0,0,-1.0,-1.0,1,1,0,0,0.0,0.003826500260526257
2982,frozen,42,0,3,0,0,-1.0,-1.0,1,0,1,0,0.0,0.003826500260526257
2983,frozen,42,7,5,1,0,-1.0,-1.0,1,0,1,0,0.0,0.003826500260526257
2984,frozen,42,7,5,1,0,-1.0,-1.0,1,0,1,0,0.0,0.003826500260526257
2985,frozen,42,6,3,0,0,-1.0,-1.0,1,0,1,0,0.0,0.003826500260526257
2986,frozen,42,5,5,1,1,1.0,1.0,0,nan,nan,nan,0.0,0.003826500260526257
2987,frozen,42,6,4,0,0,-1.0,-1.0,1,1,0,0,0.0,0.003826500260526257
2988,frozen,42,7,5,1,0,-1.0,-1.0,1,0,1,0,0.0,0.003826500260526257
2989,frozen,42,8,3,0,0,-1.0,-1.0,1,0,1,0,0.0,0.003826500260526257
2990,frozen,42,3,5,1,0,-1.0,-1.0,1,0,1,0,0.0,0.003826500260526257
2991,frozen,42,4,3,0,1,1.0,1.0,0,nan,nan,nan,0.0,0.003826500260526257
2992,frozen,42,5,2,0,0,-1.0,-1.0,1,1,0,0,0.0,0.003826500260526257
2993,frozen,42,1,5,1,0,-1.0,-1.0,1,0,1,0,0.0,0.003826500260526257
2994,frozen,42,7,3,0,0,-1.0,-1.0,1,0,1,0,0.0,0.003826500260526257
2995,frozen,42,6,5,1,1,1.0,1.0,0,nan,nan,nan,0.0,0.003826500260526257
2996,frozen,42,5,4,0,1,1.0,1.0,0,nan,nan,nan,0.0,0.003826500260526257
2997,frozen,42,2,5,1,0,-1.0,-1.0,1,2,0,0,0.0,0.003826500260526257
2998,frozen,42,3,5,1,0,-1.0,-1.0,1,0,1,0,0.0,0.003826500260526257
2999,frozen,42,3,3,0,1,1.0,1.0,0,nan,nan,nan,0.0,0.003826500260526257
3000,frozen,42,5,2,0,0,-1.0,-1.0,1,1,0,0,0.0,0.003826500260526257
