trial,condition,seed,ball,paddle,action,hit,natural_reward,reward_used,rally_ended,completed_rally_length,ace,long_rally,mean_abs_weight_change,mean_weight
1,frozen,47,0,3,0,0,-1.0,-1.0,1,0,1,0,0.0,-0.015915932010512043
2,frozen,47,6,5,1,1,1.0,1.0,0,nan,nan,nan,0.0,-0.015915932010512043
3,frozen,47,4,4,0,1,1.0,1.0,0,nan,nan,nan,0.0,-0.015915932010512043
4,frozen,47,6,5,1,1,1.0,1.0,0,nan,nan,nan,0.0,-0.015915932010512043
5,frozen,47,3,4,0,1,1.0,1.0,0,nan,nan,nan,0.0,-0.015915932010512043
6,frozen,47,4,5,1,1,1.0,1.0,0,nan,nan,nan,0.0,-0.015915932010512043
7,frozen,47,1,4,0,0,-1.0,-1.0,1,5,0,1,0.0,-0.015915932010512043
8,frozen,47,0,5,1,0,-1.0,-1.0,1,0,1,0,0.0,-0.015915932010512043
9,frozen,47,0,5,1,0,-1.0,-1.0,1,0,1,0,0.0,-0.015915932010512043
10,frozen,47,8,3,0,0,-1.0,-1.0,1,0,1,0,0.0,-0.015915932010512043
11,frozen,47,3,3,0,1,1.0,1.0,0,nan,nan,nan,0.0,-0.015915932010512043
12,frozen,47,2,2,0,1,1.0,1.0,0,nan,nan,nan,0.0,-0.015915932010512043
13,frozen,47,7,3,1,0,-1.0,-1.0,1,2,0,0,0.0,-0.015915932010512043
14,frozen,47,1,3,0,0,-1.0,-1.0,1,0,1,0,0.0,-0.015915932010512043
15,frozen,47,3,3,0,1,1.0,1.0,0,nan,nan,nan,0.0,-0.015915932010512043
16,frozen,47,7,4,1,0,-1.0,-1.0,1,1,0,0,0.0,-0.015915932010512043
17,frozen,47,1,5,1,0,-1.0,-1.0,1,0,1,0,0.0,-0.015915932010512043
18,frozen,47,4,5,1,1,1.0,1.0,0,nan,nan,nan,0.0,-0.015915932010512043
19,frozen,47,4,4,0,1,1.0,1.0,0,nan,nan,nan,0.0,-0.015915932010512043
20,frozen,47,1,5,1,0,-1.0,-1.0,1,2,0,0,0.0,-0.015915932010512043
21,frozen,47,2,3,0,1,1.0,1.0,0,nan,nan,nan,0.0,-0.015915932010512043
22,frozen,47,6,2,0,0,-1.0,-1.0,1,1,0,0,0.0,-0.015915932010512043
23,frozen,47,7,3,0,0,-1.0,-1.0,1,0,1,0,0.0,-0.015915932010512043
24,frozen,47,7,5,1,0,-1.0,-1.0,1,0,1,0,0.0,-0.015915932010512043
25,frozen,47,8,5,1,0,-1.0,-1.0,1,0,1,0,0.0,-0.015915932010512043
26,frozen,47,4,5,1,1,1.0,1.0,0,nan,nan,nan,0.0,-0.015915932010512043
27,frozen,47,7,6,1,1,1.0,1.0,0,nan,nan,nan,0.0,-0.015915932010512043
28,frozen,47,7,5,0,0,-1.0,-1.0,1,2,0,0,0.0,-0.015915932010512043
29,frozen,47,1,5,1,0,-1.0,-1.0,1,0,1,0,0.0,-0.015915932010512043
30,frozen,47,5,3,0,0,-1.0,-1.0,1,0,1,0,0.0,-0.015915932010512043
31,frozen,47,2,3,0,1,1.0,1.0,0,nan,nan,nan,0.0,-0.015915932010512043
32,frozen,47,3,4,1,1,1.0,1.0,0,nan,nan,nan,0.0,-0.015915932010512043
33,frozen,47,2,3,0,1,1.0,1.0,0,nan,nan,nan,0.0,-0.015915932010512043
34,frozen,47,2,2,0,1,1.0,1.0,0,nan,nan,nan,0.0,-0.015915932010512043
35,frozen,47,4,3,1,1,1.0,1.0,0,nan,nan,nan,0.0,-0.015915932010512043
36,frozen,47,6,2,0,0,-1.0,-1.0,1,5,0,1,0.0,-0.015915932010512043
37,frozen,47,1,5,1,0,-1.0,-1.0,1,0,1,0,0.0,-0.015915932010512043
38,frozen,47,8,3,0,0,-1.0,-1.0,1,0,1,0,0.0,-0.015915932010512043
39,frozen,47,4,5,1,1,1.0,1.0,0,nan,nan,nan,0.0,-0.015915932010512043
40,frozen,47,1,6,1,0,-1.0,-1.0,1,1,0,0,0.0,-0.015915932010512043
41,frozen,47,1,5,1,0,-1.0,-1.0,1,0,1,0,0.0,-0.015915932010512043
42,frozen,47,5,3,0,0,-1.0,-1.0,1,0,1,0,0.0,-0.015915932010512043
43,frozen,47,0,3,0,0,-1.0,-1.0,1,0,1,0,0.0,-0.015915932010512043
44,frozen,47,0,5,1,0,-1.0,-1.0,1,0,1,0,0.0,-0.015915932010512043
45,frozen,47,3,3,0,1,1.0,1.0,0,nan,nan,nan,0.0,-0.015915932010512043
46,frozen,47,4,2,0,0,-1.0,-1.0,1,1,0,0,0.0,-0.015915932010512043
47,frozen,47,7,3,0,0,-1.0,-1.0,1,0,1,0,0.0,-0.015915932010512043
48,frozen,47,1,5,1,0,-1.0,-1.0,1,0,1,0,0.0,-0.015915932010512043
49,frozen,47,4,5,1,1,1.0,1.0,0,nan,nan,nan,0.0,-0.015915932010512043
50,frozen,47,6,4,0,0,-1.0,-1.0,1,1,0,0,0.0,-0.015915932010512043
51,frozen,47,8,3,0,0,-1.0,-1.0,1,0,1,0,0.0,-0.015915932010512043
52,frozen,47,8,5,1,0,-1.0,-1.0,1,0,1,0,0.0,-0.015915932010512043
53,frozen,47,7,5,1,0,-1.0,-1.0,1,0,1,0,0.0,-0.015915932010512043
54,frozen,47,8,5,1,0,-1.0,-1.0,1,0,1,0,0.0,-0.015915932010512043
55,frozen,47,1,5,1,0,-1.0,-1.0,1,0,1,0,0.0,-0.015915932010512043
56,frozen,47,6,5,1,1,1.0,1.0,0,nan,nan,nan,0.0,-0.015915932010512043
57,frozen,47,7,6,1,1,1.0,1.0,0,nan,nan,nan,0.0,-0.015915932010512043
58,frozen,47,6,7,1,1,1.0,1.0,0,nan,nan,nan,0.0,-0.015915932010512043
59,frozen,47,5,6,0,1,1.0,1.0,0,nan,nan,nan,0.0,-0.015915932010512043
60,frozen,47,6,7,1,1,1.0,1.0,0,nan,nan,nan,0.0,-0.015915932010512043
61,frozen,47,5,6,0,1,1.0,1.0,0,nan,nan,nan,0.0,-0.015915932010512043
62,frozen,47,4,5,0,1,1.0,1.0,0,nan,nan,nan,0.0,-0.015915932010512043
63,frozen,47,4,4,0,1,1.0,1.0,0,nan,nan,nan,0.0,-0.015915932010512043
64,frozen,47,2,3,0,1,1.0,1.0,0,nan,nan,nan,0.0,-0.015915932010512043
65,frozen,47,2,4,1,0,-1.0,-1.0,1,9,0,1,0.0,-0.015915932010512043
66,frozen,47,3,3,0,1,1.0,1.0,0,nan,nan,nan,0.0,-0.015915932010512043
67,frozen,47,3,4,1,1,1.0,1.0,0,nan,nan,nan,0.0,-0.015915932010512043
68,frozen,47,8,3,0,0,-1.0,-1.0,1,2,0,0,0.0,-0.015915932010512043
69,frozen,47,7,5,1,0,-1.0,-1.0,1,0,1,0,0.0,-0.015915932010512043
70,frozen,47,8,3,0,0,-1.0,-1.0,1,0,1,0,0.0,-0.015915932010512043
71,frozen,47,0,5,1,0,-1.0,-1.0,1,0,1,0,0.0,-0.015915932010512043
72,frozen,47,7,5,1,0,-1.0,-1.0,1,0,1,0,0.0,-0.015915932010512043
73,frozen,47,1,5,1,0,-1.0,-1.0,1,0,1,0,0.0,-0.015915932010512043
74,frozen,47,6,5,1,1,1.0,1.0,0,nan,nan,nan,0.0,-0.015915932010512043
75,frozen,47,4,4,0,1,1.0,1.0,0,nan,nan,nan,0.0,-0.015915932010512043
76,frozen,47,4,5,1,1,1.0,1.0,0,nan,nan,nan,0.0,-0.015915932010512043
77,frozen,47,4,4,0,1,1.0,1.0,0,nan,nan,nan,0.0,-0.015915932010512043
78,frozen,47,5,3,0,0,-1.0,-1.0,1,4,0,1,0.0,-0.015915932010512043
79,frozen,47,7,5,1,0,-1.0,-1.0,1,0,1,0,0.0,-0.015915932010512043
80,frozen,47,7,3,0,0,-1.0,-1.0,1,0,1,0,0.0,-0.015915932010512043
81,frozen,47,4,5,1,1,1.0,1.0,0,nan,nan,nan,0.0,-0.015915932010512043
82,frozen,47,8,6,1,0,-1.0,-1.0,1,1,0,0,0.0,-0.015915932010512043
83,frozen,47,2,3,0,1,1.0,1.0,0,nan,nan,nan,0.0,-0.015915932010512043
84,frozen,47,8,4,1,0,-1.0,-1.0,1,1,0,0,0.0,-0.015915932010512043
85,frozen,47,2,3,0,1,1.0,1.0,0,nan,nan,nan,0.0,-0.015915932010512043
86,frozen,47,0,4,1,0,-1.0,-1.0,1,1,0,0,0.0,-0.015915932010512043
87,frozen,47,0,5,1,0,-1.0,-1.0,1,0,1,0,0.0,-0.015915932010512043
88,frozen,47,5,3,0,0,-1.0,-1.0,1,0,1,0,0.0,-0.015915932010512043
89,frozen,47,1,5,1,0,-1.0,-1.0,1,0,1,0,0.0,-0.015915932010512043
90,frozen,47,2,3,0,1,1.0,1.0,0,nan,nan,nan,0.0,-0.015915932010512043
91,frozen,47,7,2,0,0,-1.0,-1.0,1,1,0,0,0.0,-0.015915932010512043
92,frozen,47,0,5,1,0,-1.0,-1.0,1,0,1,0,0.0,-0.015915932010512043
93,frozen,47,1,5,1,0,-1.0,-1.0,1,0,1,0,0.0,-0.015915932010512043
94,frozen,47,0,5,1,0,-1.0,-1.0,1,0,1,0,0.0,-0.015915932010512043
95,frozen,47,4,5,1,1,1.0,1.0,0,nan,nan,nan,0.0,-0.015915932010512043
96,frozen,47,7,6,1,1,1.0,1.0,0,nan,nan,nan,0.0,-0.015915932010512043
97,frozen,47,0,5,0,0,-1.0,-1.0,1,2,0,0,0.0,-0.015915932010512043
98,frozen,47,3,3,0,1,1.0,1.0,0,nan,nan,nan,0.0,-0.015915932010512043
99,frozen,47,2,2,0,1,1.0,1.0,0,nan,nan,nan,0.0,-0.015915932010512043
100,frozen,47,0,1,0,1,1.0,1.0,0,nan,nan,nan,0.0,-0.015915932010512043
101,frozen,47,5,2,1,0,-1.0,-1.0,1,3,0,1,0.0,-0.015915932010512043
102,frozen,47,8,3,0,0,-1.0,-1.0,1,0,1,0,0.0,-0.015915932010512043
103,frozen,47,5,3,0,0,-1.0,-1.0,1,0,1,0,0.0,-0.015915932010512043
104,frozen,47,4,5,1,1,1.0,1.0,0,nan,nan,nan,0.0,-0.015915932010512043
105,frozen,47,0,6,1,0,-1.0,-1.0,1,1,0,0,0.0,-0.015915932010512043
106,frozen,47,6,5,1,1,1.0,1.0,0,nan,nan,nan,0.0,-0.015915932010512043
107,frozen,47,1,6,1,0,-1.0,-1.0,1,1,0,0,0.0,-0.015915932010512043
108,frozen,47,5,3,0,0,-1.0,-1.0,1,0,1,0,0.0,-0.015915932010512043
109,frozen,47,7,5,1,0,-1.0,-1.0,1,0,1,0,0.0,-0.015915932010512043
110,frozen,47,4,5,1,1,1.0,1.0,0,nan,nan,nan,0.0,-0.015915932010512043
111,frozen,47,1,4,0,0,-1.0,-1.0,1,1,0,0,0.0,-0.015915932010512043
112,frozen,47,5,3,0,0,-1.0,-1.0,1,0,1,0,0.0,-0.015915932010512043
113,frozen,47,1,5,1,0,-1.0,-1.0,1,0,1,0,0.0,-0.015915932010512043
114,frozen,47,2,3,0,1,1.0,1.0,0,nan,nan,nan,0.0,-0.015915932010512043
115,frozen,47,2,2,0,1,1.0,1.0,0,nan,nan,nan,0.0,-0.015915932010512043
116,frozen,47,3,1,0,0,-1.0,-1.0,1,2,0,0,0.0,-0.015915932010512043
117,frozen,47,2,3,0,1,1.0,1.0,0,nan,nan,nan,0.0,-0.015915932010512043
118,frozen,47,1,2,0,1,1.0,1.0,0,nan,nan,nan,0.0,-0.015915932010512043
119,frozen,47,0,1,0,1,1.0,1.0,0,nan,nan,nan,0.0,-0.015915932010512043
120,frozen,47,6,2,1,0,-1.0,-1.0,1,3,0,1,0.0,-0.015915932010512043
121,frozen,47,2,3,0,1,1.0,1.0,0,nan,nan,nan,0.0,-0.015915932010512043
122,frozen,47,4,2,0,0,-1.0,-1.0,1,1,0,0,0.0,-0.015915932010512043
123,frozen,47,3,3,0,1,1.0,1.0,0,nan,nan,nan,0.0,-0.015915932010512043
124,frozen,47,4,2,0,0,-1.0,-1.0,1,1,0,0,0.0,-0.015915932010512043
125,frozen,47,4,5,1,1,1.0,1.0,0,nan,nan,nan,0.0,-0.015915932010512043
126,frozen,47,3,4,0,1,1.0,1.0,0,nan,nan,nan,0.0,-0.015915932010512043
127,frozen,47,5,3,0,0,-1.0,-1.0,1,2,0,0,0.0,-0.015915932010512043
128,frozen,47,8,5,1,0,-1.0,-1.0,1,0,1,0,0.0,-0.015915932010512043
129,frozen,47,4,5,1,1,1.0,1.0,0,nan,nan,nan,0.0,-0.015915932010512043
130,frozen,47,8,4,0,0,-1.0,-1.0,1,1,0,0,0.0,-0.015915932010512043
131,frozen,47,8,5,1,0,-1.0,-1.0,1,0,1,0,0.0,-0.015915932010512043
132,frozen,47,3,3,0,1,1.0,1.0,0,nan,nan,nan,0.0,-0.015915932010512043
133,frozen,47,6,2,0,0,-1.0,-1.0,1,1,0,0,0.0,-0.015915932010512043
134,frozen,47,0,3,0,0,-1.0,-1.0,1,0,1,0,0.0,-0.015915932010512043
135,frozen,47,6,5,1,1,1.0,1.0,0,nan,nan,nan,0.0,-0.015915932010512043
136,frozen,47,8,4,0,0,-1.0,-1.0,1,1,0,0,0.0,-0.015915932010512043
137,frozen,47,4,5,1,1,1.0,1.0,0,nan,nan,nan,0.0,-0.015915932010512043
138,frozen,47,6,4,0,0,-1.0,-1.0,1,1,0,0,0.0,-0.015915932010512043
139,frozen,47,1,5,1,0,-1.0,-1.0,1,0,1,0,0.0,-0.015915932010512043
140,frozen,47,3,3,0,1,1.0,1.0,0,nan,nan,nan,0.0,-0.015915932010512043
141,frozen,47,0,4,1,0,-1.0,-1.0,1,1,0,0,0.0,-0.015915932010512043
142,frozen,47,8,5,1,0,-1.0,-1.0,1,0,1,0,0.0,-0.015915932010512043
143,frozen,47,4,5,1,1,1.0,1.0,0,nan,nan,nan,0.0,-0.015915932010512043
144,frozen,47,0,4,0,0,-1.0,-1.0,1,1,0,0,0.0,-0.015915932010512043
145,frozen,47,4,5,1,1,1.0,1.0,0,nan,nan,nan,0.0,-0.015915932010512043
146,frozen,47,2,6,1,0,-1.0,-1.0,1,1,0,0,0.0,-0.015915932010512043
147,frozen,47,0,5,1,0,-1.0,-1.0,1,0,1,0,0.0,-0.015915932010512043
148,frozen,47,4,5,1,1,1.0,1.0,0,nan,nan,nan,0.0,-0.015915932010512043
149,frozen,47,6,4,0,0,-1.0,-1.0,1,1,0,0,0.0,-0.015915932010512043
150,frozen,47,5,3,0,0,-1.0,-1.0,1,0,1,0,0.0,-0.015915932010512043
151,frozen,47,0,5,1,0,-1.0,-1.0,1,0,1,0,0.0,-0.015915932010512043
152,frozen,47,2,3,0,1,1.0,1.0,0,nan,nan,nan,0.0,-0.015915932010512043
153,frozen,47,2,2,0,1,1.0,1.0,0,nan,nan,nan,0.0,-0.015915932010512043
154,frozen,47,0,1,0,1,1.0,1.0,0,nan,nan,nan,0.0,-0.015915932010512043
155,frozen,47,7,0,0,0,-1.0,-1.0,1,3,0,1,0.0,-0.015915932010512043
156,frozen,47,0,5,1,0,-1.0,-1.0,1,0,1,0,0.0,-0.015915932010512043
157,frozen,47,8,5,1,0,-1.0,-1.0,1,0,1,0,0.0,-0.015915932010512043
158,frozen,47,0,5,1,0,-1.0,-1.0,1,0,1,0,0.0,-0.015915932010512043
159,frozen,47,5,3,0,0,-1.0,-1.0,1,0,1,0,0.0,-0.015915932010512043
160,frozen,47,7,5,1,0,-1.0,-1.0,1,0,1,0,0.0,-0.015915932010512043
161,frozen,47,5,3,0,0,-1.0,-1.0,1,0,1,0,0.0,-0.015915932010512043
162,frozen,47,5,3,0,0,-1.0,-1.0,1,0,1,0,0.0,-0.015915932010512043
163,frozen,47,0,3,0,0,-1.0,-1.0,1,0,1,0,0.0,-0.015915932010512043
164,frozen,47,6,5,1,1,1.0,1.0,0,nan,nan,nan,0.0,-0.015915932010512043
165,frozen,47,5,6,1,1,1.0,1.0,0,nan,nan,nan,0.0,-0.015915932010512043
166,frozen,47,3,7,1,0,-1.0,-1.0,1,2,0,0,0.0,-0.015915932010512043
167,frozen,47,4,5,1,1,1.0,1.0,0,nan,nan,nan,0.0,-0.015915932010512043
168,frozen,47,0,6,1,0,-1.0,-1.0,1,1,0,0,0.0,-0.015915932010512043
169,frozen,47,2,3,0,1,1.0,1.0,0,nan,nan,nan,0.0,-0.015915932010512043
170,frozen,47,7,4,1,0,-1.0,-1.0,1,1,0,0,0.0,-0.015915932010512043
171,frozen,47,1,5,1,0,-1.0,-1.0,1,0,1,0,0.0,-0.015915932010512043
172,frozen,47,3,3,0,1,1.0,1.0,0,nan,nan,nan,0.0,-0.015915932010512043
173,frozen,47,4,2,0,0,-1.0,-1.0,1,1,0,0,0.0,-0.015915932010512043
174,frozen,47,8,5,1,0,-1.0,-1.0,1,0,1,0,0.0,-0.015915932010512043
175,frozen,47,2,3,0,1,1.0,1.0,0,nan,nan,nan,0.0,-0.015915932010512043
176,frozen,47,6,2,0,0,-1.0,-1.0,1,1,0,0,0.0,-0.015915932010512043
177,frozen,47,2,3,0,1,1.0,1.0,0,nan,nan,nan,0.0,-0.015915932010512043
178,frozen,47,5,4,1,1,1.0,1.0,0,nan,nan,nan,0.0,-0.015915932010512043
179,frozen,47,0,5,1,0,-1.0,-1.0,1,2,0,0,0.0,-0.015915932010512043
180,frozen,47,6,5,1,1,1.0,1.0,0,nan,nan,nan,0.0,-0.015915932010512043
181,frozen,47,0,6,1,0,-1.0,-1.0,1,1,0,0,0.0,-0.015915932010512043
182,frozen,47,4,5,1,1,1.0,1.0,0,nan,nan,nan,0.0,-0.015915932010512043
183,frozen,47,2,6,1,0,-1.0,-1.0,1,1,0,0,0.0,-0.015915932010512043
184,frozen,47,2,3,0,1,1.0,1.0,0,nan,nan,nan,0.0,-0.015915932010512043
185,frozen,47,1,2,0,1,1.0,1.0,0,nan,nan,nan,0.0,-0.015915932010512043
186,frozen,47,0,1,0,1,1.0,1.0,0,nan,nan,nan,0.0,-0.015915932010512043
187,frozen,47,6,0,0,0,-1.0,-1.0,1,3,0,1,0.0,-0.015915932010512043
188,frozen,47,1,5,1,0,-1.0,-1.0,1,0,1,0,0.0,-0.015915932010512043
189,frozen,47,4,5,1,1,1.0,1.0,0,nan,nan,nan,0.0,-0.015915932010512043
190,frozen,47,1,4,0,0,-1.0,-1.0,1,1,0,0,0.0,-0.015915932010512043
191,frozen,47,6,5,1,1,1.0,1.0,0,nan,nan,nan,0.0,-0.015915932010512043
192,frozen,47,5,6,1,1,1.0,1.0,0,nan,nan,nan,0.0,-0.015915932010512043
193,frozen,47,6,7,1,1,1.0,1.0,0,nan,nan,nan,0.0,-0.015915932010512043
194,frozen,47,3,6,0,0,-1.0,-1.0,1,3,0,1,0.0,-0.015915932010512043
195,frozen,47,2,3,0,1,1.0,1.0,0,nan,nan,nan,0.0,-0.015915932010512043
196,frozen,47,5,4,1,1,1.0,1.0,0,nan,nan,nan,0.0,-0.015915932010512043
197,frozen,47,5,3,0,0,-1.0,-1.0,1,2,0,0,0.0,-0.015915932010512043
198,frozen,47,6,5,1,1,1.0,1.0,0,nan,nan,nan,0.0,-0.015915932010512043
199,frozen,47,1,6,1,0,-1.0,-1.0,1,1,0,0,0.0,-0.015915932010512043
200,frozen,47,4,5,1,1,1.0,1.0,0,nan,nan,nan,0.0,-0.015915932010512043
201,frozen,47,1,6,1,0,-1.0,-1.0,1,1,0,0,0.0,-0.015915932010512043
202,frozen,47,3,3,0,1,1.0,1.0,0,nan,nan,nan,0.0,-0.015915932010512043
203,frozen,47,7,2,0,0,-1.0,-1.0,1,1,0,0,0.0,-0.015915932010512043
204,frozen,47,3,3,0,1,1.0,1.0,0,nan,nan,nan,0.0,-0.015915932010512043
205,frozen,47,7,4,1,0,-1.0,-1.0,1,1,0,0,0.0,-0.015915932010512043
206,frozen,47,8,5,1,0,-1.0,-1.0,1,0,1,0,0.0,-0.015915932010512043
207,frozen,47,3,3,0,1,1.0,1.0,0,nan,nan,nan,0.0,-0.015915932010512043
208,frozen,47,4,2,0,0,-1.0,-1.0,1,1,0,0,0.0,-0.015915932010512043
209,frozen,47,6,5,1,1,1.0,1.0,0,nan,nan,nan,0.0,-0.015915932010512043
210,frozen,47,8,4,0,0,-1.0,-1.0,1,1,0,0,0.0,-0.015915932010512043
211,frozen,47,6,5,1,1,1.0,1.0,0,nan,nan,nan,0.0,-0.015915932010512043
212,frozen,47,7,6,1,1,1.0,1.0,0,nan,nan,nan,0.0,-0.015915932010512043
213,frozen,47,7,5,0,0,-1.0,-1.0,1,2,0,0,0.0,-0.015915932010512043
214,frozen,47,4,5,1,1,1.0,1.0,0,nan,nan,nan,0.0,-0.015915932010512043
215,frozen,47,3,4,0,1,1.0,1.0,0,nan,nan,nan,0.0,-0.015915932010512043
216,frozen,47,8,3,0,0,-1.0,-1.0,1,2,0,0,0.0,-0.015915932010512043
217,frozen,47,8,3,0,0,-1.0,-1.0,1,0,1,0,0.0,-0.015915932010512043
218,frozen,47,0,3,0,0,-1.0,-1.0,1,0,1,0,0.0,-0.015915932010512043
219,frozen,47,8,3,0,0,-1.0,-1.0,1,0,1,0,0.0,-0.015915932010512043
220,frozen,47,1,5,1,0,-1.0,-1.0,1,0,1,0,0.0,-0.015915932010512043
221,frozen,47,5,3,0,0,-1.0,-1.0,1,0,1,0,0.0,-0.015915932010512043
222,frozen,47,2,3,0,1,1.0,1.0,0,nan,nan,nan,0.0,-0.015915932010512043
223,frozen,47,6,4,1,0,-1.0,-1.0,1,1,0,0,0.0,-0.015915932010512043
224,frozen,47,6,3,0,0,-1.0,-1.0,1,0,1,0,0.0,-0.015915932010512043
225,frozen,47,5,3,0,0,-1.0,-1.0,1,0,1,0,0.0,-0.015915932010512043
226,frozen,47,8,5,1,0,-1.0,-1.0,1,0,1,0,0.0,-0.015915932010512043
227,frozen,47,7,5,1,0,-1.0,-1.0,1,0,1,0,0.0,-0.015915932010512043
228,frozen,47,4,5,1,1,1.0,1.0,0,nan,nan,nan,0.0,-0.015915932010512043
229,frozen,47,6,4,0,0,-1.0,-1.0,1,1,0,0,0.0,-0.015915932010512043
230,frozen,47,7,5,1,0,-1.0,-1.0,1,0,1,0,0.0,-0.015915932010512043
231,frozen,47,8,5,1,0,-1.0,-1.0,1,0,1,0,0.0,-0.015915932010512043
232,frozen,47,7,5,1,0,-1.0,-1.0,1,0,1,0,0.0,-0.015915932010512043
233,frozen,47,2,3,0,1,1.0,1.0,0,nan,nan,nan,0.0,-0.015915932010512043
234,frozen,47,1,2,0,1,1.0,1.0,0,nan,nan,nan,0.0,-0.015915932010512043
235,frozen,47,1,1,0,1,1.0,1.0,0,nan,nan,nan,0.0,-0.015915932010512043
236,frozen,47,4,2,1,0,-1.0,-1.0,1,3,0,1,0.0,-0.015915932010512043
237,frozen,47,7,3,0,0,-1.0,-1.0,1,0,1,0,0.0,-0.015915932010512043
238,frozen,47,1,5,1,0,-1.0,-1.0,1,0,1,0,0.0,-0.015915932010512043
239,frozen,47,0,5,1,0,-1.0,-1.0,1,0,1,0,0.0,-0.015915932010512043
240,frozen,47,8,5,1,0,-1.0,-1.0,1,0,1,0,0.0,-0.015915932010512043
241,frozen,47,6,5,1,1,1.0,1.0,0,nan,nan,nan,0.0,-0.015915932010512043
242,frozen,47,8,4,0,0,-1.0,-1.0,1,1,0,0,0.0,-0.015915932010512043
243,frozen,47,7,3,0,0,-1.0,-1.0,1,0,1,0,0.0,-0.015915932010512043
244,frozen,47,2,3,0,1,1.0,1.0,0,nan,nan,nan,0.0,-0.015915932010512043
245,frozen,47,3,4,1,1,1.0,1.0,0,nan,nan,nan,0.0,-0.015915932010512043
246,frozen,47,8,3,0,0,-1.0,-1.0,1,2,0,0,0.0,-0.015915932010512043
247,frozen,47,5,3,0,0,-1.0,-1.0,1,0,1,0,0.0,-0.015915932010512043
248,frozen,47,7,3,0,0,-1.0,-1.0,1,0,1,0,0.0,-0.015915932010512043
249,frozen,47,7,5,1,0,-1.0,-1.0,1,0,1,0,0.0,-0.015915932010512043
250,frozen,47,4,5,1,1,1.0,1.0,0,nan,nan,nan,0.0,-0.015915932010512043
251,frozen,47,1,6,1,0,-1.0,-1.0,1,1,0,0,0.0,-0.015915932010512043
252,frozen,47,5,3,0,0,-1.0,-1.0,1,0,1,0,0.0,-0.015915932010512043
253,frozen,47,2,3,0,1,1.0,1.0,0,nan,nan,nan,0.0,-0.015915932010512043
254,frozen,47,4,2,0,0,-1.0,-1.0,1,1,0,0,0.0,-0.015915932010512043
255,frozen,47,4,5,1,1,1.0,1.0,0,nan,nan,nan,0.0,-0.015915932010512043
256,frozen,47,6,4,0,0,-1.0,-1.0,1,1,0,0,0.0,-0.015915932010512043
257,frozen,47,7,3,0,0,-1.0,-1.0,1,0,1,0,0.0,-0.015915932010512043
258,frozen,47,4,5,1,1,1.0,1.0,0,nan,nan,nan,0.0,-0.015915932010512043
259,frozen,47,5,6,1,1,1.0,1.0,0,nan,nan,nan,0.0,-0.015915932010512043
260,frozen,47,8,7,1,1,1.0,1.0,0,nan,nan,nan,0.0,-0.015915932010512043
261,frozen,47,8,6,0,0,-1.0,-1.0,1,3,0,1,0.0,-0.015915932010512043
262,frozen,47,2,3,0,1,1.0,1.0,0,nan,nan,nan,0.0,-0.015915932010512043
263,frozen,47,7,4,1,0,-1.0,-1.0,1,1,0,0,0.0,-0.015915932010512043
264,frozen,47,1,5,1,0,-1.0,-1.0,1,0,1,0,0.0,-0.015915932010512043
265,frozen,47,6,5,1,1,1.0,1.0,0,nan,nan,nan,0.0,-0.015915932010512043
266,frozen,47,1,4,0,0,-1.0,-1.0,1,1,0,0,0.0,-0.015915932010512043
267,frozen,47,3,3,0,1,1.0,1.0,0,nan,nan,nan,0.0,-0.015915932010512043
268,frozen,47,8,4,1,0,-1.0,-1.0,1,1,0,0,0.0,-0.015915932010512043
269,frozen,47,8,5,1,0,-1.0,-1.0,1,0,1,0,0.0,-0.015915932010512043
270,frozen,47,5,3,0,0,-1.0,-1.0,1,0,1,0,0.0,-0.015915932010512043
271,frozen,47,0,5,1,0,-1.0,-1.0,1,0,1,0,0.0,-0.015915932010512043
272,frozen,47,6,5,1,1,1.0,1.0,0,nan,nan,nan,0.0,-0.015915932010512043
273,frozen,47,2,6,1,0,-1.0,-1.0,1,1,0,0,0.0,-0.015915932010512043
274,frozen,47,5,3,0,0,-1.0,-1.0,1,0,1,0,0.0,-0.015915932010512043
275,frozen,47,5,3,0,0,-1.0,-1.0,1,0,1,0,0.0,-0.015915932010512043
276,frozen,47,5,3,0,0,-1.0,-1.0,1,0,1,0,0.0,-0.015915932010512043
277,frozen,47,1,5,1,0,-1.0,-1.0,1,0,1,0,0.0,-0.015915932010512043
278,frozen,47,5,3,0,0,-1.0,-1.0,1,0,1,0,0.0,-0.015915932010512043
279,frozen,47,4,5,1,1,1.0,1.0,0,nan,nan,nan,0.0,-0.015915932010512043
280,frozen,47,4,4,0,1,1.0,1.0,0,nan,nan,nan,0.0,-0.015915932010512043
281,frozen,47,8,5,1,0,-1.0,-1.0,1,2,0,0,0.0,-0.015915932010512043
282,frozen,47,5,3,0,0,-1.0,-1.0,1,0,1,0,0.0,-0.015915932010512043
283,frozen,47,8,3,0,0,-1.0,-1.0,1,0,1,0,0.0,-0.015915932010512043
284,frozen,47,7,3,0,0,-1.0,-1.0,1,0,1,0,0.0,-0.015915932010512043
285,frozen,47,4,5,1,1,1.0,1.0,0,nan,nan,nan,0.0,-0.015915932010512043
286,frozen,47,3,4,0,1,1.0,1.0,0,nan,nan,nan,0.0,-0.015915932010512043
287,frozen,47,7,3,0,0,-1.0,-1.0,1,2,0,0,0.0,-0.015915932010512043
288,frozen,47,4,5,1,1,1.0,1.0,0,nan,nan,nan,0.0,-0.015915932010512043
289,frozen,47,4,4,0,1,1.0,1.0,0,nan,nan,nan,0.0,-0.015915932010512043
290,frozen,47,7,3,0,0,-1.0,-1.0,1,2,0,0,0.0,-0.015915932010512043
291,frozen,47,0,3,0,0,-1.0,-1.0,1,0,1,0,0.0,-0.015915932010512043
292,frozen,47,8,3,0,0,-1.0,-1.0,1,0,1,0,0.0,-0.015915932010512043
293,frozen,47,2,3,0,1,1.0,1.0,0,nan,nan,nan,0.0,-0.015915932010512043
294,frozen,47,8,4,1,0,-1.0,-1.0,1,1,0,0,0.0,-0.015915932010512043
295,frozen,47,2,3,0,1,1.0,1.0,0,nan,nan,nan,0.0,-0.015915932010512043
296,frozen,47,0,4,1,0,-1.0,-1.0,1,1,0,0,0.0,-0.015915932010512043
297,frozen,47,2,3,0,1,1.0,1.0,0,nan,nan,nan,0.0,-0.015915932010512043
298,frozen,47,4,2,0,0,-1.0,-1.0,1,1,0,0,0.0,-0.015915932010512043
299,frozen,47,2,3,0,1,1.0,1.0,0,nan,nan,nan,0.0,-0.015915932010512043
300,frozen,47,5,4,1,1,1.0,1.0,0,nan,nan,nan,0.0,-0.015915932010512043
301,frozen,47,8,3,0,0,-1.0,-1.0,1,2,0,0,0.0,-0.015915932010512043
302,frozen,47,7,5,1,0,-1.0,-1.0,1,0,1,0,0.0,-0.015915932010512043
303,frozen,47,3,3,0,1,1.0,1.0,0,nan,nan,nan,0.0,-0.015915932010512043
304,frozen,47,7,2,0,0,-1.0,-1.0,1,1,0,0,0.0,-0.015915932010512043
305,frozen,47,7,5,1,0,-1.0,-1.0,1,0,1,0,0.0,-0.015915932010512043
306,frozen,47,2,3,0,1,1.0,1.0,0,nan,nan,nan,0.0,-0.015915932010512043
307,frozen,47,6,2,0,0,-1.0,-1.0,1,1,0,0,0.0,-0.015915932010512043
308,frozen,47,8,5,1,0,-1.0,-1.0,1,0,1,0,0.0,-0.015915932010512043
309,frozen,47,2,3,0,1,1.0,1.0,0,nan,nan,nan,0.0,-0.015915932010512043
310,frozen,47,3,4,1,1,1.0,1.0,0,nan,nan,nan,0.0,-0.015915932010512043
311,frozen,47,1,5,1,0,-1.0,-1.0,1,2,0,0,0.0,-0.015915932010512043
312,frozen,47,4,5,1,1,1.0,1.0,0,nan,nan,nan,0.0,-0.015915932010512043
313,frozen,47,6,4,0,0,-1.0,-1.0,1,1,0,0,0.0,-0.015915932010512043
314,frozen,47,5,3,0,0,-1.0,-1.0,1,0,1,0,0.0,-0.015915932010512043
315,frozen,47,8,3,0,0,-1.0,-1.0,1,0,1,0,0.0,-0.015915932010512043
316,frozen,47,4,5,1,1,1.0,1.0,0,nan,nan,nan,0.0,-0.015915932010512043
317,frozen,47,1,4,0,0,-1.0,-1.0,1,1,0,0,0.0,-0.015915932010512043
318,frozen,47,7,5,1,0,-1.0,-1.0,1,0,1,0,0.0,-0.015915932010512043
319,frozen,47,2,3,0,1,1.0,1.0,0,nan,nan,nan,0.0,-0.015915932010512043
320,frozen,47,6,2,0,0,-1.0,-1.0,1,1,0,0,0.0,-0.015915932010512043
321,frozen,47,2,3,0,1,1.0,1.0,0,nan,nan,nan,0.0,-0.015915932010512043
322,frozen,47,5,4,1,1,1.0,1.0,0,nan,nan,nan,0.0,-0.015915932010512043
323,frozen,47,7,5,1,0,-1.0,-1.0,1,2,0,0,0.0,-0.015915932010512043
324,frozen,47,6,5,1,1,1.0,1.0,0,nan,nan,nan,0.0,-0.015915932010512043
325,frozen,47,0,4,0,0,-1.0,-1.0,1,1,0,0,0.0,-0.015915932010512043
326,frozen,47,1,5,1,0,-1.0,-1.0,1,0,1,0,0.0,-0.015915932010512043
327,frozen,47,6,5,1,1,1.0,1.0,0,nan,nan,nan,0.0,-0.015915932010512043
328,frozen,47,2,6,1,0,-1.0,-1.0,1,1,0,0,0.0,-0.015915932010512043
329,frozen,47,6,5,1,1,1.0,1.0,0,nan,nan,nan,0.0,-0.015915932010512043
330,frozen,47,2,6,1,0,-1.0,-1.0,1,1,0,0,0.0,-0.015915932010512043
331,frozen,47,4,5,1,1,1.0,1.0,0,nan,nan,nan,0.0,-0.015915932010512043
332,frozen,47,4,4,0,1,1.0,1.0,0,nan,nan,nan,0.0,-0.015915932010512043
333,frozen,47,3,3,0,1,1.0,1.0,0,nan,nan,nan,0.0,-0.015915932010512043
334,frozen,47,0,4,1,0,-1.0,-1.0,1,3,0,1,0.0,-0.015915932010512043
335,frozen,47,4,5,1,1,1.0,1.0,0,nan,nan,nan,0.0,-0.015915932010512043
336,frozen,47,5,6,1,1,1.0,1.0,0,nan,nan,nan,0.0,-0.015915932010512043
337,frozen,47,1,7,1,0,-1.0,-1.0,1,2,0,0,0.0,-0.015915932010512043
338,frozen,47,1,5,1,0,-1.0,-1.0,1,0,1,0,0.0,-0.015915932010512043
339,frozen,47,1,5,1,0,-1.0,-1.0,1,0,1,0,0.0,-0.015915932010512043
340,frozen,47,1,5,1,0,-1.0,-1.0,1,0,1,0,0.0,-0.015915932010512043
341,frozen,47,6,5,1,1,1.0,1.0,0,nan,nan,nan,0.0,-0.015915932010512043
342,frozen,47,7,6,1,1,1.0,1.0,0,nan,nan,nan,0.0,-0.015915932010512043
343,frozen,47,4,5,0,1,1.0,1.0,0,nan,nan,nan,0.0,-0.015915932010512043
344,frozen,47,0,6,1,0,-1.0,-1.0,1,3,0,1,0.0,-0.015915932010512043
345,frozen,47,3,3,0,1,1.0,1.0,0,nan,nan,nan,0.0,-0.015915932010512043
346,frozen,47,3,4,1,1,1.0,1.0,0,nan,nan,nan,0.0,-0.015915932010512043
347,frozen,47,0,5,1,0,-1.0,-1.0,1,2,0,0,0.0,-0.015915932010512043
348,frozen,47,1,5,1,0,-1.0,-1.0,1,0,1,0,0.0,-0.015915932010512043
349,frozen,47,5,3,0,0,-1.0,-1.0,1,0,1,0,0.0,-0.015915932010512043
350,frozen,47,3,3,0,1,1.0,1.0,0,nan,nan,nan,0.0,-0.015915932010512043
351,frozen,47,6,2,0,0,-1.0,-1.0,1,1,0,0,0.0,-0.015915932010512043
352,frozen,47,5,3,0,0,-1.0,-1.0,1,0,1,0,0.0,-0.015915932010512043
353,frozen,47,3,3,0,1,1.0,1.0,0,nan,nan,nan,0.0,-0.015915932010512043
354,frozen,47,3,4,1,1,1.0,1.0,0,nan,nan,nan,0.0,-0.015915932010512043
355,frozen,47,4,5,1,1,1.0,1.0,0,nan,nan,nan,0.0,-0.015915932010512043
356,frozen,47,0,6,1,0,-1.0,-1.0,1,3,0,1,0.0,-0.015915932010512043
357,frozen,47,0,5,1,0,-1.0,-1.0,1,0,1,0,0.0,-0.015915932010512043
358,frozen,47,2,3,0,1,1.0,1.0,0,nan,nan,nan,0.0,-0.015915932010512043
359,frozen,47,4,2,0,0,-1.0,-1.0,1,1,0,0,0.0,-0.015915932010512043
360,frozen,47,1,5,1,0,-1.0,-1.0,1,0,1,0,0.0,-0.015915932010512043
361,frozen,47,8,5,1,0,-1.0,-1.0,1,0,1,0,0.0,-0.015915932010512043
362,frozen,47,0,3,0,0,-1.0,-1.0,1,0,1,0,0.0,-0.015915932010512043
363,frozen,47,8,5,1,0,-1.0,-1.0,1,0,1,0,0.0,-0.015915932010512043
364,frozen,47,0,3,0,0,-1.0,-1.0,1,0,1,0,0.0,-0.015915932010512043
365,frozen,47,1,5,1,0,-1.0,-1.0,1,0,1,0,0.0,-0.015915932010512043
366,frozen,47,0,3,0,0,-1.0,-1.0,1,0,1,0,0.0,-0.015915932010512043
367,frozen,47,8,5,1,0,-1.0,-1.0,1,0,1,0,0.0,-0.015915932010512043
368,frozen,47,0,3,0,0,-1.0,-1.0,1,0,1,0,0.0,-0.015915932010512043
369,frozen,47,7,3,0,0,-1.0,-1.0,1,0,1,0,0.0,-0.015915932010512043
370,frozen,47,1,5,1,0,-1.0,-1.0,1,0,1,0,0.0,-0.015915932010512043
371,frozen,47,5,3,0,0,-1.0,-1.0,1,0,1,0,0.0,-0.015915932010512043
372,frozen,47,8,3,0,0,-1.0,-1.0,1,0,1,0,0.0,-0.015915932010512043
373,frozen,47,3,3,0,1,1.0,1.0,0,nan,nan,nan,0.0,-0.015915932010512043
374,frozen,47,0,4,1,0,-1.0,-1.0,1,1,0,0,0.0,-0.015915932010512043
375,frozen,47,2,3,0,1,1.0,1.0,0,nan,nan,nan,0.0,-0.015915932010512043
376,frozen,47,6,2,0,0,-1.0,-1.0,1,1,0,0,0.0,-0.015915932010512043
377,frozen,47,0,5,1,0,-1.0,-1.0,1,0,1,0,0.0,-0.015915932010512043
378,frozen,47,5,3,0,0,-1.0,-1.0,1,0,1,0,0.0,-0.015915932010512043
379,frozen,47,5,3,0,0,-1.0,-1.0,1,0,1,0,0.0,-0.015915932010512043
380,frozen,47,1,5,1,0,-1.0,-1.0,1,0,1,0,0.0,-0.015915932010512043
381,frozen,47,3,3,0,1,1.0,1.0,0,nan,nan,nan,0.0,-0.015915932010512043
382,frozen,47,3,4,1,1,1.0,1.0,0,nan,nan,nan,0.0,-0.015915932010512043
383,frozen,47,6,5,1,1,1.0,1.0,0,nan,nan,nan,0.0,-0.015915932010512043
384,frozen,47,7,6,1,1,1.0,1.0,0,nan,nan,nan,0.0,-0.015915932010512043
385,frozen,47,1,7,1,0,-1.0,-1.0,1,4,0,1,0.0,-0.015915932010512043
386,frozen,47,1,5,1,0,-1.0,-1.0,1,0,1,0,0.0,-0.015915932010512043
387,frozen,47,4,5,1,1,1.0,1.0,0,nan,nan,nan,0.0,-0.015915932010512043
388,frozen,47,8,4,0,0,-1.0,-1.0,1,1,0,0,0.0,-0.015915932010512043
389,frozen,47,8,3,0,0,-1.0,-1.0,1,0,1,0,0.0,-0.015915932010512043
390,frozen,47,4,5,1,1,1.0,1.0,0,nan,nan,nan,0.0,-0.015915932010512043
391,frozen,47,1,6,1,0,-1.0,-1.0,1,1,0,0,0.0,-0.015915932010512043
392,frozen,47,1,5,1,0,-1.0,-1.0,1,0,1,0,0.0,-0.015915932010512043
393,frozen,47,4,5,1,1,1.0,1.0,0,nan,nan,nan,0.0,-0.015915932010512043
394,frozen,47,3,4,0,1,1.0,1.0,0,nan,nan,nan,0.0,-0.015915932010512043
395,frozen,47,1,5,1,0,-1.0,-1.0,1,2,0,0,0.0,-0.015915932010512043
396,frozen,47,2,3,0,1,1.0,1.0,0,nan,nan,nan,0.0,-0.015915932010512043
397,frozen,47,8,4,1,0,-1.0,-1.0,1,1,0,0,0.0,-0.015915932010512043
398,frozen,47,3,3,0,1,1.0,1.0,0,nan,nan,nan,0.0,-0.015915932010512043
399,frozen,47,2,2,0,1,1.0,1.0,0,nan,nan,nan,0.0,-0.015915932010512043
400,frozen,47,3,1,0,0,-1.0,-1.0,1,2,0,0,0.0,-0.015915932010512043
401,frozen,47,6,5,1,1,1.0,1.0,0,nan,nan,nan,0.0,-0.015915932010512043
402,frozen,47,6,4,0,0,-1.0,-1.0,1,1,0,0,0.0,-0.015915932010512043
403,frozen,47,8,3,0,0,-1.0,-1.0,1,0,1,0,0.0,-0.015915932010512043
404,frozen,47,1,5,1,0,-1.0,-1.0,1,0,1,0,0.0,-0.015915932010512043
405,frozen,47,6,5,1,1,1.0,1.0,0,nan,nan,nan,0.0,-0.015915932010512043
406,frozen,47,6,4,0,0,-1.0,-1.0,1,1,0,0,0.0,-0.015915932010512043
407,frozen,47,5,3,0,0,-1.0,-1.0,1,0,1,0,0.0,-0.015915932010512043
408,frozen,47,2,3,0,1,1.0,1.0,0,nan,nan,nan,0.0,-0.015915932010512043
409,frozen,47,2,2,0,1,1.0,1.0,0,nan,nan,nan,0.0,-0.015915932010512043
410,frozen,47,0,1,0,1,1.0,1.0,0,nan,nan,nan,0.0,-0.015915932010512043
411,frozen,47,0,0,0,1,1.0,1.0,0,nan,nan,nan,0.0,-0.015915932010512043
412,frozen,47,4,0,0,0,-1.0,-1.0,1,4,0,1,0.0,-0.015915932010512043
413,frozen,47,2,3,0,1,1.0,1.0,0,nan,nan,nan,0.0,-0.015915932010512043
414,frozen,47,1,2,0,1,1.0,1.0,0,nan,nan,nan,0.0,-0.015915932010512043
415,frozen,47,3,1,0,0,-1.0,-1.0,1,2,0,0,0.0,-0.015915932010512043
416,frozen,47,2,3,0,1,1.0,1.0,0,nan,nan,nan,0.0,-0.015915932010512043
417,frozen,47,1,2,0,1,1.0,1.0,0,nan,nan,nan,0.0,-0.015915932010512043
418,frozen,47,3,1,0,0,-1.0,-1.0,1,2,0,0,0.0,-0.015915932010512043
419,frozen,47,3,3,0,1,1.0,1.0,0,nan,nan,nan,0.0,-0.015915932010512043
420,frozen,47,8,4,1,0,-1.0,-1.0,1,1,0,0,0.0,-0.015915932010512043
421,frozen,47,3,3,0,1,1.0,1.0,0,nan,nan,nan,0.0,-0.015915932010512043
422,frozen,47,6,4,1,0,-1.0,-1.0,1,1,0,0,0.0,-0.015915932010512043
423,frozen,47,6,5,1,1,1.0,1.0,0,nan,nan,nan,0.0,-0.015915932010512043
424,frozen,47,7,6,1,1,1.0,1.0,0,nan,nan,nan,0.0,-0.015915932010512043
425,frozen,47,4,7,1,0,-1.0,-1.0,1,2,0,0,0.0,-0.015915932010512043
426,frozen,47,2,3,0,1,1.0,1.0,0,nan,nan,nan,0.0,-0.015915932010512043
427,frozen,47,0,4,1,0,-1.0,-1.0,1,1,0,0,0.0,-0.015915932010512043
428,frozen,47,4,5,1,1,1.0,1.0,0,nan,nan,nan,0.0,-0.015915932010512043
429,frozen,47,0,6,1,0,-1.0,-1.0,1,1,0,0,0.0,-0.015915932010512043
430,frozen,47,5,3,0,0,-1.0,-1.0,1,0,1,0,0.0,-0.015915932010512043
431,frozen,47,2,3,0,1,1.0,1.0,0,nan,nan,nan,0.0,-0.015915932010512043
432,frozen,47,4,2,0,0,-1.0,-1.0,1,1,0,0,0.0,-0.015915932010512043
433,frozen,47,2,3,0,1,1.0,1.0,0,nan,nan,nan,0.0,-0.015915932010512043
434,frozen,47,6,4,1,0,-1.0,-1.0,1,1,0,0,0.0,-0.015915932010512043
435,frozen,47,6,5,1,1,1.0,1.0,0,nan,nan,nan,0.0,-0.015915932010512043
436,frozen,47,3,4,0,1,1.0,1.0,0,nan,nan,nan,0.0,-0.015915932010512043
437,frozen,47,1,5,1,0,-1.0,-1.0,1,2,0,0,0.0,-0.015915932010512043
438,frozen,47,0,5,1,0,-1.0,-1.0,1,0,1,0,0.0,-0.015915932010512043
439,frozen,47,4,5,1,1,1.0,1.0,0,nan,nan,nan,0.0,-0.015915932010512043
440,frozen,47,6,4,0,0,-1.0,-1.0,1,1,0,0,0.0,-0.015915932010512043
441,frozen,47,6,5,1,1,1.0,1.0,0,nan,nan,nan,0.0,-0.015915932010512043
442,frozen,47,7,6,1,1,1.0,1.0,0,nan,nan,nan,0.0,-0.015915932010512043
443,frozen,47,5,5,0,1,1.0,1.0,0,nan,nan,nan,0.0,-0.015915932010512043
444,frozen,47,0,4,0,0,-1.0,-1.0,1,3,0,1,0.0,-0.015915932010512043
445,frozen,47,8,5,1,0,-1.0,-1.0,1,0,1,0,0.0,-0.015915932010512043
446,frozen,47,0,3,0,0,-1.0,-1.0,1,0,1,0,0.0,-0.015915932010512043
447,frozen,47,1,5,1,0,-1.0,-1.0,1,0,1,0,0.0,-0.015915932010512043
448,frozen,47,6,5,1,1,1.0,1.0,0,nan,nan,nan,0.0,-0.015915932010512043
449,frozen,47,7,6,1,1,1.0,1.0,0,nan,nan,nan,0.0,-0.015915932010512043
450,frozen,47,7,5,0,0,-1.0,-1.0,1,2,0,0,0.0,-0.015915932010512043
451,frozen,47,8,5,1,0,-1.0,-1.0,1,0,1,0,0.0,-0.015915932010512043
452,frozen,47,3,3,0,1,1.0,1.0,0,nan,nan,nan,0.0,-0.015915932010512043
453,frozen,47,6,2,0,0,-1.0,-1.0,1,1,0,0,0.0,-0.015915932010512043
454,frozen,47,2,3,0,1,1.0,1.0,0,nan,nan,nan,0.0,-0.015915932010512043
455,frozen,47,1,2,0,1,1.0,1.0,0,nan,nan,nan,0.0,-0.015915932010512043
456,frozen,47,5,3,1,0,-1.0,-1.0,1,2,0,0,0.0,-0.015915932010512043
457,frozen,47,8,3,0,0,-1.0,-1.0,1,0,1,0,0.0,-0.015915932010512043
458,frozen,47,2,3,0,1,1.0,1.0,0,nan,nan,nan,0.0,-0.015915932010512043
459,frozen,47,6,4,1,0,-1.0,-1.0,1,1,0,0,0.0,-0.015915932010512043
460,frozen,47,1,5,1,0,-1.0,-1.0,1,0,1,0,0.0,-0.015915932010512043
461,frozen,47,8,3,0,0,-1.0,-1.0,1,0,1,0,0.0,-0.015915932010512043
462,frozen,47,4,5,1,1,1.0,1.0,0,nan,nan,nan,0.0,-0.015915932010512043
463,frozen,47,6,4,0,0,-1.0,-1.0,1,1,0,0,0.0,-0.015915932010512043
464,frozen,47,7,3,0,0,-1.0,-1.0,1,0,1,0,0.0,-0.015915932010512043
465,frozen,47,1,5,1,0,-1.0,-1.0,1,0,1,0,0.0,-0.015915932010512043
466,frozen,47,6,5,1,1,1.0,1.0,0,nan,nan,nan,0.0,-0.015915932010512043
467,frozen,47,2,4,0,0,-1.0,-1.0,1,1,0,0,0.0,-0.015915932010512043
468,frozen,47,1,3,0,0,-1.0,-1.0,1,0,1,0,0.0,-0.015915932010512043
469,frozen,47,2,3,0,1,1.0,1.0,0,nan,nan,nan,0.0,-0.015915932010512043
470,frozen,47,3,4,1,1,1.0,1.0,0,nan,nan,nan,0.0,-0.015915932010512043
471,frozen,47,1,5,1,0,-1.0,-1.0,1,2,0,0,0.0,-0.015915932010512043
472,frozen,47,7,3,0,0,-1.0,-1.0,1,0,1,0,0.0,-0.015915932010512043
473,frozen,47,6,5,1,1,1.0,1.0,0,nan,nan,nan,0.0,-0.015915932010512043
474,frozen,47,8,4,0,0,-1.0,-1.0,1,1,0,0,0.0,-0.015915932010512043
475,frozen,47,7,3,0,0,-1.0,-1.0,1,0,1,0,0.0,-0.015915932010512043
476,frozen,47,0,5,1,0,-1.0,-1.0,1,0,1,0,0.0,-0.015915932010512043
477,frozen,47,3,3,0,1,1.0,1.0,0,nan,nan,nan,0.0,-0.015915932010512043
478,frozen,47,2,2,0,1,1.0,1.0,0,nan,nan,nan,0.0,-0.015915932010512043
479,frozen,47,0,1,0,1,1.0,1.0,0,nan,nan,nan,0.0,-0.015915932010512043
480,frozen,47,8,2,1,0,-1.0,-1.0,1,3,0,1,0.0,-0.015915932010512043
481,frozen,47,1,5,1,0,-1.0,-1.0,1,0,1,0,0.0,-0.015915932010512043
482,frozen,47,5,3,0,0,-1.0,-1.0,1,0,1,0,0.0,-0.015915932010512043
483,frozen,47,0,5,1,0,-1.0,-1.0,1,0,1,0,0.0,-0.015915932010512043
484,frozen,47,0,5,1,0,-1.0,-1.0,1,0,1,0,0.0,-0.015915932010512043
485,frozen,47,1,5,1,0,-1.0,-1.0,1,0,1,0,0.0,-0.015915932010512043
486,frozen,47,6,5,1,1,1.0,1.0,0,nan,nan,nan,0.0,-0.015915932010512043
487,frozen,47,1,4,0,0,-1.0,-1.0,1,1,0,0,0.0,-0.015915932010512043
488,frozen,47,0,3,0,0,-1.0,-1.0,1,0,1,0,0.0,-0.015915932010512043
489,frozen,47,2,3,0,1,1.0,1.0,0,nan,nan,nan,0.0,-0.015915932010512043
490,frozen,47,8,4,1,0,-1.0,-1.0,1,1,0,0,0.0,-0.015915932010512043
491,frozen,47,3,3,0,1,1.0,1.0,0,nan,nan,nan,0.0,-0.015915932010512043
492,frozen,47,1,2,0,1,1.0,1.0,0,nan,nan,nan,0.0,-0.015915932010512043
493,frozen,47,8,1,0,0,-1.0,-1.0,1,2,0,0,0.0,-0.015915932010512043
494,frozen,47,6,5,1,1,1.0,1.0,0,nan,nan,nan,0.0,-0.015915932010512043
495,frozen,47,4,4,0,1,1.0,1.0,0,nan,nan,nan,0.0,-0.015915932010512043
496,frozen,47,1,5,1,0,-1.0,-1.0,1,2,0,0,0.0,-0.015915932010512043
497,frozen,47,1,5,1,0,-1.0,-1.0,1,0,1,0,0.0,-0.015915932010512043
498,frozen,47,3,3,0,1,1.0,1.0,0,nan,nan,nan,0.0,-0.015915932010512043
499,frozen,47,5,2,0,0,-1.0,-1.0,1,1,0,0,0.0,-0.015915932010512043
500,frozen,47,0,5,1,0,-1.0,-1.0,1,0,1,0,0.0,-0.015915932010512043
501,frozen,47,3,3,0,1,1.0,1.0,0,nan,nan,nan,0.0,-0.015915932010512043
502,frozen,47,8,2,0,0,-1.0,-1.0,1,1,0,0,0.0,-0.015915932010512043
503,frozen,47,6,5,1,1,1.0,1.0,0,nan,nan,nan,0.0,-0.015915932010512043
504,frozen,47,6,4,0,0,-1.0,-1.0,1,1,0,0,0.0,-0.015915932010512043
505,frozen,47,7,5,1,0,-1.0,-1.0,1,0,1,0,0.0,-0.015915932010512043
506,frozen,47,3,3,0,1,1.0,1.0,0,nan,nan,nan,0.0,-0.015915932010512043
507,frozen,47,1,2,0,1,1.0,1.0,0,nan,nan,nan,0.0,-0.015915932010512043
508,frozen,47,0,1,0,1,1.0,1.0,0,nan,nan,nan,0.0,-0.015915932010512043
509,frozen,47,8,2,1,0,-1.0,-1.0,1,3,0,1,0.0,-0.015915932010512043
510,frozen,47,0,5,1,0,-1.0,-1.0,1,0,1,0,0.0,-0.015915932010512043
511,frozen,47,2,3,0,1,1.0,1.0,0,nan,nan,nan,0.0,-0.015915932010512043
512,frozen,47,1,4,1,0,-1.0,-1.0,1,1,0,0,0.0,-0.015915932010512043
513,frozen,47,5,3,0,0,-1.0,-1.0,1,0,1,0,0.0,-0.015915932010512043
514,frozen,47,7,5,1,0,-1.0,-1.0,1,0,1,0,0.0,-0.015915932010512043
515,frozen,47,6,5,1,1,1.0,1.0,0,nan,nan,nan,0.0,-0.015915932010512043
516,frozen,47,1,4,0,0,-1.0,-1.0,1,1,0,0,0.0,-0.015915932010512043
517,frozen,47,2,3,0,1,1.0,1.0,0,nan,nan,nan,0.0,-0.015915932010512043
518,frozen,47,3,4,1,1,1.0,1.0,0,nan,nan,nan,0.0,-0.015915932010512043
519,frozen,47,8,5,1,0,-1.0,-1.0,1,2,0,0,0.0,-0.015915932010512043
520,frozen,47,3,3,0,1,1.0,1.0,0,nan,nan,nan,0.0,-0.015915932010512043
521,frozen,47,2,4,1,0,-1.0,-1.0,1,1,0,0,0.0,-0.015915932010512043
522,frozen,47,2,3,0,1,1.0,1.0,0,nan,nan,nan,0.0,-0.015915932010512043
523,frozen,47,0,4,1,0,-1.0,-1.0,1,1,0,0,0.0,-0.015915932010512043
524,frozen,47,0,5,1,0,-1.0,-1.0,1,0,1,0,0.0,-0.015915932010512043
525,frozen,47,5,3,0,0,-1.0,-1.0,1,0,1,0,0.0,-0.015915932010512043
526,frozen,47,3,3,0,1,1.0,1.0,0,nan,nan,nan,0.0,-0.015915932010512043
527,frozen,47,8,4,1,0,-1.0,-1.0,1,1,0,0,0.0,-0.015915932010512043
528,frozen,47,0,3,0,0,-1.0,-1.0,1,0,1,0,0.0,-0.015915932010512043
529,frozen,47,4,5,1,1,1.0,1.0,0,nan,nan,nan,0.0,-0.015915932010512043
530,frozen,47,3,4,0,1,1.0,1.0,0,nan,nan,nan,0.0,-0.015915932010512043
531,frozen,47,7,3,0,0,-1.0,-1.0,1,2,0,0,0.0,-0.015915932010512043
532,frozen,47,0,5,1,0,-1.0,-1.0,1,0,1,0,0.0,-0.015915932010512043
533,frozen,47,1,5,1,0,-1.0,-1.0,1,0,1,0,0.0,-0.015915932010512043
534,frozen,47,2,3,0,1,1.0,1.0,0,nan,nan,nan,0.0,-0.015915932010512043
535,frozen,47,1,2,0,1,1.0,1.0,0,nan,nan,nan,0.0,-0.015915932010512043
536,frozen,47,4,3,1,1,1.0,1.0,0,nan,nan,nan,0.0,-0.015915932010512043
537,frozen,47,4,2,0,0,-1.0,-1.0,1,3,0,1,0.0,-0.015915932010512043
538,frozen,47,6,5,1,1,1.0,1.0,0,nan,nan,nan,0.0,-0.015915932010512043
539,frozen,47,4,4,0,1,1.0,1.0,0,nan,nan,nan,0.0,-0.015915932010512043
540,frozen,47,4,5,1,1,1.0,1.0,0,nan,nan,nan,0.0,-0.015915932010512043
541,frozen,47,4,4,0,1,1.0,1.0,0,nan,nan,nan,0.0,-0.015915932010512043
542,frozen,47,1,5,1,0,-1.0,-1.0,1,4,0,1,0.0,-0.015915932010512043
543,frozen,47,6,5,1,1,1.0,1.0,0,nan,nan,nan,0.0,-0.015915932010512043
544,frozen,47,5,6,1,1,1.0,1.0,0,nan,nan,nan,0.0,-0.015915932010512043
545,frozen,47,2,5,0,0,-1.0,-1.0,1,2,0,0,0.0,-0.015915932010512043
546,frozen,47,2,3,0,1,1.0,1.0,0,nan,nan,nan,0.0,-0.015915932010512043
547,frozen,47,5,4,1,1,1.0,1.0,0,nan,nan,nan,0.0,-0.015915932010512043
548,frozen,47,3,3,0,1,1.0,1.0,0,nan,nan,nan,0.0,-0.015915932010512043
549,frozen,47,4,2,0,0,-1.0,-1.0,1,3,0,1,0.0,-0.015915932010512043
550,frozen,47,5,3,0,0,-1.0,-1.0,1,0,1,0,0.0,-0.015915932010512043
551,frozen,47,4,5,1,1,1.0,1.0,0,nan,nan,nan,0.0,-0.015915932010512043
552,frozen,47,0,6,1,0,-1.0,-1.0,1,1,0,0,0.0,-0.015915932010512043
553,frozen,47,3,3,0,1,1.0,1.0,0,nan,nan,nan,0.0,-0.015915932010512043
554,frozen,47,2,2,0,1,1.0,1.0,0,nan,nan,nan,0.0,-0.015915932010512043
555,frozen,47,0,1,0,1,1.0,1.0,0,nan,nan,nan,0.0,-0.015915932010512043
556,frozen,47,3,2,1,1,1.0,1.0,0,nan,nan,nan,0.0,-0.015915932010512043
557,frozen,47,8,1,0,0,-1.0,-1.0,1,4,0,1,0.0,-0.015915932010512043
558,frozen,47,5,3,0,0,-1.0,-1.0,1,0,1,0,0.0,-0.015915932010512043
559,frozen,47,3,3,0,1,1.0,1.0,0,nan,nan,nan,0.0,-0.015915932010512043
560,frozen,47,6,2,0,0,-1.0,-1.0,1,1,0,0,0.0,-0.015915932010512043
561,frozen,47,5,3,0,0,-1.0,-1.0,1,0,1,0,0.0,-0.015915932010512043
562,frozen,47,3,3,0,1,1.0,1.0,0,nan,nan,nan,0.0,-0.015915932010512043
563,frozen,47,5,4,1,1,1.0,1.0,0,nan,nan,nan,0.0,-0.015915932010512043
564,frozen,47,7,3,0,0,-1.0,-1.0,1,2,0,0,0.0,-0.015915932010512043
565,frozen,47,3,3,0,1,1.0,1.0,0,nan,nan,nan,0.0,-0.015915932010512043
566,frozen,47,8,4,1,0,-1.0,-1.0,1,1,0,0,0.0,-0.015915932010512043
567,frozen,47,4,5,1,1,1.0,1.0,0,nan,nan,nan,0.0,-0.015915932010512043
568,frozen,47,4,4,0,1,1.0,1.0,0,nan,nan,nan,0.0,-0.015915932010512043
569,frozen,47,6,5,1,1,1.0,1.0,0,nan,nan,nan,0.0,-0.015915932010512043
570,frozen,47,7,6,1,1,1.0,1.0,0,nan,nan,nan,0.0,-0.015915932010512043
571,frozen,47,5,5,0,1,1.0,1.0,0,nan,nan,nan,0.0,-0.015915932010512043
572,frozen,47,8,4,0,0,-1.0,-1.0,1,5,0,1,0.0,-0.015915932010512043
573,frozen,47,8,5,1,0,-1.0,-1.0,1,0,1,0,0.0,-0.015915932010512043
574,frozen,47,8,3,0,0,-1.0,-1.0,1,0,1,0,0.0,-0.015915932010512043
575,frozen,47,4,5,1,1,1.0,1.0,0,nan,nan,nan,0.0,-0.015915932010512043
576,frozen,47,7,6,1,1,1.0,1.0,0,nan,nan,nan,0.0,-0.015915932010512043
577,frozen,47,4,5,0,1,1.0,1.0,0,nan,nan,nan,0.0,-0.015915932010512043
578,frozen,47,7,6,1,1,1.0,1.0,0,nan,nan,nan,0.0,-0.015915932010512043
579,frozen,47,4,5,0,1,1.0,1.0,0,nan,nan,nan,0.0,-0.015915932010512043
580,frozen,47,8,6,1,0,-1.0,-1.0,1,5,0,1,0.0,-0.015915932010512043
581,frozen,47,7,5,1,0,-1.0,-1.0,1,0,1,0,0.0,-0.015915932010512043
582,frozen,47,3,3,0,1,1.0,1.0,0,nan,nan,nan,0.0,-0.015915932010512043
583,frozen,47,4,2,0,0,-1.0,-1.0,1,1,0,0,0.0,-0.015915932010512043
584,frozen,47,4,5,1,1,1.0,1.0,0,nan,nan,nan,0.0,-0.015915932010512043
585,frozen,47,7,6,1,1,1.0,1.0,0,nan,nan,nan,0.0,-0.015915932010512043
586,frozen,47,2,5,0,0,-1.0,-1.0,1,2,0,0,0.0,-0.015915932010512043
587,frozen,47,5,3,0,0,-1.0,-1.0,1,0,1,0,0.0,-0.015915932010512043
588,frozen,47,7,3,0,0,-1.0,-1.0,1,0,1,0,0.0,-0.015915932010512043
589,frozen,47,8,3,0,0,-1.0,-1.0,1,0,1,0,0.0,-0.015915932010512043
590,frozen,47,3,3,0,1,1.0,1.0,0,nan,nan,nan,0.0,-0.015915932010512043
591,frozen,47,5,4,1,1,1.0,1.0,0,nan,nan,nan,0.0,-0.015915932010512043
592,frozen,47,0,5,1,0,-1.0,-1.0,1,2,0,0,0.0,-0.015915932010512043
593,frozen,47,2,3,0,1,1.0,1.0,0,nan,nan,nan,0.0,-0.015915932010512043
594,frozen,47,7,2,0,0,-1.0,-1.0,1,1,0,0,0.0,-0.015915932010512043
595,frozen,47,2,3,0,1,1.0,1.0,0,nan,nan,nan,0.0,-0.015915932010512043
596,frozen,47,6,4,1,0,-1.0,-1.0,1,1,0,0,0.0,-0.015915932010512043
597,frozen,47,8,3,0,0,-1.0,-1.0,1,0,1,0,0.0,-0.015915932010512043
598,frozen,47,6,5,1,1,1.0,1.0,0,nan,nan,nan,0.0,-0.015915932010512043
599,frozen,47,1,4,0,0,-1.0,-1.0,1,1,0,0,0.0,-0.015915932010512043
600,frozen,47,7,5,1,0,-1.0,-1.0,1,0,1,0,0.0,-0.015915932010512043
601,frozen,47,8,3,0,0,-1.0,-1.0,1,0,1,0,0.0,-0.015915932010512043
602,frozen,47,4,5,1,1,1.0,1.0,0,nan,nan,nan,0.0,-0.015915932010512043
603,frozen,47,2,6,1,0,-1.0,-1.0,1,1,0,0,0.0,-0.015915932010512043
604,frozen,47,4,5,1,1,1.0,1.0,0,nan,nan,nan,0.0,-0.015915932010512043
605,frozen,47,7,6,1,1,1.0,1.0,0,nan,nan,nan,0.0,-0.015915932010512043
606,frozen,47,6,7,1,1,1.0,1.0,0,nan,nan,nan,0.0,-0.015915932010512043
607,frozen,47,1,6,0,0,-1.0,-1.0,1,3,0,1,0.0,-0.015915932010512043
608,frozen,47,3,3,0,1,1.0,1.0,0,nan,nan,nan,0.0,-0.015915932010512043
609,frozen,47,3,4,1,1,1.0,1.0,0,nan,nan,nan,0.0,-0.015915932010512043
610,frozen,47,4,5,1,1,1.0,1.0,0,nan,nan,nan,0.0,-0.015915932010512043
611,frozen,47,5,6,1,1,1.0,1.0,0,nan,nan,nan,0.0,-0.015915932010512043
612,frozen,47,1,5,0,0,-1.0,-1.0,1,4,0,1,0.0,-0.015915932010512043
613,frozen,47,3,3,0,1,1.0,1.0,0,nan,nan,nan,0.0,-0.015915932010512043
614,frozen,47,2,4,1,0,-1.0,-1.0,1,1,0,0,0.0,-0.015915932010512043
615,frozen,47,8,3,0,0,-1.0,-1.0,1,0,1,0,0.0,-0.015915932010512043
616,frozen,47,3,3,0,1,1.0,1.0,0,nan,nan,nan,0.0,-0.015915932010512043
617,frozen,47,5,4,1,1,1.0,1.0,0,nan,nan,nan,0.0,-0.015915932010512043
618,frozen,47,2,3,0,1,1.0,1.0,0,nan,nan,nan,0.0,-0.015915932010512043
619,frozen,47,5,4,1,1,1.0,1.0,0,nan,nan,nan,0.0,-0.015915932010512043
620,frozen,47,3,3,0,1,1.0,1.0,0,nan,nan,nan,0.0,-0.015915932010512043
621,frozen,47,3,4,1,1,1.0,1.0,0,nan,nan,nan,0.0,-0.015915932010512043
622,frozen,47,3,3,0,1,1.0,1.0,0,nan,nan,nan,0.0,-0.015915932010512043
623,frozen,47,4,2,0,0,-1.0,-1.0,1,7,0,1,0.0,-0.015915932010512043
624,frozen,47,8,5,1,0,-1.0,-1.0,1,0,1,0,0.0,-0.015915932010512043
625,frozen,47,6,5,1,1,1.0,1.0,0,nan,nan,nan,0.0,-0.015915932010512043
626,frozen,47,1,6,1,0,-1.0,-1.0,1,1,0,0,0.0,-0.015915932010512043
627,frozen,47,6,5,1,1,1.0,1.0,0,nan,nan,nan,0.0,-0.015915932010512043
628,frozen,47,2,6,1,0,-1.0,-1.0,1,1,0,0,0.0,-0.015915932010512043
629,frozen,47,6,5,1,1,1.0,1.0,0,nan,nan,nan,0.0,-0.015915932010512043
630,frozen,47,8,4,0,0,-1.0,-1.0,1,1,0,0,0.0,-0.015915932010512043
631,frozen,47,7,5,1,0,-1.0,-1.0,1,0,1,0,0.0,-0.015915932010512043
632,frozen,47,3,3,0,1,1.0,1.0,0,nan,nan,nan,0.0,-0.015915932010512043
633,frozen,47,1,2,0,1,1.0,1.0,0,nan,nan,nan,0.0,-0.015915932010512043
634,frozen,47,8,1,0,0,-1.0,-1.0,1,2,0,0,0.0,-0.015915932010512043
635,frozen,47,0,3,0,0,-1.0,-1.0,1,0,1,0,0.0,-0.015915932010512043
636,frozen,47,7,3,0,0,-1.0,-1.0,1,0,1,0,0.0,-0.015915932010512043
637,frozen,47,7,3,0,0,-1.0,-1.0,1,0,1,0,0.0,-0.015915932010512043
638,frozen,47,4,5,1,1,1.0,1.0,0,nan,nan,nan,0.0,-0.015915932010512043
639,frozen,47,3,4,0,1,1.0,1.0,0,nan,nan,nan,0.0,-0.015915932010512043
640,frozen,47,7,3,0,0,-1.0,-1.0,1,2,0,0,0.0,-0.015915932010512043
641,frozen,47,0,5,1,0,-1.0,-1.0,1,0,1,0,0.0,-0.015915932010512043
642,frozen,47,6,5,1,1,1.0,1.0,0,nan,nan,nan,0.0,-0.015915932010512043
643,frozen,47,3,4,0,1,1.0,1.0,0,nan,nan,nan,0.0,-0.015915932010512043
644,frozen,47,5,3,0,0,-1.0,-1.0,1,2,0,0,0.0,-0.015915932010512043
645,frozen,47,7,5,1,0,-1.0,-1.0,1,0,1,0,0.0,-0.015915932010512043
646,frozen,47,3,3,0,1,1.0,1.0,0,nan,nan,nan,0.0,-0.015915932010512043
647,frozen,47,8,4,1,0,-1.0,-1.0,1,1,0,0,0.0,-0.015915932010512043
648,frozen,47,8,5,1,0,-1.0,-1.0,1,0,1,0,0.0,-0.015915932010512043
649,frozen,47,2,3,0,1,1.0,1.0,0,nan,nan,nan,0.0,-0.015915932010512043
650,frozen,47,8,4,1,0,-1.0,-1.0,1,1,0,0,0.0,-0.015915932010512043
651,frozen,47,2,3,0,1,1.0,1.0,0,nan,nan,nan,0.0,-0.015915932010512043
652,frozen,47,4,2,0,0,-1.0,-1.0,1,1,0,0,0.0,-0.015915932010512043
653,frozen,47,8,3,0,0,-1.0,-1.0,1,0,1,0,0.0,-0.015915932010512043
654,frozen,47,6,5,1,1,1.0,1.0,0,nan,nan,nan,0.0,-0.015915932010512043
655,frozen,47,3,4,0,1,1.0,1.0,0,nan,nan,nan,0.0,-0.015915932010512043
656,frozen,47,7,3,0,0,-1.0,-1.0,1,2,0,0,0.0,-0.015915932010512043
657,frozen,47,7,3,0,0,-1.0,-1.0,1,0,1,0,0.0,-0.015915932010512043
658,frozen,47,3,3,0,1,1.0,1.0,0,nan,nan,nan,0.0,-0.015915932010512043
659,frozen,47,2,2,0,1,1.0,1.0,0,nan,nan,nan,0.0,-0.015915932010512043
660,frozen,47,6,3,1,0,-1.0,-1.0,1,2,0,0,0.0,-0.015915932010512043
661,frozen,47,0,3,0,0,-1.0,-1.0,1,0,1,0,0.0,-0.015915932010512043
662,frozen,47,0,3,0,0,-1.0,-1.0,1,0,1,0,0.0,-0.015915932010512043
663,frozen,47,7,3,0,0,-1.0,-1.0,1,0,1,0,0.0,-0.015915932010512043
664,frozen,47,3,3,0,1,1.0,1.0,0,nan,nan,nan,0.0,-0.015915932010512043
665,frozen,47,6,4,1,0,-1.0,-1.0,1,1,0,0,0.0,-0.015915932010512043
666,frozen,47,0,3,0,0,-1.0,-1.0,1,0,1,0,0.0,-0.015915932010512043
667,frozen,47,1,3,0,0,-1.0,-1.0,1,0,1,0,0.0,-0.015915932010512043
668,frozen,47,0,3,0,0,-1.0,-1.0,1,0,1,0,0.0,-0.015915932010512043
669,frozen,47,7,3,0,0,-1.0,-1.0,1,0,1,0,0.0,-0.015915932010512043
670,frozen,47,8,5,1,0,-1.0,-1.0,1,0,1,0,0.0,-0.015915932010512043
671,frozen,47,4,5,1,1,1.0,1.0,0,nan,nan,nan,0.0,-0.015915932010512043
672,frozen,47,5,6,1,1,1.0,1.0,0,nan,nan,nan,0.0,-0.015915932010512043
673,frozen,47,4,5,0,1,1.0,1.0,0,nan,nan,nan,0.0,-0.015915932010512043
674,frozen,47,8,4,0,0,-1.0,-1.0,1,3,0,1,0.0,-0.015915932010512043
675,frozen,47,4,5,1,1,1.0,1.0,0,nan,nan,nan,0.0,-0.015915932010512043
676,frozen,47,8,4,0,0,-1.0,-1.0,1,1,0,0,0.0,-0.015915932010512043
677,frozen,47,6,5,1,1,1.0,1.0,0,nan,nan,nan,0.0,-0.015915932010512043
678,frozen,47,2,6,1,0,-1.0,-1.0,1,1,0,0,0.0,-0.015915932010512043
679,frozen,47,5,5,1,1,1.0,1.0,0,nan,nan,nan,0.0,-0.015915932010512043
680,frozen,47,6,4,0,0,-1.0,-1.0,1,1,0,0,0.0,-0.015915932010512043
681,frozen,47,4,5,1,1,1.0,1.0,0,nan,nan,nan,0.0,-0.015915932010512043
682,frozen,47,6,4,0,0,-1.0,-1.0,1,1,0,0,0.0,-0.015915932010512043
683,frozen,47,2,3,0,1,1.0,1.0,0,nan,nan,nan,0.0,-0.015915932010512043
684,frozen,47,6,4,1,0,-1.0,-1.0,1,1,0,0,0.0,-0.015915932010512043
685,frozen,47,7,5,1,0,-1.0,-1.0,1,0,1,0,0.0,-0.015915932010512043
686,frozen,47,2,3,0,1,1.0,1.0,0,nan,nan,nan,0.0,-0.015915932010512043
687,frozen,47,1,4,1,0,-1.0,-1.0,1,1,0,0,0.0,-0.015915932010512043
688,frozen,47,8,5,1,0,-1.0,-1.0,1,0,1,0,0.0,-0.015915932010512043
689,frozen,47,7,3,0,0,-1.0,-1.0,1,0,1,0,0.0,-0.015915932010512043
690,frozen,47,6,5,1,1,1.0,1.0,0,nan,nan,nan,0.0,-0.015915932010512043
691,frozen,47,1,6,1,0,-1.0,-1.0,1,1,0,0,0.0,-0.015915932010512043
692,frozen,47,3,3,0,1,1.0,1.0,0,nan,nan,nan,0.0,-0.015915932010512043
693,frozen,47,6,4,1,0,-1.0,-1.0,1,1,0,0,0.0,-0.015915932010512043
694,frozen,47,8,5,1,0,-1.0,-1.0,1,0,1,0,0.0,-0.015915932010512043
695,frozen,47,1,5,1,0,-1.0,-1.0,1,0,1,0,0.0,-0.015915932010512043
696,frozen,47,2,3,0,1,1.0,1.0,0,nan,nan,nan,0.0,-0.015915932010512043
697,frozen,47,3,4,1,1,1.0,1.0,0,nan,nan,nan,0.0,-0.015915932010512043
698,frozen,47,4,5,1,1,1.0,1.0,0,nan,nan,nan,0.0,-0.015915932010512043
699,frozen,47,3,4,0,1,1.0,1.0,0,nan,nan,nan,0.0,-0.015915932010512043
700,frozen,47,4,5,1,1,1.0,1.0,0,nan,nan,nan,0.0,-0.015915932010512043
701,frozen,47,7,6,1,1,1.0,1.0,0,nan,nan,nan,0.0,-0.015915932010512043
702,frozen,47,4,5,0,1,1.0,1.0,0,nan,nan,nan,0.0,-0.015915932010512043
703,frozen,47,3,4,0,1,1.0,1.0,0,nan,nan,nan,0.0,-0.015915932010512043
704,frozen,47,8,5,1,0,-1.0,-1.0,1,8,0,1,0.0,-0.015915932010512043
705,frozen,47,0,5,1,0,-1.0,-1.0,1,0,1,0,0.0,-0.015915932010512043
706,frozen,47,4,5,1,1,1.0,1.0,0,nan,nan,nan,0.0,-0.015915932010512043
707,frozen,47,4,4,0,1,1.0,1.0,0,nan,nan,nan,0.0,-0.015915932010512043
708,frozen,47,0,5,1,0,-1.0,-1.0,1,2,0,0,0.0,-0.015915932010512043
709,frozen,47,6,5,1,1,1.0,1.0,0,nan,nan,nan,0.0,-0.015915932010512043
710,frozen,47,3,4,0,1,1.0,1.0,0,nan,nan,nan,0.0,-0.015915932010512043
711,frozen,47,0,5,1,0,-1.0,-1.0,1,2,0,0,0.0,-0.015915932010512043
712,frozen,47,4,5,1,1,1.0,1.0,0,nan,nan,nan,0.0,-0.015915932010512043
713,frozen,47,3,4,0,1,1.0,1.0,0,nan,nan,nan,0.0,-0.015915932010512043
714,frozen,47,1,3,0,0,-1.0,-1.0,1,2,0,0,0.0,-0.015915932010512043
715,frozen,47,1,5,1,0,-1.0,-1.0,1,0,1,0,0.0,-0.015915932010512043
716,frozen,47,2,3,0,1,1.0,1.0,0,nan,nan,nan,0.0,-0.015915932010512043
717,frozen,47,2,2,0,1,1.0,1.0,0,nan,nan,nan,0.0,-0.015915932010512043
718,frozen,47,5,3,1,0,-1.0,-1.0,1,2,0,0,0.0,-0.015915932010512043
719,frozen,47,0,5,1,0,-1.0,-1.0,1,0,1,0,0.0,-0.015915932010512043
720,frozen,47,4,5,1,1,1.0,1.0,0,nan,nan,nan,0.0,-0.015915932010512043
721,frozen,47,5,6,1,1,1.0,1.0,0,nan,nan,nan,0.0,-0.015915932010512043
722,frozen,47,5,5,0,1,1.0,1.0,0,nan,nan,nan,0.0,-0.015915932010512043
723,frozen,47,2,6,1,0,-1.0,-1.0,1,3,0,1,0.0,-0.015915932010512043
724,frozen,47,6,5,1,1,1.0,1.0,0,nan,nan,nan,0.0,-0.015915932010512043
725,frozen,47,7,6,1,1,1.0,1.0,0,nan,nan,nan,0.0,-0.015915932010512043
726,frozen,47,4,5,0,1,1.0,1.0,0,nan,nan,nan,0.0,-0.015915932010512043
727,frozen,47,8,4,0,0,-1.0,-1.0,1,3,0,1,0.0,-0.015915932010512043
728,frozen,47,3,3,0,1,1.0,1.0,0,nan,nan,nan,0.0,-0.015915932010512043
729,frozen,47,4,2,0,0,-1.0,-1.0,1,1,0,0,0.0,-0.015915932010512043
730,frozen,47,3,3,0,1,1.0,1.0,0,nan,nan,nan,0.0,-0.015915932010512043
731,frozen,47,8,4,1,0,-1.0,-1.0,1,1,0,0,0.0,-0.015915932010512043
732,frozen,47,2,3,0,1,1.0,1.0,0,nan,nan,nan,0.0,-0.015915932010512043
733,frozen,47,0,4,1,0,-1.0,-1.0,1,1,0,0,0.0,-0.015915932010512043
734,frozen,47,2,3,0,1,1.0,1.0,0,nan,nan,nan,0.0,-0.015915932010512043
735,frozen,47,2,2,0,1,1.0,1.0,0,nan,nan,nan,0.0,-0.015915932010512043
736,frozen,47,2,3,1,1,1.0,1.0,0,nan,nan,nan,0.0,-0.015915932010512043
737,frozen,47,3,4,1,1,1.0,1.0,0,nan,nan,nan,0.0,-0.015915932010512043
738,frozen,47,3,3,0,1,1.0,1.0,0,nan,nan,nan,0.0,-0.015915932010512043
739,frozen,47,4,2,0,0,-1.0,-1.0,1,5,0,1,0.0,-0.015915932010512043
740,frozen,47,0,3,0,0,-1.0,-1.0,1,0,1,0,0.0,-0.015915932010512043
741,frozen,47,3,3,0,1,1.0,1.0,0,nan,nan,nan,0.0,-0.015915932010512043
742,frozen,47,5,4,1,1,1.0,1.0,0,nan,nan,nan,0.0,-0.015915932010512043
743,frozen,47,8,3,0,0,-1.0,-1.0,1,2,0,0,0.0,-0.015915932010512043
744,frozen,47,6,5,1,1,1.0,1.0,0,nan,nan,nan,0.0,-0.015915932010512043
745,frozen,47,8,4,0,0,-1.0,-1.0,1,1,0,0,0.0,-0.015915932010512043
746,frozen,47,4,5,1,1,1.0,1.0,0,nan,nan,nan,0.0,-0.015915932010512043
747,frozen,47,1,6,1,0,-1.0,-1.0,1,1,0,0,0.0,-0.015915932010512043
748,frozen,47,8,5,1,0,-1.0,-1.0,1,0,1,0,0.0,-0.015915932010512043
749,frozen,47,3,3,0,1,1.0,1.0,0,nan,nan,nan,0.0,-0.015915932010512043
750,frozen,47,0,4,1,0,-1.0,-1.0,1,1,0,0,0.0,-0.015915932010512043
751,frozen,47,3,3,0,1,1.0,1.0,0,nan,nan,nan,0.0,-0.015915932010512043
752,frozen,47,1,2,0,1,1.0,1.0,0,nan,nan,nan,0.0,-0.015915932010512043
753,frozen,47,1,1,0,1,1.0,1.0,0,nan,nan,nan,0.0,-0.015915932010512043
754,frozen,47,0,0,0,1,1.0,1.0,0,nan,nan,nan,0.0,-0.015915932010512043
755,frozen,47,4,0,0,0,-1.0,-1.0,1,4,0,1,0.0,-0.015915932010512043
756,frozen,47,6,5,1,1,1.0,1.0,0,nan,nan,nan,0.0,-0.015915932010512043
757,frozen,47,8,4,0,0,-1.0,-1.0,1,1,0,0,0.0,-0.015915932010512043
758,frozen,47,1,5,1,0,-1.0,-1.0,1,0,1,0,0.0,-0.015915932010512043
759,frozen,47,6,5,1,1,1.0,1.0,0,nan,nan,nan,0.0,-0.015915932010512043
760,frozen,47,1,4,0,0,-1.0,-1.0,1,1,0,0,0.0,-0.015915932010512043
761,frozen,47,6,5,1,1,1.0,1.0,0,nan,nan,nan,0.0,-0.015915932010512043
762,frozen,47,2,6,1,0,-1.0,-1.0,1,1,0,0,0.0,-0.015915932010512043
763,frozen,47,2,3,0,1,1.0,1.0,0,nan,nan,nan,0.0,-0.015915932010512043
764,frozen,47,3,4,1,1,1.0,1.0,0,nan,nan,nan,0.0,-0.015915932010512043
765,frozen,47,4,5,1,1,1.0,1.0,0,nan,nan,nan,0.0,-0.015915932010512043
766,frozen,47,0,6,1,0,-1.0,-1.0,1,3,0,1,0.0,-0.015915932010512043
767,frozen,47,5,3,0,0,-1.0,-1.0,1,0,1,0,0.0,-0.015915932010512043
768,frozen,47,5,3,0,0,-1.0,-1.0,1,0,1,0,0.0,-0.015915932010512043
769,frozen,47,5,3,0,0,-1.0,-1.0,1,0,1,0,0.0,-0.015915932010512043
770,frozen,47,7,5,1,0,-1.0,-1.0,1,0,1,0,0.0,-0.015915932010512043
771,frozen,47,3,3,0,1,1.0,1.0,0,nan,nan,nan,0.0,-0.015915932010512043
772,frozen,47,6,2,0,0,-1.0,-1.0,1,1,0,0,0.0,-0.015915932010512043
773,frozen,47,7,5,1,0,-1.0,-1.0,1,0,1,0,0.0,-0.015915932010512043
774,frozen,47,0,5,1,0,-1.0,-1.0,1,0,1,0,0.0,-0.015915932010512043
775,frozen,47,1,5,1,0,-1.0,-1.0,1,0,1,0,0.0,-0.015915932010512043
776,frozen,47,4,5,1,1,1.0,1.0,0,nan,nan,nan,0.0,-0.015915932010512043
777,frozen,47,4,4,0,1,1.0,1.0,0,nan,nan,nan,0.0,-0.015915932010512043
778,frozen,47,6,5,1,1,1.0,1.0,0,nan,nan,nan,0.0,-0.015915932010512043
779,frozen,47,3,4,0,1,1.0,1.0,0,nan,nan,nan,0.0,-0.015915932010512043
780,frozen,47,3,3,0,1,1.0,1.0,0,nan,nan,nan,0.0,-0.015915932010512043
781,frozen,47,6,2,0,0,-1.0,-1.0,1,5,0,1,0.0,-0.015915932010512043
782,frozen,47,3,3,0,1,1.0,1.0,0,nan,nan,nan,0.0,-0.015915932010512043
783,frozen,47,3,4,1,1,1.0,1.0,0,nan,nan,nan,0.0,-0.015915932010512043
784,frozen,47,4,5,1,1,1.0,1.0,0,nan,nan,nan,0.0,-0.015915932010512043
785,frozen,47,1,6,1,0,-1.0,-1.0,1,3,0,1,0.0,-0.015915932010512043
786,frozen,47,3,3,0,1,1.0,1.0,0,nan,nan,nan,0.0,-0.015915932010512043
787,frozen,47,2,2,0,1,1.0,1.0,0,nan,nan,nan,0.0,-0.015915932010512043
788,frozen,47,5,3,1,0,-1.0,-1.0,1,2,0,0,0.0,-0.015915932010512043
789,frozen,47,5,3,0,0,-1.0,-1.0,1,0,1,0,0.0,-0.015915932010512043
790,frozen,47,4,5,1,1,1.0,1.0,0,nan,nan,nan,0.0,-0.015915932010512043
791,frozen,47,4,4,0,1,1.0,1.0,0,nan,nan,nan,0.0,-0.015915932010512043
792,frozen,47,5,3,0,0,-1.0,-1.0,1,2,0,0,0.0,-0.015915932010512043
793,frozen,47,8,3,0,0,-1.0,-1.0,1,0,1,0,0.0,-0.015915932010512043
794,frozen,47,7,5,1,0,-1.0,-1.0,1,0,1,0,0.0,-0.015915932010512043
795,frozen,47,6,5,1,1,1.0,1.0,0,nan,nan,nan,0.0,-0.015915932010512043
796,frozen,47,7,6,1,1,1.0,1.0,0,nan,nan,nan,0.0,-0.015915932010512043
797,frozen,47,8,7,1,1,1.0,1.0,0,nan,nan,nan,0.0,-0.015915932010512043
798,frozen,47,3,6,0,0,-1.0,-1.0,1,3,0,1,0.0,-0.015915932010512043
799,frozen,47,8,5,1,0,-1.0,-1.0,1,0,1,0,0.0,-0.015915932010512043
800,frozen,47,7,3,0,0,-1.0,-1.0,1,0,1,0,0.0,-0.015915932010512043
801,frozen,47,5,3,0,0,-1.0,-1.0,1,0,1,0,0.0,-0.015915932010512043
802,frozen,47,3,3,0,1,1.0,1.0,0,nan,nan,nan,0.0,-0.015915932010512043
803,frozen,47,2,2,0,1,1.0,1.0,0,nan,nan,nan,0.0,-0.015915932010512043
804,frozen,47,8,1,0,0,-1.0,-1.0,1,2,0,0,0.0,-0.015915932010512043
805,frozen,47,1,5,1,0,-1.0,-1.0,1,0,1,0,0.0,-0.015915932010512043
806,frozen,47,2,3,0,1,1.0,1.0,0,nan,nan,nan,0.0,-0.015915932010512043
807,frozen,47,4,2,0,0,-1.0,-1.0,1,1,0,0,0.0,-0.015915932010512043
808,frozen,47,6,5,1,1,1.0,1.0,0,nan,nan,nan,0.0,-0.015915932010512043
809,frozen,47,5,6,1,1,1.0,1.0,0,nan,nan,nan,0.0,-0.015915932010512043
810,frozen,47,3,7,1,0,-1.0,-1.0,1,2,0,0,0.0,-0.015915932010512043
811,frozen,47,1,5,1,0,-1.0,-1.0,1,0,1,0,0.0,-0.015915932010512043
812,frozen,47,2,3,0,1,1.0,1.0,0,nan,nan,nan,0.0,-0.015915932010512043
813,frozen,47,5,4,1,1,1.0,1.0,0,nan,nan,nan,0.0,-0.015915932010512043
814,frozen,47,1,5,1,0,-1.0,-1.0,1,2,0,0,0.0,-0.015915932010512043
815,frozen,47,2,3,0,1,1.0,1.0,0,nan,nan,nan,0.0,-0.015915932010512043
816,frozen,47,4,2,0,0,-1.0,-1.0,1,1,0,0,0.0,-0.015915932010512043
817,frozen,47,2,3,0,1,1.0,1.0,0,nan,nan,nan,0.0,-0.015915932010512043
818,frozen,47,6,2,0,0,-1.0,-1.0,1,1,0,0,0.0,-0.015915932010512043
819,frozen,47,0,5,1,0,-1.0,-1.0,1,0,1,0,0.0,-0.015915932010512043
820,frozen,47,2,3,0,1,1.0,1.0,0,nan,nan,nan,0.0,-0.015915932010512043
821,frozen,47,7,4,1,0,-1.0,-1.0,1,1,0,0,0.0,-0.015915932010512043
822,frozen,47,4,5,1,1,1.0,1.0,0,nan,nan,nan,0.0,-0.015915932010512043
823,frozen,47,4,4,0,1,1.0,1.0,0,nan,nan,nan,0.0,-0.015915932010512043
824,frozen,47,0,5,1,0,-1.0,-1.0,1,2,0,0,0.0,-0.015915932010512043
825,frozen,47,4,5,1,1,1.0,1.0,0,nan,nan,nan,0.0,-0.015915932010512043
826,frozen,47,2,6,1,0,-1.0,-1.0,1,1,0,0,0.0,-0.015915932010512043
827,frozen,47,6,5,1,1,1.0,1.0,0,nan,nan,nan,0.0,-0.015915932010512043
828,frozen,47,6,4,0,0,-1.0,-1.0,1,1,0,0,0.0,-0.015915932010512043
829,frozen,47,5,3,0,0,-1.0,-1.0,1,0,1,0,0.0,-0.015915932010512043
830,frozen,47,7,5,1,0,-1.0,-1.0,1,0,1,0,0.0,-0.015915932010512043
831,frozen,47,2,3,0,1,1.0,1.0,0,nan,nan,nan,0.0,-0.015915932010512043
832,frozen,47,1,2,0,1,1.0,1.0,0,nan,nan,nan,0.0,-0.015915932010512043
833,frozen,47,1,1,0,1,1.0,1.0,0,nan,nan,nan,0.0,-0.015915932010512043
834,frozen,47,1,2,1,1,1.0,1.0,0,nan,nan,nan,0.0,-0.015915932010512043
835,frozen,47,1,1,0,1,1.0,1.0,0,nan,nan,nan,0.0,-0.015915932010512043
836,frozen,47,5,0,0,0,-1.0,-1.0,1,5,0,1,0.0,-0.015915932010512043
837,frozen,47,7,3,0,0,-1.0,-1.0,1,0,1,0,0.0,-0.015915932010512043
838,frozen,47,1,5,1,0,-1.0,-1.0,1,0,1,0,0.0,-0.015915932010512043
839,frozen,47,0,5,1,0,-1.0,-1.0,1,0,1,0,0.0,-0.015915932010512043
840,frozen,47,4,5,1,1,1.0,1.0,0,nan,nan,nan,0.0,-0.015915932010512043
841,frozen,47,2,6,1,0,-1.0,-1.0,1,1,0,0,0.0,-0.015915932010512043
842,frozen,47,8,3,0,0,-1.0,-1.0,1,0,1,0,0.0,-0.015915932010512043
843,frozen,47,1,5,1,0,-1.0,-1.0,1,0,1,0,0.0,-0.015915932010512043
844,frozen,47,0,3,0,0,-1.0,-1.0,1,0,1,0,0.0,-0.015915932010512043
845,frozen,47,1,5,1,0,-1.0,-1.0,1,0,1,0,0.0,-0.015915932010512043
846,frozen,47,5,3,0,0,-1.0,-1.0,1,0,1,0,0.0,-0.015915932010512043
847,frozen,47,5,3,0,0,-1.0,-1.0,1,0,1,0,0.0,-0.015915932010512043
848,frozen,47,8,3,0,0,-1.0,-1.0,1,0,1,0,0.0,-0.015915932010512043
849,frozen,47,3,3,0,1,1.0,1.0,0,nan,nan,nan,0.0,-0.015915932010512043
850,frozen,47,1,2,0,1,1.0,1.0,0,nan,nan,nan,0.0,-0.015915932010512043
851,frozen,47,6,3,1,0,-1.0,-1.0,1,2,0,0,0.0,-0.015915932010512043
852,frozen,47,8,5,1,0,-1.0,-1.0,1,0,1,0,0.0,-0.015915932010512043
853,frozen,47,0,3,0,0,-1.0,-1.0,1,0,1,0,0.0,-0.015915932010512043
854,frozen,47,3,3,0,1,1.0,1.0,0,nan,nan,nan,0.0,-0.015915932010512043
855,frozen,47,3,4,1,1,1.0,1.0,0,nan,nan,nan,0.0,-0.015915932010512043
856,frozen,47,2,3,0,1,1.0,1.0,0,nan,nan,nan,0.0,-0.015915932010512043
857,frozen,47,3,4,1,1,1.0,1.0,0,nan,nan,nan,0.0,-0.015915932010512043
858,frozen,47,4,5,1,1,1.0,1.0,0,nan,nan,nan,0.0,-0.015915932010512043
859,frozen,47,0,4,0,0,-1.0,-1.0,1,5,0,1,0.0,-0.015915932010512043
860,frozen,47,4,5,1,1,1.0,1.0,0,nan,nan,nan,0.0,-0.015915932010512043
861,frozen,47,3,4,0,1,1.0,1.0,0,nan,nan,nan,0.0,-0.015915932010512043
862,frozen,47,4,5,1,1,1.0,1.0,0,nan,nan,nan,0.0,-0.015915932010512043
863,frozen,47,2,6,1,0,-1.0,-1.0,1,3,0,1,0.0,-0.015915932010512043
864,frozen,47,6,5,1,1,1.0,1.0,0,nan,nan,nan,0.0,-0.015915932010512043
865,frozen,47,3,4,0,1,1.0,1.0,0,nan,nan,nan,0.0,-0.015915932010512043
866,frozen,47,3,3,0,1,1.0,1.0,0,nan,nan,nan,0.0,-0.015915932010512043
867,frozen,47,2,2,0,1,1.0,1.0,0,nan,nan,nan,0.0,-0.015915932010512043
868,frozen,47,1,1,0,1,1.0,1.0,0,nan,nan,nan,0.0,-0.015915932010512043
869,frozen,47,2,0,0,0,-1.0,-1.0,1,5,0,1,0.0,-0.015915932010512043
870,frozen,47,0,3,0,0,-1.0,-1.0,1,0,1,0,0.0,-0.015915932010512043
871,frozen,47,4,5,1,1,1.0,1.0,0,nan,nan,nan,0.0,-0.015915932010512043
872,frozen,47,2,4,0,0,-1.0,-1.0,1,1,0,0,0.0,-0.015915932010512043
873,frozen,47,5,3,0,0,-1.0,-1.0,1,0,1,0,0.0,-0.015915932010512043
874,frozen,47,7,5,1,0,-1.0,-1.0,1,0,1,0,0.0,-0.015915932010512043
875,frozen,47,1,5,1,0,-1.0,-1.0,1,0,1,0,0.0,-0.015915932010512043
876,frozen,47,8,5,1,0,-1.0,-1.0,1,0,1,0,0.0,-0.015915932010512043
877,frozen,47,4,5,1,1,1.0,1.0,0,nan,nan,nan,0.0,-0.015915932010512043
878,frozen,47,0,6,1,0,-1.0,-1.0,1,1,0,0,0.0,-0.015915932010512043
879,frozen,47,5,3,0,0,-1.0,-1.0,1,0,1,0,0.0,-0.015915932010512043
880,frozen,47,5,3,0,0,-1.0,-1.0,1,0,1,0,0.0,-0.015915932010512043
881,frozen,47,5,3,0,0,-1.0,-1.0,1,0,1,0,0.0,-0.015915932010512043
882,frozen,47,7,5,1,0,-1.0,-1.0,1,0,1,0,0.0,-0.015915932010512043
883,frozen,47,4,5,1,1,1.0,1.0,0,nan,nan,nan,0.0,-0.015915932010512043
884,frozen,47,6,4,0,0,-1.0,-1.0,1,1,0,0,0.0,-0.015915932010512043
885,frozen,47,0,3,0,0,-1.0,-1.0,1,0,1,0,0.0,-0.015915932010512043
886,frozen,47,5,3,0,0,-1.0,-1.0,1,0,1,0,0.0,-0.015915932010512043
887,frozen,47,1,5,1,0,-1.0,-1.0,1,0,1,0,0.0,-0.015915932010512043
888,frozen,47,3,3,0,1,1.0,1.0,0,nan,nan,nan,0.0,-0.015915932010512043
889,frozen,47,0,4,1,0,-1.0,-1.0,1,1,0,0,0.0,-0.015915932010512043
890,frozen,47,6,5,1,1,1.0,1.0,0,nan,nan,nan,0.0,-0.015915932010512043
891,frozen,47,8,4,0,0,-1.0,-1.0,1,1,0,0,0.0,-0.015915932010512043
892,frozen,47,8,3,0,0,-1.0,-1.0,1,0,1,0,0.0,-0.015915932010512043
893,frozen,47,6,5,1,1,1.0,1.0,0,nan,nan,nan,0.0,-0.015915932010512043
894,frozen,47,2,4,0,0,-1.0,-1.0,1,1,0,0,0.0,-0.015915932010512043
895,frozen,47,1,5,1,0,-1.0,-1.0,1,0,1,0,0.0,-0.015915932010512043
896,frozen,47,3,3,0,1,1.0,1.0,0,nan,nan,nan,0.0,-0.015915932010512043
897,frozen,47,6,4,1,0,-1.0,-1.0,1,1,0,0,0.0,-0.015915932010512043
898,frozen,47,7,5,1,0,-1.0,-1.0,1,0,1,0,0.0,-0.015915932010512043
899,frozen,47,0,3,0,0,-1.0,-1.0,1,0,1,0,0.0,-0.015915932010512043
900,frozen,47,1,5,1,0,-1.0,-1.0,1,0,1,0,0.0,-0.015915932010512043
901,frozen,47,8,5,1,0,-1.0,-1.0,1,0,1,0,0.0,-0.015915932010512043
902,frozen,47,1,5,1,0,-1.0,-1.0,1,0,1,0,0.0,-0.015915932010512043
903,frozen,47,0,3,0,0,-1.0,-1.0,1,0,1,0,0.0,-0.015915932010512043
904,frozen,47,5,3,0,0,-1.0,-1.0,1,0,1,0,0.0,-0.015915932010512043
905,frozen,47,2,3,0,1,1.0,1.0,0,nan,nan,nan,0.0,-0.015915932010512043
906,frozen,47,4,2,0,0,-1.0,-1.0,1,1,0,0,0.0,-0.015915932010512043
907,frozen,47,3,3,0,1,1.0,1.0,0,nan,nan,nan,0.0,-0.015915932010512043
908,frozen,47,6,2,0,0,-1.0,-1.0,1,1,0,0,0.0,-0.015915932010512043
909,frozen,47,0,5,1,0,-1.0,-1.0,1,0,1,0,0.0,-0.015915932010512043
910,frozen,47,5,3,0,0,-1.0,-1.0,1,0,1,0,0.0,-0.015915932010512043
911,frozen,47,2,3,0,1,1.0,1.0,0,nan,nan,nan,0.0,-0.015915932010512043
912,frozen,47,2,2,0,1,1.0,1.0,0,nan,nan,nan,0.0,-0.015915932010512043
913,frozen,47,0,1,0,1,1.0,1.0,0,nan,nan,nan,0.0,-0.015915932010512043
914,frozen,47,5,0,0,0,-1.0,-1.0,1,3,0,1,0.0,-0.015915932010512043
915,frozen,47,0,3,0,0,-1.0,-1.0,1,0,1,0,0.0,-0.015915932010512043
916,frozen,47,3,3,0,1,1.0,1.0,0,nan,nan,nan,0.0,-0.015915932010512043
917,frozen,47,2,2,0,1,1.0,1.0,0,nan,nan,nan,0.0,-0.015915932010512043
918,frozen,47,1,1,0,1,1.0,1.0,0,nan,nan,nan,0.0,-0.015915932010512043
919,frozen,47,4,0,0,0,-1.0,-1.0,1,3,0,1,0.0,-0.015915932010512043
920,frozen,47,8,5,1,0,-1.0,-1.0,1,0,1,0,0.0,-0.015915932010512043
921,frozen,47,1,5,1,0,-1.0,-1.0,1,0,1,0,0.0,-0.015915932010512043
922,frozen,47,0,5,1,0,-1.0,-1.0,1,0,1,0,0.0,-0.015915932010512043
923,frozen,47,0,3,0,0,-1.0,-1.0,1,0,1,0,0.0,-0.015915932010512043
924,frozen,47,7,3,0,0,-1.0,-1.0,1,0,1,0,0.0,-0.015915932010512043
925,frozen,47,8,5,1,0,-1.0,-1.0,1,0,1,0,0.0,-0.015915932010512043
926,frozen,47,7,3,0,0,-1.0,-1.0,1,0,1,0,0.0,-0.015915932010512043
927,frozen,47,5,3,0,0,-1.0,-1.0,1,0,1,0,0.0,-0.015915932010512043
928,frozen,47,4,5,1,1,1.0,1.0,0,nan,nan,nan,0.0,-0.015915932010512043
929,frozen,47,2,6,1,0,-1.0,-1.0,1,1,0,0,0.0,-0.015915932010512043
930,frozen,47,2,3,0,1,1.0,1.0,0,nan,nan,nan,0.0,-0.015915932010512043
931,frozen,47,2,2,0,1,1.0,1.0,0,nan,nan,nan,0.0,-0.015915932010512043
932,frozen,47,7,3,1,0,-1.0,-1.0,1,2,0,0,0.0,-0.015915932010512043
933,frozen,47,2,3,0,1,1.0,1.0,0,nan,nan,nan,0.0,-0.015915932010512043
934,frozen,47,8,4,1,0,-1.0,-1.0,1,1,0,0,0.0,-0.015915932010512043
935,frozen,47,8,5,1,0,-1.0,-1.0,1,0,1,0,0.0,-0.015915932010512043
936,frozen,47,1,5,1,0,-1.0,-1.0,1,0,1,0,0.0,-0.015915932010512043
937,frozen,47,4,5,1,1,1.0,1.0,0,nan,nan,nan,0.0,-0.015915932010512043
938,frozen,47,2,6,1,0,-1.0,-1.0,1,1,0,0,0.0,-0.015915932010512043
939,frozen,47,8,3,0,0,-1.0,-1.0,1,0,1,0,0.0,-0.015915932010512043
940,frozen,47,1,5,1,0,-1.0,-1.0,1,0,1,0,0.0,-0.015915932010512043
941,frozen,47,7,5,1,0,-1.0,-1.0,1,0,1,0,0.0,-0.015915932010512043
942,frozen,47,8,3,0,0,-1.0,-1.0,1,0,1,0,0.0,-0.015915932010512043
943,frozen,47,3,3,0,1,1.0,1.0,0,nan,nan,nan,0.0,-0.015915932010512043
944,frozen,47,2,2,0,1,1.0,1.0,0,nan,nan,nan,0.0,-0.015915932010512043
945,frozen,47,8,1,0,0,-1.0,-1.0,1,2,0,0,0.0,-0.015915932010512043
946,frozen,47,5,3,0,0,-1.0,-1.0,1,0,1,0,0.0,-0.015915932010512043
947,frozen,47,1,5,1,0,-1.0,-1.0,1,0,1,0,0.0,-0.015915932010512043
948,frozen,47,2,3,0,1,1.0,1.0,0,nan,nan,nan,0.0,-0.015915932010512043
949,frozen,47,3,4,1,1,1.0,1.0,0,nan,nan,nan,0.0,-0.015915932010512043
950,frozen,47,8,3,0,0,-1.0,-1.0,1,2,0,0,0.0,-0.015915932010512043
951,frozen,47,4,5,1,1,1.0,1.0,0,nan,nan,nan,0.0,-0.015915932010512043
952,frozen,47,5,6,1,1,1.0,1.0,0,nan,nan,nan,0.0,-0.015915932010512043
953,frozen,47,8,7,1,1,1.0,1.0,0,nan,nan,nan,0.0,-0.015915932010512043
954,frozen,47,8,6,0,0,-1.0,-1.0,1,3,0,1,0.0,-0.015915932010512043
955,frozen,47,5,3,0,0,-1.0,-1.0,1,0,1,0,0.0,-0.015915932010512043
956,frozen,47,5,3,0,0,-1.0,-1.0,1,0,1,0,0.0,-0.015915932010512043
957,frozen,47,2,3,0,1,1.0,1.0,0,nan,nan,nan,0.0,-0.015915932010512043
958,frozen,47,7,2,0,0,-1.0,-1.0,1,1,0,0,0.0,-0.015915932010512043
959,frozen,47,8,3,0,0,-1.0,-1.0,1,0,1,0,0.0,-0.015915932010512043
960,frozen,47,7,5,1,0,-1.0,-1.0,1,0,1,0,0.0,-0.015915932010512043
961,frozen,47,7,3,0,0,-1.0,-1.0,1,0,1,0,0.0,-0.015915932010512043
962,frozen,47,6,5,1,1,1.0,1.0,0,nan,nan,nan,0.0,-0.015915932010512043
963,frozen,47,0,4,0,0,-1.0,-1.0,1,1,0,0,0.0,-0.015915932010512043
964,frozen,47,5,3,0,0,-1.0,-1.0,1,0,1,0,0.0,-0.015915932010512043
965,frozen,47,8,5,1,0,-1.0,-1.0,1,0,1,0,0.0,-0.015915932010512043
966,frozen,47,3,3,0,1,1.0,1.0,0,nan,nan,nan,0.0,-0.015915932010512043
967,frozen,47,0,4,1,0,-1.0,-1.0,1,1,0,0,0.0,-0.015915932010512043
968,frozen,47,6,5,1,1,1.0,1.0,0,nan,nan,nan,0.0,-0.015915932010512043
969,frozen,47,2,6,1,0,-1.0,-1.0,1,1,0,0,0.0,-0.015915932010512043
970,frozen,47,4,5,1,1,1.0,1.0,0,nan,nan,nan,0.0,-0.015915932010512043
971,frozen,47,4,4,0,1,1.0,1.0,0,nan,nan,nan,0.0,-0.015915932010512043
972,frozen,47,0,3,0,0,-1.0,-1.0,1,2,0,0,0.0,-0.015915932010512043
973,frozen,47,7,5,1,0,-1.0,-1.0,1,0,1,0,0.0,-0.015915932010512043
974,frozen,47,3,3,0,1,1.0,1.0,0,nan,nan,nan,0.0,-0.015915932010512043
975,frozen,47,1,2,0,1,1.0,1.0,0,nan,nan,nan,0.0,-0.015915932010512043
976,frozen,47,8,1,0,0,-1.0,-1.0,1,2,0,0,0.0,-0.015915932010512043
977,frozen,47,7,3,0,0,-1.0,-1.0,1,0,1,0,0.0,-0.015915932010512043
978,frozen,47,6,3,0,0,-1.0,-1.0,1,0,1,0,0.0,-0.015915932010512043
979,frozen,47,1,5,1,0,-1.0,-1.0,1,0,1,0,0.0,-0.015915932010512043
980,frozen,47,4,5,1,1,1.0,1.0,0,nan,nan,nan,0.0,-0.015915932010512043
981,frozen,47,0,4,0,0,-1.0,-1.0,1,1,0,0,0.0,-0.015915932010512043
982,frozen,47,3,3,0,1,1.0,1.0,0,nan,nan,nan,0.0,-0.015915932010512043
983,frozen,47,4,2,0,0,-1.0,-1.0,1,1,0,0,0.0,-0.015915932010512043
984,frozen,47,3,3,0,1,1.0,1.0,0,nan,nan,nan,0.0,-0.015915932010512043
985,frozen,47,3,4,1,1,1.0,1.0,0,nan,nan,nan,0.0,-0.015915932010512043
986,frozen,47,6,5,1,1,1.0,1.0,0,nan,nan,nan,0.0,-0.015915932010512043
987,frozen,47,7,6,1,1,1.0,1.0,0,nan,nan,nan,0.0,-0.015915932010512043
988,frozen,47,3,7,1,0,-1.0,-1.0,1,4,0,1,0.0,-0.015915932010512043
989,frozen,47,6,5,1,1,1.0,1.0,0,nan,nan,nan,0.0,-0.015915932010512043
990,frozen,47,6,4,0,0,-1.0,-1.0,1,1,0,0,0.0,-0.015915932010512043
991,frozen,47,4,5,1,1,1.0,1.0,0,nan,nan,nan,0.0,-0.015915932010512043
992,frozen,47,7,6,1,1,1.0,1.0,0,nan,nan,nan,0.0,-0.015915932010512043
993,frozen,47,0,7,1,0,-1.0,-1.0,1,2,0,0,0.0,-0.015915932010512043
994,frozen,47,4,5,1,1,1.0,1.0,0,nan,nan,nan,0.0,-0.015915932010512043
995,frozen,47,4,4,0,1,1.0,1.0,0,nan,nan,nan,0.0,-0.015915932010512043
996,frozen,47,7,5,1,0,-1.0,-1.0,1,2,0,0,0.0,-0.015915932010512043
997,frozen,47,8,5,1,0,-1.0,-1.0,1,0,1,0,0.0,-0.015915932010512043
998,frozen,47,4,5,1,1,1.0,1.0,0,nan,nan,nan,0.0,-0.015915932010512043
999,frozen,47,8,4,0,0,-1.0,-1.0,1,1,0,0,0.0,-0.015915932010512043
1000,frozen,47,6,5,1,1,1.0,1.0,0,nan,nan,nan,0.0,-0.015915932010512043
1001,frozen,47,1,6,1,0,-1.0,-1.0,1,1,0,0,0.0,-0.015915932010512043
1002,frozen,47,8,3,0,0,-1.0,-1.0,1,0,1,0,0.0,-0.015915932010512043
1003,frozen,47,0,3,0,0,-1.0,-1.0,1,0,1,0,0.0,-0.015915932010512043
1004,frozen,47,8,5,1,0,-1.0,-1.0,1,0,1,0,0.0,-0.015915932010512043
1005,frozen,47,8,5,1,0,-1.0,-1.0,1,0,1,0,0.0,-0.015915932010512043
1006,frozen,47,4,5,1,1,1.0,1.0,0,nan,nan,nan,0.0,-0.015915932010512043
1007,frozen,47,1,4,0,0,-1.0,-1.0,1,1,0,0,0.0,-0.015915932010512043
1008,frozen,47,4,5,1,1,1.0,1.0,0,nan,nan,nan,0.0,-0.015915932010512043
1009,frozen,47,1,4,0,0,-1.0,-1.0,1,1,0,0,0.0,-0.015915932010512043
1010,frozen,47,0,5,1,0,-1.0,-1.0,1,0,1,0,0.0,-0.015915932010512043
1011,frozen,47,0,3,0,0,-1.0,-1.0,1,0,1,0,0.0,-0.015915932010512043
1012,frozen,47,8,5,1,0,-1.0,-1.0,1,0,1,0,0.0,-0.015915932010512043
1013,frozen,47,0,3,0,0,-1.0,-1.0,1,0,1,0,0.0,-0.015915932010512043
1014,frozen,47,6,5,1,1,1.0,1.0,0,nan,nan,nan,0.0,-0.015915932010512043
1015,frozen,47,5,6,1,1,1.0,1.0,0,nan,nan,nan,0.0,-0.015915932010512043
1016,frozen,47,8,7,1,1,1.0,1.0,0,nan,nan,nan,0.0,-0.015915932010512043
1017,frozen,47,7,8,1,1,1.0,1.0,0,nan,nan,nan,0.0,-0.015915932010512043
1018,frozen,47,8,8,1,1,1.0,1.0,0,nan,nan,nan,0.0,-0.015915932010512043
1019,frozen,47,8,8,1,1,1.0,1.0,0,nan,nan,nan,0.0,-0.015915932010512043
1020,frozen,47,3,8,1,0,-1.0,-1.0,1,6,0,1,0.0,-0.015915932010512043
1021,frozen,47,6,5,1,1,1.0,1.0,0,nan,nan,nan,0.0,-0.015915932010512043
1022,frozen,47,7,6,1,1,1.0,1.0,0,nan,nan,nan,0.0,-0.015915932010512043
1023,frozen,47,3,7,1,0,-1.0,-1.0,1,2,0,0,0.0,-0.015915932010512043
1024,frozen,47,7,3,0,0,-1.0,-1.0,1,0,1,0,0.0,-0.015915932010512043
1025,frozen,47,2,3,0,1,1.0,1.0,0,nan,nan,nan,0.0,-0.015915932010512043
1026,frozen,47,6,2,0,0,-1.0,-1.0,1,1,0,0,0.0,-0.015915932010512043
1027,frozen,47,0,5,1,0,-1.0,-1.0,1,0,1,0,0.0,-0.015915932010512043
1028,frozen,47,7,5,1,0,-1.0,-1.0,1,0,1,0,0.0,-0.015915932010512043
1029,frozen,47,7,5,1,0,-1.0,-1.0,1,0,1,0,0.0,-0.015915932010512043
1030,frozen,47,2,3,0,1,1.0,1.0,0,nan,nan,nan,0.0,-0.015915932010512043
1031,frozen,47,2,2,0,1,1.0,1.0,0,nan,nan,nan,0.0,-0.015915932010512043
1032,frozen,47,4,3,1,1,1.0,1.0,0,nan,nan,nan,0.0,-0.015915932010512043
1033,frozen,47,8,4,1,0,-1.0,-1.0,1,3,0,1,0.0,-0.015915932010512043
1034,frozen,47,8,5,1,0,-1.0,-1.0,1,0,1,0,0.0,-0.015915932010512043
1035,frozen,47,6,5,1,1,1.0,1.0,0,nan,nan,nan,0.0,-0.015915932010512043
1036,frozen,47,4,6,1,0,-1.0,-1.0,1,1,0,0,0.0,-0.015915932010512043
1037,frozen,47,7,3,0,0,-1.0,-1.0,1,0,1,0,0.0,-0.015915932010512043
1038,frozen,47,6,5,1,1,1.0,1.0,0,nan,nan,nan,0.0,-0.015915932010512043
1039,frozen,47,7,6,1,1,1.0,1.0,0,nan,nan,nan,0.0,-0.015915932010512043
1040,frozen,47,2,7,1,0,-1.0,-1.0,1,2,0,0,0.0,-0.015915932010512043
1041,frozen,47,8,3,0,0,-1.0,-1.0,1,0,1,0,0.0,-0.015915932010512043
1042,frozen,47,1,5,1,0,-1.0,-1.0,1,0,1,0,0.0,-0.015915932010512043
1043,frozen,47,2,3,0,1,1.0,1.0,0,nan,nan,nan,0.0,-0.015915932010512043
1044,frozen,47,3,4,1,1,1.0,1.0,0,nan,nan,nan,0.0,-0.015915932010512043
1045,frozen,47,7,3,0,0,-1.0,-1.0,1,2,0,0,0.0,-0.015915932010512043
1046,frozen,47,1,5,1,0,-1.0,-1.0,1,0,1,0,0.0,-0.015915932010512043
1047,frozen,47,4,3,0,1,1.0,1.0,0,nan,nan,nan,0.0,-0.015915932010512043
1048,frozen,47,8,4,1,0,-1.0,-1.0,1,1,0,0,0.0,-0.015915932010512043
1049,frozen,47,0,5,1,0,-1.0,-1.0,1,0,1,0,0.0,-0.015915932010512043
1050,frozen,47,2,3,0,1,1.0,1.0,0,nan,nan,nan,0.0,-0.015915932010512043
1051,frozen,47,3,4,1,1,1.0,1.0,0,nan,nan,nan,0.0,-0.015915932010512043
1052,frozen,47,5,5,1,1,1.0,1.0,0,nan,nan,nan,0.0,-0.015915932010512043
1053,frozen,47,0,6,1,0,-1.0,-1.0,1,3,0,1,0.0,-0.015915932010512043
1054,frozen,47,4,5,1,1,1.0,1.0,0,nan,nan,nan,0.0,-0.015915932010512043
1055,frozen,47,4,4,0,1,1.0,1.0,0,nan,nan,nan,0.0,-0.015915932010512043
1056,frozen,47,7,5,1,0,-1.0,-1.0,1,2,0,0,0.0,-0.015915932010512043
1057,frozen,47,7,5,1,0,-1.0,-1.0,1,0,1,0,0.0,-0.015915932010512043
1058,frozen,47,0,3,0,0,-1.0,-1.0,1,0,1,0,0.0,-0.015915932010512043
1059,frozen,47,7,5,1,0,-1.0,-1.0,1,0,1,0,0.0,-0.015915932010512043
1060,frozen,47,0,5,1,0,-1.0,-1.0,1,0,1,0,0.0,-0.015915932010512043
1061,frozen,47,1,5,1,0,-1.0,-1.0,1,0,1,0,0.0,-0.015915932010512043
1062,frozen,47,4,5,1,1,1.0,1.0,0,nan,nan,nan,0.0,-0.015915932010512043
1063,frozen,47,1,6,1,0,-1.0,-1.0,1,1,0,0,0.0,-0.015915932010512043
1064,frozen,47,4,5,1,1,1.0,1.0,0,nan,nan,nan,0.0,-0.015915932010512043
1065,frozen,47,8,6,1,0,-1.0,-1.0,1,1,0,0,0.0,-0.015915932010512043
1066,frozen,47,7,5,1,0,-1.0,-1.0,1,0,1,0,0.0,-0.015915932010512043
1067,frozen,47,1,5,1,0,-1.0,-1.0,1,0,1,0,0.0,-0.015915932010512043
1068,frozen,47,5,3,0,0,-1.0,-1.0,1,0,1,0,0.0,-0.015915932010512043
1069,frozen,47,2,3,0,1,1.0,1.0,0,nan,nan,nan,0.0,-0.015915932010512043
1070,frozen,47,2,2,0,1,1.0,1.0,0,nan,nan,nan,0.0,-0.015915932010512043
1071,frozen,47,6,1,0,0,-1.0,-1.0,1,2,0,0,0.0,-0.015915932010512043
1072,frozen,47,0,5,1,0,-1.0,-1.0,1,0,1,0,0.0,-0.015915932010512043
1073,frozen,47,8,3,0,0,-1.0,-1.0,1,0,1,0,0.0,-0.015915932010512043
1074,frozen,47,2,3,0,1,1.0,1.0,0,nan,nan,nan,0.0,-0.015915932010512043
1075,frozen,47,1,4,1,0,-1.0,-1.0,1,1,0,0,0.0,-0.015915932010512043
1076,frozen,47,2,3,0,1,1.0,1.0,0,nan,nan,nan,0.0,-0.015915932010512043
1077,frozen,47,3,4,1,1,1.0,1.0,0,nan,nan,nan,0.0,-0.015915932010512043
1078,frozen,47,3,3,0,1,1.0,1.0,0,nan,nan,nan,0.0,-0.015915932010512043
1079,frozen,47,7,2,0,0,-1.0,-1.0,1,3,0,1,0.0,-0.015915932010512043
1080,frozen,47,8,5,1,0,-1.0,-1.0,1,0,1,0,0.0,-0.015915932010512043
1081,frozen,47,3,3,0,1,1.0,1.0,0,nan,nan,nan,0.0,-0.015915932010512043
1082,frozen,47,7,4,1,0,-1.0,-1.0,1,1,0,0,0.0,-0.015915932010512043
1083,frozen,47,1,5,1,0,-1.0,-1.0,1,0,1,0,0.0,-0.015915932010512043
1084,frozen,47,4,5,1,1,1.0,1.0,0,nan,nan,nan,0.0,-0.015915932010512043
1085,frozen,47,5,6,1,1,1.0,1.0,0,nan,nan,nan,0.0,-0.015915932010512043
1086,frozen,47,8,7,1,1,1.0,1.0,0,nan,nan,nan,0.0,-0.015915932010512043
1087,frozen,47,1,8,1,0,-1.0,-1.0,1,3,0,1,0.0,-0.015915932010512043
1088,frozen,47,0,5,1,0,-1.0,-1.0,1,0,1,0,0.0,-0.015915932010512043
1089,frozen,47,6,5,1,1,1.0,1.0,0,nan,nan,nan,0.0,-0.015915932010512043
1090,frozen,47,6,4,0,0,-1.0,-1.0,1,1,0,0,0.0,-0.015915932010512043
1091,frozen,47,8,5,1,0,-1.0,-1.0,1,0,1,0,0.0,-0.015915932010512043
1092,frozen,47,2,3,0,1,1.0,1.0,0,nan,nan,nan,0.0,-0.015915932010512043
1093,frozen,47,3,4,1,1,1.0,1.0,0,nan,nan,nan,0.0,-0.015915932010512043
1094,frozen,47,1,5,1,0,-1.0,-1.0,1,2,0,0,0.0,-0.015915932010512043
1095,frozen,47,4,5,1,1,1.0,1.0,0,nan,nan,nan,0.0,-0.015915932010512043
1096,frozen,47,4,4,0,1,1.0,1.0,0,nan,nan,nan,0.0,-0.015915932010512043
1097,frozen,47,5,3,0,0,-1.0,-1.0,1,2,0,0,0.0,-0.015915932010512043
1098,frozen,47,3,3,0,1,1.0,1.0,0,nan,nan,nan,0.0,-0.015915932010512043
1099,frozen,47,4,2,0,0,-1.0,-1.0,1,1,0,0,0.0,-0.015915932010512043
1100,frozen,47,0,3,0,0,-1.0,-1.0,1,0,1,0,0.0,-0.015915932010512043
1101,frozen,47,2,3,0,1,1.0,1.0,0,nan,nan,nan,0.0,-0.015915932010512043
1102,frozen,47,8,4,1,0,-1.0,-1.0,1,1,0,0,0.0,-0.015915932010512043
1103,frozen,47,8,5,1,0,-1.0,-1.0,1,0,1,0,0.0,-0.015915932010512043
1104,frozen,47,2,3,0,1,1.0,1.0,0,nan,nan,nan,0.0,-0.015915932010512043
1105,frozen,47,1,2,0,1,1.0,1.0,0,nan,nan,nan,0.0,-0.015915932010512043
1106,frozen,47,2,3,1,1,1.0,1.0,0,nan,nan,nan,0.0,-0.015915932010512043
1107,frozen,47,8,4,1,0,-1.0,-1.0,1,3,0,1,0.0,-0.015915932010512043
1108,frozen,47,0,5,1,0,-1.0,-1.0,1,0,1,0,0.0,-0.015915932010512043
1109,frozen,47,3,3,0,1,1.0,1.0,0,nan,nan,nan,0.0,-0.015915932010512043
1110,frozen,47,0,4,1,0,-1.0,-1.0,1,1,0,0,0.0,-0.015915932010512043
1111,frozen,47,8,5,1,0,-1.0,-1.0,1,0,1,0,0.0,-0.015915932010512043
1112,frozen,47,4,5,1,1,1.0,1.0,0,nan,nan,nan,0.0,-0.015915932010512043
1113,frozen,47,6,4,0,0,-1.0,-1.0,1,1,0,0,0.0,-0.015915932010512043
1114,frozen,47,1,5,1,0,-1.0,-1.0,1,0,1,0,0.0,-0.015915932010512043
1115,frozen,47,8,5,1,0,-1.0,-1.0,1,0,1,0,0.0,-0.015915932010512043
1116,frozen,47,6,5,1,1,1.0,1.0,0,nan,nan,nan,0.0,-0.015915932010512043
1117,frozen,47,4,4,0,1,1.0,1.0,0,nan,nan,nan,0.0,-0.015915932010512043
1118,frozen,47,7,3,0,0,-1.0,-1.0,1,2,0,0,0.0,-0.015915932010512043
1119,frozen,47,6,5,1,1,1.0,1.0,0,nan,nan,nan,0.0,-0.015915932010512043
1120,frozen,47,4,4,0,1,1.0,1.0,0,nan,nan,nan,0.0,-0.015915932010512043
1121,frozen,47,6,5,1,1,1.0,1.0,0,nan,nan,nan,0.0,-0.015915932010512043
1122,frozen,47,3,4,0,1,1.0,1.0,0,nan,nan,nan,0.0,-0.015915932010512043
1123,frozen,47,8,3,0,0,-1.0,-1.0,1,4,0,1,0.0,-0.015915932010512043
1124,frozen,47,2,3,0,1,1.0,1.0,0,nan,nan,nan,0.0,-0.015915932010512043
1125,frozen,47,5,4,1,1,1.0,1.0,0,nan,nan,nan,0.0,-0.015915932010512043
1126,frozen,47,7,3,0,0,-1.0,-1.0,1,2,0,0,0.0,-0.015915932010512043
1127,frozen,47,0,5,1,0,-1.0,-1.0,1,0,1,0,0.0,-0.015915932010512043
1128,frozen,47,7,3,0,0,-1.0,-1.0,1,0,1,0,0.0,-0.015915932010512043
1129,frozen,47,5,3,0,0,-1.0,-1.0,1,0,1,0,0.0,-0.015915932010512043
1130,frozen,47,0,5,1,0,-1.0,-1.0,1,0,1,0,0.0,-0.015915932010512043
1131,frozen,47,7,3,0,0,-1.0,-1.0,1,0,1,0,0.0,-0.015915932010512043
1132,frozen,47,2,3,0,1,1.0,1.0,0,nan,nan,nan,0.0,-0.015915932010512043
1133,frozen,47,5,4,1,1,1.0,1.0,0,nan,nan,nan,0.0,-0.015915932010512043
1134,frozen,47,4,5,1,1,1.0,1.0,0,nan,nan,nan,0.0,-0.015915932010512043
1135,frozen,47,8,6,1,0,-1.0,-1.0,1,3,0,1,0.0,-0.015915932010512043
1136,frozen,47,7,3,0,0,-1.0,-1.0,1,0,1,0,0.0,-0.015915932010512043
1137,frozen,47,7,3,0,0,-1.0,-1.0,1,0,1,0,0.0,-0.015915932010512043
1138,frozen,47,6,5,1,1,1.0,1.0,0,nan,nan,nan,0.0,-0.015915932010512043
1139,frozen,47,5,6,1,1,1.0,1.0,0,nan,nan,nan,0.0,-0.015915932010512043
1140,frozen,47,0,7,1,0,-1.0,-1.0,1,2,0,0,0.0,-0.015915932010512043
1141,frozen,47,7,3,0,0,-1.0,-1.0,1,0,1,0,0.0,-0.015915932010512043
1142,frozen,47,5,3,0,0,-1.0,-1.0,1,0,1,0,0.0,-0.015915932010512043
1143,frozen,47,7,3,0,0,-1.0,-1.0,1,0,1,0,0.0,-0.015915932010512043
1144,frozen,47,0,3,0,0,-1.0,-1.0,1,0,1,0,0.0,-0.015915932010512043
1145,frozen,47,6,5,1,1,1.0,1.0,0,nan,nan,nan,0.0,-0.015915932010512043
1146,frozen,47,4,4,0,1,1.0,1.0,0,nan,nan,nan,0.0,-0.015915932010512043
1147,frozen,47,3,3,0,1,1.0,1.0,0,nan,nan,nan,0.0,-0.015915932010512043
1148,frozen,47,6,2,0,0,-1.0,-1.0,1,3,0,1,0.0,-0.015915932010512043
1149,frozen,47,7,5,1,0,-1.0,-1.0,1,0,1,0,0.0,-0.015915932010512043
1150,frozen,47,5,5,1,1,1.0,1.0,0,nan,nan,nan,0.0,-0.015915932010512043
1151,frozen,47,8,4,0,0,-1.0,-1.0,1,1,0,0,0.0,-0.015915932010512043
1152,frozen,47,8,5,1,0,-1.0,-1.0,1,0,1,0,0.0,-0.015915932010512043
1153,frozen,47,2,3,0,1,1.0,1.0,0,nan,nan,nan,0.0,-0.015915932010512043
1154,frozen,47,1,2,0,1,1.0,1.0,0,nan,nan,nan,0.0,-0.015915932010512043
1155,frozen,47,4,3,1,1,1.0,1.0,0,nan,nan,nan,0.0,-0.015915932010512043
1156,frozen,47,6,4,1,0,-1.0,-1.0,1,3,0,1,0.0,-0.015915932010512043
1157,frozen,47,1,5,1,0,-1.0,-1.0,1,0,1,0,0.0,-0.015915932010512043
1158,frozen,47,0,5,1,0,-1.0,-1.0,1,0,1,0,0.0,-0.015915932010512043
1159,frozen,47,2,3,0,1,1.0,1.0,0,nan,nan,nan,0.0,-0.015915932010512043
1160,frozen,47,5,4,1,1,1.0,1.0,0,nan,nan,nan,0.0,-0.015915932010512043
1161,frozen,47,1,5,1,0,-1.0,-1.0,1,2,0,0,0.0,-0.015915932010512043
1162,frozen,47,3,3,0,1,1.0,1.0,0,nan,nan,nan,0.0,-0.015915932010512043
1163,frozen,47,0,4,1,0,-1.0,-1.0,1,1,0,0,0.0,-0.015915932010512043
1164,frozen,47,7,3,0,0,-1.0,-1.0,1,0,1,0,0.0,-0.015915932010512043
1165,frozen,47,7,5,1,0,-1.0,-1.0,1,0,1,0,0.0,-0.015915932010512043
1166,frozen,47,0,3,0,0,-1.0,-1.0,1,0,1,0,0.0,-0.015915932010512043
1167,frozen,47,4,5,1,1,1.0,1.0,0,nan,nan,nan,0.0,-0.015915932010512043
1168,frozen,47,6,4,0,0,-1.0,-1.0,1,1,0,0,0.0,-0.015915932010512043
1169,frozen,47,7,5,1,0,-1.0,-1.0,1,0,1,0,0.0,-0.015915932010512043
1170,frozen,47,3,3,0,1,1.0,1.0,0,nan,nan,nan,0.0,-0.015915932010512043
1171,frozen,47,5,4,1,1,1.0,1.0,0,nan,nan,nan,0.0,-0.015915932010512043
1172,frozen,47,2,3,0,1,1.0,1.0,0,nan,nan,nan,0.0,-0.015915932010512043
1173,frozen,47,5,4,1,1,1.0,1.0,0,nan,nan,nan,0.0,-0.015915932010512043
1174,frozen,47,6,5,1,1,1.0,1.0,0,nan,nan,nan,0.0,-0.015915932010512043
1175,frozen,47,7,6,1,1,1.0,1.0,0,nan,nan,nan,0.0,-0.015915932010512043
1176,frozen,47,6,7,1,1,1.0,1.0,0,nan,nan,nan,0.0,-0.015915932010512043
1177,frozen,47,1,8,1,0,-1.0,-1.0,1,7,0,1,0.0,-0.015915932010512043
1178,frozen,47,7,5,1,0,-1.0,-1.0,1,0,1,0,0.0,-0.015915932010512043
1179,frozen,47,1,5,1,0,-1.0,-1.0,1,0,1,0,0.0,-0.015915932010512043
1180,frozen,47,5,3,0,0,-1.0,-1.0,1,0,1,0,0.0,-0.015915932010512043
1181,frozen,47,3,3,0,1,1.0,1.0,0,nan,nan,nan,0.0,-0.015915932010512043
1182,frozen,47,5,4,1,1,1.0,1.0,0,nan,nan,nan,0.0,-0.015915932010512043
1183,frozen,47,3,3,0,1,1.0,1.0,0,nan,nan,nan,0.0,-0.015915932010512043
1184,frozen,47,1,2,0,1,1.0,1.0,0,nan,nan,nan,0.0,-0.015915932010512043
1185,frozen,47,1,1,0,1,1.0,1.0,0,nan,nan,nan,0.0,-0.015915932010512043
1186,frozen,47,5,0,0,0,-1.0,-1.0,1,5,0,1,0.0,-0.015915932010512043
1187,frozen,47,3,3,0,1,1.0,1.0,0,nan,nan,nan,0.0,-0.015915932010512043
1188,frozen,47,1,2,0,1,1.0,1.0,0,nan,nan,nan,0.0,-0.015915932010512043
1189,frozen,47,3,1,0,0,-1.0,-1.0,1,2,0,0,0.0,-0.015915932010512043
1190,frozen,47,4,5,1,1,1.0,1.0,0,nan,nan,nan,0.0,-0.015915932010512043
1191,frozen,47,3,4,0,1,1.0,1.0,0,nan,nan,nan,0.0,-0.015915932010512043
1192,frozen,47,0,3,0,0,-1.0,-1.0,1,2,0,0,0.0,-0.015915932010512043
1193,frozen,47,2,3,0,1,1.0,1.0,0,nan,nan,nan,0.0,-0.015915932010512043
1194,frozen,47,8,4,1,0,-1.0,-1.0,1,1,0,0,0.0,-0.015915932010512043
1195,frozen,47,5,3,0,0,-1.0,-1.0,1,0,1,0,0.0,-0.015915932010512043
1196,frozen,47,3,3,0,1,1.0,1.0,0,nan,nan,nan,0.0,-0.015915932010512043
1197,frozen,47,2,2,0,1,1.0,1.0,0,nan,nan,nan,0.0,-0.015915932010512043
1198,frozen,47,8,1,0,0,-1.0,-1.0,1,2,0,0,0.0,-0.015915932010512043
1199,frozen,47,3,3,0,1,1.0,1.0,0,nan,nan,nan,0.0,-0.015915932010512043
1200,frozen,47,0,2,0,0,-1.0,-1.0,1,1,0,0,0.0,-0.015915932010512043
1201,frozen,47,4,5,1,1,1.0,1.0,0,nan,nan,nan,0.0,-0.015915932010512043
1202,frozen,47,5,4,0,1,1.0,1.0,0,nan,nan,nan,0.0,-0.015915932010512043
1203,frozen,47,1,5,1,0,-1.0,-1.0,1,2,0,0,0.0,-0.015915932010512043
1204,frozen,47,4,5,1,1,1.0,1.0,0,nan,nan,nan,0.0,-0.015915932010512043
1205,frozen,47,3,4,0,1,1.0,1.0,0,nan,nan,nan,0.0,-0.015915932010512043
1206,frozen,47,4,5,1,1,1.0,1.0,0,nan,nan,nan,0.0,-0.015915932010512043
1207,frozen,47,5,6,1,1,1.0,1.0,0,nan,nan,nan,0.0,-0.015915932010512043
1208,frozen,47,2,5,0,0,-1.0,-1.0,1,4,0,1,0.0,-0.015915932010512043
1209,frozen,47,6,5,1,1,1.0,1.0,0,nan,nan,nan,0.0,-0.015915932010512043
1210,frozen,47,3,4,0,1,1.0,1.0,0,nan,nan,nan,0.0,-0.015915932010512043
1211,frozen,47,2,3,0,1,1.0,1.0,0,nan,nan,nan,0.0,-0.015915932010512043
1212,frozen,47,8,4,1,0,-1.0,-1.0,1,3,0,1,0.0,-0.015915932010512043
1213,frozen,47,2,3,0,1,1.0,1.0,0,nan,nan,nan,0.0,-0.015915932010512043
1214,frozen,47,2,2,0,1,1.0,1.0,0,nan,nan,nan,0.0,-0.015915932010512043
1215,frozen,47,2,3,1,1,1.0,1.0,0,nan,nan,nan,0.0,-0.015915932010512043
1216,frozen,47,8,4,1,0,-1.0,-1.0,1,3,0,1,0.0,-0.015915932010512043
1217,frozen,47,2,3,0,1,1.0,1.0,0,nan,nan,nan,0.0,-0.015915932010512043
1218,frozen,47,7,4,1,0,-1.0,-1.0,1,1,0,0,0.0,-0.015915932010512043
1219,frozen,47,8,5,1,0,-1.0,-1.0,1,0,1,0,0.0,-0.015915932010512043
1220,frozen,47,2,3,0,1,1.0,1.0,0,nan,nan,nan,0.0,-0.015915932010512043
1221,frozen,47,3,4,1,1,1.0,1.0,0,nan,nan,nan,0.0,-0.015915932010512043
1222,frozen,47,2,3,0,1,1.0,1.0,0,nan,nan,nan,0.0,-0.015915932010512043
1223,frozen,47,2,2,0,1,1.0,1.0,0,nan,nan,nan,0.0,-0.015915932010512043
1224,frozen,47,7,3,1,0,-1.0,-1.0,1,4,0,1,0.0,-0.015915932010512043
1225,frozen,47,8,5,1,0,-1.0,-1.0,1,0,1,0,0.0,-0.015915932010512043
1226,frozen,47,3,3,0,1,1.0,1.0,0,nan,nan,nan,0.0,-0.015915932010512043
1227,frozen,47,4,2,0,0,-1.0,-1.0,1,1,0,0,0.0,-0.015915932010512043
1228,frozen,47,5,3,0,0,-1.0,-1.0,1,0,1,0,0.0,-0.015915932010512043
1229,frozen,47,5,3,0,0,-1.0,-1.0,1,0,1,0,0.0,-0.015915932010512043
1230,frozen,47,1,5,1,0,-1.0,-1.0,1,0,1,0,0.0,-0.015915932010512043
1231,frozen,47,0,3,0,0,-1.0,-1.0,1,0,1,0,0.0,-0.015915932010512043
1232,frozen,47,1,3,0,0,-1.0,-1.0,1,0,1,0,0.0,-0.015915932010512043
1233,frozen,47,5,3,0,0,-1.0,-1.0,1,0,1,0,0.0,-0.015915932010512043
1234,frozen,47,3,3,0,1,1.0,1.0,0,nan,nan,nan,0.0,-0.015915932010512043
1235,frozen,47,8,2,0,0,-1.0,-1.0,1,1,0,0,0.0,-0.015915932010512043
1236,frozen,47,1,5,1,0,-1.0,-1.0,1,0,1,0,0.0,-0.015915932010512043
1237,frozen,47,8,3,0,0,-1.0,-1.0,1,0,1,0,0.0,-0.015915932010512043
1238,frozen,47,3,3,0,1,1.0,1.0,0,nan,nan,nan,0.0,-0.015915932010512043
1239,frozen,47,4,2,0,0,-1.0,-1.0,1,1,0,0,0.0,-0.015915932010512043
1240,frozen,47,2,3,0,1,1.0,1.0,0,nan,nan,nan,0.0,-0.015915932010512043
1241,frozen,47,1,2,0,1,1.0,1.0,0,nan,nan,nan,0.0,-0.015915932010512043
1242,frozen,47,2,3,1,1,1.0,1.0,0,nan,nan,nan,0.0,-0.015915932010512043
1243,frozen,47,3,4,1,1,1.0,1.0,0,nan,nan,nan,0.0,-0.015915932010512043
1244,frozen,47,7,3,0,0,-1.0,-1.0,1,4,0,1,0.0,-0.015915932010512043
1245,frozen,47,1,5,1,0,-1.0,-1.0,1,0,1,0,0.0,-0.015915932010512043
1246,frozen,47,0,5,1,0,-1.0,-1.0,1,0,1,0,0.0,-0.015915932010512043
1247,frozen,47,2,3,0,1,1.0,1.0,0,nan,nan,nan,0.0,-0.015915932010512043
1248,frozen,47,6,4,1,0,-1.0,-1.0,1,1,0,0,0.0,-0.015915932010512043
1249,frozen,47,3,5,1,0,-1.0,-1.0,1,0,1,0,0.0,-0.015915932010512043
1250,frozen,47,8,5,1,0,-1.0,-1.0,1,0,1,0,0.0,-0.015915932010512043
1251,frozen,47,4,5,1,1,1.0,1.0,0,nan,nan,nan,0.0,-0.015915932010512043
1252,frozen,47,3,4,0,1,1.0,1.0,0,nan,nan,nan,0.0,-0.015915932010512043
1253,frozen,47,7,5,1,0,-1.0,-1.0,1,2,0,0,0.0,-0.015915932010512043
1254,frozen,47,5,3,0,0,-1.0,-1.0,1,0,1,0,0.0,-0.015915932010512043
1255,frozen,47,5,5,1,1,1.0,1.0,0,nan,nan,nan,0.0,-0.015915932010512043
1256,frozen,47,6,6,1,1,1.0,1.0,0,nan,nan,nan,0.0,-0.015915932010512043
1257,frozen,47,5,5,0,1,1.0,1.0,0,nan,nan,nan,0.0,-0.015915932010512043
1258,frozen,47,1,6,1,0,-1.0,-1.0,1,3,0,1,0.0,-0.015915932010512043
1259,frozen,47,0,5,1,0,-1.0,-1.0,1,0,1,0,0.0,-0.015915932010512043
1260,frozen,47,5,3,0,0,-1.0,-1.0,1,0,1,0,0.0,-0.015915932010512043
1261,frozen,47,4,5,1,1,1.0,1.0,0,nan,nan,nan,0.0,-0.015915932010512043
1262,frozen,47,8,6,1,0,-1.0,-1.0,1,1,0,0,0.0,-0.015915932010512043
1263,frozen,47,6,5,1,1,1.0,1.0,0,nan,nan,nan,0.0,-0.015915932010512043
1264,frozen,47,0,4,0,0,-1.0,-1.0,1,1,0,0,0.0,-0.015915932010512043
1265,frozen,47,8,5,1,0,-1.0,-1.0,1,0,1,0,0.0,-0.015915932010512043
1266,frozen,47,0,3,0,0,-1.0,-1.0,1,0,1,0,0.0,-0.015915932010512043
1267,frozen,47,5,3,0,0,-1.0,-1.0,1,0,1,0,0.0,-0.015915932010512043
1268,frozen,47,7,3,0,0,-1.0,-1.0,1,0,1,0,0.0,-0.015915932010512043
1269,frozen,47,2,3,0,1,1.0,1.0,0,nan,nan,nan,0.0,-0.015915932010512043
1270,frozen,47,7,4,1,0,-1.0,-1.0,1,1,0,0,0.0,-0.015915932010512043
1271,frozen,47,4,5,1,1,1.0,1.0,0,nan,nan,nan,0.0,-0.015915932010512043
1272,frozen,47,1,4,0,0,-1.0,-1.0,1,1,0,0,0.0,-0.015915932010512043
1273,frozen,47,2,3,0,1,1.0,1.0,0,nan,nan,nan,0.0,-0.015915932010512043
1274,frozen,47,2,2,0,1,1.0,1.0,0,nan,nan,nan,0.0,-0.015915932010512043
1275,frozen,47,4,3,1,1,1.0,1.0,0,nan,nan,nan,0.0,-0.015915932010512043
1276,frozen,47,6,2,0,0,-1.0,-1.0,1,3,0,1,0.0,-0.015915932010512043
1277,frozen,47,2,3,0,1,1.0,1.0,0,nan,nan,nan,0.0,-0.015915932010512043
1278,frozen,47,1,2,0,1,1.0,1.0,0,nan,nan,nan,0.0,-0.015915932010512043
1279,frozen,47,3,1,0,0,-1.0,-1.0,1,2,0,0,0.0,-0.015915932010512043
1280,frozen,47,7,3,0,0,-1.0,-1.0,1,0,1,0,0.0,-0.015915932010512043
1281,frozen,47,2,3,0,1,1.0,1.0,0,nan,nan,nan,0.0,-0.015915932010512043
1282,frozen,47,8,4,1,0,-1.0,-1.0,1,1,0,0,0.0,-0.015915932010512043
1283,frozen,47,0,3,0,0,-1.0,-1.0,1,0,1,0,0.0,-0.015915932010512043
1284,frozen,47,3,3,0,1,1.0,1.0,0,nan,nan,nan,0.0,-0.015915932010512043
1285,frozen,47,3,4,1,1,1.0,1.0,0,nan,nan,nan,0.0,-0.015915932010512043
1286,frozen,47,3,3,0,1,1.0,1.0,0,nan,nan,nan,0.0,-0.015915932010512043
1287,frozen,47,0,4,1,0,-1.0,-1.0,1,3,0,1,0.0,-0.015915932010512043
1288,frozen,47,8,5,1,0,-1.0,-1.0,1,0,1,0,0.0,-0.015915932010512043
1289,frozen,47,7,5,1,0,-1.0,-1.0,1,0,1,0,0.0,-0.015915932010512043
1290,frozen,47,2,3,0,1,1.0,1.0,0,nan,nan,nan,0.0,-0.015915932010512043
1291,frozen,47,2,2,0,1,1.0,1.0,0,nan,nan,nan,0.0,-0.015915932010512043
1292,frozen,47,0,1,0,1,1.0,1.0,0,nan,nan,nan,0.0,-0.015915932010512043
1293,frozen,47,7,0,0,0,-1.0,-1.0,1,3,0,1,0.0,-0.015915932010512043
1294,frozen,47,2,3,0,1,1.0,1.0,0,nan,nan,nan,0.0,-0.015915932010512043
1295,frozen,47,7,4,1,0,-1.0,-1.0,1,1,0,0,0.0,-0.015915932010512043
1296,frozen,47,7,3,0,0,-1.0,-1.0,1,0,1,0,0.0,-0.015915932010512043
1297,frozen,47,0,5,1,0,-1.0,-1.0,1,0,1,0,0.0,-0.015915932010512043
1298,frozen,47,0,3,0,0,-1.0,-1.0,1,0,1,0,0.0,-0.015915932010512043
1299,frozen,47,2,3,0,1,1.0,1.0,0,nan,nan,nan,0.0,-0.015915932010512043
1300,frozen,47,3,4,1,1,1.0,1.0,0,nan,nan,nan,0.0,-0.015915932010512043
1301,frozen,47,6,5,1,1,1.0,1.0,0,nan,nan,nan,0.0,-0.015915932010512043
1302,frozen,47,5,4,0,1,1.0,1.0,0,nan,nan,nan,0.0,-0.015915932010512043
1303,frozen,47,8,3,0,0,-1.0,-1.0,1,4,0,1,0.0,-0.015915932010512043
1304,frozen,47,0,3,0,0,-1.0,-1.0,1,0,1,0,0.0,-0.015915932010512043
1305,frozen,47,7,5,1,0,-1.0,-1.0,1,0,1,0,0.0,-0.015915932010512043
1306,frozen,47,7,5,1,0,-1.0,-1.0,1,0,1,0,0.0,-0.015915932010512043
1307,frozen,47,7,5,1,0,-1.0,-1.0,1,0,1,0,0.0,-0.015915932010512043
1308,frozen,47,1,5,1,0,-1.0,-1.0,1,0,1,0,0.0,-0.015915932010512043
1309,frozen,47,4,5,1,1,1.0,1.0,0,nan,nan,nan,0.0,-0.015915932010512043
1310,frozen,47,0,4,0,0,-1.0,-1.0,1,1,0,0,0.0,-0.015915932010512043
1311,frozen,47,8,3,0,0,-1.0,-1.0,1,0,1,0,0.0,-0.015915932010512043
1312,frozen,47,3,3,0,1,1.0,1.0,0,nan,nan,nan,0.0,-0.015915932010512043
1313,frozen,47,0,4,1,0,-1.0,-1.0,1,1,0,0,0.0,-0.015915932010512043
1314,frozen,47,0,5,1,0,-1.0,-1.0,1,0,1,0,0.0,-0.015915932010512043
1315,frozen,47,1,5,1,0,-1.0,-1.0,1,0,1,0,0.0,-0.015915932010512043
1316,frozen,47,7,3,0,0,-1.0,-1.0,1,0,1,0,0.0,-0.015915932010512043
1317,frozen,47,0,3,0,0,-1.0,-1.0,1,0,1,0,0.0,-0.015915932010512043
1318,frozen,47,6,5,1,1,1.0,1.0,0,nan,nan,nan,0.0,-0.015915932010512043
1319,frozen,47,0,6,1,0,-1.0,-1.0,1,1,0,0,0.0,-0.015915932010512043
1320,frozen,47,8,5,1,0,-1.0,-1.0,1,0,1,0,0.0,-0.015915932010512043
1321,frozen,47,3,3,0,1,1.0,1.0,0,nan,nan,nan,0.0,-0.015915932010512043
1322,frozen,47,1,2,0,1,1.0,1.0,0,nan,nan,nan,0.0,-0.015915932010512043
1323,frozen,47,8,3,1,0,-1.0,-1.0,1,2,0,0,0.0,-0.015915932010512043
1324,frozen,47,3,3,0,1,1.0,1.0,0,nan,nan,nan,0.0,-0.015915932010512043
1325,frozen,47,3,4,1,1,1.0,1.0,0,nan,nan,nan,0.0,-0.015915932010512043
1326,frozen,47,5,3,0,0,-1.0,-1.0,1,2,0,0,0.0,-0.015915932010512043
1327,frozen,47,1,5,1,0,-1.0,-1.0,1,0,1,0,0.0,-0.015915932010512043
1328,frozen,47,2,5,1,0,-1.0,-1.0,1,0,1,0,0.0,-0.015915932010512043
1329,frozen,47,3,3,0,1,1.0,1.0,0,nan,nan,nan,0.0,-0.015915932010512043
1330,frozen,47,4,2,0,0,-1.0,-1.0,1,1,0,0,0.0,-0.015915932010512043
1331,frozen,47,4,5,1,1,1.0,1.0,0,nan,nan,nan,0.0,-0.015915932010512043
1332,frozen,47,2,6,1,0,-1.0,-1.0,1,1,0,0,0.0,-0.015915932010512043
1333,frozen,47,8,5,1,0,-1.0,-1.0,1,0,1,0,0.0,-0.015915932010512043
1334,frozen,47,5,3,0,0,-1.0,-1.0,1,0,1,0,0.0,-0.015915932010512043
1335,frozen,47,6,3,0,0,-1.0,-1.0,1,0,1,0,0.0,-0.015915932010512043
1336,frozen,47,5,3,0,0,-1.0,-1.0,1,0,1,0,0.0,-0.015915932010512043
1337,frozen,47,3,3,0,1,1.0,1.0,0,nan,nan,nan,0.0,-0.015915932010512043
1338,frozen,47,4,2,0,0,-1.0,-1.0,1,1,0,0,0.0,-0.015915932010512043
1339,frozen,47,0,3,0,0,-1.0,-1.0,1,0,1,0,0.0,-0.015915932010512043
1340,frozen,47,2,3,0,1,1.0,1.0,0,nan,nan,nan,0.0,-0.015915932010512043
1341,frozen,47,8,4,1,0,-1.0,-1.0,1,1,0,0,0.0,-0.015915932010512043
1342,frozen,47,7,3,0,0,-1.0,-1.0,1,0,1,0,0.0,-0.015915932010512043
1343,frozen,47,8,3,0,0,-1.0,-1.0,1,0,1,0,0.0,-0.015915932010512043
1344,frozen,47,7,3,0,0,-1.0,-1.0,1,0,1,0,0.0,-0.015915932010512043
1345,frozen,47,1,5,1,0,-1.0,-1.0,1,0,1,0,0.0,-0.015915932010512043
1346,frozen,47,7,3,0,0,-1.0,-1.0,1,0,1,0,0.0,-0.015915932010512043
1347,frozen,47,8,3,0,0,-1.0,-1.0,1,0,1,0,0.0,-0.015915932010512043
1348,frozen,47,2,3,0,1,1.0,1.0,0,nan,nan,nan,0.0,-0.015915932010512043
1349,frozen,47,3,4,1,1,1.0,1.0,0,nan,nan,nan,0.0,-0.015915932010512043
1350,frozen,47,8,3,0,0,-1.0,-1.0,1,2,0,0,0.0,-0.015915932010512043
1351,frozen,47,8,5,1,0,-1.0,-1.0,1,0,1,0,0.0,-0.015915932010512043
1352,frozen,47,0,5,1,0,-1.0,-1.0,1,0,1,0,0.0,-0.015915932010512043
1353,frozen,47,6,5,1,1,1.0,1.0,0,nan,nan,nan,0.0,-0.015915932010512043
1354,frozen,47,8,6,1,0,-1.0,-1.0,1,1,0,0,0.0,-0.015915932010512043
1355,frozen,47,1,5,1,0,-1.0,-1.0,1,0,1,0,0.0,-0.015915932010512043
1356,frozen,47,5,3,0,0,-1.0,-1.0,1,0,1,0,0.0,-0.015915932010512043
1357,frozen,47,5,3,0,0,-1.0,-1.0,1,0,1,0,0.0,-0.015915932010512043
1358,frozen,47,1,5,1,0,-1.0,-1.0,1,0,1,0,0.0,-0.015915932010512043
1359,frozen,47,4,5,1,1,1.0,1.0,0,nan,nan,nan,0.0,-0.015915932010512043
1360,frozen,47,2,6,1,0,-1.0,-1.0,1,1,0,0,0.0,-0.015915932010512043
1361,frozen,47,8,5,1,0,-1.0,-1.0,1,0,1,0,0.0,-0.015915932010512043
1362,frozen,47,3,3,0,1,1.0,1.0,0,nan,nan,nan,0.0,-0.015915932010512043
1363,frozen,47,7,2,0,0,-1.0,-1.0,1,1,0,0,0.0,-0.015915932010512043
1364,frozen,47,1,5,1,0,-1.0,-1.0,1,0,1,0,0.0,-0.015915932010512043
1365,frozen,47,6,5,1,1,1.0,1.0,0,nan,nan,nan,0.0,-0.015915932010512043
1366,frozen,47,1,6,1,0,-1.0,-1.0,1,1,0,0,0.0,-0.015915932010512043
1367,frozen,47,4,5,1,1,1.0,1.0,0,nan,nan,nan,0.0,-0.015915932010512043
1368,frozen,47,7,6,1,1,1.0,1.0,0,nan,nan,nan,0.0,-0.015915932010512043
1369,frozen,47,7,5,0,0,-1.0,-1.0,1,2,0,0,0.0,-0.015915932010512043
1370,frozen,47,8,3,0,0,-1.0,-1.0,1,0,1,0,0.0,-0.015915932010512043
1371,frozen,47,2,3,0,1,1.0,1.0,0,nan,nan,nan,0.0,-0.015915932010512043
1372,frozen,47,2,4,1,0,-1.0,-1.0,1,1,0,0,0.0,-0.015915932010512043
1373,frozen,47,4,5,1,1,1.0,1.0,0,nan,nan,nan,0.0,-0.015915932010512043
1374,frozen,47,0,6,1,0,-1.0,-1.0,1,1,0,0,0.0,-0.015915932010512043
1375,frozen,47,1,5,1,0,-1.0,-1.0,1,0,1,0,0.0,-0.015915932010512043
1376,frozen,47,1,5,1,0,-1.0,-1.0,1,0,1,0,0.0,-0.015915932010512043
1377,frozen,47,7,5,1,0,-1.0,-1.0,1,0,1,0,0.0,-0.015915932010512043
1378,frozen,47,3,3,0,1,1.0,1.0,0,nan,nan,nan,0.0,-0.015915932010512043
1379,frozen,47,8,4,1,0,-1.0,-1.0,1,1,0,0,0.0,-0.015915932010512043
1380,frozen,47,5,3,0,0,-1.0,-1.0,1,0,1,0,0.0,-0.015915932010512043
1381,frozen,47,2,3,0,1,1.0,1.0,0,nan,nan,nan,0.0,-0.015915932010512043
1382,frozen,47,7,2,0,0,-1.0,-1.0,1,1,0,0,0.0,-0.015915932010512043
1383,frozen,47,3,3,0,1,1.0,1.0,0,nan,nan,nan,0.0,-0.015915932010512043
1384,frozen,47,5,4,1,1,1.0,1.0,0,nan,nan,nan,0.0,-0.015915932010512043
1385,frozen,47,7,3,0,0,-1.0,-1.0,1,2,0,0,0.0,-0.015915932010512043
1386,frozen,47,7,5,1,0,-1.0,-1.0,1,0,1,0,0.0,-0.015915932010512043
1387,frozen,47,6,5,1,1,1.0,1.0,0,nan,nan,nan,0.0,-0.015915932010512043
1388,frozen,47,8,4,0,0,-1.0,-1.0,1,1,0,0,0.0,-0.015915932010512043
1389,frozen,47,6,5,1,1,1.0,1.0,0,nan,nan,nan,0.0,-0.015915932010512043
1390,frozen,47,8,6,1,0,-1.0,-1.0,1,1,0,0,0.0,-0.015915932010512043
1391,frozen,47,4,5,1,1,1.0,1.0,0,nan,nan,nan,0.0,-0.015915932010512043
1392,frozen,47,2,4,0,0,-1.0,-1.0,1,1,0,0,0.0,-0.015915932010512043
1393,frozen,47,0,3,0,0,-1.0,-1.0,1,0,1,0,0.0,-0.015915932010512043
1394,frozen,47,8,5,1,0,-1.0,-1.0,1,0,1,0,0.0,-0.015915932010512043
1395,frozen,47,8,5,1,0,-1.0,-1.0,1,0,1,0,0.0,-0.015915932010512043
1396,frozen,47,3,3,0,1,1.0,1.0,0,nan,nan,nan,0.0,-0.015915932010512043
1397,frozen,47,0,4,1,0,-1.0,-1.0,1,1,0,0,0.0,-0.015915932010512043
1398,frozen,47,3,3,0,1,1.0,1.0,0,nan,nan,nan,0.0,-0.015915932010512043
1399,frozen,47,7,2,0,0,-1.0,-1.0,1,1,0,0,0.0,-0.015915932010512043
1400,frozen,47,2,3,0,1,1.0,1.0,0,nan,nan,nan,0.0,-0.015915932010512043
1401,frozen,47,3,4,1,1,1.0,1.0,0,nan,nan,nan,0.0,-0.015915932010512043
1402,frozen,47,7,3,0,0,-1.0,-1.0,1,2,0,0,0.0,-0.015915932010512043
1403,frozen,47,1,5,1,0,-1.0,-1.0,1,0,1,0,0.0,-0.015915932010512043
1404,frozen,47,3,3,0,1,1.0,1.0,0,nan,nan,nan,0.0,-0.015915932010512043
1405,frozen,47,2,2,0,1,1.0,1.0,0,nan,nan,nan,0.0,-0.015915932010512043
1406,frozen,47,4,3,1,1,1.0,1.0,0,nan,nan,nan,0.0,-0.015915932010512043
1407,frozen,47,5,4,1,1,1.0,1.0,0,nan,nan,nan,0.0,-0.015915932010512043
1408,frozen,47,0,5,1,0,-1.0,-1.0,1,4,0,1,0.0,-0.015915932010512043
1409,frozen,47,7,5,1,0,-1.0,-1.0,1,0,1,0,0.0,-0.015915932010512043
1410,frozen,47,4,5,1,1,1.0,1.0,0,nan,nan,nan,0.0,-0.015915932010512043
1411,frozen,47,3,4,0,1,1.0,1.0,0,nan,nan,nan,0.0,-0.015915932010512043
1412,frozen,47,8,3,0,0,-1.0,-1.0,1,2,0,0,0.0,-0.015915932010512043
1413,frozen,47,5,3,0,0,-1.0,-1.0,1,0,1,0,0.0,-0.015915932010512043
1414,frozen,47,7,5,1,0,-1.0,-1.0,1,0,1,0,0.0,-0.015915932010512043
1415,frozen,47,6,5,1,1,1.0,1.0,0,nan,nan,nan,0.0,-0.015915932010512043
1416,frozen,47,7,6,1,1,1.0,1.0,0,nan,nan,nan,0.0,-0.015915932010512043
1417,frozen,47,7,5,0,0,-1.0,-1.0,1,2,0,0,0.0,-0.015915932010512043
1418,frozen,47,8,3,0,0,-1.0,-1.0,1,0,1,0,0.0,-0.015915932010512043
1419,frozen,47,0,5,1,0,-1.0,-1.0,1,0,1,0,0.0,-0.015915932010512043
1420,frozen,47,7,5,1,0,-1.0,-1.0,1,0,1,0,0.0,-0.015915932010512043
1421,frozen,47,3,3,0,1,1.0,1.0,0,nan,nan,nan,0.0,-0.015915932010512043
1422,frozen,47,0,2,0,0,-1.0,-1.0,1,1,0,0,0.0,-0.015915932010512043
1423,frozen,47,3,3,0,1,1.0,1.0,0,nan,nan,nan,0.0,-0.015915932010512043
1424,frozen,47,3,4,1,1,1.0,1.0,0,nan,nan,nan,0.0,-0.015915932010512043
1425,frozen,47,2,3,0,1,1.0,1.0,0,nan,nan,nan,0.0,-0.015915932010512043
1426,frozen,47,8,4,1,0,-1.0,-1.0,1,3,0,1,0.0,-0.015915932010512043
1427,frozen,47,8,3,0,0,-1.0,-1.0,1,0,1,0,0.0,-0.015915932010512043
1428,frozen,47,2,3,0,1,1.0,1.0,0,nan,nan,nan,0.0,-0.015915932010512043
1429,frozen,47,0,4,1,0,-1.0,-1.0,1,1,0,0,0.0,-0.015915932010512043
1430,frozen,47,8,5,1,0,-1.0,-1.0,1,0,1,0,0.0,-0.015915932010512043
1431,frozen,47,0,3,0,0,-1.0,-1.0,1,0,1,0,0.0,-0.015915932010512043
1432,frozen,47,6,5,1,1,1.0,1.0,0,nan,nan,nan,0.0,-0.015915932010512043
1433,frozen,47,5,6,1,1,1.0,1.0,0,nan,nan,nan,0.0,-0.015915932010512043
1434,frozen,47,8,7,1,1,1.0,1.0,0,nan,nan,nan,0.0,-0.015915932010512043
1435,frozen,47,8,6,0,0,-1.0,-1.0,1,3,0,1,0.0,-0.015915932010512043
1436,frozen,47,6,5,1,1,1.0,1.0,0,nan,nan,nan,0.0,-0.015915932010512043
1437,frozen,47,0,4,0,0,-1.0,-1.0,1,1,0,0,0.0,-0.015915932010512043
1438,frozen,47,6,3,0,0,-1.0,-1.0,1,0,1,0,0.0,-0.015915932010512043
1439,frozen,47,6,5,1,1,1.0,1.0,0,nan,nan,nan,0.0,-0.015915932010512043
1440,frozen,47,3,4,0,1,1.0,1.0,0,nan,nan,nan,0.0,-0.015915932010512043
1441,frozen,47,1,5,1,0,-1.0,-1.0,1,2,0,0,0.0,-0.015915932010512043
1442,frozen,47,3,3,0,1,1.0,1.0,0,nan,nan,nan,0.0,-0.015915932010512043
1443,frozen,47,3,4,1,1,1.0,1.0,0,nan,nan,nan,0.0,-0.015915932010512043
1444,frozen,47,6,5,1,1,1.0,1.0,0,nan,nan,nan,0.0,-0.015915932010512043
1445,frozen,47,6,4,0,0,-1.0,-1.0,1,3,0,1,0.0,-0.015915932010512043
1446,frozen,47,8,3,0,0,-1.0,-1.0,1,0,1,0,0.0,-0.015915932010512043
1447,frozen,47,5,3,0,0,-1.0,-1.0,1,0,1,0,0.0,-0.015915932010512043
1448,frozen,47,3,3,0,1,1.0,1.0,0,nan,nan,nan,0.0,-0.015915932010512043
1449,frozen,47,6,4,1,0,-1.0,-1.0,1,1,0,0,0.0,-0.015915932010512043
1450,frozen,47,7,3,0,0,-1.0,-1.0,1,0,1,0,0.0,-0.015915932010512043
1451,frozen,47,4,5,1,1,1.0,1.0,0,nan,nan,nan,0.0,-0.015915932010512043
1452,frozen,47,2,6,1,0,-1.0,-1.0,1,1,0,0,0.0,-0.015915932010512043
1453,frozen,47,3,3,0,1,1.0,1.0,0,nan,nan,nan,0.0,-0.015915932010512043
1454,frozen,47,4,2,0,0,-1.0,-1.0,1,1,0,0,0.0,-0.015915932010512043
1455,frozen,47,7,5,1,0,-1.0,-1.0,1,0,1,0,0.0,-0.015915932010512043
1456,frozen,47,7,5,1,0,-1.0,-1.0,1,0,1,0,0.0,-0.015915932010512043
1457,frozen,47,0,5,1,0,-1.0,-1.0,1,0,1,0,0.0,-0.015915932010512043
1458,frozen,47,2,3,0,1,1.0,1.0,0,nan,nan,nan,0.0,-0.015915932010512043
1459,frozen,47,7,2,0,0,-1.0,-1.0,1,1,0,0,0.0,-0.015915932010512043
1460,frozen,47,6,5,1,1,1.0,1.0,0,nan,nan,nan,0.0,-0.015915932010512043
1461,frozen,47,3,4,0,1,1.0,1.0,0,nan,nan,nan,0.0,-0.015915932010512043
1462,frozen,47,3,3,0,1,1.0,1.0,0,nan,nan,nan,0.0,-0.015915932010512043
1463,frozen,47,5,4,1,1,1.0,1.0,0,nan,nan,nan,0.0,-0.015915932010512043
1464,frozen,47,7,3,0,0,-1.0,-1.0,1,4,0,1,0.0,-0.015915932010512043
1465,frozen,47,7,5,1,0,-1.0,-1.0,1,0,1,0,0.0,-0.015915932010512043
1466,frozen,47,6,5,1,1,1.0,1.0,0,nan,nan,nan,0.0,-0.015915932010512043
1467,frozen,47,5,6,1,1,1.0,1.0,0,nan,nan,nan,0.0,-0.015915932010512043
1468,frozen,47,4,5,0,1,1.0,1.0,0,nan,nan,nan,0.0,-0.015915932010512043
1469,frozen,47,2,6,1,0,-1.0,-1.0,1,3,0,1,0.0,-0.015915932010512043
1470,frozen,47,0,5,1,0,-1.0,-1.0,1,0,1,0,0.0,-0.015915932010512043
1471,frozen,47,4,5,1,1,1.0,1.0,0,nan,nan,nan,0.0,-0.015915932010512043
1472,frozen,47,6,4,0,0,-1.0,-1.0,1,1,0,0,0.0,-0.015915932010512043
1473,frozen,47,6,5,1,1,1.0,1.0,0,nan,nan,nan,0.0,-0.015915932010512043
1474,frozen,47,0,4,0,0,-1.0,-1.0,1,1,0,0,0.0,-0.015915932010512043
1475,frozen,47,8,5,1,0,-1.0,-1.0,1,0,1,0,0.0,-0.015915932010512043
1476,frozen,47,8,5,1,0,-1.0,-1.0,1,0,1,0,0.0,-0.015915932010512043
1477,frozen,47,1,5,1,0,-1.0,-1.0,1,0,1,0,0.0,-0.015915932010512043
1478,frozen,47,0,3,0,0,-1.0,-1.0,1,0,1,0,0.0,-0.015915932010512043
1479,frozen,47,8,5,1,0,-1.0,-1.0,1,0,1,0,0.0,-0.015915932010512043
1480,frozen,47,7,5,1,0,-1.0,-1.0,1,0,1,0,0.0,-0.015915932010512043
1481,frozen,47,3,3,0,1,1.0,1.0,0,nan,nan,nan,0.0,-0.015915932010512043
1482,frozen,47,0,4,1,0,-1.0,-1.0,1,1,0,0,0.0,-0.015915932010512043
1483,frozen,47,7,5,1,0,-1.0,-1.0,1,0,1,0,0.0,-0.015915932010512043
1484,frozen,47,4,5,1,1,1.0,1.0,0,nan,nan,nan,0.0,-0.015915932010512043
1485,frozen,47,5,6,1,1,1.0,1.0,0,nan,nan,nan,0.0,-0.015915932010512043
1486,frozen,47,4,5,0,1,1.0,1.0,0,nan,nan,nan,0.0,-0.015915932010512043
1487,frozen,47,4,6,1,0,-1.0,-1.0,1,3,0,1,0.0,-0.015915932010512043
1488,frozen,47,8,3,0,0,-1.0,-1.0,1,0,1,0,0.0,-0.015915932010512043
1489,frozen,47,8,3,0,0,-1.0,-1.0,1,0,1,0,0.0,-0.015915932010512043
1490,frozen,47,0,5,1,0,-1.0,-1.0,1,0,1,0,0.0,-0.015915932010512043
1491,frozen,47,7,5,1,0,-1.0,-1.0,1,0,1,0,0.0,-0.015915932010512043
1492,frozen,47,2,3,0,1,1.0,1.0,0,nan,nan,nan,0.0,-0.015915932010512043
1493,frozen,47,8,4,1,0,-1.0,-1.0,1,1,0,0,0.0,-0.015915932010512043
1494,frozen,47,8,5,1,0,-1.0,-1.0,1,0,1,0,0.0,-0.015915932010512043
1495,frozen,47,2,3,0,1,1.0,1.0,0,nan,nan,nan,0.0,-0.015915932010512043
1496,frozen,47,1,2,0,1,1.0,1.0,0,nan,nan,nan,0.0,-0.015915932010512043
1497,frozen,47,3,3,1,1,1.0,1.0,0,nan,nan,nan,0.0,-0.015915932010512043
1498,frozen,47,8,4,1,0,-1.0,-1.0,1,3,0,1,0.0,-0.015915932010512043
1499,frozen,47,0,3,0,0,-1.0,-1.0,1,0,1,0,0.0,-0.015915932010512043
1500,frozen,47,6,5,1,1,1.0,1.0,0,nan,nan,nan,0.0,-0.015915932010512043
1501,frozen,47,2,6,1,0,-1.0,-1.0,1,1,0,0,0.0,-0.015915932010512043
1502,frozen,47,1,5,1,0,-1.0,-1.0,1,0,1,0,0.0,-0.015915932010512043
1503,frozen,47,1,5,1,0,-1.0,-1.0,1,0,1,0,0.0,-0.015915932010512043
1504,frozen,47,8,5,1,0,-1.0,-1.0,1,0,1,0,0.0,-0.015915932010512043
1505,frozen,47,6,5,1,1,1.0,1.0,0,nan,nan,nan,0.0,-0.015915932010512043
1506,frozen,47,3,4,0,1,1.0,1.0,0,nan,nan,nan,0.0,-0.015915932010512043
1507,frozen,47,0,3,0,0,-1.0,-1.0,1,2,0,0,0.0,-0.015915932010512043
1508,frozen,47,5,3,0,0,-1.0,-1.0,1,0,1,0,0.0,-0.015915932010512043
1509,frozen,47,1,5,1,0,-1.0,-1.0,1,0,1,0,0.0,-0.015915932010512043
1510,frozen,47,6,5,1,1,1.0,1.0,0,nan,nan,nan,0.0,-0.015915932010512043
1511,frozen,47,3,4,0,1,1.0,1.0,0,nan,nan,nan,0.0,-0.015915932010512043
1512,frozen,47,6,5,1,1,1.0,1.0,0,nan,nan,nan,0.0,-0.015915932010512043
1513,frozen,47,5,6,1,1,1.0,1.0,0,nan,nan,nan,0.0,-0.015915932010512043
1514,frozen,47,4,5,0,1,1.0,1.0,0,nan,nan,nan,0.0,-0.015915932010512043
1515,frozen,47,3,4,0,1,1.0,1.0,0,nan,nan,nan,0.0,-0.015915932010512043
1516,frozen,47,6,5,1,1,1.0,1.0,0,nan,nan,nan,0.0,-0.015915932010512043
1517,frozen,47,0,6,1,0,-1.0,-1.0,1,7,0,1,0.0,-0.015915932010512043
1518,frozen,47,3,3,0,1,1.0,1.0,0,nan,nan,nan,0.0,-0.015915932010512043
1519,frozen,47,7,2,0,0,-1.0,-1.0,1,1,0,0,0.0,-0.015915932010512043
1520,frozen,47,7,5,1,0,-1.0,-1.0,1,0,1,0,0.0,-0.015915932010512043
1521,frozen,47,3,3,0,1,1.0,1.0,0,nan,nan,nan,0.0,-0.015915932010512043
1522,frozen,47,7,2,0,0,-1.0,-1.0,1,1,0,0,0.0,-0.015915932010512043
1523,frozen,47,1,5,1,0,-1.0,-1.0,1,0,1,0,0.0,-0.015915932010512043
1524,frozen,47,3,3,0,1,1.0,1.0,0,nan,nan,nan,0.0,-0.015915932010512043
1525,frozen,47,3,4,1,1,1.0,1.0,0,nan,nan,nan,0.0,-0.015915932010512043
1526,frozen,47,8,5,1,0,-1.0,-1.0,1,2,0,0,0.0,-0.015915932010512043
1527,frozen,47,4,5,1,1,1.0,1.0,0,nan,nan,nan,0.0,-0.015915932010512043
1528,frozen,47,2,6,1,0,-1.0,-1.0,1,1,0,0,0.0,-0.015915932010512043
1529,frozen,47,0,3,0,0,-1.0,-1.0,1,0,1,0,0.0,-0.015915932010512043
1530,frozen,47,3,3,0,1,1.0,1.0,0,nan,nan,nan,0.0,-0.015915932010512043
1531,frozen,47,4,2,0,0,-1.0,-1.0,1,1,0,0,0.0,-0.015915932010512043
1532,frozen,47,7,3,0,0,-1.0,-1.0,1,0,1,0,0.0,-0.015915932010512043
1533,frozen,47,7,5,1,0,-1.0,-1.0,1,0,1,0,0.0,-0.015915932010512043
1534,frozen,47,7,3,0,0,-1.0,-1.0,1,0,1,0,0.0,-0.015915932010512043
1535,frozen,47,5,3,0,0,-1.0,-1.0,1,0,1,0,0.0,-0.015915932010512043
1536,frozen,47,4,5,1,1,1.0,1.0,0,nan,nan,nan,0.0,-0.015915932010512043
1537,frozen,47,5,6,1,1,1.0,1.0,0,nan,nan,nan,0.0,-0.015915932010512043
1538,frozen,47,1,7,1,0,-1.0,-1.0,1,2,0,0,0.0,-0.015915932010512043
1539,frozen,47,2,3,0,1,1.0,1.0,0,nan,nan,nan,0.0,-0.015915932010512043
1540,frozen,47,5,2,0,0,-1.0,-1.0,1,1,0,0,0.0,-0.015915932010512043
1541,frozen,47,7,5,1,0,-1.0,-1.0,1,0,1,0,0.0,-0.015915932010512043
1542,frozen,47,3,3,0,1,1.0,1.0,0,nan,nan,nan,0.0,-0.015915932010512043
1543,frozen,47,3,4,1,1,1.0,1.0,0,nan,nan,nan,0.0,-0.015915932010512043
1544,frozen,47,5,3,0,0,-1.0,-1.0,1,2,0,0,0.0,-0.015915932010512043
1545,frozen,47,0,3,0,0,-1.0,-1.0,1,0,1,0,0.0,-0.015915932010512043
1546,frozen,47,3,3,0,1,1.0,1.0,0,nan,nan,nan,0.0,-0.015915932010512043
1547,frozen,47,3,4,1,1,1.0,1.0,0,nan,nan,nan,0.0,-0.015915932010512043
1548,frozen,47,2,3,0,1,1.0,1.0,0,nan,nan,nan,0.0,-0.015915932010512043
1549,frozen,47,7,2,0,0,-1.0,-1.0,1,3,0,1,0.0,-0.015915932010512043
1550,frozen,47,4,3,0,1,1.0,1.0,0,nan,nan,nan,0.0,-0.015915932010512043
1551,frozen,47,8,4,1,0,-1.0,-1.0,1,1,0,0,0.0,-0.015915932010512043
1552,frozen,47,1,5,1,0,-1.0,-1.0,1,0,1,0,0.0,-0.015915932010512043
1553,frozen,47,6,5,1,1,1.0,1.0,0,nan,nan,nan,0.0,-0.015915932010512043
1554,frozen,47,6,4,0,0,-1.0,-1.0,1,1,0,0,0.0,-0.015915932010512043
1555,frozen,47,7,5,1,0,-1.0,-1.0,1,0,1,0,0.0,-0.015915932010512043
1556,frozen,47,1,5,1,0,-1.0,-1.0,1,0,1,0,0.0,-0.015915932010512043
1557,frozen,47,8,3,0,0,-1.0,-1.0,1,0,1,0,0.0,-0.015915932010512043
1558,frozen,47,2,3,0,1,1.0,1.0,0,nan,nan,nan,0.0,-0.015915932010512043
1559,frozen,47,5,4,1,1,1.0,1.0,0,nan,nan,nan,0.0,-0.015915932010512043
1560,frozen,47,0,3,0,0,-1.0,-1.0,1,2,0,0,0.0,-0.015915932010512043
1561,frozen,47,5,3,0,0,-1.0,-1.0,1,0,1,0,0.0,-0.015915932010512043
1562,frozen,47,6,3,0,0,-1.0,-1.0,1,0,1,0,0.0,-0.015915932010512043
1563,frozen,47,6,5,1,1,1.0,1.0,0,nan,nan,nan,0.0,-0.015915932010512043
1564,frozen,47,6,4,0,0,-1.0,-1.0,1,1,0,0,0.0,-0.015915932010512043
1565,frozen,47,4,5,1,1,1.0,1.0,0,nan,nan,nan,0.0,-0.015915932010512043
1566,frozen,47,3,4,0,1,1.0,1.0,0,nan,nan,nan,0.0,-0.015915932010512043
1567,frozen,47,5,3,0,0,-1.0,-1.0,1,2,0,0,0.0,-0.015915932010512043
1568,frozen,47,1,5,1,0,-1.0,-1.0,1,0,1,0,0.0,-0.015915932010512043
1569,frozen,47,5,3,0,0,-1.0,-1.0,1,0,1,0,0.0,-0.015915932010512043
1570,frozen,47,1,5,1,0,-1.0,-1.0,1,0,1,0,0.0,-0.015915932010512043
1571,frozen,47,8,3,0,0,-1.0,-1.0,1,0,1,0,0.0,-0.015915932010512043
1572,frozen,47,2,3,0,1,1.0,1.0,0,nan,nan,nan,0.0,-0.015915932010512043
1573,frozen,47,4,2,0,0,-1.0,-1.0,1,1,0,0,0.0,-0.015915932010512043
1574,frozen,47,5,3,0,0,-1.0,-1.0,1,0,1,0,0.0,-0.015915932010512043
1575,frozen,47,7,5,1,0,-1.0,-1.0,1,0,1,0,0.0,-0.015915932010512043
1576,frozen,47,3,3,0,1,1.0,1.0,0,nan,nan,nan,0.0,-0.015915932010512043
1577,frozen,47,0,4,1,0,-1.0,-1.0,1,1,0,0,0.0,-0.015915932010512043
1578,frozen,47,7,5,1,0,-1.0,-1.0,1,0,1,0,0.0,-0.015915932010512043
1579,frozen,47,4,5,1,1,1.0,1.0,0,nan,nan,nan,0.0,-0.015915932010512043
1580,frozen,47,4,4,0,1,1.0,1.0,0,nan,nan,nan,0.0,-0.015915932010512043
1581,frozen,47,0,5,1,0,-1.0,-1.0,1,2,0,0,0.0,-0.015915932010512043
1582,frozen,47,7,5,1,0,-1.0,-1.0,1,0,1,0,0.0,-0.015915932010512043
1583,frozen,47,5,3,0,0,-1.0,-1.0,1,0,1,0,0.0,-0.015915932010512043
1584,frozen,47,8,5,1,0,-1.0,-1.0,1,0,1,0,0.0,-0.015915932010512043
1585,frozen,47,3,5,1,0,-1.0,-1.0,1,0,1,0,0.0,-0.015915932010512043
1586,frozen,47,7,5,1,0,-1.0,-1.0,1,0,1,0,0.0,-0.015915932010512043
1587,frozen,47,7,5,1,0,-1.0,-1.0,1,0,1,0,0.0,-0.015915932010512043
1588,frozen,47,7,3,0,0,-1.0,-1.0,1,0,1,0,0.0,-0.015915932010512043
1589,frozen,47,5,3,0,0,-1.0,-1.0,1,0,1,0,0.0,-0.015915932010512043
1590,frozen,47,3,3,0,1,1.0,1.0,0,nan,nan,nan,0.0,-0.015915932010512043
1591,frozen,47,4,2,0,0,-1.0,-1.0,1,1,0,0,0.0,-0.015915932010512043
1592,frozen,47,5,3,0,0,-1.0,-1.0,1,0,1,0,0.0,-0.015915932010512043
1593,frozen,47,6,5,1,1,1.0,1.0,0,nan,nan,nan,0.0,-0.015915932010512043
1594,frozen,47,2,6,1,0,-1.0,-1.0,1,1,0,0,0.0,-0.015915932010512043
1595,frozen,47,8,3,0,0,-1.0,-1.0,1,0,1,0,0.0,-0.015915932010512043
1596,frozen,47,6,5,1,1,1.0,1.0,0,nan,nan,nan,0.0,-0.015915932010512043
1597,frozen,47,5,6,1,1,1.0,1.0,0,nan,nan,nan,0.0,-0.015915932010512043
1598,frozen,47,3,7,1,0,-1.0,-1.0,1,2,0,0,0.0,-0.015915932010512043
1599,frozen,47,6,5,1,1,1.0,1.0,0,nan,nan,nan,0.0,-0.015915932010512043
1600,frozen,47,7,6,1,1,1.0,1.0,0,nan,nan,nan,0.0,-0.015915932010512043
1601,frozen,47,2,7,1,0,-1.0,-1.0,1,2,0,0,0.0,-0.015915932010512043
1602,frozen,47,7,3,0,0,-1.0,-1.0,1,0,1,0,0.0,-0.015915932010512043
1603,frozen,47,1,5,1,0,-1.0,-1.0,1,0,1,0,0.0,-0.015915932010512043
1604,frozen,47,7,5,1,0,-1.0,-1.0,1,0,1,0,0.0,-0.015915932010512043
1605,frozen,47,3,3,0,1,1.0,1.0,0,nan,nan,nan,0.0,-0.015915932010512043
1606,frozen,47,4,2,0,0,-1.0,-1.0,1,1,0,0,0.0,-0.015915932010512043
1607,frozen,47,0,5,1,0,-1.0,-1.0,1,0,1,0,0.0,-0.015915932010512043
1608,frozen,47,6,5,1,1,1.0,1.0,0,nan,nan,nan,0.0,-0.015915932010512043
1609,frozen,47,3,4,0,1,1.0,1.0,0,nan,nan,nan,0.0,-0.015915932010512043
1610,frozen,47,7,5,1,0,-1.0,-1.0,1,2,0,0,0.0,-0.015915932010512043
1611,frozen,47,1,5,1,0,-1.0,-1.0,1,0,1,0,0.0,-0.015915932010512043
1612,frozen,47,3,3,0,1,1.0,1.0,0,nan,nan,nan,0.0,-0.015915932010512043
1613,frozen,47,1,2,0,1,1.0,1.0,0,nan,nan,nan,0.0,-0.015915932010512043
1614,frozen,47,6,1,0,0,-1.0,-1.0,1,2,0,0,0.0,-0.015915932010512043
1615,frozen,47,3,3,0,1,1.0,1.0,0,nan,nan,nan,0.0,-0.015915932010512043
1616,frozen,47,7,2,0,0,-1.0,-1.0,1,1,0,0,0.0,-0.015915932010512043
1617,frozen,47,5,3,0,0,-1.0,-1.0,1,0,1,0,0.0,-0.015915932010512043
1618,frozen,47,6,5,1,1,1.0,1.0,0,nan,nan,nan,0.0,-0.015915932010512043
1619,frozen,47,6,6,1,1,1.0,1.0,0,nan,nan,nan,0.0,-0.015915932010512043
1620,frozen,47,8,7,1,1,1.0,1.0,0,nan,nan,nan,0.0,-0.015915932010512043
1621,frozen,47,1,8,1,0,-1.0,-1.0,1,3,0,1,0.0,-0.015915932010512043
1622,frozen,47,7,3,0,0,-1.0,-1.0,1,0,1,0,0.0,-0.015915932010512043
1623,frozen,47,1,5,1,0,-1.0,-1.0,1,0,1,0,0.0,-0.015915932010512043
1624,frozen,47,7,3,0,0,-1.0,-1.0,1,0,1,0,0.0,-0.015915932010512043
1625,frozen,47,5,3,0,0,-1.0,-1.0,1,0,1,0,0.0,-0.015915932010512043
1626,frozen,47,5,3,0,0,-1.0,-1.0,1,0,1,0,0.0,-0.015915932010512043
1627,frozen,47,2,3,0,1,1.0,1.0,0,nan,nan,nan,0.0,-0.015915932010512043
1628,frozen,47,5,4,1,1,1.0,1.0,0,nan,nan,nan,0.0,-0.015915932010512043
1629,frozen,47,6,5,1,1,1.0,1.0,0,nan,nan,nan,0.0,-0.015915932010512043
1630,frozen,47,8,4,0,0,-1.0,-1.0,1,3,0,1,0.0,-0.015915932010512043
1631,frozen,47,2,3,0,1,1.0,1.0,0,nan,nan,nan,0.0,-0.015915932010512043
1632,frozen,47,1,2,0,1,1.0,1.0,0,nan,nan,nan,0.0,-0.015915932010512043
1633,frozen,47,6,3,1,0,-1.0,-1.0,1,2,0,0,0.0,-0.015915932010512043
1634,frozen,47,1,5,1,0,-1.0,-1.0,1,0,1,0,0.0,-0.015915932010512043
1635,frozen,47,2,3,0,1,1.0,1.0,0,nan,nan,nan,0.0,-0.015915932010512043
1636,frozen,47,3,4,1,1,1.0,1.0,0,nan,nan,nan,0.0,-0.015915932010512043
1637,frozen,47,8,5,1,0,-1.0,-1.0,1,2,0,0,0.0,-0.015915932010512043
1638,frozen,47,0,3,0,0,-1.0,-1.0,1,0,1,0,0.0,-0.015915932010512043
1639,frozen,47,4,5,1,1,1.0,1.0,0,nan,nan,nan,0.0,-0.015915932010512043
1640,frozen,47,4,4,0,1,1.0,1.0,0,nan,nan,nan,0.0,-0.015915932010512043
1641,frozen,47,8,3,0,0,-1.0,-1.0,1,2,0,0,0.0,-0.015915932010512043
1642,frozen,47,1,5,1,0,-1.0,-1.0,1,0,1,0,0.0,-0.015915932010512043
1643,frozen,47,0,5,1,0,-1.0,-1.0,1,0,1,0,0.0,-0.015915932010512043
1644,frozen,47,7,5,1,0,-1.0,-1.0,1,0,1,0,0.0,-0.015915932010512043
1645,frozen,47,0,3,0,0,-1.0,-1.0,1,0,1,0,0.0,-0.015915932010512043
1646,frozen,47,0,3,0,0,-1.0,-1.0,1,0,1,0,0.0,-0.015915932010512043
1647,frozen,47,6,5,1,1,1.0,1.0,0,nan,nan,nan,0.0,-0.015915932010512043
1648,frozen,47,1,6,1,0,-1.0,-1.0,1,1,0,0,0.0,-0.015915932010512043
1649,frozen,47,2,3,0,1,1.0,1.0,0,nan,nan,nan,0.0,-0.015915932010512043
1650,frozen,47,1,2,0,1,1.0,1.0,0,nan,nan,nan,0.0,-0.015915932010512043
1651,frozen,47,6,3,1,0,-1.0,-1.0,1,2,0,0,0.0,-0.015915932010512043
1652,frozen,47,6,5,1,1,1.0,1.0,0,nan,nan,nan,0.0,-0.015915932010512043
1653,frozen,47,6,4,0,0,-1.0,-1.0,1,1,0,0,0.0,-0.015915932010512043
1654,frozen,47,3,3,0,1,1.0,1.0,0,nan,nan,nan,0.0,-0.015915932010512043
1655,frozen,47,3,4,1,1,1.0,1.0,0,nan,nan,nan,0.0,-0.015915932010512043
1656,frozen,47,8,5,1,0,-1.0,-1.0,1,2,0,0,0.0,-0.015915932010512043
1657,frozen,47,7,5,1,0,-1.0,-1.0,1,0,1,0,0.0,-0.015915932010512043
1658,frozen,47,3,5,1,0,-1.0,-1.0,1,0,1,0,0.0,-0.015915932010512043
1659,frozen,47,2,3,0,1,1.0,1.0,0,nan,nan,nan,0.0,-0.015915932010512043
1660,frozen,47,4,2,0,0,-1.0,-1.0,1,1,0,0,0.0,-0.015915932010512043
1661,frozen,47,6,5,1,1,1.0,1.0,0,nan,nan,nan,0.0,-0.015915932010512043
1662,frozen,47,8,4,0,0,-1.0,-1.0,1,1,0,0,0.0,-0.015915932010512043
1663,frozen,47,4,5,1,1,1.0,1.0,0,nan,nan,nan,0.0,-0.015915932010512043
1664,frozen,47,5,6,1,1,1.0,1.0,0,nan,nan,nan,0.0,-0.015915932010512043
1665,frozen,47,0,5,0,0,-1.0,-1.0,1,2,0,0,0.0,-0.015915932010512043
1666,frozen,47,0,5,1,0,-1.0,-1.0,1,0,1,0,0.0,-0.015915932010512043
1667,frozen,47,4,5,1,1,1.0,1.0,0,nan,nan,nan,0.0,-0.015915932010512043
1668,frozen,47,5,6,1,1,1.0,1.0,0,nan,nan,nan,0.0,-0.015915932010512043
1669,frozen,47,2,5,0,0,-1.0,-1.0,1,2,0,0,0.0,-0.015915932010512043
1670,frozen,47,5,3,0,0,-1.0,-1.0,1,0,1,0,0.0,-0.015915932010512043
1671,frozen,47,7,5,1,0,-1.0,-1.0,1,0,1,0,0.0,-0.015915932010512043
1672,frozen,47,1,5,1,0,-1.0,-1.0,1,0,1,0,0.0,-0.015915932010512043
1673,frozen,47,2,3,0,1,1.0,1.0,0,nan,nan,nan,0.0,-0.015915932010512043
1674,frozen,47,8,4,1,0,-1.0,-1.0,1,1,0,0,0.0,-0.015915932010512043
1675,frozen,47,2,3,0,1,1.0,1.0,0,nan,nan,nan,0.0,-0.015915932010512043
1676,frozen,47,2,2,0,1,1.0,1.0,0,nan,nan,nan,0.0,-0.015915932010512043
1677,frozen,47,5,1,0,0,-1.0,-1.0,1,2,0,0,0.0,-0.015915932010512043
1678,frozen,47,7,5,1,0,-1.0,-1.0,1,0,1,0,0.0,-0.015915932010512043
1679,frozen,47,3,3,0,1,1.0,1.0,0,nan,nan,nan,0.0,-0.015915932010512043
1680,frozen,47,6,4,1,0,-1.0,-1.0,1,1,0,0,0.0,-0.015915932010512043
1681,frozen,47,0,5,1,0,-1.0,-1.0,1,0,1,0,0.0,-0.015915932010512043
1682,frozen,47,4,5,1,1,1.0,1.0,0,nan,nan,nan,0.0,-0.015915932010512043
1683,frozen,47,2,6,1,0,-1.0,-1.0,1,1,0,0,0.0,-0.015915932010512043
1684,frozen,47,5,3,0,0,-1.0,-1.0,1,0,1,0,0.0,-0.015915932010512043
1685,frozen,47,5,3,0,0,-1.0,-1.0,1,0,1,0,0.0,-0.015915932010512043
1686,frozen,47,7,5,1,0,-1.0,-1.0,1,0,1,0,0.0,-0.015915932010512043
1687,frozen,47,1,5,1,0,-1.0,-1.0,1,0,1,0,0.0,-0.015915932010512043
1688,frozen,47,1,5,1,0,-1.0,-1.0,1,0,1,0,0.0,-0.015915932010512043
1689,frozen,47,8,3,0,0,-1.0,-1.0,1,0,1,0,0.0,-0.015915932010512043
1690,frozen,47,8,5,1,0,-1.0,-1.0,1,0,1,0,0.0,-0.015915932010512043
1691,frozen,47,6,5,1,1,1.0,1.0,0,nan,nan,nan,0.0,-0.015915932010512043
1692,frozen,47,8,4,0,0,-1.0,-1.0,1,1,0,0,0.0,-0.015915932010512043
1693,frozen,47,1,5,1,0,-1.0,-1.0,1,0,1,0,0.0,-0.015915932010512043
1694,frozen,47,5,3,0,0,-1.0,-1.0,1,0,1,0,0.0,-0.015915932010512043
1695,frozen,47,3,3,0,1,1.0,1.0,0,nan,nan,nan,0.0,-0.015915932010512043
1696,frozen,47,3,4,1,1,1.0,1.0,0,nan,nan,nan,0.0,-0.015915932010512043
1697,frozen,47,7,3,0,0,-1.0,-1.0,1,2,0,0,0.0,-0.015915932010512043
1698,frozen,47,5,3,0,0,-1.0,-1.0,1,0,1,0,0.0,-0.015915932010512043
1699,frozen,47,0,5,1,0,-1.0,-1.0,1,0,1,0,0.0,-0.015915932010512043
1700,frozen,47,2,3,0,1,1.0,1.0,0,nan,nan,nan,0.0,-0.015915932010512043
1701,frozen,47,7,4,1,0,-1.0,-1.0,1,1,0,0,0.0,-0.015915932010512043
1702,frozen,47,3,3,0,1,1.0,1.0,0,nan,nan,nan,0.0,-0.015915932010512043
1703,frozen,47,6,4,1,0,-1.0,-1.0,1,1,0,0,0.0,-0.015915932010512043
1704,frozen,47,5,3,0,0,-1.0,-1.0,1,0,1,0,0.0,-0.015915932010512043
1705,frozen,47,3,3,0,1,1.0,1.0,0,nan,nan,nan,0.0,-0.015915932010512043
1706,frozen,47,2,2,0,1,1.0,1.0,0,nan,nan,nan,0.0,-0.015915932010512043
1707,frozen,47,6,3,1,0,-1.0,-1.0,1,2,0,0,0.0,-0.015915932010512043
1708,frozen,47,0,3,0,0,-1.0,-1.0,1,0,1,0,0.0,-0.015915932010512043
1709,frozen,47,1,5,1,0,-1.0,-1.0,1,0,1,0,0.0,-0.015915932010512043
1710,frozen,47,5,3,0,0,-1.0,-1.0,1,0,1,0,0.0,-0.015915932010512043
1711,frozen,47,1,5,1,0,-1.0,-1.0,1,0,1,0,0.0,-0.015915932010512043
1712,frozen,47,6,5,1,1,1.0,1.0,0,nan,nan,nan,0.0,-0.015915932010512043
1713,frozen,47,8,6,1,0,-1.0,-1.0,1,1,0,0,0.0,-0.015915932010512043
1714,frozen,47,0,5,1,0,-1.0,-1.0,1,0,1,0,0.0,-0.015915932010512043
1715,frozen,47,4,5,1,1,1.0,1.0,0,nan,nan,nan,0.0,-0.015915932010512043
1716,frozen,47,8,6,1,0,-1.0,-1.0,1,1,0,0,0.0,-0.015915932010512043
1717,frozen,47,2,3,0,1,1.0,1.0,0,nan,nan,nan,0.0,-0.015915932010512043
1718,frozen,47,2,2,0,1,1.0,1.0,0,nan,nan,nan,0.0,-0.015915932010512043
1719,frozen,47,2,3,1,1,1.0,1.0,0,nan,nan,nan,0.0,-0.015915932010512043
1720,frozen,47,4,2,0,0,-1.0,-1.0,1,3,0,1,0.0,-0.015915932010512043
1721,frozen,47,4,5,1,1,1.0,1.0,0,nan,nan,nan,0.0,-0.015915932010512043
1722,frozen,47,2,6,1,0,-1.0,-1.0,1,1,0,0,0.0,-0.015915932010512043
1723,frozen,47,0,3,0,0,-1.0,-1.0,1,0,1,0,0.0,-0.015915932010512043
1724,frozen,47,0,5,1,0,-1.0,-1.0,1,0,1,0,0.0,-0.015915932010512043
1725,frozen,47,3,3,0,1,1.0,1.0,0,nan,nan,nan,0.0,-0.015915932010512043
1726,frozen,47,5,4,1,1,1.0,1.0,0,nan,nan,nan,0.0,-0.015915932010512043
1727,frozen,47,3,3,0,1,1.0,1.0,0,nan,nan,nan,0.0,-0.015915932010512043
1728,frozen,47,7,4,1,0,-1.0,-1.0,1,3,0,1,0.0,-0.015915932010512043
1729,frozen,47,8,3,0,0,-1.0,-1.0,1,0,1,0,0.0,-0.015915932010512043
1730,frozen,47,6,5,1,1,1.0,1.0,0,nan,nan,nan,0.0,-0.015915932010512043
1731,frozen,47,4,4,0,1,1.0,1.0,0,nan,nan,nan,0.0,-0.015915932010512043
1732,frozen,47,3,3,0,1,1.0,1.0,0,nan,nan,nan,0.0,-0.015915932010512043
1733,frozen,47,3,4,1,1,1.0,1.0,0,nan,nan,nan,0.0,-0.015915932010512043
1734,frozen,47,3,3,0,1,1.0,1.0,0,nan,nan,nan,0.0,-0.015915932010512043
1735,frozen,47,5,4,1,1,1.0,1.0,0,nan,nan,nan,0.0,-0.015915932010512043
1736,frozen,47,4,5,1,1,1.0,1.0,0,nan,nan,nan,0.0,-0.015915932010512043
1737,frozen,47,4,4,0,1,1.0,1.0,0,nan,nan,nan,0.0,-0.015915932010512043
1738,frozen,47,4,5,1,1,1.0,1.0,0,nan,nan,nan,0.0,-0.015915932010512043
1739,frozen,47,2,6,1,0,-1.0,-1.0,1,9,0,1,0.0,-0.015915932010512043
1740,frozen,47,7,5,1,0,-1.0,-1.0,1,0,1,0,0.0,-0.015915932010512043
1741,frozen,47,3,3,0,1,1.0,1.0,0,nan,nan,nan,0.0,-0.015915932010512043
1742,frozen,47,2,2,0,1,1.0,1.0,0,nan,nan,nan,0.0,-0.015915932010512043
1743,frozen,47,7,3,1,0,-1.0,-1.0,1,2,0,0,0.0,-0.015915932010512043
1744,frozen,47,1,5,1,0,-1.0,-1.0,1,0,1,0,0.0,-0.015915932010512043
1745,frozen,47,6,5,1,1,1.0,1.0,0,nan,nan,nan,0.0,-0.015915932010512043
1746,frozen,47,5,6,1,1,1.0,1.0,0,nan,nan,nan,0.0,-0.015915932010512043
1747,frozen,47,7,5,0,0,-1.0,-1.0,1,2,0,0,0.0,-0.015915932010512043
1748,frozen,47,2,3,0,1,1.0,1.0,0,nan,nan,nan,0.0,-0.015915932010512043
1749,frozen,47,3,4,1,1,1.0,1.0,0,nan,nan,nan,0.0,-0.015915932010512043
1750,frozen,47,8,3,0,0,-1.0,-1.0,1,2,0,0,0.0,-0.015915932010512043
1751,frozen,47,1,5,1,0,-1.0,-1.0,1,0,1,0,0.0,-0.015915932010512043
1752,frozen,47,5,3,0,0,-1.0,-1.0,1,0,1,0,0.0,-0.015915932010512043
1753,frozen,47,6,5,1,1,1.0,1.0,0,nan,nan,nan,0.0,-0.015915932010512043
1754,frozen,47,4,4,0,1,1.0,1.0,0,nan,nan,nan,0.0,-0.015915932010512043
1755,frozen,47,8,3,0,0,-1.0,-1.0,1,2,0,0,0.0,-0.015915932010512043
1756,frozen,47,8,5,1,0,-1.0,-1.0,1,0,1,0,0.0,-0.015915932010512043
1757,frozen,47,2,3,0,1,1.0,1.0,0,nan,nan,nan,0.0,-0.015915932010512043
1758,frozen,47,8,4,1,0,-1.0,-1.0,1,1,0,0,0.0,-0.015915932010512043
1759,frozen,47,0,5,1,0,-1.0,-1.0,1,0,1,0,0.0,-0.015915932010512043
1760,frozen,47,3,3,0,1,1.0,1.0,0,nan,nan,nan,0.0,-0.015915932010512043
1761,frozen,47,8,4,1,0,-1.0,-1.0,1,1,0,0,0.0,-0.015915932010512043
1762,frozen,47,7,5,1,0,-1.0,-1.0,1,0,1,0,0.0,-0.015915932010512043
1763,frozen,47,8,5,1,0,-1.0,-1.0,1,0,1,0,0.0,-0.015915932010512043
1764,frozen,47,1,5,1,0,-1.0,-1.0,1,0,1,0,0.0,-0.015915932010512043
1765,frozen,47,4,5,1,1,1.0,1.0,0,nan,nan,nan,0.0,-0.015915932010512043
1766,frozen,47,5,6,1,1,1.0,1.0,0,nan,nan,nan,0.0,-0.015915932010512043
1767,frozen,47,3,7,1,0,-1.0,-1.0,1,2,0,0,0.0,-0.015915932010512043
1768,frozen,47,2,3,0,1,1.0,1.0,0,nan,nan,nan,0.0,-0.015915932010512043
1769,frozen,47,1,2,0,1,1.0,1.0,0,nan,nan,nan,0.0,-0.015915932010512043
1770,frozen,47,0,1,0,1,1.0,1.0,0,nan,nan,nan,0.0,-0.015915932010512043
1771,frozen,47,0,0,0,1,1.0,1.0,0,nan,nan,nan,0.0,-0.015915932010512043
1772,frozen,47,0,1,1,1,1.0,1.0,0,nan,nan,nan,0.0,-0.015915932010512043
1773,frozen,47,7,2,1,0,-1.0,-1.0,1,5,0,1,0.0,-0.015915932010512043
1774,frozen,47,2,3,0,1,1.0,1.0,0,nan,nan,nan,0.0,-0.015915932010512043
1775,frozen,47,3,4,1,1,1.0,1.0,0,nan,nan,nan,0.0,-0.015915932010512043
1776,frozen,47,1,5,1,0,-1.0,-1.0,1,2,0,0,0.0,-0.015915932010512043
1777,frozen,47,3,3,0,1,1.0,1.0,0,nan,nan,nan,0.0,-0.015915932010512043
1778,frozen,47,2,2,0,1,1.0,1.0,0,nan,nan,nan,0.0,-0.015915932010512043
1779,frozen,47,6,3,1,0,-1.0,-1.0,1,2,0,0,0.0,-0.015915932010512043
1780,frozen,47,3,3,0,1,1.0,1.0,0,nan,nan,nan,0.0,-0.015915932010512043
1781,frozen,47,4,2,0,0,-1.0,-1.0,1,1,0,0,0.0,-0.015915932010512043
1782,frozen,47,6,5,1,1,1.0,1.0,0,nan,nan,nan,0.0,-0.015915932010512043
1783,frozen,47,0,4,0,0,-1.0,-1.0,1,1,0,0,0.0,-0.015915932010512043
1784,frozen,47,1,3,0,0,-1.0,-1.0,1,0,1,0,0.0,-0.015915932010512043
1785,frozen,47,6,5,1,1,1.0,1.0,0,nan,nan,nan,0.0,-0.015915932010512043
1786,frozen,47,3,4,0,1,1.0,1.0,0,nan,nan,nan,0.0,-0.015915932010512043
1787,frozen,47,3,3,0,1,1.0,1.0,0,nan,nan,nan,0.0,-0.015915932010512043
1788,frozen,47,1,2,0,1,1.0,1.0,0,nan,nan,nan,0.0,-0.015915932010512043
1789,frozen,47,2,3,1,1,1.0,1.0,0,nan,nan,nan,0.0,-0.015915932010512043
1790,frozen,47,4,2,0,0,-1.0,-1.0,1,5,0,1,0.0,-0.015915932010512043
1791,frozen,47,4,5,1,1,1.0,1.0,0,nan,nan,nan,0.0,-0.015915932010512043
1792,frozen,47,4,4,0,1,1.0,1.0,0,nan,nan,nan,0.0,-0.015915932010512043
1793,frozen,47,8,3,0,0,-1.0,-1.0,1,2,0,0,0.0,-0.015915932010512043
1794,frozen,47,7,3,0,0,-1.0,-1.0,1,0,1,0,0.0,-0.015915932010512043
1795,frozen,47,0,3,0,0,-1.0,-1.0,1,0,1,0,0.0,-0.015915932010512043
1796,frozen,47,8,3,0,0,-1.0,-1.0,1,0,1,0,0.0,-0.015915932010512043
1797,frozen,47,3,3,0,1,1.0,1.0,0,nan,nan,nan,0.0,-0.015915932010512043
1798,frozen,47,8,4,1,0,-1.0,-1.0,1,1,0,0,0.0,-0.015915932010512043
1799,frozen,47,6,5,1,1,1.0,1.0,0,nan,nan,nan,0.0,-0.015915932010512043
1800,frozen,47,5,6,1,1,1.0,1.0,0,nan,nan,nan,0.0,-0.015915932010512043
1801,frozen,47,8,7,1,1,1.0,1.0,0,nan,nan,nan,0.0,-0.015915932010512043
1802,frozen,47,3,6,0,0,-1.0,-1.0,1,3,0,1,0.0,-0.015915932010512043
1803,frozen,47,3,5,1,0,-1.0,-1.0,1,0,1,0,0.0,-0.015915932010512043
1804,frozen,47,2,3,0,1,1.0,1.0,0,nan,nan,nan,0.0,-0.015915932010512043
1805,frozen,47,8,4,1,0,-1.0,-1.0,1,1,0,0,0.0,-0.015915932010512043
1806,frozen,47,5,3,0,0,-1.0,-1.0,1,0,1,0,0.0,-0.015915932010512043
1807,frozen,47,5,3,0,0,-1.0,-1.0,1,0,1,0,0.0,-0.015915932010512043
1808,frozen,47,1,5,1,0,-1.0,-1.0,1,0,1,0,0.0,-0.015915932010512043
1809,frozen,47,3,3,0,1,1.0,1.0,0,nan,nan,nan,0.0,-0.015915932010512043
1810,frozen,47,6,2,0,0,-1.0,-1.0,1,1,0,0,0.0,-0.015915932010512043
1811,frozen,47,5,3,0,0,-1.0,-1.0,1,0,1,0,0.0,-0.015915932010512043
1812,frozen,47,7,3,0,0,-1.0,-1.0,1,0,1,0,0.0,-0.015915932010512043
1813,frozen,47,2,3,0,1,1.0,1.0,0,nan,nan,nan,0.0,-0.015915932010512043
1814,frozen,47,8,4,1,0,-1.0,-1.0,1,1,0,0,0.0,-0.015915932010512043
1815,frozen,47,7,3,0,0,-1.0,-1.0,1,0,1,0,0.0,-0.015915932010512043
1816,frozen,47,1,5,1,0,-1.0,-1.0,1,0,1,0,0.0,-0.015915932010512043
1817,frozen,47,6,5,1,1,1.0,1.0,0,nan,nan,nan,0.0,-0.015915932010512043
1818,frozen,47,5,6,1,1,1.0,1.0,0,nan,nan,nan,0.0,-0.015915932010512043
1819,frozen,47,5,5,0,1,1.0,1.0,0,nan,nan,nan,0.0,-0.015915932010512043
1820,frozen,47,2,6,1,0,-1.0,-1.0,1,3,0,1,0.0,-0.015915932010512043
1821,frozen,47,1,5,1,0,-1.0,-1.0,1,0,1,0,0.0,-0.015915932010512043
1822,frozen,47,6,3,0,0,-1.0,-1.0,1,0,1,0,0.0,-0.015915932010512043
1823,frozen,47,4,5,1,1,1.0,1.0,0,nan,nan,nan,0.0,-0.015915932010512043
1824,frozen,47,2,6,1,0,-1.0,-1.0,1,1,0,0,0.0,-0.015915932010512043
1825,frozen,47,5,3,0,0,-1.0,-1.0,1,0,1,0,0.0,-0.015915932010512043
1826,frozen,47,4,5,1,1,1.0,1.0,0,nan,nan,nan,0.0,-0.015915932010512043
1827,frozen,47,7,6,1,1,1.0,1.0,0,nan,nan,nan,0.0,-0.015915932010512043
1828,frozen,47,8,7,1,1,1.0,1.0,0,nan,nan,nan,0.0,-0.015915932010512043
1829,frozen,47,1,6,0,0,-1.0,-1.0,1,3,0,1,0.0,-0.015915932010512043
1830,frozen,47,5,3,0,0,-1.0,-1.0,1,0,1,0,0.0,-0.015915932010512043
1831,frozen,47,8,5,1,0,-1.0,-1.0,1,0,1,0,0.0,-0.015915932010512043
1832,frozen,47,8,3,0,0,-1.0,-1.0,1,0,1,0,0.0,-0.015915932010512043
1833,frozen,47,1,5,1,0,-1.0,-1.0,1,0,1,0,0.0,-0.015915932010512043
1834,frozen,47,3,3,0,1,1.0,1.0,0,nan,nan,nan,0.0,-0.015915932010512043
1835,frozen,47,7,2,0,0,-1.0,-1.0,1,1,0,0,0.0,-0.015915932010512043
1836,frozen,47,6,5,1,1,1.0,1.0,0,nan,nan,nan,0.0,-0.015915932010512043
1837,frozen,47,1,6,1,0,-1.0,-1.0,1,1,0,0,0.0,-0.015915932010512043
1838,frozen,47,7,5,1,0,-1.0,-1.0,1,0,1,0,0.0,-0.015915932010512043
1839,frozen,47,5,3,0,0,-1.0,-1.0,1,0,1,0,0.0,-0.015915932010512043
1840,frozen,47,7,5,1,0,-1.0,-1.0,1,0,1,0,0.0,-0.015915932010512043
1841,frozen,47,7,3,0,0,-1.0,-1.0,1,0,1,0,0.0,-0.015915932010512043
1842,frozen,47,2,3,0,1,1.0,1.0,0,nan,nan,nan,0.0,-0.015915932010512043
1843,frozen,47,8,4,1,0,-1.0,-1.0,1,1,0,0,0.0,-0.015915932010512043
1844,frozen,47,5,3,0,0,-1.0,-1.0,1,0,1,0,0.0,-0.015915932010512043
1845,frozen,47,5,3,0,0,-1.0,-1.0,1,0,1,0,0.0,-0.015915932010512043
1846,frozen,47,5,3,0,0,-1.0,-1.0,1,0,1,0,0.0,-0.015915932010512043
1847,frozen,47,0,3,0,0,-1.0,-1.0,1,0,1,0,0.0,-0.015915932010512043
1848,frozen,47,3,3,0,1,1.0,1.0,0,nan,nan,nan,0.0,-0.015915932010512043
1849,frozen,47,3,4,1,1,1.0,1.0,0,nan,nan,nan,0.0,-0.015915932010512043
1850,frozen,47,6,5,1,1,1.0,1.0,0,nan,nan,nan,0.0,-0.015915932010512043
1851,frozen,47,3,4,0,1,1.0,1.0,0,nan,nan,nan,0.0,-0.015915932010512043
1852,frozen,47,2,3,0,1,1.0,1.0,0,nan,nan,nan,0.0,-0.015915932010512043
1853,frozen,47,8,4,1,0,-1.0,-1.0,1,5,0,1,0.0,-0.015915932010512043
1854,frozen,47,7,5,1,0,-1.0,-1.0,1,0,1,0,0.0,-0.015915932010512043
1855,frozen,47,8,5,1,0,-1.0,-1.0,1,0,1,0,0.0,-0.015915932010512043
1856,frozen,47,1,3,0,0,-1.0,-1.0,1,0,1,0,0.0,-0.015915932010512043
1857,frozen,47,0,5,1,0,-1.0,-1.0,1,0,1,0,0.0,-0.015915932010512043
1858,frozen,47,1,5,1,0,-1.0,-1.0,1,0,1,0,0.0,-0.015915932010512043
1859,frozen,47,5,3,0,0,-1.0,-1.0,1,0,1,0,0.0,-0.015915932010512043
1860,frozen,47,1,3,0,0,-1.0,-1.0,1,0,1,0,0.0,-0.015915932010512043
1861,frozen,47,6,5,1,1,1.0,1.0,0,nan,nan,nan,0.0,-0.015915932010512043
1862,frozen,47,0,4,0,0,-1.0,-1.0,1,1,0,0,0.0,-0.015915932010512043
1863,frozen,47,7,3,0,0,-1.0,-1.0,1,0,1,0,0.0,-0.015915932010512043
1864,frozen,47,1,5,1,0,-1.0,-1.0,1,0,1,0,0.0,-0.015915932010512043
1865,frozen,47,1,5,1,0,-1.0,-1.0,1,0,1,0,0.0,-0.015915932010512043
1866,frozen,47,8,5,1,0,-1.0,-1.0,1,0,1,0,0.0,-0.015915932010512043
1867,frozen,47,8,3,0,0,-1.0,-1.0,1,0,1,0,0.0,-0.015915932010512043
1868,frozen,47,6,5,1,1,1.0,1.0,0,nan,nan,nan,0.0,-0.015915932010512043
1869,frozen,47,5,6,1,1,1.0,1.0,0,nan,nan,nan,0.0,-0.015915932010512043
1870,frozen,47,5,5,0,1,1.0,1.0,0,nan,nan,nan,0.0,-0.015915932010512043
1871,frozen,47,7,6,1,1,1.0,1.0,0,nan,nan,nan,0.0,-0.015915932010512043
1872,frozen,47,6,7,1,1,1.0,1.0,0,nan,nan,nan,0.0,-0.015915932010512043
1873,frozen,47,5,6,0,1,1.0,1.0,0,nan,nan,nan,0.0,-0.015915932010512043
1874,frozen,47,6,7,1,1,1.0,1.0,0,nan,nan,nan,0.0,-0.015915932010512043
1875,frozen,47,7,8,1,1,1.0,1.0,0,nan,nan,nan,0.0,-0.015915932010512043
1876,frozen,47,4,8,1,0,-1.0,-1.0,1,8,0,1,0.0,-0.015915932010512043
1877,frozen,47,5,3,0,0,-1.0,-1.0,1,0,1,0,0.0,-0.015915932010512043
1878,frozen,47,7,3,0,0,-1.0,-1.0,1,0,1,0,0.0,-0.015915932010512043
1879,frozen,47,3,3,0,1,1.0,1.0,0,nan,nan,nan,0.0,-0.015915932010512043
1880,frozen,47,6,4,1,0,-1.0,-1.0,1,1,0,0,0.0,-0.015915932010512043
1881,frozen,47,7,3,0,0,-1.0,-1.0,1,0,1,0,0.0,-0.015915932010512043
1882,frozen,47,2,3,0,1,1.0,1.0,0,nan,nan,nan,0.0,-0.015915932010512043
1883,frozen,47,7,4,1,0,-1.0,-1.0,1,1,0,0,0.0,-0.015915932010512043
1884,frozen,47,6,5,1,1,1.0,1.0,0,nan,nan,nan,0.0,-0.015915932010512043
1885,frozen,47,2,4,0,0,-1.0,-1.0,1,1,0,0,0.0,-0.015915932010512043
1886,frozen,47,1,5,1,0,-1.0,-1.0,1,0,1,0,0.0,-0.015915932010512043
1887,frozen,47,1,5,1,0,-1.0,-1.0,1,0,1,0,0.0,-0.015915932010512043
1888,frozen,47,7,5,1,0,-1.0,-1.0,1,0,1,0,0.0,-0.015915932010512043
1889,frozen,47,2,3,0,1,1.0,1.0,0,nan,nan,nan,0.0,-0.015915932010512043
1890,frozen,47,4,2,0,0,-1.0,-1.0,1,1,0,0,0.0,-0.015915932010512043
1891,frozen,47,1,5,1,0,-1.0,-1.0,1,0,1,0,0.0,-0.015915932010512043
1892,frozen,47,6,5,1,1,1.0,1.0,0,nan,nan,nan,0.0,-0.015915932010512043
1893,frozen,47,0,6,1,0,-1.0,-1.0,1,1,0,0,0.0,-0.015915932010512043
1894,frozen,47,5,3,0,0,-1.0,-1.0,1,0,1,0,0.0,-0.015915932010512043
1895,frozen,47,5,3,0,0,-1.0,-1.0,1,0,1,0,0.0,-0.015915932010512043
1896,frozen,47,2,3,0,1,1.0,1.0,0,nan,nan,nan,0.0,-0.015915932010512043
1897,frozen,47,2,4,1,0,-1.0,-1.0,1,1,0,0,0.0,-0.015915932010512043
1898,frozen,47,1,5,1,0,-1.0,-1.0,1,0,1,0,0.0,-0.015915932010512043
1899,frozen,47,7,5,1,0,-1.0,-1.0,1,0,1,0,0.0,-0.015915932010512043
1900,frozen,47,0,3,0,0,-1.0,-1.0,1,0,1,0,0.0,-0.015915932010512043
1901,frozen,47,6,5,1,1,1.0,1.0,0,nan,nan,nan,0.0,-0.015915932010512043
1902,frozen,47,8,4,0,0,-1.0,-1.0,1,1,0,0,0.0,-0.015915932010512043
1903,frozen,47,1,5,1,0,-1.0,-1.0,1,0,1,0,0.0,-0.015915932010512043
1904,frozen,47,4,5,1,1,1.0,1.0,0,nan,nan,nan,0.0,-0.015915932010512043
1905,frozen,47,5,6,1,1,1.0,1.0,0,nan,nan,nan,0.0,-0.015915932010512043
1906,frozen,47,4,5,0,1,1.0,1.0,0,nan,nan,nan,0.0,-0.015915932010512043
1907,frozen,47,4,4,0,1,1.0,1.0,0,nan,nan,nan,0.0,-0.015915932010512043
1908,frozen,47,8,5,1,0,-1.0,-1.0,1,4,0,1,0.0,-0.015915932010512043
1909,frozen,47,4,5,1,1,1.0,1.0,0,nan,nan,nan,0.0,-0.015915932010512043
1910,frozen,47,7,6,1,1,1.0,1.0,0,nan,nan,nan,0.0,-0.015915932010512043
1911,frozen,47,7,5,0,0,-1.0,-1.0,1,2,0,0,0.0,-0.015915932010512043
1912,frozen,47,2,3,0,1,1.0,1.0,0,nan,nan,nan,0.0,-0.015915932010512043
1913,frozen,47,0,4,1,0,-1.0,-1.0,1,1,0,0,0.0,-0.015915932010512043
1914,frozen,47,1,5,1,0,-1.0,-1.0,1,0,1,0,0.0,-0.015915932010512043
1915,frozen,47,7,5,1,0,-1.0,-1.0,1,0,1,0,0.0,-0.015915932010512043
1916,frozen,47,6,5,1,1,1.0,1.0,0,nan,nan,nan,0.0,-0.015915932010512043
1917,frozen,47,5,6,1,1,1.0,1.0,0,nan,nan,nan,0.0,-0.015915932010512043
1918,frozen,47,4,5,0,1,1.0,1.0,0,nan,nan,nan,0.0,-0.015915932010512043
1919,frozen,47,8,6,1,0,-1.0,-1.0,1,3,0,1,0.0,-0.015915932010512043
1920,frozen,47,3,3,0,1,1.0,1.0,0,nan,nan,nan,0.0,-0.015915932010512043
1921,frozen,47,4,2,0,0,-1.0,-1.0,1,1,0,0,0.0,-0.015915932010512043
1922,frozen,47,8,3,0,0,-1.0,-1.0,1,0,1,0,0.0,-0.015915932010512043
1923,frozen,47,5,3,0,0,-1.0,-1.0,1,0,1,0,0.0,-0.015915932010512043
1924,frozen,47,5,3,0,0,-1.0,-1.0,1,0,1,0,0.0,-0.015915932010512043
1925,frozen,47,7,5,1,0,-1.0,-1.0,1,0,1,0,0.0,-0.015915932010512043
1926,frozen,47,6,5,1,1,1.0,1.0,0,nan,nan,nan,0.0,-0.015915932010512043
1927,frozen,47,6,4,0,0,-1.0,-1.0,1,1,0,0,0.0,-0.015915932010512043
1928,frozen,47,0,3,0,0,-1.0,-1.0,1,0,1,0,0.0,-0.015915932010512043
1929,frozen,47,4,5,1,1,1.0,1.0,0,nan,nan,nan,0.0,-0.015915932010512043
1930,frozen,47,3,6,1,0,-1.0,-1.0,1,1,0,0,0.0,-0.015915932010512043
1931,frozen,47,8,3,0,0,-1.0,-1.0,1,0,1,0,0.0,-0.015915932010512043
1932,frozen,47,7,3,0,0,-1.0,-1.0,1,0,1,0,0.0,-0.015915932010512043
1933,frozen,47,0,3,0,0,-1.0,-1.0,1,0,1,0,0.0,-0.015915932010512043
1934,frozen,47,6,5,1,1,1.0,1.0,0,nan,nan,nan,0.0,-0.015915932010512043
1935,frozen,47,8,4,0,0,-1.0,-1.0,1,1,0,0,0.0,-0.015915932010512043
1936,frozen,47,5,3,0,0,-1.0,-1.0,1,0,1,0,0.0,-0.015915932010512043
1937,frozen,47,7,3,0,0,-1.0,-1.0,1,0,1,0,0.0,-0.015915932010512043
1938,frozen,47,8,5,1,0,-1.0,-1.0,1,0,1,0,0.0,-0.015915932010512043
1939,frozen,47,2,3,0,1,1.0,1.0,0,nan,nan,nan,0.0,-0.015915932010512043
1940,frozen,47,0,4,1,0,-1.0,-1.0,1,1,0,0,0.0,-0.015915932010512043
1941,frozen,47,2,3,0,1,1.0,1.0,0,nan,nan,nan,0.0,-0.015915932010512043
1942,frozen,47,5,4,1,1,1.0,1.0,0,nan,nan,nan,0.0,-0.015915932010512043
1943,frozen,47,6,5,1,1,1.0,1.0,0,nan,nan,nan,0.0,-0.015915932010512043
1944,frozen,47,7,6,1,1,1.0,1.0,0,nan,nan,nan,0.0,-0.015915932010512043
1945,frozen,47,6,7,1,1,1.0,1.0,0,nan,nan,nan,0.0,-0.015915932010512043
1946,frozen,47,0,6,0,0,-1.0,-1.0,1,5,0,1,0.0,-0.015915932010512043
1947,frozen,47,3,3,0,1,1.0,1.0,0,nan,nan,nan,0.0,-0.015915932010512043
1948,frozen,47,1,4,1,0,-1.0,-1.0,1,1,0,0,0.0,-0.015915932010512043
1949,frozen,47,5,3,0,0,-1.0,-1.0,1,0,1,0,0.0,-0.015915932010512043
1950,frozen,47,1,3,0,0,-1.0,-1.0,1,0,1,0,0.0,-0.015915932010512043
1951,frozen,47,3,3,0,1,1.0,1.0,0,nan,nan,nan,0.0,-0.015915932010512043
1952,frozen,47,6,2,0,0,-1.0,-1.0,1,1,0,0,0.0,-0.015915932010512043
1953,frozen,47,4,5,1,1,1.0,1.0,0,nan,nan,nan,0.0,-0.015915932010512043
1954,frozen,47,6,4,0,0,-1.0,-1.0,1,1,0,0,0.0,-0.015915932010512043
1955,frozen,47,2,3,0,1,1.0,1.0,0,nan,nan,nan,0.0,-0.015915932010512043
1956,frozen,47,0,4,1,0,-1.0,-1.0,1,1,0,0,0.0,-0.015915932010512043
1957,frozen,47,0,3,0,0,-1.0,-1.0,1,0,1,0,0.0,-0.015915932010512043
1958,frozen,47,2,3,0,1,1.0,1.0,0,nan,nan,nan,0.0,-0.015915932010512043
1959,frozen,47,4,2,0,0,-1.0,-1.0,1,1,0,0,0.0,-0.015915932010512043
1960,frozen,47,1,5,1,0,-1.0,-1.0,1,0,1,0,0.0,-0.015915932010512043
1961,frozen,47,0,3,0,0,-1.0,-1.0,1,0,1,0,0.0,-0.015915932010512043
1962,frozen,47,0,3,0,0,-1.0,-1.0,1,0,1,0,0.0,-0.015915932010512043
1963,frozen,47,8,5,1,0,-1.0,-1.0,1,0,1,0,0.0,-0.015915932010512043
1964,frozen,47,8,3,0,0,-1.0,-1.0,1,0,1,0,0.0,-0.015915932010512043
1965,frozen,47,5,3,0,0,-1.0,-1.0,1,0,1,0,0.0,-0.015915932010512043
1966,frozen,47,6,3,0,0,-1.0,-1.0,1,0,1,0,0.0,-0.015915932010512043
1967,frozen,47,4,5,1,1,1.0,1.0,0,nan,nan,nan,0.0,-0.015915932010512043
1968,frozen,47,5,6,1,1,1.0,1.0,0,nan,nan,nan,0.0,-0.015915932010512043
1969,frozen,47,3,7,1,0,-1.0,-1.0,1,2,0,0,0.0,-0.015915932010512043
1970,frozen,47,0,5,1,0,-1.0,-1.0,1,0,1,0,0.0,-0.015915932010512043
1971,frozen,47,5,3,0,0,-1.0,-1.0,1,0,1,0,0.0,-0.015915932010512043
1972,frozen,47,7,3,0,0,-1.0,-1.0,1,0,1,0,0.0,-0.015915932010512043
1973,frozen,47,7,5,1,0,-1.0,-1.0,1,0,1,0,0.0,-0.015915932010512043
1974,frozen,47,1,5,1,0,-1.0,-1.0,1,0,1,0,0.0,-0.015915932010512043
1975,frozen,47,6,5,1,1,1.0,1.0,0,nan,nan,nan,0.0,-0.015915932010512043
1976,frozen,47,1,4,0,0,-1.0,-1.0,1,1,0,0,0.0,-0.015915932010512043
1977,frozen,47,8,5,1,0,-1.0,-1.0,1,0,1,0,0.0,-0.015915932010512043
1978,frozen,47,2,3,0,1,1.0,1.0,0,nan,nan,nan,0.0,-0.015915932010512043
1979,frozen,47,5,4,1,1,1.0,1.0,0,nan,nan,nan,0.0,-0.015915932010512043
1980,frozen,47,7,5,1,0,-1.0,-1.0,1,2,0,0,0.0,-0.015915932010512043
1981,frozen,47,3,3,0,1,1.0,1.0,0,nan,nan,nan,0.0,-0.015915932010512043
1982,frozen,47,6,2,0,0,-1.0,-1.0,1,1,0,0,0.0,-0.015915932010512043
1983,frozen,47,5,3,0,0,-1.0,-1.0,1,0,1,0,0.0,-0.015915932010512043
1984,frozen,47,0,5,1,0,-1.0,-1.0,1,0,1,0,0.0,-0.015915932010512043
1985,frozen,47,2,5,1,0,-1.0,-1.0,1,0,1,0,0.0,-0.015915932010512043
1986,frozen,47,5,3,0,0,-1.0,-1.0,1,0,1,0,0.0,-0.015915932010512043
1987,frozen,47,0,5,1,0,-1.0,-1.0,1,0,1,0,0.0,-0.015915932010512043
1988,frozen,47,7,5,1,0,-1.0,-1.0,1,0,1,0,0.0,-0.015915932010512043
1989,frozen,47,2,3,0,1,1.0,1.0,0,nan,nan,nan,0.0,-0.015915932010512043
1990,frozen,47,2,2,0,1,1.0,1.0,0,nan,nan,nan,0.0,-0.015915932010512043
1991,frozen,47,8,3,1,0,-1.0,-1.0,1,2,0,0,0.0,-0.015915932010512043
1992,frozen,47,5,3,0,0,-1.0,-1.0,1,0,1,0,0.0,-0.015915932010512043
1993,frozen,47,4,5,1,1,1.0,1.0,0,nan,nan,nan,0.0,-0.015915932010512043
1994,frozen,47,5,6,1,1,1.0,1.0,0,nan,nan,nan,0.0,-0.015915932010512043
1995,frozen,47,0,7,1,0,-1.0,-1.0,1,2,0,0,0.0,-0.015915932010512043
1996,frozen,47,5,3,0,0,-1.0,-1.0,1,0,1,0,0.0,-0.015915932010512043
1997,frozen,47,2,3,0,1,1.0,1.0,0,nan,nan,nan,0.0,-0.015915932010512043
1998,frozen,47,4,2,0,0,-1.0,-1.0,1,1,0,0,0.0,-0.015915932010512043
1999,frozen,47,6,5,1,1,1.0,1.0,0,nan,nan,nan,0.0,-0.015915932010512043
2000,frozen,47,3,6,1,0,-1.0,-1.0,1,1,0,0,0.0,-0.015915932010512043
2001,frozen,47,5,3,0,0,-1.0,-1.0,1,0,1,0,0.0,-0.015915932010512043
2002,frozen,47,7,3,0,0,-1.0,-1.0,1,0,1,0,0.0,-0.015915932010512043
2003,frozen,47,6,5,1,1,1.0,1.0,0,nan,nan,nan,0.0,-0.015915932010512043
2004,frozen,47,4,4,0,1,1.0,1.0,0,nan,nan,nan,0.0,-0.015915932010512043
2005,frozen,47,2,3,0,1,1.0,1.0,0,nan,nan,nan,0.0,-0.015915932010512043
2006,frozen,47,7,2,0,0,-1.0,-1.0,1,3,0,1,0.0,-0.015915932010512043
2007,frozen,47,1,5,1,0,-1.0,-1.0,1,0,1,0,0.0,-0.015915932010512043
2008,frozen,47,0,5,1,0,-1.0,-1.0,1,0,1,0,0.0,-0.015915932010512043
2009,frozen,47,7,5,1,0,-1.0,-1.0,1,0,1,0,0.0,-0.015915932010512043
2010,frozen,47,8,5,1,0,-1.0,-1.0,1,0,1,0,0.0,-0.015915932010512043
2011,frozen,47,1,5,1,0,-1.0,-1.0,1,0,1,0,0.0,-0.015915932010512043
2012,frozen,47,0,5,1,0,-1.0,-1.0,1,0,1,0,0.0,-0.015915932010512043
2013,frozen,47,3,3,0,1,1.0,1.0,0,nan,nan,nan,0.0,-0.015915932010512043
2014,frozen,47,5,4,1,1,1.0,1.0,0,nan,nan,nan,0.0,-0.015915932010512043
2015,frozen,47,6,5,1,1,1.0,1.0,0,nan,nan,nan,0.0,-0.015915932010512043
2016,frozen,47,4,4,0,1,1.0,1.0,0,nan,nan,nan,0.0,-0.015915932010512043
2017,frozen,47,8,3,0,0,-1.0,-1.0,1,4,0,1,0.0,-0.015915932010512043
2018,frozen,47,6,5,1,1,1.0,1.0,0,nan,nan,nan,0.0,-0.015915932010512043
2019,frozen,47,7,6,1,1,1.0,1.0,0,nan,nan,nan,0.0,-0.015915932010512043
2020,frozen,47,4,5,0,1,1.0,1.0,0,nan,nan,nan,0.0,-0.015915932010512043
2021,frozen,47,5,6,1,1,1.0,1.0,0,nan,nan,nan,0.0,-0.015915932010512043
2022,frozen,47,8,7,1,1,1.0,1.0,0,nan,nan,nan,0.0,-0.015915932010512043
2023,frozen,47,6,6,0,1,1.0,1.0,0,nan,nan,nan,0.0,-0.015915932010512043
2024,frozen,47,5,5,0,1,1.0,1.0,0,nan,nan,nan,0.0,-0.015915932010512043
2025,frozen,47,6,4,0,0,-1.0,-1.0,1,7,0,1,0.0,-0.015915932010512043
2026,frozen,47,2,3,0,1,1.0,1.0,0,nan,nan,nan,0.0,-0.015915932010512043
2027,frozen,47,0,4,1,0,-1.0,-1.0,1,1,0,0,0.0,-0.015915932010512043
2028,frozen,47,0,3,0,0,-1.0,-1.0,1,0,1,0,0.0,-0.015915932010512043
2029,frozen,47,8,5,1,0,-1.0,-1.0,1,0,1,0,0.0,-0.015915932010512043
2030,frozen,47,0,5,1,0,-1.0,-1.0,1,0,1,0,0.0,-0.015915932010512043
2031,frozen,47,0,3,0,0,-1.0,-1.0,1,0,1,0,0.0,-0.015915932010512043
2032,frozen,47,3,3,0,1,1.0,1.0,0,nan,nan,nan,0.0,-0.015915932010512043
2033,frozen,47,0,4,1,0,-1.0,-1.0,1,1,0,0,0.0,-0.015915932010512043
2034,frozen,47,8,3,0,0,-1.0,-1.0,1,0,1,0,0.0,-0.015915932010512043
2035,frozen,47,0,3,0,0,-1.0,-1.0,1,0,1,0,0.0,-0.015915932010512043
2036,frozen,47,7,3,0,0,-1.0,-1.0,1,0,1,0,0.0,-0.015915932010512043
2037,frozen,47,0,5,1,0,-1.0,-1.0,1,0,1,0,0.0,-0.015915932010512043
2038,frozen,47,8,5,1,0,-1.0,-1.0,1,0,1,0,0.0,-0.015915932010512043
2039,frozen,47,8,3,0,0,-1.0,-1.0,1,0,1,0,0.0,-0.015915932010512043
2040,frozen,47,7,5,1,0,-1.0,-1.0,1,0,1,0,0.0,-0.015915932010512043
2041,frozen,47,3,3,0,1,1.0,1.0,0,nan,nan,nan,0.0,-0.015915932010512043
2042,frozen,47,4,2,0,0,-1.0,-1.0,1,1,0,0,0.0,-0.015915932010512043
2043,frozen,47,7,3,0,0,-1.0,-1.0,1,0,1,0,0.0,-0.015915932010512043
2044,frozen,47,5,3,0,0,-1.0,-1.0,1,0,1,0,0.0,-0.015915932010512043
2045,frozen,47,7,5,1,0,-1.0,-1.0,1,0,1,0,0.0,-0.015915932010512043
2046,frozen,47,1,5,1,0,-1.0,-1.0,1,0,1,0,0.0,-0.015915932010512043
2047,frozen,47,2,3,0,1,1.0,1.0,0,nan,nan,nan,0.0,-0.015915932010512043
2048,frozen,47,0,2,0,0,-1.0,-1.0,1,1,0,0,0.0,-0.015915932010512043
2049,frozen,47,2,3,0,1,1.0,1.0,0,nan,nan,nan,0.0,-0.015915932010512043
2050,frozen,47,8,2,0,0,-1.0,-1.0,1,1,0,0,0.0,-0.015915932010512043
2051,frozen,47,3,3,0,1,1.0,1.0,0,nan,nan,nan,0.0,-0.015915932010512043
2052,frozen,47,2,2,0,1,1.0,1.0,0,nan,nan,nan,0.0,-0.015915932010512043
2053,frozen,47,8,3,1,0,-1.0,-1.0,1,2,0,0,0.0,-0.015915932010512043
2054,frozen,47,4,5,1,1,1.0,1.0,0,nan,nan,nan,0.0,-0.015915932010512043
2055,frozen,47,1,4,0,0,-1.0,-1.0,1,1,0,0,0.0,-0.015915932010512043
2056,frozen,47,3,3,0,1,1.0,1.0,0,nan,nan,nan,0.0,-0.015915932010512043
2057,frozen,47,8,4,1,0,-1.0,-1.0,1,1,0,0,0.0,-0.015915932010512043
2058,frozen,47,5,3,0,0,-1.0,-1.0,1,0,1,0,0.0,-0.015915932010512043
2059,frozen,47,6,5,1,1,1.0,1.0,0,nan,nan,nan,0.0,-0.015915932010512043
2060,frozen,47,2,6,1,0,-1.0,-1.0,1,1,0,0,0.0,-0.015915932010512043
2061,frozen,47,5,5,1,1,1.0,1.0,0,nan,nan,nan,0.0,-0.015915932010512043
2062,frozen,47,3,4,0,1,1.0,1.0,0,nan,nan,nan,0.0,-0.015915932010512043
2063,frozen,47,3,3,0,1,1.0,1.0,0,nan,nan,nan,0.0,-0.015915932010512043
2064,frozen,47,6,4,1,0,-1.0,-1.0,1,3,0,1,0.0,-0.015915932010512043
2065,frozen,47,4,5,1,1,1.0,1.0,0,nan,nan,nan,0.0,-0.015915932010512043
2066,frozen,47,0,6,1,0,-1.0,-1.0,1,1,0,0,0.0,-0.015915932010512043
2067,frozen,47,6,5,1,1,1.0,1.0,0,nan,nan,nan,0.0,-0.015915932010512043
2068,frozen,47,2,6,1,0,-1.0,-1.0,1,1,0,0,0.0,-0.015915932010512043
2069,frozen,47,0,3,0,0,-1.0,-1.0,1,0,1,0,0.0,-0.015915932010512043
2070,frozen,47,6,5,1,1,1.0,1.0,0,nan,nan,nan,0.0,-0.015915932010512043
2071,frozen,47,8,4,0,0,-1.0,-1.0,1,1,0,0,0.0,-0.015915932010512043
2072,frozen,47,0,3,0,0,-1.0,-1.0,1,0,1,0,0.0,-0.015915932010512043
2073,frozen,47,8,5,1,0,-1.0,-1.0,1,0,1,0,0.0,-0.015915932010512043
2074,frozen,47,6,5,1,1,1.0,1.0,0,nan,nan,nan,0.0,-0.015915932010512043
2075,frozen,47,7,6,1,1,1.0,1.0,0,nan,nan,nan,0.0,-0.015915932010512043
2076,frozen,47,7,5,0,0,-1.0,-1.0,1,2,0,0,0.0,-0.015915932010512043
2077,frozen,47,1,5,1,0,-1.0,-1.0,1,0,1,0,0.0,-0.015915932010512043
2078,frozen,47,7,3,0,0,-1.0,-1.0,1,0,1,0,0.0,-0.015915932010512043
2079,frozen,47,8,5,1,0,-1.0,-1.0,1,0,1,0,0.0,-0.015915932010512043
2080,frozen,47,7,3,0,0,-1.0,-1.0,1,0,1,0,0.0,-0.015915932010512043
2081,frozen,47,3,3,0,1,1.0,1.0,0,nan,nan,nan,0.0,-0.015915932010512043
2082,frozen,47,8,4,1,0,-1.0,-1.0,1,1,0,0,0.0,-0.015915932010512043
2083,frozen,47,8,3,0,0,-1.0,-1.0,1,0,1,0,0.0,-0.015915932010512043
2084,frozen,47,4,5,1,1,1.0,1.0,0,nan,nan,nan,0.0,-0.015915932010512043
2085,frozen,47,4,4,0,1,1.0,1.0,0,nan,nan,nan,0.0,-0.015915932010512043
2086,frozen,47,3,3,0,1,1.0,1.0,0,nan,nan,nan,0.0,-0.015915932010512043
2087,frozen,47,5,4,1,1,1.0,1.0,0,nan,nan,nan,0.0,-0.015915932010512043
2088,frozen,47,4,5,1,1,1.0,1.0,0,nan,nan,nan,0.0,-0.015915932010512043
2089,frozen,47,1,6,1,0,-1.0,-1.0,1,5,0,1,0.0,-0.015915932010512043
2090,frozen,47,4,3,0,1,1.0,1.0,0,nan,nan,nan,0.0,-0.015915932010512043
2091,frozen,47,8,4,1,0,-1.0,-1.0,1,1,0,0,0.0,-0.015915932010512043
2092,frozen,47,5,3,0,0,-1.0,-1.0,1,0,1,0,0.0,-0.015915932010512043
2093,frozen,47,0,3,0,0,-1.0,-1.0,1,0,1,0,0.0,-0.015915932010512043
2094,frozen,47,8,3,0,0,-1.0,-1.0,1,0,1,0,0.0,-0.015915932010512043
2095,frozen,47,7,3,0,0,-1.0,-1.0,1,0,1,0,0.0,-0.015915932010512043
2096,frozen,47,4,5,1,1,1.0,1.0,0,nan,nan,nan,0.0,-0.015915932010512043
2097,frozen,47,6,4,0,0,-1.0,-1.0,1,1,0,0,0.0,-0.015915932010512043
2098,frozen,47,3,3,0,1,1.0,1.0,0,nan,nan,nan,0.0,-0.015915932010512043
2099,frozen,47,5,4,1,1,1.0,1.0,0,nan,nan,nan,0.0,-0.015915932010512043
2100,frozen,47,7,3,0,0,-1.0,-1.0,1,2,0,0,0.0,-0.015915932010512043
2101,frozen,47,1,5,1,0,-1.0,-1.0,1,0,1,0,0.0,-0.015915932010512043
2102,frozen,47,2,3,0,1,1.0,1.0,0,nan,nan,nan,0.0,-0.015915932010512043
2103,frozen,47,4,2,0,0,-1.0,-1.0,1,1,0,0,0.0,-0.015915932010512043
2104,frozen,47,8,3,0,0,-1.0,-1.0,1,0,1,0,0.0,-0.015915932010512043
2105,frozen,47,1,5,1,0,-1.0,-1.0,1,0,1,0,0.0,-0.015915932010512043
2106,frozen,47,5,3,0,0,-1.0,-1.0,1,0,1,0,0.0,-0.015915932010512043
2107,frozen,47,5,3,0,0,-1.0,-1.0,1,0,1,0,0.0,-0.015915932010512043
2108,frozen,47,8,5,1,0,-1.0,-1.0,1,0,1,0,0.0,-0.015915932010512043
2109,frozen,47,4,3,0,1,1.0,1.0,0,nan,nan,nan,0.0,-0.015915932010512043
2110,frozen,47,4,2,0,0,-1.0,-1.0,1,1,0,0,0.0,-0.015915932010512043
2111,frozen,47,8,5,1,0,-1.0,-1.0,1,0,1,0,0.0,-0.015915932010512043
2112,frozen,47,8,5,1,0,-1.0,-1.0,1,0,1,0,0.0,-0.015915932010512043
2113,frozen,47,3,3,0,1,1.0,1.0,0,nan,nan,nan,0.0,-0.015915932010512043
2114,frozen,47,4,2,0,0,-1.0,-1.0,1,1,0,0,0.0,-0.015915932010512043
2115,frozen,47,8,5,1,0,-1.0,-1.0,1,0,1,0,0.0,-0.015915932010512043
2116,frozen,47,6,5,1,1,1.0,1.0,0,nan,nan,nan,0.0,-0.015915932010512043
2117,frozen,47,1,6,1,0,-1.0,-1.0,1,1,0,0,0.0,-0.015915932010512043
2118,frozen,47,7,3,0,0,-1.0,-1.0,1,0,1,0,0.0,-0.015915932010512043
2119,frozen,47,5,3,0,0,-1.0,-1.0,1,0,1,0,0.0,-0.015915932010512043
2120,frozen,47,0,5,1,0,-1.0,-1.0,1,0,1,0,0.0,-0.015915932010512043
2121,frozen,47,2,3,0,1,1.0,1.0,0,nan,nan,nan,0.0,-0.015915932010512043
2122,frozen,47,4,2,0,0,-1.0,-1.0,1,1,0,0,0.0,-0.015915932010512043
2123,frozen,47,4,5,1,1,1.0,1.0,0,nan,nan,nan,0.0,-0.015915932010512043
2124,frozen,47,3,4,0,1,1.0,1.0,0,nan,nan,nan,0.0,-0.015915932010512043
2125,frozen,47,1,5,1,0,-1.0,-1.0,1,2,0,0,0.0,-0.015915932010512043
2126,frozen,47,3,5,1,0,-1.0,-1.0,1,0,1,0,0.0,-0.015915932010512043
2127,frozen,47,5,3,0,0,-1.0,-1.0,1,0,1,0,0.0,-0.015915932010512043
2128,frozen,47,3,3,0,1,1.0,1.0,0,nan,nan,nan,0.0,-0.015915932010512043
2129,frozen,47,0,4,1,0,-1.0,-1.0,1,1,0,0,0.0,-0.015915932010512043
2130,frozen,47,4,3,0,1,1.0,1.0,0,nan,nan,nan,0.0,-0.015915932010512043
2131,frozen,47,1,2,0,1,1.0,1.0,0,nan,nan,nan,0.0,-0.015915932010512043
2132,frozen,47,4,3,1,1,1.0,1.0,0,nan,nan,nan,0.0,-0.015915932010512043
2133,frozen,47,3,4,1,1,1.0,1.0,0,nan,nan,nan,0.0,-0.015915932010512043
2134,frozen,47,8,3,0,0,-1.0,-1.0,1,4,0,1,0.0,-0.015915932010512043
2135,frozen,47,3,3,0,1,1.0,1.0,0,nan,nan,nan,0.0,-0.015915932010512043
2136,frozen,47,7,2,0,0,-1.0,-1.0,1,1,0,0,0.0,-0.015915932010512043
2137,frozen,47,1,5,1,0,-1.0,-1.0,1,0,1,0,0.0,-0.015915932010512043
2138,frozen,47,5,5,1,1,1.0,1.0,0,nan,nan,nan,0.0,-0.015915932010512043
2139,frozen,47,3,4,0,1,1.0,1.0,0,nan,nan,nan,0.0,-0.015915932010512043
2140,frozen,47,7,3,0,0,-1.0,-1.0,1,2,0,0,0.0,-0.015915932010512043
2141,frozen,47,1,5,1,0,-1.0,-1.0,1,0,1,0,0.0,-0.015915932010512043
2142,frozen,47,3,3,0,1,1.0,1.0,0,nan,nan,nan,0.0,-0.015915932010512043
2143,frozen,47,3,4,1,1,1.0,1.0,0,nan,nan,nan,0.0,-0.015915932010512043
2144,frozen,47,0,3,0,0,-1.0,-1.0,1,2,0,0,0.0,-0.015915932010512043
2145,frozen,47,4,5,1,1,1.0,1.0,0,nan,nan,nan,0.0,-0.015915932010512043
2146,frozen,47,1,4,0,0,-1.0,-1.0,1,1,0,0,0.0,-0.015915932010512043
2147,frozen,47,8,3,0,0,-1.0,-1.0,1,0,1,0,0.0,-0.015915932010512043
2148,frozen,47,0,3,0,0,-1.0,-1.0,1,0,1,0,0.0,-0.015915932010512043
2149,frozen,47,2,3,0,1,1.0,1.0,0,nan,nan,nan,0.0,-0.015915932010512043
2150,frozen,47,8,4,1,0,-1.0,-1.0,1,1,0,0,0.0,-0.015915932010512043
2151,frozen,47,4,5,1,1,1.0,1.0,0,nan,nan,nan,0.0,-0.015915932010512043
2152,frozen,47,0,6,1,0,-1.0,-1.0,1,1,0,0,0.0,-0.015915932010512043
2153,frozen,47,3,3,0,1,1.0,1.0,0,nan,nan,nan,0.0,-0.015915932010512043
2154,frozen,47,3,2,0,1,1.0,1.0,0,nan,nan,nan,0.0,-0.015915932010512043
2155,frozen,47,4,3,1,1,1.0,1.0,0,nan,nan,nan,0.0,-0.015915932010512043
2156,frozen,47,4,2,0,0,-1.0,-1.0,1,3,0,1,0.0,-0.015915932010512043
2157,frozen,47,1,5,1,0,-1.0,-1.0,1,0,1,0,0.0,-0.015915932010512043
2158,frozen,47,8,5,1,0,-1.0,-1.0,1,0,1,0,0.0,-0.015915932010512043
2159,frozen,47,3,3,0,1,1.0,1.0,0,nan,nan,nan,0.0,-0.015915932010512043
2160,frozen,47,4,2,0,0,-1.0,-1.0,1,1,0,0,0.0,-0.015915932010512043
2161,frozen,47,2,3,0,1,1.0,1.0,0,nan,nan,nan,0.0,-0.015915932010512043
2162,frozen,47,7,4,1,0,-1.0,-1.0,1,1,0,0,0.0,-0.015915932010512043
2163,frozen,47,8,3,0,0,-1.0,-1.0,1,0,1,0,0.0,-0.015915932010512043
2164,frozen,47,8,5,1,0,-1.0,-1.0,1,0,1,0,0.0,-0.015915932010512043
2165,frozen,47,3,3,0,1,1.0,1.0,0,nan,nan,nan,0.0,-0.015915932010512043
2166,frozen,47,8,4,1,0,-1.0,-1.0,1,1,0,0,0.0,-0.015915932010512043
2167,frozen,47,4,5,1,1,1.0,1.0,0,nan,nan,nan,0.0,-0.015915932010512043
2168,frozen,47,6,4,0,0,-1.0,-1.0,1,1,0,0,0.0,-0.015915932010512043
2169,frozen,47,6,5,1,1,1.0,1.0,0,nan,nan,nan,0.0,-0.015915932010512043
2170,frozen,47,3,4,0,1,1.0,1.0,0,nan,nan,nan,0.0,-0.015915932010512043
2171,frozen,47,7,5,1,0,-1.0,-1.0,1,2,0,0,0.0,-0.015915932010512043
2172,frozen,47,1,5,1,0,-1.0,-1.0,1,0,1,0,0.0,-0.015915932010512043
2173,frozen,47,4,5,1,1,1.0,1.0,0,nan,nan,nan,0.0,-0.015915932010512043
2174,frozen,47,7,6,1,1,1.0,1.0,0,nan,nan,nan,0.0,-0.015915932010512043
2175,frozen,47,8,7,1,1,1.0,1.0,0,nan,nan,nan,0.0,-0.015915932010512043
2176,frozen,47,5,6,0,1,1.0,1.0,0,nan,nan,nan,0.0,-0.015915932010512043
2177,frozen,47,2,5,0,0,-1.0,-1.0,1,4,0,1,0.0,-0.015915932010512043
2178,frozen,47,5,3,0,0,-1.0,-1.0,1,0,1,0,0.0,-0.015915932010512043
2179,frozen,47,2,3,0,1,1.0,1.0,0,nan,nan,nan,0.0,-0.015915932010512043
2180,frozen,47,8,4,1,0,-1.0,-1.0,1,1,0,0,0.0,-0.015915932010512043
2181,frozen,47,2,3,0,1,1.0,1.0,0,nan,nan,nan,0.0,-0.015915932010512043
2182,frozen,47,6,2,0,0,-1.0,-1.0,1,1,0,0,0.0,-0.015915932010512043
2183,frozen,47,8,3,0,0,-1.0,-1.0,1,0,1,0,0.0,-0.015915932010512043
2184,frozen,47,7,5,1,0,-1.0,-1.0,1,0,1,0,0.0,-0.015915932010512043
2185,frozen,47,7,5,1,0,-1.0,-1.0,1,0,1,0,0.0,-0.015915932010512043
2186,frozen,47,8,5,1,0,-1.0,-1.0,1,0,1,0,0.0,-0.015915932010512043
2187,frozen,47,2,3,0,1,1.0,1.0,0,nan,nan,nan,0.0,-0.015915932010512043
2188,frozen,47,6,2,0,0,-1.0,-1.0,1,1,0,0,0.0,-0.015915932010512043
2189,frozen,47,6,5,1,1,1.0,1.0,0,nan,nan,nan,0.0,-0.015915932010512043
2190,frozen,47,4,4,0,1,1.0,1.0,0,nan,nan,nan,0.0,-0.015915932010512043
2191,frozen,47,1,5,1,0,-1.0,-1.0,1,2,0,0,0.0,-0.015915932010512043
2192,frozen,47,2,3,0,1,1.0,1.0,0,nan,nan,nan,0.0,-0.015915932010512043
2193,frozen,47,5,4,1,1,1.0,1.0,0,nan,nan,nan,0.0,-0.015915932010512043
2194,frozen,47,1,5,1,0,-1.0,-1.0,1,2,0,0,0.0,-0.015915932010512043
2195,frozen,47,7,5,1,0,-1.0,-1.0,1,0,1,0,0.0,-0.015915932010512043
2196,frozen,47,7,5,1,0,-1.0,-1.0,1,0,1,0,0.0,-0.015915932010512043
2197,frozen,47,2,3,0,1,1.0,1.0,0,nan,nan,nan,0.0,-0.015915932010512043
2198,frozen,47,0,4,1,0,-1.0,-1.0,1,1,0,0,0.0,-0.015915932010512043
2199,frozen,47,2,3,0,1,1.0,1.0,0,nan,nan,nan,0.0,-0.015915932010512043
2200,frozen,47,3,4,1,1,1.0,1.0,0,nan,nan,nan,0.0,-0.015915932010512043
2201,frozen,47,7,3,0,0,-1.0,-1.0,1,2,0,0,0.0,-0.015915932010512043
2202,frozen,47,0,5,1,0,-1.0,-1.0,1,0,1,0,0.0,-0.015915932010512043
2203,frozen,47,8,3,0,0,-1.0,-1.0,1,0,1,0,0.0,-0.015915932010512043
2204,frozen,47,7,3,0,0,-1.0,-1.0,1,0,1,0,0.0,-0.015915932010512043
2205,frozen,47,4,5,1,1,1.0,1.0,0,nan,nan,nan,0.0,-0.015915932010512043
2206,frozen,47,6,4,0,0,-1.0,-1.0,1,1,0,0,0.0,-0.015915932010512043
2207,frozen,47,5,3,0,0,-1.0,-1.0,1,0,1,0,0.0,-0.015915932010512043
2208,frozen,47,8,3,0,0,-1.0,-1.0,1,0,1,0,0.0,-0.015915932010512043
2209,frozen,47,4,5,1,1,1.0,1.0,0,nan,nan,nan,0.0,-0.015915932010512043
2210,frozen,47,5,6,1,1,1.0,1.0,0,nan,nan,nan,0.0,-0.015915932010512043
2211,frozen,47,3,7,1,0,-1.0,-1.0,1,2,0,0,0.0,-0.015915932010512043
2212,frozen,47,0,3,0,0,-1.0,-1.0,1,0,1,0,0.0,-0.015915932010512043
2213,frozen,47,1,5,1,0,-1.0,-1.0,1,0,1,0,0.0,-0.015915932010512043
2214,frozen,47,1,5,1,0,-1.0,-1.0,1,0,1,0,0.0,-0.015915932010512043
2215,frozen,47,8,3,0,0,-1.0,-1.0,1,0,1,0,0.0,-0.015915932010512043
2216,frozen,47,0,5,1,0,-1.0,-1.0,1,0,1,0,0.0,-0.015915932010512043
2217,frozen,47,3,3,0,1,1.0,1.0,0,nan,nan,nan,0.0,-0.015915932010512043
2218,frozen,47,6,2,0,0,-1.0,-1.0,1,1,0,0,0.0,-0.015915932010512043
2219,frozen,47,6,5,1,1,1.0,1.0,0,nan,nan,nan,0.0,-0.015915932010512043
2220,frozen,47,4,4,0,1,1.0,1.0,0,nan,nan,nan,0.0,-0.015915932010512043
2221,frozen,47,5,3,0,0,-1.0,-1.0,1,2,0,0,0.0,-0.015915932010512043
2222,frozen,47,0,5,1,0,-1.0,-1.0,1,0,1,0,0.0,-0.015915932010512043
2223,frozen,47,8,5,1,0,-1.0,-1.0,1,0,1,0,0.0,-0.015915932010512043
2224,frozen,47,4,5,1,1,1.0,1.0,0,nan,nan,nan,0.0,-0.015915932010512043
2225,frozen,47,4,4,0,1,1.0,1.0,0,nan,nan,nan,0.0,-0.015915932010512043
2226,frozen,47,3,3,0,1,1.0,1.0,0,nan,nan,nan,0.0,-0.015915932010512043
2227,frozen,47,2,2,0,1,1.0,1.0,0,nan,nan,nan,0.0,-0.015915932010512043
2228,frozen,47,0,1,0,1,1.0,1.0,0,nan,nan,nan,0.0,-0.015915932010512043
2229,frozen,47,8,2,1,0,-1.0,-1.0,1,5,0,1,0.0,-0.015915932010512043
2230,frozen,47,4,5,1,1,1.0,1.0,0,nan,nan,nan,0.0,-0.015915932010512043
2231,frozen,47,0,4,0,0,-1.0,-1.0,1,1,0,0,0.0,-0.015915932010512043
2232,frozen,47,0,3,0,0,-1.0,-1.0,1,0,1,0,0.0,-0.015915932010512043
2233,frozen,47,1,5,1,0,-1.0,-1.0,1,0,1,0,0.0,-0.015915932010512043
2234,frozen,47,0,5,1,0,-1.0,-1.0,1,0,1,0,0.0,-0.015915932010512043
2235,frozen,47,6,5,1,1,1.0,1.0,0,nan,nan,nan,0.0,-0.015915932010512043
2236,frozen,47,6,4,0,0,-1.0,-1.0,1,1,0,0,0.0,-0.015915932010512043
2237,frozen,47,7,5,1,0,-1.0,-1.0,1,0,1,0,0.0,-0.015915932010512043
2238,frozen,47,5,5,1,1,1.0,1.0,0,nan,nan,nan,0.0,-0.015915932010512043
2239,frozen,47,4,4,0,1,1.0,1.0,0,nan,nan,nan,0.0,-0.015915932010512043
2240,frozen,47,3,3,0,1,1.0,1.0,0,nan,nan,nan,0.0,-0.015915932010512043
2241,frozen,47,1,2,0,1,1.0,1.0,0,nan,nan,nan,0.0,-0.015915932010512043
2242,frozen,47,5,3,1,0,-1.0,-1.0,1,4,0,1,0.0,-0.015915932010512043
2243,frozen,47,2,3,0,1,1.0,1.0,0,nan,nan,nan,0.0,-0.015915932010512043
2244,frozen,47,5,4,1,1,1.0,1.0,0,nan,nan,nan,0.0,-0.015915932010512043
2245,frozen,47,0,3,0,0,-1.0,-1.0,1,2,0,0,0.0,-0.015915932010512043
2246,frozen,47,8,3,0,0,-1.0,-1.0,1,0,1,0,0.0,-0.015915932010512043
2247,frozen,47,2,3,0,1,1.0,1.0,0,nan,nan,nan,0.0,-0.015915932010512043
2248,frozen,47,0,4,1,0,-1.0,-1.0,1,1,0,0,0.0,-0.015915932010512043
2249,frozen,47,6,5,1,1,1.0,1.0,0,nan,nan,nan,0.0,-0.015915932010512043
2250,frozen,47,7,6,1,1,1.0,1.0,0,nan,nan,nan,0.0,-0.015915932010512043
2251,frozen,47,4,5,0,1,1.0,1.0,0,nan,nan,nan,0.0,-0.015915932010512043
2252,frozen,47,5,6,1,1,1.0,1.0,0,nan,nan,nan,0.0,-0.015915932010512043
2253,frozen,47,8,7,1,1,1.0,1.0,0,nan,nan,nan,0.0,-0.015915932010512043
2254,frozen,47,7,8,1,1,1.0,1.0,0,nan,nan,nan,0.0,-0.015915932010512043
2255,frozen,47,0,7,0,0,-1.0,-1.0,1,6,0,1,0.0,-0.015915932010512043
2256,frozen,47,1,5,1,0,-1.0,-1.0,1,0,1,0,0.0,-0.015915932010512043
2257,frozen,47,4,5,1,1,1.0,1.0,0,nan,nan,nan,0.0,-0.015915932010512043
2258,frozen,47,6,4,0,0,-1.0,-1.0,1,1,0,0,0.0,-0.015915932010512043
2259,frozen,47,0,3,0,0,-1.0,-1.0,1,0,1,0,0.0,-0.015915932010512043
2260,frozen,47,7,3,0,0,-1.0,-1.0,1,0,1,0,0.0,-0.015915932010512043
2261,frozen,47,1,5,1,0,-1.0,-1.0,1,0,1,0,0.0,-0.015915932010512043
2262,frozen,47,8,5,1,0,-1.0,-1.0,1,0,1,0,0.0,-0.015915932010512043
2263,frozen,47,4,5,1,1,1.0,1.0,0,nan,nan,nan,0.0,-0.015915932010512043
2264,frozen,47,7,6,1,1,1.0,1.0,0,nan,nan,nan,0.0,-0.015915932010512043
2265,frozen,47,8,7,1,1,1.0,1.0,0,nan,nan,nan,0.0,-0.015915932010512043
2266,frozen,47,3,6,0,0,-1.0,-1.0,1,3,0,1,0.0,-0.015915932010512043
2267,frozen,47,4,5,1,1,1.0,1.0,0,nan,nan,nan,0.0,-0.015915932010512043
2268,frozen,47,2,6,1,0,-1.0,-1.0,1,1,0,0,0.0,-0.015915932010512043
2269,frozen,47,0,3,0,0,-1.0,-1.0,1,0,1,0,0.0,-0.015915932010512043
2270,frozen,47,1,5,1,0,-1.0,-1.0,1,0,1,0,0.0,-0.015915932010512043
2271,frozen,47,8,3,0,0,-1.0,-1.0,1,0,1,0,0.0,-0.015915932010512043
2272,frozen,47,3,3,0,1,1.0,1.0,0,nan,nan,nan,0.0,-0.015915932010512043
2273,frozen,47,6,4,1,0,-1.0,-1.0,1,1,0,0,0.0,-0.015915932010512043
2274,frozen,47,5,3,0,0,-1.0,-1.0,1,0,1,0,0.0,-0.015915932010512043
2275,frozen,47,5,5,1,1,1.0,1.0,0,nan,nan,nan,0.0,-0.015915932010512043
2276,frozen,47,0,4,0,0,-1.0,-1.0,1,1,0,0,0.0,-0.015915932010512043
2277,frozen,47,3,3,0,1,1.0,1.0,0,nan,nan,nan,0.0,-0.015915932010512043
2278,frozen,47,7,2,0,0,-1.0,-1.0,1,1,0,0,0.0,-0.015915932010512043
2279,frozen,47,5,3,0,0,-1.0,-1.0,1,0,1,0,0.0,-0.015915932010512043
2280,frozen,47,5,5,1,1,1.0,1.0,0,nan,nan,nan,0.0,-0.015915932010512043
2281,frozen,47,0,6,1,0,-1.0,-1.0,1,1,0,0,0.0,-0.015915932010512043
2282,frozen,47,1,5,1,0,-1.0,-1.0,1,0,1,0,0.0,-0.015915932010512043
2283,frozen,47,7,3,0,0,-1.0,-1.0,1,0,1,0,0.0,-0.015915932010512043
2284,frozen,47,4,5,1,1,1.0,1.0,0,nan,nan,nan,0.0,-0.015915932010512043
2285,frozen,47,3,4,0,1,1.0,1.0,0,nan,nan,nan,0.0,-0.015915932010512043
2286,frozen,47,5,3,0,0,-1.0,-1.0,1,2,0,0,0.0,-0.015915932010512043
2287,frozen,47,2,3,0,1,1.0,1.0,0,nan,nan,nan,0.0,-0.015915932010512043
2288,frozen,47,6,2,0,0,-1.0,-1.0,1,1,0,0,0.0,-0.015915932010512043
2289,frozen,47,1,5,1,0,-1.0,-1.0,1,0,1,0,0.0,-0.015915932010512043
2290,frozen,47,1,5,1,0,-1.0,-1.0,1,0,1,0,0.0,-0.015915932010512043
2291,frozen,47,1,5,1,0,-1.0,-1.0,1,0,1,0,0.0,-0.015915932010512043
2292,frozen,47,3,3,0,1,1.0,1.0,0,nan,nan,nan,0.0,-0.015915932010512043
2293,frozen,47,2,2,0,1,1.0,1.0,0,nan,nan,nan,0.0,-0.015915932010512043
2294,frozen,47,6,1,0,0,-1.0,-1.0,1,2,0,0,0.0,-0.015915932010512043
2295,frozen,47,3,3,0,1,1.0,1.0,0,nan,nan,nan,0.0,-0.015915932010512043
2296,frozen,47,0,4,1,0,-1.0,-1.0,1,1,0,0,0.0,-0.015915932010512043
2297,frozen,47,1,5,1,0,-1.0,-1.0,1,0,1,0,0.0,-0.015915932010512043
2298,frozen,47,6,5,1,1,1.0,1.0,0,nan,nan,nan,0.0,-0.015915932010512043
2299,frozen,47,3,4,0,1,1.0,1.0,0,nan,nan,nan,0.0,-0.015915932010512043
2300,frozen,47,5,3,0,0,-1.0,-1.0,1,2,0,0,0.0,-0.015915932010512043
2301,frozen,47,7,3,0,0,-1.0,-1.0,1,0,1,0,0.0,-0.015915932010512043
2302,frozen,47,4,5,1,1,1.0,1.0,0,nan,nan,nan,0.0,-0.015915932010512043
2303,frozen,47,1,4,0,0,-1.0,-1.0,1,1,0,0,0.0,-0.015915932010512043
2304,frozen,47,8,3,0,0,-1.0,-1.0,1,0,1,0,0.0,-0.015915932010512043
2305,frozen,47,4,5,1,1,1.0,1.0,0,nan,nan,nan,0.0,-0.015915932010512043
2306,frozen,47,5,6,1,1,1.0,1.0,0,nan,nan,nan,0.0,-0.015915932010512043
2307,frozen,47,2,7,1,0,-1.0,-1.0,1,2,0,0,0.0,-0.015915932010512043
2308,frozen,47,8,5,1,0,-1.0,-1.0,1,0,1,0,0.0,-0.015915932010512043
2309,frozen,47,1,3,0,0,-1.0,-1.0,1,0,1,0,0.0,-0.015915932010512043
2310,frozen,47,2,3,0,1,1.0,1.0,0,nan,nan,nan,0.0,-0.015915932010512043
2311,frozen,47,7,4,1,0,-1.0,-1.0,1,1,0,0,0.0,-0.015915932010512043
2312,frozen,47,3,3,0,1,1.0,1.0,0,nan,nan,nan,0.0,-0.015915932010512043
2313,frozen,47,0,4,1,0,-1.0,-1.0,1,1,0,0,0.0,-0.015915932010512043
2314,frozen,47,1,5,1,0,-1.0,-1.0,1,0,1,0,0.0,-0.015915932010512043
2315,frozen,47,2,3,0,1,1.0,1.0,0,nan,nan,nan,0.0,-0.015915932010512043
2316,frozen,47,7,2,0,0,-1.0,-1.0,1,1,0,0,0.0,-0.015915932010512043
2317,frozen,47,1,5,1,0,-1.0,-1.0,1,0,1,0,0.0,-0.015915932010512043
2318,frozen,47,3,3,0,1,1.0,1.0,0,nan,nan,nan,0.0,-0.015915932010512043
2319,frozen,47,0,4,1,0,-1.0,-1.0,1,1,0,0,0.0,-0.015915932010512043
2320,frozen,47,2,3,0,1,1.0,1.0,0,nan,nan,nan,0.0,-0.015915932010512043
2321,frozen,47,2,2,0,1,1.0,1.0,0,nan,nan,nan,0.0,-0.015915932010512043
2322,frozen,47,8,3,1,0,-1.0,-1.0,1,2,0,0,0.0,-0.015915932010512043
2323,frozen,47,3,3,0,1,1.0,1.0,0,nan,nan,nan,0.0,-0.015915932010512043
2324,frozen,47,7,4,1,0,-1.0,-1.0,1,1,0,0,0.0,-0.015915932010512043
2325,frozen,47,1,5,1,0,-1.0,-1.0,1,0,1,0,0.0,-0.015915932010512043
2326,frozen,47,4,5,1,1,1.0,1.0,0,nan,nan,nan,0.0,-0.015915932010512043
2327,frozen,47,1,6,1,0,-1.0,-1.0,1,1,0,0,0.0,-0.015915932010512043
2328,frozen,47,0,5,1,0,-1.0,-1.0,1,0,1,0,0.0,-0.015915932010512043
2329,frozen,47,3,3,0,1,1.0,1.0,0,nan,nan,nan,0.0,-0.015915932010512043
2330,frozen,47,5,4,1,1,1.0,1.0,0,nan,nan,nan,0.0,-0.015915932010512043
2331,frozen,47,8,3,0,0,-1.0,-1.0,1,2,0,0,0.0,-0.015915932010512043
2332,frozen,47,4,5,1,1,1.0,1.0,0,nan,nan,nan,0.0,-0.015915932010512043
2333,frozen,47,2,6,1,0,-1.0,-1.0,1,1,0,0,0.0,-0.015915932010512043
2334,frozen,47,3,3,0,1,1.0,1.0,0,nan,nan,nan,0.0,-0.015915932010512043
2335,frozen,47,7,2,0,0,-1.0,-1.0,1,1,0,0,0.0,-0.015915932010512043
2336,frozen,47,4,5,1,1,1.0,1.0,0,nan,nan,nan,0.0,-0.015915932010512043
2337,frozen,47,1,4,0,0,-1.0,-1.0,1,1,0,0,0.0,-0.015915932010512043
2338,frozen,47,6,5,1,1,1.0,1.0,0,nan,nan,nan,0.0,-0.015915932010512043
2339,frozen,47,1,4,0,0,-1.0,-1.0,1,1,0,0,0.0,-0.015915932010512043
2340,frozen,47,4,5,1,1,1.0,1.0,0,nan,nan,nan,0.0,-0.015915932010512043
2341,frozen,47,3,4,0,1,1.0,1.0,0,nan,nan,nan,0.0,-0.015915932010512043
2342,frozen,47,6,5,1,1,1.0,1.0,0,nan,nan,nan,0.0,-0.015915932010512043
2343,frozen,47,1,6,1,0,-1.0,-1.0,1,3,0,1,0.0,-0.015915932010512043
2344,frozen,47,4,5,1,1,1.0,1.0,0,nan,nan,nan,0.0,-0.015915932010512043
2345,frozen,47,3,4,0,1,1.0,1.0,0,nan,nan,nan,0.0,-0.015915932010512043
2346,frozen,47,0,5,1,0,-1.0,-1.0,1,2,0,0,0.0,-0.015915932010512043
2347,frozen,47,1,5,1,0,-1.0,-1.0,1,0,1,0,0.0,-0.015915932010512043
2348,frozen,47,4,3,0,1,1.0,1.0,0,nan,nan,nan,0.0,-0.015915932010512043
2349,frozen,47,7,4,1,0,-1.0,-1.0,1,1,0,0,0.0,-0.015915932010512043
2350,frozen,47,2,3,0,1,1.0,1.0,0,nan,nan,nan,0.0,-0.015915932010512043
2351,frozen,47,6,4,1,0,-1.0,-1.0,1,1,0,0,0.0,-0.015915932010512043
2352,frozen,47,8,5,1,0,-1.0,-1.0,1,0,1,0,0.0,-0.015915932010512043
2353,frozen,47,7,5,1,0,-1.0,-1.0,1,0,1,0,0.0,-0.015915932010512043
2354,frozen,47,8,5,1,0,-1.0,-1.0,1,0,1,0,0.0,-0.015915932010512043
2355,frozen,47,4,5,1,1,1.0,1.0,0,nan,nan,nan,0.0,-0.015915932010512043
2356,frozen,47,6,4,0,0,-1.0,-1.0,1,1,0,0,0.0,-0.015915932010512043
2357,frozen,47,5,3,0,0,-1.0,-1.0,1,0,1,0,0.0,-0.015915932010512043
2358,frozen,47,7,5,1,0,-1.0,-1.0,1,0,1,0,0.0,-0.015915932010512043
2359,frozen,47,8,5,1,0,-1.0,-1.0,1,0,1,0,0.0,-0.015915932010512043
2360,frozen,47,6,5,1,1,1.0,1.0,0,nan,nan,nan,0.0,-0.015915932010512043
2361,frozen,47,4,4,0,1,1.0,1.0,0,nan,nan,nan,0.0,-0.015915932010512043
2362,frozen,47,5,3,0,0,-1.0,-1.0,1,2,0,0,0.0,-0.015915932010512043
2363,frozen,47,2,3,0,1,1.0,1.0,0,nan,nan,nan,0.0,-0.015915932010512043
2364,frozen,47,7,4,1,0,-1.0,-1.0,1,1,0,0,0.0,-0.015915932010512043
2365,frozen,47,7,5,1,0,-1.0,-1.0,1,0,1,0,0.0,-0.015915932010512043
2366,frozen,47,6,5,1,1,1.0,1.0,0,nan,nan,nan,0.0,-0.015915932010512043
2367,frozen,47,6,4,0,0,-1.0,-1.0,1,1,0,0,0.0,-0.015915932010512043
2368,frozen,47,7,3,0,0,-1.0,-1.0,1,0,1,0,0.0,-0.015915932010512043
2369,frozen,47,7,3,0,0,-1.0,-1.0,1,0,1,0,0.0,-0.015915932010512043
2370,frozen,47,4,5,1,1,1.0,1.0,0,nan,nan,nan,0.0,-0.015915932010512043
2371,frozen,47,1,4,0,0,-1.0,-1.0,1,1,0,0,0.0,-0.015915932010512043
2372,frozen,47,6,5,1,1,1.0,1.0,0,nan,nan,nan,0.0,-0.015915932010512043
2373,frozen,47,3,4,0,1,1.0,1.0,0,nan,nan,nan,0.0,-0.015915932010512043
2374,frozen,47,7,5,1,0,-1.0,-1.0,1,2,0,0,0.0,-0.015915932010512043
2375,frozen,47,7,5,1,0,-1.0,-1.0,1,0,1,0,0.0,-0.015915932010512043
2376,frozen,47,6,5,1,1,1.0,1.0,0,nan,nan,nan,0.0,-0.015915932010512043
2377,frozen,47,4,4,0,1,1.0,1.0,0,nan,nan,nan,0.0,-0.015915932010512043
2378,frozen,47,7,5,1,0,-1.0,-1.0,1,2,0,0,0.0,-0.015915932010512043
2379,frozen,47,0,3,0,0,-1.0,-1.0,1,0,1,0,0.0,-0.015915932010512043
2380,frozen,47,0,5,1,0,-1.0,-1.0,1,0,1,0,0.0,-0.015915932010512043
2381,frozen,47,8,3,0,0,-1.0,-1.0,1,0,1,0,0.0,-0.015915932010512043
2382,frozen,47,0,3,0,0,-1.0,-1.0,1,0,1,0,0.0,-0.015915932010512043
2383,frozen,47,7,5,1,0,-1.0,-1.0,1,0,1,0,0.0,-0.015915932010512043
2384,frozen,47,1,5,1,0,-1.0,-1.0,1,0,1,0,0.0,-0.015915932010512043
2385,frozen,47,4,5,1,1,1.0,1.0,0,nan,nan,nan,0.0,-0.015915932010512043
2386,frozen,47,6,4,0,0,-1.0,-1.0,1,1,0,0,0.0,-0.015915932010512043
2387,frozen,47,2,3,0,1,1.0,1.0,0,nan,nan,nan,0.0,-0.015915932010512043
2388,frozen,47,0,4,1,0,-1.0,-1.0,1,1,0,0,0.0,-0.015915932010512043
2389,frozen,47,6,5,1,1,1.0,1.0,0,nan,nan,nan,0.0,-0.015915932010512043
2390,frozen,47,0,4,0,0,-1.0,-1.0,1,1,0,0,0.0,-0.015915932010512043
2391,frozen,47,5,3,0,0,-1.0,-1.0,1,0,1,0,0.0,-0.015915932010512043
2392,frozen,47,7,5,1,0,-1.0,-1.0,1,0,1,0,0.0,-0.015915932010512043
2393,frozen,47,1,3,0,0,-1.0,-1.0,1,0,1,0,0.0,-0.015915932010512043
2394,frozen,47,2,3,0,1,1.0,1.0,0,nan,nan,nan,0.0,-0.015915932010512043
2395,frozen,47,7,4,1,0,-1.0,-1.0,1,1,0,0,0.0,-0.015915932010512043
2396,frozen,47,5,3,0,0,-1.0,-1.0,1,0,1,0,0.0,-0.015915932010512043
2397,frozen,47,1,5,1,0,-1.0,-1.0,1,0,1,0,0.0,-0.015915932010512043
2398,frozen,47,2,3,0,1,1.0,1.0,0,nan,nan,nan,0.0,-0.015915932010512043
2399,frozen,47,1,2,0,1,1.0,1.0,0,nan,nan,nan,0.0,-0.015915932010512043
2400,frozen,47,5,3,1,0,-1.0,-1.0,1,2,0,0,0.0,-0.015915932010512043
2401,frozen,47,6,5,1,1,1.0,1.0,0,nan,nan,nan,0.0,-0.015915932010512043
2402,frozen,47,3,4,0,1,1.0,1.0,0,nan,nan,nan,0.0,-0.015915932010512043
2403,frozen,47,6,5,1,1,1.0,1.0,0,nan,nan,nan,0.0,-0.015915932010512043
2404,frozen,47,3,4,0,1,1.0,1.0,0,nan,nan,nan,0.0,-0.015915932010512043
2405,frozen,47,1,5,1,0,-1.0,-1.0,1,4,0,1,0.0,-0.015915932010512043
2406,frozen,47,5,3,0,0,-1.0,-1.0,1,0,1,0,0.0,-0.015915932010512043
2407,frozen,47,0,3,0,0,-1.0,-1.0,1,0,1,0,0.0,-0.015915932010512043
2408,frozen,47,1,5,1,0,-1.0,-1.0,1,0,1,0,0.0,-0.015915932010512043
2409,frozen,47,2,3,0,1,1.0,1.0,0,nan,nan,nan,0.0,-0.015915932010512043
2410,frozen,47,3,4,1,1,1.0,1.0,0,nan,nan,nan,0.0,-0.015915932010512043
2411,frozen,47,7,3,0,0,-1.0,-1.0,1,2,0,0,0.0,-0.015915932010512043
2412,frozen,47,0,5,1,0,-1.0,-1.0,1,0,1,0,0.0,-0.015915932010512043
2413,frozen,47,0,3,0,0,-1.0,-1.0,1,0,1,0,0.0,-0.015915932010512043
2414,frozen,47,4,5,1,1,1.0,1.0,0,nan,nan,nan,0.0,-0.015915932010512043
2415,frozen,47,5,6,1,1,1.0,1.0,0,nan,nan,nan,0.0,-0.015915932010512043
2416,frozen,47,0,7,1,0,-1.0,-1.0,1,2,0,0,0.0,-0.015915932010512043
2417,frozen,47,6,5,1,1,1.0,1.0,0,nan,nan,nan,0.0,-0.015915932010512043
2418,frozen,47,1,6,1,0,-1.0,-1.0,1,1,0,0,0.0,-0.015915932010512043
2419,frozen,47,0,5,1,0,-1.0,-1.0,1,0,1,0,0.0,-0.015915932010512043
2420,frozen,47,5,3,0,0,-1.0,-1.0,1,0,1,0,0.0,-0.015915932010512043
2421,frozen,47,6,5,1,1,1.0,1.0,0,nan,nan,nan,0.0,-0.015915932010512043
2422,frozen,47,6,4,0,0,-1.0,-1.0,1,1,0,0,0.0,-0.015915932010512043
2423,frozen,47,2,3,0,1,1.0,1.0,0,nan,nan,nan,0.0,-0.015915932010512043
2424,frozen,47,4,4,1,1,1.0,1.0,0,nan,nan,nan,0.0,-0.015915932010512043
2425,frozen,47,0,3,0,0,-1.0,-1.0,1,2,0,0,0.0,-0.015915932010512043
2426,frozen,47,7,5,1,0,-1.0,-1.0,1,0,1,0,0.0,-0.015915932010512043
2427,frozen,47,2,3,0,1,1.0,1.0,0,nan,nan,nan,0.0,-0.015915932010512043
2428,frozen,47,2,2,0,1,1.0,1.0,0,nan,nan,nan,0.0,-0.015915932010512043
2429,frozen,47,7,3,1,0,-1.0,-1.0,1,2,0,0,0.0,-0.015915932010512043
2430,frozen,47,6,5,1,1,1.0,1.0,0,nan,nan,nan,0.0,-0.015915932010512043
2431,frozen,47,3,4,0,1,1.0,1.0,0,nan,nan,nan,0.0,-0.015915932010512043
2432,frozen,47,6,5,1,1,1.0,1.0,0,nan,nan,nan,0.0,-0.015915932010512043
2433,frozen,47,0,4,0,0,-1.0,-1.0,1,3,0,1,0.0,-0.015915932010512043
2434,frozen,47,6,5,1,1,1.0,1.0,0,nan,nan,nan,0.0,-0.015915932010512043
2435,frozen,47,1,6,1,0,-1.0,-1.0,1,1,0,0,0.0,-0.015915932010512043
2436,frozen,47,6,5,1,1,1.0,1.0,0,nan,nan,nan,0.0,-0.015915932010512043
2437,frozen,47,4,4,0,1,1.0,1.0,0,nan,nan,nan,0.0,-0.015915932010512043
2438,frozen,47,4,5,1,1,1.0,1.0,0,nan,nan,nan,0.0,-0.015915932010512043
2439,frozen,47,0,6,1,0,-1.0,-1.0,1,3,0,1,0.0,-0.015915932010512043
2440,frozen,47,6,5,1,1,1.0,1.0,0,nan,nan,nan,0.0,-0.015915932010512043
2441,frozen,47,6,4,0,0,-1.0,-1.0,1,1,0,0,0.0,-0.015915932010512043
2442,frozen,47,2,3,0,1,1.0,1.0,0,nan,nan,nan,0.0,-0.015915932010512043
2443,frozen,47,6,4,1,0,-1.0,-1.0,1,1,0,0,0.0,-0.015915932010512043
2444,frozen,47,2,3,0,1,1.0,1.0,0,nan,nan,nan,0.0,-0.015915932010512043
2445,frozen,47,8,4,1,0,-1.0,-1.0,1,1,0,0,0.0,-0.015915932010512043
2446,frozen,47,6,5,1,1,1.0,1.0,0,nan,nan,nan,0.0,-0.015915932010512043
2447,frozen,47,4,4,0,1,1.0,1.0,0,nan,nan,nan,0.0,-0.015915932010512043
2448,frozen,47,8,3,0,0,-1.0,-1.0,1,2,0,0,0.0,-0.015915932010512043
2449,frozen,47,1,5,1,0,-1.0,-1.0,1,0,1,0,0.0,-0.015915932010512043
2450,frozen,47,4,5,1,1,1.0,1.0,0,nan,nan,nan,0.0,-0.015915932010512043
2451,frozen,47,3,4,0,1,1.0,1.0,0,nan,nan,nan,0.0,-0.015915932010512043
2452,frozen,47,8,5,1,0,-1.0,-1.0,1,2,0,0,0.0,-0.015915932010512043
2453,frozen,47,2,3,0,1,1.0,1.0,0,nan,nan,nan,0.0,-0.015915932010512043
2454,frozen,47,7,2,0,0,-1.0,-1.0,1,1,0,0,0.0,-0.015915932010512043
2455,frozen,47,2,3,0,1,1.0,1.0,0,nan,nan,nan,0.0,-0.015915932010512043
2456,frozen,47,8,4,1,0,-1.0,-1.0,1,1,0,0,0.0,-0.015915932010512043
2457,frozen,47,4,5,1,1,1.0,1.0,0,nan,nan,nan,0.0,-0.015915932010512043
2458,frozen,47,5,6,1,1,1.0,1.0,0,nan,nan,nan,0.0,-0.015915932010512043
2459,frozen,47,5,5,0,1,1.0,1.0,0,nan,nan,nan,0.0,-0.015915932010512043
2460,frozen,47,8,6,1,0,-1.0,-1.0,1,3,0,1,0.0,-0.015915932010512043
2461,frozen,47,4,5,1,1,1.0,1.0,0,nan,nan,nan,0.0,-0.015915932010512043
2462,frozen,47,1,4,0,0,-1.0,-1.0,1,1,0,0,0.0,-0.015915932010512043
2463,frozen,47,4,3,0,1,1.0,1.0,0,nan,nan,nan,0.0,-0.015915932010512043
2464,frozen,47,5,4,1,1,1.0,1.0,0,nan,nan,nan,0.0,-0.015915932010512043
2465,frozen,47,4,5,1,1,1.0,1.0,0,nan,nan,nan,0.0,-0.015915932010512043
2466,frozen,47,4,4,0,1,1.0,1.0,0,nan,nan,nan,0.0,-0.015915932010512043
2467,frozen,47,6,5,1,1,1.0,1.0,0,nan,nan,nan,0.0,-0.015915932010512043
2468,frozen,47,8,6,1,0,-1.0,-1.0,1,5,0,1,0.0,-0.015915932010512043
2469,frozen,47,5,3,0,0,-1.0,-1.0,1,0,1,0,0.0,-0.015915932010512043
2470,frozen,47,6,5,1,1,1.0,1.0,0,nan,nan,nan,0.0,-0.015915932010512043
2471,frozen,47,4,4,0,1,1.0,1.0,0,nan,nan,nan,0.0,-0.015915932010512043
2472,frozen,47,8,5,1,0,-1.0,-1.0,1,2,0,0,0.0,-0.015915932010512043
2473,frozen,47,8,3,0,0,-1.0,-1.0,1,0,1,0,0.0,-0.015915932010512043
2474,frozen,47,0,3,0,0,-1.0,-1.0,1,0,1,0,0.0,-0.015915932010512043
2475,frozen,47,1,5,1,0,-1.0,-1.0,1,0,1,0,0.0,-0.015915932010512043
2476,frozen,47,8,3,0,0,-1.0,-1.0,1,0,1,0,0.0,-0.015915932010512043
2477,frozen,47,5,3,0,0,-1.0,-1.0,1,0,1,0,0.0,-0.015915932010512043
2478,frozen,47,2,3,0,1,1.0,1.0,0,nan,nan,nan,0.0,-0.015915932010512043
2479,frozen,47,8,4,1,0,-1.0,-1.0,1,1,0,0,0.0,-0.015915932010512043
2480,frozen,47,3,3,0,1,1.0,1.0,0,nan,nan,nan,0.0,-0.015915932010512043
2481,frozen,47,5,4,1,1,1.0,1.0,0,nan,nan,nan,0.0,-0.015915932010512043
2482,frozen,47,8,3,0,0,-1.0,-1.0,1,2,0,0,0.0,-0.015915932010512043
2483,frozen,47,0,5,1,0,-1.0,-1.0,1,0,1,0,0.0,-0.015915932010512043
2484,frozen,47,8,5,1,0,-1.0,-1.0,1,0,1,0,0.0,-0.015915932010512043
2485,frozen,47,6,5,1,1,1.0,1.0,0,nan,nan,nan,0.0,-0.015915932010512043
2486,frozen,47,2,6,1,0,-1.0,-1.0,1,1,0,0,0.0,-0.015915932010512043
2487,frozen,47,8,3,0,0,-1.0,-1.0,1,0,1,0,0.0,-0.015915932010512043
2488,frozen,47,6,5,1,1,1.0,1.0,0,nan,nan,nan,0.0,-0.015915932010512043
2489,frozen,47,6,4,0,0,-1.0,-1.0,1,1,0,0,0.0,-0.015915932010512043
2490,frozen,47,2,3,0,1,1.0,1.0,0,nan,nan,nan,0.0,-0.015915932010512043
2491,frozen,47,3,4,1,1,1.0,1.0,0,nan,nan,nan,0.0,-0.015915932010512043
2492,frozen,47,4,5,1,1,1.0,1.0,0,nan,nan,nan,0.0,-0.015915932010512043
2493,frozen,47,6,4,0,0,-1.0,-1.0,1,3,0,1,0.0,-0.015915932010512043
2494,frozen,47,8,3,0,0,-1.0,-1.0,1,0,1,0,0.0,-0.015915932010512043
2495,frozen,47,5,3,0,0,-1.0,-1.0,1,0,1,0,0.0,-0.015915932010512043
2496,frozen,47,8,3,0,0,-1.0,-1.0,1,0,1,0,0.0,-0.015915932010512043
2497,frozen,47,2,3,0,1,1.0,1.0,0,nan,nan,nan,0.0,-0.015915932010512043
2498,frozen,47,4,2,0,0,-1.0,-1.0,1,1,0,0,0.0,-0.015915932010512043
2499,frozen,47,3,3,0,1,1.0,1.0,0,nan,nan,nan,0.0,-0.015915932010512043
2500,frozen,47,8,4,1,0,-1.0,-1.0,1,1,0,0,0.0,-0.015915932010512043
2501,frozen,47,1,5,1,0,-1.0,-1.0,1,0,1,0,0.0,-0.015915932010512043
2502,frozen,47,8,5,1,0,-1.0,-1.0,1,0,1,0,0.0,-0.015915932010512043
2503,frozen,47,8,5,1,0,-1.0,-1.0,1,0,1,0,0.0,-0.015915932010512043
2504,frozen,47,0,5,1,0,-1.0,-1.0,1,0,1,0,0.0,-0.015915932010512043
2505,frozen,47,2,3,0,1,1.0,1.0,0,nan,nan,nan,0.0,-0.015915932010512043
2506,frozen,47,8,4,1,0,-1.0,-1.0,1,1,0,0,0.0,-0.015915932010512043
2507,frozen,47,5,3,0,0,-1.0,-1.0,1,0,1,0,0.0,-0.015915932010512043
2508,frozen,47,0,3,0,0,-1.0,-1.0,1,0,1,0,0.0,-0.015915932010512043
2509,frozen,47,6,5,1,1,1.0,1.0,0,nan,nan,nan,0.0,-0.015915932010512043
2510,frozen,47,4,4,0,1,1.0,1.0,0,nan,nan,nan,0.0,-0.015915932010512043
2511,frozen,47,7,3,0,0,-1.0,-1.0,1,2,0,0,0.0,-0.015915932010512043
2512,frozen,47,5,3,0,0,-1.0,-1.0,1,0,1,0,0.0,-0.015915932010512043
2513,frozen,47,4,5,1,1,1.0,1.0,0,nan,nan,nan,0.0,-0.015915932010512043
2514,frozen,47,4,4,0,1,1.0,1.0,0,nan,nan,nan,0.0,-0.015915932010512043
2515,frozen,47,1,5,1,0,-1.0,-1.0,1,2,0,0,0.0,-0.015915932010512043
2516,frozen,47,1,5,1,0,-1.0,-1.0,1,0,1,0,0.0,-0.015915932010512043
2517,frozen,47,0,3,0,0,-1.0,-1.0,1,0,1,0,0.0,-0.015915932010512043
2518,frozen,47,4,5,1,1,1.0,1.0,0,nan,nan,nan,0.0,-0.015915932010512043
2519,frozen,47,7,6,1,1,1.0,1.0,0,nan,nan,nan,0.0,-0.015915932010512043
2520,frozen,47,5,5,0,1,1.0,1.0,0,nan,nan,nan,0.0,-0.015915932010512043
2521,frozen,47,2,6,1,0,-1.0,-1.0,1,3,0,1,0.0,-0.015915932010512043
2522,frozen,47,0,3,0,0,-1.0,-1.0,1,0,1,0,0.0,-0.015915932010512043
2523,frozen,47,8,5,1,0,-1.0,-1.0,1,0,1,0,0.0,-0.015915932010512043
2524,frozen,47,6,5,1,1,1.0,1.0,0,nan,nan,nan,0.0,-0.015915932010512043
2525,frozen,47,6,4,0,0,-1.0,-1.0,1,1,0,0,0.0,-0.015915932010512043
2526,frozen,47,7,3,0,0,-1.0,-1.0,1,0,1,0,0.0,-0.015915932010512043
2527,frozen,47,7,5,1,0,-1.0,-1.0,1,0,1,0,0.0,-0.015915932010512043
2528,frozen,47,4,5,1,1,1.0,1.0,0,nan,nan,nan,0.0,-0.015915932010512043
2529,frozen,47,3,4,0,1,1.0,1.0,0,nan,nan,nan,0.0,-0.015915932010512043
2530,frozen,47,3,3,0,1,1.0,1.0,0,nan,nan,nan,0.0,-0.015915932010512043
2531,frozen,47,7,4,1,0,-1.0,-1.0,1,3,0,1,0.0,-0.015915932010512043
2532,frozen,47,0,3,0,0,-1.0,-1.0,1,0,1,0,0.0,-0.015915932010512043
2533,frozen,47,0,5,1,0,-1.0,-1.0,1,0,1,0,0.0,-0.015915932010512043
2534,frozen,47,0,3,0,0,-1.0,-1.0,1,0,1,0,0.0,-0.015915932010512043
2535,frozen,47,1,5,1,0,-1.0,-1.0,1,0,1,0,0.0,-0.015915932010512043
2536,frozen,47,5,3,0,0,-1.0,-1.0,1,0,1,0,0.0,-0.015915932010512043
2537,frozen,47,6,5,1,1,1.0,1.0,0,nan,nan,nan,0.0,-0.015915932010512043
2538,frozen,47,8,6,1,0,-1.0,-1.0,1,1,0,0,0.0,-0.015915932010512043
2539,frozen,47,7,5,1,0,-1.0,-1.0,1,0,1,0,0.0,-0.015915932010512043
2540,frozen,47,6,5,1,1,1.0,1.0,0,nan,nan,nan,0.0,-0.015915932010512043
2541,frozen,47,5,6,1,1,1.0,1.0,0,nan,nan,nan,0.0,-0.015915932010512043
2542,frozen,47,3,7,1,0,-1.0,-1.0,1,2,0,0,0.0,-0.015915932010512043
2543,frozen,47,3,3,0,1,1.0,1.0,0,nan,nan,nan,0.0,-0.015915932010512043
2544,frozen,47,2,2,0,1,1.0,1.0,0,nan,nan,nan,0.0,-0.015915932010512043
2545,frozen,47,0,1,0,1,1.0,1.0,0,nan,nan,nan,0.0,-0.015915932010512043
2546,frozen,47,4,0,0,0,-1.0,-1.0,1,3,0,1,0.0,-0.015915932010512043
2547,frozen,47,2,3,0,1,1.0,1.0,0,nan,nan,nan,0.0,-0.015915932010512043
2548,frozen,47,5,4,1,1,1.0,1.0,0,nan,nan,nan,0.0,-0.015915932010512043
2549,frozen,47,8,3,0,0,-1.0,-1.0,1,2,0,0,0.0,-0.015915932010512043
2550,frozen,47,0,5,1,0,-1.0,-1.0,1,0,1,0,0.0,-0.015915932010512043
2551,frozen,47,7,3,0,0,-1.0,-1.0,1,0,1,0,0.0,-0.015915932010512043
2552,frozen,47,2,3,0,1,1.0,1.0,0,nan,nan,nan,0.0,-0.015915932010512043
2553,frozen,47,0,4,1,0,-1.0,-1.0,1,1,0,0,0.0,-0.015915932010512043
2554,frozen,47,7,3,0,0,-1.0,-1.0,1,0,1,0,0.0,-0.015915932010512043
2555,frozen,47,2,5,1,0,-1.0,-1.0,1,0,1,0,0.0,-0.015915932010512043
2556,frozen,47,2,3,0,1,1.0,1.0,0,nan,nan,nan,0.0,-0.015915932010512043
2557,frozen,47,0,4,1,0,-1.0,-1.0,1,1,0,0,0.0,-0.015915932010512043
2558,frozen,47,6,5,1,1,1.0,1.0,0,nan,nan,nan,0.0,-0.015915932010512043
2559,frozen,47,2,6,1,0,-1.0,-1.0,1,1,0,0,0.0,-0.015915932010512043
2560,frozen,47,8,3,0,0,-1.0,-1.0,1,0,1,0,0.0,-0.015915932010512043
2561,frozen,47,2,3,0,1,1.0,1.0,0,nan,nan,nan,0.0,-0.015915932010512043
2562,frozen,47,2,2,0,1,1.0,1.0,0,nan,nan,nan,0.0,-0.015915932010512043
2563,frozen,47,4,3,1,1,1.0,1.0,0,nan,nan,nan,0.0,-0.015915932010512043
2564,frozen,47,2,2,0,1,1.0,1.0,0,nan,nan,nan,0.0,-0.015915932010512043
2565,frozen,47,6,3,1,0,-1.0,-1.0,1,4,0,1,0.0,-0.015915932010512043
2566,frozen,47,7,3,0,0,-1.0,-1.0,1,0,1,0,0.0,-0.015915932010512043
2567,frozen,47,8,3,0,0,-1.0,-1.0,1,0,1,0,0.0,-0.015915932010512043
2568,frozen,47,3,3,0,1,1.0,1.0,0,nan,nan,nan,0.0,-0.015915932010512043
2569,frozen,47,4,2,0,0,-1.0,-1.0,1,1,0,0,0.0,-0.015915932010512043
2570,frozen,47,0,3,0,0,-1.0,-1.0,1,0,1,0,0.0,-0.015915932010512043
2571,frozen,47,6,5,1,1,1.0,1.0,0,nan,nan,nan,0.0,-0.015915932010512043
2572,frozen,47,8,6,1,0,-1.0,-1.0,1,1,0,0,0.0,-0.015915932010512043
2573,frozen,47,3,3,0,1,1.0,1.0,0,nan,nan,nan,0.0,-0.015915932010512043
2574,frozen,47,6,4,1,0,-1.0,-1.0,1,1,0,0,0.0,-0.015915932010512043
2575,frozen,47,6,5,1,1,1.0,1.0,0,nan,nan,nan,0.0,-0.015915932010512043
2576,frozen,47,8,6,1,0,-1.0,-1.0,1,1,0,0,0.0,-0.015915932010512043
2577,frozen,47,8,3,0,0,-1.0,-1.0,1,0,1,0,0.0,-0.015915932010512043
2578,frozen,47,8,3,0,0,-1.0,-1.0,1,0,1,0,0.0,-0.015915932010512043
2579,frozen,47,3,5,1,0,-1.0,-1.0,1,0,1,0,0.0,-0.015915932010512043
2580,frozen,47,4,5,1,1,1.0,1.0,0,nan,nan,nan,0.0,-0.015915932010512043
2581,frozen,47,8,4,0,0,-1.0,-1.0,1,1,0,0,0.0,-0.015915932010512043
2582,frozen,47,6,5,1,1,1.0,1.0,0,nan,nan,nan,0.0,-0.015915932010512043
2583,frozen,47,4,4,0,1,1.0,1.0,0,nan,nan,nan,0.0,-0.015915932010512043
2584,frozen,47,1,5,1,0,-1.0,-1.0,1,2,0,0,0.0,-0.015915932010512043
2585,frozen,47,7,3,0,0,-1.0,-1.0,1,0,1,0,0.0,-0.015915932010512043
2586,frozen,47,2,3,0,1,1.0,1.0,0,nan,nan,nan,0.0,-0.015915932010512043
2587,frozen,47,1,2,0,1,1.0,1.0,0,nan,nan,nan,0.0,-0.015915932010512043
2588,frozen,47,1,1,0,1,1.0,1.0,0,nan,nan,nan,0.0,-0.015915932010512043
2589,frozen,47,8,2,1,0,-1.0,-1.0,1,3,0,1,0.0,-0.015915932010512043
2590,frozen,47,6,5,1,1,1.0,1.0,0,nan,nan,nan,0.0,-0.015915932010512043
2591,frozen,47,0,4,0,0,-1.0,-1.0,1,1,0,0,0.0,-0.015915932010512043
2592,frozen,47,2,3,0,1,1.0,1.0,0,nan,nan,nan,0.0,-0.015915932010512043
2593,frozen,47,1,2,0,1,1.0,1.0,0,nan,nan,nan,0.0,-0.015915932010512043
2594,frozen,47,3,1,0,0,-1.0,-1.0,1,2,0,0,0.0,-0.015915932010512043
2595,frozen,47,2,3,0,1,1.0,1.0,0,nan,nan,nan,0.0,-0.015915932010512043
2596,frozen,47,4,2,0,0,-1.0,-1.0,1,1,0,0,0.0,-0.015915932010512043
2597,frozen,47,2,3,0,1,1.0,1.0,0,nan,nan,nan,0.0,-0.015915932010512043
2598,frozen,47,1,2,0,1,1.0,1.0,0,nan,nan,nan,0.0,-0.015915932010512043
2599,frozen,47,7,3,1,0,-1.0,-1.0,1,2,0,0,0.0,-0.015915932010512043
2600,frozen,47,3,3,0,1,1.0,1.0,0,nan,nan,nan,0.0,-0.015915932010512043
2601,frozen,47,0,2,0,0,-1.0,-1.0,1,1,0,0,0.0,-0.015915932010512043
2602,frozen,47,0,5,1,0,-1.0,-1.0,1,0,1,0,0.0,-0.015915932010512043
2603,frozen,47,5,3,0,0,-1.0,-1.0,1,0,1,0,0.0,-0.015915932010512043
2604,frozen,47,2,3,0,1,1.0,1.0,0,nan,nan,nan,0.0,-0.015915932010512043
2605,frozen,47,8,4,1,0,-1.0,-1.0,1,1,0,0,0.0,-0.015915932010512043
2606,frozen,47,8,3,0,0,-1.0,-1.0,1,0,1,0,0.0,-0.015915932010512043
2607,frozen,47,0,3,0,0,-1.0,-1.0,1,0,1,0,0.0,-0.015915932010512043
2608,frozen,47,2,3,0,1,1.0,1.0,0,nan,nan,nan,0.0,-0.015915932010512043
2609,frozen,47,6,4,1,0,-1.0,-1.0,1,1,0,0,0.0,-0.015915932010512043
2610,frozen,47,7,5,1,0,-1.0,-1.0,1,0,1,0,0.0,-0.015915932010512043
2611,frozen,47,6,5,1,1,1.0,1.0,0,nan,nan,nan,0.0,-0.015915932010512043
2612,frozen,47,1,6,1,0,-1.0,-1.0,1,1,0,0,0.0,-0.015915932010512043
2613,frozen,47,0,3,0,0,-1.0,-1.0,1,0,1,0,0.0,-0.015915932010512043
2614,frozen,47,2,3,0,1,1.0,1.0,0,nan,nan,nan,0.0,-0.015915932010512043
2615,frozen,47,2,2,0,1,1.0,1.0,0,nan,nan,nan,0.0,-0.015915932010512043
2616,frozen,47,6,1,0,0,-1.0,-1.0,1,2,0,0,0.0,-0.015915932010512043
2617,frozen,47,3,3,0,1,1.0,1.0,0,nan,nan,nan,0.0,-0.015915932010512043
2618,frozen,47,6,4,1,0,-1.0,-1.0,1,1,0,0,0.0,-0.015915932010512043
2619,frozen,47,5,3,0,0,-1.0,-1.0,1,0,1,0,0.0,-0.015915932010512043
2620,frozen,47,8,3,0,0,-1.0,-1.0,1,0,1,0,0.0,-0.015915932010512043
2621,frozen,47,2,5,1,0,-1.0,-1.0,1,0,1,0,0.0,-0.015915932010512043
2622,frozen,47,8,5,1,0,-1.0,-1.0,1,0,1,0,0.0,-0.015915932010512043
2623,frozen,47,8,3,0,0,-1.0,-1.0,1,0,1,0,0.0,-0.015915932010512043
2624,frozen,47,3,3,0,1,1.0,1.0,0,nan,nan,nan,0.0,-0.015915932010512043
2625,frozen,47,4,2,0,0,-1.0,-1.0,1,1,0,0,0.0,-0.015915932010512043
2626,frozen,47,4,5,1,1,1.0,1.0,0,nan,nan,nan,0.0,-0.015915932010512043
2627,frozen,47,7,6,1,1,1.0,1.0,0,nan,nan,nan,0.0,-0.015915932010512043
2628,frozen,47,2,7,1,0,-1.0,-1.0,1,2,0,0,0.0,-0.015915932010512043
2629,frozen,47,4,5,1,1,1.0,1.0,0,nan,nan,nan,0.0,-0.015915932010512043
2630,frozen,47,1,4,0,0,-1.0,-1.0,1,1,0,0,0.0,-0.015915932010512043
2631,frozen,47,8,5,1,0,-1.0,-1.0,1,0,1,0,0.0,-0.015915932010512043
2632,frozen,47,1,5,1,0,-1.0,-1.0,1,0,1,0,0.0,-0.015915932010512043
2633,frozen,47,0,3,0,0,-1.0,-1.0,1,0,1,0,0.0,-0.015915932010512043
2634,frozen,47,4,5,1,1,1.0,1.0,0,nan,nan,nan,0.0,-0.015915932010512043
2635,frozen,47,8,6,1,0,-1.0,-1.0,1,1,0,0,0.0,-0.015915932010512043
2636,frozen,47,4,5,1,1,1.0,1.0,0,nan,nan,nan,0.0,-0.015915932010512043
2637,frozen,47,6,4,0,0,-1.0,-1.0,1,1,0,0,0.0,-0.015915932010512043
2638,frozen,47,0,3,0,0,-1.0,-1.0,1,0,1,0,0.0,-0.015915932010512043
2639,frozen,47,3,3,0,1,1.0,1.0,0,nan,nan,nan,0.0,-0.015915932010512043
2640,frozen,47,2,2,0,1,1.0,1.0,0,nan,nan,nan,0.0,-0.015915932010512043
2641,frozen,47,6,1,0,0,-1.0,-1.0,1,2,0,0,0.0,-0.015915932010512043
2642,frozen,47,3,3,0,1,1.0,1.0,0,nan,nan,nan,0.0,-0.015915932010512043
2643,frozen,47,1,2,0,1,1.0,1.0,0,nan,nan,nan,0.0,-0.015915932010512043
2644,frozen,47,5,3,1,0,-1.0,-1.0,1,2,0,0,0.0,-0.015915932010512043
2645,frozen,47,2,3,0,1,1.0,1.0,0,nan,nan,nan,0.0,-0.015915932010512043
2646,frozen,47,2,2,0,1,1.0,1.0,0,nan,nan,nan,0.0,-0.015915932010512043
2647,frozen,47,6,3,1,0,-1.0,-1.0,1,2,0,0,0.0,-0.015915932010512043
2648,frozen,47,1,5,1,0,-1.0,-1.0,1,0,1,0,0.0,-0.015915932010512043
2649,frozen,47,0,3,0,0,-1.0,-1.0,1,0,1,0,0.0,-0.015915932010512043
2650,frozen,47,1,5,1,0,-1.0,-1.0,1,0,1,0,0.0,-0.015915932010512043
2651,frozen,47,3,3,0,1,1.0,1.0,0,nan,nan,nan,0.0,-0.015915932010512043
2652,frozen,47,6,4,1,0,-1.0,-1.0,1,1,0,0,0.0,-0.015915932010512043
2653,frozen,47,8,5,1,0,-1.0,-1.0,1,0,1,0,0.0,-0.015915932010512043
2654,frozen,47,5,3,0,0,-1.0,-1.0,1,0,1,0,0.0,-0.015915932010512043
2655,frozen,47,2,3,0,1,1.0,1.0,0,nan,nan,nan,0.0,-0.015915932010512043
2656,frozen,47,2,2,0,1,1.0,1.0,0,nan,nan,nan,0.0,-0.015915932010512043
2657,frozen,47,1,1,0,1,1.0,1.0,0,nan,nan,nan,0.0,-0.015915932010512043
2658,frozen,47,2,0,0,0,-1.0,-1.0,1,3,0,1,0.0,-0.015915932010512043
2659,frozen,47,1,5,1,0,-1.0,-1.0,1,0,1,0,0.0,-0.015915932010512043
2660,frozen,47,0,3,0,0,-1.0,-1.0,1,0,1,0,0.0,-0.015915932010512043
2661,frozen,47,1,5,1,0,-1.0,-1.0,1,0,1,0,0.0,-0.015915932010512043
2662,frozen,47,7,5,1,0,-1.0,-1.0,1,0,1,0,0.0,-0.015915932010512043
2663,frozen,47,5,3,0,0,-1.0,-1.0,1,0,1,0,0.0,-0.015915932010512043
2664,frozen,47,4,5,1,1,1.0,1.0,0,nan,nan,nan,0.0,-0.015915932010512043
2665,frozen,47,0,4,0,0,-1.0,-1.0,1,1,0,0,0.0,-0.015915932010512043
2666,frozen,47,5,3,0,0,-1.0,-1.0,1,0,1,0,0.0,-0.015915932010512043
2667,frozen,47,1,5,1,0,-1.0,-1.0,1,0,1,0,0.0,-0.015915932010512043
2668,frozen,47,0,3,0,0,-1.0,-1.0,1,0,1,0,0.0,-0.015915932010512043
2669,frozen,47,2,3,0,1,1.0,1.0,0,nan,nan,nan,0.0,-0.015915932010512043
2670,frozen,47,4,2,0,0,-1.0,-1.0,1,1,0,0,0.0,-0.015915932010512043
2671,frozen,47,0,3,0,0,-1.0,-1.0,1,0,1,0,0.0,-0.015915932010512043
2672,frozen,47,4,5,1,1,1.0,1.0,0,nan,nan,nan,0.0,-0.015915932010512043
2673,frozen,47,0,4,0,0,-1.0,-1.0,1,1,0,0,0.0,-0.015915932010512043
2674,frozen,47,0,5,1,0,-1.0,-1.0,1,0,1,0,0.0,-0.015915932010512043
2675,frozen,47,4,5,1,1,1.0,1.0,0,nan,nan,nan,0.0,-0.015915932010512043
2676,frozen,47,2,6,1,0,-1.0,-1.0,1,1,0,0,0.0,-0.015915932010512043
2677,frozen,47,4,5,1,1,1.0,1.0,0,nan,nan,nan,0.0,-0.015915932010512043
2678,frozen,47,2,6,1,0,-1.0,-1.0,1,1,0,0,0.0,-0.015915932010512043
2679,frozen,47,7,3,0,0,-1.0,-1.0,1,0,1,0,0.0,-0.015915932010512043
2680,frozen,47,3,3,0,1,1.0,1.0,0,nan,nan,nan,0.0,-0.015915932010512043
2681,frozen,47,5,4,1,1,1.0,1.0,0,nan,nan,nan,0.0,-0.015915932010512043
2682,frozen,47,8,3,0,0,-1.0,-1.0,1,2,0,0,0.0,-0.015915932010512043
2683,frozen,47,0,3,0,0,-1.0,-1.0,1,0,1,0,0.0,-0.015915932010512043
2684,frozen,47,3,3,0,1,1.0,1.0,0,nan,nan,nan,0.0,-0.015915932010512043
2685,frozen,47,2,2,0,1,1.0,1.0,0,nan,nan,nan,0.0,-0.015915932010512043
2686,frozen,47,3,1,0,0,-1.0,-1.0,1,2,0,0,0.0,-0.015915932010512043
2687,frozen,47,1,5,1,0,-1.0,-1.0,1,0,1,0,0.0,-0.015915932010512043
2688,frozen,47,4,5,1,1,1.0,1.0,0,nan,nan,nan,0.0,-0.015915932010512043
2689,frozen,47,3,4,0,1,1.0,1.0,0,nan,nan,nan,0.0,-0.015915932010512043
2690,frozen,47,7,3,0,0,-1.0,-1.0,1,2,0,0,0.0,-0.015915932010512043
2691,frozen,47,7,5,1,0,-1.0,-1.0,1,0,1,0,0.0,-0.015915932010512043
2692,frozen,47,5,3,0,0,-1.0,-1.0,1,0,1,0,0.0,-0.015915932010512043
2693,frozen,47,4,5,1,1,1.0,1.0,0,nan,nan,nan,0.0,-0.015915932010512043
2694,frozen,47,3,4,0,1,1.0,1.0,0,nan,nan,nan,0.0,-0.015915932010512043
2695,frozen,47,1,5,1,0,-1.0,-1.0,1,2,0,0,0.0,-0.015915932010512043
2696,frozen,47,0,5,1,0,-1.0,-1.0,1,0,1,0,0.0,-0.015915932010512043
2697,frozen,47,3,3,0,1,1.0,1.0,0,nan,nan,nan,0.0,-0.015915932010512043
2698,frozen,47,1,2,0,1,1.0,1.0,0,nan,nan,nan,0.0,-0.015915932010512043
2699,frozen,47,1,1,0,1,1.0,1.0,0,nan,nan,nan,0.0,-0.015915932010512043
2700,frozen,47,5,0,0,0,-1.0,-1.0,1,3,0,1,0.0,-0.015915932010512043
2701,frozen,47,2,3,0,1,1.0,1.0,0,nan,nan,nan,0.0,-0.015915932010512043
2702,frozen,47,3,4,1,1,1.0,1.0,0,nan,nan,nan,0.0,-0.015915932010512043
2703,frozen,47,8,3,0,0,-1.0,-1.0,1,2,0,0,0.0,-0.015915932010512043
2704,frozen,47,6,3,0,0,-1.0,-1.0,1,0,1,0,0.0,-0.015915932010512043
2705,frozen,47,8,3,0,0,-1.0,-1.0,1,0,1,0,0.0,-0.015915932010512043
2706,frozen,47,3,3,0,1,1.0,1.0,0,nan,nan,nan,0.0,-0.015915932010512043
2707,frozen,47,0,4,1,0,-1.0,-1.0,1,1,0,0,0.0,-0.015915932010512043
2708,frozen,47,8,3,0,0,-1.0,-1.0,1,0,1,0,0.0,-0.015915932010512043
2709,frozen,47,0,5,1,0,-1.0,-1.0,1,0,1,0,0.0,-0.015915932010512043
2710,frozen,47,1,3,0,0,-1.0,-1.0,1,0,1,0,0.0,-0.015915932010512043
2711,frozen,47,3,3,0,1,1.0,1.0,0,nan,nan,nan,0.0,-0.015915932010512043
2712,frozen,47,2,2,0,1,1.0,1.0,0,nan,nan,nan,0.0,-0.015915932010512043
2713,frozen,47,0,1,0,1,1.0,1.0,0,nan,nan,nan,0.0,-0.015915932010512043
2714,frozen,47,7,0,0,0,-1.0,-1.0,1,3,0,1,0.0,-0.015915932010512043
2715,frozen,47,1,5,1,0,-1.0,-1.0,1,0,1,0,0.0,-0.015915932010512043
2716,frozen,47,7,3,0,0,-1.0,-1.0,1,0,1,0,0.0,-0.015915932010512043
2717,frozen,47,7,5,1,0,-1.0,-1.0,1,0,1,0,0.0,-0.015915932010512043
2718,frozen,47,5,3,0,0,-1.0,-1.0,1,0,1,0,0.0,-0.015915932010512043
2719,frozen,47,6,5,1,1,1.0,1.0,0,nan,nan,nan,0.0,-0.015915932010512043
2720,frozen,47,3,4,0,1,1.0,1.0,0,nan,nan,nan,0.0,-0.015915932010512043
2721,frozen,47,8,5,1,0,-1.0,-1.0,1,2,0,0,0.0,-0.015915932010512043
2722,frozen,47,4,5,1,1,1.0,1.0,0,nan,nan,nan,0.0,-0.015915932010512043
2723,frozen,47,1,6,1,0,-1.0,-1.0,1,1,0,0,0.0,-0.015915932010512043
2724,frozen,47,0,5,1,0,-1.0,-1.0,1,0,1,0,0.0,-0.015915932010512043
2725,frozen,47,0,5,1,0,-1.0,-1.0,1,0,1,0,0.0,-0.015915932010512043
2726,frozen,47,5,3,0,0,-1.0,-1.0,1,0,1,0,0.0,-0.015915932010512043
2727,frozen,47,2,5,1,0,-1.0,-1.0,1,0,1,0,0.0,-0.015915932010512043
2728,frozen,47,4,5,1,1,1.0,1.0,0,nan,nan,nan,0.0,-0.015915932010512043
2729,frozen,47,2,6,1,0,-1.0,-1.0,1,1,0,0,0.0,-0.015915932010512043
2730,frozen,47,5,5,1,1,1.0,1.0,0,nan,nan,nan,0.0,-0.015915932010512043
2731,frozen,47,1,6,1,0,-1.0,-1.0,1,1,0,0,0.0,-0.015915932010512043
2732,frozen,47,6,5,1,1,1.0,1.0,0,nan,nan,nan,0.0,-0.015915932010512043
2733,frozen,47,7,6,1,1,1.0,1.0,0,nan,nan,nan,0.0,-0.015915932010512043
2734,frozen,47,5,5,0,1,1.0,1.0,0,nan,nan,nan,0.0,-0.015915932010512043
2735,frozen,47,7,6,1,1,1.0,1.0,0,nan,nan,nan,0.0,-0.015915932010512043
2736,frozen,47,2,7,1,0,-1.0,-1.0,1,4,0,1,0.0,-0.015915932010512043
2737,frozen,47,7,5,1,0,-1.0,-1.0,1,0,1,0,0.0,-0.015915932010512043
2738,frozen,47,2,3,0,1,1.0,1.0,0,nan,nan,nan,0.0,-0.015915932010512043
2739,frozen,47,6,4,1,0,-1.0,-1.0,1,1,0,0,0.0,-0.015915932010512043
2740,frozen,47,6,5,1,1,1.0,1.0,0,nan,nan,nan,0.0,-0.015915932010512043
2741,frozen,47,0,6,1,0,-1.0,-1.0,1,1,0,0,0.0,-0.015915932010512043
2742,frozen,47,2,3,0,1,1.0,1.0,0,nan,nan,nan,0.0,-0.015915932010512043
2743,frozen,47,4,2,0,0,-1.0,-1.0,1,1,0,0,0.0,-0.015915932010512043
2744,frozen,47,0,5,1,0,-1.0,-1.0,1,0,1,0,0.0,-0.015915932010512043
2745,frozen,47,5,3,0,0,-1.0,-1.0,1,0,1,0,0.0,-0.015915932010512043
2746,frozen,47,3,3,0,1,1.0,1.0,0,nan,nan,nan,0.0,-0.015915932010512043
2747,frozen,47,6,2,0,0,-1.0,-1.0,1,1,0,0,0.0,-0.015915932010512043
2748,frozen,47,6,5,1,1,1.0,1.0,0,nan,nan,nan,0.0,-0.015915932010512043
2749,frozen,47,7,6,1,1,1.0,1.0,0,nan,nan,nan,0.0,-0.015915932010512043
2750,frozen,47,0,7,1,0,-1.0,-1.0,1,2,0,0,0.0,-0.015915932010512043
2751,frozen,47,4,5,1,1,1.0,1.0,0,nan,nan,nan,0.0,-0.015915932010512043
2752,frozen,47,0,4,0,0,-1.0,-1.0,1,1,0,0,0.0,-0.015915932010512043
2753,frozen,47,0,3,0,0,-1.0,-1.0,1,0,1,0,0.0,-0.015915932010512043
2754,frozen,47,6,5,1,1,1.0,1.0,0,nan,nan,nan,0.0,-0.015915932010512043
2755,frozen,47,0,4,0,0,-1.0,-1.0,1,1,0,0,0.0,-0.015915932010512043
2756,frozen,47,0,3,0,0,-1.0,-1.0,1,0,1,0,0.0,-0.015915932010512043
2757,frozen,47,2,3,0,1,1.0,1.0,0,nan,nan,nan,0.0,-0.015915932010512043
2758,frozen,47,5,4,1,1,1.0,1.0,0,nan,nan,nan,0.0,-0.015915932010512043
2759,frozen,47,5,3,0,0,-1.0,-1.0,1,2,0,0,0.0,-0.015915932010512043
2760,frozen,47,2,3,0,1,1.0,1.0,0,nan,nan,nan,0.0,-0.015915932010512043
2761,frozen,47,5,4,1,1,1.0,1.0,0,nan,nan,nan,0.0,-0.015915932010512043
2762,frozen,47,7,3,0,0,-1.0,-1.0,1,2,0,0,0.0,-0.015915932010512043
2763,frozen,47,3,3,0,1,1.0,1.0,0,nan,nan,nan,0.0,-0.015915932010512043
2764,frozen,47,0,4,1,0,-1.0,-1.0,1,1,0,0,0.0,-0.015915932010512043
2765,frozen,47,3,3,0,1,1.0,1.0,0,nan,nan,nan,0.0,-0.015915932010512043
2766,frozen,47,8,4,1,0,-1.0,-1.0,1,1,0,0,0.0,-0.015915932010512043
2767,frozen,47,8,5,1,0,-1.0,-1.0,1,0,1,0,0.0,-0.015915932010512043
2768,frozen,47,2,3,0,1,1.0,1.0,0,nan,nan,nan,0.0,-0.015915932010512043
2769,frozen,47,0,4,1,0,-1.0,-1.0,1,1,0,0,0.0,-0.015915932010512043
2770,frozen,47,2,3,0,1,1.0,1.0,0,nan,nan,nan,0.0,-0.015915932010512043
2771,frozen,47,6,2,0,0,-1.0,-1.0,1,1,0,0,0.0,-0.015915932010512043
2772,frozen,47,1,5,1,0,-1.0,-1.0,1,0,1,0,0.0,-0.015915932010512043
2773,frozen,47,3,3,0,1,1.0,1.0,0,nan,nan,nan,0.0,-0.015915932010512043
2774,frozen,47,0,4,1,0,-1.0,-1.0,1,1,0,0,0.0,-0.015915932010512043
2775,frozen,47,3,3,0,1,1.0,1.0,0,nan,nan,nan,0.0,-0.015915932010512043
2776,frozen,47,5,4,1,1,1.0,1.0,0,nan,nan,nan,0.0,-0.015915932010512043
2777,frozen,47,6,5,1,1,1.0,1.0,0,nan,nan,nan,0.0,-0.015915932010512043
2778,frozen,47,0,6,1,0,-1.0,-1.0,1,3,0,1,0.0,-0.015915932010512043
2779,frozen,47,5,3,0,0,-1.0,-1.0,1,0,1,0,0.0,-0.015915932010512043
2780,frozen,47,7,5,1,0,-1.0,-1.0,1,0,1,0,0.0,-0.015915932010512043
2781,frozen,47,2,3,0,1,1.0,1.0,0,nan,nan,nan,0.0,-0.015915932010512043
2782,frozen,47,8,4,1,0,-1.0,-1.0,1,1,0,0,0.0,-0.015915932010512043
2783,frozen,47,1,5,1,0,-1.0,-1.0,1,0,1,0,0.0,-0.015915932010512043
2784,frozen,47,7,5,1,0,-1.0,-1.0,1,0,1,0,0.0,-0.015915932010512043
2785,frozen,47,3,3,0,1,1.0,1.0,0,nan,nan,nan,0.0,-0.015915932010512043
2786,frozen,47,0,4,1,0,-1.0,-1.0,1,1,0,0,0.0,-0.015915932010512043
2787,frozen,47,2,3,0,1,1.0,1.0,0,nan,nan,nan,0.0,-0.015915932010512043
2788,frozen,47,7,4,1,0,-1.0,-1.0,1,1,0,0,0.0,-0.015915932010512043
2789,frozen,47,1,5,1,0,-1.0,-1.0,1,0,1,0,0.0,-0.015915932010512043
2790,frozen,47,6,5,1,1,1.0,1.0,0,nan,nan,nan,0.0,-0.015915932010512043
2791,frozen,47,5,6,1,1,1.0,1.0,0,nan,nan,nan,0.0,-0.015915932010512043
2792,frozen,47,0,5,0,0,-1.0,-1.0,1,2,0,0,0.0,-0.015915932010512043
2793,frozen,47,2,3,0,1,1.0,1.0,0,nan,nan,nan,0.0,-0.015915932010512043
2794,frozen,47,2,2,0,1,1.0,1.0,0,nan,nan,nan,0.0,-0.015915932010512043
2795,frozen,47,2,3,1,1,1.0,1.0,0,nan,nan,nan,0.0,-0.015915932010512043
2796,frozen,47,2,2,0,1,1.0,1.0,0,nan,nan,nan,0.0,-0.015915932010512043
2797,frozen,47,3,1,0,0,-1.0,-1.0,1,4,0,1,0.0,-0.015915932010512043
2798,frozen,47,8,5,1,0,-1.0,-1.0,1,0,1,0,0.0,-0.015915932010512043
2799,frozen,47,8,5,1,0,-1.0,-1.0,1,0,1,0,0.0,-0.015915932010512043
2800,frozen,47,6,5,1,1,1.0,1.0,0,nan,nan,nan,0.0,-0.015915932010512043
2801,frozen,47,1,4,0,0,-1.0,-1.0,1,1,0,0,0.0,-0.015915932010512043
2802,frozen,47,4,5,1,1,1.0,1.0,0,nan,nan,nan,0.0,-0.015915932010512043
2803,frozen,47,1,6,1,0,-1.0,-1.0,1,1,0,0,0.0,-0.015915932010512043
2804,frozen,47,5,3,0,0,-1.0,-1.0,1,0,1,0,0.0,-0.015915932010512043
2805,frozen,47,5,3,0,0,-1.0,-1.0,1,0,1,0,0.0,-0.015915932010512043
2806,frozen,47,3,3,0,1,1.0,1.0,0,nan,nan,nan,0.0,-0.015915932010512043
2807,frozen,47,0,4,1,0,-1.0,-1.0,1,1,0,0,0.0,-0.015915932010512043
2808,frozen,47,7,5,1,0,-1.0,-1.0,1,0,1,0,0.0,-0.015915932010512043
2809,frozen,47,8,3,0,0,-1.0,-1.0,1,0,1,0,0.0,-0.015915932010512043
2810,frozen,47,0,3,0,0,-1.0,-1.0,1,0,1,0,0.0,-0.015915932010512043
2811,frozen,47,2,3,0,1,1.0,1.0,0,nan,nan,nan,0.0,-0.015915932010512043
2812,frozen,47,1,2,0,1,1.0,1.0,0,nan,nan,nan,0.0,-0.015915932010512043
2813,frozen,47,0,1,0,1,1.0,1.0,0,nan,nan,nan,0.0,-0.015915932010512043
2814,frozen,47,4,0,0,0,-1.0,-1.0,1,3,0,1,0.0,-0.015915932010512043
2815,frozen,47,4,5,1,1,1.0,1.0,0,nan,nan,nan,0.0,-0.015915932010512043
2816,frozen,47,8,4,0,0,-1.0,-1.0,1,1,0,0,0.0,-0.015915932010512043
2817,frozen,47,0,5,1,0,-1.0,-1.0,1,0,1,0,0.0,-0.015915932010512043
2818,frozen,47,8,3,0,0,-1.0,-1.0,1,0,1,0,0.0,-0.015915932010512043
2819,frozen,47,7,5,1,0,-1.0,-1.0,1,0,1,0,0.0,-0.015915932010512043
2820,frozen,47,7,5,1,0,-1.0,-1.0,1,0,1,0,0.0,-0.015915932010512043
2821,frozen,47,3,3,0,1,1.0,1.0,0,nan,nan,nan,0.0,-0.015915932010512043
2822,frozen,47,0,4,1,0,-1.0,-1.0,1,1,0,0,0.0,-0.015915932010512043
2823,frozen,47,4,5,1,1,1.0,1.0,0,nan,nan,nan,0.0,-0.015915932010512043
2824,frozen,47,4,4,0,1,1.0,1.0,0,nan,nan,nan,0.0,-0.015915932010512043
2825,frozen,47,8,5,1,0,-1.0,-1.0,1,2,0,0,0.0,-0.015915932010512043
2826,frozen,47,0,5,1,0,-1.0,-1.0,1,0,1,0,0.0,-0.015915932010512043
2827,frozen,47,6,5,1,1,1.0,1.0,0,nan,nan,nan,0.0,-0.015915932010512043
2828,frozen,47,2,6,1,0,-1.0,-1.0,1,1,0,0,0.0,-0.015915932010512043
2829,frozen,47,5,3,0,0,-1.0,-1.0,1,0,1,0,0.0,-0.015915932010512043
2830,frozen,47,1,5,1,0,-1.0,-1.0,1,0,1,0,0.0,-0.015915932010512043
2831,frozen,47,2,5,1,0,-1.0,-1.0,1,0,1,0,0.0,-0.015915932010512043
2832,frozen,47,4,5,1,1,1.0,1.0,0,nan,nan,nan,0.0,-0.015915932010512043
2833,frozen,47,4,4,0,1,1.0,1.0,0,nan,nan,nan,0.0,-0.015915932010512043
2834,frozen,47,2,3,0,1,1.0,1.0,0,nan,nan,nan,0.0,-0.015915932010512043
2835,frozen,47,8,2,0,0,-1.0,-1.0,1,3,0,1,0.0,-0.015915932010512043
2836,frozen,47,5,3,0,0,-1.0,-1.0,1,0,1,0,0.0,-0.015915932010512043
2837,frozen,47,6,5,1,1,1.0,1.0,0,nan,nan,nan,0.0,-0.015915932010512043
2838,frozen,47,8,6,1,0,-1.0,-1.0,1,1,0,0,0.0,-0.015915932010512043
2839,frozen,47,5,3,0,0,-1.0,-1.0,1,0,1,0,0.0,-0.015915932010512043
2840,frozen,47,6,5,1,1,1.0,1.0,0,nan,nan,nan,0.0,-0.015915932010512043
2841,frozen,47,5,6,1,1,1.0,1.0,0,nan,nan,nan,0.0,-0.015915932010512043
2842,frozen,47,5,5,0,1,1.0,1.0,0,nan,nan,nan,0.0,-0.015915932010512043
2843,frozen,47,8,6,1,0,-1.0,-1.0,1,3,0,1,0.0,-0.015915932010512043
2844,frozen,47,7,3,0,0,-1.0,-1.0,1,0,1,0,0.0,-0.015915932010512043
2845,frozen,47,3,3,0,1,1.0,1.0,0,nan,nan,nan,0.0,-0.015915932010512043
2846,frozen,47,8,4,1,0,-1.0,-1.0,1,1,0,0,0.0,-0.015915932010512043
2847,frozen,47,8,3,0,0,-1.0,-1.0,1,0,1,0,0.0,-0.015915932010512043
2848,frozen,47,0,3,0,0,-1.0,-1.0,1,0,1,0,0.0,-0.015915932010512043
2849,frozen,47,0,3,0,0,-1.0,-1.0,1,0,1,0,0.0,-0.015915932010512043
2850,frozen,47,2,5,1,0,-1.0,-1.0,1,0,1,0,0.0,-0.015915932010512043
2851,frozen,47,2,3,0,1,1.0,1.0,0,nan,nan,nan,0.0,-0.015915932010512043
2852,frozen,47,1,2,0,1,1.0,1.0,0,nan,nan,nan,0.0,-0.015915932010512043
2853,frozen,47,2,3,1,1,1.0,1.0,0,nan,nan,nan,0.0,-0.015915932010512043
2854,frozen,47,0,4,1,0,-1.0,-1.0,1,3,0,1,0.0,-0.015915932010512043
2855,frozen,47,0,3,0,0,-1.0,-1.0,1,0,1,0,0.0,-0.015915932010512043
2856,frozen,47,8,3,0,0,-1.0,-1.0,1,0,1,0,0.0,-0.015915932010512043
2857,frozen,47,3,3,0,1,1.0,1.0,0,nan,nan,nan,0.0,-0.015915932010512043
2858,frozen,47,7,2,0,0,-1.0,-1.0,1,1,0,0,0.0,-0.015915932010512043
2859,frozen,47,5,3,0,0,-1.0,-1.0,1,0,1,0,0.0,-0.015915932010512043
2860,frozen,47,8,3,0,0,-1.0,-1.0,1,0,1,0,0.0,-0.015915932010512043
2861,frozen,47,4,5,1,1,1.0,1.0,0,nan,nan,nan,0.0,-0.015915932010512043
2862,frozen,47,6,4,0,0,-1.0,-1.0,1,1,0,0,0.0,-0.015915932010512043
2863,frozen,47,8,5,1,0,-1.0,-1.0,1,0,1,0,0.0,-0.015915932010512043
2864,frozen,47,4,5,1,1,1.0,1.0,0,nan,nan,nan,0.0,-0.015915932010512043
2865,frozen,47,6,4,0,0,-1.0,-1.0,1,1,0,0,0.0,-0.015915932010512043
2866,frozen,47,6,5,1,1,1.0,1.0,0,nan,nan,nan,0.0,-0.015915932010512043
2867,frozen,47,7,6,1,1,1.0,1.0,0,nan,nan,nan,0.0,-0.015915932010512043
2868,frozen,47,5,5,0,1,1.0,1.0,0,nan,nan,nan,0.0,-0.015915932010512043
2869,frozen,47,8,6,1,0,-1.0,-1.0,1,3,0,1,0.0,-0.015915932010512043
2870,frozen,47,0,3,0,0,-1.0,-1.0,1,0,1,0,0.0,-0.015915932010512043
2871,frozen,47,4,3,0,1,1.0,1.0,0,nan,nan,nan,0.0,-0.015915932010512043
2872,frozen,47,3,4,1,1,1.0,1.0,0,nan,nan,nan,0.0,-0.015915932010512043
2873,frozen,47,8,3,0,0,-1.0,-1.0,1,2,0,0,0.0,-0.015915932010512043
2874,frozen,47,4,5,1,1,1.0,1.0,0,nan,nan,nan,0.0,-0.015915932010512043
2875,frozen,47,8,4,0,0,-1.0,-1.0,1,1,0,0,0.0,-0.015915932010512043
2876,frozen,47,1,5,1,0,-1.0,-1.0,1,0,1,0,0.0,-0.015915932010512043
2877,frozen,47,6,5,1,1,1.0,1.0,0,nan,nan,nan,0.0,-0.015915932010512043
2878,frozen,47,4,4,0,1,1.0,1.0,0,nan,nan,nan,0.0,-0.015915932010512043
2879,frozen,47,0,3,0,0,-1.0,-1.0,1,2,0,0,0.0,-0.015915932010512043
2880,frozen,47,6,5,1,1,1.0,1.0,0,nan,nan,nan,0.0,-0.015915932010512043
2881,frozen,47,6,4,0,0,-1.0,-1.0,1,1,0,0,0.0,-0.015915932010512043
2882,frozen,47,4,5,1,1,1.0,1.0,0,nan,nan,nan,0.0,-0.015915932010512043
2883,frozen,47,7,6,1,1,1.0,1.0,0,nan,nan,nan,0.0,-0.015915932010512043
2884,frozen,47,5,5,0,1,1.0,1.0,0,nan,nan,nan,0.0,-0.015915932010512043
2885,frozen,47,4,4,0,1,1.0,1.0,0,nan,nan,nan,0.0,-0.015915932010512043
2886,frozen,47,5,3,0,0,-1.0,-1.0,1,4,0,1,0.0,-0.015915932010512043
2887,frozen,47,0,3,0,0,-1.0,-1.0,1,0,1,0,0.0,-0.015915932010512043
2888,frozen,47,2,3,0,1,1.0,1.0,0,nan,nan,nan,0.0,-0.015915932010512043
2889,frozen,47,0,4,1,0,-1.0,-1.0,1,1,0,0,0.0,-0.015915932010512043
2890,frozen,47,7,3,0,0,-1.0,-1.0,1,0,1,0,0.0,-0.015915932010512043
2891,frozen,47,8,5,1,0,-1.0,-1.0,1,0,1,0,0.0,-0.015915932010512043
2892,frozen,47,5,3,0,0,-1.0,-1.0,1,0,1,0,0.0,-0.015915932010512043
2893,frozen,47,0,5,1,0,-1.0,-1.0,1,0,1,0,0.0,-0.015915932010512043
2894,frozen,47,7,5,1,0,-1.0,-1.0,1,0,1,0,0.0,-0.015915932010512043
2895,frozen,47,1,5,1,0,-1.0,-1.0,1,0,1,0,0.0,-0.015915932010512043
2896,frozen,47,7,3,0,0,-1.0,-1.0,1,0,1,0,0.0,-0.015915932010512043
2897,frozen,47,0,3,0,0,-1.0,-1.0,1,0,1,0,0.0,-0.015915932010512043
2898,frozen,47,8,5,1,0,-1.0,-1.0,1,0,1,0,0.0,-0.015915932010512043
2899,frozen,47,5,3,0,0,-1.0,-1.0,1,0,1,0,0.0,-0.015915932010512043
2900,frozen,47,7,5,1,0,-1.0,-1.0,1,0,1,0,0.0,-0.015915932010512043
2901,frozen,47,6,5,1,1,1.0,1.0,0,nan,nan,nan,0.0,-0.015915932010512043
2902,frozen,47,8,4,0,0,-1.0,-1.0,1,1,0,0,0.0,-0.015915932010512043
2903,frozen,47,4,5,1,1,1.0,1.0,0,nan,nan,nan,0.0,-0.015915932010512043
2904,frozen,47,8,4,0,0,-1.0,-1.0,1,1,0,0,0.0,-0.015915932010512043
2905,frozen,47,3,3,0,1,1.0,1.0,0,nan,nan,nan,0.0,-0.015915932010512043
2906,frozen,47,8,4,1,0,-1.0,-1.0,1,1,0,0,0.0,-0.015915932010512043
2907,frozen,47,2,3,0,1,1.0,1.0,0,nan,nan,nan,0.0,-0.015915932010512043
2908,frozen,47,1,2,0,1,1.0,1.0,0,nan,nan,nan,0.0,-0.015915932010512043
2909,frozen,47,4,3,1,1,1.0,1.0,0,nan,nan,nan,0.0,-0.015915932010512043
2910,frozen,47,8,4,1,0,-1.0,-1.0,1,3,0,1,0.0,-0.015915932010512043
2911,frozen,47,7,5,1,0,-1.0,-1.0,1,0,1,0,0.0,-0.015915932010512043
2912,frozen,47,3,3,0,1,1.0,1.0,0,nan,nan,nan,0.0,-0.015915932010512043
2913,frozen,47,7,2,0,0,-1.0,-1.0,1,1,0,0,0.0,-0.015915932010512043
2914,frozen,47,8,3,0,0,-1.0,-1.0,1,0,1,0,0.0,-0.015915932010512043
2915,frozen,47,5,3,0,0,-1.0,-1.0,1,0,1,0,0.0,-0.015915932010512043
2916,frozen,47,0,5,1,0,-1.0,-1.0,1,0,1,0,0.0,-0.015915932010512043
2917,frozen,47,5,3,0,0,-1.0,-1.0,1,0,1,0,0.0,-0.015915932010512043
2918,frozen,47,6,5,1,1,1.0,1.0,0,nan,nan,nan,0.0,-0.015915932010512043
2919,frozen,47,8,4,0,0,-1.0,-1.0,1,1,0,0,0.0,-0.015915932010512043
2920,frozen,47,4,5,1,1,1.0,1.0,0,nan,nan,nan,0.0,-0.015915932010512043
2921,frozen,47,5,6,1,1,1.0,1.0,0,nan,nan,nan,0.0,-0.015915932010512043
2922,frozen,47,5,5,0,1,1.0,1.0,0,nan,nan,nan,0.0,-0.015915932010512043
2923,frozen,47,2,6,1,0,-1.0,-1.0,1,3,0,1,0.0,-0.015915932010512043
2924,frozen,47,1,5,1,0,-1.0,-1.0,1,0,1,0,0.0,-0.015915932010512043
2925,frozen,47,3,3,0,1,1.0,1.0,0,nan,nan,nan,0.0,-0.015915932010512043
2926,frozen,47,8,4,1,0,-1.0,-1.0,1,1,0,0,0.0,-0.015915932010512043
2927,frozen,47,2,3,0,1,1.0,1.0,0,nan,nan,nan,0.0,-0.015915932010512043
2928,frozen,47,0,4,1,0,-1.0,-1.0,1,1,0,0,0.0,-0.015915932010512043
2929,frozen,47,3,3,0,1,1.0,1.0,0,nan,nan,nan,0.0,-0.015915932010512043
2930,frozen,47,8,4,1,0,-1.0,-1.0,1,1,0,0,0.0,-0.015915932010512043
2931,frozen,47,2,3,0,1,1.0,1.0,0,nan,nan,nan,0.0,-0.015915932010512043
2932,frozen,47,7,4,1,0,-1.0,-1.0,1,1,0,0,0.0,-0.015915932010512043
2933,frozen,47,1,5,1,0,-1.0,-1.0,1,0,1,0,0.0,-0.015915932010512043
2934,frozen,47,5,3,0,0,-1.0,-1.0,1,0,1,0,0.0,-0.015915932010512043
2935,frozen,47,6,5,1,1,1.0,1.0,0,nan,nan,nan,0.0,-0.015915932010512043
2936,frozen,47,0,4,0,0,-1.0,-1.0,1,1,0,0,0.0,-0.015915932010512043
2937,frozen,47,6,5,1,1,1.0,1.0,0,nan,nan,nan,0.0,-0.015915932010512043
2938,frozen,47,5,4,0,1,1.0,1.0,0,nan,nan,nan,0.0,-0.015915932010512043
2939,frozen,47,4,5,1,1,1.0,1.0,0,nan,nan,nan,0.0,-0.015915932010512043
2940,frozen,47,1,6,1,0,-1.0,-1.0,1,3,0,1,0.0,-0.015915932010512043
2941,frozen,47,0,3,0,0,-1.0,-1.0,1,0,1,0,0.0,-0.015915932010512043
2942,frozen,47,8,5,1,0,-1.0,-1.0,1,0,1,0,0.0,-0.015915932010512043
2943,frozen,47,2,3,0,1,1.0,1.0,0,nan,nan,nan,0.0,-0.015915932010512043
2944,frozen,47,4,2,0,0,-1.0,-1.0,1,1,0,0,0.0,-0.015915932010512043
2945,frozen,47,5,3,0,0,-1.0,-1.0,1,0,1,0,0.0,-0.015915932010512043
2946,frozen,47,8,5,1,0,-1.0,-1.0,1,0,1,0,0.0,-0.015915932010512043
2947,frozen,47,0,5,1,0,-1.0,-1.0,1,0,1,0,0.0,-0.015915932010512043
2948,frozen,47,5,3,0,0,-1.0,-1.0,1,0,1,0,0.0,-0.015915932010512043
2949,frozen,47,0,3,0,0,-1.0,-1.0,1,0,1,0,0.0,-0.015915932010512043
2950,frozen,47,0,5,1,0,-1.0,-1.0,1,0,1,0,0.0,-0.015915932010512043
2951,frozen,47,2,3,0,1,1.0,1.0,0,nan,nan,nan,0.0,-0.015915932010512043
2952,frozen,47,8,4,1,0,-1.0,-1.0,1,1,0,0,0.0,-0.015915932010512043
2953,frozen,47,2,3,0,1,1.0,1.0,0,nan,nan,nan,0.0,-0.015915932010512043
2954,frozen,47,6,2,0,0,-1.0,-1.0,1,1,0,0,0.0,-0.015915932010512043
2955,frozen,47,3,3,0,1,1.0,1.0,0,nan,nan,nan,0.0,-0.015915932010512043
2956,frozen,47,6,4,1,0,-1.0,-1.0,1,1,0,0,0.0,-0.015915932010512043
2957,frozen,47,5,3,0,0,-1.0,-1.0,1,0,1,0,0.0,-0.015915932010512043
2958,frozen,47,4,5,1,1,1.0,1.0,0,nan,nan,nan,0.0,-0.015915932010512043
2959,frozen,47,3,4,0,1,1.0,1.0,0,nan,nan,nan,0.0,-0.015915932010512043
2960,frozen,47,6,5,1,1,1.0,1.0,0,nan,nan,nan,0.0,-0.015915932010512043
2961,frozen,47,2,6,1,0,-1.0,-1.0,1,3,0,1,0.0,-0.015915932010512043
2962,frozen,47,8,3,0,0,-1.0,-1.0,1,0,1,0,0.0,-0.015915932010512043
2963,frozen,47,5,3,0,0,-1.0,-1.0,1,0,1,0,0.0,-0.015915932010512043
2964,frozen,47,5,3,0,0,-1.0,-1.0,1,0,1,0,0.0,-0.015915932010512043
2965,frozen,47,3,3,0,1,1.0,1.0,0,nan,nan,nan,0.0,-0.015915932010512043
2966,frozen,47,8,4,1,0,-1.0,-1.0,1,1,0,0,0.0,-0.015915932010512043
2967,frozen,47,1,5,1,0,-1.0,-1.0,1,0,1,0,0.0,-0.015915932010512043
2968,frozen,47,7,3,0,0,-1.0,-1.0,1,0,1,0,0.0,-0.015915932010512043
2969,frozen,47,1,5,1,0,-1.0,-1.0,1,0,1,0,0.0,-0.015915932010512043
2970,frozen,47,6,5,1,1,1.0,1.0,0,nan,nan,nan,0.0,-0.015915932010512043
2971,frozen,47,5,6,1,1,1.0,1.0,0,nan,nan,nan,0.0,-0.015915932010512043
2972,frozen,47,8,7,1,1,1.0,1.0,0,nan,nan,nan,0.0,-0.015915932010512043
2973,frozen,47,6,6,0,1,1.0,1.0,0,nan,nan,nan,0.0,-0.015915932010512043
2974,frozen,47,4,5,0,1,1.0,1.0,0,nan,nan,nan,0.0,-0.015915932010512043
2975,frozen,47,3,4,0,1,1.0,1.0,0,nan,nan,nan,0.0,-0.015915932010512043
2976,frozen,47,4,5,1,1,1.0,1.0,0,nan,nan,nan,0.0,-0.015915932010512043
2977,frozen,47,3,4,0,1,1.0,1.0,0,nan,nan,nan,0.0,-0.015915932010512043
2978,frozen,47,3,3,0,1,1.0,1.0,0,nan,nan,nan,0.0,-0.015915932010512043
2979,frozen,47,3,4,1,1,1.0,1.0,0,nan,nan,nan,0.0,-0.015915932010512043
2980,frozen,47,7,5,1,0,-1.0,-1.0,1,10,0,1,0.0,-0.015915932010512043
2981,frozen,47,5,5,1,1,1.0,1.0,0,nan,nan,nan,0.0,-0.015915932010512043
2982,frozen,47,5,6,1,1,1.0,1.0,0,nan,nan,nan,0.0,-0.015915932010512043
2983,frozen,47,4,5,0,1,1.0,1.0,0,nan,nan,nan,0.0,-0.015915932010512043
2984,frozen,47,6,4,0,0,-1.0,-1.0,1,3,0,1,0.0,-0.015915932010512043
2985,frozen,47,4,5,1,1,1.0,1.0,0,nan,nan,nan,0.0,-0.015915932010512043
2986,frozen,47,8,4,0,0,-1.0,-1.0,1,1,0,0,0.0,-0.015915932010512043
2987,frozen,47,1,5,1,0,-1.0,-1.0,1,0,1,0,0.0,-0.015915932010512043
2988,frozen,47,3,3,0,1,1.0,1.0,0,nan,nan,nan,0.0,-0.015915932010512043
2989,frozen,47,3,4,1,1,1.0,1.0,0,nan,nan,nan,0.0,-0.015915932010512043
2990,frozen,47,2,3,0,1,1.0,1.0,0,nan,nan,nan,0.0,-0.015915932010512043
2991,frozen,47,3,4,1,1,1.0,1.0,0,nan,nan,nan,0.0,-0.015915932010512043
2992,frozen,47,0,5,1,0,-1.0,-1.0,1,4,0,1,0.0,-0.015915932010512043
2993,frozen,47,7,5,1,0,-1.0,-1.0,1,0,1,0,0.0,-0.015915932010512043
2994,frozen,47,5,5,1,1,1.0,1.0,0,nan,nan,nan,0.0,-0.015915932010512043
2995,frozen,47,5,6,1,1,1.0,1.0,0,nan,nan,nan,0.0,-0.015915932010512043
2996,frozen,47,6,7,1,1,1.0,1.0,0,nan,nan,nan,0.0,-0.015915932010512043
2997,frozen,47,2,8,1,0,-1.0,-1.0,1,3,0,1,0.0,-0.015915932010512043
2998,frozen,47,0,3,0,0,-1.0,-1.0,1,0,1,0,0.0,-0.015915932010512043
2999,frozen,47,2,3,0,1,1.0,1.0,0,nan,nan,nan,0.0,-0.015915932010512043
3000,frozen,47,5,4,1,1,1.0,1.0,0,nan,nan,nan,0.0,-0.015915932010512043
