trial,condition,seed,ball,paddle,action,hit,natural_reward,reward_used,rally_ended,completed_rally_length,ace,long_rally,mean_abs_weight_change,mean_weight
1,frozen,44,6,3,0,0,-1.0,-1.0,1,0,1,0,0.0,0.02041849026803985
2,frozen,44,1,3,0,0,-1.0,-1.0,1,0,1,0,0.0,0.02041849026803985
3,frozen,44,7,5,1,0,-1.0,-1.0,1,0,1,0,0.0,0.02041849026803985
4,frozen,44,2,5,1,0,-1.0,-1.0,1,0,1,0,0.0,0.02041849026803985
5,frozen,44,5,5,1,1,1.0,1.0,0,nan,nan,nan,0.0,0.02041849026803985
6,frozen,44,3,4,0,1,1.0,1.0,0,nan,nan,nan,0.0,0.02041849026803985
7,frozen,44,0,3,0,0,-1.0,-1.0,1,2,0,0,0.0,0.02041849026803985
8,frozen,44,8,5,1,0,-1.0,-1.0,1,0,1,0,0.0,0.02041849026803985
9,frozen,44,4,5,1,1,1.0,1.0,0,nan,nan,nan,0.0,0.02041849026803985
10,frozen,44,1,4,0,0,-1.0,-1.0,1,1,0,0,0.0,0.02041849026803985
11,frozen,44,8,3,0,0,-1.0,-1.0,1,0,1,0,0.0,0.02041849026803985
12,frozen,44,7,5,1,0,-1.0,-1.0,1,0,1,0,0.0,0.02041849026803985
13,frozen,44,0,3,0,0,-1.0,-1.0,1,0,1,0,0.0,0.02041849026803985
14,frozen,44,1,5,1,0,-1.0,-1.0,1,0,1,0,0.0,0.02041849026803985
15,frozen,44,0,3,0,0,-1.0,-1.0,1,0,1,0,0.0,0.02041849026803985
16,frozen,44,3,3,0,1,1.0,1.0,0,nan,nan,nan,0.0,0.02041849026803985
17,frozen,44,3,4,1,1,1.0,1.0,0,nan,nan,nan,0.0,0.02041849026803985
18,frozen,44,6,3,0,0,-1.0,-1.0,1,2,0,0,0.0,0.02041849026803985
19,frozen,44,6,3,0,0,-1.0,-1.0,1,0,1,0,0.0,0.02041849026803985
20,frozen,44,5,3,0,0,-1.0,-1.0,1,0,1,0,0.0,0.02041849026803985
21,frozen,44,3,3,0,1,1.0,1.0,0,nan,nan,nan,0.0,0.02041849026803985
22,frozen,44,8,2,0,0,-1.0,-1.0,1,1,0,0,0.0,0.02041849026803985
23,frozen,44,3,5,1,0,-1.0,-1.0,1,0,1,0,0.0,0.02041849026803985
24,frozen,44,3,3,0,1,1.0,1.0,0,nan,nan,nan,0.0,0.02041849026803985
25,frozen,44,3,4,1,1,1.0,1.0,0,nan,nan,nan,0.0,0.02041849026803985
26,frozen,44,8,3,0,0,-1.0,-1.0,1,2,0,0,0.0,0.02041849026803985
27,frozen,44,8,3,0,0,-1.0,-1.0,1,0,1,0,0.0,0.02041849026803985
28,frozen,44,8,3,0,0,-1.0,-1.0,1,0,1,0,0.0,0.02041849026803985
29,frozen,44,5,5,1,1,1.0,1.0,0,nan,nan,nan,0.0,0.02041849026803985
30,frozen,44,6,6,1,1,1.0,1.0,0,nan,nan,nan,0.0,0.02041849026803985
31,frozen,44,3,5,0,0,-1.0,-1.0,1,2,0,0,0.0,0.02041849026803985
32,frozen,44,0,3,0,0,-1.0,-1.0,1,0,1,0,0.0,0.02041849026803985
33,frozen,44,5,3,0,0,-1.0,-1.0,1,0,1,0,0.0,0.02041849026803985
34,frozen,44,7,5,1,0,-1.0,-1.0,1,0,1,0,0.0,0.02041849026803985
35,frozen,44,0,3,0,0,-1.0,-1.0,1,0,1,0,0.0,0.02041849026803985
36,frozen,44,8,3,0,0,-1.0,-1.0,1,0,1,0,0.0,0.02041849026803985
37,frozen,44,4,5,1,1,1.0,1.0,0,nan,nan,nan,0.0,0.02041849026803985
38,frozen,44,4,4,0,1,1.0,1.0,0,nan,nan,nan,0.0,0.02041849026803985
39,frozen,44,7,5,1,0,-1.0,-1.0,1,2,0,0,0.0,0.02041849026803985
40,frozen,44,1,3,0,0,-1.0,-1.0,1,0,1,0,0.0,0.02041849026803985
41,frozen,44,8,3,0,0,-1.0,-1.0,1,0,1,0,0.0,0.02041849026803985
42,frozen,44,1,3,0,0,-1.0,-1.0,1,0,1,0,0.0,0.02041849026803985
43,frozen,44,6,5,1,1,1.0,1.0,0,nan,nan,nan,0.0,0.02041849026803985
44,frozen,44,7,6,1,1,1.0,1.0,0,nan,nan,nan,0.0,0.02041849026803985
45,frozen,44,5,5,0,1,1.0,1.0,0,nan,nan,nan,0.0,0.02041849026803985
46,frozen,44,0,4,0,0,-1.0,-1.0,1,3,0,1,0.0,0.02041849026803985
47,frozen,44,6,5,1,1,1.0,1.0,0,nan,nan,nan,0.0,0.02041849026803985
48,frozen,44,4,6,1,0,-1.0,-1.0,1,1,0,0,0.0,0.02041849026803985
49,frozen,44,8,3,0,0,-1.0,-1.0,1,0,1,0,0.0,0.02041849026803985
50,frozen,44,1,3,0,0,-1.0,-1.0,1,0,1,0,0.0,0.02041849026803985
51,frozen,44,1,5,1,0,-1.0,-1.0,1,0,1,0,0.0,0.02041849026803985
52,frozen,44,2,3,0,1,1.0,1.0,0,nan,nan,nan,0.0,0.02041849026803985
53,frozen,44,7,2,0,0,-1.0,-1.0,1,1,0,0,0.0,0.02041849026803985
54,frozen,44,8,5,1,0,-1.0,-1.0,1,0,1,0,0.0,0.02041849026803985
55,frozen,44,8,3,0,0,-1.0,-1.0,1,0,1,0,0.0,0.02041849026803985
56,frozen,44,2,5,1,0,-1.0,-1.0,1,0,1,0,0.0,0.02041849026803985
57,frozen,44,6,3,0,0,-1.0,-1.0,1,0,1,0,0.0,0.02041849026803985
58,frozen,44,6,3,0,0,-1.0,-1.0,1,0,1,0,0.0,0.02041849026803985
59,frozen,44,2,5,1,0,-1.0,-1.0,1,0,1,0,0.0,0.02041849026803985
60,frozen,44,6,3,0,0,-1.0,-1.0,1,0,1,0,0.0,0.02041849026803985
61,frozen,44,5,3,0,0,-1.0,-1.0,1,0,1,0,0.0,0.02041849026803985
62,frozen,44,2,5,1,0,-1.0,-1.0,1,0,1,0,0.0,0.02041849026803985
63,frozen,44,3,3,0,1,1.0,1.0,0,nan,nan,nan,0.0,0.02041849026803985
64,frozen,44,1,2,0,1,1.0,1.0,0,nan,nan,nan,0.0,0.02041849026803985
65,frozen,44,3,1,0,0,-1.0,-1.0,1,2,0,0,0.0,0.02041849026803985
66,frozen,44,6,3,0,0,-1.0,-1.0,1,0,1,0,0.0,0.02041849026803985
67,frozen,44,5,5,1,1,1.0,1.0,0,nan,nan,nan,0.0,0.02041849026803985
68,frozen,44,4,6,1,0,-1.0,-1.0,1,1,0,0,0.0,0.02041849026803985
69,frozen,44,7,3,0,0,-1.0,-1.0,1,0,1,0,0.0,0.02041849026803985
70,frozen,44,2,5,1,0,-1.0,-1.0,1,0,1,0,0.0,0.02041849026803985
71,frozen,44,1,5,1,0,-1.0,-1.0,1,0,1,0,0.0,0.02041849026803985
72,frozen,44,1,3,0,0,-1.0,-1.0,1,0,1,0,0.0,0.02041849026803985
73,frozen,44,3,5,1,0,-1.0,-1.0,1,0,1,0,0.0,0.02041849026803985
74,frozen,44,8,3,0,0,-1.0,-1.0,1,0,1,0,0.0,0.02041849026803985
75,frozen,44,4,5,1,1,1.0,1.0,0,nan,nan,nan,0.0,0.02041849026803985
76,frozen,44,5,6,1,1,1.0,1.0,0,nan,nan,nan,0.0,0.02041849026803985
77,frozen,44,7,5,0,0,-1.0,-1.0,1,2,0,0,0.0,0.02041849026803985
78,frozen,44,4,5,1,1,1.0,1.0,0,nan,nan,nan,0.0,0.02041849026803985
79,frozen,44,5,6,1,1,1.0,1.0,0,nan,nan,nan,0.0,0.02041849026803985
80,frozen,44,1,5,0,0,-1.0,-1.0,1,2,0,0,0.0,0.02041849026803985
81,frozen,44,2,3,0,1,1.0,1.0,0,nan,nan,nan,0.0,0.02041849026803985
82,frozen,44,8,2,0,0,-1.0,-1.0,1,1,0,0,0.0,0.02041849026803985
83,frozen,44,6,3,0,0,-1.0,-1.0,1,0,1,0,0.0,0.02041849026803985
84,frozen,44,2,5,1,0,-1.0,-1.0,1,0,1,0,0.0,0.02041849026803985
85,frozen,44,5,5,1,1,1.0,1.0,0,nan,nan,nan,0.0,0.02041849026803985
86,frozen,44,7,4,0,0,-1.0,-1.0,1,1,0,0,0.0,0.02041849026803985
87,frozen,44,0,3,0,0,-1.0,-1.0,1,0,1,0,0.0,0.02041849026803985
88,frozen,44,8,5,1,0,-1.0,-1.0,1,0,1,0,0.0,0.02041849026803985
89,frozen,44,2,3,0,1,1.0,1.0,0,nan,nan,nan,0.0,0.02041849026803985
90,frozen,44,1,2,0,1,1.0,1.0,0,nan,nan,nan,0.0,0.02041849026803985
91,frozen,44,8,3,1,0,-1.0,-1.0,1,2,0,0,0.0,0.02041849026803985
92,frozen,44,8,3,0,0,-1.0,-1.0,1,0,1,0,0.0,0.02041849026803985
93,frozen,44,1,3,0,0,-1.0,-1.0,1,0,1,0,0.0,0.02041849026803985
94,frozen,44,8,3,0,0,-1.0,-1.0,1,0,1,0,0.0,0.02041849026803985
95,frozen,44,4,5,1,1,1.0,1.0,0,nan,nan,nan,0.0,0.02041849026803985
96,frozen,44,5,6,1,1,1.0,1.0,0,nan,nan,nan,0.0,0.02041849026803985
97,frozen,44,4,5,0,1,1.0,1.0,0,nan,nan,nan,0.0,0.02041849026803985
98,frozen,44,6,6,1,1,1.0,1.0,0,nan,nan,nan,0.0,0.02041849026803985
99,frozen,44,5,7,1,0,-1.0,-1.0,1,4,0,1,0.0,0.02041849026803985
100,frozen,44,2,5,1,0,-1.0,-1.0,1,0,1,0,0.0,0.02041849026803985
101,frozen,44,1,5,1,0,-1.0,-1.0,1,0,1,0,0.0,0.02041849026803985
102,frozen,44,6,3,0,0,-1.0,-1.0,1,0,1,0,0.0,0.02041849026803985
103,frozen,44,3,5,1,0,-1.0,-1.0,1,0,1,0,0.0,0.02041849026803985
104,frozen,44,3,3,0,1,1.0,1.0,0,nan,nan,nan,0.0,0.02041849026803985
105,frozen,44,8,2,0,0,-1.0,-1.0,1,1,0,0,0.0,0.02041849026803985
106,frozen,44,2,5,1,0,-1.0,-1.0,1,0,1,0,0.0,0.02041849026803985
107,frozen,44,0,3,0,0,-1.0,-1.0,1,0,1,0,0.0,0.02041849026803985
108,frozen,44,6,5,1,1,1.0,1.0,0,nan,nan,nan,0.0,0.02041849026803985
109,frozen,44,7,4,0,0,-1.0,-1.0,1,1,0,0,0.0,0.02041849026803985
110,frozen,44,3,3,0,1,1.0,1.0,0,nan,nan,nan,0.0,0.02041849026803985
111,frozen,44,7,2,0,0,-1.0,-1.0,1,1,0,0,0.0,0.02041849026803985
112,frozen,44,6,5,1,1,1.0,1.0,0,nan,nan,nan,0.0,0.02041849026803985
113,frozen,44,2,6,1,0,-1.0,-1.0,1,1,0,0,0.0,0.02041849026803985
114,frozen,44,7,5,1,0,-1.0,-1.0,1,0,1,0,0.0,0.02041849026803985
115,frozen,44,4,5,1,1,1.0,1.0,0,nan,nan,nan,0.0,0.02041849026803985
116,frozen,44,2,4,0,0,-1.0,-1.0,1,1,0,0,0.0,0.02041849026803985
117,frozen,44,6,3,0,0,-1.0,-1.0,1,0,1,0,0.0,0.02041849026803985
118,frozen,44,1,5,1,0,-1.0,-1.0,1,0,1,0,0.0,0.02041849026803985
119,frozen,44,3,3,0,1,1.0,1.0,0,nan,nan,nan,0.0,0.02041849026803985
120,frozen,44,2,4,1,0,-1.0,-1.0,1,1,0,0,0.0,0.02041849026803985
121,frozen,44,2,3,0,1,1.0,1.0,0,nan,nan,nan,0.0,0.02041849026803985
122,frozen,44,3,4,1,1,1.0,1.0,0,nan,nan,nan,0.0,0.02041849026803985
123,frozen,44,8,3,0,0,-1.0,-1.0,1,2,0,0,0.0,0.02041849026803985
124,frozen,44,6,5,1,1,1.0,1.0,0,nan,nan,nan,0.0,0.02041849026803985
125,frozen,44,5,6,1,1,1.0,1.0,0,nan,nan,nan,0.0,0.02041849026803985
126,frozen,44,3,7,1,0,-1.0,-1.0,1,2,0,0,0.0,0.02041849026803985
127,frozen,44,5,3,0,0,-1.0,-1.0,1,0,1,0,0.0,0.02041849026803985
128,frozen,44,6,5,1,1,1.0,1.0,0,nan,nan,nan,0.0,0.02041849026803985
129,frozen,44,1,4,0,0,-1.0,-1.0,1,1,0,0,0.0,0.02041849026803985
130,frozen,44,8,5,1,0,-1.0,-1.0,1,0,1,0,0.0,0.02041849026803985
131,frozen,44,1,5,1,0,-1.0,-1.0,1,0,1,0,0.0,0.02041849026803985
132,frozen,44,2,3,0,1,1.0,1.0,0,nan,nan,nan,0.0,0.02041849026803985
133,frozen,44,3,4,1,1,1.0,1.0,0,nan,nan,nan,0.0,0.02041849026803985
134,frozen,44,6,5,1,1,1.0,1.0,0,nan,nan,nan,0.0,0.02041849026803985
135,frozen,44,1,4,0,0,-1.0,-1.0,1,3,0,1,0.0,0.02041849026803985
136,frozen,44,4,5,1,1,1.0,1.0,0,nan,nan,nan,0.0,0.02041849026803985
137,frozen,44,8,6,1,0,-1.0,-1.0,1,1,0,0,0.0,0.02041849026803985
138,frozen,44,3,5,1,0,-1.0,-1.0,1,0,1,0,0.0,0.02041849026803985
139,frozen,44,7,5,1,0,-1.0,-1.0,1,0,1,0,0.0,0.02041849026803985
140,frozen,44,5,5,1,1,1.0,1.0,0,nan,nan,nan,0.0,0.02041849026803985
141,frozen,44,7,6,1,1,1.0,1.0,0,nan,nan,nan,0.0,0.02041849026803985
142,frozen,44,1,7,1,0,-1.0,-1.0,1,2,0,0,0.0,0.02041849026803985
143,frozen,44,3,5,1,0,-1.0,-1.0,1,0,1,0,0.0,0.02041849026803985
144,frozen,44,2,3,0,1,1.0,1.0,0,nan,nan,nan,0.0,0.02041849026803985
145,frozen,44,3,4,1,1,1.0,1.0,0,nan,nan,nan,0.0,0.02041849026803985
146,frozen,44,2,5,1,0,-1.0,-1.0,1,2,0,0,0.0,0.02041849026803985
147,frozen,44,3,5,1,0,-1.0,-1.0,1,0,1,0,0.0,0.02041849026803985
148,frozen,44,5,3,0,0,-1.0,-1.0,1,0,1,0,0.0,0.02041849026803985
149,frozen,44,4,5,1,1,1.0,1.0,0,nan,nan,nan,0.0,0.02041849026803985
150,frozen,44,2,4,0,0,-1.0,-1.0,1,1,0,0,0.0,0.02041849026803985
151,frozen,44,2,3,0,1,1.0,1.0,0,nan,nan,nan,0.0,0.02041849026803985
152,frozen,44,0,2,0,0,-1.0,-1.0,1,1,0,0,0.0,0.02041849026803985
153,frozen,44,0,3,0,0,-1.0,-1.0,1,0,1,0,0.0,0.02041849026803985
154,frozen,44,0,3,0,0,-1.0,-1.0,1,0,1,0,0.0,0.02041849026803985
155,frozen,44,2,5,1,0,-1.0,-1.0,1,0,1,0,0.0,0.02041849026803985
156,frozen,44,6,3,0,0,-1.0,-1.0,1,0,1,0,0.0,0.02041849026803985
157,frozen,44,8,3,0,0,-1.0,-1.0,1,0,1,0,0.0,0.02041849026803985
158,frozen,44,6,3,0,0,-1.0,-1.0,1,0,1,0,0.0,0.02041849026803985
159,frozen,44,1,5,1,0,-1.0,-1.0,1,0,1,0,0.0,0.02041849026803985
160,frozen,44,7,5,1,0,-1.0,-1.0,1,0,1,0,0.0,0.02041849026803985
161,frozen,44,1,3,0,0,-1.0,-1.0,1,0,1,0,0.0,0.02041849026803985
162,frozen,44,6,5,1,1,1.0,1.0,0,nan,nan,nan,0.0,0.02041849026803985
163,frozen,44,0,6,1,0,-1.0,-1.0,1,1,0,0,0.0,0.02041849026803985
164,frozen,44,0,3,0,0,-1.0,-1.0,1,0,1,0,0.0,0.02041849026803985
165,frozen,44,3,5,1,0,-1.0,-1.0,1,0,1,0,0.0,0.02041849026803985
166,frozen,44,6,5,1,1,1.0,1.0,0,nan,nan,nan,0.0,0.02041849026803985
167,frozen,44,5,6,1,1,1.0,1.0,0,nan,nan,nan,0.0,0.02041849026803985
168,frozen,44,4,7,1,0,-1.0,-1.0,1,2,0,0,0.0,0.02041849026803985
169,frozen,44,1,5,1,0,-1.0,-1.0,1,0,1,0,0.0,0.02041849026803985
170,frozen,44,8,5,1,0,-1.0,-1.0,1,0,1,0,0.0,0.02041849026803985
171,frozen,44,7,5,1,0,-1.0,-1.0,1,0,1,0,0.0,0.02041849026803985
172,frozen,44,2,3,0,1,1.0,1.0,0,nan,nan,nan,0.0,0.02041849026803985
173,frozen,44,7,2,0,0,-1.0,-1.0,1,1,0,0,0.0,0.02041849026803985
174,frozen,44,0,3,0,0,-1.0,-1.0,1,0,1,0,0.0,0.02041849026803985
175,frozen,44,1,5,1,0,-1.0,-1.0,1,0,1,0,0.0,0.02041849026803985
176,frozen,44,7,5,1,0,-1.0,-1.0,1,0,1,0,0.0,0.02041849026803985
177,frozen,44,6,3,0,0,-1.0,-1.0,1,0,1,0,0.0,0.02041849026803985
178,frozen,44,3,3,0,1,1.0,1.0,0,nan,nan,nan,0.0,0.02041849026803985
179,frozen,44,3,4,1,1,1.0,1.0,0,nan,nan,nan,0.0,0.02041849026803985
180,frozen,44,4,5,1,1,1.0,1.0,0,nan,nan,nan,0.0,0.02041849026803985
181,frozen,44,7,4,0,0,-1.0,-1.0,1,3,0,1,0.0,0.02041849026803985
182,frozen,44,6,5,1,1,1.0,1.0,0,nan,nan,nan,0.0,0.02041849026803985
183,frozen,44,5,4,0,1,1.0,1.0,0,nan,nan,nan,0.0,0.02041849026803985
184,frozen,44,1,3,0,0,-1.0,-1.0,1,2,0,0,0.0,0.02041849026803985
185,frozen,44,0,3,0,0,-1.0,-1.0,1,0,1,0,0.0,0.02041849026803985
186,frozen,44,4,5,1,1,1.0,1.0,0,nan,nan,nan,0.0,0.02041849026803985
187,frozen,44,4,4,0,1,1.0,1.0,0,nan,nan,nan,0.0,0.02041849026803985
188,frozen,44,7,5,1,0,-1.0,-1.0,1,2,0,0,0.0,0.02041849026803985
189,frozen,44,4,5,1,1,1.0,1.0,0,nan,nan,nan,0.0,0.02041849026803985
190,frozen,44,5,6,1,1,1.0,1.0,0,nan,nan,nan,0.0,0.02041849026803985
191,frozen,44,1,7,1,0,-1.0,-1.0,1,2,0,0,0.0,0.02041849026803985
192,frozen,44,8,3,0,0,-1.0,-1.0,1,0,1,0,0.0,0.02041849026803985
193,frozen,44,2,5,1,0,-1.0,-1.0,1,0,1,0,0.0,0.02041849026803985
194,frozen,44,7,5,1,0,-1.0,-1.0,1,0,1,0,0.0,0.02041849026803985
195,frozen,44,6,3,0,0,-1.0,-1.0,1,0,1,0,0.0,0.02041849026803985
196,frozen,44,2,5,1,0,-1.0,-1.0,1,0,1,0,0.0,0.02041849026803985
197,frozen,44,4,5,1,1,1.0,1.0,0,nan,nan,nan,0.0,0.02041849026803985
198,frozen,44,7,6,1,1,1.0,1.0,0,nan,nan,nan,0.0,0.02041849026803985
199,frozen,44,1,5,0,0,-1.0,-1.0,1,2,0,0,0.0,0.02041849026803985
200,frozen,44,5,3,0,0,-1.0,-1.0,1,0,1,0,0.0,0.02041849026803985
201,frozen,44,2,3,0,1,1.0,1.0,0,nan,nan,nan,0.0,0.02041849026803985
202,frozen,44,1,2,0,1,1.0,1.0,0,nan,nan,nan,0.0,0.02041849026803985
203,frozen,44,4,3,1,1,1.0,1.0,0,nan,nan,nan,0.0,0.02041849026803985
204,frozen,44,2,4,1,0,-1.0,-1.0,1,3,0,1,0.0,0.02041849026803985
205,frozen,44,1,5,1,0,-1.0,-1.0,1,0,1,0,0.0,0.02041849026803985
206,frozen,44,6,3,0,0,-1.0,-1.0,1,0,1,0,0.0,0.02041849026803985
207,frozen,44,6,3,0,0,-1.0,-1.0,1,0,1,0,0.0,0.02041849026803985
208,frozen,44,7,5,1,0,-1.0,-1.0,1,0,1,0,0.0,0.02041849026803985
209,frozen,44,5,5,1,1,1.0,1.0,0,nan,nan,nan,0.0,0.02041849026803985
210,frozen,44,1,4,0,0,-1.0,-1.0,1,1,0,0,0.0,0.02041849026803985
211,frozen,44,6,3,0,0,-1.0,-1.0,1,0,1,0,0.0,0.02041849026803985
212,frozen,44,6,3,0,0,-1.0,-1.0,1,0,1,0,0.0,0.02041849026803985
213,frozen,44,3,3,0,1,1.0,1.0,0,nan,nan,nan,0.0,0.02041849026803985
214,frozen,44,2,4,1,0,-1.0,-1.0,1,1,0,0,0.0,0.02041849026803985
215,frozen,44,8,3,0,0,-1.0,-1.0,1,0,1,0,0.0,0.02041849026803985
216,frozen,44,1,5,1,0,-1.0,-1.0,1,0,1,0,0.0,0.02041849026803985
217,frozen,44,1,3,0,0,-1.0,-1.0,1,0,1,0,0.0,0.02041849026803985
218,frozen,44,0,3,0,0,-1.0,-1.0,1,0,1,0,0.0,0.02041849026803985
219,frozen,44,8,5,1,0,-1.0,-1.0,1,0,1,0,0.0,0.02041849026803985
220,frozen,44,0,3,0,0,-1.0,-1.0,1,0,1,0,0.0,0.02041849026803985
221,frozen,44,2,5,1,0,-1.0,-1.0,1,0,1,0,0.0,0.02041849026803985
222,frozen,44,4,5,1,1,1.0,1.0,0,nan,nan,nan,0.0,0.02041849026803985
223,frozen,44,7,4,0,0,-1.0,-1.0,1,1,0,0,0.0,0.02041849026803985
224,frozen,44,1,3,0,0,-1.0,-1.0,1,0,1,0,0.0,0.02041849026803985
225,frozen,44,3,5,1,0,-1.0,-1.0,1,0,1,0,0.0,0.02041849026803985
226,frozen,44,5,5,1,1,1.0,1.0,0,nan,nan,nan,0.0,0.02041849026803985
227,frozen,44,5,6,1,1,1.0,1.0,0,nan,nan,nan,0.0,0.02041849026803985
228,frozen,44,7,7,1,1,1.0,1.0,0,nan,nan,nan,0.0,0.02041849026803985
229,frozen,44,0,6,0,0,-1.0,-1.0,1,3,0,1,0.0,0.02041849026803985
230,frozen,44,3,3,0,1,1.0,1.0,0,nan,nan,nan,0.0,0.02041849026803985
231,frozen,44,7,2,0,0,-1.0,-1.0,1,1,0,0,0.0,0.02041849026803985
232,frozen,44,5,5,1,1,1.0,1.0,0,nan,nan,nan,0.0,0.02041849026803985
233,frozen,44,8,6,1,0,-1.0,-1.0,1,1,0,0,0.0,0.02041849026803985
234,frozen,44,7,5,1,0,-1.0,-1.0,1,0,1,0,0.0,0.02041849026803985
235,frozen,44,8,5,1,0,-1.0,-1.0,1,0,1,0,0.0,0.02041849026803985
236,frozen,44,7,5,1,0,-1.0,-1.0,1,0,1,0,0.0,0.02041849026803985
237,frozen,44,4,5,1,1,1.0,1.0,0,nan,nan,nan,0.0,0.02041849026803985
238,frozen,44,2,6,1,0,-1.0,-1.0,1,1,0,0,0.0,0.02041849026803985
239,frozen,44,3,5,1,0,-1.0,-1.0,1,0,1,0,0.0,0.02041849026803985
240,frozen,44,5,5,1,1,1.0,1.0,0,nan,nan,nan,0.0,0.02041849026803985
241,frozen,44,7,4,0,0,-1.0,-1.0,1,1,0,0,0.0,0.02041849026803985
242,frozen,44,4,5,1,1,1.0,1.0,0,nan,nan,nan,0.0,0.02041849026803985
243,frozen,44,4,6,1,0,-1.0,-1.0,1,1,0,0,0.0,0.02041849026803985
244,frozen,44,1,5,1,0,-1.0,-1.0,1,0,1,0,0.0,0.02041849026803985
245,frozen,44,5,5,1,1,1.0,1.0,0,nan,nan,nan,0.0,0.02041849026803985
246,frozen,44,1,4,0,0,-1.0,-1.0,1,1,0,0,0.0,0.02041849026803985
247,frozen,44,4,5,1,1,1.0,1.0,0,nan,nan,nan,0.0,0.02041849026803985
248,frozen,44,0,4,0,0,-1.0,-1.0,1,1,0,0,0.0,0.02041849026803985
249,frozen,44,5,3,0,0,-1.0,-1.0,1,0,1,0,0.0,0.02041849026803985
250,frozen,44,2,5,1,0,-1.0,-1.0,1,0,1,0,0.0,0.02041849026803985
251,frozen,44,6,5,1,1,1.0,1.0,0,nan,nan,nan,0.0,0.02041849026803985
252,frozen,44,8,6,1,0,-1.0,-1.0,1,1,0,0,0.0,0.02041849026803985
253,frozen,44,0,3,0,0,-1.0,-1.0,1,0,1,0,0.0,0.02041849026803985
254,frozen,44,8,3,0,0,-1.0,-1.0,1,0,1,0,0.0,0.02041849026803985
255,frozen,44,2,5,1,0,-1.0,-1.0,1,0,1,0,0.0,0.02041849026803985
256,frozen,44,7,5,1,0,-1.0,-1.0,1,0,1,0,0.0,0.02041849026803985
257,frozen,44,6,3,0,0,-1.0,-1.0,1,0,1,0,0.0,0.02041849026803985
258,frozen,44,7,5,1,0,-1.0,-1.0,1,0,1,0,0.0,0.02041849026803985
259,frozen,44,5,5,1,1,1.0,1.0,0,nan,nan,nan,0.0,0.02041849026803985
260,frozen,44,8,6,1,0,-1.0,-1.0,1,1,0,0,0.0,0.02041849026803985
261,frozen,44,0,3,0,0,-1.0,-1.0,1,0,1,0,0.0,0.02041849026803985
262,frozen,44,1,5,1,0,-1.0,-1.0,1,0,1,0,0.0,0.02041849026803985
263,frozen,44,0,3,0,0,-1.0,-1.0,1,0,1,0,0.0,0.02041849026803985
264,frozen,44,5,5,1,1,1.0,1.0,0,nan,nan,nan,0.0,0.02041849026803985
265,frozen,44,0,6,1,0,-1.0,-1.0,1,1,0,0,0.0,0.02041849026803985
266,frozen,44,3,5,1,0,-1.0,-1.0,1,0,1,0,0.0,0.02041849026803985
267,frozen,44,2,5,1,0,-1.0,-1.0,1,0,1,0,0.0,0.02041849026803985
268,frozen,44,1,5,1,0,-1.0,-1.0,1,0,1,0,0.0,0.02041849026803985
269,frozen,44,6,5,1,1,1.0,1.0,0,nan,nan,nan,0.0,0.02041849026803985
270,frozen,44,1,4,0,0,-1.0,-1.0,1,1,0,0,0.0,0.02041849026803985
271,frozen,44,4,5,1,1,1.0,1.0,0,nan,nan,nan,0.0,0.02041849026803985
272,frozen,44,7,6,1,1,1.0,1.0,0,nan,nan,nan,0.0,0.02041849026803985
273,frozen,44,8,5,0,0,-1.0,-1.0,1,2,0,0,0.0,0.02041849026803985
274,frozen,44,5,5,1,1,1.0,1.0,0,nan,nan,nan,0.0,0.02041849026803985
275,frozen,44,8,6,1,0,-1.0,-1.0,1,1,0,0,0.0,0.02041849026803985
276,frozen,44,6,5,1,1,1.0,1.0,0,nan,nan,nan,0.0,0.02041849026803985
277,frozen,44,7,4,0,0,-1.0,-1.0,1,1,0,0,0.0,0.02041849026803985
278,frozen,44,8,3,0,0,-1.0,-1.0,1,0,1,0,0.0,0.02041849026803985
279,frozen,44,5,5,1,1,1.0,1.0,0,nan,nan,nan,0.0,0.02041849026803985
280,frozen,44,1,4,0,0,-1.0,-1.0,1,1,0,0,0.0,0.02041849026803985
281,frozen,44,6,5,1,1,1.0,1.0,0,nan,nan,nan,0.0,0.02041849026803985
282,frozen,44,8,6,1,0,-1.0,-1.0,1,1,0,0,0.0,0.02041849026803985
283,frozen,44,4,5,1,1,1.0,1.0,0,nan,nan,nan,0.0,0.02041849026803985
284,frozen,44,4,6,1,0,-1.0,-1.0,1,1,0,0,0.0,0.02041849026803985
285,frozen,44,4,5,1,1,1.0,1.0,0,nan,nan,nan,0.0,0.02041849026803985
286,frozen,44,3,6,1,0,-1.0,-1.0,1,1,0,0,0.0,0.02041849026803985
287,frozen,44,2,5,1,0,-1.0,-1.0,1,0,1,0,0.0,0.02041849026803985
288,frozen,44,8,5,1,0,-1.0,-1.0,1,0,1,0,0.0,0.02041849026803985
289,frozen,44,3,5,1,0,-1.0,-1.0,1,0,1,0,0.0,0.02041849026803985
290,frozen,44,2,5,1,0,-1.0,-1.0,1,0,1,0,0.0,0.02041849026803985
291,frozen,44,5,3,0,0,-1.0,-1.0,1,0,1,0,0.0,0.02041849026803985
292,frozen,44,7,5,1,0,-1.0,-1.0,1,0,1,0,0.0,0.02041849026803985
293,frozen,44,2,3,0,1,1.0,1.0,0,nan,nan,nan,0.0,0.02041849026803985
294,frozen,44,1,4,1,0,-1.0,-1.0,1,1,0,0,0.0,0.02041849026803985
295,frozen,44,6,3,0,0,-1.0,-1.0,1,0,1,0,0.0,0.02041849026803985
296,frozen,44,5,3,0,0,-1.0,-1.0,1,0,1,0,0.0,0.02041849026803985
297,frozen,44,3,3,0,1,1.0,1.0,0,nan,nan,nan,0.0,0.02041849026803985
298,frozen,44,5,2,0,0,-1.0,-1.0,1,1,0,0,0.0,0.02041849026803985
299,frozen,44,8,5,1,0,-1.0,-1.0,1,0,1,0,0.0,0.02041849026803985
300,frozen,44,2,5,1,0,-1.0,-1.0,1,0,1,0,0.0,0.02041849026803985
301,frozen,44,3,3,0,1,1.0,1.0,0,nan,nan,nan,0.0,0.02041849026803985
302,frozen,44,5,4,1,1,1.0,1.0,0,nan,nan,nan,0.0,0.02041849026803985
303,frozen,44,4,5,1,1,1.0,1.0,0,nan,nan,nan,0.0,0.02041849026803985
304,frozen,44,8,6,1,0,-1.0,-1.0,1,3,0,1,0.0,0.02041849026803985
305,frozen,44,1,5,1,0,-1.0,-1.0,1,0,1,0,0.0,0.02041849026803985
306,frozen,44,3,5,1,0,-1.0,-1.0,1,0,1,0,0.0,0.02041849026803985
307,frozen,44,6,5,1,1,1.0,1.0,0,nan,nan,nan,0.0,0.02041849026803985
308,frozen,44,1,4,0,0,-1.0,-1.0,1,1,0,0,0.0,0.02041849026803985
309,frozen,44,6,3,0,0,-1.0,-1.0,1,0,1,0,0.0,0.02041849026803985
310,frozen,44,4,5,1,1,1.0,1.0,0,nan,nan,nan,0.0,0.02041849026803985
311,frozen,44,3,6,1,0,-1.0,-1.0,1,1,0,0,0.0,0.02041849026803985
312,frozen,44,0,3,0,0,-1.0,-1.0,1,0,1,0,0.0,0.02041849026803985
313,frozen,44,1,5,1,0,-1.0,-1.0,1,0,1,0,0.0,0.02041849026803985
314,frozen,44,5,3,0,0,-1.0,-1.0,1,0,1,0,0.0,0.02041849026803985
315,frozen,44,0,3,0,0,-1.0,-1.0,1,0,1,0,0.0,0.02041849026803985
316,frozen,44,6,3,0,0,-1.0,-1.0,1,0,1,0,0.0,0.02041849026803985
317,frozen,44,4,5,1,1,1.0,1.0,0,nan,nan,nan,0.0,0.02041849026803985
318,frozen,44,0,6,1,0,-1.0,-1.0,1,1,0,0,0.0,0.02041849026803985
319,frozen,44,7,5,1,0,-1.0,-1.0,1,0,1,0,0.0,0.02041849026803985
320,frozen,44,7,5,1,0,-1.0,-1.0,1,0,1,0,0.0,0.02041849026803985
321,frozen,44,2,5,1,0,-1.0,-1.0,1,0,1,0,0.0,0.02041849026803985
322,frozen,44,6,3,0,0,-1.0,-1.0,1,0,1,0,0.0,0.02041849026803985
323,frozen,44,0,3,0,0,-1.0,-1.0,1,0,1,0,0.0,0.02041849026803985
324,frozen,44,4,5,1,1,1.0,1.0,0,nan,nan,nan,0.0,0.02041849026803985
325,frozen,44,4,4,0,1,1.0,1.0,0,nan,nan,nan,0.0,0.02041849026803985
326,frozen,44,0,3,0,0,-1.0,-1.0,1,2,0,0,0.0,0.02041849026803985
327,frozen,44,5,3,0,0,-1.0,-1.0,1,0,1,0,0.0,0.02041849026803985
328,frozen,44,1,5,1,0,-1.0,-1.0,1,0,1,0,0.0,0.02041849026803985
329,frozen,44,0,3,0,0,-1.0,-1.0,1,0,1,0,0.0,0.02041849026803985
330,frozen,44,4,5,1,1,1.0,1.0,0,nan,nan,nan,0.0,0.02041849026803985
331,frozen,44,1,4,0,0,-1.0,-1.0,1,1,0,0,0.0,0.02041849026803985
332,frozen,44,7,5,1,0,-1.0,-1.0,1,0,1,0,0.0,0.02041849026803985
333,frozen,44,8,3,0,0,-1.0,-1.0,1,0,1,0,0.0,0.02041849026803985
334,frozen,44,0,3,0,0,-1.0,-1.0,1,0,1,0,0.0,0.02041849026803985
335,frozen,44,6,5,1,1,1.0,1.0,0,nan,nan,nan,0.0,0.02041849026803985
336,frozen,44,6,4,0,0,-1.0,-1.0,1,1,0,0,0.0,0.02041849026803985
337,frozen,44,8,5,1,0,-1.0,-1.0,1,0,1,0,0.0,0.02041849026803985
338,frozen,44,0,3,0,0,-1.0,-1.0,1,0,1,0,0.0,0.02041849026803985
339,frozen,44,8,3,0,0,-1.0,-1.0,1,0,1,0,0.0,0.02041849026803985
340,frozen,44,4,5,1,1,1.0,1.0,0,nan,nan,nan,0.0,0.02041849026803985
341,frozen,44,7,4,0,0,-1.0,-1.0,1,1,0,0,0.0,0.02041849026803985
342,frozen,44,2,5,1,0,-1.0,-1.0,1,0,1,0,0.0,0.02041849026803985
343,frozen,44,6,5,1,1,1.0,1.0,0,nan,nan,nan,0.0,0.02041849026803985
344,frozen,44,7,6,1,1,1.0,1.0,0,nan,nan,nan,0.0,0.02041849026803985
345,frozen,44,3,5,0,0,-1.0,-1.0,1,2,0,0,0.0,0.02041849026803985
346,frozen,44,1,3,0,0,-1.0,-1.0,1,0,1,0,0.0,0.02041849026803985
347,frozen,44,2,3,0,1,1.0,1.0,0,nan,nan,nan,0.0,0.02041849026803985
348,frozen,44,7,4,1,0,-1.0,-1.0,1,1,0,0,0.0,0.02041849026803985
349,frozen,44,5,3,0,0,-1.0,-1.0,1,0,1,0,0.0,0.02041849026803985
350,frozen,44,6,3,0,0,-1.0,-1.0,1,0,1,0,0.0,0.02041849026803985
351,frozen,44,6,3,0,0,-1.0,-1.0,1,0,1,0,0.0,0.02041849026803985
352,frozen,44,8,3,0,0,-1.0,-1.0,1,0,1,0,0.0,0.02041849026803985
353,frozen,44,8,5,1,0,-1.0,-1.0,1,0,1,0,0.0,0.02041849026803985
354,frozen,44,4,5,1,1,1.0,1.0,0,nan,nan,nan,0.0,0.02041849026803985
355,frozen,44,6,6,1,1,1.0,1.0,0,nan,nan,nan,0.0,0.02041849026803985
356,frozen,44,1,5,0,0,-1.0,-1.0,1,2,0,0,0.0,0.02041849026803985
357,frozen,44,5,5,1,1,1.0,1.0,0,nan,nan,nan,0.0,0.02041849026803985
358,frozen,44,6,6,1,1,1.0,1.0,0,nan,nan,nan,0.0,0.02041849026803985
359,frozen,44,7,5,0,0,-1.0,-1.0,1,2,0,0,0.0,0.02041849026803985
360,frozen,44,4,5,1,1,1.0,1.0,0,nan,nan,nan,0.0,0.02041849026803985
361,frozen,44,6,4,0,0,-1.0,-1.0,1,1,0,0,0.0,0.02041849026803985
362,frozen,44,0,3,0,0,-1.0,-1.0,1,0,1,0,0.0,0.02041849026803985
363,frozen,44,1,5,1,0,-1.0,-1.0,1,0,1,0,0.0,0.02041849026803985
364,frozen,44,1,3,0,0,-1.0,-1.0,1,0,1,0,0.0,0.02041849026803985
365,frozen,44,7,5,1,0,-1.0,-1.0,1,0,1,0,0.0,0.02041849026803985
366,frozen,44,2,5,1,0,-1.0,-1.0,1,0,1,0,0.0,0.02041849026803985
367,frozen,44,1,3,0,0,-1.0,-1.0,1,0,1,0,0.0,0.02041849026803985
368,frozen,44,6,5,1,1,1.0,1.0,0,nan,nan,nan,0.0,0.02041849026803985
369,frozen,44,2,6,1,0,-1.0,-1.0,1,1,0,0,0.0,0.02041849026803985
370,frozen,44,8,3,0,0,-1.0,-1.0,1,0,1,0,0.0,0.02041849026803985
371,frozen,44,4,3,0,1,1.0,1.0,0,nan,nan,nan,0.0,0.02041849026803985
372,frozen,44,1,4,1,0,-1.0,-1.0,1,1,0,0,0.0,0.02041849026803985
373,frozen,44,5,3,0,0,-1.0,-1.0,1,0,1,0,0.0,0.02041849026803985
374,frozen,44,4,5,1,1,1.0,1.0,0,nan,nan,nan,0.0,0.02041849026803985
375,frozen,44,7,6,1,1,1.0,1.0,0,nan,nan,nan,0.0,0.02041849026803985
376,frozen,44,5,5,0,1,1.0,1.0,0,nan,nan,nan,0.0,0.02041849026803985
377,frozen,44,7,6,1,1,1.0,1.0,0,nan,nan,nan,0.0,0.02041849026803985
378,frozen,44,7,5,0,0,-1.0,-1.0,1,4,0,1,0.0,0.02041849026803985
379,frozen,44,3,5,1,0,-1.0,-1.0,1,0,1,0,0.0,0.02041849026803985
380,frozen,44,7,5,1,0,-1.0,-1.0,1,0,1,0,0.0,0.02041849026803985
381,frozen,44,7,5,1,0,-1.0,-1.0,1,0,1,0,0.0,0.02041849026803985
382,frozen,44,4,5,1,1,1.0,1.0,0,nan,nan,nan,0.0,0.02041849026803985
383,frozen,44,5,4,0,1,1.0,1.0,0,nan,nan,nan,0.0,0.02041849026803985
384,frozen,44,1,5,1,0,-1.0,-1.0,1,2,0,0,0.0,0.02041849026803985
385,frozen,44,7,5,1,0,-1.0,-1.0,1,0,1,0,0.0,0.02041849026803985
386,frozen,44,1,5,1,0,-1.0,-1.0,1,0,1,0,0.0,0.02041849026803985
387,frozen,44,3,5,1,0,-1.0,-1.0,1,0,1,0,0.0,0.02041849026803985
388,frozen,44,5,3,0,0,-1.0,-1.0,1,0,1,0,0.0,0.02041849026803985
389,frozen,44,1,3,0,0,-1.0,-1.0,1,0,1,0,0.0,0.02041849026803985
390,frozen,44,4,5,1,1,1.0,1.0,0,nan,nan,nan,0.0,0.02041849026803985
391,frozen,44,6,6,1,1,1.0,1.0,0,nan,nan,nan,0.0,0.02041849026803985
392,frozen,44,0,7,1,0,-1.0,-1.0,1,2,0,0,0.0,0.02041849026803985
393,frozen,44,1,3,0,0,-1.0,-1.0,1,0,1,0,0.0,0.02041849026803985
394,frozen,44,8,5,1,0,-1.0,-1.0,1,0,1,0,0.0,0.02041849026803985
395,frozen,44,7,3,0,0,-1.0,-1.0,1,0,1,0,0.0,0.02041849026803985
396,frozen,44,5,5,1,1,1.0,1.0,0,nan,nan,nan,0.0,0.02041849026803985
397,frozen,44,0,4,0,0,-1.0,-1.0,1,1,0,0,0.0,0.02041849026803985
398,frozen,44,7,5,1,0,-1.0,-1.0,1,0,1,0,0.0,0.02041849026803985
399,frozen,44,8,3,0,0,-1.0,-1.0,1,0,1,0,0.0,0.02041849026803985
400,frozen,44,3,5,1,0,-1.0,-1.0,1,0,1,0,0.0,0.02041849026803985
401,frozen,44,4,5,1,1,1.0,1.0,0,nan,nan,nan,0.0,0.02041849026803985
402,frozen,44,4,6,1,0,-1.0,-1.0,1,1,0,0,0.0,0.02041849026803985
403,frozen,44,2,5,1,0,-1.0,-1.0,1,0,1,0,0.0,0.02041849026803985
404,frozen,44,3,5,1,0,-1.0,-1.0,1,0,1,0,0.0,0.02041849026803985
405,frozen,44,2,3,0,1,1.0,1.0,0,nan,nan,nan,0.0,0.02041849026803985
406,frozen,44,1,2,0,1,1.0,1.0,0,nan,nan,nan,0.0,0.02041849026803985
407,frozen,44,0,3,1,0,-1.0,-1.0,1,2,0,0,0.0,0.02041849026803985
408,frozen,44,8,5,1,0,-1.0,-1.0,1,0,1,0,0.0,0.02041849026803985
409,frozen,44,8,3,0,0,-1.0,-1.0,1,0,1,0,0.0,0.02041849026803985
410,frozen,44,7,5,1,0,-1.0,-1.0,1,0,1,0,0.0,0.02041849026803985
411,frozen,44,5,3,0,0,-1.0,-1.0,1,0,1,0,0.0,0.02041849026803985
412,frozen,44,5,5,1,1,1.0,1.0,0,nan,nan,nan,0.0,0.02041849026803985
413,frozen,44,5,6,1,1,1.0,1.0,0,nan,nan,nan,0.0,0.02041849026803985
414,frozen,44,3,7,1,0,-1.0,-1.0,1,2,0,0,0.0,0.02041849026803985
415,frozen,44,2,3,0,1,1.0,1.0,0,nan,nan,nan,0.0,0.02041849026803985
416,frozen,44,2,2,0,1,1.0,1.0,0,nan,nan,nan,0.0,0.02041849026803985
417,frozen,44,7,1,0,0,-1.0,-1.0,1,2,0,0,0.0,0.02041849026803985
418,frozen,44,1,5,1,0,-1.0,-1.0,1,0,1,0,0.0,0.02041849026803985
419,frozen,44,1,5,1,0,-1.0,-1.0,1,0,1,0,0.0,0.02041849026803985
420,frozen,44,6,5,1,1,1.0,1.0,0,nan,nan,nan,0.0,0.02041849026803985
421,frozen,44,5,6,1,1,1.0,1.0,0,nan,nan,nan,0.0,0.02041849026803985
422,frozen,44,0,5,0,0,-1.0,-1.0,1,2,0,0,0.0,0.02041849026803985
423,frozen,44,6,3,0,0,-1.0,-1.0,1,0,1,0,0.0,0.02041849026803985
424,frozen,44,5,5,1,1,1.0,1.0,0,nan,nan,nan,0.0,0.02041849026803985
425,frozen,44,6,6,1,1,1.0,1.0,0,nan,nan,nan,0.0,0.02041849026803985
426,frozen,44,6,7,1,1,1.0,1.0,0,nan,nan,nan,0.0,0.02041849026803985
427,frozen,44,4,6,0,0,-1.0,-1.0,1,3,0,1,0.0,0.02041849026803985
428,frozen,44,0,3,0,0,-1.0,-1.0,1,0,1,0,0.0,0.02041849026803985
429,frozen,44,2,5,1,0,-1.0,-1.0,1,0,1,0,0.0,0.02041849026803985
430,frozen,44,5,5,1,1,1.0,1.0,0,nan,nan,nan,0.0,0.02041849026803985
431,frozen,44,0,6,1,0,-1.0,-1.0,1,1,0,0,0.0,0.02041849026803985
432,frozen,44,5,5,1,1,1.0,1.0,0,nan,nan,nan,0.0,0.02041849026803985
433,frozen,44,1,4,0,0,-1.0,-1.0,1,1,0,0,0.0,0.02041849026803985
434,frozen,44,0,3,0,0,-1.0,-1.0,1,0,1,0,0.0,0.02041849026803985
435,frozen,44,4,3,0,1,1.0,1.0,0,nan,nan,nan,0.0,0.02041849026803985
436,frozen,44,6,4,1,0,-1.0,-1.0,1,1,0,0,0.0,0.02041849026803985
437,frozen,44,2,5,1,0,-1.0,-1.0,1,0,1,0,0.0,0.02041849026803985
438,frozen,44,1,3,0,0,-1.0,-1.0,1,0,1,0,0.0,0.02041849026803985
439,frozen,44,2,3,0,1,1.0,1.0,0,nan,nan,nan,0.0,0.02041849026803985
440,frozen,44,4,4,1,1,1.0,1.0,0,nan,nan,nan,0.0,0.02041849026803985
441,frozen,44,6,5,1,1,1.0,1.0,0,nan,nan,nan,0.0,0.02041849026803985
442,frozen,44,2,6,1,0,-1.0,-1.0,1,3,0,1,0.0,0.02041849026803985
443,frozen,44,0,3,0,0,-1.0,-1.0,1,0,1,0,0.0,0.02041849026803985
444,frozen,44,0,3,0,0,-1.0,-1.0,1,0,1,0,0.0,0.02041849026803985
445,frozen,44,2,3,0,1,1.0,1.0,0,nan,nan,nan,0.0,0.02041849026803985
446,frozen,44,7,2,0,0,-1.0,-1.0,1,1,0,0,0.0,0.02041849026803985
447,frozen,44,7,5,1,0,-1.0,-1.0,1,0,1,0,0.0,0.02041849026803985
448,frozen,44,6,3,0,0,-1.0,-1.0,1,0,1,0,0.0,0.02041849026803985
449,frozen,44,2,3,0,1,1.0,1.0,0,nan,nan,nan,0.0,0.02041849026803985
450,frozen,44,7,4,1,0,-1.0,-1.0,1,1,0,0,0.0,0.02041849026803985
451,frozen,44,6,3,0,0,-1.0,-1.0,1,0,1,0,0.0,0.02041849026803985
452,frozen,44,4,5,1,1,1.0,1.0,0,nan,nan,nan,0.0,0.02041849026803985
453,frozen,44,5,6,1,1,1.0,1.0,0,nan,nan,nan,0.0,0.02041849026803985
454,frozen,44,2,5,0,0,-1.0,-1.0,1,2,0,0,0.0,0.02041849026803985
455,frozen,44,8,5,1,0,-1.0,-1.0,1,0,1,0,0.0,0.02041849026803985
456,frozen,44,6,5,1,1,1.0,1.0,0,nan,nan,nan,0.0,0.02041849026803985
457,frozen,44,8,6,1,0,-1.0,-1.0,1,1,0,0,0.0,0.02041849026803985
458,frozen,44,3,5,1,0,-1.0,-1.0,1,0,1,0,0.0,0.02041849026803985
459,frozen,44,1,3,0,0,-1.0,-1.0,1,0,1,0,0.0,0.02041849026803985
460,frozen,44,6,3,0,0,-1.0,-1.0,1,0,1,0,0.0,0.02041849026803985
461,frozen,44,4,5,1,1,1.0,1.0,0,nan,nan,nan,0.0,0.02041849026803985
462,frozen,44,1,4,0,0,-1.0,-1.0,1,1,0,0,0.0,0.02041849026803985
463,frozen,44,3,5,1,0,-1.0,-1.0,1,0,1,0,0.0,0.02041849026803985
464,frozen,44,3,5,1,0,-1.0,-1.0,1,0,1,0,0.0,0.02041849026803985
465,frozen,44,6,3,0,0,-1.0,-1.0,1,0,1,0,0.0,0.02041849026803985
466,frozen,44,7,5,1,0,-1.0,-1.0,1,0,1,0,0.0,0.02041849026803985
467,frozen,44,0,3,0,0,-1.0,-1.0,1,0,1,0,0.0,0.02041849026803985
468,frozen,44,2,3,0,1,1.0,1.0,0,nan,nan,nan,0.0,0.02041849026803985
469,frozen,44,4,2,0,0,-1.0,-1.0,1,1,0,0,0.0,0.02041849026803985
470,frozen,44,1,3,0,0,-1.0,-1.0,1,0,1,0,0.0,0.02041849026803985
471,frozen,44,2,5,1,0,-1.0,-1.0,1,0,1,0,0.0,0.02041849026803985
472,frozen,44,3,5,1,0,-1.0,-1.0,1,0,1,0,0.0,0.02041849026803985
473,frozen,44,1,3,0,0,-1.0,-1.0,1,0,1,0,0.0,0.02041849026803985
474,frozen,44,3,3,0,1,1.0,1.0,0,nan,nan,nan,0.0,0.02041849026803985
475,frozen,44,3,4,1,1,1.0,1.0,0,nan,nan,nan,0.0,0.02041849026803985
476,frozen,44,1,5,1,0,-1.0,-1.0,1,2,0,0,0.0,0.02041849026803985
477,frozen,44,6,3,0,0,-1.0,-1.0,1,0,1,0,0.0,0.02041849026803985
478,frozen,44,4,5,1,1,1.0,1.0,0,nan,nan,nan,0.0,0.02041849026803985
479,frozen,44,4,4,0,1,1.0,1.0,0,nan,nan,nan,0.0,0.02041849026803985
480,frozen,44,2,3,0,1,1.0,1.0,0,nan,nan,nan,0.0,0.02041849026803985
481,frozen,44,3,4,1,1,1.0,1.0,0,nan,nan,nan,0.0,0.02041849026803985
482,frozen,44,8,3,0,0,-1.0,-1.0,1,4,0,1,0.0,0.02041849026803985
483,frozen,44,4,5,1,1,1.0,1.0,0,nan,nan,nan,0.0,0.02041849026803985
484,frozen,44,3,6,1,0,-1.0,-1.0,1,1,0,0,0.0,0.02041849026803985
485,frozen,44,7,5,1,0,-1.0,-1.0,1,0,1,0,0.0,0.02041849026803985
486,frozen,44,2,3,0,1,1.0,1.0,0,nan,nan,nan,0.0,0.02041849026803985
487,frozen,44,3,4,1,1,1.0,1.0,0,nan,nan,nan,0.0,0.02041849026803985
488,frozen,44,0,3,0,0,-1.0,-1.0,1,2,0,0,0.0,0.02041849026803985
489,frozen,44,2,5,1,0,-1.0,-1.0,1,0,1,0,0.0,0.02041849026803985
490,frozen,44,7,5,1,0,-1.0,-1.0,1,0,1,0,0.0,0.02041849026803985
491,frozen,44,0,3,0,0,-1.0,-1.0,1,0,1,0,0.0,0.02041849026803985
492,frozen,44,4,5,1,1,1.0,1.0,0,nan,nan,nan,0.0,0.02041849026803985
493,frozen,44,0,6,1,0,-1.0,-1.0,1,1,0,0,0.0,0.02041849026803985
494,frozen,44,2,3,0,1,1.0,1.0,0,nan,nan,nan,0.0,0.02041849026803985
495,frozen,44,3,4,1,1,1.0,1.0,0,nan,nan,nan,0.0,0.02041849026803985
496,frozen,44,2,3,0,1,1.0,1.0,0,nan,nan,nan,0.0,0.02041849026803985
497,frozen,44,8,2,0,0,-1.0,-1.0,1,3,0,1,0.0,0.02041849026803985
498,frozen,44,6,5,1,1,1.0,1.0,0,nan,nan,nan,0.0,0.02041849026803985
499,frozen,44,0,4,0,0,-1.0,-1.0,1,1,0,0,0.0,0.02041849026803985
500,frozen,44,5,5,1,1,1.0,1.0,0,nan,nan,nan,0.0,0.02041849026803985
501,frozen,44,1,4,0,0,-1.0,-1.0,1,1,0,0,0.0,0.02041849026803985
502,frozen,44,3,5,1,0,-1.0,-1.0,1,0,1,0,0.0,0.02041849026803985
503,frozen,44,1,5,1,0,-1.0,-1.0,1,0,1,0,0.0,0.02041849026803985
504,frozen,44,1,5,1,0,-1.0,-1.0,1,0,1,0,0.0,0.02041849026803985
505,frozen,44,4,5,1,1,1.0,1.0,0,nan,nan,nan,0.0,0.02041849026803985
506,frozen,44,0,4,0,0,-1.0,-1.0,1,1,0,0,0.0,0.02041849026803985
507,frozen,44,7,5,1,0,-1.0,-1.0,1,0,1,0,0.0,0.02041849026803985
508,frozen,44,3,3,0,1,1.0,1.0,0,nan,nan,nan,0.0,0.02041849026803985
509,frozen,44,1,4,1,0,-1.0,-1.0,1,1,0,0,0.0,0.02041849026803985
510,frozen,44,0,3,0,0,-1.0,-1.0,1,0,1,0,0.0,0.02041849026803985
511,frozen,44,4,5,1,1,1.0,1.0,0,nan,nan,nan,0.0,0.02041849026803985
512,frozen,44,0,4,0,0,-1.0,-1.0,1,1,0,0,0.0,0.02041849026803985
513,frozen,44,4,5,1,1,1.0,1.0,0,nan,nan,nan,0.0,0.02041849026803985
514,frozen,44,7,6,1,1,1.0,1.0,0,nan,nan,nan,0.0,0.02041849026803985
515,frozen,44,7,5,0,0,-1.0,-1.0,1,2,0,0,0.0,0.02041849026803985
516,frozen,44,1,3,0,0,-1.0,-1.0,1,0,1,0,0.0,0.02041849026803985
517,frozen,44,8,3,0,0,-1.0,-1.0,1,0,1,0,0.0,0.02041849026803985
518,frozen,44,7,5,1,0,-1.0,-1.0,1,0,1,0,0.0,0.02041849026803985
519,frozen,44,3,5,1,0,-1.0,-1.0,1,0,1,0,0.0,0.02041849026803985
520,frozen,44,2,3,0,1,1.0,1.0,0,nan,nan,nan,0.0,0.02041849026803985
521,frozen,44,2,2,0,1,1.0,1.0,0,nan,nan,nan,0.0,0.02041849026803985
522,frozen,44,4,3,1,1,1.0,1.0,0,nan,nan,nan,0.0,0.02041849026803985
523,frozen,44,8,2,0,0,-1.0,-1.0,1,3,0,1,0.0,0.02041849026803985
524,frozen,44,7,5,1,0,-1.0,-1.0,1,0,1,0,0.0,0.02041849026803985
525,frozen,44,4,5,1,1,1.0,1.0,0,nan,nan,nan,0.0,0.02041849026803985
526,frozen,44,5,6,1,1,1.0,1.0,0,nan,nan,nan,0.0,0.02041849026803985
527,frozen,44,8,5,0,0,-1.0,-1.0,1,2,0,0,0.0,0.02041849026803985
528,frozen,44,4,5,1,1,1.0,1.0,0,nan,nan,nan,0.0,0.02041849026803985
529,frozen,44,5,6,1,1,1.0,1.0,0,nan,nan,nan,0.0,0.02041849026803985
530,frozen,44,2,5,0,0,-1.0,-1.0,1,2,0,0,0.0,0.02041849026803985
531,frozen,44,8,5,1,0,-1.0,-1.0,1,0,1,0,0.0,0.02041849026803985
532,frozen,44,0,3,0,0,-1.0,-1.0,1,0,1,0,0.0,0.02041849026803985
533,frozen,44,7,5,1,0,-1.0,-1.0,1,0,1,0,0.0,0.02041849026803985
534,frozen,44,6,3,0,0,-1.0,-1.0,1,0,1,0,0.0,0.02041849026803985
535,frozen,44,4,5,1,1,1.0,1.0,0,nan,nan,nan,0.0,0.02041849026803985
536,frozen,44,7,6,1,1,1.0,1.0,0,nan,nan,nan,0.0,0.02041849026803985
537,frozen,44,3,5,0,0,-1.0,-1.0,1,2,0,0,0.0,0.02041849026803985
538,frozen,44,2,5,1,0,-1.0,-1.0,1,0,1,0,0.0,0.02041849026803985
539,frozen,44,2,5,1,0,-1.0,-1.0,1,0,1,0,0.0,0.02041849026803985
540,frozen,44,2,5,1,0,-1.0,-1.0,1,0,1,0,0.0,0.02041849026803985
541,frozen,44,5,5,1,1,1.0,1.0,0,nan,nan,nan,0.0,0.02041849026803985
542,frozen,44,7,4,0,0,-1.0,-1.0,1,1,0,0,0.0,0.02041849026803985
543,frozen,44,2,3,0,1,1.0,1.0,0,nan,nan,nan,0.0,0.02041849026803985
544,frozen,44,0,4,1,0,-1.0,-1.0,1,1,0,0,0.0,0.02041849026803985
545,frozen,44,1,3,0,0,-1.0,-1.0,1,0,1,0,0.0,0.02041849026803985
546,frozen,44,0,3,0,0,-1.0,-1.0,1,0,1,0,0.0,0.02041849026803985
547,frozen,44,8,5,1,0,-1.0,-1.0,1,0,1,0,0.0,0.02041849026803985
548,frozen,44,7,3,0,0,-1.0,-1.0,1,0,1,0,0.0,0.02041849026803985
549,frozen,44,0,3,0,0,-1.0,-1.0,1,0,1,0,0.0,0.02041849026803985
550,frozen,44,3,5,1,0,-1.0,-1.0,1,0,1,0,0.0,0.02041849026803985
551,frozen,44,3,3,0,1,1.0,1.0,0,nan,nan,nan,0.0,0.02041849026803985
552,frozen,44,3,4,1,1,1.0,1.0,0,nan,nan,nan,0.0,0.02041849026803985
553,frozen,44,3,3,0,1,1.0,1.0,0,nan,nan,nan,0.0,0.02041849026803985
554,frozen,44,3,4,1,1,1.0,1.0,0,nan,nan,nan,0.0,0.02041849026803985
555,frozen,44,5,3,0,0,-1.0,-1.0,1,4,0,1,0.0,0.02041849026803985
556,frozen,44,2,3,0,1,1.0,1.0,0,nan,nan,nan,0.0,0.02041849026803985
557,frozen,44,6,4,1,0,-1.0,-1.0,1,1,0,0,0.0,0.02041849026803985
558,frozen,44,6,5,1,1,1.0,1.0,0,nan,nan,nan,0.0,0.02041849026803985
559,frozen,44,0,4,0,0,-1.0,-1.0,1,1,0,0,0.0,0.02041849026803985
560,frozen,44,1,5,1,0,-1.0,-1.0,1,0,1,0,0.0,0.02041849026803985
561,frozen,44,7,5,1,0,-1.0,-1.0,1,0,1,0,0.0,0.02041849026803985
562,frozen,44,7,5,1,0,-1.0,-1.0,1,0,1,0,0.0,0.02041849026803985
563,frozen,44,3,5,1,0,-1.0,-1.0,1,0,1,0,0.0,0.02041849026803985
564,frozen,44,8,3,0,0,-1.0,-1.0,1,0,1,0,0.0,0.02041849026803985
565,frozen,44,1,3,0,0,-1.0,-1.0,1,0,1,0,0.0,0.02041849026803985
566,frozen,44,7,5,1,0,-1.0,-1.0,1,0,1,0,0.0,0.02041849026803985
567,frozen,44,1,5,1,0,-1.0,-1.0,1,0,1,0,0.0,0.02041849026803985
568,frozen,44,1,5,1,0,-1.0,-1.0,1,0,1,0,0.0,0.02041849026803985
569,frozen,44,2,3,0,1,1.0,1.0,0,nan,nan,nan,0.0,0.02041849026803985
570,frozen,44,6,4,1,0,-1.0,-1.0,1,1,0,0,0.0,0.02041849026803985
571,frozen,44,0,3,0,0,-1.0,-1.0,1,0,1,0,0.0,0.02041849026803985
572,frozen,44,7,5,1,0,-1.0,-1.0,1,0,1,0,0.0,0.02041849026803985
573,frozen,44,5,3,0,0,-1.0,-1.0,1,0,1,0,0.0,0.02041849026803985
574,frozen,44,1,5,1,0,-1.0,-1.0,1,0,1,0,0.0,0.02041849026803985
575,frozen,44,5,5,1,1,1.0,1.0,0,nan,nan,nan,0.0,0.02041849026803985
576,frozen,44,5,6,1,1,1.0,1.0,0,nan,nan,nan,0.0,0.02041849026803985
577,frozen,44,2,5,0,0,-1.0,-1.0,1,2,0,0,0.0,0.02041849026803985
578,frozen,44,1,3,0,0,-1.0,-1.0,1,0,1,0,0.0,0.02041849026803985
579,frozen,44,6,5,1,1,1.0,1.0,0,nan,nan,nan,0.0,0.02041849026803985
580,frozen,44,5,6,1,1,1.0,1.0,0,nan,nan,nan,0.0,0.02041849026803985
581,frozen,44,8,7,1,1,1.0,1.0,0,nan,nan,nan,0.0,0.02041849026803985
582,frozen,44,1,6,0,0,-1.0,-1.0,1,3,0,1,0.0,0.02041849026803985
583,frozen,44,8,3,0,0,-1.0,-1.0,1,0,1,0,0.0,0.02041849026803985
584,frozen,44,0,3,0,0,-1.0,-1.0,1,0,1,0,0.0,0.02041849026803985
585,frozen,44,0,5,1,0,-1.0,-1.0,1,0,1,0,0.0,0.02041849026803985
586,frozen,44,3,5,1,0,-1.0,-1.0,1,0,1,0,0.0,0.02041849026803985
587,frozen,44,3,3,0,1,1.0,1.0,0,nan,nan,nan,0.0,0.02041849026803985
588,frozen,44,2,4,1,0,-1.0,-1.0,1,1,0,0,0.0,0.02041849026803985
589,frozen,44,6,5,1,1,1.0,1.0,0,nan,nan,nan,0.0,0.02041849026803985
590,frozen,44,5,6,1,1,1.0,1.0,0,nan,nan,nan,0.0,0.02041849026803985
591,frozen,44,5,5,0,1,1.0,1.0,0,nan,nan,nan,0.0,0.02041849026803985
592,frozen,44,4,6,1,0,-1.0,-1.0,1,3,0,1,0.0,0.02041849026803985
593,frozen,44,7,5,1,0,-1.0,-1.0,1,0,1,0,0.0,0.02041849026803985
594,frozen,44,7,5,1,0,-1.0,-1.0,1,0,1,0,0.0,0.02041849026803985
595,frozen,44,6,3,0,0,-1.0,-1.0,1,0,1,0,0.0,0.02041849026803985
596,frozen,44,2,3,0,1,1.0,1.0,0,nan,nan,nan,0.0,0.02041849026803985
597,frozen,44,0,4,1,0,-1.0,-1.0,1,1,0,0,0.0,0.02041849026803985
598,frozen,44,0,3,0,0,-1.0,-1.0,1,0,1,0,0.0,0.02041849026803985
599,frozen,44,7,5,1,0,-1.0,-1.0,1,0,1,0,0.0,0.02041849026803985
600,frozen,44,6,5,1,1,1.0,1.0,0,nan,nan,nan,0.0,0.02041849026803985
601,frozen,44,0,6,1,0,-1.0,-1.0,1,1,0,0,0.0,0.02041849026803985
602,frozen,44,2,5,1,0,-1.0,-1.0,1,0,1,0,0.0,0.02041849026803985
603,frozen,44,4,5,1,1,1.0,1.0,0,nan,nan,nan,0.0,0.02041849026803985
604,frozen,44,4,6,1,0,-1.0,-1.0,1,1,0,0,0.0,0.02041849026803985
605,frozen,44,0,3,0,0,-1.0,-1.0,1,0,1,0,0.0,0.02041849026803985
606,frozen,44,1,5,1,0,-1.0,-1.0,1,0,1,0,0.0,0.02041849026803985
607,frozen,44,6,3,0,0,-1.0,-1.0,1,0,1,0,0.0,0.02041849026803985
608,frozen,44,1,3,0,0,-1.0,-1.0,1,0,1,0,0.0,0.02041849026803985
609,frozen,44,1,5,1,0,-1.0,-1.0,1,0,1,0,0.0,0.02041849026803985
610,frozen,44,3,5,1,0,-1.0,-1.0,1,0,1,0,0.0,0.02041849026803985
611,frozen,44,7,5,1,0,-1.0,-1.0,1,0,1,0,0.0,0.02041849026803985
612,frozen,44,7,5,1,0,-1.0,-1.0,1,0,1,0,0.0,0.02041849026803985
613,frozen,44,3,5,1,0,-1.0,-1.0,1,0,1,0,0.0,0.02041849026803985
614,frozen,44,0,3,0,0,-1.0,-1.0,1,0,1,0,0.0,0.02041849026803985
615,frozen,44,7,5,1,0,-1.0,-1.0,1,0,1,0,0.0,0.02041849026803985
616,frozen,44,4,5,1,1,1.0,1.0,0,nan,nan,nan,0.0,0.02041849026803985
617,frozen,44,8,6,1,0,-1.0,-1.0,1,1,0,0,0.0,0.02041849026803985
618,frozen,44,1,3,0,0,-1.0,-1.0,1,0,1,0,0.0,0.02041849026803985
619,frozen,44,1,5,1,0,-1.0,-1.0,1,0,1,0,0.0,0.02041849026803985
620,frozen,44,2,5,1,0,-1.0,-1.0,1,0,1,0,0.0,0.02041849026803985
621,frozen,44,8,5,1,0,-1.0,-1.0,1,0,1,0,0.0,0.02041849026803985
622,frozen,44,7,5,1,0,-1.0,-1.0,1,0,1,0,0.0,0.02041849026803985
623,frozen,44,4,3,0,1,1.0,1.0,0,nan,nan,nan,0.0,0.02041849026803985
624,frozen,44,7,4,1,0,-1.0,-1.0,1,1,0,0,0.0,0.02041849026803985
625,frozen,44,3,5,1,0,-1.0,-1.0,1,0,1,0,0.0,0.02041849026803985
626,frozen,44,2,3,0,1,1.0,1.0,0,nan,nan,nan,0.0,0.02041849026803985
627,frozen,44,8,2,0,0,-1.0,-1.0,1,1,0,0,0.0,0.02041849026803985
628,frozen,44,7,5,1,0,-1.0,-1.0,1,0,1,0,0.0,0.02041849026803985
629,frozen,44,6,3,0,0,-1.0,-1.0,1,0,1,0,0.0,0.02041849026803985
630,frozen,44,5,3,0,0,-1.0,-1.0,1,0,1,0,0.0,0.02041849026803985
631,frozen,44,3,5,1,0,-1.0,-1.0,1,0,1,0,0.0,0.02041849026803985
632,frozen,44,4,5,1,1,1.0,1.0,0,nan,nan,nan,0.0,0.02041849026803985
633,frozen,44,8,6,1,0,-1.0,-1.0,1,1,0,0,0.0,0.02041849026803985
634,frozen,44,8,5,1,0,-1.0,-1.0,1,0,1,0,0.0,0.02041849026803985
635,frozen,44,0,3,0,0,-1.0,-1.0,1,0,1,0,0.0,0.02041849026803985
636,frozen,44,5,3,0,0,-1.0,-1.0,1,0,1,0,0.0,0.02041849026803985
637,frozen,44,0,3,0,0,-1.0,-1.0,1,0,1,0,0.0,0.02041849026803985
638,frozen,44,3,3,0,1,1.0,1.0,0,nan,nan,nan,0.0,0.02041849026803985
639,frozen,44,3,4,1,1,1.0,1.0,0,nan,nan,nan,0.0,0.02041849026803985
640,frozen,44,4,5,1,1,1.0,1.0,0,nan,nan,nan,0.0,0.02041849026803985
641,frozen,44,0,4,0,0,-1.0,-1.0,1,3,0,1,0.0,0.02041849026803985
642,frozen,44,8,5,1,0,-1.0,-1.0,1,0,1,0,0.0,0.02041849026803985
643,frozen,44,2,5,1,0,-1.0,-1.0,1,0,1,0,0.0,0.02041849026803985
644,frozen,44,4,5,1,1,1.0,1.0,0,nan,nan,nan,0.0,0.02041849026803985
645,frozen,44,3,4,0,1,1.0,1.0,0,nan,nan,nan,0.0,0.02041849026803985
646,frozen,44,2,3,0,1,1.0,1.0,0,nan,nan,nan,0.0,0.02041849026803985
647,frozen,44,7,2,0,0,-1.0,-1.0,1,3,0,1,0.0,0.02041849026803985
648,frozen,44,4,5,1,1,1.0,1.0,0,nan,nan,nan,0.0,0.02041849026803985
649,frozen,44,7,6,1,1,1.0,1.0,0,nan,nan,nan,0.0,0.02041849026803985
650,frozen,44,1,7,1,0,-1.0,-1.0,1,2,0,0,0.0,0.02041849026803985
651,frozen,44,4,5,1,1,1.0,1.0,0,nan,nan,nan,0.0,0.02041849026803985
652,frozen,44,4,6,1,0,-1.0,-1.0,1,1,0,0,0.0,0.02041849026803985
653,frozen,44,8,5,1,0,-1.0,-1.0,1,0,1,0,0.0,0.02041849026803985
654,frozen,44,7,5,1,0,-1.0,-1.0,1,0,1,0,0.0,0.02041849026803985
655,frozen,44,8,5,1,0,-1.0,-1.0,1,0,1,0,0.0,0.02041849026803985
656,frozen,44,0,3,0,0,-1.0,-1.0,1,0,1,0,0.0,0.02041849026803985
657,frozen,44,2,5,1,0,-1.0,-1.0,1,0,1,0,0.0,0.02041849026803985
658,frozen,44,1,3,0,0,-1.0,-1.0,1,0,1,0,0.0,0.02041849026803985
659,frozen,44,7,5,1,0,-1.0,-1.0,1,0,1,0,0.0,0.02041849026803985
660,frozen,44,6,3,0,0,-1.0,-1.0,1,0,1,0,0.0,0.02041849026803985
661,frozen,44,0,3,0,0,-1.0,-1.0,1,0,1,0,0.0,0.02041849026803985
662,frozen,44,1,3,0,0,-1.0,-1.0,1,0,1,0,0.0,0.02041849026803985
663,frozen,44,2,5,1,0,-1.0,-1.0,1,0,1,0,0.0,0.02041849026803985
664,frozen,44,1,3,0,0,-1.0,-1.0,1,0,1,0,0.0,0.02041849026803985
665,frozen,44,6,5,1,1,1.0,1.0,0,nan,nan,nan,0.0,0.02041849026803985
666,frozen,44,5,6,1,1,1.0,1.0,0,nan,nan,nan,0.0,0.02041849026803985
667,frozen,44,4,5,0,1,1.0,1.0,0,nan,nan,nan,0.0,0.02041849026803985
668,frozen,44,4,4,0,1,1.0,1.0,0,nan,nan,nan,0.0,0.02041849026803985
669,frozen,44,7,5,1,0,-1.0,-1.0,1,4,0,1,0.0,0.02041849026803985
670,frozen,44,0,3,0,0,-1.0,-1.0,1,0,1,0,0.0,0.02041849026803985
671,frozen,44,2,5,1,0,-1.0,-1.0,1,0,1,0,0.0,0.02041849026803985
672,frozen,44,1,3,0,0,-1.0,-1.0,1,0,1,0,0.0,0.02041849026803985
673,frozen,44,7,5,1,0,-1.0,-1.0,1,0,1,0,0.0,0.02041849026803985
674,frozen,44,6,5,1,1,1.0,1.0,0,nan,nan,nan,0.0,0.02041849026803985
675,frozen,44,2,6,1,0,-1.0,-1.0,1,1,0,0,0.0,0.02041849026803985
676,frozen,44,3,5,1,0,-1.0,-1.0,1,0,1,0,0.0,0.02041849026803985
677,frozen,44,7,5,1,0,-1.0,-1.0,1,0,1,0,0.0,0.02041849026803985
678,frozen,44,2,3,0,1,1.0,1.0,0,nan,nan,nan,0.0,0.02041849026803985
679,frozen,44,3,4,1,1,1.0,1.0,0,nan,nan,nan,0.0,0.02041849026803985
680,frozen,44,2,3,0,1,1.0,1.0,0,nan,nan,nan,0.0,0.02041849026803985
681,frozen,44,2,2,0,1,1.0,1.0,0,nan,nan,nan,0.0,0.02041849026803985
682,frozen,44,6,1,0,0,-1.0,-1.0,1,4,0,1,0.0,0.02041849026803985
683,frozen,44,0,3,0,0,-1.0,-1.0,1,0,1,0,0.0,0.02041849026803985
684,frozen,44,6,5,1,1,1.0,1.0,0,nan,nan,nan,0.0,0.02041849026803985
685,frozen,44,1,4,0,0,-1.0,-1.0,1,1,0,0,0.0,0.02041849026803985
686,frozen,44,6,3,0,0,-1.0,-1.0,1,0,1,0,0.0,0.02041849026803985
687,frozen,44,8,3,0,0,-1.0,-1.0,1,0,1,0,0.0,0.02041849026803985
688,frozen,44,5,3,0,0,-1.0,-1.0,1,0,1,0,0.0,0.02041849026803985
689,frozen,44,1,3,0,0,-1.0,-1.0,1,0,1,0,0.0,0.02041849026803985
690,frozen,44,4,5,1,1,1.0,1.0,0,nan,nan,nan,0.0,0.02041849026803985
691,frozen,44,2,4,0,0,-1.0,-1.0,1,1,0,0,0.0,0.02041849026803985
692,frozen,44,3,3,0,1,1.0,1.0,0,nan,nan,nan,0.0,0.02041849026803985
693,frozen,44,2,4,1,0,-1.0,-1.0,1,1,0,0,0.0,0.02041849026803985
694,frozen,44,2,3,0,1,1.0,1.0,0,nan,nan,nan,0.0,0.02041849026803985
695,frozen,44,6,4,1,0,-1.0,-1.0,1,1,0,0,0.0,0.02041849026803985
696,frozen,44,2,5,1,0,-1.0,-1.0,1,0,1,0,0.0,0.02041849026803985
697,frozen,44,8,3,0,0,-1.0,-1.0,1,0,1,0,0.0,0.02041849026803985
698,frozen,44,8,3,0,0,-1.0,-1.0,1,0,1,0,0.0,0.02041849026803985
699,frozen,44,2,5,1,0,-1.0,-1.0,1,0,1,0,0.0,0.02041849026803985
700,frozen,44,0,3,0,0,-1.0,-1.0,1,0,1,0,0.0,0.02041849026803985
701,frozen,44,2,3,0,1,1.0,1.0,0,nan,nan,nan,0.0,0.02041849026803985
702,frozen,44,6,4,1,0,-1.0,-1.0,1,1,0,0,0.0,0.02041849026803985
703,frozen,44,4,5,1,1,1.0,1.0,0,nan,nan,nan,0.0,0.02041849026803985
704,frozen,44,2,4,0,0,-1.0,-1.0,1,1,0,0,0.0,0.02041849026803985
705,frozen,44,4,5,1,1,1.0,1.0,0,nan,nan,nan,0.0,0.02041849026803985
706,frozen,44,4,6,1,0,-1.0,-1.0,1,1,0,0,0.0,0.02041849026803985
707,frozen,44,6,3,0,0,-1.0,-1.0,1,0,1,0,0.0,0.02041849026803985
708,frozen,44,8,5,1,0,-1.0,-1.0,1,0,1,0,0.0,0.02041849026803985
709,frozen,44,8,5,1,0,-1.0,-1.0,1,0,1,0,0.0,0.02041849026803985
710,frozen,44,8,5,1,0,-1.0,-1.0,1,0,1,0,0.0,0.02041849026803985
711,frozen,44,3,5,1,0,-1.0,-1.0,1,0,1,0,0.0,0.02041849026803985
712,frozen,44,2,3,0,1,1.0,1.0,0,nan,nan,nan,0.0,0.02041849026803985
713,frozen,44,4,4,1,1,1.0,1.0,0,nan,nan,nan,0.0,0.02041849026803985
714,frozen,44,0,3,0,0,-1.0,-1.0,1,2,0,0,0.0,0.02041849026803985
715,frozen,44,0,3,0,0,-1.0,-1.0,1,0,1,0,0.0,0.02041849026803985
716,frozen,44,8,3,0,0,-1.0,-1.0,1,0,1,0,0.0,0.02041849026803985
717,frozen,44,3,5,1,0,-1.0,-1.0,1,0,1,0,0.0,0.02041849026803985
718,frozen,44,6,3,0,0,-1.0,-1.0,1,0,1,0,0.0,0.02041849026803985
719,frozen,44,2,5,1,0,-1.0,-1.0,1,0,1,0,0.0,0.02041849026803985
720,frozen,44,7,5,1,0,-1.0,-1.0,1,0,1,0,0.0,0.02041849026803985
721,frozen,44,4,5,1,1,1.0,1.0,0,nan,nan,nan,0.0,0.02041849026803985
722,frozen,44,7,4,0,0,-1.0,-1.0,1,1,0,0,0.0,0.02041849026803985
723,frozen,44,5,3,0,0,-1.0,-1.0,1,0,1,0,0.0,0.02041849026803985
724,frozen,44,4,5,1,1,1.0,1.0,0,nan,nan,nan,0.0,0.02041849026803985
725,frozen,44,3,6,1,0,-1.0,-1.0,1,1,0,0,0.0,0.02041849026803985
726,frozen,44,5,5,1,1,1.0,1.0,0,nan,nan,nan,0.0,0.02041849026803985
727,frozen,44,2,4,0,0,-1.0,-1.0,1,1,0,0,0.0,0.02041849026803985
728,frozen,44,1,5,1,0,-1.0,-1.0,1,0,1,0,0.0,0.02041849026803985
729,frozen,44,0,3,0,0,-1.0,-1.0,1,0,1,0,0.0,0.02041849026803985
730,frozen,44,2,3,0,1,1.0,1.0,0,nan,nan,nan,0.0,0.02041849026803985
731,frozen,44,5,4,1,1,1.0,1.0,0,nan,nan,nan,0.0,0.02041849026803985
732,frozen,44,4,5,1,1,1.0,1.0,0,nan,nan,nan,0.0,0.02041849026803985
733,frozen,44,0,6,1,0,-1.0,-1.0,1,3,0,1,0.0,0.02041849026803985
734,frozen,44,7,5,1,0,-1.0,-1.0,1,0,1,0,0.0,0.02041849026803985
735,frozen,44,7,5,1,0,-1.0,-1.0,1,0,1,0,0.0,0.02041849026803985
736,frozen,44,3,5,1,0,-1.0,-1.0,1,0,1,0,0.0,0.02041849026803985
737,frozen,44,0,3,0,0,-1.0,-1.0,1,0,1,0,0.0,0.02041849026803985
738,frozen,44,2,3,0,1,1.0,1.0,0,nan,nan,nan,0.0,0.02041849026803985
739,frozen,44,8,2,0,0,-1.0,-1.0,1,1,0,0,0.0,0.02041849026803985
740,frozen,44,4,5,1,1,1.0,1.0,0,nan,nan,nan,0.0,0.02041849026803985
741,frozen,44,7,6,1,1,1.0,1.0,0,nan,nan,nan,0.0,0.02041849026803985
742,frozen,44,1,5,0,0,-1.0,-1.0,1,2,0,0,0.0,0.02041849026803985
743,frozen,44,8,3,0,0,-1.0,-1.0,1,0,1,0,0.0,0.02041849026803985
744,frozen,44,4,5,1,1,1.0,1.0,0,nan,nan,nan,0.0,0.02041849026803985
745,frozen,44,6,4,0,0,-1.0,-1.0,1,1,0,0,0.0,0.02041849026803985
746,frozen,44,6,3,0,0,-1.0,-1.0,1,0,1,0,0.0,0.02041849026803985
747,frozen,44,5,3,0,0,-1.0,-1.0,1,0,1,0,0.0,0.02041849026803985
748,frozen,44,4,5,1,1,1.0,1.0,0,nan,nan,nan,0.0,0.02041849026803985
749,frozen,44,7,6,1,1,1.0,1.0,0,nan,nan,nan,0.0,0.02041849026803985
750,frozen,44,7,7,1,1,1.0,1.0,0,nan,nan,nan,0.0,0.02041849026803985
751,frozen,44,3,6,0,0,-1.0,-1.0,1,3,0,1,0.0,0.02041849026803985
752,frozen,44,1,5,1,0,-1.0,-1.0,1,0,1,0,0.0,0.02041849026803985
753,frozen,44,0,3,0,0,-1.0,-1.0,1,0,1,0,0.0,0.02041849026803985
754,frozen,44,6,3,0,0,-1.0,-1.0,1,0,1,0,0.0,0.02041849026803985
755,frozen,44,3,5,1,0,-1.0,-1.0,1,0,1,0,0.0,0.02041849026803985
756,frozen,44,7,5,1,0,-1.0,-1.0,1,0,1,0,0.0,0.02041849026803985
757,frozen,44,0,3,0,0,-1.0,-1.0,1,0,1,0,0.0,0.02041849026803985
758,frozen,44,6,5,1,1,1.0,1.0,0,nan,nan,nan,0.0,0.02041849026803985
759,frozen,44,3,4,0,1,1.0,1.0,0,nan,nan,nan,0.0,0.02041849026803985
760,frozen,44,6,5,1,1,1.0,1.0,0,nan,nan,nan,0.0,0.02041849026803985
761,frozen,44,7,4,0,0,-1.0,-1.0,1,3,0,1,0.0,0.02041849026803985
762,frozen,44,7,5,1,0,-1.0,-1.0,1,0,1,0,0.0,0.02041849026803985
763,frozen,44,5,3,0,0,-1.0,-1.0,1,0,1,0,0.0,0.02041849026803985
764,frozen,44,0,3,0,0,-1.0,-1.0,1,0,1,0,0.0,0.02041849026803985
765,frozen,44,8,3,0,0,-1.0,-1.0,1,0,1,0,0.0,0.02041849026803985
766,frozen,44,4,5,1,1,1.0,1.0,0,nan,nan,nan,0.0,0.02041849026803985
767,frozen,44,5,6,1,1,1.0,1.0,0,nan,nan,nan,0.0,0.02041849026803985
768,frozen,44,5,7,1,0,-1.0,-1.0,1,2,0,0,0.0,0.02041849026803985
769,frozen,44,6,3,0,0,-1.0,-1.0,1,0,1,0,0.0,0.02041849026803985
770,frozen,44,3,3,0,1,1.0,1.0,0,nan,nan,nan,0.0,0.02041849026803985
771,frozen,44,8,2,0,0,-1.0,-1.0,1,1,0,0,0.0,0.02041849026803985
772,frozen,44,3,3,0,1,1.0,1.0,0,nan,nan,nan,0.0,0.02041849026803985
773,frozen,44,5,2,0,0,-1.0,-1.0,1,1,0,0,0.0,0.02041849026803985
774,frozen,44,8,3,0,0,-1.0,-1.0,1,0,1,0,0.0,0.02041849026803985
775,frozen,44,8,5,1,0,-1.0,-1.0,1,0,1,0,0.0,0.02041849026803985
776,frozen,44,0,3,0,0,-1.0,-1.0,1,0,1,0,0.0,0.02041849026803985
777,frozen,44,0,3,0,0,-1.0,-1.0,1,0,1,0,0.0,0.02041849026803985
778,frozen,44,8,5,1,0,-1.0,-1.0,1,0,1,0,0.0,0.02041849026803985
779,frozen,44,5,5,1,1,1.0,1.0,0,nan,nan,nan,0.0,0.02041849026803985
780,frozen,44,7,6,1,1,1.0,1.0,0,nan,nan,nan,0.0,0.02041849026803985
781,frozen,44,4,5,0,1,1.0,1.0,0,nan,nan,nan,0.0,0.02041849026803985
782,frozen,44,1,4,0,0,-1.0,-1.0,1,3,0,1,0.0,0.02041849026803985
783,frozen,44,0,3,0,0,-1.0,-1.0,1,0,1,0,0.0,0.02041849026803985
784,frozen,44,4,5,1,1,1.0,1.0,0,nan,nan,nan,0.0,0.02041849026803985
785,frozen,44,8,6,1,0,-1.0,-1.0,1,1,0,0,0.0,0.02041849026803985
786,frozen,44,7,5,1,0,-1.0,-1.0,1,0,1,0,0.0,0.02041849026803985
787,frozen,44,1,3,0,0,-1.0,-1.0,1,0,1,0,0.0,0.02041849026803985
788,frozen,44,3,3,0,1,1.0,1.0,0,nan,nan,nan,0.0,0.02041849026803985
789,frozen,44,2,2,0,1,1.0,1.0,0,nan,nan,nan,0.0,0.02041849026803985
790,frozen,44,5,3,1,0,-1.0,-1.0,1,2,0,0,0.0,0.02041849026803985
791,frozen,44,1,3,0,0,-1.0,-1.0,1,0,1,0,0.0,0.02041849026803985
792,frozen,44,3,5,1,0,-1.0,-1.0,1,0,1,0,0.0,0.02041849026803985
793,frozen,44,1,5,1,0,-1.0,-1.0,1,0,1,0,0.0,0.02041849026803985
794,frozen,44,8,5,1,0,-1.0,-1.0,1,0,1,0,0.0,0.02041849026803985
795,frozen,44,5,3,0,0,-1.0,-1.0,1,0,1,0,0.0,0.02041849026803985
796,frozen,44,3,3,0,1,1.0,1.0,0,nan,nan,nan,0.0,0.02041849026803985
797,frozen,44,2,4,1,0,-1.0,-1.0,1,1,0,0,0.0,0.02041849026803985
798,frozen,44,4,5,1,1,1.0,1.0,0,nan,nan,nan,0.0,0.02041849026803985
799,frozen,44,3,4,0,1,1.0,1.0,0,nan,nan,nan,0.0,0.02041849026803985
800,frozen,44,3,5,1,0,-1.0,-1.0,1,2,0,0,0.0,0.02041849026803985
801,frozen,44,1,5,1,0,-1.0,-1.0,1,0,1,0,0.0,0.02041849026803985
802,frozen,44,4,5,1,1,1.0,1.0,0,nan,nan,nan,0.0,0.02041849026803985
803,frozen,44,6,6,1,1,1.0,1.0,0,nan,nan,nan,0.0,0.02041849026803985
804,frozen,44,8,5,0,0,-1.0,-1.0,1,2,0,0,0.0,0.02041849026803985
805,frozen,44,8,5,1,0,-1.0,-1.0,1,0,1,0,0.0,0.02041849026803985
806,frozen,44,5,3,0,0,-1.0,-1.0,1,0,1,0,0.0,0.02041849026803985
807,frozen,44,8,5,1,0,-1.0,-1.0,1,0,1,0,0.0,0.02041849026803985
808,frozen,44,0,3,0,0,-1.0,-1.0,1,0,1,0,0.0,0.02041849026803985
809,frozen,44,1,3,0,0,-1.0,-1.0,1,0,1,0,0.0,0.02041849026803985
810,frozen,44,5,3,0,0,-1.0,-1.0,1,0,1,0,0.0,0.02041849026803985
811,frozen,44,2,3,0,1,1.0,1.0,0,nan,nan,nan,0.0,0.02041849026803985
812,frozen,44,0,4,1,0,-1.0,-1.0,1,1,0,0,0.0,0.02041849026803985
813,frozen,44,4,3,0,1,1.0,1.0,0,nan,nan,nan,0.0,0.02041849026803985
814,frozen,44,2,4,1,0,-1.0,-1.0,1,1,0,0,0.0,0.02041849026803985
815,frozen,44,8,5,1,0,-1.0,-1.0,1,0,1,0,0.0,0.02041849026803985
816,frozen,44,8,5,1,0,-1.0,-1.0,1,0,1,0,0.0,0.02041849026803985
817,frozen,44,3,5,1,0,-1.0,-1.0,1,0,1,0,0.0,0.02041849026803985
818,frozen,44,0,3,0,0,-1.0,-1.0,1,0,1,0,0.0,0.02041849026803985
819,frozen,44,5,3,0,0,-1.0,-1.0,1,0,1,0,0.0,0.02041849026803985
820,frozen,44,8,5,1,0,-1.0,-1.0,1,0,1,0,0.0,0.02041849026803985
821,frozen,44,8,3,0,0,-1.0,-1.0,1,0,1,0,0.0,0.02041849026803985
822,frozen,44,1,3,0,0,-1.0,-1.0,1,0,1,0,0.0,0.02041849026803985
823,frozen,44,0,3,0,0,-1.0,-1.0,1,0,1,0,0.0,0.02041849026803985
824,frozen,44,2,3,0,1,1.0,1.0,0,nan,nan,nan,0.0,0.02041849026803985
825,frozen,44,4,4,1,1,1.0,1.0,0,nan,nan,nan,0.0,0.02041849026803985
826,frozen,44,3,5,1,0,-1.0,-1.0,1,2,0,0,0.0,0.02041849026803985
827,frozen,44,2,5,1,0,-1.0,-1.0,1,0,1,0,0.0,0.02041849026803985
828,frozen,44,7,3,0,0,-1.0,-1.0,1,0,1,0,0.0,0.02041849026803985
829,frozen,44,0,3,0,0,-1.0,-1.0,1,0,1,0,0.0,0.02041849026803985
830,frozen,44,8,3,0,0,-1.0,-1.0,1,0,1,0,0.0,0.02041849026803985
831,frozen,44,2,5,1,0,-1.0,-1.0,1,0,1,0,0.0,0.02041849026803985
832,frozen,44,6,5,1,1,1.0,1.0,0,nan,nan,nan,0.0,0.02041849026803985
833,frozen,44,0,4,0,0,-1.0,-1.0,1,1,0,0,0.0,0.02041849026803985
834,frozen,44,2,3,0,1,1.0,1.0,0,nan,nan,nan,0.0,0.02041849026803985
835,frozen,44,1,2,0,1,1.0,1.0,0,nan,nan,nan,0.0,0.02041849026803985
836,frozen,44,7,1,0,0,-1.0,-1.0,1,2,0,0,0.0,0.02041849026803985
837,frozen,44,1,3,0,0,-1.0,-1.0,1,0,1,0,0.0,0.02041849026803985
838,frozen,44,4,5,1,1,1.0,1.0,0,nan,nan,nan,0.0,0.02041849026803985
839,frozen,44,6,4,0,0,-1.0,-1.0,1,1,0,0,0.0,0.02041849026803985
840,frozen,44,0,3,0,0,-1.0,-1.0,1,0,1,0,0.0,0.02041849026803985
841,frozen,44,3,5,1,0,-1.0,-1.0,1,0,1,0,0.0,0.02041849026803985
842,frozen,44,4,5,1,1,1.0,1.0,0,nan,nan,nan,0.0,0.02041849026803985
843,frozen,44,3,4,0,1,1.0,1.0,0,nan,nan,nan,0.0,0.02041849026803985
844,frozen,44,0,3,0,0,-1.0,-1.0,1,2,0,0,0.0,0.02041849026803985
845,frozen,44,5,5,1,1,1.0,1.0,0,nan,nan,nan,0.0,0.02041849026803985
846,frozen,44,3,6,1,0,-1.0,-1.0,1,1,0,0,0.0,0.02041849026803985
847,frozen,44,8,3,0,0,-1.0,-1.0,1,0,1,0,0.0,0.02041849026803985
848,frozen,44,4,5,1,1,1.0,1.0,0,nan,nan,nan,0.0,0.02041849026803985
849,frozen,44,3,6,1,0,-1.0,-1.0,1,1,0,0,0.0,0.02041849026803985
850,frozen,44,1,5,1,0,-1.0,-1.0,1,0,1,0,0.0,0.02041849026803985
851,frozen,44,6,5,1,1,1.0,1.0,0,nan,nan,nan,0.0,0.02041849026803985
852,frozen,44,0,4,0,0,-1.0,-1.0,1,1,0,0,0.0,0.02041849026803985
853,frozen,44,3,3,0,1,1.0,1.0,0,nan,nan,nan,0.0,0.02041849026803985
854,frozen,44,8,2,0,0,-1.0,-1.0,1,1,0,0,0.0,0.02041849026803985
855,frozen,44,8,5,1,0,-1.0,-1.0,1,0,1,0,0.0,0.02041849026803985
856,frozen,44,5,3,0,0,-1.0,-1.0,1,0,1,0,0.0,0.02041849026803985
857,frozen,44,2,5,1,0,-1.0,-1.0,1,0,1,0,0.0,0.02041849026803985
858,frozen,44,3,3,0,1,1.0,1.0,0,nan,nan,nan,0.0,0.02041849026803985
859,frozen,44,5,4,1,1,1.0,1.0,0,nan,nan,nan,0.0,0.02041849026803985
860,frozen,44,6,5,1,1,1.0,1.0,0,nan,nan,nan,0.0,0.02041849026803985
861,frozen,44,3,4,0,1,1.0,1.0,0,nan,nan,nan,0.0,0.02041849026803985
862,frozen,44,3,5,1,0,-1.0,-1.0,1,4,0,1,0.0,0.02041849026803985
863,frozen,44,0,3,0,0,-1.0,-1.0,1,0,1,0,0.0,0.02041849026803985
864,frozen,44,6,3,0,0,-1.0,-1.0,1,0,1,0,0.0,0.02041849026803985
865,frozen,44,5,5,1,1,1.0,1.0,0,nan,nan,nan,0.0,0.02041849026803985
866,frozen,44,5,6,1,1,1.0,1.0,0,nan,nan,nan,0.0,0.02041849026803985
867,frozen,44,8,7,1,1,1.0,1.0,0,nan,nan,nan,0.0,0.02041849026803985
868,frozen,44,2,6,0,0,-1.0,-1.0,1,3,0,1,0.0,0.02041849026803985
869,frozen,44,8,3,0,0,-1.0,-1.0,1,0,1,0,0.0,0.02041849026803985
870,frozen,44,6,5,1,1,1.0,1.0,0,nan,nan,nan,0.0,0.02041849026803985
871,frozen,44,8,4,0,0,-1.0,-1.0,1,1,0,0,0.0,0.02041849026803985
872,frozen,44,3,3,0,1,1.0,1.0,0,nan,nan,nan,0.0,0.02041849026803985
873,frozen,44,2,2,0,1,1.0,1.0,0,nan,nan,nan,0.0,0.02041849026803985
874,frozen,44,5,3,1,0,-1.0,-1.0,1,2,0,0,0.0,0.02041849026803985
875,frozen,44,6,3,0,0,-1.0,-1.0,1,0,1,0,0.0,0.02041849026803985
876,frozen,44,5,5,1,1,1.0,1.0,0,nan,nan,nan,0.0,0.02041849026803985
877,frozen,44,2,6,1,0,-1.0,-1.0,1,1,0,0,0.0,0.02041849026803985
878,frozen,44,4,3,0,1,1.0,1.0,0,nan,nan,nan,0.0,0.02041849026803985
879,frozen,44,8,2,0,0,-1.0,-1.0,1,1,0,0,0.0,0.02041849026803985
880,frozen,44,7,5,1,0,-1.0,-1.0,1,0,1,0,0.0,0.02041849026803985
881,frozen,44,3,5,1,0,-1.0,-1.0,1,0,1,0,0.0,0.02041849026803985
882,frozen,44,1,5,1,0,-1.0,-1.0,1,0,1,0,0.0,0.02041849026803985
883,frozen,44,4,5,1,1,1.0,1.0,0,nan,nan,nan,0.0,0.02041849026803985
884,frozen,44,0,6,1,0,-1.0,-1.0,1,1,0,0,0.0,0.02041849026803985
885,frozen,44,8,5,1,0,-1.0,-1.0,1,0,1,0,0.0,0.02041849026803985
886,frozen,44,0,3,0,0,-1.0,-1.0,1,0,1,0,0.0,0.02041849026803985
887,frozen,44,8,5,1,0,-1.0,-1.0,1,0,1,0,0.0,0.02041849026803985
888,frozen,44,4,5,1,1,1.0,1.0,0,nan,nan,nan,0.0,0.02041849026803985
889,frozen,44,0,6,1,0,-1.0,-1.0,1,1,0,0,0.0,0.02041849026803985
890,frozen,44,1,5,1,0,-1.0,-1.0,1,0,1,0,0.0,0.02041849026803985
891,frozen,44,2,3,0,1,1.0,1.0,0,nan,nan,nan,0.0,0.02041849026803985
892,frozen,44,6,4,1,0,-1.0,-1.0,1,1,0,0,0.0,0.02041849026803985
893,frozen,44,5,5,1,1,1.0,1.0,0,nan,nan,nan,0.0,0.02041849026803985
894,frozen,44,3,6,1,0,-1.0,-1.0,1,1,0,0,0.0,0.02041849026803985
895,frozen,44,6,5,1,1,1.0,1.0,0,nan,nan,nan,0.0,0.02041849026803985
896,frozen,44,3,6,1,0,-1.0,-1.0,1,1,0,0,0.0,0.02041849026803985
897,frozen,44,6,5,1,1,1.0,1.0,0,nan,nan,nan,0.0,0.02041849026803985
898,frozen,44,1,4,0,0,-1.0,-1.0,1,1,0,0,0.0,0.02041849026803985
899,frozen,44,7,5,1,0,-1.0,-1.0,1,0,1,0,0.0,0.02041849026803985
900,frozen,44,4,5,1,1,1.0,1.0,0,nan,nan,nan,0.0,0.02041849026803985
901,frozen,44,1,4,0,0,-1.0,-1.0,1,1,0,0,0.0,0.02041849026803985
902,frozen,44,7,5,1,0,-1.0,-1.0,1,0,1,0,0.0,0.02041849026803985
903,frozen,44,7,5,1,0,-1.0,-1.0,1,0,1,0,0.0,0.02041849026803985
904,frozen,44,5,5,1,1,1.0,1.0,0,nan,nan,nan,0.0,0.02041849026803985
905,frozen,44,3,4,0,1,1.0,1.0,0,nan,nan,nan,0.0,0.02041849026803985
906,frozen,44,0,3,0,0,-1.0,-1.0,1,2,0,0,0.0,0.02041849026803985
907,frozen,44,6,3,0,0,-1.0,-1.0,1,0,1,0,0.0,0.02041849026803985
908,frozen,44,5,5,1,1,1.0,1.0,0,nan,nan,nan,0.0,0.02041849026803985
909,frozen,44,7,6,1,1,1.0,1.0,0,nan,nan,nan,0.0,0.02041849026803985
910,frozen,44,7,7,1,1,1.0,1.0,0,nan,nan,nan,0.0,0.02041849026803985
911,frozen,44,4,6,0,0,-1.0,-1.0,1,3,0,1,0.0,0.02041849026803985
912,frozen,44,5,5,1,1,1.0,1.0,0,nan,nan,nan,0.0,0.02041849026803985
913,frozen,44,3,6,1,0,-1.0,-1.0,1,1,0,0,0.0,0.02041849026803985
914,frozen,44,3,5,1,0,-1.0,-1.0,1,0,1,0,0.0,0.02041849026803985
915,frozen,44,0,3,0,0,-1.0,-1.0,1,0,1,0,0.0,0.02041849026803985
916,frozen,44,6,5,1,1,1.0,1.0,0,nan,nan,nan,0.0,0.02041849026803985
917,frozen,44,7,6,1,1,1.0,1.0,0,nan,nan,nan,0.0,0.02041849026803985
918,frozen,44,8,5,0,0,-1.0,-1.0,1,2,0,0,0.0,0.02041849026803985
919,frozen,44,6,5,1,1,1.0,1.0,0,nan,nan,nan,0.0,0.02041849026803985
920,frozen,44,4,4,0,1,1.0,1.0,0,nan,nan,nan,0.0,0.02041849026803985
921,frozen,44,3,5,1,0,-1.0,-1.0,1,2,0,0,0.0,0.02041849026803985
922,frozen,44,0,3,0,0,-1.0,-1.0,1,0,1,0,0.0,0.02041849026803985
923,frozen,44,1,5,1,0,-1.0,-1.0,1,0,1,0,0.0,0.02041849026803985
924,frozen,44,7,3,0,0,-1.0,-1.0,1,0,1,0,0.0,0.02041849026803985
925,frozen,44,1,3,0,0,-1.0,-1.0,1,0,1,0,0.0,0.02041849026803985
926,frozen,44,5,5,1,1,1.0,1.0,0,nan,nan,nan,0.0,0.02041849026803985
927,frozen,44,7,4,0,0,-1.0,-1.0,1,1,0,0,0.0,0.02041849026803985
928,frozen,44,5,5,1,1,1.0,1.0,0,nan,nan,nan,0.0,0.02041849026803985
929,frozen,44,8,4,0,0,-1.0,-1.0,1,1,0,0,0.0,0.02041849026803985
930,frozen,44,2,3,0,1,1.0,1.0,0,nan,nan,nan,0.0,0.02041849026803985
931,frozen,44,2,2,0,1,1.0,1.0,0,nan,nan,nan,0.0,0.02041849026803985
932,frozen,44,4,1,0,0,-1.0,-1.0,1,2,0,0,0.0,0.02041849026803985
933,frozen,44,7,5,1,0,-1.0,-1.0,1,0,1,0,0.0,0.02041849026803985
934,frozen,44,5,5,1,1,1.0,1.0,0,nan,nan,nan,0.0,0.02041849026803985
935,frozen,44,2,4,0,0,-1.0,-1.0,1,1,0,0,0.0,0.02041849026803985
936,frozen,44,8,3,0,0,-1.0,-1.0,1,0,1,0,0.0,0.02041849026803985
937,frozen,44,1,5,1,0,-1.0,-1.0,1,0,1,0,0.0,0.02041849026803985
938,frozen,44,2,5,1,0,-1.0,-1.0,1,0,1,0,0.0,0.02041849026803985
939,frozen,44,4,5,1,1,1.0,1.0,0,nan,nan,nan,0.0,0.02041849026803985
940,frozen,44,1,4,0,0,-1.0,-1.0,1,1,0,0,0.0,0.02041849026803985
941,frozen,44,7,5,1,0,-1.0,-1.0,1,0,1,0,0.0,0.02041849026803985
942,frozen,44,0,3,0,0,-1.0,-1.0,1,0,1,0,0.0,0.02041849026803985
943,frozen,44,6,5,1,1,1.0,1.0,0,nan,nan,nan,0.0,0.02041849026803985
944,frozen,44,0,6,1,0,-1.0,-1.0,1,1,0,0,0.0,0.02041849026803985
945,frozen,44,1,3,0,0,-1.0,-1.0,1,0,1,0,0.0,0.02041849026803985
946,frozen,44,1,3,0,0,-1.0,-1.0,1,0,1,0,0.0,0.02041849026803985
947,frozen,44,7,5,1,0,-1.0,-1.0,1,0,1,0,0.0,0.02041849026803985
948,frozen,44,3,3,0,1,1.0,1.0,0,nan,nan,nan,0.0,0.02041849026803985
949,frozen,44,3,4,1,1,1.0,1.0,0,nan,nan,nan,0.0,0.02041849026803985
950,frozen,44,2,5,1,0,-1.0,-1.0,1,2,0,0,0.0,0.02041849026803985
951,frozen,44,0,3,0,0,-1.0,-1.0,1,0,1,0,0.0,0.02041849026803985
952,frozen,44,7,5,1,0,-1.0,-1.0,1,0,1,0,0.0,0.02041849026803985
953,frozen,44,2,3,0,1,1.0,1.0,0,nan,nan,nan,0.0,0.02041849026803985
954,frozen,44,1,2,0,1,1.0,1.0,0,nan,nan,nan,0.0,0.02041849026803985
955,frozen,44,0,1,0,1,1.0,1.0,0,nan,nan,nan,0.0,0.02041849026803985
956,frozen,44,3,0,0,0,-1.0,-1.0,1,3,0,1,0.0,0.02041849026803985
957,frozen,44,1,3,0,0,-1.0,-1.0,1,0,1,0,0.0,0.02041849026803985
958,frozen,44,7,5,1,0,-1.0,-1.0,1,0,1,0,0.0,0.02041849026803985
959,frozen,44,0,3,0,0,-1.0,-1.0,1,0,1,0,0.0,0.02041849026803985
960,frozen,44,7,5,1,0,-1.0,-1.0,1,0,1,0,0.0,0.02041849026803985
961,frozen,44,3,5,1,0,-1.0,-1.0,1,0,1,0,0.0,0.02041849026803985
962,frozen,44,3,3,0,1,1.0,1.0,0,nan,nan,nan,0.0,0.02041849026803985
963,frozen,44,8,2,0,0,-1.0,-1.0,1,1,0,0,0.0,0.02041849026803985
964,frozen,44,6,5,1,1,1.0,1.0,0,nan,nan,nan,0.0,0.02041849026803985
965,frozen,44,5,6,1,1,1.0,1.0,0,nan,nan,nan,0.0,0.02041849026803985
966,frozen,44,2,5,0,0,-1.0,-1.0,1,2,0,0,0.0,0.02041849026803985
967,frozen,44,2,5,1,0,-1.0,-1.0,1,0,1,0,0.0,0.02041849026803985
968,frozen,44,8,3,0,0,-1.0,-1.0,1,0,1,0,0.0,0.02041849026803985
969,frozen,44,5,3,0,0,-1.0,-1.0,1,0,1,0,0.0,0.02041849026803985
970,frozen,44,8,3,0,0,-1.0,-1.0,1,0,1,0,0.0,0.02041849026803985
971,frozen,44,3,5,1,0,-1.0,-1.0,1,0,1,0,0.0,0.02041849026803985
972,frozen,44,4,5,1,1,1.0,1.0,0,nan,nan,nan,0.0,0.02041849026803985
973,frozen,44,8,6,1,0,-1.0,-1.0,1,1,0,0,0.0,0.02041849026803985
974,frozen,44,0,3,0,0,-1.0,-1.0,1,0,1,0,0.0,0.02041849026803985
975,frozen,44,0,3,0,0,-1.0,-1.0,1,0,1,0,0.0,0.02041849026803985
976,frozen,44,8,5,1,0,-1.0,-1.0,1,0,1,0,0.0,0.02041849026803985
977,frozen,44,3,5,1,0,-1.0,-1.0,1,0,1,0,0.0,0.02041849026803985
978,frozen,44,0,3,0,0,-1.0,-1.0,1,0,1,0,0.0,0.02041849026803985
979,frozen,44,8,5,1,0,-1.0,-1.0,1,0,1,0,0.0,0.02041849026803985
980,frozen,44,1,5,1,0,-1.0,-1.0,1,0,1,0,0.0,0.02041849026803985
981,frozen,44,0,3,0,0,-1.0,-1.0,1,0,1,0,0.0,0.02041849026803985
982,frozen,44,7,5,1,0,-1.0,-1.0,1,0,1,0,0.0,0.02041849026803985
983,frozen,44,8,5,1,0,-1.0,-1.0,1,0,1,0,0.0,0.02041849026803985
984,frozen,44,8,5,1,0,-1.0,-1.0,1,0,1,0,0.0,0.02041849026803985
985,frozen,44,6,5,1,1,1.0,1.0,0,nan,nan,nan,0.0,0.02041849026803985
986,frozen,44,7,6,1,1,1.0,1.0,0,nan,nan,nan,0.0,0.02041849026803985
987,frozen,44,5,5,0,1,1.0,1.0,0,nan,nan,nan,0.0,0.02041849026803985
988,frozen,44,2,4,0,0,-1.0,-1.0,1,3,0,1,0.0,0.02041849026803985
989,frozen,44,8,5,1,0,-1.0,-1.0,1,0,1,0,0.0,0.02041849026803985
990,frozen,44,8,5,1,0,-1.0,-1.0,1,0,1,0,0.0,0.02041849026803985
991,frozen,44,2,5,1,0,-1.0,-1.0,1,0,1,0,0.0,0.02041849026803985
992,frozen,44,6,3,0,0,-1.0,-1.0,1,0,1,0,0.0,0.02041849026803985
993,frozen,44,7,5,1,0,-1.0,-1.0,1,0,1,0,0.0,0.02041849026803985
994,frozen,44,2,3,0,1,1.0,1.0,0,nan,nan,nan,0.0,0.02041849026803985
995,frozen,44,2,2,0,1,1.0,1.0,0,nan,nan,nan,0.0,0.02041849026803985
996,frozen,44,1,3,1,0,-1.0,-1.0,1,2,0,0,0.0,0.02041849026803985
997,frozen,44,6,3,0,0,-1.0,-1.0,1,0,1,0,0.0,0.02041849026803985
998,frozen,44,1,5,1,0,-1.0,-1.0,1,0,1,0,0.0,0.02041849026803985
999,frozen,44,6,5,1,1,1.0,1.0,0,nan,nan,nan,0.0,0.02041849026803985
1000,frozen,44,0,6,1,0,-1.0,-1.0,1,1,0,0,0.0,0.02041849026803985
1001,frozen,44,2,5,1,0,-1.0,-1.0,1,0,1,0,0.0,0.02041849026803985
1002,frozen,44,7,5,1,0,-1.0,-1.0,1,0,1,0,0.0,0.02041849026803985
1003,frozen,44,2,3,0,1,1.0,1.0,0,nan,nan,nan,0.0,0.02041849026803985
1004,frozen,44,7,4,1,0,-1.0,-1.0,1,1,0,0,0.0,0.02041849026803985
1005,frozen,44,1,3,0,0,-1.0,-1.0,1,0,1,0,0.0,0.02041849026803985
1006,frozen,44,7,5,1,0,-1.0,-1.0,1,0,1,0,0.0,0.02041849026803985
1007,frozen,44,6,3,0,0,-1.0,-1.0,1,0,1,0,0.0,0.02041849026803985
1008,frozen,44,8,3,0,0,-1.0,-1.0,1,0,1,0,0.0,0.02041849026803985
1009,frozen,44,8,3,0,0,-1.0,-1.0,1,0,1,0,0.0,0.02041849026803985
1010,frozen,44,5,3,0,0,-1.0,-1.0,1,0,1,0,0.0,0.02041849026803985
1011,frozen,44,8,5,1,0,-1.0,-1.0,1,0,1,0,0.0,0.02041849026803985
1012,frozen,44,0,3,0,0,-1.0,-1.0,1,0,1,0,0.0,0.02041849026803985
1013,frozen,44,8,5,1,0,-1.0,-1.0,1,0,1,0,0.0,0.02041849026803985
1014,frozen,44,2,3,0,1,1.0,1.0,0,nan,nan,nan,0.0,0.02041849026803985
1015,frozen,44,1,4,1,0,-1.0,-1.0,1,1,0,0,0.0,0.02041849026803985
1016,frozen,44,1,5,1,0,-1.0,-1.0,1,0,1,0,0.0,0.02041849026803985
1017,frozen,44,5,3,0,0,-1.0,-1.0,1,0,1,0,0.0,0.02041849026803985
1018,frozen,44,5,3,0,0,-1.0,-1.0,1,0,1,0,0.0,0.02041849026803985
1019,frozen,44,3,5,1,0,-1.0,-1.0,1,0,1,0,0.0,0.02041849026803985
1020,frozen,44,4,5,1,1,1.0,1.0,0,nan,nan,nan,0.0,0.02041849026803985
1021,frozen,44,3,6,1,0,-1.0,-1.0,1,1,0,0,0.0,0.02041849026803985
1022,frozen,44,8,3,0,0,-1.0,-1.0,1,0,1,0,0.0,0.02041849026803985
1023,frozen,44,2,5,1,0,-1.0,-1.0,1,0,1,0,0.0,0.02041849026803985
1024,frozen,44,3,5,1,0,-1.0,-1.0,1,0,1,0,0.0,0.02041849026803985
1025,frozen,44,0,3,0,0,-1.0,-1.0,1,0,1,0,0.0,0.02041849026803985
1026,frozen,44,0,3,0,0,-1.0,-1.0,1,0,1,0,0.0,0.02041849026803985
1027,frozen,44,5,5,1,1,1.0,1.0,0,nan,nan,nan,0.0,0.02041849026803985
1028,frozen,44,0,6,1,0,-1.0,-1.0,1,1,0,0,0.0,0.02041849026803985
1029,frozen,44,4,5,1,1,1.0,1.0,0,nan,nan,nan,0.0,0.02041849026803985
1030,frozen,44,7,6,1,1,1.0,1.0,0,nan,nan,nan,0.0,0.02041849026803985
1031,frozen,44,6,7,1,1,1.0,1.0,0,nan,nan,nan,0.0,0.02041849026803985
1032,frozen,44,5,6,0,1,1.0,1.0,0,nan,nan,nan,0.0,0.02041849026803985
1033,frozen,44,5,7,1,0,-1.0,-1.0,1,4,0,1,0.0,0.02041849026803985
1034,frozen,44,1,5,1,0,-1.0,-1.0,1,0,1,0,0.0,0.02041849026803985
1035,frozen,44,6,5,1,1,1.0,1.0,0,nan,nan,nan,0.0,0.02041849026803985
1036,frozen,44,8,6,1,0,-1.0,-1.0,1,1,0,0,0.0,0.02041849026803985
1037,frozen,44,3,3,0,1,1.0,1.0,0,nan,nan,nan,0.0,0.02041849026803985
1038,frozen,44,5,2,0,0,-1.0,-1.0,1,1,0,0,0.0,0.02041849026803985
1039,frozen,44,2,5,1,0,-1.0,-1.0,1,0,1,0,0.0,0.02041849026803985
1040,frozen,44,5,5,1,1,1.0,1.0,0,nan,nan,nan,0.0,0.02041849026803985
1041,frozen,44,6,4,0,0,-1.0,-1.0,1,1,0,0,0.0,0.02041849026803985
1042,frozen,44,8,5,1,0,-1.0,-1.0,1,0,1,0,0.0,0.02041849026803985
1043,frozen,44,3,5,1,0,-1.0,-1.0,1,0,1,0,0.0,0.02041849026803985
1044,frozen,44,0,3,0,0,-1.0,-1.0,1,0,1,0,0.0,0.02041849026803985
1045,frozen,44,6,3,0,0,-1.0,-1.0,1,0,1,0,0.0,0.02041849026803985
1046,frozen,44,7,5,1,0,-1.0,-1.0,1,0,1,0,0.0,0.02041849026803985
1047,frozen,44,2,3,0,1,1.0,1.0,0,nan,nan,nan,0.0,0.02041849026803985
1048,frozen,44,8,2,0,0,-1.0,-1.0,1,1,0,0,0.0,0.02041849026803985
1049,frozen,44,4,3,0,1,1.0,1.0,0,nan,nan,nan,0.0,0.02041849026803985
1050,frozen,44,2,2,0,1,1.0,1.0,0,nan,nan,nan,0.0,0.02041849026803985
1051,frozen,44,6,1,0,0,-1.0,-1.0,1,2,0,0,0.0,0.02041849026803985
1052,frozen,44,4,5,1,1,1.0,1.0,0,nan,nan,nan,0.0,0.02041849026803985
1053,frozen,44,1,4,0,0,-1.0,-1.0,1,1,0,0,0.0,0.02041849026803985
1054,frozen,44,3,5,1,0,-1.0,-1.0,1,0,1,0,0.0,0.02041849026803985
1055,frozen,44,0,3,0,0,-1.0,-1.0,1,0,1,0,0.0,0.02041849026803985
1056,frozen,44,0,3,0,0,-1.0,-1.0,1,0,1,0,0.0,0.02041849026803985
1057,frozen,44,8,3,0,0,-1.0,-1.0,1,0,1,0,0.0,0.02041849026803985
1058,frozen,44,4,5,1,1,1.0,1.0,0,nan,nan,nan,0.0,0.02041849026803985
1059,frozen,44,8,6,1,0,-1.0,-1.0,1,1,0,0,0.0,0.02041849026803985
1060,frozen,44,8,3,0,0,-1.0,-1.0,1,0,1,0,0.0,0.02041849026803985
1061,frozen,44,7,5,1,0,-1.0,-1.0,1,0,1,0,0.0,0.02041849026803985
1062,frozen,44,1,5,1,0,-1.0,-1.0,1,0,1,0,0.0,0.02041849026803985
1063,frozen,44,6,3,0,0,-1.0,-1.0,1,0,1,0,0.0,0.02041849026803985
1064,frozen,44,1,3,0,0,-1.0,-1.0,1,0,1,0,0.0,0.02041849026803985
1065,frozen,44,1,3,0,0,-1.0,-1.0,1,0,1,0,0.0,0.02041849026803985
1066,frozen,44,4,5,1,1,1.0,1.0,0,nan,nan,nan,0.0,0.02041849026803985
1067,frozen,44,7,4,0,0,-1.0,-1.0,1,1,0,0,0.0,0.02041849026803985
1068,frozen,44,0,3,0,0,-1.0,-1.0,1,0,1,0,0.0,0.02041849026803985
1069,frozen,44,0,3,0,0,-1.0,-1.0,1,0,1,0,0.0,0.02041849026803985
1070,frozen,44,2,3,0,1,1.0,1.0,0,nan,nan,nan,0.0,0.02041849026803985
1071,frozen,44,3,4,1,1,1.0,1.0,0,nan,nan,nan,0.0,0.02041849026803985
1072,frozen,44,4,5,1,1,1.0,1.0,0,nan,nan,nan,0.0,0.02041849026803985
1073,frozen,44,8,6,1,0,-1.0,-1.0,1,3,0,1,0.0,0.02041849026803985
1074,frozen,44,6,5,1,1,1.0,1.0,0,nan,nan,nan,0.0,0.02041849026803985
1075,frozen,44,1,4,0,0,-1.0,-1.0,1,1,0,0,0.0,0.02041849026803985
1076,frozen,44,2,3,0,1,1.0,1.0,0,nan,nan,nan,0.0,0.02041849026803985
1077,frozen,44,7,4,1,0,-1.0,-1.0,1,1,0,0,0.0,0.02041849026803985
1078,frozen,44,1,3,0,0,-1.0,-1.0,1,0,1,0,0.0,0.02041849026803985
1079,frozen,44,8,3,0,0,-1.0,-1.0,1,0,1,0,0.0,0.02041849026803985
1080,frozen,44,0,3,0,0,-1.0,-1.0,1,0,1,0,0.0,0.02041849026803985
1081,frozen,44,6,3,0,0,-1.0,-1.0,1,0,1,0,0.0,0.02041849026803985
1082,frozen,44,7,5,1,0,-1.0,-1.0,1,0,1,0,0.0,0.02041849026803985
1083,frozen,44,0,3,0,0,-1.0,-1.0,1,0,1,0,0.0,0.02041849026803985
1084,frozen,44,6,3,0,0,-1.0,-1.0,1,0,1,0,0.0,0.02041849026803985
1085,frozen,44,3,3,0,1,1.0,1.0,0,nan,nan,nan,0.0,0.02041849026803985
1086,frozen,44,2,2,0,1,1.0,1.0,0,nan,nan,nan,0.0,0.02041849026803985
1087,frozen,44,5,3,1,0,-1.0,-1.0,1,2,0,0,0.0,0.02041849026803985
1088,frozen,44,3,5,1,0,-1.0,-1.0,1,0,1,0,0.0,0.02041849026803985
1089,frozen,44,1,3,0,0,-1.0,-1.0,1,0,1,0,0.0,0.02041849026803985
1090,frozen,44,3,5,1,0,-1.0,-1.0,1,0,1,0,0.0,0.02041849026803985
1091,frozen,44,7,5,1,0,-1.0,-1.0,1,0,1,0,0.0,0.02041849026803985
1092,frozen,44,7,5,1,0,-1.0,-1.0,1,0,1,0,0.0,0.02041849026803985
1093,frozen,44,1,3,0,0,-1.0,-1.0,1,0,1,0,0.0,0.02041849026803985
1094,frozen,44,3,5,1,0,-1.0,-1.0,1,0,1,0,0.0,0.02041849026803985
1095,frozen,44,2,3,0,1,1.0,1.0,0,nan,nan,nan,0.0,0.02041849026803985
1096,frozen,44,1,2,0,1,1.0,1.0,0,nan,nan,nan,0.0,0.02041849026803985
1097,frozen,44,2,3,1,1,1.0,1.0,0,nan,nan,nan,0.0,0.02041849026803985
1098,frozen,44,8,2,0,0,-1.0,-1.0,1,3,0,1,0.0,0.02041849026803985
1099,frozen,44,8,3,0,0,-1.0,-1.0,1,0,1,0,0.0,0.02041849026803985
1100,frozen,44,4,5,1,1,1.0,1.0,0,nan,nan,nan,0.0,0.02041849026803985
1101,frozen,44,8,6,1,0,-1.0,-1.0,1,1,0,0,0.0,0.02041849026803985
1102,frozen,44,4,5,1,1,1.0,1.0,0,nan,nan,nan,0.0,0.02041849026803985
1103,frozen,44,1,4,0,0,-1.0,-1.0,1,1,0,0,0.0,0.02041849026803985
1104,frozen,44,6,3,0,0,-1.0,-1.0,1,0,1,0,0.0,0.02041849026803985
1105,frozen,44,7,5,1,0,-1.0,-1.0,1,0,1,0,0.0,0.02041849026803985
1106,frozen,44,4,5,1,1,1.0,1.0,0,nan,nan,nan,0.0,0.02041849026803985
1107,frozen,44,1,4,0,0,-1.0,-1.0,1,1,0,0,0.0,0.02041849026803985
1108,frozen,44,6,5,1,1,1.0,1.0,0,nan,nan,nan,0.0,0.02041849026803985
1109,frozen,44,3,4,0,1,1.0,1.0,0,nan,nan,nan,0.0,0.02041849026803985
1110,frozen,44,1,3,0,0,-1.0,-1.0,1,2,0,0,0.0,0.02041849026803985
1111,frozen,44,7,5,1,0,-1.0,-1.0,1,0,1,0,0.0,0.02041849026803985
1112,frozen,44,2,5,1,0,-1.0,-1.0,1,0,1,0,0.0,0.02041849026803985
1113,frozen,44,1,3,0,0,-1.0,-1.0,1,0,1,0,0.0,0.02041849026803985
1114,frozen,44,4,5,1,1,1.0,1.0,0,nan,nan,nan,0.0,0.02041849026803985
1115,frozen,44,2,6,1,0,-1.0,-1.0,1,1,0,0,0.0,0.02041849026803985
1116,frozen,44,5,5,1,1,1.0,1.0,0,nan,nan,nan,0.0,0.02041849026803985
1117,frozen,44,4,4,0,1,1.0,1.0,0,nan,nan,nan,0.0,0.02041849026803985
1118,frozen,44,6,5,1,1,1.0,1.0,0,nan,nan,nan,0.0,0.02041849026803985
1119,frozen,44,4,6,1,0,-1.0,-1.0,1,3,0,1,0.0,0.02041849026803985
1120,frozen,44,0,3,0,0,-1.0,-1.0,1,0,1,0,0.0,0.02041849026803985
1121,frozen,44,3,5,1,0,-1.0,-1.0,1,0,1,0,0.0,0.02041849026803985
1122,frozen,44,1,3,0,0,-1.0,-1.0,1,0,1,0,0.0,0.02041849026803985
1123,frozen,44,5,5,1,1,1.0,1.0,0,nan,nan,nan,0.0,0.02041849026803985
1124,frozen,44,8,6,1,0,-1.0,-1.0,1,1,0,0,0.0,0.02041849026803985
1125,frozen,44,4,5,1,1,1.0,1.0,0,nan,nan,nan,0.0,0.02041849026803985
1126,frozen,44,7,6,1,1,1.0,1.0,0,nan,nan,nan,0.0,0.02041849026803985
1127,frozen,44,0,7,1,0,-1.0,-1.0,1,2,0,0,0.0,0.02041849026803985
1128,frozen,44,1,3,0,0,-1.0,-1.0,1,0,1,0,0.0,0.02041849026803985
1129,frozen,44,3,5,1,0,-1.0,-1.0,1,0,1,0,0.0,0.02041849026803985
1130,frozen,44,2,3,0,1,1.0,1.0,0,nan,nan,nan,0.0,0.02041849026803985
1131,frozen,44,1,4,1,0,-1.0,-1.0,1,1,0,0,0.0,0.02041849026803985
1132,frozen,44,1,3,0,0,-1.0,-1.0,1,0,1,0,0.0,0.02041849026803985
1133,frozen,44,7,5,1,0,-1.0,-1.0,1,0,1,0,0.0,0.02041849026803985
1134,frozen,44,5,5,1,1,1.0,1.0,0,nan,nan,nan,0.0,0.02041849026803985
1135,frozen,44,2,4,0,0,-1.0,-1.0,1,1,0,0,0.0,0.02041849026803985
1136,frozen,44,2,5,1,0,-1.0,-1.0,1,0,1,0,0.0,0.02041849026803985
1137,frozen,44,8,5,1,0,-1.0,-1.0,1,0,1,0,0.0,0.02041849026803985
1138,frozen,44,5,5,1,1,1.0,1.0,0,nan,nan,nan,0.0,0.02041849026803985
1139,frozen,44,1,4,0,0,-1.0,-1.0,1,1,0,0,0.0,0.02041849026803985
1140,frozen,44,0,3,0,0,-1.0,-1.0,1,0,1,0,0.0,0.02041849026803985
1141,frozen,44,1,5,1,0,-1.0,-1.0,1,0,1,0,0.0,0.02041849026803985
1142,frozen,44,0,3,0,0,-1.0,-1.0,1,0,1,0,0.0,0.02041849026803985
1143,frozen,44,2,5,1,0,-1.0,-1.0,1,0,1,0,0.0,0.02041849026803985
1144,frozen,44,1,3,0,0,-1.0,-1.0,1,0,1,0,0.0,0.02041849026803985
1145,frozen,44,6,5,1,1,1.0,1.0,0,nan,nan,nan,0.0,0.02041849026803985
1146,frozen,44,4,6,1,0,-1.0,-1.0,1,1,0,0,0.0,0.02041849026803985
1147,frozen,44,8,5,1,0,-1.0,-1.0,1,0,1,0,0.0,0.02041849026803985
1148,frozen,44,5,3,0,0,-1.0,-1.0,1,0,1,0,0.0,0.02041849026803985
1149,frozen,44,2,3,0,1,1.0,1.0,0,nan,nan,nan,0.0,0.02041849026803985
1150,frozen,44,7,4,1,0,-1.0,-1.0,1,1,0,0,0.0,0.02041849026803985
1151,frozen,44,3,3,0,1,1.0,1.0,0,nan,nan,nan,0.0,0.02041849026803985
1152,frozen,44,3,4,1,1,1.0,1.0,0,nan,nan,nan,0.0,0.02041849026803985
1153,frozen,44,4,5,1,1,1.0,1.0,0,nan,nan,nan,0.0,0.02041849026803985
1154,frozen,44,3,6,1,0,-1.0,-1.0,1,3,0,1,0.0,0.02041849026803985
1155,frozen,44,6,5,1,1,1.0,1.0,0,nan,nan,nan,0.0,0.02041849026803985
1156,frozen,44,5,6,1,1,1.0,1.0,0,nan,nan,nan,0.0,0.02041849026803985
1157,frozen,44,1,5,0,0,-1.0,-1.0,1,2,0,0,0.0,0.02041849026803985
1158,frozen,44,8,5,1,0,-1.0,-1.0,1,0,1,0,0.0,0.02041849026803985
1159,frozen,44,7,5,1,0,-1.0,-1.0,1,0,1,0,0.0,0.02041849026803985
1160,frozen,44,0,5,1,0,-1.0,-1.0,1,0,1,0,0.0,0.02041849026803985
1161,frozen,44,6,3,0,0,-1.0,-1.0,1,0,1,0,0.0,0.02041849026803985
1162,frozen,44,2,3,0,1,1.0,1.0,0,nan,nan,nan,0.0,0.02041849026803985
1163,frozen,44,7,4,1,0,-1.0,-1.0,1,1,0,0,0.0,0.02041849026803985
1164,frozen,44,6,5,1,1,1.0,1.0,0,nan,nan,nan,0.0,0.02041849026803985
1165,frozen,44,2,4,0,0,-1.0,-1.0,1,1,0,0,0.0,0.02041849026803985
1166,frozen,44,8,3,0,0,-1.0,-1.0,1,0,1,0,0.0,0.02041849026803985
1167,frozen,44,8,5,1,0,-1.0,-1.0,1,0,1,0,0.0,0.02041849026803985
1168,frozen,44,7,5,1,0,-1.0,-1.0,1,0,1,0,0.0,0.02041849026803985
1169,frozen,44,7,5,1,0,-1.0,-1.0,1,0,1,0,0.0,0.02041849026803985
1170,frozen,44,3,3,0,1,1.0,1.0,0,nan,nan,nan,0.0,0.02041849026803985
1171,frozen,44,7,2,0,0,-1.0,-1.0,1,1,0,0,0.0,0.02041849026803985
1172,frozen,44,0,3,0,0,-1.0,-1.0,1,0,1,0,0.0,0.02041849026803985
1173,frozen,44,2,5,1,0,-1.0,-1.0,1,0,1,0,0.0,0.02041849026803985
1174,frozen,44,0,3,0,0,-1.0,-1.0,1,0,1,0,0.0,0.02041849026803985
1175,frozen,44,4,5,1,1,1.0,1.0,0,nan,nan,nan,0.0,0.02041849026803985
1176,frozen,44,1,6,1,0,-1.0,-1.0,1,1,0,0,0.0,0.02041849026803985
1177,frozen,44,2,3,0,1,1.0,1.0,0,nan,nan,nan,0.0,0.02041849026803985
1178,frozen,44,0,4,1,0,-1.0,-1.0,1,1,0,0,0.0,0.02041849026803985
1179,frozen,44,6,5,1,1,1.0,1.0,0,nan,nan,nan,0.0,0.02041849026803985
1180,frozen,44,0,6,1,0,-1.0,-1.0,1,1,0,0,0.0,0.02041849026803985
1181,frozen,44,2,3,0,1,1.0,1.0,0,nan,nan,nan,0.0,0.02041849026803985
1182,frozen,44,1,2,0,1,1.0,1.0,0,nan,nan,nan,0.0,0.02041849026803985
1183,frozen,44,7,1,0,0,-1.0,-1.0,1,2,0,0,0.0,0.02041849026803985
1184,frozen,44,3,5,1,0,-1.0,-1.0,1,0,1,0,0.0,0.02041849026803985
1185,frozen,44,3,5,1,0,-1.0,-1.0,1,0,1,0,0.0,0.02041849026803985
1186,frozen,44,4,5,1,1,1.0,1.0,0,nan,nan,nan,0.0,0.02041849026803985
1187,frozen,44,3,4,0,1,1.0,1.0,0,nan,nan,nan,0.0,0.02041849026803985
1188,frozen,44,7,5,1,0,-1.0,-1.0,1,2,0,0,0.0,0.02041849026803985
1189,frozen,44,6,5,1,1,1.0,1.0,0,nan,nan,nan,0.0,0.02041849026803985
1190,frozen,44,4,6,1,0,-1.0,-1.0,1,1,0,0,0.0,0.02041849026803985
1191,frozen,44,5,5,1,1,1.0,1.0,0,nan,nan,nan,0.0,0.02041849026803985
1192,frozen,44,6,6,1,1,1.0,1.0,0,nan,nan,nan,0.0,0.02041849026803985
1193,frozen,44,6,7,1,1,1.0,1.0,0,nan,nan,nan,0.0,0.02041849026803985
1194,frozen,44,7,8,1,1,1.0,1.0,0,nan,nan,nan,0.0,0.02041849026803985
1195,frozen,44,2,8,1,0,-1.0,-1.0,1,4,0,1,0.0,0.02041849026803985
1196,frozen,44,2,3,0,1,1.0,1.0,0,nan,nan,nan,0.0,0.02041849026803985
1197,frozen,44,1,2,0,1,1.0,1.0,0,nan,nan,nan,0.0,0.02041849026803985
1198,frozen,44,6,1,0,0,-1.0,-1.0,1,2,0,0,0.0,0.02041849026803985
1199,frozen,44,5,5,1,1,1.0,1.0,0,nan,nan,nan,0.0,0.02041849026803985
1200,frozen,44,6,6,1,1,1.0,1.0,0,nan,nan,nan,0.0,0.02041849026803985
1201,frozen,44,7,5,0,0,-1.0,-1.0,1,2,0,0,0.0,0.02041849026803985
1202,frozen,44,0,3,0,0,-1.0,-1.0,1,0,1,0,0.0,0.02041849026803985
1203,frozen,44,7,5,1,0,-1.0,-1.0,1,0,1,0,0.0,0.02041849026803985
1204,frozen,44,7,5,1,0,-1.0,-1.0,1,0,1,0,0.0,0.02041849026803985
1205,frozen,44,8,5,1,0,-1.0,-1.0,1,0,1,0,0.0,0.02041849026803985
1206,frozen,44,3,3,0,1,1.0,1.0,0,nan,nan,nan,0.0,0.02041849026803985
1207,frozen,44,0,2,0,0,-1.0,-1.0,1,1,0,0,0.0,0.02041849026803985
1208,frozen,44,1,5,1,0,-1.0,-1.0,1,0,1,0,0.0,0.02041849026803985
1209,frozen,44,1,5,1,0,-1.0,-1.0,1,0,1,0,0.0,0.02041849026803985
1210,frozen,44,1,3,0,0,-1.0,-1.0,1,0,1,0,0.0,0.02041849026803985
1211,frozen,44,0,3,0,0,-1.0,-1.0,1,0,1,0,0.0,0.02041849026803985
1212,frozen,44,8,5,1,0,-1.0,-1.0,1,0,1,0,0.0,0.02041849026803985
1213,frozen,44,4,5,1,1,1.0,1.0,0,nan,nan,nan,0.0,0.02041849026803985
1214,frozen,44,2,6,1,0,-1.0,-1.0,1,1,0,0,0.0,0.02041849026803985
1215,frozen,44,0,3,0,0,-1.0,-1.0,1,0,1,0,0.0,0.02041849026803985
1216,frozen,44,6,5,1,1,1.0,1.0,0,nan,nan,nan,0.0,0.02041849026803985
1217,frozen,44,5,6,1,1,1.0,1.0,0,nan,nan,nan,0.0,0.02041849026803985
1218,frozen,44,7,7,1,1,1.0,1.0,0,nan,nan,nan,0.0,0.02041849026803985
1219,frozen,44,8,6,0,0,-1.0,-1.0,1,3,0,1,0.0,0.02041849026803985
1220,frozen,44,8,3,0,0,-1.0,-1.0,1,0,1,0,0.0,0.02041849026803985
1221,frozen,44,7,5,1,0,-1.0,-1.0,1,0,1,0,0.0,0.02041849026803985
1222,frozen,44,5,5,1,1,1.0,1.0,0,nan,nan,nan,0.0,0.02041849026803985
1223,frozen,44,8,6,1,0,-1.0,-1.0,1,1,0,0,0.0,0.02041849026803985
1224,frozen,44,1,3,0,0,-1.0,-1.0,1,0,1,0,0.0,0.02041849026803985
1225,frozen,44,7,5,1,0,-1.0,-1.0,1,0,1,0,0.0,0.02041849026803985
1226,frozen,44,0,3,0,0,-1.0,-1.0,1,0,1,0,0.0,0.02041849026803985
1227,frozen,44,6,5,1,1,1.0,1.0,0,nan,nan,nan,0.0,0.02041849026803985
1228,frozen,44,0,4,0,0,-1.0,-1.0,1,1,0,0,0.0,0.02041849026803985
1229,frozen,44,3,5,1,0,-1.0,-1.0,1,0,1,0,0.0,0.02041849026803985
1230,frozen,44,6,5,1,1,1.0,1.0,0,nan,nan,nan,0.0,0.02041849026803985
1231,frozen,44,2,6,1,0,-1.0,-1.0,1,1,0,0,0.0,0.02041849026803985
1232,frozen,44,7,5,1,0,-1.0,-1.0,1,0,1,0,0.0,0.02041849026803985
1233,frozen,44,1,3,0,0,-1.0,-1.0,1,0,1,0,0.0,0.02041849026803985
1234,frozen,44,7,5,1,0,-1.0,-1.0,1,0,1,0,0.0,0.02041849026803985
1235,frozen,44,5,3,0,0,-1.0,-1.0,1,0,1,0,0.0,0.02041849026803985
1236,frozen,44,1,3,0,0,-1.0,-1.0,1,0,1,0,0.0,0.02041849026803985
1237,frozen,44,3,5,1,0,-1.0,-1.0,1,0,1,0,0.0,0.02041849026803985
1238,frozen,44,3,3,0,1,1.0,1.0,0,nan,nan,nan,0.0,0.02041849026803985
1239,frozen,44,0,4,1,0,-1.0,-1.0,1,1,0,0,0.0,0.02041849026803985
1240,frozen,44,0,3,0,0,-1.0,-1.0,1,0,1,0,0.0,0.02041849026803985
1241,frozen,44,1,5,1,0,-1.0,-1.0,1,0,1,0,0.0,0.02041849026803985
1242,frozen,44,2,5,1,0,-1.0,-1.0,1,0,1,0,0.0,0.02041849026803985
1243,frozen,44,7,5,1,0,-1.0,-1.0,1,0,1,0,0.0,0.02041849026803985
1244,frozen,44,3,5,1,0,-1.0,-1.0,1,0,1,0,0.0,0.02041849026803985
1245,frozen,44,3,5,1,0,-1.0,-1.0,1,0,1,0,0.0,0.02041849026803985
1246,frozen,44,3,3,0,1,1.0,1.0,0,nan,nan,nan,0.0,0.02041849026803985
1247,frozen,44,7,2,0,0,-1.0,-1.0,1,1,0,0,0.0,0.02041849026803985
1248,frozen,44,7,3,0,0,-1.0,-1.0,1,0,1,0,0.0,0.02041849026803985
1249,frozen,44,0,3,0,0,-1.0,-1.0,1,0,1,0,0.0,0.02041849026803985
1250,frozen,44,8,5,1,0,-1.0,-1.0,1,0,1,0,0.0,0.02041849026803985
1251,frozen,44,5,5,1,1,1.0,1.0,0,nan,nan,nan,0.0,0.02041849026803985
1252,frozen,44,3,4,0,1,1.0,1.0,0,nan,nan,nan,0.0,0.02041849026803985
1253,frozen,44,6,3,0,0,-1.0,-1.0,1,2,0,0,0.0,0.02041849026803985
1254,frozen,44,3,3,0,1,1.0,1.0,0,nan,nan,nan,0.0,0.02041849026803985
1255,frozen,44,5,4,1,1,1.0,1.0,0,nan,nan,nan,0.0,0.02041849026803985
1256,frozen,44,7,3,0,0,-1.0,-1.0,1,2,0,0,0.0,0.02041849026803985
1257,frozen,44,5,5,1,1,1.0,1.0,0,nan,nan,nan,0.0,0.02041849026803985
1258,frozen,44,0,6,1,0,-1.0,-1.0,1,1,0,0,0.0,0.02041849026803985
1259,frozen,44,4,5,1,1,1.0,1.0,0,nan,nan,nan,0.0,0.02041849026803985
1260,frozen,44,7,6,1,1,1.0,1.0,0,nan,nan,nan,0.0,0.02041849026803985
1261,frozen,44,4,7,1,0,-1.0,-1.0,1,2,0,0,0.0,0.02041849026803985
1262,frozen,44,0,3,0,0,-1.0,-1.0,1,0,1,0,0.0,0.02041849026803985
1263,frozen,44,8,3,0,0,-1.0,-1.0,1,0,1,0,0.0,0.02041849026803985
1264,frozen,44,2,5,1,0,-1.0,-1.0,1,0,1,0,0.0,0.02041849026803985
1265,frozen,44,8,3,0,0,-1.0,-1.0,1,0,1,0,0.0,0.02041849026803985
1266,frozen,44,7,5,1,0,-1.0,-1.0,1,0,1,0,0.0,0.02041849026803985
1267,frozen,44,1,3,0,0,-1.0,-1.0,1,0,1,0,0.0,0.02041849026803985
1268,frozen,44,1,5,1,0,-1.0,-1.0,1,0,1,0,0.0,0.02041849026803985
1269,frozen,44,0,3,0,0,-1.0,-1.0,1,0,1,0,0.0,0.02041849026803985
1270,frozen,44,3,5,1,0,-1.0,-1.0,1,0,1,0,0.0,0.02041849026803985
1271,frozen,44,2,3,0,1,1.0,1.0,0,nan,nan,nan,0.0,0.02041849026803985
1272,frozen,44,3,4,1,1,1.0,1.0,0,nan,nan,nan,0.0,0.02041849026803985
1273,frozen,44,2,3,0,1,1.0,1.0,0,nan,nan,nan,0.0,0.02041849026803985
1274,frozen,44,1,2,0,1,1.0,1.0,0,nan,nan,nan,0.0,0.02041849026803985
1275,frozen,44,7,1,0,0,-1.0,-1.0,1,4,0,1,0.0,0.02041849026803985
1276,frozen,44,3,3,0,1,1.0,1.0,0,nan,nan,nan,0.0,0.02041849026803985
1277,frozen,44,7,2,0,0,-1.0,-1.0,1,1,0,0,0.0,0.02041849026803985
1278,frozen,44,5,3,0,0,-1.0,-1.0,1,0,1,0,0.0,0.02041849026803985
1279,frozen,44,3,3,0,1,1.0,1.0,0,nan,nan,nan,0.0,0.02041849026803985
1280,frozen,44,6,4,1,0,-1.0,-1.0,1,1,0,0,0.0,0.02041849026803985
1281,frozen,44,7,5,1,0,-1.0,-1.0,1,0,1,0,0.0,0.02041849026803985
1282,frozen,44,0,3,0,0,-1.0,-1.0,1,0,1,0,0.0,0.02041849026803985
1283,frozen,44,0,3,0,0,-1.0,-1.0,1,0,1,0,0.0,0.02041849026803985
1284,frozen,44,2,5,1,0,-1.0,-1.0,1,0,1,0,0.0,0.02041849026803985
1285,frozen,44,4,5,1,1,1.0,1.0,0,nan,nan,nan,0.0,0.02041849026803985
1286,frozen,44,6,4,0,0,-1.0,-1.0,1,1,0,0,0.0,0.02041849026803985
1287,frozen,44,6,5,1,1,1.0,1.0,0,nan,nan,nan,0.0,0.02041849026803985
1288,frozen,44,2,6,1,0,-1.0,-1.0,1,1,0,0,0.0,0.02041849026803985
1289,frozen,44,5,3,0,0,-1.0,-1.0,1,0,1,0,0.0,0.02041849026803985
1290,frozen,44,7,3,0,0,-1.0,-1.0,1,0,1,0,0.0,0.02041849026803985
1291,frozen,44,8,5,1,0,-1.0,-1.0,1,0,1,0,0.0,0.02041849026803985
1292,frozen,44,3,5,1,0,-1.0,-1.0,1,0,1,0,0.0,0.02041849026803985
1293,frozen,44,1,5,1,0,-1.0,-1.0,1,0,1,0,0.0,0.02041849026803985
1294,frozen,44,6,3,0,0,-1.0,-1.0,1,0,1,0,0.0,0.02041849026803985
1295,frozen,44,3,5,1,0,-1.0,-1.0,1,0,1,0,0.0,0.02041849026803985
1296,frozen,44,1,3,0,0,-1.0,-1.0,1,0,1,0,0.0,0.02041849026803985
1297,frozen,44,6,3,0,0,-1.0,-1.0,1,0,1,0,0.0,0.02041849026803985
1298,frozen,44,8,3,0,0,-1.0,-1.0,1,0,1,0,0.0,0.02041849026803985
1299,frozen,44,1,5,1,0,-1.0,-1.0,1,0,1,0,0.0,0.02041849026803985
1300,frozen,44,4,5,1,1,1.0,1.0,0,nan,nan,nan,0.0,0.02041849026803985
1301,frozen,44,8,6,1,0,-1.0,-1.0,1,1,0,0,0.0,0.02041849026803985
1302,frozen,44,7,5,1,0,-1.0,-1.0,1,0,1,0,0.0,0.02041849026803985
1303,frozen,44,1,3,0,0,-1.0,-1.0,1,0,1,0,0.0,0.02041849026803985
1304,frozen,44,1,3,0,0,-1.0,-1.0,1,0,1,0,0.0,0.02041849026803985
1305,frozen,44,5,5,1,1,1.0,1.0,0,nan,nan,nan,0.0,0.02041849026803985
1306,frozen,44,6,4,0,0,-1.0,-1.0,1,1,0,0,0.0,0.02041849026803985
1307,frozen,44,4,3,0,1,1.0,1.0,0,nan,nan,nan,0.0,0.02041849026803985
1308,frozen,44,3,4,1,1,1.0,1.0,0,nan,nan,nan,0.0,0.02041849026803985
1309,frozen,44,8,5,1,0,-1.0,-1.0,1,2,0,0,0.0,0.02041849026803985
1310,frozen,44,3,5,1,0,-1.0,-1.0,1,0,1,0,0.0,0.02041849026803985
1311,frozen,44,5,5,1,1,1.0,1.0,0,nan,nan,nan,0.0,0.02041849026803985
1312,frozen,44,6,4,0,0,-1.0,-1.0,1,1,0,0,0.0,0.02041849026803985
1313,frozen,44,4,5,1,1,1.0,1.0,0,nan,nan,nan,0.0,0.02041849026803985
1314,frozen,44,4,6,1,0,-1.0,-1.0,1,1,0,0,0.0,0.02041849026803985
1315,frozen,44,4,5,1,1,1.0,1.0,0,nan,nan,nan,0.0,0.02041849026803985
1316,frozen,44,8,6,1,0,-1.0,-1.0,1,1,0,0,0.0,0.02041849026803985
1317,frozen,44,8,3,0,0,-1.0,-1.0,1,0,1,0,0.0,0.02041849026803985
1318,frozen,44,0,3,0,0,-1.0,-1.0,1,0,1,0,0.0,0.02041849026803985
1319,frozen,44,5,3,0,0,-1.0,-1.0,1,0,1,0,0.0,0.02041849026803985
1320,frozen,44,0,3,0,0,-1.0,-1.0,1,0,1,0,0.0,0.02041849026803985
1321,frozen,44,6,3,0,0,-1.0,-1.0,1,0,1,0,0.0,0.02041849026803985
1322,frozen,44,1,3,0,0,-1.0,-1.0,1,0,1,0,0.0,0.02041849026803985
1323,frozen,44,4,5,1,1,1.0,1.0,0,nan,nan,nan,0.0,0.02041849026803985
1324,frozen,44,6,6,1,1,1.0,1.0,0,nan,nan,nan,0.0,0.02041849026803985
1325,frozen,44,0,7,1,0,-1.0,-1.0,1,2,0,0,0.0,0.02041849026803985
1326,frozen,44,4,3,0,1,1.0,1.0,0,nan,nan,nan,0.0,0.02041849026803985
1327,frozen,44,6,4,1,0,-1.0,-1.0,1,1,0,0,0.0,0.02041849026803985
1328,frozen,44,6,3,0,0,-1.0,-1.0,1,0,1,0,0.0,0.02041849026803985
1329,frozen,44,2,5,1,0,-1.0,-1.0,1,0,1,0,0.0,0.02041849026803985
1330,frozen,44,8,5,1,0,-1.0,-1.0,1,0,1,0,0.0,0.02041849026803985
1331,frozen,44,2,5,1,0,-1.0,-1.0,1,0,1,0,0.0,0.02041849026803985
1332,frozen,44,4,5,1,1,1.0,1.0,0,nan,nan,nan,0.0,0.02041849026803985
1333,frozen,44,3,4,0,1,1.0,1.0,0,nan,nan,nan,0.0,0.02041849026803985
1334,frozen,44,6,5,1,1,1.0,1.0,0,nan,nan,nan,0.0,0.02041849026803985
1335,frozen,44,2,6,1,0,-1.0,-1.0,1,3,0,1,0.0,0.02041849026803985
1336,frozen,44,1,3,0,0,-1.0,-1.0,1,0,1,0,0.0,0.02041849026803985
1337,frozen,44,3,5,1,0,-1.0,-1.0,1,0,1,0,0.0,0.02041849026803985
1338,frozen,44,7,5,1,0,-1.0,-1.0,1,0,1,0,0.0,0.02041849026803985
1339,frozen,44,8,3,0,0,-1.0,-1.0,1,0,1,0,0.0,0.02041849026803985
1340,frozen,44,1,5,1,0,-1.0,-1.0,1,0,1,0,0.0,0.02041849026803985
1341,frozen,44,2,5,1,0,-1.0,-1.0,1,0,1,0,0.0,0.02041849026803985
1342,frozen,44,8,5,1,0,-1.0,-1.0,1,0,1,0,0.0,0.02041849026803985
1343,frozen,44,6,3,0,0,-1.0,-1.0,1,0,1,0,0.0,0.02041849026803985
1344,frozen,44,8,5,1,0,-1.0,-1.0,1,0,1,0,0.0,0.02041849026803985
1345,frozen,44,6,3,0,0,-1.0,-1.0,1,0,1,0,0.0,0.02041849026803985
1346,frozen,44,6,3,0,0,-1.0,-1.0,1,0,1,0,0.0,0.02041849026803985
1347,frozen,44,0,3,0,0,-1.0,-1.0,1,0,1,0,0.0,0.02041849026803985
1348,frozen,44,2,3,0,1,1.0,1.0,0,nan,nan,nan,0.0,0.02041849026803985
1349,frozen,44,3,4,1,1,1.0,1.0,0,nan,nan,nan,0.0,0.02041849026803985
1350,frozen,44,8,5,1,0,-1.0,-1.0,1,2,0,0,0.0,0.02041849026803985
1351,frozen,44,7,5,1,0,-1.0,-1.0,1,0,1,0,0.0,0.02041849026803985
1352,frozen,44,6,5,1,1,1.0,1.0,0,nan,nan,nan,0.0,0.02041849026803985
1353,frozen,44,0,4,0,0,-1.0,-1.0,1,1,0,0,0.0,0.02041849026803985
1354,frozen,44,5,5,1,1,1.0,1.0,0,nan,nan,nan,0.0,0.02041849026803985
1355,frozen,44,4,4,0,1,1.0,1.0,0,nan,nan,nan,0.0,0.02041849026803985
1356,frozen,44,1,3,0,0,-1.0,-1.0,1,2,0,0,0.0,0.02041849026803985
1357,frozen,44,8,5,1,0,-1.0,-1.0,1,0,1,0,0.0,0.02041849026803985
1358,frozen,44,6,5,1,1,1.0,1.0,0,nan,nan,nan,0.0,0.02041849026803985
1359,frozen,44,7,6,1,1,1.0,1.0,0,nan,nan,nan,0.0,0.02041849026803985
1360,frozen,44,7,7,1,1,1.0,1.0,0,nan,nan,nan,0.0,0.02041849026803985
1361,frozen,44,6,8,1,0,-1.0,-1.0,1,3,0,1,0.0,0.02041849026803985
1362,frozen,44,5,5,1,1,1.0,1.0,0,nan,nan,nan,0.0,0.02041849026803985
1363,frozen,44,5,6,1,1,1.0,1.0,0,nan,nan,nan,0.0,0.02041849026803985
1364,frozen,44,2,5,0,0,-1.0,-1.0,1,2,0,0,0.0,0.02041849026803985
1365,frozen,44,6,5,1,1,1.0,1.0,0,nan,nan,nan,0.0,0.02041849026803985
1366,frozen,44,1,4,0,0,-1.0,-1.0,1,1,0,0,0.0,0.02041849026803985
1367,frozen,44,1,3,0,0,-1.0,-1.0,1,0,1,0,0.0,0.02041849026803985
1368,frozen,44,6,5,1,1,1.0,1.0,0,nan,nan,nan,0.0,0.02041849026803985
1369,frozen,44,5,6,1,1,1.0,1.0,0,nan,nan,nan,0.0,0.02041849026803985
1370,frozen,44,0,7,1,0,-1.0,-1.0,1,2,0,0,0.0,0.02041849026803985
1371,frozen,44,3,5,1,0,-1.0,-1.0,1,0,1,0,0.0,0.02041849026803985
1372,frozen,44,6,5,1,1,1.0,1.0,0,nan,nan,nan,0.0,0.02041849026803985
1373,frozen,44,6,6,1,1,1.0,1.0,0,nan,nan,nan,0.0,0.02041849026803985
1374,frozen,44,6,7,1,1,1.0,1.0,0,nan,nan,nan,0.0,0.02041849026803985
1375,frozen,44,7,8,1,1,1.0,1.0,0,nan,nan,nan,0.0,0.02041849026803985
1376,frozen,44,0,8,1,0,-1.0,-1.0,1,4,0,1,0.0,0.02041849026803985
1377,frozen,44,4,5,1,1,1.0,1.0,0,nan,nan,nan,0.0,0.02041849026803985
1378,frozen,44,4,6,1,0,-1.0,-1.0,1,1,0,0,0.0,0.02041849026803985
1379,frozen,44,7,5,1,0,-1.0,-1.0,1,0,1,0,0.0,0.02041849026803985
1380,frozen,44,4,5,1,1,1.0,1.0,0,nan,nan,nan,0.0,0.02041849026803985
1381,frozen,44,0,4,0,0,-1.0,-1.0,1,1,0,0,0.0,0.02041849026803985
1382,frozen,44,4,5,1,1,1.0,1.0,0,nan,nan,nan,0.0,0.02041849026803985
1383,frozen,44,7,4,0,0,-1.0,-1.0,1,1,0,0,0.0,0.02041849026803985
1384,frozen,44,1,3,0,0,-1.0,-1.0,1,0,1,0,0.0,0.02041849026803985
1385,frozen,44,8,3,0,0,-1.0,-1.0,1,0,1,0,0.0,0.02041849026803985
1386,frozen,44,1,5,1,0,-1.0,-1.0,1,0,1,0,0.0,0.02041849026803985
1387,frozen,44,1,3,0,0,-1.0,-1.0,1,0,1,0,0.0,0.02041849026803985
1388,frozen,44,5,3,0,0,-1.0,-1.0,1,0,1,0,0.0,0.02041849026803985
1389,frozen,44,2,3,0,1,1.0,1.0,0,nan,nan,nan,0.0,0.02041849026803985
1390,frozen,44,6,4,1,0,-1.0,-1.0,1,1,0,0,0.0,0.02041849026803985
1391,frozen,44,1,3,0,0,-1.0,-1.0,1,0,1,0,0.0,0.02041849026803985
1392,frozen,44,3,3,0,1,1.0,1.0,0,nan,nan,nan,0.0,0.02041849026803985
1393,frozen,44,8,2,0,0,-1.0,-1.0,1,1,0,0,0.0,0.02041849026803985
1394,frozen,44,0,3,0,0,-1.0,-1.0,1,0,1,0,0.0,0.02041849026803985
1395,frozen,44,8,5,1,0,-1.0,-1.0,1,0,1,0,0.0,0.02041849026803985
1396,frozen,44,7,5,1,0,-1.0,-1.0,1,0,1,0,0.0,0.02041849026803985
1397,frozen,44,7,5,1,0,-1.0,-1.0,1,0,1,0,0.0,0.02041849026803985
1398,frozen,44,1,3,0,0,-1.0,-1.0,1,0,1,0,0.0,0.02041849026803985
1399,frozen,44,1,3,0,0,-1.0,-1.0,1,0,1,0,0.0,0.02041849026803985
1400,frozen,44,1,5,1,0,-1.0,-1.0,1,0,1,0,0.0,0.02041849026803985
1401,frozen,44,2,5,1,0,-1.0,-1.0,1,0,1,0,0.0,0.02041849026803985
1402,frozen,44,4,5,1,1,1.0,1.0,0,nan,nan,nan,0.0,0.02041849026803985
1403,frozen,44,2,6,1,0,-1.0,-1.0,1,1,0,0,0.0,0.02041849026803985
1404,frozen,44,8,3,0,0,-1.0,-1.0,1,0,1,0,0.0,0.02041849026803985
1405,frozen,44,3,5,1,0,-1.0,-1.0,1,0,1,0,0.0,0.02041849026803985
1406,frozen,44,2,3,0,1,1.0,1.0,0,nan,nan,nan,0.0,0.02041849026803985
1407,frozen,44,2,2,0,1,1.0,1.0,0,nan,nan,nan,0.0,0.02041849026803985
1408,frozen,44,2,3,1,1,1.0,1.0,0,nan,nan,nan,0.0,0.02041849026803985
1409,frozen,44,8,2,0,0,-1.0,-1.0,1,3,0,1,0.0,0.02041849026803985
1410,frozen,44,4,5,1,1,1.0,1.0,0,nan,nan,nan,0.0,0.02041849026803985
1411,frozen,44,2,4,0,0,-1.0,-1.0,1,1,0,0,0.0,0.02041849026803985
1412,frozen,44,6,5,1,1,1.0,1.0,0,nan,nan,nan,0.0,0.02041849026803985
1413,frozen,44,4,6,1,0,-1.0,-1.0,1,1,0,0,0.0,0.02041849026803985
1414,frozen,44,7,5,1,0,-1.0,-1.0,1,0,1,0,0.0,0.02041849026803985
1415,frozen,44,7,5,1,0,-1.0,-1.0,1,0,1,0,0.0,0.02041849026803985
1416,frozen,44,0,3,0,0,-1.0,-1.0,1,0,1,0,0.0,0.02041849026803985
1417,frozen,44,2,5,1,0,-1.0,-1.0,1,0,1,0,0.0,0.02041849026803985
1418,frozen,44,6,3,0,0,-1.0,-1.0,1,0,1,0,0.0,0.02041849026803985
1419,frozen,44,8,5,1,0,-1.0,-1.0,1,0,1,0,0.0,0.02041849026803985
1420,frozen,44,8,5,1,0,-1.0,-1.0,1,0,1,0,0.0,0.02041849026803985
1421,frozen,44,8,5,1,0,-1.0,-1.0,1,0,1,0,0.0,0.02041849026803985
1422,frozen,44,6,3,0,0,-1.0,-1.0,1,0,1,0,0.0,0.02041849026803985
1423,frozen,44,0,3,0,0,-1.0,-1.0,1,0,1,0,0.0,0.02041849026803985
1424,frozen,44,2,5,1,0,-1.0,-1.0,1,0,1,0,0.0,0.02041849026803985
1425,frozen,44,5,3,0,0,-1.0,-1.0,1,0,1,0,0.0,0.02041849026803985
1426,frozen,44,1,3,0,0,-1.0,-1.0,1,0,1,0,0.0,0.02041849026803985
1427,frozen,44,0,3,0,0,-1.0,-1.0,1,0,1,0,0.0,0.02041849026803985
1428,frozen,44,1,5,1,0,-1.0,-1.0,1,0,1,0,0.0,0.02041849026803985
1429,frozen,44,8,5,1,0,-1.0,-1.0,1,0,1,0,0.0,0.02041849026803985
1430,frozen,44,1,3,0,0,-1.0,-1.0,1,0,1,0,0.0,0.02041849026803985
1431,frozen,44,2,5,1,0,-1.0,-1.0,1,0,1,0,0.0,0.02041849026803985
1432,frozen,44,2,5,1,0,-1.0,-1.0,1,0,1,0,0.0,0.02041849026803985
1433,frozen,44,0,3,0,0,-1.0,-1.0,1,0,1,0,0.0,0.02041849026803985
1434,frozen,44,8,5,1,0,-1.0,-1.0,1,0,1,0,0.0,0.02041849026803985
1435,frozen,44,7,5,1,0,-1.0,-1.0,1,0,1,0,0.0,0.02041849026803985
1436,frozen,44,0,3,0,0,-1.0,-1.0,1,0,1,0,0.0,0.02041849026803985
1437,frozen,44,7,5,1,0,-1.0,-1.0,1,0,1,0,0.0,0.02041849026803985
1438,frozen,44,6,3,0,0,-1.0,-1.0,1,0,1,0,0.0,0.02041849026803985
1439,frozen,44,0,3,0,0,-1.0,-1.0,1,0,1,0,0.0,0.02041849026803985
1440,frozen,44,1,3,0,0,-1.0,-1.0,1,0,1,0,0.0,0.02041849026803985
1441,frozen,44,4,5,1,1,1.0,1.0,0,nan,nan,nan,0.0,0.02041849026803985
1442,frozen,44,2,4,0,0,-1.0,-1.0,1,1,0,0,0.0,0.02041849026803985
1443,frozen,44,1,3,0,0,-1.0,-1.0,1,0,1,0,0.0,0.02041849026803985
1444,frozen,44,3,3,0,1,1.0,1.0,0,nan,nan,nan,0.0,0.02041849026803985
1445,frozen,44,3,4,1,1,1.0,1.0,0,nan,nan,nan,0.0,0.02041849026803985
1446,frozen,44,1,3,0,0,-1.0,-1.0,1,2,0,0,0.0,0.02041849026803985
1447,frozen,44,7,5,1,0,-1.0,-1.0,1,0,1,0,0.0,0.02041849026803985
1448,frozen,44,4,5,1,1,1.0,1.0,0,nan,nan,nan,0.0,0.02041849026803985
1449,frozen,44,1,4,0,0,-1.0,-1.0,1,1,0,0,0.0,0.02041849026803985
1450,frozen,44,8,5,1,0,-1.0,-1.0,1,0,1,0,0.0,0.02041849026803985
1451,frozen,44,6,3,0,0,-1.0,-1.0,1,0,1,0,0.0,0.02041849026803985
1452,frozen,44,8,3,0,0,-1.0,-1.0,1,0,1,0,0.0,0.02041849026803985
1453,frozen,44,5,3,0,0,-1.0,-1.0,1,0,1,0,0.0,0.02041849026803985
1454,frozen,44,5,5,1,1,1.0,1.0,0,nan,nan,nan,0.0,0.02041849026803985
1455,frozen,44,7,6,1,1,1.0,1.0,0,nan,nan,nan,0.0,0.02041849026803985
1456,frozen,44,6,7,1,1,1.0,1.0,0,nan,nan,nan,0.0,0.02041849026803985
1457,frozen,44,8,6,0,0,-1.0,-1.0,1,3,0,1,0.0,0.02041849026803985
1458,frozen,44,5,3,0,0,-1.0,-1.0,1,0,1,0,0.0,0.02041849026803985
1459,frozen,44,1,5,1,0,-1.0,-1.0,1,0,1,0,0.0,0.02041849026803985
1460,frozen,44,3,3,0,1,1.0,1.0,0,nan,nan,nan,0.0,0.02041849026803985
1461,frozen,44,1,2,0,1,1.0,1.0,0,nan,nan,nan,0.0,0.02041849026803985
1462,frozen,44,1,1,0,1,1.0,1.0,0,nan,nan,nan,0.0,0.02041849026803985
1463,frozen,44,4,2,1,0,-1.0,-1.0,1,3,0,1,0.0,0.02041849026803985
1464,frozen,44,8,3,0,0,-1.0,-1.0,1,0,1,0,0.0,0.02041849026803985
1465,frozen,44,8,3,0,0,-1.0,-1.0,1,0,1,0,0.0,0.02041849026803985
1466,frozen,44,0,3,0,0,-1.0,-1.0,1,0,1,0,0.0,0.02041849026803985
1467,frozen,44,7,5,1,0,-1.0,-1.0,1,0,1,0,0.0,0.02041849026803985
1468,frozen,44,3,3,0,1,1.0,1.0,0,nan,nan,nan,0.0,0.02041849026803985
1469,frozen,44,5,2,0,0,-1.0,-1.0,1,1,0,0,0.0,0.02041849026803985
1470,frozen,44,0,3,0,0,-1.0,-1.0,1,0,1,0,0.0,0.02041849026803985
1471,frozen,44,7,5,1,0,-1.0,-1.0,1,0,1,0,0.0,0.02041849026803985
1472,frozen,44,2,5,1,0,-1.0,-1.0,1,0,1,0,0.0,0.02041849026803985
1473,frozen,44,7,5,1,0,-1.0,-1.0,1,0,1,0,0.0,0.02041849026803985
1474,frozen,44,5,5,1,1,1.0,1.0,0,nan,nan,nan,0.0,0.02041849026803985
1475,frozen,44,3,4,0,1,1.0,1.0,0,nan,nan,nan,0.0,0.02041849026803985
1476,frozen,44,0,3,0,0,-1.0,-1.0,1,2,0,0,0.0,0.02041849026803985
1477,frozen,44,1,3,0,0,-1.0,-1.0,1,0,1,0,0.0,0.02041849026803985
1478,frozen,44,0,3,0,0,-1.0,-1.0,1,0,1,0,0.0,0.02041849026803985
1479,frozen,44,6,5,1,1,1.0,1.0,0,nan,nan,nan,0.0,0.02041849026803985
1480,frozen,44,1,4,0,0,-1.0,-1.0,1,1,0,0,0.0,0.02041849026803985
1481,frozen,44,1,3,0,0,-1.0,-1.0,1,0,1,0,0.0,0.02041849026803985
1482,frozen,44,8,3,0,0,-1.0,-1.0,1,0,1,0,0.0,0.02041849026803985
1483,frozen,44,8,5,1,0,-1.0,-1.0,1,0,1,0,0.0,0.02041849026803985
1484,frozen,44,0,3,0,0,-1.0,-1.0,1,0,1,0,0.0,0.02041849026803985
1485,frozen,44,5,3,0,0,-1.0,-1.0,1,0,1,0,0.0,0.02041849026803985
1486,frozen,44,1,5,1,0,-1.0,-1.0,1,0,1,0,0.0,0.02041849026803985
1487,frozen,44,4,5,1,1,1.0,1.0,0,nan,nan,nan,0.0,0.02041849026803985
1488,frozen,44,8,6,1,0,-1.0,-1.0,1,1,0,0,0.0,0.02041849026803985
1489,frozen,44,4,5,1,1,1.0,1.0,0,nan,nan,nan,0.0,0.02041849026803985
1490,frozen,44,7,6,1,1,1.0,1.0,0,nan,nan,nan,0.0,0.02041849026803985
1491,frozen,44,6,7,1,1,1.0,1.0,0,nan,nan,nan,0.0,0.02041849026803985
1492,frozen,44,4,8,1,0,-1.0,-1.0,1,3,0,1,0.0,0.02041849026803985
1493,frozen,44,1,3,0,0,-1.0,-1.0,1,0,1,0,0.0,0.02041849026803985
1494,frozen,44,3,3,0,1,1.0,1.0,0,nan,nan,nan,0.0,0.02041849026803985
1495,frozen,44,6,4,1,0,-1.0,-1.0,1,1,0,0,0.0,0.02041849026803985
1496,frozen,44,3,5,1,0,-1.0,-1.0,1,0,1,0,0.0,0.02041849026803985
1497,frozen,44,6,5,1,1,1.0,1.0,0,nan,nan,nan,0.0,0.02041849026803985
1498,frozen,44,0,4,0,0,-1.0,-1.0,1,1,0,0,0.0,0.02041849026803985
1499,frozen,44,6,5,1,1,1.0,1.0,0,nan,nan,nan,0.0,0.02041849026803985
1500,frozen,44,4,6,1,0,-1.0,-1.0,1,1,0,0,0.0,0.02041849026803985
1501,frozen,44,4,5,1,1,1.0,1.0,0,nan,nan,nan,0.0,0.02041849026803985
1502,frozen,44,2,6,1,0,-1.0,-1.0,1,1,0,0,0.0,0.02041849026803985
1503,frozen,44,0,3,0,0,-1.0,-1.0,1,0,1,0,0.0,0.02041849026803985
1504,frozen,44,0,3,0,0,-1.0,-1.0,1,0,1,0,0.0,0.02041849026803985
1505,frozen,44,7,5,1,0,-1.0,-1.0,1,0,1,0,0.0,0.02041849026803985
1506,frozen,44,1,3,0,0,-1.0,-1.0,1,0,1,0,0.0,0.02041849026803985
1507,frozen,44,1,3,0,0,-1.0,-1.0,1,0,1,0,0.0,0.02041849026803985
1508,frozen,44,7,5,1,0,-1.0,-1.0,1,0,1,0,0.0,0.02041849026803985
1509,frozen,44,6,5,1,1,1.0,1.0,0,nan,nan,nan,0.0,0.02041849026803985
1510,frozen,44,7,4,0,0,-1.0,-1.0,1,1,0,0,0.0,0.02041849026803985
1511,frozen,44,4,5,1,1,1.0,1.0,0,nan,nan,nan,0.0,0.02041849026803985
1512,frozen,44,3,6,1,0,-1.0,-1.0,1,1,0,0,0.0,0.02041849026803985
1513,frozen,44,8,5,1,0,-1.0,-1.0,1,0,1,0,0.0,0.02041849026803985
1514,frozen,44,6,5,1,1,1.0,1.0,0,nan,nan,nan,0.0,0.02041849026803985
1515,frozen,44,0,6,1,0,-1.0,-1.0,1,1,0,0,0.0,0.02041849026803985
1516,frozen,44,7,5,1,0,-1.0,-1.0,1,0,1,0,0.0,0.02041849026803985
1517,frozen,44,1,5,1,0,-1.0,-1.0,1,0,1,0,0.0,0.02041849026803985
1518,frozen,44,7,5,1,0,-1.0,-1.0,1,0,1,0,0.0,0.02041849026803985
1519,frozen,44,1,3,0,0,-1.0,-1.0,1,0,1,0,0.0,0.02041849026803985
1520,frozen,44,0,3,0,0,-1.0,-1.0,1,0,1,0,0.0,0.02041849026803985
1521,frozen,44,6,3,0,0,-1.0,-1.0,1,0,1,0,0.0,0.02041849026803985
1522,frozen,44,2,3,0,1,1.0,1.0,0,nan,nan,nan,0.0,0.02041849026803985
1523,frozen,44,5,4,1,1,1.0,1.0,0,nan,nan,nan,0.0,0.02041849026803985
1524,frozen,44,6,3,0,0,-1.0,-1.0,1,2,0,0,0.0,0.02041849026803985
1525,frozen,44,1,5,1,0,-1.0,-1.0,1,0,1,0,0.0,0.02041849026803985
1526,frozen,44,3,5,1,0,-1.0,-1.0,1,0,1,0,0.0,0.02041849026803985
1527,frozen,44,7,3,0,0,-1.0,-1.0,1,0,1,0,0.0,0.02041849026803985
1528,frozen,44,5,3,0,0,-1.0,-1.0,1,0,1,0,0.0,0.02041849026803985
1529,frozen,44,1,3,0,0,-1.0,-1.0,1,0,1,0,0.0,0.02041849026803985
1530,frozen,44,8,5,1,0,-1.0,-1.0,1,0,1,0,0.0,0.02041849026803985
1531,frozen,44,7,5,1,0,-1.0,-1.0,1,0,1,0,0.0,0.02041849026803985
1532,frozen,44,0,5,1,0,-1.0,-1.0,1,0,1,0,0.0,0.02041849026803985
1533,frozen,44,7,5,1,0,-1.0,-1.0,1,0,1,0,0.0,0.02041849026803985
1534,frozen,44,8,5,1,0,-1.0,-1.0,1,0,1,0,0.0,0.02041849026803985
1535,frozen,44,4,5,1,1,1.0,1.0,0,nan,nan,nan,0.0,0.02041849026803985
1536,frozen,44,4,4,0,1,1.0,1.0,0,nan,nan,nan,0.0,0.02041849026803985
1537,frozen,44,7,5,1,0,-1.0,-1.0,1,2,0,0,0.0,0.02041849026803985
1538,frozen,44,8,3,0,0,-1.0,-1.0,1,0,1,0,0.0,0.02041849026803985
1539,frozen,44,1,5,1,0,-1.0,-1.0,1,0,1,0,0.0,0.02041849026803985
1540,frozen,44,5,3,0,0,-1.0,-1.0,1,0,1,0,0.0,0.02041849026803985
1541,frozen,44,5,3,0,0,-1.0,-1.0,1,0,1,0,0.0,0.02041849026803985
1542,frozen,44,4,5,1,1,1.0,1.0,0,nan,nan,nan,0.0,0.02041849026803985
1543,frozen,44,8,6,1,0,-1.0,-1.0,1,1,0,0,0.0,0.02041849026803985
1544,frozen,44,6,3,0,0,-1.0,-1.0,1,0,1,0,0.0,0.02041849026803985
1545,frozen,44,6,5,1,1,1.0,1.0,0,nan,nan,nan,0.0,0.02041849026803985
1546,frozen,44,6,6,1,1,1.0,1.0,0,nan,nan,nan,0.0,0.02041849026803985
1547,frozen,44,6,7,1,1,1.0,1.0,0,nan,nan,nan,0.0,0.02041849026803985
1548,frozen,44,1,8,1,0,-1.0,-1.0,1,3,0,1,0.0,0.02041849026803985
1549,frozen,44,4,5,1,1,1.0,1.0,0,nan,nan,nan,0.0,0.02041849026803985
1550,frozen,44,7,4,0,0,-1.0,-1.0,1,1,0,0,0.0,0.02041849026803985
1551,frozen,44,7,3,0,0,-1.0,-1.0,1,0,1,0,0.0,0.02041849026803985
1552,frozen,44,3,3,0,1,1.0,1.0,0,nan,nan,nan,0.0,0.02041849026803985
1553,frozen,44,6,4,1,0,-1.0,-1.0,1,1,0,0,0.0,0.02041849026803985
1554,frozen,44,6,3,0,0,-1.0,-1.0,1,0,1,0,0.0,0.02041849026803985
1555,frozen,44,0,3,0,0,-1.0,-1.0,1,0,1,0,0.0,0.02041849026803985
1556,frozen,44,1,5,1,0,-1.0,-1.0,1,0,1,0,0.0,0.02041849026803985
1557,frozen,44,5,3,0,0,-1.0,-1.0,1,0,1,0,0.0,0.02041849026803985
1558,frozen,44,6,3,0,0,-1.0,-1.0,1,0,1,0,0.0,0.02041849026803985
1559,frozen,44,2,3,0,1,1.0,1.0,0,nan,nan,nan,0.0,0.02041849026803985
1560,frozen,44,4,4,1,1,1.0,1.0,0,nan,nan,nan,0.0,0.02041849026803985
1561,frozen,44,1,5,1,0,-1.0,-1.0,1,2,0,0,0.0,0.02041849026803985
1562,frozen,44,1,3,0,0,-1.0,-1.0,1,0,1,0,0.0,0.02041849026803985
1563,frozen,44,7,5,1,0,-1.0,-1.0,1,0,1,0,0.0,0.02041849026803985
1564,frozen,44,4,5,1,1,1.0,1.0,0,nan,nan,nan,0.0,0.02041849026803985
1565,frozen,44,3,4,0,1,1.0,1.0,0,nan,nan,nan,0.0,0.02041849026803985
1566,frozen,44,0,3,0,0,-1.0,-1.0,1,2,0,0,0.0,0.02041849026803985
1567,frozen,44,0,3,0,0,-1.0,-1.0,1,0,1,0,0.0,0.02041849026803985
1568,frozen,44,3,3,0,1,1.0,1.0,0,nan,nan,nan,0.0,0.02041849026803985
1569,frozen,44,4,2,0,0,-1.0,-1.0,1,1,0,0,0.0,0.02041849026803985
1570,frozen,44,5,5,1,1,1.0,1.0,0,nan,nan,nan,0.0,0.02041849026803985
1571,frozen,44,4,4,0,1,1.0,1.0,0,nan,nan,nan,0.0,0.02041849026803985
1572,frozen,44,2,5,1,0,-1.0,-1.0,1,2,0,0,0.0,0.02041849026803985
1573,frozen,44,6,5,1,1,1.0,1.0,0,nan,nan,nan,0.0,0.02041849026803985
1574,frozen,44,8,6,1,0,-1.0,-1.0,1,1,0,0,0.0,0.02041849026803985
1575,frozen,44,5,3,0,0,-1.0,-1.0,1,0,1,0,0.0,0.02041849026803985
1576,frozen,44,6,3,0,0,-1.0,-1.0,1,0,1,0,0.0,0.02041849026803985
1577,frozen,44,4,5,1,1,1.0,1.0,0,nan,nan,nan,0.0,0.02041849026803985
1578,frozen,44,0,6,1,0,-1.0,-1.0,1,1,0,0,0.0,0.02041849026803985
1579,frozen,44,6,5,1,1,1.0,1.0,0,nan,nan,nan,0.0,0.02041849026803985
1580,frozen,44,4,4,0,1,1.0,1.0,0,nan,nan,nan,0.0,0.02041849026803985
1581,frozen,44,5,5,1,1,1.0,1.0,0,nan,nan,nan,0.0,0.02041849026803985
1582,frozen,44,7,4,0,0,-1.0,-1.0,1,3,0,1,0.0,0.02041849026803985
1583,frozen,44,4,5,1,1,1.0,1.0,0,nan,nan,nan,0.0,0.02041849026803985
1584,frozen,44,0,6,1,0,-1.0,-1.0,1,1,0,0,0.0,0.02041849026803985
1585,frozen,44,6,5,1,1,1.0,1.0,0,nan,nan,nan,0.0,0.02041849026803985
1586,frozen,44,1,4,0,0,-1.0,-1.0,1,1,0,0,0.0,0.02041849026803985
1587,frozen,44,0,3,0,0,-1.0,-1.0,1,0,1,0,0.0,0.02041849026803985
1588,frozen,44,2,3,0,1,1.0,1.0,0,nan,nan,nan,0.0,0.02041849026803985
1589,frozen,44,4,4,1,1,1.0,1.0,0,nan,nan,nan,0.0,0.02041849026803985
1590,frozen,44,3,3,0,1,1.0,1.0,0,nan,nan,nan,0.0,0.02041849026803985
1591,frozen,44,2,2,0,1,1.0,1.0,0,nan,nan,nan,0.0,0.02041849026803985
1592,frozen,44,0,3,1,0,-1.0,-1.0,1,4,0,1,0.0,0.02041849026803985
1593,frozen,44,2,3,0,1,1.0,1.0,0,nan,nan,nan,0.0,0.02041849026803985
1594,frozen,44,3,4,1,1,1.0,1.0,0,nan,nan,nan,0.0,0.02041849026803985
1595,frozen,44,0,3,0,0,-1.0,-1.0,1,2,0,0,0.0,0.02041849026803985
1596,frozen,44,4,5,1,1,1.0,1.0,0,nan,nan,nan,0.0,0.02041849026803985
1597,frozen,44,7,4,0,0,-1.0,-1.0,1,1,0,0,0.0,0.02041849026803985
1598,frozen,44,2,5,1,0,-1.0,-1.0,1,0,1,0,0.0,0.02041849026803985
1599,frozen,44,7,5,1,0,-1.0,-1.0,1,0,1,0,0.0,0.02041849026803985
1600,frozen,44,2,3,0,1,1.0,1.0,0,nan,nan,nan,0.0,0.02041849026803985
1601,frozen,44,1,2,0,1,1.0,1.0,0,nan,nan,nan,0.0,0.02041849026803985
1602,frozen,44,1,3,1,0,-1.0,-1.0,1,2,0,0,0.0,0.02041849026803985
1603,frozen,44,6,5,1,1,1.0,1.0,0,nan,nan,nan,0.0,0.02041849026803985
1604,frozen,44,6,6,1,1,1.0,1.0,0,nan,nan,nan,0.0,0.02041849026803985
1605,frozen,44,0,5,0,0,-1.0,-1.0,1,2,0,0,0.0,0.02041849026803985
1606,frozen,44,6,5,1,1,1.0,1.0,0,nan,nan,nan,0.0,0.02041849026803985
1607,frozen,44,4,6,1,0,-1.0,-1.0,1,1,0,0,0.0,0.02041849026803985
1608,frozen,44,7,5,1,0,-1.0,-1.0,1,0,1,0,0.0,0.02041849026803985
1609,frozen,44,1,5,1,0,-1.0,-1.0,1,0,1,0,0.0,0.02041849026803985
1610,frozen,44,2,5,1,0,-1.0,-1.0,1,0,1,0,0.0,0.02041849026803985
1611,frozen,44,4,5,1,1,1.0,1.0,0,nan,nan,nan,0.0,0.02041849026803985
1612,frozen,44,5,6,1,1,1.0,1.0,0,nan,nan,nan,0.0,0.02041849026803985
1613,frozen,44,0,5,0,0,-1.0,-1.0,1,2,0,0,0.0,0.02041849026803985
1614,frozen,44,5,3,0,0,-1.0,-1.0,1,0,1,0,0.0,0.02041849026803985
1615,frozen,44,0,3,0,0,-1.0,-1.0,1,0,1,0,0.0,0.02041849026803985
1616,frozen,44,4,5,1,1,1.0,1.0,0,nan,nan,nan,0.0,0.02041849026803985
1617,frozen,44,4,4,0,1,1.0,1.0,0,nan,nan,nan,0.0,0.02041849026803985
1618,frozen,44,5,5,1,1,1.0,1.0,0,nan,nan,nan,0.0,0.02041849026803985
1619,frozen,44,7,6,1,1,1.0,1.0,0,nan,nan,nan,0.0,0.02041849026803985
1620,frozen,44,3,5,0,0,-1.0,-1.0,1,4,0,1,0.0,0.02041849026803985
1621,frozen,44,4,5,1,1,1.0,1.0,0,nan,nan,nan,0.0,0.02041849026803985
1622,frozen,44,0,6,1,0,-1.0,-1.0,1,1,0,0,0.0,0.02041849026803985
1623,frozen,44,0,3,0,0,-1.0,-1.0,1,0,1,0,0.0,0.02041849026803985
1624,frozen,44,7,5,1,0,-1.0,-1.0,1,0,1,0,0.0,0.02041849026803985
1625,frozen,44,6,5,1,1,1.0,1.0,0,nan,nan,nan,0.0,0.02041849026803985
1626,frozen,44,5,6,1,1,1.0,1.0,0,nan,nan,nan,0.0,0.02041849026803985
1627,frozen,44,0,7,1,0,-1.0,-1.0,1,2,0,0,0.0,0.02041849026803985
1628,frozen,44,2,3,0,1,1.0,1.0,0,nan,nan,nan,0.0,0.02041849026803985
1629,frozen,44,4,2,0,0,-1.0,-1.0,1,1,0,0,0.0,0.02041849026803985
1630,frozen,44,0,5,1,0,-1.0,-1.0,1,0,1,0,0.0,0.02041849026803985
1631,frozen,44,6,3,0,0,-1.0,-1.0,1,0,1,0,0.0,0.02041849026803985
1632,frozen,44,6,3,0,0,-1.0,-1.0,1,0,1,0,0.0,0.02041849026803985
1633,frozen,44,6,5,1,1,1.0,1.0,0,nan,nan,nan,0.0,0.02041849026803985
1634,frozen,44,3,6,1,0,-1.0,-1.0,1,1,0,0,0.0,0.02041849026803985
1635,frozen,44,8,3,0,0,-1.0,-1.0,1,0,1,0,0.0,0.02041849026803985
1636,frozen,44,2,5,1,0,-1.0,-1.0,1,0,1,0,0.0,0.02041849026803985
1637,frozen,44,5,5,1,1,1.0,1.0,0,nan,nan,nan,0.0,0.02041849026803985
1638,frozen,44,5,6,1,1,1.0,1.0,0,nan,nan,nan,0.0,0.02041849026803985
1639,frozen,44,3,5,0,0,-1.0,-1.0,1,2,0,0,0.0,0.02041849026803985
1640,frozen,44,3,3,0,1,1.0,1.0,0,nan,nan,nan,0.0,0.02041849026803985
1641,frozen,44,8,2,0,0,-1.0,-1.0,1,1,0,0,0.0,0.02041849026803985
1642,frozen,44,5,5,1,1,1.0,1.0,0,nan,nan,nan,0.0,0.02041849026803985
1643,frozen,44,8,6,1,0,-1.0,-1.0,1,1,0,0,0.0,0.02041849026803985
1644,frozen,44,8,5,1,0,-1.0,-1.0,1,0,1,0,0.0,0.02041849026803985
1645,frozen,44,8,3,0,0,-1.0,-1.0,1,0,1,0,0.0,0.02041849026803985
1646,frozen,44,1,3,0,0,-1.0,-1.0,1,0,1,0,0.0,0.02041849026803985
1647,frozen,44,3,5,1,0,-1.0,-1.0,1,0,1,0,0.0,0.02041849026803985
1648,frozen,44,8,3,0,0,-1.0,-1.0,1,0,1,0,0.0,0.02041849026803985
1649,frozen,44,1,5,1,0,-1.0,-1.0,1,0,1,0,0.0,0.02041849026803985
1650,frozen,44,6,5,1,1,1.0,1.0,0,nan,nan,nan,0.0,0.02041849026803985
1651,frozen,44,1,4,0,0,-1.0,-1.0,1,1,0,0,0.0,0.02041849026803985
1652,frozen,44,2,5,1,0,-1.0,-1.0,1,0,1,0,0.0,0.02041849026803985
1653,frozen,44,3,3,0,1,1.0,1.0,0,nan,nan,nan,0.0,0.02041849026803985
1654,frozen,44,8,2,0,0,-1.0,-1.0,1,1,0,0,0.0,0.02041849026803985
1655,frozen,44,4,5,1,1,1.0,1.0,0,nan,nan,nan,0.0,0.02041849026803985
1656,frozen,44,6,6,1,1,1.0,1.0,0,nan,nan,nan,0.0,0.02041849026803985
1657,frozen,44,1,7,1,0,-1.0,-1.0,1,2,0,0,0.0,0.02041849026803985
1658,frozen,44,0,3,0,0,-1.0,-1.0,1,0,1,0,0.0,0.02041849026803985
1659,frozen,44,7,5,1,0,-1.0,-1.0,1,0,1,0,0.0,0.02041849026803985
1660,frozen,44,8,5,1,0,-1.0,-1.0,1,0,1,0,0.0,0.02041849026803985
1661,frozen,44,7,5,1,0,-1.0,-1.0,1,0,1,0,0.0,0.02041849026803985
1662,frozen,44,8,5,1,0,-1.0,-1.0,1,0,1,0,0.0,0.02041849026803985
1663,frozen,44,1,5,1,0,-1.0,-1.0,1,0,1,0,0.0,0.02041849026803985
1664,frozen,44,7,5,1,0,-1.0,-1.0,1,0,1,0,0.0,0.02041849026803985
1665,frozen,44,2,3,0,1,1.0,1.0,0,nan,nan,nan,0.0,0.02041849026803985
1666,frozen,44,7,4,1,0,-1.0,-1.0,1,1,0,0,0.0,0.02041849026803985
1667,frozen,44,7,5,1,0,-1.0,-1.0,1,0,1,0,0.0,0.02041849026803985
1668,frozen,44,3,3,0,1,1.0,1.0,0,nan,nan,nan,0.0,0.02041849026803985
1669,frozen,44,4,4,1,1,1.0,1.0,0,nan,nan,nan,0.0,0.02041849026803985
1670,frozen,44,1,3,0,0,-1.0,-1.0,1,2,0,0,0.0,0.02041849026803985
1671,frozen,44,8,5,1,0,-1.0,-1.0,1,0,1,0,0.0,0.02041849026803985
1672,frozen,44,6,5,1,1,1.0,1.0,0,nan,nan,nan,0.0,0.02041849026803985
1673,frozen,44,6,6,1,1,1.0,1.0,0,nan,nan,nan,0.0,0.02041849026803985
1674,frozen,44,5,7,1,0,-1.0,-1.0,1,2,0,0,0.0,0.02041849026803985
1675,frozen,44,4,5,1,1,1.0,1.0,0,nan,nan,nan,0.0,0.02041849026803985
1676,frozen,44,1,4,0,0,-1.0,-1.0,1,1,0,0,0.0,0.02041849026803985
1677,frozen,44,2,3,0,1,1.0,1.0,0,nan,nan,nan,0.0,0.02041849026803985
1678,frozen,44,4,4,1,1,1.0,1.0,0,nan,nan,nan,0.0,0.02041849026803985
1679,frozen,44,2,5,1,0,-1.0,-1.0,1,2,0,0,0.0,0.02041849026803985
1680,frozen,44,4,5,1,1,1.0,1.0,0,nan,nan,nan,0.0,0.02041849026803985
1681,frozen,44,5,6,1,1,1.0,1.0,0,nan,nan,nan,0.0,0.02041849026803985
1682,frozen,44,6,7,1,1,1.0,1.0,0,nan,nan,nan,0.0,0.02041849026803985
1683,frozen,44,3,6,0,0,-1.0,-1.0,1,3,0,1,0.0,0.02041849026803985
1684,frozen,44,4,5,1,1,1.0,1.0,0,nan,nan,nan,0.0,0.02041849026803985
1685,frozen,44,8,6,1,0,-1.0,-1.0,1,1,0,0,0.0,0.02041849026803985
1686,frozen,44,7,5,1,0,-1.0,-1.0,1,0,1,0,0.0,0.02041849026803985
1687,frozen,44,6,5,1,1,1.0,1.0,0,nan,nan,nan,0.0,0.02041849026803985
1688,frozen,44,4,6,1,0,-1.0,-1.0,1,1,0,0,0.0,0.02041849026803985
1689,frozen,44,0,3,0,0,-1.0,-1.0,1,0,1,0,0.0,0.02041849026803985
1690,frozen,44,6,5,1,1,1.0,1.0,0,nan,nan,nan,0.0,0.02041849026803985
1691,frozen,44,6,6,1,1,1.0,1.0,0,nan,nan,nan,0.0,0.02041849026803985
1692,frozen,44,0,5,0,0,-1.0,-1.0,1,2,0,0,0.0,0.02041849026803985
1693,frozen,44,3,3,0,1,1.0,1.0,0,nan,nan,nan,0.0,0.02041849026803985
1694,frozen,44,8,2,0,0,-1.0,-1.0,1,1,0,0,0.0,0.02041849026803985
1695,frozen,44,7,5,1,0,-1.0,-1.0,1,0,1,0,0.0,0.02041849026803985
1696,frozen,44,1,3,0,0,-1.0,-1.0,1,0,1,0,0.0,0.02041849026803985
1697,frozen,44,0,3,0,0,-1.0,-1.0,1,0,1,0,0.0,0.02041849026803985
1698,frozen,44,1,3,0,0,-1.0,-1.0,1,0,1,0,0.0,0.02041849026803985
1699,frozen,44,8,3,0,0,-1.0,-1.0,1,0,1,0,0.0,0.02041849026803985
1700,frozen,44,6,5,1,1,1.0,1.0,0,nan,nan,nan,0.0,0.02041849026803985
1701,frozen,44,2,4,0,0,-1.0,-1.0,1,1,0,0,0.0,0.02041849026803985
1702,frozen,44,4,5,1,1,1.0,1.0,0,nan,nan,nan,0.0,0.02041849026803985
1703,frozen,44,6,4,0,0,-1.0,-1.0,1,1,0,0,0.0,0.02041849026803985
1704,frozen,44,3,3,0,1,1.0,1.0,0,nan,nan,nan,0.0,0.02041849026803985
1705,frozen,44,0,4,1,0,-1.0,-1.0,1,1,0,0,0.0,0.02041849026803985
1706,frozen,44,5,5,1,1,1.0,1.0,0,nan,nan,nan,0.0,0.02041849026803985
1707,frozen,44,6,6,1,1,1.0,1.0,0,nan,nan,nan,0.0,0.02041849026803985
1708,frozen,44,0,7,1,0,-1.0,-1.0,1,2,0,0,0.0,0.02041849026803985
1709,frozen,44,4,5,1,1,1.0,1.0,0,nan,nan,nan,0.0,0.02041849026803985
1710,frozen,44,3,4,0,1,1.0,1.0,0,nan,nan,nan,0.0,0.02041849026803985
1711,frozen,44,1,5,1,0,-1.0,-1.0,1,2,0,0,0.0,0.02041849026803985
1712,frozen,44,8,3,0,0,-1.0,-1.0,1,0,1,0,0.0,0.02041849026803985
1713,frozen,44,0,3,0,0,-1.0,-1.0,1,0,1,0,0.0,0.02041849026803985
1714,frozen,44,6,3,0,0,-1.0,-1.0,1,0,1,0,0.0,0.02041849026803985
1715,frozen,44,3,3,0,1,1.0,1.0,0,nan,nan,nan,0.0,0.02041849026803985
1716,frozen,44,4,2,0,0,-1.0,-1.0,1,1,0,0,0.0,0.02041849026803985
1717,frozen,44,4,5,1,1,1.0,1.0,0,nan,nan,nan,0.0,0.02041849026803985
1718,frozen,44,4,4,0,1,1.0,1.0,0,nan,nan,nan,0.0,0.02041849026803985
1719,frozen,44,6,3,0,0,-1.0,-1.0,1,2,0,0,0.0,0.02041849026803985
1720,frozen,44,8,3,0,0,-1.0,-1.0,1,0,1,0,0.0,0.02041849026803985
1721,frozen,44,4,5,1,1,1.0,1.0,0,nan,nan,nan,0.0,0.02041849026803985
1722,frozen,44,7,4,0,0,-1.0,-1.0,1,1,0,0,0.0,0.02041849026803985
1723,frozen,44,4,5,1,1,1.0,1.0,0,nan,nan,nan,0.0,0.02041849026803985
1724,frozen,44,3,6,1,0,-1.0,-1.0,1,1,0,0,0.0,0.02041849026803985
1725,frozen,44,5,5,1,1,1.0,1.0,0,nan,nan,nan,0.0,0.02041849026803985
1726,frozen,44,6,4,0,0,-1.0,-1.0,1,1,0,0,0.0,0.02041849026803985
1727,frozen,44,2,5,1,0,-1.0,-1.0,1,0,1,0,0.0,0.02041849026803985
1728,frozen,44,5,5,1,1,1.0,1.0,0,nan,nan,nan,0.0,0.02041849026803985
1729,frozen,44,2,6,1,0,-1.0,-1.0,1,1,0,0,0.0,0.02041849026803985
1730,frozen,44,1,3,0,0,-1.0,-1.0,1,0,1,0,0.0,0.02041849026803985
1731,frozen,44,1,3,0,0,-1.0,-1.0,1,0,1,0,0.0,0.02041849026803985
1732,frozen,44,8,5,1,0,-1.0,-1.0,1,0,1,0,0.0,0.02041849026803985
1733,frozen,44,5,3,0,0,-1.0,-1.0,1,0,1,0,0.0,0.02041849026803985
1734,frozen,44,1,5,1,0,-1.0,-1.0,1,0,1,0,0.0,0.02041849026803985
1735,frozen,44,4,5,1,1,1.0,1.0,0,nan,nan,nan,0.0,0.02041849026803985
1736,frozen,44,2,6,1,0,-1.0,-1.0,1,1,0,0,0.0,0.02041849026803985
1737,frozen,44,1,3,0,0,-1.0,-1.0,1,0,1,0,0.0,0.02041849026803985
1738,frozen,44,2,3,0,1,1.0,1.0,0,nan,nan,nan,0.0,0.02041849026803985
1739,frozen,44,1,4,1,0,-1.0,-1.0,1,1,0,0,0.0,0.02041849026803985
1740,frozen,44,6,5,1,1,1.0,1.0,0,nan,nan,nan,0.0,0.02041849026803985
1741,frozen,44,3,6,1,0,-1.0,-1.0,1,1,0,0,0.0,0.02041849026803985
1742,frozen,44,0,3,0,0,-1.0,-1.0,1,0,1,0,0.0,0.02041849026803985
1743,frozen,44,1,5,1,0,-1.0,-1.0,1,0,1,0,0.0,0.02041849026803985
1744,frozen,44,0,3,0,0,-1.0,-1.0,1,0,1,0,0.0,0.02041849026803985
1745,frozen,44,4,5,1,1,1.0,1.0,0,nan,nan,nan,0.0,0.02041849026803985
1746,frozen,44,2,4,0,0,-1.0,-1.0,1,1,0,0,0.0,0.02041849026803985
1747,frozen,44,7,5,1,0,-1.0,-1.0,1,0,1,0,0.0,0.02041849026803985
1748,frozen,44,5,5,1,1,1.0,1.0,0,nan,nan,nan,0.0,0.02041849026803985
1749,frozen,44,3,6,1,0,-1.0,-1.0,1,1,0,0,0.0,0.02041849026803985
1750,frozen,44,3,3,0,1,1.0,1.0,0,nan,nan,nan,0.0,0.02041849026803985
1751,frozen,44,5,4,1,1,1.0,1.0,0,nan,nan,nan,0.0,0.02041849026803985
1752,frozen,44,0,3,0,0,-1.0,-1.0,1,2,0,0,0.0,0.02041849026803985
1753,frozen,44,8,5,1,0,-1.0,-1.0,1,0,1,0,0.0,0.02041849026803985
1754,frozen,44,0,3,0,0,-1.0,-1.0,1,0,1,0,0.0,0.02041849026803985
1755,frozen,44,7,5,1,0,-1.0,-1.0,1,0,1,0,0.0,0.02041849026803985
1756,frozen,44,1,5,1,0,-1.0,-1.0,1,0,1,0,0.0,0.02041849026803985
1757,frozen,44,4,5,1,1,1.0,1.0,0,nan,nan,nan,0.0,0.02041849026803985
1758,frozen,44,0,4,0,0,-1.0,-1.0,1,1,0,0,0.0,0.02041849026803985
1759,frozen,44,7,5,1,0,-1.0,-1.0,1,0,1,0,0.0,0.02041849026803985
1760,frozen,44,2,3,0,1,1.0,1.0,0,nan,nan,nan,0.0,0.02041849026803985
1761,frozen,44,8,2,0,0,-1.0,-1.0,1,1,0,0,0.0,0.02041849026803985
1762,frozen,44,0,3,0,0,-1.0,-1.0,1,0,1,0,0.0,0.02041849026803985
1763,frozen,44,6,3,0,0,-1.0,-1.0,1,0,1,0,0.0,0.02041849026803985
1764,frozen,44,0,3,0,0,-1.0,-1.0,1,0,1,0,0.0,0.02041849026803985
1765,frozen,44,8,5,1,0,-1.0,-1.0,1,0,1,0,0.0,0.02041849026803985
1766,frozen,44,3,5,1,0,-1.0,-1.0,1,0,1,0,0.0,0.02041849026803985
1767,frozen,44,5,3,0,0,-1.0,-1.0,1,0,1,0,0.0,0.02041849026803985
1768,frozen,44,5,5,1,1,1.0,1.0,0,nan,nan,nan,0.0,0.02041849026803985
1769,frozen,44,8,6,1,0,-1.0,-1.0,1,1,0,0,0.0,0.02041849026803985
1770,frozen,44,8,3,0,0,-1.0,-1.0,1,0,1,0,0.0,0.02041849026803985
1771,frozen,44,5,5,1,1,1.0,1.0,0,nan,nan,nan,0.0,0.02041849026803985
1772,frozen,44,5,6,1,1,1.0,1.0,0,nan,nan,nan,0.0,0.02041849026803985
1773,frozen,44,1,7,1,0,-1.0,-1.0,1,2,0,0,0.0,0.02041849026803985
1774,frozen,44,6,3,0,0,-1.0,-1.0,1,0,1,0,0.0,0.02041849026803985
1775,frozen,44,2,5,1,0,-1.0,-1.0,1,0,1,0,0.0,0.02041849026803985
1776,frozen,44,7,5,1,0,-1.0,-1.0,1,0,1,0,0.0,0.02041849026803985
1777,frozen,44,7,5,1,0,-1.0,-1.0,1,0,1,0,0.0,0.02041849026803985
1778,frozen,44,1,3,0,0,-1.0,-1.0,1,0,1,0,0.0,0.02041849026803985
1779,frozen,44,5,5,1,1,1.0,1.0,0,nan,nan,nan,0.0,0.02041849026803985
1780,frozen,44,3,6,1,0,-1.0,-1.0,1,1,0,0,0.0,0.02041849026803985
1781,frozen,44,8,5,1,0,-1.0,-1.0,1,0,1,0,0.0,0.02041849026803985
1782,frozen,44,2,3,0,1,1.0,1.0,0,nan,nan,nan,0.0,0.02041849026803985
1783,frozen,44,6,4,1,0,-1.0,-1.0,1,1,0,0,0.0,0.02041849026803985
1784,frozen,44,2,3,0,1,1.0,1.0,0,nan,nan,nan,0.0,0.02041849026803985
1785,frozen,44,6,4,1,0,-1.0,-1.0,1,1,0,0,0.0,0.02041849026803985
1786,frozen,44,0,3,0,0,-1.0,-1.0,1,0,1,0,0.0,0.02041849026803985
1787,frozen,44,4,5,1,1,1.0,1.0,0,nan,nan,nan,0.0,0.02041849026803985
1788,frozen,44,5,6,1,1,1.0,1.0,0,nan,nan,nan,0.0,0.02041849026803985
1789,frozen,44,8,5,0,0,-1.0,-1.0,1,2,0,0,0.0,0.02041849026803985
1790,frozen,44,4,5,1,1,1.0,1.0,0,nan,nan,nan,0.0,0.02041849026803985
1791,frozen,44,1,4,0,0,-1.0,-1.0,1,1,0,0,0.0,0.02041849026803985
1792,frozen,44,3,5,1,0,-1.0,-1.0,1,0,1,0,0.0,0.02041849026803985
1793,frozen,44,0,3,0,0,-1.0,-1.0,1,0,1,0,0.0,0.02041849026803985
1794,frozen,44,8,3,0,0,-1.0,-1.0,1,0,1,0,0.0,0.02041849026803985
1795,frozen,44,1,5,1,0,-1.0,-1.0,1,0,1,0,0.0,0.02041849026803985
1796,frozen,44,4,5,1,1,1.0,1.0,0,nan,nan,nan,0.0,0.02041849026803985
1797,frozen,44,0,4,0,0,-1.0,-1.0,1,1,0,0,0.0,0.02041849026803985
1798,frozen,44,4,5,1,1,1.0,1.0,0,nan,nan,nan,0.0,0.02041849026803985
1799,frozen,44,6,6,1,1,1.0,1.0,0,nan,nan,nan,0.0,0.02041849026803985
1800,frozen,44,8,5,0,0,-1.0,-1.0,1,2,0,0,0.0,0.02041849026803985
1801,frozen,44,5,3,0,0,-1.0,-1.0,1,0,1,0,0.0,0.02041849026803985
1802,frozen,44,8,5,1,0,-1.0,-1.0,1,0,1,0,0.0,0.02041849026803985
1803,frozen,44,5,3,0,0,-1.0,-1.0,1,0,1,0,0.0,0.02041849026803985
1804,frozen,44,1,3,0,0,-1.0,-1.0,1,0,1,0,0.0,0.02041849026803985
1805,frozen,44,4,5,1,1,1.0,1.0,0,nan,nan,nan,0.0,0.02041849026803985
1806,frozen,44,2,6,1,0,-1.0,-1.0,1,1,0,0,0.0,0.02041849026803985
1807,frozen,44,7,5,1,0,-1.0,-1.0,1,0,1,0,0.0,0.02041849026803985
1808,frozen,44,4,5,1,1,1.0,1.0,0,nan,nan,nan,0.0,0.02041849026803985
1809,frozen,44,7,6,1,1,1.0,1.0,0,nan,nan,nan,0.0,0.02041849026803985
1810,frozen,44,3,5,0,0,-1.0,-1.0,1,2,0,0,0.0,0.02041849026803985
1811,frozen,44,4,5,1,1,1.0,1.0,0,nan,nan,nan,0.0,0.02041849026803985
1812,frozen,44,0,6,1,0,-1.0,-1.0,1,1,0,0,0.0,0.02041849026803985
1813,frozen,44,2,5,1,0,-1.0,-1.0,1,0,1,0,0.0,0.02041849026803985
1814,frozen,44,7,5,1,0,-1.0,-1.0,1,0,1,0,0.0,0.02041849026803985
1815,frozen,44,4,5,1,1,1.0,1.0,0,nan,nan,nan,0.0,0.02041849026803985
1816,frozen,44,6,6,1,1,1.0,1.0,0,nan,nan,nan,0.0,0.02041849026803985
1817,frozen,44,7,7,1,1,1.0,1.0,0,nan,nan,nan,0.0,0.02041849026803985
1818,frozen,44,4,8,1,0,-1.0,-1.0,1,3,0,1,0.0,0.02041849026803985
1819,frozen,44,6,3,0,0,-1.0,-1.0,1,0,1,0,0.0,0.02041849026803985
1820,frozen,44,5,5,1,1,1.0,1.0,0,nan,nan,nan,0.0,0.02041849026803985
1821,frozen,44,2,4,0,0,-1.0,-1.0,1,1,0,0,0.0,0.02041849026803985
1822,frozen,44,1,5,1,0,-1.0,-1.0,1,0,1,0,0.0,0.02041849026803985
1823,frozen,44,0,3,0,0,-1.0,-1.0,1,0,1,0,0.0,0.02041849026803985
1824,frozen,44,5,3,0,0,-1.0,-1.0,1,0,1,0,0.0,0.02041849026803985
1825,frozen,44,3,3,0,1,1.0,1.0,0,nan,nan,nan,0.0,0.02041849026803985
1826,frozen,44,2,2,0,1,1.0,1.0,0,nan,nan,nan,0.0,0.02041849026803985
1827,frozen,44,4,3,1,1,1.0,1.0,0,nan,nan,nan,0.0,0.02041849026803985
1828,frozen,44,8,2,0,0,-1.0,-1.0,1,3,0,1,0.0,0.02041849026803985
1829,frozen,44,0,3,0,0,-1.0,-1.0,1,0,1,0,0.0,0.02041849026803985
1830,frozen,44,1,5,1,0,-1.0,-1.0,1,0,1,0,0.0,0.02041849026803985
1831,frozen,44,6,3,0,0,-1.0,-1.0,1,0,1,0,0.0,0.02041849026803985
1832,frozen,44,3,5,1,0,-1.0,-1.0,1,0,1,0,0.0,0.02041849026803985
1833,frozen,44,2,5,1,0,-1.0,-1.0,1,0,1,0,0.0,0.02041849026803985
1834,frozen,44,6,3,0,0,-1.0,-1.0,1,0,1,0,0.0,0.02041849026803985
1835,frozen,44,5,3,0,0,-1.0,-1.0,1,0,1,0,0.0,0.02041849026803985
1836,frozen,44,2,3,0,1,1.0,1.0,0,nan,nan,nan,0.0,0.02041849026803985
1837,frozen,44,4,4,1,1,1.0,1.0,0,nan,nan,nan,0.0,0.02041849026803985
1838,frozen,44,7,5,1,0,-1.0,-1.0,1,2,0,0,0.0,0.02041849026803985
1839,frozen,44,1,5,1,0,-1.0,-1.0,1,0,1,0,0.0,0.02041849026803985
1840,frozen,44,2,3,0,1,1.0,1.0,0,nan,nan,nan,0.0,0.02041849026803985
1841,frozen,44,6,4,1,0,-1.0,-1.0,1,1,0,0,0.0,0.02041849026803985
1842,frozen,44,7,5,1,0,-1.0,-1.0,1,0,1,0,0.0,0.02041849026803985
1843,frozen,44,7,5,1,0,-1.0,-1.0,1,0,1,0,0.0,0.02041849026803985
1844,frozen,44,8,3,0,0,-1.0,-1.0,1,0,1,0,0.0,0.02041849026803985
1845,frozen,44,5,5,1,1,1.0,1.0,0,nan,nan,nan,0.0,0.02041849026803985
1846,frozen,44,1,6,1,0,-1.0,-1.0,1,1,0,0,0.0,0.02041849026803985
1847,frozen,44,7,5,1,0,-1.0,-1.0,1,0,1,0,0.0,0.02041849026803985
1848,frozen,44,4,5,1,1,1.0,1.0,0,nan,nan,nan,0.0,0.02041849026803985
1849,frozen,44,7,4,0,0,-1.0,-1.0,1,1,0,0,0.0,0.02041849026803985
1850,frozen,44,1,5,1,0,-1.0,-1.0,1,0,1,0,0.0,0.02041849026803985
1851,frozen,44,2,5,1,0,-1.0,-1.0,1,0,1,0,0.0,0.02041849026803985
1852,frozen,44,1,3,0,0,-1.0,-1.0,1,0,1,0,0.0,0.02041849026803985
1853,frozen,44,7,5,1,0,-1.0,-1.0,1,0,1,0,0.0,0.02041849026803985
1854,frozen,44,0,5,1,0,-1.0,-1.0,1,0,1,0,0.0,0.02041849026803985
1855,frozen,44,0,3,0,0,-1.0,-1.0,1,0,1,0,0.0,0.02041849026803985
1856,frozen,44,6,3,0,0,-1.0,-1.0,1,0,1,0,0.0,0.02041849026803985
1857,frozen,44,2,3,0,1,1.0,1.0,0,nan,nan,nan,0.0,0.02041849026803985
1858,frozen,44,2,2,0,1,1.0,1.0,0,nan,nan,nan,0.0,0.02041849026803985
1859,frozen,44,0,3,1,0,-1.0,-1.0,1,2,0,0,0.0,0.02041849026803985
1860,frozen,44,3,3,0,1,1.0,1.0,0,nan,nan,nan,0.0,0.02041849026803985
1861,frozen,44,6,4,1,0,-1.0,-1.0,1,1,0,0,0.0,0.02041849026803985
1862,frozen,44,3,5,1,0,-1.0,-1.0,1,0,1,0,0.0,0.02041849026803985
1863,frozen,44,8,3,0,0,-1.0,-1.0,1,0,1,0,0.0,0.02041849026803985
1864,frozen,44,4,5,1,1,1.0,1.0,0,nan,nan,nan,0.0,0.02041849026803985
1865,frozen,44,6,4,0,0,-1.0,-1.0,1,1,0,0,0.0,0.02041849026803985
1866,frozen,44,3,3,0,1,1.0,1.0,0,nan,nan,nan,0.0,0.02041849026803985
1867,frozen,44,2,4,1,0,-1.0,-1.0,1,1,0,0,0.0,0.02041849026803985
1868,frozen,44,7,5,1,0,-1.0,-1.0,1,0,1,0,0.0,0.02041849026803985
1869,frozen,44,8,3,0,0,-1.0,-1.0,1,0,1,0,0.0,0.02041849026803985
1870,frozen,44,5,5,1,1,1.0,1.0,0,nan,nan,nan,0.0,0.02041849026803985
1871,frozen,44,8,6,1,0,-1.0,-1.0,1,1,0,0,0.0,0.02041849026803985
1872,frozen,44,1,5,1,0,-1.0,-1.0,1,0,1,0,0.0,0.02041849026803985
1873,frozen,44,1,5,1,0,-1.0,-1.0,1,0,1,0,0.0,0.02041849026803985
1874,frozen,44,1,5,1,0,-1.0,-1.0,1,0,1,0,0.0,0.02041849026803985
1875,frozen,44,5,5,1,1,1.0,1.0,0,nan,nan,nan,0.0,0.02041849026803985
1876,frozen,44,3,6,1,0,-1.0,-1.0,1,1,0,0,0.0,0.02041849026803985
1877,frozen,44,5,5,1,1,1.0,1.0,0,nan,nan,nan,0.0,0.02041849026803985
1878,frozen,44,4,4,0,1,1.0,1.0,0,nan,nan,nan,0.0,0.02041849026803985
1879,frozen,44,4,3,0,1,1.0,1.0,0,nan,nan,nan,0.0,0.02041849026803985
1880,frozen,44,4,2,0,0,-1.0,-1.0,1,3,0,1,0.0,0.02041849026803985
1881,frozen,44,4,5,1,1,1.0,1.0,0,nan,nan,nan,0.0,0.02041849026803985
1882,frozen,44,7,6,1,1,1.0,1.0,0,nan,nan,nan,0.0,0.02041849026803985
1883,frozen,44,6,7,1,1,1.0,1.0,0,nan,nan,nan,0.0,0.02041849026803985
1884,frozen,44,3,6,0,0,-1.0,-1.0,1,3,0,1,0.0,0.02041849026803985
1885,frozen,44,3,5,1,0,-1.0,-1.0,1,0,1,0,0.0,0.02041849026803985
1886,frozen,44,7,5,1,0,-1.0,-1.0,1,0,1,0,0.0,0.02041849026803985
1887,frozen,44,3,5,1,0,-1.0,-1.0,1,0,1,0,0.0,0.02041849026803985
1888,frozen,44,0,3,0,0,-1.0,-1.0,1,0,1,0,0.0,0.02041849026803985
1889,frozen,44,1,5,1,0,-1.0,-1.0,1,0,1,0,0.0,0.02041849026803985
1890,frozen,44,0,3,0,0,-1.0,-1.0,1,0,1,0,0.0,0.02041849026803985
1891,frozen,44,4,5,1,1,1.0,1.0,0,nan,nan,nan,0.0,0.02041849026803985
1892,frozen,44,7,4,0,0,-1.0,-1.0,1,1,0,0,0.0,0.02041849026803985
1893,frozen,44,4,3,0,1,1.0,1.0,0,nan,nan,nan,0.0,0.02041849026803985
1894,frozen,44,3,4,1,1,1.0,1.0,0,nan,nan,nan,0.0,0.02041849026803985
1895,frozen,44,6,3,0,0,-1.0,-1.0,1,2,0,0,0.0,0.02041849026803985
1896,frozen,44,0,3,0,0,-1.0,-1.0,1,0,1,0,0.0,0.02041849026803985
1897,frozen,44,1,3,0,0,-1.0,-1.0,1,0,1,0,0.0,0.02041849026803985
1898,frozen,44,1,5,1,0,-1.0,-1.0,1,0,1,0,0.0,0.02041849026803985
1899,frozen,44,1,3,0,0,-1.0,-1.0,1,0,1,0,0.0,0.02041849026803985
1900,frozen,44,1,5,1,0,-1.0,-1.0,1,0,1,0,0.0,0.02041849026803985
1901,frozen,44,3,3,0,1,1.0,1.0,0,nan,nan,nan,0.0,0.02041849026803985
1902,frozen,44,5,2,0,0,-1.0,-1.0,1,1,0,0,0.0,0.02041849026803985
1903,frozen,44,4,5,1,1,1.0,1.0,0,nan,nan,nan,0.0,0.02041849026803985
1904,frozen,44,5,6,1,1,1.0,1.0,0,nan,nan,nan,0.0,0.02041849026803985
1905,frozen,44,2,5,0,0,-1.0,-1.0,1,2,0,0,0.0,0.02041849026803985
1906,frozen,44,3,5,1,0,-1.0,-1.0,1,0,1,0,0.0,0.02041849026803985
1907,frozen,44,1,3,0,0,-1.0,-1.0,1,0,1,0,0.0,0.02041849026803985
1908,frozen,44,1,3,0,0,-1.0,-1.0,1,0,1,0,0.0,0.02041849026803985
1909,frozen,44,0,3,0,0,-1.0,-1.0,1,0,1,0,0.0,0.02041849026803985
1910,frozen,44,0,3,0,0,-1.0,-1.0,1,0,1,0,0.0,0.02041849026803985
1911,frozen,44,0,3,0,0,-1.0,-1.0,1,0,1,0,0.0,0.02041849026803985
1912,frozen,44,8,3,0,0,-1.0,-1.0,1,0,1,0,0.0,0.02041849026803985
1913,frozen,44,1,5,1,0,-1.0,-1.0,1,0,1,0,0.0,0.02041849026803985
1914,frozen,44,3,5,1,0,-1.0,-1.0,1,0,1,0,0.0,0.02041849026803985
1915,frozen,44,4,5,1,1,1.0,1.0,0,nan,nan,nan,0.0,0.02041849026803985
1916,frozen,44,5,6,1,1,1.0,1.0,0,nan,nan,nan,0.0,0.02041849026803985
1917,frozen,44,7,7,1,1,1.0,1.0,0,nan,nan,nan,0.0,0.02041849026803985
1918,frozen,44,6,8,1,0,-1.0,-1.0,1,3,0,1,0.0,0.02041849026803985
1919,frozen,44,5,3,0,0,-1.0,-1.0,1,0,1,0,0.0,0.02041849026803985
1920,frozen,44,3,3,0,1,1.0,1.0,0,nan,nan,nan,0.0,0.02041849026803985
1921,frozen,44,7,2,0,0,-1.0,-1.0,1,1,0,0,0.0,0.02041849026803985
1922,frozen,44,2,5,1,0,-1.0,-1.0,1,0,1,0,0.0,0.02041849026803985
1923,frozen,44,0,5,1,0,-1.0,-1.0,1,0,1,0,0.0,0.02041849026803985
1924,frozen,44,4,5,1,1,1.0,1.0,0,nan,nan,nan,0.0,0.02041849026803985
1925,frozen,44,6,6,1,1,1.0,1.0,0,nan,nan,nan,0.0,0.02041849026803985
1926,frozen,44,7,5,0,0,-1.0,-1.0,1,2,0,0,0.0,0.02041849026803985
1927,frozen,44,0,3,0,0,-1.0,-1.0,1,0,1,0,0.0,0.02041849026803985
1928,frozen,44,8,5,1,0,-1.0,-1.0,1,0,1,0,0.0,0.02041849026803985
1929,frozen,44,4,5,1,1,1.0,1.0,0,nan,nan,nan,0.0,0.02041849026803985
1930,frozen,44,3,4,0,1,1.0,1.0,0,nan,nan,nan,0.0,0.02041849026803985
1931,frozen,44,1,3,0,0,-1.0,-1.0,1,2,0,0,0.0,0.02041849026803985
1932,frozen,44,4,5,1,1,1.0,1.0,0,nan,nan,nan,0.0,0.02041849026803985
1933,frozen,44,6,6,1,1,1.0,1.0,0,nan,nan,nan,0.0,0.02041849026803985
1934,frozen,44,4,7,1,0,-1.0,-1.0,1,2,0,0,0.0,0.02041849026803985
1935,frozen,44,4,5,1,1,1.0,1.0,0,nan,nan,nan,0.0,0.02041849026803985
1936,frozen,44,6,4,0,0,-1.0,-1.0,1,1,0,0,0.0,0.02041849026803985
1937,frozen,44,2,3,0,1,1.0,1.0,0,nan,nan,nan,0.0,0.02041849026803985
1938,frozen,44,7,2,0,0,-1.0,-1.0,1,1,0,0,0.0,0.02041849026803985
1939,frozen,44,2,5,1,0,-1.0,-1.0,1,0,1,0,0.0,0.02041849026803985
1940,frozen,44,2,3,0,1,1.0,1.0,0,nan,nan,nan,0.0,0.02041849026803985
1941,frozen,44,3,4,1,1,1.0,1.0,0,nan,nan,nan,0.0,0.02041849026803985
1942,frozen,44,6,3,0,0,-1.0,-1.0,1,2,0,0,0.0,0.02041849026803985
1943,frozen,44,4,5,1,1,1.0,1.0,0,nan,nan,nan,0.0,0.02041849026803985
1944,frozen,44,3,6,1,0,-1.0,-1.0,1,1,0,0,0.0,0.02041849026803985
1945,frozen,44,8,5,1,0,-1.0,-1.0,1,0,1,0,0.0,0.02041849026803985
1946,frozen,44,1,3,0,0,-1.0,-1.0,1,0,1,0,0.0,0.02041849026803985
1947,frozen,44,7,5,1,0,-1.0,-1.0,1,0,1,0,0.0,0.02041849026803985
1948,frozen,44,3,3,0,1,1.0,1.0,0,nan,nan,nan,0.0,0.02041849026803985
1949,frozen,44,0,2,0,0,-1.0,-1.0,1,1,0,0,0.0,0.02041849026803985
1950,frozen,44,6,5,1,1,1.0,1.0,0,nan,nan,nan,0.0,0.02041849026803985
1951,frozen,44,1,4,0,0,-1.0,-1.0,1,1,0,0,0.0,0.02041849026803985
1952,frozen,44,4,5,1,1,1.0,1.0,0,nan,nan,nan,0.0,0.02041849026803985
1953,frozen,44,3,4,0,1,1.0,1.0,0,nan,nan,nan,0.0,0.02041849026803985
1954,frozen,44,4,5,1,1,1.0,1.0,0,nan,nan,nan,0.0,0.02041849026803985
1955,frozen,44,3,6,1,0,-1.0,-1.0,1,3,0,1,0.0,0.02041849026803985
1956,frozen,44,0,3,0,0,-1.0,-1.0,1,0,1,0,0.0,0.02041849026803985
1957,frozen,44,5,5,1,1,1.0,1.0,0,nan,nan,nan,0.0,0.02041849026803985
1958,frozen,44,7,4,0,0,-1.0,-1.0,1,1,0,0,0.0,0.02041849026803985
1959,frozen,44,8,3,0,0,-1.0,-1.0,1,0,1,0,0.0,0.02041849026803985
1960,frozen,44,4,5,1,1,1.0,1.0,0,nan,nan,nan,0.0,0.02041849026803985
1961,frozen,44,0,4,0,0,-1.0,-1.0,1,1,0,0,0.0,0.02041849026803985
1962,frozen,44,2,3,0,1,1.0,1.0,0,nan,nan,nan,0.0,0.02041849026803985
1963,frozen,44,0,4,1,0,-1.0,-1.0,1,1,0,0,0.0,0.02041849026803985
1964,frozen,44,7,5,1,0,-1.0,-1.0,1,0,1,0,0.0,0.02041849026803985
1965,frozen,44,2,5,1,0,-1.0,-1.0,1,0,1,0,0.0,0.02041849026803985
1966,frozen,44,3,5,1,0,-1.0,-1.0,1,0,1,0,0.0,0.02041849026803985
1967,frozen,44,1,3,0,0,-1.0,-1.0,1,0,1,0,0.0,0.02041849026803985
1968,frozen,44,7,5,1,0,-1.0,-1.0,1,0,1,0,0.0,0.02041849026803985
1969,frozen,44,2,3,0,1,1.0,1.0,0,nan,nan,nan,0.0,0.02041849026803985
1970,frozen,44,0,4,1,0,-1.0,-1.0,1,1,0,0,0.0,0.02041849026803985
1971,frozen,44,8,5,1,0,-1.0,-1.0,1,0,1,0,0.0,0.02041849026803985
1972,frozen,44,8,5,1,0,-1.0,-1.0,1,0,1,0,0.0,0.02041849026803985
1973,frozen,44,6,5,1,1,1.0,1.0,0,nan,nan,nan,0.0,0.02041849026803985
1974,frozen,44,3,4,0,1,1.0,1.0,0,nan,nan,nan,0.0,0.02041849026803985
1975,frozen,44,1,5,1,0,-1.0,-1.0,1,2,0,0,0.0,0.02041849026803985
1976,frozen,44,6,3,0,0,-1.0,-1.0,1,0,1,0,0.0,0.02041849026803985
1977,frozen,44,5,3,0,0,-1.0,-1.0,1,0,1,0,0.0,0.02041849026803985
1978,frozen,44,2,3,0,1,1.0,1.0,0,nan,nan,nan,0.0,0.02041849026803985
1979,frozen,44,7,2,0,0,-1.0,-1.0,1,1,0,0,0.0,0.02041849026803985
1980,frozen,44,2,3,0,1,1.0,1.0,0,nan,nan,nan,0.0,0.02041849026803985
1981,frozen,44,3,4,1,1,1.0,1.0,0,nan,nan,nan,0.0,0.02041849026803985
1982,frozen,44,3,3,0,1,1.0,1.0,0,nan,nan,nan,0.0,0.02041849026803985
1983,frozen,44,1,2,0,1,1.0,1.0,0,nan,nan,nan,0.0,0.02041849026803985
1984,frozen,44,1,3,1,0,-1.0,-1.0,1,4,0,1,0.0,0.02041849026803985
1985,frozen,44,2,3,0,1,1.0,1.0,0,nan,nan,nan,0.0,0.02041849026803985
1986,frozen,44,0,4,1,0,-1.0,-1.0,1,1,0,0,0.0,0.02041849026803985
1987,frozen,44,7,5,1,0,-1.0,-1.0,1,0,1,0,0.0,0.02041849026803985
1988,frozen,44,3,3,0,1,1.0,1.0,0,nan,nan,nan,0.0,0.02041849026803985
1989,frozen,44,0,2,0,0,-1.0,-1.0,1,1,0,0,0.0,0.02041849026803985
1990,frozen,44,0,3,0,0,-1.0,-1.0,1,0,1,0,0.0,0.02041849026803985
1991,frozen,44,5,3,0,0,-1.0,-1.0,1,0,1,0,0.0,0.02041849026803985
1992,frozen,44,1,3,0,0,-1.0,-1.0,1,0,1,0,0.0,0.02041849026803985
1993,frozen,44,7,5,1,0,-1.0,-1.0,1,0,1,0,0.0,0.02041849026803985
1994,frozen,44,6,3,0,0,-1.0,-1.0,1,0,1,0,0.0,0.02041849026803985
1995,frozen,44,8,5,1,0,-1.0,-1.0,1,0,1,0,0.0,0.02041849026803985
1996,frozen,44,5,3,0,0,-1.0,-1.0,1,0,1,0,0.0,0.02041849026803985
1997,frozen,44,7,5,1,0,-1.0,-1.0,1,0,1,0,0.0,0.02041849026803985
1998,frozen,44,3,5,1,0,-1.0,-1.0,1,0,1,0,0.0,0.02041849026803985
1999,frozen,44,3,3,0,1,1.0,1.0,0,nan,nan,nan,0.0,0.02041849026803985
2000,frozen,44,0,4,1,0,-1.0,-1.0,1,1,0,0,0.0,0.02041849026803985
2001,frozen,44,2,5,1,0,-1.0,-1.0,1,0,1,0,0.0,0.02041849026803985
2002,frozen,44,7,5,1,0,-1.0,-1.0,1,0,1,0,0.0,0.02041849026803985
2003,frozen,44,6,5,1,1,1.0,1.0,0,nan,nan,nan,0.0,0.02041849026803985
2004,frozen,44,6,4,0,0,-1.0,-1.0,1,1,0,0,0.0,0.02041849026803985
2005,frozen,44,3,5,1,0,-1.0,-1.0,1,0,1,0,0.0,0.02041849026803985
2006,frozen,44,0,3,0,0,-1.0,-1.0,1,0,1,0,0.0,0.02041849026803985
2007,frozen,44,1,5,1,0,-1.0,-1.0,1,0,1,0,0.0,0.02041849026803985
2008,frozen,44,1,5,1,0,-1.0,-1.0,1,0,1,0,0.0,0.02041849026803985
2009,frozen,44,4,5,1,1,1.0,1.0,0,nan,nan,nan,0.0,0.02041849026803985
2010,frozen,44,6,4,0,0,-1.0,-1.0,1,1,0,0,0.0,0.02041849026803985
2011,frozen,44,2,5,1,0,-1.0,-1.0,1,0,1,0,0.0,0.02041849026803985
2012,frozen,44,1,3,0,0,-1.0,-1.0,1,0,1,0,0.0,0.02041849026803985
2013,frozen,44,6,5,1,1,1.0,1.0,0,nan,nan,nan,0.0,0.02041849026803985
2014,frozen,44,2,6,1,0,-1.0,-1.0,1,1,0,0,0.0,0.02041849026803985
2015,frozen,44,6,5,1,1,1.0,1.0,0,nan,nan,nan,0.0,0.02041849026803985
2016,frozen,44,0,4,0,0,-1.0,-1.0,1,1,0,0,0.0,0.02041849026803985
2017,frozen,44,5,5,1,1,1.0,1.0,0,nan,nan,nan,0.0,0.02041849026803985
2018,frozen,44,3,4,0,1,1.0,1.0,0,nan,nan,nan,0.0,0.02041849026803985
2019,frozen,44,1,3,0,0,-1.0,-1.0,1,2,0,0,0.0,0.02041849026803985
2020,frozen,44,6,3,0,0,-1.0,-1.0,1,0,1,0,0.0,0.02041849026803985
2021,frozen,44,3,5,1,0,-1.0,-1.0,1,0,1,0,0.0,0.02041849026803985
2022,frozen,44,7,5,1,0,-1.0,-1.0,1,0,1,0,0.0,0.02041849026803985
2023,frozen,44,6,3,0,0,-1.0,-1.0,1,0,1,0,0.0,0.02041849026803985
2024,frozen,44,5,3,0,0,-1.0,-1.0,1,0,1,0,0.0,0.02041849026803985
2025,frozen,44,8,5,1,0,-1.0,-1.0,1,0,1,0,0.0,0.02041849026803985
2026,frozen,44,1,3,0,0,-1.0,-1.0,1,0,1,0,0.0,0.02041849026803985
2027,frozen,44,2,3,0,1,1.0,1.0,0,nan,nan,nan,0.0,0.02041849026803985
2028,frozen,44,7,2,0,0,-1.0,-1.0,1,1,0,0,0.0,0.02041849026803985
2029,frozen,44,3,5,1,0,-1.0,-1.0,1,0,1,0,0.0,0.02041849026803985
2030,frozen,44,2,3,0,1,1.0,1.0,0,nan,nan,nan,0.0,0.02041849026803985
2031,frozen,44,4,4,1,1,1.0,1.0,0,nan,nan,nan,0.0,0.02041849026803985
2032,frozen,44,8,3,0,0,-1.0,-1.0,1,2,0,0,0.0,0.02041849026803985
2033,frozen,44,2,5,1,0,-1.0,-1.0,1,0,1,0,0.0,0.02041849026803985
2034,frozen,44,7,5,1,0,-1.0,-1.0,1,0,1,0,0.0,0.02041849026803985
2035,frozen,44,0,3,0,0,-1.0,-1.0,1,0,1,0,0.0,0.02041849026803985
2036,frozen,44,0,3,0,0,-1.0,-1.0,1,0,1,0,0.0,0.02041849026803985
2037,frozen,44,7,5,1,0,-1.0,-1.0,1,0,1,0,0.0,0.02041849026803985
2038,frozen,44,6,5,1,1,1.0,1.0,0,nan,nan,nan,0.0,0.02041849026803985
2039,frozen,44,1,4,0,0,-1.0,-1.0,1,1,0,0,0.0,0.02041849026803985
2040,frozen,44,0,3,0,0,-1.0,-1.0,1,0,1,0,0.0,0.02041849026803985
2041,frozen,44,6,3,0,0,-1.0,-1.0,1,0,1,0,0.0,0.02041849026803985
2042,frozen,44,2,3,0,1,1.0,1.0,0,nan,nan,nan,0.0,0.02041849026803985
2043,frozen,44,1,2,0,1,1.0,1.0,0,nan,nan,nan,0.0,0.02041849026803985
2044,frozen,44,5,3,1,0,-1.0,-1.0,1,2,0,0,0.0,0.02041849026803985
2045,frozen,44,0,3,0,0,-1.0,-1.0,1,0,1,0,0.0,0.02041849026803985
2046,frozen,44,7,5,1,0,-1.0,-1.0,1,0,1,0,0.0,0.02041849026803985
2047,frozen,44,7,5,1,0,-1.0,-1.0,1,0,1,0,0.0,0.02041849026803985
2048,frozen,44,3,5,1,0,-1.0,-1.0,1,0,1,0,0.0,0.02041849026803985
2049,frozen,44,0,3,0,0,-1.0,-1.0,1,0,1,0,0.0,0.02041849026803985
2050,frozen,44,6,3,0,0,-1.0,-1.0,1,0,1,0,0.0,0.02041849026803985
2051,frozen,44,3,3,0,1,1.0,1.0,0,nan,nan,nan,0.0,0.02041849026803985
2052,frozen,44,2,2,0,1,1.0,1.0,0,nan,nan,nan,0.0,0.02041849026803985
2053,frozen,44,3,1,0,0,-1.0,-1.0,1,2,0,0,0.0,0.02041849026803985
2054,frozen,44,8,5,1,0,-1.0,-1.0,1,0,1,0,0.0,0.02041849026803985
2055,frozen,44,6,5,1,1,1.0,1.0,0,nan,nan,nan,0.0,0.02041849026803985
2056,frozen,44,1,4,0,0,-1.0,-1.0,1,1,0,0,0.0,0.02041849026803985
2057,frozen,44,4,5,1,1,1.0,1.0,0,nan,nan,nan,0.0,0.02041849026803985
2058,frozen,44,1,4,0,0,-1.0,-1.0,1,1,0,0,0.0,0.02041849026803985
2059,frozen,44,8,5,1,0,-1.0,-1.0,1,0,1,0,0.0,0.02041849026803985
2060,frozen,44,1,5,1,0,-1.0,-1.0,1,0,1,0,0.0,0.02041849026803985
2061,frozen,44,7,5,1,0,-1.0,-1.0,1,0,1,0,0.0,0.02041849026803985
2062,frozen,44,6,3,0,0,-1.0,-1.0,1,0,1,0,0.0,0.02041849026803985
2063,frozen,44,0,3,0,0,-1.0,-1.0,1,0,1,0,0.0,0.02041849026803985
2064,frozen,44,8,3,0,0,-1.0,-1.0,1,0,1,0,0.0,0.02041849026803985
2065,frozen,44,1,5,1,0,-1.0,-1.0,1,0,1,0,0.0,0.02041849026803985
2066,frozen,44,3,3,0,1,1.0,1.0,0,nan,nan,nan,0.0,0.02041849026803985
2067,frozen,44,4,4,1,1,1.0,1.0,0,nan,nan,nan,0.0,0.02041849026803985
2068,frozen,44,5,5,1,1,1.0,1.0,0,nan,nan,nan,0.0,0.02041849026803985
2069,frozen,44,4,4,0,1,1.0,1.0,0,nan,nan,nan,0.0,0.02041849026803985
2070,frozen,44,7,5,1,0,-1.0,-1.0,1,4,0,1,0.0,0.02041849026803985
2071,frozen,44,1,5,1,0,-1.0,-1.0,1,0,1,0,0.0,0.02041849026803985
2072,frozen,44,8,5,1,0,-1.0,-1.0,1,0,1,0,0.0,0.02041849026803985
2073,frozen,44,8,5,1,0,-1.0,-1.0,1,0,1,0,0.0,0.02041849026803985
2074,frozen,44,1,5,1,0,-1.0,-1.0,1,0,1,0,0.0,0.02041849026803985
2075,frozen,44,5,3,0,0,-1.0,-1.0,1,0,1,0,0.0,0.02041849026803985
2076,frozen,44,7,5,1,0,-1.0,-1.0,1,0,1,0,0.0,0.02041849026803985
2077,frozen,44,8,3,0,0,-1.0,-1.0,1,0,1,0,0.0,0.02041849026803985
2078,frozen,44,0,3,0,0,-1.0,-1.0,1,0,1,0,0.0,0.02041849026803985
2079,frozen,44,5,3,0,0,-1.0,-1.0,1,0,1,0,0.0,0.02041849026803985
2080,frozen,44,4,3,0,1,1.0,1.0,0,nan,nan,nan,0.0,0.02041849026803985
2081,frozen,44,4,4,1,1,1.0,1.0,0,nan,nan,nan,0.0,0.02041849026803985
2082,frozen,44,7,5,1,0,-1.0,-1.0,1,2,0,0,0.0,0.02041849026803985
2083,frozen,44,3,5,1,0,-1.0,-1.0,1,0,1,0,0.0,0.02041849026803985
2084,frozen,44,6,3,0,0,-1.0,-1.0,1,0,1,0,0.0,0.02041849026803985
2085,frozen,44,2,3,0,1,1.0,1.0,0,nan,nan,nan,0.0,0.02041849026803985
2086,frozen,44,2,4,1,0,-1.0,-1.0,1,1,0,0,0.0,0.02041849026803985
2087,frozen,44,7,5,1,0,-1.0,-1.0,1,0,1,0,0.0,0.02041849026803985
2088,frozen,44,5,5,1,1,1.0,1.0,0,nan,nan,nan,0.0,0.02041849026803985
2089,frozen,44,4,6,1,0,-1.0,-1.0,1,1,0,0,0.0,0.02041849026803985
2090,frozen,44,0,3,0,0,-1.0,-1.0,1,0,1,0,0.0,0.02041849026803985
2091,frozen,44,6,3,0,0,-1.0,-1.0,1,0,1,0,0.0,0.02041849026803985
2092,frozen,44,1,5,1,0,-1.0,-1.0,1,0,1,0,0.0,0.02041849026803985
2093,frozen,44,4,5,1,1,1.0,1.0,0,nan,nan,nan,0.0,0.02041849026803985
2094,frozen,44,2,4,0,0,-1.0,-1.0,1,1,0,0,0.0,0.02041849026803985
2095,frozen,44,3,3,0,1,1.0,1.0,0,nan,nan,nan,0.0,0.02041849026803985
2096,frozen,44,0,2,0,0,-1.0,-1.0,1,1,0,0,0.0,0.02041849026803985
2097,frozen,44,5,3,0,0,-1.0,-1.0,1,0,1,0,0.0,0.02041849026803985
2098,frozen,44,8,3,0,0,-1.0,-1.0,1,0,1,0,0.0,0.02041849026803985
2099,frozen,44,4,5,1,1,1.0,1.0,0,nan,nan,nan,0.0,0.02041849026803985
2100,frozen,44,7,6,1,1,1.0,1.0,0,nan,nan,nan,0.0,0.02041849026803985
2101,frozen,44,5,7,1,0,-1.0,-1.0,1,2,0,0,0.0,0.02041849026803985
2102,frozen,44,2,3,0,1,1.0,1.0,0,nan,nan,nan,0.0,0.02041849026803985
2103,frozen,44,2,4,1,0,-1.0,-1.0,1,1,0,0,0.0,0.02041849026803985
2104,frozen,44,8,5,1,0,-1.0,-1.0,1,0,1,0,0.0,0.02041849026803985
2105,frozen,44,5,5,1,1,1.0,1.0,0,nan,nan,nan,0.0,0.02041849026803985
2106,frozen,44,4,6,1,0,-1.0,-1.0,1,1,0,0,0.0,0.02041849026803985
2107,frozen,44,7,5,1,0,-1.0,-1.0,1,0,1,0,0.0,0.02041849026803985
2108,frozen,44,0,3,0,0,-1.0,-1.0,1,0,1,0,0.0,0.02041849026803985
2109,frozen,44,2,5,1,0,-1.0,-1.0,1,0,1,0,0.0,0.02041849026803985
2110,frozen,44,3,5,1,0,-1.0,-1.0,1,0,1,0,0.0,0.02041849026803985
2111,frozen,44,2,3,0,1,1.0,1.0,0,nan,nan,nan,0.0,0.02041849026803985
2112,frozen,44,3,4,1,1,1.0,1.0,0,nan,nan,nan,0.0,0.02041849026803985
2113,frozen,44,1,3,0,0,-1.0,-1.0,1,2,0,0,0.0,0.02041849026803985
2114,frozen,44,6,5,1,1,1.0,1.0,0,nan,nan,nan,0.0,0.02041849026803985
2115,frozen,44,7,6,1,1,1.0,1.0,0,nan,nan,nan,0.0,0.02041849026803985
2116,frozen,44,8,7,1,1,1.0,1.0,0,nan,nan,nan,0.0,0.02041849026803985
2117,frozen,44,4,6,0,0,-1.0,-1.0,1,3,0,1,0.0,0.02041849026803985
2118,frozen,44,5,3,0,0,-1.0,-1.0,1,0,1,0,0.0,0.02041849026803985
2119,frozen,44,4,5,1,1,1.0,1.0,0,nan,nan,nan,0.0,0.02041849026803985
2120,frozen,44,5,6,1,1,1.0,1.0,0,nan,nan,nan,0.0,0.02041849026803985
2121,frozen,44,4,7,1,0,-1.0,-1.0,1,2,0,0,0.0,0.02041849026803985
2122,frozen,44,0,3,0,0,-1.0,-1.0,1,0,1,0,0.0,0.02041849026803985
2123,frozen,44,3,5,1,0,-1.0,-1.0,1,0,1,0,0.0,0.02041849026803985
2124,frozen,44,0,3,0,0,-1.0,-1.0,1,0,1,0,0.0,0.02041849026803985
2125,frozen,44,7,5,1,0,-1.0,-1.0,1,0,1,0,0.0,0.02041849026803985
2126,frozen,44,2,3,0,1,1.0,1.0,0,nan,nan,nan,0.0,0.02041849026803985
2127,frozen,44,0,2,0,0,-1.0,-1.0,1,1,0,0,0.0,0.02041849026803985
2128,frozen,44,0,3,0,0,-1.0,-1.0,1,0,1,0,0.0,0.02041849026803985
2129,frozen,44,2,5,1,0,-1.0,-1.0,1,0,1,0,0.0,0.02041849026803985
2130,frozen,44,3,5,1,0,-1.0,-1.0,1,0,1,0,0.0,0.02041849026803985
2131,frozen,44,4,5,1,1,1.0,1.0,0,nan,nan,nan,0.0,0.02041849026803985
2132,frozen,44,2,4,0,0,-1.0,-1.0,1,1,0,0,0.0,0.02041849026803985
2133,frozen,44,6,5,1,1,1.0,1.0,0,nan,nan,nan,0.0,0.02041849026803985
2134,frozen,44,4,4,0,1,1.0,1.0,0,nan,nan,nan,0.0,0.02041849026803985
2135,frozen,44,7,5,1,0,-1.0,-1.0,1,2,0,0,0.0,0.02041849026803985
2136,frozen,44,1,3,0,0,-1.0,-1.0,1,0,1,0,0.0,0.02041849026803985
2137,frozen,44,4,5,1,1,1.0,1.0,0,nan,nan,nan,0.0,0.02041849026803985
2138,frozen,44,3,4,0,1,1.0,1.0,0,nan,nan,nan,0.0,0.02041849026803985
2139,frozen,44,6,3,0,0,-1.0,-1.0,1,2,0,0,0.0,0.02041849026803985
2140,frozen,44,0,3,0,0,-1.0,-1.0,1,0,1,0,0.0,0.02041849026803985
2141,frozen,44,6,5,1,1,1.0,1.0,0,nan,nan,nan,0.0,0.02041849026803985
2142,frozen,44,0,4,0,0,-1.0,-1.0,1,1,0,0,0.0,0.02041849026803985
2143,frozen,44,7,5,1,0,-1.0,-1.0,1,0,1,0,0.0,0.02041849026803985
2144,frozen,44,6,5,1,1,1.0,1.0,0,nan,nan,nan,0.0,0.02041849026803985
2145,frozen,44,4,6,1,0,-1.0,-1.0,1,1,0,0,0.0,0.02041849026803985
2146,frozen,44,2,3,0,1,1.0,1.0,0,nan,nan,nan,0.0,0.02041849026803985
2147,frozen,44,4,2,0,0,-1.0,-1.0,1,1,0,0,0.0,0.02041849026803985
2148,frozen,44,1,3,0,0,-1.0,-1.0,1,0,1,0,0.0,0.02041849026803985
2149,frozen,44,8,3,0,0,-1.0,-1.0,1,0,1,0,0.0,0.02041849026803985
2150,frozen,44,3,5,1,0,-1.0,-1.0,1,0,1,0,0.0,0.02041849026803985
2151,frozen,44,1,5,1,0,-1.0,-1.0,1,0,1,0,0.0,0.02041849026803985
2152,frozen,44,8,5,1,0,-1.0,-1.0,1,0,1,0,0.0,0.02041849026803985
2153,frozen,44,1,5,1,0,-1.0,-1.0,1,0,1,0,0.0,0.02041849026803985
2154,frozen,44,1,3,0,0,-1.0,-1.0,1,0,1,0,0.0,0.02041849026803985
2155,frozen,44,4,5,1,1,1.0,1.0,0,nan,nan,nan,0.0,0.02041849026803985
2156,frozen,44,3,6,1,0,-1.0,-1.0,1,1,0,0,0.0,0.02041849026803985
2157,frozen,44,2,5,1,0,-1.0,-1.0,1,0,1,0,0.0,0.02041849026803985
2158,frozen,44,2,3,0,1,1.0,1.0,0,nan,nan,nan,0.0,0.02041849026803985
2159,frozen,44,1,2,0,1,1.0,1.0,0,nan,nan,nan,0.0,0.02041849026803985
2160,frozen,44,1,3,1,0,-1.0,-1.0,1,2,0,0,0.0,0.02041849026803985
2161,frozen,44,5,3,0,0,-1.0,-1.0,1,0,1,0,0.0,0.02041849026803985
2162,frozen,44,7,5,1,0,-1.0,-1.0,1,0,1,0,0.0,0.02041849026803985
2163,frozen,44,2,3,0,1,1.0,1.0,0,nan,nan,nan,0.0,0.02041849026803985
2164,frozen,44,2,2,0,1,1.0,1.0,0,nan,nan,nan,0.0,0.02041849026803985
2165,frozen,44,0,3,1,0,-1.0,-1.0,1,2,0,0,0.0,0.02041849026803985
2166,frozen,44,3,3,0,1,1.0,1.0,0,nan,nan,nan,0.0,0.02041849026803985
2167,frozen,44,7,4,1,0,-1.0,-1.0,1,1,0,0,0.0,0.02041849026803985
2168,frozen,44,7,5,1,0,-1.0,-1.0,1,0,1,0,0.0,0.02041849026803985
2169,frozen,44,5,5,1,1,1.0,1.0,0,nan,nan,nan,0.0,0.02041849026803985
2170,frozen,44,6,4,0,0,-1.0,-1.0,1,1,0,0,0.0,0.02041849026803985
2171,frozen,44,7,5,1,0,-1.0,-1.0,1,0,1,0,0.0,0.02041849026803985
2172,frozen,44,1,3,0,0,-1.0,-1.0,1,0,1,0,0.0,0.02041849026803985
2173,frozen,44,7,5,1,0,-1.0,-1.0,1,0,1,0,0.0,0.02041849026803985
2174,frozen,44,6,3,0,0,-1.0,-1.0,1,0,1,0,0.0,0.02041849026803985
2175,frozen,44,3,5,1,0,-1.0,-1.0,1,0,1,0,0.0,0.02041849026803985
2176,frozen,44,8,3,0,0,-1.0,-1.0,1,0,1,0,0.0,0.02041849026803985
2177,frozen,44,7,3,0,0,-1.0,-1.0,1,0,1,0,0.0,0.02041849026803985
2178,frozen,44,2,5,1,0,-1.0,-1.0,1,0,1,0,0.0,0.02041849026803985
2179,frozen,44,3,5,1,0,-1.0,-1.0,1,0,1,0,0.0,0.02041849026803985
2180,frozen,44,0,3,0,0,-1.0,-1.0,1,0,1,0,0.0,0.02041849026803985
2181,frozen,44,4,5,1,1,1.0,1.0,0,nan,nan,nan,0.0,0.02041849026803985
2182,frozen,44,1,4,0,0,-1.0,-1.0,1,1,0,0,0.0,0.02041849026803985
2183,frozen,44,4,5,1,1,1.0,1.0,0,nan,nan,nan,0.0,0.02041849026803985
2184,frozen,44,1,4,0,0,-1.0,-1.0,1,1,0,0,0.0,0.02041849026803985
2185,frozen,44,4,5,1,1,1.0,1.0,0,nan,nan,nan,0.0,0.02041849026803985
2186,frozen,44,7,6,1,1,1.0,1.0,0,nan,nan,nan,0.0,0.02041849026803985
2187,frozen,44,5,7,1,0,-1.0,-1.0,1,2,0,0,0.0,0.02041849026803985
2188,frozen,44,5,3,0,0,-1.0,-1.0,1,0,1,0,0.0,0.02041849026803985
2189,frozen,44,3,3,0,1,1.0,1.0,0,nan,nan,nan,0.0,0.02041849026803985
2190,frozen,44,0,4,1,0,-1.0,-1.0,1,1,0,0,0.0,0.02041849026803985
2191,frozen,44,5,3,0,0,-1.0,-1.0,1,0,1,0,0.0,0.02041849026803985
2192,frozen,44,0,5,1,0,-1.0,-1.0,1,0,1,0,0.0,0.02041849026803985
2193,frozen,44,8,5,1,0,-1.0,-1.0,1,0,1,0,0.0,0.02041849026803985
2194,frozen,44,6,3,0,0,-1.0,-1.0,1,0,1,0,0.0,0.02041849026803985
2195,frozen,44,5,3,0,0,-1.0,-1.0,1,0,1,0,0.0,0.02041849026803985
2196,frozen,44,8,3,0,0,-1.0,-1.0,1,0,1,0,0.0,0.02041849026803985
2197,frozen,44,5,5,1,1,1.0,1.0,0,nan,nan,nan,0.0,0.02041849026803985
2198,frozen,44,6,4,0,0,-1.0,-1.0,1,1,0,0,0.0,0.02041849026803985
2199,frozen,44,7,5,1,0,-1.0,-1.0,1,0,1,0,0.0,0.02041849026803985
2200,frozen,44,1,5,1,0,-1.0,-1.0,1,0,1,0,0.0,0.02041849026803985
2201,frozen,44,0,3,0,0,-1.0,-1.0,1,0,1,0,0.0,0.02041849026803985
2202,frozen,44,5,3,0,0,-1.0,-1.0,1,0,1,0,0.0,0.02041849026803985
2203,frozen,44,4,5,1,1,1.0,1.0,0,nan,nan,nan,0.0,0.02041849026803985
2204,frozen,44,7,6,1,1,1.0,1.0,0,nan,nan,nan,0.0,0.02041849026803985
2205,frozen,44,2,5,0,0,-1.0,-1.0,1,2,0,0,0.0,0.02041849026803985
2206,frozen,44,7,5,1,0,-1.0,-1.0,1,0,1,0,0.0,0.02041849026803985
2207,frozen,44,3,5,1,0,-1.0,-1.0,1,0,1,0,0.0,0.02041849026803985
2208,frozen,44,6,5,1,1,1.0,1.0,0,nan,nan,nan,0.0,0.02041849026803985
2209,frozen,44,0,4,0,0,-1.0,-1.0,1,1,0,0,0.0,0.02041849026803985
2210,frozen,44,5,5,1,1,1.0,1.0,0,nan,nan,nan,0.0,0.02041849026803985
2211,frozen,44,5,6,1,1,1.0,1.0,0,nan,nan,nan,0.0,0.02041849026803985
2212,frozen,44,0,5,0,0,-1.0,-1.0,1,2,0,0,0.0,0.02041849026803985
2213,frozen,44,8,5,1,0,-1.0,-1.0,1,0,1,0,0.0,0.02041849026803985
2214,frozen,44,8,5,1,0,-1.0,-1.0,1,0,1,0,0.0,0.02041849026803985
2215,frozen,44,6,3,0,0,-1.0,-1.0,1,0,1,0,0.0,0.02041849026803985
2216,frozen,44,8,5,1,0,-1.0,-1.0,1,0,1,0,0.0,0.02041849026803985
2217,frozen,44,1,3,0,0,-1.0,-1.0,1,0,1,0,0.0,0.02041849026803985
2218,frozen,44,4,5,1,1,1.0,1.0,0,nan,nan,nan,0.0,0.02041849026803985
2219,frozen,44,2,6,1,0,-1.0,-1.0,1,1,0,0,0.0,0.02041849026803985
2220,frozen,44,3,3,0,1,1.0,1.0,0,nan,nan,nan,0.0,0.02041849026803985
2221,frozen,44,1,2,0,1,1.0,1.0,0,nan,nan,nan,0.0,0.02041849026803985
2222,frozen,44,3,1,0,0,-1.0,-1.0,1,2,0,0,0.0,0.02041849026803985
2223,frozen,44,2,3,0,1,1.0,1.0,0,nan,nan,nan,0.0,0.02041849026803985
2224,frozen,44,2,4,1,0,-1.0,-1.0,1,1,0,0,0.0,0.02041849026803985
2225,frozen,44,7,3,0,0,-1.0,-1.0,1,0,1,0,0.0,0.02041849026803985
2226,frozen,44,6,5,1,1,1.0,1.0,0,nan,nan,nan,0.0,0.02041849026803985
2227,frozen,44,8,6,1,0,-1.0,-1.0,1,1,0,0,0.0,0.02041849026803985
2228,frozen,44,3,3,0,1,1.0,1.0,0,nan,nan,nan,0.0,0.02041849026803985
2229,frozen,44,1,4,1,0,-1.0,-1.0,1,1,0,0,0.0,0.02041849026803985
2230,frozen,44,1,5,1,0,-1.0,-1.0,1,0,1,0,0.0,0.02041849026803985
2231,frozen,44,3,3,0,1,1.0,1.0,0,nan,nan,nan,0.0,0.02041849026803985
2232,frozen,44,3,2,0,1,1.0,1.0,0,nan,nan,nan,0.0,0.02041849026803985
2233,frozen,44,0,1,0,1,1.0,1.0,0,nan,nan,nan,0.0,0.02041849026803985
2234,frozen,44,5,2,1,0,-1.0,-1.0,1,3,0,1,0.0,0.02041849026803985
2235,frozen,44,2,5,1,0,-1.0,-1.0,1,0,1,0,0.0,0.02041849026803985
2236,frozen,44,7,5,1,0,-1.0,-1.0,1,0,1,0,0.0,0.02041849026803985
2237,frozen,44,6,5,1,1,1.0,1.0,0,nan,nan,nan,0.0,0.02041849026803985
2238,frozen,44,3,4,0,1,1.0,1.0,0,nan,nan,nan,0.0,0.02041849026803985
2239,frozen,44,8,3,0,0,-1.0,-1.0,1,2,0,0,0.0,0.02041849026803985
2240,frozen,44,4,5,1,1,1.0,1.0,0,nan,nan,nan,0.0,0.02041849026803985
2241,frozen,44,5,6,1,1,1.0,1.0,0,nan,nan,nan,0.0,0.02041849026803985
2242,frozen,44,5,7,1,0,-1.0,-1.0,1,2,0,0,0.0,0.02041849026803985
2243,frozen,44,2,3,0,1,1.0,1.0,0,nan,nan,nan,0.0,0.02041849026803985
2244,frozen,44,2,2,0,1,1.0,1.0,0,nan,nan,nan,0.0,0.02041849026803985
2245,frozen,44,6,3,1,0,-1.0,-1.0,1,2,0,0,0.0,0.02041849026803985
2246,frozen,44,5,5,1,1,1.0,1.0,0,nan,nan,nan,0.0,0.02041849026803985
2247,frozen,44,4,6,1,0,-1.0,-1.0,1,1,0,0,0.0,0.02041849026803985
2248,frozen,44,2,5,1,0,-1.0,-1.0,1,0,1,0,0.0,0.02041849026803985
2249,frozen,44,4,5,1,1,1.0,1.0,0,nan,nan,nan,0.0,0.02041849026803985
2250,frozen,44,5,6,1,1,1.0,1.0,0,nan,nan,nan,0.0,0.02041849026803985
2251,frozen,44,8,7,1,1,1.0,1.0,0,nan,nan,nan,0.0,0.02041849026803985
2252,frozen,44,7,8,1,1,1.0,1.0,0,nan,nan,nan,0.0,0.02041849026803985
2253,frozen,44,2,8,1,0,-1.0,-1.0,1,4,0,1,0.0,0.02041849026803985
2254,frozen,44,3,5,1,0,-1.0,-1.0,1,0,1,0,0.0,0.02041849026803985
2255,frozen,44,0,3,0,0,-1.0,-1.0,1,0,1,0,0.0,0.02041849026803985
2256,frozen,44,8,3,0,0,-1.0,-1.0,1,0,1,0,0.0,0.02041849026803985
2257,frozen,44,1,3,0,0,-1.0,-1.0,1,0,1,0,0.0,0.02041849026803985
2258,frozen,44,8,5,1,0,-1.0,-1.0,1,0,1,0,0.0,0.02041849026803985
2259,frozen,44,2,3,0,1,1.0,1.0,0,nan,nan,nan,0.0,0.02041849026803985
2260,frozen,44,5,4,1,1,1.0,1.0,0,nan,nan,nan,0.0,0.02041849026803985
2261,frozen,44,0,3,0,0,-1.0,-1.0,1,2,0,0,0.0,0.02041849026803985
2262,frozen,44,0,3,0,0,-1.0,-1.0,1,0,1,0,0.0,0.02041849026803985
2263,frozen,44,6,5,1,1,1.0,1.0,0,nan,nan,nan,0.0,0.02041849026803985
2264,frozen,44,4,6,1,0,-1.0,-1.0,1,1,0,0,0.0,0.02041849026803985
2265,frozen,44,7,5,1,0,-1.0,-1.0,1,0,1,0,0.0,0.02041849026803985
2266,frozen,44,3,3,0,1,1.0,1.0,0,nan,nan,nan,0.0,0.02041849026803985
2267,frozen,44,3,4,1,1,1.0,1.0,0,nan,nan,nan,0.0,0.02041849026803985
2268,frozen,44,4,5,1,1,1.0,1.0,0,nan,nan,nan,0.0,0.02041849026803985
2269,frozen,44,2,6,1,0,-1.0,-1.0,1,3,0,1,0.0,0.02041849026803985
2270,frozen,44,1,5,1,0,-1.0,-1.0,1,0,1,0,0.0,0.02041849026803985
2271,frozen,44,2,5,1,0,-1.0,-1.0,1,0,1,0,0.0,0.02041849026803985
2272,frozen,44,7,5,1,0,-1.0,-1.0,1,0,1,0,0.0,0.02041849026803985
2273,frozen,44,6,5,1,1,1.0,1.0,0,nan,nan,nan,0.0,0.02041849026803985
2274,frozen,44,1,4,0,0,-1.0,-1.0,1,1,0,0,0.0,0.02041849026803985
2275,frozen,44,0,5,1,0,-1.0,-1.0,1,0,1,0,0.0,0.02041849026803985
2276,frozen,44,4,5,1,1,1.0,1.0,0,nan,nan,nan,0.0,0.02041849026803985
2277,frozen,44,0,4,0,0,-1.0,-1.0,1,1,0,0,0.0,0.02041849026803985
2278,frozen,44,7,5,1,0,-1.0,-1.0,1,0,1,0,0.0,0.02041849026803985
2279,frozen,44,7,5,1,0,-1.0,-1.0,1,0,1,0,0.0,0.02041849026803985
2280,frozen,44,1,3,0,0,-1.0,-1.0,1,0,1,0,0.0,0.02041849026803985
2281,frozen,44,1,3,0,0,-1.0,-1.0,1,0,1,0,0.0,0.02041849026803985
2282,frozen,44,2,3,0,1,1.0,1.0,0,nan,nan,nan,0.0,0.02041849026803985
2283,frozen,44,7,2,0,0,-1.0,-1.0,1,1,0,0,0.0,0.02041849026803985
2284,frozen,44,6,3,0,0,-1.0,-1.0,1,0,1,0,0.0,0.02041849026803985
2285,frozen,44,2,3,0,1,1.0,1.0,0,nan,nan,nan,0.0,0.02041849026803985
2286,frozen,44,3,2,0,1,1.0,1.0,0,nan,nan,nan,0.0,0.02041849026803985
2287,frozen,44,8,3,1,0,-1.0,-1.0,1,2,0,0,0.0,0.02041849026803985
2288,frozen,44,5,5,1,1,1.0,1.0,0,nan,nan,nan,0.0,0.02041849026803985
2289,frozen,44,4,6,1,0,-1.0,-1.0,1,1,0,0,0.0,0.02041849026803985
2290,frozen,44,3,5,1,0,-1.0,-1.0,1,0,1,0,0.0,0.02041849026803985
2291,frozen,44,0,3,0,0,-1.0,-1.0,1,0,1,0,0.0,0.02041849026803985
2292,frozen,44,8,3,0,0,-1.0,-1.0,1,0,1,0,0.0,0.02041849026803985
2293,frozen,44,3,5,1,0,-1.0,-1.0,1,0,1,0,0.0,0.02041849026803985
2294,frozen,44,8,5,1,0,-1.0,-1.0,1,0,1,0,0.0,0.02041849026803985
2295,frozen,44,4,5,1,1,1.0,1.0,0,nan,nan,nan,0.0,0.02041849026803985
2296,frozen,44,1,4,0,0,-1.0,-1.0,1,1,0,0,0.0,0.02041849026803985
2297,frozen,44,8,3,0,0,-1.0,-1.0,1,0,1,0,0.0,0.02041849026803985
2298,frozen,44,5,5,1,1,1.0,1.0,0,nan,nan,nan,0.0,0.02041849026803985
2299,frozen,44,4,4,0,1,1.0,1.0,0,nan,nan,nan,0.0,0.02041849026803985
2300,frozen,44,6,5,1,1,1.0,1.0,0,nan,nan,nan,0.0,0.02041849026803985
2301,frozen,44,7,4,0,0,-1.0,-1.0,1,3,0,1,0.0,0.02041849026803985
2302,frozen,44,0,3,0,0,-1.0,-1.0,1,0,1,0,0.0,0.02041849026803985
2303,frozen,44,6,5,1,1,1.0,1.0,0,nan,nan,nan,0.0,0.02041849026803985
2304,frozen,44,3,4,0,1,1.0,1.0,0,nan,nan,nan,0.0,0.02041849026803985
2305,frozen,44,8,5,1,0,-1.0,-1.0,1,2,0,0,0.0,0.02041849026803985
2306,frozen,44,8,3,0,0,-1.0,-1.0,1,0,1,0,0.0,0.02041849026803985
2307,frozen,44,7,3,0,0,-1.0,-1.0,1,0,1,0,0.0,0.02041849026803985
2308,frozen,44,5,5,1,1,1.0,1.0,0,nan,nan,nan,0.0,0.02041849026803985
2309,frozen,44,6,4,0,0,-1.0,-1.0,1,1,0,0,0.0,0.02041849026803985
2310,frozen,44,5,5,1,1,1.0,1.0,0,nan,nan,nan,0.0,0.02041849026803985
2311,frozen,44,8,6,1,0,-1.0,-1.0,1,1,0,0,0.0,0.02041849026803985
2312,frozen,44,7,5,1,0,-1.0,-1.0,1,0,1,0,0.0,0.02041849026803985
2313,frozen,44,7,5,1,0,-1.0,-1.0,1,0,1,0,0.0,0.02041849026803985
2314,frozen,44,2,3,0,1,1.0,1.0,0,nan,nan,nan,0.0,0.02041849026803985
2315,frozen,44,8,2,0,0,-1.0,-1.0,1,1,0,0,0.0,0.02041849026803985
2316,frozen,44,6,3,0,0,-1.0,-1.0,1,0,1,0,0.0,0.02041849026803985
2317,frozen,44,8,5,1,0,-1.0,-1.0,1,0,1,0,0.0,0.02041849026803985
2318,frozen,44,2,5,1,0,-1.0,-1.0,1,0,1,0,0.0,0.02041849026803985
2319,frozen,44,1,3,0,0,-1.0,-1.0,1,0,1,0,0.0,0.02041849026803985
2320,frozen,44,4,5,1,1,1.0,1.0,0,nan,nan,nan,0.0,0.02041849026803985
2321,frozen,44,5,6,1,1,1.0,1.0,0,nan,nan,nan,0.0,0.02041849026803985
2322,frozen,44,8,5,0,0,-1.0,-1.0,1,2,0,0,0.0,0.02041849026803985
2323,frozen,44,2,3,0,1,1.0,1.0,0,nan,nan,nan,0.0,0.02041849026803985
2324,frozen,44,1,2,0,1,1.0,1.0,0,nan,nan,nan,0.0,0.02041849026803985
2325,frozen,44,3,1,0,0,-1.0,-1.0,1,2,0,0,0.0,0.02041849026803985
2326,frozen,44,6,5,1,1,1.0,1.0,0,nan,nan,nan,0.0,0.02041849026803985
2327,frozen,44,4,4,0,1,1.0,1.0,0,nan,nan,nan,0.0,0.02041849026803985
2328,frozen,44,2,3,0,1,1.0,1.0,0,nan,nan,nan,0.0,0.02041849026803985
2329,frozen,44,2,4,1,0,-1.0,-1.0,1,3,0,1,0.0,0.02041849026803985
2330,frozen,44,6,3,0,0,-1.0,-1.0,1,0,1,0,0.0,0.02041849026803985
2331,frozen,44,6,5,1,1,1.0,1.0,0,nan,nan,nan,0.0,0.02041849026803985
2332,frozen,44,4,6,1,0,-1.0,-1.0,1,1,0,0,0.0,0.02041849026803985
2333,frozen,44,5,5,1,1,1.0,1.0,0,nan,nan,nan,0.0,0.02041849026803985
2334,frozen,44,2,4,0,0,-1.0,-1.0,1,1,0,0,0.0,0.02041849026803985
2335,frozen,44,8,5,1,0,-1.0,-1.0,1,0,1,0,0.0,0.02041849026803985
2336,frozen,44,0,5,1,0,-1.0,-1.0,1,0,1,0,0.0,0.02041849026803985
2337,frozen,44,1,5,1,0,-1.0,-1.0,1,0,1,0,0.0,0.02041849026803985
2338,frozen,44,5,5,1,1,1.0,1.0,0,nan,nan,nan,0.0,0.02041849026803985
2339,frozen,44,0,4,0,0,-1.0,-1.0,1,1,0,0,0.0,0.02041849026803985
2340,frozen,44,4,5,1,1,1.0,1.0,0,nan,nan,nan,0.0,0.02041849026803985
2341,frozen,44,8,6,1,0,-1.0,-1.0,1,1,0,0,0.0,0.02041849026803985
2342,frozen,44,0,3,0,0,-1.0,-1.0,1,0,1,0,0.0,0.02041849026803985
2343,frozen,44,8,3,0,0,-1.0,-1.0,1,0,1,0,0.0,0.02041849026803985
2344,frozen,44,1,5,1,0,-1.0,-1.0,1,0,1,0,0.0,0.02041849026803985
2345,frozen,44,5,3,0,0,-1.0,-1.0,1,0,1,0,0.0,0.02041849026803985
2346,frozen,44,2,3,0,1,1.0,1.0,0,nan,nan,nan,0.0,0.02041849026803985
2347,frozen,44,1,2,0,1,1.0,1.0,0,nan,nan,nan,0.0,0.02041849026803985
2348,frozen,44,3,1,0,0,-1.0,-1.0,1,2,0,0,0.0,0.02041849026803985
2349,frozen,44,6,5,1,1,1.0,1.0,0,nan,nan,nan,0.0,0.02041849026803985
2350,frozen,44,1,4,0,0,-1.0,-1.0,1,1,0,0,0.0,0.02041849026803985
2351,frozen,44,2,3,0,1,1.0,1.0,0,nan,nan,nan,0.0,0.02041849026803985
2352,frozen,44,3,4,1,1,1.0,1.0,0,nan,nan,nan,0.0,0.02041849026803985
2353,frozen,44,1,3,0,0,-1.0,-1.0,1,2,0,0,0.0,0.02041849026803985
2354,frozen,44,3,3,0,1,1.0,1.0,0,nan,nan,nan,0.0,0.02041849026803985
2355,frozen,44,6,4,1,0,-1.0,-1.0,1,1,0,0,0.0,0.02041849026803985
2356,frozen,44,7,5,1,0,-1.0,-1.0,1,0,1,0,0.0,0.02041849026803985
2357,frozen,44,1,3,0,0,-1.0,-1.0,1,0,1,0,0.0,0.02041849026803985
2358,frozen,44,7,5,1,0,-1.0,-1.0,1,0,1,0,0.0,0.02041849026803985
2359,frozen,44,5,5,1,1,1.0,1.0,0,nan,nan,nan,0.0,0.02041849026803985
2360,frozen,44,4,6,1,0,-1.0,-1.0,1,1,0,0,0.0,0.02041849026803985
2361,frozen,44,7,5,1,0,-1.0,-1.0,1,0,1,0,0.0,0.02041849026803985
2362,frozen,44,4,5,1,1,1.0,1.0,0,nan,nan,nan,0.0,0.02041849026803985
2363,frozen,44,3,6,1,0,-1.0,-1.0,1,1,0,0,0.0,0.02041849026803985
2364,frozen,44,1,5,1,0,-1.0,-1.0,1,0,1,0,0.0,0.02041849026803985
2365,frozen,44,2,3,0,1,1.0,1.0,0,nan,nan,nan,0.0,0.02041849026803985
2366,frozen,44,1,2,0,1,1.0,1.0,0,nan,nan,nan,0.0,0.02041849026803985
2367,frozen,44,6,3,1,0,-1.0,-1.0,1,2,0,0,0.0,0.02041849026803985
2368,frozen,44,5,3,0,0,-1.0,-1.0,1,0,1,0,0.0,0.02041849026803985
2369,frozen,44,8,5,1,0,-1.0,-1.0,1,0,1,0,0.0,0.02041849026803985
2370,frozen,44,5,3,0,0,-1.0,-1.0,1,0,1,0,0.0,0.02041849026803985
2371,frozen,44,4,5,1,1,1.0,1.0,0,nan,nan,nan,0.0,0.02041849026803985
2372,frozen,44,4,4,0,1,1.0,1.0,0,nan,nan,nan,0.0,0.02041849026803985
2373,frozen,44,0,3,0,0,-1.0,-1.0,1,2,0,0,0.0,0.02041849026803985
2374,frozen,44,1,3,0,0,-1.0,-1.0,1,0,1,0,0.0,0.02041849026803985
2375,frozen,44,6,5,1,1,1.0,1.0,0,nan,nan,nan,0.0,0.02041849026803985
2376,frozen,44,3,4,0,1,1.0,1.0,0,nan,nan,nan,0.0,0.02041849026803985
2377,frozen,44,7,5,1,0,-1.0,-1.0,1,2,0,0,0.0,0.02041849026803985
2378,frozen,44,6,3,0,0,-1.0,-1.0,1,0,1,0,0.0,0.02041849026803985
2379,frozen,44,5,5,1,1,1.0,1.0,0,nan,nan,nan,0.0,0.02041849026803985
2380,frozen,44,6,6,1,1,1.0,1.0,0,nan,nan,nan,0.0,0.02041849026803985
2381,frozen,44,4,7,1,0,-1.0,-1.0,1,2,0,0,0.0,0.02041849026803985
2382,frozen,44,2,5,1,0,-1.0,-1.0,1,0,1,0,0.0,0.02041849026803985
2383,frozen,44,1,3,0,0,-1.0,-1.0,1,0,1,0,0.0,0.02041849026803985
2384,frozen,44,4,5,1,1,1.0,1.0,0,nan,nan,nan,0.0,0.02041849026803985
2385,frozen,44,4,6,1,0,-1.0,-1.0,1,1,0,0,0.0,0.02041849026803985
2386,frozen,44,1,3,0,0,-1.0,-1.0,1,0,1,0,0.0,0.02041849026803985
2387,frozen,44,6,3,0,0,-1.0,-1.0,1,0,1,0,0.0,0.02041849026803985
2388,frozen,44,1,3,0,0,-1.0,-1.0,1,0,1,0,0.0,0.02041849026803985
2389,frozen,44,8,5,1,0,-1.0,-1.0,1,0,1,0,0.0,0.02041849026803985
2390,frozen,44,3,5,1,0,-1.0,-1.0,1,0,1,0,0.0,0.02041849026803985
2391,frozen,44,1,3,0,0,-1.0,-1.0,1,0,1,0,0.0,0.02041849026803985
2392,frozen,44,6,3,0,0,-1.0,-1.0,1,0,1,0,0.0,0.02041849026803985
2393,frozen,44,4,5,1,1,1.0,1.0,0,nan,nan,nan,0.0,0.02041849026803985
2394,frozen,44,5,6,1,1,1.0,1.0,0,nan,nan,nan,0.0,0.02041849026803985
2395,frozen,44,0,5,0,0,-1.0,-1.0,1,2,0,0,0.0,0.02041849026803985
2396,frozen,44,2,3,0,1,1.0,1.0,0,nan,nan,nan,0.0,0.02041849026803985
2397,frozen,44,6,4,1,0,-1.0,-1.0,1,1,0,0,0.0,0.02041849026803985
2398,frozen,44,7,5,1,0,-1.0,-1.0,1,0,1,0,0.0,0.02041849026803985
2399,frozen,44,2,5,1,0,-1.0,-1.0,1,0,1,0,0.0,0.02041849026803985
2400,frozen,44,8,5,1,0,-1.0,-1.0,1,0,1,0,0.0,0.02041849026803985
2401,frozen,44,5,3,0,0,-1.0,-1.0,1,0,1,0,0.0,0.02041849026803985
2402,frozen,44,4,5,1,1,1.0,1.0,0,nan,nan,nan,0.0,0.02041849026803985
2403,frozen,44,5,6,1,1,1.0,1.0,0,nan,nan,nan,0.0,0.02041849026803985
2404,frozen,44,5,7,1,0,-1.0,-1.0,1,2,0,0,0.0,0.02041849026803985
2405,frozen,44,6,3,0,0,-1.0,-1.0,1,0,1,0,0.0,0.02041849026803985
2406,frozen,44,4,5,1,1,1.0,1.0,0,nan,nan,nan,0.0,0.02041849026803985
2407,frozen,44,1,6,1,0,-1.0,-1.0,1,1,0,0,0.0,0.02041849026803985
2408,frozen,44,4,5,1,1,1.0,1.0,0,nan,nan,nan,0.0,0.02041849026803985
2409,frozen,44,2,6,1,0,-1.0,-1.0,1,1,0,0,0.0,0.02041849026803985
2410,frozen,44,3,3,0,1,1.0,1.0,0,nan,nan,nan,0.0,0.02041849026803985
2411,frozen,44,2,4,1,0,-1.0,-1.0,1,1,0,0,0.0,0.02041849026803985
2412,frozen,44,1,5,1,0,-1.0,-1.0,1,0,1,0,0.0,0.02041849026803985
2413,frozen,44,2,3,0,1,1.0,1.0,0,nan,nan,nan,0.0,0.02041849026803985
2414,frozen,44,6,4,1,0,-1.0,-1.0,1,1,0,0,0.0,0.02041849026803985
2415,frozen,44,7,5,1,0,-1.0,-1.0,1,0,1,0,0.0,0.02041849026803985
2416,frozen,44,4,5,1,1,1.0,1.0,0,nan,nan,nan,0.0,0.02041849026803985
2417,frozen,44,4,6,1,0,-1.0,-1.0,1,1,0,0,0.0,0.02041849026803985
2418,frozen,44,8,5,1,0,-1.0,-1.0,1,0,1,0,0.0,0.02041849026803985
2419,frozen,44,2,5,1,0,-1.0,-1.0,1,0,1,0,0.0,0.02041849026803985
2420,frozen,44,4,5,1,1,1.0,1.0,0,nan,nan,nan,0.0,0.02041849026803985
2421,frozen,44,4,4,0,1,1.0,1.0,0,nan,nan,nan,0.0,0.02041849026803985
2422,frozen,44,0,3,0,0,-1.0,-1.0,1,2,0,0,0.0,0.02041849026803985
2423,frozen,44,7,5,1,0,-1.0,-1.0,1,0,1,0,0.0,0.02041849026803985
2424,frozen,44,4,5,1,1,1.0,1.0,0,nan,nan,nan,0.0,0.02041849026803985
2425,frozen,44,2,4,0,0,-1.0,-1.0,1,1,0,0,0.0,0.02041849026803985
2426,frozen,44,7,5,1,0,-1.0,-1.0,1,0,1,0,0.0,0.02041849026803985
2427,frozen,44,5,3,0,0,-1.0,-1.0,1,0,1,0,0.0,0.02041849026803985
2428,frozen,44,8,3,0,0,-1.0,-1.0,1,0,1,0,0.0,0.02041849026803985
2429,frozen,44,5,5,1,1,1.0,1.0,0,nan,nan,nan,0.0,0.02041849026803985
2430,frozen,44,3,6,1,0,-1.0,-1.0,1,1,0,0,0.0,0.02041849026803985
2431,frozen,44,5,3,0,0,-1.0,-1.0,1,0,1,0,0.0,0.02041849026803985
2432,frozen,44,6,3,0,0,-1.0,-1.0,1,0,1,0,0.0,0.02041849026803985
2433,frozen,44,0,3,0,0,-1.0,-1.0,1,0,1,0,0.0,0.02041849026803985
2434,frozen,44,8,5,1,0,-1.0,-1.0,1,0,1,0,0.0,0.02041849026803985
2435,frozen,44,8,5,1,0,-1.0,-1.0,1,0,1,0,0.0,0.02041849026803985
2436,frozen,44,8,5,1,0,-1.0,-1.0,1,0,1,0,0.0,0.02041849026803985
2437,frozen,44,7,5,1,0,-1.0,-1.0,1,0,1,0,0.0,0.02041849026803985
2438,frozen,44,7,5,1,0,-1.0,-1.0,1,0,1,0,0.0,0.02041849026803985
2439,frozen,44,4,5,1,1,1.0,1.0,0,nan,nan,nan,0.0,0.02041849026803985
2440,frozen,44,6,6,1,1,1.0,1.0,0,nan,nan,nan,0.0,0.02041849026803985
2441,frozen,44,5,7,1,0,-1.0,-1.0,1,2,0,0,0.0,0.02041849026803985
2442,frozen,44,7,5,1,0,-1.0,-1.0,1,0,1,0,0.0,0.02041849026803985
2443,frozen,44,3,3,0,1,1.0,1.0,0,nan,nan,nan,0.0,0.02041849026803985
2444,frozen,44,5,4,1,1,1.0,1.0,0,nan,nan,nan,0.0,0.02041849026803985
2445,frozen,44,6,3,0,0,-1.0,-1.0,1,2,0,0,0.0,0.02041849026803985
2446,frozen,44,5,5,1,1,1.0,1.0,0,nan,nan,nan,0.0,0.02041849026803985
2447,frozen,44,2,4,0,0,-1.0,-1.0,1,1,0,0,0.0,0.02041849026803985
2448,frozen,44,5,5,1,1,1.0,1.0,0,nan,nan,nan,0.0,0.02041849026803985
2449,frozen,44,5,6,1,1,1.0,1.0,0,nan,nan,nan,0.0,0.02041849026803985
2450,frozen,44,7,5,0,0,-1.0,-1.0,1,2,0,0,0.0,0.02041849026803985
2451,frozen,44,0,3,0,0,-1.0,-1.0,1,0,1,0,0.0,0.02041849026803985
2452,frozen,44,8,5,1,0,-1.0,-1.0,1,0,1,0,0.0,0.02041849026803985
2453,frozen,44,3,5,1,0,-1.0,-1.0,1,0,1,0,0.0,0.02041849026803985
2454,frozen,44,1,3,0,0,-1.0,-1.0,1,0,1,0,0.0,0.02041849026803985
2455,frozen,44,0,3,0,0,-1.0,-1.0,1,0,1,0,0.0,0.02041849026803985
2456,frozen,44,8,3,0,0,-1.0,-1.0,1,0,1,0,0.0,0.02041849026803985
2457,frozen,44,6,5,1,1,1.0,1.0,0,nan,nan,nan,0.0,0.02041849026803985
2458,frozen,44,8,6,1,0,-1.0,-1.0,1,1,0,0,0.0,0.02041849026803985
2459,frozen,44,3,3,0,1,1.0,1.0,0,nan,nan,nan,0.0,0.02041849026803985
2460,frozen,44,1,4,1,0,-1.0,-1.0,1,1,0,0,0.0,0.02041849026803985
2461,frozen,44,1,3,0,0,-1.0,-1.0,1,0,1,0,0.0,0.02041849026803985
2462,frozen,44,5,3,0,0,-1.0,-1.0,1,0,1,0,0.0,0.02041849026803985
2463,frozen,44,4,5,1,1,1.0,1.0,0,nan,nan,nan,0.0,0.02041849026803985
2464,frozen,44,2,6,1,0,-1.0,-1.0,1,1,0,0,0.0,0.02041849026803985
2465,frozen,44,3,3,0,1,1.0,1.0,0,nan,nan,nan,0.0,0.02041849026803985
2466,frozen,44,0,2,0,0,-1.0,-1.0,1,1,0,0,0.0,0.02041849026803985
2467,frozen,44,7,5,1,0,-1.0,-1.0,1,0,1,0,0.0,0.02041849026803985
2468,frozen,44,7,5,1,0,-1.0,-1.0,1,0,1,0,0.0,0.02041849026803985
2469,frozen,44,0,3,0,0,-1.0,-1.0,1,0,1,0,0.0,0.02041849026803985
2470,frozen,44,3,5,1,0,-1.0,-1.0,1,0,1,0,0.0,0.02041849026803985
2471,frozen,44,4,5,1,1,1.0,1.0,0,nan,nan,nan,0.0,0.02041849026803985
2472,frozen,44,5,6,1,1,1.0,1.0,0,nan,nan,nan,0.0,0.02041849026803985
2473,frozen,44,7,5,0,0,-1.0,-1.0,1,2,0,0,0.0,0.02041849026803985
2474,frozen,44,5,5,1,1,1.0,1.0,0,nan,nan,nan,0.0,0.02041849026803985
2475,frozen,44,3,6,1,0,-1.0,-1.0,1,1,0,0,0.0,0.02041849026803985
2476,frozen,44,7,5,1,0,-1.0,-1.0,1,0,1,0,0.0,0.02041849026803985
2477,frozen,44,6,3,0,0,-1.0,-1.0,1,0,1,0,0.0,0.02041849026803985
2478,frozen,44,0,3,0,0,-1.0,-1.0,1,0,1,0,0.0,0.02041849026803985
2479,frozen,44,8,3,0,0,-1.0,-1.0,1,0,1,0,0.0,0.02041849026803985
2480,frozen,44,1,3,0,0,-1.0,-1.0,1,0,1,0,0.0,0.02041849026803985
2481,frozen,44,1,5,1,0,-1.0,-1.0,1,0,1,0,0.0,0.02041849026803985
2482,frozen,44,1,3,0,0,-1.0,-1.0,1,0,1,0,0.0,0.02041849026803985
2483,frozen,44,5,5,1,1,1.0,1.0,0,nan,nan,nan,0.0,0.02041849026803985
2484,frozen,44,4,4,0,1,1.0,1.0,0,nan,nan,nan,0.0,0.02041849026803985
2485,frozen,44,7,5,1,0,-1.0,-1.0,1,2,0,0,0.0,0.02041849026803985
2486,frozen,44,4,5,1,1,1.0,1.0,0,nan,nan,nan,0.0,0.02041849026803985
2487,frozen,44,2,6,1,0,-1.0,-1.0,1,1,0,0,0.0,0.02041849026803985
2488,frozen,44,4,5,1,1,1.0,1.0,0,nan,nan,nan,0.0,0.02041849026803985
2489,frozen,44,0,6,1,0,-1.0,-1.0,1,1,0,0,0.0,0.02041849026803985
2490,frozen,44,6,3,0,0,-1.0,-1.0,1,0,1,0,0.0,0.02041849026803985
2491,frozen,44,4,5,1,1,1.0,1.0,0,nan,nan,nan,0.0,0.02041849026803985
2492,frozen,44,7,6,1,1,1.0,1.0,0,nan,nan,nan,0.0,0.02041849026803985
2493,frozen,44,1,5,0,0,-1.0,-1.0,1,2,0,0,0.0,0.02041849026803985
2494,frozen,44,4,5,1,1,1.0,1.0,0,nan,nan,nan,0.0,0.02041849026803985
2495,frozen,44,2,4,0,0,-1.0,-1.0,1,1,0,0,0.0,0.02041849026803985
2496,frozen,44,7,5,1,0,-1.0,-1.0,1,0,1,0,0.0,0.02041849026803985
2497,frozen,44,8,3,0,0,-1.0,-1.0,1,0,1,0,0.0,0.02041849026803985
2498,frozen,44,7,5,1,0,-1.0,-1.0,1,0,1,0,0.0,0.02041849026803985
2499,frozen,44,5,5,1,1,1.0,1.0,0,nan,nan,nan,0.0,0.02041849026803985
2500,frozen,44,0,6,1,0,-1.0,-1.0,1,1,0,0,0.0,0.02041849026803985
2501,frozen,44,8,5,1,0,-1.0,-1.0,1,0,1,0,0.0,0.02041849026803985
2502,frozen,44,6,5,1,1,1.0,1.0,0,nan,nan,nan,0.0,0.02041849026803985
2503,frozen,44,5,4,0,1,1.0,1.0,0,nan,nan,nan,0.0,0.02041849026803985
2504,frozen,44,6,5,1,1,1.0,1.0,0,nan,nan,nan,0.0,0.02041849026803985
2505,frozen,44,5,6,1,1,1.0,1.0,0,nan,nan,nan,0.0,0.02041849026803985
2506,frozen,44,7,7,1,1,1.0,1.0,0,nan,nan,nan,0.0,0.02041849026803985
2507,frozen,44,4,6,0,0,-1.0,-1.0,1,5,0,1,0.0,0.02041849026803985
2508,frozen,44,2,5,1,0,-1.0,-1.0,1,0,1,0,0.0,0.02041849026803985
2509,frozen,44,8,3,0,0,-1.0,-1.0,1,0,1,0,0.0,0.02041849026803985
2510,frozen,44,5,5,1,1,1.0,1.0,0,nan,nan,nan,0.0,0.02041849026803985
2511,frozen,44,7,4,0,0,-1.0,-1.0,1,1,0,0,0.0,0.02041849026803985
2512,frozen,44,4,5,1,1,1.0,1.0,0,nan,nan,nan,0.0,0.02041849026803985
2513,frozen,44,8,6,1,0,-1.0,-1.0,1,1,0,0,0.0,0.02041849026803985
2514,frozen,44,4,5,1,1,1.0,1.0,0,nan,nan,nan,0.0,0.02041849026803985
2515,frozen,44,0,4,0,0,-1.0,-1.0,1,1,0,0,0.0,0.02041849026803985
2516,frozen,44,8,5,1,0,-1.0,-1.0,1,0,1,0,0.0,0.02041849026803985
2517,frozen,44,3,5,1,0,-1.0,-1.0,1,0,1,0,0.0,0.02041849026803985
2518,frozen,44,6,5,1,1,1.0,1.0,0,nan,nan,nan,0.0,0.02041849026803985
2519,frozen,44,1,4,0,0,-1.0,-1.0,1,1,0,0,0.0,0.02041849026803985
2520,frozen,44,8,5,1,0,-1.0,-1.0,1,0,1,0,0.0,0.02041849026803985
2521,frozen,44,8,5,1,0,-1.0,-1.0,1,0,1,0,0.0,0.02041849026803985
2522,frozen,44,3,5,1,0,-1.0,-1.0,1,0,1,0,0.0,0.02041849026803985
2523,frozen,44,4,5,1,1,1.0,1.0,0,nan,nan,nan,0.0,0.02041849026803985
2524,frozen,44,1,4,0,0,-1.0,-1.0,1,1,0,0,0.0,0.02041849026803985
2525,frozen,44,3,5,1,0,-1.0,-1.0,1,0,1,0,0.0,0.02041849026803985
2526,frozen,44,2,3,0,1,1.0,1.0,0,nan,nan,nan,0.0,0.02041849026803985
2527,frozen,44,3,4,1,1,1.0,1.0,0,nan,nan,nan,0.0,0.02041849026803985
2528,frozen,44,8,3,0,0,-1.0,-1.0,1,2,0,0,0.0,0.02041849026803985
2529,frozen,44,6,3,0,0,-1.0,-1.0,1,0,1,0,0.0,0.02041849026803985
2530,frozen,44,7,5,1,0,-1.0,-1.0,1,0,1,0,0.0,0.02041849026803985
2531,frozen,44,4,5,1,1,1.0,1.0,0,nan,nan,nan,0.0,0.02041849026803985
2532,frozen,44,7,6,1,1,1.0,1.0,0,nan,nan,nan,0.0,0.02041849026803985
2533,frozen,44,8,5,0,0,-1.0,-1.0,1,2,0,0,0.0,0.02041849026803985
2534,frozen,44,1,5,1,0,-1.0,-1.0,1,0,1,0,0.0,0.02041849026803985
2535,frozen,44,6,3,0,0,-1.0,-1.0,1,0,1,0,0.0,0.02041849026803985
2536,frozen,44,4,5,1,1,1.0,1.0,0,nan,nan,nan,0.0,0.02041849026803985
2537,frozen,44,8,6,1,0,-1.0,-1.0,1,1,0,0,0.0,0.02041849026803985
2538,frozen,44,6,3,0,0,-1.0,-1.0,1,0,1,0,0.0,0.02041849026803985
2539,frozen,44,3,5,1,0,-1.0,-1.0,1,0,1,0,0.0,0.02041849026803985
2540,frozen,44,8,5,1,0,-1.0,-1.0,1,0,1,0,0.0,0.02041849026803985
2541,frozen,44,8,3,0,0,-1.0,-1.0,1,0,1,0,0.0,0.02041849026803985
2542,frozen,44,1,5,1,0,-1.0,-1.0,1,0,1,0,0.0,0.02041849026803985
2543,frozen,44,7,5,1,0,-1.0,-1.0,1,0,1,0,0.0,0.02041849026803985
2544,frozen,44,0,5,1,0,-1.0,-1.0,1,0,1,0,0.0,0.02041849026803985
2545,frozen,44,3,5,1,0,-1.0,-1.0,1,0,1,0,0.0,0.02041849026803985
2546,frozen,44,5,5,1,1,1.0,1.0,0,nan,nan,nan,0.0,0.02041849026803985
2547,frozen,44,4,4,0,1,1.0,1.0,0,nan,nan,nan,0.0,0.02041849026803985
2548,frozen,44,5,5,1,1,1.0,1.0,0,nan,nan,nan,0.0,0.02041849026803985
2549,frozen,44,4,4,0,1,1.0,1.0,0,nan,nan,nan,0.0,0.02041849026803985
2550,frozen,44,2,5,1,0,-1.0,-1.0,1,4,0,1,0.0,0.02041849026803985
2551,frozen,44,3,3,0,1,1.0,1.0,0,nan,nan,nan,0.0,0.02041849026803985
2552,frozen,44,2,2,0,1,1.0,1.0,0,nan,nan,nan,0.0,0.02041849026803985
2553,frozen,44,8,3,1,0,-1.0,-1.0,1,2,0,0,0.0,0.02041849026803985
2554,frozen,44,0,3,0,0,-1.0,-1.0,1,0,1,0,0.0,0.02041849026803985
2555,frozen,44,6,5,1,1,1.0,1.0,0,nan,nan,nan,0.0,0.02041849026803985
2556,frozen,44,7,4,0,0,-1.0,-1.0,1,1,0,0,0.0,0.02041849026803985
2557,frozen,44,2,5,1,0,-1.0,-1.0,1,0,1,0,0.0,0.02041849026803985
2558,frozen,44,5,3,0,0,-1.0,-1.0,1,0,1,0,0.0,0.02041849026803985
2559,frozen,44,2,3,0,1,1.0,1.0,0,nan,nan,nan,0.0,0.02041849026803985
2560,frozen,44,8,2,0,0,-1.0,-1.0,1,1,0,0,0.0,0.02041849026803985
2561,frozen,44,8,3,0,0,-1.0,-1.0,1,0,1,0,0.0,0.02041849026803985
2562,frozen,44,6,5,1,1,1.0,1.0,0,nan,nan,nan,0.0,0.02041849026803985
2563,frozen,44,8,6,1,0,-1.0,-1.0,1,1,0,0,0.0,0.02041849026803985
2564,frozen,44,2,5,1,0,-1.0,-1.0,1,0,1,0,0.0,0.02041849026803985
2565,frozen,44,6,5,1,1,1.0,1.0,0,nan,nan,nan,0.0,0.02041849026803985
2566,frozen,44,1,4,0,0,-1.0,-1.0,1,1,0,0,0.0,0.02041849026803985
2567,frozen,44,8,5,1,0,-1.0,-1.0,1,0,1,0,0.0,0.02041849026803985
2568,frozen,44,5,5,1,1,1.0,1.0,0,nan,nan,nan,0.0,0.02041849026803985
2569,frozen,44,0,4,0,0,-1.0,-1.0,1,1,0,0,0.0,0.02041849026803985
2570,frozen,44,6,5,1,1,1.0,1.0,0,nan,nan,nan,0.0,0.02041849026803985
2571,frozen,44,6,4,0,0,-1.0,-1.0,1,1,0,0,0.0,0.02041849026803985
2572,frozen,44,3,3,0,1,1.0,1.0,0,nan,nan,nan,0.0,0.02041849026803985
2573,frozen,44,1,4,1,0,-1.0,-1.0,1,1,0,0,0.0,0.02041849026803985
2574,frozen,44,6,5,1,1,1.0,1.0,0,nan,nan,nan,0.0,0.02041849026803985
2575,frozen,44,3,6,1,0,-1.0,-1.0,1,1,0,0,0.0,0.02041849026803985
2576,frozen,44,5,5,1,1,1.0,1.0,0,nan,nan,nan,0.0,0.02041849026803985
2577,frozen,44,2,4,0,0,-1.0,-1.0,1,1,0,0,0.0,0.02041849026803985
2578,frozen,44,0,3,0,0,-1.0,-1.0,1,0,1,0,0.0,0.02041849026803985
2579,frozen,44,3,3,0,1,1.0,1.0,0,nan,nan,nan,0.0,0.02041849026803985
2580,frozen,44,8,4,1,0,-1.0,-1.0,1,1,0,0,0.0,0.02041849026803985
2581,frozen,44,4,5,1,1,1.0,1.0,0,nan,nan,nan,0.0,0.02041849026803985
2582,frozen,44,8,6,1,0,-1.0,-1.0,1,1,0,0,0.0,0.02041849026803985
2583,frozen,44,4,5,1,1,1.0,1.0,0,nan,nan,nan,0.0,0.02041849026803985
2584,frozen,44,3,6,1,0,-1.0,-1.0,1,1,0,0,0.0,0.02041849026803985
2585,frozen,44,4,5,1,1,1.0,1.0,0,nan,nan,nan,0.0,0.02041849026803985
2586,frozen,44,2,4,0,0,-1.0,-1.0,1,1,0,0,0.0,0.02041849026803985
2587,frozen,44,0,3,0,0,-1.0,-1.0,1,0,1,0,0.0,0.02041849026803985
2588,frozen,44,5,3,0,0,-1.0,-1.0,1,0,1,0,0.0,0.02041849026803985
2589,frozen,44,1,5,1,0,-1.0,-1.0,1,0,1,0,0.0,0.02041849026803985
2590,frozen,44,0,3,0,0,-1.0,-1.0,1,0,1,0,0.0,0.02041849026803985
2591,frozen,44,7,5,1,0,-1.0,-1.0,1,0,1,0,0.0,0.02041849026803985
2592,frozen,44,4,5,1,1,1.0,1.0,0,nan,nan,nan,0.0,0.02041849026803985
2593,frozen,44,3,4,0,1,1.0,1.0,0,nan,nan,nan,0.0,0.02041849026803985
2594,frozen,44,4,5,1,1,1.0,1.0,0,nan,nan,nan,0.0,0.02041849026803985
2595,frozen,44,1,4,0,0,-1.0,-1.0,1,3,0,1,0.0,0.02041849026803985
2596,frozen,44,7,5,1,0,-1.0,-1.0,1,0,1,0,0.0,0.02041849026803985
2597,frozen,44,1,5,1,0,-1.0,-1.0,1,0,1,0,0.0,0.02041849026803985
2598,frozen,44,7,5,1,0,-1.0,-1.0,1,0,1,0,0.0,0.02041849026803985
2599,frozen,44,4,5,1,1,1.0,1.0,0,nan,nan,nan,0.0,0.02041849026803985
2600,frozen,44,5,6,1,1,1.0,1.0,0,nan,nan,nan,0.0,0.02041849026803985
2601,frozen,44,6,7,1,1,1.0,1.0,0,nan,nan,nan,0.0,0.02041849026803985
2602,frozen,44,1,6,0,0,-1.0,-1.0,1,3,0,1,0.0,0.02041849026803985
2603,frozen,44,2,3,0,1,1.0,1.0,0,nan,nan,nan,0.0,0.02041849026803985
2604,frozen,44,2,2,0,1,1.0,1.0,0,nan,nan,nan,0.0,0.02041849026803985
2605,frozen,44,6,1,0,0,-1.0,-1.0,1,2,0,0,0.0,0.02041849026803985
2606,frozen,44,3,5,1,0,-1.0,-1.0,1,0,1,0,0.0,0.02041849026803985
2607,frozen,44,5,3,0,0,-1.0,-1.0,1,0,1,0,0.0,0.02041849026803985
2608,frozen,44,0,3,0,0,-1.0,-1.0,1,0,1,0,0.0,0.02041849026803985
2609,frozen,44,7,5,1,0,-1.0,-1.0,1,0,1,0,0.0,0.02041849026803985
2610,frozen,44,3,3,0,1,1.0,1.0,0,nan,nan,nan,0.0,0.02041849026803985
2611,frozen,44,4,4,1,1,1.0,1.0,0,nan,nan,nan,0.0,0.02041849026803985
2612,frozen,44,1,5,1,0,-1.0,-1.0,1,2,0,0,0.0,0.02041849026803985
2613,frozen,44,2,3,0,1,1.0,1.0,0,nan,nan,nan,0.0,0.02041849026803985
2614,frozen,44,2,2,0,1,1.0,1.0,0,nan,nan,nan,0.0,0.02041849026803985
2615,frozen,44,7,1,0,0,-1.0,-1.0,1,2,0,0,0.0,0.02041849026803985
2616,frozen,44,1,5,1,0,-1.0,-1.0,1,0,1,0,0.0,0.02041849026803985
2617,frozen,44,4,5,1,1,1.0,1.0,0,nan,nan,nan,0.0,0.02041849026803985
2618,frozen,44,4,6,1,0,-1.0,-1.0,1,1,0,0,0.0,0.02041849026803985
2619,frozen,44,4,5,1,1,1.0,1.0,0,nan,nan,nan,0.0,0.02041849026803985
2620,frozen,44,6,6,1,1,1.0,1.0,0,nan,nan,nan,0.0,0.02041849026803985
2621,frozen,44,8,5,0,0,-1.0,-1.0,1,2,0,0,0.0,0.02041849026803985
2622,frozen,44,6,3,0,0,-1.0,-1.0,1,0,1,0,0.0,0.02041849026803985
2623,frozen,44,0,3,0,0,-1.0,-1.0,1,0,1,0,0.0,0.02041849026803985
2624,frozen,44,8,5,1,0,-1.0,-1.0,1,0,1,0,0.0,0.02041849026803985
2625,frozen,44,7,5,1,0,-1.0,-1.0,1,0,1,0,0.0,0.02041849026803985
2626,frozen,44,6,5,1,1,1.0,1.0,0,nan,nan,nan,0.0,0.02041849026803985
2627,frozen,44,8,6,1,0,-1.0,-1.0,1,1,0,0,0.0,0.02041849026803985
2628,frozen,44,1,3,0,0,-1.0,-1.0,1,0,1,0,0.0,0.02041849026803985
2629,frozen,44,1,3,0,0,-1.0,-1.0,1,0,1,0,0.0,0.02041849026803985
2630,frozen,44,5,3,0,0,-1.0,-1.0,1,0,1,0,0.0,0.02041849026803985
2631,frozen,44,6,5,1,1,1.0,1.0,0,nan,nan,nan,0.0,0.02041849026803985
2632,frozen,44,7,6,1,1,1.0,1.0,0,nan,nan,nan,0.0,0.02041849026803985
2633,frozen,44,0,5,0,0,-1.0,-1.0,1,2,0,0,0.0,0.02041849026803985
2634,frozen,44,3,5,1,0,-1.0,-1.0,1,0,1,0,0.0,0.02041849026803985
2635,frozen,44,8,5,1,0,-1.0,-1.0,1,0,1,0,0.0,0.02041849026803985
2636,frozen,44,4,5,1,1,1.0,1.0,0,nan,nan,nan,0.0,0.02041849026803985
2637,frozen,44,8,6,1,0,-1.0,-1.0,1,1,0,0,0.0,0.02041849026803985
2638,frozen,44,0,3,0,0,-1.0,-1.0,1,0,1,0,0.0,0.02041849026803985
2639,frozen,44,7,3,0,0,-1.0,-1.0,1,0,1,0,0.0,0.02041849026803985
2640,frozen,44,5,5,1,1,1.0,1.0,0,nan,nan,nan,0.0,0.02041849026803985
2641,frozen,44,3,4,0,1,1.0,1.0,0,nan,nan,nan,0.0,0.02041849026803985
2642,frozen,44,1,3,0,0,-1.0,-1.0,1,2,0,0,0.0,0.02041849026803985
2643,frozen,44,0,3,0,0,-1.0,-1.0,1,0,1,0,0.0,0.02041849026803985
2644,frozen,44,7,5,1,0,-1.0,-1.0,1,0,1,0,0.0,0.02041849026803985
2645,frozen,44,6,5,1,1,1.0,1.0,0,nan,nan,nan,0.0,0.02041849026803985
2646,frozen,44,4,4,0,1,1.0,1.0,0,nan,nan,nan,0.0,0.02041849026803985
2647,frozen,44,4,5,1,1,1.0,1.0,0,nan,nan,nan,0.0,0.02041849026803985
2648,frozen,44,2,4,0,0,-1.0,-1.0,1,3,0,1,0.0,0.02041849026803985
2649,frozen,44,6,5,1,1,1.0,1.0,0,nan,nan,nan,0.0,0.02041849026803985
2650,frozen,44,3,4,0,1,1.0,1.0,0,nan,nan,nan,0.0,0.02041849026803985
2651,frozen,44,5,5,1,1,1.0,1.0,0,nan,nan,nan,0.0,0.02041849026803985
2652,frozen,44,0,4,0,0,-1.0,-1.0,1,3,0,1,0.0,0.02041849026803985
2653,frozen,44,8,3,0,0,-1.0,-1.0,1,0,1,0,0.0,0.02041849026803985
2654,frozen,44,0,3,0,0,-1.0,-1.0,1,0,1,0,0.0,0.02041849026803985
2655,frozen,44,0,5,1,0,-1.0,-1.0,1,0,1,0,0.0,0.02041849026803985
2656,frozen,44,1,3,0,0,-1.0,-1.0,1,0,1,0,0.0,0.02041849026803985
2657,frozen,44,1,3,0,0,-1.0,-1.0,1,0,1,0,0.0,0.02041849026803985
2658,frozen,44,1,5,1,0,-1.0,-1.0,1,0,1,0,0.0,0.02041849026803985
2659,frozen,44,8,5,1,0,-1.0,-1.0,1,0,1,0,0.0,0.02041849026803985
2660,frozen,44,7,5,1,0,-1.0,-1.0,1,0,1,0,0.0,0.02041849026803985
2661,frozen,44,2,5,1,0,-1.0,-1.0,1,0,1,0,0.0,0.02041849026803985
2662,frozen,44,4,5,1,1,1.0,1.0,0,nan,nan,nan,0.0,0.02041849026803985
2663,frozen,44,0,4,0,0,-1.0,-1.0,1,1,0,0,0.0,0.02041849026803985
2664,frozen,44,2,5,1,0,-1.0,-1.0,1,0,1,0,0.0,0.02041849026803985
2665,frozen,44,8,3,0,0,-1.0,-1.0,1,0,1,0,0.0,0.02041849026803985
2666,frozen,44,2,5,1,0,-1.0,-1.0,1,0,1,0,0.0,0.02041849026803985
2667,frozen,44,4,5,1,1,1.0,1.0,0,nan,nan,nan,0.0,0.02041849026803985
2668,frozen,44,0,4,0,0,-1.0,-1.0,1,1,0,0,0.0,0.02041849026803985
2669,frozen,44,2,3,0,1,1.0,1.0,0,nan,nan,nan,0.0,0.02041849026803985
2670,frozen,44,5,4,1,1,1.0,1.0,0,nan,nan,nan,0.0,0.02041849026803985
2671,frozen,44,0,3,0,0,-1.0,-1.0,1,2,0,0,0.0,0.02041849026803985
2672,frozen,44,6,5,1,1,1.0,1.0,0,nan,nan,nan,0.0,0.02041849026803985
2673,frozen,44,6,4,0,0,-1.0,-1.0,1,1,0,0,0.0,0.02041849026803985
2674,frozen,44,8,3,0,0,-1.0,-1.0,1,0,1,0,0.0,0.02041849026803985
2675,frozen,44,3,3,0,1,1.0,1.0,0,nan,nan,nan,0.0,0.02041849026803985
2676,frozen,44,4,4,1,1,1.0,1.0,0,nan,nan,nan,0.0,0.02041849026803985
2677,frozen,44,1,5,1,0,-1.0,-1.0,1,2,0,0,0.0,0.02041849026803985
2678,frozen,44,0,3,0,0,-1.0,-1.0,1,0,1,0,0.0,0.02041849026803985
2679,frozen,44,0,3,0,0,-1.0,-1.0,1,0,1,0,0.0,0.02041849026803985
2680,frozen,44,3,3,0,1,1.0,1.0,0,nan,nan,nan,0.0,0.02041849026803985
2681,frozen,44,1,2,0,1,1.0,1.0,0,nan,nan,nan,0.0,0.02041849026803985
2682,frozen,44,8,1,0,0,-1.0,-1.0,1,2,0,0,0.0,0.02041849026803985
2683,frozen,44,4,5,1,1,1.0,1.0,0,nan,nan,nan,0.0,0.02041849026803985
2684,frozen,44,2,4,0,0,-1.0,-1.0,1,1,0,0,0.0,0.02041849026803985
2685,frozen,44,2,5,1,0,-1.0,-1.0,1,0,1,0,0.0,0.02041849026803985
2686,frozen,44,1,5,1,0,-1.0,-1.0,1,0,1,0,0.0,0.02041849026803985
2687,frozen,44,0,3,0,0,-1.0,-1.0,1,0,1,0,0.0,0.02041849026803985
2688,frozen,44,8,3,0,0,-1.0,-1.0,1,0,1,0,0.0,0.02041849026803985
2689,frozen,44,1,5,1,0,-1.0,-1.0,1,0,1,0,0.0,0.02041849026803985
2690,frozen,44,7,5,1,0,-1.0,-1.0,1,0,1,0,0.0,0.02041849026803985
2691,frozen,44,0,3,0,0,-1.0,-1.0,1,0,1,0,0.0,0.02041849026803985
2692,frozen,44,3,5,1,0,-1.0,-1.0,1,0,1,0,0.0,0.02041849026803985
2693,frozen,44,2,3,0,1,1.0,1.0,0,nan,nan,nan,0.0,0.02041849026803985
2694,frozen,44,8,2,0,0,-1.0,-1.0,1,1,0,0,0.0,0.02041849026803985
2695,frozen,44,5,3,0,0,-1.0,-1.0,1,0,1,0,0.0,0.02041849026803985
2696,frozen,44,6,3,0,0,-1.0,-1.0,1,0,1,0,0.0,0.02041849026803985
2697,frozen,44,2,3,0,1,1.0,1.0,0,nan,nan,nan,0.0,0.02041849026803985
2698,frozen,44,5,4,1,1,1.0,1.0,0,nan,nan,nan,0.0,0.02041849026803985
2699,frozen,44,5,5,1,1,1.0,1.0,0,nan,nan,nan,0.0,0.02041849026803985
2700,frozen,44,5,6,1,1,1.0,1.0,0,nan,nan,nan,0.0,0.02041849026803985
2701,frozen,44,3,7,1,0,-1.0,-1.0,1,4,0,1,0.0,0.02041849026803985
2702,frozen,44,0,3,0,0,-1.0,-1.0,1,0,1,0,0.0,0.02041849026803985
2703,frozen,44,3,3,0,1,1.0,1.0,0,nan,nan,nan,0.0,0.02041849026803985
2704,frozen,44,8,2,0,0,-1.0,-1.0,1,1,0,0,0.0,0.02041849026803985
2705,frozen,44,4,5,1,1,1.0,1.0,0,nan,nan,nan,0.0,0.02041849026803985
2706,frozen,44,2,6,1,0,-1.0,-1.0,1,1,0,0,0.0,0.02041849026803985
2707,frozen,44,7,5,1,0,-1.0,-1.0,1,0,1,0,0.0,0.02041849026803985
2708,frozen,44,3,5,1,0,-1.0,-1.0,1,0,1,0,0.0,0.02041849026803985
2709,frozen,44,7,5,1,0,-1.0,-1.0,1,0,1,0,0.0,0.02041849026803985
2710,frozen,44,4,5,1,1,1.0,1.0,0,nan,nan,nan,0.0,0.02041849026803985
2711,frozen,44,1,4,0,0,-1.0,-1.0,1,1,0,0,0.0,0.02041849026803985
2712,frozen,44,2,3,0,1,1.0,1.0,0,nan,nan,nan,0.0,0.02041849026803985
2713,frozen,44,8,2,0,0,-1.0,-1.0,1,1,0,0,0.0,0.02041849026803985
2714,frozen,44,1,3,0,0,-1.0,-1.0,1,0,1,0,0.0,0.02041849026803985
2715,frozen,44,1,3,0,0,-1.0,-1.0,1,0,1,0,0.0,0.02041849026803985
2716,frozen,44,7,5,1,0,-1.0,-1.0,1,0,1,0,0.0,0.02041849026803985
2717,frozen,44,6,5,1,1,1.0,1.0,0,nan,nan,nan,0.0,0.02041849026803985
2718,frozen,44,6,6,1,1,1.0,1.0,0,nan,nan,nan,0.0,0.02041849026803985
2719,frozen,44,0,7,1,0,-1.0,-1.0,1,2,0,0,0.0,0.02041849026803985
2720,frozen,44,8,5,1,0,-1.0,-1.0,1,0,1,0,0.0,0.02041849026803985
2721,frozen,44,4,3,0,1,1.0,1.0,0,nan,nan,nan,0.0,0.02041849026803985
2722,frozen,44,2,2,0,1,1.0,1.0,0,nan,nan,nan,0.0,0.02041849026803985
2723,frozen,44,5,3,1,0,-1.0,-1.0,1,2,0,0,0.0,0.02041849026803985
2724,frozen,44,8,5,1,0,-1.0,-1.0,1,0,1,0,0.0,0.02041849026803985
2725,frozen,44,6,5,1,1,1.0,1.0,0,nan,nan,nan,0.0,0.02041849026803985
2726,frozen,44,6,6,1,1,1.0,1.0,0,nan,nan,nan,0.0,0.02041849026803985
2727,frozen,44,6,7,1,1,1.0,1.0,0,nan,nan,nan,0.0,0.02041849026803985
2728,frozen,44,6,8,1,0,-1.0,-1.0,1,3,0,1,0.0,0.02041849026803985
2729,frozen,44,5,5,1,1,1.0,1.0,0,nan,nan,nan,0.0,0.02041849026803985
2730,frozen,44,6,4,0,0,-1.0,-1.0,1,1,0,0,0.0,0.02041849026803985
2731,frozen,44,7,5,1,0,-1.0,-1.0,1,0,1,0,0.0,0.02041849026803985
2732,frozen,44,0,3,0,0,-1.0,-1.0,1,0,1,0,0.0,0.02041849026803985
2733,frozen,44,0,3,0,0,-1.0,-1.0,1,0,1,0,0.0,0.02041849026803985
2734,frozen,44,7,5,1,0,-1.0,-1.0,1,0,1,0,0.0,0.02041849026803985
2735,frozen,44,0,5,1,0,-1.0,-1.0,1,0,1,0,0.0,0.02041849026803985
2736,frozen,44,1,5,1,0,-1.0,-1.0,1,0,1,0,0.0,0.02041849026803985
2737,frozen,44,3,3,0,1,1.0,1.0,0,nan,nan,nan,0.0,0.02041849026803985
2738,frozen,44,3,4,1,1,1.0,1.0,0,nan,nan,nan,0.0,0.02041849026803985
2739,frozen,44,0,3,0,0,-1.0,-1.0,1,2,0,0,0.0,0.02041849026803985
2740,frozen,44,5,5,1,1,1.0,1.0,0,nan,nan,nan,0.0,0.02041849026803985
2741,frozen,44,1,4,0,0,-1.0,-1.0,1,1,0,0,0.0,0.02041849026803985
2742,frozen,44,8,3,0,0,-1.0,-1.0,1,0,1,0,0.0,0.02041849026803985
2743,frozen,44,4,5,1,1,1.0,1.0,0,nan,nan,nan,0.0,0.02041849026803985
2744,frozen,44,0,4,0,0,-1.0,-1.0,1,1,0,0,0.0,0.02041849026803985
2745,frozen,44,2,3,0,1,1.0,1.0,0,nan,nan,nan,0.0,0.02041849026803985
2746,frozen,44,0,4,1,0,-1.0,-1.0,1,1,0,0,0.0,0.02041849026803985
2747,frozen,44,8,5,1,0,-1.0,-1.0,1,0,1,0,0.0,0.02041849026803985
2748,frozen,44,4,5,1,1,1.0,1.0,0,nan,nan,nan,0.0,0.02041849026803985
2749,frozen,44,8,6,1,0,-1.0,-1.0,1,1,0,0,0.0,0.02041849026803985
2750,frozen,44,2,3,0,1,1.0,1.0,0,nan,nan,nan,0.0,0.02041849026803985
2751,frozen,44,2,2,0,1,1.0,1.0,0,nan,nan,nan,0.0,0.02041849026803985
2752,frozen,44,7,1,0,0,-1.0,-1.0,1,2,0,0,0.0,0.02041849026803985
2753,frozen,44,4,5,1,1,1.0,1.0,0,nan,nan,nan,0.0,0.02041849026803985
2754,frozen,44,6,4,0,0,-1.0,-1.0,1,1,0,0,0.0,0.02041849026803985
2755,frozen,44,3,3,0,1,1.0,1.0,0,nan,nan,nan,0.0,0.02041849026803985
2756,frozen,44,5,2,0,0,-1.0,-1.0,1,1,0,0,0.0,0.02041849026803985
2757,frozen,44,0,3,0,0,-1.0,-1.0,1,0,1,0,0.0,0.02041849026803985
2758,frozen,44,8,3,0,0,-1.0,-1.0,1,0,1,0,0.0,0.02041849026803985
2759,frozen,44,8,5,1,0,-1.0,-1.0,1,0,1,0,0.0,0.02041849026803985
2760,frozen,44,7,5,1,0,-1.0,-1.0,1,0,1,0,0.0,0.02041849026803985
2761,frozen,44,3,3,0,1,1.0,1.0,0,nan,nan,nan,0.0,0.02041849026803985
2762,frozen,44,5,2,0,0,-1.0,-1.0,1,1,0,0,0.0,0.02041849026803985
2763,frozen,44,8,3,0,0,-1.0,-1.0,1,0,1,0,0.0,0.02041849026803985
2764,frozen,44,0,3,0,0,-1.0,-1.0,1,0,1,0,0.0,0.02041849026803985
2765,frozen,44,2,3,0,1,1.0,1.0,0,nan,nan,nan,0.0,0.02041849026803985
2766,frozen,44,1,4,1,0,-1.0,-1.0,1,1,0,0,0.0,0.02041849026803985
2767,frozen,44,1,3,0,0,-1.0,-1.0,1,0,1,0,0.0,0.02041849026803985
2768,frozen,44,5,5,1,1,1.0,1.0,0,nan,nan,nan,0.0,0.02041849026803985
2769,frozen,44,8,6,1,0,-1.0,-1.0,1,1,0,0,0.0,0.02041849026803985
2770,frozen,44,0,3,0,0,-1.0,-1.0,1,0,1,0,0.0,0.02041849026803985
2771,frozen,44,7,5,1,0,-1.0,-1.0,1,0,1,0,0.0,0.02041849026803985
2772,frozen,44,8,3,0,0,-1.0,-1.0,1,0,1,0,0.0,0.02041849026803985
2773,frozen,44,4,5,1,1,1.0,1.0,0,nan,nan,nan,0.0,0.02041849026803985
2774,frozen,44,7,6,1,1,1.0,1.0,0,nan,nan,nan,0.0,0.02041849026803985
2775,frozen,44,8,5,0,0,-1.0,-1.0,1,2,0,0,0.0,0.02041849026803985
2776,frozen,44,2,5,1,0,-1.0,-1.0,1,0,1,0,0.0,0.02041849026803985
2777,frozen,44,4,5,1,1,1.0,1.0,0,nan,nan,nan,0.0,0.02041849026803985
2778,frozen,44,8,6,1,0,-1.0,-1.0,1,1,0,0,0.0,0.02041849026803985
2779,frozen,44,3,3,0,1,1.0,1.0,0,nan,nan,nan,0.0,0.02041849026803985
2780,frozen,44,5,4,1,1,1.0,1.0,0,nan,nan,nan,0.0,0.02041849026803985
2781,frozen,44,5,5,1,1,1.0,1.0,0,nan,nan,nan,0.0,0.02041849026803985
2782,frozen,44,4,6,1,0,-1.0,-1.0,1,3,0,1,0.0,0.02041849026803985
2783,frozen,44,8,3,0,0,-1.0,-1.0,1,0,1,0,0.0,0.02041849026803985
2784,frozen,44,5,3,0,0,-1.0,-1.0,1,0,1,0,0.0,0.02041849026803985
2785,frozen,44,8,3,0,0,-1.0,-1.0,1,0,1,0,0.0,0.02041849026803985
2786,frozen,44,8,3,0,0,-1.0,-1.0,1,0,1,0,0.0,0.02041849026803985
2787,frozen,44,8,5,1,0,-1.0,-1.0,1,0,1,0,0.0,0.02041849026803985
2788,frozen,44,4,5,1,1,1.0,1.0,0,nan,nan,nan,0.0,0.02041849026803985
2789,frozen,44,4,4,0,1,1.0,1.0,0,nan,nan,nan,0.0,0.02041849026803985
2790,frozen,44,0,3,0,0,-1.0,-1.0,1,2,0,0,0.0,0.02041849026803985
2791,frozen,44,2,5,1,0,-1.0,-1.0,1,0,1,0,0.0,0.02041849026803985
2792,frozen,44,4,5,1,1,1.0,1.0,0,nan,nan,nan,0.0,0.02041849026803985
2793,frozen,44,0,6,1,0,-1.0,-1.0,1,1,0,0,0.0,0.02041849026803985
2794,frozen,44,1,3,0,0,-1.0,-1.0,1,0,1,0,0.0,0.02041849026803985
2795,frozen,44,6,5,1,1,1.0,1.0,0,nan,nan,nan,0.0,0.02041849026803985
2796,frozen,44,7,6,1,1,1.0,1.0,0,nan,nan,nan,0.0,0.02041849026803985
2797,frozen,44,7,7,1,1,1.0,1.0,0,nan,nan,nan,0.0,0.02041849026803985
2798,frozen,44,7,8,1,1,1.0,1.0,0,nan,nan,nan,0.0,0.02041849026803985
2799,frozen,44,0,8,1,0,-1.0,-1.0,1,4,0,1,0.0,0.02041849026803985
2800,frozen,44,0,3,0,0,-1.0,-1.0,1,0,1,0,0.0,0.02041849026803985
2801,frozen,44,8,3,0,0,-1.0,-1.0,1,0,1,0,0.0,0.02041849026803985
2802,frozen,44,5,3,0,0,-1.0,-1.0,1,0,1,0,0.0,0.02041849026803985
2803,frozen,44,6,5,1,1,1.0,1.0,0,nan,nan,nan,0.0,0.02041849026803985
2804,frozen,44,2,6,1,0,-1.0,-1.0,1,1,0,0,0.0,0.02041849026803985
2805,frozen,44,1,3,0,0,-1.0,-1.0,1,0,1,0,0.0,0.02041849026803985
2806,frozen,44,8,5,1,0,-1.0,-1.0,1,0,1,0,0.0,0.02041849026803985
2807,frozen,44,7,5,1,0,-1.0,-1.0,1,0,1,0,0.0,0.02041849026803985
2808,frozen,44,1,5,1,0,-1.0,-1.0,1,0,1,0,0.0,0.02041849026803985
2809,frozen,44,0,3,0,0,-1.0,-1.0,1,0,1,0,0.0,0.02041849026803985
2810,frozen,44,1,5,1,0,-1.0,-1.0,1,0,1,0,0.0,0.02041849026803985
2811,frozen,44,8,3,0,0,-1.0,-1.0,1,0,1,0,0.0,0.02041849026803985
2812,frozen,44,7,5,1,0,-1.0,-1.0,1,0,1,0,0.0,0.02041849026803985
2813,frozen,44,8,3,0,0,-1.0,-1.0,1,0,1,0,0.0,0.02041849026803985
2814,frozen,44,8,3,0,0,-1.0,-1.0,1,0,1,0,0.0,0.02041849026803985
2815,frozen,44,4,5,1,1,1.0,1.0,0,nan,nan,nan,0.0,0.02041849026803985
2816,frozen,44,3,6,1,0,-1.0,-1.0,1,1,0,0,0.0,0.02041849026803985
2817,frozen,44,1,3,0,0,-1.0,-1.0,1,0,1,0,0.0,0.02041849026803985
2818,frozen,44,7,5,1,0,-1.0,-1.0,1,0,1,0,0.0,0.02041849026803985
2819,frozen,44,4,5,1,1,1.0,1.0,0,nan,nan,nan,0.0,0.02041849026803985
2820,frozen,44,0,6,1,0,-1.0,-1.0,1,1,0,0,0.0,0.02041849026803985
2821,frozen,44,4,5,1,1,1.0,1.0,0,nan,nan,nan,0.0,0.02041849026803985
2822,frozen,44,4,4,0,1,1.0,1.0,0,nan,nan,nan,0.0,0.02041849026803985
2823,frozen,44,2,5,1,0,-1.0,-1.0,1,2,0,0,0.0,0.02041849026803985
2824,frozen,44,6,3,0,0,-1.0,-1.0,1,0,1,0,0.0,0.02041849026803985
2825,frozen,44,3,3,0,1,1.0,1.0,0,nan,nan,nan,0.0,0.02041849026803985
2826,frozen,44,5,4,1,1,1.0,1.0,0,nan,nan,nan,0.0,0.02041849026803985
2827,frozen,44,7,5,1,0,-1.0,-1.0,1,2,0,0,0.0,0.02041849026803985
2828,frozen,44,5,3,0,0,-1.0,-1.0,1,0,1,0,0.0,0.02041849026803985
2829,frozen,44,7,5,1,0,-1.0,-1.0,1,0,1,0,0.0,0.02041849026803985
2830,frozen,44,7,5,1,0,-1.0,-1.0,1,0,1,0,0.0,0.02041849026803985
2831,frozen,44,5,5,1,1,1.0,1.0,0,nan,nan,nan,0.0,0.02041849026803985
2832,frozen,44,0,6,1,0,-1.0,-1.0,1,1,0,0,0.0,0.02041849026803985
2833,frozen,44,2,5,1,0,-1.0,-1.0,1,0,1,0,0.0,0.02041849026803985
2834,frozen,44,0,3,0,0,-1.0,-1.0,1,0,1,0,0.0,0.02041849026803985
2835,frozen,44,3,5,1,0,-1.0,-1.0,1,0,1,0,0.0,0.02041849026803985
2836,frozen,44,6,3,0,0,-1.0,-1.0,1,0,1,0,0.0,0.02041849026803985
2837,frozen,44,5,3,0,0,-1.0,-1.0,1,0,1,0,0.0,0.02041849026803985
2838,frozen,44,3,3,0,1,1.0,1.0,0,nan,nan,nan,0.0,0.02041849026803985
2839,frozen,44,7,4,1,0,-1.0,-1.0,1,1,0,0,0.0,0.02041849026803985
2840,frozen,44,0,5,1,0,-1.0,-1.0,1,0,1,0,0.0,0.02041849026803985
2841,frozen,44,8,5,1,0,-1.0,-1.0,1,0,1,0,0.0,0.02041849026803985
2842,frozen,44,2,5,1,0,-1.0,-1.0,1,0,1,0,0.0,0.02041849026803985
2843,frozen,44,8,5,1,0,-1.0,-1.0,1,0,1,0,0.0,0.02041849026803985
2844,frozen,44,5,5,1,1,1.0,1.0,0,nan,nan,nan,0.0,0.02041849026803985
2845,frozen,44,1,4,0,0,-1.0,-1.0,1,1,0,0,0.0,0.02041849026803985
2846,frozen,44,6,3,0,0,-1.0,-1.0,1,0,1,0,0.0,0.02041849026803985
2847,frozen,44,8,5,1,0,-1.0,-1.0,1,0,1,0,0.0,0.02041849026803985
2848,frozen,44,2,3,0,1,1.0,1.0,0,nan,nan,nan,0.0,0.02041849026803985
2849,frozen,44,0,2,0,0,-1.0,-1.0,1,1,0,0,0.0,0.02041849026803985
2850,frozen,44,2,3,0,1,1.0,1.0,0,nan,nan,nan,0.0,0.02041849026803985
2851,frozen,44,4,4,1,1,1.0,1.0,0,nan,nan,nan,0.0,0.02041849026803985
2852,frozen,44,8,5,1,0,-1.0,-1.0,1,2,0,0,0.0,0.02041849026803985
2853,frozen,44,1,3,0,0,-1.0,-1.0,1,0,1,0,0.0,0.02041849026803985
2854,frozen,44,0,3,0,0,-1.0,-1.0,1,0,1,0,0.0,0.02041849026803985
2855,frozen,44,7,5,1,0,-1.0,-1.0,1,0,1,0,0.0,0.02041849026803985
2856,frozen,44,7,5,1,0,-1.0,-1.0,1,0,1,0,0.0,0.02041849026803985
2857,frozen,44,0,3,0,0,-1.0,-1.0,1,0,1,0,0.0,0.02041849026803985
2858,frozen,44,0,3,0,0,-1.0,-1.0,1,0,1,0,0.0,0.02041849026803985
2859,frozen,44,6,3,0,0,-1.0,-1.0,1,0,1,0,0.0,0.02041849026803985
2860,frozen,44,8,3,0,0,-1.0,-1.0,1,0,1,0,0.0,0.02041849026803985
2861,frozen,44,6,5,1,1,1.0,1.0,0,nan,nan,nan,0.0,0.02041849026803985
2862,frozen,44,8,6,1,0,-1.0,-1.0,1,1,0,0,0.0,0.02041849026803985
2863,frozen,44,1,3,0,0,-1.0,-1.0,1,0,1,0,0.0,0.02041849026803985
2864,frozen,44,6,5,1,1,1.0,1.0,0,nan,nan,nan,0.0,0.02041849026803985
2865,frozen,44,4,4,0,1,1.0,1.0,0,nan,nan,nan,0.0,0.02041849026803985
2866,frozen,44,8,5,1,0,-1.0,-1.0,1,2,0,0,0.0,0.02041849026803985
2867,frozen,44,8,5,1,0,-1.0,-1.0,1,0,1,0,0.0,0.02041849026803985
2868,frozen,44,1,3,0,0,-1.0,-1.0,1,0,1,0,0.0,0.02041849026803985
2869,frozen,44,5,5,1,1,1.0,1.0,0,nan,nan,nan,0.0,0.02041849026803985
2870,frozen,44,4,6,1,0,-1.0,-1.0,1,1,0,0,0.0,0.02041849026803985
2871,frozen,44,1,5,1,0,-1.0,-1.0,1,0,1,0,0.0,0.02041849026803985
2872,frozen,44,7,5,1,0,-1.0,-1.0,1,0,1,0,0.0,0.02041849026803985
2873,frozen,44,4,5,1,1,1.0,1.0,0,nan,nan,nan,0.0,0.02041849026803985
2874,frozen,44,8,6,1,0,-1.0,-1.0,1,1,0,0,0.0,0.02041849026803985
2875,frozen,44,7,5,1,0,-1.0,-1.0,1,0,1,0,0.0,0.02041849026803985
2876,frozen,44,0,3,0,0,-1.0,-1.0,1,0,1,0,0.0,0.02041849026803985
2877,frozen,44,8,3,0,0,-1.0,-1.0,1,0,1,0,0.0,0.02041849026803985
2878,frozen,44,8,5,1,0,-1.0,-1.0,1,0,1,0,0.0,0.02041849026803985
2879,frozen,44,0,3,0,0,-1.0,-1.0,1,0,1,0,0.0,0.02041849026803985
2880,frozen,44,7,5,1,0,-1.0,-1.0,1,0,1,0,0.0,0.02041849026803985
2881,frozen,44,3,5,1,0,-1.0,-1.0,1,0,1,0,0.0,0.02041849026803985
2882,frozen,44,5,3,0,0,-1.0,-1.0,1,0,1,0,0.0,0.02041849026803985
2883,frozen,44,6,5,1,1,1.0,1.0,0,nan,nan,nan,0.0,0.02041849026803985
2884,frozen,44,3,6,1,0,-1.0,-1.0,1,1,0,0,0.0,0.02041849026803985
2885,frozen,44,2,3,0,1,1.0,1.0,0,nan,nan,nan,0.0,0.02041849026803985
2886,frozen,44,7,4,1,0,-1.0,-1.0,1,1,0,0,0.0,0.02041849026803985
2887,frozen,44,6,3,0,0,-1.0,-1.0,1,0,1,0,0.0,0.02041849026803985
2888,frozen,44,1,5,1,0,-1.0,-1.0,1,0,1,0,0.0,0.02041849026803985
2889,frozen,44,4,5,1,1,1.0,1.0,0,nan,nan,nan,0.0,0.02041849026803985
2890,frozen,44,7,6,1,1,1.0,1.0,0,nan,nan,nan,0.0,0.02041849026803985
2891,frozen,44,6,7,1,1,1.0,1.0,0,nan,nan,nan,0.0,0.02041849026803985
2892,frozen,44,0,6,0,0,-1.0,-1.0,1,3,0,1,0.0,0.02041849026803985
2893,frozen,44,5,3,0,0,-1.0,-1.0,1,0,1,0,0.0,0.02041849026803985
2894,frozen,44,0,3,0,0,-1.0,-1.0,1,0,1,0,0.0,0.02041849026803985
2895,frozen,44,2,5,1,0,-1.0,-1.0,1,0,1,0,0.0,0.02041849026803985
2896,frozen,44,6,5,1,1,1.0,1.0,0,nan,nan,nan,0.0,0.02041849026803985
2897,frozen,44,0,6,1,0,-1.0,-1.0,1,1,0,0,0.0,0.02041849026803985
2898,frozen,44,7,5,1,0,-1.0,-1.0,1,0,1,0,0.0,0.02041849026803985
2899,frozen,44,2,3,0,1,1.0,1.0,0,nan,nan,nan,0.0,0.02041849026803985
2900,frozen,44,8,2,0,0,-1.0,-1.0,1,1,0,0,0.0,0.02041849026803985
2901,frozen,44,6,5,1,1,1.0,1.0,0,nan,nan,nan,0.0,0.02041849026803985
2902,frozen,44,2,4,0,0,-1.0,-1.0,1,1,0,0,0.0,0.02041849026803985
2903,frozen,44,8,5,1,0,-1.0,-1.0,1,0,1,0,0.0,0.02041849026803985
2904,frozen,44,8,5,1,0,-1.0,-1.0,1,0,1,0,0.0,0.02041849026803985
2905,frozen,44,1,5,1,0,-1.0,-1.0,1,0,1,0,0.0,0.02041849026803985
2906,frozen,44,0,3,0,0,-1.0,-1.0,1,0,1,0,0.0,0.02041849026803985
2907,frozen,44,5,3,0,0,-1.0,-1.0,1,0,1,0,0.0,0.02041849026803985
2908,frozen,44,6,5,1,1,1.0,1.0,0,nan,nan,nan,0.0,0.02041849026803985
2909,frozen,44,2,6,1,0,-1.0,-1.0,1,1,0,0,0.0,0.02041849026803985
2910,frozen,44,6,3,0,0,-1.0,-1.0,1,0,1,0,0.0,0.02041849026803985
2911,frozen,44,1,5,1,0,-1.0,-1.0,1,0,1,0,0.0,0.02041849026803985
2912,frozen,44,3,3,0,1,1.0,1.0,0,nan,nan,nan,0.0,0.02041849026803985
2913,frozen,44,2,2,0,1,1.0,1.0,0,nan,nan,nan,0.0,0.02041849026803985
2914,frozen,44,3,3,1,1,1.0,1.0,0,nan,nan,nan,0.0,0.02041849026803985
2915,frozen,44,2,2,0,1,1.0,1.0,0,nan,nan,nan,0.0,0.02041849026803985
2916,frozen,44,4,3,1,1,1.0,1.0,0,nan,nan,nan,0.0,0.02041849026803985
2917,frozen,44,1,4,1,0,-1.0,-1.0,1,5,0,1,0.0,0.02041849026803985
2918,frozen,44,0,3,0,0,-1.0,-1.0,1,0,1,0,0.0,0.02041849026803985
2919,frozen,44,6,5,1,1,1.0,1.0,0,nan,nan,nan,0.0,0.02041849026803985
2920,frozen,44,7,4,0,0,-1.0,-1.0,1,1,0,0,0.0,0.02041849026803985
2921,frozen,44,3,5,1,0,-1.0,-1.0,1,0,1,0,0.0,0.02041849026803985
2922,frozen,44,1,3,0,0,-1.0,-1.0,1,0,1,0,0.0,0.02041849026803985
2923,frozen,44,5,3,0,0,-1.0,-1.0,1,0,1,0,0.0,0.02041849026803985
2924,frozen,44,6,5,1,1,1.0,1.0,0,nan,nan,nan,0.0,0.02041849026803985
2925,frozen,44,6,6,1,1,1.0,1.0,0,nan,nan,nan,0.0,0.02041849026803985
2926,frozen,44,7,5,0,0,-1.0,-1.0,1,2,0,0,0.0,0.02041849026803985
2927,frozen,44,5,5,1,1,1.0,1.0,0,nan,nan,nan,0.0,0.02041849026803985
2928,frozen,44,5,6,1,1,1.0,1.0,0,nan,nan,nan,0.0,0.02041849026803985
2929,frozen,44,3,7,1,0,-1.0,-1.0,1,2,0,0,0.0,0.02041849026803985
2930,frozen,44,8,5,1,0,-1.0,-1.0,1,0,1,0,0.0,0.02041849026803985
2931,frozen,44,4,5,1,1,1.0,1.0,0,nan,nan,nan,0.0,0.02041849026803985
2932,frozen,44,5,6,1,1,1.0,1.0,0,nan,nan,nan,0.0,0.02041849026803985
2933,frozen,44,7,5,0,0,-1.0,-1.0,1,2,0,0,0.0,0.02041849026803985
2934,frozen,44,8,5,1,0,-1.0,-1.0,1,0,1,0,0.0,0.02041849026803985
2935,frozen,44,8,3,0,0,-1.0,-1.0,1,0,1,0,0.0,0.02041849026803985
2936,frozen,44,6,5,1,1,1.0,1.0,0,nan,nan,nan,0.0,0.02041849026803985
2937,frozen,44,0,4,0,0,-1.0,-1.0,1,1,0,0,0.0,0.02041849026803985
2938,frozen,44,7,3,0,0,-1.0,-1.0,1,0,1,0,0.0,0.02041849026803985
2939,frozen,44,4,5,1,1,1.0,1.0,0,nan,nan,nan,0.0,0.02041849026803985
2940,frozen,44,3,6,1,0,-1.0,-1.0,1,1,0,0,0.0,0.02041849026803985
2941,frozen,44,4,5,1,1,1.0,1.0,0,nan,nan,nan,0.0,0.02041849026803985
2942,frozen,44,5,6,1,1,1.0,1.0,0,nan,nan,nan,0.0,0.02041849026803985
2943,frozen,44,2,5,0,0,-1.0,-1.0,1,2,0,0,0.0,0.02041849026803985
2944,frozen,44,3,5,1,0,-1.0,-1.0,1,0,1,0,0.0,0.02041849026803985
2945,frozen,44,0,3,0,0,-1.0,-1.0,1,0,1,0,0.0,0.02041849026803985
2946,frozen,44,6,5,1,1,1.0,1.0,0,nan,nan,nan,0.0,0.02041849026803985
2947,frozen,44,1,4,0,0,-1.0,-1.0,1,1,0,0,0.0,0.02041849026803985
2948,frozen,44,0,3,0,0,-1.0,-1.0,1,0,1,0,0.0,0.02041849026803985
2949,frozen,44,1,3,0,0,-1.0,-1.0,1,0,1,0,0.0,0.02041849026803985
2950,frozen,44,2,5,1,0,-1.0,-1.0,1,0,1,0,0.0,0.02041849026803985
2951,frozen,44,2,3,0,1,1.0,1.0,0,nan,nan,nan,0.0,0.02041849026803985
2952,frozen,44,8,2,0,0,-1.0,-1.0,1,1,0,0,0.0,0.02041849026803985
2953,frozen,44,7,5,1,0,-1.0,-1.0,1,0,1,0,0.0,0.02041849026803985
2954,frozen,44,6,5,1,1,1.0,1.0,0,nan,nan,nan,0.0,0.02041849026803985
2955,frozen,44,7,4,0,0,-1.0,-1.0,1,1,0,0,0.0,0.02041849026803985
2956,frozen,44,3,3,0,1,1.0,1.0,0,nan,nan,nan,0.0,0.02041849026803985
2957,frozen,44,4,2,0,0,-1.0,-1.0,1,1,0,0,0.0,0.02041849026803985
2958,frozen,44,1,5,1,0,-1.0,-1.0,1,0,1,0,0.0,0.02041849026803985
2959,frozen,44,6,3,0,0,-1.0,-1.0,1,0,1,0,0.0,0.02041849026803985
2960,frozen,44,4,5,1,1,1.0,1.0,0,nan,nan,nan,0.0,0.02041849026803985
2961,frozen,44,5,6,1,1,1.0,1.0,0,nan,nan,nan,0.0,0.02041849026803985
2962,frozen,44,8,5,0,0,-1.0,-1.0,1,2,0,0,0.0,0.02041849026803985
2963,frozen,44,3,3,0,1,1.0,1.0,0,nan,nan,nan,0.0,0.02041849026803985
2964,frozen,44,5,2,0,0,-1.0,-1.0,1,1,0,0,0.0,0.02041849026803985
2965,frozen,44,4,5,1,1,1.0,1.0,0,nan,nan,nan,0.0,0.02041849026803985
2966,frozen,44,0,6,1,0,-1.0,-1.0,1,1,0,0,0.0,0.02041849026803985
2967,frozen,44,8,5,1,0,-1.0,-1.0,1,0,1,0,0.0,0.02041849026803985
2968,frozen,44,3,5,1,0,-1.0,-1.0,1,0,1,0,0.0,0.02041849026803985
2969,frozen,44,4,5,1,1,1.0,1.0,0,nan,nan,nan,0.0,0.02041849026803985
2970,frozen,44,2,4,0,0,-1.0,-1.0,1,1,0,0,0.0,0.02041849026803985
2971,frozen,44,2,3,0,1,1.0,1.0,0,nan,nan,nan,0.0,0.02041849026803985
2972,frozen,44,1,2,0,1,1.0,1.0,0,nan,nan,nan,0.0,0.02041849026803985
2973,frozen,44,0,3,1,0,-1.0,-1.0,1,2,0,0,0.0,0.02041849026803985
2974,frozen,44,8,5,1,0,-1.0,-1.0,1,0,1,0,0.0,0.02041849026803985
2975,frozen,44,4,5,1,1,1.0,1.0,0,nan,nan,nan,0.0,0.02041849026803985
2976,frozen,44,6,4,0,0,-1.0,-1.0,1,1,0,0,0.0,0.02041849026803985
2977,frozen,44,1,5,1,0,-1.0,-1.0,1,0,1,0,0.0,0.02041849026803985
2978,frozen,44,7,5,1,0,-1.0,-1.0,1,0,1,0,0.0,0.02041849026803985
2979,frozen,44,5,5,1,1,1.0,1.0,0,nan,nan,nan,0.0,0.02041849026803985
2980,frozen,44,4,6,1,0,-1.0,-1.0,1,1,0,0,0.0,0.02041849026803985
2981,frozen,44,0,3,0,0,-1.0,-1.0,1,0,1,0,0.0,0.02041849026803985
2982,frozen,44,3,5,1,0,-1.0,-1.0,1,0,1,0,0.0,0.02041849026803985
2983,frozen,44,8,3,0,0,-1.0,-1.0,1,0,1,0,0.0,0.02041849026803985
2984,frozen,44,6,3,0,0,-1.0,-1.0,1,0,1,0,0.0,0.02041849026803985
2985,frozen,44,0,3,0,0,-1.0,-1.0,1,0,1,0,0.0,0.02041849026803985
2986,frozen,44,8,5,1,0,-1.0,-1.0,1,0,1,0,0.0,0.02041849026803985
2987,frozen,44,5,5,1,1,1.0,1.0,0,nan,nan,nan,0.0,0.02041849026803985
2988,frozen,44,6,4,0,0,-1.0,-1.0,1,1,0,0,0.0,0.02041849026803985
2989,frozen,44,2,5,1,0,-1.0,-1.0,1,0,1,0,0.0,0.02041849026803985
2990,frozen,44,3,3,0,1,1.0,1.0,0,nan,nan,nan,0.0,0.02041849026803985
2991,frozen,44,5,2,0,0,-1.0,-1.0,1,1,0,0,0.0,0.02041849026803985
2992,frozen,44,3,5,1,0,-1.0,-1.0,1,0,1,0,0.0,0.02041849026803985
2993,frozen,44,4,5,1,1,1.0,1.0,0,nan,nan,nan,0.0,0.02041849026803985
2994,frozen,44,6,6,1,1,1.0,1.0,0,nan,nan,nan,0.0,0.02041849026803985
2995,frozen,44,7,7,1,1,1.0,1.0,0,nan,nan,nan,0.0,0.02041849026803985
2996,frozen,44,8,6,0,0,-1.0,-1.0,1,3,0,1,0.0,0.02041849026803985
2997,frozen,44,3,5,1,0,-1.0,-1.0,1,0,1,0,0.0,0.02041849026803985
2998,frozen,44,8,5,1,0,-1.0,-1.0,1,0,1,0,0.0,0.02041849026803985
2999,frozen,44,7,5,1,0,-1.0,-1.0,1,0,1,0,0.0,0.02041849026803985
3000,frozen,44,3,5,1,0,-1.0,-1.0,1,0,1,0,0.0,0.02041849026803985
