trial,condition,seed,ball,paddle,action,hit,natural_reward,reward_used,rally_ended,completed_rally_length,ace,long_rally,mean_abs_weight_change,mean_weight
1,frozen,45,8,3,0,0,-1.0,-1.0,1,0,1,0,0.0,-0.019711509742340833
2,frozen,45,5,5,1,1,1.0,1.0,0,nan,nan,nan,0.0,-0.019711509742340833
3,frozen,45,6,6,1,1,1.0,1.0,0,nan,nan,nan,0.0,-0.019711509742340833
4,frozen,45,4,7,1,0,-1.0,-1.0,1,2,0,0,0.0,-0.019711509742340833
5,frozen,45,4,3,0,1,1.0,1.0,0,nan,nan,nan,0.0,-0.019711509742340833
6,frozen,45,6,2,0,0,-1.0,-1.0,1,1,0,0,0.0,-0.019711509742340833
7,frozen,45,6,3,0,0,-1.0,-1.0,1,0,1,0,0.0,-0.019711509742340833
8,frozen,45,7,3,0,0,-1.0,-1.0,1,0,1,0,0.0,-0.019711509742340833
9,frozen,45,5,5,1,1,1.0,1.0,0,nan,nan,nan,0.0,-0.019711509742340833
10,frozen,45,4,6,1,0,-1.0,-1.0,1,1,0,0,0.0,-0.019711509742340833
11,frozen,45,3,5,1,0,-1.0,-1.0,1,0,1,0,0.0,-0.019711509742340833
12,frozen,45,7,3,0,0,-1.0,-1.0,1,0,1,0,0.0,-0.019711509742340833
13,frozen,45,5,5,1,1,1.0,1.0,0,nan,nan,nan,0.0,-0.019711509742340833
14,frozen,45,7,6,1,1,1.0,1.0,0,nan,nan,nan,0.0,-0.019711509742340833
15,frozen,45,6,5,0,1,1.0,1.0,0,nan,nan,nan,0.0,-0.019711509742340833
16,frozen,45,5,6,1,1,1.0,1.0,0,nan,nan,nan,0.0,-0.019711509742340833
17,frozen,45,2,7,1,0,-1.0,-1.0,1,4,0,1,0.0,-0.019711509742340833
18,frozen,45,3,5,1,0,-1.0,-1.0,1,0,1,0,0.0,-0.019711509742340833
19,frozen,45,4,3,0,1,1.0,1.0,0,nan,nan,nan,0.0,-0.019711509742340833
20,frozen,45,6,2,0,0,-1.0,-1.0,1,1,0,0,0.0,-0.019711509742340833
21,frozen,45,4,5,1,1,1.0,1.0,0,nan,nan,nan,0.0,-0.019711509742340833
22,frozen,45,5,4,0,1,1.0,1.0,0,nan,nan,nan,0.0,-0.019711509742340833
23,frozen,45,7,3,0,0,-1.0,-1.0,1,2,0,0,0.0,-0.019711509742340833
24,frozen,45,7,3,0,0,-1.0,-1.0,1,0,1,0,0.0,-0.019711509742340833
25,frozen,45,1,3,0,0,-1.0,-1.0,1,0,1,0,0.0,-0.019711509742340833
26,frozen,45,6,5,1,1,1.0,1.0,0,nan,nan,nan,0.0,-0.019711509742340833
27,frozen,45,8,4,0,0,-1.0,-1.0,1,1,0,0,0.0,-0.019711509742340833
28,frozen,45,4,5,1,1,1.0,1.0,0,nan,nan,nan,0.0,-0.019711509742340833
29,frozen,45,5,6,1,1,1.0,1.0,0,nan,nan,nan,0.0,-0.019711509742340833
30,frozen,45,8,5,0,0,-1.0,-1.0,1,2,0,0,0.0,-0.019711509742340833
31,frozen,45,4,5,1,1,1.0,1.0,0,nan,nan,nan,0.0,-0.019711509742340833
32,frozen,45,4,6,1,0,-1.0,-1.0,1,1,0,0,0.0,-0.019711509742340833
33,frozen,45,3,5,1,0,-1.0,-1.0,1,0,1,0,0.0,-0.019711509742340833
34,frozen,45,7,3,0,0,-1.0,-1.0,1,0,1,0,0.0,-0.019711509742340833
35,frozen,45,6,3,0,0,-1.0,-1.0,1,0,1,0,0.0,-0.019711509742340833
36,frozen,45,7,3,0,0,-1.0,-1.0,1,0,1,0,0.0,-0.019711509742340833
37,frozen,45,3,5,1,0,-1.0,-1.0,1,0,1,0,0.0,-0.019711509742340833
38,frozen,45,5,3,0,0,-1.0,-1.0,1,0,1,0,0.0,-0.019711509742340833
39,frozen,45,7,3,0,0,-1.0,-1.0,1,0,1,0,0.0,-0.019711509742340833
40,frozen,45,0,3,0,0,-1.0,-1.0,1,0,1,0,0.0,-0.019711509742340833
41,frozen,45,3,5,1,0,-1.0,-1.0,1,0,1,0,0.0,-0.019711509742340833
42,frozen,45,0,5,1,0,-1.0,-1.0,1,0,1,0,0.0,-0.019711509742340833
43,frozen,45,2,3,0,1,1.0,1.0,0,nan,nan,nan,0.0,-0.019711509742340833
44,frozen,45,1,4,1,0,-1.0,-1.0,1,1,0,0,0.0,-0.019711509742340833
45,frozen,45,3,5,1,0,-1.0,-1.0,1,0,1,0,0.0,-0.019711509742340833
46,frozen,45,6,5,1,1,1.0,1.0,0,nan,nan,nan,0.0,-0.019711509742340833
47,frozen,45,3,4,0,1,1.0,1.0,0,nan,nan,nan,0.0,-0.019711509742340833
48,frozen,45,0,5,1,0,-1.0,-1.0,1,2,0,0,0.0,-0.019711509742340833
49,frozen,45,3,5,1,0,-1.0,-1.0,1,0,1,0,0.0,-0.019711509742340833
50,frozen,45,6,5,1,1,1.0,1.0,0,nan,nan,nan,0.0,-0.019711509742340833
51,frozen,45,7,4,0,0,-1.0,-1.0,1,1,0,0,0.0,-0.019711509742340833
52,frozen,45,3,5,1,0,-1.0,-1.0,1,0,1,0,0.0,-0.019711509742340833
53,frozen,45,8,5,1,0,-1.0,-1.0,1,0,1,0,0.0,-0.019711509742340833
54,frozen,45,3,5,1,0,-1.0,-1.0,1,0,1,0,0.0,-0.019711509742340833
55,frozen,45,0,3,0,0,-1.0,-1.0,1,0,1,0,0.0,-0.019711509742340833
56,frozen,45,1,3,0,0,-1.0,-1.0,1,0,1,0,0.0,-0.019711509742340833
57,frozen,45,4,5,1,1,1.0,1.0,0,nan,nan,nan,0.0,-0.019711509742340833
58,frozen,45,0,4,0,0,-1.0,-1.0,1,1,0,0,0.0,-0.019711509742340833
59,frozen,45,1,5,1,0,-1.0,-1.0,1,0,1,0,0.0,-0.019711509742340833
60,frozen,45,1,5,1,0,-1.0,-1.0,1,0,1,0,0.0,-0.019711509742340833
61,frozen,45,2,5,1,0,-1.0,-1.0,1,0,1,0,0.0,-0.019711509742340833
62,frozen,45,7,3,0,0,-1.0,-1.0,1,0,1,0,0.0,-0.019711509742340833
63,frozen,45,7,3,0,0,-1.0,-1.0,1,0,1,0,0.0,-0.019711509742340833
64,frozen,45,1,3,0,0,-1.0,-1.0,1,0,1,0,0.0,-0.019711509742340833
65,frozen,45,1,5,1,0,-1.0,-1.0,1,0,1,0,0.0,-0.019711509742340833
66,frozen,45,6,3,0,0,-1.0,-1.0,1,0,1,0,0.0,-0.019711509742340833
67,frozen,45,2,5,1,0,-1.0,-1.0,1,0,1,0,0.0,-0.019711509742340833
68,frozen,45,6,5,1,1,1.0,1.0,0,nan,nan,nan,0.0,-0.019711509742340833
69,frozen,45,3,4,0,1,1.0,1.0,0,nan,nan,nan,0.0,-0.019711509742340833
70,frozen,45,4,5,1,1,1.0,1.0,0,nan,nan,nan,0.0,-0.019711509742340833
71,frozen,45,7,4,0,0,-1.0,-1.0,1,3,0,1,0.0,-0.019711509742340833
72,frozen,45,8,5,1,0,-1.0,-1.0,1,0,1,0,0.0,-0.019711509742340833
73,frozen,45,6,3,0,0,-1.0,-1.0,1,0,1,0,0.0,-0.019711509742340833
74,frozen,45,3,5,1,0,-1.0,-1.0,1,0,1,0,0.0,-0.019711509742340833
75,frozen,45,1,3,0,0,-1.0,-1.0,1,0,1,0,0.0,-0.019711509742340833
76,frozen,45,0,5,1,0,-1.0,-1.0,1,0,1,0,0.0,-0.019711509742340833
77,frozen,45,0,3,0,0,-1.0,-1.0,1,0,1,0,0.0,-0.019711509742340833
78,frozen,45,4,5,1,1,1.0,1.0,0,nan,nan,nan,0.0,-0.019711509742340833
79,frozen,45,3,4,0,1,1.0,1.0,0,nan,nan,nan,0.0,-0.019711509742340833
80,frozen,45,1,3,0,0,-1.0,-1.0,1,2,0,0,0.0,-0.019711509742340833
81,frozen,45,0,5,1,0,-1.0,-1.0,1,0,1,0,0.0,-0.019711509742340833
82,frozen,45,1,5,1,0,-1.0,-1.0,1,0,1,0,0.0,-0.019711509742340833
83,frozen,45,2,5,1,0,-1.0,-1.0,1,0,1,0,0.0,-0.019711509742340833
84,frozen,45,8,3,0,0,-1.0,-1.0,1,0,1,0,0.0,-0.019711509742340833
85,frozen,45,8,5,1,0,-1.0,-1.0,1,0,1,0,0.0,-0.019711509742340833
86,frozen,45,3,5,1,0,-1.0,-1.0,1,0,1,0,0.0,-0.019711509742340833
87,frozen,45,7,5,1,0,-1.0,-1.0,1,0,1,0,0.0,-0.019711509742340833
88,frozen,45,6,5,1,1,1.0,1.0,0,nan,nan,nan,0.0,-0.019711509742340833
89,frozen,45,7,6,1,1,1.0,1.0,0,nan,nan,nan,0.0,-0.019711509742340833
90,frozen,45,1,5,0,0,-1.0,-1.0,1,2,0,0,0.0,-0.019711509742340833
91,frozen,45,7,3,0,0,-1.0,-1.0,1,0,1,0,0.0,-0.019711509742340833
92,frozen,45,0,5,1,0,-1.0,-1.0,1,0,1,0,0.0,-0.019711509742340833
93,frozen,45,3,5,1,0,-1.0,-1.0,1,0,1,0,0.0,-0.019711509742340833
94,frozen,45,8,3,0,0,-1.0,-1.0,1,0,1,0,0.0,-0.019711509742340833
95,frozen,45,8,5,1,0,-1.0,-1.0,1,0,1,0,0.0,-0.019711509742340833
96,frozen,45,6,5,1,1,1.0,1.0,0,nan,nan,nan,0.0,-0.019711509742340833
97,frozen,45,8,4,0,0,-1.0,-1.0,1,1,0,0,0.0,-0.019711509742340833
98,frozen,45,6,5,1,1,1.0,1.0,0,nan,nan,nan,0.0,-0.019711509742340833
99,frozen,45,6,6,1,1,1.0,1.0,0,nan,nan,nan,0.0,-0.019711509742340833
100,frozen,45,7,7,1,1,1.0,1.0,0,nan,nan,nan,0.0,-0.019711509742340833
101,frozen,45,4,6,0,0,-1.0,-1.0,1,3,0,1,0.0,-0.019711509742340833
102,frozen,45,2,5,1,0,-1.0,-1.0,1,0,1,0,0.0,-0.019711509742340833
103,frozen,45,8,5,1,0,-1.0,-1.0,1,0,1,0,0.0,-0.019711509742340833
104,frozen,45,3,5,1,0,-1.0,-1.0,1,0,1,0,0.0,-0.019711509742340833
105,frozen,45,7,3,0,0,-1.0,-1.0,1,0,1,0,0.0,-0.019711509742340833
106,frozen,45,3,5,1,0,-1.0,-1.0,1,0,1,0,0.0,-0.019711509742340833
107,frozen,45,6,5,1,1,1.0,1.0,0,nan,nan,nan,0.0,-0.019711509742340833
108,frozen,45,7,4,0,0,-1.0,-1.0,1,1,0,0,0.0,-0.019711509742340833
109,frozen,45,5,5,1,1,1.0,1.0,0,nan,nan,nan,0.0,-0.019711509742340833
110,frozen,45,2,6,1,0,-1.0,-1.0,1,1,0,0,0.0,-0.019711509742340833
111,frozen,45,2,5,1,0,-1.0,-1.0,1,0,1,0,0.0,-0.019711509742340833
112,frozen,45,3,3,0,1,1.0,1.0,0,nan,nan,nan,0.0,-0.019711509742340833
113,frozen,45,4,2,0,0,-1.0,-1.0,1,1,0,0,0.0,-0.019711509742340833
114,frozen,45,6,3,0,0,-1.0,-1.0,1,0,1,0,0.0,-0.019711509742340833
115,frozen,45,7,3,0,0,-1.0,-1.0,1,0,1,0,0.0,-0.019711509742340833
116,frozen,45,5,3,0,0,-1.0,-1.0,1,0,1,0,0.0,-0.019711509742340833
117,frozen,45,6,3,0,0,-1.0,-1.0,1,0,1,0,0.0,-0.019711509742340833
118,frozen,45,4,5,1,1,1.0,1.0,0,nan,nan,nan,0.0,-0.019711509742340833
119,frozen,45,7,6,1,1,1.0,1.0,0,nan,nan,nan,0.0,-0.019711509742340833
120,frozen,45,1,5,0,0,-1.0,-1.0,1,2,0,0,0.0,-0.019711509742340833
121,frozen,45,3,5,1,0,-1.0,-1.0,1,0,1,0,0.0,-0.019711509742340833
122,frozen,45,3,5,1,0,-1.0,-1.0,1,0,1,0,0.0,-0.019711509742340833
123,frozen,45,3,5,1,0,-1.0,-1.0,1,0,1,0,0.0,-0.019711509742340833
124,frozen,45,8,3,0,0,-1.0,-1.0,1,0,1,0,0.0,-0.019711509742340833
125,frozen,45,4,5,1,1,1.0,1.0,0,nan,nan,nan,0.0,-0.019711509742340833
126,frozen,45,0,4,0,0,-1.0,-1.0,1,1,0,0,0.0,-0.019711509742340833
127,frozen,45,4,5,1,1,1.0,1.0,0,nan,nan,nan,0.0,-0.019711509742340833
128,frozen,45,7,4,0,0,-1.0,-1.0,1,1,0,0,0.0,-0.019711509742340833
129,frozen,45,4,5,1,1,1.0,1.0,0,nan,nan,nan,0.0,-0.019711509742340833
130,frozen,45,6,6,1,1,1.0,1.0,0,nan,nan,nan,0.0,-0.019711509742340833
131,frozen,45,3,7,1,0,-1.0,-1.0,1,2,0,0,0.0,-0.019711509742340833
132,frozen,45,1,3,0,0,-1.0,-1.0,1,0,1,0,0.0,-0.019711509742340833
133,frozen,45,8,3,0,0,-1.0,-1.0,1,0,1,0,0.0,-0.019711509742340833
134,frozen,45,7,3,0,0,-1.0,-1.0,1,0,1,0,0.0,-0.019711509742340833
135,frozen,45,0,3,0,0,-1.0,-1.0,1,0,1,0,0.0,-0.019711509742340833
136,frozen,45,4,5,1,1,1.0,1.0,0,nan,nan,nan,0.0,-0.019711509742340833
137,frozen,45,1,4,0,0,-1.0,-1.0,1,1,0,0,0.0,-0.019711509742340833
138,frozen,45,3,3,0,1,1.0,1.0,0,nan,nan,nan,0.0,-0.019711509742340833
139,frozen,45,0,4,1,0,-1.0,-1.0,1,1,0,0,0.0,-0.019711509742340833
140,frozen,45,5,3,0,0,-1.0,-1.0,1,0,1,0,0.0,-0.019711509742340833
141,frozen,45,2,5,1,0,-1.0,-1.0,1,0,1,0,0.0,-0.019711509742340833
142,frozen,45,2,5,1,0,-1.0,-1.0,1,0,1,0,0.0,-0.019711509742340833
143,frozen,45,6,5,1,1,1.0,1.0,0,nan,nan,nan,0.0,-0.019711509742340833
144,frozen,45,0,6,1,0,-1.0,-1.0,1,1,0,0,0.0,-0.019711509742340833
145,frozen,45,6,5,1,1,1.0,1.0,0,nan,nan,nan,0.0,-0.019711509742340833
146,frozen,45,2,6,1,0,-1.0,-1.0,1,1,0,0,0.0,-0.019711509742340833
147,frozen,45,5,5,1,1,1.0,1.0,0,nan,nan,nan,0.0,-0.019711509742340833
148,frozen,45,1,6,1,0,-1.0,-1.0,1,1,0,0,0.0,-0.019711509742340833
149,frozen,45,0,5,1,0,-1.0,-1.0,1,0,1,0,0.0,-0.019711509742340833
150,frozen,45,3,5,1,0,-1.0,-1.0,1,0,1,0,0.0,-0.019711509742340833
151,frozen,45,8,5,1,0,-1.0,-1.0,1,0,1,0,0.0,-0.019711509742340833
152,frozen,45,4,5,1,1,1.0,1.0,0,nan,nan,nan,0.0,-0.019711509742340833
153,frozen,45,1,6,1,0,-1.0,-1.0,1,1,0,0,0.0,-0.019711509742340833
154,frozen,45,2,3,0,1,1.0,1.0,0,nan,nan,nan,0.0,-0.019711509742340833
155,frozen,45,7,2,0,0,-1.0,-1.0,1,1,0,0,0.0,-0.019711509742340833
156,frozen,45,7,3,0,0,-1.0,-1.0,1,0,1,0,0.0,-0.019711509742340833
157,frozen,45,4,3,0,1,1.0,1.0,0,nan,nan,nan,0.0,-0.019711509742340833
158,frozen,45,3,4,1,1,1.0,1.0,0,nan,nan,nan,0.0,-0.019711509742340833
159,frozen,45,1,5,1,0,-1.0,-1.0,1,2,0,0,0.0,-0.019711509742340833
160,frozen,45,5,3,0,0,-1.0,-1.0,1,0,1,0,0.0,-0.019711509742340833
161,frozen,45,7,3,0,0,-1.0,-1.0,1,0,1,0,0.0,-0.019711509742340833
162,frozen,45,6,3,0,0,-1.0,-1.0,1,0,1,0,0.0,-0.019711509742340833
163,frozen,45,0,5,1,0,-1.0,-1.0,1,0,1,0,0.0,-0.019711509742340833
164,frozen,45,6,5,1,1,1.0,1.0,0,nan,nan,nan,0.0,-0.019711509742340833
165,frozen,45,8,4,0,0,-1.0,-1.0,1,1,0,0,0.0,-0.019711509742340833
166,frozen,45,1,5,1,0,-1.0,-1.0,1,0,1,0,0.0,-0.019711509742340833
167,frozen,45,1,5,1,0,-1.0,-1.0,1,0,1,0,0.0,-0.019711509742340833
168,frozen,45,2,3,0,1,1.0,1.0,0,nan,nan,nan,0.0,-0.019711509742340833
169,frozen,45,7,2,0,0,-1.0,-1.0,1,1,0,0,0.0,-0.019711509742340833
170,frozen,45,7,3,0,0,-1.0,-1.0,1,0,1,0,0.0,-0.019711509742340833
171,frozen,45,4,3,0,1,1.0,1.0,0,nan,nan,nan,0.0,-0.019711509742340833
172,frozen,45,6,2,0,0,-1.0,-1.0,1,1,0,0,0.0,-0.019711509742340833
173,frozen,45,0,5,1,0,-1.0,-1.0,1,0,1,0,0.0,-0.019711509742340833
174,frozen,45,4,3,0,1,1.0,1.0,0,nan,nan,nan,0.0,-0.019711509742340833
175,frozen,45,2,4,1,0,-1.0,-1.0,1,1,0,0,0.0,-0.019711509742340833
176,frozen,45,8,5,1,0,-1.0,-1.0,1,0,1,0,0.0,-0.019711509742340833
177,frozen,45,0,5,1,0,-1.0,-1.0,1,0,1,0,0.0,-0.019711509742340833
178,frozen,45,2,5,1,0,-1.0,-1.0,1,0,1,0,0.0,-0.019711509742340833
179,frozen,45,0,3,0,0,-1.0,-1.0,1,0,1,0,0.0,-0.019711509742340833
180,frozen,45,4,5,1,1,1.0,1.0,0,nan,nan,nan,0.0,-0.019711509742340833
181,frozen,45,6,4,0,0,-1.0,-1.0,1,1,0,0,0.0,-0.019711509742340833
182,frozen,45,4,5,1,1,1.0,1.0,0,nan,nan,nan,0.0,-0.019711509742340833
183,frozen,45,3,6,1,0,-1.0,-1.0,1,1,0,0,0.0,-0.019711509742340833
184,frozen,45,1,3,0,0,-1.0,-1.0,1,0,1,0,0.0,-0.019711509742340833
185,frozen,45,6,5,1,1,1.0,1.0,0,nan,nan,nan,0.0,-0.019711509742340833
186,frozen,45,1,6,1,0,-1.0,-1.0,1,1,0,0,0.0,-0.019711509742340833
187,frozen,45,4,5,1,1,1.0,1.0,0,nan,nan,nan,0.0,-0.019711509742340833
188,frozen,45,5,6,1,1,1.0,1.0,0,nan,nan,nan,0.0,-0.019711509742340833
189,frozen,45,8,7,1,1,1.0,1.0,0,nan,nan,nan,0.0,-0.019711509742340833
190,frozen,45,0,8,1,0,-1.0,-1.0,1,3,0,1,0.0,-0.019711509742340833
191,frozen,45,2,5,1,0,-1.0,-1.0,1,0,1,0,0.0,-0.019711509742340833
192,frozen,45,3,5,1,0,-1.0,-1.0,1,0,1,0,0.0,-0.019711509742340833
193,frozen,45,0,3,0,0,-1.0,-1.0,1,0,1,0,0.0,-0.019711509742340833
194,frozen,45,2,3,0,1,1.0,1.0,0,nan,nan,nan,0.0,-0.019711509742340833
195,frozen,45,2,4,1,0,-1.0,-1.0,1,1,0,0,0.0,-0.019711509742340833
196,frozen,45,6,3,0,0,-1.0,-1.0,1,0,1,0,0.0,-0.019711509742340833
197,frozen,45,8,5,1,0,-1.0,-1.0,1,0,1,0,0.0,-0.019711509742340833
198,frozen,45,3,5,1,0,-1.0,-1.0,1,0,1,0,0.0,-0.019711509742340833
199,frozen,45,0,5,1,0,-1.0,-1.0,1,0,1,0,0.0,-0.019711509742340833
200,frozen,45,8,5,1,0,-1.0,-1.0,1,0,1,0,0.0,-0.019711509742340833
201,frozen,45,0,3,0,0,-1.0,-1.0,1,0,1,0,0.0,-0.019711509742340833
202,frozen,45,7,3,0,0,-1.0,-1.0,1,0,1,0,0.0,-0.019711509742340833
203,frozen,45,1,3,0,0,-1.0,-1.0,1,0,1,0,0.0,-0.019711509742340833
204,frozen,45,1,5,1,0,-1.0,-1.0,1,0,1,0,0.0,-0.019711509742340833
205,frozen,45,0,3,0,0,-1.0,-1.0,1,0,1,0,0.0,-0.019711509742340833
206,frozen,45,8,3,0,0,-1.0,-1.0,1,0,1,0,0.0,-0.019711509742340833
207,frozen,45,6,5,1,1,1.0,1.0,0,nan,nan,nan,0.0,-0.019711509742340833
208,frozen,45,5,6,1,1,1.0,1.0,0,nan,nan,nan,0.0,-0.019711509742340833
209,frozen,45,6,7,1,1,1.0,1.0,0,nan,nan,nan,0.0,-0.019711509742340833
210,frozen,45,1,8,1,0,-1.0,-1.0,1,3,0,1,0.0,-0.019711509742340833
211,frozen,45,2,3,0,1,1.0,1.0,0,nan,nan,nan,0.0,-0.019711509742340833
212,frozen,45,1,4,1,0,-1.0,-1.0,1,1,0,0,0.0,-0.019711509742340833
213,frozen,45,1,5,1,0,-1.0,-1.0,1,0,1,0,0.0,-0.019711509742340833
214,frozen,45,4,5,1,1,1.0,1.0,0,nan,nan,nan,0.0,-0.019711509742340833
215,frozen,45,1,6,1,0,-1.0,-1.0,1,1,0,0,0.0,-0.019711509742340833
216,frozen,45,4,5,1,1,1.0,1.0,0,nan,nan,nan,0.0,-0.019711509742340833
217,frozen,45,0,6,1,0,-1.0,-1.0,1,1,0,0,0.0,-0.019711509742340833
218,frozen,45,8,5,1,0,-1.0,-1.0,1,0,1,0,0.0,-0.019711509742340833
219,frozen,45,4,3,0,1,1.0,1.0,0,nan,nan,nan,0.0,-0.019711509742340833
220,frozen,45,1,2,0,1,1.0,1.0,0,nan,nan,nan,0.0,-0.019711509742340833
221,frozen,45,8,1,0,0,-1.0,-1.0,1,2,0,0,0.0,-0.019711509742340833
222,frozen,45,1,3,0,0,-1.0,-1.0,1,0,1,0,0.0,-0.019711509742340833
223,frozen,45,7,3,0,0,-1.0,-1.0,1,0,1,0,0.0,-0.019711509742340833
224,frozen,45,6,5,1,1,1.0,1.0,0,nan,nan,nan,0.0,-0.019711509742340833
225,frozen,45,3,4,0,1,1.0,1.0,0,nan,nan,nan,0.0,-0.019711509742340833
226,frozen,45,5,5,1,1,1.0,1.0,0,nan,nan,nan,0.0,-0.019711509742340833
227,frozen,45,4,6,1,0,-1.0,-1.0,1,3,0,1,0.0,-0.019711509742340833
228,frozen,45,1,5,1,0,-1.0,-1.0,1,0,1,0,0.0,-0.019711509742340833
229,frozen,45,6,3,0,0,-1.0,-1.0,1,0,1,0,0.0,-0.019711509742340833
230,frozen,45,2,3,0,1,1.0,1.0,0,nan,nan,nan,0.0,-0.019711509742340833
231,frozen,45,4,4,1,1,1.0,1.0,0,nan,nan,nan,0.0,-0.019711509742340833
232,frozen,45,2,5,1,0,-1.0,-1.0,1,2,0,0,0.0,-0.019711509742340833
233,frozen,45,2,3,0,1,1.0,1.0,0,nan,nan,nan,0.0,-0.019711509742340833
234,frozen,45,4,2,0,0,-1.0,-1.0,1,1,0,0,0.0,-0.019711509742340833
235,frozen,45,8,5,1,0,-1.0,-1.0,1,0,1,0,0.0,-0.019711509742340833
236,frozen,45,1,3,0,0,-1.0,-1.0,1,0,1,0,0.0,-0.019711509742340833
237,frozen,45,2,3,0,1,1.0,1.0,0,nan,nan,nan,0.0,-0.019711509742340833
238,frozen,45,6,2,0,0,-1.0,-1.0,1,1,0,0,0.0,-0.019711509742340833
239,frozen,45,7,3,0,0,-1.0,-1.0,1,0,1,0,0.0,-0.019711509742340833
240,frozen,45,4,5,1,1,1.0,1.0,0,nan,nan,nan,0.0,-0.019711509742340833
241,frozen,45,8,4,0,0,-1.0,-1.0,1,1,0,0,0.0,-0.019711509742340833
242,frozen,45,0,3,0,0,-1.0,-1.0,1,0,1,0,0.0,-0.019711509742340833
243,frozen,45,3,5,1,0,-1.0,-1.0,1,0,1,0,0.0,-0.019711509742340833
244,frozen,45,4,5,1,1,1.0,1.0,0,nan,nan,nan,0.0,-0.019711509742340833
245,frozen,45,7,6,1,1,1.0,1.0,0,nan,nan,nan,0.0,-0.019711509742340833
246,frozen,45,5,7,1,0,-1.0,-1.0,1,2,0,0,0.0,-0.019711509742340833
247,frozen,45,2,5,1,0,-1.0,-1.0,1,0,1,0,0.0,-0.019711509742340833
248,frozen,45,4,3,0,1,1.0,1.0,0,nan,nan,nan,0.0,-0.019711509742340833
249,frozen,45,6,2,0,0,-1.0,-1.0,1,1,0,0,0.0,-0.019711509742340833
250,frozen,45,2,5,1,0,-1.0,-1.0,1,0,1,0,0.0,-0.019711509742340833
251,frozen,45,2,5,1,0,-1.0,-1.0,1,0,1,0,0.0,-0.019711509742340833
252,frozen,45,8,3,0,0,-1.0,-1.0,1,0,1,0,0.0,-0.019711509742340833
253,frozen,45,4,5,1,1,1.0,1.0,0,nan,nan,nan,0.0,-0.019711509742340833
254,frozen,45,1,6,1,0,-1.0,-1.0,1,1,0,0,0.0,-0.019711509742340833
255,frozen,45,6,5,1,1,1.0,1.0,0,nan,nan,nan,0.0,-0.019711509742340833
256,frozen,45,1,4,0,0,-1.0,-1.0,1,1,0,0,0.0,-0.019711509742340833
257,frozen,45,7,3,0,0,-1.0,-1.0,1,0,1,0,0.0,-0.019711509742340833
258,frozen,45,3,5,1,0,-1.0,-1.0,1,0,1,0,0.0,-0.019711509742340833
259,frozen,45,7,3,0,0,-1.0,-1.0,1,0,1,0,0.0,-0.019711509742340833
260,frozen,45,2,5,1,0,-1.0,-1.0,1,0,1,0,0.0,-0.019711509742340833
261,frozen,45,2,3,0,1,1.0,1.0,0,nan,nan,nan,0.0,-0.019711509742340833
262,frozen,45,7,4,1,0,-1.0,-1.0,1,1,0,0,0.0,-0.019711509742340833
263,frozen,45,8,3,0,0,-1.0,-1.0,1,0,1,0,0.0,-0.019711509742340833
264,frozen,45,0,5,1,0,-1.0,-1.0,1,0,1,0,0.0,-0.019711509742340833
265,frozen,45,7,3,0,0,-1.0,-1.0,1,0,1,0,0.0,-0.019711509742340833
266,frozen,45,7,3,0,0,-1.0,-1.0,1,0,1,0,0.0,-0.019711509742340833
267,frozen,45,5,5,1,1,1.0,1.0,0,nan,nan,nan,0.0,-0.019711509742340833
268,frozen,45,5,6,1,1,1.0,1.0,0,nan,nan,nan,0.0,-0.019711509742340833
269,frozen,45,3,7,1,0,-1.0,-1.0,1,2,0,0,0.0,-0.019711509742340833
270,frozen,45,7,3,0,0,-1.0,-1.0,1,0,1,0,0.0,-0.019711509742340833
271,frozen,45,5,5,1,1,1.0,1.0,0,nan,nan,nan,0.0,-0.019711509742340833
272,frozen,45,1,6,1,0,-1.0,-1.0,1,1,0,0,0.0,-0.019711509742340833
273,frozen,45,5,5,1,1,1.0,1.0,0,nan,nan,nan,0.0,-0.019711509742340833
274,frozen,45,4,6,1,0,-1.0,-1.0,1,1,0,0,0.0,-0.019711509742340833
275,frozen,45,4,5,1,1,1.0,1.0,0,nan,nan,nan,0.0,-0.019711509742340833
276,frozen,45,8,4,0,0,-1.0,-1.0,1,1,0,0,0.0,-0.019711509742340833
277,frozen,45,5,5,1,1,1.0,1.0,0,nan,nan,nan,0.0,-0.019711509742340833
278,frozen,45,7,6,1,1,1.0,1.0,0,nan,nan,nan,0.0,-0.019711509742340833
279,frozen,45,1,7,1,0,-1.0,-1.0,1,2,0,0,0.0,-0.019711509742340833
280,frozen,45,2,3,0,1,1.0,1.0,0,nan,nan,nan,0.0,-0.019711509742340833
281,frozen,45,2,4,1,0,-1.0,-1.0,1,1,0,0,0.0,-0.019711509742340833
282,frozen,45,7,3,0,0,-1.0,-1.0,1,0,1,0,0.0,-0.019711509742340833
283,frozen,45,4,5,1,1,1.0,1.0,0,nan,nan,nan,0.0,-0.019711509742340833
284,frozen,45,6,4,0,0,-1.0,-1.0,1,1,0,0,0.0,-0.019711509742340833
285,frozen,45,3,5,1,0,-1.0,-1.0,1,0,1,0,0.0,-0.019711509742340833
286,frozen,45,3,5,1,0,-1.0,-1.0,1,0,1,0,0.0,-0.019711509742340833
287,frozen,45,3,5,1,0,-1.0,-1.0,1,0,1,0,0.0,-0.019711509742340833
288,frozen,45,6,5,1,1,1.0,1.0,0,nan,nan,nan,0.0,-0.019711509742340833
289,frozen,45,0,4,0,0,-1.0,-1.0,1,1,0,0,0.0,-0.019711509742340833
290,frozen,45,4,5,1,1,1.0,1.0,0,nan,nan,nan,0.0,-0.019711509742340833
291,frozen,45,4,6,1,0,-1.0,-1.0,1,1,0,0,0.0,-0.019711509742340833
292,frozen,45,3,5,1,0,-1.0,-1.0,1,0,1,0,0.0,-0.019711509742340833
293,frozen,45,2,5,1,0,-1.0,-1.0,1,0,1,0,0.0,-0.019711509742340833
294,frozen,45,3,5,1,0,-1.0,-1.0,1,0,1,0,0.0,-0.019711509742340833
295,frozen,45,0,3,0,0,-1.0,-1.0,1,0,1,0,0.0,-0.019711509742340833
296,frozen,45,8,5,1,0,-1.0,-1.0,1,0,1,0,0.0,-0.019711509742340833
297,frozen,45,0,5,1,0,-1.0,-1.0,1,0,1,0,0.0,-0.019711509742340833
298,frozen,45,4,5,1,1,1.0,1.0,0,nan,nan,nan,0.0,-0.019711509742340833
299,frozen,45,7,4,0,0,-1.0,-1.0,1,1,0,0,0.0,-0.019711509742340833
300,frozen,45,2,3,0,1,1.0,1.0,0,nan,nan,nan,0.0,-0.019711509742340833
301,frozen,45,1,4,1,0,-1.0,-1.0,1,1,0,0,0.0,-0.019711509742340833
302,frozen,45,5,5,1,1,1.0,1.0,0,nan,nan,nan,0.0,-0.019711509742340833
303,frozen,45,7,4,0,0,-1.0,-1.0,1,1,0,0,0.0,-0.019711509742340833
304,frozen,45,8,5,1,0,-1.0,-1.0,1,0,1,0,0.0,-0.019711509742340833
305,frozen,45,7,3,0,0,-1.0,-1.0,1,0,1,0,0.0,-0.019711509742340833
306,frozen,45,5,3,0,0,-1.0,-1.0,1,0,1,0,0.0,-0.019711509742340833
307,frozen,45,3,5,1,0,-1.0,-1.0,1,0,1,0,0.0,-0.019711509742340833
308,frozen,45,7,3,0,0,-1.0,-1.0,1,0,1,0,0.0,-0.019711509742340833
309,frozen,45,8,3,0,0,-1.0,-1.0,1,0,1,0,0.0,-0.019711509742340833
310,frozen,45,7,3,0,0,-1.0,-1.0,1,0,1,0,0.0,-0.019711509742340833
311,frozen,45,4,5,1,1,1.0,1.0,0,nan,nan,nan,0.0,-0.019711509742340833
312,frozen,45,7,4,0,0,-1.0,-1.0,1,1,0,0,0.0,-0.019711509742340833
313,frozen,45,8,5,1,0,-1.0,-1.0,1,0,1,0,0.0,-0.019711509742340833
314,frozen,45,0,3,0,0,-1.0,-1.0,1,0,1,0,0.0,-0.019711509742340833
315,frozen,45,3,5,1,0,-1.0,-1.0,1,0,1,0,0.0,-0.019711509742340833
316,frozen,45,5,3,0,0,-1.0,-1.0,1,0,1,0,0.0,-0.019711509742340833
317,frozen,45,1,3,0,0,-1.0,-1.0,1,0,1,0,0.0,-0.019711509742340833
318,frozen,45,7,3,0,0,-1.0,-1.0,1,0,1,0,0.0,-0.019711509742340833
319,frozen,45,8,3,0,0,-1.0,-1.0,1,0,1,0,0.0,-0.019711509742340833
320,frozen,45,5,5,1,1,1.0,1.0,0,nan,nan,nan,0.0,-0.019711509742340833
321,frozen,45,7,6,1,1,1.0,1.0,0,nan,nan,nan,0.0,-0.019711509742340833
322,frozen,45,6,5,0,1,1.0,1.0,0,nan,nan,nan,0.0,-0.019711509742340833
323,frozen,45,1,4,0,0,-1.0,-1.0,1,3,0,1,0.0,-0.019711509742340833
324,frozen,45,6,3,0,0,-1.0,-1.0,1,0,1,0,0.0,-0.019711509742340833
325,frozen,45,5,5,1,1,1.0,1.0,0,nan,nan,nan,0.0,-0.019711509742340833
326,frozen,45,3,4,0,1,1.0,1.0,0,nan,nan,nan,0.0,-0.019711509742340833
327,frozen,45,0,3,0,0,-1.0,-1.0,1,2,0,0,0.0,-0.019711509742340833
328,frozen,45,8,3,0,0,-1.0,-1.0,1,0,1,0,0.0,-0.019711509742340833
329,frozen,45,7,3,0,0,-1.0,-1.0,1,0,1,0,0.0,-0.019711509742340833
330,frozen,45,3,5,1,0,-1.0,-1.0,1,0,1,0,0.0,-0.019711509742340833
331,frozen,45,7,3,0,0,-1.0,-1.0,1,0,1,0,0.0,-0.019711509742340833
332,frozen,45,6,5,1,1,1.0,1.0,0,nan,nan,nan,0.0,-0.019711509742340833
333,frozen,45,8,4,0,0,-1.0,-1.0,1,1,0,0,0.0,-0.019711509742340833
334,frozen,45,2,5,1,0,-1.0,-1.0,1,0,1,0,0.0,-0.019711509742340833
335,frozen,45,5,3,0,0,-1.0,-1.0,1,0,1,0,0.0,-0.019711509742340833
336,frozen,45,3,5,1,0,-1.0,-1.0,1,0,1,0,0.0,-0.019711509742340833
337,frozen,45,1,3,0,0,-1.0,-1.0,1,0,1,0,0.0,-0.019711509742340833
338,frozen,45,6,5,1,1,1.0,1.0,0,nan,nan,nan,0.0,-0.019711509742340833
339,frozen,45,7,4,0,0,-1.0,-1.0,1,1,0,0,0.0,-0.019711509742340833
340,frozen,45,7,3,0,0,-1.0,-1.0,1,0,1,0,0.0,-0.019711509742340833
341,frozen,45,1,3,0,0,-1.0,-1.0,1,0,1,0,0.0,-0.019711509742340833
342,frozen,45,1,3,0,0,-1.0,-1.0,1,0,1,0,0.0,-0.019711509742340833
343,frozen,45,6,3,0,0,-1.0,-1.0,1,0,1,0,0.0,-0.019711509742340833
344,frozen,45,8,3,0,0,-1.0,-1.0,1,0,1,0,0.0,-0.019711509742340833
345,frozen,45,1,3,0,0,-1.0,-1.0,1,0,1,0,0.0,-0.019711509742340833
346,frozen,45,1,3,0,0,-1.0,-1.0,1,0,1,0,0.0,-0.019711509742340833
347,frozen,45,7,3,0,0,-1.0,-1.0,1,0,1,0,0.0,-0.019711509742340833
348,frozen,45,7,3,0,0,-1.0,-1.0,1,0,1,0,0.0,-0.019711509742340833
349,frozen,45,7,3,0,0,-1.0,-1.0,1,0,1,0,0.0,-0.019711509742340833
350,frozen,45,3,5,1,0,-1.0,-1.0,1,0,1,0,0.0,-0.019711509742340833
351,frozen,45,2,3,0,1,1.0,1.0,0,nan,nan,nan,0.0,-0.019711509742340833
352,frozen,45,4,4,1,1,1.0,1.0,0,nan,nan,nan,0.0,-0.019711509742340833
353,frozen,45,2,3,0,1,1.0,1.0,0,nan,nan,nan,0.0,-0.019711509742340833
354,frozen,45,5,4,1,1,1.0,1.0,0,nan,nan,nan,0.0,-0.019711509742340833
355,frozen,45,5,5,1,1,1.0,1.0,0,nan,nan,nan,0.0,-0.019711509742340833
356,frozen,45,3,4,0,1,1.0,1.0,0,nan,nan,nan,0.0,-0.019711509742340833
357,frozen,45,6,5,1,1,1.0,1.0,0,nan,nan,nan,0.0,-0.019711509742340833
358,frozen,45,8,4,0,0,-1.0,-1.0,1,7,0,1,0.0,-0.019711509742340833
359,frozen,45,8,5,1,0,-1.0,-1.0,1,0,1,0,0.0,-0.019711509742340833
360,frozen,45,3,3,0,1,1.0,1.0,0,nan,nan,nan,0.0,-0.019711509742340833
361,frozen,45,6,2,0,0,-1.0,-1.0,1,1,0,0,0.0,-0.019711509742340833
362,frozen,45,0,5,1,0,-1.0,-1.0,1,0,1,0,0.0,-0.019711509742340833
363,frozen,45,4,5,1,1,1.0,1.0,0,nan,nan,nan,0.0,-0.019711509742340833
364,frozen,45,7,6,1,1,1.0,1.0,0,nan,nan,nan,0.0,-0.019711509742340833
365,frozen,45,7,5,0,0,-1.0,-1.0,1,2,0,0,0.0,-0.019711509742340833
366,frozen,45,2,3,0,1,1.0,1.0,0,nan,nan,nan,0.0,-0.019711509742340833
367,frozen,45,4,2,0,0,-1.0,-1.0,1,1,0,0,0.0,-0.019711509742340833
368,frozen,45,8,5,1,0,-1.0,-1.0,1,0,1,0,0.0,-0.019711509742340833
369,frozen,45,8,3,0,0,-1.0,-1.0,1,0,1,0,0.0,-0.019711509742340833
370,frozen,45,8,3,0,0,-1.0,-1.0,1,0,1,0,0.0,-0.019711509742340833
371,frozen,45,8,3,0,0,-1.0,-1.0,1,0,1,0,0.0,-0.019711509742340833
372,frozen,45,2,5,1,0,-1.0,-1.0,1,0,1,0,0.0,-0.019711509742340833
373,frozen,45,7,3,0,0,-1.0,-1.0,1,0,1,0,0.0,-0.019711509742340833
374,frozen,45,5,5,1,1,1.0,1.0,0,nan,nan,nan,0.0,-0.019711509742340833
375,frozen,45,4,6,1,0,-1.0,-1.0,1,1,0,0,0.0,-0.019711509742340833
376,frozen,45,8,3,0,0,-1.0,-1.0,1,0,1,0,0.0,-0.019711509742340833
377,frozen,45,1,5,1,0,-1.0,-1.0,1,0,1,0,0.0,-0.019711509742340833
378,frozen,45,0,5,1,0,-1.0,-1.0,1,0,1,0,0.0,-0.019711509742340833
379,frozen,45,0,3,0,0,-1.0,-1.0,1,0,1,0,0.0,-0.019711509742340833
380,frozen,45,5,3,0,0,-1.0,-1.0,1,0,1,0,0.0,-0.019711509742340833
381,frozen,45,2,5,1,0,-1.0,-1.0,1,0,1,0,0.0,-0.019711509742340833
382,frozen,45,7,3,0,0,-1.0,-1.0,1,0,1,0,0.0,-0.019711509742340833
383,frozen,45,6,5,1,1,1.0,1.0,0,nan,nan,nan,0.0,-0.019711509742340833
384,frozen,45,0,4,0,0,-1.0,-1.0,1,1,0,0,0.0,-0.019711509742340833
385,frozen,45,5,5,1,1,1.0,1.0,0,nan,nan,nan,0.0,-0.019711509742340833
386,frozen,45,4,6,1,0,-1.0,-1.0,1,1,0,0,0.0,-0.019711509742340833
387,frozen,45,4,3,0,1,1.0,1.0,0,nan,nan,nan,0.0,-0.019711509742340833
388,frozen,45,4,2,0,0,-1.0,-1.0,1,1,0,0,0.0,-0.019711509742340833
389,frozen,45,6,3,0,0,-1.0,-1.0,1,0,1,0,0.0,-0.019711509742340833
390,frozen,45,8,3,0,0,-1.0,-1.0,1,0,1,0,0.0,-0.019711509742340833
391,frozen,45,7,3,0,0,-1.0,-1.0,1,0,1,0,0.0,-0.019711509742340833
392,frozen,45,8,5,1,0,-1.0,-1.0,1,0,1,0,0.0,-0.019711509742340833
393,frozen,45,4,3,0,1,1.0,1.0,0,nan,nan,nan,0.0,-0.019711509742340833
394,frozen,45,0,4,1,0,-1.0,-1.0,1,1,0,0,0.0,-0.019711509742340833
395,frozen,45,1,3,0,0,-1.0,-1.0,1,0,1,0,0.0,-0.019711509742340833
396,frozen,45,0,3,0,0,-1.0,-1.0,1,0,1,0,0.0,-0.019711509742340833
397,frozen,45,6,3,0,0,-1.0,-1.0,1,0,1,0,0.0,-0.019711509742340833
398,frozen,45,4,3,0,1,1.0,1.0,0,nan,nan,nan,0.0,-0.019711509742340833
399,frozen,45,5,4,1,1,1.0,1.0,0,nan,nan,nan,0.0,-0.019711509742340833
400,frozen,45,4,5,1,1,1.0,1.0,0,nan,nan,nan,0.0,-0.019711509742340833
401,frozen,45,4,6,1,0,-1.0,-1.0,1,3,0,1,0.0,-0.019711509742340833
402,frozen,45,1,3,0,0,-1.0,-1.0,1,0,1,0,0.0,-0.019711509742340833
403,frozen,45,2,3,0,1,1.0,1.0,0,nan,nan,nan,0.0,-0.019711509742340833
404,frozen,45,6,2,0,0,-1.0,-1.0,1,1,0,0,0.0,-0.019711509742340833
405,frozen,45,6,3,0,0,-1.0,-1.0,1,0,1,0,0.0,-0.019711509742340833
406,frozen,45,2,3,0,1,1.0,1.0,0,nan,nan,nan,0.0,-0.019711509742340833
407,frozen,45,6,2,0,0,-1.0,-1.0,1,1,0,0,0.0,-0.019711509742340833
408,frozen,45,7,3,0,0,-1.0,-1.0,1,0,1,0,0.0,-0.019711509742340833
409,frozen,45,0,5,1,0,-1.0,-1.0,1,0,1,0,0.0,-0.019711509742340833
410,frozen,45,1,3,0,0,-1.0,-1.0,1,0,1,0,0.0,-0.019711509742340833
411,frozen,45,4,3,0,1,1.0,1.0,0,nan,nan,nan,0.0,-0.019711509742340833
412,frozen,45,7,2,0,0,-1.0,-1.0,1,1,0,0,0.0,-0.019711509742340833
413,frozen,45,6,5,1,1,1.0,1.0,0,nan,nan,nan,0.0,-0.019711509742340833
414,frozen,45,1,6,1,0,-1.0,-1.0,1,1,0,0,0.0,-0.019711509742340833
415,frozen,45,2,5,1,0,-1.0,-1.0,1,0,1,0,0.0,-0.019711509742340833
416,frozen,45,5,3,0,0,-1.0,-1.0,1,0,1,0,0.0,-0.019711509742340833
417,frozen,45,0,3,0,0,-1.0,-1.0,1,0,1,0,0.0,-0.019711509742340833
418,frozen,45,4,3,0,1,1.0,1.0,0,nan,nan,nan,0.0,-0.019711509742340833
419,frozen,45,4,4,1,1,1.0,1.0,0,nan,nan,nan,0.0,-0.019711509742340833
420,frozen,45,1,3,0,0,-1.0,-1.0,1,2,0,0,0.0,-0.019711509742340833
421,frozen,45,7,3,0,0,-1.0,-1.0,1,0,1,0,0.0,-0.019711509742340833
422,frozen,45,1,3,0,0,-1.0,-1.0,1,0,1,0,0.0,-0.019711509742340833
423,frozen,45,3,5,1,0,-1.0,-1.0,1,0,1,0,0.0,-0.019711509742340833
424,frozen,45,5,5,1,1,1.0,1.0,0,nan,nan,nan,0.0,-0.019711509742340833
425,frozen,45,2,4,0,0,-1.0,-1.0,1,1,0,0,0.0,-0.019711509742340833
426,frozen,45,5,5,1,1,1.0,1.0,0,nan,nan,nan,0.0,-0.019711509742340833
427,frozen,45,0,4,0,0,-1.0,-1.0,1,1,0,0,0.0,-0.019711509742340833
428,frozen,45,6,3,0,0,-1.0,-1.0,1,0,1,0,0.0,-0.019711509742340833
429,frozen,45,4,3,0,1,1.0,1.0,0,nan,nan,nan,0.0,-0.019711509742340833
430,frozen,45,7,4,1,0,-1.0,-1.0,1,1,0,0,0.0,-0.019711509742340833
431,frozen,45,4,5,1,1,1.0,1.0,0,nan,nan,nan,0.0,-0.019711509742340833
432,frozen,45,8,4,0,0,-1.0,-1.0,1,1,0,0,0.0,-0.019711509742340833
433,frozen,45,0,3,0,0,-1.0,-1.0,1,0,1,0,0.0,-0.019711509742340833
434,frozen,45,8,5,1,0,-1.0,-1.0,1,0,1,0,0.0,-0.019711509742340833
435,frozen,45,4,3,0,1,1.0,1.0,0,nan,nan,nan,0.0,-0.019711509742340833
436,frozen,45,8,4,1,0,-1.0,-1.0,1,1,0,0,0.0,-0.019711509742340833
437,frozen,45,3,5,1,0,-1.0,-1.0,1,0,1,0,0.0,-0.019711509742340833
438,frozen,45,8,5,1,0,-1.0,-1.0,1,0,1,0,0.0,-0.019711509742340833
439,frozen,45,5,3,0,0,-1.0,-1.0,1,0,1,0,0.0,-0.019711509742340833
440,frozen,45,5,5,1,1,1.0,1.0,0,nan,nan,nan,0.0,-0.019711509742340833
441,frozen,45,6,6,1,1,1.0,1.0,0,nan,nan,nan,0.0,-0.019711509742340833
442,frozen,45,3,7,1,0,-1.0,-1.0,1,2,0,0,0.0,-0.019711509742340833
443,frozen,45,2,5,1,0,-1.0,-1.0,1,0,1,0,0.0,-0.019711509742340833
444,frozen,45,8,5,1,0,-1.0,-1.0,1,0,1,0,0.0,-0.019711509742340833
445,frozen,45,1,3,0,0,-1.0,-1.0,1,0,1,0,0.0,-0.019711509742340833
446,frozen,45,1,3,0,0,-1.0,-1.0,1,0,1,0,0.0,-0.019711509742340833
447,frozen,45,4,5,1,1,1.0,1.0,0,nan,nan,nan,0.0,-0.019711509742340833
448,frozen,45,1,6,1,0,-1.0,-1.0,1,1,0,0,0.0,-0.019711509742340833
449,frozen,45,8,5,1,0,-1.0,-1.0,1,0,1,0,0.0,-0.019711509742340833
450,frozen,45,5,3,0,0,-1.0,-1.0,1,0,1,0,0.0,-0.019711509742340833
451,frozen,45,3,5,1,0,-1.0,-1.0,1,0,1,0,0.0,-0.019711509742340833
452,frozen,45,8,3,0,0,-1.0,-1.0,1,0,1,0,0.0,-0.019711509742340833
453,frozen,45,4,5,1,1,1.0,1.0,0,nan,nan,nan,0.0,-0.019711509742340833
454,frozen,45,5,4,0,1,1.0,1.0,0,nan,nan,nan,0.0,-0.019711509742340833
455,frozen,45,5,5,1,1,1.0,1.0,0,nan,nan,nan,0.0,-0.019711509742340833
456,frozen,45,7,6,1,1,1.0,1.0,0,nan,nan,nan,0.0,-0.019711509742340833
457,frozen,45,0,5,0,0,-1.0,-1.0,1,4,0,1,0.0,-0.019711509742340833
458,frozen,45,5,3,0,0,-1.0,-1.0,1,0,1,0,0.0,-0.019711509742340833
459,frozen,45,4,5,1,1,1.0,1.0,0,nan,nan,nan,0.0,-0.019711509742340833
460,frozen,45,4,6,1,0,-1.0,-1.0,1,1,0,0,0.0,-0.019711509742340833
461,frozen,45,8,5,1,0,-1.0,-1.0,1,0,1,0,0.0,-0.019711509742340833
462,frozen,45,0,3,0,0,-1.0,-1.0,1,0,1,0,0.0,-0.019711509742340833
463,frozen,45,5,5,1,1,1.0,1.0,0,nan,nan,nan,0.0,-0.019711509742340833
464,frozen,45,3,4,0,1,1.0,1.0,0,nan,nan,nan,0.0,-0.019711509742340833
465,frozen,45,2,3,0,1,1.0,1.0,0,nan,nan,nan,0.0,-0.019711509742340833
466,frozen,45,4,2,0,0,-1.0,-1.0,1,3,0,1,0.0,-0.019711509742340833
467,frozen,45,4,3,0,1,1.0,1.0,0,nan,nan,nan,0.0,-0.019711509742340833
468,frozen,45,0,4,1,0,-1.0,-1.0,1,1,0,0,0.0,-0.019711509742340833
469,frozen,45,4,3,0,1,1.0,1.0,0,nan,nan,nan,0.0,-0.019711509742340833
470,frozen,45,7,4,1,0,-1.0,-1.0,1,1,0,0,0.0,-0.019711509742340833
471,frozen,45,1,5,1,0,-1.0,-1.0,1,0,1,0,0.0,-0.019711509742340833
472,frozen,45,3,5,1,0,-1.0,-1.0,1,0,1,0,0.0,-0.019711509742340833
473,frozen,45,2,3,0,1,1.0,1.0,0,nan,nan,nan,0.0,-0.019711509742340833
474,frozen,45,6,2,0,0,-1.0,-1.0,1,1,0,0,0.0,-0.019711509742340833
475,frozen,45,2,5,1,0,-1.0,-1.0,1,0,1,0,0.0,-0.019711509742340833
476,frozen,45,5,3,0,0,-1.0,-1.0,1,0,1,0,0.0,-0.019711509742340833
477,frozen,45,0,3,0,0,-1.0,-1.0,1,0,1,0,0.0,-0.019711509742340833
478,frozen,45,5,3,0,0,-1.0,-1.0,1,0,1,0,0.0,-0.019711509742340833
479,frozen,45,8,5,1,0,-1.0,-1.0,1,0,1,0,0.0,-0.019711509742340833
480,frozen,45,2,3,0,1,1.0,1.0,0,nan,nan,nan,0.0,-0.019711509742340833
481,frozen,45,1,4,1,0,-1.0,-1.0,1,1,0,0,0.0,-0.019711509742340833
482,frozen,45,8,5,1,0,-1.0,-1.0,1,0,1,0,0.0,-0.019711509742340833
483,frozen,45,0,5,1,0,-1.0,-1.0,1,0,1,0,0.0,-0.019711509742340833
484,frozen,45,1,3,0,0,-1.0,-1.0,1,0,1,0,0.0,-0.019711509742340833
485,frozen,45,0,3,0,0,-1.0,-1.0,1,0,1,0,0.0,-0.019711509742340833
486,frozen,45,5,5,1,1,1.0,1.0,0,nan,nan,nan,0.0,-0.019711509742340833
487,frozen,45,7,4,0,0,-1.0,-1.0,1,1,0,0,0.0,-0.019711509742340833
488,frozen,45,2,5,1,0,-1.0,-1.0,1,0,1,0,0.0,-0.019711509742340833
489,frozen,45,7,3,0,0,-1.0,-1.0,1,0,1,0,0.0,-0.019711509742340833
490,frozen,45,4,3,0,1,1.0,1.0,0,nan,nan,nan,0.0,-0.019711509742340833
491,frozen,45,7,2,0,0,-1.0,-1.0,1,1,0,0,0.0,-0.019711509742340833
492,frozen,45,3,5,1,0,-1.0,-1.0,1,0,1,0,0.0,-0.019711509742340833
493,frozen,45,5,3,0,0,-1.0,-1.0,1,0,1,0,0.0,-0.019711509742340833
494,frozen,45,6,5,1,1,1.0,1.0,0,nan,nan,nan,0.0,-0.019711509742340833
495,frozen,45,8,4,0,0,-1.0,-1.0,1,1,0,0,0.0,-0.019711509742340833
496,frozen,45,2,3,0,1,1.0,1.0,0,nan,nan,nan,0.0,-0.019711509742340833
497,frozen,45,6,2,0,0,-1.0,-1.0,1,1,0,0,0.0,-0.019711509742340833
498,frozen,45,8,5,1,0,-1.0,-1.0,1,0,1,0,0.0,-0.019711509742340833
499,frozen,45,8,3,0,0,-1.0,-1.0,1,0,1,0,0.0,-0.019711509742340833
500,frozen,45,2,5,1,0,-1.0,-1.0,1,0,1,0,0.0,-0.019711509742340833
501,frozen,45,6,5,1,1,1.0,1.0,0,nan,nan,nan,0.0,-0.019711509742340833
502,frozen,45,0,4,0,0,-1.0,-1.0,1,1,0,0,0.0,-0.019711509742340833
503,frozen,45,1,5,1,0,-1.0,-1.0,1,0,1,0,0.0,-0.019711509742340833
504,frozen,45,0,5,1,0,-1.0,-1.0,1,0,1,0,0.0,-0.019711509742340833
505,frozen,45,0,5,1,0,-1.0,-1.0,1,0,1,0,0.0,-0.019711509742340833
506,frozen,45,7,3,0,0,-1.0,-1.0,1,0,1,0,0.0,-0.019711509742340833
507,frozen,45,3,5,1,0,-1.0,-1.0,1,0,1,0,0.0,-0.019711509742340833
508,frozen,45,1,3,0,0,-1.0,-1.0,1,0,1,0,0.0,-0.019711509742340833
509,frozen,45,0,3,0,0,-1.0,-1.0,1,0,1,0,0.0,-0.019711509742340833
510,frozen,45,0,5,1,0,-1.0,-1.0,1,0,1,0,0.0,-0.019711509742340833
511,frozen,45,8,5,1,0,-1.0,-1.0,1,0,1,0,0.0,-0.019711509742340833
512,frozen,45,4,3,0,1,1.0,1.0,0,nan,nan,nan,0.0,-0.019711509742340833
513,frozen,45,7,4,1,0,-1.0,-1.0,1,1,0,0,0.0,-0.019711509742340833
514,frozen,45,4,3,0,1,1.0,1.0,0,nan,nan,nan,0.0,-0.019711509742340833
515,frozen,45,7,2,0,0,-1.0,-1.0,1,1,0,0,0.0,-0.019711509742340833
516,frozen,45,7,3,0,0,-1.0,-1.0,1,0,1,0,0.0,-0.019711509742340833
517,frozen,45,0,5,1,0,-1.0,-1.0,1,0,1,0,0.0,-0.019711509742340833
518,frozen,45,4,5,1,1,1.0,1.0,0,nan,nan,nan,0.0,-0.019711509742340833
519,frozen,45,6,6,1,1,1.0,1.0,0,nan,nan,nan,0.0,-0.019711509742340833
520,frozen,45,5,7,1,0,-1.0,-1.0,1,2,0,0,0.0,-0.019711509742340833
521,frozen,45,3,5,1,0,-1.0,-1.0,1,0,1,0,0.0,-0.019711509742340833
522,frozen,45,4,3,0,1,1.0,1.0,0,nan,nan,nan,0.0,-0.019711509742340833
523,frozen,45,2,4,1,0,-1.0,-1.0,1,1,0,0,0.0,-0.019711509742340833
524,frozen,45,3,5,1,0,-1.0,-1.0,1,0,1,0,0.0,-0.019711509742340833
525,frozen,45,2,3,0,1,1.0,1.0,0,nan,nan,nan,0.0,-0.019711509742340833
526,frozen,45,2,4,1,0,-1.0,-1.0,1,1,0,0,0.0,-0.019711509742340833
527,frozen,45,0,5,1,0,-1.0,-1.0,1,0,1,0,0.0,-0.019711509742340833
528,frozen,45,3,5,1,0,-1.0,-1.0,1,0,1,0,0.0,-0.019711509742340833
529,frozen,45,7,3,0,0,-1.0,-1.0,1,0,1,0,0.0,-0.019711509742340833
530,frozen,45,5,5,1,1,1.0,1.0,0,nan,nan,nan,0.0,-0.019711509742340833
531,frozen,45,6,4,0,0,-1.0,-1.0,1,1,0,0,0.0,-0.019711509742340833
532,frozen,45,5,5,1,1,1.0,1.0,0,nan,nan,nan,0.0,-0.019711509742340833
533,frozen,45,4,6,1,0,-1.0,-1.0,1,1,0,0,0.0,-0.019711509742340833
534,frozen,45,1,3,0,0,-1.0,-1.0,1,0,1,0,0.0,-0.019711509742340833
535,frozen,45,8,3,0,0,-1.0,-1.0,1,0,1,0,0.0,-0.019711509742340833
536,frozen,45,1,5,1,0,-1.0,-1.0,1,0,1,0,0.0,-0.019711509742340833
537,frozen,45,4,3,0,1,1.0,1.0,0,nan,nan,nan,0.0,-0.019711509742340833
538,frozen,45,8,4,1,0,-1.0,-1.0,1,1,0,0,0.0,-0.019711509742340833
539,frozen,45,1,3,0,0,-1.0,-1.0,1,0,1,0,0.0,-0.019711509742340833
540,frozen,45,7,3,0,0,-1.0,-1.0,1,0,1,0,0.0,-0.019711509742340833
541,frozen,45,3,5,1,0,-1.0,-1.0,1,0,1,0,0.0,-0.019711509742340833
542,frozen,45,2,5,1,0,-1.0,-1.0,1,0,1,0,0.0,-0.019711509742340833
543,frozen,45,4,5,1,1,1.0,1.0,0,nan,nan,nan,0.0,-0.019711509742340833
544,frozen,45,4,6,1,0,-1.0,-1.0,1,1,0,0,0.0,-0.019711509742340833
545,frozen,45,6,3,0,0,-1.0,-1.0,1,0,1,0,0.0,-0.019711509742340833
546,frozen,45,0,5,1,0,-1.0,-1.0,1,0,1,0,0.0,-0.019711509742340833
547,frozen,45,6,5,1,1,1.0,1.0,0,nan,nan,nan,0.0,-0.019711509742340833
548,frozen,45,1,6,1,0,-1.0,-1.0,1,1,0,0,0.0,-0.019711509742340833
549,frozen,45,6,5,1,1,1.0,1.0,0,nan,nan,nan,0.0,-0.019711509742340833
550,frozen,45,1,4,0,0,-1.0,-1.0,1,1,0,0,0.0,-0.019711509742340833
551,frozen,45,1,3,0,0,-1.0,-1.0,1,0,1,0,0.0,-0.019711509742340833
552,frozen,45,0,3,0,0,-1.0,-1.0,1,0,1,0,0.0,-0.019711509742340833
553,frozen,45,6,3,0,0,-1.0,-1.0,1,0,1,0,0.0,-0.019711509742340833
554,frozen,45,0,5,1,0,-1.0,-1.0,1,0,1,0,0.0,-0.019711509742340833
555,frozen,45,7,3,0,0,-1.0,-1.0,1,0,1,0,0.0,-0.019711509742340833
556,frozen,45,4,5,1,1,1.0,1.0,0,nan,nan,nan,0.0,-0.019711509742340833
557,frozen,45,5,4,0,1,1.0,1.0,0,nan,nan,nan,0.0,-0.019711509742340833
558,frozen,45,1,3,0,0,-1.0,-1.0,1,2,0,0,0.0,-0.019711509742340833
559,frozen,45,3,5,1,0,-1.0,-1.0,1,0,1,0,0.0,-0.019711509742340833
560,frozen,45,0,5,1,0,-1.0,-1.0,1,0,1,0,0.0,-0.019711509742340833
561,frozen,45,8,5,1,0,-1.0,-1.0,1,0,1,0,0.0,-0.019711509742340833
562,frozen,45,6,5,1,1,1.0,1.0,0,nan,nan,nan,0.0,-0.019711509742340833
563,frozen,45,4,6,1,0,-1.0,-1.0,1,1,0,0,0.0,-0.019711509742340833
564,frozen,45,4,3,0,1,1.0,1.0,0,nan,nan,nan,0.0,-0.019711509742340833
565,frozen,45,5,4,1,1,1.0,1.0,0,nan,nan,nan,0.0,-0.019711509742340833
566,frozen,45,4,3,0,1,1.0,1.0,0,nan,nan,nan,0.0,-0.019711509742340833
567,frozen,45,6,2,0,0,-1.0,-1.0,1,3,0,1,0.0,-0.019711509742340833
568,frozen,45,3,5,1,0,-1.0,-1.0,1,0,1,0,0.0,-0.019711509742340833
569,frozen,45,0,3,0,0,-1.0,-1.0,1,0,1,0,0.0,-0.019711509742340833
570,frozen,45,7,3,0,0,-1.0,-1.0,1,0,1,0,0.0,-0.019711509742340833
571,frozen,45,6,3,0,0,-1.0,-1.0,1,0,1,0,0.0,-0.019711509742340833
572,frozen,45,1,3,0,0,-1.0,-1.0,1,0,1,0,0.0,-0.019711509742340833
573,frozen,45,0,3,0,0,-1.0,-1.0,1,0,1,0,0.0,-0.019711509742340833
574,frozen,45,4,5,1,1,1.0,1.0,0,nan,nan,nan,0.0,-0.019711509742340833
575,frozen,45,8,4,0,0,-1.0,-1.0,1,1,0,0,0.0,-0.019711509742340833
576,frozen,45,8,3,0,0,-1.0,-1.0,1,0,1,0,0.0,-0.019711509742340833
577,frozen,45,4,3,0,1,1.0,1.0,0,nan,nan,nan,0.0,-0.019711509742340833
578,frozen,45,8,4,1,0,-1.0,-1.0,1,1,0,0,0.0,-0.019711509742340833
579,frozen,45,0,3,0,0,-1.0,-1.0,1,0,1,0,0.0,-0.019711509742340833
580,frozen,45,1,5,1,0,-1.0,-1.0,1,0,1,0,0.0,-0.019711509742340833
581,frozen,45,7,3,0,0,-1.0,-1.0,1,0,1,0,0.0,-0.019711509742340833
582,frozen,45,0,3,0,0,-1.0,-1.0,1,0,1,0,0.0,-0.019711509742340833
583,frozen,45,4,3,0,1,1.0,1.0,0,nan,nan,nan,0.0,-0.019711509742340833
584,frozen,45,7,2,0,0,-1.0,-1.0,1,1,0,0,0.0,-0.019711509742340833
585,frozen,45,4,5,1,1,1.0,1.0,0,nan,nan,nan,0.0,-0.019711509742340833
586,frozen,45,8,4,0,0,-1.0,-1.0,1,1,0,0,0.0,-0.019711509742340833
587,frozen,45,8,3,0,0,-1.0,-1.0,1,0,1,0,0.0,-0.019711509742340833
588,frozen,45,5,3,0,0,-1.0,-1.0,1,0,1,0,0.0,-0.019711509742340833
589,frozen,45,3,5,1,0,-1.0,-1.0,1,0,1,0,0.0,-0.019711509742340833
590,frozen,45,6,3,0,0,-1.0,-1.0,1,0,1,0,0.0,-0.019711509742340833
591,frozen,45,7,3,0,0,-1.0,-1.0,1,0,1,0,0.0,-0.019711509742340833
592,frozen,45,5,5,1,1,1.0,1.0,0,nan,nan,nan,0.0,-0.019711509742340833
593,frozen,45,3,6,1,0,-1.0,-1.0,1,1,0,0,0.0,-0.019711509742340833
594,frozen,45,5,5,1,1,1.0,1.0,0,nan,nan,nan,0.0,-0.019711509742340833
595,frozen,45,5,4,0,1,1.0,1.0,0,nan,nan,nan,0.0,-0.019711509742340833
596,frozen,45,7,3,0,0,-1.0,-1.0,1,2,0,0,0.0,-0.019711509742340833
597,frozen,45,6,5,1,1,1.0,1.0,0,nan,nan,nan,0.0,-0.019711509742340833
598,frozen,45,3,6,1,0,-1.0,-1.0,1,1,0,0,0.0,-0.019711509742340833
599,frozen,45,3,5,1,0,-1.0,-1.0,1,0,1,0,0.0,-0.019711509742340833
600,frozen,45,8,3,0,0,-1.0,-1.0,1,0,1,0,0.0,-0.019711509742340833
601,frozen,45,5,3,0,0,-1.0,-1.0,1,0,1,0,0.0,-0.019711509742340833
602,frozen,45,8,3,0,0,-1.0,-1.0,1,0,1,0,0.0,-0.019711509742340833
603,frozen,45,0,3,0,0,-1.0,-1.0,1,0,1,0,0.0,-0.019711509742340833
604,frozen,45,1,3,0,0,-1.0,-1.0,1,0,1,0,0.0,-0.019711509742340833
605,frozen,45,7,3,0,0,-1.0,-1.0,1,0,1,0,0.0,-0.019711509742340833
606,frozen,45,4,5,1,1,1.0,1.0,0,nan,nan,nan,0.0,-0.019711509742340833
607,frozen,45,5,4,0,1,1.0,1.0,0,nan,nan,nan,0.0,-0.019711509742340833
608,frozen,45,5,3,0,0,-1.0,-1.0,1,2,0,0,0.0,-0.019711509742340833
609,frozen,45,0,5,1,0,-1.0,-1.0,1,0,1,0,0.0,-0.019711509742340833
610,frozen,45,2,5,1,0,-1.0,-1.0,1,0,1,0,0.0,-0.019711509742340833
611,frozen,45,1,5,1,0,-1.0,-1.0,1,0,1,0,0.0,-0.019711509742340833
612,frozen,45,5,5,1,1,1.0,1.0,0,nan,nan,nan,0.0,-0.019711509742340833
613,frozen,45,6,6,1,1,1.0,1.0,0,nan,nan,nan,0.0,-0.019711509742340833
614,frozen,45,4,5,0,1,1.0,1.0,0,nan,nan,nan,0.0,-0.019711509742340833
615,frozen,45,1,4,0,0,-1.0,-1.0,1,3,0,1,0.0,-0.019711509742340833
616,frozen,45,3,5,1,0,-1.0,-1.0,1,0,1,0,0.0,-0.019711509742340833
617,frozen,45,0,3,0,0,-1.0,-1.0,1,0,1,0,0.0,-0.019711509742340833
618,frozen,45,6,5,1,1,1.0,1.0,0,nan,nan,nan,0.0,-0.019711509742340833
619,frozen,45,0,4,0,0,-1.0,-1.0,1,1,0,0,0.0,-0.019711509742340833
620,frozen,45,1,3,0,0,-1.0,-1.0,1,0,1,0,0.0,-0.019711509742340833
621,frozen,45,7,3,0,0,-1.0,-1.0,1,0,1,0,0.0,-0.019711509742340833
622,frozen,45,4,5,1,1,1.0,1.0,0,nan,nan,nan,0.0,-0.019711509742340833
623,frozen,45,3,6,1,0,-1.0,-1.0,1,1,0,0,0.0,-0.019711509742340833
624,frozen,45,2,3,0,1,1.0,1.0,0,nan,nan,nan,0.0,-0.019711509742340833
625,frozen,45,1,4,1,0,-1.0,-1.0,1,1,0,0,0.0,-0.019711509742340833
626,frozen,45,2,5,1,0,-1.0,-1.0,1,0,1,0,0.0,-0.019711509742340833
627,frozen,45,3,5,1,0,-1.0,-1.0,1,0,1,0,0.0,-0.019711509742340833
628,frozen,45,5,3,0,0,-1.0,-1.0,1,0,1,0,0.0,-0.019711509742340833
629,frozen,45,1,3,0,0,-1.0,-1.0,1,0,1,0,0.0,-0.019711509742340833
630,frozen,45,2,5,1,0,-1.0,-1.0,1,0,1,0,0.0,-0.019711509742340833
631,frozen,45,5,3,0,0,-1.0,-1.0,1,0,1,0,0.0,-0.019711509742340833
632,frozen,45,5,3,0,0,-1.0,-1.0,1,0,1,0,0.0,-0.019711509742340833
633,frozen,45,1,5,1,0,-1.0,-1.0,1,0,1,0,0.0,-0.019711509742340833
634,frozen,45,8,3,0,0,-1.0,-1.0,1,0,1,0,0.0,-0.019711509742340833
635,frozen,45,4,5,1,1,1.0,1.0,0,nan,nan,nan,0.0,-0.019711509742340833
636,frozen,45,6,6,1,1,1.0,1.0,0,nan,nan,nan,0.0,-0.019711509742340833
637,frozen,45,6,5,0,1,1.0,1.0,0,nan,nan,nan,0.0,-0.019711509742340833
638,frozen,45,2,4,0,0,-1.0,-1.0,1,3,0,1,0.0,-0.019711509742340833
639,frozen,45,2,3,0,1,1.0,1.0,0,nan,nan,nan,0.0,-0.019711509742340833
640,frozen,45,8,2,0,0,-1.0,-1.0,1,1,0,0,0.0,-0.019711509742340833
641,frozen,45,3,5,1,0,-1.0,-1.0,1,0,1,0,0.0,-0.019711509742340833
642,frozen,45,2,5,1,0,-1.0,-1.0,1,0,1,0,0.0,-0.019711509742340833
643,frozen,45,6,3,0,0,-1.0,-1.0,1,0,1,0,0.0,-0.019711509742340833
644,frozen,45,5,3,0,0,-1.0,-1.0,1,0,1,0,0.0,-0.019711509742340833
645,frozen,45,2,3,0,1,1.0,1.0,0,nan,nan,nan,0.0,-0.019711509742340833
646,frozen,45,0,4,1,0,-1.0,-1.0,1,1,0,0,0.0,-0.019711509742340833
647,frozen,45,8,3,0,0,-1.0,-1.0,1,0,1,0,0.0,-0.019711509742340833
648,frozen,45,4,3,0,1,1.0,1.0,0,nan,nan,nan,0.0,-0.019711509742340833
649,frozen,45,2,4,1,0,-1.0,-1.0,1,1,0,0,0.0,-0.019711509742340833
650,frozen,45,0,3,0,0,-1.0,-1.0,1,0,1,0,0.0,-0.019711509742340833
651,frozen,45,1,5,1,0,-1.0,-1.0,1,0,1,0,0.0,-0.019711509742340833
652,frozen,45,7,3,0,0,-1.0,-1.0,1,0,1,0,0.0,-0.019711509742340833
653,frozen,45,5,3,0,0,-1.0,-1.0,1,0,1,0,0.0,-0.019711509742340833
654,frozen,45,5,3,0,0,-1.0,-1.0,1,0,1,0,0.0,-0.019711509742340833
655,frozen,45,6,3,0,0,-1.0,-1.0,1,0,1,0,0.0,-0.019711509742340833
656,frozen,45,1,3,0,0,-1.0,-1.0,1,0,1,0,0.0,-0.019711509742340833
657,frozen,45,0,5,1,0,-1.0,-1.0,1,0,1,0,0.0,-0.019711509742340833
658,frozen,45,0,3,0,0,-1.0,-1.0,1,0,1,0,0.0,-0.019711509742340833
659,frozen,45,6,3,0,0,-1.0,-1.0,1,0,1,0,0.0,-0.019711509742340833
660,frozen,45,1,5,1,0,-1.0,-1.0,1,0,1,0,0.0,-0.019711509742340833
661,frozen,45,6,5,1,1,1.0,1.0,0,nan,nan,nan,0.0,-0.019711509742340833
662,frozen,45,1,4,0,0,-1.0,-1.0,1,1,0,0,0.0,-0.019711509742340833
663,frozen,45,1,3,0,0,-1.0,-1.0,1,0,1,0,0.0,-0.019711509742340833
664,frozen,45,7,3,0,0,-1.0,-1.0,1,0,1,0,0.0,-0.019711509742340833
665,frozen,45,3,5,1,0,-1.0,-1.0,1,0,1,0,0.0,-0.019711509742340833
666,frozen,45,2,5,1,0,-1.0,-1.0,1,0,1,0,0.0,-0.019711509742340833
667,frozen,45,0,3,0,0,-1.0,-1.0,1,0,1,0,0.0,-0.019711509742340833
668,frozen,45,0,5,1,0,-1.0,-1.0,1,0,1,0,0.0,-0.019711509742340833
669,frozen,45,0,5,1,0,-1.0,-1.0,1,0,1,0,0.0,-0.019711509742340833
670,frozen,45,4,5,1,1,1.0,1.0,0,nan,nan,nan,0.0,-0.019711509742340833
671,frozen,45,1,6,1,0,-1.0,-1.0,1,1,0,0,0.0,-0.019711509742340833
672,frozen,45,1,5,1,0,-1.0,-1.0,1,0,1,0,0.0,-0.019711509742340833
673,frozen,45,8,3,0,0,-1.0,-1.0,1,0,1,0,0.0,-0.019711509742340833
674,frozen,45,4,5,1,1,1.0,1.0,0,nan,nan,nan,0.0,-0.019711509742340833
675,frozen,45,6,6,1,1,1.0,1.0,0,nan,nan,nan,0.0,-0.019711509742340833
676,frozen,45,7,7,1,1,1.0,1.0,0,nan,nan,nan,0.0,-0.019711509742340833
677,frozen,45,1,8,1,0,-1.0,-1.0,1,3,0,1,0.0,-0.019711509742340833
678,frozen,45,2,3,0,1,1.0,1.0,0,nan,nan,nan,0.0,-0.019711509742340833
679,frozen,45,6,2,0,0,-1.0,-1.0,1,1,0,0,0.0,-0.019711509742340833
680,frozen,45,7,3,0,0,-1.0,-1.0,1,0,1,0,0.0,-0.019711509742340833
681,frozen,45,4,3,0,1,1.0,1.0,0,nan,nan,nan,0.0,-0.019711509742340833
682,frozen,45,2,4,1,0,-1.0,-1.0,1,1,0,0,0.0,-0.019711509742340833
683,frozen,45,5,5,1,1,1.0,1.0,0,nan,nan,nan,0.0,-0.019711509742340833
684,frozen,45,6,4,0,0,-1.0,-1.0,1,1,0,0,0.0,-0.019711509742340833
685,frozen,45,2,5,1,0,-1.0,-1.0,1,0,1,0,0.0,-0.019711509742340833
686,frozen,45,4,3,0,1,1.0,1.0,0,nan,nan,nan,0.0,-0.019711509742340833
687,frozen,45,0,4,1,0,-1.0,-1.0,1,1,0,0,0.0,-0.019711509742340833
688,frozen,45,4,3,0,1,1.0,1.0,0,nan,nan,nan,0.0,-0.019711509742340833
689,frozen,45,0,4,1,0,-1.0,-1.0,1,1,0,0,0.0,-0.019711509742340833
690,frozen,45,2,5,1,0,-1.0,-1.0,1,0,1,0,0.0,-0.019711509742340833
691,frozen,45,8,5,1,0,-1.0,-1.0,1,0,1,0,0.0,-0.019711509742340833
692,frozen,45,5,5,1,1,1.0,1.0,0,nan,nan,nan,0.0,-0.019711509742340833
693,frozen,45,2,6,1,0,-1.0,-1.0,1,1,0,0,0.0,-0.019711509742340833
694,frozen,45,1,5,1,0,-1.0,-1.0,1,0,1,0,0.0,-0.019711509742340833
695,frozen,45,6,3,0,0,-1.0,-1.0,1,0,1,0,0.0,-0.019711509742340833
696,frozen,45,3,5,1,0,-1.0,-1.0,1,0,1,0,0.0,-0.019711509742340833
697,frozen,45,7,3,0,0,-1.0,-1.0,1,0,1,0,0.0,-0.019711509742340833
698,frozen,45,4,3,0,1,1.0,1.0,0,nan,nan,nan,0.0,-0.019711509742340833
699,frozen,45,5,4,1,1,1.0,1.0,0,nan,nan,nan,0.0,-0.019711509742340833
700,frozen,45,4,3,0,1,1.0,1.0,0,nan,nan,nan,0.0,-0.019711509742340833
701,frozen,45,6,2,0,0,-1.0,-1.0,1,3,0,1,0.0,-0.019711509742340833
702,frozen,45,0,5,1,0,-1.0,-1.0,1,0,1,0,0.0,-0.019711509742340833
703,frozen,45,0,5,1,0,-1.0,-1.0,1,0,1,0,0.0,-0.019711509742340833
704,frozen,45,6,5,1,1,1.0,1.0,0,nan,nan,nan,0.0,-0.019711509742340833
705,frozen,45,4,6,1,0,-1.0,-1.0,1,1,0,0,0.0,-0.019711509742340833
706,frozen,45,4,3,0,1,1.0,1.0,0,nan,nan,nan,0.0,-0.019711509742340833
707,frozen,45,1,4,1,0,-1.0,-1.0,1,1,0,0,0.0,-0.019711509742340833
708,frozen,45,0,5,1,0,-1.0,-1.0,1,0,1,0,0.0,-0.019711509742340833
709,frozen,45,4,5,1,1,1.0,1.0,0,nan,nan,nan,0.0,-0.019711509742340833
710,frozen,45,7,6,1,1,1.0,1.0,0,nan,nan,nan,0.0,-0.019711509742340833
711,frozen,45,2,7,1,0,-1.0,-1.0,1,2,0,0,0.0,-0.019711509742340833
712,frozen,45,7,3,0,0,-1.0,-1.0,1,0,1,0,0.0,-0.019711509742340833
713,frozen,45,1,3,0,0,-1.0,-1.0,1,0,1,0,0.0,-0.019711509742340833
714,frozen,45,1,5,1,0,-1.0,-1.0,1,0,1,0,0.0,-0.019711509742340833
715,frozen,45,2,5,1,0,-1.0,-1.0,1,0,1,0,0.0,-0.019711509742340833
716,frozen,45,1,3,0,0,-1.0,-1.0,1,0,1,0,0.0,-0.019711509742340833
717,frozen,45,6,3,0,0,-1.0,-1.0,1,0,1,0,0.0,-0.019711509742340833
718,frozen,45,5,5,1,1,1.0,1.0,0,nan,nan,nan,0.0,-0.019711509742340833
719,frozen,45,1,4,0,0,-1.0,-1.0,1,1,0,0,0.0,-0.019711509742340833
720,frozen,45,5,3,0,0,-1.0,-1.0,1,0,1,0,0.0,-0.019711509742340833
721,frozen,45,2,3,0,1,1.0,1.0,0,nan,nan,nan,0.0,-0.019711509742340833
722,frozen,45,7,2,0,0,-1.0,-1.0,1,1,0,0,0.0,-0.019711509742340833
723,frozen,45,2,5,1,0,-1.0,-1.0,1,0,1,0,0.0,-0.019711509742340833
724,frozen,45,5,5,1,1,1.0,1.0,0,nan,nan,nan,0.0,-0.019711509742340833
725,frozen,45,0,4,0,0,-1.0,-1.0,1,1,0,0,0.0,-0.019711509742340833
726,frozen,45,7,3,0,0,-1.0,-1.0,1,0,1,0,0.0,-0.019711509742340833
727,frozen,45,3,5,1,0,-1.0,-1.0,1,0,1,0,0.0,-0.019711509742340833
728,frozen,45,5,3,0,0,-1.0,-1.0,1,0,1,0,0.0,-0.019711509742340833
729,frozen,45,7,3,0,0,-1.0,-1.0,1,0,1,0,0.0,-0.019711509742340833
730,frozen,45,8,5,1,0,-1.0,-1.0,1,0,1,0,0.0,-0.019711509742340833
731,frozen,45,8,3,0,0,-1.0,-1.0,1,0,1,0,0.0,-0.019711509742340833
732,frozen,45,7,3,0,0,-1.0,-1.0,1,0,1,0,0.0,-0.019711509742340833
733,frozen,45,4,5,1,1,1.0,1.0,0,nan,nan,nan,0.0,-0.019711509742340833
734,frozen,45,6,6,1,1,1.0,1.0,0,nan,nan,nan,0.0,-0.019711509742340833
735,frozen,45,1,7,1,0,-1.0,-1.0,1,2,0,0,0.0,-0.019711509742340833
736,frozen,45,4,3,0,1,1.0,1.0,0,nan,nan,nan,0.0,-0.019711509742340833
737,frozen,45,6,4,1,0,-1.0,-1.0,1,1,0,0,0.0,-0.019711509742340833
738,frozen,45,0,3,0,0,-1.0,-1.0,1,0,1,0,0.0,-0.019711509742340833
739,frozen,45,2,5,1,0,-1.0,-1.0,1,0,1,0,0.0,-0.019711509742340833
740,frozen,45,3,5,1,0,-1.0,-1.0,1,0,1,0,0.0,-0.019711509742340833
741,frozen,45,0,5,1,0,-1.0,-1.0,1,0,1,0,0.0,-0.019711509742340833
742,frozen,45,1,3,0,0,-1.0,-1.0,1,0,1,0,0.0,-0.019711509742340833
743,frozen,45,5,5,1,1,1.0,1.0,0,nan,nan,nan,0.0,-0.019711509742340833
744,frozen,45,6,6,1,1,1.0,1.0,0,nan,nan,nan,0.0,-0.019711509742340833
745,frozen,45,4,7,1,0,-1.0,-1.0,1,2,0,0,0.0,-0.019711509742340833
746,frozen,45,0,3,0,0,-1.0,-1.0,1,0,1,0,0.0,-0.019711509742340833
747,frozen,45,8,3,0,0,-1.0,-1.0,1,0,1,0,0.0,-0.019711509742340833
748,frozen,45,8,3,0,0,-1.0,-1.0,1,0,1,0,0.0,-0.019711509742340833
749,frozen,45,2,3,0,1,1.0,1.0,0,nan,nan,nan,0.0,-0.019711509742340833
750,frozen,45,2,4,1,0,-1.0,-1.0,1,1,0,0,0.0,-0.019711509742340833
751,frozen,45,1,3,0,0,-1.0,-1.0,1,0,1,0,0.0,-0.019711509742340833
752,frozen,45,6,3,0,0,-1.0,-1.0,1,0,1,0,0.0,-0.019711509742340833
753,frozen,45,4,5,1,1,1.0,1.0,0,nan,nan,nan,0.0,-0.019711509742340833
754,frozen,45,0,4,0,0,-1.0,-1.0,1,1,0,0,0.0,-0.019711509742340833
755,frozen,45,7,3,0,0,-1.0,-1.0,1,0,1,0,0.0,-0.019711509742340833
756,frozen,45,4,3,0,1,1.0,1.0,0,nan,nan,nan,0.0,-0.019711509742340833
757,frozen,45,4,4,1,1,1.0,1.0,0,nan,nan,nan,0.0,-0.019711509742340833
758,frozen,45,0,3,0,0,-1.0,-1.0,1,2,0,0,0.0,-0.019711509742340833
759,frozen,45,5,3,0,0,-1.0,-1.0,1,0,1,0,0.0,-0.019711509742340833
760,frozen,45,2,3,0,1,1.0,1.0,0,nan,nan,nan,0.0,-0.019711509742340833
761,frozen,45,1,2,0,1,1.0,1.0,0,nan,nan,nan,0.0,-0.019711509742340833
762,frozen,45,4,1,0,0,-1.0,-1.0,1,2,0,0,0.0,-0.019711509742340833
763,frozen,45,6,5,1,1,1.0,1.0,0,nan,nan,nan,0.0,-0.019711509742340833
764,frozen,45,7,6,1,1,1.0,1.0,0,nan,nan,nan,0.0,-0.019711509742340833
765,frozen,45,4,7,1,0,-1.0,-1.0,1,2,0,0,0.0,-0.019711509742340833
766,frozen,45,6,3,0,0,-1.0,-1.0,1,0,1,0,0.0,-0.019711509742340833
767,frozen,45,4,5,1,1,1.0,1.0,0,nan,nan,nan,0.0,-0.019711509742340833
768,frozen,45,3,6,1,0,-1.0,-1.0,1,1,0,0,0.0,-0.019711509742340833
769,frozen,45,8,3,0,0,-1.0,-1.0,1,0,1,0,0.0,-0.019711509742340833
770,frozen,45,1,3,0,0,-1.0,-1.0,1,0,1,0,0.0,-0.019711509742340833
771,frozen,45,7,3,0,0,-1.0,-1.0,1,0,1,0,0.0,-0.019711509742340833
772,frozen,45,8,5,1,0,-1.0,-1.0,1,0,1,0,0.0,-0.019711509742340833
773,frozen,45,2,3,0,1,1.0,1.0,0,nan,nan,nan,0.0,-0.019711509742340833
774,frozen,45,7,2,0,0,-1.0,-1.0,1,1,0,0,0.0,-0.019711509742340833
775,frozen,45,3,5,1,0,-1.0,-1.0,1,0,1,0,0.0,-0.019711509742340833
776,frozen,45,6,3,0,0,-1.0,-1.0,1,0,1,0,0.0,-0.019711509742340833
777,frozen,45,2,5,1,0,-1.0,-1.0,1,0,1,0,0.0,-0.019711509742340833
778,frozen,45,6,3,0,0,-1.0,-1.0,1,0,1,0,0.0,-0.019711509742340833
779,frozen,45,1,5,1,0,-1.0,-1.0,1,0,1,0,0.0,-0.019711509742340833
780,frozen,45,4,3,0,1,1.0,1.0,0,nan,nan,nan,0.0,-0.019711509742340833
781,frozen,45,8,2,0,0,-1.0,-1.0,1,1,0,0,0.0,-0.019711509742340833
782,frozen,45,2,3,0,1,1.0,1.0,0,nan,nan,nan,0.0,-0.019711509742340833
783,frozen,45,0,4,1,0,-1.0,-1.0,1,1,0,0,0.0,-0.019711509742340833
784,frozen,45,1,3,0,0,-1.0,-1.0,1,0,1,0,0.0,-0.019711509742340833
785,frozen,45,2,5,1,0,-1.0,-1.0,1,0,1,0,0.0,-0.019711509742340833
786,frozen,45,6,3,0,0,-1.0,-1.0,1,0,1,0,0.0,-0.019711509742340833
787,frozen,45,3,5,1,0,-1.0,-1.0,1,0,1,0,0.0,-0.019711509742340833
788,frozen,45,7,3,0,0,-1.0,-1.0,1,0,1,0,0.0,-0.019711509742340833
789,frozen,45,3,5,1,0,-1.0,-1.0,1,0,1,0,0.0,-0.019711509742340833
790,frozen,45,0,3,0,0,-1.0,-1.0,1,0,1,0,0.0,-0.019711509742340833
791,frozen,45,6,3,0,0,-1.0,-1.0,1,0,1,0,0.0,-0.019711509742340833
792,frozen,45,1,5,1,0,-1.0,-1.0,1,0,1,0,0.0,-0.019711509742340833
793,frozen,45,0,5,1,0,-1.0,-1.0,1,0,1,0,0.0,-0.019711509742340833
794,frozen,45,8,3,0,0,-1.0,-1.0,1,0,1,0,0.0,-0.019711509742340833
795,frozen,45,6,5,1,1,1.0,1.0,0,nan,nan,nan,0.0,-0.019711509742340833
796,frozen,45,8,4,0,0,-1.0,-1.0,1,1,0,0,0.0,-0.019711509742340833
797,frozen,45,2,5,1,0,-1.0,-1.0,1,0,1,0,0.0,-0.019711509742340833
798,frozen,45,4,5,1,1,1.0,1.0,0,nan,nan,nan,0.0,-0.019711509742340833
799,frozen,45,2,4,0,0,-1.0,-1.0,1,1,0,0,0.0,-0.019711509742340833
800,frozen,45,0,5,1,0,-1.0,-1.0,1,0,1,0,0.0,-0.019711509742340833
801,frozen,45,5,3,0,0,-1.0,-1.0,1,0,1,0,0.0,-0.019711509742340833
802,frozen,45,7,3,0,0,-1.0,-1.0,1,0,1,0,0.0,-0.019711509742340833
803,frozen,45,7,3,0,0,-1.0,-1.0,1,0,1,0,0.0,-0.019711509742340833
804,frozen,45,3,5,1,0,-1.0,-1.0,1,0,1,0,0.0,-0.019711509742340833
805,frozen,45,0,5,1,0,-1.0,-1.0,1,0,1,0,0.0,-0.019711509742340833
806,frozen,45,5,3,0,0,-1.0,-1.0,1,0,1,0,0.0,-0.019711509742340833
807,frozen,45,0,3,0,0,-1.0,-1.0,1,0,1,0,0.0,-0.019711509742340833
808,frozen,45,5,3,0,0,-1.0,-1.0,1,0,1,0,0.0,-0.019711509742340833
809,frozen,45,1,5,1,0,-1.0,-1.0,1,0,1,0,0.0,-0.019711509742340833
810,frozen,45,3,5,1,0,-1.0,-1.0,1,0,1,0,0.0,-0.019711509742340833
811,frozen,45,6,3,0,0,-1.0,-1.0,1,0,1,0,0.0,-0.019711509742340833
812,frozen,45,7,3,0,0,-1.0,-1.0,1,0,1,0,0.0,-0.019711509742340833
813,frozen,45,5,3,0,0,-1.0,-1.0,1,0,1,0,0.0,-0.019711509742340833
814,frozen,45,3,5,1,0,-1.0,-1.0,1,0,1,0,0.0,-0.019711509742340833
815,frozen,45,6,5,1,1,1.0,1.0,0,nan,nan,nan,0.0,-0.019711509742340833
816,frozen,45,6,4,0,0,-1.0,-1.0,1,1,0,0,0.0,-0.019711509742340833
817,frozen,45,8,3,0,0,-1.0,-1.0,1,0,1,0,0.0,-0.019711509742340833
818,frozen,45,8,5,1,0,-1.0,-1.0,1,0,1,0,0.0,-0.019711509742340833
819,frozen,45,8,3,0,0,-1.0,-1.0,1,0,1,0,0.0,-0.019711509742340833
820,frozen,45,8,5,1,0,-1.0,-1.0,1,0,1,0,0.0,-0.019711509742340833
821,frozen,45,7,3,0,0,-1.0,-1.0,1,0,1,0,0.0,-0.019711509742340833
822,frozen,45,0,5,1,0,-1.0,-1.0,1,0,1,0,0.0,-0.019711509742340833
823,frozen,45,8,5,1,0,-1.0,-1.0,1,0,1,0,0.0,-0.019711509742340833
824,frozen,45,0,5,1,0,-1.0,-1.0,1,0,1,0,0.0,-0.019711509742340833
825,frozen,45,4,5,1,1,1.0,1.0,0,nan,nan,nan,0.0,-0.019711509742340833
826,frozen,45,0,6,1,0,-1.0,-1.0,1,1,0,0,0.0,-0.019711509742340833
827,frozen,45,3,5,1,0,-1.0,-1.0,1,0,1,0,0.0,-0.019711509742340833
828,frozen,45,0,5,1,0,-1.0,-1.0,1,0,1,0,0.0,-0.019711509742340833
829,frozen,45,4,3,0,1,1.0,1.0,0,nan,nan,nan,0.0,-0.019711509742340833
830,frozen,45,7,4,1,0,-1.0,-1.0,1,1,0,0,0.0,-0.019711509742340833
831,frozen,45,1,3,0,0,-1.0,-1.0,1,0,1,0,0.0,-0.019711509742340833
832,frozen,45,6,3,0,0,-1.0,-1.0,1,0,1,0,0.0,-0.019711509742340833
833,frozen,45,8,3,0,0,-1.0,-1.0,1,0,1,0,0.0,-0.019711509742340833
834,frozen,45,8,5,1,0,-1.0,-1.0,1,0,1,0,0.0,-0.019711509742340833
835,frozen,45,4,3,0,1,1.0,1.0,0,nan,nan,nan,0.0,-0.019711509742340833
836,frozen,45,7,2,0,0,-1.0,-1.0,1,1,0,0,0.0,-0.019711509742340833
837,frozen,45,2,5,1,0,-1.0,-1.0,1,0,1,0,0.0,-0.019711509742340833
838,frozen,45,5,3,0,0,-1.0,-1.0,1,0,1,0,0.0,-0.019711509742340833
839,frozen,45,8,5,1,0,-1.0,-1.0,1,0,1,0,0.0,-0.019711509742340833
840,frozen,45,1,5,1,0,-1.0,-1.0,1,0,1,0,0.0,-0.019711509742340833
841,frozen,45,8,5,1,0,-1.0,-1.0,1,0,1,0,0.0,-0.019711509742340833
842,frozen,45,4,3,0,1,1.0,1.0,0,nan,nan,nan,0.0,-0.019711509742340833
843,frozen,45,5,4,1,1,1.0,1.0,0,nan,nan,nan,0.0,-0.019711509742340833
844,frozen,45,6,5,1,1,1.0,1.0,0,nan,nan,nan,0.0,-0.019711509742340833
845,frozen,45,1,6,1,0,-1.0,-1.0,1,3,0,1,0.0,-0.019711509742340833
846,frozen,45,1,5,1,0,-1.0,-1.0,1,0,1,0,0.0,-0.019711509742340833
847,frozen,45,1,3,0,0,-1.0,-1.0,1,0,1,0,0.0,-0.019711509742340833
848,frozen,45,6,5,1,1,1.0,1.0,0,nan,nan,nan,0.0,-0.019711509742340833
849,frozen,45,2,6,1,0,-1.0,-1.0,1,1,0,0,0.0,-0.019711509742340833
850,frozen,45,1,3,0,0,-1.0,-1.0,1,0,1,0,0.0,-0.019711509742340833
851,frozen,45,0,5,1,0,-1.0,-1.0,1,0,1,0,0.0,-0.019711509742340833
852,frozen,45,8,5,1,0,-1.0,-1.0,1,0,1,0,0.0,-0.019711509742340833
853,frozen,45,3,5,1,0,-1.0,-1.0,1,0,1,0,0.0,-0.019711509742340833
854,frozen,45,1,5,1,0,-1.0,-1.0,1,0,1,0,0.0,-0.019711509742340833
855,frozen,45,2,5,1,0,-1.0,-1.0,1,0,1,0,0.0,-0.019711509742340833
856,frozen,45,7,3,0,0,-1.0,-1.0,1,0,1,0,0.0,-0.019711509742340833
857,frozen,45,6,5,1,1,1.0,1.0,0,nan,nan,nan,0.0,-0.019711509742340833
858,frozen,45,0,6,1,0,-1.0,-1.0,1,1,0,0,0.0,-0.019711509742340833
859,frozen,45,2,3,0,1,1.0,1.0,0,nan,nan,nan,0.0,-0.019711509742340833
860,frozen,45,5,2,0,0,-1.0,-1.0,1,1,0,0,0.0,-0.019711509742340833
861,frozen,45,4,5,1,1,1.0,1.0,0,nan,nan,nan,0.0,-0.019711509742340833
862,frozen,45,0,4,0,0,-1.0,-1.0,1,1,0,0,0.0,-0.019711509742340833
863,frozen,45,2,5,1,0,-1.0,-1.0,1,0,1,0,0.0,-0.019711509742340833
864,frozen,45,5,3,0,0,-1.0,-1.0,1,0,1,0,0.0,-0.019711509742340833
865,frozen,45,1,5,1,0,-1.0,-1.0,1,0,1,0,0.0,-0.019711509742340833
866,frozen,45,6,5,1,1,1.0,1.0,0,nan,nan,nan,0.0,-0.019711509742340833
867,frozen,45,6,4,0,0,-1.0,-1.0,1,1,0,0,0.0,-0.019711509742340833
868,frozen,45,7,3,0,0,-1.0,-1.0,1,0,1,0,0.0,-0.019711509742340833
869,frozen,45,4,5,1,1,1.0,1.0,0,nan,nan,nan,0.0,-0.019711509742340833
870,frozen,45,6,4,0,0,-1.0,-1.0,1,1,0,0,0.0,-0.019711509742340833
871,frozen,45,6,3,0,0,-1.0,-1.0,1,0,1,0,0.0,-0.019711509742340833
872,frozen,45,8,5,1,0,-1.0,-1.0,1,0,1,0,0.0,-0.019711509742340833
873,frozen,45,6,5,1,1,1.0,1.0,0,nan,nan,nan,0.0,-0.019711509742340833
874,frozen,45,1,6,1,0,-1.0,-1.0,1,1,0,0,0.0,-0.019711509742340833
875,frozen,45,2,3,0,1,1.0,1.0,0,nan,nan,nan,0.0,-0.019711509742340833
876,frozen,45,7,2,0,0,-1.0,-1.0,1,1,0,0,0.0,-0.019711509742340833
877,frozen,45,8,3,0,0,-1.0,-1.0,1,0,1,0,0.0,-0.019711509742340833
878,frozen,45,5,5,1,1,1.0,1.0,0,nan,nan,nan,0.0,-0.019711509742340833
879,frozen,45,4,6,1,0,-1.0,-1.0,1,1,0,0,0.0,-0.019711509742340833
880,frozen,45,6,5,1,1,1.0,1.0,0,nan,nan,nan,0.0,-0.019711509742340833
881,frozen,45,5,4,0,1,1.0,1.0,0,nan,nan,nan,0.0,-0.019711509742340833
882,frozen,45,3,5,1,0,-1.0,-1.0,1,2,0,0,0.0,-0.019711509742340833
883,frozen,45,4,5,1,1,1.0,1.0,0,nan,nan,nan,0.0,-0.019711509742340833
884,frozen,45,3,4,0,1,1.0,1.0,0,nan,nan,nan,0.0,-0.019711509742340833
885,frozen,45,0,5,1,0,-1.0,-1.0,1,2,0,0,0.0,-0.019711509742340833
886,frozen,45,6,3,0,0,-1.0,-1.0,1,0,1,0,0.0,-0.019711509742340833
887,frozen,45,8,5,1,0,-1.0,-1.0,1,0,1,0,0.0,-0.019711509742340833
888,frozen,45,6,3,0,0,-1.0,-1.0,1,0,1,0,0.0,-0.019711509742340833
889,frozen,45,7,3,0,0,-1.0,-1.0,1,0,1,0,0.0,-0.019711509742340833
890,frozen,45,3,5,1,0,-1.0,-1.0,1,0,1,0,0.0,-0.019711509742340833
891,frozen,45,7,3,0,0,-1.0,-1.0,1,0,1,0,0.0,-0.019711509742340833
892,frozen,45,1,3,0,0,-1.0,-1.0,1,0,1,0,0.0,-0.019711509742340833
893,frozen,45,3,5,1,0,-1.0,-1.0,1,0,1,0,0.0,-0.019711509742340833
894,frozen,45,6,5,1,1,1.0,1.0,0,nan,nan,nan,0.0,-0.019711509742340833
895,frozen,45,1,6,1,0,-1.0,-1.0,1,1,0,0,0.0,-0.019711509742340833
896,frozen,45,2,3,0,1,1.0,1.0,0,nan,nan,nan,0.0,-0.019711509742340833
897,frozen,45,4,4,1,1,1.0,1.0,0,nan,nan,nan,0.0,-0.019711509742340833
898,frozen,45,1,3,0,0,-1.0,-1.0,1,2,0,0,0.0,-0.019711509742340833
899,frozen,45,2,5,1,0,-1.0,-1.0,1,0,1,0,0.0,-0.019711509742340833
900,frozen,45,8,3,0,0,-1.0,-1.0,1,0,1,0,0.0,-0.019711509742340833
901,frozen,45,1,3,0,0,-1.0,-1.0,1,0,1,0,0.0,-0.019711509742340833
902,frozen,45,4,5,1,1,1.0,1.0,0,nan,nan,nan,0.0,-0.019711509742340833
903,frozen,45,3,4,0,1,1.0,1.0,0,nan,nan,nan,0.0,-0.019711509742340833
904,frozen,45,2,3,0,1,1.0,1.0,0,nan,nan,nan,0.0,-0.019711509742340833
905,frozen,45,3,4,1,1,1.0,1.0,0,nan,nan,nan,0.0,-0.019711509742340833
906,frozen,45,0,5,1,0,-1.0,-1.0,1,4,0,1,0.0,-0.019711509742340833
907,frozen,45,0,5,1,0,-1.0,-1.0,1,0,1,0,0.0,-0.019711509742340833
908,frozen,45,2,5,1,0,-1.0,-1.0,1,0,1,0,0.0,-0.019711509742340833
909,frozen,45,5,5,1,1,1.0,1.0,0,nan,nan,nan,0.0,-0.019711509742340833
910,frozen,45,2,6,1,0,-1.0,-1.0,1,1,0,0,0.0,-0.019711509742340833
911,frozen,45,0,5,1,0,-1.0,-1.0,1,0,1,0,0.0,-0.019711509742340833
912,frozen,45,2,5,1,0,-1.0,-1.0,1,0,1,0,0.0,-0.019711509742340833
913,frozen,45,0,5,1,0,-1.0,-1.0,1,0,1,0,0.0,-0.019711509742340833
914,frozen,45,7,3,0,0,-1.0,-1.0,1,0,1,0,0.0,-0.019711509742340833
915,frozen,45,5,3,0,0,-1.0,-1.0,1,0,1,0,0.0,-0.019711509742340833
916,frozen,45,2,3,0,1,1.0,1.0,0,nan,nan,nan,0.0,-0.019711509742340833
917,frozen,45,6,2,0,0,-1.0,-1.0,1,1,0,0,0.0,-0.019711509742340833
918,frozen,45,4,3,0,1,1.0,1.0,0,nan,nan,nan,0.0,-0.019711509742340833
919,frozen,45,2,4,1,0,-1.0,-1.0,1,1,0,0,0.0,-0.019711509742340833
920,frozen,45,7,3,0,0,-1.0,-1.0,1,0,1,0,0.0,-0.019711509742340833
921,frozen,45,8,5,1,0,-1.0,-1.0,1,0,1,0,0.0,-0.019711509742340833
922,frozen,45,5,3,0,0,-1.0,-1.0,1,0,1,0,0.0,-0.019711509742340833
923,frozen,45,7,3,0,0,-1.0,-1.0,1,0,1,0,0.0,-0.019711509742340833
924,frozen,45,1,5,1,0,-1.0,-1.0,1,0,1,0,0.0,-0.019711509742340833
925,frozen,45,0,3,0,0,-1.0,-1.0,1,0,1,0,0.0,-0.019711509742340833
926,frozen,45,5,5,1,1,1.0,1.0,0,nan,nan,nan,0.0,-0.019711509742340833
927,frozen,45,0,4,0,0,-1.0,-1.0,1,1,0,0,0.0,-0.019711509742340833
928,frozen,45,6,3,0,0,-1.0,-1.0,1,0,1,0,0.0,-0.019711509742340833
929,frozen,45,1,3,0,0,-1.0,-1.0,1,0,1,0,0.0,-0.019711509742340833
930,frozen,45,3,5,1,0,-1.0,-1.0,1,0,1,0,0.0,-0.019711509742340833
931,frozen,45,0,3,0,0,-1.0,-1.0,1,0,1,0,0.0,-0.019711509742340833
932,frozen,45,8,5,1,0,-1.0,-1.0,1,0,1,0,0.0,-0.019711509742340833
933,frozen,45,8,3,0,0,-1.0,-1.0,1,0,1,0,0.0,-0.019711509742340833
934,frozen,45,5,3,0,0,-1.0,-1.0,1,0,1,0,0.0,-0.019711509742340833
935,frozen,45,4,5,1,1,1.0,1.0,0,nan,nan,nan,0.0,-0.019711509742340833
936,frozen,45,5,4,0,1,1.0,1.0,0,nan,nan,nan,0.0,-0.019711509742340833
937,frozen,45,1,5,1,0,-1.0,-1.0,1,2,0,0,0.0,-0.019711509742340833
938,frozen,45,6,5,1,1,1.0,1.0,0,nan,nan,nan,0.0,-0.019711509742340833
939,frozen,45,3,4,0,1,1.0,1.0,0,nan,nan,nan,0.0,-0.019711509742340833
940,frozen,45,6,3,0,0,-1.0,-1.0,1,2,0,0,0.0,-0.019711509742340833
941,frozen,45,4,5,1,1,1.0,1.0,0,nan,nan,nan,0.0,-0.019711509742340833
942,frozen,45,6,4,0,0,-1.0,-1.0,1,1,0,0,0.0,-0.019711509742340833
943,frozen,45,4,5,1,1,1.0,1.0,0,nan,nan,nan,0.0,-0.019711509742340833
944,frozen,45,3,4,0,1,1.0,1.0,0,nan,nan,nan,0.0,-0.019711509742340833
945,frozen,45,0,5,1,0,-1.0,-1.0,1,2,0,0,0.0,-0.019711509742340833
946,frozen,45,5,3,0,0,-1.0,-1.0,1,0,1,0,0.0,-0.019711509742340833
947,frozen,45,1,5,1,0,-1.0,-1.0,1,0,1,0,0.0,-0.019711509742340833
948,frozen,45,5,5,1,1,1.0,1.0,0,nan,nan,nan,0.0,-0.019711509742340833
949,frozen,45,0,4,0,0,-1.0,-1.0,1,1,0,0,0.0,-0.019711509742340833
950,frozen,45,0,3,0,0,-1.0,-1.0,1,0,1,0,0.0,-0.019711509742340833
951,frozen,45,8,5,1,0,-1.0,-1.0,1,0,1,0,0.0,-0.019711509742340833
952,frozen,45,3,5,1,0,-1.0,-1.0,1,0,1,0,0.0,-0.019711509742340833
953,frozen,45,8,5,1,0,-1.0,-1.0,1,0,1,0,0.0,-0.019711509742340833
954,frozen,45,6,3,0,0,-1.0,-1.0,1,0,1,0,0.0,-0.019711509742340833
955,frozen,45,7,3,0,0,-1.0,-1.0,1,0,1,0,0.0,-0.019711509742340833
956,frozen,45,6,5,1,1,1.0,1.0,0,nan,nan,nan,0.0,-0.019711509742340833
957,frozen,45,1,4,0,0,-1.0,-1.0,1,1,0,0,0.0,-0.019711509742340833
958,frozen,45,2,3,0,1,1.0,1.0,0,nan,nan,nan,0.0,-0.019711509742340833
959,frozen,45,6,2,0,0,-1.0,-1.0,1,1,0,0,0.0,-0.019711509742340833
960,frozen,45,6,5,1,1,1.0,1.0,0,nan,nan,nan,0.0,-0.019711509742340833
961,frozen,45,6,6,1,1,1.0,1.0,0,nan,nan,nan,0.0,-0.019711509742340833
962,frozen,45,4,5,0,1,1.0,1.0,0,nan,nan,nan,0.0,-0.019711509742340833
963,frozen,45,8,4,0,0,-1.0,-1.0,1,3,0,1,0.0,-0.019711509742340833
964,frozen,45,7,5,1,0,-1.0,-1.0,1,0,1,0,0.0,-0.019711509742340833
965,frozen,45,7,3,0,0,-1.0,-1.0,1,0,1,0,0.0,-0.019711509742340833
966,frozen,45,7,3,0,0,-1.0,-1.0,1,0,1,0,0.0,-0.019711509742340833
967,frozen,45,4,3,0,1,1.0,1.0,0,nan,nan,nan,0.0,-0.019711509742340833
968,frozen,45,4,4,1,1,1.0,1.0,0,nan,nan,nan,0.0,-0.019711509742340833
969,frozen,45,3,5,1,0,-1.0,-1.0,1,2,0,0,0.0,-0.019711509742340833
970,frozen,45,5,5,1,1,1.0,1.0,0,nan,nan,nan,0.0,-0.019711509742340833
971,frozen,45,0,6,1,0,-1.0,-1.0,1,1,0,0,0.0,-0.019711509742340833
972,frozen,45,7,5,1,0,-1.0,-1.0,1,0,1,0,0.0,-0.019711509742340833
973,frozen,45,7,5,1,0,-1.0,-1.0,1,0,1,0,0.0,-0.019711509742340833
974,frozen,45,5,5,1,1,1.0,1.0,0,nan,nan,nan,0.0,-0.019711509742340833
975,frozen,45,5,4,0,1,1.0,1.0,0,nan,nan,nan,0.0,-0.019711509742340833
976,frozen,45,3,5,1,0,-1.0,-1.0,1,2,0,0,0.0,-0.019711509742340833
977,frozen,45,0,5,1,0,-1.0,-1.0,1,0,1,0,0.0,-0.019711509742340833
978,frozen,45,6,5,1,1,1.0,1.0,0,nan,nan,nan,0.0,-0.019711509742340833
979,frozen,45,7,4,0,0,-1.0,-1.0,1,1,0,0,0.0,-0.019711509742340833
980,frozen,45,4,5,1,1,1.0,1.0,0,nan,nan,nan,0.0,-0.019711509742340833
981,frozen,45,6,4,0,0,-1.0,-1.0,1,1,0,0,0.0,-0.019711509742340833
982,frozen,45,6,3,0,0,-1.0,-1.0,1,0,1,0,0.0,-0.019711509742340833
983,frozen,45,4,3,0,1,1.0,1.0,0,nan,nan,nan,0.0,-0.019711509742340833
984,frozen,45,8,4,1,0,-1.0,-1.0,1,1,0,0,0.0,-0.019711509742340833
985,frozen,45,4,3,0,1,1.0,1.0,0,nan,nan,nan,0.0,-0.019711509742340833
986,frozen,45,6,4,1,0,-1.0,-1.0,1,1,0,0,0.0,-0.019711509742340833
987,frozen,45,2,3,0,1,1.0,1.0,0,nan,nan,nan,0.0,-0.019711509742340833
988,frozen,45,1,4,1,0,-1.0,-1.0,1,1,0,0,0.0,-0.019711509742340833
989,frozen,45,6,3,0,0,-1.0,-1.0,1,0,1,0,0.0,-0.019711509742340833
990,frozen,45,6,5,1,1,1.0,1.0,0,nan,nan,nan,0.0,-0.019711509742340833
991,frozen,45,5,6,1,1,1.0,1.0,0,nan,nan,nan,0.0,-0.019711509742340833
992,frozen,45,5,7,1,0,-1.0,-1.0,1,2,0,0,0.0,-0.019711509742340833
993,frozen,45,5,5,1,1,1.0,1.0,0,nan,nan,nan,0.0,-0.019711509742340833
994,frozen,45,8,4,0,0,-1.0,-1.0,1,1,0,0,0.0,-0.019711509742340833
995,frozen,45,5,5,1,1,1.0,1.0,0,nan,nan,nan,0.0,-0.019711509742340833
996,frozen,45,6,6,1,1,1.0,1.0,0,nan,nan,nan,0.0,-0.019711509742340833
997,frozen,45,5,7,1,0,-1.0,-1.0,1,2,0,0,0.0,-0.019711509742340833
998,frozen,45,6,5,1,1,1.0,1.0,0,nan,nan,nan,0.0,-0.019711509742340833
999,frozen,45,0,6,1,0,-1.0,-1.0,1,1,0,0,0.0,-0.019711509742340833
1000,frozen,45,6,5,1,1,1.0,1.0,0,nan,nan,nan,0.0,-0.019711509742340833
1001,frozen,45,0,6,1,0,-1.0,-1.0,1,1,0,0,0.0,-0.019711509742340833
1002,frozen,45,7,3,0,0,-1.0,-1.0,1,0,1,0,0.0,-0.019711509742340833
1003,frozen,45,3,5,1,0,-1.0,-1.0,1,0,1,0,0.0,-0.019711509742340833
1004,frozen,45,0,5,1,0,-1.0,-1.0,1,0,1,0,0.0,-0.019711509742340833
1005,frozen,45,1,5,1,0,-1.0,-1.0,1,0,1,0,0.0,-0.019711509742340833
1006,frozen,45,2,3,0,1,1.0,1.0,0,nan,nan,nan,0.0,-0.019711509742340833
1007,frozen,45,0,4,1,0,-1.0,-1.0,1,1,0,0,0.0,-0.019711509742340833
1008,frozen,45,7,3,0,0,-1.0,-1.0,1,0,1,0,0.0,-0.019711509742340833
1009,frozen,45,5,5,1,1,1.0,1.0,0,nan,nan,nan,0.0,-0.019711509742340833
1010,frozen,45,4,6,1,0,-1.0,-1.0,1,1,0,0,0.0,-0.019711509742340833
1011,frozen,45,4,5,1,1,1.0,1.0,0,nan,nan,nan,0.0,-0.019711509742340833
1012,frozen,45,4,6,1,0,-1.0,-1.0,1,1,0,0,0.0,-0.019711509742340833
1013,frozen,45,8,3,0,0,-1.0,-1.0,1,0,1,0,0.0,-0.019711509742340833
1014,frozen,45,5,3,0,0,-1.0,-1.0,1,0,1,0,0.0,-0.019711509742340833
1015,frozen,45,1,5,1,0,-1.0,-1.0,1,0,1,0,0.0,-0.019711509742340833
1016,frozen,45,3,5,1,0,-1.0,-1.0,1,0,1,0,0.0,-0.019711509742340833
1017,frozen,45,2,5,1,0,-1.0,-1.0,1,0,1,0,0.0,-0.019711509742340833
1018,frozen,45,1,3,0,0,-1.0,-1.0,1,0,1,0,0.0,-0.019711509742340833
1019,frozen,45,3,5,1,0,-1.0,-1.0,1,0,1,0,0.0,-0.019711509742340833
1020,frozen,45,4,3,0,1,1.0,1.0,0,nan,nan,nan,0.0,-0.019711509742340833
1021,frozen,45,0,4,1,0,-1.0,-1.0,1,1,0,0,0.0,-0.019711509742340833
1022,frozen,45,6,5,1,1,1.0,1.0,0,nan,nan,nan,0.0,-0.019711509742340833
1023,frozen,45,0,6,1,0,-1.0,-1.0,1,1,0,0,0.0,-0.019711509742340833
1024,frozen,45,7,3,0,0,-1.0,-1.0,1,0,1,0,0.0,-0.019711509742340833
1025,frozen,45,0,5,1,0,-1.0,-1.0,1,0,1,0,0.0,-0.019711509742340833
1026,frozen,45,0,3,0,0,-1.0,-1.0,1,0,1,0,0.0,-0.019711509742340833
1027,frozen,45,5,3,0,0,-1.0,-1.0,1,0,1,0,0.0,-0.019711509742340833
1028,frozen,45,3,5,1,0,-1.0,-1.0,1,0,1,0,0.0,-0.019711509742340833
1029,frozen,45,7,3,0,0,-1.0,-1.0,1,0,1,0,0.0,-0.019711509742340833
1030,frozen,45,6,5,1,1,1.0,1.0,0,nan,nan,nan,0.0,-0.019711509742340833
1031,frozen,45,4,6,1,0,-1.0,-1.0,1,1,0,0,0.0,-0.019711509742340833
1032,frozen,45,0,5,1,0,-1.0,-1.0,1,0,1,0,0.0,-0.019711509742340833
1033,frozen,45,6,5,1,1,1.0,1.0,0,nan,nan,nan,0.0,-0.019711509742340833
1034,frozen,45,8,4,0,0,-1.0,-1.0,1,1,0,0,0.0,-0.019711509742340833
1035,frozen,45,7,3,0,0,-1.0,-1.0,1,0,1,0,0.0,-0.019711509742340833
1036,frozen,45,7,3,0,0,-1.0,-1.0,1,0,1,0,0.0,-0.019711509742340833
1037,frozen,45,0,3,0,0,-1.0,-1.0,1,0,1,0,0.0,-0.019711509742340833
1038,frozen,45,7,3,0,0,-1.0,-1.0,1,0,1,0,0.0,-0.019711509742340833
1039,frozen,45,1,5,1,0,-1.0,-1.0,1,0,1,0,0.0,-0.019711509742340833
1040,frozen,45,1,5,1,0,-1.0,-1.0,1,0,1,0,0.0,-0.019711509742340833
1041,frozen,45,5,3,0,0,-1.0,-1.0,1,0,1,0,0.0,-0.019711509742340833
1042,frozen,45,7,3,0,0,-1.0,-1.0,1,0,1,0,0.0,-0.019711509742340833
1043,frozen,45,0,3,0,0,-1.0,-1.0,1,0,1,0,0.0,-0.019711509742340833
1044,frozen,45,8,5,1,0,-1.0,-1.0,1,0,1,0,0.0,-0.019711509742340833
1045,frozen,45,8,3,0,0,-1.0,-1.0,1,0,1,0,0.0,-0.019711509742340833
1046,frozen,45,5,3,0,0,-1.0,-1.0,1,0,1,0,0.0,-0.019711509742340833
1047,frozen,45,6,5,1,1,1.0,1.0,0,nan,nan,nan,0.0,-0.019711509742340833
1048,frozen,45,7,4,0,0,-1.0,-1.0,1,1,0,0,0.0,-0.019711509742340833
1049,frozen,45,7,5,1,0,-1.0,-1.0,1,0,1,0,0.0,-0.019711509742340833
1050,frozen,45,4,5,1,1,1.0,1.0,0,nan,nan,nan,0.0,-0.019711509742340833
1051,frozen,45,6,6,1,1,1.0,1.0,0,nan,nan,nan,0.0,-0.019711509742340833
1052,frozen,45,3,5,0,0,-1.0,-1.0,1,2,0,0,0.0,-0.019711509742340833
1053,frozen,45,1,3,0,0,-1.0,-1.0,1,0,1,0,0.0,-0.019711509742340833
1054,frozen,45,6,5,1,1,1.0,1.0,0,nan,nan,nan,0.0,-0.019711509742340833
1055,frozen,45,7,6,1,1,1.0,1.0,0,nan,nan,nan,0.0,-0.019711509742340833
1056,frozen,45,1,5,0,0,-1.0,-1.0,1,2,0,0,0.0,-0.019711509742340833
1057,frozen,45,7,3,0,0,-1.0,-1.0,1,0,1,0,0.0,-0.019711509742340833
1058,frozen,45,7,3,0,0,-1.0,-1.0,1,0,1,0,0.0,-0.019711509742340833
1059,frozen,45,0,3,0,0,-1.0,-1.0,1,0,1,0,0.0,-0.019711509742340833
1060,frozen,45,7,3,0,0,-1.0,-1.0,1,0,1,0,0.0,-0.019711509742340833
1061,frozen,45,2,3,0,1,1.0,1.0,0,nan,nan,nan,0.0,-0.019711509742340833
1062,frozen,45,7,2,0,0,-1.0,-1.0,1,1,0,0,0.0,-0.019711509742340833
1063,frozen,45,4,3,0,1,1.0,1.0,0,nan,nan,nan,0.0,-0.019711509742340833
1064,frozen,45,4,4,1,1,1.0,1.0,0,nan,nan,nan,0.0,-0.019711509742340833
1065,frozen,45,5,5,1,1,1.0,1.0,0,nan,nan,nan,0.0,-0.019711509742340833
1066,frozen,45,2,6,1,0,-1.0,-1.0,1,3,0,1,0.0,-0.019711509742340833
1067,frozen,45,5,3,0,0,-1.0,-1.0,1,0,1,0,0.0,-0.019711509742340833
1068,frozen,45,8,5,1,0,-1.0,-1.0,1,0,1,0,0.0,-0.019711509742340833
1069,frozen,45,2,5,1,0,-1.0,-1.0,1,0,1,0,0.0,-0.019711509742340833
1070,frozen,45,2,3,0,1,1.0,1.0,0,nan,nan,nan,0.0,-0.019711509742340833
1071,frozen,45,5,2,0,0,-1.0,-1.0,1,1,0,0,0.0,-0.019711509742340833
1072,frozen,45,0,3,0,0,-1.0,-1.0,1,0,1,0,0.0,-0.019711509742340833
1073,frozen,45,1,5,1,0,-1.0,-1.0,1,0,1,0,0.0,-0.019711509742340833
1074,frozen,45,5,5,1,1,1.0,1.0,0,nan,nan,nan,0.0,-0.019711509742340833
1075,frozen,45,1,4,0,0,-1.0,-1.0,1,1,0,0,0.0,-0.019711509742340833
1076,frozen,45,4,5,1,1,1.0,1.0,0,nan,nan,nan,0.0,-0.019711509742340833
1077,frozen,45,5,4,0,1,1.0,1.0,0,nan,nan,nan,0.0,-0.019711509742340833
1078,frozen,45,4,3,0,1,1.0,1.0,0,nan,nan,nan,0.0,-0.019711509742340833
1079,frozen,45,0,2,0,0,-1.0,-1.0,1,3,0,1,0.0,-0.019711509742340833
1080,frozen,45,7,3,0,0,-1.0,-1.0,1,0,1,0,0.0,-0.019711509742340833
1081,frozen,45,8,5,1,0,-1.0,-1.0,1,0,1,0,0.0,-0.019711509742340833
1082,frozen,45,0,5,1,0,-1.0,-1.0,1,0,1,0,0.0,-0.019711509742340833
1083,frozen,45,5,5,1,1,1.0,1.0,0,nan,nan,nan,0.0,-0.019711509742340833
1084,frozen,45,5,6,1,1,1.0,1.0,0,nan,nan,nan,0.0,-0.019711509742340833
1085,frozen,45,2,7,1,0,-1.0,-1.0,1,2,0,0,0.0,-0.019711509742340833
1086,frozen,45,6,5,1,1,1.0,1.0,0,nan,nan,nan,0.0,-0.019711509742340833
1087,frozen,45,4,6,1,0,-1.0,-1.0,1,1,0,0,0.0,-0.019711509742340833
1088,frozen,45,7,3,0,0,-1.0,-1.0,1,0,1,0,0.0,-0.019711509742340833
1089,frozen,45,6,5,1,1,1.0,1.0,0,nan,nan,nan,0.0,-0.019711509742340833
1090,frozen,45,4,6,1,0,-1.0,-1.0,1,1,0,0,0.0,-0.019711509742340833
1091,frozen,45,0,3,0,0,-1.0,-1.0,1,0,1,0,0.0,-0.019711509742340833
1092,frozen,45,4,5,1,1,1.0,1.0,0,nan,nan,nan,0.0,-0.019711509742340833
1093,frozen,45,7,6,1,1,1.0,1.0,0,nan,nan,nan,0.0,-0.019711509742340833
1094,frozen,45,0,7,1,0,-1.0,-1.0,1,2,0,0,0.0,-0.019711509742340833
1095,frozen,45,6,3,0,0,-1.0,-1.0,1,0,1,0,0.0,-0.019711509742340833
1096,frozen,45,0,3,0,0,-1.0,-1.0,1,0,1,0,0.0,-0.019711509742340833
1097,frozen,45,3,5,1,0,-1.0,-1.0,1,0,1,0,0.0,-0.019711509742340833
1098,frozen,45,7,3,0,0,-1.0,-1.0,1,0,1,0,0.0,-0.019711509742340833
1099,frozen,45,8,3,0,0,-1.0,-1.0,1,0,1,0,0.0,-0.019711509742340833
1100,frozen,45,3,5,1,0,-1.0,-1.0,1,0,1,0,0.0,-0.019711509742340833
1101,frozen,45,7,3,0,0,-1.0,-1.0,1,0,1,0,0.0,-0.019711509742340833
1102,frozen,45,1,3,0,0,-1.0,-1.0,1,0,1,0,0.0,-0.019711509742340833
1103,frozen,45,3,5,1,0,-1.0,-1.0,1,0,1,0,0.0,-0.019711509742340833
1104,frozen,45,0,5,1,0,-1.0,-1.0,1,0,1,0,0.0,-0.019711509742340833
1105,frozen,45,0,5,1,0,-1.0,-1.0,1,0,1,0,0.0,-0.019711509742340833
1106,frozen,45,0,3,0,0,-1.0,-1.0,1,0,1,0,0.0,-0.019711509742340833
1107,frozen,45,2,3,0,1,1.0,1.0,0,nan,nan,nan,0.0,-0.019711509742340833
1108,frozen,45,4,2,0,0,-1.0,-1.0,1,1,0,0,0.0,-0.019711509742340833
1109,frozen,45,1,5,1,0,-1.0,-1.0,1,0,1,0,0.0,-0.019711509742340833
1110,frozen,45,2,3,0,1,1.0,1.0,0,nan,nan,nan,0.0,-0.019711509742340833
1111,frozen,45,5,2,0,0,-1.0,-1.0,1,1,0,0,0.0,-0.019711509742340833
1112,frozen,45,8,3,0,0,-1.0,-1.0,1,0,1,0,0.0,-0.019711509742340833
1113,frozen,45,3,5,1,0,-1.0,-1.0,1,0,1,0,0.0,-0.019711509742340833
1114,frozen,45,6,3,0,0,-1.0,-1.0,1,0,1,0,0.0,-0.019711509742340833
1115,frozen,45,7,3,0,0,-1.0,-1.0,1,0,1,0,0.0,-0.019711509742340833
1116,frozen,45,0,3,0,0,-1.0,-1.0,1,0,1,0,0.0,-0.019711509742340833
1117,frozen,45,4,3,0,1,1.0,1.0,0,nan,nan,nan,0.0,-0.019711509742340833
1118,frozen,45,6,2,0,0,-1.0,-1.0,1,1,0,0,0.0,-0.019711509742340833
1119,frozen,45,7,3,0,0,-1.0,-1.0,1,0,1,0,0.0,-0.019711509742340833
1120,frozen,45,2,5,1,0,-1.0,-1.0,1,0,1,0,0.0,-0.019711509742340833
1121,frozen,45,8,3,0,0,-1.0,-1.0,1,0,1,0,0.0,-0.019711509742340833
1122,frozen,45,2,5,1,0,-1.0,-1.0,1,0,1,0,0.0,-0.019711509742340833
1123,frozen,45,1,5,1,0,-1.0,-1.0,1,0,1,0,0.0,-0.019711509742340833
1124,frozen,45,8,5,1,0,-1.0,-1.0,1,0,1,0,0.0,-0.019711509742340833
1125,frozen,45,2,5,1,0,-1.0,-1.0,1,0,1,0,0.0,-0.019711509742340833
1126,frozen,45,2,5,1,0,-1.0,-1.0,1,0,1,0,0.0,-0.019711509742340833
1127,frozen,45,2,3,0,1,1.0,1.0,0,nan,nan,nan,0.0,-0.019711509742340833
1128,frozen,45,1,2,0,1,1.0,1.0,0,nan,nan,nan,0.0,-0.019711509742340833
1129,frozen,45,4,1,0,0,-1.0,-1.0,1,2,0,0,0.0,-0.019711509742340833
1130,frozen,45,1,5,1,0,-1.0,-1.0,1,0,1,0,0.0,-0.019711509742340833
1131,frozen,45,4,5,1,1,1.0,1.0,0,nan,nan,nan,0.0,-0.019711509742340833
1132,frozen,45,1,4,0,0,-1.0,-1.0,1,1,0,0,0.0,-0.019711509742340833
1133,frozen,45,0,5,1,0,-1.0,-1.0,1,0,1,0,0.0,-0.019711509742340833
1134,frozen,45,8,3,0,0,-1.0,-1.0,1,0,1,0,0.0,-0.019711509742340833
1135,frozen,45,5,5,1,1,1.0,1.0,0,nan,nan,nan,0.0,-0.019711509742340833
1136,frozen,45,1,4,0,0,-1.0,-1.0,1,1,0,0,0.0,-0.019711509742340833
1137,frozen,45,8,3,0,0,-1.0,-1.0,1,0,1,0,0.0,-0.019711509742340833
1138,frozen,45,3,5,1,0,-1.0,-1.0,1,0,1,0,0.0,-0.019711509742340833
1139,frozen,45,2,5,1,0,-1.0,-1.0,1,0,1,0,0.0,-0.019711509742340833
1140,frozen,45,4,3,0,1,1.0,1.0,0,nan,nan,nan,0.0,-0.019711509742340833
1141,frozen,45,1,2,0,1,1.0,1.0,0,nan,nan,nan,0.0,-0.019711509742340833
1142,frozen,45,4,3,1,1,1.0,1.0,0,nan,nan,nan,0.0,-0.019711509742340833
1143,frozen,45,8,4,1,0,-1.0,-1.0,1,3,0,1,0.0,-0.019711509742340833
1144,frozen,45,1,3,0,0,-1.0,-1.0,1,0,1,0,0.0,-0.019711509742340833
1145,frozen,45,7,3,0,0,-1.0,-1.0,1,0,1,0,0.0,-0.019711509742340833
1146,frozen,45,0,3,0,0,-1.0,-1.0,1,0,1,0,0.0,-0.019711509742340833
1147,frozen,45,8,5,1,0,-1.0,-1.0,1,0,1,0,0.0,-0.019711509742340833
1148,frozen,45,2,5,1,0,-1.0,-1.0,1,0,1,0,0.0,-0.019711509742340833
1149,frozen,45,7,3,0,0,-1.0,-1.0,1,0,1,0,0.0,-0.019711509742340833
1150,frozen,45,7,3,0,0,-1.0,-1.0,1,0,1,0,0.0,-0.019711509742340833
1151,frozen,45,0,3,0,0,-1.0,-1.0,1,0,1,0,0.0,-0.019711509742340833
1152,frozen,45,2,5,1,0,-1.0,-1.0,1,0,1,0,0.0,-0.019711509742340833
1153,frozen,45,4,5,1,1,1.0,1.0,0,nan,nan,nan,0.0,-0.019711509742340833
1154,frozen,45,3,6,1,0,-1.0,-1.0,1,1,0,0,0.0,-0.019711509742340833
1155,frozen,45,6,3,0,0,-1.0,-1.0,1,0,1,0,0.0,-0.019711509742340833
1156,frozen,45,1,5,1,0,-1.0,-1.0,1,0,1,0,0.0,-0.019711509742340833
1157,frozen,45,6,3,0,0,-1.0,-1.0,1,0,1,0,0.0,-0.019711509742340833
1158,frozen,45,0,3,0,0,-1.0,-1.0,1,0,1,0,0.0,-0.019711509742340833
1159,frozen,45,3,5,1,0,-1.0,-1.0,1,0,1,0,0.0,-0.019711509742340833
1160,frozen,45,1,5,1,0,-1.0,-1.0,1,0,1,0,0.0,-0.019711509742340833
1161,frozen,45,2,5,1,0,-1.0,-1.0,1,0,1,0,0.0,-0.019711509742340833
1162,frozen,45,2,5,1,0,-1.0,-1.0,1,0,1,0,0.0,-0.019711509742340833
1163,frozen,45,4,5,1,1,1.0,1.0,0,nan,nan,nan,0.0,-0.019711509742340833
1164,frozen,45,4,6,1,0,-1.0,-1.0,1,1,0,0,0.0,-0.019711509742340833
1165,frozen,45,2,5,1,0,-1.0,-1.0,1,0,1,0,0.0,-0.019711509742340833
1166,frozen,45,0,3,0,0,-1.0,-1.0,1,0,1,0,0.0,-0.019711509742340833
1167,frozen,45,8,3,0,0,-1.0,-1.0,1,0,1,0,0.0,-0.019711509742340833
1168,frozen,45,0,3,0,0,-1.0,-1.0,1,0,1,0,0.0,-0.019711509742340833
1169,frozen,45,1,5,1,0,-1.0,-1.0,1,0,1,0,0.0,-0.019711509742340833
1170,frozen,45,0,3,0,0,-1.0,-1.0,1,0,1,0,0.0,-0.019711509742340833
1171,frozen,45,6,5,1,1,1.0,1.0,0,nan,nan,nan,0.0,-0.019711509742340833
1172,frozen,45,0,4,0,0,-1.0,-1.0,1,1,0,0,0.0,-0.019711509742340833
1173,frozen,45,2,5,1,0,-1.0,-1.0,1,0,1,0,0.0,-0.019711509742340833
1174,frozen,45,3,5,1,0,-1.0,-1.0,1,0,1,0,0.0,-0.019711509742340833
1175,frozen,45,0,3,0,0,-1.0,-1.0,1,0,1,0,0.0,-0.019711509742340833
1176,frozen,45,0,3,0,0,-1.0,-1.0,1,0,1,0,0.0,-0.019711509742340833
1177,frozen,45,3,5,1,0,-1.0,-1.0,1,0,1,0,0.0,-0.019711509742340833
1178,frozen,45,8,5,1,0,-1.0,-1.0,1,0,1,0,0.0,-0.019711509742340833
1179,frozen,45,2,3,0,1,1.0,1.0,0,nan,nan,nan,0.0,-0.019711509742340833
1180,frozen,45,5,2,0,0,-1.0,-1.0,1,1,0,0,0.0,-0.019711509742340833
1181,frozen,45,6,3,0,0,-1.0,-1.0,1,0,1,0,0.0,-0.019711509742340833
1182,frozen,45,8,5,1,0,-1.0,-1.0,1,0,1,0,0.0,-0.019711509742340833
1183,frozen,45,3,5,1,0,-1.0,-1.0,1,0,1,0,0.0,-0.019711509742340833
1184,frozen,45,1,5,1,0,-1.0,-1.0,1,0,1,0,0.0,-0.019711509742340833
1185,frozen,45,2,5,1,0,-1.0,-1.0,1,0,1,0,0.0,-0.019711509742340833
1186,frozen,45,6,5,1,1,1.0,1.0,0,nan,nan,nan,0.0,-0.019711509742340833
1187,frozen,45,5,4,0,1,1.0,1.0,0,nan,nan,nan,0.0,-0.019711509742340833
1188,frozen,45,8,3,0,0,-1.0,-1.0,1,2,0,0,0.0,-0.019711509742340833
1189,frozen,45,2,3,0,1,1.0,1.0,0,nan,nan,nan,0.0,-0.019711509742340833
1190,frozen,45,7,2,0,0,-1.0,-1.0,1,1,0,0,0.0,-0.019711509742340833
1191,frozen,45,2,5,1,0,-1.0,-1.0,1,0,1,0,0.0,-0.019711509742340833
1192,frozen,45,3,5,1,0,-1.0,-1.0,1,0,1,0,0.0,-0.019711509742340833
1193,frozen,45,2,5,1,0,-1.0,-1.0,1,0,1,0,0.0,-0.019711509742340833
1194,frozen,45,7,3,0,0,-1.0,-1.0,1,0,1,0,0.0,-0.019711509742340833
1195,frozen,45,5,3,0,0,-1.0,-1.0,1,0,1,0,0.0,-0.019711509742340833
1196,frozen,45,3,5,1,0,-1.0,-1.0,1,0,1,0,0.0,-0.019711509742340833
1197,frozen,45,2,5,1,0,-1.0,-1.0,1,0,1,0,0.0,-0.019711509742340833
1198,frozen,45,6,5,1,1,1.0,1.0,0,nan,nan,nan,0.0,-0.019711509742340833
1199,frozen,45,8,4,0,0,-1.0,-1.0,1,1,0,0,0.0,-0.019711509742340833
1200,frozen,45,0,3,0,0,-1.0,-1.0,1,0,1,0,0.0,-0.019711509742340833
1201,frozen,45,5,3,0,0,-1.0,-1.0,1,0,1,0,0.0,-0.019711509742340833
1202,frozen,45,6,3,0,0,-1.0,-1.0,1,0,1,0,0.0,-0.019711509742340833
1203,frozen,45,6,3,0,0,-1.0,-1.0,1,0,1,0,0.0,-0.019711509742340833
1204,frozen,45,6,5,1,1,1.0,1.0,0,nan,nan,nan,0.0,-0.019711509742340833
1205,frozen,45,3,6,1,0,-1.0,-1.0,1,1,0,0,0.0,-0.019711509742340833
1206,frozen,45,6,5,1,1,1.0,1.0,0,nan,nan,nan,0.0,-0.019711509742340833
1207,frozen,45,7,4,0,0,-1.0,-1.0,1,1,0,0,0.0,-0.019711509742340833
1208,frozen,45,6,3,0,0,-1.0,-1.0,1,0,1,0,0.0,-0.019711509742340833
1209,frozen,45,5,3,0,0,-1.0,-1.0,1,0,1,0,0.0,-0.019711509742340833
1210,frozen,45,0,5,1,0,-1.0,-1.0,1,0,1,0,0.0,-0.019711509742340833
1211,frozen,45,1,5,1,0,-1.0,-1.0,1,0,1,0,0.0,-0.019711509742340833
1212,frozen,45,6,3,0,0,-1.0,-1.0,1,0,1,0,0.0,-0.019711509742340833
1213,frozen,45,4,5,1,1,1.0,1.0,0,nan,nan,nan,0.0,-0.019711509742340833
1214,frozen,45,8,4,0,0,-1.0,-1.0,1,1,0,0,0.0,-0.019711509742340833
1215,frozen,45,3,5,1,0,-1.0,-1.0,1,0,1,0,0.0,-0.019711509742340833
1216,frozen,45,8,5,1,0,-1.0,-1.0,1,0,1,0,0.0,-0.019711509742340833
1217,frozen,45,5,5,1,1,1.0,1.0,0,nan,nan,nan,0.0,-0.019711509742340833
1218,frozen,45,8,4,0,0,-1.0,-1.0,1,1,0,0,0.0,-0.019711509742340833
1219,frozen,45,5,5,1,1,1.0,1.0,0,nan,nan,nan,0.0,-0.019711509742340833
1220,frozen,45,5,4,0,1,1.0,1.0,0,nan,nan,nan,0.0,-0.019711509742340833
1221,frozen,45,5,5,1,1,1.0,1.0,0,nan,nan,nan,0.0,-0.019711509742340833
1222,frozen,45,3,6,1,0,-1.0,-1.0,1,3,0,1,0.0,-0.019711509742340833
1223,frozen,45,7,3,0,0,-1.0,-1.0,1,0,1,0,0.0,-0.019711509742340833
1224,frozen,45,7,3,0,0,-1.0,-1.0,1,0,1,0,0.0,-0.019711509742340833
1225,frozen,45,7,3,0,0,-1.0,-1.0,1,0,1,0,0.0,-0.019711509742340833
1226,frozen,45,5,5,1,1,1.0,1.0,0,nan,nan,nan,0.0,-0.019711509742340833
1227,frozen,45,0,4,0,0,-1.0,-1.0,1,1,0,0,0.0,-0.019711509742340833
1228,frozen,45,6,5,1,1,1.0,1.0,0,nan,nan,nan,0.0,-0.019711509742340833
1229,frozen,45,3,4,0,1,1.0,1.0,0,nan,nan,nan,0.0,-0.019711509742340833
1230,frozen,45,0,5,1,0,-1.0,-1.0,1,2,0,0,0.0,-0.019711509742340833
1231,frozen,45,1,3,0,0,-1.0,-1.0,1,0,1,0,0.0,-0.019711509742340833
1232,frozen,45,7,3,0,0,-1.0,-1.0,1,0,1,0,0.0,-0.019711509742340833
1233,frozen,45,0,3,0,0,-1.0,-1.0,1,0,1,0,0.0,-0.019711509742340833
1234,frozen,45,7,3,0,0,-1.0,-1.0,1,0,1,0,0.0,-0.019711509742340833
1235,frozen,45,4,5,1,1,1.0,1.0,0,nan,nan,nan,0.0,-0.019711509742340833
1236,frozen,45,1,4,0,0,-1.0,-1.0,1,1,0,0,0.0,-0.019711509742340833
1237,frozen,45,2,5,1,0,-1.0,-1.0,1,0,1,0,0.0,-0.019711509742340833
1238,frozen,45,4,5,1,1,1.0,1.0,0,nan,nan,nan,0.0,-0.019711509742340833
1239,frozen,45,2,4,0,0,-1.0,-1.0,1,1,0,0,0.0,-0.019711509742340833
1240,frozen,45,8,3,0,0,-1.0,-1.0,1,0,1,0,0.0,-0.019711509742340833
1241,frozen,45,3,5,1,0,-1.0,-1.0,1,0,1,0,0.0,-0.019711509742340833
1242,frozen,45,1,5,1,0,-1.0,-1.0,1,0,1,0,0.0,-0.019711509742340833
1243,frozen,45,0,3,0,0,-1.0,-1.0,1,0,1,0,0.0,-0.019711509742340833
1244,frozen,45,0,3,0,0,-1.0,-1.0,1,0,1,0,0.0,-0.019711509742340833
1245,frozen,45,6,5,1,1,1.0,1.0,0,nan,nan,nan,0.0,-0.019711509742340833
1246,frozen,45,0,4,0,0,-1.0,-1.0,1,1,0,0,0.0,-0.019711509742340833
1247,frozen,45,3,5,1,0,-1.0,-1.0,1,0,1,0,0.0,-0.019711509742340833
1248,frozen,45,7,3,0,0,-1.0,-1.0,1,0,1,0,0.0,-0.019711509742340833
1249,frozen,45,6,3,0,0,-1.0,-1.0,1,0,1,0,0.0,-0.019711509742340833
1250,frozen,45,8,5,1,0,-1.0,-1.0,1,0,1,0,0.0,-0.019711509742340833
1251,frozen,45,5,5,1,1,1.0,1.0,0,nan,nan,nan,0.0,-0.019711509742340833
1252,frozen,45,7,4,0,0,-1.0,-1.0,1,1,0,0,0.0,-0.019711509742340833
1253,frozen,45,2,5,1,0,-1.0,-1.0,1,0,1,0,0.0,-0.019711509742340833
1254,frozen,45,8,5,1,0,-1.0,-1.0,1,0,1,0,0.0,-0.019711509742340833
1255,frozen,45,3,5,1,0,-1.0,-1.0,1,0,1,0,0.0,-0.019711509742340833
1256,frozen,45,1,5,1,0,-1.0,-1.0,1,0,1,0,0.0,-0.019711509742340833
1257,frozen,45,4,3,0,1,1.0,1.0,0,nan,nan,nan,0.0,-0.019711509742340833
1258,frozen,45,3,2,0,1,1.0,1.0,0,nan,nan,nan,0.0,-0.019711509742340833
1259,frozen,45,1,3,1,0,-1.0,-1.0,1,2,0,0,0.0,-0.019711509742340833
1260,frozen,45,2,3,0,1,1.0,1.0,0,nan,nan,nan,0.0,-0.019711509742340833
1261,frozen,45,8,2,0,0,-1.0,-1.0,1,1,0,0,0.0,-0.019711509742340833
1262,frozen,45,4,5,1,1,1.0,1.0,0,nan,nan,nan,0.0,-0.019711509742340833
1263,frozen,45,8,4,0,0,-1.0,-1.0,1,1,0,0,0.0,-0.019711509742340833
1264,frozen,45,0,3,0,0,-1.0,-1.0,1,0,1,0,0.0,-0.019711509742340833
1265,frozen,45,5,5,1,1,1.0,1.0,0,nan,nan,nan,0.0,-0.019711509742340833
1266,frozen,45,4,6,1,0,-1.0,-1.0,1,1,0,0,0.0,-0.019711509742340833
1267,frozen,45,8,5,1,0,-1.0,-1.0,1,0,1,0,0.0,-0.019711509742340833
1268,frozen,45,3,5,1,0,-1.0,-1.0,1,0,1,0,0.0,-0.019711509742340833
1269,frozen,45,0,5,1,0,-1.0,-1.0,1,0,1,0,0.0,-0.019711509742340833
1270,frozen,45,1,3,0,0,-1.0,-1.0,1,0,1,0,0.0,-0.019711509742340833
1271,frozen,45,6,5,1,1,1.0,1.0,0,nan,nan,nan,0.0,-0.019711509742340833
1272,frozen,45,0,4,0,0,-1.0,-1.0,1,1,0,0,0.0,-0.019711509742340833
1273,frozen,45,1,3,0,0,-1.0,-1.0,1,0,1,0,0.0,-0.019711509742340833
1274,frozen,45,4,5,1,1,1.0,1.0,0,nan,nan,nan,0.0,-0.019711509742340833
1275,frozen,45,4,6,1,0,-1.0,-1.0,1,1,0,0,0.0,-0.019711509742340833
1276,frozen,45,0,3,0,0,-1.0,-1.0,1,0,1,0,0.0,-0.019711509742340833
1277,frozen,45,4,5,1,1,1.0,1.0,0,nan,nan,nan,0.0,-0.019711509742340833
1278,frozen,45,7,6,1,1,1.0,1.0,0,nan,nan,nan,0.0,-0.019711509742340833
1279,frozen,45,5,7,1,0,-1.0,-1.0,1,2,0,0,0.0,-0.019711509742340833
1280,frozen,45,5,3,0,0,-1.0,-1.0,1,0,1,0,0.0,-0.019711509742340833
1281,frozen,45,0,5,1,0,-1.0,-1.0,1,0,1,0,0.0,-0.019711509742340833
1282,frozen,45,7,5,1,0,-1.0,-1.0,1,0,1,0,0.0,-0.019711509742340833
1283,frozen,45,3,5,1,0,-1.0,-1.0,1,0,1,0,0.0,-0.019711509742340833
1284,frozen,45,6,5,1,1,1.0,1.0,0,nan,nan,nan,0.0,-0.019711509742340833
1285,frozen,45,1,4,0,0,-1.0,-1.0,1,1,0,0,0.0,-0.019711509742340833
1286,frozen,45,3,5,1,0,-1.0,-1.0,1,0,1,0,0.0,-0.019711509742340833
1287,frozen,45,2,3,0,1,1.0,1.0,0,nan,nan,nan,0.0,-0.019711509742340833
1288,frozen,45,5,4,1,1,1.0,1.0,0,nan,nan,nan,0.0,-0.019711509742340833
1289,frozen,45,6,3,0,0,-1.0,-1.0,1,2,0,0,0.0,-0.019711509742340833
1290,frozen,45,7,3,0,0,-1.0,-1.0,1,0,1,0,0.0,-0.019711509742340833
1291,frozen,45,1,5,1,0,-1.0,-1.0,1,0,1,0,0.0,-0.019711509742340833
1292,frozen,45,2,5,1,0,-1.0,-1.0,1,0,1,0,0.0,-0.019711509742340833
1293,frozen,45,4,3,0,1,1.0,1.0,0,nan,nan,nan,0.0,-0.019711509742340833
1294,frozen,45,3,2,0,1,1.0,1.0,0,nan,nan,nan,0.0,-0.019711509742340833
1295,frozen,45,4,1,0,0,-1.0,-1.0,1,2,0,0,0.0,-0.019711509742340833
1296,frozen,45,2,5,1,0,-1.0,-1.0,1,0,1,0,0.0,-0.019711509742340833
1297,frozen,45,0,3,0,0,-1.0,-1.0,1,0,1,0,0.0,-0.019711509742340833
1298,frozen,45,7,3,0,0,-1.0,-1.0,1,0,1,0,0.0,-0.019711509742340833
1299,frozen,45,6,5,1,1,1.0,1.0,0,nan,nan,nan,0.0,-0.019711509742340833
1300,frozen,45,8,4,0,0,-1.0,-1.0,1,1,0,0,0.0,-0.019711509742340833
1301,frozen,45,3,5,1,0,-1.0,-1.0,1,0,1,0,0.0,-0.019711509742340833
1302,frozen,45,7,3,0,0,-1.0,-1.0,1,0,1,0,0.0,-0.019711509742340833
1303,frozen,45,3,5,1,0,-1.0,-1.0,1,0,1,0,0.0,-0.019711509742340833
1304,frozen,45,8,3,0,0,-1.0,-1.0,1,0,1,0,0.0,-0.019711509742340833
1305,frozen,45,2,3,0,1,1.0,1.0,0,nan,nan,nan,0.0,-0.019711509742340833
1306,frozen,45,3,2,0,1,1.0,1.0,0,nan,nan,nan,0.0,-0.019711509742340833
1307,frozen,45,6,1,0,0,-1.0,-1.0,1,2,0,0,0.0,-0.019711509742340833
1308,frozen,45,4,5,1,1,1.0,1.0,0,nan,nan,nan,0.0,-0.019711509742340833
1309,frozen,45,6,6,1,1,1.0,1.0,0,nan,nan,nan,0.0,-0.019711509742340833
1310,frozen,45,6,7,1,1,1.0,1.0,0,nan,nan,nan,0.0,-0.019711509742340833
1311,frozen,45,7,6,0,1,1.0,1.0,0,nan,nan,nan,0.0,-0.019711509742340833
1312,frozen,45,8,5,0,0,-1.0,-1.0,1,4,0,1,0.0,-0.019711509742340833
1313,frozen,45,4,5,1,1,1.0,1.0,0,nan,nan,nan,0.0,-0.019711509742340833
1314,frozen,45,1,6,1,0,-1.0,-1.0,1,1,0,0,0.0,-0.019711509742340833
1315,frozen,45,6,3,0,0,-1.0,-1.0,1,0,1,0,0.0,-0.019711509742340833
1316,frozen,45,3,5,1,0,-1.0,-1.0,1,0,1,0,0.0,-0.019711509742340833
1317,frozen,45,5,5,1,1,1.0,1.0,0,nan,nan,nan,0.0,-0.019711509742340833
1318,frozen,45,1,4,0,0,-1.0,-1.0,1,1,0,0,0.0,-0.019711509742340833
1319,frozen,45,4,5,1,1,1.0,1.0,0,nan,nan,nan,0.0,-0.019711509742340833
1320,frozen,45,7,6,1,1,1.0,1.0,0,nan,nan,nan,0.0,-0.019711509742340833
1321,frozen,45,0,5,0,0,-1.0,-1.0,1,2,0,0,0.0,-0.019711509742340833
1322,frozen,45,8,5,1,0,-1.0,-1.0,1,0,1,0,0.0,-0.019711509742340833
1323,frozen,45,7,3,0,0,-1.0,-1.0,1,0,1,0,0.0,-0.019711509742340833
1324,frozen,45,8,3,0,0,-1.0,-1.0,1,0,1,0,0.0,-0.019711509742340833
1325,frozen,45,4,5,1,1,1.0,1.0,0,nan,nan,nan,0.0,-0.019711509742340833
1326,frozen,45,5,4,0,1,1.0,1.0,0,nan,nan,nan,0.0,-0.019711509742340833
1327,frozen,45,6,3,0,0,-1.0,-1.0,1,2,0,0,0.0,-0.019711509742340833
1328,frozen,45,7,3,0,0,-1.0,-1.0,1,0,1,0,0.0,-0.019711509742340833
1329,frozen,45,8,3,0,0,-1.0,-1.0,1,0,1,0,0.0,-0.019711509742340833
1330,frozen,45,5,5,1,1,1.0,1.0,0,nan,nan,nan,0.0,-0.019711509742340833
1331,frozen,45,0,6,1,0,-1.0,-1.0,1,1,0,0,0.0,-0.019711509742340833
1332,frozen,45,6,5,1,1,1.0,1.0,0,nan,nan,nan,0.0,-0.019711509742340833
1333,frozen,45,6,4,0,0,-1.0,-1.0,1,1,0,0,0.0,-0.019711509742340833
1334,frozen,45,3,5,1,0,-1.0,-1.0,1,0,1,0,0.0,-0.019711509742340833
1335,frozen,45,8,5,1,0,-1.0,-1.0,1,0,1,0,0.0,-0.019711509742340833
1336,frozen,45,4,5,1,1,1.0,1.0,0,nan,nan,nan,0.0,-0.019711509742340833
1337,frozen,45,1,4,0,0,-1.0,-1.0,1,1,0,0,0.0,-0.019711509742340833
1338,frozen,45,1,3,0,0,-1.0,-1.0,1,0,1,0,0.0,-0.019711509742340833
1339,frozen,45,3,5,1,0,-1.0,-1.0,1,0,1,0,0.0,-0.019711509742340833
1340,frozen,45,3,5,1,0,-1.0,-1.0,1,0,1,0,0.0,-0.019711509742340833
1341,frozen,45,7,3,0,0,-1.0,-1.0,1,0,1,0,0.0,-0.019711509742340833
1342,frozen,45,5,3,0,0,-1.0,-1.0,1,0,1,0,0.0,-0.019711509742340833
1343,frozen,45,8,3,0,0,-1.0,-1.0,1,0,1,0,0.0,-0.019711509742340833
1344,frozen,45,6,3,0,0,-1.0,-1.0,1,0,1,0,0.0,-0.019711509742340833
1345,frozen,45,7,3,0,0,-1.0,-1.0,1,0,1,0,0.0,-0.019711509742340833
1346,frozen,45,5,3,0,0,-1.0,-1.0,1,0,1,0,0.0,-0.019711509742340833
1347,frozen,45,6,5,1,1,1.0,1.0,0,nan,nan,nan,0.0,-0.019711509742340833
1348,frozen,45,2,4,0,0,-1.0,-1.0,1,1,0,0,0.0,-0.019711509742340833
1349,frozen,45,0,3,0,0,-1.0,-1.0,1,0,1,0,0.0,-0.019711509742340833
1350,frozen,45,0,3,0,0,-1.0,-1.0,1,0,1,0,0.0,-0.019711509742340833
1351,frozen,45,6,5,1,1,1.0,1.0,0,nan,nan,nan,0.0,-0.019711509742340833
1352,frozen,45,3,4,0,1,1.0,1.0,0,nan,nan,nan,0.0,-0.019711509742340833
1353,frozen,45,1,3,0,0,-1.0,-1.0,1,2,0,0,0.0,-0.019711509742340833
1354,frozen,45,7,3,0,0,-1.0,-1.0,1,0,1,0,0.0,-0.019711509742340833
1355,frozen,45,4,5,1,1,1.0,1.0,0,nan,nan,nan,0.0,-0.019711509742340833
1356,frozen,45,0,6,1,0,-1.0,-1.0,1,1,0,0,0.0,-0.019711509742340833
1357,frozen,45,8,3,0,0,-1.0,-1.0,1,0,1,0,0.0,-0.019711509742340833
1358,frozen,45,1,5,1,0,-1.0,-1.0,1,0,1,0,0.0,-0.019711509742340833
1359,frozen,45,0,3,0,0,-1.0,-1.0,1,0,1,0,0.0,-0.019711509742340833
1360,frozen,45,1,5,1,0,-1.0,-1.0,1,0,1,0,0.0,-0.019711509742340833
1361,frozen,45,3,5,1,0,-1.0,-1.0,1,0,1,0,0.0,-0.019711509742340833
1362,frozen,45,7,3,0,0,-1.0,-1.0,1,0,1,0,0.0,-0.019711509742340833
1363,frozen,45,8,3,0,0,-1.0,-1.0,1,0,1,0,0.0,-0.019711509742340833
1364,frozen,45,4,3,0,1,1.0,1.0,0,nan,nan,nan,0.0,-0.019711509742340833
1365,frozen,45,5,2,0,0,-1.0,-1.0,1,1,0,0,0.0,-0.019711509742340833
1366,frozen,45,2,3,0,1,1.0,1.0,0,nan,nan,nan,0.0,-0.019711509742340833
1367,frozen,45,8,2,0,0,-1.0,-1.0,1,1,0,0,0.0,-0.019711509742340833
1368,frozen,45,1,5,1,0,-1.0,-1.0,1,0,1,0,0.0,-0.019711509742340833
1369,frozen,45,1,3,0,0,-1.0,-1.0,1,0,1,0,0.0,-0.019711509742340833
1370,frozen,45,0,5,1,0,-1.0,-1.0,1,0,1,0,0.0,-0.019711509742340833
1371,frozen,45,8,3,0,0,-1.0,-1.0,1,0,1,0,0.0,-0.019711509742340833
1372,frozen,45,0,3,0,0,-1.0,-1.0,1,0,1,0,0.0,-0.019711509742340833
1373,frozen,45,7,3,0,0,-1.0,-1.0,1,0,1,0,0.0,-0.019711509742340833
1374,frozen,45,8,3,0,0,-1.0,-1.0,1,0,1,0,0.0,-0.019711509742340833
1375,frozen,45,2,5,1,0,-1.0,-1.0,1,0,1,0,0.0,-0.019711509742340833
1376,frozen,45,6,3,0,0,-1.0,-1.0,1,0,1,0,0.0,-0.019711509742340833
1377,frozen,45,0,3,0,0,-1.0,-1.0,1,0,1,0,0.0,-0.019711509742340833
1378,frozen,45,6,5,1,1,1.0,1.0,0,nan,nan,nan,0.0,-0.019711509742340833
1379,frozen,45,4,6,1,0,-1.0,-1.0,1,1,0,0,0.0,-0.019711509742340833
1380,frozen,45,6,5,1,1,1.0,1.0,0,nan,nan,nan,0.0,-0.019711509742340833
1381,frozen,45,4,4,0,1,1.0,1.0,0,nan,nan,nan,0.0,-0.019711509742340833
1382,frozen,45,7,3,0,0,-1.0,-1.0,1,2,0,0,0.0,-0.019711509742340833
1383,frozen,45,2,3,0,1,1.0,1.0,0,nan,nan,nan,0.0,-0.019711509742340833
1384,frozen,45,5,4,1,1,1.0,1.0,0,nan,nan,nan,0.0,-0.019711509742340833
1385,frozen,45,8,5,1,0,-1.0,-1.0,1,2,0,0,0.0,-0.019711509742340833
1386,frozen,45,2,5,1,0,-1.0,-1.0,1,0,1,0,0.0,-0.019711509742340833
1387,frozen,45,2,5,1,0,-1.0,-1.0,1,0,1,0,0.0,-0.019711509742340833
1388,frozen,45,2,3,0,1,1.0,1.0,0,nan,nan,nan,0.0,-0.019711509742340833
1389,frozen,45,5,2,0,0,-1.0,-1.0,1,1,0,0,0.0,-0.019711509742340833
1390,frozen,45,7,3,0,0,-1.0,-1.0,1,0,1,0,0.0,-0.019711509742340833
1391,frozen,45,7,3,0,0,-1.0,-1.0,1,0,1,0,0.0,-0.019711509742340833
1392,frozen,45,4,5,1,1,1.0,1.0,0,nan,nan,nan,0.0,-0.019711509742340833
1393,frozen,45,5,6,1,1,1.0,1.0,0,nan,nan,nan,0.0,-0.019711509742340833
1394,frozen,45,7,5,0,0,-1.0,-1.0,1,2,0,0,0.0,-0.019711509742340833
1395,frozen,45,3,5,1,0,-1.0,-1.0,1,0,1,0,0.0,-0.019711509742340833
1396,frozen,45,5,5,1,1,1.0,1.0,0,nan,nan,nan,0.0,-0.019711509742340833
1397,frozen,45,6,6,1,1,1.0,1.0,0,nan,nan,nan,0.0,-0.019711509742340833
1398,frozen,45,6,5,0,1,1.0,1.0,0,nan,nan,nan,0.0,-0.019711509742340833
1399,frozen,45,1,6,1,0,-1.0,-1.0,1,3,0,1,0.0,-0.019711509742340833
1400,frozen,45,0,5,1,0,-1.0,-1.0,1,0,1,0,0.0,-0.019711509742340833
1401,frozen,45,7,3,0,0,-1.0,-1.0,1,0,1,0,0.0,-0.019711509742340833
1402,frozen,45,2,5,1,0,-1.0,-1.0,1,0,1,0,0.0,-0.019711509742340833
1403,frozen,45,8,3,0,0,-1.0,-1.0,1,0,1,0,0.0,-0.019711509742340833
1404,frozen,45,2,5,1,0,-1.0,-1.0,1,0,1,0,0.0,-0.019711509742340833
1405,frozen,45,5,5,1,1,1.0,1.0,0,nan,nan,nan,0.0,-0.019711509742340833
1406,frozen,45,7,6,1,1,1.0,1.0,0,nan,nan,nan,0.0,-0.019711509742340833
1407,frozen,45,0,7,1,0,-1.0,-1.0,1,2,0,0,0.0,-0.019711509742340833
1408,frozen,45,7,3,0,0,-1.0,-1.0,1,0,1,0,0.0,-0.019711509742340833
1409,frozen,45,1,3,0,0,-1.0,-1.0,1,0,1,0,0.0,-0.019711509742340833
1410,frozen,45,6,5,1,1,1.0,1.0,0,nan,nan,nan,0.0,-0.019711509742340833
1411,frozen,45,3,4,0,1,1.0,1.0,0,nan,nan,nan,0.0,-0.019711509742340833
1412,frozen,45,1,5,1,0,-1.0,-1.0,1,2,0,0,0.0,-0.019711509742340833
1413,frozen,45,2,3,0,1,1.0,1.0,0,nan,nan,nan,0.0,-0.019711509742340833
1414,frozen,45,5,2,0,0,-1.0,-1.0,1,1,0,0,0.0,-0.019711509742340833
1415,frozen,45,1,5,1,0,-1.0,-1.0,1,0,1,0,0.0,-0.019711509742340833
1416,frozen,45,3,5,1,0,-1.0,-1.0,1,0,1,0,0.0,-0.019711509742340833
1417,frozen,45,2,5,1,0,-1.0,-1.0,1,0,1,0,0.0,-0.019711509742340833
1418,frozen,45,3,5,1,0,-1.0,-1.0,1,0,1,0,0.0,-0.019711509742340833
1419,frozen,45,6,3,0,0,-1.0,-1.0,1,0,1,0,0.0,-0.019711509742340833
1420,frozen,45,8,5,1,0,-1.0,-1.0,1,0,1,0,0.0,-0.019711509742340833
1421,frozen,45,8,3,0,0,-1.0,-1.0,1,0,1,0,0.0,-0.019711509742340833
1422,frozen,45,3,3,0,1,1.0,1.0,0,nan,nan,nan,0.0,-0.019711509742340833
1423,frozen,45,2,4,1,0,-1.0,-1.0,1,1,0,0,0.0,-0.019711509742340833
1424,frozen,45,5,3,0,0,-1.0,-1.0,1,0,1,0,0.0,-0.019711509742340833
1425,frozen,45,4,5,1,1,1.0,1.0,0,nan,nan,nan,0.0,-0.019711509742340833
1426,frozen,45,1,4,0,0,-1.0,-1.0,1,1,0,0,0.0,-0.019711509742340833
1427,frozen,45,0,5,1,0,-1.0,-1.0,1,0,1,0,0.0,-0.019711509742340833
1428,frozen,45,6,3,0,0,-1.0,-1.0,1,0,1,0,0.0,-0.019711509742340833
1429,frozen,45,3,5,1,0,-1.0,-1.0,1,0,1,0,0.0,-0.019711509742340833
1430,frozen,45,5,5,1,1,1.0,1.0,0,nan,nan,nan,0.0,-0.019711509742340833
1431,frozen,45,8,4,0,0,-1.0,-1.0,1,1,0,0,0.0,-0.019711509742340833
1432,frozen,45,5,5,1,1,1.0,1.0,0,nan,nan,nan,0.0,-0.019711509742340833
1433,frozen,45,6,6,1,1,1.0,1.0,0,nan,nan,nan,0.0,-0.019711509742340833
1434,frozen,45,4,5,0,1,1.0,1.0,0,nan,nan,nan,0.0,-0.019711509742340833
1435,frozen,45,0,6,1,0,-1.0,-1.0,1,3,0,1,0.0,-0.019711509742340833
1436,frozen,45,8,5,1,0,-1.0,-1.0,1,0,1,0,0.0,-0.019711509742340833
1437,frozen,45,7,3,0,0,-1.0,-1.0,1,0,1,0,0.0,-0.019711509742340833
1438,frozen,45,7,3,0,0,-1.0,-1.0,1,0,1,0,0.0,-0.019711509742340833
1439,frozen,45,7,3,0,0,-1.0,-1.0,1,0,1,0,0.0,-0.019711509742340833
1440,frozen,45,1,5,1,0,-1.0,-1.0,1,0,1,0,0.0,-0.019711509742340833
1441,frozen,45,1,5,1,0,-1.0,-1.0,1,0,1,0,0.0,-0.019711509742340833
1442,frozen,45,5,5,1,1,1.0,1.0,0,nan,nan,nan,0.0,-0.019711509742340833
1443,frozen,45,7,4,0,0,-1.0,-1.0,1,1,0,0,0.0,-0.019711509742340833
1444,frozen,45,2,5,1,0,-1.0,-1.0,1,0,1,0,0.0,-0.019711509742340833
1445,frozen,45,0,3,0,0,-1.0,-1.0,1,0,1,0,0.0,-0.019711509742340833
1446,frozen,45,0,5,1,0,-1.0,-1.0,1,0,1,0,0.0,-0.019711509742340833
1447,frozen,45,7,3,0,0,-1.0,-1.0,1,0,1,0,0.0,-0.019711509742340833
1448,frozen,45,7,3,0,0,-1.0,-1.0,1,0,1,0,0.0,-0.019711509742340833
1449,frozen,45,8,3,0,0,-1.0,-1.0,1,0,1,0,0.0,-0.019711509742340833
1450,frozen,45,4,5,1,1,1.0,1.0,0,nan,nan,nan,0.0,-0.019711509742340833
1451,frozen,45,4,6,1,0,-1.0,-1.0,1,1,0,0,0.0,-0.019711509742340833
1452,frozen,45,3,5,1,0,-1.0,-1.0,1,0,1,0,0.0,-0.019711509742340833
1453,frozen,45,2,5,1,0,-1.0,-1.0,1,0,1,0,0.0,-0.019711509742340833
1454,frozen,45,6,3,0,0,-1.0,-1.0,1,0,1,0,0.0,-0.019711509742340833
1455,frozen,45,0,5,1,0,-1.0,-1.0,1,0,1,0,0.0,-0.019711509742340833
1456,frozen,45,1,3,0,0,-1.0,-1.0,1,0,1,0,0.0,-0.019711509742340833
1457,frozen,45,1,3,0,0,-1.0,-1.0,1,0,1,0,0.0,-0.019711509742340833
1458,frozen,45,2,5,1,0,-1.0,-1.0,1,0,1,0,0.0,-0.019711509742340833
1459,frozen,45,4,3,0,1,1.0,1.0,0,nan,nan,nan,0.0,-0.019711509742340833
1460,frozen,45,4,2,0,0,-1.0,-1.0,1,1,0,0,0.0,-0.019711509742340833
1461,frozen,45,4,3,0,1,1.0,1.0,0,nan,nan,nan,0.0,-0.019711509742340833
1462,frozen,45,5,2,0,0,-1.0,-1.0,1,1,0,0,0.0,-0.019711509742340833
1463,frozen,45,6,3,0,0,-1.0,-1.0,1,0,1,0,0.0,-0.019711509742340833
1464,frozen,45,5,3,0,0,-1.0,-1.0,1,0,1,0,0.0,-0.019711509742340833
1465,frozen,45,5,5,1,1,1.0,1.0,0,nan,nan,nan,0.0,-0.019711509742340833
1466,frozen,45,5,4,0,1,1.0,1.0,0,nan,nan,nan,0.0,-0.019711509742340833
1467,frozen,45,2,5,1,0,-1.0,-1.0,1,2,0,0,0.0,-0.019711509742340833
1468,frozen,45,7,3,0,0,-1.0,-1.0,1,0,1,0,0.0,-0.019711509742340833
1469,frozen,45,0,5,1,0,-1.0,-1.0,1,0,1,0,0.0,-0.019711509742340833
1470,frozen,45,4,3,0,1,1.0,1.0,0,nan,nan,nan,0.0,-0.019711509742340833
1471,frozen,45,3,4,1,1,1.0,1.0,0,nan,nan,nan,0.0,-0.019711509742340833
1472,frozen,45,3,5,1,0,-1.0,-1.0,1,2,0,0,0.0,-0.019711509742340833
1473,frozen,45,5,3,0,0,-1.0,-1.0,1,0,1,0,0.0,-0.019711509742340833
1474,frozen,45,7,3,0,0,-1.0,-1.0,1,0,1,0,0.0,-0.019711509742340833
1475,frozen,45,8,5,1,0,-1.0,-1.0,1,0,1,0,0.0,-0.019711509742340833
1476,frozen,45,0,3,0,0,-1.0,-1.0,1,0,1,0,0.0,-0.019711509742340833
1477,frozen,45,0,3,0,0,-1.0,-1.0,1,0,1,0,0.0,-0.019711509742340833
1478,frozen,45,5,3,0,0,-1.0,-1.0,1,0,1,0,0.0,-0.019711509742340833
1479,frozen,45,6,3,0,0,-1.0,-1.0,1,0,1,0,0.0,-0.019711509742340833
1480,frozen,45,3,5,1,0,-1.0,-1.0,1,0,1,0,0.0,-0.019711509742340833
1481,frozen,45,4,5,1,1,1.0,1.0,0,nan,nan,nan,0.0,-0.019711509742340833
1482,frozen,45,8,4,0,0,-1.0,-1.0,1,1,0,0,0.0,-0.019711509742340833
1483,frozen,45,8,5,1,0,-1.0,-1.0,1,0,1,0,0.0,-0.019711509742340833
1484,frozen,45,7,3,0,0,-1.0,-1.0,1,0,1,0,0.0,-0.019711509742340833
1485,frozen,45,7,5,1,0,-1.0,-1.0,1,0,1,0,0.0,-0.019711509742340833
1486,frozen,45,1,3,0,0,-1.0,-1.0,1,0,1,0,0.0,-0.019711509742340833
1487,frozen,45,6,5,1,1,1.0,1.0,0,nan,nan,nan,0.0,-0.019711509742340833
1488,frozen,45,1,4,0,0,-1.0,-1.0,1,1,0,0,0.0,-0.019711509742340833
1489,frozen,45,6,5,1,1,1.0,1.0,0,nan,nan,nan,0.0,-0.019711509742340833
1490,frozen,45,8,4,0,0,-1.0,-1.0,1,1,0,0,0.0,-0.019711509742340833
1491,frozen,45,3,5,1,0,-1.0,-1.0,1,0,1,0,0.0,-0.019711509742340833
1492,frozen,45,2,3,0,1,1.0,1.0,0,nan,nan,nan,0.0,-0.019711509742340833
1493,frozen,45,3,4,1,1,1.0,1.0,0,nan,nan,nan,0.0,-0.019711509742340833
1494,frozen,45,5,3,0,0,-1.0,-1.0,1,2,0,0,0.0,-0.019711509742340833
1495,frozen,45,8,5,1,0,-1.0,-1.0,1,0,1,0,0.0,-0.019711509742340833
1496,frozen,45,4,3,0,1,1.0,1.0,0,nan,nan,nan,0.0,-0.019711509742340833
1497,frozen,45,4,4,1,1,1.0,1.0,0,nan,nan,nan,0.0,-0.019711509742340833
1498,frozen,45,1,3,0,0,-1.0,-1.0,1,2,0,0,0.0,-0.019711509742340833
1499,frozen,45,7,3,0,0,-1.0,-1.0,1,0,1,0,0.0,-0.019711509742340833
1500,frozen,45,5,5,1,1,1.0,1.0,0,nan,nan,nan,0.0,-0.019711509742340833
1501,frozen,45,1,6,1,0,-1.0,-1.0,1,1,0,0,0.0,-0.019711509742340833
1502,frozen,45,8,3,0,0,-1.0,-1.0,1,0,1,0,0.0,-0.019711509742340833
1503,frozen,45,8,5,1,0,-1.0,-1.0,1,0,1,0,0.0,-0.019711509742340833
1504,frozen,45,8,3,0,0,-1.0,-1.0,1,0,1,0,0.0,-0.019711509742340833
1505,frozen,45,7,3,0,0,-1.0,-1.0,1,0,1,0,0.0,-0.019711509742340833
1506,frozen,45,1,3,0,0,-1.0,-1.0,1,0,1,0,0.0,-0.019711509742340833
1507,frozen,45,1,3,0,0,-1.0,-1.0,1,0,1,0,0.0,-0.019711509742340833
1508,frozen,45,4,3,0,1,1.0,1.0,0,nan,nan,nan,0.0,-0.019711509742340833
1509,frozen,45,5,4,1,1,1.0,1.0,0,nan,nan,nan,0.0,-0.019711509742340833
1510,frozen,45,4,5,1,1,1.0,1.0,0,nan,nan,nan,0.0,-0.019711509742340833
1511,frozen,45,8,4,0,0,-1.0,-1.0,1,3,0,1,0.0,-0.019711509742340833
1512,frozen,45,0,5,1,0,-1.0,-1.0,1,0,1,0,0.0,-0.019711509742340833
1513,frozen,45,3,5,1,0,-1.0,-1.0,1,0,1,0,0.0,-0.019711509742340833
1514,frozen,45,1,5,1,0,-1.0,-1.0,1,0,1,0,0.0,-0.019711509742340833
1515,frozen,45,4,5,1,1,1.0,1.0,0,nan,nan,nan,0.0,-0.019711509742340833
1516,frozen,45,0,4,0,0,-1.0,-1.0,1,1,0,0,0.0,-0.019711509742340833
1517,frozen,45,8,5,1,0,-1.0,-1.0,1,0,1,0,0.0,-0.019711509742340833
1518,frozen,45,2,3,0,1,1.0,1.0,0,nan,nan,nan,0.0,-0.019711509742340833
1519,frozen,45,0,2,0,0,-1.0,-1.0,1,1,0,0,0.0,-0.019711509742340833
1520,frozen,45,7,3,0,0,-1.0,-1.0,1,0,1,0,0.0,-0.019711509742340833
1521,frozen,45,6,3,0,0,-1.0,-1.0,1,0,1,0,0.0,-0.019711509742340833
1522,frozen,45,4,5,1,1,1.0,1.0,0,nan,nan,nan,0.0,-0.019711509742340833
1523,frozen,45,2,6,1,0,-1.0,-1.0,1,1,0,0,0.0,-0.019711509742340833
1524,frozen,45,8,3,0,0,-1.0,-1.0,1,0,1,0,0.0,-0.019711509742340833
1525,frozen,45,3,5,1,0,-1.0,-1.0,1,0,1,0,0.0,-0.019711509742340833
1526,frozen,45,6,3,0,0,-1.0,-1.0,1,0,1,0,0.0,-0.019711509742340833
1527,frozen,45,6,3,0,0,-1.0,-1.0,1,0,1,0,0.0,-0.019711509742340833
1528,frozen,45,4,3,0,1,1.0,1.0,0,nan,nan,nan,0.0,-0.019711509742340833
1529,frozen,45,8,4,1,0,-1.0,-1.0,1,1,0,0,0.0,-0.019711509742340833
1530,frozen,45,0,3,0,0,-1.0,-1.0,1,0,1,0,0.0,-0.019711509742340833
1531,frozen,45,0,3,0,0,-1.0,-1.0,1,0,1,0,0.0,-0.019711509742340833
1532,frozen,45,1,3,0,0,-1.0,-1.0,1,0,1,0,0.0,-0.019711509742340833
1533,frozen,45,4,5,1,1,1.0,1.0,0,nan,nan,nan,0.0,-0.019711509742340833
1534,frozen,45,5,6,1,1,1.0,1.0,0,nan,nan,nan,0.0,-0.019711509742340833
1535,frozen,45,6,7,1,1,1.0,1.0,0,nan,nan,nan,0.0,-0.019711509742340833
1536,frozen,45,5,6,0,1,1.0,1.0,0,nan,nan,nan,0.0,-0.019711509742340833
1537,frozen,45,7,5,0,0,-1.0,-1.0,1,4,0,1,0.0,-0.019711509742340833
1538,frozen,45,0,5,1,0,-1.0,-1.0,1,0,1,0,0.0,-0.019711509742340833
1539,frozen,45,3,5,1,0,-1.0,-1.0,1,0,1,0,0.0,-0.019711509742340833
1540,frozen,45,0,5,1,0,-1.0,-1.0,1,0,1,0,0.0,-0.019711509742340833
1541,frozen,45,3,5,1,0,-1.0,-1.0,1,0,1,0,0.0,-0.019711509742340833
1542,frozen,45,7,3,0,0,-1.0,-1.0,1,0,1,0,0.0,-0.019711509742340833
1543,frozen,45,5,3,0,0,-1.0,-1.0,1,0,1,0,0.0,-0.019711509742340833
1544,frozen,45,4,5,1,1,1.0,1.0,0,nan,nan,nan,0.0,-0.019711509742340833
1545,frozen,45,7,6,1,1,1.0,1.0,0,nan,nan,nan,0.0,-0.019711509742340833
1546,frozen,45,1,5,0,0,-1.0,-1.0,1,2,0,0,0.0,-0.019711509742340833
1547,frozen,45,1,3,0,0,-1.0,-1.0,1,0,1,0,0.0,-0.019711509742340833
1548,frozen,45,4,3,0,1,1.0,1.0,0,nan,nan,nan,0.0,-0.019711509742340833
1549,frozen,45,4,4,1,1,1.0,1.0,0,nan,nan,nan,0.0,-0.019711509742340833
1550,frozen,45,6,5,1,1,1.0,1.0,0,nan,nan,nan,0.0,-0.019711509742340833
1551,frozen,45,0,6,1,0,-1.0,-1.0,1,3,0,1,0.0,-0.019711509742340833
1552,frozen,45,6,5,1,1,1.0,1.0,0,nan,nan,nan,0.0,-0.019711509742340833
1553,frozen,45,7,4,0,0,-1.0,-1.0,1,1,0,0,0.0,-0.019711509742340833
1554,frozen,45,2,5,1,0,-1.0,-1.0,1,0,1,0,0.0,-0.019711509742340833
1555,frozen,45,4,5,1,1,1.0,1.0,0,nan,nan,nan,0.0,-0.019711509742340833
1556,frozen,45,0,4,0,0,-1.0,-1.0,1,1,0,0,0.0,-0.019711509742340833
1557,frozen,45,3,5,1,0,-1.0,-1.0,1,0,1,0,0.0,-0.019711509742340833
1558,frozen,45,6,5,1,1,1.0,1.0,0,nan,nan,nan,0.0,-0.019711509742340833
1559,frozen,45,6,6,1,1,1.0,1.0,0,nan,nan,nan,0.0,-0.019711509742340833
1560,frozen,45,3,5,0,0,-1.0,-1.0,1,2,0,0,0.0,-0.019711509742340833
1561,frozen,45,1,5,1,0,-1.0,-1.0,1,0,1,0,0.0,-0.019711509742340833
1562,frozen,45,0,3,0,0,-1.0,-1.0,1,0,1,0,0.0,-0.019711509742340833
1563,frozen,45,4,5,1,1,1.0,1.0,0,nan,nan,nan,0.0,-0.019711509742340833
1564,frozen,45,3,6,1,0,-1.0,-1.0,1,1,0,0,0.0,-0.019711509742340833
1565,frozen,45,6,3,0,0,-1.0,-1.0,1,0,1,0,0.0,-0.019711509742340833
1566,frozen,45,6,3,0,0,-1.0,-1.0,1,0,1,0,0.0,-0.019711509742340833
1567,frozen,45,6,5,1,1,1.0,1.0,0,nan,nan,nan,0.0,-0.019711509742340833
1568,frozen,45,4,6,1,0,-1.0,-1.0,1,1,0,0,0.0,-0.019711509742340833
1569,frozen,45,3,5,1,0,-1.0,-1.0,1,0,1,0,0.0,-0.019711509742340833
1570,frozen,45,8,5,1,0,-1.0,-1.0,1,0,1,0,0.0,-0.019711509742340833
1571,frozen,45,5,5,1,1,1.0,1.0,0,nan,nan,nan,0.0,-0.019711509742340833
1572,frozen,45,2,6,1,0,-1.0,-1.0,1,1,0,0,0.0,-0.019711509742340833
1573,frozen,45,3,5,1,0,-1.0,-1.0,1,0,1,0,0.0,-0.019711509742340833
1574,frozen,45,3,5,1,0,-1.0,-1.0,1,0,1,0,0.0,-0.019711509742340833
1575,frozen,45,6,5,1,1,1.0,1.0,0,nan,nan,nan,0.0,-0.019711509742340833
1576,frozen,45,4,6,1,0,-1.0,-1.0,1,1,0,0,0.0,-0.019711509742340833
1577,frozen,45,3,5,1,0,-1.0,-1.0,1,0,1,0,0.0,-0.019711509742340833
1578,frozen,45,6,3,0,0,-1.0,-1.0,1,0,1,0,0.0,-0.019711509742340833
1579,frozen,45,1,3,0,0,-1.0,-1.0,1,0,1,0,0.0,-0.019711509742340833
1580,frozen,45,5,3,0,0,-1.0,-1.0,1,0,1,0,0.0,-0.019711509742340833
1581,frozen,45,7,3,0,0,-1.0,-1.0,1,0,1,0,0.0,-0.019711509742340833
1582,frozen,45,2,5,1,0,-1.0,-1.0,1,0,1,0,0.0,-0.019711509742340833
1583,frozen,45,6,5,1,1,1.0,1.0,0,nan,nan,nan,0.0,-0.019711509742340833
1584,frozen,45,2,6,1,0,-1.0,-1.0,1,1,0,0,0.0,-0.019711509742340833
1585,frozen,45,7,3,0,0,-1.0,-1.0,1,0,1,0,0.0,-0.019711509742340833
1586,frozen,45,3,5,1,0,-1.0,-1.0,1,0,1,0,0.0,-0.019711509742340833
1587,frozen,45,8,3,0,0,-1.0,-1.0,1,0,1,0,0.0,-0.019711509742340833
1588,frozen,45,1,3,0,0,-1.0,-1.0,1,0,1,0,0.0,-0.019711509742340833
1589,frozen,45,2,3,0,1,1.0,1.0,0,nan,nan,nan,0.0,-0.019711509742340833
1590,frozen,45,5,4,1,1,1.0,1.0,0,nan,nan,nan,0.0,-0.019711509742340833
1591,frozen,45,5,5,1,1,1.0,1.0,0,nan,nan,nan,0.0,-0.019711509742340833
1592,frozen,45,0,4,0,0,-1.0,-1.0,1,3,0,1,0.0,-0.019711509742340833
1593,frozen,45,2,5,1,0,-1.0,-1.0,1,0,1,0,0.0,-0.019711509742340833
1594,frozen,45,5,3,0,0,-1.0,-1.0,1,0,1,0,0.0,-0.019711509742340833
1595,frozen,45,0,3,0,0,-1.0,-1.0,1,0,1,0,0.0,-0.019711509742340833
1596,frozen,45,2,5,1,0,-1.0,-1.0,1,0,1,0,0.0,-0.019711509742340833
1597,frozen,45,0,3,0,0,-1.0,-1.0,1,0,1,0,0.0,-0.019711509742340833
1598,frozen,45,7,3,0,0,-1.0,-1.0,1,0,1,0,0.0,-0.019711509742340833
1599,frozen,45,1,3,0,0,-1.0,-1.0,1,0,1,0,0.0,-0.019711509742340833
1600,frozen,45,7,3,0,0,-1.0,-1.0,1,0,1,0,0.0,-0.019711509742340833
1601,frozen,45,8,5,1,0,-1.0,-1.0,1,0,1,0,0.0,-0.019711509742340833
1602,frozen,45,3,5,1,0,-1.0,-1.0,1,0,1,0,0.0,-0.019711509742340833
1603,frozen,45,1,3,0,0,-1.0,-1.0,1,0,1,0,0.0,-0.019711509742340833
1604,frozen,45,0,5,1,0,-1.0,-1.0,1,0,1,0,0.0,-0.019711509742340833
1605,frozen,45,6,5,1,1,1.0,1.0,0,nan,nan,nan,0.0,-0.019711509742340833
1606,frozen,45,2,4,0,0,-1.0,-1.0,1,1,0,0,0.0,-0.019711509742340833
1607,frozen,45,7,5,1,0,-1.0,-1.0,1,0,1,0,0.0,-0.019711509742340833
1608,frozen,45,0,5,1,0,-1.0,-1.0,1,0,1,0,0.0,-0.019711509742340833
1609,frozen,45,8,3,0,0,-1.0,-1.0,1,0,1,0,0.0,-0.019711509742340833
1610,frozen,45,6,3,0,0,-1.0,-1.0,1,0,1,0,0.0,-0.019711509742340833
1611,frozen,45,5,5,1,1,1.0,1.0,0,nan,nan,nan,0.0,-0.019711509742340833
1612,frozen,45,7,6,1,1,1.0,1.0,0,nan,nan,nan,0.0,-0.019711509742340833
1613,frozen,45,8,7,1,1,1.0,1.0,0,nan,nan,nan,0.0,-0.019711509742340833
1614,frozen,45,8,6,0,0,-1.0,-1.0,1,3,0,1,0.0,-0.019711509742340833
1615,frozen,45,5,5,1,1,1.0,1.0,0,nan,nan,nan,0.0,-0.019711509742340833
1616,frozen,45,1,6,1,0,-1.0,-1.0,1,1,0,0,0.0,-0.019711509742340833
1617,frozen,45,4,3,0,1,1.0,1.0,0,nan,nan,nan,0.0,-0.019711509742340833
1618,frozen,45,8,2,0,0,-1.0,-1.0,1,1,0,0,0.0,-0.019711509742340833
1619,frozen,45,2,3,0,1,1.0,1.0,0,nan,nan,nan,0.0,-0.019711509742340833
1620,frozen,45,0,4,1,0,-1.0,-1.0,1,1,0,0,0.0,-0.019711509742340833
1621,frozen,45,8,3,0,0,-1.0,-1.0,1,0,1,0,0.0,-0.019711509742340833
1622,frozen,45,0,3,0,0,-1.0,-1.0,1,0,1,0,0.0,-0.019711509742340833
1623,frozen,45,3,5,1,0,-1.0,-1.0,1,0,1,0,0.0,-0.019711509742340833
1624,frozen,45,1,5,1,0,-1.0,-1.0,1,0,1,0,0.0,-0.019711509742340833
1625,frozen,45,8,3,0,0,-1.0,-1.0,1,0,1,0,0.0,-0.019711509742340833
1626,frozen,45,2,5,1,0,-1.0,-1.0,1,0,1,0,0.0,-0.019711509742340833
1627,frozen,45,4,5,1,1,1.0,1.0,0,nan,nan,nan,0.0,-0.019711509742340833
1628,frozen,45,1,6,1,0,-1.0,-1.0,1,1,0,0,0.0,-0.019711509742340833
1629,frozen,45,7,3,0,0,-1.0,-1.0,1,0,1,0,0.0,-0.019711509742340833
1630,frozen,45,3,5,1,0,-1.0,-1.0,1,0,1,0,0.0,-0.019711509742340833
1631,frozen,45,8,3,0,0,-1.0,-1.0,1,0,1,0,0.0,-0.019711509742340833
1632,frozen,45,7,3,0,0,-1.0,-1.0,1,0,1,0,0.0,-0.019711509742340833
1633,frozen,45,0,5,1,0,-1.0,-1.0,1,0,1,0,0.0,-0.019711509742340833
1634,frozen,45,0,5,1,0,-1.0,-1.0,1,0,1,0,0.0,-0.019711509742340833
1635,frozen,45,5,5,1,1,1.0,1.0,0,nan,nan,nan,0.0,-0.019711509742340833
1636,frozen,45,7,4,0,0,-1.0,-1.0,1,1,0,0,0.0,-0.019711509742340833
1637,frozen,45,4,5,1,1,1.0,1.0,0,nan,nan,nan,0.0,-0.019711509742340833
1638,frozen,45,8,4,0,0,-1.0,-1.0,1,1,0,0,0.0,-0.019711509742340833
1639,frozen,45,0,5,1,0,-1.0,-1.0,1,0,1,0,0.0,-0.019711509742340833
1640,frozen,45,0,3,0,0,-1.0,-1.0,1,0,1,0,0.0,-0.019711509742340833
1641,frozen,45,6,5,1,1,1.0,1.0,0,nan,nan,nan,0.0,-0.019711509742340833
1642,frozen,45,1,6,1,0,-1.0,-1.0,1,1,0,0,0.0,-0.019711509742340833
1643,frozen,45,3,5,1,0,-1.0,-1.0,1,0,1,0,0.0,-0.019711509742340833
1644,frozen,45,5,5,1,1,1.0,1.0,0,nan,nan,nan,0.0,-0.019711509742340833
1645,frozen,45,5,4,0,1,1.0,1.0,0,nan,nan,nan,0.0,-0.019711509742340833
1646,frozen,45,1,3,0,0,-1.0,-1.0,1,2,0,0,0.0,-0.019711509742340833
1647,frozen,45,7,3,0,0,-1.0,-1.0,1,0,1,0,0.0,-0.019711509742340833
1648,frozen,45,4,3,0,1,1.0,1.0,0,nan,nan,nan,0.0,-0.019711509742340833
1649,frozen,45,4,4,1,1,1.0,1.0,0,nan,nan,nan,0.0,-0.019711509742340833
1650,frozen,45,3,5,1,0,-1.0,-1.0,1,2,0,0,0.0,-0.019711509742340833
1651,frozen,45,7,3,0,0,-1.0,-1.0,1,0,1,0,0.0,-0.019711509742340833
1652,frozen,45,1,3,0,0,-1.0,-1.0,1,0,1,0,0.0,-0.019711509742340833
1653,frozen,45,8,3,0,0,-1.0,-1.0,1,0,1,0,0.0,-0.019711509742340833
1654,frozen,45,3,5,1,0,-1.0,-1.0,1,0,1,0,0.0,-0.019711509742340833
1655,frozen,45,2,3,0,1,1.0,1.0,0,nan,nan,nan,0.0,-0.019711509742340833
1656,frozen,45,4,4,1,1,1.0,1.0,0,nan,nan,nan,0.0,-0.019711509742340833
1657,frozen,45,0,5,1,0,-1.0,-1.0,1,2,0,0,0.0,-0.019711509742340833
1658,frozen,45,8,3,0,0,-1.0,-1.0,1,0,1,0,0.0,-0.019711509742340833
1659,frozen,45,0,5,1,0,-1.0,-1.0,1,0,1,0,0.0,-0.019711509742340833
1660,frozen,45,3,3,0,1,1.0,1.0,0,nan,nan,nan,0.0,-0.019711509742340833
1661,frozen,45,2,4,1,0,-1.0,-1.0,1,1,0,0,0.0,-0.019711509742340833
1662,frozen,45,6,5,1,1,1.0,1.0,0,nan,nan,nan,0.0,-0.019711509742340833
1663,frozen,45,1,4,0,0,-1.0,-1.0,1,1,0,0,0.0,-0.019711509742340833
1664,frozen,45,1,3,0,0,-1.0,-1.0,1,0,1,0,0.0,-0.019711509742340833
1665,frozen,45,6,3,0,0,-1.0,-1.0,1,0,1,0,0.0,-0.019711509742340833
1666,frozen,45,8,3,0,0,-1.0,-1.0,1,0,1,0,0.0,-0.019711509742340833
1667,frozen,45,1,5,1,0,-1.0,-1.0,1,0,1,0,0.0,-0.019711509742340833
1668,frozen,45,0,3,0,0,-1.0,-1.0,1,0,1,0,0.0,-0.019711509742340833
1669,frozen,45,2,5,1,0,-1.0,-1.0,1,0,1,0,0.0,-0.019711509742340833
1670,frozen,45,4,5,1,1,1.0,1.0,0,nan,nan,nan,0.0,-0.019711509742340833
1671,frozen,45,2,6,1,0,-1.0,-1.0,1,1,0,0,0.0,-0.019711509742340833
1672,frozen,45,6,3,0,0,-1.0,-1.0,1,0,1,0,0.0,-0.019711509742340833
1673,frozen,45,8,3,0,0,-1.0,-1.0,1,0,1,0,0.0,-0.019711509742340833
1674,frozen,45,3,5,1,0,-1.0,-1.0,1,0,1,0,0.0,-0.019711509742340833
1675,frozen,45,2,5,1,0,-1.0,-1.0,1,0,1,0,0.0,-0.019711509742340833
1676,frozen,45,7,3,0,0,-1.0,-1.0,1,0,1,0,0.0,-0.019711509742340833
1677,frozen,45,5,3,0,0,-1.0,-1.0,1,0,1,0,0.0,-0.019711509742340833
1678,frozen,45,4,5,1,1,1.0,1.0,0,nan,nan,nan,0.0,-0.019711509742340833
1679,frozen,45,8,4,0,0,-1.0,-1.0,1,1,0,0,0.0,-0.019711509742340833
1680,frozen,45,5,3,0,0,-1.0,-1.0,1,0,1,0,0.0,-0.019711509742340833
1681,frozen,45,6,5,1,1,1.0,1.0,0,nan,nan,nan,0.0,-0.019711509742340833
1682,frozen,45,1,6,1,0,-1.0,-1.0,1,1,0,0,0.0,-0.019711509742340833
1683,frozen,45,7,3,0,0,-1.0,-1.0,1,0,1,0,0.0,-0.019711509742340833
1684,frozen,45,7,3,0,0,-1.0,-1.0,1,0,1,0,0.0,-0.019711509742340833
1685,frozen,45,6,5,1,1,1.0,1.0,0,nan,nan,nan,0.0,-0.019711509742340833
1686,frozen,45,8,4,0,0,-1.0,-1.0,1,1,0,0,0.0,-0.019711509742340833
1687,frozen,45,4,3,0,1,1.0,1.0,0,nan,nan,nan,0.0,-0.019711509742340833
1688,frozen,45,0,2,0,0,-1.0,-1.0,1,1,0,0,0.0,-0.019711509742340833
1689,frozen,45,3,5,1,0,-1.0,-1.0,1,0,1,0,0.0,-0.019711509742340833
1690,frozen,45,3,5,1,0,-1.0,-1.0,1,0,1,0,0.0,-0.019711509742340833
1691,frozen,45,3,5,1,0,-1.0,-1.0,1,0,1,0,0.0,-0.019711509742340833
1692,frozen,45,3,5,1,0,-1.0,-1.0,1,0,1,0,0.0,-0.019711509742340833
1693,frozen,45,3,5,1,0,-1.0,-1.0,1,0,1,0,0.0,-0.019711509742340833
1694,frozen,45,2,5,1,0,-1.0,-1.0,1,0,1,0,0.0,-0.019711509742340833
1695,frozen,45,4,3,0,1,1.0,1.0,0,nan,nan,nan,0.0,-0.019711509742340833
1696,frozen,45,2,4,1,0,-1.0,-1.0,1,1,0,0,0.0,-0.019711509742340833
1697,frozen,45,0,5,1,0,-1.0,-1.0,1,0,1,0,0.0,-0.019711509742340833
1698,frozen,45,7,3,0,0,-1.0,-1.0,1,0,1,0,0.0,-0.019711509742340833
1699,frozen,45,3,5,1,0,-1.0,-1.0,1,0,1,0,0.0,-0.019711509742340833
1700,frozen,45,2,3,0,1,1.0,1.0,0,nan,nan,nan,0.0,-0.019711509742340833
1701,frozen,45,6,2,0,0,-1.0,-1.0,1,1,0,0,0.0,-0.019711509742340833
1702,frozen,45,7,3,0,0,-1.0,-1.0,1,0,1,0,0.0,-0.019711509742340833
1703,frozen,45,8,5,1,0,-1.0,-1.0,1,0,1,0,0.0,-0.019711509742340833
1704,frozen,45,1,5,1,0,-1.0,-1.0,1,0,1,0,0.0,-0.019711509742340833
1705,frozen,45,4,5,1,1,1.0,1.0,0,nan,nan,nan,0.0,-0.019711509742340833
1706,frozen,45,5,6,1,1,1.0,1.0,0,nan,nan,nan,0.0,-0.019711509742340833
1707,frozen,45,5,7,1,0,-1.0,-1.0,1,2,0,0,0.0,-0.019711509742340833
1708,frozen,45,2,5,1,0,-1.0,-1.0,1,0,1,0,0.0,-0.019711509742340833
1709,frozen,45,1,5,1,0,-1.0,-1.0,1,0,1,0,0.0,-0.019711509742340833
1710,frozen,45,0,3,0,0,-1.0,-1.0,1,0,1,0,0.0,-0.019711509742340833
1711,frozen,45,1,5,1,0,-1.0,-1.0,1,0,1,0,0.0,-0.019711509742340833
1712,frozen,45,8,5,1,0,-1.0,-1.0,1,0,1,0,0.0,-0.019711509742340833
1713,frozen,45,4,3,0,1,1.0,1.0,0,nan,nan,nan,0.0,-0.019711509742340833
1714,frozen,45,5,4,1,1,1.0,1.0,0,nan,nan,nan,0.0,-0.019711509742340833
1715,frozen,45,5,3,0,0,-1.0,-1.0,1,2,0,0,0.0,-0.019711509742340833
1716,frozen,45,4,3,0,1,1.0,1.0,0,nan,nan,nan,0.0,-0.019711509742340833
1717,frozen,45,0,2,0,0,-1.0,-1.0,1,1,0,0,0.0,-0.019711509742340833
1718,frozen,45,2,3,0,1,1.0,1.0,0,nan,nan,nan,0.0,-0.019711509742340833
1719,frozen,45,2,4,1,0,-1.0,-1.0,1,1,0,0,0.0,-0.019711509742340833
1720,frozen,45,0,3,0,0,-1.0,-1.0,1,0,1,0,0.0,-0.019711509742340833
1721,frozen,45,1,5,1,0,-1.0,-1.0,1,0,1,0,0.0,-0.019711509742340833
1722,frozen,45,8,3,0,0,-1.0,-1.0,1,0,1,0,0.0,-0.019711509742340833
1723,frozen,45,2,3,0,1,1.0,1.0,0,nan,nan,nan,0.0,-0.019711509742340833
1724,frozen,45,3,4,1,1,1.0,1.0,0,nan,nan,nan,0.0,-0.019711509742340833
1725,frozen,45,7,3,0,0,-1.0,-1.0,1,2,0,0,0.0,-0.019711509742340833
1726,frozen,45,1,5,1,0,-1.0,-1.0,1,0,1,0,0.0,-0.019711509742340833
1727,frozen,45,5,5,1,1,1.0,1.0,0,nan,nan,nan,0.0,-0.019711509742340833
1728,frozen,45,3,6,1,0,-1.0,-1.0,1,1,0,0,0.0,-0.019711509742340833
1729,frozen,45,1,3,0,0,-1.0,-1.0,1,0,1,0,0.0,-0.019711509742340833
1730,frozen,45,0,5,1,0,-1.0,-1.0,1,0,1,0,0.0,-0.019711509742340833
1731,frozen,45,0,3,0,0,-1.0,-1.0,1,0,1,0,0.0,-0.019711509742340833
1732,frozen,45,6,5,1,1,1.0,1.0,0,nan,nan,nan,0.0,-0.019711509742340833
1733,frozen,45,7,6,1,1,1.0,1.0,0,nan,nan,nan,0.0,-0.019711509742340833
1734,frozen,45,5,7,1,0,-1.0,-1.0,1,2,0,0,0.0,-0.019711509742340833
1735,frozen,45,5,3,0,0,-1.0,-1.0,1,0,1,0,0.0,-0.019711509742340833
1736,frozen,45,3,5,1,0,-1.0,-1.0,1,0,1,0,0.0,-0.019711509742340833
1737,frozen,45,8,3,0,0,-1.0,-1.0,1,0,1,0,0.0,-0.019711509742340833
1738,frozen,45,3,5,1,0,-1.0,-1.0,1,0,1,0,0.0,-0.019711509742340833
1739,frozen,45,3,5,1,0,-1.0,-1.0,1,0,1,0,0.0,-0.019711509742340833
1740,frozen,45,1,3,0,0,-1.0,-1.0,1,0,1,0,0.0,-0.019711509742340833
1741,frozen,45,8,3,0,0,-1.0,-1.0,1,0,1,0,0.0,-0.019711509742340833
1742,frozen,45,0,3,0,0,-1.0,-1.0,1,0,1,0,0.0,-0.019711509742340833
1743,frozen,45,5,5,1,1,1.0,1.0,0,nan,nan,nan,0.0,-0.019711509742340833
1744,frozen,45,4,6,1,0,-1.0,-1.0,1,1,0,0,0.0,-0.019711509742340833
1745,frozen,45,2,5,1,0,-1.0,-1.0,1,0,1,0,0.0,-0.019711509742340833
1746,frozen,45,0,5,1,0,-1.0,-1.0,1,0,1,0,0.0,-0.019711509742340833
1747,frozen,45,5,5,1,1,1.0,1.0,0,nan,nan,nan,0.0,-0.019711509742340833
1748,frozen,45,5,4,0,1,1.0,1.0,0,nan,nan,nan,0.0,-0.019711509742340833
1749,frozen,45,8,3,0,0,-1.0,-1.0,1,2,0,0,0.0,-0.019711509742340833
1750,frozen,45,1,5,1,0,-1.0,-1.0,1,0,1,0,0.0,-0.019711509742340833
1751,frozen,45,6,3,0,0,-1.0,-1.0,1,0,1,0,0.0,-0.019711509742340833
1752,frozen,45,0,3,0,0,-1.0,-1.0,1,0,1,0,0.0,-0.019711509742340833
1753,frozen,45,5,5,1,1,1.0,1.0,0,nan,nan,nan,0.0,-0.019711509742340833
1754,frozen,45,8,4,0,0,-1.0,-1.0,1,1,0,0,0.0,-0.019711509742340833
1755,frozen,45,5,3,0,0,-1.0,-1.0,1,0,1,0,0.0,-0.019711509742340833
1756,frozen,45,4,5,1,1,1.0,1.0,0,nan,nan,nan,0.0,-0.019711509742340833
1757,frozen,45,5,4,0,1,1.0,1.0,0,nan,nan,nan,0.0,-0.019711509742340833
1758,frozen,45,0,5,1,0,-1.0,-1.0,1,2,0,0,0.0,-0.019711509742340833
1759,frozen,45,3,5,1,0,-1.0,-1.0,1,0,1,0,0.0,-0.019711509742340833
1760,frozen,45,0,5,1,0,-1.0,-1.0,1,0,1,0,0.0,-0.019711509742340833
1761,frozen,45,8,3,0,0,-1.0,-1.0,1,0,1,0,0.0,-0.019711509742340833
1762,frozen,45,3,5,1,0,-1.0,-1.0,1,0,1,0,0.0,-0.019711509742340833
1763,frozen,45,4,5,1,1,1.0,1.0,0,nan,nan,nan,0.0,-0.019711509742340833
1764,frozen,45,2,6,1,0,-1.0,-1.0,1,1,0,0,0.0,-0.019711509742340833
1765,frozen,45,1,3,0,0,-1.0,-1.0,1,0,1,0,0.0,-0.019711509742340833
1766,frozen,45,3,5,1,0,-1.0,-1.0,1,0,1,0,0.0,-0.019711509742340833
1767,frozen,45,1,5,1,0,-1.0,-1.0,1,0,1,0,0.0,-0.019711509742340833
1768,frozen,45,5,5,1,1,1.0,1.0,0,nan,nan,nan,0.0,-0.019711509742340833
1769,frozen,45,0,6,1,0,-1.0,-1.0,1,1,0,0,0.0,-0.019711509742340833
1770,frozen,45,0,5,1,0,-1.0,-1.0,1,0,1,0,0.0,-0.019711509742340833
1771,frozen,45,5,3,0,0,-1.0,-1.0,1,0,1,0,0.0,-0.019711509742340833
1772,frozen,45,4,5,1,1,1.0,1.0,0,nan,nan,nan,0.0,-0.019711509742340833
1773,frozen,45,7,4,0,0,-1.0,-1.0,1,1,0,0,0.0,-0.019711509742340833
1774,frozen,45,0,5,1,0,-1.0,-1.0,1,0,1,0,0.0,-0.019711509742340833
1775,frozen,45,8,5,1,0,-1.0,-1.0,1,0,1,0,0.0,-0.019711509742340833
1776,frozen,45,1,3,0,0,-1.0,-1.0,1,0,1,0,0.0,-0.019711509742340833
1777,frozen,45,2,5,1,0,-1.0,-1.0,1,0,1,0,0.0,-0.019711509742340833
1778,frozen,45,6,3,0,0,-1.0,-1.0,1,0,1,0,0.0,-0.019711509742340833
1779,frozen,45,1,5,1,0,-1.0,-1.0,1,0,1,0,0.0,-0.019711509742340833
1780,frozen,45,8,3,0,0,-1.0,-1.0,1,0,1,0,0.0,-0.019711509742340833
1781,frozen,45,7,3,0,0,-1.0,-1.0,1,0,1,0,0.0,-0.019711509742340833
1782,frozen,45,4,5,1,1,1.0,1.0,0,nan,nan,nan,0.0,-0.019711509742340833
1783,frozen,45,3,4,0,1,1.0,1.0,0,nan,nan,nan,0.0,-0.019711509742340833
1784,frozen,45,3,5,1,0,-1.0,-1.0,1,2,0,0,0.0,-0.019711509742340833
1785,frozen,45,5,5,1,1,1.0,1.0,0,nan,nan,nan,0.0,-0.019711509742340833
1786,frozen,45,4,4,0,1,1.0,1.0,0,nan,nan,nan,0.0,-0.019711509742340833
1787,frozen,45,5,3,0,0,-1.0,-1.0,1,2,0,0,0.0,-0.019711509742340833
1788,frozen,45,5,3,0,0,-1.0,-1.0,1,0,1,0,0.0,-0.019711509742340833
1789,frozen,45,4,3,0,1,1.0,1.0,0,nan,nan,nan,0.0,-0.019711509742340833
1790,frozen,45,4,4,1,1,1.0,1.0,0,nan,nan,nan,0.0,-0.019711509742340833
1791,frozen,45,0,5,1,0,-1.0,-1.0,1,2,0,0,0.0,-0.019711509742340833
1792,frozen,45,3,5,1,0,-1.0,-1.0,1,0,1,0,0.0,-0.019711509742340833
1793,frozen,45,8,3,0,0,-1.0,-1.0,1,0,1,0,0.0,-0.019711509742340833
1794,frozen,45,6,3,0,0,-1.0,-1.0,1,0,1,0,0.0,-0.019711509742340833
1795,frozen,45,5,3,0,0,-1.0,-1.0,1,0,1,0,0.0,-0.019711509742340833
1796,frozen,45,1,5,1,0,-1.0,-1.0,1,0,1,0,0.0,-0.019711509742340833
1797,frozen,45,1,5,1,0,-1.0,-1.0,1,0,1,0,0.0,-0.019711509742340833
1798,frozen,45,2,3,0,1,1.0,1.0,0,nan,nan,nan,0.0,-0.019711509742340833
1799,frozen,45,7,4,1,0,-1.0,-1.0,1,1,0,0,0.0,-0.019711509742340833
1800,frozen,45,3,5,1,0,-1.0,-1.0,1,0,1,0,0.0,-0.019711509742340833
1801,frozen,45,3,5,1,0,-1.0,-1.0,1,0,1,0,0.0,-0.019711509742340833
1802,frozen,45,7,5,1,0,-1.0,-1.0,1,0,1,0,0.0,-0.019711509742340833
1803,frozen,45,1,3,0,0,-1.0,-1.0,1,0,1,0,0.0,-0.019711509742340833
1804,frozen,45,7,3,0,0,-1.0,-1.0,1,0,1,0,0.0,-0.019711509742340833
1805,frozen,45,1,3,0,0,-1.0,-1.0,1,0,1,0,0.0,-0.019711509742340833
1806,frozen,45,6,5,1,1,1.0,1.0,0,nan,nan,nan,0.0,-0.019711509742340833
1807,frozen,45,5,6,1,1,1.0,1.0,0,nan,nan,nan,0.0,-0.019711509742340833
1808,frozen,45,7,7,1,1,1.0,1.0,0,nan,nan,nan,0.0,-0.019711509742340833
1809,frozen,45,1,8,1,0,-1.0,-1.0,1,3,0,1,0.0,-0.019711509742340833
1810,frozen,45,7,3,0,0,-1.0,-1.0,1,0,1,0,0.0,-0.019711509742340833
1811,frozen,45,4,5,1,1,1.0,1.0,0,nan,nan,nan,0.0,-0.019711509742340833
1812,frozen,45,0,6,1,0,-1.0,-1.0,1,1,0,0,0.0,-0.019711509742340833
1813,frozen,45,6,5,1,1,1.0,1.0,0,nan,nan,nan,0.0,-0.019711509742340833
1814,frozen,45,2,6,1,0,-1.0,-1.0,1,1,0,0,0.0,-0.019711509742340833
1815,frozen,45,4,3,0,1,1.0,1.0,0,nan,nan,nan,0.0,-0.019711509742340833
1816,frozen,45,8,4,1,0,-1.0,-1.0,1,1,0,0,0.0,-0.019711509742340833
1817,frozen,45,6,5,1,1,1.0,1.0,0,nan,nan,nan,0.0,-0.019711509742340833
1818,frozen,45,5,4,0,1,1.0,1.0,0,nan,nan,nan,0.0,-0.019711509742340833
1819,frozen,45,5,3,0,0,-1.0,-1.0,1,2,0,0,0.0,-0.019711509742340833
1820,frozen,45,1,5,1,0,-1.0,-1.0,1,0,1,0,0.0,-0.019711509742340833
1821,frozen,45,4,5,1,1,1.0,1.0,0,nan,nan,nan,0.0,-0.019711509742340833
1822,frozen,45,8,4,0,0,-1.0,-1.0,1,1,0,0,0.0,-0.019711509742340833
1823,frozen,45,4,5,1,1,1.0,1.0,0,nan,nan,nan,0.0,-0.019711509742340833
1824,frozen,45,8,4,0,0,-1.0,-1.0,1,1,0,0,0.0,-0.019711509742340833
1825,frozen,45,0,3,0,0,-1.0,-1.0,1,0,1,0,0.0,-0.019711509742340833
1826,frozen,45,4,3,0,1,1.0,1.0,0,nan,nan,nan,0.0,-0.019711509742340833
1827,frozen,45,3,2,0,1,1.0,1.0,0,nan,nan,nan,0.0,-0.019711509742340833
1828,frozen,45,3,1,0,0,-1.0,-1.0,1,2,0,0,0.0,-0.019711509742340833
1829,frozen,45,3,5,1,0,-1.0,-1.0,1,0,1,0,0.0,-0.019711509742340833
1830,frozen,45,3,5,1,0,-1.0,-1.0,1,0,1,0,0.0,-0.019711509742340833
1831,frozen,45,6,3,0,0,-1.0,-1.0,1,0,1,0,0.0,-0.019711509742340833
1832,frozen,45,1,5,1,0,-1.0,-1.0,1,0,1,0,0.0,-0.019711509742340833
1833,frozen,45,3,5,1,0,-1.0,-1.0,1,0,1,0,0.0,-0.019711509742340833
1834,frozen,45,1,3,0,0,-1.0,-1.0,1,0,1,0,0.0,-0.019711509742340833
1835,frozen,45,0,5,1,0,-1.0,-1.0,1,0,1,0,0.0,-0.019711509742340833
1836,frozen,45,8,3,0,0,-1.0,-1.0,1,0,1,0,0.0,-0.019711509742340833
1837,frozen,45,0,3,0,0,-1.0,-1.0,1,0,1,0,0.0,-0.019711509742340833
1838,frozen,45,8,3,0,0,-1.0,-1.0,1,0,1,0,0.0,-0.019711509742340833
1839,frozen,45,5,5,1,1,1.0,1.0,0,nan,nan,nan,0.0,-0.019711509742340833
1840,frozen,45,0,6,1,0,-1.0,-1.0,1,1,0,0,0.0,-0.019711509742340833
1841,frozen,45,1,5,1,0,-1.0,-1.0,1,0,1,0,0.0,-0.019711509742340833
1842,frozen,45,5,3,0,0,-1.0,-1.0,1,0,1,0,0.0,-0.019711509742340833
1843,frozen,45,5,5,1,1,1.0,1.0,0,nan,nan,nan,0.0,-0.019711509742340833
1844,frozen,45,2,6,1,0,-1.0,-1.0,1,1,0,0,0.0,-0.019711509742340833
1845,frozen,45,2,5,1,0,-1.0,-1.0,1,0,1,0,0.0,-0.019711509742340833
1846,frozen,45,4,5,1,1,1.0,1.0,0,nan,nan,nan,0.0,-0.019711509742340833
1847,frozen,45,7,6,1,1,1.0,1.0,0,nan,nan,nan,0.0,-0.019711509742340833
1848,frozen,45,8,5,0,0,-1.0,-1.0,1,2,0,0,0.0,-0.019711509742340833
1849,frozen,45,1,5,1,0,-1.0,-1.0,1,0,1,0,0.0,-0.019711509742340833
1850,frozen,45,8,3,0,0,-1.0,-1.0,1,0,1,0,0.0,-0.019711509742340833
1851,frozen,45,5,5,1,1,1.0,1.0,0,nan,nan,nan,0.0,-0.019711509742340833
1852,frozen,45,5,4,0,1,1.0,1.0,0,nan,nan,nan,0.0,-0.019711509742340833
1853,frozen,45,2,3,0,1,1.0,1.0,0,nan,nan,nan,0.0,-0.019711509742340833
1854,frozen,45,0,2,0,0,-1.0,-1.0,1,3,0,1,0.0,-0.019711509742340833
1855,frozen,45,6,3,0,0,-1.0,-1.0,1,0,1,0,0.0,-0.019711509742340833
1856,frozen,45,2,5,1,0,-1.0,-1.0,1,0,1,0,0.0,-0.019711509742340833
1857,frozen,45,2,5,1,0,-1.0,-1.0,1,0,1,0,0.0,-0.019711509742340833
1858,frozen,45,8,5,1,0,-1.0,-1.0,1,0,1,0,0.0,-0.019711509742340833
1859,frozen,45,1,3,0,0,-1.0,-1.0,1,0,1,0,0.0,-0.019711509742340833
1860,frozen,45,0,5,1,0,-1.0,-1.0,1,0,1,0,0.0,-0.019711509742340833
1861,frozen,45,4,3,0,1,1.0,1.0,0,nan,nan,nan,0.0,-0.019711509742340833
1862,frozen,45,3,2,0,1,1.0,1.0,0,nan,nan,nan,0.0,-0.019711509742340833
1863,frozen,45,7,3,1,0,-1.0,-1.0,1,2,0,0,0.0,-0.019711509742340833
1864,frozen,45,5,3,0,0,-1.0,-1.0,1,0,1,0,0.0,-0.019711509742340833
1865,frozen,45,3,5,1,0,-1.0,-1.0,1,0,1,0,0.0,-0.019711509742340833
1866,frozen,45,3,5,1,0,-1.0,-1.0,1,0,1,0,0.0,-0.019711509742340833
1867,frozen,45,5,5,1,1,1.0,1.0,0,nan,nan,nan,0.0,-0.019711509742340833
1868,frozen,45,8,4,0,0,-1.0,-1.0,1,1,0,0,0.0,-0.019711509742340833
1869,frozen,45,0,5,1,0,-1.0,-1.0,1,0,1,0,0.0,-0.019711509742340833
1870,frozen,45,4,5,1,1,1.0,1.0,0,nan,nan,nan,0.0,-0.019711509742340833
1871,frozen,45,5,4,0,1,1.0,1.0,0,nan,nan,nan,0.0,-0.019711509742340833
1872,frozen,45,6,3,0,0,-1.0,-1.0,1,2,0,0,0.0,-0.019711509742340833
1873,frozen,45,2,5,1,0,-1.0,-1.0,1,0,1,0,0.0,-0.019711509742340833
1874,frozen,45,2,3,0,1,1.0,1.0,0,nan,nan,nan,0.0,-0.019711509742340833
1875,frozen,45,8,4,1,0,-1.0,-1.0,1,1,0,0,0.0,-0.019711509742340833
1876,frozen,45,2,3,0,1,1.0,1.0,0,nan,nan,nan,0.0,-0.019711509742340833
1877,frozen,45,7,4,1,0,-1.0,-1.0,1,1,0,0,0.0,-0.019711509742340833
1878,frozen,45,5,3,0,0,-1.0,-1.0,1,0,1,0,0.0,-0.019711509742340833
1879,frozen,45,1,5,1,0,-1.0,-1.0,1,0,1,0,0.0,-0.019711509742340833
1880,frozen,45,7,3,0,0,-1.0,-1.0,1,0,1,0,0.0,-0.019711509742340833
1881,frozen,45,6,5,1,1,1.0,1.0,0,nan,nan,nan,0.0,-0.019711509742340833
1882,frozen,45,5,6,1,1,1.0,1.0,0,nan,nan,nan,0.0,-0.019711509742340833
1883,frozen,45,0,5,0,0,-1.0,-1.0,1,2,0,0,0.0,-0.019711509742340833
1884,frozen,45,2,3,0,1,1.0,1.0,0,nan,nan,nan,0.0,-0.019711509742340833
1885,frozen,45,1,2,0,1,1.0,1.0,0,nan,nan,nan,0.0,-0.019711509742340833
1886,frozen,45,6,3,1,0,-1.0,-1.0,1,2,0,0,0.0,-0.019711509742340833
1887,frozen,45,1,3,0,0,-1.0,-1.0,1,0,1,0,0.0,-0.019711509742340833
1888,frozen,45,8,5,1,0,-1.0,-1.0,1,0,1,0,0.0,-0.019711509742340833
1889,frozen,45,6,5,1,1,1.0,1.0,0,nan,nan,nan,0.0,-0.019711509742340833
1890,frozen,45,0,6,1,0,-1.0,-1.0,1,1,0,0,0.0,-0.019711509742340833
1891,frozen,45,7,5,1,0,-1.0,-1.0,1,0,1,0,0.0,-0.019711509742340833
1892,frozen,45,0,3,0,0,-1.0,-1.0,1,0,1,0,0.0,-0.019711509742340833
1893,frozen,45,6,5,1,1,1.0,1.0,0,nan,nan,nan,0.0,-0.019711509742340833
1894,frozen,45,6,6,1,1,1.0,1.0,0,nan,nan,nan,0.0,-0.019711509742340833
1895,frozen,45,2,7,1,0,-1.0,-1.0,1,2,0,0,0.0,-0.019711509742340833
1896,frozen,45,7,5,1,0,-1.0,-1.0,1,0,1,0,0.0,-0.019711509742340833
1897,frozen,45,6,5,1,1,1.0,1.0,0,nan,nan,nan,0.0,-0.019711509742340833
1898,frozen,45,3,4,0,1,1.0,1.0,0,nan,nan,nan,0.0,-0.019711509742340833
1899,frozen,45,8,3,0,0,-1.0,-1.0,1,2,0,0,0.0,-0.019711509742340833
1900,frozen,45,4,5,1,1,1.0,1.0,0,nan,nan,nan,0.0,-0.019711509742340833
1901,frozen,45,1,4,0,0,-1.0,-1.0,1,1,0,0,0.0,-0.019711509742340833
1902,frozen,45,1,3,0,0,-1.0,-1.0,1,0,1,0,0.0,-0.019711509742340833
1903,frozen,45,3,5,1,0,-1.0,-1.0,1,0,1,0,0.0,-0.019711509742340833
1904,frozen,45,2,3,0,1,1.0,1.0,0,nan,nan,nan,0.0,-0.019711509742340833
1905,frozen,45,1,4,1,0,-1.0,-1.0,1,1,0,0,0.0,-0.019711509742340833
1906,frozen,45,8,3,0,0,-1.0,-1.0,1,0,1,0,0.0,-0.019711509742340833
1907,frozen,45,3,5,1,0,-1.0,-1.0,1,0,1,0,0.0,-0.019711509742340833
1908,frozen,45,0,5,1,0,-1.0,-1.0,1,0,1,0,0.0,-0.019711509742340833
1909,frozen,45,7,3,0,0,-1.0,-1.0,1,0,1,0,0.0,-0.019711509742340833
1910,frozen,45,7,3,0,0,-1.0,-1.0,1,0,1,0,0.0,-0.019711509742340833
1911,frozen,45,6,5,1,1,1.0,1.0,0,nan,nan,nan,0.0,-0.019711509742340833
1912,frozen,45,2,4,0,0,-1.0,-1.0,1,1,0,0,0.0,-0.019711509742340833
1913,frozen,45,5,3,0,0,-1.0,-1.0,1,0,1,0,0.0,-0.019711509742340833
1914,frozen,45,8,3,0,0,-1.0,-1.0,1,0,1,0,0.0,-0.019711509742340833
1915,frozen,45,4,3,0,1,1.0,1.0,0,nan,nan,nan,0.0,-0.019711509742340833
1916,frozen,45,5,2,0,0,-1.0,-1.0,1,1,0,0,0.0,-0.019711509742340833
1917,frozen,45,6,3,0,0,-1.0,-1.0,1,0,1,0,0.0,-0.019711509742340833
1918,frozen,45,2,5,1,0,-1.0,-1.0,1,0,1,0,0.0,-0.019711509742340833
1919,frozen,45,0,3,0,0,-1.0,-1.0,1,0,1,0,0.0,-0.019711509742340833
1920,frozen,45,6,5,1,1,1.0,1.0,0,nan,nan,nan,0.0,-0.019711509742340833
1921,frozen,45,1,6,1,0,-1.0,-1.0,1,1,0,0,0.0,-0.019711509742340833
1922,frozen,45,4,5,1,1,1.0,1.0,0,nan,nan,nan,0.0,-0.019711509742340833
1923,frozen,45,7,4,0,0,-1.0,-1.0,1,1,0,0,0.0,-0.019711509742340833
1924,frozen,45,0,3,0,0,-1.0,-1.0,1,0,1,0,0.0,-0.019711509742340833
1925,frozen,45,6,5,1,1,1.0,1.0,0,nan,nan,nan,0.0,-0.019711509742340833
1926,frozen,45,8,4,0,0,-1.0,-1.0,1,1,0,0,0.0,-0.019711509742340833
1927,frozen,45,0,5,1,0,-1.0,-1.0,1,0,1,0,0.0,-0.019711509742340833
1928,frozen,45,0,5,1,0,-1.0,-1.0,1,0,1,0,0.0,-0.019711509742340833
1929,frozen,45,0,3,0,0,-1.0,-1.0,1,0,1,0,0.0,-0.019711509742340833
1930,frozen,45,5,5,1,1,1.0,1.0,0,nan,nan,nan,0.0,-0.019711509742340833
1931,frozen,45,8,4,0,0,-1.0,-1.0,1,1,0,0,0.0,-0.019711509742340833
1932,frozen,45,0,5,1,0,-1.0,-1.0,1,0,1,0,0.0,-0.019711509742340833
1933,frozen,45,1,3,0,0,-1.0,-1.0,1,0,1,0,0.0,-0.019711509742340833
1934,frozen,45,8,3,0,0,-1.0,-1.0,1,0,1,0,0.0,-0.019711509742340833
1935,frozen,45,6,5,1,1,1.0,1.0,0,nan,nan,nan,0.0,-0.019711509742340833
1936,frozen,45,3,4,0,1,1.0,1.0,0,nan,nan,nan,0.0,-0.019711509742340833
1937,frozen,45,6,5,1,1,1.0,1.0,0,nan,nan,nan,0.0,-0.019711509742340833
1938,frozen,45,0,6,1,0,-1.0,-1.0,1,3,0,1,0.0,-0.019711509742340833
1939,frozen,45,3,5,1,0,-1.0,-1.0,1,0,1,0,0.0,-0.019711509742340833
1940,frozen,45,1,3,0,0,-1.0,-1.0,1,0,1,0,0.0,-0.019711509742340833
1941,frozen,45,2,3,0,1,1.0,1.0,0,nan,nan,nan,0.0,-0.019711509742340833
1942,frozen,45,7,4,1,0,-1.0,-1.0,1,1,0,0,0.0,-0.019711509742340833
1943,frozen,45,0,3,0,0,-1.0,-1.0,1,0,1,0,0.0,-0.019711509742340833
1944,frozen,45,5,5,1,1,1.0,1.0,0,nan,nan,nan,0.0,-0.019711509742340833
1945,frozen,45,3,6,1,0,-1.0,-1.0,1,1,0,0,0.0,-0.019711509742340833
1946,frozen,45,3,5,1,0,-1.0,-1.0,1,0,1,0,0.0,-0.019711509742340833
1947,frozen,45,8,5,1,0,-1.0,-1.0,1,0,1,0,0.0,-0.019711509742340833
1948,frozen,45,1,5,1,0,-1.0,-1.0,1,0,1,0,0.0,-0.019711509742340833
1949,frozen,45,2,3,0,1,1.0,1.0,0,nan,nan,nan,0.0,-0.019711509742340833
1950,frozen,45,0,2,0,0,-1.0,-1.0,1,1,0,0,0.0,-0.019711509742340833
1951,frozen,45,3,5,1,0,-1.0,-1.0,1,0,1,0,0.0,-0.019711509742340833
1952,frozen,45,2,5,1,0,-1.0,-1.0,1,0,1,0,0.0,-0.019711509742340833
1953,frozen,45,6,3,0,0,-1.0,-1.0,1,0,1,0,0.0,-0.019711509742340833
1954,frozen,45,1,3,0,0,-1.0,-1.0,1,0,1,0,0.0,-0.019711509742340833
1955,frozen,45,4,3,0,1,1.0,1.0,0,nan,nan,nan,0.0,-0.019711509742340833
1956,frozen,45,1,4,1,0,-1.0,-1.0,1,1,0,0,0.0,-0.019711509742340833
1957,frozen,45,2,5,1,0,-1.0,-1.0,1,0,1,0,0.0,-0.019711509742340833
1958,frozen,45,0,5,1,0,-1.0,-1.0,1,0,1,0,0.0,-0.019711509742340833
1959,frozen,45,2,3,0,1,1.0,1.0,0,nan,nan,nan,0.0,-0.019711509742340833
1960,frozen,45,3,4,1,1,1.0,1.0,0,nan,nan,nan,0.0,-0.019711509742340833
1961,frozen,45,7,3,0,0,-1.0,-1.0,1,2,0,0,0.0,-0.019711509742340833
1962,frozen,45,2,5,1,0,-1.0,-1.0,1,0,1,0,0.0,-0.019711509742340833
1963,frozen,45,7,3,0,0,-1.0,-1.0,1,0,1,0,0.0,-0.019711509742340833
1964,frozen,45,6,3,0,0,-1.0,-1.0,1,0,1,0,0.0,-0.019711509742340833
1965,frozen,45,4,5,1,1,1.0,1.0,0,nan,nan,nan,0.0,-0.019711509742340833
1966,frozen,45,7,4,0,0,-1.0,-1.0,1,1,0,0,0.0,-0.019711509742340833
1967,frozen,45,3,5,1,0,-1.0,-1.0,1,0,1,0,0.0,-0.019711509742340833
1968,frozen,45,1,5,1,0,-1.0,-1.0,1,0,1,0,0.0,-0.019711509742340833
1969,frozen,45,7,3,0,0,-1.0,-1.0,1,0,1,0,0.0,-0.019711509742340833
1970,frozen,45,3,5,1,0,-1.0,-1.0,1,0,1,0,0.0,-0.019711509742340833
1971,frozen,45,7,5,1,0,-1.0,-1.0,1,0,1,0,0.0,-0.019711509742340833
1972,frozen,45,5,5,1,1,1.0,1.0,0,nan,nan,nan,0.0,-0.019711509742340833
1973,frozen,45,1,4,0,0,-1.0,-1.0,1,1,0,0,0.0,-0.019711509742340833
1974,frozen,45,2,5,1,0,-1.0,-1.0,1,0,1,0,0.0,-0.019711509742340833
1975,frozen,45,2,5,1,0,-1.0,-1.0,1,0,1,0,0.0,-0.019711509742340833
1976,frozen,45,4,3,0,1,1.0,1.0,0,nan,nan,nan,0.0,-0.019711509742340833
1977,frozen,45,2,2,0,1,1.0,1.0,0,nan,nan,nan,0.0,-0.019711509742340833
1978,frozen,45,4,3,1,1,1.0,1.0,0,nan,nan,nan,0.0,-0.019711509742340833
1979,frozen,45,3,2,0,1,1.0,1.0,0,nan,nan,nan,0.0,-0.019711509742340833
1980,frozen,45,4,3,1,1,1.0,1.0,0,nan,nan,nan,0.0,-0.019711509742340833
1981,frozen,45,6,2,0,0,-1.0,-1.0,1,5,0,1,0.0,-0.019711509742340833
1982,frozen,45,8,3,0,0,-1.0,-1.0,1,0,1,0,0.0,-0.019711509742340833
1983,frozen,45,8,5,1,0,-1.0,-1.0,1,0,1,0,0.0,-0.019711509742340833
1984,frozen,45,4,5,1,1,1.0,1.0,0,nan,nan,nan,0.0,-0.019711509742340833
1985,frozen,45,7,6,1,1,1.0,1.0,0,nan,nan,nan,0.0,-0.019711509742340833
1986,frozen,45,2,5,0,0,-1.0,-1.0,1,2,0,0,0.0,-0.019711509742340833
1987,frozen,45,0,5,1,0,-1.0,-1.0,1,0,1,0,0.0,-0.019711509742340833
1988,frozen,45,8,5,1,0,-1.0,-1.0,1,0,1,0,0.0,-0.019711509742340833
1989,frozen,45,1,3,0,0,-1.0,-1.0,1,0,1,0,0.0,-0.019711509742340833
1990,frozen,45,4,5,1,1,1.0,1.0,0,nan,nan,nan,0.0,-0.019711509742340833
1991,frozen,45,1,4,0,0,-1.0,-1.0,1,1,0,0,0.0,-0.019711509742340833
1992,frozen,45,6,5,1,1,1.0,1.0,0,nan,nan,nan,0.0,-0.019711509742340833
1993,frozen,45,5,6,1,1,1.0,1.0,0,nan,nan,nan,0.0,-0.019711509742340833
1994,frozen,45,8,7,1,1,1.0,1.0,0,nan,nan,nan,0.0,-0.019711509742340833
1995,frozen,45,6,8,1,0,-1.0,-1.0,1,3,0,1,0.0,-0.019711509742340833
1996,frozen,45,4,3,0,1,1.0,1.0,0,nan,nan,nan,0.0,-0.019711509742340833
1997,frozen,45,3,4,1,1,1.0,1.0,0,nan,nan,nan,0.0,-0.019711509742340833
1998,frozen,45,3,5,1,0,-1.0,-1.0,1,2,0,0,0.0,-0.019711509742340833
1999,frozen,45,3,5,1,0,-1.0,-1.0,1,0,1,0,0.0,-0.019711509742340833
2000,frozen,45,4,3,0,1,1.0,1.0,0,nan,nan,nan,0.0,-0.019711509742340833
2001,frozen,45,0,2,0,0,-1.0,-1.0,1,1,0,0,0.0,-0.019711509742340833
2002,frozen,45,7,5,1,0,-1.0,-1.0,1,0,1,0,0.0,-0.019711509742340833
2003,frozen,45,3,5,1,0,-1.0,-1.0,1,0,1,0,0.0,-0.019711509742340833
2004,frozen,45,0,3,0,0,-1.0,-1.0,1,0,1,0,0.0,-0.019711509742340833
2005,frozen,45,0,5,1,0,-1.0,-1.0,1,0,1,0,0.0,-0.019711509742340833
2006,frozen,45,3,5,1,0,-1.0,-1.0,1,0,1,0,0.0,-0.019711509742340833
2007,frozen,45,8,5,1,0,-1.0,-1.0,1,0,1,0,0.0,-0.019711509742340833
2008,frozen,45,5,3,0,0,-1.0,-1.0,1,0,1,0,0.0,-0.019711509742340833
2009,frozen,45,6,5,1,1,1.0,1.0,0,nan,nan,nan,0.0,-0.019711509742340833
2010,frozen,45,1,6,1,0,-1.0,-1.0,1,1,0,0,0.0,-0.019711509742340833
2011,frozen,45,0,3,0,0,-1.0,-1.0,1,0,1,0,0.0,-0.019711509742340833
2012,frozen,45,1,3,0,0,-1.0,-1.0,1,0,1,0,0.0,-0.019711509742340833
2013,frozen,45,8,3,0,0,-1.0,-1.0,1,0,1,0,0.0,-0.019711509742340833
2014,frozen,45,5,3,0,0,-1.0,-1.0,1,0,1,0,0.0,-0.019711509742340833
2015,frozen,45,4,3,0,1,1.0,1.0,0,nan,nan,nan,0.0,-0.019711509742340833
2016,frozen,45,0,2,0,0,-1.0,-1.0,1,1,0,0,0.0,-0.019711509742340833
2017,frozen,45,8,3,0,0,-1.0,-1.0,1,0,1,0,0.0,-0.019711509742340833
2018,frozen,45,3,5,1,0,-1.0,-1.0,1,0,1,0,0.0,-0.019711509742340833
2019,frozen,45,5,3,0,0,-1.0,-1.0,1,0,1,0,0.0,-0.019711509742340833
2020,frozen,45,2,3,0,1,1.0,1.0,0,nan,nan,nan,0.0,-0.019711509742340833
2021,frozen,45,5,2,0,0,-1.0,-1.0,1,1,0,0,0.0,-0.019711509742340833
2022,frozen,45,5,5,1,1,1.0,1.0,0,nan,nan,nan,0.0,-0.019711509742340833
2023,frozen,45,7,4,0,0,-1.0,-1.0,1,1,0,0,0.0,-0.019711509742340833
2024,frozen,45,2,5,1,0,-1.0,-1.0,1,0,1,0,0.0,-0.019711509742340833
2025,frozen,45,8,5,1,0,-1.0,-1.0,1,0,1,0,0.0,-0.019711509742340833
2026,frozen,45,3,5,1,0,-1.0,-1.0,1,0,1,0,0.0,-0.019711509742340833
2027,frozen,45,3,5,1,0,-1.0,-1.0,1,0,1,0,0.0,-0.019711509742340833
2028,frozen,45,3,5,1,0,-1.0,-1.0,1,0,1,0,0.0,-0.019711509742340833
2029,frozen,45,1,3,0,0,-1.0,-1.0,1,0,1,0,0.0,-0.019711509742340833
2030,frozen,45,3,5,1,0,-1.0,-1.0,1,0,1,0,0.0,-0.019711509742340833
2031,frozen,45,4,3,0,1,1.0,1.0,0,nan,nan,nan,0.0,-0.019711509742340833
2032,frozen,45,3,2,0,1,1.0,1.0,0,nan,nan,nan,0.0,-0.019711509742340833
2033,frozen,45,8,3,1,0,-1.0,-1.0,1,2,0,0,0.0,-0.019711509742340833
2034,frozen,45,2,5,1,0,-1.0,-1.0,1,0,1,0,0.0,-0.019711509742340833
2035,frozen,45,8,3,0,0,-1.0,-1.0,1,0,1,0,0.0,-0.019711509742340833
2036,frozen,45,7,5,1,0,-1.0,-1.0,1,0,1,0,0.0,-0.019711509742340833
2037,frozen,45,7,3,0,0,-1.0,-1.0,1,0,1,0,0.0,-0.019711509742340833
2038,frozen,45,6,5,1,1,1.0,1.0,0,nan,nan,nan,0.0,-0.019711509742340833
2039,frozen,45,1,6,1,0,-1.0,-1.0,1,1,0,0,0.0,-0.019711509742340833
2040,frozen,45,2,3,0,1,1.0,1.0,0,nan,nan,nan,0.0,-0.019711509742340833
2041,frozen,45,8,4,1,0,-1.0,-1.0,1,1,0,0,0.0,-0.019711509742340833
2042,frozen,45,0,3,0,0,-1.0,-1.0,1,0,1,0,0.0,-0.019711509742340833
2043,frozen,45,1,5,1,0,-1.0,-1.0,1,0,1,0,0.0,-0.019711509742340833
2044,frozen,45,6,3,0,0,-1.0,-1.0,1,0,1,0,0.0,-0.019711509742340833
2045,frozen,45,4,5,1,1,1.0,1.0,0,nan,nan,nan,0.0,-0.019711509742340833
2046,frozen,45,1,6,1,0,-1.0,-1.0,1,1,0,0,0.0,-0.019711509742340833
2047,frozen,45,5,5,1,1,1.0,1.0,0,nan,nan,nan,0.0,-0.019711509742340833
2048,frozen,45,3,6,1,0,-1.0,-1.0,1,1,0,0,0.0,-0.019711509742340833
2049,frozen,45,0,3,0,0,-1.0,-1.0,1,0,1,0,0.0,-0.019711509742340833
2050,frozen,45,7,3,0,0,-1.0,-1.0,1,0,1,0,0.0,-0.019711509742340833
2051,frozen,45,6,3,0,0,-1.0,-1.0,1,0,1,0,0.0,-0.019711509742340833
2052,frozen,45,2,3,0,1,1.0,1.0,0,nan,nan,nan,0.0,-0.019711509742340833
2053,frozen,45,6,2,0,0,-1.0,-1.0,1,1,0,0,0.0,-0.019711509742340833
2054,frozen,45,8,5,1,0,-1.0,-1.0,1,0,1,0,0.0,-0.019711509742340833
2055,frozen,45,5,5,1,1,1.0,1.0,0,nan,nan,nan,0.0,-0.019711509742340833
2056,frozen,45,5,6,1,1,1.0,1.0,0,nan,nan,nan,0.0,-0.019711509742340833
2057,frozen,45,7,7,1,1,1.0,1.0,0,nan,nan,nan,0.0,-0.019711509742340833
2058,frozen,45,1,8,1,0,-1.0,-1.0,1,3,0,1,0.0,-0.019711509742340833
2059,frozen,45,3,5,1,0,-1.0,-1.0,1,0,1,0,0.0,-0.019711509742340833
2060,frozen,45,3,5,1,0,-1.0,-1.0,1,0,1,0,0.0,-0.019711509742340833
2061,frozen,45,7,3,0,0,-1.0,-1.0,1,0,1,0,0.0,-0.019711509742340833
2062,frozen,45,1,5,1,0,-1.0,-1.0,1,0,1,0,0.0,-0.019711509742340833
2063,frozen,45,1,3,0,0,-1.0,-1.0,1,0,1,0,0.0,-0.019711509742340833
2064,frozen,45,5,5,1,1,1.0,1.0,0,nan,nan,nan,0.0,-0.019711509742340833
2065,frozen,45,8,4,0,0,-1.0,-1.0,1,1,0,0,0.0,-0.019711509742340833
2066,frozen,45,7,3,0,0,-1.0,-1.0,1,0,1,0,0.0,-0.019711509742340833
2067,frozen,45,4,3,0,1,1.0,1.0,0,nan,nan,nan,0.0,-0.019711509742340833
2068,frozen,45,8,4,1,0,-1.0,-1.0,1,1,0,0,0.0,-0.019711509742340833
2069,frozen,45,5,5,1,1,1.0,1.0,0,nan,nan,nan,0.0,-0.019711509742340833
2070,frozen,45,4,6,1,0,-1.0,-1.0,1,1,0,0,0.0,-0.019711509742340833
2071,frozen,45,4,3,0,1,1.0,1.0,0,nan,nan,nan,0.0,-0.019711509742340833
2072,frozen,45,6,2,0,0,-1.0,-1.0,1,1,0,0,0.0,-0.019711509742340833
2073,frozen,45,1,5,1,0,-1.0,-1.0,1,0,1,0,0.0,-0.019711509742340833
2074,frozen,45,4,5,1,1,1.0,1.0,0,nan,nan,nan,0.0,-0.019711509742340833
2075,frozen,45,7,4,0,0,-1.0,-1.0,1,1,0,0,0.0,-0.019711509742340833
2076,frozen,45,3,5,1,0,-1.0,-1.0,1,0,1,0,0.0,-0.019711509742340833
2077,frozen,45,3,5,1,0,-1.0,-1.0,1,0,1,0,0.0,-0.019711509742340833
2078,frozen,45,1,3,0,0,-1.0,-1.0,1,0,1,0,0.0,-0.019711509742340833
2079,frozen,45,4,3,0,1,1.0,1.0,0,nan,nan,nan,0.0,-0.019711509742340833
2080,frozen,45,4,4,1,1,1.0,1.0,0,nan,nan,nan,0.0,-0.019711509742340833
2081,frozen,45,5,5,1,1,1.0,1.0,0,nan,nan,nan,0.0,-0.019711509742340833
2082,frozen,45,3,6,1,0,-1.0,-1.0,1,3,0,1,0.0,-0.019711509742340833
2083,frozen,45,4,5,1,1,1.0,1.0,0,nan,nan,nan,0.0,-0.019711509742340833
2084,frozen,45,0,4,0,0,-1.0,-1.0,1,1,0,0,0.0,-0.019711509742340833
2085,frozen,45,1,3,0,0,-1.0,-1.0,1,0,1,0,0.0,-0.019711509742340833
2086,frozen,45,0,3,0,0,-1.0,-1.0,1,0,1,0,0.0,-0.019711509742340833
2087,frozen,45,6,5,1,1,1.0,1.0,0,nan,nan,nan,0.0,-0.019711509742340833
2088,frozen,45,4,6,1,0,-1.0,-1.0,1,1,0,0,0.0,-0.019711509742340833
2089,frozen,45,2,5,1,0,-1.0,-1.0,1,0,1,0,0.0,-0.019711509742340833
2090,frozen,45,0,3,0,0,-1.0,-1.0,1,0,1,0,0.0,-0.019711509742340833
2091,frozen,45,1,3,0,0,-1.0,-1.0,1,0,1,0,0.0,-0.019711509742340833
2092,frozen,45,7,3,0,0,-1.0,-1.0,1,0,1,0,0.0,-0.019711509742340833
2093,frozen,45,1,3,0,0,-1.0,-1.0,1,0,1,0,0.0,-0.019711509742340833
2094,frozen,45,1,5,1,0,-1.0,-1.0,1,0,1,0,0.0,-0.019711509742340833
2095,frozen,45,0,5,1,0,-1.0,-1.0,1,0,1,0,0.0,-0.019711509742340833
2096,frozen,45,4,3,0,1,1.0,1.0,0,nan,nan,nan,0.0,-0.019711509742340833
2097,frozen,45,6,2,0,0,-1.0,-1.0,1,1,0,0,0.0,-0.019711509742340833
2098,frozen,45,1,3,0,0,-1.0,-1.0,1,0,1,0,0.0,-0.019711509742340833
2099,frozen,45,8,5,1,0,-1.0,-1.0,1,0,1,0,0.0,-0.019711509742340833
2100,frozen,45,6,3,0,0,-1.0,-1.0,1,0,1,0,0.0,-0.019711509742340833
2101,frozen,45,0,5,1,0,-1.0,-1.0,1,0,1,0,0.0,-0.019711509742340833
2102,frozen,45,8,5,1,0,-1.0,-1.0,1,0,1,0,0.0,-0.019711509742340833
2103,frozen,45,6,5,1,1,1.0,1.0,0,nan,nan,nan,0.0,-0.019711509742340833
2104,frozen,45,1,6,1,0,-1.0,-1.0,1,1,0,0,0.0,-0.019711509742340833
2105,frozen,45,0,5,1,0,-1.0,-1.0,1,0,1,0,0.0,-0.019711509742340833
2106,frozen,45,4,5,1,1,1.0,1.0,0,nan,nan,nan,0.0,-0.019711509742340833
2107,frozen,45,1,6,1,0,-1.0,-1.0,1,1,0,0,0.0,-0.019711509742340833
2108,frozen,45,4,5,1,1,1.0,1.0,0,nan,nan,nan,0.0,-0.019711509742340833
2109,frozen,45,0,6,1,0,-1.0,-1.0,1,1,0,0,0.0,-0.019711509742340833
2110,frozen,45,0,5,1,0,-1.0,-1.0,1,0,1,0,0.0,-0.019711509742340833
2111,frozen,45,8,3,0,0,-1.0,-1.0,1,0,1,0,0.0,-0.019711509742340833
2112,frozen,45,4,3,0,1,1.0,1.0,0,nan,nan,nan,0.0,-0.019711509742340833
2113,frozen,45,8,4,1,0,-1.0,-1.0,1,1,0,0,0.0,-0.019711509742340833
2114,frozen,45,2,3,0,1,1.0,1.0,0,nan,nan,nan,0.0,-0.019711509742340833
2115,frozen,45,0,4,1,0,-1.0,-1.0,1,1,0,0,0.0,-0.019711509742340833
2116,frozen,45,3,5,1,0,-1.0,-1.0,1,0,1,0,0.0,-0.019711509742340833
2117,frozen,45,8,3,0,0,-1.0,-1.0,1,0,1,0,0.0,-0.019711509742340833
2118,frozen,45,4,3,0,1,1.0,1.0,0,nan,nan,nan,0.0,-0.019711509742340833
2119,frozen,45,6,2,0,0,-1.0,-1.0,1,1,0,0,0.0,-0.019711509742340833
2120,frozen,45,4,5,1,1,1.0,1.0,0,nan,nan,nan,0.0,-0.019711509742340833
2121,frozen,45,5,4,0,1,1.0,1.0,0,nan,nan,nan,0.0,-0.019711509742340833
2122,frozen,45,8,3,0,0,-1.0,-1.0,1,2,0,0,0.0,-0.019711509742340833
2123,frozen,45,2,3,0,1,1.0,1.0,0,nan,nan,nan,0.0,-0.019711509742340833
2124,frozen,45,4,4,1,1,1.0,1.0,0,nan,nan,nan,0.0,-0.019711509742340833
2125,frozen,45,0,5,1,0,-1.0,-1.0,1,2,0,0,0.0,-0.019711509742340833
2126,frozen,45,5,5,1,1,1.0,1.0,0,nan,nan,nan,0.0,-0.019711509742340833
2127,frozen,45,0,6,1,0,-1.0,-1.0,1,1,0,0,0.0,-0.019711509742340833
2128,frozen,45,4,5,1,1,1.0,1.0,0,nan,nan,nan,0.0,-0.019711509742340833
2129,frozen,45,5,4,0,1,1.0,1.0,0,nan,nan,nan,0.0,-0.019711509742340833
2130,frozen,45,6,5,1,1,1.0,1.0,0,nan,nan,nan,0.0,-0.019711509742340833
2131,frozen,45,8,4,0,0,-1.0,-1.0,1,3,0,1,0.0,-0.019711509742340833
2132,frozen,45,0,3,0,0,-1.0,-1.0,1,0,1,0,0.0,-0.019711509742340833
2133,frozen,45,6,3,0,0,-1.0,-1.0,1,0,1,0,0.0,-0.019711509742340833
2134,frozen,45,8,5,1,0,-1.0,-1.0,1,0,1,0,0.0,-0.019711509742340833
2135,frozen,45,3,5,1,0,-1.0,-1.0,1,0,1,0,0.0,-0.019711509742340833
2136,frozen,45,3,5,1,0,-1.0,-1.0,1,0,1,0,0.0,-0.019711509742340833
2137,frozen,45,6,3,0,0,-1.0,-1.0,1,0,1,0,0.0,-0.019711509742340833
2138,frozen,45,5,3,0,0,-1.0,-1.0,1,0,1,0,0.0,-0.019711509742340833
2139,frozen,45,0,5,1,0,-1.0,-1.0,1,0,1,0,0.0,-0.019711509742340833
2140,frozen,45,7,3,0,0,-1.0,-1.0,1,0,1,0,0.0,-0.019711509742340833
2141,frozen,45,8,5,1,0,-1.0,-1.0,1,0,1,0,0.0,-0.019711509742340833
2142,frozen,45,1,5,1,0,-1.0,-1.0,1,0,1,0,0.0,-0.019711509742340833
2143,frozen,45,5,3,0,0,-1.0,-1.0,1,0,1,0,0.0,-0.019711509742340833
2144,frozen,45,6,3,0,0,-1.0,-1.0,1,0,1,0,0.0,-0.019711509742340833
2145,frozen,45,7,3,0,0,-1.0,-1.0,1,0,1,0,0.0,-0.019711509742340833
2146,frozen,45,8,3,0,0,-1.0,-1.0,1,0,1,0,0.0,-0.019711509742340833
2147,frozen,45,2,3,0,1,1.0,1.0,0,nan,nan,nan,0.0,-0.019711509742340833
2148,frozen,45,7,4,1,0,-1.0,-1.0,1,1,0,0,0.0,-0.019711509742340833
2149,frozen,45,0,3,0,0,-1.0,-1.0,1,0,1,0,0.0,-0.019711509742340833
2150,frozen,45,8,5,1,0,-1.0,-1.0,1,0,1,0,0.0,-0.019711509742340833
2151,frozen,45,7,3,0,0,-1.0,-1.0,1,0,1,0,0.0,-0.019711509742340833
2152,frozen,45,5,5,1,1,1.0,1.0,0,nan,nan,nan,0.0,-0.019711509742340833
2153,frozen,45,8,4,0,0,-1.0,-1.0,1,1,0,0,0.0,-0.019711509742340833
2154,frozen,45,7,3,0,0,-1.0,-1.0,1,0,1,0,0.0,-0.019711509742340833
2155,frozen,45,3,5,1,0,-1.0,-1.0,1,0,1,0,0.0,-0.019711509742340833
2156,frozen,45,5,3,0,0,-1.0,-1.0,1,0,1,0,0.0,-0.019711509742340833
2157,frozen,45,7,3,0,0,-1.0,-1.0,1,0,1,0,0.0,-0.019711509742340833
2158,frozen,45,5,5,1,1,1.0,1.0,0,nan,nan,nan,0.0,-0.019711509742340833
2159,frozen,45,1,6,1,0,-1.0,-1.0,1,1,0,0,0.0,-0.019711509742340833
2160,frozen,45,3,5,1,0,-1.0,-1.0,1,0,1,0,0.0,-0.019711509742340833
2161,frozen,45,0,3,0,0,-1.0,-1.0,1,0,1,0,0.0,-0.019711509742340833
2162,frozen,45,1,3,0,0,-1.0,-1.0,1,0,1,0,0.0,-0.019711509742340833
2163,frozen,45,0,3,0,0,-1.0,-1.0,1,0,1,0,0.0,-0.019711509742340833
2164,frozen,45,0,5,1,0,-1.0,-1.0,1,0,1,0,0.0,-0.019711509742340833
2165,frozen,45,1,5,1,0,-1.0,-1.0,1,0,1,0,0.0,-0.019711509742340833
2166,frozen,45,8,5,1,0,-1.0,-1.0,1,0,1,0,0.0,-0.019711509742340833
2167,frozen,45,1,3,0,0,-1.0,-1.0,1,0,1,0,0.0,-0.019711509742340833
2168,frozen,45,8,3,0,0,-1.0,-1.0,1,0,1,0,0.0,-0.019711509742340833
2169,frozen,45,0,3,0,0,-1.0,-1.0,1,0,1,0,0.0,-0.019711509742340833
2170,frozen,45,2,5,1,0,-1.0,-1.0,1,0,1,0,0.0,-0.019711509742340833
2171,frozen,45,5,5,1,1,1.0,1.0,0,nan,nan,nan,0.0,-0.019711509742340833
2172,frozen,45,8,4,0,0,-1.0,-1.0,1,1,0,0,0.0,-0.019711509742340833
2173,frozen,45,4,5,1,1,1.0,1.0,0,nan,nan,nan,0.0,-0.019711509742340833
2174,frozen,45,6,6,1,1,1.0,1.0,0,nan,nan,nan,0.0,-0.019711509742340833
2175,frozen,45,0,7,1,0,-1.0,-1.0,1,2,0,0,0.0,-0.019711509742340833
2176,frozen,45,1,5,1,0,-1.0,-1.0,1,0,1,0,0.0,-0.019711509742340833
2177,frozen,45,3,5,1,0,-1.0,-1.0,1,0,1,0,0.0,-0.019711509742340833
2178,frozen,45,0,5,1,0,-1.0,-1.0,1,0,1,0,0.0,-0.019711509742340833
2179,frozen,45,1,5,1,0,-1.0,-1.0,1,0,1,0,0.0,-0.019711509742340833
2180,frozen,45,7,3,0,0,-1.0,-1.0,1,0,1,0,0.0,-0.019711509742340833
2181,frozen,45,5,3,0,0,-1.0,-1.0,1,0,1,0,0.0,-0.019711509742340833
2182,frozen,45,4,5,1,1,1.0,1.0,0,nan,nan,nan,0.0,-0.019711509742340833
2183,frozen,45,0,6,1,0,-1.0,-1.0,1,1,0,0,0.0,-0.019711509742340833
2184,frozen,45,7,5,1,0,-1.0,-1.0,1,0,1,0,0.0,-0.019711509742340833
2185,frozen,45,8,5,1,0,-1.0,-1.0,1,0,1,0,0.0,-0.019711509742340833
2186,frozen,45,4,3,0,1,1.0,1.0,0,nan,nan,nan,0.0,-0.019711509742340833
2187,frozen,45,0,2,0,0,-1.0,-1.0,1,1,0,0,0.0,-0.019711509742340833
2188,frozen,45,3,5,1,0,-1.0,-1.0,1,0,1,0,0.0,-0.019711509742340833
2189,frozen,45,6,5,1,1,1.0,1.0,0,nan,nan,nan,0.0,-0.019711509742340833
2190,frozen,45,6,4,0,0,-1.0,-1.0,1,1,0,0,0.0,-0.019711509742340833
2191,frozen,45,6,3,0,0,-1.0,-1.0,1,0,1,0,0.0,-0.019711509742340833
2192,frozen,45,7,3,0,0,-1.0,-1.0,1,0,1,0,0.0,-0.019711509742340833
2193,frozen,45,7,3,0,0,-1.0,-1.0,1,0,1,0,0.0,-0.019711509742340833
2194,frozen,45,0,5,1,0,-1.0,-1.0,1,0,1,0,0.0,-0.019711509742340833
2195,frozen,45,6,3,0,0,-1.0,-1.0,1,0,1,0,0.0,-0.019711509742340833
2196,frozen,45,6,3,0,0,-1.0,-1.0,1,0,1,0,0.0,-0.019711509742340833
2197,frozen,45,2,5,1,0,-1.0,-1.0,1,0,1,0,0.0,-0.019711509742340833
2198,frozen,45,3,5,1,0,-1.0,-1.0,1,0,1,0,0.0,-0.019711509742340833
2199,frozen,45,5,3,0,0,-1.0,-1.0,1,0,1,0,0.0,-0.019711509742340833
2200,frozen,45,0,5,1,0,-1.0,-1.0,1,0,1,0,0.0,-0.019711509742340833
2201,frozen,45,2,5,1,0,-1.0,-1.0,1,0,1,0,0.0,-0.019711509742340833
2202,frozen,45,0,5,1,0,-1.0,-1.0,1,0,1,0,0.0,-0.019711509742340833
2203,frozen,45,6,5,1,1,1.0,1.0,0,nan,nan,nan,0.0,-0.019711509742340833
2204,frozen,45,0,6,1,0,-1.0,-1.0,1,1,0,0,0.0,-0.019711509742340833
2205,frozen,45,3,5,1,0,-1.0,-1.0,1,0,1,0,0.0,-0.019711509742340833
2206,frozen,45,8,5,1,0,-1.0,-1.0,1,0,1,0,0.0,-0.019711509742340833
2207,frozen,45,3,5,1,0,-1.0,-1.0,1,0,1,0,0.0,-0.019711509742340833
2208,frozen,45,6,3,0,0,-1.0,-1.0,1,0,1,0,0.0,-0.019711509742340833
2209,frozen,45,4,5,1,1,1.0,1.0,0,nan,nan,nan,0.0,-0.019711509742340833
2210,frozen,45,3,4,0,1,1.0,1.0,0,nan,nan,nan,0.0,-0.019711509742340833
2211,frozen,45,5,5,1,1,1.0,1.0,0,nan,nan,nan,0.0,-0.019711509742340833
2212,frozen,45,0,4,0,0,-1.0,-1.0,1,3,0,1,0.0,-0.019711509742340833
2213,frozen,45,2,5,1,0,-1.0,-1.0,1,0,1,0,0.0,-0.019711509742340833
2214,frozen,45,2,3,0,1,1.0,1.0,0,nan,nan,nan,0.0,-0.019711509742340833
2215,frozen,45,7,4,1,0,-1.0,-1.0,1,1,0,0,0.0,-0.019711509742340833
2216,frozen,45,7,3,0,0,-1.0,-1.0,1,0,1,0,0.0,-0.019711509742340833
2217,frozen,45,1,5,1,0,-1.0,-1.0,1,0,1,0,0.0,-0.019711509742340833
2218,frozen,45,5,5,1,1,1.0,1.0,0,nan,nan,nan,0.0,-0.019711509742340833
2219,frozen,45,5,6,1,1,1.0,1.0,0,nan,nan,nan,0.0,-0.019711509742340833
2220,frozen,45,4,5,0,1,1.0,1.0,0,nan,nan,nan,0.0,-0.019711509742340833
2221,frozen,45,5,6,1,1,1.0,1.0,0,nan,nan,nan,0.0,-0.019711509742340833
2222,frozen,45,6,5,0,1,1.0,1.0,0,nan,nan,nan,0.0,-0.019711509742340833
2223,frozen,45,2,6,1,0,-1.0,-1.0,1,5,0,1,0.0,-0.019711509742340833
2224,frozen,45,0,3,0,0,-1.0,-1.0,1,0,1,0,0.0,-0.019711509742340833
2225,frozen,45,7,3,0,0,-1.0,-1.0,1,0,1,0,0.0,-0.019711509742340833
2226,frozen,45,3,5,1,0,-1.0,-1.0,1,0,1,0,0.0,-0.019711509742340833
2227,frozen,45,0,3,0,0,-1.0,-1.0,1,0,1,0,0.0,-0.019711509742340833
2228,frozen,45,4,3,0,1,1.0,1.0,0,nan,nan,nan,0.0,-0.019711509742340833
2229,frozen,45,0,2,0,0,-1.0,-1.0,1,1,0,0,0.0,-0.019711509742340833
2230,frozen,45,4,5,1,1,1.0,1.0,0,nan,nan,nan,0.0,-0.019711509742340833
2231,frozen,45,8,4,0,0,-1.0,-1.0,1,1,0,0,0.0,-0.019711509742340833
2232,frozen,45,3,5,1,0,-1.0,-1.0,1,0,1,0,0.0,-0.019711509742340833
2233,frozen,45,7,3,0,0,-1.0,-1.0,1,0,1,0,0.0,-0.019711509742340833
2234,frozen,45,1,3,0,0,-1.0,-1.0,1,0,1,0,0.0,-0.019711509742340833
2235,frozen,45,6,5,1,1,1.0,1.0,0,nan,nan,nan,0.0,-0.019711509742340833
2236,frozen,45,2,6,1,0,-1.0,-1.0,1,1,0,0,0.0,-0.019711509742340833
2237,frozen,45,8,5,1,0,-1.0,-1.0,1,0,1,0,0.0,-0.019711509742340833
2238,frozen,45,5,5,1,1,1.0,1.0,0,nan,nan,nan,0.0,-0.019711509742340833
2239,frozen,45,8,6,1,0,-1.0,-1.0,1,1,0,0,0.0,-0.019711509742340833
2240,frozen,45,6,5,1,1,1.0,1.0,0,nan,nan,nan,0.0,-0.019711509742340833
2241,frozen,45,5,4,0,1,1.0,1.0,0,nan,nan,nan,0.0,-0.019711509742340833
2242,frozen,45,7,3,0,0,-1.0,-1.0,1,2,0,0,0.0,-0.019711509742340833
2243,frozen,45,3,5,1,0,-1.0,-1.0,1,0,1,0,0.0,-0.019711509742340833
2244,frozen,45,1,5,1,0,-1.0,-1.0,1,0,1,0,0.0,-0.019711509742340833
2245,frozen,45,6,3,0,0,-1.0,-1.0,1,0,1,0,0.0,-0.019711509742340833
2246,frozen,45,5,3,0,0,-1.0,-1.0,1,0,1,0,0.0,-0.019711509742340833
2247,frozen,45,6,5,1,1,1.0,1.0,0,nan,nan,nan,0.0,-0.019711509742340833
2248,frozen,45,7,6,1,1,1.0,1.0,0,nan,nan,nan,0.0,-0.019711509742340833
2249,frozen,45,3,7,1,0,-1.0,-1.0,1,2,0,0,0.0,-0.019711509742340833
2250,frozen,45,6,5,1,1,1.0,1.0,0,nan,nan,nan,0.0,-0.019711509742340833
2251,frozen,45,4,6,1,0,-1.0,-1.0,1,1,0,0,0.0,-0.019711509742340833
2252,frozen,45,1,3,0,0,-1.0,-1.0,1,0,1,0,0.0,-0.019711509742340833
2253,frozen,45,3,5,1,0,-1.0,-1.0,1,0,1,0,0.0,-0.019711509742340833
2254,frozen,45,1,5,1,0,-1.0,-1.0,1,0,1,0,0.0,-0.019711509742340833
2255,frozen,45,4,5,1,1,1.0,1.0,0,nan,nan,nan,0.0,-0.019711509742340833
2256,frozen,45,6,6,1,1,1.0,1.0,0,nan,nan,nan,0.0,-0.019711509742340833
2257,frozen,45,1,7,1,0,-1.0,-1.0,1,2,0,0,0.0,-0.019711509742340833
2258,frozen,45,1,3,0,0,-1.0,-1.0,1,0,1,0,0.0,-0.019711509742340833
2259,frozen,45,4,3,0,1,1.0,1.0,0,nan,nan,nan,0.0,-0.019711509742340833
2260,frozen,45,3,2,0,1,1.0,1.0,0,nan,nan,nan,0.0,-0.019711509742340833
2261,frozen,45,2,1,0,1,1.0,1.0,0,nan,nan,nan,0.0,-0.019711509742340833
2262,frozen,45,3,0,0,0,-1.0,-1.0,1,3,0,1,0.0,-0.019711509742340833
2263,frozen,45,7,3,0,0,-1.0,-1.0,1,0,1,0,0.0,-0.019711509742340833
2264,frozen,45,3,5,1,0,-1.0,-1.0,1,0,1,0,0.0,-0.019711509742340833
2265,frozen,45,0,3,0,0,-1.0,-1.0,1,0,1,0,0.0,-0.019711509742340833
2266,frozen,45,0,5,1,0,-1.0,-1.0,1,0,1,0,0.0,-0.019711509742340833
2267,frozen,45,4,3,0,1,1.0,1.0,0,nan,nan,nan,0.0,-0.019711509742340833
2268,frozen,45,8,2,0,0,-1.0,-1.0,1,1,0,0,0.0,-0.019711509742340833
2269,frozen,45,7,3,0,0,-1.0,-1.0,1,0,1,0,0.0,-0.019711509742340833
2270,frozen,45,0,3,0,0,-1.0,-1.0,1,0,1,0,0.0,-0.019711509742340833
2271,frozen,45,5,5,1,1,1.0,1.0,0,nan,nan,nan,0.0,-0.019711509742340833
2272,frozen,45,1,6,1,0,-1.0,-1.0,1,1,0,0,0.0,-0.019711509742340833
2273,frozen,45,7,3,0,0,-1.0,-1.0,1,0,1,0,0.0,-0.019711509742340833
2274,frozen,45,7,3,0,0,-1.0,-1.0,1,0,1,0,0.0,-0.019711509742340833
2275,frozen,45,0,5,1,0,-1.0,-1.0,1,0,1,0,0.0,-0.019711509742340833
2276,frozen,45,0,3,0,0,-1.0,-1.0,1,0,1,0,0.0,-0.019711509742340833
2277,frozen,45,0,3,0,0,-1.0,-1.0,1,0,1,0,0.0,-0.019711509742340833
2278,frozen,45,2,5,1,0,-1.0,-1.0,1,0,1,0,0.0,-0.019711509742340833
2279,frozen,45,1,5,1,0,-1.0,-1.0,1,0,1,0,0.0,-0.019711509742340833
2280,frozen,45,0,5,1,0,-1.0,-1.0,1,0,1,0,0.0,-0.019711509742340833
2281,frozen,45,7,3,0,0,-1.0,-1.0,1,0,1,0,0.0,-0.019711509742340833
2282,frozen,45,3,5,1,0,-1.0,-1.0,1,0,1,0,0.0,-0.019711509742340833
2283,frozen,45,1,5,1,0,-1.0,-1.0,1,0,1,0,0.0,-0.019711509742340833
2284,frozen,45,6,5,1,1,1.0,1.0,0,nan,nan,nan,0.0,-0.019711509742340833
2285,frozen,45,6,4,0,0,-1.0,-1.0,1,1,0,0,0.0,-0.019711509742340833
2286,frozen,45,6,5,1,1,1.0,1.0,0,nan,nan,nan,0.0,-0.019711509742340833
2287,frozen,45,8,4,0,0,-1.0,-1.0,1,1,0,0,0.0,-0.019711509742340833
2288,frozen,45,2,5,1,0,-1.0,-1.0,1,0,1,0,0.0,-0.019711509742340833
2289,frozen,45,5,5,1,1,1.0,1.0,0,nan,nan,nan,0.0,-0.019711509742340833
2290,frozen,45,8,4,0,0,-1.0,-1.0,1,1,0,0,0.0,-0.019711509742340833
2291,frozen,45,1,3,0,0,-1.0,-1.0,1,0,1,0,0.0,-0.019711509742340833
2292,frozen,45,8,5,1,0,-1.0,-1.0,1,0,1,0,0.0,-0.019711509742340833
2293,frozen,45,6,3,0,0,-1.0,-1.0,1,0,1,0,0.0,-0.019711509742340833
2294,frozen,45,5,3,0,0,-1.0,-1.0,1,0,1,0,0.0,-0.019711509742340833
2295,frozen,45,6,3,0,0,-1.0,-1.0,1,0,1,0,0.0,-0.019711509742340833
2296,frozen,45,6,5,1,1,1.0,1.0,0,nan,nan,nan,0.0,-0.019711509742340833
2297,frozen,45,5,4,0,1,1.0,1.0,0,nan,nan,nan,0.0,-0.019711509742340833
2298,frozen,45,6,3,0,0,-1.0,-1.0,1,2,0,0,0.0,-0.019711509742340833
2299,frozen,45,1,3,0,0,-1.0,-1.0,1,0,1,0,0.0,-0.019711509742340833
2300,frozen,45,5,3,0,0,-1.0,-1.0,1,0,1,0,0.0,-0.019711509742340833
2301,frozen,45,1,5,1,0,-1.0,-1.0,1,0,1,0,0.0,-0.019711509742340833
2302,frozen,45,1,5,1,0,-1.0,-1.0,1,0,1,0,0.0,-0.019711509742340833
2303,frozen,45,6,3,0,0,-1.0,-1.0,1,0,1,0,0.0,-0.019711509742340833
2304,frozen,45,2,5,1,0,-1.0,-1.0,1,0,1,0,0.0,-0.019711509742340833
2305,frozen,45,5,3,0,0,-1.0,-1.0,1,0,1,0,0.0,-0.019711509742340833
2306,frozen,45,2,3,0,1,1.0,1.0,0,nan,nan,nan,0.0,-0.019711509742340833
2307,frozen,45,4,2,0,0,-1.0,-1.0,1,1,0,0,0.0,-0.019711509742340833
2308,frozen,45,4,3,0,1,1.0,1.0,0,nan,nan,nan,0.0,-0.019711509742340833
2309,frozen,45,6,2,0,0,-1.0,-1.0,1,1,0,0,0.0,-0.019711509742340833
2310,frozen,45,5,5,1,1,1.0,1.0,0,nan,nan,nan,0.0,-0.019711509742340833
2311,frozen,45,2,6,1,0,-1.0,-1.0,1,1,0,0,0.0,-0.019711509742340833
2312,frozen,45,6,5,1,1,1.0,1.0,0,nan,nan,nan,0.0,-0.019711509742340833
2313,frozen,45,0,6,1,0,-1.0,-1.0,1,1,0,0,0.0,-0.019711509742340833
2314,frozen,45,0,3,0,0,-1.0,-1.0,1,0,1,0,0.0,-0.019711509742340833
2315,frozen,45,3,5,1,0,-1.0,-1.0,1,0,1,0,0.0,-0.019711509742340833
2316,frozen,45,0,3,0,0,-1.0,-1.0,1,0,1,0,0.0,-0.019711509742340833
2317,frozen,45,3,5,1,0,-1.0,-1.0,1,0,1,0,0.0,-0.019711509742340833
2318,frozen,45,3,5,1,0,-1.0,-1.0,1,0,1,0,0.0,-0.019711509742340833
2319,frozen,45,4,5,1,1,1.0,1.0,0,nan,nan,nan,0.0,-0.019711509742340833
2320,frozen,45,2,6,1,0,-1.0,-1.0,1,1,0,0,0.0,-0.019711509742340833
2321,frozen,45,5,5,1,1,1.0,1.0,0,nan,nan,nan,0.0,-0.019711509742340833
2322,frozen,45,0,4,0,0,-1.0,-1.0,1,1,0,0,0.0,-0.019711509742340833
2323,frozen,45,8,5,1,0,-1.0,-1.0,1,0,1,0,0.0,-0.019711509742340833
2324,frozen,45,3,5,1,0,-1.0,-1.0,1,0,1,0,0.0,-0.019711509742340833
2325,frozen,45,0,3,0,0,-1.0,-1.0,1,0,1,0,0.0,-0.019711509742340833
2326,frozen,45,5,3,0,0,-1.0,-1.0,1,0,1,0,0.0,-0.019711509742340833
2327,frozen,45,8,3,0,0,-1.0,-1.0,1,0,1,0,0.0,-0.019711509742340833
2328,frozen,45,6,3,0,0,-1.0,-1.0,1,0,1,0,0.0,-0.019711509742340833
2329,frozen,45,3,5,1,0,-1.0,-1.0,1,0,1,0,0.0,-0.019711509742340833
2330,frozen,45,8,5,1,0,-1.0,-1.0,1,0,1,0,0.0,-0.019711509742340833
2331,frozen,45,7,3,0,0,-1.0,-1.0,1,0,1,0,0.0,-0.019711509742340833
2332,frozen,45,2,3,0,1,1.0,1.0,0,nan,nan,nan,0.0,-0.019711509742340833
2333,frozen,45,3,2,0,1,1.0,1.0,0,nan,nan,nan,0.0,-0.019711509742340833
2334,frozen,45,2,3,1,1,1.0,1.0,0,nan,nan,nan,0.0,-0.019711509742340833
2335,frozen,45,3,4,1,1,1.0,1.0,0,nan,nan,nan,0.0,-0.019711509742340833
2336,frozen,45,1,3,0,0,-1.0,-1.0,1,4,0,1,0.0,-0.019711509742340833
2337,frozen,45,1,5,1,0,-1.0,-1.0,1,0,1,0,0.0,-0.019711509742340833
2338,frozen,45,6,3,0,0,-1.0,-1.0,1,0,1,0,0.0,-0.019711509742340833
2339,frozen,45,0,3,0,0,-1.0,-1.0,1,0,1,0,0.0,-0.019711509742340833
2340,frozen,45,0,3,0,0,-1.0,-1.0,1,0,1,0,0.0,-0.019711509742340833
2341,frozen,45,1,5,1,0,-1.0,-1.0,1,0,1,0,0.0,-0.019711509742340833
2342,frozen,45,6,5,1,1,1.0,1.0,0,nan,nan,nan,0.0,-0.019711509742340833
2343,frozen,45,7,4,0,0,-1.0,-1.0,1,1,0,0,0.0,-0.019711509742340833
2344,frozen,45,1,3,0,0,-1.0,-1.0,1,0,1,0,0.0,-0.019711509742340833
2345,frozen,45,8,3,0,0,-1.0,-1.0,1,0,1,0,0.0,-0.019711509742340833
2346,frozen,45,5,5,1,1,1.0,1.0,0,nan,nan,nan,0.0,-0.019711509742340833
2347,frozen,45,3,6,1,0,-1.0,-1.0,1,1,0,0,0.0,-0.019711509742340833
2348,frozen,45,5,5,1,1,1.0,1.0,0,nan,nan,nan,0.0,-0.019711509742340833
2349,frozen,45,2,6,1,0,-1.0,-1.0,1,1,0,0,0.0,-0.019711509742340833
2350,frozen,45,0,3,0,0,-1.0,-1.0,1,0,1,0,0.0,-0.019711509742340833
2351,frozen,45,5,3,0,0,-1.0,-1.0,1,0,1,0,0.0,-0.019711509742340833
2352,frozen,45,6,3,0,0,-1.0,-1.0,1,0,1,0,0.0,-0.019711509742340833
2353,frozen,45,5,3,0,0,-1.0,-1.0,1,0,1,0,0.0,-0.019711509742340833
2354,frozen,45,1,3,0,0,-1.0,-1.0,1,0,1,0,0.0,-0.019711509742340833
2355,frozen,45,6,5,1,1,1.0,1.0,0,nan,nan,nan,0.0,-0.019711509742340833
2356,frozen,45,6,4,0,0,-1.0,-1.0,1,1,0,0,0.0,-0.019711509742340833
2357,frozen,45,8,5,1,0,-1.0,-1.0,1,0,1,0,0.0,-0.019711509742340833
2358,frozen,45,4,5,1,1,1.0,1.0,0,nan,nan,nan,0.0,-0.019711509742340833
2359,frozen,45,2,4,0,0,-1.0,-1.0,1,1,0,0,0.0,-0.019711509742340833
2360,frozen,45,3,5,1,0,-1.0,-1.0,1,0,1,0,0.0,-0.019711509742340833
2361,frozen,45,3,5,1,0,-1.0,-1.0,1,0,1,0,0.0,-0.019711509742340833
2362,frozen,45,3,5,1,0,-1.0,-1.0,1,0,1,0,0.0,-0.019711509742340833
2363,frozen,45,7,3,0,0,-1.0,-1.0,1,0,1,0,0.0,-0.019711509742340833
2364,frozen,45,8,3,0,0,-1.0,-1.0,1,0,1,0,0.0,-0.019711509742340833
2365,frozen,45,5,3,0,0,-1.0,-1.0,1,0,1,0,0.0,-0.019711509742340833
2366,frozen,45,4,5,1,1,1.0,1.0,0,nan,nan,nan,0.0,-0.019711509742340833
2367,frozen,45,1,4,0,0,-1.0,-1.0,1,1,0,0,0.0,-0.019711509742340833
2368,frozen,45,8,5,1,0,-1.0,-1.0,1,0,1,0,0.0,-0.019711509742340833
2369,frozen,45,7,5,1,0,-1.0,-1.0,1,0,1,0,0.0,-0.019711509742340833
2370,frozen,45,7,3,0,0,-1.0,-1.0,1,0,1,0,0.0,-0.019711509742340833
2371,frozen,45,8,5,1,0,-1.0,-1.0,1,0,1,0,0.0,-0.019711509742340833
2372,frozen,45,4,5,1,1,1.0,1.0,0,nan,nan,nan,0.0,-0.019711509742340833
2373,frozen,45,0,4,0,0,-1.0,-1.0,1,1,0,0,0.0,-0.019711509742340833
2374,frozen,45,8,5,1,0,-1.0,-1.0,1,0,1,0,0.0,-0.019711509742340833
2375,frozen,45,0,3,0,0,-1.0,-1.0,1,0,1,0,0.0,-0.019711509742340833
2376,frozen,45,7,3,0,0,-1.0,-1.0,1,0,1,0,0.0,-0.019711509742340833
2377,frozen,45,3,5,1,0,-1.0,-1.0,1,0,1,0,0.0,-0.019711509742340833
2378,frozen,45,3,3,0,1,1.0,1.0,0,nan,nan,nan,0.0,-0.019711509742340833
2379,frozen,45,7,4,1,0,-1.0,-1.0,1,1,0,0,0.0,-0.019711509742340833
2380,frozen,45,3,5,1,0,-1.0,-1.0,1,0,1,0,0.0,-0.019711509742340833
2381,frozen,45,0,3,0,0,-1.0,-1.0,1,0,1,0,0.0,-0.019711509742340833
2382,frozen,45,0,3,0,0,-1.0,-1.0,1,0,1,0,0.0,-0.019711509742340833
2383,frozen,45,7,3,0,0,-1.0,-1.0,1,0,1,0,0.0,-0.019711509742340833
2384,frozen,45,2,5,1,0,-1.0,-1.0,1,0,1,0,0.0,-0.019711509742340833
2385,frozen,45,7,3,0,0,-1.0,-1.0,1,0,1,0,0.0,-0.019711509742340833
2386,frozen,45,2,3,0,1,1.0,1.0,0,nan,nan,nan,0.0,-0.019711509742340833
2387,frozen,45,0,2,0,0,-1.0,-1.0,1,1,0,0,0.0,-0.019711509742340833
2388,frozen,45,1,5,1,0,-1.0,-1.0,1,0,1,0,0.0,-0.019711509742340833
2389,frozen,45,1,5,1,0,-1.0,-1.0,1,0,1,0,0.0,-0.019711509742340833
2390,frozen,45,0,3,0,0,-1.0,-1.0,1,0,1,0,0.0,-0.019711509742340833
2391,frozen,45,0,3,0,0,-1.0,-1.0,1,0,1,0,0.0,-0.019711509742340833
2392,frozen,45,4,5,1,1,1.0,1.0,0,nan,nan,nan,0.0,-0.019711509742340833
2393,frozen,45,1,6,1,0,-1.0,-1.0,1,1,0,0,0.0,-0.019711509742340833
2394,frozen,45,3,5,1,0,-1.0,-1.0,1,0,1,0,0.0,-0.019711509742340833
2395,frozen,45,7,3,0,0,-1.0,-1.0,1,0,1,0,0.0,-0.019711509742340833
2396,frozen,45,7,3,0,0,-1.0,-1.0,1,0,1,0,0.0,-0.019711509742340833
2397,frozen,45,8,3,0,0,-1.0,-1.0,1,0,1,0,0.0,-0.019711509742340833
2398,frozen,45,6,5,1,1,1.0,1.0,0,nan,nan,nan,0.0,-0.019711509742340833
2399,frozen,45,6,4,0,0,-1.0,-1.0,1,1,0,0,0.0,-0.019711509742340833
2400,frozen,45,8,3,0,0,-1.0,-1.0,1,0,1,0,0.0,-0.019711509742340833
2401,frozen,45,1,3,0,0,-1.0,-1.0,1,0,1,0,0.0,-0.019711509742340833
2402,frozen,45,4,5,1,1,1.0,1.0,0,nan,nan,nan,0.0,-0.019711509742340833
2403,frozen,45,8,4,0,0,-1.0,-1.0,1,1,0,0,0.0,-0.019711509742340833
2404,frozen,45,7,3,0,0,-1.0,-1.0,1,0,1,0,0.0,-0.019711509742340833
2405,frozen,45,8,3,0,0,-1.0,-1.0,1,0,1,0,0.0,-0.019711509742340833
2406,frozen,45,3,5,1,0,-1.0,-1.0,1,0,1,0,0.0,-0.019711509742340833
2407,frozen,45,5,5,1,1,1.0,1.0,0,nan,nan,nan,0.0,-0.019711509742340833
2408,frozen,45,8,4,0,0,-1.0,-1.0,1,1,0,0,0.0,-0.019711509742340833
2409,frozen,45,4,3,0,1,1.0,1.0,0,nan,nan,nan,0.0,-0.019711509742340833
2410,frozen,45,0,2,0,0,-1.0,-1.0,1,1,0,0,0.0,-0.019711509742340833
2411,frozen,45,0,5,1,0,-1.0,-1.0,1,0,1,0,0.0,-0.019711509742340833
2412,frozen,45,0,5,1,0,-1.0,-1.0,1,0,1,0,0.0,-0.019711509742340833
2413,frozen,45,0,3,0,0,-1.0,-1.0,1,0,1,0,0.0,-0.019711509742340833
2414,frozen,45,0,3,0,0,-1.0,-1.0,1,0,1,0,0.0,-0.019711509742340833
2415,frozen,45,1,5,1,0,-1.0,-1.0,1,0,1,0,0.0,-0.019711509742340833
2416,frozen,45,4,5,1,1,1.0,1.0,0,nan,nan,nan,0.0,-0.019711509742340833
2417,frozen,45,6,6,1,1,1.0,1.0,0,nan,nan,nan,0.0,-0.019711509742340833
2418,frozen,45,4,7,1,0,-1.0,-1.0,1,2,0,0,0.0,-0.019711509742340833
2419,frozen,45,4,5,1,1,1.0,1.0,0,nan,nan,nan,0.0,-0.019711509742340833
2420,frozen,45,6,6,1,1,1.0,1.0,0,nan,nan,nan,0.0,-0.019711509742340833
2421,frozen,45,8,7,1,1,1.0,1.0,0,nan,nan,nan,0.0,-0.019711509742340833
2422,frozen,45,7,6,0,1,1.0,1.0,0,nan,nan,nan,0.0,-0.019711509742340833
2423,frozen,45,5,7,1,0,-1.0,-1.0,1,4,0,1,0.0,-0.019711509742340833
2424,frozen,45,1,3,0,0,-1.0,-1.0,1,0,1,0,0.0,-0.019711509742340833
2425,frozen,45,0,5,1,0,-1.0,-1.0,1,0,1,0,0.0,-0.019711509742340833
2426,frozen,45,7,3,0,0,-1.0,-1.0,1,0,1,0,0.0,-0.019711509742340833
2427,frozen,45,6,5,1,1,1.0,1.0,0,nan,nan,nan,0.0,-0.019711509742340833
2428,frozen,45,1,4,0,0,-1.0,-1.0,1,1,0,0,0.0,-0.019711509742340833
2429,frozen,45,6,5,1,1,1.0,1.0,0,nan,nan,nan,0.0,-0.019711509742340833
2430,frozen,45,4,6,1,0,-1.0,-1.0,1,1,0,0,0.0,-0.019711509742340833
2431,frozen,45,1,5,1,0,-1.0,-1.0,1,0,1,0,0.0,-0.019711509742340833
2432,frozen,45,5,3,0,0,-1.0,-1.0,1,0,1,0,0.0,-0.019711509742340833
2433,frozen,45,4,5,1,1,1.0,1.0,0,nan,nan,nan,0.0,-0.019711509742340833
2434,frozen,45,6,4,0,0,-1.0,-1.0,1,1,0,0,0.0,-0.019711509742340833
2435,frozen,45,7,3,0,0,-1.0,-1.0,1,0,1,0,0.0,-0.019711509742340833
2436,frozen,45,0,5,1,0,-1.0,-1.0,1,0,1,0,0.0,-0.019711509742340833
2437,frozen,45,0,5,1,0,-1.0,-1.0,1,0,1,0,0.0,-0.019711509742340833
2438,frozen,45,6,3,0,0,-1.0,-1.0,1,0,1,0,0.0,-0.019711509742340833
2439,frozen,45,0,3,0,0,-1.0,-1.0,1,0,1,0,0.0,-0.019711509742340833
2440,frozen,45,7,3,0,0,-1.0,-1.0,1,0,1,0,0.0,-0.019711509742340833
2441,frozen,45,3,5,1,0,-1.0,-1.0,1,0,1,0,0.0,-0.019711509742340833
2442,frozen,45,0,5,1,0,-1.0,-1.0,1,0,1,0,0.0,-0.019711509742340833
2443,frozen,45,5,3,0,0,-1.0,-1.0,1,0,1,0,0.0,-0.019711509742340833
2444,frozen,45,7,3,0,0,-1.0,-1.0,1,0,1,0,0.0,-0.019711509742340833
2445,frozen,45,4,5,1,1,1.0,1.0,0,nan,nan,nan,0.0,-0.019711509742340833
2446,frozen,45,6,4,0,0,-1.0,-1.0,1,1,0,0,0.0,-0.019711509742340833
2447,frozen,45,7,3,0,0,-1.0,-1.0,1,0,1,0,0.0,-0.019711509742340833
2448,frozen,45,6,5,1,1,1.0,1.0,0,nan,nan,nan,0.0,-0.019711509742340833
2449,frozen,45,1,4,0,0,-1.0,-1.0,1,1,0,0,0.0,-0.019711509742340833
2450,frozen,45,7,3,0,0,-1.0,-1.0,1,0,1,0,0.0,-0.019711509742340833
2451,frozen,45,2,5,1,0,-1.0,-1.0,1,0,1,0,0.0,-0.019711509742340833
2452,frozen,45,0,5,1,0,-1.0,-1.0,1,0,1,0,0.0,-0.019711509742340833
2453,frozen,45,4,3,0,1,1.0,1.0,0,nan,nan,nan,0.0,-0.019711509742340833
2454,frozen,45,0,2,0,0,-1.0,-1.0,1,1,0,0,0.0,-0.019711509742340833
2455,frozen,45,2,5,1,0,-1.0,-1.0,1,0,1,0,0.0,-0.019711509742340833
2456,frozen,45,3,5,1,0,-1.0,-1.0,1,0,1,0,0.0,-0.019711509742340833
2457,frozen,45,3,5,1,0,-1.0,-1.0,1,0,1,0,0.0,-0.019711509742340833
2458,frozen,45,1,5,1,0,-1.0,-1.0,1,0,1,0,0.0,-0.019711509742340833
2459,frozen,45,7,3,0,0,-1.0,-1.0,1,0,1,0,0.0,-0.019711509742340833
2460,frozen,45,4,5,1,1,1.0,1.0,0,nan,nan,nan,0.0,-0.019711509742340833
2461,frozen,45,3,4,0,1,1.0,1.0,0,nan,nan,nan,0.0,-0.019711509742340833
2462,frozen,45,8,5,1,0,-1.0,-1.0,1,2,0,0,0.0,-0.019711509742340833
2463,frozen,45,6,3,0,0,-1.0,-1.0,1,0,1,0,0.0,-0.019711509742340833
2464,frozen,45,7,3,0,0,-1.0,-1.0,1,0,1,0,0.0,-0.019711509742340833
2465,frozen,45,1,3,0,0,-1.0,-1.0,1,0,1,0,0.0,-0.019711509742340833
2466,frozen,45,5,3,0,0,-1.0,-1.0,1,0,1,0,0.0,-0.019711509742340833
2467,frozen,45,3,5,1,0,-1.0,-1.0,1,0,1,0,0.0,-0.019711509742340833
2468,frozen,45,1,3,0,0,-1.0,-1.0,1,0,1,0,0.0,-0.019711509742340833
2469,frozen,45,5,5,1,1,1.0,1.0,0,nan,nan,nan,0.0,-0.019711509742340833
2470,frozen,45,4,6,1,0,-1.0,-1.0,1,1,0,0,0.0,-0.019711509742340833
2471,frozen,45,5,5,1,1,1.0,1.0,0,nan,nan,nan,0.0,-0.019711509742340833
2472,frozen,45,2,6,1,0,-1.0,-1.0,1,1,0,0,0.0,-0.019711509742340833
2473,frozen,45,6,5,1,1,1.0,1.0,0,nan,nan,nan,0.0,-0.019711509742340833
2474,frozen,45,5,4,0,1,1.0,1.0,0,nan,nan,nan,0.0,-0.019711509742340833
2475,frozen,45,2,3,0,1,1.0,1.0,0,nan,nan,nan,0.0,-0.019711509742340833
2476,frozen,45,4,2,0,0,-1.0,-1.0,1,3,0,1,0.0,-0.019711509742340833
2477,frozen,45,8,5,1,0,-1.0,-1.0,1,0,1,0,0.0,-0.019711509742340833
2478,frozen,45,1,3,0,0,-1.0,-1.0,1,0,1,0,0.0,-0.019711509742340833
2479,frozen,45,5,3,0,0,-1.0,-1.0,1,0,1,0,0.0,-0.019711509742340833
2480,frozen,45,1,5,1,0,-1.0,-1.0,1,0,1,0,0.0,-0.019711509742340833
2481,frozen,45,0,5,1,0,-1.0,-1.0,1,0,1,0,0.0,-0.019711509742340833
2482,frozen,45,5,3,0,0,-1.0,-1.0,1,0,1,0,0.0,-0.019711509742340833
2483,frozen,45,5,5,1,1,1.0,1.0,0,nan,nan,nan,0.0,-0.019711509742340833
2484,frozen,45,8,4,0,0,-1.0,-1.0,1,1,0,0,0.0,-0.019711509742340833
2485,frozen,45,6,3,0,0,-1.0,-1.0,1,0,1,0,0.0,-0.019711509742340833
2486,frozen,45,8,3,0,0,-1.0,-1.0,1,0,1,0,0.0,-0.019711509742340833
2487,frozen,45,3,5,1,0,-1.0,-1.0,1,0,1,0,0.0,-0.019711509742340833
2488,frozen,45,3,5,1,0,-1.0,-1.0,1,0,1,0,0.0,-0.019711509742340833
2489,frozen,45,6,5,1,1,1.0,1.0,0,nan,nan,nan,0.0,-0.019711509742340833
2490,frozen,45,6,4,0,0,-1.0,-1.0,1,1,0,0,0.0,-0.019711509742340833
2491,frozen,45,7,3,0,0,-1.0,-1.0,1,0,1,0,0.0,-0.019711509742340833
2492,frozen,45,0,3,0,0,-1.0,-1.0,1,0,1,0,0.0,-0.019711509742340833
2493,frozen,45,5,3,0,0,-1.0,-1.0,1,0,1,0,0.0,-0.019711509742340833
2494,frozen,45,8,3,0,0,-1.0,-1.0,1,0,1,0,0.0,-0.019711509742340833
2495,frozen,45,1,3,0,0,-1.0,-1.0,1,0,1,0,0.0,-0.019711509742340833
2496,frozen,45,1,5,1,0,-1.0,-1.0,1,0,1,0,0.0,-0.019711509742340833
2497,frozen,45,2,5,1,0,-1.0,-1.0,1,0,1,0,0.0,-0.019711509742340833
2498,frozen,45,5,3,0,0,-1.0,-1.0,1,0,1,0,0.0,-0.019711509742340833
2499,frozen,45,2,3,0,1,1.0,1.0,0,nan,nan,nan,0.0,-0.019711509742340833
2500,frozen,45,5,2,0,0,-1.0,-1.0,1,1,0,0,0.0,-0.019711509742340833
2501,frozen,45,2,5,1,0,-1.0,-1.0,1,0,1,0,0.0,-0.019711509742340833
2502,frozen,45,0,5,1,0,-1.0,-1.0,1,0,1,0,0.0,-0.019711509742340833
2503,frozen,45,4,3,0,1,1.0,1.0,0,nan,nan,nan,0.0,-0.019711509742340833
2504,frozen,45,5,4,1,1,1.0,1.0,0,nan,nan,nan,0.0,-0.019711509742340833
2505,frozen,45,6,3,0,0,-1.0,-1.0,1,2,0,0,0.0,-0.019711509742340833
2506,frozen,45,8,3,0,0,-1.0,-1.0,1,0,1,0,0.0,-0.019711509742340833
2507,frozen,45,3,5,1,0,-1.0,-1.0,1,0,1,0,0.0,-0.019711509742340833
2508,frozen,45,6,3,0,0,-1.0,-1.0,1,0,1,0,0.0,-0.019711509742340833
2509,frozen,45,1,5,1,0,-1.0,-1.0,1,0,1,0,0.0,-0.019711509742340833
2510,frozen,45,0,5,1,0,-1.0,-1.0,1,0,1,0,0.0,-0.019711509742340833
2511,frozen,45,1,3,0,0,-1.0,-1.0,1,0,1,0,0.0,-0.019711509742340833
2512,frozen,45,6,5,1,1,1.0,1.0,0,nan,nan,nan,0.0,-0.019711509742340833
2513,frozen,45,3,6,1,0,-1.0,-1.0,1,1,0,0,0.0,-0.019711509742340833
2514,frozen,45,1,5,1,0,-1.0,-1.0,1,0,1,0,0.0,-0.019711509742340833
2515,frozen,45,1,5,1,0,-1.0,-1.0,1,0,1,0,0.0,-0.019711509742340833
2516,frozen,45,2,3,0,1,1.0,1.0,0,nan,nan,nan,0.0,-0.019711509742340833
2517,frozen,45,3,4,1,1,1.0,1.0,0,nan,nan,nan,0.0,-0.019711509742340833
2518,frozen,45,4,3,0,1,1.0,1.0,0,nan,nan,nan,0.0,-0.019711509742340833
2519,frozen,45,1,2,0,1,1.0,1.0,0,nan,nan,nan,0.0,-0.019711509742340833
2520,frozen,45,6,1,0,0,-1.0,-1.0,1,4,0,1,0.0,-0.019711509742340833
2521,frozen,45,0,5,1,0,-1.0,-1.0,1,0,1,0,0.0,-0.019711509742340833
2522,frozen,45,2,3,0,1,1.0,1.0,0,nan,nan,nan,0.0,-0.019711509742340833
2523,frozen,45,6,2,0,0,-1.0,-1.0,1,1,0,0,0.0,-0.019711509742340833
2524,frozen,45,1,5,1,0,-1.0,-1.0,1,0,1,0,0.0,-0.019711509742340833
2525,frozen,45,7,3,0,0,-1.0,-1.0,1,0,1,0,0.0,-0.019711509742340833
2526,frozen,45,2,5,1,0,-1.0,-1.0,1,0,1,0,0.0,-0.019711509742340833
2527,frozen,45,7,3,0,0,-1.0,-1.0,1,0,1,0,0.0,-0.019711509742340833
2528,frozen,45,6,5,1,1,1.0,1.0,0,nan,nan,nan,0.0,-0.019711509742340833
2529,frozen,45,3,4,0,1,1.0,1.0,0,nan,nan,nan,0.0,-0.019711509742340833
2530,frozen,45,0,3,0,0,-1.0,-1.0,1,2,0,0,0.0,-0.019711509742340833
2531,frozen,45,3,5,1,0,-1.0,-1.0,1,0,1,0,0.0,-0.019711509742340833
2532,frozen,45,6,5,1,1,1.0,1.0,0,nan,nan,nan,0.0,-0.019711509742340833
2533,frozen,45,5,4,0,1,1.0,1.0,0,nan,nan,nan,0.0,-0.019711509742340833
2534,frozen,45,6,3,0,0,-1.0,-1.0,1,2,0,0,0.0,-0.019711509742340833
2535,frozen,45,7,3,0,0,-1.0,-1.0,1,0,1,0,0.0,-0.019711509742340833
2536,frozen,45,3,5,1,0,-1.0,-1.0,1,0,1,0,0.0,-0.019711509742340833
2537,frozen,45,3,5,1,0,-1.0,-1.0,1,0,1,0,0.0,-0.019711509742340833
2538,frozen,45,8,5,1,0,-1.0,-1.0,1,0,1,0,0.0,-0.019711509742340833
2539,frozen,45,1,3,0,0,-1.0,-1.0,1,0,1,0,0.0,-0.019711509742340833
2540,frozen,45,4,5,1,1,1.0,1.0,0,nan,nan,nan,0.0,-0.019711509742340833
2541,frozen,45,8,4,0,0,-1.0,-1.0,1,1,0,0,0.0,-0.019711509742340833
2542,frozen,45,4,3,0,1,1.0,1.0,0,nan,nan,nan,0.0,-0.019711509742340833
2543,frozen,45,8,4,1,0,-1.0,-1.0,1,1,0,0,0.0,-0.019711509742340833
2544,frozen,45,3,5,1,0,-1.0,-1.0,1,0,1,0,0.0,-0.019711509742340833
2545,frozen,45,7,3,0,0,-1.0,-1.0,1,0,1,0,0.0,-0.019711509742340833
2546,frozen,45,1,5,1,0,-1.0,-1.0,1,0,1,0,0.0,-0.019711509742340833
2547,frozen,45,6,3,0,0,-1.0,-1.0,1,0,1,0,0.0,-0.019711509742340833
2548,frozen,45,1,5,1,0,-1.0,-1.0,1,0,1,0,0.0,-0.019711509742340833
2549,frozen,45,0,3,0,0,-1.0,-1.0,1,0,1,0,0.0,-0.019711509742340833
2550,frozen,45,5,3,0,0,-1.0,-1.0,1,0,1,0,0.0,-0.019711509742340833
2551,frozen,45,0,3,0,0,-1.0,-1.0,1,0,1,0,0.0,-0.019711509742340833
2552,frozen,45,0,5,1,0,-1.0,-1.0,1,0,1,0,0.0,-0.019711509742340833
2553,frozen,45,5,5,1,1,1.0,1.0,0,nan,nan,nan,0.0,-0.019711509742340833
2554,frozen,45,2,6,1,0,-1.0,-1.0,1,1,0,0,0.0,-0.019711509742340833
2555,frozen,45,3,5,1,0,-1.0,-1.0,1,0,1,0,0.0,-0.019711509742340833
2556,frozen,45,6,5,1,1,1.0,1.0,0,nan,nan,nan,0.0,-0.019711509742340833
2557,frozen,45,5,6,1,1,1.0,1.0,0,nan,nan,nan,0.0,-0.019711509742340833
2558,frozen,45,2,5,0,0,-1.0,-1.0,1,2,0,0,0.0,-0.019711509742340833
2559,frozen,45,6,3,0,0,-1.0,-1.0,1,0,1,0,0.0,-0.019711509742340833
2560,frozen,45,0,3,0,0,-1.0,-1.0,1,0,1,0,0.0,-0.019711509742340833
2561,frozen,45,6,3,0,0,-1.0,-1.0,1,0,1,0,0.0,-0.019711509742340833
2562,frozen,45,7,3,0,0,-1.0,-1.0,1,0,1,0,0.0,-0.019711509742340833
2563,frozen,45,3,5,1,0,-1.0,-1.0,1,0,1,0,0.0,-0.019711509742340833
2564,frozen,45,0,5,1,0,-1.0,-1.0,1,0,1,0,0.0,-0.019711509742340833
2565,frozen,45,2,5,1,0,-1.0,-1.0,1,0,1,0,0.0,-0.019711509742340833
2566,frozen,45,8,5,1,0,-1.0,-1.0,1,0,1,0,0.0,-0.019711509742340833
2567,frozen,45,4,5,1,1,1.0,1.0,0,nan,nan,nan,0.0,-0.019711509742340833
2568,frozen,45,5,6,1,1,1.0,1.0,0,nan,nan,nan,0.0,-0.019711509742340833
2569,frozen,45,2,7,1,0,-1.0,-1.0,1,2,0,0,0.0,-0.019711509742340833
2570,frozen,45,1,5,1,0,-1.0,-1.0,1,0,1,0,0.0,-0.019711509742340833
2571,frozen,45,0,3,0,0,-1.0,-1.0,1,0,1,0,0.0,-0.019711509742340833
2572,frozen,45,6,3,0,0,-1.0,-1.0,1,0,1,0,0.0,-0.019711509742340833
2573,frozen,45,5,5,1,1,1.0,1.0,0,nan,nan,nan,0.0,-0.019711509742340833
2574,frozen,45,5,6,1,1,1.0,1.0,0,nan,nan,nan,0.0,-0.019711509742340833
2575,frozen,45,1,7,1,0,-1.0,-1.0,1,2,0,0,0.0,-0.019711509742340833
2576,frozen,45,6,3,0,0,-1.0,-1.0,1,0,1,0,0.0,-0.019711509742340833
2577,frozen,45,0,3,0,0,-1.0,-1.0,1,0,1,0,0.0,-0.019711509742340833
2578,frozen,45,7,3,0,0,-1.0,-1.0,1,0,1,0,0.0,-0.019711509742340833
2579,frozen,45,1,5,1,0,-1.0,-1.0,1,0,1,0,0.0,-0.019711509742340833
2580,frozen,45,2,5,1,0,-1.0,-1.0,1,0,1,0,0.0,-0.019711509742340833
2581,frozen,45,8,5,1,0,-1.0,-1.0,1,0,1,0,0.0,-0.019711509742340833
2582,frozen,45,0,5,1,0,-1.0,-1.0,1,0,1,0,0.0,-0.019711509742340833
2583,frozen,45,7,3,0,0,-1.0,-1.0,1,0,1,0,0.0,-0.019711509742340833
2584,frozen,45,7,3,0,0,-1.0,-1.0,1,0,1,0,0.0,-0.019711509742340833
2585,frozen,45,2,3,0,1,1.0,1.0,0,nan,nan,nan,0.0,-0.019711509742340833
2586,frozen,45,1,4,1,0,-1.0,-1.0,1,1,0,0,0.0,-0.019711509742340833
2587,frozen,45,0,3,0,0,-1.0,-1.0,1,0,1,0,0.0,-0.019711509742340833
2588,frozen,45,3,5,1,0,-1.0,-1.0,1,0,1,0,0.0,-0.019711509742340833
2589,frozen,45,7,3,0,0,-1.0,-1.0,1,0,1,0,0.0,-0.019711509742340833
2590,frozen,45,8,5,1,0,-1.0,-1.0,1,0,1,0,0.0,-0.019711509742340833
2591,frozen,45,4,3,0,1,1.0,1.0,0,nan,nan,nan,0.0,-0.019711509742340833
2592,frozen,45,3,2,0,1,1.0,1.0,0,nan,nan,nan,0.0,-0.019711509742340833
2593,frozen,45,1,3,1,0,-1.0,-1.0,1,2,0,0,0.0,-0.019711509742340833
2594,frozen,45,4,5,1,1,1.0,1.0,0,nan,nan,nan,0.0,-0.019711509742340833
2595,frozen,45,0,4,0,0,-1.0,-1.0,1,1,0,0,0.0,-0.019711509742340833
2596,frozen,45,7,3,0,0,-1.0,-1.0,1,0,1,0,0.0,-0.019711509742340833
2597,frozen,45,5,5,1,1,1.0,1.0,0,nan,nan,nan,0.0,-0.019711509742340833
2598,frozen,45,6,4,0,0,-1.0,-1.0,1,1,0,0,0.0,-0.019711509742340833
2599,frozen,45,8,3,0,0,-1.0,-1.0,1,0,1,0,0.0,-0.019711509742340833
2600,frozen,45,6,5,1,1,1.0,1.0,0,nan,nan,nan,0.0,-0.019711509742340833
2601,frozen,45,2,4,0,0,-1.0,-1.0,1,1,0,0,0.0,-0.019711509742340833
2602,frozen,45,5,3,0,0,-1.0,-1.0,1,0,1,0,0.0,-0.019711509742340833
2603,frozen,45,8,3,0,0,-1.0,-1.0,1,0,1,0,0.0,-0.019711509742340833
2604,frozen,45,2,3,0,1,1.0,1.0,0,nan,nan,nan,0.0,-0.019711509742340833
2605,frozen,45,0,4,1,0,-1.0,-1.0,1,1,0,0,0.0,-0.019711509742340833
2606,frozen,45,6,3,0,0,-1.0,-1.0,1,0,1,0,0.0,-0.019711509742340833
2607,frozen,45,5,5,1,1,1.0,1.0,0,nan,nan,nan,0.0,-0.019711509742340833
2608,frozen,45,3,6,1,0,-1.0,-1.0,1,1,0,0,0.0,-0.019711509742340833
2609,frozen,45,8,3,0,0,-1.0,-1.0,1,0,1,0,0.0,-0.019711509742340833
2610,frozen,45,2,3,0,1,1.0,1.0,0,nan,nan,nan,0.0,-0.019711509742340833
2611,frozen,45,0,4,1,0,-1.0,-1.0,1,1,0,0,0.0,-0.019711509742340833
2612,frozen,45,2,3,0,1,1.0,1.0,0,nan,nan,nan,0.0,-0.019711509742340833
2613,frozen,45,3,2,0,1,1.0,1.0,0,nan,nan,nan,0.0,-0.019711509742340833
2614,frozen,45,3,3,1,1,1.0,1.0,0,nan,nan,nan,0.0,-0.019711509742340833
2615,frozen,45,5,2,0,0,-1.0,-1.0,1,3,0,1,0.0,-0.019711509742340833
2616,frozen,45,5,5,1,1,1.0,1.0,0,nan,nan,nan,0.0,-0.019711509742340833
2617,frozen,45,4,6,1,0,-1.0,-1.0,1,1,0,0,0.0,-0.019711509742340833
2618,frozen,45,5,3,0,0,-1.0,-1.0,1,0,1,0,0.0,-0.019711509742340833
2619,frozen,45,1,5,1,0,-1.0,-1.0,1,0,1,0,0.0,-0.019711509742340833
2620,frozen,45,8,5,1,0,-1.0,-1.0,1,0,1,0,0.0,-0.019711509742340833
2621,frozen,45,5,3,0,0,-1.0,-1.0,1,0,1,0,0.0,-0.019711509742340833
2622,frozen,45,6,5,1,1,1.0,1.0,0,nan,nan,nan,0.0,-0.019711509742340833
2623,frozen,45,5,4,0,1,1.0,1.0,0,nan,nan,nan,0.0,-0.019711509742340833
2624,frozen,45,8,3,0,0,-1.0,-1.0,1,2,0,0,0.0,-0.019711509742340833
2625,frozen,45,4,5,1,1,1.0,1.0,0,nan,nan,nan,0.0,-0.019711509742340833
2626,frozen,45,8,4,0,0,-1.0,-1.0,1,1,0,0,0.0,-0.019711509742340833
2627,frozen,45,6,5,1,1,1.0,1.0,0,nan,nan,nan,0.0,-0.019711509742340833
2628,frozen,45,5,4,0,1,1.0,1.0,0,nan,nan,nan,0.0,-0.019711509742340833
2629,frozen,45,4,5,1,1,1.0,1.0,0,nan,nan,nan,0.0,-0.019711509742340833
2630,frozen,45,1,4,0,0,-1.0,-1.0,1,3,0,1,0.0,-0.019711509742340833
2631,frozen,45,4,3,0,1,1.0,1.0,0,nan,nan,nan,0.0,-0.019711509742340833
2632,frozen,45,7,4,1,0,-1.0,-1.0,1,1,0,0,0.0,-0.019711509742340833
2633,frozen,45,3,5,1,0,-1.0,-1.0,1,0,1,0,0.0,-0.019711509742340833
2634,frozen,45,1,3,0,0,-1.0,-1.0,1,0,1,0,0.0,-0.019711509742340833
2635,frozen,45,4,3,0,1,1.0,1.0,0,nan,nan,nan,0.0,-0.019711509742340833
2636,frozen,45,3,2,0,1,1.0,1.0,0,nan,nan,nan,0.0,-0.019711509742340833
2637,frozen,45,8,3,1,0,-1.0,-1.0,1,2,0,0,0.0,-0.019711509742340833
2638,frozen,45,5,5,1,1,1.0,1.0,0,nan,nan,nan,0.0,-0.019711509742340833
2639,frozen,45,7,4,0,0,-1.0,-1.0,1,1,0,0,0.0,-0.019711509742340833
2640,frozen,45,0,3,0,0,-1.0,-1.0,1,0,1,0,0.0,-0.019711509742340833
2641,frozen,45,7,3,0,0,-1.0,-1.0,1,0,1,0,0.0,-0.019711509742340833
2642,frozen,45,5,5,1,1,1.0,1.0,0,nan,nan,nan,0.0,-0.019711509742340833
2643,frozen,45,7,4,0,0,-1.0,-1.0,1,1,0,0,0.0,-0.019711509742340833
2644,frozen,45,1,3,0,0,-1.0,-1.0,1,0,1,0,0.0,-0.019711509742340833
2645,frozen,45,1,5,1,0,-1.0,-1.0,1,0,1,0,0.0,-0.019711509742340833
2646,frozen,45,0,5,1,0,-1.0,-1.0,1,0,1,0,0.0,-0.019711509742340833
2647,frozen,45,8,3,0,0,-1.0,-1.0,1,0,1,0,0.0,-0.019711509742340833
2648,frozen,45,5,5,1,1,1.0,1.0,0,nan,nan,nan,0.0,-0.019711509742340833
2649,frozen,45,0,6,1,0,-1.0,-1.0,1,1,0,0,0.0,-0.019711509742340833
2650,frozen,45,2,3,0,1,1.0,1.0,0,nan,nan,nan,0.0,-0.019711509742340833
2651,frozen,45,7,4,1,0,-1.0,-1.0,1,1,0,0,0.0,-0.019711509742340833
2652,frozen,45,8,3,0,0,-1.0,-1.0,1,0,1,0,0.0,-0.019711509742340833
2653,frozen,45,8,5,1,0,-1.0,-1.0,1,0,1,0,0.0,-0.019711509742340833
2654,frozen,45,5,3,0,0,-1.0,-1.0,1,0,1,0,0.0,-0.019711509742340833
2655,frozen,45,7,3,0,0,-1.0,-1.0,1,0,1,0,0.0,-0.019711509742340833
2656,frozen,45,0,3,0,0,-1.0,-1.0,1,0,1,0,0.0,-0.019711509742340833
2657,frozen,45,8,3,0,0,-1.0,-1.0,1,0,1,0,0.0,-0.019711509742340833
2658,frozen,45,5,5,1,1,1.0,1.0,0,nan,nan,nan,0.0,-0.019711509742340833
2659,frozen,45,2,4,0,0,-1.0,-1.0,1,1,0,0,0.0,-0.019711509742340833
2660,frozen,45,3,5,1,0,-1.0,-1.0,1,0,1,0,0.0,-0.019711509742340833
2661,frozen,45,8,5,1,0,-1.0,-1.0,1,0,1,0,0.0,-0.019711509742340833
2662,frozen,45,7,3,0,0,-1.0,-1.0,1,0,1,0,0.0,-0.019711509742340833
2663,frozen,45,2,5,1,0,-1.0,-1.0,1,0,1,0,0.0,-0.019711509742340833
2664,frozen,45,0,3,0,0,-1.0,-1.0,1,0,1,0,0.0,-0.019711509742340833
2665,frozen,45,3,5,1,0,-1.0,-1.0,1,0,1,0,0.0,-0.019711509742340833
2666,frozen,45,8,3,0,0,-1.0,-1.0,1,0,1,0,0.0,-0.019711509742340833
2667,frozen,45,8,5,1,0,-1.0,-1.0,1,0,1,0,0.0,-0.019711509742340833
2668,frozen,45,5,5,1,1,1.0,1.0,0,nan,nan,nan,0.0,-0.019711509742340833
2669,frozen,45,7,6,1,1,1.0,1.0,0,nan,nan,nan,0.0,-0.019711509742340833
2670,frozen,45,4,7,1,0,-1.0,-1.0,1,2,0,0,0.0,-0.019711509742340833
2671,frozen,45,7,3,0,0,-1.0,-1.0,1,0,1,0,0.0,-0.019711509742340833
2672,frozen,45,1,5,1,0,-1.0,-1.0,1,0,1,0,0.0,-0.019711509742340833
2673,frozen,45,2,3,0,1,1.0,1.0,0,nan,nan,nan,0.0,-0.019711509742340833
2674,frozen,45,1,4,1,0,-1.0,-1.0,1,1,0,0,0.0,-0.019711509742340833
2675,frozen,45,4,5,1,1,1.0,1.0,0,nan,nan,nan,0.0,-0.019711509742340833
2676,frozen,45,1,4,0,0,-1.0,-1.0,1,1,0,0,0.0,-0.019711509742340833
2677,frozen,45,3,5,1,0,-1.0,-1.0,1,0,1,0,0.0,-0.019711509742340833
2678,frozen,45,5,3,0,0,-1.0,-1.0,1,0,1,0,0.0,-0.019711509742340833
2679,frozen,45,3,5,1,0,-1.0,-1.0,1,0,1,0,0.0,-0.019711509742340833
2680,frozen,45,5,3,0,0,-1.0,-1.0,1,0,1,0,0.0,-0.019711509742340833
2681,frozen,45,2,3,0,1,1.0,1.0,0,nan,nan,nan,0.0,-0.019711509742340833
2682,frozen,45,7,2,0,0,-1.0,-1.0,1,1,0,0,0.0,-0.019711509742340833
2683,frozen,45,3,5,1,0,-1.0,-1.0,1,0,1,0,0.0,-0.019711509742340833
2684,frozen,45,4,3,0,1,1.0,1.0,0,nan,nan,nan,0.0,-0.019711509742340833
2685,frozen,45,5,4,1,1,1.0,1.0,0,nan,nan,nan,0.0,-0.019711509742340833
2686,frozen,45,5,3,0,0,-1.0,-1.0,1,2,0,0,0.0,-0.019711509742340833
2687,frozen,45,2,3,0,1,1.0,1.0,0,nan,nan,nan,0.0,-0.019711509742340833
2688,frozen,45,6,4,1,0,-1.0,-1.0,1,1,0,0,0.0,-0.019711509742340833
2689,frozen,45,8,3,0,0,-1.0,-1.0,1,0,1,0,0.0,-0.019711509742340833
2690,frozen,45,8,3,0,0,-1.0,-1.0,1,0,1,0,0.0,-0.019711509742340833
2691,frozen,45,2,3,0,1,1.0,1.0,0,nan,nan,nan,0.0,-0.019711509742340833
2692,frozen,45,2,4,1,0,-1.0,-1.0,1,1,0,0,0.0,-0.019711509742340833
2693,frozen,45,1,5,1,0,-1.0,-1.0,1,0,1,0,0.0,-0.019711509742340833
2694,frozen,45,5,5,1,1,1.0,1.0,0,nan,nan,nan,0.0,-0.019711509742340833
2695,frozen,45,1,6,1,0,-1.0,-1.0,1,1,0,0,0.0,-0.019711509742340833
2696,frozen,45,5,3,0,0,-1.0,-1.0,1,0,1,0,0.0,-0.019711509742340833
2697,frozen,45,3,5,1,0,-1.0,-1.0,1,0,1,0,0.0,-0.019711509742340833
2698,frozen,45,7,3,0,0,-1.0,-1.0,1,0,1,0,0.0,-0.019711509742340833
2699,frozen,45,3,5,1,0,-1.0,-1.0,1,0,1,0,0.0,-0.019711509742340833
2700,frozen,45,6,5,1,1,1.0,1.0,0,nan,nan,nan,0.0,-0.019711509742340833
2701,frozen,45,3,4,0,1,1.0,1.0,0,nan,nan,nan,0.0,-0.019711509742340833
2702,frozen,45,4,5,1,1,1.0,1.0,0,nan,nan,nan,0.0,-0.019711509742340833
2703,frozen,45,3,6,1,0,-1.0,-1.0,1,3,0,1,0.0,-0.019711509742340833
2704,frozen,45,0,3,0,0,-1.0,-1.0,1,0,1,0,0.0,-0.019711509742340833
2705,frozen,45,2,5,1,0,-1.0,-1.0,1,0,1,0,0.0,-0.019711509742340833
2706,frozen,45,1,5,1,0,-1.0,-1.0,1,0,1,0,0.0,-0.019711509742340833
2707,frozen,45,1,3,0,0,-1.0,-1.0,1,0,1,0,0.0,-0.019711509742340833
2708,frozen,45,0,5,1,0,-1.0,-1.0,1,0,1,0,0.0,-0.019711509742340833
2709,frozen,45,3,5,1,0,-1.0,-1.0,1,0,1,0,0.0,-0.019711509742340833
2710,frozen,45,5,3,0,0,-1.0,-1.0,1,0,1,0,0.0,-0.019711509742340833
2711,frozen,45,4,3,0,1,1.0,1.0,0,nan,nan,nan,0.0,-0.019711509742340833
2712,frozen,45,1,4,1,0,-1.0,-1.0,1,1,0,0,0.0,-0.019711509742340833
2713,frozen,45,3,5,1,0,-1.0,-1.0,1,0,1,0,0.0,-0.019711509742340833
2714,frozen,45,8,5,1,0,-1.0,-1.0,1,0,1,0,0.0,-0.019711509742340833
2715,frozen,45,4,5,1,1,1.0,1.0,0,nan,nan,nan,0.0,-0.019711509742340833
2716,frozen,45,3,6,1,0,-1.0,-1.0,1,1,0,0,0.0,-0.019711509742340833
2717,frozen,45,8,3,0,0,-1.0,-1.0,1,0,1,0,0.0,-0.019711509742340833
2718,frozen,45,4,3,0,1,1.0,1.0,0,nan,nan,nan,0.0,-0.019711509742340833
2719,frozen,45,3,4,1,1,1.0,1.0,0,nan,nan,nan,0.0,-0.019711509742340833
2720,frozen,45,0,5,1,0,-1.0,-1.0,1,2,0,0,0.0,-0.019711509742340833
2721,frozen,45,7,3,0,0,-1.0,-1.0,1,0,1,0,0.0,-0.019711509742340833
2722,frozen,45,0,3,0,0,-1.0,-1.0,1,0,1,0,0.0,-0.019711509742340833
2723,frozen,45,4,5,1,1,1.0,1.0,0,nan,nan,nan,0.0,-0.019711509742340833
2724,frozen,45,1,6,1,0,-1.0,-1.0,1,1,0,0,0.0,-0.019711509742340833
2725,frozen,45,8,3,0,0,-1.0,-1.0,1,0,1,0,0.0,-0.019711509742340833
2726,frozen,45,2,5,1,0,-1.0,-1.0,1,0,1,0,0.0,-0.019711509742340833
2727,frozen,45,5,3,0,0,-1.0,-1.0,1,0,1,0,0.0,-0.019711509742340833
2728,frozen,45,3,5,1,0,-1.0,-1.0,1,0,1,0,0.0,-0.019711509742340833
2729,frozen,45,2,5,1,0,-1.0,-1.0,1,0,1,0,0.0,-0.019711509742340833
2730,frozen,45,5,3,0,0,-1.0,-1.0,1,0,1,0,0.0,-0.019711509742340833
2731,frozen,45,5,3,0,0,-1.0,-1.0,1,0,1,0,0.0,-0.019711509742340833
2732,frozen,45,7,3,0,0,-1.0,-1.0,1,0,1,0,0.0,-0.019711509742340833
2733,frozen,45,7,3,0,0,-1.0,-1.0,1,0,1,0,0.0,-0.019711509742340833
2734,frozen,45,4,5,1,1,1.0,1.0,0,nan,nan,nan,0.0,-0.019711509742340833
2735,frozen,45,1,6,1,0,-1.0,-1.0,1,1,0,0,0.0,-0.019711509742340833
2736,frozen,45,1,5,1,0,-1.0,-1.0,1,0,1,0,0.0,-0.019711509742340833
2737,frozen,45,4,3,0,1,1.0,1.0,0,nan,nan,nan,0.0,-0.019711509742340833
2738,frozen,45,5,2,0,0,-1.0,-1.0,1,1,0,0,0.0,-0.019711509742340833
2739,frozen,45,7,3,0,0,-1.0,-1.0,1,0,1,0,0.0,-0.019711509742340833
2740,frozen,45,4,5,1,1,1.0,1.0,0,nan,nan,nan,0.0,-0.019711509742340833
2741,frozen,45,5,4,0,1,1.0,1.0,0,nan,nan,nan,0.0,-0.019711509742340833
2742,frozen,45,0,3,0,0,-1.0,-1.0,1,2,0,0,0.0,-0.019711509742340833
2743,frozen,45,3,5,1,0,-1.0,-1.0,1,0,1,0,0.0,-0.019711509742340833
2744,frozen,45,3,5,1,0,-1.0,-1.0,1,0,1,0,0.0,-0.019711509742340833
2745,frozen,45,8,3,0,0,-1.0,-1.0,1,0,1,0,0.0,-0.019711509742340833
2746,frozen,45,7,3,0,0,-1.0,-1.0,1,0,1,0,0.0,-0.019711509742340833
2747,frozen,45,2,5,1,0,-1.0,-1.0,1,0,1,0,0.0,-0.019711509742340833
2748,frozen,45,2,3,0,1,1.0,1.0,0,nan,nan,nan,0.0,-0.019711509742340833
2749,frozen,45,8,4,1,0,-1.0,-1.0,1,1,0,0,0.0,-0.019711509742340833
2750,frozen,45,8,3,0,0,-1.0,-1.0,1,0,1,0,0.0,-0.019711509742340833
2751,frozen,45,2,5,1,0,-1.0,-1.0,1,0,1,0,0.0,-0.019711509742340833
2752,frozen,45,0,3,0,0,-1.0,-1.0,1,0,1,0,0.0,-0.019711509742340833
2753,frozen,45,7,3,0,0,-1.0,-1.0,1,0,1,0,0.0,-0.019711509742340833
2754,frozen,45,8,5,1,0,-1.0,-1.0,1,0,1,0,0.0,-0.019711509742340833
2755,frozen,45,4,3,0,1,1.0,1.0,0,nan,nan,nan,0.0,-0.019711509742340833
2756,frozen,45,7,2,0,0,-1.0,-1.0,1,1,0,0,0.0,-0.019711509742340833
2757,frozen,45,7,5,1,0,-1.0,-1.0,1,0,1,0,0.0,-0.019711509742340833
2758,frozen,45,4,5,1,1,1.0,1.0,0,nan,nan,nan,0.0,-0.019711509742340833
2759,frozen,45,7,4,0,0,-1.0,-1.0,1,1,0,0,0.0,-0.019711509742340833
2760,frozen,45,1,3,0,0,-1.0,-1.0,1,0,1,0,0.0,-0.019711509742340833
2761,frozen,45,7,3,0,0,-1.0,-1.0,1,0,1,0,0.0,-0.019711509742340833
2762,frozen,45,5,3,0,0,-1.0,-1.0,1,0,1,0,0.0,-0.019711509742340833
2763,frozen,45,2,3,0,1,1.0,1.0,0,nan,nan,nan,0.0,-0.019711509742340833
2764,frozen,45,0,4,1,0,-1.0,-1.0,1,1,0,0,0.0,-0.019711509742340833
2765,frozen,45,3,5,1,0,-1.0,-1.0,1,0,1,0,0.0,-0.019711509742340833
2766,frozen,45,1,3,0,0,-1.0,-1.0,1,0,1,0,0.0,-0.019711509742340833
2767,frozen,45,7,5,1,0,-1.0,-1.0,1,0,1,0,0.0,-0.019711509742340833
2768,frozen,45,5,3,0,0,-1.0,-1.0,1,0,1,0,0.0,-0.019711509742340833
2769,frozen,45,8,3,0,0,-1.0,-1.0,1,0,1,0,0.0,-0.019711509742340833
2770,frozen,45,6,3,0,0,-1.0,-1.0,1,0,1,0,0.0,-0.019711509742340833
2771,frozen,45,4,5,1,1,1.0,1.0,0,nan,nan,nan,0.0,-0.019711509742340833
2772,frozen,45,6,6,1,1,1.0,1.0,0,nan,nan,nan,0.0,-0.019711509742340833
2773,frozen,45,1,5,0,0,-1.0,-1.0,1,2,0,0,0.0,-0.019711509742340833
2774,frozen,45,4,3,0,1,1.0,1.0,0,nan,nan,nan,0.0,-0.019711509742340833
2775,frozen,45,6,2,0,0,-1.0,-1.0,1,1,0,0,0.0,-0.019711509742340833
2776,frozen,45,1,3,0,0,-1.0,-1.0,1,0,1,0,0.0,-0.019711509742340833
2777,frozen,45,7,3,0,0,-1.0,-1.0,1,0,1,0,0.0,-0.019711509742340833
2778,frozen,45,3,5,1,0,-1.0,-1.0,1,0,1,0,0.0,-0.019711509742340833
2779,frozen,45,2,5,1,0,-1.0,-1.0,1,0,1,0,0.0,-0.019711509742340833
2780,frozen,45,8,5,1,0,-1.0,-1.0,1,0,1,0,0.0,-0.019711509742340833
2781,frozen,45,0,3,0,0,-1.0,-1.0,1,0,1,0,0.0,-0.019711509742340833
2782,frozen,45,0,5,1,0,-1.0,-1.0,1,0,1,0,0.0,-0.019711509742340833
2783,frozen,45,4,3,0,1,1.0,1.0,0,nan,nan,nan,0.0,-0.019711509742340833
2784,frozen,45,5,4,1,1,1.0,1.0,0,nan,nan,nan,0.0,-0.019711509742340833
2785,frozen,45,3,3,0,1,1.0,1.0,0,nan,nan,nan,0.0,-0.019711509742340833
2786,frozen,45,0,4,1,0,-1.0,-1.0,1,3,0,1,0.0,-0.019711509742340833
2787,frozen,45,8,5,1,0,-1.0,-1.0,1,0,1,0,0.0,-0.019711509742340833
2788,frozen,45,4,5,1,1,1.0,1.0,0,nan,nan,nan,0.0,-0.019711509742340833
2789,frozen,45,7,6,1,1,1.0,1.0,0,nan,nan,nan,0.0,-0.019711509742340833
2790,frozen,45,2,7,1,0,-1.0,-1.0,1,2,0,0,0.0,-0.019711509742340833
2791,frozen,45,6,5,1,1,1.0,1.0,0,nan,nan,nan,0.0,-0.019711509742340833
2792,frozen,45,0,4,0,0,-1.0,-1.0,1,1,0,0,0.0,-0.019711509742340833
2793,frozen,45,1,3,0,0,-1.0,-1.0,1,0,1,0,0.0,-0.019711509742340833
2794,frozen,45,5,3,0,0,-1.0,-1.0,1,0,1,0,0.0,-0.019711509742340833
2795,frozen,45,7,3,0,0,-1.0,-1.0,1,0,1,0,0.0,-0.019711509742340833
2796,frozen,45,5,3,0,0,-1.0,-1.0,1,0,1,0,0.0,-0.019711509742340833
2797,frozen,45,4,3,0,1,1.0,1.0,0,nan,nan,nan,0.0,-0.019711509742340833
2798,frozen,45,7,4,1,0,-1.0,-1.0,1,1,0,0,0.0,-0.019711509742340833
2799,frozen,45,1,3,0,0,-1.0,-1.0,1,0,1,0,0.0,-0.019711509742340833
2800,frozen,45,6,5,1,1,1.0,1.0,0,nan,nan,nan,0.0,-0.019711509742340833
2801,frozen,45,0,6,1,0,-1.0,-1.0,1,1,0,0,0.0,-0.019711509742340833
2802,frozen,45,7,3,0,0,-1.0,-1.0,1,0,1,0,0.0,-0.019711509742340833
2803,frozen,45,4,3,0,1,1.0,1.0,0,nan,nan,nan,0.0,-0.019711509742340833
2804,frozen,45,3,2,0,1,1.0,1.0,0,nan,nan,nan,0.0,-0.019711509742340833
2805,frozen,45,8,3,1,0,-1.0,-1.0,1,2,0,0,0.0,-0.019711509742340833
2806,frozen,45,0,3,0,0,-1.0,-1.0,1,0,1,0,0.0,-0.019711509742340833
2807,frozen,45,3,5,1,0,-1.0,-1.0,1,0,1,0,0.0,-0.019711509742340833
2808,frozen,45,3,3,0,1,1.0,1.0,0,nan,nan,nan,0.0,-0.019711509742340833
2809,frozen,45,4,2,0,0,-1.0,-1.0,1,1,0,0,0.0,-0.019711509742340833
2810,frozen,45,0,5,1,0,-1.0,-1.0,1,0,1,0,0.0,-0.019711509742340833
2811,frozen,45,6,5,1,1,1.0,1.0,0,nan,nan,nan,0.0,-0.019711509742340833
2812,frozen,45,6,4,0,0,-1.0,-1.0,1,1,0,0,0.0,-0.019711509742340833
2813,frozen,45,4,5,1,1,1.0,1.0,0,nan,nan,nan,0.0,-0.019711509742340833
2814,frozen,45,7,4,0,0,-1.0,-1.0,1,1,0,0,0.0,-0.019711509742340833
2815,frozen,45,8,5,1,0,-1.0,-1.0,1,0,1,0,0.0,-0.019711509742340833
2816,frozen,45,4,3,0,1,1.0,1.0,0,nan,nan,nan,0.0,-0.019711509742340833
2817,frozen,45,4,4,1,1,1.0,1.0,0,nan,nan,nan,0.0,-0.019711509742340833
2818,frozen,45,1,3,0,0,-1.0,-1.0,1,2,0,0,0.0,-0.019711509742340833
2819,frozen,45,4,3,0,1,1.0,1.0,0,nan,nan,nan,0.0,-0.019711509742340833
2820,frozen,45,0,2,0,0,-1.0,-1.0,1,1,0,0,0.0,-0.019711509742340833
2821,frozen,45,4,3,0,1,1.0,1.0,0,nan,nan,nan,0.0,-0.019711509742340833
2822,frozen,45,3,2,0,1,1.0,1.0,0,nan,nan,nan,0.0,-0.019711509742340833
2823,frozen,45,4,3,1,1,1.0,1.0,0,nan,nan,nan,0.0,-0.019711509742340833
2824,frozen,45,7,2,0,0,-1.0,-1.0,1,3,0,1,0.0,-0.019711509742340833
2825,frozen,45,3,5,1,0,-1.0,-1.0,1,0,1,0,0.0,-0.019711509742340833
2826,frozen,45,7,3,0,0,-1.0,-1.0,1,0,1,0,0.0,-0.019711509742340833
2827,frozen,45,3,5,1,0,-1.0,-1.0,1,0,1,0,0.0,-0.019711509742340833
2828,frozen,45,7,3,0,0,-1.0,-1.0,1,0,1,0,0.0,-0.019711509742340833
2829,frozen,45,0,5,1,0,-1.0,-1.0,1,0,1,0,0.0,-0.019711509742340833
2830,frozen,45,2,3,0,1,1.0,1.0,0,nan,nan,nan,0.0,-0.019711509742340833
2831,frozen,45,7,2,0,0,-1.0,-1.0,1,1,0,0,0.0,-0.019711509742340833
2832,frozen,45,5,3,0,0,-1.0,-1.0,1,0,1,0,0.0,-0.019711509742340833
2833,frozen,45,2,3,0,1,1.0,1.0,0,nan,nan,nan,0.0,-0.019711509742340833
2834,frozen,45,6,2,0,0,-1.0,-1.0,1,1,0,0,0.0,-0.019711509742340833
2835,frozen,45,0,5,1,0,-1.0,-1.0,1,0,1,0,0.0,-0.019711509742340833
2836,frozen,45,3,5,1,0,-1.0,-1.0,1,0,1,0,0.0,-0.019711509742340833
2837,frozen,45,3,5,1,0,-1.0,-1.0,1,0,1,0,0.0,-0.019711509742340833
2838,frozen,45,6,3,0,0,-1.0,-1.0,1,0,1,0,0.0,-0.019711509742340833
2839,frozen,45,1,5,1,0,-1.0,-1.0,1,0,1,0,0.0,-0.019711509742340833
2840,frozen,45,4,5,1,1,1.0,1.0,0,nan,nan,nan,0.0,-0.019711509742340833
2841,frozen,45,1,4,0,0,-1.0,-1.0,1,1,0,0,0.0,-0.019711509742340833
2842,frozen,45,3,5,1,0,-1.0,-1.0,1,0,1,0,0.0,-0.019711509742340833
2843,frozen,45,4,3,0,1,1.0,1.0,0,nan,nan,nan,0.0,-0.019711509742340833
2844,frozen,45,5,4,1,1,1.0,1.0,0,nan,nan,nan,0.0,-0.019711509742340833
2845,frozen,45,5,3,0,0,-1.0,-1.0,1,2,0,0,0.0,-0.019711509742340833
2846,frozen,45,1,5,1,0,-1.0,-1.0,1,0,1,0,0.0,-0.019711509742340833
2847,frozen,45,4,5,1,1,1.0,1.0,0,nan,nan,nan,0.0,-0.019711509742340833
2848,frozen,45,2,4,0,0,-1.0,-1.0,1,1,0,0,0.0,-0.019711509742340833
2849,frozen,45,4,5,1,1,1.0,1.0,0,nan,nan,nan,0.0,-0.019711509742340833
2850,frozen,45,4,6,1,0,-1.0,-1.0,1,1,0,0,0.0,-0.019711509742340833
2851,frozen,45,0,3,0,0,-1.0,-1.0,1,0,1,0,0.0,-0.019711509742340833
2852,frozen,45,2,5,1,0,-1.0,-1.0,1,0,1,0,0.0,-0.019711509742340833
2853,frozen,45,2,5,1,0,-1.0,-1.0,1,0,1,0,0.0,-0.019711509742340833
2854,frozen,45,5,3,0,0,-1.0,-1.0,1,0,1,0,0.0,-0.019711509742340833
2855,frozen,45,7,3,0,0,-1.0,-1.0,1,0,1,0,0.0,-0.019711509742340833
2856,frozen,45,4,5,1,1,1.0,1.0,0,nan,nan,nan,0.0,-0.019711509742340833
2857,frozen,45,3,6,1,0,-1.0,-1.0,1,1,0,0,0.0,-0.019711509742340833
2858,frozen,45,4,5,1,1,1.0,1.0,0,nan,nan,nan,0.0,-0.019711509742340833
2859,frozen,45,5,4,0,1,1.0,1.0,0,nan,nan,nan,0.0,-0.019711509742340833
2860,frozen,45,0,3,0,0,-1.0,-1.0,1,2,0,0,0.0,-0.019711509742340833
2861,frozen,45,8,5,1,0,-1.0,-1.0,1,0,1,0,0.0,-0.019711509742340833
2862,frozen,45,1,5,1,0,-1.0,-1.0,1,0,1,0,0.0,-0.019711509742340833
2863,frozen,45,0,3,0,0,-1.0,-1.0,1,0,1,0,0.0,-0.019711509742340833
2864,frozen,45,5,5,1,1,1.0,1.0,0,nan,nan,nan,0.0,-0.019711509742340833
2865,frozen,45,0,4,0,0,-1.0,-1.0,1,1,0,0,0.0,-0.019711509742340833
2866,frozen,45,7,3,0,0,-1.0,-1.0,1,0,1,0,0.0,-0.019711509742340833
2867,frozen,45,1,5,1,0,-1.0,-1.0,1,0,1,0,0.0,-0.019711509742340833
2868,frozen,45,5,5,1,1,1.0,1.0,0,nan,nan,nan,0.0,-0.019711509742340833
2869,frozen,45,2,4,0,0,-1.0,-1.0,1,1,0,0,0.0,-0.019711509742340833
2870,frozen,45,8,3,0,0,-1.0,-1.0,1,0,1,0,0.0,-0.019711509742340833
2871,frozen,45,4,3,0,1,1.0,1.0,0,nan,nan,nan,0.0,-0.019711509742340833
2872,frozen,45,6,2,0,0,-1.0,-1.0,1,1,0,0,0.0,-0.019711509742340833
2873,frozen,45,5,3,0,0,-1.0,-1.0,1,0,1,0,0.0,-0.019711509742340833
2874,frozen,45,2,3,0,1,1.0,1.0,0,nan,nan,nan,0.0,-0.019711509742340833
2875,frozen,45,1,4,1,0,-1.0,-1.0,1,1,0,0,0.0,-0.019711509742340833
2876,frozen,45,3,5,1,0,-1.0,-1.0,1,0,1,0,0.0,-0.019711509742340833
2877,frozen,45,8,3,0,0,-1.0,-1.0,1,0,1,0,0.0,-0.019711509742340833
2878,frozen,45,6,5,1,1,1.0,1.0,0,nan,nan,nan,0.0,-0.019711509742340833
2879,frozen,45,2,4,0,0,-1.0,-1.0,1,1,0,0,0.0,-0.019711509742340833
2880,frozen,45,5,3,0,0,-1.0,-1.0,1,0,1,0,0.0,-0.019711509742340833
2881,frozen,45,5,5,1,1,1.0,1.0,0,nan,nan,nan,0.0,-0.019711509742340833
2882,frozen,45,7,6,1,1,1.0,1.0,0,nan,nan,nan,0.0,-0.019711509742340833
2883,frozen,45,3,5,0,0,-1.0,-1.0,1,2,0,0,0.0,-0.019711509742340833
2884,frozen,45,6,3,0,0,-1.0,-1.0,1,0,1,0,0.0,-0.019711509742340833
2885,frozen,45,7,3,0,0,-1.0,-1.0,1,0,1,0,0.0,-0.019711509742340833
2886,frozen,45,1,5,1,0,-1.0,-1.0,1,0,1,0,0.0,-0.019711509742340833
2887,frozen,45,5,5,1,1,1.0,1.0,0,nan,nan,nan,0.0,-0.019711509742340833
2888,frozen,45,4,6,1,0,-1.0,-1.0,1,1,0,0,0.0,-0.019711509742340833
2889,frozen,45,1,3,0,0,-1.0,-1.0,1,0,1,0,0.0,-0.019711509742340833
2890,frozen,45,6,3,0,0,-1.0,-1.0,1,0,1,0,0.0,-0.019711509742340833
2891,frozen,45,6,3,0,0,-1.0,-1.0,1,0,1,0,0.0,-0.019711509742340833
2892,frozen,45,4,5,1,1,1.0,1.0,0,nan,nan,nan,0.0,-0.019711509742340833
2893,frozen,45,2,6,1,0,-1.0,-1.0,1,1,0,0,0.0,-0.019711509742340833
2894,frozen,45,2,3,0,1,1.0,1.0,0,nan,nan,nan,0.0,-0.019711509742340833
2895,frozen,45,8,4,1,0,-1.0,-1.0,1,1,0,0,0.0,-0.019711509742340833
2896,frozen,45,0,3,0,0,-1.0,-1.0,1,0,1,0,0.0,-0.019711509742340833
2897,frozen,45,5,3,0,0,-1.0,-1.0,1,0,1,0,0.0,-0.019711509742340833
2898,frozen,45,2,3,0,1,1.0,1.0,0,nan,nan,nan,0.0,-0.019711509742340833
2899,frozen,45,3,4,1,1,1.0,1.0,0,nan,nan,nan,0.0,-0.019711509742340833
2900,frozen,45,7,3,0,0,-1.0,-1.0,1,2,0,0,0.0,-0.019711509742340833
2901,frozen,45,6,3,0,0,-1.0,-1.0,1,0,1,0,0.0,-0.019711509742340833
2902,frozen,45,0,3,0,0,-1.0,-1.0,1,0,1,0,0.0,-0.019711509742340833
2903,frozen,45,3,5,1,0,-1.0,-1.0,1,0,1,0,0.0,-0.019711509742340833
2904,frozen,45,3,5,1,0,-1.0,-1.0,1,0,1,0,0.0,-0.019711509742340833
2905,frozen,45,5,5,1,1,1.0,1.0,0,nan,nan,nan,0.0,-0.019711509742340833
2906,frozen,45,7,6,1,1,1.0,1.0,0,nan,nan,nan,0.0,-0.019711509742340833
2907,frozen,45,1,7,1,0,-1.0,-1.0,1,2,0,0,0.0,-0.019711509742340833
2908,frozen,45,1,5,1,0,-1.0,-1.0,1,0,1,0,0.0,-0.019711509742340833
2909,frozen,45,8,5,1,0,-1.0,-1.0,1,0,1,0,0.0,-0.019711509742340833
2910,frozen,45,4,5,1,1,1.0,1.0,0,nan,nan,nan,0.0,-0.019711509742340833
2911,frozen,45,1,6,1,0,-1.0,-1.0,1,1,0,0,0.0,-0.019711509742340833
2912,frozen,45,6,5,1,1,1.0,1.0,0,nan,nan,nan,0.0,-0.019711509742340833
2913,frozen,45,3,6,1,0,-1.0,-1.0,1,1,0,0,0.0,-0.019711509742340833
2914,frozen,45,3,5,1,0,-1.0,-1.0,1,0,1,0,0.0,-0.019711509742340833
2915,frozen,45,2,5,1,0,-1.0,-1.0,1,0,1,0,0.0,-0.019711509742340833
2916,frozen,45,5,3,0,0,-1.0,-1.0,1,0,1,0,0.0,-0.019711509742340833
2917,frozen,45,1,3,0,0,-1.0,-1.0,1,0,1,0,0.0,-0.019711509742340833
2918,frozen,45,5,3,0,0,-1.0,-1.0,1,0,1,0,0.0,-0.019711509742340833
2919,frozen,45,5,5,1,1,1.0,1.0,0,nan,nan,nan,0.0,-0.019711509742340833
2920,frozen,45,0,6,1,0,-1.0,-1.0,1,1,0,0,0.0,-0.019711509742340833
2921,frozen,45,4,5,1,1,1.0,1.0,0,nan,nan,nan,0.0,-0.019711509742340833
2922,frozen,45,6,6,1,1,1.0,1.0,0,nan,nan,nan,0.0,-0.019711509742340833
2923,frozen,45,3,5,0,0,-1.0,-1.0,1,2,0,0,0.0,-0.019711509742340833
2924,frozen,45,4,5,1,1,1.0,1.0,0,nan,nan,nan,0.0,-0.019711509742340833
2925,frozen,45,2,6,1,0,-1.0,-1.0,1,1,0,0,0.0,-0.019711509742340833
2926,frozen,45,0,5,1,0,-1.0,-1.0,1,0,1,0,0.0,-0.019711509742340833
2927,frozen,45,7,3,0,0,-1.0,-1.0,1,0,1,0,0.0,-0.019711509742340833
2928,frozen,45,1,5,1,0,-1.0,-1.0,1,0,1,0,0.0,-0.019711509742340833
2929,frozen,45,1,5,1,0,-1.0,-1.0,1,0,1,0,0.0,-0.019711509742340833
2930,frozen,45,6,3,0,0,-1.0,-1.0,1,0,1,0,0.0,-0.019711509742340833
2931,frozen,45,6,5,1,1,1.0,1.0,0,nan,nan,nan,0.0,-0.019711509742340833
2932,frozen,45,0,6,1,0,-1.0,-1.0,1,1,0,0,0.0,-0.019711509742340833
2933,frozen,45,8,5,1,0,-1.0,-1.0,1,0,1,0,0.0,-0.019711509742340833
2934,frozen,45,8,3,0,0,-1.0,-1.0,1,0,1,0,0.0,-0.019711509742340833
2935,frozen,45,7,3,0,0,-1.0,-1.0,1,0,1,0,0.0,-0.019711509742340833
2936,frozen,45,6,3,0,0,-1.0,-1.0,1,0,1,0,0.0,-0.019711509742340833
2937,frozen,45,7,3,0,0,-1.0,-1.0,1,0,1,0,0.0,-0.019711509742340833
2938,frozen,45,6,3,0,0,-1.0,-1.0,1,0,1,0,0.0,-0.019711509742340833
2939,frozen,45,1,3,0,0,-1.0,-1.0,1,0,1,0,0.0,-0.019711509742340833
2940,frozen,45,5,3,0,0,-1.0,-1.0,1,0,1,0,0.0,-0.019711509742340833
2941,frozen,45,6,5,1,1,1.0,1.0,0,nan,nan,nan,0.0,-0.019711509742340833
2942,frozen,45,5,4,0,1,1.0,1.0,0,nan,nan,nan,0.0,-0.019711509742340833
2943,frozen,45,5,5,1,1,1.0,1.0,0,nan,nan,nan,0.0,-0.019711509742340833
2944,frozen,45,4,6,1,0,-1.0,-1.0,1,3,0,1,0.0,-0.019711509742340833
2945,frozen,45,1,5,1,0,-1.0,-1.0,1,0,1,0,0.0,-0.019711509742340833
2946,frozen,45,2,5,1,0,-1.0,-1.0,1,0,1,0,0.0,-0.019711509742340833
2947,frozen,45,4,3,0,1,1.0,1.0,0,nan,nan,nan,0.0,-0.019711509742340833
2948,frozen,45,5,4,1,1,1.0,1.0,0,nan,nan,nan,0.0,-0.019711509742340833
2949,frozen,45,4,5,1,1,1.0,1.0,0,nan,nan,nan,0.0,-0.019711509742340833
2950,frozen,45,6,4,0,0,-1.0,-1.0,1,3,0,1,0.0,-0.019711509742340833
2951,frozen,45,1,3,0,0,-1.0,-1.0,1,0,1,0,0.0,-0.019711509742340833
2952,frozen,45,7,3,0,0,-1.0,-1.0,1,0,1,0,0.0,-0.019711509742340833
2953,frozen,45,8,3,0,0,-1.0,-1.0,1,0,1,0,0.0,-0.019711509742340833
2954,frozen,45,5,5,1,1,1.0,1.0,0,nan,nan,nan,0.0,-0.019711509742340833
2955,frozen,45,7,6,1,1,1.0,1.0,0,nan,nan,nan,0.0,-0.019711509742340833
2956,frozen,45,2,7,1,0,-1.0,-1.0,1,2,0,0,0.0,-0.019711509742340833
2957,frozen,45,6,5,1,1,1.0,1.0,0,nan,nan,nan,0.0,-0.019711509742340833
2958,frozen,45,2,6,1,0,-1.0,-1.0,1,1,0,0,0.0,-0.019711509742340833
2959,frozen,45,5,3,0,0,-1.0,-1.0,1,0,1,0,0.0,-0.019711509742340833
2960,frozen,45,2,3,0,1,1.0,1.0,0,nan,nan,nan,0.0,-0.019711509742340833
2961,frozen,45,2,4,1,0,-1.0,-1.0,1,1,0,0,0.0,-0.019711509742340833
2962,frozen,45,8,5,1,0,-1.0,-1.0,1,0,1,0,0.0,-0.019711509742340833
2963,frozen,45,1,3,0,0,-1.0,-1.0,1,0,1,0,0.0,-0.019711509742340833
2964,frozen,45,4,3,0,1,1.0,1.0,0,nan,nan,nan,0.0,-0.019711509742340833
2965,frozen,45,6,2,0,0,-1.0,-1.0,1,1,0,0,0.0,-0.019711509742340833
2966,frozen,45,2,3,0,1,1.0,1.0,0,nan,nan,nan,0.0,-0.019711509742340833
2967,frozen,45,1,2,0,1,1.0,1.0,0,nan,nan,nan,0.0,-0.019711509742340833
2968,frozen,45,7,1,0,0,-1.0,-1.0,1,2,0,0,0.0,-0.019711509742340833
2969,frozen,45,0,5,1,0,-1.0,-1.0,1,0,1,0,0.0,-0.019711509742340833
2970,frozen,45,5,5,1,1,1.0,1.0,0,nan,nan,nan,0.0,-0.019711509742340833
2971,frozen,45,7,6,1,1,1.0,1.0,0,nan,nan,nan,0.0,-0.019711509742340833
2972,frozen,45,6,7,1,1,1.0,1.0,0,nan,nan,nan,0.0,-0.019711509742340833
2973,frozen,45,5,8,1,0,-1.0,-1.0,1,3,0,1,0.0,-0.019711509742340833
2974,frozen,45,6,5,1,1,1.0,1.0,0,nan,nan,nan,0.0,-0.019711509742340833
2975,frozen,45,6,4,0,0,-1.0,-1.0,1,1,0,0,0.0,-0.019711509742340833
2976,frozen,45,4,3,0,1,1.0,1.0,0,nan,nan,nan,0.0,-0.019711509742340833
2977,frozen,45,4,4,1,1,1.0,1.0,0,nan,nan,nan,0.0,-0.019711509742340833
2978,frozen,45,6,3,0,0,-1.0,-1.0,1,2,0,0,0.0,-0.019711509742340833
2979,frozen,45,3,5,1,0,-1.0,-1.0,1,0,1,0,0.0,-0.019711509742340833
2980,frozen,45,1,5,1,0,-1.0,-1.0,1,0,1,0,0.0,-0.019711509742340833
2981,frozen,45,7,5,1,0,-1.0,-1.0,1,0,1,0,0.0,-0.019711509742340833
2982,frozen,45,2,5,1,0,-1.0,-1.0,1,0,1,0,0.0,-0.019711509742340833
2983,frozen,45,7,3,0,0,-1.0,-1.0,1,0,1,0,0.0,-0.019711509742340833
2984,frozen,45,2,3,0,1,1.0,1.0,0,nan,nan,nan,0.0,-0.019711509742340833
2985,frozen,45,8,2,0,0,-1.0,-1.0,1,1,0,0,0.0,-0.019711509742340833
2986,frozen,45,5,5,1,1,1.0,1.0,0,nan,nan,nan,0.0,-0.019711509742340833
2987,frozen,45,0,4,0,0,-1.0,-1.0,1,1,0,0,0.0,-0.019711509742340833
2988,frozen,45,3,3,0,1,1.0,1.0,0,nan,nan,nan,0.0,-0.019711509742340833
2989,frozen,45,3,4,1,1,1.0,1.0,0,nan,nan,nan,0.0,-0.019711509742340833
2990,frozen,45,0,5,1,0,-1.0,-1.0,1,2,0,0,0.0,-0.019711509742340833
2991,frozen,45,1,3,0,0,-1.0,-1.0,1,0,1,0,0.0,-0.019711509742340833
2992,frozen,45,1,3,0,0,-1.0,-1.0,1,0,1,0,0.0,-0.019711509742340833
2993,frozen,45,8,5,1,0,-1.0,-1.0,1,0,1,0,0.0,-0.019711509742340833
2994,frozen,45,1,3,0,0,-1.0,-1.0,1,0,1,0,0.0,-0.019711509742340833
2995,frozen,45,6,3,0,0,-1.0,-1.0,1,0,1,0,0.0,-0.019711509742340833
2996,frozen,45,4,3,0,1,1.0,1.0,0,nan,nan,nan,0.0,-0.019711509742340833
2997,frozen,45,1,2,0,1,1.0,1.0,0,nan,nan,nan,0.0,-0.019711509742340833
2998,frozen,45,0,3,1,0,-1.0,-1.0,1,2,0,0,0.0,-0.019711509742340833
2999,frozen,45,0,5,1,0,-1.0,-1.0,1,0,1,0,0.0,-0.019711509742340833
3000,frozen,45,2,5,1,0,-1.0,-1.0,1,0,1,0,0.0,-0.019711509742340833
