trial,condition,seed,ball,paddle,action,hit,natural_reward,reward_used,rally_ended,completed_rally_length,ace,long_rally,mean_abs_weight_change,mean_weight
1,frozen,43,4,3,0,1,1.0,1.0,0,nan,nan,nan,0.0,-0.019859859255841144
2,frozen,43,5,4,1,1,1.0,1.0,0,nan,nan,nan,0.0,-0.019859859255841144
3,frozen,43,3,3,0,1,1.0,1.0,0,nan,nan,nan,0.0,-0.019859859255841144
4,frozen,43,0,4,1,0,-1.0,-1.0,1,3,0,1,0.0,-0.019859859255841144
5,frozen,43,5,3,0,0,-1.0,-1.0,1,0,1,0,0.0,-0.019859859255841144
6,frozen,43,0,3,0,0,-1.0,-1.0,1,0,1,0,0.0,-0.019859859255841144
7,frozen,43,2,5,1,0,-1.0,-1.0,1,0,1,0,0.0,-0.019859859255841144
8,frozen,43,7,5,1,0,-1.0,-1.0,1,0,1,0,0.0,-0.019859859255841144
9,frozen,43,4,5,1,1,1.0,1.0,0,nan,nan,nan,0.0,-0.019859859255841144
10,frozen,43,5,4,0,1,1.0,1.0,0,nan,nan,nan,0.0,-0.019859859255841144
11,frozen,43,8,5,1,0,-1.0,-1.0,1,2,0,0,0.0,-0.019859859255841144
12,frozen,43,2,3,0,1,1.0,1.0,0,nan,nan,nan,0.0,-0.019859859255841144
13,frozen,43,7,2,0,0,-1.0,-1.0,1,1,0,0,0.0,-0.019859859255841144
14,frozen,43,6,3,0,0,-1.0,-1.0,1,0,1,0,0.0,-0.019859859255841144
15,frozen,43,3,3,0,1,1.0,1.0,0,nan,nan,nan,0.0,-0.019859859255841144
16,frozen,43,2,2,0,1,1.0,1.0,0,nan,nan,nan,0.0,-0.019859859255841144
17,frozen,43,2,3,1,1,1.0,1.0,0,nan,nan,nan,0.0,-0.019859859255841144
18,frozen,43,3,2,0,1,1.0,1.0,0,nan,nan,nan,0.0,-0.019859859255841144
19,frozen,43,5,1,0,0,-1.0,-1.0,1,4,0,1,0.0,-0.019859859255841144
20,frozen,43,4,5,1,1,1.0,1.0,0,nan,nan,nan,0.0,-0.019859859255841144
21,frozen,43,1,4,0,0,-1.0,-1.0,1,1,0,0,0.0,-0.019859859255841144
22,frozen,43,8,3,0,0,-1.0,-1.0,1,0,1,0,0.0,-0.019859859255841144
23,frozen,43,3,3,0,1,1.0,1.0,0,nan,nan,nan,0.0,-0.019859859255841144
24,frozen,43,8,2,0,0,-1.0,-1.0,1,1,0,0,0.0,-0.019859859255841144
25,frozen,43,1,3,0,0,-1.0,-1.0,1,0,1,0,0.0,-0.019859859255841144
26,frozen,43,2,3,0,1,1.0,1.0,0,nan,nan,nan,0.0,-0.019859859255841144
27,frozen,43,6,2,0,0,-1.0,-1.0,1,1,0,0,0.0,-0.019859859255841144
28,frozen,43,2,5,1,0,-1.0,-1.0,1,0,1,0,0.0,-0.019859859255841144
29,frozen,43,8,3,0,0,-1.0,-1.0,1,0,1,0,0.0,-0.019859859255841144
30,frozen,43,3,3,0,1,1.0,1.0,0,nan,nan,nan,0.0,-0.019859859255841144
31,frozen,43,4,4,1,1,1.0,1.0,0,nan,nan,nan,0.0,-0.019859859255841144
32,frozen,43,0,3,0,0,-1.0,-1.0,1,2,0,0,0.0,-0.019859859255841144
33,frozen,43,3,5,1,0,-1.0,-1.0,1,0,1,0,0.0,-0.019859859255841144
34,frozen,43,2,3,0,1,1.0,1.0,0,nan,nan,nan,0.0,-0.019859859255841144
35,frozen,43,4,2,0,0,-1.0,-1.0,1,1,0,0,0.0,-0.019859859255841144
36,frozen,43,8,3,0,0,-1.0,-1.0,1,0,1,0,0.0,-0.019859859255841144
37,frozen,43,0,3,0,0,-1.0,-1.0,1,0,1,0,0.0,-0.019859859255841144
38,frozen,43,7,3,0,0,-1.0,-1.0,1,0,1,0,0.0,-0.019859859255841144
39,frozen,43,3,5,1,0,-1.0,-1.0,1,0,1,0,0.0,-0.019859859255841144
40,frozen,43,4,5,1,1,1.0,1.0,0,nan,nan,nan,0.0,-0.019859859255841144
41,frozen,43,4,6,1,0,-1.0,-1.0,1,1,0,0,0.0,-0.019859859255841144
42,frozen,43,4,3,0,1,1.0,1.0,0,nan,nan,nan,0.0,-0.019859859255841144
43,frozen,43,7,2,0,0,-1.0,-1.0,1,1,0,0,0.0,-0.019859859255841144
44,frozen,43,8,3,0,0,-1.0,-1.0,1,0,1,0,0.0,-0.019859859255841144
45,frozen,43,8,3,0,0,-1.0,-1.0,1,0,1,0,0.0,-0.019859859255841144
46,frozen,43,5,3,0,0,-1.0,-1.0,1,0,1,0,0.0,-0.019859859255841144
47,frozen,43,6,3,0,0,-1.0,-1.0,1,0,1,0,0.0,-0.019859859255841144
48,frozen,43,8,3,0,0,-1.0,-1.0,1,0,1,0,0.0,-0.019859859255841144
49,frozen,43,8,3,0,0,-1.0,-1.0,1,0,1,0,0.0,-0.019859859255841144
50,frozen,43,8,3,0,0,-1.0,-1.0,1,0,1,0,0.0,-0.019859859255841144
51,frozen,43,0,3,0,0,-1.0,-1.0,1,0,1,0,0.0,-0.019859859255841144
52,frozen,43,0,3,0,0,-1.0,-1.0,1,0,1,0,0.0,-0.019859859255841144
53,frozen,43,5,3,0,0,-1.0,-1.0,1,0,1,0,0.0,-0.019859859255841144
54,frozen,43,1,3,0,0,-1.0,-1.0,1,0,1,0,0.0,-0.019859859255841144
55,frozen,43,7,5,1,0,-1.0,-1.0,1,0,1,0,0.0,-0.019859859255841144
56,frozen,43,6,3,0,0,-1.0,-1.0,1,0,1,0,0.0,-0.019859859255841144
57,frozen,43,1,3,0,0,-1.0,-1.0,1,0,1,0,0.0,-0.019859859255841144
58,frozen,43,1,5,1,0,-1.0,-1.0,1,0,1,0,0.0,-0.019859859255841144
59,frozen,43,0,3,0,0,-1.0,-1.0,1,0,1,0,0.0,-0.019859859255841144
60,frozen,43,3,3,0,1,1.0,1.0,0,nan,nan,nan,0.0,-0.019859859255841144
61,frozen,43,7,2,0,0,-1.0,-1.0,1,1,0,0,0.0,-0.019859859255841144
62,frozen,43,2,5,1,0,-1.0,-1.0,1,0,1,0,0.0,-0.019859859255841144
63,frozen,43,6,5,1,1,1.0,1.0,0,nan,nan,nan,0.0,-0.019859859255841144
64,frozen,43,4,6,1,0,-1.0,-1.0,1,1,0,0,0.0,-0.019859859255841144
65,frozen,43,5,3,0,0,-1.0,-1.0,1,0,1,0,0.0,-0.019859859255841144
66,frozen,43,0,3,0,0,-1.0,-1.0,1,0,1,0,0.0,-0.019859859255841144
67,frozen,43,6,5,1,1,1.0,1.0,0,nan,nan,nan,0.0,-0.019859859255841144
68,frozen,43,4,4,0,1,1.0,1.0,0,nan,nan,nan,0.0,-0.019859859255841144
69,frozen,43,1,3,0,0,-1.0,-1.0,1,2,0,0,0.0,-0.019859859255841144
70,frozen,43,4,5,1,1,1.0,1.0,0,nan,nan,nan,0.0,-0.019859859255841144
71,frozen,43,5,4,0,1,1.0,1.0,0,nan,nan,nan,0.0,-0.019859859255841144
72,frozen,43,1,3,0,0,-1.0,-1.0,1,2,0,0,0.0,-0.019859859255841144
73,frozen,43,4,3,0,1,1.0,1.0,0,nan,nan,nan,0.0,-0.019859859255841144
74,frozen,43,3,4,1,1,1.0,1.0,0,nan,nan,nan,0.0,-0.019859859255841144
75,frozen,43,6,5,1,1,1.0,1.0,0,nan,nan,nan,0.0,-0.019859859255841144
76,frozen,43,4,6,1,0,-1.0,-1.0,1,3,0,1,0.0,-0.019859859255841144
77,frozen,43,0,3,0,0,-1.0,-1.0,1,0,1,0,0.0,-0.019859859255841144
78,frozen,43,2,3,0,1,1.0,1.0,0,nan,nan,nan,0.0,-0.019859859255841144
79,frozen,43,5,2,0,0,-1.0,-1.0,1,1,0,0,0.0,-0.019859859255841144
80,frozen,43,3,3,0,1,1.0,1.0,0,nan,nan,nan,0.0,-0.019859859255841144
81,frozen,43,2,4,1,0,-1.0,-1.0,1,1,0,0,0.0,-0.019859859255841144
82,frozen,43,3,3,0,1,1.0,1.0,0,nan,nan,nan,0.0,-0.019859859255841144
83,frozen,43,2,4,1,0,-1.0,-1.0,1,1,0,0,0.0,-0.019859859255841144
84,frozen,43,0,3,0,0,-1.0,-1.0,1,0,1,0,0.0,-0.019859859255841144
85,frozen,43,6,5,1,1,1.0,1.0,0,nan,nan,nan,0.0,-0.019859859255841144
86,frozen,43,5,6,1,1,1.0,1.0,0,nan,nan,nan,0.0,-0.019859859255841144
87,frozen,43,4,5,0,1,1.0,1.0,0,nan,nan,nan,0.0,-0.019859859255841144
88,frozen,43,0,6,1,0,-1.0,-1.0,1,3,0,1,0.0,-0.019859859255841144
89,frozen,43,6,3,0,0,-1.0,-1.0,1,0,1,0,0.0,-0.019859859255841144
90,frozen,43,5,3,0,0,-1.0,-1.0,1,0,1,0,0.0,-0.019859859255841144
91,frozen,43,7,3,0,0,-1.0,-1.0,1,0,1,0,0.0,-0.019859859255841144
92,frozen,43,0,3,0,0,-1.0,-1.0,1,0,1,0,0.0,-0.019859859255841144
93,frozen,43,2,5,1,0,-1.0,-1.0,1,0,1,0,0.0,-0.019859859255841144
94,frozen,43,4,5,1,1,1.0,1.0,0,nan,nan,nan,0.0,-0.019859859255841144
95,frozen,43,1,4,0,0,-1.0,-1.0,1,1,0,0,0.0,-0.019859859255841144
96,frozen,43,7,3,0,0,-1.0,-1.0,1,0,1,0,0.0,-0.019859859255841144
97,frozen,43,2,5,1,0,-1.0,-1.0,1,0,1,0,0.0,-0.019859859255841144
98,frozen,43,2,3,0,1,1.0,1.0,0,nan,nan,nan,0.0,-0.019859859255841144
99,frozen,43,3,4,1,1,1.0,1.0,0,nan,nan,nan,0.0,-0.019859859255841144
100,frozen,43,0,3,0,0,-1.0,-1.0,1,2,0,0,0.0,-0.019859859255841144
101,frozen,43,1,3,0,0,-1.0,-1.0,1,0,1,0,0.0,-0.019859859255841144
102,frozen,43,2,3,0,1,1.0,1.0,0,nan,nan,nan,0.0,-0.019859859255841144
103,frozen,43,1,4,1,0,-1.0,-1.0,1,1,0,0,0.0,-0.019859859255841144
104,frozen,43,3,5,1,0,-1.0,-1.0,1,0,1,0,0.0,-0.019859859255841144
105,frozen,43,5,3,0,0,-1.0,-1.0,1,0,1,0,0.0,-0.019859859255841144
106,frozen,43,5,3,0,0,-1.0,-1.0,1,0,1,0,0.0,-0.019859859255841144
107,frozen,43,7,3,0,0,-1.0,-1.0,1,0,1,0,0.0,-0.019859859255841144
108,frozen,43,1,5,1,0,-1.0,-1.0,1,0,1,0,0.0,-0.019859859255841144
109,frozen,43,5,3,0,0,-1.0,-1.0,1,0,1,0,0.0,-0.019859859255841144
110,frozen,43,0,3,0,0,-1.0,-1.0,1,0,1,0,0.0,-0.019859859255841144
111,frozen,43,0,3,0,0,-1.0,-1.0,1,0,1,0,0.0,-0.019859859255841144
112,frozen,43,7,3,0,0,-1.0,-1.0,1,0,1,0,0.0,-0.019859859255841144
113,frozen,43,3,3,0,1,1.0,1.0,0,nan,nan,nan,0.0,-0.019859859255841144
114,frozen,43,4,2,0,0,-1.0,-1.0,1,1,0,0,0.0,-0.019859859255841144
115,frozen,43,7,5,1,0,-1.0,-1.0,1,0,1,0,0.0,-0.019859859255841144
116,frozen,43,5,5,1,1,1.0,1.0,0,nan,nan,nan,0.0,-0.019859859255841144
117,frozen,43,6,4,0,0,-1.0,-1.0,1,1,0,0,0.0,-0.019859859255841144
118,frozen,43,7,5,1,0,-1.0,-1.0,1,0,1,0,0.0,-0.019859859255841144
119,frozen,43,5,3,0,0,-1.0,-1.0,1,0,1,0,0.0,-0.019859859255841144
120,frozen,43,6,3,0,0,-1.0,-1.0,1,0,1,0,0.0,-0.019859859255841144
121,frozen,43,1,3,0,0,-1.0,-1.0,1,0,1,0,0.0,-0.019859859255841144
122,frozen,43,7,5,1,0,-1.0,-1.0,1,0,1,0,0.0,-0.019859859255841144
123,frozen,43,3,5,1,0,-1.0,-1.0,1,0,1,0,0.0,-0.019859859255841144
124,frozen,43,2,5,1,0,-1.0,-1.0,1,0,1,0,0.0,-0.019859859255841144
125,frozen,43,1,5,1,0,-1.0,-1.0,1,0,1,0,0.0,-0.019859859255841144
126,frozen,43,1,3,0,0,-1.0,-1.0,1,0,1,0,0.0,-0.019859859255841144
127,frozen,43,1,3,0,0,-1.0,-1.0,1,0,1,0,0.0,-0.019859859255841144
128,frozen,43,0,3,0,0,-1.0,-1.0,1,0,1,0,0.0,-0.019859859255841144
129,frozen,43,2,3,0,1,1.0,1.0,0,nan,nan,nan,0.0,-0.019859859255841144
130,frozen,43,3,2,0,1,1.0,1.0,0,nan,nan,nan,0.0,-0.019859859255841144
131,frozen,43,8,1,0,0,-1.0,-1.0,1,2,0,0,0.0,-0.019859859255841144
132,frozen,43,5,5,1,1,1.0,1.0,0,nan,nan,nan,0.0,-0.019859859255841144
133,frozen,43,6,4,0,0,-1.0,-1.0,1,1,0,0,0.0,-0.019859859255841144
134,frozen,43,5,3,0,0,-1.0,-1.0,1,0,1,0,0.0,-0.019859859255841144
135,frozen,43,7,3,0,0,-1.0,-1.0,1,0,1,0,0.0,-0.019859859255841144
136,frozen,43,7,3,0,0,-1.0,-1.0,1,0,1,0,0.0,-0.019859859255841144
137,frozen,43,8,3,0,0,-1.0,-1.0,1,0,1,0,0.0,-0.019859859255841144
138,frozen,43,7,5,1,0,-1.0,-1.0,1,0,1,0,0.0,-0.019859859255841144
139,frozen,43,6,5,1,1,1.0,1.0,0,nan,nan,nan,0.0,-0.019859859255841144
140,frozen,43,4,4,0,1,1.0,1.0,0,nan,nan,nan,0.0,-0.019859859255841144
141,frozen,43,1,5,1,0,-1.0,-1.0,1,2,0,0,0.0,-0.019859859255841144
142,frozen,43,1,5,1,0,-1.0,-1.0,1,0,1,0,0.0,-0.019859859255841144
143,frozen,43,8,3,0,0,-1.0,-1.0,1,0,1,0,0.0,-0.019859859255841144
144,frozen,43,4,5,1,1,1.0,1.0,0,nan,nan,nan,0.0,-0.019859859255841144
145,frozen,43,7,4,0,0,-1.0,-1.0,1,1,0,0,0.0,-0.019859859255841144
146,frozen,43,8,3,0,0,-1.0,-1.0,1,0,1,0,0.0,-0.019859859255841144
147,frozen,43,0,3,0,0,-1.0,-1.0,1,0,1,0,0.0,-0.019859859255841144
148,frozen,43,7,5,1,0,-1.0,-1.0,1,0,1,0,0.0,-0.019859859255841144
149,frozen,43,2,5,1,0,-1.0,-1.0,1,0,1,0,0.0,-0.019859859255841144
150,frozen,43,6,3,0,0,-1.0,-1.0,1,0,1,0,0.0,-0.019859859255841144
151,frozen,43,4,3,0,1,1.0,1.0,0,nan,nan,nan,0.0,-0.019859859255841144
152,frozen,43,5,2,0,0,-1.0,-1.0,1,1,0,0,0.0,-0.019859859255841144
153,frozen,43,4,5,1,1,1.0,1.0,0,nan,nan,nan,0.0,-0.019859859255841144
154,frozen,43,7,6,1,1,1.0,1.0,0,nan,nan,nan,0.0,-0.019859859255841144
155,frozen,43,8,7,1,1,1.0,1.0,0,nan,nan,nan,0.0,-0.019859859255841144
156,frozen,43,6,8,1,0,-1.0,-1.0,1,3,0,1,0.0,-0.019859859255841144
157,frozen,43,3,5,1,0,-1.0,-1.0,1,0,1,0,0.0,-0.019859859255841144
158,frozen,43,5,3,0,0,-1.0,-1.0,1,0,1,0,0.0,-0.019859859255841144
159,frozen,43,1,5,1,0,-1.0,-1.0,1,0,1,0,0.0,-0.019859859255841144
160,frozen,43,3,5,1,0,-1.0,-1.0,1,0,1,0,0.0,-0.019859859255841144
161,frozen,43,6,5,1,1,1.0,1.0,0,nan,nan,nan,0.0,-0.019859859255841144
162,frozen,43,3,4,0,1,1.0,1.0,0,nan,nan,nan,0.0,-0.019859859255841144
163,frozen,43,8,3,0,0,-1.0,-1.0,1,2,0,0,0.0,-0.019859859255841144
164,frozen,43,4,3,0,1,1.0,1.0,0,nan,nan,nan,0.0,-0.019859859255841144
165,frozen,43,7,4,1,0,-1.0,-1.0,1,1,0,0,0.0,-0.019859859255841144
166,frozen,43,7,5,1,0,-1.0,-1.0,1,0,1,0,0.0,-0.019859859255841144
167,frozen,43,2,5,1,0,-1.0,-1.0,1,0,1,0,0.0,-0.019859859255841144
168,frozen,43,5,3,0,0,-1.0,-1.0,1,0,1,0,0.0,-0.019859859255841144
169,frozen,43,8,3,0,0,-1.0,-1.0,1,0,1,0,0.0,-0.019859859255841144
170,frozen,43,7,5,1,0,-1.0,-1.0,1,0,1,0,0.0,-0.019859859255841144
171,frozen,43,4,3,0,1,1.0,1.0,0,nan,nan,nan,0.0,-0.019859859255841144
172,frozen,43,4,4,1,1,1.0,1.0,0,nan,nan,nan,0.0,-0.019859859255841144
173,frozen,43,7,5,1,0,-1.0,-1.0,1,2,0,0,0.0,-0.019859859255841144
174,frozen,43,4,3,0,1,1.0,1.0,0,nan,nan,nan,0.0,-0.019859859255841144
175,frozen,43,4,2,0,0,-1.0,-1.0,1,1,0,0,0.0,-0.019859859255841144
176,frozen,43,6,5,1,1,1.0,1.0,0,nan,nan,nan,0.0,-0.019859859255841144
177,frozen,43,8,6,1,0,-1.0,-1.0,1,1,0,0,0.0,-0.019859859255841144
178,frozen,43,6,3,0,0,-1.0,-1.0,1,0,1,0,0.0,-0.019859859255841144
179,frozen,43,4,5,1,1,1.0,1.0,0,nan,nan,nan,0.0,-0.019859859255841144
180,frozen,43,1,4,0,0,-1.0,-1.0,1,1,0,0,0.0,-0.019859859255841144
181,frozen,43,2,5,1,0,-1.0,-1.0,1,0,1,0,0.0,-0.019859859255841144
182,frozen,43,8,3,0,0,-1.0,-1.0,1,0,1,0,0.0,-0.019859859255841144
183,frozen,43,7,3,0,0,-1.0,-1.0,1,0,1,0,0.0,-0.019859859255841144
184,frozen,43,2,3,0,1,1.0,1.0,0,nan,nan,nan,0.0,-0.019859859255841144
185,frozen,43,3,2,0,1,1.0,1.0,0,nan,nan,nan,0.0,-0.019859859255841144
186,frozen,43,5,1,0,0,-1.0,-1.0,1,2,0,0,0.0,-0.019859859255841144
187,frozen,43,5,3,0,0,-1.0,-1.0,1,0,1,0,0.0,-0.019859859255841144
188,frozen,43,3,5,1,0,-1.0,-1.0,1,0,1,0,0.0,-0.019859859255841144
189,frozen,43,6,3,0,0,-1.0,-1.0,1,0,1,0,0.0,-0.019859859255841144
190,frozen,43,2,3,0,1,1.0,1.0,0,nan,nan,nan,0.0,-0.019859859255841144
191,frozen,43,8,4,1,0,-1.0,-1.0,1,1,0,0,0.0,-0.019859859255841144
192,frozen,43,8,3,0,0,-1.0,-1.0,1,0,1,0,0.0,-0.019859859255841144
193,frozen,43,2,3,0,1,1.0,1.0,0,nan,nan,nan,0.0,-0.019859859255841144
194,frozen,43,6,2,0,0,-1.0,-1.0,1,1,0,0,0.0,-0.019859859255841144
195,frozen,43,4,5,1,1,1.0,1.0,0,nan,nan,nan,0.0,-0.019859859255841144
196,frozen,43,2,6,1,0,-1.0,-1.0,1,1,0,0,0.0,-0.019859859255841144
197,frozen,43,5,5,1,1,1.0,1.0,0,nan,nan,nan,0.0,-0.019859859255841144
198,frozen,43,6,4,0,0,-1.0,-1.0,1,1,0,0,0.0,-0.019859859255841144
199,frozen,43,4,5,1,1,1.0,1.0,0,nan,nan,nan,0.0,-0.019859859255841144
200,frozen,43,6,4,0,0,-1.0,-1.0,1,1,0,0,0.0,-0.019859859255841144
201,frozen,43,8,3,0,0,-1.0,-1.0,1,0,1,0,0.0,-0.019859859255841144
202,frozen,43,3,3,0,1,1.0,1.0,0,nan,nan,nan,0.0,-0.019859859255841144
203,frozen,43,3,2,0,1,1.0,1.0,0,nan,nan,nan,0.0,-0.019859859255841144
204,frozen,43,8,1,0,0,-1.0,-1.0,1,2,0,0,0.0,-0.019859859255841144
205,frozen,43,7,5,1,0,-1.0,-1.0,1,0,1,0,0.0,-0.019859859255841144
206,frozen,43,8,3,0,0,-1.0,-1.0,1,0,1,0,0.0,-0.019859859255841144
207,frozen,43,6,5,1,1,1.0,1.0,0,nan,nan,nan,0.0,-0.019859859255841144
208,frozen,43,2,6,1,0,-1.0,-1.0,1,1,0,0,0.0,-0.019859859255841144
209,frozen,43,5,3,0,0,-1.0,-1.0,1,0,1,0,0.0,-0.019859859255841144
210,frozen,43,6,3,0,0,-1.0,-1.0,1,0,1,0,0.0,-0.019859859255841144
211,frozen,43,3,3,0,1,1.0,1.0,0,nan,nan,nan,0.0,-0.019859859255841144
212,frozen,43,1,4,1,0,-1.0,-1.0,1,1,0,0,0.0,-0.019859859255841144
213,frozen,43,6,3,0,0,-1.0,-1.0,1,0,1,0,0.0,-0.019859859255841144
214,frozen,43,1,5,1,0,-1.0,-1.0,1,0,1,0,0.0,-0.019859859255841144
215,frozen,43,8,3,0,0,-1.0,-1.0,1,0,1,0,0.0,-0.019859859255841144
216,frozen,43,6,3,0,0,-1.0,-1.0,1,0,1,0,0.0,-0.019859859255841144
217,frozen,43,7,3,0,0,-1.0,-1.0,1,0,1,0,0.0,-0.019859859255841144
218,frozen,43,8,3,0,0,-1.0,-1.0,1,0,1,0,0.0,-0.019859859255841144
219,frozen,43,8,3,0,0,-1.0,-1.0,1,0,1,0,0.0,-0.019859859255841144
220,frozen,43,4,3,0,1,1.0,1.0,0,nan,nan,nan,0.0,-0.019859859255841144
221,frozen,43,3,2,0,1,1.0,1.0,0,nan,nan,nan,0.0,-0.019859859255841144
222,frozen,43,2,3,1,1,1.0,1.0,0,nan,nan,nan,0.0,-0.019859859255841144
223,frozen,43,6,2,0,0,-1.0,-1.0,1,3,0,1,0.0,-0.019859859255841144
224,frozen,43,2,5,1,0,-1.0,-1.0,1,0,1,0,0.0,-0.019859859255841144
225,frozen,43,6,3,0,0,-1.0,-1.0,1,0,1,0,0.0,-0.019859859255841144
226,frozen,43,4,3,0,1,1.0,1.0,0,nan,nan,nan,0.0,-0.019859859255841144
227,frozen,43,2,4,1,0,-1.0,-1.0,1,1,0,0,0.0,-0.019859859255841144
228,frozen,43,5,3,0,0,-1.0,-1.0,1,0,1,0,0.0,-0.019859859255841144
229,frozen,43,1,3,0,0,-1.0,-1.0,1,0,1,0,0.0,-0.019859859255841144
230,frozen,43,8,3,0,0,-1.0,-1.0,1,0,1,0,0.0,-0.019859859255841144
231,frozen,43,2,5,1,0,-1.0,-1.0,1,0,1,0,0.0,-0.019859859255841144
232,frozen,43,6,5,1,1,1.0,1.0,0,nan,nan,nan,0.0,-0.019859859255841144
233,frozen,43,5,4,0,1,1.0,1.0,0,nan,nan,nan,0.0,-0.019859859255841144
234,frozen,43,7,5,1,0,-1.0,-1.0,1,2,0,0,0.0,-0.019859859255841144
235,frozen,43,6,5,1,1,1.0,1.0,0,nan,nan,nan,0.0,-0.019859859255841144
236,frozen,43,6,4,0,0,-1.0,-1.0,1,1,0,0,0.0,-0.019859859255841144
237,frozen,43,4,3,0,1,1.0,1.0,0,nan,nan,nan,0.0,-0.019859859255841144
238,frozen,43,3,4,1,1,1.0,1.0,0,nan,nan,nan,0.0,-0.019859859255841144
239,frozen,43,0,3,0,0,-1.0,-1.0,1,2,0,0,0.0,-0.019859859255841144
240,frozen,43,8,3,0,0,-1.0,-1.0,1,0,1,0,0.0,-0.019859859255841144
241,frozen,43,4,5,1,1,1.0,1.0,0,nan,nan,nan,0.0,-0.019859859255841144
242,frozen,43,5,6,1,1,1.0,1.0,0,nan,nan,nan,0.0,-0.019859859255841144
243,frozen,43,8,7,1,1,1.0,1.0,0,nan,nan,nan,0.0,-0.019859859255841144
244,frozen,43,4,8,1,0,-1.0,-1.0,1,3,0,1,0.0,-0.019859859255841144
245,frozen,43,0,3,0,0,-1.0,-1.0,1,0,1,0,0.0,-0.019859859255841144
246,frozen,43,6,5,1,1,1.0,1.0,0,nan,nan,nan,0.0,-0.019859859255841144
247,frozen,43,1,4,0,0,-1.0,-1.0,1,1,0,0,0.0,-0.019859859255841144
248,frozen,43,6,5,1,1,1.0,1.0,0,nan,nan,nan,0.0,-0.019859859255841144
249,frozen,43,6,4,0,0,-1.0,-1.0,1,1,0,0,0.0,-0.019859859255841144
250,frozen,43,5,3,0,0,-1.0,-1.0,1,0,1,0,0.0,-0.019859859255841144
251,frozen,43,3,5,1,0,-1.0,-1.0,1,0,1,0,0.0,-0.019859859255841144
252,frozen,43,4,5,1,1,1.0,1.0,0,nan,nan,nan,0.0,-0.019859859255841144
253,frozen,43,1,6,1,0,-1.0,-1.0,1,1,0,0,0.0,-0.019859859255841144
254,frozen,43,8,3,0,0,-1.0,-1.0,1,0,1,0,0.0,-0.019859859255841144
255,frozen,43,2,5,1,0,-1.0,-1.0,1,0,1,0,0.0,-0.019859859255841144
256,frozen,43,4,5,1,1,1.0,1.0,0,nan,nan,nan,0.0,-0.019859859255841144
257,frozen,43,0,6,1,0,-1.0,-1.0,1,1,0,0,0.0,-0.019859859255841144
258,frozen,43,4,5,1,1,1.0,1.0,0,nan,nan,nan,0.0,-0.019859859255841144
259,frozen,43,8,6,1,0,-1.0,-1.0,1,1,0,0,0.0,-0.019859859255841144
260,frozen,43,8,3,0,0,-1.0,-1.0,1,0,1,0,0.0,-0.019859859255841144
261,frozen,43,5,3,0,0,-1.0,-1.0,1,0,1,0,0.0,-0.019859859255841144
262,frozen,43,8,3,0,0,-1.0,-1.0,1,0,1,0,0.0,-0.019859859255841144
263,frozen,43,0,3,0,0,-1.0,-1.0,1,0,1,0,0.0,-0.019859859255841144
264,frozen,43,5,3,0,0,-1.0,-1.0,1,0,1,0,0.0,-0.019859859255841144
265,frozen,43,7,5,1,0,-1.0,-1.0,1,0,1,0,0.0,-0.019859859255841144
266,frozen,43,3,5,1,0,-1.0,-1.0,1,0,1,0,0.0,-0.019859859255841144
267,frozen,43,4,3,0,1,1.0,1.0,0,nan,nan,nan,0.0,-0.019859859255841144
268,frozen,43,1,4,1,0,-1.0,-1.0,1,1,0,0,0.0,-0.019859859255841144
269,frozen,43,4,3,0,1,1.0,1.0,0,nan,nan,nan,0.0,-0.019859859255841144
270,frozen,43,0,4,1,0,-1.0,-1.0,1,1,0,0,0.0,-0.019859859255841144
271,frozen,43,7,5,1,0,-1.0,-1.0,1,0,1,0,0.0,-0.019859859255841144
272,frozen,43,2,5,1,0,-1.0,-1.0,1,0,1,0,0.0,-0.019859859255841144
273,frozen,43,2,5,1,0,-1.0,-1.0,1,0,1,0,0.0,-0.019859859255841144
274,frozen,43,0,3,0,0,-1.0,-1.0,1,0,1,0,0.0,-0.019859859255841144
275,frozen,43,0,3,0,0,-1.0,-1.0,1,0,1,0,0.0,-0.019859859255841144
276,frozen,43,7,3,0,0,-1.0,-1.0,1,0,1,0,0.0,-0.019859859255841144
277,frozen,43,3,5,1,0,-1.0,-1.0,1,0,1,0,0.0,-0.019859859255841144
278,frozen,43,2,3,0,1,1.0,1.0,0,nan,nan,nan,0.0,-0.019859859255841144
279,frozen,43,8,4,1,0,-1.0,-1.0,1,1,0,0,0.0,-0.019859859255841144
280,frozen,43,1,3,0,0,-1.0,-1.0,1,0,1,0,0.0,-0.019859859255841144
281,frozen,43,0,3,0,0,-1.0,-1.0,1,0,1,0,0.0,-0.019859859255841144
282,frozen,43,4,3,0,1,1.0,1.0,0,nan,nan,nan,0.0,-0.019859859255841144
283,frozen,43,0,4,1,0,-1.0,-1.0,1,1,0,0,0.0,-0.019859859255841144
284,frozen,43,5,3,0,0,-1.0,-1.0,1,0,1,0,0.0,-0.019859859255841144
285,frozen,43,1,5,1,0,-1.0,-1.0,1,0,1,0,0.0,-0.019859859255841144
286,frozen,43,0,3,0,0,-1.0,-1.0,1,0,1,0,0.0,-0.019859859255841144
287,frozen,43,8,3,0,0,-1.0,-1.0,1,0,1,0,0.0,-0.019859859255841144
288,frozen,43,1,3,0,0,-1.0,-1.0,1,0,1,0,0.0,-0.019859859255841144
289,frozen,43,4,5,1,1,1.0,1.0,0,nan,nan,nan,0.0,-0.019859859255841144
290,frozen,43,8,6,1,0,-1.0,-1.0,1,1,0,0,0.0,-0.019859859255841144
291,frozen,43,8,3,0,0,-1.0,-1.0,1,0,1,0,0.0,-0.019859859255841144
292,frozen,43,5,3,0,0,-1.0,-1.0,1,0,1,0,0.0,-0.019859859255841144
293,frozen,43,7,5,1,0,-1.0,-1.0,1,0,1,0,0.0,-0.019859859255841144
294,frozen,43,8,3,0,0,-1.0,-1.0,1,0,1,0,0.0,-0.019859859255841144
295,frozen,43,6,3,0,0,-1.0,-1.0,1,0,1,0,0.0,-0.019859859255841144
296,frozen,43,1,5,1,0,-1.0,-1.0,1,0,1,0,0.0,-0.019859859255841144
297,frozen,43,2,5,1,0,-1.0,-1.0,1,0,1,0,0.0,-0.019859859255841144
298,frozen,43,7,5,1,0,-1.0,-1.0,1,0,1,0,0.0,-0.019859859255841144
299,frozen,43,8,3,0,0,-1.0,-1.0,1,0,1,0,0.0,-0.019859859255841144
300,frozen,43,1,3,0,0,-1.0,-1.0,1,0,1,0,0.0,-0.019859859255841144
301,frozen,43,7,3,0,0,-1.0,-1.0,1,0,1,0,0.0,-0.019859859255841144
302,frozen,43,5,3,0,0,-1.0,-1.0,1,0,1,0,0.0,-0.019859859255841144
303,frozen,43,2,5,1,0,-1.0,-1.0,1,0,1,0,0.0,-0.019859859255841144
304,frozen,43,7,3,0,0,-1.0,-1.0,1,0,1,0,0.0,-0.019859859255841144
305,frozen,43,0,3,0,0,-1.0,-1.0,1,0,1,0,0.0,-0.019859859255841144
306,frozen,43,1,5,1,0,-1.0,-1.0,1,0,1,0,0.0,-0.019859859255841144
307,frozen,43,6,5,1,1,1.0,1.0,0,nan,nan,nan,0.0,-0.019859859255841144
308,frozen,43,0,6,1,0,-1.0,-1.0,1,1,0,0,0.0,-0.019859859255841144
309,frozen,43,7,3,0,0,-1.0,-1.0,1,0,1,0,0.0,-0.019859859255841144
310,frozen,43,5,3,0,0,-1.0,-1.0,1,0,1,0,0.0,-0.019859859255841144
311,frozen,43,5,3,0,0,-1.0,-1.0,1,0,1,0,0.0,-0.019859859255841144
312,frozen,43,4,3,0,1,1.0,1.0,0,nan,nan,nan,0.0,-0.019859859255841144
313,frozen,43,3,2,0,1,1.0,1.0,0,nan,nan,nan,0.0,-0.019859859255841144
314,frozen,43,4,3,1,1,1.0,1.0,0,nan,nan,nan,0.0,-0.019859859255841144
315,frozen,43,8,4,1,0,-1.0,-1.0,1,3,0,1,0.0,-0.019859859255841144
316,frozen,43,6,3,0,0,-1.0,-1.0,1,0,1,0,0.0,-0.019859859255841144
317,frozen,43,7,5,1,0,-1.0,-1.0,1,0,1,0,0.0,-0.019859859255841144
318,frozen,43,7,5,1,0,-1.0,-1.0,1,0,1,0,0.0,-0.019859859255841144
319,frozen,43,7,3,0,0,-1.0,-1.0,1,0,1,0,0.0,-0.019859859255841144
320,frozen,43,5,3,0,0,-1.0,-1.0,1,0,1,0,0.0,-0.019859859255841144
321,frozen,43,7,5,1,0,-1.0,-1.0,1,0,1,0,0.0,-0.019859859255841144
322,frozen,43,7,5,1,0,-1.0,-1.0,1,0,1,0,0.0,-0.019859859255841144
323,frozen,43,3,5,1,0,-1.0,-1.0,1,0,1,0,0.0,-0.019859859255841144
324,frozen,43,8,3,0,0,-1.0,-1.0,1,0,1,0,0.0,-0.019859859255841144
325,frozen,43,1,3,0,0,-1.0,-1.0,1,0,1,0,0.0,-0.019859859255841144
326,frozen,43,8,3,0,0,-1.0,-1.0,1,0,1,0,0.0,-0.019859859255841144
327,frozen,43,0,3,0,0,-1.0,-1.0,1,0,1,0,0.0,-0.019859859255841144
328,frozen,43,3,5,1,0,-1.0,-1.0,1,0,1,0,0.0,-0.019859859255841144
329,frozen,43,6,3,0,0,-1.0,-1.0,1,0,1,0,0.0,-0.019859859255841144
330,frozen,43,2,3,0,1,1.0,1.0,0,nan,nan,nan,0.0,-0.019859859255841144
331,frozen,43,1,2,0,1,1.0,1.0,0,nan,nan,nan,0.0,-0.019859859255841144
332,frozen,43,7,1,0,0,-1.0,-1.0,1,2,0,0,0.0,-0.019859859255841144
333,frozen,43,8,3,0,0,-1.0,-1.0,1,0,1,0,0.0,-0.019859859255841144
334,frozen,43,2,5,1,0,-1.0,-1.0,1,0,1,0,0.0,-0.019859859255841144
335,frozen,43,2,3,0,1,1.0,1.0,0,nan,nan,nan,0.0,-0.019859859255841144
336,frozen,43,7,2,0,0,-1.0,-1.0,1,1,0,0,0.0,-0.019859859255841144
337,frozen,43,6,3,0,0,-1.0,-1.0,1,0,1,0,0.0,-0.019859859255841144
338,frozen,43,1,3,0,0,-1.0,-1.0,1,0,1,0,0.0,-0.019859859255841144
339,frozen,43,1,5,1,0,-1.0,-1.0,1,0,1,0,0.0,-0.019859859255841144
340,frozen,43,1,3,0,0,-1.0,-1.0,1,0,1,0,0.0,-0.019859859255841144
341,frozen,43,0,5,1,0,-1.0,-1.0,1,0,1,0,0.0,-0.019859859255841144
342,frozen,43,3,5,1,0,-1.0,-1.0,1,0,1,0,0.0,-0.019859859255841144
343,frozen,43,8,3,0,0,-1.0,-1.0,1,0,1,0,0.0,-0.019859859255841144
344,frozen,43,3,5,1,0,-1.0,-1.0,1,0,1,0,0.0,-0.019859859255841144
345,frozen,43,1,3,0,0,-1.0,-1.0,1,0,1,0,0.0,-0.019859859255841144
346,frozen,43,0,3,0,0,-1.0,-1.0,1,0,1,0,0.0,-0.019859859255841144
347,frozen,43,6,5,1,1,1.0,1.0,0,nan,nan,nan,0.0,-0.019859859255841144
348,frozen,43,8,4,0,0,-1.0,-1.0,1,1,0,0,0.0,-0.019859859255841144
349,frozen,43,1,3,0,0,-1.0,-1.0,1,0,1,0,0.0,-0.019859859255841144
350,frozen,43,2,3,0,1,1.0,1.0,0,nan,nan,nan,0.0,-0.019859859255841144
351,frozen,43,2,4,1,0,-1.0,-1.0,1,1,0,0,0.0,-0.019859859255841144
352,frozen,43,1,3,0,0,-1.0,-1.0,1,0,1,0,0.0,-0.019859859255841144
353,frozen,43,1,5,1,0,-1.0,-1.0,1,0,1,0,0.0,-0.019859859255841144
354,frozen,43,2,5,1,0,-1.0,-1.0,1,0,1,0,0.0,-0.019859859255841144
355,frozen,43,3,3,0,1,1.0,1.0,0,nan,nan,nan,0.0,-0.019859859255841144
356,frozen,43,0,2,0,0,-1.0,-1.0,1,1,0,0,0.0,-0.019859859255841144
357,frozen,43,7,5,1,0,-1.0,-1.0,1,0,1,0,0.0,-0.019859859255841144
358,frozen,43,5,3,0,0,-1.0,-1.0,1,0,1,0,0.0,-0.019859859255841144
359,frozen,43,6,3,0,0,-1.0,-1.0,1,0,1,0,0.0,-0.019859859255841144
360,frozen,43,7,3,0,0,-1.0,-1.0,1,0,1,0,0.0,-0.019859859255841144
361,frozen,43,0,3,0,0,-1.0,-1.0,1,0,1,0,0.0,-0.019859859255841144
362,frozen,43,6,5,1,1,1.0,1.0,0,nan,nan,nan,0.0,-0.019859859255841144
363,frozen,43,1,4,0,0,-1.0,-1.0,1,1,0,0,0.0,-0.019859859255841144
364,frozen,43,3,5,1,0,-1.0,-1.0,1,0,1,0,0.0,-0.019859859255841144
365,frozen,43,8,3,0,0,-1.0,-1.0,1,0,1,0,0.0,-0.019859859255841144
366,frozen,43,7,3,0,0,-1.0,-1.0,1,0,1,0,0.0,-0.019859859255841144
367,frozen,43,8,3,0,0,-1.0,-1.0,1,0,1,0,0.0,-0.019859859255841144
368,frozen,43,3,3,0,1,1.0,1.0,0,nan,nan,nan,0.0,-0.019859859255841144
369,frozen,43,5,2,0,0,-1.0,-1.0,1,1,0,0,0.0,-0.019859859255841144
370,frozen,43,0,3,0,0,-1.0,-1.0,1,0,1,0,0.0,-0.019859859255841144
371,frozen,43,3,5,1,0,-1.0,-1.0,1,0,1,0,0.0,-0.019859859255841144
372,frozen,43,3,3,0,1,1.0,1.0,0,nan,nan,nan,0.0,-0.019859859255841144
373,frozen,43,7,2,0,0,-1.0,-1.0,1,1,0,0,0.0,-0.019859859255841144
374,frozen,43,1,3,0,0,-1.0,-1.0,1,0,1,0,0.0,-0.019859859255841144
375,frozen,43,1,5,1,0,-1.0,-1.0,1,0,1,0,0.0,-0.019859859255841144
376,frozen,43,1,3,0,0,-1.0,-1.0,1,0,1,0,0.0,-0.019859859255841144
377,frozen,43,3,5,1,0,-1.0,-1.0,1,0,1,0,0.0,-0.019859859255841144
378,frozen,43,1,3,0,0,-1.0,-1.0,1,0,1,0,0.0,-0.019859859255841144
379,frozen,43,4,3,0,1,1.0,1.0,0,nan,nan,nan,0.0,-0.019859859255841144
380,frozen,43,2,4,1,0,-1.0,-1.0,1,1,0,0,0.0,-0.019859859255841144
381,frozen,43,4,3,0,1,1.0,1.0,0,nan,nan,nan,0.0,-0.019859859255841144
382,frozen,43,2,4,1,0,-1.0,-1.0,1,1,0,0,0.0,-0.019859859255841144
383,frozen,43,8,3,0,0,-1.0,-1.0,1,0,1,0,0.0,-0.019859859255841144
384,frozen,43,5,3,0,0,-1.0,-1.0,1,0,1,0,0.0,-0.019859859255841144
385,frozen,43,3,5,1,0,-1.0,-1.0,1,0,1,0,0.0,-0.019859859255841144
386,frozen,43,8,3,0,0,-1.0,-1.0,1,0,1,0,0.0,-0.019859859255841144
387,frozen,43,3,3,0,1,1.0,1.0,0,nan,nan,nan,0.0,-0.019859859255841144
388,frozen,43,5,4,1,1,1.0,1.0,0,nan,nan,nan,0.0,-0.019859859255841144
389,frozen,43,7,3,0,0,-1.0,-1.0,1,2,0,0,0.0,-0.019859859255841144
390,frozen,43,7,3,0,0,-1.0,-1.0,1,0,1,0,0.0,-0.019859859255841144
391,frozen,43,7,5,1,0,-1.0,-1.0,1,0,1,0,0.0,-0.019859859255841144
392,frozen,43,8,3,0,0,-1.0,-1.0,1,0,1,0,0.0,-0.019859859255841144
393,frozen,43,1,5,1,0,-1.0,-1.0,1,0,1,0,0.0,-0.019859859255841144
394,frozen,43,4,5,1,1,1.0,1.0,0,nan,nan,nan,0.0,-0.019859859255841144
395,frozen,43,7,4,0,0,-1.0,-1.0,1,1,0,0,0.0,-0.019859859255841144
396,frozen,43,0,3,0,0,-1.0,-1.0,1,0,1,0,0.0,-0.019859859255841144
397,frozen,43,6,5,1,1,1.0,1.0,0,nan,nan,nan,0.0,-0.019859859255841144
398,frozen,43,0,6,1,0,-1.0,-1.0,1,1,0,0,0.0,-0.019859859255841144
399,frozen,43,7,3,0,0,-1.0,-1.0,1,0,1,0,0.0,-0.019859859255841144
400,frozen,43,7,5,1,0,-1.0,-1.0,1,0,1,0,0.0,-0.019859859255841144
401,frozen,43,6,5,1,1,1.0,1.0,0,nan,nan,nan,0.0,-0.019859859255841144
402,frozen,43,5,6,1,1,1.0,1.0,0,nan,nan,nan,0.0,-0.019859859255841144
403,frozen,43,3,5,0,0,-1.0,-1.0,1,2,0,0,0.0,-0.019859859255841144
404,frozen,43,4,5,1,1,1.0,1.0,0,nan,nan,nan,0.0,-0.019859859255841144
405,frozen,43,6,4,0,0,-1.0,-1.0,1,1,0,0,0.0,-0.019859859255841144
406,frozen,43,6,5,1,1,1.0,1.0,0,nan,nan,nan,0.0,-0.019859859255841144
407,frozen,43,0,6,1,0,-1.0,-1.0,1,1,0,0,0.0,-0.019859859255841144
408,frozen,43,0,3,0,0,-1.0,-1.0,1,0,1,0,0.0,-0.019859859255841144
409,frozen,43,8,3,0,0,-1.0,-1.0,1,0,1,0,0.0,-0.019859859255841144
410,frozen,43,7,3,0,0,-1.0,-1.0,1,0,1,0,0.0,-0.019859859255841144
411,frozen,43,3,3,0,1,1.0,1.0,0,nan,nan,nan,0.0,-0.019859859255841144
412,frozen,43,6,4,1,0,-1.0,-1.0,1,1,0,0,0.0,-0.019859859255841144
413,frozen,43,2,5,1,0,-1.0,-1.0,1,0,1,0,0.0,-0.019859859255841144
414,frozen,43,4,5,1,1,1.0,1.0,0,nan,nan,nan,0.0,-0.019859859255841144
415,frozen,43,4,4,0,1,1.0,1.0,0,nan,nan,nan,0.0,-0.019859859255841144
416,frozen,43,6,3,0,0,-1.0,-1.0,1,2,0,0,0.0,-0.019859859255841144
417,frozen,43,5,3,0,0,-1.0,-1.0,1,0,1,0,0.0,-0.019859859255841144
418,frozen,43,5,3,0,0,-1.0,-1.0,1,0,1,0,0.0,-0.019859859255841144
419,frozen,43,6,5,1,1,1.0,1.0,0,nan,nan,nan,0.0,-0.019859859255841144
420,frozen,43,4,6,1,0,-1.0,-1.0,1,1,0,0,0.0,-0.019859859255841144
421,frozen,43,0,3,0,0,-1.0,-1.0,1,0,1,0,0.0,-0.019859859255841144
422,frozen,43,4,3,0,1,1.0,1.0,0,nan,nan,nan,0.0,-0.019859859255841144
423,frozen,43,1,2,0,1,1.0,1.0,0,nan,nan,nan,0.0,-0.019859859255841144
424,frozen,43,0,1,0,1,1.0,1.0,0,nan,nan,nan,0.0,-0.019859859255841144
425,frozen,43,1,2,1,1,1.0,1.0,0,nan,nan,nan,0.0,-0.019859859255841144
426,frozen,43,5,1,0,0,-1.0,-1.0,1,4,0,1,0.0,-0.019859859255841144
427,frozen,43,6,3,0,0,-1.0,-1.0,1,0,1,0,0.0,-0.019859859255841144
428,frozen,43,8,3,0,0,-1.0,-1.0,1,0,1,0,0.0,-0.019859859255841144
429,frozen,43,2,5,1,0,-1.0,-1.0,1,0,1,0,0.0,-0.019859859255841144
430,frozen,43,3,3,0,1,1.0,1.0,0,nan,nan,nan,0.0,-0.019859859255841144
431,frozen,43,2,4,1,0,-1.0,-1.0,1,1,0,0,0.0,-0.019859859255841144
432,frozen,43,1,3,0,0,-1.0,-1.0,1,0,1,0,0.0,-0.019859859255841144
433,frozen,43,0,3,0,0,-1.0,-1.0,1,0,1,0,0.0,-0.019859859255841144
434,frozen,43,5,3,0,0,-1.0,-1.0,1,0,1,0,0.0,-0.019859859255841144
435,frozen,43,5,3,0,0,-1.0,-1.0,1,0,1,0,0.0,-0.019859859255841144
436,frozen,43,3,5,1,0,-1.0,-1.0,1,0,1,0,0.0,-0.019859859255841144
437,frozen,43,2,5,1,0,-1.0,-1.0,1,0,1,0,0.0,-0.019859859255841144
438,frozen,43,1,5,1,0,-1.0,-1.0,1,0,1,0,0.0,-0.019859859255841144
439,frozen,43,7,5,1,0,-1.0,-1.0,1,0,1,0,0.0,-0.019859859255841144
440,frozen,43,4,3,0,1,1.0,1.0,0,nan,nan,nan,0.0,-0.019859859255841144
441,frozen,43,6,2,0,0,-1.0,-1.0,1,1,0,0,0.0,-0.019859859255841144
442,frozen,43,1,5,1,0,-1.0,-1.0,1,0,1,0,0.0,-0.019859859255841144
443,frozen,43,7,3,0,0,-1.0,-1.0,1,0,1,0,0.0,-0.019859859255841144
444,frozen,43,7,5,1,0,-1.0,-1.0,1,0,1,0,0.0,-0.019859859255841144
445,frozen,43,0,3,0,0,-1.0,-1.0,1,0,1,0,0.0,-0.019859859255841144
446,frozen,43,4,3,0,1,1.0,1.0,0,nan,nan,nan,0.0,-0.019859859255841144
447,frozen,43,3,2,0,1,1.0,1.0,0,nan,nan,nan,0.0,-0.019859859255841144
448,frozen,43,6,1,0,0,-1.0,-1.0,1,2,0,0,0.0,-0.019859859255841144
449,frozen,43,8,3,0,0,-1.0,-1.0,1,0,1,0,0.0,-0.019859859255841144
450,frozen,43,1,5,1,0,-1.0,-1.0,1,0,1,0,0.0,-0.019859859255841144
451,frozen,43,0,3,0,0,-1.0,-1.0,1,0,1,0,0.0,-0.019859859255841144
452,frozen,43,0,3,0,0,-1.0,-1.0,1,0,1,0,0.0,-0.019859859255841144
453,frozen,43,1,5,1,0,-1.0,-1.0,1,0,1,0,0.0,-0.019859859255841144
454,frozen,43,7,3,0,0,-1.0,-1.0,1,0,1,0,0.0,-0.019859859255841144
455,frozen,43,3,5,1,0,-1.0,-1.0,1,0,1,0,0.0,-0.019859859255841144
456,frozen,43,3,5,1,0,-1.0,-1.0,1,0,1,0,0.0,-0.019859859255841144
457,frozen,43,2,5,1,0,-1.0,-1.0,1,0,1,0,0.0,-0.019859859255841144
458,frozen,43,6,3,0,0,-1.0,-1.0,1,0,1,0,0.0,-0.019859859255841144
459,frozen,43,8,3,0,0,-1.0,-1.0,1,0,1,0,0.0,-0.019859859255841144
460,frozen,43,0,3,0,0,-1.0,-1.0,1,0,1,0,0.0,-0.019859859255841144
461,frozen,43,2,3,0,1,1.0,1.0,0,nan,nan,nan,0.0,-0.019859859255841144
462,frozen,43,2,4,1,0,-1.0,-1.0,1,1,0,0,0.0,-0.019859859255841144
463,frozen,43,2,5,1,0,-1.0,-1.0,1,0,1,0,0.0,-0.019859859255841144
464,frozen,43,8,3,0,0,-1.0,-1.0,1,0,1,0,0.0,-0.019859859255841144
465,frozen,43,3,5,1,0,-1.0,-1.0,1,0,1,0,0.0,-0.019859859255841144
466,frozen,43,1,5,1,0,-1.0,-1.0,1,0,1,0,0.0,-0.019859859255841144
467,frozen,43,3,5,1,0,-1.0,-1.0,1,0,1,0,0.0,-0.019859859255841144
468,frozen,43,4,3,0,1,1.0,1.0,0,nan,nan,nan,0.0,-0.019859859255841144
469,frozen,43,2,2,0,1,1.0,1.0,0,nan,nan,nan,0.0,-0.019859859255841144
470,frozen,43,2,3,1,1,1.0,1.0,0,nan,nan,nan,0.0,-0.019859859255841144
471,frozen,43,3,4,1,1,1.0,1.0,0,nan,nan,nan,0.0,-0.019859859255841144
472,frozen,43,2,5,1,0,-1.0,-1.0,1,4,0,1,0.0,-0.019859859255841144
473,frozen,43,3,5,1,0,-1.0,-1.0,1,0,1,0,0.0,-0.019859859255841144
474,frozen,43,0,3,0,0,-1.0,-1.0,1,0,1,0,0.0,-0.019859859255841144
475,frozen,43,8,3,0,0,-1.0,-1.0,1,0,1,0,0.0,-0.019859859255841144
476,frozen,43,6,3,0,0,-1.0,-1.0,1,0,1,0,0.0,-0.019859859255841144
477,frozen,43,8,3,0,0,-1.0,-1.0,1,0,1,0,0.0,-0.019859859255841144
478,frozen,43,0,5,1,0,-1.0,-1.0,1,0,1,0,0.0,-0.019859859255841144
479,frozen,43,0,3,0,0,-1.0,-1.0,1,0,1,0,0.0,-0.019859859255841144
480,frozen,43,3,5,1,0,-1.0,-1.0,1,0,1,0,0.0,-0.019859859255841144
481,frozen,43,4,3,0,1,1.0,1.0,0,nan,nan,nan,0.0,-0.019859859255841144
482,frozen,43,4,2,0,0,-1.0,-1.0,1,1,0,0,0.0,-0.019859859255841144
483,frozen,43,5,3,0,0,-1.0,-1.0,1,0,1,0,0.0,-0.019859859255841144
484,frozen,43,8,5,1,0,-1.0,-1.0,1,0,1,0,0.0,-0.019859859255841144
485,frozen,43,8,3,0,0,-1.0,-1.0,1,0,1,0,0.0,-0.019859859255841144
486,frozen,43,7,3,0,0,-1.0,-1.0,1,0,1,0,0.0,-0.019859859255841144
487,frozen,43,4,5,1,1,1.0,1.0,0,nan,nan,nan,0.0,-0.019859859255841144
488,frozen,43,4,4,0,1,1.0,1.0,0,nan,nan,nan,0.0,-0.019859859255841144
489,frozen,43,7,5,1,0,-1.0,-1.0,1,2,0,0,0.0,-0.019859859255841144
490,frozen,43,7,5,1,0,-1.0,-1.0,1,0,1,0,0.0,-0.019859859255841144
491,frozen,43,8,3,0,0,-1.0,-1.0,1,0,1,0,0.0,-0.019859859255841144
492,frozen,43,3,5,1,0,-1.0,-1.0,1,0,1,0,0.0,-0.019859859255841144
493,frozen,43,7,3,0,0,-1.0,-1.0,1,0,1,0,0.0,-0.019859859255841144
494,frozen,43,0,3,0,0,-1.0,-1.0,1,0,1,0,0.0,-0.019859859255841144
495,frozen,43,6,3,0,0,-1.0,-1.0,1,0,1,0,0.0,-0.019859859255841144
496,frozen,43,1,3,0,0,-1.0,-1.0,1,0,1,0,0.0,-0.019859859255841144
497,frozen,43,0,3,0,0,-1.0,-1.0,1,0,1,0,0.0,-0.019859859255841144
498,frozen,43,0,3,0,0,-1.0,-1.0,1,0,1,0,0.0,-0.019859859255841144
499,frozen,43,0,3,0,0,-1.0,-1.0,1,0,1,0,0.0,-0.019859859255841144
500,frozen,43,2,5,1,0,-1.0,-1.0,1,0,1,0,0.0,-0.019859859255841144
501,frozen,43,5,3,0,0,-1.0,-1.0,1,0,1,0,0.0,-0.019859859255841144
502,frozen,43,4,5,1,1,1.0,1.0,0,nan,nan,nan,0.0,-0.019859859255841144
503,frozen,43,0,6,1,0,-1.0,-1.0,1,1,0,0,0.0,-0.019859859255841144
504,frozen,43,3,3,0,1,1.0,1.0,0,nan,nan,nan,0.0,-0.019859859255841144
505,frozen,43,2,2,0,1,1.0,1.0,0,nan,nan,nan,0.0,-0.019859859255841144
506,frozen,43,4,1,0,0,-1.0,-1.0,1,2,0,0,0.0,-0.019859859255841144
507,frozen,43,3,3,0,1,1.0,1.0,0,nan,nan,nan,0.0,-0.019859859255841144
508,frozen,43,4,2,0,0,-1.0,-1.0,1,1,0,0,0.0,-0.019859859255841144
509,frozen,43,3,5,1,0,-1.0,-1.0,1,0,1,0,0.0,-0.019859859255841144
510,frozen,43,2,5,1,0,-1.0,-1.0,1,0,1,0,0.0,-0.019859859255841144
511,frozen,43,1,5,1,0,-1.0,-1.0,1,0,1,0,0.0,-0.019859859255841144
512,frozen,43,7,3,0,0,-1.0,-1.0,1,0,1,0,0.0,-0.019859859255841144
513,frozen,43,5,3,0,0,-1.0,-1.0,1,0,1,0,0.0,-0.019859859255841144
514,frozen,43,3,5,1,0,-1.0,-1.0,1,0,1,0,0.0,-0.019859859255841144
515,frozen,43,2,5,1,0,-1.0,-1.0,1,0,1,0,0.0,-0.019859859255841144
516,frozen,43,1,3,0,0,-1.0,-1.0,1,0,1,0,0.0,-0.019859859255841144
517,frozen,43,5,3,0,0,-1.0,-1.0,1,0,1,0,0.0,-0.019859859255841144
518,frozen,43,5,3,0,0,-1.0,-1.0,1,0,1,0,0.0,-0.019859859255841144
519,frozen,43,2,3,0,1,1.0,1.0,0,nan,nan,nan,0.0,-0.019859859255841144
520,frozen,43,5,2,0,0,-1.0,-1.0,1,1,0,0,0.0,-0.019859859255841144
521,frozen,43,3,3,0,1,1.0,1.0,0,nan,nan,nan,0.0,-0.019859859255841144
522,frozen,43,5,2,0,0,-1.0,-1.0,1,1,0,0,0.0,-0.019859859255841144
523,frozen,43,5,3,0,0,-1.0,-1.0,1,0,1,0,0.0,-0.019859859255841144
524,frozen,43,6,3,0,0,-1.0,-1.0,1,0,1,0,0.0,-0.019859859255841144
525,frozen,43,7,5,1,0,-1.0,-1.0,1,0,1,0,0.0,-0.019859859255841144
526,frozen,43,3,5,1,0,-1.0,-1.0,1,0,1,0,0.0,-0.019859859255841144
527,frozen,43,7,3,0,0,-1.0,-1.0,1,0,1,0,0.0,-0.019859859255841144
528,frozen,43,1,5,1,0,-1.0,-1.0,1,0,1,0,0.0,-0.019859859255841144
529,frozen,43,3,3,0,1,1.0,1.0,0,nan,nan,nan,0.0,-0.019859859255841144
530,frozen,43,8,2,0,0,-1.0,-1.0,1,1,0,0,0.0,-0.019859859255841144
531,frozen,43,7,3,0,0,-1.0,-1.0,1,0,1,0,0.0,-0.019859859255841144
532,frozen,43,5,3,0,0,-1.0,-1.0,1,0,1,0,0.0,-0.019859859255841144
533,frozen,43,6,5,1,1,1.0,1.0,0,nan,nan,nan,0.0,-0.019859859255841144
534,frozen,43,1,4,0,0,-1.0,-1.0,1,1,0,0,0.0,-0.019859859255841144
535,frozen,43,7,3,0,0,-1.0,-1.0,1,0,1,0,0.0,-0.019859859255841144
536,frozen,43,1,5,1,0,-1.0,-1.0,1,0,1,0,0.0,-0.019859859255841144
537,frozen,43,1,5,1,0,-1.0,-1.0,1,0,1,0,0.0,-0.019859859255841144
538,frozen,43,3,5,1,0,-1.0,-1.0,1,0,1,0,0.0,-0.019859859255841144
539,frozen,43,8,3,0,0,-1.0,-1.0,1,0,1,0,0.0,-0.019859859255841144
540,frozen,43,5,3,0,0,-1.0,-1.0,1,0,1,0,0.0,-0.019859859255841144
541,frozen,43,2,5,1,0,-1.0,-1.0,1,0,1,0,0.0,-0.019859859255841144
542,frozen,43,8,3,0,0,-1.0,-1.0,1,0,1,0,0.0,-0.019859859255841144
543,frozen,43,8,3,0,0,-1.0,-1.0,1,0,1,0,0.0,-0.019859859255841144
544,frozen,43,2,5,1,0,-1.0,-1.0,1,0,1,0,0.0,-0.019859859255841144
545,frozen,43,6,5,1,1,1.0,1.0,0,nan,nan,nan,0.0,-0.019859859255841144
546,frozen,43,6,6,1,1,1.0,1.0,0,nan,nan,nan,0.0,-0.019859859255841144
547,frozen,43,6,5,0,1,1.0,1.0,0,nan,nan,nan,0.0,-0.019859859255841144
548,frozen,43,8,4,0,0,-1.0,-1.0,1,3,0,1,0.0,-0.019859859255841144
549,frozen,43,3,3,0,1,1.0,1.0,0,nan,nan,nan,0.0,-0.019859859255841144
550,frozen,43,3,4,1,1,1.0,1.0,0,nan,nan,nan,0.0,-0.019859859255841144
551,frozen,43,1,5,1,0,-1.0,-1.0,1,2,0,0,0.0,-0.019859859255841144
552,frozen,43,6,5,1,1,1.0,1.0,0,nan,nan,nan,0.0,-0.019859859255841144
553,frozen,43,6,4,0,0,-1.0,-1.0,1,1,0,0,0.0,-0.019859859255841144
554,frozen,43,1,5,1,0,-1.0,-1.0,1,0,1,0,0.0,-0.019859859255841144
555,frozen,43,8,3,0,0,-1.0,-1.0,1,0,1,0,0.0,-0.019859859255841144
556,frozen,43,3,5,1,0,-1.0,-1.0,1,0,1,0,0.0,-0.019859859255841144
557,frozen,43,1,5,1,0,-1.0,-1.0,1,0,1,0,0.0,-0.019859859255841144
558,frozen,43,2,5,1,0,-1.0,-1.0,1,0,1,0,0.0,-0.019859859255841144
559,frozen,43,2,5,1,0,-1.0,-1.0,1,0,1,0,0.0,-0.019859859255841144
560,frozen,43,3,3,0,1,1.0,1.0,0,nan,nan,nan,0.0,-0.019859859255841144
561,frozen,43,3,2,0,1,1.0,1.0,0,nan,nan,nan,0.0,-0.019859859255841144
562,frozen,43,2,1,0,1,1.0,1.0,0,nan,nan,nan,0.0,-0.019859859255841144
563,frozen,43,6,0,0,0,-1.0,-1.0,1,3,0,1,0.0,-0.019859859255841144
564,frozen,43,7,5,1,0,-1.0,-1.0,1,0,1,0,0.0,-0.019859859255841144
565,frozen,43,4,3,0,1,1.0,1.0,0,nan,nan,nan,0.0,-0.019859859255841144
566,frozen,43,5,4,1,1,1.0,1.0,0,nan,nan,nan,0.0,-0.019859859255841144
567,frozen,43,5,3,0,0,-1.0,-1.0,1,2,0,0,0.0,-0.019859859255841144
568,frozen,43,7,5,1,0,-1.0,-1.0,1,0,1,0,0.0,-0.019859859255841144
569,frozen,43,0,3,0,0,-1.0,-1.0,1,0,1,0,0.0,-0.019859859255841144
570,frozen,43,3,5,1,0,-1.0,-1.0,1,0,1,0,0.0,-0.019859859255841144
571,frozen,43,0,3,0,0,-1.0,-1.0,1,0,1,0,0.0,-0.019859859255841144
572,frozen,43,2,5,1,0,-1.0,-1.0,1,0,1,0,0.0,-0.019859859255841144
573,frozen,43,5,3,0,0,-1.0,-1.0,1,0,1,0,0.0,-0.019859859255841144
574,frozen,43,2,3,0,1,1.0,1.0,0,nan,nan,nan,0.0,-0.019859859255841144
575,frozen,43,5,4,1,1,1.0,1.0,0,nan,nan,nan,0.0,-0.019859859255841144
576,frozen,43,2,3,0,1,1.0,1.0,0,nan,nan,nan,0.0,-0.019859859255841144
577,frozen,43,1,4,1,0,-1.0,-1.0,1,3,0,1,0.0,-0.019859859255841144
578,frozen,43,6,5,1,1,1.0,1.0,0,nan,nan,nan,0.0,-0.019859859255841144
579,frozen,43,8,6,1,0,-1.0,-1.0,1,1,0,0,0.0,-0.019859859255841144
580,frozen,43,7,5,1,0,-1.0,-1.0,1,0,1,0,0.0,-0.019859859255841144
581,frozen,43,0,3,0,0,-1.0,-1.0,1,0,1,0,0.0,-0.019859859255841144
582,frozen,43,1,3,0,0,-1.0,-1.0,1,0,1,0,0.0,-0.019859859255841144
583,frozen,43,5,3,0,0,-1.0,-1.0,1,0,1,0,0.0,-0.019859859255841144
584,frozen,43,0,3,0,0,-1.0,-1.0,1,0,1,0,0.0,-0.019859859255841144
585,frozen,43,4,5,1,1,1.0,1.0,0,nan,nan,nan,0.0,-0.019859859255841144
586,frozen,43,0,6,1,0,-1.0,-1.0,1,1,0,0,0.0,-0.019859859255841144
587,frozen,43,7,5,1,0,-1.0,-1.0,1,0,1,0,0.0,-0.019859859255841144
588,frozen,43,0,3,0,0,-1.0,-1.0,1,0,1,0,0.0,-0.019859859255841144
589,frozen,43,6,3,0,0,-1.0,-1.0,1,0,1,0,0.0,-0.019859859255841144
590,frozen,43,4,3,0,1,1.0,1.0,0,nan,nan,nan,0.0,-0.019859859255841144
591,frozen,43,4,2,0,0,-1.0,-1.0,1,1,0,0,0.0,-0.019859859255841144
592,frozen,43,6,3,0,0,-1.0,-1.0,1,0,1,0,0.0,-0.019859859255841144
593,frozen,43,3,5,1,0,-1.0,-1.0,1,0,1,0,0.0,-0.019859859255841144
594,frozen,43,3,5,1,0,-1.0,-1.0,1,0,1,0,0.0,-0.019859859255841144
595,frozen,43,3,5,1,0,-1.0,-1.0,1,0,1,0,0.0,-0.019859859255841144
596,frozen,43,3,5,1,0,-1.0,-1.0,1,0,1,0,0.0,-0.019859859255841144
597,frozen,43,2,5,1,0,-1.0,-1.0,1,0,1,0,0.0,-0.019859859255841144
598,frozen,43,8,3,0,0,-1.0,-1.0,1,0,1,0,0.0,-0.019859859255841144
599,frozen,43,6,3,0,0,-1.0,-1.0,1,0,1,0,0.0,-0.019859859255841144
600,frozen,43,8,3,0,0,-1.0,-1.0,1,0,1,0,0.0,-0.019859859255841144
601,frozen,43,2,3,0,1,1.0,1.0,0,nan,nan,nan,0.0,-0.019859859255841144
602,frozen,43,0,4,1,0,-1.0,-1.0,1,1,0,0,0.0,-0.019859859255841144
603,frozen,43,8,3,0,0,-1.0,-1.0,1,0,1,0,0.0,-0.019859859255841144
604,frozen,43,2,5,1,0,-1.0,-1.0,1,0,1,0,0.0,-0.019859859255841144
605,frozen,43,4,5,1,1,1.0,1.0,0,nan,nan,nan,0.0,-0.019859859255841144
606,frozen,43,8,6,1,0,-1.0,-1.0,1,1,0,0,0.0,-0.019859859255841144
607,frozen,43,7,3,0,0,-1.0,-1.0,1,0,1,0,0.0,-0.019859859255841144
608,frozen,43,7,5,1,0,-1.0,-1.0,1,0,1,0,0.0,-0.019859859255841144
609,frozen,43,5,5,1,1,1.0,1.0,0,nan,nan,nan,0.0,-0.019859859255841144
610,frozen,43,8,6,1,0,-1.0,-1.0,1,1,0,0,0.0,-0.019859859255841144
611,frozen,43,1,3,0,0,-1.0,-1.0,1,0,1,0,0.0,-0.019859859255841144
612,frozen,43,7,5,1,0,-1.0,-1.0,1,0,1,0,0.0,-0.019859859255841144
613,frozen,43,5,3,0,0,-1.0,-1.0,1,0,1,0,0.0,-0.019859859255841144
614,frozen,43,3,3,0,1,1.0,1.0,0,nan,nan,nan,0.0,-0.019859859255841144
615,frozen,43,1,4,1,0,-1.0,-1.0,1,1,0,0,0.0,-0.019859859255841144
616,frozen,43,4,5,1,1,1.0,1.0,0,nan,nan,nan,0.0,-0.019859859255841144
617,frozen,43,0,6,1,0,-1.0,-1.0,1,1,0,0,0.0,-0.019859859255841144
618,frozen,43,6,5,1,1,1.0,1.0,0,nan,nan,nan,0.0,-0.019859859255841144
619,frozen,43,6,4,0,0,-1.0,-1.0,1,1,0,0,0.0,-0.019859859255841144
620,frozen,43,6,5,1,1,1.0,1.0,0,nan,nan,nan,0.0,-0.019859859255841144
621,frozen,43,0,6,1,0,-1.0,-1.0,1,1,0,0,0.0,-0.019859859255841144
622,frozen,43,5,3,0,0,-1.0,-1.0,1,0,1,0,0.0,-0.019859859255841144
623,frozen,43,8,3,0,0,-1.0,-1.0,1,0,1,0,0.0,-0.019859859255841144
624,frozen,43,0,3,0,0,-1.0,-1.0,1,0,1,0,0.0,-0.019859859255841144
625,frozen,43,7,5,1,0,-1.0,-1.0,1,0,1,0,0.0,-0.019859859255841144
626,frozen,43,8,3,0,0,-1.0,-1.0,1,0,1,0,0.0,-0.019859859255841144
627,frozen,43,3,5,1,0,-1.0,-1.0,1,0,1,0,0.0,-0.019859859255841144
628,frozen,43,3,5,1,0,-1.0,-1.0,1,0,1,0,0.0,-0.019859859255841144
629,frozen,43,8,3,0,0,-1.0,-1.0,1,0,1,0,0.0,-0.019859859255841144
630,frozen,43,0,3,0,0,-1.0,-1.0,1,0,1,0,0.0,-0.019859859255841144
631,frozen,43,6,5,1,1,1.0,1.0,0,nan,nan,nan,0.0,-0.019859859255841144
632,frozen,43,5,6,1,1,1.0,1.0,0,nan,nan,nan,0.0,-0.019859859255841144
633,frozen,43,7,5,0,0,-1.0,-1.0,1,2,0,0,0.0,-0.019859859255841144
634,frozen,43,4,3,0,1,1.0,1.0,0,nan,nan,nan,0.0,-0.019859859255841144
635,frozen,43,2,4,1,0,-1.0,-1.0,1,1,0,0,0.0,-0.019859859255841144
636,frozen,43,5,3,0,0,-1.0,-1.0,1,0,1,0,0.0,-0.019859859255841144
637,frozen,43,5,3,0,0,-1.0,-1.0,1,0,1,0,0.0,-0.019859859255841144
638,frozen,43,7,3,0,0,-1.0,-1.0,1,0,1,0,0.0,-0.019859859255841144
639,frozen,43,1,3,0,0,-1.0,-1.0,1,0,1,0,0.0,-0.019859859255841144
640,frozen,43,0,3,0,0,-1.0,-1.0,1,0,1,0,0.0,-0.019859859255841144
641,frozen,43,1,5,1,0,-1.0,-1.0,1,0,1,0,0.0,-0.019859859255841144
642,frozen,43,8,3,0,0,-1.0,-1.0,1,0,1,0,0.0,-0.019859859255841144
643,frozen,43,7,3,0,0,-1.0,-1.0,1,0,1,0,0.0,-0.019859859255841144
644,frozen,43,6,3,0,0,-1.0,-1.0,1,0,1,0,0.0,-0.019859859255841144
645,frozen,43,1,3,0,0,-1.0,-1.0,1,0,1,0,0.0,-0.019859859255841144
646,frozen,43,2,5,1,0,-1.0,-1.0,1,0,1,0,0.0,-0.019859859255841144
647,frozen,43,1,5,1,0,-1.0,-1.0,1,0,1,0,0.0,-0.019859859255841144
648,frozen,43,5,3,0,0,-1.0,-1.0,1,0,1,0,0.0,-0.019859859255841144
649,frozen,43,1,3,0,0,-1.0,-1.0,1,0,1,0,0.0,-0.019859859255841144
650,frozen,43,8,3,0,0,-1.0,-1.0,1,0,1,0,0.0,-0.019859859255841144
651,frozen,43,3,3,0,1,1.0,1.0,0,nan,nan,nan,0.0,-0.019859859255841144
652,frozen,43,3,2,0,1,1.0,1.0,0,nan,nan,nan,0.0,-0.019859859255841144
653,frozen,43,3,1,0,0,-1.0,-1.0,1,2,0,0,0.0,-0.019859859255841144
654,frozen,43,6,3,0,0,-1.0,-1.0,1,0,1,0,0.0,-0.019859859255841144
655,frozen,43,8,3,0,0,-1.0,-1.0,1,0,1,0,0.0,-0.019859859255841144
656,frozen,43,6,5,1,1,1.0,1.0,0,nan,nan,nan,0.0,-0.019859859255841144
657,frozen,43,0,6,1,0,-1.0,-1.0,1,1,0,0,0.0,-0.019859859255841144
658,frozen,43,7,3,0,0,-1.0,-1.0,1,0,1,0,0.0,-0.019859859255841144
659,frozen,43,1,3,0,0,-1.0,-1.0,1,0,1,0,0.0,-0.019859859255841144
660,frozen,43,4,5,1,1,1.0,1.0,0,nan,nan,nan,0.0,-0.019859859255841144
661,frozen,43,0,6,1,0,-1.0,-1.0,1,1,0,0,0.0,-0.019859859255841144
662,frozen,43,5,3,0,0,-1.0,-1.0,1,0,1,0,0.0,-0.019859859255841144
663,frozen,43,4,3,0,1,1.0,1.0,0,nan,nan,nan,0.0,-0.019859859255841144
664,frozen,43,4,2,0,0,-1.0,-1.0,1,1,0,0,0.0,-0.019859859255841144
665,frozen,43,2,5,1,0,-1.0,-1.0,1,0,1,0,0.0,-0.019859859255841144
666,frozen,43,4,5,1,1,1.0,1.0,0,nan,nan,nan,0.0,-0.019859859255841144
667,frozen,43,0,6,1,0,-1.0,-1.0,1,1,0,0,0.0,-0.019859859255841144
668,frozen,43,1,5,1,0,-1.0,-1.0,1,0,1,0,0.0,-0.019859859255841144
669,frozen,43,2,5,1,0,-1.0,-1.0,1,0,1,0,0.0,-0.019859859255841144
670,frozen,43,3,3,0,1,1.0,1.0,0,nan,nan,nan,0.0,-0.019859859255841144
671,frozen,43,2,4,1,0,-1.0,-1.0,1,1,0,0,0.0,-0.019859859255841144
672,frozen,43,3,3,0,1,1.0,1.0,0,nan,nan,nan,0.0,-0.019859859255841144
673,frozen,43,2,4,1,0,-1.0,-1.0,1,1,0,0,0.0,-0.019859859255841144
674,frozen,43,1,5,1,0,-1.0,-1.0,1,0,1,0,0.0,-0.019859859255841144
675,frozen,43,0,3,0,0,-1.0,-1.0,1,0,1,0,0.0,-0.019859859255841144
676,frozen,43,0,3,0,0,-1.0,-1.0,1,0,1,0,0.0,-0.019859859255841144
677,frozen,43,3,3,0,1,1.0,1.0,0,nan,nan,nan,0.0,-0.019859859255841144
678,frozen,43,4,2,0,0,-1.0,-1.0,1,1,0,0,0.0,-0.019859859255841144
679,frozen,43,8,3,0,0,-1.0,-1.0,1,0,1,0,0.0,-0.019859859255841144
680,frozen,43,5,3,0,0,-1.0,-1.0,1,0,1,0,0.0,-0.019859859255841144
681,frozen,43,5,3,0,0,-1.0,-1.0,1,0,1,0,0.0,-0.019859859255841144
682,frozen,43,8,3,0,0,-1.0,-1.0,1,0,1,0,0.0,-0.019859859255841144
683,frozen,43,2,5,1,0,-1.0,-1.0,1,0,1,0,0.0,-0.019859859255841144
684,frozen,43,5,3,0,0,-1.0,-1.0,1,0,1,0,0.0,-0.019859859255841144
685,frozen,43,7,5,1,0,-1.0,-1.0,1,0,1,0,0.0,-0.019859859255841144
686,frozen,43,3,5,1,0,-1.0,-1.0,1,0,1,0,0.0,-0.019859859255841144
687,frozen,43,2,5,1,0,-1.0,-1.0,1,0,1,0,0.0,-0.019859859255841144
688,frozen,43,0,3,0,0,-1.0,-1.0,1,0,1,0,0.0,-0.019859859255841144
689,frozen,43,5,5,1,1,1.0,1.0,0,nan,nan,nan,0.0,-0.019859859255841144
690,frozen,43,0,6,1,0,-1.0,-1.0,1,1,0,0,0.0,-0.019859859255841144
691,frozen,43,7,5,1,0,-1.0,-1.0,1,0,1,0,0.0,-0.019859859255841144
692,frozen,43,2,5,1,0,-1.0,-1.0,1,0,1,0,0.0,-0.019859859255841144
693,frozen,43,6,5,1,1,1.0,1.0,0,nan,nan,nan,0.0,-0.019859859255841144
694,frozen,43,3,4,0,1,1.0,1.0,0,nan,nan,nan,0.0,-0.019859859255841144
695,frozen,43,5,3,0,0,-1.0,-1.0,1,2,0,0,0.0,-0.019859859255841144
696,frozen,43,1,5,1,0,-1.0,-1.0,1,0,1,0,0.0,-0.019859859255841144
697,frozen,43,6,3,0,0,-1.0,-1.0,1,0,1,0,0.0,-0.019859859255841144
698,frozen,43,7,5,1,0,-1.0,-1.0,1,0,1,0,0.0,-0.019859859255841144
699,frozen,43,8,3,0,0,-1.0,-1.0,1,0,1,0,0.0,-0.019859859255841144
700,frozen,43,0,3,0,0,-1.0,-1.0,1,0,1,0,0.0,-0.019859859255841144
701,frozen,43,5,3,0,0,-1.0,-1.0,1,0,1,0,0.0,-0.019859859255841144
702,frozen,43,5,3,0,0,-1.0,-1.0,1,0,1,0,0.0,-0.019859859255841144
703,frozen,43,4,5,1,1,1.0,1.0,0,nan,nan,nan,0.0,-0.019859859255841144
704,frozen,43,6,4,0,0,-1.0,-1.0,1,1,0,0,0.0,-0.019859859255841144
705,frozen,43,4,5,1,1,1.0,1.0,0,nan,nan,nan,0.0,-0.019859859255841144
706,frozen,43,2,4,0,0,-1.0,-1.0,1,1,0,0,0.0,-0.019859859255841144
707,frozen,43,2,3,0,1,1.0,1.0,0,nan,nan,nan,0.0,-0.019859859255841144
708,frozen,43,5,2,0,0,-1.0,-1.0,1,1,0,0,0.0,-0.019859859255841144
709,frozen,43,6,5,1,1,1.0,1.0,0,nan,nan,nan,0.0,-0.019859859255841144
710,frozen,43,6,4,0,0,-1.0,-1.0,1,1,0,0,0.0,-0.019859859255841144
711,frozen,43,7,5,1,0,-1.0,-1.0,1,0,1,0,0.0,-0.019859859255841144
712,frozen,43,7,3,0,0,-1.0,-1.0,1,0,1,0,0.0,-0.019859859255841144
713,frozen,43,2,5,1,0,-1.0,-1.0,1,0,1,0,0.0,-0.019859859255841144
714,frozen,43,1,5,1,0,-1.0,-1.0,1,0,1,0,0.0,-0.019859859255841144
715,frozen,43,3,5,1,0,-1.0,-1.0,1,0,1,0,0.0,-0.019859859255841144
716,frozen,43,6,3,0,0,-1.0,-1.0,1,0,1,0,0.0,-0.019859859255841144
717,frozen,43,3,5,1,0,-1.0,-1.0,1,0,1,0,0.0,-0.019859859255841144
718,frozen,43,8,3,0,0,-1.0,-1.0,1,0,1,0,0.0,-0.019859859255841144
719,frozen,43,1,3,0,0,-1.0,-1.0,1,0,1,0,0.0,-0.019859859255841144
720,frozen,43,0,3,0,0,-1.0,-1.0,1,0,1,0,0.0,-0.019859859255841144
721,frozen,43,6,5,1,1,1.0,1.0,0,nan,nan,nan,0.0,-0.019859859255841144
722,frozen,43,3,4,0,1,1.0,1.0,0,nan,nan,nan,0.0,-0.019859859255841144
723,frozen,43,6,5,1,1,1.0,1.0,0,nan,nan,nan,0.0,-0.019859859255841144
724,frozen,43,7,6,1,1,1.0,1.0,0,nan,nan,nan,0.0,-0.019859859255841144
725,frozen,43,0,5,0,0,-1.0,-1.0,1,4,0,1,0.0,-0.019859859255841144
726,frozen,43,2,5,1,0,-1.0,-1.0,1,0,1,0,0.0,-0.019859859255841144
727,frozen,43,7,5,1,0,-1.0,-1.0,1,0,1,0,0.0,-0.019859859255841144
728,frozen,43,1,5,1,0,-1.0,-1.0,1,0,1,0,0.0,-0.019859859255841144
729,frozen,43,8,3,0,0,-1.0,-1.0,1,0,1,0,0.0,-0.019859859255841144
730,frozen,43,8,3,0,0,-1.0,-1.0,1,0,1,0,0.0,-0.019859859255841144
731,frozen,43,7,3,0,0,-1.0,-1.0,1,0,1,0,0.0,-0.019859859255841144
732,frozen,43,6,3,0,0,-1.0,-1.0,1,0,1,0,0.0,-0.019859859255841144
733,frozen,43,4,3,0,1,1.0,1.0,0,nan,nan,nan,0.0,-0.019859859255841144
734,frozen,43,3,4,1,1,1.0,1.0,0,nan,nan,nan,0.0,-0.019859859255841144
735,frozen,43,1,3,0,0,-1.0,-1.0,1,2,0,0,0.0,-0.019859859255841144
736,frozen,43,8,3,0,0,-1.0,-1.0,1,0,1,0,0.0,-0.019859859255841144
737,frozen,43,0,3,0,0,-1.0,-1.0,1,0,1,0,0.0,-0.019859859255841144
738,frozen,43,7,3,0,0,-1.0,-1.0,1,0,1,0,0.0,-0.019859859255841144
739,frozen,43,5,3,0,0,-1.0,-1.0,1,0,1,0,0.0,-0.019859859255841144
740,frozen,43,5,3,0,0,-1.0,-1.0,1,0,1,0,0.0,-0.019859859255841144
741,frozen,43,6,3,0,0,-1.0,-1.0,1,0,1,0,0.0,-0.019859859255841144
742,frozen,43,7,5,1,0,-1.0,-1.0,1,0,1,0,0.0,-0.019859859255841144
743,frozen,43,6,3,0,0,-1.0,-1.0,1,0,1,0,0.0,-0.019859859255841144
744,frozen,43,5,3,0,0,-1.0,-1.0,1,0,1,0,0.0,-0.019859859255841144
745,frozen,43,2,3,0,1,1.0,1.0,0,nan,nan,nan,0.0,-0.019859859255841144
746,frozen,43,5,4,1,1,1.0,1.0,0,nan,nan,nan,0.0,-0.019859859255841144
747,frozen,43,0,3,0,0,-1.0,-1.0,1,2,0,0,0.0,-0.019859859255841144
748,frozen,43,2,5,1,0,-1.0,-1.0,1,0,1,0,0.0,-0.019859859255841144
749,frozen,43,6,5,1,1,1.0,1.0,0,nan,nan,nan,0.0,-0.019859859255841144
750,frozen,43,5,6,1,1,1.0,1.0,0,nan,nan,nan,0.0,-0.019859859255841144
751,frozen,43,2,5,0,0,-1.0,-1.0,1,2,0,0,0.0,-0.019859859255841144
752,frozen,43,0,3,0,0,-1.0,-1.0,1,0,1,0,0.0,-0.019859859255841144
753,frozen,43,2,5,1,0,-1.0,-1.0,1,0,1,0,0.0,-0.019859859255841144
754,frozen,43,6,3,0,0,-1.0,-1.0,1,0,1,0,0.0,-0.019859859255841144
755,frozen,43,0,5,1,0,-1.0,-1.0,1,0,1,0,0.0,-0.019859859255841144
756,frozen,43,7,3,0,0,-1.0,-1.0,1,0,1,0,0.0,-0.019859859255841144
757,frozen,43,7,5,1,0,-1.0,-1.0,1,0,1,0,0.0,-0.019859859255841144
758,frozen,43,1,3,0,0,-1.0,-1.0,1,0,1,0,0.0,-0.019859859255841144
759,frozen,43,5,3,0,0,-1.0,-1.0,1,0,1,0,0.0,-0.019859859255841144
760,frozen,43,2,3,0,1,1.0,1.0,0,nan,nan,nan,0.0,-0.019859859255841144
761,frozen,43,1,2,0,1,1.0,1.0,0,nan,nan,nan,0.0,-0.019859859255841144
762,frozen,43,1,1,0,1,1.0,1.0,0,nan,nan,nan,0.0,-0.019859859255841144
763,frozen,43,6,2,1,0,-1.0,-1.0,1,3,0,1,0.0,-0.019859859255841144
764,frozen,43,0,3,0,0,-1.0,-1.0,1,0,1,0,0.0,-0.019859859255841144
765,frozen,43,0,3,0,0,-1.0,-1.0,1,0,1,0,0.0,-0.019859859255841144
766,frozen,43,3,3,0,1,1.0,1.0,0,nan,nan,nan,0.0,-0.019859859255841144
767,frozen,43,7,2,0,0,-1.0,-1.0,1,1,0,0,0.0,-0.019859859255841144
768,frozen,43,3,3,0,1,1.0,1.0,0,nan,nan,nan,0.0,-0.019859859255841144
769,frozen,43,8,2,0,0,-1.0,-1.0,1,1,0,0,0.0,-0.019859859255841144
770,frozen,43,7,5,1,0,-1.0,-1.0,1,0,1,0,0.0,-0.019859859255841144
771,frozen,43,7,5,1,0,-1.0,-1.0,1,0,1,0,0.0,-0.019859859255841144
772,frozen,43,7,3,0,0,-1.0,-1.0,1,0,1,0,0.0,-0.019859859255841144
773,frozen,43,8,3,0,0,-1.0,-1.0,1,0,1,0,0.0,-0.019859859255841144
774,frozen,43,5,3,0,0,-1.0,-1.0,1,0,1,0,0.0,-0.019859859255841144
775,frozen,43,5,3,0,0,-1.0,-1.0,1,0,1,0,0.0,-0.019859859255841144
776,frozen,43,2,5,1,0,-1.0,-1.0,1,0,1,0,0.0,-0.019859859255841144
777,frozen,43,7,5,1,0,-1.0,-1.0,1,0,1,0,0.0,-0.019859859255841144
778,frozen,43,6,3,0,0,-1.0,-1.0,1,0,1,0,0.0,-0.019859859255841144
779,frozen,43,1,5,1,0,-1.0,-1.0,1,0,1,0,0.0,-0.019859859255841144
780,frozen,43,0,3,0,0,-1.0,-1.0,1,0,1,0,0.0,-0.019859859255841144
781,frozen,43,5,3,0,0,-1.0,-1.0,1,0,1,0,0.0,-0.019859859255841144
782,frozen,43,6,5,1,1,1.0,1.0,0,nan,nan,nan,0.0,-0.019859859255841144
783,frozen,43,8,6,1,0,-1.0,-1.0,1,1,0,0,0.0,-0.019859859255841144
784,frozen,43,2,3,0,1,1.0,1.0,0,nan,nan,nan,0.0,-0.019859859255841144
785,frozen,43,1,2,0,1,1.0,1.0,0,nan,nan,nan,0.0,-0.019859859255841144
786,frozen,43,8,3,1,0,-1.0,-1.0,1,2,0,0,0.0,-0.019859859255841144
787,frozen,43,7,3,0,0,-1.0,-1.0,1,0,1,0,0.0,-0.019859859255841144
788,frozen,43,2,5,1,0,-1.0,-1.0,1,0,1,0,0.0,-0.019859859255841144
789,frozen,43,8,3,0,0,-1.0,-1.0,1,0,1,0,0.0,-0.019859859255841144
790,frozen,43,2,3,0,1,1.0,1.0,0,nan,nan,nan,0.0,-0.019859859255841144
791,frozen,43,8,4,1,0,-1.0,-1.0,1,1,0,0,0.0,-0.019859859255841144
792,frozen,43,7,3,0,0,-1.0,-1.0,1,0,1,0,0.0,-0.019859859255841144
793,frozen,43,5,3,0,0,-1.0,-1.0,1,0,1,0,0.0,-0.019859859255841144
794,frozen,43,2,3,0,1,1.0,1.0,0,nan,nan,nan,0.0,-0.019859859255841144
795,frozen,43,5,2,0,0,-1.0,-1.0,1,1,0,0,0.0,-0.019859859255841144
796,frozen,43,8,3,0,0,-1.0,-1.0,1,0,1,0,0.0,-0.019859859255841144
797,frozen,43,8,3,0,0,-1.0,-1.0,1,0,1,0,0.0,-0.019859859255841144
798,frozen,43,0,5,1,0,-1.0,-1.0,1,0,1,0,0.0,-0.019859859255841144
799,frozen,43,8,3,0,0,-1.0,-1.0,1,0,1,0,0.0,-0.019859859255841144
800,frozen,43,8,3,0,0,-1.0,-1.0,1,0,1,0,0.0,-0.019859859255841144
801,frozen,43,3,3,0,1,1.0,1.0,0,nan,nan,nan,0.0,-0.019859859255841144
802,frozen,43,7,2,0,0,-1.0,-1.0,1,1,0,0,0.0,-0.019859859255841144
803,frozen,43,6,5,1,1,1.0,1.0,0,nan,nan,nan,0.0,-0.019859859255841144
804,frozen,43,3,6,1,0,-1.0,-1.0,1,1,0,0,0.0,-0.019859859255841144
805,frozen,43,8,3,0,0,-1.0,-1.0,1,0,1,0,0.0,-0.019859859255841144
806,frozen,43,7,5,1,0,-1.0,-1.0,1,0,1,0,0.0,-0.019859859255841144
807,frozen,43,1,5,1,0,-1.0,-1.0,1,0,1,0,0.0,-0.019859859255841144
808,frozen,43,8,3,0,0,-1.0,-1.0,1,0,1,0,0.0,-0.019859859255841144
809,frozen,43,5,5,1,1,1.0,1.0,0,nan,nan,nan,0.0,-0.019859859255841144
810,frozen,43,7,6,1,1,1.0,1.0,0,nan,nan,nan,0.0,-0.019859859255841144
811,frozen,43,8,7,1,1,1.0,1.0,0,nan,nan,nan,0.0,-0.019859859255841144
812,frozen,43,1,8,1,0,-1.0,-1.0,1,3,0,1,0.0,-0.019859859255841144
813,frozen,43,7,3,0,0,-1.0,-1.0,1,0,1,0,0.0,-0.019859859255841144
814,frozen,43,0,3,0,0,-1.0,-1.0,1,0,1,0,0.0,-0.019859859255841144
815,frozen,43,2,5,1,0,-1.0,-1.0,1,0,1,0,0.0,-0.019859859255841144
816,frozen,43,4,5,1,1,1.0,1.0,0,nan,nan,nan,0.0,-0.019859859255841144
817,frozen,43,5,4,0,1,1.0,1.0,0,nan,nan,nan,0.0,-0.019859859255841144
818,frozen,43,8,3,0,0,-1.0,-1.0,1,2,0,0,0.0,-0.019859859255841144
819,frozen,43,8,3,0,0,-1.0,-1.0,1,0,1,0,0.0,-0.019859859255841144
820,frozen,43,4,3,0,1,1.0,1.0,0,nan,nan,nan,0.0,-0.019859859255841144
821,frozen,43,5,2,0,0,-1.0,-1.0,1,1,0,0,0.0,-0.019859859255841144
822,frozen,43,3,3,0,1,1.0,1.0,0,nan,nan,nan,0.0,-0.019859859255841144
823,frozen,43,0,4,1,0,-1.0,-1.0,1,1,0,0,0.0,-0.019859859255841144
824,frozen,43,3,3,0,1,1.0,1.0,0,nan,nan,nan,0.0,-0.019859859255841144
825,frozen,43,1,4,1,0,-1.0,-1.0,1,1,0,0,0.0,-0.019859859255841144
826,frozen,43,5,3,0,0,-1.0,-1.0,1,0,1,0,0.0,-0.019859859255841144
827,frozen,43,8,3,0,0,-1.0,-1.0,1,0,1,0,0.0,-0.019859859255841144
828,frozen,43,7,5,1,0,-1.0,-1.0,1,0,1,0,0.0,-0.019859859255841144
829,frozen,43,2,3,0,1,1.0,1.0,0,nan,nan,nan,0.0,-0.019859859255841144
830,frozen,43,7,2,0,0,-1.0,-1.0,1,1,0,0,0.0,-0.019859859255841144
831,frozen,43,0,3,0,0,-1.0,-1.0,1,0,1,0,0.0,-0.019859859255841144
832,frozen,43,0,3,0,0,-1.0,-1.0,1,0,1,0,0.0,-0.019859859255841144
833,frozen,43,7,3,0,0,-1.0,-1.0,1,0,1,0,0.0,-0.019859859255841144
834,frozen,43,3,3,0,1,1.0,1.0,0,nan,nan,nan,0.0,-0.019859859255841144
835,frozen,43,2,4,1,0,-1.0,-1.0,1,1,0,0,0.0,-0.019859859255841144
836,frozen,43,0,3,0,0,-1.0,-1.0,1,0,1,0,0.0,-0.019859859255841144
837,frozen,43,0,3,0,0,-1.0,-1.0,1,0,1,0,0.0,-0.019859859255841144
838,frozen,43,3,5,1,0,-1.0,-1.0,1,0,1,0,0.0,-0.019859859255841144
839,frozen,43,7,5,1,0,-1.0,-1.0,1,0,1,0,0.0,-0.019859859255841144
840,frozen,43,1,3,0,0,-1.0,-1.0,1,0,1,0,0.0,-0.019859859255841144
841,frozen,43,7,5,1,0,-1.0,-1.0,1,0,1,0,0.0,-0.019859859255841144
842,frozen,43,1,5,1,0,-1.0,-1.0,1,0,1,0,0.0,-0.019859859255841144
843,frozen,43,7,3,0,0,-1.0,-1.0,1,0,1,0,0.0,-0.019859859255841144
844,frozen,43,6,3,0,0,-1.0,-1.0,1,0,1,0,0.0,-0.019859859255841144
845,frozen,43,4,3,0,1,1.0,1.0,0,nan,nan,nan,0.0,-0.019859859255841144
846,frozen,43,2,4,1,0,-1.0,-1.0,1,1,0,0,0.0,-0.019859859255841144
847,frozen,43,8,3,0,0,-1.0,-1.0,1,0,1,0,0.0,-0.019859859255841144
848,frozen,43,2,5,1,0,-1.0,-1.0,1,0,1,0,0.0,-0.019859859255841144
849,frozen,43,1,3,0,0,-1.0,-1.0,1,0,1,0,0.0,-0.019859859255841144
850,frozen,43,5,3,0,0,-1.0,-1.0,1,0,1,0,0.0,-0.019859859255841144
851,frozen,43,8,3,0,0,-1.0,-1.0,1,0,1,0,0.0,-0.019859859255841144
852,frozen,43,4,5,1,1,1.0,1.0,0,nan,nan,nan,0.0,-0.019859859255841144
853,frozen,43,5,6,1,1,1.0,1.0,0,nan,nan,nan,0.0,-0.019859859255841144
854,frozen,43,1,7,1,0,-1.0,-1.0,1,2,0,0,0.0,-0.019859859255841144
855,frozen,43,7,5,1,0,-1.0,-1.0,1,0,1,0,0.0,-0.019859859255841144
856,frozen,43,1,5,1,0,-1.0,-1.0,1,0,1,0,0.0,-0.019859859255841144
857,frozen,43,6,5,1,1,1.0,1.0,0,nan,nan,nan,0.0,-0.019859859255841144
858,frozen,43,0,6,1,0,-1.0,-1.0,1,1,0,0,0.0,-0.019859859255841144
859,frozen,43,1,3,0,0,-1.0,-1.0,1,0,1,0,0.0,-0.019859859255841144
860,frozen,43,8,3,0,0,-1.0,-1.0,1,0,1,0,0.0,-0.019859859255841144
861,frozen,43,7,3,0,0,-1.0,-1.0,1,0,1,0,0.0,-0.019859859255841144
862,frozen,43,4,5,1,1,1.0,1.0,0,nan,nan,nan,0.0,-0.019859859255841144
863,frozen,43,3,4,0,1,1.0,1.0,0,nan,nan,nan,0.0,-0.019859859255841144
864,frozen,43,4,5,1,1,1.0,1.0,0,nan,nan,nan,0.0,-0.019859859255841144
865,frozen,43,4,6,1,0,-1.0,-1.0,1,3,0,1,0.0,-0.019859859255841144
866,frozen,43,4,3,0,1,1.0,1.0,0,nan,nan,nan,0.0,-0.019859859255841144
867,frozen,43,4,2,0,0,-1.0,-1.0,1,1,0,0,0.0,-0.019859859255841144
868,frozen,43,6,5,1,1,1.0,1.0,0,nan,nan,nan,0.0,-0.019859859255841144
869,frozen,43,4,6,1,0,-1.0,-1.0,1,1,0,0,0.0,-0.019859859255841144
870,frozen,43,8,3,0,0,-1.0,-1.0,1,0,1,0,0.0,-0.019859859255841144
871,frozen,43,7,5,1,0,-1.0,-1.0,1,0,1,0,0.0,-0.019859859255841144
872,frozen,43,2,3,0,1,1.0,1.0,0,nan,nan,nan,0.0,-0.019859859255841144
873,frozen,43,8,2,0,0,-1.0,-1.0,1,1,0,0,0.0,-0.019859859255841144
874,frozen,43,0,3,0,0,-1.0,-1.0,1,0,1,0,0.0,-0.019859859255841144
875,frozen,43,8,3,0,0,-1.0,-1.0,1,0,1,0,0.0,-0.019859859255841144
876,frozen,43,4,5,1,1,1.0,1.0,0,nan,nan,nan,0.0,-0.019859859255841144
877,frozen,43,2,4,0,0,-1.0,-1.0,1,1,0,0,0.0,-0.019859859255841144
878,frozen,43,6,3,0,0,-1.0,-1.0,1,0,1,0,0.0,-0.019859859255841144
879,frozen,43,3,3,0,1,1.0,1.0,0,nan,nan,nan,0.0,-0.019859859255841144
880,frozen,43,3,4,1,1,1.0,1.0,0,nan,nan,nan,0.0,-0.019859859255841144
881,frozen,43,5,3,0,0,-1.0,-1.0,1,2,0,0,0.0,-0.019859859255841144
882,frozen,43,2,3,0,1,1.0,1.0,0,nan,nan,nan,0.0,-0.019859859255841144
883,frozen,43,1,4,1,0,-1.0,-1.0,1,1,0,0,0.0,-0.019859859255841144
884,frozen,43,4,3,0,1,1.0,1.0,0,nan,nan,nan,0.0,-0.019859859255841144
885,frozen,43,6,4,1,0,-1.0,-1.0,1,1,0,0,0.0,-0.019859859255841144
886,frozen,43,6,3,0,0,-1.0,-1.0,1,0,1,0,0.0,-0.019859859255841144
887,frozen,43,1,5,1,0,-1.0,-1.0,1,0,1,0,0.0,-0.019859859255841144
888,frozen,43,4,3,0,1,1.0,1.0,0,nan,nan,nan,0.0,-0.019859859255841144
889,frozen,43,7,2,0,0,-1.0,-1.0,1,1,0,0,0.0,-0.019859859255841144
890,frozen,43,8,3,0,0,-1.0,-1.0,1,0,1,0,0.0,-0.019859859255841144
891,frozen,43,7,3,0,0,-1.0,-1.0,1,0,1,0,0.0,-0.019859859255841144
892,frozen,43,5,3,0,0,-1.0,-1.0,1,0,1,0,0.0,-0.019859859255841144
893,frozen,43,2,5,1,0,-1.0,-1.0,1,0,1,0,0.0,-0.019859859255841144
894,frozen,43,4,5,1,1,1.0,1.0,0,nan,nan,nan,0.0,-0.019859859255841144
895,frozen,43,6,4,0,0,-1.0,-1.0,1,1,0,0,0.0,-0.019859859255841144
896,frozen,43,0,3,0,0,-1.0,-1.0,1,0,1,0,0.0,-0.019859859255841144
897,frozen,43,1,5,1,0,-1.0,-1.0,1,0,1,0,0.0,-0.019859859255841144
898,frozen,43,4,3,0,1,1.0,1.0,0,nan,nan,nan,0.0,-0.019859859255841144
899,frozen,43,8,2,0,0,-1.0,-1.0,1,1,0,0,0.0,-0.019859859255841144
900,frozen,43,0,3,0,0,-1.0,-1.0,1,0,1,0,0.0,-0.019859859255841144
901,frozen,43,1,5,1,0,-1.0,-1.0,1,0,1,0,0.0,-0.019859859255841144
902,frozen,43,0,3,0,0,-1.0,-1.0,1,0,1,0,0.0,-0.019859859255841144
903,frozen,43,2,5,1,0,-1.0,-1.0,1,0,1,0,0.0,-0.019859859255841144
904,frozen,43,7,5,1,0,-1.0,-1.0,1,0,1,0,0.0,-0.019859859255841144
905,frozen,43,3,3,0,1,1.0,1.0,0,nan,nan,nan,0.0,-0.019859859255841144
906,frozen,43,7,2,0,0,-1.0,-1.0,1,1,0,0,0.0,-0.019859859255841144
907,frozen,43,0,3,0,0,-1.0,-1.0,1,0,1,0,0.0,-0.019859859255841144
908,frozen,43,4,3,0,1,1.0,1.0,0,nan,nan,nan,0.0,-0.019859859255841144
909,frozen,43,2,4,1,0,-1.0,-1.0,1,1,0,0,0.0,-0.019859859255841144
910,frozen,43,2,5,1,0,-1.0,-1.0,1,0,1,0,0.0,-0.019859859255841144
911,frozen,43,1,5,1,0,-1.0,-1.0,1,0,1,0,0.0,-0.019859859255841144
912,frozen,43,2,3,0,1,1.0,1.0,0,nan,nan,nan,0.0,-0.019859859255841144
913,frozen,43,7,2,0,0,-1.0,-1.0,1,1,0,0,0.0,-0.019859859255841144
914,frozen,43,6,5,1,1,1.0,1.0,0,nan,nan,nan,0.0,-0.019859859255841144
915,frozen,43,4,4,0,1,1.0,1.0,0,nan,nan,nan,0.0,-0.019859859255841144
916,frozen,43,0,3,0,0,-1.0,-1.0,1,2,0,0,0.0,-0.019859859255841144
917,frozen,43,5,3,0,0,-1.0,-1.0,1,0,1,0,0.0,-0.019859859255841144
918,frozen,43,5,3,0,0,-1.0,-1.0,1,0,1,0,0.0,-0.019859859255841144
919,frozen,43,2,3,0,1,1.0,1.0,0,nan,nan,nan,0.0,-0.019859859255841144
920,frozen,43,4,2,0,0,-1.0,-1.0,1,1,0,0,0.0,-0.019859859255841144
921,frozen,43,2,3,0,1,1.0,1.0,0,nan,nan,nan,0.0,-0.019859859255841144
922,frozen,43,8,2,0,0,-1.0,-1.0,1,1,0,0,0.0,-0.019859859255841144
923,frozen,43,7,5,1,0,-1.0,-1.0,1,0,1,0,0.0,-0.019859859255841144
924,frozen,43,6,3,0,0,-1.0,-1.0,1,0,1,0,0.0,-0.019859859255841144
925,frozen,43,2,3,0,1,1.0,1.0,0,nan,nan,nan,0.0,-0.019859859255841144
926,frozen,43,3,4,1,1,1.0,1.0,0,nan,nan,nan,0.0,-0.019859859255841144
927,frozen,43,3,5,1,0,-1.0,-1.0,1,2,0,0,0.0,-0.019859859255841144
928,frozen,43,5,3,0,0,-1.0,-1.0,1,0,1,0,0.0,-0.019859859255841144
929,frozen,43,1,5,1,0,-1.0,-1.0,1,0,1,0,0.0,-0.019859859255841144
930,frozen,43,1,3,0,0,-1.0,-1.0,1,0,1,0,0.0,-0.019859859255841144
931,frozen,43,0,3,0,0,-1.0,-1.0,1,0,1,0,0.0,-0.019859859255841144
932,frozen,43,0,3,0,0,-1.0,-1.0,1,0,1,0,0.0,-0.019859859255841144
933,frozen,43,7,3,0,0,-1.0,-1.0,1,0,1,0,0.0,-0.019859859255841144
934,frozen,43,6,3,0,0,-1.0,-1.0,1,0,1,0,0.0,-0.019859859255841144
935,frozen,43,2,3,0,1,1.0,1.0,0,nan,nan,nan,0.0,-0.019859859255841144
936,frozen,43,5,4,1,1,1.0,1.0,0,nan,nan,nan,0.0,-0.019859859255841144
937,frozen,43,8,3,0,0,-1.0,-1.0,1,2,0,0,0.0,-0.019859859255841144
938,frozen,43,3,5,1,0,-1.0,-1.0,1,0,1,0,0.0,-0.019859859255841144
939,frozen,43,3,5,1,0,-1.0,-1.0,1,0,1,0,0.0,-0.019859859255841144
940,frozen,43,6,5,1,1,1.0,1.0,0,nan,nan,nan,0.0,-0.019859859255841144
941,frozen,43,1,4,0,0,-1.0,-1.0,1,1,0,0,0.0,-0.019859859255841144
942,frozen,43,7,3,0,0,-1.0,-1.0,1,0,1,0,0.0,-0.019859859255841144
943,frozen,43,3,3,0,1,1.0,1.0,0,nan,nan,nan,0.0,-0.019859859255841144
944,frozen,43,1,2,0,1,1.0,1.0,0,nan,nan,nan,0.0,-0.019859859255841144
945,frozen,43,0,3,1,0,-1.0,-1.0,1,2,0,0,0.0,-0.019859859255841144
946,frozen,43,4,5,1,1,1.0,1.0,0,nan,nan,nan,0.0,-0.019859859255841144
947,frozen,43,3,4,0,1,1.0,1.0,0,nan,nan,nan,0.0,-0.019859859255841144
948,frozen,43,0,3,0,0,-1.0,-1.0,1,2,0,0,0.0,-0.019859859255841144
949,frozen,43,4,5,1,1,1.0,1.0,0,nan,nan,nan,0.0,-0.019859859255841144
950,frozen,43,2,4,0,0,-1.0,-1.0,1,1,0,0,0.0,-0.019859859255841144
951,frozen,43,8,3,0,0,-1.0,-1.0,1,0,1,0,0.0,-0.019859859255841144
952,frozen,43,2,3,0,1,1.0,1.0,0,nan,nan,nan,0.0,-0.019859859255841144
953,frozen,43,1,2,0,1,1.0,1.0,0,nan,nan,nan,0.0,-0.019859859255841144
954,frozen,43,4,3,1,1,1.0,1.0,0,nan,nan,nan,0.0,-0.019859859255841144
955,frozen,43,2,4,1,0,-1.0,-1.0,1,3,0,1,0.0,-0.019859859255841144
956,frozen,43,7,3,0,0,-1.0,-1.0,1,0,1,0,0.0,-0.019859859255841144
957,frozen,43,0,3,0,0,-1.0,-1.0,1,0,1,0,0.0,-0.019859859255841144
958,frozen,43,0,3,0,0,-1.0,-1.0,1,0,1,0,0.0,-0.019859859255841144
959,frozen,43,3,5,1,0,-1.0,-1.0,1,0,1,0,0.0,-0.019859859255841144
960,frozen,43,2,3,0,1,1.0,1.0,0,nan,nan,nan,0.0,-0.019859859255841144
961,frozen,43,8,4,1,0,-1.0,-1.0,1,1,0,0,0.0,-0.019859859255841144
962,frozen,43,0,3,0,0,-1.0,-1.0,1,0,1,0,0.0,-0.019859859255841144
963,frozen,43,6,5,1,1,1.0,1.0,0,nan,nan,nan,0.0,-0.019859859255841144
964,frozen,43,0,6,1,0,-1.0,-1.0,1,1,0,0,0.0,-0.019859859255841144
965,frozen,43,3,3,0,1,1.0,1.0,0,nan,nan,nan,0.0,-0.019859859255841144
966,frozen,43,3,4,1,1,1.0,1.0,0,nan,nan,nan,0.0,-0.019859859255841144
967,frozen,43,8,3,0,0,-1.0,-1.0,1,2,0,0,0.0,-0.019859859255841144
968,frozen,43,2,3,0,1,1.0,1.0,0,nan,nan,nan,0.0,-0.019859859255841144
969,frozen,43,5,2,0,0,-1.0,-1.0,1,1,0,0,0.0,-0.019859859255841144
970,frozen,43,7,5,1,0,-1.0,-1.0,1,0,1,0,0.0,-0.019859859255841144
971,frozen,43,5,3,0,0,-1.0,-1.0,1,0,1,0,0.0,-0.019859859255841144
972,frozen,43,4,3,0,1,1.0,1.0,0,nan,nan,nan,0.0,-0.019859859255841144
973,frozen,43,1,2,0,1,1.0,1.0,0,nan,nan,nan,0.0,-0.019859859255841144
974,frozen,43,2,3,1,1,1.0,1.0,0,nan,nan,nan,0.0,-0.019859859255841144
975,frozen,43,5,2,0,0,-1.0,-1.0,1,3,0,1,0.0,-0.019859859255841144
976,frozen,43,4,5,1,1,1.0,1.0,0,nan,nan,nan,0.0,-0.019859859255841144
977,frozen,43,1,4,0,0,-1.0,-1.0,1,1,0,0,0.0,-0.019859859255841144
978,frozen,43,2,5,1,0,-1.0,-1.0,1,0,1,0,0.0,-0.019859859255841144
979,frozen,43,1,5,1,0,-1.0,-1.0,1,0,1,0,0.0,-0.019859859255841144
980,frozen,43,7,5,1,0,-1.0,-1.0,1,0,1,0,0.0,-0.019859859255841144
981,frozen,43,0,3,0,0,-1.0,-1.0,1,0,1,0,0.0,-0.019859859255841144
982,frozen,43,0,3,0,0,-1.0,-1.0,1,0,1,0,0.0,-0.019859859255841144
983,frozen,43,5,3,0,0,-1.0,-1.0,1,0,1,0,0.0,-0.019859859255841144
984,frozen,43,5,3,0,0,-1.0,-1.0,1,0,1,0,0.0,-0.019859859255841144
985,frozen,43,6,3,0,0,-1.0,-1.0,1,0,1,0,0.0,-0.019859859255841144
986,frozen,43,0,5,1,0,-1.0,-1.0,1,0,1,0,0.0,-0.019859859255841144
987,frozen,43,3,5,1,0,-1.0,-1.0,1,0,1,0,0.0,-0.019859859255841144
988,frozen,43,3,5,1,0,-1.0,-1.0,1,0,1,0,0.0,-0.019859859255841144
989,frozen,43,5,3,0,0,-1.0,-1.0,1,0,1,0,0.0,-0.019859859255841144
990,frozen,43,4,3,0,1,1.0,1.0,0,nan,nan,nan,0.0,-0.019859859255841144
991,frozen,43,8,4,1,0,-1.0,-1.0,1,1,0,0,0.0,-0.019859859255841144
992,frozen,43,1,5,1,0,-1.0,-1.0,1,0,1,0,0.0,-0.019859859255841144
993,frozen,43,5,3,0,0,-1.0,-1.0,1,0,1,0,0.0,-0.019859859255841144
994,frozen,43,7,5,1,0,-1.0,-1.0,1,0,1,0,0.0,-0.019859859255841144
995,frozen,43,1,5,1,0,-1.0,-1.0,1,0,1,0,0.0,-0.019859859255841144
996,frozen,43,4,3,0,1,1.0,1.0,0,nan,nan,nan,0.0,-0.019859859255841144
997,frozen,43,5,4,1,1,1.0,1.0,0,nan,nan,nan,0.0,-0.019859859255841144
998,frozen,43,7,5,1,0,-1.0,-1.0,1,2,0,0,0.0,-0.019859859255841144
999,frozen,43,3,3,0,1,1.0,1.0,0,nan,nan,nan,0.0,-0.019859859255841144
1000,frozen,43,2,4,1,0,-1.0,-1.0,1,1,0,0,0.0,-0.019859859255841144
1001,frozen,43,4,3,0,1,1.0,1.0,0,nan,nan,nan,0.0,-0.019859859255841144
1002,frozen,43,4,2,0,0,-1.0,-1.0,1,1,0,0,0.0,-0.019859859255841144
1003,frozen,43,6,5,1,1,1.0,1.0,0,nan,nan,nan,0.0,-0.019859859255841144
1004,frozen,43,1,4,0,0,-1.0,-1.0,1,1,0,0,0.0,-0.019859859255841144
1005,frozen,43,4,5,1,1,1.0,1.0,0,nan,nan,nan,0.0,-0.019859859255841144
1006,frozen,43,5,4,0,1,1.0,1.0,0,nan,nan,nan,0.0,-0.019859859255841144
1007,frozen,43,1,5,1,0,-1.0,-1.0,1,2,0,0,0.0,-0.019859859255841144
1008,frozen,43,1,3,0,0,-1.0,-1.0,1,0,1,0,0.0,-0.019859859255841144
1009,frozen,43,5,3,0,0,-1.0,-1.0,1,0,1,0,0.0,-0.019859859255841144
1010,frozen,43,5,3,0,0,-1.0,-1.0,1,0,1,0,0.0,-0.019859859255841144
1011,frozen,43,4,5,1,1,1.0,1.0,0,nan,nan,nan,0.0,-0.019859859255841144
1012,frozen,43,5,4,0,1,1.0,1.0,0,nan,nan,nan,0.0,-0.019859859255841144
1013,frozen,43,1,5,1,0,-1.0,-1.0,1,2,0,0,0.0,-0.019859859255841144
1014,frozen,43,3,5,1,0,-1.0,-1.0,1,0,1,0,0.0,-0.019859859255841144
1015,frozen,43,6,3,0,0,-1.0,-1.0,1,0,1,0,0.0,-0.019859859255841144
1016,frozen,43,7,5,1,0,-1.0,-1.0,1,0,1,0,0.0,-0.019859859255841144
1017,frozen,43,7,3,0,0,-1.0,-1.0,1,0,1,0,0.0,-0.019859859255841144
1018,frozen,43,8,3,0,0,-1.0,-1.0,1,0,1,0,0.0,-0.019859859255841144
1019,frozen,43,8,3,0,0,-1.0,-1.0,1,0,1,0,0.0,-0.019859859255841144
1020,frozen,43,6,3,0,0,-1.0,-1.0,1,0,1,0,0.0,-0.019859859255841144
1021,frozen,43,8,3,0,0,-1.0,-1.0,1,0,1,0,0.0,-0.019859859255841144
1022,frozen,43,1,5,1,0,-1.0,-1.0,1,0,1,0,0.0,-0.019859859255841144
1023,frozen,43,2,5,1,0,-1.0,-1.0,1,0,1,0,0.0,-0.019859859255841144
1024,frozen,43,1,3,0,0,-1.0,-1.0,1,0,1,0,0.0,-0.019859859255841144
1025,frozen,43,5,3,0,0,-1.0,-1.0,1,0,1,0,0.0,-0.019859859255841144
1026,frozen,43,2,3,0,1,1.0,1.0,0,nan,nan,nan,0.0,-0.019859859255841144
1027,frozen,43,3,4,1,1,1.0,1.0,0,nan,nan,nan,0.0,-0.019859859255841144
1028,frozen,43,3,3,0,1,1.0,1.0,0,nan,nan,nan,0.0,-0.019859859255841144
1029,frozen,43,2,2,0,1,1.0,1.0,0,nan,nan,nan,0.0,-0.019859859255841144
1030,frozen,43,6,1,0,0,-1.0,-1.0,1,4,0,1,0.0,-0.019859859255841144
1031,frozen,43,7,3,0,0,-1.0,-1.0,1,0,1,0,0.0,-0.019859859255841144
1032,frozen,43,8,3,0,0,-1.0,-1.0,1,0,1,0,0.0,-0.019859859255841144
1033,frozen,43,2,5,1,0,-1.0,-1.0,1,0,1,0,0.0,-0.019859859255841144
1034,frozen,43,5,5,1,1,1.0,1.0,0,nan,nan,nan,0.0,-0.019859859255841144
1035,frozen,43,6,4,0,0,-1.0,-1.0,1,1,0,0,0.0,-0.019859859255841144
1036,frozen,43,8,3,0,0,-1.0,-1.0,1,0,1,0,0.0,-0.019859859255841144
1037,frozen,43,1,3,0,0,-1.0,-1.0,1,0,1,0,0.0,-0.019859859255841144
1038,frozen,43,6,3,0,0,-1.0,-1.0,1,0,1,0,0.0,-0.019859859255841144
1039,frozen,43,6,3,0,0,-1.0,-1.0,1,0,1,0,0.0,-0.019859859255841144
1040,frozen,43,3,3,0,1,1.0,1.0,0,nan,nan,nan,0.0,-0.019859859255841144
1041,frozen,43,6,4,1,0,-1.0,-1.0,1,1,0,0,0.0,-0.019859859255841144
1042,frozen,43,0,3,0,0,-1.0,-1.0,1,0,1,0,0.0,-0.019859859255841144
1043,frozen,43,3,5,1,0,-1.0,-1.0,1,0,1,0,0.0,-0.019859859255841144
1044,frozen,43,8,3,0,0,-1.0,-1.0,1,0,1,0,0.0,-0.019859859255841144
1045,frozen,43,7,3,0,0,-1.0,-1.0,1,0,1,0,0.0,-0.019859859255841144
1046,frozen,43,6,3,0,0,-1.0,-1.0,1,0,1,0,0.0,-0.019859859255841144
1047,frozen,43,6,3,0,0,-1.0,-1.0,1,0,1,0,0.0,-0.019859859255841144
1048,frozen,43,1,3,0,0,-1.0,-1.0,1,0,1,0,0.0,-0.019859859255841144
1049,frozen,43,3,3,0,1,1.0,1.0,0,nan,nan,nan,0.0,-0.019859859255841144
1050,frozen,43,1,2,0,1,1.0,1.0,0,nan,nan,nan,0.0,-0.019859859255841144
1051,frozen,43,6,1,0,0,-1.0,-1.0,1,2,0,0,0.0,-0.019859859255841144
1052,frozen,43,3,5,1,0,-1.0,-1.0,1,0,1,0,0.0,-0.019859859255841144
1053,frozen,43,5,3,0,0,-1.0,-1.0,1,0,1,0,0.0,-0.019859859255841144
1054,frozen,43,2,5,1,0,-1.0,-1.0,1,0,1,0,0.0,-0.019859859255841144
1055,frozen,43,2,3,0,1,1.0,1.0,0,nan,nan,nan,0.0,-0.019859859255841144
1056,frozen,43,4,2,0,0,-1.0,-1.0,1,1,0,0,0.0,-0.019859859255841144
1057,frozen,43,7,3,0,0,-1.0,-1.0,1,0,1,0,0.0,-0.019859859255841144
1058,frozen,43,6,5,1,1,1.0,1.0,0,nan,nan,nan,0.0,-0.019859859255841144
1059,frozen,43,0,6,1,0,-1.0,-1.0,1,1,0,0,0.0,-0.019859859255841144
1060,frozen,43,3,3,0,1,1.0,1.0,0,nan,nan,nan,0.0,-0.019859859255841144
1061,frozen,43,4,2,0,0,-1.0,-1.0,1,1,0,0,0.0,-0.019859859255841144
1062,frozen,43,2,5,1,0,-1.0,-1.0,1,0,1,0,0.0,-0.019859859255841144
1063,frozen,43,8,3,0,0,-1.0,-1.0,1,0,1,0,0.0,-0.019859859255841144
1064,frozen,43,1,5,1,0,-1.0,-1.0,1,0,1,0,0.0,-0.019859859255841144
1065,frozen,43,8,3,0,0,-1.0,-1.0,1,0,1,0,0.0,-0.019859859255841144
1066,frozen,43,4,3,0,1,1.0,1.0,0,nan,nan,nan,0.0,-0.019859859255841144
1067,frozen,43,2,2,0,1,1.0,1.0,0,nan,nan,nan,0.0,-0.019859859255841144
1068,frozen,43,2,3,1,1,1.0,1.0,0,nan,nan,nan,0.0,-0.019859859255841144
1069,frozen,43,3,4,1,1,1.0,1.0,0,nan,nan,nan,0.0,-0.019859859255841144
1070,frozen,43,1,3,0,0,-1.0,-1.0,1,4,0,1,0.0,-0.019859859255841144
1071,frozen,43,1,5,1,0,-1.0,-1.0,1,0,1,0,0.0,-0.019859859255841144
1072,frozen,43,2,5,1,0,-1.0,-1.0,1,0,1,0,0.0,-0.019859859255841144
1073,frozen,43,8,3,0,0,-1.0,-1.0,1,0,1,0,0.0,-0.019859859255841144
1074,frozen,43,1,3,0,0,-1.0,-1.0,1,0,1,0,0.0,-0.019859859255841144
1075,frozen,43,1,3,0,0,-1.0,-1.0,1,0,1,0,0.0,-0.019859859255841144
1076,frozen,43,6,3,0,0,-1.0,-1.0,1,0,1,0,0.0,-0.019859859255841144
1077,frozen,43,0,3,0,0,-1.0,-1.0,1,0,1,0,0.0,-0.019859859255841144
1078,frozen,43,4,3,0,1,1.0,1.0,0,nan,nan,nan,0.0,-0.019859859255841144
1079,frozen,43,3,2,0,1,1.0,1.0,0,nan,nan,nan,0.0,-0.019859859255841144
1080,frozen,43,2,1,0,1,1.0,1.0,0,nan,nan,nan,0.0,-0.019859859255841144
1081,frozen,43,7,2,1,0,-1.0,-1.0,1,3,0,1,0.0,-0.019859859255841144
1082,frozen,43,8,5,1,0,-1.0,-1.0,1,0,1,0,0.0,-0.019859859255841144
1083,frozen,43,3,3,0,1,1.0,1.0,0,nan,nan,nan,0.0,-0.019859859255841144
1084,frozen,43,7,2,0,0,-1.0,-1.0,1,1,0,0,0.0,-0.019859859255841144
1085,frozen,43,2,5,1,0,-1.0,-1.0,1,0,1,0,0.0,-0.019859859255841144
1086,frozen,43,4,5,1,1,1.0,1.0,0,nan,nan,nan,0.0,-0.019859859255841144
1087,frozen,43,2,6,1,0,-1.0,-1.0,1,1,0,0,0.0,-0.019859859255841144
1088,frozen,43,7,3,0,0,-1.0,-1.0,1,0,1,0,0.0,-0.019859859255841144
1089,frozen,43,0,3,0,0,-1.0,-1.0,1,0,1,0,0.0,-0.019859859255841144
1090,frozen,43,7,5,1,0,-1.0,-1.0,1,0,1,0,0.0,-0.019859859255841144
1091,frozen,43,2,3,0,1,1.0,1.0,0,nan,nan,nan,0.0,-0.019859859255841144
1092,frozen,43,2,4,1,0,-1.0,-1.0,1,1,0,0,0.0,-0.019859859255841144
1093,frozen,43,6,3,0,0,-1.0,-1.0,1,0,1,0,0.0,-0.019859859255841144
1094,frozen,43,7,5,1,0,-1.0,-1.0,1,0,1,0,0.0,-0.019859859255841144
1095,frozen,43,3,5,1,0,-1.0,-1.0,1,0,1,0,0.0,-0.019859859255841144
1096,frozen,43,5,3,0,0,-1.0,-1.0,1,0,1,0,0.0,-0.019859859255841144
1097,frozen,43,5,3,0,0,-1.0,-1.0,1,0,1,0,0.0,-0.019859859255841144
1098,frozen,43,0,3,0,0,-1.0,-1.0,1,0,1,0,0.0,-0.019859859255841144
1099,frozen,43,0,3,0,0,-1.0,-1.0,1,0,1,0,0.0,-0.019859859255841144
1100,frozen,43,0,3,0,0,-1.0,-1.0,1,0,1,0,0.0,-0.019859859255841144
1101,frozen,43,0,3,0,0,-1.0,-1.0,1,0,1,0,0.0,-0.019859859255841144
1102,frozen,43,6,3,0,0,-1.0,-1.0,1,0,1,0,0.0,-0.019859859255841144
1103,frozen,43,1,5,1,0,-1.0,-1.0,1,0,1,0,0.0,-0.019859859255841144
1104,frozen,43,2,3,0,1,1.0,1.0,0,nan,nan,nan,0.0,-0.019859859255841144
1105,frozen,43,8,2,0,0,-1.0,-1.0,1,1,0,0,0.0,-0.019859859255841144
1106,frozen,43,7,3,0,0,-1.0,-1.0,1,0,1,0,0.0,-0.019859859255841144
1107,frozen,43,2,3,0,1,1.0,1.0,0,nan,nan,nan,0.0,-0.019859859255841144
1108,frozen,43,6,4,1,0,-1.0,-1.0,1,1,0,0,0.0,-0.019859859255841144
1109,frozen,43,5,3,0,0,-1.0,-1.0,1,0,1,0,0.0,-0.019859859255841144
1110,frozen,43,8,3,0,0,-1.0,-1.0,1,0,1,0,0.0,-0.019859859255841144
1111,frozen,43,5,3,0,0,-1.0,-1.0,1,0,1,0,0.0,-0.019859859255841144
1112,frozen,43,4,3,0,1,1.0,1.0,0,nan,nan,nan,0.0,-0.019859859255841144
1113,frozen,43,7,2,0,0,-1.0,-1.0,1,1,0,0,0.0,-0.019859859255841144
1114,frozen,43,8,3,0,0,-1.0,-1.0,1,0,1,0,0.0,-0.019859859255841144
1115,frozen,43,1,3,0,0,-1.0,-1.0,1,0,1,0,0.0,-0.019859859255841144
1116,frozen,43,0,5,1,0,-1.0,-1.0,1,0,1,0,0.0,-0.019859859255841144
1117,frozen,43,1,3,0,0,-1.0,-1.0,1,0,1,0,0.0,-0.019859859255841144
1118,frozen,43,6,3,0,0,-1.0,-1.0,1,0,1,0,0.0,-0.019859859255841144
1119,frozen,43,4,5,1,1,1.0,1.0,0,nan,nan,nan,0.0,-0.019859859255841144
1120,frozen,43,3,4,0,1,1.0,1.0,0,nan,nan,nan,0.0,-0.019859859255841144
1121,frozen,43,8,3,0,0,-1.0,-1.0,1,2,0,0,0.0,-0.019859859255841144
1122,frozen,43,4,3,0,1,1.0,1.0,0,nan,nan,nan,0.0,-0.019859859255841144
1123,frozen,43,6,2,0,0,-1.0,-1.0,1,1,0,0,0.0,-0.019859859255841144
1124,frozen,43,4,3,0,1,1.0,1.0,0,nan,nan,nan,0.0,-0.019859859255841144
1125,frozen,43,7,2,0,0,-1.0,-1.0,1,1,0,0,0.0,-0.019859859255841144
1126,frozen,43,5,3,0,0,-1.0,-1.0,1,0,1,0,0.0,-0.019859859255841144
1127,frozen,43,2,3,0,1,1.0,1.0,0,nan,nan,nan,0.0,-0.019859859255841144
1128,frozen,43,1,2,0,1,1.0,1.0,0,nan,nan,nan,0.0,-0.019859859255841144
1129,frozen,43,6,1,0,0,-1.0,-1.0,1,2,0,0,0.0,-0.019859859255841144
1130,frozen,43,4,5,1,1,1.0,1.0,0,nan,nan,nan,0.0,-0.019859859255841144
1131,frozen,43,2,4,0,0,-1.0,-1.0,1,1,0,0,0.0,-0.019859859255841144
1132,frozen,43,6,3,0,0,-1.0,-1.0,1,0,1,0,0.0,-0.019859859255841144
1133,frozen,43,1,3,0,0,-1.0,-1.0,1,0,1,0,0.0,-0.019859859255841144
1134,frozen,43,1,3,0,0,-1.0,-1.0,1,0,1,0,0.0,-0.019859859255841144
1135,frozen,43,2,5,1,0,-1.0,-1.0,1,0,1,0,0.0,-0.019859859255841144
1136,frozen,43,0,3,0,0,-1.0,-1.0,1,0,1,0,0.0,-0.019859859255841144
1137,frozen,43,8,3,0,0,-1.0,-1.0,1,0,1,0,0.0,-0.019859859255841144
1138,frozen,43,7,5,1,0,-1.0,-1.0,1,0,1,0,0.0,-0.019859859255841144
1139,frozen,43,4,5,1,1,1.0,1.0,0,nan,nan,nan,0.0,-0.019859859255841144
1140,frozen,43,2,4,0,0,-1.0,-1.0,1,1,0,0,0.0,-0.019859859255841144
1141,frozen,43,8,3,0,0,-1.0,-1.0,1,0,1,0,0.0,-0.019859859255841144
1142,frozen,43,2,3,0,1,1.0,1.0,0,nan,nan,nan,0.0,-0.019859859255841144
1143,frozen,43,7,2,0,0,-1.0,-1.0,1,1,0,0,0.0,-0.019859859255841144
1144,frozen,43,2,3,0,1,1.0,1.0,0,nan,nan,nan,0.0,-0.019859859255841144
1145,frozen,43,1,4,1,0,-1.0,-1.0,1,1,0,0,0.0,-0.019859859255841144
1146,frozen,43,8,3,0,0,-1.0,-1.0,1,0,1,0,0.0,-0.019859859255841144
1147,frozen,43,2,5,1,0,-1.0,-1.0,1,0,1,0,0.0,-0.019859859255841144
1148,frozen,43,5,3,0,0,-1.0,-1.0,1,0,1,0,0.0,-0.019859859255841144
1149,frozen,43,5,3,0,0,-1.0,-1.0,1,0,1,0,0.0,-0.019859859255841144
1150,frozen,43,8,3,0,0,-1.0,-1.0,1,0,1,0,0.0,-0.019859859255841144
1151,frozen,43,3,3,0,1,1.0,1.0,0,nan,nan,nan,0.0,-0.019859859255841144
1152,frozen,43,7,2,0,0,-1.0,-1.0,1,1,0,0,0.0,-0.019859859255841144
1153,frozen,43,1,5,1,0,-1.0,-1.0,1,0,1,0,0.0,-0.019859859255841144
1154,frozen,43,7,3,0,0,-1.0,-1.0,1,0,1,0,0.0,-0.019859859255841144
1155,frozen,43,3,5,1,0,-1.0,-1.0,1,0,1,0,0.0,-0.019859859255841144
1156,frozen,43,0,3,0,0,-1.0,-1.0,1,0,1,0,0.0,-0.019859859255841144
1157,frozen,43,0,3,0,0,-1.0,-1.0,1,0,1,0,0.0,-0.019859859255841144
1158,frozen,43,1,5,1,0,-1.0,-1.0,1,0,1,0,0.0,-0.019859859255841144
1159,frozen,43,3,3,0,1,1.0,1.0,0,nan,nan,nan,0.0,-0.019859859255841144
1160,frozen,43,8,2,0,0,-1.0,-1.0,1,1,0,0,0.0,-0.019859859255841144
1161,frozen,43,4,3,0,1,1.0,1.0,0,nan,nan,nan,0.0,-0.019859859255841144
1162,frozen,43,6,4,1,0,-1.0,-1.0,1,1,0,0,0.0,-0.019859859255841144
1163,frozen,43,3,3,0,1,1.0,1.0,0,nan,nan,nan,0.0,-0.019859859255841144
1164,frozen,43,6,4,1,0,-1.0,-1.0,1,1,0,0,0.0,-0.019859859255841144
1165,frozen,43,1,5,1,0,-1.0,-1.0,1,0,1,0,0.0,-0.019859859255841144
1166,frozen,43,4,3,0,1,1.0,1.0,0,nan,nan,nan,0.0,-0.019859859255841144
1167,frozen,43,4,2,0,0,-1.0,-1.0,1,1,0,0,0.0,-0.019859859255841144
1168,frozen,43,2,3,0,1,1.0,1.0,0,nan,nan,nan,0.0,-0.019859859255841144
1169,frozen,43,4,2,0,0,-1.0,-1.0,1,1,0,0,0.0,-0.019859859255841144
1170,frozen,43,3,3,0,1,1.0,1.0,0,nan,nan,nan,0.0,-0.019859859255841144
1171,frozen,43,8,4,1,0,-1.0,-1.0,1,1,0,0,0.0,-0.019859859255841144
1172,frozen,43,8,3,0,0,-1.0,-1.0,1,0,1,0,0.0,-0.019859859255841144
1173,frozen,43,5,3,0,0,-1.0,-1.0,1,0,1,0,0.0,-0.019859859255841144
1174,frozen,43,7,5,1,0,-1.0,-1.0,1,0,1,0,0.0,-0.019859859255841144
1175,frozen,43,6,3,0,0,-1.0,-1.0,1,0,1,0,0.0,-0.019859859255841144
1176,frozen,43,3,5,1,0,-1.0,-1.0,1,0,1,0,0.0,-0.019859859255841144
1177,frozen,43,5,3,0,0,-1.0,-1.0,1,0,1,0,0.0,-0.019859859255841144
1178,frozen,43,4,3,0,1,1.0,1.0,0,nan,nan,nan,0.0,-0.019859859255841144
1179,frozen,43,1,4,1,0,-1.0,-1.0,1,1,0,0,0.0,-0.019859859255841144
1180,frozen,43,5,3,0,0,-1.0,-1.0,1,0,1,0,0.0,-0.019859859255841144
1181,frozen,43,5,3,0,0,-1.0,-1.0,1,0,1,0,0.0,-0.019859859255841144
1182,frozen,43,4,3,0,1,1.0,1.0,0,nan,nan,nan,0.0,-0.019859859255841144
1183,frozen,43,0,4,1,0,-1.0,-1.0,1,1,0,0,0.0,-0.019859859255841144
1184,frozen,43,3,3,0,1,1.0,1.0,0,nan,nan,nan,0.0,-0.019859859255841144
1185,frozen,43,2,2,0,1,1.0,1.0,0,nan,nan,nan,0.0,-0.019859859255841144
1186,frozen,43,5,1,0,0,-1.0,-1.0,1,2,0,0,0.0,-0.019859859255841144
1187,frozen,43,6,3,0,0,-1.0,-1.0,1,0,1,0,0.0,-0.019859859255841144
1188,frozen,43,5,3,0,0,-1.0,-1.0,1,0,1,0,0.0,-0.019859859255841144
1189,frozen,43,6,3,0,0,-1.0,-1.0,1,0,1,0,0.0,-0.019859859255841144
1190,frozen,43,3,3,0,1,1.0,1.0,0,nan,nan,nan,0.0,-0.019859859255841144
1191,frozen,43,0,4,1,0,-1.0,-1.0,1,1,0,0,0.0,-0.019859859255841144
1192,frozen,43,0,3,0,0,-1.0,-1.0,1,0,1,0,0.0,-0.019859859255841144
1193,frozen,43,5,3,0,0,-1.0,-1.0,1,0,1,0,0.0,-0.019859859255841144
1194,frozen,43,5,3,0,0,-1.0,-1.0,1,0,1,0,0.0,-0.019859859255841144
1195,frozen,43,4,3,0,1,1.0,1.0,0,nan,nan,nan,0.0,-0.019859859255841144
1196,frozen,43,7,2,0,0,-1.0,-1.0,1,1,0,0,0.0,-0.019859859255841144
1197,frozen,43,2,5,1,0,-1.0,-1.0,1,0,1,0,0.0,-0.019859859255841144
1198,frozen,43,1,3,0,0,-1.0,-1.0,1,0,1,0,0.0,-0.019859859255841144
1199,frozen,43,1,5,1,0,-1.0,-1.0,1,0,1,0,0.0,-0.019859859255841144
1200,frozen,43,5,3,0,0,-1.0,-1.0,1,0,1,0,0.0,-0.019859859255841144
1201,frozen,43,6,5,1,1,1.0,1.0,0,nan,nan,nan,0.0,-0.019859859255841144
1202,frozen,43,3,6,1,0,-1.0,-1.0,1,1,0,0,0.0,-0.019859859255841144
1203,frozen,43,5,3,0,0,-1.0,-1.0,1,0,1,0,0.0,-0.019859859255841144
1204,frozen,43,4,3,0,1,1.0,1.0,0,nan,nan,nan,0.0,-0.019859859255841144
1205,frozen,43,8,4,1,0,-1.0,-1.0,1,1,0,0,0.0,-0.019859859255841144
1206,frozen,43,5,3,0,0,-1.0,-1.0,1,0,1,0,0.0,-0.019859859255841144
1207,frozen,43,8,3,0,0,-1.0,-1.0,1,0,1,0,0.0,-0.019859859255841144
1208,frozen,43,1,5,1,0,-1.0,-1.0,1,0,1,0,0.0,-0.019859859255841144
1209,frozen,43,6,5,1,1,1.0,1.0,0,nan,nan,nan,0.0,-0.019859859255841144
1210,frozen,43,2,4,0,0,-1.0,-1.0,1,1,0,0,0.0,-0.019859859255841144
1211,frozen,43,2,5,1,0,-1.0,-1.0,1,0,1,0,0.0,-0.019859859255841144
1212,frozen,43,5,3,0,0,-1.0,-1.0,1,0,1,0,0.0,-0.019859859255841144
1213,frozen,43,7,5,1,0,-1.0,-1.0,1,0,1,0,0.0,-0.019859859255841144
1214,frozen,43,6,5,1,1,1.0,1.0,0,nan,nan,nan,0.0,-0.019859859255841144
1215,frozen,43,6,4,0,0,-1.0,-1.0,1,1,0,0,0.0,-0.019859859255841144
1216,frozen,43,2,3,0,1,1.0,1.0,0,nan,nan,nan,0.0,-0.019859859255841144
1217,frozen,43,4,2,0,0,-1.0,-1.0,1,1,0,0,0.0,-0.019859859255841144
1218,frozen,43,3,3,0,1,1.0,1.0,0,nan,nan,nan,0.0,-0.019859859255841144
1219,frozen,43,7,2,0,0,-1.0,-1.0,1,1,0,0,0.0,-0.019859859255841144
1220,frozen,43,2,5,1,0,-1.0,-1.0,1,0,1,0,0.0,-0.019859859255841144
1221,frozen,43,1,5,1,0,-1.0,-1.0,1,0,1,0,0.0,-0.019859859255841144
1222,frozen,43,2,3,0,1,1.0,1.0,0,nan,nan,nan,0.0,-0.019859859255841144
1223,frozen,43,6,2,0,0,-1.0,-1.0,1,1,0,0,0.0,-0.019859859255841144
1224,frozen,43,3,5,1,0,-1.0,-1.0,1,0,1,0,0.0,-0.019859859255841144
1225,frozen,43,7,3,0,0,-1.0,-1.0,1,0,1,0,0.0,-0.019859859255841144
1226,frozen,43,4,5,1,1,1.0,1.0,0,nan,nan,nan,0.0,-0.019859859255841144
1227,frozen,43,3,6,1,0,-1.0,-1.0,1,1,0,0,0.0,-0.019859859255841144
1228,frozen,43,0,3,0,0,-1.0,-1.0,1,0,1,0,0.0,-0.019859859255841144
1229,frozen,43,6,5,1,1,1.0,1.0,0,nan,nan,nan,0.0,-0.019859859255841144
1230,frozen,43,3,6,1,0,-1.0,-1.0,1,1,0,0,0.0,-0.019859859255841144
1231,frozen,43,7,5,1,0,-1.0,-1.0,1,0,1,0,0.0,-0.019859859255841144
1232,frozen,43,7,5,1,0,-1.0,-1.0,1,0,1,0,0.0,-0.019859859255841144
1233,frozen,43,8,5,1,0,-1.0,-1.0,1,0,1,0,0.0,-0.019859859255841144
1234,frozen,43,2,3,0,1,1.0,1.0,0,nan,nan,nan,0.0,-0.019859859255841144
1235,frozen,43,6,2,0,0,-1.0,-1.0,1,1,0,0,0.0,-0.019859859255841144
1236,frozen,43,7,3,0,0,-1.0,-1.0,1,0,1,0,0.0,-0.019859859255841144
1237,frozen,43,3,3,0,1,1.0,1.0,0,nan,nan,nan,0.0,-0.019859859255841144
1238,frozen,43,2,4,1,0,-1.0,-1.0,1,1,0,0,0.0,-0.019859859255841144
1239,frozen,43,6,5,1,1,1.0,1.0,0,nan,nan,nan,0.0,-0.019859859255841144
1240,frozen,43,6,6,1,1,1.0,1.0,0,nan,nan,nan,0.0,-0.019859859255841144
1241,frozen,43,2,5,0,0,-1.0,-1.0,1,2,0,0,0.0,-0.019859859255841144
1242,frozen,43,7,3,0,0,-1.0,-1.0,1,0,1,0,0.0,-0.019859859255841144
1243,frozen,43,8,3,0,0,-1.0,-1.0,1,0,1,0,0.0,-0.019859859255841144
1244,frozen,43,7,5,1,0,-1.0,-1.0,1,0,1,0,0.0,-0.019859859255841144
1245,frozen,43,8,3,0,0,-1.0,-1.0,1,0,1,0,0.0,-0.019859859255841144
1246,frozen,43,8,3,0,0,-1.0,-1.0,1,0,1,0,0.0,-0.019859859255841144
1247,frozen,43,8,3,0,0,-1.0,-1.0,1,0,1,0,0.0,-0.019859859255841144
1248,frozen,43,6,3,0,0,-1.0,-1.0,1,0,1,0,0.0,-0.019859859255841144
1249,frozen,43,1,5,1,0,-1.0,-1.0,1,0,1,0,0.0,-0.019859859255841144
1250,frozen,43,7,5,1,0,-1.0,-1.0,1,0,1,0,0.0,-0.019859859255841144
1251,frozen,43,6,3,0,0,-1.0,-1.0,1,0,1,0,0.0,-0.019859859255841144
1252,frozen,43,1,3,0,0,-1.0,-1.0,1,0,1,0,0.0,-0.019859859255841144
1253,frozen,43,8,3,0,0,-1.0,-1.0,1,0,1,0,0.0,-0.019859859255841144
1254,frozen,43,8,5,1,0,-1.0,-1.0,1,0,1,0,0.0,-0.019859859255841144
1255,frozen,43,6,5,1,1,1.0,1.0,0,nan,nan,nan,0.0,-0.019859859255841144
1256,frozen,43,7,6,1,1,1.0,1.0,0,nan,nan,nan,0.0,-0.019859859255841144
1257,frozen,43,8,7,1,1,1.0,1.0,0,nan,nan,nan,0.0,-0.019859859255841144
1258,frozen,43,1,8,1,0,-1.0,-1.0,1,3,0,1,0.0,-0.019859859255841144
1259,frozen,43,5,3,0,0,-1.0,-1.0,1,0,1,0,0.0,-0.019859859255841144
1260,frozen,43,4,5,1,1,1.0,1.0,0,nan,nan,nan,0.0,-0.019859859255841144
1261,frozen,43,1,4,0,0,-1.0,-1.0,1,1,0,0,0.0,-0.019859859255841144
1262,frozen,43,5,3,0,0,-1.0,-1.0,1,0,1,0,0.0,-0.019859859255841144
1263,frozen,43,8,3,0,0,-1.0,-1.0,1,0,1,0,0.0,-0.019859859255841144
1264,frozen,43,6,3,0,0,-1.0,-1.0,1,0,1,0,0.0,-0.019859859255841144
1265,frozen,43,7,5,1,0,-1.0,-1.0,1,0,1,0,0.0,-0.019859859255841144
1266,frozen,43,0,3,0,0,-1.0,-1.0,1,0,1,0,0.0,-0.019859859255841144
1267,frozen,43,2,3,0,1,1.0,1.0,0,nan,nan,nan,0.0,-0.019859859255841144
1268,frozen,43,5,4,1,1,1.0,1.0,0,nan,nan,nan,0.0,-0.019859859255841144
1269,frozen,43,3,5,1,0,-1.0,-1.0,1,2,0,0,0.0,-0.019859859255841144
1270,frozen,43,3,5,1,0,-1.0,-1.0,1,0,1,0,0.0,-0.019859859255841144
1271,frozen,43,3,3,0,1,1.0,1.0,0,nan,nan,nan,0.0,-0.019859859255841144
1272,frozen,43,0,2,0,0,-1.0,-1.0,1,1,0,0,0.0,-0.019859859255841144
1273,frozen,43,6,5,1,1,1.0,1.0,0,nan,nan,nan,0.0,-0.019859859255841144
1274,frozen,43,3,4,0,1,1.0,1.0,0,nan,nan,nan,0.0,-0.019859859255841144
1275,frozen,43,7,5,1,0,-1.0,-1.0,1,2,0,0,0.0,-0.019859859255841144
1276,frozen,43,7,3,0,0,-1.0,-1.0,1,0,1,0,0.0,-0.019859859255841144
1277,frozen,43,8,3,0,0,-1.0,-1.0,1,0,1,0,0.0,-0.019859859255841144
1278,frozen,43,7,3,0,0,-1.0,-1.0,1,0,1,0,0.0,-0.019859859255841144
1279,frozen,43,3,5,1,0,-1.0,-1.0,1,0,1,0,0.0,-0.019859859255841144
1280,frozen,43,8,3,0,0,-1.0,-1.0,1,0,1,0,0.0,-0.019859859255841144
1281,frozen,43,2,5,1,0,-1.0,-1.0,1,0,1,0,0.0,-0.019859859255841144
1282,frozen,43,2,5,1,0,-1.0,-1.0,1,0,1,0,0.0,-0.019859859255841144
1283,frozen,43,7,3,0,0,-1.0,-1.0,1,0,1,0,0.0,-0.019859859255841144
1284,frozen,43,0,3,0,0,-1.0,-1.0,1,0,1,0,0.0,-0.019859859255841144
1285,frozen,43,7,3,0,0,-1.0,-1.0,1,0,1,0,0.0,-0.019859859255841144
1286,frozen,43,6,3,0,0,-1.0,-1.0,1,0,1,0,0.0,-0.019859859255841144
1287,frozen,43,2,3,0,1,1.0,1.0,0,nan,nan,nan,0.0,-0.019859859255841144
1288,frozen,43,5,4,1,1,1.0,1.0,0,nan,nan,nan,0.0,-0.019859859255841144
1289,frozen,43,7,3,0,0,-1.0,-1.0,1,2,0,0,0.0,-0.019859859255841144
1290,frozen,43,1,5,1,0,-1.0,-1.0,1,0,1,0,0.0,-0.019859859255841144
1291,frozen,43,0,3,0,0,-1.0,-1.0,1,0,1,0,0.0,-0.019859859255841144
1292,frozen,43,5,3,0,0,-1.0,-1.0,1,0,1,0,0.0,-0.019859859255841144
1293,frozen,43,0,3,0,0,-1.0,-1.0,1,0,1,0,0.0,-0.019859859255841144
1294,frozen,43,4,3,0,1,1.0,1.0,0,nan,nan,nan,0.0,-0.019859859255841144
1295,frozen,43,7,2,0,0,-1.0,-1.0,1,1,0,0,0.0,-0.019859859255841144
1296,frozen,43,4,3,0,1,1.0,1.0,0,nan,nan,nan,0.0,-0.019859859255841144
1297,frozen,43,4,2,0,0,-1.0,-1.0,1,1,0,0,0.0,-0.019859859255841144
1298,frozen,43,2,5,1,0,-1.0,-1.0,1,0,1,0,0.0,-0.019859859255841144
1299,frozen,43,1,5,1,0,-1.0,-1.0,1,0,1,0,0.0,-0.019859859255841144
1300,frozen,43,5,3,0,0,-1.0,-1.0,1,0,1,0,0.0,-0.019859859255841144
1301,frozen,43,3,5,1,0,-1.0,-1.0,1,0,1,0,0.0,-0.019859859255841144
1302,frozen,43,3,3,0,1,1.0,1.0,0,nan,nan,nan,0.0,-0.019859859255841144
1303,frozen,43,8,2,0,0,-1.0,-1.0,1,1,0,0,0.0,-0.019859859255841144
1304,frozen,43,0,5,1,0,-1.0,-1.0,1,0,1,0,0.0,-0.019859859255841144
1305,frozen,43,6,3,0,0,-1.0,-1.0,1,0,1,0,0.0,-0.019859859255841144
1306,frozen,43,7,3,0,0,-1.0,-1.0,1,0,1,0,0.0,-0.019859859255841144
1307,frozen,43,4,3,0,1,1.0,1.0,0,nan,nan,nan,0.0,-0.019859859255841144
1308,frozen,43,0,2,0,0,-1.0,-1.0,1,1,0,0,0.0,-0.019859859255841144
1309,frozen,43,7,5,1,0,-1.0,-1.0,1,0,1,0,0.0,-0.019859859255841144
1310,frozen,43,8,3,0,0,-1.0,-1.0,1,0,1,0,0.0,-0.019859859255841144
1311,frozen,43,5,3,0,0,-1.0,-1.0,1,0,1,0,0.0,-0.019859859255841144
1312,frozen,43,2,5,1,0,-1.0,-1.0,1,0,1,0,0.0,-0.019859859255841144
1313,frozen,43,2,5,1,0,-1.0,-1.0,1,0,1,0,0.0,-0.019859859255841144
1314,frozen,43,6,3,0,0,-1.0,-1.0,1,0,1,0,0.0,-0.019859859255841144
1315,frozen,43,4,3,0,1,1.0,1.0,0,nan,nan,nan,0.0,-0.019859859255841144
1316,frozen,43,5,2,0,0,-1.0,-1.0,1,1,0,0,0.0,-0.019859859255841144
1317,frozen,43,8,3,0,0,-1.0,-1.0,1,0,1,0,0.0,-0.019859859255841144
1318,frozen,43,0,3,0,0,-1.0,-1.0,1,0,1,0,0.0,-0.019859859255841144
1319,frozen,43,2,3,0,1,1.0,1.0,0,nan,nan,nan,0.0,-0.019859859255841144
1320,frozen,43,3,4,1,1,1.0,1.0,0,nan,nan,nan,0.0,-0.019859859255841144
1321,frozen,43,8,3,0,0,-1.0,-1.0,1,2,0,0,0.0,-0.019859859255841144
1322,frozen,43,5,3,0,0,-1.0,-1.0,1,0,1,0,0.0,-0.019859859255841144
1323,frozen,43,7,3,0,0,-1.0,-1.0,1,0,1,0,0.0,-0.019859859255841144
1324,frozen,43,7,3,0,0,-1.0,-1.0,1,0,1,0,0.0,-0.019859859255841144
1325,frozen,43,6,3,0,0,-1.0,-1.0,1,0,1,0,0.0,-0.019859859255841144
1326,frozen,43,1,5,1,0,-1.0,-1.0,1,0,1,0,0.0,-0.019859859255841144
1327,frozen,43,3,3,0,1,1.0,1.0,0,nan,nan,nan,0.0,-0.019859859255841144
1328,frozen,43,8,4,1,0,-1.0,-1.0,1,1,0,0,0.0,-0.019859859255841144
1329,frozen,43,4,5,1,1,1.0,1.0,0,nan,nan,nan,0.0,-0.019859859255841144
1330,frozen,43,3,4,0,1,1.0,1.0,0,nan,nan,nan,0.0,-0.019859859255841144
1331,frozen,43,0,3,0,0,-1.0,-1.0,1,2,0,0,0.0,-0.019859859255841144
1332,frozen,43,6,5,1,1,1.0,1.0,0,nan,nan,nan,0.0,-0.019859859255841144
1333,frozen,43,1,4,0,0,-1.0,-1.0,1,1,0,0,0.0,-0.019859859255841144
1334,frozen,43,0,3,0,0,-1.0,-1.0,1,0,1,0,0.0,-0.019859859255841144
1335,frozen,43,0,3,0,0,-1.0,-1.0,1,0,1,0,0.0,-0.019859859255841144
1336,frozen,43,3,5,1,0,-1.0,-1.0,1,0,1,0,0.0,-0.019859859255841144
1337,frozen,43,5,3,0,0,-1.0,-1.0,1,0,1,0,0.0,-0.019859859255841144
1338,frozen,43,7,5,1,0,-1.0,-1.0,1,0,1,0,0.0,-0.019859859255841144
1339,frozen,43,2,3,0,1,1.0,1.0,0,nan,nan,nan,0.0,-0.019859859255841144
1340,frozen,43,4,2,0,0,-1.0,-1.0,1,1,0,0,0.0,-0.019859859255841144
1341,frozen,43,2,3,0,1,1.0,1.0,0,nan,nan,nan,0.0,-0.019859859255841144
1342,frozen,43,6,4,1,0,-1.0,-1.0,1,1,0,0,0.0,-0.019859859255841144
1343,frozen,43,6,5,1,1,1.0,1.0,0,nan,nan,nan,0.0,-0.019859859255841144
1344,frozen,43,0,6,1,0,-1.0,-1.0,1,1,0,0,0.0,-0.019859859255841144
1345,frozen,43,1,3,0,0,-1.0,-1.0,1,0,1,0,0.0,-0.019859859255841144
1346,frozen,43,1,5,1,0,-1.0,-1.0,1,0,1,0,0.0,-0.019859859255841144
1347,frozen,43,0,3,0,0,-1.0,-1.0,1,0,1,0,0.0,-0.019859859255841144
1348,frozen,43,1,3,0,0,-1.0,-1.0,1,0,1,0,0.0,-0.019859859255841144
1349,frozen,43,5,3,0,0,-1.0,-1.0,1,0,1,0,0.0,-0.019859859255841144
1350,frozen,43,6,5,1,1,1.0,1.0,0,nan,nan,nan,0.0,-0.019859859255841144
1351,frozen,43,8,4,0,0,-1.0,-1.0,1,1,0,0,0.0,-0.019859859255841144
1352,frozen,43,7,5,1,0,-1.0,-1.0,1,0,1,0,0.0,-0.019859859255841144
1353,frozen,43,6,3,0,0,-1.0,-1.0,1,0,1,0,0.0,-0.019859859255841144
1354,frozen,43,5,3,0,0,-1.0,-1.0,1,0,1,0,0.0,-0.019859859255841144
1355,frozen,43,3,3,0,1,1.0,1.0,0,nan,nan,nan,0.0,-0.019859859255841144
1356,frozen,43,2,2,0,1,1.0,1.0,0,nan,nan,nan,0.0,-0.019859859255841144
1357,frozen,43,5,3,1,0,-1.0,-1.0,1,2,0,0,0.0,-0.019859859255841144
1358,frozen,43,3,3,0,1,1.0,1.0,0,nan,nan,nan,0.0,-0.019859859255841144
1359,frozen,43,7,2,0,0,-1.0,-1.0,1,1,0,0,0.0,-0.019859859255841144
1360,frozen,43,2,5,1,0,-1.0,-1.0,1,0,1,0,0.0,-0.019859859255841144
1361,frozen,43,2,5,1,0,-1.0,-1.0,1,0,1,0,0.0,-0.019859859255841144
1362,frozen,43,7,5,1,0,-1.0,-1.0,1,0,1,0,0.0,-0.019859859255841144
1363,frozen,43,3,3,0,1,1.0,1.0,0,nan,nan,nan,0.0,-0.019859859255841144
1364,frozen,43,4,2,0,0,-1.0,-1.0,1,1,0,0,0.0,-0.019859859255841144
1365,frozen,43,6,5,1,1,1.0,1.0,0,nan,nan,nan,0.0,-0.019859859255841144
1366,frozen,43,8,6,1,0,-1.0,-1.0,1,1,0,0,0.0,-0.019859859255841144
1367,frozen,43,8,3,0,0,-1.0,-1.0,1,0,1,0,0.0,-0.019859859255841144
1368,frozen,43,3,5,1,0,-1.0,-1.0,1,0,1,0,0.0,-0.019859859255841144
1369,frozen,43,6,5,1,1,1.0,1.0,0,nan,nan,nan,0.0,-0.019859859255841144
1370,frozen,43,3,6,1,0,-1.0,-1.0,1,1,0,0,0.0,-0.019859859255841144
1371,frozen,43,6,3,0,0,-1.0,-1.0,1,0,1,0,0.0,-0.019859859255841144
1372,frozen,43,8,3,0,0,-1.0,-1.0,1,0,1,0,0.0,-0.019859859255841144
1373,frozen,43,1,3,0,0,-1.0,-1.0,1,0,1,0,0.0,-0.019859859255841144
1374,frozen,43,6,3,0,0,-1.0,-1.0,1,0,1,0,0.0,-0.019859859255841144
1375,frozen,43,4,3,0,1,1.0,1.0,0,nan,nan,nan,0.0,-0.019859859255841144
1376,frozen,43,2,4,1,0,-1.0,-1.0,1,1,0,0,0.0,-0.019859859255841144
1377,frozen,43,4,5,1,1,1.0,1.0,0,nan,nan,nan,0.0,-0.019859859255841144
1378,frozen,43,5,4,0,1,1.0,1.0,0,nan,nan,nan,0.0,-0.019859859255841144
1379,frozen,43,3,3,0,1,1.0,1.0,0,nan,nan,nan,0.0,-0.019859859255841144
1380,frozen,43,1,4,1,0,-1.0,-1.0,1,3,0,1,0.0,-0.019859859255841144
1381,frozen,43,8,3,0,0,-1.0,-1.0,1,0,1,0,0.0,-0.019859859255841144
1382,frozen,43,3,3,0,1,1.0,1.0,0,nan,nan,nan,0.0,-0.019859859255841144
1383,frozen,43,1,4,1,0,-1.0,-1.0,1,1,0,0,0.0,-0.019859859255841144
1384,frozen,43,2,5,1,0,-1.0,-1.0,1,0,1,0,0.0,-0.019859859255841144
1385,frozen,43,8,3,0,0,-1.0,-1.0,1,0,1,0,0.0,-0.019859859255841144
1386,frozen,43,0,3,0,0,-1.0,-1.0,1,0,1,0,0.0,-0.019859859255841144
1387,frozen,43,2,5,1,0,-1.0,-1.0,1,0,1,0,0.0,-0.019859859255841144
1388,frozen,43,1,5,1,0,-1.0,-1.0,1,0,1,0,0.0,-0.019859859255841144
1389,frozen,43,6,3,0,0,-1.0,-1.0,1,0,1,0,0.0,-0.019859859255841144
1390,frozen,43,5,3,0,0,-1.0,-1.0,1,0,1,0,0.0,-0.019859859255841144
1391,frozen,43,6,5,1,1,1.0,1.0,0,nan,nan,nan,0.0,-0.019859859255841144
1392,frozen,43,5,4,0,1,1.0,1.0,0,nan,nan,nan,0.0,-0.019859859255841144
1393,frozen,43,1,5,1,0,-1.0,-1.0,1,2,0,0,0.0,-0.019859859255841144
1394,frozen,43,5,3,0,0,-1.0,-1.0,1,0,1,0,0.0,-0.019859859255841144
1395,frozen,43,7,3,0,0,-1.0,-1.0,1,0,1,0,0.0,-0.019859859255841144
1396,frozen,43,1,5,1,0,-1.0,-1.0,1,0,1,0,0.0,-0.019859859255841144
1397,frozen,43,2,5,1,0,-1.0,-1.0,1,0,1,0,0.0,-0.019859859255841144
1398,frozen,43,6,5,1,1,1.0,1.0,0,nan,nan,nan,0.0,-0.019859859255841144
1399,frozen,43,4,6,1,0,-1.0,-1.0,1,1,0,0,0.0,-0.019859859255841144
1400,frozen,43,1,5,1,0,-1.0,-1.0,1,0,1,0,0.0,-0.019859859255841144
1401,frozen,43,3,5,1,0,-1.0,-1.0,1,0,1,0,0.0,-0.019859859255841144
1402,frozen,43,0,3,0,0,-1.0,-1.0,1,0,1,0,0.0,-0.019859859255841144
1403,frozen,43,7,5,1,0,-1.0,-1.0,1,0,1,0,0.0,-0.019859859255841144
1404,frozen,43,6,3,0,0,-1.0,-1.0,1,0,1,0,0.0,-0.019859859255841144
1405,frozen,43,3,5,1,0,-1.0,-1.0,1,0,1,0,0.0,-0.019859859255841144
1406,frozen,43,6,3,0,0,-1.0,-1.0,1,0,1,0,0.0,-0.019859859255841144
1407,frozen,43,6,5,1,1,1.0,1.0,0,nan,nan,nan,0.0,-0.019859859255841144
1408,frozen,43,2,6,1,0,-1.0,-1.0,1,1,0,0,0.0,-0.019859859255841144
1409,frozen,43,5,3,0,0,-1.0,-1.0,1,0,1,0,0.0,-0.019859859255841144
1410,frozen,43,6,5,1,1,1.0,1.0,0,nan,nan,nan,0.0,-0.019859859255841144
1411,frozen,43,7,6,1,1,1.0,1.0,0,nan,nan,nan,0.0,-0.019859859255841144
1412,frozen,43,2,5,0,0,-1.0,-1.0,1,2,0,0,0.0,-0.019859859255841144
1413,frozen,43,7,3,0,0,-1.0,-1.0,1,0,1,0,0.0,-0.019859859255841144
1414,frozen,43,4,3,0,1,1.0,1.0,0,nan,nan,nan,0.0,-0.019859859255841144
1415,frozen,43,2,2,0,1,1.0,1.0,0,nan,nan,nan,0.0,-0.019859859255841144
1416,frozen,43,0,3,1,0,-1.0,-1.0,1,2,0,0,0.0,-0.019859859255841144
1417,frozen,43,0,5,1,0,-1.0,-1.0,1,0,1,0,0.0,-0.019859859255841144
1418,frozen,43,5,3,0,0,-1.0,-1.0,1,0,1,0,0.0,-0.019859859255841144
1419,frozen,43,0,3,0,0,-1.0,-1.0,1,0,1,0,0.0,-0.019859859255841144
1420,frozen,43,2,3,0,1,1.0,1.0,0,nan,nan,nan,0.0,-0.019859859255841144
1421,frozen,43,8,2,0,0,-1.0,-1.0,1,1,0,0,0.0,-0.019859859255841144
1422,frozen,43,4,3,0,1,1.0,1.0,0,nan,nan,nan,0.0,-0.019859859255841144
1423,frozen,43,2,4,1,0,-1.0,-1.0,1,1,0,0,0.0,-0.019859859255841144
1424,frozen,43,8,3,0,0,-1.0,-1.0,1,0,1,0,0.0,-0.019859859255841144
1425,frozen,43,4,5,1,1,1.0,1.0,0,nan,nan,nan,0.0,-0.019859859255841144
1426,frozen,43,3,6,1,0,-1.0,-1.0,1,1,0,0,0.0,-0.019859859255841144
1427,frozen,43,5,3,0,0,-1.0,-1.0,1,0,1,0,0.0,-0.019859859255841144
1428,frozen,43,8,3,0,0,-1.0,-1.0,1,0,1,0,0.0,-0.019859859255841144
1429,frozen,43,0,3,0,0,-1.0,-1.0,1,0,1,0,0.0,-0.019859859255841144
1430,frozen,43,8,3,0,0,-1.0,-1.0,1,0,1,0,0.0,-0.019859859255841144
1431,frozen,43,3,5,1,0,-1.0,-1.0,1,0,1,0,0.0,-0.019859859255841144
1432,frozen,43,3,5,1,0,-1.0,-1.0,1,0,1,0,0.0,-0.019859859255841144
1433,frozen,43,4,5,1,1,1.0,1.0,0,nan,nan,nan,0.0,-0.019859859255841144
1434,frozen,43,8,6,1,0,-1.0,-1.0,1,1,0,0,0.0,-0.019859859255841144
1435,frozen,43,0,3,0,0,-1.0,-1.0,1,0,1,0,0.0,-0.019859859255841144
1436,frozen,43,4,5,1,1,1.0,1.0,0,nan,nan,nan,0.0,-0.019859859255841144
1437,frozen,43,4,4,0,1,1.0,1.0,0,nan,nan,nan,0.0,-0.019859859255841144
1438,frozen,43,6,5,1,1,1.0,1.0,0,nan,nan,nan,0.0,-0.019859859255841144
1439,frozen,43,2,4,0,0,-1.0,-1.0,1,3,0,1,0.0,-0.019859859255841144
1440,frozen,43,6,5,1,1,1.0,1.0,0,nan,nan,nan,0.0,-0.019859859255841144
1441,frozen,43,8,4,0,0,-1.0,-1.0,1,1,0,0,0.0,-0.019859859255841144
1442,frozen,43,0,3,0,0,-1.0,-1.0,1,0,1,0,0.0,-0.019859859255841144
1443,frozen,43,4,3,0,1,1.0,1.0,0,nan,nan,nan,0.0,-0.019859859255841144
1444,frozen,43,6,2,0,0,-1.0,-1.0,1,1,0,0,0.0,-0.019859859255841144
1445,frozen,43,2,3,0,1,1.0,1.0,0,nan,nan,nan,0.0,-0.019859859255841144
1446,frozen,43,2,2,0,1,1.0,1.0,0,nan,nan,nan,0.0,-0.019859859255841144
1447,frozen,43,1,1,0,1,1.0,1.0,0,nan,nan,nan,0.0,-0.019859859255841144
1448,frozen,43,0,2,1,0,-1.0,-1.0,1,3,0,1,0.0,-0.019859859255841144
1449,frozen,43,0,3,0,0,-1.0,-1.0,1,0,1,0,0.0,-0.019859859255841144
1450,frozen,43,3,3,0,1,1.0,1.0,0,nan,nan,nan,0.0,-0.019859859255841144
1451,frozen,43,7,2,0,0,-1.0,-1.0,1,1,0,0,0.0,-0.019859859255841144
1452,frozen,43,0,3,0,0,-1.0,-1.0,1,0,1,0,0.0,-0.019859859255841144
1453,frozen,43,7,5,1,0,-1.0,-1.0,1,0,1,0,0.0,-0.019859859255841144
1454,frozen,43,4,5,1,1,1.0,1.0,0,nan,nan,nan,0.0,-0.019859859255841144
1455,frozen,43,6,4,0,0,-1.0,-1.0,1,1,0,0,0.0,-0.019859859255841144
1456,frozen,43,3,3,0,1,1.0,1.0,0,nan,nan,nan,0.0,-0.019859859255841144
1457,frozen,43,2,4,1,0,-1.0,-1.0,1,1,0,0,0.0,-0.019859859255841144
1458,frozen,43,8,5,1,0,-1.0,-1.0,1,0,1,0,0.0,-0.019859859255841144
1459,frozen,43,7,3,0,0,-1.0,-1.0,1,0,1,0,0.0,-0.019859859255841144
1460,frozen,43,6,3,0,0,-1.0,-1.0,1,0,1,0,0.0,-0.019859859255841144
1461,frozen,43,7,3,0,0,-1.0,-1.0,1,0,1,0,0.0,-0.019859859255841144
1462,frozen,43,7,3,0,0,-1.0,-1.0,1,0,1,0,0.0,-0.019859859255841144
1463,frozen,43,0,3,0,0,-1.0,-1.0,1,0,1,0,0.0,-0.019859859255841144
1464,frozen,43,8,3,0,0,-1.0,-1.0,1,0,1,0,0.0,-0.019859859255841144
1465,frozen,43,6,3,0,0,-1.0,-1.0,1,0,1,0,0.0,-0.019859859255841144
1466,frozen,43,7,3,0,0,-1.0,-1.0,1,0,1,0,0.0,-0.019859859255841144
1467,frozen,43,5,3,0,0,-1.0,-1.0,1,0,1,0,0.0,-0.019859859255841144
1468,frozen,43,8,3,0,0,-1.0,-1.0,1,0,1,0,0.0,-0.019859859255841144
1469,frozen,43,7,3,0,0,-1.0,-1.0,1,0,1,0,0.0,-0.019859859255841144
1470,frozen,43,0,3,0,0,-1.0,-1.0,1,0,1,0,0.0,-0.019859859255841144
1471,frozen,43,0,3,0,0,-1.0,-1.0,1,0,1,0,0.0,-0.019859859255841144
1472,frozen,43,7,3,0,0,-1.0,-1.0,1,0,1,0,0.0,-0.019859859255841144
1473,frozen,43,7,3,0,0,-1.0,-1.0,1,0,1,0,0.0,-0.019859859255841144
1474,frozen,43,1,3,0,0,-1.0,-1.0,1,0,1,0,0.0,-0.019859859255841144
1475,frozen,43,1,3,0,0,-1.0,-1.0,1,0,1,0,0.0,-0.019859859255841144
1476,frozen,43,5,3,0,0,-1.0,-1.0,1,0,1,0,0.0,-0.019859859255841144
1477,frozen,43,5,3,0,0,-1.0,-1.0,1,0,1,0,0.0,-0.019859859255841144
1478,frozen,43,5,3,0,0,-1.0,-1.0,1,0,1,0,0.0,-0.019859859255841144
1479,frozen,43,5,3,0,0,-1.0,-1.0,1,0,1,0,0.0,-0.019859859255841144
1480,frozen,43,7,5,1,0,-1.0,-1.0,1,0,1,0,0.0,-0.019859859255841144
1481,frozen,43,7,5,1,0,-1.0,-1.0,1,0,1,0,0.0,-0.019859859255841144
1482,frozen,43,2,5,1,0,-1.0,-1.0,1,0,1,0,0.0,-0.019859859255841144
1483,frozen,43,2,3,0,1,1.0,1.0,0,nan,nan,nan,0.0,-0.019859859255841144
1484,frozen,43,4,2,0,0,-1.0,-1.0,1,1,0,0,0.0,-0.019859859255841144
1485,frozen,43,4,3,0,1,1.0,1.0,0,nan,nan,nan,0.0,-0.019859859255841144
1486,frozen,43,6,4,1,0,-1.0,-1.0,1,1,0,0,0.0,-0.019859859255841144
1487,frozen,43,2,3,0,1,1.0,1.0,0,nan,nan,nan,0.0,-0.019859859255841144
1488,frozen,43,6,4,1,0,-1.0,-1.0,1,1,0,0,0.0,-0.019859859255841144
1489,frozen,43,0,3,0,0,-1.0,-1.0,1,0,1,0,0.0,-0.019859859255841144
1490,frozen,43,3,3,0,1,1.0,1.0,0,nan,nan,nan,0.0,-0.019859859255841144
1491,frozen,43,8,2,0,0,-1.0,-1.0,1,1,0,0,0.0,-0.019859859255841144
1492,frozen,43,2,5,1,0,-1.0,-1.0,1,0,1,0,0.0,-0.019859859255841144
1493,frozen,43,3,3,0,1,1.0,1.0,0,nan,nan,nan,0.0,-0.019859859255841144
1494,frozen,43,4,2,0,0,-1.0,-1.0,1,1,0,0,0.0,-0.019859859255841144
1495,frozen,43,7,5,1,0,-1.0,-1.0,1,0,1,0,0.0,-0.019859859255841144
1496,frozen,43,5,5,1,1,1.0,1.0,0,nan,nan,nan,0.0,-0.019859859255841144
1497,frozen,43,8,6,1,0,-1.0,-1.0,1,1,0,0,0.0,-0.019859859255841144
1498,frozen,43,2,5,1,0,-1.0,-1.0,1,0,1,0,0.0,-0.019859859255841144
1499,frozen,43,0,3,0,0,-1.0,-1.0,1,0,1,0,0.0,-0.019859859255841144
1500,frozen,43,3,3,0,1,1.0,1.0,0,nan,nan,nan,0.0,-0.019859859255841144
1501,frozen,43,1,4,1,0,-1.0,-1.0,1,1,0,0,0.0,-0.019859859255841144
1502,frozen,43,3,3,0,1,1.0,1.0,0,nan,nan,nan,0.0,-0.019859859255841144
1503,frozen,43,2,4,1,0,-1.0,-1.0,1,1,0,0,0.0,-0.019859859255841144
1504,frozen,43,3,3,0,1,1.0,1.0,0,nan,nan,nan,0.0,-0.019859859255841144
1505,frozen,43,4,2,0,0,-1.0,-1.0,1,1,0,0,0.0,-0.019859859255841144
1506,frozen,43,2,3,0,1,1.0,1.0,0,nan,nan,nan,0.0,-0.019859859255841144
1507,frozen,43,5,2,0,0,-1.0,-1.0,1,1,0,0,0.0,-0.019859859255841144
1508,frozen,43,7,3,0,0,-1.0,-1.0,1,0,1,0,0.0,-0.019859859255841144
1509,frozen,43,8,3,0,0,-1.0,-1.0,1,0,1,0,0.0,-0.019859859255841144
1510,frozen,43,3,5,1,0,-1.0,-1.0,1,0,1,0,0.0,-0.019859859255841144
1511,frozen,43,5,3,0,0,-1.0,-1.0,1,0,1,0,0.0,-0.019859859255841144
1512,frozen,43,3,5,1,0,-1.0,-1.0,1,0,1,0,0.0,-0.019859859255841144
1513,frozen,43,7,3,0,0,-1.0,-1.0,1,0,1,0,0.0,-0.019859859255841144
1514,frozen,43,2,3,0,1,1.0,1.0,0,nan,nan,nan,0.0,-0.019859859255841144
1515,frozen,43,8,2,0,0,-1.0,-1.0,1,1,0,0,0.0,-0.019859859255841144
1516,frozen,43,8,3,0,0,-1.0,-1.0,1,0,1,0,0.0,-0.019859859255841144
1517,frozen,43,5,3,0,0,-1.0,-1.0,1,0,1,0,0.0,-0.019859859255841144
1518,frozen,43,7,3,0,0,-1.0,-1.0,1,0,1,0,0.0,-0.019859859255841144
1519,frozen,43,3,5,1,0,-1.0,-1.0,1,0,1,0,0.0,-0.019859859255841144
1520,frozen,43,1,5,1,0,-1.0,-1.0,1,0,1,0,0.0,-0.019859859255841144
1521,frozen,43,7,5,1,0,-1.0,-1.0,1,0,1,0,0.0,-0.019859859255841144
1522,frozen,43,7,5,1,0,-1.0,-1.0,1,0,1,0,0.0,-0.019859859255841144
1523,frozen,43,5,3,0,0,-1.0,-1.0,1,0,1,0,0.0,-0.019859859255841144
1524,frozen,43,4,5,1,1,1.0,1.0,0,nan,nan,nan,0.0,-0.019859859255841144
1525,frozen,43,3,6,1,0,-1.0,-1.0,1,1,0,0,0.0,-0.019859859255841144
1526,frozen,43,1,5,1,0,-1.0,-1.0,1,0,1,0,0.0,-0.019859859255841144
1527,frozen,43,5,3,0,0,-1.0,-1.0,1,0,1,0,0.0,-0.019859859255841144
1528,frozen,43,8,3,0,0,-1.0,-1.0,1,0,1,0,0.0,-0.019859859255841144
1529,frozen,43,3,5,1,0,-1.0,-1.0,1,0,1,0,0.0,-0.019859859255841144
1530,frozen,43,6,5,1,1,1.0,1.0,0,nan,nan,nan,0.0,-0.019859859255841144
1531,frozen,43,1,4,0,0,-1.0,-1.0,1,1,0,0,0.0,-0.019859859255841144
1532,frozen,43,4,3,0,1,1.0,1.0,0,nan,nan,nan,0.0,-0.019859859255841144
1533,frozen,43,3,2,0,1,1.0,1.0,0,nan,nan,nan,0.0,-0.019859859255841144
1534,frozen,43,5,1,0,0,-1.0,-1.0,1,2,0,0,0.0,-0.019859859255841144
1535,frozen,43,5,3,0,0,-1.0,-1.0,1,0,1,0,0.0,-0.019859859255841144
1536,frozen,43,0,3,0,0,-1.0,-1.0,1,0,1,0,0.0,-0.019859859255841144
1537,frozen,43,1,3,0,0,-1.0,-1.0,1,0,1,0,0.0,-0.019859859255841144
1538,frozen,43,1,5,1,0,-1.0,-1.0,1,0,1,0,0.0,-0.019859859255841144
1539,frozen,43,8,3,0,0,-1.0,-1.0,1,0,1,0,0.0,-0.019859859255841144
1540,frozen,43,3,3,0,1,1.0,1.0,0,nan,nan,nan,0.0,-0.019859859255841144
1541,frozen,43,1,4,1,0,-1.0,-1.0,1,1,0,0,0.0,-0.019859859255841144
1542,frozen,43,6,3,0,0,-1.0,-1.0,1,0,1,0,0.0,-0.019859859255841144
1543,frozen,43,2,5,1,0,-1.0,-1.0,1,0,1,0,0.0,-0.019859859255841144
1544,frozen,43,6,5,1,1,1.0,1.0,0,nan,nan,nan,0.0,-0.019859859255841144
1545,frozen,43,2,4,0,0,-1.0,-1.0,1,1,0,0,0.0,-0.019859859255841144
1546,frozen,43,4,3,0,1,1.0,1.0,0,nan,nan,nan,0.0,-0.019859859255841144
1547,frozen,43,6,4,1,0,-1.0,-1.0,1,1,0,0,0.0,-0.019859859255841144
1548,frozen,43,6,3,0,0,-1.0,-1.0,1,0,1,0,0.0,-0.019859859255841144
1549,frozen,43,0,3,0,0,-1.0,-1.0,1,0,1,0,0.0,-0.019859859255841144
1550,frozen,43,5,3,0,0,-1.0,-1.0,1,0,1,0,0.0,-0.019859859255841144
1551,frozen,43,0,3,0,0,-1.0,-1.0,1,0,1,0,0.0,-0.019859859255841144
1552,frozen,43,0,3,0,0,-1.0,-1.0,1,0,1,0,0.0,-0.019859859255841144
1553,frozen,43,3,3,0,1,1.0,1.0,0,nan,nan,nan,0.0,-0.019859859255841144
1554,frozen,43,6,4,1,0,-1.0,-1.0,1,1,0,0,0.0,-0.019859859255841144
1555,frozen,43,6,5,1,1,1.0,1.0,0,nan,nan,nan,0.0,-0.019859859255841144
1556,frozen,43,6,6,1,1,1.0,1.0,0,nan,nan,nan,0.0,-0.019859859255841144
1557,frozen,43,3,5,0,0,-1.0,-1.0,1,2,0,0,0.0,-0.019859859255841144
1558,frozen,43,3,5,1,0,-1.0,-1.0,1,0,1,0,0.0,-0.019859859255841144
1559,frozen,43,7,3,0,0,-1.0,-1.0,1,0,1,0,0.0,-0.019859859255841144
1560,frozen,43,2,5,1,0,-1.0,-1.0,1,0,1,0,0.0,-0.019859859255841144
1561,frozen,43,3,5,1,0,-1.0,-1.0,1,0,1,0,0.0,-0.019859859255841144
1562,frozen,43,8,3,0,0,-1.0,-1.0,1,0,1,0,0.0,-0.019859859255841144
1563,frozen,43,4,3,0,1,1.0,1.0,0,nan,nan,nan,0.0,-0.019859859255841144
1564,frozen,43,3,4,1,1,1.0,1.0,0,nan,nan,nan,0.0,-0.019859859255841144
1565,frozen,43,7,5,1,0,-1.0,-1.0,1,2,0,0,0.0,-0.019859859255841144
1566,frozen,43,5,3,0,0,-1.0,-1.0,1,0,1,0,0.0,-0.019859859255841144
1567,frozen,43,2,3,0,1,1.0,1.0,0,nan,nan,nan,0.0,-0.019859859255841144
1568,frozen,43,2,2,0,1,1.0,1.0,0,nan,nan,nan,0.0,-0.019859859255841144
1569,frozen,43,3,1,0,0,-1.0,-1.0,1,2,0,0,0.0,-0.019859859255841144
1570,frozen,43,5,3,0,0,-1.0,-1.0,1,0,1,0,0.0,-0.019859859255841144
1571,frozen,43,7,5,1,0,-1.0,-1.0,1,0,1,0,0.0,-0.019859859255841144
1572,frozen,43,0,3,0,0,-1.0,-1.0,1,0,1,0,0.0,-0.019859859255841144
1573,frozen,43,6,3,0,0,-1.0,-1.0,1,0,1,0,0.0,-0.019859859255841144
1574,frozen,43,0,5,1,0,-1.0,-1.0,1,0,1,0,0.0,-0.019859859255841144
1575,frozen,43,6,5,1,1,1.0,1.0,0,nan,nan,nan,0.0,-0.019859859255841144
1576,frozen,43,7,6,1,1,1.0,1.0,0,nan,nan,nan,0.0,-0.019859859255841144
1577,frozen,43,7,5,0,0,-1.0,-1.0,1,2,0,0,0.0,-0.019859859255841144
1578,frozen,43,8,3,0,0,-1.0,-1.0,1,0,1,0,0.0,-0.019859859255841144
1579,frozen,43,8,3,0,0,-1.0,-1.0,1,0,1,0,0.0,-0.019859859255841144
1580,frozen,43,4,3,0,1,1.0,1.0,0,nan,nan,nan,0.0,-0.019859859255841144
1581,frozen,43,4,2,0,0,-1.0,-1.0,1,1,0,0,0.0,-0.019859859255841144
1582,frozen,43,1,5,1,0,-1.0,-1.0,1,0,1,0,0.0,-0.019859859255841144
1583,frozen,43,7,5,1,0,-1.0,-1.0,1,0,1,0,0.0,-0.019859859255841144
1584,frozen,43,4,3,0,1,1.0,1.0,0,nan,nan,nan,0.0,-0.019859859255841144
1585,frozen,43,4,2,0,0,-1.0,-1.0,1,1,0,0,0.0,-0.019859859255841144
1586,frozen,43,1,3,0,0,-1.0,-1.0,1,0,1,0,0.0,-0.019859859255841144
1587,frozen,43,3,5,1,0,-1.0,-1.0,1,0,1,0,0.0,-0.019859859255841144
1588,frozen,43,0,3,0,0,-1.0,-1.0,1,0,1,0,0.0,-0.019859859255841144
1589,frozen,43,1,3,0,0,-1.0,-1.0,1,0,1,0,0.0,-0.019859859255841144
1590,frozen,43,8,3,0,0,-1.0,-1.0,1,0,1,0,0.0,-0.019859859255841144
1591,frozen,43,6,5,1,1,1.0,1.0,0,nan,nan,nan,0.0,-0.019859859255841144
1592,frozen,43,2,4,0,0,-1.0,-1.0,1,1,0,0,0.0,-0.019859859255841144
1593,frozen,43,6,3,0,0,-1.0,-1.0,1,0,1,0,0.0,-0.019859859255841144
1594,frozen,43,6,5,1,1,1.0,1.0,0,nan,nan,nan,0.0,-0.019859859255841144
1595,frozen,43,4,6,1,0,-1.0,-1.0,1,1,0,0,0.0,-0.019859859255841144
1596,frozen,43,7,3,0,0,-1.0,-1.0,1,0,1,0,0.0,-0.019859859255841144
1597,frozen,43,1,5,1,0,-1.0,-1.0,1,0,1,0,0.0,-0.019859859255841144
1598,frozen,43,5,3,0,0,-1.0,-1.0,1,0,1,0,0.0,-0.019859859255841144
1599,frozen,43,6,5,1,1,1.0,1.0,0,nan,nan,nan,0.0,-0.019859859255841144
1600,frozen,43,2,4,0,0,-1.0,-1.0,1,1,0,0,0.0,-0.019859859255841144
1601,frozen,43,2,3,0,1,1.0,1.0,0,nan,nan,nan,0.0,-0.019859859255841144
1602,frozen,43,2,4,1,0,-1.0,-1.0,1,1,0,0,0.0,-0.019859859255841144
1603,frozen,43,3,3,0,1,1.0,1.0,0,nan,nan,nan,0.0,-0.019859859255841144
1604,frozen,43,0,4,1,0,-1.0,-1.0,1,1,0,0,0.0,-0.019859859255841144
1605,frozen,43,3,3,0,1,1.0,1.0,0,nan,nan,nan,0.0,-0.019859859255841144
1606,frozen,43,6,4,1,0,-1.0,-1.0,1,1,0,0,0.0,-0.019859859255841144
1607,frozen,43,2,3,0,1,1.0,1.0,0,nan,nan,nan,0.0,-0.019859859255841144
1608,frozen,43,7,2,0,0,-1.0,-1.0,1,1,0,0,0.0,-0.019859859255841144
1609,frozen,43,7,3,0,0,-1.0,-1.0,1,0,1,0,0.0,-0.019859859255841144
1610,frozen,43,8,3,0,0,-1.0,-1.0,1,0,1,0,0.0,-0.019859859255841144
1611,frozen,43,0,3,0,0,-1.0,-1.0,1,0,1,0,0.0,-0.019859859255841144
1612,frozen,43,3,3,0,1,1.0,1.0,0,nan,nan,nan,0.0,-0.019859859255841144
1613,frozen,43,0,4,1,0,-1.0,-1.0,1,1,0,0,0.0,-0.019859859255841144
1614,frozen,43,7,3,0,0,-1.0,-1.0,1,0,1,0,0.0,-0.019859859255841144
1615,frozen,43,1,3,0,0,-1.0,-1.0,1,0,1,0,0.0,-0.019859859255841144
1616,frozen,43,7,3,0,0,-1.0,-1.0,1,0,1,0,0.0,-0.019859859255841144
1617,frozen,43,5,3,0,0,-1.0,-1.0,1,0,1,0,0.0,-0.019859859255841144
1618,frozen,43,8,3,0,0,-1.0,-1.0,1,0,1,0,0.0,-0.019859859255841144
1619,frozen,43,3,3,0,1,1.0,1.0,0,nan,nan,nan,0.0,-0.019859859255841144
1620,frozen,43,8,2,0,0,-1.0,-1.0,1,1,0,0,0.0,-0.019859859255841144
1621,frozen,43,6,5,1,1,1.0,1.0,0,nan,nan,nan,0.0,-0.019859859255841144
1622,frozen,43,4,6,1,0,-1.0,-1.0,1,1,0,0,0.0,-0.019859859255841144
1623,frozen,43,5,3,0,0,-1.0,-1.0,1,0,1,0,0.0,-0.019859859255841144
1624,frozen,43,5,3,0,0,-1.0,-1.0,1,0,1,0,0.0,-0.019859859255841144
1625,frozen,43,4,3,0,1,1.0,1.0,0,nan,nan,nan,0.0,-0.019859859255841144
1626,frozen,43,5,4,1,1,1.0,1.0,0,nan,nan,nan,0.0,-0.019859859255841144
1627,frozen,43,4,3,0,1,1.0,1.0,0,nan,nan,nan,0.0,-0.019859859255841144
1628,frozen,43,3,2,0,1,1.0,1.0,0,nan,nan,nan,0.0,-0.019859859255841144
1629,frozen,43,2,3,1,1,1.0,1.0,0,nan,nan,nan,0.0,-0.019859859255841144
1630,frozen,43,8,2,0,0,-1.0,-1.0,1,5,0,1,0.0,-0.019859859255841144
1631,frozen,43,3,5,1,0,-1.0,-1.0,1,0,1,0,0.0,-0.019859859255841144
1632,frozen,43,0,3,0,0,-1.0,-1.0,1,0,1,0,0.0,-0.019859859255841144
1633,frozen,43,6,5,1,1,1.0,1.0,0,nan,nan,nan,0.0,-0.019859859255841144
1634,frozen,43,2,6,1,0,-1.0,-1.0,1,1,0,0,0.0,-0.019859859255841144
1635,frozen,43,7,3,0,0,-1.0,-1.0,1,0,1,0,0.0,-0.019859859255841144
1636,frozen,43,8,3,0,0,-1.0,-1.0,1,0,1,0,0.0,-0.019859859255841144
1637,frozen,43,6,3,0,0,-1.0,-1.0,1,0,1,0,0.0,-0.019859859255841144
1638,frozen,43,0,3,0,0,-1.0,-1.0,1,0,1,0,0.0,-0.019859859255841144
1639,frozen,43,4,3,0,1,1.0,1.0,0,nan,nan,nan,0.0,-0.019859859255841144
1640,frozen,43,1,2,0,1,1.0,1.0,0,nan,nan,nan,0.0,-0.019859859255841144
1641,frozen,43,5,3,1,0,-1.0,-1.0,1,2,0,0,0.0,-0.019859859255841144
1642,frozen,43,6,5,1,1,1.0,1.0,0,nan,nan,nan,0.0,-0.019859859255841144
1643,frozen,43,3,6,1,0,-1.0,-1.0,1,1,0,0,0.0,-0.019859859255841144
1644,frozen,43,2,3,0,1,1.0,1.0,0,nan,nan,nan,0.0,-0.019859859255841144
1645,frozen,43,2,4,1,0,-1.0,-1.0,1,1,0,0,0.0,-0.019859859255841144
1646,frozen,43,1,3,0,0,-1.0,-1.0,1,0,1,0,0.0,-0.019859859255841144
1647,frozen,43,8,3,0,0,-1.0,-1.0,1,0,1,0,0.0,-0.019859859255841144
1648,frozen,43,5,3,0,0,-1.0,-1.0,1,0,1,0,0.0,-0.019859859255841144
1649,frozen,43,5,3,0,0,-1.0,-1.0,1,0,1,0,0.0,-0.019859859255841144
1650,frozen,43,2,3,0,1,1.0,1.0,0,nan,nan,nan,0.0,-0.019859859255841144
1651,frozen,43,1,4,1,0,-1.0,-1.0,1,1,0,0,0.0,-0.019859859255841144
1652,frozen,43,1,5,1,0,-1.0,-1.0,1,0,1,0,0.0,-0.019859859255841144
1653,frozen,43,3,5,1,0,-1.0,-1.0,1,0,1,0,0.0,-0.019859859255841144
1654,frozen,43,5,3,0,0,-1.0,-1.0,1,0,1,0,0.0,-0.019859859255841144
1655,frozen,43,4,5,1,1,1.0,1.0,0,nan,nan,nan,0.0,-0.019859859255841144
1656,frozen,43,8,6,1,0,-1.0,-1.0,1,1,0,0,0.0,-0.019859859255841144
1657,frozen,43,7,3,0,0,-1.0,-1.0,1,0,1,0,0.0,-0.019859859255841144
1658,frozen,43,8,3,0,0,-1.0,-1.0,1,0,1,0,0.0,-0.019859859255841144
1659,frozen,43,8,3,0,0,-1.0,-1.0,1,0,1,0,0.0,-0.019859859255841144
1660,frozen,43,6,5,1,1,1.0,1.0,0,nan,nan,nan,0.0,-0.019859859255841144
1661,frozen,43,6,4,0,0,-1.0,-1.0,1,1,0,0,0.0,-0.019859859255841144
1662,frozen,43,1,3,0,0,-1.0,-1.0,1,0,1,0,0.0,-0.019859859255841144
1663,frozen,43,1,5,1,0,-1.0,-1.0,1,0,1,0,0.0,-0.019859859255841144
1664,frozen,43,4,5,1,1,1.0,1.0,0,nan,nan,nan,0.0,-0.019859859255841144
1665,frozen,43,8,6,1,0,-1.0,-1.0,1,1,0,0,0.0,-0.019859859255841144
1666,frozen,43,3,3,0,1,1.0,1.0,0,nan,nan,nan,0.0,-0.019859859255841144
1667,frozen,43,0,4,1,0,-1.0,-1.0,1,1,0,0,0.0,-0.019859859255841144
1668,frozen,43,2,5,1,0,-1.0,-1.0,1,0,1,0,0.0,-0.019859859255841144
1669,frozen,43,1,5,1,0,-1.0,-1.0,1,0,1,0,0.0,-0.019859859255841144
1670,frozen,43,0,3,0,0,-1.0,-1.0,1,0,1,0,0.0,-0.019859859255841144
1671,frozen,43,0,3,0,0,-1.0,-1.0,1,0,1,0,0.0,-0.019859859255841144
1672,frozen,43,3,5,1,0,-1.0,-1.0,1,0,1,0,0.0,-0.019859859255841144
1673,frozen,43,8,3,0,0,-1.0,-1.0,1,0,1,0,0.0,-0.019859859255841144
1674,frozen,43,1,3,0,0,-1.0,-1.0,1,0,1,0,0.0,-0.019859859255841144
1675,frozen,43,0,5,1,0,-1.0,-1.0,1,0,1,0,0.0,-0.019859859255841144
1676,frozen,43,0,3,0,0,-1.0,-1.0,1,0,1,0,0.0,-0.019859859255841144
1677,frozen,43,3,3,0,1,1.0,1.0,0,nan,nan,nan,0.0,-0.019859859255841144
1678,frozen,43,8,4,1,0,-1.0,-1.0,1,1,0,0,0.0,-0.019859859255841144
1679,frozen,43,0,3,0,0,-1.0,-1.0,1,0,1,0,0.0,-0.019859859255841144
1680,frozen,43,8,3,0,0,-1.0,-1.0,1,0,1,0,0.0,-0.019859859255841144
1681,frozen,43,6,3,0,0,-1.0,-1.0,1,0,1,0,0.0,-0.019859859255841144
1682,frozen,43,1,3,0,0,-1.0,-1.0,1,0,1,0,0.0,-0.019859859255841144
1683,frozen,43,2,5,1,0,-1.0,-1.0,1,0,1,0,0.0,-0.019859859255841144
1684,frozen,43,4,3,0,1,1.0,1.0,0,nan,nan,nan,0.0,-0.019859859255841144
1685,frozen,43,6,2,0,0,-1.0,-1.0,1,1,0,0,0.0,-0.019859859255841144
1686,frozen,43,6,3,0,0,-1.0,-1.0,1,0,1,0,0.0,-0.019859859255841144
1687,frozen,43,3,3,0,1,1.0,1.0,0,nan,nan,nan,0.0,-0.019859859255841144
1688,frozen,43,2,2,0,1,1.0,1.0,0,nan,nan,nan,0.0,-0.019859859255841144
1689,frozen,43,8,1,0,0,-1.0,-1.0,1,2,0,0,0.0,-0.019859859255841144
1690,frozen,43,3,5,1,0,-1.0,-1.0,1,0,1,0,0.0,-0.019859859255841144
1691,frozen,43,3,5,1,0,-1.0,-1.0,1,0,1,0,0.0,-0.019859859255841144
1692,frozen,43,6,5,1,1,1.0,1.0,0,nan,nan,nan,0.0,-0.019859859255841144
1693,frozen,43,1,4,0,0,-1.0,-1.0,1,1,0,0,0.0,-0.019859859255841144
1694,frozen,43,7,5,1,0,-1.0,-1.0,1,0,1,0,0.0,-0.019859859255841144
1695,frozen,43,6,3,0,0,-1.0,-1.0,1,0,1,0,0.0,-0.019859859255841144
1696,frozen,43,5,3,0,0,-1.0,-1.0,1,0,1,0,0.0,-0.019859859255841144
1697,frozen,43,1,5,1,0,-1.0,-1.0,1,0,1,0,0.0,-0.019859859255841144
1698,frozen,43,6,3,0,0,-1.0,-1.0,1,0,1,0,0.0,-0.019859859255841144
1699,frozen,43,4,5,1,1,1.0,1.0,0,nan,nan,nan,0.0,-0.019859859255841144
1700,frozen,43,1,4,0,0,-1.0,-1.0,1,1,0,0,0.0,-0.019859859255841144
1701,frozen,43,2,3,0,1,1.0,1.0,0,nan,nan,nan,0.0,-0.019859859255841144
1702,frozen,43,4,2,0,0,-1.0,-1.0,1,1,0,0,0.0,-0.019859859255841144
1703,frozen,43,0,3,0,0,-1.0,-1.0,1,0,1,0,0.0,-0.019859859255841144
1704,frozen,43,3,5,1,0,-1.0,-1.0,1,0,1,0,0.0,-0.019859859255841144
1705,frozen,43,1,5,1,0,-1.0,-1.0,1,0,1,0,0.0,-0.019859859255841144
1706,frozen,43,4,3,0,1,1.0,1.0,0,nan,nan,nan,0.0,-0.019859859255841144
1707,frozen,43,2,2,0,1,1.0,1.0,0,nan,nan,nan,0.0,-0.019859859255841144
1708,frozen,43,2,1,0,1,1.0,1.0,0,nan,nan,nan,0.0,-0.019859859255841144
1709,frozen,43,3,2,1,1,1.0,1.0,0,nan,nan,nan,0.0,-0.019859859255841144
1710,frozen,43,4,1,0,0,-1.0,-1.0,1,4,0,1,0.0,-0.019859859255841144
1711,frozen,43,0,3,0,0,-1.0,-1.0,1,0,1,0,0.0,-0.019859859255841144
1712,frozen,43,2,5,1,0,-1.0,-1.0,1,0,1,0,0.0,-0.019859859255841144
1713,frozen,43,1,3,0,0,-1.0,-1.0,1,0,1,0,0.0,-0.019859859255841144
1714,frozen,43,2,5,1,0,-1.0,-1.0,1,0,1,0,0.0,-0.019859859255841144
1715,frozen,43,7,3,0,0,-1.0,-1.0,1,0,1,0,0.0,-0.019859859255841144
1716,frozen,43,6,3,0,0,-1.0,-1.0,1,0,1,0,0.0,-0.019859859255841144
1717,frozen,43,7,3,0,0,-1.0,-1.0,1,0,1,0,0.0,-0.019859859255841144
1718,frozen,43,0,3,0,0,-1.0,-1.0,1,0,1,0,0.0,-0.019859859255841144
1719,frozen,43,5,3,0,0,-1.0,-1.0,1,0,1,0,0.0,-0.019859859255841144
1720,frozen,43,2,5,1,0,-1.0,-1.0,1,0,1,0,0.0,-0.019859859255841144
1721,frozen,43,6,5,1,1,1.0,1.0,0,nan,nan,nan,0.0,-0.019859859255841144
1722,frozen,43,3,6,1,0,-1.0,-1.0,1,1,0,0,0.0,-0.019859859255841144
1723,frozen,43,3,5,1,0,-1.0,-1.0,1,0,1,0,0.0,-0.019859859255841144
1724,frozen,43,1,5,1,0,-1.0,-1.0,1,0,1,0,0.0,-0.019859859255841144
1725,frozen,43,4,3,0,1,1.0,1.0,0,nan,nan,nan,0.0,-0.019859859255841144
1726,frozen,43,1,2,0,1,1.0,1.0,0,nan,nan,nan,0.0,-0.019859859255841144
1727,frozen,43,2,3,1,1,1.0,1.0,0,nan,nan,nan,0.0,-0.019859859255841144
1728,frozen,43,4,2,0,0,-1.0,-1.0,1,3,0,1,0.0,-0.019859859255841144
1729,frozen,43,3,3,0,1,1.0,1.0,0,nan,nan,nan,0.0,-0.019859859255841144
1730,frozen,43,4,2,0,0,-1.0,-1.0,1,1,0,0,0.0,-0.019859859255841144
1731,frozen,43,8,5,1,0,-1.0,-1.0,1,0,1,0,0.0,-0.019859859255841144
1732,frozen,43,0,3,0,0,-1.0,-1.0,1,0,1,0,0.0,-0.019859859255841144
1733,frozen,43,2,5,1,0,-1.0,-1.0,1,0,1,0,0.0,-0.019859859255841144
1734,frozen,43,2,3,0,1,1.0,1.0,0,nan,nan,nan,0.0,-0.019859859255841144
1735,frozen,43,1,2,0,1,1.0,1.0,0,nan,nan,nan,0.0,-0.019859859255841144
1736,frozen,43,5,1,0,0,-1.0,-1.0,1,2,0,0,0.0,-0.019859859255841144
1737,frozen,43,8,3,0,0,-1.0,-1.0,1,0,1,0,0.0,-0.019859859255841144
1738,frozen,43,7,3,0,0,-1.0,-1.0,1,0,1,0,0.0,-0.019859859255841144
1739,frozen,43,6,5,1,1,1.0,1.0,0,nan,nan,nan,0.0,-0.019859859255841144
1740,frozen,43,4,4,0,1,1.0,1.0,0,nan,nan,nan,0.0,-0.019859859255841144
1741,frozen,43,6,5,1,1,1.0,1.0,0,nan,nan,nan,0.0,-0.019859859255841144
1742,frozen,43,8,4,0,0,-1.0,-1.0,1,3,0,1,0.0,-0.019859859255841144
1743,frozen,43,1,3,0,0,-1.0,-1.0,1,0,1,0,0.0,-0.019859859255841144
1744,frozen,43,0,3,0,0,-1.0,-1.0,1,0,1,0,0.0,-0.019859859255841144
1745,frozen,43,1,5,1,0,-1.0,-1.0,1,0,1,0,0.0,-0.019859859255841144
1746,frozen,43,4,5,1,1,1.0,1.0,0,nan,nan,nan,0.0,-0.019859859255841144
1747,frozen,43,3,4,0,1,1.0,1.0,0,nan,nan,nan,0.0,-0.019859859255841144
1748,frozen,43,3,3,0,1,1.0,1.0,0,nan,nan,nan,0.0,-0.019859859255841144
1749,frozen,43,8,2,0,0,-1.0,-1.0,1,3,0,1,0.0,-0.019859859255841144
1750,frozen,43,7,3,0,0,-1.0,-1.0,1,0,1,0,0.0,-0.019859859255841144
1751,frozen,43,2,5,1,0,-1.0,-1.0,1,0,1,0,0.0,-0.019859859255841144
1752,frozen,43,8,3,0,0,-1.0,-1.0,1,0,1,0,0.0,-0.019859859255841144
1753,frozen,43,7,3,0,0,-1.0,-1.0,1,0,1,0,0.0,-0.019859859255841144
1754,frozen,43,4,3,0,1,1.0,1.0,0,nan,nan,nan,0.0,-0.019859859255841144
1755,frozen,43,2,4,1,0,-1.0,-1.0,1,1,0,0,0.0,-0.019859859255841144
1756,frozen,43,3,3,0,1,1.0,1.0,0,nan,nan,nan,0.0,-0.019859859255841144
1757,frozen,43,8,2,0,0,-1.0,-1.0,1,1,0,0,0.0,-0.019859859255841144
1758,frozen,43,5,3,0,0,-1.0,-1.0,1,0,1,0,0.0,-0.019859859255841144
1759,frozen,43,2,5,1,0,-1.0,-1.0,1,0,1,0,0.0,-0.019859859255841144
1760,frozen,43,0,3,0,0,-1.0,-1.0,1,0,1,0,0.0,-0.019859859255841144
1761,frozen,43,5,3,0,0,-1.0,-1.0,1,0,1,0,0.0,-0.019859859255841144
1762,frozen,43,0,3,0,0,-1.0,-1.0,1,0,1,0,0.0,-0.019859859255841144
1763,frozen,43,5,3,0,0,-1.0,-1.0,1,0,1,0,0.0,-0.019859859255841144
1764,frozen,43,7,5,1,0,-1.0,-1.0,1,0,1,0,0.0,-0.019859859255841144
1765,frozen,43,7,5,1,0,-1.0,-1.0,1,0,1,0,0.0,-0.019859859255841144
1766,frozen,43,6,3,0,0,-1.0,-1.0,1,0,1,0,0.0,-0.019859859255841144
1767,frozen,43,0,3,0,0,-1.0,-1.0,1,0,1,0,0.0,-0.019859859255841144
1768,frozen,43,2,5,1,0,-1.0,-1.0,1,0,1,0,0.0,-0.019859859255841144
1769,frozen,43,6,5,1,1,1.0,1.0,0,nan,nan,nan,0.0,-0.019859859255841144
1770,frozen,43,5,4,0,1,1.0,1.0,0,nan,nan,nan,0.0,-0.019859859255841144
1771,frozen,43,7,5,1,0,-1.0,-1.0,1,2,0,0,0.0,-0.019859859255841144
1772,frozen,43,0,3,0,0,-1.0,-1.0,1,0,1,0,0.0,-0.019859859255841144
1773,frozen,43,8,3,0,0,-1.0,-1.0,1,0,1,0,0.0,-0.019859859255841144
1774,frozen,43,3,5,1,0,-1.0,-1.0,1,0,1,0,0.0,-0.019859859255841144
1775,frozen,43,6,3,0,0,-1.0,-1.0,1,0,1,0,0.0,-0.019859859255841144
1776,frozen,43,5,3,0,0,-1.0,-1.0,1,0,1,0,0.0,-0.019859859255841144
1777,frozen,43,6,3,0,0,-1.0,-1.0,1,0,1,0,0.0,-0.019859859255841144
1778,frozen,43,6,3,0,0,-1.0,-1.0,1,0,1,0,0.0,-0.019859859255841144
1779,frozen,43,7,3,0,0,-1.0,-1.0,1,0,1,0,0.0,-0.019859859255841144
1780,frozen,43,5,3,0,0,-1.0,-1.0,1,0,1,0,0.0,-0.019859859255841144
1781,frozen,43,0,3,0,0,-1.0,-1.0,1,0,1,0,0.0,-0.019859859255841144
1782,frozen,43,1,3,0,0,-1.0,-1.0,1,0,1,0,0.0,-0.019859859255841144
1783,frozen,43,8,3,0,0,-1.0,-1.0,1,0,1,0,0.0,-0.019859859255841144
1784,frozen,43,8,3,0,0,-1.0,-1.0,1,0,1,0,0.0,-0.019859859255841144
1785,frozen,43,3,3,0,1,1.0,1.0,0,nan,nan,nan,0.0,-0.019859859255841144
1786,frozen,43,7,2,0,0,-1.0,-1.0,1,1,0,0,0.0,-0.019859859255841144
1787,frozen,43,0,5,1,0,-1.0,-1.0,1,0,1,0,0.0,-0.019859859255841144
1788,frozen,43,1,3,0,0,-1.0,-1.0,1,0,1,0,0.0,-0.019859859255841144
1789,frozen,43,0,3,0,0,-1.0,-1.0,1,0,1,0,0.0,-0.019859859255841144
1790,frozen,43,2,5,1,0,-1.0,-1.0,1,0,1,0,0.0,-0.019859859255841144
1791,frozen,43,7,3,0,0,-1.0,-1.0,1,0,1,0,0.0,-0.019859859255841144
1792,frozen,43,8,5,1,0,-1.0,-1.0,1,0,1,0,0.0,-0.019859859255841144
1793,frozen,43,2,5,1,0,-1.0,-1.0,1,0,1,0,0.0,-0.019859859255841144
1794,frozen,43,1,5,1,0,-1.0,-1.0,1,0,1,0,0.0,-0.019859859255841144
1795,frozen,43,7,5,1,0,-1.0,-1.0,1,0,1,0,0.0,-0.019859859255841144
1796,frozen,43,7,3,0,0,-1.0,-1.0,1,0,1,0,0.0,-0.019859859255841144
1797,frozen,43,8,5,1,0,-1.0,-1.0,1,0,1,0,0.0,-0.019859859255841144
1798,frozen,43,8,3,0,0,-1.0,-1.0,1,0,1,0,0.0,-0.019859859255841144
1799,frozen,43,2,3,0,1,1.0,1.0,0,nan,nan,nan,0.0,-0.019859859255841144
1800,frozen,43,5,2,0,0,-1.0,-1.0,1,1,0,0,0.0,-0.019859859255841144
1801,frozen,43,2,3,0,1,1.0,1.0,0,nan,nan,nan,0.0,-0.019859859255841144
1802,frozen,43,8,2,0,0,-1.0,-1.0,1,1,0,0,0.0,-0.019859859255841144
1803,frozen,43,8,3,0,0,-1.0,-1.0,1,0,1,0,0.0,-0.019859859255841144
1804,frozen,43,1,5,1,0,-1.0,-1.0,1,0,1,0,0.0,-0.019859859255841144
1805,frozen,43,2,3,0,1,1.0,1.0,0,nan,nan,nan,0.0,-0.019859859255841144
1806,frozen,43,5,4,1,1,1.0,1.0,0,nan,nan,nan,0.0,-0.019859859255841144
1807,frozen,43,6,3,0,0,-1.0,-1.0,1,2,0,0,0.0,-0.019859859255841144
1808,frozen,43,1,3,0,0,-1.0,-1.0,1,0,1,0,0.0,-0.019859859255841144
1809,frozen,43,5,3,0,0,-1.0,-1.0,1,0,1,0,0.0,-0.019859859255841144
1810,frozen,43,5,3,0,0,-1.0,-1.0,1,0,1,0,0.0,-0.019859859255841144
1811,frozen,43,8,3,0,0,-1.0,-1.0,1,0,1,0,0.0,-0.019859859255841144
1812,frozen,43,7,3,0,0,-1.0,-1.0,1,0,1,0,0.0,-0.019859859255841144
1813,frozen,43,8,3,0,0,-1.0,-1.0,1,0,1,0,0.0,-0.019859859255841144
1814,frozen,43,0,3,0,0,-1.0,-1.0,1,0,1,0,0.0,-0.019859859255841144
1815,frozen,43,7,5,1,0,-1.0,-1.0,1,0,1,0,0.0,-0.019859859255841144
1816,frozen,43,7,3,0,0,-1.0,-1.0,1,0,1,0,0.0,-0.019859859255841144
1817,frozen,43,6,3,0,0,-1.0,-1.0,1,0,1,0,0.0,-0.019859859255841144
1818,frozen,43,4,5,1,1,1.0,1.0,0,nan,nan,nan,0.0,-0.019859859255841144
1819,frozen,43,0,6,1,0,-1.0,-1.0,1,1,0,0,0.0,-0.019859859255841144
1820,frozen,43,4,3,0,1,1.0,1.0,0,nan,nan,nan,0.0,-0.019859859255841144
1821,frozen,43,6,2,0,0,-1.0,-1.0,1,1,0,0,0.0,-0.019859859255841144
1822,frozen,43,0,3,0,0,-1.0,-1.0,1,0,1,0,0.0,-0.019859859255841144
1823,frozen,43,4,3,0,1,1.0,1.0,0,nan,nan,nan,0.0,-0.019859859255841144
1824,frozen,43,2,4,1,0,-1.0,-1.0,1,1,0,0,0.0,-0.019859859255841144
1825,frozen,43,4,5,1,1,1.0,1.0,0,nan,nan,nan,0.0,-0.019859859255841144
1826,frozen,43,6,4,0,0,-1.0,-1.0,1,1,0,0,0.0,-0.019859859255841144
1827,frozen,43,0,3,0,0,-1.0,-1.0,1,0,1,0,0.0,-0.019859859255841144
1828,frozen,43,1,5,1,0,-1.0,-1.0,1,0,1,0,0.0,-0.019859859255841144
1829,frozen,43,0,3,0,0,-1.0,-1.0,1,0,1,0,0.0,-0.019859859255841144
1830,frozen,43,0,3,0,0,-1.0,-1.0,1,0,1,0,0.0,-0.019859859255841144
1831,frozen,43,5,5,1,1,1.0,1.0,0,nan,nan,nan,0.0,-0.019859859255841144
1832,frozen,43,0,6,1,0,-1.0,-1.0,1,1,0,0,0.0,-0.019859859255841144
1833,frozen,43,2,5,1,0,-1.0,-1.0,1,0,1,0,0.0,-0.019859859255841144
1834,frozen,43,4,3,0,1,1.0,1.0,0,nan,nan,nan,0.0,-0.019859859255841144
1835,frozen,43,5,4,1,1,1.0,1.0,0,nan,nan,nan,0.0,-0.019859859255841144
1836,frozen,43,5,3,0,0,-1.0,-1.0,1,2,0,0,0.0,-0.019859859255841144
1837,frozen,43,7,5,1,0,-1.0,-1.0,1,0,1,0,0.0,-0.019859859255841144
1838,frozen,43,0,3,0,0,-1.0,-1.0,1,0,1,0,0.0,-0.019859859255841144
1839,frozen,43,4,3,0,1,1.0,1.0,0,nan,nan,nan,0.0,-0.019859859255841144
1840,frozen,43,6,2,0,0,-1.0,-1.0,1,1,0,0,0.0,-0.019859859255841144
1841,frozen,43,0,3,0,0,-1.0,-1.0,1,0,1,0,0.0,-0.019859859255841144
1842,frozen,43,6,3,0,0,-1.0,-1.0,1,0,1,0,0.0,-0.019859859255841144
1843,frozen,43,4,3,0,1,1.0,1.0,0,nan,nan,nan,0.0,-0.019859859255841144
1844,frozen,43,1,4,1,0,-1.0,-1.0,1,1,0,0,0.0,-0.019859859255841144
1845,frozen,43,1,5,1,0,-1.0,-1.0,1,0,1,0,0.0,-0.019859859255841144
1846,frozen,43,7,3,0,0,-1.0,-1.0,1,0,1,0,0.0,-0.019859859255841144
1847,frozen,43,6,5,1,1,1.0,1.0,0,nan,nan,nan,0.0,-0.019859859255841144
1848,frozen,43,4,4,0,1,1.0,1.0,0,nan,nan,nan,0.0,-0.019859859255841144
1849,frozen,43,3,3,0,1,1.0,1.0,0,nan,nan,nan,0.0,-0.019859859255841144
1850,frozen,43,0,4,1,0,-1.0,-1.0,1,3,0,1,0.0,-0.019859859255841144
1851,frozen,43,3,5,1,0,-1.0,-1.0,1,0,1,0,0.0,-0.019859859255841144
1852,frozen,43,3,5,1,0,-1.0,-1.0,1,0,1,0,0.0,-0.019859859255841144
1853,frozen,43,3,5,1,0,-1.0,-1.0,1,0,1,0,0.0,-0.019859859255841144
1854,frozen,43,5,3,0,0,-1.0,-1.0,1,0,1,0,0.0,-0.019859859255841144
1855,frozen,43,1,3,0,0,-1.0,-1.0,1,0,1,0,0.0,-0.019859859255841144
1856,frozen,43,4,3,0,1,1.0,1.0,0,nan,nan,nan,0.0,-0.019859859255841144
1857,frozen,43,2,2,0,1,1.0,1.0,0,nan,nan,nan,0.0,-0.019859859255841144
1858,frozen,43,5,1,0,0,-1.0,-1.0,1,2,0,0,0.0,-0.019859859255841144
1859,frozen,43,5,3,0,0,-1.0,-1.0,1,0,1,0,0.0,-0.019859859255841144
1860,frozen,43,0,3,0,0,-1.0,-1.0,1,0,1,0,0.0,-0.019859859255841144
1861,frozen,43,0,3,0,0,-1.0,-1.0,1,0,1,0,0.0,-0.019859859255841144
1862,frozen,43,7,5,1,0,-1.0,-1.0,1,0,1,0,0.0,-0.019859859255841144
1863,frozen,43,0,3,0,0,-1.0,-1.0,1,0,1,0,0.0,-0.019859859255841144
1864,frozen,43,6,5,1,1,1.0,1.0,0,nan,nan,nan,0.0,-0.019859859255841144
1865,frozen,43,2,4,0,0,-1.0,-1.0,1,1,0,0,0.0,-0.019859859255841144
1866,frozen,43,6,5,1,1,1.0,1.0,0,nan,nan,nan,0.0,-0.019859859255841144
1867,frozen,43,4,4,0,1,1.0,1.0,0,nan,nan,nan,0.0,-0.019859859255841144
1868,frozen,43,7,5,1,0,-1.0,-1.0,1,2,0,0,0.0,-0.019859859255841144
1869,frozen,43,5,3,0,0,-1.0,-1.0,1,0,1,0,0.0,-0.019859859255841144
1870,frozen,43,3,3,0,1,1.0,1.0,0,nan,nan,nan,0.0,-0.019859859255841144
1871,frozen,43,4,2,0,0,-1.0,-1.0,1,1,0,0,0.0,-0.019859859255841144
1872,frozen,43,4,5,1,1,1.0,1.0,0,nan,nan,nan,0.0,-0.019859859255841144
1873,frozen,43,4,6,1,0,-1.0,-1.0,1,1,0,0,0.0,-0.019859859255841144
1874,frozen,43,0,3,0,0,-1.0,-1.0,1,0,1,0,0.0,-0.019859859255841144
1875,frozen,43,2,5,1,0,-1.0,-1.0,1,0,1,0,0.0,-0.019859859255841144
1876,frozen,43,1,5,1,0,-1.0,-1.0,1,0,1,0,0.0,-0.019859859255841144
1877,frozen,43,8,3,0,0,-1.0,-1.0,1,0,1,0,0.0,-0.019859859255841144
1878,frozen,43,5,3,0,0,-1.0,-1.0,1,0,1,0,0.0,-0.019859859255841144
1879,frozen,43,3,5,1,0,-1.0,-1.0,1,0,1,0,0.0,-0.019859859255841144
1880,frozen,43,5,3,0,0,-1.0,-1.0,1,0,1,0,0.0,-0.019859859255841144
1881,frozen,43,5,3,0,0,-1.0,-1.0,1,0,1,0,0.0,-0.019859859255841144
1882,frozen,43,3,3,0,1,1.0,1.0,0,nan,nan,nan,0.0,-0.019859859255841144
1883,frozen,43,1,4,1,0,-1.0,-1.0,1,1,0,0,0.0,-0.019859859255841144
1884,frozen,43,3,3,0,1,1.0,1.0,0,nan,nan,nan,0.0,-0.019859859255841144
1885,frozen,43,7,2,0,0,-1.0,-1.0,1,1,0,0,0.0,-0.019859859255841144
1886,frozen,43,6,3,0,0,-1.0,-1.0,1,0,1,0,0.0,-0.019859859255841144
1887,frozen,43,6,3,0,0,-1.0,-1.0,1,0,1,0,0.0,-0.019859859255841144
1888,frozen,43,6,3,0,0,-1.0,-1.0,1,0,1,0,0.0,-0.019859859255841144
1889,frozen,43,3,5,1,0,-1.0,-1.0,1,0,1,0,0.0,-0.019859859255841144
1890,frozen,43,4,3,0,1,1.0,1.0,0,nan,nan,nan,0.0,-0.019859859255841144
1891,frozen,43,4,2,0,0,-1.0,-1.0,1,1,0,0,0.0,-0.019859859255841144
1892,frozen,43,5,3,0,0,-1.0,-1.0,1,0,1,0,0.0,-0.019859859255841144
1893,frozen,43,7,5,1,0,-1.0,-1.0,1,0,1,0,0.0,-0.019859859255841144
1894,frozen,43,8,3,0,0,-1.0,-1.0,1,0,1,0,0.0,-0.019859859255841144
1895,frozen,43,6,3,0,0,-1.0,-1.0,1,0,1,0,0.0,-0.019859859255841144
1896,frozen,43,0,3,0,0,-1.0,-1.0,1,0,1,0,0.0,-0.019859859255841144
1897,frozen,43,2,3,0,1,1.0,1.0,0,nan,nan,nan,0.0,-0.019859859255841144
1898,frozen,43,6,4,1,0,-1.0,-1.0,1,1,0,0,0.0,-0.019859859255841144
1899,frozen,43,0,3,0,0,-1.0,-1.0,1,0,1,0,0.0,-0.019859859255841144
1900,frozen,43,7,3,0,0,-1.0,-1.0,1,0,1,0,0.0,-0.019859859255841144
1901,frozen,43,6,5,1,1,1.0,1.0,0,nan,nan,nan,0.0,-0.019859859255841144
1902,frozen,43,8,4,0,0,-1.0,-1.0,1,1,0,0,0.0,-0.019859859255841144
1903,frozen,43,6,5,1,1,1.0,1.0,0,nan,nan,nan,0.0,-0.019859859255841144
1904,frozen,43,3,4,0,1,1.0,1.0,0,nan,nan,nan,0.0,-0.019859859255841144
1905,frozen,43,3,3,0,1,1.0,1.0,0,nan,nan,nan,0.0,-0.019859859255841144
1906,frozen,43,3,4,1,1,1.0,1.0,0,nan,nan,nan,0.0,-0.019859859255841144
1907,frozen,43,6,3,0,0,-1.0,-1.0,1,4,0,1,0.0,-0.019859859255841144
1908,frozen,43,5,3,0,0,-1.0,-1.0,1,0,1,0,0.0,-0.019859859255841144
1909,frozen,43,6,5,1,1,1.0,1.0,0,nan,nan,nan,0.0,-0.019859859255841144
1910,frozen,43,4,4,0,1,1.0,1.0,0,nan,nan,nan,0.0,-0.019859859255841144
1911,frozen,43,1,3,0,0,-1.0,-1.0,1,2,0,0,0.0,-0.019859859255841144
1912,frozen,43,8,3,0,0,-1.0,-1.0,1,0,1,0,0.0,-0.019859859255841144
1913,frozen,43,8,3,0,0,-1.0,-1.0,1,0,1,0,0.0,-0.019859859255841144
1914,frozen,43,2,3,0,1,1.0,1.0,0,nan,nan,nan,0.0,-0.019859859255841144
1915,frozen,43,5,2,0,0,-1.0,-1.0,1,1,0,0,0.0,-0.019859859255841144
1916,frozen,43,0,3,0,0,-1.0,-1.0,1,0,1,0,0.0,-0.019859859255841144
1917,frozen,43,6,5,1,1,1.0,1.0,0,nan,nan,nan,0.0,-0.019859859255841144
1918,frozen,43,5,6,1,1,1.0,1.0,0,nan,nan,nan,0.0,-0.019859859255841144
1919,frozen,43,0,5,0,0,-1.0,-1.0,1,2,0,0,0.0,-0.019859859255841144
1920,frozen,43,8,3,0,0,-1.0,-1.0,1,0,1,0,0.0,-0.019859859255841144
1921,frozen,43,5,3,0,0,-1.0,-1.0,1,0,1,0,0.0,-0.019859859255841144
1922,frozen,43,8,3,0,0,-1.0,-1.0,1,0,1,0,0.0,-0.019859859255841144
1923,frozen,43,0,5,1,0,-1.0,-1.0,1,0,1,0,0.0,-0.019859859255841144
1924,frozen,43,0,3,0,0,-1.0,-1.0,1,0,1,0,0.0,-0.019859859255841144
1925,frozen,43,3,5,1,0,-1.0,-1.0,1,0,1,0,0.0,-0.019859859255841144
1926,frozen,43,0,3,0,0,-1.0,-1.0,1,0,1,0,0.0,-0.019859859255841144
1927,frozen,43,5,3,0,0,-1.0,-1.0,1,0,1,0,0.0,-0.019859859255841144
1928,frozen,43,3,3,0,1,1.0,1.0,0,nan,nan,nan,0.0,-0.019859859255841144
1929,frozen,43,0,4,1,0,-1.0,-1.0,1,1,0,0,0.0,-0.019859859255841144
1930,frozen,43,4,5,1,1,1.0,1.0,0,nan,nan,nan,0.0,-0.019859859255841144
1931,frozen,43,8,4,0,0,-1.0,-1.0,1,1,0,0,0.0,-0.019859859255841144
1932,frozen,43,3,3,0,1,1.0,1.0,0,nan,nan,nan,0.0,-0.019859859255841144
1933,frozen,43,4,2,0,0,-1.0,-1.0,1,1,0,0,0.0,-0.019859859255841144
1934,frozen,43,0,3,0,0,-1.0,-1.0,1,0,1,0,0.0,-0.019859859255841144
1935,frozen,43,4,5,1,1,1.0,1.0,0,nan,nan,nan,0.0,-0.019859859255841144
1936,frozen,43,6,4,0,0,-1.0,-1.0,1,1,0,0,0.0,-0.019859859255841144
1937,frozen,43,2,5,1,0,-1.0,-1.0,1,0,1,0,0.0,-0.019859859255841144
1938,frozen,43,3,3,0,1,1.0,1.0,0,nan,nan,nan,0.0,-0.019859859255841144
1939,frozen,43,2,2,0,1,1.0,1.0,0,nan,nan,nan,0.0,-0.019859859255841144
1940,frozen,43,6,3,1,0,-1.0,-1.0,1,2,0,0,0.0,-0.019859859255841144
1941,frozen,43,1,5,1,0,-1.0,-1.0,1,0,1,0,0.0,-0.019859859255841144
1942,frozen,43,0,3,0,0,-1.0,-1.0,1,0,1,0,0.0,-0.019859859255841144
1943,frozen,43,7,5,1,0,-1.0,-1.0,1,0,1,0,0.0,-0.019859859255841144
1944,frozen,43,5,3,0,0,-1.0,-1.0,1,0,1,0,0.0,-0.019859859255841144
1945,frozen,43,5,3,0,0,-1.0,-1.0,1,0,1,0,0.0,-0.019859859255841144
1946,frozen,43,6,5,1,1,1.0,1.0,0,nan,nan,nan,0.0,-0.019859859255841144
1947,frozen,43,1,4,0,0,-1.0,-1.0,1,1,0,0,0.0,-0.019859859255841144
1948,frozen,43,7,3,0,0,-1.0,-1.0,1,0,1,0,0.0,-0.019859859255841144
1949,frozen,43,0,3,0,0,-1.0,-1.0,1,0,1,0,0.0,-0.019859859255841144
1950,frozen,43,7,3,0,0,-1.0,-1.0,1,0,1,0,0.0,-0.019859859255841144
1951,frozen,43,8,3,0,0,-1.0,-1.0,1,0,1,0,0.0,-0.019859859255841144
1952,frozen,43,1,3,0,0,-1.0,-1.0,1,0,1,0,0.0,-0.019859859255841144
1953,frozen,43,8,3,0,0,-1.0,-1.0,1,0,1,0,0.0,-0.019859859255841144
1954,frozen,43,2,5,1,0,-1.0,-1.0,1,0,1,0,0.0,-0.019859859255841144
1955,frozen,43,5,3,0,0,-1.0,-1.0,1,0,1,0,0.0,-0.019859859255841144
1956,frozen,43,7,5,1,0,-1.0,-1.0,1,0,1,0,0.0,-0.019859859255841144
1957,frozen,43,8,3,0,0,-1.0,-1.0,1,0,1,0,0.0,-0.019859859255841144
1958,frozen,43,5,3,0,0,-1.0,-1.0,1,0,1,0,0.0,-0.019859859255841144
1959,frozen,43,8,3,0,0,-1.0,-1.0,1,0,1,0,0.0,-0.019859859255841144
1960,frozen,43,0,3,0,0,-1.0,-1.0,1,0,1,0,0.0,-0.019859859255841144
1961,frozen,43,7,5,1,0,-1.0,-1.0,1,0,1,0,0.0,-0.019859859255841144
1962,frozen,43,3,3,0,1,1.0,1.0,0,nan,nan,nan,0.0,-0.019859859255841144
1963,frozen,43,5,4,1,1,1.0,1.0,0,nan,nan,nan,0.0,-0.019859859255841144
1964,frozen,43,6,5,1,1,1.0,1.0,0,nan,nan,nan,0.0,-0.019859859255841144
1965,frozen,43,3,6,1,0,-1.0,-1.0,1,3,0,1,0.0,-0.019859859255841144
1966,frozen,43,4,3,0,1,1.0,1.0,0,nan,nan,nan,0.0,-0.019859859255841144
1967,frozen,43,2,2,0,1,1.0,1.0,0,nan,nan,nan,0.0,-0.019859859255841144
1968,frozen,43,7,1,0,0,-1.0,-1.0,1,2,0,0,0.0,-0.019859859255841144
1969,frozen,43,6,5,1,1,1.0,1.0,0,nan,nan,nan,0.0,-0.019859859255841144
1970,frozen,43,4,4,0,1,1.0,1.0,0,nan,nan,nan,0.0,-0.019859859255841144
1971,frozen,43,1,3,0,0,-1.0,-1.0,1,2,0,0,0.0,-0.019859859255841144
1972,frozen,43,6,5,1,1,1.0,1.0,0,nan,nan,nan,0.0,-0.019859859255841144
1973,frozen,43,4,4,0,1,1.0,1.0,0,nan,nan,nan,0.0,-0.019859859255841144
1974,frozen,43,6,3,0,0,-1.0,-1.0,1,2,0,0,0.0,-0.019859859255841144
1975,frozen,43,4,3,0,1,1.0,1.0,0,nan,nan,nan,0.0,-0.019859859255841144
1976,frozen,43,3,4,1,1,1.0,1.0,0,nan,nan,nan,0.0,-0.019859859255841144
1977,frozen,43,2,5,1,0,-1.0,-1.0,1,2,0,0,0.0,-0.019859859255841144
1978,frozen,43,2,3,0,1,1.0,1.0,0,nan,nan,nan,0.0,-0.019859859255841144
1979,frozen,43,6,2,0,0,-1.0,-1.0,1,1,0,0,0.0,-0.019859859255841144
1980,frozen,43,3,5,1,0,-1.0,-1.0,1,0,1,0,0.0,-0.019859859255841144
1981,frozen,43,1,5,1,0,-1.0,-1.0,1,0,1,0,0.0,-0.019859859255841144
1982,frozen,43,3,5,1,0,-1.0,-1.0,1,0,1,0,0.0,-0.019859859255841144
1983,frozen,43,0,3,0,0,-1.0,-1.0,1,0,1,0,0.0,-0.019859859255841144
1984,frozen,43,8,3,0,0,-1.0,-1.0,1,0,1,0,0.0,-0.019859859255841144
1985,frozen,43,4,5,1,1,1.0,1.0,0,nan,nan,nan,0.0,-0.019859859255841144
1986,frozen,43,6,4,0,0,-1.0,-1.0,1,1,0,0,0.0,-0.019859859255841144
1987,frozen,43,8,3,0,0,-1.0,-1.0,1,0,1,0,0.0,-0.019859859255841144
1988,frozen,43,7,5,1,0,-1.0,-1.0,1,0,1,0,0.0,-0.019859859255841144
1989,frozen,43,2,5,1,0,-1.0,-1.0,1,0,1,0,0.0,-0.019859859255841144
1990,frozen,43,0,3,0,0,-1.0,-1.0,1,0,1,0,0.0,-0.019859859255841144
1991,frozen,43,1,5,1,0,-1.0,-1.0,1,0,1,0,0.0,-0.019859859255841144
1992,frozen,43,8,3,0,0,-1.0,-1.0,1,0,1,0,0.0,-0.019859859255841144
1993,frozen,43,0,3,0,0,-1.0,-1.0,1,0,1,0,0.0,-0.019859859255841144
1994,frozen,43,1,3,0,0,-1.0,-1.0,1,0,1,0,0.0,-0.019859859255841144
1995,frozen,43,4,3,0,1,1.0,1.0,0,nan,nan,nan,0.0,-0.019859859255841144
1996,frozen,43,1,4,1,0,-1.0,-1.0,1,1,0,0,0.0,-0.019859859255841144
1997,frozen,43,3,5,1,0,-1.0,-1.0,1,0,1,0,0.0,-0.019859859255841144
1998,frozen,43,4,3,0,1,1.0,1.0,0,nan,nan,nan,0.0,-0.019859859255841144
1999,frozen,43,1,2,0,1,1.0,1.0,0,nan,nan,nan,0.0,-0.019859859255841144
2000,frozen,43,4,1,0,0,-1.0,-1.0,1,2,0,0,0.0,-0.019859859255841144
2001,frozen,43,1,5,1,0,-1.0,-1.0,1,0,1,0,0.0,-0.019859859255841144
2002,frozen,43,0,3,0,0,-1.0,-1.0,1,0,1,0,0.0,-0.019859859255841144
2003,frozen,43,3,5,1,0,-1.0,-1.0,1,0,1,0,0.0,-0.019859859255841144
2004,frozen,43,6,3,0,0,-1.0,-1.0,1,0,1,0,0.0,-0.019859859255841144
2005,frozen,43,7,3,0,0,-1.0,-1.0,1,0,1,0,0.0,-0.019859859255841144
2006,frozen,43,4,3,0,1,1.0,1.0,0,nan,nan,nan,0.0,-0.019859859255841144
2007,frozen,43,8,4,1,0,-1.0,-1.0,1,1,0,0,0.0,-0.019859859255841144
2008,frozen,43,3,5,1,0,-1.0,-1.0,1,0,1,0,0.0,-0.019859859255841144
2009,frozen,43,2,5,1,0,-1.0,-1.0,1,0,1,0,0.0,-0.019859859255841144
2010,frozen,43,7,5,1,0,-1.0,-1.0,1,0,1,0,0.0,-0.019859859255841144
2011,frozen,43,0,3,0,0,-1.0,-1.0,1,0,1,0,0.0,-0.019859859255841144
2012,frozen,43,6,3,0,0,-1.0,-1.0,1,0,1,0,0.0,-0.019859859255841144
2013,frozen,43,3,3,0,1,1.0,1.0,0,nan,nan,nan,0.0,-0.019859859255841144
2014,frozen,43,8,2,0,0,-1.0,-1.0,1,1,0,0,0.0,-0.019859859255841144
2015,frozen,43,4,5,1,1,1.0,1.0,0,nan,nan,nan,0.0,-0.019859859255841144
2016,frozen,43,1,6,1,0,-1.0,-1.0,1,1,0,0,0.0,-0.019859859255841144
2017,frozen,43,6,3,0,0,-1.0,-1.0,1,0,1,0,0.0,-0.019859859255841144
2018,frozen,43,8,3,0,0,-1.0,-1.0,1,0,1,0,0.0,-0.019859859255841144
2019,frozen,43,3,5,1,0,-1.0,-1.0,1,0,1,0,0.0,-0.019859859255841144
2020,frozen,43,3,3,0,1,1.0,1.0,0,nan,nan,nan,0.0,-0.019859859255841144
2021,frozen,43,1,4,1,0,-1.0,-1.0,1,1,0,0,0.0,-0.019859859255841144
2022,frozen,43,2,3,0,1,1.0,1.0,0,nan,nan,nan,0.0,-0.019859859255841144
2023,frozen,43,8,2,0,0,-1.0,-1.0,1,1,0,0,0.0,-0.019859859255841144
2024,frozen,43,1,3,0,0,-1.0,-1.0,1,0,1,0,0.0,-0.019859859255841144
2025,frozen,43,4,5,1,1,1.0,1.0,0,nan,nan,nan,0.0,-0.019859859255841144
2026,frozen,43,0,6,1,0,-1.0,-1.0,1,1,0,0,0.0,-0.019859859255841144
2027,frozen,43,3,3,0,1,1.0,1.0,0,nan,nan,nan,0.0,-0.019859859255841144
2028,frozen,43,7,2,0,0,-1.0,-1.0,1,1,0,0,0.0,-0.019859859255841144
2029,frozen,43,0,3,0,0,-1.0,-1.0,1,0,1,0,0.0,-0.019859859255841144
2030,frozen,43,8,3,0,0,-1.0,-1.0,1,0,1,0,0.0,-0.019859859255841144
2031,frozen,43,8,3,0,0,-1.0,-1.0,1,0,1,0,0.0,-0.019859859255841144
2032,frozen,43,3,3,0,1,1.0,1.0,0,nan,nan,nan,0.0,-0.019859859255841144
2033,frozen,43,8,4,1,0,-1.0,-1.0,1,1,0,0,0.0,-0.019859859255841144
2034,frozen,43,7,3,0,0,-1.0,-1.0,1,0,1,0,0.0,-0.019859859255841144
2035,frozen,43,7,5,1,0,-1.0,-1.0,1,0,1,0,0.0,-0.019859859255841144
2036,frozen,43,5,3,0,0,-1.0,-1.0,1,0,1,0,0.0,-0.019859859255841144
2037,frozen,43,5,3,0,0,-1.0,-1.0,1,0,1,0,0.0,-0.019859859255841144
2038,frozen,43,6,5,1,1,1.0,1.0,0,nan,nan,nan,0.0,-0.019859859255841144
2039,frozen,43,1,4,0,0,-1.0,-1.0,1,1,0,0,0.0,-0.019859859255841144
2040,frozen,43,3,3,0,1,1.0,1.0,0,nan,nan,nan,0.0,-0.019859859255841144
2041,frozen,43,0,2,0,0,-1.0,-1.0,1,1,0,0,0.0,-0.019859859255841144
2042,frozen,43,6,5,1,1,1.0,1.0,0,nan,nan,nan,0.0,-0.019859859255841144
2043,frozen,43,7,6,1,1,1.0,1.0,0,nan,nan,nan,0.0,-0.019859859255841144
2044,frozen,43,2,5,0,0,-1.0,-1.0,1,2,0,0,0.0,-0.019859859255841144
2045,frozen,43,0,3,0,0,-1.0,-1.0,1,0,1,0,0.0,-0.019859859255841144
2046,frozen,43,5,3,0,0,-1.0,-1.0,1,0,1,0,0.0,-0.019859859255841144
2047,frozen,43,4,5,1,1,1.0,1.0,0,nan,nan,nan,0.0,-0.019859859255841144
2048,frozen,43,0,6,1,0,-1.0,-1.0,1,1,0,0,0.0,-0.019859859255841144
2049,frozen,43,7,5,1,0,-1.0,-1.0,1,0,1,0,0.0,-0.019859859255841144
2050,frozen,43,3,5,1,0,-1.0,-1.0,1,0,1,0,0.0,-0.019859859255841144
2051,frozen,43,3,5,1,0,-1.0,-1.0,1,0,1,0,0.0,-0.019859859255841144
2052,frozen,43,1,3,0,0,-1.0,-1.0,1,0,1,0,0.0,-0.019859859255841144
2053,frozen,43,3,3,0,1,1.0,1.0,0,nan,nan,nan,0.0,-0.019859859255841144
2054,frozen,43,8,2,0,0,-1.0,-1.0,1,1,0,0,0.0,-0.019859859255841144
2055,frozen,43,2,5,1,0,-1.0,-1.0,1,0,1,0,0.0,-0.019859859255841144
2056,frozen,43,7,5,1,0,-1.0,-1.0,1,0,1,0,0.0,-0.019859859255841144
2057,frozen,43,8,3,0,0,-1.0,-1.0,1,0,1,0,0.0,-0.019859859255841144
2058,frozen,43,4,3,0,1,1.0,1.0,0,nan,nan,nan,0.0,-0.019859859255841144
2059,frozen,43,5,4,1,1,1.0,1.0,0,nan,nan,nan,0.0,-0.019859859255841144
2060,frozen,43,4,5,1,1,1.0,1.0,0,nan,nan,nan,0.0,-0.019859859255841144
2061,frozen,43,2,4,0,0,-1.0,-1.0,1,3,0,1,0.0,-0.019859859255841144
2062,frozen,43,8,3,0,0,-1.0,-1.0,1,0,1,0,0.0,-0.019859859255841144
2063,frozen,43,0,3,0,0,-1.0,-1.0,1,0,1,0,0.0,-0.019859859255841144
2064,frozen,43,0,3,0,0,-1.0,-1.0,1,0,1,0,0.0,-0.019859859255841144
2065,frozen,43,4,5,1,1,1.0,1.0,0,nan,nan,nan,0.0,-0.019859859255841144
2066,frozen,43,3,4,0,1,1.0,1.0,0,nan,nan,nan,0.0,-0.019859859255841144
2067,frozen,43,0,3,0,0,-1.0,-1.0,1,2,0,0,0.0,-0.019859859255841144
2068,frozen,43,8,3,0,0,-1.0,-1.0,1,0,1,0,0.0,-0.019859859255841144
2069,frozen,43,7,3,0,0,-1.0,-1.0,1,0,1,0,0.0,-0.019859859255841144
2070,frozen,43,8,3,0,0,-1.0,-1.0,1,0,1,0,0.0,-0.019859859255841144
2071,frozen,43,8,3,0,0,-1.0,-1.0,1,0,1,0,0.0,-0.019859859255841144
2072,frozen,43,2,5,1,0,-1.0,-1.0,1,0,1,0,0.0,-0.019859859255841144
2073,frozen,43,8,3,0,0,-1.0,-1.0,1,0,1,0,0.0,-0.019859859255841144
2074,frozen,43,6,3,0,0,-1.0,-1.0,1,0,1,0,0.0,-0.019859859255841144
2075,frozen,43,4,3,0,1,1.0,1.0,0,nan,nan,nan,0.0,-0.019859859255841144
2076,frozen,43,5,4,1,1,1.0,1.0,0,nan,nan,nan,0.0,-0.019859859255841144
2077,frozen,43,5,3,0,0,-1.0,-1.0,1,2,0,0,0.0,-0.019859859255841144
2078,frozen,43,5,3,0,0,-1.0,-1.0,1,0,1,0,0.0,-0.019859859255841144
2079,frozen,43,6,5,1,1,1.0,1.0,0,nan,nan,nan,0.0,-0.019859859255841144
2080,frozen,43,3,4,0,1,1.0,1.0,0,nan,nan,nan,0.0,-0.019859859255841144
2081,frozen,43,7,3,0,0,-1.0,-1.0,1,2,0,0,0.0,-0.019859859255841144
2082,frozen,43,2,3,0,1,1.0,1.0,0,nan,nan,nan,0.0,-0.019859859255841144
2083,frozen,43,0,4,1,0,-1.0,-1.0,1,1,0,0,0.0,-0.019859859255841144
2084,frozen,43,6,3,0,0,-1.0,-1.0,1,0,1,0,0.0,-0.019859859255841144
2085,frozen,43,8,3,0,0,-1.0,-1.0,1,0,1,0,0.0,-0.019859859255841144
2086,frozen,43,4,3,0,1,1.0,1.0,0,nan,nan,nan,0.0,-0.019859859255841144
2087,frozen,43,5,4,1,1,1.0,1.0,0,nan,nan,nan,0.0,-0.019859859255841144
2088,frozen,43,0,5,1,0,-1.0,-1.0,1,2,0,0,0.0,-0.019859859255841144
2089,frozen,43,6,3,0,0,-1.0,-1.0,1,0,1,0,0.0,-0.019859859255841144
2090,frozen,43,6,5,1,1,1.0,1.0,0,nan,nan,nan,0.0,-0.019859859255841144
2091,frozen,43,4,4,0,1,1.0,1.0,0,nan,nan,nan,0.0,-0.019859859255841144
2092,frozen,43,1,3,0,0,-1.0,-1.0,1,2,0,0,0.0,-0.019859859255841144
2093,frozen,43,7,5,1,0,-1.0,-1.0,1,0,1,0,0.0,-0.019859859255841144
2094,frozen,43,3,5,1,0,-1.0,-1.0,1,0,1,0,0.0,-0.019859859255841144
2095,frozen,43,3,3,0,1,1.0,1.0,0,nan,nan,nan,0.0,-0.019859859255841144
2096,frozen,43,1,4,1,0,-1.0,-1.0,1,1,0,0,0.0,-0.019859859255841144
2097,frozen,43,3,5,1,0,-1.0,-1.0,1,0,1,0,0.0,-0.019859859255841144
2098,frozen,43,7,3,0,0,-1.0,-1.0,1,0,1,0,0.0,-0.019859859255841144
2099,frozen,43,0,3,0,0,-1.0,-1.0,1,0,1,0,0.0,-0.019859859255841144
2100,frozen,43,2,3,0,1,1.0,1.0,0,nan,nan,nan,0.0,-0.019859859255841144
2101,frozen,43,8,4,1,0,-1.0,-1.0,1,1,0,0,0.0,-0.019859859255841144
2102,frozen,43,2,5,1,0,-1.0,-1.0,1,0,1,0,0.0,-0.019859859255841144
2103,frozen,43,1,3,0,0,-1.0,-1.0,1,0,1,0,0.0,-0.019859859255841144
2104,frozen,43,1,5,1,0,-1.0,-1.0,1,0,1,0,0.0,-0.019859859255841144
2105,frozen,43,8,3,0,0,-1.0,-1.0,1,0,1,0,0.0,-0.019859859255841144
2106,frozen,43,4,3,0,1,1.0,1.0,0,nan,nan,nan,0.0,-0.019859859255841144
2107,frozen,43,5,4,1,1,1.0,1.0,0,nan,nan,nan,0.0,-0.019859859255841144
2108,frozen,43,1,3,0,0,-1.0,-1.0,1,2,0,0,0.0,-0.019859859255841144
2109,frozen,43,0,3,0,0,-1.0,-1.0,1,0,1,0,0.0,-0.019859859255841144
2110,frozen,43,5,3,0,0,-1.0,-1.0,1,0,1,0,0.0,-0.019859859255841144
2111,frozen,43,8,3,0,0,-1.0,-1.0,1,0,1,0,0.0,-0.019859859255841144
2112,frozen,43,4,5,1,1,1.0,1.0,0,nan,nan,nan,0.0,-0.019859859255841144
2113,frozen,43,6,4,0,0,-1.0,-1.0,1,1,0,0,0.0,-0.019859859255841144
2114,frozen,43,5,3,0,0,-1.0,-1.0,1,0,1,0,0.0,-0.019859859255841144
2115,frozen,43,0,3,0,0,-1.0,-1.0,1,0,1,0,0.0,-0.019859859255841144
2116,frozen,43,8,3,0,0,-1.0,-1.0,1,0,1,0,0.0,-0.019859859255841144
2117,frozen,43,5,5,1,1,1.0,1.0,0,nan,nan,nan,0.0,-0.019859859255841144
2118,frozen,43,6,4,0,0,-1.0,-1.0,1,1,0,0,0.0,-0.019859859255841144
2119,frozen,43,5,3,0,0,-1.0,-1.0,1,0,1,0,0.0,-0.019859859255841144
2120,frozen,43,4,5,1,1,1.0,1.0,0,nan,nan,nan,0.0,-0.019859859255841144
2121,frozen,43,2,4,0,0,-1.0,-1.0,1,1,0,0,0.0,-0.019859859255841144
2122,frozen,43,7,3,0,0,-1.0,-1.0,1,0,1,0,0.0,-0.019859859255841144
2123,frozen,43,6,3,0,0,-1.0,-1.0,1,0,1,0,0.0,-0.019859859255841144
2124,frozen,43,0,3,0,0,-1.0,-1.0,1,0,1,0,0.0,-0.019859859255841144
2125,frozen,43,4,5,1,1,1.0,1.0,0,nan,nan,nan,0.0,-0.019859859255841144
2126,frozen,43,2,4,0,0,-1.0,-1.0,1,1,0,0,0.0,-0.019859859255841144
2127,frozen,43,4,5,1,1,1.0,1.0,0,nan,nan,nan,0.0,-0.019859859255841144
2128,frozen,43,8,4,0,0,-1.0,-1.0,1,1,0,0,0.0,-0.019859859255841144
2129,frozen,43,4,5,1,1,1.0,1.0,0,nan,nan,nan,0.0,-0.019859859255841144
2130,frozen,43,2,4,0,0,-1.0,-1.0,1,1,0,0,0.0,-0.019859859255841144
2131,frozen,43,3,5,1,0,-1.0,-1.0,1,0,1,0,0.0,-0.019859859255841144
2132,frozen,43,2,3,0,1,1.0,1.0,0,nan,nan,nan,0.0,-0.019859859255841144
2133,frozen,43,5,4,1,1,1.0,1.0,0,nan,nan,nan,0.0,-0.019859859255841144
2134,frozen,43,1,5,1,0,-1.0,-1.0,1,2,0,0,0.0,-0.019859859255841144
2135,frozen,43,2,3,0,1,1.0,1.0,0,nan,nan,nan,0.0,-0.019859859255841144
2136,frozen,43,1,2,0,1,1.0,1.0,0,nan,nan,nan,0.0,-0.019859859255841144
2137,frozen,43,3,1,0,0,-1.0,-1.0,1,2,0,0,0.0,-0.019859859255841144
2138,frozen,43,0,3,0,0,-1.0,-1.0,1,0,1,0,0.0,-0.019859859255841144
2139,frozen,43,6,5,1,1,1.0,1.0,0,nan,nan,nan,0.0,-0.019859859255841144
2140,frozen,43,7,6,1,1,1.0,1.0,0,nan,nan,nan,0.0,-0.019859859255841144
2141,frozen,43,2,5,0,0,-1.0,-1.0,1,2,0,0,0.0,-0.019859859255841144
2142,frozen,43,5,3,0,0,-1.0,-1.0,1,0,1,0,0.0,-0.019859859255841144
2143,frozen,43,0,3,0,0,-1.0,-1.0,1,0,1,0,0.0,-0.019859859255841144
2144,frozen,43,8,3,0,0,-1.0,-1.0,1,0,1,0,0.0,-0.019859859255841144
2145,frozen,43,0,3,0,0,-1.0,-1.0,1,0,1,0,0.0,-0.019859859255841144
2146,frozen,43,3,5,1,0,-1.0,-1.0,1,0,1,0,0.0,-0.019859859255841144
2147,frozen,43,4,5,1,1,1.0,1.0,0,nan,nan,nan,0.0,-0.019859859255841144
2148,frozen,43,8,4,0,0,-1.0,-1.0,1,1,0,0,0.0,-0.019859859255841144
2149,frozen,43,4,5,1,1,1.0,1.0,0,nan,nan,nan,0.0,-0.019859859255841144
2150,frozen,43,4,6,1,0,-1.0,-1.0,1,1,0,0,0.0,-0.019859859255841144
2151,frozen,43,2,3,0,1,1.0,1.0,0,nan,nan,nan,0.0,-0.019859859255841144
2152,frozen,43,2,2,0,1,1.0,1.0,0,nan,nan,nan,0.0,-0.019859859255841144
2153,frozen,43,0,1,0,1,1.0,1.0,0,nan,nan,nan,0.0,-0.019859859255841144
2154,frozen,43,6,0,0,0,-1.0,-1.0,1,3,0,1,0.0,-0.019859859255841144
2155,frozen,43,0,3,0,0,-1.0,-1.0,1,0,1,0,0.0,-0.019859859255841144
2156,frozen,43,4,5,1,1,1.0,1.0,0,nan,nan,nan,0.0,-0.019859859255841144
2157,frozen,43,2,6,1,0,-1.0,-1.0,1,1,0,0,0.0,-0.019859859255841144
2158,frozen,43,8,3,0,0,-1.0,-1.0,1,0,1,0,0.0,-0.019859859255841144
2159,frozen,43,8,3,0,0,-1.0,-1.0,1,0,1,0,0.0,-0.019859859255841144
2160,frozen,43,4,5,1,1,1.0,1.0,0,nan,nan,nan,0.0,-0.019859859255841144
2161,frozen,43,0,6,1,0,-1.0,-1.0,1,1,0,0,0.0,-0.019859859255841144
2162,frozen,43,1,3,0,0,-1.0,-1.0,1,0,1,0,0.0,-0.019859859255841144
2163,frozen,43,6,5,1,1,1.0,1.0,0,nan,nan,nan,0.0,-0.019859859255841144
2164,frozen,43,0,6,1,0,-1.0,-1.0,1,1,0,0,0.0,-0.019859859255841144
2165,frozen,43,4,3,0,1,1.0,1.0,0,nan,nan,nan,0.0,-0.019859859255841144
2166,frozen,43,1,2,0,1,1.0,1.0,0,nan,nan,nan,0.0,-0.019859859255841144
2167,frozen,43,2,1,0,1,1.0,1.0,0,nan,nan,nan,0.0,-0.019859859255841144
2168,frozen,43,5,0,0,0,-1.0,-1.0,1,3,0,1,0.0,-0.019859859255841144
2169,frozen,43,3,5,1,0,-1.0,-1.0,1,0,1,0,0.0,-0.019859859255841144
2170,frozen,43,6,5,1,1,1.0,1.0,0,nan,nan,nan,0.0,-0.019859859255841144
2171,frozen,43,0,6,1,0,-1.0,-1.0,1,1,0,0,0.0,-0.019859859255841144
2172,frozen,43,8,3,0,0,-1.0,-1.0,1,0,1,0,0.0,-0.019859859255841144
2173,frozen,43,2,5,1,0,-1.0,-1.0,1,0,1,0,0.0,-0.019859859255841144
2174,frozen,43,5,3,0,0,-1.0,-1.0,1,0,1,0,0.0,-0.019859859255841144
2175,frozen,43,6,3,0,0,-1.0,-1.0,1,0,1,0,0.0,-0.019859859255841144
2176,frozen,43,4,5,1,1,1.0,1.0,0,nan,nan,nan,0.0,-0.019859859255841144
2177,frozen,43,8,6,1,0,-1.0,-1.0,1,1,0,0,0.0,-0.019859859255841144
2178,frozen,43,7,5,1,0,-1.0,-1.0,1,0,1,0,0.0,-0.019859859255841144
2179,frozen,43,6,3,0,0,-1.0,-1.0,1,0,1,0,0.0,-0.019859859255841144
2180,frozen,43,2,5,1,0,-1.0,-1.0,1,0,1,0,0.0,-0.019859859255841144
2181,frozen,43,4,3,0,1,1.0,1.0,0,nan,nan,nan,0.0,-0.019859859255841144
2182,frozen,43,6,4,1,0,-1.0,-1.0,1,1,0,0,0.0,-0.019859859255841144
2183,frozen,43,2,5,1,0,-1.0,-1.0,1,0,1,0,0.0,-0.019859859255841144
2184,frozen,43,0,3,0,0,-1.0,-1.0,1,0,1,0,0.0,-0.019859859255841144
2185,frozen,43,4,5,1,1,1.0,1.0,0,nan,nan,nan,0.0,-0.019859859255841144
2186,frozen,43,3,4,0,1,1.0,1.0,0,nan,nan,nan,0.0,-0.019859859255841144
2187,frozen,43,0,3,0,0,-1.0,-1.0,1,2,0,0,0.0,-0.019859859255841144
2188,frozen,43,7,5,1,0,-1.0,-1.0,1,0,1,0,0.0,-0.019859859255841144
2189,frozen,43,6,5,1,1,1.0,1.0,0,nan,nan,nan,0.0,-0.019859859255841144
2190,frozen,43,0,6,1,0,-1.0,-1.0,1,1,0,0,0.0,-0.019859859255841144
2191,frozen,43,7,3,0,0,-1.0,-1.0,1,0,1,0,0.0,-0.019859859255841144
2192,frozen,43,7,3,0,0,-1.0,-1.0,1,0,1,0,0.0,-0.019859859255841144
2193,frozen,43,6,5,1,1,1.0,1.0,0,nan,nan,nan,0.0,-0.019859859255841144
2194,frozen,43,6,4,0,0,-1.0,-1.0,1,1,0,0,0.0,-0.019859859255841144
2195,frozen,43,2,5,1,0,-1.0,-1.0,1,0,1,0,0.0,-0.019859859255841144
2196,frozen,43,8,3,0,0,-1.0,-1.0,1,0,1,0,0.0,-0.019859859255841144
2197,frozen,43,5,3,0,0,-1.0,-1.0,1,0,1,0,0.0,-0.019859859255841144
2198,frozen,43,8,3,0,0,-1.0,-1.0,1,0,1,0,0.0,-0.019859859255841144
2199,frozen,43,8,3,0,0,-1.0,-1.0,1,0,1,0,0.0,-0.019859859255841144
2200,frozen,43,0,3,0,0,-1.0,-1.0,1,0,1,0,0.0,-0.019859859255841144
2201,frozen,43,1,3,0,0,-1.0,-1.0,1,0,1,0,0.0,-0.019859859255841144
2202,frozen,43,4,5,1,1,1.0,1.0,0,nan,nan,nan,0.0,-0.019859859255841144
2203,frozen,43,1,4,0,0,-1.0,-1.0,1,1,0,0,0.0,-0.019859859255841144
2204,frozen,43,1,3,0,0,-1.0,-1.0,1,0,1,0,0.0,-0.019859859255841144
2205,frozen,43,3,5,1,0,-1.0,-1.0,1,0,1,0,0.0,-0.019859859255841144
2206,frozen,43,7,5,1,0,-1.0,-1.0,1,0,1,0,0.0,-0.019859859255841144
2207,frozen,43,2,5,1,0,-1.0,-1.0,1,0,1,0,0.0,-0.019859859255841144
2208,frozen,43,8,3,0,0,-1.0,-1.0,1,0,1,0,0.0,-0.019859859255841144
2209,frozen,43,1,3,0,0,-1.0,-1.0,1,0,1,0,0.0,-0.019859859255841144
2210,frozen,43,2,5,1,0,-1.0,-1.0,1,0,1,0,0.0,-0.019859859255841144
2211,frozen,43,2,3,0,1,1.0,1.0,0,nan,nan,nan,0.0,-0.019859859255841144
2212,frozen,43,3,2,0,1,1.0,1.0,0,nan,nan,nan,0.0,-0.019859859255841144
2213,frozen,43,3,1,0,0,-1.0,-1.0,1,2,0,0,0.0,-0.019859859255841144
2214,frozen,43,6,5,1,1,1.0,1.0,0,nan,nan,nan,0.0,-0.019859859255841144
2215,frozen,43,4,6,1,0,-1.0,-1.0,1,1,0,0,0.0,-0.019859859255841144
2216,frozen,43,3,5,1,0,-1.0,-1.0,1,0,1,0,0.0,-0.019859859255841144
2217,frozen,43,0,3,0,0,-1.0,-1.0,1,0,1,0,0.0,-0.019859859255841144
2218,frozen,43,0,3,0,0,-1.0,-1.0,1,0,1,0,0.0,-0.019859859255841144
2219,frozen,43,8,3,0,0,-1.0,-1.0,1,0,1,0,0.0,-0.019859859255841144
2220,frozen,43,1,5,1,0,-1.0,-1.0,1,0,1,0,0.0,-0.019859859255841144
2221,frozen,43,6,5,1,1,1.0,1.0,0,nan,nan,nan,0.0,-0.019859859255841144
2222,frozen,43,4,6,1,0,-1.0,-1.0,1,1,0,0,0.0,-0.019859859255841144
2223,frozen,43,1,5,1,0,-1.0,-1.0,1,0,1,0,0.0,-0.019859859255841144
2224,frozen,43,3,5,1,0,-1.0,-1.0,1,0,1,0,0.0,-0.019859859255841144
2225,frozen,43,7,3,0,0,-1.0,-1.0,1,0,1,0,0.0,-0.019859859255841144
2226,frozen,43,3,3,0,1,1.0,1.0,0,nan,nan,nan,0.0,-0.019859859255841144
2227,frozen,43,5,2,0,0,-1.0,-1.0,1,1,0,0,0.0,-0.019859859255841144
2228,frozen,43,7,5,1,0,-1.0,-1.0,1,0,1,0,0.0,-0.019859859255841144
2229,frozen,43,7,5,1,0,-1.0,-1.0,1,0,1,0,0.0,-0.019859859255841144
2230,frozen,43,0,3,0,0,-1.0,-1.0,1,0,1,0,0.0,-0.019859859255841144
2231,frozen,43,5,3,0,0,-1.0,-1.0,1,0,1,0,0.0,-0.019859859255841144
2232,frozen,43,1,5,1,0,-1.0,-1.0,1,0,1,0,0.0,-0.019859859255841144
2233,frozen,43,5,3,0,0,-1.0,-1.0,1,0,1,0,0.0,-0.019859859255841144
2234,frozen,43,6,3,0,0,-1.0,-1.0,1,0,1,0,0.0,-0.019859859255841144
2235,frozen,43,0,5,1,0,-1.0,-1.0,1,0,1,0,0.0,-0.019859859255841144
2236,frozen,43,6,5,1,1,1.0,1.0,0,nan,nan,nan,0.0,-0.019859859255841144
2237,frozen,43,3,4,0,1,1.0,1.0,0,nan,nan,nan,0.0,-0.019859859255841144
2238,frozen,43,5,3,0,0,-1.0,-1.0,1,2,0,0,0.0,-0.019859859255841144
2239,frozen,43,8,3,0,0,-1.0,-1.0,1,0,1,0,0.0,-0.019859859255841144
2240,frozen,43,6,3,0,0,-1.0,-1.0,1,0,1,0,0.0,-0.019859859255841144
2241,frozen,43,5,3,0,0,-1.0,-1.0,1,0,1,0,0.0,-0.019859859255841144
2242,frozen,43,1,5,1,0,-1.0,-1.0,1,0,1,0,0.0,-0.019859859255841144
2243,frozen,43,0,3,0,0,-1.0,-1.0,1,0,1,0,0.0,-0.019859859255841144
2244,frozen,43,8,3,0,0,-1.0,-1.0,1,0,1,0,0.0,-0.019859859255841144
2245,frozen,43,1,3,0,0,-1.0,-1.0,1,0,1,0,0.0,-0.019859859255841144
2246,frozen,43,6,5,1,1,1.0,1.0,0,nan,nan,nan,0.0,-0.019859859255841144
2247,frozen,43,4,4,0,1,1.0,1.0,0,nan,nan,nan,0.0,-0.019859859255841144
2248,frozen,43,0,3,0,0,-1.0,-1.0,1,2,0,0,0.0,-0.019859859255841144
2249,frozen,43,8,3,0,0,-1.0,-1.0,1,0,1,0,0.0,-0.019859859255841144
2250,frozen,43,8,3,0,0,-1.0,-1.0,1,0,1,0,0.0,-0.019859859255841144
2251,frozen,43,1,5,1,0,-1.0,-1.0,1,0,1,0,0.0,-0.019859859255841144
2252,frozen,43,4,3,0,1,1.0,1.0,0,nan,nan,nan,0.0,-0.019859859255841144
2253,frozen,43,7,2,0,0,-1.0,-1.0,1,1,0,0,0.0,-0.019859859255841144
2254,frozen,43,5,3,0,0,-1.0,-1.0,1,0,1,0,0.0,-0.019859859255841144
2255,frozen,43,4,5,1,1,1.0,1.0,0,nan,nan,nan,0.0,-0.019859859255841144
2256,frozen,43,2,4,0,0,-1.0,-1.0,1,1,0,0,0.0,-0.019859859255841144
2257,frozen,43,4,5,1,1,1.0,1.0,0,nan,nan,nan,0.0,-0.019859859255841144
2258,frozen,43,0,6,1,0,-1.0,-1.0,1,1,0,0,0.0,-0.019859859255841144
2259,frozen,43,6,3,0,0,-1.0,-1.0,1,0,1,0,0.0,-0.019859859255841144
2260,frozen,43,1,3,0,0,-1.0,-1.0,1,0,1,0,0.0,-0.019859859255841144
2261,frozen,43,2,5,1,0,-1.0,-1.0,1,0,1,0,0.0,-0.019859859255841144
2262,frozen,43,5,3,0,0,-1.0,-1.0,1,0,1,0,0.0,-0.019859859255841144
2263,frozen,43,6,5,1,1,1.0,1.0,0,nan,nan,nan,0.0,-0.019859859255841144
2264,frozen,43,6,4,0,0,-1.0,-1.0,1,1,0,0,0.0,-0.019859859255841144
2265,frozen,43,1,5,1,0,-1.0,-1.0,1,0,1,0,0.0,-0.019859859255841144
2266,frozen,43,6,3,0,0,-1.0,-1.0,1,0,1,0,0.0,-0.019859859255841144
2267,frozen,43,1,3,0,0,-1.0,-1.0,1,0,1,0,0.0,-0.019859859255841144
2268,frozen,43,3,3,0,1,1.0,1.0,0,nan,nan,nan,0.0,-0.019859859255841144
2269,frozen,43,0,4,1,0,-1.0,-1.0,1,1,0,0,0.0,-0.019859859255841144
2270,frozen,43,6,3,0,0,-1.0,-1.0,1,0,1,0,0.0,-0.019859859255841144
2271,frozen,43,6,3,0,0,-1.0,-1.0,1,0,1,0,0.0,-0.019859859255841144
2272,frozen,43,3,5,1,0,-1.0,-1.0,1,0,1,0,0.0,-0.019859859255841144
2273,frozen,43,8,3,0,0,-1.0,-1.0,1,0,1,0,0.0,-0.019859859255841144
2274,frozen,43,1,5,1,0,-1.0,-1.0,1,0,1,0,0.0,-0.019859859255841144
2275,frozen,43,0,3,0,0,-1.0,-1.0,1,0,1,0,0.0,-0.019859859255841144
2276,frozen,43,3,5,1,0,-1.0,-1.0,1,0,1,0,0.0,-0.019859859255841144
2277,frozen,43,1,5,1,0,-1.0,-1.0,1,0,1,0,0.0,-0.019859859255841144
2278,frozen,43,7,3,0,0,-1.0,-1.0,1,0,1,0,0.0,-0.019859859255841144
2279,frozen,43,2,3,0,1,1.0,1.0,0,nan,nan,nan,0.0,-0.019859859255841144
2280,frozen,43,2,2,0,1,1.0,1.0,0,nan,nan,nan,0.0,-0.019859859255841144
2281,frozen,43,0,1,0,1,1.0,1.0,0,nan,nan,nan,0.0,-0.019859859255841144
2282,frozen,43,0,0,0,1,1.0,1.0,0,nan,nan,nan,0.0,-0.019859859255841144
2283,frozen,43,0,0,0,1,1.0,1.0,0,nan,nan,nan,0.0,-0.019859859255841144
2284,frozen,43,6,1,1,0,-1.0,-1.0,1,5,0,1,0.0,-0.019859859255841144
2285,frozen,43,5,3,0,0,-1.0,-1.0,1,0,1,0,0.0,-0.019859859255841144
2286,frozen,43,8,5,1,0,-1.0,-1.0,1,0,1,0,0.0,-0.019859859255841144
2287,frozen,43,7,5,1,0,-1.0,-1.0,1,0,1,0,0.0,-0.019859859255841144
2288,frozen,43,8,3,0,0,-1.0,-1.0,1,0,1,0,0.0,-0.019859859255841144
2289,frozen,43,4,3,0,1,1.0,1.0,0,nan,nan,nan,0.0,-0.019859859255841144
2290,frozen,43,8,2,0,0,-1.0,-1.0,1,1,0,0,0.0,-0.019859859255841144
2291,frozen,43,3,5,1,0,-1.0,-1.0,1,0,1,0,0.0,-0.019859859255841144
2292,frozen,43,0,3,0,0,-1.0,-1.0,1,0,1,0,0.0,-0.019859859255841144
2293,frozen,43,3,3,0,1,1.0,1.0,0,nan,nan,nan,0.0,-0.019859859255841144
2294,frozen,43,1,4,1,0,-1.0,-1.0,1,1,0,0,0.0,-0.019859859255841144
2295,frozen,43,7,3,0,0,-1.0,-1.0,1,0,1,0,0.0,-0.019859859255841144
2296,frozen,43,6,5,1,1,1.0,1.0,0,nan,nan,nan,0.0,-0.019859859255841144
2297,frozen,43,6,4,0,0,-1.0,-1.0,1,1,0,0,0.0,-0.019859859255841144
2298,frozen,43,8,3,0,0,-1.0,-1.0,1,0,1,0,0.0,-0.019859859255841144
2299,frozen,43,6,5,1,1,1.0,1.0,0,nan,nan,nan,0.0,-0.019859859255841144
2300,frozen,43,2,6,1,0,-1.0,-1.0,1,1,0,0,0.0,-0.019859859255841144
2301,frozen,43,0,3,0,0,-1.0,-1.0,1,0,1,0,0.0,-0.019859859255841144
2302,frozen,43,2,5,1,0,-1.0,-1.0,1,0,1,0,0.0,-0.019859859255841144
2303,frozen,43,5,3,0,0,-1.0,-1.0,1,0,1,0,0.0,-0.019859859255841144
2304,frozen,43,4,3,0,1,1.0,1.0,0,nan,nan,nan,0.0,-0.019859859255841144
2305,frozen,43,1,2,0,1,1.0,1.0,0,nan,nan,nan,0.0,-0.019859859255841144
2306,frozen,43,8,3,1,0,-1.0,-1.0,1,2,0,0,0.0,-0.019859859255841144
2307,frozen,43,5,3,0,0,-1.0,-1.0,1,0,1,0,0.0,-0.019859859255841144
2308,frozen,43,7,5,1,0,-1.0,-1.0,1,0,1,0,0.0,-0.019859859255841144
2309,frozen,43,6,3,0,0,-1.0,-1.0,1,0,1,0,0.0,-0.019859859255841144
2310,frozen,43,4,5,1,1,1.0,1.0,0,nan,nan,nan,0.0,-0.019859859255841144
2311,frozen,43,8,6,1,0,-1.0,-1.0,1,1,0,0,0.0,-0.019859859255841144
2312,frozen,43,2,3,0,1,1.0,1.0,0,nan,nan,nan,0.0,-0.019859859255841144
2313,frozen,43,6,2,0,0,-1.0,-1.0,1,1,0,0,0.0,-0.019859859255841144
2314,frozen,43,5,3,0,0,-1.0,-1.0,1,0,1,0,0.0,-0.019859859255841144
2315,frozen,43,1,5,1,0,-1.0,-1.0,1,0,1,0,0.0,-0.019859859255841144
2316,frozen,43,4,3,0,1,1.0,1.0,0,nan,nan,nan,0.0,-0.019859859255841144
2317,frozen,43,1,4,1,0,-1.0,-1.0,1,1,0,0,0.0,-0.019859859255841144
2318,frozen,43,6,5,1,1,1.0,1.0,0,nan,nan,nan,0.0,-0.019859859255841144
2319,frozen,43,8,6,1,0,-1.0,-1.0,1,1,0,0,0.0,-0.019859859255841144
2320,frozen,43,3,3,0,1,1.0,1.0,0,nan,nan,nan,0.0,-0.019859859255841144
2321,frozen,43,7,2,0,0,-1.0,-1.0,1,1,0,0,0.0,-0.019859859255841144
2322,frozen,43,6,5,1,1,1.0,1.0,0,nan,nan,nan,0.0,-0.019859859255841144
2323,frozen,43,6,4,0,0,-1.0,-1.0,1,1,0,0,0.0,-0.019859859255841144
2324,frozen,43,0,3,0,0,-1.0,-1.0,1,0,1,0,0.0,-0.019859859255841144
2325,frozen,43,6,3,0,0,-1.0,-1.0,1,0,1,0,0.0,-0.019859859255841144
2326,frozen,43,0,3,0,0,-1.0,-1.0,1,0,1,0,0.0,-0.019859859255841144
2327,frozen,43,5,3,0,0,-1.0,-1.0,1,0,1,0,0.0,-0.019859859255841144
2328,frozen,43,6,3,0,0,-1.0,-1.0,1,0,1,0,0.0,-0.019859859255841144
2329,frozen,43,2,3,0,1,1.0,1.0,0,nan,nan,nan,0.0,-0.019859859255841144
2330,frozen,43,0,4,1,0,-1.0,-1.0,1,1,0,0,0.0,-0.019859859255841144
2331,frozen,43,7,5,1,0,-1.0,-1.0,1,0,1,0,0.0,-0.019859859255841144
2332,frozen,43,2,3,0,1,1.0,1.0,0,nan,nan,nan,0.0,-0.019859859255841144
2333,frozen,43,8,4,1,0,-1.0,-1.0,1,1,0,0,0.0,-0.019859859255841144
2334,frozen,43,8,5,1,0,-1.0,-1.0,1,0,1,0,0.0,-0.019859859255841144
2335,frozen,43,5,3,0,0,-1.0,-1.0,1,0,1,0,0.0,-0.019859859255841144
2336,frozen,43,6,5,1,1,1.0,1.0,0,nan,nan,nan,0.0,-0.019859859255841144
2337,frozen,43,6,4,0,0,-1.0,-1.0,1,1,0,0,0.0,-0.019859859255841144
2338,frozen,43,6,5,1,1,1.0,1.0,0,nan,nan,nan,0.0,-0.019859859255841144
2339,frozen,43,8,4,0,0,-1.0,-1.0,1,1,0,0,0.0,-0.019859859255841144
2340,frozen,43,1,3,0,0,-1.0,-1.0,1,0,1,0,0.0,-0.019859859255841144
2341,frozen,43,2,3,0,1,1.0,1.0,0,nan,nan,nan,0.0,-0.019859859255841144
2342,frozen,43,5,2,0,0,-1.0,-1.0,1,1,0,0,0.0,-0.019859859255841144
2343,frozen,43,7,3,0,0,-1.0,-1.0,1,0,1,0,0.0,-0.019859859255841144
2344,frozen,43,4,5,1,1,1.0,1.0,0,nan,nan,nan,0.0,-0.019859859255841144
2345,frozen,43,0,6,1,0,-1.0,-1.0,1,1,0,0,0.0,-0.019859859255841144
2346,frozen,43,0,3,0,0,-1.0,-1.0,1,0,1,0,0.0,-0.019859859255841144
2347,frozen,43,6,5,1,1,1.0,1.0,0,nan,nan,nan,0.0,-0.019859859255841144
2348,frozen,43,6,4,0,0,-1.0,-1.0,1,1,0,0,0.0,-0.019859859255841144
2349,frozen,43,3,3,0,1,1.0,1.0,0,nan,nan,nan,0.0,-0.019859859255841144
2350,frozen,43,8,4,1,0,-1.0,-1.0,1,1,0,0,0.0,-0.019859859255841144
2351,frozen,43,4,3,0,1,1.0,1.0,0,nan,nan,nan,0.0,-0.019859859255841144
2352,frozen,43,1,4,1,0,-1.0,-1.0,1,1,0,0,0.0,-0.019859859255841144
2353,frozen,43,8,3,0,0,-1.0,-1.0,1,0,1,0,0.0,-0.019859859255841144
2354,frozen,43,4,5,1,1,1.0,1.0,0,nan,nan,nan,0.0,-0.019859859255841144
2355,frozen,43,1,4,0,0,-1.0,-1.0,1,1,0,0,0.0,-0.019859859255841144
2356,frozen,43,8,3,0,0,-1.0,-1.0,1,0,1,0,0.0,-0.019859859255841144
2357,frozen,43,7,3,0,0,-1.0,-1.0,1,0,1,0,0.0,-0.019859859255841144
2358,frozen,43,1,5,1,0,-1.0,-1.0,1,0,1,0,0.0,-0.019859859255841144
2359,frozen,43,5,5,1,1,1.0,1.0,0,nan,nan,nan,0.0,-0.019859859255841144
2360,frozen,43,5,6,1,1,1.0,1.0,0,nan,nan,nan,0.0,-0.019859859255841144
2361,frozen,43,3,7,1,0,-1.0,-1.0,1,2,0,0,0.0,-0.019859859255841144
2362,frozen,43,8,3,0,0,-1.0,-1.0,1,0,1,0,0.0,-0.019859859255841144
2363,frozen,43,7,5,1,0,-1.0,-1.0,1,0,1,0,0.0,-0.019859859255841144
2364,frozen,43,3,5,1,0,-1.0,-1.0,1,0,1,0,0.0,-0.019859859255841144
2365,frozen,43,3,5,1,0,-1.0,-1.0,1,0,1,0,0.0,-0.019859859255841144
2366,frozen,43,8,3,0,0,-1.0,-1.0,1,0,1,0,0.0,-0.019859859255841144
2367,frozen,43,6,3,0,0,-1.0,-1.0,1,0,1,0,0.0,-0.019859859255841144
2368,frozen,43,8,3,0,0,-1.0,-1.0,1,0,1,0,0.0,-0.019859859255841144
2369,frozen,43,3,3,0,1,1.0,1.0,0,nan,nan,nan,0.0,-0.019859859255841144
2370,frozen,43,4,2,0,0,-1.0,-1.0,1,1,0,0,0.0,-0.019859859255841144
2371,frozen,43,7,5,1,0,-1.0,-1.0,1,0,1,0,0.0,-0.019859859255841144
2372,frozen,43,0,3,0,0,-1.0,-1.0,1,0,1,0,0.0,-0.019859859255841144
2373,frozen,43,0,3,0,0,-1.0,-1.0,1,0,1,0,0.0,-0.019859859255841144
2374,frozen,43,1,3,0,0,-1.0,-1.0,1,0,1,0,0.0,-0.019859859255841144
2375,frozen,43,7,3,0,0,-1.0,-1.0,1,0,1,0,0.0,-0.019859859255841144
2376,frozen,43,7,5,1,0,-1.0,-1.0,1,0,1,0,0.0,-0.019859859255841144
2377,frozen,43,3,5,1,0,-1.0,-1.0,1,0,1,0,0.0,-0.019859859255841144
2378,frozen,43,3,3,0,1,1.0,1.0,0,nan,nan,nan,0.0,-0.019859859255841144
2379,frozen,43,0,4,1,0,-1.0,-1.0,1,1,0,0,0.0,-0.019859859255841144
2380,frozen,43,0,3,0,0,-1.0,-1.0,1,0,1,0,0.0,-0.019859859255841144
2381,frozen,43,0,3,0,0,-1.0,-1.0,1,0,1,0,0.0,-0.019859859255841144
2382,frozen,43,7,3,0,0,-1.0,-1.0,1,0,1,0,0.0,-0.019859859255841144
2383,frozen,43,6,5,1,1,1.0,1.0,0,nan,nan,nan,0.0,-0.019859859255841144
2384,frozen,43,0,6,1,0,-1.0,-1.0,1,1,0,0,0.0,-0.019859859255841144
2385,frozen,43,6,5,1,1,1.0,1.0,0,nan,nan,nan,0.0,-0.019859859255841144
2386,frozen,43,1,6,1,0,-1.0,-1.0,1,1,0,0,0.0,-0.019859859255841144
2387,frozen,43,1,5,1,0,-1.0,-1.0,1,0,1,0,0.0,-0.019859859255841144
2388,frozen,43,5,3,0,0,-1.0,-1.0,1,0,1,0,0.0,-0.019859859255841144
2389,frozen,43,4,3,0,1,1.0,1.0,0,nan,nan,nan,0.0,-0.019859859255841144
2390,frozen,43,5,4,1,1,1.0,1.0,0,nan,nan,nan,0.0,-0.019859859255841144
2391,frozen,43,0,3,0,0,-1.0,-1.0,1,2,0,0,0.0,-0.019859859255841144
2392,frozen,43,6,3,0,0,-1.0,-1.0,1,0,1,0,0.0,-0.019859859255841144
2393,frozen,43,6,5,1,1,1.0,1.0,0,nan,nan,nan,0.0,-0.019859859255841144
2394,frozen,43,6,4,0,0,-1.0,-1.0,1,1,0,0,0.0,-0.019859859255841144
2395,frozen,43,5,3,0,0,-1.0,-1.0,1,0,1,0,0.0,-0.019859859255841144
2396,frozen,43,3,5,1,0,-1.0,-1.0,1,0,1,0,0.0,-0.019859859255841144
2397,frozen,43,4,5,1,1,1.0,1.0,0,nan,nan,nan,0.0,-0.019859859255841144
2398,frozen,43,1,4,0,0,-1.0,-1.0,1,1,0,0,0.0,-0.019859859255841144
2399,frozen,43,7,3,0,0,-1.0,-1.0,1,0,1,0,0.0,-0.019859859255841144
2400,frozen,43,6,5,1,1,1.0,1.0,0,nan,nan,nan,0.0,-0.019859859255841144
2401,frozen,43,2,6,1,0,-1.0,-1.0,1,1,0,0,0.0,-0.019859859255841144
2402,frozen,43,8,3,0,0,-1.0,-1.0,1,0,1,0,0.0,-0.019859859255841144
2403,frozen,43,1,5,1,0,-1.0,-1.0,1,0,1,0,0.0,-0.019859859255841144
2404,frozen,43,8,3,0,0,-1.0,-1.0,1,0,1,0,0.0,-0.019859859255841144
2405,frozen,43,4,5,1,1,1.0,1.0,0,nan,nan,nan,0.0,-0.019859859255841144
2406,frozen,43,0,6,1,0,-1.0,-1.0,1,1,0,0,0.0,-0.019859859255841144
2407,frozen,43,1,5,1,0,-1.0,-1.0,1,0,1,0,0.0,-0.019859859255841144
2408,frozen,43,6,5,1,1,1.0,1.0,0,nan,nan,nan,0.0,-0.019859859255841144
2409,frozen,43,5,4,0,1,1.0,1.0,0,nan,nan,nan,0.0,-0.019859859255841144
2410,frozen,43,3,3,0,1,1.0,1.0,0,nan,nan,nan,0.0,-0.019859859255841144
2411,frozen,43,5,4,1,1,1.0,1.0,0,nan,nan,nan,0.0,-0.019859859255841144
2412,frozen,43,5,3,0,0,-1.0,-1.0,1,4,0,1,0.0,-0.019859859255841144
2413,frozen,43,3,5,1,0,-1.0,-1.0,1,0,1,0,0.0,-0.019859859255841144
2414,frozen,43,8,3,0,0,-1.0,-1.0,1,0,1,0,0.0,-0.019859859255841144
2415,frozen,43,3,5,1,0,-1.0,-1.0,1,0,1,0,0.0,-0.019859859255841144
2416,frozen,43,4,3,0,1,1.0,1.0,0,nan,nan,nan,0.0,-0.019859859255841144
2417,frozen,43,8,4,1,0,-1.0,-1.0,1,1,0,0,0.0,-0.019859859255841144
2418,frozen,43,8,3,0,0,-1.0,-1.0,1,0,1,0,0.0,-0.019859859255841144
2419,frozen,43,7,5,1,0,-1.0,-1.0,1,0,1,0,0.0,-0.019859859255841144
2420,frozen,43,6,5,1,1,1.0,1.0,0,nan,nan,nan,0.0,-0.019859859255841144
2421,frozen,43,8,4,0,0,-1.0,-1.0,1,1,0,0,0.0,-0.019859859255841144
2422,frozen,43,6,5,1,1,1.0,1.0,0,nan,nan,nan,0.0,-0.019859859255841144
2423,frozen,43,3,6,1,0,-1.0,-1.0,1,1,0,0,0.0,-0.019859859255841144
2424,frozen,43,5,3,0,0,-1.0,-1.0,1,0,1,0,0.0,-0.019859859255841144
2425,frozen,43,8,3,0,0,-1.0,-1.0,1,0,1,0,0.0,-0.019859859255841144
2426,frozen,43,8,3,0,0,-1.0,-1.0,1,0,1,0,0.0,-0.019859859255841144
2427,frozen,43,4,5,1,1,1.0,1.0,0,nan,nan,nan,0.0,-0.019859859255841144
2428,frozen,43,0,6,1,0,-1.0,-1.0,1,1,0,0,0.0,-0.019859859255841144
2429,frozen,43,8,3,0,0,-1.0,-1.0,1,0,1,0,0.0,-0.019859859255841144
2430,frozen,43,4,3,0,1,1.0,1.0,0,nan,nan,nan,0.0,-0.019859859255841144
2431,frozen,43,0,4,1,0,-1.0,-1.0,1,1,0,0,0.0,-0.019859859255841144
2432,frozen,43,6,3,0,0,-1.0,-1.0,1,0,1,0,0.0,-0.019859859255841144
2433,frozen,43,2,5,1,0,-1.0,-1.0,1,0,1,0,0.0,-0.019859859255841144
2434,frozen,43,1,5,1,0,-1.0,-1.0,1,0,1,0,0.0,-0.019859859255841144
2435,frozen,43,4,3,0,1,1.0,1.0,0,nan,nan,nan,0.0,-0.019859859255841144
2436,frozen,43,0,2,0,0,-1.0,-1.0,1,1,0,0,0.0,-0.019859859255841144
2437,frozen,43,3,3,0,1,1.0,1.0,0,nan,nan,nan,0.0,-0.019859859255841144
2438,frozen,43,7,2,0,0,-1.0,-1.0,1,1,0,0,0.0,-0.019859859255841144
2439,frozen,43,3,3,0,1,1.0,1.0,0,nan,nan,nan,0.0,-0.019859859255841144
2440,frozen,43,8,4,1,0,-1.0,-1.0,1,1,0,0,0.0,-0.019859859255841144
2441,frozen,43,7,5,1,0,-1.0,-1.0,1,0,1,0,0.0,-0.019859859255841144
2442,frozen,43,1,5,1,0,-1.0,-1.0,1,0,1,0,0.0,-0.019859859255841144
2443,frozen,43,4,5,1,1,1.0,1.0,0,nan,nan,nan,0.0,-0.019859859255841144
2444,frozen,43,7,4,0,0,-1.0,-1.0,1,1,0,0,0.0,-0.019859859255841144
2445,frozen,43,2,5,1,0,-1.0,-1.0,1,0,1,0,0.0,-0.019859859255841144
2446,frozen,43,7,5,1,0,-1.0,-1.0,1,0,1,0,0.0,-0.019859859255841144
2447,frozen,43,0,3,0,0,-1.0,-1.0,1,0,1,0,0.0,-0.019859859255841144
2448,frozen,43,4,5,1,1,1.0,1.0,0,nan,nan,nan,0.0,-0.019859859255841144
2449,frozen,43,1,4,0,0,-1.0,-1.0,1,1,0,0,0.0,-0.019859859255841144
2450,frozen,43,5,5,1,1,1.0,1.0,0,nan,nan,nan,0.0,-0.019859859255841144
2451,frozen,43,2,4,0,0,-1.0,-1.0,1,1,0,0,0.0,-0.019859859255841144
2452,frozen,43,0,3,0,0,-1.0,-1.0,1,0,1,0,0.0,-0.019859859255841144
2453,frozen,43,4,3,0,1,1.0,1.0,0,nan,nan,nan,0.0,-0.019859859255841144
2454,frozen,43,2,2,0,1,1.0,1.0,0,nan,nan,nan,0.0,-0.019859859255841144
2455,frozen,43,6,1,0,0,-1.0,-1.0,1,2,0,0,0.0,-0.019859859255841144
2456,frozen,43,8,3,0,0,-1.0,-1.0,1,0,1,0,0.0,-0.019859859255841144
2457,frozen,43,7,5,1,0,-1.0,-1.0,1,0,1,0,0.0,-0.019859859255841144
2458,frozen,43,2,3,0,1,1.0,1.0,0,nan,nan,nan,0.0,-0.019859859255841144
2459,frozen,43,5,2,0,0,-1.0,-1.0,1,1,0,0,0.0,-0.019859859255841144
2460,frozen,43,1,5,1,0,-1.0,-1.0,1,0,1,0,0.0,-0.019859859255841144
2461,frozen,43,4,5,1,1,1.0,1.0,0,nan,nan,nan,0.0,-0.019859859255841144
2462,frozen,43,1,4,0,0,-1.0,-1.0,1,1,0,0,0.0,-0.019859859255841144
2463,frozen,43,4,5,1,1,1.0,1.0,0,nan,nan,nan,0.0,-0.019859859255841144
2464,frozen,43,0,6,1,0,-1.0,-1.0,1,1,0,0,0.0,-0.019859859255841144
2465,frozen,43,0,3,0,0,-1.0,-1.0,1,0,1,0,0.0,-0.019859859255841144
2466,frozen,43,6,5,1,1,1.0,1.0,0,nan,nan,nan,0.0,-0.019859859255841144
2467,frozen,43,5,6,1,1,1.0,1.0,0,nan,nan,nan,0.0,-0.019859859255841144
2468,frozen,43,0,7,1,0,-1.0,-1.0,1,2,0,0,0.0,-0.019859859255841144
2469,frozen,43,6,5,1,1,1.0,1.0,0,nan,nan,nan,0.0,-0.019859859255841144
2470,frozen,43,4,4,0,1,1.0,1.0,0,nan,nan,nan,0.0,-0.019859859255841144
2471,frozen,43,0,3,0,0,-1.0,-1.0,1,2,0,0,0.0,-0.019859859255841144
2472,frozen,43,5,5,1,1,1.0,1.0,0,nan,nan,nan,0.0,-0.019859859255841144
2473,frozen,43,1,4,0,0,-1.0,-1.0,1,1,0,0,0.0,-0.019859859255841144
2474,frozen,43,5,3,0,0,-1.0,-1.0,1,0,1,0,0.0,-0.019859859255841144
2475,frozen,43,8,3,0,0,-1.0,-1.0,1,0,1,0,0.0,-0.019859859255841144
2476,frozen,43,7,3,0,0,-1.0,-1.0,1,0,1,0,0.0,-0.019859859255841144
2477,frozen,43,0,3,0,0,-1.0,-1.0,1,0,1,0,0.0,-0.019859859255841144
2478,frozen,43,1,3,0,0,-1.0,-1.0,1,0,1,0,0.0,-0.019859859255841144
2479,frozen,43,3,3,0,1,1.0,1.0,0,nan,nan,nan,0.0,-0.019859859255841144
2480,frozen,43,2,4,1,0,-1.0,-1.0,1,1,0,0,0.0,-0.019859859255841144
2481,frozen,43,1,5,1,0,-1.0,-1.0,1,0,1,0,0.0,-0.019859859255841144
2482,frozen,43,6,5,1,1,1.0,1.0,0,nan,nan,nan,0.0,-0.019859859255841144
2483,frozen,43,8,4,0,0,-1.0,-1.0,1,1,0,0,0.0,-0.019859859255841144
2484,frozen,43,5,5,1,1,1.0,1.0,0,nan,nan,nan,0.0,-0.019859859255841144
2485,frozen,43,3,4,0,1,1.0,1.0,0,nan,nan,nan,0.0,-0.019859859255841144
2486,frozen,43,2,3,0,1,1.0,1.0,0,nan,nan,nan,0.0,-0.019859859255841144
2487,frozen,43,0,4,1,0,-1.0,-1.0,1,3,0,1,0.0,-0.019859859255841144
2488,frozen,43,0,3,0,0,-1.0,-1.0,1,0,1,0,0.0,-0.019859859255841144
2489,frozen,43,0,3,0,0,-1.0,-1.0,1,0,1,0,0.0,-0.019859859255841144
2490,frozen,43,8,3,0,0,-1.0,-1.0,1,0,1,0,0.0,-0.019859859255841144
2491,frozen,43,5,3,0,0,-1.0,-1.0,1,0,1,0,0.0,-0.019859859255841144
2492,frozen,43,1,5,1,0,-1.0,-1.0,1,0,1,0,0.0,-0.019859859255841144
2493,frozen,43,5,3,0,0,-1.0,-1.0,1,0,1,0,0.0,-0.019859859255841144
2494,frozen,43,1,5,1,0,-1.0,-1.0,1,0,1,0,0.0,-0.019859859255841144
2495,frozen,43,7,3,0,0,-1.0,-1.0,1,0,1,0,0.0,-0.019859859255841144
2496,frozen,43,5,3,0,0,-1.0,-1.0,1,0,1,0,0.0,-0.019859859255841144
2497,frozen,43,3,3,0,1,1.0,1.0,0,nan,nan,nan,0.0,-0.019859859255841144
2498,frozen,43,3,2,0,1,1.0,1.0,0,nan,nan,nan,0.0,-0.019859859255841144
2499,frozen,43,3,1,0,0,-1.0,-1.0,1,2,0,0,0.0,-0.019859859255841144
2500,frozen,43,5,3,0,0,-1.0,-1.0,1,0,1,0,0.0,-0.019859859255841144
2501,frozen,43,7,3,0,0,-1.0,-1.0,1,0,1,0,0.0,-0.019859859255841144
2502,frozen,43,8,3,0,0,-1.0,-1.0,1,0,1,0,0.0,-0.019859859255841144
2503,frozen,43,2,3,0,1,1.0,1.0,0,nan,nan,nan,0.0,-0.019859859255841144
2504,frozen,43,0,4,1,0,-1.0,-1.0,1,1,0,0,0.0,-0.019859859255841144
2505,frozen,43,6,3,0,0,-1.0,-1.0,1,0,1,0,0.0,-0.019859859255841144
2506,frozen,43,5,3,0,0,-1.0,-1.0,1,0,1,0,0.0,-0.019859859255841144
2507,frozen,43,4,3,0,1,1.0,1.0,0,nan,nan,nan,0.0,-0.019859859255841144
2508,frozen,43,6,2,0,0,-1.0,-1.0,1,1,0,0,0.0,-0.019859859255841144
2509,frozen,43,6,5,1,1,1.0,1.0,0,nan,nan,nan,0.0,-0.019859859255841144
2510,frozen,43,6,4,0,0,-1.0,-1.0,1,1,0,0,0.0,-0.019859859255841144
2511,frozen,43,1,5,1,0,-1.0,-1.0,1,0,1,0,0.0,-0.019859859255841144
2512,frozen,43,2,5,1,0,-1.0,-1.0,1,0,1,0,0.0,-0.019859859255841144
2513,frozen,43,2,5,1,0,-1.0,-1.0,1,0,1,0,0.0,-0.019859859255841144
2514,frozen,43,0,3,0,0,-1.0,-1.0,1,0,1,0,0.0,-0.019859859255841144
2515,frozen,43,8,3,0,0,-1.0,-1.0,1,0,1,0,0.0,-0.019859859255841144
2516,frozen,43,1,5,1,0,-1.0,-1.0,1,0,1,0,0.0,-0.019859859255841144
2517,frozen,43,5,3,0,0,-1.0,-1.0,1,0,1,0,0.0,-0.019859859255841144
2518,frozen,43,6,3,0,0,-1.0,-1.0,1,0,1,0,0.0,-0.019859859255841144
2519,frozen,43,0,3,0,0,-1.0,-1.0,1,0,1,0,0.0,-0.019859859255841144
2520,frozen,43,6,3,0,0,-1.0,-1.0,1,0,1,0,0.0,-0.019859859255841144
2521,frozen,43,8,3,0,0,-1.0,-1.0,1,0,1,0,0.0,-0.019859859255841144
2522,frozen,43,7,3,0,0,-1.0,-1.0,1,0,1,0,0.0,-0.019859859255841144
2523,frozen,43,3,5,1,0,-1.0,-1.0,1,0,1,0,0.0,-0.019859859255841144
2524,frozen,43,1,3,0,0,-1.0,-1.0,1,0,1,0,0.0,-0.019859859255841144
2525,frozen,43,5,3,0,0,-1.0,-1.0,1,0,1,0,0.0,-0.019859859255841144
2526,frozen,43,5,3,0,0,-1.0,-1.0,1,0,1,0,0.0,-0.019859859255841144
2527,frozen,43,5,3,0,0,-1.0,-1.0,1,0,1,0,0.0,-0.019859859255841144
2528,frozen,43,7,5,1,0,-1.0,-1.0,1,0,1,0,0.0,-0.019859859255841144
2529,frozen,43,6,3,0,0,-1.0,-1.0,1,0,1,0,0.0,-0.019859859255841144
2530,frozen,43,5,3,0,0,-1.0,-1.0,1,0,1,0,0.0,-0.019859859255841144
2531,frozen,43,3,5,1,0,-1.0,-1.0,1,0,1,0,0.0,-0.019859859255841144
2532,frozen,43,6,5,1,1,1.0,1.0,0,nan,nan,nan,0.0,-0.019859859255841144
2533,frozen,43,7,4,0,0,-1.0,-1.0,1,1,0,0,0.0,-0.019859859255841144
2534,frozen,43,0,3,0,0,-1.0,-1.0,1,0,1,0,0.0,-0.019859859255841144
2535,frozen,43,8,3,0,0,-1.0,-1.0,1,0,1,0,0.0,-0.019859859255841144
2536,frozen,43,1,5,1,0,-1.0,-1.0,1,0,1,0,0.0,-0.019859859255841144
2537,frozen,43,8,3,0,0,-1.0,-1.0,1,0,1,0,0.0,-0.019859859255841144
2538,frozen,43,7,3,0,0,-1.0,-1.0,1,0,1,0,0.0,-0.019859859255841144
2539,frozen,43,4,5,1,1,1.0,1.0,0,nan,nan,nan,0.0,-0.019859859255841144
2540,frozen,43,7,4,0,0,-1.0,-1.0,1,1,0,0,0.0,-0.019859859255841144
2541,frozen,43,0,3,0,0,-1.0,-1.0,1,0,1,0,0.0,-0.019859859255841144
2542,frozen,43,4,3,0,1,1.0,1.0,0,nan,nan,nan,0.0,-0.019859859255841144
2543,frozen,43,1,4,1,0,-1.0,-1.0,1,1,0,0,0.0,-0.019859859255841144
2544,frozen,43,2,3,0,1,1.0,1.0,0,nan,nan,nan,0.0,-0.019859859255841144
2545,frozen,43,5,2,0,0,-1.0,-1.0,1,1,0,0,0.0,-0.019859859255841144
2546,frozen,43,8,3,0,0,-1.0,-1.0,1,0,1,0,0.0,-0.019859859255841144
2547,frozen,43,6,3,0,0,-1.0,-1.0,1,0,1,0,0.0,-0.019859859255841144
2548,frozen,43,5,3,0,0,-1.0,-1.0,1,0,1,0,0.0,-0.019859859255841144
2549,frozen,43,6,5,1,1,1.0,1.0,0,nan,nan,nan,0.0,-0.019859859255841144
2550,frozen,43,2,6,1,0,-1.0,-1.0,1,1,0,0,0.0,-0.019859859255841144
2551,frozen,43,6,5,1,1,1.0,1.0,0,nan,nan,nan,0.0,-0.019859859255841144
2552,frozen,43,7,4,0,0,-1.0,-1.0,1,1,0,0,0.0,-0.019859859255841144
2553,frozen,43,7,5,1,0,-1.0,-1.0,1,0,1,0,0.0,-0.019859859255841144
2554,frozen,43,2,5,1,0,-1.0,-1.0,1,0,1,0,0.0,-0.019859859255841144
2555,frozen,43,5,3,0,0,-1.0,-1.0,1,0,1,0,0.0,-0.019859859255841144
2556,frozen,43,1,5,1,0,-1.0,-1.0,1,0,1,0,0.0,-0.019859859255841144
2557,frozen,43,6,3,0,0,-1.0,-1.0,1,0,1,0,0.0,-0.019859859255841144
2558,frozen,43,5,3,0,0,-1.0,-1.0,1,0,1,0,0.0,-0.019859859255841144
2559,frozen,43,3,5,1,0,-1.0,-1.0,1,0,1,0,0.0,-0.019859859255841144
2560,frozen,43,5,3,0,0,-1.0,-1.0,1,0,1,0,0.0,-0.019859859255841144
2561,frozen,43,7,3,0,0,-1.0,-1.0,1,0,1,0,0.0,-0.019859859255841144
2562,frozen,43,6,3,0,0,-1.0,-1.0,1,0,1,0,0.0,-0.019859859255841144
2563,frozen,43,3,3,0,1,1.0,1.0,0,nan,nan,nan,0.0,-0.019859859255841144
2564,frozen,43,7,2,0,0,-1.0,-1.0,1,1,0,0,0.0,-0.019859859255841144
2565,frozen,43,6,3,0,0,-1.0,-1.0,1,0,1,0,0.0,-0.019859859255841144
2566,frozen,43,5,3,0,0,-1.0,-1.0,1,0,1,0,0.0,-0.019859859255841144
2567,frozen,43,4,5,1,1,1.0,1.0,0,nan,nan,nan,0.0,-0.019859859255841144
2568,frozen,43,1,4,0,0,-1.0,-1.0,1,1,0,0,0.0,-0.019859859255841144
2569,frozen,43,0,3,0,0,-1.0,-1.0,1,0,1,0,0.0,-0.019859859255841144
2570,frozen,43,8,3,0,0,-1.0,-1.0,1,0,1,0,0.0,-0.019859859255841144
2571,frozen,43,8,3,0,0,-1.0,-1.0,1,0,1,0,0.0,-0.019859859255841144
2572,frozen,43,3,5,1,0,-1.0,-1.0,1,0,1,0,0.0,-0.019859859255841144
2573,frozen,43,1,3,0,0,-1.0,-1.0,1,0,1,0,0.0,-0.019859859255841144
2574,frozen,43,8,3,0,0,-1.0,-1.0,1,0,1,0,0.0,-0.019859859255841144
2575,frozen,43,3,5,1,0,-1.0,-1.0,1,0,1,0,0.0,-0.019859859255841144
2576,frozen,43,3,3,0,1,1.0,1.0,0,nan,nan,nan,0.0,-0.019859859255841144
2577,frozen,43,6,4,1,0,-1.0,-1.0,1,1,0,0,0.0,-0.019859859255841144
2578,frozen,43,2,3,0,1,1.0,1.0,0,nan,nan,nan,0.0,-0.019859859255841144
2579,frozen,43,0,2,0,0,-1.0,-1.0,1,1,0,0,0.0,-0.019859859255841144
2580,frozen,43,0,3,0,0,-1.0,-1.0,1,0,1,0,0.0,-0.019859859255841144
2581,frozen,43,6,3,0,0,-1.0,-1.0,1,0,1,0,0.0,-0.019859859255841144
2582,frozen,43,8,3,0,0,-1.0,-1.0,1,0,1,0,0.0,-0.019859859255841144
2583,frozen,43,6,3,0,0,-1.0,-1.0,1,0,1,0,0.0,-0.019859859255841144
2584,frozen,43,2,3,0,1,1.0,1.0,0,nan,nan,nan,0.0,-0.019859859255841144
2585,frozen,43,6,2,0,0,-1.0,-1.0,1,1,0,0,0.0,-0.019859859255841144
2586,frozen,43,8,3,0,0,-1.0,-1.0,1,0,1,0,0.0,-0.019859859255841144
2587,frozen,43,1,3,0,0,-1.0,-1.0,1,0,1,0,0.0,-0.019859859255841144
2588,frozen,43,0,3,0,0,-1.0,-1.0,1,0,1,0,0.0,-0.019859859255841144
2589,frozen,43,3,5,1,0,-1.0,-1.0,1,0,1,0,0.0,-0.019859859255841144
2590,frozen,43,2,3,0,1,1.0,1.0,0,nan,nan,nan,0.0,-0.019859859255841144
2591,frozen,43,0,4,1,0,-1.0,-1.0,1,1,0,0,0.0,-0.019859859255841144
2592,frozen,43,6,5,1,1,1.0,1.0,0,nan,nan,nan,0.0,-0.019859859255841144
2593,frozen,43,8,6,1,0,-1.0,-1.0,1,1,0,0,0.0,-0.019859859255841144
2594,frozen,43,4,3,0,1,1.0,1.0,0,nan,nan,nan,0.0,-0.019859859255841144
2595,frozen,43,3,2,0,1,1.0,1.0,0,nan,nan,nan,0.0,-0.019859859255841144
2596,frozen,43,1,3,1,0,-1.0,-1.0,1,2,0,0,0.0,-0.019859859255841144
2597,frozen,43,7,3,0,0,-1.0,-1.0,1,0,1,0,0.0,-0.019859859255841144
2598,frozen,43,3,3,0,1,1.0,1.0,0,nan,nan,nan,0.0,-0.019859859255841144
2599,frozen,43,1,4,1,0,-1.0,-1.0,1,1,0,0,0.0,-0.019859859255841144
2600,frozen,43,3,3,0,1,1.0,1.0,0,nan,nan,nan,0.0,-0.019859859255841144
2601,frozen,43,5,2,0,0,-1.0,-1.0,1,1,0,0,0.0,-0.019859859255841144
2602,frozen,43,0,3,0,0,-1.0,-1.0,1,0,1,0,0.0,-0.019859859255841144
2603,frozen,43,6,5,1,1,1.0,1.0,0,nan,nan,nan,0.0,-0.019859859255841144
2604,frozen,43,4,4,0,1,1.0,1.0,0,nan,nan,nan,0.0,-0.019859859255841144
2605,frozen,43,1,5,1,0,-1.0,-1.0,1,2,0,0,0.0,-0.019859859255841144
2606,frozen,43,0,3,0,0,-1.0,-1.0,1,0,1,0,0.0,-0.019859859255841144
2607,frozen,43,7,5,1,0,-1.0,-1.0,1,0,1,0,0.0,-0.019859859255841144
2608,frozen,43,1,5,1,0,-1.0,-1.0,1,0,1,0,0.0,-0.019859859255841144
2609,frozen,43,3,5,1,0,-1.0,-1.0,1,0,1,0,0.0,-0.019859859255841144
2610,frozen,43,3,5,1,0,-1.0,-1.0,1,0,1,0,0.0,-0.019859859255841144
2611,frozen,43,4,3,0,1,1.0,1.0,0,nan,nan,nan,0.0,-0.019859859255841144
2612,frozen,43,2,4,1,0,-1.0,-1.0,1,1,0,0,0.0,-0.019859859255841144
2613,frozen,43,6,3,0,0,-1.0,-1.0,1,0,1,0,0.0,-0.019859859255841144
2614,frozen,43,7,3,0,0,-1.0,-1.0,1,0,1,0,0.0,-0.019859859255841144
2615,frozen,43,8,3,0,0,-1.0,-1.0,1,0,1,0,0.0,-0.019859859255841144
2616,frozen,43,2,3,0,1,1.0,1.0,0,nan,nan,nan,0.0,-0.019859859255841144
2617,frozen,43,1,2,0,1,1.0,1.0,0,nan,nan,nan,0.0,-0.019859859255841144
2618,frozen,43,8,1,0,0,-1.0,-1.0,1,2,0,0,0.0,-0.019859859255841144
2619,frozen,43,4,5,1,1,1.0,1.0,0,nan,nan,nan,0.0,-0.019859859255841144
2620,frozen,43,7,6,1,1,1.0,1.0,0,nan,nan,nan,0.0,-0.019859859255841144
2621,frozen,43,6,7,1,1,1.0,1.0,0,nan,nan,nan,0.0,-0.019859859255841144
2622,frozen,43,3,6,0,0,-1.0,-1.0,1,3,0,1,0.0,-0.019859859255841144
2623,frozen,43,8,3,0,0,-1.0,-1.0,1,0,1,0,0.0,-0.019859859255841144
2624,frozen,43,8,3,0,0,-1.0,-1.0,1,0,1,0,0.0,-0.019859859255841144
2625,frozen,43,5,3,0,0,-1.0,-1.0,1,0,1,0,0.0,-0.019859859255841144
2626,frozen,43,6,3,0,0,-1.0,-1.0,1,0,1,0,0.0,-0.019859859255841144
2627,frozen,43,0,3,0,0,-1.0,-1.0,1,0,1,0,0.0,-0.019859859255841144
2628,frozen,43,0,3,0,0,-1.0,-1.0,1,0,1,0,0.0,-0.019859859255841144
2629,frozen,43,1,5,1,0,-1.0,-1.0,1,0,1,0,0.0,-0.019859859255841144
2630,frozen,43,7,5,1,0,-1.0,-1.0,1,0,1,0,0.0,-0.019859859255841144
2631,frozen,43,6,3,0,0,-1.0,-1.0,1,0,1,0,0.0,-0.019859859255841144
2632,frozen,43,7,3,0,0,-1.0,-1.0,1,0,1,0,0.0,-0.019859859255841144
2633,frozen,43,3,3,0,1,1.0,1.0,0,nan,nan,nan,0.0,-0.019859859255841144
2634,frozen,43,7,2,0,0,-1.0,-1.0,1,1,0,0,0.0,-0.019859859255841144
2635,frozen,43,2,5,1,0,-1.0,-1.0,1,0,1,0,0.0,-0.019859859255841144
2636,frozen,43,8,3,0,0,-1.0,-1.0,1,0,1,0,0.0,-0.019859859255841144
2637,frozen,43,7,5,1,0,-1.0,-1.0,1,0,1,0,0.0,-0.019859859255841144
2638,frozen,43,2,3,0,1,1.0,1.0,0,nan,nan,nan,0.0,-0.019859859255841144
2639,frozen,43,0,2,0,0,-1.0,-1.0,1,1,0,0,0.0,-0.019859859255841144
2640,frozen,43,1,3,0,0,-1.0,-1.0,1,0,1,0,0.0,-0.019859859255841144
2641,frozen,43,7,5,1,0,-1.0,-1.0,1,0,1,0,0.0,-0.019859859255841144
2642,frozen,43,2,5,1,0,-1.0,-1.0,1,0,1,0,0.0,-0.019859859255841144
2643,frozen,43,3,5,1,0,-1.0,-1.0,1,0,1,0,0.0,-0.019859859255841144
2644,frozen,43,4,3,0,1,1.0,1.0,0,nan,nan,nan,0.0,-0.019859859255841144
2645,frozen,43,7,2,0,0,-1.0,-1.0,1,1,0,0,0.0,-0.019859859255841144
2646,frozen,43,7,3,0,0,-1.0,-1.0,1,0,1,0,0.0,-0.019859859255841144
2647,frozen,43,5,3,0,0,-1.0,-1.0,1,0,1,0,0.0,-0.019859859255841144
2648,frozen,43,0,3,0,0,-1.0,-1.0,1,0,1,0,0.0,-0.019859859255841144
2649,frozen,43,2,5,1,0,-1.0,-1.0,1,0,1,0,0.0,-0.019859859255841144
2650,frozen,43,8,3,0,0,-1.0,-1.0,1,0,1,0,0.0,-0.019859859255841144
2651,frozen,43,7,3,0,0,-1.0,-1.0,1,0,1,0,0.0,-0.019859859255841144
2652,frozen,43,1,5,1,0,-1.0,-1.0,1,0,1,0,0.0,-0.019859859255841144
2653,frozen,43,8,3,0,0,-1.0,-1.0,1,0,1,0,0.0,-0.019859859255841144
2654,frozen,43,6,3,0,0,-1.0,-1.0,1,0,1,0,0.0,-0.019859859255841144
2655,frozen,43,6,3,0,0,-1.0,-1.0,1,0,1,0,0.0,-0.019859859255841144
2656,frozen,43,8,3,0,0,-1.0,-1.0,1,0,1,0,0.0,-0.019859859255841144
2657,frozen,43,1,5,1,0,-1.0,-1.0,1,0,1,0,0.0,-0.019859859255841144
2658,frozen,43,8,3,0,0,-1.0,-1.0,1,0,1,0,0.0,-0.019859859255841144
2659,frozen,43,4,5,1,1,1.0,1.0,0,nan,nan,nan,0.0,-0.019859859255841144
2660,frozen,43,8,6,1,0,-1.0,-1.0,1,1,0,0,0.0,-0.019859859255841144
2661,frozen,43,3,3,0,1,1.0,1.0,0,nan,nan,nan,0.0,-0.019859859255841144
2662,frozen,43,4,2,0,0,-1.0,-1.0,1,1,0,0,0.0,-0.019859859255841144
2663,frozen,43,0,3,0,0,-1.0,-1.0,1,0,1,0,0.0,-0.019859859255841144
2664,frozen,43,4,3,0,1,1.0,1.0,0,nan,nan,nan,0.0,-0.019859859255841144
2665,frozen,43,8,4,1,0,-1.0,-1.0,1,1,0,0,0.0,-0.019859859255841144
2666,frozen,43,8,3,0,0,-1.0,-1.0,1,0,1,0,0.0,-0.019859859255841144
2667,frozen,43,3,3,0,1,1.0,1.0,0,nan,nan,nan,0.0,-0.019859859255841144
2668,frozen,43,7,2,0,0,-1.0,-1.0,1,1,0,0,0.0,-0.019859859255841144
2669,frozen,43,2,5,1,0,-1.0,-1.0,1,0,1,0,0.0,-0.019859859255841144
2670,frozen,43,2,5,1,0,-1.0,-1.0,1,0,1,0,0.0,-0.019859859255841144
2671,frozen,43,4,5,1,1,1.0,1.0,0,nan,nan,nan,0.0,-0.019859859255841144
2672,frozen,43,3,4,0,1,1.0,1.0,0,nan,nan,nan,0.0,-0.019859859255841144
2673,frozen,43,2,3,0,1,1.0,1.0,0,nan,nan,nan,0.0,-0.019859859255841144
2674,frozen,43,7,2,0,0,-1.0,-1.0,1,3,0,1,0.0,-0.019859859255841144
2675,frozen,43,7,5,1,0,-1.0,-1.0,1,0,1,0,0.0,-0.019859859255841144
2676,frozen,43,6,5,1,1,1.0,1.0,0,nan,nan,nan,0.0,-0.019859859255841144
2677,frozen,43,3,6,1,0,-1.0,-1.0,1,1,0,0,0.0,-0.019859859255841144
2678,frozen,43,0,3,0,0,-1.0,-1.0,1,0,1,0,0.0,-0.019859859255841144
2679,frozen,43,5,3,0,0,-1.0,-1.0,1,0,1,0,0.0,-0.019859859255841144
2680,frozen,43,7,5,1,0,-1.0,-1.0,1,0,1,0,0.0,-0.019859859255841144
2681,frozen,43,3,5,1,0,-1.0,-1.0,1,0,1,0,0.0,-0.019859859255841144
2682,frozen,43,4,3,0,1,1.0,1.0,0,nan,nan,nan,0.0,-0.019859859255841144
2683,frozen,43,4,2,0,0,-1.0,-1.0,1,1,0,0,0.0,-0.019859859255841144
2684,frozen,43,1,5,1,0,-1.0,-1.0,1,0,1,0,0.0,-0.019859859255841144
2685,frozen,43,5,3,0,0,-1.0,-1.0,1,0,1,0,0.0,-0.019859859255841144
2686,frozen,43,2,5,1,0,-1.0,-1.0,1,0,1,0,0.0,-0.019859859255841144
2687,frozen,43,0,3,0,0,-1.0,-1.0,1,0,1,0,0.0,-0.019859859255841144
2688,frozen,43,2,5,1,0,-1.0,-1.0,1,0,1,0,0.0,-0.019859859255841144
2689,frozen,43,8,3,0,0,-1.0,-1.0,1,0,1,0,0.0,-0.019859859255841144
2690,frozen,43,5,3,0,0,-1.0,-1.0,1,0,1,0,0.0,-0.019859859255841144
2691,frozen,43,0,3,0,0,-1.0,-1.0,1,0,1,0,0.0,-0.019859859255841144
2692,frozen,43,8,3,0,0,-1.0,-1.0,1,0,1,0,0.0,-0.019859859255841144
2693,frozen,43,8,3,0,0,-1.0,-1.0,1,0,1,0,0.0,-0.019859859255841144
2694,frozen,43,3,5,1,0,-1.0,-1.0,1,0,1,0,0.0,-0.019859859255841144
2695,frozen,43,2,3,0,1,1.0,1.0,0,nan,nan,nan,0.0,-0.019859859255841144
2696,frozen,43,2,4,1,0,-1.0,-1.0,1,1,0,0,0.0,-0.019859859255841144
2697,frozen,43,8,3,0,0,-1.0,-1.0,1,0,1,0,0.0,-0.019859859255841144
2698,frozen,43,0,3,0,0,-1.0,-1.0,1,0,1,0,0.0,-0.019859859255841144
2699,frozen,43,5,3,0,0,-1.0,-1.0,1,0,1,0,0.0,-0.019859859255841144
2700,frozen,43,6,5,1,1,1.0,1.0,0,nan,nan,nan,0.0,-0.019859859255841144
2701,frozen,43,5,4,0,1,1.0,1.0,0,nan,nan,nan,0.0,-0.019859859255841144
2702,frozen,43,4,3,0,1,1.0,1.0,0,nan,nan,nan,0.0,-0.019859859255841144
2703,frozen,43,0,2,0,0,-1.0,-1.0,1,3,0,1,0.0,-0.019859859255841144
2704,frozen,43,1,3,0,0,-1.0,-1.0,1,0,1,0,0.0,-0.019859859255841144
2705,frozen,43,8,3,0,0,-1.0,-1.0,1,0,1,0,0.0,-0.019859859255841144
2706,frozen,43,0,3,0,0,-1.0,-1.0,1,0,1,0,0.0,-0.019859859255841144
2707,frozen,43,6,3,0,0,-1.0,-1.0,1,0,1,0,0.0,-0.019859859255841144
2708,frozen,43,1,5,1,0,-1.0,-1.0,1,0,1,0,0.0,-0.019859859255841144
2709,frozen,43,3,3,0,1,1.0,1.0,0,nan,nan,nan,0.0,-0.019859859255841144
2710,frozen,43,6,4,1,0,-1.0,-1.0,1,1,0,0,0.0,-0.019859859255841144
2711,frozen,43,1,5,1,0,-1.0,-1.0,1,0,1,0,0.0,-0.019859859255841144
2712,frozen,43,6,5,1,1,1.0,1.0,0,nan,nan,nan,0.0,-0.019859859255841144
2713,frozen,43,4,6,1,0,-1.0,-1.0,1,1,0,0,0.0,-0.019859859255841144
2714,frozen,43,5,3,0,0,-1.0,-1.0,1,0,1,0,0.0,-0.019859859255841144
2715,frozen,43,5,3,0,0,-1.0,-1.0,1,0,1,0,0.0,-0.019859859255841144
2716,frozen,43,2,5,1,0,-1.0,-1.0,1,0,1,0,0.0,-0.019859859255841144
2717,frozen,43,0,3,0,0,-1.0,-1.0,1,0,1,0,0.0,-0.019859859255841144
2718,frozen,43,4,5,1,1,1.0,1.0,0,nan,nan,nan,0.0,-0.019859859255841144
2719,frozen,43,2,6,1,0,-1.0,-1.0,1,1,0,0,0.0,-0.019859859255841144
2720,frozen,43,5,3,0,0,-1.0,-1.0,1,0,1,0,0.0,-0.019859859255841144
2721,frozen,43,2,5,1,0,-1.0,-1.0,1,0,1,0,0.0,-0.019859859255841144
2722,frozen,43,5,3,0,0,-1.0,-1.0,1,0,1,0,0.0,-0.019859859255841144
2723,frozen,43,8,3,0,0,-1.0,-1.0,1,0,1,0,0.0,-0.019859859255841144
2724,frozen,43,3,3,0,1,1.0,1.0,0,nan,nan,nan,0.0,-0.019859859255841144
2725,frozen,43,3,2,0,1,1.0,1.0,0,nan,nan,nan,0.0,-0.019859859255841144
2726,frozen,43,0,3,1,0,-1.0,-1.0,1,2,0,0,0.0,-0.019859859255841144
2727,frozen,43,3,5,1,0,-1.0,-1.0,1,0,1,0,0.0,-0.019859859255841144
2728,frozen,43,4,3,0,1,1.0,1.0,0,nan,nan,nan,0.0,-0.019859859255841144
2729,frozen,43,1,2,0,1,1.0,1.0,0,nan,nan,nan,0.0,-0.019859859255841144
2730,frozen,43,2,3,1,1,1.0,1.0,0,nan,nan,nan,0.0,-0.019859859255841144
2731,frozen,43,8,2,0,0,-1.0,-1.0,1,3,0,1,0.0,-0.019859859255841144
2732,frozen,43,8,3,0,0,-1.0,-1.0,1,0,1,0,0.0,-0.019859859255841144
2733,frozen,43,8,3,0,0,-1.0,-1.0,1,0,1,0,0.0,-0.019859859255841144
2734,frozen,43,7,3,0,0,-1.0,-1.0,1,0,1,0,0.0,-0.019859859255841144
2735,frozen,43,5,3,0,0,-1.0,-1.0,1,0,1,0,0.0,-0.019859859255841144
2736,frozen,43,1,5,1,0,-1.0,-1.0,1,0,1,0,0.0,-0.019859859255841144
2737,frozen,43,0,3,0,0,-1.0,-1.0,1,0,1,0,0.0,-0.019859859255841144
2738,frozen,43,8,5,1,0,-1.0,-1.0,1,0,1,0,0.0,-0.019859859255841144
2739,frozen,43,6,3,0,0,-1.0,-1.0,1,0,1,0,0.0,-0.019859859255841144
2740,frozen,43,1,3,0,0,-1.0,-1.0,1,0,1,0,0.0,-0.019859859255841144
2741,frozen,43,7,5,1,0,-1.0,-1.0,1,0,1,0,0.0,-0.019859859255841144
2742,frozen,43,5,5,1,1,1.0,1.0,0,nan,nan,nan,0.0,-0.019859859255841144
2743,frozen,43,5,4,0,1,1.0,1.0,0,nan,nan,nan,0.0,-0.019859859255841144
2744,frozen,43,5,5,1,1,1.0,1.0,0,nan,nan,nan,0.0,-0.019859859255841144
2745,frozen,43,6,4,0,0,-1.0,-1.0,1,3,0,1,0.0,-0.019859859255841144
2746,frozen,43,3,5,1,0,-1.0,-1.0,1,0,1,0,0.0,-0.019859859255841144
2747,frozen,43,0,3,0,0,-1.0,-1.0,1,0,1,0,0.0,-0.019859859255841144
2748,frozen,43,0,3,0,0,-1.0,-1.0,1,0,1,0,0.0,-0.019859859255841144
2749,frozen,43,1,3,0,0,-1.0,-1.0,1,0,1,0,0.0,-0.019859859255841144
2750,frozen,43,3,5,1,0,-1.0,-1.0,1,0,1,0,0.0,-0.019859859255841144
2751,frozen,43,2,3,0,1,1.0,1.0,0,nan,nan,nan,0.0,-0.019859859255841144
2752,frozen,43,1,4,1,0,-1.0,-1.0,1,1,0,0,0.0,-0.019859859255841144
2753,frozen,43,0,3,0,0,-1.0,-1.0,1,0,1,0,0.0,-0.019859859255841144
2754,frozen,43,0,3,0,0,-1.0,-1.0,1,0,1,0,0.0,-0.019859859255841144
2755,frozen,43,1,5,1,0,-1.0,-1.0,1,0,1,0,0.0,-0.019859859255841144
2756,frozen,43,1,5,1,0,-1.0,-1.0,1,0,1,0,0.0,-0.019859859255841144
2757,frozen,43,4,3,0,1,1.0,1.0,0,nan,nan,nan,0.0,-0.019859859255841144
2758,frozen,43,1,4,1,0,-1.0,-1.0,1,1,0,0,0.0,-0.019859859255841144
2759,frozen,43,7,5,1,0,-1.0,-1.0,1,0,1,0,0.0,-0.019859859255841144
2760,frozen,43,1,5,1,0,-1.0,-1.0,1,0,1,0,0.0,-0.019859859255841144
2761,frozen,43,4,5,1,1,1.0,1.0,0,nan,nan,nan,0.0,-0.019859859255841144
2762,frozen,43,7,6,1,1,1.0,1.0,0,nan,nan,nan,0.0,-0.019859859255841144
2763,frozen,43,1,7,1,0,-1.0,-1.0,1,2,0,0,0.0,-0.019859859255841144
2764,frozen,43,1,3,0,0,-1.0,-1.0,1,0,1,0,0.0,-0.019859859255841144
2765,frozen,43,0,3,0,0,-1.0,-1.0,1,0,1,0,0.0,-0.019859859255841144
2766,frozen,43,2,3,0,1,1.0,1.0,0,nan,nan,nan,0.0,-0.019859859255841144
2767,frozen,43,6,2,0,0,-1.0,-1.0,1,1,0,0,0.0,-0.019859859255841144
2768,frozen,43,8,3,0,0,-1.0,-1.0,1,0,1,0,0.0,-0.019859859255841144
2769,frozen,43,2,5,1,0,-1.0,-1.0,1,0,1,0,0.0,-0.019859859255841144
2770,frozen,43,7,5,1,0,-1.0,-1.0,1,0,1,0,0.0,-0.019859859255841144
2771,frozen,43,7,5,1,0,-1.0,-1.0,1,0,1,0,0.0,-0.019859859255841144
2772,frozen,43,1,5,1,0,-1.0,-1.0,1,0,1,0,0.0,-0.019859859255841144
2773,frozen,43,2,5,1,0,-1.0,-1.0,1,0,1,0,0.0,-0.019859859255841144
2774,frozen,43,3,5,1,0,-1.0,-1.0,1,0,1,0,0.0,-0.019859859255841144
2775,frozen,43,6,3,0,0,-1.0,-1.0,1,0,1,0,0.0,-0.019859859255841144
2776,frozen,43,4,5,1,1,1.0,1.0,0,nan,nan,nan,0.0,-0.019859859255841144
2777,frozen,43,5,6,1,1,1.0,1.0,0,nan,nan,nan,0.0,-0.019859859255841144
2778,frozen,43,5,5,0,1,1.0,1.0,0,nan,nan,nan,0.0,-0.019859859255841144
2779,frozen,43,1,4,0,0,-1.0,-1.0,1,3,0,1,0.0,-0.019859859255841144
2780,frozen,43,7,3,0,0,-1.0,-1.0,1,0,1,0,0.0,-0.019859859255841144
2781,frozen,43,7,3,0,0,-1.0,-1.0,1,0,1,0,0.0,-0.019859859255841144
2782,frozen,43,3,5,1,0,-1.0,-1.0,1,0,1,0,0.0,-0.019859859255841144
2783,frozen,43,6,3,0,0,-1.0,-1.0,1,0,1,0,0.0,-0.019859859255841144
2784,frozen,43,5,3,0,0,-1.0,-1.0,1,0,1,0,0.0,-0.019859859255841144
2785,frozen,43,5,3,0,0,-1.0,-1.0,1,0,1,0,0.0,-0.019859859255841144
2786,frozen,43,7,5,1,0,-1.0,-1.0,1,0,1,0,0.0,-0.019859859255841144
2787,frozen,43,4,3,0,1,1.0,1.0,0,nan,nan,nan,0.0,-0.019859859255841144
2788,frozen,43,3,4,1,1,1.0,1.0,0,nan,nan,nan,0.0,-0.019859859255841144
2789,frozen,43,2,5,1,0,-1.0,-1.0,1,2,0,0,0.0,-0.019859859255841144
2790,frozen,43,3,5,1,0,-1.0,-1.0,1,0,1,0,0.0,-0.019859859255841144
2791,frozen,43,1,3,0,0,-1.0,-1.0,1,0,1,0,0.0,-0.019859859255841144
2792,frozen,43,1,5,1,0,-1.0,-1.0,1,0,1,0,0.0,-0.019859859255841144
2793,frozen,43,5,3,0,0,-1.0,-1.0,1,0,1,0,0.0,-0.019859859255841144
2794,frozen,43,1,3,0,0,-1.0,-1.0,1,0,1,0,0.0,-0.019859859255841144
2795,frozen,43,4,3,0,1,1.0,1.0,0,nan,nan,nan,0.0,-0.019859859255841144
2796,frozen,43,2,4,1,0,-1.0,-1.0,1,1,0,0,0.0,-0.019859859255841144
2797,frozen,43,7,3,0,0,-1.0,-1.0,1,0,1,0,0.0,-0.019859859255841144
2798,frozen,43,5,3,0,0,-1.0,-1.0,1,0,1,0,0.0,-0.019859859255841144
2799,frozen,43,1,3,0,0,-1.0,-1.0,1,0,1,0,0.0,-0.019859859255841144
2800,frozen,43,2,3,0,1,1.0,1.0,0,nan,nan,nan,0.0,-0.019859859255841144
2801,frozen,43,2,4,1,0,-1.0,-1.0,1,1,0,0,0.0,-0.019859859255841144
2802,frozen,43,6,5,1,1,1.0,1.0,0,nan,nan,nan,0.0,-0.019859859255841144
2803,frozen,43,0,6,1,0,-1.0,-1.0,1,1,0,0,0.0,-0.019859859255841144
2804,frozen,43,1,3,0,0,-1.0,-1.0,1,0,1,0,0.0,-0.019859859255841144
2805,frozen,43,7,3,0,0,-1.0,-1.0,1,0,1,0,0.0,-0.019859859255841144
2806,frozen,43,7,5,1,0,-1.0,-1.0,1,0,1,0,0.0,-0.019859859255841144
2807,frozen,43,8,3,0,0,-1.0,-1.0,1,0,1,0,0.0,-0.019859859255841144
2808,frozen,43,6,5,1,1,1.0,1.0,0,nan,nan,nan,0.0,-0.019859859255841144
2809,frozen,43,3,6,1,0,-1.0,-1.0,1,1,0,0,0.0,-0.019859859255841144
2810,frozen,43,7,3,0,0,-1.0,-1.0,1,0,1,0,0.0,-0.019859859255841144
2811,frozen,43,6,3,0,0,-1.0,-1.0,1,0,1,0,0.0,-0.019859859255841144
2812,frozen,43,6,5,1,1,1.0,1.0,0,nan,nan,nan,0.0,-0.019859859255841144
2813,frozen,43,6,4,0,0,-1.0,-1.0,1,1,0,0,0.0,-0.019859859255841144
2814,frozen,43,8,3,0,0,-1.0,-1.0,1,0,1,0,0.0,-0.019859859255841144
2815,frozen,43,1,5,1,0,-1.0,-1.0,1,0,1,0,0.0,-0.019859859255841144
2816,frozen,43,7,5,1,0,-1.0,-1.0,1,0,1,0,0.0,-0.019859859255841144
2817,frozen,43,0,3,0,0,-1.0,-1.0,1,0,1,0,0.0,-0.019859859255841144
2818,frozen,43,2,3,0,1,1.0,1.0,0,nan,nan,nan,0.0,-0.019859859255841144
2819,frozen,43,6,2,0,0,-1.0,-1.0,1,1,0,0,0.0,-0.019859859255841144
2820,frozen,43,3,5,1,0,-1.0,-1.0,1,0,1,0,0.0,-0.019859859255841144
2821,frozen,43,2,5,1,0,-1.0,-1.0,1,0,1,0,0.0,-0.019859859255841144
2822,frozen,43,6,5,1,1,1.0,1.0,0,nan,nan,nan,0.0,-0.019859859255841144
2823,frozen,43,3,6,1,0,-1.0,-1.0,1,1,0,0,0.0,-0.019859859255841144
2824,frozen,43,4,3,0,1,1.0,1.0,0,nan,nan,nan,0.0,-0.019859859255841144
2825,frozen,43,6,2,0,0,-1.0,-1.0,1,1,0,0,0.0,-0.019859859255841144
2826,frozen,43,8,3,0,0,-1.0,-1.0,1,0,1,0,0.0,-0.019859859255841144
2827,frozen,43,5,3,0,0,-1.0,-1.0,1,0,1,0,0.0,-0.019859859255841144
2828,frozen,43,3,3,0,1,1.0,1.0,0,nan,nan,nan,0.0,-0.019859859255841144
2829,frozen,43,4,2,0,0,-1.0,-1.0,1,1,0,0,0.0,-0.019859859255841144
2830,frozen,43,2,5,1,0,-1.0,-1.0,1,0,1,0,0.0,-0.019859859255841144
2831,frozen,43,3,5,1,0,-1.0,-1.0,1,0,1,0,0.0,-0.019859859255841144
2832,frozen,43,6,3,0,0,-1.0,-1.0,1,0,1,0,0.0,-0.019859859255841144
2833,frozen,43,7,3,0,0,-1.0,-1.0,1,0,1,0,0.0,-0.019859859255841144
2834,frozen,43,7,5,1,0,-1.0,-1.0,1,0,1,0,0.0,-0.019859859255841144
2835,frozen,43,1,5,1,0,-1.0,-1.0,1,0,1,0,0.0,-0.019859859255841144
2836,frozen,43,0,3,0,0,-1.0,-1.0,1,0,1,0,0.0,-0.019859859255841144
2837,frozen,43,7,3,0,0,-1.0,-1.0,1,0,1,0,0.0,-0.019859859255841144
2838,frozen,43,1,3,0,0,-1.0,-1.0,1,0,1,0,0.0,-0.019859859255841144
2839,frozen,43,1,3,0,0,-1.0,-1.0,1,0,1,0,0.0,-0.019859859255841144
2840,frozen,43,1,3,0,0,-1.0,-1.0,1,0,1,0,0.0,-0.019859859255841144
2841,frozen,43,5,5,1,1,1.0,1.0,0,nan,nan,nan,0.0,-0.019859859255841144
2842,frozen,43,2,4,0,0,-1.0,-1.0,1,1,0,0,0.0,-0.019859859255841144
2843,frozen,43,2,5,1,0,-1.0,-1.0,1,0,1,0,0.0,-0.019859859255841144
2844,frozen,43,6,5,1,1,1.0,1.0,0,nan,nan,nan,0.0,-0.019859859255841144
2845,frozen,43,8,4,0,0,-1.0,-1.0,1,1,0,0,0.0,-0.019859859255841144
2846,frozen,43,6,5,1,1,1.0,1.0,0,nan,nan,nan,0.0,-0.019859859255841144
2847,frozen,43,7,6,1,1,1.0,1.0,0,nan,nan,nan,0.0,-0.019859859255841144
2848,frozen,43,2,5,0,0,-1.0,-1.0,1,2,0,0,0.0,-0.019859859255841144
2849,frozen,43,7,3,0,0,-1.0,-1.0,1,0,1,0,0.0,-0.019859859255841144
2850,frozen,43,6,3,0,0,-1.0,-1.0,1,0,1,0,0.0,-0.019859859255841144
2851,frozen,43,1,3,0,0,-1.0,-1.0,1,0,1,0,0.0,-0.019859859255841144
2852,frozen,43,8,3,0,0,-1.0,-1.0,1,0,1,0,0.0,-0.019859859255841144
2853,frozen,43,0,3,0,0,-1.0,-1.0,1,0,1,0,0.0,-0.019859859255841144
2854,frozen,43,2,3,0,1,1.0,1.0,0,nan,nan,nan,0.0,-0.019859859255841144
2855,frozen,43,6,4,1,0,-1.0,-1.0,1,1,0,0,0.0,-0.019859859255841144
2856,frozen,43,7,3,0,0,-1.0,-1.0,1,0,1,0,0.0,-0.019859859255841144
2857,frozen,43,7,3,0,0,-1.0,-1.0,1,0,1,0,0.0,-0.019859859255841144
2858,frozen,43,1,3,0,0,-1.0,-1.0,1,0,1,0,0.0,-0.019859859255841144
2859,frozen,43,0,3,0,0,-1.0,-1.0,1,0,1,0,0.0,-0.019859859255841144
2860,frozen,43,7,3,0,0,-1.0,-1.0,1,0,1,0,0.0,-0.019859859255841144
2861,frozen,43,5,3,0,0,-1.0,-1.0,1,0,1,0,0.0,-0.019859859255841144
2862,frozen,43,7,5,1,0,-1.0,-1.0,1,0,1,0,0.0,-0.019859859255841144
2863,frozen,43,1,3,0,0,-1.0,-1.0,1,0,1,0,0.0,-0.019859859255841144
2864,frozen,43,7,5,1,0,-1.0,-1.0,1,0,1,0,0.0,-0.019859859255841144
2865,frozen,43,6,5,1,1,1.0,1.0,0,nan,nan,nan,0.0,-0.019859859255841144
2866,frozen,43,3,6,1,0,-1.0,-1.0,1,1,0,0,0.0,-0.019859859255841144
2867,frozen,43,5,3,0,0,-1.0,-1.0,1,0,1,0,0.0,-0.019859859255841144
2868,frozen,43,0,3,0,0,-1.0,-1.0,1,0,1,0,0.0,-0.019859859255841144
2869,frozen,43,2,5,1,0,-1.0,-1.0,1,0,1,0,0.0,-0.019859859255841144
2870,frozen,43,4,3,0,1,1.0,1.0,0,nan,nan,nan,0.0,-0.019859859255841144
2871,frozen,43,6,2,0,0,-1.0,-1.0,1,1,0,0,0.0,-0.019859859255841144
2872,frozen,43,7,3,0,0,-1.0,-1.0,1,0,1,0,0.0,-0.019859859255841144
2873,frozen,43,5,3,0,0,-1.0,-1.0,1,0,1,0,0.0,-0.019859859255841144
2874,frozen,43,3,3,0,1,1.0,1.0,0,nan,nan,nan,0.0,-0.019859859255841144
2875,frozen,43,4,2,0,0,-1.0,-1.0,1,1,0,0,0.0,-0.019859859255841144
2876,frozen,43,0,3,0,0,-1.0,-1.0,1,0,1,0,0.0,-0.019859859255841144
2877,frozen,43,6,3,0,0,-1.0,-1.0,1,0,1,0,0.0,-0.019859859255841144
2878,frozen,43,1,5,1,0,-1.0,-1.0,1,0,1,0,0.0,-0.019859859255841144
2879,frozen,43,8,3,0,0,-1.0,-1.0,1,0,1,0,0.0,-0.019859859255841144
2880,frozen,43,7,5,1,0,-1.0,-1.0,1,0,1,0,0.0,-0.019859859255841144
2881,frozen,43,6,3,0,0,-1.0,-1.0,1,0,1,0,0.0,-0.019859859255841144
2882,frozen,43,6,5,1,1,1.0,1.0,0,nan,nan,nan,0.0,-0.019859859255841144
2883,frozen,43,7,6,1,1,1.0,1.0,0,nan,nan,nan,0.0,-0.019859859255841144
2884,frozen,43,3,5,0,0,-1.0,-1.0,1,2,0,0,0.0,-0.019859859255841144
2885,frozen,43,3,5,1,0,-1.0,-1.0,1,0,1,0,0.0,-0.019859859255841144
2886,frozen,43,2,3,0,1,1.0,1.0,0,nan,nan,nan,0.0,-0.019859859255841144
2887,frozen,43,6,2,0,0,-1.0,-1.0,1,1,0,0,0.0,-0.019859859255841144
2888,frozen,43,0,3,0,0,-1.0,-1.0,1,0,1,0,0.0,-0.019859859255841144
2889,frozen,43,8,3,0,0,-1.0,-1.0,1,0,1,0,0.0,-0.019859859255841144
2890,frozen,43,3,3,0,1,1.0,1.0,0,nan,nan,nan,0.0,-0.019859859255841144
2891,frozen,43,0,2,0,0,-1.0,-1.0,1,1,0,0,0.0,-0.019859859255841144
2892,frozen,43,2,3,0,1,1.0,1.0,0,nan,nan,nan,0.0,-0.019859859255841144
2893,frozen,43,7,2,0,0,-1.0,-1.0,1,1,0,0,0.0,-0.019859859255841144
2894,frozen,43,5,3,0,0,-1.0,-1.0,1,0,1,0,0.0,-0.019859859255841144
2895,frozen,43,0,3,0,0,-1.0,-1.0,1,0,1,0,0.0,-0.019859859255841144
2896,frozen,43,1,3,0,0,-1.0,-1.0,1,0,1,0,0.0,-0.019859859255841144
2897,frozen,43,1,5,1,0,-1.0,-1.0,1,0,1,0,0.0,-0.019859859255841144
2898,frozen,43,4,3,0,1,1.0,1.0,0,nan,nan,nan,0.0,-0.019859859255841144
2899,frozen,43,6,2,0,0,-1.0,-1.0,1,1,0,0,0.0,-0.019859859255841144
2900,frozen,43,3,3,0,1,1.0,1.0,0,nan,nan,nan,0.0,-0.019859859255841144
2901,frozen,43,3,4,1,1,1.0,1.0,0,nan,nan,nan,0.0,-0.019859859255841144
2902,frozen,43,4,3,0,1,1.0,1.0,0,nan,nan,nan,0.0,-0.019859859255841144
2903,frozen,43,4,2,0,0,-1.0,-1.0,1,3,0,1,0.0,-0.019859859255841144
2904,frozen,43,0,3,0,0,-1.0,-1.0,1,0,1,0,0.0,-0.019859859255841144
2905,frozen,43,8,3,0,0,-1.0,-1.0,1,0,1,0,0.0,-0.019859859255841144
2906,frozen,43,6,5,1,1,1.0,1.0,0,nan,nan,nan,0.0,-0.019859859255841144
2907,frozen,43,2,6,1,0,-1.0,-1.0,1,1,0,0,0.0,-0.019859859255841144
2908,frozen,43,5,3,0,0,-1.0,-1.0,1,0,1,0,0.0,-0.019859859255841144
2909,frozen,43,3,5,1,0,-1.0,-1.0,1,0,1,0,0.0,-0.019859859255841144
2910,frozen,43,1,5,1,0,-1.0,-1.0,1,0,1,0,0.0,-0.019859859255841144
2911,frozen,43,8,3,0,0,-1.0,-1.0,1,0,1,0,0.0,-0.019859859255841144
2912,frozen,43,3,3,0,1,1.0,1.0,0,nan,nan,nan,0.0,-0.019859859255841144
2913,frozen,43,0,4,1,0,-1.0,-1.0,1,1,0,0,0.0,-0.019859859255841144
2914,frozen,43,6,3,0,0,-1.0,-1.0,1,0,1,0,0.0,-0.019859859255841144
2915,frozen,43,3,3,0,1,1.0,1.0,0,nan,nan,nan,0.0,-0.019859859255841144
2916,frozen,43,5,2,0,0,-1.0,-1.0,1,1,0,0,0.0,-0.019859859255841144
2917,frozen,43,7,5,1,0,-1.0,-1.0,1,0,1,0,0.0,-0.019859859255841144
2918,frozen,43,8,3,0,0,-1.0,-1.0,1,0,1,0,0.0,-0.019859859255841144
2919,frozen,43,6,5,1,1,1.0,1.0,0,nan,nan,nan,0.0,-0.019859859255841144
2920,frozen,43,3,6,1,0,-1.0,-1.0,1,1,0,0,0.0,-0.019859859255841144
2921,frozen,43,5,3,0,0,-1.0,-1.0,1,0,1,0,0.0,-0.019859859255841144
2922,frozen,43,3,5,1,0,-1.0,-1.0,1,0,1,0,0.0,-0.019859859255841144
2923,frozen,43,0,3,0,0,-1.0,-1.0,1,0,1,0,0.0,-0.019859859255841144
2924,frozen,43,5,3,0,0,-1.0,-1.0,1,0,1,0,0.0,-0.019859859255841144
2925,frozen,43,2,5,1,0,-1.0,-1.0,1,0,1,0,0.0,-0.019859859255841144
2926,frozen,43,7,5,1,0,-1.0,-1.0,1,0,1,0,0.0,-0.019859859255841144
2927,frozen,43,8,3,0,0,-1.0,-1.0,1,0,1,0,0.0,-0.019859859255841144
2928,frozen,43,3,3,0,1,1.0,1.0,0,nan,nan,nan,0.0,-0.019859859255841144
2929,frozen,43,6,4,1,0,-1.0,-1.0,1,1,0,0,0.0,-0.019859859255841144
2930,frozen,43,3,5,1,0,-1.0,-1.0,1,0,1,0,0.0,-0.019859859255841144
2931,frozen,43,1,3,0,0,-1.0,-1.0,1,0,1,0,0.0,-0.019859859255841144
2932,frozen,43,4,5,1,1,1.0,1.0,0,nan,nan,nan,0.0,-0.019859859255841144
2933,frozen,43,3,4,0,1,1.0,1.0,0,nan,nan,nan,0.0,-0.019859859255841144
2934,frozen,43,8,3,0,0,-1.0,-1.0,1,2,0,0,0.0,-0.019859859255841144
2935,frozen,43,1,5,1,0,-1.0,-1.0,1,0,1,0,0.0,-0.019859859255841144
2936,frozen,43,0,3,0,0,-1.0,-1.0,1,0,1,0,0.0,-0.019859859255841144
2937,frozen,43,4,3,0,1,1.0,1.0,0,nan,nan,nan,0.0,-0.019859859255841144
2938,frozen,43,6,2,0,0,-1.0,-1.0,1,1,0,0,0.0,-0.019859859255841144
2939,frozen,43,6,3,0,0,-1.0,-1.0,1,0,1,0,0.0,-0.019859859255841144
2940,frozen,43,3,3,0,1,1.0,1.0,0,nan,nan,nan,0.0,-0.019859859255841144
2941,frozen,43,0,4,1,0,-1.0,-1.0,1,1,0,0,0.0,-0.019859859255841144
2942,frozen,43,0,3,0,0,-1.0,-1.0,1,0,1,0,0.0,-0.019859859255841144
2943,frozen,43,3,5,1,0,-1.0,-1.0,1,0,1,0,0.0,-0.019859859255841144
2944,frozen,43,0,3,0,0,-1.0,-1.0,1,0,1,0,0.0,-0.019859859255841144
2945,frozen,43,5,3,0,0,-1.0,-1.0,1,0,1,0,0.0,-0.019859859255841144
2946,frozen,43,2,5,1,0,-1.0,-1.0,1,0,1,0,0.0,-0.019859859255841144
2947,frozen,43,8,5,1,0,-1.0,-1.0,1,0,1,0,0.0,-0.019859859255841144
2948,frozen,43,8,3,0,0,-1.0,-1.0,1,0,1,0,0.0,-0.019859859255841144
2949,frozen,43,2,5,1,0,-1.0,-1.0,1,0,1,0,0.0,-0.019859859255841144
2950,frozen,43,8,3,0,0,-1.0,-1.0,1,0,1,0,0.0,-0.019859859255841144
2951,frozen,43,8,3,0,0,-1.0,-1.0,1,0,1,0,0.0,-0.019859859255841144
2952,frozen,43,4,5,1,1,1.0,1.0,0,nan,nan,nan,0.0,-0.019859859255841144
2953,frozen,43,3,6,1,0,-1.0,-1.0,1,1,0,0,0.0,-0.019859859255841144
2954,frozen,43,0,3,0,0,-1.0,-1.0,1,0,1,0,0.0,-0.019859859255841144
2955,frozen,43,2,5,1,0,-1.0,-1.0,1,0,1,0,0.0,-0.019859859255841144
2956,frozen,43,6,5,1,1,1.0,1.0,0,nan,nan,nan,0.0,-0.019859859255841144
2957,frozen,43,1,4,0,0,-1.0,-1.0,1,1,0,0,0.0,-0.019859859255841144
2958,frozen,43,3,5,1,0,-1.0,-1.0,1,0,1,0,0.0,-0.019859859255841144
2959,frozen,43,7,5,1,0,-1.0,-1.0,1,0,1,0,0.0,-0.019859859255841144
2960,frozen,43,5,3,0,0,-1.0,-1.0,1,0,1,0,0.0,-0.019859859255841144
2961,frozen,43,3,5,1,0,-1.0,-1.0,1,0,1,0,0.0,-0.019859859255841144
2962,frozen,43,7,3,0,0,-1.0,-1.0,1,0,1,0,0.0,-0.019859859255841144
2963,frozen,43,3,5,1,0,-1.0,-1.0,1,0,1,0,0.0,-0.019859859255841144
2964,frozen,43,0,5,1,0,-1.0,-1.0,1,0,1,0,0.0,-0.019859859255841144
2965,frozen,43,5,3,0,0,-1.0,-1.0,1,0,1,0,0.0,-0.019859859255841144
2966,frozen,43,0,3,0,0,-1.0,-1.0,1,0,1,0,0.0,-0.019859859255841144
2967,frozen,43,0,3,0,0,-1.0,-1.0,1,0,1,0,0.0,-0.019859859255841144
2968,frozen,43,3,3,0,1,1.0,1.0,0,nan,nan,nan,0.0,-0.019859859255841144
2969,frozen,43,4,2,0,0,-1.0,-1.0,1,1,0,0,0.0,-0.019859859255841144
2970,frozen,43,7,5,1,0,-1.0,-1.0,1,0,1,0,0.0,-0.019859859255841144
2971,frozen,43,7,5,1,0,-1.0,-1.0,1,0,1,0,0.0,-0.019859859255841144
2972,frozen,43,7,5,1,0,-1.0,-1.0,1,0,1,0,0.0,-0.019859859255841144
2973,frozen,43,0,3,0,0,-1.0,-1.0,1,0,1,0,0.0,-0.019859859255841144
2974,frozen,43,8,3,0,0,-1.0,-1.0,1,0,1,0,0.0,-0.019859859255841144
2975,frozen,43,5,3,0,0,-1.0,-1.0,1,0,1,0,0.0,-0.019859859255841144
2976,frozen,43,1,5,1,0,-1.0,-1.0,1,0,1,0,0.0,-0.019859859255841144
2977,frozen,43,0,3,0,0,-1.0,-1.0,1,0,1,0,0.0,-0.019859859255841144
2978,frozen,43,8,3,0,0,-1.0,-1.0,1,0,1,0,0.0,-0.019859859255841144
2979,frozen,43,0,3,0,0,-1.0,-1.0,1,0,1,0,0.0,-0.019859859255841144
2980,frozen,43,6,3,0,0,-1.0,-1.0,1,0,1,0,0.0,-0.019859859255841144
2981,frozen,43,0,3,0,0,-1.0,-1.0,1,0,1,0,0.0,-0.019859859255841144
2982,frozen,43,4,5,1,1,1.0,1.0,0,nan,nan,nan,0.0,-0.019859859255841144
2983,frozen,43,8,6,1,0,-1.0,-1.0,1,1,0,0,0.0,-0.019859859255841144
2984,frozen,43,8,3,0,0,-1.0,-1.0,1,0,1,0,0.0,-0.019859859255841144
2985,frozen,43,7,5,1,0,-1.0,-1.0,1,0,1,0,0.0,-0.019859859255841144
2986,frozen,43,6,5,1,1,1.0,1.0,0,nan,nan,nan,0.0,-0.019859859255841144
2987,frozen,43,0,6,1,0,-1.0,-1.0,1,1,0,0,0.0,-0.019859859255841144
2988,frozen,43,5,3,0,0,-1.0,-1.0,1,0,1,0,0.0,-0.019859859255841144
2989,frozen,43,0,3,0,0,-1.0,-1.0,1,0,1,0,0.0,-0.019859859255841144
2990,frozen,43,7,3,0,0,-1.0,-1.0,1,0,1,0,0.0,-0.019859859255841144
2991,frozen,43,5,3,0,0,-1.0,-1.0,1,0,1,0,0.0,-0.019859859255841144
2992,frozen,43,2,3,0,1,1.0,1.0,0,nan,nan,nan,0.0,-0.019859859255841144
2993,frozen,43,0,4,1,0,-1.0,-1.0,1,1,0,0,0.0,-0.019859859255841144
2994,frozen,43,6,5,1,1,1.0,1.0,0,nan,nan,nan,0.0,-0.019859859255841144
2995,frozen,43,8,4,0,0,-1.0,-1.0,1,1,0,0,0.0,-0.019859859255841144
2996,frozen,43,8,3,0,0,-1.0,-1.0,1,0,1,0,0.0,-0.019859859255841144
2997,frozen,43,4,3,0,1,1.0,1.0,0,nan,nan,nan,0.0,-0.019859859255841144
2998,frozen,43,5,2,0,0,-1.0,-1.0,1,1,0,0,0.0,-0.019859859255841144
2999,frozen,43,2,5,1,0,-1.0,-1.0,1,0,1,0,0.0,-0.019859859255841144
3000,frozen,43,2,3,0,1,1.0,1.0,0,nan,nan,nan,0.0,-0.019859859255841144
