trial,condition,seed,ball,paddle,action,hit,natural_reward,reward_used,rally_ended,completed_rally_length,ace,long_rally,mean_abs_weight_change,mean_weight
1,frozen,51,3,3,0,1,1.0,1.0,0,nan,nan,nan,0.0,-0.005004473950153852
2,frozen,51,8,4,1,0,-1.0,-1.0,1,1,0,0,0.0,-0.005004473950153852
3,frozen,51,8,5,1,0,-1.0,-1.0,1,0,1,0,0.0,-0.005004473950153852
4,frozen,51,2,3,0,1,1.0,1.0,0,nan,nan,nan,0.0,-0.005004473950153852
5,frozen,51,3,4,1,1,1.0,1.0,0,nan,nan,nan,0.0,-0.005004473950153852
6,frozen,51,2,3,0,1,1.0,1.0,0,nan,nan,nan,0.0,-0.005004473950153852
7,frozen,51,2,2,0,1,1.0,1.0,0,nan,nan,nan,0.0,-0.005004473950153852
8,frozen,51,2,3,1,1,1.0,1.0,0,nan,nan,nan,0.0,-0.005004473950153852
9,frozen,51,7,4,1,0,-1.0,-1.0,1,5,0,1,0.0,-0.005004473950153852
10,frozen,51,7,5,1,0,-1.0,-1.0,1,0,1,0,0.0,-0.005004473950153852
11,frozen,51,7,5,1,0,-1.0,-1.0,1,0,1,0,0.0,-0.005004473950153852
12,frozen,51,1,5,1,0,-1.0,-1.0,1,0,1,0,0.0,-0.005004473950153852
13,frozen,51,3,3,0,1,1.0,1.0,0,nan,nan,nan,0.0,-0.005004473950153852
14,frozen,51,7,2,0,0,-1.0,-1.0,1,1,0,0,0.0,-0.005004473950153852
15,frozen,51,3,3,0,1,1.0,1.0,0,nan,nan,nan,0.0,-0.005004473950153852
16,frozen,51,6,4,1,0,-1.0,-1.0,1,1,0,0,0.0,-0.005004473950153852
17,frozen,51,0,3,0,0,-1.0,-1.0,1,0,1,0,0.0,-0.005004473950153852
18,frozen,51,3,3,0,1,1.0,1.0,0,nan,nan,nan,0.0,-0.005004473950153852
19,frozen,51,1,2,0,1,1.0,1.0,0,nan,nan,nan,0.0,-0.005004473950153852
20,frozen,51,4,1,0,0,-1.0,-1.0,1,2,0,0,0.0,-0.005004473950153852
21,frozen,51,1,5,1,0,-1.0,-1.0,1,0,1,0,0.0,-0.005004473950153852
22,frozen,51,8,3,0,0,-1.0,-1.0,1,0,1,0,0.0,-0.005004473950153852
23,frozen,51,4,5,1,1,1.0,1.0,0,nan,nan,nan,0.0,-0.005004473950153852
24,frozen,51,7,6,1,1,1.0,1.0,0,nan,nan,nan,0.0,-0.005004473950153852
25,frozen,51,0,7,1,0,-1.0,-1.0,1,2,0,0,0.0,-0.005004473950153852
26,frozen,51,1,5,1,0,-1.0,-1.0,1,0,1,0,0.0,-0.005004473950153852
27,frozen,51,7,5,1,0,-1.0,-1.0,1,0,1,0,0.0,-0.005004473950153852
28,frozen,51,6,3,0,0,-1.0,-1.0,1,0,1,0,0.0,-0.005004473950153852
29,frozen,51,6,3,0,0,-1.0,-1.0,1,0,1,0,0.0,-0.005004473950153852
30,frozen,51,3,3,0,1,1.0,1.0,0,nan,nan,nan,0.0,-0.005004473950153852
31,frozen,51,3,4,1,1,1.0,1.0,0,nan,nan,nan,0.0,-0.005004473950153852
32,frozen,51,8,5,1,0,-1.0,-1.0,1,2,0,0,0.0,-0.005004473950153852
33,frozen,51,4,3,0,1,1.0,1.0,0,nan,nan,nan,0.0,-0.005004473950153852
34,frozen,51,1,4,1,0,-1.0,-1.0,1,1,0,0,0.0,-0.005004473950153852
35,frozen,51,0,3,0,0,-1.0,-1.0,1,0,1,0,0.0,-0.005004473950153852
36,frozen,51,3,3,0,1,1.0,1.0,0,nan,nan,nan,0.0,-0.005004473950153852
37,frozen,51,7,2,0,0,-1.0,-1.0,1,1,0,0,0.0,-0.005004473950153852
38,frozen,51,8,5,1,0,-1.0,-1.0,1,0,1,0,0.0,-0.005004473950153852
39,frozen,51,8,5,1,0,-1.0,-1.0,1,0,1,0,0.0,-0.005004473950153852
40,frozen,51,5,5,1,1,1.0,1.0,0,nan,nan,nan,0.0,-0.005004473950153852
41,frozen,51,4,4,0,1,1.0,1.0,0,nan,nan,nan,0.0,-0.005004473950153852
42,frozen,51,6,3,0,0,-1.0,-1.0,1,2,0,0,0.0,-0.005004473950153852
43,frozen,51,3,3,0,1,1.0,1.0,0,nan,nan,nan,0.0,-0.005004473950153852
44,frozen,51,5,2,0,0,-1.0,-1.0,1,1,0,0,0.0,-0.005004473950153852
45,frozen,51,4,5,1,1,1.0,1.0,0,nan,nan,nan,0.0,-0.005004473950153852
46,frozen,51,2,6,1,0,-1.0,-1.0,1,1,0,0,0.0,-0.005004473950153852
47,frozen,51,2,5,1,0,-1.0,-1.0,1,0,1,0,0.0,-0.005004473950153852
48,frozen,51,0,5,1,0,-1.0,-1.0,1,0,1,0,0.0,-0.005004473950153852
49,frozen,51,8,3,0,0,-1.0,-1.0,1,0,1,0,0.0,-0.005004473950153852
50,frozen,51,0,3,0,0,-1.0,-1.0,1,0,1,0,0.0,-0.005004473950153852
51,frozen,51,4,5,1,1,1.0,1.0,0,nan,nan,nan,0.0,-0.005004473950153852
52,frozen,51,3,6,1,0,-1.0,-1.0,1,1,0,0,0.0,-0.005004473950153852
53,frozen,51,5,5,1,1,1.0,1.0,0,nan,nan,nan,0.0,-0.005004473950153852
54,frozen,51,0,6,1,0,-1.0,-1.0,1,1,0,0,0.0,-0.005004473950153852
55,frozen,51,0,5,1,0,-1.0,-1.0,1,0,1,0,0.0,-0.005004473950153852
56,frozen,51,1,5,1,0,-1.0,-1.0,1,0,1,0,0.0,-0.005004473950153852
57,frozen,51,3,3,0,1,1.0,1.0,0,nan,nan,nan,0.0,-0.005004473950153852
58,frozen,51,4,4,1,1,1.0,1.0,0,nan,nan,nan,0.0,-0.005004473950153852
59,frozen,51,2,5,1,0,-1.0,-1.0,1,2,0,0,0.0,-0.005004473950153852
60,frozen,51,3,3,0,1,1.0,1.0,0,nan,nan,nan,0.0,-0.005004473950153852
61,frozen,51,6,4,1,0,-1.0,-1.0,1,1,0,0,0.0,-0.005004473950153852
62,frozen,51,5,5,1,1,1.0,1.0,0,nan,nan,nan,0.0,-0.005004473950153852
63,frozen,51,2,6,1,0,-1.0,-1.0,1,1,0,0,0.0,-0.005004473950153852
64,frozen,51,3,3,0,1,1.0,1.0,0,nan,nan,nan,0.0,-0.005004473950153852
65,frozen,51,1,4,1,0,-1.0,-1.0,1,1,0,0,0.0,-0.005004473950153852
66,frozen,51,5,5,1,1,1.0,1.0,0,nan,nan,nan,0.0,-0.005004473950153852
67,frozen,51,1,4,0,0,-1.0,-1.0,1,1,0,0,0.0,-0.005004473950153852
68,frozen,51,5,5,1,1,1.0,1.0,0,nan,nan,nan,0.0,-0.005004473950153852
69,frozen,51,6,6,1,1,1.0,1.0,0,nan,nan,nan,0.0,-0.005004473950153852
70,frozen,51,7,5,0,0,-1.0,-1.0,1,2,0,0,0.0,-0.005004473950153852
71,frozen,51,4,3,0,1,1.0,1.0,0,nan,nan,nan,0.0,-0.005004473950153852
72,frozen,51,0,4,1,0,-1.0,-1.0,1,1,0,0,0.0,-0.005004473950153852
73,frozen,51,8,3,0,0,-1.0,-1.0,1,0,1,0,0.0,-0.005004473950153852
74,frozen,51,6,5,1,1,1.0,1.0,0,nan,nan,nan,0.0,-0.005004473950153852
75,frozen,51,4,4,0,1,1.0,1.0,0,nan,nan,nan,0.0,-0.005004473950153852
76,frozen,51,3,3,0,1,1.0,1.0,0,nan,nan,nan,0.0,-0.005004473950153852
77,frozen,51,1,4,1,0,-1.0,-1.0,1,3,0,1,0.0,-0.005004473950153852
78,frozen,51,2,3,0,1,1.0,1.0,0,nan,nan,nan,0.0,-0.005004473950153852
79,frozen,51,0,4,1,0,-1.0,-1.0,1,1,0,0,0.0,-0.005004473950153852
80,frozen,51,1,5,1,0,-1.0,-1.0,1,0,1,0,0.0,-0.005004473950153852
81,frozen,51,3,3,0,1,1.0,1.0,0,nan,nan,nan,0.0,-0.005004473950153852
82,frozen,51,4,4,1,1,1.0,1.0,0,nan,nan,nan,0.0,-0.005004473950153852
83,frozen,51,2,5,1,0,-1.0,-1.0,1,2,0,0,0.0,-0.005004473950153852
84,frozen,51,6,3,0,0,-1.0,-1.0,1,0,1,0,0.0,-0.005004473950153852
85,frozen,51,4,5,1,1,1.0,1.0,0,nan,nan,nan,0.0,-0.005004473950153852
86,frozen,51,8,6,1,0,-1.0,-1.0,1,1,0,0,0.0,-0.005004473950153852
87,frozen,51,4,3,0,1,1.0,1.0,0,nan,nan,nan,0.0,-0.005004473950153852
88,frozen,51,2,2,0,1,1.0,1.0,0,nan,nan,nan,0.0,-0.005004473950153852
89,frozen,51,6,3,1,0,-1.0,-1.0,1,2,0,0,0.0,-0.005004473950153852
90,frozen,51,8,5,1,0,-1.0,-1.0,1,0,1,0,0.0,-0.005004473950153852
91,frozen,51,7,5,1,0,-1.0,-1.0,1,0,1,0,0.0,-0.005004473950153852
92,frozen,51,4,3,0,1,1.0,1.0,0,nan,nan,nan,0.0,-0.005004473950153852
93,frozen,51,6,4,1,0,-1.0,-1.0,1,1,0,0,0.0,-0.005004473950153852
94,frozen,51,8,5,1,0,-1.0,-1.0,1,0,1,0,0.0,-0.005004473950153852
95,frozen,51,6,3,0,0,-1.0,-1.0,1,0,1,0,0.0,-0.005004473950153852
96,frozen,51,0,3,0,0,-1.0,-1.0,1,0,1,0,0.0,-0.005004473950153852
97,frozen,51,7,5,1,0,-1.0,-1.0,1,0,1,0,0.0,-0.005004473950153852
98,frozen,51,0,5,1,0,-1.0,-1.0,1,0,1,0,0.0,-0.005004473950153852
99,frozen,51,1,5,1,0,-1.0,-1.0,1,0,1,0,0.0,-0.005004473950153852
100,frozen,51,3,3,0,1,1.0,1.0,0,nan,nan,nan,0.0,-0.005004473950153852
101,frozen,51,7,4,1,0,-1.0,-1.0,1,1,0,0,0.0,-0.005004473950153852
102,frozen,51,0,3,0,0,-1.0,-1.0,1,0,1,0,0.0,-0.005004473950153852
103,frozen,51,2,3,0,1,1.0,1.0,0,nan,nan,nan,0.0,-0.005004473950153852
104,frozen,51,2,2,0,1,1.0,1.0,0,nan,nan,nan,0.0,-0.005004473950153852
105,frozen,51,7,3,1,0,-1.0,-1.0,1,2,0,0,0.0,-0.005004473950153852
106,frozen,51,0,5,1,0,-1.0,-1.0,1,0,1,0,0.0,-0.005004473950153852
107,frozen,51,5,5,1,1,1.0,1.0,0,nan,nan,nan,0.0,-0.005004473950153852
108,frozen,51,7,6,1,1,1.0,1.0,0,nan,nan,nan,0.0,-0.005004473950153852
109,frozen,51,5,5,0,1,1.0,1.0,0,nan,nan,nan,0.0,-0.005004473950153852
110,frozen,51,0,6,1,0,-1.0,-1.0,1,3,0,1,0.0,-0.005004473950153852
111,frozen,51,0,3,0,0,-1.0,-1.0,1,0,1,0,0.0,-0.005004473950153852
112,frozen,51,4,3,0,1,1.0,1.0,0,nan,nan,nan,0.0,-0.005004473950153852
113,frozen,51,1,4,1,0,-1.0,-1.0,1,1,0,0,0.0,-0.005004473950153852
114,frozen,51,8,3,0,0,-1.0,-1.0,1,0,1,0,0.0,-0.005004473950153852
115,frozen,51,0,5,1,0,-1.0,-1.0,1,0,1,0,0.0,-0.005004473950153852
116,frozen,51,4,3,0,1,1.0,1.0,0,nan,nan,nan,0.0,-0.005004473950153852
117,frozen,51,1,4,1,0,-1.0,-1.0,1,1,0,0,0.0,-0.005004473950153852
118,frozen,51,2,3,0,1,1.0,1.0,0,nan,nan,nan,0.0,-0.005004473950153852
119,frozen,51,3,2,0,1,1.0,1.0,0,nan,nan,nan,0.0,-0.005004473950153852
120,frozen,51,7,3,1,0,-1.0,-1.0,1,2,0,0,0.0,-0.005004473950153852
121,frozen,51,7,5,1,0,-1.0,-1.0,1,0,1,0,0.0,-0.005004473950153852
122,frozen,51,6,3,0,0,-1.0,-1.0,1,0,1,0,0.0,-0.005004473950153852
123,frozen,51,0,3,0,0,-1.0,-1.0,1,0,1,0,0.0,-0.005004473950153852
124,frozen,51,1,5,1,0,-1.0,-1.0,1,0,1,0,0.0,-0.005004473950153852
125,frozen,51,6,5,1,1,1.0,1.0,0,nan,nan,nan,0.0,-0.005004473950153852
126,frozen,51,3,6,1,0,-1.0,-1.0,1,1,0,0,0.0,-0.005004473950153852
127,frozen,51,7,5,1,0,-1.0,-1.0,1,0,1,0,0.0,-0.005004473950153852
128,frozen,51,3,3,0,1,1.0,1.0,0,nan,nan,nan,0.0,-0.005004473950153852
129,frozen,51,0,4,1,0,-1.0,-1.0,1,1,0,0,0.0,-0.005004473950153852
130,frozen,51,7,5,1,0,-1.0,-1.0,1,0,1,0,0.0,-0.005004473950153852
131,frozen,51,2,3,0,1,1.0,1.0,0,nan,nan,nan,0.0,-0.005004473950153852
132,frozen,51,4,4,1,1,1.0,1.0,0,nan,nan,nan,0.0,-0.005004473950153852
133,frozen,51,0,5,1,0,-1.0,-1.0,1,2,0,0,0.0,-0.005004473950153852
134,frozen,51,3,3,0,1,1.0,1.0,0,nan,nan,nan,0.0,-0.005004473950153852
135,frozen,51,4,4,1,1,1.0,1.0,0,nan,nan,nan,0.0,-0.005004473950153852
136,frozen,51,3,3,0,1,1.0,1.0,0,nan,nan,nan,0.0,-0.005004473950153852
137,frozen,51,8,4,1,0,-1.0,-1.0,1,3,0,1,0.0,-0.005004473950153852
138,frozen,51,6,5,1,1,1.0,1.0,0,nan,nan,nan,0.0,-0.005004473950153852
139,frozen,51,5,6,1,1,1.0,1.0,0,nan,nan,nan,0.0,-0.005004473950153852
140,frozen,51,8,5,0,0,-1.0,-1.0,1,2,0,0,0.0,-0.005004473950153852
141,frozen,51,3,3,0,1,1.0,1.0,0,nan,nan,nan,0.0,-0.005004473950153852
142,frozen,51,5,2,0,0,-1.0,-1.0,1,1,0,0,0.0,-0.005004473950153852
143,frozen,51,5,5,1,1,1.0,1.0,0,nan,nan,nan,0.0,-0.005004473950153852
144,frozen,51,3,6,1,0,-1.0,-1.0,1,1,0,0,0.0,-0.005004473950153852
145,frozen,51,3,3,0,1,1.0,1.0,0,nan,nan,nan,0.0,-0.005004473950153852
146,frozen,51,5,4,1,1,1.0,1.0,0,nan,nan,nan,0.0,-0.005004473950153852
147,frozen,51,0,5,1,0,-1.0,-1.0,1,2,0,0,0.0,-0.005004473950153852
148,frozen,51,8,3,0,0,-1.0,-1.0,1,0,1,0,0.0,-0.005004473950153852
149,frozen,51,6,3,0,0,-1.0,-1.0,1,0,1,0,0.0,-0.005004473950153852
150,frozen,51,8,3,0,0,-1.0,-1.0,1,0,1,0,0.0,-0.005004473950153852
151,frozen,51,1,5,1,0,-1.0,-1.0,1,0,1,0,0.0,-0.005004473950153852
152,frozen,51,0,5,1,0,-1.0,-1.0,1,0,1,0,0.0,-0.005004473950153852
153,frozen,51,1,5,1,0,-1.0,-1.0,1,0,1,0,0.0,-0.005004473950153852
154,frozen,51,2,5,1,0,-1.0,-1.0,1,0,1,0,0.0,-0.005004473950153852
155,frozen,51,1,5,1,0,-1.0,-1.0,1,0,1,0,0.0,-0.005004473950153852
156,frozen,51,4,3,0,1,1.0,1.0,0,nan,nan,nan,0.0,-0.005004473950153852
157,frozen,51,8,4,1,0,-1.0,-1.0,1,1,0,0,0.0,-0.005004473950153852
158,frozen,51,4,3,0,1,1.0,1.0,0,nan,nan,nan,0.0,-0.005004473950153852
159,frozen,51,8,4,1,0,-1.0,-1.0,1,1,0,0,0.0,-0.005004473950153852
160,frozen,51,3,3,0,1,1.0,1.0,0,nan,nan,nan,0.0,-0.005004473950153852
161,frozen,51,2,2,0,1,1.0,1.0,0,nan,nan,nan,0.0,-0.005004473950153852
162,frozen,51,2,1,0,1,1.0,1.0,0,nan,nan,nan,0.0,-0.005004473950153852
163,frozen,51,8,2,1,0,-1.0,-1.0,1,3,0,1,0.0,-0.005004473950153852
164,frozen,51,7,5,1,0,-1.0,-1.0,1,0,1,0,0.0,-0.005004473950153852
165,frozen,51,8,3,0,0,-1.0,-1.0,1,0,1,0,0.0,-0.005004473950153852
166,frozen,51,4,3,0,1,1.0,1.0,0,nan,nan,nan,0.0,-0.005004473950153852
167,frozen,51,2,2,0,1,1.0,1.0,0,nan,nan,nan,0.0,-0.005004473950153852
168,frozen,51,0,3,1,0,-1.0,-1.0,1,2,0,0,0.0,-0.005004473950153852
169,frozen,51,0,3,0,0,-1.0,-1.0,1,0,1,0,0.0,-0.005004473950153852
170,frozen,51,5,5,1,1,1.0,1.0,0,nan,nan,nan,0.0,-0.005004473950153852
171,frozen,51,3,6,1,0,-1.0,-1.0,1,1,0,0,0.0,-0.005004473950153852
172,frozen,51,8,3,0,0,-1.0,-1.0,1,0,1,0,0.0,-0.005004473950153852
173,frozen,51,3,5,1,0,-1.0,-1.0,1,0,1,0,0.0,-0.005004473950153852
174,frozen,51,3,3,0,1,1.0,1.0,0,nan,nan,nan,0.0,-0.005004473950153852
175,frozen,51,4,4,1,1,1.0,1.0,0,nan,nan,nan,0.0,-0.005004473950153852
176,frozen,51,3,3,0,1,1.0,1.0,0,nan,nan,nan,0.0,-0.005004473950153852
177,frozen,51,7,2,0,0,-1.0,-1.0,1,3,0,1,0.0,-0.005004473950153852
178,frozen,51,7,5,1,0,-1.0,-1.0,1,0,1,0,0.0,-0.005004473950153852
179,frozen,51,3,3,0,1,1.0,1.0,0,nan,nan,nan,0.0,-0.005004473950153852
180,frozen,51,5,2,0,0,-1.0,-1.0,1,1,0,0,0.0,-0.005004473950153852
181,frozen,51,1,3,0,0,-1.0,-1.0,1,0,1,0,0.0,-0.005004473950153852
182,frozen,51,4,3,0,1,1.0,1.0,0,nan,nan,nan,0.0,-0.005004473950153852
183,frozen,51,6,4,1,0,-1.0,-1.0,1,1,0,0,0.0,-0.005004473950153852
184,frozen,51,1,5,1,0,-1.0,-1.0,1,0,1,0,0.0,-0.005004473950153852
185,frozen,51,1,5,1,0,-1.0,-1.0,1,0,1,0,0.0,-0.005004473950153852
186,frozen,51,5,5,1,1,1.0,1.0,0,nan,nan,nan,0.0,-0.005004473950153852
187,frozen,51,1,4,0,0,-1.0,-1.0,1,1,0,0,0.0,-0.005004473950153852
188,frozen,51,1,5,1,0,-1.0,-1.0,1,0,1,0,0.0,-0.005004473950153852
189,frozen,51,8,3,0,0,-1.0,-1.0,1,0,1,0,0.0,-0.005004473950153852
190,frozen,51,5,5,1,1,1.0,1.0,0,nan,nan,nan,0.0,-0.005004473950153852
191,frozen,51,5,4,0,1,1.0,1.0,0,nan,nan,nan,0.0,-0.005004473950153852
192,frozen,51,7,5,1,0,-1.0,-1.0,1,2,0,0,0.0,-0.005004473950153852
193,frozen,51,7,5,1,0,-1.0,-1.0,1,0,1,0,0.0,-0.005004473950153852
194,frozen,51,0,3,0,0,-1.0,-1.0,1,0,1,0,0.0,-0.005004473950153852
195,frozen,51,0,5,1,0,-1.0,-1.0,1,0,1,0,0.0,-0.005004473950153852
196,frozen,51,6,3,0,0,-1.0,-1.0,1,0,1,0,0.0,-0.005004473950153852
197,frozen,51,2,3,0,1,1.0,1.0,0,nan,nan,nan,0.0,-0.005004473950153852
198,frozen,51,7,4,1,0,-1.0,-1.0,1,1,0,0,0.0,-0.005004473950153852
199,frozen,51,1,5,1,0,-1.0,-1.0,1,0,1,0,0.0,-0.005004473950153852
200,frozen,51,0,5,1,0,-1.0,-1.0,1,0,1,0,0.0,-0.005004473950153852
201,frozen,51,4,5,1,1,1.0,1.0,0,nan,nan,nan,0.0,-0.005004473950153852
202,frozen,51,7,4,0,0,-1.0,-1.0,1,1,0,0,0.0,-0.005004473950153852
203,frozen,51,2,5,1,0,-1.0,-1.0,1,0,1,0,0.0,-0.005004473950153852
204,frozen,51,0,3,0,0,-1.0,-1.0,1,0,1,0,0.0,-0.005004473950153852
205,frozen,51,4,3,0,1,1.0,1.0,0,nan,nan,nan,0.0,-0.005004473950153852
206,frozen,51,8,4,1,0,-1.0,-1.0,1,1,0,0,0.0,-0.005004473950153852
207,frozen,51,2,5,1,0,-1.0,-1.0,1,0,1,0,0.0,-0.005004473950153852
208,frozen,51,2,3,0,1,1.0,1.0,0,nan,nan,nan,0.0,-0.005004473950153852
209,frozen,51,4,4,1,1,1.0,1.0,0,nan,nan,nan,0.0,-0.005004473950153852
210,frozen,51,3,3,0,1,1.0,1.0,0,nan,nan,nan,0.0,-0.005004473950153852
211,frozen,51,8,4,1,0,-1.0,-1.0,1,3,0,1,0.0,-0.005004473950153852
212,frozen,51,3,3,0,1,1.0,1.0,0,nan,nan,nan,0.0,-0.005004473950153852
213,frozen,51,0,4,1,0,-1.0,-1.0,1,1,0,0,0.0,-0.005004473950153852
214,frozen,51,2,3,0,1,1.0,1.0,0,nan,nan,nan,0.0,-0.005004473950153852
215,frozen,51,8,4,1,0,-1.0,-1.0,1,1,0,0,0.0,-0.005004473950153852
216,frozen,51,0,3,0,0,-1.0,-1.0,1,0,1,0,0.0,-0.005004473950153852
217,frozen,51,1,5,1,0,-1.0,-1.0,1,0,1,0,0.0,-0.005004473950153852
218,frozen,51,5,5,1,1,1.0,1.0,0,nan,nan,nan,0.0,-0.005004473950153852
219,frozen,51,6,6,1,1,1.0,1.0,0,nan,nan,nan,0.0,-0.005004473950153852
220,frozen,51,0,7,1,0,-1.0,-1.0,1,2,0,0,0.0,-0.005004473950153852
221,frozen,51,5,5,1,1,1.0,1.0,0,nan,nan,nan,0.0,-0.005004473950153852
222,frozen,51,3,6,1,0,-1.0,-1.0,1,1,0,0,0.0,-0.005004473950153852
223,frozen,51,7,5,1,0,-1.0,-1.0,1,0,1,0,0.0,-0.005004473950153852
224,frozen,51,1,5,1,0,-1.0,-1.0,1,0,1,0,0.0,-0.005004473950153852
225,frozen,51,3,3,0,1,1.0,1.0,0,nan,nan,nan,0.0,-0.005004473950153852
226,frozen,51,5,4,1,1,1.0,1.0,0,nan,nan,nan,0.0,-0.005004473950153852
227,frozen,51,0,3,0,0,-1.0,-1.0,1,2,0,0,0.0,-0.005004473950153852
228,frozen,51,2,3,0,1,1.0,1.0,0,nan,nan,nan,0.0,-0.005004473950153852
229,frozen,51,3,2,0,1,1.0,1.0,0,nan,nan,nan,0.0,-0.005004473950153852
230,frozen,51,0,1,0,1,1.0,1.0,0,nan,nan,nan,0.0,-0.005004473950153852
231,frozen,51,3,2,1,1,1.0,1.0,0,nan,nan,nan,0.0,-0.005004473950153852
232,frozen,51,0,1,0,1,1.0,1.0,0,nan,nan,nan,0.0,-0.005004473950153852
233,frozen,51,6,2,1,0,-1.0,-1.0,1,5,0,1,0.0,-0.005004473950153852
234,frozen,51,7,5,1,0,-1.0,-1.0,1,0,1,0,0.0,-0.005004473950153852
235,frozen,51,3,3,0,1,1.0,1.0,0,nan,nan,nan,0.0,-0.005004473950153852
236,frozen,51,2,2,0,1,1.0,1.0,0,nan,nan,nan,0.0,-0.005004473950153852
237,frozen,51,5,3,1,0,-1.0,-1.0,1,2,0,0,0.0,-0.005004473950153852
238,frozen,51,7,5,1,0,-1.0,-1.0,1,0,1,0,0.0,-0.005004473950153852
239,frozen,51,3,3,0,1,1.0,1.0,0,nan,nan,nan,0.0,-0.005004473950153852
240,frozen,51,8,4,1,0,-1.0,-1.0,1,1,0,0,0.0,-0.005004473950153852
241,frozen,51,4,3,0,1,1.0,1.0,0,nan,nan,nan,0.0,-0.005004473950153852
242,frozen,51,0,4,1,0,-1.0,-1.0,1,1,0,0,0.0,-0.005004473950153852
243,frozen,51,4,5,1,1,1.0,1.0,0,nan,nan,nan,0.0,-0.005004473950153852
244,frozen,51,1,4,0,0,-1.0,-1.0,1,1,0,0,0.0,-0.005004473950153852
245,frozen,51,8,3,0,0,-1.0,-1.0,1,0,1,0,0.0,-0.005004473950153852
246,frozen,51,0,5,1,0,-1.0,-1.0,1,0,1,0,0.0,-0.005004473950153852
247,frozen,51,4,5,1,1,1.0,1.0,0,nan,nan,nan,0.0,-0.005004473950153852
248,frozen,51,1,6,1,0,-1.0,-1.0,1,1,0,0,0.0,-0.005004473950153852
249,frozen,51,8,5,1,0,-1.0,-1.0,1,0,1,0,0.0,-0.005004473950153852
250,frozen,51,2,5,1,0,-1.0,-1.0,1,0,1,0,0.0,-0.005004473950153852
251,frozen,51,1,3,0,0,-1.0,-1.0,1,0,1,0,0.0,-0.005004473950153852
252,frozen,51,1,5,1,0,-1.0,-1.0,1,0,1,0,0.0,-0.005004473950153852
253,frozen,51,5,5,1,1,1.0,1.0,0,nan,nan,nan,0.0,-0.005004473950153852
254,frozen,51,1,4,0,0,-1.0,-1.0,1,1,0,0,0.0,-0.005004473950153852
255,frozen,51,6,3,0,0,-1.0,-1.0,1,0,1,0,0.0,-0.005004473950153852
256,frozen,51,7,3,0,0,-1.0,-1.0,1,0,1,0,0.0,-0.005004473950153852
257,frozen,51,5,5,1,1,1.0,1.0,0,nan,nan,nan,0.0,-0.005004473950153852
258,frozen,51,8,6,1,0,-1.0,-1.0,1,1,0,0,0.0,-0.005004473950153852
259,frozen,51,6,3,0,0,-1.0,-1.0,1,0,1,0,0.0,-0.005004473950153852
260,frozen,51,7,5,1,0,-1.0,-1.0,1,0,1,0,0.0,-0.005004473950153852
261,frozen,51,3,3,0,1,1.0,1.0,0,nan,nan,nan,0.0,-0.005004473950153852
262,frozen,51,7,4,1,0,-1.0,-1.0,1,1,0,0,0.0,-0.005004473950153852
263,frozen,51,8,5,1,0,-1.0,-1.0,1,0,1,0,0.0,-0.005004473950153852
264,frozen,51,4,3,0,1,1.0,1.0,0,nan,nan,nan,0.0,-0.005004473950153852
265,frozen,51,6,4,1,0,-1.0,-1.0,1,1,0,0,0.0,-0.005004473950153852
266,frozen,51,1,5,1,0,-1.0,-1.0,1,0,1,0,0.0,-0.005004473950153852
267,frozen,51,5,5,1,1,1.0,1.0,0,nan,nan,nan,0.0,-0.005004473950153852
268,frozen,51,1,6,1,0,-1.0,-1.0,1,1,0,0,0.0,-0.005004473950153852
269,frozen,51,1,5,1,0,-1.0,-1.0,1,0,1,0,0.0,-0.005004473950153852
270,frozen,51,3,3,0,1,1.0,1.0,0,nan,nan,nan,0.0,-0.005004473950153852
271,frozen,51,6,4,1,0,-1.0,-1.0,1,1,0,0,0.0,-0.005004473950153852
272,frozen,51,0,5,1,0,-1.0,-1.0,1,0,1,0,0.0,-0.005004473950153852
273,frozen,51,2,3,0,1,1.0,1.0,0,nan,nan,nan,0.0,-0.005004473950153852
274,frozen,51,3,4,1,1,1.0,1.0,0,nan,nan,nan,0.0,-0.005004473950153852
275,frozen,51,4,3,0,1,1.0,1.0,0,nan,nan,nan,0.0,-0.005004473950153852
276,frozen,51,3,4,1,1,1.0,1.0,0,nan,nan,nan,0.0,-0.005004473950153852
277,frozen,51,0,3,0,0,-1.0,-1.0,1,4,0,1,0.0,-0.005004473950153852
278,frozen,51,2,3,0,1,1.0,1.0,0,nan,nan,nan,0.0,-0.005004473950153852
279,frozen,51,3,4,1,1,1.0,1.0,0,nan,nan,nan,0.0,-0.005004473950153852
280,frozen,51,3,3,0,1,1.0,1.0,0,nan,nan,nan,0.0,-0.005004473950153852
281,frozen,51,6,4,1,0,-1.0,-1.0,1,3,0,1,0.0,-0.005004473950153852
282,frozen,51,8,3,0,0,-1.0,-1.0,1,0,1,0,0.0,-0.005004473950153852
283,frozen,51,7,5,1,0,-1.0,-1.0,1,0,1,0,0.0,-0.005004473950153852
284,frozen,51,0,5,1,0,-1.0,-1.0,1,0,1,0,0.0,-0.005004473950153852
285,frozen,51,5,5,1,1,1.0,1.0,0,nan,nan,nan,0.0,-0.005004473950153852
286,frozen,51,5,4,0,1,1.0,1.0,0,nan,nan,nan,0.0,-0.005004473950153852
287,frozen,51,3,3,0,1,1.0,1.0,0,nan,nan,nan,0.0,-0.005004473950153852
288,frozen,51,7,2,0,0,-1.0,-1.0,1,3,0,1,0.0,-0.005004473950153852
289,frozen,51,4,3,0,1,1.0,1.0,0,nan,nan,nan,0.0,-0.005004473950153852
290,frozen,51,7,2,0,0,-1.0,-1.0,1,1,0,0,0.0,-0.005004473950153852
291,frozen,51,1,5,1,0,-1.0,-1.0,1,0,1,0,0.0,-0.005004473950153852
292,frozen,51,2,5,1,0,-1.0,-1.0,1,0,1,0,0.0,-0.005004473950153852
293,frozen,51,2,5,1,0,-1.0,-1.0,1,0,1,0,0.0,-0.005004473950153852
294,frozen,51,3,3,0,1,1.0,1.0,0,nan,nan,nan,0.0,-0.005004473950153852
295,frozen,51,6,4,1,0,-1.0,-1.0,1,1,0,0,0.0,-0.005004473950153852
296,frozen,51,7,5,1,0,-1.0,-1.0,1,0,1,0,0.0,-0.005004473950153852
297,frozen,51,6,5,1,1,1.0,1.0,0,nan,nan,nan,0.0,-0.005004473950153852
298,frozen,51,7,4,0,0,-1.0,-1.0,1,1,0,0,0.0,-0.005004473950153852
299,frozen,51,3,3,0,1,1.0,1.0,0,nan,nan,nan,0.0,-0.005004473950153852
300,frozen,51,2,2,0,1,1.0,1.0,0,nan,nan,nan,0.0,-0.005004473950153852
301,frozen,51,2,3,1,1,1.0,1.0,0,nan,nan,nan,0.0,-0.005004473950153852
302,frozen,51,4,4,1,1,1.0,1.0,0,nan,nan,nan,0.0,-0.005004473950153852
303,frozen,51,2,3,0,1,1.0,1.0,0,nan,nan,nan,0.0,-0.005004473950153852
304,frozen,51,0,4,1,0,-1.0,-1.0,1,5,0,1,0.0,-0.005004473950153852
305,frozen,51,6,3,0,0,-1.0,-1.0,1,0,1,0,0.0,-0.005004473950153852
306,frozen,51,8,5,1,0,-1.0,-1.0,1,0,1,0,0.0,-0.005004473950153852
307,frozen,51,1,5,1,0,-1.0,-1.0,1,0,1,0,0.0,-0.005004473950153852
308,frozen,51,6,5,1,1,1.0,1.0,0,nan,nan,nan,0.0,-0.005004473950153852
309,frozen,51,3,6,1,0,-1.0,-1.0,1,1,0,0,0.0,-0.005004473950153852
310,frozen,51,7,5,1,0,-1.0,-1.0,1,0,1,0,0.0,-0.005004473950153852
311,frozen,51,0,5,1,0,-1.0,-1.0,1,0,1,0,0.0,-0.005004473950153852
312,frozen,51,2,5,1,0,-1.0,-1.0,1,0,1,0,0.0,-0.005004473950153852
313,frozen,51,6,5,1,1,1.0,1.0,0,nan,nan,nan,0.0,-0.005004473950153852
314,frozen,51,0,4,0,0,-1.0,-1.0,1,1,0,0,0.0,-0.005004473950153852
315,frozen,51,0,3,0,0,-1.0,-1.0,1,0,1,0,0.0,-0.005004473950153852
316,frozen,51,2,5,1,0,-1.0,-1.0,1,0,1,0,0.0,-0.005004473950153852
317,frozen,51,8,3,0,0,-1.0,-1.0,1,0,1,0,0.0,-0.005004473950153852
318,frozen,51,5,5,1,1,1.0,1.0,0,nan,nan,nan,0.0,-0.005004473950153852
319,frozen,51,8,6,1,0,-1.0,-1.0,1,1,0,0,0.0,-0.005004473950153852
320,frozen,51,3,3,0,1,1.0,1.0,0,nan,nan,nan,0.0,-0.005004473950153852
321,frozen,51,1,4,1,0,-1.0,-1.0,1,1,0,0,0.0,-0.005004473950153852
322,frozen,51,1,5,1,0,-1.0,-1.0,1,0,1,0,0.0,-0.005004473950153852
323,frozen,51,0,3,0,0,-1.0,-1.0,1,0,1,0,0.0,-0.005004473950153852
324,frozen,51,3,5,1,0,-1.0,-1.0,1,0,1,0,0.0,-0.005004473950153852
325,frozen,51,1,5,1,0,-1.0,-1.0,1,0,1,0,0.0,-0.005004473950153852
326,frozen,51,4,5,1,1,1.0,1.0,0,nan,nan,nan,0.0,-0.005004473950153852
327,frozen,51,1,6,1,0,-1.0,-1.0,1,1,0,0,0.0,-0.005004473950153852
328,frozen,51,0,3,0,0,-1.0,-1.0,1,0,1,0,0.0,-0.005004473950153852
329,frozen,51,2,3,0,1,1.0,1.0,0,nan,nan,nan,0.0,-0.005004473950153852
330,frozen,51,7,2,0,0,-1.0,-1.0,1,1,0,0,0.0,-0.005004473950153852
331,frozen,51,6,3,0,0,-1.0,-1.0,1,0,1,0,0.0,-0.005004473950153852
332,frozen,51,7,5,1,0,-1.0,-1.0,1,0,1,0,0.0,-0.005004473950153852
333,frozen,51,0,3,0,0,-1.0,-1.0,1,0,1,0,0.0,-0.005004473950153852
334,frozen,51,6,3,0,0,-1.0,-1.0,1,0,1,0,0.0,-0.005004473950153852
335,frozen,51,8,5,1,0,-1.0,-1.0,1,0,1,0,0.0,-0.005004473950153852
336,frozen,51,1,5,1,0,-1.0,-1.0,1,0,1,0,0.0,-0.005004473950153852
337,frozen,51,0,3,0,0,-1.0,-1.0,1,0,1,0,0.0,-0.005004473950153852
338,frozen,51,8,5,1,0,-1.0,-1.0,1,0,1,0,0.0,-0.005004473950153852
339,frozen,51,0,5,1,0,-1.0,-1.0,1,0,1,0,0.0,-0.005004473950153852
340,frozen,51,1,5,1,0,-1.0,-1.0,1,0,1,0,0.0,-0.005004473950153852
341,frozen,51,4,3,0,1,1.0,1.0,0,nan,nan,nan,0.0,-0.005004473950153852
342,frozen,51,3,4,1,1,1.0,1.0,0,nan,nan,nan,0.0,-0.005004473950153852
343,frozen,51,7,5,1,0,-1.0,-1.0,1,2,0,0,0.0,-0.005004473950153852
344,frozen,51,4,3,0,1,1.0,1.0,0,nan,nan,nan,0.0,-0.005004473950153852
345,frozen,51,4,4,1,1,1.0,1.0,0,nan,nan,nan,0.0,-0.005004473950153852
346,frozen,51,1,5,1,0,-1.0,-1.0,1,2,0,0,0.0,-0.005004473950153852
347,frozen,51,2,3,0,1,1.0,1.0,0,nan,nan,nan,0.0,-0.005004473950153852
348,frozen,51,3,4,1,1,1.0,1.0,0,nan,nan,nan,0.0,-0.005004473950153852
349,frozen,51,5,5,1,1,1.0,1.0,0,nan,nan,nan,0.0,-0.005004473950153852
350,frozen,51,8,6,1,0,-1.0,-1.0,1,3,0,1,0.0,-0.005004473950153852
351,frozen,51,3,3,0,1,1.0,1.0,0,nan,nan,nan,0.0,-0.005004473950153852
352,frozen,51,6,4,1,0,-1.0,-1.0,1,1,0,0,0.0,-0.005004473950153852
353,frozen,51,8,3,0,0,-1.0,-1.0,1,0,1,0,0.0,-0.005004473950153852
354,frozen,51,0,3,0,0,-1.0,-1.0,1,0,1,0,0.0,-0.005004473950153852
355,frozen,51,8,5,1,0,-1.0,-1.0,1,0,1,0,0.0,-0.005004473950153852
356,frozen,51,8,5,1,0,-1.0,-1.0,1,0,1,0,0.0,-0.005004473950153852
357,frozen,51,4,3,0,1,1.0,1.0,0,nan,nan,nan,0.0,-0.005004473950153852
358,frozen,51,2,2,0,1,1.0,1.0,0,nan,nan,nan,0.0,-0.005004473950153852
359,frozen,51,8,3,1,0,-1.0,-1.0,1,2,0,0,0.0,-0.005004473950153852
360,frozen,51,3,3,0,1,1.0,1.0,0,nan,nan,nan,0.0,-0.005004473950153852
361,frozen,51,2,2,0,1,1.0,1.0,0,nan,nan,nan,0.0,-0.005004473950153852
362,frozen,51,5,3,1,0,-1.0,-1.0,1,2,0,0,0.0,-0.005004473950153852
363,frozen,51,3,5,1,0,-1.0,-1.0,1,0,1,0,0.0,-0.005004473950153852
364,frozen,51,0,3,0,0,-1.0,-1.0,1,0,1,0,0.0,-0.005004473950153852
365,frozen,51,4,5,1,1,1.0,1.0,0,nan,nan,nan,0.0,-0.005004473950153852
366,frozen,51,0,4,0,0,-1.0,-1.0,1,1,0,0,0.0,-0.005004473950153852
367,frozen,51,6,3,0,0,-1.0,-1.0,1,0,1,0,0.0,-0.005004473950153852
368,frozen,51,1,5,1,0,-1.0,-1.0,1,0,1,0,0.0,-0.005004473950153852
369,frozen,51,8,5,1,0,-1.0,-1.0,1,0,1,0,0.0,-0.005004473950153852
370,frozen,51,5,5,1,1,1.0,1.0,0,nan,nan,nan,0.0,-0.005004473950153852
371,frozen,51,0,4,0,0,-1.0,-1.0,1,1,0,0,0.0,-0.005004473950153852
372,frozen,51,3,3,0,1,1.0,1.0,0,nan,nan,nan,0.0,-0.005004473950153852
373,frozen,51,0,4,1,0,-1.0,-1.0,1,1,0,0,0.0,-0.005004473950153852
374,frozen,51,5,5,1,1,1.0,1.0,0,nan,nan,nan,0.0,-0.005004473950153852
375,frozen,51,5,4,0,1,1.0,1.0,0,nan,nan,nan,0.0,-0.005004473950153852
376,frozen,51,2,3,0,1,1.0,1.0,0,nan,nan,nan,0.0,-0.005004473950153852
377,frozen,51,5,2,0,0,-1.0,-1.0,1,3,0,1,0.0,-0.005004473950153852
378,frozen,51,4,5,1,1,1.0,1.0,0,nan,nan,nan,0.0,-0.005004473950153852
379,frozen,51,8,6,1,0,-1.0,-1.0,1,1,0,0,0.0,-0.005004473950153852
380,frozen,51,0,5,1,0,-1.0,-1.0,1,0,1,0,0.0,-0.005004473950153852
381,frozen,51,0,3,0,0,-1.0,-1.0,1,0,1,0,0.0,-0.005004473950153852
382,frozen,51,8,5,1,0,-1.0,-1.0,1,0,1,0,0.0,-0.005004473950153852
383,frozen,51,7,5,1,0,-1.0,-1.0,1,0,1,0,0.0,-0.005004473950153852
384,frozen,51,3,3,0,1,1.0,1.0,0,nan,nan,nan,0.0,-0.005004473950153852
385,frozen,51,5,4,1,1,1.0,1.0,0,nan,nan,nan,0.0,-0.005004473950153852
386,frozen,51,3,5,1,0,-1.0,-1.0,1,2,0,0,0.0,-0.005004473950153852
387,frozen,51,5,5,1,1,1.0,1.0,0,nan,nan,nan,0.0,-0.005004473950153852
388,frozen,51,7,6,1,1,1.0,1.0,0,nan,nan,nan,0.0,-0.005004473950153852
389,frozen,51,6,7,1,1,1.0,1.0,0,nan,nan,nan,0.0,-0.005004473950153852
390,frozen,51,0,6,0,0,-1.0,-1.0,1,3,0,1,0.0,-0.005004473950153852
391,frozen,51,1,5,1,0,-1.0,-1.0,1,0,1,0,0.0,-0.005004473950153852
392,frozen,51,4,3,0,1,1.0,1.0,0,nan,nan,nan,0.0,-0.005004473950153852
393,frozen,51,6,4,1,0,-1.0,-1.0,1,1,0,0,0.0,-0.005004473950153852
394,frozen,51,6,3,0,0,-1.0,-1.0,1,0,1,0,0.0,-0.005004473950153852
395,frozen,51,0,3,0,0,-1.0,-1.0,1,0,1,0,0.0,-0.005004473950153852
396,frozen,51,3,3,0,1,1.0,1.0,0,nan,nan,nan,0.0,-0.005004473950153852
397,frozen,51,2,2,0,1,1.0,1.0,0,nan,nan,nan,0.0,-0.005004473950153852
398,frozen,51,8,3,1,0,-1.0,-1.0,1,2,0,0,0.0,-0.005004473950153852
399,frozen,51,6,5,1,1,1.0,1.0,0,nan,nan,nan,0.0,-0.005004473950153852
400,frozen,51,8,6,1,0,-1.0,-1.0,1,1,0,0,0.0,-0.005004473950153852
401,frozen,51,5,5,1,1,1.0,1.0,0,nan,nan,nan,0.0,-0.005004473950153852
402,frozen,51,4,4,0,1,1.0,1.0,0,nan,nan,nan,0.0,-0.005004473950153852
403,frozen,51,4,3,0,1,1.0,1.0,0,nan,nan,nan,0.0,-0.005004473950153852
404,frozen,51,7,2,0,0,-1.0,-1.0,1,3,0,1,0.0,-0.005004473950153852
405,frozen,51,5,5,1,1,1.0,1.0,0,nan,nan,nan,0.0,-0.005004473950153852
406,frozen,51,5,4,0,1,1.0,1.0,0,nan,nan,nan,0.0,-0.005004473950153852
407,frozen,51,5,5,1,1,1.0,1.0,0,nan,nan,nan,0.0,-0.005004473950153852
408,frozen,51,3,6,1,0,-1.0,-1.0,1,3,0,1,0.0,-0.005004473950153852
409,frozen,51,7,5,1,0,-1.0,-1.0,1,0,1,0,0.0,-0.005004473950153852
410,frozen,51,5,5,1,1,1.0,1.0,0,nan,nan,nan,0.0,-0.005004473950153852
411,frozen,51,3,4,0,1,1.0,1.0,0,nan,nan,nan,0.0,-0.005004473950153852
412,frozen,51,0,5,1,0,-1.0,-1.0,1,2,0,0,0.0,-0.005004473950153852
413,frozen,51,6,3,0,0,-1.0,-1.0,1,0,1,0,0.0,-0.005004473950153852
414,frozen,51,3,3,0,1,1.0,1.0,0,nan,nan,nan,0.0,-0.005004473950153852
415,frozen,51,6,4,1,0,-1.0,-1.0,1,1,0,0,0.0,-0.005004473950153852
416,frozen,51,3,3,0,1,1.0,1.0,0,nan,nan,nan,0.0,-0.005004473950153852
417,frozen,51,1,2,0,1,1.0,1.0,0,nan,nan,nan,0.0,-0.005004473950153852
418,frozen,51,0,3,1,0,-1.0,-1.0,1,2,0,0,0.0,-0.005004473950153852
419,frozen,51,2,3,0,1,1.0,1.0,0,nan,nan,nan,0.0,-0.005004473950153852
420,frozen,51,4,4,1,1,1.0,1.0,0,nan,nan,nan,0.0,-0.005004473950153852
421,frozen,51,1,5,1,0,-1.0,-1.0,1,2,0,0,0.0,-0.005004473950153852
422,frozen,51,8,5,1,0,-1.0,-1.0,1,0,1,0,0.0,-0.005004473950153852
423,frozen,51,4,3,0,1,1.0,1.0,0,nan,nan,nan,0.0,-0.005004473950153852
424,frozen,51,6,4,1,0,-1.0,-1.0,1,1,0,0,0.0,-0.005004473950153852
425,frozen,51,7,5,1,0,-1.0,-1.0,1,0,1,0,0.0,-0.005004473950153852
426,frozen,51,0,3,0,0,-1.0,-1.0,1,0,1,0,0.0,-0.005004473950153852
427,frozen,51,6,5,1,1,1.0,1.0,0,nan,nan,nan,0.0,-0.005004473950153852
428,frozen,51,3,6,1,0,-1.0,-1.0,1,1,0,0,0.0,-0.005004473950153852
429,frozen,51,0,3,0,0,-1.0,-1.0,1,0,1,0,0.0,-0.005004473950153852
430,frozen,51,5,5,1,1,1.0,1.0,0,nan,nan,nan,0.0,-0.005004473950153852
431,frozen,51,2,6,1,0,-1.0,-1.0,1,1,0,0,0.0,-0.005004473950153852
432,frozen,51,4,3,0,1,1.0,1.0,0,nan,nan,nan,0.0,-0.005004473950153852
433,frozen,51,5,4,1,1,1.0,1.0,0,nan,nan,nan,0.0,-0.005004473950153852
434,frozen,51,0,3,0,0,-1.0,-1.0,1,2,0,0,0.0,-0.005004473950153852
435,frozen,51,8,5,1,0,-1.0,-1.0,1,0,1,0,0.0,-0.005004473950153852
436,frozen,51,7,5,1,0,-1.0,-1.0,1,0,1,0,0.0,-0.005004473950153852
437,frozen,51,3,3,0,1,1.0,1.0,0,nan,nan,nan,0.0,-0.005004473950153852
438,frozen,51,4,4,1,1,1.0,1.0,0,nan,nan,nan,0.0,-0.005004473950153852
439,frozen,51,3,3,0,1,1.0,1.0,0,nan,nan,nan,0.0,-0.005004473950153852
440,frozen,51,3,2,0,1,1.0,1.0,0,nan,nan,nan,0.0,-0.005004473950153852
441,frozen,51,4,1,0,0,-1.0,-1.0,1,4,0,1,0.0,-0.005004473950153852
442,frozen,51,8,3,0,0,-1.0,-1.0,1,0,1,0,0.0,-0.005004473950153852
443,frozen,51,5,5,1,1,1.0,1.0,0,nan,nan,nan,0.0,-0.005004473950153852
444,frozen,51,6,6,1,1,1.0,1.0,0,nan,nan,nan,0.0,-0.005004473950153852
445,frozen,51,6,7,1,1,1.0,1.0,0,nan,nan,nan,0.0,-0.005004473950153852
446,frozen,51,8,8,1,1,1.0,1.0,0,nan,nan,nan,0.0,-0.005004473950153852
447,frozen,51,0,8,1,0,-1.0,-1.0,1,4,0,1,0.0,-0.005004473950153852
448,frozen,51,1,5,1,0,-1.0,-1.0,1,0,1,0,0.0,-0.005004473950153852
449,frozen,51,3,3,0,1,1.0,1.0,0,nan,nan,nan,0.0,-0.005004473950153852
450,frozen,51,2,2,0,1,1.0,1.0,0,nan,nan,nan,0.0,-0.005004473950153852
451,frozen,51,7,3,1,0,-1.0,-1.0,1,2,0,0,0.0,-0.005004473950153852
452,frozen,51,1,5,1,0,-1.0,-1.0,1,0,1,0,0.0,-0.005004473950153852
453,frozen,51,7,5,1,0,-1.0,-1.0,1,0,1,0,0.0,-0.005004473950153852
454,frozen,51,5,5,1,1,1.0,1.0,0,nan,nan,nan,0.0,-0.005004473950153852
455,frozen,51,7,4,0,0,-1.0,-1.0,1,1,0,0,0.0,-0.005004473950153852
456,frozen,51,1,5,1,0,-1.0,-1.0,1,0,1,0,0.0,-0.005004473950153852
457,frozen,51,8,3,0,0,-1.0,-1.0,1,0,1,0,0.0,-0.005004473950153852
458,frozen,51,6,3,0,0,-1.0,-1.0,1,0,1,0,0.0,-0.005004473950153852
459,frozen,51,2,5,1,0,-1.0,-1.0,1,0,1,0,0.0,-0.005004473950153852
460,frozen,51,4,5,1,1,1.0,1.0,0,nan,nan,nan,0.0,-0.005004473950153852
461,frozen,51,2,6,1,0,-1.0,-1.0,1,1,0,0,0.0,-0.005004473950153852
462,frozen,51,1,5,1,0,-1.0,-1.0,1,0,1,0,0.0,-0.005004473950153852
463,frozen,51,3,3,0,1,1.0,1.0,0,nan,nan,nan,0.0,-0.005004473950153852
464,frozen,51,0,4,1,0,-1.0,-1.0,1,1,0,0,0.0,-0.005004473950153852
465,frozen,51,8,5,1,0,-1.0,-1.0,1,0,1,0,0.0,-0.005004473950153852
466,frozen,51,6,3,0,0,-1.0,-1.0,1,0,1,0,0.0,-0.005004473950153852
467,frozen,51,3,3,0,1,1.0,1.0,0,nan,nan,nan,0.0,-0.005004473950153852
468,frozen,51,5,2,0,0,-1.0,-1.0,1,1,0,0,0.0,-0.005004473950153852
469,frozen,51,2,5,1,0,-1.0,-1.0,1,0,1,0,0.0,-0.005004473950153852
470,frozen,51,3,3,0,1,1.0,1.0,0,nan,nan,nan,0.0,-0.005004473950153852
471,frozen,51,8,4,1,0,-1.0,-1.0,1,1,0,0,0.0,-0.005004473950153852
472,frozen,51,2,3,0,1,1.0,1.0,0,nan,nan,nan,0.0,-0.005004473950153852
473,frozen,51,1,4,1,0,-1.0,-1.0,1,1,0,0,0.0,-0.005004473950153852
474,frozen,51,4,3,0,1,1.0,1.0,0,nan,nan,nan,0.0,-0.005004473950153852
475,frozen,51,0,2,0,0,-1.0,-1.0,1,1,0,0,0.0,-0.005004473950153852
476,frozen,51,1,3,0,0,-1.0,-1.0,1,0,1,0,0.0,-0.005004473950153852
477,frozen,51,6,5,1,1,1.0,1.0,0,nan,nan,nan,0.0,-0.005004473950153852
478,frozen,51,5,4,0,1,1.0,1.0,0,nan,nan,nan,0.0,-0.005004473950153852
479,frozen,51,1,5,1,0,-1.0,-1.0,1,2,0,0,0.0,-0.005004473950153852
480,frozen,51,3,5,1,0,-1.0,-1.0,1,0,1,0,0.0,-0.005004473950153852
481,frozen,51,8,3,0,0,-1.0,-1.0,1,0,1,0,0.0,-0.005004473950153852
482,frozen,51,2,5,1,0,-1.0,-1.0,1,0,1,0,0.0,-0.005004473950153852
483,frozen,51,4,3,0,1,1.0,1.0,0,nan,nan,nan,0.0,-0.005004473950153852
484,frozen,51,2,2,0,1,1.0,1.0,0,nan,nan,nan,0.0,-0.005004473950153852
485,frozen,51,1,1,0,1,1.0,1.0,0,nan,nan,nan,0.0,-0.005004473950153852
486,frozen,51,1,0,0,1,1.0,1.0,0,nan,nan,nan,0.0,-0.005004473950153852
487,frozen,51,8,0,0,0,-1.0,-1.0,1,4,0,1,0.0,-0.005004473950153852
488,frozen,51,7,5,1,0,-1.0,-1.0,1,0,1,0,0.0,-0.005004473950153852
489,frozen,51,5,5,1,1,1.0,1.0,0,nan,nan,nan,0.0,-0.005004473950153852
490,frozen,51,7,6,1,1,1.0,1.0,0,nan,nan,nan,0.0,-0.005004473950153852
491,frozen,51,5,5,0,1,1.0,1.0,0,nan,nan,nan,0.0,-0.005004473950153852
492,frozen,51,1,4,0,0,-1.0,-1.0,1,3,0,1,0.0,-0.005004473950153852
493,frozen,51,7,5,1,0,-1.0,-1.0,1,0,1,0,0.0,-0.005004473950153852
494,frozen,51,4,5,1,1,1.0,1.0,0,nan,nan,nan,0.0,-0.005004473950153852
495,frozen,51,4,4,0,1,1.0,1.0,0,nan,nan,nan,0.0,-0.005004473950153852
496,frozen,51,0,5,1,0,-1.0,-1.0,1,2,0,0,0.0,-0.005004473950153852
497,frozen,51,5,5,1,1,1.0,1.0,0,nan,nan,nan,0.0,-0.005004473950153852
498,frozen,51,3,6,1,0,-1.0,-1.0,1,1,0,0,0.0,-0.005004473950153852
499,frozen,51,3,3,0,1,1.0,1.0,0,nan,nan,nan,0.0,-0.005004473950153852
500,frozen,51,0,4,1,0,-1.0,-1.0,1,1,0,0,0.0,-0.005004473950153852
501,frozen,51,0,3,0,0,-1.0,-1.0,1,0,1,0,0.0,-0.005004473950153852
502,frozen,51,1,5,1,0,-1.0,-1.0,1,0,1,0,0.0,-0.005004473950153852
503,frozen,51,4,3,0,1,1.0,1.0,0,nan,nan,nan,0.0,-0.005004473950153852
504,frozen,51,0,4,1,0,-1.0,-1.0,1,1,0,0,0.0,-0.005004473950153852
505,frozen,51,1,3,0,0,-1.0,-1.0,1,0,1,0,0.0,-0.005004473950153852
506,frozen,51,5,5,1,1,1.0,1.0,0,nan,nan,nan,0.0,-0.005004473950153852
507,frozen,51,1,6,1,0,-1.0,-1.0,1,1,0,0,0.0,-0.005004473950153852
508,frozen,51,4,3,0,1,1.0,1.0,0,nan,nan,nan,0.0,-0.005004473950153852
509,frozen,51,6,4,1,0,-1.0,-1.0,1,1,0,0,0.0,-0.005004473950153852
510,frozen,51,6,5,1,1,1.0,1.0,0,nan,nan,nan,0.0,-0.005004473950153852
511,frozen,51,5,6,1,1,1.0,1.0,0,nan,nan,nan,0.0,-0.005004473950153852
512,frozen,51,2,7,1,0,-1.0,-1.0,1,2,0,0,0.0,-0.005004473950153852
513,frozen,51,0,5,1,0,-1.0,-1.0,1,0,1,0,0.0,-0.005004473950153852
514,frozen,51,3,3,0,1,1.0,1.0,0,nan,nan,nan,0.0,-0.005004473950153852
515,frozen,51,4,4,1,1,1.0,1.0,0,nan,nan,nan,0.0,-0.005004473950153852
516,frozen,51,5,3,0,0,-1.0,-1.0,1,2,0,0,0.0,-0.005004473950153852
517,frozen,51,1,5,1,0,-1.0,-1.0,1,0,1,0,0.0,-0.005004473950153852
518,frozen,51,5,5,1,1,1.0,1.0,0,nan,nan,nan,0.0,-0.005004473950153852
519,frozen,51,0,4,0,0,-1.0,-1.0,1,1,0,0,0.0,-0.005004473950153852
520,frozen,51,2,3,0,1,1.0,1.0,0,nan,nan,nan,0.0,-0.005004473950153852
521,frozen,51,2,2,0,1,1.0,1.0,0,nan,nan,nan,0.0,-0.005004473950153852
522,frozen,51,5,3,1,0,-1.0,-1.0,1,2,0,0,0.0,-0.005004473950153852
523,frozen,51,0,3,0,0,-1.0,-1.0,1,0,1,0,0.0,-0.005004473950153852
524,frozen,51,3,3,0,1,1.0,1.0,0,nan,nan,nan,0.0,-0.005004473950153852
525,frozen,51,8,4,1,0,-1.0,-1.0,1,1,0,0,0.0,-0.005004473950153852
526,frozen,51,6,3,0,0,-1.0,-1.0,1,0,1,0,0.0,-0.005004473950153852
527,frozen,51,5,5,1,1,1.0,1.0,0,nan,nan,nan,0.0,-0.005004473950153852
528,frozen,51,8,6,1,0,-1.0,-1.0,1,1,0,0,0.0,-0.005004473950153852
529,frozen,51,5,5,1,1,1.0,1.0,0,nan,nan,nan,0.0,-0.005004473950153852
530,frozen,51,5,6,1,1,1.0,1.0,0,nan,nan,nan,0.0,-0.005004473950153852
531,frozen,51,1,5,0,0,-1.0,-1.0,1,2,0,0,0.0,-0.005004473950153852
532,frozen,51,7,5,1,0,-1.0,-1.0,1,0,1,0,0.0,-0.005004473950153852
533,frozen,51,6,5,1,1,1.0,1.0,0,nan,nan,nan,0.0,-0.005004473950153852
534,frozen,51,6,6,1,1,1.0,1.0,0,nan,nan,nan,0.0,-0.005004473950153852
535,frozen,51,5,5,0,1,1.0,1.0,0,nan,nan,nan,0.0,-0.005004473950153852
536,frozen,51,5,6,1,1,1.0,1.0,0,nan,nan,nan,0.0,-0.005004473950153852
537,frozen,51,4,7,1,0,-1.0,-1.0,1,4,0,1,0.0,-0.005004473950153852
538,frozen,51,3,3,0,1,1.0,1.0,0,nan,nan,nan,0.0,-0.005004473950153852
539,frozen,51,1,2,0,1,1.0,1.0,0,nan,nan,nan,0.0,-0.005004473950153852
540,frozen,51,6,3,1,0,-1.0,-1.0,1,2,0,0,0.0,-0.005004473950153852
541,frozen,51,1,3,0,0,-1.0,-1.0,1,0,1,0,0.0,-0.005004473950153852
542,frozen,51,8,3,0,0,-1.0,-1.0,1,0,1,0,0.0,-0.005004473950153852
543,frozen,51,8,3,0,0,-1.0,-1.0,1,0,1,0,0.0,-0.005004473950153852
544,frozen,51,4,5,1,1,1.0,1.0,0,nan,nan,nan,0.0,-0.005004473950153852
545,frozen,51,2,6,1,0,-1.0,-1.0,1,1,0,0,0.0,-0.005004473950153852
546,frozen,51,1,5,1,0,-1.0,-1.0,1,0,1,0,0.0,-0.005004473950153852
547,frozen,51,1,5,1,0,-1.0,-1.0,1,0,1,0,0.0,-0.005004473950153852
548,frozen,51,6,3,0,0,-1.0,-1.0,1,0,1,0,0.0,-0.005004473950153852
549,frozen,51,4,5,1,1,1.0,1.0,0,nan,nan,nan,0.0,-0.005004473950153852
550,frozen,51,4,4,0,1,1.0,1.0,0,nan,nan,nan,0.0,-0.005004473950153852
551,frozen,51,3,3,0,1,1.0,1.0,0,nan,nan,nan,0.0,-0.005004473950153852
552,frozen,51,1,2,0,1,1.0,1.0,0,nan,nan,nan,0.0,-0.005004473950153852
553,frozen,51,6,1,0,0,-1.0,-1.0,1,4,0,1,0.0,-0.005004473950153852
554,frozen,51,3,3,0,1,1.0,1.0,0,nan,nan,nan,0.0,-0.005004473950153852
555,frozen,51,4,4,1,1,1.0,1.0,0,nan,nan,nan,0.0,-0.005004473950153852
556,frozen,51,1,3,0,0,-1.0,-1.0,1,2,0,0,0.0,-0.005004473950153852
557,frozen,51,1,5,1,0,-1.0,-1.0,1,0,1,0,0.0,-0.005004473950153852
558,frozen,51,2,3,0,1,1.0,1.0,0,nan,nan,nan,0.0,-0.005004473950153852
559,frozen,51,7,4,1,0,-1.0,-1.0,1,1,0,0,0.0,-0.005004473950153852
560,frozen,51,7,5,1,0,-1.0,-1.0,1,0,1,0,0.0,-0.005004473950153852
561,frozen,51,5,5,1,1,1.0,1.0,0,nan,nan,nan,0.0,-0.005004473950153852
562,frozen,51,2,4,0,0,-1.0,-1.0,1,1,0,0,0.0,-0.005004473950153852
563,frozen,51,8,5,1,0,-1.0,-1.0,1,0,1,0,0.0,-0.005004473950153852
564,frozen,51,2,5,1,0,-1.0,-1.0,1,0,1,0,0.0,-0.005004473950153852
565,frozen,51,1,5,1,0,-1.0,-1.0,1,0,1,0,0.0,-0.005004473950153852
566,frozen,51,6,3,0,0,-1.0,-1.0,1,0,1,0,0.0,-0.005004473950153852
567,frozen,51,5,5,1,1,1.0,1.0,0,nan,nan,nan,0.0,-0.005004473950153852
568,frozen,51,2,6,1,0,-1.0,-1.0,1,1,0,0,0.0,-0.005004473950153852
569,frozen,51,2,5,1,0,-1.0,-1.0,1,0,1,0,0.0,-0.005004473950153852
570,frozen,51,6,5,1,1,1.0,1.0,0,nan,nan,nan,0.0,-0.005004473950153852
571,frozen,51,6,6,1,1,1.0,1.0,0,nan,nan,nan,0.0,-0.005004473950153852
572,frozen,51,1,5,0,0,-1.0,-1.0,1,2,0,0,0.0,-0.005004473950153852
573,frozen,51,3,3,0,1,1.0,1.0,0,nan,nan,nan,0.0,-0.005004473950153852
574,frozen,51,1,4,1,0,-1.0,-1.0,1,1,0,0,0.0,-0.005004473950153852
575,frozen,51,0,3,0,0,-1.0,-1.0,1,0,1,0,0.0,-0.005004473950153852
576,frozen,51,5,5,1,1,1.0,1.0,0,nan,nan,nan,0.0,-0.005004473950153852
577,frozen,51,5,4,0,1,1.0,1.0,0,nan,nan,nan,0.0,-0.005004473950153852
578,frozen,51,6,3,0,0,-1.0,-1.0,1,2,0,0,0.0,-0.005004473950153852
579,frozen,51,5,5,1,1,1.0,1.0,0,nan,nan,nan,0.0,-0.005004473950153852
580,frozen,51,5,4,0,1,1.0,1.0,0,nan,nan,nan,0.0,-0.005004473950153852
581,frozen,51,0,5,1,0,-1.0,-1.0,1,2,0,0,0.0,-0.005004473950153852
582,frozen,51,0,3,0,0,-1.0,-1.0,1,0,1,0,0.0,-0.005004473950153852
583,frozen,51,0,3,0,0,-1.0,-1.0,1,0,1,0,0.0,-0.005004473950153852
584,frozen,51,6,3,0,0,-1.0,-1.0,1,0,1,0,0.0,-0.005004473950153852
585,frozen,51,2,3,0,1,1.0,1.0,0,nan,nan,nan,0.0,-0.005004473950153852
586,frozen,51,3,2,0,1,1.0,1.0,0,nan,nan,nan,0.0,-0.005004473950153852
587,frozen,51,8,3,1,0,-1.0,-1.0,1,2,0,0,0.0,-0.005004473950153852
588,frozen,51,4,5,1,1,1.0,1.0,0,nan,nan,nan,0.0,-0.005004473950153852
589,frozen,51,3,4,0,1,1.0,1.0,0,nan,nan,nan,0.0,-0.005004473950153852
590,frozen,51,3,3,0,1,1.0,1.0,0,nan,nan,nan,0.0,-0.005004473950153852
591,frozen,51,3,4,1,1,1.0,1.0,0,nan,nan,nan,0.0,-0.005004473950153852
592,frozen,51,7,5,1,0,-1.0,-1.0,1,4,0,1,0.0,-0.005004473950153852
593,frozen,51,4,3,0,1,1.0,1.0,0,nan,nan,nan,0.0,-0.005004473950153852
594,frozen,51,6,4,1,0,-1.0,-1.0,1,1,0,0,0.0,-0.005004473950153852
595,frozen,51,3,3,0,1,1.0,1.0,0,nan,nan,nan,0.0,-0.005004473950153852
596,frozen,51,0,4,1,0,-1.0,-1.0,1,1,0,0,0.0,-0.005004473950153852
597,frozen,51,0,5,1,0,-1.0,-1.0,1,0,1,0,0.0,-0.005004473950153852
598,frozen,51,7,5,1,0,-1.0,-1.0,1,0,1,0,0.0,-0.005004473950153852
599,frozen,51,1,5,1,0,-1.0,-1.0,1,0,1,0,0.0,-0.005004473950153852
600,frozen,51,6,3,0,0,-1.0,-1.0,1,0,1,0,0.0,-0.005004473950153852
601,frozen,51,6,3,0,0,-1.0,-1.0,1,0,1,0,0.0,-0.005004473950153852
602,frozen,51,3,3,0,1,1.0,1.0,0,nan,nan,nan,0.0,-0.005004473950153852
603,frozen,51,4,4,1,1,1.0,1.0,0,nan,nan,nan,0.0,-0.005004473950153852
604,frozen,51,4,5,1,1,1.0,1.0,0,nan,nan,nan,0.0,-0.005004473950153852
605,frozen,51,1,4,0,0,-1.0,-1.0,1,3,0,1,0.0,-0.005004473950153852
606,frozen,51,7,5,1,0,-1.0,-1.0,1,0,1,0,0.0,-0.005004473950153852
607,frozen,51,4,5,1,1,1.0,1.0,0,nan,nan,nan,0.0,-0.005004473950153852
608,frozen,51,3,4,0,1,1.0,1.0,0,nan,nan,nan,0.0,-0.005004473950153852
609,frozen,51,4,5,1,1,1.0,1.0,0,nan,nan,nan,0.0,-0.005004473950153852
610,frozen,51,0,6,1,0,-1.0,-1.0,1,3,0,1,0.0,-0.005004473950153852
611,frozen,51,4,5,1,1,1.0,1.0,0,nan,nan,nan,0.0,-0.005004473950153852
612,frozen,51,3,4,0,1,1.0,1.0,0,nan,nan,nan,0.0,-0.005004473950153852
613,frozen,51,4,3,0,1,1.0,1.0,0,nan,nan,nan,0.0,-0.005004473950153852
614,frozen,51,4,4,1,1,1.0,1.0,0,nan,nan,nan,0.0,-0.005004473950153852
615,frozen,51,0,5,1,0,-1.0,-1.0,1,4,0,1,0.0,-0.005004473950153852
616,frozen,51,8,5,1,0,-1.0,-1.0,1,0,1,0,0.0,-0.005004473950153852
617,frozen,51,8,3,0,0,-1.0,-1.0,1,0,1,0,0.0,-0.005004473950153852
618,frozen,51,4,3,0,1,1.0,1.0,0,nan,nan,nan,0.0,-0.005004473950153852
619,frozen,51,4,4,1,1,1.0,1.0,0,nan,nan,nan,0.0,-0.005004473950153852
620,frozen,51,0,3,0,0,-1.0,-1.0,1,2,0,0,0.0,-0.005004473950153852
621,frozen,51,4,3,0,1,1.0,1.0,0,nan,nan,nan,0.0,-0.005004473950153852
622,frozen,51,8,4,1,0,-1.0,-1.0,1,1,0,0,0.0,-0.005004473950153852
623,frozen,51,2,5,1,0,-1.0,-1.0,1,0,1,0,0.0,-0.005004473950153852
624,frozen,51,5,5,1,1,1.0,1.0,0,nan,nan,nan,0.0,-0.005004473950153852
625,frozen,51,1,6,1,0,-1.0,-1.0,1,1,0,0,0.0,-0.005004473950153852
626,frozen,51,8,3,0,0,-1.0,-1.0,1,0,1,0,0.0,-0.005004473950153852
627,frozen,51,7,5,1,0,-1.0,-1.0,1,0,1,0,0.0,-0.005004473950153852
628,frozen,51,0,5,1,0,-1.0,-1.0,1,0,1,0,0.0,-0.005004473950153852
629,frozen,51,6,3,0,0,-1.0,-1.0,1,0,1,0,0.0,-0.005004473950153852
630,frozen,51,7,5,1,0,-1.0,-1.0,1,0,1,0,0.0,-0.005004473950153852
631,frozen,51,5,5,1,1,1.0,1.0,0,nan,nan,nan,0.0,-0.005004473950153852
632,frozen,51,4,4,0,1,1.0,1.0,0,nan,nan,nan,0.0,-0.005004473950153852
633,frozen,51,5,5,1,1,1.0,1.0,0,nan,nan,nan,0.0,-0.005004473950153852
634,frozen,51,3,4,0,1,1.0,1.0,0,nan,nan,nan,0.0,-0.005004473950153852
635,frozen,51,8,5,1,0,-1.0,-1.0,1,4,0,1,0.0,-0.005004473950153852
636,frozen,51,7,5,1,0,-1.0,-1.0,1,0,1,0,0.0,-0.005004473950153852
637,frozen,51,6,3,0,0,-1.0,-1.0,1,0,1,0,0.0,-0.005004473950153852
638,frozen,51,3,3,0,1,1.0,1.0,0,nan,nan,nan,0.0,-0.005004473950153852
639,frozen,51,8,4,1,0,-1.0,-1.0,1,1,0,0,0.0,-0.005004473950153852
640,frozen,51,0,3,0,0,-1.0,-1.0,1,0,1,0,0.0,-0.005004473950153852
641,frozen,51,1,5,1,0,-1.0,-1.0,1,0,1,0,0.0,-0.005004473950153852
642,frozen,51,7,5,1,0,-1.0,-1.0,1,0,1,0,0.0,-0.005004473950153852
643,frozen,51,1,5,1,0,-1.0,-1.0,1,0,1,0,0.0,-0.005004473950153852
644,frozen,51,4,3,0,1,1.0,1.0,0,nan,nan,nan,0.0,-0.005004473950153852
645,frozen,51,1,2,0,1,1.0,1.0,0,nan,nan,nan,0.0,-0.005004473950153852
646,frozen,51,6,3,1,0,-1.0,-1.0,1,2,0,0,0.0,-0.005004473950153852
647,frozen,51,5,5,1,1,1.0,1.0,0,nan,nan,nan,0.0,-0.005004473950153852
648,frozen,51,2,4,0,0,-1.0,-1.0,1,1,0,0,0.0,-0.005004473950153852
649,frozen,51,2,5,1,0,-1.0,-1.0,1,0,1,0,0.0,-0.005004473950153852
650,frozen,51,8,5,1,0,-1.0,-1.0,1,0,1,0,0.0,-0.005004473950153852
651,frozen,51,6,3,0,0,-1.0,-1.0,1,0,1,0,0.0,-0.005004473950153852
652,frozen,51,7,5,1,0,-1.0,-1.0,1,0,1,0,0.0,-0.005004473950153852
653,frozen,51,2,5,1,0,-1.0,-1.0,1,0,1,0,0.0,-0.005004473950153852
654,frozen,51,5,5,1,1,1.0,1.0,0,nan,nan,nan,0.0,-0.005004473950153852
655,frozen,51,2,6,1,0,-1.0,-1.0,1,1,0,0,0.0,-0.005004473950153852
656,frozen,51,3,3,0,1,1.0,1.0,0,nan,nan,nan,0.0,-0.005004473950153852
657,frozen,51,5,2,0,0,-1.0,-1.0,1,1,0,0,0.0,-0.005004473950153852
658,frozen,51,7,5,1,0,-1.0,-1.0,1,0,1,0,0.0,-0.005004473950153852
659,frozen,51,6,5,1,1,1.0,1.0,0,nan,nan,nan,0.0,-0.005004473950153852
660,frozen,51,3,6,1,0,-1.0,-1.0,1,1,0,0,0.0,-0.005004473950153852
661,frozen,51,6,3,0,0,-1.0,-1.0,1,0,1,0,0.0,-0.005004473950153852
662,frozen,51,1,5,1,0,-1.0,-1.0,1,0,1,0,0.0,-0.005004473950153852
663,frozen,51,5,5,1,1,1.0,1.0,0,nan,nan,nan,0.0,-0.005004473950153852
664,frozen,51,0,6,1,0,-1.0,-1.0,1,1,0,0,0.0,-0.005004473950153852
665,frozen,51,8,5,1,0,-1.0,-1.0,1,0,1,0,0.0,-0.005004473950153852
666,frozen,51,3,3,0,1,1.0,1.0,0,nan,nan,nan,0.0,-0.005004473950153852
667,frozen,51,4,4,1,1,1.0,1.0,0,nan,nan,nan,0.0,-0.005004473950153852
668,frozen,51,2,3,0,1,1.0,1.0,0,nan,nan,nan,0.0,-0.005004473950153852
669,frozen,51,5,4,1,1,1.0,1.0,0,nan,nan,nan,0.0,-0.005004473950153852
670,frozen,51,0,5,1,0,-1.0,-1.0,1,4,0,1,0.0,-0.005004473950153852
671,frozen,51,5,5,1,1,1.0,1.0,0,nan,nan,nan,0.0,-0.005004473950153852
672,frozen,51,5,6,1,1,1.0,1.0,0,nan,nan,nan,0.0,-0.005004473950153852
673,frozen,51,1,7,1,0,-1.0,-1.0,1,2,0,0,0.0,-0.005004473950153852
674,frozen,51,6,3,0,0,-1.0,-1.0,1,0,1,0,0.0,-0.005004473950153852
675,frozen,51,7,5,1,0,-1.0,-1.0,1,0,1,0,0.0,-0.005004473950153852
676,frozen,51,0,3,0,0,-1.0,-1.0,1,0,1,0,0.0,-0.005004473950153852
677,frozen,51,8,5,1,0,-1.0,-1.0,1,0,1,0,0.0,-0.005004473950153852
678,frozen,51,7,5,1,0,-1.0,-1.0,1,0,1,0,0.0,-0.005004473950153852
679,frozen,51,5,5,1,1,1.0,1.0,0,nan,nan,nan,0.0,-0.005004473950153852
680,frozen,51,0,6,1,0,-1.0,-1.0,1,1,0,0,0.0,-0.005004473950153852
681,frozen,51,5,5,1,1,1.0,1.0,0,nan,nan,nan,0.0,-0.005004473950153852
682,frozen,51,7,6,1,1,1.0,1.0,0,nan,nan,nan,0.0,-0.005004473950153852
683,frozen,51,3,7,1,0,-1.0,-1.0,1,2,0,0,0.0,-0.005004473950153852
684,frozen,51,7,3,0,0,-1.0,-1.0,1,0,1,0,0.0,-0.005004473950153852
685,frozen,51,0,5,1,0,-1.0,-1.0,1,0,1,0,0.0,-0.005004473950153852
686,frozen,51,8,5,1,0,-1.0,-1.0,1,0,1,0,0.0,-0.005004473950153852
687,frozen,51,5,5,1,1,1.0,1.0,0,nan,nan,nan,0.0,-0.005004473950153852
688,frozen,51,8,6,1,0,-1.0,-1.0,1,1,0,0,0.0,-0.005004473950153852
689,frozen,51,3,3,0,1,1.0,1.0,0,nan,nan,nan,0.0,-0.005004473950153852
690,frozen,51,5,2,0,0,-1.0,-1.0,1,1,0,0,0.0,-0.005004473950153852
691,frozen,51,5,5,1,1,1.0,1.0,0,nan,nan,nan,0.0,-0.005004473950153852
692,frozen,51,6,6,1,1,1.0,1.0,0,nan,nan,nan,0.0,-0.005004473950153852
693,frozen,51,7,7,1,1,1.0,1.0,0,nan,nan,nan,0.0,-0.005004473950153852
694,frozen,51,7,8,1,1,1.0,1.0,0,nan,nan,nan,0.0,-0.005004473950153852
695,frozen,51,5,8,1,0,-1.0,-1.0,1,4,0,1,0.0,-0.005004473950153852
696,frozen,51,6,5,1,1,1.0,1.0,0,nan,nan,nan,0.0,-0.005004473950153852
697,frozen,51,4,4,0,1,1.0,1.0,0,nan,nan,nan,0.0,-0.005004473950153852
698,frozen,51,2,5,1,0,-1.0,-1.0,1,2,0,0,0.0,-0.005004473950153852
699,frozen,51,7,5,1,0,-1.0,-1.0,1,0,1,0,0.0,-0.005004473950153852
700,frozen,51,6,5,1,1,1.0,1.0,0,nan,nan,nan,0.0,-0.005004473950153852
701,frozen,51,2,6,1,0,-1.0,-1.0,1,1,0,0,0.0,-0.005004473950153852
702,frozen,51,5,5,1,1,1.0,1.0,0,nan,nan,nan,0.0,-0.005004473950153852
703,frozen,51,2,6,1,0,-1.0,-1.0,1,1,0,0,0.0,-0.005004473950153852
704,frozen,51,8,3,0,0,-1.0,-1.0,1,0,1,0,0.0,-0.005004473950153852
705,frozen,51,2,3,0,1,1.0,1.0,0,nan,nan,nan,0.0,-0.005004473950153852
706,frozen,51,0,4,1,0,-1.0,-1.0,1,1,0,0,0.0,-0.005004473950153852
707,frozen,51,1,5,1,0,-1.0,-1.0,1,0,1,0,0.0,-0.005004473950153852
708,frozen,51,5,5,1,1,1.0,1.0,0,nan,nan,nan,0.0,-0.005004473950153852
709,frozen,51,8,6,1,0,-1.0,-1.0,1,1,0,0,0.0,-0.005004473950153852
710,frozen,51,6,5,1,1,1.0,1.0,0,nan,nan,nan,0.0,-0.005004473950153852
711,frozen,51,6,6,1,1,1.0,1.0,0,nan,nan,nan,0.0,-0.005004473950153852
712,frozen,51,3,7,1,0,-1.0,-1.0,1,2,0,0,0.0,-0.005004473950153852
713,frozen,51,4,3,0,1,1.0,1.0,0,nan,nan,nan,0.0,-0.005004473950153852
714,frozen,51,6,4,1,0,-1.0,-1.0,1,1,0,0,0.0,-0.005004473950153852
715,frozen,51,6,5,1,1,1.0,1.0,0,nan,nan,nan,0.0,-0.005004473950153852
716,frozen,51,0,4,0,0,-1.0,-1.0,1,1,0,0,0.0,-0.005004473950153852
717,frozen,51,3,3,0,1,1.0,1.0,0,nan,nan,nan,0.0,-0.005004473950153852
718,frozen,51,0,4,1,0,-1.0,-1.0,1,1,0,0,0.0,-0.005004473950153852
719,frozen,51,5,5,1,1,1.0,1.0,0,nan,nan,nan,0.0,-0.005004473950153852
720,frozen,51,5,6,1,1,1.0,1.0,0,nan,nan,nan,0.0,-0.005004473950153852
721,frozen,51,5,5,0,1,1.0,1.0,0,nan,nan,nan,0.0,-0.005004473950153852
722,frozen,51,5,4,0,1,1.0,1.0,0,nan,nan,nan,0.0,-0.005004473950153852
723,frozen,51,7,5,1,0,-1.0,-1.0,1,4,0,1,0.0,-0.005004473950153852
724,frozen,51,7,5,1,0,-1.0,-1.0,1,0,1,0,0.0,-0.005004473950153852
725,frozen,51,3,3,0,1,1.0,1.0,0,nan,nan,nan,0.0,-0.005004473950153852
726,frozen,51,0,4,1,0,-1.0,-1.0,1,1,0,0,0.0,-0.005004473950153852
727,frozen,51,0,3,0,0,-1.0,-1.0,1,0,1,0,0.0,-0.005004473950153852
728,frozen,51,1,5,1,0,-1.0,-1.0,1,0,1,0,0.0,-0.005004473950153852
729,frozen,51,4,3,0,1,1.0,1.0,0,nan,nan,nan,0.0,-0.005004473950153852
730,frozen,51,2,2,0,1,1.0,1.0,0,nan,nan,nan,0.0,-0.005004473950153852
731,frozen,51,7,3,1,0,-1.0,-1.0,1,2,0,0,0.0,-0.005004473950153852
732,frozen,51,7,5,1,0,-1.0,-1.0,1,0,1,0,0.0,-0.005004473950153852
733,frozen,51,8,5,1,0,-1.0,-1.0,1,0,1,0,0.0,-0.005004473950153852
734,frozen,51,0,3,0,0,-1.0,-1.0,1,0,1,0,0.0,-0.005004473950153852
735,frozen,51,1,5,1,0,-1.0,-1.0,1,0,1,0,0.0,-0.005004473950153852
736,frozen,51,7,5,1,0,-1.0,-1.0,1,0,1,0,0.0,-0.005004473950153852
737,frozen,51,0,5,1,0,-1.0,-1.0,1,0,1,0,0.0,-0.005004473950153852
738,frozen,51,8,3,0,0,-1.0,-1.0,1,0,1,0,0.0,-0.005004473950153852
739,frozen,51,0,3,0,0,-1.0,-1.0,1,0,1,0,0.0,-0.005004473950153852
740,frozen,51,8,5,1,0,-1.0,-1.0,1,0,1,0,0.0,-0.005004473950153852
741,frozen,51,4,3,0,1,1.0,1.0,0,nan,nan,nan,0.0,-0.005004473950153852
742,frozen,51,5,4,1,1,1.0,1.0,0,nan,nan,nan,0.0,-0.005004473950153852
743,frozen,51,0,5,1,0,-1.0,-1.0,1,2,0,0,0.0,-0.005004473950153852
744,frozen,51,8,5,1,0,-1.0,-1.0,1,0,1,0,0.0,-0.005004473950153852
745,frozen,51,0,3,0,0,-1.0,-1.0,1,0,1,0,0.0,-0.005004473950153852
746,frozen,51,3,3,0,1,1.0,1.0,0,nan,nan,nan,0.0,-0.005004473950153852
747,frozen,51,6,4,1,0,-1.0,-1.0,1,1,0,0,0.0,-0.005004473950153852
748,frozen,51,5,5,1,1,1.0,1.0,0,nan,nan,nan,0.0,-0.005004473950153852
749,frozen,51,7,4,0,0,-1.0,-1.0,1,1,0,0,0.0,-0.005004473950153852
750,frozen,51,6,5,1,1,1.0,1.0,0,nan,nan,nan,0.0,-0.005004473950153852
751,frozen,51,5,6,1,1,1.0,1.0,0,nan,nan,nan,0.0,-0.005004473950153852
752,frozen,51,4,7,1,0,-1.0,-1.0,1,2,0,0,0.0,-0.005004473950153852
753,frozen,51,3,3,0,1,1.0,1.0,0,nan,nan,nan,0.0,-0.005004473950153852
754,frozen,51,8,4,1,0,-1.0,-1.0,1,1,0,0,0.0,-0.005004473950153852
755,frozen,51,0,5,1,0,-1.0,-1.0,1,0,1,0,0.0,-0.005004473950153852
756,frozen,51,5,5,1,1,1.0,1.0,0,nan,nan,nan,0.0,-0.005004473950153852
757,frozen,51,7,4,0,0,-1.0,-1.0,1,1,0,0,0.0,-0.005004473950153852
758,frozen,51,7,3,0,0,-1.0,-1.0,1,0,1,0,0.0,-0.005004473950153852
759,frozen,51,8,5,1,0,-1.0,-1.0,1,0,1,0,0.0,-0.005004473950153852
760,frozen,51,1,5,1,0,-1.0,-1.0,1,0,1,0,0.0,-0.005004473950153852
761,frozen,51,8,3,0,0,-1.0,-1.0,1,0,1,0,0.0,-0.005004473950153852
762,frozen,51,2,5,1,0,-1.0,-1.0,1,0,1,0,0.0,-0.005004473950153852
763,frozen,51,5,5,1,1,1.0,1.0,0,nan,nan,nan,0.0,-0.005004473950153852
764,frozen,51,8,6,1,0,-1.0,-1.0,1,1,0,0,0.0,-0.005004473950153852
765,frozen,51,7,5,1,0,-1.0,-1.0,1,0,1,0,0.0,-0.005004473950153852
766,frozen,51,7,5,1,0,-1.0,-1.0,1,0,1,0,0.0,-0.005004473950153852
767,frozen,51,8,5,1,0,-1.0,-1.0,1,0,1,0,0.0,-0.005004473950153852
768,frozen,51,4,5,1,1,1.0,1.0,0,nan,nan,nan,0.0,-0.005004473950153852
769,frozen,51,1,6,1,0,-1.0,-1.0,1,1,0,0,0.0,-0.005004473950153852
770,frozen,51,0,5,1,0,-1.0,-1.0,1,0,1,0,0.0,-0.005004473950153852
771,frozen,51,4,3,0,1,1.0,1.0,0,nan,nan,nan,0.0,-0.005004473950153852
772,frozen,51,4,4,1,1,1.0,1.0,0,nan,nan,nan,0.0,-0.005004473950153852
773,frozen,51,4,3,0,1,1.0,1.0,0,nan,nan,nan,0.0,-0.005004473950153852
774,frozen,51,5,4,1,1,1.0,1.0,0,nan,nan,nan,0.0,-0.005004473950153852
775,frozen,51,6,3,0,0,-1.0,-1.0,1,4,0,1,0.0,-0.005004473950153852
776,frozen,51,3,3,0,1,1.0,1.0,0,nan,nan,nan,0.0,-0.005004473950153852
777,frozen,51,3,2,0,1,1.0,1.0,0,nan,nan,nan,0.0,-0.005004473950153852
778,frozen,51,5,3,1,0,-1.0,-1.0,1,2,0,0,0.0,-0.005004473950153852
779,frozen,51,5,5,1,1,1.0,1.0,0,nan,nan,nan,0.0,-0.005004473950153852
780,frozen,51,0,6,1,0,-1.0,-1.0,1,1,0,0,0.0,-0.005004473950153852
781,frozen,51,2,3,0,1,1.0,1.0,0,nan,nan,nan,0.0,-0.005004473950153852
782,frozen,51,0,4,1,0,-1.0,-1.0,1,1,0,0,0.0,-0.005004473950153852
783,frozen,51,0,5,1,0,-1.0,-1.0,1,0,1,0,0.0,-0.005004473950153852
784,frozen,51,8,5,1,0,-1.0,-1.0,1,0,1,0,0.0,-0.005004473950153852
785,frozen,51,2,5,1,0,-1.0,-1.0,1,0,1,0,0.0,-0.005004473950153852
786,frozen,51,6,5,1,1,1.0,1.0,0,nan,nan,nan,0.0,-0.005004473950153852
787,frozen,51,3,6,1,0,-1.0,-1.0,1,1,0,0,0.0,-0.005004473950153852
788,frozen,51,1,5,1,0,-1.0,-1.0,1,0,1,0,0.0,-0.005004473950153852
789,frozen,51,1,5,1,0,-1.0,-1.0,1,0,1,0,0.0,-0.005004473950153852
790,frozen,51,1,5,1,0,-1.0,-1.0,1,0,1,0,0.0,-0.005004473950153852
791,frozen,51,7,5,1,0,-1.0,-1.0,1,0,1,0,0.0,-0.005004473950153852
792,frozen,51,3,3,0,1,1.0,1.0,0,nan,nan,nan,0.0,-0.005004473950153852
793,frozen,51,1,2,0,1,1.0,1.0,0,nan,nan,nan,0.0,-0.005004473950153852
794,frozen,51,6,3,1,0,-1.0,-1.0,1,2,0,0,0.0,-0.005004473950153852
795,frozen,51,6,3,0,0,-1.0,-1.0,1,0,1,0,0.0,-0.005004473950153852
796,frozen,51,1,5,1,0,-1.0,-1.0,1,0,1,0,0.0,-0.005004473950153852
797,frozen,51,0,5,1,0,-1.0,-1.0,1,0,1,0,0.0,-0.005004473950153852
798,frozen,51,0,3,0,0,-1.0,-1.0,1,0,1,0,0.0,-0.005004473950153852
799,frozen,51,2,3,0,1,1.0,1.0,0,nan,nan,nan,0.0,-0.005004473950153852
800,frozen,51,8,4,1,0,-1.0,-1.0,1,1,0,0,0.0,-0.005004473950153852
801,frozen,51,2,3,0,1,1.0,1.0,0,nan,nan,nan,0.0,-0.005004473950153852
802,frozen,51,8,4,1,0,-1.0,-1.0,1,1,0,0,0.0,-0.005004473950153852
803,frozen,51,2,5,1,0,-1.0,-1.0,1,0,1,0,0.0,-0.005004473950153852
804,frozen,51,3,3,0,1,1.0,1.0,0,nan,nan,nan,0.0,-0.005004473950153852
805,frozen,51,4,4,1,1,1.0,1.0,0,nan,nan,nan,0.0,-0.005004473950153852
806,frozen,51,3,3,0,1,1.0,1.0,0,nan,nan,nan,0.0,-0.005004473950153852
807,frozen,51,1,4,1,0,-1.0,-1.0,1,3,0,1,0.0,-0.005004473950153852
808,frozen,51,4,5,1,1,1.0,1.0,0,nan,nan,nan,0.0,-0.005004473950153852
809,frozen,51,0,4,0,0,-1.0,-1.0,1,1,0,0,0.0,-0.005004473950153852
810,frozen,51,8,5,1,0,-1.0,-1.0,1,0,1,0,0.0,-0.005004473950153852
811,frozen,51,7,3,0,0,-1.0,-1.0,1,0,1,0,0.0,-0.005004473950153852
812,frozen,51,8,5,1,0,-1.0,-1.0,1,0,1,0,0.0,-0.005004473950153852
813,frozen,51,2,5,1,0,-1.0,-1.0,1,0,1,0,0.0,-0.005004473950153852
814,frozen,51,4,5,1,1,1.0,1.0,0,nan,nan,nan,0.0,-0.005004473950153852
815,frozen,51,8,6,1,0,-1.0,-1.0,1,1,0,0,0.0,-0.005004473950153852
816,frozen,51,3,3,0,1,1.0,1.0,0,nan,nan,nan,0.0,-0.005004473950153852
817,frozen,51,0,4,1,0,-1.0,-1.0,1,1,0,0,0.0,-0.005004473950153852
818,frozen,51,1,5,1,0,-1.0,-1.0,1,0,1,0,0.0,-0.005004473950153852
819,frozen,51,8,3,0,0,-1.0,-1.0,1,0,1,0,0.0,-0.005004473950153852
820,frozen,51,1,5,1,0,-1.0,-1.0,1,0,1,0,0.0,-0.005004473950153852
821,frozen,51,2,5,1,0,-1.0,-1.0,1,0,1,0,0.0,-0.005004473950153852
822,frozen,51,2,5,1,0,-1.0,-1.0,1,0,1,0,0.0,-0.005004473950153852
823,frozen,51,8,5,1,0,-1.0,-1.0,1,0,1,0,0.0,-0.005004473950153852
824,frozen,51,6,3,0,0,-1.0,-1.0,1,0,1,0,0.0,-0.005004473950153852
825,frozen,51,2,3,0,1,1.0,1.0,0,nan,nan,nan,0.0,-0.005004473950153852
826,frozen,51,7,4,1,0,-1.0,-1.0,1,1,0,0,0.0,-0.005004473950153852
827,frozen,51,3,5,1,0,-1.0,-1.0,1,0,1,0,0.0,-0.005004473950153852
828,frozen,51,8,5,1,0,-1.0,-1.0,1,0,1,0,0.0,-0.005004473950153852
829,frozen,51,2,3,0,1,1.0,1.0,0,nan,nan,nan,0.0,-0.005004473950153852
830,frozen,51,5,2,0,0,-1.0,-1.0,1,1,0,0,0.0,-0.005004473950153852
831,frozen,51,7,5,1,0,-1.0,-1.0,1,0,1,0,0.0,-0.005004473950153852
832,frozen,51,8,3,0,0,-1.0,-1.0,1,0,1,0,0.0,-0.005004473950153852
833,frozen,51,2,5,1,0,-1.0,-1.0,1,0,1,0,0.0,-0.005004473950153852
834,frozen,51,5,5,1,1,1.0,1.0,0,nan,nan,nan,0.0,-0.005004473950153852
835,frozen,51,5,6,1,1,1.0,1.0,0,nan,nan,nan,0.0,-0.005004473950153852
836,frozen,51,0,7,1,0,-1.0,-1.0,1,2,0,0,0.0,-0.005004473950153852
837,frozen,51,8,3,0,0,-1.0,-1.0,1,0,1,0,0.0,-0.005004473950153852
838,frozen,51,5,5,1,1,1.0,1.0,0,nan,nan,nan,0.0,-0.005004473950153852
839,frozen,51,2,4,0,0,-1.0,-1.0,1,1,0,0,0.0,-0.005004473950153852
840,frozen,51,1,5,1,0,-1.0,-1.0,1,0,1,0,0.0,-0.005004473950153852
841,frozen,51,4,5,1,1,1.0,1.0,0,nan,nan,nan,0.0,-0.005004473950153852
842,frozen,51,7,6,1,1,1.0,1.0,0,nan,nan,nan,0.0,-0.005004473950153852
843,frozen,51,0,7,1,0,-1.0,-1.0,1,2,0,0,0.0,-0.005004473950153852
844,frozen,51,2,3,0,1,1.0,1.0,0,nan,nan,nan,0.0,-0.005004473950153852
845,frozen,51,6,4,1,0,-1.0,-1.0,1,1,0,0,0.0,-0.005004473950153852
846,frozen,51,8,5,1,0,-1.0,-1.0,1,0,1,0,0.0,-0.005004473950153852
847,frozen,51,8,3,0,0,-1.0,-1.0,1,0,1,0,0.0,-0.005004473950153852
848,frozen,51,6,3,0,0,-1.0,-1.0,1,0,1,0,0.0,-0.005004473950153852
849,frozen,51,4,5,1,1,1.0,1.0,0,nan,nan,nan,0.0,-0.005004473950153852
850,frozen,51,5,4,0,1,1.0,1.0,0,nan,nan,nan,0.0,-0.005004473950153852
851,frozen,51,5,5,1,1,1.0,1.0,0,nan,nan,nan,0.0,-0.005004473950153852
852,frozen,51,1,4,0,0,-1.0,-1.0,1,3,0,1,0.0,-0.005004473950153852
853,frozen,51,0,3,0,0,-1.0,-1.0,1,0,1,0,0.0,-0.005004473950153852
854,frozen,51,3,3,0,1,1.0,1.0,0,nan,nan,nan,0.0,-0.005004473950153852
855,frozen,51,7,4,1,0,-1.0,-1.0,1,1,0,0,0.0,-0.005004473950153852
856,frozen,51,8,3,0,0,-1.0,-1.0,1,0,1,0,0.0,-0.005004473950153852
857,frozen,51,6,5,1,1,1.0,1.0,0,nan,nan,nan,0.0,-0.005004473950153852
858,frozen,51,7,4,0,0,-1.0,-1.0,1,1,0,0,0.0,-0.005004473950153852
859,frozen,51,7,5,1,0,-1.0,-1.0,1,0,1,0,0.0,-0.005004473950153852
860,frozen,51,5,5,1,1,1.0,1.0,0,nan,nan,nan,0.0,-0.005004473950153852
861,frozen,51,3,4,0,1,1.0,1.0,0,nan,nan,nan,0.0,-0.005004473950153852
862,frozen,51,0,3,0,0,-1.0,-1.0,1,2,0,0,0.0,-0.005004473950153852
863,frozen,51,1,5,1,0,-1.0,-1.0,1,0,1,0,0.0,-0.005004473950153852
864,frozen,51,8,3,0,0,-1.0,-1.0,1,0,1,0,0.0,-0.005004473950153852
865,frozen,51,2,3,0,1,1.0,1.0,0,nan,nan,nan,0.0,-0.005004473950153852
866,frozen,51,4,4,1,1,1.0,1.0,0,nan,nan,nan,0.0,-0.005004473950153852
867,frozen,51,6,5,1,1,1.0,1.0,0,nan,nan,nan,0.0,-0.005004473950153852
868,frozen,51,5,4,0,1,1.0,1.0,0,nan,nan,nan,0.0,-0.005004473950153852
869,frozen,51,1,5,1,0,-1.0,-1.0,1,4,0,1,0.0,-0.005004473950153852
870,frozen,51,1,3,0,0,-1.0,-1.0,1,0,1,0,0.0,-0.005004473950153852
871,frozen,51,5,5,1,1,1.0,1.0,0,nan,nan,nan,0.0,-0.005004473950153852
872,frozen,51,0,4,0,0,-1.0,-1.0,1,1,0,0,0.0,-0.005004473950153852
873,frozen,51,1,5,1,0,-1.0,-1.0,1,0,1,0,0.0,-0.005004473950153852
874,frozen,51,3,3,0,1,1.0,1.0,0,nan,nan,nan,0.0,-0.005004473950153852
875,frozen,51,2,2,0,1,1.0,1.0,0,nan,nan,nan,0.0,-0.005004473950153852
876,frozen,51,7,3,1,0,-1.0,-1.0,1,2,0,0,0.0,-0.005004473950153852
877,frozen,51,1,5,1,0,-1.0,-1.0,1,0,1,0,0.0,-0.005004473950153852
878,frozen,51,0,5,1,0,-1.0,-1.0,1,0,1,0,0.0,-0.005004473950153852
879,frozen,51,5,5,1,1,1.0,1.0,0,nan,nan,nan,0.0,-0.005004473950153852
880,frozen,51,0,6,1,0,-1.0,-1.0,1,1,0,0,0.0,-0.005004473950153852
881,frozen,51,0,3,0,0,-1.0,-1.0,1,0,1,0,0.0,-0.005004473950153852
882,frozen,51,6,5,1,1,1.0,1.0,0,nan,nan,nan,0.0,-0.005004473950153852
883,frozen,51,0,6,1,0,-1.0,-1.0,1,1,0,0,0.0,-0.005004473950153852
884,frozen,51,4,5,1,1,1.0,1.0,0,nan,nan,nan,0.0,-0.005004473950153852
885,frozen,51,8,6,1,0,-1.0,-1.0,1,1,0,0,0.0,-0.005004473950153852
886,frozen,51,7,5,1,0,-1.0,-1.0,1,0,1,0,0.0,-0.005004473950153852
887,frozen,51,7,5,1,0,-1.0,-1.0,1,0,1,0,0.0,-0.005004473950153852
888,frozen,51,5,5,1,1,1.0,1.0,0,nan,nan,nan,0.0,-0.005004473950153852
889,frozen,51,5,4,0,1,1.0,1.0,0,nan,nan,nan,0.0,-0.005004473950153852
890,frozen,51,3,3,0,1,1.0,1.0,0,nan,nan,nan,0.0,-0.005004473950153852
891,frozen,51,2,2,0,1,1.0,1.0,0,nan,nan,nan,0.0,-0.005004473950153852
892,frozen,51,6,3,1,0,-1.0,-1.0,1,4,0,1,0.0,-0.005004473950153852
893,frozen,51,7,5,1,0,-1.0,-1.0,1,0,1,0,0.0,-0.005004473950153852
894,frozen,51,3,3,0,1,1.0,1.0,0,nan,nan,nan,0.0,-0.005004473950153852
895,frozen,51,6,4,1,0,-1.0,-1.0,1,1,0,0,0.0,-0.005004473950153852
896,frozen,51,4,3,0,1,1.0,1.0,0,nan,nan,nan,0.0,-0.005004473950153852
897,frozen,51,7,4,1,0,-1.0,-1.0,1,1,0,0,0.0,-0.005004473950153852
898,frozen,51,5,5,1,1,1.0,1.0,0,nan,nan,nan,0.0,-0.005004473950153852
899,frozen,51,2,6,1,0,-1.0,-1.0,1,1,0,0,0.0,-0.005004473950153852
900,frozen,51,8,3,0,0,-1.0,-1.0,1,0,1,0,0.0,-0.005004473950153852
901,frozen,51,0,3,0,0,-1.0,-1.0,1,0,1,0,0.0,-0.005004473950153852
902,frozen,51,6,5,1,1,1.0,1.0,0,nan,nan,nan,0.0,-0.005004473950153852
903,frozen,51,5,4,0,1,1.0,1.0,0,nan,nan,nan,0.0,-0.005004473950153852
904,frozen,51,7,5,1,0,-1.0,-1.0,1,2,0,0,0.0,-0.005004473950153852
905,frozen,51,0,3,0,0,-1.0,-1.0,1,0,1,0,0.0,-0.005004473950153852
906,frozen,51,5,5,1,1,1.0,1.0,0,nan,nan,nan,0.0,-0.005004473950153852
907,frozen,51,8,6,1,0,-1.0,-1.0,1,1,0,0,0.0,-0.005004473950153852
908,frozen,51,2,3,0,1,1.0,1.0,0,nan,nan,nan,0.0,-0.005004473950153852
909,frozen,51,6,4,1,0,-1.0,-1.0,1,1,0,0,0.0,-0.005004473950153852
910,frozen,51,2,3,0,1,1.0,1.0,0,nan,nan,nan,0.0,-0.005004473950153852
911,frozen,51,7,2,0,0,-1.0,-1.0,1,1,0,0,0.0,-0.005004473950153852
912,frozen,51,6,3,0,0,-1.0,-1.0,1,0,1,0,0.0,-0.005004473950153852
913,frozen,51,2,3,0,1,1.0,1.0,0,nan,nan,nan,0.0,-0.005004473950153852
914,frozen,51,5,4,1,1,1.0,1.0,0,nan,nan,nan,0.0,-0.005004473950153852
915,frozen,51,1,5,1,0,-1.0,-1.0,1,2,0,0,0.0,-0.005004473950153852
916,frozen,51,2,3,0,1,1.0,1.0,0,nan,nan,nan,0.0,-0.005004473950153852
917,frozen,51,1,2,0,1,1.0,1.0,0,nan,nan,nan,0.0,-0.005004473950153852
918,frozen,51,8,1,0,0,-1.0,-1.0,1,2,0,0,0.0,-0.005004473950153852
919,frozen,51,3,3,0,1,1.0,1.0,0,nan,nan,nan,0.0,-0.005004473950153852
920,frozen,51,0,4,1,0,-1.0,-1.0,1,1,0,0,0.0,-0.005004473950153852
921,frozen,51,0,5,1,0,-1.0,-1.0,1,0,1,0,0.0,-0.005004473950153852
922,frozen,51,1,5,1,0,-1.0,-1.0,1,0,1,0,0.0,-0.005004473950153852
923,frozen,51,6,5,1,1,1.0,1.0,0,nan,nan,nan,0.0,-0.005004473950153852
924,frozen,51,3,4,0,1,1.0,1.0,0,nan,nan,nan,0.0,-0.005004473950153852
925,frozen,51,4,3,0,1,1.0,1.0,0,nan,nan,nan,0.0,-0.005004473950153852
926,frozen,51,8,4,1,0,-1.0,-1.0,1,3,0,1,0.0,-0.005004473950153852
927,frozen,51,3,5,1,0,-1.0,-1.0,1,0,1,0,0.0,-0.005004473950153852
928,frozen,51,2,3,0,1,1.0,1.0,0,nan,nan,nan,0.0,-0.005004473950153852
929,frozen,51,3,4,1,1,1.0,1.0,0,nan,nan,nan,0.0,-0.005004473950153852
930,frozen,51,8,3,0,0,-1.0,-1.0,1,2,0,0,0.0,-0.005004473950153852
931,frozen,51,2,5,1,0,-1.0,-1.0,1,0,1,0,0.0,-0.005004473950153852
932,frozen,51,8,3,0,0,-1.0,-1.0,1,0,1,0,0.0,-0.005004473950153852
933,frozen,51,4,5,1,1,1.0,1.0,0,nan,nan,nan,0.0,-0.005004473950153852
934,frozen,51,7,4,0,0,-1.0,-1.0,1,1,0,0,0.0,-0.005004473950153852
935,frozen,51,1,5,1,0,-1.0,-1.0,1,0,1,0,0.0,-0.005004473950153852
936,frozen,51,3,3,0,1,1.0,1.0,0,nan,nan,nan,0.0,-0.005004473950153852
937,frozen,51,0,2,0,0,-1.0,-1.0,1,1,0,0,0.0,-0.005004473950153852
938,frozen,51,4,3,0,1,1.0,1.0,0,nan,nan,nan,0.0,-0.005004473950153852
939,frozen,51,8,4,1,0,-1.0,-1.0,1,1,0,0,0.0,-0.005004473950153852
940,frozen,51,2,3,0,1,1.0,1.0,0,nan,nan,nan,0.0,-0.005004473950153852
941,frozen,51,5,2,0,0,-1.0,-1.0,1,1,0,0,0.0,-0.005004473950153852
942,frozen,51,3,3,0,1,1.0,1.0,0,nan,nan,nan,0.0,-0.005004473950153852
943,frozen,51,1,4,1,0,-1.0,-1.0,1,1,0,0,0.0,-0.005004473950153852
944,frozen,51,2,5,1,0,-1.0,-1.0,1,0,1,0,0.0,-0.005004473950153852
945,frozen,51,6,3,0,0,-1.0,-1.0,1,0,1,0,0.0,-0.005004473950153852
946,frozen,51,5,3,0,0,-1.0,-1.0,1,0,1,0,0.0,-0.005004473950153852
947,frozen,51,8,5,1,0,-1.0,-1.0,1,0,1,0,0.0,-0.005004473950153852
948,frozen,51,0,3,0,0,-1.0,-1.0,1,0,1,0,0.0,-0.005004473950153852
949,frozen,51,7,5,1,0,-1.0,-1.0,1,0,1,0,0.0,-0.005004473950153852
950,frozen,51,8,3,0,0,-1.0,-1.0,1,0,1,0,0.0,-0.005004473950153852
951,frozen,51,6,5,1,1,1.0,1.0,0,nan,nan,nan,0.0,-0.005004473950153852
952,frozen,51,1,4,0,0,-1.0,-1.0,1,1,0,0,0.0,-0.005004473950153852
953,frozen,51,7,5,1,0,-1.0,-1.0,1,0,1,0,0.0,-0.005004473950153852
954,frozen,51,3,3,0,1,1.0,1.0,0,nan,nan,nan,0.0,-0.005004473950153852
955,frozen,51,2,4,1,0,-1.0,-1.0,1,1,0,0,0.0,-0.005004473950153852
956,frozen,51,5,5,1,1,1.0,1.0,0,nan,nan,nan,0.0,-0.005004473950153852
957,frozen,51,0,6,1,0,-1.0,-1.0,1,1,0,0,0.0,-0.005004473950153852
958,frozen,51,7,5,1,0,-1.0,-1.0,1,0,1,0,0.0,-0.005004473950153852
959,frozen,51,1,5,1,0,-1.0,-1.0,1,0,1,0,0.0,-0.005004473950153852
960,frozen,51,3,5,1,0,-1.0,-1.0,1,0,1,0,0.0,-0.005004473950153852
961,frozen,51,7,5,1,0,-1.0,-1.0,1,0,1,0,0.0,-0.005004473950153852
962,frozen,51,8,5,1,0,-1.0,-1.0,1,0,1,0,0.0,-0.005004473950153852
963,frozen,51,1,5,1,0,-1.0,-1.0,1,0,1,0,0.0,-0.005004473950153852
964,frozen,51,3,3,0,1,1.0,1.0,0,nan,nan,nan,0.0,-0.005004473950153852
965,frozen,51,3,2,0,1,1.0,1.0,0,nan,nan,nan,0.0,-0.005004473950153852
966,frozen,51,7,3,1,0,-1.0,-1.0,1,2,0,0,0.0,-0.005004473950153852
967,frozen,51,8,5,1,0,-1.0,-1.0,1,0,1,0,0.0,-0.005004473950153852
968,frozen,51,6,3,0,0,-1.0,-1.0,1,0,1,0,0.0,-0.005004473950153852
969,frozen,51,5,5,1,1,1.0,1.0,0,nan,nan,nan,0.0,-0.005004473950153852
970,frozen,51,7,6,1,1,1.0,1.0,0,nan,nan,nan,0.0,-0.005004473950153852
971,frozen,51,8,7,1,1,1.0,1.0,0,nan,nan,nan,0.0,-0.005004473950153852
972,frozen,51,4,8,1,0,-1.0,-1.0,1,3,0,1,0.0,-0.005004473950153852
973,frozen,51,5,5,1,1,1.0,1.0,0,nan,nan,nan,0.0,-0.005004473950153852
974,frozen,51,0,4,0,0,-1.0,-1.0,1,1,0,0,0.0,-0.005004473950153852
975,frozen,51,1,5,1,0,-1.0,-1.0,1,0,1,0,0.0,-0.005004473950153852
976,frozen,51,7,5,1,0,-1.0,-1.0,1,0,1,0,0.0,-0.005004473950153852
977,frozen,51,4,3,0,1,1.0,1.0,0,nan,nan,nan,0.0,-0.005004473950153852
978,frozen,51,8,4,1,0,-1.0,-1.0,1,1,0,0,0.0,-0.005004473950153852
979,frozen,51,5,5,1,1,1.0,1.0,0,nan,nan,nan,0.0,-0.005004473950153852
980,frozen,51,1,6,1,0,-1.0,-1.0,1,1,0,0,0.0,-0.005004473950153852
981,frozen,51,8,5,1,0,-1.0,-1.0,1,0,1,0,0.0,-0.005004473950153852
982,frozen,51,7,5,1,0,-1.0,-1.0,1,0,1,0,0.0,-0.005004473950153852
983,frozen,51,8,5,1,0,-1.0,-1.0,1,0,1,0,0.0,-0.005004473950153852
984,frozen,51,3,3,0,1,1.0,1.0,0,nan,nan,nan,0.0,-0.005004473950153852
985,frozen,51,4,4,1,1,1.0,1.0,0,nan,nan,nan,0.0,-0.005004473950153852
986,frozen,51,5,5,1,1,1.0,1.0,0,nan,nan,nan,0.0,-0.005004473950153852
987,frozen,51,3,6,1,0,-1.0,-1.0,1,3,0,1,0.0,-0.005004473950153852
988,frozen,51,5,5,1,1,1.0,1.0,0,nan,nan,nan,0.0,-0.005004473950153852
989,frozen,51,7,4,0,0,-1.0,-1.0,1,1,0,0,0.0,-0.005004473950153852
990,frozen,51,7,5,1,0,-1.0,-1.0,1,0,1,0,0.0,-0.005004473950153852
991,frozen,51,0,5,1,0,-1.0,-1.0,1,0,1,0,0.0,-0.005004473950153852
992,frozen,51,7,5,1,0,-1.0,-1.0,1,0,1,0,0.0,-0.005004473950153852
993,frozen,51,3,3,0,1,1.0,1.0,0,nan,nan,nan,0.0,-0.005004473950153852
994,frozen,51,4,2,0,0,-1.0,-1.0,1,1,0,0,0.0,-0.005004473950153852
995,frozen,51,1,5,1,0,-1.0,-1.0,1,0,1,0,0.0,-0.005004473950153852
996,frozen,51,3,3,0,1,1.0,1.0,0,nan,nan,nan,0.0,-0.005004473950153852
997,frozen,51,6,4,1,0,-1.0,-1.0,1,1,0,0,0.0,-0.005004473950153852
998,frozen,51,2,5,1,0,-1.0,-1.0,1,0,1,0,0.0,-0.005004473950153852
999,frozen,51,6,3,0,0,-1.0,-1.0,1,0,1,0,0.0,-0.005004473950153852
1000,frozen,51,5,5,1,1,1.0,1.0,0,nan,nan,nan,0.0,-0.005004473950153852
1001,frozen,51,3,4,0,1,1.0,1.0,0,nan,nan,nan,0.0,-0.005004473950153852
1002,frozen,51,8,5,1,0,-1.0,-1.0,1,2,0,0,0.0,-0.005004473950153852
1003,frozen,51,8,5,1,0,-1.0,-1.0,1,0,1,0,0.0,-0.005004473950153852
1004,frozen,51,6,3,0,0,-1.0,-1.0,1,0,1,0,0.0,-0.005004473950153852
1005,frozen,51,7,5,1,0,-1.0,-1.0,1,0,1,0,0.0,-0.005004473950153852
1006,frozen,51,4,3,0,1,1.0,1.0,0,nan,nan,nan,0.0,-0.005004473950153852
1007,frozen,51,3,4,1,1,1.0,1.0,0,nan,nan,nan,0.0,-0.005004473950153852
1008,frozen,51,3,3,0,1,1.0,1.0,0,nan,nan,nan,0.0,-0.005004473950153852
1009,frozen,51,2,2,0,1,1.0,1.0,0,nan,nan,nan,0.0,-0.005004473950153852
1010,frozen,51,4,1,0,0,-1.0,-1.0,1,4,0,1,0.0,-0.005004473950153852
1011,frozen,51,0,3,0,0,-1.0,-1.0,1,0,1,0,0.0,-0.005004473950153852
1012,frozen,51,5,5,1,1,1.0,1.0,0,nan,nan,nan,0.0,-0.005004473950153852
1013,frozen,51,1,4,0,0,-1.0,-1.0,1,1,0,0,0.0,-0.005004473950153852
1014,frozen,51,1,5,1,0,-1.0,-1.0,1,0,1,0,0.0,-0.005004473950153852
1015,frozen,51,1,5,1,0,-1.0,-1.0,1,0,1,0,0.0,-0.005004473950153852
1016,frozen,51,2,3,0,1,1.0,1.0,0,nan,nan,nan,0.0,-0.005004473950153852
1017,frozen,51,4,4,1,1,1.0,1.0,0,nan,nan,nan,0.0,-0.005004473950153852
1018,frozen,51,2,5,1,0,-1.0,-1.0,1,2,0,0,0.0,-0.005004473950153852
1019,frozen,51,4,3,0,1,1.0,1.0,0,nan,nan,nan,0.0,-0.005004473950153852
1020,frozen,51,1,4,1,0,-1.0,-1.0,1,1,0,0,0.0,-0.005004473950153852
1021,frozen,51,8,3,0,0,-1.0,-1.0,1,0,1,0,0.0,-0.005004473950153852
1022,frozen,51,7,5,1,0,-1.0,-1.0,1,0,1,0,0.0,-0.005004473950153852
1023,frozen,51,6,3,0,0,-1.0,-1.0,1,0,1,0,0.0,-0.005004473950153852
1024,frozen,51,8,5,1,0,-1.0,-1.0,1,0,1,0,0.0,-0.005004473950153852
1025,frozen,51,2,3,0,1,1.0,1.0,0,nan,nan,nan,0.0,-0.005004473950153852
1026,frozen,51,4,2,0,0,-1.0,-1.0,1,1,0,0,0.0,-0.005004473950153852
1027,frozen,51,0,5,1,0,-1.0,-1.0,1,0,1,0,0.0,-0.005004473950153852
1028,frozen,51,0,3,0,0,-1.0,-1.0,1,0,1,0,0.0,-0.005004473950153852
1029,frozen,51,7,5,1,0,-1.0,-1.0,1,0,1,0,0.0,-0.005004473950153852
1030,frozen,51,1,5,1,0,-1.0,-1.0,1,0,1,0,0.0,-0.005004473950153852
1031,frozen,51,2,3,0,1,1.0,1.0,0,nan,nan,nan,0.0,-0.005004473950153852
1032,frozen,51,8,4,1,0,-1.0,-1.0,1,1,0,0,0.0,-0.005004473950153852
1033,frozen,51,2,3,0,1,1.0,1.0,0,nan,nan,nan,0.0,-0.005004473950153852
1034,frozen,51,0,4,1,0,-1.0,-1.0,1,1,0,0,0.0,-0.005004473950153852
1035,frozen,51,5,5,1,1,1.0,1.0,0,nan,nan,nan,0.0,-0.005004473950153852
1036,frozen,51,8,6,1,0,-1.0,-1.0,1,1,0,0,0.0,-0.005004473950153852
1037,frozen,51,6,3,0,0,-1.0,-1.0,1,0,1,0,0.0,-0.005004473950153852
1038,frozen,51,2,3,0,1,1.0,1.0,0,nan,nan,nan,0.0,-0.005004473950153852
1039,frozen,51,4,4,1,1,1.0,1.0,0,nan,nan,nan,0.0,-0.005004473950153852
1040,frozen,51,2,5,1,0,-1.0,-1.0,1,2,0,0,0.0,-0.005004473950153852
1041,frozen,51,5,5,1,1,1.0,1.0,0,nan,nan,nan,0.0,-0.005004473950153852
1042,frozen,51,3,4,0,1,1.0,1.0,0,nan,nan,nan,0.0,-0.005004473950153852
1043,frozen,51,8,3,0,0,-1.0,-1.0,1,2,0,0,0.0,-0.005004473950153852
1044,frozen,51,6,3,0,0,-1.0,-1.0,1,0,1,0,0.0,-0.005004473950153852
1045,frozen,51,2,3,0,1,1.0,1.0,0,nan,nan,nan,0.0,-0.005004473950153852
1046,frozen,51,7,2,0,0,-1.0,-1.0,1,1,0,0,0.0,-0.005004473950153852
1047,frozen,51,3,3,0,1,1.0,1.0,0,nan,nan,nan,0.0,-0.005004473950153852
1048,frozen,51,8,4,1,0,-1.0,-1.0,1,1,0,0,0.0,-0.005004473950153852
1049,frozen,51,1,5,1,0,-1.0,-1.0,1,0,1,0,0.0,-0.005004473950153852
1050,frozen,51,2,5,1,0,-1.0,-1.0,1,0,1,0,0.0,-0.005004473950153852
1051,frozen,51,0,3,0,0,-1.0,-1.0,1,0,1,0,0.0,-0.005004473950153852
1052,frozen,51,1,5,1,0,-1.0,-1.0,1,0,1,0,0.0,-0.005004473950153852
1053,frozen,51,0,3,0,0,-1.0,-1.0,1,0,1,0,0.0,-0.005004473950153852
1054,frozen,51,4,3,0,1,1.0,1.0,0,nan,nan,nan,0.0,-0.005004473950153852
1055,frozen,51,0,4,1,0,-1.0,-1.0,1,1,0,0,0.0,-0.005004473950153852
1056,frozen,51,0,3,0,0,-1.0,-1.0,1,0,1,0,0.0,-0.005004473950153852
1057,frozen,51,7,5,1,0,-1.0,-1.0,1,0,1,0,0.0,-0.005004473950153852
1058,frozen,51,6,5,1,1,1.0,1.0,0,nan,nan,nan,0.0,-0.005004473950153852
1059,frozen,51,6,6,1,1,1.0,1.0,0,nan,nan,nan,0.0,-0.005004473950153852
1060,frozen,51,3,7,1,0,-1.0,-1.0,1,2,0,0,0.0,-0.005004473950153852
1061,frozen,51,4,5,1,1,1.0,1.0,0,nan,nan,nan,0.0,-0.005004473950153852
1062,frozen,51,6,6,1,1,1.0,1.0,0,nan,nan,nan,0.0,-0.005004473950153852
1063,frozen,51,8,7,1,1,1.0,1.0,0,nan,nan,nan,0.0,-0.005004473950153852
1064,frozen,51,7,8,1,1,1.0,1.0,0,nan,nan,nan,0.0,-0.005004473950153852
1065,frozen,51,0,8,1,0,-1.0,-1.0,1,4,0,1,0.0,-0.005004473950153852
1066,frozen,51,5,5,1,1,1.0,1.0,0,nan,nan,nan,0.0,-0.005004473950153852
1067,frozen,51,1,4,0,0,-1.0,-1.0,1,1,0,0,0.0,-0.005004473950153852
1068,frozen,51,0,5,1,0,-1.0,-1.0,1,0,1,0,0.0,-0.005004473950153852
1069,frozen,51,1,5,1,0,-1.0,-1.0,1,0,1,0,0.0,-0.005004473950153852
1070,frozen,51,2,5,1,0,-1.0,-1.0,1,0,1,0,0.0,-0.005004473950153852
1071,frozen,51,0,3,0,0,-1.0,-1.0,1,0,1,0,0.0,-0.005004473950153852
1072,frozen,51,3,3,0,1,1.0,1.0,0,nan,nan,nan,0.0,-0.005004473950153852
1073,frozen,51,1,2,0,1,1.0,1.0,0,nan,nan,nan,0.0,-0.005004473950153852
1074,frozen,51,7,3,1,0,-1.0,-1.0,1,2,0,0,0.0,-0.005004473950153852
1075,frozen,51,5,3,0,0,-1.0,-1.0,1,0,1,0,0.0,-0.005004473950153852
1076,frozen,51,2,3,0,1,1.0,1.0,0,nan,nan,nan,0.0,-0.005004473950153852
1077,frozen,51,5,2,0,0,-1.0,-1.0,1,1,0,0,0.0,-0.005004473950153852
1078,frozen,51,8,3,0,0,-1.0,-1.0,1,0,1,0,0.0,-0.005004473950153852
1079,frozen,51,3,3,0,1,1.0,1.0,0,nan,nan,nan,0.0,-0.005004473950153852
1080,frozen,51,0,4,1,0,-1.0,-1.0,1,1,0,0,0.0,-0.005004473950153852
1081,frozen,51,7,5,1,0,-1.0,-1.0,1,0,1,0,0.0,-0.005004473950153852
1082,frozen,51,2,3,0,1,1.0,1.0,0,nan,nan,nan,0.0,-0.005004473950153852
1083,frozen,51,5,2,0,0,-1.0,-1.0,1,1,0,0,0.0,-0.005004473950153852
1084,frozen,51,6,5,1,1,1.0,1.0,0,nan,nan,nan,0.0,-0.005004473950153852
1085,frozen,51,7,6,1,1,1.0,1.0,0,nan,nan,nan,0.0,-0.005004473950153852
1086,frozen,51,6,7,1,1,1.0,1.0,0,nan,nan,nan,0.0,-0.005004473950153852
1087,frozen,51,4,8,1,0,-1.0,-1.0,1,3,0,1,0.0,-0.005004473950153852
1088,frozen,51,5,5,1,1,1.0,1.0,0,nan,nan,nan,0.0,-0.005004473950153852
1089,frozen,51,1,6,1,0,-1.0,-1.0,1,1,0,0,0.0,-0.005004473950153852
1090,frozen,51,3,3,0,1,1.0,1.0,0,nan,nan,nan,0.0,-0.005004473950153852
1091,frozen,51,5,4,1,1,1.0,1.0,0,nan,nan,nan,0.0,-0.005004473950153852
1092,frozen,51,5,5,1,1,1.0,1.0,0,nan,nan,nan,0.0,-0.005004473950153852
1093,frozen,51,8,6,1,0,-1.0,-1.0,1,3,0,1,0.0,-0.005004473950153852
1094,frozen,51,6,3,0,0,-1.0,-1.0,1,0,1,0,0.0,-0.005004473950153852
1095,frozen,51,2,3,0,1,1.0,1.0,0,nan,nan,nan,0.0,-0.005004473950153852
1096,frozen,51,0,4,1,0,-1.0,-1.0,1,1,0,0,0.0,-0.005004473950153852
1097,frozen,51,8,3,0,0,-1.0,-1.0,1,0,1,0,0.0,-0.005004473950153852
1098,frozen,51,2,3,0,1,1.0,1.0,0,nan,nan,nan,0.0,-0.005004473950153852
1099,frozen,51,5,4,1,1,1.0,1.0,0,nan,nan,nan,0.0,-0.005004473950153852
1100,frozen,51,8,5,1,0,-1.0,-1.0,1,2,0,0,0.0,-0.005004473950153852
1101,frozen,51,4,3,0,1,1.0,1.0,0,nan,nan,nan,0.0,-0.005004473950153852
1102,frozen,51,1,2,0,1,1.0,1.0,0,nan,nan,nan,0.0,-0.005004473950153852
1103,frozen,51,5,3,1,0,-1.0,-1.0,1,2,0,0,0.0,-0.005004473950153852
1104,frozen,51,3,3,0,1,1.0,1.0,0,nan,nan,nan,0.0,-0.005004473950153852
1105,frozen,51,5,2,0,0,-1.0,-1.0,1,1,0,0,0.0,-0.005004473950153852
1106,frozen,51,5,5,1,1,1.0,1.0,0,nan,nan,nan,0.0,-0.005004473950153852
1107,frozen,51,8,6,1,0,-1.0,-1.0,1,1,0,0,0.0,-0.005004473950153852
1108,frozen,51,6,3,0,0,-1.0,-1.0,1,0,1,0,0.0,-0.005004473950153852
1109,frozen,51,4,3,0,1,1.0,1.0,0,nan,nan,nan,0.0,-0.005004473950153852
1110,frozen,51,3,2,0,1,1.0,1.0,0,nan,nan,nan,0.0,-0.005004473950153852
1111,frozen,51,5,3,1,0,-1.0,-1.0,1,2,0,0,0.0,-0.005004473950153852
1112,frozen,51,2,5,1,0,-1.0,-1.0,1,0,1,0,0.0,-0.005004473950153852
1113,frozen,51,2,5,1,0,-1.0,-1.0,1,0,1,0,0.0,-0.005004473950153852
1114,frozen,51,5,5,1,1,1.0,1.0,0,nan,nan,nan,0.0,-0.005004473950153852
1115,frozen,51,3,6,1,0,-1.0,-1.0,1,1,0,0,0.0,-0.005004473950153852
1116,frozen,51,8,3,0,0,-1.0,-1.0,1,0,1,0,0.0,-0.005004473950153852
1117,frozen,51,0,3,0,0,-1.0,-1.0,1,0,1,0,0.0,-0.005004473950153852
1118,frozen,51,4,3,0,1,1.0,1.0,0,nan,nan,nan,0.0,-0.005004473950153852
1119,frozen,51,5,2,0,0,-1.0,-1.0,1,1,0,0,0.0,-0.005004473950153852
1120,frozen,51,4,3,0,1,1.0,1.0,0,nan,nan,nan,0.0,-0.005004473950153852
1121,frozen,51,1,2,0,1,1.0,1.0,0,nan,nan,nan,0.0,-0.005004473950153852
1122,frozen,51,8,1,0,0,-1.0,-1.0,1,2,0,0,0.0,-0.005004473950153852
1123,frozen,51,6,5,1,1,1.0,1.0,0,nan,nan,nan,0.0,-0.005004473950153852
1124,frozen,51,5,6,1,1,1.0,1.0,0,nan,nan,nan,0.0,-0.005004473950153852
1125,frozen,51,3,7,1,0,-1.0,-1.0,1,2,0,0,0.0,-0.005004473950153852
1126,frozen,51,5,5,1,1,1.0,1.0,0,nan,nan,nan,0.0,-0.005004473950153852
1127,frozen,51,5,4,0,1,1.0,1.0,0,nan,nan,nan,0.0,-0.005004473950153852
1128,frozen,51,8,3,0,0,-1.0,-1.0,1,2,0,0,0.0,-0.005004473950153852
1129,frozen,51,0,3,0,0,-1.0,-1.0,1,0,1,0,0.0,-0.005004473950153852
1130,frozen,51,4,3,0,1,1.0,1.0,0,nan,nan,nan,0.0,-0.005004473950153852
1131,frozen,51,7,4,1,0,-1.0,-1.0,1,1,0,0,0.0,-0.005004473950153852
1132,frozen,51,8,5,1,0,-1.0,-1.0,1,0,1,0,0.0,-0.005004473950153852
1133,frozen,51,0,5,1,0,-1.0,-1.0,1,0,1,0,0.0,-0.005004473950153852
1134,frozen,51,2,5,1,0,-1.0,-1.0,1,0,1,0,0.0,-0.005004473950153852
1135,frozen,51,4,3,0,1,1.0,1.0,0,nan,nan,nan,0.0,-0.005004473950153852
1136,frozen,51,8,4,1,0,-1.0,-1.0,1,1,0,0,0.0,-0.005004473950153852
1137,frozen,51,6,3,0,0,-1.0,-1.0,1,0,1,0,0.0,-0.005004473950153852
1138,frozen,51,4,5,1,1,1.0,1.0,0,nan,nan,nan,0.0,-0.005004473950153852
1139,frozen,51,5,4,0,1,1.0,1.0,0,nan,nan,nan,0.0,-0.005004473950153852
1140,frozen,51,7,5,1,0,-1.0,-1.0,1,2,0,0,0.0,-0.005004473950153852
1141,frozen,51,0,3,0,0,-1.0,-1.0,1,0,1,0,0.0,-0.005004473950153852
1142,frozen,51,8,3,0,0,-1.0,-1.0,1,0,1,0,0.0,-0.005004473950153852
1143,frozen,51,4,5,1,1,1.0,1.0,0,nan,nan,nan,0.0,-0.005004473950153852
1144,frozen,51,1,6,1,0,-1.0,-1.0,1,1,0,0,0.0,-0.005004473950153852
1145,frozen,51,0,3,0,0,-1.0,-1.0,1,0,1,0,0.0,-0.005004473950153852
1146,frozen,51,8,5,1,0,-1.0,-1.0,1,0,1,0,0.0,-0.005004473950153852
1147,frozen,51,8,3,0,0,-1.0,-1.0,1,0,1,0,0.0,-0.005004473950153852
1148,frozen,51,6,5,1,1,1.0,1.0,0,nan,nan,nan,0.0,-0.005004473950153852
1149,frozen,51,7,6,1,1,1.0,1.0,0,nan,nan,nan,0.0,-0.005004473950153852
1150,frozen,51,0,7,1,0,-1.0,-1.0,1,2,0,0,0.0,-0.005004473950153852
1151,frozen,51,1,5,1,0,-1.0,-1.0,1,0,1,0,0.0,-0.005004473950153852
1152,frozen,51,1,5,1,0,-1.0,-1.0,1,0,1,0,0.0,-0.005004473950153852
1153,frozen,51,6,5,1,1,1.0,1.0,0,nan,nan,nan,0.0,-0.005004473950153852
1154,frozen,51,3,4,0,1,1.0,1.0,0,nan,nan,nan,0.0,-0.005004473950153852
1155,frozen,51,8,3,0,0,-1.0,-1.0,1,2,0,0,0.0,-0.005004473950153852
1156,frozen,51,7,5,1,0,-1.0,-1.0,1,0,1,0,0.0,-0.005004473950153852
1157,frozen,51,8,5,1,0,-1.0,-1.0,1,0,1,0,0.0,-0.005004473950153852
1158,frozen,51,2,5,1,0,-1.0,-1.0,1,0,1,0,0.0,-0.005004473950153852
1159,frozen,51,5,5,1,1,1.0,1.0,0,nan,nan,nan,0.0,-0.005004473950153852
1160,frozen,51,2,6,1,0,-1.0,-1.0,1,1,0,0,0.0,-0.005004473950153852
1161,frozen,51,7,5,1,0,-1.0,-1.0,1,0,1,0,0.0,-0.005004473950153852
1162,frozen,51,2,5,1,0,-1.0,-1.0,1,0,1,0,0.0,-0.005004473950153852
1163,frozen,51,7,5,1,0,-1.0,-1.0,1,0,1,0,0.0,-0.005004473950153852
1164,frozen,51,8,5,1,0,-1.0,-1.0,1,0,1,0,0.0,-0.005004473950153852
1165,frozen,51,5,5,1,1,1.0,1.0,0,nan,nan,nan,0.0,-0.005004473950153852
1166,frozen,51,6,6,1,1,1.0,1.0,0,nan,nan,nan,0.0,-0.005004473950153852
1167,frozen,51,4,7,1,0,-1.0,-1.0,1,2,0,0,0.0,-0.005004473950153852
1168,frozen,51,1,5,1,0,-1.0,-1.0,1,0,1,0,0.0,-0.005004473950153852
1169,frozen,51,5,5,1,1,1.0,1.0,0,nan,nan,nan,0.0,-0.005004473950153852
1170,frozen,51,0,4,0,0,-1.0,-1.0,1,1,0,0,0.0,-0.005004473950153852
1171,frozen,51,8,5,1,0,-1.0,-1.0,1,0,1,0,0.0,-0.005004473950153852
1172,frozen,51,2,3,0,1,1.0,1.0,0,nan,nan,nan,0.0,-0.005004473950153852
1173,frozen,51,2,2,0,1,1.0,1.0,0,nan,nan,nan,0.0,-0.005004473950153852
1174,frozen,51,4,1,0,0,-1.0,-1.0,1,2,0,0,0.0,-0.005004473950153852
1175,frozen,51,2,5,1,0,-1.0,-1.0,1,0,1,0,0.0,-0.005004473950153852
1176,frozen,51,8,5,1,0,-1.0,-1.0,1,0,1,0,0.0,-0.005004473950153852
1177,frozen,51,0,5,1,0,-1.0,-1.0,1,0,1,0,0.0,-0.005004473950153852
1178,frozen,51,4,3,0,1,1.0,1.0,0,nan,nan,nan,0.0,-0.005004473950153852
1179,frozen,51,0,4,1,0,-1.0,-1.0,1,1,0,0,0.0,-0.005004473950153852
1180,frozen,51,1,5,1,0,-1.0,-1.0,1,0,1,0,0.0,-0.005004473950153852
1181,frozen,51,8,3,0,0,-1.0,-1.0,1,0,1,0,0.0,-0.005004473950153852
1182,frozen,51,7,5,1,0,-1.0,-1.0,1,0,1,0,0.0,-0.005004473950153852
1183,frozen,51,5,5,1,1,1.0,1.0,0,nan,nan,nan,0.0,-0.005004473950153852
1184,frozen,51,6,6,1,1,1.0,1.0,0,nan,nan,nan,0.0,-0.005004473950153852
1185,frozen,51,0,7,1,0,-1.0,-1.0,1,2,0,0,0.0,-0.005004473950153852
1186,frozen,51,5,5,1,1,1.0,1.0,0,nan,nan,nan,0.0,-0.005004473950153852
1187,frozen,51,3,6,1,0,-1.0,-1.0,1,1,0,0,0.0,-0.005004473950153852
1188,frozen,51,3,3,0,1,1.0,1.0,0,nan,nan,nan,0.0,-0.005004473950153852
1189,frozen,51,5,4,1,1,1.0,1.0,0,nan,nan,nan,0.0,-0.005004473950153852
1190,frozen,51,1,5,1,0,-1.0,-1.0,1,2,0,0,0.0,-0.005004473950153852
1191,frozen,51,5,3,0,0,-1.0,-1.0,1,0,1,0,0.0,-0.005004473950153852
1192,frozen,51,2,5,1,0,-1.0,-1.0,1,0,1,0,0.0,-0.005004473950153852
1193,frozen,51,1,5,1,0,-1.0,-1.0,1,0,1,0,0.0,-0.005004473950153852
1194,frozen,51,7,5,1,0,-1.0,-1.0,1,0,1,0,0.0,-0.005004473950153852
1195,frozen,51,6,5,1,1,1.0,1.0,0,nan,nan,nan,0.0,-0.005004473950153852
1196,frozen,51,2,6,1,0,-1.0,-1.0,1,1,0,0,0.0,-0.005004473950153852
1197,frozen,51,1,5,1,0,-1.0,-1.0,1,0,1,0,0.0,-0.005004473950153852
1198,frozen,51,6,5,1,1,1.0,1.0,0,nan,nan,nan,0.0,-0.005004473950153852
1199,frozen,51,3,4,0,1,1.0,1.0,0,nan,nan,nan,0.0,-0.005004473950153852
1200,frozen,51,5,5,1,1,1.0,1.0,0,nan,nan,nan,0.0,-0.005004473950153852
1201,frozen,51,7,6,1,1,1.0,1.0,0,nan,nan,nan,0.0,-0.005004473950153852
1202,frozen,51,5,5,0,1,1.0,1.0,0,nan,nan,nan,0.0,-0.005004473950153852
1203,frozen,51,0,6,1,0,-1.0,-1.0,1,5,0,1,0.0,-0.005004473950153852
1204,frozen,51,0,3,0,0,-1.0,-1.0,1,0,1,0,0.0,-0.005004473950153852
1205,frozen,51,3,3,0,1,1.0,1.0,0,nan,nan,nan,0.0,-0.005004473950153852
1206,frozen,51,8,4,1,0,-1.0,-1.0,1,1,0,0,0.0,-0.005004473950153852
1207,frozen,51,7,5,1,0,-1.0,-1.0,1,0,1,0,0.0,-0.005004473950153852
1208,frozen,51,0,5,1,0,-1.0,-1.0,1,0,1,0,0.0,-0.005004473950153852
1209,frozen,51,2,3,0,1,1.0,1.0,0,nan,nan,nan,0.0,-0.005004473950153852
1210,frozen,51,8,4,1,0,-1.0,-1.0,1,1,0,0,0.0,-0.005004473950153852
1211,frozen,51,7,5,1,0,-1.0,-1.0,1,0,1,0,0.0,-0.005004473950153852
1212,frozen,51,8,5,1,0,-1.0,-1.0,1,0,1,0,0.0,-0.005004473950153852
1213,frozen,51,6,5,1,1,1.0,1.0,0,nan,nan,nan,0.0,-0.005004473950153852
1214,frozen,51,8,6,1,0,-1.0,-1.0,1,1,0,0,0.0,-0.005004473950153852
1215,frozen,51,7,5,1,0,-1.0,-1.0,1,0,1,0,0.0,-0.005004473950153852
1216,frozen,51,3,3,0,1,1.0,1.0,0,nan,nan,nan,0.0,-0.005004473950153852
1217,frozen,51,2,2,0,1,1.0,1.0,0,nan,nan,nan,0.0,-0.005004473950153852
1218,frozen,51,8,3,1,0,-1.0,-1.0,1,2,0,0,0.0,-0.005004473950153852
1219,frozen,51,7,5,1,0,-1.0,-1.0,1,0,1,0,0.0,-0.005004473950153852
1220,frozen,51,6,3,0,0,-1.0,-1.0,1,0,1,0,0.0,-0.005004473950153852
1221,frozen,51,7,5,1,0,-1.0,-1.0,1,0,1,0,0.0,-0.005004473950153852
1222,frozen,51,5,5,1,1,1.0,1.0,0,nan,nan,nan,0.0,-0.005004473950153852
1223,frozen,51,1,4,0,0,-1.0,-1.0,1,1,0,0,0.0,-0.005004473950153852
1224,frozen,51,5,5,1,1,1.0,1.0,0,nan,nan,nan,0.0,-0.005004473950153852
1225,frozen,51,7,4,0,0,-1.0,-1.0,1,1,0,0,0.0,-0.005004473950153852
1226,frozen,51,1,5,1,0,-1.0,-1.0,1,0,1,0,0.0,-0.005004473950153852
1227,frozen,51,3,3,0,1,1.0,1.0,0,nan,nan,nan,0.0,-0.005004473950153852
1228,frozen,51,2,2,0,1,1.0,1.0,0,nan,nan,nan,0.0,-0.005004473950153852
1229,frozen,51,3,3,1,1,1.0,1.0,0,nan,nan,nan,0.0,-0.005004473950153852
1230,frozen,51,0,4,1,0,-1.0,-1.0,1,3,0,1,0.0,-0.005004473950153852
1231,frozen,51,0,3,0,0,-1.0,-1.0,1,0,1,0,0.0,-0.005004473950153852
1232,frozen,51,2,5,1,0,-1.0,-1.0,1,0,1,0,0.0,-0.005004473950153852
1233,frozen,51,3,5,1,0,-1.0,-1.0,1,0,1,0,0.0,-0.005004473950153852
1234,frozen,51,0,3,0,0,-1.0,-1.0,1,0,1,0,0.0,-0.005004473950153852
1235,frozen,51,3,3,0,1,1.0,1.0,0,nan,nan,nan,0.0,-0.005004473950153852
1236,frozen,51,0,4,1,0,-1.0,-1.0,1,1,0,0,0.0,-0.005004473950153852
1237,frozen,51,7,5,1,0,-1.0,-1.0,1,0,1,0,0.0,-0.005004473950153852
1238,frozen,51,5,5,1,1,1.0,1.0,0,nan,nan,nan,0.0,-0.005004473950153852
1239,frozen,51,0,4,0,0,-1.0,-1.0,1,1,0,0,0.0,-0.005004473950153852
1240,frozen,51,4,3,0,1,1.0,1.0,0,nan,nan,nan,0.0,-0.005004473950153852
1241,frozen,51,8,4,1,0,-1.0,-1.0,1,1,0,0,0.0,-0.005004473950153852
1242,frozen,51,3,3,0,1,1.0,1.0,0,nan,nan,nan,0.0,-0.005004473950153852
1243,frozen,51,6,4,1,0,-1.0,-1.0,1,1,0,0,0.0,-0.005004473950153852
1244,frozen,51,2,3,0,1,1.0,1.0,0,nan,nan,nan,0.0,-0.005004473950153852
1245,frozen,51,5,2,0,0,-1.0,-1.0,1,1,0,0,0.0,-0.005004473950153852
1246,frozen,51,8,5,1,0,-1.0,-1.0,1,0,1,0,0.0,-0.005004473950153852
1247,frozen,51,5,5,1,1,1.0,1.0,0,nan,nan,nan,0.0,-0.005004473950153852
1248,frozen,51,2,6,1,0,-1.0,-1.0,1,1,0,0,0.0,-0.005004473950153852
1249,frozen,51,3,3,0,1,1.0,1.0,0,nan,nan,nan,0.0,-0.005004473950153852
1250,frozen,51,5,2,0,0,-1.0,-1.0,1,1,0,0,0.0,-0.005004473950153852
1251,frozen,51,5,5,1,1,1.0,1.0,0,nan,nan,nan,0.0,-0.005004473950153852
1252,frozen,51,7,4,0,0,-1.0,-1.0,1,1,0,0,0.0,-0.005004473950153852
1253,frozen,51,6,5,1,1,1.0,1.0,0,nan,nan,nan,0.0,-0.005004473950153852
1254,frozen,51,6,6,1,1,1.0,1.0,0,nan,nan,nan,0.0,-0.005004473950153852
1255,frozen,51,7,7,1,1,1.0,1.0,0,nan,nan,nan,0.0,-0.005004473950153852
1256,frozen,51,1,8,1,0,-1.0,-1.0,1,3,0,1,0.0,-0.005004473950153852
1257,frozen,51,8,3,0,0,-1.0,-1.0,1,0,1,0,0.0,-0.005004473950153852
1258,frozen,51,1,5,1,0,-1.0,-1.0,1,0,1,0,0.0,-0.005004473950153852
1259,frozen,51,5,5,1,1,1.0,1.0,0,nan,nan,nan,0.0,-0.005004473950153852
1260,frozen,51,1,4,0,0,-1.0,-1.0,1,1,0,0,0.0,-0.005004473950153852
1261,frozen,51,7,5,1,0,-1.0,-1.0,1,0,1,0,0.0,-0.005004473950153852
1262,frozen,51,1,5,1,0,-1.0,-1.0,1,0,1,0,0.0,-0.005004473950153852
1263,frozen,51,8,5,1,0,-1.0,-1.0,1,0,1,0,0.0,-0.005004473950153852
1264,frozen,51,4,5,1,1,1.0,1.0,0,nan,nan,nan,0.0,-0.005004473950153852
1265,frozen,51,3,6,1,0,-1.0,-1.0,1,1,0,0,0.0,-0.005004473950153852
1266,frozen,51,8,5,1,0,-1.0,-1.0,1,0,1,0,0.0,-0.005004473950153852
1267,frozen,51,2,5,1,0,-1.0,-1.0,1,0,1,0,0.0,-0.005004473950153852
1268,frozen,51,8,5,1,0,-1.0,-1.0,1,0,1,0,0.0,-0.005004473950153852
1269,frozen,51,1,5,1,0,-1.0,-1.0,1,0,1,0,0.0,-0.005004473950153852
1270,frozen,51,5,5,1,1,1.0,1.0,0,nan,nan,nan,0.0,-0.005004473950153852
1271,frozen,51,2,6,1,0,-1.0,-1.0,1,1,0,0,0.0,-0.005004473950153852
1272,frozen,51,6,5,1,1,1.0,1.0,0,nan,nan,nan,0.0,-0.005004473950153852
1273,frozen,51,7,6,1,1,1.0,1.0,0,nan,nan,nan,0.0,-0.005004473950153852
1274,frozen,51,1,7,1,0,-1.0,-1.0,1,2,0,0,0.0,-0.005004473950153852
1275,frozen,51,0,3,0,0,-1.0,-1.0,1,0,1,0,0.0,-0.005004473950153852
1276,frozen,51,0,5,1,0,-1.0,-1.0,1,0,1,0,0.0,-0.005004473950153852
1277,frozen,51,6,3,0,0,-1.0,-1.0,1,0,1,0,0.0,-0.005004473950153852
1278,frozen,51,6,5,1,1,1.0,1.0,0,nan,nan,nan,0.0,-0.005004473950153852
1279,frozen,51,2,6,1,0,-1.0,-1.0,1,1,0,0,0.0,-0.005004473950153852
1280,frozen,51,1,5,1,0,-1.0,-1.0,1,0,1,0,0.0,-0.005004473950153852
1281,frozen,51,8,3,0,0,-1.0,-1.0,1,0,1,0,0.0,-0.005004473950153852
1282,frozen,51,0,3,0,0,-1.0,-1.0,1,0,1,0,0.0,-0.005004473950153852
1283,frozen,51,6,3,0,0,-1.0,-1.0,1,0,1,0,0.0,-0.005004473950153852
1284,frozen,51,7,5,1,0,-1.0,-1.0,1,0,1,0,0.0,-0.005004473950153852
1285,frozen,51,8,5,1,0,-1.0,-1.0,1,0,1,0,0.0,-0.005004473950153852
1286,frozen,51,5,5,1,1,1.0,1.0,0,nan,nan,nan,0.0,-0.005004473950153852
1287,frozen,51,5,4,0,1,1.0,1.0,0,nan,nan,nan,0.0,-0.005004473950153852
1288,frozen,51,3,3,0,1,1.0,1.0,0,nan,nan,nan,0.0,-0.005004473950153852
1289,frozen,51,6,4,1,0,-1.0,-1.0,1,3,0,1,0.0,-0.005004473950153852
1290,frozen,51,3,3,0,1,1.0,1.0,0,nan,nan,nan,0.0,-0.005004473950153852
1291,frozen,51,3,4,1,1,1.0,1.0,0,nan,nan,nan,0.0,-0.005004473950153852
1292,frozen,51,7,5,1,0,-1.0,-1.0,1,2,0,0,0.0,-0.005004473950153852
1293,frozen,51,6,5,1,1,1.0,1.0,0,nan,nan,nan,0.0,-0.005004473950153852
1294,frozen,51,3,4,0,1,1.0,1.0,0,nan,nan,nan,0.0,-0.005004473950153852
1295,frozen,51,7,3,0,0,-1.0,-1.0,1,2,0,0,0.0,-0.005004473950153852
1296,frozen,51,6,5,1,1,1.0,1.0,0,nan,nan,nan,0.0,-0.005004473950153852
1297,frozen,51,3,4,0,1,1.0,1.0,0,nan,nan,nan,0.0,-0.005004473950153852
1298,frozen,51,8,3,0,0,-1.0,-1.0,1,2,0,0,0.0,-0.005004473950153852
1299,frozen,51,6,3,0,0,-1.0,-1.0,1,0,1,0,0.0,-0.005004473950153852
1300,frozen,51,0,5,1,0,-1.0,-1.0,1,0,1,0,0.0,-0.005004473950153852
1301,frozen,51,4,3,0,1,1.0,1.0,0,nan,nan,nan,0.0,-0.005004473950153852
1302,frozen,51,5,2,0,0,-1.0,-1.0,1,1,0,0,0.0,-0.005004473950153852
1303,frozen,51,5,5,1,1,1.0,1.0,0,nan,nan,nan,0.0,-0.005004473950153852
1304,frozen,51,1,6,1,0,-1.0,-1.0,1,1,0,0,0.0,-0.005004473950153852
1305,frozen,51,5,5,1,1,1.0,1.0,0,nan,nan,nan,0.0,-0.005004473950153852
1306,frozen,51,0,4,0,0,-1.0,-1.0,1,1,0,0,0.0,-0.005004473950153852
1307,frozen,51,6,5,1,1,1.0,1.0,0,nan,nan,nan,0.0,-0.005004473950153852
1308,frozen,51,4,4,0,1,1.0,1.0,0,nan,nan,nan,0.0,-0.005004473950153852
1309,frozen,51,0,3,0,0,-1.0,-1.0,1,2,0,0,0.0,-0.005004473950153852
1310,frozen,51,2,3,0,1,1.0,1.0,0,nan,nan,nan,0.0,-0.005004473950153852
1311,frozen,51,8,4,1,0,-1.0,-1.0,1,1,0,0,0.0,-0.005004473950153852
1312,frozen,51,6,5,1,1,1.0,1.0,0,nan,nan,nan,0.0,-0.005004473950153852
1313,frozen,51,1,6,1,0,-1.0,-1.0,1,1,0,0,0.0,-0.005004473950153852
1314,frozen,51,2,3,0,1,1.0,1.0,0,nan,nan,nan,0.0,-0.005004473950153852
1315,frozen,51,6,4,1,0,-1.0,-1.0,1,1,0,0,0.0,-0.005004473950153852
1316,frozen,51,5,5,1,1,1.0,1.0,0,nan,nan,nan,0.0,-0.005004473950153852
1317,frozen,51,2,6,1,0,-1.0,-1.0,1,1,0,0,0.0,-0.005004473950153852
1318,frozen,51,3,3,0,1,1.0,1.0,0,nan,nan,nan,0.0,-0.005004473950153852
1319,frozen,51,6,4,1,0,-1.0,-1.0,1,1,0,0,0.0,-0.005004473950153852
1320,frozen,51,4,3,0,1,1.0,1.0,0,nan,nan,nan,0.0,-0.005004473950153852
1321,frozen,51,3,4,1,1,1.0,1.0,0,nan,nan,nan,0.0,-0.005004473950153852
1322,frozen,51,1,5,1,0,-1.0,-1.0,1,2,0,0,0.0,-0.005004473950153852
1323,frozen,51,7,5,1,0,-1.0,-1.0,1,0,1,0,0.0,-0.005004473950153852
1324,frozen,51,3,3,0,1,1.0,1.0,0,nan,nan,nan,0.0,-0.005004473950153852
1325,frozen,51,8,4,1,0,-1.0,-1.0,1,1,0,0,0.0,-0.005004473950153852
1326,frozen,51,5,5,1,1,1.0,1.0,0,nan,nan,nan,0.0,-0.005004473950153852
1327,frozen,51,2,6,1,0,-1.0,-1.0,1,1,0,0,0.0,-0.005004473950153852
1328,frozen,51,4,3,0,1,1.0,1.0,0,nan,nan,nan,0.0,-0.005004473950153852
1329,frozen,51,6,4,1,0,-1.0,-1.0,1,1,0,0,0.0,-0.005004473950153852
1330,frozen,51,7,5,1,0,-1.0,-1.0,1,0,1,0,0.0,-0.005004473950153852
1331,frozen,51,4,5,1,1,1.0,1.0,0,nan,nan,nan,0.0,-0.005004473950153852
1332,frozen,51,1,4,0,0,-1.0,-1.0,1,1,0,0,0.0,-0.005004473950153852
1333,frozen,51,8,3,0,0,-1.0,-1.0,1,0,1,0,0.0,-0.005004473950153852
1334,frozen,51,0,3,0,0,-1.0,-1.0,1,0,1,0,0.0,-0.005004473950153852
1335,frozen,51,3,3,0,1,1.0,1.0,0,nan,nan,nan,0.0,-0.005004473950153852
1336,frozen,51,7,4,1,0,-1.0,-1.0,1,1,0,0,0.0,-0.005004473950153852
1337,frozen,51,2,5,1,0,-1.0,-1.0,1,0,1,0,0.0,-0.005004473950153852
1338,frozen,51,0,5,1,0,-1.0,-1.0,1,0,1,0,0.0,-0.005004473950153852
1339,frozen,51,7,5,1,0,-1.0,-1.0,1,0,1,0,0.0,-0.005004473950153852
1340,frozen,51,1,5,1,0,-1.0,-1.0,1,0,1,0,0.0,-0.005004473950153852
1341,frozen,51,1,5,1,0,-1.0,-1.0,1,0,1,0,0.0,-0.005004473950153852
1342,frozen,51,0,5,1,0,-1.0,-1.0,1,0,1,0,0.0,-0.005004473950153852
1343,frozen,51,2,3,0,1,1.0,1.0,0,nan,nan,nan,0.0,-0.005004473950153852
1344,frozen,51,0,4,1,0,-1.0,-1.0,1,1,0,0,0.0,-0.005004473950153852
1345,frozen,51,3,3,0,1,1.0,1.0,0,nan,nan,nan,0.0,-0.005004473950153852
1346,frozen,51,3,2,0,1,1.0,1.0,0,nan,nan,nan,0.0,-0.005004473950153852
1347,frozen,51,2,1,0,1,1.0,1.0,0,nan,nan,nan,0.0,-0.005004473950153852
1348,frozen,51,0,0,0,1,1.0,1.0,0,nan,nan,nan,0.0,-0.005004473950153852
1349,frozen,51,2,1,1,1,1.0,1.0,0,nan,nan,nan,0.0,-0.005004473950153852
1350,frozen,51,1,2,1,1,1.0,1.0,0,nan,nan,nan,0.0,-0.005004473950153852
1351,frozen,51,6,1,0,0,-1.0,-1.0,1,6,0,1,0.0,-0.005004473950153852
1352,frozen,51,3,3,0,1,1.0,1.0,0,nan,nan,nan,0.0,-0.005004473950153852
1353,frozen,51,8,4,1,0,-1.0,-1.0,1,1,0,0,0.0,-0.005004473950153852
1354,frozen,51,4,3,0,1,1.0,1.0,0,nan,nan,nan,0.0,-0.005004473950153852
1355,frozen,51,7,2,0,0,-1.0,-1.0,1,1,0,0,0.0,-0.005004473950153852
1356,frozen,51,6,3,0,0,-1.0,-1.0,1,0,1,0,0.0,-0.005004473950153852
1357,frozen,51,6,3,0,0,-1.0,-1.0,1,0,1,0,0.0,-0.005004473950153852
1358,frozen,51,8,3,0,0,-1.0,-1.0,1,0,1,0,0.0,-0.005004473950153852
1359,frozen,51,2,5,1,0,-1.0,-1.0,1,0,1,0,0.0,-0.005004473950153852
1360,frozen,51,1,5,1,0,-1.0,-1.0,1,0,1,0,0.0,-0.005004473950153852
1361,frozen,51,7,5,1,0,-1.0,-1.0,1,0,1,0,0.0,-0.005004473950153852
1362,frozen,51,6,5,1,1,1.0,1.0,0,nan,nan,nan,0.0,-0.005004473950153852
1363,frozen,51,8,6,1,0,-1.0,-1.0,1,1,0,0,0.0,-0.005004473950153852
1364,frozen,51,8,5,1,0,-1.0,-1.0,1,0,1,0,0.0,-0.005004473950153852
1365,frozen,51,7,5,1,0,-1.0,-1.0,1,0,1,0,0.0,-0.005004473950153852
1366,frozen,51,0,3,0,0,-1.0,-1.0,1,0,1,0,0.0,-0.005004473950153852
1367,frozen,51,4,5,1,1,1.0,1.0,0,nan,nan,nan,0.0,-0.005004473950153852
1368,frozen,51,1,6,1,0,-1.0,-1.0,1,1,0,0,0.0,-0.005004473950153852
1369,frozen,51,1,5,1,0,-1.0,-1.0,1,0,1,0,0.0,-0.005004473950153852
1370,frozen,51,6,5,1,1,1.0,1.0,0,nan,nan,nan,0.0,-0.005004473950153852
1371,frozen,51,2,6,1,0,-1.0,-1.0,1,1,0,0,0.0,-0.005004473950153852
1372,frozen,51,3,5,1,0,-1.0,-1.0,1,0,1,0,0.0,-0.005004473950153852
1373,frozen,51,7,5,1,0,-1.0,-1.0,1,0,1,0,0.0,-0.005004473950153852
1374,frozen,51,3,3,0,1,1.0,1.0,0,nan,nan,nan,0.0,-0.005004473950153852
1375,frozen,51,6,4,1,0,-1.0,-1.0,1,1,0,0,0.0,-0.005004473950153852
1376,frozen,51,2,3,0,1,1.0,1.0,0,nan,nan,nan,0.0,-0.005004473950153852
1377,frozen,51,4,4,1,1,1.0,1.0,0,nan,nan,nan,0.0,-0.005004473950153852
1378,frozen,51,7,5,1,0,-1.0,-1.0,1,2,0,0,0.0,-0.005004473950153852
1379,frozen,51,1,5,1,0,-1.0,-1.0,1,0,1,0,0.0,-0.005004473950153852
1380,frozen,51,7,5,1,0,-1.0,-1.0,1,0,1,0,0.0,-0.005004473950153852
1381,frozen,51,1,5,1,0,-1.0,-1.0,1,0,1,0,0.0,-0.005004473950153852
1382,frozen,51,2,3,0,1,1.0,1.0,0,nan,nan,nan,0.0,-0.005004473950153852
1383,frozen,51,3,2,0,1,1.0,1.0,0,nan,nan,nan,0.0,-0.005004473950153852
1384,frozen,51,7,3,1,0,-1.0,-1.0,1,2,0,0,0.0,-0.005004473950153852
1385,frozen,51,7,5,1,0,-1.0,-1.0,1,0,1,0,0.0,-0.005004473950153852
1386,frozen,51,1,5,1,0,-1.0,-1.0,1,0,1,0,0.0,-0.005004473950153852
1387,frozen,51,5,5,1,1,1.0,1.0,0,nan,nan,nan,0.0,-0.005004473950153852
1388,frozen,51,4,4,0,1,1.0,1.0,0,nan,nan,nan,0.0,-0.005004473950153852
1389,frozen,51,6,3,0,0,-1.0,-1.0,1,2,0,0,0.0,-0.005004473950153852
1390,frozen,51,6,3,0,0,-1.0,-1.0,1,0,1,0,0.0,-0.005004473950153852
1391,frozen,51,2,3,0,1,1.0,1.0,0,nan,nan,nan,0.0,-0.005004473950153852
1392,frozen,51,0,4,1,0,-1.0,-1.0,1,1,0,0,0.0,-0.005004473950153852
1393,frozen,51,4,3,0,1,1.0,1.0,0,nan,nan,nan,0.0,-0.005004473950153852
1394,frozen,51,7,2,0,0,-1.0,-1.0,1,1,0,0,0.0,-0.005004473950153852
1395,frozen,51,3,3,0,1,1.0,1.0,0,nan,nan,nan,0.0,-0.005004473950153852
1396,frozen,51,4,4,1,1,1.0,1.0,0,nan,nan,nan,0.0,-0.005004473950153852
1397,frozen,51,6,5,1,1,1.0,1.0,0,nan,nan,nan,0.0,-0.005004473950153852
1398,frozen,51,5,4,0,1,1.0,1.0,0,nan,nan,nan,0.0,-0.005004473950153852
1399,frozen,51,3,3,0,1,1.0,1.0,0,nan,nan,nan,0.0,-0.005004473950153852
1400,frozen,51,0,4,1,0,-1.0,-1.0,1,5,0,1,0.0,-0.005004473950153852
1401,frozen,51,6,3,0,0,-1.0,-1.0,1,0,1,0,0.0,-0.005004473950153852
1402,frozen,51,8,3,0,0,-1.0,-1.0,1,0,1,0,0.0,-0.005004473950153852
1403,frozen,51,8,5,1,0,-1.0,-1.0,1,0,1,0,0.0,-0.005004473950153852
1404,frozen,51,7,3,0,0,-1.0,-1.0,1,0,1,0,0.0,-0.005004473950153852
1405,frozen,51,1,5,1,0,-1.0,-1.0,1,0,1,0,0.0,-0.005004473950153852
1406,frozen,51,8,3,0,0,-1.0,-1.0,1,0,1,0,0.0,-0.005004473950153852
1407,frozen,51,1,5,1,0,-1.0,-1.0,1,0,1,0,0.0,-0.005004473950153852
1408,frozen,51,1,5,1,0,-1.0,-1.0,1,0,1,0,0.0,-0.005004473950153852
1409,frozen,51,0,5,1,0,-1.0,-1.0,1,0,1,0,0.0,-0.005004473950153852
1410,frozen,51,7,5,1,0,-1.0,-1.0,1,0,1,0,0.0,-0.005004473950153852
1411,frozen,51,5,5,1,1,1.0,1.0,0,nan,nan,nan,0.0,-0.005004473950153852
1412,frozen,51,4,4,0,1,1.0,1.0,0,nan,nan,nan,0.0,-0.005004473950153852
1413,frozen,51,5,5,1,1,1.0,1.0,0,nan,nan,nan,0.0,-0.005004473950153852
1414,frozen,51,5,4,0,1,1.0,1.0,0,nan,nan,nan,0.0,-0.005004473950153852
1415,frozen,51,6,5,1,1,1.0,1.0,0,nan,nan,nan,0.0,-0.005004473950153852
1416,frozen,51,0,4,0,0,-1.0,-1.0,1,5,0,1,0.0,-0.005004473950153852
1417,frozen,51,6,5,1,1,1.0,1.0,0,nan,nan,nan,0.0,-0.005004473950153852
1418,frozen,51,1,6,1,0,-1.0,-1.0,1,1,0,0,0.0,-0.005004473950153852
1419,frozen,51,8,3,0,0,-1.0,-1.0,1,0,1,0,0.0,-0.005004473950153852
1420,frozen,51,5,5,1,1,1.0,1.0,0,nan,nan,nan,0.0,-0.005004473950153852
1421,frozen,51,0,6,1,0,-1.0,-1.0,1,1,0,0,0.0,-0.005004473950153852
1422,frozen,51,4,3,0,1,1.0,1.0,0,nan,nan,nan,0.0,-0.005004473950153852
1423,frozen,51,3,4,1,1,1.0,1.0,0,nan,nan,nan,0.0,-0.005004473950153852
1424,frozen,51,0,5,1,0,-1.0,-1.0,1,2,0,0,0.0,-0.005004473950153852
1425,frozen,51,4,3,0,1,1.0,1.0,0,nan,nan,nan,0.0,-0.005004473950153852
1426,frozen,51,4,4,1,1,1.0,1.0,0,nan,nan,nan,0.0,-0.005004473950153852
1427,frozen,51,8,5,1,0,-1.0,-1.0,1,2,0,0,0.0,-0.005004473950153852
1428,frozen,51,3,3,0,1,1.0,1.0,0,nan,nan,nan,0.0,-0.005004473950153852
1429,frozen,51,0,4,1,0,-1.0,-1.0,1,1,0,0,0.0,-0.005004473950153852
1430,frozen,51,4,3,0,1,1.0,1.0,0,nan,nan,nan,0.0,-0.005004473950153852
1431,frozen,51,4,4,1,1,1.0,1.0,0,nan,nan,nan,0.0,-0.005004473950153852
1432,frozen,51,8,5,1,0,-1.0,-1.0,1,2,0,0,0.0,-0.005004473950153852
1433,frozen,51,3,3,0,1,1.0,1.0,0,nan,nan,nan,0.0,-0.005004473950153852
1434,frozen,51,2,2,0,1,1.0,1.0,0,nan,nan,nan,0.0,-0.005004473950153852
1435,frozen,51,7,3,1,0,-1.0,-1.0,1,2,0,0,0.0,-0.005004473950153852
1436,frozen,51,3,3,0,1,1.0,1.0,0,nan,nan,nan,0.0,-0.005004473950153852
1437,frozen,51,4,4,1,1,1.0,1.0,0,nan,nan,nan,0.0,-0.005004473950153852
1438,frozen,51,5,5,1,1,1.0,1.0,0,nan,nan,nan,0.0,-0.005004473950153852
1439,frozen,51,2,6,1,0,-1.0,-1.0,1,3,0,1,0.0,-0.005004473950153852
1440,frozen,51,7,5,1,0,-1.0,-1.0,1,0,1,0,0.0,-0.005004473950153852
1441,frozen,51,6,3,0,0,-1.0,-1.0,1,0,1,0,0.0,-0.005004473950153852
1442,frozen,51,8,5,1,0,-1.0,-1.0,1,0,1,0,0.0,-0.005004473950153852
1443,frozen,51,0,3,0,0,-1.0,-1.0,1,0,1,0,0.0,-0.005004473950153852
1444,frozen,51,6,5,1,1,1.0,1.0,0,nan,nan,nan,0.0,-0.005004473950153852
1445,frozen,51,7,4,0,0,-1.0,-1.0,1,1,0,0,0.0,-0.005004473950153852
1446,frozen,51,0,5,1,0,-1.0,-1.0,1,0,1,0,0.0,-0.005004473950153852
1447,frozen,51,2,3,0,1,1.0,1.0,0,nan,nan,nan,0.0,-0.005004473950153852
1448,frozen,51,4,4,1,1,1.0,1.0,0,nan,nan,nan,0.0,-0.005004473950153852
1449,frozen,51,4,5,1,1,1.0,1.0,0,nan,nan,nan,0.0,-0.005004473950153852
1450,frozen,51,7,6,1,1,1.0,1.0,0,nan,nan,nan,0.0,-0.005004473950153852
1451,frozen,51,4,5,0,1,1.0,1.0,0,nan,nan,nan,0.0,-0.005004473950153852
1452,frozen,51,1,4,0,0,-1.0,-1.0,1,5,0,1,0.0,-0.005004473950153852
1453,frozen,51,2,5,1,0,-1.0,-1.0,1,0,1,0,0.0,-0.005004473950153852
1454,frozen,51,4,3,0,1,1.0,1.0,0,nan,nan,nan,0.0,-0.005004473950153852
1455,frozen,51,8,4,1,0,-1.0,-1.0,1,1,0,0,0.0,-0.005004473950153852
1456,frozen,51,6,5,1,1,1.0,1.0,0,nan,nan,nan,0.0,-0.005004473950153852
1457,frozen,51,1,4,0,0,-1.0,-1.0,1,1,0,0,0.0,-0.005004473950153852
1458,frozen,51,7,5,1,0,-1.0,-1.0,1,0,1,0,0.0,-0.005004473950153852
1459,frozen,51,3,3,0,1,1.0,1.0,0,nan,nan,nan,0.0,-0.005004473950153852
1460,frozen,51,3,4,1,1,1.0,1.0,0,nan,nan,nan,0.0,-0.005004473950153852
1461,frozen,51,6,3,0,0,-1.0,-1.0,1,2,0,0,0.0,-0.005004473950153852
1462,frozen,51,0,5,1,0,-1.0,-1.0,1,0,1,0,0.0,-0.005004473950153852
1463,frozen,51,4,3,0,1,1.0,1.0,0,nan,nan,nan,0.0,-0.005004473950153852
1464,frozen,51,0,4,1,0,-1.0,-1.0,1,1,0,0,0.0,-0.005004473950153852
1465,frozen,51,3,3,0,1,1.0,1.0,0,nan,nan,nan,0.0,-0.005004473950153852
1466,frozen,51,2,2,0,1,1.0,1.0,0,nan,nan,nan,0.0,-0.005004473950153852
1467,frozen,51,7,3,1,0,-1.0,-1.0,1,2,0,0,0.0,-0.005004473950153852
1468,frozen,51,3,5,1,0,-1.0,-1.0,1,0,1,0,0.0,-0.005004473950153852
1469,frozen,51,5,5,1,1,1.0,1.0,0,nan,nan,nan,0.0,-0.005004473950153852
1470,frozen,51,4,4,0,1,1.0,1.0,0,nan,nan,nan,0.0,-0.005004473950153852
1471,frozen,51,8,5,1,0,-1.0,-1.0,1,2,0,0,0.0,-0.005004473950153852
1472,frozen,51,8,3,0,0,-1.0,-1.0,1,0,1,0,0.0,-0.005004473950153852
1473,frozen,51,0,3,0,0,-1.0,-1.0,1,0,1,0,0.0,-0.005004473950153852
1474,frozen,51,2,5,1,0,-1.0,-1.0,1,0,1,0,0.0,-0.005004473950153852
1475,frozen,51,2,5,1,0,-1.0,-1.0,1,0,1,0,0.0,-0.005004473950153852
1476,frozen,51,8,5,1,0,-1.0,-1.0,1,0,1,0,0.0,-0.005004473950153852
1477,frozen,51,6,5,1,1,1.0,1.0,0,nan,nan,nan,0.0,-0.005004473950153852
1478,frozen,51,1,6,1,0,-1.0,-1.0,1,1,0,0,0.0,-0.005004473950153852
1479,frozen,51,4,3,0,1,1.0,1.0,0,nan,nan,nan,0.0,-0.005004473950153852
1480,frozen,51,6,4,1,0,-1.0,-1.0,1,1,0,0,0.0,-0.005004473950153852
1481,frozen,51,5,5,1,1,1.0,1.0,0,nan,nan,nan,0.0,-0.005004473950153852
1482,frozen,51,3,6,1,0,-1.0,-1.0,1,1,0,0,0.0,-0.005004473950153852
1483,frozen,51,5,5,1,1,1.0,1.0,0,nan,nan,nan,0.0,-0.005004473950153852
1484,frozen,51,2,6,1,0,-1.0,-1.0,1,1,0,0,0.0,-0.005004473950153852
1485,frozen,51,7,5,1,0,-1.0,-1.0,1,0,1,0,0.0,-0.005004473950153852
1486,frozen,51,2,3,0,1,1.0,1.0,0,nan,nan,nan,0.0,-0.005004473950153852
1487,frozen,51,6,4,1,0,-1.0,-1.0,1,1,0,0,0.0,-0.005004473950153852
1488,frozen,51,5,5,1,1,1.0,1.0,0,nan,nan,nan,0.0,-0.005004473950153852
1489,frozen,51,5,6,1,1,1.0,1.0,0,nan,nan,nan,0.0,-0.005004473950153852
1490,frozen,51,1,5,0,0,-1.0,-1.0,1,2,0,0,0.0,-0.005004473950153852
1491,frozen,51,7,5,1,0,-1.0,-1.0,1,0,1,0,0.0,-0.005004473950153852
1492,frozen,51,1,5,1,0,-1.0,-1.0,1,0,1,0,0.0,-0.005004473950153852
1493,frozen,51,8,3,0,0,-1.0,-1.0,1,0,1,0,0.0,-0.005004473950153852
1494,frozen,51,2,3,0,1,1.0,1.0,0,nan,nan,nan,0.0,-0.005004473950153852
1495,frozen,51,1,2,0,1,1.0,1.0,0,nan,nan,nan,0.0,-0.005004473950153852
1496,frozen,51,5,3,1,0,-1.0,-1.0,1,2,0,0,0.0,-0.005004473950153852
1497,frozen,51,2,5,1,0,-1.0,-1.0,1,0,1,0,0.0,-0.005004473950153852
1498,frozen,51,0,3,0,0,-1.0,-1.0,1,0,1,0,0.0,-0.005004473950153852
1499,frozen,51,7,5,1,0,-1.0,-1.0,1,0,1,0,0.0,-0.005004473950153852
1500,frozen,51,8,5,1,0,-1.0,-1.0,1,0,1,0,0.0,-0.005004473950153852
1501,frozen,51,1,5,1,0,-1.0,-1.0,1,0,1,0,0.0,-0.005004473950153852
1502,frozen,51,3,3,0,1,1.0,1.0,0,nan,nan,nan,0.0,-0.005004473950153852
1503,frozen,51,5,2,0,0,-1.0,-1.0,1,1,0,0,0.0,-0.005004473950153852
1504,frozen,51,3,3,0,1,1.0,1.0,0,nan,nan,nan,0.0,-0.005004473950153852
1505,frozen,51,8,4,1,0,-1.0,-1.0,1,1,0,0,0.0,-0.005004473950153852
1506,frozen,51,1,5,1,0,-1.0,-1.0,1,0,1,0,0.0,-0.005004473950153852
1507,frozen,51,8,3,0,0,-1.0,-1.0,1,0,1,0,0.0,-0.005004473950153852
1508,frozen,51,3,3,0,1,1.0,1.0,0,nan,nan,nan,0.0,-0.005004473950153852
1509,frozen,51,5,2,0,0,-1.0,-1.0,1,1,0,0,0.0,-0.005004473950153852
1510,frozen,51,7,5,1,0,-1.0,-1.0,1,0,1,0,0.0,-0.005004473950153852
1511,frozen,51,8,3,0,0,-1.0,-1.0,1,0,1,0,0.0,-0.005004473950153852
1512,frozen,51,7,5,1,0,-1.0,-1.0,1,0,1,0,0.0,-0.005004473950153852
1513,frozen,51,6,3,0,0,-1.0,-1.0,1,0,1,0,0.0,-0.005004473950153852
1514,frozen,51,1,5,1,0,-1.0,-1.0,1,0,1,0,0.0,-0.005004473950153852
1515,frozen,51,3,3,0,1,1.0,1.0,0,nan,nan,nan,0.0,-0.005004473950153852
1516,frozen,51,0,4,1,0,-1.0,-1.0,1,1,0,0,0.0,-0.005004473950153852
1517,frozen,51,0,5,1,0,-1.0,-1.0,1,0,1,0,0.0,-0.005004473950153852
1518,frozen,51,7,5,1,0,-1.0,-1.0,1,0,1,0,0.0,-0.005004473950153852
1519,frozen,51,4,5,1,1,1.0,1.0,0,nan,nan,nan,0.0,-0.005004473950153852
1520,frozen,51,5,4,0,1,1.0,1.0,0,nan,nan,nan,0.0,-0.005004473950153852
1521,frozen,51,7,5,1,0,-1.0,-1.0,1,2,0,0,0.0,-0.005004473950153852
1522,frozen,51,4,5,1,1,1.0,1.0,0,nan,nan,nan,0.0,-0.005004473950153852
1523,frozen,51,6,6,1,1,1.0,1.0,0,nan,nan,nan,0.0,-0.005004473950153852
1524,frozen,51,1,7,1,0,-1.0,-1.0,1,2,0,0,0.0,-0.005004473950153852
1525,frozen,51,7,5,1,0,-1.0,-1.0,1,0,1,0,0.0,-0.005004473950153852
1526,frozen,51,3,3,0,1,1.0,1.0,0,nan,nan,nan,0.0,-0.005004473950153852
1527,frozen,51,8,4,1,0,-1.0,-1.0,1,1,0,0,0.0,-0.005004473950153852
1528,frozen,51,5,5,1,1,1.0,1.0,0,nan,nan,nan,0.0,-0.005004473950153852
1529,frozen,51,0,6,1,0,-1.0,-1.0,1,1,0,0,0.0,-0.005004473950153852
1530,frozen,51,1,5,1,0,-1.0,-1.0,1,0,1,0,0.0,-0.005004473950153852
1531,frozen,51,5,3,0,0,-1.0,-1.0,1,0,1,0,0.0,-0.005004473950153852
1532,frozen,51,5,5,1,1,1.0,1.0,0,nan,nan,nan,0.0,-0.005004473950153852
1533,frozen,51,3,6,1,0,-1.0,-1.0,1,1,0,0,0.0,-0.005004473950153852
1534,frozen,51,3,3,0,1,1.0,1.0,0,nan,nan,nan,0.0,-0.005004473950153852
1535,frozen,51,8,4,1,0,-1.0,-1.0,1,1,0,0,0.0,-0.005004473950153852
1536,frozen,51,1,5,1,0,-1.0,-1.0,1,0,1,0,0.0,-0.005004473950153852
1537,frozen,51,4,3,0,1,1.0,1.0,0,nan,nan,nan,0.0,-0.005004473950153852
1538,frozen,51,6,4,1,0,-1.0,-1.0,1,1,0,0,0.0,-0.005004473950153852
1539,frozen,51,0,5,1,0,-1.0,-1.0,1,0,1,0,0.0,-0.005004473950153852
1540,frozen,51,3,3,0,1,1.0,1.0,0,nan,nan,nan,0.0,-0.005004473950153852
1541,frozen,51,5,2,0,0,-1.0,-1.0,1,1,0,0,0.0,-0.005004473950153852
1542,frozen,51,6,5,1,1,1.0,1.0,0,nan,nan,nan,0.0,-0.005004473950153852
1543,frozen,51,3,6,1,0,-1.0,-1.0,1,1,0,0,0.0,-0.005004473950153852
1544,frozen,51,4,5,1,1,1.0,1.0,0,nan,nan,nan,0.0,-0.005004473950153852
1545,frozen,51,4,4,0,1,1.0,1.0,0,nan,nan,nan,0.0,-0.005004473950153852
1546,frozen,51,5,5,1,1,1.0,1.0,0,nan,nan,nan,0.0,-0.005004473950153852
1547,frozen,51,2,6,1,0,-1.0,-1.0,1,3,0,1,0.0,-0.005004473950153852
1548,frozen,51,8,5,1,0,-1.0,-1.0,1,0,1,0,0.0,-0.005004473950153852
1549,frozen,51,7,5,1,0,-1.0,-1.0,1,0,1,0,0.0,-0.005004473950153852
1550,frozen,51,3,3,0,1,1.0,1.0,0,nan,nan,nan,0.0,-0.005004473950153852
1551,frozen,51,0,4,1,0,-1.0,-1.0,1,1,0,0,0.0,-0.005004473950153852
1552,frozen,51,2,5,1,0,-1.0,-1.0,1,0,1,0,0.0,-0.005004473950153852
1553,frozen,51,2,3,0,1,1.0,1.0,0,nan,nan,nan,0.0,-0.005004473950153852
1554,frozen,51,8,4,1,0,-1.0,-1.0,1,1,0,0,0.0,-0.005004473950153852
1555,frozen,51,0,5,1,0,-1.0,-1.0,1,0,1,0,0.0,-0.005004473950153852
1556,frozen,51,5,5,1,1,1.0,1.0,0,nan,nan,nan,0.0,-0.005004473950153852
1557,frozen,51,5,6,1,1,1.0,1.0,0,nan,nan,nan,0.0,-0.005004473950153852
1558,frozen,51,1,7,1,0,-1.0,-1.0,1,2,0,0,0.0,-0.005004473950153852
1559,frozen,51,4,5,1,1,1.0,1.0,0,nan,nan,nan,0.0,-0.005004473950153852
1560,frozen,51,5,4,0,1,1.0,1.0,0,nan,nan,nan,0.0,-0.005004473950153852
1561,frozen,51,8,3,0,0,-1.0,-1.0,1,2,0,0,0.0,-0.005004473950153852
1562,frozen,51,0,3,0,0,-1.0,-1.0,1,0,1,0,0.0,-0.005004473950153852
1563,frozen,51,8,3,0,0,-1.0,-1.0,1,0,1,0,0.0,-0.005004473950153852
1564,frozen,51,8,5,1,0,-1.0,-1.0,1,0,1,0,0.0,-0.005004473950153852
1565,frozen,51,1,5,1,0,-1.0,-1.0,1,0,1,0,0.0,-0.005004473950153852
1566,frozen,51,5,5,1,1,1.0,1.0,0,nan,nan,nan,0.0,-0.005004473950153852
1567,frozen,51,8,6,1,0,-1.0,-1.0,1,1,0,0,0.0,-0.005004473950153852
1568,frozen,51,8,3,0,0,-1.0,-1.0,1,0,1,0,0.0,-0.005004473950153852
1569,frozen,51,1,5,1,0,-1.0,-1.0,1,0,1,0,0.0,-0.005004473950153852
1570,frozen,51,6,3,0,0,-1.0,-1.0,1,0,1,0,0.0,-0.005004473950153852
1571,frozen,51,0,5,1,0,-1.0,-1.0,1,0,1,0,0.0,-0.005004473950153852
1572,frozen,51,2,5,1,0,-1.0,-1.0,1,0,1,0,0.0,-0.005004473950153852
1573,frozen,51,6,3,0,0,-1.0,-1.0,1,0,1,0,0.0,-0.005004473950153852
1574,frozen,51,3,3,0,1,1.0,1.0,0,nan,nan,nan,0.0,-0.005004473950153852
1575,frozen,51,0,4,1,0,-1.0,-1.0,1,1,0,0,0.0,-0.005004473950153852
1576,frozen,51,6,3,0,0,-1.0,-1.0,1,0,1,0,0.0,-0.005004473950153852
1577,frozen,51,2,5,1,0,-1.0,-1.0,1,0,1,0,0.0,-0.005004473950153852
1578,frozen,51,3,3,0,1,1.0,1.0,0,nan,nan,nan,0.0,-0.005004473950153852
1579,frozen,51,5,4,1,1,1.0,1.0,0,nan,nan,nan,0.0,-0.005004473950153852
1580,frozen,51,1,5,1,0,-1.0,-1.0,1,2,0,0,0.0,-0.005004473950153852
1581,frozen,51,5,5,1,1,1.0,1.0,0,nan,nan,nan,0.0,-0.005004473950153852
1582,frozen,51,3,4,0,1,1.0,1.0,0,nan,nan,nan,0.0,-0.005004473950153852
1583,frozen,51,0,3,0,0,-1.0,-1.0,1,2,0,0,0.0,-0.005004473950153852
1584,frozen,51,8,3,0,0,-1.0,-1.0,1,0,1,0,0.0,-0.005004473950153852
1585,frozen,51,6,5,1,1,1.0,1.0,0,nan,nan,nan,0.0,-0.005004473950153852
1586,frozen,51,6,6,1,1,1.0,1.0,0,nan,nan,nan,0.0,-0.005004473950153852
1587,frozen,51,1,7,1,0,-1.0,-1.0,1,2,0,0,0.0,-0.005004473950153852
1588,frozen,51,5,5,1,1,1.0,1.0,0,nan,nan,nan,0.0,-0.005004473950153852
1589,frozen,51,5,4,0,1,1.0,1.0,0,nan,nan,nan,0.0,-0.005004473950153852
1590,frozen,51,2,5,1,0,-1.0,-1.0,1,2,0,0,0.0,-0.005004473950153852
1591,frozen,51,6,3,0,0,-1.0,-1.0,1,0,1,0,0.0,-0.005004473950153852
1592,frozen,51,3,3,0,1,1.0,1.0,0,nan,nan,nan,0.0,-0.005004473950153852
1593,frozen,51,2,2,0,1,1.0,1.0,0,nan,nan,nan,0.0,-0.005004473950153852
1594,frozen,51,1,1,0,1,1.0,1.0,0,nan,nan,nan,0.0,-0.005004473950153852
1595,frozen,51,2,0,0,0,-1.0,-1.0,1,3,0,1,0.0,-0.005004473950153852
1596,frozen,51,5,5,1,1,1.0,1.0,0,nan,nan,nan,0.0,-0.005004473950153852
1597,frozen,51,5,6,1,1,1.0,1.0,0,nan,nan,nan,0.0,-0.005004473950153852
1598,frozen,51,2,5,0,0,-1.0,-1.0,1,2,0,0,0.0,-0.005004473950153852
1599,frozen,51,3,3,0,1,1.0,1.0,0,nan,nan,nan,0.0,-0.005004473950153852
1600,frozen,51,4,4,1,1,1.0,1.0,0,nan,nan,nan,0.0,-0.005004473950153852
1601,frozen,51,8,3,0,0,-1.0,-1.0,1,2,0,0,0.0,-0.005004473950153852
1602,frozen,51,0,3,0,0,-1.0,-1.0,1,0,1,0,0.0,-0.005004473950153852
1603,frozen,51,5,5,1,1,1.0,1.0,0,nan,nan,nan,0.0,-0.005004473950153852
1604,frozen,51,2,6,1,0,-1.0,-1.0,1,1,0,0,0.0,-0.005004473950153852
1605,frozen,51,4,5,1,1,1.0,1.0,0,nan,nan,nan,0.0,-0.005004473950153852
1606,frozen,51,3,4,0,1,1.0,1.0,0,nan,nan,nan,0.0,-0.005004473950153852
1607,frozen,51,7,5,1,0,-1.0,-1.0,1,2,0,0,0.0,-0.005004473950153852
1608,frozen,51,0,3,0,0,-1.0,-1.0,1,0,1,0,0.0,-0.005004473950153852
1609,frozen,51,3,3,0,1,1.0,1.0,0,nan,nan,nan,0.0,-0.005004473950153852
1610,frozen,51,3,2,0,1,1.0,1.0,0,nan,nan,nan,0.0,-0.005004473950153852
1611,frozen,51,1,1,0,1,1.0,1.0,0,nan,nan,nan,0.0,-0.005004473950153852
1612,frozen,51,0,0,0,1,1.0,1.0,0,nan,nan,nan,0.0,-0.005004473950153852
1613,frozen,51,2,1,1,1,1.0,1.0,0,nan,nan,nan,0.0,-0.005004473950153852
1614,frozen,51,4,2,1,0,-1.0,-1.0,1,5,0,1,0.0,-0.005004473950153852
1615,frozen,51,0,5,1,0,-1.0,-1.0,1,0,1,0,0.0,-0.005004473950153852
1616,frozen,51,6,3,0,0,-1.0,-1.0,1,0,1,0,0.0,-0.005004473950153852
1617,frozen,51,4,3,0,1,1.0,1.0,0,nan,nan,nan,0.0,-0.005004473950153852
1618,frozen,51,8,4,1,0,-1.0,-1.0,1,1,0,0,0.0,-0.005004473950153852
1619,frozen,51,4,3,0,1,1.0,1.0,0,nan,nan,nan,0.0,-0.005004473950153852
1620,frozen,51,1,4,1,0,-1.0,-1.0,1,1,0,0,0.0,-0.005004473950153852
1621,frozen,51,3,3,0,1,1.0,1.0,0,nan,nan,nan,0.0,-0.005004473950153852
1622,frozen,51,6,4,1,0,-1.0,-1.0,1,1,0,0,0.0,-0.005004473950153852
1623,frozen,51,1,5,1,0,-1.0,-1.0,1,0,1,0,0.0,-0.005004473950153852
1624,frozen,51,8,3,0,0,-1.0,-1.0,1,0,1,0,0.0,-0.005004473950153852
1625,frozen,51,3,3,0,1,1.0,1.0,0,nan,nan,nan,0.0,-0.005004473950153852
1626,frozen,51,2,2,0,1,1.0,1.0,0,nan,nan,nan,0.0,-0.005004473950153852
1627,frozen,51,1,1,0,1,1.0,1.0,0,nan,nan,nan,0.0,-0.005004473950153852
1628,frozen,51,7,0,0,0,-1.0,-1.0,1,3,0,1,0.0,-0.005004473950153852
1629,frozen,51,2,5,1,0,-1.0,-1.0,1,0,1,0,0.0,-0.005004473950153852
1630,frozen,51,6,5,1,1,1.0,1.0,0,nan,nan,nan,0.0,-0.005004473950153852
1631,frozen,51,1,6,1,0,-1.0,-1.0,1,1,0,0,0.0,-0.005004473950153852
1632,frozen,51,5,5,1,1,1.0,1.0,0,nan,nan,nan,0.0,-0.005004473950153852
1633,frozen,51,0,6,1,0,-1.0,-1.0,1,1,0,0,0.0,-0.005004473950153852
1634,frozen,51,8,5,1,0,-1.0,-1.0,1,0,1,0,0.0,-0.005004473950153852
1635,frozen,51,2,3,0,1,1.0,1.0,0,nan,nan,nan,0.0,-0.005004473950153852
1636,frozen,51,4,4,1,1,1.0,1.0,0,nan,nan,nan,0.0,-0.005004473950153852
1637,frozen,51,3,3,0,1,1.0,1.0,0,nan,nan,nan,0.0,-0.005004473950153852
1638,frozen,51,7,4,1,0,-1.0,-1.0,1,3,0,1,0.0,-0.005004473950153852
1639,frozen,51,1,5,1,0,-1.0,-1.0,1,0,1,0,0.0,-0.005004473950153852
1640,frozen,51,4,3,0,1,1.0,1.0,0,nan,nan,nan,0.0,-0.005004473950153852
1641,frozen,51,8,4,1,0,-1.0,-1.0,1,1,0,0,0.0,-0.005004473950153852
1642,frozen,51,4,3,0,1,1.0,1.0,0,nan,nan,nan,0.0,-0.005004473950153852
1643,frozen,51,6,4,1,0,-1.0,-1.0,1,1,0,0,0.0,-0.005004473950153852
1644,frozen,51,5,5,1,1,1.0,1.0,0,nan,nan,nan,0.0,-0.005004473950153852
1645,frozen,51,2,6,1,0,-1.0,-1.0,1,1,0,0,0.0,-0.005004473950153852
1646,frozen,51,8,3,0,0,-1.0,-1.0,1,0,1,0,0.0,-0.005004473950153852
1647,frozen,51,0,3,0,0,-1.0,-1.0,1,0,1,0,0.0,-0.005004473950153852
1648,frozen,51,7,5,1,0,-1.0,-1.0,1,0,1,0,0.0,-0.005004473950153852
1649,frozen,51,6,3,0,0,-1.0,-1.0,1,0,1,0,0.0,-0.005004473950153852
1650,frozen,51,2,3,0,1,1.0,1.0,0,nan,nan,nan,0.0,-0.005004473950153852
1651,frozen,51,4,4,1,1,1.0,1.0,0,nan,nan,nan,0.0,-0.005004473950153852
1652,frozen,51,1,5,1,0,-1.0,-1.0,1,2,0,0,0.0,-0.005004473950153852
1653,frozen,51,4,5,1,1,1.0,1.0,0,nan,nan,nan,0.0,-0.005004473950153852
1654,frozen,51,1,4,0,0,-1.0,-1.0,1,1,0,0,0.0,-0.005004473950153852
1655,frozen,51,7,5,1,0,-1.0,-1.0,1,0,1,0,0.0,-0.005004473950153852
1656,frozen,51,6,5,1,1,1.0,1.0,0,nan,nan,nan,0.0,-0.005004473950153852
1657,frozen,51,3,4,0,1,1.0,1.0,0,nan,nan,nan,0.0,-0.005004473950153852
1658,frozen,51,6,3,0,0,-1.0,-1.0,1,2,0,0,0.0,-0.005004473950153852
1659,frozen,51,7,5,1,0,-1.0,-1.0,1,0,1,0,0.0,-0.005004473950153852
1660,frozen,51,1,5,1,0,-1.0,-1.0,1,0,1,0,0.0,-0.005004473950153852
1661,frozen,51,6,5,1,1,1.0,1.0,0,nan,nan,nan,0.0,-0.005004473950153852
1662,frozen,51,1,4,0,0,-1.0,-1.0,1,1,0,0,0.0,-0.005004473950153852
1663,frozen,51,4,3,0,1,1.0,1.0,0,nan,nan,nan,0.0,-0.005004473950153852
1664,frozen,51,6,4,1,0,-1.0,-1.0,1,1,0,0,0.0,-0.005004473950153852
1665,frozen,51,8,5,1,0,-1.0,-1.0,1,0,1,0,0.0,-0.005004473950153852
1666,frozen,51,3,3,0,1,1.0,1.0,0,nan,nan,nan,0.0,-0.005004473950153852
1667,frozen,51,4,4,1,1,1.0,1.0,0,nan,nan,nan,0.0,-0.005004473950153852
1668,frozen,51,3,3,0,1,1.0,1.0,0,nan,nan,nan,0.0,-0.005004473950153852
1669,frozen,51,1,2,0,1,1.0,1.0,0,nan,nan,nan,0.0,-0.005004473950153852
1670,frozen,51,1,1,0,1,1.0,1.0,0,nan,nan,nan,0.0,-0.005004473950153852
1671,frozen,51,3,0,0,0,-1.0,-1.0,1,5,0,1,0.0,-0.005004473950153852
1672,frozen,51,6,3,0,0,-1.0,-1.0,1,0,1,0,0.0,-0.005004473950153852
1673,frozen,51,7,5,1,0,-1.0,-1.0,1,0,1,0,0.0,-0.005004473950153852
1674,frozen,51,1,5,1,0,-1.0,-1.0,1,0,1,0,0.0,-0.005004473950153852
1675,frozen,51,7,5,1,0,-1.0,-1.0,1,0,1,0,0.0,-0.005004473950153852
1676,frozen,51,7,3,0,0,-1.0,-1.0,1,0,1,0,0.0,-0.005004473950153852
1677,frozen,51,6,3,0,0,-1.0,-1.0,1,0,1,0,0.0,-0.005004473950153852
1678,frozen,51,6,5,1,1,1.0,1.0,0,nan,nan,nan,0.0,-0.005004473950153852
1679,frozen,51,3,6,1,0,-1.0,-1.0,1,1,0,0,0.0,-0.005004473950153852
1680,frozen,51,6,3,0,0,-1.0,-1.0,1,0,1,0,0.0,-0.005004473950153852
1681,frozen,51,4,5,1,1,1.0,1.0,0,nan,nan,nan,0.0,-0.005004473950153852
1682,frozen,51,1,6,1,0,-1.0,-1.0,1,1,0,0,0.0,-0.005004473950153852
1683,frozen,51,1,5,1,0,-1.0,-1.0,1,0,1,0,0.0,-0.005004473950153852
1684,frozen,51,7,5,1,0,-1.0,-1.0,1,0,1,0,0.0,-0.005004473950153852
1685,frozen,51,2,3,0,1,1.0,1.0,0,nan,nan,nan,0.0,-0.005004473950153852
1686,frozen,51,5,2,0,0,-1.0,-1.0,1,1,0,0,0.0,-0.005004473950153852
1687,frozen,51,5,5,1,1,1.0,1.0,0,nan,nan,nan,0.0,-0.005004473950153852
1688,frozen,51,0,6,1,0,-1.0,-1.0,1,1,0,0,0.0,-0.005004473950153852
1689,frozen,51,6,3,0,0,-1.0,-1.0,1,0,1,0,0.0,-0.005004473950153852
1690,frozen,51,5,5,1,1,1.0,1.0,0,nan,nan,nan,0.0,-0.005004473950153852
1691,frozen,51,4,4,0,1,1.0,1.0,0,nan,nan,nan,0.0,-0.005004473950153852
1692,frozen,51,0,5,1,0,-1.0,-1.0,1,2,0,0,0.0,-0.005004473950153852
1693,frozen,51,6,3,0,0,-1.0,-1.0,1,0,1,0,0.0,-0.005004473950153852
1694,frozen,51,1,5,1,0,-1.0,-1.0,1,0,1,0,0.0,-0.005004473950153852
1695,frozen,51,2,5,1,0,-1.0,-1.0,1,0,1,0,0.0,-0.005004473950153852
1696,frozen,51,7,5,1,0,-1.0,-1.0,1,0,1,0,0.0,-0.005004473950153852
1697,frozen,51,4,3,0,1,1.0,1.0,0,nan,nan,nan,0.0,-0.005004473950153852
1698,frozen,51,3,2,0,1,1.0,1.0,0,nan,nan,nan,0.0,-0.005004473950153852
1699,frozen,51,1,1,0,1,1.0,1.0,0,nan,nan,nan,0.0,-0.005004473950153852
1700,frozen,51,2,2,1,1,1.0,1.0,0,nan,nan,nan,0.0,-0.005004473950153852
1701,frozen,51,5,3,1,0,-1.0,-1.0,1,4,0,1,0.0,-0.005004473950153852
1702,frozen,51,8,5,1,0,-1.0,-1.0,1,0,1,0,0.0,-0.005004473950153852
1703,frozen,51,0,3,0,0,-1.0,-1.0,1,0,1,0,0.0,-0.005004473950153852
1704,frozen,51,6,5,1,1,1.0,1.0,0,nan,nan,nan,0.0,-0.005004473950153852
1705,frozen,51,5,4,0,1,1.0,1.0,0,nan,nan,nan,0.0,-0.005004473950153852
1706,frozen,51,3,3,0,1,1.0,1.0,0,nan,nan,nan,0.0,-0.005004473950153852
1707,frozen,51,3,2,0,1,1.0,1.0,0,nan,nan,nan,0.0,-0.005004473950153852
1708,frozen,51,6,3,1,0,-1.0,-1.0,1,4,0,1,0.0,-0.005004473950153852
1709,frozen,51,4,3,0,1,1.0,1.0,0,nan,nan,nan,0.0,-0.005004473950153852
1710,frozen,51,3,4,1,1,1.0,1.0,0,nan,nan,nan,0.0,-0.005004473950153852
1711,frozen,51,2,3,0,1,1.0,1.0,0,nan,nan,nan,0.0,-0.005004473950153852
1712,frozen,51,4,4,1,1,1.0,1.0,0,nan,nan,nan,0.0,-0.005004473950153852
1713,frozen,51,2,5,1,0,-1.0,-1.0,1,4,0,1,0.0,-0.005004473950153852
1714,frozen,51,8,3,0,0,-1.0,-1.0,1,0,1,0,0.0,-0.005004473950153852
1715,frozen,51,5,5,1,1,1.0,1.0,0,nan,nan,nan,0.0,-0.005004473950153852
1716,frozen,51,2,6,1,0,-1.0,-1.0,1,1,0,0,0.0,-0.005004473950153852
1717,frozen,51,1,5,1,0,-1.0,-1.0,1,0,1,0,0.0,-0.005004473950153852
1718,frozen,51,1,5,1,0,-1.0,-1.0,1,0,1,0,0.0,-0.005004473950153852
1719,frozen,51,2,5,1,0,-1.0,-1.0,1,0,1,0,0.0,-0.005004473950153852
1720,frozen,51,8,5,1,0,-1.0,-1.0,1,0,1,0,0.0,-0.005004473950153852
1721,frozen,51,3,3,0,1,1.0,1.0,0,nan,nan,nan,0.0,-0.005004473950153852
1722,frozen,51,8,4,1,0,-1.0,-1.0,1,1,0,0,0.0,-0.005004473950153852
1723,frozen,51,7,5,1,0,-1.0,-1.0,1,0,1,0,0.0,-0.005004473950153852
1724,frozen,51,1,5,1,0,-1.0,-1.0,1,0,1,0,0.0,-0.005004473950153852
1725,frozen,51,6,5,1,1,1.0,1.0,0,nan,nan,nan,0.0,-0.005004473950153852
1726,frozen,51,1,4,0,0,-1.0,-1.0,1,1,0,0,0.0,-0.005004473950153852
1727,frozen,51,4,3,0,1,1.0,1.0,0,nan,nan,nan,0.0,-0.005004473950153852
1728,frozen,51,7,4,1,0,-1.0,-1.0,1,1,0,0,0.0,-0.005004473950153852
1729,frozen,51,5,5,1,1,1.0,1.0,0,nan,nan,nan,0.0,-0.005004473950153852
1730,frozen,51,8,6,1,0,-1.0,-1.0,1,1,0,0,0.0,-0.005004473950153852
1731,frozen,51,6,5,1,1,1.0,1.0,0,nan,nan,nan,0.0,-0.005004473950153852
1732,frozen,51,7,6,1,1,1.0,1.0,0,nan,nan,nan,0.0,-0.005004473950153852
1733,frozen,51,5,5,0,1,1.0,1.0,0,nan,nan,nan,0.0,-0.005004473950153852
1734,frozen,51,0,4,0,0,-1.0,-1.0,1,3,0,1,0.0,-0.005004473950153852
1735,frozen,51,3,5,1,0,-1.0,-1.0,1,0,1,0,0.0,-0.005004473950153852
1736,frozen,51,1,5,1,0,-1.0,-1.0,1,0,1,0,0.0,-0.005004473950153852
1737,frozen,51,5,5,1,1,1.0,1.0,0,nan,nan,nan,0.0,-0.005004473950153852
1738,frozen,51,3,6,1,0,-1.0,-1.0,1,1,0,0,0.0,-0.005004473950153852
1739,frozen,51,5,5,1,1,1.0,1.0,0,nan,nan,nan,0.0,-0.005004473950153852
1740,frozen,51,3,6,1,0,-1.0,-1.0,1,1,0,0,0.0,-0.005004473950153852
1741,frozen,51,0,5,1,0,-1.0,-1.0,1,0,1,0,0.0,-0.005004473950153852
1742,frozen,51,5,5,1,1,1.0,1.0,0,nan,nan,nan,0.0,-0.005004473950153852
1743,frozen,51,5,6,1,1,1.0,1.0,0,nan,nan,nan,0.0,-0.005004473950153852
1744,frozen,51,7,7,1,1,1.0,1.0,0,nan,nan,nan,0.0,-0.005004473950153852
1745,frozen,51,6,6,0,1,1.0,1.0,0,nan,nan,nan,0.0,-0.005004473950153852
1746,frozen,51,6,7,1,1,1.0,1.0,0,nan,nan,nan,0.0,-0.005004473950153852
1747,frozen,51,2,6,0,0,-1.0,-1.0,1,5,0,1,0.0,-0.005004473950153852
1748,frozen,51,7,5,1,0,-1.0,-1.0,1,0,1,0,0.0,-0.005004473950153852
1749,frozen,51,8,5,1,0,-1.0,-1.0,1,0,1,0,0.0,-0.005004473950153852
1750,frozen,51,2,3,0,1,1.0,1.0,0,nan,nan,nan,0.0,-0.005004473950153852
1751,frozen,51,5,2,0,0,-1.0,-1.0,1,1,0,0,0.0,-0.005004473950153852
1752,frozen,51,3,5,1,0,-1.0,-1.0,1,0,1,0,0.0,-0.005004473950153852
1753,frozen,51,5,5,1,1,1.0,1.0,0,nan,nan,nan,0.0,-0.005004473950153852
1754,frozen,51,4,4,0,1,1.0,1.0,0,nan,nan,nan,0.0,-0.005004473950153852
1755,frozen,51,2,3,0,1,1.0,1.0,0,nan,nan,nan,0.0,-0.005004473950153852
1756,frozen,51,8,4,1,0,-1.0,-1.0,1,3,0,1,0.0,-0.005004473950153852
1757,frozen,51,4,5,1,1,1.0,1.0,0,nan,nan,nan,0.0,-0.005004473950153852
1758,frozen,51,1,4,0,0,-1.0,-1.0,1,1,0,0,0.0,-0.005004473950153852
1759,frozen,51,7,3,0,0,-1.0,-1.0,1,0,1,0,0.0,-0.005004473950153852
1760,frozen,51,5,5,1,1,1.0,1.0,0,nan,nan,nan,0.0,-0.005004473950153852
1761,frozen,51,1,4,0,0,-1.0,-1.0,1,1,0,0,0.0,-0.005004473950153852
1762,frozen,51,4,5,1,1,1.0,1.0,0,nan,nan,nan,0.0,-0.005004473950153852
1763,frozen,51,2,6,1,0,-1.0,-1.0,1,1,0,0,0.0,-0.005004473950153852
1764,frozen,51,3,3,0,1,1.0,1.0,0,nan,nan,nan,0.0,-0.005004473950153852
1765,frozen,51,3,4,1,1,1.0,1.0,0,nan,nan,nan,0.0,-0.005004473950153852
1766,frozen,51,1,5,1,0,-1.0,-1.0,1,2,0,0,0.0,-0.005004473950153852
1767,frozen,51,5,5,1,1,1.0,1.0,0,nan,nan,nan,0.0,-0.005004473950153852
1768,frozen,51,8,6,1,0,-1.0,-1.0,1,1,0,0,0.0,-0.005004473950153852
1769,frozen,51,2,3,0,1,1.0,1.0,0,nan,nan,nan,0.0,-0.005004473950153852
1770,frozen,51,7,4,1,0,-1.0,-1.0,1,1,0,0,0.0,-0.005004473950153852
1771,frozen,51,2,3,0,1,1.0,1.0,0,nan,nan,nan,0.0,-0.005004473950153852
1772,frozen,51,3,4,1,1,1.0,1.0,0,nan,nan,nan,0.0,-0.005004473950153852
1773,frozen,51,8,3,0,0,-1.0,-1.0,1,2,0,0,0.0,-0.005004473950153852
1774,frozen,51,3,3,0,1,1.0,1.0,0,nan,nan,nan,0.0,-0.005004473950153852
1775,frozen,51,0,4,1,0,-1.0,-1.0,1,1,0,0,0.0,-0.005004473950153852
1776,frozen,51,1,5,1,0,-1.0,-1.0,1,0,1,0,0.0,-0.005004473950153852
1777,frozen,51,2,3,0,1,1.0,1.0,0,nan,nan,nan,0.0,-0.005004473950153852
1778,frozen,51,4,4,1,1,1.0,1.0,0,nan,nan,nan,0.0,-0.005004473950153852
1779,frozen,51,7,5,1,0,-1.0,-1.0,1,2,0,0,0.0,-0.005004473950153852
1780,frozen,51,0,3,0,0,-1.0,-1.0,1,0,1,0,0.0,-0.005004473950153852
1781,frozen,51,6,5,1,1,1.0,1.0,0,nan,nan,nan,0.0,-0.005004473950153852
1782,frozen,51,1,4,0,0,-1.0,-1.0,1,1,0,0,0.0,-0.005004473950153852
1783,frozen,51,4,3,0,1,1.0,1.0,0,nan,nan,nan,0.0,-0.005004473950153852
1784,frozen,51,0,4,1,0,-1.0,-1.0,1,1,0,0,0.0,-0.005004473950153852
1785,frozen,51,6,3,0,0,-1.0,-1.0,1,0,1,0,0.0,-0.005004473950153852
1786,frozen,51,6,5,1,1,1.0,1.0,0,nan,nan,nan,0.0,-0.005004473950153852
1787,frozen,51,5,6,1,1,1.0,1.0,0,nan,nan,nan,0.0,-0.005004473950153852
1788,frozen,51,4,7,1,0,-1.0,-1.0,1,2,0,0,0.0,-0.005004473950153852
1789,frozen,51,4,3,0,1,1.0,1.0,0,nan,nan,nan,0.0,-0.005004473950153852
1790,frozen,51,5,4,1,1,1.0,1.0,0,nan,nan,nan,0.0,-0.005004473950153852
1791,frozen,51,4,5,1,1,1.0,1.0,0,nan,nan,nan,0.0,-0.005004473950153852
1792,frozen,51,0,6,1,0,-1.0,-1.0,1,3,0,1,0.0,-0.005004473950153852
1793,frozen,51,1,5,1,0,-1.0,-1.0,1,0,1,0,0.0,-0.005004473950153852
1794,frozen,51,6,5,1,1,1.0,1.0,0,nan,nan,nan,0.0,-0.005004473950153852
1795,frozen,51,2,6,1,0,-1.0,-1.0,1,1,0,0,0.0,-0.005004473950153852
1796,frozen,51,6,3,0,0,-1.0,-1.0,1,0,1,0,0.0,-0.005004473950153852
1797,frozen,51,3,3,0,1,1.0,1.0,0,nan,nan,nan,0.0,-0.005004473950153852
1798,frozen,51,0,4,1,0,-1.0,-1.0,1,1,0,0,0.0,-0.005004473950153852
1799,frozen,51,0,5,1,0,-1.0,-1.0,1,0,1,0,0.0,-0.005004473950153852
1800,frozen,51,1,5,1,0,-1.0,-1.0,1,0,1,0,0.0,-0.005004473950153852
1801,frozen,51,1,5,1,0,-1.0,-1.0,1,0,1,0,0.0,-0.005004473950153852
1802,frozen,51,2,5,1,0,-1.0,-1.0,1,0,1,0,0.0,-0.005004473950153852
1803,frozen,51,0,3,0,0,-1.0,-1.0,1,0,1,0,0.0,-0.005004473950153852
1804,frozen,51,5,5,1,1,1.0,1.0,0,nan,nan,nan,0.0,-0.005004473950153852
1805,frozen,51,6,6,1,1,1.0,1.0,0,nan,nan,nan,0.0,-0.005004473950153852
1806,frozen,51,6,5,0,1,1.0,1.0,0,nan,nan,nan,0.0,-0.005004473950153852
1807,frozen,51,1,4,0,0,-1.0,-1.0,1,3,0,1,0.0,-0.005004473950153852
1808,frozen,51,7,5,1,0,-1.0,-1.0,1,0,1,0,0.0,-0.005004473950153852
1809,frozen,51,8,5,1,0,-1.0,-1.0,1,0,1,0,0.0,-0.005004473950153852
1810,frozen,51,4,5,1,1,1.0,1.0,0,nan,nan,nan,0.0,-0.005004473950153852
1811,frozen,51,8,6,1,0,-1.0,-1.0,1,1,0,0,0.0,-0.005004473950153852
1812,frozen,51,8,5,1,0,-1.0,-1.0,1,0,1,0,0.0,-0.005004473950153852
1813,frozen,51,7,5,1,0,-1.0,-1.0,1,0,1,0,0.0,-0.005004473950153852
1814,frozen,51,6,5,1,1,1.0,1.0,0,nan,nan,nan,0.0,-0.005004473950153852
1815,frozen,51,3,6,1,0,-1.0,-1.0,1,1,0,0,0.0,-0.005004473950153852
1816,frozen,51,4,3,0,1,1.0,1.0,0,nan,nan,nan,0.0,-0.005004473950153852
1817,frozen,51,2,2,0,1,1.0,1.0,0,nan,nan,nan,0.0,-0.005004473950153852
1818,frozen,51,3,3,1,1,1.0,1.0,0,nan,nan,nan,0.0,-0.005004473950153852
1819,frozen,51,0,4,1,0,-1.0,-1.0,1,3,0,1,0.0,-0.005004473950153852
1820,frozen,51,2,3,0,1,1.0,1.0,0,nan,nan,nan,0.0,-0.005004473950153852
1821,frozen,51,4,2,0,0,-1.0,-1.0,1,1,0,0,0.0,-0.005004473950153852
1822,frozen,51,0,3,0,0,-1.0,-1.0,1,0,1,0,0.0,-0.005004473950153852
1823,frozen,51,8,5,1,0,-1.0,-1.0,1,0,1,0,0.0,-0.005004473950153852
1824,frozen,51,3,3,0,1,1.0,1.0,0,nan,nan,nan,0.0,-0.005004473950153852
1825,frozen,51,2,2,0,1,1.0,1.0,0,nan,nan,nan,0.0,-0.005004473950153852
1826,frozen,51,3,3,1,1,1.0,1.0,0,nan,nan,nan,0.0,-0.005004473950153852
1827,frozen,51,0,4,1,0,-1.0,-1.0,1,3,0,1,0.0,-0.005004473950153852
1828,frozen,51,0,5,1,0,-1.0,-1.0,1,0,1,0,0.0,-0.005004473950153852
1829,frozen,51,7,5,1,0,-1.0,-1.0,1,0,1,0,0.0,-0.005004473950153852
1830,frozen,51,2,5,1,0,-1.0,-1.0,1,0,1,0,0.0,-0.005004473950153852
1831,frozen,51,0,3,0,0,-1.0,-1.0,1,0,1,0,0.0,-0.005004473950153852
1832,frozen,51,3,3,0,1,1.0,1.0,0,nan,nan,nan,0.0,-0.005004473950153852
1833,frozen,51,2,2,0,1,1.0,1.0,0,nan,nan,nan,0.0,-0.005004473950153852
1834,frozen,51,3,3,1,1,1.0,1.0,0,nan,nan,nan,0.0,-0.005004473950153852
1835,frozen,51,4,4,1,1,1.0,1.0,0,nan,nan,nan,0.0,-0.005004473950153852
1836,frozen,51,1,3,0,0,-1.0,-1.0,1,4,0,1,0.0,-0.005004473950153852
1837,frozen,51,8,3,0,0,-1.0,-1.0,1,0,1,0,0.0,-0.005004473950153852
1838,frozen,51,0,3,0,0,-1.0,-1.0,1,0,1,0,0.0,-0.005004473950153852
1839,frozen,51,6,5,1,1,1.0,1.0,0,nan,nan,nan,0.0,-0.005004473950153852
1840,frozen,51,7,4,0,0,-1.0,-1.0,1,1,0,0,0.0,-0.005004473950153852
1841,frozen,51,0,5,1,0,-1.0,-1.0,1,0,1,0,0.0,-0.005004473950153852
1842,frozen,51,4,3,0,1,1.0,1.0,0,nan,nan,nan,0.0,-0.005004473950153852
1843,frozen,51,7,4,1,0,-1.0,-1.0,1,1,0,0,0.0,-0.005004473950153852
1844,frozen,51,4,5,1,1,1.0,1.0,0,nan,nan,nan,0.0,-0.005004473950153852
1845,frozen,51,3,6,1,0,-1.0,-1.0,1,1,0,0,0.0,-0.005004473950153852
1846,frozen,51,2,5,1,0,-1.0,-1.0,1,0,1,0,0.0,-0.005004473950153852
1847,frozen,51,6,5,1,1,1.0,1.0,0,nan,nan,nan,0.0,-0.005004473950153852
1848,frozen,51,8,6,1,0,-1.0,-1.0,1,1,0,0,0.0,-0.005004473950153852
1849,frozen,51,3,3,0,1,1.0,1.0,0,nan,nan,nan,0.0,-0.005004473950153852
1850,frozen,51,3,4,1,1,1.0,1.0,0,nan,nan,nan,0.0,-0.005004473950153852
1851,frozen,51,2,3,0,1,1.0,1.0,0,nan,nan,nan,0.0,-0.005004473950153852
1852,frozen,51,1,4,1,0,-1.0,-1.0,1,3,0,1,0.0,-0.005004473950153852
1853,frozen,51,7,5,1,0,-1.0,-1.0,1,0,1,0,0.0,-0.005004473950153852
1854,frozen,51,6,3,0,0,-1.0,-1.0,1,0,1,0,0.0,-0.005004473950153852
1855,frozen,51,5,5,1,1,1.0,1.0,0,nan,nan,nan,0.0,-0.005004473950153852
1856,frozen,51,7,4,0,0,-1.0,-1.0,1,1,0,0,0.0,-0.005004473950153852
1857,frozen,51,3,3,0,1,1.0,1.0,0,nan,nan,nan,0.0,-0.005004473950153852
1858,frozen,51,1,4,1,0,-1.0,-1.0,1,1,0,0,0.0,-0.005004473950153852
1859,frozen,51,6,5,1,1,1.0,1.0,0,nan,nan,nan,0.0,-0.005004473950153852
1860,frozen,51,8,6,1,0,-1.0,-1.0,1,1,0,0,0.0,-0.005004473950153852
1861,frozen,51,4,3,0,1,1.0,1.0,0,nan,nan,nan,0.0,-0.005004473950153852
1862,frozen,51,0,4,1,0,-1.0,-1.0,1,1,0,0,0.0,-0.005004473950153852
1863,frozen,51,6,5,1,1,1.0,1.0,0,nan,nan,nan,0.0,-0.005004473950153852
1864,frozen,51,3,4,0,1,1.0,1.0,0,nan,nan,nan,0.0,-0.005004473950153852
1865,frozen,51,8,5,1,0,-1.0,-1.0,1,2,0,0,0.0,-0.005004473950153852
1866,frozen,51,0,3,0,0,-1.0,-1.0,1,0,1,0,0.0,-0.005004473950153852
1867,frozen,51,0,5,1,0,-1.0,-1.0,1,0,1,0,0.0,-0.005004473950153852
1868,frozen,51,6,5,1,1,1.0,1.0,0,nan,nan,nan,0.0,-0.005004473950153852
1869,frozen,51,0,4,0,0,-1.0,-1.0,1,1,0,0,0.0,-0.005004473950153852
1870,frozen,51,1,5,1,0,-1.0,-1.0,1,0,1,0,0.0,-0.005004473950153852
1871,frozen,51,7,5,1,0,-1.0,-1.0,1,0,1,0,0.0,-0.005004473950153852
1872,frozen,51,6,5,1,1,1.0,1.0,0,nan,nan,nan,0.0,-0.005004473950153852
1873,frozen,51,4,4,0,1,1.0,1.0,0,nan,nan,nan,0.0,-0.005004473950153852
1874,frozen,51,0,3,0,0,-1.0,-1.0,1,2,0,0,0.0,-0.005004473950153852
1875,frozen,51,8,5,1,0,-1.0,-1.0,1,0,1,0,0.0,-0.005004473950153852
1876,frozen,51,2,3,0,1,1.0,1.0,0,nan,nan,nan,0.0,-0.005004473950153852
1877,frozen,51,3,2,0,1,1.0,1.0,0,nan,nan,nan,0.0,-0.005004473950153852
1878,frozen,51,1,3,1,0,-1.0,-1.0,1,2,0,0,0.0,-0.005004473950153852
1879,frozen,51,7,5,1,0,-1.0,-1.0,1,0,1,0,0.0,-0.005004473950153852
1880,frozen,51,5,3,0,0,-1.0,-1.0,1,0,1,0,0.0,-0.005004473950153852
1881,frozen,51,5,5,1,1,1.0,1.0,0,nan,nan,nan,0.0,-0.005004473950153852
1882,frozen,51,5,6,1,1,1.0,1.0,0,nan,nan,nan,0.0,-0.005004473950153852
1883,frozen,51,0,7,1,0,-1.0,-1.0,1,2,0,0,0.0,-0.005004473950153852
1884,frozen,51,0,5,1,0,-1.0,-1.0,1,0,1,0,0.0,-0.005004473950153852
1885,frozen,51,7,5,1,0,-1.0,-1.0,1,0,1,0,0.0,-0.005004473950153852
1886,frozen,51,3,3,0,1,1.0,1.0,0,nan,nan,nan,0.0,-0.005004473950153852
1887,frozen,51,8,4,1,0,-1.0,-1.0,1,1,0,0,0.0,-0.005004473950153852
1888,frozen,51,3,3,0,1,1.0,1.0,0,nan,nan,nan,0.0,-0.005004473950153852
1889,frozen,51,6,4,1,0,-1.0,-1.0,1,1,0,0,0.0,-0.005004473950153852
1890,frozen,51,2,3,0,1,1.0,1.0,0,nan,nan,nan,0.0,-0.005004473950153852
1891,frozen,51,4,4,1,1,1.0,1.0,0,nan,nan,nan,0.0,-0.005004473950153852
1892,frozen,51,2,3,0,1,1.0,1.0,0,nan,nan,nan,0.0,-0.005004473950153852
1893,frozen,51,3,2,0,1,1.0,1.0,0,nan,nan,nan,0.0,-0.005004473950153852
1894,frozen,51,5,3,1,0,-1.0,-1.0,1,4,0,1,0.0,-0.005004473950153852
1895,frozen,51,6,5,1,1,1.0,1.0,0,nan,nan,nan,0.0,-0.005004473950153852
1896,frozen,51,5,6,1,1,1.0,1.0,0,nan,nan,nan,0.0,-0.005004473950153852
1897,frozen,51,7,7,1,1,1.0,1.0,0,nan,nan,nan,0.0,-0.005004473950153852
1898,frozen,51,1,8,1,0,-1.0,-1.0,1,3,0,1,0.0,-0.005004473950153852
1899,frozen,51,8,3,0,0,-1.0,-1.0,1,0,1,0,0.0,-0.005004473950153852
1900,frozen,51,2,5,1,0,-1.0,-1.0,1,0,1,0,0.0,-0.005004473950153852
1901,frozen,51,2,3,0,1,1.0,1.0,0,nan,nan,nan,0.0,-0.005004473950153852
1902,frozen,51,8,4,1,0,-1.0,-1.0,1,1,0,0,0.0,-0.005004473950153852
1903,frozen,51,2,5,1,0,-1.0,-1.0,1,0,1,0,0.0,-0.005004473950153852
1904,frozen,51,3,3,0,1,1.0,1.0,0,nan,nan,nan,0.0,-0.005004473950153852
1905,frozen,51,1,2,0,1,1.0,1.0,0,nan,nan,nan,0.0,-0.005004473950153852
1906,frozen,51,2,3,1,1,1.0,1.0,0,nan,nan,nan,0.0,-0.005004473950153852
1907,frozen,51,8,4,1,0,-1.0,-1.0,1,3,0,1,0.0,-0.005004473950153852
1908,frozen,51,6,5,1,1,1.0,1.0,0,nan,nan,nan,0.0,-0.005004473950153852
1909,frozen,51,6,6,1,1,1.0,1.0,0,nan,nan,nan,0.0,-0.005004473950153852
1910,frozen,51,3,7,1,0,-1.0,-1.0,1,2,0,0,0.0,-0.005004473950153852
1911,frozen,51,1,5,1,0,-1.0,-1.0,1,0,1,0,0.0,-0.005004473950153852
1912,frozen,51,5,5,1,1,1.0,1.0,0,nan,nan,nan,0.0,-0.005004473950153852
1913,frozen,51,7,4,0,0,-1.0,-1.0,1,1,0,0,0.0,-0.005004473950153852
1914,frozen,51,4,3,0,1,1.0,1.0,0,nan,nan,nan,0.0,-0.005004473950153852
1915,frozen,51,3,2,0,1,1.0,1.0,0,nan,nan,nan,0.0,-0.005004473950153852
1916,frozen,51,8,3,1,0,-1.0,-1.0,1,2,0,0,0.0,-0.005004473950153852
1917,frozen,51,6,5,1,1,1.0,1.0,0,nan,nan,nan,0.0,-0.005004473950153852
1918,frozen,51,0,4,0,0,-1.0,-1.0,1,1,0,0,0.0,-0.005004473950153852
1919,frozen,51,7,5,1,0,-1.0,-1.0,1,0,1,0,0.0,-0.005004473950153852
1920,frozen,51,3,3,0,1,1.0,1.0,0,nan,nan,nan,0.0,-0.005004473950153852
1921,frozen,51,7,2,0,0,-1.0,-1.0,1,1,0,0,0.0,-0.005004473950153852
1922,frozen,51,0,3,0,0,-1.0,-1.0,1,0,1,0,0.0,-0.005004473950153852
1923,frozen,51,8,3,0,0,-1.0,-1.0,1,0,1,0,0.0,-0.005004473950153852
1924,frozen,51,7,5,1,0,-1.0,-1.0,1,0,1,0,0.0,-0.005004473950153852
1925,frozen,51,2,3,0,1,1.0,1.0,0,nan,nan,nan,0.0,-0.005004473950153852
1926,frozen,51,1,2,0,1,1.0,1.0,0,nan,nan,nan,0.0,-0.005004473950153852
1927,frozen,51,7,3,1,0,-1.0,-1.0,1,2,0,0,0.0,-0.005004473950153852
1928,frozen,51,0,3,0,0,-1.0,-1.0,1,0,1,0,0.0,-0.005004473950153852
1929,frozen,51,5,5,1,1,1.0,1.0,0,nan,nan,nan,0.0,-0.005004473950153852
1930,frozen,51,5,6,1,1,1.0,1.0,0,nan,nan,nan,0.0,-0.005004473950153852
1931,frozen,51,0,7,1,0,-1.0,-1.0,1,2,0,0,0.0,-0.005004473950153852
1932,frozen,51,3,3,0,1,1.0,1.0,0,nan,nan,nan,0.0,-0.005004473950153852
1933,frozen,51,5,4,1,1,1.0,1.0,0,nan,nan,nan,0.0,-0.005004473950153852
1934,frozen,51,0,5,1,0,-1.0,-1.0,1,2,0,0,0.0,-0.005004473950153852
1935,frozen,51,0,3,0,0,-1.0,-1.0,1,0,1,0,0.0,-0.005004473950153852
1936,frozen,51,1,5,1,0,-1.0,-1.0,1,0,1,0,0.0,-0.005004473950153852
1937,frozen,51,6,3,0,0,-1.0,-1.0,1,0,1,0,0.0,-0.005004473950153852
1938,frozen,51,2,5,1,0,-1.0,-1.0,1,0,1,0,0.0,-0.005004473950153852
1939,frozen,51,2,5,1,0,-1.0,-1.0,1,0,1,0,0.0,-0.005004473950153852
1940,frozen,51,8,3,0,0,-1.0,-1.0,1,0,1,0,0.0,-0.005004473950153852
1941,frozen,51,5,5,1,1,1.0,1.0,0,nan,nan,nan,0.0,-0.005004473950153852
1942,frozen,51,1,4,0,0,-1.0,-1.0,1,1,0,0,0.0,-0.005004473950153852
1943,frozen,51,7,5,1,0,-1.0,-1.0,1,0,1,0,0.0,-0.005004473950153852
1944,frozen,51,4,5,1,1,1.0,1.0,0,nan,nan,nan,0.0,-0.005004473950153852
1945,frozen,51,0,4,0,0,-1.0,-1.0,1,1,0,0,0.0,-0.005004473950153852
1946,frozen,51,3,3,0,1,1.0,1.0,0,nan,nan,nan,0.0,-0.005004473950153852
1947,frozen,51,8,4,1,0,-1.0,-1.0,1,1,0,0,0.0,-0.005004473950153852
1948,frozen,51,6,5,1,1,1.0,1.0,0,nan,nan,nan,0.0,-0.005004473950153852
1949,frozen,51,3,4,0,1,1.0,1.0,0,nan,nan,nan,0.0,-0.005004473950153852
1950,frozen,51,2,3,0,1,1.0,1.0,0,nan,nan,nan,0.0,-0.005004473950153852
1951,frozen,51,3,2,0,1,1.0,1.0,0,nan,nan,nan,0.0,-0.005004473950153852
1952,frozen,51,5,3,1,0,-1.0,-1.0,1,4,0,1,0.0,-0.005004473950153852
1953,frozen,51,1,5,1,0,-1.0,-1.0,1,0,1,0,0.0,-0.005004473950153852
1954,frozen,51,0,3,0,0,-1.0,-1.0,1,0,1,0,0.0,-0.005004473950153852
1955,frozen,51,3,3,0,1,1.0,1.0,0,nan,nan,nan,0.0,-0.005004473950153852
1956,frozen,51,6,4,1,0,-1.0,-1.0,1,1,0,0,0.0,-0.005004473950153852
1957,frozen,51,8,3,0,0,-1.0,-1.0,1,0,1,0,0.0,-0.005004473950153852
1958,frozen,51,8,5,1,0,-1.0,-1.0,1,0,1,0,0.0,-0.005004473950153852
1959,frozen,51,4,5,1,1,1.0,1.0,0,nan,nan,nan,0.0,-0.005004473950153852
1960,frozen,51,4,4,0,1,1.0,1.0,0,nan,nan,nan,0.0,-0.005004473950153852
1961,frozen,51,5,5,1,1,1.0,1.0,0,nan,nan,nan,0.0,-0.005004473950153852
1962,frozen,51,5,6,1,1,1.0,1.0,0,nan,nan,nan,0.0,-0.005004473950153852
1963,frozen,51,8,5,0,0,-1.0,-1.0,1,4,0,1,0.0,-0.005004473950153852
1964,frozen,51,0,3,0,0,-1.0,-1.0,1,0,1,0,0.0,-0.005004473950153852
1965,frozen,51,6,3,0,0,-1.0,-1.0,1,0,1,0,0.0,-0.005004473950153852
1966,frozen,51,6,5,1,1,1.0,1.0,0,nan,nan,nan,0.0,-0.005004473950153852
1967,frozen,51,7,6,1,1,1.0,1.0,0,nan,nan,nan,0.0,-0.005004473950153852
1968,frozen,51,0,7,1,0,-1.0,-1.0,1,2,0,0,0.0,-0.005004473950153852
1969,frozen,51,0,3,0,0,-1.0,-1.0,1,0,1,0,0.0,-0.005004473950153852
1970,frozen,51,0,5,1,0,-1.0,-1.0,1,0,1,0,0.0,-0.005004473950153852
1971,frozen,51,0,3,0,0,-1.0,-1.0,1,0,1,0,0.0,-0.005004473950153852
1972,frozen,51,7,5,1,0,-1.0,-1.0,1,0,1,0,0.0,-0.005004473950153852
1973,frozen,51,7,5,1,0,-1.0,-1.0,1,0,1,0,0.0,-0.005004473950153852
1974,frozen,51,8,3,0,0,-1.0,-1.0,1,0,1,0,0.0,-0.005004473950153852
1975,frozen,51,2,5,1,0,-1.0,-1.0,1,0,1,0,0.0,-0.005004473950153852
1976,frozen,51,3,3,0,1,1.0,1.0,0,nan,nan,nan,0.0,-0.005004473950153852
1977,frozen,51,3,2,0,1,1.0,1.0,0,nan,nan,nan,0.0,-0.005004473950153852
1978,frozen,51,7,3,1,0,-1.0,-1.0,1,2,0,0,0.0,-0.005004473950153852
1979,frozen,51,7,5,1,0,-1.0,-1.0,1,0,1,0,0.0,-0.005004473950153852
1980,frozen,51,5,5,1,1,1.0,1.0,0,nan,nan,nan,0.0,-0.005004473950153852
1981,frozen,51,0,6,1,0,-1.0,-1.0,1,1,0,0,0.0,-0.005004473950153852
1982,frozen,51,6,5,1,1,1.0,1.0,0,nan,nan,nan,0.0,-0.005004473950153852
1983,frozen,51,8,6,1,0,-1.0,-1.0,1,1,0,0,0.0,-0.005004473950153852
1984,frozen,51,7,5,1,0,-1.0,-1.0,1,0,1,0,0.0,-0.005004473950153852
1985,frozen,51,5,5,1,1,1.0,1.0,0,nan,nan,nan,0.0,-0.005004473950153852
1986,frozen,51,1,4,0,0,-1.0,-1.0,1,1,0,0,0.0,-0.005004473950153852
1987,frozen,51,4,3,0,1,1.0,1.0,0,nan,nan,nan,0.0,-0.005004473950153852
1988,frozen,51,6,4,1,0,-1.0,-1.0,1,1,0,0,0.0,-0.005004473950153852
1989,frozen,51,4,5,1,1,1.0,1.0,0,nan,nan,nan,0.0,-0.005004473950153852
1990,frozen,51,0,6,1,0,-1.0,-1.0,1,1,0,0,0.0,-0.005004473950153852
1991,frozen,51,6,3,0,0,-1.0,-1.0,1,0,1,0,0.0,-0.005004473950153852
1992,frozen,51,1,5,1,0,-1.0,-1.0,1,0,1,0,0.0,-0.005004473950153852
1993,frozen,51,6,5,1,1,1.0,1.0,0,nan,nan,nan,0.0,-0.005004473950153852
1994,frozen,51,6,6,1,1,1.0,1.0,0,nan,nan,nan,0.0,-0.005004473950153852
1995,frozen,51,5,7,1,0,-1.0,-1.0,1,2,0,0,0.0,-0.005004473950153852
1996,frozen,51,1,5,1,0,-1.0,-1.0,1,0,1,0,0.0,-0.005004473950153852
1997,frozen,51,3,3,0,1,1.0,1.0,0,nan,nan,nan,0.0,-0.005004473950153852
1998,frozen,51,8,4,1,0,-1.0,-1.0,1,1,0,0,0.0,-0.005004473950153852
1999,frozen,51,6,5,1,1,1.0,1.0,0,nan,nan,nan,0.0,-0.005004473950153852
2000,frozen,51,1,6,1,0,-1.0,-1.0,1,1,0,0,0.0,-0.005004473950153852
2001,frozen,51,6,3,0,0,-1.0,-1.0,1,0,1,0,0.0,-0.005004473950153852
2002,frozen,51,3,3,0,1,1.0,1.0,0,nan,nan,nan,0.0,-0.005004473950153852
2003,frozen,51,6,4,1,0,-1.0,-1.0,1,1,0,0,0.0,-0.005004473950153852
2004,frozen,51,4,5,1,1,1.0,1.0,0,nan,nan,nan,0.0,-0.005004473950153852
2005,frozen,51,1,4,0,0,-1.0,-1.0,1,1,0,0,0.0,-0.005004473950153852
2006,frozen,51,1,5,1,0,-1.0,-1.0,1,0,1,0,0.0,-0.005004473950153852
2007,frozen,51,3,3,0,1,1.0,1.0,0,nan,nan,nan,0.0,-0.005004473950153852
2008,frozen,51,2,2,0,1,1.0,1.0,0,nan,nan,nan,0.0,-0.005004473950153852
2009,frozen,51,7,3,1,0,-1.0,-1.0,1,2,0,0,0.0,-0.005004473950153852
2010,frozen,51,3,3,0,1,1.0,1.0,0,nan,nan,nan,0.0,-0.005004473950153852
2011,frozen,51,6,4,1,0,-1.0,-1.0,1,1,0,0,0.0,-0.005004473950153852
2012,frozen,51,1,5,1,0,-1.0,-1.0,1,0,1,0,0.0,-0.005004473950153852
2013,frozen,51,3,3,0,1,1.0,1.0,0,nan,nan,nan,0.0,-0.005004473950153852
2014,frozen,51,1,2,0,1,1.0,1.0,0,nan,nan,nan,0.0,-0.005004473950153852
2015,frozen,51,2,3,1,1,1.0,1.0,0,nan,nan,nan,0.0,-0.005004473950153852
2016,frozen,51,8,4,1,0,-1.0,-1.0,1,3,0,1,0.0,-0.005004473950153852
2017,frozen,51,1,5,1,0,-1.0,-1.0,1,0,1,0,0.0,-0.005004473950153852
2018,frozen,51,5,5,1,1,1.0,1.0,0,nan,nan,nan,0.0,-0.005004473950153852
2019,frozen,51,8,6,1,0,-1.0,-1.0,1,1,0,0,0.0,-0.005004473950153852
2020,frozen,51,7,5,1,0,-1.0,-1.0,1,0,1,0,0.0,-0.005004473950153852
2021,frozen,51,1,5,1,0,-1.0,-1.0,1,0,1,0,0.0,-0.005004473950153852
2022,frozen,51,2,3,0,1,1.0,1.0,0,nan,nan,nan,0.0,-0.005004473950153852
2023,frozen,51,8,4,1,0,-1.0,-1.0,1,1,0,0,0.0,-0.005004473950153852
2024,frozen,51,7,5,1,0,-1.0,-1.0,1,0,1,0,0.0,-0.005004473950153852
2025,frozen,51,6,3,0,0,-1.0,-1.0,1,0,1,0,0.0,-0.005004473950153852
2026,frozen,51,8,5,1,0,-1.0,-1.0,1,0,1,0,0.0,-0.005004473950153852
2027,frozen,51,4,5,1,1,1.0,1.0,0,nan,nan,nan,0.0,-0.005004473950153852
2028,frozen,51,3,4,0,1,1.0,1.0,0,nan,nan,nan,0.0,-0.005004473950153852
2029,frozen,51,5,5,1,1,1.0,1.0,0,nan,nan,nan,0.0,-0.005004473950153852
2030,frozen,51,4,4,0,1,1.0,1.0,0,nan,nan,nan,0.0,-0.005004473950153852
2031,frozen,51,2,3,0,1,1.0,1.0,0,nan,nan,nan,0.0,-0.005004473950153852
2032,frozen,51,4,4,1,1,1.0,1.0,0,nan,nan,nan,0.0,-0.005004473950153852
2033,frozen,51,2,3,0,1,1.0,1.0,0,nan,nan,nan,0.0,-0.005004473950153852
2034,frozen,51,7,4,1,0,-1.0,-1.0,1,7,0,1,0.0,-0.005004473950153852
2035,frozen,51,6,5,1,1,1.0,1.0,0,nan,nan,nan,0.0,-0.005004473950153852
2036,frozen,51,8,6,1,0,-1.0,-1.0,1,1,0,0,0.0,-0.005004473950153852
2037,frozen,51,7,5,1,0,-1.0,-1.0,1,0,1,0,0.0,-0.005004473950153852
2038,frozen,51,1,5,1,0,-1.0,-1.0,1,0,1,0,0.0,-0.005004473950153852
2039,frozen,51,0,5,1,0,-1.0,-1.0,1,0,1,0,0.0,-0.005004473950153852
2040,frozen,51,2,3,0,1,1.0,1.0,0,nan,nan,nan,0.0,-0.005004473950153852
2041,frozen,51,8,4,1,0,-1.0,-1.0,1,1,0,0,0.0,-0.005004473950153852
2042,frozen,51,6,3,0,0,-1.0,-1.0,1,0,1,0,0.0,-0.005004473950153852
2043,frozen,51,8,5,1,0,-1.0,-1.0,1,0,1,0,0.0,-0.005004473950153852
2044,frozen,51,4,5,1,1,1.0,1.0,0,nan,nan,nan,0.0,-0.005004473950153852
2045,frozen,51,2,6,1,0,-1.0,-1.0,1,1,0,0,0.0,-0.005004473950153852
2046,frozen,51,2,5,1,0,-1.0,-1.0,1,0,1,0,0.0,-0.005004473950153852
2047,frozen,51,1,5,1,0,-1.0,-1.0,1,0,1,0,0.0,-0.005004473950153852
2048,frozen,51,0,5,1,0,-1.0,-1.0,1,0,1,0,0.0,-0.005004473950153852
2049,frozen,51,3,3,0,1,1.0,1.0,0,nan,nan,nan,0.0,-0.005004473950153852
2050,frozen,51,2,2,0,1,1.0,1.0,0,nan,nan,nan,0.0,-0.005004473950153852
2051,frozen,51,8,3,1,0,-1.0,-1.0,1,2,0,0,0.0,-0.005004473950153852
2052,frozen,51,2,3,0,1,1.0,1.0,0,nan,nan,nan,0.0,-0.005004473950153852
2053,frozen,51,2,2,0,1,1.0,1.0,0,nan,nan,nan,0.0,-0.005004473950153852
2054,frozen,51,7,3,1,0,-1.0,-1.0,1,2,0,0,0.0,-0.005004473950153852
2055,frozen,51,5,5,1,1,1.0,1.0,0,nan,nan,nan,0.0,-0.005004473950153852
2056,frozen,51,4,4,0,1,1.0,1.0,0,nan,nan,nan,0.0,-0.005004473950153852
2057,frozen,51,8,3,0,0,-1.0,-1.0,1,2,0,0,0.0,-0.005004473950153852
2058,frozen,51,7,5,1,0,-1.0,-1.0,1,0,1,0,0.0,-0.005004473950153852
2059,frozen,51,1,5,1,0,-1.0,-1.0,1,0,1,0,0.0,-0.005004473950153852
2060,frozen,51,8,5,1,0,-1.0,-1.0,1,0,1,0,0.0,-0.005004473950153852
2061,frozen,51,3,3,0,1,1.0,1.0,0,nan,nan,nan,0.0,-0.005004473950153852
2062,frozen,51,6,4,1,0,-1.0,-1.0,1,1,0,0,0.0,-0.005004473950153852
2063,frozen,51,2,5,1,0,-1.0,-1.0,1,0,1,0,0.0,-0.005004473950153852
2064,frozen,51,6,3,0,0,-1.0,-1.0,1,0,1,0,0.0,-0.005004473950153852
2065,frozen,51,0,5,1,0,-1.0,-1.0,1,0,1,0,0.0,-0.005004473950153852
2066,frozen,51,5,5,1,1,1.0,1.0,0,nan,nan,nan,0.0,-0.005004473950153852
2067,frozen,51,3,4,0,1,1.0,1.0,0,nan,nan,nan,0.0,-0.005004473950153852
2068,frozen,51,0,3,0,0,-1.0,-1.0,1,2,0,0,0.0,-0.005004473950153852
2069,frozen,51,7,5,1,0,-1.0,-1.0,1,0,1,0,0.0,-0.005004473950153852
2070,frozen,51,5,5,1,1,1.0,1.0,0,nan,nan,nan,0.0,-0.005004473950153852
2071,frozen,51,2,6,1,0,-1.0,-1.0,1,1,0,0,0.0,-0.005004473950153852
2072,frozen,51,2,5,1,0,-1.0,-1.0,1,0,1,0,0.0,-0.005004473950153852
2073,frozen,51,7,5,1,0,-1.0,-1.0,1,0,1,0,0.0,-0.005004473950153852
2074,frozen,51,5,5,1,1,1.0,1.0,0,nan,nan,nan,0.0,-0.005004473950153852
2075,frozen,51,3,6,1,0,-1.0,-1.0,1,1,0,0,0.0,-0.005004473950153852
2076,frozen,51,7,5,1,0,-1.0,-1.0,1,0,1,0,0.0,-0.005004473950153852
2077,frozen,51,3,3,0,1,1.0,1.0,0,nan,nan,nan,0.0,-0.005004473950153852
2078,frozen,51,8,4,1,0,-1.0,-1.0,1,1,0,0,0.0,-0.005004473950153852
2079,frozen,51,1,5,1,0,-1.0,-1.0,1,0,1,0,0.0,-0.005004473950153852
2080,frozen,51,1,5,1,0,-1.0,-1.0,1,0,1,0,0.0,-0.005004473950153852
2081,frozen,51,5,5,1,1,1.0,1.0,0,nan,nan,nan,0.0,-0.005004473950153852
2082,frozen,51,7,6,1,1,1.0,1.0,0,nan,nan,nan,0.0,-0.005004473950153852
2083,frozen,51,7,7,1,1,1.0,1.0,0,nan,nan,nan,0.0,-0.005004473950153852
2084,frozen,51,0,8,1,0,-1.0,-1.0,1,3,0,1,0.0,-0.005004473950153852
2085,frozen,51,0,3,0,0,-1.0,-1.0,1,0,1,0,0.0,-0.005004473950153852
2086,frozen,51,7,3,0,0,-1.0,-1.0,1,0,1,0,0.0,-0.005004473950153852
2087,frozen,51,3,3,0,1,1.0,1.0,0,nan,nan,nan,0.0,-0.005004473950153852
2088,frozen,51,3,4,1,1,1.0,1.0,0,nan,nan,nan,0.0,-0.005004473950153852
2089,frozen,51,6,5,1,1,1.0,1.0,0,nan,nan,nan,0.0,-0.005004473950153852
2090,frozen,51,8,6,1,0,-1.0,-1.0,1,3,0,1,0.0,-0.005004473950153852
2091,frozen,51,3,3,0,1,1.0,1.0,0,nan,nan,nan,0.0,-0.005004473950153852
2092,frozen,51,5,2,0,0,-1.0,-1.0,1,1,0,0,0.0,-0.005004473950153852
2093,frozen,51,1,5,1,0,-1.0,-1.0,1,0,1,0,0.0,-0.005004473950153852
2094,frozen,51,0,3,0,0,-1.0,-1.0,1,0,1,0,0.0,-0.005004473950153852
2095,frozen,51,6,5,1,1,1.0,1.0,0,nan,nan,nan,0.0,-0.005004473950153852
2096,frozen,51,1,6,1,0,-1.0,-1.0,1,1,0,0,0.0,-0.005004473950153852
2097,frozen,51,1,5,1,0,-1.0,-1.0,1,0,1,0,0.0,-0.005004473950153852
2098,frozen,51,8,5,1,0,-1.0,-1.0,1,0,1,0,0.0,-0.005004473950153852
2099,frozen,51,7,5,1,0,-1.0,-1.0,1,0,1,0,0.0,-0.005004473950153852
2100,frozen,51,5,5,1,1,1.0,1.0,0,nan,nan,nan,0.0,-0.005004473950153852
2101,frozen,51,1,4,0,0,-1.0,-1.0,1,1,0,0,0.0,-0.005004473950153852
2102,frozen,51,7,5,1,0,-1.0,-1.0,1,0,1,0,0.0,-0.005004473950153852
2103,frozen,51,6,5,1,1,1.0,1.0,0,nan,nan,nan,0.0,-0.005004473950153852
2104,frozen,51,1,4,0,0,-1.0,-1.0,1,1,0,0,0.0,-0.005004473950153852
2105,frozen,51,7,5,1,0,-1.0,-1.0,1,0,1,0,0.0,-0.005004473950153852
2106,frozen,51,2,5,1,0,-1.0,-1.0,1,0,1,0,0.0,-0.005004473950153852
2107,frozen,51,2,3,0,1,1.0,1.0,0,nan,nan,nan,0.0,-0.005004473950153852
2108,frozen,51,8,4,1,0,-1.0,-1.0,1,1,0,0,0.0,-0.005004473950153852
2109,frozen,51,0,3,0,0,-1.0,-1.0,1,0,1,0,0.0,-0.005004473950153852
2110,frozen,51,7,5,1,0,-1.0,-1.0,1,0,1,0,0.0,-0.005004473950153852
2111,frozen,51,3,3,0,1,1.0,1.0,0,nan,nan,nan,0.0,-0.005004473950153852
2112,frozen,51,3,2,0,1,1.0,1.0,0,nan,nan,nan,0.0,-0.005004473950153852
2113,frozen,51,6,1,0,0,-1.0,-1.0,1,2,0,0,0.0,-0.005004473950153852
2114,frozen,51,0,3,0,0,-1.0,-1.0,1,0,1,0,0.0,-0.005004473950153852
2115,frozen,51,7,5,1,0,-1.0,-1.0,1,0,1,0,0.0,-0.005004473950153852
2116,frozen,51,3,3,0,1,1.0,1.0,0,nan,nan,nan,0.0,-0.005004473950153852
2117,frozen,51,5,2,0,0,-1.0,-1.0,1,1,0,0,0.0,-0.005004473950153852
2118,frozen,51,0,3,0,0,-1.0,-1.0,1,0,1,0,0.0,-0.005004473950153852
2119,frozen,51,8,5,1,0,-1.0,-1.0,1,0,1,0,0.0,-0.005004473950153852
2120,frozen,51,4,3,0,1,1.0,1.0,0,nan,nan,nan,0.0,-0.005004473950153852
2121,frozen,51,1,2,0,1,1.0,1.0,0,nan,nan,nan,0.0,-0.005004473950153852
2122,frozen,51,6,1,0,0,-1.0,-1.0,1,2,0,0,0.0,-0.005004473950153852
2123,frozen,51,5,5,1,1,1.0,1.0,0,nan,nan,nan,0.0,-0.005004473950153852
2124,frozen,51,6,4,0,0,-1.0,-1.0,1,1,0,0,0.0,-0.005004473950153852
2125,frozen,51,3,3,0,1,1.0,1.0,0,nan,nan,nan,0.0,-0.005004473950153852
2126,frozen,51,4,4,1,1,1.0,1.0,0,nan,nan,nan,0.0,-0.005004473950153852
2127,frozen,51,6,5,1,1,1.0,1.0,0,nan,nan,nan,0.0,-0.005004473950153852
2128,frozen,51,3,6,1,0,-1.0,-1.0,1,3,0,1,0.0,-0.005004473950153852
2129,frozen,51,3,3,0,1,1.0,1.0,0,nan,nan,nan,0.0,-0.005004473950153852
2130,frozen,51,2,4,1,0,-1.0,-1.0,1,1,0,0,0.0,-0.005004473950153852
2131,frozen,51,1,5,1,0,-1.0,-1.0,1,0,1,0,0.0,-0.005004473950153852
2132,frozen,51,8,3,0,0,-1.0,-1.0,1,0,1,0,0.0,-0.005004473950153852
2133,frozen,51,1,5,1,0,-1.0,-1.0,1,0,1,0,0.0,-0.005004473950153852
2134,frozen,51,5,5,1,1,1.0,1.0,0,nan,nan,nan,0.0,-0.005004473950153852
2135,frozen,51,0,6,1,0,-1.0,-1.0,1,1,0,0,0.0,-0.005004473950153852
2136,frozen,51,5,5,1,1,1.0,1.0,0,nan,nan,nan,0.0,-0.005004473950153852
2137,frozen,51,2,6,1,0,-1.0,-1.0,1,1,0,0,0.0,-0.005004473950153852
2138,frozen,51,5,5,1,1,1.0,1.0,0,nan,nan,nan,0.0,-0.005004473950153852
2139,frozen,51,7,6,1,1,1.0,1.0,0,nan,nan,nan,0.0,-0.005004473950153852
2140,frozen,51,6,7,1,1,1.0,1.0,0,nan,nan,nan,0.0,-0.005004473950153852
2141,frozen,51,8,8,1,1,1.0,1.0,0,nan,nan,nan,0.0,-0.005004473950153852
2142,frozen,51,3,8,1,0,-1.0,-1.0,1,4,0,1,0.0,-0.005004473950153852
2143,frozen,51,8,3,0,0,-1.0,-1.0,1,0,1,0,0.0,-0.005004473950153852
2144,frozen,51,8,3,0,0,-1.0,-1.0,1,0,1,0,0.0,-0.005004473950153852
2145,frozen,51,3,3,0,1,1.0,1.0,0,nan,nan,nan,0.0,-0.005004473950153852
2146,frozen,51,3,4,1,1,1.0,1.0,0,nan,nan,nan,0.0,-0.005004473950153852
2147,frozen,51,7,5,1,0,-1.0,-1.0,1,2,0,0,0.0,-0.005004473950153852
2148,frozen,51,3,3,0,1,1.0,1.0,0,nan,nan,nan,0.0,-0.005004473950153852
2149,frozen,51,5,4,1,1,1.0,1.0,0,nan,nan,nan,0.0,-0.005004473950153852
2150,frozen,51,3,3,0,1,1.0,1.0,0,nan,nan,nan,0.0,-0.005004473950153852
2151,frozen,51,5,2,0,0,-1.0,-1.0,1,3,0,1,0.0,-0.005004473950153852
2152,frozen,51,0,5,1,0,-1.0,-1.0,1,0,1,0,0.0,-0.005004473950153852
2153,frozen,51,7,5,1,0,-1.0,-1.0,1,0,1,0,0.0,-0.005004473950153852
2154,frozen,51,3,3,0,1,1.0,1.0,0,nan,nan,nan,0.0,-0.005004473950153852
2155,frozen,51,0,2,0,0,-1.0,-1.0,1,1,0,0,0.0,-0.005004473950153852
2156,frozen,51,0,3,0,0,-1.0,-1.0,1,0,1,0,0.0,-0.005004473950153852
2157,frozen,51,0,5,1,0,-1.0,-1.0,1,0,1,0,0.0,-0.005004473950153852
2158,frozen,51,0,5,1,0,-1.0,-1.0,1,0,1,0,0.0,-0.005004473950153852
2159,frozen,51,7,5,1,0,-1.0,-1.0,1,0,1,0,0.0,-0.005004473950153852
2160,frozen,51,1,5,1,0,-1.0,-1.0,1,0,1,0,0.0,-0.005004473950153852
2161,frozen,51,5,5,1,1,1.0,1.0,0,nan,nan,nan,0.0,-0.005004473950153852
2162,frozen,51,1,4,0,0,-1.0,-1.0,1,1,0,0,0.0,-0.005004473950153852
2163,frozen,51,8,5,1,0,-1.0,-1.0,1,0,1,0,0.0,-0.005004473950153852
2164,frozen,51,3,3,0,1,1.0,1.0,0,nan,nan,nan,0.0,-0.005004473950153852
2165,frozen,51,6,4,1,0,-1.0,-1.0,1,1,0,0,0.0,-0.005004473950153852
2166,frozen,51,0,5,1,0,-1.0,-1.0,1,0,1,0,0.0,-0.005004473950153852
2167,frozen,51,7,5,1,0,-1.0,-1.0,1,0,1,0,0.0,-0.005004473950153852
2168,frozen,51,7,5,1,0,-1.0,-1.0,1,0,1,0,0.0,-0.005004473950153852
2169,frozen,51,8,3,0,0,-1.0,-1.0,1,0,1,0,0.0,-0.005004473950153852
2170,frozen,51,1,5,1,0,-1.0,-1.0,1,0,1,0,0.0,-0.005004473950153852
2171,frozen,51,8,3,0,0,-1.0,-1.0,1,0,1,0,0.0,-0.005004473950153852
2172,frozen,51,5,5,1,1,1.0,1.0,0,nan,nan,nan,0.0,-0.005004473950153852
2173,frozen,51,5,4,0,1,1.0,1.0,0,nan,nan,nan,0.0,-0.005004473950153852
2174,frozen,51,5,5,1,1,1.0,1.0,0,nan,nan,nan,0.0,-0.005004473950153852
2175,frozen,51,3,4,0,1,1.0,1.0,0,nan,nan,nan,0.0,-0.005004473950153852
2176,frozen,51,3,3,0,1,1.0,1.0,0,nan,nan,nan,0.0,-0.005004473950153852
2177,frozen,51,3,4,1,1,1.0,1.0,0,nan,nan,nan,0.0,-0.005004473950153852
2178,frozen,51,6,5,1,1,1.0,1.0,0,nan,nan,nan,0.0,-0.005004473950153852
2179,frozen,51,5,4,0,1,1.0,1.0,0,nan,nan,nan,0.0,-0.005004473950153852
2180,frozen,51,3,3,0,1,1.0,1.0,0,nan,nan,nan,0.0,-0.005004473950153852
2181,frozen,51,5,2,0,0,-1.0,-1.0,1,9,0,1,0.0,-0.005004473950153852
2182,frozen,51,1,5,1,0,-1.0,-1.0,1,0,1,0,0.0,-0.005004473950153852
2183,frozen,51,3,3,0,1,1.0,1.0,0,nan,nan,nan,0.0,-0.005004473950153852
2184,frozen,51,7,4,1,0,-1.0,-1.0,1,1,0,0,0.0,-0.005004473950153852
2185,frozen,51,1,5,1,0,-1.0,-1.0,1,0,1,0,0.0,-0.005004473950153852
2186,frozen,51,0,3,0,0,-1.0,-1.0,1,0,1,0,0.0,-0.005004473950153852
2187,frozen,51,5,5,1,1,1.0,1.0,0,nan,nan,nan,0.0,-0.005004473950153852
2188,frozen,51,0,6,1,0,-1.0,-1.0,1,1,0,0,0.0,-0.005004473950153852
2189,frozen,51,4,5,1,1,1.0,1.0,0,nan,nan,nan,0.0,-0.005004473950153852
2190,frozen,51,3,4,0,1,1.0,1.0,0,nan,nan,nan,0.0,-0.005004473950153852
2191,frozen,51,5,5,1,1,1.0,1.0,0,nan,nan,nan,0.0,-0.005004473950153852
2192,frozen,51,7,6,1,1,1.0,1.0,0,nan,nan,nan,0.0,-0.005004473950153852
2193,frozen,51,6,5,0,1,1.0,1.0,0,nan,nan,nan,0.0,-0.005004473950153852
2194,frozen,51,2,6,1,0,-1.0,-1.0,1,5,0,1,0.0,-0.005004473950153852
2195,frozen,51,8,5,1,0,-1.0,-1.0,1,0,1,0,0.0,-0.005004473950153852
2196,frozen,51,6,5,1,1,1.0,1.0,0,nan,nan,nan,0.0,-0.005004473950153852
2197,frozen,51,2,6,1,0,-1.0,-1.0,1,1,0,0,0.0,-0.005004473950153852
2198,frozen,51,5,5,1,1,1.0,1.0,0,nan,nan,nan,0.0,-0.005004473950153852
2199,frozen,51,2,6,1,0,-1.0,-1.0,1,1,0,0,0.0,-0.005004473950153852
2200,frozen,51,0,5,1,0,-1.0,-1.0,1,0,1,0,0.0,-0.005004473950153852
2201,frozen,51,7,5,1,0,-1.0,-1.0,1,0,1,0,0.0,-0.005004473950153852
2202,frozen,51,8,3,0,0,-1.0,-1.0,1,0,1,0,0.0,-0.005004473950153852
2203,frozen,51,0,3,0,0,-1.0,-1.0,1,0,1,0,0.0,-0.005004473950153852
2204,frozen,51,3,3,0,1,1.0,1.0,0,nan,nan,nan,0.0,-0.005004473950153852
2205,frozen,51,6,4,1,0,-1.0,-1.0,1,1,0,0,0.0,-0.005004473950153852
2206,frozen,51,4,3,0,1,1.0,1.0,0,nan,nan,nan,0.0,-0.005004473950153852
2207,frozen,51,4,2,0,0,-1.0,-1.0,1,1,0,0,0.0,-0.005004473950153852
2208,frozen,51,3,3,0,1,1.0,1.0,0,nan,nan,nan,0.0,-0.005004473950153852
2209,frozen,51,7,2,0,0,-1.0,-1.0,1,1,0,0,0.0,-0.005004473950153852
2210,frozen,51,1,5,1,0,-1.0,-1.0,1,0,1,0,0.0,-0.005004473950153852
2211,frozen,51,3,5,1,0,-1.0,-1.0,1,0,1,0,0.0,-0.005004473950153852
2212,frozen,51,7,5,1,0,-1.0,-1.0,1,0,1,0,0.0,-0.005004473950153852
2213,frozen,51,6,5,1,1,1.0,1.0,0,nan,nan,nan,0.0,-0.005004473950153852
2214,frozen,51,8,6,1,0,-1.0,-1.0,1,1,0,0,0.0,-0.005004473950153852
2215,frozen,51,8,3,0,0,-1.0,-1.0,1,0,1,0,0.0,-0.005004473950153852
2216,frozen,51,2,3,0,1,1.0,1.0,0,nan,nan,nan,0.0,-0.005004473950153852
2217,frozen,51,6,4,1,0,-1.0,-1.0,1,1,0,0,0.0,-0.005004473950153852
2218,frozen,51,8,3,0,0,-1.0,-1.0,1,0,1,0,0.0,-0.005004473950153852
2219,frozen,51,5,5,1,1,1.0,1.0,0,nan,nan,nan,0.0,-0.005004473950153852
2220,frozen,51,2,6,1,0,-1.0,-1.0,1,1,0,0,0.0,-0.005004473950153852
2221,frozen,51,1,5,1,0,-1.0,-1.0,1,0,1,0,0.0,-0.005004473950153852
2222,frozen,51,0,5,1,0,-1.0,-1.0,1,0,1,0,0.0,-0.005004473950153852
2223,frozen,51,0,5,1,0,-1.0,-1.0,1,0,1,0,0.0,-0.005004473950153852
2224,frozen,51,0,3,0,0,-1.0,-1.0,1,0,1,0,0.0,-0.005004473950153852
2225,frozen,51,4,3,0,1,1.0,1.0,0,nan,nan,nan,0.0,-0.005004473950153852
2226,frozen,51,7,4,1,0,-1.0,-1.0,1,1,0,0,0.0,-0.005004473950153852
2227,frozen,51,2,3,0,1,1.0,1.0,0,nan,nan,nan,0.0,-0.005004473950153852
2228,frozen,51,7,2,0,0,-1.0,-1.0,1,1,0,0,0.0,-0.005004473950153852
2229,frozen,51,1,5,1,0,-1.0,-1.0,1,0,1,0,0.0,-0.005004473950153852
2230,frozen,51,8,5,1,0,-1.0,-1.0,1,0,1,0,0.0,-0.005004473950153852
2231,frozen,51,8,5,1,0,-1.0,-1.0,1,0,1,0,0.0,-0.005004473950153852
2232,frozen,51,0,3,0,0,-1.0,-1.0,1,0,1,0,0.0,-0.005004473950153852
2233,frozen,51,5,5,1,1,1.0,1.0,0,nan,nan,nan,0.0,-0.005004473950153852
2234,frozen,51,7,6,1,1,1.0,1.0,0,nan,nan,nan,0.0,-0.005004473950153852
2235,frozen,51,1,7,1,0,-1.0,-1.0,1,2,0,0,0.0,-0.005004473950153852
2236,frozen,51,7,5,1,0,-1.0,-1.0,1,0,1,0,0.0,-0.005004473950153852
2237,frozen,51,7,5,1,0,-1.0,-1.0,1,0,1,0,0.0,-0.005004473950153852
2238,frozen,51,5,3,0,0,-1.0,-1.0,1,0,1,0,0.0,-0.005004473950153852
2239,frozen,51,0,5,1,0,-1.0,-1.0,1,0,1,0,0.0,-0.005004473950153852
2240,frozen,51,2,5,1,0,-1.0,-1.0,1,0,1,0,0.0,-0.005004473950153852
2241,frozen,51,3,5,1,0,-1.0,-1.0,1,0,1,0,0.0,-0.005004473950153852
2242,frozen,51,1,5,1,0,-1.0,-1.0,1,0,1,0,0.0,-0.005004473950153852
2243,frozen,51,4,5,1,1,1.0,1.0,0,nan,nan,nan,0.0,-0.005004473950153852
2244,frozen,51,2,6,1,0,-1.0,-1.0,1,1,0,0,0.0,-0.005004473950153852
2245,frozen,51,4,3,0,1,1.0,1.0,0,nan,nan,nan,0.0,-0.005004473950153852
2246,frozen,51,3,2,0,1,1.0,1.0,0,nan,nan,nan,0.0,-0.005004473950153852
2247,frozen,51,0,1,0,1,1.0,1.0,0,nan,nan,nan,0.0,-0.005004473950153852
2248,frozen,51,0,0,0,1,1.0,1.0,0,nan,nan,nan,0.0,-0.005004473950153852
2249,frozen,51,6,0,0,0,-1.0,-1.0,1,4,0,1,0.0,-0.005004473950153852
2250,frozen,51,4,5,1,1,1.0,1.0,0,nan,nan,nan,0.0,-0.005004473950153852
2251,frozen,51,4,4,0,1,1.0,1.0,0,nan,nan,nan,0.0,-0.005004473950153852
2252,frozen,51,6,3,0,0,-1.0,-1.0,1,2,0,0,0.0,-0.005004473950153852
2253,frozen,51,8,5,1,0,-1.0,-1.0,1,0,1,0,0.0,-0.005004473950153852
2254,frozen,51,6,3,0,0,-1.0,-1.0,1,0,1,0,0.0,-0.005004473950153852
2255,frozen,51,8,5,1,0,-1.0,-1.0,1,0,1,0,0.0,-0.005004473950153852
2256,frozen,51,7,3,0,0,-1.0,-1.0,1,0,1,0,0.0,-0.005004473950153852
2257,frozen,51,6,5,1,1,1.0,1.0,0,nan,nan,nan,0.0,-0.005004473950153852
2258,frozen,51,2,6,1,0,-1.0,-1.0,1,1,0,0,0.0,-0.005004473950153852
2259,frozen,51,5,5,1,1,1.0,1.0,0,nan,nan,nan,0.0,-0.005004473950153852
2260,frozen,51,1,4,0,0,-1.0,-1.0,1,1,0,0,0.0,-0.005004473950153852
2261,frozen,51,8,3,0,0,-1.0,-1.0,1,0,1,0,0.0,-0.005004473950153852
2262,frozen,51,0,3,0,0,-1.0,-1.0,1,0,1,0,0.0,-0.005004473950153852
2263,frozen,51,3,5,1,0,-1.0,-1.0,1,0,1,0,0.0,-0.005004473950153852
2264,frozen,51,8,3,0,0,-1.0,-1.0,1,0,1,0,0.0,-0.005004473950153852
2265,frozen,51,6,5,1,1,1.0,1.0,0,nan,nan,nan,0.0,-0.005004473950153852
2266,frozen,51,4,4,0,1,1.0,1.0,0,nan,nan,nan,0.0,-0.005004473950153852
2267,frozen,51,3,3,0,1,1.0,1.0,0,nan,nan,nan,0.0,-0.005004473950153852
2268,frozen,51,7,4,1,0,-1.0,-1.0,1,3,0,1,0.0,-0.005004473950153852
2269,frozen,51,7,5,1,0,-1.0,-1.0,1,0,1,0,0.0,-0.005004473950153852
2270,frozen,51,6,3,0,0,-1.0,-1.0,1,0,1,0,0.0,-0.005004473950153852
2271,frozen,51,1,5,1,0,-1.0,-1.0,1,0,1,0,0.0,-0.005004473950153852
2272,frozen,51,8,5,1,0,-1.0,-1.0,1,0,1,0,0.0,-0.005004473950153852
2273,frozen,51,0,3,0,0,-1.0,-1.0,1,0,1,0,0.0,-0.005004473950153852
2274,frozen,51,3,3,0,1,1.0,1.0,0,nan,nan,nan,0.0,-0.005004473950153852
2275,frozen,51,4,4,1,1,1.0,1.0,0,nan,nan,nan,0.0,-0.005004473950153852
2276,frozen,51,8,5,1,0,-1.0,-1.0,1,2,0,0,0.0,-0.005004473950153852
2277,frozen,51,2,3,0,1,1.0,1.0,0,nan,nan,nan,0.0,-0.005004473950153852
2278,frozen,51,5,4,1,1,1.0,1.0,0,nan,nan,nan,0.0,-0.005004473950153852
2279,frozen,51,1,5,1,0,-1.0,-1.0,1,2,0,0,0.0,-0.005004473950153852
2280,frozen,51,4,5,1,1,1.0,1.0,0,nan,nan,nan,0.0,-0.005004473950153852
2281,frozen,51,1,6,1,0,-1.0,-1.0,1,1,0,0,0.0,-0.005004473950153852
2282,frozen,51,8,5,1,0,-1.0,-1.0,1,0,1,0,0.0,-0.005004473950153852
2283,frozen,51,1,5,1,0,-1.0,-1.0,1,0,1,0,0.0,-0.005004473950153852
2284,frozen,51,5,5,1,1,1.0,1.0,0,nan,nan,nan,0.0,-0.005004473950153852
2285,frozen,51,8,4,0,0,-1.0,-1.0,1,1,0,0,0.0,-0.005004473950153852
2286,frozen,51,4,3,0,1,1.0,1.0,0,nan,nan,nan,0.0,-0.005004473950153852
2287,frozen,51,3,2,0,1,1.0,1.0,0,nan,nan,nan,0.0,-0.005004473950153852
2288,frozen,51,8,1,0,0,-1.0,-1.0,1,2,0,0,0.0,-0.005004473950153852
2289,frozen,51,6,3,0,0,-1.0,-1.0,1,0,1,0,0.0,-0.005004473950153852
2290,frozen,51,3,3,0,1,1.0,1.0,0,nan,nan,nan,0.0,-0.005004473950153852
2291,frozen,51,8,2,0,0,-1.0,-1.0,1,1,0,0,0.0,-0.005004473950153852
2292,frozen,51,2,5,1,0,-1.0,-1.0,1,0,1,0,0.0,-0.005004473950153852
2293,frozen,51,7,5,1,0,-1.0,-1.0,1,0,1,0,0.0,-0.005004473950153852
2294,frozen,51,7,5,1,0,-1.0,-1.0,1,0,1,0,0.0,-0.005004473950153852
2295,frozen,51,1,5,1,0,-1.0,-1.0,1,0,1,0,0.0,-0.005004473950153852
2296,frozen,51,0,3,0,0,-1.0,-1.0,1,0,1,0,0.0,-0.005004473950153852
2297,frozen,51,4,5,1,1,1.0,1.0,0,nan,nan,nan,0.0,-0.005004473950153852
2298,frozen,51,5,6,1,1,1.0,1.0,0,nan,nan,nan,0.0,-0.005004473950153852
2299,frozen,51,3,7,1,0,-1.0,-1.0,1,2,0,0,0.0,-0.005004473950153852
2300,frozen,51,5,5,1,1,1.0,1.0,0,nan,nan,nan,0.0,-0.005004473950153852
2301,frozen,51,3,6,1,0,-1.0,-1.0,1,1,0,0,0.0,-0.005004473950153852
2302,frozen,51,3,3,0,1,1.0,1.0,0,nan,nan,nan,0.0,-0.005004473950153852
2303,frozen,51,1,2,0,1,1.0,1.0,0,nan,nan,nan,0.0,-0.005004473950153852
2304,frozen,51,1,1,0,1,1.0,1.0,0,nan,nan,nan,0.0,-0.005004473950153852
2305,frozen,51,3,2,1,1,1.0,1.0,0,nan,nan,nan,0.0,-0.005004473950153852
2306,frozen,51,7,3,1,0,-1.0,-1.0,1,4,0,1,0.0,-0.005004473950153852
2307,frozen,51,0,3,0,0,-1.0,-1.0,1,0,1,0,0.0,-0.005004473950153852
2308,frozen,51,2,3,0,1,1.0,1.0,0,nan,nan,nan,0.0,-0.005004473950153852
2309,frozen,51,3,4,1,1,1.0,1.0,0,nan,nan,nan,0.0,-0.005004473950153852
2310,frozen,51,0,5,1,0,-1.0,-1.0,1,2,0,0,0.0,-0.005004473950153852
2311,frozen,51,3,5,1,0,-1.0,-1.0,1,0,1,0,0.0,-0.005004473950153852
2312,frozen,51,8,5,1,0,-1.0,-1.0,1,0,1,0,0.0,-0.005004473950153852
2313,frozen,51,4,5,1,1,1.0,1.0,0,nan,nan,nan,0.0,-0.005004473950153852
2314,frozen,51,2,6,1,0,-1.0,-1.0,1,1,0,0,0.0,-0.005004473950153852
2315,frozen,51,7,5,1,0,-1.0,-1.0,1,0,1,0,0.0,-0.005004473950153852
2316,frozen,51,5,5,1,1,1.0,1.0,0,nan,nan,nan,0.0,-0.005004473950153852
2317,frozen,51,2,6,1,0,-1.0,-1.0,1,1,0,0,0.0,-0.005004473950153852
2318,frozen,51,1,5,1,0,-1.0,-1.0,1,0,1,0,0.0,-0.005004473950153852
2319,frozen,51,8,3,0,0,-1.0,-1.0,1,0,1,0,0.0,-0.005004473950153852
2320,frozen,51,3,3,0,1,1.0,1.0,0,nan,nan,nan,0.0,-0.005004473950153852
2321,frozen,51,2,2,0,1,1.0,1.0,0,nan,nan,nan,0.0,-0.005004473950153852
2322,frozen,51,4,1,0,0,-1.0,-1.0,1,2,0,0,0.0,-0.005004473950153852
2323,frozen,51,1,5,1,0,-1.0,-1.0,1,0,1,0,0.0,-0.005004473950153852
2324,frozen,51,8,3,0,0,-1.0,-1.0,1,0,1,0,0.0,-0.005004473950153852
2325,frozen,51,2,3,0,1,1.0,1.0,0,nan,nan,nan,0.0,-0.005004473950153852
2326,frozen,51,5,2,0,0,-1.0,-1.0,1,1,0,0,0.0,-0.005004473950153852
2327,frozen,51,6,3,0,0,-1.0,-1.0,1,0,1,0,0.0,-0.005004473950153852
2328,frozen,51,5,5,1,1,1.0,1.0,0,nan,nan,nan,0.0,-0.005004473950153852
2329,frozen,51,8,6,1,0,-1.0,-1.0,1,1,0,0,0.0,-0.005004473950153852
2330,frozen,51,4,5,1,1,1.0,1.0,0,nan,nan,nan,0.0,-0.005004473950153852
2331,frozen,51,2,6,1,0,-1.0,-1.0,1,1,0,0,0.0,-0.005004473950153852
2332,frozen,51,5,5,1,1,1.0,1.0,0,nan,nan,nan,0.0,-0.005004473950153852
2333,frozen,51,1,6,1,0,-1.0,-1.0,1,1,0,0,0.0,-0.005004473950153852
2334,frozen,51,2,5,1,0,-1.0,-1.0,1,0,1,0,0.0,-0.005004473950153852
2335,frozen,51,2,3,0,1,1.0,1.0,0,nan,nan,nan,0.0,-0.005004473950153852
2336,frozen,51,2,2,0,1,1.0,1.0,0,nan,nan,nan,0.0,-0.005004473950153852
2337,frozen,51,1,1,0,1,1.0,1.0,0,nan,nan,nan,0.0,-0.005004473950153852
2338,frozen,51,3,2,1,1,1.0,1.0,0,nan,nan,nan,0.0,-0.005004473950153852
2339,frozen,51,0,1,0,1,1.0,1.0,0,nan,nan,nan,0.0,-0.005004473950153852
2340,frozen,51,0,0,0,1,1.0,1.0,0,nan,nan,nan,0.0,-0.005004473950153852
2341,frozen,51,2,0,0,0,-1.0,-1.0,1,6,0,1,0.0,-0.005004473950153852
2342,frozen,51,1,5,1,0,-1.0,-1.0,1,0,1,0,0.0,-0.005004473950153852
2343,frozen,51,2,5,1,0,-1.0,-1.0,1,0,1,0,0.0,-0.005004473950153852
2344,frozen,51,5,5,1,1,1.0,1.0,0,nan,nan,nan,0.0,-0.005004473950153852
2345,frozen,51,4,4,0,1,1.0,1.0,0,nan,nan,nan,0.0,-0.005004473950153852
2346,frozen,51,3,3,0,1,1.0,1.0,0,nan,nan,nan,0.0,-0.005004473950153852
2347,frozen,51,5,4,1,1,1.0,1.0,0,nan,nan,nan,0.0,-0.005004473950153852
2348,frozen,51,8,3,0,0,-1.0,-1.0,1,4,0,1,0.0,-0.005004473950153852
2349,frozen,51,3,3,0,1,1.0,1.0,0,nan,nan,nan,0.0,-0.005004473950153852
2350,frozen,51,0,4,1,0,-1.0,-1.0,1,1,0,0,0.0,-0.005004473950153852
2351,frozen,51,6,5,1,1,1.0,1.0,0,nan,nan,nan,0.0,-0.005004473950153852
2352,frozen,51,1,6,1,0,-1.0,-1.0,1,1,0,0,0.0,-0.005004473950153852
2353,frozen,51,3,3,0,1,1.0,1.0,0,nan,nan,nan,0.0,-0.005004473950153852
2354,frozen,51,5,2,0,0,-1.0,-1.0,1,1,0,0,0.0,-0.005004473950153852
2355,frozen,51,1,5,1,0,-1.0,-1.0,1,0,1,0,0.0,-0.005004473950153852
2356,frozen,51,6,3,0,0,-1.0,-1.0,1,0,1,0,0.0,-0.005004473950153852
2357,frozen,51,1,5,1,0,-1.0,-1.0,1,0,1,0,0.0,-0.005004473950153852
2358,frozen,51,5,5,1,1,1.0,1.0,0,nan,nan,nan,0.0,-0.005004473950153852
2359,frozen,51,7,4,0,0,-1.0,-1.0,1,1,0,0,0.0,-0.005004473950153852
2360,frozen,51,2,5,1,0,-1.0,-1.0,1,0,1,0,0.0,-0.005004473950153852
2361,frozen,51,3,3,0,1,1.0,1.0,0,nan,nan,nan,0.0,-0.005004473950153852
2362,frozen,51,7,2,0,0,-1.0,-1.0,1,1,0,0,0.0,-0.005004473950153852
2363,frozen,51,6,3,0,0,-1.0,-1.0,1,0,1,0,0.0,-0.005004473950153852
2364,frozen,51,7,5,1,0,-1.0,-1.0,1,0,1,0,0.0,-0.005004473950153852
2365,frozen,51,0,5,1,0,-1.0,-1.0,1,0,1,0,0.0,-0.005004473950153852
2366,frozen,51,6,5,1,1,1.0,1.0,0,nan,nan,nan,0.0,-0.005004473950153852
2367,frozen,51,3,6,1,0,-1.0,-1.0,1,1,0,0,0.0,-0.005004473950153852
2368,frozen,51,7,5,1,0,-1.0,-1.0,1,0,1,0,0.0,-0.005004473950153852
2369,frozen,51,6,5,1,1,1.0,1.0,0,nan,nan,nan,0.0,-0.005004473950153852
2370,frozen,51,0,4,0,0,-1.0,-1.0,1,1,0,0,0.0,-0.005004473950153852
2371,frozen,51,7,5,1,0,-1.0,-1.0,1,0,1,0,0.0,-0.005004473950153852
2372,frozen,51,6,3,0,0,-1.0,-1.0,1,0,1,0,0.0,-0.005004473950153852
2373,frozen,51,1,5,1,0,-1.0,-1.0,1,0,1,0,0.0,-0.005004473950153852
2374,frozen,51,8,5,1,0,-1.0,-1.0,1,0,1,0,0.0,-0.005004473950153852
2375,frozen,51,0,5,1,0,-1.0,-1.0,1,0,1,0,0.0,-0.005004473950153852
2376,frozen,51,4,5,1,1,1.0,1.0,0,nan,nan,nan,0.0,-0.005004473950153852
2377,frozen,51,6,6,1,1,1.0,1.0,0,nan,nan,nan,0.0,-0.005004473950153852
2378,frozen,51,0,7,1,0,-1.0,-1.0,1,2,0,0,0.0,-0.005004473950153852
2379,frozen,51,7,5,1,0,-1.0,-1.0,1,0,1,0,0.0,-0.005004473950153852
2380,frozen,51,5,5,1,1,1.0,1.0,0,nan,nan,nan,0.0,-0.005004473950153852
2381,frozen,51,1,6,1,0,-1.0,-1.0,1,1,0,0,0.0,-0.005004473950153852
2382,frozen,51,3,3,0,1,1.0,1.0,0,nan,nan,nan,0.0,-0.005004473950153852
2383,frozen,51,5,4,1,1,1.0,1.0,0,nan,nan,nan,0.0,-0.005004473950153852
2384,frozen,51,3,3,0,1,1.0,1.0,0,nan,nan,nan,0.0,-0.005004473950153852
2385,frozen,51,5,2,0,0,-1.0,-1.0,1,3,0,1,0.0,-0.005004473950153852
2386,frozen,51,5,3,0,0,-1.0,-1.0,1,0,1,0,0.0,-0.005004473950153852
2387,frozen,51,6,3,0,0,-1.0,-1.0,1,0,1,0,0.0,-0.005004473950153852
2388,frozen,51,2,3,0,1,1.0,1.0,0,nan,nan,nan,0.0,-0.005004473950153852
2389,frozen,51,2,2,0,1,1.0,1.0,0,nan,nan,nan,0.0,-0.005004473950153852
2390,frozen,51,7,3,1,0,-1.0,-1.0,1,2,0,0,0.0,-0.005004473950153852
2391,frozen,51,3,3,0,1,1.0,1.0,0,nan,nan,nan,0.0,-0.005004473950153852
2392,frozen,51,5,2,0,0,-1.0,-1.0,1,1,0,0,0.0,-0.005004473950153852
2393,frozen,51,8,5,1,0,-1.0,-1.0,1,0,1,0,0.0,-0.005004473950153852
2394,frozen,51,7,5,1,0,-1.0,-1.0,1,0,1,0,0.0,-0.005004473950153852
2395,frozen,51,3,3,0,1,1.0,1.0,0,nan,nan,nan,0.0,-0.005004473950153852
2396,frozen,51,1,2,0,1,1.0,1.0,0,nan,nan,nan,0.0,-0.005004473950153852
2397,frozen,51,4,1,0,0,-1.0,-1.0,1,2,0,0,0.0,-0.005004473950153852
2398,frozen,51,6,3,0,0,-1.0,-1.0,1,0,1,0,0.0,-0.005004473950153852
2399,frozen,51,4,5,1,1,1.0,1.0,0,nan,nan,nan,0.0,-0.005004473950153852
2400,frozen,51,8,6,1,0,-1.0,-1.0,1,1,0,0,0.0,-0.005004473950153852
2401,frozen,51,5,5,1,1,1.0,1.0,0,nan,nan,nan,0.0,-0.005004473950153852
2402,frozen,51,5,6,1,1,1.0,1.0,0,nan,nan,nan,0.0,-0.005004473950153852
2403,frozen,51,7,7,1,1,1.0,1.0,0,nan,nan,nan,0.0,-0.005004473950153852
2404,frozen,51,1,8,1,0,-1.0,-1.0,1,3,0,1,0.0,-0.005004473950153852
2405,frozen,51,6,5,1,1,1.0,1.0,0,nan,nan,nan,0.0,-0.005004473950153852
2406,frozen,51,4,6,1,0,-1.0,-1.0,1,1,0,0,0.0,-0.005004473950153852
2407,frozen,51,3,3,0,1,1.0,1.0,0,nan,nan,nan,0.0,-0.005004473950153852
2408,frozen,51,3,4,1,1,1.0,1.0,0,nan,nan,nan,0.0,-0.005004473950153852
2409,frozen,51,0,3,0,0,-1.0,-1.0,1,2,0,0,0.0,-0.005004473950153852
2410,frozen,51,6,3,0,0,-1.0,-1.0,1,0,1,0,0.0,-0.005004473950153852
2411,frozen,51,2,3,0,1,1.0,1.0,0,nan,nan,nan,0.0,-0.005004473950153852
2412,frozen,51,6,4,1,0,-1.0,-1.0,1,1,0,0,0.0,-0.005004473950153852
2413,frozen,51,8,3,0,0,-1.0,-1.0,1,0,1,0,0.0,-0.005004473950153852
2414,frozen,51,8,3,0,0,-1.0,-1.0,1,0,1,0,0.0,-0.005004473950153852
2415,frozen,51,0,3,0,0,-1.0,-1.0,1,0,1,0,0.0,-0.005004473950153852
2416,frozen,51,6,5,1,1,1.0,1.0,0,nan,nan,nan,0.0,-0.005004473950153852
2417,frozen,51,4,4,0,1,1.0,1.0,0,nan,nan,nan,0.0,-0.005004473950153852
2418,frozen,51,8,5,1,0,-1.0,-1.0,1,2,0,0,0.0,-0.005004473950153852
2419,frozen,51,6,3,0,0,-1.0,-1.0,1,0,1,0,0.0,-0.005004473950153852
2420,frozen,51,8,5,1,0,-1.0,-1.0,1,0,1,0,0.0,-0.005004473950153852
2421,frozen,51,5,5,1,1,1.0,1.0,0,nan,nan,nan,0.0,-0.005004473950153852
2422,frozen,51,3,6,1,0,-1.0,-1.0,1,1,0,0,0.0,-0.005004473950153852
2423,frozen,51,0,5,1,0,-1.0,-1.0,1,0,1,0,0.0,-0.005004473950153852
2424,frozen,51,6,3,0,0,-1.0,-1.0,1,0,1,0,0.0,-0.005004473950153852
2425,frozen,51,7,5,1,0,-1.0,-1.0,1,0,1,0,0.0,-0.005004473950153852
2426,frozen,51,8,3,0,0,-1.0,-1.0,1,0,1,0,0.0,-0.005004473950153852
2427,frozen,51,6,5,1,1,1.0,1.0,0,nan,nan,nan,0.0,-0.005004473950153852
2428,frozen,51,1,4,0,0,-1.0,-1.0,1,1,0,0,0.0,-0.005004473950153852
2429,frozen,51,3,3,0,1,1.0,1.0,0,nan,nan,nan,0.0,-0.005004473950153852
2430,frozen,51,0,4,1,0,-1.0,-1.0,1,1,0,0,0.0,-0.005004473950153852
2431,frozen,51,6,5,1,1,1.0,1.0,0,nan,nan,nan,0.0,-0.005004473950153852
2432,frozen,51,7,4,0,0,-1.0,-1.0,1,1,0,0,0.0,-0.005004473950153852
2433,frozen,51,0,3,0,0,-1.0,-1.0,1,0,1,0,0.0,-0.005004473950153852
2434,frozen,51,4,5,1,1,1.0,1.0,0,nan,nan,nan,0.0,-0.005004473950153852
2435,frozen,51,8,6,1,0,-1.0,-1.0,1,1,0,0,0.0,-0.005004473950153852
2436,frozen,51,6,5,1,1,1.0,1.0,0,nan,nan,nan,0.0,-0.005004473950153852
2437,frozen,51,5,4,0,1,1.0,1.0,0,nan,nan,nan,0.0,-0.005004473950153852
2438,frozen,51,2,3,0,1,1.0,1.0,0,nan,nan,nan,0.0,-0.005004473950153852
2439,frozen,51,8,4,1,0,-1.0,-1.0,1,3,0,1,0.0,-0.005004473950153852
2440,frozen,51,2,3,0,1,1.0,1.0,0,nan,nan,nan,0.0,-0.005004473950153852
2441,frozen,51,5,4,1,1,1.0,1.0,0,nan,nan,nan,0.0,-0.005004473950153852
2442,frozen,51,0,5,1,0,-1.0,-1.0,1,2,0,0,0.0,-0.005004473950153852
2443,frozen,51,0,3,0,0,-1.0,-1.0,1,0,1,0,0.0,-0.005004473950153852
2444,frozen,51,7,5,1,0,-1.0,-1.0,1,0,1,0,0.0,-0.005004473950153852
2445,frozen,51,3,3,0,1,1.0,1.0,0,nan,nan,nan,0.0,-0.005004473950153852
2446,frozen,51,3,4,1,1,1.0,1.0,0,nan,nan,nan,0.0,-0.005004473950153852
2447,frozen,51,8,3,0,0,-1.0,-1.0,1,2,0,0,0.0,-0.005004473950153852
2448,frozen,51,6,3,0,0,-1.0,-1.0,1,0,1,0,0.0,-0.005004473950153852
2449,frozen,51,4,3,0,1,1.0,1.0,0,nan,nan,nan,0.0,-0.005004473950153852
2450,frozen,51,0,4,1,0,-1.0,-1.0,1,1,0,0,0.0,-0.005004473950153852
2451,frozen,51,6,3,0,0,-1.0,-1.0,1,0,1,0,0.0,-0.005004473950153852
2452,frozen,51,8,5,1,0,-1.0,-1.0,1,0,1,0,0.0,-0.005004473950153852
2453,frozen,51,1,5,1,0,-1.0,-1.0,1,0,1,0,0.0,-0.005004473950153852
2454,frozen,51,3,3,0,1,1.0,1.0,0,nan,nan,nan,0.0,-0.005004473950153852
2455,frozen,51,3,2,0,1,1.0,1.0,0,nan,nan,nan,0.0,-0.005004473950153852
2456,frozen,51,5,3,1,0,-1.0,-1.0,1,2,0,0,0.0,-0.005004473950153852
2457,frozen,51,6,5,1,1,1.0,1.0,0,nan,nan,nan,0.0,-0.005004473950153852
2458,frozen,51,5,6,1,1,1.0,1.0,0,nan,nan,nan,0.0,-0.005004473950153852
2459,frozen,51,0,7,1,0,-1.0,-1.0,1,2,0,0,0.0,-0.005004473950153852
2460,frozen,51,8,3,0,0,-1.0,-1.0,1,0,1,0,0.0,-0.005004473950153852
2461,frozen,51,3,3,0,1,1.0,1.0,0,nan,nan,nan,0.0,-0.005004473950153852
2462,frozen,51,4,4,1,1,1.0,1.0,0,nan,nan,nan,0.0,-0.005004473950153852
2463,frozen,51,7,5,1,0,-1.0,-1.0,1,2,0,0,0.0,-0.005004473950153852
2464,frozen,51,4,5,1,1,1.0,1.0,0,nan,nan,nan,0.0,-0.005004473950153852
2465,frozen,51,2,6,1,0,-1.0,-1.0,1,1,0,0,0.0,-0.005004473950153852
2466,frozen,51,1,5,1,0,-1.0,-1.0,1,0,1,0,0.0,-0.005004473950153852
2467,frozen,51,0,5,1,0,-1.0,-1.0,1,0,1,0,0.0,-0.005004473950153852
2468,frozen,51,3,3,0,1,1.0,1.0,0,nan,nan,nan,0.0,-0.005004473950153852
2469,frozen,51,1,2,0,1,1.0,1.0,0,nan,nan,nan,0.0,-0.005004473950153852
2470,frozen,51,2,3,1,1,1.0,1.0,0,nan,nan,nan,0.0,-0.005004473950153852
2471,frozen,51,6,4,1,0,-1.0,-1.0,1,3,0,1,0.0,-0.005004473950153852
2472,frozen,51,3,3,0,1,1.0,1.0,0,nan,nan,nan,0.0,-0.005004473950153852
2473,frozen,51,7,2,0,0,-1.0,-1.0,1,1,0,0,0.0,-0.005004473950153852
2474,frozen,51,4,5,1,1,1.0,1.0,0,nan,nan,nan,0.0,-0.005004473950153852
2475,frozen,51,8,6,1,0,-1.0,-1.0,1,1,0,0,0.0,-0.005004473950153852
2476,frozen,51,8,3,0,0,-1.0,-1.0,1,0,1,0,0.0,-0.005004473950153852
2477,frozen,51,2,3,0,1,1.0,1.0,0,nan,nan,nan,0.0,-0.005004473950153852
2478,frozen,51,5,4,1,1,1.0,1.0,0,nan,nan,nan,0.0,-0.005004473950153852
2479,frozen,51,2,5,1,0,-1.0,-1.0,1,2,0,0,0.0,-0.005004473950153852
2480,frozen,51,2,5,1,0,-1.0,-1.0,1,0,1,0,0.0,-0.005004473950153852
2481,frozen,51,1,5,1,0,-1.0,-1.0,1,0,1,0,0.0,-0.005004473950153852
2482,frozen,51,3,3,0,1,1.0,1.0,0,nan,nan,nan,0.0,-0.005004473950153852
2483,frozen,51,2,2,0,1,1.0,1.0,0,nan,nan,nan,0.0,-0.005004473950153852
2484,frozen,51,0,1,0,1,1.0,1.0,0,nan,nan,nan,0.0,-0.005004473950153852
2485,frozen,51,6,2,1,0,-1.0,-1.0,1,3,0,1,0.0,-0.005004473950153852
2486,frozen,51,1,5,1,0,-1.0,-1.0,1,0,1,0,0.0,-0.005004473950153852
2487,frozen,51,1,5,1,0,-1.0,-1.0,1,0,1,0,0.0,-0.005004473950153852
2488,frozen,51,8,5,1,0,-1.0,-1.0,1,0,1,0,0.0,-0.005004473950153852
2489,frozen,51,1,3,0,0,-1.0,-1.0,1,0,1,0,0.0,-0.005004473950153852
2490,frozen,51,5,5,1,1,1.0,1.0,0,nan,nan,nan,0.0,-0.005004473950153852
2491,frozen,51,3,6,1,0,-1.0,-1.0,1,1,0,0,0.0,-0.005004473950153852
2492,frozen,51,3,3,0,1,1.0,1.0,0,nan,nan,nan,0.0,-0.005004473950153852
2493,frozen,51,0,4,1,0,-1.0,-1.0,1,1,0,0,0.0,-0.005004473950153852
2494,frozen,51,2,3,0,1,1.0,1.0,0,nan,nan,nan,0.0,-0.005004473950153852
2495,frozen,51,0,4,1,0,-1.0,-1.0,1,1,0,0,0.0,-0.005004473950153852
2496,frozen,51,0,5,1,0,-1.0,-1.0,1,0,1,0,0.0,-0.005004473950153852
2497,frozen,51,3,3,0,1,1.0,1.0,0,nan,nan,nan,0.0,-0.005004473950153852
2498,frozen,51,2,2,0,1,1.0,1.0,0,nan,nan,nan,0.0,-0.005004473950153852
2499,frozen,51,4,1,0,0,-1.0,-1.0,1,2,0,0,0.0,-0.005004473950153852
2500,frozen,51,7,5,1,0,-1.0,-1.0,1,0,1,0,0.0,-0.005004473950153852
2501,frozen,51,1,5,1,0,-1.0,-1.0,1,0,1,0,0.0,-0.005004473950153852
2502,frozen,51,4,5,1,1,1.0,1.0,0,nan,nan,nan,0.0,-0.005004473950153852
2503,frozen,51,6,6,1,1,1.0,1.0,0,nan,nan,nan,0.0,-0.005004473950153852
2504,frozen,51,4,7,1,0,-1.0,-1.0,1,2,0,0,0.0,-0.005004473950153852
2505,frozen,51,1,5,1,0,-1.0,-1.0,1,0,1,0,0.0,-0.005004473950153852
2506,frozen,51,0,3,0,0,-1.0,-1.0,1,0,1,0,0.0,-0.005004473950153852
2507,frozen,51,3,3,0,1,1.0,1.0,0,nan,nan,nan,0.0,-0.005004473950153852
2508,frozen,51,2,2,0,1,1.0,1.0,0,nan,nan,nan,0.0,-0.005004473950153852
2509,frozen,51,2,3,1,1,1.0,1.0,0,nan,nan,nan,0.0,-0.005004473950153852
2510,frozen,51,5,2,0,0,-1.0,-1.0,1,3,0,1,0.0,-0.005004473950153852
2511,frozen,51,2,3,0,1,1.0,1.0,0,nan,nan,nan,0.0,-0.005004473950153852
2512,frozen,51,2,2,0,1,1.0,1.0,0,nan,nan,nan,0.0,-0.005004473950153852
2513,frozen,51,1,1,0,1,1.0,1.0,0,nan,nan,nan,0.0,-0.005004473950153852
2514,frozen,51,2,2,1,1,1.0,1.0,0,nan,nan,nan,0.0,-0.005004473950153852
2515,frozen,51,4,3,1,1,1.0,1.0,0,nan,nan,nan,0.0,-0.005004473950153852
2516,frozen,51,6,4,1,0,-1.0,-1.0,1,5,0,1,0.0,-0.005004473950153852
2517,frozen,51,5,5,1,1,1.0,1.0,0,nan,nan,nan,0.0,-0.005004473950153852
2518,frozen,51,2,6,1,0,-1.0,-1.0,1,1,0,0,0.0,-0.005004473950153852
2519,frozen,51,3,3,0,1,1.0,1.0,0,nan,nan,nan,0.0,-0.005004473950153852
2520,frozen,51,1,4,1,0,-1.0,-1.0,1,1,0,0,0.0,-0.005004473950153852
2521,frozen,51,3,3,0,1,1.0,1.0,0,nan,nan,nan,0.0,-0.005004473950153852
2522,frozen,51,5,2,0,0,-1.0,-1.0,1,1,0,0,0.0,-0.005004473950153852
2523,frozen,51,4,3,0,1,1.0,1.0,0,nan,nan,nan,0.0,-0.005004473950153852
2524,frozen,51,7,4,1,0,-1.0,-1.0,1,1,0,0,0.0,-0.005004473950153852
2525,frozen,51,0,3,0,0,-1.0,-1.0,1,0,1,0,0.0,-0.005004473950153852
2526,frozen,51,5,3,0,0,-1.0,-1.0,1,0,1,0,0.0,-0.005004473950153852
2527,frozen,51,3,3,0,1,1.0,1.0,0,nan,nan,nan,0.0,-0.005004473950153852
2528,frozen,51,5,2,0,0,-1.0,-1.0,1,1,0,0,0.0,-0.005004473950153852
2529,frozen,51,0,3,0,0,-1.0,-1.0,1,0,1,0,0.0,-0.005004473950153852
2530,frozen,51,5,5,1,1,1.0,1.0,0,nan,nan,nan,0.0,-0.005004473950153852
2531,frozen,51,8,6,1,0,-1.0,-1.0,1,1,0,0,0.0,-0.005004473950153852
2532,frozen,51,1,5,1,0,-1.0,-1.0,1,0,1,0,0.0,-0.005004473950153852
2533,frozen,51,2,5,1,0,-1.0,-1.0,1,0,1,0,0.0,-0.005004473950153852
2534,frozen,51,4,5,1,1,1.0,1.0,0,nan,nan,nan,0.0,-0.005004473950153852
2535,frozen,51,1,6,1,0,-1.0,-1.0,1,1,0,0,0.0,-0.005004473950153852
2536,frozen,51,7,5,1,0,-1.0,-1.0,1,0,1,0,0.0,-0.005004473950153852
2537,frozen,51,1,5,1,0,-1.0,-1.0,1,0,1,0,0.0,-0.005004473950153852
2538,frozen,51,7,5,1,0,-1.0,-1.0,1,0,1,0,0.0,-0.005004473950153852
2539,frozen,51,5,5,1,1,1.0,1.0,0,nan,nan,nan,0.0,-0.005004473950153852
2540,frozen,51,6,6,1,1,1.0,1.0,0,nan,nan,nan,0.0,-0.005004473950153852
2541,frozen,51,4,5,0,1,1.0,1.0,0,nan,nan,nan,0.0,-0.005004473950153852
2542,frozen,51,4,4,0,1,1.0,1.0,0,nan,nan,nan,0.0,-0.005004473950153852
2543,frozen,51,1,5,1,0,-1.0,-1.0,1,4,0,1,0.0,-0.005004473950153852
2544,frozen,51,7,5,1,0,-1.0,-1.0,1,0,1,0,0.0,-0.005004473950153852
2545,frozen,51,5,5,1,1,1.0,1.0,0,nan,nan,nan,0.0,-0.005004473950153852
2546,frozen,51,8,6,1,0,-1.0,-1.0,1,1,0,0,0.0,-0.005004473950153852
2547,frozen,51,4,3,0,1,1.0,1.0,0,nan,nan,nan,0.0,-0.005004473950153852
2548,frozen,51,0,2,0,0,-1.0,-1.0,1,1,0,0,0.0,-0.005004473950153852
2549,frozen,51,6,3,0,0,-1.0,-1.0,1,0,1,0,0.0,-0.005004473950153852
2550,frozen,51,8,5,1,0,-1.0,-1.0,1,0,1,0,0.0,-0.005004473950153852
2551,frozen,51,3,5,1,0,-1.0,-1.0,1,0,1,0,0.0,-0.005004473950153852
2552,frozen,51,1,5,1,0,-1.0,-1.0,1,0,1,0,0.0,-0.005004473950153852
2553,frozen,51,1,5,1,0,-1.0,-1.0,1,0,1,0,0.0,-0.005004473950153852
2554,frozen,51,5,5,1,1,1.0,1.0,0,nan,nan,nan,0.0,-0.005004473950153852
2555,frozen,51,0,4,0,0,-1.0,-1.0,1,1,0,0,0.0,-0.005004473950153852
2556,frozen,51,4,3,0,1,1.0,1.0,0,nan,nan,nan,0.0,-0.005004473950153852
2557,frozen,51,3,2,0,1,1.0,1.0,0,nan,nan,nan,0.0,-0.005004473950153852
2558,frozen,51,5,3,1,0,-1.0,-1.0,1,2,0,0,0.0,-0.005004473950153852
2559,frozen,51,1,5,1,0,-1.0,-1.0,1,0,1,0,0.0,-0.005004473950153852
2560,frozen,51,4,3,0,1,1.0,1.0,0,nan,nan,nan,0.0,-0.005004473950153852
2561,frozen,51,0,4,1,0,-1.0,-1.0,1,1,0,0,0.0,-0.005004473950153852
2562,frozen,51,2,3,0,1,1.0,1.0,0,nan,nan,nan,0.0,-0.005004473950153852
2563,frozen,51,0,4,1,0,-1.0,-1.0,1,1,0,0,0.0,-0.005004473950153852
2564,frozen,51,2,5,1,0,-1.0,-1.0,1,0,1,0,0.0,-0.005004473950153852
2565,frozen,51,3,3,0,1,1.0,1.0,0,nan,nan,nan,0.0,-0.005004473950153852
2566,frozen,51,1,4,1,0,-1.0,-1.0,1,1,0,0,0.0,-0.005004473950153852
2567,frozen,51,5,5,1,1,1.0,1.0,0,nan,nan,nan,0.0,-0.005004473950153852
2568,frozen,51,1,6,1,0,-1.0,-1.0,1,1,0,0,0.0,-0.005004473950153852
2569,frozen,51,5,5,1,1,1.0,1.0,0,nan,nan,nan,0.0,-0.005004473950153852
2570,frozen,51,6,6,1,1,1.0,1.0,0,nan,nan,nan,0.0,-0.005004473950153852
2571,frozen,51,5,5,0,1,1.0,1.0,0,nan,nan,nan,0.0,-0.005004473950153852
2572,frozen,51,4,4,0,1,1.0,1.0,0,nan,nan,nan,0.0,-0.005004473950153852
2573,frozen,51,5,5,1,1,1.0,1.0,0,nan,nan,nan,0.0,-0.005004473950153852
2574,frozen,51,1,4,0,0,-1.0,-1.0,1,5,0,1,0.0,-0.005004473950153852
2575,frozen,51,3,3,0,1,1.0,1.0,0,nan,nan,nan,0.0,-0.005004473950153852
2576,frozen,51,6,4,1,0,-1.0,-1.0,1,1,0,0,0.0,-0.005004473950153852
2577,frozen,51,4,5,1,1,1.0,1.0,0,nan,nan,nan,0.0,-0.005004473950153852
2578,frozen,51,1,4,0,0,-1.0,-1.0,1,1,0,0,0.0,-0.005004473950153852
2579,frozen,51,4,5,1,1,1.0,1.0,0,nan,nan,nan,0.0,-0.005004473950153852
2580,frozen,51,2,6,1,0,-1.0,-1.0,1,1,0,0,0.0,-0.005004473950153852
2581,frozen,51,2,5,1,0,-1.0,-1.0,1,0,1,0,0.0,-0.005004473950153852
2582,frozen,51,0,3,0,0,-1.0,-1.0,1,0,1,0,0.0,-0.005004473950153852
2583,frozen,51,0,5,1,0,-1.0,-1.0,1,0,1,0,0.0,-0.005004473950153852
2584,frozen,51,8,5,1,0,-1.0,-1.0,1,0,1,0,0.0,-0.005004473950153852
2585,frozen,51,4,5,1,1,1.0,1.0,0,nan,nan,nan,0.0,-0.005004473950153852
2586,frozen,51,1,4,0,0,-1.0,-1.0,1,1,0,0,0.0,-0.005004473950153852
2587,frozen,51,4,3,0,1,1.0,1.0,0,nan,nan,nan,0.0,-0.005004473950153852
2588,frozen,51,0,4,1,0,-1.0,-1.0,1,1,0,0,0.0,-0.005004473950153852
2589,frozen,51,4,5,1,1,1.0,1.0,0,nan,nan,nan,0.0,-0.005004473950153852
2590,frozen,51,2,6,1,0,-1.0,-1.0,1,1,0,0,0.0,-0.005004473950153852
2591,frozen,51,6,3,0,0,-1.0,-1.0,1,0,1,0,0.0,-0.005004473950153852
2592,frozen,51,1,5,1,0,-1.0,-1.0,1,0,1,0,0.0,-0.005004473950153852
2593,frozen,51,1,5,1,0,-1.0,-1.0,1,0,1,0,0.0,-0.005004473950153852
2594,frozen,51,0,5,1,0,-1.0,-1.0,1,0,1,0,0.0,-0.005004473950153852
2595,frozen,51,4,3,0,1,1.0,1.0,0,nan,nan,nan,0.0,-0.005004473950153852
2596,frozen,51,0,4,1,0,-1.0,-1.0,1,1,0,0,0.0,-0.005004473950153852
2597,frozen,51,5,5,1,1,1.0,1.0,0,nan,nan,nan,0.0,-0.005004473950153852
2598,frozen,51,3,4,0,1,1.0,1.0,0,nan,nan,nan,0.0,-0.005004473950153852
2599,frozen,51,4,3,0,1,1.0,1.0,0,nan,nan,nan,0.0,-0.005004473950153852
2600,frozen,51,4,4,1,1,1.0,1.0,0,nan,nan,nan,0.0,-0.005004473950153852
2601,frozen,51,8,5,1,0,-1.0,-1.0,1,4,0,1,0.0,-0.005004473950153852
2602,frozen,51,5,5,1,1,1.0,1.0,0,nan,nan,nan,0.0,-0.005004473950153852
2603,frozen,51,5,6,1,1,1.0,1.0,0,nan,nan,nan,0.0,-0.005004473950153852
2604,frozen,51,5,5,0,1,1.0,1.0,0,nan,nan,nan,0.0,-0.005004473950153852
2605,frozen,51,4,4,0,1,1.0,1.0,0,nan,nan,nan,0.0,-0.005004473950153852
2606,frozen,51,8,5,1,0,-1.0,-1.0,1,4,0,1,0.0,-0.005004473950153852
2607,frozen,51,7,5,1,0,-1.0,-1.0,1,0,1,0,0.0,-0.005004473950153852
2608,frozen,51,2,3,0,1,1.0,1.0,0,nan,nan,nan,0.0,-0.005004473950153852
2609,frozen,51,6,4,1,0,-1.0,-1.0,1,1,0,0,0.0,-0.005004473950153852
2610,frozen,51,0,5,1,0,-1.0,-1.0,1,0,1,0,0.0,-0.005004473950153852
2611,frozen,51,0,3,0,0,-1.0,-1.0,1,0,1,0,0.0,-0.005004473950153852
2612,frozen,51,4,3,0,1,1.0,1.0,0,nan,nan,nan,0.0,-0.005004473950153852
2613,frozen,51,1,4,1,0,-1.0,-1.0,1,1,0,0,0.0,-0.005004473950153852
2614,frozen,51,7,5,1,0,-1.0,-1.0,1,0,1,0,0.0,-0.005004473950153852
2615,frozen,51,5,5,1,1,1.0,1.0,0,nan,nan,nan,0.0,-0.005004473950153852
2616,frozen,51,4,4,0,1,1.0,1.0,0,nan,nan,nan,0.0,-0.005004473950153852
2617,frozen,51,8,5,1,0,-1.0,-1.0,1,2,0,0,0.0,-0.005004473950153852
2618,frozen,51,3,3,0,1,1.0,1.0,0,nan,nan,nan,0.0,-0.005004473950153852
2619,frozen,51,5,4,1,1,1.0,1.0,0,nan,nan,nan,0.0,-0.005004473950153852
2620,frozen,51,3,3,0,1,1.0,1.0,0,nan,nan,nan,0.0,-0.005004473950153852
2621,frozen,51,4,4,1,1,1.0,1.0,0,nan,nan,nan,0.0,-0.005004473950153852
2622,frozen,51,4,5,1,1,1.0,1.0,0,nan,nan,nan,0.0,-0.005004473950153852
2623,frozen,51,5,6,1,1,1.0,1.0,0,nan,nan,nan,0.0,-0.005004473950153852
2624,frozen,51,6,7,1,1,1.0,1.0,0,nan,nan,nan,0.0,-0.005004473950153852
2625,frozen,51,6,6,0,1,1.0,1.0,0,nan,nan,nan,0.0,-0.005004473950153852
2626,frozen,51,8,5,0,0,-1.0,-1.0,1,8,0,1,0.0,-0.005004473950153852
2627,frozen,51,6,3,0,0,-1.0,-1.0,1,0,1,0,0.0,-0.005004473950153852
2628,frozen,51,5,5,1,1,1.0,1.0,0,nan,nan,nan,0.0,-0.005004473950153852
2629,frozen,51,6,6,1,1,1.0,1.0,0,nan,nan,nan,0.0,-0.005004473950153852
2630,frozen,51,3,7,1,0,-1.0,-1.0,1,2,0,0,0.0,-0.005004473950153852
2631,frozen,51,6,3,0,0,-1.0,-1.0,1,0,1,0,0.0,-0.005004473950153852
2632,frozen,51,5,5,1,1,1.0,1.0,0,nan,nan,nan,0.0,-0.005004473950153852
2633,frozen,51,8,6,1,0,-1.0,-1.0,1,1,0,0,0.0,-0.005004473950153852
2634,frozen,51,4,3,0,1,1.0,1.0,0,nan,nan,nan,0.0,-0.005004473950153852
2635,frozen,51,8,2,0,0,-1.0,-1.0,1,1,0,0,0.0,-0.005004473950153852
2636,frozen,51,4,3,0,1,1.0,1.0,0,nan,nan,nan,0.0,-0.005004473950153852
2637,frozen,51,3,2,0,1,1.0,1.0,0,nan,nan,nan,0.0,-0.005004473950153852
2638,frozen,51,2,1,0,1,1.0,1.0,0,nan,nan,nan,0.0,-0.005004473950153852
2639,frozen,51,5,2,1,0,-1.0,-1.0,1,3,0,1,0.0,-0.005004473950153852
2640,frozen,51,3,3,0,1,1.0,1.0,0,nan,nan,nan,0.0,-0.005004473950153852
2641,frozen,51,7,2,0,0,-1.0,-1.0,1,1,0,0,0.0,-0.005004473950153852
2642,frozen,51,5,5,1,1,1.0,1.0,0,nan,nan,nan,0.0,-0.005004473950153852
2643,frozen,51,6,6,1,1,1.0,1.0,0,nan,nan,nan,0.0,-0.005004473950153852
2644,frozen,51,2,7,1,0,-1.0,-1.0,1,2,0,0,0.0,-0.005004473950153852
2645,frozen,51,4,3,0,1,1.0,1.0,0,nan,nan,nan,0.0,-0.005004473950153852
2646,frozen,51,0,4,1,0,-1.0,-1.0,1,1,0,0,0.0,-0.005004473950153852
2647,frozen,51,8,3,0,0,-1.0,-1.0,1,0,1,0,0.0,-0.005004473950153852
2648,frozen,51,1,5,1,0,-1.0,-1.0,1,0,1,0,0.0,-0.005004473950153852
2649,frozen,51,2,5,1,0,-1.0,-1.0,1,0,1,0,0.0,-0.005004473950153852
2650,frozen,51,7,5,1,0,-1.0,-1.0,1,0,1,0,0.0,-0.005004473950153852
2651,frozen,51,0,5,1,0,-1.0,-1.0,1,0,1,0,0.0,-0.005004473950153852
2652,frozen,51,2,5,1,0,-1.0,-1.0,1,0,1,0,0.0,-0.005004473950153852
2653,frozen,51,3,3,0,1,1.0,1.0,0,nan,nan,nan,0.0,-0.005004473950153852
2654,frozen,51,4,4,1,1,1.0,1.0,0,nan,nan,nan,0.0,-0.005004473950153852
2655,frozen,51,3,3,0,1,1.0,1.0,0,nan,nan,nan,0.0,-0.005004473950153852
2656,frozen,51,2,2,0,1,1.0,1.0,0,nan,nan,nan,0.0,-0.005004473950153852
2657,frozen,51,5,3,1,0,-1.0,-1.0,1,4,0,1,0.0,-0.005004473950153852
2658,frozen,51,3,5,1,0,-1.0,-1.0,1,0,1,0,0.0,-0.005004473950153852
2659,frozen,51,8,5,1,0,-1.0,-1.0,1,0,1,0,0.0,-0.005004473950153852
2660,frozen,51,8,3,0,0,-1.0,-1.0,1,0,1,0,0.0,-0.005004473950153852
2661,frozen,51,6,5,1,1,1.0,1.0,0,nan,nan,nan,0.0,-0.005004473950153852
2662,frozen,51,1,6,1,0,-1.0,-1.0,1,1,0,0,0.0,-0.005004473950153852
2663,frozen,51,5,5,1,1,1.0,1.0,0,nan,nan,nan,0.0,-0.005004473950153852
2664,frozen,51,3,6,1,0,-1.0,-1.0,1,1,0,0,0.0,-0.005004473950153852
2665,frozen,51,3,3,0,1,1.0,1.0,0,nan,nan,nan,0.0,-0.005004473950153852
2666,frozen,51,0,4,1,0,-1.0,-1.0,1,1,0,0,0.0,-0.005004473950153852
2667,frozen,51,3,3,0,1,1.0,1.0,0,nan,nan,nan,0.0,-0.005004473950153852
2668,frozen,51,6,4,1,0,-1.0,-1.0,1,1,0,0,0.0,-0.005004473950153852
2669,frozen,51,8,3,0,0,-1.0,-1.0,1,0,1,0,0.0,-0.005004473950153852
2670,frozen,51,1,5,1,0,-1.0,-1.0,1,0,1,0,0.0,-0.005004473950153852
2671,frozen,51,2,5,1,0,-1.0,-1.0,1,0,1,0,0.0,-0.005004473950153852
2672,frozen,51,7,5,1,0,-1.0,-1.0,1,0,1,0,0.0,-0.005004473950153852
2673,frozen,51,5,5,1,1,1.0,1.0,0,nan,nan,nan,0.0,-0.005004473950153852
2674,frozen,51,1,6,1,0,-1.0,-1.0,1,1,0,0,0.0,-0.005004473950153852
2675,frozen,51,6,5,1,1,1.0,1.0,0,nan,nan,nan,0.0,-0.005004473950153852
2676,frozen,51,4,4,0,1,1.0,1.0,0,nan,nan,nan,0.0,-0.005004473950153852
2677,frozen,51,0,3,0,0,-1.0,-1.0,1,2,0,0,0.0,-0.005004473950153852
2678,frozen,51,7,5,1,0,-1.0,-1.0,1,0,1,0,0.0,-0.005004473950153852
2679,frozen,51,0,3,0,0,-1.0,-1.0,1,0,1,0,0.0,-0.005004473950153852
2680,frozen,51,1,5,1,0,-1.0,-1.0,1,0,1,0,0.0,-0.005004473950153852
2681,frozen,51,7,5,1,0,-1.0,-1.0,1,0,1,0,0.0,-0.005004473950153852
2682,frozen,51,4,5,1,1,1.0,1.0,0,nan,nan,nan,0.0,-0.005004473950153852
2683,frozen,51,4,4,0,1,1.0,1.0,0,nan,nan,nan,0.0,-0.005004473950153852
2684,frozen,51,3,3,0,1,1.0,1.0,0,nan,nan,nan,0.0,-0.005004473950153852
2685,frozen,51,2,2,0,1,1.0,1.0,0,nan,nan,nan,0.0,-0.005004473950153852
2686,frozen,51,6,1,0,0,-1.0,-1.0,1,4,0,1,0.0,-0.005004473950153852
2687,frozen,51,8,5,1,0,-1.0,-1.0,1,0,1,0,0.0,-0.005004473950153852
2688,frozen,51,1,5,1,0,-1.0,-1.0,1,0,1,0,0.0,-0.005004473950153852
2689,frozen,51,3,3,0,1,1.0,1.0,0,nan,nan,nan,0.0,-0.005004473950153852
2690,frozen,51,7,2,0,0,-1.0,-1.0,1,1,0,0,0.0,-0.005004473950153852
2691,frozen,51,6,5,1,1,1.0,1.0,0,nan,nan,nan,0.0,-0.005004473950153852
2692,frozen,51,0,4,0,0,-1.0,-1.0,1,1,0,0,0.0,-0.005004473950153852
2693,frozen,51,7,5,1,0,-1.0,-1.0,1,0,1,0,0.0,-0.005004473950153852
2694,frozen,51,4,3,0,1,1.0,1.0,0,nan,nan,nan,0.0,-0.005004473950153852
2695,frozen,51,6,4,1,0,-1.0,-1.0,1,1,0,0,0.0,-0.005004473950153852
2696,frozen,51,5,5,1,1,1.0,1.0,0,nan,nan,nan,0.0,-0.005004473950153852
2697,frozen,51,1,6,1,0,-1.0,-1.0,1,1,0,0,0.0,-0.005004473950153852
2698,frozen,51,1,5,1,0,-1.0,-1.0,1,0,1,0,0.0,-0.005004473950153852
2699,frozen,51,1,5,1,0,-1.0,-1.0,1,0,1,0,0.0,-0.005004473950153852
2700,frozen,51,2,3,0,1,1.0,1.0,0,nan,nan,nan,0.0,-0.005004473950153852
2701,frozen,51,2,2,0,1,1.0,1.0,0,nan,nan,nan,0.0,-0.005004473950153852
2702,frozen,51,6,3,1,0,-1.0,-1.0,1,2,0,0,0.0,-0.005004473950153852
2703,frozen,51,1,5,1,0,-1.0,-1.0,1,0,1,0,0.0,-0.005004473950153852
2704,frozen,51,6,5,1,1,1.0,1.0,0,nan,nan,nan,0.0,-0.005004473950153852
2705,frozen,51,7,6,1,1,1.0,1.0,0,nan,nan,nan,0.0,-0.005004473950153852
2706,frozen,51,8,7,1,1,1.0,1.0,0,nan,nan,nan,0.0,-0.005004473950153852
2707,frozen,51,1,8,1,0,-1.0,-1.0,1,3,0,1,0.0,-0.005004473950153852
2708,frozen,51,4,5,1,1,1.0,1.0,0,nan,nan,nan,0.0,-0.005004473950153852
2709,frozen,51,0,4,0,0,-1.0,-1.0,1,1,0,0,0.0,-0.005004473950153852
2710,frozen,51,8,5,1,0,-1.0,-1.0,1,0,1,0,0.0,-0.005004473950153852
2711,frozen,51,8,5,1,0,-1.0,-1.0,1,0,1,0,0.0,-0.005004473950153852
2712,frozen,51,7,5,1,0,-1.0,-1.0,1,0,1,0,0.0,-0.005004473950153852
2713,frozen,51,7,5,1,0,-1.0,-1.0,1,0,1,0,0.0,-0.005004473950153852
2714,frozen,51,7,5,1,0,-1.0,-1.0,1,0,1,0,0.0,-0.005004473950153852
2715,frozen,51,8,3,0,0,-1.0,-1.0,1,0,1,0,0.0,-0.005004473950153852
2716,frozen,51,7,5,1,0,-1.0,-1.0,1,0,1,0,0.0,-0.005004473950153852
2717,frozen,51,2,5,1,0,-1.0,-1.0,1,0,1,0,0.0,-0.005004473950153852
2718,frozen,51,4,5,1,1,1.0,1.0,0,nan,nan,nan,0.0,-0.005004473950153852
2719,frozen,51,7,6,1,1,1.0,1.0,0,nan,nan,nan,0.0,-0.005004473950153852
2720,frozen,51,6,7,1,1,1.0,1.0,0,nan,nan,nan,0.0,-0.005004473950153852
2721,frozen,51,4,8,1,0,-1.0,-1.0,1,3,0,1,0.0,-0.005004473950153852
2722,frozen,51,3,3,0,1,1.0,1.0,0,nan,nan,nan,0.0,-0.005004473950153852
2723,frozen,51,1,2,0,1,1.0,1.0,0,nan,nan,nan,0.0,-0.005004473950153852
2724,frozen,51,7,3,1,0,-1.0,-1.0,1,2,0,0,0.0,-0.005004473950153852
2725,frozen,51,1,5,1,0,-1.0,-1.0,1,0,1,0,0.0,-0.005004473950153852
2726,frozen,51,6,5,1,1,1.0,1.0,0,nan,nan,nan,0.0,-0.005004473950153852
2727,frozen,51,5,6,1,1,1.0,1.0,0,nan,nan,nan,0.0,-0.005004473950153852
2728,frozen,51,3,7,1,0,-1.0,-1.0,1,2,0,0,0.0,-0.005004473950153852
2729,frozen,51,1,5,1,0,-1.0,-1.0,1,0,1,0,0.0,-0.005004473950153852
2730,frozen,51,2,3,0,1,1.0,1.0,0,nan,nan,nan,0.0,-0.005004473950153852
2731,frozen,51,3,4,1,1,1.0,1.0,0,nan,nan,nan,0.0,-0.005004473950153852
2732,frozen,51,0,5,1,0,-1.0,-1.0,1,2,0,0,0.0,-0.005004473950153852
2733,frozen,51,0,5,1,0,-1.0,-1.0,1,0,1,0,0.0,-0.005004473950153852
2734,frozen,51,0,5,1,0,-1.0,-1.0,1,0,1,0,0.0,-0.005004473950153852
2735,frozen,51,2,3,0,1,1.0,1.0,0,nan,nan,nan,0.0,-0.005004473950153852
2736,frozen,51,8,4,1,0,-1.0,-1.0,1,1,0,0,0.0,-0.005004473950153852
2737,frozen,51,5,5,1,1,1.0,1.0,0,nan,nan,nan,0.0,-0.005004473950153852
2738,frozen,51,0,6,1,0,-1.0,-1.0,1,1,0,0,0.0,-0.005004473950153852
2739,frozen,51,5,5,1,1,1.0,1.0,0,nan,nan,nan,0.0,-0.005004473950153852
2740,frozen,51,4,4,0,1,1.0,1.0,0,nan,nan,nan,0.0,-0.005004473950153852
2741,frozen,51,6,5,1,1,1.0,1.0,0,nan,nan,nan,0.0,-0.005004473950153852
2742,frozen,51,5,4,0,1,1.0,1.0,0,nan,nan,nan,0.0,-0.005004473950153852
2743,frozen,51,7,3,0,0,-1.0,-1.0,1,4,0,1,0.0,-0.005004473950153852
2744,frozen,51,2,3,0,1,1.0,1.0,0,nan,nan,nan,0.0,-0.005004473950153852
2745,frozen,51,3,2,0,1,1.0,1.0,0,nan,nan,nan,0.0,-0.005004473950153852
2746,frozen,51,2,3,1,1,1.0,1.0,0,nan,nan,nan,0.0,-0.005004473950153852
2747,frozen,51,0,4,1,0,-1.0,-1.0,1,3,0,1,0.0,-0.005004473950153852
2748,frozen,51,1,5,1,0,-1.0,-1.0,1,0,1,0,0.0,-0.005004473950153852
2749,frozen,51,1,5,1,0,-1.0,-1.0,1,0,1,0,0.0,-0.005004473950153852
2750,frozen,51,6,3,0,0,-1.0,-1.0,1,0,1,0,0.0,-0.005004473950153852
2751,frozen,51,2,5,1,0,-1.0,-1.0,1,0,1,0,0.0,-0.005004473950153852
2752,frozen,51,7,5,1,0,-1.0,-1.0,1,0,1,0,0.0,-0.005004473950153852
2753,frozen,51,3,3,0,1,1.0,1.0,0,nan,nan,nan,0.0,-0.005004473950153852
2754,frozen,51,8,4,1,0,-1.0,-1.0,1,1,0,0,0.0,-0.005004473950153852
2755,frozen,51,6,3,0,0,-1.0,-1.0,1,0,1,0,0.0,-0.005004473950153852
2756,frozen,51,5,5,1,1,1.0,1.0,0,nan,nan,nan,0.0,-0.005004473950153852
2757,frozen,51,8,6,1,0,-1.0,-1.0,1,1,0,0,0.0,-0.005004473950153852
2758,frozen,51,5,5,1,1,1.0,1.0,0,nan,nan,nan,0.0,-0.005004473950153852
2759,frozen,51,6,6,1,1,1.0,1.0,0,nan,nan,nan,0.0,-0.005004473950153852
2760,frozen,51,1,7,1,0,-1.0,-1.0,1,2,0,0,0.0,-0.005004473950153852
2761,frozen,51,7,5,1,0,-1.0,-1.0,1,0,1,0,0.0,-0.005004473950153852
2762,frozen,51,3,5,1,0,-1.0,-1.0,1,0,1,0,0.0,-0.005004473950153852
2763,frozen,51,2,5,1,0,-1.0,-1.0,1,0,1,0,0.0,-0.005004473950153852
2764,frozen,51,0,5,1,0,-1.0,-1.0,1,0,1,0,0.0,-0.005004473950153852
2765,frozen,51,3,3,0,1,1.0,1.0,0,nan,nan,nan,0.0,-0.005004473950153852
2766,frozen,51,4,4,1,1,1.0,1.0,0,nan,nan,nan,0.0,-0.005004473950153852
2767,frozen,51,3,5,1,0,-1.0,-1.0,1,2,0,0,0.0,-0.005004473950153852
2768,frozen,51,6,5,1,1,1.0,1.0,0,nan,nan,nan,0.0,-0.005004473950153852
2769,frozen,51,4,6,1,0,-1.0,-1.0,1,1,0,0,0.0,-0.005004473950153852
2770,frozen,51,1,5,1,0,-1.0,-1.0,1,0,1,0,0.0,-0.005004473950153852
2771,frozen,51,5,5,1,1,1.0,1.0,0,nan,nan,nan,0.0,-0.005004473950153852
2772,frozen,51,6,6,1,1,1.0,1.0,0,nan,nan,nan,0.0,-0.005004473950153852
2773,frozen,51,3,7,1,0,-1.0,-1.0,1,2,0,0,0.0,-0.005004473950153852
2774,frozen,51,0,5,1,0,-1.0,-1.0,1,0,1,0,0.0,-0.005004473950153852
2775,frozen,51,1,5,1,0,-1.0,-1.0,1,0,1,0,0.0,-0.005004473950153852
2776,frozen,51,6,5,1,1,1.0,1.0,0,nan,nan,nan,0.0,-0.005004473950153852
2777,frozen,51,2,6,1,0,-1.0,-1.0,1,1,0,0,0.0,-0.005004473950153852
2778,frozen,51,1,5,1,0,-1.0,-1.0,1,0,1,0,0.0,-0.005004473950153852
2779,frozen,51,0,3,0,0,-1.0,-1.0,1,0,1,0,0.0,-0.005004473950153852
2780,frozen,51,4,5,1,1,1.0,1.0,0,nan,nan,nan,0.0,-0.005004473950153852
2781,frozen,51,7,4,0,0,-1.0,-1.0,1,1,0,0,0.0,-0.005004473950153852
2782,frozen,51,2,3,0,1,1.0,1.0,0,nan,nan,nan,0.0,-0.005004473950153852
2783,frozen,51,0,4,1,0,-1.0,-1.0,1,1,0,0,0.0,-0.005004473950153852
2784,frozen,51,0,3,0,0,-1.0,-1.0,1,0,1,0,0.0,-0.005004473950153852
2785,frozen,51,4,5,1,1,1.0,1.0,0,nan,nan,nan,0.0,-0.005004473950153852
2786,frozen,51,6,6,1,1,1.0,1.0,0,nan,nan,nan,0.0,-0.005004473950153852
2787,frozen,51,3,7,1,0,-1.0,-1.0,1,2,0,0,0.0,-0.005004473950153852
2788,frozen,51,0,5,1,0,-1.0,-1.0,1,0,1,0,0.0,-0.005004473950153852
2789,frozen,51,8,3,0,0,-1.0,-1.0,1,0,1,0,0.0,-0.005004473950153852
2790,frozen,51,5,5,1,1,1.0,1.0,0,nan,nan,nan,0.0,-0.005004473950153852
2791,frozen,51,4,4,0,1,1.0,1.0,0,nan,nan,nan,0.0,-0.005004473950153852
2792,frozen,51,6,3,0,0,-1.0,-1.0,1,2,0,0,0.0,-0.005004473950153852
2793,frozen,51,6,3,0,0,-1.0,-1.0,1,0,1,0,0.0,-0.005004473950153852
2794,frozen,51,1,5,1,0,-1.0,-1.0,1,0,1,0,0.0,-0.005004473950153852
2795,frozen,51,5,5,1,1,1.0,1.0,0,nan,nan,nan,0.0,-0.005004473950153852
2796,frozen,51,0,4,0,0,-1.0,-1.0,1,1,0,0,0.0,-0.005004473950153852
2797,frozen,51,1,5,1,0,-1.0,-1.0,1,0,1,0,0.0,-0.005004473950153852
2798,frozen,51,3,3,0,1,1.0,1.0,0,nan,nan,nan,0.0,-0.005004473950153852
2799,frozen,51,0,4,1,0,-1.0,-1.0,1,1,0,0,0.0,-0.005004473950153852
2800,frozen,51,0,3,0,0,-1.0,-1.0,1,0,1,0,0.0,-0.005004473950153852
2801,frozen,51,3,3,0,1,1.0,1.0,0,nan,nan,nan,0.0,-0.005004473950153852
2802,frozen,51,6,4,1,0,-1.0,-1.0,1,1,0,0,0.0,-0.005004473950153852
2803,frozen,51,4,3,0,1,1.0,1.0,0,nan,nan,nan,0.0,-0.005004473950153852
2804,frozen,51,2,4,1,0,-1.0,-1.0,1,1,0,0,0.0,-0.005004473950153852
2805,frozen,51,7,5,1,0,-1.0,-1.0,1,0,1,0,0.0,-0.005004473950153852
2806,frozen,51,2,3,0,1,1.0,1.0,0,nan,nan,nan,0.0,-0.005004473950153852
2807,frozen,51,4,4,1,1,1.0,1.0,0,nan,nan,nan,0.0,-0.005004473950153852
2808,frozen,51,2,5,1,0,-1.0,-1.0,1,2,0,0,0.0,-0.005004473950153852
2809,frozen,51,3,3,0,1,1.0,1.0,0,nan,nan,nan,0.0,-0.005004473950153852
2810,frozen,51,3,2,0,1,1.0,1.0,0,nan,nan,nan,0.0,-0.005004473950153852
2811,frozen,51,5,3,1,0,-1.0,-1.0,1,2,0,0,0.0,-0.005004473950153852
2812,frozen,51,4,5,1,1,1.0,1.0,0,nan,nan,nan,0.0,-0.005004473950153852
2813,frozen,51,5,6,1,1,1.0,1.0,0,nan,nan,nan,0.0,-0.005004473950153852
2814,frozen,51,6,7,1,1,1.0,1.0,0,nan,nan,nan,0.0,-0.005004473950153852
2815,frozen,51,0,8,1,0,-1.0,-1.0,1,3,0,1,0.0,-0.005004473950153852
2816,frozen,51,3,3,0,1,1.0,1.0,0,nan,nan,nan,0.0,-0.005004473950153852
2817,frozen,51,2,2,0,1,1.0,1.0,0,nan,nan,nan,0.0,-0.005004473950153852
2818,frozen,51,3,3,1,1,1.0,1.0,0,nan,nan,nan,0.0,-0.005004473950153852
2819,frozen,51,1,4,1,0,-1.0,-1.0,1,3,0,1,0.0,-0.005004473950153852
2820,frozen,51,6,3,0,0,-1.0,-1.0,1,0,1,0,0.0,-0.005004473950153852
2821,frozen,51,5,5,1,1,1.0,1.0,0,nan,nan,nan,0.0,-0.005004473950153852
2822,frozen,51,5,4,0,1,1.0,1.0,0,nan,nan,nan,0.0,-0.005004473950153852
2823,frozen,51,5,5,1,1,1.0,1.0,0,nan,nan,nan,0.0,-0.005004473950153852
2824,frozen,51,8,6,1,0,-1.0,-1.0,1,3,0,1,0.0,-0.005004473950153852
2825,frozen,51,0,5,1,0,-1.0,-1.0,1,0,1,0,0.0,-0.005004473950153852
2826,frozen,51,5,5,1,1,1.0,1.0,0,nan,nan,nan,0.0,-0.005004473950153852
2827,frozen,51,7,6,1,1,1.0,1.0,0,nan,nan,nan,0.0,-0.005004473950153852
2828,frozen,51,6,5,0,1,1.0,1.0,0,nan,nan,nan,0.0,-0.005004473950153852
2829,frozen,51,1,4,0,0,-1.0,-1.0,1,3,0,1,0.0,-0.005004473950153852
2830,frozen,51,8,3,0,0,-1.0,-1.0,1,0,1,0,0.0,-0.005004473950153852
2831,frozen,51,0,5,1,0,-1.0,-1.0,1,0,1,0,0.0,-0.005004473950153852
2832,frozen,51,7,5,1,0,-1.0,-1.0,1,0,1,0,0.0,-0.005004473950153852
2833,frozen,51,6,5,1,1,1.0,1.0,0,nan,nan,nan,0.0,-0.005004473950153852
2834,frozen,51,1,6,1,0,-1.0,-1.0,1,1,0,0,0.0,-0.005004473950153852
2835,frozen,51,3,3,0,1,1.0,1.0,0,nan,nan,nan,0.0,-0.005004473950153852
2836,frozen,51,6,4,1,0,-1.0,-1.0,1,1,0,0,0.0,-0.005004473950153852
2837,frozen,51,2,5,1,0,-1.0,-1.0,1,0,1,0,0.0,-0.005004473950153852
2838,frozen,51,6,5,1,1,1.0,1.0,0,nan,nan,nan,0.0,-0.005004473950153852
2839,frozen,51,0,6,1,0,-1.0,-1.0,1,1,0,0,0.0,-0.005004473950153852
2840,frozen,51,1,5,1,0,-1.0,-1.0,1,0,1,0,0.0,-0.005004473950153852
2841,frozen,51,0,5,1,0,-1.0,-1.0,1,0,1,0,0.0,-0.005004473950153852
2842,frozen,51,6,5,1,1,1.0,1.0,0,nan,nan,nan,0.0,-0.005004473950153852
2843,frozen,51,4,4,0,1,1.0,1.0,0,nan,nan,nan,0.0,-0.005004473950153852
2844,frozen,51,6,5,1,1,1.0,1.0,0,nan,nan,nan,0.0,-0.005004473950153852
2845,frozen,51,7,6,1,1,1.0,1.0,0,nan,nan,nan,0.0,-0.005004473950153852
2846,frozen,51,0,7,1,0,-1.0,-1.0,1,4,0,1,0.0,-0.005004473950153852
2847,frozen,51,5,5,1,1,1.0,1.0,0,nan,nan,nan,0.0,-0.005004473950153852
2848,frozen,51,7,6,1,1,1.0,1.0,0,nan,nan,nan,0.0,-0.005004473950153852
2849,frozen,51,6,5,0,1,1.0,1.0,0,nan,nan,nan,0.0,-0.005004473950153852
2850,frozen,51,4,4,0,1,1.0,1.0,0,nan,nan,nan,0.0,-0.005004473950153852
2851,frozen,51,7,5,1,0,-1.0,-1.0,1,4,0,1,0.0,-0.005004473950153852
2852,frozen,51,5,5,1,1,1.0,1.0,0,nan,nan,nan,0.0,-0.005004473950153852
2853,frozen,51,5,6,1,1,1.0,1.0,0,nan,nan,nan,0.0,-0.005004473950153852
2854,frozen,51,5,5,0,1,1.0,1.0,0,nan,nan,nan,0.0,-0.005004473950153852
2855,frozen,51,6,6,1,1,1.0,1.0,0,nan,nan,nan,0.0,-0.005004473950153852
2856,frozen,51,5,5,0,1,1.0,1.0,0,nan,nan,nan,0.0,-0.005004473950153852
2857,frozen,51,4,6,1,0,-1.0,-1.0,1,5,0,1,0.0,-0.005004473950153852
2858,frozen,51,2,5,1,0,-1.0,-1.0,1,0,1,0,0.0,-0.005004473950153852
2859,frozen,51,0,5,1,0,-1.0,-1.0,1,0,1,0,0.0,-0.005004473950153852
2860,frozen,51,6,3,0,0,-1.0,-1.0,1,0,1,0,0.0,-0.005004473950153852
2861,frozen,51,5,5,1,1,1.0,1.0,0,nan,nan,nan,0.0,-0.005004473950153852
2862,frozen,51,6,6,1,1,1.0,1.0,0,nan,nan,nan,0.0,-0.005004473950153852
2863,frozen,51,6,7,1,1,1.0,1.0,0,nan,nan,nan,0.0,-0.005004473950153852
2864,frozen,51,8,8,1,1,1.0,1.0,0,nan,nan,nan,0.0,-0.005004473950153852
2865,frozen,51,2,8,1,0,-1.0,-1.0,1,4,0,1,0.0,-0.005004473950153852
2866,frozen,51,7,5,1,0,-1.0,-1.0,1,0,1,0,0.0,-0.005004473950153852
2867,frozen,51,6,5,1,1,1.0,1.0,0,nan,nan,nan,0.0,-0.005004473950153852
2868,frozen,51,8,6,1,0,-1.0,-1.0,1,1,0,0,0.0,-0.005004473950153852
2869,frozen,51,0,5,1,0,-1.0,-1.0,1,0,1,0,0.0,-0.005004473950153852
2870,frozen,51,3,3,0,1,1.0,1.0,0,nan,nan,nan,0.0,-0.005004473950153852
2871,frozen,51,2,2,0,1,1.0,1.0,0,nan,nan,nan,0.0,-0.005004473950153852
2872,frozen,51,7,1,0,0,-1.0,-1.0,1,2,0,0,0.0,-0.005004473950153852
2873,frozen,51,1,5,1,0,-1.0,-1.0,1,0,1,0,0.0,-0.005004473950153852
2874,frozen,51,8,5,1,0,-1.0,-1.0,1,0,1,0,0.0,-0.005004473950153852
2875,frozen,51,4,5,1,1,1.0,1.0,0,nan,nan,nan,0.0,-0.005004473950153852
2876,frozen,51,3,6,1,0,-1.0,-1.0,1,1,0,0,0.0,-0.005004473950153852
2877,frozen,51,0,5,1,0,-1.0,-1.0,1,0,1,0,0.0,-0.005004473950153852
2878,frozen,51,7,5,1,0,-1.0,-1.0,1,0,1,0,0.0,-0.005004473950153852
2879,frozen,51,0,5,1,0,-1.0,-1.0,1,0,1,0,0.0,-0.005004473950153852
2880,frozen,51,4,5,1,1,1.0,1.0,0,nan,nan,nan,0.0,-0.005004473950153852
2881,frozen,51,3,6,1,0,-1.0,-1.0,1,1,0,0,0.0,-0.005004473950153852
2882,frozen,51,6,5,1,1,1.0,1.0,0,nan,nan,nan,0.0,-0.005004473950153852
2883,frozen,51,6,6,1,1,1.0,1.0,0,nan,nan,nan,0.0,-0.005004473950153852
2884,frozen,51,2,5,0,0,-1.0,-1.0,1,2,0,0,0.0,-0.005004473950153852
2885,frozen,51,6,3,0,0,-1.0,-1.0,1,0,1,0,0.0,-0.005004473950153852
2886,frozen,51,2,5,1,0,-1.0,-1.0,1,0,1,0,0.0,-0.005004473950153852
2887,frozen,51,8,5,1,0,-1.0,-1.0,1,0,1,0,0.0,-0.005004473950153852
2888,frozen,51,3,3,0,1,1.0,1.0,0,nan,nan,nan,0.0,-0.005004473950153852
2889,frozen,51,7,4,1,0,-1.0,-1.0,1,1,0,0,0.0,-0.005004473950153852
2890,frozen,51,8,3,0,0,-1.0,-1.0,1,0,1,0,0.0,-0.005004473950153852
2891,frozen,51,7,5,1,0,-1.0,-1.0,1,0,1,0,0.0,-0.005004473950153852
2892,frozen,51,6,5,1,1,1.0,1.0,0,nan,nan,nan,0.0,-0.005004473950153852
2893,frozen,51,2,6,1,0,-1.0,-1.0,1,1,0,0,0.0,-0.005004473950153852
2894,frozen,51,1,3,0,0,-1.0,-1.0,1,0,1,0,0.0,-0.005004473950153852
2895,frozen,51,5,5,1,1,1.0,1.0,0,nan,nan,nan,0.0,-0.005004473950153852
2896,frozen,51,0,6,1,0,-1.0,-1.0,1,1,0,0,0.0,-0.005004473950153852
2897,frozen,51,2,3,0,1,1.0,1.0,0,nan,nan,nan,0.0,-0.005004473950153852
2898,frozen,51,6,4,1,0,-1.0,-1.0,1,1,0,0,0.0,-0.005004473950153852
2899,frozen,51,4,3,0,1,1.0,1.0,0,nan,nan,nan,0.0,-0.005004473950153852
2900,frozen,51,6,4,1,0,-1.0,-1.0,1,1,0,0,0.0,-0.005004473950153852
2901,frozen,51,3,3,0,1,1.0,1.0,0,nan,nan,nan,0.0,-0.005004473950153852
2902,frozen,51,2,2,0,1,1.0,1.0,0,nan,nan,nan,0.0,-0.005004473950153852
2903,frozen,51,7,3,1,0,-1.0,-1.0,1,2,0,0,0.0,-0.005004473950153852
2904,frozen,51,1,5,1,0,-1.0,-1.0,1,0,1,0,0.0,-0.005004473950153852
2905,frozen,51,7,5,1,0,-1.0,-1.0,1,0,1,0,0.0,-0.005004473950153852
2906,frozen,51,4,5,1,1,1.0,1.0,0,nan,nan,nan,0.0,-0.005004473950153852
2907,frozen,51,7,4,0,0,-1.0,-1.0,1,1,0,0,0.0,-0.005004473950153852
2908,frozen,51,6,5,1,1,1.0,1.0,0,nan,nan,nan,0.0,-0.005004473950153852
2909,frozen,51,7,6,1,1,1.0,1.0,0,nan,nan,nan,0.0,-0.005004473950153852
2910,frozen,51,8,5,0,0,-1.0,-1.0,1,2,0,0,0.0,-0.005004473950153852
2911,frozen,51,2,5,1,0,-1.0,-1.0,1,0,1,0,0.0,-0.005004473950153852
2912,frozen,51,4,3,0,1,1.0,1.0,0,nan,nan,nan,0.0,-0.005004473950153852
2913,frozen,51,4,4,1,1,1.0,1.0,0,nan,nan,nan,0.0,-0.005004473950153852
2914,frozen,51,3,3,0,1,1.0,1.0,0,nan,nan,nan,0.0,-0.005004473950153852
2915,frozen,51,5,2,0,0,-1.0,-1.0,1,3,0,1,0.0,-0.005004473950153852
2916,frozen,51,2,3,0,1,1.0,1.0,0,nan,nan,nan,0.0,-0.005004473950153852
2917,frozen,51,7,2,0,0,-1.0,-1.0,1,1,0,0,0.0,-0.005004473950153852
2918,frozen,51,3,3,0,1,1.0,1.0,0,nan,nan,nan,0.0,-0.005004473950153852
2919,frozen,51,8,4,1,0,-1.0,-1.0,1,1,0,0,0.0,-0.005004473950153852
2920,frozen,51,4,5,1,1,1.0,1.0,0,nan,nan,nan,0.0,-0.005004473950153852
2921,frozen,51,0,4,0,0,-1.0,-1.0,1,1,0,0,0.0,-0.005004473950153852
2922,frozen,51,6,5,1,1,1.0,1.0,0,nan,nan,nan,0.0,-0.005004473950153852
2923,frozen,51,2,6,1,0,-1.0,-1.0,1,1,0,0,0.0,-0.005004473950153852
2924,frozen,51,2,3,0,1,1.0,1.0,0,nan,nan,nan,0.0,-0.005004473950153852
2925,frozen,51,3,4,1,1,1.0,1.0,0,nan,nan,nan,0.0,-0.005004473950153852
2926,frozen,51,8,3,0,0,-1.0,-1.0,1,2,0,0,0.0,-0.005004473950153852
2927,frozen,51,4,5,1,1,1.0,1.0,0,nan,nan,nan,0.0,-0.005004473950153852
2928,frozen,51,5,4,0,1,1.0,1.0,0,nan,nan,nan,0.0,-0.005004473950153852
2929,frozen,51,0,3,0,0,-1.0,-1.0,1,2,0,0,0.0,-0.005004473950153852
2930,frozen,51,8,3,0,0,-1.0,-1.0,1,0,1,0,0.0,-0.005004473950153852
2931,frozen,51,4,3,0,1,1.0,1.0,0,nan,nan,nan,0.0,-0.005004473950153852
2932,frozen,51,6,4,1,0,-1.0,-1.0,1,1,0,0,0.0,-0.005004473950153852
2933,frozen,51,7,5,1,0,-1.0,-1.0,1,0,1,0,0.0,-0.005004473950153852
2934,frozen,51,7,5,1,0,-1.0,-1.0,1,0,1,0,0.0,-0.005004473950153852
2935,frozen,51,7,5,1,0,-1.0,-1.0,1,0,1,0,0.0,-0.005004473950153852
2936,frozen,51,2,3,0,1,1.0,1.0,0,nan,nan,nan,0.0,-0.005004473950153852
2937,frozen,51,8,4,1,0,-1.0,-1.0,1,1,0,0,0.0,-0.005004473950153852
2938,frozen,51,0,3,0,0,-1.0,-1.0,1,0,1,0,0.0,-0.005004473950153852
2939,frozen,51,7,5,1,0,-1.0,-1.0,1,0,1,0,0.0,-0.005004473950153852
2940,frozen,51,3,3,0,1,1.0,1.0,0,nan,nan,nan,0.0,-0.005004473950153852
2941,frozen,51,5,4,1,1,1.0,1.0,0,nan,nan,nan,0.0,-0.005004473950153852
2942,frozen,51,6,3,0,0,-1.0,-1.0,1,2,0,0,0.0,-0.005004473950153852
2943,frozen,51,0,5,1,0,-1.0,-1.0,1,0,1,0,0.0,-0.005004473950153852
2944,frozen,51,2,3,0,1,1.0,1.0,0,nan,nan,nan,0.0,-0.005004473950153852
2945,frozen,51,7,2,0,0,-1.0,-1.0,1,1,0,0,0.0,-0.005004473950153852
2946,frozen,51,0,3,0,0,-1.0,-1.0,1,0,1,0,0.0,-0.005004473950153852
2947,frozen,51,5,5,1,1,1.0,1.0,0,nan,nan,nan,0.0,-0.005004473950153852
2948,frozen,51,2,6,1,0,-1.0,-1.0,1,1,0,0,0.0,-0.005004473950153852
2949,frozen,51,1,5,1,0,-1.0,-1.0,1,0,1,0,0.0,-0.005004473950153852
2950,frozen,51,5,5,1,1,1.0,1.0,0,nan,nan,nan,0.0,-0.005004473950153852
2951,frozen,51,3,6,1,0,-1.0,-1.0,1,1,0,0,0.0,-0.005004473950153852
2952,frozen,51,5,5,1,1,1.0,1.0,0,nan,nan,nan,0.0,-0.005004473950153852
2953,frozen,51,5,4,0,1,1.0,1.0,0,nan,nan,nan,0.0,-0.005004473950153852
2954,frozen,51,2,3,0,1,1.0,1.0,0,nan,nan,nan,0.0,-0.005004473950153852
2955,frozen,51,3,2,0,1,1.0,1.0,0,nan,nan,nan,0.0,-0.005004473950153852
2956,frozen,51,4,3,1,1,1.0,1.0,0,nan,nan,nan,0.0,-0.005004473950153852
2957,frozen,51,5,4,1,1,1.0,1.0,0,nan,nan,nan,0.0,-0.005004473950153852
2958,frozen,51,5,5,1,1,1.0,1.0,0,nan,nan,nan,0.0,-0.005004473950153852
2959,frozen,51,7,4,0,0,-1.0,-1.0,1,7,0,1,0.0,-0.005004473950153852
2960,frozen,51,4,5,1,1,1.0,1.0,0,nan,nan,nan,0.0,-0.005004473950153852
2961,frozen,51,8,6,1,0,-1.0,-1.0,1,1,0,0,0.0,-0.005004473950153852
2962,frozen,51,0,5,1,0,-1.0,-1.0,1,0,1,0,0.0,-0.005004473950153852
2963,frozen,51,7,5,1,0,-1.0,-1.0,1,0,1,0,0.0,-0.005004473950153852
2964,frozen,51,5,5,1,1,1.0,1.0,0,nan,nan,nan,0.0,-0.005004473950153852
2965,frozen,51,4,4,0,1,1.0,1.0,0,nan,nan,nan,0.0,-0.005004473950153852
2966,frozen,51,4,3,0,1,1.0,1.0,0,nan,nan,nan,0.0,-0.005004473950153852
2967,frozen,51,0,4,1,0,-1.0,-1.0,1,3,0,1,0.0,-0.005004473950153852
2968,frozen,51,8,5,1,0,-1.0,-1.0,1,0,1,0,0.0,-0.005004473950153852
2969,frozen,51,4,5,1,1,1.0,1.0,0,nan,nan,nan,0.0,-0.005004473950153852
2970,frozen,51,3,6,1,0,-1.0,-1.0,1,1,0,0,0.0,-0.005004473950153852
2971,frozen,51,1,5,1,0,-1.0,-1.0,1,0,1,0,0.0,-0.005004473950153852
2972,frozen,51,6,5,1,1,1.0,1.0,0,nan,nan,nan,0.0,-0.005004473950153852
2973,frozen,51,7,4,0,0,-1.0,-1.0,1,1,0,0,0.0,-0.005004473950153852
2974,frozen,51,8,5,1,0,-1.0,-1.0,1,0,1,0,0.0,-0.005004473950153852
2975,frozen,51,1,5,1,0,-1.0,-1.0,1,0,1,0,0.0,-0.005004473950153852
2976,frozen,51,1,5,1,0,-1.0,-1.0,1,0,1,0,0.0,-0.005004473950153852
2977,frozen,51,0,3,0,0,-1.0,-1.0,1,0,1,0,0.0,-0.005004473950153852
2978,frozen,51,0,3,0,0,-1.0,-1.0,1,0,1,0,0.0,-0.005004473950153852
2979,frozen,51,3,3,0,1,1.0,1.0,0,nan,nan,nan,0.0,-0.005004473950153852
2980,frozen,51,4,4,1,1,1.0,1.0,0,nan,nan,nan,0.0,-0.005004473950153852
2981,frozen,51,4,3,0,1,1.0,1.0,0,nan,nan,nan,0.0,-0.005004473950153852
2982,frozen,51,6,2,0,0,-1.0,-1.0,1,3,0,1,0.0,-0.005004473950153852
2983,frozen,51,6,5,1,1,1.0,1.0,0,nan,nan,nan,0.0,-0.005004473950153852
2984,frozen,51,7,6,1,1,1.0,1.0,0,nan,nan,nan,0.0,-0.005004473950153852
2985,frozen,51,4,7,1,0,-1.0,-1.0,1,2,0,0,0.0,-0.005004473950153852
2986,frozen,51,8,5,1,0,-1.0,-1.0,1,0,1,0,0.0,-0.005004473950153852
2987,frozen,51,2,3,0,1,1.0,1.0,0,nan,nan,nan,0.0,-0.005004473950153852
2988,frozen,51,8,4,1,0,-1.0,-1.0,1,1,0,0,0.0,-0.005004473950153852
2989,frozen,51,2,5,1,0,-1.0,-1.0,1,0,1,0,0.0,-0.005004473950153852
2990,frozen,51,4,5,1,1,1.0,1.0,0,nan,nan,nan,0.0,-0.005004473950153852
2991,frozen,51,6,6,1,1,1.0,1.0,0,nan,nan,nan,0.0,-0.005004473950153852
2992,frozen,51,8,7,1,1,1.0,1.0,0,nan,nan,nan,0.0,-0.005004473950153852
2993,frozen,51,6,6,0,1,1.0,1.0,0,nan,nan,nan,0.0,-0.005004473950153852
2994,frozen,51,1,7,1,0,-1.0,-1.0,1,4,0,1,0.0,-0.005004473950153852
2995,frozen,51,5,5,1,1,1.0,1.0,0,nan,nan,nan,0.0,-0.005004473950153852
2996,frozen,51,4,4,0,1,1.0,1.0,0,nan,nan,nan,0.0,-0.005004473950153852
2997,frozen,51,8,5,1,0,-1.0,-1.0,1,2,0,0,0.0,-0.005004473950153852
2998,frozen,51,1,5,1,0,-1.0,-1.0,1,0,1,0,0.0,-0.005004473950153852
2999,frozen,51,2,3,0,1,1.0,1.0,0,nan,nan,nan,0.0,-0.005004473950153852
3000,frozen,51,8,4,1,0,-1.0,-1.0,1,1,0,0,0.0,-0.005004473950153852
