trial,condition,seed,ball,paddle,action,hit,natural_reward,reward_used,rally_ended,completed_rally_length,ace,long_rally,mean_abs_weight_change,mean_weight
1,frozen,46,4,5,1,1,1.0,1.0,0,nan,nan,nan,0.0,0.0013469771349361912
2,frozen,46,8,4,0,0,-1.0,-1.0,1,1,0,0,0.0,0.0013469771349361912
3,frozen,46,1,3,0,0,-1.0,-1.0,1,0,1,0,0.0,0.0013469771349361912
4,frozen,46,0,3,0,0,-1.0,-1.0,1,0,1,0,0.0,0.0013469771349361912
5,frozen,46,4,5,1,1,1.0,1.0,0,nan,nan,nan,0.0,0.0013469771349361912
6,frozen,46,2,4,0,0,-1.0,-1.0,1,1,0,0,0.0,0.0013469771349361912
7,frozen,46,2,5,1,0,-1.0,-1.0,1,0,1,0,0.0,0.0013469771349361912
8,frozen,46,5,5,1,1,1.0,1.0,0,nan,nan,nan,0.0,0.0013469771349361912
9,frozen,46,1,6,1,0,-1.0,-1.0,1,1,0,0,0.0,0.0013469771349361912
10,frozen,46,8,3,0,0,-1.0,-1.0,1,0,1,0,0.0,0.0013469771349361912
11,frozen,46,7,3,0,0,-1.0,-1.0,1,0,1,0,0.0,0.0013469771349361912
12,frozen,46,0,5,1,0,-1.0,-1.0,1,0,1,0,0.0,0.0013469771349361912
13,frozen,46,6,5,1,1,1.0,1.0,0,nan,nan,nan,0.0,0.0013469771349361912
14,frozen,46,5,6,1,1,1.0,1.0,0,nan,nan,nan,0.0,0.0013469771349361912
15,frozen,46,7,5,0,0,-1.0,-1.0,1,2,0,0,0.0,0.0013469771349361912
16,frozen,46,6,3,0,0,-1.0,-1.0,1,0,1,0,0.0,0.0013469771349361912
17,frozen,46,2,5,1,0,-1.0,-1.0,1,0,1,0,0.0,0.0013469771349361912
18,frozen,46,4,5,1,1,1.0,1.0,0,nan,nan,nan,0.0,0.0013469771349361912
19,frozen,46,4,6,1,0,-1.0,-1.0,1,1,0,0,0.0,0.0013469771349361912
20,frozen,46,6,3,0,0,-1.0,-1.0,1,0,1,0,0.0,0.0013469771349361912
21,frozen,46,6,5,1,1,1.0,1.0,0,nan,nan,nan,0.0,0.0013469771349361912
22,frozen,46,7,4,0,0,-1.0,-1.0,1,1,0,0,0.0,0.0013469771349361912
23,frozen,46,5,3,0,0,-1.0,-1.0,1,0,1,0,0.0,0.0013469771349361912
24,frozen,46,4,5,1,1,1.0,1.0,0,nan,nan,nan,0.0,0.0013469771349361912
25,frozen,46,4,6,1,0,-1.0,-1.0,1,1,0,0,0.0,0.0013469771349361912
26,frozen,46,7,3,0,0,-1.0,-1.0,1,0,1,0,0.0,0.0013469771349361912
27,frozen,46,6,5,1,1,1.0,1.0,0,nan,nan,nan,0.0,0.0013469771349361912
28,frozen,46,0,6,1,0,-1.0,-1.0,1,1,0,0,0.0,0.0013469771349361912
29,frozen,46,5,3,0,0,-1.0,-1.0,1,0,1,0,0.0,0.0013469771349361912
30,frozen,46,6,3,0,0,-1.0,-1.0,1,0,1,0,0.0,0.0013469771349361912
31,frozen,46,1,3,0,0,-1.0,-1.0,1,0,1,0,0.0,0.0013469771349361912
32,frozen,46,6,5,1,1,1.0,1.0,0,nan,nan,nan,0.0,0.0013469771349361912
33,frozen,46,7,6,1,1,1.0,1.0,0,nan,nan,nan,0.0,0.0013469771349361912
34,frozen,46,0,5,0,0,-1.0,-1.0,1,2,0,0,0.0,0.0013469771349361912
35,frozen,46,8,5,1,0,-1.0,-1.0,1,0,1,0,0.0,0.0013469771349361912
36,frozen,46,0,3,0,0,-1.0,-1.0,1,0,1,0,0.0,0.0013469771349361912
37,frozen,46,2,5,1,0,-1.0,-1.0,1,0,1,0,0.0,0.0013469771349361912
38,frozen,46,3,5,1,0,-1.0,-1.0,1,0,1,0,0.0,0.0013469771349361912
39,frozen,46,2,5,1,0,-1.0,-1.0,1,0,1,0,0.0,0.0013469771349361912
40,frozen,46,2,5,1,0,-1.0,-1.0,1,0,1,0,0.0,0.0013469771349361912
41,frozen,46,7,3,0,0,-1.0,-1.0,1,0,1,0,0.0,0.0013469771349361912
42,frozen,46,2,5,1,0,-1.0,-1.0,1,0,1,0,0.0,0.0013469771349361912
43,frozen,46,2,5,1,0,-1.0,-1.0,1,0,1,0,0.0,0.0013469771349361912
44,frozen,46,7,3,0,0,-1.0,-1.0,1,0,1,0,0.0,0.0013469771349361912
45,frozen,46,8,5,1,0,-1.0,-1.0,1,0,1,0,0.0,0.0013469771349361912
46,frozen,46,0,5,1,0,-1.0,-1.0,1,0,1,0,0.0,0.0013469771349361912
47,frozen,46,2,5,1,0,-1.0,-1.0,1,0,1,0,0.0,0.0013469771349361912
48,frozen,46,1,3,0,0,-1.0,-1.0,1,0,1,0,0.0,0.0013469771349361912
49,frozen,46,3,5,1,0,-1.0,-1.0,1,0,1,0,0.0,0.0013469771349361912
50,frozen,46,5,3,0,0,-1.0,-1.0,1,0,1,0,0.0,0.0013469771349361912
51,frozen,46,5,3,0,0,-1.0,-1.0,1,0,1,0,0.0,0.0013469771349361912
52,frozen,46,4,5,1,1,1.0,1.0,0,nan,nan,nan,0.0,0.0013469771349361912
53,frozen,46,0,4,0,0,-1.0,-1.0,1,1,0,0,0.0,0.0013469771349361912
54,frozen,46,4,5,1,1,1.0,1.0,0,nan,nan,nan,0.0,0.0013469771349361912
55,frozen,46,1,6,1,0,-1.0,-1.0,1,1,0,0,0.0,0.0013469771349361912
56,frozen,46,6,5,1,1,1.0,1.0,0,nan,nan,nan,0.0,0.0013469771349361912
57,frozen,46,2,6,1,0,-1.0,-1.0,1,1,0,0,0.0,0.0013469771349361912
58,frozen,46,0,3,0,0,-1.0,-1.0,1,0,1,0,0.0,0.0013469771349361912
59,frozen,46,8,3,0,0,-1.0,-1.0,1,0,1,0,0.0,0.0013469771349361912
60,frozen,46,6,5,1,1,1.0,1.0,0,nan,nan,nan,0.0,0.0013469771349361912
61,frozen,46,5,6,1,1,1.0,1.0,0,nan,nan,nan,0.0,0.0013469771349361912
62,frozen,46,5,7,1,0,-1.0,-1.0,1,2,0,0,0.0,0.0013469771349361912
63,frozen,46,6,5,1,1,1.0,1.0,0,nan,nan,nan,0.0,0.0013469771349361912
64,frozen,46,8,4,0,0,-1.0,-1.0,1,1,0,0,0.0,0.0013469771349361912
65,frozen,46,7,3,0,0,-1.0,-1.0,1,0,1,0,0.0,0.0013469771349361912
66,frozen,46,5,3,0,0,-1.0,-1.0,1,0,1,0,0.0,0.0013469771349361912
67,frozen,46,8,3,0,0,-1.0,-1.0,1,0,1,0,0.0,0.0013469771349361912
68,frozen,46,8,3,0,0,-1.0,-1.0,1,0,1,0,0.0,0.0013469771349361912
69,frozen,46,7,3,0,0,-1.0,-1.0,1,0,1,0,0.0,0.0013469771349361912
70,frozen,46,4,5,1,1,1.0,1.0,0,nan,nan,nan,0.0,0.0013469771349361912
71,frozen,46,4,6,1,0,-1.0,-1.0,1,1,0,0,0.0,0.0013469771349361912
72,frozen,46,6,5,1,1,1.0,1.0,0,nan,nan,nan,0.0,0.0013469771349361912
73,frozen,46,1,6,1,0,-1.0,-1.0,1,1,0,0,0.0,0.0013469771349361912
74,frozen,46,0,3,0,0,-1.0,-1.0,1,0,1,0,0.0,0.0013469771349361912
75,frozen,46,5,5,1,1,1.0,1.0,0,nan,nan,nan,0.0,0.0013469771349361912
76,frozen,46,2,6,1,0,-1.0,-1.0,1,1,0,0,0.0,0.0013469771349361912
77,frozen,46,6,3,0,0,-1.0,-1.0,1,0,1,0,0.0,0.0013469771349361912
78,frozen,46,1,5,1,0,-1.0,-1.0,1,0,1,0,0.0,0.0013469771349361912
79,frozen,46,6,3,0,0,-1.0,-1.0,1,0,1,0,0.0,0.0013469771349361912
80,frozen,46,4,5,1,1,1.0,1.0,0,nan,nan,nan,0.0,0.0013469771349361912
81,frozen,46,3,6,1,0,-1.0,-1.0,1,1,0,0,0.0,0.0013469771349361912
82,frozen,46,4,5,1,1,1.0,1.0,0,nan,nan,nan,0.0,0.0013469771349361912
83,frozen,46,1,4,0,0,-1.0,-1.0,1,1,0,0,0.0,0.0013469771349361912
84,frozen,46,1,5,1,0,-1.0,-1.0,1,0,1,0,0.0,0.0013469771349361912
85,frozen,46,2,5,1,0,-1.0,-1.0,1,0,1,0,0.0,0.0013469771349361912
86,frozen,46,4,5,1,1,1.0,1.0,0,nan,nan,nan,0.0,0.0013469771349361912
87,frozen,46,1,6,1,0,-1.0,-1.0,1,1,0,0,0.0,0.0013469771349361912
88,frozen,46,1,3,0,0,-1.0,-1.0,1,0,1,0,0.0,0.0013469771349361912
89,frozen,46,4,5,1,1,1.0,1.0,0,nan,nan,nan,0.0,0.0013469771349361912
90,frozen,46,4,6,1,0,-1.0,-1.0,1,1,0,0,0.0,0.0013469771349361912
91,frozen,46,3,5,1,0,-1.0,-1.0,1,0,1,0,0.0,0.0013469771349361912
92,frozen,46,8,3,0,0,-1.0,-1.0,1,0,1,0,0.0,0.0013469771349361912
93,frozen,46,6,3,0,0,-1.0,-1.0,1,0,1,0,0.0,0.0013469771349361912
94,frozen,46,4,5,1,1,1.0,1.0,0,nan,nan,nan,0.0,0.0013469771349361912
95,frozen,46,2,6,1,0,-1.0,-1.0,1,1,0,0,0.0,0.0013469771349361912
96,frozen,46,4,5,1,1,1.0,1.0,0,nan,nan,nan,0.0,0.0013469771349361912
97,frozen,46,4,4,0,1,1.0,1.0,0,nan,nan,nan,0.0,0.0013469771349361912
98,frozen,46,4,5,1,1,1.0,1.0,0,nan,nan,nan,0.0,0.0013469771349361912
99,frozen,46,7,6,1,1,1.0,1.0,0,nan,nan,nan,0.0,0.0013469771349361912
100,frozen,46,2,7,1,0,-1.0,-1.0,1,4,0,1,0.0,0.0013469771349361912
101,frozen,46,8,3,0,0,-1.0,-1.0,1,0,1,0,0.0,0.0013469771349361912
102,frozen,46,5,3,0,0,-1.0,-1.0,1,0,1,0,0.0,0.0013469771349361912
103,frozen,46,2,5,1,0,-1.0,-1.0,1,0,1,0,0.0,0.0013469771349361912
104,frozen,46,1,3,0,0,-1.0,-1.0,1,0,1,0,0.0,0.0013469771349361912
105,frozen,46,0,5,1,0,-1.0,-1.0,1,0,1,0,0.0,0.0013469771349361912
106,frozen,46,0,3,0,0,-1.0,-1.0,1,0,1,0,0.0,0.0013469771349361912
107,frozen,46,7,3,0,0,-1.0,-1.0,1,0,1,0,0.0,0.0013469771349361912
108,frozen,46,4,5,1,1,1.0,1.0,0,nan,nan,nan,0.0,0.0013469771349361912
109,frozen,46,5,6,1,1,1.0,1.0,0,nan,nan,nan,0.0,0.0013469771349361912
110,frozen,46,1,7,1,0,-1.0,-1.0,1,2,0,0,0.0,0.0013469771349361912
111,frozen,46,4,5,1,1,1.0,1.0,0,nan,nan,nan,0.0,0.0013469771349361912
112,frozen,46,6,6,1,1,1.0,1.0,0,nan,nan,nan,0.0,0.0013469771349361912
113,frozen,46,4,7,1,0,-1.0,-1.0,1,2,0,0,0.0,0.0013469771349361912
114,frozen,46,5,3,0,0,-1.0,-1.0,1,0,1,0,0.0,0.0013469771349361912
115,frozen,46,2,5,1,0,-1.0,-1.0,1,0,1,0,0.0,0.0013469771349361912
116,frozen,46,4,5,1,1,1.0,1.0,0,nan,nan,nan,0.0,0.0013469771349361912
117,frozen,46,3,6,1,0,-1.0,-1.0,1,1,0,0,0.0,0.0013469771349361912
118,frozen,46,1,5,1,0,-1.0,-1.0,1,0,1,0,0.0,0.0013469771349361912
119,frozen,46,8,5,1,0,-1.0,-1.0,1,0,1,0,0.0,0.0013469771349361912
120,frozen,46,3,3,0,1,1.0,1.0,0,nan,nan,nan,0.0,0.0013469771349361912
121,frozen,46,2,4,1,0,-1.0,-1.0,1,1,0,0,0.0,0.0013469771349361912
122,frozen,46,8,5,1,0,-1.0,-1.0,1,0,1,0,0.0,0.0013469771349361912
123,frozen,46,3,3,0,1,1.0,1.0,0,nan,nan,nan,0.0,0.0013469771349361912
124,frozen,46,6,2,0,0,-1.0,-1.0,1,1,0,0,0.0,0.0013469771349361912
125,frozen,46,7,3,0,0,-1.0,-1.0,1,0,1,0,0.0,0.0013469771349361912
126,frozen,46,7,3,0,0,-1.0,-1.0,1,0,1,0,0.0,0.0013469771349361912
127,frozen,46,5,5,1,1,1.0,1.0,0,nan,nan,nan,0.0,0.0013469771349361912
128,frozen,46,1,6,1,0,-1.0,-1.0,1,1,0,0,0.0,0.0013469771349361912
129,frozen,46,8,5,1,0,-1.0,-1.0,1,0,1,0,0.0,0.0013469771349361912
130,frozen,46,8,5,1,0,-1.0,-1.0,1,0,1,0,0.0,0.0013469771349361912
131,frozen,46,5,5,1,1,1.0,1.0,0,nan,nan,nan,0.0,0.0013469771349361912
132,frozen,46,3,6,1,0,-1.0,-1.0,1,1,0,0,0.0,0.0013469771349361912
133,frozen,46,0,5,1,0,-1.0,-1.0,1,0,1,0,0.0,0.0013469771349361912
134,frozen,46,3,3,0,1,1.0,1.0,0,nan,nan,nan,0.0,0.0013469771349361912
135,frozen,46,6,2,0,0,-1.0,-1.0,1,1,0,0,0.0,0.0013469771349361912
136,frozen,46,3,3,0,1,1.0,1.0,0,nan,nan,nan,0.0,0.0013469771349361912
137,frozen,46,2,4,1,0,-1.0,-1.0,1,1,0,0,0.0,0.0013469771349361912
138,frozen,46,0,5,1,0,-1.0,-1.0,1,0,1,0,0.0,0.0013469771349361912
139,frozen,46,5,5,1,1,1.0,1.0,0,nan,nan,nan,0.0,0.0013469771349361912
140,frozen,46,6,4,0,0,-1.0,-1.0,1,1,0,0,0.0,0.0013469771349361912
141,frozen,46,6,3,0,0,-1.0,-1.0,1,0,1,0,0.0,0.0013469771349361912
142,frozen,46,2,5,1,0,-1.0,-1.0,1,0,1,0,0.0,0.0013469771349361912
143,frozen,46,7,3,0,0,-1.0,-1.0,1,0,1,0,0.0,0.0013469771349361912
144,frozen,46,4,5,1,1,1.0,1.0,0,nan,nan,nan,0.0,0.0013469771349361912
145,frozen,46,3,6,1,0,-1.0,-1.0,1,1,0,0,0.0,0.0013469771349361912
146,frozen,46,8,5,1,0,-1.0,-1.0,1,0,1,0,0.0,0.0013469771349361912
147,frozen,46,4,5,1,1,1.0,1.0,0,nan,nan,nan,0.0,0.0013469771349361912
148,frozen,46,5,6,1,1,1.0,1.0,0,nan,nan,nan,0.0,0.0013469771349361912
149,frozen,46,4,7,1,0,-1.0,-1.0,1,2,0,0,0.0,0.0013469771349361912
150,frozen,46,8,5,1,0,-1.0,-1.0,1,0,1,0,0.0,0.0013469771349361912
151,frozen,46,4,5,1,1,1.0,1.0,0,nan,nan,nan,0.0,0.0013469771349361912
152,frozen,46,1,6,1,0,-1.0,-1.0,1,1,0,0,0.0,0.0013469771349361912
153,frozen,46,1,5,1,0,-1.0,-1.0,1,0,1,0,0.0,0.0013469771349361912
154,frozen,46,3,3,0,1,1.0,1.0,0,nan,nan,nan,0.0,0.0013469771349361912
155,frozen,46,7,2,0,0,-1.0,-1.0,1,1,0,0,0.0,0.0013469771349361912
156,frozen,46,6,5,1,1,1.0,1.0,0,nan,nan,nan,0.0,0.0013469771349361912
157,frozen,46,1,6,1,0,-1.0,-1.0,1,1,0,0,0.0,0.0013469771349361912
158,frozen,46,2,5,1,0,-1.0,-1.0,1,0,1,0,0.0,0.0013469771349361912
159,frozen,46,6,5,1,1,1.0,1.0,0,nan,nan,nan,0.0,0.0013469771349361912
160,frozen,46,4,4,0,1,1.0,1.0,0,nan,nan,nan,0.0,0.0013469771349361912
161,frozen,46,5,3,0,0,-1.0,-1.0,1,2,0,0,0.0,0.0013469771349361912
162,frozen,46,0,5,1,0,-1.0,-1.0,1,0,1,0,0.0,0.0013469771349361912
163,frozen,46,2,5,1,0,-1.0,-1.0,1,0,1,0,0.0,0.0013469771349361912
164,frozen,46,5,5,1,1,1.0,1.0,0,nan,nan,nan,0.0,0.0013469771349361912
165,frozen,46,1,4,0,0,-1.0,-1.0,1,1,0,0,0.0,0.0013469771349361912
166,frozen,46,4,5,1,1,1.0,1.0,0,nan,nan,nan,0.0,0.0013469771349361912
167,frozen,46,3,6,1,0,-1.0,-1.0,1,1,0,0,0.0,0.0013469771349361912
168,frozen,46,8,5,1,0,-1.0,-1.0,1,0,1,0,0.0,0.0013469771349361912
169,frozen,46,8,5,1,0,-1.0,-1.0,1,0,1,0,0.0,0.0013469771349361912
170,frozen,46,3,5,1,0,-1.0,-1.0,1,0,1,0,0.0,0.0013469771349361912
171,frozen,46,3,3,0,1,1.0,1.0,0,nan,nan,nan,0.0,0.0013469771349361912
172,frozen,46,4,4,1,1,1.0,1.0,0,nan,nan,nan,0.0,0.0013469771349361912
173,frozen,46,1,3,0,0,-1.0,-1.0,1,2,0,0,0.0,0.0013469771349361912
174,frozen,46,5,5,1,1,1.0,1.0,0,nan,nan,nan,0.0,0.0013469771349361912
175,frozen,46,7,4,0,0,-1.0,-1.0,1,1,0,0,0.0,0.0013469771349361912
176,frozen,46,6,3,0,0,-1.0,-1.0,1,0,1,0,0.0,0.0013469771349361912
177,frozen,46,6,3,0,0,-1.0,-1.0,1,0,1,0,0.0,0.0013469771349361912
178,frozen,46,2,5,1,0,-1.0,-1.0,1,0,1,0,0.0,0.0013469771349361912
179,frozen,46,5,5,1,1,1.0,1.0,0,nan,nan,nan,0.0,0.0013469771349361912
180,frozen,46,5,6,1,1,1.0,1.0,0,nan,nan,nan,0.0,0.0013469771349361912
181,frozen,46,6,7,1,1,1.0,1.0,0,nan,nan,nan,0.0,0.0013469771349361912
182,frozen,46,2,6,0,0,-1.0,-1.0,1,3,0,1,0.0,0.0013469771349361912
183,frozen,46,0,5,1,0,-1.0,-1.0,1,0,1,0,0.0,0.0013469771349361912
184,frozen,46,0,5,1,0,-1.0,-1.0,1,0,1,0,0.0,0.0013469771349361912
185,frozen,46,8,5,1,0,-1.0,-1.0,1,0,1,0,0.0,0.0013469771349361912
186,frozen,46,8,5,1,0,-1.0,-1.0,1,0,1,0,0.0,0.0013469771349361912
187,frozen,46,4,5,1,1,1.0,1.0,0,nan,nan,nan,0.0,0.0013469771349361912
188,frozen,46,7,6,1,1,1.0,1.0,0,nan,nan,nan,0.0,0.0013469771349361912
189,frozen,46,3,5,0,0,-1.0,-1.0,1,2,0,0,0.0,0.0013469771349361912
190,frozen,46,3,3,0,1,1.0,1.0,0,nan,nan,nan,0.0,0.0013469771349361912
191,frozen,46,1,2,0,1,1.0,1.0,0,nan,nan,nan,0.0,0.0013469771349361912
192,frozen,46,0,3,1,0,-1.0,-1.0,1,2,0,0,0.0,0.0013469771349361912
193,frozen,46,1,5,1,0,-1.0,-1.0,1,0,1,0,0.0,0.0013469771349361912
194,frozen,46,4,5,1,1,1.0,1.0,0,nan,nan,nan,0.0,0.0013469771349361912
195,frozen,46,5,6,1,1,1.0,1.0,0,nan,nan,nan,0.0,0.0013469771349361912
196,frozen,46,4,7,1,0,-1.0,-1.0,1,2,0,0,0.0,0.0013469771349361912
197,frozen,46,3,5,1,0,-1.0,-1.0,1,0,1,0,0.0,0.0013469771349361912
198,frozen,46,5,3,0,0,-1.0,-1.0,1,0,1,0,0.0,0.0013469771349361912
199,frozen,46,2,5,1,0,-1.0,-1.0,1,0,1,0,0.0,0.0013469771349361912
200,frozen,46,3,5,1,0,-1.0,-1.0,1,0,1,0,0.0,0.0013469771349361912
201,frozen,46,4,5,1,1,1.0,1.0,0,nan,nan,nan,0.0,0.0013469771349361912
202,frozen,46,6,4,0,0,-1.0,-1.0,1,1,0,0,0.0,0.0013469771349361912
203,frozen,46,0,3,0,0,-1.0,-1.0,1,0,1,0,0.0,0.0013469771349361912
204,frozen,46,6,5,1,1,1.0,1.0,0,nan,nan,nan,0.0,0.0013469771349361912
205,frozen,46,4,4,0,1,1.0,1.0,0,nan,nan,nan,0.0,0.0013469771349361912
206,frozen,46,4,5,1,1,1.0,1.0,0,nan,nan,nan,0.0,0.0013469771349361912
207,frozen,46,6,4,0,0,-1.0,-1.0,1,3,0,1,0.0,0.0013469771349361912
208,frozen,46,1,5,1,0,-1.0,-1.0,1,0,1,0,0.0,0.0013469771349361912
209,frozen,46,4,5,1,1,1.0,1.0,0,nan,nan,nan,0.0,0.0013469771349361912
210,frozen,46,0,4,0,0,-1.0,-1.0,1,1,0,0,0.0,0.0013469771349361912
211,frozen,46,7,3,0,0,-1.0,-1.0,1,0,1,0,0.0,0.0013469771349361912
212,frozen,46,3,5,1,0,-1.0,-1.0,1,0,1,0,0.0,0.0013469771349361912
213,frozen,46,6,5,1,1,1.0,1.0,0,nan,nan,nan,0.0,0.0013469771349361912
214,frozen,46,7,6,1,1,1.0,1.0,0,nan,nan,nan,0.0,0.0013469771349361912
215,frozen,46,5,5,0,1,1.0,1.0,0,nan,nan,nan,0.0,0.0013469771349361912
216,frozen,46,3,6,1,0,-1.0,-1.0,1,3,0,1,0.0,0.0013469771349361912
217,frozen,46,2,5,1,0,-1.0,-1.0,1,0,1,0,0.0,0.0013469771349361912
218,frozen,46,2,5,1,0,-1.0,-1.0,1,0,1,0,0.0,0.0013469771349361912
219,frozen,46,1,3,0,0,-1.0,-1.0,1,0,1,0,0.0,0.0013469771349361912
220,frozen,46,3,5,1,0,-1.0,-1.0,1,0,1,0,0.0,0.0013469771349361912
221,frozen,46,5,5,1,1,1.0,1.0,0,nan,nan,nan,0.0,0.0013469771349361912
222,frozen,46,5,4,0,1,1.0,1.0,0,nan,nan,nan,0.0,0.0013469771349361912
223,frozen,46,8,3,0,0,-1.0,-1.0,1,2,0,0,0.0,0.0013469771349361912
224,frozen,46,2,5,1,0,-1.0,-1.0,1,0,1,0,0.0,0.0013469771349361912
225,frozen,46,1,3,0,0,-1.0,-1.0,1,0,1,0,0.0,0.0013469771349361912
226,frozen,46,6,3,0,0,-1.0,-1.0,1,0,1,0,0.0,0.0013469771349361912
227,frozen,46,4,5,1,1,1.0,1.0,0,nan,nan,nan,0.0,0.0013469771349361912
228,frozen,46,0,4,0,0,-1.0,-1.0,1,1,0,0,0.0,0.0013469771349361912
229,frozen,46,8,5,1,0,-1.0,-1.0,1,0,1,0,0.0,0.0013469771349361912
230,frozen,46,7,3,0,0,-1.0,-1.0,1,0,1,0,0.0,0.0013469771349361912
231,frozen,46,6,5,1,1,1.0,1.0,0,nan,nan,nan,0.0,0.0013469771349361912
232,frozen,46,0,6,1,0,-1.0,-1.0,1,1,0,0,0.0,0.0013469771349361912
233,frozen,46,0,3,0,0,-1.0,-1.0,1,0,1,0,0.0,0.0013469771349361912
234,frozen,46,1,3,0,0,-1.0,-1.0,1,0,1,0,0.0,0.0013469771349361912
235,frozen,46,6,5,1,1,1.0,1.0,0,nan,nan,nan,0.0,0.0013469771349361912
236,frozen,46,4,6,1,0,-1.0,-1.0,1,1,0,0,0.0,0.0013469771349361912
237,frozen,46,1,5,1,0,-1.0,-1.0,1,0,1,0,0.0,0.0013469771349361912
238,frozen,46,4,5,1,1,1.0,1.0,0,nan,nan,nan,0.0,0.0013469771349361912
239,frozen,46,6,6,1,1,1.0,1.0,0,nan,nan,nan,0.0,0.0013469771349361912
240,frozen,46,4,7,1,0,-1.0,-1.0,1,2,0,0,0.0,0.0013469771349361912
241,frozen,46,5,3,0,0,-1.0,-1.0,1,0,1,0,0.0,0.0013469771349361912
242,frozen,46,4,5,1,1,1.0,1.0,0,nan,nan,nan,0.0,0.0013469771349361912
243,frozen,46,5,6,1,1,1.0,1.0,0,nan,nan,nan,0.0,0.0013469771349361912
244,frozen,46,1,7,1,0,-1.0,-1.0,1,2,0,0,0.0,0.0013469771349361912
245,frozen,46,4,5,1,1,1.0,1.0,0,nan,nan,nan,0.0,0.0013469771349361912
246,frozen,46,2,6,1,0,-1.0,-1.0,1,1,0,0,0.0,0.0013469771349361912
247,frozen,46,7,3,0,0,-1.0,-1.0,1,0,1,0,0.0,0.0013469771349361912
248,frozen,46,5,5,1,1,1.0,1.0,0,nan,nan,nan,0.0,0.0013469771349361912
249,frozen,46,0,6,1,0,-1.0,-1.0,1,1,0,0,0.0,0.0013469771349361912
250,frozen,46,4,5,1,1,1.0,1.0,0,nan,nan,nan,0.0,0.0013469771349361912
251,frozen,46,3,6,1,0,-1.0,-1.0,1,1,0,0,0.0,0.0013469771349361912
252,frozen,46,6,3,0,0,-1.0,-1.0,1,0,1,0,0.0,0.0013469771349361912
253,frozen,46,7,3,0,0,-1.0,-1.0,1,0,1,0,0.0,0.0013469771349361912
254,frozen,46,2,5,1,0,-1.0,-1.0,1,0,1,0,0.0,0.0013469771349361912
255,frozen,46,4,5,1,1,1.0,1.0,0,nan,nan,nan,0.0,0.0013469771349361912
256,frozen,46,1,4,0,0,-1.0,-1.0,1,1,0,0,0.0,0.0013469771349361912
257,frozen,46,8,3,0,0,-1.0,-1.0,1,0,1,0,0.0,0.0013469771349361912
258,frozen,46,6,5,1,1,1.0,1.0,0,nan,nan,nan,0.0,0.0013469771349361912
259,frozen,46,4,4,0,1,1.0,1.0,0,nan,nan,nan,0.0,0.0013469771349361912
260,frozen,46,1,5,1,0,-1.0,-1.0,1,2,0,0,0.0,0.0013469771349361912
261,frozen,46,0,3,0,0,-1.0,-1.0,1,0,1,0,0.0,0.0013469771349361912
262,frozen,46,6,3,0,0,-1.0,-1.0,1,0,1,0,0.0,0.0013469771349361912
263,frozen,46,2,5,1,0,-1.0,-1.0,1,0,1,0,0.0,0.0013469771349361912
264,frozen,46,5,5,1,1,1.0,1.0,0,nan,nan,nan,0.0,0.0013469771349361912
265,frozen,46,2,4,0,0,-1.0,-1.0,1,1,0,0,0.0,0.0013469771349361912
266,frozen,46,6,3,0,0,-1.0,-1.0,1,0,1,0,0.0,0.0013469771349361912
267,frozen,46,5,3,0,0,-1.0,-1.0,1,0,1,0,0.0,0.0013469771349361912
268,frozen,46,6,5,1,1,1.0,1.0,0,nan,nan,nan,0.0,0.0013469771349361912
269,frozen,46,0,4,0,0,-1.0,-1.0,1,1,0,0,0.0,0.0013469771349361912
270,frozen,46,3,5,1,0,-1.0,-1.0,1,0,1,0,0.0,0.0013469771349361912
271,frozen,46,2,5,1,0,-1.0,-1.0,1,0,1,0,0.0,0.0013469771349361912
272,frozen,46,2,5,1,0,-1.0,-1.0,1,0,1,0,0.0,0.0013469771349361912
273,frozen,46,3,5,1,0,-1.0,-1.0,1,0,1,0,0.0,0.0013469771349361912
274,frozen,46,3,5,1,0,-1.0,-1.0,1,0,1,0,0.0,0.0013469771349361912
275,frozen,46,7,3,0,0,-1.0,-1.0,1,0,1,0,0.0,0.0013469771349361912
276,frozen,46,1,5,1,0,-1.0,-1.0,1,0,1,0,0.0,0.0013469771349361912
277,frozen,46,8,3,0,0,-1.0,-1.0,1,0,1,0,0.0,0.0013469771349361912
278,frozen,46,0,3,0,0,-1.0,-1.0,1,0,1,0,0.0,0.0013469771349361912
279,frozen,46,6,5,1,1,1.0,1.0,0,nan,nan,nan,0.0,0.0013469771349361912
280,frozen,46,5,6,1,1,1.0,1.0,0,nan,nan,nan,0.0,0.0013469771349361912
281,frozen,46,3,5,0,0,-1.0,-1.0,1,2,0,0,0.0,0.0013469771349361912
282,frozen,46,1,5,1,0,-1.0,-1.0,1,0,1,0,0.0,0.0013469771349361912
283,frozen,46,7,3,0,0,-1.0,-1.0,1,0,1,0,0.0,0.0013469771349361912
284,frozen,46,1,5,1,0,-1.0,-1.0,1,0,1,0,0.0,0.0013469771349361912
285,frozen,46,1,3,0,0,-1.0,-1.0,1,0,1,0,0.0,0.0013469771349361912
286,frozen,46,1,3,0,0,-1.0,-1.0,1,0,1,0,0.0,0.0013469771349361912
287,frozen,46,1,3,0,0,-1.0,-1.0,1,0,1,0,0.0,0.0013469771349361912
288,frozen,46,3,3,0,1,1.0,1.0,0,nan,nan,nan,0.0,0.0013469771349361912
289,frozen,46,2,2,0,1,1.0,1.0,0,nan,nan,nan,0.0,0.0013469771349361912
290,frozen,46,8,3,1,0,-1.0,-1.0,1,2,0,0,0.0,0.0013469771349361912
291,frozen,46,1,3,0,0,-1.0,-1.0,1,0,1,0,0.0,0.0013469771349361912
292,frozen,46,6,5,1,1,1.0,1.0,0,nan,nan,nan,0.0,0.0013469771349361912
293,frozen,46,4,6,1,0,-1.0,-1.0,1,1,0,0,0.0,0.0013469771349361912
294,frozen,46,2,5,1,0,-1.0,-1.0,1,0,1,0,0.0,0.0013469771349361912
295,frozen,46,2,5,1,0,-1.0,-1.0,1,0,1,0,0.0,0.0013469771349361912
296,frozen,46,0,3,0,0,-1.0,-1.0,1,0,1,0,0.0,0.0013469771349361912
297,frozen,46,4,5,1,1,1.0,1.0,0,nan,nan,nan,0.0,0.0013469771349361912
298,frozen,46,6,4,0,0,-1.0,-1.0,1,1,0,0,0.0,0.0013469771349361912
299,frozen,46,8,3,0,0,-1.0,-1.0,1,0,1,0,0.0,0.0013469771349361912
300,frozen,46,0,3,0,0,-1.0,-1.0,1,0,1,0,0.0,0.0013469771349361912
301,frozen,46,6,3,0,0,-1.0,-1.0,1,0,1,0,0.0,0.0013469771349361912
302,frozen,46,8,3,0,0,-1.0,-1.0,1,0,1,0,0.0,0.0013469771349361912
303,frozen,46,3,3,0,1,1.0,1.0,0,nan,nan,nan,0.0,0.0013469771349361912
304,frozen,46,6,2,0,0,-1.0,-1.0,1,1,0,0,0.0,0.0013469771349361912
305,frozen,46,1,5,1,0,-1.0,-1.0,1,0,1,0,0.0,0.0013469771349361912
306,frozen,46,2,5,1,0,-1.0,-1.0,1,0,1,0,0.0,0.0013469771349361912
307,frozen,46,7,3,0,0,-1.0,-1.0,1,0,1,0,0.0,0.0013469771349361912
308,frozen,46,0,3,0,0,-1.0,-1.0,1,0,1,0,0.0,0.0013469771349361912
309,frozen,46,4,5,1,1,1.0,1.0,0,nan,nan,nan,0.0,0.0013469771349361912
310,frozen,46,6,4,0,0,-1.0,-1.0,1,1,0,0,0.0,0.0013469771349361912
311,frozen,46,3,5,1,0,-1.0,-1.0,1,0,1,0,0.0,0.0013469771349361912
312,frozen,46,2,5,1,0,-1.0,-1.0,1,0,1,0,0.0,0.0013469771349361912
313,frozen,46,4,5,1,1,1.0,1.0,0,nan,nan,nan,0.0,0.0013469771349361912
314,frozen,46,6,6,1,1,1.0,1.0,0,nan,nan,nan,0.0,0.0013469771349361912
315,frozen,46,8,7,1,1,1.0,1.0,0,nan,nan,nan,0.0,0.0013469771349361912
316,frozen,46,7,8,1,1,1.0,1.0,0,nan,nan,nan,0.0,0.0013469771349361912
317,frozen,46,4,7,0,0,-1.0,-1.0,1,4,0,1,0.0,0.0013469771349361912
318,frozen,46,7,3,0,0,-1.0,-1.0,1,0,1,0,0.0,0.0013469771349361912
319,frozen,46,5,3,0,0,-1.0,-1.0,1,0,1,0,0.0,0.0013469771349361912
320,frozen,46,0,3,0,0,-1.0,-1.0,1,0,1,0,0.0,0.0013469771349361912
321,frozen,46,3,5,1,0,-1.0,-1.0,1,0,1,0,0.0,0.0013469771349361912
322,frozen,46,4,5,1,1,1.0,1.0,0,nan,nan,nan,0.0,0.0013469771349361912
323,frozen,46,0,6,1,0,-1.0,-1.0,1,1,0,0,0.0,0.0013469771349361912
324,frozen,46,1,5,1,0,-1.0,-1.0,1,0,1,0,0.0,0.0013469771349361912
325,frozen,46,2,5,1,0,-1.0,-1.0,1,0,1,0,0.0,0.0013469771349361912
326,frozen,46,1,3,0,0,-1.0,-1.0,1,0,1,0,0.0,0.0013469771349361912
327,frozen,46,4,5,1,1,1.0,1.0,0,nan,nan,nan,0.0,0.0013469771349361912
328,frozen,46,4,4,0,1,1.0,1.0,0,nan,nan,nan,0.0,0.0013469771349361912
329,frozen,46,6,5,1,1,1.0,1.0,0,nan,nan,nan,0.0,0.0013469771349361912
330,frozen,46,8,4,0,0,-1.0,-1.0,1,3,0,1,0.0,0.0013469771349361912
331,frozen,46,3,5,1,0,-1.0,-1.0,1,0,1,0,0.0,0.0013469771349361912
332,frozen,46,3,3,0,1,1.0,1.0,0,nan,nan,nan,0.0,0.0013469771349361912
333,frozen,46,5,4,1,1,1.0,1.0,0,nan,nan,nan,0.0,0.0013469771349361912
334,frozen,46,6,3,0,0,-1.0,-1.0,1,2,0,0,0.0,0.0013469771349361912
335,frozen,46,8,3,0,0,-1.0,-1.0,1,0,1,0,0.0,0.0013469771349361912
336,frozen,46,8,5,1,0,-1.0,-1.0,1,0,1,0,0.0,0.0013469771349361912
337,frozen,46,6,5,1,1,1.0,1.0,0,nan,nan,nan,0.0,0.0013469771349361912
338,frozen,46,1,4,0,0,-1.0,-1.0,1,1,0,0,0.0,0.0013469771349361912
339,frozen,46,5,3,0,0,-1.0,-1.0,1,0,1,0,0.0,0.0013469771349361912
340,frozen,46,0,5,1,0,-1.0,-1.0,1,0,1,0,0.0,0.0013469771349361912
341,frozen,46,1,3,0,0,-1.0,-1.0,1,0,1,0,0.0,0.0013469771349361912
342,frozen,46,6,5,1,1,1.0,1.0,0,nan,nan,nan,0.0,0.0013469771349361912
343,frozen,46,5,6,1,1,1.0,1.0,0,nan,nan,nan,0.0,0.0013469771349361912
344,frozen,46,5,7,1,0,-1.0,-1.0,1,2,0,0,0.0,0.0013469771349361912
345,frozen,46,8,5,1,0,-1.0,-1.0,1,0,1,0,0.0,0.0013469771349361912
346,frozen,46,1,3,0,0,-1.0,-1.0,1,0,1,0,0.0,0.0013469771349361912
347,frozen,46,5,5,1,1,1.0,1.0,0,nan,nan,nan,0.0,0.0013469771349361912
348,frozen,46,2,4,0,0,-1.0,-1.0,1,1,0,0,0.0,0.0013469771349361912
349,frozen,46,8,3,0,0,-1.0,-1.0,1,0,1,0,0.0,0.0013469771349361912
350,frozen,46,1,5,1,0,-1.0,-1.0,1,0,1,0,0.0,0.0013469771349361912
351,frozen,46,3,5,1,0,-1.0,-1.0,1,0,1,0,0.0,0.0013469771349361912
352,frozen,46,2,5,1,0,-1.0,-1.0,1,0,1,0,0.0,0.0013469771349361912
353,frozen,46,5,3,0,0,-1.0,-1.0,1,0,1,0,0.0,0.0013469771349361912
354,frozen,46,1,3,0,0,-1.0,-1.0,1,0,1,0,0.0,0.0013469771349361912
355,frozen,46,1,3,0,0,-1.0,-1.0,1,0,1,0,0.0,0.0013469771349361912
356,frozen,46,3,5,1,0,-1.0,-1.0,1,0,1,0,0.0,0.0013469771349361912
357,frozen,46,2,5,1,0,-1.0,-1.0,1,0,1,0,0.0,0.0013469771349361912
358,frozen,46,5,3,0,0,-1.0,-1.0,1,0,1,0,0.0,0.0013469771349361912
359,frozen,46,1,3,0,0,-1.0,-1.0,1,0,1,0,0.0,0.0013469771349361912
360,frozen,46,5,5,1,1,1.0,1.0,0,nan,nan,nan,0.0,0.0013469771349361912
361,frozen,46,4,4,0,1,1.0,1.0,0,nan,nan,nan,0.0,0.0013469771349361912
362,frozen,46,3,5,1,0,-1.0,-1.0,1,2,0,0,0.0,0.0013469771349361912
363,frozen,46,1,3,0,0,-1.0,-1.0,1,0,1,0,0.0,0.0013469771349361912
364,frozen,46,4,5,1,1,1.0,1.0,0,nan,nan,nan,0.0,0.0013469771349361912
365,frozen,46,7,6,1,1,1.0,1.0,0,nan,nan,nan,0.0,0.0013469771349361912
366,frozen,46,0,7,1,0,-1.0,-1.0,1,2,0,0,0.0,0.0013469771349361912
367,frozen,46,3,5,1,0,-1.0,-1.0,1,0,1,0,0.0,0.0013469771349361912
368,frozen,46,4,5,1,1,1.0,1.0,0,nan,nan,nan,0.0,0.0013469771349361912
369,frozen,46,4,6,1,0,-1.0,-1.0,1,1,0,0,0.0,0.0013469771349361912
370,frozen,46,2,5,1,0,-1.0,-1.0,1,0,1,0,0.0,0.0013469771349361912
371,frozen,46,8,5,1,0,-1.0,-1.0,1,0,1,0,0.0,0.0013469771349361912
372,frozen,46,4,5,1,1,1.0,1.0,0,nan,nan,nan,0.0,0.0013469771349361912
373,frozen,46,4,6,1,0,-1.0,-1.0,1,1,0,0,0.0,0.0013469771349361912
374,frozen,46,5,3,0,0,-1.0,-1.0,1,0,1,0,0.0,0.0013469771349361912
375,frozen,46,3,3,0,1,1.0,1.0,0,nan,nan,nan,0.0,0.0013469771349361912
376,frozen,46,5,2,0,0,-1.0,-1.0,1,1,0,0,0.0,0.0013469771349361912
377,frozen,46,0,5,1,0,-1.0,-1.0,1,0,1,0,0.0,0.0013469771349361912
378,frozen,46,7,3,0,0,-1.0,-1.0,1,0,1,0,0.0,0.0013469771349361912
379,frozen,46,2,5,1,0,-1.0,-1.0,1,0,1,0,0.0,0.0013469771349361912
380,frozen,46,5,5,1,1,1.0,1.0,0,nan,nan,nan,0.0,0.0013469771349361912
381,frozen,46,7,6,1,1,1.0,1.0,0,nan,nan,nan,0.0,0.0013469771349361912
382,frozen,46,2,5,0,0,-1.0,-1.0,1,2,0,0,0.0,0.0013469771349361912
383,frozen,46,3,3,0,1,1.0,1.0,0,nan,nan,nan,0.0,0.0013469771349361912
384,frozen,46,3,4,1,1,1.0,1.0,0,nan,nan,nan,0.0,0.0013469771349361912
385,frozen,46,5,3,0,0,-1.0,-1.0,1,2,0,0,0.0,0.0013469771349361912
386,frozen,46,6,3,0,0,-1.0,-1.0,1,0,1,0,0.0,0.0013469771349361912
387,frozen,46,1,5,1,0,-1.0,-1.0,1,0,1,0,0.0,0.0013469771349361912
388,frozen,46,5,3,0,0,-1.0,-1.0,1,0,1,0,0.0,0.0013469771349361912
389,frozen,46,2,5,1,0,-1.0,-1.0,1,0,1,0,0.0,0.0013469771349361912
390,frozen,46,7,3,0,0,-1.0,-1.0,1,0,1,0,0.0,0.0013469771349361912
391,frozen,46,7,3,0,0,-1.0,-1.0,1,0,1,0,0.0,0.0013469771349361912
392,frozen,46,5,5,1,1,1.0,1.0,0,nan,nan,nan,0.0,0.0013469771349361912
393,frozen,46,1,6,1,0,-1.0,-1.0,1,1,0,0,0.0,0.0013469771349361912
394,frozen,46,8,3,0,0,-1.0,-1.0,1,0,1,0,0.0,0.0013469771349361912
395,frozen,46,3,3,0,1,1.0,1.0,0,nan,nan,nan,0.0,0.0013469771349361912
396,frozen,46,1,4,1,0,-1.0,-1.0,1,1,0,0,0.0,0.0013469771349361912
397,frozen,46,7,3,0,0,-1.0,-1.0,1,0,1,0,0.0,0.0013469771349361912
398,frozen,46,0,3,0,0,-1.0,-1.0,1,0,1,0,0.0,0.0013469771349361912
399,frozen,46,7,3,0,0,-1.0,-1.0,1,0,1,0,0.0,0.0013469771349361912
400,frozen,46,3,3,0,1,1.0,1.0,0,nan,nan,nan,0.0,0.0013469771349361912
401,frozen,46,7,2,0,0,-1.0,-1.0,1,1,0,0,0.0,0.0013469771349361912
402,frozen,46,0,3,0,0,-1.0,-1.0,1,0,1,0,0.0,0.0013469771349361912
403,frozen,46,1,3,0,0,-1.0,-1.0,1,0,1,0,0.0,0.0013469771349361912
404,frozen,46,0,5,1,0,-1.0,-1.0,1,0,1,0,0.0,0.0013469771349361912
405,frozen,46,1,5,1,0,-1.0,-1.0,1,0,1,0,0.0,0.0013469771349361912
406,frozen,46,0,3,0,0,-1.0,-1.0,1,0,1,0,0.0,0.0013469771349361912
407,frozen,46,8,5,1,0,-1.0,-1.0,1,0,1,0,0.0,0.0013469771349361912
408,frozen,46,1,3,0,0,-1.0,-1.0,1,0,1,0,0.0,0.0013469771349361912
409,frozen,46,6,3,0,0,-1.0,-1.0,1,0,1,0,0.0,0.0013469771349361912
410,frozen,46,5,5,1,1,1.0,1.0,0,nan,nan,nan,0.0,0.0013469771349361912
411,frozen,46,0,6,1,0,-1.0,-1.0,1,1,0,0,0.0,0.0013469771349361912
412,frozen,46,0,3,0,0,-1.0,-1.0,1,0,1,0,0.0,0.0013469771349361912
413,frozen,46,6,3,0,0,-1.0,-1.0,1,0,1,0,0.0,0.0013469771349361912
414,frozen,46,8,3,0,0,-1.0,-1.0,1,0,1,0,0.0,0.0013469771349361912
415,frozen,46,5,5,1,1,1.0,1.0,0,nan,nan,nan,0.0,0.0013469771349361912
416,frozen,46,4,6,1,0,-1.0,-1.0,1,1,0,0,0.0,0.0013469771349361912
417,frozen,46,6,3,0,0,-1.0,-1.0,1,0,1,0,0.0,0.0013469771349361912
418,frozen,46,2,5,1,0,-1.0,-1.0,1,0,1,0,0.0,0.0013469771349361912
419,frozen,46,2,5,1,0,-1.0,-1.0,1,0,1,0,0.0,0.0013469771349361912
420,frozen,46,4,5,1,1,1.0,1.0,0,nan,nan,nan,0.0,0.0013469771349361912
421,frozen,46,0,4,0,0,-1.0,-1.0,1,1,0,0,0.0,0.0013469771349361912
422,frozen,46,2,5,1,0,-1.0,-1.0,1,0,1,0,0.0,0.0013469771349361912
423,frozen,46,7,3,0,0,-1.0,-1.0,1,0,1,0,0.0,0.0013469771349361912
424,frozen,46,8,3,0,0,-1.0,-1.0,1,0,1,0,0.0,0.0013469771349361912
425,frozen,46,6,3,0,0,-1.0,-1.0,1,0,1,0,0.0,0.0013469771349361912
426,frozen,46,0,3,0,0,-1.0,-1.0,1,0,1,0,0.0,0.0013469771349361912
427,frozen,46,2,5,1,0,-1.0,-1.0,1,0,1,0,0.0,0.0013469771349361912
428,frozen,46,3,5,1,0,-1.0,-1.0,1,0,1,0,0.0,0.0013469771349361912
429,frozen,46,8,5,1,0,-1.0,-1.0,1,0,1,0,0.0,0.0013469771349361912
430,frozen,46,2,5,1,0,-1.0,-1.0,1,0,1,0,0.0,0.0013469771349361912
431,frozen,46,1,5,1,0,-1.0,-1.0,1,0,1,0,0.0,0.0013469771349361912
432,frozen,46,0,5,1,0,-1.0,-1.0,1,0,1,0,0.0,0.0013469771349361912
433,frozen,46,1,3,0,0,-1.0,-1.0,1,0,1,0,0.0,0.0013469771349361912
434,frozen,46,3,5,1,0,-1.0,-1.0,1,0,1,0,0.0,0.0013469771349361912
435,frozen,46,5,5,1,1,1.0,1.0,0,nan,nan,nan,0.0,0.0013469771349361912
436,frozen,46,4,4,0,1,1.0,1.0,0,nan,nan,nan,0.0,0.0013469771349361912
437,frozen,46,2,5,1,0,-1.0,-1.0,1,2,0,0,0.0,0.0013469771349361912
438,frozen,46,2,5,1,0,-1.0,-1.0,1,0,1,0,0.0,0.0013469771349361912
439,frozen,46,6,3,0,0,-1.0,-1.0,1,0,1,0,0.0,0.0013469771349361912
440,frozen,46,7,3,0,0,-1.0,-1.0,1,0,1,0,0.0,0.0013469771349361912
441,frozen,46,4,5,1,1,1.0,1.0,0,nan,nan,nan,0.0,0.0013469771349361912
442,frozen,46,7,4,0,0,-1.0,-1.0,1,1,0,0,0.0,0.0013469771349361912
443,frozen,46,3,3,0,1,1.0,1.0,0,nan,nan,nan,0.0,0.0013469771349361912
444,frozen,46,0,4,1,0,-1.0,-1.0,1,1,0,0,0.0,0.0013469771349361912
445,frozen,46,0,3,0,0,-1.0,-1.0,1,0,1,0,0.0,0.0013469771349361912
446,frozen,46,3,3,0,1,1.0,1.0,0,nan,nan,nan,0.0,0.0013469771349361912
447,frozen,46,0,4,1,0,-1.0,-1.0,1,1,0,0,0.0,0.0013469771349361912
448,frozen,46,8,3,0,0,-1.0,-1.0,1,0,1,0,0.0,0.0013469771349361912
449,frozen,46,2,5,1,0,-1.0,-1.0,1,0,1,0,0.0,0.0013469771349361912
450,frozen,46,1,3,0,0,-1.0,-1.0,1,0,1,0,0.0,0.0013469771349361912
451,frozen,46,6,5,1,1,1.0,1.0,0,nan,nan,nan,0.0,0.0013469771349361912
452,frozen,46,1,4,0,0,-1.0,-1.0,1,1,0,0,0.0,0.0013469771349361912
453,frozen,46,7,3,0,0,-1.0,-1.0,1,0,1,0,0.0,0.0013469771349361912
454,frozen,46,5,3,0,0,-1.0,-1.0,1,0,1,0,0.0,0.0013469771349361912
455,frozen,46,5,5,1,1,1.0,1.0,0,nan,nan,nan,0.0,0.0013469771349361912
456,frozen,46,0,4,0,0,-1.0,-1.0,1,1,0,0,0.0,0.0013469771349361912
457,frozen,46,6,5,1,1,1.0,1.0,0,nan,nan,nan,0.0,0.0013469771349361912
458,frozen,46,4,4,0,1,1.0,1.0,0,nan,nan,nan,0.0,0.0013469771349361912
459,frozen,46,1,3,0,0,-1.0,-1.0,1,2,0,0,0.0,0.0013469771349361912
460,frozen,46,2,5,1,0,-1.0,-1.0,1,0,1,0,0.0,0.0013469771349361912
461,frozen,46,8,5,1,0,-1.0,-1.0,1,0,1,0,0.0,0.0013469771349361912
462,frozen,46,6,3,0,0,-1.0,-1.0,1,0,1,0,0.0,0.0013469771349361912
463,frozen,46,3,5,1,0,-1.0,-1.0,1,0,1,0,0.0,0.0013469771349361912
464,frozen,46,3,5,1,0,-1.0,-1.0,1,0,1,0,0.0,0.0013469771349361912
465,frozen,46,6,5,1,1,1.0,1.0,0,nan,nan,nan,0.0,0.0013469771349361912
466,frozen,46,6,6,1,1,1.0,1.0,0,nan,nan,nan,0.0,0.0013469771349361912
467,frozen,46,5,5,0,1,1.0,1.0,0,nan,nan,nan,0.0,0.0013469771349361912
468,frozen,46,2,6,1,0,-1.0,-1.0,1,3,0,1,0.0,0.0013469771349361912
469,frozen,46,7,3,0,0,-1.0,-1.0,1,0,1,0,0.0,0.0013469771349361912
470,frozen,46,6,3,0,0,-1.0,-1.0,1,0,1,0,0.0,0.0013469771349361912
471,frozen,46,2,5,1,0,-1.0,-1.0,1,0,1,0,0.0,0.0013469771349361912
472,frozen,46,0,5,1,0,-1.0,-1.0,1,0,1,0,0.0,0.0013469771349361912
473,frozen,46,8,3,0,0,-1.0,-1.0,1,0,1,0,0.0,0.0013469771349361912
474,frozen,46,4,5,1,1,1.0,1.0,0,nan,nan,nan,0.0,0.0013469771349361912
475,frozen,46,0,4,0,0,-1.0,-1.0,1,1,0,0,0.0,0.0013469771349361912
476,frozen,46,1,5,1,0,-1.0,-1.0,1,0,1,0,0.0,0.0013469771349361912
477,frozen,46,2,5,1,0,-1.0,-1.0,1,0,1,0,0.0,0.0013469771349361912
478,frozen,46,2,3,0,1,1.0,1.0,0,nan,nan,nan,0.0,0.0013469771349361912
479,frozen,46,8,2,0,0,-1.0,-1.0,1,1,0,0,0.0,0.0013469771349361912
480,frozen,46,5,5,1,1,1.0,1.0,0,nan,nan,nan,0.0,0.0013469771349361912
481,frozen,46,8,4,0,0,-1.0,-1.0,1,1,0,0,0.0,0.0013469771349361912
482,frozen,46,6,3,0,0,-1.0,-1.0,1,0,1,0,0.0,0.0013469771349361912
483,frozen,46,6,3,0,0,-1.0,-1.0,1,0,1,0,0.0,0.0013469771349361912
484,frozen,46,1,3,0,0,-1.0,-1.0,1,0,1,0,0.0,0.0013469771349361912
485,frozen,46,3,3,0,1,1.0,1.0,0,nan,nan,nan,0.0,0.0013469771349361912
486,frozen,46,4,2,0,0,-1.0,-1.0,1,1,0,0,0.0,0.0013469771349361912
487,frozen,46,3,5,1,0,-1.0,-1.0,1,0,1,0,0.0,0.0013469771349361912
488,frozen,46,8,5,1,0,-1.0,-1.0,1,0,1,0,0.0,0.0013469771349361912
489,frozen,46,2,5,1,0,-1.0,-1.0,1,0,1,0,0.0,0.0013469771349361912
490,frozen,46,4,5,1,1,1.0,1.0,0,nan,nan,nan,0.0,0.0013469771349361912
491,frozen,46,0,6,1,0,-1.0,-1.0,1,1,0,0,0.0,0.0013469771349361912
492,frozen,46,6,5,1,1,1.0,1.0,0,nan,nan,nan,0.0,0.0013469771349361912
493,frozen,46,7,4,0,0,-1.0,-1.0,1,1,0,0,0.0,0.0013469771349361912
494,frozen,46,8,5,1,0,-1.0,-1.0,1,0,1,0,0.0,0.0013469771349361912
495,frozen,46,7,3,0,0,-1.0,-1.0,1,0,1,0,0.0,0.0013469771349361912
496,frozen,46,1,5,1,0,-1.0,-1.0,1,0,1,0,0.0,0.0013469771349361912
497,frozen,46,6,5,1,1,1.0,1.0,0,nan,nan,nan,0.0,0.0013469771349361912
498,frozen,46,2,4,0,0,-1.0,-1.0,1,1,0,0,0.0,0.0013469771349361912
499,frozen,46,3,3,0,1,1.0,1.0,0,nan,nan,nan,0.0,0.0013469771349361912
500,frozen,46,2,2,0,1,1.0,1.0,0,nan,nan,nan,0.0,0.0013469771349361912
501,frozen,46,3,1,0,0,-1.0,-1.0,1,2,0,0,0.0,0.0013469771349361912
502,frozen,46,8,5,1,0,-1.0,-1.0,1,0,1,0,0.0,0.0013469771349361912
503,frozen,46,8,5,1,0,-1.0,-1.0,1,0,1,0,0.0,0.0013469771349361912
504,frozen,46,3,3,0,1,1.0,1.0,0,nan,nan,nan,0.0,0.0013469771349361912
505,frozen,46,3,4,1,1,1.0,1.0,0,nan,nan,nan,0.0,0.0013469771349361912
506,frozen,46,2,5,1,0,-1.0,-1.0,1,2,0,0,0.0,0.0013469771349361912
507,frozen,46,6,5,1,1,1.0,1.0,0,nan,nan,nan,0.0,0.0013469771349361912
508,frozen,46,7,4,0,0,-1.0,-1.0,1,1,0,0,0.0,0.0013469771349361912
509,frozen,46,0,3,0,0,-1.0,-1.0,1,0,1,0,0.0,0.0013469771349361912
510,frozen,46,3,3,0,1,1.0,1.0,0,nan,nan,nan,0.0,0.0013469771349361912
511,frozen,46,6,2,0,0,-1.0,-1.0,1,1,0,0,0.0,0.0013469771349361912
512,frozen,46,3,3,0,1,1.0,1.0,0,nan,nan,nan,0.0,0.0013469771349361912
513,frozen,46,6,2,0,0,-1.0,-1.0,1,1,0,0,0.0,0.0013469771349361912
514,frozen,46,6,3,0,0,-1.0,-1.0,1,0,1,0,0.0,0.0013469771349361912
515,frozen,46,5,5,1,1,1.0,1.0,0,nan,nan,nan,0.0,0.0013469771349361912
516,frozen,46,8,4,0,0,-1.0,-1.0,1,1,0,0,0.0,0.0013469771349361912
517,frozen,46,7,3,0,0,-1.0,-1.0,1,0,1,0,0.0,0.0013469771349361912
518,frozen,46,3,3,0,1,1.0,1.0,0,nan,nan,nan,0.0,0.0013469771349361912
519,frozen,46,4,2,0,0,-1.0,-1.0,1,1,0,0,0.0,0.0013469771349361912
520,frozen,46,4,5,1,1,1.0,1.0,0,nan,nan,nan,0.0,0.0013469771349361912
521,frozen,46,7,4,0,0,-1.0,-1.0,1,1,0,0,0.0,0.0013469771349361912
522,frozen,46,4,5,1,1,1.0,1.0,0,nan,nan,nan,0.0,0.0013469771349361912
523,frozen,46,2,6,1,0,-1.0,-1.0,1,1,0,0,0.0,0.0013469771349361912
524,frozen,46,3,5,1,0,-1.0,-1.0,1,0,1,0,0.0,0.0013469771349361912
525,frozen,46,5,5,1,1,1.0,1.0,0,nan,nan,nan,0.0,0.0013469771349361912
526,frozen,46,2,6,1,0,-1.0,-1.0,1,1,0,0,0.0,0.0013469771349361912
527,frozen,46,8,5,1,0,-1.0,-1.0,1,0,1,0,0.0,0.0013469771349361912
528,frozen,46,1,5,1,0,-1.0,-1.0,1,0,1,0,0.0,0.0013469771349361912
529,frozen,46,5,3,0,0,-1.0,-1.0,1,0,1,0,0.0,0.0013469771349361912
530,frozen,46,5,3,0,0,-1.0,-1.0,1,0,1,0,0.0,0.0013469771349361912
531,frozen,46,7,3,0,0,-1.0,-1.0,1,0,1,0,0.0,0.0013469771349361912
532,frozen,46,1,5,1,0,-1.0,-1.0,1,0,1,0,0.0,0.0013469771349361912
533,frozen,46,4,5,1,1,1.0,1.0,0,nan,nan,nan,0.0,0.0013469771349361912
534,frozen,46,7,6,1,1,1.0,1.0,0,nan,nan,nan,0.0,0.0013469771349361912
535,frozen,46,5,7,1,0,-1.0,-1.0,1,2,0,0,0.0,0.0013469771349361912
536,frozen,46,6,5,1,1,1.0,1.0,0,nan,nan,nan,0.0,0.0013469771349361912
537,frozen,46,8,4,0,0,-1.0,-1.0,1,1,0,0,0.0,0.0013469771349361912
538,frozen,46,3,5,1,0,-1.0,-1.0,1,0,1,0,0.0,0.0013469771349361912
539,frozen,46,5,3,0,0,-1.0,-1.0,1,0,1,0,0.0,0.0013469771349361912
540,frozen,46,6,5,1,1,1.0,1.0,0,nan,nan,nan,0.0,0.0013469771349361912
541,frozen,46,3,6,1,0,-1.0,-1.0,1,1,0,0,0.0,0.0013469771349361912
542,frozen,46,7,3,0,0,-1.0,-1.0,1,0,1,0,0.0,0.0013469771349361912
543,frozen,46,1,3,0,0,-1.0,-1.0,1,0,1,0,0.0,0.0013469771349361912
544,frozen,46,2,5,1,0,-1.0,-1.0,1,0,1,0,0.0,0.0013469771349361912
545,frozen,46,8,3,0,0,-1.0,-1.0,1,0,1,0,0.0,0.0013469771349361912
546,frozen,46,7,3,0,0,-1.0,-1.0,1,0,1,0,0.0,0.0013469771349361912
547,frozen,46,6,5,1,1,1.0,1.0,0,nan,nan,nan,0.0,0.0013469771349361912
548,frozen,46,5,6,1,1,1.0,1.0,0,nan,nan,nan,0.0,0.0013469771349361912
549,frozen,46,6,7,1,1,1.0,1.0,0,nan,nan,nan,0.0,0.0013469771349361912
550,frozen,46,2,8,1,0,-1.0,-1.0,1,3,0,1,0.0,0.0013469771349361912
551,frozen,46,7,3,0,0,-1.0,-1.0,1,0,1,0,0.0,0.0013469771349361912
552,frozen,46,2,5,1,0,-1.0,-1.0,1,0,1,0,0.0,0.0013469771349361912
553,frozen,46,3,5,1,0,-1.0,-1.0,1,0,1,0,0.0,0.0013469771349361912
554,frozen,46,8,3,0,0,-1.0,-1.0,1,0,1,0,0.0,0.0013469771349361912
555,frozen,46,4,5,1,1,1.0,1.0,0,nan,nan,nan,0.0,0.0013469771349361912
556,frozen,46,3,6,1,0,-1.0,-1.0,1,1,0,0,0.0,0.0013469771349361912
557,frozen,46,5,3,0,0,-1.0,-1.0,1,0,1,0,0.0,0.0013469771349361912
558,frozen,46,8,5,1,0,-1.0,-1.0,1,0,1,0,0.0,0.0013469771349361912
559,frozen,46,3,5,1,0,-1.0,-1.0,1,0,1,0,0.0,0.0013469771349361912
560,frozen,46,1,3,0,0,-1.0,-1.0,1,0,1,0,0.0,0.0013469771349361912
561,frozen,46,1,5,1,0,-1.0,-1.0,1,0,1,0,0.0,0.0013469771349361912
562,frozen,46,6,3,0,0,-1.0,-1.0,1,0,1,0,0.0,0.0013469771349361912
563,frozen,46,7,3,0,0,-1.0,-1.0,1,0,1,0,0.0,0.0013469771349361912
564,frozen,46,7,3,0,0,-1.0,-1.0,1,0,1,0,0.0,0.0013469771349361912
565,frozen,46,8,5,1,0,-1.0,-1.0,1,0,1,0,0.0,0.0013469771349361912
566,frozen,46,0,3,0,0,-1.0,-1.0,1,0,1,0,0.0,0.0013469771349361912
567,frozen,46,8,3,0,0,-1.0,-1.0,1,0,1,0,0.0,0.0013469771349361912
568,frozen,46,3,3,0,1,1.0,1.0,0,nan,nan,nan,0.0,0.0013469771349361912
569,frozen,46,7,2,0,0,-1.0,-1.0,1,1,0,0,0.0,0.0013469771349361912
570,frozen,46,0,3,0,0,-1.0,-1.0,1,0,1,0,0.0,0.0013469771349361912
571,frozen,46,2,5,1,0,-1.0,-1.0,1,0,1,0,0.0,0.0013469771349361912
572,frozen,46,1,3,0,0,-1.0,-1.0,1,0,1,0,0.0,0.0013469771349361912
573,frozen,46,3,5,1,0,-1.0,-1.0,1,0,1,0,0.0,0.0013469771349361912
574,frozen,46,2,5,1,0,-1.0,-1.0,1,0,1,0,0.0,0.0013469771349361912
575,frozen,46,2,5,1,0,-1.0,-1.0,1,0,1,0,0.0,0.0013469771349361912
576,frozen,46,4,5,1,1,1.0,1.0,0,nan,nan,nan,0.0,0.0013469771349361912
577,frozen,46,8,4,0,0,-1.0,-1.0,1,1,0,0,0.0,0.0013469771349361912
578,frozen,46,2,5,1,0,-1.0,-1.0,1,0,1,0,0.0,0.0013469771349361912
579,frozen,46,1,5,1,0,-1.0,-1.0,1,0,1,0,0.0,0.0013469771349361912
580,frozen,46,2,5,1,0,-1.0,-1.0,1,0,1,0,0.0,0.0013469771349361912
581,frozen,46,1,3,0,0,-1.0,-1.0,1,0,1,0,0.0,0.0013469771349361912
582,frozen,46,5,5,1,1,1.0,1.0,0,nan,nan,nan,0.0,0.0013469771349361912
583,frozen,46,0,6,1,0,-1.0,-1.0,1,1,0,0,0.0,0.0013469771349361912
584,frozen,46,5,5,1,1,1.0,1.0,0,nan,nan,nan,0.0,0.0013469771349361912
585,frozen,46,2,4,0,0,-1.0,-1.0,1,1,0,0,0.0,0.0013469771349361912
586,frozen,46,5,5,1,1,1.0,1.0,0,nan,nan,nan,0.0,0.0013469771349361912
587,frozen,46,1,4,0,0,-1.0,-1.0,1,1,0,0,0.0,0.0013469771349361912
588,frozen,46,8,5,1,0,-1.0,-1.0,1,0,1,0,0.0,0.0013469771349361912
589,frozen,46,5,3,0,0,-1.0,-1.0,1,0,1,0,0.0,0.0013469771349361912
590,frozen,46,4,5,1,1,1.0,1.0,0,nan,nan,nan,0.0,0.0013469771349361912
591,frozen,46,8,4,0,0,-1.0,-1.0,1,1,0,0,0.0,0.0013469771349361912
592,frozen,46,2,5,1,0,-1.0,-1.0,1,0,1,0,0.0,0.0013469771349361912
593,frozen,46,4,5,1,1,1.0,1.0,0,nan,nan,nan,0.0,0.0013469771349361912
594,frozen,46,3,6,1,0,-1.0,-1.0,1,1,0,0,0.0,0.0013469771349361912
595,frozen,46,0,3,0,0,-1.0,-1.0,1,0,1,0,0.0,0.0013469771349361912
596,frozen,46,2,5,1,0,-1.0,-1.0,1,0,1,0,0.0,0.0013469771349361912
597,frozen,46,3,5,1,0,-1.0,-1.0,1,0,1,0,0.0,0.0013469771349361912
598,frozen,46,1,5,1,0,-1.0,-1.0,1,0,1,0,0.0,0.0013469771349361912
599,frozen,46,3,5,1,0,-1.0,-1.0,1,0,1,0,0.0,0.0013469771349361912
600,frozen,46,5,5,1,1,1.0,1.0,0,nan,nan,nan,0.0,0.0013469771349361912
601,frozen,46,7,4,0,0,-1.0,-1.0,1,1,0,0,0.0,0.0013469771349361912
602,frozen,46,3,3,0,1,1.0,1.0,0,nan,nan,nan,0.0,0.0013469771349361912
603,frozen,46,8,2,0,0,-1.0,-1.0,1,1,0,0,0.0,0.0013469771349361912
604,frozen,46,7,3,0,0,-1.0,-1.0,1,0,1,0,0.0,0.0013469771349361912
605,frozen,46,8,3,0,0,-1.0,-1.0,1,0,1,0,0.0,0.0013469771349361912
606,frozen,46,8,5,1,0,-1.0,-1.0,1,0,1,0,0.0,0.0013469771349361912
607,frozen,46,5,5,1,1,1.0,1.0,0,nan,nan,nan,0.0,0.0013469771349361912
608,frozen,46,4,6,1,0,-1.0,-1.0,1,1,0,0,0.0,0.0013469771349361912
609,frozen,46,4,5,1,1,1.0,1.0,0,nan,nan,nan,0.0,0.0013469771349361912
610,frozen,46,4,6,1,0,-1.0,-1.0,1,1,0,0,0.0,0.0013469771349361912
611,frozen,46,8,5,1,0,-1.0,-1.0,1,0,1,0,0.0,0.0013469771349361912
612,frozen,46,1,5,1,0,-1.0,-1.0,1,0,1,0,0.0,0.0013469771349361912
613,frozen,46,4,5,1,1,1.0,1.0,0,nan,nan,nan,0.0,0.0013469771349361912
614,frozen,46,6,6,1,1,1.0,1.0,0,nan,nan,nan,0.0,0.0013469771349361912
615,frozen,46,6,7,1,1,1.0,1.0,0,nan,nan,nan,0.0,0.0013469771349361912
616,frozen,46,7,8,1,1,1.0,1.0,0,nan,nan,nan,0.0,0.0013469771349361912
617,frozen,46,3,7,0,0,-1.0,-1.0,1,4,0,1,0.0,0.0013469771349361912
618,frozen,46,3,3,0,1,1.0,1.0,0,nan,nan,nan,0.0,0.0013469771349361912
619,frozen,46,6,2,0,0,-1.0,-1.0,1,1,0,0,0.0,0.0013469771349361912
620,frozen,46,1,3,0,0,-1.0,-1.0,1,0,1,0,0.0,0.0013469771349361912
621,frozen,46,1,3,0,0,-1.0,-1.0,1,0,1,0,0.0,0.0013469771349361912
622,frozen,46,1,3,0,0,-1.0,-1.0,1,0,1,0,0.0,0.0013469771349361912
623,frozen,46,6,5,1,1,1.0,1.0,0,nan,nan,nan,0.0,0.0013469771349361912
624,frozen,46,1,4,0,0,-1.0,-1.0,1,1,0,0,0.0,0.0013469771349361912
625,frozen,46,2,5,1,0,-1.0,-1.0,1,0,1,0,0.0,0.0013469771349361912
626,frozen,46,3,3,0,1,1.0,1.0,0,nan,nan,nan,0.0,0.0013469771349361912
627,frozen,46,0,4,1,0,-1.0,-1.0,1,1,0,0,0.0,0.0013469771349361912
628,frozen,46,6,5,1,1,1.0,1.0,0,nan,nan,nan,0.0,0.0013469771349361912
629,frozen,46,7,4,0,0,-1.0,-1.0,1,1,0,0,0.0,0.0013469771349361912
630,frozen,46,5,3,0,0,-1.0,-1.0,1,0,1,0,0.0,0.0013469771349361912
631,frozen,46,3,5,1,0,-1.0,-1.0,1,0,1,0,0.0,0.0013469771349361912
632,frozen,46,1,5,1,0,-1.0,-1.0,1,0,1,0,0.0,0.0013469771349361912
633,frozen,46,4,5,1,1,1.0,1.0,0,nan,nan,nan,0.0,0.0013469771349361912
634,frozen,46,2,4,0,0,-1.0,-1.0,1,1,0,0,0.0,0.0013469771349361912
635,frozen,46,5,5,1,1,1.0,1.0,0,nan,nan,nan,0.0,0.0013469771349361912
636,frozen,46,8,6,1,0,-1.0,-1.0,1,1,0,0,0.0,0.0013469771349361912
637,frozen,46,1,5,1,0,-1.0,-1.0,1,0,1,0,0.0,0.0013469771349361912
638,frozen,46,6,3,0,0,-1.0,-1.0,1,0,1,0,0.0,0.0013469771349361912
639,frozen,46,6,3,0,0,-1.0,-1.0,1,0,1,0,0.0,0.0013469771349361912
640,frozen,46,6,5,1,1,1.0,1.0,0,nan,nan,nan,0.0,0.0013469771349361912
641,frozen,46,5,6,1,1,1.0,1.0,0,nan,nan,nan,0.0,0.0013469771349361912
642,frozen,46,6,7,1,1,1.0,1.0,0,nan,nan,nan,0.0,0.0013469771349361912
643,frozen,46,7,8,1,1,1.0,1.0,0,nan,nan,nan,0.0,0.0013469771349361912
644,frozen,46,1,7,0,0,-1.0,-1.0,1,4,0,1,0.0,0.0013469771349361912
645,frozen,46,6,5,1,1,1.0,1.0,0,nan,nan,nan,0.0,0.0013469771349361912
646,frozen,46,4,4,0,1,1.0,1.0,0,nan,nan,nan,0.0,0.0013469771349361912
647,frozen,46,2,5,1,0,-1.0,-1.0,1,2,0,0,0.0,0.0013469771349361912
648,frozen,46,6,5,1,1,1.0,1.0,0,nan,nan,nan,0.0,0.0013469771349361912
649,frozen,46,2,4,0,0,-1.0,-1.0,1,1,0,0,0.0,0.0013469771349361912
650,frozen,46,1,3,0,0,-1.0,-1.0,1,0,1,0,0.0,0.0013469771349361912
651,frozen,46,7,3,0,0,-1.0,-1.0,1,0,1,0,0.0,0.0013469771349361912
652,frozen,46,7,3,0,0,-1.0,-1.0,1,0,1,0,0.0,0.0013469771349361912
653,frozen,46,7,3,0,0,-1.0,-1.0,1,0,1,0,0.0,0.0013469771349361912
654,frozen,46,0,5,1,0,-1.0,-1.0,1,0,1,0,0.0,0.0013469771349361912
655,frozen,46,7,3,0,0,-1.0,-1.0,1,0,1,0,0.0,0.0013469771349361912
656,frozen,46,7,3,0,0,-1.0,-1.0,1,0,1,0,0.0,0.0013469771349361912
657,frozen,46,0,5,1,0,-1.0,-1.0,1,0,1,0,0.0,0.0013469771349361912
658,frozen,46,8,5,1,0,-1.0,-1.0,1,0,1,0,0.0,0.0013469771349361912
659,frozen,46,8,3,0,0,-1.0,-1.0,1,0,1,0,0.0,0.0013469771349361912
660,frozen,46,2,5,1,0,-1.0,-1.0,1,0,1,0,0.0,0.0013469771349361912
661,frozen,46,0,5,1,0,-1.0,-1.0,1,0,1,0,0.0,0.0013469771349361912
662,frozen,46,8,3,0,0,-1.0,-1.0,1,0,1,0,0.0,0.0013469771349361912
663,frozen,46,4,5,1,1,1.0,1.0,0,nan,nan,nan,0.0,0.0013469771349361912
664,frozen,46,8,4,0,0,-1.0,-1.0,1,1,0,0,0.0,0.0013469771349361912
665,frozen,46,4,5,1,1,1.0,1.0,0,nan,nan,nan,0.0,0.0013469771349361912
666,frozen,46,0,6,1,0,-1.0,-1.0,1,1,0,0,0.0,0.0013469771349361912
667,frozen,46,5,3,0,0,-1.0,-1.0,1,0,1,0,0.0,0.0013469771349361912
668,frozen,46,3,3,0,1,1.0,1.0,0,nan,nan,nan,0.0,0.0013469771349361912
669,frozen,46,3,4,1,1,1.0,1.0,0,nan,nan,nan,0.0,0.0013469771349361912
670,frozen,46,4,5,1,1,1.0,1.0,0,nan,nan,nan,0.0,0.0013469771349361912
671,frozen,46,3,6,1,0,-1.0,-1.0,1,3,0,1,0.0,0.0013469771349361912
672,frozen,46,8,3,0,0,-1.0,-1.0,1,0,1,0,0.0,0.0013469771349361912
673,frozen,46,7,3,0,0,-1.0,-1.0,1,0,1,0,0.0,0.0013469771349361912
674,frozen,46,0,5,1,0,-1.0,-1.0,1,0,1,0,0.0,0.0013469771349361912
675,frozen,46,0,3,0,0,-1.0,-1.0,1,0,1,0,0.0,0.0013469771349361912
676,frozen,46,3,3,0,1,1.0,1.0,0,nan,nan,nan,0.0,0.0013469771349361912
677,frozen,46,7,2,0,0,-1.0,-1.0,1,1,0,0,0.0,0.0013469771349361912
678,frozen,46,3,3,0,1,1.0,1.0,0,nan,nan,nan,0.0,0.0013469771349361912
679,frozen,46,8,2,0,0,-1.0,-1.0,1,1,0,0,0.0,0.0013469771349361912
680,frozen,46,8,5,1,0,-1.0,-1.0,1,0,1,0,0.0,0.0013469771349361912
681,frozen,46,0,3,0,0,-1.0,-1.0,1,0,1,0,0.0,0.0013469771349361912
682,frozen,46,1,3,0,0,-1.0,-1.0,1,0,1,0,0.0,0.0013469771349361912
683,frozen,46,2,5,1,0,-1.0,-1.0,1,0,1,0,0.0,0.0013469771349361912
684,frozen,46,4,3,0,1,1.0,1.0,0,nan,nan,nan,0.0,0.0013469771349361912
685,frozen,46,0,4,1,0,-1.0,-1.0,1,1,0,0,0.0,0.0013469771349361912
686,frozen,46,0,5,1,0,-1.0,-1.0,1,0,1,0,0.0,0.0013469771349361912
687,frozen,46,4,5,1,1,1.0,1.0,0,nan,nan,nan,0.0,0.0013469771349361912
688,frozen,46,3,6,1,0,-1.0,-1.0,1,1,0,0,0.0,0.0013469771349361912
689,frozen,46,3,5,1,0,-1.0,-1.0,1,0,1,0,0.0,0.0013469771349361912
690,frozen,46,5,3,0,0,-1.0,-1.0,1,0,1,0,0.0,0.0013469771349361912
691,frozen,46,7,3,0,0,-1.0,-1.0,1,0,1,0,0.0,0.0013469771349361912
692,frozen,46,0,3,0,0,-1.0,-1.0,1,0,1,0,0.0,0.0013469771349361912
693,frozen,46,3,3,0,1,1.0,1.0,0,nan,nan,nan,0.0,0.0013469771349361912
694,frozen,46,8,2,0,0,-1.0,-1.0,1,1,0,0,0.0,0.0013469771349361912
695,frozen,46,8,3,0,0,-1.0,-1.0,1,0,1,0,0.0,0.0013469771349361912
696,frozen,46,5,3,0,0,-1.0,-1.0,1,0,1,0,0.0,0.0013469771349361912
697,frozen,46,4,5,1,1,1.0,1.0,0,nan,nan,nan,0.0,0.0013469771349361912
698,frozen,46,6,6,1,1,1.0,1.0,0,nan,nan,nan,0.0,0.0013469771349361912
699,frozen,46,7,7,1,1,1.0,1.0,0,nan,nan,nan,0.0,0.0013469771349361912
700,frozen,46,8,6,0,0,-1.0,-1.0,1,3,0,1,0.0,0.0013469771349361912
701,frozen,46,7,3,0,0,-1.0,-1.0,1,0,1,0,0.0,0.0013469771349361912
702,frozen,46,0,5,1,0,-1.0,-1.0,1,0,1,0,0.0,0.0013469771349361912
703,frozen,46,0,3,0,0,-1.0,-1.0,1,0,1,0,0.0,0.0013469771349361912
704,frozen,46,6,3,0,0,-1.0,-1.0,1,0,1,0,0.0,0.0013469771349361912
705,frozen,46,1,5,1,0,-1.0,-1.0,1,0,1,0,0.0,0.0013469771349361912
706,frozen,46,5,3,0,0,-1.0,-1.0,1,0,1,0,0.0,0.0013469771349361912
707,frozen,46,6,3,0,0,-1.0,-1.0,1,0,1,0,0.0,0.0013469771349361912
708,frozen,46,2,5,1,0,-1.0,-1.0,1,0,1,0,0.0,0.0013469771349361912
709,frozen,46,8,5,1,0,-1.0,-1.0,1,0,1,0,0.0,0.0013469771349361912
710,frozen,46,8,5,1,0,-1.0,-1.0,1,0,1,0,0.0,0.0013469771349361912
711,frozen,46,0,5,1,0,-1.0,-1.0,1,0,1,0,0.0,0.0013469771349361912
712,frozen,46,3,3,0,1,1.0,1.0,0,nan,nan,nan,0.0,0.0013469771349361912
713,frozen,46,0,2,0,0,-1.0,-1.0,1,1,0,0,0.0,0.0013469771349361912
714,frozen,46,7,3,0,0,-1.0,-1.0,1,0,1,0,0.0,0.0013469771349361912
715,frozen,46,2,3,0,1,1.0,1.0,0,nan,nan,nan,0.0,0.0013469771349361912
716,frozen,46,1,4,1,0,-1.0,-1.0,1,1,0,0,0.0,0.0013469771349361912
717,frozen,46,6,3,0,0,-1.0,-1.0,1,0,1,0,0.0,0.0013469771349361912
718,frozen,46,5,5,1,1,1.0,1.0,0,nan,nan,nan,0.0,0.0013469771349361912
719,frozen,46,6,6,1,1,1.0,1.0,0,nan,nan,nan,0.0,0.0013469771349361912
720,frozen,46,6,7,1,1,1.0,1.0,0,nan,nan,nan,0.0,0.0013469771349361912
721,frozen,46,3,6,0,0,-1.0,-1.0,1,3,0,1,0.0,0.0013469771349361912
722,frozen,46,7,3,0,0,-1.0,-1.0,1,0,1,0,0.0,0.0013469771349361912
723,frozen,46,0,5,1,0,-1.0,-1.0,1,0,1,0,0.0,0.0013469771349361912
724,frozen,46,8,5,1,0,-1.0,-1.0,1,0,1,0,0.0,0.0013469771349361912
725,frozen,46,0,5,1,0,-1.0,-1.0,1,0,1,0,0.0,0.0013469771349361912
726,frozen,46,3,5,1,0,-1.0,-1.0,1,0,1,0,0.0,0.0013469771349361912
727,frozen,46,7,3,0,0,-1.0,-1.0,1,0,1,0,0.0,0.0013469771349361912
728,frozen,46,6,3,0,0,-1.0,-1.0,1,0,1,0,0.0,0.0013469771349361912
729,frozen,46,4,5,1,1,1.0,1.0,0,nan,nan,nan,0.0,0.0013469771349361912
730,frozen,46,0,6,1,0,-1.0,-1.0,1,1,0,0,0.0,0.0013469771349361912
731,frozen,46,2,5,1,0,-1.0,-1.0,1,0,1,0,0.0,0.0013469771349361912
732,frozen,46,4,5,1,1,1.0,1.0,0,nan,nan,nan,0.0,0.0013469771349361912
733,frozen,46,5,6,1,1,1.0,1.0,0,nan,nan,nan,0.0,0.0013469771349361912
734,frozen,46,6,7,1,1,1.0,1.0,0,nan,nan,nan,0.0,0.0013469771349361912
735,frozen,46,2,8,1,0,-1.0,-1.0,1,3,0,1,0.0,0.0013469771349361912
736,frozen,46,0,5,1,0,-1.0,-1.0,1,0,1,0,0.0,0.0013469771349361912
737,frozen,46,8,5,1,0,-1.0,-1.0,1,0,1,0,0.0,0.0013469771349361912
738,frozen,46,6,3,0,0,-1.0,-1.0,1,0,1,0,0.0,0.0013469771349361912
739,frozen,46,8,3,0,0,-1.0,-1.0,1,0,1,0,0.0,0.0013469771349361912
740,frozen,46,0,3,0,0,-1.0,-1.0,1,0,1,0,0.0,0.0013469771349361912
741,frozen,46,5,3,0,0,-1.0,-1.0,1,0,1,0,0.0,0.0013469771349361912
742,frozen,46,3,3,0,1,1.0,1.0,0,nan,nan,nan,0.0,0.0013469771349361912
743,frozen,46,2,2,0,1,1.0,1.0,0,nan,nan,nan,0.0,0.0013469771349361912
744,frozen,46,5,1,0,0,-1.0,-1.0,1,2,0,0,0.0,0.0013469771349361912
745,frozen,46,1,5,1,0,-1.0,-1.0,1,0,1,0,0.0,0.0013469771349361912
746,frozen,46,2,5,1,0,-1.0,-1.0,1,0,1,0,0.0,0.0013469771349361912
747,frozen,46,0,3,0,0,-1.0,-1.0,1,0,1,0,0.0,0.0013469771349361912
748,frozen,46,3,5,1,0,-1.0,-1.0,1,0,1,0,0.0,0.0013469771349361912
749,frozen,46,4,5,1,1,1.0,1.0,0,nan,nan,nan,0.0,0.0013469771349361912
750,frozen,46,8,4,0,0,-1.0,-1.0,1,1,0,0,0.0,0.0013469771349361912
751,frozen,46,6,3,0,0,-1.0,-1.0,1,0,1,0,0.0,0.0013469771349361912
752,frozen,46,2,5,1,0,-1.0,-1.0,1,0,1,0,0.0,0.0013469771349361912
753,frozen,46,7,3,0,0,-1.0,-1.0,1,0,1,0,0.0,0.0013469771349361912
754,frozen,46,8,5,1,0,-1.0,-1.0,1,0,1,0,0.0,0.0013469771349361912
755,frozen,46,6,3,0,0,-1.0,-1.0,1,0,1,0,0.0,0.0013469771349361912
756,frozen,46,0,3,0,0,-1.0,-1.0,1,0,1,0,0.0,0.0013469771349361912
757,frozen,46,0,5,1,0,-1.0,-1.0,1,0,1,0,0.0,0.0013469771349361912
758,frozen,46,1,3,0,0,-1.0,-1.0,1,0,1,0,0.0,0.0013469771349361912
759,frozen,46,7,3,0,0,-1.0,-1.0,1,0,1,0,0.0,0.0013469771349361912
760,frozen,46,6,5,1,1,1.0,1.0,0,nan,nan,nan,0.0,0.0013469771349361912
761,frozen,46,2,4,0,0,-1.0,-1.0,1,1,0,0,0.0,0.0013469771349361912
762,frozen,46,4,5,1,1,1.0,1.0,0,nan,nan,nan,0.0,0.0013469771349361912
763,frozen,46,4,6,1,0,-1.0,-1.0,1,1,0,0,0.0,0.0013469771349361912
764,frozen,46,1,3,0,0,-1.0,-1.0,1,0,1,0,0.0,0.0013469771349361912
765,frozen,46,7,3,0,0,-1.0,-1.0,1,0,1,0,0.0,0.0013469771349361912
766,frozen,46,6,3,0,0,-1.0,-1.0,1,0,1,0,0.0,0.0013469771349361912
767,frozen,46,1,3,0,0,-1.0,-1.0,1,0,1,0,0.0,0.0013469771349361912
768,frozen,46,0,5,1,0,-1.0,-1.0,1,0,1,0,0.0,0.0013469771349361912
769,frozen,46,3,5,1,0,-1.0,-1.0,1,0,1,0,0.0,0.0013469771349361912
770,frozen,46,3,3,0,1,1.0,1.0,0,nan,nan,nan,0.0,0.0013469771349361912
771,frozen,46,2,4,1,0,-1.0,-1.0,1,1,0,0,0.0,0.0013469771349361912
772,frozen,46,1,3,0,0,-1.0,-1.0,1,0,1,0,0.0,0.0013469771349361912
773,frozen,46,4,5,1,1,1.0,1.0,0,nan,nan,nan,0.0,0.0013469771349361912
774,frozen,46,5,6,1,1,1.0,1.0,0,nan,nan,nan,0.0,0.0013469771349361912
775,frozen,46,1,5,0,0,-1.0,-1.0,1,2,0,0,0.0,0.0013469771349361912
776,frozen,46,3,3,0,1,1.0,1.0,0,nan,nan,nan,0.0,0.0013469771349361912
777,frozen,46,0,2,0,0,-1.0,-1.0,1,1,0,0,0.0,0.0013469771349361912
778,frozen,46,7,3,0,0,-1.0,-1.0,1,0,1,0,0.0,0.0013469771349361912
779,frozen,46,3,3,0,1,1.0,1.0,0,nan,nan,nan,0.0,0.0013469771349361912
780,frozen,46,5,2,0,0,-1.0,-1.0,1,1,0,0,0.0,0.0013469771349361912
781,frozen,46,4,5,1,1,1.0,1.0,0,nan,nan,nan,0.0,0.0013469771349361912
782,frozen,46,2,4,0,0,-1.0,-1.0,1,1,0,0,0.0,0.0013469771349361912
783,frozen,46,5,3,0,0,-1.0,-1.0,1,0,1,0,0.0,0.0013469771349361912
784,frozen,46,2,5,1,0,-1.0,-1.0,1,0,1,0,0.0,0.0013469771349361912
785,frozen,46,2,5,1,0,-1.0,-1.0,1,0,1,0,0.0,0.0013469771349361912
786,frozen,46,8,3,0,0,-1.0,-1.0,1,0,1,0,0.0,0.0013469771349361912
787,frozen,46,5,3,0,0,-1.0,-1.0,1,0,1,0,0.0,0.0013469771349361912
788,frozen,46,8,5,1,0,-1.0,-1.0,1,0,1,0,0.0,0.0013469771349361912
789,frozen,46,0,3,0,0,-1.0,-1.0,1,0,1,0,0.0,0.0013469771349361912
790,frozen,46,2,5,1,0,-1.0,-1.0,1,0,1,0,0.0,0.0013469771349361912
791,frozen,46,1,5,1,0,-1.0,-1.0,1,0,1,0,0.0,0.0013469771349361912
792,frozen,46,4,5,1,1,1.0,1.0,0,nan,nan,nan,0.0,0.0013469771349361912
793,frozen,46,2,4,0,0,-1.0,-1.0,1,1,0,0,0.0,0.0013469771349361912
794,frozen,46,0,3,0,0,-1.0,-1.0,1,0,1,0,0.0,0.0013469771349361912
795,frozen,46,0,5,1,0,-1.0,-1.0,1,0,1,0,0.0,0.0013469771349361912
796,frozen,46,6,5,1,1,1.0,1.0,0,nan,nan,nan,0.0,0.0013469771349361912
797,frozen,46,2,6,1,0,-1.0,-1.0,1,1,0,0,0.0,0.0013469771349361912
798,frozen,46,2,5,1,0,-1.0,-1.0,1,0,1,0,0.0,0.0013469771349361912
799,frozen,46,7,3,0,0,-1.0,-1.0,1,0,1,0,0.0,0.0013469771349361912
800,frozen,46,7,3,0,0,-1.0,-1.0,1,0,1,0,0.0,0.0013469771349361912
801,frozen,46,1,3,0,0,-1.0,-1.0,1,0,1,0,0.0,0.0013469771349361912
802,frozen,46,1,3,0,0,-1.0,-1.0,1,0,1,0,0.0,0.0013469771349361912
803,frozen,46,3,5,1,0,-1.0,-1.0,1,0,1,0,0.0,0.0013469771349361912
804,frozen,46,1,5,1,0,-1.0,-1.0,1,0,1,0,0.0,0.0013469771349361912
805,frozen,46,2,5,1,0,-1.0,-1.0,1,0,1,0,0.0,0.0013469771349361912
806,frozen,46,0,5,1,0,-1.0,-1.0,1,0,1,0,0.0,0.0013469771349361912
807,frozen,46,2,5,1,0,-1.0,-1.0,1,0,1,0,0.0,0.0013469771349361912
808,frozen,46,7,3,0,0,-1.0,-1.0,1,0,1,0,0.0,0.0013469771349361912
809,frozen,46,7,3,0,0,-1.0,-1.0,1,0,1,0,0.0,0.0013469771349361912
810,frozen,46,1,3,0,0,-1.0,-1.0,1,0,1,0,0.0,0.0013469771349361912
811,frozen,46,7,3,0,0,-1.0,-1.0,1,0,1,0,0.0,0.0013469771349361912
812,frozen,46,6,5,1,1,1.0,1.0,0,nan,nan,nan,0.0,0.0013469771349361912
813,frozen,46,1,4,0,0,-1.0,-1.0,1,1,0,0,0.0,0.0013469771349361912
814,frozen,46,3,3,0,1,1.0,1.0,0,nan,nan,nan,0.0,0.0013469771349361912
815,frozen,46,4,4,1,1,1.0,1.0,0,nan,nan,nan,0.0,0.0013469771349361912
816,frozen,46,4,5,1,1,1.0,1.0,0,nan,nan,nan,0.0,0.0013469771349361912
817,frozen,46,0,4,0,0,-1.0,-1.0,1,3,0,1,0.0,0.0013469771349361912
818,frozen,46,2,3,0,1,1.0,1.0,0,nan,nan,nan,0.0,0.0013469771349361912
819,frozen,46,4,4,1,1,1.0,1.0,0,nan,nan,nan,0.0,0.0013469771349361912
820,frozen,46,4,5,1,1,1.0,1.0,0,nan,nan,nan,0.0,0.0013469771349361912
821,frozen,46,5,6,1,1,1.0,1.0,0,nan,nan,nan,0.0,0.0013469771349361912
822,frozen,46,4,7,1,0,-1.0,-1.0,1,4,0,1,0.0,0.0013469771349361912
823,frozen,46,1,3,0,0,-1.0,-1.0,1,0,1,0,0.0,0.0013469771349361912
824,frozen,46,5,3,0,0,-1.0,-1.0,1,0,1,0,0.0,0.0013469771349361912
825,frozen,46,1,3,0,0,-1.0,-1.0,1,0,1,0,0.0,0.0013469771349361912
826,frozen,46,7,3,0,0,-1.0,-1.0,1,0,1,0,0.0,0.0013469771349361912
827,frozen,46,1,3,0,0,-1.0,-1.0,1,0,1,0,0.0,0.0013469771349361912
828,frozen,46,8,3,0,0,-1.0,-1.0,1,0,1,0,0.0,0.0013469771349361912
829,frozen,46,1,3,0,0,-1.0,-1.0,1,0,1,0,0.0,0.0013469771349361912
830,frozen,46,0,3,0,0,-1.0,-1.0,1,0,1,0,0.0,0.0013469771349361912
831,frozen,46,3,3,0,1,1.0,1.0,0,nan,nan,nan,0.0,0.0013469771349361912
832,frozen,46,1,4,1,0,-1.0,-1.0,1,1,0,0,0.0,0.0013469771349361912
833,frozen,46,8,3,0,0,-1.0,-1.0,1,0,1,0,0.0,0.0013469771349361912
834,frozen,46,4,5,1,1,1.0,1.0,0,nan,nan,nan,0.0,0.0013469771349361912
835,frozen,46,8,4,0,0,-1.0,-1.0,1,1,0,0,0.0,0.0013469771349361912
836,frozen,46,2,5,1,0,-1.0,-1.0,1,0,1,0,0.0,0.0013469771349361912
837,frozen,46,7,3,0,0,-1.0,-1.0,1,0,1,0,0.0,0.0013469771349361912
838,frozen,46,5,3,0,0,-1.0,-1.0,1,0,1,0,0.0,0.0013469771349361912
839,frozen,46,5,5,1,1,1.0,1.0,0,nan,nan,nan,0.0,0.0013469771349361912
840,frozen,46,8,4,0,0,-1.0,-1.0,1,1,0,0,0.0,0.0013469771349361912
841,frozen,46,3,3,0,1,1.0,1.0,0,nan,nan,nan,0.0,0.0013469771349361912
842,frozen,46,0,2,0,0,-1.0,-1.0,1,1,0,0,0.0,0.0013469771349361912
843,frozen,46,0,5,1,0,-1.0,-1.0,1,0,1,0,0.0,0.0013469771349361912
844,frozen,46,6,3,0,0,-1.0,-1.0,1,0,1,0,0.0,0.0013469771349361912
845,frozen,46,5,3,0,0,-1.0,-1.0,1,0,1,0,0.0,0.0013469771349361912
846,frozen,46,8,5,1,0,-1.0,-1.0,1,0,1,0,0.0,0.0013469771349361912
847,frozen,46,8,5,1,0,-1.0,-1.0,1,0,1,0,0.0,0.0013469771349361912
848,frozen,46,7,3,0,0,-1.0,-1.0,1,0,1,0,0.0,0.0013469771349361912
849,frozen,46,7,5,1,0,-1.0,-1.0,1,0,1,0,0.0,0.0013469771349361912
850,frozen,46,8,5,1,0,-1.0,-1.0,1,0,1,0,0.0,0.0013469771349361912
851,frozen,46,1,3,0,0,-1.0,-1.0,1,0,1,0,0.0,0.0013469771349361912
852,frozen,46,1,3,0,0,-1.0,-1.0,1,0,1,0,0.0,0.0013469771349361912
853,frozen,46,8,5,1,0,-1.0,-1.0,1,0,1,0,0.0,0.0013469771349361912
854,frozen,46,7,3,0,0,-1.0,-1.0,1,0,1,0,0.0,0.0013469771349361912
855,frozen,46,0,3,0,0,-1.0,-1.0,1,0,1,0,0.0,0.0013469771349361912
856,frozen,46,4,3,0,1,1.0,1.0,0,nan,nan,nan,0.0,0.0013469771349361912
857,frozen,46,5,4,1,1,1.0,1.0,0,nan,nan,nan,0.0,0.0013469771349361912
858,frozen,46,4,5,1,1,1.0,1.0,0,nan,nan,nan,0.0,0.0013469771349361912
859,frozen,46,0,6,1,0,-1.0,-1.0,1,3,0,1,0.0,0.0013469771349361912
860,frozen,46,6,5,1,1,1.0,1.0,0,nan,nan,nan,0.0,0.0013469771349361912
861,frozen,46,7,6,1,1,1.0,1.0,0,nan,nan,nan,0.0,0.0013469771349361912
862,frozen,46,7,7,1,1,1.0,1.0,0,nan,nan,nan,0.0,0.0013469771349361912
863,frozen,46,3,6,0,0,-1.0,-1.0,1,3,0,1,0.0,0.0013469771349361912
864,frozen,46,5,3,0,0,-1.0,-1.0,1,0,1,0,0.0,0.0013469771349361912
865,frozen,46,7,3,0,0,-1.0,-1.0,1,0,1,0,0.0,0.0013469771349361912
866,frozen,46,8,3,0,0,-1.0,-1.0,1,0,1,0,0.0,0.0013469771349361912
867,frozen,46,1,5,1,0,-1.0,-1.0,1,0,1,0,0.0,0.0013469771349361912
868,frozen,46,3,5,1,0,-1.0,-1.0,1,0,1,0,0.0,0.0013469771349361912
869,frozen,46,3,3,0,1,1.0,1.0,0,nan,nan,nan,0.0,0.0013469771349361912
870,frozen,46,1,4,1,0,-1.0,-1.0,1,1,0,0,0.0,0.0013469771349361912
871,frozen,46,7,3,0,0,-1.0,-1.0,1,0,1,0,0.0,0.0013469771349361912
872,frozen,46,7,3,0,0,-1.0,-1.0,1,0,1,0,0.0,0.0013469771349361912
873,frozen,46,3,3,0,1,1.0,1.0,0,nan,nan,nan,0.0,0.0013469771349361912
874,frozen,46,1,4,1,0,-1.0,-1.0,1,1,0,0,0.0,0.0013469771349361912
875,frozen,46,0,3,0,0,-1.0,-1.0,1,0,1,0,0.0,0.0013469771349361912
876,frozen,46,3,3,0,1,1.0,1.0,0,nan,nan,nan,0.0,0.0013469771349361912
877,frozen,46,7,2,0,0,-1.0,-1.0,1,1,0,0,0.0,0.0013469771349361912
878,frozen,46,1,5,1,0,-1.0,-1.0,1,0,1,0,0.0,0.0013469771349361912
879,frozen,46,2,5,1,0,-1.0,-1.0,1,0,1,0,0.0,0.0013469771349361912
880,frozen,46,5,3,0,0,-1.0,-1.0,1,0,1,0,0.0,0.0013469771349361912
881,frozen,46,1,5,1,0,-1.0,-1.0,1,0,1,0,0.0,0.0013469771349361912
882,frozen,46,4,5,1,1,1.0,1.0,0,nan,nan,nan,0.0,0.0013469771349361912
883,frozen,46,2,6,1,0,-1.0,-1.0,1,1,0,0,0.0,0.0013469771349361912
884,frozen,46,8,3,0,0,-1.0,-1.0,1,0,1,0,0.0,0.0013469771349361912
885,frozen,46,5,3,0,0,-1.0,-1.0,1,0,1,0,0.0,0.0013469771349361912
886,frozen,46,0,5,1,0,-1.0,-1.0,1,0,1,0,0.0,0.0013469771349361912
887,frozen,46,5,5,1,1,1.0,1.0,0,nan,nan,nan,0.0,0.0013469771349361912
888,frozen,46,0,4,0,0,-1.0,-1.0,1,1,0,0,0.0,0.0013469771349361912
889,frozen,46,2,5,1,0,-1.0,-1.0,1,0,1,0,0.0,0.0013469771349361912
890,frozen,46,6,3,0,0,-1.0,-1.0,1,0,1,0,0.0,0.0013469771349361912
891,frozen,46,4,5,1,1,1.0,1.0,0,nan,nan,nan,0.0,0.0013469771349361912
892,frozen,46,7,6,1,1,1.0,1.0,0,nan,nan,nan,0.0,0.0013469771349361912
893,frozen,46,1,5,0,0,-1.0,-1.0,1,2,0,0,0.0,0.0013469771349361912
894,frozen,46,5,3,0,0,-1.0,-1.0,1,0,1,0,0.0,0.0013469771349361912
895,frozen,46,5,3,0,0,-1.0,-1.0,1,0,1,0,0.0,0.0013469771349361912
896,frozen,46,7,3,0,0,-1.0,-1.0,1,0,1,0,0.0,0.0013469771349361912
897,frozen,46,6,3,0,0,-1.0,-1.0,1,0,1,0,0.0,0.0013469771349361912
898,frozen,46,0,5,1,0,-1.0,-1.0,1,0,1,0,0.0,0.0013469771349361912
899,frozen,46,6,5,1,1,1.0,1.0,0,nan,nan,nan,0.0,0.0013469771349361912
900,frozen,46,8,4,0,0,-1.0,-1.0,1,1,0,0,0.0,0.0013469771349361912
901,frozen,46,3,5,1,0,-1.0,-1.0,1,0,1,0,0.0,0.0013469771349361912
902,frozen,46,3,5,1,0,-1.0,-1.0,1,0,1,0,0.0,0.0013469771349361912
903,frozen,46,0,5,1,0,-1.0,-1.0,1,0,1,0,0.0,0.0013469771349361912
904,frozen,46,8,3,0,0,-1.0,-1.0,1,0,1,0,0.0,0.0013469771349361912
905,frozen,46,8,5,1,0,-1.0,-1.0,1,0,1,0,0.0,0.0013469771349361912
906,frozen,46,6,5,1,1,1.0,1.0,0,nan,nan,nan,0.0,0.0013469771349361912
907,frozen,46,8,4,0,0,-1.0,-1.0,1,1,0,0,0.0,0.0013469771349361912
908,frozen,46,8,5,1,0,-1.0,-1.0,1,0,1,0,0.0,0.0013469771349361912
909,frozen,46,5,3,0,0,-1.0,-1.0,1,0,1,0,0.0,0.0013469771349361912
910,frozen,46,8,5,1,0,-1.0,-1.0,1,0,1,0,0.0,0.0013469771349361912
911,frozen,46,0,5,1,0,-1.0,-1.0,1,0,1,0,0.0,0.0013469771349361912
912,frozen,46,2,5,1,0,-1.0,-1.0,1,0,1,0,0.0,0.0013469771349361912
913,frozen,46,3,5,1,0,-1.0,-1.0,1,0,1,0,0.0,0.0013469771349361912
914,frozen,46,2,5,1,0,-1.0,-1.0,1,0,1,0,0.0,0.0013469771349361912
915,frozen,46,5,5,1,1,1.0,1.0,0,nan,nan,nan,0.0,0.0013469771349361912
916,frozen,46,0,4,0,0,-1.0,-1.0,1,1,0,0,0.0,0.0013469771349361912
917,frozen,46,7,3,0,0,-1.0,-1.0,1,0,1,0,0.0,0.0013469771349361912
918,frozen,46,8,3,0,0,-1.0,-1.0,1,0,1,0,0.0,0.0013469771349361912
919,frozen,46,2,5,1,0,-1.0,-1.0,1,0,1,0,0.0,0.0013469771349361912
920,frozen,46,8,3,0,0,-1.0,-1.0,1,0,1,0,0.0,0.0013469771349361912
921,frozen,46,0,5,1,0,-1.0,-1.0,1,0,1,0,0.0,0.0013469771349361912
922,frozen,46,4,5,1,1,1.0,1.0,0,nan,nan,nan,0.0,0.0013469771349361912
923,frozen,46,3,6,1,0,-1.0,-1.0,1,1,0,0,0.0,0.0013469771349361912
924,frozen,46,1,3,0,0,-1.0,-1.0,1,0,1,0,0.0,0.0013469771349361912
925,frozen,46,3,5,1,0,-1.0,-1.0,1,0,1,0,0.0,0.0013469771349361912
926,frozen,46,1,5,1,0,-1.0,-1.0,1,0,1,0,0.0,0.0013469771349361912
927,frozen,46,5,5,1,1,1.0,1.0,0,nan,nan,nan,0.0,0.0013469771349361912
928,frozen,46,6,4,0,0,-1.0,-1.0,1,1,0,0,0.0,0.0013469771349361912
929,frozen,46,6,3,0,0,-1.0,-1.0,1,0,1,0,0.0,0.0013469771349361912
930,frozen,46,4,5,1,1,1.0,1.0,0,nan,nan,nan,0.0,0.0013469771349361912
931,frozen,46,0,4,0,0,-1.0,-1.0,1,1,0,0,0.0,0.0013469771349361912
932,frozen,46,0,5,1,0,-1.0,-1.0,1,0,1,0,0.0,0.0013469771349361912
933,frozen,46,1,5,1,0,-1.0,-1.0,1,0,1,0,0.0,0.0013469771349361912
934,frozen,46,8,5,1,0,-1.0,-1.0,1,0,1,0,0.0,0.0013469771349361912
935,frozen,46,0,3,0,0,-1.0,-1.0,1,0,1,0,0.0,0.0013469771349361912
936,frozen,46,1,3,0,0,-1.0,-1.0,1,0,1,0,0.0,0.0013469771349361912
937,frozen,46,8,5,1,0,-1.0,-1.0,1,0,1,0,0.0,0.0013469771349361912
938,frozen,46,8,5,1,0,-1.0,-1.0,1,0,1,0,0.0,0.0013469771349361912
939,frozen,46,5,3,0,0,-1.0,-1.0,1,0,1,0,0.0,0.0013469771349361912
940,frozen,46,6,3,0,0,-1.0,-1.0,1,0,1,0,0.0,0.0013469771349361912
941,frozen,46,8,5,1,0,-1.0,-1.0,1,0,1,0,0.0,0.0013469771349361912
942,frozen,46,5,3,0,0,-1.0,-1.0,1,0,1,0,0.0,0.0013469771349361912
943,frozen,46,1,5,1,0,-1.0,-1.0,1,0,1,0,0.0,0.0013469771349361912
944,frozen,46,6,5,1,1,1.0,1.0,0,nan,nan,nan,0.0,0.0013469771349361912
945,frozen,46,6,6,1,1,1.0,1.0,0,nan,nan,nan,0.0,0.0013469771349361912
946,frozen,46,5,5,0,1,1.0,1.0,0,nan,nan,nan,0.0,0.0013469771349361912
947,frozen,46,0,4,0,0,-1.0,-1.0,1,3,0,1,0.0,0.0013469771349361912
948,frozen,46,7,3,0,0,-1.0,-1.0,1,0,1,0,0.0,0.0013469771349361912
949,frozen,46,1,5,1,0,-1.0,-1.0,1,0,1,0,0.0,0.0013469771349361912
950,frozen,46,1,3,0,0,-1.0,-1.0,1,0,1,0,0.0,0.0013469771349361912
951,frozen,46,5,3,0,0,-1.0,-1.0,1,0,1,0,0.0,0.0013469771349361912
952,frozen,46,0,5,1,0,-1.0,-1.0,1,0,1,0,0.0,0.0013469771349361912
953,frozen,46,5,3,0,0,-1.0,-1.0,1,0,1,0,0.0,0.0013469771349361912
954,frozen,46,1,5,1,0,-1.0,-1.0,1,0,1,0,0.0,0.0013469771349361912
955,frozen,46,2,5,1,0,-1.0,-1.0,1,0,1,0,0.0,0.0013469771349361912
956,frozen,46,2,5,1,0,-1.0,-1.0,1,0,1,0,0.0,0.0013469771349361912
957,frozen,46,6,3,0,0,-1.0,-1.0,1,0,1,0,0.0,0.0013469771349361912
958,frozen,46,0,5,1,0,-1.0,-1.0,1,0,1,0,0.0,0.0013469771349361912
959,frozen,46,3,5,1,0,-1.0,-1.0,1,0,1,0,0.0,0.0013469771349361912
960,frozen,46,6,3,0,0,-1.0,-1.0,1,0,1,0,0.0,0.0013469771349361912
961,frozen,46,6,5,1,1,1.0,1.0,0,nan,nan,nan,0.0,0.0013469771349361912
962,frozen,46,0,6,1,0,-1.0,-1.0,1,1,0,0,0.0,0.0013469771349361912
963,frozen,46,3,5,1,0,-1.0,-1.0,1,0,1,0,0.0,0.0013469771349361912
964,frozen,46,4,3,0,1,1.0,1.0,0,nan,nan,nan,0.0,0.0013469771349361912
965,frozen,46,3,4,1,1,1.0,1.0,0,nan,nan,nan,0.0,0.0013469771349361912
966,frozen,46,1,5,1,0,-1.0,-1.0,1,2,0,0,0.0,0.0013469771349361912
967,frozen,46,6,5,1,1,1.0,1.0,0,nan,nan,nan,0.0,0.0013469771349361912
968,frozen,46,8,4,0,0,-1.0,-1.0,1,1,0,0,0.0,0.0013469771349361912
969,frozen,46,2,5,1,0,-1.0,-1.0,1,0,1,0,0.0,0.0013469771349361912
970,frozen,46,6,5,1,1,1.0,1.0,0,nan,nan,nan,0.0,0.0013469771349361912
971,frozen,46,4,6,1,0,-1.0,-1.0,1,1,0,0,0.0,0.0013469771349361912
972,frozen,46,5,3,0,0,-1.0,-1.0,1,0,1,0,0.0,0.0013469771349361912
973,frozen,46,6,3,0,0,-1.0,-1.0,1,0,1,0,0.0,0.0013469771349361912
974,frozen,46,2,5,1,0,-1.0,-1.0,1,0,1,0,0.0,0.0013469771349361912
975,frozen,46,0,5,1,0,-1.0,-1.0,1,0,1,0,0.0,0.0013469771349361912
976,frozen,46,7,3,0,0,-1.0,-1.0,1,0,1,0,0.0,0.0013469771349361912
977,frozen,46,1,5,1,0,-1.0,-1.0,1,0,1,0,0.0,0.0013469771349361912
978,frozen,46,4,5,1,1,1.0,1.0,0,nan,nan,nan,0.0,0.0013469771349361912
979,frozen,46,4,4,0,1,1.0,1.0,0,nan,nan,nan,0.0,0.0013469771349361912
980,frozen,46,1,3,0,0,-1.0,-1.0,1,2,0,0,0.0,0.0013469771349361912
981,frozen,46,5,5,1,1,1.0,1.0,0,nan,nan,nan,0.0,0.0013469771349361912
982,frozen,46,0,6,1,0,-1.0,-1.0,1,1,0,0,0.0,0.0013469771349361912
983,frozen,46,8,3,0,0,-1.0,-1.0,1,0,1,0,0.0,0.0013469771349361912
984,frozen,46,1,3,0,0,-1.0,-1.0,1,0,1,0,0.0,0.0013469771349361912
985,frozen,46,6,3,0,0,-1.0,-1.0,1,0,1,0,0.0,0.0013469771349361912
986,frozen,46,3,5,1,0,-1.0,-1.0,1,0,1,0,0.0,0.0013469771349361912
987,frozen,46,0,5,1,0,-1.0,-1.0,1,0,1,0,0.0,0.0013469771349361912
988,frozen,46,3,5,1,0,-1.0,-1.0,1,0,1,0,0.0,0.0013469771349361912
989,frozen,46,4,5,1,1,1.0,1.0,0,nan,nan,nan,0.0,0.0013469771349361912
990,frozen,46,3,6,1,0,-1.0,-1.0,1,1,0,0,0.0,0.0013469771349361912
991,frozen,46,5,3,0,0,-1.0,-1.0,1,0,1,0,0.0,0.0013469771349361912
992,frozen,46,8,5,1,0,-1.0,-1.0,1,0,1,0,0.0,0.0013469771349361912
993,frozen,46,0,3,0,0,-1.0,-1.0,1,0,1,0,0.0,0.0013469771349361912
994,frozen,46,0,3,0,0,-1.0,-1.0,1,0,1,0,0.0,0.0013469771349361912
995,frozen,46,7,3,0,0,-1.0,-1.0,1,0,1,0,0.0,0.0013469771349361912
996,frozen,46,2,5,1,0,-1.0,-1.0,1,0,1,0,0.0,0.0013469771349361912
997,frozen,46,1,5,1,0,-1.0,-1.0,1,0,1,0,0.0,0.0013469771349361912
998,frozen,46,2,5,1,0,-1.0,-1.0,1,0,1,0,0.0,0.0013469771349361912
999,frozen,46,6,5,1,1,1.0,1.0,0,nan,nan,nan,0.0,0.0013469771349361912
1000,frozen,46,5,6,1,1,1.0,1.0,0,nan,nan,nan,0.0,0.0013469771349361912
1001,frozen,46,1,5,0,0,-1.0,-1.0,1,2,0,0,0.0,0.0013469771349361912
1002,frozen,46,5,3,0,0,-1.0,-1.0,1,0,1,0,0.0,0.0013469771349361912
1003,frozen,46,3,5,1,0,-1.0,-1.0,1,0,1,0,0.0,0.0013469771349361912
1004,frozen,46,6,3,0,0,-1.0,-1.0,1,0,1,0,0.0,0.0013469771349361912
1005,frozen,46,3,5,1,0,-1.0,-1.0,1,0,1,0,0.0,0.0013469771349361912
1006,frozen,46,4,5,1,1,1.0,1.0,0,nan,nan,nan,0.0,0.0013469771349361912
1007,frozen,46,6,6,1,1,1.0,1.0,0,nan,nan,nan,0.0,0.0013469771349361912
1008,frozen,46,8,5,0,0,-1.0,-1.0,1,2,0,0,0.0,0.0013469771349361912
1009,frozen,46,3,5,1,0,-1.0,-1.0,1,0,1,0,0.0,0.0013469771349361912
1010,frozen,46,0,3,0,0,-1.0,-1.0,1,0,1,0,0.0,0.0013469771349361912
1011,frozen,46,4,5,1,1,1.0,1.0,0,nan,nan,nan,0.0,0.0013469771349361912
1012,frozen,46,2,4,0,0,-1.0,-1.0,1,1,0,0,0.0,0.0013469771349361912
1013,frozen,46,8,3,0,0,-1.0,-1.0,1,0,1,0,0.0,0.0013469771349361912
1014,frozen,46,8,5,1,0,-1.0,-1.0,1,0,1,0,0.0,0.0013469771349361912
1015,frozen,46,5,5,1,1,1.0,1.0,0,nan,nan,nan,0.0,0.0013469771349361912
1016,frozen,46,2,4,0,0,-1.0,-1.0,1,1,0,0,0.0,0.0013469771349361912
1017,frozen,46,2,5,1,0,-1.0,-1.0,1,0,1,0,0.0,0.0013469771349361912
1018,frozen,46,1,5,1,0,-1.0,-1.0,1,0,1,0,0.0,0.0013469771349361912
1019,frozen,46,1,3,0,0,-1.0,-1.0,1,0,1,0,0.0,0.0013469771349361912
1020,frozen,46,1,3,0,0,-1.0,-1.0,1,0,1,0,0.0,0.0013469771349361912
1021,frozen,46,1,3,0,0,-1.0,-1.0,1,0,1,0,0.0,0.0013469771349361912
1022,frozen,46,4,5,1,1,1.0,1.0,0,nan,nan,nan,0.0,0.0013469771349361912
1023,frozen,46,0,6,1,0,-1.0,-1.0,1,1,0,0,0.0,0.0013469771349361912
1024,frozen,46,8,3,0,0,-1.0,-1.0,1,0,1,0,0.0,0.0013469771349361912
1025,frozen,46,0,5,1,0,-1.0,-1.0,1,0,1,0,0.0,0.0013469771349361912
1026,frozen,46,7,3,0,0,-1.0,-1.0,1,0,1,0,0.0,0.0013469771349361912
1027,frozen,46,4,5,1,1,1.0,1.0,0,nan,nan,nan,0.0,0.0013469771349361912
1028,frozen,46,2,6,1,0,-1.0,-1.0,1,1,0,0,0.0,0.0013469771349361912
1029,frozen,46,0,5,1,0,-1.0,-1.0,1,0,1,0,0.0,0.0013469771349361912
1030,frozen,46,6,5,1,1,1.0,1.0,0,nan,nan,nan,0.0,0.0013469771349361912
1031,frozen,46,2,4,0,0,-1.0,-1.0,1,1,0,0,0.0,0.0013469771349361912
1032,frozen,46,0,3,0,0,-1.0,-1.0,1,0,1,0,0.0,0.0013469771349361912
1033,frozen,46,8,5,1,0,-1.0,-1.0,1,0,1,0,0.0,0.0013469771349361912
1034,frozen,46,5,5,1,1,1.0,1.0,0,nan,nan,nan,0.0,0.0013469771349361912
1035,frozen,46,8,4,0,0,-1.0,-1.0,1,1,0,0,0.0,0.0013469771349361912
1036,frozen,46,7,3,0,0,-1.0,-1.0,1,0,1,0,0.0,0.0013469771349361912
1037,frozen,46,2,5,1,0,-1.0,-1.0,1,0,1,0,0.0,0.0013469771349361912
1038,frozen,46,1,5,1,0,-1.0,-1.0,1,0,1,0,0.0,0.0013469771349361912
1039,frozen,46,2,5,1,0,-1.0,-1.0,1,0,1,0,0.0,0.0013469771349361912
1040,frozen,46,4,5,1,1,1.0,1.0,0,nan,nan,nan,0.0,0.0013469771349361912
1041,frozen,46,8,4,0,0,-1.0,-1.0,1,1,0,0,0.0,0.0013469771349361912
1042,frozen,46,2,5,1,0,-1.0,-1.0,1,0,1,0,0.0,0.0013469771349361912
1043,frozen,46,8,5,1,0,-1.0,-1.0,1,0,1,0,0.0,0.0013469771349361912
1044,frozen,46,3,3,0,1,1.0,1.0,0,nan,nan,nan,0.0,0.0013469771349361912
1045,frozen,46,5,4,1,1,1.0,1.0,0,nan,nan,nan,0.0,0.0013469771349361912
1046,frozen,46,7,3,0,0,-1.0,-1.0,1,2,0,0,0.0,0.0013469771349361912
1047,frozen,46,5,5,1,1,1.0,1.0,0,nan,nan,nan,0.0,0.0013469771349361912
1048,frozen,46,3,6,1,0,-1.0,-1.0,1,1,0,0,0.0,0.0013469771349361912
1049,frozen,46,3,3,0,1,1.0,1.0,0,nan,nan,nan,0.0,0.0013469771349361912
1050,frozen,46,3,4,1,1,1.0,1.0,0,nan,nan,nan,0.0,0.0013469771349361912
1051,frozen,46,2,5,1,0,-1.0,-1.0,1,2,0,0,0.0,0.0013469771349361912
1052,frozen,46,0,5,1,0,-1.0,-1.0,1,0,1,0,0.0,0.0013469771349361912
1053,frozen,46,1,3,0,0,-1.0,-1.0,1,0,1,0,0.0,0.0013469771349361912
1054,frozen,46,6,3,0,0,-1.0,-1.0,1,0,1,0,0.0,0.0013469771349361912
1055,frozen,46,2,5,1,0,-1.0,-1.0,1,0,1,0,0.0,0.0013469771349361912
1056,frozen,46,7,3,0,0,-1.0,-1.0,1,0,1,0,0.0,0.0013469771349361912
1057,frozen,46,4,5,1,1,1.0,1.0,0,nan,nan,nan,0.0,0.0013469771349361912
1058,frozen,46,2,4,0,0,-1.0,-1.0,1,1,0,0,0.0,0.0013469771349361912
1059,frozen,46,0,3,0,0,-1.0,-1.0,1,0,1,0,0.0,0.0013469771349361912
1060,frozen,46,1,3,0,0,-1.0,-1.0,1,0,1,0,0.0,0.0013469771349361912
1061,frozen,46,3,3,0,1,1.0,1.0,0,nan,nan,nan,0.0,0.0013469771349361912
1062,frozen,46,4,2,0,0,-1.0,-1.0,1,1,0,0,0.0,0.0013469771349361912
1063,frozen,46,4,5,1,1,1.0,1.0,0,nan,nan,nan,0.0,0.0013469771349361912
1064,frozen,46,7,6,1,1,1.0,1.0,0,nan,nan,nan,0.0,0.0013469771349361912
1065,frozen,46,8,7,1,1,1.0,1.0,0,nan,nan,nan,0.0,0.0013469771349361912
1066,frozen,46,1,8,1,0,-1.0,-1.0,1,3,0,1,0.0,0.0013469771349361912
1067,frozen,46,7,3,0,0,-1.0,-1.0,1,0,1,0,0.0,0.0013469771349361912
1068,frozen,46,1,3,0,0,-1.0,-1.0,1,0,1,0,0.0,0.0013469771349361912
1069,frozen,46,5,5,1,1,1.0,1.0,0,nan,nan,nan,0.0,0.0013469771349361912
1070,frozen,46,4,4,0,1,1.0,1.0,0,nan,nan,nan,0.0,0.0013469771349361912
1071,frozen,46,7,3,0,0,-1.0,-1.0,1,2,0,0,0.0,0.0013469771349361912
1072,frozen,46,7,3,0,0,-1.0,-1.0,1,0,1,0,0.0,0.0013469771349361912
1073,frozen,46,3,3,0,1,1.0,1.0,0,nan,nan,nan,0.0,0.0013469771349361912
1074,frozen,46,8,4,1,0,-1.0,-1.0,1,1,0,0,0.0,0.0013469771349361912
1075,frozen,46,5,5,1,1,1.0,1.0,0,nan,nan,nan,0.0,0.0013469771349361912
1076,frozen,46,5,4,0,1,1.0,1.0,0,nan,nan,nan,0.0,0.0013469771349361912
1077,frozen,46,5,5,1,1,1.0,1.0,0,nan,nan,nan,0.0,0.0013469771349361912
1078,frozen,46,0,4,0,0,-1.0,-1.0,1,3,0,1,0.0,0.0013469771349361912
1079,frozen,46,1,3,0,0,-1.0,-1.0,1,0,1,0,0.0,0.0013469771349361912
1080,frozen,46,1,3,0,0,-1.0,-1.0,1,0,1,0,0.0,0.0013469771349361912
1081,frozen,46,8,3,0,0,-1.0,-1.0,1,0,1,0,0.0,0.0013469771349361912
1082,frozen,46,7,3,0,0,-1.0,-1.0,1,0,1,0,0.0,0.0013469771349361912
1083,frozen,46,1,3,0,0,-1.0,-1.0,1,0,1,0,0.0,0.0013469771349361912
1084,frozen,46,8,5,1,0,-1.0,-1.0,1,0,1,0,0.0,0.0013469771349361912
1085,frozen,46,7,3,0,0,-1.0,-1.0,1,0,1,0,0.0,0.0013469771349361912
1086,frozen,46,4,5,1,1,1.0,1.0,0,nan,nan,nan,0.0,0.0013469771349361912
1087,frozen,46,4,6,1,0,-1.0,-1.0,1,1,0,0,0.0,0.0013469771349361912
1088,frozen,46,8,5,1,0,-1.0,-1.0,1,0,1,0,0.0,0.0013469771349361912
1089,frozen,46,8,3,0,0,-1.0,-1.0,1,0,1,0,0.0,0.0013469771349361912
1090,frozen,46,2,5,1,0,-1.0,-1.0,1,0,1,0,0.0,0.0013469771349361912
1091,frozen,46,5,3,0,0,-1.0,-1.0,1,0,1,0,0.0,0.0013469771349361912
1092,frozen,46,7,3,0,0,-1.0,-1.0,1,0,1,0,0.0,0.0013469771349361912
1093,frozen,46,7,3,0,0,-1.0,-1.0,1,0,1,0,0.0,0.0013469771349361912
1094,frozen,46,7,3,0,0,-1.0,-1.0,1,0,1,0,0.0,0.0013469771349361912
1095,frozen,46,4,5,1,1,1.0,1.0,0,nan,nan,nan,0.0,0.0013469771349361912
1096,frozen,46,4,4,0,1,1.0,1.0,0,nan,nan,nan,0.0,0.0013469771349361912
1097,frozen,46,5,3,0,0,-1.0,-1.0,1,2,0,0,0.0,0.0013469771349361912
1098,frozen,46,0,5,1,0,-1.0,-1.0,1,0,1,0,0.0,0.0013469771349361912
1099,frozen,46,0,3,0,0,-1.0,-1.0,1,0,1,0,0.0,0.0013469771349361912
1100,frozen,46,7,5,1,0,-1.0,-1.0,1,0,1,0,0.0,0.0013469771349361912
1101,frozen,46,7,3,0,0,-1.0,-1.0,1,0,1,0,0.0,0.0013469771349361912
1102,frozen,46,1,5,1,0,-1.0,-1.0,1,0,1,0,0.0,0.0013469771349361912
1103,frozen,46,3,5,1,0,-1.0,-1.0,1,0,1,0,0.0,0.0013469771349361912
1104,frozen,46,3,5,1,0,-1.0,-1.0,1,0,1,0,0.0,0.0013469771349361912
1105,frozen,46,5,5,1,1,1.0,1.0,0,nan,nan,nan,0.0,0.0013469771349361912
1106,frozen,46,4,4,0,1,1.0,1.0,0,nan,nan,nan,0.0,0.0013469771349361912
1107,frozen,46,1,5,1,0,-1.0,-1.0,1,2,0,0,0.0,0.0013469771349361912
1108,frozen,46,5,5,1,1,1.0,1.0,0,nan,nan,nan,0.0,0.0013469771349361912
1109,frozen,46,7,6,1,1,1.0,1.0,0,nan,nan,nan,0.0,0.0013469771349361912
1110,frozen,46,7,5,0,0,-1.0,-1.0,1,2,0,0,0.0,0.0013469771349361912
1111,frozen,46,4,5,1,1,1.0,1.0,0,nan,nan,nan,0.0,0.0013469771349361912
1112,frozen,46,8,4,0,0,-1.0,-1.0,1,1,0,0,0.0,0.0013469771349361912
1113,frozen,46,0,3,0,0,-1.0,-1.0,1,0,1,0,0.0,0.0013469771349361912
1114,frozen,46,2,5,1,0,-1.0,-1.0,1,0,1,0,0.0,0.0013469771349361912
1115,frozen,46,0,3,0,0,-1.0,-1.0,1,0,1,0,0.0,0.0013469771349361912
1116,frozen,46,2,5,1,0,-1.0,-1.0,1,0,1,0,0.0,0.0013469771349361912
1117,frozen,46,2,5,1,0,-1.0,-1.0,1,0,1,0,0.0,0.0013469771349361912
1118,frozen,46,6,3,0,0,-1.0,-1.0,1,0,1,0,0.0,0.0013469771349361912
1119,frozen,46,3,3,0,1,1.0,1.0,0,nan,nan,nan,0.0,0.0013469771349361912
1120,frozen,46,4,2,0,0,-1.0,-1.0,1,1,0,0,0.0,0.0013469771349361912
1121,frozen,46,4,5,1,1,1.0,1.0,0,nan,nan,nan,0.0,0.0013469771349361912
1122,frozen,46,8,4,0,0,-1.0,-1.0,1,1,0,0,0.0,0.0013469771349361912
1123,frozen,46,4,5,1,1,1.0,1.0,0,nan,nan,nan,0.0,0.0013469771349361912
1124,frozen,46,2,4,0,0,-1.0,-1.0,1,1,0,0,0.0,0.0013469771349361912
1125,frozen,46,1,5,1,0,-1.0,-1.0,1,0,1,0,0.0,0.0013469771349361912
1126,frozen,46,2,5,1,0,-1.0,-1.0,1,0,1,0,0.0,0.0013469771349361912
1127,frozen,46,6,5,1,1,1.0,1.0,0,nan,nan,nan,0.0,0.0013469771349361912
1128,frozen,46,7,6,1,1,1.0,1.0,0,nan,nan,nan,0.0,0.0013469771349361912
1129,frozen,46,1,7,1,0,-1.0,-1.0,1,2,0,0,0.0,0.0013469771349361912
1130,frozen,46,3,5,1,0,-1.0,-1.0,1,0,1,0,0.0,0.0013469771349361912
1131,frozen,46,4,5,1,1,1.0,1.0,0,nan,nan,nan,0.0,0.0013469771349361912
1132,frozen,46,5,6,1,1,1.0,1.0,0,nan,nan,nan,0.0,0.0013469771349361912
1133,frozen,46,7,5,0,0,-1.0,-1.0,1,2,0,0,0.0,0.0013469771349361912
1134,frozen,46,4,5,1,1,1.0,1.0,0,nan,nan,nan,0.0,0.0013469771349361912
1135,frozen,46,8,4,0,0,-1.0,-1.0,1,1,0,0,0.0,0.0013469771349361912
1136,frozen,46,2,5,1,0,-1.0,-1.0,1,0,1,0,0.0,0.0013469771349361912
1137,frozen,46,8,5,1,0,-1.0,-1.0,1,0,1,0,0.0,0.0013469771349361912
1138,frozen,46,1,3,0,0,-1.0,-1.0,1,0,1,0,0.0,0.0013469771349361912
1139,frozen,46,0,3,0,0,-1.0,-1.0,1,0,1,0,0.0,0.0013469771349361912
1140,frozen,46,1,5,1,0,-1.0,-1.0,1,0,1,0,0.0,0.0013469771349361912
1141,frozen,46,5,5,1,1,1.0,1.0,0,nan,nan,nan,0.0,0.0013469771349361912
1142,frozen,46,7,4,0,0,-1.0,-1.0,1,1,0,0,0.0,0.0013469771349361912
1143,frozen,46,2,5,1,0,-1.0,-1.0,1,0,1,0,0.0,0.0013469771349361912
1144,frozen,46,5,3,0,0,-1.0,-1.0,1,0,1,0,0.0,0.0013469771349361912
1145,frozen,46,0,3,0,0,-1.0,-1.0,1,0,1,0,0.0,0.0013469771349361912
1146,frozen,46,0,5,1,0,-1.0,-1.0,1,0,1,0,0.0,0.0013469771349361912
1147,frozen,46,8,3,0,0,-1.0,-1.0,1,0,1,0,0.0,0.0013469771349361912
1148,frozen,46,4,3,0,1,1.0,1.0,0,nan,nan,nan,0.0,0.0013469771349361912
1149,frozen,46,7,2,0,0,-1.0,-1.0,1,1,0,0,0.0,0.0013469771349361912
1150,frozen,46,7,3,0,0,-1.0,-1.0,1,0,1,0,0.0,0.0013469771349361912
1151,frozen,46,1,3,0,0,-1.0,-1.0,1,0,1,0,0.0,0.0013469771349361912
1152,frozen,46,2,5,1,0,-1.0,-1.0,1,0,1,0,0.0,0.0013469771349361912
1153,frozen,46,7,3,0,0,-1.0,-1.0,1,0,1,0,0.0,0.0013469771349361912
1154,frozen,46,1,5,1,0,-1.0,-1.0,1,0,1,0,0.0,0.0013469771349361912
1155,frozen,46,4,5,1,1,1.0,1.0,0,nan,nan,nan,0.0,0.0013469771349361912
1156,frozen,46,2,4,0,0,-1.0,-1.0,1,1,0,0,0.0,0.0013469771349361912
1157,frozen,46,1,5,1,0,-1.0,-1.0,1,0,1,0,0.0,0.0013469771349361912
1158,frozen,46,0,3,0,0,-1.0,-1.0,1,0,1,0,0.0,0.0013469771349361912
1159,frozen,46,6,5,1,1,1.0,1.0,0,nan,nan,nan,0.0,0.0013469771349361912
1160,frozen,46,7,6,1,1,1.0,1.0,0,nan,nan,nan,0.0,0.0013469771349361912
1161,frozen,46,7,7,1,1,1.0,1.0,0,nan,nan,nan,0.0,0.0013469771349361912
1162,frozen,46,0,8,1,0,-1.0,-1.0,1,3,0,1,0.0,0.0013469771349361912
1163,frozen,46,4,5,1,1,1.0,1.0,0,nan,nan,nan,0.0,0.0013469771349361912
1164,frozen,46,8,4,0,0,-1.0,-1.0,1,1,0,0,0.0,0.0013469771349361912
1165,frozen,46,3,3,0,1,1.0,1.0,0,nan,nan,nan,0.0,0.0013469771349361912
1166,frozen,46,4,4,1,1,1.0,1.0,0,nan,nan,nan,0.0,0.0013469771349361912
1167,frozen,46,2,5,1,0,-1.0,-1.0,1,2,0,0,0.0,0.0013469771349361912
1168,frozen,46,7,3,0,0,-1.0,-1.0,1,0,1,0,0.0,0.0013469771349361912
1169,frozen,46,6,5,1,1,1.0,1.0,0,nan,nan,nan,0.0,0.0013469771349361912
1170,frozen,46,7,6,1,1,1.0,1.0,0,nan,nan,nan,0.0,0.0013469771349361912
1171,frozen,46,3,7,1,0,-1.0,-1.0,1,2,0,0,0.0,0.0013469771349361912
1172,frozen,46,6,3,0,0,-1.0,-1.0,1,0,1,0,0.0,0.0013469771349361912
1173,frozen,46,5,3,0,0,-1.0,-1.0,1,0,1,0,0.0,0.0013469771349361912
1174,frozen,46,6,5,1,1,1.0,1.0,0,nan,nan,nan,0.0,0.0013469771349361912
1175,frozen,46,0,4,0,0,-1.0,-1.0,1,1,0,0,0.0,0.0013469771349361912
1176,frozen,46,0,3,0,0,-1.0,-1.0,1,0,1,0,0.0,0.0013469771349361912
1177,frozen,46,6,3,0,0,-1.0,-1.0,1,0,1,0,0.0,0.0013469771349361912
1178,frozen,46,0,3,0,0,-1.0,-1.0,1,0,1,0,0.0,0.0013469771349361912
1179,frozen,46,5,5,1,1,1.0,1.0,0,nan,nan,nan,0.0,0.0013469771349361912
1180,frozen,46,4,4,0,1,1.0,1.0,0,nan,nan,nan,0.0,0.0013469771349361912
1181,frozen,46,8,5,1,0,-1.0,-1.0,1,2,0,0,0.0,0.0013469771349361912
1182,frozen,46,1,5,1,0,-1.0,-1.0,1,0,1,0,0.0,0.0013469771349361912
1183,frozen,46,1,3,0,0,-1.0,-1.0,1,0,1,0,0.0,0.0013469771349361912
1184,frozen,46,8,3,0,0,-1.0,-1.0,1,0,1,0,0.0,0.0013469771349361912
1185,frozen,46,1,3,0,0,-1.0,-1.0,1,0,1,0,0.0,0.0013469771349361912
1186,frozen,46,3,3,0,1,1.0,1.0,0,nan,nan,nan,0.0,0.0013469771349361912
1187,frozen,46,4,2,0,0,-1.0,-1.0,1,1,0,0,0.0,0.0013469771349361912
1188,frozen,46,7,3,0,0,-1.0,-1.0,1,0,1,0,0.0,0.0013469771349361912
1189,frozen,46,4,5,1,1,1.0,1.0,0,nan,nan,nan,0.0,0.0013469771349361912
1190,frozen,46,7,6,1,1,1.0,1.0,0,nan,nan,nan,0.0,0.0013469771349361912
1191,frozen,46,5,5,0,1,1.0,1.0,0,nan,nan,nan,0.0,0.0013469771349361912
1192,frozen,46,1,4,0,0,-1.0,-1.0,1,3,0,1,0.0,0.0013469771349361912
1193,frozen,46,6,5,1,1,1.0,1.0,0,nan,nan,nan,0.0,0.0013469771349361912
1194,frozen,46,4,6,1,0,-1.0,-1.0,1,1,0,0,0.0,0.0013469771349361912
1195,frozen,46,3,5,1,0,-1.0,-1.0,1,0,1,0,0.0,0.0013469771349361912
1196,frozen,46,6,3,0,0,-1.0,-1.0,1,0,1,0,0.0,0.0013469771349361912
1197,frozen,46,4,5,1,1,1.0,1.0,0,nan,nan,nan,0.0,0.0013469771349361912
1198,frozen,46,2,4,0,0,-1.0,-1.0,1,1,0,0,0.0,0.0013469771349361912
1199,frozen,46,5,3,0,0,-1.0,-1.0,1,0,1,0,0.0,0.0013469771349361912
1200,frozen,46,3,3,0,1,1.0,1.0,0,nan,nan,nan,0.0,0.0013469771349361912
1201,frozen,46,7,2,0,0,-1.0,-1.0,1,1,0,0,0.0,0.0013469771349361912
1202,frozen,46,1,5,1,0,-1.0,-1.0,1,0,1,0,0.0,0.0013469771349361912
1203,frozen,46,4,5,1,1,1.0,1.0,0,nan,nan,nan,0.0,0.0013469771349361912
1204,frozen,46,7,6,1,1,1.0,1.0,0,nan,nan,nan,0.0,0.0013469771349361912
1205,frozen,46,0,5,0,0,-1.0,-1.0,1,2,0,0,0.0,0.0013469771349361912
1206,frozen,46,0,5,1,0,-1.0,-1.0,1,0,1,0,0.0,0.0013469771349361912
1207,frozen,46,8,5,1,0,-1.0,-1.0,1,0,1,0,0.0,0.0013469771349361912
1208,frozen,46,3,3,0,1,1.0,1.0,0,nan,nan,nan,0.0,0.0013469771349361912
1209,frozen,46,1,4,1,0,-1.0,-1.0,1,1,0,0,0.0,0.0013469771349361912
1210,frozen,46,7,3,0,0,-1.0,-1.0,1,0,1,0,0.0,0.0013469771349361912
1211,frozen,46,6,3,0,0,-1.0,-1.0,1,0,1,0,0.0,0.0013469771349361912
1212,frozen,46,8,5,1,0,-1.0,-1.0,1,0,1,0,0.0,0.0013469771349361912
1213,frozen,46,0,5,1,0,-1.0,-1.0,1,0,1,0,0.0,0.0013469771349361912
1214,frozen,46,5,5,1,1,1.0,1.0,0,nan,nan,nan,0.0,0.0013469771349361912
1215,frozen,46,2,4,0,0,-1.0,-1.0,1,1,0,0,0.0,0.0013469771349361912
1216,frozen,46,0,5,1,0,-1.0,-1.0,1,0,1,0,0.0,0.0013469771349361912
1217,frozen,46,1,3,0,0,-1.0,-1.0,1,0,1,0,0.0,0.0013469771349361912
1218,frozen,46,5,5,1,1,1.0,1.0,0,nan,nan,nan,0.0,0.0013469771349361912
1219,frozen,46,1,6,1,0,-1.0,-1.0,1,1,0,0,0.0,0.0013469771349361912
1220,frozen,46,7,3,0,0,-1.0,-1.0,1,0,1,0,0.0,0.0013469771349361912
1221,frozen,46,1,3,0,0,-1.0,-1.0,1,0,1,0,0.0,0.0013469771349361912
1222,frozen,46,6,5,1,1,1.0,1.0,0,nan,nan,nan,0.0,0.0013469771349361912
1223,frozen,46,7,4,0,0,-1.0,-1.0,1,1,0,0,0.0,0.0013469771349361912
1224,frozen,46,5,3,0,0,-1.0,-1.0,1,0,1,0,0.0,0.0013469771349361912
1225,frozen,46,4,5,1,1,1.0,1.0,0,nan,nan,nan,0.0,0.0013469771349361912
1226,frozen,46,8,4,0,0,-1.0,-1.0,1,1,0,0,0.0,0.0013469771349361912
1227,frozen,46,8,3,0,0,-1.0,-1.0,1,0,1,0,0.0,0.0013469771349361912
1228,frozen,46,4,5,1,1,1.0,1.0,0,nan,nan,nan,0.0,0.0013469771349361912
1229,frozen,46,6,6,1,1,1.0,1.0,0,nan,nan,nan,0.0,0.0013469771349361912
1230,frozen,46,7,5,0,0,-1.0,-1.0,1,2,0,0,0.0,0.0013469771349361912
1231,frozen,46,0,5,1,0,-1.0,-1.0,1,0,1,0,0.0,0.0013469771349361912
1232,frozen,46,2,5,1,0,-1.0,-1.0,1,0,1,0,0.0,0.0013469771349361912
1233,frozen,46,6,5,1,1,1.0,1.0,0,nan,nan,nan,0.0,0.0013469771349361912
1234,frozen,46,3,6,1,0,-1.0,-1.0,1,1,0,0,0.0,0.0013469771349361912
1235,frozen,46,6,3,0,0,-1.0,-1.0,1,0,1,0,0.0,0.0013469771349361912
1236,frozen,46,2,5,1,0,-1.0,-1.0,1,0,1,0,0.0,0.0013469771349361912
1237,frozen,46,5,3,0,0,-1.0,-1.0,1,0,1,0,0.0,0.0013469771349361912
1238,frozen,46,1,3,0,0,-1.0,-1.0,1,0,1,0,0.0,0.0013469771349361912
1239,frozen,46,7,5,1,0,-1.0,-1.0,1,0,1,0,0.0,0.0013469771349361912
1240,frozen,46,2,5,1,0,-1.0,-1.0,1,0,1,0,0.0,0.0013469771349361912
1241,frozen,46,3,5,1,0,-1.0,-1.0,1,0,1,0,0.0,0.0013469771349361912
1242,frozen,46,8,5,1,0,-1.0,-1.0,1,0,1,0,0.0,0.0013469771349361912
1243,frozen,46,2,5,1,0,-1.0,-1.0,1,0,1,0,0.0,0.0013469771349361912
1244,frozen,46,8,3,0,0,-1.0,-1.0,1,0,1,0,0.0,0.0013469771349361912
1245,frozen,46,4,5,1,1,1.0,1.0,0,nan,nan,nan,0.0,0.0013469771349361912
1246,frozen,46,6,4,0,0,-1.0,-1.0,1,1,0,0,0.0,0.0013469771349361912
1247,frozen,46,5,3,0,0,-1.0,-1.0,1,0,1,0,0.0,0.0013469771349361912
1248,frozen,46,8,5,1,0,-1.0,-1.0,1,0,1,0,0.0,0.0013469771349361912
1249,frozen,46,1,5,1,0,-1.0,-1.0,1,0,1,0,0.0,0.0013469771349361912
1250,frozen,46,6,3,0,0,-1.0,-1.0,1,0,1,0,0.0,0.0013469771349361912
1251,frozen,46,0,3,0,0,-1.0,-1.0,1,0,1,0,0.0,0.0013469771349361912
1252,frozen,46,8,5,1,0,-1.0,-1.0,1,0,1,0,0.0,0.0013469771349361912
1253,frozen,46,1,5,1,0,-1.0,-1.0,1,0,1,0,0.0,0.0013469771349361912
1254,frozen,46,1,5,1,0,-1.0,-1.0,1,0,1,0,0.0,0.0013469771349361912
1255,frozen,46,1,3,0,0,-1.0,-1.0,1,0,1,0,0.0,0.0013469771349361912
1256,frozen,46,8,5,1,0,-1.0,-1.0,1,0,1,0,0.0,0.0013469771349361912
1257,frozen,46,3,5,1,0,-1.0,-1.0,1,0,1,0,0.0,0.0013469771349361912
1258,frozen,46,2,5,1,0,-1.0,-1.0,1,0,1,0,0.0,0.0013469771349361912
1259,frozen,46,1,3,0,0,-1.0,-1.0,1,0,1,0,0.0,0.0013469771349361912
1260,frozen,46,7,3,0,0,-1.0,-1.0,1,0,1,0,0.0,0.0013469771349361912
1261,frozen,46,3,5,1,0,-1.0,-1.0,1,0,1,0,0.0,0.0013469771349361912
1262,frozen,46,5,5,1,1,1.0,1.0,0,nan,nan,nan,0.0,0.0013469771349361912
1263,frozen,46,3,6,1,0,-1.0,-1.0,1,1,0,0,0.0,0.0013469771349361912
1264,frozen,46,2,5,1,0,-1.0,-1.0,1,0,1,0,0.0,0.0013469771349361912
1265,frozen,46,3,5,1,0,-1.0,-1.0,1,0,1,0,0.0,0.0013469771349361912
1266,frozen,46,5,5,1,1,1.0,1.0,0,nan,nan,nan,0.0,0.0013469771349361912
1267,frozen,46,5,6,1,1,1.0,1.0,0,nan,nan,nan,0.0,0.0013469771349361912
1268,frozen,46,7,7,1,1,1.0,1.0,0,nan,nan,nan,0.0,0.0013469771349361912
1269,frozen,46,7,8,1,1,1.0,1.0,0,nan,nan,nan,0.0,0.0013469771349361912
1270,frozen,46,6,8,1,0,-1.0,-1.0,1,4,0,1,0.0,0.0013469771349361912
1271,frozen,46,0,3,0,0,-1.0,-1.0,1,0,1,0,0.0,0.0013469771349361912
1272,frozen,46,6,3,0,0,-1.0,-1.0,1,0,1,0,0.0,0.0013469771349361912
1273,frozen,46,4,5,1,1,1.0,1.0,0,nan,nan,nan,0.0,0.0013469771349361912
1274,frozen,46,3,6,1,0,-1.0,-1.0,1,1,0,0,0.0,0.0013469771349361912
1275,frozen,46,8,5,1,0,-1.0,-1.0,1,0,1,0,0.0,0.0013469771349361912
1276,frozen,46,6,3,0,0,-1.0,-1.0,1,0,1,0,0.0,0.0013469771349361912
1277,frozen,46,7,3,0,0,-1.0,-1.0,1,0,1,0,0.0,0.0013469771349361912
1278,frozen,46,5,3,0,0,-1.0,-1.0,1,0,1,0,0.0,0.0013469771349361912
1279,frozen,46,8,5,1,0,-1.0,-1.0,1,0,1,0,0.0,0.0013469771349361912
1280,frozen,46,7,3,0,0,-1.0,-1.0,1,0,1,0,0.0,0.0013469771349361912
1281,frozen,46,7,5,1,0,-1.0,-1.0,1,0,1,0,0.0,0.0013469771349361912
1282,frozen,46,3,3,0,1,1.0,1.0,0,nan,nan,nan,0.0,0.0013469771349361912
1283,frozen,46,8,2,0,0,-1.0,-1.0,1,1,0,0,0.0,0.0013469771349361912
1284,frozen,46,1,5,1,0,-1.0,-1.0,1,0,1,0,0.0,0.0013469771349361912
1285,frozen,46,0,3,0,0,-1.0,-1.0,1,0,1,0,0.0,0.0013469771349361912
1286,frozen,46,6,5,1,1,1.0,1.0,0,nan,nan,nan,0.0,0.0013469771349361912
1287,frozen,46,2,6,1,0,-1.0,-1.0,1,1,0,0,0.0,0.0013469771349361912
1288,frozen,46,6,3,0,0,-1.0,-1.0,1,0,1,0,0.0,0.0013469771349361912
1289,frozen,46,1,5,1,0,-1.0,-1.0,1,0,1,0,0.0,0.0013469771349361912
1290,frozen,46,5,5,1,1,1.0,1.0,0,nan,nan,nan,0.0,0.0013469771349361912
1291,frozen,46,7,4,0,0,-1.0,-1.0,1,1,0,0,0.0,0.0013469771349361912
1292,frozen,46,2,5,1,0,-1.0,-1.0,1,0,1,0,0.0,0.0013469771349361912
1293,frozen,46,6,5,1,1,1.0,1.0,0,nan,nan,nan,0.0,0.0013469771349361912
1294,frozen,46,7,4,0,0,-1.0,-1.0,1,1,0,0,0.0,0.0013469771349361912
1295,frozen,46,7,3,0,0,-1.0,-1.0,1,0,1,0,0.0,0.0013469771349361912
1296,frozen,46,4,5,1,1,1.0,1.0,0,nan,nan,nan,0.0,0.0013469771349361912
1297,frozen,46,5,6,1,1,1.0,1.0,0,nan,nan,nan,0.0,0.0013469771349361912
1298,frozen,46,1,5,0,0,-1.0,-1.0,1,2,0,0,0.0,0.0013469771349361912
1299,frozen,46,7,3,0,0,-1.0,-1.0,1,0,1,0,0.0,0.0013469771349361912
1300,frozen,46,0,5,1,0,-1.0,-1.0,1,0,1,0,0.0,0.0013469771349361912
1301,frozen,46,1,3,0,0,-1.0,-1.0,1,0,1,0,0.0,0.0013469771349361912
1302,frozen,46,4,5,1,1,1.0,1.0,0,nan,nan,nan,0.0,0.0013469771349361912
1303,frozen,46,5,6,1,1,1.0,1.0,0,nan,nan,nan,0.0,0.0013469771349361912
1304,frozen,46,7,7,1,1,1.0,1.0,0,nan,nan,nan,0.0,0.0013469771349361912
1305,frozen,46,0,8,1,0,-1.0,-1.0,1,3,0,1,0.0,0.0013469771349361912
1306,frozen,46,4,5,1,1,1.0,1.0,0,nan,nan,nan,0.0,0.0013469771349361912
1307,frozen,46,5,6,1,1,1.0,1.0,0,nan,nan,nan,0.0,0.0013469771349361912
1308,frozen,46,7,7,1,1,1.0,1.0,0,nan,nan,nan,0.0,0.0013469771349361912
1309,frozen,46,0,8,1,0,-1.0,-1.0,1,3,0,1,0.0,0.0013469771349361912
1310,frozen,46,2,5,1,0,-1.0,-1.0,1,0,1,0,0.0,0.0013469771349361912
1311,frozen,46,2,5,1,0,-1.0,-1.0,1,0,1,0,0.0,0.0013469771349361912
1312,frozen,46,6,5,1,1,1.0,1.0,0,nan,nan,nan,0.0,0.0013469771349361912
1313,frozen,46,2,4,0,0,-1.0,-1.0,1,1,0,0,0.0,0.0013469771349361912
1314,frozen,46,4,5,1,1,1.0,1.0,0,nan,nan,nan,0.0,0.0013469771349361912
1315,frozen,46,0,6,1,0,-1.0,-1.0,1,1,0,0,0.0,0.0013469771349361912
1316,frozen,46,4,5,1,1,1.0,1.0,0,nan,nan,nan,0.0,0.0013469771349361912
1317,frozen,46,1,4,0,0,-1.0,-1.0,1,1,0,0,0.0,0.0013469771349361912
1318,frozen,46,0,5,1,0,-1.0,-1.0,1,0,1,0,0.0,0.0013469771349361912
1319,frozen,46,8,3,0,0,-1.0,-1.0,1,0,1,0,0.0,0.0013469771349361912
1320,frozen,46,4,5,1,1,1.0,1.0,0,nan,nan,nan,0.0,0.0013469771349361912
1321,frozen,46,7,4,0,0,-1.0,-1.0,1,1,0,0,0.0,0.0013469771349361912
1322,frozen,46,7,3,0,0,-1.0,-1.0,1,0,1,0,0.0,0.0013469771349361912
1323,frozen,46,1,5,1,0,-1.0,-1.0,1,0,1,0,0.0,0.0013469771349361912
1324,frozen,46,2,5,1,0,-1.0,-1.0,1,0,1,0,0.0,0.0013469771349361912
1325,frozen,46,2,5,1,0,-1.0,-1.0,1,0,1,0,0.0,0.0013469771349361912
1326,frozen,46,4,5,1,1,1.0,1.0,0,nan,nan,nan,0.0,0.0013469771349361912
1327,frozen,46,4,4,0,1,1.0,1.0,0,nan,nan,nan,0.0,0.0013469771349361912
1328,frozen,46,0,5,1,0,-1.0,-1.0,1,2,0,0,0.0,0.0013469771349361912
1329,frozen,46,6,5,1,1,1.0,1.0,0,nan,nan,nan,0.0,0.0013469771349361912
1330,frozen,46,8,4,0,0,-1.0,-1.0,1,1,0,0,0.0,0.0013469771349361912
1331,frozen,46,8,3,0,0,-1.0,-1.0,1,0,1,0,0.0,0.0013469771349361912
1332,frozen,46,2,5,1,0,-1.0,-1.0,1,0,1,0,0.0,0.0013469771349361912
1333,frozen,46,2,5,1,0,-1.0,-1.0,1,0,1,0,0.0,0.0013469771349361912
1334,frozen,46,1,3,0,0,-1.0,-1.0,1,0,1,0,0.0,0.0013469771349361912
1335,frozen,46,6,5,1,1,1.0,1.0,0,nan,nan,nan,0.0,0.0013469771349361912
1336,frozen,46,5,4,0,1,1.0,1.0,0,nan,nan,nan,0.0,0.0013469771349361912
1337,frozen,46,5,5,1,1,1.0,1.0,0,nan,nan,nan,0.0,0.0013469771349361912
1338,frozen,46,5,6,1,1,1.0,1.0,0,nan,nan,nan,0.0,0.0013469771349361912
1339,frozen,46,1,7,1,0,-1.0,-1.0,1,4,0,1,0.0,0.0013469771349361912
1340,frozen,46,1,5,1,0,-1.0,-1.0,1,0,1,0,0.0,0.0013469771349361912
1341,frozen,46,6,3,0,0,-1.0,-1.0,1,0,1,0,0.0,0.0013469771349361912
1342,frozen,46,4,5,1,1,1.0,1.0,0,nan,nan,nan,0.0,0.0013469771349361912
1343,frozen,46,6,4,0,0,-1.0,-1.0,1,1,0,0,0.0,0.0013469771349361912
1344,frozen,46,7,3,0,0,-1.0,-1.0,1,0,1,0,0.0,0.0013469771349361912
1345,frozen,46,7,3,0,0,-1.0,-1.0,1,0,1,0,0.0,0.0013469771349361912
1346,frozen,46,3,5,1,0,-1.0,-1.0,1,0,1,0,0.0,0.0013469771349361912
1347,frozen,46,2,5,1,0,-1.0,-1.0,1,0,1,0,0.0,0.0013469771349361912
1348,frozen,46,7,3,0,0,-1.0,-1.0,1,0,1,0,0.0,0.0013469771349361912
1349,frozen,46,8,5,1,0,-1.0,-1.0,1,0,1,0,0.0,0.0013469771349361912
1350,frozen,46,6,3,0,0,-1.0,-1.0,1,0,1,0,0.0,0.0013469771349361912
1351,frozen,46,6,3,0,0,-1.0,-1.0,1,0,1,0,0.0,0.0013469771349361912
1352,frozen,46,1,5,1,0,-1.0,-1.0,1,0,1,0,0.0,0.0013469771349361912
1353,frozen,46,1,5,1,0,-1.0,-1.0,1,0,1,0,0.0,0.0013469771349361912
1354,frozen,46,2,5,1,0,-1.0,-1.0,1,0,1,0,0.0,0.0013469771349361912
1355,frozen,46,0,3,0,0,-1.0,-1.0,1,0,1,0,0.0,0.0013469771349361912
1356,frozen,46,6,5,1,1,1.0,1.0,0,nan,nan,nan,0.0,0.0013469771349361912
1357,frozen,46,5,6,1,1,1.0,1.0,0,nan,nan,nan,0.0,0.0013469771349361912
1358,frozen,46,5,7,1,0,-1.0,-1.0,1,2,0,0,0.0,0.0013469771349361912
1359,frozen,46,8,3,0,0,-1.0,-1.0,1,0,1,0,0.0,0.0013469771349361912
1360,frozen,46,1,5,1,0,-1.0,-1.0,1,0,1,0,0.0,0.0013469771349361912
1361,frozen,46,6,3,0,0,-1.0,-1.0,1,0,1,0,0.0,0.0013469771349361912
1362,frozen,46,5,3,0,0,-1.0,-1.0,1,0,1,0,0.0,0.0013469771349361912
1363,frozen,46,3,5,1,0,-1.0,-1.0,1,0,1,0,0.0,0.0013469771349361912
1364,frozen,46,1,3,0,0,-1.0,-1.0,1,0,1,0,0.0,0.0013469771349361912
1365,frozen,46,1,5,1,0,-1.0,-1.0,1,0,1,0,0.0,0.0013469771349361912
1366,frozen,46,5,5,1,1,1.0,1.0,0,nan,nan,nan,0.0,0.0013469771349361912
1367,frozen,46,1,4,0,0,-1.0,-1.0,1,1,0,0,0.0,0.0013469771349361912
1368,frozen,46,0,3,0,0,-1.0,-1.0,1,0,1,0,0.0,0.0013469771349361912
1369,frozen,46,0,3,0,0,-1.0,-1.0,1,0,1,0,0.0,0.0013469771349361912
1370,frozen,46,7,3,0,0,-1.0,-1.0,1,0,1,0,0.0,0.0013469771349361912
1371,frozen,46,4,5,1,1,1.0,1.0,0,nan,nan,nan,0.0,0.0013469771349361912
1372,frozen,46,0,4,0,0,-1.0,-1.0,1,1,0,0,0.0,0.0013469771349361912
1373,frozen,46,5,5,1,1,1.0,1.0,0,nan,nan,nan,0.0,0.0013469771349361912
1374,frozen,46,6,4,0,0,-1.0,-1.0,1,1,0,0,0.0,0.0013469771349361912
1375,frozen,46,8,3,0,0,-1.0,-1.0,1,0,1,0,0.0,0.0013469771349361912
1376,frozen,46,1,3,0,0,-1.0,-1.0,1,0,1,0,0.0,0.0013469771349361912
1377,frozen,46,2,5,1,0,-1.0,-1.0,1,0,1,0,0.0,0.0013469771349361912
1378,frozen,46,4,5,1,1,1.0,1.0,0,nan,nan,nan,0.0,0.0013469771349361912
1379,frozen,46,0,6,1,0,-1.0,-1.0,1,1,0,0,0.0,0.0013469771349361912
1380,frozen,46,2,3,0,1,1.0,1.0,0,nan,nan,nan,0.0,0.0013469771349361912
1381,frozen,46,5,2,0,0,-1.0,-1.0,1,1,0,0,0.0,0.0013469771349361912
1382,frozen,46,3,5,1,0,-1.0,-1.0,1,0,1,0,0.0,0.0013469771349361912
1383,frozen,46,0,3,0,0,-1.0,-1.0,1,0,1,0,0.0,0.0013469771349361912
1384,frozen,46,7,3,0,0,-1.0,-1.0,1,0,1,0,0.0,0.0013469771349361912
1385,frozen,46,0,5,1,0,-1.0,-1.0,1,0,1,0,0.0,0.0013469771349361912
1386,frozen,46,4,5,1,1,1.0,1.0,0,nan,nan,nan,0.0,0.0013469771349361912
1387,frozen,46,6,6,1,1,1.0,1.0,0,nan,nan,nan,0.0,0.0013469771349361912
1388,frozen,46,2,5,0,0,-1.0,-1.0,1,2,0,0,0.0,0.0013469771349361912
1389,frozen,46,0,5,1,0,-1.0,-1.0,1,0,1,0,0.0,0.0013469771349361912
1390,frozen,46,5,5,1,1,1.0,1.0,0,nan,nan,nan,0.0,0.0013469771349361912
1391,frozen,46,5,6,1,1,1.0,1.0,0,nan,nan,nan,0.0,0.0013469771349361912
1392,frozen,46,6,5,0,1,1.0,1.0,0,nan,nan,nan,0.0,0.0013469771349361912
1393,frozen,46,5,6,1,1,1.0,1.0,0,nan,nan,nan,0.0,0.0013469771349361912
1394,frozen,46,1,7,1,0,-1.0,-1.0,1,4,0,1,0.0,0.0013469771349361912
1395,frozen,46,8,5,1,0,-1.0,-1.0,1,0,1,0,0.0,0.0013469771349361912
1396,frozen,46,7,3,0,0,-1.0,-1.0,1,0,1,0,0.0,0.0013469771349361912
1397,frozen,46,4,5,1,1,1.0,1.0,0,nan,nan,nan,0.0,0.0013469771349361912
1398,frozen,46,7,6,1,1,1.0,1.0,0,nan,nan,nan,0.0,0.0013469771349361912
1399,frozen,46,7,5,0,0,-1.0,-1.0,1,2,0,0,0.0,0.0013469771349361912
1400,frozen,46,0,3,0,0,-1.0,-1.0,1,0,1,0,0.0,0.0013469771349361912
1401,frozen,46,0,5,1,0,-1.0,-1.0,1,0,1,0,0.0,0.0013469771349361912
1402,frozen,46,4,5,1,1,1.0,1.0,0,nan,nan,nan,0.0,0.0013469771349361912
1403,frozen,46,4,6,1,0,-1.0,-1.0,1,1,0,0,0.0,0.0013469771349361912
1404,frozen,46,8,3,0,0,-1.0,-1.0,1,0,1,0,0.0,0.0013469771349361912
1405,frozen,46,1,5,1,0,-1.0,-1.0,1,0,1,0,0.0,0.0013469771349361912
1406,frozen,46,6,5,1,1,1.0,1.0,0,nan,nan,nan,0.0,0.0013469771349361912
1407,frozen,46,4,6,1,0,-1.0,-1.0,1,1,0,0,0.0,0.0013469771349361912
1408,frozen,46,2,5,1,0,-1.0,-1.0,1,0,1,0,0.0,0.0013469771349361912
1409,frozen,46,5,5,1,1,1.0,1.0,0,nan,nan,nan,0.0,0.0013469771349361912
1410,frozen,46,7,6,1,1,1.0,1.0,0,nan,nan,nan,0.0,0.0013469771349361912
1411,frozen,46,4,7,1,0,-1.0,-1.0,1,2,0,0,0.0,0.0013469771349361912
1412,frozen,46,8,3,0,0,-1.0,-1.0,1,0,1,0,0.0,0.0013469771349361912
1413,frozen,46,4,5,1,1,1.0,1.0,0,nan,nan,nan,0.0,0.0013469771349361912
1414,frozen,46,0,6,1,0,-1.0,-1.0,1,1,0,0,0.0,0.0013469771349361912
1415,frozen,46,4,3,0,1,1.0,1.0,0,nan,nan,nan,0.0,0.0013469771349361912
1416,frozen,46,8,2,0,0,-1.0,-1.0,1,1,0,0,0.0,0.0013469771349361912
1417,frozen,46,8,3,0,0,-1.0,-1.0,1,0,1,0,0.0,0.0013469771349361912
1418,frozen,46,8,5,1,0,-1.0,-1.0,1,0,1,0,0.0,0.0013469771349361912
1419,frozen,46,0,3,0,0,-1.0,-1.0,1,0,1,0,0.0,0.0013469771349361912
1420,frozen,46,3,5,1,0,-1.0,-1.0,1,0,1,0,0.0,0.0013469771349361912
1421,frozen,46,3,5,1,0,-1.0,-1.0,1,0,1,0,0.0,0.0013469771349361912
1422,frozen,46,3,3,0,1,1.0,1.0,0,nan,nan,nan,0.0,0.0013469771349361912
1423,frozen,46,0,2,0,0,-1.0,-1.0,1,1,0,0,0.0,0.0013469771349361912
1424,frozen,46,3,3,0,1,1.0,1.0,0,nan,nan,nan,0.0,0.0013469771349361912
1425,frozen,46,7,4,1,0,-1.0,-1.0,1,1,0,0,0.0,0.0013469771349361912
1426,frozen,46,1,5,1,0,-1.0,-1.0,1,0,1,0,0.0,0.0013469771349361912
1427,frozen,46,1,5,1,0,-1.0,-1.0,1,0,1,0,0.0,0.0013469771349361912
1428,frozen,46,1,5,1,0,-1.0,-1.0,1,0,1,0,0.0,0.0013469771349361912
1429,frozen,46,4,5,1,1,1.0,1.0,0,nan,nan,nan,0.0,0.0013469771349361912
1430,frozen,46,3,6,1,0,-1.0,-1.0,1,1,0,0,0.0,0.0013469771349361912
1431,frozen,46,5,5,1,1,1.0,1.0,0,nan,nan,nan,0.0,0.0013469771349361912
1432,frozen,46,3,4,0,1,1.0,1.0,0,nan,nan,nan,0.0,0.0013469771349361912
1433,frozen,46,4,5,1,1,1.0,1.0,0,nan,nan,nan,0.0,0.0013469771349361912
1434,frozen,46,5,6,1,1,1.0,1.0,0,nan,nan,nan,0.0,0.0013469771349361912
1435,frozen,46,1,7,1,0,-1.0,-1.0,1,4,0,1,0.0,0.0013469771349361912
1436,frozen,46,6,5,1,1,1.0,1.0,0,nan,nan,nan,0.0,0.0013469771349361912
1437,frozen,46,3,6,1,0,-1.0,-1.0,1,1,0,0,0.0,0.0013469771349361912
1438,frozen,46,7,3,0,0,-1.0,-1.0,1,0,1,0,0.0,0.0013469771349361912
1439,frozen,46,3,5,1,0,-1.0,-1.0,1,0,1,0,0.0,0.0013469771349361912
1440,frozen,46,5,5,1,1,1.0,1.0,0,nan,nan,nan,0.0,0.0013469771349361912
1441,frozen,46,7,4,0,0,-1.0,-1.0,1,1,0,0,0.0,0.0013469771349361912
1442,frozen,46,6,5,1,1,1.0,1.0,0,nan,nan,nan,0.0,0.0013469771349361912
1443,frozen,46,2,4,0,0,-1.0,-1.0,1,1,0,0,0.0,0.0013469771349361912
1444,frozen,46,1,3,0,0,-1.0,-1.0,1,0,1,0,0.0,0.0013469771349361912
1445,frozen,46,8,3,0,0,-1.0,-1.0,1,0,1,0,0.0,0.0013469771349361912
1446,frozen,46,0,3,0,0,-1.0,-1.0,1,0,1,0,0.0,0.0013469771349361912
1447,frozen,46,2,5,1,0,-1.0,-1.0,1,0,1,0,0.0,0.0013469771349361912
1448,frozen,46,6,5,1,1,1.0,1.0,0,nan,nan,nan,0.0,0.0013469771349361912
1449,frozen,46,3,6,1,0,-1.0,-1.0,1,1,0,0,0.0,0.0013469771349361912
1450,frozen,46,4,5,1,1,1.0,1.0,0,nan,nan,nan,0.0,0.0013469771349361912
1451,frozen,46,0,6,1,0,-1.0,-1.0,1,1,0,0,0.0,0.0013469771349361912
1452,frozen,46,5,5,1,1,1.0,1.0,0,nan,nan,nan,0.0,0.0013469771349361912
1453,frozen,46,5,6,1,1,1.0,1.0,0,nan,nan,nan,0.0,0.0013469771349361912
1454,frozen,46,0,7,1,0,-1.0,-1.0,1,2,0,0,0.0,0.0013469771349361912
1455,frozen,46,0,5,1,0,-1.0,-1.0,1,0,1,0,0.0,0.0013469771349361912
1456,frozen,46,3,5,1,0,-1.0,-1.0,1,0,1,0,0.0,0.0013469771349361912
1457,frozen,46,5,3,0,0,-1.0,-1.0,1,0,1,0,0.0,0.0013469771349361912
1458,frozen,46,3,5,1,0,-1.0,-1.0,1,0,1,0,0.0,0.0013469771349361912
1459,frozen,46,1,5,1,0,-1.0,-1.0,1,0,1,0,0.0,0.0013469771349361912
1460,frozen,46,6,5,1,1,1.0,1.0,0,nan,nan,nan,0.0,0.0013469771349361912
1461,frozen,46,4,6,1,0,-1.0,-1.0,1,1,0,0,0.0,0.0013469771349361912
1462,frozen,46,7,3,0,0,-1.0,-1.0,1,0,1,0,0.0,0.0013469771349361912
1463,frozen,46,4,5,1,1,1.0,1.0,0,nan,nan,nan,0.0,0.0013469771349361912
1464,frozen,46,4,6,1,0,-1.0,-1.0,1,1,0,0,0.0,0.0013469771349361912
1465,frozen,46,1,5,1,0,-1.0,-1.0,1,0,1,0,0.0,0.0013469771349361912
1466,frozen,46,7,3,0,0,-1.0,-1.0,1,0,1,0,0.0,0.0013469771349361912
1467,frozen,46,7,3,0,0,-1.0,-1.0,1,0,1,0,0.0,0.0013469771349361912
1468,frozen,46,3,3,0,1,1.0,1.0,0,nan,nan,nan,0.0,0.0013469771349361912
1469,frozen,46,6,2,0,0,-1.0,-1.0,1,1,0,0,0.0,0.0013469771349361912
1470,frozen,46,5,5,1,1,1.0,1.0,0,nan,nan,nan,0.0,0.0013469771349361912
1471,frozen,46,6,4,0,0,-1.0,-1.0,1,1,0,0,0.0,0.0013469771349361912
1472,frozen,46,4,3,0,1,1.0,1.0,0,nan,nan,nan,0.0,0.0013469771349361912
1473,frozen,46,2,2,0,1,1.0,1.0,0,nan,nan,nan,0.0,0.0013469771349361912
1474,frozen,46,4,1,0,0,-1.0,-1.0,1,2,0,0,0.0,0.0013469771349361912
1475,frozen,46,7,3,0,0,-1.0,-1.0,1,0,1,0,0.0,0.0013469771349361912
1476,frozen,46,1,5,1,0,-1.0,-1.0,1,0,1,0,0.0,0.0013469771349361912
1477,frozen,46,2,5,1,0,-1.0,-1.0,1,0,1,0,0.0,0.0013469771349361912
1478,frozen,46,8,5,1,0,-1.0,-1.0,1,0,1,0,0.0,0.0013469771349361912
1479,frozen,46,1,5,1,0,-1.0,-1.0,1,0,1,0,0.0,0.0013469771349361912
1480,frozen,46,1,3,0,0,-1.0,-1.0,1,0,1,0,0.0,0.0013469771349361912
1481,frozen,46,4,5,1,1,1.0,1.0,0,nan,nan,nan,0.0,0.0013469771349361912
1482,frozen,46,8,4,0,0,-1.0,-1.0,1,1,0,0,0.0,0.0013469771349361912
1483,frozen,46,0,3,0,0,-1.0,-1.0,1,0,1,0,0.0,0.0013469771349361912
1484,frozen,46,5,5,1,1,1.0,1.0,0,nan,nan,nan,0.0,0.0013469771349361912
1485,frozen,46,1,6,1,0,-1.0,-1.0,1,1,0,0,0.0,0.0013469771349361912
1486,frozen,46,1,5,1,0,-1.0,-1.0,1,0,1,0,0.0,0.0013469771349361912
1487,frozen,46,7,3,0,0,-1.0,-1.0,1,0,1,0,0.0,0.0013469771349361912
1488,frozen,46,8,5,1,0,-1.0,-1.0,1,0,1,0,0.0,0.0013469771349361912
1489,frozen,46,4,5,1,1,1.0,1.0,0,nan,nan,nan,0.0,0.0013469771349361912
1490,frozen,46,4,6,1,0,-1.0,-1.0,1,1,0,0,0.0,0.0013469771349361912
1491,frozen,46,7,3,0,0,-1.0,-1.0,1,0,1,0,0.0,0.0013469771349361912
1492,frozen,46,1,5,1,0,-1.0,-1.0,1,0,1,0,0.0,0.0013469771349361912
1493,frozen,46,4,5,1,1,1.0,1.0,0,nan,nan,nan,0.0,0.0013469771349361912
1494,frozen,46,3,6,1,0,-1.0,-1.0,1,1,0,0,0.0,0.0013469771349361912
1495,frozen,46,7,3,0,0,-1.0,-1.0,1,0,1,0,0.0,0.0013469771349361912
1496,frozen,46,1,5,1,0,-1.0,-1.0,1,0,1,0,0.0,0.0013469771349361912
1497,frozen,46,5,5,1,1,1.0,1.0,0,nan,nan,nan,0.0,0.0013469771349361912
1498,frozen,46,6,4,0,0,-1.0,-1.0,1,1,0,0,0.0,0.0013469771349361912
1499,frozen,46,4,5,1,1,1.0,1.0,0,nan,nan,nan,0.0,0.0013469771349361912
1500,frozen,46,8,4,0,0,-1.0,-1.0,1,1,0,0,0.0,0.0013469771349361912
1501,frozen,46,5,5,1,1,1.0,1.0,0,nan,nan,nan,0.0,0.0013469771349361912
1502,frozen,46,4,4,0,1,1.0,1.0,0,nan,nan,nan,0.0,0.0013469771349361912
1503,frozen,46,4,5,1,1,1.0,1.0,0,nan,nan,nan,0.0,0.0013469771349361912
1504,frozen,46,0,6,1,0,-1.0,-1.0,1,3,0,1,0.0,0.0013469771349361912
1505,frozen,46,8,5,1,0,-1.0,-1.0,1,0,1,0,0.0,0.0013469771349361912
1506,frozen,46,7,3,0,0,-1.0,-1.0,1,0,1,0,0.0,0.0013469771349361912
1507,frozen,46,5,5,1,1,1.0,1.0,0,nan,nan,nan,0.0,0.0013469771349361912
1508,frozen,46,8,4,0,0,-1.0,-1.0,1,1,0,0,0.0,0.0013469771349361912
1509,frozen,46,7,5,1,0,-1.0,-1.0,1,0,1,0,0.0,0.0013469771349361912
1510,frozen,46,1,5,1,0,-1.0,-1.0,1,0,1,0,0.0,0.0013469771349361912
1511,frozen,46,4,5,1,1,1.0,1.0,0,nan,nan,nan,0.0,0.0013469771349361912
1512,frozen,46,8,4,0,0,-1.0,-1.0,1,1,0,0,0.0,0.0013469771349361912
1513,frozen,46,0,3,0,0,-1.0,-1.0,1,0,1,0,0.0,0.0013469771349361912
1514,frozen,46,5,5,1,1,1.0,1.0,0,nan,nan,nan,0.0,0.0013469771349361912
1515,frozen,46,4,6,1,0,-1.0,-1.0,1,1,0,0,0.0,0.0013469771349361912
1516,frozen,46,6,5,1,1,1.0,1.0,0,nan,nan,nan,0.0,0.0013469771349361912
1517,frozen,46,3,6,1,0,-1.0,-1.0,1,1,0,0,0.0,0.0013469771349361912
1518,frozen,46,0,5,1,0,-1.0,-1.0,1,0,1,0,0.0,0.0013469771349361912
1519,frozen,46,5,3,0,0,-1.0,-1.0,1,0,1,0,0.0,0.0013469771349361912
1520,frozen,46,1,3,0,0,-1.0,-1.0,1,0,1,0,0.0,0.0013469771349361912
1521,frozen,46,0,3,0,0,-1.0,-1.0,1,0,1,0,0.0,0.0013469771349361912
1522,frozen,46,3,3,0,1,1.0,1.0,0,nan,nan,nan,0.0,0.0013469771349361912
1523,frozen,46,4,4,1,1,1.0,1.0,0,nan,nan,nan,0.0,0.0013469771349361912
1524,frozen,46,6,3,0,0,-1.0,-1.0,1,2,0,0,0.0,0.0013469771349361912
1525,frozen,46,7,3,0,0,-1.0,-1.0,1,0,1,0,0.0,0.0013469771349361912
1526,frozen,46,3,3,0,1,1.0,1.0,0,nan,nan,nan,0.0,0.0013469771349361912
1527,frozen,46,4,4,1,1,1.0,1.0,0,nan,nan,nan,0.0,0.0013469771349361912
1528,frozen,46,8,3,0,0,-1.0,-1.0,1,2,0,0,0.0,0.0013469771349361912
1529,frozen,46,0,5,1,0,-1.0,-1.0,1,0,1,0,0.0,0.0013469771349361912
1530,frozen,46,0,5,1,0,-1.0,-1.0,1,0,1,0,0.0,0.0013469771349361912
1531,frozen,46,8,3,0,0,-1.0,-1.0,1,0,1,0,0.0,0.0013469771349361912
1532,frozen,46,8,5,1,0,-1.0,-1.0,1,0,1,0,0.0,0.0013469771349361912
1533,frozen,46,4,5,1,1,1.0,1.0,0,nan,nan,nan,0.0,0.0013469771349361912
1534,frozen,46,0,4,0,0,-1.0,-1.0,1,1,0,0,0.0,0.0013469771349361912
1535,frozen,46,1,3,0,0,-1.0,-1.0,1,0,1,0,0.0,0.0013469771349361912
1536,frozen,46,1,5,1,0,-1.0,-1.0,1,0,1,0,0.0,0.0013469771349361912
1537,frozen,46,2,5,1,0,-1.0,-1.0,1,0,1,0,0.0,0.0013469771349361912
1538,frozen,46,7,3,0,0,-1.0,-1.0,1,0,1,0,0.0,0.0013469771349361912
1539,frozen,46,7,5,1,0,-1.0,-1.0,1,0,1,0,0.0,0.0013469771349361912
1540,frozen,46,3,5,1,0,-1.0,-1.0,1,0,1,0,0.0,0.0013469771349361912
1541,frozen,46,5,3,0,0,-1.0,-1.0,1,0,1,0,0.0,0.0013469771349361912
1542,frozen,46,7,3,0,0,-1.0,-1.0,1,0,1,0,0.0,0.0013469771349361912
1543,frozen,46,2,5,1,0,-1.0,-1.0,1,0,1,0,0.0,0.0013469771349361912
1544,frozen,46,5,3,0,0,-1.0,-1.0,1,0,1,0,0.0,0.0013469771349361912
1545,frozen,46,2,5,1,0,-1.0,-1.0,1,0,1,0,0.0,0.0013469771349361912
1546,frozen,46,2,5,1,0,-1.0,-1.0,1,0,1,0,0.0,0.0013469771349361912
1547,frozen,46,4,5,1,1,1.0,1.0,0,nan,nan,nan,0.0,0.0013469771349361912
1548,frozen,46,8,4,0,0,-1.0,-1.0,1,1,0,0,0.0,0.0013469771349361912
1549,frozen,46,4,5,1,1,1.0,1.0,0,nan,nan,nan,0.0,0.0013469771349361912
1550,frozen,46,4,4,0,1,1.0,1.0,0,nan,nan,nan,0.0,0.0013469771349361912
1551,frozen,46,3,3,0,1,1.0,1.0,0,nan,nan,nan,0.0,0.0013469771349361912
1552,frozen,46,7,4,1,0,-1.0,-1.0,1,3,0,1,0.0,0.0013469771349361912
1553,frozen,46,3,5,1,0,-1.0,-1.0,1,0,1,0,0.0,0.0013469771349361912
1554,frozen,46,1,5,1,0,-1.0,-1.0,1,0,1,0,0.0,0.0013469771349361912
1555,frozen,46,8,3,0,0,-1.0,-1.0,1,0,1,0,0.0,0.0013469771349361912
1556,frozen,46,4,5,1,1,1.0,1.0,0,nan,nan,nan,0.0,0.0013469771349361912
1557,frozen,46,4,4,0,1,1.0,1.0,0,nan,nan,nan,0.0,0.0013469771349361912
1558,frozen,46,5,5,1,1,1.0,1.0,0,nan,nan,nan,0.0,0.0013469771349361912
1559,frozen,46,6,6,1,1,1.0,1.0,0,nan,nan,nan,0.0,0.0013469771349361912
1560,frozen,46,4,7,1,0,-1.0,-1.0,1,4,0,1,0.0,0.0013469771349361912
1561,frozen,46,6,3,0,0,-1.0,-1.0,1,0,1,0,0.0,0.0013469771349361912
1562,frozen,46,7,3,0,0,-1.0,-1.0,1,0,1,0,0.0,0.0013469771349361912
1563,frozen,46,3,3,0,1,1.0,1.0,0,nan,nan,nan,0.0,0.0013469771349361912
1564,frozen,46,1,4,1,0,-1.0,-1.0,1,1,0,0,0.0,0.0013469771349361912
1565,frozen,46,0,3,0,0,-1.0,-1.0,1,0,1,0,0.0,0.0013469771349361912
1566,frozen,46,8,3,0,0,-1.0,-1.0,1,0,1,0,0.0,0.0013469771349361912
1567,frozen,46,6,3,0,0,-1.0,-1.0,1,0,1,0,0.0,0.0013469771349361912
1568,frozen,46,0,3,0,0,-1.0,-1.0,1,0,1,0,0.0,0.0013469771349361912
1569,frozen,46,8,5,1,0,-1.0,-1.0,1,0,1,0,0.0,0.0013469771349361912
1570,frozen,46,4,5,1,1,1.0,1.0,0,nan,nan,nan,0.0,0.0013469771349361912
1571,frozen,46,2,6,1,0,-1.0,-1.0,1,1,0,0,0.0,0.0013469771349361912
1572,frozen,46,2,5,1,0,-1.0,-1.0,1,0,1,0,0.0,0.0013469771349361912
1573,frozen,46,2,5,1,0,-1.0,-1.0,1,0,1,0,0.0,0.0013469771349361912
1574,frozen,46,8,3,0,0,-1.0,-1.0,1,0,1,0,0.0,0.0013469771349361912
1575,frozen,46,0,5,1,0,-1.0,-1.0,1,0,1,0,0.0,0.0013469771349361912
1576,frozen,46,0,5,1,0,-1.0,-1.0,1,0,1,0,0.0,0.0013469771349361912
1577,frozen,46,5,3,0,0,-1.0,-1.0,1,0,1,0,0.0,0.0013469771349361912
1578,frozen,46,4,5,1,1,1.0,1.0,0,nan,nan,nan,0.0,0.0013469771349361912
1579,frozen,46,7,6,1,1,1.0,1.0,0,nan,nan,nan,0.0,0.0013469771349361912
1580,frozen,46,0,7,1,0,-1.0,-1.0,1,2,0,0,0.0,0.0013469771349361912
1581,frozen,46,3,3,0,1,1.0,1.0,0,nan,nan,nan,0.0,0.0013469771349361912
1582,frozen,46,1,4,1,0,-1.0,-1.0,1,1,0,0,0.0,0.0013469771349361912
1583,frozen,46,5,3,0,0,-1.0,-1.0,1,0,1,0,0.0,0.0013469771349361912
1584,frozen,46,6,5,1,1,1.0,1.0,0,nan,nan,nan,0.0,0.0013469771349361912
1585,frozen,46,0,4,0,0,-1.0,-1.0,1,1,0,0,0.0,0.0013469771349361912
1586,frozen,46,7,3,0,0,-1.0,-1.0,1,0,1,0,0.0,0.0013469771349361912
1587,frozen,46,1,5,1,0,-1.0,-1.0,1,0,1,0,0.0,0.0013469771349361912
1588,frozen,46,2,5,1,0,-1.0,-1.0,1,0,1,0,0.0,0.0013469771349361912
1589,frozen,46,4,5,1,1,1.0,1.0,0,nan,nan,nan,0.0,0.0013469771349361912
1590,frozen,46,1,6,1,0,-1.0,-1.0,1,1,0,0,0.0,0.0013469771349361912
1591,frozen,46,7,3,0,0,-1.0,-1.0,1,0,1,0,0.0,0.0013469771349361912
1592,frozen,46,6,5,1,1,1.0,1.0,0,nan,nan,nan,0.0,0.0013469771349361912
1593,frozen,46,4,6,1,0,-1.0,-1.0,1,1,0,0,0.0,0.0013469771349361912
1594,frozen,46,8,3,0,0,-1.0,-1.0,1,0,1,0,0.0,0.0013469771349361912
1595,frozen,46,1,5,1,0,-1.0,-1.0,1,0,1,0,0.0,0.0013469771349361912
1596,frozen,46,8,3,0,0,-1.0,-1.0,1,0,1,0,0.0,0.0013469771349361912
1597,frozen,46,5,3,0,0,-1.0,-1.0,1,0,1,0,0.0,0.0013469771349361912
1598,frozen,46,7,3,0,0,-1.0,-1.0,1,0,1,0,0.0,0.0013469771349361912
1599,frozen,46,6,3,0,0,-1.0,-1.0,1,0,1,0,0.0,0.0013469771349361912
1600,frozen,46,4,5,1,1,1.0,1.0,0,nan,nan,nan,0.0,0.0013469771349361912
1601,frozen,46,0,6,1,0,-1.0,-1.0,1,1,0,0,0.0,0.0013469771349361912
1602,frozen,46,2,5,1,0,-1.0,-1.0,1,0,1,0,0.0,0.0013469771349361912
1603,frozen,46,8,3,0,0,-1.0,-1.0,1,0,1,0,0.0,0.0013469771349361912
1604,frozen,46,8,3,0,0,-1.0,-1.0,1,0,1,0,0.0,0.0013469771349361912
1605,frozen,46,8,3,0,0,-1.0,-1.0,1,0,1,0,0.0,0.0013469771349361912
1606,frozen,46,6,3,0,0,-1.0,-1.0,1,0,1,0,0.0,0.0013469771349361912
1607,frozen,46,8,3,0,0,-1.0,-1.0,1,0,1,0,0.0,0.0013469771349361912
1608,frozen,46,3,3,0,1,1.0,1.0,0,nan,nan,nan,0.0,0.0013469771349361912
1609,frozen,46,7,4,1,0,-1.0,-1.0,1,1,0,0,0.0,0.0013469771349361912
1610,frozen,46,7,3,0,0,-1.0,-1.0,1,0,1,0,0.0,0.0013469771349361912
1611,frozen,46,4,5,1,1,1.0,1.0,0,nan,nan,nan,0.0,0.0013469771349361912
1612,frozen,46,7,4,0,0,-1.0,-1.0,1,1,0,0,0.0,0.0013469771349361912
1613,frozen,46,1,5,1,0,-1.0,-1.0,1,0,1,0,0.0,0.0013469771349361912
1614,frozen,46,2,3,0,1,1.0,1.0,0,nan,nan,nan,0.0,0.0013469771349361912
1615,frozen,46,3,4,1,1,1.0,1.0,0,nan,nan,nan,0.0,0.0013469771349361912
1616,frozen,46,5,3,0,0,-1.0,-1.0,1,2,0,0,0.0,0.0013469771349361912
1617,frozen,46,7,3,0,0,-1.0,-1.0,1,0,1,0,0.0,0.0013469771349361912
1618,frozen,46,3,5,1,0,-1.0,-1.0,1,0,1,0,0.0,0.0013469771349361912
1619,frozen,46,7,3,0,0,-1.0,-1.0,1,0,1,0,0.0,0.0013469771349361912
1620,frozen,46,3,5,1,0,-1.0,-1.0,1,0,1,0,0.0,0.0013469771349361912
1621,frozen,46,3,3,0,1,1.0,1.0,0,nan,nan,nan,0.0,0.0013469771349361912
1622,frozen,46,8,2,0,0,-1.0,-1.0,1,1,0,0,0.0,0.0013469771349361912
1623,frozen,46,2,5,1,0,-1.0,-1.0,1,0,1,0,0.0,0.0013469771349361912
1624,frozen,46,7,3,0,0,-1.0,-1.0,1,0,1,0,0.0,0.0013469771349361912
1625,frozen,46,6,5,1,1,1.0,1.0,0,nan,nan,nan,0.0,0.0013469771349361912
1626,frozen,46,2,6,1,0,-1.0,-1.0,1,1,0,0,0.0,0.0013469771349361912
1627,frozen,46,6,3,0,0,-1.0,-1.0,1,0,1,0,0.0,0.0013469771349361912
1628,frozen,46,3,3,0,1,1.0,1.0,0,nan,nan,nan,0.0,0.0013469771349361912
1629,frozen,46,2,4,1,0,-1.0,-1.0,1,1,0,0,0.0,0.0013469771349361912
1630,frozen,46,0,3,0,0,-1.0,-1.0,1,0,1,0,0.0,0.0013469771349361912
1631,frozen,46,0,3,0,0,-1.0,-1.0,1,0,1,0,0.0,0.0013469771349361912
1632,frozen,46,7,3,0,0,-1.0,-1.0,1,0,1,0,0.0,0.0013469771349361912
1633,frozen,46,6,5,1,1,1.0,1.0,0,nan,nan,nan,0.0,0.0013469771349361912
1634,frozen,46,8,4,0,0,-1.0,-1.0,1,1,0,0,0.0,0.0013469771349361912
1635,frozen,46,1,5,1,0,-1.0,-1.0,1,0,1,0,0.0,0.0013469771349361912
1636,frozen,46,7,3,0,0,-1.0,-1.0,1,0,1,0,0.0,0.0013469771349361912
1637,frozen,46,5,5,1,1,1.0,1.0,0,nan,nan,nan,0.0,0.0013469771349361912
1638,frozen,46,0,6,1,0,-1.0,-1.0,1,1,0,0,0.0,0.0013469771349361912
1639,frozen,46,7,3,0,0,-1.0,-1.0,1,0,1,0,0.0,0.0013469771349361912
1640,frozen,46,6,3,0,0,-1.0,-1.0,1,0,1,0,0.0,0.0013469771349361912
1641,frozen,46,6,5,1,1,1.0,1.0,0,nan,nan,nan,0.0,0.0013469771349361912
1642,frozen,46,4,6,1,0,-1.0,-1.0,1,1,0,0,0.0,0.0013469771349361912
1643,frozen,46,1,5,1,0,-1.0,-1.0,1,0,1,0,0.0,0.0013469771349361912
1644,frozen,46,3,3,0,1,1.0,1.0,0,nan,nan,nan,0.0,0.0013469771349361912
1645,frozen,46,4,2,0,0,-1.0,-1.0,1,1,0,0,0.0,0.0013469771349361912
1646,frozen,46,8,3,0,0,-1.0,-1.0,1,0,1,0,0.0,0.0013469771349361912
1647,frozen,46,2,5,1,0,-1.0,-1.0,1,0,1,0,0.0,0.0013469771349361912
1648,frozen,46,5,5,1,1,1.0,1.0,0,nan,nan,nan,0.0,0.0013469771349361912
1649,frozen,46,5,4,0,1,1.0,1.0,0,nan,nan,nan,0.0,0.0013469771349361912
1650,frozen,46,8,3,0,0,-1.0,-1.0,1,2,0,0,0.0,0.0013469771349361912
1651,frozen,46,1,3,0,0,-1.0,-1.0,1,0,1,0,0.0,0.0013469771349361912
1652,frozen,46,7,3,0,0,-1.0,-1.0,1,0,1,0,0.0,0.0013469771349361912
1653,frozen,46,6,5,1,1,1.0,1.0,0,nan,nan,nan,0.0,0.0013469771349361912
1654,frozen,46,3,6,1,0,-1.0,-1.0,1,1,0,0,0.0,0.0013469771349361912
1655,frozen,46,7,3,0,0,-1.0,-1.0,1,0,1,0,0.0,0.0013469771349361912
1656,frozen,46,2,5,1,0,-1.0,-1.0,1,0,1,0,0.0,0.0013469771349361912
1657,frozen,46,4,5,1,1,1.0,1.0,0,nan,nan,nan,0.0,0.0013469771349361912
1658,frozen,46,6,6,1,1,1.0,1.0,0,nan,nan,nan,0.0,0.0013469771349361912
1659,frozen,46,3,7,1,0,-1.0,-1.0,1,2,0,0,0.0,0.0013469771349361912
1660,frozen,46,0,5,1,0,-1.0,-1.0,1,0,1,0,0.0,0.0013469771349361912
1661,frozen,46,2,5,1,0,-1.0,-1.0,1,0,1,0,0.0,0.0013469771349361912
1662,frozen,46,5,5,1,1,1.0,1.0,0,nan,nan,nan,0.0,0.0013469771349361912
1663,frozen,46,4,4,0,1,1.0,1.0,0,nan,nan,nan,0.0,0.0013469771349361912
1664,frozen,46,1,5,1,0,-1.0,-1.0,1,2,0,0,0.0,0.0013469771349361912
1665,frozen,46,0,5,1,0,-1.0,-1.0,1,0,1,0,0.0,0.0013469771349361912
1666,frozen,46,8,3,0,0,-1.0,-1.0,1,0,1,0,0.0,0.0013469771349361912
1667,frozen,46,4,5,1,1,1.0,1.0,0,nan,nan,nan,0.0,0.0013469771349361912
1668,frozen,46,6,6,1,1,1.0,1.0,0,nan,nan,nan,0.0,0.0013469771349361912
1669,frozen,46,2,7,1,0,-1.0,-1.0,1,2,0,0,0.0,0.0013469771349361912
1670,frozen,46,0,5,1,0,-1.0,-1.0,1,0,1,0,0.0,0.0013469771349361912
1671,frozen,46,5,3,0,0,-1.0,-1.0,1,0,1,0,0.0,0.0013469771349361912
1672,frozen,46,0,3,0,0,-1.0,-1.0,1,0,1,0,0.0,0.0013469771349361912
1673,frozen,46,1,3,0,0,-1.0,-1.0,1,0,1,0,0.0,0.0013469771349361912
1674,frozen,46,2,5,1,0,-1.0,-1.0,1,0,1,0,0.0,0.0013469771349361912
1675,frozen,46,4,5,1,1,1.0,1.0,0,nan,nan,nan,0.0,0.0013469771349361912
1676,frozen,46,5,6,1,1,1.0,1.0,0,nan,nan,nan,0.0,0.0013469771349361912
1677,frozen,46,1,5,0,0,-1.0,-1.0,1,2,0,0,0.0,0.0013469771349361912
1678,frozen,46,1,5,1,0,-1.0,-1.0,1,0,1,0,0.0,0.0013469771349361912
1679,frozen,46,5,5,1,1,1.0,1.0,0,nan,nan,nan,0.0,0.0013469771349361912
1680,frozen,46,4,4,0,1,1.0,1.0,0,nan,nan,nan,0.0,0.0013469771349361912
1681,frozen,46,5,3,0,0,-1.0,-1.0,1,2,0,0,0.0,0.0013469771349361912
1682,frozen,46,3,3,0,1,1.0,1.0,0,nan,nan,nan,0.0,0.0013469771349361912
1683,frozen,46,8,2,0,0,-1.0,-1.0,1,1,0,0,0.0,0.0013469771349361912
1684,frozen,46,5,3,0,0,-1.0,-1.0,1,0,1,0,0.0,0.0013469771349361912
1685,frozen,46,4,5,1,1,1.0,1.0,0,nan,nan,nan,0.0,0.0013469771349361912
1686,frozen,46,7,4,0,0,-1.0,-1.0,1,1,0,0,0.0,0.0013469771349361912
1687,frozen,46,0,5,1,0,-1.0,-1.0,1,0,1,0,0.0,0.0013469771349361912
1688,frozen,46,1,5,1,0,-1.0,-1.0,1,0,1,0,0.0,0.0013469771349361912
1689,frozen,46,4,5,1,1,1.0,1.0,0,nan,nan,nan,0.0,0.0013469771349361912
1690,frozen,46,2,6,1,0,-1.0,-1.0,1,1,0,0,0.0,0.0013469771349361912
1691,frozen,46,1,5,1,0,-1.0,-1.0,1,0,1,0,0.0,0.0013469771349361912
1692,frozen,46,0,3,0,0,-1.0,-1.0,1,0,1,0,0.0,0.0013469771349361912
1693,frozen,46,8,5,1,0,-1.0,-1.0,1,0,1,0,0.0,0.0013469771349361912
1694,frozen,46,7,3,0,0,-1.0,-1.0,1,0,1,0,0.0,0.0013469771349361912
1695,frozen,46,3,5,1,0,-1.0,-1.0,1,0,1,0,0.0,0.0013469771349361912
1696,frozen,46,8,5,1,0,-1.0,-1.0,1,0,1,0,0.0,0.0013469771349361912
1697,frozen,46,1,5,1,0,-1.0,-1.0,1,0,1,0,0.0,0.0013469771349361912
1698,frozen,46,3,5,1,0,-1.0,-1.0,1,0,1,0,0.0,0.0013469771349361912
1699,frozen,46,3,3,0,1,1.0,1.0,0,nan,nan,nan,0.0,0.0013469771349361912
1700,frozen,46,2,2,0,1,1.0,1.0,0,nan,nan,nan,0.0,0.0013469771349361912
1701,frozen,46,5,1,0,0,-1.0,-1.0,1,2,0,0,0.0,0.0013469771349361912
1702,frozen,46,3,5,1,0,-1.0,-1.0,1,0,1,0,0.0,0.0013469771349361912
1703,frozen,46,0,3,0,0,-1.0,-1.0,1,0,1,0,0.0,0.0013469771349361912
1704,frozen,46,6,5,1,1,1.0,1.0,0,nan,nan,nan,0.0,0.0013469771349361912
1705,frozen,46,7,6,1,1,1.0,1.0,0,nan,nan,nan,0.0,0.0013469771349361912
1706,frozen,46,5,7,1,0,-1.0,-1.0,1,2,0,0,0.0,0.0013469771349361912
1707,frozen,46,8,5,1,0,-1.0,-1.0,1,0,1,0,0.0,0.0013469771349361912
1708,frozen,46,0,3,0,0,-1.0,-1.0,1,0,1,0,0.0,0.0013469771349361912
1709,frozen,46,2,5,1,0,-1.0,-1.0,1,0,1,0,0.0,0.0013469771349361912
1710,frozen,46,7,3,0,0,-1.0,-1.0,1,0,1,0,0.0,0.0013469771349361912
1711,frozen,46,8,5,1,0,-1.0,-1.0,1,0,1,0,0.0,0.0013469771349361912
1712,frozen,46,3,3,0,1,1.0,1.0,0,nan,nan,nan,0.0,0.0013469771349361912
1713,frozen,46,3,4,1,1,1.0,1.0,0,nan,nan,nan,0.0,0.0013469771349361912
1714,frozen,46,0,5,1,0,-1.0,-1.0,1,2,0,0,0.0,0.0013469771349361912
1715,frozen,46,3,3,0,1,1.0,1.0,0,nan,nan,nan,0.0,0.0013469771349361912
1716,frozen,46,2,2,0,1,1.0,1.0,0,nan,nan,nan,0.0,0.0013469771349361912
1717,frozen,46,2,3,1,1,1.0,1.0,0,nan,nan,nan,0.0,0.0013469771349361912
1718,frozen,46,6,4,1,0,-1.0,-1.0,1,3,0,1,0.0,0.0013469771349361912
1719,frozen,46,3,5,1,0,-1.0,-1.0,1,0,1,0,0.0,0.0013469771349361912
1720,frozen,46,1,5,1,0,-1.0,-1.0,1,0,1,0,0.0,0.0013469771349361912
1721,frozen,46,0,3,0,0,-1.0,-1.0,1,0,1,0,0.0,0.0013469771349361912
1722,frozen,46,4,5,1,1,1.0,1.0,0,nan,nan,nan,0.0,0.0013469771349361912
1723,frozen,46,8,4,0,0,-1.0,-1.0,1,1,0,0,0.0,0.0013469771349361912
1724,frozen,46,8,5,1,0,-1.0,-1.0,1,0,1,0,0.0,0.0013469771349361912
1725,frozen,46,6,3,0,0,-1.0,-1.0,1,0,1,0,0.0,0.0013469771349361912
1726,frozen,46,4,5,1,1,1.0,1.0,0,nan,nan,nan,0.0,0.0013469771349361912
1727,frozen,46,0,4,0,0,-1.0,-1.0,1,1,0,0,0.0,0.0013469771349361912
1728,frozen,46,3,3,0,1,1.0,1.0,0,nan,nan,nan,0.0,0.0013469771349361912
1729,frozen,46,6,2,0,0,-1.0,-1.0,1,1,0,0,0.0,0.0013469771349361912
1730,frozen,46,5,3,0,0,-1.0,-1.0,1,0,1,0,0.0,0.0013469771349361912
1731,frozen,46,2,5,1,0,-1.0,-1.0,1,0,1,0,0.0,0.0013469771349361912
1732,frozen,46,4,5,1,1,1.0,1.0,0,nan,nan,nan,0.0,0.0013469771349361912
1733,frozen,46,6,6,1,1,1.0,1.0,0,nan,nan,nan,0.0,0.0013469771349361912
1734,frozen,46,1,7,1,0,-1.0,-1.0,1,2,0,0,0.0,0.0013469771349361912
1735,frozen,46,3,3,0,1,1.0,1.0,0,nan,nan,nan,0.0,0.0013469771349361912
1736,frozen,46,5,4,1,1,1.0,1.0,0,nan,nan,nan,0.0,0.0013469771349361912
1737,frozen,46,8,3,0,0,-1.0,-1.0,1,2,0,0,0.0,0.0013469771349361912
1738,frozen,46,5,5,1,1,1.0,1.0,0,nan,nan,nan,0.0,0.0013469771349361912
1739,frozen,46,6,6,1,1,1.0,1.0,0,nan,nan,nan,0.0,0.0013469771349361912
1740,frozen,46,6,7,1,1,1.0,1.0,0,nan,nan,nan,0.0,0.0013469771349361912
1741,frozen,46,1,8,1,0,-1.0,-1.0,1,3,0,1,0.0,0.0013469771349361912
1742,frozen,46,6,5,1,1,1.0,1.0,0,nan,nan,nan,0.0,0.0013469771349361912
1743,frozen,46,4,4,0,1,1.0,1.0,0,nan,nan,nan,0.0,0.0013469771349361912
1744,frozen,46,8,3,0,0,-1.0,-1.0,1,2,0,0,0.0,0.0013469771349361912
1745,frozen,46,8,5,1,0,-1.0,-1.0,1,0,1,0,0.0,0.0013469771349361912
1746,frozen,46,6,3,0,0,-1.0,-1.0,1,0,1,0,0.0,0.0013469771349361912
1747,frozen,46,7,3,0,0,-1.0,-1.0,1,0,1,0,0.0,0.0013469771349361912
1748,frozen,46,1,3,0,0,-1.0,-1.0,1,0,1,0,0.0,0.0013469771349361912
1749,frozen,46,5,3,0,0,-1.0,-1.0,1,0,1,0,0.0,0.0013469771349361912
1750,frozen,46,6,3,0,0,-1.0,-1.0,1,0,1,0,0.0,0.0013469771349361912
1751,frozen,46,1,3,0,0,-1.0,-1.0,1,0,1,0,0.0,0.0013469771349361912
1752,frozen,46,8,3,0,0,-1.0,-1.0,1,0,1,0,0.0,0.0013469771349361912
1753,frozen,46,6,3,0,0,-1.0,-1.0,1,0,1,0,0.0,0.0013469771349361912
1754,frozen,46,6,3,0,0,-1.0,-1.0,1,0,1,0,0.0,0.0013469771349361912
1755,frozen,46,6,5,1,1,1.0,1.0,0,nan,nan,nan,0.0,0.0013469771349361912
1756,frozen,46,2,6,1,0,-1.0,-1.0,1,1,0,0,0.0,0.0013469771349361912
1757,frozen,46,8,3,0,0,-1.0,-1.0,1,0,1,0,0.0,0.0013469771349361912
1758,frozen,46,1,3,0,0,-1.0,-1.0,1,0,1,0,0.0,0.0013469771349361912
1759,frozen,46,6,5,1,1,1.0,1.0,0,nan,nan,nan,0.0,0.0013469771349361912
1760,frozen,46,7,4,0,0,-1.0,-1.0,1,1,0,0,0.0,0.0013469771349361912
1761,frozen,46,7,3,0,0,-1.0,-1.0,1,0,1,0,0.0,0.0013469771349361912
1762,frozen,46,8,5,1,0,-1.0,-1.0,1,0,1,0,0.0,0.0013469771349361912
1763,frozen,46,1,5,1,0,-1.0,-1.0,1,0,1,0,0.0,0.0013469771349361912
1764,frozen,46,7,3,0,0,-1.0,-1.0,1,0,1,0,0.0,0.0013469771349361912
1765,frozen,46,3,3,0,1,1.0,1.0,0,nan,nan,nan,0.0,0.0013469771349361912
1766,frozen,46,3,4,1,1,1.0,1.0,0,nan,nan,nan,0.0,0.0013469771349361912
1767,frozen,46,6,5,1,1,1.0,1.0,0,nan,nan,nan,0.0,0.0013469771349361912
1768,frozen,46,2,6,1,0,-1.0,-1.0,1,3,0,1,0.0,0.0013469771349361912
1769,frozen,46,3,3,0,1,1.0,1.0,0,nan,nan,nan,0.0,0.0013469771349361912
1770,frozen,46,4,2,0,0,-1.0,-1.0,1,1,0,0,0.0,0.0013469771349361912
1771,frozen,46,8,5,1,0,-1.0,-1.0,1,0,1,0,0.0,0.0013469771349361912
1772,frozen,46,1,5,1,0,-1.0,-1.0,1,0,1,0,0.0,0.0013469771349361912
1773,frozen,46,6,5,1,1,1.0,1.0,0,nan,nan,nan,0.0,0.0013469771349361912
1774,frozen,46,8,4,0,0,-1.0,-1.0,1,1,0,0,0.0,0.0013469771349361912
1775,frozen,46,2,5,1,0,-1.0,-1.0,1,0,1,0,0.0,0.0013469771349361912
1776,frozen,46,6,3,0,0,-1.0,-1.0,1,0,1,0,0.0,0.0013469771349361912
1777,frozen,46,4,5,1,1,1.0,1.0,0,nan,nan,nan,0.0,0.0013469771349361912
1778,frozen,46,3,6,1,0,-1.0,-1.0,1,1,0,0,0.0,0.0013469771349361912
1779,frozen,46,4,5,1,1,1.0,1.0,0,nan,nan,nan,0.0,0.0013469771349361912
1780,frozen,46,7,4,0,0,-1.0,-1.0,1,1,0,0,0.0,0.0013469771349361912
1781,frozen,46,0,3,0,0,-1.0,-1.0,1,0,1,0,0.0,0.0013469771349361912
1782,frozen,46,5,5,1,1,1.0,1.0,0,nan,nan,nan,0.0,0.0013469771349361912
1783,frozen,46,2,6,1,0,-1.0,-1.0,1,1,0,0,0.0,0.0013469771349361912
1784,frozen,46,0,5,1,0,-1.0,-1.0,1,0,1,0,0.0,0.0013469771349361912
1785,frozen,46,3,5,1,0,-1.0,-1.0,1,0,1,0,0.0,0.0013469771349361912
1786,frozen,46,7,3,0,0,-1.0,-1.0,1,0,1,0,0.0,0.0013469771349361912
1787,frozen,46,2,3,0,1,1.0,1.0,0,nan,nan,nan,0.0,0.0013469771349361912
1788,frozen,46,3,4,1,1,1.0,1.0,0,nan,nan,nan,0.0,0.0013469771349361912
1789,frozen,46,6,3,0,0,-1.0,-1.0,1,2,0,0,0.0,0.0013469771349361912
1790,frozen,46,1,3,0,0,-1.0,-1.0,1,0,1,0,0.0,0.0013469771349361912
1791,frozen,46,7,3,0,0,-1.0,-1.0,1,0,1,0,0.0,0.0013469771349361912
1792,frozen,46,1,3,0,0,-1.0,-1.0,1,0,1,0,0.0,0.0013469771349361912
1793,frozen,46,7,3,0,0,-1.0,-1.0,1,0,1,0,0.0,0.0013469771349361912
1794,frozen,46,7,3,0,0,-1.0,-1.0,1,0,1,0,0.0,0.0013469771349361912
1795,frozen,46,0,5,1,0,-1.0,-1.0,1,0,1,0,0.0,0.0013469771349361912
1796,frozen,46,7,3,0,0,-1.0,-1.0,1,0,1,0,0.0,0.0013469771349361912
1797,frozen,46,3,3,0,1,1.0,1.0,0,nan,nan,nan,0.0,0.0013469771349361912
1798,frozen,46,2,2,0,1,1.0,1.0,0,nan,nan,nan,0.0,0.0013469771349361912
1799,frozen,46,5,1,0,0,-1.0,-1.0,1,2,0,0,0.0,0.0013469771349361912
1800,frozen,46,4,5,1,1,1.0,1.0,0,nan,nan,nan,0.0,0.0013469771349361912
1801,frozen,46,0,4,0,0,-1.0,-1.0,1,1,0,0,0.0,0.0013469771349361912
1802,frozen,46,4,5,1,1,1.0,1.0,0,nan,nan,nan,0.0,0.0013469771349361912
1803,frozen,46,0,4,0,0,-1.0,-1.0,1,1,0,0,0.0,0.0013469771349361912
1804,frozen,46,2,5,1,0,-1.0,-1.0,1,0,1,0,0.0,0.0013469771349361912
1805,frozen,46,2,5,1,0,-1.0,-1.0,1,0,1,0,0.0,0.0013469771349361912
1806,frozen,46,1,5,1,0,-1.0,-1.0,1,0,1,0,0.0,0.0013469771349361912
1807,frozen,46,2,5,1,0,-1.0,-1.0,1,0,1,0,0.0,0.0013469771349361912
1808,frozen,46,3,5,1,0,-1.0,-1.0,1,0,1,0,0.0,0.0013469771349361912
1809,frozen,46,5,3,0,0,-1.0,-1.0,1,0,1,0,0.0,0.0013469771349361912
1810,frozen,46,7,3,0,0,-1.0,-1.0,1,0,1,0,0.0,0.0013469771349361912
1811,frozen,46,1,3,0,0,-1.0,-1.0,1,0,1,0,0.0,0.0013469771349361912
1812,frozen,46,7,5,1,0,-1.0,-1.0,1,0,1,0,0.0,0.0013469771349361912
1813,frozen,46,1,3,0,0,-1.0,-1.0,1,0,1,0,0.0,0.0013469771349361912
1814,frozen,46,8,3,0,0,-1.0,-1.0,1,0,1,0,0.0,0.0013469771349361912
1815,frozen,46,0,5,1,0,-1.0,-1.0,1,0,1,0,0.0,0.0013469771349361912
1816,frozen,46,8,3,0,0,-1.0,-1.0,1,0,1,0,0.0,0.0013469771349361912
1817,frozen,46,5,5,1,1,1.0,1.0,0,nan,nan,nan,0.0,0.0013469771349361912
1818,frozen,46,6,4,0,0,-1.0,-1.0,1,1,0,0,0.0,0.0013469771349361912
1819,frozen,46,2,5,1,0,-1.0,-1.0,1,0,1,0,0.0,0.0013469771349361912
1820,frozen,46,2,5,1,0,-1.0,-1.0,1,0,1,0,0.0,0.0013469771349361912
1821,frozen,46,7,3,0,0,-1.0,-1.0,1,0,1,0,0.0,0.0013469771349361912
1822,frozen,46,1,5,1,0,-1.0,-1.0,1,0,1,0,0.0,0.0013469771349361912
1823,frozen,46,4,5,1,1,1.0,1.0,0,nan,nan,nan,0.0,0.0013469771349361912
1824,frozen,46,5,6,1,1,1.0,1.0,0,nan,nan,nan,0.0,0.0013469771349361912
1825,frozen,46,5,5,0,1,1.0,1.0,0,nan,nan,nan,0.0,0.0013469771349361912
1826,frozen,46,4,4,0,1,1.0,1.0,0,nan,nan,nan,0.0,0.0013469771349361912
1827,frozen,46,0,5,1,0,-1.0,-1.0,1,4,0,1,0.0,0.0013469771349361912
1828,frozen,46,3,3,0,1,1.0,1.0,0,nan,nan,nan,0.0,0.0013469771349361912
1829,frozen,46,4,4,1,1,1.0,1.0,0,nan,nan,nan,0.0,0.0013469771349361912
1830,frozen,46,6,3,0,0,-1.0,-1.0,1,2,0,0,0.0,0.0013469771349361912
1831,frozen,46,5,3,0,0,-1.0,-1.0,1,0,1,0,0.0,0.0013469771349361912
1832,frozen,46,4,5,1,1,1.0,1.0,0,nan,nan,nan,0.0,0.0013469771349361912
1833,frozen,46,7,4,0,0,-1.0,-1.0,1,1,0,0,0.0,0.0013469771349361912
1834,frozen,46,0,3,0,0,-1.0,-1.0,1,0,1,0,0.0,0.0013469771349361912
1835,frozen,46,1,3,0,0,-1.0,-1.0,1,0,1,0,0.0,0.0013469771349361912
1836,frozen,46,6,3,0,0,-1.0,-1.0,1,0,1,0,0.0,0.0013469771349361912
1837,frozen,46,0,3,0,0,-1.0,-1.0,1,0,1,0,0.0,0.0013469771349361912
1838,frozen,46,2,5,1,0,-1.0,-1.0,1,0,1,0,0.0,0.0013469771349361912
1839,frozen,46,2,5,1,0,-1.0,-1.0,1,0,1,0,0.0,0.0013469771349361912
1840,frozen,46,1,5,1,0,-1.0,-1.0,1,0,1,0,0.0,0.0013469771349361912
1841,frozen,46,2,5,1,0,-1.0,-1.0,1,0,1,0,0.0,0.0013469771349361912
1842,frozen,46,1,3,0,0,-1.0,-1.0,1,0,1,0,0.0,0.0013469771349361912
1843,frozen,46,8,5,1,0,-1.0,-1.0,1,0,1,0,0.0,0.0013469771349361912
1844,frozen,46,8,3,0,0,-1.0,-1.0,1,0,1,0,0.0,0.0013469771349361912
1845,frozen,46,4,5,1,1,1.0,1.0,0,nan,nan,nan,0.0,0.0013469771349361912
1846,frozen,46,1,4,0,0,-1.0,-1.0,1,1,0,0,0.0,0.0013469771349361912
1847,frozen,46,6,3,0,0,-1.0,-1.0,1,0,1,0,0.0,0.0013469771349361912
1848,frozen,46,5,5,1,1,1.0,1.0,0,nan,nan,nan,0.0,0.0013469771349361912
1849,frozen,46,8,4,0,0,-1.0,-1.0,1,1,0,0,0.0,0.0013469771349361912
1850,frozen,46,7,3,0,0,-1.0,-1.0,1,0,1,0,0.0,0.0013469771349361912
1851,frozen,46,6,5,1,1,1.0,1.0,0,nan,nan,nan,0.0,0.0013469771349361912
1852,frozen,46,2,6,1,0,-1.0,-1.0,1,1,0,0,0.0,0.0013469771349361912
1853,frozen,46,1,5,1,0,-1.0,-1.0,1,0,1,0,0.0,0.0013469771349361912
1854,frozen,46,1,3,0,0,-1.0,-1.0,1,0,1,0,0.0,0.0013469771349361912
1855,frozen,46,0,3,0,0,-1.0,-1.0,1,0,1,0,0.0,0.0013469771349361912
1856,frozen,46,3,3,0,1,1.0,1.0,0,nan,nan,nan,0.0,0.0013469771349361912
1857,frozen,46,8,2,0,0,-1.0,-1.0,1,1,0,0,0.0,0.0013469771349361912
1858,frozen,46,1,3,0,0,-1.0,-1.0,1,0,1,0,0.0,0.0013469771349361912
1859,frozen,46,8,3,0,0,-1.0,-1.0,1,0,1,0,0.0,0.0013469771349361912
1860,frozen,46,7,3,0,0,-1.0,-1.0,1,0,1,0,0.0,0.0013469771349361912
1861,frozen,46,3,5,1,0,-1.0,-1.0,1,0,1,0,0.0,0.0013469771349361912
1862,frozen,46,7,3,0,0,-1.0,-1.0,1,0,1,0,0.0,0.0013469771349361912
1863,frozen,46,3,3,0,1,1.0,1.0,0,nan,nan,nan,0.0,0.0013469771349361912
1864,frozen,46,1,4,1,0,-1.0,-1.0,1,1,0,0,0.0,0.0013469771349361912
1865,frozen,46,1,5,1,0,-1.0,-1.0,1,0,1,0,0.0,0.0013469771349361912
1866,frozen,46,0,5,1,0,-1.0,-1.0,1,0,1,0,0.0,0.0013469771349361912
1867,frozen,46,3,3,0,1,1.0,1.0,0,nan,nan,nan,0.0,0.0013469771349361912
1868,frozen,46,0,2,0,0,-1.0,-1.0,1,1,0,0,0.0,0.0013469771349361912
1869,frozen,46,0,5,1,0,-1.0,-1.0,1,0,1,0,0.0,0.0013469771349361912
1870,frozen,46,5,3,0,0,-1.0,-1.0,1,0,1,0,0.0,0.0013469771349361912
1871,frozen,46,8,3,0,0,-1.0,-1.0,1,0,1,0,0.0,0.0013469771349361912
1872,frozen,46,8,5,1,0,-1.0,-1.0,1,0,1,0,0.0,0.0013469771349361912
1873,frozen,46,3,3,0,1,1.0,1.0,0,nan,nan,nan,0.0,0.0013469771349361912
1874,frozen,46,4,2,0,0,-1.0,-1.0,1,1,0,0,0.0,0.0013469771349361912
1875,frozen,46,2,5,1,0,-1.0,-1.0,1,0,1,0,0.0,0.0013469771349361912
1876,frozen,46,1,5,1,0,-1.0,-1.0,1,0,1,0,0.0,0.0013469771349361912
1877,frozen,46,4,5,1,1,1.0,1.0,0,nan,nan,nan,0.0,0.0013469771349361912
1878,frozen,46,7,4,0,0,-1.0,-1.0,1,1,0,0,0.0,0.0013469771349361912
1879,frozen,46,0,3,0,0,-1.0,-1.0,1,0,1,0,0.0,0.0013469771349361912
1880,frozen,46,2,5,1,0,-1.0,-1.0,1,0,1,0,0.0,0.0013469771349361912
1881,frozen,46,1,3,0,0,-1.0,-1.0,1,0,1,0,0.0,0.0013469771349361912
1882,frozen,46,8,5,1,0,-1.0,-1.0,1,0,1,0,0.0,0.0013469771349361912
1883,frozen,46,3,3,0,1,1.0,1.0,0,nan,nan,nan,0.0,0.0013469771349361912
1884,frozen,46,0,2,0,0,-1.0,-1.0,1,1,0,0,0.0,0.0013469771349361912
1885,frozen,46,3,3,0,1,1.0,1.0,0,nan,nan,nan,0.0,0.0013469771349361912
1886,frozen,46,0,4,1,0,-1.0,-1.0,1,1,0,0,0.0,0.0013469771349361912
1887,frozen,46,8,5,1,0,-1.0,-1.0,1,0,1,0,0.0,0.0013469771349361912
1888,frozen,46,1,3,0,0,-1.0,-1.0,1,0,1,0,0.0,0.0013469771349361912
1889,frozen,46,7,3,0,0,-1.0,-1.0,1,0,1,0,0.0,0.0013469771349361912
1890,frozen,46,8,5,1,0,-1.0,-1.0,1,0,1,0,0.0,0.0013469771349361912
1891,frozen,46,4,5,1,1,1.0,1.0,0,nan,nan,nan,0.0,0.0013469771349361912
1892,frozen,46,8,4,0,0,-1.0,-1.0,1,1,0,0,0.0,0.0013469771349361912
1893,frozen,46,2,5,1,0,-1.0,-1.0,1,0,1,0,0.0,0.0013469771349361912
1894,frozen,46,0,3,0,0,-1.0,-1.0,1,0,1,0,0.0,0.0013469771349361912
1895,frozen,46,6,3,0,0,-1.0,-1.0,1,0,1,0,0.0,0.0013469771349361912
1896,frozen,46,0,5,1,0,-1.0,-1.0,1,0,1,0,0.0,0.0013469771349361912
1897,frozen,46,8,3,0,0,-1.0,-1.0,1,0,1,0,0.0,0.0013469771349361912
1898,frozen,46,1,5,1,0,-1.0,-1.0,1,0,1,0,0.0,0.0013469771349361912
1899,frozen,46,5,5,1,1,1.0,1.0,0,nan,nan,nan,0.0,0.0013469771349361912
1900,frozen,46,6,6,1,1,1.0,1.0,0,nan,nan,nan,0.0,0.0013469771349361912
1901,frozen,46,7,7,1,1,1.0,1.0,0,nan,nan,nan,0.0,0.0013469771349361912
1902,frozen,46,6,6,0,1,1.0,1.0,0,nan,nan,nan,0.0,0.0013469771349361912
1903,frozen,46,5,5,0,1,1.0,1.0,0,nan,nan,nan,0.0,0.0013469771349361912
1904,frozen,46,3,6,1,0,-1.0,-1.0,1,5,0,1,0.0,0.0013469771349361912
1905,frozen,46,6,5,1,1,1.0,1.0,0,nan,nan,nan,0.0,0.0013469771349361912
1906,frozen,46,4,6,1,0,-1.0,-1.0,1,1,0,0,0.0,0.0013469771349361912
1907,frozen,46,8,3,0,0,-1.0,-1.0,1,0,1,0,0.0,0.0013469771349361912
1908,frozen,46,1,5,1,0,-1.0,-1.0,1,0,1,0,0.0,0.0013469771349361912
1909,frozen,46,1,5,1,0,-1.0,-1.0,1,0,1,0,0.0,0.0013469771349361912
1910,frozen,46,4,5,1,1,1.0,1.0,0,nan,nan,nan,0.0,0.0013469771349361912
1911,frozen,46,1,4,0,0,-1.0,-1.0,1,1,0,0,0.0,0.0013469771349361912
1912,frozen,46,2,5,1,0,-1.0,-1.0,1,0,1,0,0.0,0.0013469771349361912
1913,frozen,46,4,5,1,1,1.0,1.0,0,nan,nan,nan,0.0,0.0013469771349361912
1914,frozen,46,4,4,0,1,1.0,1.0,0,nan,nan,nan,0.0,0.0013469771349361912
1915,frozen,46,5,3,0,0,-1.0,-1.0,1,2,0,0,0.0,0.0013469771349361912
1916,frozen,46,0,5,1,0,-1.0,-1.0,1,0,1,0,0.0,0.0013469771349361912
1917,frozen,46,3,5,1,0,-1.0,-1.0,1,0,1,0,0.0,0.0013469771349361912
1918,frozen,46,0,3,0,0,-1.0,-1.0,1,0,1,0,0.0,0.0013469771349361912
1919,frozen,46,0,5,1,0,-1.0,-1.0,1,0,1,0,0.0,0.0013469771349361912
1920,frozen,46,7,3,0,0,-1.0,-1.0,1,0,1,0,0.0,0.0013469771349361912
1921,frozen,46,7,3,0,0,-1.0,-1.0,1,0,1,0,0.0,0.0013469771349361912
1922,frozen,46,2,5,1,0,-1.0,-1.0,1,0,1,0,0.0,0.0013469771349361912
1923,frozen,46,7,3,0,0,-1.0,-1.0,1,0,1,0,0.0,0.0013469771349361912
1924,frozen,46,7,3,0,0,-1.0,-1.0,1,0,1,0,0.0,0.0013469771349361912
1925,frozen,46,1,5,1,0,-1.0,-1.0,1,0,1,0,0.0,0.0013469771349361912
1926,frozen,46,2,5,1,0,-1.0,-1.0,1,0,1,0,0.0,0.0013469771349361912
1927,frozen,46,0,5,1,0,-1.0,-1.0,1,0,1,0,0.0,0.0013469771349361912
1928,frozen,46,8,5,1,0,-1.0,-1.0,1,0,1,0,0.0,0.0013469771349361912
1929,frozen,46,6,5,1,1,1.0,1.0,0,nan,nan,nan,0.0,0.0013469771349361912
1930,frozen,46,3,6,1,0,-1.0,-1.0,1,1,0,0,0.0,0.0013469771349361912
1931,frozen,46,3,3,0,1,1.0,1.0,0,nan,nan,nan,0.0,0.0013469771349361912
1932,frozen,46,4,2,0,0,-1.0,-1.0,1,1,0,0,0.0,0.0013469771349361912
1933,frozen,46,3,5,1,0,-1.0,-1.0,1,0,1,0,0.0,0.0013469771349361912
1934,frozen,46,3,5,1,0,-1.0,-1.0,1,0,1,0,0.0,0.0013469771349361912
1935,frozen,46,2,5,1,0,-1.0,-1.0,1,0,1,0,0.0,0.0013469771349361912
1936,frozen,46,8,3,0,0,-1.0,-1.0,1,0,1,0,0.0,0.0013469771349361912
1937,frozen,46,3,3,0,1,1.0,1.0,0,nan,nan,nan,0.0,0.0013469771349361912
1938,frozen,46,8,2,0,0,-1.0,-1.0,1,1,0,0,0.0,0.0013469771349361912
1939,frozen,46,8,3,0,0,-1.0,-1.0,1,0,1,0,0.0,0.0013469771349361912
1940,frozen,46,0,3,0,0,-1.0,-1.0,1,0,1,0,0.0,0.0013469771349361912
1941,frozen,46,2,5,1,0,-1.0,-1.0,1,0,1,0,0.0,0.0013469771349361912
1942,frozen,46,1,5,1,0,-1.0,-1.0,1,0,1,0,0.0,0.0013469771349361912
1943,frozen,46,5,5,1,1,1.0,1.0,0,nan,nan,nan,0.0,0.0013469771349361912
1944,frozen,46,0,4,0,0,-1.0,-1.0,1,1,0,0,0.0,0.0013469771349361912
1945,frozen,46,7,3,0,0,-1.0,-1.0,1,0,1,0,0.0,0.0013469771349361912
1946,frozen,46,1,3,0,0,-1.0,-1.0,1,0,1,0,0.0,0.0013469771349361912
1947,frozen,46,5,3,0,0,-1.0,-1.0,1,0,1,0,0.0,0.0013469771349361912
1948,frozen,46,4,3,0,1,1.0,1.0,0,nan,nan,nan,0.0,0.0013469771349361912
1949,frozen,46,8,2,0,0,-1.0,-1.0,1,1,0,0,0.0,0.0013469771349361912
1950,frozen,46,6,5,1,1,1.0,1.0,0,nan,nan,nan,0.0,0.0013469771349361912
1951,frozen,46,5,6,1,1,1.0,1.0,0,nan,nan,nan,0.0,0.0013469771349361912
1952,frozen,46,5,5,0,1,1.0,1.0,0,nan,nan,nan,0.0,0.0013469771349361912
1953,frozen,46,1,4,0,0,-1.0,-1.0,1,3,0,1,0.0,0.0013469771349361912
1954,frozen,46,0,3,0,0,-1.0,-1.0,1,0,1,0,0.0,0.0013469771349361912
1955,frozen,46,7,3,0,0,-1.0,-1.0,1,0,1,0,0.0,0.0013469771349361912
1956,frozen,46,0,5,1,0,-1.0,-1.0,1,0,1,0,0.0,0.0013469771349361912
1957,frozen,46,3,3,0,1,1.0,1.0,0,nan,nan,nan,0.0,0.0013469771349361912
1958,frozen,46,3,4,1,1,1.0,1.0,0,nan,nan,nan,0.0,0.0013469771349361912
1959,frozen,46,7,3,0,0,-1.0,-1.0,1,2,0,0,0.0,0.0013469771349361912
1960,frozen,46,3,5,1,0,-1.0,-1.0,1,0,1,0,0.0,0.0013469771349361912
1961,frozen,46,2,5,1,0,-1.0,-1.0,1,0,1,0,0.0,0.0013469771349361912
1962,frozen,46,8,5,1,0,-1.0,-1.0,1,0,1,0,0.0,0.0013469771349361912
1963,frozen,46,6,5,1,1,1.0,1.0,0,nan,nan,nan,0.0,0.0013469771349361912
1964,frozen,46,2,6,1,0,-1.0,-1.0,1,1,0,0,0.0,0.0013469771349361912
1965,frozen,46,1,3,0,0,-1.0,-1.0,1,0,1,0,0.0,0.0013469771349361912
1966,frozen,46,8,3,0,0,-1.0,-1.0,1,0,1,0,0.0,0.0013469771349361912
1967,frozen,46,6,5,1,1,1.0,1.0,0,nan,nan,nan,0.0,0.0013469771349361912
1968,frozen,46,1,4,0,0,-1.0,-1.0,1,1,0,0,0.0,0.0013469771349361912
1969,frozen,46,4,5,1,1,1.0,1.0,0,nan,nan,nan,0.0,0.0013469771349361912
1970,frozen,46,5,6,1,1,1.0,1.0,0,nan,nan,nan,0.0,0.0013469771349361912
1971,frozen,46,7,5,0,0,-1.0,-1.0,1,2,0,0,0.0,0.0013469771349361912
1972,frozen,46,5,5,1,1,1.0,1.0,0,nan,nan,nan,0.0,0.0013469771349361912
1973,frozen,46,1,4,0,0,-1.0,-1.0,1,1,0,0,0.0,0.0013469771349361912
1974,frozen,46,8,5,1,0,-1.0,-1.0,1,0,1,0,0.0,0.0013469771349361912
1975,frozen,46,7,3,0,0,-1.0,-1.0,1,0,1,0,0.0,0.0013469771349361912
1976,frozen,46,8,3,0,0,-1.0,-1.0,1,0,1,0,0.0,0.0013469771349361912
1977,frozen,46,1,5,1,0,-1.0,-1.0,1,0,1,0,0.0,0.0013469771349361912
1978,frozen,46,1,3,0,0,-1.0,-1.0,1,0,1,0,0.0,0.0013469771349361912
1979,frozen,46,8,3,0,0,-1.0,-1.0,1,0,1,0,0.0,0.0013469771349361912
1980,frozen,46,7,3,0,0,-1.0,-1.0,1,0,1,0,0.0,0.0013469771349361912
1981,frozen,46,3,3,0,1,1.0,1.0,0,nan,nan,nan,0.0,0.0013469771349361912
1982,frozen,46,1,4,1,0,-1.0,-1.0,1,1,0,0,0.0,0.0013469771349361912
1983,frozen,46,2,5,1,0,-1.0,-1.0,1,0,1,0,0.0,0.0013469771349361912
1984,frozen,46,4,5,1,1,1.0,1.0,0,nan,nan,nan,0.0,0.0013469771349361912
1985,frozen,46,2,4,0,0,-1.0,-1.0,1,1,0,0,0.0,0.0013469771349361912
1986,frozen,46,0,3,0,0,-1.0,-1.0,1,0,1,0,0.0,0.0013469771349361912
1987,frozen,46,2,5,1,0,-1.0,-1.0,1,0,1,0,0.0,0.0013469771349361912
1988,frozen,46,2,5,1,0,-1.0,-1.0,1,0,1,0,0.0,0.0013469771349361912
1989,frozen,46,0,3,0,0,-1.0,-1.0,1,0,1,0,0.0,0.0013469771349361912
1990,frozen,46,1,3,0,0,-1.0,-1.0,1,0,1,0,0.0,0.0013469771349361912
1991,frozen,46,6,3,0,0,-1.0,-1.0,1,0,1,0,0.0,0.0013469771349361912
1992,frozen,46,7,3,0,0,-1.0,-1.0,1,0,1,0,0.0,0.0013469771349361912
1993,frozen,46,7,3,0,0,-1.0,-1.0,1,0,1,0,0.0,0.0013469771349361912
1994,frozen,46,6,3,0,0,-1.0,-1.0,1,0,1,0,0.0,0.0013469771349361912
1995,frozen,46,6,3,0,0,-1.0,-1.0,1,0,1,0,0.0,0.0013469771349361912
1996,frozen,46,4,5,1,1,1.0,1.0,0,nan,nan,nan,0.0,0.0013469771349361912
1997,frozen,46,6,6,1,1,1.0,1.0,0,nan,nan,nan,0.0,0.0013469771349361912
1998,frozen,46,0,7,1,0,-1.0,-1.0,1,2,0,0,0.0,0.0013469771349361912
1999,frozen,46,3,5,1,0,-1.0,-1.0,1,0,1,0,0.0,0.0013469771349361912
2000,frozen,46,8,5,1,0,-1.0,-1.0,1,0,1,0,0.0,0.0013469771349361912
2001,frozen,46,0,3,0,0,-1.0,-1.0,1,0,1,0,0.0,0.0013469771349361912
2002,frozen,46,4,5,1,1,1.0,1.0,0,nan,nan,nan,0.0,0.0013469771349361912
2003,frozen,46,0,4,0,0,-1.0,-1.0,1,1,0,0,0.0,0.0013469771349361912
2004,frozen,46,4,5,1,1,1.0,1.0,0,nan,nan,nan,0.0,0.0013469771349361912
2005,frozen,46,4,4,0,1,1.0,1.0,0,nan,nan,nan,0.0,0.0013469771349361912
2006,frozen,46,3,5,1,0,-1.0,-1.0,1,2,0,0,0.0,0.0013469771349361912
2007,frozen,46,8,5,1,0,-1.0,-1.0,1,0,1,0,0.0,0.0013469771349361912
2008,frozen,46,6,5,1,1,1.0,1.0,0,nan,nan,nan,0.0,0.0013469771349361912
2009,frozen,46,3,6,1,0,-1.0,-1.0,1,1,0,0,0.0,0.0013469771349361912
2010,frozen,46,4,5,1,1,1.0,1.0,0,nan,nan,nan,0.0,0.0013469771349361912
2011,frozen,46,4,6,1,0,-1.0,-1.0,1,1,0,0,0.0,0.0013469771349361912
2012,frozen,46,5,3,0,0,-1.0,-1.0,1,0,1,0,0.0,0.0013469771349361912
2013,frozen,46,6,5,1,1,1.0,1.0,0,nan,nan,nan,0.0,0.0013469771349361912
2014,frozen,46,6,6,1,1,1.0,1.0,0,nan,nan,nan,0.0,0.0013469771349361912
2015,frozen,46,6,7,1,1,1.0,1.0,0,nan,nan,nan,0.0,0.0013469771349361912
2016,frozen,46,3,6,0,0,-1.0,-1.0,1,3,0,1,0.0,0.0013469771349361912
2017,frozen,46,0,5,1,0,-1.0,-1.0,1,0,1,0,0.0,0.0013469771349361912
2018,frozen,46,2,5,1,0,-1.0,-1.0,1,0,1,0,0.0,0.0013469771349361912
2019,frozen,46,0,3,0,0,-1.0,-1.0,1,0,1,0,0.0,0.0013469771349361912
2020,frozen,46,3,3,0,1,1.0,1.0,0,nan,nan,nan,0.0,0.0013469771349361912
2021,frozen,46,4,4,1,1,1.0,1.0,0,nan,nan,nan,0.0,0.0013469771349361912
2022,frozen,46,3,5,1,0,-1.0,-1.0,1,2,0,0,0.0,0.0013469771349361912
2023,frozen,46,5,3,0,0,-1.0,-1.0,1,0,1,0,0.0,0.0013469771349361912
2024,frozen,46,1,3,0,0,-1.0,-1.0,1,0,1,0,0.0,0.0013469771349361912
2025,frozen,46,1,3,0,0,-1.0,-1.0,1,0,1,0,0.0,0.0013469771349361912
2026,frozen,46,2,5,1,0,-1.0,-1.0,1,0,1,0,0.0,0.0013469771349361912
2027,frozen,46,5,5,1,1,1.0,1.0,0,nan,nan,nan,0.0,0.0013469771349361912
2028,frozen,46,6,4,0,0,-1.0,-1.0,1,1,0,0,0.0,0.0013469771349361912
2029,frozen,46,5,5,1,1,1.0,1.0,0,nan,nan,nan,0.0,0.0013469771349361912
2030,frozen,46,8,4,0,0,-1.0,-1.0,1,1,0,0,0.0,0.0013469771349361912
2031,frozen,46,0,5,1,0,-1.0,-1.0,1,0,1,0,0.0,0.0013469771349361912
2032,frozen,46,7,3,0,0,-1.0,-1.0,1,0,1,0,0.0,0.0013469771349361912
2033,frozen,46,5,3,0,0,-1.0,-1.0,1,0,1,0,0.0,0.0013469771349361912
2034,frozen,46,3,3,0,1,1.0,1.0,0,nan,nan,nan,0.0,0.0013469771349361912
2035,frozen,46,3,2,0,1,1.0,1.0,0,nan,nan,nan,0.0,0.0013469771349361912
2036,frozen,46,6,1,0,0,-1.0,-1.0,1,2,0,0,0.0,0.0013469771349361912
2037,frozen,46,0,5,1,0,-1.0,-1.0,1,0,1,0,0.0,0.0013469771349361912
2038,frozen,46,7,3,0,0,-1.0,-1.0,1,0,1,0,0.0,0.0013469771349361912
2039,frozen,46,2,3,0,1,1.0,1.0,0,nan,nan,nan,0.0,0.0013469771349361912
2040,frozen,46,5,4,1,1,1.0,1.0,0,nan,nan,nan,0.0,0.0013469771349361912
2041,frozen,46,5,3,0,0,-1.0,-1.0,1,2,0,0,0.0,0.0013469771349361912
2042,frozen,46,1,5,1,0,-1.0,-1.0,1,0,1,0,0.0,0.0013469771349361912
2043,frozen,46,2,5,1,0,-1.0,-1.0,1,0,1,0,0.0,0.0013469771349361912
2044,frozen,46,5,5,1,1,1.0,1.0,0,nan,nan,nan,0.0,0.0013469771349361912
2045,frozen,46,8,4,0,0,-1.0,-1.0,1,1,0,0,0.0,0.0013469771349361912
2046,frozen,46,8,5,1,0,-1.0,-1.0,1,0,1,0,0.0,0.0013469771349361912
2047,frozen,46,6,5,1,1,1.0,1.0,0,nan,nan,nan,0.0,0.0013469771349361912
2048,frozen,46,3,6,1,0,-1.0,-1.0,1,1,0,0,0.0,0.0013469771349361912
2049,frozen,46,3,5,1,0,-1.0,-1.0,1,0,1,0,0.0,0.0013469771349361912
2050,frozen,46,1,3,0,0,-1.0,-1.0,1,0,1,0,0.0,0.0013469771349361912
2051,frozen,46,3,3,0,1,1.0,1.0,0,nan,nan,nan,0.0,0.0013469771349361912
2052,frozen,46,8,2,0,0,-1.0,-1.0,1,1,0,0,0.0,0.0013469771349361912
2053,frozen,46,1,5,1,0,-1.0,-1.0,1,0,1,0,0.0,0.0013469771349361912
2054,frozen,46,3,3,0,1,1.0,1.0,0,nan,nan,nan,0.0,0.0013469771349361912
2055,frozen,46,8,2,0,0,-1.0,-1.0,1,1,0,0,0.0,0.0013469771349361912
2056,frozen,46,0,5,1,0,-1.0,-1.0,1,0,1,0,0.0,0.0013469771349361912
2057,frozen,46,3,3,0,1,1.0,1.0,0,nan,nan,nan,0.0,0.0013469771349361912
2058,frozen,46,4,2,0,0,-1.0,-1.0,1,1,0,0,0.0,0.0013469771349361912
2059,frozen,46,4,5,1,1,1.0,1.0,0,nan,nan,nan,0.0,0.0013469771349361912
2060,frozen,46,3,6,1,0,-1.0,-1.0,1,1,0,0,0.0,0.0013469771349361912
2061,frozen,46,3,5,1,0,-1.0,-1.0,1,0,1,0,0.0,0.0013469771349361912
2062,frozen,46,1,5,1,0,-1.0,-1.0,1,0,1,0,0.0,0.0013469771349361912
2063,frozen,46,4,5,1,1,1.0,1.0,0,nan,nan,nan,0.0,0.0013469771349361912
2064,frozen,46,6,4,0,0,-1.0,-1.0,1,1,0,0,0.0,0.0013469771349361912
2065,frozen,46,6,3,0,0,-1.0,-1.0,1,0,1,0,0.0,0.0013469771349361912
2066,frozen,46,4,5,1,1,1.0,1.0,0,nan,nan,nan,0.0,0.0013469771349361912
2067,frozen,46,2,6,1,0,-1.0,-1.0,1,1,0,0,0.0,0.0013469771349361912
2068,frozen,46,4,5,1,1,1.0,1.0,0,nan,nan,nan,0.0,0.0013469771349361912
2069,frozen,46,3,6,1,0,-1.0,-1.0,1,1,0,0,0.0,0.0013469771349361912
2070,frozen,46,4,5,1,1,1.0,1.0,0,nan,nan,nan,0.0,0.0013469771349361912
2071,frozen,46,1,6,1,0,-1.0,-1.0,1,1,0,0,0.0,0.0013469771349361912
2072,frozen,46,2,5,1,0,-1.0,-1.0,1,0,1,0,0.0,0.0013469771349361912
2073,frozen,46,7,3,0,0,-1.0,-1.0,1,0,1,0,0.0,0.0013469771349361912
2074,frozen,46,0,5,1,0,-1.0,-1.0,1,0,1,0,0.0,0.0013469771349361912
2075,frozen,46,0,5,1,0,-1.0,-1.0,1,0,1,0,0.0,0.0013469771349361912
2076,frozen,46,2,5,1,0,-1.0,-1.0,1,0,1,0,0.0,0.0013469771349361912
2077,frozen,46,2,5,1,0,-1.0,-1.0,1,0,1,0,0.0,0.0013469771349361912
2078,frozen,46,0,5,1,0,-1.0,-1.0,1,0,1,0,0.0,0.0013469771349361912
2079,frozen,46,5,3,0,0,-1.0,-1.0,1,0,1,0,0.0,0.0013469771349361912
2080,frozen,46,1,5,1,0,-1.0,-1.0,1,0,1,0,0.0,0.0013469771349361912
2081,frozen,46,7,3,0,0,-1.0,-1.0,1,0,1,0,0.0,0.0013469771349361912
2082,frozen,46,1,5,1,0,-1.0,-1.0,1,0,1,0,0.0,0.0013469771349361912
2083,frozen,46,2,5,1,0,-1.0,-1.0,1,0,1,0,0.0,0.0013469771349361912
2084,frozen,46,4,5,1,1,1.0,1.0,0,nan,nan,nan,0.0,0.0013469771349361912
2085,frozen,46,4,4,0,1,1.0,1.0,0,nan,nan,nan,0.0,0.0013469771349361912
2086,frozen,46,7,3,0,0,-1.0,-1.0,1,2,0,0,0.0,0.0013469771349361912
2087,frozen,46,7,3,0,0,-1.0,-1.0,1,0,1,0,0.0,0.0013469771349361912
2088,frozen,46,2,5,1,0,-1.0,-1.0,1,0,1,0,0.0,0.0013469771349361912
2089,frozen,46,3,3,0,1,1.0,1.0,0,nan,nan,nan,0.0,0.0013469771349361912
2090,frozen,46,6,4,1,0,-1.0,-1.0,1,1,0,0,0.0,0.0013469771349361912
2091,frozen,46,4,5,1,1,1.0,1.0,0,nan,nan,nan,0.0,0.0013469771349361912
2092,frozen,46,7,6,1,1,1.0,1.0,0,nan,nan,nan,0.0,0.0013469771349361912
2093,frozen,46,7,5,0,0,-1.0,-1.0,1,2,0,0,0.0,0.0013469771349361912
2094,frozen,46,4,5,1,1,1.0,1.0,0,nan,nan,nan,0.0,0.0013469771349361912
2095,frozen,46,0,6,1,0,-1.0,-1.0,1,1,0,0,0.0,0.0013469771349361912
2096,frozen,46,6,5,1,1,1.0,1.0,0,nan,nan,nan,0.0,0.0013469771349361912
2097,frozen,46,7,4,0,0,-1.0,-1.0,1,1,0,0,0.0,0.0013469771349361912
2098,frozen,46,2,3,0,1,1.0,1.0,0,nan,nan,nan,0.0,0.0013469771349361912
2099,frozen,46,3,4,1,1,1.0,1.0,0,nan,nan,nan,0.0,0.0013469771349361912
2100,frozen,46,6,5,1,1,1.0,1.0,0,nan,nan,nan,0.0,0.0013469771349361912
2101,frozen,46,5,6,1,1,1.0,1.0,0,nan,nan,nan,0.0,0.0013469771349361912
2102,frozen,46,0,5,0,0,-1.0,-1.0,1,4,0,1,0.0,0.0013469771349361912
2103,frozen,46,6,5,1,1,1.0,1.0,0,nan,nan,nan,0.0,0.0013469771349361912
2104,frozen,46,4,6,1,0,-1.0,-1.0,1,1,0,0,0.0,0.0013469771349361912
2105,frozen,46,4,5,1,1,1.0,1.0,0,nan,nan,nan,0.0,0.0013469771349361912
2106,frozen,46,1,4,0,0,-1.0,-1.0,1,1,0,0,0.0,0.0013469771349361912
2107,frozen,46,4,5,1,1,1.0,1.0,0,nan,nan,nan,0.0,0.0013469771349361912
2108,frozen,46,6,6,1,1,1.0,1.0,0,nan,nan,nan,0.0,0.0013469771349361912
2109,frozen,46,2,7,1,0,-1.0,-1.0,1,2,0,0,0.0,0.0013469771349361912
2110,frozen,46,5,5,1,1,1.0,1.0,0,nan,nan,nan,0.0,0.0013469771349361912
2111,frozen,46,4,6,1,0,-1.0,-1.0,1,1,0,0,0.0,0.0013469771349361912
2112,frozen,46,1,3,0,0,-1.0,-1.0,1,0,1,0,0.0,0.0013469771349361912
2113,frozen,46,3,5,1,0,-1.0,-1.0,1,0,1,0,0.0,0.0013469771349361912
2114,frozen,46,6,3,0,0,-1.0,-1.0,1,0,1,0,0.0,0.0013469771349361912
2115,frozen,46,2,5,1,0,-1.0,-1.0,1,0,1,0,0.0,0.0013469771349361912
2116,frozen,46,0,5,1,0,-1.0,-1.0,1,0,1,0,0.0,0.0013469771349361912
2117,frozen,46,7,3,0,0,-1.0,-1.0,1,0,1,0,0.0,0.0013469771349361912
2118,frozen,46,0,3,0,0,-1.0,-1.0,1,0,1,0,0.0,0.0013469771349361912
2119,frozen,46,4,5,1,1,1.0,1.0,0,nan,nan,nan,0.0,0.0013469771349361912
2120,frozen,46,4,6,1,0,-1.0,-1.0,1,1,0,0,0.0,0.0013469771349361912
2121,frozen,46,5,3,0,0,-1.0,-1.0,1,0,1,0,0.0,0.0013469771349361912
2122,frozen,46,8,3,0,0,-1.0,-1.0,1,0,1,0,0.0,0.0013469771349361912
2123,frozen,46,8,5,1,0,-1.0,-1.0,1,0,1,0,0.0,0.0013469771349361912
2124,frozen,46,6,3,0,0,-1.0,-1.0,1,0,1,0,0.0,0.0013469771349361912
2125,frozen,46,7,3,0,0,-1.0,-1.0,1,0,1,0,0.0,0.0013469771349361912
2126,frozen,46,3,5,1,0,-1.0,-1.0,1,0,1,0,0.0,0.0013469771349361912
2127,frozen,46,6,3,0,0,-1.0,-1.0,1,0,1,0,0.0,0.0013469771349361912
2128,frozen,46,7,3,0,0,-1.0,-1.0,1,0,1,0,0.0,0.0013469771349361912
2129,frozen,46,3,5,1,0,-1.0,-1.0,1,0,1,0,0.0,0.0013469771349361912
2130,frozen,46,6,5,1,1,1.0,1.0,0,nan,nan,nan,0.0,0.0013469771349361912
2131,frozen,46,7,6,1,1,1.0,1.0,0,nan,nan,nan,0.0,0.0013469771349361912
2132,frozen,46,6,7,1,1,1.0,1.0,0,nan,nan,nan,0.0,0.0013469771349361912
2133,frozen,46,7,8,1,1,1.0,1.0,0,nan,nan,nan,0.0,0.0013469771349361912
2134,frozen,46,3,8,1,0,-1.0,-1.0,1,4,0,1,0.0,0.0013469771349361912
2135,frozen,46,4,5,1,1,1.0,1.0,0,nan,nan,nan,0.0,0.0013469771349361912
2136,frozen,46,1,4,0,0,-1.0,-1.0,1,1,0,0,0.0,0.0013469771349361912
2137,frozen,46,4,3,0,1,1.0,1.0,0,nan,nan,nan,0.0,0.0013469771349361912
2138,frozen,46,0,2,0,0,-1.0,-1.0,1,1,0,0,0.0,0.0013469771349361912
2139,frozen,46,4,5,1,1,1.0,1.0,0,nan,nan,nan,0.0,0.0013469771349361912
2140,frozen,46,3,6,1,0,-1.0,-1.0,1,1,0,0,0.0,0.0013469771349361912
2141,frozen,46,6,5,1,1,1.0,1.0,0,nan,nan,nan,0.0,0.0013469771349361912
2142,frozen,46,1,4,0,0,-1.0,-1.0,1,1,0,0,0.0,0.0013469771349361912
2143,frozen,46,7,3,0,0,-1.0,-1.0,1,0,1,0,0.0,0.0013469771349361912
2144,frozen,46,8,5,1,0,-1.0,-1.0,1,0,1,0,0.0,0.0013469771349361912
2145,frozen,46,7,3,0,0,-1.0,-1.0,1,0,1,0,0.0,0.0013469771349361912
2146,frozen,46,7,3,0,0,-1.0,-1.0,1,0,1,0,0.0,0.0013469771349361912
2147,frozen,46,8,3,0,0,-1.0,-1.0,1,0,1,0,0.0,0.0013469771349361912
2148,frozen,46,1,3,0,0,-1.0,-1.0,1,0,1,0,0.0,0.0013469771349361912
2149,frozen,46,5,3,0,0,-1.0,-1.0,1,0,1,0,0.0,0.0013469771349361912
2150,frozen,46,3,3,0,1,1.0,1.0,0,nan,nan,nan,0.0,0.0013469771349361912
2151,frozen,46,6,2,0,0,-1.0,-1.0,1,1,0,0,0.0,0.0013469771349361912
2152,frozen,46,7,3,0,0,-1.0,-1.0,1,0,1,0,0.0,0.0013469771349361912
2153,frozen,46,2,5,1,0,-1.0,-1.0,1,0,1,0,0.0,0.0013469771349361912
2154,frozen,46,0,5,1,0,-1.0,-1.0,1,0,1,0,0.0,0.0013469771349361912
2155,frozen,46,2,5,1,0,-1.0,-1.0,1,0,1,0,0.0,0.0013469771349361912
2156,frozen,46,8,3,0,0,-1.0,-1.0,1,0,1,0,0.0,0.0013469771349361912
2157,frozen,46,3,3,0,1,1.0,1.0,0,nan,nan,nan,0.0,0.0013469771349361912
2158,frozen,46,1,4,1,0,-1.0,-1.0,1,1,0,0,0.0,0.0013469771349361912
2159,frozen,46,8,5,1,0,-1.0,-1.0,1,0,1,0,0.0,0.0013469771349361912
2160,frozen,46,4,5,1,1,1.0,1.0,0,nan,nan,nan,0.0,0.0013469771349361912
2161,frozen,46,8,4,0,0,-1.0,-1.0,1,1,0,0,0.0,0.0013469771349361912
2162,frozen,46,4,5,1,1,1.0,1.0,0,nan,nan,nan,0.0,0.0013469771349361912
2163,frozen,46,7,4,0,0,-1.0,-1.0,1,1,0,0,0.0,0.0013469771349361912
2164,frozen,46,1,5,1,0,-1.0,-1.0,1,0,1,0,0.0,0.0013469771349361912
2165,frozen,46,5,5,1,1,1.0,1.0,0,nan,nan,nan,0.0,0.0013469771349361912
2166,frozen,46,2,4,0,0,-1.0,-1.0,1,1,0,0,0.0,0.0013469771349361912
2167,frozen,46,1,3,0,0,-1.0,-1.0,1,0,1,0,0.0,0.0013469771349361912
2168,frozen,46,8,5,1,0,-1.0,-1.0,1,0,1,0,0.0,0.0013469771349361912
2169,frozen,46,2,5,1,0,-1.0,-1.0,1,0,1,0,0.0,0.0013469771349361912
2170,frozen,46,2,5,1,0,-1.0,-1.0,1,0,1,0,0.0,0.0013469771349361912
2171,frozen,46,3,3,0,1,1.0,1.0,0,nan,nan,nan,0.0,0.0013469771349361912
2172,frozen,46,2,4,1,0,-1.0,-1.0,1,1,0,0,0.0,0.0013469771349361912
2173,frozen,46,5,5,1,1,1.0,1.0,0,nan,nan,nan,0.0,0.0013469771349361912
2174,frozen,46,3,6,1,0,-1.0,-1.0,1,1,0,0,0.0,0.0013469771349361912
2175,frozen,46,2,5,1,0,-1.0,-1.0,1,0,1,0,0.0,0.0013469771349361912
2176,frozen,46,2,5,1,0,-1.0,-1.0,1,0,1,0,0.0,0.0013469771349361912
2177,frozen,46,3,5,1,0,-1.0,-1.0,1,0,1,0,0.0,0.0013469771349361912
2178,frozen,46,7,3,0,0,-1.0,-1.0,1,0,1,0,0.0,0.0013469771349361912
2179,frozen,46,7,3,0,0,-1.0,-1.0,1,0,1,0,0.0,0.0013469771349361912
2180,frozen,46,0,5,1,0,-1.0,-1.0,1,0,1,0,0.0,0.0013469771349361912
2181,frozen,46,8,3,0,0,-1.0,-1.0,1,0,1,0,0.0,0.0013469771349361912
2182,frozen,46,8,5,1,0,-1.0,-1.0,1,0,1,0,0.0,0.0013469771349361912
2183,frozen,46,3,3,0,1,1.0,1.0,0,nan,nan,nan,0.0,0.0013469771349361912
2184,frozen,46,2,2,0,1,1.0,1.0,0,nan,nan,nan,0.0,0.0013469771349361912
2185,frozen,46,8,3,1,0,-1.0,-1.0,1,2,0,0,0.0,0.0013469771349361912
2186,frozen,46,3,3,0,1,1.0,1.0,0,nan,nan,nan,0.0,0.0013469771349361912
2187,frozen,46,4,4,1,1,1.0,1.0,0,nan,nan,nan,0.0,0.0013469771349361912
2188,frozen,46,3,5,1,0,-1.0,-1.0,1,2,0,0,0.0,0.0013469771349361912
2189,frozen,46,8,5,1,0,-1.0,-1.0,1,0,1,0,0.0,0.0013469771349361912
2190,frozen,46,3,3,0,1,1.0,1.0,0,nan,nan,nan,0.0,0.0013469771349361912
2191,frozen,46,4,2,0,0,-1.0,-1.0,1,1,0,0,0.0,0.0013469771349361912
2192,frozen,46,1,3,0,0,-1.0,-1.0,1,0,1,0,0.0,0.0013469771349361912
2193,frozen,46,8,5,1,0,-1.0,-1.0,1,0,1,0,0.0,0.0013469771349361912
2194,frozen,46,0,5,1,0,-1.0,-1.0,1,0,1,0,0.0,0.0013469771349361912
2195,frozen,46,0,3,0,0,-1.0,-1.0,1,0,1,0,0.0,0.0013469771349361912
2196,frozen,46,3,3,0,1,1.0,1.0,0,nan,nan,nan,0.0,0.0013469771349361912
2197,frozen,46,3,4,1,1,1.0,1.0,0,nan,nan,nan,0.0,0.0013469771349361912
2198,frozen,46,7,3,0,0,-1.0,-1.0,1,2,0,0,0.0,0.0013469771349361912
2199,frozen,46,7,5,1,0,-1.0,-1.0,1,0,1,0,0.0,0.0013469771349361912
2200,frozen,46,7,3,0,0,-1.0,-1.0,1,0,1,0,0.0,0.0013469771349361912
2201,frozen,46,3,5,1,0,-1.0,-1.0,1,0,1,0,0.0,0.0013469771349361912
2202,frozen,46,3,5,1,0,-1.0,-1.0,1,0,1,0,0.0,0.0013469771349361912
2203,frozen,46,7,3,0,0,-1.0,-1.0,1,0,1,0,0.0,0.0013469771349361912
2204,frozen,46,1,3,0,0,-1.0,-1.0,1,0,1,0,0.0,0.0013469771349361912
2205,frozen,46,5,3,0,0,-1.0,-1.0,1,0,1,0,0.0,0.0013469771349361912
2206,frozen,46,7,3,0,0,-1.0,-1.0,1,0,1,0,0.0,0.0013469771349361912
2207,frozen,46,4,5,1,1,1.0,1.0,0,nan,nan,nan,0.0,0.0013469771349361912
2208,frozen,46,3,6,1,0,-1.0,-1.0,1,1,0,0,0.0,0.0013469771349361912
2209,frozen,46,1,5,1,0,-1.0,-1.0,1,0,1,0,0.0,0.0013469771349361912
2210,frozen,46,1,5,1,0,-1.0,-1.0,1,0,1,0,0.0,0.0013469771349361912
2211,frozen,46,2,5,1,0,-1.0,-1.0,1,0,1,0,0.0,0.0013469771349361912
2212,frozen,46,6,5,1,1,1.0,1.0,0,nan,nan,nan,0.0,0.0013469771349361912
2213,frozen,46,4,4,0,1,1.0,1.0,0,nan,nan,nan,0.0,0.0013469771349361912
2214,frozen,46,5,3,0,0,-1.0,-1.0,1,2,0,0,0.0,0.0013469771349361912
2215,frozen,46,8,3,0,0,-1.0,-1.0,1,0,1,0,0.0,0.0013469771349361912
2216,frozen,46,4,5,1,1,1.0,1.0,0,nan,nan,nan,0.0,0.0013469771349361912
2217,frozen,46,5,6,1,1,1.0,1.0,0,nan,nan,nan,0.0,0.0013469771349361912
2218,frozen,46,5,5,0,1,1.0,1.0,0,nan,nan,nan,0.0,0.0013469771349361912
2219,frozen,46,2,4,0,0,-1.0,-1.0,1,3,0,1,0.0,0.0013469771349361912
2220,frozen,46,0,3,0,0,-1.0,-1.0,1,0,1,0,0.0,0.0013469771349361912
2221,frozen,46,1,3,0,0,-1.0,-1.0,1,0,1,0,0.0,0.0013469771349361912
2222,frozen,46,5,3,0,0,-1.0,-1.0,1,0,1,0,0.0,0.0013469771349361912
2223,frozen,46,6,5,1,1,1.0,1.0,0,nan,nan,nan,0.0,0.0013469771349361912
2224,frozen,46,3,6,1,0,-1.0,-1.0,1,1,0,0,0.0,0.0013469771349361912
2225,frozen,46,5,5,1,1,1.0,1.0,0,nan,nan,nan,0.0,0.0013469771349361912
2226,frozen,46,1,6,1,0,-1.0,-1.0,1,1,0,0,0.0,0.0013469771349361912
2227,frozen,46,7,3,0,0,-1.0,-1.0,1,0,1,0,0.0,0.0013469771349361912
2228,frozen,46,3,5,1,0,-1.0,-1.0,1,0,1,0,0.0,0.0013469771349361912
2229,frozen,46,7,3,0,0,-1.0,-1.0,1,0,1,0,0.0,0.0013469771349361912
2230,frozen,46,8,3,0,0,-1.0,-1.0,1,0,1,0,0.0,0.0013469771349361912
2231,frozen,46,5,5,1,1,1.0,1.0,0,nan,nan,nan,0.0,0.0013469771349361912
2232,frozen,46,4,6,1,0,-1.0,-1.0,1,1,0,0,0.0,0.0013469771349361912
2233,frozen,46,0,5,1,0,-1.0,-1.0,1,0,1,0,0.0,0.0013469771349361912
2234,frozen,46,1,5,1,0,-1.0,-1.0,1,0,1,0,0.0,0.0013469771349361912
2235,frozen,46,1,3,0,0,-1.0,-1.0,1,0,1,0,0.0,0.0013469771349361912
2236,frozen,46,3,3,0,1,1.0,1.0,0,nan,nan,nan,0.0,0.0013469771349361912
2237,frozen,46,0,2,0,0,-1.0,-1.0,1,1,0,0,0.0,0.0013469771349361912
2238,frozen,46,3,5,1,0,-1.0,-1.0,1,0,1,0,0.0,0.0013469771349361912
2239,frozen,46,1,3,0,0,-1.0,-1.0,1,0,1,0,0.0,0.0013469771349361912
2240,frozen,46,7,3,0,0,-1.0,-1.0,1,0,1,0,0.0,0.0013469771349361912
2241,frozen,46,5,3,0,0,-1.0,-1.0,1,0,1,0,0.0,0.0013469771349361912
2242,frozen,46,1,3,0,0,-1.0,-1.0,1,0,1,0,0.0,0.0013469771349361912
2243,frozen,46,5,5,1,1,1.0,1.0,0,nan,nan,nan,0.0,0.0013469771349361912
2244,frozen,46,8,4,0,0,-1.0,-1.0,1,1,0,0,0.0,0.0013469771349361912
2245,frozen,46,4,5,1,1,1.0,1.0,0,nan,nan,nan,0.0,0.0013469771349361912
2246,frozen,46,5,6,1,1,1.0,1.0,0,nan,nan,nan,0.0,0.0013469771349361912
2247,frozen,46,2,7,1,0,-1.0,-1.0,1,2,0,0,0.0,0.0013469771349361912
2248,frozen,46,8,3,0,0,-1.0,-1.0,1,0,1,0,0.0,0.0013469771349361912
2249,frozen,46,2,5,1,0,-1.0,-1.0,1,0,1,0,0.0,0.0013469771349361912
2250,frozen,46,6,5,1,1,1.0,1.0,0,nan,nan,nan,0.0,0.0013469771349361912
2251,frozen,46,6,4,0,0,-1.0,-1.0,1,1,0,0,0.0,0.0013469771349361912
2252,frozen,46,2,5,1,0,-1.0,-1.0,1,0,1,0,0.0,0.0013469771349361912
2253,frozen,46,0,3,0,0,-1.0,-1.0,1,0,1,0,0.0,0.0013469771349361912
2254,frozen,46,8,5,1,0,-1.0,-1.0,1,0,1,0,0.0,0.0013469771349361912
2255,frozen,46,7,3,0,0,-1.0,-1.0,1,0,1,0,0.0,0.0013469771349361912
2256,frozen,46,1,5,1,0,-1.0,-1.0,1,0,1,0,0.0,0.0013469771349361912
2257,frozen,46,6,3,0,0,-1.0,-1.0,1,0,1,0,0.0,0.0013469771349361912
2258,frozen,46,6,3,0,0,-1.0,-1.0,1,0,1,0,0.0,0.0013469771349361912
2259,frozen,46,4,3,0,1,1.0,1.0,0,nan,nan,nan,0.0,0.0013469771349361912
2260,frozen,46,3,2,0,1,1.0,1.0,0,nan,nan,nan,0.0,0.0013469771349361912
2261,frozen,46,0,3,1,0,-1.0,-1.0,1,2,0,0,0.0,0.0013469771349361912
2262,frozen,46,6,5,1,1,1.0,1.0,0,nan,nan,nan,0.0,0.0013469771349361912
2263,frozen,46,4,6,1,0,-1.0,-1.0,1,1,0,0,0.0,0.0013469771349361912
2264,frozen,46,6,3,0,0,-1.0,-1.0,1,0,1,0,0.0,0.0013469771349361912
2265,frozen,46,5,5,1,1,1.0,1.0,0,nan,nan,nan,0.0,0.0013469771349361912
2266,frozen,46,2,6,1,0,-1.0,-1.0,1,1,0,0,0.0,0.0013469771349361912
2267,frozen,46,5,3,0,0,-1.0,-1.0,1,0,1,0,0.0,0.0013469771349361912
2268,frozen,46,1,3,0,0,-1.0,-1.0,1,0,1,0,0.0,0.0013469771349361912
2269,frozen,46,0,5,1,0,-1.0,-1.0,1,0,1,0,0.0,0.0013469771349361912
2270,frozen,46,3,3,0,1,1.0,1.0,0,nan,nan,nan,0.0,0.0013469771349361912
2271,frozen,46,0,2,0,0,-1.0,-1.0,1,1,0,0,0.0,0.0013469771349361912
2272,frozen,46,6,3,0,0,-1.0,-1.0,1,0,1,0,0.0,0.0013469771349361912
2273,frozen,46,8,5,1,0,-1.0,-1.0,1,0,1,0,0.0,0.0013469771349361912
2274,frozen,46,7,3,0,0,-1.0,-1.0,1,0,1,0,0.0,0.0013469771349361912
2275,frozen,46,5,5,1,1,1.0,1.0,0,nan,nan,nan,0.0,0.0013469771349361912
2276,frozen,46,6,6,1,1,1.0,1.0,0,nan,nan,nan,0.0,0.0013469771349361912
2277,frozen,46,2,5,0,0,-1.0,-1.0,1,2,0,0,0.0,0.0013469771349361912
2278,frozen,46,8,3,0,0,-1.0,-1.0,1,0,1,0,0.0,0.0013469771349361912
2279,frozen,46,5,3,0,0,-1.0,-1.0,1,0,1,0,0.0,0.0013469771349361912
2280,frozen,46,2,5,1,0,-1.0,-1.0,1,0,1,0,0.0,0.0013469771349361912
2281,frozen,46,4,5,1,1,1.0,1.0,0,nan,nan,nan,0.0,0.0013469771349361912
2282,frozen,46,7,6,1,1,1.0,1.0,0,nan,nan,nan,0.0,0.0013469771349361912
2283,frozen,46,5,5,0,1,1.0,1.0,0,nan,nan,nan,0.0,0.0013469771349361912
2284,frozen,46,0,6,1,0,-1.0,-1.0,1,3,0,1,0.0,0.0013469771349361912
2285,frozen,46,1,3,0,0,-1.0,-1.0,1,0,1,0,0.0,0.0013469771349361912
2286,frozen,46,3,5,1,0,-1.0,-1.0,1,0,1,0,0.0,0.0013469771349361912
2287,frozen,46,8,3,0,0,-1.0,-1.0,1,0,1,0,0.0,0.0013469771349361912
2288,frozen,46,1,5,1,0,-1.0,-1.0,1,0,1,0,0.0,0.0013469771349361912
2289,frozen,46,8,3,0,0,-1.0,-1.0,1,0,1,0,0.0,0.0013469771349361912
2290,frozen,46,6,3,0,0,-1.0,-1.0,1,0,1,0,0.0,0.0013469771349361912
2291,frozen,46,0,5,1,0,-1.0,-1.0,1,0,1,0,0.0,0.0013469771349361912
2292,frozen,46,7,3,0,0,-1.0,-1.0,1,0,1,0,0.0,0.0013469771349361912
2293,frozen,46,4,5,1,1,1.0,1.0,0,nan,nan,nan,0.0,0.0013469771349361912
2294,frozen,46,6,6,1,1,1.0,1.0,0,nan,nan,nan,0.0,0.0013469771349361912
2295,frozen,46,4,7,1,0,-1.0,-1.0,1,2,0,0,0.0,0.0013469771349361912
2296,frozen,46,4,5,1,1,1.0,1.0,0,nan,nan,nan,0.0,0.0013469771349361912
2297,frozen,46,7,6,1,1,1.0,1.0,0,nan,nan,nan,0.0,0.0013469771349361912
2298,frozen,46,8,7,1,1,1.0,1.0,0,nan,nan,nan,0.0,0.0013469771349361912
2299,frozen,46,7,8,1,1,1.0,1.0,0,nan,nan,nan,0.0,0.0013469771349361912
2300,frozen,46,3,8,1,0,-1.0,-1.0,1,4,0,1,0.0,0.0013469771349361912
2301,frozen,46,2,5,1,0,-1.0,-1.0,1,0,1,0,0.0,0.0013469771349361912
2302,frozen,46,0,3,0,0,-1.0,-1.0,1,0,1,0,0.0,0.0013469771349361912
2303,frozen,46,5,3,0,0,-1.0,-1.0,1,0,1,0,0.0,0.0013469771349361912
2304,frozen,46,6,3,0,0,-1.0,-1.0,1,0,1,0,0.0,0.0013469771349361912
2305,frozen,46,7,3,0,0,-1.0,-1.0,1,0,1,0,0.0,0.0013469771349361912
2306,frozen,46,2,5,1,0,-1.0,-1.0,1,0,1,0,0.0,0.0013469771349361912
2307,frozen,46,0,5,1,0,-1.0,-1.0,1,0,1,0,0.0,0.0013469771349361912
2308,frozen,46,7,3,0,0,-1.0,-1.0,1,0,1,0,0.0,0.0013469771349361912
2309,frozen,46,8,3,0,0,-1.0,-1.0,1,0,1,0,0.0,0.0013469771349361912
2310,frozen,46,6,3,0,0,-1.0,-1.0,1,0,1,0,0.0,0.0013469771349361912
2311,frozen,46,5,5,1,1,1.0,1.0,0,nan,nan,nan,0.0,0.0013469771349361912
2312,frozen,46,6,6,1,1,1.0,1.0,0,nan,nan,nan,0.0,0.0013469771349361912
2313,frozen,46,3,5,0,0,-1.0,-1.0,1,2,0,0,0.0,0.0013469771349361912
2314,frozen,46,2,5,1,0,-1.0,-1.0,1,0,1,0,0.0,0.0013469771349361912
2315,frozen,46,2,5,1,0,-1.0,-1.0,1,0,1,0,0.0,0.0013469771349361912
2316,frozen,46,5,5,1,1,1.0,1.0,0,nan,nan,nan,0.0,0.0013469771349361912
2317,frozen,46,6,6,1,1,1.0,1.0,0,nan,nan,nan,0.0,0.0013469771349361912
2318,frozen,46,3,7,1,0,-1.0,-1.0,1,2,0,0,0.0,0.0013469771349361912
2319,frozen,46,8,3,0,0,-1.0,-1.0,1,0,1,0,0.0,0.0013469771349361912
2320,frozen,46,2,5,1,0,-1.0,-1.0,1,0,1,0,0.0,0.0013469771349361912
2321,frozen,46,1,5,1,0,-1.0,-1.0,1,0,1,0,0.0,0.0013469771349361912
2322,frozen,46,2,5,1,0,-1.0,-1.0,1,0,1,0,0.0,0.0013469771349361912
2323,frozen,46,8,3,0,0,-1.0,-1.0,1,0,1,0,0.0,0.0013469771349361912
2324,frozen,46,1,5,1,0,-1.0,-1.0,1,0,1,0,0.0,0.0013469771349361912
2325,frozen,46,5,5,1,1,1.0,1.0,0,nan,nan,nan,0.0,0.0013469771349361912
2326,frozen,46,1,6,1,0,-1.0,-1.0,1,1,0,0,0.0,0.0013469771349361912
2327,frozen,46,4,5,1,1,1.0,1.0,0,nan,nan,nan,0.0,0.0013469771349361912
2328,frozen,46,5,6,1,1,1.0,1.0,0,nan,nan,nan,0.0,0.0013469771349361912
2329,frozen,46,6,7,1,1,1.0,1.0,0,nan,nan,nan,0.0,0.0013469771349361912
2330,frozen,46,7,8,1,1,1.0,1.0,0,nan,nan,nan,0.0,0.0013469771349361912
2331,frozen,46,4,7,0,0,-1.0,-1.0,1,4,0,1,0.0,0.0013469771349361912
2332,frozen,46,5,5,1,1,1.0,1.0,0,nan,nan,nan,0.0,0.0013469771349361912
2333,frozen,46,7,6,1,1,1.0,1.0,0,nan,nan,nan,0.0,0.0013469771349361912
2334,frozen,46,8,7,1,1,1.0,1.0,0,nan,nan,nan,0.0,0.0013469771349361912
2335,frozen,46,5,8,1,0,-1.0,-1.0,1,3,0,1,0.0,0.0013469771349361912
2336,frozen,46,8,5,1,0,-1.0,-1.0,1,0,1,0,0.0,0.0013469771349361912
2337,frozen,46,6,5,1,1,1.0,1.0,0,nan,nan,nan,0.0,0.0013469771349361912
2338,frozen,46,7,4,0,0,-1.0,-1.0,1,1,0,0,0.0,0.0013469771349361912
2339,frozen,46,3,5,1,0,-1.0,-1.0,1,0,1,0,0.0,0.0013469771349361912
2340,frozen,46,1,5,1,0,-1.0,-1.0,1,0,1,0,0.0,0.0013469771349361912
2341,frozen,46,4,5,1,1,1.0,1.0,0,nan,nan,nan,0.0,0.0013469771349361912
2342,frozen,46,6,4,0,0,-1.0,-1.0,1,1,0,0,0.0,0.0013469771349361912
2343,frozen,46,0,5,1,0,-1.0,-1.0,1,0,1,0,0.0,0.0013469771349361912
2344,frozen,46,7,3,0,0,-1.0,-1.0,1,0,1,0,0.0,0.0013469771349361912
2345,frozen,46,8,3,0,0,-1.0,-1.0,1,0,1,0,0.0,0.0013469771349361912
2346,frozen,46,0,5,1,0,-1.0,-1.0,1,0,1,0,0.0,0.0013469771349361912
2347,frozen,46,1,5,1,0,-1.0,-1.0,1,0,1,0,0.0,0.0013469771349361912
2348,frozen,46,6,3,0,0,-1.0,-1.0,1,0,1,0,0.0,0.0013469771349361912
2349,frozen,46,1,5,1,0,-1.0,-1.0,1,0,1,0,0.0,0.0013469771349361912
2350,frozen,46,5,3,0,0,-1.0,-1.0,1,0,1,0,0.0,0.0013469771349361912
2351,frozen,46,0,5,1,0,-1.0,-1.0,1,0,1,0,0.0,0.0013469771349361912
2352,frozen,46,8,5,1,0,-1.0,-1.0,1,0,1,0,0.0,0.0013469771349361912
2353,frozen,46,8,3,0,0,-1.0,-1.0,1,0,1,0,0.0,0.0013469771349361912
2354,frozen,46,2,5,1,0,-1.0,-1.0,1,0,1,0,0.0,0.0013469771349361912
2355,frozen,46,0,5,1,0,-1.0,-1.0,1,0,1,0,0.0,0.0013469771349361912
2356,frozen,46,6,5,1,1,1.0,1.0,0,nan,nan,nan,0.0,0.0013469771349361912
2357,frozen,46,4,6,1,0,-1.0,-1.0,1,1,0,0,0.0,0.0013469771349361912
2358,frozen,46,7,3,0,0,-1.0,-1.0,1,0,1,0,0.0,0.0013469771349361912
2359,frozen,46,7,3,0,0,-1.0,-1.0,1,0,1,0,0.0,0.0013469771349361912
2360,frozen,46,3,5,1,0,-1.0,-1.0,1,0,1,0,0.0,0.0013469771349361912
2361,frozen,46,3,3,0,1,1.0,1.0,0,nan,nan,nan,0.0,0.0013469771349361912
2362,frozen,46,1,4,1,0,-1.0,-1.0,1,1,0,0,0.0,0.0013469771349361912
2363,frozen,46,5,3,0,0,-1.0,-1.0,1,0,1,0,0.0,0.0013469771349361912
2364,frozen,46,8,5,1,0,-1.0,-1.0,1,0,1,0,0.0,0.0013469771349361912
2365,frozen,46,1,3,0,0,-1.0,-1.0,1,0,1,0,0.0,0.0013469771349361912
2366,frozen,46,8,3,0,0,-1.0,-1.0,1,0,1,0,0.0,0.0013469771349361912
2367,frozen,46,1,5,1,0,-1.0,-1.0,1,0,1,0,0.0,0.0013469771349361912
2368,frozen,46,5,5,1,1,1.0,1.0,0,nan,nan,nan,0.0,0.0013469771349361912
2369,frozen,46,3,6,1,0,-1.0,-1.0,1,1,0,0,0.0,0.0013469771349361912
2370,frozen,46,4,5,1,1,1.0,1.0,0,nan,nan,nan,0.0,0.0013469771349361912
2371,frozen,46,1,6,1,0,-1.0,-1.0,1,1,0,0,0.0,0.0013469771349361912
2372,frozen,46,8,3,0,0,-1.0,-1.0,1,0,1,0,0.0,0.0013469771349361912
2373,frozen,46,8,5,1,0,-1.0,-1.0,1,0,1,0,0.0,0.0013469771349361912
2374,frozen,46,7,3,0,0,-1.0,-1.0,1,0,1,0,0.0,0.0013469771349361912
2375,frozen,46,3,3,0,1,1.0,1.0,0,nan,nan,nan,0.0,0.0013469771349361912
2376,frozen,46,2,2,0,1,1.0,1.0,0,nan,nan,nan,0.0,0.0013469771349361912
2377,frozen,46,3,3,1,1,1.0,1.0,0,nan,nan,nan,0.0,0.0013469771349361912
2378,frozen,46,0,4,1,0,-1.0,-1.0,1,3,0,1,0.0,0.0013469771349361912
2379,frozen,46,6,5,1,1,1.0,1.0,0,nan,nan,nan,0.0,0.0013469771349361912
2380,frozen,46,7,4,0,0,-1.0,-1.0,1,1,0,0,0.0,0.0013469771349361912
2381,frozen,46,8,3,0,0,-1.0,-1.0,1,0,1,0,0.0,0.0013469771349361912
2382,frozen,46,0,5,1,0,-1.0,-1.0,1,0,1,0,0.0,0.0013469771349361912
2383,frozen,46,6,5,1,1,1.0,1.0,0,nan,nan,nan,0.0,0.0013469771349361912
2384,frozen,46,1,4,0,0,-1.0,-1.0,1,1,0,0,0.0,0.0013469771349361912
2385,frozen,46,3,3,0,1,1.0,1.0,0,nan,nan,nan,0.0,0.0013469771349361912
2386,frozen,46,6,2,0,0,-1.0,-1.0,1,1,0,0,0.0,0.0013469771349361912
2387,frozen,46,4,5,1,1,1.0,1.0,0,nan,nan,nan,0.0,0.0013469771349361912
2388,frozen,46,8,4,0,0,-1.0,-1.0,1,1,0,0,0.0,0.0013469771349361912
2389,frozen,46,6,5,1,1,1.0,1.0,0,nan,nan,nan,0.0,0.0013469771349361912
2390,frozen,46,1,6,1,0,-1.0,-1.0,1,1,0,0,0.0,0.0013469771349361912
2391,frozen,46,5,3,0,0,-1.0,-1.0,1,0,1,0,0.0,0.0013469771349361912
2392,frozen,46,3,3,0,1,1.0,1.0,0,nan,nan,nan,0.0,0.0013469771349361912
2393,frozen,46,7,2,0,0,-1.0,-1.0,1,1,0,0,0.0,0.0013469771349361912
2394,frozen,46,6,3,0,0,-1.0,-1.0,1,0,1,0,0.0,0.0013469771349361912
2395,frozen,46,4,5,1,1,1.0,1.0,0,nan,nan,nan,0.0,0.0013469771349361912
2396,frozen,46,4,6,1,0,-1.0,-1.0,1,1,0,0,0.0,0.0013469771349361912
2397,frozen,46,4,5,1,1,1.0,1.0,0,nan,nan,nan,0.0,0.0013469771349361912
2398,frozen,46,0,6,1,0,-1.0,-1.0,1,1,0,0,0.0,0.0013469771349361912
2399,frozen,46,0,3,0,0,-1.0,-1.0,1,0,1,0,0.0,0.0013469771349361912
2400,frozen,46,5,3,0,0,-1.0,-1.0,1,0,1,0,0.0,0.0013469771349361912
2401,frozen,46,8,3,0,0,-1.0,-1.0,1,0,1,0,0.0,0.0013469771349361912
2402,frozen,46,3,3,0,1,1.0,1.0,0,nan,nan,nan,0.0,0.0013469771349361912
2403,frozen,46,6,2,0,0,-1.0,-1.0,1,1,0,0,0.0,0.0013469771349361912
2404,frozen,46,0,3,0,0,-1.0,-1.0,1,0,1,0,0.0,0.0013469771349361912
2405,frozen,46,2,5,1,0,-1.0,-1.0,1,0,1,0,0.0,0.0013469771349361912
2406,frozen,46,8,3,0,0,-1.0,-1.0,1,0,1,0,0.0,0.0013469771349361912
2407,frozen,46,6,5,1,1,1.0,1.0,0,nan,nan,nan,0.0,0.0013469771349361912
2408,frozen,46,7,4,0,0,-1.0,-1.0,1,1,0,0,0.0,0.0013469771349361912
2409,frozen,46,7,3,0,0,-1.0,-1.0,1,0,1,0,0.0,0.0013469771349361912
2410,frozen,46,4,5,1,1,1.0,1.0,0,nan,nan,nan,0.0,0.0013469771349361912
2411,frozen,46,3,6,1,0,-1.0,-1.0,1,1,0,0,0.0,0.0013469771349361912
2412,frozen,46,6,5,1,1,1.0,1.0,0,nan,nan,nan,0.0,0.0013469771349361912
2413,frozen,46,5,6,1,1,1.0,1.0,0,nan,nan,nan,0.0,0.0013469771349361912
2414,frozen,46,8,5,0,0,-1.0,-1.0,1,2,0,0,0.0,0.0013469771349361912
2415,frozen,46,0,5,1,0,-1.0,-1.0,1,0,1,0,0.0,0.0013469771349361912
2416,frozen,46,0,5,1,0,-1.0,-1.0,1,0,1,0,0.0,0.0013469771349361912
2417,frozen,46,7,5,1,0,-1.0,-1.0,1,0,1,0,0.0,0.0013469771349361912
2418,frozen,46,4,5,1,1,1.0,1.0,0,nan,nan,nan,0.0,0.0013469771349361912
2419,frozen,46,0,6,1,0,-1.0,-1.0,1,1,0,0,0.0,0.0013469771349361912
2420,frozen,46,5,5,1,1,1.0,1.0,0,nan,nan,nan,0.0,0.0013469771349361912
2421,frozen,46,2,4,0,0,-1.0,-1.0,1,1,0,0,0.0,0.0013469771349361912
2422,frozen,46,3,3,0,1,1.0,1.0,0,nan,nan,nan,0.0,0.0013469771349361912
2423,frozen,46,1,4,1,0,-1.0,-1.0,1,1,0,0,0.0,0.0013469771349361912
2424,frozen,46,5,5,1,1,1.0,1.0,0,nan,nan,nan,0.0,0.0013469771349361912
2425,frozen,46,2,4,0,0,-1.0,-1.0,1,1,0,0,0.0,0.0013469771349361912
2426,frozen,46,7,3,0,0,-1.0,-1.0,1,0,1,0,0.0,0.0013469771349361912
2427,frozen,46,3,5,1,0,-1.0,-1.0,1,0,1,0,0.0,0.0013469771349361912
2428,frozen,46,8,3,0,0,-1.0,-1.0,1,0,1,0,0.0,0.0013469771349361912
2429,frozen,46,3,3,0,1,1.0,1.0,0,nan,nan,nan,0.0,0.0013469771349361912
2430,frozen,46,3,4,1,1,1.0,1.0,0,nan,nan,nan,0.0,0.0013469771349361912
2431,frozen,46,8,5,1,0,-1.0,-1.0,1,2,0,0,0.0,0.0013469771349361912
2432,frozen,46,6,3,0,0,-1.0,-1.0,1,0,1,0,0.0,0.0013469771349361912
2433,frozen,46,5,5,1,1,1.0,1.0,0,nan,nan,nan,0.0,0.0013469771349361912
2434,frozen,46,7,6,1,1,1.0,1.0,0,nan,nan,nan,0.0,0.0013469771349361912
2435,frozen,46,5,5,0,1,1.0,1.0,0,nan,nan,nan,0.0,0.0013469771349361912
2436,frozen,46,2,4,0,0,-1.0,-1.0,1,3,0,1,0.0,0.0013469771349361912
2437,frozen,46,4,5,1,1,1.0,1.0,0,nan,nan,nan,0.0,0.0013469771349361912
2438,frozen,46,6,4,0,0,-1.0,-1.0,1,1,0,0,0.0,0.0013469771349361912
2439,frozen,46,1,3,0,0,-1.0,-1.0,1,0,1,0,0.0,0.0013469771349361912
2440,frozen,46,5,3,0,0,-1.0,-1.0,1,0,1,0,0.0,0.0013469771349361912
2441,frozen,46,0,3,0,0,-1.0,-1.0,1,0,1,0,0.0,0.0013469771349361912
2442,frozen,46,6,5,1,1,1.0,1.0,0,nan,nan,nan,0.0,0.0013469771349361912
2443,frozen,46,6,4,0,0,-1.0,-1.0,1,1,0,0,0.0,0.0013469771349361912
2444,frozen,46,2,5,1,0,-1.0,-1.0,1,0,1,0,0.0,0.0013469771349361912
2445,frozen,46,3,3,0,1,1.0,1.0,0,nan,nan,nan,0.0,0.0013469771349361912
2446,frozen,46,1,4,1,0,-1.0,-1.0,1,1,0,0,0.0,0.0013469771349361912
2447,frozen,46,5,5,1,1,1.0,1.0,0,nan,nan,nan,0.0,0.0013469771349361912
2448,frozen,46,5,6,1,1,1.0,1.0,0,nan,nan,nan,0.0,0.0013469771349361912
2449,frozen,46,6,7,1,1,1.0,1.0,0,nan,nan,nan,0.0,0.0013469771349361912
2450,frozen,46,0,6,0,0,-1.0,-1.0,1,3,0,1,0.0,0.0013469771349361912
2451,frozen,46,5,3,0,0,-1.0,-1.0,1,0,1,0,0.0,0.0013469771349361912
2452,frozen,46,3,3,0,1,1.0,1.0,0,nan,nan,nan,0.0,0.0013469771349361912
2453,frozen,46,7,4,1,0,-1.0,-1.0,1,1,0,0,0.0,0.0013469771349361912
2454,frozen,46,6,5,1,1,1.0,1.0,0,nan,nan,nan,0.0,0.0013469771349361912
2455,frozen,46,3,6,1,0,-1.0,-1.0,1,1,0,0,0.0,0.0013469771349361912
2456,frozen,46,7,3,0,0,-1.0,-1.0,1,0,1,0,0.0,0.0013469771349361912
2457,frozen,46,4,5,1,1,1.0,1.0,0,nan,nan,nan,0.0,0.0013469771349361912
2458,frozen,46,2,6,1,0,-1.0,-1.0,1,1,0,0,0.0,0.0013469771349361912
2459,frozen,46,3,3,0,1,1.0,1.0,0,nan,nan,nan,0.0,0.0013469771349361912
2460,frozen,46,0,4,1,0,-1.0,-1.0,1,1,0,0,0.0,0.0013469771349361912
2461,frozen,46,6,3,0,0,-1.0,-1.0,1,0,1,0,0.0,0.0013469771349361912
2462,frozen,46,5,3,0,0,-1.0,-1.0,1,0,1,0,0.0,0.0013469771349361912
2463,frozen,46,3,5,1,0,-1.0,-1.0,1,0,1,0,0.0,0.0013469771349361912
2464,frozen,46,3,5,1,0,-1.0,-1.0,1,0,1,0,0.0,0.0013469771349361912
2465,frozen,46,5,3,0,0,-1.0,-1.0,1,0,1,0,0.0,0.0013469771349361912
2466,frozen,46,8,5,1,0,-1.0,-1.0,1,0,1,0,0.0,0.0013469771349361912
2467,frozen,46,1,5,1,0,-1.0,-1.0,1,0,1,0,0.0,0.0013469771349361912
2468,frozen,46,7,3,0,0,-1.0,-1.0,1,0,1,0,0.0,0.0013469771349361912
2469,frozen,46,3,5,1,0,-1.0,-1.0,1,0,1,0,0.0,0.0013469771349361912
2470,frozen,46,6,3,0,0,-1.0,-1.0,1,0,1,0,0.0,0.0013469771349361912
2471,frozen,46,0,5,1,0,-1.0,-1.0,1,0,1,0,0.0,0.0013469771349361912
2472,frozen,46,1,5,1,0,-1.0,-1.0,1,0,1,0,0.0,0.0013469771349361912
2473,frozen,46,7,3,0,0,-1.0,-1.0,1,0,1,0,0.0,0.0013469771349361912
2474,frozen,46,3,5,1,0,-1.0,-1.0,1,0,1,0,0.0,0.0013469771349361912
2475,frozen,46,8,5,1,0,-1.0,-1.0,1,0,1,0,0.0,0.0013469771349361912
2476,frozen,46,0,3,0,0,-1.0,-1.0,1,0,1,0,0.0,0.0013469771349361912
2477,frozen,46,2,5,1,0,-1.0,-1.0,1,0,1,0,0.0,0.0013469771349361912
2478,frozen,46,3,5,1,0,-1.0,-1.0,1,0,1,0,0.0,0.0013469771349361912
2479,frozen,46,6,5,1,1,1.0,1.0,0,nan,nan,nan,0.0,0.0013469771349361912
2480,frozen,46,7,6,1,1,1.0,1.0,0,nan,nan,nan,0.0,0.0013469771349361912
2481,frozen,46,6,7,1,1,1.0,1.0,0,nan,nan,nan,0.0,0.0013469771349361912
2482,frozen,46,6,8,1,0,-1.0,-1.0,1,3,0,1,0.0,0.0013469771349361912
2483,frozen,46,0,3,0,0,-1.0,-1.0,1,0,1,0,0.0,0.0013469771349361912
2484,frozen,46,0,3,0,0,-1.0,-1.0,1,0,1,0,0.0,0.0013469771349361912
2485,frozen,46,8,3,0,0,-1.0,-1.0,1,0,1,0,0.0,0.0013469771349361912
2486,frozen,46,3,3,0,1,1.0,1.0,0,nan,nan,nan,0.0,0.0013469771349361912
2487,frozen,46,3,4,1,1,1.0,1.0,0,nan,nan,nan,0.0,0.0013469771349361912
2488,frozen,46,6,5,1,1,1.0,1.0,0,nan,nan,nan,0.0,0.0013469771349361912
2489,frozen,46,6,6,1,1,1.0,1.0,0,nan,nan,nan,0.0,0.0013469771349361912
2490,frozen,46,7,7,1,1,1.0,1.0,0,nan,nan,nan,0.0,0.0013469771349361912
2491,frozen,46,1,8,1,0,-1.0,-1.0,1,5,0,1,0.0,0.0013469771349361912
2492,frozen,46,2,5,1,0,-1.0,-1.0,1,0,1,0,0.0,0.0013469771349361912
2493,frozen,46,3,5,1,0,-1.0,-1.0,1,0,1,0,0.0,0.0013469771349361912
2494,frozen,46,0,5,1,0,-1.0,-1.0,1,0,1,0,0.0,0.0013469771349361912
2495,frozen,46,4,5,1,1,1.0,1.0,0,nan,nan,nan,0.0,0.0013469771349361912
2496,frozen,46,8,4,0,0,-1.0,-1.0,1,1,0,0,0.0,0.0013469771349361912
2497,frozen,46,6,5,1,1,1.0,1.0,0,nan,nan,nan,0.0,0.0013469771349361912
2498,frozen,46,0,6,1,0,-1.0,-1.0,1,1,0,0,0.0,0.0013469771349361912
2499,frozen,46,5,3,0,0,-1.0,-1.0,1,0,1,0,0.0,0.0013469771349361912
2500,frozen,46,0,5,1,0,-1.0,-1.0,1,0,1,0,0.0,0.0013469771349361912
2501,frozen,46,8,3,0,0,-1.0,-1.0,1,0,1,0,0.0,0.0013469771349361912
2502,frozen,46,7,3,0,0,-1.0,-1.0,1,0,1,0,0.0,0.0013469771349361912
2503,frozen,46,7,3,0,0,-1.0,-1.0,1,0,1,0,0.0,0.0013469771349361912
2504,frozen,46,6,3,0,0,-1.0,-1.0,1,0,1,0,0.0,0.0013469771349361912
2505,frozen,46,2,5,1,0,-1.0,-1.0,1,0,1,0,0.0,0.0013469771349361912
2506,frozen,46,7,3,0,0,-1.0,-1.0,1,0,1,0,0.0,0.0013469771349361912
2507,frozen,46,8,5,1,0,-1.0,-1.0,1,0,1,0,0.0,0.0013469771349361912
2508,frozen,46,2,3,0,1,1.0,1.0,0,nan,nan,nan,0.0,0.0013469771349361912
2509,frozen,46,5,2,0,0,-1.0,-1.0,1,1,0,0,0.0,0.0013469771349361912
2510,frozen,46,7,3,0,0,-1.0,-1.0,1,0,1,0,0.0,0.0013469771349361912
2511,frozen,46,2,5,1,0,-1.0,-1.0,1,0,1,0,0.0,0.0013469771349361912
2512,frozen,46,1,5,1,0,-1.0,-1.0,1,0,1,0,0.0,0.0013469771349361912
2513,frozen,46,5,5,1,1,1.0,1.0,0,nan,nan,nan,0.0,0.0013469771349361912
2514,frozen,46,1,4,0,0,-1.0,-1.0,1,1,0,0,0.0,0.0013469771349361912
2515,frozen,46,0,3,0,0,-1.0,-1.0,1,0,1,0,0.0,0.0013469771349361912
2516,frozen,46,8,3,0,0,-1.0,-1.0,1,0,1,0,0.0,0.0013469771349361912
2517,frozen,46,4,5,1,1,1.0,1.0,0,nan,nan,nan,0.0,0.0013469771349361912
2518,frozen,46,0,4,0,0,-1.0,-1.0,1,1,0,0,0.0,0.0013469771349361912
2519,frozen,46,8,3,0,0,-1.0,-1.0,1,0,1,0,0.0,0.0013469771349361912
2520,frozen,46,6,3,0,0,-1.0,-1.0,1,0,1,0,0.0,0.0013469771349361912
2521,frozen,46,6,5,1,1,1.0,1.0,0,nan,nan,nan,0.0,0.0013469771349361912
2522,frozen,46,6,6,1,1,1.0,1.0,0,nan,nan,nan,0.0,0.0013469771349361912
2523,frozen,46,3,5,0,0,-1.0,-1.0,1,2,0,0,0.0,0.0013469771349361912
2524,frozen,46,7,3,0,0,-1.0,-1.0,1,0,1,0,0.0,0.0013469771349361912
2525,frozen,46,4,5,1,1,1.0,1.0,0,nan,nan,nan,0.0,0.0013469771349361912
2526,frozen,46,1,6,1,0,-1.0,-1.0,1,1,0,0,0.0,0.0013469771349361912
2527,frozen,46,7,3,0,0,-1.0,-1.0,1,0,1,0,0.0,0.0013469771349361912
2528,frozen,46,8,3,0,0,-1.0,-1.0,1,0,1,0,0.0,0.0013469771349361912
2529,frozen,46,2,5,1,0,-1.0,-1.0,1,0,1,0,0.0,0.0013469771349361912
2530,frozen,46,2,5,1,0,-1.0,-1.0,1,0,1,0,0.0,0.0013469771349361912
2531,frozen,46,8,3,0,0,-1.0,-1.0,1,0,1,0,0.0,0.0013469771349361912
2532,frozen,46,3,5,1,0,-1.0,-1.0,1,0,1,0,0.0,0.0013469771349361912
2533,frozen,46,8,5,1,0,-1.0,-1.0,1,0,1,0,0.0,0.0013469771349361912
2534,frozen,46,8,5,1,0,-1.0,-1.0,1,0,1,0,0.0,0.0013469771349361912
2535,frozen,46,3,5,1,0,-1.0,-1.0,1,0,1,0,0.0,0.0013469771349361912
2536,frozen,46,4,5,1,1,1.0,1.0,0,nan,nan,nan,0.0,0.0013469771349361912
2537,frozen,46,6,6,1,1,1.0,1.0,0,nan,nan,nan,0.0,0.0013469771349361912
2538,frozen,46,1,7,1,0,-1.0,-1.0,1,2,0,0,0.0,0.0013469771349361912
2539,frozen,46,7,3,0,0,-1.0,-1.0,1,0,1,0,0.0,0.0013469771349361912
2540,frozen,46,1,3,0,0,-1.0,-1.0,1,0,1,0,0.0,0.0013469771349361912
2541,frozen,46,7,3,0,0,-1.0,-1.0,1,0,1,0,0.0,0.0013469771349361912
2542,frozen,46,0,5,1,0,-1.0,-1.0,1,0,1,0,0.0,0.0013469771349361912
2543,frozen,46,5,5,1,1,1.0,1.0,0,nan,nan,nan,0.0,0.0013469771349361912
2544,frozen,46,4,6,1,0,-1.0,-1.0,1,1,0,0,0.0,0.0013469771349361912
2545,frozen,46,4,5,1,1,1.0,1.0,0,nan,nan,nan,0.0,0.0013469771349361912
2546,frozen,46,4,4,0,1,1.0,1.0,0,nan,nan,nan,0.0,0.0013469771349361912
2547,frozen,46,0,3,0,0,-1.0,-1.0,1,2,0,0,0.0,0.0013469771349361912
2548,frozen,46,1,5,1,0,-1.0,-1.0,1,0,1,0,0.0,0.0013469771349361912
2549,frozen,46,1,3,0,0,-1.0,-1.0,1,0,1,0,0.0,0.0013469771349361912
2550,frozen,46,2,5,1,0,-1.0,-1.0,1,0,1,0,0.0,0.0013469771349361912
2551,frozen,46,4,5,1,1,1.0,1.0,0,nan,nan,nan,0.0,0.0013469771349361912
2552,frozen,46,5,6,1,1,1.0,1.0,0,nan,nan,nan,0.0,0.0013469771349361912
2553,frozen,46,6,7,1,1,1.0,1.0,0,nan,nan,nan,0.0,0.0013469771349361912
2554,frozen,46,0,6,0,0,-1.0,-1.0,1,3,0,1,0.0,0.0013469771349361912
2555,frozen,46,0,5,1,0,-1.0,-1.0,1,0,1,0,0.0,0.0013469771349361912
2556,frozen,46,0,3,0,0,-1.0,-1.0,1,0,1,0,0.0,0.0013469771349361912
2557,frozen,46,4,5,1,1,1.0,1.0,0,nan,nan,nan,0.0,0.0013469771349361912
2558,frozen,46,1,6,1,0,-1.0,-1.0,1,1,0,0,0.0,0.0013469771349361912
2559,frozen,46,0,3,0,0,-1.0,-1.0,1,0,1,0,0.0,0.0013469771349361912
2560,frozen,46,1,5,1,0,-1.0,-1.0,1,0,1,0,0.0,0.0013469771349361912
2561,frozen,46,4,5,1,1,1.0,1.0,0,nan,nan,nan,0.0,0.0013469771349361912
2562,frozen,46,5,6,1,1,1.0,1.0,0,nan,nan,nan,0.0,0.0013469771349361912
2563,frozen,46,6,7,1,1,1.0,1.0,0,nan,nan,nan,0.0,0.0013469771349361912
2564,frozen,46,7,8,1,1,1.0,1.0,0,nan,nan,nan,0.0,0.0013469771349361912
2565,frozen,46,0,7,0,0,-1.0,-1.0,1,4,0,1,0.0,0.0013469771349361912
2566,frozen,46,5,3,0,0,-1.0,-1.0,1,0,1,0,0.0,0.0013469771349361912
2567,frozen,46,2,5,1,0,-1.0,-1.0,1,0,1,0,0.0,0.0013469771349361912
2568,frozen,46,4,5,1,1,1.0,1.0,0,nan,nan,nan,0.0,0.0013469771349361912
2569,frozen,46,1,4,0,0,-1.0,-1.0,1,1,0,0,0.0,0.0013469771349361912
2570,frozen,46,3,5,1,0,-1.0,-1.0,1,0,1,0,0.0,0.0013469771349361912
2571,frozen,46,1,5,1,0,-1.0,-1.0,1,0,1,0,0.0,0.0013469771349361912
2572,frozen,46,8,5,1,0,-1.0,-1.0,1,0,1,0,0.0,0.0013469771349361912
2573,frozen,46,6,3,0,0,-1.0,-1.0,1,0,1,0,0.0,0.0013469771349361912
2574,frozen,46,1,3,0,0,-1.0,-1.0,1,0,1,0,0.0,0.0013469771349361912
2575,frozen,46,5,3,0,0,-1.0,-1.0,1,0,1,0,0.0,0.0013469771349361912
2576,frozen,46,6,5,1,1,1.0,1.0,0,nan,nan,nan,0.0,0.0013469771349361912
2577,frozen,46,4,6,1,0,-1.0,-1.0,1,1,0,0,0.0,0.0013469771349361912
2578,frozen,46,1,3,0,0,-1.0,-1.0,1,0,1,0,0.0,0.0013469771349361912
2579,frozen,46,6,5,1,1,1.0,1.0,0,nan,nan,nan,0.0,0.0013469771349361912
2580,frozen,46,7,4,0,0,-1.0,-1.0,1,1,0,0,0.0,0.0013469771349361912
2581,frozen,46,2,5,1,0,-1.0,-1.0,1,0,1,0,0.0,0.0013469771349361912
2582,frozen,46,1,3,0,0,-1.0,-1.0,1,0,1,0,0.0,0.0013469771349361912
2583,frozen,46,4,5,1,1,1.0,1.0,0,nan,nan,nan,0.0,0.0013469771349361912
2584,frozen,46,3,6,1,0,-1.0,-1.0,1,1,0,0,0.0,0.0013469771349361912
2585,frozen,46,0,3,0,0,-1.0,-1.0,1,0,1,0,0.0,0.0013469771349361912
2586,frozen,46,8,5,1,0,-1.0,-1.0,1,0,1,0,0.0,0.0013469771349361912
2587,frozen,46,7,3,0,0,-1.0,-1.0,1,0,1,0,0.0,0.0013469771349361912
2588,frozen,46,8,3,0,0,-1.0,-1.0,1,0,1,0,0.0,0.0013469771349361912
2589,frozen,46,7,3,0,0,-1.0,-1.0,1,0,1,0,0.0,0.0013469771349361912
2590,frozen,46,6,5,1,1,1.0,1.0,0,nan,nan,nan,0.0,0.0013469771349361912
2591,frozen,46,7,4,0,0,-1.0,-1.0,1,1,0,0,0.0,0.0013469771349361912
2592,frozen,46,6,3,0,0,-1.0,-1.0,1,0,1,0,0.0,0.0013469771349361912
2593,frozen,46,2,5,1,0,-1.0,-1.0,1,0,1,0,0.0,0.0013469771349361912
2594,frozen,46,0,5,1,0,-1.0,-1.0,1,0,1,0,0.0,0.0013469771349361912
2595,frozen,46,1,5,1,0,-1.0,-1.0,1,0,1,0,0.0,0.0013469771349361912
2596,frozen,46,5,5,1,1,1.0,1.0,0,nan,nan,nan,0.0,0.0013469771349361912
2597,frozen,46,2,4,0,0,-1.0,-1.0,1,1,0,0,0.0,0.0013469771349361912
2598,frozen,46,6,5,1,1,1.0,1.0,0,nan,nan,nan,0.0,0.0013469771349361912
2599,frozen,46,0,6,1,0,-1.0,-1.0,1,1,0,0,0.0,0.0013469771349361912
2600,frozen,46,8,3,0,0,-1.0,-1.0,1,0,1,0,0.0,0.0013469771349361912
2601,frozen,46,7,3,0,0,-1.0,-1.0,1,0,1,0,0.0,0.0013469771349361912
2602,frozen,46,3,3,0,1,1.0,1.0,0,nan,nan,nan,0.0,0.0013469771349361912
2603,frozen,46,6,2,0,0,-1.0,-1.0,1,1,0,0,0.0,0.0013469771349361912
2604,frozen,46,0,3,0,0,-1.0,-1.0,1,0,1,0,0.0,0.0013469771349361912
2605,frozen,46,6,3,0,0,-1.0,-1.0,1,0,1,0,0.0,0.0013469771349361912
2606,frozen,46,6,5,1,1,1.0,1.0,0,nan,nan,nan,0.0,0.0013469771349361912
2607,frozen,46,2,4,0,0,-1.0,-1.0,1,1,0,0,0.0,0.0013469771349361912
2608,frozen,46,4,5,1,1,1.0,1.0,0,nan,nan,nan,0.0,0.0013469771349361912
2609,frozen,46,8,4,0,0,-1.0,-1.0,1,1,0,0,0.0,0.0013469771349361912
2610,frozen,46,0,5,1,0,-1.0,-1.0,1,0,1,0,0.0,0.0013469771349361912
2611,frozen,46,2,5,1,0,-1.0,-1.0,1,0,1,0,0.0,0.0013469771349361912
2612,frozen,46,0,5,1,0,-1.0,-1.0,1,0,1,0,0.0,0.0013469771349361912
2613,frozen,46,1,3,0,0,-1.0,-1.0,1,0,1,0,0.0,0.0013469771349361912
2614,frozen,46,2,5,1,0,-1.0,-1.0,1,0,1,0,0.0,0.0013469771349361912
2615,frozen,46,6,3,0,0,-1.0,-1.0,1,0,1,0,0.0,0.0013469771349361912
2616,frozen,46,7,3,0,0,-1.0,-1.0,1,0,1,0,0.0,0.0013469771349361912
2617,frozen,46,6,5,1,1,1.0,1.0,0,nan,nan,nan,0.0,0.0013469771349361912
2618,frozen,46,6,4,0,0,-1.0,-1.0,1,1,0,0,0.0,0.0013469771349361912
2619,frozen,46,7,3,0,0,-1.0,-1.0,1,0,1,0,0.0,0.0013469771349361912
2620,frozen,46,2,5,1,0,-1.0,-1.0,1,0,1,0,0.0,0.0013469771349361912
2621,frozen,46,7,3,0,0,-1.0,-1.0,1,0,1,0,0.0,0.0013469771349361912
2622,frozen,46,4,5,1,1,1.0,1.0,0,nan,nan,nan,0.0,0.0013469771349361912
2623,frozen,46,8,4,0,0,-1.0,-1.0,1,1,0,0,0.0,0.0013469771349361912
2624,frozen,46,5,3,0,0,-1.0,-1.0,1,0,1,0,0.0,0.0013469771349361912
2625,frozen,46,6,3,0,0,-1.0,-1.0,1,0,1,0,0.0,0.0013469771349361912
2626,frozen,46,8,5,1,0,-1.0,-1.0,1,0,1,0,0.0,0.0013469771349361912
2627,frozen,46,0,3,0,0,-1.0,-1.0,1,0,1,0,0.0,0.0013469771349361912
2628,frozen,46,5,5,1,1,1.0,1.0,0,nan,nan,nan,0.0,0.0013469771349361912
2629,frozen,46,1,6,1,0,-1.0,-1.0,1,1,0,0,0.0,0.0013469771349361912
2630,frozen,46,4,5,1,1,1.0,1.0,0,nan,nan,nan,0.0,0.0013469771349361912
2631,frozen,46,8,4,0,0,-1.0,-1.0,1,1,0,0,0.0,0.0013469771349361912
2632,frozen,46,4,5,1,1,1.0,1.0,0,nan,nan,nan,0.0,0.0013469771349361912
2633,frozen,46,2,4,0,0,-1.0,-1.0,1,1,0,0,0.0,0.0013469771349361912
2634,frozen,46,4,3,0,1,1.0,1.0,0,nan,nan,nan,0.0,0.0013469771349361912
2635,frozen,46,5,4,1,1,1.0,1.0,0,nan,nan,nan,0.0,0.0013469771349361912
2636,frozen,46,3,5,1,0,-1.0,-1.0,1,2,0,0,0.0,0.0013469771349361912
2637,frozen,46,6,3,0,0,-1.0,-1.0,1,0,1,0,0.0,0.0013469771349361912
2638,frozen,46,0,5,1,0,-1.0,-1.0,1,0,1,0,0.0,0.0013469771349361912
2639,frozen,46,8,5,1,0,-1.0,-1.0,1,0,1,0,0.0,0.0013469771349361912
2640,frozen,46,4,5,1,1,1.0,1.0,0,nan,nan,nan,0.0,0.0013469771349361912
2641,frozen,46,7,6,1,1,1.0,1.0,0,nan,nan,nan,0.0,0.0013469771349361912
2642,frozen,46,8,5,0,0,-1.0,-1.0,1,2,0,0,0.0,0.0013469771349361912
2643,frozen,46,3,5,1,0,-1.0,-1.0,1,0,1,0,0.0,0.0013469771349361912
2644,frozen,46,8,3,0,0,-1.0,-1.0,1,0,1,0,0.0,0.0013469771349361912
2645,frozen,46,5,5,1,1,1.0,1.0,0,nan,nan,nan,0.0,0.0013469771349361912
2646,frozen,46,0,6,1,0,-1.0,-1.0,1,1,0,0,0.0,0.0013469771349361912
2647,frozen,46,6,5,1,1,1.0,1.0,0,nan,nan,nan,0.0,0.0013469771349361912
2648,frozen,46,0,6,1,0,-1.0,-1.0,1,1,0,0,0.0,0.0013469771349361912
2649,frozen,46,2,5,1,0,-1.0,-1.0,1,0,1,0,0.0,0.0013469771349361912
2650,frozen,46,5,5,1,1,1.0,1.0,0,nan,nan,nan,0.0,0.0013469771349361912
2651,frozen,46,8,4,0,0,-1.0,-1.0,1,1,0,0,0.0,0.0013469771349361912
2652,frozen,46,8,5,1,0,-1.0,-1.0,1,0,1,0,0.0,0.0013469771349361912
2653,frozen,46,7,3,0,0,-1.0,-1.0,1,0,1,0,0.0,0.0013469771349361912
2654,frozen,46,1,5,1,0,-1.0,-1.0,1,0,1,0,0.0,0.0013469771349361912
2655,frozen,46,8,3,0,0,-1.0,-1.0,1,0,1,0,0.0,0.0013469771349361912
2656,frozen,46,2,5,1,0,-1.0,-1.0,1,0,1,0,0.0,0.0013469771349361912
2657,frozen,46,6,3,0,0,-1.0,-1.0,1,0,1,0,0.0,0.0013469771349361912
2658,frozen,46,8,5,1,0,-1.0,-1.0,1,0,1,0,0.0,0.0013469771349361912
2659,frozen,46,6,5,1,1,1.0,1.0,0,nan,nan,nan,0.0,0.0013469771349361912
2660,frozen,46,8,4,0,0,-1.0,-1.0,1,1,0,0,0.0,0.0013469771349361912
2661,frozen,46,1,5,1,0,-1.0,-1.0,1,0,1,0,0.0,0.0013469771349361912
2662,frozen,46,4,5,1,1,1.0,1.0,0,nan,nan,nan,0.0,0.0013469771349361912
2663,frozen,46,3,6,1,0,-1.0,-1.0,1,1,0,0,0.0,0.0013469771349361912
2664,frozen,46,3,3,0,1,1.0,1.0,0,nan,nan,nan,0.0,0.0013469771349361912
2665,frozen,46,5,4,1,1,1.0,1.0,0,nan,nan,nan,0.0,0.0013469771349361912
2666,frozen,46,3,3,0,1,1.0,1.0,0,nan,nan,nan,0.0,0.0013469771349361912
2667,frozen,46,0,4,1,0,-1.0,-1.0,1,3,0,1,0.0,0.0013469771349361912
2668,frozen,46,4,5,1,1,1.0,1.0,0,nan,nan,nan,0.0,0.0013469771349361912
2669,frozen,46,3,6,1,0,-1.0,-1.0,1,1,0,0,0.0,0.0013469771349361912
2670,frozen,46,7,3,0,0,-1.0,-1.0,1,0,1,0,0.0,0.0013469771349361912
2671,frozen,46,1,5,1,0,-1.0,-1.0,1,0,1,0,0.0,0.0013469771349361912
2672,frozen,46,2,5,1,0,-1.0,-1.0,1,0,1,0,0.0,0.0013469771349361912
2673,frozen,46,1,5,1,0,-1.0,-1.0,1,0,1,0,0.0,0.0013469771349361912
2674,frozen,46,8,5,1,0,-1.0,-1.0,1,0,1,0,0.0,0.0013469771349361912
2675,frozen,46,8,3,0,0,-1.0,-1.0,1,0,1,0,0.0,0.0013469771349361912
2676,frozen,46,5,5,1,1,1.0,1.0,0,nan,nan,nan,0.0,0.0013469771349361912
2677,frozen,46,8,4,0,0,-1.0,-1.0,1,1,0,0,0.0,0.0013469771349361912
2678,frozen,46,3,5,1,0,-1.0,-1.0,1,0,1,0,0.0,0.0013469771349361912
2679,frozen,46,2,5,1,0,-1.0,-1.0,1,0,1,0,0.0,0.0013469771349361912
2680,frozen,46,0,3,0,0,-1.0,-1.0,1,0,1,0,0.0,0.0013469771349361912
2681,frozen,46,0,5,1,0,-1.0,-1.0,1,0,1,0,0.0,0.0013469771349361912
2682,frozen,46,5,3,0,0,-1.0,-1.0,1,0,1,0,0.0,0.0013469771349361912
2683,frozen,46,7,3,0,0,-1.0,-1.0,1,0,1,0,0.0,0.0013469771349361912
2684,frozen,46,2,5,1,0,-1.0,-1.0,1,0,1,0,0.0,0.0013469771349361912
2685,frozen,46,1,5,1,0,-1.0,-1.0,1,0,1,0,0.0,0.0013469771349361912
2686,frozen,46,1,3,0,0,-1.0,-1.0,1,0,1,0,0.0,0.0013469771349361912
2687,frozen,46,1,5,1,0,-1.0,-1.0,1,0,1,0,0.0,0.0013469771349361912
2688,frozen,46,7,3,0,0,-1.0,-1.0,1,0,1,0,0.0,0.0013469771349361912
2689,frozen,46,7,3,0,0,-1.0,-1.0,1,0,1,0,0.0,0.0013469771349361912
2690,frozen,46,7,3,0,0,-1.0,-1.0,1,0,1,0,0.0,0.0013469771349361912
2691,frozen,46,1,5,1,0,-1.0,-1.0,1,0,1,0,0.0,0.0013469771349361912
2692,frozen,46,0,3,0,0,-1.0,-1.0,1,0,1,0,0.0,0.0013469771349361912
2693,frozen,46,7,3,0,0,-1.0,-1.0,1,0,1,0,0.0,0.0013469771349361912
2694,frozen,46,5,3,0,0,-1.0,-1.0,1,0,1,0,0.0,0.0013469771349361912
2695,frozen,46,1,3,0,0,-1.0,-1.0,1,0,1,0,0.0,0.0013469771349361912
2696,frozen,46,8,5,1,0,-1.0,-1.0,1,0,1,0,0.0,0.0013469771349361912
2697,frozen,46,3,5,1,0,-1.0,-1.0,1,0,1,0,0.0,0.0013469771349361912
2698,frozen,46,1,5,1,0,-1.0,-1.0,1,0,1,0,0.0,0.0013469771349361912
2699,frozen,46,4,5,1,1,1.0,1.0,0,nan,nan,nan,0.0,0.0013469771349361912
2700,frozen,46,8,4,0,0,-1.0,-1.0,1,1,0,0,0.0,0.0013469771349361912
2701,frozen,46,6,5,1,1,1.0,1.0,0,nan,nan,nan,0.0,0.0013469771349361912
2702,frozen,46,3,6,1,0,-1.0,-1.0,1,1,0,0,0.0,0.0013469771349361912
2703,frozen,46,1,3,0,0,-1.0,-1.0,1,0,1,0,0.0,0.0013469771349361912
2704,frozen,46,4,5,1,1,1.0,1.0,0,nan,nan,nan,0.0,0.0013469771349361912
2705,frozen,46,5,6,1,1,1.0,1.0,0,nan,nan,nan,0.0,0.0013469771349361912
2706,frozen,46,3,5,0,0,-1.0,-1.0,1,2,0,0,0.0,0.0013469771349361912
2707,frozen,46,3,5,1,0,-1.0,-1.0,1,0,1,0,0.0,0.0013469771349361912
2708,frozen,46,8,3,0,0,-1.0,-1.0,1,0,1,0,0.0,0.0013469771349361912
2709,frozen,46,3,3,0,1,1.0,1.0,0,nan,nan,nan,0.0,0.0013469771349361912
2710,frozen,46,8,2,0,0,-1.0,-1.0,1,1,0,0,0.0,0.0013469771349361912
2711,frozen,46,3,3,0,1,1.0,1.0,0,nan,nan,nan,0.0,0.0013469771349361912
2712,frozen,46,3,4,1,1,1.0,1.0,0,nan,nan,nan,0.0,0.0013469771349361912
2713,frozen,46,7,5,1,0,-1.0,-1.0,1,2,0,0,0.0,0.0013469771349361912
2714,frozen,46,8,3,0,0,-1.0,-1.0,1,0,1,0,0.0,0.0013469771349361912
2715,frozen,46,8,3,0,0,-1.0,-1.0,1,0,1,0,0.0,0.0013469771349361912
2716,frozen,46,3,3,0,1,1.0,1.0,0,nan,nan,nan,0.0,0.0013469771349361912
2717,frozen,46,1,4,1,0,-1.0,-1.0,1,1,0,0,0.0,0.0013469771349361912
2718,frozen,46,2,5,1,0,-1.0,-1.0,1,0,1,0,0.0,0.0013469771349361912
2719,frozen,46,4,5,1,1,1.0,1.0,0,nan,nan,nan,0.0,0.0013469771349361912
2720,frozen,46,8,4,0,0,-1.0,-1.0,1,1,0,0,0.0,0.0013469771349361912
2721,frozen,46,2,5,1,0,-1.0,-1.0,1,0,1,0,0.0,0.0013469771349361912
2722,frozen,46,4,5,1,1,1.0,1.0,0,nan,nan,nan,0.0,0.0013469771349361912
2723,frozen,46,7,6,1,1,1.0,1.0,0,nan,nan,nan,0.0,0.0013469771349361912
2724,frozen,46,3,5,0,0,-1.0,-1.0,1,2,0,0,0.0,0.0013469771349361912
2725,frozen,46,1,3,0,0,-1.0,-1.0,1,0,1,0,0.0,0.0013469771349361912
2726,frozen,46,0,5,1,0,-1.0,-1.0,1,0,1,0,0.0,0.0013469771349361912
2727,frozen,46,6,3,0,0,-1.0,-1.0,1,0,1,0,0.0,0.0013469771349361912
2728,frozen,46,0,5,1,0,-1.0,-1.0,1,0,1,0,0.0,0.0013469771349361912
2729,frozen,46,2,5,1,0,-1.0,-1.0,1,0,1,0,0.0,0.0013469771349361912
2730,frozen,46,5,5,1,1,1.0,1.0,0,nan,nan,nan,0.0,0.0013469771349361912
2731,frozen,46,8,4,0,0,-1.0,-1.0,1,1,0,0,0.0,0.0013469771349361912
2732,frozen,46,4,5,1,1,1.0,1.0,0,nan,nan,nan,0.0,0.0013469771349361912
2733,frozen,46,3,6,1,0,-1.0,-1.0,1,1,0,0,0.0,0.0013469771349361912
2734,frozen,46,1,3,0,0,-1.0,-1.0,1,0,1,0,0.0,0.0013469771349361912
2735,frozen,46,0,3,0,0,-1.0,-1.0,1,0,1,0,0.0,0.0013469771349361912
2736,frozen,46,6,5,1,1,1.0,1.0,0,nan,nan,nan,0.0,0.0013469771349361912
2737,frozen,46,2,6,1,0,-1.0,-1.0,1,1,0,0,0.0,0.0013469771349361912
2738,frozen,46,2,5,1,0,-1.0,-1.0,1,0,1,0,0.0,0.0013469771349361912
2739,frozen,46,1,3,0,0,-1.0,-1.0,1,0,1,0,0.0,0.0013469771349361912
2740,frozen,46,7,3,0,0,-1.0,-1.0,1,0,1,0,0.0,0.0013469771349361912
2741,frozen,46,1,5,1,0,-1.0,-1.0,1,0,1,0,0.0,0.0013469771349361912
2742,frozen,46,1,3,0,0,-1.0,-1.0,1,0,1,0,0.0,0.0013469771349361912
2743,frozen,46,3,3,0,1,1.0,1.0,0,nan,nan,nan,0.0,0.0013469771349361912
2744,frozen,46,1,4,1,0,-1.0,-1.0,1,1,0,0,0.0,0.0013469771349361912
2745,frozen,46,5,5,1,1,1.0,1.0,0,nan,nan,nan,0.0,0.0013469771349361912
2746,frozen,46,5,6,1,1,1.0,1.0,0,nan,nan,nan,0.0,0.0013469771349361912
2747,frozen,46,2,5,0,0,-1.0,-1.0,1,2,0,0,0.0,0.0013469771349361912
2748,frozen,46,4,5,1,1,1.0,1.0,0,nan,nan,nan,0.0,0.0013469771349361912
2749,frozen,46,4,4,0,1,1.0,1.0,0,nan,nan,nan,0.0,0.0013469771349361912
2750,frozen,46,3,3,0,1,1.0,1.0,0,nan,nan,nan,0.0,0.0013469771349361912
2751,frozen,46,8,2,0,0,-1.0,-1.0,1,3,0,1,0.0,0.0013469771349361912
2752,frozen,46,0,3,0,0,-1.0,-1.0,1,0,1,0,0.0,0.0013469771349361912
2753,frozen,46,6,3,0,0,-1.0,-1.0,1,0,1,0,0.0,0.0013469771349361912
2754,frozen,46,5,5,1,1,1.0,1.0,0,nan,nan,nan,0.0,0.0013469771349361912
2755,frozen,46,6,6,1,1,1.0,1.0,0,nan,nan,nan,0.0,0.0013469771349361912
2756,frozen,46,7,7,1,1,1.0,1.0,0,nan,nan,nan,0.0,0.0013469771349361912
2757,frozen,46,8,8,1,1,1.0,1.0,0,nan,nan,nan,0.0,0.0013469771349361912
2758,frozen,46,0,7,0,0,-1.0,-1.0,1,4,0,1,0.0,0.0013469771349361912
2759,frozen,46,5,5,1,1,1.0,1.0,0,nan,nan,nan,0.0,0.0013469771349361912
2760,frozen,46,7,4,0,0,-1.0,-1.0,1,1,0,0,0.0,0.0013469771349361912
2761,frozen,46,7,3,0,0,-1.0,-1.0,1,0,1,0,0.0,0.0013469771349361912
2762,frozen,46,2,5,1,0,-1.0,-1.0,1,0,1,0,0.0,0.0013469771349361912
2763,frozen,46,7,5,1,0,-1.0,-1.0,1,0,1,0,0.0,0.0013469771349361912
2764,frozen,46,3,3,0,1,1.0,1.0,0,nan,nan,nan,0.0,0.0013469771349361912
2765,frozen,46,5,2,0,0,-1.0,-1.0,1,1,0,0,0.0,0.0013469771349361912
2766,frozen,46,2,5,1,0,-1.0,-1.0,1,0,1,0,0.0,0.0013469771349361912
2767,frozen,46,1,3,0,0,-1.0,-1.0,1,0,1,0,0.0,0.0013469771349361912
2768,frozen,46,5,3,0,0,-1.0,-1.0,1,0,1,0,0.0,0.0013469771349361912
2769,frozen,46,0,3,0,0,-1.0,-1.0,1,0,1,0,0.0,0.0013469771349361912
2770,frozen,46,3,5,1,0,-1.0,-1.0,1,0,1,0,0.0,0.0013469771349361912
2771,frozen,46,8,3,0,0,-1.0,-1.0,1,0,1,0,0.0,0.0013469771349361912
2772,frozen,46,6,5,1,1,1.0,1.0,0,nan,nan,nan,0.0,0.0013469771349361912
2773,frozen,46,3,6,1,0,-1.0,-1.0,1,1,0,0,0.0,0.0013469771349361912
2774,frozen,46,3,5,1,0,-1.0,-1.0,1,0,1,0,0.0,0.0013469771349361912
2775,frozen,46,6,3,0,0,-1.0,-1.0,1,0,1,0,0.0,0.0013469771349361912
2776,frozen,46,6,5,1,1,1.0,1.0,0,nan,nan,nan,0.0,0.0013469771349361912
2777,frozen,46,4,6,1,0,-1.0,-1.0,1,1,0,0,0.0,0.0013469771349361912
2778,frozen,46,6,5,1,1,1.0,1.0,0,nan,nan,nan,0.0,0.0013469771349361912
2779,frozen,46,5,6,1,1,1.0,1.0,0,nan,nan,nan,0.0,0.0013469771349361912
2780,frozen,46,3,7,1,0,-1.0,-1.0,1,2,0,0,0.0,0.0013469771349361912
2781,frozen,46,3,3,0,1,1.0,1.0,0,nan,nan,nan,0.0,0.0013469771349361912
2782,frozen,46,3,4,1,1,1.0,1.0,0,nan,nan,nan,0.0,0.0013469771349361912
2783,frozen,46,4,5,1,1,1.0,1.0,0,nan,nan,nan,0.0,0.0013469771349361912
2784,frozen,46,1,6,1,0,-1.0,-1.0,1,3,0,1,0.0,0.0013469771349361912
2785,frozen,46,0,3,0,0,-1.0,-1.0,1,0,1,0,0.0,0.0013469771349361912
2786,frozen,46,0,3,0,0,-1.0,-1.0,1,0,1,0,0.0,0.0013469771349361912
2787,frozen,46,2,5,1,0,-1.0,-1.0,1,0,1,0,0.0,0.0013469771349361912
2788,frozen,46,2,5,1,0,-1.0,-1.0,1,0,1,0,0.0,0.0013469771349361912
2789,frozen,46,8,3,0,0,-1.0,-1.0,1,0,1,0,0.0,0.0013469771349361912
2790,frozen,46,4,5,1,1,1.0,1.0,0,nan,nan,nan,0.0,0.0013469771349361912
2791,frozen,46,5,6,1,1,1.0,1.0,0,nan,nan,nan,0.0,0.0013469771349361912
2792,frozen,46,8,5,0,0,-1.0,-1.0,1,2,0,0,0.0,0.0013469771349361912
2793,frozen,46,3,5,1,0,-1.0,-1.0,1,0,1,0,0.0,0.0013469771349361912
2794,frozen,46,8,5,1,0,-1.0,-1.0,1,0,1,0,0.0,0.0013469771349361912
2795,frozen,46,6,3,0,0,-1.0,-1.0,1,0,1,0,0.0,0.0013469771349361912
2796,frozen,46,3,3,0,1,1.0,1.0,0,nan,nan,nan,0.0,0.0013469771349361912
2797,frozen,46,6,2,0,0,-1.0,-1.0,1,1,0,0,0.0,0.0013469771349361912
2798,frozen,46,4,5,1,1,1.0,1.0,0,nan,nan,nan,0.0,0.0013469771349361912
2799,frozen,46,5,6,1,1,1.0,1.0,0,nan,nan,nan,0.0,0.0013469771349361912
2800,frozen,46,8,7,1,1,1.0,1.0,0,nan,nan,nan,0.0,0.0013469771349361912
2801,frozen,46,8,8,1,1,1.0,1.0,0,nan,nan,nan,0.0,0.0013469771349361912
2802,frozen,46,0,8,1,0,-1.0,-1.0,1,4,0,1,0.0,0.0013469771349361912
2803,frozen,46,1,3,0,0,-1.0,-1.0,1,0,1,0,0.0,0.0013469771349361912
2804,frozen,46,2,5,1,0,-1.0,-1.0,1,0,1,0,0.0,0.0013469771349361912
2805,frozen,46,8,5,1,0,-1.0,-1.0,1,0,1,0,0.0,0.0013469771349361912
2806,frozen,46,6,3,0,0,-1.0,-1.0,1,0,1,0,0.0,0.0013469771349361912
2807,frozen,46,4,5,1,1,1.0,1.0,0,nan,nan,nan,0.0,0.0013469771349361912
2808,frozen,46,1,4,0,0,-1.0,-1.0,1,1,0,0,0.0,0.0013469771349361912
2809,frozen,46,7,3,0,0,-1.0,-1.0,1,0,1,0,0.0,0.0013469771349361912
2810,frozen,46,3,3,0,1,1.0,1.0,0,nan,nan,nan,0.0,0.0013469771349361912
2811,frozen,46,6,2,0,0,-1.0,-1.0,1,1,0,0,0.0,0.0013469771349361912
2812,frozen,46,3,3,0,1,1.0,1.0,0,nan,nan,nan,0.0,0.0013469771349361912
2813,frozen,46,1,4,1,0,-1.0,-1.0,1,1,0,0,0.0,0.0013469771349361912
2814,frozen,46,4,5,1,1,1.0,1.0,0,nan,nan,nan,0.0,0.0013469771349361912
2815,frozen,46,4,6,1,0,-1.0,-1.0,1,1,0,0,0.0,0.0013469771349361912
2816,frozen,46,5,5,1,1,1.0,1.0,0,nan,nan,nan,0.0,0.0013469771349361912
2817,frozen,46,2,4,0,0,-1.0,-1.0,1,1,0,0,0.0,0.0013469771349361912
2818,frozen,46,8,3,0,0,-1.0,-1.0,1,0,1,0,0.0,0.0013469771349361912
2819,frozen,46,1,5,1,0,-1.0,-1.0,1,0,1,0,0.0,0.0013469771349361912
2820,frozen,46,7,3,0,0,-1.0,-1.0,1,0,1,0,0.0,0.0013469771349361912
2821,frozen,46,5,3,0,0,-1.0,-1.0,1,0,1,0,0.0,0.0013469771349361912
2822,frozen,46,4,5,1,1,1.0,1.0,0,nan,nan,nan,0.0,0.0013469771349361912
2823,frozen,46,4,4,0,1,1.0,1.0,0,nan,nan,nan,0.0,0.0013469771349361912
2824,frozen,46,5,5,1,1,1.0,1.0,0,nan,nan,nan,0.0,0.0013469771349361912
2825,frozen,46,4,4,0,1,1.0,1.0,0,nan,nan,nan,0.0,0.0013469771349361912
2826,frozen,46,2,5,1,0,-1.0,-1.0,1,4,0,1,0.0,0.0013469771349361912
2827,frozen,46,3,5,1,0,-1.0,-1.0,1,0,1,0,0.0,0.0013469771349361912
2828,frozen,46,3,5,1,0,-1.0,-1.0,1,0,1,0,0.0,0.0013469771349361912
2829,frozen,46,5,3,0,0,-1.0,-1.0,1,0,1,0,0.0,0.0013469771349361912
2830,frozen,46,7,3,0,0,-1.0,-1.0,1,0,1,0,0.0,0.0013469771349361912
2831,frozen,46,6,5,1,1,1.0,1.0,0,nan,nan,nan,0.0,0.0013469771349361912
2832,frozen,46,7,4,0,0,-1.0,-1.0,1,1,0,0,0.0,0.0013469771349361912
2833,frozen,46,4,5,1,1,1.0,1.0,0,nan,nan,nan,0.0,0.0013469771349361912
2834,frozen,46,7,6,1,1,1.0,1.0,0,nan,nan,nan,0.0,0.0013469771349361912
2835,frozen,46,1,5,0,0,-1.0,-1.0,1,2,0,0,0.0,0.0013469771349361912
2836,frozen,46,4,5,1,1,1.0,1.0,0,nan,nan,nan,0.0,0.0013469771349361912
2837,frozen,46,3,6,1,0,-1.0,-1.0,1,1,0,0,0.0,0.0013469771349361912
2838,frozen,46,2,5,1,0,-1.0,-1.0,1,0,1,0,0.0,0.0013469771349361912
2839,frozen,46,1,5,1,0,-1.0,-1.0,1,0,1,0,0.0,0.0013469771349361912
2840,frozen,46,1,3,0,0,-1.0,-1.0,1,0,1,0,0.0,0.0013469771349361912
2841,frozen,46,8,5,1,0,-1.0,-1.0,1,0,1,0,0.0,0.0013469771349361912
2842,frozen,46,2,3,0,1,1.0,1.0,0,nan,nan,nan,0.0,0.0013469771349361912
2843,frozen,46,1,4,1,0,-1.0,-1.0,1,1,0,0,0.0,0.0013469771349361912
2844,frozen,46,2,5,1,0,-1.0,-1.0,1,0,1,0,0.0,0.0013469771349361912
2845,frozen,46,6,3,0,0,-1.0,-1.0,1,0,1,0,0.0,0.0013469771349361912
2846,frozen,46,5,3,0,0,-1.0,-1.0,1,0,1,0,0.0,0.0013469771349361912
2847,frozen,46,4,5,1,1,1.0,1.0,0,nan,nan,nan,0.0,0.0013469771349361912
2848,frozen,46,1,4,0,0,-1.0,-1.0,1,1,0,0,0.0,0.0013469771349361912
2849,frozen,46,7,3,0,0,-1.0,-1.0,1,0,1,0,0.0,0.0013469771349361912
2850,frozen,46,8,5,1,0,-1.0,-1.0,1,0,1,0,0.0,0.0013469771349361912
2851,frozen,46,7,3,0,0,-1.0,-1.0,1,0,1,0,0.0,0.0013469771349361912
2852,frozen,46,5,3,0,0,-1.0,-1.0,1,0,1,0,0.0,0.0013469771349361912
2853,frozen,46,5,3,0,0,-1.0,-1.0,1,0,1,0,0.0,0.0013469771349361912
2854,frozen,46,7,3,0,0,-1.0,-1.0,1,0,1,0,0.0,0.0013469771349361912
2855,frozen,46,3,3,0,1,1.0,1.0,0,nan,nan,nan,0.0,0.0013469771349361912
2856,frozen,46,4,2,0,0,-1.0,-1.0,1,1,0,0,0.0,0.0013469771349361912
2857,frozen,46,5,3,0,0,-1.0,-1.0,1,0,1,0,0.0,0.0013469771349361912
2858,frozen,46,6,3,0,0,-1.0,-1.0,1,0,1,0,0.0,0.0013469771349361912
2859,frozen,46,0,5,1,0,-1.0,-1.0,1,0,1,0,0.0,0.0013469771349361912
2860,frozen,46,1,3,0,0,-1.0,-1.0,1,0,1,0,0.0,0.0013469771349361912
2861,frozen,46,6,5,1,1,1.0,1.0,0,nan,nan,nan,0.0,0.0013469771349361912
2862,frozen,46,6,4,0,0,-1.0,-1.0,1,1,0,0,0.0,0.0013469771349361912
2863,frozen,46,8,5,1,0,-1.0,-1.0,1,0,1,0,0.0,0.0013469771349361912
2864,frozen,46,2,5,1,0,-1.0,-1.0,1,0,1,0,0.0,0.0013469771349361912
2865,frozen,46,0,5,1,0,-1.0,-1.0,1,0,1,0,0.0,0.0013469771349361912
2866,frozen,46,5,5,1,1,1.0,1.0,0,nan,nan,nan,0.0,0.0013469771349361912
2867,frozen,46,2,4,0,0,-1.0,-1.0,1,1,0,0,0.0,0.0013469771349361912
2868,frozen,46,0,3,0,0,-1.0,-1.0,1,0,1,0,0.0,0.0013469771349361912
2869,frozen,46,2,5,1,0,-1.0,-1.0,1,0,1,0,0.0,0.0013469771349361912
2870,frozen,46,8,5,1,0,-1.0,-1.0,1,0,1,0,0.0,0.0013469771349361912
2871,frozen,46,4,5,1,1,1.0,1.0,0,nan,nan,nan,0.0,0.0013469771349361912
2872,frozen,46,3,6,1,0,-1.0,-1.0,1,1,0,0,0.0,0.0013469771349361912
2873,frozen,46,7,3,0,0,-1.0,-1.0,1,0,1,0,0.0,0.0013469771349361912
2874,frozen,46,5,5,1,1,1.0,1.0,0,nan,nan,nan,0.0,0.0013469771349361912
2875,frozen,46,7,4,0,0,-1.0,-1.0,1,1,0,0,0.0,0.0013469771349361912
2876,frozen,46,0,5,1,0,-1.0,-1.0,1,0,1,0,0.0,0.0013469771349361912
2877,frozen,46,7,3,0,0,-1.0,-1.0,1,0,1,0,0.0,0.0013469771349361912
2878,frozen,46,8,5,1,0,-1.0,-1.0,1,0,1,0,0.0,0.0013469771349361912
2879,frozen,46,6,3,0,0,-1.0,-1.0,1,0,1,0,0.0,0.0013469771349361912
2880,frozen,46,4,5,1,1,1.0,1.0,0,nan,nan,nan,0.0,0.0013469771349361912
2881,frozen,46,4,4,0,1,1.0,1.0,0,nan,nan,nan,0.0,0.0013469771349361912
2882,frozen,46,2,5,1,0,-1.0,-1.0,1,2,0,0,0.0,0.0013469771349361912
2883,frozen,46,3,3,0,1,1.0,1.0,0,nan,nan,nan,0.0,0.0013469771349361912
2884,frozen,46,0,2,0,0,-1.0,-1.0,1,1,0,0,0.0,0.0013469771349361912
2885,frozen,46,4,5,1,1,1.0,1.0,0,nan,nan,nan,0.0,0.0013469771349361912
2886,frozen,46,7,4,0,0,-1.0,-1.0,1,1,0,0,0.0,0.0013469771349361912
2887,frozen,46,8,5,1,0,-1.0,-1.0,1,0,1,0,0.0,0.0013469771349361912
2888,frozen,46,5,3,0,0,-1.0,-1.0,1,0,1,0,0.0,0.0013469771349361912
2889,frozen,46,5,5,1,1,1.0,1.0,0,nan,nan,nan,0.0,0.0013469771349361912
2890,frozen,46,2,6,1,0,-1.0,-1.0,1,1,0,0,0.0,0.0013469771349361912
2891,frozen,46,5,5,1,1,1.0,1.0,0,nan,nan,nan,0.0,0.0013469771349361912
2892,frozen,46,7,4,0,0,-1.0,-1.0,1,1,0,0,0.0,0.0013469771349361912
2893,frozen,46,5,5,1,1,1.0,1.0,0,nan,nan,nan,0.0,0.0013469771349361912
2894,frozen,46,6,4,0,0,-1.0,-1.0,1,1,0,0,0.0,0.0013469771349361912
2895,frozen,46,1,3,0,0,-1.0,-1.0,1,0,1,0,0.0,0.0013469771349361912
2896,frozen,46,6,3,0,0,-1.0,-1.0,1,0,1,0,0.0,0.0013469771349361912
2897,frozen,46,4,3,0,1,1.0,1.0,0,nan,nan,nan,0.0,0.0013469771349361912
2898,frozen,46,0,4,1,0,-1.0,-1.0,1,1,0,0,0.0,0.0013469771349361912
2899,frozen,46,6,5,1,1,1.0,1.0,0,nan,nan,nan,0.0,0.0013469771349361912
2900,frozen,46,6,6,1,1,1.0,1.0,0,nan,nan,nan,0.0,0.0013469771349361912
2901,frozen,46,2,7,1,0,-1.0,-1.0,1,2,0,0,0.0,0.0013469771349361912
2902,frozen,46,5,3,0,0,-1.0,-1.0,1,0,1,0,0.0,0.0013469771349361912
2903,frozen,46,2,5,1,0,-1.0,-1.0,1,0,1,0,0.0,0.0013469771349361912
2904,frozen,46,0,3,0,0,-1.0,-1.0,1,0,1,0,0.0,0.0013469771349361912
2905,frozen,46,3,3,0,1,1.0,1.0,0,nan,nan,nan,0.0,0.0013469771349361912
2906,frozen,46,5,2,0,0,-1.0,-1.0,1,1,0,0,0.0,0.0013469771349361912
2907,frozen,46,8,5,1,0,-1.0,-1.0,1,0,1,0,0.0,0.0013469771349361912
2908,frozen,46,0,5,1,0,-1.0,-1.0,1,0,1,0,0.0,0.0013469771349361912
2909,frozen,46,5,3,0,0,-1.0,-1.0,1,0,1,0,0.0,0.0013469771349361912
2910,frozen,46,8,3,0,0,-1.0,-1.0,1,0,1,0,0.0,0.0013469771349361912
2911,frozen,46,0,3,0,0,-1.0,-1.0,1,0,1,0,0.0,0.0013469771349361912
2912,frozen,46,1,3,0,0,-1.0,-1.0,1,0,1,0,0.0,0.0013469771349361912
2913,frozen,46,6,5,1,1,1.0,1.0,0,nan,nan,nan,0.0,0.0013469771349361912
2914,frozen,46,1,6,1,0,-1.0,-1.0,1,1,0,0,0.0,0.0013469771349361912
2915,frozen,46,0,5,1,0,-1.0,-1.0,1,0,1,0,0.0,0.0013469771349361912
2916,frozen,46,1,5,1,0,-1.0,-1.0,1,0,1,0,0.0,0.0013469771349361912
2917,frozen,46,7,3,0,0,-1.0,-1.0,1,0,1,0,0.0,0.0013469771349361912
2918,frozen,46,0,5,1,0,-1.0,-1.0,1,0,1,0,0.0,0.0013469771349361912
2919,frozen,46,1,3,0,0,-1.0,-1.0,1,0,1,0,0.0,0.0013469771349361912
2920,frozen,46,2,5,1,0,-1.0,-1.0,1,0,1,0,0.0,0.0013469771349361912
2921,frozen,46,4,5,1,1,1.0,1.0,0,nan,nan,nan,0.0,0.0013469771349361912
2922,frozen,46,3,6,1,0,-1.0,-1.0,1,1,0,0,0.0,0.0013469771349361912
2923,frozen,46,6,5,1,1,1.0,1.0,0,nan,nan,nan,0.0,0.0013469771349361912
2924,frozen,46,2,6,1,0,-1.0,-1.0,1,1,0,0,0.0,0.0013469771349361912
2925,frozen,46,0,5,1,0,-1.0,-1.0,1,0,1,0,0.0,0.0013469771349361912
2926,frozen,46,1,5,1,0,-1.0,-1.0,1,0,1,0,0.0,0.0013469771349361912
2927,frozen,46,1,5,1,0,-1.0,-1.0,1,0,1,0,0.0,0.0013469771349361912
2928,frozen,46,3,5,1,0,-1.0,-1.0,1,0,1,0,0.0,0.0013469771349361912
2929,frozen,46,2,5,1,0,-1.0,-1.0,1,0,1,0,0.0,0.0013469771349361912
2930,frozen,46,0,3,0,0,-1.0,-1.0,1,0,1,0,0.0,0.0013469771349361912
2931,frozen,46,7,3,0,0,-1.0,-1.0,1,0,1,0,0.0,0.0013469771349361912
2932,frozen,46,8,5,1,0,-1.0,-1.0,1,0,1,0,0.0,0.0013469771349361912
2933,frozen,46,5,5,1,1,1.0,1.0,0,nan,nan,nan,0.0,0.0013469771349361912
2934,frozen,46,8,4,0,0,-1.0,-1.0,1,1,0,0,0.0,0.0013469771349361912
2935,frozen,46,1,5,1,0,-1.0,-1.0,1,0,1,0,0.0,0.0013469771349361912
2936,frozen,46,0,3,0,0,-1.0,-1.0,1,0,1,0,0.0,0.0013469771349361912
2937,frozen,46,5,5,1,1,1.0,1.0,0,nan,nan,nan,0.0,0.0013469771349361912
2938,frozen,46,6,6,1,1,1.0,1.0,0,nan,nan,nan,0.0,0.0013469771349361912
2939,frozen,46,1,5,0,0,-1.0,-1.0,1,2,0,0,0.0,0.0013469771349361912
2940,frozen,46,4,5,1,1,1.0,1.0,0,nan,nan,nan,0.0,0.0013469771349361912
2941,frozen,46,2,4,0,0,-1.0,-1.0,1,1,0,0,0.0,0.0013469771349361912
2942,frozen,46,5,3,0,0,-1.0,-1.0,1,0,1,0,0.0,0.0013469771349361912
2943,frozen,46,5,3,0,0,-1.0,-1.0,1,0,1,0,0.0,0.0013469771349361912
2944,frozen,46,5,5,1,1,1.0,1.0,0,nan,nan,nan,0.0,0.0013469771349361912
2945,frozen,46,4,6,1,0,-1.0,-1.0,1,1,0,0,0.0,0.0013469771349361912
2946,frozen,46,6,5,1,1,1.0,1.0,0,nan,nan,nan,0.0,0.0013469771349361912
2947,frozen,46,3,6,1,0,-1.0,-1.0,1,1,0,0,0.0,0.0013469771349361912
2948,frozen,46,6,5,1,1,1.0,1.0,0,nan,nan,nan,0.0,0.0013469771349361912
2949,frozen,46,0,6,1,0,-1.0,-1.0,1,1,0,0,0.0,0.0013469771349361912
2950,frozen,46,2,5,1,0,-1.0,-1.0,1,0,1,0,0.0,0.0013469771349361912
2951,frozen,46,4,5,1,1,1.0,1.0,0,nan,nan,nan,0.0,0.0013469771349361912
2952,frozen,46,7,6,1,1,1.0,1.0,0,nan,nan,nan,0.0,0.0013469771349361912
2953,frozen,46,8,5,0,0,-1.0,-1.0,1,2,0,0,0.0,0.0013469771349361912
2954,frozen,46,8,5,1,0,-1.0,-1.0,1,0,1,0,0.0,0.0013469771349361912
2955,frozen,46,3,3,0,1,1.0,1.0,0,nan,nan,nan,0.0,0.0013469771349361912
2956,frozen,46,5,4,1,1,1.0,1.0,0,nan,nan,nan,0.0,0.0013469771349361912
2957,frozen,46,2,5,1,0,-1.0,-1.0,1,2,0,0,0.0,0.0013469771349361912
2958,frozen,46,7,3,0,0,-1.0,-1.0,1,0,1,0,0.0,0.0013469771349361912
2959,frozen,46,0,3,0,0,-1.0,-1.0,1,0,1,0,0.0,0.0013469771349361912
2960,frozen,46,1,3,0,0,-1.0,-1.0,1,0,1,0,0.0,0.0013469771349361912
2961,frozen,46,7,3,0,0,-1.0,-1.0,1,0,1,0,0.0,0.0013469771349361912
2962,frozen,46,4,5,1,1,1.0,1.0,0,nan,nan,nan,0.0,0.0013469771349361912
2963,frozen,46,2,4,0,0,-1.0,-1.0,1,1,0,0,0.0,0.0013469771349361912
2964,frozen,46,6,5,1,1,1.0,1.0,0,nan,nan,nan,0.0,0.0013469771349361912
2965,frozen,46,7,4,0,0,-1.0,-1.0,1,1,0,0,0.0,0.0013469771349361912
2966,frozen,46,8,5,1,0,-1.0,-1.0,1,0,1,0,0.0,0.0013469771349361912
2967,frozen,46,2,5,1,0,-1.0,-1.0,1,0,1,0,0.0,0.0013469771349361912
2968,frozen,46,3,5,1,0,-1.0,-1.0,1,0,1,0,0.0,0.0013469771349361912
2969,frozen,46,3,3,0,1,1.0,1.0,0,nan,nan,nan,0.0,0.0013469771349361912
2970,frozen,46,3,4,1,1,1.0,1.0,0,nan,nan,nan,0.0,0.0013469771349361912
2971,frozen,46,4,5,1,1,1.0,1.0,0,nan,nan,nan,0.0,0.0013469771349361912
2972,frozen,46,2,6,1,0,-1.0,-1.0,1,3,0,1,0.0,0.0013469771349361912
2973,frozen,46,8,3,0,0,-1.0,-1.0,1,0,1,0,0.0,0.0013469771349361912
2974,frozen,46,3,3,0,1,1.0,1.0,0,nan,nan,nan,0.0,0.0013469771349361912
2975,frozen,46,4,2,0,0,-1.0,-1.0,1,1,0,0,0.0,0.0013469771349361912
2976,frozen,46,3,5,1,0,-1.0,-1.0,1,0,1,0,0.0,0.0013469771349361912
2977,frozen,46,6,5,1,1,1.0,1.0,0,nan,nan,nan,0.0,0.0013469771349361912
2978,frozen,46,5,6,1,1,1.0,1.0,0,nan,nan,nan,0.0,0.0013469771349361912
2979,frozen,46,1,5,0,0,-1.0,-1.0,1,2,0,0,0.0,0.0013469771349361912
2980,frozen,46,0,3,0,0,-1.0,-1.0,1,0,1,0,0.0,0.0013469771349361912
2981,frozen,46,6,3,0,0,-1.0,-1.0,1,0,1,0,0.0,0.0013469771349361912
2982,frozen,46,4,5,1,1,1.0,1.0,0,nan,nan,nan,0.0,0.0013469771349361912
2983,frozen,46,1,4,0,0,-1.0,-1.0,1,1,0,0,0.0,0.0013469771349361912
2984,frozen,46,0,3,0,0,-1.0,-1.0,1,0,1,0,0.0,0.0013469771349361912
2985,frozen,46,3,3,0,1,1.0,1.0,0,nan,nan,nan,0.0,0.0013469771349361912
2986,frozen,46,5,2,0,0,-1.0,-1.0,1,1,0,0,0.0,0.0013469771349361912
2987,frozen,46,8,3,0,0,-1.0,-1.0,1,0,1,0,0.0,0.0013469771349361912
2988,frozen,46,2,5,1,0,-1.0,-1.0,1,0,1,0,0.0,0.0013469771349361912
2989,frozen,46,0,5,1,0,-1.0,-1.0,1,0,1,0,0.0,0.0013469771349361912
2990,frozen,46,3,5,1,0,-1.0,-1.0,1,0,1,0,0.0,0.0013469771349361912
2991,frozen,46,7,5,1,0,-1.0,-1.0,1,0,1,0,0.0,0.0013469771349361912
2992,frozen,46,6,3,0,0,-1.0,-1.0,1,0,1,0,0.0,0.0013469771349361912
2993,frozen,46,4,5,1,1,1.0,1.0,0,nan,nan,nan,0.0,0.0013469771349361912
2994,frozen,46,5,6,1,1,1.0,1.0,0,nan,nan,nan,0.0,0.0013469771349361912
2995,frozen,46,6,7,1,1,1.0,1.0,0,nan,nan,nan,0.0,0.0013469771349361912
2996,frozen,46,1,8,1,0,-1.0,-1.0,1,3,0,1,0.0,0.0013469771349361912
2997,frozen,46,7,5,1,0,-1.0,-1.0,1,0,1,0,0.0,0.0013469771349361912
2998,frozen,46,3,5,1,0,-1.0,-1.0,1,0,1,0,0.0,0.0013469771349361912
2999,frozen,46,5,5,1,1,1.0,1.0,0,nan,nan,nan,0.0,0.0013469771349361912
3000,frozen,46,4,6,1,0,-1.0,-1.0,1,1,0,0,0.0,0.0013469771349361912
