trial,condition,seed,ball,paddle,action,hit,natural_reward,reward_used,rally_ended,completed_rally_length,ace,long_rally,mean_abs_weight_change,mean_weight
1,no_feedback,51,3,5,1,0,-1.0,0.0,1,0,1,0,0.0,-0.005004473950153852
2,no_feedback,51,8,3,0,0,-1.0,0.0,1,0,1,0,0.0,-0.005004473950153852
3,no_feedback,51,8,5,1,0,-1.0,0.0,1,0,1,0,0.0,-0.005004473950153852
4,no_feedback,51,2,3,0,1,1.0,0.0,0,nan,nan,nan,0.0,-0.005004473950153852
5,no_feedback,51,3,4,1,1,1.0,0.0,0,nan,nan,nan,0.0,-0.005004473950153852
6,no_feedback,51,2,5,1,0,-1.0,0.0,1,2,0,0,0.0,-0.005004473950153852
7,no_feedback,51,2,3,0,1,1.0,0.0,0,nan,nan,nan,0.0,-0.005004473950153852
8,no_feedback,51,2,2,0,1,1.0,0.0,0,nan,nan,nan,0.0,-0.005004473950153852
9,no_feedback,51,7,3,1,0,-1.0,0.0,1,2,0,0,0.0,-0.005004473950153852
10,no_feedback,51,7,5,1,0,-1.0,0.0,1,0,1,0,0.0,-0.005004473950153852
11,no_feedback,51,7,5,1,0,-1.0,0.0,1,0,1,0,0.0,-0.005004473950153852
12,no_feedback,51,1,5,1,0,-1.0,0.0,1,0,1,0,0.0,-0.005004473950153852
13,no_feedback,51,3,3,0,1,1.0,0.0,0,nan,nan,nan,0.0,-0.005004473950153852
14,no_feedback,51,7,4,1,0,-1.0,0.0,1,1,0,0,0.0,-0.005004473950153852
15,no_feedback,51,3,3,0,1,1.0,0.0,0,nan,nan,nan,0.0,-0.005004473950153852
16,no_feedback,51,6,4,1,0,-1.0,0.0,1,1,0,0,0.0,-0.005004473950153852
17,no_feedback,51,0,5,1,0,-1.0,0.0,1,0,1,0,0.0,-0.005004473950153852
18,no_feedback,51,3,3,0,1,1.0,0.0,0,nan,nan,nan,0.0,-0.005004473950153852
19,no_feedback,51,1,2,0,1,1.0,0.0,0,nan,nan,nan,0.0,-0.005004473950153852
20,no_feedback,51,4,1,0,0,-1.0,0.0,1,2,0,0,0.0,-0.005004473950153852
21,no_feedback,51,1,5,1,0,-1.0,0.0,1,0,1,0,0.0,-0.005004473950153852
22,no_feedback,51,8,3,0,0,-1.0,0.0,1,0,1,0,0.0,-0.005004473950153852
23,no_feedback,51,4,3,0,1,1.0,0.0,0,nan,nan,nan,0.0,-0.005004473950153852
24,no_feedback,51,7,4,1,0,-1.0,0.0,1,1,0,0,0.0,-0.005004473950153852
25,no_feedback,51,0,5,1,0,-1.0,0.0,1,0,1,0,0.0,-0.005004473950153852
26,no_feedback,51,1,5,1,0,-1.0,0.0,1,0,1,0,0.0,-0.005004473950153852
27,no_feedback,51,7,5,1,0,-1.0,0.0,1,0,1,0,0.0,-0.005004473950153852
28,no_feedback,51,6,3,0,0,-1.0,0.0,1,0,1,0,0.0,-0.005004473950153852
29,no_feedback,51,6,3,0,0,-1.0,0.0,1,0,1,0,0.0,-0.005004473950153852
30,no_feedback,51,3,3,0,1,1.0,0.0,0,nan,nan,nan,0.0,-0.005004473950153852
31,no_feedback,51,3,4,1,1,1.0,0.0,0,nan,nan,nan,0.0,-0.005004473950153852
32,no_feedback,51,8,3,0,0,-1.0,0.0,1,2,0,0,0.0,-0.005004473950153852
33,no_feedback,51,4,5,1,1,1.0,0.0,0,nan,nan,nan,0.0,-0.005004473950153852
34,no_feedback,51,1,6,1,0,-1.0,0.0,1,1,0,0,0.0,-0.005004473950153852
35,no_feedback,51,0,3,0,0,-1.0,0.0,1,0,1,0,0.0,-0.005004473950153852
36,no_feedback,51,3,3,0,1,1.0,0.0,0,nan,nan,nan,0.0,-0.005004473950153852
37,no_feedback,51,7,2,0,0,-1.0,0.0,1,1,0,0,0.0,-0.005004473950153852
38,no_feedback,51,8,3,0,0,-1.0,0.0,1,0,1,0,0.0,-0.005004473950153852
39,no_feedback,51,8,5,1,0,-1.0,0.0,1,0,1,0,0.0,-0.005004473950153852
40,no_feedback,51,5,5,1,1,1.0,0.0,0,nan,nan,nan,0.0,-0.005004473950153852
41,no_feedback,51,4,4,0,1,1.0,0.0,0,nan,nan,nan,0.0,-0.005004473950153852
42,no_feedback,51,6,5,1,1,1.0,0.0,0,nan,nan,nan,0.0,-0.005004473950153852
43,no_feedback,51,3,4,0,1,1.0,0.0,0,nan,nan,nan,0.0,-0.005004473950153852
44,no_feedback,51,5,5,1,1,1.0,0.0,0,nan,nan,nan,0.0,-0.005004473950153852
45,no_feedback,51,4,4,0,1,1.0,0.0,0,nan,nan,nan,0.0,-0.005004473950153852
46,no_feedback,51,2,3,0,1,1.0,0.0,0,nan,nan,nan,0.0,-0.005004473950153852
47,no_feedback,51,2,4,1,0,-1.0,0.0,1,7,0,1,0.0,-0.005004473950153852
48,no_feedback,51,0,3,0,0,-1.0,0.0,1,0,1,0,0.0,-0.005004473950153852
49,no_feedback,51,8,3,0,0,-1.0,0.0,1,0,1,0,0.0,-0.005004473950153852
50,no_feedback,51,0,3,0,0,-1.0,0.0,1,0,1,0,0.0,-0.005004473950153852
51,no_feedback,51,4,5,1,1,1.0,0.0,0,nan,nan,nan,0.0,-0.005004473950153852
52,no_feedback,51,3,4,0,1,1.0,0.0,0,nan,nan,nan,0.0,-0.005004473950153852
53,no_feedback,51,5,5,1,1,1.0,0.0,0,nan,nan,nan,0.0,-0.005004473950153852
54,no_feedback,51,0,4,0,0,-1.0,0.0,1,3,0,1,0.0,-0.005004473950153852
55,no_feedback,51,0,3,0,0,-1.0,0.0,1,0,1,0,0.0,-0.005004473950153852
56,no_feedback,51,1,5,1,0,-1.0,0.0,1,0,1,0,0.0,-0.005004473950153852
57,no_feedback,51,3,3,0,1,1.0,0.0,0,nan,nan,nan,0.0,-0.005004473950153852
58,no_feedback,51,4,4,1,1,1.0,0.0,0,nan,nan,nan,0.0,-0.005004473950153852
59,no_feedback,51,2,5,1,0,-1.0,0.0,1,2,0,0,0.0,-0.005004473950153852
60,no_feedback,51,3,3,0,1,1.0,0.0,0,nan,nan,nan,0.0,-0.005004473950153852
61,no_feedback,51,6,4,1,0,-1.0,0.0,1,1,0,0,0.0,-0.005004473950153852
62,no_feedback,51,5,5,1,1,1.0,0.0,0,nan,nan,nan,0.0,-0.005004473950153852
63,no_feedback,51,2,6,1,0,-1.0,0.0,1,1,0,0,0.0,-0.005004473950153852
64,no_feedback,51,3,3,0,1,1.0,0.0,0,nan,nan,nan,0.0,-0.005004473950153852
65,no_feedback,51,1,4,1,0,-1.0,0.0,1,1,0,0,0.0,-0.005004473950153852
66,no_feedback,51,5,5,1,1,1.0,0.0,0,nan,nan,nan,0.0,-0.005004473950153852
67,no_feedback,51,1,6,1,0,-1.0,0.0,1,1,0,0,0.0,-0.005004473950153852
68,no_feedback,51,5,5,1,1,1.0,0.0,0,nan,nan,nan,0.0,-0.005004473950153852
69,no_feedback,51,6,6,1,1,1.0,0.0,0,nan,nan,nan,0.0,-0.005004473950153852
70,no_feedback,51,7,7,1,1,1.0,0.0,0,nan,nan,nan,0.0,-0.005004473950153852
71,no_feedback,51,4,8,1,0,-1.0,0.0,1,3,0,1,0.0,-0.005004473950153852
72,no_feedback,51,0,3,0,0,-1.0,0.0,1,0,1,0,0.0,-0.005004473950153852
73,no_feedback,51,8,3,0,0,-1.0,0.0,1,0,1,0,0.0,-0.005004473950153852
74,no_feedback,51,6,5,1,1,1.0,0.0,0,nan,nan,nan,0.0,-0.005004473950153852
75,no_feedback,51,4,4,0,1,1.0,0.0,0,nan,nan,nan,0.0,-0.005004473950153852
76,no_feedback,51,3,3,0,1,1.0,0.0,0,nan,nan,nan,0.0,-0.005004473950153852
77,no_feedback,51,1,4,1,0,-1.0,0.0,1,3,0,1,0.0,-0.005004473950153852
78,no_feedback,51,2,3,0,1,1.0,0.0,0,nan,nan,nan,0.0,-0.005004473950153852
79,no_feedback,51,0,4,1,0,-1.0,0.0,1,1,0,0,0.0,-0.005004473950153852
80,no_feedback,51,1,5,1,0,-1.0,0.0,1,0,1,0,0.0,-0.005004473950153852
81,no_feedback,51,3,3,0,1,1.0,0.0,0,nan,nan,nan,0.0,-0.005004473950153852
82,no_feedback,51,4,4,1,1,1.0,0.0,0,nan,nan,nan,0.0,-0.005004473950153852
83,no_feedback,51,2,5,1,0,-1.0,0.0,1,2,0,0,0.0,-0.005004473950153852
84,no_feedback,51,6,3,0,0,-1.0,0.0,1,0,1,0,0.0,-0.005004473950153852
85,no_feedback,51,4,5,1,1,1.0,0.0,0,nan,nan,nan,0.0,-0.005004473950153852
86,no_feedback,51,8,6,1,0,-1.0,0.0,1,1,0,0,0.0,-0.005004473950153852
87,no_feedback,51,4,5,1,1,1.0,0.0,0,nan,nan,nan,0.0,-0.005004473950153852
88,no_feedback,51,2,6,1,0,-1.0,0.0,1,1,0,0,0.0,-0.005004473950153852
89,no_feedback,51,6,5,1,1,1.0,0.0,0,nan,nan,nan,0.0,-0.005004473950153852
90,no_feedback,51,8,6,1,0,-1.0,0.0,1,1,0,0,0.0,-0.005004473950153852
91,no_feedback,51,7,5,1,0,-1.0,0.0,1,0,1,0,0.0,-0.005004473950153852
92,no_feedback,51,4,5,1,1,1.0,0.0,0,nan,nan,nan,0.0,-0.005004473950153852
93,no_feedback,51,6,6,1,1,1.0,0.0,0,nan,nan,nan,0.0,-0.005004473950153852
94,no_feedback,51,8,7,1,1,1.0,0.0,0,nan,nan,nan,0.0,-0.005004473950153852
95,no_feedback,51,6,6,0,1,1.0,0.0,0,nan,nan,nan,0.0,-0.005004473950153852
96,no_feedback,51,0,7,1,0,-1.0,0.0,1,4,0,1,0.0,-0.005004473950153852
97,no_feedback,51,7,5,1,0,-1.0,0.0,1,0,1,0,0.0,-0.005004473950153852
98,no_feedback,51,0,3,0,0,-1.0,0.0,1,0,1,0,0.0,-0.005004473950153852
99,no_feedback,51,1,5,1,0,-1.0,0.0,1,0,1,0,0.0,-0.005004473950153852
100,no_feedback,51,3,3,0,1,1.0,0.0,0,nan,nan,nan,0.0,-0.005004473950153852
101,no_feedback,51,7,2,0,0,-1.0,0.0,1,1,0,0,0.0,-0.005004473950153852
102,no_feedback,51,0,3,0,0,-1.0,0.0,1,0,1,0,0.0,-0.005004473950153852
103,no_feedback,51,2,5,1,0,-1.0,0.0,1,0,1,0,0.0,-0.005004473950153852
104,no_feedback,51,2,3,0,1,1.0,0.0,0,nan,nan,nan,0.0,-0.005004473950153852
105,no_feedback,51,7,4,1,0,-1.0,0.0,1,1,0,0,0.0,-0.005004473950153852
106,no_feedback,51,0,3,0,0,-1.0,0.0,1,0,1,0,0.0,-0.005004473950153852
107,no_feedback,51,5,5,1,1,1.0,0.0,0,nan,nan,nan,0.0,-0.005004473950153852
108,no_feedback,51,7,4,0,0,-1.0,0.0,1,1,0,0,0.0,-0.005004473950153852
109,no_feedback,51,5,5,1,1,1.0,0.0,0,nan,nan,nan,0.0,-0.005004473950153852
110,no_feedback,51,0,4,0,0,-1.0,0.0,1,1,0,0,0.0,-0.005004473950153852
111,no_feedback,51,0,5,1,0,-1.0,0.0,1,0,1,0,0.0,-0.005004473950153852
112,no_feedback,51,4,5,1,1,1.0,0.0,0,nan,nan,nan,0.0,-0.005004473950153852
113,no_feedback,51,1,4,0,0,-1.0,0.0,1,1,0,0,0.0,-0.005004473950153852
114,no_feedback,51,8,5,1,0,-1.0,0.0,1,0,1,0,0.0,-0.005004473950153852
115,no_feedback,51,0,5,1,0,-1.0,0.0,1,0,1,0,0.0,-0.005004473950153852
116,no_feedback,51,4,3,0,1,1.0,0.0,0,nan,nan,nan,0.0,-0.005004473950153852
117,no_feedback,51,1,4,1,0,-1.0,0.0,1,1,0,0,0.0,-0.005004473950153852
118,no_feedback,51,2,3,0,1,1.0,0.0,0,nan,nan,nan,0.0,-0.005004473950153852
119,no_feedback,51,3,4,1,1,1.0,0.0,0,nan,nan,nan,0.0,-0.005004473950153852
120,no_feedback,51,7,5,1,0,-1.0,0.0,1,2,0,0,0.0,-0.005004473950153852
121,no_feedback,51,7,3,0,0,-1.0,0.0,1,0,1,0,0.0,-0.005004473950153852
122,no_feedback,51,6,3,0,0,-1.0,0.0,1,0,1,0,0.0,-0.005004473950153852
123,no_feedback,51,0,3,0,0,-1.0,0.0,1,0,1,0,0.0,-0.005004473950153852
124,no_feedback,51,1,5,1,0,-1.0,0.0,1,0,1,0,0.0,-0.005004473950153852
125,no_feedback,51,6,5,1,1,1.0,0.0,0,nan,nan,nan,0.0,-0.005004473950153852
126,no_feedback,51,3,6,1,0,-1.0,0.0,1,1,0,0,0.0,-0.005004473950153852
127,no_feedback,51,7,5,1,0,-1.0,0.0,1,0,1,0,0.0,-0.005004473950153852
128,no_feedback,51,3,3,0,1,1.0,0.0,0,nan,nan,nan,0.0,-0.005004473950153852
129,no_feedback,51,0,4,1,0,-1.0,0.0,1,1,0,0,0.0,-0.005004473950153852
130,no_feedback,51,7,5,1,0,-1.0,0.0,1,0,1,0,0.0,-0.005004473950153852
131,no_feedback,51,2,5,1,0,-1.0,0.0,1,0,1,0,0.0,-0.005004473950153852
132,no_feedback,51,4,5,1,1,1.0,0.0,0,nan,nan,nan,0.0,-0.005004473950153852
133,no_feedback,51,0,6,1,0,-1.0,0.0,1,1,0,0,0.0,-0.005004473950153852
134,no_feedback,51,3,3,0,1,1.0,0.0,0,nan,nan,nan,0.0,-0.005004473950153852
135,no_feedback,51,4,4,1,1,1.0,0.0,0,nan,nan,nan,0.0,-0.005004473950153852
136,no_feedback,51,3,3,0,1,1.0,0.0,0,nan,nan,nan,0.0,-0.005004473950153852
137,no_feedback,51,8,2,0,0,-1.0,0.0,1,3,0,1,0.0,-0.005004473950153852
138,no_feedback,51,6,5,1,1,1.0,0.0,0,nan,nan,nan,0.0,-0.005004473950153852
139,no_feedback,51,5,4,0,1,1.0,0.0,0,nan,nan,nan,0.0,-0.005004473950153852
140,no_feedback,51,8,5,1,0,-1.0,0.0,1,2,0,0,0.0,-0.005004473950153852
141,no_feedback,51,3,5,1,0,-1.0,0.0,1,0,1,0,0.0,-0.005004473950153852
142,no_feedback,51,5,5,1,1,1.0,0.0,0,nan,nan,nan,0.0,-0.005004473950153852
143,no_feedback,51,5,4,0,1,1.0,0.0,0,nan,nan,nan,0.0,-0.005004473950153852
144,no_feedback,51,3,3,0,1,1.0,0.0,0,nan,nan,nan,0.0,-0.005004473950153852
145,no_feedback,51,3,4,1,1,1.0,0.0,0,nan,nan,nan,0.0,-0.005004473950153852
146,no_feedback,51,5,3,0,0,-1.0,0.0,1,4,0,1,0.0,-0.005004473950153852
147,no_feedback,51,0,5,1,0,-1.0,0.0,1,0,1,0,0.0,-0.005004473950153852
148,no_feedback,51,8,3,0,0,-1.0,0.0,1,0,1,0,0.0,-0.005004473950153852
149,no_feedback,51,6,5,1,1,1.0,0.0,0,nan,nan,nan,0.0,-0.005004473950153852
150,no_feedback,51,8,6,1,0,-1.0,0.0,1,1,0,0,0.0,-0.005004473950153852
151,no_feedback,51,1,5,1,0,-1.0,0.0,1,0,1,0,0.0,-0.005004473950153852
152,no_feedback,51,0,5,1,0,-1.0,0.0,1,0,1,0,0.0,-0.005004473950153852
153,no_feedback,51,1,5,1,0,-1.0,0.0,1,0,1,0,0.0,-0.005004473950153852
154,no_feedback,51,2,5,1,0,-1.0,0.0,1,0,1,0,0.0,-0.005004473950153852
155,no_feedback,51,1,5,1,0,-1.0,0.0,1,0,1,0,0.0,-0.005004473950153852
156,no_feedback,51,4,3,0,1,1.0,0.0,0,nan,nan,nan,0.0,-0.005004473950153852
157,no_feedback,51,8,4,1,0,-1.0,0.0,1,1,0,0,0.0,-0.005004473950153852
158,no_feedback,51,4,5,1,1,1.0,0.0,0,nan,nan,nan,0.0,-0.005004473950153852
159,no_feedback,51,8,6,1,0,-1.0,0.0,1,1,0,0,0.0,-0.005004473950153852
160,no_feedback,51,3,3,0,1,1.0,0.0,0,nan,nan,nan,0.0,-0.005004473950153852
161,no_feedback,51,2,2,0,1,1.0,0.0,0,nan,nan,nan,0.0,-0.005004473950153852
162,no_feedback,51,2,3,1,1,1.0,0.0,0,nan,nan,nan,0.0,-0.005004473950153852
163,no_feedback,51,8,4,1,0,-1.0,0.0,1,3,0,1,0.0,-0.005004473950153852
164,no_feedback,51,7,5,1,0,-1.0,0.0,1,0,1,0,0.0,-0.005004473950153852
165,no_feedback,51,8,3,0,0,-1.0,0.0,1,0,1,0,0.0,-0.005004473950153852
166,no_feedback,51,4,5,1,1,1.0,0.0,0,nan,nan,nan,0.0,-0.005004473950153852
167,no_feedback,51,2,6,1,0,-1.0,0.0,1,1,0,0,0.0,-0.005004473950153852
168,no_feedback,51,0,5,1,0,-1.0,0.0,1,0,1,0,0.0,-0.005004473950153852
169,no_feedback,51,0,5,1,0,-1.0,0.0,1,0,1,0,0.0,-0.005004473950153852
170,no_feedback,51,5,5,1,1,1.0,0.0,0,nan,nan,nan,0.0,-0.005004473950153852
171,no_feedback,51,3,4,0,1,1.0,0.0,0,nan,nan,nan,0.0,-0.005004473950153852
172,no_feedback,51,8,3,0,0,-1.0,0.0,1,2,0,0,0.0,-0.005004473950153852
173,no_feedback,51,3,3,0,1,1.0,0.0,0,nan,nan,nan,0.0,-0.005004473950153852
174,no_feedback,51,3,4,1,1,1.0,0.0,0,nan,nan,nan,0.0,-0.005004473950153852
175,no_feedback,51,4,5,1,1,1.0,0.0,0,nan,nan,nan,0.0,-0.005004473950153852
176,no_feedback,51,3,4,0,1,1.0,0.0,0,nan,nan,nan,0.0,-0.005004473950153852
177,no_feedback,51,7,5,1,0,-1.0,0.0,1,4,0,1,0.0,-0.005004473950153852
178,no_feedback,51,7,5,1,0,-1.0,0.0,1,0,1,0,0.0,-0.005004473950153852
179,no_feedback,51,3,3,0,1,1.0,0.0,0,nan,nan,nan,0.0,-0.005004473950153852
180,no_feedback,51,5,2,0,0,-1.0,0.0,1,1,0,0,0.0,-0.005004473950153852
181,no_feedback,51,1,5,1,0,-1.0,0.0,1,0,1,0,0.0,-0.005004473950153852
182,no_feedback,51,4,3,0,1,1.0,0.0,0,nan,nan,nan,0.0,-0.005004473950153852
183,no_feedback,51,6,4,1,0,-1.0,0.0,1,1,0,0,0.0,-0.005004473950153852
184,no_feedback,51,1,5,1,0,-1.0,0.0,1,0,1,0,0.0,-0.005004473950153852
185,no_feedback,51,1,5,1,0,-1.0,0.0,1,0,1,0,0.0,-0.005004473950153852
186,no_feedback,51,5,3,0,0,-1.0,0.0,1,0,1,0,0.0,-0.005004473950153852
187,no_feedback,51,1,5,1,0,-1.0,0.0,1,0,1,0,0.0,-0.005004473950153852
188,no_feedback,51,1,5,1,0,-1.0,0.0,1,0,1,0,0.0,-0.005004473950153852
189,no_feedback,51,8,5,1,0,-1.0,0.0,1,0,1,0,0.0,-0.005004473950153852
190,no_feedback,51,5,5,1,1,1.0,0.0,0,nan,nan,nan,0.0,-0.005004473950153852
191,no_feedback,51,5,4,0,1,1.0,0.0,0,nan,nan,nan,0.0,-0.005004473950153852
192,no_feedback,51,7,5,1,0,-1.0,0.0,1,2,0,0,0.0,-0.005004473950153852
193,no_feedback,51,7,5,1,0,-1.0,0.0,1,0,1,0,0.0,-0.005004473950153852
194,no_feedback,51,0,5,1,0,-1.0,0.0,1,0,1,0,0.0,-0.005004473950153852
195,no_feedback,51,0,5,1,0,-1.0,0.0,1,0,1,0,0.0,-0.005004473950153852
196,no_feedback,51,6,3,0,0,-1.0,0.0,1,0,1,0,0.0,-0.005004473950153852
197,no_feedback,51,2,5,1,0,-1.0,0.0,1,0,1,0,0.0,-0.005004473950153852
198,no_feedback,51,7,5,1,0,-1.0,0.0,1,0,1,0,0.0,-0.005004473950153852
199,no_feedback,51,1,5,1,0,-1.0,0.0,1,0,1,0,0.0,-0.005004473950153852
200,no_feedback,51,0,5,1,0,-1.0,0.0,1,0,1,0,0.0,-0.005004473950153852
201,no_feedback,51,4,5,1,1,1.0,0.0,0,nan,nan,nan,0.0,-0.005004473950153852
202,no_feedback,51,7,4,0,0,-1.0,0.0,1,1,0,0,0.0,-0.005004473950153852
203,no_feedback,51,2,5,1,0,-1.0,0.0,1,0,1,0,0.0,-0.005004473950153852
204,no_feedback,51,0,5,1,0,-1.0,0.0,1,0,1,0,0.0,-0.005004473950153852
205,no_feedback,51,4,5,1,1,1.0,0.0,0,nan,nan,nan,0.0,-0.005004473950153852
206,no_feedback,51,8,6,1,0,-1.0,0.0,1,1,0,0,0.0,-0.005004473950153852
207,no_feedback,51,2,3,0,1,1.0,0.0,0,nan,nan,nan,0.0,-0.005004473950153852
208,no_feedback,51,2,2,0,1,1.0,0.0,0,nan,nan,nan,0.0,-0.005004473950153852
209,no_feedback,51,4,1,0,0,-1.0,0.0,1,2,0,0,0.0,-0.005004473950153852
210,no_feedback,51,3,3,0,1,1.0,0.0,0,nan,nan,nan,0.0,-0.005004473950153852
211,no_feedback,51,8,4,1,0,-1.0,0.0,1,1,0,0,0.0,-0.005004473950153852
212,no_feedback,51,3,3,0,1,1.0,0.0,0,nan,nan,nan,0.0,-0.005004473950153852
213,no_feedback,51,0,4,1,0,-1.0,0.0,1,1,0,0,0.0,-0.005004473950153852
214,no_feedback,51,2,3,0,1,1.0,0.0,0,nan,nan,nan,0.0,-0.005004473950153852
215,no_feedback,51,8,4,1,0,-1.0,0.0,1,1,0,0,0.0,-0.005004473950153852
216,no_feedback,51,0,5,1,0,-1.0,0.0,1,0,1,0,0.0,-0.005004473950153852
217,no_feedback,51,1,5,1,0,-1.0,0.0,1,0,1,0,0.0,-0.005004473950153852
218,no_feedback,51,5,5,1,1,1.0,0.0,0,nan,nan,nan,0.0,-0.005004473950153852
219,no_feedback,51,6,6,1,1,1.0,0.0,0,nan,nan,nan,0.0,-0.005004473950153852
220,no_feedback,51,0,7,1,0,-1.0,0.0,1,2,0,0,0.0,-0.005004473950153852
221,no_feedback,51,5,3,0,0,-1.0,0.0,1,0,1,0,0.0,-0.005004473950153852
222,no_feedback,51,3,3,0,1,1.0,0.0,0,nan,nan,nan,0.0,-0.005004473950153852
223,no_feedback,51,7,2,0,0,-1.0,0.0,1,1,0,0,0.0,-0.005004473950153852
224,no_feedback,51,1,5,1,0,-1.0,0.0,1,0,1,0,0.0,-0.005004473950153852
225,no_feedback,51,3,3,0,1,1.0,0.0,0,nan,nan,nan,0.0,-0.005004473950153852
226,no_feedback,51,5,2,0,0,-1.0,0.0,1,1,0,0,0.0,-0.005004473950153852
227,no_feedback,51,0,3,0,0,-1.0,0.0,1,0,1,0,0.0,-0.005004473950153852
228,no_feedback,51,2,3,0,1,1.0,0.0,0,nan,nan,nan,0.0,-0.005004473950153852
229,no_feedback,51,3,4,1,1,1.0,0.0,0,nan,nan,nan,0.0,-0.005004473950153852
230,no_feedback,51,0,5,1,0,-1.0,0.0,1,2,0,0,0.0,-0.005004473950153852
231,no_feedback,51,3,3,0,1,1.0,0.0,0,nan,nan,nan,0.0,-0.005004473950153852
232,no_feedback,51,0,4,1,0,-1.0,0.0,1,1,0,0,0.0,-0.005004473950153852
233,no_feedback,51,6,5,1,1,1.0,0.0,0,nan,nan,nan,0.0,-0.005004473950153852
234,no_feedback,51,7,6,1,1,1.0,0.0,0,nan,nan,nan,0.0,-0.005004473950153852
235,no_feedback,51,3,7,1,0,-1.0,0.0,1,2,0,0,0.0,-0.005004473950153852
236,no_feedback,51,2,3,0,1,1.0,0.0,0,nan,nan,nan,0.0,-0.005004473950153852
237,no_feedback,51,5,4,1,1,1.0,0.0,0,nan,nan,nan,0.0,-0.005004473950153852
238,no_feedback,51,7,5,1,0,-1.0,0.0,1,2,0,0,0.0,-0.005004473950153852
239,no_feedback,51,3,3,0,1,1.0,0.0,0,nan,nan,nan,0.0,-0.005004473950153852
240,no_feedback,51,8,4,1,0,-1.0,0.0,1,1,0,0,0.0,-0.005004473950153852
241,no_feedback,51,4,5,1,1,1.0,0.0,0,nan,nan,nan,0.0,-0.005004473950153852
242,no_feedback,51,0,6,1,0,-1.0,0.0,1,1,0,0,0.0,-0.005004473950153852
243,no_feedback,51,4,3,0,1,1.0,0.0,0,nan,nan,nan,0.0,-0.005004473950153852
244,no_feedback,51,1,2,0,1,1.0,0.0,0,nan,nan,nan,0.0,-0.005004473950153852
245,no_feedback,51,8,3,1,0,-1.0,0.0,1,2,0,0,0.0,-0.005004473950153852
246,no_feedback,51,0,3,0,0,-1.0,0.0,1,0,1,0,0.0,-0.005004473950153852
247,no_feedback,51,4,3,0,1,1.0,0.0,0,nan,nan,nan,0.0,-0.005004473950153852
248,no_feedback,51,1,4,1,0,-1.0,0.0,1,1,0,0,0.0,-0.005004473950153852
249,no_feedback,51,8,3,0,0,-1.0,0.0,1,0,1,0,0.0,-0.005004473950153852
250,no_feedback,51,2,3,0,1,1.0,0.0,0,nan,nan,nan,0.0,-0.005004473950153852
251,no_feedback,51,1,4,1,0,-1.0,0.0,1,1,0,0,0.0,-0.005004473950153852
252,no_feedback,51,1,5,1,0,-1.0,0.0,1,0,1,0,0.0,-0.005004473950153852
253,no_feedback,51,5,5,1,1,1.0,0.0,0,nan,nan,nan,0.0,-0.005004473950153852
254,no_feedback,51,1,6,1,0,-1.0,0.0,1,1,0,0,0.0,-0.005004473950153852
255,no_feedback,51,6,5,1,1,1.0,0.0,0,nan,nan,nan,0.0,-0.005004473950153852
256,no_feedback,51,7,6,1,1,1.0,0.0,0,nan,nan,nan,0.0,-0.005004473950153852
257,no_feedback,51,5,5,0,1,1.0,0.0,0,nan,nan,nan,0.0,-0.005004473950153852
258,no_feedback,51,8,6,1,0,-1.0,0.0,1,3,0,1,0.0,-0.005004473950153852
259,no_feedback,51,6,5,1,1,1.0,0.0,0,nan,nan,nan,0.0,-0.005004473950153852
260,no_feedback,51,7,6,1,1,1.0,0.0,0,nan,nan,nan,0.0,-0.005004473950153852
261,no_feedback,51,3,7,1,0,-1.0,0.0,1,2,0,0,0.0,-0.005004473950153852
262,no_feedback,51,7,5,1,0,-1.0,0.0,1,0,1,0,0.0,-0.005004473950153852
263,no_feedback,51,8,3,0,0,-1.0,0.0,1,0,1,0,0.0,-0.005004473950153852
264,no_feedback,51,4,3,0,1,1.0,0.0,0,nan,nan,nan,0.0,-0.005004473950153852
265,no_feedback,51,6,4,1,0,-1.0,0.0,1,1,0,0,0.0,-0.005004473950153852
266,no_feedback,51,1,5,1,0,-1.0,0.0,1,0,1,0,0.0,-0.005004473950153852
267,no_feedback,51,5,5,1,1,1.0,0.0,0,nan,nan,nan,0.0,-0.005004473950153852
268,no_feedback,51,1,6,1,0,-1.0,0.0,1,1,0,0,0.0,-0.005004473950153852
269,no_feedback,51,1,5,1,0,-1.0,0.0,1,0,1,0,0.0,-0.005004473950153852
270,no_feedback,51,3,3,0,1,1.0,0.0,0,nan,nan,nan,0.0,-0.005004473950153852
271,no_feedback,51,6,4,1,0,-1.0,0.0,1,1,0,0,0.0,-0.005004473950153852
272,no_feedback,51,0,5,1,0,-1.0,0.0,1,0,1,0,0.0,-0.005004473950153852
273,no_feedback,51,2,5,1,0,-1.0,0.0,1,0,1,0,0.0,-0.005004473950153852
274,no_feedback,51,3,3,0,1,1.0,0.0,0,nan,nan,nan,0.0,-0.005004473950153852
275,no_feedback,51,4,4,1,1,1.0,0.0,0,nan,nan,nan,0.0,-0.005004473950153852
276,no_feedback,51,3,3,0,1,1.0,0.0,0,nan,nan,nan,0.0,-0.005004473950153852
277,no_feedback,51,0,4,1,0,-1.0,0.0,1,3,0,1,0.0,-0.005004473950153852
278,no_feedback,51,2,3,0,1,1.0,0.0,0,nan,nan,nan,0.0,-0.005004473950153852
279,no_feedback,51,3,2,0,1,1.0,0.0,0,nan,nan,nan,0.0,-0.005004473950153852
280,no_feedback,51,3,3,1,1,1.0,0.0,0,nan,nan,nan,0.0,-0.005004473950153852
281,no_feedback,51,6,2,0,0,-1.0,0.0,1,3,0,1,0.0,-0.005004473950153852
282,no_feedback,51,8,5,1,0,-1.0,0.0,1,0,1,0,0.0,-0.005004473950153852
283,no_feedback,51,7,3,0,0,-1.0,0.0,1,0,1,0,0.0,-0.005004473950153852
284,no_feedback,51,0,3,0,0,-1.0,0.0,1,0,1,0,0.0,-0.005004473950153852
285,no_feedback,51,5,3,0,0,-1.0,0.0,1,0,1,0,0.0,-0.005004473950153852
286,no_feedback,51,5,5,1,1,1.0,0.0,0,nan,nan,nan,0.0,-0.005004473950153852
287,no_feedback,51,3,4,0,1,1.0,0.0,0,nan,nan,nan,0.0,-0.005004473950153852
288,no_feedback,51,7,5,1,0,-1.0,0.0,1,2,0,0,0.0,-0.005004473950153852
289,no_feedback,51,4,5,1,1,1.0,0.0,0,nan,nan,nan,0.0,-0.005004473950153852
290,no_feedback,51,7,4,0,0,-1.0,0.0,1,1,0,0,0.0,-0.005004473950153852
291,no_feedback,51,1,5,1,0,-1.0,0.0,1,0,1,0,0.0,-0.005004473950153852
292,no_feedback,51,2,5,1,0,-1.0,0.0,1,0,1,0,0.0,-0.005004473950153852
293,no_feedback,51,2,3,0,1,1.0,0.0,0,nan,nan,nan,0.0,-0.005004473950153852
294,no_feedback,51,3,4,1,1,1.0,0.0,0,nan,nan,nan,0.0,-0.005004473950153852
295,no_feedback,51,6,3,0,0,-1.0,0.0,1,2,0,0,0.0,-0.005004473950153852
296,no_feedback,51,7,5,1,0,-1.0,0.0,1,0,1,0,0.0,-0.005004473950153852
297,no_feedback,51,6,3,0,0,-1.0,0.0,1,0,1,0,0.0,-0.005004473950153852
298,no_feedback,51,7,5,1,0,-1.0,0.0,1,0,1,0,0.0,-0.005004473950153852
299,no_feedback,51,3,3,0,1,1.0,0.0,0,nan,nan,nan,0.0,-0.005004473950153852
300,no_feedback,51,2,2,0,1,1.0,0.0,0,nan,nan,nan,0.0,-0.005004473950153852
301,no_feedback,51,2,1,0,1,1.0,0.0,0,nan,nan,nan,0.0,-0.005004473950153852
302,no_feedback,51,4,2,1,0,-1.0,0.0,1,3,0,1,0.0,-0.005004473950153852
303,no_feedback,51,2,3,0,1,1.0,0.0,0,nan,nan,nan,0.0,-0.005004473950153852
304,no_feedback,51,0,4,1,0,-1.0,0.0,1,1,0,0,0.0,-0.005004473950153852
305,no_feedback,51,6,3,0,0,-1.0,0.0,1,0,1,0,0.0,-0.005004473950153852
306,no_feedback,51,8,3,0,0,-1.0,0.0,1,0,1,0,0.0,-0.005004473950153852
307,no_feedback,51,1,5,1,0,-1.0,0.0,1,0,1,0,0.0,-0.005004473950153852
308,no_feedback,51,6,3,0,0,-1.0,0.0,1,0,1,0,0.0,-0.005004473950153852
309,no_feedback,51,3,3,0,1,1.0,0.0,0,nan,nan,nan,0.0,-0.005004473950153852
310,no_feedback,51,7,4,1,0,-1.0,0.0,1,1,0,0,0.0,-0.005004473950153852
311,no_feedback,51,0,3,0,0,-1.0,0.0,1,0,1,0,0.0,-0.005004473950153852
312,no_feedback,51,2,5,1,0,-1.0,0.0,1,0,1,0,0.0,-0.005004473950153852
313,no_feedback,51,6,3,0,0,-1.0,0.0,1,0,1,0,0.0,-0.005004473950153852
314,no_feedback,51,0,5,1,0,-1.0,0.0,1,0,1,0,0.0,-0.005004473950153852
315,no_feedback,51,0,3,0,0,-1.0,0.0,1,0,1,0,0.0,-0.005004473950153852
316,no_feedback,51,2,5,1,0,-1.0,0.0,1,0,1,0,0.0,-0.005004473950153852
317,no_feedback,51,8,3,0,0,-1.0,0.0,1,0,1,0,0.0,-0.005004473950153852
318,no_feedback,51,5,5,1,1,1.0,0.0,0,nan,nan,nan,0.0,-0.005004473950153852
319,no_feedback,51,8,6,1,0,-1.0,0.0,1,1,0,0,0.0,-0.005004473950153852
320,no_feedback,51,3,3,0,1,1.0,0.0,0,nan,nan,nan,0.0,-0.005004473950153852
321,no_feedback,51,1,2,0,1,1.0,0.0,0,nan,nan,nan,0.0,-0.005004473950153852
322,no_feedback,51,1,1,0,1,1.0,0.0,0,nan,nan,nan,0.0,-0.005004473950153852
323,no_feedback,51,0,0,0,1,1.0,0.0,0,nan,nan,nan,0.0,-0.005004473950153852
324,no_feedback,51,3,1,1,0,-1.0,0.0,1,4,0,1,0.0,-0.005004473950153852
325,no_feedback,51,1,5,1,0,-1.0,0.0,1,0,1,0,0.0,-0.005004473950153852
326,no_feedback,51,4,3,0,1,1.0,0.0,0,nan,nan,nan,0.0,-0.005004473950153852
327,no_feedback,51,1,2,0,1,1.0,0.0,0,nan,nan,nan,0.0,-0.005004473950153852
328,no_feedback,51,0,3,1,0,-1.0,0.0,1,2,0,0,0.0,-0.005004473950153852
329,no_feedback,51,2,5,1,0,-1.0,0.0,1,0,1,0,0.0,-0.005004473950153852
330,no_feedback,51,7,5,1,0,-1.0,0.0,1,0,1,0,0.0,-0.005004473950153852
331,no_feedback,51,6,5,1,1,1.0,0.0,0,nan,nan,nan,0.0,-0.005004473950153852
332,no_feedback,51,7,4,0,0,-1.0,0.0,1,1,0,0,0.0,-0.005004473950153852
333,no_feedback,51,0,5,1,0,-1.0,0.0,1,0,1,0,0.0,-0.005004473950153852
334,no_feedback,51,6,3,0,0,-1.0,0.0,1,0,1,0,0.0,-0.005004473950153852
335,no_feedback,51,8,3,0,0,-1.0,0.0,1,0,1,0,0.0,-0.005004473950153852
336,no_feedback,51,1,5,1,0,-1.0,0.0,1,0,1,0,0.0,-0.005004473950153852
337,no_feedback,51,0,3,0,0,-1.0,0.0,1,0,1,0,0.0,-0.005004473950153852
338,no_feedback,51,8,3,0,0,-1.0,0.0,1,0,1,0,0.0,-0.005004473950153852
339,no_feedback,51,0,3,0,0,-1.0,0.0,1,0,1,0,0.0,-0.005004473950153852
340,no_feedback,51,1,5,1,0,-1.0,0.0,1,0,1,0,0.0,-0.005004473950153852
341,no_feedback,51,4,5,1,1,1.0,0.0,0,nan,nan,nan,0.0,-0.005004473950153852
342,no_feedback,51,3,4,0,1,1.0,0.0,0,nan,nan,nan,0.0,-0.005004473950153852
343,no_feedback,51,7,5,1,0,-1.0,0.0,1,2,0,0,0.0,-0.005004473950153852
344,no_feedback,51,4,5,1,1,1.0,0.0,0,nan,nan,nan,0.0,-0.005004473950153852
345,no_feedback,51,4,4,0,1,1.0,0.0,0,nan,nan,nan,0.0,-0.005004473950153852
346,no_feedback,51,1,5,1,0,-1.0,0.0,1,2,0,0,0.0,-0.005004473950153852
347,no_feedback,51,2,5,1,0,-1.0,0.0,1,0,1,0,0.0,-0.005004473950153852
348,no_feedback,51,3,3,0,1,1.0,0.0,0,nan,nan,nan,0.0,-0.005004473950153852
349,no_feedback,51,5,2,0,0,-1.0,0.0,1,1,0,0,0.0,-0.005004473950153852
350,no_feedback,51,8,3,0,0,-1.0,0.0,1,0,1,0,0.0,-0.005004473950153852
351,no_feedback,51,3,3,0,1,1.0,0.0,0,nan,nan,nan,0.0,-0.005004473950153852
352,no_feedback,51,6,4,1,0,-1.0,0.0,1,1,0,0,0.0,-0.005004473950153852
353,no_feedback,51,8,3,0,0,-1.0,0.0,1,0,1,0,0.0,-0.005004473950153852
354,no_feedback,51,0,5,1,0,-1.0,0.0,1,0,1,0,0.0,-0.005004473950153852
355,no_feedback,51,8,3,0,0,-1.0,0.0,1,0,1,0,0.0,-0.005004473950153852
356,no_feedback,51,8,3,0,0,-1.0,0.0,1,0,1,0,0.0,-0.005004473950153852
357,no_feedback,51,4,5,1,1,1.0,0.0,0,nan,nan,nan,0.0,-0.005004473950153852
358,no_feedback,51,2,6,1,0,-1.0,0.0,1,1,0,0,0.0,-0.005004473950153852
359,no_feedback,51,8,3,0,0,-1.0,0.0,1,0,1,0,0.0,-0.005004473950153852
360,no_feedback,51,3,3,0,1,1.0,0.0,0,nan,nan,nan,0.0,-0.005004473950153852
361,no_feedback,51,2,2,0,1,1.0,0.0,0,nan,nan,nan,0.0,-0.005004473950153852
362,no_feedback,51,5,3,1,0,-1.0,0.0,1,2,0,0,0.0,-0.005004473950153852
363,no_feedback,51,3,3,0,1,1.0,0.0,0,nan,nan,nan,0.0,-0.005004473950153852
364,no_feedback,51,0,2,0,0,-1.0,0.0,1,1,0,0,0.0,-0.005004473950153852
365,no_feedback,51,4,5,1,1,1.0,0.0,0,nan,nan,nan,0.0,-0.005004473950153852
366,no_feedback,51,0,4,0,0,-1.0,0.0,1,1,0,0,0.0,-0.005004473950153852
367,no_feedback,51,6,3,0,0,-1.0,0.0,1,0,1,0,0.0,-0.005004473950153852
368,no_feedback,51,1,5,1,0,-1.0,0.0,1,0,1,0,0.0,-0.005004473950153852
369,no_feedback,51,8,3,0,0,-1.0,0.0,1,0,1,0,0.0,-0.005004473950153852
370,no_feedback,51,5,5,1,1,1.0,0.0,0,nan,nan,nan,0.0,-0.005004473950153852
371,no_feedback,51,0,4,0,0,-1.0,0.0,1,1,0,0,0.0,-0.005004473950153852
372,no_feedback,51,3,3,0,1,1.0,0.0,0,nan,nan,nan,0.0,-0.005004473950153852
373,no_feedback,51,0,4,1,0,-1.0,0.0,1,1,0,0,0.0,-0.005004473950153852
374,no_feedback,51,5,5,1,1,1.0,0.0,0,nan,nan,nan,0.0,-0.005004473950153852
375,no_feedback,51,5,6,1,1,1.0,0.0,0,nan,nan,nan,0.0,-0.005004473950153852
376,no_feedback,51,2,7,1,0,-1.0,0.0,1,2,0,0,0.0,-0.005004473950153852
377,no_feedback,51,5,5,1,1,1.0,0.0,0,nan,nan,nan,0.0,-0.005004473950153852
378,no_feedback,51,4,4,0,1,1.0,0.0,0,nan,nan,nan,0.0,-0.005004473950153852
379,no_feedback,51,8,5,1,0,-1.0,0.0,1,2,0,0,0.0,-0.005004473950153852
380,no_feedback,51,0,5,1,0,-1.0,0.0,1,0,1,0,0.0,-0.005004473950153852
381,no_feedback,51,0,5,1,0,-1.0,0.0,1,0,1,0,0.0,-0.005004473950153852
382,no_feedback,51,8,3,0,0,-1.0,0.0,1,0,1,0,0.0,-0.005004473950153852
383,no_feedback,51,7,5,1,0,-1.0,0.0,1,0,1,0,0.0,-0.005004473950153852
384,no_feedback,51,3,5,1,0,-1.0,0.0,1,0,1,0,0.0,-0.005004473950153852
385,no_feedback,51,5,5,1,1,1.0,0.0,0,nan,nan,nan,0.0,-0.005004473950153852
386,no_feedback,51,3,6,1,0,-1.0,0.0,1,1,0,0,0.0,-0.005004473950153852
387,no_feedback,51,5,5,1,1,1.0,0.0,0,nan,nan,nan,0.0,-0.005004473950153852
388,no_feedback,51,7,4,0,0,-1.0,0.0,1,1,0,0,0.0,-0.005004473950153852
389,no_feedback,51,6,3,0,0,-1.0,0.0,1,0,1,0,0.0,-0.005004473950153852
390,no_feedback,51,0,3,0,0,-1.0,0.0,1,0,1,0,0.0,-0.005004473950153852
391,no_feedback,51,1,5,1,0,-1.0,0.0,1,0,1,0,0.0,-0.005004473950153852
392,no_feedback,51,4,5,1,1,1.0,0.0,0,nan,nan,nan,0.0,-0.005004473950153852
393,no_feedback,51,6,6,1,1,1.0,0.0,0,nan,nan,nan,0.0,-0.005004473950153852
394,no_feedback,51,6,7,1,1,1.0,0.0,0,nan,nan,nan,0.0,-0.005004473950153852
395,no_feedback,51,0,6,0,0,-1.0,0.0,1,3,0,1,0.0,-0.005004473950153852
396,no_feedback,51,3,3,0,1,1.0,0.0,0,nan,nan,nan,0.0,-0.005004473950153852
397,no_feedback,51,2,2,0,1,1.0,0.0,0,nan,nan,nan,0.0,-0.005004473950153852
398,no_feedback,51,8,3,1,0,-1.0,0.0,1,2,0,0,0.0,-0.005004473950153852
399,no_feedback,51,6,5,1,1,1.0,0.0,0,nan,nan,nan,0.0,-0.005004473950153852
400,no_feedback,51,8,6,1,0,-1.0,0.0,1,1,0,0,0.0,-0.005004473950153852
401,no_feedback,51,5,5,1,1,1.0,0.0,0,nan,nan,nan,0.0,-0.005004473950153852
402,no_feedback,51,4,4,0,1,1.0,0.0,0,nan,nan,nan,0.0,-0.005004473950153852
403,no_feedback,51,4,3,0,1,1.0,0.0,0,nan,nan,nan,0.0,-0.005004473950153852
404,no_feedback,51,7,4,1,0,-1.0,0.0,1,3,0,1,0.0,-0.005004473950153852
405,no_feedback,51,5,5,1,1,1.0,0.0,0,nan,nan,nan,0.0,-0.005004473950153852
406,no_feedback,51,5,4,0,1,1.0,0.0,0,nan,nan,nan,0.0,-0.005004473950153852
407,no_feedback,51,5,5,1,1,1.0,0.0,0,nan,nan,nan,0.0,-0.005004473950153852
408,no_feedback,51,3,6,1,0,-1.0,0.0,1,3,0,1,0.0,-0.005004473950153852
409,no_feedback,51,7,5,1,0,-1.0,0.0,1,0,1,0,0.0,-0.005004473950153852
410,no_feedback,51,5,5,1,1,1.0,0.0,0,nan,nan,nan,0.0,-0.005004473950153852
411,no_feedback,51,3,6,1,0,-1.0,0.0,1,1,0,0,0.0,-0.005004473950153852
412,no_feedback,51,0,5,1,0,-1.0,0.0,1,0,1,0,0.0,-0.005004473950153852
413,no_feedback,51,6,5,1,1,1.0,0.0,0,nan,nan,nan,0.0,-0.005004473950153852
414,no_feedback,51,3,4,0,1,1.0,0.0,0,nan,nan,nan,0.0,-0.005004473950153852
415,no_feedback,51,6,3,0,0,-1.0,0.0,1,2,0,0,0.0,-0.005004473950153852
416,no_feedback,51,3,3,0,1,1.0,0.0,0,nan,nan,nan,0.0,-0.005004473950153852
417,no_feedback,51,1,4,1,0,-1.0,0.0,1,1,0,0,0.0,-0.005004473950153852
418,no_feedback,51,0,3,0,0,-1.0,0.0,1,0,1,0,0.0,-0.005004473950153852
419,no_feedback,51,2,5,1,0,-1.0,0.0,1,0,1,0,0.0,-0.005004473950153852
420,no_feedback,51,4,5,1,1,1.0,0.0,0,nan,nan,nan,0.0,-0.005004473950153852
421,no_feedback,51,1,6,1,0,-1.0,0.0,1,1,0,0,0.0,-0.005004473950153852
422,no_feedback,51,8,3,0,0,-1.0,0.0,1,0,1,0,0.0,-0.005004473950153852
423,no_feedback,51,4,3,0,1,1.0,0.0,0,nan,nan,nan,0.0,-0.005004473950153852
424,no_feedback,51,6,4,1,0,-1.0,0.0,1,1,0,0,0.0,-0.005004473950153852
425,no_feedback,51,7,5,1,0,-1.0,0.0,1,0,1,0,0.0,-0.005004473950153852
426,no_feedback,51,0,5,1,0,-1.0,0.0,1,0,1,0,0.0,-0.005004473950153852
427,no_feedback,51,6,5,1,1,1.0,0.0,0,nan,nan,nan,0.0,-0.005004473950153852
428,no_feedback,51,3,6,1,0,-1.0,0.0,1,1,0,0,0.0,-0.005004473950153852
429,no_feedback,51,0,3,0,0,-1.0,0.0,1,0,1,0,0.0,-0.005004473950153852
430,no_feedback,51,5,5,1,1,1.0,0.0,0,nan,nan,nan,0.0,-0.005004473950153852
431,no_feedback,51,2,6,1,0,-1.0,0.0,1,1,0,0,0.0,-0.005004473950153852
432,no_feedback,51,4,3,0,1,1.0,0.0,0,nan,nan,nan,0.0,-0.005004473950153852
433,no_feedback,51,5,2,0,0,-1.0,0.0,1,1,0,0,0.0,-0.005004473950153852
434,no_feedback,51,0,3,0,0,-1.0,0.0,1,0,1,0,0.0,-0.005004473950153852
435,no_feedback,51,8,3,0,0,-1.0,0.0,1,0,1,0,0.0,-0.005004473950153852
436,no_feedback,51,7,5,1,0,-1.0,0.0,1,0,1,0,0.0,-0.005004473950153852
437,no_feedback,51,3,3,0,1,1.0,0.0,0,nan,nan,nan,0.0,-0.005004473950153852
438,no_feedback,51,4,4,1,1,1.0,0.0,0,nan,nan,nan,0.0,-0.005004473950153852
439,no_feedback,51,3,3,0,1,1.0,0.0,0,nan,nan,nan,0.0,-0.005004473950153852
440,no_feedback,51,3,2,0,1,1.0,0.0,0,nan,nan,nan,0.0,-0.005004473950153852
441,no_feedback,51,4,1,0,0,-1.0,0.0,1,4,0,1,0.0,-0.005004473950153852
442,no_feedback,51,8,5,1,0,-1.0,0.0,1,0,1,0,0.0,-0.005004473950153852
443,no_feedback,51,5,5,1,1,1.0,0.0,0,nan,nan,nan,0.0,-0.005004473950153852
444,no_feedback,51,6,6,1,1,1.0,0.0,0,nan,nan,nan,0.0,-0.005004473950153852
445,no_feedback,51,6,7,1,1,1.0,0.0,0,nan,nan,nan,0.0,-0.005004473950153852
446,no_feedback,51,8,8,1,1,1.0,0.0,0,nan,nan,nan,0.0,-0.005004473950153852
447,no_feedback,51,0,8,1,0,-1.0,0.0,1,4,0,1,0.0,-0.005004473950153852
448,no_feedback,51,1,5,1,0,-1.0,0.0,1,0,1,0,0.0,-0.005004473950153852
449,no_feedback,51,3,3,0,1,1.0,0.0,0,nan,nan,nan,0.0,-0.005004473950153852
450,no_feedback,51,2,2,0,1,1.0,0.0,0,nan,nan,nan,0.0,-0.005004473950153852
451,no_feedback,51,7,3,1,0,-1.0,0.0,1,2,0,0,0.0,-0.005004473950153852
452,no_feedback,51,1,5,1,0,-1.0,0.0,1,0,1,0,0.0,-0.005004473950153852
453,no_feedback,51,7,5,1,0,-1.0,0.0,1,0,1,0,0.0,-0.005004473950153852
454,no_feedback,51,5,5,1,1,1.0,0.0,0,nan,nan,nan,0.0,-0.005004473950153852
455,no_feedback,51,7,4,0,0,-1.0,0.0,1,1,0,0,0.0,-0.005004473950153852
456,no_feedback,51,1,5,1,0,-1.0,0.0,1,0,1,0,0.0,-0.005004473950153852
457,no_feedback,51,8,5,1,0,-1.0,0.0,1,0,1,0,0.0,-0.005004473950153852
458,no_feedback,51,6,5,1,1,1.0,0.0,0,nan,nan,nan,0.0,-0.005004473950153852
459,no_feedback,51,2,6,1,0,-1.0,0.0,1,1,0,0,0.0,-0.005004473950153852
460,no_feedback,51,4,5,1,1,1.0,0.0,0,nan,nan,nan,0.0,-0.005004473950153852
461,no_feedback,51,2,6,1,0,-1.0,0.0,1,1,0,0,0.0,-0.005004473950153852
462,no_feedback,51,1,5,1,0,-1.0,0.0,1,0,1,0,0.0,-0.005004473950153852
463,no_feedback,51,3,3,0,1,1.0,0.0,0,nan,nan,nan,0.0,-0.005004473950153852
464,no_feedback,51,0,2,0,0,-1.0,0.0,1,1,0,0,0.0,-0.005004473950153852
465,no_feedback,51,8,5,1,0,-1.0,0.0,1,0,1,0,0.0,-0.005004473950153852
466,no_feedback,51,6,5,1,1,1.0,0.0,0,nan,nan,nan,0.0,-0.005004473950153852
467,no_feedback,51,3,6,1,0,-1.0,0.0,1,1,0,0,0.0,-0.005004473950153852
468,no_feedback,51,5,5,1,1,1.0,0.0,0,nan,nan,nan,0.0,-0.005004473950153852
469,no_feedback,51,2,6,1,0,-1.0,0.0,1,1,0,0,0.0,-0.005004473950153852
470,no_feedback,51,3,3,0,1,1.0,0.0,0,nan,nan,nan,0.0,-0.005004473950153852
471,no_feedback,51,8,4,1,0,-1.0,0.0,1,1,0,0,0.0,-0.005004473950153852
472,no_feedback,51,2,5,1,0,-1.0,0.0,1,0,1,0,0.0,-0.005004473950153852
473,no_feedback,51,1,5,1,0,-1.0,0.0,1,0,1,0,0.0,-0.005004473950153852
474,no_feedback,51,4,3,0,1,1.0,0.0,0,nan,nan,nan,0.0,-0.005004473950153852
475,no_feedback,51,0,4,1,0,-1.0,0.0,1,1,0,0,0.0,-0.005004473950153852
476,no_feedback,51,1,5,1,0,-1.0,0.0,1,0,1,0,0.0,-0.005004473950153852
477,no_feedback,51,6,3,0,0,-1.0,0.0,1,0,1,0,0.0,-0.005004473950153852
478,no_feedback,51,5,5,1,1,1.0,0.0,0,nan,nan,nan,0.0,-0.005004473950153852
479,no_feedback,51,1,6,1,0,-1.0,0.0,1,1,0,0,0.0,-0.005004473950153852
480,no_feedback,51,3,3,0,1,1.0,0.0,0,nan,nan,nan,0.0,-0.005004473950153852
481,no_feedback,51,8,2,0,0,-1.0,0.0,1,1,0,0,0.0,-0.005004473950153852
482,no_feedback,51,2,5,1,0,-1.0,0.0,1,0,1,0,0.0,-0.005004473950153852
483,no_feedback,51,4,5,1,1,1.0,0.0,0,nan,nan,nan,0.0,-0.005004473950153852
484,no_feedback,51,2,6,1,0,-1.0,0.0,1,1,0,0,0.0,-0.005004473950153852
485,no_feedback,51,1,5,1,0,-1.0,0.0,1,0,1,0,0.0,-0.005004473950153852
486,no_feedback,51,1,5,1,0,-1.0,0.0,1,0,1,0,0.0,-0.005004473950153852
487,no_feedback,51,8,5,1,0,-1.0,0.0,1,0,1,0,0.0,-0.005004473950153852
488,no_feedback,51,7,5,1,0,-1.0,0.0,1,0,1,0,0.0,-0.005004473950153852
489,no_feedback,51,5,5,1,1,1.0,0.0,0,nan,nan,nan,0.0,-0.005004473950153852
490,no_feedback,51,7,4,0,0,-1.0,0.0,1,1,0,0,0.0,-0.005004473950153852
491,no_feedback,51,5,5,1,1,1.0,0.0,0,nan,nan,nan,0.0,-0.005004473950153852
492,no_feedback,51,1,4,0,0,-1.0,0.0,1,1,0,0,0.0,-0.005004473950153852
493,no_feedback,51,7,5,1,0,-1.0,0.0,1,0,1,0,0.0,-0.005004473950153852
494,no_feedback,51,4,5,1,1,1.0,0.0,0,nan,nan,nan,0.0,-0.005004473950153852
495,no_feedback,51,4,4,0,1,1.0,0.0,0,nan,nan,nan,0.0,-0.005004473950153852
496,no_feedback,51,0,3,0,0,-1.0,0.0,1,2,0,0,0.0,-0.005004473950153852
497,no_feedback,51,5,5,1,1,1.0,0.0,0,nan,nan,nan,0.0,-0.005004473950153852
498,no_feedback,51,3,4,0,1,1.0,0.0,0,nan,nan,nan,0.0,-0.005004473950153852
499,no_feedback,51,3,3,0,1,1.0,0.0,0,nan,nan,nan,0.0,-0.005004473950153852
500,no_feedback,51,0,4,1,0,-1.0,0.0,1,3,0,1,0.0,-0.005004473950153852
501,no_feedback,51,0,3,0,0,-1.0,0.0,1,0,1,0,0.0,-0.005004473950153852
502,no_feedback,51,1,5,1,0,-1.0,0.0,1,0,1,0,0.0,-0.005004473950153852
503,no_feedback,51,4,5,1,1,1.0,0.0,0,nan,nan,nan,0.0,-0.005004473950153852
504,no_feedback,51,0,6,1,0,-1.0,0.0,1,1,0,0,0.0,-0.005004473950153852
505,no_feedback,51,1,5,1,0,-1.0,0.0,1,0,1,0,0.0,-0.005004473950153852
506,no_feedback,51,5,5,1,1,1.0,0.0,0,nan,nan,nan,0.0,-0.005004473950153852
507,no_feedback,51,1,6,1,0,-1.0,0.0,1,1,0,0,0.0,-0.005004473950153852
508,no_feedback,51,4,3,0,1,1.0,0.0,0,nan,nan,nan,0.0,-0.005004473950153852
509,no_feedback,51,6,2,0,0,-1.0,0.0,1,1,0,0,0.0,-0.005004473950153852
510,no_feedback,51,6,5,1,1,1.0,0.0,0,nan,nan,nan,0.0,-0.005004473950153852
511,no_feedback,51,5,6,1,1,1.0,0.0,0,nan,nan,nan,0.0,-0.005004473950153852
512,no_feedback,51,2,7,1,0,-1.0,0.0,1,2,0,0,0.0,-0.005004473950153852
513,no_feedback,51,0,5,1,0,-1.0,0.0,1,0,1,0,0.0,-0.005004473950153852
514,no_feedback,51,3,3,0,1,1.0,0.0,0,nan,nan,nan,0.0,-0.005004473950153852
515,no_feedback,51,4,4,1,1,1.0,0.0,0,nan,nan,nan,0.0,-0.005004473950153852
516,no_feedback,51,5,5,1,1,1.0,0.0,0,nan,nan,nan,0.0,-0.005004473950153852
517,no_feedback,51,1,6,1,0,-1.0,0.0,1,3,0,1,0.0,-0.005004473950153852
518,no_feedback,51,5,5,1,1,1.0,0.0,0,nan,nan,nan,0.0,-0.005004473950153852
519,no_feedback,51,0,4,0,0,-1.0,0.0,1,1,0,0,0.0,-0.005004473950153852
520,no_feedback,51,2,5,1,0,-1.0,0.0,1,0,1,0,0.0,-0.005004473950153852
521,no_feedback,51,2,5,1,0,-1.0,0.0,1,0,1,0,0.0,-0.005004473950153852
522,no_feedback,51,5,5,1,1,1.0,0.0,0,nan,nan,nan,0.0,-0.005004473950153852
523,no_feedback,51,0,6,1,0,-1.0,0.0,1,1,0,0,0.0,-0.005004473950153852
524,no_feedback,51,3,3,0,1,1.0,0.0,0,nan,nan,nan,0.0,-0.005004473950153852
525,no_feedback,51,8,4,1,0,-1.0,0.0,1,1,0,0,0.0,-0.005004473950153852
526,no_feedback,51,6,5,1,1,1.0,0.0,0,nan,nan,nan,0.0,-0.005004473950153852
527,no_feedback,51,5,4,0,1,1.0,0.0,0,nan,nan,nan,0.0,-0.005004473950153852
528,no_feedback,51,8,3,0,0,-1.0,0.0,1,2,0,0,0.0,-0.005004473950153852
529,no_feedback,51,5,3,0,0,-1.0,0.0,1,0,1,0,0.0,-0.005004473950153852
530,no_feedback,51,5,5,1,1,1.0,0.0,0,nan,nan,nan,0.0,-0.005004473950153852
531,no_feedback,51,1,6,1,0,-1.0,0.0,1,1,0,0,0.0,-0.005004473950153852
532,no_feedback,51,7,5,1,0,-1.0,0.0,1,0,1,0,0.0,-0.005004473950153852
533,no_feedback,51,6,3,0,0,-1.0,0.0,1,0,1,0,0.0,-0.005004473950153852
534,no_feedback,51,6,3,0,0,-1.0,0.0,1,0,1,0,0.0,-0.005004473950153852
535,no_feedback,51,5,5,1,1,1.0,0.0,0,nan,nan,nan,0.0,-0.005004473950153852
536,no_feedback,51,5,6,1,1,1.0,0.0,0,nan,nan,nan,0.0,-0.005004473950153852
537,no_feedback,51,4,7,1,0,-1.0,0.0,1,2,0,0,0.0,-0.005004473950153852
538,no_feedback,51,3,3,0,1,1.0,0.0,0,nan,nan,nan,0.0,-0.005004473950153852
539,no_feedback,51,1,2,0,1,1.0,0.0,0,nan,nan,nan,0.0,-0.005004473950153852
540,no_feedback,51,6,1,0,0,-1.0,0.0,1,2,0,0,0.0,-0.005004473950153852
541,no_feedback,51,1,5,1,0,-1.0,0.0,1,0,1,0,0.0,-0.005004473950153852
542,no_feedback,51,8,5,1,0,-1.0,0.0,1,0,1,0,0.0,-0.005004473950153852
543,no_feedback,51,8,3,0,0,-1.0,0.0,1,0,1,0,0.0,-0.005004473950153852
544,no_feedback,51,4,3,0,1,1.0,0.0,0,nan,nan,nan,0.0,-0.005004473950153852
545,no_feedback,51,2,2,0,1,1.0,0.0,0,nan,nan,nan,0.0,-0.005004473950153852
546,no_feedback,51,1,1,0,1,1.0,0.0,0,nan,nan,nan,0.0,-0.005004473950153852
547,no_feedback,51,1,0,0,1,1.0,0.0,0,nan,nan,nan,0.0,-0.005004473950153852
548,no_feedback,51,6,0,0,0,-1.0,0.0,1,4,0,1,0.0,-0.005004473950153852
549,no_feedback,51,4,5,1,1,1.0,0.0,0,nan,nan,nan,0.0,-0.005004473950153852
550,no_feedback,51,4,4,0,1,1.0,0.0,0,nan,nan,nan,0.0,-0.005004473950153852
551,no_feedback,51,3,3,0,1,1.0,0.0,0,nan,nan,nan,0.0,-0.005004473950153852
552,no_feedback,51,1,4,1,0,-1.0,0.0,1,3,0,1,0.0,-0.005004473950153852
553,no_feedback,51,6,3,0,0,-1.0,0.0,1,0,1,0,0.0,-0.005004473950153852
554,no_feedback,51,3,3,0,1,1.0,0.0,0,nan,nan,nan,0.0,-0.005004473950153852
555,no_feedback,51,4,4,1,1,1.0,0.0,0,nan,nan,nan,0.0,-0.005004473950153852
556,no_feedback,51,1,5,1,0,-1.0,0.0,1,2,0,0,0.0,-0.005004473950153852
557,no_feedback,51,1,5,1,0,-1.0,0.0,1,0,1,0,0.0,-0.005004473950153852
558,no_feedback,51,2,3,0,1,1.0,0.0,0,nan,nan,nan,0.0,-0.005004473950153852
559,no_feedback,51,7,4,1,0,-1.0,0.0,1,1,0,0,0.0,-0.005004473950153852
560,no_feedback,51,7,5,1,0,-1.0,0.0,1,0,1,0,0.0,-0.005004473950153852
561,no_feedback,51,5,5,1,1,1.0,0.0,0,nan,nan,nan,0.0,-0.005004473950153852
562,no_feedback,51,2,6,1,0,-1.0,0.0,1,1,0,0,0.0,-0.005004473950153852
563,no_feedback,51,8,3,0,0,-1.0,0.0,1,0,1,0,0.0,-0.005004473950153852
564,no_feedback,51,2,5,1,0,-1.0,0.0,1,0,1,0,0.0,-0.005004473950153852
565,no_feedback,51,1,5,1,0,-1.0,0.0,1,0,1,0,0.0,-0.005004473950153852
566,no_feedback,51,6,5,1,1,1.0,0.0,0,nan,nan,nan,0.0,-0.005004473950153852
567,no_feedback,51,5,4,0,1,1.0,0.0,0,nan,nan,nan,0.0,-0.005004473950153852
568,no_feedback,51,2,5,1,0,-1.0,0.0,1,2,0,0,0.0,-0.005004473950153852
569,no_feedback,51,2,3,0,1,1.0,0.0,0,nan,nan,nan,0.0,-0.005004473950153852
570,no_feedback,51,6,4,1,0,-1.0,0.0,1,1,0,0,0.0,-0.005004473950153852
571,no_feedback,51,6,3,0,0,-1.0,0.0,1,0,1,0,0.0,-0.005004473950153852
572,no_feedback,51,1,5,1,0,-1.0,0.0,1,0,1,0,0.0,-0.005004473950153852
573,no_feedback,51,3,3,0,1,1.0,0.0,0,nan,nan,nan,0.0,-0.005004473950153852
574,no_feedback,51,1,2,0,1,1.0,0.0,0,nan,nan,nan,0.0,-0.005004473950153852
575,no_feedback,51,0,3,1,0,-1.0,0.0,1,2,0,0,0.0,-0.005004473950153852
576,no_feedback,51,5,5,1,1,1.0,0.0,0,nan,nan,nan,0.0,-0.005004473950153852
577,no_feedback,51,5,6,1,1,1.0,0.0,0,nan,nan,nan,0.0,-0.005004473950153852
578,no_feedback,51,6,7,1,1,1.0,0.0,0,nan,nan,nan,0.0,-0.005004473950153852
579,no_feedback,51,5,8,1,0,-1.0,0.0,1,3,0,1,0.0,-0.005004473950153852
580,no_feedback,51,5,5,1,1,1.0,0.0,0,nan,nan,nan,0.0,-0.005004473950153852
581,no_feedback,51,0,6,1,0,-1.0,0.0,1,1,0,0,0.0,-0.005004473950153852
582,no_feedback,51,0,3,0,0,-1.0,0.0,1,0,1,0,0.0,-0.005004473950153852
583,no_feedback,51,0,5,1,0,-1.0,0.0,1,0,1,0,0.0,-0.005004473950153852
584,no_feedback,51,6,3,0,0,-1.0,0.0,1,0,1,0,0.0,-0.005004473950153852
585,no_feedback,51,2,3,0,1,1.0,0.0,0,nan,nan,nan,0.0,-0.005004473950153852
586,no_feedback,51,3,2,0,1,1.0,0.0,0,nan,nan,nan,0.0,-0.005004473950153852
587,no_feedback,51,8,1,0,0,-1.0,0.0,1,2,0,0,0.0,-0.005004473950153852
588,no_feedback,51,4,3,0,1,1.0,0.0,0,nan,nan,nan,0.0,-0.005004473950153852
589,no_feedback,51,3,2,0,1,1.0,0.0,0,nan,nan,nan,0.0,-0.005004473950153852
590,no_feedback,51,3,3,1,1,1.0,0.0,0,nan,nan,nan,0.0,-0.005004473950153852
591,no_feedback,51,3,4,1,1,1.0,0.0,0,nan,nan,nan,0.0,-0.005004473950153852
592,no_feedback,51,7,5,1,0,-1.0,0.0,1,4,0,1,0.0,-0.005004473950153852
593,no_feedback,51,4,3,0,1,1.0,0.0,0,nan,nan,nan,0.0,-0.005004473950153852
594,no_feedback,51,6,4,1,0,-1.0,0.0,1,1,0,0,0.0,-0.005004473950153852
595,no_feedback,51,3,3,0,1,1.0,0.0,0,nan,nan,nan,0.0,-0.005004473950153852
596,no_feedback,51,0,4,1,0,-1.0,0.0,1,1,0,0,0.0,-0.005004473950153852
597,no_feedback,51,0,3,0,0,-1.0,0.0,1,0,1,0,0.0,-0.005004473950153852
598,no_feedback,51,7,5,1,0,-1.0,0.0,1,0,1,0,0.0,-0.005004473950153852
599,no_feedback,51,1,5,1,0,-1.0,0.0,1,0,1,0,0.0,-0.005004473950153852
600,no_feedback,51,6,3,0,0,-1.0,0.0,1,0,1,0,0.0,-0.005004473950153852
601,no_feedback,51,6,3,0,0,-1.0,0.0,1,0,1,0,0.0,-0.005004473950153852
602,no_feedback,51,3,3,0,1,1.0,0.0,0,nan,nan,nan,0.0,-0.005004473950153852
603,no_feedback,51,4,4,1,1,1.0,0.0,0,nan,nan,nan,0.0,-0.005004473950153852
604,no_feedback,51,4,5,1,1,1.0,0.0,0,nan,nan,nan,0.0,-0.005004473950153852
605,no_feedback,51,1,4,0,0,-1.0,0.0,1,3,0,1,0.0,-0.005004473950153852
606,no_feedback,51,7,5,1,0,-1.0,0.0,1,0,1,0,0.0,-0.005004473950153852
607,no_feedback,51,4,3,0,1,1.0,0.0,0,nan,nan,nan,0.0,-0.005004473950153852
608,no_feedback,51,3,4,1,1,1.0,0.0,0,nan,nan,nan,0.0,-0.005004473950153852
609,no_feedback,51,4,5,1,1,1.0,0.0,0,nan,nan,nan,0.0,-0.005004473950153852
610,no_feedback,51,0,4,0,0,-1.0,0.0,1,3,0,1,0.0,-0.005004473950153852
611,no_feedback,51,4,5,1,1,1.0,0.0,0,nan,nan,nan,0.0,-0.005004473950153852
612,no_feedback,51,3,4,0,1,1.0,0.0,0,nan,nan,nan,0.0,-0.005004473950153852
613,no_feedback,51,4,5,1,1,1.0,0.0,0,nan,nan,nan,0.0,-0.005004473950153852
614,no_feedback,51,4,4,0,1,1.0,0.0,0,nan,nan,nan,0.0,-0.005004473950153852
615,no_feedback,51,0,5,1,0,-1.0,0.0,1,4,0,1,0.0,-0.005004473950153852
616,no_feedback,51,8,3,0,0,-1.0,0.0,1,0,1,0,0.0,-0.005004473950153852
617,no_feedback,51,8,3,0,0,-1.0,0.0,1,0,1,0,0.0,-0.005004473950153852
618,no_feedback,51,4,5,1,1,1.0,0.0,0,nan,nan,nan,0.0,-0.005004473950153852
619,no_feedback,51,4,4,0,1,1.0,0.0,0,nan,nan,nan,0.0,-0.005004473950153852
620,no_feedback,51,0,3,0,0,-1.0,0.0,1,2,0,0,0.0,-0.005004473950153852
621,no_feedback,51,4,3,0,1,1.0,0.0,0,nan,nan,nan,0.0,-0.005004473950153852
622,no_feedback,51,8,4,1,0,-1.0,0.0,1,1,0,0,0.0,-0.005004473950153852
623,no_feedback,51,2,3,0,1,1.0,0.0,0,nan,nan,nan,0.0,-0.005004473950153852
624,no_feedback,51,5,2,0,0,-1.0,0.0,1,1,0,0,0.0,-0.005004473950153852
625,no_feedback,51,1,5,1,0,-1.0,0.0,1,0,1,0,0.0,-0.005004473950153852
626,no_feedback,51,8,5,1,0,-1.0,0.0,1,0,1,0,0.0,-0.005004473950153852
627,no_feedback,51,7,5,1,0,-1.0,0.0,1,0,1,0,0.0,-0.005004473950153852
628,no_feedback,51,0,5,1,0,-1.0,0.0,1,0,1,0,0.0,-0.005004473950153852
629,no_feedback,51,6,5,1,1,1.0,0.0,0,nan,nan,nan,0.0,-0.005004473950153852
630,no_feedback,51,7,6,1,1,1.0,0.0,0,nan,nan,nan,0.0,-0.005004473950153852
631,no_feedback,51,5,5,0,1,1.0,0.0,0,nan,nan,nan,0.0,-0.005004473950153852
632,no_feedback,51,4,4,0,1,1.0,0.0,0,nan,nan,nan,0.0,-0.005004473950153852
633,no_feedback,51,5,5,1,1,1.0,0.0,0,nan,nan,nan,0.0,-0.005004473950153852
634,no_feedback,51,3,4,0,1,1.0,0.0,0,nan,nan,nan,0.0,-0.005004473950153852
635,no_feedback,51,8,5,1,0,-1.0,0.0,1,6,0,1,0.0,-0.005004473950153852
636,no_feedback,51,7,5,1,0,-1.0,0.0,1,0,1,0,0.0,-0.005004473950153852
637,no_feedback,51,6,5,1,1,1.0,0.0,0,nan,nan,nan,0.0,-0.005004473950153852
638,no_feedback,51,3,4,0,1,1.0,0.0,0,nan,nan,nan,0.0,-0.005004473950153852
639,no_feedback,51,8,5,1,0,-1.0,0.0,1,2,0,0,0.0,-0.005004473950153852
640,no_feedback,51,0,5,1,0,-1.0,0.0,1,0,1,0,0.0,-0.005004473950153852
641,no_feedback,51,1,5,1,0,-1.0,0.0,1,0,1,0,0.0,-0.005004473950153852
642,no_feedback,51,7,5,1,0,-1.0,0.0,1,0,1,0,0.0,-0.005004473950153852
643,no_feedback,51,1,5,1,0,-1.0,0.0,1,0,1,0,0.0,-0.005004473950153852
644,no_feedback,51,4,3,0,1,1.0,0.0,0,nan,nan,nan,0.0,-0.005004473950153852
645,no_feedback,51,1,2,0,1,1.0,0.0,0,nan,nan,nan,0.0,-0.005004473950153852
646,no_feedback,51,6,1,0,0,-1.0,0.0,1,2,0,0,0.0,-0.005004473950153852
647,no_feedback,51,5,5,1,1,1.0,0.0,0,nan,nan,nan,0.0,-0.005004473950153852
648,no_feedback,51,2,6,1,0,-1.0,0.0,1,1,0,0,0.0,-0.005004473950153852
649,no_feedback,51,2,3,0,1,1.0,0.0,0,nan,nan,nan,0.0,-0.005004473950153852
650,no_feedback,51,8,4,1,0,-1.0,0.0,1,1,0,0,0.0,-0.005004473950153852
651,no_feedback,51,6,5,1,1,1.0,0.0,0,nan,nan,nan,0.0,-0.005004473950153852
652,no_feedback,51,7,6,1,1,1.0,0.0,0,nan,nan,nan,0.0,-0.005004473950153852
653,no_feedback,51,2,7,1,0,-1.0,0.0,1,2,0,0,0.0,-0.005004473950153852
654,no_feedback,51,5,5,1,1,1.0,0.0,0,nan,nan,nan,0.0,-0.005004473950153852
655,no_feedback,51,2,6,1,0,-1.0,0.0,1,1,0,0,0.0,-0.005004473950153852
656,no_feedback,51,3,3,0,1,1.0,0.0,0,nan,nan,nan,0.0,-0.005004473950153852
657,no_feedback,51,5,2,0,0,-1.0,0.0,1,1,0,0,0.0,-0.005004473950153852
658,no_feedback,51,7,5,1,0,-1.0,0.0,1,0,1,0,0.0,-0.005004473950153852
659,no_feedback,51,6,3,0,0,-1.0,0.0,1,0,1,0,0.0,-0.005004473950153852
660,no_feedback,51,3,3,0,1,1.0,0.0,0,nan,nan,nan,0.0,-0.005004473950153852
661,no_feedback,51,6,4,1,0,-1.0,0.0,1,1,0,0,0.0,-0.005004473950153852
662,no_feedback,51,1,5,1,0,-1.0,0.0,1,0,1,0,0.0,-0.005004473950153852
663,no_feedback,51,5,5,1,1,1.0,0.0,0,nan,nan,nan,0.0,-0.005004473950153852
664,no_feedback,51,0,4,0,0,-1.0,0.0,1,1,0,0,0.0,-0.005004473950153852
665,no_feedback,51,8,3,0,0,-1.0,0.0,1,0,1,0,0.0,-0.005004473950153852
666,no_feedback,51,3,3,0,1,1.0,0.0,0,nan,nan,nan,0.0,-0.005004473950153852
667,no_feedback,51,4,4,1,1,1.0,0.0,0,nan,nan,nan,0.0,-0.005004473950153852
668,no_feedback,51,2,5,1,0,-1.0,0.0,1,2,0,0,0.0,-0.005004473950153852
669,no_feedback,51,5,3,0,0,-1.0,0.0,1,0,1,0,0.0,-0.005004473950153852
670,no_feedback,51,0,5,1,0,-1.0,0.0,1,0,1,0,0.0,-0.005004473950153852
671,no_feedback,51,5,5,1,1,1.0,0.0,0,nan,nan,nan,0.0,-0.005004473950153852
672,no_feedback,51,5,6,1,1,1.0,0.0,0,nan,nan,nan,0.0,-0.005004473950153852
673,no_feedback,51,1,5,0,0,-1.0,0.0,1,2,0,0,0.0,-0.005004473950153852
674,no_feedback,51,6,3,0,0,-1.0,0.0,1,0,1,0,0.0,-0.005004473950153852
675,no_feedback,51,7,3,0,0,-1.0,0.0,1,0,1,0,0.0,-0.005004473950153852
676,no_feedback,51,0,5,1,0,-1.0,0.0,1,0,1,0,0.0,-0.005004473950153852
677,no_feedback,51,8,5,1,0,-1.0,0.0,1,0,1,0,0.0,-0.005004473950153852
678,no_feedback,51,7,5,1,0,-1.0,0.0,1,0,1,0,0.0,-0.005004473950153852
679,no_feedback,51,5,5,1,1,1.0,0.0,0,nan,nan,nan,0.0,-0.005004473950153852
680,no_feedback,51,0,6,1,0,-1.0,0.0,1,1,0,0,0.0,-0.005004473950153852
681,no_feedback,51,5,5,1,1,1.0,0.0,0,nan,nan,nan,0.0,-0.005004473950153852
682,no_feedback,51,7,4,0,0,-1.0,0.0,1,1,0,0,0.0,-0.005004473950153852
683,no_feedback,51,3,3,0,1,1.0,0.0,0,nan,nan,nan,0.0,-0.005004473950153852
684,no_feedback,51,7,4,1,0,-1.0,0.0,1,1,0,0,0.0,-0.005004473950153852
685,no_feedback,51,0,3,0,0,-1.0,0.0,1,0,1,0,0.0,-0.005004473950153852
686,no_feedback,51,8,3,0,0,-1.0,0.0,1,0,1,0,0.0,-0.005004473950153852
687,no_feedback,51,5,5,1,1,1.0,0.0,0,nan,nan,nan,0.0,-0.005004473950153852
688,no_feedback,51,8,6,1,0,-1.0,0.0,1,1,0,0,0.0,-0.005004473950153852
689,no_feedback,51,3,3,0,1,1.0,0.0,0,nan,nan,nan,0.0,-0.005004473950153852
690,no_feedback,51,5,4,1,1,1.0,0.0,0,nan,nan,nan,0.0,-0.005004473950153852
691,no_feedback,51,5,5,1,1,1.0,0.0,0,nan,nan,nan,0.0,-0.005004473950153852
692,no_feedback,51,6,6,1,1,1.0,0.0,0,nan,nan,nan,0.0,-0.005004473950153852
693,no_feedback,51,7,7,1,1,1.0,0.0,0,nan,nan,nan,0.0,-0.005004473950153852
694,no_feedback,51,7,8,1,1,1.0,0.0,0,nan,nan,nan,0.0,-0.005004473950153852
695,no_feedback,51,5,8,1,0,-1.0,0.0,1,6,0,1,0.0,-0.005004473950153852
696,no_feedback,51,6,5,1,1,1.0,0.0,0,nan,nan,nan,0.0,-0.005004473950153852
697,no_feedback,51,4,4,0,1,1.0,0.0,0,nan,nan,nan,0.0,-0.005004473950153852
698,no_feedback,51,2,3,0,1,1.0,0.0,0,nan,nan,nan,0.0,-0.005004473950153852
699,no_feedback,51,7,2,0,0,-1.0,0.0,1,3,0,1,0.0,-0.005004473950153852
700,no_feedback,51,6,3,0,0,-1.0,0.0,1,0,1,0,0.0,-0.005004473950153852
701,no_feedback,51,2,3,0,1,1.0,0.0,0,nan,nan,nan,0.0,-0.005004473950153852
702,no_feedback,51,5,2,0,0,-1.0,0.0,1,1,0,0,0.0,-0.005004473950153852
703,no_feedback,51,2,5,1,0,-1.0,0.0,1,0,1,0,0.0,-0.005004473950153852
704,no_feedback,51,8,3,0,0,-1.0,0.0,1,0,1,0,0.0,-0.005004473950153852
705,no_feedback,51,2,5,1,0,-1.0,0.0,1,0,1,0,0.0,-0.005004473950153852
706,no_feedback,51,0,3,0,0,-1.0,0.0,1,0,1,0,0.0,-0.005004473950153852
707,no_feedback,51,1,5,1,0,-1.0,0.0,1,0,1,0,0.0,-0.005004473950153852
708,no_feedback,51,5,3,0,0,-1.0,0.0,1,0,1,0,0.0,-0.005004473950153852
709,no_feedback,51,8,5,1,0,-1.0,0.0,1,0,1,0,0.0,-0.005004473950153852
710,no_feedback,51,6,3,0,0,-1.0,0.0,1,0,1,0,0.0,-0.005004473950153852
711,no_feedback,51,6,5,1,1,1.0,0.0,0,nan,nan,nan,0.0,-0.005004473950153852
712,no_feedback,51,3,6,1,0,-1.0,0.0,1,1,0,0,0.0,-0.005004473950153852
713,no_feedback,51,4,5,1,1,1.0,0.0,0,nan,nan,nan,0.0,-0.005004473950153852
714,no_feedback,51,6,6,1,1,1.0,0.0,0,nan,nan,nan,0.0,-0.005004473950153852
715,no_feedback,51,6,5,0,1,1.0,0.0,0,nan,nan,nan,0.0,-0.005004473950153852
716,no_feedback,51,0,4,0,0,-1.0,0.0,1,3,0,1,0.0,-0.005004473950153852
717,no_feedback,51,3,3,0,1,1.0,0.0,0,nan,nan,nan,0.0,-0.005004473950153852
718,no_feedback,51,0,4,1,0,-1.0,0.0,1,1,0,0,0.0,-0.005004473950153852
719,no_feedback,51,5,5,1,1,1.0,0.0,0,nan,nan,nan,0.0,-0.005004473950153852
720,no_feedback,51,5,4,0,1,1.0,0.0,0,nan,nan,nan,0.0,-0.005004473950153852
721,no_feedback,51,5,5,1,1,1.0,0.0,0,nan,nan,nan,0.0,-0.005004473950153852
722,no_feedback,51,5,4,0,1,1.0,0.0,0,nan,nan,nan,0.0,-0.005004473950153852
723,no_feedback,51,7,5,1,0,-1.0,0.0,1,4,0,1,0.0,-0.005004473950153852
724,no_feedback,51,7,5,1,0,-1.0,0.0,1,0,1,0,0.0,-0.005004473950153852
725,no_feedback,51,3,3,0,1,1.0,0.0,0,nan,nan,nan,0.0,-0.005004473950153852
726,no_feedback,51,0,4,1,0,-1.0,0.0,1,1,0,0,0.0,-0.005004473950153852
727,no_feedback,51,0,5,1,0,-1.0,0.0,1,0,1,0,0.0,-0.005004473950153852
728,no_feedback,51,1,5,1,0,-1.0,0.0,1,0,1,0,0.0,-0.005004473950153852
729,no_feedback,51,4,3,0,1,1.0,0.0,0,nan,nan,nan,0.0,-0.005004473950153852
730,no_feedback,51,2,2,0,1,1.0,0.0,0,nan,nan,nan,0.0,-0.005004473950153852
731,no_feedback,51,7,3,1,0,-1.0,0.0,1,2,0,0,0.0,-0.005004473950153852
732,no_feedback,51,7,5,1,0,-1.0,0.0,1,0,1,0,0.0,-0.005004473950153852
733,no_feedback,51,8,5,1,0,-1.0,0.0,1,0,1,0,0.0,-0.005004473950153852
734,no_feedback,51,0,5,1,0,-1.0,0.0,1,0,1,0,0.0,-0.005004473950153852
735,no_feedback,51,1,5,1,0,-1.0,0.0,1,0,1,0,0.0,-0.005004473950153852
736,no_feedback,51,7,5,1,0,-1.0,0.0,1,0,1,0,0.0,-0.005004473950153852
737,no_feedback,51,0,5,1,0,-1.0,0.0,1,0,1,0,0.0,-0.005004473950153852
738,no_feedback,51,8,5,1,0,-1.0,0.0,1,0,1,0,0.0,-0.005004473950153852
739,no_feedback,51,0,5,1,0,-1.0,0.0,1,0,1,0,0.0,-0.005004473950153852
740,no_feedback,51,8,5,1,0,-1.0,0.0,1,0,1,0,0.0,-0.005004473950153852
741,no_feedback,51,4,5,1,1,1.0,0.0,0,nan,nan,nan,0.0,-0.005004473950153852
742,no_feedback,51,5,6,1,1,1.0,0.0,0,nan,nan,nan,0.0,-0.005004473950153852
743,no_feedback,51,0,7,1,0,-1.0,0.0,1,2,0,0,0.0,-0.005004473950153852
744,no_feedback,51,8,3,0,0,-1.0,0.0,1,0,1,0,0.0,-0.005004473950153852
745,no_feedback,51,0,3,0,0,-1.0,0.0,1,0,1,0,0.0,-0.005004473950153852
746,no_feedback,51,3,3,0,1,1.0,0.0,0,nan,nan,nan,0.0,-0.005004473950153852
747,no_feedback,51,6,4,1,0,-1.0,0.0,1,1,0,0,0.0,-0.005004473950153852
748,no_feedback,51,5,5,1,1,1.0,0.0,0,nan,nan,nan,0.0,-0.005004473950153852
749,no_feedback,51,7,4,0,0,-1.0,0.0,1,1,0,0,0.0,-0.005004473950153852
750,no_feedback,51,6,5,1,1,1.0,0.0,0,nan,nan,nan,0.0,-0.005004473950153852
751,no_feedback,51,5,4,0,1,1.0,0.0,0,nan,nan,nan,0.0,-0.005004473950153852
752,no_feedback,51,4,5,1,1,1.0,0.0,0,nan,nan,nan,0.0,-0.005004473950153852
753,no_feedback,51,3,6,1,0,-1.0,0.0,1,3,0,1,0.0,-0.005004473950153852
754,no_feedback,51,8,3,0,0,-1.0,0.0,1,0,1,0,0.0,-0.005004473950153852
755,no_feedback,51,0,5,1,0,-1.0,0.0,1,0,1,0,0.0,-0.005004473950153852
756,no_feedback,51,5,5,1,1,1.0,0.0,0,nan,nan,nan,0.0,-0.005004473950153852
757,no_feedback,51,7,6,1,1,1.0,0.0,0,nan,nan,nan,0.0,-0.005004473950153852
758,no_feedback,51,7,7,1,1,1.0,0.0,0,nan,nan,nan,0.0,-0.005004473950153852
759,no_feedback,51,8,8,1,1,1.0,0.0,0,nan,nan,nan,0.0,-0.005004473950153852
760,no_feedback,51,1,7,0,0,-1.0,0.0,1,4,0,1,0.0,-0.005004473950153852
761,no_feedback,51,8,3,0,0,-1.0,0.0,1,0,1,0,0.0,-0.005004473950153852
762,no_feedback,51,2,5,1,0,-1.0,0.0,1,0,1,0,0.0,-0.005004473950153852
763,no_feedback,51,5,5,1,1,1.0,0.0,0,nan,nan,nan,0.0,-0.005004473950153852
764,no_feedback,51,8,6,1,0,-1.0,0.0,1,1,0,0,0.0,-0.005004473950153852
765,no_feedback,51,7,5,1,0,-1.0,0.0,1,0,1,0,0.0,-0.005004473950153852
766,no_feedback,51,7,5,1,0,-1.0,0.0,1,0,1,0,0.0,-0.005004473950153852
767,no_feedback,51,8,5,1,0,-1.0,0.0,1,0,1,0,0.0,-0.005004473950153852
768,no_feedback,51,4,5,1,1,1.0,0.0,0,nan,nan,nan,0.0,-0.005004473950153852
769,no_feedback,51,1,4,0,0,-1.0,0.0,1,1,0,0,0.0,-0.005004473950153852
770,no_feedback,51,0,5,1,0,-1.0,0.0,1,0,1,0,0.0,-0.005004473950153852
771,no_feedback,51,4,3,0,1,1.0,0.0,0,nan,nan,nan,0.0,-0.005004473950153852
772,no_feedback,51,4,4,1,1,1.0,0.0,0,nan,nan,nan,0.0,-0.005004473950153852
773,no_feedback,51,4,3,0,1,1.0,0.0,0,nan,nan,nan,0.0,-0.005004473950153852
774,no_feedback,51,5,2,0,0,-1.0,0.0,1,3,0,1,0.0,-0.005004473950153852
775,no_feedback,51,6,3,0,0,-1.0,0.0,1,0,1,0,0.0,-0.005004473950153852
776,no_feedback,51,3,3,0,1,1.0,0.0,0,nan,nan,nan,0.0,-0.005004473950153852
777,no_feedback,51,3,2,0,1,1.0,0.0,0,nan,nan,nan,0.0,-0.005004473950153852
778,no_feedback,51,5,3,1,0,-1.0,0.0,1,2,0,0,0.0,-0.005004473950153852
779,no_feedback,51,5,5,1,1,1.0,0.0,0,nan,nan,nan,0.0,-0.005004473950153852
780,no_feedback,51,0,6,1,0,-1.0,0.0,1,1,0,0,0.0,-0.005004473950153852
781,no_feedback,51,2,3,0,1,1.0,0.0,0,nan,nan,nan,0.0,-0.005004473950153852
782,no_feedback,51,0,4,1,0,-1.0,0.0,1,1,0,0,0.0,-0.005004473950153852
783,no_feedback,51,0,3,0,0,-1.0,0.0,1,0,1,0,0.0,-0.005004473950153852
784,no_feedback,51,8,3,0,0,-1.0,0.0,1,0,1,0,0.0,-0.005004473950153852
785,no_feedback,51,2,3,0,1,1.0,0.0,0,nan,nan,nan,0.0,-0.005004473950153852
786,no_feedback,51,6,4,1,0,-1.0,0.0,1,1,0,0,0.0,-0.005004473950153852
787,no_feedback,51,3,3,0,1,1.0,0.0,0,nan,nan,nan,0.0,-0.005004473950153852
788,no_feedback,51,1,2,0,1,1.0,0.0,0,nan,nan,nan,0.0,-0.005004473950153852
789,no_feedback,51,1,1,0,1,1.0,0.0,0,nan,nan,nan,0.0,-0.005004473950153852
790,no_feedback,51,1,2,1,1,1.0,0.0,0,nan,nan,nan,0.0,-0.005004473950153852
791,no_feedback,51,7,3,1,0,-1.0,0.0,1,4,0,1,0.0,-0.005004473950153852
792,no_feedback,51,3,3,0,1,1.0,0.0,0,nan,nan,nan,0.0,-0.005004473950153852
793,no_feedback,51,1,2,0,1,1.0,0.0,0,nan,nan,nan,0.0,-0.005004473950153852
794,no_feedback,51,6,1,0,0,-1.0,0.0,1,2,0,0,0.0,-0.005004473950153852
795,no_feedback,51,6,3,0,0,-1.0,0.0,1,0,1,0,0.0,-0.005004473950153852
796,no_feedback,51,1,5,1,0,-1.0,0.0,1,0,1,0,0.0,-0.005004473950153852
797,no_feedback,51,0,3,0,0,-1.0,0.0,1,0,1,0,0.0,-0.005004473950153852
798,no_feedback,51,0,5,1,0,-1.0,0.0,1,0,1,0,0.0,-0.005004473950153852
799,no_feedback,51,2,5,1,0,-1.0,0.0,1,0,1,0,0.0,-0.005004473950153852
800,no_feedback,51,8,5,1,0,-1.0,0.0,1,0,1,0,0.0,-0.005004473950153852
801,no_feedback,51,2,5,1,0,-1.0,0.0,1,0,1,0,0.0,-0.005004473950153852
802,no_feedback,51,8,5,1,0,-1.0,0.0,1,0,1,0,0.0,-0.005004473950153852
803,no_feedback,51,2,3,0,1,1.0,0.0,0,nan,nan,nan,0.0,-0.005004473950153852
804,no_feedback,51,3,2,0,1,1.0,0.0,0,nan,nan,nan,0.0,-0.005004473950153852
805,no_feedback,51,4,3,1,1,1.0,0.0,0,nan,nan,nan,0.0,-0.005004473950153852
806,no_feedback,51,3,2,0,1,1.0,0.0,0,nan,nan,nan,0.0,-0.005004473950153852
807,no_feedback,51,1,1,0,1,1.0,0.0,0,nan,nan,nan,0.0,-0.005004473950153852
808,no_feedback,51,4,2,1,0,-1.0,0.0,1,5,0,1,0.0,-0.005004473950153852
809,no_feedback,51,0,5,1,0,-1.0,0.0,1,0,1,0,0.0,-0.005004473950153852
810,no_feedback,51,8,5,1,0,-1.0,0.0,1,0,1,0,0.0,-0.005004473950153852
811,no_feedback,51,7,3,0,0,-1.0,0.0,1,0,1,0,0.0,-0.005004473950153852
812,no_feedback,51,8,3,0,0,-1.0,0.0,1,0,1,0,0.0,-0.005004473950153852
813,no_feedback,51,2,5,1,0,-1.0,0.0,1,0,1,0,0.0,-0.005004473950153852
814,no_feedback,51,4,5,1,1,1.0,0.0,0,nan,nan,nan,0.0,-0.005004473950153852
815,no_feedback,51,8,6,1,0,-1.0,0.0,1,1,0,0,0.0,-0.005004473950153852
816,no_feedback,51,3,5,1,0,-1.0,0.0,1,0,1,0,0.0,-0.005004473950153852
817,no_feedback,51,0,5,1,0,-1.0,0.0,1,0,1,0,0.0,-0.005004473950153852
818,no_feedback,51,1,5,1,0,-1.0,0.0,1,0,1,0,0.0,-0.005004473950153852
819,no_feedback,51,8,5,1,0,-1.0,0.0,1,0,1,0,0.0,-0.005004473950153852
820,no_feedback,51,1,5,1,0,-1.0,0.0,1,0,1,0,0.0,-0.005004473950153852
821,no_feedback,51,2,5,1,0,-1.0,0.0,1,0,1,0,0.0,-0.005004473950153852
822,no_feedback,51,2,3,0,1,1.0,0.0,0,nan,nan,nan,0.0,-0.005004473950153852
823,no_feedback,51,8,4,1,0,-1.0,0.0,1,1,0,0,0.0,-0.005004473950153852
824,no_feedback,51,6,3,0,0,-1.0,0.0,1,0,1,0,0.0,-0.005004473950153852
825,no_feedback,51,2,5,1,0,-1.0,0.0,1,0,1,0,0.0,-0.005004473950153852
826,no_feedback,51,7,5,1,0,-1.0,0.0,1,0,1,0,0.0,-0.005004473950153852
827,no_feedback,51,3,3,0,1,1.0,0.0,0,nan,nan,nan,0.0,-0.005004473950153852
828,no_feedback,51,8,4,1,0,-1.0,0.0,1,1,0,0,0.0,-0.005004473950153852
829,no_feedback,51,2,3,0,1,1.0,0.0,0,nan,nan,nan,0.0,-0.005004473950153852
830,no_feedback,51,5,4,1,1,1.0,0.0,0,nan,nan,nan,0.0,-0.005004473950153852
831,no_feedback,51,7,5,1,0,-1.0,0.0,1,2,0,0,0.0,-0.005004473950153852
832,no_feedback,51,8,5,1,0,-1.0,0.0,1,0,1,0,0.0,-0.005004473950153852
833,no_feedback,51,2,5,1,0,-1.0,0.0,1,0,1,0,0.0,-0.005004473950153852
834,no_feedback,51,5,5,1,1,1.0,0.0,0,nan,nan,nan,0.0,-0.005004473950153852
835,no_feedback,51,5,4,0,1,1.0,0.0,0,nan,nan,nan,0.0,-0.005004473950153852
836,no_feedback,51,0,5,1,0,-1.0,0.0,1,2,0,0,0.0,-0.005004473950153852
837,no_feedback,51,8,3,0,0,-1.0,0.0,1,0,1,0,0.0,-0.005004473950153852
838,no_feedback,51,5,5,1,1,1.0,0.0,0,nan,nan,nan,0.0,-0.005004473950153852
839,no_feedback,51,2,6,1,0,-1.0,0.0,1,1,0,0,0.0,-0.005004473950153852
840,no_feedback,51,1,5,1,0,-1.0,0.0,1,0,1,0,0.0,-0.005004473950153852
841,no_feedback,51,4,3,0,1,1.0,0.0,0,nan,nan,nan,0.0,-0.005004473950153852
842,no_feedback,51,7,4,1,0,-1.0,0.0,1,1,0,0,0.0,-0.005004473950153852
843,no_feedback,51,0,3,0,0,-1.0,0.0,1,0,1,0,0.0,-0.005004473950153852
844,no_feedback,51,2,3,0,1,1.0,0.0,0,nan,nan,nan,0.0,-0.005004473950153852
845,no_feedback,51,6,4,1,0,-1.0,0.0,1,1,0,0,0.0,-0.005004473950153852
846,no_feedback,51,8,3,0,0,-1.0,0.0,1,0,1,0,0.0,-0.005004473950153852
847,no_feedback,51,8,5,1,0,-1.0,0.0,1,0,1,0,0.0,-0.005004473950153852
848,no_feedback,51,6,5,1,1,1.0,0.0,0,nan,nan,nan,0.0,-0.005004473950153852
849,no_feedback,51,4,4,0,1,1.0,0.0,0,nan,nan,nan,0.0,-0.005004473950153852
850,no_feedback,51,5,5,1,1,1.0,0.0,0,nan,nan,nan,0.0,-0.005004473950153852
851,no_feedback,51,5,6,1,1,1.0,0.0,0,nan,nan,nan,0.0,-0.005004473950153852
852,no_feedback,51,1,7,1,0,-1.0,0.0,1,4,0,1,0.0,-0.005004473950153852
853,no_feedback,51,0,3,0,0,-1.0,0.0,1,0,1,0,0.0,-0.005004473950153852
854,no_feedback,51,3,3,0,1,1.0,0.0,0,nan,nan,nan,0.0,-0.005004473950153852
855,no_feedback,51,7,4,1,0,-1.0,0.0,1,1,0,0,0.0,-0.005004473950153852
856,no_feedback,51,8,5,1,0,-1.0,0.0,1,0,1,0,0.0,-0.005004473950153852
857,no_feedback,51,6,5,1,1,1.0,0.0,0,nan,nan,nan,0.0,-0.005004473950153852
858,no_feedback,51,7,6,1,1,1.0,0.0,0,nan,nan,nan,0.0,-0.005004473950153852
859,no_feedback,51,7,7,1,1,1.0,0.0,0,nan,nan,nan,0.0,-0.005004473950153852
860,no_feedback,51,5,6,0,1,1.0,0.0,0,nan,nan,nan,0.0,-0.005004473950153852
861,no_feedback,51,3,7,1,0,-1.0,0.0,1,4,0,1,0.0,-0.005004473950153852
862,no_feedback,51,0,3,0,0,-1.0,0.0,1,0,1,0,0.0,-0.005004473950153852
863,no_feedback,51,1,5,1,0,-1.0,0.0,1,0,1,0,0.0,-0.005004473950153852
864,no_feedback,51,8,3,0,0,-1.0,0.0,1,0,1,0,0.0,-0.005004473950153852
865,no_feedback,51,2,3,0,1,1.0,0.0,0,nan,nan,nan,0.0,-0.005004473950153852
866,no_feedback,51,4,4,1,1,1.0,0.0,0,nan,nan,nan,0.0,-0.005004473950153852
867,no_feedback,51,6,5,1,1,1.0,0.0,0,nan,nan,nan,0.0,-0.005004473950153852
868,no_feedback,51,5,4,0,1,1.0,0.0,0,nan,nan,nan,0.0,-0.005004473950153852
869,no_feedback,51,1,5,1,0,-1.0,0.0,1,4,0,1,0.0,-0.005004473950153852
870,no_feedback,51,1,5,1,0,-1.0,0.0,1,0,1,0,0.0,-0.005004473950153852
871,no_feedback,51,5,5,1,1,1.0,0.0,0,nan,nan,nan,0.0,-0.005004473950153852
872,no_feedback,51,0,6,1,0,-1.0,0.0,1,1,0,0,0.0,-0.005004473950153852
873,no_feedback,51,1,5,1,0,-1.0,0.0,1,0,1,0,0.0,-0.005004473950153852
874,no_feedback,51,3,3,0,1,1.0,0.0,0,nan,nan,nan,0.0,-0.005004473950153852
875,no_feedback,51,2,2,0,1,1.0,0.0,0,nan,nan,nan,0.0,-0.005004473950153852
876,no_feedback,51,7,3,1,0,-1.0,0.0,1,2,0,0,0.0,-0.005004473950153852
877,no_feedback,51,1,5,1,0,-1.0,0.0,1,0,1,0,0.0,-0.005004473950153852
878,no_feedback,51,0,3,0,0,-1.0,0.0,1,0,1,0,0.0,-0.005004473950153852
879,no_feedback,51,5,5,1,1,1.0,0.0,0,nan,nan,nan,0.0,-0.005004473950153852
880,no_feedback,51,0,6,1,0,-1.0,0.0,1,1,0,0,0.0,-0.005004473950153852
881,no_feedback,51,0,5,1,0,-1.0,0.0,1,0,1,0,0.0,-0.005004473950153852
882,no_feedback,51,6,3,0,0,-1.0,0.0,1,0,1,0,0.0,-0.005004473950153852
883,no_feedback,51,0,3,0,0,-1.0,0.0,1,0,1,0,0.0,-0.005004473950153852
884,no_feedback,51,4,5,1,1,1.0,0.0,0,nan,nan,nan,0.0,-0.005004473950153852
885,no_feedback,51,8,6,1,0,-1.0,0.0,1,1,0,0,0.0,-0.005004473950153852
886,no_feedback,51,7,5,1,0,-1.0,0.0,1,0,1,0,0.0,-0.005004473950153852
887,no_feedback,51,7,5,1,0,-1.0,0.0,1,0,1,0,0.0,-0.005004473950153852
888,no_feedback,51,5,5,1,1,1.0,0.0,0,nan,nan,nan,0.0,-0.005004473950153852
889,no_feedback,51,5,6,1,1,1.0,0.0,0,nan,nan,nan,0.0,-0.005004473950153852
890,no_feedback,51,3,7,1,0,-1.0,0.0,1,2,0,0,0.0,-0.005004473950153852
891,no_feedback,51,2,5,1,0,-1.0,0.0,1,0,1,0,0.0,-0.005004473950153852
892,no_feedback,51,6,5,1,1,1.0,0.0,0,nan,nan,nan,0.0,-0.005004473950153852
893,no_feedback,51,7,4,0,0,-1.0,0.0,1,1,0,0,0.0,-0.005004473950153852
894,no_feedback,51,3,3,0,1,1.0,0.0,0,nan,nan,nan,0.0,-0.005004473950153852
895,no_feedback,51,6,4,1,0,-1.0,0.0,1,1,0,0,0.0,-0.005004473950153852
896,no_feedback,51,4,5,1,1,1.0,0.0,0,nan,nan,nan,0.0,-0.005004473950153852
897,no_feedback,51,7,4,0,0,-1.0,0.0,1,1,0,0,0.0,-0.005004473950153852
898,no_feedback,51,5,5,1,1,1.0,0.0,0,nan,nan,nan,0.0,-0.005004473950153852
899,no_feedback,51,2,6,1,0,-1.0,0.0,1,1,0,0,0.0,-0.005004473950153852
900,no_feedback,51,8,3,0,0,-1.0,0.0,1,0,1,0,0.0,-0.005004473950153852
901,no_feedback,51,0,3,0,0,-1.0,0.0,1,0,1,0,0.0,-0.005004473950153852
902,no_feedback,51,6,5,1,1,1.0,0.0,0,nan,nan,nan,0.0,-0.005004473950153852
903,no_feedback,51,5,6,1,1,1.0,0.0,0,nan,nan,nan,0.0,-0.005004473950153852
904,no_feedback,51,7,7,1,1,1.0,0.0,0,nan,nan,nan,0.0,-0.005004473950153852
905,no_feedback,51,0,6,0,0,-1.0,0.0,1,3,0,1,0.0,-0.005004473950153852
906,no_feedback,51,5,5,1,1,1.0,0.0,0,nan,nan,nan,0.0,-0.005004473950153852
907,no_feedback,51,8,6,1,0,-1.0,0.0,1,1,0,0,0.0,-0.005004473950153852
908,no_feedback,51,2,5,1,0,-1.0,0.0,1,0,1,0,0.0,-0.005004473950153852
909,no_feedback,51,6,5,1,1,1.0,0.0,0,nan,nan,nan,0.0,-0.005004473950153852
910,no_feedback,51,2,6,1,0,-1.0,0.0,1,1,0,0,0.0,-0.005004473950153852
911,no_feedback,51,7,5,1,0,-1.0,0.0,1,0,1,0,0.0,-0.005004473950153852
912,no_feedback,51,6,5,1,1,1.0,0.0,0,nan,nan,nan,0.0,-0.005004473950153852
913,no_feedback,51,2,6,1,0,-1.0,0.0,1,1,0,0,0.0,-0.005004473950153852
914,no_feedback,51,5,5,1,1,1.0,0.0,0,nan,nan,nan,0.0,-0.005004473950153852
915,no_feedback,51,1,4,0,0,-1.0,0.0,1,1,0,0,0.0,-0.005004473950153852
916,no_feedback,51,2,3,0,1,1.0,0.0,0,nan,nan,nan,0.0,-0.005004473950153852
917,no_feedback,51,1,2,0,1,1.0,0.0,0,nan,nan,nan,0.0,-0.005004473950153852
918,no_feedback,51,8,3,1,0,-1.0,0.0,1,2,0,0,0.0,-0.005004473950153852
919,no_feedback,51,3,3,0,1,1.0,0.0,0,nan,nan,nan,0.0,-0.005004473950153852
920,no_feedback,51,0,4,1,0,-1.0,0.0,1,1,0,0,0.0,-0.005004473950153852
921,no_feedback,51,0,5,1,0,-1.0,0.0,1,0,1,0,0.0,-0.005004473950153852
922,no_feedback,51,1,5,1,0,-1.0,0.0,1,0,1,0,0.0,-0.005004473950153852
923,no_feedback,51,6,5,1,1,1.0,0.0,0,nan,nan,nan,0.0,-0.005004473950153852
924,no_feedback,51,3,6,1,0,-1.0,0.0,1,1,0,0,0.0,-0.005004473950153852
925,no_feedback,51,4,3,0,1,1.0,0.0,0,nan,nan,nan,0.0,-0.005004473950153852
926,no_feedback,51,8,4,1,0,-1.0,0.0,1,1,0,0,0.0,-0.005004473950153852
927,no_feedback,51,3,3,0,1,1.0,0.0,0,nan,nan,nan,0.0,-0.005004473950153852
928,no_feedback,51,2,2,0,1,1.0,0.0,0,nan,nan,nan,0.0,-0.005004473950153852
929,no_feedback,51,3,3,1,1,1.0,0.0,0,nan,nan,nan,0.0,-0.005004473950153852
930,no_feedback,51,8,4,1,0,-1.0,0.0,1,3,0,1,0.0,-0.005004473950153852
931,no_feedback,51,2,3,0,1,1.0,0.0,0,nan,nan,nan,0.0,-0.005004473950153852
932,no_feedback,51,8,4,1,0,-1.0,0.0,1,1,0,0,0.0,-0.005004473950153852
933,no_feedback,51,4,5,1,1,1.0,0.0,0,nan,nan,nan,0.0,-0.005004473950153852
934,no_feedback,51,7,6,1,1,1.0,0.0,0,nan,nan,nan,0.0,-0.005004473950153852
935,no_feedback,51,1,5,0,0,-1.0,0.0,1,2,0,0,0.0,-0.005004473950153852
936,no_feedback,51,3,3,0,1,1.0,0.0,0,nan,nan,nan,0.0,-0.005004473950153852
937,no_feedback,51,0,4,1,0,-1.0,0.0,1,1,0,0,0.0,-0.005004473950153852
938,no_feedback,51,4,3,0,1,1.0,0.0,0,nan,nan,nan,0.0,-0.005004473950153852
939,no_feedback,51,8,4,1,0,-1.0,0.0,1,1,0,0,0.0,-0.005004473950153852
940,no_feedback,51,2,5,1,0,-1.0,0.0,1,0,1,0,0.0,-0.005004473950153852
941,no_feedback,51,5,5,1,1,1.0,0.0,0,nan,nan,nan,0.0,-0.005004473950153852
942,no_feedback,51,3,4,0,1,1.0,0.0,0,nan,nan,nan,0.0,-0.005004473950153852
943,no_feedback,51,1,5,1,0,-1.0,0.0,1,2,0,0,0.0,-0.005004473950153852
944,no_feedback,51,2,3,0,1,1.0,0.0,0,nan,nan,nan,0.0,-0.005004473950153852
945,no_feedback,51,6,4,1,0,-1.0,0.0,1,1,0,0,0.0,-0.005004473950153852
946,no_feedback,51,5,5,1,1,1.0,0.0,0,nan,nan,nan,0.0,-0.005004473950153852
947,no_feedback,51,8,6,1,0,-1.0,0.0,1,1,0,0,0.0,-0.005004473950153852
948,no_feedback,51,0,5,1,0,-1.0,0.0,1,0,1,0,0.0,-0.005004473950153852
949,no_feedback,51,7,5,1,0,-1.0,0.0,1,0,1,0,0.0,-0.005004473950153852
950,no_feedback,51,8,5,1,0,-1.0,0.0,1,0,1,0,0.0,-0.005004473950153852
951,no_feedback,51,6,3,0,0,-1.0,0.0,1,0,1,0,0.0,-0.005004473950153852
952,no_feedback,51,1,5,1,0,-1.0,0.0,1,0,1,0,0.0,-0.005004473950153852
953,no_feedback,51,7,5,1,0,-1.0,0.0,1,0,1,0,0.0,-0.005004473950153852
954,no_feedback,51,3,3,0,1,1.0,0.0,0,nan,nan,nan,0.0,-0.005004473950153852
955,no_feedback,51,2,2,0,1,1.0,0.0,0,nan,nan,nan,0.0,-0.005004473950153852
956,no_feedback,51,5,3,1,0,-1.0,0.0,1,2,0,0,0.0,-0.005004473950153852
957,no_feedback,51,0,5,1,0,-1.0,0.0,1,0,1,0,0.0,-0.005004473950153852
958,no_feedback,51,7,5,1,0,-1.0,0.0,1,0,1,0,0.0,-0.005004473950153852
959,no_feedback,51,1,5,1,0,-1.0,0.0,1,0,1,0,0.0,-0.005004473950153852
960,no_feedback,51,3,3,0,1,1.0,0.0,0,nan,nan,nan,0.0,-0.005004473950153852
961,no_feedback,51,7,4,1,0,-1.0,0.0,1,1,0,0,0.0,-0.005004473950153852
962,no_feedback,51,8,5,1,0,-1.0,0.0,1,0,1,0,0.0,-0.005004473950153852
963,no_feedback,51,1,5,1,0,-1.0,0.0,1,0,1,0,0.0,-0.005004473950153852
964,no_feedback,51,3,3,0,1,1.0,0.0,0,nan,nan,nan,0.0,-0.005004473950153852
965,no_feedback,51,3,2,0,1,1.0,0.0,0,nan,nan,nan,0.0,-0.005004473950153852
966,no_feedback,51,7,3,1,0,-1.0,0.0,1,2,0,0,0.0,-0.005004473950153852
967,no_feedback,51,8,3,0,0,-1.0,0.0,1,0,1,0,0.0,-0.005004473950153852
968,no_feedback,51,6,3,0,0,-1.0,0.0,1,0,1,0,0.0,-0.005004473950153852
969,no_feedback,51,5,5,1,1,1.0,0.0,0,nan,nan,nan,0.0,-0.005004473950153852
970,no_feedback,51,7,6,1,1,1.0,0.0,0,nan,nan,nan,0.0,-0.005004473950153852
971,no_feedback,51,8,7,1,1,1.0,0.0,0,nan,nan,nan,0.0,-0.005004473950153852
972,no_feedback,51,4,8,1,0,-1.0,0.0,1,3,0,1,0.0,-0.005004473950153852
973,no_feedback,51,5,5,1,1,1.0,0.0,0,nan,nan,nan,0.0,-0.005004473950153852
974,no_feedback,51,0,6,1,0,-1.0,0.0,1,1,0,0,0.0,-0.005004473950153852
975,no_feedback,51,1,5,1,0,-1.0,0.0,1,0,1,0,0.0,-0.005004473950153852
976,no_feedback,51,7,5,1,0,-1.0,0.0,1,0,1,0,0.0,-0.005004473950153852
977,no_feedback,51,4,3,0,1,1.0,0.0,0,nan,nan,nan,0.0,-0.005004473950153852
978,no_feedback,51,8,4,1,0,-1.0,0.0,1,1,0,0,0.0,-0.005004473950153852
979,no_feedback,51,5,5,1,1,1.0,0.0,0,nan,nan,nan,0.0,-0.005004473950153852
980,no_feedback,51,1,4,0,0,-1.0,0.0,1,1,0,0,0.0,-0.005004473950153852
981,no_feedback,51,8,3,0,0,-1.0,0.0,1,0,1,0,0.0,-0.005004473950153852
982,no_feedback,51,7,5,1,0,-1.0,0.0,1,0,1,0,0.0,-0.005004473950153852
983,no_feedback,51,8,3,0,0,-1.0,0.0,1,0,1,0,0.0,-0.005004473950153852
984,no_feedback,51,3,3,0,1,1.0,0.0,0,nan,nan,nan,0.0,-0.005004473950153852
985,no_feedback,51,4,4,1,1,1.0,0.0,0,nan,nan,nan,0.0,-0.005004473950153852
986,no_feedback,51,5,5,1,1,1.0,0.0,0,nan,nan,nan,0.0,-0.005004473950153852
987,no_feedback,51,3,6,1,0,-1.0,0.0,1,3,0,1,0.0,-0.005004473950153852
988,no_feedback,51,5,5,1,1,1.0,0.0,0,nan,nan,nan,0.0,-0.005004473950153852
989,no_feedback,51,7,6,1,1,1.0,0.0,0,nan,nan,nan,0.0,-0.005004473950153852
990,no_feedback,51,7,7,1,1,1.0,0.0,0,nan,nan,nan,0.0,-0.005004473950153852
991,no_feedback,51,0,8,1,0,-1.0,0.0,1,3,0,1,0.0,-0.005004473950153852
992,no_feedback,51,7,5,1,0,-1.0,0.0,1,0,1,0,0.0,-0.005004473950153852
993,no_feedback,51,3,3,0,1,1.0,0.0,0,nan,nan,nan,0.0,-0.005004473950153852
994,no_feedback,51,4,4,1,1,1.0,0.0,0,nan,nan,nan,0.0,-0.005004473950153852
995,no_feedback,51,1,5,1,0,-1.0,0.0,1,2,0,0,0.0,-0.005004473950153852
996,no_feedback,51,3,3,0,1,1.0,0.0,0,nan,nan,nan,0.0,-0.005004473950153852
997,no_feedback,51,6,4,1,0,-1.0,0.0,1,1,0,0,0.0,-0.005004473950153852
998,no_feedback,51,2,5,1,0,-1.0,0.0,1,0,1,0,0.0,-0.005004473950153852
999,no_feedback,51,6,3,0,0,-1.0,0.0,1,0,1,0,0.0,-0.005004473950153852
1000,no_feedback,51,5,5,1,1,1.0,0.0,0,nan,nan,nan,0.0,-0.005004473950153852
1001,no_feedback,51,3,6,1,0,-1.0,0.0,1,1,0,0,0.0,-0.005004473950153852
1002,no_feedback,51,8,5,1,0,-1.0,0.0,1,0,1,0,0.0,-0.005004473950153852
1003,no_feedback,51,8,5,1,0,-1.0,0.0,1,0,1,0,0.0,-0.005004473950153852
1004,no_feedback,51,6,5,1,1,1.0,0.0,0,nan,nan,nan,0.0,-0.005004473950153852
1005,no_feedback,51,7,6,1,1,1.0,0.0,0,nan,nan,nan,0.0,-0.005004473950153852
1006,no_feedback,51,4,7,1,0,-1.0,0.0,1,2,0,0,0.0,-0.005004473950153852
1007,no_feedback,51,3,3,0,1,1.0,0.0,0,nan,nan,nan,0.0,-0.005004473950153852
1008,no_feedback,51,3,4,1,1,1.0,0.0,0,nan,nan,nan,0.0,-0.005004473950153852
1009,no_feedback,51,2,3,0,1,1.0,0.0,0,nan,nan,nan,0.0,-0.005004473950153852
1010,no_feedback,51,4,4,1,1,1.0,0.0,0,nan,nan,nan,0.0,-0.005004473950153852
1011,no_feedback,51,0,5,1,0,-1.0,0.0,1,4,0,1,0.0,-0.005004473950153852
1012,no_feedback,51,5,5,1,1,1.0,0.0,0,nan,nan,nan,0.0,-0.005004473950153852
1013,no_feedback,51,1,6,1,0,-1.0,0.0,1,1,0,0,0.0,-0.005004473950153852
1014,no_feedback,51,1,5,1,0,-1.0,0.0,1,0,1,0,0.0,-0.005004473950153852
1015,no_feedback,51,1,5,1,0,-1.0,0.0,1,0,1,0,0.0,-0.005004473950153852
1016,no_feedback,51,2,5,1,0,-1.0,0.0,1,0,1,0,0.0,-0.005004473950153852
1017,no_feedback,51,4,3,0,1,1.0,0.0,0,nan,nan,nan,0.0,-0.005004473950153852
1018,no_feedback,51,2,2,0,1,1.0,0.0,0,nan,nan,nan,0.0,-0.005004473950153852
1019,no_feedback,51,4,1,0,0,-1.0,0.0,1,2,0,0,0.0,-0.005004473950153852
1020,no_feedback,51,1,5,1,0,-1.0,0.0,1,0,1,0,0.0,-0.005004473950153852
1021,no_feedback,51,8,3,0,0,-1.0,0.0,1,0,1,0,0.0,-0.005004473950153852
1022,no_feedback,51,7,5,1,0,-1.0,0.0,1,0,1,0,0.0,-0.005004473950153852
1023,no_feedback,51,6,5,1,1,1.0,0.0,0,nan,nan,nan,0.0,-0.005004473950153852
1024,no_feedback,51,8,6,1,0,-1.0,0.0,1,1,0,0,0.0,-0.005004473950153852
1025,no_feedback,51,2,3,0,1,1.0,0.0,0,nan,nan,nan,0.0,-0.005004473950153852
1026,no_feedback,51,4,4,1,1,1.0,0.0,0,nan,nan,nan,0.0,-0.005004473950153852
1027,no_feedback,51,0,3,0,0,-1.0,0.0,1,2,0,0,0.0,-0.005004473950153852
1028,no_feedback,51,0,3,0,0,-1.0,0.0,1,0,1,0,0.0,-0.005004473950153852
1029,no_feedback,51,7,5,1,0,-1.0,0.0,1,0,1,0,0.0,-0.005004473950153852
1030,no_feedback,51,1,5,1,0,-1.0,0.0,1,0,1,0,0.0,-0.005004473950153852
1031,no_feedback,51,2,5,1,0,-1.0,0.0,1,0,1,0,0.0,-0.005004473950153852
1032,no_feedback,51,8,5,1,0,-1.0,0.0,1,0,1,0,0.0,-0.005004473950153852
1033,no_feedback,51,2,3,0,1,1.0,0.0,0,nan,nan,nan,0.0,-0.005004473950153852
1034,no_feedback,51,0,4,1,0,-1.0,0.0,1,1,0,0,0.0,-0.005004473950153852
1035,no_feedback,51,5,5,1,1,1.0,0.0,0,nan,nan,nan,0.0,-0.005004473950153852
1036,no_feedback,51,8,6,1,0,-1.0,0.0,1,1,0,0,0.0,-0.005004473950153852
1037,no_feedback,51,6,5,1,1,1.0,0.0,0,nan,nan,nan,0.0,-0.005004473950153852
1038,no_feedback,51,2,6,1,0,-1.0,0.0,1,1,0,0,0.0,-0.005004473950153852
1039,no_feedback,51,4,3,0,1,1.0,0.0,0,nan,nan,nan,0.0,-0.005004473950153852
1040,no_feedback,51,2,2,0,1,1.0,0.0,0,nan,nan,nan,0.0,-0.005004473950153852
1041,no_feedback,51,5,3,1,0,-1.0,0.0,1,2,0,0,0.0,-0.005004473950153852
1042,no_feedback,51,3,3,0,1,1.0,0.0,0,nan,nan,nan,0.0,-0.005004473950153852
1043,no_feedback,51,8,4,1,0,-1.0,0.0,1,1,0,0,0.0,-0.005004473950153852
1044,no_feedback,51,6,5,1,1,1.0,0.0,0,nan,nan,nan,0.0,-0.005004473950153852
1045,no_feedback,51,2,6,1,0,-1.0,0.0,1,1,0,0,0.0,-0.005004473950153852
1046,no_feedback,51,7,5,1,0,-1.0,0.0,1,0,1,0,0.0,-0.005004473950153852
1047,no_feedback,51,3,3,0,1,1.0,0.0,0,nan,nan,nan,0.0,-0.005004473950153852
1048,no_feedback,51,8,4,1,0,-1.0,0.0,1,1,0,0,0.0,-0.005004473950153852
1049,no_feedback,51,1,5,1,0,-1.0,0.0,1,0,1,0,0.0,-0.005004473950153852
1050,no_feedback,51,2,5,1,0,-1.0,0.0,1,0,1,0,0.0,-0.005004473950153852
1051,no_feedback,51,0,3,0,0,-1.0,0.0,1,0,1,0,0.0,-0.005004473950153852
1052,no_feedback,51,1,5,1,0,-1.0,0.0,1,0,1,0,0.0,-0.005004473950153852
1053,no_feedback,51,0,3,0,0,-1.0,0.0,1,0,1,0,0.0,-0.005004473950153852
1054,no_feedback,51,4,3,0,1,1.0,0.0,0,nan,nan,nan,0.0,-0.005004473950153852
1055,no_feedback,51,0,4,1,0,-1.0,0.0,1,1,0,0,0.0,-0.005004473950153852
1056,no_feedback,51,0,3,0,0,-1.0,0.0,1,0,1,0,0.0,-0.005004473950153852
1057,no_feedback,51,7,5,1,0,-1.0,0.0,1,0,1,0,0.0,-0.005004473950153852
1058,no_feedback,51,6,5,1,1,1.0,0.0,0,nan,nan,nan,0.0,-0.005004473950153852
1059,no_feedback,51,6,6,1,1,1.0,0.0,0,nan,nan,nan,0.0,-0.005004473950153852
1060,no_feedback,51,3,7,1,0,-1.0,0.0,1,2,0,0,0.0,-0.005004473950153852
1061,no_feedback,51,4,3,0,1,1.0,0.0,0,nan,nan,nan,0.0,-0.005004473950153852
1062,no_feedback,51,6,4,1,0,-1.0,0.0,1,1,0,0,0.0,-0.005004473950153852
1063,no_feedback,51,8,5,1,0,-1.0,0.0,1,0,1,0,0.0,-0.005004473950153852
1064,no_feedback,51,7,5,1,0,-1.0,0.0,1,0,1,0,0.0,-0.005004473950153852
1065,no_feedback,51,0,3,0,0,-1.0,0.0,1,0,1,0,0.0,-0.005004473950153852
1066,no_feedback,51,5,5,1,1,1.0,0.0,0,nan,nan,nan,0.0,-0.005004473950153852
1067,no_feedback,51,1,6,1,0,-1.0,0.0,1,1,0,0,0.0,-0.005004473950153852
1068,no_feedback,51,0,3,0,0,-1.0,0.0,1,0,1,0,0.0,-0.005004473950153852
1069,no_feedback,51,1,5,1,0,-1.0,0.0,1,0,1,0,0.0,-0.005004473950153852
1070,no_feedback,51,2,3,0,1,1.0,0.0,0,nan,nan,nan,0.0,-0.005004473950153852
1071,no_feedback,51,0,4,1,0,-1.0,0.0,1,1,0,0,0.0,-0.005004473950153852
1072,no_feedback,51,3,3,0,1,1.0,0.0,0,nan,nan,nan,0.0,-0.005004473950153852
1073,no_feedback,51,1,4,1,0,-1.0,0.0,1,1,0,0,0.0,-0.005004473950153852
1074,no_feedback,51,7,3,0,0,-1.0,0.0,1,0,1,0,0.0,-0.005004473950153852
1075,no_feedback,51,5,5,1,1,1.0,0.0,0,nan,nan,nan,0.0,-0.005004473950153852
1076,no_feedback,51,2,6,1,0,-1.0,0.0,1,1,0,0,0.0,-0.005004473950153852
1077,no_feedback,51,5,5,1,1,1.0,0.0,0,nan,nan,nan,0.0,-0.005004473950153852
1078,no_feedback,51,8,6,1,0,-1.0,0.0,1,1,0,0,0.0,-0.005004473950153852
1079,no_feedback,51,3,3,0,1,1.0,0.0,0,nan,nan,nan,0.0,-0.005004473950153852
1080,no_feedback,51,0,4,1,0,-1.0,0.0,1,1,0,0,0.0,-0.005004473950153852
1081,no_feedback,51,7,5,1,0,-1.0,0.0,1,0,1,0,0.0,-0.005004473950153852
1082,no_feedback,51,2,5,1,0,-1.0,0.0,1,0,1,0,0.0,-0.005004473950153852
1083,no_feedback,51,5,5,1,1,1.0,0.0,0,nan,nan,nan,0.0,-0.005004473950153852
1084,no_feedback,51,6,6,1,1,1.0,0.0,0,nan,nan,nan,0.0,-0.005004473950153852
1085,no_feedback,51,7,5,0,0,-1.0,0.0,1,2,0,0,0.0,-0.005004473950153852
1086,no_feedback,51,6,5,1,1,1.0,0.0,0,nan,nan,nan,0.0,-0.005004473950153852
1087,no_feedback,51,4,4,0,1,1.0,0.0,0,nan,nan,nan,0.0,-0.005004473950153852
1088,no_feedback,51,5,5,1,1,1.0,0.0,0,nan,nan,nan,0.0,-0.005004473950153852
1089,no_feedback,51,1,6,1,0,-1.0,0.0,1,3,0,1,0.0,-0.005004473950153852
1090,no_feedback,51,3,5,1,0,-1.0,0.0,1,0,1,0,0.0,-0.005004473950153852
1091,no_feedback,51,5,3,0,0,-1.0,0.0,1,0,1,0,0.0,-0.005004473950153852
1092,no_feedback,51,5,5,1,1,1.0,0.0,0,nan,nan,nan,0.0,-0.005004473950153852
1093,no_feedback,51,8,6,1,0,-1.0,0.0,1,1,0,0,0.0,-0.005004473950153852
1094,no_feedback,51,6,5,1,1,1.0,0.0,0,nan,nan,nan,0.0,-0.005004473950153852
1095,no_feedback,51,2,6,1,0,-1.0,0.0,1,1,0,0,0.0,-0.005004473950153852
1096,no_feedback,51,0,5,1,0,-1.0,0.0,1,0,1,0,0.0,-0.005004473950153852
1097,no_feedback,51,8,5,1,0,-1.0,0.0,1,0,1,0,0.0,-0.005004473950153852
1098,no_feedback,51,2,3,0,1,1.0,0.0,0,nan,nan,nan,0.0,-0.005004473950153852
1099,no_feedback,51,5,4,1,1,1.0,0.0,0,nan,nan,nan,0.0,-0.005004473950153852
1100,no_feedback,51,8,3,0,0,-1.0,0.0,1,2,0,0,0.0,-0.005004473950153852
1101,no_feedback,51,4,5,1,1,1.0,0.0,0,nan,nan,nan,0.0,-0.005004473950153852
1102,no_feedback,51,1,4,0,0,-1.0,0.0,1,1,0,0,0.0,-0.005004473950153852
1103,no_feedback,51,5,5,1,1,1.0,0.0,0,nan,nan,nan,0.0,-0.005004473950153852
1104,no_feedback,51,3,4,0,1,1.0,0.0,0,nan,nan,nan,0.0,-0.005004473950153852
1105,no_feedback,51,5,5,1,1,1.0,0.0,0,nan,nan,nan,0.0,-0.005004473950153852
1106,no_feedback,51,5,4,0,1,1.0,0.0,0,nan,nan,nan,0.0,-0.005004473950153852
1107,no_feedback,51,8,3,0,0,-1.0,0.0,1,4,0,1,0.0,-0.005004473950153852
1108,no_feedback,51,6,3,0,0,-1.0,0.0,1,0,1,0,0.0,-0.005004473950153852
1109,no_feedback,51,4,5,1,1,1.0,0.0,0,nan,nan,nan,0.0,-0.005004473950153852
1110,no_feedback,51,3,4,0,1,1.0,0.0,0,nan,nan,nan,0.0,-0.005004473950153852
1111,no_feedback,51,5,5,1,1,1.0,0.0,0,nan,nan,nan,0.0,-0.005004473950153852
1112,no_feedback,51,2,6,1,0,-1.0,0.0,1,3,0,1,0.0,-0.005004473950153852
1113,no_feedback,51,2,5,1,0,-1.0,0.0,1,0,1,0,0.0,-0.005004473950153852
1114,no_feedback,51,5,5,1,1,1.0,0.0,0,nan,nan,nan,0.0,-0.005004473950153852
1115,no_feedback,51,3,6,1,0,-1.0,0.0,1,1,0,0,0.0,-0.005004473950153852
1116,no_feedback,51,8,3,0,0,-1.0,0.0,1,0,1,0,0.0,-0.005004473950153852
1117,no_feedback,51,0,5,1,0,-1.0,0.0,1,0,1,0,0.0,-0.005004473950153852
1118,no_feedback,51,4,3,0,1,1.0,0.0,0,nan,nan,nan,0.0,-0.005004473950153852
1119,no_feedback,51,5,4,1,1,1.0,0.0,0,nan,nan,nan,0.0,-0.005004473950153852
1120,no_feedback,51,4,3,0,1,1.0,0.0,0,nan,nan,nan,0.0,-0.005004473950153852
1121,no_feedback,51,1,4,1,0,-1.0,0.0,1,3,0,1,0.0,-0.005004473950153852
1122,no_feedback,51,8,5,1,0,-1.0,0.0,1,0,1,0,0.0,-0.005004473950153852
1123,no_feedback,51,6,5,1,1,1.0,0.0,0,nan,nan,nan,0.0,-0.005004473950153852
1124,no_feedback,51,5,4,0,1,1.0,0.0,0,nan,nan,nan,0.0,-0.005004473950153852
1125,no_feedback,51,3,3,0,1,1.0,0.0,0,nan,nan,nan,0.0,-0.005004473950153852
1126,no_feedback,51,5,2,0,0,-1.0,0.0,1,3,0,1,0.0,-0.005004473950153852
1127,no_feedback,51,5,3,0,0,-1.0,0.0,1,0,1,0,0.0,-0.005004473950153852
1128,no_feedback,51,8,3,0,0,-1.0,0.0,1,0,1,0,0.0,-0.005004473950153852
1129,no_feedback,51,0,3,0,0,-1.0,0.0,1,0,1,0,0.0,-0.005004473950153852
1130,no_feedback,51,4,5,1,1,1.0,0.0,0,nan,nan,nan,0.0,-0.005004473950153852
1131,no_feedback,51,7,6,1,1,1.0,0.0,0,nan,nan,nan,0.0,-0.005004473950153852
1132,no_feedback,51,8,7,1,1,1.0,0.0,0,nan,nan,nan,0.0,-0.005004473950153852
1133,no_feedback,51,0,8,1,0,-1.0,0.0,1,3,0,1,0.0,-0.005004473950153852
1134,no_feedback,51,2,3,0,1,1.0,0.0,0,nan,nan,nan,0.0,-0.005004473950153852
1135,no_feedback,51,4,4,1,1,1.0,0.0,0,nan,nan,nan,0.0,-0.005004473950153852
1136,no_feedback,51,8,3,0,0,-1.0,0.0,1,2,0,0,0.0,-0.005004473950153852
1137,no_feedback,51,6,5,1,1,1.0,0.0,0,nan,nan,nan,0.0,-0.005004473950153852
1138,no_feedback,51,4,4,0,1,1.0,0.0,0,nan,nan,nan,0.0,-0.005004473950153852
1139,no_feedback,51,5,5,1,1,1.0,0.0,0,nan,nan,nan,0.0,-0.005004473950153852
1140,no_feedback,51,7,6,1,1,1.0,0.0,0,nan,nan,nan,0.0,-0.005004473950153852
1141,no_feedback,51,0,7,1,0,-1.0,0.0,1,4,0,1,0.0,-0.005004473950153852
1142,no_feedback,51,8,5,1,0,-1.0,0.0,1,0,1,0,0.0,-0.005004473950153852
1143,no_feedback,51,4,5,1,1,1.0,0.0,0,nan,nan,nan,0.0,-0.005004473950153852
1144,no_feedback,51,1,6,1,0,-1.0,0.0,1,1,0,0,0.0,-0.005004473950153852
1145,no_feedback,51,0,3,0,0,-1.0,0.0,1,0,1,0,0.0,-0.005004473950153852
1146,no_feedback,51,8,5,1,0,-1.0,0.0,1,0,1,0,0.0,-0.005004473950153852
1147,no_feedback,51,8,3,0,0,-1.0,0.0,1,0,1,0,0.0,-0.005004473950153852
1148,no_feedback,51,6,3,0,0,-1.0,0.0,1,0,1,0,0.0,-0.005004473950153852
1149,no_feedback,51,7,5,1,0,-1.0,0.0,1,0,1,0,0.0,-0.005004473950153852
1150,no_feedback,51,0,3,0,0,-1.0,0.0,1,0,1,0,0.0,-0.005004473950153852
1151,no_feedback,51,1,5,1,0,-1.0,0.0,1,0,1,0,0.0,-0.005004473950153852
1152,no_feedback,51,1,5,1,0,-1.0,0.0,1,0,1,0,0.0,-0.005004473950153852
1153,no_feedback,51,6,3,0,0,-1.0,0.0,1,0,1,0,0.0,-0.005004473950153852
1154,no_feedback,51,3,3,0,1,1.0,0.0,0,nan,nan,nan,0.0,-0.005004473950153852
1155,no_feedback,51,8,4,1,0,-1.0,0.0,1,1,0,0,0.0,-0.005004473950153852
1156,no_feedback,51,7,5,1,0,-1.0,0.0,1,0,1,0,0.0,-0.005004473950153852
1157,no_feedback,51,8,3,0,0,-1.0,0.0,1,0,1,0,0.0,-0.005004473950153852
1158,no_feedback,51,2,3,0,1,1.0,0.0,0,nan,nan,nan,0.0,-0.005004473950153852
1159,no_feedback,51,5,4,1,1,1.0,0.0,0,nan,nan,nan,0.0,-0.005004473950153852
1160,no_feedback,51,2,5,1,0,-1.0,0.0,1,2,0,0,0.0,-0.005004473950153852
1161,no_feedback,51,7,5,1,0,-1.0,0.0,1,0,1,0,0.0,-0.005004473950153852
1162,no_feedback,51,2,3,0,1,1.0,0.0,0,nan,nan,nan,0.0,-0.005004473950153852
1163,no_feedback,51,7,4,1,0,-1.0,0.0,1,1,0,0,0.0,-0.005004473950153852
1164,no_feedback,51,8,3,0,0,-1.0,0.0,1,0,1,0,0.0,-0.005004473950153852
1165,no_feedback,51,5,5,1,1,1.0,0.0,0,nan,nan,nan,0.0,-0.005004473950153852
1166,no_feedback,51,6,6,1,1,1.0,0.0,0,nan,nan,nan,0.0,-0.005004473950153852
1167,no_feedback,51,4,7,1,0,-1.0,0.0,1,2,0,0,0.0,-0.005004473950153852
1168,no_feedback,51,1,5,1,0,-1.0,0.0,1,0,1,0,0.0,-0.005004473950153852
1169,no_feedback,51,5,5,1,1,1.0,0.0,0,nan,nan,nan,0.0,-0.005004473950153852
1170,no_feedback,51,0,6,1,0,-1.0,0.0,1,1,0,0,0.0,-0.005004473950153852
1171,no_feedback,51,8,3,0,0,-1.0,0.0,1,0,1,0,0.0,-0.005004473950153852
1172,no_feedback,51,2,5,1,0,-1.0,0.0,1,0,1,0,0.0,-0.005004473950153852
1173,no_feedback,51,2,3,0,1,1.0,0.0,0,nan,nan,nan,0.0,-0.005004473950153852
1174,no_feedback,51,4,4,1,1,1.0,0.0,0,nan,nan,nan,0.0,-0.005004473950153852
1175,no_feedback,51,2,5,1,0,-1.0,0.0,1,2,0,0,0.0,-0.005004473950153852
1176,no_feedback,51,8,3,0,0,-1.0,0.0,1,0,1,0,0.0,-0.005004473950153852
1177,no_feedback,51,0,5,1,0,-1.0,0.0,1,0,1,0,0.0,-0.005004473950153852
1178,no_feedback,51,4,3,0,1,1.0,0.0,0,nan,nan,nan,0.0,-0.005004473950153852
1179,no_feedback,51,0,4,1,0,-1.0,0.0,1,1,0,0,0.0,-0.005004473950153852
1180,no_feedback,51,1,5,1,0,-1.0,0.0,1,0,1,0,0.0,-0.005004473950153852
1181,no_feedback,51,8,5,1,0,-1.0,0.0,1,0,1,0,0.0,-0.005004473950153852
1182,no_feedback,51,7,5,1,0,-1.0,0.0,1,0,1,0,0.0,-0.005004473950153852
1183,no_feedback,51,5,5,1,1,1.0,0.0,0,nan,nan,nan,0.0,-0.005004473950153852
1184,no_feedback,51,6,6,1,1,1.0,0.0,0,nan,nan,nan,0.0,-0.005004473950153852
1185,no_feedback,51,0,7,1,0,-1.0,0.0,1,2,0,0,0.0,-0.005004473950153852
1186,no_feedback,51,5,3,0,0,-1.0,0.0,1,0,1,0,0.0,-0.005004473950153852
1187,no_feedback,51,3,3,0,1,1.0,0.0,0,nan,nan,nan,0.0,-0.005004473950153852
1188,no_feedback,51,3,4,1,1,1.0,0.0,0,nan,nan,nan,0.0,-0.005004473950153852
1189,no_feedback,51,5,5,1,1,1.0,0.0,0,nan,nan,nan,0.0,-0.005004473950153852
1190,no_feedback,51,1,6,1,0,-1.0,0.0,1,3,0,1,0.0,-0.005004473950153852
1191,no_feedback,51,5,5,1,1,1.0,0.0,0,nan,nan,nan,0.0,-0.005004473950153852
1192,no_feedback,51,2,6,1,0,-1.0,0.0,1,1,0,0,0.0,-0.005004473950153852
1193,no_feedback,51,1,5,1,0,-1.0,0.0,1,0,1,0,0.0,-0.005004473950153852
1194,no_feedback,51,7,5,1,0,-1.0,0.0,1,0,1,0,0.0,-0.005004473950153852
1195,no_feedback,51,6,5,1,1,1.0,0.0,0,nan,nan,nan,0.0,-0.005004473950153852
1196,no_feedback,51,2,6,1,0,-1.0,0.0,1,1,0,0,0.0,-0.005004473950153852
1197,no_feedback,51,1,5,1,0,-1.0,0.0,1,0,1,0,0.0,-0.005004473950153852
1198,no_feedback,51,6,5,1,1,1.0,0.0,0,nan,nan,nan,0.0,-0.005004473950153852
1199,no_feedback,51,3,6,1,0,-1.0,0.0,1,1,0,0,0.0,-0.005004473950153852
1200,no_feedback,51,5,5,1,1,1.0,0.0,0,nan,nan,nan,0.0,-0.005004473950153852
1201,no_feedback,51,7,4,0,0,-1.0,0.0,1,1,0,0,0.0,-0.005004473950153852
1202,no_feedback,51,5,5,1,1,1.0,0.0,0,nan,nan,nan,0.0,-0.005004473950153852
1203,no_feedback,51,0,6,1,0,-1.0,0.0,1,1,0,0,0.0,-0.005004473950153852
1204,no_feedback,51,0,5,1,0,-1.0,0.0,1,0,1,0,0.0,-0.005004473950153852
1205,no_feedback,51,3,3,0,1,1.0,0.0,0,nan,nan,nan,0.0,-0.005004473950153852
1206,no_feedback,51,8,4,1,0,-1.0,0.0,1,1,0,0,0.0,-0.005004473950153852
1207,no_feedback,51,7,3,0,0,-1.0,0.0,1,0,1,0,0.0,-0.005004473950153852
1208,no_feedback,51,0,3,0,0,-1.0,0.0,1,0,1,0,0.0,-0.005004473950153852
1209,no_feedback,51,2,3,0,1,1.0,0.0,0,nan,nan,nan,0.0,-0.005004473950153852
1210,no_feedback,51,8,4,1,0,-1.0,0.0,1,1,0,0,0.0,-0.005004473950153852
1211,no_feedback,51,7,5,1,0,-1.0,0.0,1,0,1,0,0.0,-0.005004473950153852
1212,no_feedback,51,8,5,1,0,-1.0,0.0,1,0,1,0,0.0,-0.005004473950153852
1213,no_feedback,51,6,5,1,1,1.0,0.0,0,nan,nan,nan,0.0,-0.005004473950153852
1214,no_feedback,51,8,6,1,0,-1.0,0.0,1,1,0,0,0.0,-0.005004473950153852
1215,no_feedback,51,7,5,1,0,-1.0,0.0,1,0,1,0,0.0,-0.005004473950153852
1216,no_feedback,51,3,3,0,1,1.0,0.0,0,nan,nan,nan,0.0,-0.005004473950153852
1217,no_feedback,51,2,4,1,0,-1.0,0.0,1,1,0,0,0.0,-0.005004473950153852
1218,no_feedback,51,8,3,0,0,-1.0,0.0,1,0,1,0,0.0,-0.005004473950153852
1219,no_feedback,51,7,5,1,0,-1.0,0.0,1,0,1,0,0.0,-0.005004473950153852
1220,no_feedback,51,6,3,0,0,-1.0,0.0,1,0,1,0,0.0,-0.005004473950153852
1221,no_feedback,51,7,5,1,0,-1.0,0.0,1,0,1,0,0.0,-0.005004473950153852
1222,no_feedback,51,5,5,1,1,1.0,0.0,0,nan,nan,nan,0.0,-0.005004473950153852
1223,no_feedback,51,1,6,1,0,-1.0,0.0,1,1,0,0,0.0,-0.005004473950153852
1224,no_feedback,51,5,5,1,1,1.0,0.0,0,nan,nan,nan,0.0,-0.005004473950153852
1225,no_feedback,51,7,4,0,0,-1.0,0.0,1,1,0,0,0.0,-0.005004473950153852
1226,no_feedback,51,1,3,0,0,-1.0,0.0,1,0,1,0,0.0,-0.005004473950153852
1227,no_feedback,51,3,3,0,1,1.0,0.0,0,nan,nan,nan,0.0,-0.005004473950153852
1228,no_feedback,51,2,2,0,1,1.0,0.0,0,nan,nan,nan,0.0,-0.005004473950153852
1229,no_feedback,51,3,3,1,1,1.0,0.0,0,nan,nan,nan,0.0,-0.005004473950153852
1230,no_feedback,51,0,4,1,0,-1.0,0.0,1,3,0,1,0.0,-0.005004473950153852
1231,no_feedback,51,0,5,1,0,-1.0,0.0,1,0,1,0,0.0,-0.005004473950153852
1232,no_feedback,51,2,5,1,0,-1.0,0.0,1,0,1,0,0.0,-0.005004473950153852
1233,no_feedback,51,3,3,0,1,1.0,0.0,0,nan,nan,nan,0.0,-0.005004473950153852
1234,no_feedback,51,0,4,1,0,-1.0,0.0,1,1,0,0,0.0,-0.005004473950153852
1235,no_feedback,51,3,3,0,1,1.0,0.0,0,nan,nan,nan,0.0,-0.005004473950153852
1236,no_feedback,51,0,4,1,0,-1.0,0.0,1,1,0,0,0.0,-0.005004473950153852
1237,no_feedback,51,7,5,1,0,-1.0,0.0,1,0,1,0,0.0,-0.005004473950153852
1238,no_feedback,51,5,5,1,1,1.0,0.0,0,nan,nan,nan,0.0,-0.005004473950153852
1239,no_feedback,51,0,4,0,0,-1.0,0.0,1,1,0,0,0.0,-0.005004473950153852
1240,no_feedback,51,4,5,1,1,1.0,0.0,0,nan,nan,nan,0.0,-0.005004473950153852
1241,no_feedback,51,8,6,1,0,-1.0,0.0,1,1,0,0,0.0,-0.005004473950153852
1242,no_feedback,51,3,3,0,1,1.0,0.0,0,nan,nan,nan,0.0,-0.005004473950153852
1243,no_feedback,51,6,4,1,0,-1.0,0.0,1,1,0,0,0.0,-0.005004473950153852
1244,no_feedback,51,2,5,1,0,-1.0,0.0,1,0,1,0,0.0,-0.005004473950153852
1245,no_feedback,51,5,5,1,1,1.0,0.0,0,nan,nan,nan,0.0,-0.005004473950153852
1246,no_feedback,51,8,6,1,0,-1.0,0.0,1,1,0,0,0.0,-0.005004473950153852
1247,no_feedback,51,5,3,0,0,-1.0,0.0,1,0,1,0,0.0,-0.005004473950153852
1248,no_feedback,51,2,3,0,1,1.0,0.0,0,nan,nan,nan,0.0,-0.005004473950153852
1249,no_feedback,51,3,4,1,1,1.0,0.0,0,nan,nan,nan,0.0,-0.005004473950153852
1250,no_feedback,51,5,5,1,1,1.0,0.0,0,nan,nan,nan,0.0,-0.005004473950153852
1251,no_feedback,51,5,6,1,1,1.0,0.0,0,nan,nan,nan,0.0,-0.005004473950153852
1252,no_feedback,51,7,7,1,1,1.0,0.0,0,nan,nan,nan,0.0,-0.005004473950153852
1253,no_feedback,51,6,6,0,1,1.0,0.0,0,nan,nan,nan,0.0,-0.005004473950153852
1254,no_feedback,51,6,5,0,1,1.0,0.0,0,nan,nan,nan,0.0,-0.005004473950153852
1255,no_feedback,51,7,4,0,0,-1.0,0.0,1,7,0,1,0.0,-0.005004473950153852
1256,no_feedback,51,1,3,0,0,-1.0,0.0,1,0,1,0,0.0,-0.005004473950153852
1257,no_feedback,51,8,5,1,0,-1.0,0.0,1,0,1,0,0.0,-0.005004473950153852
1258,no_feedback,51,1,5,1,0,-1.0,0.0,1,0,1,0,0.0,-0.005004473950153852
1259,no_feedback,51,5,5,1,1,1.0,0.0,0,nan,nan,nan,0.0,-0.005004473950153852
1260,no_feedback,51,1,6,1,0,-1.0,0.0,1,1,0,0,0.0,-0.005004473950153852
1261,no_feedback,51,7,5,1,0,-1.0,0.0,1,0,1,0,0.0,-0.005004473950153852
1262,no_feedback,51,1,5,1,0,-1.0,0.0,1,0,1,0,0.0,-0.005004473950153852
1263,no_feedback,51,8,5,1,0,-1.0,0.0,1,0,1,0,0.0,-0.005004473950153852
1264,no_feedback,51,4,3,0,1,1.0,0.0,0,nan,nan,nan,0.0,-0.005004473950153852
1265,no_feedback,51,3,2,0,1,1.0,0.0,0,nan,nan,nan,0.0,-0.005004473950153852
1266,no_feedback,51,8,3,1,0,-1.0,0.0,1,2,0,0,0.0,-0.005004473950153852
1267,no_feedback,51,2,5,1,0,-1.0,0.0,1,0,1,0,0.0,-0.005004473950153852
1268,no_feedback,51,8,3,0,0,-1.0,0.0,1,0,1,0,0.0,-0.005004473950153852
1269,no_feedback,51,1,5,1,0,-1.0,0.0,1,0,1,0,0.0,-0.005004473950153852
1270,no_feedback,51,5,5,1,1,1.0,0.0,0,nan,nan,nan,0.0,-0.005004473950153852
1271,no_feedback,51,2,6,1,0,-1.0,0.0,1,1,0,0,0.0,-0.005004473950153852
1272,no_feedback,51,6,3,0,0,-1.0,0.0,1,0,1,0,0.0,-0.005004473950153852
1273,no_feedback,51,7,5,1,0,-1.0,0.0,1,0,1,0,0.0,-0.005004473950153852
1274,no_feedback,51,1,5,1,0,-1.0,0.0,1,0,1,0,0.0,-0.005004473950153852
1275,no_feedback,51,0,5,1,0,-1.0,0.0,1,0,1,0,0.0,-0.005004473950153852
1276,no_feedback,51,0,3,0,0,-1.0,0.0,1,0,1,0,0.0,-0.005004473950153852
1277,no_feedback,51,6,3,0,0,-1.0,0.0,1,0,1,0,0.0,-0.005004473950153852
1278,no_feedback,51,6,3,0,0,-1.0,0.0,1,0,1,0,0.0,-0.005004473950153852
1279,no_feedback,51,2,5,1,0,-1.0,0.0,1,0,1,0,0.0,-0.005004473950153852
1280,no_feedback,51,1,5,1,0,-1.0,0.0,1,0,1,0,0.0,-0.005004473950153852
1281,no_feedback,51,8,5,1,0,-1.0,0.0,1,0,1,0,0.0,-0.005004473950153852
1282,no_feedback,51,0,5,1,0,-1.0,0.0,1,0,1,0,0.0,-0.005004473950153852
1283,no_feedback,51,6,5,1,1,1.0,0.0,0,nan,nan,nan,0.0,-0.005004473950153852
1284,no_feedback,51,7,4,0,0,-1.0,0.0,1,1,0,0,0.0,-0.005004473950153852
1285,no_feedback,51,8,3,0,0,-1.0,0.0,1,0,1,0,0.0,-0.005004473950153852
1286,no_feedback,51,5,5,1,1,1.0,0.0,0,nan,nan,nan,0.0,-0.005004473950153852
1287,no_feedback,51,5,4,0,1,1.0,0.0,0,nan,nan,nan,0.0,-0.005004473950153852
1288,no_feedback,51,3,5,1,0,-1.0,0.0,1,2,0,0,0.0,-0.005004473950153852
1289,no_feedback,51,6,3,0,0,-1.0,0.0,1,0,1,0,0.0,-0.005004473950153852
1290,no_feedback,51,3,3,0,1,1.0,0.0,0,nan,nan,nan,0.0,-0.005004473950153852
1291,no_feedback,51,3,2,0,1,1.0,0.0,0,nan,nan,nan,0.0,-0.005004473950153852
1292,no_feedback,51,7,3,1,0,-1.0,0.0,1,2,0,0,0.0,-0.005004473950153852
1293,no_feedback,51,6,3,0,0,-1.0,0.0,1,0,1,0,0.0,-0.005004473950153852
1294,no_feedback,51,3,3,0,1,1.0,0.0,0,nan,nan,nan,0.0,-0.005004473950153852
1295,no_feedback,51,7,4,1,0,-1.0,0.0,1,1,0,0,0.0,-0.005004473950153852
1296,no_feedback,51,6,3,0,0,-1.0,0.0,1,0,1,0,0.0,-0.005004473950153852
1297,no_feedback,51,3,3,0,1,1.0,0.0,0,nan,nan,nan,0.0,-0.005004473950153852
1298,no_feedback,51,8,4,1,0,-1.0,0.0,1,1,0,0,0.0,-0.005004473950153852
1299,no_feedback,51,6,3,0,0,-1.0,0.0,1,0,1,0,0.0,-0.005004473950153852
1300,no_feedback,51,0,3,0,0,-1.0,0.0,1,0,1,0,0.0,-0.005004473950153852
1301,no_feedback,51,4,3,0,1,1.0,0.0,0,nan,nan,nan,0.0,-0.005004473950153852
1302,no_feedback,51,5,2,0,0,-1.0,0.0,1,1,0,0,0.0,-0.005004473950153852
1303,no_feedback,51,5,5,1,1,1.0,0.0,0,nan,nan,nan,0.0,-0.005004473950153852
1304,no_feedback,51,1,6,1,0,-1.0,0.0,1,1,0,0,0.0,-0.005004473950153852
1305,no_feedback,51,5,5,1,1,1.0,0.0,0,nan,nan,nan,0.0,-0.005004473950153852
1306,no_feedback,51,0,4,0,0,-1.0,0.0,1,1,0,0,0.0,-0.005004473950153852
1307,no_feedback,51,6,5,1,1,1.0,0.0,0,nan,nan,nan,0.0,-0.005004473950153852
1308,no_feedback,51,4,4,0,1,1.0,0.0,0,nan,nan,nan,0.0,-0.005004473950153852
1309,no_feedback,51,0,5,1,0,-1.0,0.0,1,2,0,0,0.0,-0.005004473950153852
1310,no_feedback,51,2,3,0,1,1.0,0.0,0,nan,nan,nan,0.0,-0.005004473950153852
1311,no_feedback,51,8,4,1,0,-1.0,0.0,1,1,0,0,0.0,-0.005004473950153852
1312,no_feedback,51,6,3,0,0,-1.0,0.0,1,0,1,0,0.0,-0.005004473950153852
1313,no_feedback,51,1,5,1,0,-1.0,0.0,1,0,1,0,0.0,-0.005004473950153852
1314,no_feedback,51,2,3,0,1,1.0,0.0,0,nan,nan,nan,0.0,-0.005004473950153852
1315,no_feedback,51,6,4,1,0,-1.0,0.0,1,1,0,0,0.0,-0.005004473950153852
1316,no_feedback,51,5,5,1,1,1.0,0.0,0,nan,nan,nan,0.0,-0.005004473950153852
1317,no_feedback,51,2,6,1,0,-1.0,0.0,1,1,0,0,0.0,-0.005004473950153852
1318,no_feedback,51,3,3,0,1,1.0,0.0,0,nan,nan,nan,0.0,-0.005004473950153852
1319,no_feedback,51,6,4,1,0,-1.0,0.0,1,1,0,0,0.0,-0.005004473950153852
1320,no_feedback,51,4,3,0,1,1.0,0.0,0,nan,nan,nan,0.0,-0.005004473950153852
1321,no_feedback,51,3,4,1,1,1.0,0.0,0,nan,nan,nan,0.0,-0.005004473950153852
1322,no_feedback,51,1,5,1,0,-1.0,0.0,1,2,0,0,0.0,-0.005004473950153852
1323,no_feedback,51,7,5,1,0,-1.0,0.0,1,0,1,0,0.0,-0.005004473950153852
1324,no_feedback,51,3,3,0,1,1.0,0.0,0,nan,nan,nan,0.0,-0.005004473950153852
1325,no_feedback,51,8,4,1,0,-1.0,0.0,1,1,0,0,0.0,-0.005004473950153852
1326,no_feedback,51,5,5,1,1,1.0,0.0,0,nan,nan,nan,0.0,-0.005004473950153852
1327,no_feedback,51,2,6,1,0,-1.0,0.0,1,1,0,0,0.0,-0.005004473950153852
1328,no_feedback,51,4,3,0,1,1.0,0.0,0,nan,nan,nan,0.0,-0.005004473950153852
1329,no_feedback,51,6,4,1,0,-1.0,0.0,1,1,0,0,0.0,-0.005004473950153852
1330,no_feedback,51,7,3,0,0,-1.0,0.0,1,0,1,0,0.0,-0.005004473950153852
1331,no_feedback,51,4,3,0,1,1.0,0.0,0,nan,nan,nan,0.0,-0.005004473950153852
1332,no_feedback,51,1,4,1,0,-1.0,0.0,1,1,0,0,0.0,-0.005004473950153852
1333,no_feedback,51,8,3,0,0,-1.0,0.0,1,0,1,0,0.0,-0.005004473950153852
1334,no_feedback,51,0,5,1,0,-1.0,0.0,1,0,1,0,0.0,-0.005004473950153852
1335,no_feedback,51,3,3,0,1,1.0,0.0,0,nan,nan,nan,0.0,-0.005004473950153852
1336,no_feedback,51,7,2,0,0,-1.0,0.0,1,1,0,0,0.0,-0.005004473950153852
1337,no_feedback,51,2,3,0,1,1.0,0.0,0,nan,nan,nan,0.0,-0.005004473950153852
1338,no_feedback,51,0,4,1,0,-1.0,0.0,1,1,0,0,0.0,-0.005004473950153852
1339,no_feedback,51,7,5,1,0,-1.0,0.0,1,0,1,0,0.0,-0.005004473950153852
1340,no_feedback,51,1,5,1,0,-1.0,0.0,1,0,1,0,0.0,-0.005004473950153852
1341,no_feedback,51,1,5,1,0,-1.0,0.0,1,0,1,0,0.0,-0.005004473950153852
1342,no_feedback,51,0,3,0,0,-1.0,0.0,1,0,1,0,0.0,-0.005004473950153852
1343,no_feedback,51,2,3,0,1,1.0,0.0,0,nan,nan,nan,0.0,-0.005004473950153852
1344,no_feedback,51,0,4,1,0,-1.0,0.0,1,1,0,0,0.0,-0.005004473950153852
1345,no_feedback,51,3,3,0,1,1.0,0.0,0,nan,nan,nan,0.0,-0.005004473950153852
1346,no_feedback,51,3,2,0,1,1.0,0.0,0,nan,nan,nan,0.0,-0.005004473950153852
1347,no_feedback,51,2,1,0,1,1.0,0.0,0,nan,nan,nan,0.0,-0.005004473950153852
1348,no_feedback,51,0,0,0,1,1.0,0.0,0,nan,nan,nan,0.0,-0.005004473950153852
1349,no_feedback,51,2,1,1,1,1.0,0.0,0,nan,nan,nan,0.0,-0.005004473950153852
1350,no_feedback,51,1,0,0,1,1.0,0.0,0,nan,nan,nan,0.0,-0.005004473950153852
1351,no_feedback,51,6,1,1,0,-1.0,0.0,1,6,0,1,0.0,-0.005004473950153852
1352,no_feedback,51,3,3,0,1,1.0,0.0,0,nan,nan,nan,0.0,-0.005004473950153852
1353,no_feedback,51,8,4,1,0,-1.0,0.0,1,1,0,0,0.0,-0.005004473950153852
1354,no_feedback,51,4,5,1,1,1.0,0.0,0,nan,nan,nan,0.0,-0.005004473950153852
1355,no_feedback,51,7,4,0,0,-1.0,0.0,1,1,0,0,0.0,-0.005004473950153852
1356,no_feedback,51,6,5,1,1,1.0,0.0,0,nan,nan,nan,0.0,-0.005004473950153852
1357,no_feedback,51,6,6,1,1,1.0,0.0,0,nan,nan,nan,0.0,-0.005004473950153852
1358,no_feedback,51,8,7,1,1,1.0,0.0,0,nan,nan,nan,0.0,-0.005004473950153852
1359,no_feedback,51,2,6,0,0,-1.0,0.0,1,3,0,1,0.0,-0.005004473950153852
1360,no_feedback,51,1,5,1,0,-1.0,0.0,1,0,1,0,0.0,-0.005004473950153852
1361,no_feedback,51,7,5,1,0,-1.0,0.0,1,0,1,0,0.0,-0.005004473950153852
1362,no_feedback,51,6,3,0,0,-1.0,0.0,1,0,1,0,0.0,-0.005004473950153852
1363,no_feedback,51,8,3,0,0,-1.0,0.0,1,0,1,0,0.0,-0.005004473950153852
1364,no_feedback,51,8,3,0,0,-1.0,0.0,1,0,1,0,0.0,-0.005004473950153852
1365,no_feedback,51,7,5,1,0,-1.0,0.0,1,0,1,0,0.0,-0.005004473950153852
1366,no_feedback,51,0,3,0,0,-1.0,0.0,1,0,1,0,0.0,-0.005004473950153852
1367,no_feedback,51,4,3,0,1,1.0,0.0,0,nan,nan,nan,0.0,-0.005004473950153852
1368,no_feedback,51,1,2,0,1,1.0,0.0,0,nan,nan,nan,0.0,-0.005004473950153852
1369,no_feedback,51,1,3,1,0,-1.0,0.0,1,2,0,0,0.0,-0.005004473950153852
1370,no_feedback,51,6,3,0,0,-1.0,0.0,1,0,1,0,0.0,-0.005004473950153852
1371,no_feedback,51,2,3,0,1,1.0,0.0,0,nan,nan,nan,0.0,-0.005004473950153852
1372,no_feedback,51,3,4,1,1,1.0,0.0,0,nan,nan,nan,0.0,-0.005004473950153852
1373,no_feedback,51,7,5,1,0,-1.0,0.0,1,2,0,0,0.0,-0.005004473950153852
1374,no_feedback,51,3,3,0,1,1.0,0.0,0,nan,nan,nan,0.0,-0.005004473950153852
1375,no_feedback,51,6,4,1,0,-1.0,0.0,1,1,0,0,0.0,-0.005004473950153852
1376,no_feedback,51,2,3,0,1,1.0,0.0,0,nan,nan,nan,0.0,-0.005004473950153852
1377,no_feedback,51,4,4,1,1,1.0,0.0,0,nan,nan,nan,0.0,-0.005004473950153852
1378,no_feedback,51,7,5,1,0,-1.0,0.0,1,2,0,0,0.0,-0.005004473950153852
1379,no_feedback,51,1,5,1,0,-1.0,0.0,1,0,1,0,0.0,-0.005004473950153852
1380,no_feedback,51,7,5,1,0,-1.0,0.0,1,0,1,0,0.0,-0.005004473950153852
1381,no_feedback,51,1,5,1,0,-1.0,0.0,1,0,1,0,0.0,-0.005004473950153852
1382,no_feedback,51,2,5,1,0,-1.0,0.0,1,0,1,0,0.0,-0.005004473950153852
1383,no_feedback,51,3,3,0,1,1.0,0.0,0,nan,nan,nan,0.0,-0.005004473950153852
1384,no_feedback,51,7,2,0,0,-1.0,0.0,1,1,0,0,0.0,-0.005004473950153852
1385,no_feedback,51,7,5,1,0,-1.0,0.0,1,0,1,0,0.0,-0.005004473950153852
1386,no_feedback,51,1,5,1,0,-1.0,0.0,1,0,1,0,0.0,-0.005004473950153852
1387,no_feedback,51,5,5,1,1,1.0,0.0,0,nan,nan,nan,0.0,-0.005004473950153852
1388,no_feedback,51,4,4,0,1,1.0,0.0,0,nan,nan,nan,0.0,-0.005004473950153852
1389,no_feedback,51,6,5,1,1,1.0,0.0,0,nan,nan,nan,0.0,-0.005004473950153852
1390,no_feedback,51,6,6,1,1,1.0,0.0,0,nan,nan,nan,0.0,-0.005004473950153852
1391,no_feedback,51,2,7,1,0,-1.0,0.0,1,4,0,1,0.0,-0.005004473950153852
1392,no_feedback,51,0,5,1,0,-1.0,0.0,1,0,1,0,0.0,-0.005004473950153852
1393,no_feedback,51,4,5,1,1,1.0,0.0,0,nan,nan,nan,0.0,-0.005004473950153852
1394,no_feedback,51,7,6,1,1,1.0,0.0,0,nan,nan,nan,0.0,-0.005004473950153852
1395,no_feedback,51,3,5,0,0,-1.0,0.0,1,2,0,0,0.0,-0.005004473950153852
1396,no_feedback,51,4,3,0,1,1.0,0.0,0,nan,nan,nan,0.0,-0.005004473950153852
1397,no_feedback,51,6,4,1,0,-1.0,0.0,1,1,0,0,0.0,-0.005004473950153852
1398,no_feedback,51,5,5,1,1,1.0,0.0,0,nan,nan,nan,0.0,-0.005004473950153852
1399,no_feedback,51,3,6,1,0,-1.0,0.0,1,1,0,0,0.0,-0.005004473950153852
1400,no_feedback,51,0,3,0,0,-1.0,0.0,1,0,1,0,0.0,-0.005004473950153852
1401,no_feedback,51,6,5,1,1,1.0,0.0,0,nan,nan,nan,0.0,-0.005004473950153852
1402,no_feedback,51,8,6,1,0,-1.0,0.0,1,1,0,0,0.0,-0.005004473950153852
1403,no_feedback,51,8,3,0,0,-1.0,0.0,1,0,1,0,0.0,-0.005004473950153852
1404,no_feedback,51,7,5,1,0,-1.0,0.0,1,0,1,0,0.0,-0.005004473950153852
1405,no_feedback,51,1,5,1,0,-1.0,0.0,1,0,1,0,0.0,-0.005004473950153852
1406,no_feedback,51,8,5,1,0,-1.0,0.0,1,0,1,0,0.0,-0.005004473950153852
1407,no_feedback,51,1,5,1,0,-1.0,0.0,1,0,1,0,0.0,-0.005004473950153852
1408,no_feedback,51,1,5,1,0,-1.0,0.0,1,0,1,0,0.0,-0.005004473950153852
1409,no_feedback,51,0,5,1,0,-1.0,0.0,1,0,1,0,0.0,-0.005004473950153852
1410,no_feedback,51,7,5,1,0,-1.0,0.0,1,0,1,0,0.0,-0.005004473950153852
1411,no_feedback,51,5,5,1,1,1.0,0.0,0,nan,nan,nan,0.0,-0.005004473950153852
1412,no_feedback,51,4,4,0,1,1.0,0.0,0,nan,nan,nan,0.0,-0.005004473950153852
1413,no_feedback,51,5,5,1,1,1.0,0.0,0,nan,nan,nan,0.0,-0.005004473950153852
1414,no_feedback,51,5,4,0,1,1.0,0.0,0,nan,nan,nan,0.0,-0.005004473950153852
1415,no_feedback,51,6,3,0,0,-1.0,0.0,1,4,0,1,0.0,-0.005004473950153852
1416,no_feedback,51,0,3,0,0,-1.0,0.0,1,0,1,0,0.0,-0.005004473950153852
1417,no_feedback,51,6,5,1,1,1.0,0.0,0,nan,nan,nan,0.0,-0.005004473950153852
1418,no_feedback,51,1,6,1,0,-1.0,0.0,1,1,0,0,0.0,-0.005004473950153852
1419,no_feedback,51,8,5,1,0,-1.0,0.0,1,0,1,0,0.0,-0.005004473950153852
1420,no_feedback,51,5,5,1,1,1.0,0.0,0,nan,nan,nan,0.0,-0.005004473950153852
1421,no_feedback,51,0,6,1,0,-1.0,0.0,1,1,0,0,0.0,-0.005004473950153852
1422,no_feedback,51,4,3,0,1,1.0,0.0,0,nan,nan,nan,0.0,-0.005004473950153852
1423,no_feedback,51,3,2,0,1,1.0,0.0,0,nan,nan,nan,0.0,-0.005004473950153852
1424,no_feedback,51,0,3,1,0,-1.0,0.0,1,2,0,0,0.0,-0.005004473950153852
1425,no_feedback,51,4,5,1,1,1.0,0.0,0,nan,nan,nan,0.0,-0.005004473950153852
1426,no_feedback,51,4,6,1,0,-1.0,0.0,1,1,0,0,0.0,-0.005004473950153852
1427,no_feedback,51,8,3,0,0,-1.0,0.0,1,0,1,0,0.0,-0.005004473950153852
1428,no_feedback,51,3,3,0,1,1.0,0.0,0,nan,nan,nan,0.0,-0.005004473950153852
1429,no_feedback,51,0,4,1,0,-1.0,0.0,1,1,0,0,0.0,-0.005004473950153852
1430,no_feedback,51,4,5,1,1,1.0,0.0,0,nan,nan,nan,0.0,-0.005004473950153852
1431,no_feedback,51,4,4,0,1,1.0,0.0,0,nan,nan,nan,0.0,-0.005004473950153852
1432,no_feedback,51,8,5,1,0,-1.0,0.0,1,2,0,0,0.0,-0.005004473950153852
1433,no_feedback,51,3,3,0,1,1.0,0.0,0,nan,nan,nan,0.0,-0.005004473950153852
1434,no_feedback,51,2,2,0,1,1.0,0.0,0,nan,nan,nan,0.0,-0.005004473950153852
1435,no_feedback,51,7,3,1,0,-1.0,0.0,1,2,0,0,0.0,-0.005004473950153852
1436,no_feedback,51,3,3,0,1,1.0,0.0,0,nan,nan,nan,0.0,-0.005004473950153852
1437,no_feedback,51,4,4,1,1,1.0,0.0,0,nan,nan,nan,0.0,-0.005004473950153852
1438,no_feedback,51,5,5,1,1,1.0,0.0,0,nan,nan,nan,0.0,-0.005004473950153852
1439,no_feedback,51,2,6,1,0,-1.0,0.0,1,3,0,1,0.0,-0.005004473950153852
1440,no_feedback,51,7,5,1,0,-1.0,0.0,1,0,1,0,0.0,-0.005004473950153852
1441,no_feedback,51,6,3,0,0,-1.0,0.0,1,0,1,0,0.0,-0.005004473950153852
1442,no_feedback,51,8,3,0,0,-1.0,0.0,1,0,1,0,0.0,-0.005004473950153852
1443,no_feedback,51,0,3,0,0,-1.0,0.0,1,0,1,0,0.0,-0.005004473950153852
1444,no_feedback,51,6,5,1,1,1.0,0.0,0,nan,nan,nan,0.0,-0.005004473950153852
1445,no_feedback,51,7,4,0,0,-1.0,0.0,1,1,0,0,0.0,-0.005004473950153852
1446,no_feedback,51,0,5,1,0,-1.0,0.0,1,0,1,0,0.0,-0.005004473950153852
1447,no_feedback,51,2,5,1,0,-1.0,0.0,1,0,1,0,0.0,-0.005004473950153852
1448,no_feedback,51,4,3,0,1,1.0,0.0,0,nan,nan,nan,0.0,-0.005004473950153852
1449,no_feedback,51,4,4,1,1,1.0,0.0,0,nan,nan,nan,0.0,-0.005004473950153852
1450,no_feedback,51,7,5,1,0,-1.0,0.0,1,2,0,0,0.0,-0.005004473950153852
1451,no_feedback,51,4,3,0,1,1.0,0.0,0,nan,nan,nan,0.0,-0.005004473950153852
1452,no_feedback,51,1,2,0,1,1.0,0.0,0,nan,nan,nan,0.0,-0.005004473950153852
1453,no_feedback,51,2,3,1,1,1.0,0.0,0,nan,nan,nan,0.0,-0.005004473950153852
1454,no_feedback,51,4,4,1,1,1.0,0.0,0,nan,nan,nan,0.0,-0.005004473950153852
1455,no_feedback,51,8,3,0,0,-1.0,0.0,1,4,0,1,0.0,-0.005004473950153852
1456,no_feedback,51,6,5,1,1,1.0,0.0,0,nan,nan,nan,0.0,-0.005004473950153852
1457,no_feedback,51,1,6,1,0,-1.0,0.0,1,1,0,0,0.0,-0.005004473950153852
1458,no_feedback,51,7,5,1,0,-1.0,0.0,1,0,1,0,0.0,-0.005004473950153852
1459,no_feedback,51,3,3,0,1,1.0,0.0,0,nan,nan,nan,0.0,-0.005004473950153852
1460,no_feedback,51,3,2,0,1,1.0,0.0,0,nan,nan,nan,0.0,-0.005004473950153852
1461,no_feedback,51,6,1,0,0,-1.0,0.0,1,2,0,0,0.0,-0.005004473950153852
1462,no_feedback,51,0,3,0,0,-1.0,0.0,1,0,1,0,0.0,-0.005004473950153852
1463,no_feedback,51,4,3,0,1,1.0,0.0,0,nan,nan,nan,0.0,-0.005004473950153852
1464,no_feedback,51,0,4,1,0,-1.0,0.0,1,1,0,0,0.0,-0.005004473950153852
1465,no_feedback,51,3,3,0,1,1.0,0.0,0,nan,nan,nan,0.0,-0.005004473950153852
1466,no_feedback,51,2,2,0,1,1.0,0.0,0,nan,nan,nan,0.0,-0.005004473950153852
1467,no_feedback,51,7,3,1,0,-1.0,0.0,1,2,0,0,0.0,-0.005004473950153852
1468,no_feedback,51,3,3,0,1,1.0,0.0,0,nan,nan,nan,0.0,-0.005004473950153852
1469,no_feedback,51,5,4,1,1,1.0,0.0,0,nan,nan,nan,0.0,-0.005004473950153852
1470,no_feedback,51,4,3,0,1,1.0,0.0,0,nan,nan,nan,0.0,-0.005004473950153852
1471,no_feedback,51,8,4,1,0,-1.0,0.0,1,3,0,1,0.0,-0.005004473950153852
1472,no_feedback,51,8,5,1,0,-1.0,0.0,1,0,1,0,0.0,-0.005004473950153852
1473,no_feedback,51,0,3,0,0,-1.0,0.0,1,0,1,0,0.0,-0.005004473950153852
1474,no_feedback,51,2,5,1,0,-1.0,0.0,1,0,1,0,0.0,-0.005004473950153852
1475,no_feedback,51,2,3,0,1,1.0,0.0,0,nan,nan,nan,0.0,-0.005004473950153852
1476,no_feedback,51,8,4,1,0,-1.0,0.0,1,1,0,0,0.0,-0.005004473950153852
1477,no_feedback,51,6,5,1,1,1.0,0.0,0,nan,nan,nan,0.0,-0.005004473950153852
1478,no_feedback,51,1,6,1,0,-1.0,0.0,1,1,0,0,0.0,-0.005004473950153852
1479,no_feedback,51,4,5,1,1,1.0,0.0,0,nan,nan,nan,0.0,-0.005004473950153852
1480,no_feedback,51,6,6,1,1,1.0,0.0,0,nan,nan,nan,0.0,-0.005004473950153852
1481,no_feedback,51,5,5,0,1,1.0,0.0,0,nan,nan,nan,0.0,-0.005004473950153852
1482,no_feedback,51,3,6,1,0,-1.0,0.0,1,3,0,1,0.0,-0.005004473950153852
1483,no_feedback,51,5,3,0,0,-1.0,0.0,1,0,1,0,0.0,-0.005004473950153852
1484,no_feedback,51,2,5,1,0,-1.0,0.0,1,0,1,0,0.0,-0.005004473950153852
1485,no_feedback,51,7,5,1,0,-1.0,0.0,1,0,1,0,0.0,-0.005004473950153852
1486,no_feedback,51,2,3,0,1,1.0,0.0,0,nan,nan,nan,0.0,-0.005004473950153852
1487,no_feedback,51,6,4,1,0,-1.0,0.0,1,1,0,0,0.0,-0.005004473950153852
1488,no_feedback,51,5,5,1,1,1.0,0.0,0,nan,nan,nan,0.0,-0.005004473950153852
1489,no_feedback,51,5,4,0,1,1.0,0.0,0,nan,nan,nan,0.0,-0.005004473950153852
1490,no_feedback,51,1,5,1,0,-1.0,0.0,1,2,0,0,0.0,-0.005004473950153852
1491,no_feedback,51,7,5,1,0,-1.0,0.0,1,0,1,0,0.0,-0.005004473950153852
1492,no_feedback,51,1,5,1,0,-1.0,0.0,1,0,1,0,0.0,-0.005004473950153852
1493,no_feedback,51,8,3,0,0,-1.0,0.0,1,0,1,0,0.0,-0.005004473950153852
1494,no_feedback,51,2,3,0,1,1.0,0.0,0,nan,nan,nan,0.0,-0.005004473950153852
1495,no_feedback,51,1,2,0,1,1.0,0.0,0,nan,nan,nan,0.0,-0.005004473950153852
1496,no_feedback,51,5,3,1,0,-1.0,0.0,1,2,0,0,0.0,-0.005004473950153852
1497,no_feedback,51,2,5,1,0,-1.0,0.0,1,0,1,0,0.0,-0.005004473950153852
1498,no_feedback,51,0,3,0,0,-1.0,0.0,1,0,1,0,0.0,-0.005004473950153852
1499,no_feedback,51,7,5,1,0,-1.0,0.0,1,0,1,0,0.0,-0.005004473950153852
1500,no_feedback,51,8,5,1,0,-1.0,0.0,1,0,1,0,0.0,-0.005004473950153852
1501,no_feedback,51,1,5,1,0,-1.0,0.0,1,0,1,0,0.0,-0.005004473950153852
1502,no_feedback,51,3,3,0,1,1.0,0.0,0,nan,nan,nan,0.0,-0.005004473950153852
1503,no_feedback,51,5,4,1,1,1.0,0.0,0,nan,nan,nan,0.0,-0.005004473950153852
1504,no_feedback,51,3,3,0,1,1.0,0.0,0,nan,nan,nan,0.0,-0.005004473950153852
1505,no_feedback,51,8,2,0,0,-1.0,0.0,1,3,0,1,0.0,-0.005004473950153852
1506,no_feedback,51,1,5,1,0,-1.0,0.0,1,0,1,0,0.0,-0.005004473950153852
1507,no_feedback,51,8,3,0,0,-1.0,0.0,1,0,1,0,0.0,-0.005004473950153852
1508,no_feedback,51,3,3,0,1,1.0,0.0,0,nan,nan,nan,0.0,-0.005004473950153852
1509,no_feedback,51,5,2,0,0,-1.0,0.0,1,1,0,0,0.0,-0.005004473950153852
1510,no_feedback,51,7,5,1,0,-1.0,0.0,1,0,1,0,0.0,-0.005004473950153852
1511,no_feedback,51,8,5,1,0,-1.0,0.0,1,0,1,0,0.0,-0.005004473950153852
1512,no_feedback,51,7,5,1,0,-1.0,0.0,1,0,1,0,0.0,-0.005004473950153852
1513,no_feedback,51,6,3,0,0,-1.0,0.0,1,0,1,0,0.0,-0.005004473950153852
1514,no_feedback,51,1,5,1,0,-1.0,0.0,1,0,1,0,0.0,-0.005004473950153852
1515,no_feedback,51,3,3,0,1,1.0,0.0,0,nan,nan,nan,0.0,-0.005004473950153852
1516,no_feedback,51,0,4,1,0,-1.0,0.0,1,1,0,0,0.0,-0.005004473950153852
1517,no_feedback,51,0,3,0,0,-1.0,0.0,1,0,1,0,0.0,-0.005004473950153852
1518,no_feedback,51,7,5,1,0,-1.0,0.0,1,0,1,0,0.0,-0.005004473950153852
1519,no_feedback,51,4,3,0,1,1.0,0.0,0,nan,nan,nan,0.0,-0.005004473950153852
1520,no_feedback,51,5,2,0,0,-1.0,0.0,1,1,0,0,0.0,-0.005004473950153852
1521,no_feedback,51,7,5,1,0,-1.0,0.0,1,0,1,0,0.0,-0.005004473950153852
1522,no_feedback,51,4,5,1,1,1.0,0.0,0,nan,nan,nan,0.0,-0.005004473950153852
1523,no_feedback,51,6,6,1,1,1.0,0.0,0,nan,nan,nan,0.0,-0.005004473950153852
1524,no_feedback,51,1,7,1,0,-1.0,0.0,1,2,0,0,0.0,-0.005004473950153852
1525,no_feedback,51,7,5,1,0,-1.0,0.0,1,0,1,0,0.0,-0.005004473950153852
1526,no_feedback,51,3,3,0,1,1.0,0.0,0,nan,nan,nan,0.0,-0.005004473950153852
1527,no_feedback,51,8,4,1,0,-1.0,0.0,1,1,0,0,0.0,-0.005004473950153852
1528,no_feedback,51,5,5,1,1,1.0,0.0,0,nan,nan,nan,0.0,-0.005004473950153852
1529,no_feedback,51,0,6,1,0,-1.0,0.0,1,1,0,0,0.0,-0.005004473950153852
1530,no_feedback,51,1,5,1,0,-1.0,0.0,1,0,1,0,0.0,-0.005004473950153852
1531,no_feedback,51,5,5,1,1,1.0,0.0,0,nan,nan,nan,0.0,-0.005004473950153852
1532,no_feedback,51,5,6,1,1,1.0,0.0,0,nan,nan,nan,0.0,-0.005004473950153852
1533,no_feedback,51,3,7,1,0,-1.0,0.0,1,2,0,0,0.0,-0.005004473950153852
1534,no_feedback,51,3,3,0,1,1.0,0.0,0,nan,nan,nan,0.0,-0.005004473950153852
1535,no_feedback,51,8,4,1,0,-1.0,0.0,1,1,0,0,0.0,-0.005004473950153852
1536,no_feedback,51,1,5,1,0,-1.0,0.0,1,0,1,0,0.0,-0.005004473950153852
1537,no_feedback,51,4,5,1,1,1.0,0.0,0,nan,nan,nan,0.0,-0.005004473950153852
1538,no_feedback,51,6,6,1,1,1.0,0.0,0,nan,nan,nan,0.0,-0.005004473950153852
1539,no_feedback,51,0,7,1,0,-1.0,0.0,1,2,0,0,0.0,-0.005004473950153852
1540,no_feedback,51,3,3,0,1,1.0,0.0,0,nan,nan,nan,0.0,-0.005004473950153852
1541,no_feedback,51,5,2,0,0,-1.0,0.0,1,1,0,0,0.0,-0.005004473950153852
1542,no_feedback,51,6,5,1,1,1.0,0.0,0,nan,nan,nan,0.0,-0.005004473950153852
1543,no_feedback,51,3,4,0,1,1.0,0.0,0,nan,nan,nan,0.0,-0.005004473950153852
1544,no_feedback,51,4,3,0,1,1.0,0.0,0,nan,nan,nan,0.0,-0.005004473950153852
1545,no_feedback,51,4,4,1,1,1.0,0.0,0,nan,nan,nan,0.0,-0.005004473950153852
1546,no_feedback,51,5,5,1,1,1.0,0.0,0,nan,nan,nan,0.0,-0.005004473950153852
1547,no_feedback,51,2,6,1,0,-1.0,0.0,1,5,0,1,0.0,-0.005004473950153852
1548,no_feedback,51,8,5,1,0,-1.0,0.0,1,0,1,0,0.0,-0.005004473950153852
1549,no_feedback,51,7,5,1,0,-1.0,0.0,1,0,1,0,0.0,-0.005004473950153852
1550,no_feedback,51,3,3,0,1,1.0,0.0,0,nan,nan,nan,0.0,-0.005004473950153852
1551,no_feedback,51,0,4,1,0,-1.0,0.0,1,1,0,0,0.0,-0.005004473950153852
1552,no_feedback,51,2,3,0,1,1.0,0.0,0,nan,nan,nan,0.0,-0.005004473950153852
1553,no_feedback,51,2,2,0,1,1.0,0.0,0,nan,nan,nan,0.0,-0.005004473950153852
1554,no_feedback,51,8,3,1,0,-1.0,0.0,1,2,0,0,0.0,-0.005004473950153852
1555,no_feedback,51,0,3,0,0,-1.0,0.0,1,0,1,0,0.0,-0.005004473950153852
1556,no_feedback,51,5,3,0,0,-1.0,0.0,1,0,1,0,0.0,-0.005004473950153852
1557,no_feedback,51,5,5,1,1,1.0,0.0,0,nan,nan,nan,0.0,-0.005004473950153852
1558,no_feedback,51,1,6,1,0,-1.0,0.0,1,1,0,0,0.0,-0.005004473950153852
1559,no_feedback,51,4,5,1,1,1.0,0.0,0,nan,nan,nan,0.0,-0.005004473950153852
1560,no_feedback,51,5,4,0,1,1.0,0.0,0,nan,nan,nan,0.0,-0.005004473950153852
1561,no_feedback,51,8,5,1,0,-1.0,0.0,1,2,0,0,0.0,-0.005004473950153852
1562,no_feedback,51,0,5,1,0,-1.0,0.0,1,0,1,0,0.0,-0.005004473950153852
1563,no_feedback,51,8,5,1,0,-1.0,0.0,1,0,1,0,0.0,-0.005004473950153852
1564,no_feedback,51,8,5,1,0,-1.0,0.0,1,0,1,0,0.0,-0.005004473950153852
1565,no_feedback,51,1,5,1,0,-1.0,0.0,1,0,1,0,0.0,-0.005004473950153852
1566,no_feedback,51,5,5,1,1,1.0,0.0,0,nan,nan,nan,0.0,-0.005004473950153852
1567,no_feedback,51,8,6,1,0,-1.0,0.0,1,1,0,0,0.0,-0.005004473950153852
1568,no_feedback,51,8,5,1,0,-1.0,0.0,1,0,1,0,0.0,-0.005004473950153852
1569,no_feedback,51,1,5,1,0,-1.0,0.0,1,0,1,0,0.0,-0.005004473950153852
1570,no_feedback,51,6,3,0,0,-1.0,0.0,1,0,1,0,0.0,-0.005004473950153852
1571,no_feedback,51,0,5,1,0,-1.0,0.0,1,0,1,0,0.0,-0.005004473950153852
1572,no_feedback,51,2,3,0,1,1.0,0.0,0,nan,nan,nan,0.0,-0.005004473950153852
1573,no_feedback,51,6,4,1,0,-1.0,0.0,1,1,0,0,0.0,-0.005004473950153852
1574,no_feedback,51,3,3,0,1,1.0,0.0,0,nan,nan,nan,0.0,-0.005004473950153852
1575,no_feedback,51,0,4,1,0,-1.0,0.0,1,1,0,0,0.0,-0.005004473950153852
1576,no_feedback,51,6,5,1,1,1.0,0.0,0,nan,nan,nan,0.0,-0.005004473950153852
1577,no_feedback,51,2,6,1,0,-1.0,0.0,1,1,0,0,0.0,-0.005004473950153852
1578,no_feedback,51,3,3,0,1,1.0,0.0,0,nan,nan,nan,0.0,-0.005004473950153852
1579,no_feedback,51,5,2,0,0,-1.0,0.0,1,1,0,0,0.0,-0.005004473950153852
1580,no_feedback,51,1,5,1,0,-1.0,0.0,1,0,1,0,0.0,-0.005004473950153852
1581,no_feedback,51,5,5,1,1,1.0,0.0,0,nan,nan,nan,0.0,-0.005004473950153852
1582,no_feedback,51,3,6,1,0,-1.0,0.0,1,1,0,0,0.0,-0.005004473950153852
1583,no_feedback,51,0,5,1,0,-1.0,0.0,1,0,1,0,0.0,-0.005004473950153852
1584,no_feedback,51,8,5,1,0,-1.0,0.0,1,0,1,0,0.0,-0.005004473950153852
1585,no_feedback,51,6,3,0,0,-1.0,0.0,1,0,1,0,0.0,-0.005004473950153852
1586,no_feedback,51,6,5,1,1,1.0,0.0,0,nan,nan,nan,0.0,-0.005004473950153852
1587,no_feedback,51,1,4,0,0,-1.0,0.0,1,1,0,0,0.0,-0.005004473950153852
1588,no_feedback,51,5,5,1,1,1.0,0.0,0,nan,nan,nan,0.0,-0.005004473950153852
1589,no_feedback,51,5,6,1,1,1.0,0.0,0,nan,nan,nan,0.0,-0.005004473950153852
1590,no_feedback,51,2,5,0,0,-1.0,0.0,1,2,0,0,0.0,-0.005004473950153852
1591,no_feedback,51,6,3,0,0,-1.0,0.0,1,0,1,0,0.0,-0.005004473950153852
1592,no_feedback,51,3,3,0,1,1.0,0.0,0,nan,nan,nan,0.0,-0.005004473950153852
1593,no_feedback,51,2,2,0,1,1.0,0.0,0,nan,nan,nan,0.0,-0.005004473950153852
1594,no_feedback,51,1,1,0,1,1.0,0.0,0,nan,nan,nan,0.0,-0.005004473950153852
1595,no_feedback,51,2,2,1,1,1.0,0.0,0,nan,nan,nan,0.0,-0.005004473950153852
1596,no_feedback,51,5,3,1,0,-1.0,0.0,1,4,0,1,0.0,-0.005004473950153852
1597,no_feedback,51,5,5,1,1,1.0,0.0,0,nan,nan,nan,0.0,-0.005004473950153852
1598,no_feedback,51,2,6,1,0,-1.0,0.0,1,1,0,0,0.0,-0.005004473950153852
1599,no_feedback,51,3,3,0,1,1.0,0.0,0,nan,nan,nan,0.0,-0.005004473950153852
1600,no_feedback,51,4,4,1,1,1.0,0.0,0,nan,nan,nan,0.0,-0.005004473950153852
1601,no_feedback,51,8,5,1,0,-1.0,0.0,1,2,0,0,0.0,-0.005004473950153852
1602,no_feedback,51,0,5,1,0,-1.0,0.0,1,0,1,0,0.0,-0.005004473950153852
1603,no_feedback,51,5,5,1,1,1.0,0.0,0,nan,nan,nan,0.0,-0.005004473950153852
1604,no_feedback,51,2,4,0,0,-1.0,0.0,1,1,0,0,0.0,-0.005004473950153852
1605,no_feedback,51,4,3,0,1,1.0,0.0,0,nan,nan,nan,0.0,-0.005004473950153852
1606,no_feedback,51,3,2,0,1,1.0,0.0,0,nan,nan,nan,0.0,-0.005004473950153852
1607,no_feedback,51,7,1,0,0,-1.0,0.0,1,2,0,0,0.0,-0.005004473950153852
1608,no_feedback,51,0,3,0,0,-1.0,0.0,1,0,1,0,0.0,-0.005004473950153852
1609,no_feedback,51,3,3,0,1,1.0,0.0,0,nan,nan,nan,0.0,-0.005004473950153852
1610,no_feedback,51,3,4,1,1,1.0,0.0,0,nan,nan,nan,0.0,-0.005004473950153852
1611,no_feedback,51,1,5,1,0,-1.0,0.0,1,2,0,0,0.0,-0.005004473950153852
1612,no_feedback,51,0,3,0,0,-1.0,0.0,1,0,1,0,0.0,-0.005004473950153852
1613,no_feedback,51,2,3,0,1,1.0,0.0,0,nan,nan,nan,0.0,-0.005004473950153852
1614,no_feedback,51,4,4,1,1,1.0,0.0,0,nan,nan,nan,0.0,-0.005004473950153852
1615,no_feedback,51,0,3,0,0,-1.0,0.0,1,2,0,0,0.0,-0.005004473950153852
1616,no_feedback,51,6,3,0,0,-1.0,0.0,1,0,1,0,0.0,-0.005004473950153852
1617,no_feedback,51,4,3,0,1,1.0,0.0,0,nan,nan,nan,0.0,-0.005004473950153852
1618,no_feedback,51,8,4,1,0,-1.0,0.0,1,1,0,0,0.0,-0.005004473950153852
1619,no_feedback,51,4,3,0,1,1.0,0.0,0,nan,nan,nan,0.0,-0.005004473950153852
1620,no_feedback,51,1,4,1,0,-1.0,0.0,1,1,0,0,0.0,-0.005004473950153852
1621,no_feedback,51,3,3,0,1,1.0,0.0,0,nan,nan,nan,0.0,-0.005004473950153852
1622,no_feedback,51,6,4,1,0,-1.0,0.0,1,1,0,0,0.0,-0.005004473950153852
1623,no_feedback,51,1,5,1,0,-1.0,0.0,1,0,1,0,0.0,-0.005004473950153852
1624,no_feedback,51,8,3,0,0,-1.0,0.0,1,0,1,0,0.0,-0.005004473950153852
1625,no_feedback,51,3,3,0,1,1.0,0.0,0,nan,nan,nan,0.0,-0.005004473950153852
1626,no_feedback,51,2,2,0,1,1.0,0.0,0,nan,nan,nan,0.0,-0.005004473950153852
1627,no_feedback,51,1,1,0,1,1.0,0.0,0,nan,nan,nan,0.0,-0.005004473950153852
1628,no_feedback,51,7,2,1,0,-1.0,0.0,1,3,0,1,0.0,-0.005004473950153852
1629,no_feedback,51,2,3,0,1,1.0,0.0,0,nan,nan,nan,0.0,-0.005004473950153852
1630,no_feedback,51,6,4,1,0,-1.0,0.0,1,1,0,0,0.0,-0.005004473950153852
1631,no_feedback,51,1,5,1,0,-1.0,0.0,1,0,1,0,0.0,-0.005004473950153852
1632,no_feedback,51,5,5,1,1,1.0,0.0,0,nan,nan,nan,0.0,-0.005004473950153852
1633,no_feedback,51,0,6,1,0,-1.0,0.0,1,1,0,0,0.0,-0.005004473950153852
1634,no_feedback,51,8,3,0,0,-1.0,0.0,1,0,1,0,0.0,-0.005004473950153852
1635,no_feedback,51,2,5,1,0,-1.0,0.0,1,0,1,0,0.0,-0.005004473950153852
1636,no_feedback,51,4,5,1,1,1.0,0.0,0,nan,nan,nan,0.0,-0.005004473950153852
1637,no_feedback,51,3,4,0,1,1.0,0.0,0,nan,nan,nan,0.0,-0.005004473950153852
1638,no_feedback,51,7,5,1,0,-1.0,0.0,1,2,0,0,0.0,-0.005004473950153852
1639,no_feedback,51,1,5,1,0,-1.0,0.0,1,0,1,0,0.0,-0.005004473950153852
1640,no_feedback,51,4,3,0,1,1.0,0.0,0,nan,nan,nan,0.0,-0.005004473950153852
1641,no_feedback,51,8,4,1,0,-1.0,0.0,1,1,0,0,0.0,-0.005004473950153852
1642,no_feedback,51,4,5,1,1,1.0,0.0,0,nan,nan,nan,0.0,-0.005004473950153852
1643,no_feedback,51,6,6,1,1,1.0,0.0,0,nan,nan,nan,0.0,-0.005004473950153852
1644,no_feedback,51,5,7,1,0,-1.0,0.0,1,2,0,0,0.0,-0.005004473950153852
1645,no_feedback,51,2,3,0,1,1.0,0.0,0,nan,nan,nan,0.0,-0.005004473950153852
1646,no_feedback,51,8,4,1,0,-1.0,0.0,1,1,0,0,0.0,-0.005004473950153852
1647,no_feedback,51,0,5,1,0,-1.0,0.0,1,0,1,0,0.0,-0.005004473950153852
1648,no_feedback,51,7,5,1,0,-1.0,0.0,1,0,1,0,0.0,-0.005004473950153852
1649,no_feedback,51,6,5,1,1,1.0,0.0,0,nan,nan,nan,0.0,-0.005004473950153852
1650,no_feedback,51,2,6,1,0,-1.0,0.0,1,1,0,0,0.0,-0.005004473950153852
1651,no_feedback,51,4,3,0,1,1.0,0.0,0,nan,nan,nan,0.0,-0.005004473950153852
1652,no_feedback,51,1,2,0,1,1.0,0.0,0,nan,nan,nan,0.0,-0.005004473950153852
1653,no_feedback,51,4,1,0,0,-1.0,0.0,1,2,0,0,0.0,-0.005004473950153852
1654,no_feedback,51,1,5,1,0,-1.0,0.0,1,0,1,0,0.0,-0.005004473950153852
1655,no_feedback,51,7,5,1,0,-1.0,0.0,1,0,1,0,0.0,-0.005004473950153852
1656,no_feedback,51,6,5,1,1,1.0,0.0,0,nan,nan,nan,0.0,-0.005004473950153852
1657,no_feedback,51,3,4,0,1,1.0,0.0,0,nan,nan,nan,0.0,-0.005004473950153852
1658,no_feedback,51,6,5,1,1,1.0,0.0,0,nan,nan,nan,0.0,-0.005004473950153852
1659,no_feedback,51,7,6,1,1,1.0,0.0,0,nan,nan,nan,0.0,-0.005004473950153852
1660,no_feedback,51,1,5,0,0,-1.0,0.0,1,4,0,1,0.0,-0.005004473950153852
1661,no_feedback,51,6,3,0,0,-1.0,0.0,1,0,1,0,0.0,-0.005004473950153852
1662,no_feedback,51,1,5,1,0,-1.0,0.0,1,0,1,0,0.0,-0.005004473950153852
1663,no_feedback,51,4,3,0,1,1.0,0.0,0,nan,nan,nan,0.0,-0.005004473950153852
1664,no_feedback,51,6,4,1,0,-1.0,0.0,1,1,0,0,0.0,-0.005004473950153852
1665,no_feedback,51,8,5,1,0,-1.0,0.0,1,0,1,0,0.0,-0.005004473950153852
1666,no_feedback,51,3,3,0,1,1.0,0.0,0,nan,nan,nan,0.0,-0.005004473950153852
1667,no_feedback,51,4,4,1,1,1.0,0.0,0,nan,nan,nan,0.0,-0.005004473950153852
1668,no_feedback,51,3,5,1,0,-1.0,0.0,1,2,0,0,0.0,-0.005004473950153852
1669,no_feedback,51,1,3,0,0,-1.0,0.0,1,0,1,0,0.0,-0.005004473950153852
1670,no_feedback,51,1,3,0,0,-1.0,0.0,1,0,1,0,0.0,-0.005004473950153852
1671,no_feedback,51,3,3,0,1,1.0,0.0,0,nan,nan,nan,0.0,-0.005004473950153852
1672,no_feedback,51,6,4,1,0,-1.0,0.0,1,1,0,0,0.0,-0.005004473950153852
1673,no_feedback,51,7,5,1,0,-1.0,0.0,1,0,1,0,0.0,-0.005004473950153852
1674,no_feedback,51,1,5,1,0,-1.0,0.0,1,0,1,0,0.0,-0.005004473950153852
1675,no_feedback,51,7,5,1,0,-1.0,0.0,1,0,1,0,0.0,-0.005004473950153852
1676,no_feedback,51,7,5,1,0,-1.0,0.0,1,0,1,0,0.0,-0.005004473950153852
1677,no_feedback,51,6,3,0,0,-1.0,0.0,1,0,1,0,0.0,-0.005004473950153852
1678,no_feedback,51,6,3,0,0,-1.0,0.0,1,0,1,0,0.0,-0.005004473950153852
1679,no_feedback,51,3,3,0,1,1.0,0.0,0,nan,nan,nan,0.0,-0.005004473950153852
1680,no_feedback,51,6,4,1,0,-1.0,0.0,1,1,0,0,0.0,-0.005004473950153852
1681,no_feedback,51,4,5,1,1,1.0,0.0,0,nan,nan,nan,0.0,-0.005004473950153852
1682,no_feedback,51,1,6,1,0,-1.0,0.0,1,1,0,0,0.0,-0.005004473950153852
1683,no_feedback,51,1,5,1,0,-1.0,0.0,1,0,1,0,0.0,-0.005004473950153852
1684,no_feedback,51,7,5,1,0,-1.0,0.0,1,0,1,0,0.0,-0.005004473950153852
1685,no_feedback,51,2,5,1,0,-1.0,0.0,1,0,1,0,0.0,-0.005004473950153852
1686,no_feedback,51,5,5,1,1,1.0,0.0,0,nan,nan,nan,0.0,-0.005004473950153852
1687,no_feedback,51,5,6,1,1,1.0,0.0,0,nan,nan,nan,0.0,-0.005004473950153852
1688,no_feedback,51,0,7,1,0,-1.0,0.0,1,2,0,0,0.0,-0.005004473950153852
1689,no_feedback,51,6,3,0,0,-1.0,0.0,1,0,1,0,0.0,-0.005004473950153852
1690,no_feedback,51,5,5,1,1,1.0,0.0,0,nan,nan,nan,0.0,-0.005004473950153852
1691,no_feedback,51,4,4,0,1,1.0,0.0,0,nan,nan,nan,0.0,-0.005004473950153852
1692,no_feedback,51,0,3,0,0,-1.0,0.0,1,2,0,0,0.0,-0.005004473950153852
1693,no_feedback,51,6,5,1,1,1.0,0.0,0,nan,nan,nan,0.0,-0.005004473950153852
1694,no_feedback,51,1,6,1,0,-1.0,0.0,1,1,0,0,0.0,-0.005004473950153852
1695,no_feedback,51,2,3,0,1,1.0,0.0,0,nan,nan,nan,0.0,-0.005004473950153852
1696,no_feedback,51,7,4,1,0,-1.0,0.0,1,1,0,0,0.0,-0.005004473950153852
1697,no_feedback,51,4,3,0,1,1.0,0.0,0,nan,nan,nan,0.0,-0.005004473950153852
1698,no_feedback,51,3,2,0,1,1.0,0.0,0,nan,nan,nan,0.0,-0.005004473950153852
1699,no_feedback,51,1,1,0,1,1.0,0.0,0,nan,nan,nan,0.0,-0.005004473950153852
1700,no_feedback,51,2,2,1,1,1.0,0.0,0,nan,nan,nan,0.0,-0.005004473950153852
1701,no_feedback,51,5,3,1,0,-1.0,0.0,1,4,0,1,0.0,-0.005004473950153852
1702,no_feedback,51,8,5,1,0,-1.0,0.0,1,0,1,0,0.0,-0.005004473950153852
1703,no_feedback,51,0,3,0,0,-1.0,0.0,1,0,1,0,0.0,-0.005004473950153852
1704,no_feedback,51,6,3,0,0,-1.0,0.0,1,0,1,0,0.0,-0.005004473950153852
1705,no_feedback,51,5,3,0,0,-1.0,0.0,1,0,1,0,0.0,-0.005004473950153852
1706,no_feedback,51,3,3,0,1,1.0,0.0,0,nan,nan,nan,0.0,-0.005004473950153852
1707,no_feedback,51,3,2,0,1,1.0,0.0,0,nan,nan,nan,0.0,-0.005004473950153852
1708,no_feedback,51,6,1,0,0,-1.0,0.0,1,2,0,0,0.0,-0.005004473950153852
1709,no_feedback,51,4,5,1,1,1.0,0.0,0,nan,nan,nan,0.0,-0.005004473950153852
1710,no_feedback,51,3,4,0,1,1.0,0.0,0,nan,nan,nan,0.0,-0.005004473950153852
1711,no_feedback,51,2,3,0,1,1.0,0.0,0,nan,nan,nan,0.0,-0.005004473950153852
1712,no_feedback,51,4,4,1,1,1.0,0.0,0,nan,nan,nan,0.0,-0.005004473950153852
1713,no_feedback,51,2,3,0,1,1.0,0.0,0,nan,nan,nan,0.0,-0.005004473950153852
1714,no_feedback,51,8,4,1,0,-1.0,0.0,1,5,0,1,0.0,-0.005004473950153852
1715,no_feedback,51,5,5,1,1,1.0,0.0,0,nan,nan,nan,0.0,-0.005004473950153852
1716,no_feedback,51,2,6,1,0,-1.0,0.0,1,1,0,0,0.0,-0.005004473950153852
1717,no_feedback,51,1,5,1,0,-1.0,0.0,1,0,1,0,0.0,-0.005004473950153852
1718,no_feedback,51,1,5,1,0,-1.0,0.0,1,0,1,0,0.0,-0.005004473950153852
1719,no_feedback,51,2,3,0,1,1.0,0.0,0,nan,nan,nan,0.0,-0.005004473950153852
1720,no_feedback,51,8,4,1,0,-1.0,0.0,1,1,0,0,0.0,-0.005004473950153852
1721,no_feedback,51,3,3,0,1,1.0,0.0,0,nan,nan,nan,0.0,-0.005004473950153852
1722,no_feedback,51,8,4,1,0,-1.0,0.0,1,1,0,0,0.0,-0.005004473950153852
1723,no_feedback,51,7,5,1,0,-1.0,0.0,1,0,1,0,0.0,-0.005004473950153852
1724,no_feedback,51,1,5,1,0,-1.0,0.0,1,0,1,0,0.0,-0.005004473950153852
1725,no_feedback,51,6,3,0,0,-1.0,0.0,1,0,1,0,0.0,-0.005004473950153852
1726,no_feedback,51,1,5,1,0,-1.0,0.0,1,0,1,0,0.0,-0.005004473950153852
1727,no_feedback,51,4,3,0,1,1.0,0.0,0,nan,nan,nan,0.0,-0.005004473950153852
1728,no_feedback,51,7,2,0,0,-1.0,0.0,1,1,0,0,0.0,-0.005004473950153852
1729,no_feedback,51,5,5,1,1,1.0,0.0,0,nan,nan,nan,0.0,-0.005004473950153852
1730,no_feedback,51,8,6,1,0,-1.0,0.0,1,1,0,0,0.0,-0.005004473950153852
1731,no_feedback,51,6,5,1,1,1.0,0.0,0,nan,nan,nan,0.0,-0.005004473950153852
1732,no_feedback,51,7,6,1,1,1.0,0.0,0,nan,nan,nan,0.0,-0.005004473950153852
1733,no_feedback,51,5,5,0,1,1.0,0.0,0,nan,nan,nan,0.0,-0.005004473950153852
1734,no_feedback,51,0,6,1,0,-1.0,0.0,1,3,0,1,0.0,-0.005004473950153852
1735,no_feedback,51,3,3,0,1,1.0,0.0,0,nan,nan,nan,0.0,-0.005004473950153852
1736,no_feedback,51,1,2,0,1,1.0,0.0,0,nan,nan,nan,0.0,-0.005004473950153852
1737,no_feedback,51,5,3,1,0,-1.0,0.0,1,2,0,0,0.0,-0.005004473950153852
1738,no_feedback,51,3,3,0,1,1.0,0.0,0,nan,nan,nan,0.0,-0.005004473950153852
1739,no_feedback,51,5,4,1,1,1.0,0.0,0,nan,nan,nan,0.0,-0.005004473950153852
1740,no_feedback,51,3,3,0,1,1.0,0.0,0,nan,nan,nan,0.0,-0.005004473950153852
1741,no_feedback,51,0,2,0,0,-1.0,0.0,1,3,0,1,0.0,-0.005004473950153852
1742,no_feedback,51,5,5,1,1,1.0,0.0,0,nan,nan,nan,0.0,-0.005004473950153852
1743,no_feedback,51,5,6,1,1,1.0,0.0,0,nan,nan,nan,0.0,-0.005004473950153852
1744,no_feedback,51,7,7,1,1,1.0,0.0,0,nan,nan,nan,0.0,-0.005004473950153852
1745,no_feedback,51,6,6,0,1,1.0,0.0,0,nan,nan,nan,0.0,-0.005004473950153852
1746,no_feedback,51,6,7,1,1,1.0,0.0,0,nan,nan,nan,0.0,-0.005004473950153852
1747,no_feedback,51,2,6,0,0,-1.0,0.0,1,5,0,1,0.0,-0.005004473950153852
1748,no_feedback,51,7,5,1,0,-1.0,0.0,1,0,1,0,0.0,-0.005004473950153852
1749,no_feedback,51,8,3,0,0,-1.0,0.0,1,0,1,0,0.0,-0.005004473950153852
1750,no_feedback,51,2,3,0,1,1.0,0.0,0,nan,nan,nan,0.0,-0.005004473950153852
1751,no_feedback,51,5,2,0,0,-1.0,0.0,1,1,0,0,0.0,-0.005004473950153852
1752,no_feedback,51,3,3,0,1,1.0,0.0,0,nan,nan,nan,0.0,-0.005004473950153852
1753,no_feedback,51,5,2,0,0,-1.0,0.0,1,1,0,0,0.0,-0.005004473950153852
1754,no_feedback,51,4,3,0,1,1.0,0.0,0,nan,nan,nan,0.0,-0.005004473950153852
1755,no_feedback,51,2,2,0,1,1.0,0.0,0,nan,nan,nan,0.0,-0.005004473950153852
1756,no_feedback,51,8,3,1,0,-1.0,0.0,1,2,0,0,0.0,-0.005004473950153852
1757,no_feedback,51,4,3,0,1,1.0,0.0,0,nan,nan,nan,0.0,-0.005004473950153852
1758,no_feedback,51,1,2,0,1,1.0,0.0,0,nan,nan,nan,0.0,-0.005004473950153852
1759,no_feedback,51,7,3,1,0,-1.0,0.0,1,2,0,0,0.0,-0.005004473950153852
1760,no_feedback,51,5,5,1,1,1.0,0.0,0,nan,nan,nan,0.0,-0.005004473950153852
1761,no_feedback,51,1,4,0,0,-1.0,0.0,1,1,0,0,0.0,-0.005004473950153852
1762,no_feedback,51,4,5,1,1,1.0,0.0,0,nan,nan,nan,0.0,-0.005004473950153852
1763,no_feedback,51,2,6,1,0,-1.0,0.0,1,1,0,0,0.0,-0.005004473950153852
1764,no_feedback,51,3,3,0,1,1.0,0.0,0,nan,nan,nan,0.0,-0.005004473950153852
1765,no_feedback,51,3,2,0,1,1.0,0.0,0,nan,nan,nan,0.0,-0.005004473950153852
1766,no_feedback,51,1,1,0,1,1.0,0.0,0,nan,nan,nan,0.0,-0.005004473950153852
1767,no_feedback,51,5,2,1,0,-1.0,0.0,1,3,0,1,0.0,-0.005004473950153852
1768,no_feedback,51,8,3,0,0,-1.0,0.0,1,0,1,0,0.0,-0.005004473950153852
1769,no_feedback,51,2,5,1,0,-1.0,0.0,1,0,1,0,0.0,-0.005004473950153852
1770,no_feedback,51,7,5,1,0,-1.0,0.0,1,0,1,0,0.0,-0.005004473950153852
1771,no_feedback,51,2,3,0,1,1.0,0.0,0,nan,nan,nan,0.0,-0.005004473950153852
1772,no_feedback,51,3,4,1,1,1.0,0.0,0,nan,nan,nan,0.0,-0.005004473950153852
1773,no_feedback,51,8,3,0,0,-1.0,0.0,1,2,0,0,0.0,-0.005004473950153852
1774,no_feedback,51,3,3,0,1,1.0,0.0,0,nan,nan,nan,0.0,-0.005004473950153852
1775,no_feedback,51,0,4,1,0,-1.0,0.0,1,1,0,0,0.0,-0.005004473950153852
1776,no_feedback,51,1,5,1,0,-1.0,0.0,1,0,1,0,0.0,-0.005004473950153852
1777,no_feedback,51,2,3,0,1,1.0,0.0,0,nan,nan,nan,0.0,-0.005004473950153852
1778,no_feedback,51,4,4,1,1,1.0,0.0,0,nan,nan,nan,0.0,-0.005004473950153852
1779,no_feedback,51,7,5,1,0,-1.0,0.0,1,2,0,0,0.0,-0.005004473950153852
1780,no_feedback,51,0,5,1,0,-1.0,0.0,1,0,1,0,0.0,-0.005004473950153852
1781,no_feedback,51,6,5,1,1,1.0,0.0,0,nan,nan,nan,0.0,-0.005004473950153852
1782,no_feedback,51,1,4,0,0,-1.0,0.0,1,1,0,0,0.0,-0.005004473950153852
1783,no_feedback,51,4,3,0,1,1.0,0.0,0,nan,nan,nan,0.0,-0.005004473950153852
1784,no_feedback,51,0,4,1,0,-1.0,0.0,1,1,0,0,0.0,-0.005004473950153852
1785,no_feedback,51,6,3,0,0,-1.0,0.0,1,0,1,0,0.0,-0.005004473950153852
1786,no_feedback,51,6,3,0,0,-1.0,0.0,1,0,1,0,0.0,-0.005004473950153852
1787,no_feedback,51,5,5,1,1,1.0,0.0,0,nan,nan,nan,0.0,-0.005004473950153852
1788,no_feedback,51,4,4,0,1,1.0,0.0,0,nan,nan,nan,0.0,-0.005004473950153852
1789,no_feedback,51,4,3,0,1,1.0,0.0,0,nan,nan,nan,0.0,-0.005004473950153852
1790,no_feedback,51,5,4,1,1,1.0,0.0,0,nan,nan,nan,0.0,-0.005004473950153852
1791,no_feedback,51,4,3,0,1,1.0,0.0,0,nan,nan,nan,0.0,-0.005004473950153852
1792,no_feedback,51,0,4,1,0,-1.0,0.0,1,5,0,1,0.0,-0.005004473950153852
1793,no_feedback,51,1,5,1,0,-1.0,0.0,1,0,1,0,0.0,-0.005004473950153852
1794,no_feedback,51,6,3,0,0,-1.0,0.0,1,0,1,0,0.0,-0.005004473950153852
1795,no_feedback,51,2,3,0,1,1.0,0.0,0,nan,nan,nan,0.0,-0.005004473950153852
1796,no_feedback,51,6,2,0,0,-1.0,0.0,1,1,0,0,0.0,-0.005004473950153852
1797,no_feedback,51,3,3,0,1,1.0,0.0,0,nan,nan,nan,0.0,-0.005004473950153852
1798,no_feedback,51,0,4,1,0,-1.0,0.0,1,1,0,0,0.0,-0.005004473950153852
1799,no_feedback,51,0,3,0,0,-1.0,0.0,1,0,1,0,0.0,-0.005004473950153852
1800,no_feedback,51,1,5,1,0,-1.0,0.0,1,0,1,0,0.0,-0.005004473950153852
1801,no_feedback,51,1,5,1,0,-1.0,0.0,1,0,1,0,0.0,-0.005004473950153852
1802,no_feedback,51,2,5,1,0,-1.0,0.0,1,0,1,0,0.0,-0.005004473950153852
1803,no_feedback,51,0,5,1,0,-1.0,0.0,1,0,1,0,0.0,-0.005004473950153852
1804,no_feedback,51,5,5,1,1,1.0,0.0,0,nan,nan,nan,0.0,-0.005004473950153852
1805,no_feedback,51,6,6,1,1,1.0,0.0,0,nan,nan,nan,0.0,-0.005004473950153852
1806,no_feedback,51,6,7,1,1,1.0,0.0,0,nan,nan,nan,0.0,-0.005004473950153852
1807,no_feedback,51,1,8,1,0,-1.0,0.0,1,3,0,1,0.0,-0.005004473950153852
1808,no_feedback,51,7,5,1,0,-1.0,0.0,1,0,1,0,0.0,-0.005004473950153852
1809,no_feedback,51,8,5,1,0,-1.0,0.0,1,0,1,0,0.0,-0.005004473950153852
1810,no_feedback,51,4,3,0,1,1.0,0.0,0,nan,nan,nan,0.0,-0.005004473950153852
1811,no_feedback,51,8,4,1,0,-1.0,0.0,1,1,0,0,0.0,-0.005004473950153852
1812,no_feedback,51,8,3,0,0,-1.0,0.0,1,0,1,0,0.0,-0.005004473950153852
1813,no_feedback,51,7,5,1,0,-1.0,0.0,1,0,1,0,0.0,-0.005004473950153852
1814,no_feedback,51,6,3,0,0,-1.0,0.0,1,0,1,0,0.0,-0.005004473950153852
1815,no_feedback,51,3,3,0,1,1.0,0.0,0,nan,nan,nan,0.0,-0.005004473950153852
1816,no_feedback,51,4,4,1,1,1.0,0.0,0,nan,nan,nan,0.0,-0.005004473950153852
1817,no_feedback,51,2,3,0,1,1.0,0.0,0,nan,nan,nan,0.0,-0.005004473950153852
1818,no_feedback,51,3,2,0,1,1.0,0.0,0,nan,nan,nan,0.0,-0.005004473950153852
1819,no_feedback,51,0,1,0,1,1.0,0.0,0,nan,nan,nan,0.0,-0.005004473950153852
1820,no_feedback,51,2,2,1,1,1.0,0.0,0,nan,nan,nan,0.0,-0.005004473950153852
1821,no_feedback,51,4,3,1,1,1.0,0.0,0,nan,nan,nan,0.0,-0.005004473950153852
1822,no_feedback,51,0,4,1,0,-1.0,0.0,1,7,0,1,0.0,-0.005004473950153852
1823,no_feedback,51,8,3,0,0,-1.0,0.0,1,0,1,0,0.0,-0.005004473950153852
1824,no_feedback,51,3,3,0,1,1.0,0.0,0,nan,nan,nan,0.0,-0.005004473950153852
1825,no_feedback,51,2,2,0,1,1.0,0.0,0,nan,nan,nan,0.0,-0.005004473950153852
1826,no_feedback,51,3,1,0,0,-1.0,0.0,1,2,0,0,0.0,-0.005004473950153852
1827,no_feedback,51,0,5,1,0,-1.0,0.0,1,0,1,0,0.0,-0.005004473950153852
1828,no_feedback,51,0,5,1,0,-1.0,0.0,1,0,1,0,0.0,-0.005004473950153852
1829,no_feedback,51,7,5,1,0,-1.0,0.0,1,0,1,0,0.0,-0.005004473950153852
1830,no_feedback,51,2,3,0,1,1.0,0.0,0,nan,nan,nan,0.0,-0.005004473950153852
1831,no_feedback,51,0,4,1,0,-1.0,0.0,1,1,0,0,0.0,-0.005004473950153852
1832,no_feedback,51,3,3,0,1,1.0,0.0,0,nan,nan,nan,0.0,-0.005004473950153852
1833,no_feedback,51,2,2,0,1,1.0,0.0,0,nan,nan,nan,0.0,-0.005004473950153852
1834,no_feedback,51,3,3,1,1,1.0,0.0,0,nan,nan,nan,0.0,-0.005004473950153852
1835,no_feedback,51,4,4,1,1,1.0,0.0,0,nan,nan,nan,0.0,-0.005004473950153852
1836,no_feedback,51,1,5,1,0,-1.0,0.0,1,4,0,1,0.0,-0.005004473950153852
1837,no_feedback,51,8,5,1,0,-1.0,0.0,1,0,1,0,0.0,-0.005004473950153852
1838,no_feedback,51,0,3,0,0,-1.0,0.0,1,0,1,0,0.0,-0.005004473950153852
1839,no_feedback,51,6,3,0,0,-1.0,0.0,1,0,1,0,0.0,-0.005004473950153852
1840,no_feedback,51,7,5,1,0,-1.0,0.0,1,0,1,0,0.0,-0.005004473950153852
1841,no_feedback,51,0,3,0,0,-1.0,0.0,1,0,1,0,0.0,-0.005004473950153852
1842,no_feedback,51,4,5,1,1,1.0,0.0,0,nan,nan,nan,0.0,-0.005004473950153852
1843,no_feedback,51,7,4,0,0,-1.0,0.0,1,1,0,0,0.0,-0.005004473950153852
1844,no_feedback,51,4,3,0,1,1.0,0.0,0,nan,nan,nan,0.0,-0.005004473950153852
1845,no_feedback,51,3,2,0,1,1.0,0.0,0,nan,nan,nan,0.0,-0.005004473950153852
1846,no_feedback,51,2,1,0,1,1.0,0.0,0,nan,nan,nan,0.0,-0.005004473950153852
1847,no_feedback,51,6,2,1,0,-1.0,0.0,1,3,0,1,0.0,-0.005004473950153852
1848,no_feedback,51,8,3,0,0,-1.0,0.0,1,0,1,0,0.0,-0.005004473950153852
1849,no_feedback,51,3,3,0,1,1.0,0.0,0,nan,nan,nan,0.0,-0.005004473950153852
1850,no_feedback,51,3,4,1,1,1.0,0.0,0,nan,nan,nan,0.0,-0.005004473950153852
1851,no_feedback,51,2,5,1,0,-1.0,0.0,1,2,0,0,0.0,-0.005004473950153852
1852,no_feedback,51,1,5,1,0,-1.0,0.0,1,0,1,0,0.0,-0.005004473950153852
1853,no_feedback,51,7,5,1,0,-1.0,0.0,1,0,1,0,0.0,-0.005004473950153852
1854,no_feedback,51,6,3,0,0,-1.0,0.0,1,0,1,0,0.0,-0.005004473950153852
1855,no_feedback,51,5,5,1,1,1.0,0.0,0,nan,nan,nan,0.0,-0.005004473950153852
1856,no_feedback,51,7,6,1,1,1.0,0.0,0,nan,nan,nan,0.0,-0.005004473950153852
1857,no_feedback,51,3,7,1,0,-1.0,0.0,1,2,0,0,0.0,-0.005004473950153852
1858,no_feedback,51,1,5,1,0,-1.0,0.0,1,0,1,0,0.0,-0.005004473950153852
1859,no_feedback,51,6,3,0,0,-1.0,0.0,1,0,1,0,0.0,-0.005004473950153852
1860,no_feedback,51,8,5,1,0,-1.0,0.0,1,0,1,0,0.0,-0.005004473950153852
1861,no_feedback,51,4,5,1,1,1.0,0.0,0,nan,nan,nan,0.0,-0.005004473950153852
1862,no_feedback,51,0,6,1,0,-1.0,0.0,1,1,0,0,0.0,-0.005004473950153852
1863,no_feedback,51,6,5,1,1,1.0,0.0,0,nan,nan,nan,0.0,-0.005004473950153852
1864,no_feedback,51,3,6,1,0,-1.0,0.0,1,1,0,0,0.0,-0.005004473950153852
1865,no_feedback,51,8,5,1,0,-1.0,0.0,1,0,1,0,0.0,-0.005004473950153852
1866,no_feedback,51,0,3,0,0,-1.0,0.0,1,0,1,0,0.0,-0.005004473950153852
1867,no_feedback,51,0,3,0,0,-1.0,0.0,1,0,1,0,0.0,-0.005004473950153852
1868,no_feedback,51,6,5,1,1,1.0,0.0,0,nan,nan,nan,0.0,-0.005004473950153852
1869,no_feedback,51,0,6,1,0,-1.0,0.0,1,1,0,0,0.0,-0.005004473950153852
1870,no_feedback,51,1,5,1,0,-1.0,0.0,1,0,1,0,0.0,-0.005004473950153852
1871,no_feedback,51,7,5,1,0,-1.0,0.0,1,0,1,0,0.0,-0.005004473950153852
1872,no_feedback,51,6,3,0,0,-1.0,0.0,1,0,1,0,0.0,-0.005004473950153852
1873,no_feedback,51,4,3,0,1,1.0,0.0,0,nan,nan,nan,0.0,-0.005004473950153852
1874,no_feedback,51,0,4,1,0,-1.0,0.0,1,1,0,0,0.0,-0.005004473950153852
1875,no_feedback,51,8,5,1,0,-1.0,0.0,1,0,1,0,0.0,-0.005004473950153852
1876,no_feedback,51,2,5,1,0,-1.0,0.0,1,0,1,0,0.0,-0.005004473950153852
1877,no_feedback,51,3,3,0,1,1.0,0.0,0,nan,nan,nan,0.0,-0.005004473950153852
1878,no_feedback,51,1,4,1,0,-1.0,0.0,1,1,0,0,0.0,-0.005004473950153852
1879,no_feedback,51,7,5,1,0,-1.0,0.0,1,0,1,0,0.0,-0.005004473950153852
1880,no_feedback,51,5,5,1,1,1.0,0.0,0,nan,nan,nan,0.0,-0.005004473950153852
1881,no_feedback,51,5,4,0,1,1.0,0.0,0,nan,nan,nan,0.0,-0.005004473950153852
1882,no_feedback,51,5,5,1,1,1.0,0.0,0,nan,nan,nan,0.0,-0.005004473950153852
1883,no_feedback,51,0,4,0,0,-1.0,0.0,1,3,0,1,0.0,-0.005004473950153852
1884,no_feedback,51,0,3,0,0,-1.0,0.0,1,0,1,0,0.0,-0.005004473950153852
1885,no_feedback,51,7,5,1,0,-1.0,0.0,1,0,1,0,0.0,-0.005004473950153852
1886,no_feedback,51,3,3,0,1,1.0,0.0,0,nan,nan,nan,0.0,-0.005004473950153852
1887,no_feedback,51,8,4,1,0,-1.0,0.0,1,1,0,0,0.0,-0.005004473950153852
1888,no_feedback,51,3,3,0,1,1.0,0.0,0,nan,nan,nan,0.0,-0.005004473950153852
1889,no_feedback,51,6,4,1,0,-1.0,0.0,1,1,0,0,0.0,-0.005004473950153852
1890,no_feedback,51,2,5,1,0,-1.0,0.0,1,0,1,0,0.0,-0.005004473950153852
1891,no_feedback,51,4,5,1,1,1.0,0.0,0,nan,nan,nan,0.0,-0.005004473950153852
1892,no_feedback,51,2,6,1,0,-1.0,0.0,1,1,0,0,0.0,-0.005004473950153852
1893,no_feedback,51,3,3,0,1,1.0,0.0,0,nan,nan,nan,0.0,-0.005004473950153852
1894,no_feedback,51,5,2,0,0,-1.0,0.0,1,1,0,0,0.0,-0.005004473950153852
1895,no_feedback,51,6,5,1,1,1.0,0.0,0,nan,nan,nan,0.0,-0.005004473950153852
1896,no_feedback,51,5,6,1,1,1.0,0.0,0,nan,nan,nan,0.0,-0.005004473950153852
1897,no_feedback,51,7,7,1,1,1.0,0.0,0,nan,nan,nan,0.0,-0.005004473950153852
1898,no_feedback,51,1,8,1,0,-1.0,0.0,1,3,0,1,0.0,-0.005004473950153852
1899,no_feedback,51,8,5,1,0,-1.0,0.0,1,0,1,0,0.0,-0.005004473950153852
1900,no_feedback,51,2,3,0,1,1.0,0.0,0,nan,nan,nan,0.0,-0.005004473950153852
1901,no_feedback,51,2,2,0,1,1.0,0.0,0,nan,nan,nan,0.0,-0.005004473950153852
1902,no_feedback,51,8,3,1,0,-1.0,0.0,1,2,0,0,0.0,-0.005004473950153852
1903,no_feedback,51,2,5,1,0,-1.0,0.0,1,0,1,0,0.0,-0.005004473950153852
1904,no_feedback,51,3,3,0,1,1.0,0.0,0,nan,nan,nan,0.0,-0.005004473950153852
1905,no_feedback,51,1,4,1,0,-1.0,0.0,1,1,0,0,0.0,-0.005004473950153852
1906,no_feedback,51,2,3,0,1,1.0,0.0,0,nan,nan,nan,0.0,-0.005004473950153852
1907,no_feedback,51,8,4,1,0,-1.0,0.0,1,1,0,0,0.0,-0.005004473950153852
1908,no_feedback,51,6,3,0,0,-1.0,0.0,1,0,1,0,0.0,-0.005004473950153852
1909,no_feedback,51,6,5,1,1,1.0,0.0,0,nan,nan,nan,0.0,-0.005004473950153852
1910,no_feedback,51,3,6,1,0,-1.0,0.0,1,1,0,0,0.0,-0.005004473950153852
1911,no_feedback,51,1,5,1,0,-1.0,0.0,1,0,1,0,0.0,-0.005004473950153852
1912,no_feedback,51,5,5,1,1,1.0,0.0,0,nan,nan,nan,0.0,-0.005004473950153852
1913,no_feedback,51,7,4,0,0,-1.0,0.0,1,1,0,0,0.0,-0.005004473950153852
1914,no_feedback,51,4,3,0,1,1.0,0.0,0,nan,nan,nan,0.0,-0.005004473950153852
1915,no_feedback,51,3,4,1,1,1.0,0.0,0,nan,nan,nan,0.0,-0.005004473950153852
1916,no_feedback,51,8,5,1,0,-1.0,0.0,1,2,0,0,0.0,-0.005004473950153852
1917,no_feedback,51,6,3,0,0,-1.0,0.0,1,0,1,0,0.0,-0.005004473950153852
1918,no_feedback,51,0,5,1,0,-1.0,0.0,1,0,1,0,0.0,-0.005004473950153852
1919,no_feedback,51,7,5,1,0,-1.0,0.0,1,0,1,0,0.0,-0.005004473950153852
1920,no_feedback,51,3,3,0,1,1.0,0.0,0,nan,nan,nan,0.0,-0.005004473950153852
1921,no_feedback,51,7,2,0,0,-1.0,0.0,1,1,0,0,0.0,-0.005004473950153852
1922,no_feedback,51,0,5,1,0,-1.0,0.0,1,0,1,0,0.0,-0.005004473950153852
1923,no_feedback,51,8,5,1,0,-1.0,0.0,1,0,1,0,0.0,-0.005004473950153852
1924,no_feedback,51,7,5,1,0,-1.0,0.0,1,0,1,0,0.0,-0.005004473950153852
1925,no_feedback,51,2,5,1,0,-1.0,0.0,1,0,1,0,0.0,-0.005004473950153852
1926,no_feedback,51,1,5,1,0,-1.0,0.0,1,0,1,0,0.0,-0.005004473950153852
1927,no_feedback,51,7,5,1,0,-1.0,0.0,1,0,1,0,0.0,-0.005004473950153852
1928,no_feedback,51,0,5,1,0,-1.0,0.0,1,0,1,0,0.0,-0.005004473950153852
1929,no_feedback,51,5,3,0,0,-1.0,0.0,1,0,1,0,0.0,-0.005004473950153852
1930,no_feedback,51,5,5,1,1,1.0,0.0,0,nan,nan,nan,0.0,-0.005004473950153852
1931,no_feedback,51,0,6,1,0,-1.0,0.0,1,1,0,0,0.0,-0.005004473950153852
1932,no_feedback,51,3,3,0,1,1.0,0.0,0,nan,nan,nan,0.0,-0.005004473950153852
1933,no_feedback,51,5,4,1,1,1.0,0.0,0,nan,nan,nan,0.0,-0.005004473950153852
1934,no_feedback,51,0,5,1,0,-1.0,0.0,1,2,0,0,0.0,-0.005004473950153852
1935,no_feedback,51,0,5,1,0,-1.0,0.0,1,0,1,0,0.0,-0.005004473950153852
1936,no_feedback,51,1,5,1,0,-1.0,0.0,1,0,1,0,0.0,-0.005004473950153852
1937,no_feedback,51,6,5,1,1,1.0,0.0,0,nan,nan,nan,0.0,-0.005004473950153852
1938,no_feedback,51,2,6,1,0,-1.0,0.0,1,1,0,0,0.0,-0.005004473950153852
1939,no_feedback,51,2,3,0,1,1.0,0.0,0,nan,nan,nan,0.0,-0.005004473950153852
1940,no_feedback,51,8,4,1,0,-1.0,0.0,1,1,0,0,0.0,-0.005004473950153852
1941,no_feedback,51,5,5,1,1,1.0,0.0,0,nan,nan,nan,0.0,-0.005004473950153852
1942,no_feedback,51,1,4,0,0,-1.0,0.0,1,1,0,0,0.0,-0.005004473950153852
1943,no_feedback,51,7,5,1,0,-1.0,0.0,1,0,1,0,0.0,-0.005004473950153852
1944,no_feedback,51,4,5,1,1,1.0,0.0,0,nan,nan,nan,0.0,-0.005004473950153852
1945,no_feedback,51,0,6,1,0,-1.0,0.0,1,1,0,0,0.0,-0.005004473950153852
1946,no_feedback,51,3,3,0,1,1.0,0.0,0,nan,nan,nan,0.0,-0.005004473950153852
1947,no_feedback,51,8,4,1,0,-1.0,0.0,1,1,0,0,0.0,-0.005004473950153852
1948,no_feedback,51,6,3,0,0,-1.0,0.0,1,0,1,0,0.0,-0.005004473950153852
1949,no_feedback,51,3,3,0,1,1.0,0.0,0,nan,nan,nan,0.0,-0.005004473950153852
1950,no_feedback,51,2,2,0,1,1.0,0.0,0,nan,nan,nan,0.0,-0.005004473950153852
1951,no_feedback,51,3,3,1,1,1.0,0.0,0,nan,nan,nan,0.0,-0.005004473950153852
1952,no_feedback,51,5,2,0,0,-1.0,0.0,1,3,0,1,0.0,-0.005004473950153852
1953,no_feedback,51,1,5,1,0,-1.0,0.0,1,0,1,0,0.0,-0.005004473950153852
1954,no_feedback,51,0,5,1,0,-1.0,0.0,1,0,1,0,0.0,-0.005004473950153852
1955,no_feedback,51,3,3,0,1,1.0,0.0,0,nan,nan,nan,0.0,-0.005004473950153852
1956,no_feedback,51,6,4,1,0,-1.0,0.0,1,1,0,0,0.0,-0.005004473950153852
1957,no_feedback,51,8,3,0,0,-1.0,0.0,1,0,1,0,0.0,-0.005004473950153852
1958,no_feedback,51,8,3,0,0,-1.0,0.0,1,0,1,0,0.0,-0.005004473950153852
1959,no_feedback,51,4,3,0,1,1.0,0.0,0,nan,nan,nan,0.0,-0.005004473950153852
1960,no_feedback,51,4,4,1,1,1.0,0.0,0,nan,nan,nan,0.0,-0.005004473950153852
1961,no_feedback,51,5,5,1,1,1.0,0.0,0,nan,nan,nan,0.0,-0.005004473950153852
1962,no_feedback,51,5,4,0,1,1.0,0.0,0,nan,nan,nan,0.0,-0.005004473950153852
1963,no_feedback,51,8,3,0,0,-1.0,0.0,1,4,0,1,0.0,-0.005004473950153852
1964,no_feedback,51,0,5,1,0,-1.0,0.0,1,0,1,0,0.0,-0.005004473950153852
1965,no_feedback,51,6,3,0,0,-1.0,0.0,1,0,1,0,0.0,-0.005004473950153852
1966,no_feedback,51,6,3,0,0,-1.0,0.0,1,0,1,0,0.0,-0.005004473950153852
1967,no_feedback,51,7,5,1,0,-1.0,0.0,1,0,1,0,0.0,-0.005004473950153852
1968,no_feedback,51,0,5,1,0,-1.0,0.0,1,0,1,0,0.0,-0.005004473950153852
1969,no_feedback,51,0,3,0,0,-1.0,0.0,1,0,1,0,0.0,-0.005004473950153852
1970,no_feedback,51,0,3,0,0,-1.0,0.0,1,0,1,0,0.0,-0.005004473950153852
1971,no_feedback,51,0,3,0,0,-1.0,0.0,1,0,1,0,0.0,-0.005004473950153852
1972,no_feedback,51,7,5,1,0,-1.0,0.0,1,0,1,0,0.0,-0.005004473950153852
1973,no_feedback,51,7,5,1,0,-1.0,0.0,1,0,1,0,0.0,-0.005004473950153852
1974,no_feedback,51,8,3,0,0,-1.0,0.0,1,0,1,0,0.0,-0.005004473950153852
1975,no_feedback,51,2,3,0,1,1.0,0.0,0,nan,nan,nan,0.0,-0.005004473950153852
1976,no_feedback,51,3,2,0,1,1.0,0.0,0,nan,nan,nan,0.0,-0.005004473950153852
1977,no_feedback,51,3,3,1,1,1.0,0.0,0,nan,nan,nan,0.0,-0.005004473950153852
1978,no_feedback,51,7,2,0,0,-1.0,0.0,1,3,0,1,0.0,-0.005004473950153852
1979,no_feedback,51,7,5,1,0,-1.0,0.0,1,0,1,0,0.0,-0.005004473950153852
1980,no_feedback,51,5,5,1,1,1.0,0.0,0,nan,nan,nan,0.0,-0.005004473950153852
1981,no_feedback,51,0,4,0,0,-1.0,0.0,1,1,0,0,0.0,-0.005004473950153852
1982,no_feedback,51,6,5,1,1,1.0,0.0,0,nan,nan,nan,0.0,-0.005004473950153852
1983,no_feedback,51,8,6,1,0,-1.0,0.0,1,1,0,0,0.0,-0.005004473950153852
1984,no_feedback,51,7,3,0,0,-1.0,0.0,1,0,1,0,0.0,-0.005004473950153852
1985,no_feedback,51,5,5,1,1,1.0,0.0,0,nan,nan,nan,0.0,-0.005004473950153852
1986,no_feedback,51,1,6,1,0,-1.0,0.0,1,1,0,0,0.0,-0.005004473950153852
1987,no_feedback,51,4,3,0,1,1.0,0.0,0,nan,nan,nan,0.0,-0.005004473950153852
1988,no_feedback,51,6,2,0,0,-1.0,0.0,1,1,0,0,0.0,-0.005004473950153852
1989,no_feedback,51,4,5,1,1,1.0,0.0,0,nan,nan,nan,0.0,-0.005004473950153852
1990,no_feedback,51,0,6,1,0,-1.0,0.0,1,1,0,0,0.0,-0.005004473950153852
1991,no_feedback,51,6,5,1,1,1.0,0.0,0,nan,nan,nan,0.0,-0.005004473950153852
1992,no_feedback,51,1,6,1,0,-1.0,0.0,1,1,0,0,0.0,-0.005004473950153852
1993,no_feedback,51,6,5,1,1,1.0,0.0,0,nan,nan,nan,0.0,-0.005004473950153852
1994,no_feedback,51,6,6,1,1,1.0,0.0,0,nan,nan,nan,0.0,-0.005004473950153852
1995,no_feedback,51,5,7,1,0,-1.0,0.0,1,2,0,0,0.0,-0.005004473950153852
1996,no_feedback,51,1,5,1,0,-1.0,0.0,1,0,1,0,0.0,-0.005004473950153852
1997,no_feedback,51,3,3,0,1,1.0,0.0,0,nan,nan,nan,0.0,-0.005004473950153852
1998,no_feedback,51,8,4,1,0,-1.0,0.0,1,1,0,0,0.0,-0.005004473950153852
1999,no_feedback,51,6,3,0,0,-1.0,0.0,1,0,1,0,0.0,-0.005004473950153852
2000,no_feedback,51,1,5,1,0,-1.0,0.0,1,0,1,0,0.0,-0.005004473950153852
2001,no_feedback,51,6,3,0,0,-1.0,0.0,1,0,1,0,0.0,-0.005004473950153852
2002,no_feedback,51,3,3,0,1,1.0,0.0,0,nan,nan,nan,0.0,-0.005004473950153852
2003,no_feedback,51,6,4,1,0,-1.0,0.0,1,1,0,0,0.0,-0.005004473950153852
2004,no_feedback,51,4,5,1,1,1.0,0.0,0,nan,nan,nan,0.0,-0.005004473950153852
2005,no_feedback,51,1,6,1,0,-1.0,0.0,1,1,0,0,0.0,-0.005004473950153852
2006,no_feedback,51,1,5,1,0,-1.0,0.0,1,0,1,0,0.0,-0.005004473950153852
2007,no_feedback,51,3,3,0,1,1.0,0.0,0,nan,nan,nan,0.0,-0.005004473950153852
2008,no_feedback,51,2,2,0,1,1.0,0.0,0,nan,nan,nan,0.0,-0.005004473950153852
2009,no_feedback,51,7,3,1,0,-1.0,0.0,1,2,0,0,0.0,-0.005004473950153852
2010,no_feedback,51,3,3,0,1,1.0,0.0,0,nan,nan,nan,0.0,-0.005004473950153852
2011,no_feedback,51,6,4,1,0,-1.0,0.0,1,1,0,0,0.0,-0.005004473950153852
2012,no_feedback,51,1,5,1,0,-1.0,0.0,1,0,1,0,0.0,-0.005004473950153852
2013,no_feedback,51,3,3,0,1,1.0,0.0,0,nan,nan,nan,0.0,-0.005004473950153852
2014,no_feedback,51,1,4,1,0,-1.0,0.0,1,1,0,0,0.0,-0.005004473950153852
2015,no_feedback,51,2,5,1,0,-1.0,0.0,1,0,1,0,0.0,-0.005004473950153852
2016,no_feedback,51,8,3,0,0,-1.0,0.0,1,0,1,0,0.0,-0.005004473950153852
2017,no_feedback,51,1,5,1,0,-1.0,0.0,1,0,1,0,0.0,-0.005004473950153852
2018,no_feedback,51,5,3,0,0,-1.0,0.0,1,0,1,0,0.0,-0.005004473950153852
2019,no_feedback,51,8,3,0,0,-1.0,0.0,1,0,1,0,0.0,-0.005004473950153852
2020,no_feedback,51,7,5,1,0,-1.0,0.0,1,0,1,0,0.0,-0.005004473950153852
2021,no_feedback,51,1,5,1,0,-1.0,0.0,1,0,1,0,0.0,-0.005004473950153852
2022,no_feedback,51,2,5,1,0,-1.0,0.0,1,0,1,0,0.0,-0.005004473950153852
2023,no_feedback,51,8,3,0,0,-1.0,0.0,1,0,1,0,0.0,-0.005004473950153852
2024,no_feedback,51,7,5,1,0,-1.0,0.0,1,0,1,0,0.0,-0.005004473950153852
2025,no_feedback,51,6,5,1,1,1.0,0.0,0,nan,nan,nan,0.0,-0.005004473950153852
2026,no_feedback,51,8,6,1,0,-1.0,0.0,1,1,0,0,0.0,-0.005004473950153852
2027,no_feedback,51,4,3,0,1,1.0,0.0,0,nan,nan,nan,0.0,-0.005004473950153852
2028,no_feedback,51,3,4,1,1,1.0,0.0,0,nan,nan,nan,0.0,-0.005004473950153852
2029,no_feedback,51,5,5,1,1,1.0,0.0,0,nan,nan,nan,0.0,-0.005004473950153852
2030,no_feedback,51,4,4,0,1,1.0,0.0,0,nan,nan,nan,0.0,-0.005004473950153852
2031,no_feedback,51,2,3,0,1,1.0,0.0,0,nan,nan,nan,0.0,-0.005004473950153852
2032,no_feedback,51,4,4,1,1,1.0,0.0,0,nan,nan,nan,0.0,-0.005004473950153852
2033,no_feedback,51,2,3,0,1,1.0,0.0,0,nan,nan,nan,0.0,-0.005004473950153852
2034,no_feedback,51,7,4,1,0,-1.0,0.0,1,7,0,1,0.0,-0.005004473950153852
2035,no_feedback,51,6,5,1,1,1.0,0.0,0,nan,nan,nan,0.0,-0.005004473950153852
2036,no_feedback,51,8,6,1,0,-1.0,0.0,1,1,0,0,0.0,-0.005004473950153852
2037,no_feedback,51,7,5,1,0,-1.0,0.0,1,0,1,0,0.0,-0.005004473950153852
2038,no_feedback,51,1,5,1,0,-1.0,0.0,1,0,1,0,0.0,-0.005004473950153852
2039,no_feedback,51,0,3,0,0,-1.0,0.0,1,0,1,0,0.0,-0.005004473950153852
2040,no_feedback,51,2,3,0,1,1.0,0.0,0,nan,nan,nan,0.0,-0.005004473950153852
2041,no_feedback,51,8,4,1,0,-1.0,0.0,1,1,0,0,0.0,-0.005004473950153852
2042,no_feedback,51,6,5,1,1,1.0,0.0,0,nan,nan,nan,0.0,-0.005004473950153852
2043,no_feedback,51,8,6,1,0,-1.0,0.0,1,1,0,0,0.0,-0.005004473950153852
2044,no_feedback,51,4,3,0,1,1.0,0.0,0,nan,nan,nan,0.0,-0.005004473950153852
2045,no_feedback,51,2,4,1,0,-1.0,0.0,1,1,0,0,0.0,-0.005004473950153852
2046,no_feedback,51,2,5,1,0,-1.0,0.0,1,0,1,0,0.0,-0.005004473950153852
2047,no_feedback,51,1,5,1,0,-1.0,0.0,1,0,1,0,0.0,-0.005004473950153852
2048,no_feedback,51,0,5,1,0,-1.0,0.0,1,0,1,0,0.0,-0.005004473950153852
2049,no_feedback,51,3,3,0,1,1.0,0.0,0,nan,nan,nan,0.0,-0.005004473950153852
2050,no_feedback,51,2,2,0,1,1.0,0.0,0,nan,nan,nan,0.0,-0.005004473950153852
2051,no_feedback,51,8,1,0,0,-1.0,0.0,1,2,0,0,0.0,-0.005004473950153852
2052,no_feedback,51,2,5,1,0,-1.0,0.0,1,0,1,0,0.0,-0.005004473950153852
2053,no_feedback,51,2,3,0,1,1.0,0.0,0,nan,nan,nan,0.0,-0.005004473950153852
2054,no_feedback,51,7,4,1,0,-1.0,0.0,1,1,0,0,0.0,-0.005004473950153852
2055,no_feedback,51,5,5,1,1,1.0,0.0,0,nan,nan,nan,0.0,-0.005004473950153852
2056,no_feedback,51,4,4,0,1,1.0,0.0,0,nan,nan,nan,0.0,-0.005004473950153852
2057,no_feedback,51,8,5,1,0,-1.0,0.0,1,2,0,0,0.0,-0.005004473950153852
2058,no_feedback,51,7,5,1,0,-1.0,0.0,1,0,1,0,0.0,-0.005004473950153852
2059,no_feedback,51,1,5,1,0,-1.0,0.0,1,0,1,0,0.0,-0.005004473950153852
2060,no_feedback,51,8,3,0,0,-1.0,0.0,1,0,1,0,0.0,-0.005004473950153852
2061,no_feedback,51,3,3,0,1,1.0,0.0,0,nan,nan,nan,0.0,-0.005004473950153852
2062,no_feedback,51,6,4,1,0,-1.0,0.0,1,1,0,0,0.0,-0.005004473950153852
2063,no_feedback,51,2,3,0,1,1.0,0.0,0,nan,nan,nan,0.0,-0.005004473950153852
2064,no_feedback,51,6,4,1,0,-1.0,0.0,1,1,0,0,0.0,-0.005004473950153852
2065,no_feedback,51,0,3,0,0,-1.0,0.0,1,0,1,0,0.0,-0.005004473950153852
2066,no_feedback,51,5,5,1,1,1.0,0.0,0,nan,nan,nan,0.0,-0.005004473950153852
2067,no_feedback,51,3,4,0,1,1.0,0.0,0,nan,nan,nan,0.0,-0.005004473950153852
2068,no_feedback,51,0,3,0,0,-1.0,0.0,1,2,0,0,0.0,-0.005004473950153852
2069,no_feedback,51,7,5,1,0,-1.0,0.0,1,0,1,0,0.0,-0.005004473950153852
2070,no_feedback,51,5,5,1,1,1.0,0.0,0,nan,nan,nan,0.0,-0.005004473950153852
2071,no_feedback,51,2,6,1,0,-1.0,0.0,1,1,0,0,0.0,-0.005004473950153852
2072,no_feedback,51,2,5,1,0,-1.0,0.0,1,0,1,0,0.0,-0.005004473950153852
2073,no_feedback,51,7,5,1,0,-1.0,0.0,1,0,1,0,0.0,-0.005004473950153852
2074,no_feedback,51,5,5,1,1,1.0,0.0,0,nan,nan,nan,0.0,-0.005004473950153852
2075,no_feedback,51,3,6,1,0,-1.0,0.0,1,1,0,0,0.0,-0.005004473950153852
2076,no_feedback,51,7,5,1,0,-1.0,0.0,1,0,1,0,0.0,-0.005004473950153852
2077,no_feedback,51,3,3,0,1,1.0,0.0,0,nan,nan,nan,0.0,-0.005004473950153852
2078,no_feedback,51,8,4,1,0,-1.0,0.0,1,1,0,0,0.0,-0.005004473950153852
2079,no_feedback,51,1,5,1,0,-1.0,0.0,1,0,1,0,0.0,-0.005004473950153852
2080,no_feedback,51,1,5,1,0,-1.0,0.0,1,0,1,0,0.0,-0.005004473950153852
2081,no_feedback,51,5,5,1,1,1.0,0.0,0,nan,nan,nan,0.0,-0.005004473950153852
2082,no_feedback,51,7,6,1,1,1.0,0.0,0,nan,nan,nan,0.0,-0.005004473950153852
2083,no_feedback,51,7,7,1,1,1.0,0.0,0,nan,nan,nan,0.0,-0.005004473950153852
2084,no_feedback,51,0,6,0,0,-1.0,0.0,1,3,0,1,0.0,-0.005004473950153852
2085,no_feedback,51,0,3,0,0,-1.0,0.0,1,0,1,0,0.0,-0.005004473950153852
2086,no_feedback,51,7,5,1,0,-1.0,0.0,1,0,1,0,0.0,-0.005004473950153852
2087,no_feedback,51,3,3,0,1,1.0,0.0,0,nan,nan,nan,0.0,-0.005004473950153852
2088,no_feedback,51,3,4,1,1,1.0,0.0,0,nan,nan,nan,0.0,-0.005004473950153852
2089,no_feedback,51,6,3,0,0,-1.0,0.0,1,2,0,0,0.0,-0.005004473950153852
2090,no_feedback,51,8,5,1,0,-1.0,0.0,1,0,1,0,0.0,-0.005004473950153852
2091,no_feedback,51,3,5,1,0,-1.0,0.0,1,0,1,0,0.0,-0.005004473950153852
2092,no_feedback,51,5,5,1,1,1.0,0.0,0,nan,nan,nan,0.0,-0.005004473950153852
2093,no_feedback,51,1,6,1,0,-1.0,0.0,1,1,0,0,0.0,-0.005004473950153852
2094,no_feedback,51,0,3,0,0,-1.0,0.0,1,0,1,0,0.0,-0.005004473950153852
2095,no_feedback,51,6,3,0,0,-1.0,0.0,1,0,1,0,0.0,-0.005004473950153852
2096,no_feedback,51,1,5,1,0,-1.0,0.0,1,0,1,0,0.0,-0.005004473950153852
2097,no_feedback,51,1,5,1,0,-1.0,0.0,1,0,1,0,0.0,-0.005004473950153852
2098,no_feedback,51,8,5,1,0,-1.0,0.0,1,0,1,0,0.0,-0.005004473950153852
2099,no_feedback,51,7,5,1,0,-1.0,0.0,1,0,1,0,0.0,-0.005004473950153852
2100,no_feedback,51,5,5,1,1,1.0,0.0,0,nan,nan,nan,0.0,-0.005004473950153852
2101,no_feedback,51,1,4,0,0,-1.0,0.0,1,1,0,0,0.0,-0.005004473950153852
2102,no_feedback,51,7,5,1,0,-1.0,0.0,1,0,1,0,0.0,-0.005004473950153852
2103,no_feedback,51,6,3,0,0,-1.0,0.0,1,0,1,0,0.0,-0.005004473950153852
2104,no_feedback,51,1,5,1,0,-1.0,0.0,1,0,1,0,0.0,-0.005004473950153852
2105,no_feedback,51,7,5,1,0,-1.0,0.0,1,0,1,0,0.0,-0.005004473950153852
2106,no_feedback,51,2,3,0,1,1.0,0.0,0,nan,nan,nan,0.0,-0.005004473950153852
2107,no_feedback,51,2,2,0,1,1.0,0.0,0,nan,nan,nan,0.0,-0.005004473950153852
2108,no_feedback,51,8,3,1,0,-1.0,0.0,1,2,0,0,0.0,-0.005004473950153852
2109,no_feedback,51,0,5,1,0,-1.0,0.0,1,0,1,0,0.0,-0.005004473950153852
2110,no_feedback,51,7,5,1,0,-1.0,0.0,1,0,1,0,0.0,-0.005004473950153852
2111,no_feedback,51,3,3,0,1,1.0,0.0,0,nan,nan,nan,0.0,-0.005004473950153852
2112,no_feedback,51,3,2,0,1,1.0,0.0,0,nan,nan,nan,0.0,-0.005004473950153852
2113,no_feedback,51,6,3,1,0,-1.0,0.0,1,2,0,0,0.0,-0.005004473950153852
2114,no_feedback,51,0,5,1,0,-1.0,0.0,1,0,1,0,0.0,-0.005004473950153852
2115,no_feedback,51,7,5,1,0,-1.0,0.0,1,0,1,0,0.0,-0.005004473950153852
2116,no_feedback,51,3,3,0,1,1.0,0.0,0,nan,nan,nan,0.0,-0.005004473950153852
2117,no_feedback,51,5,4,1,1,1.0,0.0,0,nan,nan,nan,0.0,-0.005004473950153852
2118,no_feedback,51,0,3,0,0,-1.0,0.0,1,2,0,0,0.0,-0.005004473950153852
2119,no_feedback,51,8,5,1,0,-1.0,0.0,1,0,1,0,0.0,-0.005004473950153852
2120,no_feedback,51,4,3,0,1,1.0,0.0,0,nan,nan,nan,0.0,-0.005004473950153852
2121,no_feedback,51,1,4,1,0,-1.0,0.0,1,1,0,0,0.0,-0.005004473950153852
2122,no_feedback,51,6,5,1,1,1.0,0.0,0,nan,nan,nan,0.0,-0.005004473950153852
2123,no_feedback,51,5,6,1,1,1.0,0.0,0,nan,nan,nan,0.0,-0.005004473950153852
2124,no_feedback,51,6,7,1,1,1.0,0.0,0,nan,nan,nan,0.0,-0.005004473950153852
2125,no_feedback,51,3,6,0,0,-1.0,0.0,1,3,0,1,0.0,-0.005004473950153852
2126,no_feedback,51,4,5,1,1,1.0,0.0,0,nan,nan,nan,0.0,-0.005004473950153852
2127,no_feedback,51,6,6,1,1,1.0,0.0,0,nan,nan,nan,0.0,-0.005004473950153852
2128,no_feedback,51,3,7,1,0,-1.0,0.0,1,2,0,0,0.0,-0.005004473950153852
2129,no_feedback,51,3,3,0,1,1.0,0.0,0,nan,nan,nan,0.0,-0.005004473950153852
2130,no_feedback,51,2,2,0,1,1.0,0.0,0,nan,nan,nan,0.0,-0.005004473950153852
2131,no_feedback,51,1,1,0,1,1.0,0.0,0,nan,nan,nan,0.0,-0.005004473950153852
2132,no_feedback,51,8,2,1,0,-1.0,0.0,1,3,0,1,0.0,-0.005004473950153852
2133,no_feedback,51,1,5,1,0,-1.0,0.0,1,0,1,0,0.0,-0.005004473950153852
2134,no_feedback,51,5,5,1,1,1.0,0.0,0,nan,nan,nan,0.0,-0.005004473950153852
2135,no_feedback,51,0,4,0,0,-1.0,0.0,1,1,0,0,0.0,-0.005004473950153852
2136,no_feedback,51,5,5,1,1,1.0,0.0,0,nan,nan,nan,0.0,-0.005004473950153852
2137,no_feedback,51,2,6,1,0,-1.0,0.0,1,1,0,0,0.0,-0.005004473950153852
2138,no_feedback,51,5,5,1,1,1.0,0.0,0,nan,nan,nan,0.0,-0.005004473950153852
2139,no_feedback,51,7,6,1,1,1.0,0.0,0,nan,nan,nan,0.0,-0.005004473950153852
2140,no_feedback,51,6,5,0,1,1.0,0.0,0,nan,nan,nan,0.0,-0.005004473950153852
2141,no_feedback,51,8,6,1,0,-1.0,0.0,1,3,0,1,0.0,-0.005004473950153852
2142,no_feedback,51,3,3,0,1,1.0,0.0,0,nan,nan,nan,0.0,-0.005004473950153852
2143,no_feedback,51,8,4,1,0,-1.0,0.0,1,1,0,0,0.0,-0.005004473950153852
2144,no_feedback,51,8,5,1,0,-1.0,0.0,1,0,1,0,0.0,-0.005004473950153852
2145,no_feedback,51,3,3,0,1,1.0,0.0,0,nan,nan,nan,0.0,-0.005004473950153852
2146,no_feedback,51,3,2,0,1,1.0,0.0,0,nan,nan,nan,0.0,-0.005004473950153852
2147,no_feedback,51,7,3,1,0,-1.0,0.0,1,2,0,0,0.0,-0.005004473950153852
2148,no_feedback,51,3,3,0,1,1.0,0.0,0,nan,nan,nan,0.0,-0.005004473950153852
2149,no_feedback,51,5,4,1,1,1.0,0.0,0,nan,nan,nan,0.0,-0.005004473950153852
2150,no_feedback,51,3,5,1,0,-1.0,0.0,1,2,0,0,0.0,-0.005004473950153852
2151,no_feedback,51,5,5,1,1,1.0,0.0,0,nan,nan,nan,0.0,-0.005004473950153852
2152,no_feedback,51,0,4,0,0,-1.0,0.0,1,1,0,0,0.0,-0.005004473950153852
2153,no_feedback,51,7,5,1,0,-1.0,0.0,1,0,1,0,0.0,-0.005004473950153852
2154,no_feedback,51,3,5,1,0,-1.0,0.0,1,0,1,0,0.0,-0.005004473950153852
2155,no_feedback,51,0,5,1,0,-1.0,0.0,1,0,1,0,0.0,-0.005004473950153852
2156,no_feedback,51,0,5,1,0,-1.0,0.0,1,0,1,0,0.0,-0.005004473950153852
2157,no_feedback,51,0,5,1,0,-1.0,0.0,1,0,1,0,0.0,-0.005004473950153852
2158,no_feedback,51,0,3,0,0,-1.0,0.0,1,0,1,0,0.0,-0.005004473950153852
2159,no_feedback,51,7,5,1,0,-1.0,0.0,1,0,1,0,0.0,-0.005004473950153852
2160,no_feedback,51,1,5,1,0,-1.0,0.0,1,0,1,0,0.0,-0.005004473950153852
2161,no_feedback,51,5,5,1,1,1.0,0.0,0,nan,nan,nan,0.0,-0.005004473950153852
2162,no_feedback,51,1,4,0,0,-1.0,0.0,1,1,0,0,0.0,-0.005004473950153852
2163,no_feedback,51,8,3,0,0,-1.0,0.0,1,0,1,0,0.0,-0.005004473950153852
2164,no_feedback,51,3,3,0,1,1.0,0.0,0,nan,nan,nan,0.0,-0.005004473950153852
2165,no_feedback,51,6,4,1,0,-1.0,0.0,1,1,0,0,0.0,-0.005004473950153852
2166,no_feedback,51,0,5,1,0,-1.0,0.0,1,0,1,0,0.0,-0.005004473950153852
2167,no_feedback,51,7,5,1,0,-1.0,0.0,1,0,1,0,0.0,-0.005004473950153852
2168,no_feedback,51,7,5,1,0,-1.0,0.0,1,0,1,0,0.0,-0.005004473950153852
2169,no_feedback,51,8,3,0,0,-1.0,0.0,1,0,1,0,0.0,-0.005004473950153852
2170,no_feedback,51,1,5,1,0,-1.0,0.0,1,0,1,0,0.0,-0.005004473950153852
2171,no_feedback,51,8,5,1,0,-1.0,0.0,1,0,1,0,0.0,-0.005004473950153852
2172,no_feedback,51,5,5,1,1,1.0,0.0,0,nan,nan,nan,0.0,-0.005004473950153852
2173,no_feedback,51,5,4,0,1,1.0,0.0,0,nan,nan,nan,0.0,-0.005004473950153852
2174,no_feedback,51,5,5,1,1,1.0,0.0,0,nan,nan,nan,0.0,-0.005004473950153852
2175,no_feedback,51,3,6,1,0,-1.0,0.0,1,3,0,1,0.0,-0.005004473950153852
2176,no_feedback,51,3,3,0,1,1.0,0.0,0,nan,nan,nan,0.0,-0.005004473950153852
2177,no_feedback,51,3,4,1,1,1.0,0.0,0,nan,nan,nan,0.0,-0.005004473950153852
2178,no_feedback,51,6,5,1,1,1.0,0.0,0,nan,nan,nan,0.0,-0.005004473950153852
2179,no_feedback,51,5,6,1,1,1.0,0.0,0,nan,nan,nan,0.0,-0.005004473950153852
2180,no_feedback,51,3,7,1,0,-1.0,0.0,1,4,0,1,0.0,-0.005004473950153852
2181,no_feedback,51,5,5,1,1,1.0,0.0,0,nan,nan,nan,0.0,-0.005004473950153852
2182,no_feedback,51,1,4,0,0,-1.0,0.0,1,1,0,0,0.0,-0.005004473950153852
2183,no_feedback,51,3,3,0,1,1.0,0.0,0,nan,nan,nan,0.0,-0.005004473950153852
2184,no_feedback,51,7,2,0,0,-1.0,0.0,1,1,0,0,0.0,-0.005004473950153852
2185,no_feedback,51,1,5,1,0,-1.0,0.0,1,0,1,0,0.0,-0.005004473950153852
2186,no_feedback,51,0,5,1,0,-1.0,0.0,1,0,1,0,0.0,-0.005004473950153852
2187,no_feedback,51,5,5,1,1,1.0,0.0,0,nan,nan,nan,0.0,-0.005004473950153852
2188,no_feedback,51,0,4,0,0,-1.0,0.0,1,1,0,0,0.0,-0.005004473950153852
2189,no_feedback,51,4,3,0,1,1.0,0.0,0,nan,nan,nan,0.0,-0.005004473950153852
2190,no_feedback,51,3,2,0,1,1.0,0.0,0,nan,nan,nan,0.0,-0.005004473950153852
2191,no_feedback,51,5,3,1,0,-1.0,0.0,1,2,0,0,0.0,-0.005004473950153852
2192,no_feedback,51,7,5,1,0,-1.0,0.0,1,0,1,0,0.0,-0.005004473950153852
2193,no_feedback,51,6,5,1,1,1.0,0.0,0,nan,nan,nan,0.0,-0.005004473950153852
2194,no_feedback,51,2,6,1,0,-1.0,0.0,1,1,0,0,0.0,-0.005004473950153852
2195,no_feedback,51,8,5,1,0,-1.0,0.0,1,0,1,0,0.0,-0.005004473950153852
2196,no_feedback,51,6,3,0,0,-1.0,0.0,1,0,1,0,0.0,-0.005004473950153852
2197,no_feedback,51,2,3,0,1,1.0,0.0,0,nan,nan,nan,0.0,-0.005004473950153852
2198,no_feedback,51,5,2,0,0,-1.0,0.0,1,1,0,0,0.0,-0.005004473950153852
2199,no_feedback,51,2,5,1,0,-1.0,0.0,1,0,1,0,0.0,-0.005004473950153852
2200,no_feedback,51,0,3,0,0,-1.0,0.0,1,0,1,0,0.0,-0.005004473950153852
2201,no_feedback,51,7,5,1,0,-1.0,0.0,1,0,1,0,0.0,-0.005004473950153852
2202,no_feedback,51,8,3,0,0,-1.0,0.0,1,0,1,0,0.0,-0.005004473950153852
2203,no_feedback,51,0,5,1,0,-1.0,0.0,1,0,1,0,0.0,-0.005004473950153852
2204,no_feedback,51,3,3,0,1,1.0,0.0,0,nan,nan,nan,0.0,-0.005004473950153852
2205,no_feedback,51,6,4,1,0,-1.0,0.0,1,1,0,0,0.0,-0.005004473950153852
2206,no_feedback,51,4,3,0,1,1.0,0.0,0,nan,nan,nan,0.0,-0.005004473950153852
2207,no_feedback,51,4,4,1,1,1.0,0.0,0,nan,nan,nan,0.0,-0.005004473950153852
2208,no_feedback,51,3,3,0,1,1.0,0.0,0,nan,nan,nan,0.0,-0.005004473950153852
2209,no_feedback,51,7,4,1,0,-1.0,0.0,1,3,0,1,0.0,-0.005004473950153852
2210,no_feedback,51,1,5,1,0,-1.0,0.0,1,0,1,0,0.0,-0.005004473950153852
2211,no_feedback,51,3,3,0,1,1.0,0.0,0,nan,nan,nan,0.0,-0.005004473950153852
2212,no_feedback,51,7,2,0,0,-1.0,0.0,1,1,0,0,0.0,-0.005004473950153852
2213,no_feedback,51,6,3,0,0,-1.0,0.0,1,0,1,0,0.0,-0.005004473950153852
2214,no_feedback,51,8,3,0,0,-1.0,0.0,1,0,1,0,0.0,-0.005004473950153852
2215,no_feedback,51,8,3,0,0,-1.0,0.0,1,0,1,0,0.0,-0.005004473950153852
2216,no_feedback,51,2,5,1,0,-1.0,0.0,1,0,1,0,0.0,-0.005004473950153852
2217,no_feedback,51,6,5,1,1,1.0,0.0,0,nan,nan,nan,0.0,-0.005004473950153852
2218,no_feedback,51,8,6,1,0,-1.0,0.0,1,1,0,0,0.0,-0.005004473950153852
2219,no_feedback,51,5,5,1,1,1.0,0.0,0,nan,nan,nan,0.0,-0.005004473950153852
2220,no_feedback,51,2,6,1,0,-1.0,0.0,1,1,0,0,0.0,-0.005004473950153852
2221,no_feedback,51,1,5,1,0,-1.0,0.0,1,0,1,0,0.0,-0.005004473950153852
2222,no_feedback,51,0,3,0,0,-1.0,0.0,1,0,1,0,0.0,-0.005004473950153852
2223,no_feedback,51,0,5,1,0,-1.0,0.0,1,0,1,0,0.0,-0.005004473950153852
2224,no_feedback,51,0,5,1,0,-1.0,0.0,1,0,1,0,0.0,-0.005004473950153852
2225,no_feedback,51,4,3,0,1,1.0,0.0,0,nan,nan,nan,0.0,-0.005004473950153852
2226,no_feedback,51,7,4,1,0,-1.0,0.0,1,1,0,0,0.0,-0.005004473950153852
2227,no_feedback,51,2,5,1,0,-1.0,0.0,1,0,1,0,0.0,-0.005004473950153852
2228,no_feedback,51,7,5,1,0,-1.0,0.0,1,0,1,0,0.0,-0.005004473950153852
2229,no_feedback,51,1,5,1,0,-1.0,0.0,1,0,1,0,0.0,-0.005004473950153852
2230,no_feedback,51,8,3,0,0,-1.0,0.0,1,0,1,0,0.0,-0.005004473950153852
2231,no_feedback,51,8,5,1,0,-1.0,0.0,1,0,1,0,0.0,-0.005004473950153852
2232,no_feedback,51,0,3,0,0,-1.0,0.0,1,0,1,0,0.0,-0.005004473950153852
2233,no_feedback,51,5,5,1,1,1.0,0.0,0,nan,nan,nan,0.0,-0.005004473950153852
2234,no_feedback,51,7,6,1,1,1.0,0.0,0,nan,nan,nan,0.0,-0.005004473950153852
2235,no_feedback,51,1,5,0,0,-1.0,0.0,1,2,0,0,0.0,-0.005004473950153852
2236,no_feedback,51,7,5,1,0,-1.0,0.0,1,0,1,0,0.0,-0.005004473950153852
2237,no_feedback,51,7,5,1,0,-1.0,0.0,1,0,1,0,0.0,-0.005004473950153852
2238,no_feedback,51,5,5,1,1,1.0,0.0,0,nan,nan,nan,0.0,-0.005004473950153852
2239,no_feedback,51,0,6,1,0,-1.0,0.0,1,1,0,0,0.0,-0.005004473950153852
2240,no_feedback,51,2,3,0,1,1.0,0.0,0,nan,nan,nan,0.0,-0.005004473950153852
2241,no_feedback,51,3,2,0,1,1.0,0.0,0,nan,nan,nan,0.0,-0.005004473950153852
2242,no_feedback,51,1,1,0,1,1.0,0.0,0,nan,nan,nan,0.0,-0.005004473950153852
2243,no_feedback,51,4,2,1,0,-1.0,0.0,1,3,0,1,0.0,-0.005004473950153852
2244,no_feedback,51,2,5,1,0,-1.0,0.0,1,0,1,0,0.0,-0.005004473950153852
2245,no_feedback,51,4,3,0,1,1.0,0.0,0,nan,nan,nan,0.0,-0.005004473950153852
2246,no_feedback,51,3,4,1,1,1.0,0.0,0,nan,nan,nan,0.0,-0.005004473950153852
2247,no_feedback,51,0,3,0,0,-1.0,0.0,1,2,0,0,0.0,-0.005004473950153852
2248,no_feedback,51,0,3,0,0,-1.0,0.0,1,0,1,0,0.0,-0.005004473950153852
2249,no_feedback,51,6,5,1,1,1.0,0.0,0,nan,nan,nan,0.0,-0.005004473950153852
2250,no_feedback,51,4,4,0,1,1.0,0.0,0,nan,nan,nan,0.0,-0.005004473950153852
2251,no_feedback,51,4,5,1,1,1.0,0.0,0,nan,nan,nan,0.0,-0.005004473950153852
2252,no_feedback,51,6,6,1,1,1.0,0.0,0,nan,nan,nan,0.0,-0.005004473950153852
2253,no_feedback,51,8,5,0,0,-1.0,0.0,1,4,0,1,0.0,-0.005004473950153852
2254,no_feedback,51,6,3,0,0,-1.0,0.0,1,0,1,0,0.0,-0.005004473950153852
2255,no_feedback,51,8,5,1,0,-1.0,0.0,1,0,1,0,0.0,-0.005004473950153852
2256,no_feedback,51,7,5,1,0,-1.0,0.0,1,0,1,0,0.0,-0.005004473950153852
2257,no_feedback,51,6,3,0,0,-1.0,0.0,1,0,1,0,0.0,-0.005004473950153852
2258,no_feedback,51,2,3,0,1,1.0,0.0,0,nan,nan,nan,0.0,-0.005004473950153852
2259,no_feedback,51,5,4,1,1,1.0,0.0,0,nan,nan,nan,0.0,-0.005004473950153852
2260,no_feedback,51,1,5,1,0,-1.0,0.0,1,2,0,0,0.0,-0.005004473950153852
2261,no_feedback,51,8,3,0,0,-1.0,0.0,1,0,1,0,0.0,-0.005004473950153852
2262,no_feedback,51,0,3,0,0,-1.0,0.0,1,0,1,0,0.0,-0.005004473950153852
2263,no_feedback,51,3,3,0,1,1.0,0.0,0,nan,nan,nan,0.0,-0.005004473950153852
2264,no_feedback,51,8,4,1,0,-1.0,0.0,1,1,0,0,0.0,-0.005004473950153852
2265,no_feedback,51,6,5,1,1,1.0,0.0,0,nan,nan,nan,0.0,-0.005004473950153852
2266,no_feedback,51,4,4,0,1,1.0,0.0,0,nan,nan,nan,0.0,-0.005004473950153852
2267,no_feedback,51,3,3,0,1,1.0,0.0,0,nan,nan,nan,0.0,-0.005004473950153852
2268,no_feedback,51,7,2,0,0,-1.0,0.0,1,3,0,1,0.0,-0.005004473950153852
2269,no_feedback,51,7,3,0,0,-1.0,0.0,1,0,1,0,0.0,-0.005004473950153852
2270,no_feedback,51,6,5,1,1,1.0,0.0,0,nan,nan,nan,0.0,-0.005004473950153852
2271,no_feedback,51,1,6,1,0,-1.0,0.0,1,1,0,0,0.0,-0.005004473950153852
2272,no_feedback,51,8,5,1,0,-1.0,0.0,1,0,1,0,0.0,-0.005004473950153852
2273,no_feedback,51,0,5,1,0,-1.0,0.0,1,0,1,0,0.0,-0.005004473950153852
2274,no_feedback,51,3,3,0,1,1.0,0.0,0,nan,nan,nan,0.0,-0.005004473950153852
2275,no_feedback,51,4,4,1,1,1.0,0.0,0,nan,nan,nan,0.0,-0.005004473950153852
2276,no_feedback,51,8,5,1,0,-1.0,0.0,1,2,0,0,0.0,-0.005004473950153852
2277,no_feedback,51,2,5,1,0,-1.0,0.0,1,0,1,0,0.0,-0.005004473950153852
2278,no_feedback,51,5,5,1,1,1.0,0.0,0,nan,nan,nan,0.0,-0.005004473950153852
2279,no_feedback,51,1,4,0,0,-1.0,0.0,1,1,0,0,0.0,-0.005004473950153852
2280,no_feedback,51,4,5,1,1,1.0,0.0,0,nan,nan,nan,0.0,-0.005004473950153852
2281,no_feedback,51,1,6,1,0,-1.0,0.0,1,1,0,0,0.0,-0.005004473950153852
2282,no_feedback,51,8,5,1,0,-1.0,0.0,1,0,1,0,0.0,-0.005004473950153852
2283,no_feedback,51,1,5,1,0,-1.0,0.0,1,0,1,0,0.0,-0.005004473950153852
2284,no_feedback,51,5,3,0,0,-1.0,0.0,1,0,1,0,0.0,-0.005004473950153852
2285,no_feedback,51,8,3,0,0,-1.0,0.0,1,0,1,0,0.0,-0.005004473950153852
2286,no_feedback,51,4,5,1,1,1.0,0.0,0,nan,nan,nan,0.0,-0.005004473950153852
2287,no_feedback,51,3,6,1,0,-1.0,0.0,1,1,0,0,0.0,-0.005004473950153852
2288,no_feedback,51,8,5,1,0,-1.0,0.0,1,0,1,0,0.0,-0.005004473950153852
2289,no_feedback,51,6,5,1,1,1.0,0.0,0,nan,nan,nan,0.0,-0.005004473950153852
2290,no_feedback,51,3,4,0,1,1.0,0.0,0,nan,nan,nan,0.0,-0.005004473950153852
2291,no_feedback,51,8,5,1,0,-1.0,0.0,1,2,0,0,0.0,-0.005004473950153852
2292,no_feedback,51,2,3,0,1,1.0,0.0,0,nan,nan,nan,0.0,-0.005004473950153852
2293,no_feedback,51,7,4,1,0,-1.0,0.0,1,1,0,0,0.0,-0.005004473950153852
2294,no_feedback,51,7,5,1,0,-1.0,0.0,1,0,1,0,0.0,-0.005004473950153852
2295,no_feedback,51,1,5,1,0,-1.0,0.0,1,0,1,0,0.0,-0.005004473950153852
2296,no_feedback,51,0,3,0,0,-1.0,0.0,1,0,1,0,0.0,-0.005004473950153852
2297,no_feedback,51,4,3,0,1,1.0,0.0,0,nan,nan,nan,0.0,-0.005004473950153852
2298,no_feedback,51,5,4,1,1,1.0,0.0,0,nan,nan,nan,0.0,-0.005004473950153852
2299,no_feedback,51,3,3,0,1,1.0,0.0,0,nan,nan,nan,0.0,-0.005004473950153852
2300,no_feedback,51,5,2,0,0,-1.0,0.0,1,3,0,1,0.0,-0.005004473950153852
2301,no_feedback,51,3,3,0,1,1.0,0.0,0,nan,nan,nan,0.0,-0.005004473950153852
2302,no_feedback,51,3,2,0,1,1.0,0.0,0,nan,nan,nan,0.0,-0.005004473950153852
2303,no_feedback,51,1,1,0,1,1.0,0.0,0,nan,nan,nan,0.0,-0.005004473950153852
2304,no_feedback,51,1,0,0,1,1.0,0.0,0,nan,nan,nan,0.0,-0.005004473950153852
2305,no_feedback,51,3,1,1,0,-1.0,0.0,1,4,0,1,0.0,-0.005004473950153852
2306,no_feedback,51,7,5,1,0,-1.0,0.0,1,0,1,0,0.0,-0.005004473950153852
2307,no_feedback,51,0,5,1,0,-1.0,0.0,1,0,1,0,0.0,-0.005004473950153852
2308,no_feedback,51,2,5,1,0,-1.0,0.0,1,0,1,0,0.0,-0.005004473950153852
2309,no_feedback,51,3,3,0,1,1.0,0.0,0,nan,nan,nan,0.0,-0.005004473950153852
2310,no_feedback,51,0,4,1,0,-1.0,0.0,1,1,0,0,0.0,-0.005004473950153852
2311,no_feedback,51,3,3,0,1,1.0,0.0,0,nan,nan,nan,0.0,-0.005004473950153852
2312,no_feedback,51,8,4,1,0,-1.0,0.0,1,1,0,0,0.0,-0.005004473950153852
2313,no_feedback,51,4,5,1,1,1.0,0.0,0,nan,nan,nan,0.0,-0.005004473950153852
2314,no_feedback,51,2,6,1,0,-1.0,0.0,1,1,0,0,0.0,-0.005004473950153852
2315,no_feedback,51,7,5,1,0,-1.0,0.0,1,0,1,0,0.0,-0.005004473950153852
2316,no_feedback,51,5,5,1,1,1.0,0.0,0,nan,nan,nan,0.0,-0.005004473950153852
2317,no_feedback,51,2,6,1,0,-1.0,0.0,1,1,0,0,0.0,-0.005004473950153852
2318,no_feedback,51,1,5,1,0,-1.0,0.0,1,0,1,0,0.0,-0.005004473950153852
2319,no_feedback,51,8,3,0,0,-1.0,0.0,1,0,1,0,0.0,-0.005004473950153852
2320,no_feedback,51,3,3,0,1,1.0,0.0,0,nan,nan,nan,0.0,-0.005004473950153852
2321,no_feedback,51,2,2,0,1,1.0,0.0,0,nan,nan,nan,0.0,-0.005004473950153852
2322,no_feedback,51,4,1,0,0,-1.0,0.0,1,2,0,0,0.0,-0.005004473950153852
2323,no_feedback,51,1,5,1,0,-1.0,0.0,1,0,1,0,0.0,-0.005004473950153852
2324,no_feedback,51,8,3,0,0,-1.0,0.0,1,0,1,0,0.0,-0.005004473950153852
2325,no_feedback,51,2,5,1,0,-1.0,0.0,1,0,1,0,0.0,-0.005004473950153852
2326,no_feedback,51,5,5,1,1,1.0,0.0,0,nan,nan,nan,0.0,-0.005004473950153852
2327,no_feedback,51,6,4,0,0,-1.0,0.0,1,1,0,0,0.0,-0.005004473950153852
2328,no_feedback,51,5,5,1,1,1.0,0.0,0,nan,nan,nan,0.0,-0.005004473950153852
2329,no_feedback,51,8,6,1,0,-1.0,0.0,1,1,0,0,0.0,-0.005004473950153852
2330,no_feedback,51,4,3,0,1,1.0,0.0,0,nan,nan,nan,0.0,-0.005004473950153852
2331,no_feedback,51,2,4,1,0,-1.0,0.0,1,1,0,0,0.0,-0.005004473950153852
2332,no_feedback,51,5,5,1,1,1.0,0.0,0,nan,nan,nan,0.0,-0.005004473950153852
2333,no_feedback,51,1,4,0,0,-1.0,0.0,1,1,0,0,0.0,-0.005004473950153852
2334,no_feedback,51,2,3,0,1,1.0,0.0,0,nan,nan,nan,0.0,-0.005004473950153852
2335,no_feedback,51,2,2,0,1,1.0,0.0,0,nan,nan,nan,0.0,-0.005004473950153852
2336,no_feedback,51,2,3,1,1,1.0,0.0,0,nan,nan,nan,0.0,-0.005004473950153852
2337,no_feedback,51,1,4,1,0,-1.0,0.0,1,3,0,1,0.0,-0.005004473950153852
2338,no_feedback,51,3,3,0,1,1.0,0.0,0,nan,nan,nan,0.0,-0.005004473950153852
2339,no_feedback,51,0,4,1,0,-1.0,0.0,1,1,0,0,0.0,-0.005004473950153852
2340,no_feedback,51,0,3,0,0,-1.0,0.0,1,0,1,0,0.0,-0.005004473950153852
2341,no_feedback,51,2,3,0,1,1.0,0.0,0,nan,nan,nan,0.0,-0.005004473950153852
2342,no_feedback,51,1,2,0,1,1.0,0.0,0,nan,nan,nan,0.0,-0.005004473950153852
2343,no_feedback,51,2,1,0,1,1.0,0.0,0,nan,nan,nan,0.0,-0.005004473950153852
2344,no_feedback,51,5,2,1,0,-1.0,0.0,1,3,0,1,0.0,-0.005004473950153852
2345,no_feedback,51,4,3,0,1,1.0,0.0,0,nan,nan,nan,0.0,-0.005004473950153852
2346,no_feedback,51,3,2,0,1,1.0,0.0,0,nan,nan,nan,0.0,-0.005004473950153852
2347,no_feedback,51,5,3,1,0,-1.0,0.0,1,2,0,0,0.0,-0.005004473950153852
2348,no_feedback,51,8,3,0,0,-1.0,0.0,1,0,1,0,0.0,-0.005004473950153852
2349,no_feedback,51,3,3,0,1,1.0,0.0,0,nan,nan,nan,0.0,-0.005004473950153852
2350,no_feedback,51,0,4,1,0,-1.0,0.0,1,1,0,0,0.0,-0.005004473950153852
2351,no_feedback,51,6,3,0,0,-1.0,0.0,1,0,1,0,0.0,-0.005004473950153852
2352,no_feedback,51,1,5,1,0,-1.0,0.0,1,0,1,0,0.0,-0.005004473950153852
2353,no_feedback,51,3,3,0,1,1.0,0.0,0,nan,nan,nan,0.0,-0.005004473950153852
2354,no_feedback,51,5,4,1,1,1.0,0.0,0,nan,nan,nan,0.0,-0.005004473950153852
2355,no_feedback,51,1,5,1,0,-1.0,0.0,1,2,0,0,0.0,-0.005004473950153852
2356,no_feedback,51,6,3,0,0,-1.0,0.0,1,0,1,0,0.0,-0.005004473950153852
2357,no_feedback,51,1,5,1,0,-1.0,0.0,1,0,1,0,0.0,-0.005004473950153852
2358,no_feedback,51,5,5,1,1,1.0,0.0,0,nan,nan,nan,0.0,-0.005004473950153852
2359,no_feedback,51,7,4,0,0,-1.0,0.0,1,1,0,0,0.0,-0.005004473950153852
2360,no_feedback,51,2,3,0,1,1.0,0.0,0,nan,nan,nan,0.0,-0.005004473950153852
2361,no_feedback,51,3,2,0,1,1.0,0.0,0,nan,nan,nan,0.0,-0.005004473950153852
2362,no_feedback,51,7,3,1,0,-1.0,0.0,1,2,0,0,0.0,-0.005004473950153852
2363,no_feedback,51,6,5,1,1,1.0,0.0,0,nan,nan,nan,0.0,-0.005004473950153852
2364,no_feedback,51,7,4,0,0,-1.0,0.0,1,1,0,0,0.0,-0.005004473950153852
2365,no_feedback,51,0,5,1,0,-1.0,0.0,1,0,1,0,0.0,-0.005004473950153852
2366,no_feedback,51,6,3,0,0,-1.0,0.0,1,0,1,0,0.0,-0.005004473950153852
2367,no_feedback,51,3,3,0,1,1.0,0.0,0,nan,nan,nan,0.0,-0.005004473950153852
2368,no_feedback,51,7,2,0,0,-1.0,0.0,1,1,0,0,0.0,-0.005004473950153852
2369,no_feedback,51,6,3,0,0,-1.0,0.0,1,0,1,0,0.0,-0.005004473950153852
2370,no_feedback,51,0,3,0,0,-1.0,0.0,1,0,1,0,0.0,-0.005004473950153852
2371,no_feedback,51,7,5,1,0,-1.0,0.0,1,0,1,0,0.0,-0.005004473950153852
2372,no_feedback,51,6,3,0,0,-1.0,0.0,1,0,1,0,0.0,-0.005004473950153852
2373,no_feedback,51,1,5,1,0,-1.0,0.0,1,0,1,0,0.0,-0.005004473950153852
2374,no_feedback,51,8,3,0,0,-1.0,0.0,1,0,1,0,0.0,-0.005004473950153852
2375,no_feedback,51,0,3,0,0,-1.0,0.0,1,0,1,0,0.0,-0.005004473950153852
2376,no_feedback,51,4,5,1,1,1.0,0.0,0,nan,nan,nan,0.0,-0.005004473950153852
2377,no_feedback,51,6,6,1,1,1.0,0.0,0,nan,nan,nan,0.0,-0.005004473950153852
2378,no_feedback,51,0,7,1,0,-1.0,0.0,1,2,0,0,0.0,-0.005004473950153852
2379,no_feedback,51,7,3,0,0,-1.0,0.0,1,0,1,0,0.0,-0.005004473950153852
2380,no_feedback,51,5,5,1,1,1.0,0.0,0,nan,nan,nan,0.0,-0.005004473950153852
2381,no_feedback,51,1,6,1,0,-1.0,0.0,1,1,0,0,0.0,-0.005004473950153852
2382,no_feedback,51,3,3,0,1,1.0,0.0,0,nan,nan,nan,0.0,-0.005004473950153852
2383,no_feedback,51,5,4,1,1,1.0,0.0,0,nan,nan,nan,0.0,-0.005004473950153852
2384,no_feedback,51,3,3,0,1,1.0,0.0,0,nan,nan,nan,0.0,-0.005004473950153852
2385,no_feedback,51,5,2,0,0,-1.0,0.0,1,3,0,1,0.0,-0.005004473950153852
2386,no_feedback,51,5,5,1,1,1.0,0.0,0,nan,nan,nan,0.0,-0.005004473950153852
2387,no_feedback,51,6,6,1,1,1.0,0.0,0,nan,nan,nan,0.0,-0.005004473950153852
2388,no_feedback,51,2,5,0,0,-1.0,0.0,1,2,0,0,0.0,-0.005004473950153852
2389,no_feedback,51,2,5,1,0,-1.0,0.0,1,0,1,0,0.0,-0.005004473950153852
2390,no_feedback,51,7,5,1,0,-1.0,0.0,1,0,1,0,0.0,-0.005004473950153852
2391,no_feedback,51,3,3,0,1,1.0,0.0,0,nan,nan,nan,0.0,-0.005004473950153852
2392,no_feedback,51,5,4,1,1,1.0,0.0,0,nan,nan,nan,0.0,-0.005004473950153852
2393,no_feedback,51,8,3,0,0,-1.0,0.0,1,2,0,0,0.0,-0.005004473950153852
2394,no_feedback,51,7,5,1,0,-1.0,0.0,1,0,1,0,0.0,-0.005004473950153852
2395,no_feedback,51,3,3,0,1,1.0,0.0,0,nan,nan,nan,0.0,-0.005004473950153852
2396,no_feedback,51,1,2,0,1,1.0,0.0,0,nan,nan,nan,0.0,-0.005004473950153852
2397,no_feedback,51,4,1,0,0,-1.0,0.0,1,2,0,0,0.0,-0.005004473950153852
2398,no_feedback,51,6,5,1,1,1.0,0.0,0,nan,nan,nan,0.0,-0.005004473950153852
2399,no_feedback,51,4,4,0,1,1.0,0.0,0,nan,nan,nan,0.0,-0.005004473950153852
2400,no_feedback,51,8,5,1,0,-1.0,0.0,1,2,0,0,0.0,-0.005004473950153852
2401,no_feedback,51,5,5,1,1,1.0,0.0,0,nan,nan,nan,0.0,-0.005004473950153852
2402,no_feedback,51,5,4,0,1,1.0,0.0,0,nan,nan,nan,0.0,-0.005004473950153852
2403,no_feedback,51,7,5,1,0,-1.0,0.0,1,2,0,0,0.0,-0.005004473950153852
2404,no_feedback,51,1,5,1,0,-1.0,0.0,1,0,1,0,0.0,-0.005004473950153852
2405,no_feedback,51,6,5,1,1,1.0,0.0,0,nan,nan,nan,0.0,-0.005004473950153852
2406,no_feedback,51,4,4,0,1,1.0,0.0,0,nan,nan,nan,0.0,-0.005004473950153852
2407,no_feedback,51,3,3,0,1,1.0,0.0,0,nan,nan,nan,0.0,-0.005004473950153852
2408,no_feedback,51,3,4,1,1,1.0,0.0,0,nan,nan,nan,0.0,-0.005004473950153852
2409,no_feedback,51,0,3,0,0,-1.0,0.0,1,4,0,1,0.0,-0.005004473950153852
2410,no_feedback,51,6,5,1,1,1.0,0.0,0,nan,nan,nan,0.0,-0.005004473950153852
2411,no_feedback,51,2,6,1,0,-1.0,0.0,1,1,0,0,0.0,-0.005004473950153852
2412,no_feedback,51,6,5,1,1,1.0,0.0,0,nan,nan,nan,0.0,-0.005004473950153852
2413,no_feedback,51,8,6,1,0,-1.0,0.0,1,1,0,0,0.0,-0.005004473950153852
2414,no_feedback,51,8,3,0,0,-1.0,0.0,1,0,1,0,0.0,-0.005004473950153852
2415,no_feedback,51,0,5,1,0,-1.0,0.0,1,0,1,0,0.0,-0.005004473950153852
2416,no_feedback,51,6,3,0,0,-1.0,0.0,1,0,1,0,0.0,-0.005004473950153852
2417,no_feedback,51,4,3,0,1,1.0,0.0,0,nan,nan,nan,0.0,-0.005004473950153852
2418,no_feedback,51,8,4,1,0,-1.0,0.0,1,1,0,0,0.0,-0.005004473950153852
2419,no_feedback,51,6,3,0,0,-1.0,0.0,1,0,1,0,0.0,-0.005004473950153852
2420,no_feedback,51,8,5,1,0,-1.0,0.0,1,0,1,0,0.0,-0.005004473950153852
2421,no_feedback,51,5,5,1,1,1.0,0.0,0,nan,nan,nan,0.0,-0.005004473950153852
2422,no_feedback,51,3,4,0,1,1.0,0.0,0,nan,nan,nan,0.0,-0.005004473950153852
2423,no_feedback,51,0,5,1,0,-1.0,0.0,1,2,0,0,0.0,-0.005004473950153852
2424,no_feedback,51,6,5,1,1,1.0,0.0,0,nan,nan,nan,0.0,-0.005004473950153852
2425,no_feedback,51,7,4,0,0,-1.0,0.0,1,1,0,0,0.0,-0.005004473950153852
2426,no_feedback,51,8,3,0,0,-1.0,0.0,1,0,1,0,0.0,-0.005004473950153852
2427,no_feedback,51,6,5,1,1,1.0,0.0,0,nan,nan,nan,0.0,-0.005004473950153852
2428,no_feedback,51,1,6,1,0,-1.0,0.0,1,1,0,0,0.0,-0.005004473950153852
2429,no_feedback,51,3,3,0,1,1.0,0.0,0,nan,nan,nan,0.0,-0.005004473950153852
2430,no_feedback,51,0,4,1,0,-1.0,0.0,1,1,0,0,0.0,-0.005004473950153852
2431,no_feedback,51,6,5,1,1,1.0,0.0,0,nan,nan,nan,0.0,-0.005004473950153852
2432,no_feedback,51,7,4,0,0,-1.0,0.0,1,1,0,0,0.0,-0.005004473950153852
2433,no_feedback,51,0,5,1,0,-1.0,0.0,1,0,1,0,0.0,-0.005004473950153852
2434,no_feedback,51,4,5,1,1,1.0,0.0,0,nan,nan,nan,0.0,-0.005004473950153852
2435,no_feedback,51,8,4,0,0,-1.0,0.0,1,1,0,0,0.0,-0.005004473950153852
2436,no_feedback,51,6,5,1,1,1.0,0.0,0,nan,nan,nan,0.0,-0.005004473950153852
2437,no_feedback,51,5,6,1,1,1.0,0.0,0,nan,nan,nan,0.0,-0.005004473950153852
2438,no_feedback,51,2,5,0,0,-1.0,0.0,1,2,0,0,0.0,-0.005004473950153852
2439,no_feedback,51,8,3,0,0,-1.0,0.0,1,0,1,0,0.0,-0.005004473950153852
2440,no_feedback,51,2,5,1,0,-1.0,0.0,1,0,1,0,0.0,-0.005004473950153852
2441,no_feedback,51,5,5,1,1,1.0,0.0,0,nan,nan,nan,0.0,-0.005004473950153852
2442,no_feedback,51,0,4,0,0,-1.0,0.0,1,1,0,0,0.0,-0.005004473950153852
2443,no_feedback,51,0,5,1,0,-1.0,0.0,1,0,1,0,0.0,-0.005004473950153852
2444,no_feedback,51,7,5,1,0,-1.0,0.0,1,0,1,0,0.0,-0.005004473950153852
2445,no_feedback,51,3,3,0,1,1.0,0.0,0,nan,nan,nan,0.0,-0.005004473950153852
2446,no_feedback,51,3,4,1,1,1.0,0.0,0,nan,nan,nan,0.0,-0.005004473950153852
2447,no_feedback,51,8,5,1,0,-1.0,0.0,1,2,0,0,0.0,-0.005004473950153852
2448,no_feedback,51,6,5,1,1,1.0,0.0,0,nan,nan,nan,0.0,-0.005004473950153852
2449,no_feedback,51,4,4,0,1,1.0,0.0,0,nan,nan,nan,0.0,-0.005004473950153852
2450,no_feedback,51,0,3,0,0,-1.0,0.0,1,2,0,0,0.0,-0.005004473950153852
2451,no_feedback,51,6,5,1,1,1.0,0.0,0,nan,nan,nan,0.0,-0.005004473950153852
2452,no_feedback,51,8,6,1,0,-1.0,0.0,1,1,0,0,0.0,-0.005004473950153852
2453,no_feedback,51,1,5,1,0,-1.0,0.0,1,0,1,0,0.0,-0.005004473950153852
2454,no_feedback,51,3,3,0,1,1.0,0.0,0,nan,nan,nan,0.0,-0.005004473950153852
2455,no_feedback,51,3,4,1,1,1.0,0.0,0,nan,nan,nan,0.0,-0.005004473950153852
2456,no_feedback,51,5,5,1,1,1.0,0.0,0,nan,nan,nan,0.0,-0.005004473950153852
2457,no_feedback,51,6,6,1,1,1.0,0.0,0,nan,nan,nan,0.0,-0.005004473950153852
2458,no_feedback,51,5,5,0,1,1.0,0.0,0,nan,nan,nan,0.0,-0.005004473950153852
2459,no_feedback,51,0,6,1,0,-1.0,0.0,1,5,0,1,0.0,-0.005004473950153852
2460,no_feedback,51,8,3,0,0,-1.0,0.0,1,0,1,0,0.0,-0.005004473950153852
2461,no_feedback,51,3,3,0,1,1.0,0.0,0,nan,nan,nan,0.0,-0.005004473950153852
2462,no_feedback,51,4,4,1,1,1.0,0.0,0,nan,nan,nan,0.0,-0.005004473950153852
2463,no_feedback,51,7,5,1,0,-1.0,0.0,1,2,0,0,0.0,-0.005004473950153852
2464,no_feedback,51,4,3,0,1,1.0,0.0,0,nan,nan,nan,0.0,-0.005004473950153852
2465,no_feedback,51,2,2,0,1,1.0,0.0,0,nan,nan,nan,0.0,-0.005004473950153852
2466,no_feedback,51,1,1,0,1,1.0,0.0,0,nan,nan,nan,0.0,-0.005004473950153852
2467,no_feedback,51,0,0,0,1,1.0,0.0,0,nan,nan,nan,0.0,-0.005004473950153852
2468,no_feedback,51,3,1,1,0,-1.0,0.0,1,4,0,1,0.0,-0.005004473950153852
2469,no_feedback,51,1,5,1,0,-1.0,0.0,1,0,1,0,0.0,-0.005004473950153852
2470,no_feedback,51,2,3,0,1,1.0,0.0,0,nan,nan,nan,0.0,-0.005004473950153852
2471,no_feedback,51,6,2,0,0,-1.0,0.0,1,1,0,0,0.0,-0.005004473950153852
2472,no_feedback,51,3,5,1,0,-1.0,0.0,1,0,1,0,0.0,-0.005004473950153852
2473,no_feedback,51,7,5,1,0,-1.0,0.0,1,0,1,0,0.0,-0.005004473950153852
2474,no_feedback,51,4,3,0,1,1.0,0.0,0,nan,nan,nan,0.0,-0.005004473950153852
2475,no_feedback,51,8,4,1,0,-1.0,0.0,1,1,0,0,0.0,-0.005004473950153852
2476,no_feedback,51,8,5,1,0,-1.0,0.0,1,0,1,0,0.0,-0.005004473950153852
2477,no_feedback,51,2,5,1,0,-1.0,0.0,1,0,1,0,0.0,-0.005004473950153852
2478,no_feedback,51,5,5,1,1,1.0,0.0,0,nan,nan,nan,0.0,-0.005004473950153852
2479,no_feedback,51,2,6,1,0,-1.0,0.0,1,1,0,0,0.0,-0.005004473950153852
2480,no_feedback,51,2,5,1,0,-1.0,0.0,1,0,1,0,0.0,-0.005004473950153852
2481,no_feedback,51,1,5,1,0,-1.0,0.0,1,0,1,0,0.0,-0.005004473950153852
2482,no_feedback,51,3,3,0,1,1.0,0.0,0,nan,nan,nan,0.0,-0.005004473950153852
2483,no_feedback,51,2,2,0,1,1.0,0.0,0,nan,nan,nan,0.0,-0.005004473950153852
2484,no_feedback,51,0,1,0,1,1.0,0.0,0,nan,nan,nan,0.0,-0.005004473950153852
2485,no_feedback,51,6,2,1,0,-1.0,0.0,1,3,0,1,0.0,-0.005004473950153852
2486,no_feedback,51,1,5,1,0,-1.0,0.0,1,0,1,0,0.0,-0.005004473950153852
2487,no_feedback,51,1,5,1,0,-1.0,0.0,1,0,1,0,0.0,-0.005004473950153852
2488,no_feedback,51,8,3,0,0,-1.0,0.0,1,0,1,0,0.0,-0.005004473950153852
2489,no_feedback,51,1,5,1,0,-1.0,0.0,1,0,1,0,0.0,-0.005004473950153852
2490,no_feedback,51,5,5,1,1,1.0,0.0,0,nan,nan,nan,0.0,-0.005004473950153852
2491,no_feedback,51,3,6,1,0,-1.0,0.0,1,1,0,0,0.0,-0.005004473950153852
2492,no_feedback,51,3,3,0,1,1.0,0.0,0,nan,nan,nan,0.0,-0.005004473950153852
2493,no_feedback,51,0,4,1,0,-1.0,0.0,1,1,0,0,0.0,-0.005004473950153852
2494,no_feedback,51,2,3,0,1,1.0,0.0,0,nan,nan,nan,0.0,-0.005004473950153852
2495,no_feedback,51,0,4,1,0,-1.0,0.0,1,1,0,0,0.0,-0.005004473950153852
2496,no_feedback,51,0,3,0,0,-1.0,0.0,1,0,1,0,0.0,-0.005004473950153852
2497,no_feedback,51,3,3,0,1,1.0,0.0,0,nan,nan,nan,0.0,-0.005004473950153852
2498,no_feedback,51,2,2,0,1,1.0,0.0,0,nan,nan,nan,0.0,-0.005004473950153852
2499,no_feedback,51,4,3,1,1,1.0,0.0,0,nan,nan,nan,0.0,-0.005004473950153852
2500,no_feedback,51,7,4,1,0,-1.0,0.0,1,3,0,1,0.0,-0.005004473950153852
2501,no_feedback,51,1,5,1,0,-1.0,0.0,1,0,1,0,0.0,-0.005004473950153852
2502,no_feedback,51,4,3,0,1,1.0,0.0,0,nan,nan,nan,0.0,-0.005004473950153852
2503,no_feedback,51,6,4,1,0,-1.0,0.0,1,1,0,0,0.0,-0.005004473950153852
2504,no_feedback,51,4,5,1,1,1.0,0.0,0,nan,nan,nan,0.0,-0.005004473950153852
2505,no_feedback,51,1,4,0,0,-1.0,0.0,1,1,0,0,0.0,-0.005004473950153852
2506,no_feedback,51,0,5,1,0,-1.0,0.0,1,0,1,0,0.0,-0.005004473950153852
2507,no_feedback,51,3,3,0,1,1.0,0.0,0,nan,nan,nan,0.0,-0.005004473950153852
2508,no_feedback,51,2,2,0,1,1.0,0.0,0,nan,nan,nan,0.0,-0.005004473950153852
2509,no_feedback,51,2,3,1,1,1.0,0.0,0,nan,nan,nan,0.0,-0.005004473950153852
2510,no_feedback,51,5,4,1,1,1.0,0.0,0,nan,nan,nan,0.0,-0.005004473950153852
2511,no_feedback,51,2,5,1,0,-1.0,0.0,1,4,0,1,0.0,-0.005004473950153852
2512,no_feedback,51,2,3,0,1,1.0,0.0,0,nan,nan,nan,0.0,-0.005004473950153852
2513,no_feedback,51,1,2,0,1,1.0,0.0,0,nan,nan,nan,0.0,-0.005004473950153852
2514,no_feedback,51,2,1,0,1,1.0,0.0,0,nan,nan,nan,0.0,-0.005004473950153852
2515,no_feedback,51,4,2,1,0,-1.0,0.0,1,3,0,1,0.0,-0.005004473950153852
2516,no_feedback,51,6,3,0,0,-1.0,0.0,1,0,1,0,0.0,-0.005004473950153852
2517,no_feedback,51,5,5,1,1,1.0,0.0,0,nan,nan,nan,0.0,-0.005004473950153852
2518,no_feedback,51,2,6,1,0,-1.0,0.0,1,1,0,0,0.0,-0.005004473950153852
2519,no_feedback,51,3,3,0,1,1.0,0.0,0,nan,nan,nan,0.0,-0.005004473950153852
2520,no_feedback,51,1,4,1,0,-1.0,0.0,1,1,0,0,0.0,-0.005004473950153852
2521,no_feedback,51,3,5,1,0,-1.0,0.0,1,0,1,0,0.0,-0.005004473950153852
2522,no_feedback,51,5,5,1,1,1.0,0.0,0,nan,nan,nan,0.0,-0.005004473950153852
2523,no_feedback,51,4,4,0,1,1.0,0.0,0,nan,nan,nan,0.0,-0.005004473950153852
2524,no_feedback,51,7,5,1,0,-1.0,0.0,1,2,0,0,0.0,-0.005004473950153852
2525,no_feedback,51,0,5,1,0,-1.0,0.0,1,0,1,0,0.0,-0.005004473950153852
2526,no_feedback,51,5,5,1,1,1.0,0.0,0,nan,nan,nan,0.0,-0.005004473950153852
2527,no_feedback,51,3,6,1,0,-1.0,0.0,1,1,0,0,0.0,-0.005004473950153852
2528,no_feedback,51,5,5,1,1,1.0,0.0,0,nan,nan,nan,0.0,-0.005004473950153852
2529,no_feedback,51,0,6,1,0,-1.0,0.0,1,1,0,0,0.0,-0.005004473950153852
2530,no_feedback,51,5,5,1,1,1.0,0.0,0,nan,nan,nan,0.0,-0.005004473950153852
2531,no_feedback,51,8,6,1,0,-1.0,0.0,1,1,0,0,0.0,-0.005004473950153852
2532,no_feedback,51,1,5,1,0,-1.0,0.0,1,0,1,0,0.0,-0.005004473950153852
2533,no_feedback,51,2,3,0,1,1.0,0.0,0,nan,nan,nan,0.0,-0.005004473950153852
2534,no_feedback,51,4,4,1,1,1.0,0.0,0,nan,nan,nan,0.0,-0.005004473950153852
2535,no_feedback,51,1,5,1,0,-1.0,0.0,1,2,0,0,0.0,-0.005004473950153852
2536,no_feedback,51,7,5,1,0,-1.0,0.0,1,0,1,0,0.0,-0.005004473950153852
2537,no_feedback,51,1,5,1,0,-1.0,0.0,1,0,1,0,0.0,-0.005004473950153852
2538,no_feedback,51,7,5,1,0,-1.0,0.0,1,0,1,0,0.0,-0.005004473950153852
2539,no_feedback,51,5,5,1,1,1.0,0.0,0,nan,nan,nan,0.0,-0.005004473950153852
2540,no_feedback,51,6,6,1,1,1.0,0.0,0,nan,nan,nan,0.0,-0.005004473950153852
2541,no_feedback,51,4,5,0,1,1.0,0.0,0,nan,nan,nan,0.0,-0.005004473950153852
2542,no_feedback,51,4,4,0,1,1.0,0.0,0,nan,nan,nan,0.0,-0.005004473950153852
2543,no_feedback,51,1,5,1,0,-1.0,0.0,1,4,0,1,0.0,-0.005004473950153852
2544,no_feedback,51,7,5,1,0,-1.0,0.0,1,0,1,0,0.0,-0.005004473950153852
2545,no_feedback,51,5,5,1,1,1.0,0.0,0,nan,nan,nan,0.0,-0.005004473950153852
2546,no_feedback,51,8,6,1,0,-1.0,0.0,1,1,0,0,0.0,-0.005004473950153852
2547,no_feedback,51,4,5,1,1,1.0,0.0,0,nan,nan,nan,0.0,-0.005004473950153852
2548,no_feedback,51,0,6,1,0,-1.0,0.0,1,1,0,0,0.0,-0.005004473950153852
2549,no_feedback,51,6,3,0,0,-1.0,0.0,1,0,1,0,0.0,-0.005004473950153852
2550,no_feedback,51,8,3,0,0,-1.0,0.0,1,0,1,0,0.0,-0.005004473950153852
2551,no_feedback,51,3,3,0,1,1.0,0.0,0,nan,nan,nan,0.0,-0.005004473950153852
2552,no_feedback,51,1,2,0,1,1.0,0.0,0,nan,nan,nan,0.0,-0.005004473950153852
2553,no_feedback,51,1,1,0,1,1.0,0.0,0,nan,nan,nan,0.0,-0.005004473950153852
2554,no_feedback,51,5,0,0,0,-1.0,0.0,1,3,0,1,0.0,-0.005004473950153852
2555,no_feedback,51,0,5,1,0,-1.0,0.0,1,0,1,0,0.0,-0.005004473950153852
2556,no_feedback,51,4,5,1,1,1.0,0.0,0,nan,nan,nan,0.0,-0.005004473950153852
2557,no_feedback,51,3,6,1,0,-1.0,0.0,1,1,0,0,0.0,-0.005004473950153852
2558,no_feedback,51,5,5,1,1,1.0,0.0,0,nan,nan,nan,0.0,-0.005004473950153852
2559,no_feedback,51,1,4,0,0,-1.0,0.0,1,1,0,0,0.0,-0.005004473950153852
2560,no_feedback,51,4,5,1,1,1.0,0.0,0,nan,nan,nan,0.0,-0.005004473950153852
2561,no_feedback,51,0,6,1,0,-1.0,0.0,1,1,0,0,0.0,-0.005004473950153852
2562,no_feedback,51,2,3,0,1,1.0,0.0,0,nan,nan,nan,0.0,-0.005004473950153852
2563,no_feedback,51,0,4,1,0,-1.0,0.0,1,1,0,0,0.0,-0.005004473950153852
2564,no_feedback,51,2,5,1,0,-1.0,0.0,1,0,1,0,0.0,-0.005004473950153852
2565,no_feedback,51,3,3,0,1,1.0,0.0,0,nan,nan,nan,0.0,-0.005004473950153852
2566,no_feedback,51,1,4,1,0,-1.0,0.0,1,1,0,0,0.0,-0.005004473950153852
2567,no_feedback,51,5,5,1,1,1.0,0.0,0,nan,nan,nan,0.0,-0.005004473950153852
2568,no_feedback,51,1,6,1,0,-1.0,0.0,1,1,0,0,0.0,-0.005004473950153852
2569,no_feedback,51,5,5,1,1,1.0,0.0,0,nan,nan,nan,0.0,-0.005004473950153852
2570,no_feedback,51,6,6,1,1,1.0,0.0,0,nan,nan,nan,0.0,-0.005004473950153852
2571,no_feedback,51,5,5,0,1,1.0,0.0,0,nan,nan,nan,0.0,-0.005004473950153852
2572,no_feedback,51,4,4,0,1,1.0,0.0,0,nan,nan,nan,0.0,-0.005004473950153852
2573,no_feedback,51,5,3,0,0,-1.0,0.0,1,4,0,1,0.0,-0.005004473950153852
2574,no_feedback,51,1,5,1,0,-1.0,0.0,1,0,1,0,0.0,-0.005004473950153852
2575,no_feedback,51,3,5,1,0,-1.0,0.0,1,0,1,0,0.0,-0.005004473950153852
2576,no_feedback,51,6,3,0,0,-1.0,0.0,1,0,1,0,0.0,-0.005004473950153852
2577,no_feedback,51,4,5,1,1,1.0,0.0,0,nan,nan,nan,0.0,-0.005004473950153852
2578,no_feedback,51,1,6,1,0,-1.0,0.0,1,1,0,0,0.0,-0.005004473950153852
2579,no_feedback,51,4,3,0,1,1.0,0.0,0,nan,nan,nan,0.0,-0.005004473950153852
2580,no_feedback,51,2,2,0,1,1.0,0.0,0,nan,nan,nan,0.0,-0.005004473950153852
2581,no_feedback,51,2,1,0,1,1.0,0.0,0,nan,nan,nan,0.0,-0.005004473950153852
2582,no_feedback,51,0,0,0,1,1.0,0.0,0,nan,nan,nan,0.0,-0.005004473950153852
2583,no_feedback,51,0,1,1,1,1.0,0.0,0,nan,nan,nan,0.0,-0.005004473950153852
2584,no_feedback,51,8,2,1,0,-1.0,0.0,1,5,0,1,0.0,-0.005004473950153852
2585,no_feedback,51,4,3,0,1,1.0,0.0,0,nan,nan,nan,0.0,-0.005004473950153852
2586,no_feedback,51,1,4,1,0,-1.0,0.0,1,1,0,0,0.0,-0.005004473950153852
2587,no_feedback,51,4,3,0,1,1.0,0.0,0,nan,nan,nan,0.0,-0.005004473950153852
2588,no_feedback,51,0,4,1,0,-1.0,0.0,1,1,0,0,0.0,-0.005004473950153852
2589,no_feedback,51,4,3,0,1,1.0,0.0,0,nan,nan,nan,0.0,-0.005004473950153852
2590,no_feedback,51,2,2,0,1,1.0,0.0,0,nan,nan,nan,0.0,-0.005004473950153852
2591,no_feedback,51,6,1,0,0,-1.0,0.0,1,2,0,0,0.0,-0.005004473950153852
2592,no_feedback,51,1,5,1,0,-1.0,0.0,1,0,1,0,0.0,-0.005004473950153852
2593,no_feedback,51,1,5,1,0,-1.0,0.0,1,0,1,0,0.0,-0.005004473950153852
2594,no_feedback,51,0,5,1,0,-1.0,0.0,1,0,1,0,0.0,-0.005004473950153852
2595,no_feedback,51,4,3,0,1,1.0,0.0,0,nan,nan,nan,0.0,-0.005004473950153852
2596,no_feedback,51,0,4,1,0,-1.0,0.0,1,1,0,0,0.0,-0.005004473950153852
2597,no_feedback,51,5,3,0,0,-1.0,0.0,1,0,1,0,0.0,-0.005004473950153852
2598,no_feedback,51,3,3,0,1,1.0,0.0,0,nan,nan,nan,0.0,-0.005004473950153852
2599,no_feedback,51,4,4,1,1,1.0,0.0,0,nan,nan,nan,0.0,-0.005004473950153852
2600,no_feedback,51,4,3,0,1,1.0,0.0,0,nan,nan,nan,0.0,-0.005004473950153852
2601,no_feedback,51,8,4,1,0,-1.0,0.0,1,3,0,1,0.0,-0.005004473950153852
2602,no_feedback,51,5,3,0,0,-1.0,0.0,1,0,1,0,0.0,-0.005004473950153852
2603,no_feedback,51,5,5,1,1,1.0,0.0,0,nan,nan,nan,0.0,-0.005004473950153852
2604,no_feedback,51,5,6,1,1,1.0,0.0,0,nan,nan,nan,0.0,-0.005004473950153852
2605,no_feedback,51,4,7,1,0,-1.0,0.0,1,2,0,0,0.0,-0.005004473950153852
2606,no_feedback,51,8,5,1,0,-1.0,0.0,1,0,1,0,0.0,-0.005004473950153852
2607,no_feedback,51,7,5,1,0,-1.0,0.0,1,0,1,0,0.0,-0.005004473950153852
2608,no_feedback,51,2,5,1,0,-1.0,0.0,1,0,1,0,0.0,-0.005004473950153852
2609,no_feedback,51,6,5,1,1,1.0,0.0,0,nan,nan,nan,0.0,-0.005004473950153852
2610,no_feedback,51,0,6,1,0,-1.0,0.0,1,1,0,0,0.0,-0.005004473950153852
2611,no_feedback,51,0,3,0,0,-1.0,0.0,1,0,1,0,0.0,-0.005004473950153852
2612,no_feedback,51,4,3,0,1,1.0,0.0,0,nan,nan,nan,0.0,-0.005004473950153852
2613,no_feedback,51,1,4,1,0,-1.0,0.0,1,1,0,0,0.0,-0.005004473950153852
2614,no_feedback,51,7,5,1,0,-1.0,0.0,1,0,1,0,0.0,-0.005004473950153852
2615,no_feedback,51,5,5,1,1,1.0,0.0,0,nan,nan,nan,0.0,-0.005004473950153852
2616,no_feedback,51,4,4,0,1,1.0,0.0,0,nan,nan,nan,0.0,-0.005004473950153852
2617,no_feedback,51,8,3,0,0,-1.0,0.0,1,2,0,0,0.0,-0.005004473950153852
2618,no_feedback,51,3,3,0,1,1.0,0.0,0,nan,nan,nan,0.0,-0.005004473950153852
2619,no_feedback,51,5,4,1,1,1.0,0.0,0,nan,nan,nan,0.0,-0.005004473950153852
2620,no_feedback,51,3,3,0,1,1.0,0.0,0,nan,nan,nan,0.0,-0.005004473950153852
2621,no_feedback,51,4,4,1,1,1.0,0.0,0,nan,nan,nan,0.0,-0.005004473950153852
2622,no_feedback,51,4,5,1,1,1.0,0.0,0,nan,nan,nan,0.0,-0.005004473950153852
2623,no_feedback,51,5,4,0,1,1.0,0.0,0,nan,nan,nan,0.0,-0.005004473950153852
2624,no_feedback,51,6,3,0,0,-1.0,0.0,1,6,0,1,0.0,-0.005004473950153852
2625,no_feedback,51,6,5,1,1,1.0,0.0,0,nan,nan,nan,0.0,-0.005004473950153852
2626,no_feedback,51,8,6,1,0,-1.0,0.0,1,1,0,0,0.0,-0.005004473950153852
2627,no_feedback,51,6,5,1,1,1.0,0.0,0,nan,nan,nan,0.0,-0.005004473950153852
2628,no_feedback,51,5,6,1,1,1.0,0.0,0,nan,nan,nan,0.0,-0.005004473950153852
2629,no_feedback,51,6,5,0,1,1.0,0.0,0,nan,nan,nan,0.0,-0.005004473950153852
2630,no_feedback,51,3,4,0,1,1.0,0.0,0,nan,nan,nan,0.0,-0.005004473950153852
2631,no_feedback,51,6,3,0,0,-1.0,0.0,1,4,0,1,0.0,-0.005004473950153852
2632,no_feedback,51,5,5,1,1,1.0,0.0,0,nan,nan,nan,0.0,-0.005004473950153852
2633,no_feedback,51,8,6,1,0,-1.0,0.0,1,1,0,0,0.0,-0.005004473950153852
2634,no_feedback,51,4,3,0,1,1.0,0.0,0,nan,nan,nan,0.0,-0.005004473950153852
2635,no_feedback,51,8,4,1,0,-1.0,0.0,1,1,0,0,0.0,-0.005004473950153852
2636,no_feedback,51,4,5,1,1,1.0,0.0,0,nan,nan,nan,0.0,-0.005004473950153852
2637,no_feedback,51,3,6,1,0,-1.0,0.0,1,1,0,0,0.0,-0.005004473950153852
2638,no_feedback,51,2,5,1,0,-1.0,0.0,1,0,1,0,0.0,-0.005004473950153852
2639,no_feedback,51,5,5,1,1,1.0,0.0,0,nan,nan,nan,0.0,-0.005004473950153852
2640,no_feedback,51,3,6,1,0,-1.0,0.0,1,1,0,0,0.0,-0.005004473950153852
2641,no_feedback,51,7,5,1,0,-1.0,0.0,1,0,1,0,0.0,-0.005004473950153852
2642,no_feedback,51,5,5,1,1,1.0,0.0,0,nan,nan,nan,0.0,-0.005004473950153852
2643,no_feedback,51,6,6,1,1,1.0,0.0,0,nan,nan,nan,0.0,-0.005004473950153852
2644,no_feedback,51,2,7,1,0,-1.0,0.0,1,2,0,0,0.0,-0.005004473950153852
2645,no_feedback,51,4,5,1,1,1.0,0.0,0,nan,nan,nan,0.0,-0.005004473950153852
2646,no_feedback,51,0,6,1,0,-1.0,0.0,1,1,0,0,0.0,-0.005004473950153852
2647,no_feedback,51,8,5,1,0,-1.0,0.0,1,0,1,0,0.0,-0.005004473950153852
2648,no_feedback,51,1,5,1,0,-1.0,0.0,1,0,1,0,0.0,-0.005004473950153852
2649,no_feedback,51,2,5,1,0,-1.0,0.0,1,0,1,0,0.0,-0.005004473950153852
2650,no_feedback,51,7,5,1,0,-1.0,0.0,1,0,1,0,0.0,-0.005004473950153852
2651,no_feedback,51,0,3,0,0,-1.0,0.0,1,0,1,0,0.0,-0.005004473950153852
2652,no_feedback,51,2,3,0,1,1.0,0.0,0,nan,nan,nan,0.0,-0.005004473950153852
2653,no_feedback,51,3,4,1,1,1.0,0.0,0,nan,nan,nan,0.0,-0.005004473950153852
2654,no_feedback,51,4,5,1,1,1.0,0.0,0,nan,nan,nan,0.0,-0.005004473950153852
2655,no_feedback,51,3,4,0,1,1.0,0.0,0,nan,nan,nan,0.0,-0.005004473950153852
2656,no_feedback,51,2,3,0,1,1.0,0.0,0,nan,nan,nan,0.0,-0.005004473950153852
2657,no_feedback,51,5,2,0,0,-1.0,0.0,1,5,0,1,0.0,-0.005004473950153852
2658,no_feedback,51,3,3,0,1,1.0,0.0,0,nan,nan,nan,0.0,-0.005004473950153852
2659,no_feedback,51,8,4,1,0,-1.0,0.0,1,1,0,0,0.0,-0.005004473950153852
2660,no_feedback,51,8,5,1,0,-1.0,0.0,1,0,1,0,0.0,-0.005004473950153852
2661,no_feedback,51,6,3,0,0,-1.0,0.0,1,0,1,0,0.0,-0.005004473950153852
2662,no_feedback,51,1,5,1,0,-1.0,0.0,1,0,1,0,0.0,-0.005004473950153852
2663,no_feedback,51,5,5,1,1,1.0,0.0,0,nan,nan,nan,0.0,-0.005004473950153852
2664,no_feedback,51,3,4,0,1,1.0,0.0,0,nan,nan,nan,0.0,-0.005004473950153852
2665,no_feedback,51,3,3,0,1,1.0,0.0,0,nan,nan,nan,0.0,-0.005004473950153852
2666,no_feedback,51,0,4,1,0,-1.0,0.0,1,3,0,1,0.0,-0.005004473950153852
2667,no_feedback,51,3,3,0,1,1.0,0.0,0,nan,nan,nan,0.0,-0.005004473950153852
2668,no_feedback,51,6,2,0,0,-1.0,0.0,1,1,0,0,0.0,-0.005004473950153852
2669,no_feedback,51,8,3,0,0,-1.0,0.0,1,0,1,0,0.0,-0.005004473950153852
2670,no_feedback,51,1,5,1,0,-1.0,0.0,1,0,1,0,0.0,-0.005004473950153852
2671,no_feedback,51,2,3,0,1,1.0,0.0,0,nan,nan,nan,0.0,-0.005004473950153852
2672,no_feedback,51,7,2,0,0,-1.0,0.0,1,1,0,0,0.0,-0.005004473950153852
2673,no_feedback,51,5,5,1,1,1.0,0.0,0,nan,nan,nan,0.0,-0.005004473950153852
2674,no_feedback,51,1,6,1,0,-1.0,0.0,1,1,0,0,0.0,-0.005004473950153852
2675,no_feedback,51,6,5,1,1,1.0,0.0,0,nan,nan,nan,0.0,-0.005004473950153852
2676,no_feedback,51,4,4,0,1,1.0,0.0,0,nan,nan,nan,0.0,-0.005004473950153852
2677,no_feedback,51,0,5,1,0,-1.0,0.0,1,2,0,0,0.0,-0.005004473950153852
2678,no_feedback,51,7,5,1,0,-1.0,0.0,1,0,1,0,0.0,-0.005004473950153852
2679,no_feedback,51,0,5,1,0,-1.0,0.0,1,0,1,0,0.0,-0.005004473950153852
2680,no_feedback,51,1,5,1,0,-1.0,0.0,1,0,1,0,0.0,-0.005004473950153852
2681,no_feedback,51,7,5,1,0,-1.0,0.0,1,0,1,0,0.0,-0.005004473950153852
2682,no_feedback,51,4,3,0,1,1.0,0.0,0,nan,nan,nan,0.0,-0.005004473950153852
2683,no_feedback,51,4,4,1,1,1.0,0.0,0,nan,nan,nan,0.0,-0.005004473950153852
2684,no_feedback,51,3,3,0,1,1.0,0.0,0,nan,nan,nan,0.0,-0.005004473950153852
2685,no_feedback,51,2,2,0,1,1.0,0.0,0,nan,nan,nan,0.0,-0.005004473950153852
2686,no_feedback,51,6,1,0,0,-1.0,0.0,1,4,0,1,0.0,-0.005004473950153852
2687,no_feedback,51,8,5,1,0,-1.0,0.0,1,0,1,0,0.0,-0.005004473950153852
2688,no_feedback,51,1,5,1,0,-1.0,0.0,1,0,1,0,0.0,-0.005004473950153852
2689,no_feedback,51,3,3,0,1,1.0,0.0,0,nan,nan,nan,0.0,-0.005004473950153852
2690,no_feedback,51,7,4,1,0,-1.0,0.0,1,1,0,0,0.0,-0.005004473950153852
2691,no_feedback,51,6,5,1,1,1.0,0.0,0,nan,nan,nan,0.0,-0.005004473950153852
2692,no_feedback,51,0,6,1,0,-1.0,0.0,1,1,0,0,0.0,-0.005004473950153852
2693,no_feedback,51,7,5,1,0,-1.0,0.0,1,0,1,0,0.0,-0.005004473950153852
2694,no_feedback,51,4,3,0,1,1.0,0.0,0,nan,nan,nan,0.0,-0.005004473950153852
2695,no_feedback,51,6,4,1,0,-1.0,0.0,1,1,0,0,0.0,-0.005004473950153852
2696,no_feedback,51,5,5,1,1,1.0,0.0,0,nan,nan,nan,0.0,-0.005004473950153852
2697,no_feedback,51,1,4,0,0,-1.0,0.0,1,1,0,0,0.0,-0.005004473950153852
2698,no_feedback,51,1,5,1,0,-1.0,0.0,1,0,1,0,0.0,-0.005004473950153852
2699,no_feedback,51,1,5,1,0,-1.0,0.0,1,0,1,0,0.0,-0.005004473950153852
2700,no_feedback,51,2,3,0,1,1.0,0.0,0,nan,nan,nan,0.0,-0.005004473950153852
2701,no_feedback,51,2,2,0,1,1.0,0.0,0,nan,nan,nan,0.0,-0.005004473950153852
2702,no_feedback,51,6,1,0,0,-1.0,0.0,1,2,0,0,0.0,-0.005004473950153852
2703,no_feedback,51,1,5,1,0,-1.0,0.0,1,0,1,0,0.0,-0.005004473950153852
2704,no_feedback,51,6,5,1,1,1.0,0.0,0,nan,nan,nan,0.0,-0.005004473950153852
2705,no_feedback,51,7,4,0,0,-1.0,0.0,1,1,0,0,0.0,-0.005004473950153852
2706,no_feedback,51,8,5,1,0,-1.0,0.0,1,0,1,0,0.0,-0.005004473950153852
2707,no_feedback,51,1,5,1,0,-1.0,0.0,1,0,1,0,0.0,-0.005004473950153852
2708,no_feedback,51,4,3,0,1,1.0,0.0,0,nan,nan,nan,0.0,-0.005004473950153852
2709,no_feedback,51,0,4,1,0,-1.0,0.0,1,1,0,0,0.0,-0.005004473950153852
2710,no_feedback,51,8,5,1,0,-1.0,0.0,1,0,1,0,0.0,-0.005004473950153852
2711,no_feedback,51,8,5,1,0,-1.0,0.0,1,0,1,0,0.0,-0.005004473950153852
2712,no_feedback,51,7,5,1,0,-1.0,0.0,1,0,1,0,0.0,-0.005004473950153852
2713,no_feedback,51,7,5,1,0,-1.0,0.0,1,0,1,0,0.0,-0.005004473950153852
2714,no_feedback,51,7,5,1,0,-1.0,0.0,1,0,1,0,0.0,-0.005004473950153852
2715,no_feedback,51,8,5,1,0,-1.0,0.0,1,0,1,0,0.0,-0.005004473950153852
2716,no_feedback,51,7,5,1,0,-1.0,0.0,1,0,1,0,0.0,-0.005004473950153852
2717,no_feedback,51,2,5,1,0,-1.0,0.0,1,0,1,0,0.0,-0.005004473950153852
2718,no_feedback,51,4,3,0,1,1.0,0.0,0,nan,nan,nan,0.0,-0.005004473950153852
2719,no_feedback,51,7,4,1,0,-1.0,0.0,1,1,0,0,0.0,-0.005004473950153852
2720,no_feedback,51,6,3,0,0,-1.0,0.0,1,0,1,0,0.0,-0.005004473950153852
2721,no_feedback,51,4,3,0,1,1.0,0.0,0,nan,nan,nan,0.0,-0.005004473950153852
2722,no_feedback,51,3,4,1,1,1.0,0.0,0,nan,nan,nan,0.0,-0.005004473950153852
2723,no_feedback,51,1,5,1,0,-1.0,0.0,1,2,0,0,0.0,-0.005004473950153852
2724,no_feedback,51,7,5,1,0,-1.0,0.0,1,0,1,0,0.0,-0.005004473950153852
2725,no_feedback,51,1,5,1,0,-1.0,0.0,1,0,1,0,0.0,-0.005004473950153852
2726,no_feedback,51,6,5,1,1,1.0,0.0,0,nan,nan,nan,0.0,-0.005004473950153852
2727,no_feedback,51,5,4,0,1,1.0,0.0,0,nan,nan,nan,0.0,-0.005004473950153852
2728,no_feedback,51,3,3,0,1,1.0,0.0,0,nan,nan,nan,0.0,-0.005004473950153852
2729,no_feedback,51,1,2,0,1,1.0,0.0,0,nan,nan,nan,0.0,-0.005004473950153852
2730,no_feedback,51,2,1,0,1,1.0,0.0,0,nan,nan,nan,0.0,-0.005004473950153852
2731,no_feedback,51,3,0,0,0,-1.0,0.0,1,5,0,1,0.0,-0.005004473950153852
2732,no_feedback,51,0,5,1,0,-1.0,0.0,1,0,1,0,0.0,-0.005004473950153852
2733,no_feedback,51,0,3,0,0,-1.0,0.0,1,0,1,0,0.0,-0.005004473950153852
2734,no_feedback,51,0,5,1,0,-1.0,0.0,1,0,1,0,0.0,-0.005004473950153852
2735,no_feedback,51,2,5,1,0,-1.0,0.0,1,0,1,0,0.0,-0.005004473950153852
2736,no_feedback,51,8,5,1,0,-1.0,0.0,1,0,1,0,0.0,-0.005004473950153852
2737,no_feedback,51,5,5,1,1,1.0,0.0,0,nan,nan,nan,0.0,-0.005004473950153852
2738,no_feedback,51,0,6,1,0,-1.0,0.0,1,1,0,0,0.0,-0.005004473950153852
2739,no_feedback,51,5,5,1,1,1.0,0.0,0,nan,nan,nan,0.0,-0.005004473950153852
2740,no_feedback,51,4,4,0,1,1.0,0.0,0,nan,nan,nan,0.0,-0.005004473950153852
2741,no_feedback,51,6,5,1,1,1.0,0.0,0,nan,nan,nan,0.0,-0.005004473950153852
2742,no_feedback,51,5,6,1,1,1.0,0.0,0,nan,nan,nan,0.0,-0.005004473950153852
2743,no_feedback,51,7,7,1,1,1.0,0.0,0,nan,nan,nan,0.0,-0.005004473950153852
2744,no_feedback,51,2,8,1,0,-1.0,0.0,1,5,0,1,0.0,-0.005004473950153852
2745,no_feedback,51,3,3,0,1,1.0,0.0,0,nan,nan,nan,0.0,-0.005004473950153852
2746,no_feedback,51,2,2,0,1,1.0,0.0,0,nan,nan,nan,0.0,-0.005004473950153852
2747,no_feedback,51,0,1,0,1,1.0,0.0,0,nan,nan,nan,0.0,-0.005004473950153852
2748,no_feedback,51,1,2,1,1,1.0,0.0,0,nan,nan,nan,0.0,-0.005004473950153852
2749,no_feedback,51,1,1,0,1,1.0,0.0,0,nan,nan,nan,0.0,-0.005004473950153852
2750,no_feedback,51,6,2,1,0,-1.0,0.0,1,5,0,1,0.0,-0.005004473950153852
2751,no_feedback,51,2,3,0,1,1.0,0.0,0,nan,nan,nan,0.0,-0.005004473950153852
2752,no_feedback,51,7,2,0,0,-1.0,0.0,1,1,0,0,0.0,-0.005004473950153852
2753,no_feedback,51,3,3,0,1,1.0,0.0,0,nan,nan,nan,0.0,-0.005004473950153852
2754,no_feedback,51,8,4,1,0,-1.0,0.0,1,1,0,0,0.0,-0.005004473950153852
2755,no_feedback,51,6,5,1,1,1.0,0.0,0,nan,nan,nan,0.0,-0.005004473950153852
2756,no_feedback,51,5,4,0,1,1.0,0.0,0,nan,nan,nan,0.0,-0.005004473950153852
2757,no_feedback,51,8,3,0,0,-1.0,0.0,1,2,0,0,0.0,-0.005004473950153852
2758,no_feedback,51,5,5,1,1,1.0,0.0,0,nan,nan,nan,0.0,-0.005004473950153852
2759,no_feedback,51,6,6,1,1,1.0,0.0,0,nan,nan,nan,0.0,-0.005004473950153852
2760,no_feedback,51,1,5,0,0,-1.0,0.0,1,2,0,0,0.0,-0.005004473950153852
2761,no_feedback,51,7,5,1,0,-1.0,0.0,1,0,1,0,0.0,-0.005004473950153852
2762,no_feedback,51,3,5,1,0,-1.0,0.0,1,0,1,0,0.0,-0.005004473950153852
2763,no_feedback,51,2,5,1,0,-1.0,0.0,1,0,1,0,0.0,-0.005004473950153852
2764,no_feedback,51,0,3,0,0,-1.0,0.0,1,0,1,0,0.0,-0.005004473950153852
2765,no_feedback,51,3,3,0,1,1.0,0.0,0,nan,nan,nan,0.0,-0.005004473950153852
2766,no_feedback,51,4,4,1,1,1.0,0.0,0,nan,nan,nan,0.0,-0.005004473950153852
2767,no_feedback,51,3,3,0,1,1.0,0.0,0,nan,nan,nan,0.0,-0.005004473950153852
2768,no_feedback,51,6,4,1,0,-1.0,0.0,1,3,0,1,0.0,-0.005004473950153852
2769,no_feedback,51,4,3,0,1,1.0,0.0,0,nan,nan,nan,0.0,-0.005004473950153852
2770,no_feedback,51,1,4,1,0,-1.0,0.0,1,1,0,0,0.0,-0.005004473950153852
2771,no_feedback,51,5,5,1,1,1.0,0.0,0,nan,nan,nan,0.0,-0.005004473950153852
2772,no_feedback,51,6,6,1,1,1.0,0.0,0,nan,nan,nan,0.0,-0.005004473950153852
2773,no_feedback,51,3,7,1,0,-1.0,0.0,1,2,0,0,0.0,-0.005004473950153852
2774,no_feedback,51,0,5,1,0,-1.0,0.0,1,0,1,0,0.0,-0.005004473950153852
2775,no_feedback,51,1,5,1,0,-1.0,0.0,1,0,1,0,0.0,-0.005004473950153852
2776,no_feedback,51,6,3,0,0,-1.0,0.0,1,0,1,0,0.0,-0.005004473950153852
2777,no_feedback,51,2,3,0,1,1.0,0.0,0,nan,nan,nan,0.0,-0.005004473950153852
2778,no_feedback,51,1,4,1,0,-1.0,0.0,1,1,0,0,0.0,-0.005004473950153852
2779,no_feedback,51,0,5,1,0,-1.0,0.0,1,0,1,0,0.0,-0.005004473950153852
2780,no_feedback,51,4,5,1,1,1.0,0.0,0,nan,nan,nan,0.0,-0.005004473950153852
2781,no_feedback,51,7,4,0,0,-1.0,0.0,1,1,0,0,0.0,-0.005004473950153852
2782,no_feedback,51,2,5,1,0,-1.0,0.0,1,0,1,0,0.0,-0.005004473950153852
2783,no_feedback,51,0,3,0,0,-1.0,0.0,1,0,1,0,0.0,-0.005004473950153852
2784,no_feedback,51,0,5,1,0,-1.0,0.0,1,0,1,0,0.0,-0.005004473950153852
2785,no_feedback,51,4,3,0,1,1.0,0.0,0,nan,nan,nan,0.0,-0.005004473950153852
2786,no_feedback,51,6,4,1,0,-1.0,0.0,1,1,0,0,0.0,-0.005004473950153852
2787,no_feedback,51,3,3,0,1,1.0,0.0,0,nan,nan,nan,0.0,-0.005004473950153852
2788,no_feedback,51,0,4,1,0,-1.0,0.0,1,1,0,0,0.0,-0.005004473950153852
2789,no_feedback,51,8,5,1,0,-1.0,0.0,1,0,1,0,0.0,-0.005004473950153852
2790,no_feedback,51,5,5,1,1,1.0,0.0,0,nan,nan,nan,0.0,-0.005004473950153852
2791,no_feedback,51,4,4,0,1,1.0,0.0,0,nan,nan,nan,0.0,-0.005004473950153852
2792,no_feedback,51,6,5,1,1,1.0,0.0,0,nan,nan,nan,0.0,-0.005004473950153852
2793,no_feedback,51,6,6,1,1,1.0,0.0,0,nan,nan,nan,0.0,-0.005004473950153852
2794,no_feedback,51,1,7,1,0,-1.0,0.0,1,4,0,1,0.0,-0.005004473950153852
2795,no_feedback,51,5,5,1,1,1.0,0.0,0,nan,nan,nan,0.0,-0.005004473950153852
2796,no_feedback,51,0,4,0,0,-1.0,0.0,1,1,0,0,0.0,-0.005004473950153852
2797,no_feedback,51,1,5,1,0,-1.0,0.0,1,0,1,0,0.0,-0.005004473950153852
2798,no_feedback,51,3,3,0,1,1.0,0.0,0,nan,nan,nan,0.0,-0.005004473950153852
2799,no_feedback,51,0,4,1,0,-1.0,0.0,1,1,0,0,0.0,-0.005004473950153852
2800,no_feedback,51,0,3,0,0,-1.0,0.0,1,0,1,0,0.0,-0.005004473950153852
2801,no_feedback,51,3,3,0,1,1.0,0.0,0,nan,nan,nan,0.0,-0.005004473950153852
2802,no_feedback,51,6,4,1,0,-1.0,0.0,1,1,0,0,0.0,-0.005004473950153852
2803,no_feedback,51,4,3,0,1,1.0,0.0,0,nan,nan,nan,0.0,-0.005004473950153852
2804,no_feedback,51,2,2,0,1,1.0,0.0,0,nan,nan,nan,0.0,-0.005004473950153852
2805,no_feedback,51,7,3,1,0,-1.0,0.0,1,2,0,0,0.0,-0.005004473950153852
2806,no_feedback,51,2,3,0,1,1.0,0.0,0,nan,nan,nan,0.0,-0.005004473950153852
2807,no_feedback,51,4,4,1,1,1.0,0.0,0,nan,nan,nan,0.0,-0.005004473950153852
2808,no_feedback,51,2,3,0,1,1.0,0.0,0,nan,nan,nan,0.0,-0.005004473950153852
2809,no_feedback,51,3,4,1,1,1.0,0.0,0,nan,nan,nan,0.0,-0.005004473950153852
2810,no_feedback,51,3,3,0,1,1.0,0.0,0,nan,nan,nan,0.0,-0.005004473950153852
2811,no_feedback,51,5,2,0,0,-1.0,0.0,1,5,0,1,0.0,-0.005004473950153852
2812,no_feedback,51,4,5,1,1,1.0,0.0,0,nan,nan,nan,0.0,-0.005004473950153852
2813,no_feedback,51,5,4,0,1,1.0,0.0,0,nan,nan,nan,0.0,-0.005004473950153852
2814,no_feedback,51,6,5,1,1,1.0,0.0,0,nan,nan,nan,0.0,-0.005004473950153852
2815,no_feedback,51,0,4,0,0,-1.0,0.0,1,3,0,1,0.0,-0.005004473950153852
2816,no_feedback,51,3,3,0,1,1.0,0.0,0,nan,nan,nan,0.0,-0.005004473950153852
2817,no_feedback,51,2,2,0,1,1.0,0.0,0,nan,nan,nan,0.0,-0.005004473950153852
2818,no_feedback,51,3,3,1,1,1.0,0.0,0,nan,nan,nan,0.0,-0.005004473950153852
2819,no_feedback,51,1,2,0,1,1.0,0.0,0,nan,nan,nan,0.0,-0.005004473950153852
2820,no_feedback,51,6,1,0,0,-1.0,0.0,1,4,0,1,0.0,-0.005004473950153852
2821,no_feedback,51,5,3,0,0,-1.0,0.0,1,0,1,0,0.0,-0.005004473950153852
2822,no_feedback,51,5,5,1,1,1.0,0.0,0,nan,nan,nan,0.0,-0.005004473950153852
2823,no_feedback,51,5,6,1,1,1.0,0.0,0,nan,nan,nan,0.0,-0.005004473950153852
2824,no_feedback,51,8,5,0,0,-1.0,0.0,1,2,0,0,0.0,-0.005004473950153852
2825,no_feedback,51,0,5,1,0,-1.0,0.0,1,0,1,0,0.0,-0.005004473950153852
2826,no_feedback,51,5,5,1,1,1.0,0.0,0,nan,nan,nan,0.0,-0.005004473950153852
2827,no_feedback,51,7,4,0,0,-1.0,0.0,1,1,0,0,0.0,-0.005004473950153852
2828,no_feedback,51,6,5,1,1,1.0,0.0,0,nan,nan,nan,0.0,-0.005004473950153852
2829,no_feedback,51,1,6,1,0,-1.0,0.0,1,1,0,0,0.0,-0.005004473950153852
2830,no_feedback,51,8,3,0,0,-1.0,0.0,1,0,1,0,0.0,-0.005004473950153852
2831,no_feedback,51,0,5,1,0,-1.0,0.0,1,0,1,0,0.0,-0.005004473950153852
2832,no_feedback,51,7,5,1,0,-1.0,0.0,1,0,1,0,0.0,-0.005004473950153852
2833,no_feedback,51,6,3,0,0,-1.0,0.0,1,0,1,0,0.0,-0.005004473950153852
2834,no_feedback,51,1,5,1,0,-1.0,0.0,1,0,1,0,0.0,-0.005004473950153852
2835,no_feedback,51,3,3,0,1,1.0,0.0,0,nan,nan,nan,0.0,-0.005004473950153852
2836,no_feedback,51,6,4,1,0,-1.0,0.0,1,1,0,0,0.0,-0.005004473950153852
2837,no_feedback,51,2,5,1,0,-1.0,0.0,1,0,1,0,0.0,-0.005004473950153852
2838,no_feedback,51,6,3,0,0,-1.0,0.0,1,0,1,0,0.0,-0.005004473950153852
2839,no_feedback,51,0,3,0,0,-1.0,0.0,1,0,1,0,0.0,-0.005004473950153852
2840,no_feedback,51,1,5,1,0,-1.0,0.0,1,0,1,0,0.0,-0.005004473950153852
2841,no_feedback,51,0,3,0,0,-1.0,0.0,1,0,1,0,0.0,-0.005004473950153852
2842,no_feedback,51,6,3,0,0,-1.0,0.0,1,0,1,0,0.0,-0.005004473950153852
2843,no_feedback,51,4,5,1,1,1.0,0.0,0,nan,nan,nan,0.0,-0.005004473950153852
2844,no_feedback,51,6,6,1,1,1.0,0.0,0,nan,nan,nan,0.0,-0.005004473950153852
2845,no_feedback,51,7,7,1,1,1.0,0.0,0,nan,nan,nan,0.0,-0.005004473950153852
2846,no_feedback,51,0,6,0,0,-1.0,0.0,1,3,0,1,0.0,-0.005004473950153852
2847,no_feedback,51,5,5,1,1,1.0,0.0,0,nan,nan,nan,0.0,-0.005004473950153852
2848,no_feedback,51,7,4,0,0,-1.0,0.0,1,1,0,0,0.0,-0.005004473950153852
2849,no_feedback,51,6,5,1,1,1.0,0.0,0,nan,nan,nan,0.0,-0.005004473950153852
2850,no_feedback,51,4,4,0,1,1.0,0.0,0,nan,nan,nan,0.0,-0.005004473950153852
2851,no_feedback,51,7,5,1,0,-1.0,0.0,1,2,0,0,0.0,-0.005004473950153852
2852,no_feedback,51,5,5,1,1,1.0,0.0,0,nan,nan,nan,0.0,-0.005004473950153852
2853,no_feedback,51,5,4,0,1,1.0,0.0,0,nan,nan,nan,0.0,-0.005004473950153852
2854,no_feedback,51,5,5,1,1,1.0,0.0,0,nan,nan,nan,0.0,-0.005004473950153852
2855,no_feedback,51,6,6,1,1,1.0,0.0,0,nan,nan,nan,0.0,-0.005004473950153852
2856,no_feedback,51,5,5,0,1,1.0,0.0,0,nan,nan,nan,0.0,-0.005004473950153852
2857,no_feedback,51,4,4,0,1,1.0,0.0,0,nan,nan,nan,0.0,-0.005004473950153852
2858,no_feedback,51,2,3,0,1,1.0,0.0,0,nan,nan,nan,0.0,-0.005004473950153852
2859,no_feedback,51,0,4,1,0,-1.0,0.0,1,7,0,1,0.0,-0.005004473950153852
2860,no_feedback,51,6,3,0,0,-1.0,0.0,1,0,1,0,0.0,-0.005004473950153852
2861,no_feedback,51,5,5,1,1,1.0,0.0,0,nan,nan,nan,0.0,-0.005004473950153852
2862,no_feedback,51,6,6,1,1,1.0,0.0,0,nan,nan,nan,0.0,-0.005004473950153852
2863,no_feedback,51,6,5,0,1,1.0,0.0,0,nan,nan,nan,0.0,-0.005004473950153852
2864,no_feedback,51,8,4,0,0,-1.0,0.0,1,3,0,1,0.0,-0.005004473950153852
2865,no_feedback,51,2,5,1,0,-1.0,0.0,1,0,1,0,0.0,-0.005004473950153852
2866,no_feedback,51,7,5,1,0,-1.0,0.0,1,0,1,0,0.0,-0.005004473950153852
2867,no_feedback,51,6,3,0,0,-1.0,0.0,1,0,1,0,0.0,-0.005004473950153852
2868,no_feedback,51,8,5,1,0,-1.0,0.0,1,0,1,0,0.0,-0.005004473950153852
2869,no_feedback,51,0,3,0,0,-1.0,0.0,1,0,1,0,0.0,-0.005004473950153852
2870,no_feedback,51,3,3,0,1,1.0,0.0,0,nan,nan,nan,0.0,-0.005004473950153852
2871,no_feedback,51,2,2,0,1,1.0,0.0,0,nan,nan,nan,0.0,-0.005004473950153852
2872,no_feedback,51,7,3,1,0,-1.0,0.0,1,2,0,0,0.0,-0.005004473950153852
2873,no_feedback,51,1,5,1,0,-1.0,0.0,1,0,1,0,0.0,-0.005004473950153852
2874,no_feedback,51,8,3,0,0,-1.0,0.0,1,0,1,0,0.0,-0.005004473950153852
2875,no_feedback,51,4,3,0,1,1.0,0.0,0,nan,nan,nan,0.0,-0.005004473950153852
2876,no_feedback,51,3,4,1,1,1.0,0.0,0,nan,nan,nan,0.0,-0.005004473950153852
2877,no_feedback,51,0,3,0,0,-1.0,0.0,1,2,0,0,0.0,-0.005004473950153852
2878,no_feedback,51,7,5,1,0,-1.0,0.0,1,0,1,0,0.0,-0.005004473950153852
2879,no_feedback,51,0,5,1,0,-1.0,0.0,1,0,1,0,0.0,-0.005004473950153852
2880,no_feedback,51,4,5,1,1,1.0,0.0,0,nan,nan,nan,0.0,-0.005004473950153852
2881,no_feedback,51,3,6,1,0,-1.0,0.0,1,1,0,0,0.0,-0.005004473950153852
2882,no_feedback,51,6,3,0,0,-1.0,0.0,1,0,1,0,0.0,-0.005004473950153852
2883,no_feedback,51,6,3,0,0,-1.0,0.0,1,0,1,0,0.0,-0.005004473950153852
2884,no_feedback,51,2,3,0,1,1.0,0.0,0,nan,nan,nan,0.0,-0.005004473950153852
2885,no_feedback,51,6,4,1,0,-1.0,0.0,1,1,0,0,0.0,-0.005004473950153852
2886,no_feedback,51,2,5,1,0,-1.0,0.0,1,0,1,0,0.0,-0.005004473950153852
2887,no_feedback,51,8,5,1,0,-1.0,0.0,1,0,1,0,0.0,-0.005004473950153852
2888,no_feedback,51,3,3,0,1,1.0,0.0,0,nan,nan,nan,0.0,-0.005004473950153852
2889,no_feedback,51,7,4,1,0,-1.0,0.0,1,1,0,0,0.0,-0.005004473950153852
2890,no_feedback,51,8,3,0,0,-1.0,0.0,1,0,1,0,0.0,-0.005004473950153852
2891,no_feedback,51,7,5,1,0,-1.0,0.0,1,0,1,0,0.0,-0.005004473950153852
2892,no_feedback,51,6,3,0,0,-1.0,0.0,1,0,1,0,0.0,-0.005004473950153852
2893,no_feedback,51,2,3,0,1,1.0,0.0,0,nan,nan,nan,0.0,-0.005004473950153852
2894,no_feedback,51,1,4,1,0,-1.0,0.0,1,1,0,0,0.0,-0.005004473950153852
2895,no_feedback,51,5,5,1,1,1.0,0.0,0,nan,nan,nan,0.0,-0.005004473950153852
2896,no_feedback,51,0,6,1,0,-1.0,0.0,1,1,0,0,0.0,-0.005004473950153852
2897,no_feedback,51,2,5,1,0,-1.0,0.0,1,0,1,0,0.0,-0.005004473950153852
2898,no_feedback,51,6,3,0,0,-1.0,0.0,1,0,1,0,0.0,-0.005004473950153852
2899,no_feedback,51,4,3,0,1,1.0,0.0,0,nan,nan,nan,0.0,-0.005004473950153852
2900,no_feedback,51,6,4,1,0,-1.0,0.0,1,1,0,0,0.0,-0.005004473950153852
2901,no_feedback,51,3,3,0,1,1.0,0.0,0,nan,nan,nan,0.0,-0.005004473950153852
2902,no_feedback,51,2,2,0,1,1.0,0.0,0,nan,nan,nan,0.0,-0.005004473950153852
2903,no_feedback,51,7,3,1,0,-1.0,0.0,1,2,0,0,0.0,-0.005004473950153852
2904,no_feedback,51,1,5,1,0,-1.0,0.0,1,0,1,0,0.0,-0.005004473950153852
2905,no_feedback,51,7,5,1,0,-1.0,0.0,1,0,1,0,0.0,-0.005004473950153852
2906,no_feedback,51,4,5,1,1,1.0,0.0,0,nan,nan,nan,0.0,-0.005004473950153852
2907,no_feedback,51,7,6,1,1,1.0,0.0,0,nan,nan,nan,0.0,-0.005004473950153852
2908,no_feedback,51,6,7,1,1,1.0,0.0,0,nan,nan,nan,0.0,-0.005004473950153852
2909,no_feedback,51,7,6,0,1,1.0,0.0,0,nan,nan,nan,0.0,-0.005004473950153852
2910,no_feedback,51,8,5,0,0,-1.0,0.0,1,4,0,1,0.0,-0.005004473950153852
2911,no_feedback,51,2,5,1,0,-1.0,0.0,1,0,1,0,0.0,-0.005004473950153852
2912,no_feedback,51,4,3,0,1,1.0,0.0,0,nan,nan,nan,0.0,-0.005004473950153852
2913,no_feedback,51,4,4,1,1,1.0,0.0,0,nan,nan,nan,0.0,-0.005004473950153852
2914,no_feedback,51,3,3,0,1,1.0,0.0,0,nan,nan,nan,0.0,-0.005004473950153852
2915,no_feedback,51,5,4,1,1,1.0,0.0,0,nan,nan,nan,0.0,-0.005004473950153852
2916,no_feedback,51,2,3,0,1,1.0,0.0,0,nan,nan,nan,0.0,-0.005004473950153852
2917,no_feedback,51,7,4,1,0,-1.0,0.0,1,5,0,1,0.0,-0.005004473950153852
2918,no_feedback,51,3,3,0,1,1.0,0.0,0,nan,nan,nan,0.0,-0.005004473950153852
2919,no_feedback,51,8,4,1,0,-1.0,0.0,1,1,0,0,0.0,-0.005004473950153852
2920,no_feedback,51,4,3,0,1,1.0,0.0,0,nan,nan,nan,0.0,-0.005004473950153852
2921,no_feedback,51,0,4,1,0,-1.0,0.0,1,1,0,0,0.0,-0.005004473950153852
2922,no_feedback,51,6,5,1,1,1.0,0.0,0,nan,nan,nan,0.0,-0.005004473950153852
2923,no_feedback,51,2,6,1,0,-1.0,0.0,1,1,0,0,0.0,-0.005004473950153852
2924,no_feedback,51,2,3,0,1,1.0,0.0,0,nan,nan,nan,0.0,-0.005004473950153852
2925,no_feedback,51,3,4,1,1,1.0,0.0,0,nan,nan,nan,0.0,-0.005004473950153852
2926,no_feedback,51,8,5,1,0,-1.0,0.0,1,2,0,0,0.0,-0.005004473950153852
2927,no_feedback,51,4,3,0,1,1.0,0.0,0,nan,nan,nan,0.0,-0.005004473950153852
2928,no_feedback,51,5,2,0,0,-1.0,0.0,1,1,0,0,0.0,-0.005004473950153852
2929,no_feedback,51,0,3,0,0,-1.0,0.0,1,0,1,0,0.0,-0.005004473950153852
2930,no_feedback,51,8,3,0,0,-1.0,0.0,1,0,1,0,0.0,-0.005004473950153852
2931,no_feedback,51,4,3,0,1,1.0,0.0,0,nan,nan,nan,0.0,-0.005004473950153852
2932,no_feedback,51,6,4,1,0,-1.0,0.0,1,1,0,0,0.0,-0.005004473950153852
2933,no_feedback,51,7,5,1,0,-1.0,0.0,1,0,1,0,0.0,-0.005004473950153852
2934,no_feedback,51,7,5,1,0,-1.0,0.0,1,0,1,0,0.0,-0.005004473950153852
2935,no_feedback,51,7,5,1,0,-1.0,0.0,1,0,1,0,0.0,-0.005004473950153852
2936,no_feedback,51,2,5,1,0,-1.0,0.0,1,0,1,0,0.0,-0.005004473950153852
2937,no_feedback,51,8,3,0,0,-1.0,0.0,1,0,1,0,0.0,-0.005004473950153852
2938,no_feedback,51,0,5,1,0,-1.0,0.0,1,0,1,0,0.0,-0.005004473950153852
2939,no_feedback,51,7,5,1,0,-1.0,0.0,1,0,1,0,0.0,-0.005004473950153852
2940,no_feedback,51,3,3,0,1,1.0,0.0,0,nan,nan,nan,0.0,-0.005004473950153852
2941,no_feedback,51,5,2,0,0,-1.0,0.0,1,1,0,0,0.0,-0.005004473950153852
2942,no_feedback,51,6,5,1,1,1.0,0.0,0,nan,nan,nan,0.0,-0.005004473950153852
2943,no_feedback,51,0,6,1,0,-1.0,0.0,1,1,0,0,0.0,-0.005004473950153852
2944,no_feedback,51,2,3,0,1,1.0,0.0,0,nan,nan,nan,0.0,-0.005004473950153852
2945,no_feedback,51,7,4,1,0,-1.0,0.0,1,1,0,0,0.0,-0.005004473950153852
2946,no_feedback,51,0,5,1,0,-1.0,0.0,1,0,1,0,0.0,-0.005004473950153852
2947,no_feedback,51,5,5,1,1,1.0,0.0,0,nan,nan,nan,0.0,-0.005004473950153852
2948,no_feedback,51,2,6,1,0,-1.0,0.0,1,1,0,0,0.0,-0.005004473950153852
2949,no_feedback,51,1,5,1,0,-1.0,0.0,1,0,1,0,0.0,-0.005004473950153852
2950,no_feedback,51,5,5,1,1,1.0,0.0,0,nan,nan,nan,0.0,-0.005004473950153852
2951,no_feedback,51,3,4,0,1,1.0,0.0,0,nan,nan,nan,0.0,-0.005004473950153852
2952,no_feedback,51,5,5,1,1,1.0,0.0,0,nan,nan,nan,0.0,-0.005004473950153852
2953,no_feedback,51,5,4,0,1,1.0,0.0,0,nan,nan,nan,0.0,-0.005004473950153852
2954,no_feedback,51,2,3,0,1,1.0,0.0,0,nan,nan,nan,0.0,-0.005004473950153852
2955,no_feedback,51,3,2,0,1,1.0,0.0,0,nan,nan,nan,0.0,-0.005004473950153852
2956,no_feedback,51,4,1,0,0,-1.0,0.0,1,6,0,1,0.0,-0.005004473950153852
2957,no_feedback,51,5,5,1,1,1.0,0.0,0,nan,nan,nan,0.0,-0.005004473950153852
2958,no_feedback,51,5,6,1,1,1.0,0.0,0,nan,nan,nan,0.0,-0.005004473950153852
2959,no_feedback,51,7,7,1,1,1.0,0.0,0,nan,nan,nan,0.0,-0.005004473950153852
2960,no_feedback,51,4,8,1,0,-1.0,0.0,1,3,0,1,0.0,-0.005004473950153852
2961,no_feedback,51,8,3,0,0,-1.0,0.0,1,0,1,0,0.0,-0.005004473950153852
2962,no_feedback,51,0,5,1,0,-1.0,0.0,1,0,1,0,0.0,-0.005004473950153852
2963,no_feedback,51,7,5,1,0,-1.0,0.0,1,0,1,0,0.0,-0.005004473950153852
2964,no_feedback,51,5,3,0,0,-1.0,0.0,1,0,1,0,0.0,-0.005004473950153852
2965,no_feedback,51,4,3,0,1,1.0,0.0,0,nan,nan,nan,0.0,-0.005004473950153852
2966,no_feedback,51,4,4,1,1,1.0,0.0,0,nan,nan,nan,0.0,-0.005004473950153852
2967,no_feedback,51,0,3,0,0,-1.0,0.0,1,2,0,0,0.0,-0.005004473950153852
2968,no_feedback,51,8,5,1,0,-1.0,0.0,1,0,1,0,0.0,-0.005004473950153852
2969,no_feedback,51,4,3,0,1,1.0,0.0,0,nan,nan,nan,0.0,-0.005004473950153852
2970,no_feedback,51,3,4,1,1,1.0,0.0,0,nan,nan,nan,0.0,-0.005004473950153852
2971,no_feedback,51,1,5,1,0,-1.0,0.0,1,2,0,0,0.0,-0.005004473950153852
2972,no_feedback,51,6,3,0,0,-1.0,0.0,1,0,1,0,0.0,-0.005004473950153852
2973,no_feedback,51,7,5,1,0,-1.0,0.0,1,0,1,0,0.0,-0.005004473950153852
2974,no_feedback,51,8,5,1,0,-1.0,0.0,1,0,1,0,0.0,-0.005004473950153852
2975,no_feedback,51,1,5,1,0,-1.0,0.0,1,0,1,0,0.0,-0.005004473950153852
2976,no_feedback,51,1,5,1,0,-1.0,0.0,1,0,1,0,0.0,-0.005004473950153852
2977,no_feedback,51,0,3,0,0,-1.0,0.0,1,0,1,0,0.0,-0.005004473950153852
2978,no_feedback,51,0,3,0,0,-1.0,0.0,1,0,1,0,0.0,-0.005004473950153852
2979,no_feedback,51,3,3,0,1,1.0,0.0,0,nan,nan,nan,0.0,-0.005004473950153852
2980,no_feedback,51,4,4,1,1,1.0,0.0,0,nan,nan,nan,0.0,-0.005004473950153852
2981,no_feedback,51,4,3,0,1,1.0,0.0,0,nan,nan,nan,0.0,-0.005004473950153852
2982,no_feedback,51,6,4,1,0,-1.0,0.0,1,3,0,1,0.0,-0.005004473950153852
2983,no_feedback,51,6,5,1,1,1.0,0.0,0,nan,nan,nan,0.0,-0.005004473950153852
2984,no_feedback,51,7,4,0,0,-1.0,0.0,1,1,0,0,0.0,-0.005004473950153852
2985,no_feedback,51,4,5,1,1,1.0,0.0,0,nan,nan,nan,0.0,-0.005004473950153852
2986,no_feedback,51,8,6,1,0,-1.0,0.0,1,1,0,0,0.0,-0.005004473950153852
2987,no_feedback,51,2,5,1,0,-1.0,0.0,1,0,1,0,0.0,-0.005004473950153852
2988,no_feedback,51,8,5,1,0,-1.0,0.0,1,0,1,0,0.0,-0.005004473950153852
2989,no_feedback,51,2,3,0,1,1.0,0.0,0,nan,nan,nan,0.0,-0.005004473950153852
2990,no_feedback,51,4,4,1,1,1.0,0.0,0,nan,nan,nan,0.0,-0.005004473950153852
2991,no_feedback,51,6,3,0,0,-1.0,0.0,1,2,0,0,0.0,-0.005004473950153852
2992,no_feedback,51,8,5,1,0,-1.0,0.0,1,0,1,0,0.0,-0.005004473950153852
2993,no_feedback,51,6,3,0,0,-1.0,0.0,1,0,1,0,0.0,-0.005004473950153852
2994,no_feedback,51,1,5,1,0,-1.0,0.0,1,0,1,0,0.0,-0.005004473950153852
2995,no_feedback,51,5,5,1,1,1.0,0.0,0,nan,nan,nan,0.0,-0.005004473950153852
2996,no_feedback,51,4,4,0,1,1.0,0.0,0,nan,nan,nan,0.0,-0.005004473950153852
2997,no_feedback,51,8,5,1,0,-1.0,0.0,1,2,0,0,0.0,-0.005004473950153852
2998,no_feedback,51,1,5,1,0,-1.0,0.0,1,0,1,0,0.0,-0.005004473950153852
2999,no_feedback,51,2,3,0,1,1.0,0.0,0,nan,nan,nan,0.0,-0.005004473950153852
3000,no_feedback,51,8,4,1,0,-1.0,0.0,1,1,0,0,0.0,-0.005004473950153852
