trial,condition,seed,ball,paddle,action,hit,natural_reward,reward_used,rally_ended,completed_rally_length,ace,long_rally,mean_abs_weight_change,mean_weight
1,no_feedback,50,7,5,1,0,-1.0,0.0,1,0,1,0,0.0,-0.01635111139543998
2,no_feedback,50,7,3,0,0,-1.0,0.0,1,0,1,0,0.0,-0.01635111139543998
3,no_feedback,50,6,3,0,0,-1.0,0.0,1,0,1,0,0.0,-0.01635111139543998
4,no_feedback,50,7,5,1,0,-1.0,0.0,1,0,1,0,0.0,-0.01635111139543998
5,no_feedback,50,7,5,1,0,-1.0,0.0,1,0,1,0,0.0,-0.01635111139543998
6,no_feedback,50,4,5,1,1,1.0,0.0,0,nan,nan,nan,0.0,-0.01635111139543998
7,no_feedback,50,2,6,1,0,-1.0,0.0,1,1,0,0,0.0,-0.01635111139543998
8,no_feedback,50,8,3,0,0,-1.0,0.0,1,0,1,0,0.0,-0.01635111139543998
9,no_feedback,50,7,3,0,0,-1.0,0.0,1,0,1,0,0.0,-0.01635111139543998
10,no_feedback,50,2,3,0,1,1.0,0.0,0,nan,nan,nan,0.0,-0.01635111139543998
11,no_feedback,50,2,4,1,0,-1.0,0.0,1,1,0,0,0.0,-0.01635111139543998
12,no_feedback,50,5,3,0,0,-1.0,0.0,1,0,1,0,0.0,-0.01635111139543998
13,no_feedback,50,6,5,1,1,1.0,0.0,0,nan,nan,nan,0.0,-0.01635111139543998
14,no_feedback,50,0,4,0,0,-1.0,0.0,1,1,0,0,0.0,-0.01635111139543998
15,no_feedback,50,8,5,1,0,-1.0,0.0,1,0,1,0,0.0,-0.01635111139543998
16,no_feedback,50,5,5,1,1,1.0,0.0,0,nan,nan,nan,0.0,-0.01635111139543998
17,no_feedback,50,0,4,0,0,-1.0,0.0,1,1,0,0,0.0,-0.01635111139543998
18,no_feedback,50,3,3,0,1,1.0,0.0,0,nan,nan,nan,0.0,-0.01635111139543998
19,no_feedback,50,5,2,0,0,-1.0,0.0,1,1,0,0,0.0,-0.01635111139543998
20,no_feedback,50,2,5,1,0,-1.0,0.0,1,0,1,0,0.0,-0.01635111139543998
21,no_feedback,50,6,3,0,0,-1.0,0.0,1,0,1,0,0.0,-0.01635111139543998
22,no_feedback,50,8,3,0,0,-1.0,0.0,1,0,1,0,0.0,-0.01635111139543998
23,no_feedback,50,5,5,1,1,1.0,0.0,0,nan,nan,nan,0.0,-0.01635111139543998
24,no_feedback,50,3,4,0,1,1.0,0.0,0,nan,nan,nan,0.0,-0.01635111139543998
25,no_feedback,50,1,5,1,0,-1.0,0.0,1,2,0,0,0.0,-0.01635111139543998
26,no_feedback,50,2,5,1,0,-1.0,0.0,1,0,1,0,0.0,-0.01635111139543998
27,no_feedback,50,5,3,0,0,-1.0,0.0,1,0,1,0,0.0,-0.01635111139543998
28,no_feedback,50,1,3,0,0,-1.0,0.0,1,0,1,0,0.0,-0.01635111139543998
29,no_feedback,50,8,3,0,0,-1.0,0.0,1,0,1,0,0.0,-0.01635111139543998
30,no_feedback,50,1,3,0,0,-1.0,0.0,1,0,1,0,0.0,-0.01635111139543998
31,no_feedback,50,2,3,0,1,1.0,0.0,0,nan,nan,nan,0.0,-0.01635111139543998
32,no_feedback,50,8,2,0,0,-1.0,0.0,1,1,0,0,0.0,-0.01635111139543998
33,no_feedback,50,5,3,0,0,-1.0,0.0,1,0,1,0,0.0,-0.01635111139543998
34,no_feedback,50,5,3,0,0,-1.0,0.0,1,0,1,0,0.0,-0.01635111139543998
35,no_feedback,50,4,5,1,1,1.0,0.0,0,nan,nan,nan,0.0,-0.01635111139543998
36,no_feedback,50,8,6,1,0,-1.0,0.0,1,1,0,0,0.0,-0.01635111139543998
37,no_feedback,50,4,5,1,1,1.0,0.0,0,nan,nan,nan,0.0,-0.01635111139543998
38,no_feedback,50,0,4,0,0,-1.0,0.0,1,1,0,0,0.0,-0.01635111139543998
39,no_feedback,50,7,3,0,0,-1.0,0.0,1,0,1,0,0.0,-0.01635111139543998
40,no_feedback,50,5,5,1,1,1.0,0.0,0,nan,nan,nan,0.0,-0.01635111139543998
41,no_feedback,50,1,4,0,0,-1.0,0.0,1,1,0,0,0.0,-0.01635111139543998
42,no_feedback,50,3,5,1,0,-1.0,0.0,1,0,1,0,0.0,-0.01635111139543998
43,no_feedback,50,4,3,0,1,1.0,0.0,0,nan,nan,nan,0.0,-0.01635111139543998
44,no_feedback,50,3,4,1,1,1.0,0.0,0,nan,nan,nan,0.0,-0.01635111139543998
45,no_feedback,50,8,3,0,0,-1.0,0.0,1,2,0,0,0.0,-0.01635111139543998
46,no_feedback,50,6,5,1,1,1.0,0.0,0,nan,nan,nan,0.0,-0.01635111139543998
47,no_feedback,50,2,4,0,0,-1.0,0.0,1,1,0,0,0.0,-0.01635111139543998
48,no_feedback,50,0,5,1,0,-1.0,0.0,1,0,1,0,0.0,-0.01635111139543998
49,no_feedback,50,4,3,0,1,1.0,0.0,0,nan,nan,nan,0.0,-0.01635111139543998
50,no_feedback,50,2,4,1,0,-1.0,0.0,1,1,0,0,0.0,-0.01635111139543998
51,no_feedback,50,8,3,0,0,-1.0,0.0,1,0,1,0,0.0,-0.01635111139543998
52,no_feedback,50,2,5,1,0,-1.0,0.0,1,0,1,0,0.0,-0.01635111139543998
53,no_feedback,50,6,5,1,1,1.0,0.0,0,nan,nan,nan,0.0,-0.01635111139543998
54,no_feedback,50,4,6,1,0,-1.0,0.0,1,1,0,0,0.0,-0.01635111139543998
55,no_feedback,50,1,5,1,0,-1.0,0.0,1,0,1,0,0.0,-0.01635111139543998
56,no_feedback,50,2,5,1,0,-1.0,0.0,1,0,1,0,0.0,-0.01635111139543998
57,no_feedback,50,4,3,0,1,1.0,0.0,0,nan,nan,nan,0.0,-0.01635111139543998
58,no_feedback,50,6,4,1,0,-1.0,0.0,1,1,0,0,0.0,-0.01635111139543998
59,no_feedback,50,1,5,1,0,-1.0,0.0,1,0,1,0,0.0,-0.01635111139543998
60,no_feedback,50,4,3,0,1,1.0,0.0,0,nan,nan,nan,0.0,-0.01635111139543998
61,no_feedback,50,5,4,1,1,1.0,0.0,0,nan,nan,nan,0.0,-0.01635111139543998
62,no_feedback,50,7,5,1,0,-1.0,0.0,1,2,0,0,0.0,-0.01635111139543998
63,no_feedback,50,4,5,1,1,1.0,0.0,0,nan,nan,nan,0.0,-0.01635111139543998
64,no_feedback,50,1,6,1,0,-1.0,0.0,1,1,0,0,0.0,-0.01635111139543998
65,no_feedback,50,4,3,0,1,1.0,0.0,0,nan,nan,nan,0.0,-0.01635111139543998
66,no_feedback,50,5,2,0,0,-1.0,0.0,1,1,0,0,0.0,-0.01635111139543998
67,no_feedback,50,2,3,0,1,1.0,0.0,0,nan,nan,nan,0.0,-0.01635111139543998
68,no_feedback,50,6,4,1,0,-1.0,0.0,1,1,0,0,0.0,-0.01635111139543998
69,no_feedback,50,6,3,0,0,-1.0,0.0,1,0,1,0,0.0,-0.01635111139543998
70,no_feedback,50,6,5,1,1,1.0,0.0,0,nan,nan,nan,0.0,-0.01635111139543998
71,no_feedback,50,2,4,0,0,-1.0,0.0,1,1,0,0,0.0,-0.01635111139543998
72,no_feedback,50,0,3,0,0,-1.0,0.0,1,0,1,0,0.0,-0.01635111139543998
73,no_feedback,50,6,5,1,1,1.0,0.0,0,nan,nan,nan,0.0,-0.01635111139543998
74,no_feedback,50,1,4,0,0,-1.0,0.0,1,1,0,0,0.0,-0.01635111139543998
75,no_feedback,50,5,5,1,1,1.0,0.0,0,nan,nan,nan,0.0,-0.01635111139543998
76,no_feedback,50,5,4,0,1,1.0,0.0,0,nan,nan,nan,0.0,-0.01635111139543998
77,no_feedback,50,7,5,1,0,-1.0,0.0,1,2,0,0,0.0,-0.01635111139543998
78,no_feedback,50,2,3,0,1,1.0,0.0,0,nan,nan,nan,0.0,-0.01635111139543998
79,no_feedback,50,2,4,1,0,-1.0,0.0,1,1,0,0,0.0,-0.01635111139543998
80,no_feedback,50,4,3,0,1,1.0,0.0,0,nan,nan,nan,0.0,-0.01635111139543998
81,no_feedback,50,2,2,0,1,1.0,0.0,0,nan,nan,nan,0.0,-0.01635111139543998
82,no_feedback,50,8,1,0,0,-1.0,0.0,1,2,0,0,0.0,-0.01635111139543998
83,no_feedback,50,0,3,0,0,-1.0,0.0,1,0,1,0,0.0,-0.01635111139543998
84,no_feedback,50,7,3,0,0,-1.0,0.0,1,0,1,0,0.0,-0.01635111139543998
85,no_feedback,50,5,3,0,0,-1.0,0.0,1,0,1,0,0.0,-0.01635111139543998
86,no_feedback,50,0,5,1,0,-1.0,0.0,1,0,1,0,0.0,-0.01635111139543998
87,no_feedback,50,2,3,0,1,1.0,0.0,0,nan,nan,nan,0.0,-0.01635111139543998
88,no_feedback,50,4,4,1,1,1.0,0.0,0,nan,nan,nan,0.0,-0.01635111139543998
89,no_feedback,50,8,3,0,0,-1.0,0.0,1,2,0,0,0.0,-0.01635111139543998
90,no_feedback,50,8,3,0,0,-1.0,0.0,1,0,1,0,0.0,-0.01635111139543998
91,no_feedback,50,8,5,1,0,-1.0,0.0,1,0,1,0,0.0,-0.01635111139543998
92,no_feedback,50,3,5,1,0,-1.0,0.0,1,0,1,0,0.0,-0.01635111139543998
93,no_feedback,50,8,3,0,0,-1.0,0.0,1,0,1,0,0.0,-0.01635111139543998
94,no_feedback,50,4,5,1,1,1.0,0.0,0,nan,nan,nan,0.0,-0.01635111139543998
95,no_feedback,50,6,6,1,1,1.0,0.0,0,nan,nan,nan,0.0,-0.01635111139543998
96,no_feedback,50,3,7,1,0,-1.0,0.0,1,2,0,0,0.0,-0.01635111139543998
97,no_feedback,50,2,5,1,0,-1.0,0.0,1,0,1,0,0.0,-0.01635111139543998
98,no_feedback,50,7,3,0,0,-1.0,0.0,1,0,1,0,0.0,-0.01635111139543998
99,no_feedback,50,0,3,0,0,-1.0,0.0,1,0,1,0,0.0,-0.01635111139543998
100,no_feedback,50,3,5,1,0,-1.0,0.0,1,0,1,0,0.0,-0.01635111139543998
101,no_feedback,50,4,3,0,1,1.0,0.0,0,nan,nan,nan,0.0,-0.01635111139543998
102,no_feedback,50,8,2,0,0,-1.0,0.0,1,1,0,0,0.0,-0.01635111139543998
103,no_feedback,50,0,3,0,0,-1.0,0.0,1,0,1,0,0.0,-0.01635111139543998
104,no_feedback,50,1,5,1,0,-1.0,0.0,1,0,1,0,0.0,-0.01635111139543998
105,no_feedback,50,4,5,1,1,1.0,0.0,0,nan,nan,nan,0.0,-0.01635111139543998
106,no_feedback,50,3,6,1,0,-1.0,0.0,1,1,0,0,0.0,-0.01635111139543998
107,no_feedback,50,5,5,1,1,1.0,0.0,0,nan,nan,nan,0.0,-0.01635111139543998
108,no_feedback,50,3,6,1,0,-1.0,0.0,1,1,0,0,0.0,-0.01635111139543998
109,no_feedback,50,4,3,0,1,1.0,0.0,0,nan,nan,nan,0.0,-0.01635111139543998
110,no_feedback,50,5,4,1,1,1.0,0.0,0,nan,nan,nan,0.0,-0.01635111139543998
111,no_feedback,50,5,3,0,0,-1.0,0.0,1,2,0,0,0.0,-0.01635111139543998
112,no_feedback,50,4,3,0,1,1.0,0.0,0,nan,nan,nan,0.0,-0.01635111139543998
113,no_feedback,50,2,4,1,0,-1.0,0.0,1,1,0,0,0.0,-0.01635111139543998
114,no_feedback,50,2,5,1,0,-1.0,0.0,1,0,1,0,0.0,-0.01635111139543998
115,no_feedback,50,6,3,0,0,-1.0,0.0,1,0,1,0,0.0,-0.01635111139543998
116,no_feedback,50,7,3,0,0,-1.0,0.0,1,0,1,0,0.0,-0.01635111139543998
117,no_feedback,50,4,3,0,1,1.0,0.0,0,nan,nan,nan,0.0,-0.01635111139543998
118,no_feedback,50,4,4,1,1,1.0,0.0,0,nan,nan,nan,0.0,-0.01635111139543998
119,no_feedback,50,6,5,1,1,1.0,0.0,0,nan,nan,nan,0.0,-0.01635111139543998
120,no_feedback,50,2,6,1,0,-1.0,0.0,1,3,0,1,0.0,-0.01635111139543998
121,no_feedback,50,6,5,1,1,1.0,0.0,0,nan,nan,nan,0.0,-0.01635111139543998
122,no_feedback,50,7,4,0,0,-1.0,0.0,1,1,0,0,0.0,-0.01635111139543998
123,no_feedback,50,2,3,0,1,1.0,0.0,0,nan,nan,nan,0.0,-0.01635111139543998
124,no_feedback,50,8,2,0,0,-1.0,0.0,1,1,0,0,0.0,-0.01635111139543998
125,no_feedback,50,2,5,1,0,-1.0,0.0,1,0,1,0,0.0,-0.01635111139543998
126,no_feedback,50,0,5,1,0,-1.0,0.0,1,0,1,0,0.0,-0.01635111139543998
127,no_feedback,50,6,5,1,1,1.0,0.0,0,nan,nan,nan,0.0,-0.01635111139543998
128,no_feedback,50,1,6,1,0,-1.0,0.0,1,1,0,0,0.0,-0.01635111139543998
129,no_feedback,50,4,5,1,1,1.0,0.0,0,nan,nan,nan,0.0,-0.01635111139543998
130,no_feedback,50,5,6,1,1,1.0,0.0,0,nan,nan,nan,0.0,-0.01635111139543998
131,no_feedback,50,8,5,0,0,-1.0,0.0,1,2,0,0,0.0,-0.01635111139543998
132,no_feedback,50,3,5,1,0,-1.0,0.0,1,0,1,0,0.0,-0.01635111139543998
133,no_feedback,50,3,5,1,0,-1.0,0.0,1,0,1,0,0.0,-0.01635111139543998
134,no_feedback,50,7,3,0,0,-1.0,0.0,1,0,1,0,0.0,-0.01635111139543998
135,no_feedback,50,3,5,1,0,-1.0,0.0,1,0,1,0,0.0,-0.01635111139543998
136,no_feedback,50,3,3,0,1,1.0,0.0,0,nan,nan,nan,0.0,-0.01635111139543998
137,no_feedback,50,4,2,0,0,-1.0,0.0,1,1,0,0,0.0,-0.01635111139543998
138,no_feedback,50,4,3,0,1,1.0,0.0,0,nan,nan,nan,0.0,-0.01635111139543998
139,no_feedback,50,5,4,1,1,1.0,0.0,0,nan,nan,nan,0.0,-0.01635111139543998
140,no_feedback,50,4,3,0,1,1.0,0.0,0,nan,nan,nan,0.0,-0.01635111139543998
141,no_feedback,50,0,4,1,0,-1.0,0.0,1,3,0,1,0.0,-0.01635111139543998
142,no_feedback,50,7,5,1,0,-1.0,0.0,1,0,1,0,0.0,-0.01635111139543998
143,no_feedback,50,3,5,1,0,-1.0,0.0,1,0,1,0,0.0,-0.01635111139543998
144,no_feedback,50,3,3,0,1,1.0,0.0,0,nan,nan,nan,0.0,-0.01635111139543998
145,no_feedback,50,3,2,0,1,1.0,0.0,0,nan,nan,nan,0.0,-0.01635111139543998
146,no_feedback,50,5,3,1,0,-1.0,0.0,1,2,0,0,0.0,-0.01635111139543998
147,no_feedback,50,3,5,1,0,-1.0,0.0,1,0,1,0,0.0,-0.01635111139543998
148,no_feedback,50,0,3,0,0,-1.0,0.0,1,0,1,0,0.0,-0.01635111139543998
149,no_feedback,50,0,3,0,0,-1.0,0.0,1,0,1,0,0.0,-0.01635111139543998
150,no_feedback,50,6,3,0,0,-1.0,0.0,1,0,1,0,0.0,-0.01635111139543998
151,no_feedback,50,7,5,1,0,-1.0,0.0,1,0,1,0,0.0,-0.01635111139543998
152,no_feedback,50,0,5,1,0,-1.0,0.0,1,0,1,0,0.0,-0.01635111139543998
153,no_feedback,50,2,3,0,1,1.0,0.0,0,nan,nan,nan,0.0,-0.01635111139543998
154,no_feedback,50,0,2,0,0,-1.0,0.0,1,1,0,0,0.0,-0.01635111139543998
155,no_feedback,50,6,5,1,1,1.0,0.0,0,nan,nan,nan,0.0,-0.01635111139543998
156,no_feedback,50,5,6,1,1,1.0,0.0,0,nan,nan,nan,0.0,-0.01635111139543998
157,no_feedback,50,3,7,1,0,-1.0,0.0,1,2,0,0,0.0,-0.01635111139543998
158,no_feedback,50,0,5,1,0,-1.0,0.0,1,0,1,0,0.0,-0.01635111139543998
159,no_feedback,50,7,3,0,0,-1.0,0.0,1,0,1,0,0.0,-0.01635111139543998
160,no_feedback,50,6,3,0,0,-1.0,0.0,1,0,1,0,0.0,-0.01635111139543998
161,no_feedback,50,4,5,1,1,1.0,0.0,0,nan,nan,nan,0.0,-0.01635111139543998
162,no_feedback,50,3,4,0,1,1.0,0.0,0,nan,nan,nan,0.0,-0.01635111139543998
163,no_feedback,50,3,5,1,0,-1.0,0.0,1,2,0,0,0.0,-0.01635111139543998
164,no_feedback,50,7,5,1,0,-1.0,0.0,1,0,1,0,0.0,-0.01635111139543998
165,no_feedback,50,3,3,0,1,1.0,0.0,0,nan,nan,nan,0.0,-0.01635111139543998
166,no_feedback,50,0,2,0,0,-1.0,0.0,1,1,0,0,0.0,-0.01635111139543998
167,no_feedback,50,5,5,1,1,1.0,0.0,0,nan,nan,nan,0.0,-0.01635111139543998
168,no_feedback,50,1,4,0,0,-1.0,0.0,1,1,0,0,0.0,-0.01635111139543998
169,no_feedback,50,6,3,0,0,-1.0,0.0,1,0,1,0,0.0,-0.01635111139543998
170,no_feedback,50,4,3,0,1,1.0,0.0,0,nan,nan,nan,0.0,-0.01635111139543998
171,no_feedback,50,0,4,1,0,-1.0,0.0,1,1,0,0,0.0,-0.01635111139543998
172,no_feedback,50,7,3,0,0,-1.0,0.0,1,0,1,0,0.0,-0.01635111139543998
173,no_feedback,50,8,3,0,0,-1.0,0.0,1,0,1,0,0.0,-0.01635111139543998
174,no_feedback,50,0,3,0,0,-1.0,0.0,1,0,1,0,0.0,-0.01635111139543998
175,no_feedback,50,7,3,0,0,-1.0,0.0,1,0,1,0,0.0,-0.01635111139543998
176,no_feedback,50,8,3,0,0,-1.0,0.0,1,0,1,0,0.0,-0.01635111139543998
177,no_feedback,50,1,3,0,0,-1.0,0.0,1,0,1,0,0.0,-0.01635111139543998
178,no_feedback,50,5,5,1,1,1.0,0.0,0,nan,nan,nan,0.0,-0.01635111139543998
179,no_feedback,50,3,4,0,1,1.0,0.0,0,nan,nan,nan,0.0,-0.01635111139543998
180,no_feedback,50,3,5,1,0,-1.0,0.0,1,2,0,0,0.0,-0.01635111139543998
181,no_feedback,50,5,3,0,0,-1.0,0.0,1,0,1,0,0.0,-0.01635111139543998
182,no_feedback,50,5,3,0,0,-1.0,0.0,1,0,1,0,0.0,-0.01635111139543998
183,no_feedback,50,4,3,0,1,1.0,0.0,0,nan,nan,nan,0.0,-0.01635111139543998
184,no_feedback,50,8,4,1,0,-1.0,0.0,1,1,0,0,0.0,-0.01635111139543998
185,no_feedback,50,7,5,1,0,-1.0,0.0,1,0,1,0,0.0,-0.01635111139543998
186,no_feedback,50,1,3,0,0,-1.0,0.0,1,0,1,0,0.0,-0.01635111139543998
187,no_feedback,50,7,3,0,0,-1.0,0.0,1,0,1,0,0.0,-0.01635111139543998
188,no_feedback,50,1,3,0,0,-1.0,0.0,1,0,1,0,0.0,-0.01635111139543998
189,no_feedback,50,0,5,1,0,-1.0,0.0,1,0,1,0,0.0,-0.01635111139543998
190,no_feedback,50,2,3,0,1,1.0,0.0,0,nan,nan,nan,0.0,-0.01635111139543998
191,no_feedback,50,4,2,0,0,-1.0,0.0,1,1,0,0,0.0,-0.01635111139543998
192,no_feedback,50,0,5,1,0,-1.0,0.0,1,0,1,0,0.0,-0.01635111139543998
193,no_feedback,50,0,5,1,0,-1.0,0.0,1,0,1,0,0.0,-0.01635111139543998
194,no_feedback,50,2,5,1,0,-1.0,0.0,1,0,1,0,0.0,-0.01635111139543998
195,no_feedback,50,2,5,1,0,-1.0,0.0,1,0,1,0,0.0,-0.01635111139543998
196,no_feedback,50,4,3,0,1,1.0,0.0,0,nan,nan,nan,0.0,-0.01635111139543998
197,no_feedback,50,6,4,1,0,-1.0,0.0,1,1,0,0,0.0,-0.01635111139543998
198,no_feedback,50,1,5,1,0,-1.0,0.0,1,0,1,0,0.0,-0.01635111139543998
199,no_feedback,50,4,3,0,1,1.0,0.0,0,nan,nan,nan,0.0,-0.01635111139543998
200,no_feedback,50,8,2,0,0,-1.0,0.0,1,1,0,0,0.0,-0.01635111139543998
201,no_feedback,50,6,3,0,0,-1.0,0.0,1,0,1,0,0.0,-0.01635111139543998
202,no_feedback,50,7,3,0,0,-1.0,0.0,1,0,1,0,0.0,-0.01635111139543998
203,no_feedback,50,0,5,1,0,-1.0,0.0,1,0,1,0,0.0,-0.01635111139543998
204,no_feedback,50,2,3,0,1,1.0,0.0,0,nan,nan,nan,0.0,-0.01635111139543998
205,no_feedback,50,5,2,0,0,-1.0,0.0,1,1,0,0,0.0,-0.01635111139543998
206,no_feedback,50,8,3,0,0,-1.0,0.0,1,0,1,0,0.0,-0.01635111139543998
207,no_feedback,50,0,5,1,0,-1.0,0.0,1,0,1,0,0.0,-0.01635111139543998
208,no_feedback,50,1,3,0,0,-1.0,0.0,1,0,1,0,0.0,-0.01635111139543998
209,no_feedback,50,3,5,1,0,-1.0,0.0,1,0,1,0,0.0,-0.01635111139543998
210,no_feedback,50,2,3,0,1,1.0,0.0,0,nan,nan,nan,0.0,-0.01635111139543998
211,no_feedback,50,8,4,1,0,-1.0,0.0,1,1,0,0,0.0,-0.01635111139543998
212,no_feedback,50,7,3,0,0,-1.0,0.0,1,0,1,0,0.0,-0.01635111139543998
213,no_feedback,50,4,5,1,1,1.0,0.0,0,nan,nan,nan,0.0,-0.01635111139543998
214,no_feedback,50,6,6,1,1,1.0,0.0,0,nan,nan,nan,0.0,-0.01635111139543998
215,no_feedback,50,8,7,1,1,1.0,0.0,0,nan,nan,nan,0.0,-0.01635111139543998
216,no_feedback,50,0,6,0,0,-1.0,0.0,1,3,0,1,0.0,-0.01635111139543998
217,no_feedback,50,0,5,1,0,-1.0,0.0,1,0,1,0,0.0,-0.01635111139543998
218,no_feedback,50,1,3,0,0,-1.0,0.0,1,0,1,0,0.0,-0.01635111139543998
219,no_feedback,50,5,3,0,0,-1.0,0.0,1,0,1,0,0.0,-0.01635111139543998
220,no_feedback,50,5,5,1,1,1.0,0.0,0,nan,nan,nan,0.0,-0.01635111139543998
221,no_feedback,50,7,6,1,1,1.0,0.0,0,nan,nan,nan,0.0,-0.01635111139543998
222,no_feedback,50,7,7,1,1,1.0,0.0,0,nan,nan,nan,0.0,-0.01635111139543998
223,no_feedback,50,2,8,1,0,-1.0,0.0,1,3,0,1,0.0,-0.01635111139543998
224,no_feedback,50,4,5,1,1,1.0,0.0,0,nan,nan,nan,0.0,-0.01635111139543998
225,no_feedback,50,8,6,1,0,-1.0,0.0,1,1,0,0,0.0,-0.01635111139543998
226,no_feedback,50,5,3,0,0,-1.0,0.0,1,0,1,0,0.0,-0.01635111139543998
227,no_feedback,50,7,5,1,0,-1.0,0.0,1,0,1,0,0.0,-0.01635111139543998
228,no_feedback,50,0,5,1,0,-1.0,0.0,1,0,1,0,0.0,-0.01635111139543998
229,no_feedback,50,1,5,1,0,-1.0,0.0,1,0,1,0,0.0,-0.01635111139543998
230,no_feedback,50,1,5,1,0,-1.0,0.0,1,0,1,0,0.0,-0.01635111139543998
231,no_feedback,50,3,3,0,1,1.0,0.0,0,nan,nan,nan,0.0,-0.01635111139543998
232,no_feedback,50,5,4,1,1,1.0,0.0,0,nan,nan,nan,0.0,-0.01635111139543998
233,no_feedback,50,2,3,0,1,1.0,0.0,0,nan,nan,nan,0.0,-0.01635111139543998
234,no_feedback,50,1,2,0,1,1.0,0.0,0,nan,nan,nan,0.0,-0.01635111139543998
235,no_feedback,50,7,1,0,0,-1.0,0.0,1,4,0,1,0.0,-0.01635111139543998
236,no_feedback,50,0,3,0,0,-1.0,0.0,1,0,1,0,0.0,-0.01635111139543998
237,no_feedback,50,7,3,0,0,-1.0,0.0,1,0,1,0,0.0,-0.01635111139543998
238,no_feedback,50,0,3,0,0,-1.0,0.0,1,0,1,0,0.0,-0.01635111139543998
239,no_feedback,50,5,3,0,0,-1.0,0.0,1,0,1,0,0.0,-0.01635111139543998
240,no_feedback,50,5,3,0,0,-1.0,0.0,1,0,1,0,0.0,-0.01635111139543998
241,no_feedback,50,5,3,0,0,-1.0,0.0,1,0,1,0,0.0,-0.01635111139543998
242,no_feedback,50,8,3,0,0,-1.0,0.0,1,0,1,0,0.0,-0.01635111139543998
243,no_feedback,50,6,3,0,0,-1.0,0.0,1,0,1,0,0.0,-0.01635111139543998
244,no_feedback,50,6,3,0,0,-1.0,0.0,1,0,1,0,0.0,-0.01635111139543998
245,no_feedback,50,1,3,0,0,-1.0,0.0,1,0,1,0,0.0,-0.01635111139543998
246,no_feedback,50,1,3,0,0,-1.0,0.0,1,0,1,0,0.0,-0.01635111139543998
247,no_feedback,50,2,5,1,0,-1.0,0.0,1,0,1,0,0.0,-0.01635111139543998
248,no_feedback,50,6,5,1,1,1.0,0.0,0,nan,nan,nan,0.0,-0.01635111139543998
249,no_feedback,50,0,4,0,0,-1.0,0.0,1,1,0,0,0.0,-0.01635111139543998
250,no_feedback,50,4,3,0,1,1.0,0.0,0,nan,nan,nan,0.0,-0.01635111139543998
251,no_feedback,50,1,2,0,1,1.0,0.0,0,nan,nan,nan,0.0,-0.01635111139543998
252,no_feedback,50,0,1,0,1,1.0,0.0,0,nan,nan,nan,0.0,-0.01635111139543998
253,no_feedback,50,7,0,0,0,-1.0,0.0,1,3,0,1,0.0,-0.01635111139543998
254,no_feedback,50,2,3,0,1,1.0,0.0,0,nan,nan,nan,0.0,-0.01635111139543998
255,no_feedback,50,0,2,0,0,-1.0,0.0,1,1,0,0,0.0,-0.01635111139543998
256,no_feedback,50,0,3,0,0,-1.0,0.0,1,0,1,0,0.0,-0.01635111139543998
257,no_feedback,50,3,3,0,1,1.0,0.0,0,nan,nan,nan,0.0,-0.01635111139543998
258,no_feedback,50,2,4,1,0,-1.0,0.0,1,1,0,0,0.0,-0.01635111139543998
259,no_feedback,50,1,5,1,0,-1.0,0.0,1,0,1,0,0.0,-0.01635111139543998
260,no_feedback,50,3,5,1,0,-1.0,0.0,1,0,1,0,0.0,-0.01635111139543998
261,no_feedback,50,6,3,0,0,-1.0,0.0,1,0,1,0,0.0,-0.01635111139543998
262,no_feedback,50,3,5,1,0,-1.0,0.0,1,0,1,0,0.0,-0.01635111139543998
263,no_feedback,50,7,3,0,0,-1.0,0.0,1,0,1,0,0.0,-0.01635111139543998
264,no_feedback,50,0,3,0,0,-1.0,0.0,1,0,1,0,0.0,-0.01635111139543998
265,no_feedback,50,8,3,0,0,-1.0,0.0,1,0,1,0,0.0,-0.01635111139543998
266,no_feedback,50,2,3,0,1,1.0,0.0,0,nan,nan,nan,0.0,-0.01635111139543998
267,no_feedback,50,2,2,0,1,1.0,0.0,0,nan,nan,nan,0.0,-0.01635111139543998
268,no_feedback,50,1,3,1,0,-1.0,0.0,1,2,0,0,0.0,-0.01635111139543998
269,no_feedback,50,2,3,0,1,1.0,0.0,0,nan,nan,nan,0.0,-0.01635111139543998
270,no_feedback,50,1,2,0,1,1.0,0.0,0,nan,nan,nan,0.0,-0.01635111139543998
271,no_feedback,50,0,1,0,1,1.0,0.0,0,nan,nan,nan,0.0,-0.01635111139543998
272,no_feedback,50,1,2,1,1,1.0,0.0,0,nan,nan,nan,0.0,-0.01635111139543998
273,no_feedback,50,7,1,0,0,-1.0,0.0,1,4,0,1,0.0,-0.01635111139543998
274,no_feedback,50,6,3,0,0,-1.0,0.0,1,0,1,0,0.0,-0.01635111139543998
275,no_feedback,50,6,5,1,1,1.0,0.0,0,nan,nan,nan,0.0,-0.01635111139543998
276,no_feedback,50,4,6,1,0,-1.0,0.0,1,1,0,0,0.0,-0.01635111139543998
277,no_feedback,50,5,3,0,0,-1.0,0.0,1,0,1,0,0.0,-0.01635111139543998
278,no_feedback,50,4,3,0,1,1.0,0.0,0,nan,nan,nan,0.0,-0.01635111139543998
279,no_feedback,50,7,2,0,0,-1.0,0.0,1,1,0,0,0.0,-0.01635111139543998
280,no_feedback,50,0,5,1,0,-1.0,0.0,1,0,1,0,0.0,-0.01635111139543998
281,no_feedback,50,3,3,0,1,1.0,0.0,0,nan,nan,nan,0.0,-0.01635111139543998
282,no_feedback,50,2,2,0,1,1.0,0.0,0,nan,nan,nan,0.0,-0.01635111139543998
283,no_feedback,50,0,1,0,1,1.0,0.0,0,nan,nan,nan,0.0,-0.01635111139543998
284,no_feedback,50,0,2,1,0,-1.0,0.0,1,3,0,1,0.0,-0.01635111139543998
285,no_feedback,50,8,3,0,0,-1.0,0.0,1,0,1,0,0.0,-0.01635111139543998
286,no_feedback,50,1,5,1,0,-1.0,0.0,1,0,1,0,0.0,-0.01635111139543998
287,no_feedback,50,7,3,0,0,-1.0,0.0,1,0,1,0,0.0,-0.01635111139543998
288,no_feedback,50,2,5,1,0,-1.0,0.0,1,0,1,0,0.0,-0.01635111139543998
289,no_feedback,50,5,3,0,0,-1.0,0.0,1,0,1,0,0.0,-0.01635111139543998
290,no_feedback,50,3,3,0,1,1.0,0.0,0,nan,nan,nan,0.0,-0.01635111139543998
291,no_feedback,50,7,2,0,0,-1.0,0.0,1,1,0,0,0.0,-0.01635111139543998
292,no_feedback,50,4,3,0,1,1.0,0.0,0,nan,nan,nan,0.0,-0.01635111139543998
293,no_feedback,50,2,2,0,1,1.0,0.0,0,nan,nan,nan,0.0,-0.01635111139543998
294,no_feedback,50,7,3,1,0,-1.0,0.0,1,2,0,0,0.0,-0.01635111139543998
295,no_feedback,50,1,3,0,0,-1.0,0.0,1,0,1,0,0.0,-0.01635111139543998
296,no_feedback,50,0,3,0,0,-1.0,0.0,1,0,1,0,0.0,-0.01635111139543998
297,no_feedback,50,2,5,1,0,-1.0,0.0,1,0,1,0,0.0,-0.01635111139543998
298,no_feedback,50,0,3,0,0,-1.0,0.0,1,0,1,0,0.0,-0.01635111139543998
299,no_feedback,50,1,5,1,0,-1.0,0.0,1,0,1,0,0.0,-0.01635111139543998
300,no_feedback,50,5,5,1,1,1.0,0.0,0,nan,nan,nan,0.0,-0.01635111139543998
301,no_feedback,50,5,4,0,1,1.0,0.0,0,nan,nan,nan,0.0,-0.01635111139543998
302,no_feedback,50,2,3,0,1,1.0,0.0,0,nan,nan,nan,0.0,-0.01635111139543998
303,no_feedback,50,7,4,1,0,-1.0,0.0,1,3,0,1,0.0,-0.01635111139543998
304,no_feedback,50,6,3,0,0,-1.0,0.0,1,0,1,0,0.0,-0.01635111139543998
305,no_feedback,50,7,3,0,0,-1.0,0.0,1,0,1,0,0.0,-0.01635111139543998
306,no_feedback,50,4,3,0,1,1.0,0.0,0,nan,nan,nan,0.0,-0.01635111139543998
307,no_feedback,50,8,4,1,0,-1.0,0.0,1,1,0,0,0.0,-0.01635111139543998
308,no_feedback,50,1,5,1,0,-1.0,0.0,1,0,1,0,0.0,-0.01635111139543998
309,no_feedback,50,2,5,1,0,-1.0,0.0,1,0,1,0,0.0,-0.01635111139543998
310,no_feedback,50,6,5,1,1,1.0,0.0,0,nan,nan,nan,0.0,-0.01635111139543998
311,no_feedback,50,2,4,0,0,-1.0,0.0,1,1,0,0,0.0,-0.01635111139543998
312,no_feedback,50,0,5,1,0,-1.0,0.0,1,0,1,0,0.0,-0.01635111139543998
313,no_feedback,50,3,5,1,0,-1.0,0.0,1,0,1,0,0.0,-0.01635111139543998
314,no_feedback,50,4,3,0,1,1.0,0.0,0,nan,nan,nan,0.0,-0.01635111139543998
315,no_feedback,50,0,2,0,0,-1.0,0.0,1,1,0,0,0.0,-0.01635111139543998
316,no_feedback,50,7,5,1,0,-1.0,0.0,1,0,1,0,0.0,-0.01635111139543998
317,no_feedback,50,8,5,1,0,-1.0,0.0,1,0,1,0,0.0,-0.01635111139543998
318,no_feedback,50,8,3,0,0,-1.0,0.0,1,0,1,0,0.0,-0.01635111139543998
319,no_feedback,50,5,3,0,0,-1.0,0.0,1,0,1,0,0.0,-0.01635111139543998
320,no_feedback,50,1,5,1,0,-1.0,0.0,1,0,1,0,0.0,-0.01635111139543998
321,no_feedback,50,3,5,1,0,-1.0,0.0,1,0,1,0,0.0,-0.01635111139543998
322,no_feedback,50,5,5,1,1,1.0,0.0,0,nan,nan,nan,0.0,-0.01635111139543998
323,no_feedback,50,7,4,0,0,-1.0,0.0,1,1,0,0,0.0,-0.01635111139543998
324,no_feedback,50,3,3,0,1,1.0,0.0,0,nan,nan,nan,0.0,-0.01635111139543998
325,no_feedback,50,2,4,1,0,-1.0,0.0,1,1,0,0,0.0,-0.01635111139543998
326,no_feedback,50,7,5,1,0,-1.0,0.0,1,0,1,0,0.0,-0.01635111139543998
327,no_feedback,50,8,3,0,0,-1.0,0.0,1,0,1,0,0.0,-0.01635111139543998
328,no_feedback,50,1,3,0,0,-1.0,0.0,1,0,1,0,0.0,-0.01635111139543998
329,no_feedback,50,7,3,0,0,-1.0,0.0,1,0,1,0,0.0,-0.01635111139543998
330,no_feedback,50,6,3,0,0,-1.0,0.0,1,0,1,0,0.0,-0.01635111139543998
331,no_feedback,50,7,3,0,0,-1.0,0.0,1,0,1,0,0.0,-0.01635111139543998
332,no_feedback,50,4,3,0,1,1.0,0.0,0,nan,nan,nan,0.0,-0.01635111139543998
333,no_feedback,50,2,4,1,0,-1.0,0.0,1,1,0,0,0.0,-0.01635111139543998
334,no_feedback,50,7,3,0,0,-1.0,0.0,1,0,1,0,0.0,-0.01635111139543998
335,no_feedback,50,4,3,0,1,1.0,0.0,0,nan,nan,nan,0.0,-0.01635111139543998
336,no_feedback,50,3,4,1,1,1.0,0.0,0,nan,nan,nan,0.0,-0.01635111139543998
337,no_feedback,50,4,5,1,1,1.0,0.0,0,nan,nan,nan,0.0,-0.01635111139543998
338,no_feedback,50,7,4,0,0,-1.0,0.0,1,3,0,1,0.0,-0.01635111139543998
339,no_feedback,50,7,5,1,0,-1.0,0.0,1,0,1,0,0.0,-0.01635111139543998
340,no_feedback,50,2,5,1,0,-1.0,0.0,1,0,1,0,0.0,-0.01635111139543998
341,no_feedback,50,6,5,1,1,1.0,0.0,0,nan,nan,nan,0.0,-0.01635111139543998
342,no_feedback,50,7,4,0,0,-1.0,0.0,1,1,0,0,0.0,-0.01635111139543998
343,no_feedback,50,6,5,1,1,1.0,0.0,0,nan,nan,nan,0.0,-0.01635111139543998
344,no_feedback,50,7,4,0,0,-1.0,0.0,1,1,0,0,0.0,-0.01635111139543998
345,no_feedback,50,8,3,0,0,-1.0,0.0,1,0,1,0,0.0,-0.01635111139543998
346,no_feedback,50,1,5,1,0,-1.0,0.0,1,0,1,0,0.0,-0.01635111139543998
347,no_feedback,50,7,5,1,0,-1.0,0.0,1,0,1,0,0.0,-0.01635111139543998
348,no_feedback,50,5,3,0,0,-1.0,0.0,1,0,1,0,0.0,-0.01635111139543998
349,no_feedback,50,8,5,1,0,-1.0,0.0,1,0,1,0,0.0,-0.01635111139543998
350,no_feedback,50,8,5,1,0,-1.0,0.0,1,0,1,0,0.0,-0.01635111139543998
351,no_feedback,50,5,5,1,1,1.0,0.0,0,nan,nan,nan,0.0,-0.01635111139543998
352,no_feedback,50,6,4,0,0,-1.0,0.0,1,1,0,0,0.0,-0.01635111139543998
353,no_feedback,50,2,3,0,1,1.0,0.0,0,nan,nan,nan,0.0,-0.01635111139543998
354,no_feedback,50,1,2,0,1,1.0,0.0,0,nan,nan,nan,0.0,-0.01635111139543998
355,no_feedback,50,6,1,0,0,-1.0,0.0,1,2,0,0,0.0,-0.01635111139543998
356,no_feedback,50,0,3,0,0,-1.0,0.0,1,0,1,0,0.0,-0.01635111139543998
357,no_feedback,50,4,5,1,1,1.0,0.0,0,nan,nan,nan,0.0,-0.01635111139543998
358,no_feedback,50,2,4,0,0,-1.0,0.0,1,1,0,0,0.0,-0.01635111139543998
359,no_feedback,50,2,3,0,1,1.0,0.0,0,nan,nan,nan,0.0,-0.01635111139543998
360,no_feedback,50,8,2,0,0,-1.0,0.0,1,1,0,0,0.0,-0.01635111139543998
361,no_feedback,50,0,5,1,0,-1.0,0.0,1,0,1,0,0.0,-0.01635111139543998
362,no_feedback,50,6,3,0,0,-1.0,0.0,1,0,1,0,0.0,-0.01635111139543998
363,no_feedback,50,3,3,0,1,1.0,0.0,0,nan,nan,nan,0.0,-0.01635111139543998
364,no_feedback,50,7,2,0,0,-1.0,0.0,1,1,0,0,0.0,-0.01635111139543998
365,no_feedback,50,4,3,0,1,1.0,0.0,0,nan,nan,nan,0.0,-0.01635111139543998
366,no_feedback,50,6,2,0,0,-1.0,0.0,1,1,0,0,0.0,-0.01635111139543998
367,no_feedback,50,8,5,1,0,-1.0,0.0,1,0,1,0,0.0,-0.01635111139543998
368,no_feedback,50,4,3,0,1,1.0,0.0,0,nan,nan,nan,0.0,-0.01635111139543998
369,no_feedback,50,4,4,1,1,1.0,0.0,0,nan,nan,nan,0.0,-0.01635111139543998
370,no_feedback,50,8,3,0,0,-1.0,0.0,1,2,0,0,0.0,-0.01635111139543998
371,no_feedback,50,7,3,0,0,-1.0,0.0,1,0,1,0,0.0,-0.01635111139543998
372,no_feedback,50,3,5,1,0,-1.0,0.0,1,0,1,0,0.0,-0.01635111139543998
373,no_feedback,50,8,3,0,0,-1.0,0.0,1,0,1,0,0.0,-0.01635111139543998
374,no_feedback,50,2,5,1,0,-1.0,0.0,1,0,1,0,0.0,-0.01635111139543998
375,no_feedback,50,8,3,0,0,-1.0,0.0,1,0,1,0,0.0,-0.01635111139543998
376,no_feedback,50,5,3,0,0,-1.0,0.0,1,0,1,0,0.0,-0.01635111139543998
377,no_feedback,50,0,5,1,0,-1.0,0.0,1,0,1,0,0.0,-0.01635111139543998
378,no_feedback,50,4,3,0,1,1.0,0.0,0,nan,nan,nan,0.0,-0.01635111139543998
379,no_feedback,50,3,2,0,1,1.0,0.0,0,nan,nan,nan,0.0,-0.01635111139543998
380,no_feedback,50,6,3,1,0,-1.0,0.0,1,2,0,0,0.0,-0.01635111139543998
381,no_feedback,50,8,5,1,0,-1.0,0.0,1,0,1,0,0.0,-0.01635111139543998
382,no_feedback,50,8,3,0,0,-1.0,0.0,1,0,1,0,0.0,-0.01635111139543998
383,no_feedback,50,6,3,0,0,-1.0,0.0,1,0,1,0,0.0,-0.01635111139543998
384,no_feedback,50,1,3,0,0,-1.0,0.0,1,0,1,0,0.0,-0.01635111139543998
385,no_feedback,50,8,3,0,0,-1.0,0.0,1,0,1,0,0.0,-0.01635111139543998
386,no_feedback,50,5,3,0,0,-1.0,0.0,1,0,1,0,0.0,-0.01635111139543998
387,no_feedback,50,6,5,1,1,1.0,0.0,0,nan,nan,nan,0.0,-0.01635111139543998
388,no_feedback,50,4,4,0,1,1.0,0.0,0,nan,nan,nan,0.0,-0.01635111139543998
389,no_feedback,50,5,3,0,0,-1.0,0.0,1,2,0,0,0.0,-0.01635111139543998
390,no_feedback,50,1,3,0,0,-1.0,0.0,1,0,1,0,0.0,-0.01635111139543998
391,no_feedback,50,5,3,0,0,-1.0,0.0,1,0,1,0,0.0,-0.01635111139543998
392,no_feedback,50,5,3,0,0,-1.0,0.0,1,0,1,0,0.0,-0.01635111139543998
393,no_feedback,50,6,3,0,0,-1.0,0.0,1,0,1,0,0.0,-0.01635111139543998
394,no_feedback,50,8,5,1,0,-1.0,0.0,1,0,1,0,0.0,-0.01635111139543998
395,no_feedback,50,6,5,1,1,1.0,0.0,0,nan,nan,nan,0.0,-0.01635111139543998
396,no_feedback,50,8,6,1,0,-1.0,0.0,1,1,0,0,0.0,-0.01635111139543998
397,no_feedback,50,4,5,1,1,1.0,0.0,0,nan,nan,nan,0.0,-0.01635111139543998
398,no_feedback,50,6,4,0,0,-1.0,0.0,1,1,0,0,0.0,-0.01635111139543998
399,no_feedback,50,8,3,0,0,-1.0,0.0,1,0,1,0,0.0,-0.01635111139543998
400,no_feedback,50,4,3,0,1,1.0,0.0,0,nan,nan,nan,0.0,-0.01635111139543998
401,no_feedback,50,1,4,1,0,-1.0,0.0,1,1,0,0,0.0,-0.01635111139543998
402,no_feedback,50,0,3,0,0,-1.0,0.0,1,0,1,0,0.0,-0.01635111139543998
403,no_feedback,50,7,3,0,0,-1.0,0.0,1,0,1,0,0.0,-0.01635111139543998
404,no_feedback,50,2,5,1,0,-1.0,0.0,1,0,1,0,0.0,-0.01635111139543998
405,no_feedback,50,4,3,0,1,1.0,0.0,0,nan,nan,nan,0.0,-0.01635111139543998
406,no_feedback,50,3,2,0,1,1.0,0.0,0,nan,nan,nan,0.0,-0.01635111139543998
407,no_feedback,50,4,3,1,1,1.0,0.0,0,nan,nan,nan,0.0,-0.01635111139543998
408,no_feedback,50,3,4,1,1,1.0,0.0,0,nan,nan,nan,0.0,-0.01635111139543998
409,no_feedback,50,0,5,1,0,-1.0,0.0,1,4,0,1,0.0,-0.01635111139543998
410,no_feedback,50,3,5,1,0,-1.0,0.0,1,0,1,0,0.0,-0.01635111139543998
411,no_feedback,50,3,3,0,1,1.0,0.0,0,nan,nan,nan,0.0,-0.01635111139543998
412,no_feedback,50,0,2,0,0,-1.0,0.0,1,1,0,0,0.0,-0.01635111139543998
413,no_feedback,50,0,5,1,0,-1.0,0.0,1,0,1,0,0.0,-0.01635111139543998
414,no_feedback,50,6,3,0,0,-1.0,0.0,1,0,1,0,0.0,-0.01635111139543998
415,no_feedback,50,8,5,1,0,-1.0,0.0,1,0,1,0,0.0,-0.01635111139543998
416,no_feedback,50,5,3,0,0,-1.0,0.0,1,0,1,0,0.0,-0.01635111139543998
417,no_feedback,50,4,5,1,1,1.0,0.0,0,nan,nan,nan,0.0,-0.01635111139543998
418,no_feedback,50,0,4,0,0,-1.0,0.0,1,1,0,0,0.0,-0.01635111139543998
419,no_feedback,50,0,5,1,0,-1.0,0.0,1,0,1,0,0.0,-0.01635111139543998
420,no_feedback,50,8,3,0,0,-1.0,0.0,1,0,1,0,0.0,-0.01635111139543998
421,no_feedback,50,6,3,0,0,-1.0,0.0,1,0,1,0,0.0,-0.01635111139543998
422,no_feedback,50,6,3,0,0,-1.0,0.0,1,0,1,0,0.0,-0.01635111139543998
423,no_feedback,50,6,5,1,1,1.0,0.0,0,nan,nan,nan,0.0,-0.01635111139543998
424,no_feedback,50,2,6,1,0,-1.0,0.0,1,1,0,0,0.0,-0.01635111139543998
425,no_feedback,50,4,5,1,1,1.0,0.0,0,nan,nan,nan,0.0,-0.01635111139543998
426,no_feedback,50,3,4,0,1,1.0,0.0,0,nan,nan,nan,0.0,-0.01635111139543998
427,no_feedback,50,5,3,0,0,-1.0,0.0,1,2,0,0,0.0,-0.01635111139543998
428,no_feedback,50,2,5,1,0,-1.0,0.0,1,0,1,0,0.0,-0.01635111139543998
429,no_feedback,50,4,5,1,1,1.0,0.0,0,nan,nan,nan,0.0,-0.01635111139543998
430,no_feedback,50,1,4,0,0,-1.0,0.0,1,1,0,0,0.0,-0.01635111139543998
431,no_feedback,50,8,3,0,0,-1.0,0.0,1,0,1,0,0.0,-0.01635111139543998
432,no_feedback,50,6,5,1,1,1.0,0.0,0,nan,nan,nan,0.0,-0.01635111139543998
433,no_feedback,50,0,6,1,0,-1.0,0.0,1,1,0,0,0.0,-0.01635111139543998
434,no_feedback,50,4,3,0,1,1.0,0.0,0,nan,nan,nan,0.0,-0.01635111139543998
435,no_feedback,50,8,2,0,0,-1.0,0.0,1,1,0,0,0.0,-0.01635111139543998
436,no_feedback,50,1,3,0,0,-1.0,0.0,1,0,1,0,0.0,-0.01635111139543998
437,no_feedback,50,6,3,0,0,-1.0,0.0,1,0,1,0,0.0,-0.01635111139543998
438,no_feedback,50,7,3,0,0,-1.0,0.0,1,0,1,0,0.0,-0.01635111139543998
439,no_feedback,50,7,3,0,0,-1.0,0.0,1,0,1,0,0.0,-0.01635111139543998
440,no_feedback,50,0,5,1,0,-1.0,0.0,1,0,1,0,0.0,-0.01635111139543998
441,no_feedback,50,0,5,1,0,-1.0,0.0,1,0,1,0,0.0,-0.01635111139543998
442,no_feedback,50,8,3,0,0,-1.0,0.0,1,0,1,0,0.0,-0.01635111139543998
443,no_feedback,50,7,5,1,0,-1.0,0.0,1,0,1,0,0.0,-0.01635111139543998
444,no_feedback,50,2,3,0,1,1.0,0.0,0,nan,nan,nan,0.0,-0.01635111139543998
445,no_feedback,50,6,2,0,0,-1.0,0.0,1,1,0,0,0.0,-0.01635111139543998
446,no_feedback,50,8,3,0,0,-1.0,0.0,1,0,1,0,0.0,-0.01635111139543998
447,no_feedback,50,1,5,1,0,-1.0,0.0,1,0,1,0,0.0,-0.01635111139543998
448,no_feedback,50,6,3,0,0,-1.0,0.0,1,0,1,0,0.0,-0.01635111139543998
449,no_feedback,50,1,3,0,0,-1.0,0.0,1,0,1,0,0.0,-0.01635111139543998
450,no_feedback,50,1,5,1,0,-1.0,0.0,1,0,1,0,0.0,-0.01635111139543998
451,no_feedback,50,3,5,1,0,-1.0,0.0,1,0,1,0,0.0,-0.01635111139543998
452,no_feedback,50,0,3,0,0,-1.0,0.0,1,0,1,0,0.0,-0.01635111139543998
453,no_feedback,50,4,3,0,1,1.0,0.0,0,nan,nan,nan,0.0,-0.01635111139543998
454,no_feedback,50,5,2,0,0,-1.0,0.0,1,1,0,0,0.0,-0.01635111139543998
455,no_feedback,50,5,5,1,1,1.0,0.0,0,nan,nan,nan,0.0,-0.01635111139543998
456,no_feedback,50,8,4,0,0,-1.0,0.0,1,1,0,0,0.0,-0.01635111139543998
457,no_feedback,50,3,5,1,0,-1.0,0.0,1,0,1,0,0.0,-0.01635111139543998
458,no_feedback,50,5,3,0,0,-1.0,0.0,1,0,1,0,0.0,-0.01635111139543998
459,no_feedback,50,6,5,1,1,1.0,0.0,0,nan,nan,nan,0.0,-0.01635111139543998
460,no_feedback,50,7,6,1,1,1.0,0.0,0,nan,nan,nan,0.0,-0.01635111139543998
461,no_feedback,50,1,5,0,0,-1.0,0.0,1,2,0,0,0.0,-0.01635111139543998
462,no_feedback,50,2,3,0,1,1.0,0.0,0,nan,nan,nan,0.0,-0.01635111139543998
463,no_feedback,50,0,2,0,0,-1.0,0.0,1,1,0,0,0.0,-0.01635111139543998
464,no_feedback,50,5,5,1,1,1.0,0.0,0,nan,nan,nan,0.0,-0.01635111139543998
465,no_feedback,50,0,6,1,0,-1.0,0.0,1,1,0,0,0.0,-0.01635111139543998
466,no_feedback,50,8,5,1,0,-1.0,0.0,1,0,1,0,0.0,-0.01635111139543998
467,no_feedback,50,0,5,1,0,-1.0,0.0,1,0,1,0,0.0,-0.01635111139543998
468,no_feedback,50,0,5,1,0,-1.0,0.0,1,0,1,0,0.0,-0.01635111139543998
469,no_feedback,50,8,3,0,0,-1.0,0.0,1,0,1,0,0.0,-0.01635111139543998
470,no_feedback,50,7,5,1,0,-1.0,0.0,1,0,1,0,0.0,-0.01635111139543998
471,no_feedback,50,7,5,1,0,-1.0,0.0,1,0,1,0,0.0,-0.01635111139543998
472,no_feedback,50,3,3,0,1,1.0,0.0,0,nan,nan,nan,0.0,-0.01635111139543998
473,no_feedback,50,8,2,0,0,-1.0,0.0,1,1,0,0,0.0,-0.01635111139543998
474,no_feedback,50,7,5,1,0,-1.0,0.0,1,0,1,0,0.0,-0.01635111139543998
475,no_feedback,50,7,5,1,0,-1.0,0.0,1,0,1,0,0.0,-0.01635111139543998
476,no_feedback,50,8,3,0,0,-1.0,0.0,1,0,1,0,0.0,-0.01635111139543998
477,no_feedback,50,0,3,0,0,-1.0,0.0,1,0,1,0,0.0,-0.01635111139543998
478,no_feedback,50,7,5,1,0,-1.0,0.0,1,0,1,0,0.0,-0.01635111139543998
479,no_feedback,50,1,3,0,0,-1.0,0.0,1,0,1,0,0.0,-0.01635111139543998
480,no_feedback,50,2,5,1,0,-1.0,0.0,1,0,1,0,0.0,-0.01635111139543998
481,no_feedback,50,5,5,1,1,1.0,0.0,0,nan,nan,nan,0.0,-0.01635111139543998
482,no_feedback,50,3,6,1,0,-1.0,0.0,1,1,0,0,0.0,-0.01635111139543998
483,no_feedback,50,3,5,1,0,-1.0,0.0,1,0,1,0,0.0,-0.01635111139543998
484,no_feedback,50,1,5,1,0,-1.0,0.0,1,0,1,0,0.0,-0.01635111139543998
485,no_feedback,50,5,3,0,0,-1.0,0.0,1,0,1,0,0.0,-0.01635111139543998
486,no_feedback,50,7,3,0,0,-1.0,0.0,1,0,1,0,0.0,-0.01635111139543998
487,no_feedback,50,0,3,0,0,-1.0,0.0,1,0,1,0,0.0,-0.01635111139543998
488,no_feedback,50,1,5,1,0,-1.0,0.0,1,0,1,0,0.0,-0.01635111139543998
489,no_feedback,50,7,3,0,0,-1.0,0.0,1,0,1,0,0.0,-0.01635111139543998
490,no_feedback,50,3,3,0,1,1.0,0.0,0,nan,nan,nan,0.0,-0.01635111139543998
491,no_feedback,50,2,2,0,1,1.0,0.0,0,nan,nan,nan,0.0,-0.01635111139543998
492,no_feedback,50,1,3,1,0,-1.0,0.0,1,2,0,0,0.0,-0.01635111139543998
493,no_feedback,50,7,5,1,0,-1.0,0.0,1,0,1,0,0.0,-0.01635111139543998
494,no_feedback,50,6,5,1,1,1.0,0.0,0,nan,nan,nan,0.0,-0.01635111139543998
495,no_feedback,50,4,4,0,1,1.0,0.0,0,nan,nan,nan,0.0,-0.01635111139543998
496,no_feedback,50,3,5,1,0,-1.0,0.0,1,2,0,0,0.0,-0.01635111139543998
497,no_feedback,50,5,3,0,0,-1.0,0.0,1,0,1,0,0.0,-0.01635111139543998
498,no_feedback,50,1,3,0,0,-1.0,0.0,1,0,1,0,0.0,-0.01635111139543998
499,no_feedback,50,4,3,0,1,1.0,0.0,0,nan,nan,nan,0.0,-0.01635111139543998
500,no_feedback,50,5,4,1,1,1.0,0.0,0,nan,nan,nan,0.0,-0.01635111139543998
501,no_feedback,50,6,5,1,1,1.0,0.0,0,nan,nan,nan,0.0,-0.01635111139543998
502,no_feedback,50,0,6,1,0,-1.0,0.0,1,3,0,1,0.0,-0.01635111139543998
503,no_feedback,50,6,5,1,1,1.0,0.0,0,nan,nan,nan,0.0,-0.01635111139543998
504,no_feedback,50,6,4,0,0,-1.0,0.0,1,1,0,0,0.0,-0.01635111139543998
505,no_feedback,50,6,3,0,0,-1.0,0.0,1,0,1,0,0.0,-0.01635111139543998
506,no_feedback,50,0,3,0,0,-1.0,0.0,1,0,1,0,0.0,-0.01635111139543998
507,no_feedback,50,7,5,1,0,-1.0,0.0,1,0,1,0,0.0,-0.01635111139543998
508,no_feedback,50,7,5,1,0,-1.0,0.0,1,0,1,0,0.0,-0.01635111139543998
509,no_feedback,50,1,5,1,0,-1.0,0.0,1,0,1,0,0.0,-0.01635111139543998
510,no_feedback,50,6,5,1,1,1.0,0.0,0,nan,nan,nan,0.0,-0.01635111139543998
511,no_feedback,50,1,4,0,0,-1.0,0.0,1,1,0,0,0.0,-0.01635111139543998
512,no_feedback,50,0,5,1,0,-1.0,0.0,1,0,1,0,0.0,-0.01635111139543998
513,no_feedback,50,3,3,0,1,1.0,0.0,0,nan,nan,nan,0.0,-0.01635111139543998
514,no_feedback,50,7,4,1,0,-1.0,0.0,1,1,0,0,0.0,-0.01635111139543998
515,no_feedback,50,4,5,1,1,1.0,0.0,0,nan,nan,nan,0.0,-0.01635111139543998
516,no_feedback,50,1,6,1,0,-1.0,0.0,1,1,0,0,0.0,-0.01635111139543998
517,no_feedback,50,8,5,1,0,-1.0,0.0,1,0,1,0,0.0,-0.01635111139543998
518,no_feedback,50,5,3,0,0,-1.0,0.0,1,0,1,0,0.0,-0.01635111139543998
519,no_feedback,50,1,5,1,0,-1.0,0.0,1,0,1,0,0.0,-0.01635111139543998
520,no_feedback,50,8,3,0,0,-1.0,0.0,1,0,1,0,0.0,-0.01635111139543998
521,no_feedback,50,1,3,0,0,-1.0,0.0,1,0,1,0,0.0,-0.01635111139543998
522,no_feedback,50,0,5,1,0,-1.0,0.0,1,0,1,0,0.0,-0.01635111139543998
523,no_feedback,50,6,5,1,1,1.0,0.0,0,nan,nan,nan,0.0,-0.01635111139543998
524,no_feedback,50,2,6,1,0,-1.0,0.0,1,1,0,0,0.0,-0.01635111139543998
525,no_feedback,50,5,3,0,0,-1.0,0.0,1,0,1,0,0.0,-0.01635111139543998
526,no_feedback,50,4,5,1,1,1.0,0.0,0,nan,nan,nan,0.0,-0.01635111139543998
527,no_feedback,50,5,6,1,1,1.0,0.0,0,nan,nan,nan,0.0,-0.01635111139543998
528,no_feedback,50,0,7,1,0,-1.0,0.0,1,2,0,0,0.0,-0.01635111139543998
529,no_feedback,50,0,3,0,0,-1.0,0.0,1,0,1,0,0.0,-0.01635111139543998
530,no_feedback,50,3,5,1,0,-1.0,0.0,1,0,1,0,0.0,-0.01635111139543998
531,no_feedback,50,7,3,0,0,-1.0,0.0,1,0,1,0,0.0,-0.01635111139543998
532,no_feedback,50,1,5,1,0,-1.0,0.0,1,0,1,0,0.0,-0.01635111139543998
533,no_feedback,50,7,5,1,0,-1.0,0.0,1,0,1,0,0.0,-0.01635111139543998
534,no_feedback,50,3,5,1,0,-1.0,0.0,1,0,1,0,0.0,-0.01635111139543998
535,no_feedback,50,4,5,1,1,1.0,0.0,0,nan,nan,nan,0.0,-0.01635111139543998
536,no_feedback,50,5,4,0,1,1.0,0.0,0,nan,nan,nan,0.0,-0.01635111139543998
537,no_feedback,50,7,5,1,0,-1.0,0.0,1,2,0,0,0.0,-0.01635111139543998
538,no_feedback,50,8,5,1,0,-1.0,0.0,1,0,1,0,0.0,-0.01635111139543998
539,no_feedback,50,6,5,1,1,1.0,0.0,0,nan,nan,nan,0.0,-0.01635111139543998
540,no_feedback,50,1,6,1,0,-1.0,0.0,1,1,0,0,0.0,-0.01635111139543998
541,no_feedback,50,2,5,1,0,-1.0,0.0,1,0,1,0,0.0,-0.01635111139543998
542,no_feedback,50,7,5,1,0,-1.0,0.0,1,0,1,0,0.0,-0.01635111139543998
543,no_feedback,50,7,3,0,0,-1.0,0.0,1,0,1,0,0.0,-0.01635111139543998
544,no_feedback,50,6,5,1,1,1.0,0.0,0,nan,nan,nan,0.0,-0.01635111139543998
545,no_feedback,50,1,6,1,0,-1.0,0.0,1,1,0,0,0.0,-0.01635111139543998
546,no_feedback,50,4,3,0,1,1.0,0.0,0,nan,nan,nan,0.0,-0.01635111139543998
547,no_feedback,50,8,2,0,0,-1.0,0.0,1,1,0,0,0.0,-0.01635111139543998
548,no_feedback,50,1,5,1,0,-1.0,0.0,1,0,1,0,0.0,-0.01635111139543998
549,no_feedback,50,1,3,0,0,-1.0,0.0,1,0,1,0,0.0,-0.01635111139543998
550,no_feedback,50,1,5,1,0,-1.0,0.0,1,0,1,0,0.0,-0.01635111139543998
551,no_feedback,50,0,3,0,0,-1.0,0.0,1,0,1,0,0.0,-0.01635111139543998
552,no_feedback,50,8,5,1,0,-1.0,0.0,1,0,1,0,0.0,-0.01635111139543998
553,no_feedback,50,4,5,1,1,1.0,0.0,0,nan,nan,nan,0.0,-0.01635111139543998
554,no_feedback,50,5,4,0,1,1.0,0.0,0,nan,nan,nan,0.0,-0.01635111139543998
555,no_feedback,50,0,5,1,0,-1.0,0.0,1,2,0,0,0.0,-0.01635111139543998
556,no_feedback,50,3,5,1,0,-1.0,0.0,1,0,1,0,0.0,-0.01635111139543998
557,no_feedback,50,8,5,1,0,-1.0,0.0,1,0,1,0,0.0,-0.01635111139543998
558,no_feedback,50,5,3,0,0,-1.0,0.0,1,0,1,0,0.0,-0.01635111139543998
559,no_feedback,50,3,3,0,1,1.0,0.0,0,nan,nan,nan,0.0,-0.01635111139543998
560,no_feedback,50,8,2,0,0,-1.0,0.0,1,1,0,0,0.0,-0.01635111139543998
561,no_feedback,50,1,3,0,0,-1.0,0.0,1,0,1,0,0.0,-0.01635111139543998
562,no_feedback,50,5,5,1,1,1.0,0.0,0,nan,nan,nan,0.0,-0.01635111139543998
563,no_feedback,50,4,4,0,1,1.0,0.0,0,nan,nan,nan,0.0,-0.01635111139543998
564,no_feedback,50,5,3,0,0,-1.0,0.0,1,2,0,0,0.0,-0.01635111139543998
565,no_feedback,50,3,5,1,0,-1.0,0.0,1,0,1,0,0.0,-0.01635111139543998
566,no_feedback,50,3,3,0,1,1.0,0.0,0,nan,nan,nan,0.0,-0.01635111139543998
567,no_feedback,50,1,4,1,0,-1.0,0.0,1,1,0,0,0.0,-0.01635111139543998
568,no_feedback,50,1,5,1,0,-1.0,0.0,1,0,1,0,0.0,-0.01635111139543998
569,no_feedback,50,1,5,1,0,-1.0,0.0,1,0,1,0,0.0,-0.01635111139543998
570,no_feedback,50,8,3,0,0,-1.0,0.0,1,0,1,0,0.0,-0.01635111139543998
571,no_feedback,50,3,3,0,1,1.0,0.0,0,nan,nan,nan,0.0,-0.01635111139543998
572,no_feedback,50,5,4,1,1,1.0,0.0,0,nan,nan,nan,0.0,-0.01635111139543998
573,no_feedback,50,0,5,1,0,-1.0,0.0,1,2,0,0,0.0,-0.01635111139543998
574,no_feedback,50,3,5,1,0,-1.0,0.0,1,0,1,0,0.0,-0.01635111139543998
575,no_feedback,50,0,5,1,0,-1.0,0.0,1,0,1,0,0.0,-0.01635111139543998
576,no_feedback,50,8,5,1,0,-1.0,0.0,1,0,1,0,0.0,-0.01635111139543998
577,no_feedback,50,2,3,0,1,1.0,0.0,0,nan,nan,nan,0.0,-0.01635111139543998
578,no_feedback,50,7,2,0,0,-1.0,0.0,1,1,0,0,0.0,-0.01635111139543998
579,no_feedback,50,3,3,0,1,1.0,0.0,0,nan,nan,nan,0.0,-0.01635111139543998
580,no_feedback,50,6,4,1,0,-1.0,0.0,1,1,0,0,0.0,-0.01635111139543998
581,no_feedback,50,4,3,0,1,1.0,0.0,0,nan,nan,nan,0.0,-0.01635111139543998
582,no_feedback,50,0,4,1,0,-1.0,0.0,1,1,0,0,0.0,-0.01635111139543998
583,no_feedback,50,5,3,0,0,-1.0,0.0,1,0,1,0,0.0,-0.01635111139543998
584,no_feedback,50,4,3,0,1,1.0,0.0,0,nan,nan,nan,0.0,-0.01635111139543998
585,no_feedback,50,4,4,1,1,1.0,0.0,0,nan,nan,nan,0.0,-0.01635111139543998
586,no_feedback,50,1,5,1,0,-1.0,0.0,1,2,0,0,0.0,-0.01635111139543998
587,no_feedback,50,2,3,0,1,1.0,0.0,0,nan,nan,nan,0.0,-0.01635111139543998
588,no_feedback,50,4,2,0,0,-1.0,0.0,1,1,0,0,0.0,-0.01635111139543998
589,no_feedback,50,1,3,0,0,-1.0,0.0,1,0,1,0,0.0,-0.01635111139543998
590,no_feedback,50,8,3,0,0,-1.0,0.0,1,0,1,0,0.0,-0.01635111139543998
591,no_feedback,50,8,3,0,0,-1.0,0.0,1,0,1,0,0.0,-0.01635111139543998
592,no_feedback,50,4,5,1,1,1.0,0.0,0,nan,nan,nan,0.0,-0.01635111139543998
593,no_feedback,50,0,6,1,0,-1.0,0.0,1,1,0,0,0.0,-0.01635111139543998
594,no_feedback,50,6,3,0,0,-1.0,0.0,1,0,1,0,0.0,-0.01635111139543998
595,no_feedback,50,6,5,1,1,1.0,0.0,0,nan,nan,nan,0.0,-0.01635111139543998
596,no_feedback,50,5,6,1,1,1.0,0.0,0,nan,nan,nan,0.0,-0.01635111139543998
597,no_feedback,50,7,5,0,0,-1.0,0.0,1,2,0,0,0.0,-0.01635111139543998
598,no_feedback,50,6,5,1,1,1.0,0.0,0,nan,nan,nan,0.0,-0.01635111139543998
599,no_feedback,50,3,6,1,0,-1.0,0.0,1,1,0,0,0.0,-0.01635111139543998
600,no_feedback,50,0,3,0,0,-1.0,0.0,1,0,1,0,0.0,-0.01635111139543998
601,no_feedback,50,6,5,1,1,1.0,0.0,0,nan,nan,nan,0.0,-0.01635111139543998
602,no_feedback,50,1,4,0,0,-1.0,0.0,1,1,0,0,0.0,-0.01635111139543998
603,no_feedback,50,7,3,0,0,-1.0,0.0,1,0,1,0,0.0,-0.01635111139543998
604,no_feedback,50,0,3,0,0,-1.0,0.0,1,0,1,0,0.0,-0.01635111139543998
605,no_feedback,50,0,3,0,0,-1.0,0.0,1,0,1,0,0.0,-0.01635111139543998
606,no_feedback,50,6,5,1,1,1.0,0.0,0,nan,nan,nan,0.0,-0.01635111139543998
607,no_feedback,50,4,4,0,1,1.0,0.0,0,nan,nan,nan,0.0,-0.01635111139543998
608,no_feedback,50,2,3,0,1,1.0,0.0,0,nan,nan,nan,0.0,-0.01635111139543998
609,no_feedback,50,4,2,0,0,-1.0,0.0,1,3,0,1,0.0,-0.01635111139543998
610,no_feedback,50,5,5,1,1,1.0,0.0,0,nan,nan,nan,0.0,-0.01635111139543998
611,no_feedback,50,5,4,0,1,1.0,0.0,0,nan,nan,nan,0.0,-0.01635111139543998
612,no_feedback,50,5,3,0,0,-1.0,0.0,1,2,0,0,0.0,-0.01635111139543998
613,no_feedback,50,0,3,0,0,-1.0,0.0,1,0,1,0,0.0,-0.01635111139543998
614,no_feedback,50,1,5,1,0,-1.0,0.0,1,0,1,0,0.0,-0.01635111139543998
615,no_feedback,50,1,3,0,0,-1.0,0.0,1,0,1,0,0.0,-0.01635111139543998
616,no_feedback,50,8,5,1,0,-1.0,0.0,1,0,1,0,0.0,-0.01635111139543998
617,no_feedback,50,8,5,1,0,-1.0,0.0,1,0,1,0,0.0,-0.01635111139543998
618,no_feedback,50,0,3,0,0,-1.0,0.0,1,0,1,0,0.0,-0.01635111139543998
619,no_feedback,50,4,3,0,1,1.0,0.0,0,nan,nan,nan,0.0,-0.01635111139543998
620,no_feedback,50,1,2,0,1,1.0,0.0,0,nan,nan,nan,0.0,-0.01635111139543998
621,no_feedback,50,2,3,1,1,1.0,0.0,0,nan,nan,nan,0.0,-0.01635111139543998
622,no_feedback,50,6,4,1,0,-1.0,0.0,1,3,0,1,0.0,-0.01635111139543998
623,no_feedback,50,2,5,1,0,-1.0,0.0,1,0,1,0,0.0,-0.01635111139543998
624,no_feedback,50,4,3,0,1,1.0,0.0,0,nan,nan,nan,0.0,-0.01635111139543998
625,no_feedback,50,5,4,1,1,1.0,0.0,0,nan,nan,nan,0.0,-0.01635111139543998
626,no_feedback,50,8,3,0,0,-1.0,0.0,1,2,0,0,0.0,-0.01635111139543998
627,no_feedback,50,3,3,0,1,1.0,0.0,0,nan,nan,nan,0.0,-0.01635111139543998
628,no_feedback,50,3,4,1,1,1.0,0.0,0,nan,nan,nan,0.0,-0.01635111139543998
629,no_feedback,50,1,3,0,0,-1.0,0.0,1,2,0,0,0.0,-0.01635111139543998
630,no_feedback,50,0,5,1,0,-1.0,0.0,1,0,1,0,0.0,-0.01635111139543998
631,no_feedback,50,4,3,0,1,1.0,0.0,0,nan,nan,nan,0.0,-0.01635111139543998
632,no_feedback,50,3,2,0,1,1.0,0.0,0,nan,nan,nan,0.0,-0.01635111139543998
633,no_feedback,50,3,3,1,1,1.0,0.0,0,nan,nan,nan,0.0,-0.01635111139543998
634,no_feedback,50,2,4,1,0,-1.0,0.0,1,3,0,1,0.0,-0.01635111139543998
635,no_feedback,50,4,5,1,1,1.0,0.0,0,nan,nan,nan,0.0,-0.01635111139543998
636,no_feedback,50,7,6,1,1,1.0,0.0,0,nan,nan,nan,0.0,-0.01635111139543998
637,no_feedback,50,1,7,1,0,-1.0,0.0,1,2,0,0,0.0,-0.01635111139543998
638,no_feedback,50,1,3,0,0,-1.0,0.0,1,0,1,0,0.0,-0.01635111139543998
639,no_feedback,50,5,5,1,1,1.0,0.0,0,nan,nan,nan,0.0,-0.01635111139543998
640,no_feedback,50,5,6,1,1,1.0,0.0,0,nan,nan,nan,0.0,-0.01635111139543998
641,no_feedback,50,1,7,1,0,-1.0,0.0,1,2,0,0,0.0,-0.01635111139543998
642,no_feedback,50,0,5,1,0,-1.0,0.0,1,0,1,0,0.0,-0.01635111139543998
643,no_feedback,50,0,3,0,0,-1.0,0.0,1,0,1,0,0.0,-0.01635111139543998
644,no_feedback,50,6,5,1,1,1.0,0.0,0,nan,nan,nan,0.0,-0.01635111139543998
645,no_feedback,50,4,6,1,0,-1.0,0.0,1,1,0,0,0.0,-0.01635111139543998
646,no_feedback,50,6,5,1,1,1.0,0.0,0,nan,nan,nan,0.0,-0.01635111139543998
647,no_feedback,50,3,4,0,1,1.0,0.0,0,nan,nan,nan,0.0,-0.01635111139543998
648,no_feedback,50,8,3,0,0,-1.0,0.0,1,2,0,0,0.0,-0.01635111139543998
649,no_feedback,50,5,5,1,1,1.0,0.0,0,nan,nan,nan,0.0,-0.01635111139543998
650,no_feedback,50,7,6,1,1,1.0,0.0,0,nan,nan,nan,0.0,-0.01635111139543998
651,no_feedback,50,3,5,0,0,-1.0,0.0,1,2,0,0,0.0,-0.01635111139543998
652,no_feedback,50,8,3,0,0,-1.0,0.0,1,0,1,0,0.0,-0.01635111139543998
653,no_feedback,50,4,5,1,1,1.0,0.0,0,nan,nan,nan,0.0,-0.01635111139543998
654,no_feedback,50,2,6,1,0,-1.0,0.0,1,1,0,0,0.0,-0.01635111139543998
655,no_feedback,50,7,3,0,0,-1.0,0.0,1,0,1,0,0.0,-0.01635111139543998
656,no_feedback,50,1,5,1,0,-1.0,0.0,1,0,1,0,0.0,-0.01635111139543998
657,no_feedback,50,1,5,1,0,-1.0,0.0,1,0,1,0,0.0,-0.01635111139543998
658,no_feedback,50,0,5,1,0,-1.0,0.0,1,0,1,0,0.0,-0.01635111139543998
659,no_feedback,50,4,5,1,1,1.0,0.0,0,nan,nan,nan,0.0,-0.01635111139543998
660,no_feedback,50,7,4,0,0,-1.0,0.0,1,1,0,0,0.0,-0.01635111139543998
661,no_feedback,50,7,3,0,0,-1.0,0.0,1,0,1,0,0.0,-0.01635111139543998
662,no_feedback,50,8,3,0,0,-1.0,0.0,1,0,1,0,0.0,-0.01635111139543998
663,no_feedback,50,4,3,0,1,1.0,0.0,0,nan,nan,nan,0.0,-0.01635111139543998
664,no_feedback,50,2,4,1,0,-1.0,0.0,1,1,0,0,0.0,-0.01635111139543998
665,no_feedback,50,0,3,0,0,-1.0,0.0,1,0,1,0,0.0,-0.01635111139543998
666,no_feedback,50,4,5,1,1,1.0,0.0,0,nan,nan,nan,0.0,-0.01635111139543998
667,no_feedback,50,2,4,0,0,-1.0,0.0,1,1,0,0,0.0,-0.01635111139543998
668,no_feedback,50,8,3,0,0,-1.0,0.0,1,0,1,0,0.0,-0.01635111139543998
669,no_feedback,50,2,3,0,1,1.0,0.0,0,nan,nan,nan,0.0,-0.01635111139543998
670,no_feedback,50,6,2,0,0,-1.0,0.0,1,1,0,0,0.0,-0.01635111139543998
671,no_feedback,50,6,3,0,0,-1.0,0.0,1,0,1,0,0.0,-0.01635111139543998
672,no_feedback,50,3,5,1,0,-1.0,0.0,1,0,1,0,0.0,-0.01635111139543998
673,no_feedback,50,3,5,1,0,-1.0,0.0,1,0,1,0,0.0,-0.01635111139543998
674,no_feedback,50,1,5,1,0,-1.0,0.0,1,0,1,0,0.0,-0.01635111139543998
675,no_feedback,50,8,3,0,0,-1.0,0.0,1,0,1,0,0.0,-0.01635111139543998
676,no_feedback,50,0,3,0,0,-1.0,0.0,1,0,1,0,0.0,-0.01635111139543998
677,no_feedback,50,4,5,1,1,1.0,0.0,0,nan,nan,nan,0.0,-0.01635111139543998
678,no_feedback,50,6,4,0,0,-1.0,0.0,1,1,0,0,0.0,-0.01635111139543998
679,no_feedback,50,2,5,1,0,-1.0,0.0,1,0,1,0,0.0,-0.01635111139543998
680,no_feedback,50,3,3,0,1,1.0,0.0,0,nan,nan,nan,0.0,-0.01635111139543998
681,no_feedback,50,2,4,1,0,-1.0,0.0,1,1,0,0,0.0,-0.01635111139543998
682,no_feedback,50,0,3,0,0,-1.0,0.0,1,0,1,0,0.0,-0.01635111139543998
683,no_feedback,50,2,3,0,1,1.0,0.0,0,nan,nan,nan,0.0,-0.01635111139543998
684,no_feedback,50,7,2,0,0,-1.0,0.0,1,1,0,0,0.0,-0.01635111139543998
685,no_feedback,50,5,3,0,0,-1.0,0.0,1,0,1,0,0.0,-0.01635111139543998
686,no_feedback,50,5,5,1,1,1.0,0.0,0,nan,nan,nan,0.0,-0.01635111139543998
687,no_feedback,50,0,4,0,0,-1.0,0.0,1,1,0,0,0.0,-0.01635111139543998
688,no_feedback,50,5,3,0,0,-1.0,0.0,1,0,1,0,0.0,-0.01635111139543998
689,no_feedback,50,2,5,1,0,-1.0,0.0,1,0,1,0,0.0,-0.01635111139543998
690,no_feedback,50,7,5,1,0,-1.0,0.0,1,0,1,0,0.0,-0.01635111139543998
691,no_feedback,50,8,3,0,0,-1.0,0.0,1,0,1,0,0.0,-0.01635111139543998
692,no_feedback,50,6,5,1,1,1.0,0.0,0,nan,nan,nan,0.0,-0.01635111139543998
693,no_feedback,50,0,4,0,0,-1.0,0.0,1,1,0,0,0.0,-0.01635111139543998
694,no_feedback,50,6,5,1,1,1.0,0.0,0,nan,nan,nan,0.0,-0.01635111139543998
695,no_feedback,50,1,6,1,0,-1.0,0.0,1,1,0,0,0.0,-0.01635111139543998
696,no_feedback,50,2,3,0,1,1.0,0.0,0,nan,nan,nan,0.0,-0.01635111139543998
697,no_feedback,50,6,4,1,0,-1.0,0.0,1,1,0,0,0.0,-0.01635111139543998
698,no_feedback,50,4,5,1,1,1.0,0.0,0,nan,nan,nan,0.0,-0.01635111139543998
699,no_feedback,50,3,4,0,1,1.0,0.0,0,nan,nan,nan,0.0,-0.01635111139543998
700,no_feedback,50,4,5,1,1,1.0,0.0,0,nan,nan,nan,0.0,-0.01635111139543998
701,no_feedback,50,1,6,1,0,-1.0,0.0,1,3,0,1,0.0,-0.01635111139543998
702,no_feedback,50,2,3,0,1,1.0,0.0,0,nan,nan,nan,0.0,-0.01635111139543998
703,no_feedback,50,2,2,0,1,1.0,0.0,0,nan,nan,nan,0.0,-0.01635111139543998
704,no_feedback,50,7,3,1,0,-1.0,0.0,1,2,0,0,0.0,-0.01635111139543998
705,no_feedback,50,0,3,0,0,-1.0,0.0,1,0,1,0,0.0,-0.01635111139543998
706,no_feedback,50,2,3,0,1,1.0,0.0,0,nan,nan,nan,0.0,-0.01635111139543998
707,no_feedback,50,3,4,1,1,1.0,0.0,0,nan,nan,nan,0.0,-0.01635111139543998
708,no_feedback,50,5,5,1,1,1.0,0.0,0,nan,nan,nan,0.0,-0.01635111139543998
709,no_feedback,50,7,6,1,1,1.0,0.0,0,nan,nan,nan,0.0,-0.01635111139543998
710,no_feedback,50,3,5,0,0,-1.0,0.0,1,4,0,1,0.0,-0.01635111139543998
711,no_feedback,50,6,5,1,1,1.0,0.0,0,nan,nan,nan,0.0,-0.01635111139543998
712,no_feedback,50,3,4,0,1,1.0,0.0,0,nan,nan,nan,0.0,-0.01635111139543998
713,no_feedback,50,3,5,1,0,-1.0,0.0,1,2,0,0,0.0,-0.01635111139543998
714,no_feedback,50,4,5,1,1,1.0,0.0,0,nan,nan,nan,0.0,-0.01635111139543998
715,no_feedback,50,8,4,0,0,-1.0,0.0,1,1,0,0,0.0,-0.01635111139543998
716,no_feedback,50,5,3,0,0,-1.0,0.0,1,0,1,0,0.0,-0.01635111139543998
717,no_feedback,50,4,3,0,1,1.0,0.0,0,nan,nan,nan,0.0,-0.01635111139543998
718,no_feedback,50,0,2,0,0,-1.0,0.0,1,1,0,0,0.0,-0.01635111139543998
719,no_feedback,50,2,3,0,1,1.0,0.0,0,nan,nan,nan,0.0,-0.01635111139543998
720,no_feedback,50,3,2,0,1,1.0,0.0,0,nan,nan,nan,0.0,-0.01635111139543998
721,no_feedback,50,6,3,1,0,-1.0,0.0,1,2,0,0,0.0,-0.01635111139543998
722,no_feedback,50,3,5,1,0,-1.0,0.0,1,0,1,0,0.0,-0.01635111139543998
723,no_feedback,50,4,5,1,1,1.0,0.0,0,nan,nan,nan,0.0,-0.01635111139543998
724,no_feedback,50,8,6,1,0,-1.0,0.0,1,1,0,0,0.0,-0.01635111139543998
725,no_feedback,50,6,5,1,1,1.0,0.0,0,nan,nan,nan,0.0,-0.01635111139543998
726,no_feedback,50,3,6,1,0,-1.0,0.0,1,1,0,0,0.0,-0.01635111139543998
727,no_feedback,50,5,3,0,0,-1.0,0.0,1,0,1,0,0.0,-0.01635111139543998
728,no_feedback,50,5,3,0,0,-1.0,0.0,1,0,1,0,0.0,-0.01635111139543998
729,no_feedback,50,7,5,1,0,-1.0,0.0,1,0,1,0,0.0,-0.01635111139543998
730,no_feedback,50,3,3,0,1,1.0,0.0,0,nan,nan,nan,0.0,-0.01635111139543998
731,no_feedback,50,1,4,1,0,-1.0,0.0,1,1,0,0,0.0,-0.01635111139543998
732,no_feedback,50,6,5,1,1,1.0,0.0,0,nan,nan,nan,0.0,-0.01635111139543998
733,no_feedback,50,4,4,0,1,1.0,0.0,0,nan,nan,nan,0.0,-0.01635111139543998
734,no_feedback,50,4,5,1,1,1.0,0.0,0,nan,nan,nan,0.0,-0.01635111139543998
735,no_feedback,50,4,6,1,0,-1.0,0.0,1,3,0,1,0.0,-0.01635111139543998
736,no_feedback,50,2,3,0,1,1.0,0.0,0,nan,nan,nan,0.0,-0.01635111139543998
737,no_feedback,50,4,2,0,0,-1.0,0.0,1,1,0,0,0.0,-0.01635111139543998
738,no_feedback,50,8,3,0,0,-1.0,0.0,1,0,1,0,0.0,-0.01635111139543998
739,no_feedback,50,0,5,1,0,-1.0,0.0,1,0,1,0,0.0,-0.01635111139543998
740,no_feedback,50,2,5,1,0,-1.0,0.0,1,0,1,0,0.0,-0.01635111139543998
741,no_feedback,50,4,5,1,1,1.0,0.0,0,nan,nan,nan,0.0,-0.01635111139543998
742,no_feedback,50,4,4,0,1,1.0,0.0,0,nan,nan,nan,0.0,-0.01635111139543998
743,no_feedback,50,1,5,1,0,-1.0,0.0,1,2,0,0,0.0,-0.01635111139543998
744,no_feedback,50,5,5,1,1,1.0,0.0,0,nan,nan,nan,0.0,-0.01635111139543998
745,no_feedback,50,2,6,1,0,-1.0,0.0,1,1,0,0,0.0,-0.01635111139543998
746,no_feedback,50,5,5,1,1,1.0,0.0,0,nan,nan,nan,0.0,-0.01635111139543998
747,no_feedback,50,0,4,0,0,-1.0,0.0,1,1,0,0,0.0,-0.01635111139543998
748,no_feedback,50,6,5,1,1,1.0,0.0,0,nan,nan,nan,0.0,-0.01635111139543998
749,no_feedback,50,4,6,1,0,-1.0,0.0,1,1,0,0,0.0,-0.01635111139543998
750,no_feedback,50,4,5,1,1,1.0,0.0,0,nan,nan,nan,0.0,-0.01635111139543998
751,no_feedback,50,2,6,1,0,-1.0,0.0,1,1,0,0,0.0,-0.01635111139543998
752,no_feedback,50,7,3,0,0,-1.0,0.0,1,0,1,0,0.0,-0.01635111139543998
753,no_feedback,50,5,3,0,0,-1.0,0.0,1,0,1,0,0.0,-0.01635111139543998
754,no_feedback,50,6,5,1,1,1.0,0.0,0,nan,nan,nan,0.0,-0.01635111139543998
755,no_feedback,50,2,4,0,0,-1.0,0.0,1,1,0,0,0.0,-0.01635111139543998
756,no_feedback,50,1,5,1,0,-1.0,0.0,1,0,1,0,0.0,-0.01635111139543998
757,no_feedback,50,8,5,1,0,-1.0,0.0,1,0,1,0,0.0,-0.01635111139543998
758,no_feedback,50,4,5,1,1,1.0,0.0,0,nan,nan,nan,0.0,-0.01635111139543998
759,no_feedback,50,4,4,0,1,1.0,0.0,0,nan,nan,nan,0.0,-0.01635111139543998
760,no_feedback,50,1,5,1,0,-1.0,0.0,1,2,0,0,0.0,-0.01635111139543998
761,no_feedback,50,2,3,0,1,1.0,0.0,0,nan,nan,nan,0.0,-0.01635111139543998
762,no_feedback,50,2,4,1,0,-1.0,0.0,1,1,0,0,0.0,-0.01635111139543998
763,no_feedback,50,1,3,0,0,-1.0,0.0,1,0,1,0,0.0,-0.01635111139543998
764,no_feedback,50,5,5,1,1,1.0,0.0,0,nan,nan,nan,0.0,-0.01635111139543998
765,no_feedback,50,8,6,1,0,-1.0,0.0,1,1,0,0,0.0,-0.01635111139543998
766,no_feedback,50,0,5,1,0,-1.0,0.0,1,0,1,0,0.0,-0.01635111139543998
767,no_feedback,50,3,5,1,0,-1.0,0.0,1,0,1,0,0.0,-0.01635111139543998
768,no_feedback,50,6,3,0,0,-1.0,0.0,1,0,1,0,0.0,-0.01635111139543998
769,no_feedback,50,4,5,1,1,1.0,0.0,0,nan,nan,nan,0.0,-0.01635111139543998
770,no_feedback,50,6,4,0,0,-1.0,0.0,1,1,0,0,0.0,-0.01635111139543998
771,no_feedback,50,5,3,0,0,-1.0,0.0,1,0,1,0,0.0,-0.01635111139543998
772,no_feedback,50,1,3,0,0,-1.0,0.0,1,0,1,0,0.0,-0.01635111139543998
773,no_feedback,50,7,5,1,0,-1.0,0.0,1,0,1,0,0.0,-0.01635111139543998
774,no_feedback,50,3,5,1,0,-1.0,0.0,1,0,1,0,0.0,-0.01635111139543998
775,no_feedback,50,4,5,1,1,1.0,0.0,0,nan,nan,nan,0.0,-0.01635111139543998
776,no_feedback,50,6,6,1,1,1.0,0.0,0,nan,nan,nan,0.0,-0.01635111139543998
777,no_feedback,50,7,5,0,0,-1.0,0.0,1,2,0,0,0.0,-0.01635111139543998
778,no_feedback,50,5,3,0,0,-1.0,0.0,1,0,1,0,0.0,-0.01635111139543998
779,no_feedback,50,4,5,1,1,1.0,0.0,0,nan,nan,nan,0.0,-0.01635111139543998
780,no_feedback,50,6,6,1,1,1.0,0.0,0,nan,nan,nan,0.0,-0.01635111139543998
781,no_feedback,50,1,5,0,0,-1.0,0.0,1,2,0,0,0.0,-0.01635111139543998
782,no_feedback,50,6,3,0,0,-1.0,0.0,1,0,1,0,0.0,-0.01635111139543998
783,no_feedback,50,5,5,1,1,1.0,0.0,0,nan,nan,nan,0.0,-0.01635111139543998
784,no_feedback,50,8,4,0,0,-1.0,0.0,1,1,0,0,0.0,-0.01635111139543998
785,no_feedback,50,3,3,0,1,1.0,0.0,0,nan,nan,nan,0.0,-0.01635111139543998
786,no_feedback,50,1,4,1,0,-1.0,0.0,1,1,0,0,0.0,-0.01635111139543998
787,no_feedback,50,6,5,1,1,1.0,0.0,0,nan,nan,nan,0.0,-0.01635111139543998
788,no_feedback,50,6,6,1,1,1.0,0.0,0,nan,nan,nan,0.0,-0.01635111139543998
789,no_feedback,50,2,7,1,0,-1.0,0.0,1,2,0,0,0.0,-0.01635111139543998
790,no_feedback,50,7,5,1,0,-1.0,0.0,1,0,1,0,0.0,-0.01635111139543998
791,no_feedback,50,7,5,1,0,-1.0,0.0,1,0,1,0,0.0,-0.01635111139543998
792,no_feedback,50,2,3,0,1,1.0,0.0,0,nan,nan,nan,0.0,-0.01635111139543998
793,no_feedback,50,4,2,0,0,-1.0,0.0,1,1,0,0,0.0,-0.01635111139543998
794,no_feedback,50,1,5,1,0,-1.0,0.0,1,0,1,0,0.0,-0.01635111139543998
795,no_feedback,50,5,5,1,1,1.0,0.0,0,nan,nan,nan,0.0,-0.01635111139543998
796,no_feedback,50,4,4,0,1,1.0,0.0,0,nan,nan,nan,0.0,-0.01635111139543998
797,no_feedback,50,5,3,0,0,-1.0,0.0,1,2,0,0,0.0,-0.01635111139543998
798,no_feedback,50,2,5,1,0,-1.0,0.0,1,0,1,0,0.0,-0.01635111139543998
799,no_feedback,50,1,5,1,0,-1.0,0.0,1,0,1,0,0.0,-0.01635111139543998
800,no_feedback,50,8,3,0,0,-1.0,0.0,1,0,1,0,0.0,-0.01635111139543998
801,no_feedback,50,4,5,1,1,1.0,0.0,0,nan,nan,nan,0.0,-0.01635111139543998
802,no_feedback,50,6,6,1,1,1.0,0.0,0,nan,nan,nan,0.0,-0.01635111139543998
803,no_feedback,50,0,7,1,0,-1.0,0.0,1,2,0,0,0.0,-0.01635111139543998
804,no_feedback,50,5,3,0,0,-1.0,0.0,1,0,1,0,0.0,-0.01635111139543998
805,no_feedback,50,6,5,1,1,1.0,0.0,0,nan,nan,nan,0.0,-0.01635111139543998
806,no_feedback,50,1,6,1,0,-1.0,0.0,1,1,0,0,0.0,-0.01635111139543998
807,no_feedback,50,5,5,1,1,1.0,0.0,0,nan,nan,nan,0.0,-0.01635111139543998
808,no_feedback,50,0,4,0,0,-1.0,0.0,1,1,0,0,0.0,-0.01635111139543998
809,no_feedback,50,2,5,1,0,-1.0,0.0,1,0,1,0,0.0,-0.01635111139543998
810,no_feedback,50,0,3,0,0,-1.0,0.0,1,0,1,0,0.0,-0.01635111139543998
811,no_feedback,50,2,5,1,0,-1.0,0.0,1,0,1,0,0.0,-0.01635111139543998
812,no_feedback,50,7,5,1,0,-1.0,0.0,1,0,1,0,0.0,-0.01635111139543998
813,no_feedback,50,4,5,1,1,1.0,0.0,0,nan,nan,nan,0.0,-0.01635111139543998
814,no_feedback,50,1,6,1,0,-1.0,0.0,1,1,0,0,0.0,-0.01635111139543998
815,no_feedback,50,1,5,1,0,-1.0,0.0,1,0,1,0,0.0,-0.01635111139543998
816,no_feedback,50,0,3,0,0,-1.0,0.0,1,0,1,0,0.0,-0.01635111139543998
817,no_feedback,50,1,3,0,0,-1.0,0.0,1,0,1,0,0.0,-0.01635111139543998
818,no_feedback,50,7,3,0,0,-1.0,0.0,1,0,1,0,0.0,-0.01635111139543998
819,no_feedback,50,4,5,1,1,1.0,0.0,0,nan,nan,nan,0.0,-0.01635111139543998
820,no_feedback,50,1,6,1,0,-1.0,0.0,1,1,0,0,0.0,-0.01635111139543998
821,no_feedback,50,1,3,0,0,-1.0,0.0,1,0,1,0,0.0,-0.01635111139543998
822,no_feedback,50,4,5,1,1,1.0,0.0,0,nan,nan,nan,0.0,-0.01635111139543998
823,no_feedback,50,7,6,1,1,1.0,0.0,0,nan,nan,nan,0.0,-0.01635111139543998
824,no_feedback,50,2,5,0,0,-1.0,0.0,1,2,0,0,0.0,-0.01635111139543998
825,no_feedback,50,8,5,1,0,-1.0,0.0,1,0,1,0,0.0,-0.01635111139543998
826,no_feedback,50,6,5,1,1,1.0,0.0,0,nan,nan,nan,0.0,-0.01635111139543998
827,no_feedback,50,7,6,1,1,1.0,0.0,0,nan,nan,nan,0.0,-0.01635111139543998
828,no_feedback,50,3,5,0,0,-1.0,0.0,1,2,0,0,0.0,-0.01635111139543998
829,no_feedback,50,8,5,1,0,-1.0,0.0,1,0,1,0,0.0,-0.01635111139543998
830,no_feedback,50,3,3,0,1,1.0,0.0,0,nan,nan,nan,0.0,-0.01635111139543998
831,no_feedback,50,3,4,1,1,1.0,0.0,0,nan,nan,nan,0.0,-0.01635111139543998
832,no_feedback,50,6,3,0,0,-1.0,0.0,1,2,0,0,0.0,-0.01635111139543998
833,no_feedback,50,6,3,0,0,-1.0,0.0,1,0,1,0,0.0,-0.01635111139543998
834,no_feedback,50,5,3,0,0,-1.0,0.0,1,0,1,0,0.0,-0.01635111139543998
835,no_feedback,50,3,5,1,0,-1.0,0.0,1,0,1,0,0.0,-0.01635111139543998
836,no_feedback,50,6,5,1,1,1.0,0.0,0,nan,nan,nan,0.0,-0.01635111139543998
837,no_feedback,50,5,4,0,1,1.0,0.0,0,nan,nan,nan,0.0,-0.01635111139543998
838,no_feedback,50,5,5,1,1,1.0,0.0,0,nan,nan,nan,0.0,-0.01635111139543998
839,no_feedback,50,0,6,1,0,-1.0,0.0,1,3,0,1,0.0,-0.01635111139543998
840,no_feedback,50,4,3,0,1,1.0,0.0,0,nan,nan,nan,0.0,-0.01635111139543998
841,no_feedback,50,6,2,0,0,-1.0,0.0,1,1,0,0,0.0,-0.01635111139543998
842,no_feedback,50,5,5,1,1,1.0,0.0,0,nan,nan,nan,0.0,-0.01635111139543998
843,no_feedback,50,2,6,1,0,-1.0,0.0,1,1,0,0,0.0,-0.01635111139543998
844,no_feedback,50,6,3,0,0,-1.0,0.0,1,0,1,0,0.0,-0.01635111139543998
845,no_feedback,50,0,5,1,0,-1.0,0.0,1,0,1,0,0.0,-0.01635111139543998
846,no_feedback,50,1,3,0,0,-1.0,0.0,1,0,1,0,0.0,-0.01635111139543998
847,no_feedback,50,1,3,0,0,-1.0,0.0,1,0,1,0,0.0,-0.01635111139543998
848,no_feedback,50,2,5,1,0,-1.0,0.0,1,0,1,0,0.0,-0.01635111139543998
849,no_feedback,50,2,3,0,1,1.0,0.0,0,nan,nan,nan,0.0,-0.01635111139543998
850,no_feedback,50,0,4,1,0,-1.0,0.0,1,1,0,0,0.0,-0.01635111139543998
851,no_feedback,50,2,3,0,1,1.0,0.0,0,nan,nan,nan,0.0,-0.01635111139543998
852,no_feedback,50,2,4,1,0,-1.0,0.0,1,1,0,0,0.0,-0.01635111139543998
853,no_feedback,50,0,5,1,0,-1.0,0.0,1,0,1,0,0.0,-0.01635111139543998
854,no_feedback,50,3,5,1,0,-1.0,0.0,1,0,1,0,0.0,-0.01635111139543998
855,no_feedback,50,1,5,1,0,-1.0,0.0,1,0,1,0,0.0,-0.01635111139543998
856,no_feedback,50,8,5,1,0,-1.0,0.0,1,0,1,0,0.0,-0.01635111139543998
857,no_feedback,50,3,3,0,1,1.0,0.0,0,nan,nan,nan,0.0,-0.01635111139543998
858,no_feedback,50,8,2,0,0,-1.0,0.0,1,1,0,0,0.0,-0.01635111139543998
859,no_feedback,50,6,3,0,0,-1.0,0.0,1,0,1,0,0.0,-0.01635111139543998
860,no_feedback,50,4,5,1,1,1.0,0.0,0,nan,nan,nan,0.0,-0.01635111139543998
861,no_feedback,50,6,4,0,0,-1.0,0.0,1,1,0,0,0.0,-0.01635111139543998
862,no_feedback,50,5,5,1,1,1.0,0.0,0,nan,nan,nan,0.0,-0.01635111139543998
863,no_feedback,50,5,6,1,1,1.0,0.0,0,nan,nan,nan,0.0,-0.01635111139543998
864,no_feedback,50,7,5,0,0,-1.0,0.0,1,2,0,0,0.0,-0.01635111139543998
865,no_feedback,50,7,3,0,0,-1.0,0.0,1,0,1,0,0.0,-0.01635111139543998
866,no_feedback,50,4,3,0,1,1.0,0.0,0,nan,nan,nan,0.0,-0.01635111139543998
867,no_feedback,50,0,2,0,0,-1.0,0.0,1,1,0,0,0.0,-0.01635111139543998
868,no_feedback,50,7,3,0,0,-1.0,0.0,1,0,1,0,0.0,-0.01635111139543998
869,no_feedback,50,5,3,0,0,-1.0,0.0,1,0,1,0,0.0,-0.01635111139543998
870,no_feedback,50,8,3,0,0,-1.0,0.0,1,0,1,0,0.0,-0.01635111139543998
871,no_feedback,50,1,3,0,0,-1.0,0.0,1,0,1,0,0.0,-0.01635111139543998
872,no_feedback,50,6,3,0,0,-1.0,0.0,1,0,1,0,0.0,-0.01635111139543998
873,no_feedback,50,6,5,1,1,1.0,0.0,0,nan,nan,nan,0.0,-0.01635111139543998
874,no_feedback,50,1,4,0,0,-1.0,0.0,1,1,0,0,0.0,-0.01635111139543998
875,no_feedback,50,6,3,0,0,-1.0,0.0,1,0,1,0,0.0,-0.01635111139543998
876,no_feedback,50,6,3,0,0,-1.0,0.0,1,0,1,0,0.0,-0.01635111139543998
877,no_feedback,50,7,3,0,0,-1.0,0.0,1,0,1,0,0.0,-0.01635111139543998
878,no_feedback,50,0,3,0,0,-1.0,0.0,1,0,1,0,0.0,-0.01635111139543998
879,no_feedback,50,3,5,1,0,-1.0,0.0,1,0,1,0,0.0,-0.01635111139543998
880,no_feedback,50,5,5,1,1,1.0,0.0,0,nan,nan,nan,0.0,-0.01635111139543998
881,no_feedback,50,2,6,1,0,-1.0,0.0,1,1,0,0,0.0,-0.01635111139543998
882,no_feedback,50,6,5,1,1,1.0,0.0,0,nan,nan,nan,0.0,-0.01635111139543998
883,no_feedback,50,3,4,0,1,1.0,0.0,0,nan,nan,nan,0.0,-0.01635111139543998
884,no_feedback,50,8,5,1,0,-1.0,0.0,1,2,0,0,0.0,-0.01635111139543998
885,no_feedback,50,8,3,0,0,-1.0,0.0,1,0,1,0,0.0,-0.01635111139543998
886,no_feedback,50,2,3,0,1,1.0,0.0,0,nan,nan,nan,0.0,-0.01635111139543998
887,no_feedback,50,5,4,1,1,1.0,0.0,0,nan,nan,nan,0.0,-0.01635111139543998
888,no_feedback,50,7,3,0,0,-1.0,0.0,1,2,0,0,0.0,-0.01635111139543998
889,no_feedback,50,4,3,0,1,1.0,0.0,0,nan,nan,nan,0.0,-0.01635111139543998
890,no_feedback,50,0,2,0,0,-1.0,0.0,1,1,0,0,0.0,-0.01635111139543998
891,no_feedback,50,2,5,1,0,-1.0,0.0,1,0,1,0,0.0,-0.01635111139543998
892,no_feedback,50,6,3,0,0,-1.0,0.0,1,0,1,0,0.0,-0.01635111139543998
893,no_feedback,50,4,3,0,1,1.0,0.0,0,nan,nan,nan,0.0,-0.01635111139543998
894,no_feedback,50,6,2,0,0,-1.0,0.0,1,1,0,0,0.0,-0.01635111139543998
895,no_feedback,50,1,5,1,0,-1.0,0.0,1,0,1,0,0.0,-0.01635111139543998
896,no_feedback,50,8,3,0,0,-1.0,0.0,1,0,1,0,0.0,-0.01635111139543998
897,no_feedback,50,7,3,0,0,-1.0,0.0,1,0,1,0,0.0,-0.01635111139543998
898,no_feedback,50,1,5,1,0,-1.0,0.0,1,0,1,0,0.0,-0.01635111139543998
899,no_feedback,50,2,5,1,0,-1.0,0.0,1,0,1,0,0.0,-0.01635111139543998
900,no_feedback,50,0,5,1,0,-1.0,0.0,1,0,1,0,0.0,-0.01635111139543998
901,no_feedback,50,7,3,0,0,-1.0,0.0,1,0,1,0,0.0,-0.01635111139543998
902,no_feedback,50,3,5,1,0,-1.0,0.0,1,0,1,0,0.0,-0.01635111139543998
903,no_feedback,50,5,3,0,0,-1.0,0.0,1,0,1,0,0.0,-0.01635111139543998
904,no_feedback,50,2,5,1,0,-1.0,0.0,1,0,1,0,0.0,-0.01635111139543998
905,no_feedback,50,7,3,0,0,-1.0,0.0,1,0,1,0,0.0,-0.01635111139543998
906,no_feedback,50,8,3,0,0,-1.0,0.0,1,0,1,0,0.0,-0.01635111139543998
907,no_feedback,50,5,3,0,0,-1.0,0.0,1,0,1,0,0.0,-0.01635111139543998
908,no_feedback,50,7,3,0,0,-1.0,0.0,1,0,1,0,0.0,-0.01635111139543998
909,no_feedback,50,4,3,0,1,1.0,0.0,0,nan,nan,nan,0.0,-0.01635111139543998
910,no_feedback,50,2,2,0,1,1.0,0.0,0,nan,nan,nan,0.0,-0.01635111139543998
911,no_feedback,50,5,3,1,0,-1.0,0.0,1,2,0,0,0.0,-0.01635111139543998
912,no_feedback,50,3,5,1,0,-1.0,0.0,1,0,1,0,0.0,-0.01635111139543998
913,no_feedback,50,1,5,1,0,-1.0,0.0,1,0,1,0,0.0,-0.01635111139543998
914,no_feedback,50,1,5,1,0,-1.0,0.0,1,0,1,0,0.0,-0.01635111139543998
915,no_feedback,50,4,3,0,1,1.0,0.0,0,nan,nan,nan,0.0,-0.01635111139543998
916,no_feedback,50,1,4,1,0,-1.0,0.0,1,1,0,0,0.0,-0.01635111139543998
917,no_feedback,50,5,3,0,0,-1.0,0.0,1,0,1,0,0.0,-0.01635111139543998
918,no_feedback,50,7,5,1,0,-1.0,0.0,1,0,1,0,0.0,-0.01635111139543998
919,no_feedback,50,0,5,1,0,-1.0,0.0,1,0,1,0,0.0,-0.01635111139543998
920,no_feedback,50,7,3,0,0,-1.0,0.0,1,0,1,0,0.0,-0.01635111139543998
921,no_feedback,50,4,3,0,1,1.0,0.0,0,nan,nan,nan,0.0,-0.01635111139543998
922,no_feedback,50,8,2,0,0,-1.0,0.0,1,1,0,0,0.0,-0.01635111139543998
923,no_feedback,50,6,5,1,1,1.0,0.0,0,nan,nan,nan,0.0,-0.01635111139543998
924,no_feedback,50,6,6,1,1,1.0,0.0,0,nan,nan,nan,0.0,-0.01635111139543998
925,no_feedback,50,0,7,1,0,-1.0,0.0,1,2,0,0,0.0,-0.01635111139543998
926,no_feedback,50,3,3,0,1,1.0,0.0,0,nan,nan,nan,0.0,-0.01635111139543998
927,no_feedback,50,1,2,0,1,1.0,0.0,0,nan,nan,nan,0.0,-0.01635111139543998
928,no_feedback,50,6,3,1,0,-1.0,0.0,1,2,0,0,0.0,-0.01635111139543998
929,no_feedback,50,2,5,1,0,-1.0,0.0,1,0,1,0,0.0,-0.01635111139543998
930,no_feedback,50,3,3,0,1,1.0,0.0,0,nan,nan,nan,0.0,-0.01635111139543998
931,no_feedback,50,3,2,0,1,1.0,0.0,0,nan,nan,nan,0.0,-0.01635111139543998
932,no_feedback,50,7,3,1,0,-1.0,0.0,1,2,0,0,0.0,-0.01635111139543998
933,no_feedback,50,0,5,1,0,-1.0,0.0,1,0,1,0,0.0,-0.01635111139543998
934,no_feedback,50,0,5,1,0,-1.0,0.0,1,0,1,0,0.0,-0.01635111139543998
935,no_feedback,50,6,3,0,0,-1.0,0.0,1,0,1,0,0.0,-0.01635111139543998
936,no_feedback,50,1,3,0,0,-1.0,0.0,1,0,1,0,0.0,-0.01635111139543998
937,no_feedback,50,2,5,1,0,-1.0,0.0,1,0,1,0,0.0,-0.01635111139543998
938,no_feedback,50,6,5,1,1,1.0,0.0,0,nan,nan,nan,0.0,-0.01635111139543998
939,no_feedback,50,5,4,0,1,1.0,0.0,0,nan,nan,nan,0.0,-0.01635111139543998
940,no_feedback,50,5,5,1,1,1.0,0.0,0,nan,nan,nan,0.0,-0.01635111139543998
941,no_feedback,50,4,6,1,0,-1.0,0.0,1,3,0,1,0.0,-0.01635111139543998
942,no_feedback,50,0,5,1,0,-1.0,0.0,1,0,1,0,0.0,-0.01635111139543998
943,no_feedback,50,2,5,1,0,-1.0,0.0,1,0,1,0,0.0,-0.01635111139543998
944,no_feedback,50,4,5,1,1,1.0,0.0,0,nan,nan,nan,0.0,-0.01635111139543998
945,no_feedback,50,5,6,1,1,1.0,0.0,0,nan,nan,nan,0.0,-0.01635111139543998
946,no_feedback,50,1,5,0,0,-1.0,0.0,1,2,0,0,0.0,-0.01635111139543998
947,no_feedback,50,6,3,0,0,-1.0,0.0,1,0,1,0,0.0,-0.01635111139543998
948,no_feedback,50,2,5,1,0,-1.0,0.0,1,0,1,0,0.0,-0.01635111139543998
949,no_feedback,50,7,5,1,0,-1.0,0.0,1,0,1,0,0.0,-0.01635111139543998
950,no_feedback,50,8,3,0,0,-1.0,0.0,1,0,1,0,0.0,-0.01635111139543998
951,no_feedback,50,1,5,1,0,-1.0,0.0,1,0,1,0,0.0,-0.01635111139543998
952,no_feedback,50,2,5,1,0,-1.0,0.0,1,0,1,0,0.0,-0.01635111139543998
953,no_feedback,50,0,5,1,0,-1.0,0.0,1,0,1,0,0.0,-0.01635111139543998
954,no_feedback,50,5,3,0,0,-1.0,0.0,1,0,1,0,0.0,-0.01635111139543998
955,no_feedback,50,8,5,1,0,-1.0,0.0,1,0,1,0,0.0,-0.01635111139543998
956,no_feedback,50,4,3,0,1,1.0,0.0,0,nan,nan,nan,0.0,-0.01635111139543998
957,no_feedback,50,7,4,1,0,-1.0,0.0,1,1,0,0,0.0,-0.01635111139543998
958,no_feedback,50,3,3,0,1,1.0,0.0,0,nan,nan,nan,0.0,-0.01635111139543998
959,no_feedback,50,7,4,1,0,-1.0,0.0,1,1,0,0,0.0,-0.01635111139543998
960,no_feedback,50,2,5,1,0,-1.0,0.0,1,0,1,0,0.0,-0.01635111139543998
961,no_feedback,50,6,5,1,1,1.0,0.0,0,nan,nan,nan,0.0,-0.01635111139543998
962,no_feedback,50,5,4,0,1,1.0,0.0,0,nan,nan,nan,0.0,-0.01635111139543998
963,no_feedback,50,0,5,1,0,-1.0,0.0,1,2,0,0,0.0,-0.01635111139543998
964,no_feedback,50,0,5,1,0,-1.0,0.0,1,0,1,0,0.0,-0.01635111139543998
965,no_feedback,50,3,3,0,1,1.0,0.0,0,nan,nan,nan,0.0,-0.01635111139543998
966,no_feedback,50,5,4,1,1,1.0,0.0,0,nan,nan,nan,0.0,-0.01635111139543998
967,no_feedback,50,1,5,1,0,-1.0,0.0,1,2,0,0,0.0,-0.01635111139543998
968,no_feedback,50,5,5,1,1,1.0,0.0,0,nan,nan,nan,0.0,-0.01635111139543998
969,no_feedback,50,7,4,0,0,-1.0,0.0,1,1,0,0,0.0,-0.01635111139543998
970,no_feedback,50,6,5,1,1,1.0,0.0,0,nan,nan,nan,0.0,-0.01635111139543998
971,no_feedback,50,7,6,1,1,1.0,0.0,0,nan,nan,nan,0.0,-0.01635111139543998
972,no_feedback,50,1,5,0,0,-1.0,0.0,1,2,0,0,0.0,-0.01635111139543998
973,no_feedback,50,1,3,0,0,-1.0,0.0,1,0,1,0,0.0,-0.01635111139543998
974,no_feedback,50,6,5,1,1,1.0,0.0,0,nan,nan,nan,0.0,-0.01635111139543998
975,no_feedback,50,0,4,0,0,-1.0,0.0,1,1,0,0,0.0,-0.01635111139543998
976,no_feedback,50,1,5,1,0,-1.0,0.0,1,0,1,0,0.0,-0.01635111139543998
977,no_feedback,50,1,3,0,0,-1.0,0.0,1,0,1,0,0.0,-0.01635111139543998
978,no_feedback,50,7,5,1,0,-1.0,0.0,1,0,1,0,0.0,-0.01635111139543998
979,no_feedback,50,1,5,1,0,-1.0,0.0,1,0,1,0,0.0,-0.01635111139543998
980,no_feedback,50,7,3,0,0,-1.0,0.0,1,0,1,0,0.0,-0.01635111139543998
981,no_feedback,50,5,5,1,1,1.0,0.0,0,nan,nan,nan,0.0,-0.01635111139543998
982,no_feedback,50,2,6,1,0,-1.0,0.0,1,1,0,0,0.0,-0.01635111139543998
983,no_feedback,50,0,3,0,0,-1.0,0.0,1,0,1,0,0.0,-0.01635111139543998
984,no_feedback,50,5,5,1,1,1.0,0.0,0,nan,nan,nan,0.0,-0.01635111139543998
985,no_feedback,50,8,6,1,0,-1.0,0.0,1,1,0,0,0.0,-0.01635111139543998
986,no_feedback,50,1,5,1,0,-1.0,0.0,1,0,1,0,0.0,-0.01635111139543998
987,no_feedback,50,8,5,1,0,-1.0,0.0,1,0,1,0,0.0,-0.01635111139543998
988,no_feedback,50,4,5,1,1,1.0,0.0,0,nan,nan,nan,0.0,-0.01635111139543998
989,no_feedback,50,8,6,1,0,-1.0,0.0,1,1,0,0,0.0,-0.01635111139543998
990,no_feedback,50,7,5,1,0,-1.0,0.0,1,0,1,0,0.0,-0.01635111139543998
991,no_feedback,50,7,5,1,0,-1.0,0.0,1,0,1,0,0.0,-0.01635111139543998
992,no_feedback,50,3,3,0,1,1.0,0.0,0,nan,nan,nan,0.0,-0.01635111139543998
993,no_feedback,50,3,2,0,1,1.0,0.0,0,nan,nan,nan,0.0,-0.01635111139543998
994,no_feedback,50,6,3,1,0,-1.0,0.0,1,2,0,0,0.0,-0.01635111139543998
995,no_feedback,50,4,5,1,1,1.0,0.0,0,nan,nan,nan,0.0,-0.01635111139543998
996,no_feedback,50,1,6,1,0,-1.0,0.0,1,1,0,0,0.0,-0.01635111139543998
997,no_feedback,50,4,3,0,1,1.0,0.0,0,nan,nan,nan,0.0,-0.01635111139543998
998,no_feedback,50,6,4,1,0,-1.0,0.0,1,1,0,0,0.0,-0.01635111139543998
999,no_feedback,50,5,5,1,1,1.0,0.0,0,nan,nan,nan,0.0,-0.01635111139543998
1000,no_feedback,50,5,6,1,1,1.0,0.0,0,nan,nan,nan,0.0,-0.01635111139543998
1001,no_feedback,50,8,5,0,0,-1.0,0.0,1,2,0,0,0.0,-0.01635111139543998
1002,no_feedback,50,8,3,0,0,-1.0,0.0,1,0,1,0,0.0,-0.01635111139543998
1003,no_feedback,50,6,5,1,1,1.0,0.0,0,nan,nan,nan,0.0,-0.01635111139543998
1004,no_feedback,50,5,4,0,1,1.0,0.0,0,nan,nan,nan,0.0,-0.01635111139543998
1005,no_feedback,50,5,3,0,0,-1.0,0.0,1,2,0,0,0.0,-0.01635111139543998
1006,no_feedback,50,2,3,0,1,1.0,0.0,0,nan,nan,nan,0.0,-0.01635111139543998
1007,no_feedback,50,8,2,0,0,-1.0,0.0,1,1,0,0,0.0,-0.01635111139543998
1008,no_feedback,50,4,5,1,1,1.0,0.0,0,nan,nan,nan,0.0,-0.01635111139543998
1009,no_feedback,50,4,4,0,1,1.0,0.0,0,nan,nan,nan,0.0,-0.01635111139543998
1010,no_feedback,50,3,3,0,1,1.0,0.0,0,nan,nan,nan,0.0,-0.01635111139543998
1011,no_feedback,50,1,2,0,1,1.0,0.0,0,nan,nan,nan,0.0,-0.01635111139543998
1012,no_feedback,50,6,3,1,0,-1.0,0.0,1,4,0,1,0.0,-0.01635111139543998
1013,no_feedback,50,5,5,1,1,1.0,0.0,0,nan,nan,nan,0.0,-0.01635111139543998
1014,no_feedback,50,5,6,1,1,1.0,0.0,0,nan,nan,nan,0.0,-0.01635111139543998
1015,no_feedback,50,8,5,0,0,-1.0,0.0,1,2,0,0,0.0,-0.01635111139543998
1016,no_feedback,50,6,5,1,1,1.0,0.0,0,nan,nan,nan,0.0,-0.01635111139543998
1017,no_feedback,50,0,6,1,0,-1.0,0.0,1,1,0,0,0.0,-0.01635111139543998
1018,no_feedback,50,0,5,1,0,-1.0,0.0,1,0,1,0,0.0,-0.01635111139543998
1019,no_feedback,50,7,3,0,0,-1.0,0.0,1,0,1,0,0.0,-0.01635111139543998
1020,no_feedback,50,7,5,1,0,-1.0,0.0,1,0,1,0,0.0,-0.01635111139543998
1021,no_feedback,50,7,3,0,0,-1.0,0.0,1,0,1,0,0.0,-0.01635111139543998
1022,no_feedback,50,7,5,1,0,-1.0,0.0,1,0,1,0,0.0,-0.01635111139543998
1023,no_feedback,50,2,5,1,0,-1.0,0.0,1,0,1,0,0.0,-0.01635111139543998
1024,no_feedback,50,6,3,0,0,-1.0,0.0,1,0,1,0,0.0,-0.01635111139543998
1025,no_feedback,50,2,5,1,0,-1.0,0.0,1,0,1,0,0.0,-0.01635111139543998
1026,no_feedback,50,5,5,1,1,1.0,0.0,0,nan,nan,nan,0.0,-0.01635111139543998
1027,no_feedback,50,7,4,0,0,-1.0,0.0,1,1,0,0,0.0,-0.01635111139543998
1028,no_feedback,50,2,3,0,1,1.0,0.0,0,nan,nan,nan,0.0,-0.01635111139543998
1029,no_feedback,50,5,2,0,0,-1.0,0.0,1,1,0,0,0.0,-0.01635111139543998
1030,no_feedback,50,7,3,0,0,-1.0,0.0,1,0,1,0,0.0,-0.01635111139543998
1031,no_feedback,50,8,3,0,0,-1.0,0.0,1,0,1,0,0.0,-0.01635111139543998
1032,no_feedback,50,8,5,1,0,-1.0,0.0,1,0,1,0,0.0,-0.01635111139543998
1033,no_feedback,50,2,5,1,0,-1.0,0.0,1,0,1,0,0.0,-0.01635111139543998
1034,no_feedback,50,3,5,1,0,-1.0,0.0,1,0,1,0,0.0,-0.01635111139543998
1035,no_feedback,50,8,3,0,0,-1.0,0.0,1,0,1,0,0.0,-0.01635111139543998
1036,no_feedback,50,7,5,1,0,-1.0,0.0,1,0,1,0,0.0,-0.01635111139543998
1037,no_feedback,50,8,3,0,0,-1.0,0.0,1,0,1,0,0.0,-0.01635111139543998
1038,no_feedback,50,4,5,1,1,1.0,0.0,0,nan,nan,nan,0.0,-0.01635111139543998
1039,no_feedback,50,7,4,0,0,-1.0,0.0,1,1,0,0,0.0,-0.01635111139543998
1040,no_feedback,50,5,5,1,1,1.0,0.0,0,nan,nan,nan,0.0,-0.01635111139543998
1041,no_feedback,50,8,4,0,0,-1.0,0.0,1,1,0,0,0.0,-0.01635111139543998
1042,no_feedback,50,0,5,1,0,-1.0,0.0,1,0,1,0,0.0,-0.01635111139543998
1043,no_feedback,50,2,3,0,1,1.0,0.0,0,nan,nan,nan,0.0,-0.01635111139543998
1044,no_feedback,50,0,2,0,0,-1.0,0.0,1,1,0,0,0.0,-0.01635111139543998
1045,no_feedback,50,6,3,0,0,-1.0,0.0,1,0,1,0,0.0,-0.01635111139543998
1046,no_feedback,50,3,5,1,0,-1.0,0.0,1,0,1,0,0.0,-0.01635111139543998
1047,no_feedback,50,4,3,0,1,1.0,0.0,0,nan,nan,nan,0.0,-0.01635111139543998
1048,no_feedback,50,4,2,0,0,-1.0,0.0,1,1,0,0,0.0,-0.01635111139543998
1049,no_feedback,50,6,5,1,1,1.0,0.0,0,nan,nan,nan,0.0,-0.01635111139543998
1050,no_feedback,50,6,4,0,0,-1.0,0.0,1,1,0,0,0.0,-0.01635111139543998
1051,no_feedback,50,2,3,0,1,1.0,0.0,0,nan,nan,nan,0.0,-0.01635111139543998
1052,no_feedback,50,7,2,0,0,-1.0,0.0,1,1,0,0,0.0,-0.01635111139543998
1053,no_feedback,50,3,5,1,0,-1.0,0.0,1,0,1,0,0.0,-0.01635111139543998
1054,no_feedback,50,0,3,0,0,-1.0,0.0,1,0,1,0,0.0,-0.01635111139543998
1055,no_feedback,50,3,3,0,1,1.0,0.0,0,nan,nan,nan,0.0,-0.01635111139543998
1056,no_feedback,50,6,2,0,0,-1.0,0.0,1,1,0,0,0.0,-0.01635111139543998
1057,no_feedback,50,5,5,1,1,1.0,0.0,0,nan,nan,nan,0.0,-0.01635111139543998
1058,no_feedback,50,8,4,0,0,-1.0,0.0,1,1,0,0,0.0,-0.01635111139543998
1059,no_feedback,50,0,3,0,0,-1.0,0.0,1,0,1,0,0.0,-0.01635111139543998
1060,no_feedback,50,8,3,0,0,-1.0,0.0,1,0,1,0,0.0,-0.01635111139543998
1061,no_feedback,50,5,3,0,0,-1.0,0.0,1,0,1,0,0.0,-0.01635111139543998
1062,no_feedback,50,3,5,1,0,-1.0,0.0,1,0,1,0,0.0,-0.01635111139543998
1063,no_feedback,50,4,3,0,1,1.0,0.0,0,nan,nan,nan,0.0,-0.01635111139543998
1064,no_feedback,50,2,2,0,1,1.0,0.0,0,nan,nan,nan,0.0,-0.01635111139543998
1065,no_feedback,50,3,1,0,0,-1.0,0.0,1,2,0,0,0.0,-0.01635111139543998
1066,no_feedback,50,1,3,0,0,-1.0,0.0,1,0,1,0,0.0,-0.01635111139543998
1067,no_feedback,50,2,3,0,1,1.0,0.0,0,nan,nan,nan,0.0,-0.01635111139543998
1068,no_feedback,50,6,4,1,0,-1.0,0.0,1,1,0,0,0.0,-0.01635111139543998
1069,no_feedback,50,5,5,1,1,1.0,0.0,0,nan,nan,nan,0.0,-0.01635111139543998
1070,no_feedback,50,7,6,1,1,1.0,0.0,0,nan,nan,nan,0.0,-0.01635111139543998
1071,no_feedback,50,2,7,1,0,-1.0,0.0,1,2,0,0,0.0,-0.01635111139543998
1072,no_feedback,50,1,3,0,0,-1.0,0.0,1,0,1,0,0.0,-0.01635111139543998
1073,no_feedback,50,3,5,1,0,-1.0,0.0,1,0,1,0,0.0,-0.01635111139543998
1074,no_feedback,50,3,5,1,0,-1.0,0.0,1,0,1,0,0.0,-0.01635111139543998
1075,no_feedback,50,5,5,1,1,1.0,0.0,0,nan,nan,nan,0.0,-0.01635111139543998
1076,no_feedback,50,8,4,0,0,-1.0,0.0,1,1,0,0,0.0,-0.01635111139543998
1077,no_feedback,50,4,5,1,1,1.0,0.0,0,nan,nan,nan,0.0,-0.01635111139543998
1078,no_feedback,50,3,6,1,0,-1.0,0.0,1,1,0,0,0.0,-0.01635111139543998
1079,no_feedback,50,6,5,1,1,1.0,0.0,0,nan,nan,nan,0.0,-0.01635111139543998
1080,no_feedback,50,3,4,0,1,1.0,0.0,0,nan,nan,nan,0.0,-0.01635111139543998
1081,no_feedback,50,2,3,0,1,1.0,0.0,0,nan,nan,nan,0.0,-0.01635111139543998
1082,no_feedback,50,4,4,1,1,1.0,0.0,0,nan,nan,nan,0.0,-0.01635111139543998
1083,no_feedback,50,5,3,0,0,-1.0,0.0,1,4,0,1,0.0,-0.01635111139543998
1084,no_feedback,50,0,3,0,0,-1.0,0.0,1,0,1,0,0.0,-0.01635111139543998
1085,no_feedback,50,1,5,1,0,-1.0,0.0,1,0,1,0,0.0,-0.01635111139543998
1086,no_feedback,50,7,3,0,0,-1.0,0.0,1,0,1,0,0.0,-0.01635111139543998
1087,no_feedback,50,0,3,0,0,-1.0,0.0,1,0,1,0,0.0,-0.01635111139543998
1088,no_feedback,50,5,3,0,0,-1.0,0.0,1,0,1,0,0.0,-0.01635111139543998
1089,no_feedback,50,5,5,1,1,1.0,0.0,0,nan,nan,nan,0.0,-0.01635111139543998
1090,no_feedback,50,8,6,1,0,-1.0,0.0,1,1,0,0,0.0,-0.01635111139543998
1091,no_feedback,50,0,3,0,0,-1.0,0.0,1,0,1,0,0.0,-0.01635111139543998
1092,no_feedback,50,2,3,0,1,1.0,0.0,0,nan,nan,nan,0.0,-0.01635111139543998
1093,no_feedback,50,3,4,1,1,1.0,0.0,0,nan,nan,nan,0.0,-0.01635111139543998
1094,no_feedback,50,2,5,1,0,-1.0,0.0,1,2,0,0,0.0,-0.01635111139543998
1095,no_feedback,50,8,5,1,0,-1.0,0.0,1,0,1,0,0.0,-0.01635111139543998
1096,no_feedback,50,6,5,1,1,1.0,0.0,0,nan,nan,nan,0.0,-0.01635111139543998
1097,no_feedback,50,1,4,0,0,-1.0,0.0,1,1,0,0,0.0,-0.01635111139543998
1098,no_feedback,50,3,3,0,1,1.0,0.0,0,nan,nan,nan,0.0,-0.01635111139543998
1099,no_feedback,50,6,2,0,0,-1.0,0.0,1,1,0,0,0.0,-0.01635111139543998
1100,no_feedback,50,6,5,1,1,1.0,0.0,0,nan,nan,nan,0.0,-0.01635111139543998
1101,no_feedback,50,4,6,1,0,-1.0,0.0,1,1,0,0,0.0,-0.01635111139543998
1102,no_feedback,50,5,5,1,1,1.0,0.0,0,nan,nan,nan,0.0,-0.01635111139543998
1103,no_feedback,50,0,4,0,0,-1.0,0.0,1,1,0,0,0.0,-0.01635111139543998
1104,no_feedback,50,4,3,0,1,1.0,0.0,0,nan,nan,nan,0.0,-0.01635111139543998
1105,no_feedback,50,3,4,1,1,1.0,0.0,0,nan,nan,nan,0.0,-0.01635111139543998
1106,no_feedback,50,0,5,1,0,-1.0,0.0,1,2,0,0,0.0,-0.01635111139543998
1107,no_feedback,50,3,3,0,1,1.0,0.0,0,nan,nan,nan,0.0,-0.01635111139543998
1108,no_feedback,50,5,2,0,0,-1.0,0.0,1,1,0,0,0.0,-0.01635111139543998
1109,no_feedback,50,6,3,0,0,-1.0,0.0,1,0,1,0,0.0,-0.01635111139543998
1110,no_feedback,50,2,5,1,0,-1.0,0.0,1,0,1,0,0.0,-0.01635111139543998
1111,no_feedback,50,3,3,0,1,1.0,0.0,0,nan,nan,nan,0.0,-0.01635111139543998
1112,no_feedback,50,6,2,0,0,-1.0,0.0,1,1,0,0,0.0,-0.01635111139543998
1113,no_feedback,50,5,5,1,1,1.0,0.0,0,nan,nan,nan,0.0,-0.01635111139543998
1114,no_feedback,50,4,4,0,1,1.0,0.0,0,nan,nan,nan,0.0,-0.01635111139543998
1115,no_feedback,50,1,3,0,0,-1.0,0.0,1,2,0,0,0.0,-0.01635111139543998
1116,no_feedback,50,8,5,1,0,-1.0,0.0,1,0,1,0,0.0,-0.01635111139543998
1117,no_feedback,50,7,5,1,0,-1.0,0.0,1,0,1,0,0.0,-0.01635111139543998
1118,no_feedback,50,7,3,0,0,-1.0,0.0,1,0,1,0,0.0,-0.01635111139543998
1119,no_feedback,50,4,3,0,1,1.0,0.0,0,nan,nan,nan,0.0,-0.01635111139543998
1120,no_feedback,50,1,2,0,1,1.0,0.0,0,nan,nan,nan,0.0,-0.01635111139543998
1121,no_feedback,50,5,3,1,0,-1.0,0.0,1,2,0,0,0.0,-0.01635111139543998
1122,no_feedback,50,2,3,0,1,1.0,0.0,0,nan,nan,nan,0.0,-0.01635111139543998
1123,no_feedback,50,4,4,1,1,1.0,0.0,0,nan,nan,nan,0.0,-0.01635111139543998
1124,no_feedback,50,7,5,1,0,-1.0,0.0,1,2,0,0,0.0,-0.01635111139543998
1125,no_feedback,50,7,3,0,0,-1.0,0.0,1,0,1,0,0.0,-0.01635111139543998
1126,no_feedback,50,7,3,0,0,-1.0,0.0,1,0,1,0,0.0,-0.01635111139543998
1127,no_feedback,50,4,5,1,1,1.0,0.0,0,nan,nan,nan,0.0,-0.01635111139543998
1128,no_feedback,50,3,4,0,1,1.0,0.0,0,nan,nan,nan,0.0,-0.01635111139543998
1129,no_feedback,50,3,5,1,0,-1.0,0.0,1,2,0,0,0.0,-0.01635111139543998
1130,no_feedback,50,2,3,0,1,1.0,0.0,0,nan,nan,nan,0.0,-0.01635111139543998
1131,no_feedback,50,2,2,0,1,1.0,0.0,0,nan,nan,nan,0.0,-0.01635111139543998
1132,no_feedback,50,2,1,0,1,1.0,0.0,0,nan,nan,nan,0.0,-0.01635111139543998
1133,no_feedback,50,7,0,0,0,-1.0,0.0,1,3,0,1,0.0,-0.01635111139543998
1134,no_feedback,50,7,5,1,0,-1.0,0.0,1,0,1,0,0.0,-0.01635111139543998
1135,no_feedback,50,7,5,1,0,-1.0,0.0,1,0,1,0,0.0,-0.01635111139543998
1136,no_feedback,50,0,3,0,0,-1.0,0.0,1,0,1,0,0.0,-0.01635111139543998
1137,no_feedback,50,7,3,0,0,-1.0,0.0,1,0,1,0,0.0,-0.01635111139543998
1138,no_feedback,50,3,5,1,0,-1.0,0.0,1,0,1,0,0.0,-0.01635111139543998
1139,no_feedback,50,7,5,1,0,-1.0,0.0,1,0,1,0,0.0,-0.01635111139543998
1140,no_feedback,50,5,5,1,1,1.0,0.0,0,nan,nan,nan,0.0,-0.01635111139543998
1141,no_feedback,50,5,6,1,1,1.0,0.0,0,nan,nan,nan,0.0,-0.01635111139543998
1142,no_feedback,50,4,5,0,1,1.0,0.0,0,nan,nan,nan,0.0,-0.01635111139543998
1143,no_feedback,50,1,6,1,0,-1.0,0.0,1,3,0,1,0.0,-0.01635111139543998
1144,no_feedback,50,3,3,0,1,1.0,0.0,0,nan,nan,nan,0.0,-0.01635111139543998
1145,no_feedback,50,1,2,0,1,1.0,0.0,0,nan,nan,nan,0.0,-0.01635111139543998
1146,no_feedback,50,3,3,1,1,1.0,0.0,0,nan,nan,nan,0.0,-0.01635111139543998
1147,no_feedback,50,0,2,0,0,-1.0,0.0,1,3,0,1,0.0,-0.01635111139543998
1148,no_feedback,50,3,5,1,0,-1.0,0.0,1,0,1,0,0.0,-0.01635111139543998
1149,no_feedback,50,0,5,1,0,-1.0,0.0,1,0,1,0,0.0,-0.01635111139543998
1150,no_feedback,50,1,5,1,0,-1.0,0.0,1,0,1,0,0.0,-0.01635111139543998
1151,no_feedback,50,3,3,0,1,1.0,0.0,0,nan,nan,nan,0.0,-0.01635111139543998
1152,no_feedback,50,4,2,0,0,-1.0,0.0,1,1,0,0,0.0,-0.01635111139543998
1153,no_feedback,50,3,5,1,0,-1.0,0.0,1,0,1,0,0.0,-0.01635111139543998
1154,no_feedback,50,8,3,0,0,-1.0,0.0,1,0,1,0,0.0,-0.01635111139543998
1155,no_feedback,50,1,3,0,0,-1.0,0.0,1,0,1,0,0.0,-0.01635111139543998
1156,no_feedback,50,7,5,1,0,-1.0,0.0,1,0,1,0,0.0,-0.01635111139543998
1157,no_feedback,50,7,3,0,0,-1.0,0.0,1,0,1,0,0.0,-0.01635111139543998
1158,no_feedback,50,2,3,0,1,1.0,0.0,0,nan,nan,nan,0.0,-0.01635111139543998
1159,no_feedback,50,5,4,1,1,1.0,0.0,0,nan,nan,nan,0.0,-0.01635111139543998
1160,no_feedback,50,4,5,1,1,1.0,0.0,0,nan,nan,nan,0.0,-0.01635111139543998
1161,no_feedback,50,7,4,0,0,-1.0,0.0,1,3,0,1,0.0,-0.01635111139543998
1162,no_feedback,50,3,5,1,0,-1.0,0.0,1,0,1,0,0.0,-0.01635111139543998
1163,no_feedback,50,4,3,0,1,1.0,0.0,0,nan,nan,nan,0.0,-0.01635111139543998
1164,no_feedback,50,7,2,0,0,-1.0,0.0,1,1,0,0,0.0,-0.01635111139543998
1165,no_feedback,50,3,3,0,1,1.0,0.0,0,nan,nan,nan,0.0,-0.01635111139543998
1166,no_feedback,50,0,4,1,0,-1.0,0.0,1,1,0,0,0.0,-0.01635111139543998
1167,no_feedback,50,8,3,0,0,-1.0,0.0,1,0,1,0,0.0,-0.01635111139543998
1168,no_feedback,50,2,3,0,1,1.0,0.0,0,nan,nan,nan,0.0,-0.01635111139543998
1169,no_feedback,50,2,2,0,1,1.0,0.0,0,nan,nan,nan,0.0,-0.01635111139543998
1170,no_feedback,50,0,1,0,1,1.0,0.0,0,nan,nan,nan,0.0,-0.01635111139543998
1171,no_feedback,50,8,2,1,0,-1.0,0.0,1,3,0,1,0.0,-0.01635111139543998
1172,no_feedback,50,1,3,0,0,-1.0,0.0,1,0,1,0,0.0,-0.01635111139543998
1173,no_feedback,50,7,5,1,0,-1.0,0.0,1,0,1,0,0.0,-0.01635111139543998
1174,no_feedback,50,7,3,0,0,-1.0,0.0,1,0,1,0,0.0,-0.01635111139543998
1175,no_feedback,50,7,5,1,0,-1.0,0.0,1,0,1,0,0.0,-0.01635111139543998
1176,no_feedback,50,7,5,1,0,-1.0,0.0,1,0,1,0,0.0,-0.01635111139543998
1177,no_feedback,50,3,5,1,0,-1.0,0.0,1,0,1,0,0.0,-0.01635111139543998
1178,no_feedback,50,4,3,0,1,1.0,0.0,0,nan,nan,nan,0.0,-0.01635111139543998
1179,no_feedback,50,0,2,0,0,-1.0,0.0,1,1,0,0,0.0,-0.01635111139543998
1180,no_feedback,50,5,3,0,0,-1.0,0.0,1,0,1,0,0.0,-0.01635111139543998
1181,no_feedback,50,0,3,0,0,-1.0,0.0,1,0,1,0,0.0,-0.01635111139543998
1182,no_feedback,50,0,5,1,0,-1.0,0.0,1,0,1,0,0.0,-0.01635111139543998
1183,no_feedback,50,5,3,0,0,-1.0,0.0,1,0,1,0,0.0,-0.01635111139543998
1184,no_feedback,50,2,3,0,1,1.0,0.0,0,nan,nan,nan,0.0,-0.01635111139543998
1185,no_feedback,50,3,2,0,1,1.0,0.0,0,nan,nan,nan,0.0,-0.01635111139543998
1186,no_feedback,50,3,1,0,0,-1.0,0.0,1,2,0,0,0.0,-0.01635111139543998
1187,no_feedback,50,8,5,1,0,-1.0,0.0,1,0,1,0,0.0,-0.01635111139543998
1188,no_feedback,50,7,3,0,0,-1.0,0.0,1,0,1,0,0.0,-0.01635111139543998
1189,no_feedback,50,1,5,1,0,-1.0,0.0,1,0,1,0,0.0,-0.01635111139543998
1190,no_feedback,50,4,5,1,1,1.0,0.0,0,nan,nan,nan,0.0,-0.01635111139543998
1191,no_feedback,50,0,6,1,0,-1.0,0.0,1,1,0,0,0.0,-0.01635111139543998
1192,no_feedback,50,0,5,1,0,-1.0,0.0,1,0,1,0,0.0,-0.01635111139543998
1193,no_feedback,50,1,5,1,0,-1.0,0.0,1,0,1,0,0.0,-0.01635111139543998
1194,no_feedback,50,7,5,1,0,-1.0,0.0,1,0,1,0,0.0,-0.01635111139543998
1195,no_feedback,50,6,5,1,1,1.0,0.0,0,nan,nan,nan,0.0,-0.01635111139543998
1196,no_feedback,50,2,4,0,0,-1.0,0.0,1,1,0,0,0.0,-0.01635111139543998
1197,no_feedback,50,6,3,0,0,-1.0,0.0,1,0,1,0,0.0,-0.01635111139543998
1198,no_feedback,50,2,3,0,1,1.0,0.0,0,nan,nan,nan,0.0,-0.01635111139543998
1199,no_feedback,50,8,2,0,0,-1.0,0.0,1,1,0,0,0.0,-0.01635111139543998
1200,no_feedback,50,0,5,1,0,-1.0,0.0,1,0,1,0,0.0,-0.01635111139543998
1201,no_feedback,50,1,5,1,0,-1.0,0.0,1,0,1,0,0.0,-0.01635111139543998
1202,no_feedback,50,0,3,0,0,-1.0,0.0,1,0,1,0,0.0,-0.01635111139543998
1203,no_feedback,50,5,3,0,0,-1.0,0.0,1,0,1,0,0.0,-0.01635111139543998
1204,no_feedback,50,3,3,0,1,1.0,0.0,0,nan,nan,nan,0.0,-0.01635111139543998
1205,no_feedback,50,2,2,0,1,1.0,0.0,0,nan,nan,nan,0.0,-0.01635111139543998
1206,no_feedback,50,5,1,0,0,-1.0,0.0,1,2,0,0,0.0,-0.01635111139543998
1207,no_feedback,50,3,3,0,1,1.0,0.0,0,nan,nan,nan,0.0,-0.01635111139543998
1208,no_feedback,50,5,4,1,1,1.0,0.0,0,nan,nan,nan,0.0,-0.01635111139543998
1209,no_feedback,50,8,3,0,0,-1.0,0.0,1,2,0,0,0.0,-0.01635111139543998
1210,no_feedback,50,5,3,0,0,-1.0,0.0,1,0,1,0,0.0,-0.01635111139543998
1211,no_feedback,50,6,3,0,0,-1.0,0.0,1,0,1,0,0.0,-0.01635111139543998
1212,no_feedback,50,4,5,1,1,1.0,0.0,0,nan,nan,nan,0.0,-0.01635111139543998
1213,no_feedback,50,0,4,0,0,-1.0,0.0,1,1,0,0,0.0,-0.01635111139543998
1214,no_feedback,50,8,3,0,0,-1.0,0.0,1,0,1,0,0.0,-0.01635111139543998
1215,no_feedback,50,3,5,1,0,-1.0,0.0,1,0,1,0,0.0,-0.01635111139543998
1216,no_feedback,50,6,3,0,0,-1.0,0.0,1,0,1,0,0.0,-0.01635111139543998
1217,no_feedback,50,5,5,1,1,1.0,0.0,0,nan,nan,nan,0.0,-0.01635111139543998
1218,no_feedback,50,5,6,1,1,1.0,0.0,0,nan,nan,nan,0.0,-0.01635111139543998
1219,no_feedback,50,6,7,1,1,1.0,0.0,0,nan,nan,nan,0.0,-0.01635111139543998
1220,no_feedback,50,3,8,1,0,-1.0,0.0,1,3,0,1,0.0,-0.01635111139543998
1221,no_feedback,50,4,5,1,1,1.0,0.0,0,nan,nan,nan,0.0,-0.01635111139543998
1222,no_feedback,50,0,4,0,0,-1.0,0.0,1,1,0,0,0.0,-0.01635111139543998
1223,no_feedback,50,6,3,0,0,-1.0,0.0,1,0,1,0,0.0,-0.01635111139543998
1224,no_feedback,50,4,5,1,1,1.0,0.0,0,nan,nan,nan,0.0,-0.01635111139543998
1225,no_feedback,50,4,6,1,0,-1.0,0.0,1,1,0,0,0.0,-0.01635111139543998
1226,no_feedback,50,1,3,0,0,-1.0,0.0,1,0,1,0,0.0,-0.01635111139543998
1227,no_feedback,50,1,3,0,0,-1.0,0.0,1,0,1,0,0.0,-0.01635111139543998
1228,no_feedback,50,1,3,0,0,-1.0,0.0,1,0,1,0,0.0,-0.01635111139543998
1229,no_feedback,50,7,5,1,0,-1.0,0.0,1,0,1,0,0.0,-0.01635111139543998
1230,no_feedback,50,6,3,0,0,-1.0,0.0,1,0,1,0,0.0,-0.01635111139543998
1231,no_feedback,50,5,3,0,0,-1.0,0.0,1,0,1,0,0.0,-0.01635111139543998
1232,no_feedback,50,1,5,1,0,-1.0,0.0,1,0,1,0,0.0,-0.01635111139543998
1233,no_feedback,50,2,3,0,1,1.0,0.0,0,nan,nan,nan,0.0,-0.01635111139543998
1234,no_feedback,50,0,2,0,0,-1.0,0.0,1,1,0,0,0.0,-0.01635111139543998
1235,no_feedback,50,7,3,0,0,-1.0,0.0,1,0,1,0,0.0,-0.01635111139543998
1236,no_feedback,50,1,5,1,0,-1.0,0.0,1,0,1,0,0.0,-0.01635111139543998
1237,no_feedback,50,8,5,1,0,-1.0,0.0,1,0,1,0,0.0,-0.01635111139543998
1238,no_feedback,50,1,5,1,0,-1.0,0.0,1,0,1,0,0.0,-0.01635111139543998
1239,no_feedback,50,5,3,0,0,-1.0,0.0,1,0,1,0,0.0,-0.01635111139543998
1240,no_feedback,50,6,5,1,1,1.0,0.0,0,nan,nan,nan,0.0,-0.01635111139543998
1241,no_feedback,50,6,4,0,0,-1.0,0.0,1,1,0,0,0.0,-0.01635111139543998
1242,no_feedback,50,6,5,1,1,1.0,0.0,0,nan,nan,nan,0.0,-0.01635111139543998
1243,no_feedback,50,5,4,0,1,1.0,0.0,0,nan,nan,nan,0.0,-0.01635111139543998
1244,no_feedback,50,3,3,0,1,1.0,0.0,0,nan,nan,nan,0.0,-0.01635111139543998
1245,no_feedback,50,3,2,0,1,1.0,0.0,0,nan,nan,nan,0.0,-0.01635111139543998
1246,no_feedback,50,6,1,0,0,-1.0,0.0,1,4,0,1,0.0,-0.01635111139543998
1247,no_feedback,50,8,5,1,0,-1.0,0.0,1,0,1,0,0.0,-0.01635111139543998
1248,no_feedback,50,5,3,0,0,-1.0,0.0,1,0,1,0,0.0,-0.01635111139543998
1249,no_feedback,50,6,3,0,0,-1.0,0.0,1,0,1,0,0.0,-0.01635111139543998
1250,no_feedback,50,6,3,0,0,-1.0,0.0,1,0,1,0,0.0,-0.01635111139543998
1251,no_feedback,50,2,3,0,1,1.0,0.0,0,nan,nan,nan,0.0,-0.01635111139543998
1252,no_feedback,50,8,4,1,0,-1.0,0.0,1,1,0,0,0.0,-0.01635111139543998
1253,no_feedback,50,6,5,1,1,1.0,0.0,0,nan,nan,nan,0.0,-0.01635111139543998
1254,no_feedback,50,1,6,1,0,-1.0,0.0,1,1,0,0,0.0,-0.01635111139543998
1255,no_feedback,50,3,3,0,1,1.0,0.0,0,nan,nan,nan,0.0,-0.01635111139543998
1256,no_feedback,50,2,4,1,0,-1.0,0.0,1,1,0,0,0.0,-0.01635111139543998
1257,no_feedback,50,2,3,0,1,1.0,0.0,0,nan,nan,nan,0.0,-0.01635111139543998
1258,no_feedback,50,7,2,0,0,-1.0,0.0,1,1,0,0,0.0,-0.01635111139543998
1259,no_feedback,50,2,3,0,1,1.0,0.0,0,nan,nan,nan,0.0,-0.01635111139543998
1260,no_feedback,50,1,4,1,0,-1.0,0.0,1,1,0,0,0.0,-0.01635111139543998
1261,no_feedback,50,0,5,1,0,-1.0,0.0,1,0,1,0,0.0,-0.01635111139543998
1262,no_feedback,50,7,3,0,0,-1.0,0.0,1,0,1,0,0.0,-0.01635111139543998
1263,no_feedback,50,8,3,0,0,-1.0,0.0,1,0,1,0,0.0,-0.01635111139543998
1264,no_feedback,50,7,5,1,0,-1.0,0.0,1,0,1,0,0.0,-0.01635111139543998
1265,no_feedback,50,0,5,1,0,-1.0,0.0,1,0,1,0,0.0,-0.01635111139543998
1266,no_feedback,50,2,5,1,0,-1.0,0.0,1,0,1,0,0.0,-0.01635111139543998
1267,no_feedback,50,5,3,0,0,-1.0,0.0,1,0,1,0,0.0,-0.01635111139543998
1268,no_feedback,50,8,3,0,0,-1.0,0.0,1,0,1,0,0.0,-0.01635111139543998
1269,no_feedback,50,8,3,0,0,-1.0,0.0,1,0,1,0,0.0,-0.01635111139543998
1270,no_feedback,50,1,3,0,0,-1.0,0.0,1,0,1,0,0.0,-0.01635111139543998
1271,no_feedback,50,2,5,1,0,-1.0,0.0,1,0,1,0,0.0,-0.01635111139543998
1272,no_feedback,50,3,3,0,1,1.0,0.0,0,nan,nan,nan,0.0,-0.01635111139543998
1273,no_feedback,50,3,4,1,1,1.0,0.0,0,nan,nan,nan,0.0,-0.01635111139543998
1274,no_feedback,50,0,5,1,0,-1.0,0.0,1,2,0,0,0.0,-0.01635111139543998
1275,no_feedback,50,1,3,0,0,-1.0,0.0,1,0,1,0,0.0,-0.01635111139543998
1276,no_feedback,50,5,5,1,1,1.0,0.0,0,nan,nan,nan,0.0,-0.01635111139543998
1277,no_feedback,50,0,4,0,0,-1.0,0.0,1,1,0,0,0.0,-0.01635111139543998
1278,no_feedback,50,3,5,1,0,-1.0,0.0,1,0,1,0,0.0,-0.01635111139543998
1279,no_feedback,50,0,5,1,0,-1.0,0.0,1,0,1,0,0.0,-0.01635111139543998
1280,no_feedback,50,8,5,1,0,-1.0,0.0,1,0,1,0,0.0,-0.01635111139543998
1281,no_feedback,50,6,5,1,1,1.0,0.0,0,nan,nan,nan,0.0,-0.01635111139543998
1282,no_feedback,50,3,4,0,1,1.0,0.0,0,nan,nan,nan,0.0,-0.01635111139543998
1283,no_feedback,50,2,5,1,0,-1.0,0.0,1,2,0,0,0.0,-0.01635111139543998
1284,no_feedback,50,6,3,0,0,-1.0,0.0,1,0,1,0,0.0,-0.01635111139543998
1285,no_feedback,50,2,3,0,1,1.0,0.0,0,nan,nan,nan,0.0,-0.01635111139543998
1286,no_feedback,50,4,4,1,1,1.0,0.0,0,nan,nan,nan,0.0,-0.01635111139543998
1287,no_feedback,50,1,3,0,0,-1.0,0.0,1,2,0,0,0.0,-0.01635111139543998
1288,no_feedback,50,7,3,0,0,-1.0,0.0,1,0,1,0,0.0,-0.01635111139543998
1289,no_feedback,50,1,3,0,0,-1.0,0.0,1,0,1,0,0.0,-0.01635111139543998
1290,no_feedback,50,1,5,1,0,-1.0,0.0,1,0,1,0,0.0,-0.01635111139543998
1291,no_feedback,50,7,3,0,0,-1.0,0.0,1,0,1,0,0.0,-0.01635111139543998
1292,no_feedback,50,4,5,1,1,1.0,0.0,0,nan,nan,nan,0.0,-0.01635111139543998
1293,no_feedback,50,4,6,1,0,-1.0,0.0,1,1,0,0,0.0,-0.01635111139543998
1294,no_feedback,50,3,5,1,0,-1.0,0.0,1,0,1,0,0.0,-0.01635111139543998
1295,no_feedback,50,3,3,0,1,1.0,0.0,0,nan,nan,nan,0.0,-0.01635111139543998
1296,no_feedback,50,5,4,1,1,1.0,0.0,0,nan,nan,nan,0.0,-0.01635111139543998
1297,no_feedback,50,1,3,0,0,-1.0,0.0,1,2,0,0,0.0,-0.01635111139543998
1298,no_feedback,50,5,3,0,0,-1.0,0.0,1,0,1,0,0.0,-0.01635111139543998
1299,no_feedback,50,0,5,1,0,-1.0,0.0,1,0,1,0,0.0,-0.01635111139543998
1300,no_feedback,50,3,3,0,1,1.0,0.0,0,nan,nan,nan,0.0,-0.01635111139543998
1301,no_feedback,50,8,2,0,0,-1.0,0.0,1,1,0,0,0.0,-0.01635111139543998
1302,no_feedback,50,7,3,0,0,-1.0,0.0,1,0,1,0,0.0,-0.01635111139543998
1303,no_feedback,50,3,5,1,0,-1.0,0.0,1,0,1,0,0.0,-0.01635111139543998
1304,no_feedback,50,0,5,1,0,-1.0,0.0,1,0,1,0,0.0,-0.01635111139543998
1305,no_feedback,50,6,3,0,0,-1.0,0.0,1,0,1,0,0.0,-0.01635111139543998
1306,no_feedback,50,0,5,1,0,-1.0,0.0,1,0,1,0,0.0,-0.01635111139543998
1307,no_feedback,50,3,3,0,1,1.0,0.0,0,nan,nan,nan,0.0,-0.01635111139543998
1308,no_feedback,50,8,2,0,0,-1.0,0.0,1,1,0,0,0.0,-0.01635111139543998
1309,no_feedback,50,6,5,1,1,1.0,0.0,0,nan,nan,nan,0.0,-0.01635111139543998
1310,no_feedback,50,3,4,0,1,1.0,0.0,0,nan,nan,nan,0.0,-0.01635111139543998
1311,no_feedback,50,6,3,0,0,-1.0,0.0,1,2,0,0,0.0,-0.01635111139543998
1312,no_feedback,50,5,3,0,0,-1.0,0.0,1,0,1,0,0.0,-0.01635111139543998
1313,no_feedback,50,4,3,0,1,1.0,0.0,0,nan,nan,nan,0.0,-0.01635111139543998
1314,no_feedback,50,3,4,1,1,1.0,0.0,0,nan,nan,nan,0.0,-0.01635111139543998
1315,no_feedback,50,2,5,1,0,-1.0,0.0,1,2,0,0,0.0,-0.01635111139543998
1316,no_feedback,50,3,5,1,0,-1.0,0.0,1,0,1,0,0.0,-0.01635111139543998
1317,no_feedback,50,1,5,1,0,-1.0,0.0,1,0,1,0,0.0,-0.01635111139543998
1318,no_feedback,50,7,3,0,0,-1.0,0.0,1,0,1,0,0.0,-0.01635111139543998
1319,no_feedback,50,0,3,0,0,-1.0,0.0,1,0,1,0,0.0,-0.01635111139543998
1320,no_feedback,50,0,5,1,0,-1.0,0.0,1,0,1,0,0.0,-0.01635111139543998
1321,no_feedback,50,6,3,0,0,-1.0,0.0,1,0,1,0,0.0,-0.01635111139543998
1322,no_feedback,50,8,3,0,0,-1.0,0.0,1,0,1,0,0.0,-0.01635111139543998
1323,no_feedback,50,3,3,0,1,1.0,0.0,0,nan,nan,nan,0.0,-0.01635111139543998
1324,no_feedback,50,0,4,1,0,-1.0,0.0,1,1,0,0,0.0,-0.01635111139543998
1325,no_feedback,50,6,3,0,0,-1.0,0.0,1,0,1,0,0.0,-0.01635111139543998
1326,no_feedback,50,8,5,1,0,-1.0,0.0,1,0,1,0,0.0,-0.01635111139543998
1327,no_feedback,50,7,5,1,0,-1.0,0.0,1,0,1,0,0.0,-0.01635111139543998
1328,no_feedback,50,8,5,1,0,-1.0,0.0,1,0,1,0,0.0,-0.01635111139543998
1329,no_feedback,50,3,5,1,0,-1.0,0.0,1,0,1,0,0.0,-0.01635111139543998
1330,no_feedback,50,5,5,1,1,1.0,0.0,0,nan,nan,nan,0.0,-0.01635111139543998
1331,no_feedback,50,0,4,0,0,-1.0,0.0,1,1,0,0,0.0,-0.01635111139543998
1332,no_feedback,50,4,5,1,1,1.0,0.0,0,nan,nan,nan,0.0,-0.01635111139543998
1333,no_feedback,50,2,4,0,0,-1.0,0.0,1,1,0,0,0.0,-0.01635111139543998
1334,no_feedback,50,4,5,1,1,1.0,0.0,0,nan,nan,nan,0.0,-0.01635111139543998
1335,no_feedback,50,8,4,0,0,-1.0,0.0,1,1,0,0,0.0,-0.01635111139543998
1336,no_feedback,50,7,3,0,0,-1.0,0.0,1,0,1,0,0.0,-0.01635111139543998
1337,no_feedback,50,4,5,1,1,1.0,0.0,0,nan,nan,nan,0.0,-0.01635111139543998
1338,no_feedback,50,0,6,1,0,-1.0,0.0,1,1,0,0,0.0,-0.01635111139543998
1339,no_feedback,50,3,3,0,1,1.0,0.0,0,nan,nan,nan,0.0,-0.01635111139543998
1340,no_feedback,50,3,4,1,1,1.0,0.0,0,nan,nan,nan,0.0,-0.01635111139543998
1341,no_feedback,50,1,5,1,0,-1.0,0.0,1,2,0,0,0.0,-0.01635111139543998
1342,no_feedback,50,3,5,1,0,-1.0,0.0,1,0,1,0,0.0,-0.01635111139543998
1343,no_feedback,50,2,5,1,0,-1.0,0.0,1,0,1,0,0.0,-0.01635111139543998
1344,no_feedback,50,0,3,0,0,-1.0,0.0,1,0,1,0,0.0,-0.01635111139543998
1345,no_feedback,50,2,3,0,1,1.0,0.0,0,nan,nan,nan,0.0,-0.01635111139543998
1346,no_feedback,50,7,2,0,0,-1.0,0.0,1,1,0,0,0.0,-0.01635111139543998
1347,no_feedback,50,0,5,1,0,-1.0,0.0,1,0,1,0,0.0,-0.01635111139543998
1348,no_feedback,50,8,3,0,0,-1.0,0.0,1,0,1,0,0.0,-0.01635111139543998
1349,no_feedback,50,7,5,1,0,-1.0,0.0,1,0,1,0,0.0,-0.01635111139543998
1350,no_feedback,50,6,5,1,1,1.0,0.0,0,nan,nan,nan,0.0,-0.01635111139543998
1351,no_feedback,50,7,4,0,0,-1.0,0.0,1,1,0,0,0.0,-0.01635111139543998
1352,no_feedback,50,2,5,1,0,-1.0,0.0,1,0,1,0,0.0,-0.01635111139543998
1353,no_feedback,50,1,5,1,0,-1.0,0.0,1,0,1,0,0.0,-0.01635111139543998
1354,no_feedback,50,0,3,0,0,-1.0,0.0,1,0,1,0,0.0,-0.01635111139543998
1355,no_feedback,50,3,5,1,0,-1.0,0.0,1,0,1,0,0.0,-0.01635111139543998
1356,no_feedback,50,5,5,1,1,1.0,0.0,0,nan,nan,nan,0.0,-0.01635111139543998
1357,no_feedback,50,3,4,0,1,1.0,0.0,0,nan,nan,nan,0.0,-0.01635111139543998
1358,no_feedback,50,1,3,0,0,-1.0,0.0,1,2,0,0,0.0,-0.01635111139543998
1359,no_feedback,50,8,3,0,0,-1.0,0.0,1,0,1,0,0.0,-0.01635111139543998
1360,no_feedback,50,4,5,1,1,1.0,0.0,0,nan,nan,nan,0.0,-0.01635111139543998
1361,no_feedback,50,5,4,0,1,1.0,0.0,0,nan,nan,nan,0.0,-0.01635111139543998
1362,no_feedback,50,2,5,1,0,-1.0,0.0,1,2,0,0,0.0,-0.01635111139543998
1363,no_feedback,50,8,5,1,0,-1.0,0.0,1,0,1,0,0.0,-0.01635111139543998
1364,no_feedback,50,1,3,0,0,-1.0,0.0,1,0,1,0,0.0,-0.01635111139543998
1365,no_feedback,50,7,3,0,0,-1.0,0.0,1,0,1,0,0.0,-0.01635111139543998
1366,no_feedback,50,1,5,1,0,-1.0,0.0,1,0,1,0,0.0,-0.01635111139543998
1367,no_feedback,50,3,5,1,0,-1.0,0.0,1,0,1,0,0.0,-0.01635111139543998
1368,no_feedback,50,6,5,1,1,1.0,0.0,0,nan,nan,nan,0.0,-0.01635111139543998
1369,no_feedback,50,3,4,0,1,1.0,0.0,0,nan,nan,nan,0.0,-0.01635111139543998
1370,no_feedback,50,7,3,0,0,-1.0,0.0,1,2,0,0,0.0,-0.01635111139543998
1371,no_feedback,50,4,5,1,1,1.0,0.0,0,nan,nan,nan,0.0,-0.01635111139543998
1372,no_feedback,50,0,6,1,0,-1.0,0.0,1,1,0,0,0.0,-0.01635111139543998
1373,no_feedback,50,0,5,1,0,-1.0,0.0,1,0,1,0,0.0,-0.01635111139543998
1374,no_feedback,50,8,5,1,0,-1.0,0.0,1,0,1,0,0.0,-0.01635111139543998
1375,no_feedback,50,6,3,0,0,-1.0,0.0,1,0,1,0,0.0,-0.01635111139543998
1376,no_feedback,50,6,3,0,0,-1.0,0.0,1,0,1,0,0.0,-0.01635111139543998
1377,no_feedback,50,7,5,1,0,-1.0,0.0,1,0,1,0,0.0,-0.01635111139543998
1378,no_feedback,50,3,5,1,0,-1.0,0.0,1,0,1,0,0.0,-0.01635111139543998
1379,no_feedback,50,6,3,0,0,-1.0,0.0,1,0,1,0,0.0,-0.01635111139543998
1380,no_feedback,50,2,3,0,1,1.0,0.0,0,nan,nan,nan,0.0,-0.01635111139543998
1381,no_feedback,50,7,4,1,0,-1.0,0.0,1,1,0,0,0.0,-0.01635111139543998
1382,no_feedback,50,6,3,0,0,-1.0,0.0,1,0,1,0,0.0,-0.01635111139543998
1383,no_feedback,50,8,5,1,0,-1.0,0.0,1,0,1,0,0.0,-0.01635111139543998
1384,no_feedback,50,1,3,0,0,-1.0,0.0,1,0,1,0,0.0,-0.01635111139543998
1385,no_feedback,50,0,3,0,0,-1.0,0.0,1,0,1,0,0.0,-0.01635111139543998
1386,no_feedback,50,4,5,1,1,1.0,0.0,0,nan,nan,nan,0.0,-0.01635111139543998
1387,no_feedback,50,2,6,1,0,-1.0,0.0,1,1,0,0,0.0,-0.01635111139543998
1388,no_feedback,50,1,3,0,0,-1.0,0.0,1,0,1,0,0.0,-0.01635111139543998
1389,no_feedback,50,6,3,0,0,-1.0,0.0,1,0,1,0,0.0,-0.01635111139543998
1390,no_feedback,50,1,5,1,0,-1.0,0.0,1,0,1,0,0.0,-0.01635111139543998
1391,no_feedback,50,5,5,1,1,1.0,0.0,0,nan,nan,nan,0.0,-0.01635111139543998
1392,no_feedback,50,4,6,1,0,-1.0,0.0,1,1,0,0,0.0,-0.01635111139543998
1393,no_feedback,50,6,3,0,0,-1.0,0.0,1,0,1,0,0.0,-0.01635111139543998
1394,no_feedback,50,5,5,1,1,1.0,0.0,0,nan,nan,nan,0.0,-0.01635111139543998
1395,no_feedback,50,7,6,1,1,1.0,0.0,0,nan,nan,nan,0.0,-0.01635111139543998
1396,no_feedback,50,3,5,0,0,-1.0,0.0,1,2,0,0,0.0,-0.01635111139543998
1397,no_feedback,50,4,3,0,1,1.0,0.0,0,nan,nan,nan,0.0,-0.01635111139543998
1398,no_feedback,50,7,2,0,0,-1.0,0.0,1,1,0,0,0.0,-0.01635111139543998
1399,no_feedback,50,7,5,1,0,-1.0,0.0,1,0,1,0,0.0,-0.01635111139543998
1400,no_feedback,50,1,5,1,0,-1.0,0.0,1,0,1,0,0.0,-0.01635111139543998
1401,no_feedback,50,6,5,1,1,1.0,0.0,0,nan,nan,nan,0.0,-0.01635111139543998
1402,no_feedback,50,4,6,1,0,-1.0,0.0,1,1,0,0,0.0,-0.01635111139543998
1403,no_feedback,50,5,3,0,0,-1.0,0.0,1,0,1,0,0.0,-0.01635111139543998
1404,no_feedback,50,0,5,1,0,-1.0,0.0,1,0,1,0,0.0,-0.01635111139543998
1405,no_feedback,50,3,5,1,0,-1.0,0.0,1,0,1,0,0.0,-0.01635111139543998
1406,no_feedback,50,5,3,0,0,-1.0,0.0,1,0,1,0,0.0,-0.01635111139543998
1407,no_feedback,50,4,3,0,1,1.0,0.0,0,nan,nan,nan,0.0,-0.01635111139543998
1408,no_feedback,50,1,4,1,0,-1.0,0.0,1,1,0,0,0.0,-0.01635111139543998
1409,no_feedback,50,0,3,0,0,-1.0,0.0,1,0,1,0,0.0,-0.01635111139543998
1410,no_feedback,50,3,5,1,0,-1.0,0.0,1,0,1,0,0.0,-0.01635111139543998
1411,no_feedback,50,4,3,0,1,1.0,0.0,0,nan,nan,nan,0.0,-0.01635111139543998
1412,no_feedback,50,4,4,1,1,1.0,0.0,0,nan,nan,nan,0.0,-0.01635111139543998
1413,no_feedback,50,5,3,0,0,-1.0,0.0,1,2,0,0,0.0,-0.01635111139543998
1414,no_feedback,50,7,5,1,0,-1.0,0.0,1,0,1,0,0.0,-0.01635111139543998
1415,no_feedback,50,4,3,0,1,1.0,0.0,0,nan,nan,nan,0.0,-0.01635111139543998
1416,no_feedback,50,1,2,0,1,1.0,0.0,0,nan,nan,nan,0.0,-0.01635111139543998
1417,no_feedback,50,6,1,0,0,-1.0,0.0,1,2,0,0,0.0,-0.01635111139543998
1418,no_feedback,50,2,5,1,0,-1.0,0.0,1,0,1,0,0.0,-0.01635111139543998
1419,no_feedback,50,3,5,1,0,-1.0,0.0,1,0,1,0,0.0,-0.01635111139543998
1420,no_feedback,50,6,3,0,0,-1.0,0.0,1,0,1,0,0.0,-0.01635111139543998
1421,no_feedback,50,8,3,0,0,-1.0,0.0,1,0,1,0,0.0,-0.01635111139543998
1422,no_feedback,50,5,3,0,0,-1.0,0.0,1,0,1,0,0.0,-0.01635111139543998
1423,no_feedback,50,8,5,1,0,-1.0,0.0,1,0,1,0,0.0,-0.01635111139543998
1424,no_feedback,50,6,5,1,1,1.0,0.0,0,nan,nan,nan,0.0,-0.01635111139543998
1425,no_feedback,50,3,4,0,1,1.0,0.0,0,nan,nan,nan,0.0,-0.01635111139543998
1426,no_feedback,50,3,3,0,1,1.0,0.0,0,nan,nan,nan,0.0,-0.01635111139543998
1427,no_feedback,50,7,4,1,0,-1.0,0.0,1,3,0,1,0.0,-0.01635111139543998
1428,no_feedback,50,3,3,0,1,1.0,0.0,0,nan,nan,nan,0.0,-0.01635111139543998
1429,no_feedback,50,3,4,1,1,1.0,0.0,0,nan,nan,nan,0.0,-0.01635111139543998
1430,no_feedback,50,7,5,1,0,-1.0,0.0,1,2,0,0,0.0,-0.01635111139543998
1431,no_feedback,50,0,3,0,0,-1.0,0.0,1,0,1,0,0.0,-0.01635111139543998
1432,no_feedback,50,1,5,1,0,-1.0,0.0,1,0,1,0,0.0,-0.01635111139543998
1433,no_feedback,50,6,5,1,1,1.0,0.0,0,nan,nan,nan,0.0,-0.01635111139543998
1434,no_feedback,50,4,6,1,0,-1.0,0.0,1,1,0,0,0.0,-0.01635111139543998
1435,no_feedback,50,0,5,1,0,-1.0,0.0,1,0,1,0,0.0,-0.01635111139543998
1436,no_feedback,50,5,5,1,1,1.0,0.0,0,nan,nan,nan,0.0,-0.01635111139543998
1437,no_feedback,50,4,4,0,1,1.0,0.0,0,nan,nan,nan,0.0,-0.01635111139543998
1438,no_feedback,50,2,3,0,1,1.0,0.0,0,nan,nan,nan,0.0,-0.01635111139543998
1439,no_feedback,50,0,2,0,0,-1.0,0.0,1,3,0,1,0.0,-0.01635111139543998
1440,no_feedback,50,5,3,0,0,-1.0,0.0,1,0,1,0,0.0,-0.01635111139543998
1441,no_feedback,50,0,3,0,0,-1.0,0.0,1,0,1,0,0.0,-0.01635111139543998
1442,no_feedback,50,1,3,0,0,-1.0,0.0,1,0,1,0,0.0,-0.01635111139543998
1443,no_feedback,50,3,5,1,0,-1.0,0.0,1,0,1,0,0.0,-0.01635111139543998
1444,no_feedback,50,0,5,1,0,-1.0,0.0,1,0,1,0,0.0,-0.01635111139543998
1445,no_feedback,50,2,5,1,0,-1.0,0.0,1,0,1,0,0.0,-0.01635111139543998
1446,no_feedback,50,0,3,0,0,-1.0,0.0,1,0,1,0,0.0,-0.01635111139543998
1447,no_feedback,50,2,5,1,0,-1.0,0.0,1,0,1,0,0.0,-0.01635111139543998
1448,no_feedback,50,7,5,1,0,-1.0,0.0,1,0,1,0,0.0,-0.01635111139543998
1449,no_feedback,50,2,3,0,1,1.0,0.0,0,nan,nan,nan,0.0,-0.01635111139543998
1450,no_feedback,50,8,4,1,0,-1.0,0.0,1,1,0,0,0.0,-0.01635111139543998
1451,no_feedback,50,1,3,0,0,-1.0,0.0,1,0,1,0,0.0,-0.01635111139543998
1452,no_feedback,50,5,3,0,0,-1.0,0.0,1,0,1,0,0.0,-0.01635111139543998
1453,no_feedback,50,4,5,1,1,1.0,0.0,0,nan,nan,nan,0.0,-0.01635111139543998
1454,no_feedback,50,6,6,1,1,1.0,0.0,0,nan,nan,nan,0.0,-0.01635111139543998
1455,no_feedback,50,4,7,1,0,-1.0,0.0,1,2,0,0,0.0,-0.01635111139543998
1456,no_feedback,50,0,5,1,0,-1.0,0.0,1,0,1,0,0.0,-0.01635111139543998
1457,no_feedback,50,8,3,0,0,-1.0,0.0,1,0,1,0,0.0,-0.01635111139543998
1458,no_feedback,50,7,5,1,0,-1.0,0.0,1,0,1,0,0.0,-0.01635111139543998
1459,no_feedback,50,3,5,1,0,-1.0,0.0,1,0,1,0,0.0,-0.01635111139543998
1460,no_feedback,50,5,5,1,1,1.0,0.0,0,nan,nan,nan,0.0,-0.01635111139543998
1461,no_feedback,50,4,4,0,1,1.0,0.0,0,nan,nan,nan,0.0,-0.01635111139543998
1462,no_feedback,50,3,5,1,0,-1.0,0.0,1,2,0,0,0.0,-0.01635111139543998
1463,no_feedback,50,8,5,1,0,-1.0,0.0,1,0,1,0,0.0,-0.01635111139543998
1464,no_feedback,50,4,5,1,1,1.0,0.0,0,nan,nan,nan,0.0,-0.01635111139543998
1465,no_feedback,50,4,4,0,1,1.0,0.0,0,nan,nan,nan,0.0,-0.01635111139543998
1466,no_feedback,50,2,3,0,1,1.0,0.0,0,nan,nan,nan,0.0,-0.01635111139543998
1467,no_feedback,50,6,2,0,0,-1.0,0.0,1,3,0,1,0.0,-0.01635111139543998
1468,no_feedback,50,7,5,1,0,-1.0,0.0,1,0,1,0,0.0,-0.01635111139543998
1469,no_feedback,50,3,5,1,0,-1.0,0.0,1,0,1,0,0.0,-0.01635111139543998
1470,no_feedback,50,7,5,1,0,-1.0,0.0,1,0,1,0,0.0,-0.01635111139543998
1471,no_feedback,50,0,3,0,0,-1.0,0.0,1,0,1,0,0.0,-0.01635111139543998
1472,no_feedback,50,1,3,0,0,-1.0,0.0,1,0,1,0,0.0,-0.01635111139543998
1473,no_feedback,50,1,5,1,0,-1.0,0.0,1,0,1,0,0.0,-0.01635111139543998
1474,no_feedback,50,5,5,1,1,1.0,0.0,0,nan,nan,nan,0.0,-0.01635111139543998
1475,no_feedback,50,2,6,1,0,-1.0,0.0,1,1,0,0,0.0,-0.01635111139543998
1476,no_feedback,50,5,5,1,1,1.0,0.0,0,nan,nan,nan,0.0,-0.01635111139543998
1477,no_feedback,50,3,4,0,1,1.0,0.0,0,nan,nan,nan,0.0,-0.01635111139543998
1478,no_feedback,50,7,5,1,0,-1.0,0.0,1,2,0,0,0.0,-0.01635111139543998
1479,no_feedback,50,6,3,0,0,-1.0,0.0,1,0,1,0,0.0,-0.01635111139543998
1480,no_feedback,50,3,3,0,1,1.0,0.0,0,nan,nan,nan,0.0,-0.01635111139543998
1481,no_feedback,50,4,2,0,0,-1.0,0.0,1,1,0,0,0.0,-0.01635111139543998
1482,no_feedback,50,2,5,1,0,-1.0,0.0,1,0,1,0,0.0,-0.01635111139543998
1483,no_feedback,50,8,3,0,0,-1.0,0.0,1,0,1,0,0.0,-0.01635111139543998
1484,no_feedback,50,0,3,0,0,-1.0,0.0,1,0,1,0,0.0,-0.01635111139543998
1485,no_feedback,50,0,3,0,0,-1.0,0.0,1,0,1,0,0.0,-0.01635111139543998
1486,no_feedback,50,1,3,0,0,-1.0,0.0,1,0,1,0,0.0,-0.01635111139543998
1487,no_feedback,50,4,5,1,1,1.0,0.0,0,nan,nan,nan,0.0,-0.01635111139543998
1488,no_feedback,50,1,4,0,0,-1.0,0.0,1,1,0,0,0.0,-0.01635111139543998
1489,no_feedback,50,6,3,0,0,-1.0,0.0,1,0,1,0,0.0,-0.01635111139543998
1490,no_feedback,50,0,5,1,0,-1.0,0.0,1,0,1,0,0.0,-0.01635111139543998
1491,no_feedback,50,0,5,1,0,-1.0,0.0,1,0,1,0,0.0,-0.01635111139543998
1492,no_feedback,50,6,5,1,1,1.0,0.0,0,nan,nan,nan,0.0,-0.01635111139543998
1493,no_feedback,50,0,6,1,0,-1.0,0.0,1,1,0,0,0.0,-0.01635111139543998
1494,no_feedback,50,3,5,1,0,-1.0,0.0,1,0,1,0,0.0,-0.01635111139543998
1495,no_feedback,50,5,3,0,0,-1.0,0.0,1,0,1,0,0.0,-0.01635111139543998
1496,no_feedback,50,3,3,0,1,1.0,0.0,0,nan,nan,nan,0.0,-0.01635111139543998
1497,no_feedback,50,3,2,0,1,1.0,0.0,0,nan,nan,nan,0.0,-0.01635111139543998
1498,no_feedback,50,3,3,1,1,1.0,0.0,0,nan,nan,nan,0.0,-0.01635111139543998
1499,no_feedback,50,5,2,0,0,-1.0,0.0,1,3,0,1,0.0,-0.01635111139543998
1500,no_feedback,50,7,3,0,0,-1.0,0.0,1,0,1,0,0.0,-0.01635111139543998
1501,no_feedback,50,3,3,0,1,1.0,0.0,0,nan,nan,nan,0.0,-0.01635111139543998
1502,no_feedback,50,7,4,1,0,-1.0,0.0,1,1,0,0,0.0,-0.01635111139543998
1503,no_feedback,50,4,5,1,1,1.0,0.0,0,nan,nan,nan,0.0,-0.01635111139543998
1504,no_feedback,50,5,6,1,1,1.0,0.0,0,nan,nan,nan,0.0,-0.01635111139543998
1505,no_feedback,50,1,5,0,0,-1.0,0.0,1,2,0,0,0.0,-0.01635111139543998
1506,no_feedback,50,4,3,0,1,1.0,0.0,0,nan,nan,nan,0.0,-0.01635111139543998
1507,no_feedback,50,7,4,1,0,-1.0,0.0,1,1,0,0,0.0,-0.01635111139543998
1508,no_feedback,50,3,3,0,1,1.0,0.0,0,nan,nan,nan,0.0,-0.01635111139543998
1509,no_feedback,50,7,2,0,0,-1.0,0.0,1,1,0,0,0.0,-0.01635111139543998
1510,no_feedback,50,1,5,1,0,-1.0,0.0,1,0,1,0,0.0,-0.01635111139543998
1511,no_feedback,50,8,3,0,0,-1.0,0.0,1,0,1,0,0.0,-0.01635111139543998
1512,no_feedback,50,2,3,0,1,1.0,0.0,0,nan,nan,nan,0.0,-0.01635111139543998
1513,no_feedback,50,6,4,1,0,-1.0,0.0,1,1,0,0,0.0,-0.01635111139543998
1514,no_feedback,50,0,3,0,0,-1.0,0.0,1,0,1,0,0.0,-0.01635111139543998
1515,no_feedback,50,5,5,1,1,1.0,0.0,0,nan,nan,nan,0.0,-0.01635111139543998
1516,no_feedback,50,1,4,0,0,-1.0,0.0,1,1,0,0,0.0,-0.01635111139543998
1517,no_feedback,50,4,3,0,1,1.0,0.0,0,nan,nan,nan,0.0,-0.01635111139543998
1518,no_feedback,50,3,4,1,1,1.0,0.0,0,nan,nan,nan,0.0,-0.01635111139543998
1519,no_feedback,50,3,3,0,1,1.0,0.0,0,nan,nan,nan,0.0,-0.01635111139543998
1520,no_feedback,50,0,2,0,0,-1.0,0.0,1,3,0,1,0.0,-0.01635111139543998
1521,no_feedback,50,5,5,1,1,1.0,0.0,0,nan,nan,nan,0.0,-0.01635111139543998
1522,no_feedback,50,7,4,0,0,-1.0,0.0,1,1,0,0,0.0,-0.01635111139543998
1523,no_feedback,50,7,3,0,0,-1.0,0.0,1,0,1,0,0.0,-0.01635111139543998
1524,no_feedback,50,5,5,1,1,1.0,0.0,0,nan,nan,nan,0.0,-0.01635111139543998
1525,no_feedback,50,3,4,0,1,1.0,0.0,0,nan,nan,nan,0.0,-0.01635111139543998
1526,no_feedback,50,7,5,1,0,-1.0,0.0,1,2,0,0,0.0,-0.01635111139543998
1527,no_feedback,50,6,5,1,1,1.0,0.0,0,nan,nan,nan,0.0,-0.01635111139543998
1528,no_feedback,50,0,6,1,0,-1.0,0.0,1,1,0,0,0.0,-0.01635111139543998
1529,no_feedback,50,0,5,1,0,-1.0,0.0,1,0,1,0,0.0,-0.01635111139543998
1530,no_feedback,50,1,5,1,0,-1.0,0.0,1,0,1,0,0.0,-0.01635111139543998
1531,no_feedback,50,3,5,1,0,-1.0,0.0,1,0,1,0,0.0,-0.01635111139543998
1532,no_feedback,50,1,5,1,0,-1.0,0.0,1,0,1,0,0.0,-0.01635111139543998
1533,no_feedback,50,3,3,0,1,1.0,0.0,0,nan,nan,nan,0.0,-0.01635111139543998
1534,no_feedback,50,5,4,1,1,1.0,0.0,0,nan,nan,nan,0.0,-0.01635111139543998
1535,no_feedback,50,1,5,1,0,-1.0,0.0,1,2,0,0,0.0,-0.01635111139543998
1536,no_feedback,50,2,5,1,0,-1.0,0.0,1,0,1,0,0.0,-0.01635111139543998
1537,no_feedback,50,2,5,1,0,-1.0,0.0,1,0,1,0,0.0,-0.01635111139543998
1538,no_feedback,50,3,3,0,1,1.0,0.0,0,nan,nan,nan,0.0,-0.01635111139543998
1539,no_feedback,50,8,2,0,0,-1.0,0.0,1,1,0,0,0.0,-0.01635111139543998
1540,no_feedback,50,3,5,1,0,-1.0,0.0,1,0,1,0,0.0,-0.01635111139543998
1541,no_feedback,50,0,3,0,0,-1.0,0.0,1,0,1,0,0.0,-0.01635111139543998
1542,no_feedback,50,5,3,0,0,-1.0,0.0,1,0,1,0,0.0,-0.01635111139543998
1543,no_feedback,50,7,5,1,0,-1.0,0.0,1,0,1,0,0.0,-0.01635111139543998
1544,no_feedback,50,2,3,0,1,1.0,0.0,0,nan,nan,nan,0.0,-0.01635111139543998
1545,no_feedback,50,3,2,0,1,1.0,0.0,0,nan,nan,nan,0.0,-0.01635111139543998
1546,no_feedback,50,5,1,0,0,-1.0,0.0,1,2,0,0,0.0,-0.01635111139543998
1547,no_feedback,50,5,5,1,1,1.0,0.0,0,nan,nan,nan,0.0,-0.01635111139543998
1548,no_feedback,50,4,4,0,1,1.0,0.0,0,nan,nan,nan,0.0,-0.01635111139543998
1549,no_feedback,50,3,5,1,0,-1.0,0.0,1,2,0,0,0.0,-0.01635111139543998
1550,no_feedback,50,4,5,1,1,1.0,0.0,0,nan,nan,nan,0.0,-0.01635111139543998
1551,no_feedback,50,8,6,1,0,-1.0,0.0,1,1,0,0,0.0,-0.01635111139543998
1552,no_feedback,50,1,3,0,0,-1.0,0.0,1,0,1,0,0.0,-0.01635111139543998
1553,no_feedback,50,1,5,1,0,-1.0,0.0,1,0,1,0,0.0,-0.01635111139543998
1554,no_feedback,50,8,5,1,0,-1.0,0.0,1,0,1,0,0.0,-0.01635111139543998
1555,no_feedback,50,8,3,0,0,-1.0,0.0,1,0,1,0,0.0,-0.01635111139543998
1556,no_feedback,50,0,5,1,0,-1.0,0.0,1,0,1,0,0.0,-0.01635111139543998
1557,no_feedback,50,2,5,1,0,-1.0,0.0,1,0,1,0,0.0,-0.01635111139543998
1558,no_feedback,50,0,5,1,0,-1.0,0.0,1,0,1,0,0.0,-0.01635111139543998
1559,no_feedback,50,1,5,1,0,-1.0,0.0,1,0,1,0,0.0,-0.01635111139543998
1560,no_feedback,50,1,5,1,0,-1.0,0.0,1,0,1,0,0.0,-0.01635111139543998
1561,no_feedback,50,6,5,1,1,1.0,0.0,0,nan,nan,nan,0.0,-0.01635111139543998
1562,no_feedback,50,7,6,1,1,1.0,0.0,0,nan,nan,nan,0.0,-0.01635111139543998
1563,no_feedback,50,7,7,1,1,1.0,0.0,0,nan,nan,nan,0.0,-0.01635111139543998
1564,no_feedback,50,4,8,1,0,-1.0,0.0,1,3,0,1,0.0,-0.01635111139543998
1565,no_feedback,50,3,5,1,0,-1.0,0.0,1,0,1,0,0.0,-0.01635111139543998
1566,no_feedback,50,4,3,0,1,1.0,0.0,0,nan,nan,nan,0.0,-0.01635111139543998
1567,no_feedback,50,5,4,1,1,1.0,0.0,0,nan,nan,nan,0.0,-0.01635111139543998
1568,no_feedback,50,2,3,0,1,1.0,0.0,0,nan,nan,nan,0.0,-0.01635111139543998
1569,no_feedback,50,8,4,1,0,-1.0,0.0,1,3,0,1,0.0,-0.01635111139543998
1570,no_feedback,50,3,3,0,1,1.0,0.0,0,nan,nan,nan,0.0,-0.01635111139543998
1571,no_feedback,50,0,4,1,0,-1.0,0.0,1,1,0,0,0.0,-0.01635111139543998
1572,no_feedback,50,0,5,1,0,-1.0,0.0,1,0,1,0,0.0,-0.01635111139543998
1573,no_feedback,50,8,3,0,0,-1.0,0.0,1,0,1,0,0.0,-0.01635111139543998
1574,no_feedback,50,5,5,1,1,1.0,0.0,0,nan,nan,nan,0.0,-0.01635111139543998
1575,no_feedback,50,6,6,1,1,1.0,0.0,0,nan,nan,nan,0.0,-0.01635111139543998
1576,no_feedback,50,8,5,0,0,-1.0,0.0,1,2,0,0,0.0,-0.01635111139543998
1577,no_feedback,50,5,3,0,0,-1.0,0.0,1,0,1,0,0.0,-0.01635111139543998
1578,no_feedback,50,3,3,0,1,1.0,0.0,0,nan,nan,nan,0.0,-0.01635111139543998
1579,no_feedback,50,5,4,1,1,1.0,0.0,0,nan,nan,nan,0.0,-0.01635111139543998
1580,no_feedback,50,2,5,1,0,-1.0,0.0,1,2,0,0,0.0,-0.01635111139543998
1581,no_feedback,50,2,3,0,1,1.0,0.0,0,nan,nan,nan,0.0,-0.01635111139543998
1582,no_feedback,50,7,4,1,0,-1.0,0.0,1,1,0,0,0.0,-0.01635111139543998
1583,no_feedback,50,5,5,1,1,1.0,0.0,0,nan,nan,nan,0.0,-0.01635111139543998
1584,no_feedback,50,8,4,0,0,-1.0,0.0,1,1,0,0,0.0,-0.01635111139543998
1585,no_feedback,50,7,5,1,0,-1.0,0.0,1,0,1,0,0.0,-0.01635111139543998
1586,no_feedback,50,5,5,1,1,1.0,0.0,0,nan,nan,nan,0.0,-0.01635111139543998
1587,no_feedback,50,5,6,1,1,1.0,0.0,0,nan,nan,nan,0.0,-0.01635111139543998
1588,no_feedback,50,7,7,1,1,1.0,0.0,0,nan,nan,nan,0.0,-0.01635111139543998
1589,no_feedback,50,5,8,1,0,-1.0,0.0,1,3,0,1,0.0,-0.01635111139543998
1590,no_feedback,50,0,3,0,0,-1.0,0.0,1,0,1,0,0.0,-0.01635111139543998
1591,no_feedback,50,3,3,0,1,1.0,0.0,0,nan,nan,nan,0.0,-0.01635111139543998
1592,no_feedback,50,7,2,0,0,-1.0,0.0,1,1,0,0,0.0,-0.01635111139543998
1593,no_feedback,50,6,3,0,0,-1.0,0.0,1,0,1,0,0.0,-0.01635111139543998
1594,no_feedback,50,3,5,1,0,-1.0,0.0,1,0,1,0,0.0,-0.01635111139543998
1595,no_feedback,50,5,5,1,1,1.0,0.0,0,nan,nan,nan,0.0,-0.01635111139543998
1596,no_feedback,50,0,4,0,0,-1.0,0.0,1,1,0,0,0.0,-0.01635111139543998
1597,no_feedback,50,8,5,1,0,-1.0,0.0,1,0,1,0,0.0,-0.01635111139543998
1598,no_feedback,50,2,5,1,0,-1.0,0.0,1,0,1,0,0.0,-0.01635111139543998
1599,no_feedback,50,8,5,1,0,-1.0,0.0,1,0,1,0,0.0,-0.01635111139543998
1600,no_feedback,50,1,3,0,0,-1.0,0.0,1,0,1,0,0.0,-0.01635111139543998
1601,no_feedback,50,8,3,0,0,-1.0,0.0,1,0,1,0,0.0,-0.01635111139543998
1602,no_feedback,50,2,3,0,1,1.0,0.0,0,nan,nan,nan,0.0,-0.01635111139543998
1603,no_feedback,50,5,2,0,0,-1.0,0.0,1,1,0,0,0.0,-0.01635111139543998
1604,no_feedback,50,8,5,1,0,-1.0,0.0,1,0,1,0,0.0,-0.01635111139543998
1605,no_feedback,50,1,5,1,0,-1.0,0.0,1,0,1,0,0.0,-0.01635111139543998
1606,no_feedback,50,7,3,0,0,-1.0,0.0,1,0,1,0,0.0,-0.01635111139543998
1607,no_feedback,50,8,5,1,0,-1.0,0.0,1,0,1,0,0.0,-0.01635111139543998
1608,no_feedback,50,0,3,0,0,-1.0,0.0,1,0,1,0,0.0,-0.01635111139543998
1609,no_feedback,50,7,5,1,0,-1.0,0.0,1,0,1,0,0.0,-0.01635111139543998
1610,no_feedback,50,8,3,0,0,-1.0,0.0,1,0,1,0,0.0,-0.01635111139543998
1611,no_feedback,50,4,5,1,1,1.0,0.0,0,nan,nan,nan,0.0,-0.01635111139543998
1612,no_feedback,50,2,6,1,0,-1.0,0.0,1,1,0,0,0.0,-0.01635111139543998
1613,no_feedback,50,2,5,1,0,-1.0,0.0,1,0,1,0,0.0,-0.01635111139543998
1614,no_feedback,50,2,5,1,0,-1.0,0.0,1,0,1,0,0.0,-0.01635111139543998
1615,no_feedback,50,3,5,1,0,-1.0,0.0,1,0,1,0,0.0,-0.01635111139543998
1616,no_feedback,50,2,5,1,0,-1.0,0.0,1,0,1,0,0.0,-0.01635111139543998
1617,no_feedback,50,1,3,0,0,-1.0,0.0,1,0,1,0,0.0,-0.01635111139543998
1618,no_feedback,50,3,3,0,1,1.0,0.0,0,nan,nan,nan,0.0,-0.01635111139543998
1619,no_feedback,50,8,4,1,0,-1.0,0.0,1,1,0,0,0.0,-0.01635111139543998
1620,no_feedback,50,8,3,0,0,-1.0,0.0,1,0,1,0,0.0,-0.01635111139543998
1621,no_feedback,50,0,3,0,0,-1.0,0.0,1,0,1,0,0.0,-0.01635111139543998
1622,no_feedback,50,8,3,0,0,-1.0,0.0,1,0,1,0,0.0,-0.01635111139543998
1623,no_feedback,50,3,3,0,1,1.0,0.0,0,nan,nan,nan,0.0,-0.01635111139543998
1624,no_feedback,50,6,4,1,0,-1.0,0.0,1,1,0,0,0.0,-0.01635111139543998
1625,no_feedback,50,3,5,1,0,-1.0,0.0,1,0,1,0,0.0,-0.01635111139543998
1626,no_feedback,50,5,3,0,0,-1.0,0.0,1,0,1,0,0.0,-0.01635111139543998
1627,no_feedback,50,6,5,1,1,1.0,0.0,0,nan,nan,nan,0.0,-0.01635111139543998
1628,no_feedback,50,5,4,0,1,1.0,0.0,0,nan,nan,nan,0.0,-0.01635111139543998
1629,no_feedback,50,5,5,1,1,1.0,0.0,0,nan,nan,nan,0.0,-0.01635111139543998
1630,no_feedback,50,4,4,0,1,1.0,0.0,0,nan,nan,nan,0.0,-0.01635111139543998
1631,no_feedback,50,7,5,1,0,-1.0,0.0,1,4,0,1,0.0,-0.01635111139543998
1632,no_feedback,50,5,5,1,1,1.0,0.0,0,nan,nan,nan,0.0,-0.01635111139543998
1633,no_feedback,50,6,6,1,1,1.0,0.0,0,nan,nan,nan,0.0,-0.01635111139543998
1634,no_feedback,50,0,7,1,0,-1.0,0.0,1,2,0,0,0.0,-0.01635111139543998
1635,no_feedback,50,2,3,0,1,1.0,0.0,0,nan,nan,nan,0.0,-0.01635111139543998
1636,no_feedback,50,2,2,0,1,1.0,0.0,0,nan,nan,nan,0.0,-0.01635111139543998
1637,no_feedback,50,7,3,1,0,-1.0,0.0,1,2,0,0,0.0,-0.01635111139543998
1638,no_feedback,50,0,5,1,0,-1.0,0.0,1,0,1,0,0.0,-0.01635111139543998
1639,no_feedback,50,5,3,0,0,-1.0,0.0,1,0,1,0,0.0,-0.01635111139543998
1640,no_feedback,50,3,3,0,1,1.0,0.0,0,nan,nan,nan,0.0,-0.01635111139543998
1641,no_feedback,50,2,4,1,0,-1.0,0.0,1,1,0,0,0.0,-0.01635111139543998
1642,no_feedback,50,8,5,1,0,-1.0,0.0,1,0,1,0,0.0,-0.01635111139543998
1643,no_feedback,50,2,3,0,1,1.0,0.0,0,nan,nan,nan,0.0,-0.01635111139543998
1644,no_feedback,50,5,4,1,1,1.0,0.0,0,nan,nan,nan,0.0,-0.01635111139543998
1645,no_feedback,50,4,3,0,1,1.0,0.0,0,nan,nan,nan,0.0,-0.01635111139543998
1646,no_feedback,50,0,2,0,0,-1.0,0.0,1,3,0,1,0.0,-0.01635111139543998
1647,no_feedback,50,2,3,0,1,1.0,0.0,0,nan,nan,nan,0.0,-0.01635111139543998
1648,no_feedback,50,0,4,1,0,-1.0,0.0,1,1,0,0,0.0,-0.01635111139543998
1649,no_feedback,50,0,5,1,0,-1.0,0.0,1,0,1,0,0.0,-0.01635111139543998
1650,no_feedback,50,2,3,0,1,1.0,0.0,0,nan,nan,nan,0.0,-0.01635111139543998
1651,no_feedback,50,1,2,0,1,1.0,0.0,0,nan,nan,nan,0.0,-0.01635111139543998
1652,no_feedback,50,0,3,1,0,-1.0,0.0,1,2,0,0,0.0,-0.01635111139543998
1653,no_feedback,50,2,5,1,0,-1.0,0.0,1,0,1,0,0.0,-0.01635111139543998
1654,no_feedback,50,5,5,1,1,1.0,0.0,0,nan,nan,nan,0.0,-0.01635111139543998
1655,no_feedback,50,7,4,0,0,-1.0,0.0,1,1,0,0,0.0,-0.01635111139543998
1656,no_feedback,50,7,5,1,0,-1.0,0.0,1,0,1,0,0.0,-0.01635111139543998
1657,no_feedback,50,1,5,1,0,-1.0,0.0,1,0,1,0,0.0,-0.01635111139543998
1658,no_feedback,50,8,5,1,0,-1.0,0.0,1,0,1,0,0.0,-0.01635111139543998
1659,no_feedback,50,0,3,0,0,-1.0,0.0,1,0,1,0,0.0,-0.01635111139543998
1660,no_feedback,50,6,3,0,0,-1.0,0.0,1,0,1,0,0.0,-0.01635111139543998
1661,no_feedback,50,1,3,0,0,-1.0,0.0,1,0,1,0,0.0,-0.01635111139543998
1662,no_feedback,50,4,3,0,1,1.0,0.0,0,nan,nan,nan,0.0,-0.01635111139543998
1663,no_feedback,50,7,2,0,0,-1.0,0.0,1,1,0,0,0.0,-0.01635111139543998
1664,no_feedback,50,5,3,0,0,-1.0,0.0,1,0,1,0,0.0,-0.01635111139543998
1665,no_feedback,50,8,3,0,0,-1.0,0.0,1,0,1,0,0.0,-0.01635111139543998
1666,no_feedback,50,1,5,1,0,-1.0,0.0,1,0,1,0,0.0,-0.01635111139543998
1667,no_feedback,50,2,5,1,0,-1.0,0.0,1,0,1,0,0.0,-0.01635111139543998
1668,no_feedback,50,5,5,1,1,1.0,0.0,0,nan,nan,nan,0.0,-0.01635111139543998
1669,no_feedback,50,4,4,0,1,1.0,0.0,0,nan,nan,nan,0.0,-0.01635111139543998
1670,no_feedback,50,6,3,0,0,-1.0,0.0,1,2,0,0,0.0,-0.01635111139543998
1671,no_feedback,50,1,5,1,0,-1.0,0.0,1,0,1,0,0.0,-0.01635111139543998
1672,no_feedback,50,5,5,1,1,1.0,0.0,0,nan,nan,nan,0.0,-0.01635111139543998
1673,no_feedback,50,7,4,0,0,-1.0,0.0,1,1,0,0,0.0,-0.01635111139543998
1674,no_feedback,50,2,5,1,0,-1.0,0.0,1,0,1,0,0.0,-0.01635111139543998
1675,no_feedback,50,1,3,0,0,-1.0,0.0,1,0,1,0,0.0,-0.01635111139543998
1676,no_feedback,50,4,3,0,1,1.0,0.0,0,nan,nan,nan,0.0,-0.01635111139543998
1677,no_feedback,50,0,2,0,0,-1.0,0.0,1,1,0,0,0.0,-0.01635111139543998
1678,no_feedback,50,0,5,1,0,-1.0,0.0,1,0,1,0,0.0,-0.01635111139543998
1679,no_feedback,50,8,3,0,0,-1.0,0.0,1,0,1,0,0.0,-0.01635111139543998
1680,no_feedback,50,8,5,1,0,-1.0,0.0,1,0,1,0,0.0,-0.01635111139543998
1681,no_feedback,50,3,5,1,0,-1.0,0.0,1,0,1,0,0.0,-0.01635111139543998
1682,no_feedback,50,0,5,1,0,-1.0,0.0,1,0,1,0,0.0,-0.01635111139543998
1683,no_feedback,50,5,3,0,0,-1.0,0.0,1,0,1,0,0.0,-0.01635111139543998
1684,no_feedback,50,7,5,1,0,-1.0,0.0,1,0,1,0,0.0,-0.01635111139543998
1685,no_feedback,50,5,3,0,0,-1.0,0.0,1,0,1,0,0.0,-0.01635111139543998
1686,no_feedback,50,8,5,1,0,-1.0,0.0,1,0,1,0,0.0,-0.01635111139543998
1687,no_feedback,50,2,5,1,0,-1.0,0.0,1,0,1,0,0.0,-0.01635111139543998
1688,no_feedback,50,7,3,0,0,-1.0,0.0,1,0,1,0,0.0,-0.01635111139543998
1689,no_feedback,50,1,5,1,0,-1.0,0.0,1,0,1,0,0.0,-0.01635111139543998
1690,no_feedback,50,5,3,0,0,-1.0,0.0,1,0,1,0,0.0,-0.01635111139543998
1691,no_feedback,50,5,5,1,1,1.0,0.0,0,nan,nan,nan,0.0,-0.01635111139543998
1692,no_feedback,50,0,6,1,0,-1.0,0.0,1,1,0,0,0.0,-0.01635111139543998
1693,no_feedback,50,7,5,1,0,-1.0,0.0,1,0,1,0,0.0,-0.01635111139543998
1694,no_feedback,50,7,3,0,0,-1.0,0.0,1,0,1,0,0.0,-0.01635111139543998
1695,no_feedback,50,1,5,1,0,-1.0,0.0,1,0,1,0,0.0,-0.01635111139543998
1696,no_feedback,50,7,5,1,0,-1.0,0.0,1,0,1,0,0.0,-0.01635111139543998
1697,no_feedback,50,5,5,1,1,1.0,0.0,0,nan,nan,nan,0.0,-0.01635111139543998
1698,no_feedback,50,5,4,0,1,1.0,0.0,0,nan,nan,nan,0.0,-0.01635111139543998
1699,no_feedback,50,1,5,1,0,-1.0,0.0,1,2,0,0,0.0,-0.01635111139543998
1700,no_feedback,50,5,3,0,0,-1.0,0.0,1,0,1,0,0.0,-0.01635111139543998
1701,no_feedback,50,5,5,1,1,1.0,0.0,0,nan,nan,nan,0.0,-0.01635111139543998
1702,no_feedback,50,4,6,1,0,-1.0,0.0,1,1,0,0,0.0,-0.01635111139543998
1703,no_feedback,50,3,3,0,1,1.0,0.0,0,nan,nan,nan,0.0,-0.01635111139543998
1704,no_feedback,50,4,2,0,0,-1.0,0.0,1,1,0,0,0.0,-0.01635111139543998
1705,no_feedback,50,3,3,0,1,1.0,0.0,0,nan,nan,nan,0.0,-0.01635111139543998
1706,no_feedback,50,0,4,1,0,-1.0,0.0,1,1,0,0,0.0,-0.01635111139543998
1707,no_feedback,50,4,3,0,1,1.0,0.0,0,nan,nan,nan,0.0,-0.01635111139543998
1708,no_feedback,50,3,4,1,1,1.0,0.0,0,nan,nan,nan,0.0,-0.01635111139543998
1709,no_feedback,50,6,5,1,1,1.0,0.0,0,nan,nan,nan,0.0,-0.01635111139543998
1710,no_feedback,50,0,4,0,0,-1.0,0.0,1,3,0,1,0.0,-0.01635111139543998
1711,no_feedback,50,6,3,0,0,-1.0,0.0,1,0,1,0,0.0,-0.01635111139543998
1712,no_feedback,50,0,5,1,0,-1.0,0.0,1,0,1,0,0.0,-0.01635111139543998
1713,no_feedback,50,8,5,1,0,-1.0,0.0,1,0,1,0,0.0,-0.01635111139543998
1714,no_feedback,50,7,5,1,0,-1.0,0.0,1,0,1,0,0.0,-0.01635111139543998
1715,no_feedback,50,7,5,1,0,-1.0,0.0,1,0,1,0,0.0,-0.01635111139543998
1716,no_feedback,50,4,3,0,1,1.0,0.0,0,nan,nan,nan,0.0,-0.01635111139543998
1717,no_feedback,50,6,2,0,0,-1.0,0.0,1,1,0,0,0.0,-0.01635111139543998
1718,no_feedback,50,8,5,1,0,-1.0,0.0,1,0,1,0,0.0,-0.01635111139543998
1719,no_feedback,50,7,3,0,0,-1.0,0.0,1,0,1,0,0.0,-0.01635111139543998
1720,no_feedback,50,7,5,1,0,-1.0,0.0,1,0,1,0,0.0,-0.01635111139543998
1721,no_feedback,50,5,5,1,1,1.0,0.0,0,nan,nan,nan,0.0,-0.01635111139543998
1722,no_feedback,50,1,6,1,0,-1.0,0.0,1,1,0,0,0.0,-0.01635111139543998
1723,no_feedback,50,1,3,0,0,-1.0,0.0,1,0,1,0,0.0,-0.01635111139543998
1724,no_feedback,50,2,5,1,0,-1.0,0.0,1,0,1,0,0.0,-0.01635111139543998
1725,no_feedback,50,7,3,0,0,-1.0,0.0,1,0,1,0,0.0,-0.01635111139543998
1726,no_feedback,50,0,3,0,0,-1.0,0.0,1,0,1,0,0.0,-0.01635111139543998
1727,no_feedback,50,2,3,0,1,1.0,0.0,0,nan,nan,nan,0.0,-0.01635111139543998
1728,no_feedback,50,4,4,1,1,1.0,0.0,0,nan,nan,nan,0.0,-0.01635111139543998
1729,no_feedback,50,8,3,0,0,-1.0,0.0,1,2,0,0,0.0,-0.01635111139543998
1730,no_feedback,50,3,3,0,1,1.0,0.0,0,nan,nan,nan,0.0,-0.01635111139543998
1731,no_feedback,50,5,4,1,1,1.0,0.0,0,nan,nan,nan,0.0,-0.01635111139543998
1732,no_feedback,50,8,3,0,0,-1.0,0.0,1,2,0,0,0.0,-0.01635111139543998
1733,no_feedback,50,0,3,0,0,-1.0,0.0,1,0,1,0,0.0,-0.01635111139543998
1734,no_feedback,50,1,5,1,0,-1.0,0.0,1,0,1,0,0.0,-0.01635111139543998
1735,no_feedback,50,4,5,1,1,1.0,0.0,0,nan,nan,nan,0.0,-0.01635111139543998
1736,no_feedback,50,2,6,1,0,-1.0,0.0,1,1,0,0,0.0,-0.01635111139543998
1737,no_feedback,50,6,5,1,1,1.0,0.0,0,nan,nan,nan,0.0,-0.01635111139543998
1738,no_feedback,50,4,6,1,0,-1.0,0.0,1,1,0,0,0.0,-0.01635111139543998
1739,no_feedback,50,8,3,0,0,-1.0,0.0,1,0,1,0,0.0,-0.01635111139543998
1740,no_feedback,50,2,3,0,1,1.0,0.0,0,nan,nan,nan,0.0,-0.01635111139543998
1741,no_feedback,50,5,4,1,1,1.0,0.0,0,nan,nan,nan,0.0,-0.01635111139543998
1742,no_feedback,50,8,3,0,0,-1.0,0.0,1,2,0,0,0.0,-0.01635111139543998
1743,no_feedback,50,8,3,0,0,-1.0,0.0,1,0,1,0,0.0,-0.01635111139543998
1744,no_feedback,50,8,3,0,0,-1.0,0.0,1,0,1,0,0.0,-0.01635111139543998
1745,no_feedback,50,4,5,1,1,1.0,0.0,0,nan,nan,nan,0.0,-0.01635111139543998
1746,no_feedback,50,6,4,0,0,-1.0,0.0,1,1,0,0,0.0,-0.01635111139543998
1747,no_feedback,50,4,3,0,1,1.0,0.0,0,nan,nan,nan,0.0,-0.01635111139543998
1748,no_feedback,50,2,4,1,0,-1.0,0.0,1,1,0,0,0.0,-0.01635111139543998
1749,no_feedback,50,1,5,1,0,-1.0,0.0,1,0,1,0,0.0,-0.01635111139543998
1750,no_feedback,50,6,3,0,0,-1.0,0.0,1,0,1,0,0.0,-0.01635111139543998
1751,no_feedback,50,0,3,0,0,-1.0,0.0,1,0,1,0,0.0,-0.01635111139543998
1752,no_feedback,50,3,3,0,1,1.0,0.0,0,nan,nan,nan,0.0,-0.01635111139543998
1753,no_feedback,50,7,4,1,0,-1.0,0.0,1,1,0,0,0.0,-0.01635111139543998
1754,no_feedback,50,3,3,0,1,1.0,0.0,0,nan,nan,nan,0.0,-0.01635111139543998
1755,no_feedback,50,5,2,0,0,-1.0,0.0,1,1,0,0,0.0,-0.01635111139543998
1756,no_feedback,50,7,3,0,0,-1.0,0.0,1,0,1,0,0.0,-0.01635111139543998
1757,no_feedback,50,1,3,0,0,-1.0,0.0,1,0,1,0,0.0,-0.01635111139543998
1758,no_feedback,50,4,3,0,1,1.0,0.0,0,nan,nan,nan,0.0,-0.01635111139543998
1759,no_feedback,50,5,2,0,0,-1.0,0.0,1,1,0,0,0.0,-0.01635111139543998
1760,no_feedback,50,6,3,0,0,-1.0,0.0,1,0,1,0,0.0,-0.01635111139543998
1761,no_feedback,50,3,3,0,1,1.0,0.0,0,nan,nan,nan,0.0,-0.01635111139543998
1762,no_feedback,50,3,4,1,1,1.0,0.0,0,nan,nan,nan,0.0,-0.01635111139543998
1763,no_feedback,50,6,3,0,0,-1.0,0.0,1,2,0,0,0.0,-0.01635111139543998
1764,no_feedback,50,0,5,1,0,-1.0,0.0,1,0,1,0,0.0,-0.01635111139543998
1765,no_feedback,50,5,3,0,0,-1.0,0.0,1,0,1,0,0.0,-0.01635111139543998
1766,no_feedback,50,2,3,0,1,1.0,0.0,0,nan,nan,nan,0.0,-0.01635111139543998
1767,no_feedback,50,6,4,1,0,-1.0,0.0,1,1,0,0,0.0,-0.01635111139543998
1768,no_feedback,50,2,5,1,0,-1.0,0.0,1,0,1,0,0.0,-0.01635111139543998
1769,no_feedback,50,1,3,0,0,-1.0,0.0,1,0,1,0,0.0,-0.01635111139543998
1770,no_feedback,50,6,3,0,0,-1.0,0.0,1,0,1,0,0.0,-0.01635111139543998
1771,no_feedback,50,4,3,0,1,1.0,0.0,0,nan,nan,nan,0.0,-0.01635111139543998
1772,no_feedback,50,4,2,0,0,-1.0,0.0,1,1,0,0,0.0,-0.01635111139543998
1773,no_feedback,50,1,3,0,0,-1.0,0.0,1,0,1,0,0.0,-0.01635111139543998
1774,no_feedback,50,5,5,1,1,1.0,0.0,0,nan,nan,nan,0.0,-0.01635111139543998
1775,no_feedback,50,1,6,1,0,-1.0,0.0,1,1,0,0,0.0,-0.01635111139543998
1776,no_feedback,50,6,3,0,0,-1.0,0.0,1,0,1,0,0.0,-0.01635111139543998
1777,no_feedback,50,5,3,0,0,-1.0,0.0,1,0,1,0,0.0,-0.01635111139543998
1778,no_feedback,50,0,3,0,0,-1.0,0.0,1,0,1,0,0.0,-0.01635111139543998
1779,no_feedback,50,3,5,1,0,-1.0,0.0,1,0,1,0,0.0,-0.01635111139543998
1780,no_feedback,50,3,5,1,0,-1.0,0.0,1,0,1,0,0.0,-0.01635111139543998
1781,no_feedback,50,8,3,0,0,-1.0,0.0,1,0,1,0,0.0,-0.01635111139543998
1782,no_feedback,50,6,3,0,0,-1.0,0.0,1,0,1,0,0.0,-0.01635111139543998
1783,no_feedback,50,0,5,1,0,-1.0,0.0,1,0,1,0,0.0,-0.01635111139543998
1784,no_feedback,50,3,3,0,1,1.0,0.0,0,nan,nan,nan,0.0,-0.01635111139543998
1785,no_feedback,50,1,4,1,0,-1.0,0.0,1,1,0,0,0.0,-0.01635111139543998
1786,no_feedback,50,6,3,0,0,-1.0,0.0,1,0,1,0,0.0,-0.01635111139543998
1787,no_feedback,50,7,5,1,0,-1.0,0.0,1,0,1,0,0.0,-0.01635111139543998
1788,no_feedback,50,0,3,0,0,-1.0,0.0,1,0,1,0,0.0,-0.01635111139543998
1789,no_feedback,50,0,3,0,0,-1.0,0.0,1,0,1,0,0.0,-0.01635111139543998
1790,no_feedback,50,3,3,0,1,1.0,0.0,0,nan,nan,nan,0.0,-0.01635111139543998
1791,no_feedback,50,7,4,1,0,-1.0,0.0,1,1,0,0,0.0,-0.01635111139543998
1792,no_feedback,50,1,3,0,0,-1.0,0.0,1,0,1,0,0.0,-0.01635111139543998
1793,no_feedback,50,3,5,1,0,-1.0,0.0,1,0,1,0,0.0,-0.01635111139543998
1794,no_feedback,50,0,5,1,0,-1.0,0.0,1,0,1,0,0.0,-0.01635111139543998
1795,no_feedback,50,5,3,0,0,-1.0,0.0,1,0,1,0,0.0,-0.01635111139543998
1796,no_feedback,50,4,3,0,1,1.0,0.0,0,nan,nan,nan,0.0,-0.01635111139543998
1797,no_feedback,50,0,2,0,0,-1.0,0.0,1,1,0,0,0.0,-0.01635111139543998
1798,no_feedback,50,6,5,1,1,1.0,0.0,0,nan,nan,nan,0.0,-0.01635111139543998
1799,no_feedback,50,6,6,1,1,1.0,0.0,0,nan,nan,nan,0.0,-0.01635111139543998
1800,no_feedback,50,6,7,1,1,1.0,0.0,0,nan,nan,nan,0.0,-0.01635111139543998
1801,no_feedback,50,4,8,1,0,-1.0,0.0,1,3,0,1,0.0,-0.01635111139543998
1802,no_feedback,50,0,5,1,0,-1.0,0.0,1,0,1,0,0.0,-0.01635111139543998
1803,no_feedback,50,5,3,0,0,-1.0,0.0,1,0,1,0,0.0,-0.01635111139543998
1804,no_feedback,50,2,3,0,1,1.0,0.0,0,nan,nan,nan,0.0,-0.01635111139543998
1805,no_feedback,50,3,4,1,1,1.0,0.0,0,nan,nan,nan,0.0,-0.01635111139543998
1806,no_feedback,50,7,3,0,0,-1.0,0.0,1,2,0,0,0.0,-0.01635111139543998
1807,no_feedback,50,1,3,0,0,-1.0,0.0,1,0,1,0,0.0,-0.01635111139543998
1808,no_feedback,50,0,5,1,0,-1.0,0.0,1,0,1,0,0.0,-0.01635111139543998
1809,no_feedback,50,8,3,0,0,-1.0,0.0,1,0,1,0,0.0,-0.01635111139543998
1810,no_feedback,50,3,3,0,1,1.0,0.0,0,nan,nan,nan,0.0,-0.01635111139543998
1811,no_feedback,50,5,4,1,1,1.0,0.0,0,nan,nan,nan,0.0,-0.01635111139543998
1812,no_feedback,50,1,3,0,0,-1.0,0.0,1,2,0,0,0.0,-0.01635111139543998
1813,no_feedback,50,6,3,0,0,-1.0,0.0,1,0,1,0,0.0,-0.01635111139543998
1814,no_feedback,50,3,3,0,1,1.0,0.0,0,nan,nan,nan,0.0,-0.01635111139543998
1815,no_feedback,50,4,2,0,0,-1.0,0.0,1,1,0,0,0.0,-0.01635111139543998
1816,no_feedback,50,0,5,1,0,-1.0,0.0,1,0,1,0,0.0,-0.01635111139543998
1817,no_feedback,50,3,5,1,0,-1.0,0.0,1,0,1,0,0.0,-0.01635111139543998
1818,no_feedback,50,5,3,0,0,-1.0,0.0,1,0,1,0,0.0,-0.01635111139543998
1819,no_feedback,50,1,3,0,0,-1.0,0.0,1,0,1,0,0.0,-0.01635111139543998
1820,no_feedback,50,8,3,0,0,-1.0,0.0,1,0,1,0,0.0,-0.01635111139543998
1821,no_feedback,50,3,5,1,0,-1.0,0.0,1,0,1,0,0.0,-0.01635111139543998
1822,no_feedback,50,4,3,0,1,1.0,0.0,0,nan,nan,nan,0.0,-0.01635111139543998
1823,no_feedback,50,1,4,1,0,-1.0,0.0,1,1,0,0,0.0,-0.01635111139543998
1824,no_feedback,50,5,3,0,0,-1.0,0.0,1,0,1,0,0.0,-0.01635111139543998
1825,no_feedback,50,4,5,1,1,1.0,0.0,0,nan,nan,nan,0.0,-0.01635111139543998
1826,no_feedback,50,5,6,1,1,1.0,0.0,0,nan,nan,nan,0.0,-0.01635111139543998
1827,no_feedback,50,3,7,1,0,-1.0,0.0,1,2,0,0,0.0,-0.01635111139543998
1828,no_feedback,50,8,5,1,0,-1.0,0.0,1,0,1,0,0.0,-0.01635111139543998
1829,no_feedback,50,3,3,0,1,1.0,0.0,0,nan,nan,nan,0.0,-0.01635111139543998
1830,no_feedback,50,5,2,0,0,-1.0,0.0,1,1,0,0,0.0,-0.01635111139543998
1831,no_feedback,50,7,3,0,0,-1.0,0.0,1,0,1,0,0.0,-0.01635111139543998
1832,no_feedback,50,7,3,0,0,-1.0,0.0,1,0,1,0,0.0,-0.01635111139543998
1833,no_feedback,50,5,3,0,0,-1.0,0.0,1,0,1,0,0.0,-0.01635111139543998
1834,no_feedback,50,1,3,0,0,-1.0,0.0,1,0,1,0,0.0,-0.01635111139543998
1835,no_feedback,50,1,3,0,0,-1.0,0.0,1,0,1,0,0.0,-0.01635111139543998
1836,no_feedback,50,0,3,0,0,-1.0,0.0,1,0,1,0,0.0,-0.01635111139543998
1837,no_feedback,50,1,5,1,0,-1.0,0.0,1,0,1,0,0.0,-0.01635111139543998
1838,no_feedback,50,3,5,1,0,-1.0,0.0,1,0,1,0,0.0,-0.01635111139543998
1839,no_feedback,50,5,3,0,0,-1.0,0.0,1,0,1,0,0.0,-0.01635111139543998
1840,no_feedback,50,4,5,1,1,1.0,0.0,0,nan,nan,nan,0.0,-0.01635111139543998
1841,no_feedback,50,2,4,0,0,-1.0,0.0,1,1,0,0,0.0,-0.01635111139543998
1842,no_feedback,50,0,5,1,0,-1.0,0.0,1,0,1,0,0.0,-0.01635111139543998
1843,no_feedback,50,4,3,0,1,1.0,0.0,0,nan,nan,nan,0.0,-0.01635111139543998
1844,no_feedback,50,7,2,0,0,-1.0,0.0,1,1,0,0,0.0,-0.01635111139543998
1845,no_feedback,50,5,3,0,0,-1.0,0.0,1,0,1,0,0.0,-0.01635111139543998
1846,no_feedback,50,7,3,0,0,-1.0,0.0,1,0,1,0,0.0,-0.01635111139543998
1847,no_feedback,50,6,5,1,1,1.0,0.0,0,nan,nan,nan,0.0,-0.01635111139543998
1848,no_feedback,50,6,6,1,1,1.0,0.0,0,nan,nan,nan,0.0,-0.01635111139543998
1849,no_feedback,50,4,5,0,1,1.0,0.0,0,nan,nan,nan,0.0,-0.01635111139543998
1850,no_feedback,50,1,6,1,0,-1.0,0.0,1,3,0,1,0.0,-0.01635111139543998
1851,no_feedback,50,1,3,0,0,-1.0,0.0,1,0,1,0,0.0,-0.01635111139543998
1852,no_feedback,50,0,5,1,0,-1.0,0.0,1,0,1,0,0.0,-0.01635111139543998
1853,no_feedback,50,7,5,1,0,-1.0,0.0,1,0,1,0,0.0,-0.01635111139543998
1854,no_feedback,50,8,5,1,0,-1.0,0.0,1,0,1,0,0.0,-0.01635111139543998
1855,no_feedback,50,6,5,1,1,1.0,0.0,0,nan,nan,nan,0.0,-0.01635111139543998
1856,no_feedback,50,5,4,0,1,1.0,0.0,0,nan,nan,nan,0.0,-0.01635111139543998
1857,no_feedback,50,5,3,0,0,-1.0,0.0,1,2,0,0,0.0,-0.01635111139543998
1858,no_feedback,50,4,5,1,1,1.0,0.0,0,nan,nan,nan,0.0,-0.01635111139543998
1859,no_feedback,50,8,6,1,0,-1.0,0.0,1,1,0,0,0.0,-0.01635111139543998
1860,no_feedback,50,5,5,1,1,1.0,0.0,0,nan,nan,nan,0.0,-0.01635111139543998
1861,no_feedback,50,0,6,1,0,-1.0,0.0,1,1,0,0,0.0,-0.01635111139543998
1862,no_feedback,50,6,3,0,0,-1.0,0.0,1,0,1,0,0.0,-0.01635111139543998
1863,no_feedback,50,2,3,0,1,1.0,0.0,0,nan,nan,nan,0.0,-0.01635111139543998
1864,no_feedback,50,6,2,0,0,-1.0,0.0,1,1,0,0,0.0,-0.01635111139543998
1865,no_feedback,50,5,3,0,0,-1.0,0.0,1,0,1,0,0.0,-0.01635111139543998
1866,no_feedback,50,1,3,0,0,-1.0,0.0,1,0,1,0,0.0,-0.01635111139543998
1867,no_feedback,50,0,3,0,0,-1.0,0.0,1,0,1,0,0.0,-0.01635111139543998
1868,no_feedback,50,3,5,1,0,-1.0,0.0,1,0,1,0,0.0,-0.01635111139543998
1869,no_feedback,50,4,3,0,1,1.0,0.0,0,nan,nan,nan,0.0,-0.01635111139543998
1870,no_feedback,50,4,4,1,1,1.0,0.0,0,nan,nan,nan,0.0,-0.01635111139543998
1871,no_feedback,50,3,3,0,1,1.0,0.0,0,nan,nan,nan,0.0,-0.01635111139543998
1872,no_feedback,50,5,2,0,0,-1.0,0.0,1,3,0,1,0.0,-0.01635111139543998
1873,no_feedback,50,7,3,0,0,-1.0,0.0,1,0,1,0,0.0,-0.01635111139543998
1874,no_feedback,50,7,5,1,0,-1.0,0.0,1,0,1,0,0.0,-0.01635111139543998
1875,no_feedback,50,8,5,1,0,-1.0,0.0,1,0,1,0,0.0,-0.01635111139543998
1876,no_feedback,50,1,5,1,0,-1.0,0.0,1,0,1,0,0.0,-0.01635111139543998
1877,no_feedback,50,1,5,1,0,-1.0,0.0,1,0,1,0,0.0,-0.01635111139543998
1878,no_feedback,50,3,5,1,0,-1.0,0.0,1,0,1,0,0.0,-0.01635111139543998
1879,no_feedback,50,1,3,0,0,-1.0,0.0,1,0,1,0,0.0,-0.01635111139543998
1880,no_feedback,50,3,5,1,0,-1.0,0.0,1,0,1,0,0.0,-0.01635111139543998
1881,no_feedback,50,5,5,1,1,1.0,0.0,0,nan,nan,nan,0.0,-0.01635111139543998
1882,no_feedback,50,8,6,1,0,-1.0,0.0,1,1,0,0,0.0,-0.01635111139543998
1883,no_feedback,50,0,3,0,0,-1.0,0.0,1,0,1,0,0.0,-0.01635111139543998
1884,no_feedback,50,6,5,1,1,1.0,0.0,0,nan,nan,nan,0.0,-0.01635111139543998
1885,no_feedback,50,3,4,0,1,1.0,0.0,0,nan,nan,nan,0.0,-0.01635111139543998
1886,no_feedback,50,2,3,0,1,1.0,0.0,0,nan,nan,nan,0.0,-0.01635111139543998
1887,no_feedback,50,7,2,0,0,-1.0,0.0,1,3,0,1,0.0,-0.01635111139543998
1888,no_feedback,50,8,5,1,0,-1.0,0.0,1,0,1,0,0.0,-0.01635111139543998
1889,no_feedback,50,6,3,0,0,-1.0,0.0,1,0,1,0,0.0,-0.01635111139543998
1890,no_feedback,50,0,5,1,0,-1.0,0.0,1,0,1,0,0.0,-0.01635111139543998
1891,no_feedback,50,0,3,0,0,-1.0,0.0,1,0,1,0,0.0,-0.01635111139543998
1892,no_feedback,50,4,5,1,1,1.0,0.0,0,nan,nan,nan,0.0,-0.01635111139543998
1893,no_feedback,50,6,6,1,1,1.0,0.0,0,nan,nan,nan,0.0,-0.01635111139543998
1894,no_feedback,50,8,5,0,0,-1.0,0.0,1,2,0,0,0.0,-0.01635111139543998
1895,no_feedback,50,0,3,0,0,-1.0,0.0,1,0,1,0,0.0,-0.01635111139543998
1896,no_feedback,50,7,3,0,0,-1.0,0.0,1,0,1,0,0.0,-0.01635111139543998
1897,no_feedback,50,8,3,0,0,-1.0,0.0,1,0,1,0,0.0,-0.01635111139543998
1898,no_feedback,50,0,5,1,0,-1.0,0.0,1,0,1,0,0.0,-0.01635111139543998
1899,no_feedback,50,8,3,0,0,-1.0,0.0,1,0,1,0,0.0,-0.01635111139543998
1900,no_feedback,50,4,3,0,1,1.0,0.0,0,nan,nan,nan,0.0,-0.01635111139543998
1901,no_feedback,50,6,4,1,0,-1.0,0.0,1,1,0,0,0.0,-0.01635111139543998
1902,no_feedback,50,3,5,1,0,-1.0,0.0,1,0,1,0,0.0,-0.01635111139543998
1903,no_feedback,50,4,3,0,1,1.0,0.0,0,nan,nan,nan,0.0,-0.01635111139543998
1904,no_feedback,50,6,2,0,0,-1.0,0.0,1,1,0,0,0.0,-0.01635111139543998
1905,no_feedback,50,2,3,0,1,1.0,0.0,0,nan,nan,nan,0.0,-0.01635111139543998
1906,no_feedback,50,5,4,1,1,1.0,0.0,0,nan,nan,nan,0.0,-0.01635111139543998
1907,no_feedback,50,5,3,0,0,-1.0,0.0,1,2,0,0,0.0,-0.01635111139543998
1908,no_feedback,50,4,3,0,1,1.0,0.0,0,nan,nan,nan,0.0,-0.01635111139543998
1909,no_feedback,50,0,4,1,0,-1.0,0.0,1,1,0,0,0.0,-0.01635111139543998
1910,no_feedback,50,1,3,0,0,-1.0,0.0,1,0,1,0,0.0,-0.01635111139543998
1911,no_feedback,50,0,5,1,0,-1.0,0.0,1,0,1,0,0.0,-0.01635111139543998
1912,no_feedback,50,5,3,0,0,-1.0,0.0,1,0,1,0,0.0,-0.01635111139543998
1913,no_feedback,50,6,5,1,1,1.0,0.0,0,nan,nan,nan,0.0,-0.01635111139543998
1914,no_feedback,50,7,6,1,1,1.0,0.0,0,nan,nan,nan,0.0,-0.01635111139543998
1915,no_feedback,50,3,7,1,0,-1.0,0.0,1,2,0,0,0.0,-0.01635111139543998
1916,no_feedback,50,6,5,1,1,1.0,0.0,0,nan,nan,nan,0.0,-0.01635111139543998
1917,no_feedback,50,3,4,0,1,1.0,0.0,0,nan,nan,nan,0.0,-0.01635111139543998
1918,no_feedback,50,6,5,1,1,1.0,0.0,0,nan,nan,nan,0.0,-0.01635111139543998
1919,no_feedback,50,8,6,1,0,-1.0,0.0,1,3,0,1,0.0,-0.01635111139543998
1920,no_feedback,50,8,5,1,0,-1.0,0.0,1,0,1,0,0.0,-0.01635111139543998
1921,no_feedback,50,8,3,0,0,-1.0,0.0,1,0,1,0,0.0,-0.01635111139543998
1922,no_feedback,50,4,3,0,1,1.0,0.0,0,nan,nan,nan,0.0,-0.01635111139543998
1923,no_feedback,50,2,4,1,0,-1.0,0.0,1,1,0,0,0.0,-0.01635111139543998
1924,no_feedback,50,1,3,0,0,-1.0,0.0,1,0,1,0,0.0,-0.01635111139543998
1925,no_feedback,50,1,3,0,0,-1.0,0.0,1,0,1,0,0.0,-0.01635111139543998
1926,no_feedback,50,0,3,0,0,-1.0,0.0,1,0,1,0,0.0,-0.01635111139543998
1927,no_feedback,50,4,5,1,1,1.0,0.0,0,nan,nan,nan,0.0,-0.01635111139543998
1928,no_feedback,50,4,6,1,0,-1.0,0.0,1,1,0,0,0.0,-0.01635111139543998
1929,no_feedback,50,7,5,1,0,-1.0,0.0,1,0,1,0,0.0,-0.01635111139543998
1930,no_feedback,50,4,5,1,1,1.0,0.0,0,nan,nan,nan,0.0,-0.01635111139543998
1931,no_feedback,50,6,6,1,1,1.0,0.0,0,nan,nan,nan,0.0,-0.01635111139543998
1932,no_feedback,50,4,5,0,1,1.0,0.0,0,nan,nan,nan,0.0,-0.01635111139543998
1933,no_feedback,50,5,6,1,1,1.0,0.0,0,nan,nan,nan,0.0,-0.01635111139543998
1934,no_feedback,50,4,7,1,0,-1.0,0.0,1,4,0,1,0.0,-0.01635111139543998
1935,no_feedback,50,4,3,0,1,1.0,0.0,0,nan,nan,nan,0.0,-0.01635111139543998
1936,no_feedback,50,3,2,0,1,1.0,0.0,0,nan,nan,nan,0.0,-0.01635111139543998
1937,no_feedback,50,6,3,1,0,-1.0,0.0,1,2,0,0,0.0,-0.01635111139543998
1938,no_feedback,50,1,3,0,0,-1.0,0.0,1,0,1,0,0.0,-0.01635111139543998
1939,no_feedback,50,3,5,1,0,-1.0,0.0,1,0,1,0,0.0,-0.01635111139543998
1940,no_feedback,50,3,5,1,0,-1.0,0.0,1,0,1,0,0.0,-0.01635111139543998
1941,no_feedback,50,5,5,1,1,1.0,0.0,0,nan,nan,nan,0.0,-0.01635111139543998
1942,no_feedback,50,0,4,0,0,-1.0,0.0,1,1,0,0,0.0,-0.01635111139543998
1943,no_feedback,50,7,5,1,0,-1.0,0.0,1,0,1,0,0.0,-0.01635111139543998
1944,no_feedback,50,7,5,1,0,-1.0,0.0,1,0,1,0,0.0,-0.01635111139543998
1945,no_feedback,50,7,5,1,0,-1.0,0.0,1,0,1,0,0.0,-0.01635111139543998
1946,no_feedback,50,6,5,1,1,1.0,0.0,0,nan,nan,nan,0.0,-0.01635111139543998
1947,no_feedback,50,1,6,1,0,-1.0,0.0,1,1,0,0,0.0,-0.01635111139543998
1948,no_feedback,50,4,5,1,1,1.0,0.0,0,nan,nan,nan,0.0,-0.01635111139543998
1949,no_feedback,50,1,4,0,0,-1.0,0.0,1,1,0,0,0.0,-0.01635111139543998
1950,no_feedback,50,0,3,0,0,-1.0,0.0,1,0,1,0,0.0,-0.01635111139543998
1951,no_feedback,50,6,5,1,1,1.0,0.0,0,nan,nan,nan,0.0,-0.01635111139543998
1952,no_feedback,50,8,6,1,0,-1.0,0.0,1,1,0,0,0.0,-0.01635111139543998
1953,no_feedback,50,4,3,0,1,1.0,0.0,0,nan,nan,nan,0.0,-0.01635111139543998
1954,no_feedback,50,6,2,0,0,-1.0,0.0,1,1,0,0,0.0,-0.01635111139543998
1955,no_feedback,50,6,3,0,0,-1.0,0.0,1,0,1,0,0.0,-0.01635111139543998
1956,no_feedback,50,5,3,0,0,-1.0,0.0,1,0,1,0,0.0,-0.01635111139543998
1957,no_feedback,50,8,3,0,0,-1.0,0.0,1,0,1,0,0.0,-0.01635111139543998
1958,no_feedback,50,7,3,0,0,-1.0,0.0,1,0,1,0,0.0,-0.01635111139543998
1959,no_feedback,50,6,3,0,0,-1.0,0.0,1,0,1,0,0.0,-0.01635111139543998
1960,no_feedback,50,1,5,1,0,-1.0,0.0,1,0,1,0,0.0,-0.01635111139543998
1961,no_feedback,50,2,3,0,1,1.0,0.0,0,nan,nan,nan,0.0,-0.01635111139543998
1962,no_feedback,50,3,2,0,1,1.0,0.0,0,nan,nan,nan,0.0,-0.01635111139543998
1963,no_feedback,50,3,3,1,1,1.0,0.0,0,nan,nan,nan,0.0,-0.01635111139543998
1964,no_feedback,50,4,2,0,0,-1.0,0.0,1,3,0,1,0.0,-0.01635111139543998
1965,no_feedback,50,3,3,0,1,1.0,0.0,0,nan,nan,nan,0.0,-0.01635111139543998
1966,no_feedback,50,2,4,1,0,-1.0,0.0,1,1,0,0,0.0,-0.01635111139543998
1967,no_feedback,50,2,5,1,0,-1.0,0.0,1,0,1,0,0.0,-0.01635111139543998
1968,no_feedback,50,7,5,1,0,-1.0,0.0,1,0,1,0,0.0,-0.01635111139543998
1969,no_feedback,50,3,3,0,1,1.0,0.0,0,nan,nan,nan,0.0,-0.01635111139543998
1970,no_feedback,50,1,4,1,0,-1.0,0.0,1,1,0,0,0.0,-0.01635111139543998
1971,no_feedback,50,8,5,1,0,-1.0,0.0,1,0,1,0,0.0,-0.01635111139543998
1972,no_feedback,50,0,5,1,0,-1.0,0.0,1,0,1,0,0.0,-0.01635111139543998
1973,no_feedback,50,5,5,1,1,1.0,0.0,0,nan,nan,nan,0.0,-0.01635111139543998
1974,no_feedback,50,0,4,0,0,-1.0,0.0,1,1,0,0,0.0,-0.01635111139543998
1975,no_feedback,50,2,5,1,0,-1.0,0.0,1,0,1,0,0.0,-0.01635111139543998
1976,no_feedback,50,2,5,1,0,-1.0,0.0,1,0,1,0,0.0,-0.01635111139543998
1977,no_feedback,50,4,5,1,1,1.0,0.0,0,nan,nan,nan,0.0,-0.01635111139543998
1978,no_feedback,50,6,4,0,0,-1.0,0.0,1,1,0,0,0.0,-0.01635111139543998
1979,no_feedback,50,2,3,0,1,1.0,0.0,0,nan,nan,nan,0.0,-0.01635111139543998
1980,no_feedback,50,4,2,0,0,-1.0,0.0,1,1,0,0,0.0,-0.01635111139543998
1981,no_feedback,50,4,5,1,1,1.0,0.0,0,nan,nan,nan,0.0,-0.01635111139543998
1982,no_feedback,50,8,6,1,0,-1.0,0.0,1,1,0,0,0.0,-0.01635111139543998
1983,no_feedback,50,8,5,1,0,-1.0,0.0,1,0,1,0,0.0,-0.01635111139543998
1984,no_feedback,50,8,5,1,0,-1.0,0.0,1,0,1,0,0.0,-0.01635111139543998
1985,no_feedback,50,3,5,1,0,-1.0,0.0,1,0,1,0,0.0,-0.01635111139543998
1986,no_feedback,50,2,3,0,1,1.0,0.0,0,nan,nan,nan,0.0,-0.01635111139543998
1987,no_feedback,50,2,4,1,0,-1.0,0.0,1,1,0,0,0.0,-0.01635111139543998
1988,no_feedback,50,2,3,0,1,1.0,0.0,0,nan,nan,nan,0.0,-0.01635111139543998
1989,no_feedback,50,0,2,0,0,-1.0,0.0,1,1,0,0,0.0,-0.01635111139543998
1990,no_feedback,50,3,5,1,0,-1.0,0.0,1,0,1,0,0.0,-0.01635111139543998
1991,no_feedback,50,7,5,1,0,-1.0,0.0,1,0,1,0,0.0,-0.01635111139543998
1992,no_feedback,50,6,5,1,1,1.0,0.0,0,nan,nan,nan,0.0,-0.01635111139543998
1993,no_feedback,50,6,6,1,1,1.0,0.0,0,nan,nan,nan,0.0,-0.01635111139543998
1994,no_feedback,50,5,7,1,0,-1.0,0.0,1,2,0,0,0.0,-0.01635111139543998
1995,no_feedback,50,8,5,1,0,-1.0,0.0,1,0,1,0,0.0,-0.01635111139543998
1996,no_feedback,50,7,5,1,0,-1.0,0.0,1,0,1,0,0.0,-0.01635111139543998
1997,no_feedback,50,7,3,0,0,-1.0,0.0,1,0,1,0,0.0,-0.01635111139543998
1998,no_feedback,50,2,5,1,0,-1.0,0.0,1,0,1,0,0.0,-0.01635111139543998
1999,no_feedback,50,2,3,0,1,1.0,0.0,0,nan,nan,nan,0.0,-0.01635111139543998
2000,no_feedback,50,2,2,0,1,1.0,0.0,0,nan,nan,nan,0.0,-0.01635111139543998
2001,no_feedback,50,1,3,1,0,-1.0,0.0,1,2,0,0,0.0,-0.01635111139543998
2002,no_feedback,50,3,5,1,0,-1.0,0.0,1,0,1,0,0.0,-0.01635111139543998
2003,no_feedback,50,8,3,0,0,-1.0,0.0,1,0,1,0,0.0,-0.01635111139543998
2004,no_feedback,50,0,5,1,0,-1.0,0.0,1,0,1,0,0.0,-0.01635111139543998
2005,no_feedback,50,2,5,1,0,-1.0,0.0,1,0,1,0,0.0,-0.01635111139543998
2006,no_feedback,50,7,5,1,0,-1.0,0.0,1,0,1,0,0.0,-0.01635111139543998
2007,no_feedback,50,0,5,1,0,-1.0,0.0,1,0,1,0,0.0,-0.01635111139543998
2008,no_feedback,50,3,3,0,1,1.0,0.0,0,nan,nan,nan,0.0,-0.01635111139543998
2009,no_feedback,50,3,4,1,1,1.0,0.0,0,nan,nan,nan,0.0,-0.01635111139543998
2010,no_feedback,50,7,5,1,0,-1.0,0.0,1,2,0,0,0.0,-0.01635111139543998
2011,no_feedback,50,5,5,1,1,1.0,0.0,0,nan,nan,nan,0.0,-0.01635111139543998
2012,no_feedback,50,6,4,0,0,-1.0,0.0,1,1,0,0,0.0,-0.01635111139543998
2013,no_feedback,50,7,3,0,0,-1.0,0.0,1,0,1,0,0.0,-0.01635111139543998
2014,no_feedback,50,5,5,1,1,1.0,0.0,0,nan,nan,nan,0.0,-0.01635111139543998
2015,no_feedback,50,4,4,0,1,1.0,0.0,0,nan,nan,nan,0.0,-0.01635111139543998
2016,no_feedback,50,2,3,0,1,1.0,0.0,0,nan,nan,nan,0.0,-0.01635111139543998
2017,no_feedback,50,8,4,1,0,-1.0,0.0,1,3,0,1,0.0,-0.01635111139543998
2018,no_feedback,50,2,3,0,1,1.0,0.0,0,nan,nan,nan,0.0,-0.01635111139543998
2019,no_feedback,50,8,4,1,0,-1.0,0.0,1,1,0,0,0.0,-0.01635111139543998
2020,no_feedback,50,4,3,0,1,1.0,0.0,0,nan,nan,nan,0.0,-0.01635111139543998
2021,no_feedback,50,1,2,0,1,1.0,0.0,0,nan,nan,nan,0.0,-0.01635111139543998
2022,no_feedback,50,4,3,1,1,1.0,0.0,0,nan,nan,nan,0.0,-0.01635111139543998
2023,no_feedback,50,1,2,0,1,1.0,0.0,0,nan,nan,nan,0.0,-0.01635111139543998
2024,no_feedback,50,4,1,0,0,-1.0,0.0,1,4,0,1,0.0,-0.01635111139543998
2025,no_feedback,50,7,5,1,0,-1.0,0.0,1,0,1,0,0.0,-0.01635111139543998
2026,no_feedback,50,5,3,0,0,-1.0,0.0,1,0,1,0,0.0,-0.01635111139543998
2027,no_feedback,50,3,3,0,1,1.0,0.0,0,nan,nan,nan,0.0,-0.01635111139543998
2028,no_feedback,50,6,2,0,0,-1.0,0.0,1,1,0,0,0.0,-0.01635111139543998
2029,no_feedback,50,7,5,1,0,-1.0,0.0,1,0,1,0,0.0,-0.01635111139543998
2030,no_feedback,50,5,3,0,0,-1.0,0.0,1,0,1,0,0.0,-0.01635111139543998
2031,no_feedback,50,2,3,0,1,1.0,0.0,0,nan,nan,nan,0.0,-0.01635111139543998
2032,no_feedback,50,4,4,1,1,1.0,0.0,0,nan,nan,nan,0.0,-0.01635111139543998
2033,no_feedback,50,3,5,1,0,-1.0,0.0,1,2,0,0,0.0,-0.01635111139543998
2034,no_feedback,50,6,3,0,0,-1.0,0.0,1,0,1,0,0.0,-0.01635111139543998
2035,no_feedback,50,5,5,1,1,1.0,0.0,0,nan,nan,nan,0.0,-0.01635111139543998
2036,no_feedback,50,0,6,1,0,-1.0,0.0,1,1,0,0,0.0,-0.01635111139543998
2037,no_feedback,50,4,3,0,1,1.0,0.0,0,nan,nan,nan,0.0,-0.01635111139543998
2038,no_feedback,50,2,2,0,1,1.0,0.0,0,nan,nan,nan,0.0,-0.01635111139543998
2039,no_feedback,50,0,1,0,1,1.0,0.0,0,nan,nan,nan,0.0,-0.01635111139543998
2040,no_feedback,50,1,0,0,1,1.0,0.0,0,nan,nan,nan,0.0,-0.01635111139543998
2041,no_feedback,50,7,1,1,0,-1.0,0.0,1,4,0,1,0.0,-0.01635111139543998
2042,no_feedback,50,0,3,0,0,-1.0,0.0,1,0,1,0,0.0,-0.01635111139543998
2043,no_feedback,50,4,5,1,1,1.0,0.0,0,nan,nan,nan,0.0,-0.01635111139543998
2044,no_feedback,50,2,6,1,0,-1.0,0.0,1,1,0,0,0.0,-0.01635111139543998
2045,no_feedback,50,3,5,1,0,-1.0,0.0,1,0,1,0,0.0,-0.01635111139543998
2046,no_feedback,50,5,3,0,0,-1.0,0.0,1,0,1,0,0.0,-0.01635111139543998
2047,no_feedback,50,5,5,1,1,1.0,0.0,0,nan,nan,nan,0.0,-0.01635111139543998
2048,no_feedback,50,5,4,0,1,1.0,0.0,0,nan,nan,nan,0.0,-0.01635111139543998
2049,no_feedback,50,1,5,1,0,-1.0,0.0,1,2,0,0,0.0,-0.01635111139543998
2050,no_feedback,50,5,5,1,1,1.0,0.0,0,nan,nan,nan,0.0,-0.01635111139543998
2051,no_feedback,50,4,6,1,0,-1.0,0.0,1,1,0,0,0.0,-0.01635111139543998
2052,no_feedback,50,8,3,0,0,-1.0,0.0,1,0,1,0,0.0,-0.01635111139543998
2053,no_feedback,50,3,5,1,0,-1.0,0.0,1,0,1,0,0.0,-0.01635111139543998
2054,no_feedback,50,8,5,1,0,-1.0,0.0,1,0,1,0,0.0,-0.01635111139543998
2055,no_feedback,50,4,3,0,1,1.0,0.0,0,nan,nan,nan,0.0,-0.01635111139543998
2056,no_feedback,50,7,4,1,0,-1.0,0.0,1,1,0,0,0.0,-0.01635111139543998
2057,no_feedback,50,1,5,1,0,-1.0,0.0,1,0,1,0,0.0,-0.01635111139543998
2058,no_feedback,50,7,5,1,0,-1.0,0.0,1,0,1,0,0.0,-0.01635111139543998
2059,no_feedback,50,1,3,0,0,-1.0,0.0,1,0,1,0,0.0,-0.01635111139543998
2060,no_feedback,50,1,3,0,0,-1.0,0.0,1,0,1,0,0.0,-0.01635111139543998
2061,no_feedback,50,0,3,0,0,-1.0,0.0,1,0,1,0,0.0,-0.01635111139543998
2062,no_feedback,50,4,5,1,1,1.0,0.0,0,nan,nan,nan,0.0,-0.01635111139543998
2063,no_feedback,50,2,4,0,0,-1.0,0.0,1,1,0,0,0.0,-0.01635111139543998
2064,no_feedback,50,2,5,1,0,-1.0,0.0,1,0,1,0,0.0,-0.01635111139543998
2065,no_feedback,50,8,3,0,0,-1.0,0.0,1,0,1,0,0.0,-0.01635111139543998
2066,no_feedback,50,4,3,0,1,1.0,0.0,0,nan,nan,nan,0.0,-0.01635111139543998
2067,no_feedback,50,5,4,1,1,1.0,0.0,0,nan,nan,nan,0.0,-0.01635111139543998
2068,no_feedback,50,5,3,0,0,-1.0,0.0,1,2,0,0,0.0,-0.01635111139543998
2069,no_feedback,50,1,3,0,0,-1.0,0.0,1,0,1,0,0.0,-0.01635111139543998
2070,no_feedback,50,0,3,0,0,-1.0,0.0,1,0,1,0,0.0,-0.01635111139543998
2071,no_feedback,50,0,3,0,0,-1.0,0.0,1,0,1,0,0.0,-0.01635111139543998
2072,no_feedback,50,8,3,0,0,-1.0,0.0,1,0,1,0,0.0,-0.01635111139543998
2073,no_feedback,50,8,5,1,0,-1.0,0.0,1,0,1,0,0.0,-0.01635111139543998
2074,no_feedback,50,3,5,1,0,-1.0,0.0,1,0,1,0,0.0,-0.01635111139543998
2075,no_feedback,50,0,5,1,0,-1.0,0.0,1,0,1,0,0.0,-0.01635111139543998
2076,no_feedback,50,6,3,0,0,-1.0,0.0,1,0,1,0,0.0,-0.01635111139543998
2077,no_feedback,50,4,5,1,1,1.0,0.0,0,nan,nan,nan,0.0,-0.01635111139543998
2078,no_feedback,50,2,4,0,0,-1.0,0.0,1,1,0,0,0.0,-0.01635111139543998
2079,no_feedback,50,4,5,1,1,1.0,0.0,0,nan,nan,nan,0.0,-0.01635111139543998
2080,no_feedback,50,7,4,0,0,-1.0,0.0,1,1,0,0,0.0,-0.01635111139543998
2081,no_feedback,50,7,3,0,0,-1.0,0.0,1,0,1,0,0.0,-0.01635111139543998
2082,no_feedback,50,0,5,1,0,-1.0,0.0,1,0,1,0,0.0,-0.01635111139543998
2083,no_feedback,50,8,3,0,0,-1.0,0.0,1,0,1,0,0.0,-0.01635111139543998
2084,no_feedback,50,8,5,1,0,-1.0,0.0,1,0,1,0,0.0,-0.01635111139543998
2085,no_feedback,50,2,5,1,0,-1.0,0.0,1,0,1,0,0.0,-0.01635111139543998
2086,no_feedback,50,8,5,1,0,-1.0,0.0,1,0,1,0,0.0,-0.01635111139543998
2087,no_feedback,50,0,5,1,0,-1.0,0.0,1,0,1,0,0.0,-0.01635111139543998
2088,no_feedback,50,1,3,0,0,-1.0,0.0,1,0,1,0,0.0,-0.01635111139543998
2089,no_feedback,50,6,3,0,0,-1.0,0.0,1,0,1,0,0.0,-0.01635111139543998
2090,no_feedback,50,2,3,0,1,1.0,0.0,0,nan,nan,nan,0.0,-0.01635111139543998
2091,no_feedback,50,8,4,1,0,-1.0,0.0,1,1,0,0,0.0,-0.01635111139543998
2092,no_feedback,50,1,5,1,0,-1.0,0.0,1,0,1,0,0.0,-0.01635111139543998
2093,no_feedback,50,6,5,1,1,1.0,0.0,0,nan,nan,nan,0.0,-0.01635111139543998
2094,no_feedback,50,1,6,1,0,-1.0,0.0,1,1,0,0,0.0,-0.01635111139543998
2095,no_feedback,50,8,3,0,0,-1.0,0.0,1,0,1,0,0.0,-0.01635111139543998
2096,no_feedback,50,4,5,1,1,1.0,0.0,0,nan,nan,nan,0.0,-0.01635111139543998
2097,no_feedback,50,0,6,1,0,-1.0,0.0,1,1,0,0,0.0,-0.01635111139543998
2098,no_feedback,50,5,3,0,0,-1.0,0.0,1,0,1,0,0.0,-0.01635111139543998
2099,no_feedback,50,1,3,0,0,-1.0,0.0,1,0,1,0,0.0,-0.01635111139543998
2100,no_feedback,50,8,3,0,0,-1.0,0.0,1,0,1,0,0.0,-0.01635111139543998
2101,no_feedback,50,2,5,1,0,-1.0,0.0,1,0,1,0,0.0,-0.01635111139543998
2102,no_feedback,50,0,5,1,0,-1.0,0.0,1,0,1,0,0.0,-0.01635111139543998
2103,no_feedback,50,6,5,1,1,1.0,0.0,0,nan,nan,nan,0.0,-0.01635111139543998
2104,no_feedback,50,7,4,0,0,-1.0,0.0,1,1,0,0,0.0,-0.01635111139543998
2105,no_feedback,50,7,5,1,0,-1.0,0.0,1,0,1,0,0.0,-0.01635111139543998
2106,no_feedback,50,4,5,1,1,1.0,0.0,0,nan,nan,nan,0.0,-0.01635111139543998
2107,no_feedback,50,2,6,1,0,-1.0,0.0,1,1,0,0,0.0,-0.01635111139543998
2108,no_feedback,50,2,5,1,0,-1.0,0.0,1,0,1,0,0.0,-0.01635111139543998
2109,no_feedback,50,7,5,1,0,-1.0,0.0,1,0,1,0,0.0,-0.01635111139543998
2110,no_feedback,50,3,3,0,1,1.0,0.0,0,nan,nan,nan,0.0,-0.01635111139543998
2111,no_feedback,50,8,4,1,0,-1.0,0.0,1,1,0,0,0.0,-0.01635111139543998
2112,no_feedback,50,1,5,1,0,-1.0,0.0,1,0,1,0,0.0,-0.01635111139543998
2113,no_feedback,50,1,3,0,0,-1.0,0.0,1,0,1,0,0.0,-0.01635111139543998
2114,no_feedback,50,1,5,1,0,-1.0,0.0,1,0,1,0,0.0,-0.01635111139543998
2115,no_feedback,50,2,5,1,0,-1.0,0.0,1,0,1,0,0.0,-0.01635111139543998
2116,no_feedback,50,0,5,1,0,-1.0,0.0,1,0,1,0,0.0,-0.01635111139543998
2117,no_feedback,50,3,5,1,0,-1.0,0.0,1,0,1,0,0.0,-0.01635111139543998
2118,no_feedback,50,7,5,1,0,-1.0,0.0,1,0,1,0,0.0,-0.01635111139543998
2119,no_feedback,50,0,3,0,0,-1.0,0.0,1,0,1,0,0.0,-0.01635111139543998
2120,no_feedback,50,5,5,1,1,1.0,0.0,0,nan,nan,nan,0.0,-0.01635111139543998
2121,no_feedback,50,0,6,1,0,-1.0,0.0,1,1,0,0,0.0,-0.01635111139543998
2122,no_feedback,50,3,5,1,0,-1.0,0.0,1,0,1,0,0.0,-0.01635111139543998
2123,no_feedback,50,7,3,0,0,-1.0,0.0,1,0,1,0,0.0,-0.01635111139543998
2124,no_feedback,50,1,5,1,0,-1.0,0.0,1,0,1,0,0.0,-0.01635111139543998
2125,no_feedback,50,4,5,1,1,1.0,0.0,0,nan,nan,nan,0.0,-0.01635111139543998
2126,no_feedback,50,6,4,0,0,-1.0,0.0,1,1,0,0,0.0,-0.01635111139543998
2127,no_feedback,50,3,5,1,0,-1.0,0.0,1,0,1,0,0.0,-0.01635111139543998
2128,no_feedback,50,5,3,0,0,-1.0,0.0,1,0,1,0,0.0,-0.01635111139543998
2129,no_feedback,50,6,3,0,0,-1.0,0.0,1,0,1,0,0.0,-0.01635111139543998
2130,no_feedback,50,5,3,0,0,-1.0,0.0,1,0,1,0,0.0,-0.01635111139543998
2131,no_feedback,50,0,3,0,0,-1.0,0.0,1,0,1,0,0.0,-0.01635111139543998
2132,no_feedback,50,2,5,1,0,-1.0,0.0,1,0,1,0,0.0,-0.01635111139543998
2133,no_feedback,50,8,3,0,0,-1.0,0.0,1,0,1,0,0.0,-0.01635111139543998
2134,no_feedback,50,3,3,0,1,1.0,0.0,0,nan,nan,nan,0.0,-0.01635111139543998
2135,no_feedback,50,0,4,1,0,-1.0,0.0,1,1,0,0,0.0,-0.01635111139543998
2136,no_feedback,50,6,5,1,1,1.0,0.0,0,nan,nan,nan,0.0,-0.01635111139543998
2137,no_feedback,50,1,4,0,0,-1.0,0.0,1,1,0,0,0.0,-0.01635111139543998
2138,no_feedback,50,5,3,0,0,-1.0,0.0,1,0,1,0,0.0,-0.01635111139543998
2139,no_feedback,50,8,3,0,0,-1.0,0.0,1,0,1,0,0.0,-0.01635111139543998
2140,no_feedback,50,4,3,0,1,1.0,0.0,0,nan,nan,nan,0.0,-0.01635111139543998
2141,no_feedback,50,1,2,0,1,1.0,0.0,0,nan,nan,nan,0.0,-0.01635111139543998
2142,no_feedback,50,8,3,1,0,-1.0,0.0,1,2,0,0,0.0,-0.01635111139543998
2143,no_feedback,50,1,3,0,0,-1.0,0.0,1,0,1,0,0.0,-0.01635111139543998
2144,no_feedback,50,4,3,0,1,1.0,0.0,0,nan,nan,nan,0.0,-0.01635111139543998
2145,no_feedback,50,2,2,0,1,1.0,0.0,0,nan,nan,nan,0.0,-0.01635111139543998
2146,no_feedback,50,0,1,0,1,1.0,0.0,0,nan,nan,nan,0.0,-0.01635111139543998
2147,no_feedback,50,2,2,1,1,1.0,0.0,0,nan,nan,nan,0.0,-0.01635111139543998
2148,no_feedback,50,2,1,0,1,1.0,0.0,0,nan,nan,nan,0.0,-0.01635111139543998
2149,no_feedback,50,4,2,1,0,-1.0,0.0,1,5,0,1,0.0,-0.01635111139543998
2150,no_feedback,50,6,5,1,1,1.0,0.0,0,nan,nan,nan,0.0,-0.01635111139543998
2151,no_feedback,50,7,4,0,0,-1.0,0.0,1,1,0,0,0.0,-0.01635111139543998
2152,no_feedback,50,4,3,0,1,1.0,0.0,0,nan,nan,nan,0.0,-0.01635111139543998
2153,no_feedback,50,1,4,1,0,-1.0,0.0,1,1,0,0,0.0,-0.01635111139543998
2154,no_feedback,50,5,5,1,1,1.0,0.0,0,nan,nan,nan,0.0,-0.01635111139543998
2155,no_feedback,50,8,6,1,0,-1.0,0.0,1,1,0,0,0.0,-0.01635111139543998
2156,no_feedback,50,0,3,0,0,-1.0,0.0,1,0,1,0,0.0,-0.01635111139543998
2157,no_feedback,50,1,3,0,0,-1.0,0.0,1,0,1,0,0.0,-0.01635111139543998
2158,no_feedback,50,5,5,1,1,1.0,0.0,0,nan,nan,nan,0.0,-0.01635111139543998
2159,no_feedback,50,7,4,0,0,-1.0,0.0,1,1,0,0,0.0,-0.01635111139543998
2160,no_feedback,50,1,5,1,0,-1.0,0.0,1,0,1,0,0.0,-0.01635111139543998
2161,no_feedback,50,0,5,1,0,-1.0,0.0,1,0,1,0,0.0,-0.01635111139543998
2162,no_feedback,50,4,5,1,1,1.0,0.0,0,nan,nan,nan,0.0,-0.01635111139543998
2163,no_feedback,50,2,4,0,0,-1.0,0.0,1,1,0,0,0.0,-0.01635111139543998
2164,no_feedback,50,2,3,0,1,1.0,0.0,0,nan,nan,nan,0.0,-0.01635111139543998
2165,no_feedback,50,1,2,0,1,1.0,0.0,0,nan,nan,nan,0.0,-0.01635111139543998
2166,no_feedback,50,7,3,1,0,-1.0,0.0,1,2,0,0,0.0,-0.01635111139543998
2167,no_feedback,50,8,3,0,0,-1.0,0.0,1,0,1,0,0.0,-0.01635111139543998
2168,no_feedback,50,8,3,0,0,-1.0,0.0,1,0,1,0,0.0,-0.01635111139543998
2169,no_feedback,50,2,3,0,1,1.0,0.0,0,nan,nan,nan,0.0,-0.01635111139543998
2170,no_feedback,50,4,2,0,0,-1.0,0.0,1,1,0,0,0.0,-0.01635111139543998
2171,no_feedback,50,8,3,0,0,-1.0,0.0,1,0,1,0,0.0,-0.01635111139543998
2172,no_feedback,50,5,3,0,0,-1.0,0.0,1,0,1,0,0.0,-0.01635111139543998
2173,no_feedback,50,2,3,0,1,1.0,0.0,0,nan,nan,nan,0.0,-0.01635111139543998
2174,no_feedback,50,0,2,0,0,-1.0,0.0,1,1,0,0,0.0,-0.01635111139543998
2175,no_feedback,50,1,3,0,0,-1.0,0.0,1,0,1,0,0.0,-0.01635111139543998
2176,no_feedback,50,0,3,0,0,-1.0,0.0,1,0,1,0,0.0,-0.01635111139543998
2177,no_feedback,50,0,3,0,0,-1.0,0.0,1,0,1,0,0.0,-0.01635111139543998
2178,no_feedback,50,1,3,0,0,-1.0,0.0,1,0,1,0,0.0,-0.01635111139543998
2179,no_feedback,50,2,3,0,1,1.0,0.0,0,nan,nan,nan,0.0,-0.01635111139543998
2180,no_feedback,50,0,2,0,0,-1.0,0.0,1,1,0,0,0.0,-0.01635111139543998
2181,no_feedback,50,2,3,0,1,1.0,0.0,0,nan,nan,nan,0.0,-0.01635111139543998
2182,no_feedback,50,8,2,0,0,-1.0,0.0,1,1,0,0,0.0,-0.01635111139543998
2183,no_feedback,50,6,3,0,0,-1.0,0.0,1,0,1,0,0.0,-0.01635111139543998
2184,no_feedback,50,6,3,0,0,-1.0,0.0,1,0,1,0,0.0,-0.01635111139543998
2185,no_feedback,50,2,3,0,1,1.0,0.0,0,nan,nan,nan,0.0,-0.01635111139543998
2186,no_feedback,50,8,4,1,0,-1.0,0.0,1,1,0,0,0.0,-0.01635111139543998
2187,no_feedback,50,1,3,0,0,-1.0,0.0,1,0,1,0,0.0,-0.01635111139543998
2188,no_feedback,50,7,3,0,0,-1.0,0.0,1,0,1,0,0.0,-0.01635111139543998
2189,no_feedback,50,4,3,0,1,1.0,0.0,0,nan,nan,nan,0.0,-0.01635111139543998
2190,no_feedback,50,5,4,1,1,1.0,0.0,0,nan,nan,nan,0.0,-0.01635111139543998
2191,no_feedback,50,3,5,1,0,-1.0,0.0,1,2,0,0,0.0,-0.01635111139543998
2192,no_feedback,50,5,3,0,0,-1.0,0.0,1,0,1,0,0.0,-0.01635111139543998
2193,no_feedback,50,1,5,1,0,-1.0,0.0,1,0,1,0,0.0,-0.01635111139543998
2194,no_feedback,50,4,5,1,1,1.0,0.0,0,nan,nan,nan,0.0,-0.01635111139543998
2195,no_feedback,50,3,6,1,0,-1.0,0.0,1,1,0,0,0.0,-0.01635111139543998
2196,no_feedback,50,2,3,0,1,1.0,0.0,0,nan,nan,nan,0.0,-0.01635111139543998
2197,no_feedback,50,4,4,1,1,1.0,0.0,0,nan,nan,nan,0.0,-0.01635111139543998
2198,no_feedback,50,8,5,1,0,-1.0,0.0,1,2,0,0,0.0,-0.01635111139543998
2199,no_feedback,50,4,3,0,1,1.0,0.0,0,nan,nan,nan,0.0,-0.01635111139543998
2200,no_feedback,50,7,4,1,0,-1.0,0.0,1,1,0,0,0.0,-0.01635111139543998
2201,no_feedback,50,0,5,1,0,-1.0,0.0,1,0,1,0,0.0,-0.01635111139543998
2202,no_feedback,50,6,3,0,0,-1.0,0.0,1,0,1,0,0.0,-0.01635111139543998
2203,no_feedback,50,8,3,0,0,-1.0,0.0,1,0,1,0,0.0,-0.01635111139543998
2204,no_feedback,50,6,3,0,0,-1.0,0.0,1,0,1,0,0.0,-0.01635111139543998
2205,no_feedback,50,3,5,1,0,-1.0,0.0,1,0,1,0,0.0,-0.01635111139543998
2206,no_feedback,50,3,5,1,0,-1.0,0.0,1,0,1,0,0.0,-0.01635111139543998
2207,no_feedback,50,4,5,1,1,1.0,0.0,0,nan,nan,nan,0.0,-0.01635111139543998
2208,no_feedback,50,1,6,1,0,-1.0,0.0,1,1,0,0,0.0,-0.01635111139543998
2209,no_feedback,50,3,5,1,0,-1.0,0.0,1,0,1,0,0.0,-0.01635111139543998
2210,no_feedback,50,7,3,0,0,-1.0,0.0,1,0,1,0,0.0,-0.01635111139543998
2211,no_feedback,50,2,5,1,0,-1.0,0.0,1,0,1,0,0.0,-0.01635111139543998
2212,no_feedback,50,8,5,1,0,-1.0,0.0,1,0,1,0,0.0,-0.01635111139543998
2213,no_feedback,50,0,5,1,0,-1.0,0.0,1,0,1,0,0.0,-0.01635111139543998
2214,no_feedback,50,7,3,0,0,-1.0,0.0,1,0,1,0,0.0,-0.01635111139543998
2215,no_feedback,50,0,5,1,0,-1.0,0.0,1,0,1,0,0.0,-0.01635111139543998
2216,no_feedback,50,4,5,1,1,1.0,0.0,0,nan,nan,nan,0.0,-0.01635111139543998
2217,no_feedback,50,8,4,0,0,-1.0,0.0,1,1,0,0,0.0,-0.01635111139543998
2218,no_feedback,50,8,5,1,0,-1.0,0.0,1,0,1,0,0.0,-0.01635111139543998
2219,no_feedback,50,6,3,0,0,-1.0,0.0,1,0,1,0,0.0,-0.01635111139543998
2220,no_feedback,50,8,5,1,0,-1.0,0.0,1,0,1,0,0.0,-0.01635111139543998
2221,no_feedback,50,8,3,0,0,-1.0,0.0,1,0,1,0,0.0,-0.01635111139543998
2222,no_feedback,50,7,3,0,0,-1.0,0.0,1,0,1,0,0.0,-0.01635111139543998
2223,no_feedback,50,7,3,0,0,-1.0,0.0,1,0,1,0,0.0,-0.01635111139543998
2224,no_feedback,50,4,3,0,1,1.0,0.0,0,nan,nan,nan,0.0,-0.01635111139543998
2225,no_feedback,50,5,2,0,0,-1.0,0.0,1,1,0,0,0.0,-0.01635111139543998
2226,no_feedback,50,2,3,0,1,1.0,0.0,0,nan,nan,nan,0.0,-0.01635111139543998
2227,no_feedback,50,7,2,0,0,-1.0,0.0,1,1,0,0,0.0,-0.01635111139543998
2228,no_feedback,50,3,3,0,1,1.0,0.0,0,nan,nan,nan,0.0,-0.01635111139543998
2229,no_feedback,50,8,2,0,0,-1.0,0.0,1,1,0,0,0.0,-0.01635111139543998
2230,no_feedback,50,8,3,0,0,-1.0,0.0,1,0,1,0,0.0,-0.01635111139543998
2231,no_feedback,50,2,3,0,1,1.0,0.0,0,nan,nan,nan,0.0,-0.01635111139543998
2232,no_feedback,50,1,4,1,0,-1.0,0.0,1,1,0,0,0.0,-0.01635111139543998
2233,no_feedback,50,4,5,1,1,1.0,0.0,0,nan,nan,nan,0.0,-0.01635111139543998
2234,no_feedback,50,6,4,0,0,-1.0,0.0,1,1,0,0,0.0,-0.01635111139543998
2235,no_feedback,50,2,3,0,1,1.0,0.0,0,nan,nan,nan,0.0,-0.01635111139543998
2236,no_feedback,50,8,2,0,0,-1.0,0.0,1,1,0,0,0.0,-0.01635111139543998
2237,no_feedback,50,5,3,0,0,-1.0,0.0,1,0,1,0,0.0,-0.01635111139543998
2238,no_feedback,50,6,3,0,0,-1.0,0.0,1,0,1,0,0.0,-0.01635111139543998
2239,no_feedback,50,5,5,1,1,1.0,0.0,0,nan,nan,nan,0.0,-0.01635111139543998
2240,no_feedback,50,7,6,1,1,1.0,0.0,0,nan,nan,nan,0.0,-0.01635111139543998
2241,no_feedback,50,4,7,1,0,-1.0,0.0,1,2,0,0,0.0,-0.01635111139543998
2242,no_feedback,50,8,3,0,0,-1.0,0.0,1,0,1,0,0.0,-0.01635111139543998
2243,no_feedback,50,6,5,1,1,1.0,0.0,0,nan,nan,nan,0.0,-0.01635111139543998
2244,no_feedback,50,7,6,1,1,1.0,0.0,0,nan,nan,nan,0.0,-0.01635111139543998
2245,no_feedback,50,7,5,0,0,-1.0,0.0,1,2,0,0,0.0,-0.01635111139543998
2246,no_feedback,50,0,3,0,0,-1.0,0.0,1,0,1,0,0.0,-0.01635111139543998
2247,no_feedback,50,6,3,0,0,-1.0,0.0,1,0,1,0,0.0,-0.01635111139543998
2248,no_feedback,50,1,5,1,0,-1.0,0.0,1,0,1,0,0.0,-0.01635111139543998
2249,no_feedback,50,4,3,0,1,1.0,0.0,0,nan,nan,nan,0.0,-0.01635111139543998
2250,no_feedback,50,1,2,0,1,1.0,0.0,0,nan,nan,nan,0.0,-0.01635111139543998
2251,no_feedback,50,8,1,0,0,-1.0,0.0,1,2,0,0,0.0,-0.01635111139543998
2252,no_feedback,50,1,3,0,0,-1.0,0.0,1,0,1,0,0.0,-0.01635111139543998
2253,no_feedback,50,7,3,0,0,-1.0,0.0,1,0,1,0,0.0,-0.01635111139543998
2254,no_feedback,50,1,3,0,0,-1.0,0.0,1,0,1,0,0.0,-0.01635111139543998
2255,no_feedback,50,1,5,1,0,-1.0,0.0,1,0,1,0,0.0,-0.01635111139543998
2256,no_feedback,50,8,3,0,0,-1.0,0.0,1,0,1,0,0.0,-0.01635111139543998
2257,no_feedback,50,5,3,0,0,-1.0,0.0,1,0,1,0,0.0,-0.01635111139543998
2258,no_feedback,50,8,5,1,0,-1.0,0.0,1,0,1,0,0.0,-0.01635111139543998
2259,no_feedback,50,8,5,1,0,-1.0,0.0,1,0,1,0,0.0,-0.01635111139543998
2260,no_feedback,50,7,5,1,0,-1.0,0.0,1,0,1,0,0.0,-0.01635111139543998
2261,no_feedback,50,0,5,1,0,-1.0,0.0,1,0,1,0,0.0,-0.01635111139543998
2262,no_feedback,50,5,3,0,0,-1.0,0.0,1,0,1,0,0.0,-0.01635111139543998
2263,no_feedback,50,3,3,0,1,1.0,0.0,0,nan,nan,nan,0.0,-0.01635111139543998
2264,no_feedback,50,6,4,1,0,-1.0,0.0,1,1,0,0,0.0,-0.01635111139543998
2265,no_feedback,50,4,3,0,1,1.0,0.0,0,nan,nan,nan,0.0,-0.01635111139543998
2266,no_feedback,50,8,4,1,0,-1.0,0.0,1,1,0,0,0.0,-0.01635111139543998
2267,no_feedback,50,3,5,1,0,-1.0,0.0,1,0,1,0,0.0,-0.01635111139543998
2268,no_feedback,50,6,3,0,0,-1.0,0.0,1,0,1,0,0.0,-0.01635111139543998
2269,no_feedback,50,2,5,1,0,-1.0,0.0,1,0,1,0,0.0,-0.01635111139543998
2270,no_feedback,50,2,3,0,1,1.0,0.0,0,nan,nan,nan,0.0,-0.01635111139543998
2271,no_feedback,50,4,4,1,1,1.0,0.0,0,nan,nan,nan,0.0,-0.01635111139543998
2272,no_feedback,50,8,3,0,0,-1.0,0.0,1,2,0,0,0.0,-0.01635111139543998
2273,no_feedback,50,3,3,0,1,1.0,0.0,0,nan,nan,nan,0.0,-0.01635111139543998
2274,no_feedback,50,0,4,1,0,-1.0,0.0,1,1,0,0,0.0,-0.01635111139543998
2275,no_feedback,50,1,5,1,0,-1.0,0.0,1,0,1,0,0.0,-0.01635111139543998
2276,no_feedback,50,7,3,0,0,-1.0,0.0,1,0,1,0,0.0,-0.01635111139543998
2277,no_feedback,50,8,3,0,0,-1.0,0.0,1,0,1,0,0.0,-0.01635111139543998
2278,no_feedback,50,0,5,1,0,-1.0,0.0,1,0,1,0,0.0,-0.01635111139543998
2279,no_feedback,50,2,3,0,1,1.0,0.0,0,nan,nan,nan,0.0,-0.01635111139543998
2280,no_feedback,50,1,2,0,1,1.0,0.0,0,nan,nan,nan,0.0,-0.01635111139543998
2281,no_feedback,50,4,1,0,0,-1.0,0.0,1,2,0,0,0.0,-0.01635111139543998
2282,no_feedback,50,6,3,0,0,-1.0,0.0,1,0,1,0,0.0,-0.01635111139543998
2283,no_feedback,50,2,5,1,0,-1.0,0.0,1,0,1,0,0.0,-0.01635111139543998
2284,no_feedback,50,3,5,1,0,-1.0,0.0,1,0,1,0,0.0,-0.01635111139543998
2285,no_feedback,50,6,3,0,0,-1.0,0.0,1,0,1,0,0.0,-0.01635111139543998
2286,no_feedback,50,5,5,1,1,1.0,0.0,0,nan,nan,nan,0.0,-0.01635111139543998
2287,no_feedback,50,4,4,0,1,1.0,0.0,0,nan,nan,nan,0.0,-0.01635111139543998
2288,no_feedback,50,6,5,1,1,1.0,0.0,0,nan,nan,nan,0.0,-0.01635111139543998
2289,no_feedback,50,7,6,1,1,1.0,0.0,0,nan,nan,nan,0.0,-0.01635111139543998
2290,no_feedback,50,6,5,0,1,1.0,0.0,0,nan,nan,nan,0.0,-0.01635111139543998
2291,no_feedback,50,0,4,0,0,-1.0,0.0,1,5,0,1,0.0,-0.01635111139543998
2292,no_feedback,50,7,5,1,0,-1.0,0.0,1,0,1,0,0.0,-0.01635111139543998
2293,no_feedback,50,3,5,1,0,-1.0,0.0,1,0,1,0,0.0,-0.01635111139543998
2294,no_feedback,50,4,5,1,1,1.0,0.0,0,nan,nan,nan,0.0,-0.01635111139543998
2295,no_feedback,50,6,4,0,0,-1.0,0.0,1,1,0,0,0.0,-0.01635111139543998
2296,no_feedback,50,3,3,0,1,1.0,0.0,0,nan,nan,nan,0.0,-0.01635111139543998
2297,no_feedback,50,1,2,0,1,1.0,0.0,0,nan,nan,nan,0.0,-0.01635111139543998
2298,no_feedback,50,1,1,0,1,1.0,0.0,0,nan,nan,nan,0.0,-0.01635111139543998
2299,no_feedback,50,4,0,0,0,-1.0,0.0,1,3,0,1,0.0,-0.01635111139543998
2300,no_feedback,50,5,5,1,1,1.0,0.0,0,nan,nan,nan,0.0,-0.01635111139543998
2301,no_feedback,50,4,4,0,1,1.0,0.0,0,nan,nan,nan,0.0,-0.01635111139543998
2302,no_feedback,50,2,5,1,0,-1.0,0.0,1,2,0,0,0.0,-0.01635111139543998
2303,no_feedback,50,2,5,1,0,-1.0,0.0,1,0,1,0,0.0,-0.01635111139543998
2304,no_feedback,50,2,3,0,1,1.0,0.0,0,nan,nan,nan,0.0,-0.01635111139543998
2305,no_feedback,50,0,4,1,0,-1.0,0.0,1,1,0,0,0.0,-0.01635111139543998
2306,no_feedback,50,2,5,1,0,-1.0,0.0,1,0,1,0,0.0,-0.01635111139543998
2307,no_feedback,50,1,3,0,0,-1.0,0.0,1,0,1,0,0.0,-0.01635111139543998
2308,no_feedback,50,2,3,0,1,1.0,0.0,0,nan,nan,nan,0.0,-0.01635111139543998
2309,no_feedback,50,6,2,0,0,-1.0,0.0,1,1,0,0,0.0,-0.01635111139543998
2310,no_feedback,50,8,3,0,0,-1.0,0.0,1,0,1,0,0.0,-0.01635111139543998
2311,no_feedback,50,3,5,1,0,-1.0,0.0,1,0,1,0,0.0,-0.01635111139543998
2312,no_feedback,50,4,3,0,1,1.0,0.0,0,nan,nan,nan,0.0,-0.01635111139543998
2313,no_feedback,50,2,4,1,0,-1.0,0.0,1,1,0,0,0.0,-0.01635111139543998
2314,no_feedback,50,7,3,0,0,-1.0,0.0,1,0,1,0,0.0,-0.01635111139543998
2315,no_feedback,50,3,3,0,1,1.0,0.0,0,nan,nan,nan,0.0,-0.01635111139543998
2316,no_feedback,50,7,4,1,0,-1.0,0.0,1,1,0,0,0.0,-0.01635111139543998
2317,no_feedback,50,3,3,0,1,1.0,0.0,0,nan,nan,nan,0.0,-0.01635111139543998
2318,no_feedback,50,6,2,0,0,-1.0,0.0,1,1,0,0,0.0,-0.01635111139543998
2319,no_feedback,50,2,5,1,0,-1.0,0.0,1,0,1,0,0.0,-0.01635111139543998
2320,no_feedback,50,4,3,0,1,1.0,0.0,0,nan,nan,nan,0.0,-0.01635111139543998
2321,no_feedback,50,2,2,0,1,1.0,0.0,0,nan,nan,nan,0.0,-0.01635111139543998
2322,no_feedback,50,5,3,1,0,-1.0,0.0,1,2,0,0,0.0,-0.01635111139543998
2323,no_feedback,50,2,5,1,0,-1.0,0.0,1,0,1,0,0.0,-0.01635111139543998
2324,no_feedback,50,1,5,1,0,-1.0,0.0,1,0,1,0,0.0,-0.01635111139543998
2325,no_feedback,50,1,3,0,0,-1.0,0.0,1,0,1,0,0.0,-0.01635111139543998
2326,no_feedback,50,7,5,1,0,-1.0,0.0,1,0,1,0,0.0,-0.01635111139543998
2327,no_feedback,50,7,5,1,0,-1.0,0.0,1,0,1,0,0.0,-0.01635111139543998
2328,no_feedback,50,0,3,0,0,-1.0,0.0,1,0,1,0,0.0,-0.01635111139543998
2329,no_feedback,50,0,3,0,0,-1.0,0.0,1,0,1,0,0.0,-0.01635111139543998
2330,no_feedback,50,4,5,1,1,1.0,0.0,0,nan,nan,nan,0.0,-0.01635111139543998
2331,no_feedback,50,6,6,1,1,1.0,0.0,0,nan,nan,nan,0.0,-0.01635111139543998
2332,no_feedback,50,4,5,0,1,1.0,0.0,0,nan,nan,nan,0.0,-0.01635111139543998
2333,no_feedback,50,4,4,0,1,1.0,0.0,0,nan,nan,nan,0.0,-0.01635111139543998
2334,no_feedback,50,6,3,0,0,-1.0,0.0,1,4,0,1,0.0,-0.01635111139543998
2335,no_feedback,50,3,3,0,1,1.0,0.0,0,nan,nan,nan,0.0,-0.01635111139543998
2336,no_feedback,50,0,4,1,0,-1.0,0.0,1,1,0,0,0.0,-0.01635111139543998
2337,no_feedback,50,7,3,0,0,-1.0,0.0,1,0,1,0,0.0,-0.01635111139543998
2338,no_feedback,50,1,3,0,0,-1.0,0.0,1,0,1,0,0.0,-0.01635111139543998
2339,no_feedback,50,4,3,0,1,1.0,0.0,0,nan,nan,nan,0.0,-0.01635111139543998
2340,no_feedback,50,4,2,0,0,-1.0,0.0,1,1,0,0,0.0,-0.01635111139543998
2341,no_feedback,50,7,5,1,0,-1.0,0.0,1,0,1,0,0.0,-0.01635111139543998
2342,no_feedback,50,5,5,1,1,1.0,0.0,0,nan,nan,nan,0.0,-0.01635111139543998
2343,no_feedback,50,0,4,0,0,-1.0,0.0,1,1,0,0,0.0,-0.01635111139543998
2344,no_feedback,50,4,3,0,1,1.0,0.0,0,nan,nan,nan,0.0,-0.01635111139543998
2345,no_feedback,50,5,4,1,1,1.0,0.0,0,nan,nan,nan,0.0,-0.01635111139543998
2346,no_feedback,50,4,5,1,1,1.0,0.0,0,nan,nan,nan,0.0,-0.01635111139543998
2347,no_feedback,50,7,4,0,0,-1.0,0.0,1,3,0,1,0.0,-0.01635111139543998
2348,no_feedback,50,0,5,1,0,-1.0,0.0,1,0,1,0,0.0,-0.01635111139543998
2349,no_feedback,50,1,3,0,0,-1.0,0.0,1,0,1,0,0.0,-0.01635111139543998
2350,no_feedback,50,0,5,1,0,-1.0,0.0,1,0,1,0,0.0,-0.01635111139543998
2351,no_feedback,50,5,5,1,1,1.0,0.0,0,nan,nan,nan,0.0,-0.01635111139543998
2352,no_feedback,50,5,6,1,1,1.0,0.0,0,nan,nan,nan,0.0,-0.01635111139543998
2353,no_feedback,50,4,7,1,0,-1.0,0.0,1,2,0,0,0.0,-0.01635111139543998
2354,no_feedback,50,5,5,1,1,1.0,0.0,0,nan,nan,nan,0.0,-0.01635111139543998
2355,no_feedback,50,3,6,1,0,-1.0,0.0,1,1,0,0,0.0,-0.01635111139543998
2356,no_feedback,50,5,5,1,1,1.0,0.0,0,nan,nan,nan,0.0,-0.01635111139543998
2357,no_feedback,50,2,6,1,0,-1.0,0.0,1,1,0,0,0.0,-0.01635111139543998
2358,no_feedback,50,3,3,0,1,1.0,0.0,0,nan,nan,nan,0.0,-0.01635111139543998
2359,no_feedback,50,0,2,0,0,-1.0,0.0,1,1,0,0,0.0,-0.01635111139543998
2360,no_feedback,50,1,5,1,0,-1.0,0.0,1,0,1,0,0.0,-0.01635111139543998
2361,no_feedback,50,2,3,0,1,1.0,0.0,0,nan,nan,nan,0.0,-0.01635111139543998
2362,no_feedback,50,7,4,1,0,-1.0,0.0,1,1,0,0,0.0,-0.01635111139543998
2363,no_feedback,50,1,3,0,0,-1.0,0.0,1,0,1,0,0.0,-0.01635111139543998
2364,no_feedback,50,6,3,0,0,-1.0,0.0,1,0,1,0,0.0,-0.01635111139543998
2365,no_feedback,50,1,5,1,0,-1.0,0.0,1,0,1,0,0.0,-0.01635111139543998
2366,no_feedback,50,4,5,1,1,1.0,0.0,0,nan,nan,nan,0.0,-0.01635111139543998
2367,no_feedback,50,7,4,0,0,-1.0,0.0,1,1,0,0,0.0,-0.01635111139543998
2368,no_feedback,50,5,3,0,0,-1.0,0.0,1,0,1,0,0.0,-0.01635111139543998
2369,no_feedback,50,4,3,0,1,1.0,0.0,0,nan,nan,nan,0.0,-0.01635111139543998
2370,no_feedback,50,3,2,0,1,1.0,0.0,0,nan,nan,nan,0.0,-0.01635111139543998
2371,no_feedback,50,6,1,0,0,-1.0,0.0,1,2,0,0,0.0,-0.01635111139543998
2372,no_feedback,50,6,5,1,1,1.0,0.0,0,nan,nan,nan,0.0,-0.01635111139543998
2373,no_feedback,50,1,6,1,0,-1.0,0.0,1,1,0,0,0.0,-0.01635111139543998
2374,no_feedback,50,5,5,1,1,1.0,0.0,0,nan,nan,nan,0.0,-0.01635111139543998
2375,no_feedback,50,8,6,1,0,-1.0,0.0,1,1,0,0,0.0,-0.01635111139543998
2376,no_feedback,50,1,5,1,0,-1.0,0.0,1,0,1,0,0.0,-0.01635111139543998
2377,no_feedback,50,1,5,1,0,-1.0,0.0,1,0,1,0,0.0,-0.01635111139543998
2378,no_feedback,50,3,5,1,0,-1.0,0.0,1,0,1,0,0.0,-0.01635111139543998
2379,no_feedback,50,5,5,1,1,1.0,0.0,0,nan,nan,nan,0.0,-0.01635111139543998
2380,no_feedback,50,5,4,0,1,1.0,0.0,0,nan,nan,nan,0.0,-0.01635111139543998
2381,no_feedback,50,5,3,0,0,-1.0,0.0,1,2,0,0,0.0,-0.01635111139543998
2382,no_feedback,50,3,3,0,1,1.0,0.0,0,nan,nan,nan,0.0,-0.01635111139543998
2383,no_feedback,50,6,2,0,0,-1.0,0.0,1,1,0,0,0.0,-0.01635111139543998
2384,no_feedback,50,6,5,1,1,1.0,0.0,0,nan,nan,nan,0.0,-0.01635111139543998
2385,no_feedback,50,8,6,1,0,-1.0,0.0,1,1,0,0,0.0,-0.01635111139543998
2386,no_feedback,50,7,5,1,0,-1.0,0.0,1,0,1,0,0.0,-0.01635111139543998
2387,no_feedback,50,4,5,1,1,1.0,0.0,0,nan,nan,nan,0.0,-0.01635111139543998
2388,no_feedback,50,7,4,0,0,-1.0,0.0,1,1,0,0,0.0,-0.01635111139543998
2389,no_feedback,50,5,5,1,1,1.0,0.0,0,nan,nan,nan,0.0,-0.01635111139543998
2390,no_feedback,50,7,6,1,1,1.0,0.0,0,nan,nan,nan,0.0,-0.01635111139543998
2391,no_feedback,50,5,7,1,0,-1.0,0.0,1,2,0,0,0.0,-0.01635111139543998
2392,no_feedback,50,7,3,0,0,-1.0,0.0,1,0,1,0,0.0,-0.01635111139543998
2393,no_feedback,50,3,5,1,0,-1.0,0.0,1,0,1,0,0.0,-0.01635111139543998
2394,no_feedback,50,1,5,1,0,-1.0,0.0,1,0,1,0,0.0,-0.01635111139543998
2395,no_feedback,50,2,5,1,0,-1.0,0.0,1,0,1,0,0.0,-0.01635111139543998
2396,no_feedback,50,6,5,1,1,1.0,0.0,0,nan,nan,nan,0.0,-0.01635111139543998
2397,no_feedback,50,8,4,0,0,-1.0,0.0,1,1,0,0,0.0,-0.01635111139543998
2398,no_feedback,50,8,3,0,0,-1.0,0.0,1,0,1,0,0.0,-0.01635111139543998
2399,no_feedback,50,0,5,1,0,-1.0,0.0,1,0,1,0,0.0,-0.01635111139543998
2400,no_feedback,50,7,5,1,0,-1.0,0.0,1,0,1,0,0.0,-0.01635111139543998
2401,no_feedback,50,2,5,1,0,-1.0,0.0,1,0,1,0,0.0,-0.01635111139543998
2402,no_feedback,50,4,5,1,1,1.0,0.0,0,nan,nan,nan,0.0,-0.01635111139543998
2403,no_feedback,50,8,4,0,0,-1.0,0.0,1,1,0,0,0.0,-0.01635111139543998
2404,no_feedback,50,0,5,1,0,-1.0,0.0,1,0,1,0,0.0,-0.01635111139543998
2405,no_feedback,50,0,5,1,0,-1.0,0.0,1,0,1,0,0.0,-0.01635111139543998
2406,no_feedback,50,0,5,1,0,-1.0,0.0,1,0,1,0,0.0,-0.01635111139543998
2407,no_feedback,50,4,5,1,1,1.0,0.0,0,nan,nan,nan,0.0,-0.01635111139543998
2408,no_feedback,50,2,6,1,0,-1.0,0.0,1,1,0,0,0.0,-0.01635111139543998
2409,no_feedback,50,2,5,1,0,-1.0,0.0,1,0,1,0,0.0,-0.01635111139543998
2410,no_feedback,50,3,3,0,1,1.0,0.0,0,nan,nan,nan,0.0,-0.01635111139543998
2411,no_feedback,50,8,4,1,0,-1.0,0.0,1,1,0,0,0.0,-0.01635111139543998
2412,no_feedback,50,2,3,0,1,1.0,0.0,0,nan,nan,nan,0.0,-0.01635111139543998
2413,no_feedback,50,8,4,1,0,-1.0,0.0,1,1,0,0,0.0,-0.01635111139543998
2414,no_feedback,50,3,5,1,0,-1.0,0.0,1,0,1,0,0.0,-0.01635111139543998
2415,no_feedback,50,3,3,0,1,1.0,0.0,0,nan,nan,nan,0.0,-0.01635111139543998
2416,no_feedback,50,8,2,0,0,-1.0,0.0,1,1,0,0,0.0,-0.01635111139543998
2417,no_feedback,50,7,3,0,0,-1.0,0.0,1,0,1,0,0.0,-0.01635111139543998
2418,no_feedback,50,2,5,1,0,-1.0,0.0,1,0,1,0,0.0,-0.01635111139543998
2419,no_feedback,50,4,5,1,1,1.0,0.0,0,nan,nan,nan,0.0,-0.01635111139543998
2420,no_feedback,50,2,4,0,0,-1.0,0.0,1,1,0,0,0.0,-0.01635111139543998
2421,no_feedback,50,3,5,1,0,-1.0,0.0,1,0,1,0,0.0,-0.01635111139543998
2422,no_feedback,50,5,3,0,0,-1.0,0.0,1,0,1,0,0.0,-0.01635111139543998
2423,no_feedback,50,5,5,1,1,1.0,0.0,0,nan,nan,nan,0.0,-0.01635111139543998
2424,no_feedback,50,1,6,1,0,-1.0,0.0,1,1,0,0,0.0,-0.01635111139543998
2425,no_feedback,50,5,3,0,0,-1.0,0.0,1,0,1,0,0.0,-0.01635111139543998
2426,no_feedback,50,0,3,0,0,-1.0,0.0,1,0,1,0,0.0,-0.01635111139543998
2427,no_feedback,50,6,3,0,0,-1.0,0.0,1,0,1,0,0.0,-0.01635111139543998
2428,no_feedback,50,3,5,1,0,-1.0,0.0,1,0,1,0,0.0,-0.01635111139543998
2429,no_feedback,50,5,3,0,0,-1.0,0.0,1,0,1,0,0.0,-0.01635111139543998
2430,no_feedback,50,3,3,0,1,1.0,0.0,0,nan,nan,nan,0.0,-0.01635111139543998
2431,no_feedback,50,1,2,0,1,1.0,0.0,0,nan,nan,nan,0.0,-0.01635111139543998
2432,no_feedback,50,7,3,1,0,-1.0,0.0,1,2,0,0,0.0,-0.01635111139543998
2433,no_feedback,50,7,3,0,0,-1.0,0.0,1,0,1,0,0.0,-0.01635111139543998
2434,no_feedback,50,8,3,0,0,-1.0,0.0,1,0,1,0,0.0,-0.01635111139543998
2435,no_feedback,50,5,3,0,0,-1.0,0.0,1,0,1,0,0.0,-0.01635111139543998
2436,no_feedback,50,6,3,0,0,-1.0,0.0,1,0,1,0,0.0,-0.01635111139543998
2437,no_feedback,50,4,5,1,1,1.0,0.0,0,nan,nan,nan,0.0,-0.01635111139543998
2438,no_feedback,50,2,4,0,0,-1.0,0.0,1,1,0,0,0.0,-0.01635111139543998
2439,no_feedback,50,2,3,0,1,1.0,0.0,0,nan,nan,nan,0.0,-0.01635111139543998
2440,no_feedback,50,4,2,0,0,-1.0,0.0,1,1,0,0,0.0,-0.01635111139543998
2441,no_feedback,50,4,5,1,1,1.0,0.0,0,nan,nan,nan,0.0,-0.01635111139543998
2442,no_feedback,50,1,6,1,0,-1.0,0.0,1,1,0,0,0.0,-0.01635111139543998
2443,no_feedback,50,1,5,1,0,-1.0,0.0,1,0,1,0,0.0,-0.01635111139543998
2444,no_feedback,50,6,3,0,0,-1.0,0.0,1,0,1,0,0.0,-0.01635111139543998
2445,no_feedback,50,8,3,0,0,-1.0,0.0,1,0,1,0,0.0,-0.01635111139543998
2446,no_feedback,50,5,3,0,0,-1.0,0.0,1,0,1,0,0.0,-0.01635111139543998
2447,no_feedback,50,3,3,0,1,1.0,0.0,0,nan,nan,nan,0.0,-0.01635111139543998
2448,no_feedback,50,4,4,1,1,1.0,0.0,0,nan,nan,nan,0.0,-0.01635111139543998
2449,no_feedback,50,7,3,0,0,-1.0,0.0,1,2,0,0,0.0,-0.01635111139543998
2450,no_feedback,50,2,3,0,1,1.0,0.0,0,nan,nan,nan,0.0,-0.01635111139543998
2451,no_feedback,50,2,4,1,0,-1.0,0.0,1,1,0,0,0.0,-0.01635111139543998
2452,no_feedback,50,0,5,1,0,-1.0,0.0,1,0,1,0,0.0,-0.01635111139543998
2453,no_feedback,50,3,5,1,0,-1.0,0.0,1,0,1,0,0.0,-0.01635111139543998
2454,no_feedback,50,3,3,0,1,1.0,0.0,0,nan,nan,nan,0.0,-0.01635111139543998
2455,no_feedback,50,2,4,1,0,-1.0,0.0,1,1,0,0,0.0,-0.01635111139543998
2456,no_feedback,50,2,5,1,0,-1.0,0.0,1,0,1,0,0.0,-0.01635111139543998
2457,no_feedback,50,8,5,1,0,-1.0,0.0,1,0,1,0,0.0,-0.01635111139543998
2458,no_feedback,50,4,5,1,1,1.0,0.0,0,nan,nan,nan,0.0,-0.01635111139543998
2459,no_feedback,50,7,4,0,0,-1.0,0.0,1,1,0,0,0.0,-0.01635111139543998
2460,no_feedback,50,5,5,1,1,1.0,0.0,0,nan,nan,nan,0.0,-0.01635111139543998
2461,no_feedback,50,4,6,1,0,-1.0,0.0,1,1,0,0,0.0,-0.01635111139543998
2462,no_feedback,50,0,3,0,0,-1.0,0.0,1,0,1,0,0.0,-0.01635111139543998
2463,no_feedback,50,4,3,0,1,1.0,0.0,0,nan,nan,nan,0.0,-0.01635111139543998
2464,no_feedback,50,5,4,1,1,1.0,0.0,0,nan,nan,nan,0.0,-0.01635111139543998
2465,no_feedback,50,7,3,0,0,-1.0,0.0,1,2,0,0,0.0,-0.01635111139543998
2466,no_feedback,50,2,3,0,1,1.0,0.0,0,nan,nan,nan,0.0,-0.01635111139543998
2467,no_feedback,50,4,4,1,1,1.0,0.0,0,nan,nan,nan,0.0,-0.01635111139543998
2468,no_feedback,50,7,5,1,0,-1.0,0.0,1,2,0,0,0.0,-0.01635111139543998
2469,no_feedback,50,0,5,1,0,-1.0,0.0,1,0,1,0,0.0,-0.01635111139543998
2470,no_feedback,50,0,5,1,0,-1.0,0.0,1,0,1,0,0.0,-0.01635111139543998
2471,no_feedback,50,3,5,1,0,-1.0,0.0,1,0,1,0,0.0,-0.01635111139543998
2472,no_feedback,50,7,3,0,0,-1.0,0.0,1,0,1,0,0.0,-0.01635111139543998
2473,no_feedback,50,8,5,1,0,-1.0,0.0,1,0,1,0,0.0,-0.01635111139543998
2474,no_feedback,50,2,5,1,0,-1.0,0.0,1,0,1,0,0.0,-0.01635111139543998
2475,no_feedback,50,3,5,1,0,-1.0,0.0,1,0,1,0,0.0,-0.01635111139543998
2476,no_feedback,50,3,3,0,1,1.0,0.0,0,nan,nan,nan,0.0,-0.01635111139543998
2477,no_feedback,50,7,4,1,0,-1.0,0.0,1,1,0,0,0.0,-0.01635111139543998
2478,no_feedback,50,0,5,1,0,-1.0,0.0,1,0,1,0,0.0,-0.01635111139543998
2479,no_feedback,50,1,5,1,0,-1.0,0.0,1,0,1,0,0.0,-0.01635111139543998
2480,no_feedback,50,2,3,0,1,1.0,0.0,0,nan,nan,nan,0.0,-0.01635111139543998
2481,no_feedback,50,3,2,0,1,1.0,0.0,0,nan,nan,nan,0.0,-0.01635111139543998
2482,no_feedback,50,5,1,0,0,-1.0,0.0,1,2,0,0,0.0,-0.01635111139543998
2483,no_feedback,50,5,5,1,1,1.0,0.0,0,nan,nan,nan,0.0,-0.01635111139543998
2484,no_feedback,50,7,4,0,0,-1.0,0.0,1,1,0,0,0.0,-0.01635111139543998
2485,no_feedback,50,8,5,1,0,-1.0,0.0,1,0,1,0,0.0,-0.01635111139543998
2486,no_feedback,50,7,3,0,0,-1.0,0.0,1,0,1,0,0.0,-0.01635111139543998
2487,no_feedback,50,8,5,1,0,-1.0,0.0,1,0,1,0,0.0,-0.01635111139543998
2488,no_feedback,50,7,3,0,0,-1.0,0.0,1,0,1,0,0.0,-0.01635111139543998
2489,no_feedback,50,8,5,1,0,-1.0,0.0,1,0,1,0,0.0,-0.01635111139543998
2490,no_feedback,50,8,3,0,0,-1.0,0.0,1,0,1,0,0.0,-0.01635111139543998
2491,no_feedback,50,1,3,0,0,-1.0,0.0,1,0,1,0,0.0,-0.01635111139543998
2492,no_feedback,50,6,3,0,0,-1.0,0.0,1,0,1,0,0.0,-0.01635111139543998
2493,no_feedback,50,6,3,0,0,-1.0,0.0,1,0,1,0,0.0,-0.01635111139543998
2494,no_feedback,50,7,5,1,0,-1.0,0.0,1,0,1,0,0.0,-0.01635111139543998
2495,no_feedback,50,5,5,1,1,1.0,0.0,0,nan,nan,nan,0.0,-0.01635111139543998
2496,no_feedback,50,0,4,0,0,-1.0,0.0,1,1,0,0,0.0,-0.01635111139543998
2497,no_feedback,50,1,5,1,0,-1.0,0.0,1,0,1,0,0.0,-0.01635111139543998
2498,no_feedback,50,1,5,1,0,-1.0,0.0,1,0,1,0,0.0,-0.01635111139543998
2499,no_feedback,50,4,5,1,1,1.0,0.0,0,nan,nan,nan,0.0,-0.01635111139543998
2500,no_feedback,50,1,6,1,0,-1.0,0.0,1,1,0,0,0.0,-0.01635111139543998
2501,no_feedback,50,8,5,1,0,-1.0,0.0,1,0,1,0,0.0,-0.01635111139543998
2502,no_feedback,50,2,3,0,1,1.0,0.0,0,nan,nan,nan,0.0,-0.01635111139543998
2503,no_feedback,50,2,2,0,1,1.0,0.0,0,nan,nan,nan,0.0,-0.01635111139543998
2504,no_feedback,50,2,3,1,1,1.0,0.0,0,nan,nan,nan,0.0,-0.01635111139543998
2505,no_feedback,50,6,2,0,0,-1.0,0.0,1,3,0,1,0.0,-0.01635111139543998
2506,no_feedback,50,3,5,1,0,-1.0,0.0,1,0,1,0,0.0,-0.01635111139543998
2507,no_feedback,50,3,3,0,1,1.0,0.0,0,nan,nan,nan,0.0,-0.01635111139543998
2508,no_feedback,50,3,2,0,1,1.0,0.0,0,nan,nan,nan,0.0,-0.01635111139543998
2509,no_feedback,50,7,1,0,0,-1.0,0.0,1,2,0,0,0.0,-0.01635111139543998
2510,no_feedback,50,0,5,1,0,-1.0,0.0,1,0,1,0,0.0,-0.01635111139543998
2511,no_feedback,50,6,3,0,0,-1.0,0.0,1,0,1,0,0.0,-0.01635111139543998
2512,no_feedback,50,2,5,1,0,-1.0,0.0,1,0,1,0,0.0,-0.01635111139543998
2513,no_feedback,50,7,3,0,0,-1.0,0.0,1,0,1,0,0.0,-0.01635111139543998
2514,no_feedback,50,3,3,0,1,1.0,0.0,0,nan,nan,nan,0.0,-0.01635111139543998
2515,no_feedback,50,8,4,1,0,-1.0,0.0,1,1,0,0,0.0,-0.01635111139543998
2516,no_feedback,50,1,5,1,0,-1.0,0.0,1,0,1,0,0.0,-0.01635111139543998
2517,no_feedback,50,5,3,0,0,-1.0,0.0,1,0,1,0,0.0,-0.01635111139543998
2518,no_feedback,50,0,3,0,0,-1.0,0.0,1,0,1,0,0.0,-0.01635111139543998
2519,no_feedback,50,1,3,0,0,-1.0,0.0,1,0,1,0,0.0,-0.01635111139543998
2520,no_feedback,50,8,3,0,0,-1.0,0.0,1,0,1,0,0.0,-0.01635111139543998
2521,no_feedback,50,4,3,0,1,1.0,0.0,0,nan,nan,nan,0.0,-0.01635111139543998
2522,no_feedback,50,7,2,0,0,-1.0,0.0,1,1,0,0,0.0,-0.01635111139543998
2523,no_feedback,50,6,3,0,0,-1.0,0.0,1,0,1,0,0.0,-0.01635111139543998
2524,no_feedback,50,2,5,1,0,-1.0,0.0,1,0,1,0,0.0,-0.01635111139543998
2525,no_feedback,50,5,3,0,0,-1.0,0.0,1,0,1,0,0.0,-0.01635111139543998
2526,no_feedback,50,6,5,1,1,1.0,0.0,0,nan,nan,nan,0.0,-0.01635111139543998
2527,no_feedback,50,2,6,1,0,-1.0,0.0,1,1,0,0,0.0,-0.01635111139543998
2528,no_feedback,50,8,5,1,0,-1.0,0.0,1,0,1,0,0.0,-0.01635111139543998
2529,no_feedback,50,1,5,1,0,-1.0,0.0,1,0,1,0,0.0,-0.01635111139543998
2530,no_feedback,50,8,5,1,0,-1.0,0.0,1,0,1,0,0.0,-0.01635111139543998
2531,no_feedback,50,1,5,1,0,-1.0,0.0,1,0,1,0,0.0,-0.01635111139543998
2532,no_feedback,50,3,5,1,0,-1.0,0.0,1,0,1,0,0.0,-0.01635111139543998
2533,no_feedback,50,1,5,1,0,-1.0,0.0,1,0,1,0,0.0,-0.01635111139543998
2534,no_feedback,50,4,5,1,1,1.0,0.0,0,nan,nan,nan,0.0,-0.01635111139543998
2535,no_feedback,50,3,4,0,1,1.0,0.0,0,nan,nan,nan,0.0,-0.01635111139543998
2536,no_feedback,50,3,3,0,1,1.0,0.0,0,nan,nan,nan,0.0,-0.01635111139543998
2537,no_feedback,50,5,4,1,1,1.0,0.0,0,nan,nan,nan,0.0,-0.01635111139543998
2538,no_feedback,50,3,3,0,1,1.0,0.0,0,nan,nan,nan,0.0,-0.01635111139543998
2539,no_feedback,50,2,4,1,0,-1.0,0.0,1,5,0,1,0.0,-0.01635111139543998
2540,no_feedback,50,8,3,0,0,-1.0,0.0,1,0,1,0,0.0,-0.01635111139543998
2541,no_feedback,50,8,5,1,0,-1.0,0.0,1,0,1,0,0.0,-0.01635111139543998
2542,no_feedback,50,0,3,0,0,-1.0,0.0,1,0,1,0,0.0,-0.01635111139543998
2543,no_feedback,50,8,5,1,0,-1.0,0.0,1,0,1,0,0.0,-0.01635111139543998
2544,no_feedback,50,2,5,1,0,-1.0,0.0,1,0,1,0,0.0,-0.01635111139543998
2545,no_feedback,50,2,3,0,1,1.0,0.0,0,nan,nan,nan,0.0,-0.01635111139543998
2546,no_feedback,50,7,4,1,0,-1.0,0.0,1,1,0,0,0.0,-0.01635111139543998
2547,no_feedback,50,0,3,0,0,-1.0,0.0,1,0,1,0,0.0,-0.01635111139543998
2548,no_feedback,50,4,5,1,1,1.0,0.0,0,nan,nan,nan,0.0,-0.01635111139543998
2549,no_feedback,50,2,4,0,0,-1.0,0.0,1,1,0,0,0.0,-0.01635111139543998
2550,no_feedback,50,2,3,0,1,1.0,0.0,0,nan,nan,nan,0.0,-0.01635111139543998
2551,no_feedback,50,1,2,0,1,1.0,0.0,0,nan,nan,nan,0.0,-0.01635111139543998
2552,no_feedback,50,7,3,1,0,-1.0,0.0,1,2,0,0,0.0,-0.01635111139543998
2553,no_feedback,50,3,3,0,1,1.0,0.0,0,nan,nan,nan,0.0,-0.01635111139543998
2554,no_feedback,50,4,4,1,1,1.0,0.0,0,nan,nan,nan,0.0,-0.01635111139543998
2555,no_feedback,50,1,5,1,0,-1.0,0.0,1,2,0,0,0.0,-0.01635111139543998
2556,no_feedback,50,7,5,1,0,-1.0,0.0,1,0,1,0,0.0,-0.01635111139543998
2557,no_feedback,50,3,5,1,0,-1.0,0.0,1,0,1,0,0.0,-0.01635111139543998
2558,no_feedback,50,5,5,1,1,1.0,0.0,0,nan,nan,nan,0.0,-0.01635111139543998
2559,no_feedback,50,7,4,0,0,-1.0,0.0,1,1,0,0,0.0,-0.01635111139543998
2560,no_feedback,50,8,3,0,0,-1.0,0.0,1,0,1,0,0.0,-0.01635111139543998
2561,no_feedback,50,7,5,1,0,-1.0,0.0,1,0,1,0,0.0,-0.01635111139543998
2562,no_feedback,50,6,3,0,0,-1.0,0.0,1,0,1,0,0.0,-0.01635111139543998
2563,no_feedback,50,6,3,0,0,-1.0,0.0,1,0,1,0,0.0,-0.01635111139543998
2564,no_feedback,50,2,5,1,0,-1.0,0.0,1,0,1,0,0.0,-0.01635111139543998
2565,no_feedback,50,5,5,1,1,1.0,0.0,0,nan,nan,nan,0.0,-0.01635111139543998
2566,no_feedback,50,5,6,1,1,1.0,0.0,0,nan,nan,nan,0.0,-0.01635111139543998
2567,no_feedback,50,0,7,1,0,-1.0,0.0,1,2,0,0,0.0,-0.01635111139543998
2568,no_feedback,50,1,3,0,0,-1.0,0.0,1,0,1,0,0.0,-0.01635111139543998
2569,no_feedback,50,8,3,0,0,-1.0,0.0,1,0,1,0,0.0,-0.01635111139543998
2570,no_feedback,50,8,5,1,0,-1.0,0.0,1,0,1,0,0.0,-0.01635111139543998
2571,no_feedback,50,6,3,0,0,-1.0,0.0,1,0,1,0,0.0,-0.01635111139543998
2572,no_feedback,50,6,3,0,0,-1.0,0.0,1,0,1,0,0.0,-0.01635111139543998
2573,no_feedback,50,8,5,1,0,-1.0,0.0,1,0,1,0,0.0,-0.01635111139543998
2574,no_feedback,50,3,5,1,0,-1.0,0.0,1,0,1,0,0.0,-0.01635111139543998
2575,no_feedback,50,7,5,1,0,-1.0,0.0,1,0,1,0,0.0,-0.01635111139543998
2576,no_feedback,50,6,3,0,0,-1.0,0.0,1,0,1,0,0.0,-0.01635111139543998
2577,no_feedback,50,7,3,0,0,-1.0,0.0,1,0,1,0,0.0,-0.01635111139543998
2578,no_feedback,50,5,3,0,0,-1.0,0.0,1,0,1,0,0.0,-0.01635111139543998
2579,no_feedback,50,0,3,0,0,-1.0,0.0,1,0,1,0,0.0,-0.01635111139543998
2580,no_feedback,50,4,3,0,1,1.0,0.0,0,nan,nan,nan,0.0,-0.01635111139543998
2581,no_feedback,50,2,2,0,1,1.0,0.0,0,nan,nan,nan,0.0,-0.01635111139543998
2582,no_feedback,50,5,3,1,0,-1.0,0.0,1,2,0,0,0.0,-0.01635111139543998
2583,no_feedback,50,8,5,1,0,-1.0,0.0,1,0,1,0,0.0,-0.01635111139543998
2584,no_feedback,50,5,5,1,1,1.0,0.0,0,nan,nan,nan,0.0,-0.01635111139543998
2585,no_feedback,50,4,4,0,1,1.0,0.0,0,nan,nan,nan,0.0,-0.01635111139543998
2586,no_feedback,50,1,5,1,0,-1.0,0.0,1,2,0,0,0.0,-0.01635111139543998
2587,no_feedback,50,2,5,1,0,-1.0,0.0,1,0,1,0,0.0,-0.01635111139543998
2588,no_feedback,50,8,5,1,0,-1.0,0.0,1,0,1,0,0.0,-0.01635111139543998
2589,no_feedback,50,0,5,1,0,-1.0,0.0,1,0,1,0,0.0,-0.01635111139543998
2590,no_feedback,50,2,5,1,0,-1.0,0.0,1,0,1,0,0.0,-0.01635111139543998
2591,no_feedback,50,2,5,1,0,-1.0,0.0,1,0,1,0,0.0,-0.01635111139543998
2592,no_feedback,50,4,3,0,1,1.0,0.0,0,nan,nan,nan,0.0,-0.01635111139543998
2593,no_feedback,50,6,2,0,0,-1.0,0.0,1,1,0,0,0.0,-0.01635111139543998
2594,no_feedback,50,7,5,1,0,-1.0,0.0,1,0,1,0,0.0,-0.01635111139543998
2595,no_feedback,50,8,5,1,0,-1.0,0.0,1,0,1,0,0.0,-0.01635111139543998
2596,no_feedback,50,4,3,0,1,1.0,0.0,0,nan,nan,nan,0.0,-0.01635111139543998
2597,no_feedback,50,0,4,1,0,-1.0,0.0,1,1,0,0,0.0,-0.01635111139543998
2598,no_feedback,50,6,5,1,1,1.0,0.0,0,nan,nan,nan,0.0,-0.01635111139543998
2599,no_feedback,50,1,6,1,0,-1.0,0.0,1,1,0,0,0.0,-0.01635111139543998
2600,no_feedback,50,0,5,1,0,-1.0,0.0,1,0,1,0,0.0,-0.01635111139543998
2601,no_feedback,50,0,5,1,0,-1.0,0.0,1,0,1,0,0.0,-0.01635111139543998
2602,no_feedback,50,2,3,0,1,1.0,0.0,0,nan,nan,nan,0.0,-0.01635111139543998
2603,no_feedback,50,3,4,1,1,1.0,0.0,0,nan,nan,nan,0.0,-0.01635111139543998
2604,no_feedback,50,4,5,1,1,1.0,0.0,0,nan,nan,nan,0.0,-0.01635111139543998
2605,no_feedback,50,8,6,1,0,-1.0,0.0,1,3,0,1,0.0,-0.01635111139543998
2606,no_feedback,50,7,5,1,0,-1.0,0.0,1,0,1,0,0.0,-0.01635111139543998
2607,no_feedback,50,4,5,1,1,1.0,0.0,0,nan,nan,nan,0.0,-0.01635111139543998
2608,no_feedback,50,6,4,0,0,-1.0,0.0,1,1,0,0,0.0,-0.01635111139543998
2609,no_feedback,50,6,5,1,1,1.0,0.0,0,nan,nan,nan,0.0,-0.01635111139543998
2610,no_feedback,50,8,6,1,0,-1.0,0.0,1,1,0,0,0.0,-0.01635111139543998
2611,no_feedback,50,5,3,0,0,-1.0,0.0,1,0,1,0,0.0,-0.01635111139543998
2612,no_feedback,50,3,5,1,0,-1.0,0.0,1,0,1,0,0.0,-0.01635111139543998
2613,no_feedback,50,1,3,0,0,-1.0,0.0,1,0,1,0,0.0,-0.01635111139543998
2614,no_feedback,50,5,5,1,1,1.0,0.0,0,nan,nan,nan,0.0,-0.01635111139543998
2615,no_feedback,50,8,6,1,0,-1.0,0.0,1,1,0,0,0.0,-0.01635111139543998
2616,no_feedback,50,5,3,0,0,-1.0,0.0,1,0,1,0,0.0,-0.01635111139543998
2617,no_feedback,50,3,5,1,0,-1.0,0.0,1,0,1,0,0.0,-0.01635111139543998
2618,no_feedback,50,1,3,0,0,-1.0,0.0,1,0,1,0,0.0,-0.01635111139543998
2619,no_feedback,50,4,5,1,1,1.0,0.0,0,nan,nan,nan,0.0,-0.01635111139543998
2620,no_feedback,50,5,6,1,1,1.0,0.0,0,nan,nan,nan,0.0,-0.01635111139543998
2621,no_feedback,50,0,7,1,0,-1.0,0.0,1,2,0,0,0.0,-0.01635111139543998
2622,no_feedback,50,8,5,1,0,-1.0,0.0,1,0,1,0,0.0,-0.01635111139543998
2623,no_feedback,50,7,3,0,0,-1.0,0.0,1,0,1,0,0.0,-0.01635111139543998
2624,no_feedback,50,0,5,1,0,-1.0,0.0,1,0,1,0,0.0,-0.01635111139543998
2625,no_feedback,50,7,3,0,0,-1.0,0.0,1,0,1,0,0.0,-0.01635111139543998
2626,no_feedback,50,2,5,1,0,-1.0,0.0,1,0,1,0,0.0,-0.01635111139543998
2627,no_feedback,50,7,3,0,0,-1.0,0.0,1,0,1,0,0.0,-0.01635111139543998
2628,no_feedback,50,4,5,1,1,1.0,0.0,0,nan,nan,nan,0.0,-0.01635111139543998
2629,no_feedback,50,2,6,1,0,-1.0,0.0,1,1,0,0,0.0,-0.01635111139543998
2630,no_feedback,50,7,5,1,0,-1.0,0.0,1,0,1,0,0.0,-0.01635111139543998
2631,no_feedback,50,7,5,1,0,-1.0,0.0,1,0,1,0,0.0,-0.01635111139543998
2632,no_feedback,50,4,3,0,1,1.0,0.0,0,nan,nan,nan,0.0,-0.01635111139543998
2633,no_feedback,50,6,4,1,0,-1.0,0.0,1,1,0,0,0.0,-0.01635111139543998
2634,no_feedback,50,3,5,1,0,-1.0,0.0,1,0,1,0,0.0,-0.01635111139543998
2635,no_feedback,50,0,3,0,0,-1.0,0.0,1,0,1,0,0.0,-0.01635111139543998
2636,no_feedback,50,6,3,0,0,-1.0,0.0,1,0,1,0,0.0,-0.01635111139543998
2637,no_feedback,50,2,5,1,0,-1.0,0.0,1,0,1,0,0.0,-0.01635111139543998
2638,no_feedback,50,1,3,0,0,-1.0,0.0,1,0,1,0,0.0,-0.01635111139543998
2639,no_feedback,50,4,5,1,1,1.0,0.0,0,nan,nan,nan,0.0,-0.01635111139543998
2640,no_feedback,50,8,6,1,0,-1.0,0.0,1,1,0,0,0.0,-0.01635111139543998
2641,no_feedback,50,5,5,1,1,1.0,0.0,0,nan,nan,nan,0.0,-0.01635111139543998
2642,no_feedback,50,8,6,1,0,-1.0,0.0,1,1,0,0,0.0,-0.01635111139543998
2643,no_feedback,50,0,5,1,0,-1.0,0.0,1,0,1,0,0.0,-0.01635111139543998
2644,no_feedback,50,0,5,1,0,-1.0,0.0,1,0,1,0,0.0,-0.01635111139543998
2645,no_feedback,50,2,3,0,1,1.0,0.0,0,nan,nan,nan,0.0,-0.01635111139543998
2646,no_feedback,50,8,4,1,0,-1.0,0.0,1,1,0,0,0.0,-0.01635111139543998
2647,no_feedback,50,2,3,0,1,1.0,0.0,0,nan,nan,nan,0.0,-0.01635111139543998
2648,no_feedback,50,0,2,0,0,-1.0,0.0,1,1,0,0,0.0,-0.01635111139543998
2649,no_feedback,50,8,3,0,0,-1.0,0.0,1,0,1,0,0.0,-0.01635111139543998
2650,no_feedback,50,4,5,1,1,1.0,0.0,0,nan,nan,nan,0.0,-0.01635111139543998
2651,no_feedback,50,2,4,0,0,-1.0,0.0,1,1,0,0,0.0,-0.01635111139543998
2652,no_feedback,50,0,3,0,0,-1.0,0.0,1,0,1,0,0.0,-0.01635111139543998
2653,no_feedback,50,0,5,1,0,-1.0,0.0,1,0,1,0,0.0,-0.01635111139543998
2654,no_feedback,50,1,3,0,0,-1.0,0.0,1,0,1,0,0.0,-0.01635111139543998
2655,no_feedback,50,7,3,0,0,-1.0,0.0,1,0,1,0,0.0,-0.01635111139543998
2656,no_feedback,50,2,3,0,1,1.0,0.0,0,nan,nan,nan,0.0,-0.01635111139543998
2657,no_feedback,50,3,4,1,1,1.0,0.0,0,nan,nan,nan,0.0,-0.01635111139543998
2658,no_feedback,50,0,3,0,0,-1.0,0.0,1,2,0,0,0.0,-0.01635111139543998
2659,no_feedback,50,7,5,1,0,-1.0,0.0,1,0,1,0,0.0,-0.01635111139543998
2660,no_feedback,50,2,5,1,0,-1.0,0.0,1,0,1,0,0.0,-0.01635111139543998
2661,no_feedback,50,7,5,1,0,-1.0,0.0,1,0,1,0,0.0,-0.01635111139543998
2662,no_feedback,50,2,5,1,0,-1.0,0.0,1,0,1,0,0.0,-0.01635111139543998
2663,no_feedback,50,5,5,1,1,1.0,0.0,0,nan,nan,nan,0.0,-0.01635111139543998
2664,no_feedback,50,6,4,0,0,-1.0,0.0,1,1,0,0,0.0,-0.01635111139543998
2665,no_feedback,50,4,3,0,1,1.0,0.0,0,nan,nan,nan,0.0,-0.01635111139543998
2666,no_feedback,50,4,2,0,0,-1.0,0.0,1,1,0,0,0.0,-0.01635111139543998
2667,no_feedback,50,4,3,0,1,1.0,0.0,0,nan,nan,nan,0.0,-0.01635111139543998
2668,no_feedback,50,3,2,0,1,1.0,0.0,0,nan,nan,nan,0.0,-0.01635111139543998
2669,no_feedback,50,0,1,0,1,1.0,0.0,0,nan,nan,nan,0.0,-0.01635111139543998
2670,no_feedback,50,5,2,1,0,-1.0,0.0,1,3,0,1,0.0,-0.01635111139543998
2671,no_feedback,50,2,3,0,1,1.0,0.0,0,nan,nan,nan,0.0,-0.01635111139543998
2672,no_feedback,50,0,4,1,0,-1.0,0.0,1,1,0,0,0.0,-0.01635111139543998
2673,no_feedback,50,3,3,0,1,1.0,0.0,0,nan,nan,nan,0.0,-0.01635111139543998
2674,no_feedback,50,8,2,0,0,-1.0,0.0,1,1,0,0,0.0,-0.01635111139543998
2675,no_feedback,50,5,5,1,1,1.0,0.0,0,nan,nan,nan,0.0,-0.01635111139543998
2676,no_feedback,50,2,4,0,0,-1.0,0.0,1,1,0,0,0.0,-0.01635111139543998
2677,no_feedback,50,5,3,0,0,-1.0,0.0,1,0,1,0,0.0,-0.01635111139543998
2678,no_feedback,50,2,3,0,1,1.0,0.0,0,nan,nan,nan,0.0,-0.01635111139543998
2679,no_feedback,50,7,4,1,0,-1.0,0.0,1,1,0,0,0.0,-0.01635111139543998
2680,no_feedback,50,5,3,0,0,-1.0,0.0,1,0,1,0,0.0,-0.01635111139543998
2681,no_feedback,50,5,5,1,1,1.0,0.0,0,nan,nan,nan,0.0,-0.01635111139543998
2682,no_feedback,50,8,4,0,0,-1.0,0.0,1,1,0,0,0.0,-0.01635111139543998
2683,no_feedback,50,7,5,1,0,-1.0,0.0,1,0,1,0,0.0,-0.01635111139543998
2684,no_feedback,50,4,3,0,1,1.0,0.0,0,nan,nan,nan,0.0,-0.01635111139543998
2685,no_feedback,50,7,2,0,0,-1.0,0.0,1,1,0,0,0.0,-0.01635111139543998
2686,no_feedback,50,1,3,0,0,-1.0,0.0,1,0,1,0,0.0,-0.01635111139543998
2687,no_feedback,50,2,3,0,1,1.0,0.0,0,nan,nan,nan,0.0,-0.01635111139543998
2688,no_feedback,50,0,2,0,0,-1.0,0.0,1,1,0,0,0.0,-0.01635111139543998
2689,no_feedback,50,7,3,0,0,-1.0,0.0,1,0,1,0,0.0,-0.01635111139543998
2690,no_feedback,50,5,5,1,1,1.0,0.0,0,nan,nan,nan,0.0,-0.01635111139543998
2691,no_feedback,50,5,6,1,1,1.0,0.0,0,nan,nan,nan,0.0,-0.01635111139543998
2692,no_feedback,50,1,7,1,0,-1.0,0.0,1,2,0,0,0.0,-0.01635111139543998
2693,no_feedback,50,5,5,1,1,1.0,0.0,0,nan,nan,nan,0.0,-0.01635111139543998
2694,no_feedback,50,5,6,1,1,1.0,0.0,0,nan,nan,nan,0.0,-0.01635111139543998
2695,no_feedback,50,7,7,1,1,1.0,0.0,0,nan,nan,nan,0.0,-0.01635111139543998
2696,no_feedback,50,0,6,0,0,-1.0,0.0,1,3,0,1,0.0,-0.01635111139543998
2697,no_feedback,50,2,5,1,0,-1.0,0.0,1,0,1,0,0.0,-0.01635111139543998
2698,no_feedback,50,2,5,1,0,-1.0,0.0,1,0,1,0,0.0,-0.01635111139543998
2699,no_feedback,50,7,3,0,0,-1.0,0.0,1,0,1,0,0.0,-0.01635111139543998
2700,no_feedback,50,0,3,0,0,-1.0,0.0,1,0,1,0,0.0,-0.01635111139543998
2701,no_feedback,50,6,3,0,0,-1.0,0.0,1,0,1,0,0.0,-0.01635111139543998
2702,no_feedback,50,7,5,1,0,-1.0,0.0,1,0,1,0,0.0,-0.01635111139543998
2703,no_feedback,50,2,5,1,0,-1.0,0.0,1,0,1,0,0.0,-0.01635111139543998
2704,no_feedback,50,5,3,0,0,-1.0,0.0,1,0,1,0,0.0,-0.01635111139543998
2705,no_feedback,50,1,3,0,0,-1.0,0.0,1,0,1,0,0.0,-0.01635111139543998
2706,no_feedback,50,4,3,0,1,1.0,0.0,0,nan,nan,nan,0.0,-0.01635111139543998
2707,no_feedback,50,3,4,1,1,1.0,0.0,0,nan,nan,nan,0.0,-0.01635111139543998
2708,no_feedback,50,8,3,0,0,-1.0,0.0,1,2,0,0,0.0,-0.01635111139543998
2709,no_feedback,50,8,3,0,0,-1.0,0.0,1,0,1,0,0.0,-0.01635111139543998
2710,no_feedback,50,5,5,1,1,1.0,0.0,0,nan,nan,nan,0.0,-0.01635111139543998
2711,no_feedback,50,5,6,1,1,1.0,0.0,0,nan,nan,nan,0.0,-0.01635111139543998
2712,no_feedback,50,2,5,0,0,-1.0,0.0,1,2,0,0,0.0,-0.01635111139543998
2713,no_feedback,50,1,5,1,0,-1.0,0.0,1,0,1,0,0.0,-0.01635111139543998
2714,no_feedback,50,0,3,0,0,-1.0,0.0,1,0,1,0,0.0,-0.01635111139543998
2715,no_feedback,50,7,3,0,0,-1.0,0.0,1,0,1,0,0.0,-0.01635111139543998
2716,no_feedback,50,0,3,0,0,-1.0,0.0,1,0,1,0,0.0,-0.01635111139543998
2717,no_feedback,50,1,5,1,0,-1.0,0.0,1,0,1,0,0.0,-0.01635111139543998
2718,no_feedback,50,8,3,0,0,-1.0,0.0,1,0,1,0,0.0,-0.01635111139543998
2719,no_feedback,50,2,3,0,1,1.0,0.0,0,nan,nan,nan,0.0,-0.01635111139543998
2720,no_feedback,50,2,4,1,0,-1.0,0.0,1,1,0,0,0.0,-0.01635111139543998
2721,no_feedback,50,6,3,0,0,-1.0,0.0,1,0,1,0,0.0,-0.01635111139543998
2722,no_feedback,50,7,3,0,0,-1.0,0.0,1,0,1,0,0.0,-0.01635111139543998
2723,no_feedback,50,2,5,1,0,-1.0,0.0,1,0,1,0,0.0,-0.01635111139543998
2724,no_feedback,50,0,5,1,0,-1.0,0.0,1,0,1,0,0.0,-0.01635111139543998
2725,no_feedback,50,0,5,1,0,-1.0,0.0,1,0,1,0,0.0,-0.01635111139543998
2726,no_feedback,50,0,5,1,0,-1.0,0.0,1,0,1,0,0.0,-0.01635111139543998
2727,no_feedback,50,6,5,1,1,1.0,0.0,0,nan,nan,nan,0.0,-0.01635111139543998
2728,no_feedback,50,2,6,1,0,-1.0,0.0,1,1,0,0,0.0,-0.01635111139543998
2729,no_feedback,50,0,3,0,0,-1.0,0.0,1,0,1,0,0.0,-0.01635111139543998
2730,no_feedback,50,4,5,1,1,1.0,0.0,0,nan,nan,nan,0.0,-0.01635111139543998
2731,no_feedback,50,4,4,0,1,1.0,0.0,0,nan,nan,nan,0.0,-0.01635111139543998
2732,no_feedback,50,7,5,1,0,-1.0,0.0,1,2,0,0,0.0,-0.01635111139543998
2733,no_feedback,50,6,5,1,1,1.0,0.0,0,nan,nan,nan,0.0,-0.01635111139543998
2734,no_feedback,50,5,4,0,1,1.0,0.0,0,nan,nan,nan,0.0,-0.01635111139543998
2735,no_feedback,50,5,3,0,0,-1.0,0.0,1,2,0,0,0.0,-0.01635111139543998
2736,no_feedback,50,7,5,1,0,-1.0,0.0,1,0,1,0,0.0,-0.01635111139543998
2737,no_feedback,50,7,3,0,0,-1.0,0.0,1,0,1,0,0.0,-0.01635111139543998
2738,no_feedback,50,7,3,0,0,-1.0,0.0,1,0,1,0,0.0,-0.01635111139543998
2739,no_feedback,50,4,3,0,1,1.0,0.0,0,nan,nan,nan,0.0,-0.01635111139543998
2740,no_feedback,50,4,4,1,1,1.0,0.0,0,nan,nan,nan,0.0,-0.01635111139543998
2741,no_feedback,50,3,5,1,0,-1.0,0.0,1,2,0,0,0.0,-0.01635111139543998
2742,no_feedback,50,5,5,1,1,1.0,0.0,0,nan,nan,nan,0.0,-0.01635111139543998
2743,no_feedback,50,7,4,0,0,-1.0,0.0,1,1,0,0,0.0,-0.01635111139543998
2744,no_feedback,50,5,5,1,1,1.0,0.0,0,nan,nan,nan,0.0,-0.01635111139543998
2745,no_feedback,50,2,4,0,0,-1.0,0.0,1,1,0,0,0.0,-0.01635111139543998
2746,no_feedback,50,4,5,1,1,1.0,0.0,0,nan,nan,nan,0.0,-0.01635111139543998
2747,no_feedback,50,6,4,0,0,-1.0,0.0,1,1,0,0,0.0,-0.01635111139543998
2748,no_feedback,50,3,5,1,0,-1.0,0.0,1,0,1,0,0.0,-0.01635111139543998
2749,no_feedback,50,3,3,0,1,1.0,0.0,0,nan,nan,nan,0.0,-0.01635111139543998
2750,no_feedback,50,6,4,1,0,-1.0,0.0,1,1,0,0,0.0,-0.01635111139543998
2751,no_feedback,50,3,5,1,0,-1.0,0.0,1,0,1,0,0.0,-0.01635111139543998
2752,no_feedback,50,8,3,0,0,-1.0,0.0,1,0,1,0,0.0,-0.01635111139543998
2753,no_feedback,50,1,5,1,0,-1.0,0.0,1,0,1,0,0.0,-0.01635111139543998
2754,no_feedback,50,5,3,0,0,-1.0,0.0,1,0,1,0,0.0,-0.01635111139543998
2755,no_feedback,50,7,3,0,0,-1.0,0.0,1,0,1,0,0.0,-0.01635111139543998
2756,no_feedback,50,4,5,1,1,1.0,0.0,0,nan,nan,nan,0.0,-0.01635111139543998
2757,no_feedback,50,1,4,0,0,-1.0,0.0,1,1,0,0,0.0,-0.01635111139543998
2758,no_feedback,50,7,3,0,0,-1.0,0.0,1,0,1,0,0.0,-0.01635111139543998
2759,no_feedback,50,5,5,1,1,1.0,0.0,0,nan,nan,nan,0.0,-0.01635111139543998
2760,no_feedback,50,2,6,1,0,-1.0,0.0,1,1,0,0,0.0,-0.01635111139543998
2761,no_feedback,50,0,5,1,0,-1.0,0.0,1,0,1,0,0.0,-0.01635111139543998
2762,no_feedback,50,6,3,0,0,-1.0,0.0,1,0,1,0,0.0,-0.01635111139543998
2763,no_feedback,50,1,3,0,0,-1.0,0.0,1,0,1,0,0.0,-0.01635111139543998
2764,no_feedback,50,6,3,0,0,-1.0,0.0,1,0,1,0,0.0,-0.01635111139543998
2765,no_feedback,50,6,5,1,1,1.0,0.0,0,nan,nan,nan,0.0,-0.01635111139543998
2766,no_feedback,50,2,6,1,0,-1.0,0.0,1,1,0,0,0.0,-0.01635111139543998
2767,no_feedback,50,7,5,1,0,-1.0,0.0,1,0,1,0,0.0,-0.01635111139543998
2768,no_feedback,50,6,5,1,1,1.0,0.0,0,nan,nan,nan,0.0,-0.01635111139543998
2769,no_feedback,50,2,4,0,0,-1.0,0.0,1,1,0,0,0.0,-0.01635111139543998
2770,no_feedback,50,3,3,0,1,1.0,0.0,0,nan,nan,nan,0.0,-0.01635111139543998
2771,no_feedback,50,5,2,0,0,-1.0,0.0,1,1,0,0,0.0,-0.01635111139543998
2772,no_feedback,50,3,3,0,1,1.0,0.0,0,nan,nan,nan,0.0,-0.01635111139543998
2773,no_feedback,50,7,4,1,0,-1.0,0.0,1,1,0,0,0.0,-0.01635111139543998
2774,no_feedback,50,8,5,1,0,-1.0,0.0,1,0,1,0,0.0,-0.01635111139543998
2775,no_feedback,50,4,5,1,1,1.0,0.0,0,nan,nan,nan,0.0,-0.01635111139543998
2776,no_feedback,50,7,4,0,0,-1.0,0.0,1,1,0,0,0.0,-0.01635111139543998
2777,no_feedback,50,1,5,1,0,-1.0,0.0,1,0,1,0,0.0,-0.01635111139543998
2778,no_feedback,50,6,5,1,1,1.0,0.0,0,nan,nan,nan,0.0,-0.01635111139543998
2779,no_feedback,50,1,4,0,0,-1.0,0.0,1,1,0,0,0.0,-0.01635111139543998
2780,no_feedback,50,8,5,1,0,-1.0,0.0,1,0,1,0,0.0,-0.01635111139543998
2781,no_feedback,50,0,3,0,0,-1.0,0.0,1,0,1,0,0.0,-0.01635111139543998
2782,no_feedback,50,5,5,1,1,1.0,0.0,0,nan,nan,nan,0.0,-0.01635111139543998
2783,no_feedback,50,0,6,1,0,-1.0,0.0,1,1,0,0,0.0,-0.01635111139543998
2784,no_feedback,50,2,3,0,1,1.0,0.0,0,nan,nan,nan,0.0,-0.01635111139543998
2785,no_feedback,50,1,4,1,0,-1.0,0.0,1,1,0,0,0.0,-0.01635111139543998
2786,no_feedback,50,7,5,1,0,-1.0,0.0,1,0,1,0,0.0,-0.01635111139543998
2787,no_feedback,50,2,3,0,1,1.0,0.0,0,nan,nan,nan,0.0,-0.01635111139543998
2788,no_feedback,50,4,4,1,1,1.0,0.0,0,nan,nan,nan,0.0,-0.01635111139543998
2789,no_feedback,50,0,3,0,0,-1.0,0.0,1,2,0,0,0.0,-0.01635111139543998
2790,no_feedback,50,8,5,1,0,-1.0,0.0,1,0,1,0,0.0,-0.01635111139543998
2791,no_feedback,50,7,5,1,0,-1.0,0.0,1,0,1,0,0.0,-0.01635111139543998
2792,no_feedback,50,2,3,0,1,1.0,0.0,0,nan,nan,nan,0.0,-0.01635111139543998
2793,no_feedback,50,3,2,0,1,1.0,0.0,0,nan,nan,nan,0.0,-0.01635111139543998
2794,no_feedback,50,7,1,0,0,-1.0,0.0,1,2,0,0,0.0,-0.01635111139543998
2795,no_feedback,50,4,3,0,1,1.0,0.0,0,nan,nan,nan,0.0,-0.01635111139543998
2796,no_feedback,50,1,2,0,1,1.0,0.0,0,nan,nan,nan,0.0,-0.01635111139543998
2797,no_feedback,50,2,3,1,1,1.0,0.0,0,nan,nan,nan,0.0,-0.01635111139543998
2798,no_feedback,50,1,2,0,1,1.0,0.0,0,nan,nan,nan,0.0,-0.01635111139543998
2799,no_feedback,50,8,3,1,0,-1.0,0.0,1,4,0,1,0.0,-0.01635111139543998
2800,no_feedback,50,4,3,0,1,1.0,0.0,0,nan,nan,nan,0.0,-0.01635111139543998
2801,no_feedback,50,8,4,1,0,-1.0,0.0,1,1,0,0,0.0,-0.01635111139543998
2802,no_feedback,50,0,3,0,0,-1.0,0.0,1,0,1,0,0.0,-0.01635111139543998
2803,no_feedback,50,2,5,1,0,-1.0,0.0,1,0,1,0,0.0,-0.01635111139543998
2804,no_feedback,50,6,3,0,0,-1.0,0.0,1,0,1,0,0.0,-0.01635111139543998
2805,no_feedback,50,0,3,0,0,-1.0,0.0,1,0,1,0,0.0,-0.01635111139543998
2806,no_feedback,50,0,3,0,0,-1.0,0.0,1,0,1,0,0.0,-0.01635111139543998
2807,no_feedback,50,6,5,1,1,1.0,0.0,0,nan,nan,nan,0.0,-0.01635111139543998
2808,no_feedback,50,7,6,1,1,1.0,0.0,0,nan,nan,nan,0.0,-0.01635111139543998
2809,no_feedback,50,2,7,1,0,-1.0,0.0,1,2,0,0,0.0,-0.01635111139543998
2810,no_feedback,50,4,3,0,1,1.0,0.0,0,nan,nan,nan,0.0,-0.01635111139543998
2811,no_feedback,50,1,2,0,1,1.0,0.0,0,nan,nan,nan,0.0,-0.01635111139543998
2812,no_feedback,50,6,1,0,0,-1.0,0.0,1,2,0,0,0.0,-0.01635111139543998
2813,no_feedback,50,6,5,1,1,1.0,0.0,0,nan,nan,nan,0.0,-0.01635111139543998
2814,no_feedback,50,6,6,1,1,1.0,0.0,0,nan,nan,nan,0.0,-0.01635111139543998
2815,no_feedback,50,8,7,1,1,1.0,0.0,0,nan,nan,nan,0.0,-0.01635111139543998
2816,no_feedback,50,1,8,1,0,-1.0,0.0,1,3,0,1,0.0,-0.01635111139543998
2817,no_feedback,50,1,5,1,0,-1.0,0.0,1,0,1,0,0.0,-0.01635111139543998
2818,no_feedback,50,1,3,0,0,-1.0,0.0,1,0,1,0,0.0,-0.01635111139543998
2819,no_feedback,50,1,5,1,0,-1.0,0.0,1,0,1,0,0.0,-0.01635111139543998
2820,no_feedback,50,0,3,0,0,-1.0,0.0,1,0,1,0,0.0,-0.01635111139543998
2821,no_feedback,50,7,5,1,0,-1.0,0.0,1,0,1,0,0.0,-0.01635111139543998
2822,no_feedback,50,6,3,0,0,-1.0,0.0,1,0,1,0,0.0,-0.01635111139543998
2823,no_feedback,50,5,3,0,0,-1.0,0.0,1,0,1,0,0.0,-0.01635111139543998
2824,no_feedback,50,4,5,1,1,1.0,0.0,0,nan,nan,nan,0.0,-0.01635111139543998
2825,no_feedback,50,3,4,0,1,1.0,0.0,0,nan,nan,nan,0.0,-0.01635111139543998
2826,no_feedback,50,1,3,0,0,-1.0,0.0,1,2,0,0,0.0,-0.01635111139543998
2827,no_feedback,50,3,5,1,0,-1.0,0.0,1,0,1,0,0.0,-0.01635111139543998
2828,no_feedback,50,0,3,0,0,-1.0,0.0,1,0,1,0,0.0,-0.01635111139543998
2829,no_feedback,50,5,5,1,1,1.0,0.0,0,nan,nan,nan,0.0,-0.01635111139543998
2830,no_feedback,50,1,4,0,0,-1.0,0.0,1,1,0,0,0.0,-0.01635111139543998
2831,no_feedback,50,2,5,1,0,-1.0,0.0,1,0,1,0,0.0,-0.01635111139543998
2832,no_feedback,50,7,3,0,0,-1.0,0.0,1,0,1,0,0.0,-0.01635111139543998
2833,no_feedback,50,0,3,0,0,-1.0,0.0,1,0,1,0,0.0,-0.01635111139543998
2834,no_feedback,50,0,5,1,0,-1.0,0.0,1,0,1,0,0.0,-0.01635111139543998
2835,no_feedback,50,1,3,0,0,-1.0,0.0,1,0,1,0,0.0,-0.01635111139543998
2836,no_feedback,50,6,3,0,0,-1.0,0.0,1,0,1,0,0.0,-0.01635111139543998
2837,no_feedback,50,3,5,1,0,-1.0,0.0,1,0,1,0,0.0,-0.01635111139543998
2838,no_feedback,50,1,3,0,0,-1.0,0.0,1,0,1,0,0.0,-0.01635111139543998
2839,no_feedback,50,4,3,0,1,1.0,0.0,0,nan,nan,nan,0.0,-0.01635111139543998
2840,no_feedback,50,1,4,1,0,-1.0,0.0,1,1,0,0,0.0,-0.01635111139543998
2841,no_feedback,50,0,5,1,0,-1.0,0.0,1,0,1,0,0.0,-0.01635111139543998
2842,no_feedback,50,5,3,0,0,-1.0,0.0,1,0,1,0,0.0,-0.01635111139543998
2843,no_feedback,50,7,3,0,0,-1.0,0.0,1,0,1,0,0.0,-0.01635111139543998
2844,no_feedback,50,7,5,1,0,-1.0,0.0,1,0,1,0,0.0,-0.01635111139543998
2845,no_feedback,50,2,3,0,1,1.0,0.0,0,nan,nan,nan,0.0,-0.01635111139543998
2846,no_feedback,50,0,2,0,0,-1.0,0.0,1,1,0,0,0.0,-0.01635111139543998
2847,no_feedback,50,2,5,1,0,-1.0,0.0,1,0,1,0,0.0,-0.01635111139543998
2848,no_feedback,50,4,5,1,1,1.0,0.0,0,nan,nan,nan,0.0,-0.01635111139543998
2849,no_feedback,50,4,4,0,1,1.0,0.0,0,nan,nan,nan,0.0,-0.01635111139543998
2850,no_feedback,50,4,3,0,1,1.0,0.0,0,nan,nan,nan,0.0,-0.01635111139543998
2851,no_feedback,50,4,2,0,0,-1.0,0.0,1,3,0,1,0.0,-0.01635111139543998
2852,no_feedback,50,0,5,1,0,-1.0,0.0,1,0,1,0,0.0,-0.01635111139543998
2853,no_feedback,50,6,3,0,0,-1.0,0.0,1,0,1,0,0.0,-0.01635111139543998
2854,no_feedback,50,6,5,1,1,1.0,0.0,0,nan,nan,nan,0.0,-0.01635111139543998
2855,no_feedback,50,8,4,0,0,-1.0,0.0,1,1,0,0,0.0,-0.01635111139543998
2856,no_feedback,50,7,3,0,0,-1.0,0.0,1,0,1,0,0.0,-0.01635111139543998
2857,no_feedback,50,1,3,0,0,-1.0,0.0,1,0,1,0,0.0,-0.01635111139543998
2858,no_feedback,50,1,3,0,0,-1.0,0.0,1,0,1,0,0.0,-0.01635111139543998
2859,no_feedback,50,8,5,1,0,-1.0,0.0,1,0,1,0,0.0,-0.01635111139543998
2860,no_feedback,50,5,5,1,1,1.0,0.0,0,nan,nan,nan,0.0,-0.01635111139543998
2861,no_feedback,50,7,6,1,1,1.0,0.0,0,nan,nan,nan,0.0,-0.01635111139543998
2862,no_feedback,50,0,7,1,0,-1.0,0.0,1,2,0,0,0.0,-0.01635111139543998
2863,no_feedback,50,8,3,0,0,-1.0,0.0,1,0,1,0,0.0,-0.01635111139543998
2864,no_feedback,50,0,3,0,0,-1.0,0.0,1,0,1,0,0.0,-0.01635111139543998
2865,no_feedback,50,1,5,1,0,-1.0,0.0,1,0,1,0,0.0,-0.01635111139543998
2866,no_feedback,50,7,3,0,0,-1.0,0.0,1,0,1,0,0.0,-0.01635111139543998
2867,no_feedback,50,3,5,1,0,-1.0,0.0,1,0,1,0,0.0,-0.01635111139543998
2868,no_feedback,50,3,5,1,0,-1.0,0.0,1,0,1,0,0.0,-0.01635111139543998
2869,no_feedback,50,0,5,1,0,-1.0,0.0,1,0,1,0,0.0,-0.01635111139543998
2870,no_feedback,50,2,5,1,0,-1.0,0.0,1,0,1,0,0.0,-0.01635111139543998
2871,no_feedback,50,6,3,0,0,-1.0,0.0,1,0,1,0,0.0,-0.01635111139543998
2872,no_feedback,50,6,3,0,0,-1.0,0.0,1,0,1,0,0.0,-0.01635111139543998
2873,no_feedback,50,0,5,1,0,-1.0,0.0,1,0,1,0,0.0,-0.01635111139543998
2874,no_feedback,50,1,5,1,0,-1.0,0.0,1,0,1,0,0.0,-0.01635111139543998
2875,no_feedback,50,8,3,0,0,-1.0,0.0,1,0,1,0,0.0,-0.01635111139543998
2876,no_feedback,50,7,5,1,0,-1.0,0.0,1,0,1,0,0.0,-0.01635111139543998
2877,no_feedback,50,8,5,1,0,-1.0,0.0,1,0,1,0,0.0,-0.01635111139543998
2878,no_feedback,50,2,5,1,0,-1.0,0.0,1,0,1,0,0.0,-0.01635111139543998
2879,no_feedback,50,0,3,0,0,-1.0,0.0,1,0,1,0,0.0,-0.01635111139543998
2880,no_feedback,50,2,3,0,1,1.0,0.0,0,nan,nan,nan,0.0,-0.01635111139543998
2881,no_feedback,50,5,2,0,0,-1.0,0.0,1,1,0,0,0.0,-0.01635111139543998
2882,no_feedback,50,0,3,0,0,-1.0,0.0,1,0,1,0,0.0,-0.01635111139543998
2883,no_feedback,50,5,3,0,0,-1.0,0.0,1,0,1,0,0.0,-0.01635111139543998
2884,no_feedback,50,2,5,1,0,-1.0,0.0,1,0,1,0,0.0,-0.01635111139543998
2885,no_feedback,50,6,5,1,1,1.0,0.0,0,nan,nan,nan,0.0,-0.01635111139543998
2886,no_feedback,50,1,4,0,0,-1.0,0.0,1,1,0,0,0.0,-0.01635111139543998
2887,no_feedback,50,1,5,1,0,-1.0,0.0,1,0,1,0,0.0,-0.01635111139543998
2888,no_feedback,50,0,3,0,0,-1.0,0.0,1,0,1,0,0.0,-0.01635111139543998
2889,no_feedback,50,3,3,0,1,1.0,0.0,0,nan,nan,nan,0.0,-0.01635111139543998
2890,no_feedback,50,6,2,0,0,-1.0,0.0,1,1,0,0,0.0,-0.01635111139543998
2891,no_feedback,50,1,3,0,0,-1.0,0.0,1,0,1,0,0.0,-0.01635111139543998
2892,no_feedback,50,1,5,1,0,-1.0,0.0,1,0,1,0,0.0,-0.01635111139543998
2893,no_feedback,50,7,3,0,0,-1.0,0.0,1,0,1,0,0.0,-0.01635111139543998
2894,no_feedback,50,0,3,0,0,-1.0,0.0,1,0,1,0,0.0,-0.01635111139543998
2895,no_feedback,50,2,5,1,0,-1.0,0.0,1,0,1,0,0.0,-0.01635111139543998
2896,no_feedback,50,7,3,0,0,-1.0,0.0,1,0,1,0,0.0,-0.01635111139543998
2897,no_feedback,50,6,3,0,0,-1.0,0.0,1,0,1,0,0.0,-0.01635111139543998
2898,no_feedback,50,2,5,1,0,-1.0,0.0,1,0,1,0,0.0,-0.01635111139543998
2899,no_feedback,50,5,5,1,1,1.0,0.0,0,nan,nan,nan,0.0,-0.01635111139543998
2900,no_feedback,50,1,6,1,0,-1.0,0.0,1,1,0,0,0.0,-0.01635111139543998
2901,no_feedback,50,6,3,0,0,-1.0,0.0,1,0,1,0,0.0,-0.01635111139543998
2902,no_feedback,50,8,3,0,0,-1.0,0.0,1,0,1,0,0.0,-0.01635111139543998
2903,no_feedback,50,3,5,1,0,-1.0,0.0,1,0,1,0,0.0,-0.01635111139543998
2904,no_feedback,50,6,3,0,0,-1.0,0.0,1,0,1,0,0.0,-0.01635111139543998
2905,no_feedback,50,5,3,0,0,-1.0,0.0,1,0,1,0,0.0,-0.01635111139543998
2906,no_feedback,50,6,3,0,0,-1.0,0.0,1,0,1,0,0.0,-0.01635111139543998
2907,no_feedback,50,2,5,1,0,-1.0,0.0,1,0,1,0,0.0,-0.01635111139543998
2908,no_feedback,50,8,5,1,0,-1.0,0.0,1,0,1,0,0.0,-0.01635111139543998
2909,no_feedback,50,0,3,0,0,-1.0,0.0,1,0,1,0,0.0,-0.01635111139543998
2910,no_feedback,50,5,5,1,1,1.0,0.0,0,nan,nan,nan,0.0,-0.01635111139543998
2911,no_feedback,50,3,4,0,1,1.0,0.0,0,nan,nan,nan,0.0,-0.01635111139543998
2912,no_feedback,50,2,5,1,0,-1.0,0.0,1,2,0,0,0.0,-0.01635111139543998
2913,no_feedback,50,8,5,1,0,-1.0,0.0,1,0,1,0,0.0,-0.01635111139543998
2914,no_feedback,50,2,3,0,1,1.0,0.0,0,nan,nan,nan,0.0,-0.01635111139543998
2915,no_feedback,50,4,2,0,0,-1.0,0.0,1,1,0,0,0.0,-0.01635111139543998
2916,no_feedback,50,3,3,0,1,1.0,0.0,0,nan,nan,nan,0.0,-0.01635111139543998
2917,no_feedback,50,4,2,0,0,-1.0,0.0,1,1,0,0,0.0,-0.01635111139543998
2918,no_feedback,50,4,3,0,1,1.0,0.0,0,nan,nan,nan,0.0,-0.01635111139543998
2919,no_feedback,50,1,4,1,0,-1.0,0.0,1,1,0,0,0.0,-0.01635111139543998
2920,no_feedback,50,3,5,1,0,-1.0,0.0,1,0,1,0,0.0,-0.01635111139543998
2921,no_feedback,50,0,5,1,0,-1.0,0.0,1,0,1,0,0.0,-0.01635111139543998
2922,no_feedback,50,1,3,0,0,-1.0,0.0,1,0,1,0,0.0,-0.01635111139543998
2923,no_feedback,50,8,5,1,0,-1.0,0.0,1,0,1,0,0.0,-0.01635111139543998
2924,no_feedback,50,7,5,1,0,-1.0,0.0,1,0,1,0,0.0,-0.01635111139543998
2925,no_feedback,50,4,3,0,1,1.0,0.0,0,nan,nan,nan,0.0,-0.01635111139543998
2926,no_feedback,50,8,4,1,0,-1.0,0.0,1,1,0,0,0.0,-0.01635111139543998
2927,no_feedback,50,6,5,1,1,1.0,0.0,0,nan,nan,nan,0.0,-0.01635111139543998
2928,no_feedback,50,4,4,0,1,1.0,0.0,0,nan,nan,nan,0.0,-0.01635111139543998
2929,no_feedback,50,1,5,1,0,-1.0,0.0,1,2,0,0,0.0,-0.01635111139543998
2930,no_feedback,50,0,5,1,0,-1.0,0.0,1,0,1,0,0.0,-0.01635111139543998
2931,no_feedback,50,3,5,1,0,-1.0,0.0,1,0,1,0,0.0,-0.01635111139543998
2932,no_feedback,50,4,5,1,1,1.0,0.0,0,nan,nan,nan,0.0,-0.01635111139543998
2933,no_feedback,50,0,6,1,0,-1.0,0.0,1,1,0,0,0.0,-0.01635111139543998
2934,no_feedback,50,1,3,0,0,-1.0,0.0,1,0,1,0,0.0,-0.01635111139543998
2935,no_feedback,50,5,3,0,0,-1.0,0.0,1,0,1,0,0.0,-0.01635111139543998
2936,no_feedback,50,5,5,1,1,1.0,0.0,0,nan,nan,nan,0.0,-0.01635111139543998
2937,no_feedback,50,7,4,0,0,-1.0,0.0,1,1,0,0,0.0,-0.01635111139543998
2938,no_feedback,50,2,5,1,0,-1.0,0.0,1,0,1,0,0.0,-0.01635111139543998
2939,no_feedback,50,5,3,0,0,-1.0,0.0,1,0,1,0,0.0,-0.01635111139543998
2940,no_feedback,50,7,5,1,0,-1.0,0.0,1,0,1,0,0.0,-0.01635111139543998
2941,no_feedback,50,1,5,1,0,-1.0,0.0,1,0,1,0,0.0,-0.01635111139543998
2942,no_feedback,50,6,3,0,0,-1.0,0.0,1,0,1,0,0.0,-0.01635111139543998
2943,no_feedback,50,8,5,1,0,-1.0,0.0,1,0,1,0,0.0,-0.01635111139543998
2944,no_feedback,50,6,3,0,0,-1.0,0.0,1,0,1,0,0.0,-0.01635111139543998
2945,no_feedback,50,0,5,1,0,-1.0,0.0,1,0,1,0,0.0,-0.01635111139543998
2946,no_feedback,50,1,3,0,0,-1.0,0.0,1,0,1,0,0.0,-0.01635111139543998
2947,no_feedback,50,5,3,0,0,-1.0,0.0,1,0,1,0,0.0,-0.01635111139543998
2948,no_feedback,50,4,3,0,1,1.0,0.0,0,nan,nan,nan,0.0,-0.01635111139543998
2949,no_feedback,50,1,4,1,0,-1.0,0.0,1,1,0,0,0.0,-0.01635111139543998
2950,no_feedback,50,3,5,1,0,-1.0,0.0,1,0,1,0,0.0,-0.01635111139543998
2951,no_feedback,50,0,5,1,0,-1.0,0.0,1,0,1,0,0.0,-0.01635111139543998
2952,no_feedback,50,4,5,1,1,1.0,0.0,0,nan,nan,nan,0.0,-0.01635111139543998
2953,no_feedback,50,8,4,0,0,-1.0,0.0,1,1,0,0,0.0,-0.01635111139543998
2954,no_feedback,50,3,3,0,1,1.0,0.0,0,nan,nan,nan,0.0,-0.01635111139543998
2955,no_feedback,50,2,2,0,1,1.0,0.0,0,nan,nan,nan,0.0,-0.01635111139543998
2956,no_feedback,50,1,3,1,0,-1.0,0.0,1,2,0,0,0.0,-0.01635111139543998
2957,no_feedback,50,5,3,0,0,-1.0,0.0,1,0,1,0,0.0,-0.01635111139543998
2958,no_feedback,50,0,3,0,0,-1.0,0.0,1,0,1,0,0.0,-0.01635111139543998
2959,no_feedback,50,2,3,0,1,1.0,0.0,0,nan,nan,nan,0.0,-0.01635111139543998
2960,no_feedback,50,3,2,0,1,1.0,0.0,0,nan,nan,nan,0.0,-0.01635111139543998
2961,no_feedback,50,2,1,0,1,1.0,0.0,0,nan,nan,nan,0.0,-0.01635111139543998
2962,no_feedback,50,3,2,1,1,1.0,0.0,0,nan,nan,nan,0.0,-0.01635111139543998
2963,no_feedback,50,1,1,0,1,1.0,0.0,0,nan,nan,nan,0.0,-0.01635111139543998
2964,no_feedback,50,7,2,1,0,-1.0,0.0,1,5,0,1,0.0,-0.01635111139543998
2965,no_feedback,50,5,3,0,0,-1.0,0.0,1,0,1,0,0.0,-0.01635111139543998
2966,no_feedback,50,1,3,0,0,-1.0,0.0,1,0,1,0,0.0,-0.01635111139543998
2967,no_feedback,50,6,5,1,1,1.0,0.0,0,nan,nan,nan,0.0,-0.01635111139543998
2968,no_feedback,50,4,4,0,1,1.0,0.0,0,nan,nan,nan,0.0,-0.01635111139543998
2969,no_feedback,50,5,3,0,0,-1.0,0.0,1,2,0,0,0.0,-0.01635111139543998
2970,no_feedback,50,2,3,0,1,1.0,0.0,0,nan,nan,nan,0.0,-0.01635111139543998
2971,no_feedback,50,2,2,0,1,1.0,0.0,0,nan,nan,nan,0.0,-0.01635111139543998
2972,no_feedback,50,8,1,0,0,-1.0,0.0,1,2,0,0,0.0,-0.01635111139543998
2973,no_feedback,50,1,3,0,0,-1.0,0.0,1,0,1,0,0.0,-0.01635111139543998
2974,no_feedback,50,5,5,1,1,1.0,0.0,0,nan,nan,nan,0.0,-0.01635111139543998
2975,no_feedback,50,4,6,1,0,-1.0,0.0,1,1,0,0,0.0,-0.01635111139543998
2976,no_feedback,50,8,3,0,0,-1.0,0.0,1,0,1,0,0.0,-0.01635111139543998
2977,no_feedback,50,5,3,0,0,-1.0,0.0,1,0,1,0,0.0,-0.01635111139543998
2978,no_feedback,50,7,3,0,0,-1.0,0.0,1,0,1,0,0.0,-0.01635111139543998
2979,no_feedback,50,6,5,1,1,1.0,0.0,0,nan,nan,nan,0.0,-0.01635111139543998
2980,no_feedback,50,1,6,1,0,-1.0,0.0,1,1,0,0,0.0,-0.01635111139543998
2981,no_feedback,50,4,5,1,1,1.0,0.0,0,nan,nan,nan,0.0,-0.01635111139543998
2982,no_feedback,50,6,4,0,0,-1.0,0.0,1,1,0,0,0.0,-0.01635111139543998
2983,no_feedback,50,6,3,0,0,-1.0,0.0,1,0,1,0,0.0,-0.01635111139543998
2984,no_feedback,50,7,5,1,0,-1.0,0.0,1,0,1,0,0.0,-0.01635111139543998
2985,no_feedback,50,1,5,1,0,-1.0,0.0,1,0,1,0,0.0,-0.01635111139543998
2986,no_feedback,50,5,3,0,0,-1.0,0.0,1,0,1,0,0.0,-0.01635111139543998
2987,no_feedback,50,1,5,1,0,-1.0,0.0,1,0,1,0,0.0,-0.01635111139543998
2988,no_feedback,50,4,5,1,1,1.0,0.0,0,nan,nan,nan,0.0,-0.01635111139543998
2989,no_feedback,50,2,6,1,0,-1.0,0.0,1,1,0,0,0.0,-0.01635111139543998
2990,no_feedback,50,6,5,1,1,1.0,0.0,0,nan,nan,nan,0.0,-0.01635111139543998
2991,no_feedback,50,3,4,0,1,1.0,0.0,0,nan,nan,nan,0.0,-0.01635111139543998
2992,no_feedback,50,0,3,0,0,-1.0,0.0,1,2,0,0,0.0,-0.01635111139543998
2993,no_feedback,50,8,5,1,0,-1.0,0.0,1,0,1,0,0.0,-0.01635111139543998
2994,no_feedback,50,3,5,1,0,-1.0,0.0,1,0,1,0,0.0,-0.01635111139543998
2995,no_feedback,50,2,5,1,0,-1.0,0.0,1,0,1,0,0.0,-0.01635111139543998
2996,no_feedback,50,0,3,0,0,-1.0,0.0,1,0,1,0,0.0,-0.01635111139543998
2997,no_feedback,50,6,3,0,0,-1.0,0.0,1,0,1,0,0.0,-0.01635111139543998
2998,no_feedback,50,6,5,1,1,1.0,0.0,0,nan,nan,nan,0.0,-0.01635111139543998
2999,no_feedback,50,4,6,1,0,-1.0,0.0,1,1,0,0,0.0,-0.01635111139543998
3000,no_feedback,50,6,5,1,1,1.0,0.0,0,nan,nan,nan,0.0,-0.01635111139543998
