trial,condition,seed,ball,paddle,action,hit,natural_reward,reward_used,rally_ended,completed_rally_length,ace,long_rally,mean_abs_weight_change,mean_weight
1,no_feedback,46,4,5,1,1,1.0,0.0,0,nan,nan,nan,0.0,0.0013469771349361912
2,no_feedback,46,8,4,0,0,-1.0,0.0,1,1,0,0,0.0,0.0013469771349361912
3,no_feedback,46,1,3,0,0,-1.0,0.0,1,0,1,0,0.0,0.0013469771349361912
4,no_feedback,46,0,3,0,0,-1.0,0.0,1,0,1,0,0.0,0.0013469771349361912
5,no_feedback,46,4,5,1,1,1.0,0.0,0,nan,nan,nan,0.0,0.0013469771349361912
6,no_feedback,46,2,6,1,0,-1.0,0.0,1,1,0,0,0.0,0.0013469771349361912
7,no_feedback,46,2,5,1,0,-1.0,0.0,1,0,1,0,0.0,0.0013469771349361912
8,no_feedback,46,5,5,1,1,1.0,0.0,0,nan,nan,nan,0.0,0.0013469771349361912
9,no_feedback,46,1,6,1,0,-1.0,0.0,1,1,0,0,0.0,0.0013469771349361912
10,no_feedback,46,8,3,0,0,-1.0,0.0,1,0,1,0,0.0,0.0013469771349361912
11,no_feedback,46,7,3,0,0,-1.0,0.0,1,0,1,0,0.0,0.0013469771349361912
12,no_feedback,46,0,5,1,0,-1.0,0.0,1,0,1,0,0.0,0.0013469771349361912
13,no_feedback,46,6,3,0,0,-1.0,0.0,1,0,1,0,0.0,0.0013469771349361912
14,no_feedback,46,5,5,1,1,1.0,0.0,0,nan,nan,nan,0.0,0.0013469771349361912
15,no_feedback,46,7,6,1,1,1.0,0.0,0,nan,nan,nan,0.0,0.0013469771349361912
16,no_feedback,46,6,7,1,1,1.0,0.0,0,nan,nan,nan,0.0,0.0013469771349361912
17,no_feedback,46,2,8,1,0,-1.0,0.0,1,3,0,1,0.0,0.0013469771349361912
18,no_feedback,46,4,5,1,1,1.0,0.0,0,nan,nan,nan,0.0,0.0013469771349361912
19,no_feedback,46,4,6,1,0,-1.0,0.0,1,1,0,0,0.0,0.0013469771349361912
20,no_feedback,46,6,3,0,0,-1.0,0.0,1,0,1,0,0.0,0.0013469771349361912
21,no_feedback,46,6,3,0,0,-1.0,0.0,1,0,1,0,0.0,0.0013469771349361912
22,no_feedback,46,7,3,0,0,-1.0,0.0,1,0,1,0,0.0,0.0013469771349361912
23,no_feedback,46,5,3,0,0,-1.0,0.0,1,0,1,0,0.0,0.0013469771349361912
24,no_feedback,46,4,5,1,1,1.0,0.0,0,nan,nan,nan,0.0,0.0013469771349361912
25,no_feedback,46,4,6,1,0,-1.0,0.0,1,1,0,0,0.0,0.0013469771349361912
26,no_feedback,46,7,3,0,0,-1.0,0.0,1,0,1,0,0.0,0.0013469771349361912
27,no_feedback,46,6,5,1,1,1.0,0.0,0,nan,nan,nan,0.0,0.0013469771349361912
28,no_feedback,46,0,6,1,0,-1.0,0.0,1,1,0,0,0.0,0.0013469771349361912
29,no_feedback,46,5,3,0,0,-1.0,0.0,1,0,1,0,0.0,0.0013469771349361912
30,no_feedback,46,6,5,1,1,1.0,0.0,0,nan,nan,nan,0.0,0.0013469771349361912
31,no_feedback,46,1,6,1,0,-1.0,0.0,1,1,0,0,0.0,0.0013469771349361912
32,no_feedback,46,6,3,0,0,-1.0,0.0,1,0,1,0,0.0,0.0013469771349361912
33,no_feedback,46,7,3,0,0,-1.0,0.0,1,0,1,0,0.0,0.0013469771349361912
34,no_feedback,46,0,3,0,0,-1.0,0.0,1,0,1,0,0.0,0.0013469771349361912
35,no_feedback,46,8,3,0,0,-1.0,0.0,1,0,1,0,0.0,0.0013469771349361912
36,no_feedback,46,0,5,1,0,-1.0,0.0,1,0,1,0,0.0,0.0013469771349361912
37,no_feedback,46,2,5,1,0,-1.0,0.0,1,0,1,0,0.0,0.0013469771349361912
38,no_feedback,46,3,3,0,1,1.0,0.0,0,nan,nan,nan,0.0,0.0013469771349361912
39,no_feedback,46,2,4,1,0,-1.0,0.0,1,1,0,0,0.0,0.0013469771349361912
40,no_feedback,46,2,5,1,0,-1.0,0.0,1,0,1,0,0.0,0.0013469771349361912
41,no_feedback,46,7,3,0,0,-1.0,0.0,1,0,1,0,0.0,0.0013469771349361912
42,no_feedback,46,2,5,1,0,-1.0,0.0,1,0,1,0,0.0,0.0013469771349361912
43,no_feedback,46,2,5,1,0,-1.0,0.0,1,0,1,0,0.0,0.0013469771349361912
44,no_feedback,46,7,3,0,0,-1.0,0.0,1,0,1,0,0.0,0.0013469771349361912
45,no_feedback,46,8,3,0,0,-1.0,0.0,1,0,1,0,0.0,0.0013469771349361912
46,no_feedback,46,0,5,1,0,-1.0,0.0,1,0,1,0,0.0,0.0013469771349361912
47,no_feedback,46,2,5,1,0,-1.0,0.0,1,0,1,0,0.0,0.0013469771349361912
48,no_feedback,46,1,3,0,0,-1.0,0.0,1,0,1,0,0.0,0.0013469771349361912
49,no_feedback,46,3,3,0,1,1.0,0.0,0,nan,nan,nan,0.0,0.0013469771349361912
50,no_feedback,46,5,4,1,1,1.0,0.0,0,nan,nan,nan,0.0,0.0013469771349361912
51,no_feedback,46,5,3,0,0,-1.0,0.0,1,2,0,0,0.0,0.0013469771349361912
52,no_feedback,46,4,5,1,1,1.0,0.0,0,nan,nan,nan,0.0,0.0013469771349361912
53,no_feedback,46,0,4,0,0,-1.0,0.0,1,1,0,0,0.0,0.0013469771349361912
54,no_feedback,46,4,5,1,1,1.0,0.0,0,nan,nan,nan,0.0,0.0013469771349361912
55,no_feedback,46,1,6,1,0,-1.0,0.0,1,1,0,0,0.0,0.0013469771349361912
56,no_feedback,46,6,3,0,0,-1.0,0.0,1,0,1,0,0.0,0.0013469771349361912
57,no_feedback,46,2,5,1,0,-1.0,0.0,1,0,1,0,0.0,0.0013469771349361912
58,no_feedback,46,0,5,1,0,-1.0,0.0,1,0,1,0,0.0,0.0013469771349361912
59,no_feedback,46,8,3,0,0,-1.0,0.0,1,0,1,0,0.0,0.0013469771349361912
60,no_feedback,46,6,3,0,0,-1.0,0.0,1,0,1,0,0.0,0.0013469771349361912
61,no_feedback,46,5,3,0,0,-1.0,0.0,1,0,1,0,0.0,0.0013469771349361912
62,no_feedback,46,5,5,1,1,1.0,0.0,0,nan,nan,nan,0.0,0.0013469771349361912
63,no_feedback,46,6,4,0,0,-1.0,0.0,1,1,0,0,0.0,0.0013469771349361912
64,no_feedback,46,8,3,0,0,-1.0,0.0,1,0,1,0,0.0,0.0013469771349361912
65,no_feedback,46,7,3,0,0,-1.0,0.0,1,0,1,0,0.0,0.0013469771349361912
66,no_feedback,46,5,3,0,0,-1.0,0.0,1,0,1,0,0.0,0.0013469771349361912
67,no_feedback,46,8,3,0,0,-1.0,0.0,1,0,1,0,0.0,0.0013469771349361912
68,no_feedback,46,8,3,0,0,-1.0,0.0,1,0,1,0,0.0,0.0013469771349361912
69,no_feedback,46,7,3,0,0,-1.0,0.0,1,0,1,0,0.0,0.0013469771349361912
70,no_feedback,46,4,5,1,1,1.0,0.0,0,nan,nan,nan,0.0,0.0013469771349361912
71,no_feedback,46,4,6,1,0,-1.0,0.0,1,1,0,0,0.0,0.0013469771349361912
72,no_feedback,46,6,3,0,0,-1.0,0.0,1,0,1,0,0.0,0.0013469771349361912
73,no_feedback,46,1,5,1,0,-1.0,0.0,1,0,1,0,0.0,0.0013469771349361912
74,no_feedback,46,0,5,1,0,-1.0,0.0,1,0,1,0,0.0,0.0013469771349361912
75,no_feedback,46,5,3,0,0,-1.0,0.0,1,0,1,0,0.0,0.0013469771349361912
76,no_feedback,46,2,5,1,0,-1.0,0.0,1,0,1,0,0.0,0.0013469771349361912
77,no_feedback,46,6,5,1,1,1.0,0.0,0,nan,nan,nan,0.0,0.0013469771349361912
78,no_feedback,46,1,6,1,0,-1.0,0.0,1,1,0,0,0.0,0.0013469771349361912
79,no_feedback,46,6,5,1,1,1.0,0.0,0,nan,nan,nan,0.0,0.0013469771349361912
80,no_feedback,46,4,6,1,0,-1.0,0.0,1,1,0,0,0.0,0.0013469771349361912
81,no_feedback,46,3,5,1,0,-1.0,0.0,1,0,1,0,0.0,0.0013469771349361912
82,no_feedback,46,4,5,1,1,1.0,0.0,0,nan,nan,nan,0.0,0.0013469771349361912
83,no_feedback,46,1,6,1,0,-1.0,0.0,1,1,0,0,0.0,0.0013469771349361912
84,no_feedback,46,1,3,0,0,-1.0,0.0,1,0,1,0,0.0,0.0013469771349361912
85,no_feedback,46,2,5,1,0,-1.0,0.0,1,0,1,0,0.0,0.0013469771349361912
86,no_feedback,46,4,5,1,1,1.0,0.0,0,nan,nan,nan,0.0,0.0013469771349361912
87,no_feedback,46,1,6,1,0,-1.0,0.0,1,1,0,0,0.0,0.0013469771349361912
88,no_feedback,46,1,3,0,0,-1.0,0.0,1,0,1,0,0.0,0.0013469771349361912
89,no_feedback,46,4,5,1,1,1.0,0.0,0,nan,nan,nan,0.0,0.0013469771349361912
90,no_feedback,46,4,6,1,0,-1.0,0.0,1,1,0,0,0.0,0.0013469771349361912
91,no_feedback,46,3,5,1,0,-1.0,0.0,1,0,1,0,0.0,0.0013469771349361912
92,no_feedback,46,8,3,0,0,-1.0,0.0,1,0,1,0,0.0,0.0013469771349361912
93,no_feedback,46,6,5,1,1,1.0,0.0,0,nan,nan,nan,0.0,0.0013469771349361912
94,no_feedback,46,4,6,1,0,-1.0,0.0,1,1,0,0,0.0,0.0013469771349361912
95,no_feedback,46,2,5,1,0,-1.0,0.0,1,0,1,0,0.0,0.0013469771349361912
96,no_feedback,46,4,5,1,1,1.0,0.0,0,nan,nan,nan,0.0,0.0013469771349361912
97,no_feedback,46,4,6,1,0,-1.0,0.0,1,1,0,0,0.0,0.0013469771349361912
98,no_feedback,46,4,5,1,1,1.0,0.0,0,nan,nan,nan,0.0,0.0013469771349361912
99,no_feedback,46,7,4,0,0,-1.0,0.0,1,1,0,0,0.0,0.0013469771349361912
100,no_feedback,46,2,5,1,0,-1.0,0.0,1,0,1,0,0.0,0.0013469771349361912
101,no_feedback,46,8,5,1,0,-1.0,0.0,1,0,1,0,0.0,0.0013469771349361912
102,no_feedback,46,5,5,1,1,1.0,0.0,0,nan,nan,nan,0.0,0.0013469771349361912
103,no_feedback,46,2,6,1,0,-1.0,0.0,1,1,0,0,0.0,0.0013469771349361912
104,no_feedback,46,1,3,0,0,-1.0,0.0,1,0,1,0,0.0,0.0013469771349361912
105,no_feedback,46,0,3,0,0,-1.0,0.0,1,0,1,0,0.0,0.0013469771349361912
106,no_feedback,46,0,3,0,0,-1.0,0.0,1,0,1,0,0.0,0.0013469771349361912
107,no_feedback,46,7,3,0,0,-1.0,0.0,1,0,1,0,0.0,0.0013469771349361912
108,no_feedback,46,4,3,0,1,1.0,0.0,0,nan,nan,nan,0.0,0.0013469771349361912
109,no_feedback,46,5,4,1,1,1.0,0.0,0,nan,nan,nan,0.0,0.0013469771349361912
110,no_feedback,46,1,3,0,0,-1.0,0.0,1,2,0,0,0.0,0.0013469771349361912
111,no_feedback,46,4,5,1,1,1.0,0.0,0,nan,nan,nan,0.0,0.0013469771349361912
112,no_feedback,46,6,4,0,0,-1.0,0.0,1,1,0,0,0.0,0.0013469771349361912
113,no_feedback,46,4,5,1,1,1.0,0.0,0,nan,nan,nan,0.0,0.0013469771349361912
114,no_feedback,46,5,6,1,1,1.0,0.0,0,nan,nan,nan,0.0,0.0013469771349361912
115,no_feedback,46,2,5,0,0,-1.0,0.0,1,2,0,0,0.0,0.0013469771349361912
116,no_feedback,46,4,5,1,1,1.0,0.0,0,nan,nan,nan,0.0,0.0013469771349361912
117,no_feedback,46,3,6,1,0,-1.0,0.0,1,1,0,0,0.0,0.0013469771349361912
118,no_feedback,46,1,3,0,0,-1.0,0.0,1,0,1,0,0.0,0.0013469771349361912
119,no_feedback,46,8,5,1,0,-1.0,0.0,1,0,1,0,0.0,0.0013469771349361912
120,no_feedback,46,3,3,0,1,1.0,0.0,0,nan,nan,nan,0.0,0.0013469771349361912
121,no_feedback,46,2,2,0,1,1.0,0.0,0,nan,nan,nan,0.0,0.0013469771349361912
122,no_feedback,46,8,3,1,0,-1.0,0.0,1,2,0,0,0.0,0.0013469771349361912
123,no_feedback,46,3,3,0,1,1.0,0.0,0,nan,nan,nan,0.0,0.0013469771349361912
124,no_feedback,46,6,2,0,0,-1.0,0.0,1,1,0,0,0.0,0.0013469771349361912
125,no_feedback,46,7,3,0,0,-1.0,0.0,1,0,1,0,0.0,0.0013469771349361912
126,no_feedback,46,7,3,0,0,-1.0,0.0,1,0,1,0,0.0,0.0013469771349361912
127,no_feedback,46,5,3,0,0,-1.0,0.0,1,0,1,0,0.0,0.0013469771349361912
128,no_feedback,46,1,5,1,0,-1.0,0.0,1,0,1,0,0.0,0.0013469771349361912
129,no_feedback,46,8,3,0,0,-1.0,0.0,1,0,1,0,0.0,0.0013469771349361912
130,no_feedback,46,8,3,0,0,-1.0,0.0,1,0,1,0,0.0,0.0013469771349361912
131,no_feedback,46,5,5,1,1,1.0,0.0,0,nan,nan,nan,0.0,0.0013469771349361912
132,no_feedback,46,3,6,1,0,-1.0,0.0,1,1,0,0,0.0,0.0013469771349361912
133,no_feedback,46,0,5,1,0,-1.0,0.0,1,0,1,0,0.0,0.0013469771349361912
134,no_feedback,46,3,5,1,0,-1.0,0.0,1,0,1,0,0.0,0.0013469771349361912
135,no_feedback,46,6,5,1,1,1.0,0.0,0,nan,nan,nan,0.0,0.0013469771349361912
136,no_feedback,46,3,6,1,0,-1.0,0.0,1,1,0,0,0.0,0.0013469771349361912
137,no_feedback,46,2,5,1,0,-1.0,0.0,1,0,1,0,0.0,0.0013469771349361912
138,no_feedback,46,0,3,0,0,-1.0,0.0,1,0,1,0,0.0,0.0013469771349361912
139,no_feedback,46,5,3,0,0,-1.0,0.0,1,0,1,0,0.0,0.0013469771349361912
140,no_feedback,46,6,3,0,0,-1.0,0.0,1,0,1,0,0.0,0.0013469771349361912
141,no_feedback,46,6,5,1,1,1.0,0.0,0,nan,nan,nan,0.0,0.0013469771349361912
142,no_feedback,46,2,6,1,0,-1.0,0.0,1,1,0,0,0.0,0.0013469771349361912
143,no_feedback,46,7,3,0,0,-1.0,0.0,1,0,1,0,0.0,0.0013469771349361912
144,no_feedback,46,4,5,1,1,1.0,0.0,0,nan,nan,nan,0.0,0.0013469771349361912
145,no_feedback,46,3,6,1,0,-1.0,0.0,1,1,0,0,0.0,0.0013469771349361912
146,no_feedback,46,8,5,1,0,-1.0,0.0,1,0,1,0,0.0,0.0013469771349361912
147,no_feedback,46,4,5,1,1,1.0,0.0,0,nan,nan,nan,0.0,0.0013469771349361912
148,no_feedback,46,5,6,1,1,1.0,0.0,0,nan,nan,nan,0.0,0.0013469771349361912
149,no_feedback,46,4,7,1,0,-1.0,0.0,1,2,0,0,0.0,0.0013469771349361912
150,no_feedback,46,8,3,0,0,-1.0,0.0,1,0,1,0,0.0,0.0013469771349361912
151,no_feedback,46,4,5,1,1,1.0,0.0,0,nan,nan,nan,0.0,0.0013469771349361912
152,no_feedback,46,1,4,0,0,-1.0,0.0,1,1,0,0,0.0,0.0013469771349361912
153,no_feedback,46,1,5,1,0,-1.0,0.0,1,0,1,0,0.0,0.0013469771349361912
154,no_feedback,46,3,5,1,0,-1.0,0.0,1,0,1,0,0.0,0.0013469771349361912
155,no_feedback,46,7,3,0,0,-1.0,0.0,1,0,1,0,0.0,0.0013469771349361912
156,no_feedback,46,6,3,0,0,-1.0,0.0,1,0,1,0,0.0,0.0013469771349361912
157,no_feedback,46,1,3,0,0,-1.0,0.0,1,0,1,0,0.0,0.0013469771349361912
158,no_feedback,46,2,5,1,0,-1.0,0.0,1,0,1,0,0.0,0.0013469771349361912
159,no_feedback,46,6,3,0,0,-1.0,0.0,1,0,1,0,0.0,0.0013469771349361912
160,no_feedback,46,4,5,1,1,1.0,0.0,0,nan,nan,nan,0.0,0.0013469771349361912
161,no_feedback,46,5,6,1,1,1.0,0.0,0,nan,nan,nan,0.0,0.0013469771349361912
162,no_feedback,46,0,5,0,0,-1.0,0.0,1,2,0,0,0.0,0.0013469771349361912
163,no_feedback,46,2,5,1,0,-1.0,0.0,1,0,1,0,0.0,0.0013469771349361912
164,no_feedback,46,5,5,1,1,1.0,0.0,0,nan,nan,nan,0.0,0.0013469771349361912
165,no_feedback,46,1,4,0,0,-1.0,0.0,1,1,0,0,0.0,0.0013469771349361912
166,no_feedback,46,4,5,1,1,1.0,0.0,0,nan,nan,nan,0.0,0.0013469771349361912
167,no_feedback,46,3,6,1,0,-1.0,0.0,1,1,0,0,0.0,0.0013469771349361912
168,no_feedback,46,8,5,1,0,-1.0,0.0,1,0,1,0,0.0,0.0013469771349361912
169,no_feedback,46,8,3,0,0,-1.0,0.0,1,0,1,0,0.0,0.0013469771349361912
170,no_feedback,46,3,5,1,0,-1.0,0.0,1,0,1,0,0.0,0.0013469771349361912
171,no_feedback,46,3,3,0,1,1.0,0.0,0,nan,nan,nan,0.0,0.0013469771349361912
172,no_feedback,46,4,2,0,0,-1.0,0.0,1,1,0,0,0.0,0.0013469771349361912
173,no_feedback,46,1,5,1,0,-1.0,0.0,1,0,1,0,0.0,0.0013469771349361912
174,no_feedback,46,5,5,1,1,1.0,0.0,0,nan,nan,nan,0.0,0.0013469771349361912
175,no_feedback,46,7,4,0,0,-1.0,0.0,1,1,0,0,0.0,0.0013469771349361912
176,no_feedback,46,6,3,0,0,-1.0,0.0,1,0,1,0,0.0,0.0013469771349361912
177,no_feedback,46,6,5,1,1,1.0,0.0,0,nan,nan,nan,0.0,0.0013469771349361912
178,no_feedback,46,2,4,0,0,-1.0,0.0,1,1,0,0,0.0,0.0013469771349361912
179,no_feedback,46,5,5,1,1,1.0,0.0,0,nan,nan,nan,0.0,0.0013469771349361912
180,no_feedback,46,5,6,1,1,1.0,0.0,0,nan,nan,nan,0.0,0.0013469771349361912
181,no_feedback,46,6,7,1,1,1.0,0.0,0,nan,nan,nan,0.0,0.0013469771349361912
182,no_feedback,46,2,8,1,0,-1.0,0.0,1,3,0,1,0.0,0.0013469771349361912
183,no_feedback,46,0,5,1,0,-1.0,0.0,1,0,1,0,0.0,0.0013469771349361912
184,no_feedback,46,0,3,0,0,-1.0,0.0,1,0,1,0,0.0,0.0013469771349361912
185,no_feedback,46,8,3,0,0,-1.0,0.0,1,0,1,0,0.0,0.0013469771349361912
186,no_feedback,46,8,3,0,0,-1.0,0.0,1,0,1,0,0.0,0.0013469771349361912
187,no_feedback,46,4,5,1,1,1.0,0.0,0,nan,nan,nan,0.0,0.0013469771349361912
188,no_feedback,46,7,4,0,0,-1.0,0.0,1,1,0,0,0.0,0.0013469771349361912
189,no_feedback,46,3,5,1,0,-1.0,0.0,1,0,1,0,0.0,0.0013469771349361912
190,no_feedback,46,3,3,0,1,1.0,0.0,0,nan,nan,nan,0.0,0.0013469771349361912
191,no_feedback,46,1,4,1,0,-1.0,0.0,1,1,0,0,0.0,0.0013469771349361912
192,no_feedback,46,0,3,0,0,-1.0,0.0,1,0,1,0,0.0,0.0013469771349361912
193,no_feedback,46,1,3,0,0,-1.0,0.0,1,0,1,0,0.0,0.0013469771349361912
194,no_feedback,46,4,5,1,1,1.0,0.0,0,nan,nan,nan,0.0,0.0013469771349361912
195,no_feedback,46,5,6,1,1,1.0,0.0,0,nan,nan,nan,0.0,0.0013469771349361912
196,no_feedback,46,4,7,1,0,-1.0,0.0,1,2,0,0,0.0,0.0013469771349361912
197,no_feedback,46,3,3,0,1,1.0,0.0,0,nan,nan,nan,0.0,0.0013469771349361912
198,no_feedback,46,5,2,0,0,-1.0,0.0,1,1,0,0,0.0,0.0013469771349361912
199,no_feedback,46,2,5,1,0,-1.0,0.0,1,0,1,0,0.0,0.0013469771349361912
200,no_feedback,46,3,3,0,1,1.0,0.0,0,nan,nan,nan,0.0,0.0013469771349361912
201,no_feedback,46,4,2,0,0,-1.0,0.0,1,1,0,0,0.0,0.0013469771349361912
202,no_feedback,46,6,3,0,0,-1.0,0.0,1,0,1,0,0.0,0.0013469771349361912
203,no_feedback,46,0,3,0,0,-1.0,0.0,1,0,1,0,0.0,0.0013469771349361912
204,no_feedback,46,6,3,0,0,-1.0,0.0,1,0,1,0,0.0,0.0013469771349361912
205,no_feedback,46,4,5,1,1,1.0,0.0,0,nan,nan,nan,0.0,0.0013469771349361912
206,no_feedback,46,4,6,1,0,-1.0,0.0,1,1,0,0,0.0,0.0013469771349361912
207,no_feedback,46,6,3,0,0,-1.0,0.0,1,0,1,0,0.0,0.0013469771349361912
208,no_feedback,46,1,5,1,0,-1.0,0.0,1,0,1,0,0.0,0.0013469771349361912
209,no_feedback,46,4,5,1,1,1.0,0.0,0,nan,nan,nan,0.0,0.0013469771349361912
210,no_feedback,46,0,4,0,0,-1.0,0.0,1,1,0,0,0.0,0.0013469771349361912
211,no_feedback,46,7,3,0,0,-1.0,0.0,1,0,1,0,0.0,0.0013469771349361912
212,no_feedback,46,3,5,1,0,-1.0,0.0,1,0,1,0,0.0,0.0013469771349361912
213,no_feedback,46,6,5,1,1,1.0,0.0,0,nan,nan,nan,0.0,0.0013469771349361912
214,no_feedback,46,7,4,0,0,-1.0,0.0,1,1,0,0,0.0,0.0013469771349361912
215,no_feedback,46,5,3,0,0,-1.0,0.0,1,0,1,0,0.0,0.0013469771349361912
216,no_feedback,46,3,3,0,1,1.0,0.0,0,nan,nan,nan,0.0,0.0013469771349361912
217,no_feedback,46,2,4,1,0,-1.0,0.0,1,1,0,0,0.0,0.0013469771349361912
218,no_feedback,46,2,5,1,0,-1.0,0.0,1,0,1,0,0.0,0.0013469771349361912
219,no_feedback,46,1,3,0,0,-1.0,0.0,1,0,1,0,0.0,0.0013469771349361912
220,no_feedback,46,3,3,0,1,1.0,0.0,0,nan,nan,nan,0.0,0.0013469771349361912
221,no_feedback,46,5,4,1,1,1.0,0.0,0,nan,nan,nan,0.0,0.0013469771349361912
222,no_feedback,46,5,5,1,1,1.0,0.0,0,nan,nan,nan,0.0,0.0013469771349361912
223,no_feedback,46,8,4,0,0,-1.0,0.0,1,3,0,1,0.0,0.0013469771349361912
224,no_feedback,46,2,5,1,0,-1.0,0.0,1,0,1,0,0.0,0.0013469771349361912
225,no_feedback,46,1,3,0,0,-1.0,0.0,1,0,1,0,0.0,0.0013469771349361912
226,no_feedback,46,6,5,1,1,1.0,0.0,0,nan,nan,nan,0.0,0.0013469771349361912
227,no_feedback,46,4,6,1,0,-1.0,0.0,1,1,0,0,0.0,0.0013469771349361912
228,no_feedback,46,0,3,0,0,-1.0,0.0,1,0,1,0,0.0,0.0013469771349361912
229,no_feedback,46,8,5,1,0,-1.0,0.0,1,0,1,0,0.0,0.0013469771349361912
230,no_feedback,46,7,3,0,0,-1.0,0.0,1,0,1,0,0.0,0.0013469771349361912
231,no_feedback,46,6,5,1,1,1.0,0.0,0,nan,nan,nan,0.0,0.0013469771349361912
232,no_feedback,46,0,6,1,0,-1.0,0.0,1,1,0,0,0.0,0.0013469771349361912
233,no_feedback,46,0,3,0,0,-1.0,0.0,1,0,1,0,0.0,0.0013469771349361912
234,no_feedback,46,1,3,0,0,-1.0,0.0,1,0,1,0,0.0,0.0013469771349361912
235,no_feedback,46,6,3,0,0,-1.0,0.0,1,0,1,0,0.0,0.0013469771349361912
236,no_feedback,46,4,5,1,1,1.0,0.0,0,nan,nan,nan,0.0,0.0013469771349361912
237,no_feedback,46,1,4,0,0,-1.0,0.0,1,1,0,0,0.0,0.0013469771349361912
238,no_feedback,46,4,5,1,1,1.0,0.0,0,nan,nan,nan,0.0,0.0013469771349361912
239,no_feedback,46,6,4,0,0,-1.0,0.0,1,1,0,0,0.0,0.0013469771349361912
240,no_feedback,46,4,5,1,1,1.0,0.0,0,nan,nan,nan,0.0,0.0013469771349361912
241,no_feedback,46,5,6,1,1,1.0,0.0,0,nan,nan,nan,0.0,0.0013469771349361912
242,no_feedback,46,4,7,1,0,-1.0,0.0,1,2,0,0,0.0,0.0013469771349361912
243,no_feedback,46,5,3,0,0,-1.0,0.0,1,0,1,0,0.0,0.0013469771349361912
244,no_feedback,46,1,3,0,0,-1.0,0.0,1,0,1,0,0.0,0.0013469771349361912
245,no_feedback,46,4,5,1,1,1.0,0.0,0,nan,nan,nan,0.0,0.0013469771349361912
246,no_feedback,46,2,6,1,0,-1.0,0.0,1,1,0,0,0.0,0.0013469771349361912
247,no_feedback,46,7,3,0,0,-1.0,0.0,1,0,1,0,0.0,0.0013469771349361912
248,no_feedback,46,5,3,0,0,-1.0,0.0,1,0,1,0,0.0,0.0013469771349361912
249,no_feedback,46,0,5,1,0,-1.0,0.0,1,0,1,0,0.0,0.0013469771349361912
250,no_feedback,46,4,5,1,1,1.0,0.0,0,nan,nan,nan,0.0,0.0013469771349361912
251,no_feedback,46,3,6,1,0,-1.0,0.0,1,1,0,0,0.0,0.0013469771349361912
252,no_feedback,46,6,3,0,0,-1.0,0.0,1,0,1,0,0.0,0.0013469771349361912
253,no_feedback,46,7,3,0,0,-1.0,0.0,1,0,1,0,0.0,0.0013469771349361912
254,no_feedback,46,2,5,1,0,-1.0,0.0,1,0,1,0,0.0,0.0013469771349361912
255,no_feedback,46,4,5,1,1,1.0,0.0,0,nan,nan,nan,0.0,0.0013469771349361912
256,no_feedback,46,1,6,1,0,-1.0,0.0,1,1,0,0,0.0,0.0013469771349361912
257,no_feedback,46,8,3,0,0,-1.0,0.0,1,0,1,0,0.0,0.0013469771349361912
258,no_feedback,46,6,5,1,1,1.0,0.0,0,nan,nan,nan,0.0,0.0013469771349361912
259,no_feedback,46,4,6,1,0,-1.0,0.0,1,1,0,0,0.0,0.0013469771349361912
260,no_feedback,46,1,5,1,0,-1.0,0.0,1,0,1,0,0.0,0.0013469771349361912
261,no_feedback,46,0,5,1,0,-1.0,0.0,1,0,1,0,0.0,0.0013469771349361912
262,no_feedback,46,6,5,1,1,1.0,0.0,0,nan,nan,nan,0.0,0.0013469771349361912
263,no_feedback,46,2,6,1,0,-1.0,0.0,1,1,0,0,0.0,0.0013469771349361912
264,no_feedback,46,5,3,0,0,-1.0,0.0,1,0,1,0,0.0,0.0013469771349361912
265,no_feedback,46,2,5,1,0,-1.0,0.0,1,0,1,0,0.0,0.0013469771349361912
266,no_feedback,46,6,5,1,1,1.0,0.0,0,nan,nan,nan,0.0,0.0013469771349361912
267,no_feedback,46,5,6,1,1,1.0,0.0,0,nan,nan,nan,0.0,0.0013469771349361912
268,no_feedback,46,6,7,1,1,1.0,0.0,0,nan,nan,nan,0.0,0.0013469771349361912
269,no_feedback,46,0,8,1,0,-1.0,0.0,1,3,0,1,0.0,0.0013469771349361912
270,no_feedback,46,3,3,0,1,1.0,0.0,0,nan,nan,nan,0.0,0.0013469771349361912
271,no_feedback,46,2,2,0,1,1.0,0.0,0,nan,nan,nan,0.0,0.0013469771349361912
272,no_feedback,46,2,3,1,1,1.0,0.0,0,nan,nan,nan,0.0,0.0013469771349361912
273,no_feedback,46,3,2,0,1,1.0,0.0,0,nan,nan,nan,0.0,0.0013469771349361912
274,no_feedback,46,3,3,1,1,1.0,0.0,0,nan,nan,nan,0.0,0.0013469771349361912
275,no_feedback,46,7,2,0,0,-1.0,0.0,1,5,0,1,0.0,0.0013469771349361912
276,no_feedback,46,1,5,1,0,-1.0,0.0,1,0,1,0,0.0,0.0013469771349361912
277,no_feedback,46,8,3,0,0,-1.0,0.0,1,0,1,0,0.0,0.0013469771349361912
278,no_feedback,46,0,3,0,0,-1.0,0.0,1,0,1,0,0.0,0.0013469771349361912
279,no_feedback,46,6,5,1,1,1.0,0.0,0,nan,nan,nan,0.0,0.0013469771349361912
280,no_feedback,46,5,6,1,1,1.0,0.0,0,nan,nan,nan,0.0,0.0013469771349361912
281,no_feedback,46,3,7,1,0,-1.0,0.0,1,2,0,0,0.0,0.0013469771349361912
282,no_feedback,46,1,5,1,0,-1.0,0.0,1,0,1,0,0.0,0.0013469771349361912
283,no_feedback,46,7,3,0,0,-1.0,0.0,1,0,1,0,0.0,0.0013469771349361912
284,no_feedback,46,1,5,1,0,-1.0,0.0,1,0,1,0,0.0,0.0013469771349361912
285,no_feedback,46,1,5,1,0,-1.0,0.0,1,0,1,0,0.0,0.0013469771349361912
286,no_feedback,46,1,3,0,0,-1.0,0.0,1,0,1,0,0.0,0.0013469771349361912
287,no_feedback,46,1,3,0,0,-1.0,0.0,1,0,1,0,0.0,0.0013469771349361912
288,no_feedback,46,3,5,1,0,-1.0,0.0,1,0,1,0,0.0,0.0013469771349361912
289,no_feedback,46,2,5,1,0,-1.0,0.0,1,0,1,0,0.0,0.0013469771349361912
290,no_feedback,46,8,3,0,0,-1.0,0.0,1,0,1,0,0.0,0.0013469771349361912
291,no_feedback,46,1,3,0,0,-1.0,0.0,1,0,1,0,0.0,0.0013469771349361912
292,no_feedback,46,6,3,0,0,-1.0,0.0,1,0,1,0,0.0,0.0013469771349361912
293,no_feedback,46,4,5,1,1,1.0,0.0,0,nan,nan,nan,0.0,0.0013469771349361912
294,no_feedback,46,2,6,1,0,-1.0,0.0,1,1,0,0,0.0,0.0013469771349361912
295,no_feedback,46,2,5,1,0,-1.0,0.0,1,0,1,0,0.0,0.0013469771349361912
296,no_feedback,46,0,5,1,0,-1.0,0.0,1,0,1,0,0.0,0.0013469771349361912
297,no_feedback,46,4,3,0,1,1.0,0.0,0,nan,nan,nan,0.0,0.0013469771349361912
298,no_feedback,46,6,2,0,0,-1.0,0.0,1,1,0,0,0.0,0.0013469771349361912
299,no_feedback,46,8,5,1,0,-1.0,0.0,1,0,1,0,0.0,0.0013469771349361912
300,no_feedback,46,0,5,1,0,-1.0,0.0,1,0,1,0,0.0,0.0013469771349361912
301,no_feedback,46,6,3,0,0,-1.0,0.0,1,0,1,0,0.0,0.0013469771349361912
302,no_feedback,46,8,5,1,0,-1.0,0.0,1,0,1,0,0.0,0.0013469771349361912
303,no_feedback,46,3,5,1,0,-1.0,0.0,1,0,1,0,0.0,0.0013469771349361912
304,no_feedback,46,6,3,0,0,-1.0,0.0,1,0,1,0,0.0,0.0013469771349361912
305,no_feedback,46,1,3,0,0,-1.0,0.0,1,0,1,0,0.0,0.0013469771349361912
306,no_feedback,46,2,5,1,0,-1.0,0.0,1,0,1,0,0.0,0.0013469771349361912
307,no_feedback,46,7,3,0,0,-1.0,0.0,1,0,1,0,0.0,0.0013469771349361912
308,no_feedback,46,0,5,1,0,-1.0,0.0,1,0,1,0,0.0,0.0013469771349361912
309,no_feedback,46,4,5,1,1,1.0,0.0,0,nan,nan,nan,0.0,0.0013469771349361912
310,no_feedback,46,6,6,1,1,1.0,0.0,0,nan,nan,nan,0.0,0.0013469771349361912
311,no_feedback,46,3,5,0,0,-1.0,0.0,1,2,0,0,0.0,0.0013469771349361912
312,no_feedback,46,2,5,1,0,-1.0,0.0,1,0,1,0,0.0,0.0013469771349361912
313,no_feedback,46,4,5,1,1,1.0,0.0,0,nan,nan,nan,0.0,0.0013469771349361912
314,no_feedback,46,6,4,0,0,-1.0,0.0,1,1,0,0,0.0,0.0013469771349361912
315,no_feedback,46,8,3,0,0,-1.0,0.0,1,0,1,0,0.0,0.0013469771349361912
316,no_feedback,46,7,3,0,0,-1.0,0.0,1,0,1,0,0.0,0.0013469771349361912
317,no_feedback,46,4,5,1,1,1.0,0.0,0,nan,nan,nan,0.0,0.0013469771349361912
318,no_feedback,46,7,6,1,1,1.0,0.0,0,nan,nan,nan,0.0,0.0013469771349361912
319,no_feedback,46,5,7,1,0,-1.0,0.0,1,2,0,0,0.0,0.0013469771349361912
320,no_feedback,46,0,3,0,0,-1.0,0.0,1,0,1,0,0.0,0.0013469771349361912
321,no_feedback,46,3,3,0,1,1.0,0.0,0,nan,nan,nan,0.0,0.0013469771349361912
322,no_feedback,46,4,4,1,1,1.0,0.0,0,nan,nan,nan,0.0,0.0013469771349361912
323,no_feedback,46,0,3,0,0,-1.0,0.0,1,2,0,0,0.0,0.0013469771349361912
324,no_feedback,46,1,5,1,0,-1.0,0.0,1,0,1,0,0.0,0.0013469771349361912
325,no_feedback,46,2,5,1,0,-1.0,0.0,1,0,1,0,0.0,0.0013469771349361912
326,no_feedback,46,1,5,1,0,-1.0,0.0,1,0,1,0,0.0,0.0013469771349361912
327,no_feedback,46,4,5,1,1,1.0,0.0,0,nan,nan,nan,0.0,0.0013469771349361912
328,no_feedback,46,4,6,1,0,-1.0,0.0,1,1,0,0,0.0,0.0013469771349361912
329,no_feedback,46,6,3,0,0,-1.0,0.0,1,0,1,0,0.0,0.0013469771349361912
330,no_feedback,46,8,5,1,0,-1.0,0.0,1,0,1,0,0.0,0.0013469771349361912
331,no_feedback,46,3,3,0,1,1.0,0.0,0,nan,nan,nan,0.0,0.0013469771349361912
332,no_feedback,46,3,4,1,1,1.0,0.0,0,nan,nan,nan,0.0,0.0013469771349361912
333,no_feedback,46,5,3,0,0,-1.0,0.0,1,2,0,0,0.0,0.0013469771349361912
334,no_feedback,46,6,5,1,1,1.0,0.0,0,nan,nan,nan,0.0,0.0013469771349361912
335,no_feedback,46,8,4,0,0,-1.0,0.0,1,1,0,0,0.0,0.0013469771349361912
336,no_feedback,46,8,3,0,0,-1.0,0.0,1,0,1,0,0.0,0.0013469771349361912
337,no_feedback,46,6,5,1,1,1.0,0.0,0,nan,nan,nan,0.0,0.0013469771349361912
338,no_feedback,46,1,6,1,0,-1.0,0.0,1,1,0,0,0.0,0.0013469771349361912
339,no_feedback,46,5,5,1,1,1.0,0.0,0,nan,nan,nan,0.0,0.0013469771349361912
340,no_feedback,46,0,6,1,0,-1.0,0.0,1,1,0,0,0.0,0.0013469771349361912
341,no_feedback,46,1,3,0,0,-1.0,0.0,1,0,1,0,0.0,0.0013469771349361912
342,no_feedback,46,6,5,1,1,1.0,0.0,0,nan,nan,nan,0.0,0.0013469771349361912
343,no_feedback,46,5,6,1,1,1.0,0.0,0,nan,nan,nan,0.0,0.0013469771349361912
344,no_feedback,46,5,7,1,0,-1.0,0.0,1,2,0,0,0.0,0.0013469771349361912
345,no_feedback,46,8,3,0,0,-1.0,0.0,1,0,1,0,0.0,0.0013469771349361912
346,no_feedback,46,1,3,0,0,-1.0,0.0,1,0,1,0,0.0,0.0013469771349361912
347,no_feedback,46,5,5,1,1,1.0,0.0,0,nan,nan,nan,0.0,0.0013469771349361912
348,no_feedback,46,2,6,1,0,-1.0,0.0,1,1,0,0,0.0,0.0013469771349361912
349,no_feedback,46,8,3,0,0,-1.0,0.0,1,0,1,0,0.0,0.0013469771349361912
350,no_feedback,46,1,3,0,0,-1.0,0.0,1,0,1,0,0.0,0.0013469771349361912
351,no_feedback,46,3,5,1,0,-1.0,0.0,1,0,1,0,0.0,0.0013469771349361912
352,no_feedback,46,2,5,1,0,-1.0,0.0,1,0,1,0,0.0,0.0013469771349361912
353,no_feedback,46,5,3,0,0,-1.0,0.0,1,0,1,0,0.0,0.0013469771349361912
354,no_feedback,46,1,5,1,0,-1.0,0.0,1,0,1,0,0.0,0.0013469771349361912
355,no_feedback,46,1,5,1,0,-1.0,0.0,1,0,1,0,0.0,0.0013469771349361912
356,no_feedback,46,3,5,1,0,-1.0,0.0,1,0,1,0,0.0,0.0013469771349361912
357,no_feedback,46,2,5,1,0,-1.0,0.0,1,0,1,0,0.0,0.0013469771349361912
358,no_feedback,46,5,3,0,0,-1.0,0.0,1,0,1,0,0.0,0.0013469771349361912
359,no_feedback,46,1,3,0,0,-1.0,0.0,1,0,1,0,0.0,0.0013469771349361912
360,no_feedback,46,5,3,0,0,-1.0,0.0,1,0,1,0,0.0,0.0013469771349361912
361,no_feedback,46,4,5,1,1,1.0,0.0,0,nan,nan,nan,0.0,0.0013469771349361912
362,no_feedback,46,3,6,1,0,-1.0,0.0,1,1,0,0,0.0,0.0013469771349361912
363,no_feedback,46,1,5,1,0,-1.0,0.0,1,0,1,0,0.0,0.0013469771349361912
364,no_feedback,46,4,5,1,1,1.0,0.0,0,nan,nan,nan,0.0,0.0013469771349361912
365,no_feedback,46,7,4,0,0,-1.0,0.0,1,1,0,0,0.0,0.0013469771349361912
366,no_feedback,46,0,3,0,0,-1.0,0.0,1,0,1,0,0.0,0.0013469771349361912
367,no_feedback,46,3,3,0,1,1.0,0.0,0,nan,nan,nan,0.0,0.0013469771349361912
368,no_feedback,46,4,2,0,0,-1.0,0.0,1,1,0,0,0.0,0.0013469771349361912
369,no_feedback,46,4,5,1,1,1.0,0.0,0,nan,nan,nan,0.0,0.0013469771349361912
370,no_feedback,46,2,6,1,0,-1.0,0.0,1,1,0,0,0.0,0.0013469771349361912
371,no_feedback,46,8,3,0,0,-1.0,0.0,1,0,1,0,0.0,0.0013469771349361912
372,no_feedback,46,4,5,1,1,1.0,0.0,0,nan,nan,nan,0.0,0.0013469771349361912
373,no_feedback,46,4,4,0,1,1.0,0.0,0,nan,nan,nan,0.0,0.0013469771349361912
374,no_feedback,46,5,3,0,0,-1.0,0.0,1,2,0,0,0.0,0.0013469771349361912
375,no_feedback,46,3,5,1,0,-1.0,0.0,1,0,1,0,0.0,0.0013469771349361912
376,no_feedback,46,5,3,0,0,-1.0,0.0,1,0,1,0,0.0,0.0013469771349361912
377,no_feedback,46,0,5,1,0,-1.0,0.0,1,0,1,0,0.0,0.0013469771349361912
378,no_feedback,46,7,3,0,0,-1.0,0.0,1,0,1,0,0.0,0.0013469771349361912
379,no_feedback,46,2,5,1,0,-1.0,0.0,1,0,1,0,0.0,0.0013469771349361912
380,no_feedback,46,5,3,0,0,-1.0,0.0,1,0,1,0,0.0,0.0013469771349361912
381,no_feedback,46,7,3,0,0,-1.0,0.0,1,0,1,0,0.0,0.0013469771349361912
382,no_feedback,46,2,5,1,0,-1.0,0.0,1,0,1,0,0.0,0.0013469771349361912
383,no_feedback,46,3,3,0,1,1.0,0.0,0,nan,nan,nan,0.0,0.0013469771349361912
384,no_feedback,46,3,4,1,1,1.0,0.0,0,nan,nan,nan,0.0,0.0013469771349361912
385,no_feedback,46,5,5,1,1,1.0,0.0,0,nan,nan,nan,0.0,0.0013469771349361912
386,no_feedback,46,6,6,1,1,1.0,0.0,0,nan,nan,nan,0.0,0.0013469771349361912
387,no_feedback,46,1,5,0,0,-1.0,0.0,1,4,0,1,0.0,0.0013469771349361912
388,no_feedback,46,5,3,0,0,-1.0,0.0,1,0,1,0,0.0,0.0013469771349361912
389,no_feedback,46,2,5,1,0,-1.0,0.0,1,0,1,0,0.0,0.0013469771349361912
390,no_feedback,46,7,3,0,0,-1.0,0.0,1,0,1,0,0.0,0.0013469771349361912
391,no_feedback,46,7,5,1,0,-1.0,0.0,1,0,1,0,0.0,0.0013469771349361912
392,no_feedback,46,5,5,1,1,1.0,0.0,0,nan,nan,nan,0.0,0.0013469771349361912
393,no_feedback,46,1,4,0,0,-1.0,0.0,1,1,0,0,0.0,0.0013469771349361912
394,no_feedback,46,8,3,0,0,-1.0,0.0,1,0,1,0,0.0,0.0013469771349361912
395,no_feedback,46,3,5,1,0,-1.0,0.0,1,0,1,0,0.0,0.0013469771349361912
396,no_feedback,46,1,5,1,0,-1.0,0.0,1,0,1,0,0.0,0.0013469771349361912
397,no_feedback,46,7,5,1,0,-1.0,0.0,1,0,1,0,0.0,0.0013469771349361912
398,no_feedback,46,0,3,0,0,-1.0,0.0,1,0,1,0,0.0,0.0013469771349361912
399,no_feedback,46,7,3,0,0,-1.0,0.0,1,0,1,0,0.0,0.0013469771349361912
400,no_feedback,46,3,3,0,1,1.0,0.0,0,nan,nan,nan,0.0,0.0013469771349361912
401,no_feedback,46,7,2,0,0,-1.0,0.0,1,1,0,0,0.0,0.0013469771349361912
402,no_feedback,46,0,5,1,0,-1.0,0.0,1,0,1,0,0.0,0.0013469771349361912
403,no_feedback,46,1,5,1,0,-1.0,0.0,1,0,1,0,0.0,0.0013469771349361912
404,no_feedback,46,0,5,1,0,-1.0,0.0,1,0,1,0,0.0,0.0013469771349361912
405,no_feedback,46,1,5,1,0,-1.0,0.0,1,0,1,0,0.0,0.0013469771349361912
406,no_feedback,46,0,5,1,0,-1.0,0.0,1,0,1,0,0.0,0.0013469771349361912
407,no_feedback,46,8,3,0,0,-1.0,0.0,1,0,1,0,0.0,0.0013469771349361912
408,no_feedback,46,1,5,1,0,-1.0,0.0,1,0,1,0,0.0,0.0013469771349361912
409,no_feedback,46,6,5,1,1,1.0,0.0,0,nan,nan,nan,0.0,0.0013469771349361912
410,no_feedback,46,5,6,1,1,1.0,0.0,0,nan,nan,nan,0.0,0.0013469771349361912
411,no_feedback,46,0,7,1,0,-1.0,0.0,1,2,0,0,0.0,0.0013469771349361912
412,no_feedback,46,0,5,1,0,-1.0,0.0,1,0,1,0,0.0,0.0013469771349361912
413,no_feedback,46,6,3,0,0,-1.0,0.0,1,0,1,0,0.0,0.0013469771349361912
414,no_feedback,46,8,5,1,0,-1.0,0.0,1,0,1,0,0.0,0.0013469771349361912
415,no_feedback,46,5,3,0,0,-1.0,0.0,1,0,1,0,0.0,0.0013469771349361912
416,no_feedback,46,4,3,0,1,1.0,0.0,0,nan,nan,nan,0.0,0.0013469771349361912
417,no_feedback,46,6,2,0,0,-1.0,0.0,1,1,0,0,0.0,0.0013469771349361912
418,no_feedback,46,2,5,1,0,-1.0,0.0,1,0,1,0,0.0,0.0013469771349361912
419,no_feedback,46,2,5,1,0,-1.0,0.0,1,0,1,0,0.0,0.0013469771349361912
420,no_feedback,46,4,5,1,1,1.0,0.0,0,nan,nan,nan,0.0,0.0013469771349361912
421,no_feedback,46,0,4,0,0,-1.0,0.0,1,1,0,0,0.0,0.0013469771349361912
422,no_feedback,46,2,3,0,1,1.0,0.0,0,nan,nan,nan,0.0,0.0013469771349361912
423,no_feedback,46,7,2,0,0,-1.0,0.0,1,1,0,0,0.0,0.0013469771349361912
424,no_feedback,46,8,3,0,0,-1.0,0.0,1,0,1,0,0.0,0.0013469771349361912
425,no_feedback,46,6,3,0,0,-1.0,0.0,1,0,1,0,0.0,0.0013469771349361912
426,no_feedback,46,0,3,0,0,-1.0,0.0,1,0,1,0,0.0,0.0013469771349361912
427,no_feedback,46,2,5,1,0,-1.0,0.0,1,0,1,0,0.0,0.0013469771349361912
428,no_feedback,46,3,3,0,1,1.0,0.0,0,nan,nan,nan,0.0,0.0013469771349361912
429,no_feedback,46,8,2,0,0,-1.0,0.0,1,1,0,0,0.0,0.0013469771349361912
430,no_feedback,46,2,5,1,0,-1.0,0.0,1,0,1,0,0.0,0.0013469771349361912
431,no_feedback,46,1,5,1,0,-1.0,0.0,1,0,1,0,0.0,0.0013469771349361912
432,no_feedback,46,0,3,0,0,-1.0,0.0,1,0,1,0,0.0,0.0013469771349361912
433,no_feedback,46,1,3,0,0,-1.0,0.0,1,0,1,0,0.0,0.0013469771349361912
434,no_feedback,46,3,5,1,0,-1.0,0.0,1,0,1,0,0.0,0.0013469771349361912
435,no_feedback,46,5,3,0,0,-1.0,0.0,1,0,1,0,0.0,0.0013469771349361912
436,no_feedback,46,4,5,1,1,1.0,0.0,0,nan,nan,nan,0.0,0.0013469771349361912
437,no_feedback,46,2,4,0,0,-1.0,0.0,1,1,0,0,0.0,0.0013469771349361912
438,no_feedback,46,2,5,1,0,-1.0,0.0,1,0,1,0,0.0,0.0013469771349361912
439,no_feedback,46,6,3,0,0,-1.0,0.0,1,0,1,0,0.0,0.0013469771349361912
440,no_feedback,46,7,5,1,0,-1.0,0.0,1,0,1,0,0.0,0.0013469771349361912
441,no_feedback,46,4,5,1,1,1.0,0.0,0,nan,nan,nan,0.0,0.0013469771349361912
442,no_feedback,46,7,6,1,1,1.0,0.0,0,nan,nan,nan,0.0,0.0013469771349361912
443,no_feedback,46,3,7,1,0,-1.0,0.0,1,2,0,0,0.0,0.0013469771349361912
444,no_feedback,46,0,5,1,0,-1.0,0.0,1,0,1,0,0.0,0.0013469771349361912
445,no_feedback,46,0,3,0,0,-1.0,0.0,1,0,1,0,0.0,0.0013469771349361912
446,no_feedback,46,3,3,0,1,1.0,0.0,0,nan,nan,nan,0.0,0.0013469771349361912
447,no_feedback,46,0,2,0,0,-1.0,0.0,1,1,0,0,0.0,0.0013469771349361912
448,no_feedback,46,8,5,1,0,-1.0,0.0,1,0,1,0,0.0,0.0013469771349361912
449,no_feedback,46,2,5,1,0,-1.0,0.0,1,0,1,0,0.0,0.0013469771349361912
450,no_feedback,46,1,3,0,0,-1.0,0.0,1,0,1,0,0.0,0.0013469771349361912
451,no_feedback,46,6,5,1,1,1.0,0.0,0,nan,nan,nan,0.0,0.0013469771349361912
452,no_feedback,46,1,6,1,0,-1.0,0.0,1,1,0,0,0.0,0.0013469771349361912
453,no_feedback,46,7,3,0,0,-1.0,0.0,1,0,1,0,0.0,0.0013469771349361912
454,no_feedback,46,5,5,1,1,1.0,0.0,0,nan,nan,nan,0.0,0.0013469771349361912
455,no_feedback,46,5,6,1,1,1.0,0.0,0,nan,nan,nan,0.0,0.0013469771349361912
456,no_feedback,46,0,5,0,0,-1.0,0.0,1,2,0,0,0.0,0.0013469771349361912
457,no_feedback,46,6,3,0,0,-1.0,0.0,1,0,1,0,0.0,0.0013469771349361912
458,no_feedback,46,4,5,1,1,1.0,0.0,0,nan,nan,nan,0.0,0.0013469771349361912
459,no_feedback,46,1,6,1,0,-1.0,0.0,1,1,0,0,0.0,0.0013469771349361912
460,no_feedback,46,2,5,1,0,-1.0,0.0,1,0,1,0,0.0,0.0013469771349361912
461,no_feedback,46,8,5,1,0,-1.0,0.0,1,0,1,0,0.0,0.0013469771349361912
462,no_feedback,46,6,3,0,0,-1.0,0.0,1,0,1,0,0.0,0.0013469771349361912
463,no_feedback,46,3,5,1,0,-1.0,0.0,1,0,1,0,0.0,0.0013469771349361912
464,no_feedback,46,3,5,1,0,-1.0,0.0,1,0,1,0,0.0,0.0013469771349361912
465,no_feedback,46,6,3,0,0,-1.0,0.0,1,0,1,0,0.0,0.0013469771349361912
466,no_feedback,46,6,3,0,0,-1.0,0.0,1,0,1,0,0.0,0.0013469771349361912
467,no_feedback,46,5,3,0,0,-1.0,0.0,1,0,1,0,0.0,0.0013469771349361912
468,no_feedback,46,2,5,1,0,-1.0,0.0,1,0,1,0,0.0,0.0013469771349361912
469,no_feedback,46,7,3,0,0,-1.0,0.0,1,0,1,0,0.0,0.0013469771349361912
470,no_feedback,46,6,3,0,0,-1.0,0.0,1,0,1,0,0.0,0.0013469771349361912
471,no_feedback,46,2,5,1,0,-1.0,0.0,1,0,1,0,0.0,0.0013469771349361912
472,no_feedback,46,0,5,1,0,-1.0,0.0,1,0,1,0,0.0,0.0013469771349361912
473,no_feedback,46,8,3,0,0,-1.0,0.0,1,0,1,0,0.0,0.0013469771349361912
474,no_feedback,46,4,5,1,1,1.0,0.0,0,nan,nan,nan,0.0,0.0013469771349361912
475,no_feedback,46,0,4,0,0,-1.0,0.0,1,1,0,0,0.0,0.0013469771349361912
476,no_feedback,46,1,3,0,0,-1.0,0.0,1,0,1,0,0.0,0.0013469771349361912
477,no_feedback,46,2,5,1,0,-1.0,0.0,1,0,1,0,0.0,0.0013469771349361912
478,no_feedback,46,2,5,1,0,-1.0,0.0,1,0,1,0,0.0,0.0013469771349361912
479,no_feedback,46,8,3,0,0,-1.0,0.0,1,0,1,0,0.0,0.0013469771349361912
480,no_feedback,46,5,3,0,0,-1.0,0.0,1,0,1,0,0.0,0.0013469771349361912
481,no_feedback,46,8,5,1,0,-1.0,0.0,1,0,1,0,0.0,0.0013469771349361912
482,no_feedback,46,6,5,1,1,1.0,0.0,0,nan,nan,nan,0.0,0.0013469771349361912
483,no_feedback,46,6,6,1,1,1.0,0.0,0,nan,nan,nan,0.0,0.0013469771349361912
484,no_feedback,46,1,5,0,0,-1.0,0.0,1,2,0,0,0.0,0.0013469771349361912
485,no_feedback,46,3,3,0,1,1.0,0.0,0,nan,nan,nan,0.0,0.0013469771349361912
486,no_feedback,46,4,2,0,0,-1.0,0.0,1,1,0,0,0.0,0.0013469771349361912
487,no_feedback,46,3,3,0,1,1.0,0.0,0,nan,nan,nan,0.0,0.0013469771349361912
488,no_feedback,46,8,2,0,0,-1.0,0.0,1,1,0,0,0.0,0.0013469771349361912
489,no_feedback,46,2,5,1,0,-1.0,0.0,1,0,1,0,0.0,0.0013469771349361912
490,no_feedback,46,4,5,1,1,1.0,0.0,0,nan,nan,nan,0.0,0.0013469771349361912
491,no_feedback,46,0,4,0,0,-1.0,0.0,1,1,0,0,0.0,0.0013469771349361912
492,no_feedback,46,6,3,0,0,-1.0,0.0,1,0,1,0,0.0,0.0013469771349361912
493,no_feedback,46,7,3,0,0,-1.0,0.0,1,0,1,0,0.0,0.0013469771349361912
494,no_feedback,46,8,3,0,0,-1.0,0.0,1,0,1,0,0.0,0.0013469771349361912
495,no_feedback,46,7,3,0,0,-1.0,0.0,1,0,1,0,0.0,0.0013469771349361912
496,no_feedback,46,1,3,0,0,-1.0,0.0,1,0,1,0,0.0,0.0013469771349361912
497,no_feedback,46,6,5,1,1,1.0,0.0,0,nan,nan,nan,0.0,0.0013469771349361912
498,no_feedback,46,2,4,0,0,-1.0,0.0,1,1,0,0,0.0,0.0013469771349361912
499,no_feedback,46,3,3,0,1,1.0,0.0,0,nan,nan,nan,0.0,0.0013469771349361912
500,no_feedback,46,2,4,1,0,-1.0,0.0,1,1,0,0,0.0,0.0013469771349361912
501,no_feedback,46,3,5,1,0,-1.0,0.0,1,0,1,0,0.0,0.0013469771349361912
502,no_feedback,46,8,3,0,0,-1.0,0.0,1,0,1,0,0.0,0.0013469771349361912
503,no_feedback,46,8,5,1,0,-1.0,0.0,1,0,1,0,0.0,0.0013469771349361912
504,no_feedback,46,3,3,0,1,1.0,0.0,0,nan,nan,nan,0.0,0.0013469771349361912
505,no_feedback,46,3,4,1,1,1.0,0.0,0,nan,nan,nan,0.0,0.0013469771349361912
506,no_feedback,46,2,3,0,1,1.0,0.0,0,nan,nan,nan,0.0,0.0013469771349361912
507,no_feedback,46,6,2,0,0,-1.0,0.0,1,3,0,1,0.0,0.0013469771349361912
508,no_feedback,46,7,5,1,0,-1.0,0.0,1,0,1,0,0.0,0.0013469771349361912
509,no_feedback,46,0,3,0,0,-1.0,0.0,1,0,1,0,0.0,0.0013469771349361912
510,no_feedback,46,3,5,1,0,-1.0,0.0,1,0,1,0,0.0,0.0013469771349361912
511,no_feedback,46,6,5,1,1,1.0,0.0,0,nan,nan,nan,0.0,0.0013469771349361912
512,no_feedback,46,3,6,1,0,-1.0,0.0,1,1,0,0,0.0,0.0013469771349361912
513,no_feedback,46,6,3,0,0,-1.0,0.0,1,0,1,0,0.0,0.0013469771349361912
514,no_feedback,46,6,5,1,1,1.0,0.0,0,nan,nan,nan,0.0,0.0013469771349361912
515,no_feedback,46,5,6,1,1,1.0,0.0,0,nan,nan,nan,0.0,0.0013469771349361912
516,no_feedback,46,8,7,1,1,1.0,0.0,0,nan,nan,nan,0.0,0.0013469771349361912
517,no_feedback,46,7,8,1,1,1.0,0.0,0,nan,nan,nan,0.0,0.0013469771349361912
518,no_feedback,46,3,7,0,0,-1.0,0.0,1,4,0,1,0.0,0.0013469771349361912
519,no_feedback,46,4,5,1,1,1.0,0.0,0,nan,nan,nan,0.0,0.0013469771349361912
520,no_feedback,46,4,4,0,1,1.0,0.0,0,nan,nan,nan,0.0,0.0013469771349361912
521,no_feedback,46,7,3,0,0,-1.0,0.0,1,2,0,0,0.0,0.0013469771349361912
522,no_feedback,46,4,5,1,1,1.0,0.0,0,nan,nan,nan,0.0,0.0013469771349361912
523,no_feedback,46,2,4,0,0,-1.0,0.0,1,1,0,0,0.0,0.0013469771349361912
524,no_feedback,46,3,5,1,0,-1.0,0.0,1,0,1,0,0.0,0.0013469771349361912
525,no_feedback,46,5,3,0,0,-1.0,0.0,1,0,1,0,0.0,0.0013469771349361912
526,no_feedback,46,2,3,0,1,1.0,0.0,0,nan,nan,nan,0.0,0.0013469771349361912
527,no_feedback,46,8,2,0,0,-1.0,0.0,1,1,0,0,0.0,0.0013469771349361912
528,no_feedback,46,1,5,1,0,-1.0,0.0,1,0,1,0,0.0,0.0013469771349361912
529,no_feedback,46,5,5,1,1,1.0,0.0,0,nan,nan,nan,0.0,0.0013469771349361912
530,no_feedback,46,5,6,1,1,1.0,0.0,0,nan,nan,nan,0.0,0.0013469771349361912
531,no_feedback,46,7,7,1,1,1.0,0.0,0,nan,nan,nan,0.0,0.0013469771349361912
532,no_feedback,46,1,6,0,0,-1.0,0.0,1,3,0,1,0.0,0.0013469771349361912
533,no_feedback,46,4,5,1,1,1.0,0.0,0,nan,nan,nan,0.0,0.0013469771349361912
534,no_feedback,46,7,4,0,0,-1.0,0.0,1,1,0,0,0.0,0.0013469771349361912
535,no_feedback,46,5,3,0,0,-1.0,0.0,1,0,1,0,0.0,0.0013469771349361912
536,no_feedback,46,6,3,0,0,-1.0,0.0,1,0,1,0,0.0,0.0013469771349361912
537,no_feedback,46,8,5,1,0,-1.0,0.0,1,0,1,0,0.0,0.0013469771349361912
538,no_feedback,46,3,5,1,0,-1.0,0.0,1,0,1,0,0.0,0.0013469771349361912
539,no_feedback,46,5,5,1,1,1.0,0.0,0,nan,nan,nan,0.0,0.0013469771349361912
540,no_feedback,46,6,4,0,0,-1.0,0.0,1,1,0,0,0.0,0.0013469771349361912
541,no_feedback,46,3,3,0,1,1.0,0.0,0,nan,nan,nan,0.0,0.0013469771349361912
542,no_feedback,46,7,4,1,0,-1.0,0.0,1,1,0,0,0.0,0.0013469771349361912
543,no_feedback,46,1,3,0,0,-1.0,0.0,1,0,1,0,0.0,0.0013469771349361912
544,no_feedback,46,2,5,1,0,-1.0,0.0,1,0,1,0,0.0,0.0013469771349361912
545,no_feedback,46,8,3,0,0,-1.0,0.0,1,0,1,0,0.0,0.0013469771349361912
546,no_feedback,46,7,3,0,0,-1.0,0.0,1,0,1,0,0.0,0.0013469771349361912
547,no_feedback,46,6,3,0,0,-1.0,0.0,1,0,1,0,0.0,0.0013469771349361912
548,no_feedback,46,5,3,0,0,-1.0,0.0,1,0,1,0,0.0,0.0013469771349361912
549,no_feedback,46,6,3,0,0,-1.0,0.0,1,0,1,0,0.0,0.0013469771349361912
550,no_feedback,46,2,5,1,0,-1.0,0.0,1,0,1,0,0.0,0.0013469771349361912
551,no_feedback,46,7,3,0,0,-1.0,0.0,1,0,1,0,0.0,0.0013469771349361912
552,no_feedback,46,2,5,1,0,-1.0,0.0,1,0,1,0,0.0,0.0013469771349361912
553,no_feedback,46,3,3,0,1,1.0,0.0,0,nan,nan,nan,0.0,0.0013469771349361912
554,no_feedback,46,8,2,0,0,-1.0,0.0,1,1,0,0,0.0,0.0013469771349361912
555,no_feedback,46,4,5,1,1,1.0,0.0,0,nan,nan,nan,0.0,0.0013469771349361912
556,no_feedback,46,3,6,1,0,-1.0,0.0,1,1,0,0,0.0,0.0013469771349361912
557,no_feedback,46,5,5,1,1,1.0,0.0,0,nan,nan,nan,0.0,0.0013469771349361912
558,no_feedback,46,8,4,0,0,-1.0,0.0,1,1,0,0,0.0,0.0013469771349361912
559,no_feedback,46,3,3,0,1,1.0,0.0,0,nan,nan,nan,0.0,0.0013469771349361912
560,no_feedback,46,1,4,1,0,-1.0,0.0,1,1,0,0,0.0,0.0013469771349361912
561,no_feedback,46,1,3,0,0,-1.0,0.0,1,0,1,0,0.0,0.0013469771349361912
562,no_feedback,46,6,5,1,1,1.0,0.0,0,nan,nan,nan,0.0,0.0013469771349361912
563,no_feedback,46,7,4,0,0,-1.0,0.0,1,1,0,0,0.0,0.0013469771349361912
564,no_feedback,46,7,3,0,0,-1.0,0.0,1,0,1,0,0.0,0.0013469771349361912
565,no_feedback,46,8,3,0,0,-1.0,0.0,1,0,1,0,0.0,0.0013469771349361912
566,no_feedback,46,0,5,1,0,-1.0,0.0,1,0,1,0,0.0,0.0013469771349361912
567,no_feedback,46,8,5,1,0,-1.0,0.0,1,0,1,0,0.0,0.0013469771349361912
568,no_feedback,46,3,5,1,0,-1.0,0.0,1,0,1,0,0.0,0.0013469771349361912
569,no_feedback,46,7,3,0,0,-1.0,0.0,1,0,1,0,0.0,0.0013469771349361912
570,no_feedback,46,0,3,0,0,-1.0,0.0,1,0,1,0,0.0,0.0013469771349361912
571,no_feedback,46,2,5,1,0,-1.0,0.0,1,0,1,0,0.0,0.0013469771349361912
572,no_feedback,46,1,5,1,0,-1.0,0.0,1,0,1,0,0.0,0.0013469771349361912
573,no_feedback,46,3,3,0,1,1.0,0.0,0,nan,nan,nan,0.0,0.0013469771349361912
574,no_feedback,46,2,2,0,1,1.0,0.0,0,nan,nan,nan,0.0,0.0013469771349361912
575,no_feedback,46,2,3,1,1,1.0,0.0,0,nan,nan,nan,0.0,0.0013469771349361912
576,no_feedback,46,4,2,0,0,-1.0,0.0,1,3,0,1,0.0,0.0013469771349361912
577,no_feedback,46,8,5,1,0,-1.0,0.0,1,0,1,0,0.0,0.0013469771349361912
578,no_feedback,46,2,5,1,0,-1.0,0.0,1,0,1,0,0.0,0.0013469771349361912
579,no_feedback,46,1,3,0,0,-1.0,0.0,1,0,1,0,0.0,0.0013469771349361912
580,no_feedback,46,2,5,1,0,-1.0,0.0,1,0,1,0,0.0,0.0013469771349361912
581,no_feedback,46,1,5,1,0,-1.0,0.0,1,0,1,0,0.0,0.0013469771349361912
582,no_feedback,46,5,5,1,1,1.0,0.0,0,nan,nan,nan,0.0,0.0013469771349361912
583,no_feedback,46,0,4,0,0,-1.0,0.0,1,1,0,0,0.0,0.0013469771349361912
584,no_feedback,46,5,3,0,0,-1.0,0.0,1,0,1,0,0.0,0.0013469771349361912
585,no_feedback,46,2,5,1,0,-1.0,0.0,1,0,1,0,0.0,0.0013469771349361912
586,no_feedback,46,5,5,1,1,1.0,0.0,0,nan,nan,nan,0.0,0.0013469771349361912
587,no_feedback,46,1,6,1,0,-1.0,0.0,1,1,0,0,0.0,0.0013469771349361912
588,no_feedback,46,8,5,1,0,-1.0,0.0,1,0,1,0,0.0,0.0013469771349361912
589,no_feedback,46,5,3,0,0,-1.0,0.0,1,0,1,0,0.0,0.0013469771349361912
590,no_feedback,46,4,5,1,1,1.0,0.0,0,nan,nan,nan,0.0,0.0013469771349361912
591,no_feedback,46,8,4,0,0,-1.0,0.0,1,1,0,0,0.0,0.0013469771349361912
592,no_feedback,46,2,5,1,0,-1.0,0.0,1,0,1,0,0.0,0.0013469771349361912
593,no_feedback,46,4,5,1,1,1.0,0.0,0,nan,nan,nan,0.0,0.0013469771349361912
594,no_feedback,46,3,6,1,0,-1.0,0.0,1,1,0,0,0.0,0.0013469771349361912
595,no_feedback,46,0,5,1,0,-1.0,0.0,1,0,1,0,0.0,0.0013469771349361912
596,no_feedback,46,2,5,1,0,-1.0,0.0,1,0,1,0,0.0,0.0013469771349361912
597,no_feedback,46,3,5,1,0,-1.0,0.0,1,0,1,0,0.0,0.0013469771349361912
598,no_feedback,46,1,5,1,0,-1.0,0.0,1,0,1,0,0.0,0.0013469771349361912
599,no_feedback,46,3,3,0,1,1.0,0.0,0,nan,nan,nan,0.0,0.0013469771349361912
600,no_feedback,46,5,2,0,0,-1.0,0.0,1,1,0,0,0.0,0.0013469771349361912
601,no_feedback,46,7,3,0,0,-1.0,0.0,1,0,1,0,0.0,0.0013469771349361912
602,no_feedback,46,3,3,0,1,1.0,0.0,0,nan,nan,nan,0.0,0.0013469771349361912
603,no_feedback,46,8,2,0,0,-1.0,0.0,1,1,0,0,0.0,0.0013469771349361912
604,no_feedback,46,7,3,0,0,-1.0,0.0,1,0,1,0,0.0,0.0013469771349361912
605,no_feedback,46,8,3,0,0,-1.0,0.0,1,0,1,0,0.0,0.0013469771349361912
606,no_feedback,46,8,5,1,0,-1.0,0.0,1,0,1,0,0.0,0.0013469771349361912
607,no_feedback,46,5,5,1,1,1.0,0.0,0,nan,nan,nan,0.0,0.0013469771349361912
608,no_feedback,46,4,4,0,1,1.0,0.0,0,nan,nan,nan,0.0,0.0013469771349361912
609,no_feedback,46,4,5,1,1,1.0,0.0,0,nan,nan,nan,0.0,0.0013469771349361912
610,no_feedback,46,4,6,1,0,-1.0,0.0,1,3,0,1,0.0,0.0013469771349361912
611,no_feedback,46,8,3,0,0,-1.0,0.0,1,0,1,0,0.0,0.0013469771349361912
612,no_feedback,46,1,3,0,0,-1.0,0.0,1,0,1,0,0.0,0.0013469771349361912
613,no_feedback,46,4,5,1,1,1.0,0.0,0,nan,nan,nan,0.0,0.0013469771349361912
614,no_feedback,46,6,4,0,0,-1.0,0.0,1,1,0,0,0.0,0.0013469771349361912
615,no_feedback,46,6,5,1,1,1.0,0.0,0,nan,nan,nan,0.0,0.0013469771349361912
616,no_feedback,46,7,6,1,1,1.0,0.0,0,nan,nan,nan,0.0,0.0013469771349361912
617,no_feedback,46,3,7,1,0,-1.0,0.0,1,2,0,0,0.0,0.0013469771349361912
618,no_feedback,46,3,5,1,0,-1.0,0.0,1,0,1,0,0.0,0.0013469771349361912
619,no_feedback,46,6,5,1,1,1.0,0.0,0,nan,nan,nan,0.0,0.0013469771349361912
620,no_feedback,46,1,6,1,0,-1.0,0.0,1,1,0,0,0.0,0.0013469771349361912
621,no_feedback,46,1,3,0,0,-1.0,0.0,1,0,1,0,0.0,0.0013469771349361912
622,no_feedback,46,1,5,1,0,-1.0,0.0,1,0,1,0,0.0,0.0013469771349361912
623,no_feedback,46,6,3,0,0,-1.0,0.0,1,0,1,0,0.0,0.0013469771349361912
624,no_feedback,46,1,3,0,0,-1.0,0.0,1,0,1,0,0.0,0.0013469771349361912
625,no_feedback,46,2,5,1,0,-1.0,0.0,1,0,1,0,0.0,0.0013469771349361912
626,no_feedback,46,3,5,1,0,-1.0,0.0,1,0,1,0,0.0,0.0013469771349361912
627,no_feedback,46,0,3,0,0,-1.0,0.0,1,0,1,0,0.0,0.0013469771349361912
628,no_feedback,46,6,3,0,0,-1.0,0.0,1,0,1,0,0.0,0.0013469771349361912
629,no_feedback,46,7,3,0,0,-1.0,0.0,1,0,1,0,0.0,0.0013469771349361912
630,no_feedback,46,5,5,1,1,1.0,0.0,0,nan,nan,nan,0.0,0.0013469771349361912
631,no_feedback,46,3,6,1,0,-1.0,0.0,1,1,0,0,0.0,0.0013469771349361912
632,no_feedback,46,1,5,1,0,-1.0,0.0,1,0,1,0,0.0,0.0013469771349361912
633,no_feedback,46,4,5,1,1,1.0,0.0,0,nan,nan,nan,0.0,0.0013469771349361912
634,no_feedback,46,2,6,1,0,-1.0,0.0,1,1,0,0,0.0,0.0013469771349361912
635,no_feedback,46,5,5,1,1,1.0,0.0,0,nan,nan,nan,0.0,0.0013469771349361912
636,no_feedback,46,8,4,0,0,-1.0,0.0,1,1,0,0,0.0,0.0013469771349361912
637,no_feedback,46,1,5,1,0,-1.0,0.0,1,0,1,0,0.0,0.0013469771349361912
638,no_feedback,46,6,3,0,0,-1.0,0.0,1,0,1,0,0.0,0.0013469771349361912
639,no_feedback,46,6,3,0,0,-1.0,0.0,1,0,1,0,0.0,0.0013469771349361912
640,no_feedback,46,6,3,0,0,-1.0,0.0,1,0,1,0,0.0,0.0013469771349361912
641,no_feedback,46,5,3,0,0,-1.0,0.0,1,0,1,0,0.0,0.0013469771349361912
642,no_feedback,46,6,5,1,1,1.0,0.0,0,nan,nan,nan,0.0,0.0013469771349361912
643,no_feedback,46,7,4,0,0,-1.0,0.0,1,1,0,0,0.0,0.0013469771349361912
644,no_feedback,46,1,3,0,0,-1.0,0.0,1,0,1,0,0.0,0.0013469771349361912
645,no_feedback,46,6,3,0,0,-1.0,0.0,1,0,1,0,0.0,0.0013469771349361912
646,no_feedback,46,4,5,1,1,1.0,0.0,0,nan,nan,nan,0.0,0.0013469771349361912
647,no_feedback,46,2,6,1,0,-1.0,0.0,1,1,0,0,0.0,0.0013469771349361912
648,no_feedback,46,6,5,1,1,1.0,0.0,0,nan,nan,nan,0.0,0.0013469771349361912
649,no_feedback,46,2,6,1,0,-1.0,0.0,1,1,0,0,0.0,0.0013469771349361912
650,no_feedback,46,1,3,0,0,-1.0,0.0,1,0,1,0,0.0,0.0013469771349361912
651,no_feedback,46,7,3,0,0,-1.0,0.0,1,0,1,0,0.0,0.0013469771349361912
652,no_feedback,46,7,3,0,0,-1.0,0.0,1,0,1,0,0.0,0.0013469771349361912
653,no_feedback,46,7,3,0,0,-1.0,0.0,1,0,1,0,0.0,0.0013469771349361912
654,no_feedback,46,0,5,1,0,-1.0,0.0,1,0,1,0,0.0,0.0013469771349361912
655,no_feedback,46,7,5,1,0,-1.0,0.0,1,0,1,0,0.0,0.0013469771349361912
656,no_feedback,46,7,3,0,0,-1.0,0.0,1,0,1,0,0.0,0.0013469771349361912
657,no_feedback,46,0,3,0,0,-1.0,0.0,1,0,1,0,0.0,0.0013469771349361912
658,no_feedback,46,8,3,0,0,-1.0,0.0,1,0,1,0,0.0,0.0013469771349361912
659,no_feedback,46,8,3,0,0,-1.0,0.0,1,0,1,0,0.0,0.0013469771349361912
660,no_feedback,46,2,5,1,0,-1.0,0.0,1,0,1,0,0.0,0.0013469771349361912
661,no_feedback,46,0,3,0,0,-1.0,0.0,1,0,1,0,0.0,0.0013469771349361912
662,no_feedback,46,8,3,0,0,-1.0,0.0,1,0,1,0,0.0,0.0013469771349361912
663,no_feedback,46,4,5,1,1,1.0,0.0,0,nan,nan,nan,0.0,0.0013469771349361912
664,no_feedback,46,8,4,0,0,-1.0,0.0,1,1,0,0,0.0,0.0013469771349361912
665,no_feedback,46,4,5,1,1,1.0,0.0,0,nan,nan,nan,0.0,0.0013469771349361912
666,no_feedback,46,0,6,1,0,-1.0,0.0,1,1,0,0,0.0,0.0013469771349361912
667,no_feedback,46,5,5,1,1,1.0,0.0,0,nan,nan,nan,0.0,0.0013469771349361912
668,no_feedback,46,3,6,1,0,-1.0,0.0,1,1,0,0,0.0,0.0013469771349361912
669,no_feedback,46,3,3,0,1,1.0,0.0,0,nan,nan,nan,0.0,0.0013469771349361912
670,no_feedback,46,4,2,0,0,-1.0,0.0,1,1,0,0,0.0,0.0013469771349361912
671,no_feedback,46,3,3,0,1,1.0,0.0,0,nan,nan,nan,0.0,0.0013469771349361912
672,no_feedback,46,8,2,0,0,-1.0,0.0,1,1,0,0,0.0,0.0013469771349361912
673,no_feedback,46,7,5,1,0,-1.0,0.0,1,0,1,0,0.0,0.0013469771349361912
674,no_feedback,46,0,3,0,0,-1.0,0.0,1,0,1,0,0.0,0.0013469771349361912
675,no_feedback,46,0,3,0,0,-1.0,0.0,1,0,1,0,0.0,0.0013469771349361912
676,no_feedback,46,3,5,1,0,-1.0,0.0,1,0,1,0,0.0,0.0013469771349361912
677,no_feedback,46,7,3,0,0,-1.0,0.0,1,0,1,0,0.0,0.0013469771349361912
678,no_feedback,46,3,3,0,1,1.0,0.0,0,nan,nan,nan,0.0,0.0013469771349361912
679,no_feedback,46,8,2,0,0,-1.0,0.0,1,1,0,0,0.0,0.0013469771349361912
680,no_feedback,46,8,5,1,0,-1.0,0.0,1,0,1,0,0.0,0.0013469771349361912
681,no_feedback,46,0,5,1,0,-1.0,0.0,1,0,1,0,0.0,0.0013469771349361912
682,no_feedback,46,1,5,1,0,-1.0,0.0,1,0,1,0,0.0,0.0013469771349361912
683,no_feedback,46,2,5,1,0,-1.0,0.0,1,0,1,0,0.0,0.0013469771349361912
684,no_feedback,46,4,5,1,1,1.0,0.0,0,nan,nan,nan,0.0,0.0013469771349361912
685,no_feedback,46,0,6,1,0,-1.0,0.0,1,1,0,0,0.0,0.0013469771349361912
686,no_feedback,46,0,3,0,0,-1.0,0.0,1,0,1,0,0.0,0.0013469771349361912
687,no_feedback,46,4,5,1,1,1.0,0.0,0,nan,nan,nan,0.0,0.0013469771349361912
688,no_feedback,46,3,6,1,0,-1.0,0.0,1,1,0,0,0.0,0.0013469771349361912
689,no_feedback,46,3,5,1,0,-1.0,0.0,1,0,1,0,0.0,0.0013469771349361912
690,no_feedback,46,5,5,1,1,1.0,0.0,0,nan,nan,nan,0.0,0.0013469771349361912
691,no_feedback,46,7,4,0,0,-1.0,0.0,1,1,0,0,0.0,0.0013469771349361912
692,no_feedback,46,0,5,1,0,-1.0,0.0,1,0,1,0,0.0,0.0013469771349361912
693,no_feedback,46,3,5,1,0,-1.0,0.0,1,0,1,0,0.0,0.0013469771349361912
694,no_feedback,46,8,5,1,0,-1.0,0.0,1,0,1,0,0.0,0.0013469771349361912
695,no_feedback,46,8,5,1,0,-1.0,0.0,1,0,1,0,0.0,0.0013469771349361912
696,no_feedback,46,5,3,0,0,-1.0,0.0,1,0,1,0,0.0,0.0013469771349361912
697,no_feedback,46,4,5,1,1,1.0,0.0,0,nan,nan,nan,0.0,0.0013469771349361912
698,no_feedback,46,6,4,0,0,-1.0,0.0,1,1,0,0,0.0,0.0013469771349361912
699,no_feedback,46,7,3,0,0,-1.0,0.0,1,0,1,0,0.0,0.0013469771349361912
700,no_feedback,46,8,5,1,0,-1.0,0.0,1,0,1,0,0.0,0.0013469771349361912
701,no_feedback,46,7,3,0,0,-1.0,0.0,1,0,1,0,0.0,0.0013469771349361912
702,no_feedback,46,0,3,0,0,-1.0,0.0,1,0,1,0,0.0,0.0013469771349361912
703,no_feedback,46,0,3,0,0,-1.0,0.0,1,0,1,0,0.0,0.0013469771349361912
704,no_feedback,46,6,3,0,0,-1.0,0.0,1,0,1,0,0.0,0.0013469771349361912
705,no_feedback,46,1,5,1,0,-1.0,0.0,1,0,1,0,0.0,0.0013469771349361912
706,no_feedback,46,5,5,1,1,1.0,0.0,0,nan,nan,nan,0.0,0.0013469771349361912
707,no_feedback,46,6,6,1,1,1.0,0.0,0,nan,nan,nan,0.0,0.0013469771349361912
708,no_feedback,46,2,5,0,0,-1.0,0.0,1,2,0,0,0.0,0.0013469771349361912
709,no_feedback,46,8,3,0,0,-1.0,0.0,1,0,1,0,0.0,0.0013469771349361912
710,no_feedback,46,8,5,1,0,-1.0,0.0,1,0,1,0,0.0,0.0013469771349361912
711,no_feedback,46,0,3,0,0,-1.0,0.0,1,0,1,0,0.0,0.0013469771349361912
712,no_feedback,46,3,3,0,1,1.0,0.0,0,nan,nan,nan,0.0,0.0013469771349361912
713,no_feedback,46,0,4,1,0,-1.0,0.0,1,1,0,0,0.0,0.0013469771349361912
714,no_feedback,46,7,5,1,0,-1.0,0.0,1,0,1,0,0.0,0.0013469771349361912
715,no_feedback,46,2,5,1,0,-1.0,0.0,1,0,1,0,0.0,0.0013469771349361912
716,no_feedback,46,1,5,1,0,-1.0,0.0,1,0,1,0,0.0,0.0013469771349361912
717,no_feedback,46,6,5,1,1,1.0,0.0,0,nan,nan,nan,0.0,0.0013469771349361912
718,no_feedback,46,5,6,1,1,1.0,0.0,0,nan,nan,nan,0.0,0.0013469771349361912
719,no_feedback,46,6,5,0,1,1.0,0.0,0,nan,nan,nan,0.0,0.0013469771349361912
720,no_feedback,46,6,4,0,0,-1.0,0.0,1,3,0,1,0.0,0.0013469771349361912
721,no_feedback,46,3,5,1,0,-1.0,0.0,1,0,1,0,0.0,0.0013469771349361912
722,no_feedback,46,7,3,0,0,-1.0,0.0,1,0,1,0,0.0,0.0013469771349361912
723,no_feedback,46,0,5,1,0,-1.0,0.0,1,0,1,0,0.0,0.0013469771349361912
724,no_feedback,46,8,3,0,0,-1.0,0.0,1,0,1,0,0.0,0.0013469771349361912
725,no_feedback,46,0,3,0,0,-1.0,0.0,1,0,1,0,0.0,0.0013469771349361912
726,no_feedback,46,3,3,0,1,1.0,0.0,0,nan,nan,nan,0.0,0.0013469771349361912
727,no_feedback,46,7,4,1,0,-1.0,0.0,1,1,0,0,0.0,0.0013469771349361912
728,no_feedback,46,6,3,0,0,-1.0,0.0,1,0,1,0,0.0,0.0013469771349361912
729,no_feedback,46,4,5,1,1,1.0,0.0,0,nan,nan,nan,0.0,0.0013469771349361912
730,no_feedback,46,0,6,1,0,-1.0,0.0,1,1,0,0,0.0,0.0013469771349361912
731,no_feedback,46,2,5,1,0,-1.0,0.0,1,0,1,0,0.0,0.0013469771349361912
732,no_feedback,46,4,5,1,1,1.0,0.0,0,nan,nan,nan,0.0,0.0013469771349361912
733,no_feedback,46,5,6,1,1,1.0,0.0,0,nan,nan,nan,0.0,0.0013469771349361912
734,no_feedback,46,6,7,1,1,1.0,0.0,0,nan,nan,nan,0.0,0.0013469771349361912
735,no_feedback,46,2,8,1,0,-1.0,0.0,1,3,0,1,0.0,0.0013469771349361912
736,no_feedback,46,0,5,1,0,-1.0,0.0,1,0,1,0,0.0,0.0013469771349361912
737,no_feedback,46,8,3,0,0,-1.0,0.0,1,0,1,0,0.0,0.0013469771349361912
738,no_feedback,46,6,3,0,0,-1.0,0.0,1,0,1,0,0.0,0.0013469771349361912
739,no_feedback,46,8,5,1,0,-1.0,0.0,1,0,1,0,0.0,0.0013469771349361912
740,no_feedback,46,0,5,1,0,-1.0,0.0,1,0,1,0,0.0,0.0013469771349361912
741,no_feedback,46,5,3,0,0,-1.0,0.0,1,0,1,0,0.0,0.0013469771349361912
742,no_feedback,46,3,3,0,1,1.0,0.0,0,nan,nan,nan,0.0,0.0013469771349361912
743,no_feedback,46,2,4,1,0,-1.0,0.0,1,1,0,0,0.0,0.0013469771349361912
744,no_feedback,46,5,5,1,1,1.0,0.0,0,nan,nan,nan,0.0,0.0013469771349361912
745,no_feedback,46,1,4,0,0,-1.0,0.0,1,1,0,0,0.0,0.0013469771349361912
746,no_feedback,46,2,5,1,0,-1.0,0.0,1,0,1,0,0.0,0.0013469771349361912
747,no_feedback,46,0,3,0,0,-1.0,0.0,1,0,1,0,0.0,0.0013469771349361912
748,no_feedback,46,3,5,1,0,-1.0,0.0,1,0,1,0,0.0,0.0013469771349361912
749,no_feedback,46,4,5,1,1,1.0,0.0,0,nan,nan,nan,0.0,0.0013469771349361912
750,no_feedback,46,8,4,0,0,-1.0,0.0,1,1,0,0,0.0,0.0013469771349361912
751,no_feedback,46,6,3,0,0,-1.0,0.0,1,0,1,0,0.0,0.0013469771349361912
752,no_feedback,46,2,5,1,0,-1.0,0.0,1,0,1,0,0.0,0.0013469771349361912
753,no_feedback,46,7,3,0,0,-1.0,0.0,1,0,1,0,0.0,0.0013469771349361912
754,no_feedback,46,8,3,0,0,-1.0,0.0,1,0,1,0,0.0,0.0013469771349361912
755,no_feedback,46,6,3,0,0,-1.0,0.0,1,0,1,0,0.0,0.0013469771349361912
756,no_feedback,46,0,5,1,0,-1.0,0.0,1,0,1,0,0.0,0.0013469771349361912
757,no_feedback,46,0,5,1,0,-1.0,0.0,1,0,1,0,0.0,0.0013469771349361912
758,no_feedback,46,1,5,1,0,-1.0,0.0,1,0,1,0,0.0,0.0013469771349361912
759,no_feedback,46,7,5,1,0,-1.0,0.0,1,0,1,0,0.0,0.0013469771349361912
760,no_feedback,46,6,5,1,1,1.0,0.0,0,nan,nan,nan,0.0,0.0013469771349361912
761,no_feedback,46,2,4,0,0,-1.0,0.0,1,1,0,0,0.0,0.0013469771349361912
762,no_feedback,46,4,5,1,1,1.0,0.0,0,nan,nan,nan,0.0,0.0013469771349361912
763,no_feedback,46,4,4,0,1,1.0,0.0,0,nan,nan,nan,0.0,0.0013469771349361912
764,no_feedback,46,1,3,0,0,-1.0,0.0,1,2,0,0,0.0,0.0013469771349361912
765,no_feedback,46,7,3,0,0,-1.0,0.0,1,0,1,0,0.0,0.0013469771349361912
766,no_feedback,46,6,5,1,1,1.0,0.0,0,nan,nan,nan,0.0,0.0013469771349361912
767,no_feedback,46,1,6,1,0,-1.0,0.0,1,1,0,0,0.0,0.0013469771349361912
768,no_feedback,46,0,3,0,0,-1.0,0.0,1,0,1,0,0.0,0.0013469771349361912
769,no_feedback,46,3,3,0,1,1.0,0.0,0,nan,nan,nan,0.0,0.0013469771349361912
770,no_feedback,46,3,4,1,1,1.0,0.0,0,nan,nan,nan,0.0,0.0013469771349361912
771,no_feedback,46,2,5,1,0,-1.0,0.0,1,2,0,0,0.0,0.0013469771349361912
772,no_feedback,46,1,3,0,0,-1.0,0.0,1,0,1,0,0.0,0.0013469771349361912
773,no_feedback,46,4,5,1,1,1.0,0.0,0,nan,nan,nan,0.0,0.0013469771349361912
774,no_feedback,46,5,6,1,1,1.0,0.0,0,nan,nan,nan,0.0,0.0013469771349361912
775,no_feedback,46,1,5,0,0,-1.0,0.0,1,2,0,0,0.0,0.0013469771349361912
776,no_feedback,46,3,3,0,1,1.0,0.0,0,nan,nan,nan,0.0,0.0013469771349361912
777,no_feedback,46,0,2,0,0,-1.0,0.0,1,1,0,0,0.0,0.0013469771349361912
778,no_feedback,46,7,3,0,0,-1.0,0.0,1,0,1,0,0.0,0.0013469771349361912
779,no_feedback,46,3,5,1,0,-1.0,0.0,1,0,1,0,0.0,0.0013469771349361912
780,no_feedback,46,5,5,1,1,1.0,0.0,0,nan,nan,nan,0.0,0.0013469771349361912
781,no_feedback,46,4,4,0,1,1.0,0.0,0,nan,nan,nan,0.0,0.0013469771349361912
782,no_feedback,46,2,5,1,0,-1.0,0.0,1,2,0,0,0.0,0.0013469771349361912
783,no_feedback,46,5,5,1,1,1.0,0.0,0,nan,nan,nan,0.0,0.0013469771349361912
784,no_feedback,46,2,4,0,0,-1.0,0.0,1,1,0,0,0.0,0.0013469771349361912
785,no_feedback,46,2,5,1,0,-1.0,0.0,1,0,1,0,0.0,0.0013469771349361912
786,no_feedback,46,8,3,0,0,-1.0,0.0,1,0,1,0,0.0,0.0013469771349361912
787,no_feedback,46,5,5,1,1,1.0,0.0,0,nan,nan,nan,0.0,0.0013469771349361912
788,no_feedback,46,8,4,0,0,-1.0,0.0,1,1,0,0,0.0,0.0013469771349361912
789,no_feedback,46,0,5,1,0,-1.0,0.0,1,0,1,0,0.0,0.0013469771349361912
790,no_feedback,46,2,5,1,0,-1.0,0.0,1,0,1,0,0.0,0.0013469771349361912
791,no_feedback,46,1,3,0,0,-1.0,0.0,1,0,1,0,0.0,0.0013469771349361912
792,no_feedback,46,4,5,1,1,1.0,0.0,0,nan,nan,nan,0.0,0.0013469771349361912
793,no_feedback,46,2,6,1,0,-1.0,0.0,1,1,0,0,0.0,0.0013469771349361912
794,no_feedback,46,0,5,1,0,-1.0,0.0,1,0,1,0,0.0,0.0013469771349361912
795,no_feedback,46,0,5,1,0,-1.0,0.0,1,0,1,0,0.0,0.0013469771349361912
796,no_feedback,46,6,5,1,1,1.0,0.0,0,nan,nan,nan,0.0,0.0013469771349361912
797,no_feedback,46,2,4,0,0,-1.0,0.0,1,1,0,0,0.0,0.0013469771349361912
798,no_feedback,46,2,5,1,0,-1.0,0.0,1,0,1,0,0.0,0.0013469771349361912
799,no_feedback,46,7,3,0,0,-1.0,0.0,1,0,1,0,0.0,0.0013469771349361912
800,no_feedback,46,7,3,0,0,-1.0,0.0,1,0,1,0,0.0,0.0013469771349361912
801,no_feedback,46,1,5,1,0,-1.0,0.0,1,0,1,0,0.0,0.0013469771349361912
802,no_feedback,46,1,5,1,0,-1.0,0.0,1,0,1,0,0.0,0.0013469771349361912
803,no_feedback,46,3,5,1,0,-1.0,0.0,1,0,1,0,0.0,0.0013469771349361912
804,no_feedback,46,1,3,0,0,-1.0,0.0,1,0,1,0,0.0,0.0013469771349361912
805,no_feedback,46,2,5,1,0,-1.0,0.0,1,0,1,0,0.0,0.0013469771349361912
806,no_feedback,46,0,5,1,0,-1.0,0.0,1,0,1,0,0.0,0.0013469771349361912
807,no_feedback,46,2,5,1,0,-1.0,0.0,1,0,1,0,0.0,0.0013469771349361912
808,no_feedback,46,7,3,0,0,-1.0,0.0,1,0,1,0,0.0,0.0013469771349361912
809,no_feedback,46,7,3,0,0,-1.0,0.0,1,0,1,0,0.0,0.0013469771349361912
810,no_feedback,46,1,5,1,0,-1.0,0.0,1,0,1,0,0.0,0.0013469771349361912
811,no_feedback,46,7,3,0,0,-1.0,0.0,1,0,1,0,0.0,0.0013469771349361912
812,no_feedback,46,6,3,0,0,-1.0,0.0,1,0,1,0,0.0,0.0013469771349361912
813,no_feedback,46,1,5,1,0,-1.0,0.0,1,0,1,0,0.0,0.0013469771349361912
814,no_feedback,46,3,5,1,0,-1.0,0.0,1,0,1,0,0.0,0.0013469771349361912
815,no_feedback,46,4,5,1,1,1.0,0.0,0,nan,nan,nan,0.0,0.0013469771349361912
816,no_feedback,46,4,4,0,1,1.0,0.0,0,nan,nan,nan,0.0,0.0013469771349361912
817,no_feedback,46,0,5,1,0,-1.0,0.0,1,2,0,0,0.0,0.0013469771349361912
818,no_feedback,46,2,5,1,0,-1.0,0.0,1,0,1,0,0.0,0.0013469771349361912
819,no_feedback,46,4,5,1,1,1.0,0.0,0,nan,nan,nan,0.0,0.0013469771349361912
820,no_feedback,46,4,6,1,0,-1.0,0.0,1,1,0,0,0.0,0.0013469771349361912
821,no_feedback,46,5,3,0,0,-1.0,0.0,1,0,1,0,0.0,0.0013469771349361912
822,no_feedback,46,4,5,1,1,1.0,0.0,0,nan,nan,nan,0.0,0.0013469771349361912
823,no_feedback,46,1,4,0,0,-1.0,0.0,1,1,0,0,0.0,0.0013469771349361912
824,no_feedback,46,5,3,0,0,-1.0,0.0,1,0,1,0,0.0,0.0013469771349361912
825,no_feedback,46,1,3,0,0,-1.0,0.0,1,0,1,0,0.0,0.0013469771349361912
826,no_feedback,46,7,3,0,0,-1.0,0.0,1,0,1,0,0.0,0.0013469771349361912
827,no_feedback,46,1,3,0,0,-1.0,0.0,1,0,1,0,0.0,0.0013469771349361912
828,no_feedback,46,8,3,0,0,-1.0,0.0,1,0,1,0,0.0,0.0013469771349361912
829,no_feedback,46,1,5,1,0,-1.0,0.0,1,0,1,0,0.0,0.0013469771349361912
830,no_feedback,46,0,5,1,0,-1.0,0.0,1,0,1,0,0.0,0.0013469771349361912
831,no_feedback,46,3,5,1,0,-1.0,0.0,1,0,1,0,0.0,0.0013469771349361912
832,no_feedback,46,1,3,0,0,-1.0,0.0,1,0,1,0,0.0,0.0013469771349361912
833,no_feedback,46,8,5,1,0,-1.0,0.0,1,0,1,0,0.0,0.0013469771349361912
834,no_feedback,46,4,5,1,1,1.0,0.0,0,nan,nan,nan,0.0,0.0013469771349361912
835,no_feedback,46,8,4,0,0,-1.0,0.0,1,1,0,0,0.0,0.0013469771349361912
836,no_feedback,46,2,5,1,0,-1.0,0.0,1,0,1,0,0.0,0.0013469771349361912
837,no_feedback,46,7,3,0,0,-1.0,0.0,1,0,1,0,0.0,0.0013469771349361912
838,no_feedback,46,5,3,0,0,-1.0,0.0,1,0,1,0,0.0,0.0013469771349361912
839,no_feedback,46,5,5,1,1,1.0,0.0,0,nan,nan,nan,0.0,0.0013469771349361912
840,no_feedback,46,8,4,0,0,-1.0,0.0,1,1,0,0,0.0,0.0013469771349361912
841,no_feedback,46,3,3,0,1,1.0,0.0,0,nan,nan,nan,0.0,0.0013469771349361912
842,no_feedback,46,0,4,1,0,-1.0,0.0,1,1,0,0,0.0,0.0013469771349361912
843,no_feedback,46,0,5,1,0,-1.0,0.0,1,0,1,0,0.0,0.0013469771349361912
844,no_feedback,46,6,3,0,0,-1.0,0.0,1,0,1,0,0.0,0.0013469771349361912
845,no_feedback,46,5,5,1,1,1.0,0.0,0,nan,nan,nan,0.0,0.0013469771349361912
846,no_feedback,46,8,4,0,0,-1.0,0.0,1,1,0,0,0.0,0.0013469771349361912
847,no_feedback,46,8,3,0,0,-1.0,0.0,1,0,1,0,0.0,0.0013469771349361912
848,no_feedback,46,7,3,0,0,-1.0,0.0,1,0,1,0,0.0,0.0013469771349361912
849,no_feedback,46,7,3,0,0,-1.0,0.0,1,0,1,0,0.0,0.0013469771349361912
850,no_feedback,46,8,5,1,0,-1.0,0.0,1,0,1,0,0.0,0.0013469771349361912
851,no_feedback,46,1,3,0,0,-1.0,0.0,1,0,1,0,0.0,0.0013469771349361912
852,no_feedback,46,1,5,1,0,-1.0,0.0,1,0,1,0,0.0,0.0013469771349361912
853,no_feedback,46,8,3,0,0,-1.0,0.0,1,0,1,0,0.0,0.0013469771349361912
854,no_feedback,46,7,3,0,0,-1.0,0.0,1,0,1,0,0.0,0.0013469771349361912
855,no_feedback,46,0,5,1,0,-1.0,0.0,1,0,1,0,0.0,0.0013469771349361912
856,no_feedback,46,4,5,1,1,1.0,0.0,0,nan,nan,nan,0.0,0.0013469771349361912
857,no_feedback,46,5,6,1,1,1.0,0.0,0,nan,nan,nan,0.0,0.0013469771349361912
858,no_feedback,46,4,7,1,0,-1.0,0.0,1,2,0,0,0.0,0.0013469771349361912
859,no_feedback,46,0,3,0,0,-1.0,0.0,1,0,1,0,0.0,0.0013469771349361912
860,no_feedback,46,6,5,1,1,1.0,0.0,0,nan,nan,nan,0.0,0.0013469771349361912
861,no_feedback,46,7,6,1,1,1.0,0.0,0,nan,nan,nan,0.0,0.0013469771349361912
862,no_feedback,46,7,7,1,1,1.0,0.0,0,nan,nan,nan,0.0,0.0013469771349361912
863,no_feedback,46,3,8,1,0,-1.0,0.0,1,3,0,1,0.0,0.0013469771349361912
864,no_feedback,46,5,3,0,0,-1.0,0.0,1,0,1,0,0.0,0.0013469771349361912
865,no_feedback,46,7,3,0,0,-1.0,0.0,1,0,1,0,0.0,0.0013469771349361912
866,no_feedback,46,8,5,1,0,-1.0,0.0,1,0,1,0,0.0,0.0013469771349361912
867,no_feedback,46,1,3,0,0,-1.0,0.0,1,0,1,0,0.0,0.0013469771349361912
868,no_feedback,46,3,3,0,1,1.0,0.0,0,nan,nan,nan,0.0,0.0013469771349361912
869,no_feedback,46,3,4,1,1,1.0,0.0,0,nan,nan,nan,0.0,0.0013469771349361912
870,no_feedback,46,1,5,1,0,-1.0,0.0,1,2,0,0,0.0,0.0013469771349361912
871,no_feedback,46,7,5,1,0,-1.0,0.0,1,0,1,0,0.0,0.0013469771349361912
872,no_feedback,46,7,3,0,0,-1.0,0.0,1,0,1,0,0.0,0.0013469771349361912
873,no_feedback,46,3,5,1,0,-1.0,0.0,1,0,1,0,0.0,0.0013469771349361912
874,no_feedback,46,1,5,1,0,-1.0,0.0,1,0,1,0,0.0,0.0013469771349361912
875,no_feedback,46,0,5,1,0,-1.0,0.0,1,0,1,0,0.0,0.0013469771349361912
876,no_feedback,46,3,3,0,1,1.0,0.0,0,nan,nan,nan,0.0,0.0013469771349361912
877,no_feedback,46,7,2,0,0,-1.0,0.0,1,1,0,0,0.0,0.0013469771349361912
878,no_feedback,46,1,5,1,0,-1.0,0.0,1,0,1,0,0.0,0.0013469771349361912
879,no_feedback,46,2,3,0,1,1.0,0.0,0,nan,nan,nan,0.0,0.0013469771349361912
880,no_feedback,46,5,4,1,1,1.0,0.0,0,nan,nan,nan,0.0,0.0013469771349361912
881,no_feedback,46,1,5,1,0,-1.0,0.0,1,2,0,0,0.0,0.0013469771349361912
882,no_feedback,46,4,5,1,1,1.0,0.0,0,nan,nan,nan,0.0,0.0013469771349361912
883,no_feedback,46,2,4,0,0,-1.0,0.0,1,1,0,0,0.0,0.0013469771349361912
884,no_feedback,46,8,5,1,0,-1.0,0.0,1,0,1,0,0.0,0.0013469771349361912
885,no_feedback,46,5,5,1,1,1.0,0.0,0,nan,nan,nan,0.0,0.0013469771349361912
886,no_feedback,46,0,4,0,0,-1.0,0.0,1,1,0,0,0.0,0.0013469771349361912
887,no_feedback,46,5,3,0,0,-1.0,0.0,1,0,1,0,0.0,0.0013469771349361912
888,no_feedback,46,0,3,0,0,-1.0,0.0,1,0,1,0,0.0,0.0013469771349361912
889,no_feedback,46,2,5,1,0,-1.0,0.0,1,0,1,0,0.0,0.0013469771349361912
890,no_feedback,46,6,5,1,1,1.0,0.0,0,nan,nan,nan,0.0,0.0013469771349361912
891,no_feedback,46,4,6,1,0,-1.0,0.0,1,1,0,0,0.0,0.0013469771349361912
892,no_feedback,46,7,3,0,0,-1.0,0.0,1,0,1,0,0.0,0.0013469771349361912
893,no_feedback,46,1,3,0,0,-1.0,0.0,1,0,1,0,0.0,0.0013469771349361912
894,no_feedback,46,5,3,0,0,-1.0,0.0,1,0,1,0,0.0,0.0013469771349361912
895,no_feedback,46,5,5,1,1,1.0,0.0,0,nan,nan,nan,0.0,0.0013469771349361912
896,no_feedback,46,7,6,1,1,1.0,0.0,0,nan,nan,nan,0.0,0.0013469771349361912
897,no_feedback,46,6,7,1,1,1.0,0.0,0,nan,nan,nan,0.0,0.0013469771349361912
898,no_feedback,46,0,6,0,0,-1.0,0.0,1,3,0,1,0.0,0.0013469771349361912
899,no_feedback,46,6,3,0,0,-1.0,0.0,1,0,1,0,0.0,0.0013469771349361912
900,no_feedback,46,8,5,1,0,-1.0,0.0,1,0,1,0,0.0,0.0013469771349361912
901,no_feedback,46,3,3,0,1,1.0,0.0,0,nan,nan,nan,0.0,0.0013469771349361912
902,no_feedback,46,3,4,1,1,1.0,0.0,0,nan,nan,nan,0.0,0.0013469771349361912
903,no_feedback,46,0,3,0,0,-1.0,0.0,1,2,0,0,0.0,0.0013469771349361912
904,no_feedback,46,8,5,1,0,-1.0,0.0,1,0,1,0,0.0,0.0013469771349361912
905,no_feedback,46,8,5,1,0,-1.0,0.0,1,0,1,0,0.0,0.0013469771349361912
906,no_feedback,46,6,5,1,1,1.0,0.0,0,nan,nan,nan,0.0,0.0013469771349361912
907,no_feedback,46,8,6,1,0,-1.0,0.0,1,1,0,0,0.0,0.0013469771349361912
908,no_feedback,46,8,5,1,0,-1.0,0.0,1,0,1,0,0.0,0.0013469771349361912
909,no_feedback,46,5,3,0,0,-1.0,0.0,1,0,1,0,0.0,0.0013469771349361912
910,no_feedback,46,8,5,1,0,-1.0,0.0,1,0,1,0,0.0,0.0013469771349361912
911,no_feedback,46,0,5,1,0,-1.0,0.0,1,0,1,0,0.0,0.0013469771349361912
912,no_feedback,46,2,5,1,0,-1.0,0.0,1,0,1,0,0.0,0.0013469771349361912
913,no_feedback,46,3,3,0,1,1.0,0.0,0,nan,nan,nan,0.0,0.0013469771349361912
914,no_feedback,46,2,4,1,0,-1.0,0.0,1,1,0,0,0.0,0.0013469771349361912
915,no_feedback,46,5,5,1,1,1.0,0.0,0,nan,nan,nan,0.0,0.0013469771349361912
916,no_feedback,46,0,4,0,0,-1.0,0.0,1,1,0,0,0.0,0.0013469771349361912
917,no_feedback,46,7,3,0,0,-1.0,0.0,1,0,1,0,0.0,0.0013469771349361912
918,no_feedback,46,8,3,0,0,-1.0,0.0,1,0,1,0,0.0,0.0013469771349361912
919,no_feedback,46,2,5,1,0,-1.0,0.0,1,0,1,0,0.0,0.0013469771349361912
920,no_feedback,46,8,5,1,0,-1.0,0.0,1,0,1,0,0.0,0.0013469771349361912
921,no_feedback,46,0,5,1,0,-1.0,0.0,1,0,1,0,0.0,0.0013469771349361912
922,no_feedback,46,4,5,1,1,1.0,0.0,0,nan,nan,nan,0.0,0.0013469771349361912
923,no_feedback,46,3,6,1,0,-1.0,0.0,1,1,0,0,0.0,0.0013469771349361912
924,no_feedback,46,1,5,1,0,-1.0,0.0,1,0,1,0,0.0,0.0013469771349361912
925,no_feedback,46,3,5,1,0,-1.0,0.0,1,0,1,0,0.0,0.0013469771349361912
926,no_feedback,46,1,5,1,0,-1.0,0.0,1,0,1,0,0.0,0.0013469771349361912
927,no_feedback,46,5,5,1,1,1.0,0.0,0,nan,nan,nan,0.0,0.0013469771349361912
928,no_feedback,46,6,6,1,1,1.0,0.0,0,nan,nan,nan,0.0,0.0013469771349361912
929,no_feedback,46,6,7,1,1,1.0,0.0,0,nan,nan,nan,0.0,0.0013469771349361912
930,no_feedback,46,4,6,0,0,-1.0,0.0,1,3,0,1,0.0,0.0013469771349361912
931,no_feedback,46,0,3,0,0,-1.0,0.0,1,0,1,0,0.0,0.0013469771349361912
932,no_feedback,46,0,5,1,0,-1.0,0.0,1,0,1,0,0.0,0.0013469771349361912
933,no_feedback,46,1,3,0,0,-1.0,0.0,1,0,1,0,0.0,0.0013469771349361912
934,no_feedback,46,8,3,0,0,-1.0,0.0,1,0,1,0,0.0,0.0013469771349361912
935,no_feedback,46,0,3,0,0,-1.0,0.0,1,0,1,0,0.0,0.0013469771349361912
936,no_feedback,46,1,5,1,0,-1.0,0.0,1,0,1,0,0.0,0.0013469771349361912
937,no_feedback,46,8,5,1,0,-1.0,0.0,1,0,1,0,0.0,0.0013469771349361912
938,no_feedback,46,8,3,0,0,-1.0,0.0,1,0,1,0,0.0,0.0013469771349361912
939,no_feedback,46,5,3,0,0,-1.0,0.0,1,0,1,0,0.0,0.0013469771349361912
940,no_feedback,46,6,3,0,0,-1.0,0.0,1,0,1,0,0.0,0.0013469771349361912
941,no_feedback,46,8,5,1,0,-1.0,0.0,1,0,1,0,0.0,0.0013469771349361912
942,no_feedback,46,5,3,0,0,-1.0,0.0,1,0,1,0,0.0,0.0013469771349361912
943,no_feedback,46,1,3,0,0,-1.0,0.0,1,0,1,0,0.0,0.0013469771349361912
944,no_feedback,46,6,5,1,1,1.0,0.0,0,nan,nan,nan,0.0,0.0013469771349361912
945,no_feedback,46,6,4,0,0,-1.0,0.0,1,1,0,0,0.0,0.0013469771349361912
946,no_feedback,46,5,5,1,1,1.0,0.0,0,nan,nan,nan,0.0,0.0013469771349361912
947,no_feedback,46,0,6,1,0,-1.0,0.0,1,1,0,0,0.0,0.0013469771349361912
948,no_feedback,46,7,3,0,0,-1.0,0.0,1,0,1,0,0.0,0.0013469771349361912
949,no_feedback,46,1,3,0,0,-1.0,0.0,1,0,1,0,0.0,0.0013469771349361912
950,no_feedback,46,1,3,0,0,-1.0,0.0,1,0,1,0,0.0,0.0013469771349361912
951,no_feedback,46,5,5,1,1,1.0,0.0,0,nan,nan,nan,0.0,0.0013469771349361912
952,no_feedback,46,0,6,1,0,-1.0,0.0,1,1,0,0,0.0,0.0013469771349361912
953,no_feedback,46,5,5,1,1,1.0,0.0,0,nan,nan,nan,0.0,0.0013469771349361912
954,no_feedback,46,1,4,0,0,-1.0,0.0,1,1,0,0,0.0,0.0013469771349361912
955,no_feedback,46,2,5,1,0,-1.0,0.0,1,0,1,0,0.0,0.0013469771349361912
956,no_feedback,46,2,5,1,0,-1.0,0.0,1,0,1,0,0.0,0.0013469771349361912
957,no_feedback,46,6,5,1,1,1.0,0.0,0,nan,nan,nan,0.0,0.0013469771349361912
958,no_feedback,46,0,4,0,0,-1.0,0.0,1,1,0,0,0.0,0.0013469771349361912
959,no_feedback,46,3,3,0,1,1.0,0.0,0,nan,nan,nan,0.0,0.0013469771349361912
960,no_feedback,46,6,2,0,0,-1.0,0.0,1,1,0,0,0.0,0.0013469771349361912
961,no_feedback,46,6,5,1,1,1.0,0.0,0,nan,nan,nan,0.0,0.0013469771349361912
962,no_feedback,46,0,4,0,0,-1.0,0.0,1,1,0,0,0.0,0.0013469771349361912
963,no_feedback,46,3,5,1,0,-1.0,0.0,1,0,1,0,0.0,0.0013469771349361912
964,no_feedback,46,4,5,1,1,1.0,0.0,0,nan,nan,nan,0.0,0.0013469771349361912
965,no_feedback,46,3,6,1,0,-1.0,0.0,1,1,0,0,0.0,0.0013469771349361912
966,no_feedback,46,1,3,0,0,-1.0,0.0,1,0,1,0,0.0,0.0013469771349361912
967,no_feedback,46,6,3,0,0,-1.0,0.0,1,0,1,0,0.0,0.0013469771349361912
968,no_feedback,46,8,5,1,0,-1.0,0.0,1,0,1,0,0.0,0.0013469771349361912
969,no_feedback,46,2,5,1,0,-1.0,0.0,1,0,1,0,0.0,0.0013469771349361912
970,no_feedback,46,6,3,0,0,-1.0,0.0,1,0,1,0,0.0,0.0013469771349361912
971,no_feedback,46,4,5,1,1,1.0,0.0,0,nan,nan,nan,0.0,0.0013469771349361912
972,no_feedback,46,5,6,1,1,1.0,0.0,0,nan,nan,nan,0.0,0.0013469771349361912
973,no_feedback,46,6,7,1,1,1.0,0.0,0,nan,nan,nan,0.0,0.0013469771349361912
974,no_feedback,46,2,8,1,0,-1.0,0.0,1,3,0,1,0.0,0.0013469771349361912
975,no_feedback,46,0,5,1,0,-1.0,0.0,1,0,1,0,0.0,0.0013469771349361912
976,no_feedback,46,7,3,0,0,-1.0,0.0,1,0,1,0,0.0,0.0013469771349361912
977,no_feedback,46,1,3,0,0,-1.0,0.0,1,0,1,0,0.0,0.0013469771349361912
978,no_feedback,46,4,5,1,1,1.0,0.0,0,nan,nan,nan,0.0,0.0013469771349361912
979,no_feedback,46,4,6,1,0,-1.0,0.0,1,1,0,0,0.0,0.0013469771349361912
980,no_feedback,46,1,5,1,0,-1.0,0.0,1,0,1,0,0.0,0.0013469771349361912
981,no_feedback,46,5,3,0,0,-1.0,0.0,1,0,1,0,0.0,0.0013469771349361912
982,no_feedback,46,0,5,1,0,-1.0,0.0,1,0,1,0,0.0,0.0013469771349361912
983,no_feedback,46,8,3,0,0,-1.0,0.0,1,0,1,0,0.0,0.0013469771349361912
984,no_feedback,46,1,3,0,0,-1.0,0.0,1,0,1,0,0.0,0.0013469771349361912
985,no_feedback,46,6,3,0,0,-1.0,0.0,1,0,1,0,0.0,0.0013469771349361912
986,no_feedback,46,3,3,0,1,1.0,0.0,0,nan,nan,nan,0.0,0.0013469771349361912
987,no_feedback,46,0,2,0,0,-1.0,0.0,1,1,0,0,0.0,0.0013469771349361912
988,no_feedback,46,3,5,1,0,-1.0,0.0,1,0,1,0,0.0,0.0013469771349361912
989,no_feedback,46,4,5,1,1,1.0,0.0,0,nan,nan,nan,0.0,0.0013469771349361912
990,no_feedback,46,3,6,1,0,-1.0,0.0,1,1,0,0,0.0,0.0013469771349361912
991,no_feedback,46,5,3,0,0,-1.0,0.0,1,0,1,0,0.0,0.0013469771349361912
992,no_feedback,46,8,3,0,0,-1.0,0.0,1,0,1,0,0.0,0.0013469771349361912
993,no_feedback,46,0,3,0,0,-1.0,0.0,1,0,1,0,0.0,0.0013469771349361912
994,no_feedback,46,0,5,1,0,-1.0,0.0,1,0,1,0,0.0,0.0013469771349361912
995,no_feedback,46,7,3,0,0,-1.0,0.0,1,0,1,0,0.0,0.0013469771349361912
996,no_feedback,46,2,5,1,0,-1.0,0.0,1,0,1,0,0.0,0.0013469771349361912
997,no_feedback,46,1,3,0,0,-1.0,0.0,1,0,1,0,0.0,0.0013469771349361912
998,no_feedback,46,2,5,1,0,-1.0,0.0,1,0,1,0,0.0,0.0013469771349361912
999,no_feedback,46,6,3,0,0,-1.0,0.0,1,0,1,0,0.0,0.0013469771349361912
1000,no_feedback,46,5,5,1,1,1.0,0.0,0,nan,nan,nan,0.0,0.0013469771349361912
1001,no_feedback,46,1,4,0,0,-1.0,0.0,1,1,0,0,0.0,0.0013469771349361912
1002,no_feedback,46,5,5,1,1,1.0,0.0,0,nan,nan,nan,0.0,0.0013469771349361912
1003,no_feedback,46,3,4,0,1,1.0,0.0,0,nan,nan,nan,0.0,0.0013469771349361912
1004,no_feedback,46,6,3,0,0,-1.0,0.0,1,2,0,0,0.0,0.0013469771349361912
1005,no_feedback,46,3,3,0,1,1.0,0.0,0,nan,nan,nan,0.0,0.0013469771349361912
1006,no_feedback,46,4,4,1,1,1.0,0.0,0,nan,nan,nan,0.0,0.0013469771349361912
1007,no_feedback,46,6,3,0,0,-1.0,0.0,1,2,0,0,0.0,0.0013469771349361912
1008,no_feedback,46,8,3,0,0,-1.0,0.0,1,0,1,0,0.0,0.0013469771349361912
1009,no_feedback,46,3,5,1,0,-1.0,0.0,1,0,1,0,0.0,0.0013469771349361912
1010,no_feedback,46,0,5,1,0,-1.0,0.0,1,0,1,0,0.0,0.0013469771349361912
1011,no_feedback,46,4,5,1,1,1.0,0.0,0,nan,nan,nan,0.0,0.0013469771349361912
1012,no_feedback,46,2,6,1,0,-1.0,0.0,1,1,0,0,0.0,0.0013469771349361912
1013,no_feedback,46,8,3,0,0,-1.0,0.0,1,0,1,0,0.0,0.0013469771349361912
1014,no_feedback,46,8,3,0,0,-1.0,0.0,1,0,1,0,0.0,0.0013469771349361912
1015,no_feedback,46,5,5,1,1,1.0,0.0,0,nan,nan,nan,0.0,0.0013469771349361912
1016,no_feedback,46,2,4,0,0,-1.0,0.0,1,1,0,0,0.0,0.0013469771349361912
1017,no_feedback,46,2,5,1,0,-1.0,0.0,1,0,1,0,0.0,0.0013469771349361912
1018,no_feedback,46,1,3,0,0,-1.0,0.0,1,0,1,0,0.0,0.0013469771349361912
1019,no_feedback,46,1,3,0,0,-1.0,0.0,1,0,1,0,0.0,0.0013469771349361912
1020,no_feedback,46,1,5,1,0,-1.0,0.0,1,0,1,0,0.0,0.0013469771349361912
1021,no_feedback,46,1,5,1,0,-1.0,0.0,1,0,1,0,0.0,0.0013469771349361912
1022,no_feedback,46,4,5,1,1,1.0,0.0,0,nan,nan,nan,0.0,0.0013469771349361912
1023,no_feedback,46,0,4,0,0,-1.0,0.0,1,1,0,0,0.0,0.0013469771349361912
1024,no_feedback,46,8,5,1,0,-1.0,0.0,1,0,1,0,0.0,0.0013469771349361912
1025,no_feedback,46,0,3,0,0,-1.0,0.0,1,0,1,0,0.0,0.0013469771349361912
1026,no_feedback,46,7,5,1,0,-1.0,0.0,1,0,1,0,0.0,0.0013469771349361912
1027,no_feedback,46,4,5,1,1,1.0,0.0,0,nan,nan,nan,0.0,0.0013469771349361912
1028,no_feedback,46,2,6,1,0,-1.0,0.0,1,1,0,0,0.0,0.0013469771349361912
1029,no_feedback,46,0,5,1,0,-1.0,0.0,1,0,1,0,0.0,0.0013469771349361912
1030,no_feedback,46,6,3,0,0,-1.0,0.0,1,0,1,0,0.0,0.0013469771349361912
1031,no_feedback,46,2,5,1,0,-1.0,0.0,1,0,1,0,0.0,0.0013469771349361912
1032,no_feedback,46,0,5,1,0,-1.0,0.0,1,0,1,0,0.0,0.0013469771349361912
1033,no_feedback,46,8,5,1,0,-1.0,0.0,1,0,1,0,0.0,0.0013469771349361912
1034,no_feedback,46,5,5,1,1,1.0,0.0,0,nan,nan,nan,0.0,0.0013469771349361912
1035,no_feedback,46,8,4,0,0,-1.0,0.0,1,1,0,0,0.0,0.0013469771349361912
1036,no_feedback,46,7,3,0,0,-1.0,0.0,1,0,1,0,0.0,0.0013469771349361912
1037,no_feedback,46,2,5,1,0,-1.0,0.0,1,0,1,0,0.0,0.0013469771349361912
1038,no_feedback,46,1,3,0,0,-1.0,0.0,1,0,1,0,0.0,0.0013469771349361912
1039,no_feedback,46,2,5,1,0,-1.0,0.0,1,0,1,0,0.0,0.0013469771349361912
1040,no_feedback,46,4,5,1,1,1.0,0.0,0,nan,nan,nan,0.0,0.0013469771349361912
1041,no_feedback,46,8,4,0,0,-1.0,0.0,1,1,0,0,0.0,0.0013469771349361912
1042,no_feedback,46,2,5,1,0,-1.0,0.0,1,0,1,0,0.0,0.0013469771349361912
1043,no_feedback,46,8,5,1,0,-1.0,0.0,1,0,1,0,0.0,0.0013469771349361912
1044,no_feedback,46,3,3,0,1,1.0,0.0,0,nan,nan,nan,0.0,0.0013469771349361912
1045,no_feedback,46,5,4,1,1,1.0,0.0,0,nan,nan,nan,0.0,0.0013469771349361912
1046,no_feedback,46,7,3,0,0,-1.0,0.0,1,2,0,0,0.0,0.0013469771349361912
1047,no_feedback,46,5,5,1,1,1.0,0.0,0,nan,nan,nan,0.0,0.0013469771349361912
1048,no_feedback,46,3,4,0,1,1.0,0.0,0,nan,nan,nan,0.0,0.0013469771349361912
1049,no_feedback,46,3,3,0,1,1.0,0.0,0,nan,nan,nan,0.0,0.0013469771349361912
1050,no_feedback,46,3,4,1,1,1.0,0.0,0,nan,nan,nan,0.0,0.0013469771349361912
1051,no_feedback,46,2,5,1,0,-1.0,0.0,1,4,0,1,0.0,0.0013469771349361912
1052,no_feedback,46,0,3,0,0,-1.0,0.0,1,0,1,0,0.0,0.0013469771349361912
1053,no_feedback,46,1,5,1,0,-1.0,0.0,1,0,1,0,0.0,0.0013469771349361912
1054,no_feedback,46,6,5,1,1,1.0,0.0,0,nan,nan,nan,0.0,0.0013469771349361912
1055,no_feedback,46,2,4,0,0,-1.0,0.0,1,1,0,0,0.0,0.0013469771349361912
1056,no_feedback,46,7,3,0,0,-1.0,0.0,1,0,1,0,0.0,0.0013469771349361912
1057,no_feedback,46,4,5,1,1,1.0,0.0,0,nan,nan,nan,0.0,0.0013469771349361912
1058,no_feedback,46,2,4,0,0,-1.0,0.0,1,1,0,0,0.0,0.0013469771349361912
1059,no_feedback,46,0,3,0,0,-1.0,0.0,1,0,1,0,0.0,0.0013469771349361912
1060,no_feedback,46,1,5,1,0,-1.0,0.0,1,0,1,0,0.0,0.0013469771349361912
1061,no_feedback,46,3,3,0,1,1.0,0.0,0,nan,nan,nan,0.0,0.0013469771349361912
1062,no_feedback,46,4,4,1,1,1.0,0.0,0,nan,nan,nan,0.0,0.0013469771349361912
1063,no_feedback,46,4,5,1,1,1.0,0.0,0,nan,nan,nan,0.0,0.0013469771349361912
1064,no_feedback,46,7,6,1,1,1.0,0.0,0,nan,nan,nan,0.0,0.0013469771349361912
1065,no_feedback,46,8,5,0,0,-1.0,0.0,1,4,0,1,0.0,0.0013469771349361912
1066,no_feedback,46,1,3,0,0,-1.0,0.0,1,0,1,0,0.0,0.0013469771349361912
1067,no_feedback,46,7,3,0,0,-1.0,0.0,1,0,1,0,0.0,0.0013469771349361912
1068,no_feedback,46,1,5,1,0,-1.0,0.0,1,0,1,0,0.0,0.0013469771349361912
1069,no_feedback,46,5,3,0,0,-1.0,0.0,1,0,1,0,0.0,0.0013469771349361912
1070,no_feedback,46,4,5,1,1,1.0,0.0,0,nan,nan,nan,0.0,0.0013469771349361912
1071,no_feedback,46,7,6,1,1,1.0,0.0,0,nan,nan,nan,0.0,0.0013469771349361912
1072,no_feedback,46,7,5,0,0,-1.0,0.0,1,2,0,0,0.0,0.0013469771349361912
1073,no_feedback,46,3,5,1,0,-1.0,0.0,1,0,1,0,0.0,0.0013469771349361912
1074,no_feedback,46,8,3,0,0,-1.0,0.0,1,0,1,0,0.0,0.0013469771349361912
1075,no_feedback,46,5,5,1,1,1.0,0.0,0,nan,nan,nan,0.0,0.0013469771349361912
1076,no_feedback,46,5,6,1,1,1.0,0.0,0,nan,nan,nan,0.0,0.0013469771349361912
1077,no_feedback,46,5,5,0,1,1.0,0.0,0,nan,nan,nan,0.0,0.0013469771349361912
1078,no_feedback,46,0,4,0,0,-1.0,0.0,1,3,0,1,0.0,0.0013469771349361912
1079,no_feedback,46,1,3,0,0,-1.0,0.0,1,0,1,0,0.0,0.0013469771349361912
1080,no_feedback,46,1,5,1,0,-1.0,0.0,1,0,1,0,0.0,0.0013469771349361912
1081,no_feedback,46,8,3,0,0,-1.0,0.0,1,0,1,0,0.0,0.0013469771349361912
1082,no_feedback,46,7,3,0,0,-1.0,0.0,1,0,1,0,0.0,0.0013469771349361912
1083,no_feedback,46,1,3,0,0,-1.0,0.0,1,0,1,0,0.0,0.0013469771349361912
1084,no_feedback,46,8,3,0,0,-1.0,0.0,1,0,1,0,0.0,0.0013469771349361912
1085,no_feedback,46,7,3,0,0,-1.0,0.0,1,0,1,0,0.0,0.0013469771349361912
1086,no_feedback,46,4,5,1,1,1.0,0.0,0,nan,nan,nan,0.0,0.0013469771349361912
1087,no_feedback,46,4,4,0,1,1.0,0.0,0,nan,nan,nan,0.0,0.0013469771349361912
1088,no_feedback,46,8,3,0,0,-1.0,0.0,1,2,0,0,0.0,0.0013469771349361912
1089,no_feedback,46,8,3,0,0,-1.0,0.0,1,0,1,0,0.0,0.0013469771349361912
1090,no_feedback,46,2,5,1,0,-1.0,0.0,1,0,1,0,0.0,0.0013469771349361912
1091,no_feedback,46,5,3,0,0,-1.0,0.0,1,0,1,0,0.0,0.0013469771349361912
1092,no_feedback,46,7,3,0,0,-1.0,0.0,1,0,1,0,0.0,0.0013469771349361912
1093,no_feedback,46,7,3,0,0,-1.0,0.0,1,0,1,0,0.0,0.0013469771349361912
1094,no_feedback,46,7,3,0,0,-1.0,0.0,1,0,1,0,0.0,0.0013469771349361912
1095,no_feedback,46,4,5,1,1,1.0,0.0,0,nan,nan,nan,0.0,0.0013469771349361912
1096,no_feedback,46,4,4,0,1,1.0,0.0,0,nan,nan,nan,0.0,0.0013469771349361912
1097,no_feedback,46,5,5,1,1,1.0,0.0,0,nan,nan,nan,0.0,0.0013469771349361912
1098,no_feedback,46,0,4,0,0,-1.0,0.0,1,3,0,1,0.0,0.0013469771349361912
1099,no_feedback,46,0,5,1,0,-1.0,0.0,1,0,1,0,0.0,0.0013469771349361912
1100,no_feedback,46,7,3,0,0,-1.0,0.0,1,0,1,0,0.0,0.0013469771349361912
1101,no_feedback,46,7,3,0,0,-1.0,0.0,1,0,1,0,0.0,0.0013469771349361912
1102,no_feedback,46,1,5,1,0,-1.0,0.0,1,0,1,0,0.0,0.0013469771349361912
1103,no_feedback,46,3,3,0,1,1.0,0.0,0,nan,nan,nan,0.0,0.0013469771349361912
1104,no_feedback,46,3,4,1,1,1.0,0.0,0,nan,nan,nan,0.0,0.0013469771349361912
1105,no_feedback,46,5,5,1,1,1.0,0.0,0,nan,nan,nan,0.0,0.0013469771349361912
1106,no_feedback,46,4,6,1,0,-1.0,0.0,1,3,0,1,0.0,0.0013469771349361912
1107,no_feedback,46,1,5,1,0,-1.0,0.0,1,0,1,0,0.0,0.0013469771349361912
1108,no_feedback,46,5,3,0,0,-1.0,0.0,1,0,1,0,0.0,0.0013469771349361912
1109,no_feedback,46,7,5,1,0,-1.0,0.0,1,0,1,0,0.0,0.0013469771349361912
1110,no_feedback,46,7,3,0,0,-1.0,0.0,1,0,1,0,0.0,0.0013469771349361912
1111,no_feedback,46,4,3,0,1,1.0,0.0,0,nan,nan,nan,0.0,0.0013469771349361912
1112,no_feedback,46,8,2,0,0,-1.0,0.0,1,1,0,0,0.0,0.0013469771349361912
1113,no_feedback,46,0,5,1,0,-1.0,0.0,1,0,1,0,0.0,0.0013469771349361912
1114,no_feedback,46,2,5,1,0,-1.0,0.0,1,0,1,0,0.0,0.0013469771349361912
1115,no_feedback,46,0,3,0,0,-1.0,0.0,1,0,1,0,0.0,0.0013469771349361912
1116,no_feedback,46,2,5,1,0,-1.0,0.0,1,0,1,0,0.0,0.0013469771349361912
1117,no_feedback,46,2,5,1,0,-1.0,0.0,1,0,1,0,0.0,0.0013469771349361912
1118,no_feedback,46,6,5,1,1,1.0,0.0,0,nan,nan,nan,0.0,0.0013469771349361912
1119,no_feedback,46,3,6,1,0,-1.0,0.0,1,1,0,0,0.0,0.0013469771349361912
1120,no_feedback,46,4,5,1,1,1.0,0.0,0,nan,nan,nan,0.0,0.0013469771349361912
1121,no_feedback,46,4,4,0,1,1.0,0.0,0,nan,nan,nan,0.0,0.0013469771349361912
1122,no_feedback,46,8,5,1,0,-1.0,0.0,1,2,0,0,0.0,0.0013469771349361912
1123,no_feedback,46,4,5,1,1,1.0,0.0,0,nan,nan,nan,0.0,0.0013469771349361912
1124,no_feedback,46,2,6,1,0,-1.0,0.0,1,1,0,0,0.0,0.0013469771349361912
1125,no_feedback,46,1,3,0,0,-1.0,0.0,1,0,1,0,0.0,0.0013469771349361912
1126,no_feedback,46,2,5,1,0,-1.0,0.0,1,0,1,0,0.0,0.0013469771349361912
1127,no_feedback,46,6,3,0,0,-1.0,0.0,1,0,1,0,0.0,0.0013469771349361912
1128,no_feedback,46,7,3,0,0,-1.0,0.0,1,0,1,0,0.0,0.0013469771349361912
1129,no_feedback,46,1,3,0,0,-1.0,0.0,1,0,1,0,0.0,0.0013469771349361912
1130,no_feedback,46,3,3,0,1,1.0,0.0,0,nan,nan,nan,0.0,0.0013469771349361912
1131,no_feedback,46,4,4,1,1,1.0,0.0,0,nan,nan,nan,0.0,0.0013469771349361912
1132,no_feedback,46,5,3,0,0,-1.0,0.0,1,2,0,0,0.0,0.0013469771349361912
1133,no_feedback,46,7,3,0,0,-1.0,0.0,1,0,1,0,0.0,0.0013469771349361912
1134,no_feedback,46,4,5,1,1,1.0,0.0,0,nan,nan,nan,0.0,0.0013469771349361912
1135,no_feedback,46,8,4,0,0,-1.0,0.0,1,1,0,0,0.0,0.0013469771349361912
1136,no_feedback,46,2,5,1,0,-1.0,0.0,1,0,1,0,0.0,0.0013469771349361912
1137,no_feedback,46,8,3,0,0,-1.0,0.0,1,0,1,0,0.0,0.0013469771349361912
1138,no_feedback,46,1,3,0,0,-1.0,0.0,1,0,1,0,0.0,0.0013469771349361912
1139,no_feedback,46,0,3,0,0,-1.0,0.0,1,0,1,0,0.0,0.0013469771349361912
1140,no_feedback,46,1,5,1,0,-1.0,0.0,1,0,1,0,0.0,0.0013469771349361912
1141,no_feedback,46,5,5,1,1,1.0,0.0,0,nan,nan,nan,0.0,0.0013469771349361912
1142,no_feedback,46,7,6,1,1,1.0,0.0,0,nan,nan,nan,0.0,0.0013469771349361912
1143,no_feedback,46,2,5,0,0,-1.0,0.0,1,2,0,0,0.0,0.0013469771349361912
1144,no_feedback,46,5,5,1,1,1.0,0.0,0,nan,nan,nan,0.0,0.0013469771349361912
1145,no_feedback,46,0,4,0,0,-1.0,0.0,1,1,0,0,0.0,0.0013469771349361912
1146,no_feedback,46,0,5,1,0,-1.0,0.0,1,0,1,0,0.0,0.0013469771349361912
1147,no_feedback,46,8,5,1,0,-1.0,0.0,1,0,1,0,0.0,0.0013469771349361912
1148,no_feedback,46,4,5,1,1,1.0,0.0,0,nan,nan,nan,0.0,0.0013469771349361912
1149,no_feedback,46,7,6,1,1,1.0,0.0,0,nan,nan,nan,0.0,0.0013469771349361912
1150,no_feedback,46,7,5,0,0,-1.0,0.0,1,2,0,0,0.0,0.0013469771349361912
1151,no_feedback,46,1,5,1,0,-1.0,0.0,1,0,1,0,0.0,0.0013469771349361912
1152,no_feedback,46,2,5,1,0,-1.0,0.0,1,0,1,0,0.0,0.0013469771349361912
1153,no_feedback,46,7,3,0,0,-1.0,0.0,1,0,1,0,0.0,0.0013469771349361912
1154,no_feedback,46,1,5,1,0,-1.0,0.0,1,0,1,0,0.0,0.0013469771349361912
1155,no_feedback,46,4,5,1,1,1.0,0.0,0,nan,nan,nan,0.0,0.0013469771349361912
1156,no_feedback,46,2,6,1,0,-1.0,0.0,1,1,0,0,0.0,0.0013469771349361912
1157,no_feedback,46,1,3,0,0,-1.0,0.0,1,0,1,0,0.0,0.0013469771349361912
1158,no_feedback,46,0,3,0,0,-1.0,0.0,1,0,1,0,0.0,0.0013469771349361912
1159,no_feedback,46,6,5,1,1,1.0,0.0,0,nan,nan,nan,0.0,0.0013469771349361912
1160,no_feedback,46,7,6,1,1,1.0,0.0,0,nan,nan,nan,0.0,0.0013469771349361912
1161,no_feedback,46,7,7,1,1,1.0,0.0,0,nan,nan,nan,0.0,0.0013469771349361912
1162,no_feedback,46,0,8,1,0,-1.0,0.0,1,3,0,1,0.0,0.0013469771349361912
1163,no_feedback,46,4,5,1,1,1.0,0.0,0,nan,nan,nan,0.0,0.0013469771349361912
1164,no_feedback,46,8,4,0,0,-1.0,0.0,1,1,0,0,0.0,0.0013469771349361912
1165,no_feedback,46,3,3,0,1,1.0,0.0,0,nan,nan,nan,0.0,0.0013469771349361912
1166,no_feedback,46,4,2,0,0,-1.0,0.0,1,1,0,0,0.0,0.0013469771349361912
1167,no_feedback,46,2,5,1,0,-1.0,0.0,1,0,1,0,0.0,0.0013469771349361912
1168,no_feedback,46,7,3,0,0,-1.0,0.0,1,0,1,0,0.0,0.0013469771349361912
1169,no_feedback,46,6,3,0,0,-1.0,0.0,1,0,1,0,0.0,0.0013469771349361912
1170,no_feedback,46,7,3,0,0,-1.0,0.0,1,0,1,0,0.0,0.0013469771349361912
1171,no_feedback,46,3,3,0,1,1.0,0.0,0,nan,nan,nan,0.0,0.0013469771349361912
1172,no_feedback,46,6,2,0,0,-1.0,0.0,1,1,0,0,0.0,0.0013469771349361912
1173,no_feedback,46,5,5,1,1,1.0,0.0,0,nan,nan,nan,0.0,0.0013469771349361912
1174,no_feedback,46,6,6,1,1,1.0,0.0,0,nan,nan,nan,0.0,0.0013469771349361912
1175,no_feedback,46,0,7,1,0,-1.0,0.0,1,2,0,0,0.0,0.0013469771349361912
1176,no_feedback,46,0,5,1,0,-1.0,0.0,1,0,1,0,0.0,0.0013469771349361912
1177,no_feedback,46,6,5,1,1,1.0,0.0,0,nan,nan,nan,0.0,0.0013469771349361912
1178,no_feedback,46,0,4,0,0,-1.0,0.0,1,1,0,0,0.0,0.0013469771349361912
1179,no_feedback,46,5,3,0,0,-1.0,0.0,1,0,1,0,0.0,0.0013469771349361912
1180,no_feedback,46,4,5,1,1,1.0,0.0,0,nan,nan,nan,0.0,0.0013469771349361912
1181,no_feedback,46,8,4,0,0,-1.0,0.0,1,1,0,0,0.0,0.0013469771349361912
1182,no_feedback,46,1,3,0,0,-1.0,0.0,1,0,1,0,0.0,0.0013469771349361912
1183,no_feedback,46,1,3,0,0,-1.0,0.0,1,0,1,0,0.0,0.0013469771349361912
1184,no_feedback,46,8,5,1,0,-1.0,0.0,1,0,1,0,0.0,0.0013469771349361912
1185,no_feedback,46,1,3,0,0,-1.0,0.0,1,0,1,0,0.0,0.0013469771349361912
1186,no_feedback,46,3,5,1,0,-1.0,0.0,1,0,1,0,0.0,0.0013469771349361912
1187,no_feedback,46,4,5,1,1,1.0,0.0,0,nan,nan,nan,0.0,0.0013469771349361912
1188,no_feedback,46,7,6,1,1,1.0,0.0,0,nan,nan,nan,0.0,0.0013469771349361912
1189,no_feedback,46,4,7,1,0,-1.0,0.0,1,2,0,0,0.0,0.0013469771349361912
1190,no_feedback,46,7,3,0,0,-1.0,0.0,1,0,1,0,0.0,0.0013469771349361912
1191,no_feedback,46,5,3,0,0,-1.0,0.0,1,0,1,0,0.0,0.0013469771349361912
1192,no_feedback,46,1,5,1,0,-1.0,0.0,1,0,1,0,0.0,0.0013469771349361912
1193,no_feedback,46,6,3,0,0,-1.0,0.0,1,0,1,0,0.0,0.0013469771349361912
1194,no_feedback,46,4,5,1,1,1.0,0.0,0,nan,nan,nan,0.0,0.0013469771349361912
1195,no_feedback,46,3,6,1,0,-1.0,0.0,1,1,0,0,0.0,0.0013469771349361912
1196,no_feedback,46,6,3,0,0,-1.0,0.0,1,0,1,0,0.0,0.0013469771349361912
1197,no_feedback,46,4,5,1,1,1.0,0.0,0,nan,nan,nan,0.0,0.0013469771349361912
1198,no_feedback,46,2,4,0,0,-1.0,0.0,1,1,0,0,0.0,0.0013469771349361912
1199,no_feedback,46,5,5,1,1,1.0,0.0,0,nan,nan,nan,0.0,0.0013469771349361912
1200,no_feedback,46,3,6,1,0,-1.0,0.0,1,1,0,0,0.0,0.0013469771349361912
1201,no_feedback,46,7,3,0,0,-1.0,0.0,1,0,1,0,0.0,0.0013469771349361912
1202,no_feedback,46,1,5,1,0,-1.0,0.0,1,0,1,0,0.0,0.0013469771349361912
1203,no_feedback,46,4,5,1,1,1.0,0.0,0,nan,nan,nan,0.0,0.0013469771349361912
1204,no_feedback,46,7,6,1,1,1.0,0.0,0,nan,nan,nan,0.0,0.0013469771349361912
1205,no_feedback,46,0,5,0,0,-1.0,0.0,1,2,0,0,0.0,0.0013469771349361912
1206,no_feedback,46,0,5,1,0,-1.0,0.0,1,0,1,0,0.0,0.0013469771349361912
1207,no_feedback,46,8,5,1,0,-1.0,0.0,1,0,1,0,0.0,0.0013469771349361912
1208,no_feedback,46,3,3,0,1,1.0,0.0,0,nan,nan,nan,0.0,0.0013469771349361912
1209,no_feedback,46,1,4,1,0,-1.0,0.0,1,1,0,0,0.0,0.0013469771349361912
1210,no_feedback,46,7,3,0,0,-1.0,0.0,1,0,1,0,0.0,0.0013469771349361912
1211,no_feedback,46,6,3,0,0,-1.0,0.0,1,0,1,0,0.0,0.0013469771349361912
1212,no_feedback,46,8,3,0,0,-1.0,0.0,1,0,1,0,0.0,0.0013469771349361912
1213,no_feedback,46,0,3,0,0,-1.0,0.0,1,0,1,0,0.0,0.0013469771349361912
1214,no_feedback,46,5,5,1,1,1.0,0.0,0,nan,nan,nan,0.0,0.0013469771349361912
1215,no_feedback,46,2,4,0,0,-1.0,0.0,1,1,0,0,0.0,0.0013469771349361912
1216,no_feedback,46,0,3,0,0,-1.0,0.0,1,0,1,0,0.0,0.0013469771349361912
1217,no_feedback,46,1,5,1,0,-1.0,0.0,1,0,1,0,0.0,0.0013469771349361912
1218,no_feedback,46,5,5,1,1,1.0,0.0,0,nan,nan,nan,0.0,0.0013469771349361912
1219,no_feedback,46,1,4,0,0,-1.0,0.0,1,1,0,0,0.0,0.0013469771349361912
1220,no_feedback,46,7,3,0,0,-1.0,0.0,1,0,1,0,0.0,0.0013469771349361912
1221,no_feedback,46,1,5,1,0,-1.0,0.0,1,0,1,0,0.0,0.0013469771349361912
1222,no_feedback,46,6,3,0,0,-1.0,0.0,1,0,1,0,0.0,0.0013469771349361912
1223,no_feedback,46,7,3,0,0,-1.0,0.0,1,0,1,0,0.0,0.0013469771349361912
1224,no_feedback,46,5,5,1,1,1.0,0.0,0,nan,nan,nan,0.0,0.0013469771349361912
1225,no_feedback,46,4,6,1,0,-1.0,0.0,1,1,0,0,0.0,0.0013469771349361912
1226,no_feedback,46,8,3,0,0,-1.0,0.0,1,0,1,0,0.0,0.0013469771349361912
1227,no_feedback,46,8,3,0,0,-1.0,0.0,1,0,1,0,0.0,0.0013469771349361912
1228,no_feedback,46,4,5,1,1,1.0,0.0,0,nan,nan,nan,0.0,0.0013469771349361912
1229,no_feedback,46,6,4,0,0,-1.0,0.0,1,1,0,0,0.0,0.0013469771349361912
1230,no_feedback,46,7,3,0,0,-1.0,0.0,1,0,1,0,0.0,0.0013469771349361912
1231,no_feedback,46,0,3,0,0,-1.0,0.0,1,0,1,0,0.0,0.0013469771349361912
1232,no_feedback,46,2,5,1,0,-1.0,0.0,1,0,1,0,0.0,0.0013469771349361912
1233,no_feedback,46,6,3,0,0,-1.0,0.0,1,0,1,0,0.0,0.0013469771349361912
1234,no_feedback,46,3,5,1,0,-1.0,0.0,1,0,1,0,0.0,0.0013469771349361912
1235,no_feedback,46,6,5,1,1,1.0,0.0,0,nan,nan,nan,0.0,0.0013469771349361912
1236,no_feedback,46,2,4,0,0,-1.0,0.0,1,1,0,0,0.0,0.0013469771349361912
1237,no_feedback,46,5,3,0,0,-1.0,0.0,1,0,1,0,0.0,0.0013469771349361912
1238,no_feedback,46,1,5,1,0,-1.0,0.0,1,0,1,0,0.0,0.0013469771349361912
1239,no_feedback,46,7,3,0,0,-1.0,0.0,1,0,1,0,0.0,0.0013469771349361912
1240,no_feedback,46,2,5,1,0,-1.0,0.0,1,0,1,0,0.0,0.0013469771349361912
1241,no_feedback,46,3,3,0,1,1.0,0.0,0,nan,nan,nan,0.0,0.0013469771349361912
1242,no_feedback,46,8,2,0,0,-1.0,0.0,1,1,0,0,0.0,0.0013469771349361912
1243,no_feedback,46,2,5,1,0,-1.0,0.0,1,0,1,0,0.0,0.0013469771349361912
1244,no_feedback,46,8,3,0,0,-1.0,0.0,1,0,1,0,0.0,0.0013469771349361912
1245,no_feedback,46,4,5,1,1,1.0,0.0,0,nan,nan,nan,0.0,0.0013469771349361912
1246,no_feedback,46,6,4,0,0,-1.0,0.0,1,1,0,0,0.0,0.0013469771349361912
1247,no_feedback,46,5,3,0,0,-1.0,0.0,1,0,1,0,0.0,0.0013469771349361912
1248,no_feedback,46,8,5,1,0,-1.0,0.0,1,0,1,0,0.0,0.0013469771349361912
1249,no_feedback,46,1,3,0,0,-1.0,0.0,1,0,1,0,0.0,0.0013469771349361912
1250,no_feedback,46,6,3,0,0,-1.0,0.0,1,0,1,0,0.0,0.0013469771349361912
1251,no_feedback,46,0,3,0,0,-1.0,0.0,1,0,1,0,0.0,0.0013469771349361912
1252,no_feedback,46,8,5,1,0,-1.0,0.0,1,0,1,0,0.0,0.0013469771349361912
1253,no_feedback,46,1,5,1,0,-1.0,0.0,1,0,1,0,0.0,0.0013469771349361912
1254,no_feedback,46,1,3,0,0,-1.0,0.0,1,0,1,0,0.0,0.0013469771349361912
1255,no_feedback,46,1,5,1,0,-1.0,0.0,1,0,1,0,0.0,0.0013469771349361912
1256,no_feedback,46,8,3,0,0,-1.0,0.0,1,0,1,0,0.0,0.0013469771349361912
1257,no_feedback,46,3,3,0,1,1.0,0.0,0,nan,nan,nan,0.0,0.0013469771349361912
1258,no_feedback,46,2,2,0,1,1.0,0.0,0,nan,nan,nan,0.0,0.0013469771349361912
1259,no_feedback,46,1,1,0,1,1.0,0.0,0,nan,nan,nan,0.0,0.0013469771349361912
1260,no_feedback,46,7,2,1,0,-1.0,0.0,1,3,0,1,0.0,0.0013469771349361912
1261,no_feedback,46,3,5,1,0,-1.0,0.0,1,0,1,0,0.0,0.0013469771349361912
1262,no_feedback,46,5,5,1,1,1.0,0.0,0,nan,nan,nan,0.0,0.0013469771349361912
1263,no_feedback,46,3,6,1,0,-1.0,0.0,1,1,0,0,0.0,0.0013469771349361912
1264,no_feedback,46,2,5,1,0,-1.0,0.0,1,0,1,0,0.0,0.0013469771349361912
1265,no_feedback,46,3,3,0,1,1.0,0.0,0,nan,nan,nan,0.0,0.0013469771349361912
1266,no_feedback,46,5,2,0,0,-1.0,0.0,1,1,0,0,0.0,0.0013469771349361912
1267,no_feedback,46,5,5,1,1,1.0,0.0,0,nan,nan,nan,0.0,0.0013469771349361912
1268,no_feedback,46,7,6,1,1,1.0,0.0,0,nan,nan,nan,0.0,0.0013469771349361912
1269,no_feedback,46,7,7,1,1,1.0,0.0,0,nan,nan,nan,0.0,0.0013469771349361912
1270,no_feedback,46,6,8,1,0,-1.0,0.0,1,3,0,1,0.0,0.0013469771349361912
1271,no_feedback,46,0,5,1,0,-1.0,0.0,1,0,1,0,0.0,0.0013469771349361912
1272,no_feedback,46,6,3,0,0,-1.0,0.0,1,0,1,0,0.0,0.0013469771349361912
1273,no_feedback,46,4,5,1,1,1.0,0.0,0,nan,nan,nan,0.0,0.0013469771349361912
1274,no_feedback,46,3,6,1,0,-1.0,0.0,1,1,0,0,0.0,0.0013469771349361912
1275,no_feedback,46,8,3,0,0,-1.0,0.0,1,0,1,0,0.0,0.0013469771349361912
1276,no_feedback,46,6,5,1,1,1.0,0.0,0,nan,nan,nan,0.0,0.0013469771349361912
1277,no_feedback,46,7,6,1,1,1.0,0.0,0,nan,nan,nan,0.0,0.0013469771349361912
1278,no_feedback,46,5,7,1,0,-1.0,0.0,1,2,0,0,0.0,0.0013469771349361912
1279,no_feedback,46,8,5,1,0,-1.0,0.0,1,0,1,0,0.0,0.0013469771349361912
1280,no_feedback,46,7,3,0,0,-1.0,0.0,1,0,1,0,0.0,0.0013469771349361912
1281,no_feedback,46,7,3,0,0,-1.0,0.0,1,0,1,0,0.0,0.0013469771349361912
1282,no_feedback,46,3,5,1,0,-1.0,0.0,1,0,1,0,0.0,0.0013469771349361912
1283,no_feedback,46,8,5,1,0,-1.0,0.0,1,0,1,0,0.0,0.0013469771349361912
1284,no_feedback,46,1,5,1,0,-1.0,0.0,1,0,1,0,0.0,0.0013469771349361912
1285,no_feedback,46,0,5,1,0,-1.0,0.0,1,0,1,0,0.0,0.0013469771349361912
1286,no_feedback,46,6,3,0,0,-1.0,0.0,1,0,1,0,0.0,0.0013469771349361912
1287,no_feedback,46,2,5,1,0,-1.0,0.0,1,0,1,0,0.0,0.0013469771349361912
1288,no_feedback,46,6,5,1,1,1.0,0.0,0,nan,nan,nan,0.0,0.0013469771349361912
1289,no_feedback,46,1,6,1,0,-1.0,0.0,1,1,0,0,0.0,0.0013469771349361912
1290,no_feedback,46,5,3,0,0,-1.0,0.0,1,0,1,0,0.0,0.0013469771349361912
1291,no_feedback,46,7,3,0,0,-1.0,0.0,1,0,1,0,0.0,0.0013469771349361912
1292,no_feedback,46,2,5,1,0,-1.0,0.0,1,0,1,0,0.0,0.0013469771349361912
1293,no_feedback,46,6,5,1,1,1.0,0.0,0,nan,nan,nan,0.0,0.0013469771349361912
1294,no_feedback,46,7,6,1,1,1.0,0.0,0,nan,nan,nan,0.0,0.0013469771349361912
1295,no_feedback,46,7,5,0,0,-1.0,0.0,1,2,0,0,0.0,0.0013469771349361912
1296,no_feedback,46,4,5,1,1,1.0,0.0,0,nan,nan,nan,0.0,0.0013469771349361912
1297,no_feedback,46,5,6,1,1,1.0,0.0,0,nan,nan,nan,0.0,0.0013469771349361912
1298,no_feedback,46,1,7,1,0,-1.0,0.0,1,2,0,0,0.0,0.0013469771349361912
1299,no_feedback,46,7,3,0,0,-1.0,0.0,1,0,1,0,0.0,0.0013469771349361912
1300,no_feedback,46,0,5,1,0,-1.0,0.0,1,0,1,0,0.0,0.0013469771349361912
1301,no_feedback,46,1,3,0,0,-1.0,0.0,1,0,1,0,0.0,0.0013469771349361912
1302,no_feedback,46,4,5,1,1,1.0,0.0,0,nan,nan,nan,0.0,0.0013469771349361912
1303,no_feedback,46,5,6,1,1,1.0,0.0,0,nan,nan,nan,0.0,0.0013469771349361912
1304,no_feedback,46,7,5,0,0,-1.0,0.0,1,2,0,0,0.0,0.0013469771349361912
1305,no_feedback,46,0,3,0,0,-1.0,0.0,1,0,1,0,0.0,0.0013469771349361912
1306,no_feedback,46,4,5,1,1,1.0,0.0,0,nan,nan,nan,0.0,0.0013469771349361912
1307,no_feedback,46,5,6,1,1,1.0,0.0,0,nan,nan,nan,0.0,0.0013469771349361912
1308,no_feedback,46,7,5,0,0,-1.0,0.0,1,2,0,0,0.0,0.0013469771349361912
1309,no_feedback,46,0,3,0,0,-1.0,0.0,1,0,1,0,0.0,0.0013469771349361912
1310,no_feedback,46,2,5,1,0,-1.0,0.0,1,0,1,0,0.0,0.0013469771349361912
1311,no_feedback,46,2,5,1,0,-1.0,0.0,1,0,1,0,0.0,0.0013469771349361912
1312,no_feedback,46,6,5,1,1,1.0,0.0,0,nan,nan,nan,0.0,0.0013469771349361912
1313,no_feedback,46,2,4,0,0,-1.0,0.0,1,1,0,0,0.0,0.0013469771349361912
1314,no_feedback,46,4,3,0,1,1.0,0.0,0,nan,nan,nan,0.0,0.0013469771349361912
1315,no_feedback,46,0,2,0,0,-1.0,0.0,1,1,0,0,0.0,0.0013469771349361912
1316,no_feedback,46,4,5,1,1,1.0,0.0,0,nan,nan,nan,0.0,0.0013469771349361912
1317,no_feedback,46,1,4,0,0,-1.0,0.0,1,1,0,0,0.0,0.0013469771349361912
1318,no_feedback,46,0,3,0,0,-1.0,0.0,1,0,1,0,0.0,0.0013469771349361912
1319,no_feedback,46,8,5,1,0,-1.0,0.0,1,0,1,0,0.0,0.0013469771349361912
1320,no_feedback,46,4,5,1,1,1.0,0.0,0,nan,nan,nan,0.0,0.0013469771349361912
1321,no_feedback,46,7,6,1,1,1.0,0.0,0,nan,nan,nan,0.0,0.0013469771349361912
1322,no_feedback,46,7,7,1,1,1.0,0.0,0,nan,nan,nan,0.0,0.0013469771349361912
1323,no_feedback,46,1,8,1,0,-1.0,0.0,1,3,0,1,0.0,0.0013469771349361912
1324,no_feedback,46,2,5,1,0,-1.0,0.0,1,0,1,0,0.0,0.0013469771349361912
1325,no_feedback,46,2,5,1,0,-1.0,0.0,1,0,1,0,0.0,0.0013469771349361912
1326,no_feedback,46,4,5,1,1,1.0,0.0,0,nan,nan,nan,0.0,0.0013469771349361912
1327,no_feedback,46,4,6,1,0,-1.0,0.0,1,1,0,0,0.0,0.0013469771349361912
1328,no_feedback,46,0,3,0,0,-1.0,0.0,1,0,1,0,0.0,0.0013469771349361912
1329,no_feedback,46,6,3,0,0,-1.0,0.0,1,0,1,0,0.0,0.0013469771349361912
1330,no_feedback,46,8,3,0,0,-1.0,0.0,1,0,1,0,0.0,0.0013469771349361912
1331,no_feedback,46,8,3,0,0,-1.0,0.0,1,0,1,0,0.0,0.0013469771349361912
1332,no_feedback,46,2,5,1,0,-1.0,0.0,1,0,1,0,0.0,0.0013469771349361912
1333,no_feedback,46,2,5,1,0,-1.0,0.0,1,0,1,0,0.0,0.0013469771349361912
1334,no_feedback,46,1,5,1,0,-1.0,0.0,1,0,1,0,0.0,0.0013469771349361912
1335,no_feedback,46,6,5,1,1,1.0,0.0,0,nan,nan,nan,0.0,0.0013469771349361912
1336,no_feedback,46,5,6,1,1,1.0,0.0,0,nan,nan,nan,0.0,0.0013469771349361912
1337,no_feedback,46,5,5,0,1,1.0,0.0,0,nan,nan,nan,0.0,0.0013469771349361912
1338,no_feedback,46,5,6,1,1,1.0,0.0,0,nan,nan,nan,0.0,0.0013469771349361912
1339,no_feedback,46,1,5,0,0,-1.0,0.0,1,4,0,1,0.0,0.0013469771349361912
1340,no_feedback,46,1,5,1,0,-1.0,0.0,1,0,1,0,0.0,0.0013469771349361912
1341,no_feedback,46,6,5,1,1,1.0,0.0,0,nan,nan,nan,0.0,0.0013469771349361912
1342,no_feedback,46,4,6,1,0,-1.0,0.0,1,1,0,0,0.0,0.0013469771349361912
1343,no_feedback,46,6,5,1,1,1.0,0.0,0,nan,nan,nan,0.0,0.0013469771349361912
1344,no_feedback,46,7,6,1,1,1.0,0.0,0,nan,nan,nan,0.0,0.0013469771349361912
1345,no_feedback,46,7,5,0,0,-1.0,0.0,1,2,0,0,0.0,0.0013469771349361912
1346,no_feedback,46,3,5,1,0,-1.0,0.0,1,0,1,0,0.0,0.0013469771349361912
1347,no_feedback,46,2,5,1,0,-1.0,0.0,1,0,1,0,0.0,0.0013469771349361912
1348,no_feedback,46,7,3,0,0,-1.0,0.0,1,0,1,0,0.0,0.0013469771349361912
1349,no_feedback,46,8,5,1,0,-1.0,0.0,1,0,1,0,0.0,0.0013469771349361912
1350,no_feedback,46,6,3,0,0,-1.0,0.0,1,0,1,0,0.0,0.0013469771349361912
1351,no_feedback,46,6,3,0,0,-1.0,0.0,1,0,1,0,0.0,0.0013469771349361912
1352,no_feedback,46,1,3,0,0,-1.0,0.0,1,0,1,0,0.0,0.0013469771349361912
1353,no_feedback,46,1,5,1,0,-1.0,0.0,1,0,1,0,0.0,0.0013469771349361912
1354,no_feedback,46,2,3,0,1,1.0,0.0,0,nan,nan,nan,0.0,0.0013469771349361912
1355,no_feedback,46,0,2,0,0,-1.0,0.0,1,1,0,0,0.0,0.0013469771349361912
1356,no_feedback,46,6,5,1,1,1.0,0.0,0,nan,nan,nan,0.0,0.0013469771349361912
1357,no_feedback,46,5,6,1,1,1.0,0.0,0,nan,nan,nan,0.0,0.0013469771349361912
1358,no_feedback,46,5,7,1,0,-1.0,0.0,1,2,0,0,0.0,0.0013469771349361912
1359,no_feedback,46,8,3,0,0,-1.0,0.0,1,0,1,0,0.0,0.0013469771349361912
1360,no_feedback,46,1,3,0,0,-1.0,0.0,1,0,1,0,0.0,0.0013469771349361912
1361,no_feedback,46,6,3,0,0,-1.0,0.0,1,0,1,0,0.0,0.0013469771349361912
1362,no_feedback,46,5,5,1,1,1.0,0.0,0,nan,nan,nan,0.0,0.0013469771349361912
1363,no_feedback,46,3,6,1,0,-1.0,0.0,1,1,0,0,0.0,0.0013469771349361912
1364,no_feedback,46,1,5,1,0,-1.0,0.0,1,0,1,0,0.0,0.0013469771349361912
1365,no_feedback,46,1,3,0,0,-1.0,0.0,1,0,1,0,0.0,0.0013469771349361912
1366,no_feedback,46,5,3,0,0,-1.0,0.0,1,0,1,0,0.0,0.0013469771349361912
1367,no_feedback,46,1,5,1,0,-1.0,0.0,1,0,1,0,0.0,0.0013469771349361912
1368,no_feedback,46,0,3,0,0,-1.0,0.0,1,0,1,0,0.0,0.0013469771349361912
1369,no_feedback,46,0,5,1,0,-1.0,0.0,1,0,1,0,0.0,0.0013469771349361912
1370,no_feedback,46,7,3,0,0,-1.0,0.0,1,0,1,0,0.0,0.0013469771349361912
1371,no_feedback,46,4,5,1,1,1.0,0.0,0,nan,nan,nan,0.0,0.0013469771349361912
1372,no_feedback,46,0,6,1,0,-1.0,0.0,1,1,0,0,0.0,0.0013469771349361912
1373,no_feedback,46,5,5,1,1,1.0,0.0,0,nan,nan,nan,0.0,0.0013469771349361912
1374,no_feedback,46,6,6,1,1,1.0,0.0,0,nan,nan,nan,0.0,0.0013469771349361912
1375,no_feedback,46,8,5,0,0,-1.0,0.0,1,2,0,0,0.0,0.0013469771349361912
1376,no_feedback,46,1,3,0,0,-1.0,0.0,1,0,1,0,0.0,0.0013469771349361912
1377,no_feedback,46,2,5,1,0,-1.0,0.0,1,0,1,0,0.0,0.0013469771349361912
1378,no_feedback,46,4,5,1,1,1.0,0.0,0,nan,nan,nan,0.0,0.0013469771349361912
1379,no_feedback,46,0,4,0,0,-1.0,0.0,1,1,0,0,0.0,0.0013469771349361912
1380,no_feedback,46,2,5,1,0,-1.0,0.0,1,0,1,0,0.0,0.0013469771349361912
1381,no_feedback,46,5,3,0,0,-1.0,0.0,1,0,1,0,0.0,0.0013469771349361912
1382,no_feedback,46,3,5,1,0,-1.0,0.0,1,0,1,0,0.0,0.0013469771349361912
1383,no_feedback,46,0,5,1,0,-1.0,0.0,1,0,1,0,0.0,0.0013469771349361912
1384,no_feedback,46,7,3,0,0,-1.0,0.0,1,0,1,0,0.0,0.0013469771349361912
1385,no_feedback,46,0,3,0,0,-1.0,0.0,1,0,1,0,0.0,0.0013469771349361912
1386,no_feedback,46,4,5,1,1,1.0,0.0,0,nan,nan,nan,0.0,0.0013469771349361912
1387,no_feedback,46,6,4,0,0,-1.0,0.0,1,1,0,0,0.0,0.0013469771349361912
1388,no_feedback,46,2,5,1,0,-1.0,0.0,1,0,1,0,0.0,0.0013469771349361912
1389,no_feedback,46,0,3,0,0,-1.0,0.0,1,0,1,0,0.0,0.0013469771349361912
1390,no_feedback,46,5,3,0,0,-1.0,0.0,1,0,1,0,0.0,0.0013469771349361912
1391,no_feedback,46,5,5,1,1,1.0,0.0,0,nan,nan,nan,0.0,0.0013469771349361912
1392,no_feedback,46,6,6,1,1,1.0,0.0,0,nan,nan,nan,0.0,0.0013469771349361912
1393,no_feedback,46,5,7,1,0,-1.0,0.0,1,2,0,0,0.0,0.0013469771349361912
1394,no_feedback,46,1,5,1,0,-1.0,0.0,1,0,1,0,0.0,0.0013469771349361912
1395,no_feedback,46,8,5,1,0,-1.0,0.0,1,0,1,0,0.0,0.0013469771349361912
1396,no_feedback,46,7,3,0,0,-1.0,0.0,1,0,1,0,0.0,0.0013469771349361912
1397,no_feedback,46,4,5,1,1,1.0,0.0,0,nan,nan,nan,0.0,0.0013469771349361912
1398,no_feedback,46,7,4,0,0,-1.0,0.0,1,1,0,0,0.0,0.0013469771349361912
1399,no_feedback,46,7,3,0,0,-1.0,0.0,1,0,1,0,0.0,0.0013469771349361912
1400,no_feedback,46,0,3,0,0,-1.0,0.0,1,0,1,0,0.0,0.0013469771349361912
1401,no_feedback,46,0,3,0,0,-1.0,0.0,1,0,1,0,0.0,0.0013469771349361912
1402,no_feedback,46,4,5,1,1,1.0,0.0,0,nan,nan,nan,0.0,0.0013469771349361912
1403,no_feedback,46,4,6,1,0,-1.0,0.0,1,1,0,0,0.0,0.0013469771349361912
1404,no_feedback,46,8,5,1,0,-1.0,0.0,1,0,1,0,0.0,0.0013469771349361912
1405,no_feedback,46,1,5,1,0,-1.0,0.0,1,0,1,0,0.0,0.0013469771349361912
1406,no_feedback,46,6,5,1,1,1.0,0.0,0,nan,nan,nan,0.0,0.0013469771349361912
1407,no_feedback,46,4,6,1,0,-1.0,0.0,1,1,0,0,0.0,0.0013469771349361912
1408,no_feedback,46,2,5,1,0,-1.0,0.0,1,0,1,0,0.0,0.0013469771349361912
1409,no_feedback,46,5,5,1,1,1.0,0.0,0,nan,nan,nan,0.0,0.0013469771349361912
1410,no_feedback,46,7,4,0,0,-1.0,0.0,1,1,0,0,0.0,0.0013469771349361912
1411,no_feedback,46,4,5,1,1,1.0,0.0,0,nan,nan,nan,0.0,0.0013469771349361912
1412,no_feedback,46,8,4,0,0,-1.0,0.0,1,1,0,0,0.0,0.0013469771349361912
1413,no_feedback,46,4,5,1,1,1.0,0.0,0,nan,nan,nan,0.0,0.0013469771349361912
1414,no_feedback,46,0,4,0,0,-1.0,0.0,1,1,0,0,0.0,0.0013469771349361912
1415,no_feedback,46,4,5,1,1,1.0,0.0,0,nan,nan,nan,0.0,0.0013469771349361912
1416,no_feedback,46,8,4,0,0,-1.0,0.0,1,1,0,0,0.0,0.0013469771349361912
1417,no_feedback,46,8,5,1,0,-1.0,0.0,1,0,1,0,0.0,0.0013469771349361912
1418,no_feedback,46,8,3,0,0,-1.0,0.0,1,0,1,0,0.0,0.0013469771349361912
1419,no_feedback,46,0,5,1,0,-1.0,0.0,1,0,1,0,0.0,0.0013469771349361912
1420,no_feedback,46,3,3,0,1,1.0,0.0,0,nan,nan,nan,0.0,0.0013469771349361912
1421,no_feedback,46,3,4,1,1,1.0,0.0,0,nan,nan,nan,0.0,0.0013469771349361912
1422,no_feedback,46,3,3,0,1,1.0,0.0,0,nan,nan,nan,0.0,0.0013469771349361912
1423,no_feedback,46,0,4,1,0,-1.0,0.0,1,3,0,1,0.0,0.0013469771349361912
1424,no_feedback,46,3,5,1,0,-1.0,0.0,1,0,1,0,0.0,0.0013469771349361912
1425,no_feedback,46,7,3,0,0,-1.0,0.0,1,0,1,0,0.0,0.0013469771349361912
1426,no_feedback,46,1,5,1,0,-1.0,0.0,1,0,1,0,0.0,0.0013469771349361912
1427,no_feedback,46,1,3,0,0,-1.0,0.0,1,0,1,0,0.0,0.0013469771349361912
1428,no_feedback,46,1,3,0,0,-1.0,0.0,1,0,1,0,0.0,0.0013469771349361912
1429,no_feedback,46,4,5,1,1,1.0,0.0,0,nan,nan,nan,0.0,0.0013469771349361912
1430,no_feedback,46,3,6,1,0,-1.0,0.0,1,1,0,0,0.0,0.0013469771349361912
1431,no_feedback,46,5,5,1,1,1.0,0.0,0,nan,nan,nan,0.0,0.0013469771349361912
1432,no_feedback,46,3,6,1,0,-1.0,0.0,1,1,0,0,0.0,0.0013469771349361912
1433,no_feedback,46,4,5,1,1,1.0,0.0,0,nan,nan,nan,0.0,0.0013469771349361912
1434,no_feedback,46,5,6,1,1,1.0,0.0,0,nan,nan,nan,0.0,0.0013469771349361912
1435,no_feedback,46,1,5,0,0,-1.0,0.0,1,2,0,0,0.0,0.0013469771349361912
1436,no_feedback,46,6,3,0,0,-1.0,0.0,1,0,1,0,0.0,0.0013469771349361912
1437,no_feedback,46,3,3,0,1,1.0,0.0,0,nan,nan,nan,0.0,0.0013469771349361912
1438,no_feedback,46,7,2,0,0,-1.0,0.0,1,1,0,0,0.0,0.0013469771349361912
1439,no_feedback,46,3,3,0,1,1.0,0.0,0,nan,nan,nan,0.0,0.0013469771349361912
1440,no_feedback,46,5,2,0,0,-1.0,0.0,1,1,0,0,0.0,0.0013469771349361912
1441,no_feedback,46,7,3,0,0,-1.0,0.0,1,0,1,0,0.0,0.0013469771349361912
1442,no_feedback,46,6,5,1,1,1.0,0.0,0,nan,nan,nan,0.0,0.0013469771349361912
1443,no_feedback,46,2,4,0,0,-1.0,0.0,1,1,0,0,0.0,0.0013469771349361912
1444,no_feedback,46,1,3,0,0,-1.0,0.0,1,0,1,0,0.0,0.0013469771349361912
1445,no_feedback,46,8,5,1,0,-1.0,0.0,1,0,1,0,0.0,0.0013469771349361912
1446,no_feedback,46,0,3,0,0,-1.0,0.0,1,0,1,0,0.0,0.0013469771349361912
1447,no_feedback,46,2,5,1,0,-1.0,0.0,1,0,1,0,0.0,0.0013469771349361912
1448,no_feedback,46,6,5,1,1,1.0,0.0,0,nan,nan,nan,0.0,0.0013469771349361912
1449,no_feedback,46,3,6,1,0,-1.0,0.0,1,1,0,0,0.0,0.0013469771349361912
1450,no_feedback,46,4,5,1,1,1.0,0.0,0,nan,nan,nan,0.0,0.0013469771349361912
1451,no_feedback,46,0,6,1,0,-1.0,0.0,1,1,0,0,0.0,0.0013469771349361912
1452,no_feedback,46,5,3,0,0,-1.0,0.0,1,0,1,0,0.0,0.0013469771349361912
1453,no_feedback,46,5,3,0,0,-1.0,0.0,1,0,1,0,0.0,0.0013469771349361912
1454,no_feedback,46,0,5,1,0,-1.0,0.0,1,0,1,0,0.0,0.0013469771349361912
1455,no_feedback,46,0,3,0,0,-1.0,0.0,1,0,1,0,0.0,0.0013469771349361912
1456,no_feedback,46,3,3,0,1,1.0,0.0,0,nan,nan,nan,0.0,0.0013469771349361912
1457,no_feedback,46,5,2,0,0,-1.0,0.0,1,1,0,0,0.0,0.0013469771349361912
1458,no_feedback,46,3,3,0,1,1.0,0.0,0,nan,nan,nan,0.0,0.0013469771349361912
1459,no_feedback,46,1,4,1,0,-1.0,0.0,1,1,0,0,0.0,0.0013469771349361912
1460,no_feedback,46,6,3,0,0,-1.0,0.0,1,0,1,0,0.0,0.0013469771349361912
1461,no_feedback,46,4,5,1,1,1.0,0.0,0,nan,nan,nan,0.0,0.0013469771349361912
1462,no_feedback,46,7,6,1,1,1.0,0.0,0,nan,nan,nan,0.0,0.0013469771349361912
1463,no_feedback,46,4,7,1,0,-1.0,0.0,1,2,0,0,0.0,0.0013469771349361912
1464,no_feedback,46,4,5,1,1,1.0,0.0,0,nan,nan,nan,0.0,0.0013469771349361912
1465,no_feedback,46,1,4,0,0,-1.0,0.0,1,1,0,0,0.0,0.0013469771349361912
1466,no_feedback,46,7,3,0,0,-1.0,0.0,1,0,1,0,0.0,0.0013469771349361912
1467,no_feedback,46,7,3,0,0,-1.0,0.0,1,0,1,0,0.0,0.0013469771349361912
1468,no_feedback,46,3,5,1,0,-1.0,0.0,1,0,1,0,0.0,0.0013469771349361912
1469,no_feedback,46,6,5,1,1,1.0,0.0,0,nan,nan,nan,0.0,0.0013469771349361912
1470,no_feedback,46,5,6,1,1,1.0,0.0,0,nan,nan,nan,0.0,0.0013469771349361912
1471,no_feedback,46,6,7,1,1,1.0,0.0,0,nan,nan,nan,0.0,0.0013469771349361912
1472,no_feedback,46,4,6,0,0,-1.0,0.0,1,3,0,1,0.0,0.0013469771349361912
1473,no_feedback,46,2,5,1,0,-1.0,0.0,1,0,1,0,0.0,0.0013469771349361912
1474,no_feedback,46,4,5,1,1,1.0,0.0,0,nan,nan,nan,0.0,0.0013469771349361912
1475,no_feedback,46,7,6,1,1,1.0,0.0,0,nan,nan,nan,0.0,0.0013469771349361912
1476,no_feedback,46,1,5,0,0,-1.0,0.0,1,2,0,0,0.0,0.0013469771349361912
1477,no_feedback,46,2,5,1,0,-1.0,0.0,1,0,1,0,0.0,0.0013469771349361912
1478,no_feedback,46,8,3,0,0,-1.0,0.0,1,0,1,0,0.0,0.0013469771349361912
1479,no_feedback,46,1,5,1,0,-1.0,0.0,1,0,1,0,0.0,0.0013469771349361912
1480,no_feedback,46,1,3,0,0,-1.0,0.0,1,0,1,0,0.0,0.0013469771349361912
1481,no_feedback,46,4,5,1,1,1.0,0.0,0,nan,nan,nan,0.0,0.0013469771349361912
1482,no_feedback,46,8,4,0,0,-1.0,0.0,1,1,0,0,0.0,0.0013469771349361912
1483,no_feedback,46,0,5,1,0,-1.0,0.0,1,0,1,0,0.0,0.0013469771349361912
1484,no_feedback,46,5,3,0,0,-1.0,0.0,1,0,1,0,0.0,0.0013469771349361912
1485,no_feedback,46,1,3,0,0,-1.0,0.0,1,0,1,0,0.0,0.0013469771349361912
1486,no_feedback,46,1,5,1,0,-1.0,0.0,1,0,1,0,0.0,0.0013469771349361912
1487,no_feedback,46,7,3,0,0,-1.0,0.0,1,0,1,0,0.0,0.0013469771349361912
1488,no_feedback,46,8,5,1,0,-1.0,0.0,1,0,1,0,0.0,0.0013469771349361912
1489,no_feedback,46,4,5,1,1,1.0,0.0,0,nan,nan,nan,0.0,0.0013469771349361912
1490,no_feedback,46,4,6,1,0,-1.0,0.0,1,1,0,0,0.0,0.0013469771349361912
1491,no_feedback,46,7,3,0,0,-1.0,0.0,1,0,1,0,0.0,0.0013469771349361912
1492,no_feedback,46,1,3,0,0,-1.0,0.0,1,0,1,0,0.0,0.0013469771349361912
1493,no_feedback,46,4,5,1,1,1.0,0.0,0,nan,nan,nan,0.0,0.0013469771349361912
1494,no_feedback,46,3,4,0,1,1.0,0.0,0,nan,nan,nan,0.0,0.0013469771349361912
1495,no_feedback,46,7,3,0,0,-1.0,0.0,1,2,0,0,0.0,0.0013469771349361912
1496,no_feedback,46,1,5,1,0,-1.0,0.0,1,0,1,0,0.0,0.0013469771349361912
1497,no_feedback,46,5,3,0,0,-1.0,0.0,1,0,1,0,0.0,0.0013469771349361912
1498,no_feedback,46,6,5,1,1,1.0,0.0,0,nan,nan,nan,0.0,0.0013469771349361912
1499,no_feedback,46,4,6,1,0,-1.0,0.0,1,1,0,0,0.0,0.0013469771349361912
1500,no_feedback,46,8,5,1,0,-1.0,0.0,1,0,1,0,0.0,0.0013469771349361912
1501,no_feedback,46,5,3,0,0,-1.0,0.0,1,0,1,0,0.0,0.0013469771349361912
1502,no_feedback,46,4,3,0,1,1.0,0.0,0,nan,nan,nan,0.0,0.0013469771349361912
1503,no_feedback,46,4,4,1,1,1.0,0.0,0,nan,nan,nan,0.0,0.0013469771349361912
1504,no_feedback,46,0,3,0,0,-1.0,0.0,1,2,0,0,0.0,0.0013469771349361912
1505,no_feedback,46,8,5,1,0,-1.0,0.0,1,0,1,0,0.0,0.0013469771349361912
1506,no_feedback,46,7,3,0,0,-1.0,0.0,1,0,1,0,0.0,0.0013469771349361912
1507,no_feedback,46,5,3,0,0,-1.0,0.0,1,0,1,0,0.0,0.0013469771349361912
1508,no_feedback,46,8,3,0,0,-1.0,0.0,1,0,1,0,0.0,0.0013469771349361912
1509,no_feedback,46,7,3,0,0,-1.0,0.0,1,0,1,0,0.0,0.0013469771349361912
1510,no_feedback,46,1,3,0,0,-1.0,0.0,1,0,1,0,0.0,0.0013469771349361912
1511,no_feedback,46,4,5,1,1,1.0,0.0,0,nan,nan,nan,0.0,0.0013469771349361912
1512,no_feedback,46,8,4,0,0,-1.0,0.0,1,1,0,0,0.0,0.0013469771349361912
1513,no_feedback,46,0,3,0,0,-1.0,0.0,1,0,1,0,0.0,0.0013469771349361912
1514,no_feedback,46,5,3,0,0,-1.0,0.0,1,0,1,0,0.0,0.0013469771349361912
1515,no_feedback,46,4,5,1,1,1.0,0.0,0,nan,nan,nan,0.0,0.0013469771349361912
1516,no_feedback,46,6,4,0,0,-1.0,0.0,1,1,0,0,0.0,0.0013469771349361912
1517,no_feedback,46,3,3,0,1,1.0,0.0,0,nan,nan,nan,0.0,0.0013469771349361912
1518,no_feedback,46,0,2,0,0,-1.0,0.0,1,1,0,0,0.0,0.0013469771349361912
1519,no_feedback,46,5,3,0,0,-1.0,0.0,1,0,1,0,0.0,0.0013469771349361912
1520,no_feedback,46,1,3,0,0,-1.0,0.0,1,0,1,0,0.0,0.0013469771349361912
1521,no_feedback,46,0,3,0,0,-1.0,0.0,1,0,1,0,0.0,0.0013469771349361912
1522,no_feedback,46,3,3,0,1,1.0,0.0,0,nan,nan,nan,0.0,0.0013469771349361912
1523,no_feedback,46,4,4,1,1,1.0,0.0,0,nan,nan,nan,0.0,0.0013469771349361912
1524,no_feedback,46,6,3,0,0,-1.0,0.0,1,2,0,0,0.0,0.0013469771349361912
1525,no_feedback,46,7,3,0,0,-1.0,0.0,1,0,1,0,0.0,0.0013469771349361912
1526,no_feedback,46,3,5,1,0,-1.0,0.0,1,0,1,0,0.0,0.0013469771349361912
1527,no_feedback,46,4,5,1,1,1.0,0.0,0,nan,nan,nan,0.0,0.0013469771349361912
1528,no_feedback,46,8,4,0,0,-1.0,0.0,1,1,0,0,0.0,0.0013469771349361912
1529,no_feedback,46,0,3,0,0,-1.0,0.0,1,0,1,0,0.0,0.0013469771349361912
1530,no_feedback,46,0,5,1,0,-1.0,0.0,1,0,1,0,0.0,0.0013469771349361912
1531,no_feedback,46,8,5,1,0,-1.0,0.0,1,0,1,0,0.0,0.0013469771349361912
1532,no_feedback,46,8,3,0,0,-1.0,0.0,1,0,1,0,0.0,0.0013469771349361912
1533,no_feedback,46,4,5,1,1,1.0,0.0,0,nan,nan,nan,0.0,0.0013469771349361912
1534,no_feedback,46,0,6,1,0,-1.0,0.0,1,1,0,0,0.0,0.0013469771349361912
1535,no_feedback,46,1,5,1,0,-1.0,0.0,1,0,1,0,0.0,0.0013469771349361912
1536,no_feedback,46,1,5,1,0,-1.0,0.0,1,0,1,0,0.0,0.0013469771349361912
1537,no_feedback,46,2,5,1,0,-1.0,0.0,1,0,1,0,0.0,0.0013469771349361912
1538,no_feedback,46,7,3,0,0,-1.0,0.0,1,0,1,0,0.0,0.0013469771349361912
1539,no_feedback,46,7,3,0,0,-1.0,0.0,1,0,1,0,0.0,0.0013469771349361912
1540,no_feedback,46,3,3,0,1,1.0,0.0,0,nan,nan,nan,0.0,0.0013469771349361912
1541,no_feedback,46,5,2,0,0,-1.0,0.0,1,1,0,0,0.0,0.0013469771349361912
1542,no_feedback,46,7,3,0,0,-1.0,0.0,1,0,1,0,0.0,0.0013469771349361912
1543,no_feedback,46,2,5,1,0,-1.0,0.0,1,0,1,0,0.0,0.0013469771349361912
1544,no_feedback,46,5,3,0,0,-1.0,0.0,1,0,1,0,0.0,0.0013469771349361912
1545,no_feedback,46,2,5,1,0,-1.0,0.0,1,0,1,0,0.0,0.0013469771349361912
1546,no_feedback,46,2,5,1,0,-1.0,0.0,1,0,1,0,0.0,0.0013469771349361912
1547,no_feedback,46,4,5,1,1,1.0,0.0,0,nan,nan,nan,0.0,0.0013469771349361912
1548,no_feedback,46,8,4,0,0,-1.0,0.0,1,1,0,0,0.0,0.0013469771349361912
1549,no_feedback,46,4,5,1,1,1.0,0.0,0,nan,nan,nan,0.0,0.0013469771349361912
1550,no_feedback,46,4,4,0,1,1.0,0.0,0,nan,nan,nan,0.0,0.0013469771349361912
1551,no_feedback,46,3,5,1,0,-1.0,0.0,1,2,0,0,0.0,0.0013469771349361912
1552,no_feedback,46,7,3,0,0,-1.0,0.0,1,0,1,0,0.0,0.0013469771349361912
1553,no_feedback,46,3,3,0,1,1.0,0.0,0,nan,nan,nan,0.0,0.0013469771349361912
1554,no_feedback,46,1,4,1,0,-1.0,0.0,1,1,0,0,0.0,0.0013469771349361912
1555,no_feedback,46,8,5,1,0,-1.0,0.0,1,0,1,0,0.0,0.0013469771349361912
1556,no_feedback,46,4,5,1,1,1.0,0.0,0,nan,nan,nan,0.0,0.0013469771349361912
1557,no_feedback,46,4,4,0,1,1.0,0.0,0,nan,nan,nan,0.0,0.0013469771349361912
1558,no_feedback,46,5,5,1,1,1.0,0.0,0,nan,nan,nan,0.0,0.0013469771349361912
1559,no_feedback,46,6,4,0,0,-1.0,0.0,1,3,0,1,0.0,0.0013469771349361912
1560,no_feedback,46,4,5,1,1,1.0,0.0,0,nan,nan,nan,0.0,0.0013469771349361912
1561,no_feedback,46,6,6,1,1,1.0,0.0,0,nan,nan,nan,0.0,0.0013469771349361912
1562,no_feedback,46,7,7,1,1,1.0,0.0,0,nan,nan,nan,0.0,0.0013469771349361912
1563,no_feedback,46,3,8,1,0,-1.0,0.0,1,3,0,1,0.0,0.0013469771349361912
1564,no_feedback,46,1,5,1,0,-1.0,0.0,1,0,1,0,0.0,0.0013469771349361912
1565,no_feedback,46,0,5,1,0,-1.0,0.0,1,0,1,0,0.0,0.0013469771349361912
1566,no_feedback,46,8,3,0,0,-1.0,0.0,1,0,1,0,0.0,0.0013469771349361912
1567,no_feedback,46,6,3,0,0,-1.0,0.0,1,0,1,0,0.0,0.0013469771349361912
1568,no_feedback,46,0,3,0,0,-1.0,0.0,1,0,1,0,0.0,0.0013469771349361912
1569,no_feedback,46,8,5,1,0,-1.0,0.0,1,0,1,0,0.0,0.0013469771349361912
1570,no_feedback,46,4,5,1,1,1.0,0.0,0,nan,nan,nan,0.0,0.0013469771349361912
1571,no_feedback,46,2,6,1,0,-1.0,0.0,1,1,0,0,0.0,0.0013469771349361912
1572,no_feedback,46,2,5,1,0,-1.0,0.0,1,0,1,0,0.0,0.0013469771349361912
1573,no_feedback,46,2,5,1,0,-1.0,0.0,1,0,1,0,0.0,0.0013469771349361912
1574,no_feedback,46,8,3,0,0,-1.0,0.0,1,0,1,0,0.0,0.0013469771349361912
1575,no_feedback,46,0,3,0,0,-1.0,0.0,1,0,1,0,0.0,0.0013469771349361912
1576,no_feedback,46,0,3,0,0,-1.0,0.0,1,0,1,0,0.0,0.0013469771349361912
1577,no_feedback,46,5,5,1,1,1.0,0.0,0,nan,nan,nan,0.0,0.0013469771349361912
1578,no_feedback,46,4,4,0,1,1.0,0.0,0,nan,nan,nan,0.0,0.0013469771349361912
1579,no_feedback,46,7,3,0,0,-1.0,0.0,1,2,0,0,0.0,0.0013469771349361912
1580,no_feedback,46,0,3,0,0,-1.0,0.0,1,0,1,0,0.0,0.0013469771349361912
1581,no_feedback,46,3,5,1,0,-1.0,0.0,1,0,1,0,0.0,0.0013469771349361912
1582,no_feedback,46,1,5,1,0,-1.0,0.0,1,0,1,0,0.0,0.0013469771349361912
1583,no_feedback,46,5,3,0,0,-1.0,0.0,1,0,1,0,0.0,0.0013469771349361912
1584,no_feedback,46,6,5,1,1,1.0,0.0,0,nan,nan,nan,0.0,0.0013469771349361912
1585,no_feedback,46,0,6,1,0,-1.0,0.0,1,1,0,0,0.0,0.0013469771349361912
1586,no_feedback,46,7,3,0,0,-1.0,0.0,1,0,1,0,0.0,0.0013469771349361912
1587,no_feedback,46,1,5,1,0,-1.0,0.0,1,0,1,0,0.0,0.0013469771349361912
1588,no_feedback,46,2,5,1,0,-1.0,0.0,1,0,1,0,0.0,0.0013469771349361912
1589,no_feedback,46,4,5,1,1,1.0,0.0,0,nan,nan,nan,0.0,0.0013469771349361912
1590,no_feedback,46,1,6,1,0,-1.0,0.0,1,1,0,0,0.0,0.0013469771349361912
1591,no_feedback,46,7,3,0,0,-1.0,0.0,1,0,1,0,0.0,0.0013469771349361912
1592,no_feedback,46,6,5,1,1,1.0,0.0,0,nan,nan,nan,0.0,0.0013469771349361912
1593,no_feedback,46,4,6,1,0,-1.0,0.0,1,1,0,0,0.0,0.0013469771349361912
1594,no_feedback,46,8,3,0,0,-1.0,0.0,1,0,1,0,0.0,0.0013469771349361912
1595,no_feedback,46,1,5,1,0,-1.0,0.0,1,0,1,0,0.0,0.0013469771349361912
1596,no_feedback,46,8,5,1,0,-1.0,0.0,1,0,1,0,0.0,0.0013469771349361912
1597,no_feedback,46,5,5,1,1,1.0,0.0,0,nan,nan,nan,0.0,0.0013469771349361912
1598,no_feedback,46,7,6,1,1,1.0,0.0,0,nan,nan,nan,0.0,0.0013469771349361912
1599,no_feedback,46,6,7,1,1,1.0,0.0,0,nan,nan,nan,0.0,0.0013469771349361912
1600,no_feedback,46,4,6,0,0,-1.0,0.0,1,3,0,1,0.0,0.0013469771349361912
1601,no_feedback,46,0,3,0,0,-1.0,0.0,1,0,1,0,0.0,0.0013469771349361912
1602,no_feedback,46,2,3,0,1,1.0,0.0,0,nan,nan,nan,0.0,0.0013469771349361912
1603,no_feedback,46,8,2,0,0,-1.0,0.0,1,1,0,0,0.0,0.0013469771349361912
1604,no_feedback,46,8,5,1,0,-1.0,0.0,1,0,1,0,0.0,0.0013469771349361912
1605,no_feedback,46,8,5,1,0,-1.0,0.0,1,0,1,0,0.0,0.0013469771349361912
1606,no_feedback,46,6,5,1,1,1.0,0.0,0,nan,nan,nan,0.0,0.0013469771349361912
1607,no_feedback,46,8,4,0,0,-1.0,0.0,1,1,0,0,0.0,0.0013469771349361912
1608,no_feedback,46,3,3,0,1,1.0,0.0,0,nan,nan,nan,0.0,0.0013469771349361912
1609,no_feedback,46,7,2,0,0,-1.0,0.0,1,1,0,0,0.0,0.0013469771349361912
1610,no_feedback,46,7,3,0,0,-1.0,0.0,1,0,1,0,0.0,0.0013469771349361912
1611,no_feedback,46,4,5,1,1,1.0,0.0,0,nan,nan,nan,0.0,0.0013469771349361912
1612,no_feedback,46,7,4,0,0,-1.0,0.0,1,1,0,0,0.0,0.0013469771349361912
1613,no_feedback,46,1,5,1,0,-1.0,0.0,1,0,1,0,0.0,0.0013469771349361912
1614,no_feedback,46,2,5,1,0,-1.0,0.0,1,0,1,0,0.0,0.0013469771349361912
1615,no_feedback,46,3,3,0,1,1.0,0.0,0,nan,nan,nan,0.0,0.0013469771349361912
1616,no_feedback,46,5,2,0,0,-1.0,0.0,1,1,0,0,0.0,0.0013469771349361912
1617,no_feedback,46,7,3,0,0,-1.0,0.0,1,0,1,0,0.0,0.0013469771349361912
1618,no_feedback,46,3,5,1,0,-1.0,0.0,1,0,1,0,0.0,0.0013469771349361912
1619,no_feedback,46,7,3,0,0,-1.0,0.0,1,0,1,0,0.0,0.0013469771349361912
1620,no_feedback,46,3,5,1,0,-1.0,0.0,1,0,1,0,0.0,0.0013469771349361912
1621,no_feedback,46,3,3,0,1,1.0,0.0,0,nan,nan,nan,0.0,0.0013469771349361912
1622,no_feedback,46,8,2,0,0,-1.0,0.0,1,1,0,0,0.0,0.0013469771349361912
1623,no_feedback,46,2,5,1,0,-1.0,0.0,1,0,1,0,0.0,0.0013469771349361912
1624,no_feedback,46,7,3,0,0,-1.0,0.0,1,0,1,0,0.0,0.0013469771349361912
1625,no_feedback,46,6,3,0,0,-1.0,0.0,1,0,1,0,0.0,0.0013469771349361912
1626,no_feedback,46,2,5,1,0,-1.0,0.0,1,0,1,0,0.0,0.0013469771349361912
1627,no_feedback,46,6,3,0,0,-1.0,0.0,1,0,1,0,0.0,0.0013469771349361912
1628,no_feedback,46,3,3,0,1,1.0,0.0,0,nan,nan,nan,0.0,0.0013469771349361912
1629,no_feedback,46,2,2,0,1,1.0,0.0,0,nan,nan,nan,0.0,0.0013469771349361912
1630,no_feedback,46,0,3,1,0,-1.0,0.0,1,2,0,0,0.0,0.0013469771349361912
1631,no_feedback,46,0,5,1,0,-1.0,0.0,1,0,1,0,0.0,0.0013469771349361912
1632,no_feedback,46,7,3,0,0,-1.0,0.0,1,0,1,0,0.0,0.0013469771349361912
1633,no_feedback,46,6,3,0,0,-1.0,0.0,1,0,1,0,0.0,0.0013469771349361912
1634,no_feedback,46,8,5,1,0,-1.0,0.0,1,0,1,0,0.0,0.0013469771349361912
1635,no_feedback,46,1,5,1,0,-1.0,0.0,1,0,1,0,0.0,0.0013469771349361912
1636,no_feedback,46,7,3,0,0,-1.0,0.0,1,0,1,0,0.0,0.0013469771349361912
1637,no_feedback,46,5,3,0,0,-1.0,0.0,1,0,1,0,0.0,0.0013469771349361912
1638,no_feedback,46,0,3,0,0,-1.0,0.0,1,0,1,0,0.0,0.0013469771349361912
1639,no_feedback,46,7,3,0,0,-1.0,0.0,1,0,1,0,0.0,0.0013469771349361912
1640,no_feedback,46,6,3,0,0,-1.0,0.0,1,0,1,0,0.0,0.0013469771349361912
1641,no_feedback,46,6,5,1,1,1.0,0.0,0,nan,nan,nan,0.0,0.0013469771349361912
1642,no_feedback,46,4,4,0,1,1.0,0.0,0,nan,nan,nan,0.0,0.0013469771349361912
1643,no_feedback,46,1,3,0,0,-1.0,0.0,1,2,0,0,0.0,0.0013469771349361912
1644,no_feedback,46,3,3,0,1,1.0,0.0,0,nan,nan,nan,0.0,0.0013469771349361912
1645,no_feedback,46,4,2,0,0,-1.0,0.0,1,1,0,0,0.0,0.0013469771349361912
1646,no_feedback,46,8,5,1,0,-1.0,0.0,1,0,1,0,0.0,0.0013469771349361912
1647,no_feedback,46,2,3,0,1,1.0,0.0,0,nan,nan,nan,0.0,0.0013469771349361912
1648,no_feedback,46,5,4,1,1,1.0,0.0,0,nan,nan,nan,0.0,0.0013469771349361912
1649,no_feedback,46,5,5,1,1,1.0,0.0,0,nan,nan,nan,0.0,0.0013469771349361912
1650,no_feedback,46,8,4,0,0,-1.0,0.0,1,3,0,1,0.0,0.0013469771349361912
1651,no_feedback,46,1,3,0,0,-1.0,0.0,1,0,1,0,0.0,0.0013469771349361912
1652,no_feedback,46,7,3,0,0,-1.0,0.0,1,0,1,0,0.0,0.0013469771349361912
1653,no_feedback,46,6,5,1,1,1.0,0.0,0,nan,nan,nan,0.0,0.0013469771349361912
1654,no_feedback,46,3,6,1,0,-1.0,0.0,1,1,0,0,0.0,0.0013469771349361912
1655,no_feedback,46,7,3,0,0,-1.0,0.0,1,0,1,0,0.0,0.0013469771349361912
1656,no_feedback,46,2,5,1,0,-1.0,0.0,1,0,1,0,0.0,0.0013469771349361912
1657,no_feedback,46,4,3,0,1,1.0,0.0,0,nan,nan,nan,0.0,0.0013469771349361912
1658,no_feedback,46,6,2,0,0,-1.0,0.0,1,1,0,0,0.0,0.0013469771349361912
1659,no_feedback,46,3,5,1,0,-1.0,0.0,1,0,1,0,0.0,0.0013469771349361912
1660,no_feedback,46,0,3,0,0,-1.0,0.0,1,0,1,0,0.0,0.0013469771349361912
1661,no_feedback,46,2,5,1,0,-1.0,0.0,1,0,1,0,0.0,0.0013469771349361912
1662,no_feedback,46,5,5,1,1,1.0,0.0,0,nan,nan,nan,0.0,0.0013469771349361912
1663,no_feedback,46,4,6,1,0,-1.0,0.0,1,1,0,0,0.0,0.0013469771349361912
1664,no_feedback,46,1,5,1,0,-1.0,0.0,1,0,1,0,0.0,0.0013469771349361912
1665,no_feedback,46,0,3,0,0,-1.0,0.0,1,0,1,0,0.0,0.0013469771349361912
1666,no_feedback,46,8,3,0,0,-1.0,0.0,1,0,1,0,0.0,0.0013469771349361912
1667,no_feedback,46,4,5,1,1,1.0,0.0,0,nan,nan,nan,0.0,0.0013469771349361912
1668,no_feedback,46,6,4,0,0,-1.0,0.0,1,1,0,0,0.0,0.0013469771349361912
1669,no_feedback,46,2,5,1,0,-1.0,0.0,1,0,1,0,0.0,0.0013469771349361912
1670,no_feedback,46,0,3,0,0,-1.0,0.0,1,0,1,0,0.0,0.0013469771349361912
1671,no_feedback,46,5,3,0,0,-1.0,0.0,1,0,1,0,0.0,0.0013469771349361912
1672,no_feedback,46,0,5,1,0,-1.0,0.0,1,0,1,0,0.0,0.0013469771349361912
1673,no_feedback,46,1,5,1,0,-1.0,0.0,1,0,1,0,0.0,0.0013469771349361912
1674,no_feedback,46,2,5,1,0,-1.0,0.0,1,0,1,0,0.0,0.0013469771349361912
1675,no_feedback,46,4,5,1,1,1.0,0.0,0,nan,nan,nan,0.0,0.0013469771349361912
1676,no_feedback,46,5,6,1,1,1.0,0.0,0,nan,nan,nan,0.0,0.0013469771349361912
1677,no_feedback,46,1,5,0,0,-1.0,0.0,1,2,0,0,0.0,0.0013469771349361912
1678,no_feedback,46,1,5,1,0,-1.0,0.0,1,0,1,0,0.0,0.0013469771349361912
1679,no_feedback,46,5,3,0,0,-1.0,0.0,1,0,1,0,0.0,0.0013469771349361912
1680,no_feedback,46,4,5,1,1,1.0,0.0,0,nan,nan,nan,0.0,0.0013469771349361912
1681,no_feedback,46,5,6,1,1,1.0,0.0,0,nan,nan,nan,0.0,0.0013469771349361912
1682,no_feedback,46,3,7,1,0,-1.0,0.0,1,2,0,0,0.0,0.0013469771349361912
1683,no_feedback,46,8,5,1,0,-1.0,0.0,1,0,1,0,0.0,0.0013469771349361912
1684,no_feedback,46,5,5,1,1,1.0,0.0,0,nan,nan,nan,0.0,0.0013469771349361912
1685,no_feedback,46,4,4,0,1,1.0,0.0,0,nan,nan,nan,0.0,0.0013469771349361912
1686,no_feedback,46,7,3,0,0,-1.0,0.0,1,2,0,0,0.0,0.0013469771349361912
1687,no_feedback,46,0,3,0,0,-1.0,0.0,1,0,1,0,0.0,0.0013469771349361912
1688,no_feedback,46,1,5,1,0,-1.0,0.0,1,0,1,0,0.0,0.0013469771349361912
1689,no_feedback,46,4,5,1,1,1.0,0.0,0,nan,nan,nan,0.0,0.0013469771349361912
1690,no_feedback,46,2,6,1,0,-1.0,0.0,1,1,0,0,0.0,0.0013469771349361912
1691,no_feedback,46,1,3,0,0,-1.0,0.0,1,0,1,0,0.0,0.0013469771349361912
1692,no_feedback,46,0,5,1,0,-1.0,0.0,1,0,1,0,0.0,0.0013469771349361912
1693,no_feedback,46,8,5,1,0,-1.0,0.0,1,0,1,0,0.0,0.0013469771349361912
1694,no_feedback,46,7,3,0,0,-1.0,0.0,1,0,1,0,0.0,0.0013469771349361912
1695,no_feedback,46,3,3,0,1,1.0,0.0,0,nan,nan,nan,0.0,0.0013469771349361912
1696,no_feedback,46,8,2,0,0,-1.0,0.0,1,1,0,0,0.0,0.0013469771349361912
1697,no_feedback,46,1,5,1,0,-1.0,0.0,1,0,1,0,0.0,0.0013469771349361912
1698,no_feedback,46,3,3,0,1,1.0,0.0,0,nan,nan,nan,0.0,0.0013469771349361912
1699,no_feedback,46,3,4,1,1,1.0,0.0,0,nan,nan,nan,0.0,0.0013469771349361912
1700,no_feedback,46,2,5,1,0,-1.0,0.0,1,2,0,0,0.0,0.0013469771349361912
1701,no_feedback,46,5,3,0,0,-1.0,0.0,1,0,1,0,0.0,0.0013469771349361912
1702,no_feedback,46,3,3,0,1,1.0,0.0,0,nan,nan,nan,0.0,0.0013469771349361912
1703,no_feedback,46,0,2,0,0,-1.0,0.0,1,1,0,0,0.0,0.0013469771349361912
1704,no_feedback,46,6,3,0,0,-1.0,0.0,1,0,1,0,0.0,0.0013469771349361912
1705,no_feedback,46,7,3,0,0,-1.0,0.0,1,0,1,0,0.0,0.0013469771349361912
1706,no_feedback,46,5,3,0,0,-1.0,0.0,1,0,1,0,0.0,0.0013469771349361912
1707,no_feedback,46,8,3,0,0,-1.0,0.0,1,0,1,0,0.0,0.0013469771349361912
1708,no_feedback,46,0,5,1,0,-1.0,0.0,1,0,1,0,0.0,0.0013469771349361912
1709,no_feedback,46,2,5,1,0,-1.0,0.0,1,0,1,0,0.0,0.0013469771349361912
1710,no_feedback,46,7,3,0,0,-1.0,0.0,1,0,1,0,0.0,0.0013469771349361912
1711,no_feedback,46,8,3,0,0,-1.0,0.0,1,0,1,0,0.0,0.0013469771349361912
1712,no_feedback,46,3,3,0,1,1.0,0.0,0,nan,nan,nan,0.0,0.0013469771349361912
1713,no_feedback,46,3,4,1,1,1.0,0.0,0,nan,nan,nan,0.0,0.0013469771349361912
1714,no_feedback,46,0,3,0,0,-1.0,0.0,1,2,0,0,0.0,0.0013469771349361912
1715,no_feedback,46,3,5,1,0,-1.0,0.0,1,0,1,0,0.0,0.0013469771349361912
1716,no_feedback,46,2,5,1,0,-1.0,0.0,1,0,1,0,0.0,0.0013469771349361912
1717,no_feedback,46,2,5,1,0,-1.0,0.0,1,0,1,0,0.0,0.0013469771349361912
1718,no_feedback,46,6,5,1,1,1.0,0.0,0,nan,nan,nan,0.0,0.0013469771349361912
1719,no_feedback,46,3,6,1,0,-1.0,0.0,1,1,0,0,0.0,0.0013469771349361912
1720,no_feedback,46,1,3,0,0,-1.0,0.0,1,0,1,0,0.0,0.0013469771349361912
1721,no_feedback,46,0,5,1,0,-1.0,0.0,1,0,1,0,0.0,0.0013469771349361912
1722,no_feedback,46,4,5,1,1,1.0,0.0,0,nan,nan,nan,0.0,0.0013469771349361912
1723,no_feedback,46,8,4,0,0,-1.0,0.0,1,1,0,0,0.0,0.0013469771349361912
1724,no_feedback,46,8,3,0,0,-1.0,0.0,1,0,1,0,0.0,0.0013469771349361912
1725,no_feedback,46,6,5,1,1,1.0,0.0,0,nan,nan,nan,0.0,0.0013469771349361912
1726,no_feedback,46,4,4,0,1,1.0,0.0,0,nan,nan,nan,0.0,0.0013469771349361912
1727,no_feedback,46,0,5,1,0,-1.0,0.0,1,2,0,0,0.0,0.0013469771349361912
1728,no_feedback,46,3,3,0,1,1.0,0.0,0,nan,nan,nan,0.0,0.0013469771349361912
1729,no_feedback,46,6,2,0,0,-1.0,0.0,1,1,0,0,0.0,0.0013469771349361912
1730,no_feedback,46,5,5,1,1,1.0,0.0,0,nan,nan,nan,0.0,0.0013469771349361912
1731,no_feedback,46,2,6,1,0,-1.0,0.0,1,1,0,0,0.0,0.0013469771349361912
1732,no_feedback,46,4,5,1,1,1.0,0.0,0,nan,nan,nan,0.0,0.0013469771349361912
1733,no_feedback,46,6,4,0,0,-1.0,0.0,1,1,0,0,0.0,0.0013469771349361912
1734,no_feedback,46,1,3,0,0,-1.0,0.0,1,0,1,0,0.0,0.0013469771349361912
1735,no_feedback,46,3,3,0,1,1.0,0.0,0,nan,nan,nan,0.0,0.0013469771349361912
1736,no_feedback,46,5,2,0,0,-1.0,0.0,1,1,0,0,0.0,0.0013469771349361912
1737,no_feedback,46,8,3,0,0,-1.0,0.0,1,0,1,0,0.0,0.0013469771349361912
1738,no_feedback,46,5,3,0,0,-1.0,0.0,1,0,1,0,0.0,0.0013469771349361912
1739,no_feedback,46,6,5,1,1,1.0,0.0,0,nan,nan,nan,0.0,0.0013469771349361912
1740,no_feedback,46,6,4,0,0,-1.0,0.0,1,1,0,0,0.0,0.0013469771349361912
1741,no_feedback,46,1,5,1,0,-1.0,0.0,1,0,1,0,0.0,0.0013469771349361912
1742,no_feedback,46,6,5,1,1,1.0,0.0,0,nan,nan,nan,0.0,0.0013469771349361912
1743,no_feedback,46,4,6,1,0,-1.0,0.0,1,1,0,0,0.0,0.0013469771349361912
1744,no_feedback,46,8,3,0,0,-1.0,0.0,1,0,1,0,0.0,0.0013469771349361912
1745,no_feedback,46,8,3,0,0,-1.0,0.0,1,0,1,0,0.0,0.0013469771349361912
1746,no_feedback,46,6,5,1,1,1.0,0.0,0,nan,nan,nan,0.0,0.0013469771349361912
1747,no_feedback,46,7,4,0,0,-1.0,0.0,1,1,0,0,0.0,0.0013469771349361912
1748,no_feedback,46,1,5,1,0,-1.0,0.0,1,0,1,0,0.0,0.0013469771349361912
1749,no_feedback,46,5,5,1,1,1.0,0.0,0,nan,nan,nan,0.0,0.0013469771349361912
1750,no_feedback,46,6,6,1,1,1.0,0.0,0,nan,nan,nan,0.0,0.0013469771349361912
1751,no_feedback,46,1,5,0,0,-1.0,0.0,1,2,0,0,0.0,0.0013469771349361912
1752,no_feedback,46,8,5,1,0,-1.0,0.0,1,0,1,0,0.0,0.0013469771349361912
1753,no_feedback,46,6,3,0,0,-1.0,0.0,1,0,1,0,0.0,0.0013469771349361912
1754,no_feedback,46,6,5,1,1,1.0,0.0,0,nan,nan,nan,0.0,0.0013469771349361912
1755,no_feedback,46,6,4,0,0,-1.0,0.0,1,1,0,0,0.0,0.0013469771349361912
1756,no_feedback,46,2,5,1,0,-1.0,0.0,1,0,1,0,0.0,0.0013469771349361912
1757,no_feedback,46,8,3,0,0,-1.0,0.0,1,0,1,0,0.0,0.0013469771349361912
1758,no_feedback,46,1,5,1,0,-1.0,0.0,1,0,1,0,0.0,0.0013469771349361912
1759,no_feedback,46,6,3,0,0,-1.0,0.0,1,0,1,0,0.0,0.0013469771349361912
1760,no_feedback,46,7,5,1,0,-1.0,0.0,1,0,1,0,0.0,0.0013469771349361912
1761,no_feedback,46,7,3,0,0,-1.0,0.0,1,0,1,0,0.0,0.0013469771349361912
1762,no_feedback,46,8,3,0,0,-1.0,0.0,1,0,1,0,0.0,0.0013469771349361912
1763,no_feedback,46,1,3,0,0,-1.0,0.0,1,0,1,0,0.0,0.0013469771349361912
1764,no_feedback,46,7,3,0,0,-1.0,0.0,1,0,1,0,0.0,0.0013469771349361912
1765,no_feedback,46,3,3,0,1,1.0,0.0,0,nan,nan,nan,0.0,0.0013469771349361912
1766,no_feedback,46,3,4,1,1,1.0,0.0,0,nan,nan,nan,0.0,0.0013469771349361912
1767,no_feedback,46,6,3,0,0,-1.0,0.0,1,2,0,0,0.0,0.0013469771349361912
1768,no_feedback,46,2,3,0,1,1.0,0.0,0,nan,nan,nan,0.0,0.0013469771349361912
1769,no_feedback,46,3,4,1,1,1.0,0.0,0,nan,nan,nan,0.0,0.0013469771349361912
1770,no_feedback,46,4,5,1,1,1.0,0.0,0,nan,nan,nan,0.0,0.0013469771349361912
1771,no_feedback,46,8,4,0,0,-1.0,0.0,1,3,0,1,0.0,0.0013469771349361912
1772,no_feedback,46,1,3,0,0,-1.0,0.0,1,0,1,0,0.0,0.0013469771349361912
1773,no_feedback,46,6,5,1,1,1.0,0.0,0,nan,nan,nan,0.0,0.0013469771349361912
1774,no_feedback,46,8,4,0,0,-1.0,0.0,1,1,0,0,0.0,0.0013469771349361912
1775,no_feedback,46,2,3,0,1,1.0,0.0,0,nan,nan,nan,0.0,0.0013469771349361912
1776,no_feedback,46,6,2,0,0,-1.0,0.0,1,1,0,0,0.0,0.0013469771349361912
1777,no_feedback,46,4,5,1,1,1.0,0.0,0,nan,nan,nan,0.0,0.0013469771349361912
1778,no_feedback,46,3,6,1,0,-1.0,0.0,1,1,0,0,0.0,0.0013469771349361912
1779,no_feedback,46,4,5,1,1,1.0,0.0,0,nan,nan,nan,0.0,0.0013469771349361912
1780,no_feedback,46,7,4,0,0,-1.0,0.0,1,1,0,0,0.0,0.0013469771349361912
1781,no_feedback,46,0,5,1,0,-1.0,0.0,1,0,1,0,0.0,0.0013469771349361912
1782,no_feedback,46,5,5,1,1,1.0,0.0,0,nan,nan,nan,0.0,0.0013469771349361912
1783,no_feedback,46,2,4,0,0,-1.0,0.0,1,1,0,0,0.0,0.0013469771349361912
1784,no_feedback,46,0,5,1,0,-1.0,0.0,1,0,1,0,0.0,0.0013469771349361912
1785,no_feedback,46,3,5,1,0,-1.0,0.0,1,0,1,0,0.0,0.0013469771349361912
1786,no_feedback,46,7,3,0,0,-1.0,0.0,1,0,1,0,0.0,0.0013469771349361912
1787,no_feedback,46,2,5,1,0,-1.0,0.0,1,0,1,0,0.0,0.0013469771349361912
1788,no_feedback,46,3,3,0,1,1.0,0.0,0,nan,nan,nan,0.0,0.0013469771349361912
1789,no_feedback,46,6,4,1,0,-1.0,0.0,1,1,0,0,0.0,0.0013469771349361912
1790,no_feedback,46,1,3,0,0,-1.0,0.0,1,0,1,0,0.0,0.0013469771349361912
1791,no_feedback,46,7,3,0,0,-1.0,0.0,1,0,1,0,0.0,0.0013469771349361912
1792,no_feedback,46,1,3,0,0,-1.0,0.0,1,0,1,0,0.0,0.0013469771349361912
1793,no_feedback,46,7,3,0,0,-1.0,0.0,1,0,1,0,0.0,0.0013469771349361912
1794,no_feedback,46,7,3,0,0,-1.0,0.0,1,0,1,0,0.0,0.0013469771349361912
1795,no_feedback,46,0,3,0,0,-1.0,0.0,1,0,1,0,0.0,0.0013469771349361912
1796,no_feedback,46,7,3,0,0,-1.0,0.0,1,0,1,0,0.0,0.0013469771349361912
1797,no_feedback,46,3,5,1,0,-1.0,0.0,1,0,1,0,0.0,0.0013469771349361912
1798,no_feedback,46,2,5,1,0,-1.0,0.0,1,0,1,0,0.0,0.0013469771349361912
1799,no_feedback,46,5,5,1,1,1.0,0.0,0,nan,nan,nan,0.0,0.0013469771349361912
1800,no_feedback,46,4,6,1,0,-1.0,0.0,1,1,0,0,0.0,0.0013469771349361912
1801,no_feedback,46,0,3,0,0,-1.0,0.0,1,0,1,0,0.0,0.0013469771349361912
1802,no_feedback,46,4,5,1,1,1.0,0.0,0,nan,nan,nan,0.0,0.0013469771349361912
1803,no_feedback,46,0,4,0,0,-1.0,0.0,1,1,0,0,0.0,0.0013469771349361912
1804,no_feedback,46,2,5,1,0,-1.0,0.0,1,0,1,0,0.0,0.0013469771349361912
1805,no_feedback,46,2,5,1,0,-1.0,0.0,1,0,1,0,0.0,0.0013469771349361912
1806,no_feedback,46,1,5,1,0,-1.0,0.0,1,0,1,0,0.0,0.0013469771349361912
1807,no_feedback,46,2,5,1,0,-1.0,0.0,1,0,1,0,0.0,0.0013469771349361912
1808,no_feedback,46,3,5,1,0,-1.0,0.0,1,0,1,0,0.0,0.0013469771349361912
1809,no_feedback,46,5,5,1,1,1.0,0.0,0,nan,nan,nan,0.0,0.0013469771349361912
1810,no_feedback,46,7,4,0,0,-1.0,0.0,1,1,0,0,0.0,0.0013469771349361912
1811,no_feedback,46,1,3,0,0,-1.0,0.0,1,0,1,0,0.0,0.0013469771349361912
1812,no_feedback,46,7,3,0,0,-1.0,0.0,1,0,1,0,0.0,0.0013469771349361912
1813,no_feedback,46,1,5,1,0,-1.0,0.0,1,0,1,0,0.0,0.0013469771349361912
1814,no_feedback,46,8,3,0,0,-1.0,0.0,1,0,1,0,0.0,0.0013469771349361912
1815,no_feedback,46,0,3,0,0,-1.0,0.0,1,0,1,0,0.0,0.0013469771349361912
1816,no_feedback,46,8,5,1,0,-1.0,0.0,1,0,1,0,0.0,0.0013469771349361912
1817,no_feedback,46,5,5,1,1,1.0,0.0,0,nan,nan,nan,0.0,0.0013469771349361912
1818,no_feedback,46,6,6,1,1,1.0,0.0,0,nan,nan,nan,0.0,0.0013469771349361912
1819,no_feedback,46,2,5,0,0,-1.0,0.0,1,2,0,0,0.0,0.0013469771349361912
1820,no_feedback,46,2,5,1,0,-1.0,0.0,1,0,1,0,0.0,0.0013469771349361912
1821,no_feedback,46,7,3,0,0,-1.0,0.0,1,0,1,0,0.0,0.0013469771349361912
1822,no_feedback,46,1,3,0,0,-1.0,0.0,1,0,1,0,0.0,0.0013469771349361912
1823,no_feedback,46,4,5,1,1,1.0,0.0,0,nan,nan,nan,0.0,0.0013469771349361912
1824,no_feedback,46,5,6,1,1,1.0,0.0,0,nan,nan,nan,0.0,0.0013469771349361912
1825,no_feedback,46,5,7,1,0,-1.0,0.0,1,2,0,0,0.0,0.0013469771349361912
1826,no_feedback,46,4,5,1,1,1.0,0.0,0,nan,nan,nan,0.0,0.0013469771349361912
1827,no_feedback,46,0,4,0,0,-1.0,0.0,1,1,0,0,0.0,0.0013469771349361912
1828,no_feedback,46,3,5,1,0,-1.0,0.0,1,0,1,0,0.0,0.0013469771349361912
1829,no_feedback,46,4,5,1,1,1.0,0.0,0,nan,nan,nan,0.0,0.0013469771349361912
1830,no_feedback,46,6,4,0,0,-1.0,0.0,1,1,0,0,0.0,0.0013469771349361912
1831,no_feedback,46,5,3,0,0,-1.0,0.0,1,0,1,0,0.0,0.0013469771349361912
1832,no_feedback,46,4,3,0,1,1.0,0.0,0,nan,nan,nan,0.0,0.0013469771349361912
1833,no_feedback,46,7,4,1,0,-1.0,0.0,1,1,0,0,0.0,0.0013469771349361912
1834,no_feedback,46,0,5,1,0,-1.0,0.0,1,0,1,0,0.0,0.0013469771349361912
1835,no_feedback,46,1,3,0,0,-1.0,0.0,1,0,1,0,0.0,0.0013469771349361912
1836,no_feedback,46,6,5,1,1,1.0,0.0,0,nan,nan,nan,0.0,0.0013469771349361912
1837,no_feedback,46,0,4,0,0,-1.0,0.0,1,1,0,0,0.0,0.0013469771349361912
1838,no_feedback,46,2,5,1,0,-1.0,0.0,1,0,1,0,0.0,0.0013469771349361912
1839,no_feedback,46,2,5,1,0,-1.0,0.0,1,0,1,0,0.0,0.0013469771349361912
1840,no_feedback,46,1,5,1,0,-1.0,0.0,1,0,1,0,0.0,0.0013469771349361912
1841,no_feedback,46,2,5,1,0,-1.0,0.0,1,0,1,0,0.0,0.0013469771349361912
1842,no_feedback,46,1,3,0,0,-1.0,0.0,1,0,1,0,0.0,0.0013469771349361912
1843,no_feedback,46,8,5,1,0,-1.0,0.0,1,0,1,0,0.0,0.0013469771349361912
1844,no_feedback,46,8,3,0,0,-1.0,0.0,1,0,1,0,0.0,0.0013469771349361912
1845,no_feedback,46,4,5,1,1,1.0,0.0,0,nan,nan,nan,0.0,0.0013469771349361912
1846,no_feedback,46,1,4,0,0,-1.0,0.0,1,1,0,0,0.0,0.0013469771349361912
1847,no_feedback,46,6,5,1,1,1.0,0.0,0,nan,nan,nan,0.0,0.0013469771349361912
1848,no_feedback,46,5,6,1,1,1.0,0.0,0,nan,nan,nan,0.0,0.0013469771349361912
1849,no_feedback,46,8,5,0,0,-1.0,0.0,1,2,0,0,0.0,0.0013469771349361912
1850,no_feedback,46,7,3,0,0,-1.0,0.0,1,0,1,0,0.0,0.0013469771349361912
1851,no_feedback,46,6,3,0,0,-1.0,0.0,1,0,1,0,0.0,0.0013469771349361912
1852,no_feedback,46,2,5,1,0,-1.0,0.0,1,0,1,0,0.0,0.0013469771349361912
1853,no_feedback,46,1,3,0,0,-1.0,0.0,1,0,1,0,0.0,0.0013469771349361912
1854,no_feedback,46,1,3,0,0,-1.0,0.0,1,0,1,0,0.0,0.0013469771349361912
1855,no_feedback,46,0,5,1,0,-1.0,0.0,1,0,1,0,0.0,0.0013469771349361912
1856,no_feedback,46,3,5,1,0,-1.0,0.0,1,0,1,0,0.0,0.0013469771349361912
1857,no_feedback,46,8,3,0,0,-1.0,0.0,1,0,1,0,0.0,0.0013469771349361912
1858,no_feedback,46,1,5,1,0,-1.0,0.0,1,0,1,0,0.0,0.0013469771349361912
1859,no_feedback,46,8,3,0,0,-1.0,0.0,1,0,1,0,0.0,0.0013469771349361912
1860,no_feedback,46,7,3,0,0,-1.0,0.0,1,0,1,0,0.0,0.0013469771349361912
1861,no_feedback,46,3,3,0,1,1.0,0.0,0,nan,nan,nan,0.0,0.0013469771349361912
1862,no_feedback,46,7,4,1,0,-1.0,0.0,1,1,0,0,0.0,0.0013469771349361912
1863,no_feedback,46,3,3,0,1,1.0,0.0,0,nan,nan,nan,0.0,0.0013469771349361912
1864,no_feedback,46,1,4,1,0,-1.0,0.0,1,1,0,0,0.0,0.0013469771349361912
1865,no_feedback,46,1,3,0,0,-1.0,0.0,1,0,1,0,0.0,0.0013469771349361912
1866,no_feedback,46,0,5,1,0,-1.0,0.0,1,0,1,0,0.0,0.0013469771349361912
1867,no_feedback,46,3,3,0,1,1.0,0.0,0,nan,nan,nan,0.0,0.0013469771349361912
1868,no_feedback,46,0,2,0,0,-1.0,0.0,1,1,0,0,0.0,0.0013469771349361912
1869,no_feedback,46,0,3,0,0,-1.0,0.0,1,0,1,0,0.0,0.0013469771349361912
1870,no_feedback,46,5,3,0,0,-1.0,0.0,1,0,1,0,0.0,0.0013469771349361912
1871,no_feedback,46,8,5,1,0,-1.0,0.0,1,0,1,0,0.0,0.0013469771349361912
1872,no_feedback,46,8,5,1,0,-1.0,0.0,1,0,1,0,0.0,0.0013469771349361912
1873,no_feedback,46,3,5,1,0,-1.0,0.0,1,0,1,0,0.0,0.0013469771349361912
1874,no_feedback,46,4,5,1,1,1.0,0.0,0,nan,nan,nan,0.0,0.0013469771349361912
1875,no_feedback,46,2,4,0,0,-1.0,0.0,1,1,0,0,0.0,0.0013469771349361912
1876,no_feedback,46,1,3,0,0,-1.0,0.0,1,0,1,0,0.0,0.0013469771349361912
1877,no_feedback,46,4,5,1,1,1.0,0.0,0,nan,nan,nan,0.0,0.0013469771349361912
1878,no_feedback,46,7,4,0,0,-1.0,0.0,1,1,0,0,0.0,0.0013469771349361912
1879,no_feedback,46,0,3,0,0,-1.0,0.0,1,0,1,0,0.0,0.0013469771349361912
1880,no_feedback,46,2,5,1,0,-1.0,0.0,1,0,1,0,0.0,0.0013469771349361912
1881,no_feedback,46,1,3,0,0,-1.0,0.0,1,0,1,0,0.0,0.0013469771349361912
1882,no_feedback,46,8,5,1,0,-1.0,0.0,1,0,1,0,0.0,0.0013469771349361912
1883,no_feedback,46,3,5,1,0,-1.0,0.0,1,0,1,0,0.0,0.0013469771349361912
1884,no_feedback,46,0,5,1,0,-1.0,0.0,1,0,1,0,0.0,0.0013469771349361912
1885,no_feedback,46,3,5,1,0,-1.0,0.0,1,0,1,0,0.0,0.0013469771349361912
1886,no_feedback,46,0,5,1,0,-1.0,0.0,1,0,1,0,0.0,0.0013469771349361912
1887,no_feedback,46,8,5,1,0,-1.0,0.0,1,0,1,0,0.0,0.0013469771349361912
1888,no_feedback,46,1,3,0,0,-1.0,0.0,1,0,1,0,0.0,0.0013469771349361912
1889,no_feedback,46,7,3,0,0,-1.0,0.0,1,0,1,0,0.0,0.0013469771349361912
1890,no_feedback,46,8,3,0,0,-1.0,0.0,1,0,1,0,0.0,0.0013469771349361912
1891,no_feedback,46,4,5,1,1,1.0,0.0,0,nan,nan,nan,0.0,0.0013469771349361912
1892,no_feedback,46,8,4,0,0,-1.0,0.0,1,1,0,0,0.0,0.0013469771349361912
1893,no_feedback,46,2,5,1,0,-1.0,0.0,1,0,1,0,0.0,0.0013469771349361912
1894,no_feedback,46,0,3,0,0,-1.0,0.0,1,0,1,0,0.0,0.0013469771349361912
1895,no_feedback,46,6,5,1,1,1.0,0.0,0,nan,nan,nan,0.0,0.0013469771349361912
1896,no_feedback,46,0,6,1,0,-1.0,0.0,1,1,0,0,0.0,0.0013469771349361912
1897,no_feedback,46,8,3,0,0,-1.0,0.0,1,0,1,0,0.0,0.0013469771349361912
1898,no_feedback,46,1,3,0,0,-1.0,0.0,1,0,1,0,0.0,0.0013469771349361912
1899,no_feedback,46,5,5,1,1,1.0,0.0,0,nan,nan,nan,0.0,0.0013469771349361912
1900,no_feedback,46,6,6,1,1,1.0,0.0,0,nan,nan,nan,0.0,0.0013469771349361912
1901,no_feedback,46,7,5,0,0,-1.0,0.0,1,2,0,0,0.0,0.0013469771349361912
1902,no_feedback,46,6,5,1,1,1.0,0.0,0,nan,nan,nan,0.0,0.0013469771349361912
1903,no_feedback,46,5,6,1,1,1.0,0.0,0,nan,nan,nan,0.0,0.0013469771349361912
1904,no_feedback,46,3,7,1,0,-1.0,0.0,1,2,0,0,0.0,0.0013469771349361912
1905,no_feedback,46,6,3,0,0,-1.0,0.0,1,0,1,0,0.0,0.0013469771349361912
1906,no_feedback,46,4,5,1,1,1.0,0.0,0,nan,nan,nan,0.0,0.0013469771349361912
1907,no_feedback,46,8,4,0,0,-1.0,0.0,1,1,0,0,0.0,0.0013469771349361912
1908,no_feedback,46,1,3,0,0,-1.0,0.0,1,0,1,0,0.0,0.0013469771349361912
1909,no_feedback,46,1,5,1,0,-1.0,0.0,1,0,1,0,0.0,0.0013469771349361912
1910,no_feedback,46,4,5,1,1,1.0,0.0,0,nan,nan,nan,0.0,0.0013469771349361912
1911,no_feedback,46,1,4,0,0,-1.0,0.0,1,1,0,0,0.0,0.0013469771349361912
1912,no_feedback,46,2,5,1,0,-1.0,0.0,1,0,1,0,0.0,0.0013469771349361912
1913,no_feedback,46,4,5,1,1,1.0,0.0,0,nan,nan,nan,0.0,0.0013469771349361912
1914,no_feedback,46,4,6,1,0,-1.0,0.0,1,1,0,0,0.0,0.0013469771349361912
1915,no_feedback,46,5,5,1,1,1.0,0.0,0,nan,nan,nan,0.0,0.0013469771349361912
1916,no_feedback,46,0,4,0,0,-1.0,0.0,1,1,0,0,0.0,0.0013469771349361912
1917,no_feedback,46,3,3,0,1,1.0,0.0,0,nan,nan,nan,0.0,0.0013469771349361912
1918,no_feedback,46,0,4,1,0,-1.0,0.0,1,1,0,0,0.0,0.0013469771349361912
1919,no_feedback,46,0,5,1,0,-1.0,0.0,1,0,1,0,0.0,0.0013469771349361912
1920,no_feedback,46,7,3,0,0,-1.0,0.0,1,0,1,0,0.0,0.0013469771349361912
1921,no_feedback,46,7,3,0,0,-1.0,0.0,1,0,1,0,0.0,0.0013469771349361912
1922,no_feedback,46,2,5,1,0,-1.0,0.0,1,0,1,0,0.0,0.0013469771349361912
1923,no_feedback,46,7,3,0,0,-1.0,0.0,1,0,1,0,0.0,0.0013469771349361912
1924,no_feedback,46,7,3,0,0,-1.0,0.0,1,0,1,0,0.0,0.0013469771349361912
1925,no_feedback,46,1,5,1,0,-1.0,0.0,1,0,1,0,0.0,0.0013469771349361912
1926,no_feedback,46,2,5,1,0,-1.0,0.0,1,0,1,0,0.0,0.0013469771349361912
1927,no_feedback,46,0,3,0,0,-1.0,0.0,1,0,1,0,0.0,0.0013469771349361912
1928,no_feedback,46,8,5,1,0,-1.0,0.0,1,0,1,0,0.0,0.0013469771349361912
1929,no_feedback,46,6,3,0,0,-1.0,0.0,1,0,1,0,0.0,0.0013469771349361912
1930,no_feedback,46,3,3,0,1,1.0,0.0,0,nan,nan,nan,0.0,0.0013469771349361912
1931,no_feedback,46,3,4,1,1,1.0,0.0,0,nan,nan,nan,0.0,0.0013469771349361912
1932,no_feedback,46,4,5,1,1,1.0,0.0,0,nan,nan,nan,0.0,0.0013469771349361912
1933,no_feedback,46,3,6,1,0,-1.0,0.0,1,3,0,1,0.0,0.0013469771349361912
1934,no_feedback,46,3,5,1,0,-1.0,0.0,1,0,1,0,0.0,0.0013469771349361912
1935,no_feedback,46,2,5,1,0,-1.0,0.0,1,0,1,0,0.0,0.0013469771349361912
1936,no_feedback,46,8,5,1,0,-1.0,0.0,1,0,1,0,0.0,0.0013469771349361912
1937,no_feedback,46,3,3,0,1,1.0,0.0,0,nan,nan,nan,0.0,0.0013469771349361912
1938,no_feedback,46,8,2,0,0,-1.0,0.0,1,1,0,0,0.0,0.0013469771349361912
1939,no_feedback,46,8,3,0,0,-1.0,0.0,1,0,1,0,0.0,0.0013469771349361912
1940,no_feedback,46,0,5,1,0,-1.0,0.0,1,0,1,0,0.0,0.0013469771349361912
1941,no_feedback,46,2,5,1,0,-1.0,0.0,1,0,1,0,0.0,0.0013469771349361912
1942,no_feedback,46,1,5,1,0,-1.0,0.0,1,0,1,0,0.0,0.0013469771349361912
1943,no_feedback,46,5,5,1,1,1.0,0.0,0,nan,nan,nan,0.0,0.0013469771349361912
1944,no_feedback,46,0,6,1,0,-1.0,0.0,1,1,0,0,0.0,0.0013469771349361912
1945,no_feedback,46,7,3,0,0,-1.0,0.0,1,0,1,0,0.0,0.0013469771349361912
1946,no_feedback,46,1,3,0,0,-1.0,0.0,1,0,1,0,0.0,0.0013469771349361912
1947,no_feedback,46,5,5,1,1,1.0,0.0,0,nan,nan,nan,0.0,0.0013469771349361912
1948,no_feedback,46,4,6,1,0,-1.0,0.0,1,1,0,0,0.0,0.0013469771349361912
1949,no_feedback,46,8,5,1,0,-1.0,0.0,1,0,1,0,0.0,0.0013469771349361912
1950,no_feedback,46,6,5,1,1,1.0,0.0,0,nan,nan,nan,0.0,0.0013469771349361912
1951,no_feedback,46,5,6,1,1,1.0,0.0,0,nan,nan,nan,0.0,0.0013469771349361912
1952,no_feedback,46,5,5,0,1,1.0,0.0,0,nan,nan,nan,0.0,0.0013469771349361912
1953,no_feedback,46,1,6,1,0,-1.0,0.0,1,3,0,1,0.0,0.0013469771349361912
1954,no_feedback,46,0,3,0,0,-1.0,0.0,1,0,1,0,0.0,0.0013469771349361912
1955,no_feedback,46,7,3,0,0,-1.0,0.0,1,0,1,0,0.0,0.0013469771349361912
1956,no_feedback,46,0,5,1,0,-1.0,0.0,1,0,1,0,0.0,0.0013469771349361912
1957,no_feedback,46,3,3,0,1,1.0,0.0,0,nan,nan,nan,0.0,0.0013469771349361912
1958,no_feedback,46,3,4,1,1,1.0,0.0,0,nan,nan,nan,0.0,0.0013469771349361912
1959,no_feedback,46,7,3,0,0,-1.0,0.0,1,2,0,0,0.0,0.0013469771349361912
1960,no_feedback,46,3,5,1,0,-1.0,0.0,1,0,1,0,0.0,0.0013469771349361912
1961,no_feedback,46,2,5,1,0,-1.0,0.0,1,0,1,0,0.0,0.0013469771349361912
1962,no_feedback,46,8,3,0,0,-1.0,0.0,1,0,1,0,0.0,0.0013469771349361912
1963,no_feedback,46,6,3,0,0,-1.0,0.0,1,0,1,0,0.0,0.0013469771349361912
1964,no_feedback,46,2,5,1,0,-1.0,0.0,1,0,1,0,0.0,0.0013469771349361912
1965,no_feedback,46,1,3,0,0,-1.0,0.0,1,0,1,0,0.0,0.0013469771349361912
1966,no_feedback,46,8,5,1,0,-1.0,0.0,1,0,1,0,0.0,0.0013469771349361912
1967,no_feedback,46,6,5,1,1,1.0,0.0,0,nan,nan,nan,0.0,0.0013469771349361912
1968,no_feedback,46,1,4,0,0,-1.0,0.0,1,1,0,0,0.0,0.0013469771349361912
1969,no_feedback,46,4,5,1,1,1.0,0.0,0,nan,nan,nan,0.0,0.0013469771349361912
1970,no_feedback,46,5,6,1,1,1.0,0.0,0,nan,nan,nan,0.0,0.0013469771349361912
1971,no_feedback,46,7,7,1,1,1.0,0.0,0,nan,nan,nan,0.0,0.0013469771349361912
1972,no_feedback,46,5,8,1,0,-1.0,0.0,1,3,0,1,0.0,0.0013469771349361912
1973,no_feedback,46,1,5,1,0,-1.0,0.0,1,0,1,0,0.0,0.0013469771349361912
1974,no_feedback,46,8,5,1,0,-1.0,0.0,1,0,1,0,0.0,0.0013469771349361912
1975,no_feedback,46,7,3,0,0,-1.0,0.0,1,0,1,0,0.0,0.0013469771349361912
1976,no_feedback,46,8,3,0,0,-1.0,0.0,1,0,1,0,0.0,0.0013469771349361912
1977,no_feedback,46,1,5,1,0,-1.0,0.0,1,0,1,0,0.0,0.0013469771349361912
1978,no_feedback,46,1,5,1,0,-1.0,0.0,1,0,1,0,0.0,0.0013469771349361912
1979,no_feedback,46,8,5,1,0,-1.0,0.0,1,0,1,0,0.0,0.0013469771349361912
1980,no_feedback,46,7,3,0,0,-1.0,0.0,1,0,1,0,0.0,0.0013469771349361912
1981,no_feedback,46,3,3,0,1,1.0,0.0,0,nan,nan,nan,0.0,0.0013469771349361912
1982,no_feedback,46,1,4,1,0,-1.0,0.0,1,1,0,0,0.0,0.0013469771349361912
1983,no_feedback,46,2,5,1,0,-1.0,0.0,1,0,1,0,0.0,0.0013469771349361912
1984,no_feedback,46,4,5,1,1,1.0,0.0,0,nan,nan,nan,0.0,0.0013469771349361912
1985,no_feedback,46,2,6,1,0,-1.0,0.0,1,1,0,0,0.0,0.0013469771349361912
1986,no_feedback,46,0,3,0,0,-1.0,0.0,1,0,1,0,0.0,0.0013469771349361912
1987,no_feedback,46,2,5,1,0,-1.0,0.0,1,0,1,0,0.0,0.0013469771349361912
1988,no_feedback,46,2,5,1,0,-1.0,0.0,1,0,1,0,0.0,0.0013469771349361912
1989,no_feedback,46,0,3,0,0,-1.0,0.0,1,0,1,0,0.0,0.0013469771349361912
1990,no_feedback,46,1,3,0,0,-1.0,0.0,1,0,1,0,0.0,0.0013469771349361912
1991,no_feedback,46,6,5,1,1,1.0,0.0,0,nan,nan,nan,0.0,0.0013469771349361912
1992,no_feedback,46,7,4,0,0,-1.0,0.0,1,1,0,0,0.0,0.0013469771349361912
1993,no_feedback,46,7,3,0,0,-1.0,0.0,1,0,1,0,0.0,0.0013469771349361912
1994,no_feedback,46,6,3,0,0,-1.0,0.0,1,0,1,0,0.0,0.0013469771349361912
1995,no_feedback,46,6,5,1,1,1.0,0.0,0,nan,nan,nan,0.0,0.0013469771349361912
1996,no_feedback,46,4,6,1,0,-1.0,0.0,1,1,0,0,0.0,0.0013469771349361912
1997,no_feedback,46,6,3,0,0,-1.0,0.0,1,0,1,0,0.0,0.0013469771349361912
1998,no_feedback,46,0,3,0,0,-1.0,0.0,1,0,1,0,0.0,0.0013469771349361912
1999,no_feedback,46,3,3,0,1,1.0,0.0,0,nan,nan,nan,0.0,0.0013469771349361912
2000,no_feedback,46,8,2,0,0,-1.0,0.0,1,1,0,0,0.0,0.0013469771349361912
2001,no_feedback,46,0,3,0,0,-1.0,0.0,1,0,1,0,0.0,0.0013469771349361912
2002,no_feedback,46,4,5,1,1,1.0,0.0,0,nan,nan,nan,0.0,0.0013469771349361912
2003,no_feedback,46,0,4,0,0,-1.0,0.0,1,1,0,0,0.0,0.0013469771349361912
2004,no_feedback,46,4,5,1,1,1.0,0.0,0,nan,nan,nan,0.0,0.0013469771349361912
2005,no_feedback,46,4,6,1,0,-1.0,0.0,1,1,0,0,0.0,0.0013469771349361912
2006,no_feedback,46,3,3,0,1,1.0,0.0,0,nan,nan,nan,0.0,0.0013469771349361912
2007,no_feedback,46,8,2,0,0,-1.0,0.0,1,1,0,0,0.0,0.0013469771349361912
2008,no_feedback,46,6,5,1,1,1.0,0.0,0,nan,nan,nan,0.0,0.0013469771349361912
2009,no_feedback,46,3,6,1,0,-1.0,0.0,1,1,0,0,0.0,0.0013469771349361912
2010,no_feedback,46,4,5,1,1,1.0,0.0,0,nan,nan,nan,0.0,0.0013469771349361912
2011,no_feedback,46,4,6,1,0,-1.0,0.0,1,1,0,0,0.0,0.0013469771349361912
2012,no_feedback,46,5,3,0,0,-1.0,0.0,1,0,1,0,0.0,0.0013469771349361912
2013,no_feedback,46,6,3,0,0,-1.0,0.0,1,0,1,0,0.0,0.0013469771349361912
2014,no_feedback,46,6,3,0,0,-1.0,0.0,1,0,1,0,0.0,0.0013469771349361912
2015,no_feedback,46,6,5,1,1,1.0,0.0,0,nan,nan,nan,0.0,0.0013469771349361912
2016,no_feedback,46,3,4,0,1,1.0,0.0,0,nan,nan,nan,0.0,0.0013469771349361912
2017,no_feedback,46,0,5,1,0,-1.0,0.0,1,2,0,0,0.0,0.0013469771349361912
2018,no_feedback,46,2,5,1,0,-1.0,0.0,1,0,1,0,0.0,0.0013469771349361912
2019,no_feedback,46,0,3,0,0,-1.0,0.0,1,0,1,0,0.0,0.0013469771349361912
2020,no_feedback,46,3,3,0,1,1.0,0.0,0,nan,nan,nan,0.0,0.0013469771349361912
2021,no_feedback,46,4,4,1,1,1.0,0.0,0,nan,nan,nan,0.0,0.0013469771349361912
2022,no_feedback,46,3,5,1,0,-1.0,0.0,1,2,0,0,0.0,0.0013469771349361912
2023,no_feedback,46,5,5,1,1,1.0,0.0,0,nan,nan,nan,0.0,0.0013469771349361912
2024,no_feedback,46,1,6,1,0,-1.0,0.0,1,1,0,0,0.0,0.0013469771349361912
2025,no_feedback,46,1,3,0,0,-1.0,0.0,1,0,1,0,0.0,0.0013469771349361912
2026,no_feedback,46,2,5,1,0,-1.0,0.0,1,0,1,0,0.0,0.0013469771349361912
2027,no_feedback,46,5,5,1,1,1.0,0.0,0,nan,nan,nan,0.0,0.0013469771349361912
2028,no_feedback,46,6,4,0,0,-1.0,0.0,1,1,0,0,0.0,0.0013469771349361912
2029,no_feedback,46,5,5,1,1,1.0,0.0,0,nan,nan,nan,0.0,0.0013469771349361912
2030,no_feedback,46,8,4,0,0,-1.0,0.0,1,1,0,0,0.0,0.0013469771349361912
2031,no_feedback,46,0,3,0,0,-1.0,0.0,1,0,1,0,0.0,0.0013469771349361912
2032,no_feedback,46,7,3,0,0,-1.0,0.0,1,0,1,0,0.0,0.0013469771349361912
2033,no_feedback,46,5,3,0,0,-1.0,0.0,1,0,1,0,0.0,0.0013469771349361912
2034,no_feedback,46,3,3,0,1,1.0,0.0,0,nan,nan,nan,0.0,0.0013469771349361912
2035,no_feedback,46,3,4,1,1,1.0,0.0,0,nan,nan,nan,0.0,0.0013469771349361912
2036,no_feedback,46,6,5,1,1,1.0,0.0,0,nan,nan,nan,0.0,0.0013469771349361912
2037,no_feedback,46,0,4,0,0,-1.0,0.0,1,3,0,1,0.0,0.0013469771349361912
2038,no_feedback,46,7,3,0,0,-1.0,0.0,1,0,1,0,0.0,0.0013469771349361912
2039,no_feedback,46,2,5,1,0,-1.0,0.0,1,0,1,0,0.0,0.0013469771349361912
2040,no_feedback,46,5,3,0,0,-1.0,0.0,1,0,1,0,0.0,0.0013469771349361912
2041,no_feedback,46,5,3,0,0,-1.0,0.0,1,0,1,0,0.0,0.0013469771349361912
2042,no_feedback,46,1,3,0,0,-1.0,0.0,1,0,1,0,0.0,0.0013469771349361912
2043,no_feedback,46,2,5,1,0,-1.0,0.0,1,0,1,0,0.0,0.0013469771349361912
2044,no_feedback,46,5,3,0,0,-1.0,0.0,1,0,1,0,0.0,0.0013469771349361912
2045,no_feedback,46,8,3,0,0,-1.0,0.0,1,0,1,0,0.0,0.0013469771349361912
2046,no_feedback,46,8,5,1,0,-1.0,0.0,1,0,1,0,0.0,0.0013469771349361912
2047,no_feedback,46,6,3,0,0,-1.0,0.0,1,0,1,0,0.0,0.0013469771349361912
2048,no_feedback,46,3,3,0,1,1.0,0.0,0,nan,nan,nan,0.0,0.0013469771349361912
2049,no_feedback,46,3,4,1,1,1.0,0.0,0,nan,nan,nan,0.0,0.0013469771349361912
2050,no_feedback,46,1,5,1,0,-1.0,0.0,1,2,0,0,0.0,0.0013469771349361912
2051,no_feedback,46,3,3,0,1,1.0,0.0,0,nan,nan,nan,0.0,0.0013469771349361912
2052,no_feedback,46,8,2,0,0,-1.0,0.0,1,1,0,0,0.0,0.0013469771349361912
2053,no_feedback,46,1,3,0,0,-1.0,0.0,1,0,1,0,0.0,0.0013469771349361912
2054,no_feedback,46,3,3,0,1,1.0,0.0,0,nan,nan,nan,0.0,0.0013469771349361912
2055,no_feedback,46,8,2,0,0,-1.0,0.0,1,1,0,0,0.0,0.0013469771349361912
2056,no_feedback,46,0,3,0,0,-1.0,0.0,1,0,1,0,0.0,0.0013469771349361912
2057,no_feedback,46,3,5,1,0,-1.0,0.0,1,0,1,0,0.0,0.0013469771349361912
2058,no_feedback,46,4,5,1,1,1.0,0.0,0,nan,nan,nan,0.0,0.0013469771349361912
2059,no_feedback,46,4,6,1,0,-1.0,0.0,1,1,0,0,0.0,0.0013469771349361912
2060,no_feedback,46,3,3,0,1,1.0,0.0,0,nan,nan,nan,0.0,0.0013469771349361912
2061,no_feedback,46,3,4,1,1,1.0,0.0,0,nan,nan,nan,0.0,0.0013469771349361912
2062,no_feedback,46,1,3,0,0,-1.0,0.0,1,2,0,0,0.0,0.0013469771349361912
2063,no_feedback,46,4,5,1,1,1.0,0.0,0,nan,nan,nan,0.0,0.0013469771349361912
2064,no_feedback,46,6,6,1,1,1.0,0.0,0,nan,nan,nan,0.0,0.0013469771349361912
2065,no_feedback,46,6,7,1,1,1.0,0.0,0,nan,nan,nan,0.0,0.0013469771349361912
2066,no_feedback,46,4,6,0,0,-1.0,0.0,1,3,0,1,0.0,0.0013469771349361912
2067,no_feedback,46,2,5,1,0,-1.0,0.0,1,0,1,0,0.0,0.0013469771349361912
2068,no_feedback,46,4,5,1,1,1.0,0.0,0,nan,nan,nan,0.0,0.0013469771349361912
2069,no_feedback,46,3,6,1,0,-1.0,0.0,1,1,0,0,0.0,0.0013469771349361912
2070,no_feedback,46,4,5,1,1,1.0,0.0,0,nan,nan,nan,0.0,0.0013469771349361912
2071,no_feedback,46,1,6,1,0,-1.0,0.0,1,1,0,0,0.0,0.0013469771349361912
2072,no_feedback,46,2,5,1,0,-1.0,0.0,1,0,1,0,0.0,0.0013469771349361912
2073,no_feedback,46,7,3,0,0,-1.0,0.0,1,0,1,0,0.0,0.0013469771349361912
2074,no_feedback,46,0,5,1,0,-1.0,0.0,1,0,1,0,0.0,0.0013469771349361912
2075,no_feedback,46,0,5,1,0,-1.0,0.0,1,0,1,0,0.0,0.0013469771349361912
2076,no_feedback,46,2,5,1,0,-1.0,0.0,1,0,1,0,0.0,0.0013469771349361912
2077,no_feedback,46,2,5,1,0,-1.0,0.0,1,0,1,0,0.0,0.0013469771349361912
2078,no_feedback,46,0,3,0,0,-1.0,0.0,1,0,1,0,0.0,0.0013469771349361912
2079,no_feedback,46,5,5,1,1,1.0,0.0,0,nan,nan,nan,0.0,0.0013469771349361912
2080,no_feedback,46,1,4,0,0,-1.0,0.0,1,1,0,0,0.0,0.0013469771349361912
2081,no_feedback,46,7,3,0,0,-1.0,0.0,1,0,1,0,0.0,0.0013469771349361912
2082,no_feedback,46,1,3,0,0,-1.0,0.0,1,0,1,0,0.0,0.0013469771349361912
2083,no_feedback,46,2,5,1,0,-1.0,0.0,1,0,1,0,0.0,0.0013469771349361912
2084,no_feedback,46,4,5,1,1,1.0,0.0,0,nan,nan,nan,0.0,0.0013469771349361912
2085,no_feedback,46,4,6,1,0,-1.0,0.0,1,1,0,0,0.0,0.0013469771349361912
2086,no_feedback,46,7,3,0,0,-1.0,0.0,1,0,1,0,0.0,0.0013469771349361912
2087,no_feedback,46,7,3,0,0,-1.0,0.0,1,0,1,0,0.0,0.0013469771349361912
2088,no_feedback,46,2,5,1,0,-1.0,0.0,1,0,1,0,0.0,0.0013469771349361912
2089,no_feedback,46,3,5,1,0,-1.0,0.0,1,0,1,0,0.0,0.0013469771349361912
2090,no_feedback,46,6,3,0,0,-1.0,0.0,1,0,1,0,0.0,0.0013469771349361912
2091,no_feedback,46,4,5,1,1,1.0,0.0,0,nan,nan,nan,0.0,0.0013469771349361912
2092,no_feedback,46,7,4,0,0,-1.0,0.0,1,1,0,0,0.0,0.0013469771349361912
2093,no_feedback,46,7,3,0,0,-1.0,0.0,1,0,1,0,0.0,0.0013469771349361912
2094,no_feedback,46,4,5,1,1,1.0,0.0,0,nan,nan,nan,0.0,0.0013469771349361912
2095,no_feedback,46,0,6,1,0,-1.0,0.0,1,1,0,0,0.0,0.0013469771349361912
2096,no_feedback,46,6,5,1,1,1.0,0.0,0,nan,nan,nan,0.0,0.0013469771349361912
2097,no_feedback,46,7,4,0,0,-1.0,0.0,1,1,0,0,0.0,0.0013469771349361912
2098,no_feedback,46,2,5,1,0,-1.0,0.0,1,0,1,0,0.0,0.0013469771349361912
2099,no_feedback,46,3,3,0,1,1.0,0.0,0,nan,nan,nan,0.0,0.0013469771349361912
2100,no_feedback,46,6,2,0,0,-1.0,0.0,1,1,0,0,0.0,0.0013469771349361912
2101,no_feedback,46,5,3,0,0,-1.0,0.0,1,0,1,0,0.0,0.0013469771349361912
2102,no_feedback,46,0,5,1,0,-1.0,0.0,1,0,1,0,0.0,0.0013469771349361912
2103,no_feedback,46,6,5,1,1,1.0,0.0,0,nan,nan,nan,0.0,0.0013469771349361912
2104,no_feedback,46,4,6,1,0,-1.0,0.0,1,1,0,0,0.0,0.0013469771349361912
2105,no_feedback,46,4,5,1,1,1.0,0.0,0,nan,nan,nan,0.0,0.0013469771349361912
2106,no_feedback,46,1,4,0,0,-1.0,0.0,1,1,0,0,0.0,0.0013469771349361912
2107,no_feedback,46,4,5,1,1,1.0,0.0,0,nan,nan,nan,0.0,0.0013469771349361912
2108,no_feedback,46,6,4,0,0,-1.0,0.0,1,1,0,0,0.0,0.0013469771349361912
2109,no_feedback,46,2,5,1,0,-1.0,0.0,1,0,1,0,0.0,0.0013469771349361912
2110,no_feedback,46,5,5,1,1,1.0,0.0,0,nan,nan,nan,0.0,0.0013469771349361912
2111,no_feedback,46,4,6,1,0,-1.0,0.0,1,1,0,0,0.0,0.0013469771349361912
2112,no_feedback,46,1,3,0,0,-1.0,0.0,1,0,1,0,0.0,0.0013469771349361912
2113,no_feedback,46,3,5,1,0,-1.0,0.0,1,0,1,0,0.0,0.0013469771349361912
2114,no_feedback,46,6,5,1,1,1.0,0.0,0,nan,nan,nan,0.0,0.0013469771349361912
2115,no_feedback,46,2,6,1,0,-1.0,0.0,1,1,0,0,0.0,0.0013469771349361912
2116,no_feedback,46,0,5,1,0,-1.0,0.0,1,0,1,0,0.0,0.0013469771349361912
2117,no_feedback,46,7,3,0,0,-1.0,0.0,1,0,1,0,0.0,0.0013469771349361912
2118,no_feedback,46,0,5,1,0,-1.0,0.0,1,0,1,0,0.0,0.0013469771349361912
2119,no_feedback,46,4,5,1,1,1.0,0.0,0,nan,nan,nan,0.0,0.0013469771349361912
2120,no_feedback,46,4,4,0,1,1.0,0.0,0,nan,nan,nan,0.0,0.0013469771349361912
2121,no_feedback,46,5,5,1,1,1.0,0.0,0,nan,nan,nan,0.0,0.0013469771349361912
2122,no_feedback,46,8,4,0,0,-1.0,0.0,1,3,0,1,0.0,0.0013469771349361912
2123,no_feedback,46,8,5,1,0,-1.0,0.0,1,0,1,0,0.0,0.0013469771349361912
2124,no_feedback,46,6,3,0,0,-1.0,0.0,1,0,1,0,0.0,0.0013469771349361912
2125,no_feedback,46,7,3,0,0,-1.0,0.0,1,0,1,0,0.0,0.0013469771349361912
2126,no_feedback,46,3,3,0,1,1.0,0.0,0,nan,nan,nan,0.0,0.0013469771349361912
2127,no_feedback,46,6,2,0,0,-1.0,0.0,1,1,0,0,0.0,0.0013469771349361912
2128,no_feedback,46,7,3,0,0,-1.0,0.0,1,0,1,0,0.0,0.0013469771349361912
2129,no_feedback,46,3,5,1,0,-1.0,0.0,1,0,1,0,0.0,0.0013469771349361912
2130,no_feedback,46,6,3,0,0,-1.0,0.0,1,0,1,0,0.0,0.0013469771349361912
2131,no_feedback,46,7,3,0,0,-1.0,0.0,1,0,1,0,0.0,0.0013469771349361912
2132,no_feedback,46,6,5,1,1,1.0,0.0,0,nan,nan,nan,0.0,0.0013469771349361912
2133,no_feedback,46,7,4,0,0,-1.0,0.0,1,1,0,0,0.0,0.0013469771349361912
2134,no_feedback,46,3,3,0,1,1.0,0.0,0,nan,nan,nan,0.0,0.0013469771349361912
2135,no_feedback,46,4,2,0,0,-1.0,0.0,1,1,0,0,0.0,0.0013469771349361912
2136,no_feedback,46,1,5,1,0,-1.0,0.0,1,0,1,0,0.0,0.0013469771349361912
2137,no_feedback,46,4,5,1,1,1.0,0.0,0,nan,nan,nan,0.0,0.0013469771349361912
2138,no_feedback,46,0,6,1,0,-1.0,0.0,1,1,0,0,0.0,0.0013469771349361912
2139,no_feedback,46,4,5,1,1,1.0,0.0,0,nan,nan,nan,0.0,0.0013469771349361912
2140,no_feedback,46,3,6,1,0,-1.0,0.0,1,1,0,0,0.0,0.0013469771349361912
2141,no_feedback,46,6,5,1,1,1.0,0.0,0,nan,nan,nan,0.0,0.0013469771349361912
2142,no_feedback,46,1,4,0,0,-1.0,0.0,1,1,0,0,0.0,0.0013469771349361912
2143,no_feedback,46,7,3,0,0,-1.0,0.0,1,0,1,0,0.0,0.0013469771349361912
2144,no_feedback,46,8,5,1,0,-1.0,0.0,1,0,1,0,0.0,0.0013469771349361912
2145,no_feedback,46,7,3,0,0,-1.0,0.0,1,0,1,0,0.0,0.0013469771349361912
2146,no_feedback,46,7,3,0,0,-1.0,0.0,1,0,1,0,0.0,0.0013469771349361912
2147,no_feedback,46,8,3,0,0,-1.0,0.0,1,0,1,0,0.0,0.0013469771349361912
2148,no_feedback,46,1,5,1,0,-1.0,0.0,1,0,1,0,0.0,0.0013469771349361912
2149,no_feedback,46,5,3,0,0,-1.0,0.0,1,0,1,0,0.0,0.0013469771349361912
2150,no_feedback,46,3,3,0,1,1.0,0.0,0,nan,nan,nan,0.0,0.0013469771349361912
2151,no_feedback,46,6,2,0,0,-1.0,0.0,1,1,0,0,0.0,0.0013469771349361912
2152,no_feedback,46,7,3,0,0,-1.0,0.0,1,0,1,0,0.0,0.0013469771349361912
2153,no_feedback,46,2,5,1,0,-1.0,0.0,1,0,1,0,0.0,0.0013469771349361912
2154,no_feedback,46,0,5,1,0,-1.0,0.0,1,0,1,0,0.0,0.0013469771349361912
2155,no_feedback,46,2,5,1,0,-1.0,0.0,1,0,1,0,0.0,0.0013469771349361912
2156,no_feedback,46,8,3,0,0,-1.0,0.0,1,0,1,0,0.0,0.0013469771349361912
2157,no_feedback,46,3,3,0,1,1.0,0.0,0,nan,nan,nan,0.0,0.0013469771349361912
2158,no_feedback,46,1,4,1,0,-1.0,0.0,1,1,0,0,0.0,0.0013469771349361912
2159,no_feedback,46,8,5,1,0,-1.0,0.0,1,0,1,0,0.0,0.0013469771349361912
2160,no_feedback,46,4,5,1,1,1.0,0.0,0,nan,nan,nan,0.0,0.0013469771349361912
2161,no_feedback,46,8,4,0,0,-1.0,0.0,1,1,0,0,0.0,0.0013469771349361912
2162,no_feedback,46,4,5,1,1,1.0,0.0,0,nan,nan,nan,0.0,0.0013469771349361912
2163,no_feedback,46,7,4,0,0,-1.0,0.0,1,1,0,0,0.0,0.0013469771349361912
2164,no_feedback,46,1,5,1,0,-1.0,0.0,1,0,1,0,0.0,0.0013469771349361912
2165,no_feedback,46,5,3,0,0,-1.0,0.0,1,0,1,0,0.0,0.0013469771349361912
2166,no_feedback,46,2,5,1,0,-1.0,0.0,1,0,1,0,0.0,0.0013469771349361912
2167,no_feedback,46,1,3,0,0,-1.0,0.0,1,0,1,0,0.0,0.0013469771349361912
2168,no_feedback,46,8,3,0,0,-1.0,0.0,1,0,1,0,0.0,0.0013469771349361912
2169,no_feedback,46,2,5,1,0,-1.0,0.0,1,0,1,0,0.0,0.0013469771349361912
2170,no_feedback,46,2,5,1,0,-1.0,0.0,1,0,1,0,0.0,0.0013469771349361912
2171,no_feedback,46,3,3,0,1,1.0,0.0,0,nan,nan,nan,0.0,0.0013469771349361912
2172,no_feedback,46,2,2,0,1,1.0,0.0,0,nan,nan,nan,0.0,0.0013469771349361912
2173,no_feedback,46,5,1,0,0,-1.0,0.0,1,2,0,0,0.0,0.0013469771349361912
2174,no_feedback,46,3,5,1,0,-1.0,0.0,1,0,1,0,0.0,0.0013469771349361912
2175,no_feedback,46,2,3,0,1,1.0,0.0,0,nan,nan,nan,0.0,0.0013469771349361912
2176,no_feedback,46,2,2,0,1,1.0,0.0,0,nan,nan,nan,0.0,0.0013469771349361912
2177,no_feedback,46,3,1,0,0,-1.0,0.0,1,2,0,0,0.0,0.0013469771349361912
2178,no_feedback,46,7,3,0,0,-1.0,0.0,1,0,1,0,0.0,0.0013469771349361912
2179,no_feedback,46,7,3,0,0,-1.0,0.0,1,0,1,0,0.0,0.0013469771349361912
2180,no_feedback,46,0,3,0,0,-1.0,0.0,1,0,1,0,0.0,0.0013469771349361912
2181,no_feedback,46,8,3,0,0,-1.0,0.0,1,0,1,0,0.0,0.0013469771349361912
2182,no_feedback,46,8,5,1,0,-1.0,0.0,1,0,1,0,0.0,0.0013469771349361912
2183,no_feedback,46,3,3,0,1,1.0,0.0,0,nan,nan,nan,0.0,0.0013469771349361912
2184,no_feedback,46,2,2,0,1,1.0,0.0,0,nan,nan,nan,0.0,0.0013469771349361912
2185,no_feedback,46,8,3,1,0,-1.0,0.0,1,2,0,0,0.0,0.0013469771349361912
2186,no_feedback,46,3,5,1,0,-1.0,0.0,1,0,1,0,0.0,0.0013469771349361912
2187,no_feedback,46,4,5,1,1,1.0,0.0,0,nan,nan,nan,0.0,0.0013469771349361912
2188,no_feedback,46,3,6,1,0,-1.0,0.0,1,1,0,0,0.0,0.0013469771349361912
2189,no_feedback,46,8,5,1,0,-1.0,0.0,1,0,1,0,0.0,0.0013469771349361912
2190,no_feedback,46,3,3,0,1,1.0,0.0,0,nan,nan,nan,0.0,0.0013469771349361912
2191,no_feedback,46,4,4,1,1,1.0,0.0,0,nan,nan,nan,0.0,0.0013469771349361912
2192,no_feedback,46,1,5,1,0,-1.0,0.0,1,2,0,0,0.0,0.0013469771349361912
2193,no_feedback,46,8,3,0,0,-1.0,0.0,1,0,1,0,0.0,0.0013469771349361912
2194,no_feedback,46,0,5,1,0,-1.0,0.0,1,0,1,0,0.0,0.0013469771349361912
2195,no_feedback,46,0,5,1,0,-1.0,0.0,1,0,1,0,0.0,0.0013469771349361912
2196,no_feedback,46,3,3,0,1,1.0,0.0,0,nan,nan,nan,0.0,0.0013469771349361912
2197,no_feedback,46,3,4,1,1,1.0,0.0,0,nan,nan,nan,0.0,0.0013469771349361912
2198,no_feedback,46,7,3,0,0,-1.0,0.0,1,2,0,0,0.0,0.0013469771349361912
2199,no_feedback,46,7,3,0,0,-1.0,0.0,1,0,1,0,0.0,0.0013469771349361912
2200,no_feedback,46,7,3,0,0,-1.0,0.0,1,0,1,0,0.0,0.0013469771349361912
2201,no_feedback,46,3,5,1,0,-1.0,0.0,1,0,1,0,0.0,0.0013469771349361912
2202,no_feedback,46,3,3,0,1,1.0,0.0,0,nan,nan,nan,0.0,0.0013469771349361912
2203,no_feedback,46,7,4,1,0,-1.0,0.0,1,1,0,0,0.0,0.0013469771349361912
2204,no_feedback,46,1,3,0,0,-1.0,0.0,1,0,1,0,0.0,0.0013469771349361912
2205,no_feedback,46,5,5,1,1,1.0,0.0,0,nan,nan,nan,0.0,0.0013469771349361912
2206,no_feedback,46,7,4,0,0,-1.0,0.0,1,1,0,0,0.0,0.0013469771349361912
2207,no_feedback,46,4,5,1,1,1.0,0.0,0,nan,nan,nan,0.0,0.0013469771349361912
2208,no_feedback,46,3,6,1,0,-1.0,0.0,1,1,0,0,0.0,0.0013469771349361912
2209,no_feedback,46,1,3,0,0,-1.0,0.0,1,0,1,0,0.0,0.0013469771349361912
2210,no_feedback,46,1,3,0,0,-1.0,0.0,1,0,1,0,0.0,0.0013469771349361912
2211,no_feedback,46,2,5,1,0,-1.0,0.0,1,0,1,0,0.0,0.0013469771349361912
2212,no_feedback,46,6,5,1,1,1.0,0.0,0,nan,nan,nan,0.0,0.0013469771349361912
2213,no_feedback,46,4,6,1,0,-1.0,0.0,1,1,0,0,0.0,0.0013469771349361912
2214,no_feedback,46,5,3,0,0,-1.0,0.0,1,0,1,0,0.0,0.0013469771349361912
2215,no_feedback,46,8,5,1,0,-1.0,0.0,1,0,1,0,0.0,0.0013469771349361912
2216,no_feedback,46,4,5,1,1,1.0,0.0,0,nan,nan,nan,0.0,0.0013469771349361912
2217,no_feedback,46,5,6,1,1,1.0,0.0,0,nan,nan,nan,0.0,0.0013469771349361912
2218,no_feedback,46,5,7,1,0,-1.0,0.0,1,2,0,0,0.0,0.0013469771349361912
2219,no_feedback,46,2,5,1,0,-1.0,0.0,1,0,1,0,0.0,0.0013469771349361912
2220,no_feedback,46,0,3,0,0,-1.0,0.0,1,0,1,0,0.0,0.0013469771349361912
2221,no_feedback,46,1,3,0,0,-1.0,0.0,1,0,1,0,0.0,0.0013469771349361912
2222,no_feedback,46,5,3,0,0,-1.0,0.0,1,0,1,0,0.0,0.0013469771349361912
2223,no_feedback,46,6,5,1,1,1.0,0.0,0,nan,nan,nan,0.0,0.0013469771349361912
2224,no_feedback,46,3,6,1,0,-1.0,0.0,1,1,0,0,0.0,0.0013469771349361912
2225,no_feedback,46,5,3,0,0,-1.0,0.0,1,0,1,0,0.0,0.0013469771349361912
2226,no_feedback,46,1,5,1,0,-1.0,0.0,1,0,1,0,0.0,0.0013469771349361912
2227,no_feedback,46,7,3,0,0,-1.0,0.0,1,0,1,0,0.0,0.0013469771349361912
2228,no_feedback,46,3,3,0,1,1.0,0.0,0,nan,nan,nan,0.0,0.0013469771349361912
2229,no_feedback,46,7,4,1,0,-1.0,0.0,1,1,0,0,0.0,0.0013469771349361912
2230,no_feedback,46,8,3,0,0,-1.0,0.0,1,0,1,0,0.0,0.0013469771349361912
2231,no_feedback,46,5,5,1,1,1.0,0.0,0,nan,nan,nan,0.0,0.0013469771349361912
2232,no_feedback,46,4,6,1,0,-1.0,0.0,1,1,0,0,0.0,0.0013469771349361912
2233,no_feedback,46,0,3,0,0,-1.0,0.0,1,0,1,0,0.0,0.0013469771349361912
2234,no_feedback,46,1,3,0,0,-1.0,0.0,1,0,1,0,0.0,0.0013469771349361912
2235,no_feedback,46,1,5,1,0,-1.0,0.0,1,0,1,0,0.0,0.0013469771349361912
2236,no_feedback,46,3,5,1,0,-1.0,0.0,1,0,1,0,0.0,0.0013469771349361912
2237,no_feedback,46,0,3,0,0,-1.0,0.0,1,0,1,0,0.0,0.0013469771349361912
2238,no_feedback,46,3,3,0,1,1.0,0.0,0,nan,nan,nan,0.0,0.0013469771349361912
2239,no_feedback,46,1,4,1,0,-1.0,0.0,1,1,0,0,0.0,0.0013469771349361912
2240,no_feedback,46,7,3,0,0,-1.0,0.0,1,0,1,0,0.0,0.0013469771349361912
2241,no_feedback,46,5,5,1,1,1.0,0.0,0,nan,nan,nan,0.0,0.0013469771349361912
2242,no_feedback,46,1,4,0,0,-1.0,0.0,1,1,0,0,0.0,0.0013469771349361912
2243,no_feedback,46,5,5,1,1,1.0,0.0,0,nan,nan,nan,0.0,0.0013469771349361912
2244,no_feedback,46,8,4,0,0,-1.0,0.0,1,1,0,0,0.0,0.0013469771349361912
2245,no_feedback,46,4,3,0,1,1.0,0.0,0,nan,nan,nan,0.0,0.0013469771349361912
2246,no_feedback,46,5,2,0,0,-1.0,0.0,1,1,0,0,0.0,0.0013469771349361912
2247,no_feedback,46,2,5,1,0,-1.0,0.0,1,0,1,0,0.0,0.0013469771349361912
2248,no_feedback,46,8,3,0,0,-1.0,0.0,1,0,1,0,0.0,0.0013469771349361912
2249,no_feedback,46,2,5,1,0,-1.0,0.0,1,0,1,0,0.0,0.0013469771349361912
2250,no_feedback,46,6,5,1,1,1.0,0.0,0,nan,nan,nan,0.0,0.0013469771349361912
2251,no_feedback,46,6,4,0,0,-1.0,0.0,1,1,0,0,0.0,0.0013469771349361912
2252,no_feedback,46,2,5,1,0,-1.0,0.0,1,0,1,0,0.0,0.0013469771349361912
2253,no_feedback,46,0,5,1,0,-1.0,0.0,1,0,1,0,0.0,0.0013469771349361912
2254,no_feedback,46,8,3,0,0,-1.0,0.0,1,0,1,0,0.0,0.0013469771349361912
2255,no_feedback,46,7,3,0,0,-1.0,0.0,1,0,1,0,0.0,0.0013469771349361912
2256,no_feedback,46,1,3,0,0,-1.0,0.0,1,0,1,0,0.0,0.0013469771349361912
2257,no_feedback,46,6,3,0,0,-1.0,0.0,1,0,1,0,0.0,0.0013469771349361912
2258,no_feedback,46,6,5,1,1,1.0,0.0,0,nan,nan,nan,0.0,0.0013469771349361912
2259,no_feedback,46,4,6,1,0,-1.0,0.0,1,1,0,0,0.0,0.0013469771349361912
2260,no_feedback,46,3,5,1,0,-1.0,0.0,1,0,1,0,0.0,0.0013469771349361912
2261,no_feedback,46,0,5,1,0,-1.0,0.0,1,0,1,0,0.0,0.0013469771349361912
2262,no_feedback,46,6,5,1,1,1.0,0.0,0,nan,nan,nan,0.0,0.0013469771349361912
2263,no_feedback,46,4,4,0,1,1.0,0.0,0,nan,nan,nan,0.0,0.0013469771349361912
2264,no_feedback,46,6,5,1,1,1.0,0.0,0,nan,nan,nan,0.0,0.0013469771349361912
2265,no_feedback,46,5,6,1,1,1.0,0.0,0,nan,nan,nan,0.0,0.0013469771349361912
2266,no_feedback,46,2,7,1,0,-1.0,0.0,1,4,0,1,0.0,0.0013469771349361912
2267,no_feedback,46,5,5,1,1,1.0,0.0,0,nan,nan,nan,0.0,0.0013469771349361912
2268,no_feedback,46,1,4,0,0,-1.0,0.0,1,1,0,0,0.0,0.0013469771349361912
2269,no_feedback,46,0,5,1,0,-1.0,0.0,1,0,1,0,0.0,0.0013469771349361912
2270,no_feedback,46,3,3,0,1,1.0,0.0,0,nan,nan,nan,0.0,0.0013469771349361912
2271,no_feedback,46,0,2,0,0,-1.0,0.0,1,1,0,0,0.0,0.0013469771349361912
2272,no_feedback,46,6,5,1,1,1.0,0.0,0,nan,nan,nan,0.0,0.0013469771349361912
2273,no_feedback,46,8,4,0,0,-1.0,0.0,1,1,0,0,0.0,0.0013469771349361912
2274,no_feedback,46,7,3,0,0,-1.0,0.0,1,0,1,0,0.0,0.0013469771349361912
2275,no_feedback,46,5,3,0,0,-1.0,0.0,1,0,1,0,0.0,0.0013469771349361912
2276,no_feedback,46,6,3,0,0,-1.0,0.0,1,0,1,0,0.0,0.0013469771349361912
2277,no_feedback,46,2,5,1,0,-1.0,0.0,1,0,1,0,0.0,0.0013469771349361912
2278,no_feedback,46,8,3,0,0,-1.0,0.0,1,0,1,0,0.0,0.0013469771349361912
2279,no_feedback,46,5,3,0,0,-1.0,0.0,1,0,1,0,0.0,0.0013469771349361912
2280,no_feedback,46,2,3,0,1,1.0,0.0,0,nan,nan,nan,0.0,0.0013469771349361912
2281,no_feedback,46,4,4,1,1,1.0,0.0,0,nan,nan,nan,0.0,0.0013469771349361912
2282,no_feedback,46,7,3,0,0,-1.0,0.0,1,2,0,0,0.0,0.0013469771349361912
2283,no_feedback,46,5,3,0,0,-1.0,0.0,1,0,1,0,0.0,0.0013469771349361912
2284,no_feedback,46,0,3,0,0,-1.0,0.0,1,0,1,0,0.0,0.0013469771349361912
2285,no_feedback,46,1,5,1,0,-1.0,0.0,1,0,1,0,0.0,0.0013469771349361912
2286,no_feedback,46,3,5,1,0,-1.0,0.0,1,0,1,0,0.0,0.0013469771349361912
2287,no_feedback,46,8,5,1,0,-1.0,0.0,1,0,1,0,0.0,0.0013469771349361912
2288,no_feedback,46,1,5,1,0,-1.0,0.0,1,0,1,0,0.0,0.0013469771349361912
2289,no_feedback,46,8,5,1,0,-1.0,0.0,1,0,1,0,0.0,0.0013469771349361912
2290,no_feedback,46,6,5,1,1,1.0,0.0,0,nan,nan,nan,0.0,0.0013469771349361912
2291,no_feedback,46,0,6,1,0,-1.0,0.0,1,1,0,0,0.0,0.0013469771349361912
2292,no_feedback,46,7,3,0,0,-1.0,0.0,1,0,1,0,0.0,0.0013469771349361912
2293,no_feedback,46,4,5,1,1,1.0,0.0,0,nan,nan,nan,0.0,0.0013469771349361912
2294,no_feedback,46,6,6,1,1,1.0,0.0,0,nan,nan,nan,0.0,0.0013469771349361912
2295,no_feedback,46,4,7,1,0,-1.0,0.0,1,2,0,0,0.0,0.0013469771349361912
2296,no_feedback,46,4,5,1,1,1.0,0.0,0,nan,nan,nan,0.0,0.0013469771349361912
2297,no_feedback,46,7,4,0,0,-1.0,0.0,1,1,0,0,0.0,0.0013469771349361912
2298,no_feedback,46,8,5,1,0,-1.0,0.0,1,0,1,0,0.0,0.0013469771349361912
2299,no_feedback,46,7,3,0,0,-1.0,0.0,1,0,1,0,0.0,0.0013469771349361912
2300,no_feedback,46,3,3,0,1,1.0,0.0,0,nan,nan,nan,0.0,0.0013469771349361912
2301,no_feedback,46,2,2,0,1,1.0,0.0,0,nan,nan,nan,0.0,0.0013469771349361912
2302,no_feedback,46,0,3,1,0,-1.0,0.0,1,2,0,0,0.0,0.0013469771349361912
2303,no_feedback,46,5,3,0,0,-1.0,0.0,1,0,1,0,0.0,0.0013469771349361912
2304,no_feedback,46,6,5,1,1,1.0,0.0,0,nan,nan,nan,0.0,0.0013469771349361912
2305,no_feedback,46,7,4,0,0,-1.0,0.0,1,1,0,0,0.0,0.0013469771349361912
2306,no_feedback,46,2,5,1,0,-1.0,0.0,1,0,1,0,0.0,0.0013469771349361912
2307,no_feedback,46,0,5,1,0,-1.0,0.0,1,0,1,0,0.0,0.0013469771349361912
2308,no_feedback,46,7,3,0,0,-1.0,0.0,1,0,1,0,0.0,0.0013469771349361912
2309,no_feedback,46,8,5,1,0,-1.0,0.0,1,0,1,0,0.0,0.0013469771349361912
2310,no_feedback,46,6,5,1,1,1.0,0.0,0,nan,nan,nan,0.0,0.0013469771349361912
2311,no_feedback,46,5,6,1,1,1.0,0.0,0,nan,nan,nan,0.0,0.0013469771349361912
2312,no_feedback,46,6,7,1,1,1.0,0.0,0,nan,nan,nan,0.0,0.0013469771349361912
2313,no_feedback,46,3,6,0,0,-1.0,0.0,1,3,0,1,0.0,0.0013469771349361912
2314,no_feedback,46,2,5,1,0,-1.0,0.0,1,0,1,0,0.0,0.0013469771349361912
2315,no_feedback,46,2,5,1,0,-1.0,0.0,1,0,1,0,0.0,0.0013469771349361912
2316,no_feedback,46,5,3,0,0,-1.0,0.0,1,0,1,0,0.0,0.0013469771349361912
2317,no_feedback,46,6,3,0,0,-1.0,0.0,1,0,1,0,0.0,0.0013469771349361912
2318,no_feedback,46,3,3,0,1,1.0,0.0,0,nan,nan,nan,0.0,0.0013469771349361912
2319,no_feedback,46,8,2,0,0,-1.0,0.0,1,1,0,0,0.0,0.0013469771349361912
2320,no_feedback,46,2,5,1,0,-1.0,0.0,1,0,1,0,0.0,0.0013469771349361912
2321,no_feedback,46,1,3,0,0,-1.0,0.0,1,0,1,0,0.0,0.0013469771349361912
2322,no_feedback,46,2,5,1,0,-1.0,0.0,1,0,1,0,0.0,0.0013469771349361912
2323,no_feedback,46,8,5,1,0,-1.0,0.0,1,0,1,0,0.0,0.0013469771349361912
2324,no_feedback,46,1,5,1,0,-1.0,0.0,1,0,1,0,0.0,0.0013469771349361912
2325,no_feedback,46,5,5,1,1,1.0,0.0,0,nan,nan,nan,0.0,0.0013469771349361912
2326,no_feedback,46,1,4,0,0,-1.0,0.0,1,1,0,0,0.0,0.0013469771349361912
2327,no_feedback,46,4,5,1,1,1.0,0.0,0,nan,nan,nan,0.0,0.0013469771349361912
2328,no_feedback,46,5,6,1,1,1.0,0.0,0,nan,nan,nan,0.0,0.0013469771349361912
2329,no_feedback,46,6,7,1,1,1.0,0.0,0,nan,nan,nan,0.0,0.0013469771349361912
2330,no_feedback,46,7,8,1,1,1.0,0.0,0,nan,nan,nan,0.0,0.0013469771349361912
2331,no_feedback,46,4,7,0,0,-1.0,0.0,1,4,0,1,0.0,0.0013469771349361912
2332,no_feedback,46,5,5,1,1,1.0,0.0,0,nan,nan,nan,0.0,0.0013469771349361912
2333,no_feedback,46,7,6,1,1,1.0,0.0,0,nan,nan,nan,0.0,0.0013469771349361912
2334,no_feedback,46,8,7,1,1,1.0,0.0,0,nan,nan,nan,0.0,0.0013469771349361912
2335,no_feedback,46,5,8,1,0,-1.0,0.0,1,3,0,1,0.0,0.0013469771349361912
2336,no_feedback,46,8,5,1,0,-1.0,0.0,1,0,1,0,0.0,0.0013469771349361912
2337,no_feedback,46,6,3,0,0,-1.0,0.0,1,0,1,0,0.0,0.0013469771349361912
2338,no_feedback,46,7,3,0,0,-1.0,0.0,1,0,1,0,0.0,0.0013469771349361912
2339,no_feedback,46,3,3,0,1,1.0,0.0,0,nan,nan,nan,0.0,0.0013469771349361912
2340,no_feedback,46,1,4,1,0,-1.0,0.0,1,1,0,0,0.0,0.0013469771349361912
2341,no_feedback,46,4,5,1,1,1.0,0.0,0,nan,nan,nan,0.0,0.0013469771349361912
2342,no_feedback,46,6,6,1,1,1.0,0.0,0,nan,nan,nan,0.0,0.0013469771349361912
2343,no_feedback,46,0,7,1,0,-1.0,0.0,1,2,0,0,0.0,0.0013469771349361912
2344,no_feedback,46,7,3,0,0,-1.0,0.0,1,0,1,0,0.0,0.0013469771349361912
2345,no_feedback,46,8,5,1,0,-1.0,0.0,1,0,1,0,0.0,0.0013469771349361912
2346,no_feedback,46,0,3,0,0,-1.0,0.0,1,0,1,0,0.0,0.0013469771349361912
2347,no_feedback,46,1,3,0,0,-1.0,0.0,1,0,1,0,0.0,0.0013469771349361912
2348,no_feedback,46,6,3,0,0,-1.0,0.0,1,0,1,0,0.0,0.0013469771349361912
2349,no_feedback,46,1,5,1,0,-1.0,0.0,1,0,1,0,0.0,0.0013469771349361912
2350,no_feedback,46,5,5,1,1,1.0,0.0,0,nan,nan,nan,0.0,0.0013469771349361912
2351,no_feedback,46,0,4,0,0,-1.0,0.0,1,1,0,0,0.0,0.0013469771349361912
2352,no_feedback,46,8,3,0,0,-1.0,0.0,1,0,1,0,0.0,0.0013469771349361912
2353,no_feedback,46,8,5,1,0,-1.0,0.0,1,0,1,0,0.0,0.0013469771349361912
2354,no_feedback,46,2,5,1,0,-1.0,0.0,1,0,1,0,0.0,0.0013469771349361912
2355,no_feedback,46,0,5,1,0,-1.0,0.0,1,0,1,0,0.0,0.0013469771349361912
2356,no_feedback,46,6,3,0,0,-1.0,0.0,1,0,1,0,0.0,0.0013469771349361912
2357,no_feedback,46,4,5,1,1,1.0,0.0,0,nan,nan,nan,0.0,0.0013469771349361912
2358,no_feedback,46,7,6,1,1,1.0,0.0,0,nan,nan,nan,0.0,0.0013469771349361912
2359,no_feedback,46,7,7,1,1,1.0,0.0,0,nan,nan,nan,0.0,0.0013469771349361912
2360,no_feedback,46,3,6,0,0,-1.0,0.0,1,3,0,1,0.0,0.0013469771349361912
2361,no_feedback,46,3,3,0,1,1.0,0.0,0,nan,nan,nan,0.0,0.0013469771349361912
2362,no_feedback,46,1,4,1,0,-1.0,0.0,1,1,0,0,0.0,0.0013469771349361912
2363,no_feedback,46,5,5,1,1,1.0,0.0,0,nan,nan,nan,0.0,0.0013469771349361912
2364,no_feedback,46,8,6,1,0,-1.0,0.0,1,1,0,0,0.0,0.0013469771349361912
2365,no_feedback,46,1,5,1,0,-1.0,0.0,1,0,1,0,0.0,0.0013469771349361912
2366,no_feedback,46,8,5,1,0,-1.0,0.0,1,0,1,0,0.0,0.0013469771349361912
2367,no_feedback,46,1,3,0,0,-1.0,0.0,1,0,1,0,0.0,0.0013469771349361912
2368,no_feedback,46,5,5,1,1,1.0,0.0,0,nan,nan,nan,0.0,0.0013469771349361912
2369,no_feedback,46,3,6,1,0,-1.0,0.0,1,1,0,0,0.0,0.0013469771349361912
2370,no_feedback,46,4,5,1,1,1.0,0.0,0,nan,nan,nan,0.0,0.0013469771349361912
2371,no_feedback,46,1,4,0,0,-1.0,0.0,1,1,0,0,0.0,0.0013469771349361912
2372,no_feedback,46,8,5,1,0,-1.0,0.0,1,0,1,0,0.0,0.0013469771349361912
2373,no_feedback,46,8,5,1,0,-1.0,0.0,1,0,1,0,0.0,0.0013469771349361912
2374,no_feedback,46,7,3,0,0,-1.0,0.0,1,0,1,0,0.0,0.0013469771349361912
2375,no_feedback,46,3,3,0,1,1.0,0.0,0,nan,nan,nan,0.0,0.0013469771349361912
2376,no_feedback,46,2,2,0,1,1.0,0.0,0,nan,nan,nan,0.0,0.0013469771349361912
2377,no_feedback,46,3,1,0,0,-1.0,0.0,1,2,0,0,0.0,0.0013469771349361912
2378,no_feedback,46,0,5,1,0,-1.0,0.0,1,0,1,0,0.0,0.0013469771349361912
2379,no_feedback,46,6,3,0,0,-1.0,0.0,1,0,1,0,0.0,0.0013469771349361912
2380,no_feedback,46,7,3,0,0,-1.0,0.0,1,0,1,0,0.0,0.0013469771349361912
2381,no_feedback,46,8,3,0,0,-1.0,0.0,1,0,1,0,0.0,0.0013469771349361912
2382,no_feedback,46,0,5,1,0,-1.0,0.0,1,0,1,0,0.0,0.0013469771349361912
2383,no_feedback,46,6,5,1,1,1.0,0.0,0,nan,nan,nan,0.0,0.0013469771349361912
2384,no_feedback,46,1,6,1,0,-1.0,0.0,1,1,0,0,0.0,0.0013469771349361912
2385,no_feedback,46,3,5,1,0,-1.0,0.0,1,0,1,0,0.0,0.0013469771349361912
2386,no_feedback,46,6,3,0,0,-1.0,0.0,1,0,1,0,0.0,0.0013469771349361912
2387,no_feedback,46,4,5,1,1,1.0,0.0,0,nan,nan,nan,0.0,0.0013469771349361912
2388,no_feedback,46,8,4,0,0,-1.0,0.0,1,1,0,0,0.0,0.0013469771349361912
2389,no_feedback,46,6,5,1,1,1.0,0.0,0,nan,nan,nan,0.0,0.0013469771349361912
2390,no_feedback,46,1,4,0,0,-1.0,0.0,1,1,0,0,0.0,0.0013469771349361912
2391,no_feedback,46,5,3,0,0,-1.0,0.0,1,0,1,0,0.0,0.0013469771349361912
2392,no_feedback,46,3,3,0,1,1.0,0.0,0,nan,nan,nan,0.0,0.0013469771349361912
2393,no_feedback,46,7,4,1,0,-1.0,0.0,1,1,0,0,0.0,0.0013469771349361912
2394,no_feedback,46,6,5,1,1,1.0,0.0,0,nan,nan,nan,0.0,0.0013469771349361912
2395,no_feedback,46,4,4,0,1,1.0,0.0,0,nan,nan,nan,0.0,0.0013469771349361912
2396,no_feedback,46,4,5,1,1,1.0,0.0,0,nan,nan,nan,0.0,0.0013469771349361912
2397,no_feedback,46,4,4,0,1,1.0,0.0,0,nan,nan,nan,0.0,0.0013469771349361912
2398,no_feedback,46,0,3,0,0,-1.0,0.0,1,4,0,1,0.0,0.0013469771349361912
2399,no_feedback,46,0,3,0,0,-1.0,0.0,1,0,1,0,0.0,0.0013469771349361912
2400,no_feedback,46,5,5,1,1,1.0,0.0,0,nan,nan,nan,0.0,0.0013469771349361912
2401,no_feedback,46,8,4,0,0,-1.0,0.0,1,1,0,0,0.0,0.0013469771349361912
2402,no_feedback,46,3,5,1,0,-1.0,0.0,1,0,1,0,0.0,0.0013469771349361912
2403,no_feedback,46,6,3,0,0,-1.0,0.0,1,0,1,0,0.0,0.0013469771349361912
2404,no_feedback,46,0,5,1,0,-1.0,0.0,1,0,1,0,0.0,0.0013469771349361912
2405,no_feedback,46,2,5,1,0,-1.0,0.0,1,0,1,0,0.0,0.0013469771349361912
2406,no_feedback,46,8,3,0,0,-1.0,0.0,1,0,1,0,0.0,0.0013469771349361912
2407,no_feedback,46,6,3,0,0,-1.0,0.0,1,0,1,0,0.0,0.0013469771349361912
2408,no_feedback,46,7,5,1,0,-1.0,0.0,1,0,1,0,0.0,0.0013469771349361912
2409,no_feedback,46,7,3,0,0,-1.0,0.0,1,0,1,0,0.0,0.0013469771349361912
2410,no_feedback,46,4,5,1,1,1.0,0.0,0,nan,nan,nan,0.0,0.0013469771349361912
2411,no_feedback,46,3,6,1,0,-1.0,0.0,1,1,0,0,0.0,0.0013469771349361912
2412,no_feedback,46,6,3,0,0,-1.0,0.0,1,0,1,0,0.0,0.0013469771349361912
2413,no_feedback,46,5,3,0,0,-1.0,0.0,1,0,1,0,0.0,0.0013469771349361912
2414,no_feedback,46,8,3,0,0,-1.0,0.0,1,0,1,0,0.0,0.0013469771349361912
2415,no_feedback,46,0,5,1,0,-1.0,0.0,1,0,1,0,0.0,0.0013469771349361912
2416,no_feedback,46,0,3,0,0,-1.0,0.0,1,0,1,0,0.0,0.0013469771349361912
2417,no_feedback,46,7,3,0,0,-1.0,0.0,1,0,1,0,0.0,0.0013469771349361912
2418,no_feedback,46,4,5,1,1,1.0,0.0,0,nan,nan,nan,0.0,0.0013469771349361912
2419,no_feedback,46,0,4,0,0,-1.0,0.0,1,1,0,0,0.0,0.0013469771349361912
2420,no_feedback,46,5,5,1,1,1.0,0.0,0,nan,nan,nan,0.0,0.0013469771349361912
2421,no_feedback,46,2,4,0,0,-1.0,0.0,1,1,0,0,0.0,0.0013469771349361912
2422,no_feedback,46,3,5,1,0,-1.0,0.0,1,0,1,0,0.0,0.0013469771349361912
2423,no_feedback,46,1,5,1,0,-1.0,0.0,1,0,1,0,0.0,0.0013469771349361912
2424,no_feedback,46,5,3,0,0,-1.0,0.0,1,0,1,0,0.0,0.0013469771349361912
2425,no_feedback,46,2,5,1,0,-1.0,0.0,1,0,1,0,0.0,0.0013469771349361912
2426,no_feedback,46,7,3,0,0,-1.0,0.0,1,0,1,0,0.0,0.0013469771349361912
2427,no_feedback,46,3,5,1,0,-1.0,0.0,1,0,1,0,0.0,0.0013469771349361912
2428,no_feedback,46,8,5,1,0,-1.0,0.0,1,0,1,0,0.0,0.0013469771349361912
2429,no_feedback,46,3,3,0,1,1.0,0.0,0,nan,nan,nan,0.0,0.0013469771349361912
2430,no_feedback,46,3,4,1,1,1.0,0.0,0,nan,nan,nan,0.0,0.0013469771349361912
2431,no_feedback,46,8,5,1,0,-1.0,0.0,1,2,0,0,0.0,0.0013469771349361912
2432,no_feedback,46,6,5,1,1,1.0,0.0,0,nan,nan,nan,0.0,0.0013469771349361912
2433,no_feedback,46,5,6,1,1,1.0,0.0,0,nan,nan,nan,0.0,0.0013469771349361912
2434,no_feedback,46,7,7,1,1,1.0,0.0,0,nan,nan,nan,0.0,0.0013469771349361912
2435,no_feedback,46,5,8,1,0,-1.0,0.0,1,3,0,1,0.0,0.0013469771349361912
2436,no_feedback,46,2,5,1,0,-1.0,0.0,1,0,1,0,0.0,0.0013469771349361912
2437,no_feedback,46,4,5,1,1,1.0,0.0,0,nan,nan,nan,0.0,0.0013469771349361912
2438,no_feedback,46,6,6,1,1,1.0,0.0,0,nan,nan,nan,0.0,0.0013469771349361912
2439,no_feedback,46,1,7,1,0,-1.0,0.0,1,2,0,0,0.0,0.0013469771349361912
2440,no_feedback,46,5,3,0,0,-1.0,0.0,1,0,1,0,0.0,0.0013469771349361912
2441,no_feedback,46,0,5,1,0,-1.0,0.0,1,0,1,0,0.0,0.0013469771349361912
2442,no_feedback,46,6,5,1,1,1.0,0.0,0,nan,nan,nan,0.0,0.0013469771349361912
2443,no_feedback,46,6,4,0,0,-1.0,0.0,1,1,0,0,0.0,0.0013469771349361912
2444,no_feedback,46,2,3,0,1,1.0,0.0,0,nan,nan,nan,0.0,0.0013469771349361912
2445,no_feedback,46,3,4,1,1,1.0,0.0,0,nan,nan,nan,0.0,0.0013469771349361912
2446,no_feedback,46,1,5,1,0,-1.0,0.0,1,2,0,0,0.0,0.0013469771349361912
2447,no_feedback,46,5,3,0,0,-1.0,0.0,1,0,1,0,0.0,0.0013469771349361912
2448,no_feedback,46,5,3,0,0,-1.0,0.0,1,0,1,0,0.0,0.0013469771349361912
2449,no_feedback,46,6,5,1,1,1.0,0.0,0,nan,nan,nan,0.0,0.0013469771349361912
2450,no_feedback,46,0,4,0,0,-1.0,0.0,1,1,0,0,0.0,0.0013469771349361912
2451,no_feedback,46,5,5,1,1,1.0,0.0,0,nan,nan,nan,0.0,0.0013469771349361912
2452,no_feedback,46,3,6,1,0,-1.0,0.0,1,1,0,0,0.0,0.0013469771349361912
2453,no_feedback,46,7,3,0,0,-1.0,0.0,1,0,1,0,0.0,0.0013469771349361912
2454,no_feedback,46,6,3,0,0,-1.0,0.0,1,0,1,0,0.0,0.0013469771349361912
2455,no_feedback,46,3,3,0,1,1.0,0.0,0,nan,nan,nan,0.0,0.0013469771349361912
2456,no_feedback,46,7,2,0,0,-1.0,0.0,1,1,0,0,0.0,0.0013469771349361912
2457,no_feedback,46,4,5,1,1,1.0,0.0,0,nan,nan,nan,0.0,0.0013469771349361912
2458,no_feedback,46,2,6,1,0,-1.0,0.0,1,1,0,0,0.0,0.0013469771349361912
2459,no_feedback,46,3,5,1,0,-1.0,0.0,1,0,1,0,0.0,0.0013469771349361912
2460,no_feedback,46,0,3,0,0,-1.0,0.0,1,0,1,0,0.0,0.0013469771349361912
2461,no_feedback,46,6,5,1,1,1.0,0.0,0,nan,nan,nan,0.0,0.0013469771349361912
2462,no_feedback,46,5,6,1,1,1.0,0.0,0,nan,nan,nan,0.0,0.0013469771349361912
2463,no_feedback,46,3,5,0,0,-1.0,0.0,1,2,0,0,0.0,0.0013469771349361912
2464,no_feedback,46,3,3,0,1,1.0,0.0,0,nan,nan,nan,0.0,0.0013469771349361912
2465,no_feedback,46,5,2,0,0,-1.0,0.0,1,1,0,0,0.0,0.0013469771349361912
2466,no_feedback,46,8,3,0,0,-1.0,0.0,1,0,1,0,0.0,0.0013469771349361912
2467,no_feedback,46,1,5,1,0,-1.0,0.0,1,0,1,0,0.0,0.0013469771349361912
2468,no_feedback,46,7,3,0,0,-1.0,0.0,1,0,1,0,0.0,0.0013469771349361912
2469,no_feedback,46,3,5,1,0,-1.0,0.0,1,0,1,0,0.0,0.0013469771349361912
2470,no_feedback,46,6,5,1,1,1.0,0.0,0,nan,nan,nan,0.0,0.0013469771349361912
2471,no_feedback,46,0,6,1,0,-1.0,0.0,1,1,0,0,0.0,0.0013469771349361912
2472,no_feedback,46,1,3,0,0,-1.0,0.0,1,0,1,0,0.0,0.0013469771349361912
2473,no_feedback,46,7,3,0,0,-1.0,0.0,1,0,1,0,0.0,0.0013469771349361912
2474,no_feedback,46,3,3,0,1,1.0,0.0,0,nan,nan,nan,0.0,0.0013469771349361912
2475,no_feedback,46,8,2,0,0,-1.0,0.0,1,1,0,0,0.0,0.0013469771349361912
2476,no_feedback,46,0,3,0,0,-1.0,0.0,1,0,1,0,0.0,0.0013469771349361912
2477,no_feedback,46,2,5,1,0,-1.0,0.0,1,0,1,0,0.0,0.0013469771349361912
2478,no_feedback,46,3,5,1,0,-1.0,0.0,1,0,1,0,0.0,0.0013469771349361912
2479,no_feedback,46,6,3,0,0,-1.0,0.0,1,0,1,0,0.0,0.0013469771349361912
2480,no_feedback,46,7,3,0,0,-1.0,0.0,1,0,1,0,0.0,0.0013469771349361912
2481,no_feedback,46,6,5,1,1,1.0,0.0,0,nan,nan,nan,0.0,0.0013469771349361912
2482,no_feedback,46,6,6,1,1,1.0,0.0,0,nan,nan,nan,0.0,0.0013469771349361912
2483,no_feedback,46,0,7,1,0,-1.0,0.0,1,2,0,0,0.0,0.0013469771349361912
2484,no_feedback,46,0,5,1,0,-1.0,0.0,1,0,1,0,0.0,0.0013469771349361912
2485,no_feedback,46,8,5,1,0,-1.0,0.0,1,0,1,0,0.0,0.0013469771349361912
2486,no_feedback,46,3,3,0,1,1.0,0.0,0,nan,nan,nan,0.0,0.0013469771349361912
2487,no_feedback,46,3,4,1,1,1.0,0.0,0,nan,nan,nan,0.0,0.0013469771349361912
2488,no_feedback,46,6,5,1,1,1.0,0.0,0,nan,nan,nan,0.0,0.0013469771349361912
2489,no_feedback,46,6,4,0,0,-1.0,0.0,1,3,0,1,0.0,0.0013469771349361912
2490,no_feedback,46,7,3,0,0,-1.0,0.0,1,0,1,0,0.0,0.0013469771349361912
2491,no_feedback,46,1,3,0,0,-1.0,0.0,1,0,1,0,0.0,0.0013469771349361912
2492,no_feedback,46,2,5,1,0,-1.0,0.0,1,0,1,0,0.0,0.0013469771349361912
2493,no_feedback,46,3,5,1,0,-1.0,0.0,1,0,1,0,0.0,0.0013469771349361912
2494,no_feedback,46,0,3,0,0,-1.0,0.0,1,0,1,0,0.0,0.0013469771349361912
2495,no_feedback,46,4,5,1,1,1.0,0.0,0,nan,nan,nan,0.0,0.0013469771349361912
2496,no_feedback,46,8,4,0,0,-1.0,0.0,1,1,0,0,0.0,0.0013469771349361912
2497,no_feedback,46,6,5,1,1,1.0,0.0,0,nan,nan,nan,0.0,0.0013469771349361912
2498,no_feedback,46,0,6,1,0,-1.0,0.0,1,1,0,0,0.0,0.0013469771349361912
2499,no_feedback,46,5,5,1,1,1.0,0.0,0,nan,nan,nan,0.0,0.0013469771349361912
2500,no_feedback,46,0,6,1,0,-1.0,0.0,1,1,0,0,0.0,0.0013469771349361912
2501,no_feedback,46,8,3,0,0,-1.0,0.0,1,0,1,0,0.0,0.0013469771349361912
2502,no_feedback,46,7,3,0,0,-1.0,0.0,1,0,1,0,0.0,0.0013469771349361912
2503,no_feedback,46,7,3,0,0,-1.0,0.0,1,0,1,0,0.0,0.0013469771349361912
2504,no_feedback,46,6,5,1,1,1.0,0.0,0,nan,nan,nan,0.0,0.0013469771349361912
2505,no_feedback,46,2,4,0,0,-1.0,0.0,1,1,0,0,0.0,0.0013469771349361912
2506,no_feedback,46,7,3,0,0,-1.0,0.0,1,0,1,0,0.0,0.0013469771349361912
2507,no_feedback,46,8,3,0,0,-1.0,0.0,1,0,1,0,0.0,0.0013469771349361912
2508,no_feedback,46,2,5,1,0,-1.0,0.0,1,0,1,0,0.0,0.0013469771349361912
2509,no_feedback,46,5,3,0,0,-1.0,0.0,1,0,1,0,0.0,0.0013469771349361912
2510,no_feedback,46,7,3,0,0,-1.0,0.0,1,0,1,0,0.0,0.0013469771349361912
2511,no_feedback,46,2,5,1,0,-1.0,0.0,1,0,1,0,0.0,0.0013469771349361912
2512,no_feedback,46,1,5,1,0,-1.0,0.0,1,0,1,0,0.0,0.0013469771349361912
2513,no_feedback,46,5,5,1,1,1.0,0.0,0,nan,nan,nan,0.0,0.0013469771349361912
2514,no_feedback,46,1,6,1,0,-1.0,0.0,1,1,0,0,0.0,0.0013469771349361912
2515,no_feedback,46,0,3,0,0,-1.0,0.0,1,0,1,0,0.0,0.0013469771349361912
2516,no_feedback,46,8,3,0,0,-1.0,0.0,1,0,1,0,0.0,0.0013469771349361912
2517,no_feedback,46,4,5,1,1,1.0,0.0,0,nan,nan,nan,0.0,0.0013469771349361912
2518,no_feedback,46,0,6,1,0,-1.0,0.0,1,1,0,0,0.0,0.0013469771349361912
2519,no_feedback,46,8,5,1,0,-1.0,0.0,1,0,1,0,0.0,0.0013469771349361912
2520,no_feedback,46,6,5,1,1,1.0,0.0,0,nan,nan,nan,0.0,0.0013469771349361912
2521,no_feedback,46,6,6,1,1,1.0,0.0,0,nan,nan,nan,0.0,0.0013469771349361912
2522,no_feedback,46,6,7,1,1,1.0,0.0,0,nan,nan,nan,0.0,0.0013469771349361912
2523,no_feedback,46,3,8,1,0,-1.0,0.0,1,3,0,1,0.0,0.0013469771349361912
2524,no_feedback,46,7,3,0,0,-1.0,0.0,1,0,1,0,0.0,0.0013469771349361912
2525,no_feedback,46,4,5,1,1,1.0,0.0,0,nan,nan,nan,0.0,0.0013469771349361912
2526,no_feedback,46,1,6,1,0,-1.0,0.0,1,1,0,0,0.0,0.0013469771349361912
2527,no_feedback,46,7,3,0,0,-1.0,0.0,1,0,1,0,0.0,0.0013469771349361912
2528,no_feedback,46,8,3,0,0,-1.0,0.0,1,0,1,0,0.0,0.0013469771349361912
2529,no_feedback,46,2,5,1,0,-1.0,0.0,1,0,1,0,0.0,0.0013469771349361912
2530,no_feedback,46,2,5,1,0,-1.0,0.0,1,0,1,0,0.0,0.0013469771349361912
2531,no_feedback,46,8,3,0,0,-1.0,0.0,1,0,1,0,0.0,0.0013469771349361912
2532,no_feedback,46,3,3,0,1,1.0,0.0,0,nan,nan,nan,0.0,0.0013469771349361912
2533,no_feedback,46,8,2,0,0,-1.0,0.0,1,1,0,0,0.0,0.0013469771349361912
2534,no_feedback,46,8,3,0,0,-1.0,0.0,1,0,1,0,0.0,0.0013469771349361912
2535,no_feedback,46,3,5,1,0,-1.0,0.0,1,0,1,0,0.0,0.0013469771349361912
2536,no_feedback,46,4,5,1,1,1.0,0.0,0,nan,nan,nan,0.0,0.0013469771349361912
2537,no_feedback,46,6,4,0,0,-1.0,0.0,1,1,0,0,0.0,0.0013469771349361912
2538,no_feedback,46,1,5,1,0,-1.0,0.0,1,0,1,0,0.0,0.0013469771349361912
2539,no_feedback,46,7,3,0,0,-1.0,0.0,1,0,1,0,0.0,0.0013469771349361912
2540,no_feedback,46,1,5,1,0,-1.0,0.0,1,0,1,0,0.0,0.0013469771349361912
2541,no_feedback,46,7,5,1,0,-1.0,0.0,1,0,1,0,0.0,0.0013469771349361912
2542,no_feedback,46,0,5,1,0,-1.0,0.0,1,0,1,0,0.0,0.0013469771349361912
2543,no_feedback,46,5,5,1,1,1.0,0.0,0,nan,nan,nan,0.0,0.0013469771349361912
2544,no_feedback,46,4,4,0,1,1.0,0.0,0,nan,nan,nan,0.0,0.0013469771349361912
2545,no_feedback,46,4,5,1,1,1.0,0.0,0,nan,nan,nan,0.0,0.0013469771349361912
2546,no_feedback,46,4,6,1,0,-1.0,0.0,1,3,0,1,0.0,0.0013469771349361912
2547,no_feedback,46,0,3,0,0,-1.0,0.0,1,0,1,0,0.0,0.0013469771349361912
2548,no_feedback,46,1,5,1,0,-1.0,0.0,1,0,1,0,0.0,0.0013469771349361912
2549,no_feedback,46,1,3,0,0,-1.0,0.0,1,0,1,0,0.0,0.0013469771349361912
2550,no_feedback,46,2,3,0,1,1.0,0.0,0,nan,nan,nan,0.0,0.0013469771349361912
2551,no_feedback,46,4,2,0,0,-1.0,0.0,1,1,0,0,0.0,0.0013469771349361912
2552,no_feedback,46,5,3,0,0,-1.0,0.0,1,0,1,0,0.0,0.0013469771349361912
2553,no_feedback,46,6,5,1,1,1.0,0.0,0,nan,nan,nan,0.0,0.0013469771349361912
2554,no_feedback,46,0,4,0,0,-1.0,0.0,1,1,0,0,0.0,0.0013469771349361912
2555,no_feedback,46,0,3,0,0,-1.0,0.0,1,0,1,0,0.0,0.0013469771349361912
2556,no_feedback,46,0,5,1,0,-1.0,0.0,1,0,1,0,0.0,0.0013469771349361912
2557,no_feedback,46,4,5,1,1,1.0,0.0,0,nan,nan,nan,0.0,0.0013469771349361912
2558,no_feedback,46,1,6,1,0,-1.0,0.0,1,1,0,0,0.0,0.0013469771349361912
2559,no_feedback,46,0,5,1,0,-1.0,0.0,1,0,1,0,0.0,0.0013469771349361912
2560,no_feedback,46,1,5,1,0,-1.0,0.0,1,0,1,0,0.0,0.0013469771349361912
2561,no_feedback,46,4,5,1,1,1.0,0.0,0,nan,nan,nan,0.0,0.0013469771349361912
2562,no_feedback,46,5,6,1,1,1.0,0.0,0,nan,nan,nan,0.0,0.0013469771349361912
2563,no_feedback,46,6,7,1,1,1.0,0.0,0,nan,nan,nan,0.0,0.0013469771349361912
2564,no_feedback,46,7,8,1,1,1.0,0.0,0,nan,nan,nan,0.0,0.0013469771349361912
2565,no_feedback,46,0,7,0,0,-1.0,0.0,1,4,0,1,0.0,0.0013469771349361912
2566,no_feedback,46,5,3,0,0,-1.0,0.0,1,0,1,0,0.0,0.0013469771349361912
2567,no_feedback,46,2,5,1,0,-1.0,0.0,1,0,1,0,0.0,0.0013469771349361912
2568,no_feedback,46,4,5,1,1,1.0,0.0,0,nan,nan,nan,0.0,0.0013469771349361912
2569,no_feedback,46,1,4,0,0,-1.0,0.0,1,1,0,0,0.0,0.0013469771349361912
2570,no_feedback,46,3,5,1,0,-1.0,0.0,1,0,1,0,0.0,0.0013469771349361912
2571,no_feedback,46,1,3,0,0,-1.0,0.0,1,0,1,0,0.0,0.0013469771349361912
2572,no_feedback,46,8,3,0,0,-1.0,0.0,1,0,1,0,0.0,0.0013469771349361912
2573,no_feedback,46,6,5,1,1,1.0,0.0,0,nan,nan,nan,0.0,0.0013469771349361912
2574,no_feedback,46,1,4,0,0,-1.0,0.0,1,1,0,0,0.0,0.0013469771349361912
2575,no_feedback,46,5,5,1,1,1.0,0.0,0,nan,nan,nan,0.0,0.0013469771349361912
2576,no_feedback,46,6,6,1,1,1.0,0.0,0,nan,nan,nan,0.0,0.0013469771349361912
2577,no_feedback,46,4,7,1,0,-1.0,0.0,1,2,0,0,0.0,0.0013469771349361912
2578,no_feedback,46,1,3,0,0,-1.0,0.0,1,0,1,0,0.0,0.0013469771349361912
2579,no_feedback,46,6,5,1,1,1.0,0.0,0,nan,nan,nan,0.0,0.0013469771349361912
2580,no_feedback,46,7,4,0,0,-1.0,0.0,1,1,0,0,0.0,0.0013469771349361912
2581,no_feedback,46,2,3,0,1,1.0,0.0,0,nan,nan,nan,0.0,0.0013469771349361912
2582,no_feedback,46,1,4,1,0,-1.0,0.0,1,1,0,0,0.0,0.0013469771349361912
2583,no_feedback,46,4,5,1,1,1.0,0.0,0,nan,nan,nan,0.0,0.0013469771349361912
2584,no_feedback,46,3,6,1,0,-1.0,0.0,1,1,0,0,0.0,0.0013469771349361912
2585,no_feedback,46,0,3,0,0,-1.0,0.0,1,0,1,0,0.0,0.0013469771349361912
2586,no_feedback,46,8,3,0,0,-1.0,0.0,1,0,1,0,0.0,0.0013469771349361912
2587,no_feedback,46,7,3,0,0,-1.0,0.0,1,0,1,0,0.0,0.0013469771349361912
2588,no_feedback,46,8,3,0,0,-1.0,0.0,1,0,1,0,0.0,0.0013469771349361912
2589,no_feedback,46,7,3,0,0,-1.0,0.0,1,0,1,0,0.0,0.0013469771349361912
2590,no_feedback,46,6,5,1,1,1.0,0.0,0,nan,nan,nan,0.0,0.0013469771349361912
2591,no_feedback,46,7,6,1,1,1.0,0.0,0,nan,nan,nan,0.0,0.0013469771349361912
2592,no_feedback,46,6,7,1,1,1.0,0.0,0,nan,nan,nan,0.0,0.0013469771349361912
2593,no_feedback,46,2,8,1,0,-1.0,0.0,1,3,0,1,0.0,0.0013469771349361912
2594,no_feedback,46,0,5,1,0,-1.0,0.0,1,0,1,0,0.0,0.0013469771349361912
2595,no_feedback,46,1,3,0,0,-1.0,0.0,1,0,1,0,0.0,0.0013469771349361912
2596,no_feedback,46,5,5,1,1,1.0,0.0,0,nan,nan,nan,0.0,0.0013469771349361912
2597,no_feedback,46,2,6,1,0,-1.0,0.0,1,1,0,0,0.0,0.0013469771349361912
2598,no_feedback,46,6,3,0,0,-1.0,0.0,1,0,1,0,0.0,0.0013469771349361912
2599,no_feedback,46,0,3,0,0,-1.0,0.0,1,0,1,0,0.0,0.0013469771349361912
2600,no_feedback,46,8,5,1,0,-1.0,0.0,1,0,1,0,0.0,0.0013469771349361912
2601,no_feedback,46,7,3,0,0,-1.0,0.0,1,0,1,0,0.0,0.0013469771349361912
2602,no_feedback,46,3,3,0,1,1.0,0.0,0,nan,nan,nan,0.0,0.0013469771349361912
2603,no_feedback,46,6,2,0,0,-1.0,0.0,1,1,0,0,0.0,0.0013469771349361912
2604,no_feedback,46,0,3,0,0,-1.0,0.0,1,0,1,0,0.0,0.0013469771349361912
2605,no_feedback,46,6,5,1,1,1.0,0.0,0,nan,nan,nan,0.0,0.0013469771349361912
2606,no_feedback,46,6,6,1,1,1.0,0.0,0,nan,nan,nan,0.0,0.0013469771349361912
2607,no_feedback,46,2,7,1,0,-1.0,0.0,1,2,0,0,0.0,0.0013469771349361912
2608,no_feedback,46,4,5,1,1,1.0,0.0,0,nan,nan,nan,0.0,0.0013469771349361912
2609,no_feedback,46,8,4,0,0,-1.0,0.0,1,1,0,0,0.0,0.0013469771349361912
2610,no_feedback,46,0,5,1,0,-1.0,0.0,1,0,1,0,0.0,0.0013469771349361912
2611,no_feedback,46,2,5,1,0,-1.0,0.0,1,0,1,0,0.0,0.0013469771349361912
2612,no_feedback,46,0,3,0,0,-1.0,0.0,1,0,1,0,0.0,0.0013469771349361912
2613,no_feedback,46,1,5,1,0,-1.0,0.0,1,0,1,0,0.0,0.0013469771349361912
2614,no_feedback,46,2,5,1,0,-1.0,0.0,1,0,1,0,0.0,0.0013469771349361912
2615,no_feedback,46,6,3,0,0,-1.0,0.0,1,0,1,0,0.0,0.0013469771349361912
2616,no_feedback,46,7,3,0,0,-1.0,0.0,1,0,1,0,0.0,0.0013469771349361912
2617,no_feedback,46,6,3,0,0,-1.0,0.0,1,0,1,0,0.0,0.0013469771349361912
2618,no_feedback,46,6,3,0,0,-1.0,0.0,1,0,1,0,0.0,0.0013469771349361912
2619,no_feedback,46,7,3,0,0,-1.0,0.0,1,0,1,0,0.0,0.0013469771349361912
2620,no_feedback,46,2,5,1,0,-1.0,0.0,1,0,1,0,0.0,0.0013469771349361912
2621,no_feedback,46,7,3,0,0,-1.0,0.0,1,0,1,0,0.0,0.0013469771349361912
2622,no_feedback,46,4,5,1,1,1.0,0.0,0,nan,nan,nan,0.0,0.0013469771349361912
2623,no_feedback,46,8,4,0,0,-1.0,0.0,1,1,0,0,0.0,0.0013469771349361912
2624,no_feedback,46,5,3,0,0,-1.0,0.0,1,0,1,0,0.0,0.0013469771349361912
2625,no_feedback,46,6,5,1,1,1.0,0.0,0,nan,nan,nan,0.0,0.0013469771349361912
2626,no_feedback,46,8,4,0,0,-1.0,0.0,1,1,0,0,0.0,0.0013469771349361912
2627,no_feedback,46,0,3,0,0,-1.0,0.0,1,0,1,0,0.0,0.0013469771349361912
2628,no_feedback,46,5,3,0,0,-1.0,0.0,1,0,1,0,0.0,0.0013469771349361912
2629,no_feedback,46,1,3,0,0,-1.0,0.0,1,0,1,0,0.0,0.0013469771349361912
2630,no_feedback,46,4,5,1,1,1.0,0.0,0,nan,nan,nan,0.0,0.0013469771349361912
2631,no_feedback,46,8,4,0,0,-1.0,0.0,1,1,0,0,0.0,0.0013469771349361912
2632,no_feedback,46,4,5,1,1,1.0,0.0,0,nan,nan,nan,0.0,0.0013469771349361912
2633,no_feedback,46,2,6,1,0,-1.0,0.0,1,1,0,0,0.0,0.0013469771349361912
2634,no_feedback,46,4,5,1,1,1.0,0.0,0,nan,nan,nan,0.0,0.0013469771349361912
2635,no_feedback,46,5,6,1,1,1.0,0.0,0,nan,nan,nan,0.0,0.0013469771349361912
2636,no_feedback,46,3,7,1,0,-1.0,0.0,1,2,0,0,0.0,0.0013469771349361912
2637,no_feedback,46,6,5,1,1,1.0,0.0,0,nan,nan,nan,0.0,0.0013469771349361912
2638,no_feedback,46,0,6,1,0,-1.0,0.0,1,1,0,0,0.0,0.0013469771349361912
2639,no_feedback,46,8,5,1,0,-1.0,0.0,1,0,1,0,0.0,0.0013469771349361912
2640,no_feedback,46,4,5,1,1,1.0,0.0,0,nan,nan,nan,0.0,0.0013469771349361912
2641,no_feedback,46,7,4,0,0,-1.0,0.0,1,1,0,0,0.0,0.0013469771349361912
2642,no_feedback,46,8,5,1,0,-1.0,0.0,1,0,1,0,0.0,0.0013469771349361912
2643,no_feedback,46,3,3,0,1,1.0,0.0,0,nan,nan,nan,0.0,0.0013469771349361912
2644,no_feedback,46,8,2,0,0,-1.0,0.0,1,1,0,0,0.0,0.0013469771349361912
2645,no_feedback,46,5,3,0,0,-1.0,0.0,1,0,1,0,0.0,0.0013469771349361912
2646,no_feedback,46,0,5,1,0,-1.0,0.0,1,0,1,0,0.0,0.0013469771349361912
2647,no_feedback,46,6,5,1,1,1.0,0.0,0,nan,nan,nan,0.0,0.0013469771349361912
2648,no_feedback,46,0,4,0,0,-1.0,0.0,1,1,0,0,0.0,0.0013469771349361912
2649,no_feedback,46,2,5,1,0,-1.0,0.0,1,0,1,0,0.0,0.0013469771349361912
2650,no_feedback,46,5,3,0,0,-1.0,0.0,1,0,1,0,0.0,0.0013469771349361912
2651,no_feedback,46,8,5,1,0,-1.0,0.0,1,0,1,0,0.0,0.0013469771349361912
2652,no_feedback,46,8,5,1,0,-1.0,0.0,1,0,1,0,0.0,0.0013469771349361912
2653,no_feedback,46,7,3,0,0,-1.0,0.0,1,0,1,0,0.0,0.0013469771349361912
2654,no_feedback,46,1,5,1,0,-1.0,0.0,1,0,1,0,0.0,0.0013469771349361912
2655,no_feedback,46,8,5,1,0,-1.0,0.0,1,0,1,0,0.0,0.0013469771349361912
2656,no_feedback,46,2,5,1,0,-1.0,0.0,1,0,1,0,0.0,0.0013469771349361912
2657,no_feedback,46,6,3,0,0,-1.0,0.0,1,0,1,0,0.0,0.0013469771349361912
2658,no_feedback,46,8,5,1,0,-1.0,0.0,1,0,1,0,0.0,0.0013469771349361912
2659,no_feedback,46,6,3,0,0,-1.0,0.0,1,0,1,0,0.0,0.0013469771349361912
2660,no_feedback,46,8,3,0,0,-1.0,0.0,1,0,1,0,0.0,0.0013469771349361912
2661,no_feedback,46,1,5,1,0,-1.0,0.0,1,0,1,0,0.0,0.0013469771349361912
2662,no_feedback,46,4,5,1,1,1.0,0.0,0,nan,nan,nan,0.0,0.0013469771349361912
2663,no_feedback,46,3,6,1,0,-1.0,0.0,1,1,0,0,0.0,0.0013469771349361912
2664,no_feedback,46,3,5,1,0,-1.0,0.0,1,0,1,0,0.0,0.0013469771349361912
2665,no_feedback,46,5,3,0,0,-1.0,0.0,1,0,1,0,0.0,0.0013469771349361912
2666,no_feedback,46,3,3,0,1,1.0,0.0,0,nan,nan,nan,0.0,0.0013469771349361912
2667,no_feedback,46,0,4,1,0,-1.0,0.0,1,1,0,0,0.0,0.0013469771349361912
2668,no_feedback,46,4,5,1,1,1.0,0.0,0,nan,nan,nan,0.0,0.0013469771349361912
2669,no_feedback,46,3,6,1,0,-1.0,0.0,1,1,0,0,0.0,0.0013469771349361912
2670,no_feedback,46,7,3,0,0,-1.0,0.0,1,0,1,0,0.0,0.0013469771349361912
2671,no_feedback,46,1,3,0,0,-1.0,0.0,1,0,1,0,0.0,0.0013469771349361912
2672,no_feedback,46,2,5,1,0,-1.0,0.0,1,0,1,0,0.0,0.0013469771349361912
2673,no_feedback,46,1,5,1,0,-1.0,0.0,1,0,1,0,0.0,0.0013469771349361912
2674,no_feedback,46,8,5,1,0,-1.0,0.0,1,0,1,0,0.0,0.0013469771349361912
2675,no_feedback,46,8,5,1,0,-1.0,0.0,1,0,1,0,0.0,0.0013469771349361912
2676,no_feedback,46,5,5,1,1,1.0,0.0,0,nan,nan,nan,0.0,0.0013469771349361912
2677,no_feedback,46,8,4,0,0,-1.0,0.0,1,1,0,0,0.0,0.0013469771349361912
2678,no_feedback,46,3,3,0,1,1.0,0.0,0,nan,nan,nan,0.0,0.0013469771349361912
2679,no_feedback,46,2,4,1,0,-1.0,0.0,1,1,0,0,0.0,0.0013469771349361912
2680,no_feedback,46,0,5,1,0,-1.0,0.0,1,0,1,0,0.0,0.0013469771349361912
2681,no_feedback,46,0,3,0,0,-1.0,0.0,1,0,1,0,0.0,0.0013469771349361912
2682,no_feedback,46,5,5,1,1,1.0,0.0,0,nan,nan,nan,0.0,0.0013469771349361912
2683,no_feedback,46,7,4,0,0,-1.0,0.0,1,1,0,0,0.0,0.0013469771349361912
2684,no_feedback,46,2,3,0,1,1.0,0.0,0,nan,nan,nan,0.0,0.0013469771349361912
2685,no_feedback,46,1,4,1,0,-1.0,0.0,1,1,0,0,0.0,0.0013469771349361912
2686,no_feedback,46,1,5,1,0,-1.0,0.0,1,0,1,0,0.0,0.0013469771349361912
2687,no_feedback,46,1,3,0,0,-1.0,0.0,1,0,1,0,0.0,0.0013469771349361912
2688,no_feedback,46,7,5,1,0,-1.0,0.0,1,0,1,0,0.0,0.0013469771349361912
2689,no_feedback,46,7,3,0,0,-1.0,0.0,1,0,1,0,0.0,0.0013469771349361912
2690,no_feedback,46,7,3,0,0,-1.0,0.0,1,0,1,0,0.0,0.0013469771349361912
2691,no_feedback,46,1,3,0,0,-1.0,0.0,1,0,1,0,0.0,0.0013469771349361912
2692,no_feedback,46,0,3,0,0,-1.0,0.0,1,0,1,0,0.0,0.0013469771349361912
2693,no_feedback,46,7,3,0,0,-1.0,0.0,1,0,1,0,0.0,0.0013469771349361912
2694,no_feedback,46,5,5,1,1,1.0,0.0,0,nan,nan,nan,0.0,0.0013469771349361912
2695,no_feedback,46,1,4,0,0,-1.0,0.0,1,1,0,0,0.0,0.0013469771349361912
2696,no_feedback,46,8,3,0,0,-1.0,0.0,1,0,1,0,0.0,0.0013469771349361912
2697,no_feedback,46,3,5,1,0,-1.0,0.0,1,0,1,0,0.0,0.0013469771349361912
2698,no_feedback,46,1,5,1,0,-1.0,0.0,1,0,1,0,0.0,0.0013469771349361912
2699,no_feedback,46,4,5,1,1,1.0,0.0,0,nan,nan,nan,0.0,0.0013469771349361912
2700,no_feedback,46,8,4,0,0,-1.0,0.0,1,1,0,0,0.0,0.0013469771349361912
2701,no_feedback,46,6,3,0,0,-1.0,0.0,1,0,1,0,0.0,0.0013469771349361912
2702,no_feedback,46,3,5,1,0,-1.0,0.0,1,0,1,0,0.0,0.0013469771349361912
2703,no_feedback,46,1,5,1,0,-1.0,0.0,1,0,1,0,0.0,0.0013469771349361912
2704,no_feedback,46,4,5,1,1,1.0,0.0,0,nan,nan,nan,0.0,0.0013469771349361912
2705,no_feedback,46,5,6,1,1,1.0,0.0,0,nan,nan,nan,0.0,0.0013469771349361912
2706,no_feedback,46,3,5,0,0,-1.0,0.0,1,2,0,0,0.0,0.0013469771349361912
2707,no_feedback,46,3,5,1,0,-1.0,0.0,1,0,1,0,0.0,0.0013469771349361912
2708,no_feedback,46,8,5,1,0,-1.0,0.0,1,0,1,0,0.0,0.0013469771349361912
2709,no_feedback,46,3,3,0,1,1.0,0.0,0,nan,nan,nan,0.0,0.0013469771349361912
2710,no_feedback,46,8,2,0,0,-1.0,0.0,1,1,0,0,0.0,0.0013469771349361912
2711,no_feedback,46,3,3,0,1,1.0,0.0,0,nan,nan,nan,0.0,0.0013469771349361912
2712,no_feedback,46,3,4,1,1,1.0,0.0,0,nan,nan,nan,0.0,0.0013469771349361912
2713,no_feedback,46,7,3,0,0,-1.0,0.0,1,2,0,0,0.0,0.0013469771349361912
2714,no_feedback,46,8,5,1,0,-1.0,0.0,1,0,1,0,0.0,0.0013469771349361912
2715,no_feedback,46,8,3,0,0,-1.0,0.0,1,0,1,0,0.0,0.0013469771349361912
2716,no_feedback,46,3,5,1,0,-1.0,0.0,1,0,1,0,0.0,0.0013469771349361912
2717,no_feedback,46,1,3,0,0,-1.0,0.0,1,0,1,0,0.0,0.0013469771349361912
2718,no_feedback,46,2,3,0,1,1.0,0.0,0,nan,nan,nan,0.0,0.0013469771349361912
2719,no_feedback,46,4,4,1,1,1.0,0.0,0,nan,nan,nan,0.0,0.0013469771349361912
2720,no_feedback,46,8,5,1,0,-1.0,0.0,1,2,0,0,0.0,0.0013469771349361912
2721,no_feedback,46,2,5,1,0,-1.0,0.0,1,0,1,0,0.0,0.0013469771349361912
2722,no_feedback,46,4,5,1,1,1.0,0.0,0,nan,nan,nan,0.0,0.0013469771349361912
2723,no_feedback,46,7,4,0,0,-1.0,0.0,1,1,0,0,0.0,0.0013469771349361912
2724,no_feedback,46,3,5,1,0,-1.0,0.0,1,0,1,0,0.0,0.0013469771349361912
2725,no_feedback,46,1,3,0,0,-1.0,0.0,1,0,1,0,0.0,0.0013469771349361912
2726,no_feedback,46,0,5,1,0,-1.0,0.0,1,0,1,0,0.0,0.0013469771349361912
2727,no_feedback,46,6,5,1,1,1.0,0.0,0,nan,nan,nan,0.0,0.0013469771349361912
2728,no_feedback,46,0,6,1,0,-1.0,0.0,1,1,0,0,0.0,0.0013469771349361912
2729,no_feedback,46,2,5,1,0,-1.0,0.0,1,0,1,0,0.0,0.0013469771349361912
2730,no_feedback,46,5,3,0,0,-1.0,0.0,1,0,1,0,0.0,0.0013469771349361912
2731,no_feedback,46,8,3,0,0,-1.0,0.0,1,0,1,0,0.0,0.0013469771349361912
2732,no_feedback,46,4,5,1,1,1.0,0.0,0,nan,nan,nan,0.0,0.0013469771349361912
2733,no_feedback,46,3,6,1,0,-1.0,0.0,1,1,0,0,0.0,0.0013469771349361912
2734,no_feedback,46,1,5,1,0,-1.0,0.0,1,0,1,0,0.0,0.0013469771349361912
2735,no_feedback,46,0,5,1,0,-1.0,0.0,1,0,1,0,0.0,0.0013469771349361912
2736,no_feedback,46,6,3,0,0,-1.0,0.0,1,0,1,0,0.0,0.0013469771349361912
2737,no_feedback,46,2,5,1,0,-1.0,0.0,1,0,1,0,0.0,0.0013469771349361912
2738,no_feedback,46,2,5,1,0,-1.0,0.0,1,0,1,0,0.0,0.0013469771349361912
2739,no_feedback,46,1,5,1,0,-1.0,0.0,1,0,1,0,0.0,0.0013469771349361912
2740,no_feedback,46,7,3,0,0,-1.0,0.0,1,0,1,0,0.0,0.0013469771349361912
2741,no_feedback,46,1,5,1,0,-1.0,0.0,1,0,1,0,0.0,0.0013469771349361912
2742,no_feedback,46,1,5,1,0,-1.0,0.0,1,0,1,0,0.0,0.0013469771349361912
2743,no_feedback,46,3,5,1,0,-1.0,0.0,1,0,1,0,0.0,0.0013469771349361912
2744,no_feedback,46,1,3,0,0,-1.0,0.0,1,0,1,0,0.0,0.0013469771349361912
2745,no_feedback,46,5,5,1,1,1.0,0.0,0,nan,nan,nan,0.0,0.0013469771349361912
2746,no_feedback,46,5,6,1,1,1.0,0.0,0,nan,nan,nan,0.0,0.0013469771349361912
2747,no_feedback,46,2,7,1,0,-1.0,0.0,1,2,0,0,0.0,0.0013469771349361912
2748,no_feedback,46,4,5,1,1,1.0,0.0,0,nan,nan,nan,0.0,0.0013469771349361912
2749,no_feedback,46,4,4,0,1,1.0,0.0,0,nan,nan,nan,0.0,0.0013469771349361912
2750,no_feedback,46,3,5,1,0,-1.0,0.0,1,2,0,0,0.0,0.0013469771349361912
2751,no_feedback,46,8,3,0,0,-1.0,0.0,1,0,1,0,0.0,0.0013469771349361912
2752,no_feedback,46,0,5,1,0,-1.0,0.0,1,0,1,0,0.0,0.0013469771349361912
2753,no_feedback,46,6,5,1,1,1.0,0.0,0,nan,nan,nan,0.0,0.0013469771349361912
2754,no_feedback,46,5,6,1,1,1.0,0.0,0,nan,nan,nan,0.0,0.0013469771349361912
2755,no_feedback,46,6,7,1,1,1.0,0.0,0,nan,nan,nan,0.0,0.0013469771349361912
2756,no_feedback,46,7,8,1,1,1.0,0.0,0,nan,nan,nan,0.0,0.0013469771349361912
2757,no_feedback,46,8,8,1,1,1.0,0.0,0,nan,nan,nan,0.0,0.0013469771349361912
2758,no_feedback,46,0,8,1,0,-1.0,0.0,1,5,0,1,0.0,0.0013469771349361912
2759,no_feedback,46,5,3,0,0,-1.0,0.0,1,0,1,0,0.0,0.0013469771349361912
2760,no_feedback,46,7,3,0,0,-1.0,0.0,1,0,1,0,0.0,0.0013469771349361912
2761,no_feedback,46,7,3,0,0,-1.0,0.0,1,0,1,0,0.0,0.0013469771349361912
2762,no_feedback,46,2,5,1,0,-1.0,0.0,1,0,1,0,0.0,0.0013469771349361912
2763,no_feedback,46,7,3,0,0,-1.0,0.0,1,0,1,0,0.0,0.0013469771349361912
2764,no_feedback,46,3,5,1,0,-1.0,0.0,1,0,1,0,0.0,0.0013469771349361912
2765,no_feedback,46,5,3,0,0,-1.0,0.0,1,0,1,0,0.0,0.0013469771349361912
2766,no_feedback,46,2,5,1,0,-1.0,0.0,1,0,1,0,0.0,0.0013469771349361912
2767,no_feedback,46,1,3,0,0,-1.0,0.0,1,0,1,0,0.0,0.0013469771349361912
2768,no_feedback,46,5,5,1,1,1.0,0.0,0,nan,nan,nan,0.0,0.0013469771349361912
2769,no_feedback,46,0,4,0,0,-1.0,0.0,1,1,0,0,0.0,0.0013469771349361912
2770,no_feedback,46,3,3,0,1,1.0,0.0,0,nan,nan,nan,0.0,0.0013469771349361912
2771,no_feedback,46,8,2,0,0,-1.0,0.0,1,1,0,0,0.0,0.0013469771349361912
2772,no_feedback,46,6,3,0,0,-1.0,0.0,1,0,1,0,0.0,0.0013469771349361912
2773,no_feedback,46,3,3,0,1,1.0,0.0,0,nan,nan,nan,0.0,0.0013469771349361912
2774,no_feedback,46,3,4,1,1,1.0,0.0,0,nan,nan,nan,0.0,0.0013469771349361912
2775,no_feedback,46,6,5,1,1,1.0,0.0,0,nan,nan,nan,0.0,0.0013469771349361912
2776,no_feedback,46,6,6,1,1,1.0,0.0,0,nan,nan,nan,0.0,0.0013469771349361912
2777,no_feedback,46,4,7,1,0,-1.0,0.0,1,4,0,1,0.0,0.0013469771349361912
2778,no_feedback,46,6,5,1,1,1.0,0.0,0,nan,nan,nan,0.0,0.0013469771349361912
2779,no_feedback,46,5,6,1,1,1.0,0.0,0,nan,nan,nan,0.0,0.0013469771349361912
2780,no_feedback,46,3,7,1,0,-1.0,0.0,1,2,0,0,0.0,0.0013469771349361912
2781,no_feedback,46,3,5,1,0,-1.0,0.0,1,0,1,0,0.0,0.0013469771349361912
2782,no_feedback,46,3,5,1,0,-1.0,0.0,1,0,1,0,0.0,0.0013469771349361912
2783,no_feedback,46,4,5,1,1,1.0,0.0,0,nan,nan,nan,0.0,0.0013469771349361912
2784,no_feedback,46,1,6,1,0,-1.0,0.0,1,1,0,0,0.0,0.0013469771349361912
2785,no_feedback,46,0,3,0,0,-1.0,0.0,1,0,1,0,0.0,0.0013469771349361912
2786,no_feedback,46,0,3,0,0,-1.0,0.0,1,0,1,0,0.0,0.0013469771349361912
2787,no_feedback,46,2,5,1,0,-1.0,0.0,1,0,1,0,0.0,0.0013469771349361912
2788,no_feedback,46,2,5,1,0,-1.0,0.0,1,0,1,0,0.0,0.0013469771349361912
2789,no_feedback,46,8,5,1,0,-1.0,0.0,1,0,1,0,0.0,0.0013469771349361912
2790,no_feedback,46,4,5,1,1,1.0,0.0,0,nan,nan,nan,0.0,0.0013469771349361912
2791,no_feedback,46,5,6,1,1,1.0,0.0,0,nan,nan,nan,0.0,0.0013469771349361912
2792,no_feedback,46,8,7,1,1,1.0,0.0,0,nan,nan,nan,0.0,0.0013469771349361912
2793,no_feedback,46,3,8,1,0,-1.0,0.0,1,3,0,1,0.0,0.0013469771349361912
2794,no_feedback,46,8,3,0,0,-1.0,0.0,1,0,1,0,0.0,0.0013469771349361912
2795,no_feedback,46,6,3,0,0,-1.0,0.0,1,0,1,0,0.0,0.0013469771349361912
2796,no_feedback,46,3,5,1,0,-1.0,0.0,1,0,1,0,0.0,0.0013469771349361912
2797,no_feedback,46,6,3,0,0,-1.0,0.0,1,0,1,0,0.0,0.0013469771349361912
2798,no_feedback,46,4,5,1,1,1.0,0.0,0,nan,nan,nan,0.0,0.0013469771349361912
2799,no_feedback,46,5,6,1,1,1.0,0.0,0,nan,nan,nan,0.0,0.0013469771349361912
2800,no_feedback,46,8,5,0,0,-1.0,0.0,1,2,0,0,0.0,0.0013469771349361912
2801,no_feedback,46,8,5,1,0,-1.0,0.0,1,0,1,0,0.0,0.0013469771349361912
2802,no_feedback,46,0,5,1,0,-1.0,0.0,1,0,1,0,0.0,0.0013469771349361912
2803,no_feedback,46,1,3,0,0,-1.0,0.0,1,0,1,0,0.0,0.0013469771349361912
2804,no_feedback,46,2,5,1,0,-1.0,0.0,1,0,1,0,0.0,0.0013469771349361912
2805,no_feedback,46,8,5,1,0,-1.0,0.0,1,0,1,0,0.0,0.0013469771349361912
2806,no_feedback,46,6,3,0,0,-1.0,0.0,1,0,1,0,0.0,0.0013469771349361912
2807,no_feedback,46,4,5,1,1,1.0,0.0,0,nan,nan,nan,0.0,0.0013469771349361912
2808,no_feedback,46,1,4,0,0,-1.0,0.0,1,1,0,0,0.0,0.0013469771349361912
2809,no_feedback,46,7,3,0,0,-1.0,0.0,1,0,1,0,0.0,0.0013469771349361912
2810,no_feedback,46,3,3,0,1,1.0,0.0,0,nan,nan,nan,0.0,0.0013469771349361912
2811,no_feedback,46,6,2,0,0,-1.0,0.0,1,1,0,0,0.0,0.0013469771349361912
2812,no_feedback,46,3,3,0,1,1.0,0.0,0,nan,nan,nan,0.0,0.0013469771349361912
2813,no_feedback,46,1,4,1,0,-1.0,0.0,1,1,0,0,0.0,0.0013469771349361912
2814,no_feedback,46,4,5,1,1,1.0,0.0,0,nan,nan,nan,0.0,0.0013469771349361912
2815,no_feedback,46,4,4,0,1,1.0,0.0,0,nan,nan,nan,0.0,0.0013469771349361912
2816,no_feedback,46,5,3,0,0,-1.0,0.0,1,2,0,0,0.0,0.0013469771349361912
2817,no_feedback,46,2,5,1,0,-1.0,0.0,1,0,1,0,0.0,0.0013469771349361912
2818,no_feedback,46,8,3,0,0,-1.0,0.0,1,0,1,0,0.0,0.0013469771349361912
2819,no_feedback,46,1,5,1,0,-1.0,0.0,1,0,1,0,0.0,0.0013469771349361912
2820,no_feedback,46,7,3,0,0,-1.0,0.0,1,0,1,0,0.0,0.0013469771349361912
2821,no_feedback,46,5,5,1,1,1.0,0.0,0,nan,nan,nan,0.0,0.0013469771349361912
2822,no_feedback,46,4,6,1,0,-1.0,0.0,1,1,0,0,0.0,0.0013469771349361912
2823,no_feedback,46,4,5,1,1,1.0,0.0,0,nan,nan,nan,0.0,0.0013469771349361912
2824,no_feedback,46,5,6,1,1,1.0,0.0,0,nan,nan,nan,0.0,0.0013469771349361912
2825,no_feedback,46,4,7,1,0,-1.0,0.0,1,2,0,0,0.0,0.0013469771349361912
2826,no_feedback,46,2,5,1,0,-1.0,0.0,1,0,1,0,0.0,0.0013469771349361912
2827,no_feedback,46,3,5,1,0,-1.0,0.0,1,0,1,0,0.0,0.0013469771349361912
2828,no_feedback,46,3,5,1,0,-1.0,0.0,1,0,1,0,0.0,0.0013469771349361912
2829,no_feedback,46,5,3,0,0,-1.0,0.0,1,0,1,0,0.0,0.0013469771349361912
2830,no_feedback,46,7,3,0,0,-1.0,0.0,1,0,1,0,0.0,0.0013469771349361912
2831,no_feedback,46,6,3,0,0,-1.0,0.0,1,0,1,0,0.0,0.0013469771349361912
2832,no_feedback,46,7,3,0,0,-1.0,0.0,1,0,1,0,0.0,0.0013469771349361912
2833,no_feedback,46,4,5,1,1,1.0,0.0,0,nan,nan,nan,0.0,0.0013469771349361912
2834,no_feedback,46,7,4,0,0,-1.0,0.0,1,1,0,0,0.0,0.0013469771349361912
2835,no_feedback,46,1,3,0,0,-1.0,0.0,1,0,1,0,0.0,0.0013469771349361912
2836,no_feedback,46,4,5,1,1,1.0,0.0,0,nan,nan,nan,0.0,0.0013469771349361912
2837,no_feedback,46,3,6,1,0,-1.0,0.0,1,1,0,0,0.0,0.0013469771349361912
2838,no_feedback,46,2,5,1,0,-1.0,0.0,1,0,1,0,0.0,0.0013469771349361912
2839,no_feedback,46,1,3,0,0,-1.0,0.0,1,0,1,0,0.0,0.0013469771349361912
2840,no_feedback,46,1,5,1,0,-1.0,0.0,1,0,1,0,0.0,0.0013469771349361912
2841,no_feedback,46,8,5,1,0,-1.0,0.0,1,0,1,0,0.0,0.0013469771349361912
2842,no_feedback,46,2,5,1,0,-1.0,0.0,1,0,1,0,0.0,0.0013469771349361912
2843,no_feedback,46,1,5,1,0,-1.0,0.0,1,0,1,0,0.0,0.0013469771349361912
2844,no_feedback,46,2,5,1,0,-1.0,0.0,1,0,1,0,0.0,0.0013469771349361912
2845,no_feedback,46,6,5,1,1,1.0,0.0,0,nan,nan,nan,0.0,0.0013469771349361912
2846,no_feedback,46,5,6,1,1,1.0,0.0,0,nan,nan,nan,0.0,0.0013469771349361912
2847,no_feedback,46,4,7,1,0,-1.0,0.0,1,2,0,0,0.0,0.0013469771349361912
2848,no_feedback,46,1,3,0,0,-1.0,0.0,1,0,1,0,0.0,0.0013469771349361912
2849,no_feedback,46,7,3,0,0,-1.0,0.0,1,0,1,0,0.0,0.0013469771349361912
2850,no_feedback,46,8,3,0,0,-1.0,0.0,1,0,1,0,0.0,0.0013469771349361912
2851,no_feedback,46,7,3,0,0,-1.0,0.0,1,0,1,0,0.0,0.0013469771349361912
2852,no_feedback,46,5,5,1,1,1.0,0.0,0,nan,nan,nan,0.0,0.0013469771349361912
2853,no_feedback,46,5,6,1,1,1.0,0.0,0,nan,nan,nan,0.0,0.0013469771349361912
2854,no_feedback,46,7,7,1,1,1.0,0.0,0,nan,nan,nan,0.0,0.0013469771349361912
2855,no_feedback,46,3,6,0,0,-1.0,0.0,1,3,0,1,0.0,0.0013469771349361912
2856,no_feedback,46,4,5,1,1,1.0,0.0,0,nan,nan,nan,0.0,0.0013469771349361912
2857,no_feedback,46,5,6,1,1,1.0,0.0,0,nan,nan,nan,0.0,0.0013469771349361912
2858,no_feedback,46,6,7,1,1,1.0,0.0,0,nan,nan,nan,0.0,0.0013469771349361912
2859,no_feedback,46,0,8,1,0,-1.0,0.0,1,3,0,1,0.0,0.0013469771349361912
2860,no_feedback,46,1,3,0,0,-1.0,0.0,1,0,1,0,0.0,0.0013469771349361912
2861,no_feedback,46,6,5,1,1,1.0,0.0,0,nan,nan,nan,0.0,0.0013469771349361912
2862,no_feedback,46,6,4,0,0,-1.0,0.0,1,1,0,0,0.0,0.0013469771349361912
2863,no_feedback,46,8,3,0,0,-1.0,0.0,1,0,1,0,0.0,0.0013469771349361912
2864,no_feedback,46,2,5,1,0,-1.0,0.0,1,0,1,0,0.0,0.0013469771349361912
2865,no_feedback,46,0,5,1,0,-1.0,0.0,1,0,1,0,0.0,0.0013469771349361912
2866,no_feedback,46,5,3,0,0,-1.0,0.0,1,0,1,0,0.0,0.0013469771349361912
2867,no_feedback,46,2,5,1,0,-1.0,0.0,1,0,1,0,0.0,0.0013469771349361912
2868,no_feedback,46,0,3,0,0,-1.0,0.0,1,0,1,0,0.0,0.0013469771349361912
2869,no_feedback,46,2,5,1,0,-1.0,0.0,1,0,1,0,0.0,0.0013469771349361912
2870,no_feedback,46,8,3,0,0,-1.0,0.0,1,0,1,0,0.0,0.0013469771349361912
2871,no_feedback,46,4,5,1,1,1.0,0.0,0,nan,nan,nan,0.0,0.0013469771349361912
2872,no_feedback,46,3,6,1,0,-1.0,0.0,1,1,0,0,0.0,0.0013469771349361912
2873,no_feedback,46,7,3,0,0,-1.0,0.0,1,0,1,0,0.0,0.0013469771349361912
2874,no_feedback,46,5,5,1,1,1.0,0.0,0,nan,nan,nan,0.0,0.0013469771349361912
2875,no_feedback,46,7,4,0,0,-1.0,0.0,1,1,0,0,0.0,0.0013469771349361912
2876,no_feedback,46,0,5,1,0,-1.0,0.0,1,0,1,0,0.0,0.0013469771349361912
2877,no_feedback,46,7,3,0,0,-1.0,0.0,1,0,1,0,0.0,0.0013469771349361912
2878,no_feedback,46,8,5,1,0,-1.0,0.0,1,0,1,0,0.0,0.0013469771349361912
2879,no_feedback,46,6,5,1,1,1.0,0.0,0,nan,nan,nan,0.0,0.0013469771349361912
2880,no_feedback,46,4,4,0,1,1.0,0.0,0,nan,nan,nan,0.0,0.0013469771349361912
2881,no_feedback,46,4,5,1,1,1.0,0.0,0,nan,nan,nan,0.0,0.0013469771349361912
2882,no_feedback,46,2,6,1,0,-1.0,0.0,1,3,0,1,0.0,0.0013469771349361912
2883,no_feedback,46,3,3,0,1,1.0,0.0,0,nan,nan,nan,0.0,0.0013469771349361912
2884,no_feedback,46,0,4,1,0,-1.0,0.0,1,1,0,0,0.0,0.0013469771349361912
2885,no_feedback,46,4,5,1,1,1.0,0.0,0,nan,nan,nan,0.0,0.0013469771349361912
2886,no_feedback,46,7,4,0,0,-1.0,0.0,1,1,0,0,0.0,0.0013469771349361912
2887,no_feedback,46,8,5,1,0,-1.0,0.0,1,0,1,0,0.0,0.0013469771349361912
2888,no_feedback,46,5,5,1,1,1.0,0.0,0,nan,nan,nan,0.0,0.0013469771349361912
2889,no_feedback,46,5,6,1,1,1.0,0.0,0,nan,nan,nan,0.0,0.0013469771349361912
2890,no_feedback,46,2,5,0,0,-1.0,0.0,1,2,0,0,0.0,0.0013469771349361912
2891,no_feedback,46,5,5,1,1,1.0,0.0,0,nan,nan,nan,0.0,0.0013469771349361912
2892,no_feedback,46,7,4,0,0,-1.0,0.0,1,1,0,0,0.0,0.0013469771349361912
2893,no_feedback,46,5,5,1,1,1.0,0.0,0,nan,nan,nan,0.0,0.0013469771349361912
2894,no_feedback,46,6,6,1,1,1.0,0.0,0,nan,nan,nan,0.0,0.0013469771349361912
2895,no_feedback,46,1,5,0,0,-1.0,0.0,1,2,0,0,0.0,0.0013469771349361912
2896,no_feedback,46,6,3,0,0,-1.0,0.0,1,0,1,0,0.0,0.0013469771349361912
2897,no_feedback,46,4,5,1,1,1.0,0.0,0,nan,nan,nan,0.0,0.0013469771349361912
2898,no_feedback,46,0,4,0,0,-1.0,0.0,1,1,0,0,0.0,0.0013469771349361912
2899,no_feedback,46,6,5,1,1,1.0,0.0,0,nan,nan,nan,0.0,0.0013469771349361912
2900,no_feedback,46,6,6,1,1,1.0,0.0,0,nan,nan,nan,0.0,0.0013469771349361912
2901,no_feedback,46,2,5,0,0,-1.0,0.0,1,2,0,0,0.0,0.0013469771349361912
2902,no_feedback,46,5,3,0,0,-1.0,0.0,1,0,1,0,0.0,0.0013469771349361912
2903,no_feedback,46,2,5,1,0,-1.0,0.0,1,0,1,0,0.0,0.0013469771349361912
2904,no_feedback,46,0,5,1,0,-1.0,0.0,1,0,1,0,0.0,0.0013469771349361912
2905,no_feedback,46,3,5,1,0,-1.0,0.0,1,0,1,0,0.0,0.0013469771349361912
2906,no_feedback,46,5,3,0,0,-1.0,0.0,1,0,1,0,0.0,0.0013469771349361912
2907,no_feedback,46,8,3,0,0,-1.0,0.0,1,0,1,0,0.0,0.0013469771349361912
2908,no_feedback,46,0,5,1,0,-1.0,0.0,1,0,1,0,0.0,0.0013469771349361912
2909,no_feedback,46,5,3,0,0,-1.0,0.0,1,0,1,0,0.0,0.0013469771349361912
2910,no_feedback,46,8,5,1,0,-1.0,0.0,1,0,1,0,0.0,0.0013469771349361912
2911,no_feedback,46,0,5,1,0,-1.0,0.0,1,0,1,0,0.0,0.0013469771349361912
2912,no_feedback,46,1,3,0,0,-1.0,0.0,1,0,1,0,0.0,0.0013469771349361912
2913,no_feedback,46,6,5,1,1,1.0,0.0,0,nan,nan,nan,0.0,0.0013469771349361912
2914,no_feedback,46,1,4,0,0,-1.0,0.0,1,1,0,0,0.0,0.0013469771349361912
2915,no_feedback,46,0,3,0,0,-1.0,0.0,1,0,1,0,0.0,0.0013469771349361912
2916,no_feedback,46,1,5,1,0,-1.0,0.0,1,0,1,0,0.0,0.0013469771349361912
2917,no_feedback,46,7,3,0,0,-1.0,0.0,1,0,1,0,0.0,0.0013469771349361912
2918,no_feedback,46,0,5,1,0,-1.0,0.0,1,0,1,0,0.0,0.0013469771349361912
2919,no_feedback,46,1,3,0,0,-1.0,0.0,1,0,1,0,0.0,0.0013469771349361912
2920,no_feedback,46,2,3,0,1,1.0,0.0,0,nan,nan,nan,0.0,0.0013469771349361912
2921,no_feedback,46,4,2,0,0,-1.0,0.0,1,1,0,0,0.0,0.0013469771349361912
2922,no_feedback,46,3,3,0,1,1.0,0.0,0,nan,nan,nan,0.0,0.0013469771349361912
2923,no_feedback,46,6,2,0,0,-1.0,0.0,1,1,0,0,0.0,0.0013469771349361912
2924,no_feedback,46,2,5,1,0,-1.0,0.0,1,0,1,0,0.0,0.0013469771349361912
2925,no_feedback,46,0,3,0,0,-1.0,0.0,1,0,1,0,0.0,0.0013469771349361912
2926,no_feedback,46,1,5,1,0,-1.0,0.0,1,0,1,0,0.0,0.0013469771349361912
2927,no_feedback,46,1,3,0,0,-1.0,0.0,1,0,1,0,0.0,0.0013469771349361912
2928,no_feedback,46,3,5,1,0,-1.0,0.0,1,0,1,0,0.0,0.0013469771349361912
2929,no_feedback,46,2,5,1,0,-1.0,0.0,1,0,1,0,0.0,0.0013469771349361912
2930,no_feedback,46,0,3,0,0,-1.0,0.0,1,0,1,0,0.0,0.0013469771349361912
2931,no_feedback,46,7,3,0,0,-1.0,0.0,1,0,1,0,0.0,0.0013469771349361912
2932,no_feedback,46,8,3,0,0,-1.0,0.0,1,0,1,0,0.0,0.0013469771349361912
2933,no_feedback,46,5,5,1,1,1.0,0.0,0,nan,nan,nan,0.0,0.0013469771349361912
2934,no_feedback,46,8,4,0,0,-1.0,0.0,1,1,0,0,0.0,0.0013469771349361912
2935,no_feedback,46,1,3,0,0,-1.0,0.0,1,0,1,0,0.0,0.0013469771349361912
2936,no_feedback,46,0,5,1,0,-1.0,0.0,1,0,1,0,0.0,0.0013469771349361912
2937,no_feedback,46,5,3,0,0,-1.0,0.0,1,0,1,0,0.0,0.0013469771349361912
2938,no_feedback,46,6,3,0,0,-1.0,0.0,1,0,1,0,0.0,0.0013469771349361912
2939,no_feedback,46,1,5,1,0,-1.0,0.0,1,0,1,0,0.0,0.0013469771349361912
2940,no_feedback,46,4,5,1,1,1.0,0.0,0,nan,nan,nan,0.0,0.0013469771349361912
2941,no_feedback,46,2,6,1,0,-1.0,0.0,1,1,0,0,0.0,0.0013469771349361912
2942,no_feedback,46,5,3,0,0,-1.0,0.0,1,0,1,0,0.0,0.0013469771349361912
2943,no_feedback,46,5,3,0,0,-1.0,0.0,1,0,1,0,0.0,0.0013469771349361912
2944,no_feedback,46,5,3,0,0,-1.0,0.0,1,0,1,0,0.0,0.0013469771349361912
2945,no_feedback,46,4,5,1,1,1.0,0.0,0,nan,nan,nan,0.0,0.0013469771349361912
2946,no_feedback,46,6,6,1,1,1.0,0.0,0,nan,nan,nan,0.0,0.0013469771349361912
2947,no_feedback,46,3,7,1,0,-1.0,0.0,1,2,0,0,0.0,0.0013469771349361912
2948,no_feedback,46,6,5,1,1,1.0,0.0,0,nan,nan,nan,0.0,0.0013469771349361912
2949,no_feedback,46,0,4,0,0,-1.0,0.0,1,1,0,0,0.0,0.0013469771349361912
2950,no_feedback,46,2,5,1,0,-1.0,0.0,1,0,1,0,0.0,0.0013469771349361912
2951,no_feedback,46,4,5,1,1,1.0,0.0,0,nan,nan,nan,0.0,0.0013469771349361912
2952,no_feedback,46,7,4,0,0,-1.0,0.0,1,1,0,0,0.0,0.0013469771349361912
2953,no_feedback,46,8,5,1,0,-1.0,0.0,1,0,1,0,0.0,0.0013469771349361912
2954,no_feedback,46,8,5,1,0,-1.0,0.0,1,0,1,0,0.0,0.0013469771349361912
2955,no_feedback,46,3,3,0,1,1.0,0.0,0,nan,nan,nan,0.0,0.0013469771349361912
2956,no_feedback,46,5,4,1,1,1.0,0.0,0,nan,nan,nan,0.0,0.0013469771349361912
2957,no_feedback,46,2,5,1,0,-1.0,0.0,1,2,0,0,0.0,0.0013469771349361912
2958,no_feedback,46,7,3,0,0,-1.0,0.0,1,0,1,0,0.0,0.0013469771349361912
2959,no_feedback,46,0,3,0,0,-1.0,0.0,1,0,1,0,0.0,0.0013469771349361912
2960,no_feedback,46,1,3,0,0,-1.0,0.0,1,0,1,0,0.0,0.0013469771349361912
2961,no_feedback,46,7,3,0,0,-1.0,0.0,1,0,1,0,0.0,0.0013469771349361912
2962,no_feedback,46,4,5,1,1,1.0,0.0,0,nan,nan,nan,0.0,0.0013469771349361912
2963,no_feedback,46,2,6,1,0,-1.0,0.0,1,1,0,0,0.0,0.0013469771349361912
2964,no_feedback,46,6,3,0,0,-1.0,0.0,1,0,1,0,0.0,0.0013469771349361912
2965,no_feedback,46,7,5,1,0,-1.0,0.0,1,0,1,0,0.0,0.0013469771349361912
2966,no_feedback,46,8,3,0,0,-1.0,0.0,1,0,1,0,0.0,0.0013469771349361912
2967,no_feedback,46,2,5,1,0,-1.0,0.0,1,0,1,0,0.0,0.0013469771349361912
2968,no_feedback,46,3,3,0,1,1.0,0.0,0,nan,nan,nan,0.0,0.0013469771349361912
2969,no_feedback,46,3,4,1,1,1.0,0.0,0,nan,nan,nan,0.0,0.0013469771349361912
2970,no_feedback,46,3,3,0,1,1.0,0.0,0,nan,nan,nan,0.0,0.0013469771349361912
2971,no_feedback,46,4,4,1,1,1.0,0.0,0,nan,nan,nan,0.0,0.0013469771349361912
2972,no_feedback,46,2,5,1,0,-1.0,0.0,1,4,0,1,0.0,0.0013469771349361912
2973,no_feedback,46,8,3,0,0,-1.0,0.0,1,0,1,0,0.0,0.0013469771349361912
2974,no_feedback,46,3,5,1,0,-1.0,0.0,1,0,1,0,0.0,0.0013469771349361912
2975,no_feedback,46,4,5,1,1,1.0,0.0,0,nan,nan,nan,0.0,0.0013469771349361912
2976,no_feedback,46,3,6,1,0,-1.0,0.0,1,1,0,0,0.0,0.0013469771349361912
2977,no_feedback,46,6,3,0,0,-1.0,0.0,1,0,1,0,0.0,0.0013469771349361912
2978,no_feedback,46,5,5,1,1,1.0,0.0,0,nan,nan,nan,0.0,0.0013469771349361912
2979,no_feedback,46,1,4,0,0,-1.0,0.0,1,1,0,0,0.0,0.0013469771349361912
2980,no_feedback,46,0,5,1,0,-1.0,0.0,1,0,1,0,0.0,0.0013469771349361912
2981,no_feedback,46,6,3,0,0,-1.0,0.0,1,0,1,0,0.0,0.0013469771349361912
2982,no_feedback,46,4,5,1,1,1.0,0.0,0,nan,nan,nan,0.0,0.0013469771349361912
2983,no_feedback,46,1,4,0,0,-1.0,0.0,1,1,0,0,0.0,0.0013469771349361912
2984,no_feedback,46,0,3,0,0,-1.0,0.0,1,0,1,0,0.0,0.0013469771349361912
2985,no_feedback,46,3,5,1,0,-1.0,0.0,1,0,1,0,0.0,0.0013469771349361912
2986,no_feedback,46,5,5,1,1,1.0,0.0,0,nan,nan,nan,0.0,0.0013469771349361912
2987,no_feedback,46,8,4,0,0,-1.0,0.0,1,1,0,0,0.0,0.0013469771349361912
2988,no_feedback,46,2,5,1,0,-1.0,0.0,1,0,1,0,0.0,0.0013469771349361912
2989,no_feedback,46,0,5,1,0,-1.0,0.0,1,0,1,0,0.0,0.0013469771349361912
2990,no_feedback,46,3,3,0,1,1.0,0.0,0,nan,nan,nan,0.0,0.0013469771349361912
2991,no_feedback,46,7,4,1,0,-1.0,0.0,1,1,0,0,0.0,0.0013469771349361912
2992,no_feedback,46,6,3,0,0,-1.0,0.0,1,0,1,0,0.0,0.0013469771349361912
2993,no_feedback,46,4,5,1,1,1.0,0.0,0,nan,nan,nan,0.0,0.0013469771349361912
2994,no_feedback,46,5,6,1,1,1.0,0.0,0,nan,nan,nan,0.0,0.0013469771349361912
2995,no_feedback,46,6,7,1,1,1.0,0.0,0,nan,nan,nan,0.0,0.0013469771349361912
2996,no_feedback,46,1,8,1,0,-1.0,0.0,1,3,0,1,0.0,0.0013469771349361912
2997,no_feedback,46,7,3,0,0,-1.0,0.0,1,0,1,0,0.0,0.0013469771349361912
2998,no_feedback,46,3,3,0,1,1.0,0.0,0,nan,nan,nan,0.0,0.0013469771349361912
2999,no_feedback,46,5,2,0,0,-1.0,0.0,1,1,0,0,0.0,0.0013469771349361912
3000,no_feedback,46,4,5,1,1,1.0,0.0,0,nan,nan,nan,0.0,0.0013469771349361912
