trial,condition,seed,ball,paddle,action,hit,natural_reward,reward_used,rally_ended,completed_rally_length,ace,long_rally,mean_abs_weight_change,mean_weight
1,no_feedback,42,0,3,0,0,-1.0,0.0,1,0,1,0,0.0,0.003826500260526257
2,no_feedback,42,6,3,0,0,-1.0,0.0,1,0,1,0,0.0,0.003826500260526257
3,no_feedback,42,5,5,1,1,1.0,0.0,0,nan,nan,nan,0.0,0.003826500260526257
4,no_feedback,42,3,6,1,0,-1.0,0.0,1,1,0,0,0.0,0.003826500260526257
5,no_feedback,42,3,5,1,0,-1.0,0.0,1,0,1,0,0.0,0.003826500260526257
6,no_feedback,42,7,3,0,0,-1.0,0.0,1,0,1,0,0.0,0.003826500260526257
7,no_feedback,42,0,3,0,0,-1.0,0.0,1,0,1,0,0.0,0.003826500260526257
8,no_feedback,42,6,3,0,0,-1.0,0.0,1,0,1,0,0.0,0.003826500260526257
9,no_feedback,42,1,5,1,0,-1.0,0.0,1,0,1,0,0.0,0.003826500260526257
10,no_feedback,42,0,3,0,0,-1.0,0.0,1,0,1,0,0.0,0.003826500260526257
11,no_feedback,42,4,3,0,1,1.0,0.0,0,nan,nan,nan,0.0,0.003826500260526257
12,no_feedback,42,8,2,0,0,-1.0,0.0,1,1,0,0,0.0,0.003826500260526257
13,no_feedback,42,6,3,0,0,-1.0,0.0,1,0,1,0,0.0,0.003826500260526257
14,no_feedback,42,6,3,0,0,-1.0,0.0,1,0,1,0,0.0,0.003826500260526257
15,no_feedback,42,6,3,0,0,-1.0,0.0,1,0,1,0,0.0,0.003826500260526257
16,no_feedback,42,7,3,0,0,-1.0,0.0,1,0,1,0,0.0,0.003826500260526257
17,no_feedback,42,4,3,0,1,1.0,0.0,0,nan,nan,nan,0.0,0.003826500260526257
18,no_feedback,42,1,2,0,1,1.0,0.0,0,nan,nan,nan,0.0,0.003826500260526257
19,no_feedback,42,7,3,1,0,-1.0,0.0,1,2,0,0,0.0,0.003826500260526257
20,no_feedback,42,4,3,0,1,1.0,0.0,0,nan,nan,nan,0.0,0.003826500260526257
21,no_feedback,42,4,2,0,0,-1.0,0.0,1,1,0,0,0.0,0.003826500260526257
22,no_feedback,42,3,5,1,0,-1.0,0.0,1,0,1,0,0.0,0.003826500260526257
23,no_feedback,42,1,5,1,0,-1.0,0.0,1,0,1,0,0.0,0.003826500260526257
24,no_feedback,42,8,3,0,0,-1.0,0.0,1,0,1,0,0.0,0.003826500260526257
25,no_feedback,42,7,3,0,0,-1.0,0.0,1,0,1,0,0.0,0.003826500260526257
26,no_feedback,42,5,3,0,0,-1.0,0.0,1,0,1,0,0.0,0.003826500260526257
27,no_feedback,42,3,3,0,1,1.0,0.0,0,nan,nan,nan,0.0,0.003826500260526257
28,no_feedback,42,7,4,1,0,-1.0,0.0,1,1,0,0,0.0,0.003826500260526257
29,no_feedback,42,4,3,0,1,1.0,0.0,0,nan,nan,nan,0.0,0.003826500260526257
30,no_feedback,42,3,2,0,1,1.0,0.0,0,nan,nan,nan,0.0,0.003826500260526257
31,no_feedback,42,4,1,0,0,-1.0,0.0,1,2,0,0,0.0,0.003826500260526257
32,no_feedback,42,2,3,0,1,1.0,0.0,0,nan,nan,nan,0.0,0.003826500260526257
33,no_feedback,42,0,4,1,0,-1.0,0.0,1,1,0,0,0.0,0.003826500260526257
34,no_feedback,42,4,3,0,1,1.0,0.0,0,nan,nan,nan,0.0,0.003826500260526257
35,no_feedback,42,7,2,0,0,-1.0,0.0,1,1,0,0,0.0,0.003826500260526257
36,no_feedback,42,0,3,0,0,-1.0,0.0,1,0,1,0,0.0,0.003826500260526257
37,no_feedback,42,7,3,0,0,-1.0,0.0,1,0,1,0,0.0,0.003826500260526257
38,no_feedback,42,7,5,1,0,-1.0,0.0,1,0,1,0,0.0,0.003826500260526257
39,no_feedback,42,2,3,0,1,1.0,0.0,0,nan,nan,nan,0.0,0.003826500260526257
40,no_feedback,42,5,2,0,0,-1.0,0.0,1,1,0,0,0.0,0.003826500260526257
41,no_feedback,42,1,5,1,0,-1.0,0.0,1,0,1,0,0.0,0.003826500260526257
42,no_feedback,42,6,3,0,0,-1.0,0.0,1,0,1,0,0.0,0.003826500260526257
43,no_feedback,42,6,3,0,0,-1.0,0.0,1,0,1,0,0.0,0.003826500260526257
44,no_feedback,42,3,3,0,1,1.0,0.0,0,nan,nan,nan,0.0,0.003826500260526257
45,no_feedback,42,0,2,0,0,-1.0,0.0,1,1,0,0,0.0,0.003826500260526257
46,no_feedback,42,8,3,0,0,-1.0,0.0,1,0,1,0,0.0,0.003826500260526257
47,no_feedback,42,4,3,0,1,1.0,0.0,0,nan,nan,nan,0.0,0.003826500260526257
48,no_feedback,42,8,2,0,0,-1.0,0.0,1,1,0,0,0.0,0.003826500260526257
49,no_feedback,42,6,3,0,0,-1.0,0.0,1,0,1,0,0.0,0.003826500260526257
50,no_feedback,42,7,3,0,0,-1.0,0.0,1,0,1,0,0.0,0.003826500260526257
51,no_feedback,42,6,3,0,0,-1.0,0.0,1,0,1,0,0.0,0.003826500260526257
52,no_feedback,42,1,5,1,0,-1.0,0.0,1,0,1,0,0.0,0.003826500260526257
53,no_feedback,42,3,5,1,0,-1.0,0.0,1,0,1,0,0.0,0.003826500260526257
54,no_feedback,42,4,3,0,1,1.0,0.0,0,nan,nan,nan,0.0,0.003826500260526257
55,no_feedback,42,4,4,1,1,1.0,0.0,0,nan,nan,nan,0.0,0.003826500260526257
56,no_feedback,42,0,3,0,0,-1.0,0.0,1,2,0,0,0.0,0.003826500260526257
57,no_feedback,42,4,3,0,1,1.0,0.0,0,nan,nan,nan,0.0,0.003826500260526257
58,no_feedback,42,1,2,0,1,1.0,0.0,0,nan,nan,nan,0.0,0.003826500260526257
59,no_feedback,42,6,1,0,0,-1.0,0.0,1,2,0,0,0.0,0.003826500260526257
60,no_feedback,42,6,3,0,0,-1.0,0.0,1,0,1,0,0.0,0.003826500260526257
61,no_feedback,42,8,5,1,0,-1.0,0.0,1,0,1,0,0.0,0.003826500260526257
62,no_feedback,42,6,3,0,0,-1.0,0.0,1,0,1,0,0.0,0.003826500260526257
63,no_feedback,42,3,3,0,1,1.0,0.0,0,nan,nan,nan,0.0,0.003826500260526257
64,no_feedback,42,8,4,1,0,-1.0,0.0,1,1,0,0,0.0,0.003826500260526257
65,no_feedback,42,3,5,1,0,-1.0,0.0,1,0,1,0,0.0,0.003826500260526257
66,no_feedback,42,2,3,0,1,1.0,0.0,0,nan,nan,nan,0.0,0.003826500260526257
67,no_feedback,42,8,2,0,0,-1.0,0.0,1,1,0,0,0.0,0.003826500260526257
68,no_feedback,42,3,3,0,1,1.0,0.0,0,nan,nan,nan,0.0,0.003826500260526257
69,no_feedback,42,0,4,1,0,-1.0,0.0,1,1,0,0,0.0,0.003826500260526257
70,no_feedback,42,4,3,0,1,1.0,0.0,0,nan,nan,nan,0.0,0.003826500260526257
71,no_feedback,42,7,4,1,0,-1.0,0.0,1,1,0,0,0.0,0.003826500260526257
72,no_feedback,42,1,5,1,0,-1.0,0.0,1,0,1,0,0.0,0.003826500260526257
73,no_feedback,42,4,3,0,1,1.0,0.0,0,nan,nan,nan,0.0,0.003826500260526257
74,no_feedback,42,1,2,0,1,1.0,0.0,0,nan,nan,nan,0.0,0.003826500260526257
75,no_feedback,42,6,1,0,0,-1.0,0.0,1,2,0,0,0.0,0.003826500260526257
76,no_feedback,42,4,3,0,1,1.0,0.0,0,nan,nan,nan,0.0,0.003826500260526257
77,no_feedback,42,2,4,1,0,-1.0,0.0,1,1,0,0,0.0,0.003826500260526257
78,no_feedback,42,2,3,0,1,1.0,0.0,0,nan,nan,nan,0.0,0.003826500260526257
79,no_feedback,42,5,2,0,0,-1.0,0.0,1,1,0,0,0.0,0.003826500260526257
80,no_feedback,42,6,3,0,0,-1.0,0.0,1,0,1,0,0.0,0.003826500260526257
81,no_feedback,42,8,5,1,0,-1.0,0.0,1,0,1,0,0.0,0.003826500260526257
82,no_feedback,42,3,3,0,1,1.0,0.0,0,nan,nan,nan,0.0,0.003826500260526257
83,no_feedback,42,1,2,0,1,1.0,0.0,0,nan,nan,nan,0.0,0.003826500260526257
84,no_feedback,42,7,3,1,0,-1.0,0.0,1,2,0,0,0.0,0.003826500260526257
85,no_feedback,42,5,3,0,0,-1.0,0.0,1,0,1,0,0.0,0.003826500260526257
86,no_feedback,42,6,3,0,0,-1.0,0.0,1,0,1,0,0.0,0.003826500260526257
87,no_feedback,42,0,3,0,0,-1.0,0.0,1,0,1,0,0.0,0.003826500260526257
88,no_feedback,42,2,3,0,1,1.0,0.0,0,nan,nan,nan,0.0,0.003826500260526257
89,no_feedback,42,6,4,1,0,-1.0,0.0,1,1,0,0,0.0,0.003826500260526257
90,no_feedback,42,7,5,1,0,-1.0,0.0,1,0,1,0,0.0,0.003826500260526257
91,no_feedback,42,3,5,1,0,-1.0,0.0,1,0,1,0,0.0,0.003826500260526257
92,no_feedback,42,7,3,0,0,-1.0,0.0,1,0,1,0,0.0,0.003826500260526257
93,no_feedback,42,7,5,1,0,-1.0,0.0,1,0,1,0,0.0,0.003826500260526257
94,no_feedback,42,3,5,1,0,-1.0,0.0,1,0,1,0,0.0,0.003826500260526257
95,no_feedback,42,8,3,0,0,-1.0,0.0,1,0,1,0,0.0,0.003826500260526257
96,no_feedback,42,2,3,0,1,1.0,0.0,0,nan,nan,nan,0.0,0.003826500260526257
97,no_feedback,42,2,2,0,1,1.0,0.0,0,nan,nan,nan,0.0,0.003826500260526257
98,no_feedback,42,6,1,0,0,-1.0,0.0,1,2,0,0,0.0,0.003826500260526257
99,no_feedback,42,5,5,1,1,1.0,0.0,0,nan,nan,nan,0.0,0.003826500260526257
100,no_feedback,42,1,4,0,0,-1.0,0.0,1,1,0,0,0.0,0.003826500260526257
101,no_feedback,42,7,5,1,0,-1.0,0.0,1,0,1,0,0.0,0.003826500260526257
102,no_feedback,42,1,5,1,0,-1.0,0.0,1,0,1,0,0.0,0.003826500260526257
103,no_feedback,42,7,3,0,0,-1.0,0.0,1,0,1,0,0.0,0.003826500260526257
104,no_feedback,42,0,3,0,0,-1.0,0.0,1,0,1,0,0.0,0.003826500260526257
105,no_feedback,42,7,5,1,0,-1.0,0.0,1,0,1,0,0.0,0.003826500260526257
106,no_feedback,42,7,3,0,0,-1.0,0.0,1,0,1,0,0.0,0.003826500260526257
107,no_feedback,42,7,3,0,0,-1.0,0.0,1,0,1,0,0.0,0.003826500260526257
108,no_feedback,42,5,5,1,1,1.0,0.0,0,nan,nan,nan,0.0,0.003826500260526257
109,no_feedback,42,4,6,1,0,-1.0,0.0,1,1,0,0,0.0,0.003826500260526257
110,no_feedback,42,6,3,0,0,-1.0,0.0,1,0,1,0,0.0,0.003826500260526257
111,no_feedback,42,2,3,0,1,1.0,0.0,0,nan,nan,nan,0.0,0.003826500260526257
112,no_feedback,42,7,4,1,0,-1.0,0.0,1,1,0,0,0.0,0.003826500260526257
113,no_feedback,42,5,5,1,1,1.0,0.0,0,nan,nan,nan,0.0,0.003826500260526257
114,no_feedback,42,4,4,0,1,1.0,0.0,0,nan,nan,nan,0.0,0.003826500260526257
115,no_feedback,42,4,3,0,1,1.0,0.0,0,nan,nan,nan,0.0,0.003826500260526257
116,no_feedback,42,5,2,0,0,-1.0,0.0,1,3,0,1,0.0,0.003826500260526257
117,no_feedback,42,0,3,0,0,-1.0,0.0,1,0,1,0,0.0,0.003826500260526257
118,no_feedback,42,1,5,1,0,-1.0,0.0,1,0,1,0,0.0,0.003826500260526257
119,no_feedback,42,2,3,0,1,1.0,0.0,0,nan,nan,nan,0.0,0.003826500260526257
120,no_feedback,42,1,2,0,1,1.0,0.0,0,nan,nan,nan,0.0,0.003826500260526257
121,no_feedback,42,3,1,0,0,-1.0,0.0,1,2,0,0,0.0,0.003826500260526257
122,no_feedback,42,6,3,0,0,-1.0,0.0,1,0,1,0,0.0,0.003826500260526257
123,no_feedback,42,5,5,1,1,1.0,0.0,0,nan,nan,nan,0.0,0.003826500260526257
124,no_feedback,42,4,6,1,0,-1.0,0.0,1,1,0,0,0.0,0.003826500260526257
125,no_feedback,42,7,5,1,0,-1.0,0.0,1,0,1,0,0.0,0.003826500260526257
126,no_feedback,42,5,5,1,1,1.0,0.0,0,nan,nan,nan,0.0,0.003826500260526257
127,no_feedback,42,0,6,1,0,-1.0,0.0,1,1,0,0,0.0,0.003826500260526257
128,no_feedback,42,6,3,0,0,-1.0,0.0,1,0,1,0,0.0,0.003826500260526257
129,no_feedback,42,5,3,0,0,-1.0,0.0,1,0,1,0,0.0,0.003826500260526257
130,no_feedback,42,5,5,1,1,1.0,0.0,0,nan,nan,nan,0.0,0.003826500260526257
131,no_feedback,42,5,6,1,1,1.0,0.0,0,nan,nan,nan,0.0,0.003826500260526257
132,no_feedback,42,4,5,0,1,1.0,0.0,0,nan,nan,nan,0.0,0.003826500260526257
133,no_feedback,42,0,4,0,0,-1.0,0.0,1,3,0,1,0.0,0.003826500260526257
134,no_feedback,42,5,5,1,1,1.0,0.0,0,nan,nan,nan,0.0,0.003826500260526257
135,no_feedback,42,7,4,0,0,-1.0,0.0,1,1,0,0,0.0,0.003826500260526257
136,no_feedback,42,2,5,1,0,-1.0,0.0,1,0,1,0,0.0,0.003826500260526257
137,no_feedback,42,5,5,1,1,1.0,0.0,0,nan,nan,nan,0.0,0.003826500260526257
138,no_feedback,42,0,6,1,0,-1.0,0.0,1,1,0,0,0.0,0.003826500260526257
139,no_feedback,42,3,3,0,1,1.0,0.0,0,nan,nan,nan,0.0,0.003826500260526257
140,no_feedback,42,3,2,0,1,1.0,0.0,0,nan,nan,nan,0.0,0.003826500260526257
141,no_feedback,42,8,1,0,0,-1.0,0.0,1,2,0,0,0.0,0.003826500260526257
142,no_feedback,42,1,5,1,0,-1.0,0.0,1,0,1,0,0.0,0.003826500260526257
143,no_feedback,42,2,5,1,0,-1.0,0.0,1,0,1,0,0.0,0.003826500260526257
144,no_feedback,42,3,5,1,0,-1.0,0.0,1,0,1,0,0.0,0.003826500260526257
145,no_feedback,42,8,3,0,0,-1.0,0.0,1,0,1,0,0.0,0.003826500260526257
146,no_feedback,42,7,5,1,0,-1.0,0.0,1,0,1,0,0.0,0.003826500260526257
147,no_feedback,42,0,3,0,0,-1.0,0.0,1,0,1,0,0.0,0.003826500260526257
148,no_feedback,42,2,3,0,1,1.0,0.0,0,nan,nan,nan,0.0,0.003826500260526257
149,no_feedback,42,7,2,0,0,-1.0,0.0,1,1,0,0,0.0,0.003826500260526257
150,no_feedback,42,0,3,0,0,-1.0,0.0,1,0,1,0,0.0,0.003826500260526257
151,no_feedback,42,7,5,1,0,-1.0,0.0,1,0,1,0,0.0,0.003826500260526257
152,no_feedback,42,2,5,1,0,-1.0,0.0,1,0,1,0,0.0,0.003826500260526257
153,no_feedback,42,8,5,1,0,-1.0,0.0,1,0,1,0,0.0,0.003826500260526257
154,no_feedback,42,2,3,0,1,1.0,0.0,0,nan,nan,nan,0.0,0.003826500260526257
155,no_feedback,42,3,2,0,1,1.0,0.0,0,nan,nan,nan,0.0,0.003826500260526257
156,no_feedback,42,5,3,1,0,-1.0,0.0,1,2,0,0,0.0,0.003826500260526257
157,no_feedback,42,1,5,1,0,-1.0,0.0,1,0,1,0,0.0,0.003826500260526257
158,no_feedback,42,5,3,0,0,-1.0,0.0,1,0,1,0,0.0,0.003826500260526257
159,no_feedback,42,4,3,0,1,1.0,0.0,0,nan,nan,nan,0.0,0.003826500260526257
160,no_feedback,42,7,4,1,0,-1.0,0.0,1,1,0,0,0.0,0.003826500260526257
161,no_feedback,42,8,3,0,0,-1.0,0.0,1,0,1,0,0.0,0.003826500260526257
162,no_feedback,42,5,5,1,1,1.0,0.0,0,nan,nan,nan,0.0,0.003826500260526257
163,no_feedback,42,3,6,1,0,-1.0,0.0,1,1,0,0,0.0,0.003826500260526257
164,no_feedback,42,3,5,1,0,-1.0,0.0,1,0,1,0,0.0,0.003826500260526257
165,no_feedback,42,3,3,0,1,1.0,0.0,0,nan,nan,nan,0.0,0.003826500260526257
166,no_feedback,42,7,2,0,0,-1.0,0.0,1,1,0,0,0.0,0.003826500260526257
167,no_feedback,42,2,3,0,1,1.0,0.0,0,nan,nan,nan,0.0,0.003826500260526257
168,no_feedback,42,1,2,0,1,1.0,0.0,0,nan,nan,nan,0.0,0.003826500260526257
169,no_feedback,42,3,1,0,0,-1.0,0.0,1,2,0,0,0.0,0.003826500260526257
170,no_feedback,42,0,3,0,0,-1.0,0.0,1,0,1,0,0.0,0.003826500260526257
171,no_feedback,42,0,3,0,0,-1.0,0.0,1,0,1,0,0.0,0.003826500260526257
172,no_feedback,42,0,3,0,0,-1.0,0.0,1,0,1,0,0.0,0.003826500260526257
173,no_feedback,42,6,3,0,0,-1.0,0.0,1,0,1,0,0.0,0.003826500260526257
174,no_feedback,42,6,5,1,1,1.0,0.0,0,nan,nan,nan,0.0,0.003826500260526257
175,no_feedback,42,6,4,0,0,-1.0,0.0,1,1,0,0,0.0,0.003826500260526257
176,no_feedback,42,4,3,0,1,1.0,0.0,0,nan,nan,nan,0.0,0.003826500260526257
177,no_feedback,42,6,2,0,0,-1.0,0.0,1,1,0,0,0.0,0.003826500260526257
178,no_feedback,42,1,3,0,0,-1.0,0.0,1,0,1,0,0.0,0.003826500260526257
179,no_feedback,42,8,3,0,0,-1.0,0.0,1,0,1,0,0.0,0.003826500260526257
180,no_feedback,42,4,3,0,1,1.0,0.0,0,nan,nan,nan,0.0,0.003826500260526257
181,no_feedback,42,8,2,0,0,-1.0,0.0,1,1,0,0,0.0,0.003826500260526257
182,no_feedback,42,1,5,1,0,-1.0,0.0,1,0,1,0,0.0,0.003826500260526257
183,no_feedback,42,4,3,0,1,1.0,0.0,0,nan,nan,nan,0.0,0.003826500260526257
184,no_feedback,42,6,4,1,0,-1.0,0.0,1,1,0,0,0.0,0.003826500260526257
185,no_feedback,42,4,3,0,1,1.0,0.0,0,nan,nan,nan,0.0,0.003826500260526257
186,no_feedback,42,4,2,0,0,-1.0,0.0,1,1,0,0,0.0,0.003826500260526257
187,no_feedback,42,1,5,1,0,-1.0,0.0,1,0,1,0,0.0,0.003826500260526257
188,no_feedback,42,3,3,0,1,1.0,0.0,0,nan,nan,nan,0.0,0.003826500260526257
189,no_feedback,42,2,4,1,0,-1.0,0.0,1,1,0,0,0.0,0.003826500260526257
190,no_feedback,42,2,3,0,1,1.0,0.0,0,nan,nan,nan,0.0,0.003826500260526257
191,no_feedback,42,6,2,0,0,-1.0,0.0,1,1,0,0,0.0,0.003826500260526257
192,no_feedback,42,5,5,1,1,1.0,0.0,0,nan,nan,nan,0.0,0.003826500260526257
193,no_feedback,42,5,4,0,1,1.0,0.0,0,nan,nan,nan,0.0,0.003826500260526257
194,no_feedback,42,3,3,0,1,1.0,0.0,0,nan,nan,nan,0.0,0.003826500260526257
195,no_feedback,42,8,4,1,0,-1.0,0.0,1,3,0,1,0.0,0.003826500260526257
196,no_feedback,42,0,3,0,0,-1.0,0.0,1,0,1,0,0.0,0.003826500260526257
197,no_feedback,42,3,3,0,1,1.0,0.0,0,nan,nan,nan,0.0,0.003826500260526257
198,no_feedback,42,1,2,0,1,1.0,0.0,0,nan,nan,nan,0.0,0.003826500260526257
199,no_feedback,42,3,1,0,0,-1.0,0.0,1,2,0,0,0.0,0.003826500260526257
200,no_feedback,42,8,5,1,0,-1.0,0.0,1,0,1,0,0.0,0.003826500260526257
201,no_feedback,42,3,5,1,0,-1.0,0.0,1,0,1,0,0.0,0.003826500260526257
202,no_feedback,42,8,5,1,0,-1.0,0.0,1,0,1,0,0.0,0.003826500260526257
203,no_feedback,42,4,3,0,1,1.0,0.0,0,nan,nan,nan,0.0,0.003826500260526257
204,no_feedback,42,6,4,1,0,-1.0,0.0,1,1,0,0,0.0,0.003826500260526257
205,no_feedback,42,4,3,0,1,1.0,0.0,0,nan,nan,nan,0.0,0.003826500260526257
206,no_feedback,42,2,2,0,1,1.0,0.0,0,nan,nan,nan,0.0,0.003826500260526257
207,no_feedback,42,6,1,0,0,-1.0,0.0,1,2,0,0,0.0,0.003826500260526257
208,no_feedback,42,8,5,1,0,-1.0,0.0,1,0,1,0,0.0,0.003826500260526257
209,no_feedback,42,2,3,0,1,1.0,0.0,0,nan,nan,nan,0.0,0.003826500260526257
210,no_feedback,42,7,2,0,0,-1.0,0.0,1,1,0,0,0.0,0.003826500260526257
211,no_feedback,42,2,3,0,1,1.0,0.0,0,nan,nan,nan,0.0,0.003826500260526257
212,no_feedback,42,6,4,1,0,-1.0,0.0,1,1,0,0,0.0,0.003826500260526257
213,no_feedback,42,7,3,0,0,-1.0,0.0,1,0,1,0,0.0,0.003826500260526257
214,no_feedback,42,4,3,0,1,1.0,0.0,0,nan,nan,nan,0.0,0.003826500260526257
215,no_feedback,42,6,2,0,0,-1.0,0.0,1,1,0,0,0.0,0.003826500260526257
216,no_feedback,42,2,3,0,1,1.0,0.0,0,nan,nan,nan,0.0,0.003826500260526257
217,no_feedback,42,0,4,1,0,-1.0,0.0,1,1,0,0,0.0,0.003826500260526257
218,no_feedback,42,0,3,0,0,-1.0,0.0,1,0,1,0,0.0,0.003826500260526257
219,no_feedback,42,4,3,0,1,1.0,0.0,0,nan,nan,nan,0.0,0.003826500260526257
220,no_feedback,42,8,4,1,0,-1.0,0.0,1,1,0,0,0.0,0.003826500260526257
221,no_feedback,42,1,5,1,0,-1.0,0.0,1,0,1,0,0.0,0.003826500260526257
222,no_feedback,42,4,3,0,1,1.0,0.0,0,nan,nan,nan,0.0,0.003826500260526257
223,no_feedback,42,6,2,0,0,-1.0,0.0,1,1,0,0,0.0,0.003826500260526257
224,no_feedback,42,1,5,1,0,-1.0,0.0,1,0,1,0,0.0,0.003826500260526257
225,no_feedback,42,6,3,0,0,-1.0,0.0,1,0,1,0,0.0,0.003826500260526257
226,no_feedback,42,2,5,1,0,-1.0,0.0,1,0,1,0,0.0,0.003826500260526257
227,no_feedback,42,7,5,1,0,-1.0,0.0,1,0,1,0,0.0,0.003826500260526257
228,no_feedback,42,5,5,1,1,1.0,0.0,0,nan,nan,nan,0.0,0.003826500260526257
229,no_feedback,42,4,4,0,1,1.0,0.0,0,nan,nan,nan,0.0,0.003826500260526257
230,no_feedback,42,1,5,1,0,-1.0,0.0,1,2,0,0,0.0,0.003826500260526257
231,no_feedback,42,4,3,0,1,1.0,0.0,0,nan,nan,nan,0.0,0.003826500260526257
232,no_feedback,42,7,4,1,0,-1.0,0.0,1,1,0,0,0.0,0.003826500260526257
233,no_feedback,42,0,3,0,0,-1.0,0.0,1,0,1,0,0.0,0.003826500260526257
234,no_feedback,42,6,3,0,0,-1.0,0.0,1,0,1,0,0.0,0.003826500260526257
235,no_feedback,42,4,3,0,1,1.0,0.0,0,nan,nan,nan,0.0,0.003826500260526257
236,no_feedback,42,6,2,0,0,-1.0,0.0,1,1,0,0,0.0,0.003826500260526257
237,no_feedback,42,5,5,1,1,1.0,0.0,0,nan,nan,nan,0.0,0.003826500260526257
238,no_feedback,42,3,6,1,0,-1.0,0.0,1,1,0,0,0.0,0.003826500260526257
239,no_feedback,42,2,3,0,1,1.0,0.0,0,nan,nan,nan,0.0,0.003826500260526257
240,no_feedback,42,5,2,0,0,-1.0,0.0,1,1,0,0,0.0,0.003826500260526257
241,no_feedback,42,1,5,1,0,-1.0,0.0,1,0,1,0,0.0,0.003826500260526257
242,no_feedback,42,5,3,0,0,-1.0,0.0,1,0,1,0,0.0,0.003826500260526257
243,no_feedback,42,0,5,1,0,-1.0,0.0,1,0,1,0,0.0,0.003826500260526257
244,no_feedback,42,5,3,0,0,-1.0,0.0,1,0,1,0,0.0,0.003826500260526257
245,no_feedback,42,5,5,1,1,1.0,0.0,0,nan,nan,nan,0.0,0.003826500260526257
246,no_feedback,42,0,4,0,0,-1.0,0.0,1,1,0,0,0.0,0.003826500260526257
247,no_feedback,42,6,3,0,0,-1.0,0.0,1,0,1,0,0.0,0.003826500260526257
248,no_feedback,42,3,5,1,0,-1.0,0.0,1,0,1,0,0.0,0.003826500260526257
249,no_feedback,42,7,5,1,0,-1.0,0.0,1,0,1,0,0.0,0.003826500260526257
250,no_feedback,42,0,3,0,0,-1.0,0.0,1,0,1,0,0.0,0.003826500260526257
251,no_feedback,42,1,5,1,0,-1.0,0.0,1,0,1,0,0.0,0.003826500260526257
252,no_feedback,42,4,3,0,1,1.0,0.0,0,nan,nan,nan,0.0,0.003826500260526257
253,no_feedback,42,1,2,0,1,1.0,0.0,0,nan,nan,nan,0.0,0.003826500260526257
254,no_feedback,42,2,1,0,1,1.0,0.0,0,nan,nan,nan,0.0,0.003826500260526257
255,no_feedback,42,5,0,0,0,-1.0,0.0,1,3,0,1,0.0,0.003826500260526257
256,no_feedback,42,1,5,1,0,-1.0,0.0,1,0,1,0,0.0,0.003826500260526257
257,no_feedback,42,6,3,0,0,-1.0,0.0,1,0,1,0,0.0,0.003826500260526257
258,no_feedback,42,0,3,0,0,-1.0,0.0,1,0,1,0,0.0,0.003826500260526257
259,no_feedback,42,1,5,1,0,-1.0,0.0,1,0,1,0,0.0,0.003826500260526257
260,no_feedback,42,5,5,1,1,1.0,0.0,0,nan,nan,nan,0.0,0.003826500260526257
261,no_feedback,42,7,4,0,0,-1.0,0.0,1,1,0,0,0.0,0.003826500260526257
262,no_feedback,42,1,5,1,0,-1.0,0.0,1,0,1,0,0.0,0.003826500260526257
263,no_feedback,42,2,5,1,0,-1.0,0.0,1,0,1,0,0.0,0.003826500260526257
264,no_feedback,42,8,5,1,0,-1.0,0.0,1,0,1,0,0.0,0.003826500260526257
265,no_feedback,42,8,5,1,0,-1.0,0.0,1,0,1,0,0.0,0.003826500260526257
266,no_feedback,42,5,3,0,0,-1.0,0.0,1,0,1,0,0.0,0.003826500260526257
267,no_feedback,42,4,3,0,1,1.0,0.0,0,nan,nan,nan,0.0,0.003826500260526257
268,no_feedback,42,3,2,0,1,1.0,0.0,0,nan,nan,nan,0.0,0.003826500260526257
269,no_feedback,42,5,3,1,0,-1.0,0.0,1,2,0,0,0.0,0.003826500260526257
270,no_feedback,42,5,3,0,0,-1.0,0.0,1,0,1,0,0.0,0.003826500260526257
271,no_feedback,42,2,3,0,1,1.0,0.0,0,nan,nan,nan,0.0,0.003826500260526257
272,no_feedback,42,0,4,1,0,-1.0,0.0,1,1,0,0,0.0,0.003826500260526257
273,no_feedback,42,1,5,1,0,-1.0,0.0,1,0,1,0,0.0,0.003826500260526257
274,no_feedback,42,8,5,1,0,-1.0,0.0,1,0,1,0,0.0,0.003826500260526257
275,no_feedback,42,3,5,1,0,-1.0,0.0,1,0,1,0,0.0,0.003826500260526257
276,no_feedback,42,4,3,0,1,1.0,0.0,0,nan,nan,nan,0.0,0.003826500260526257
277,no_feedback,42,4,4,1,1,1.0,0.0,0,nan,nan,nan,0.0,0.003826500260526257
278,no_feedback,42,7,3,0,0,-1.0,0.0,1,2,0,0,0.0,0.003826500260526257
279,no_feedback,42,0,3,0,0,-1.0,0.0,1,0,1,0,0.0,0.003826500260526257
280,no_feedback,42,0,3,0,0,-1.0,0.0,1,0,1,0,0.0,0.003826500260526257
281,no_feedback,42,2,3,0,1,1.0,0.0,0,nan,nan,nan,0.0,0.003826500260526257
282,no_feedback,42,4,4,1,1,1.0,0.0,0,nan,nan,nan,0.0,0.003826500260526257
283,no_feedback,42,6,3,0,0,-1.0,0.0,1,2,0,0,0.0,0.003826500260526257
284,no_feedback,42,4,3,0,1,1.0,0.0,0,nan,nan,nan,0.0,0.003826500260526257
285,no_feedback,42,3,2,0,1,1.0,0.0,0,nan,nan,nan,0.0,0.003826500260526257
286,no_feedback,42,8,1,0,0,-1.0,0.0,1,2,0,0,0.0,0.003826500260526257
287,no_feedback,42,1,5,1,0,-1.0,0.0,1,0,1,0,0.0,0.003826500260526257
288,no_feedback,42,5,5,1,1,1.0,0.0,0,nan,nan,nan,0.0,0.003826500260526257
289,no_feedback,42,4,6,1,0,-1.0,0.0,1,1,0,0,0.0,0.003826500260526257
290,no_feedback,42,4,3,0,1,1.0,0.0,0,nan,nan,nan,0.0,0.003826500260526257
291,no_feedback,42,7,2,0,0,-1.0,0.0,1,1,0,0,0.0,0.003826500260526257
292,no_feedback,42,2,5,1,0,-1.0,0.0,1,0,1,0,0.0,0.003826500260526257
293,no_feedback,42,8,5,1,0,-1.0,0.0,1,0,1,0,0.0,0.003826500260526257
294,no_feedback,42,2,3,0,1,1.0,0.0,0,nan,nan,nan,0.0,0.003826500260526257
295,no_feedback,42,4,2,0,0,-1.0,0.0,1,1,0,0,0.0,0.003826500260526257
296,no_feedback,42,4,3,0,1,1.0,0.0,0,nan,nan,nan,0.0,0.003826500260526257
297,no_feedback,42,7,4,1,0,-1.0,0.0,1,1,0,0,0.0,0.003826500260526257
298,no_feedback,42,3,3,0,1,1.0,0.0,0,nan,nan,nan,0.0,0.003826500260526257
299,no_feedback,42,2,4,1,0,-1.0,0.0,1,1,0,0,0.0,0.003826500260526257
300,no_feedback,42,0,3,0,0,-1.0,0.0,1,0,1,0,0.0,0.003826500260526257
301,no_feedback,42,3,3,0,1,1.0,0.0,0,nan,nan,nan,0.0,0.003826500260526257
302,no_feedback,42,7,2,0,0,-1.0,0.0,1,1,0,0,0.0,0.003826500260526257
303,no_feedback,42,0,3,0,0,-1.0,0.0,1,0,1,0,0.0,0.003826500260526257
304,no_feedback,42,8,5,1,0,-1.0,0.0,1,0,1,0,0.0,0.003826500260526257
305,no_feedback,42,4,3,0,1,1.0,0.0,0,nan,nan,nan,0.0,0.003826500260526257
306,no_feedback,42,1,4,1,0,-1.0,0.0,1,1,0,0,0.0,0.003826500260526257
307,no_feedback,42,2,3,0,1,1.0,0.0,0,nan,nan,nan,0.0,0.003826500260526257
308,no_feedback,42,4,4,1,1,1.0,0.0,0,nan,nan,nan,0.0,0.003826500260526257
309,no_feedback,42,2,3,0,1,1.0,0.0,0,nan,nan,nan,0.0,0.003826500260526257
310,no_feedback,42,0,4,1,0,-1.0,0.0,1,3,0,1,0.0,0.003826500260526257
311,no_feedback,42,5,5,1,1,1.0,0.0,0,nan,nan,nan,0.0,0.003826500260526257
312,no_feedback,42,6,4,0,0,-1.0,0.0,1,1,0,0,0.0,0.003826500260526257
313,no_feedback,42,1,3,0,0,-1.0,0.0,1,0,1,0,0.0,0.003826500260526257
314,no_feedback,42,2,5,1,0,-1.0,0.0,1,0,1,0,0.0,0.003826500260526257
315,no_feedback,42,2,5,1,0,-1.0,0.0,1,0,1,0,0.0,0.003826500260526257
316,no_feedback,42,5,3,0,0,-1.0,0.0,1,0,1,0,0.0,0.003826500260526257
317,no_feedback,42,6,3,0,0,-1.0,0.0,1,0,1,0,0.0,0.003826500260526257
318,no_feedback,42,6,3,0,0,-1.0,0.0,1,0,1,0,0.0,0.003826500260526257
319,no_feedback,42,8,5,1,0,-1.0,0.0,1,0,1,0,0.0,0.003826500260526257
320,no_feedback,42,6,3,0,0,-1.0,0.0,1,0,1,0,0.0,0.003826500260526257
321,no_feedback,42,2,3,0,1,1.0,0.0,0,nan,nan,nan,0.0,0.003826500260526257
322,no_feedback,42,0,4,1,0,-1.0,0.0,1,1,0,0,0.0,0.003826500260526257
323,no_feedback,42,5,3,0,0,-1.0,0.0,1,0,1,0,0.0,0.003826500260526257
324,no_feedback,42,8,5,1,0,-1.0,0.0,1,0,1,0,0.0,0.003826500260526257
325,no_feedback,42,8,5,1,0,-1.0,0.0,1,0,1,0,0.0,0.003826500260526257
326,no_feedback,42,2,5,1,0,-1.0,0.0,1,0,1,0,0.0,0.003826500260526257
327,no_feedback,42,2,3,0,1,1.0,0.0,0,nan,nan,nan,0.0,0.003826500260526257
328,no_feedback,42,0,4,1,0,-1.0,0.0,1,1,0,0,0.0,0.003826500260526257
329,no_feedback,42,1,5,1,0,-1.0,0.0,1,0,1,0,0.0,0.003826500260526257
330,no_feedback,42,4,3,0,1,1.0,0.0,0,nan,nan,nan,0.0,0.003826500260526257
331,no_feedback,42,4,4,1,1,1.0,0.0,0,nan,nan,nan,0.0,0.003826500260526257
332,no_feedback,42,3,3,0,1,1.0,0.0,0,nan,nan,nan,0.0,0.003826500260526257
333,no_feedback,42,2,2,0,1,1.0,0.0,0,nan,nan,nan,0.0,0.003826500260526257
334,no_feedback,42,7,3,1,0,-1.0,0.0,1,4,0,1,0.0,0.003826500260526257
335,no_feedback,42,4,5,1,1,1.0,0.0,0,nan,nan,nan,0.0,0.003826500260526257
336,no_feedback,42,7,4,0,0,-1.0,0.0,1,1,0,0,0.0,0.003826500260526257
337,no_feedback,42,8,5,1,0,-1.0,0.0,1,0,1,0,0.0,0.003826500260526257
338,no_feedback,42,2,3,0,1,1.0,0.0,0,nan,nan,nan,0.0,0.003826500260526257
339,no_feedback,42,1,4,1,0,-1.0,0.0,1,1,0,0,0.0,0.003826500260526257
340,no_feedback,42,8,5,1,0,-1.0,0.0,1,0,1,0,0.0,0.003826500260526257
341,no_feedback,42,5,5,1,1,1.0,0.0,0,nan,nan,nan,0.0,0.003826500260526257
342,no_feedback,42,2,6,1,0,-1.0,0.0,1,1,0,0,0.0,0.003826500260526257
343,no_feedback,42,5,3,0,0,-1.0,0.0,1,0,1,0,0.0,0.003826500260526257
344,no_feedback,42,4,3,0,1,1.0,0.0,0,nan,nan,nan,0.0,0.003826500260526257
345,no_feedback,42,8,4,1,0,-1.0,0.0,1,1,0,0,0.0,0.003826500260526257
346,no_feedback,42,2,3,0,1,1.0,0.0,0,nan,nan,nan,0.0,0.003826500260526257
347,no_feedback,42,8,2,0,0,-1.0,0.0,1,1,0,0,0.0,0.003826500260526257
348,no_feedback,42,8,5,1,0,-1.0,0.0,1,0,1,0,0.0,0.003826500260526257
349,no_feedback,42,1,5,1,0,-1.0,0.0,1,0,1,0,0.0,0.003826500260526257
350,no_feedback,42,1,5,1,0,-1.0,0.0,1,0,1,0,0.0,0.003826500260526257
351,no_feedback,42,4,3,0,1,1.0,0.0,0,nan,nan,nan,0.0,0.003826500260526257
352,no_feedback,42,0,4,1,0,-1.0,0.0,1,1,0,0,0.0,0.003826500260526257
353,no_feedback,42,2,3,0,1,1.0,0.0,0,nan,nan,nan,0.0,0.003826500260526257
354,no_feedback,42,3,2,0,1,1.0,0.0,0,nan,nan,nan,0.0,0.003826500260526257
355,no_feedback,42,8,3,1,0,-1.0,0.0,1,2,0,0,0.0,0.003826500260526257
356,no_feedback,42,8,5,1,0,-1.0,0.0,1,0,1,0,0.0,0.003826500260526257
357,no_feedback,42,1,5,1,0,-1.0,0.0,1,0,1,0,0.0,0.003826500260526257
358,no_feedback,42,8,3,0,0,-1.0,0.0,1,0,1,0,0.0,0.003826500260526257
359,no_feedback,42,0,3,0,0,-1.0,0.0,1,0,1,0,0.0,0.003826500260526257
360,no_feedback,42,6,3,0,0,-1.0,0.0,1,0,1,0,0.0,0.003826500260526257
361,no_feedback,42,7,3,0,0,-1.0,0.0,1,0,1,0,0.0,0.003826500260526257
362,no_feedback,42,8,5,1,0,-1.0,0.0,1,0,1,0,0.0,0.003826500260526257
363,no_feedback,42,2,3,0,1,1.0,0.0,0,nan,nan,nan,0.0,0.003826500260526257
364,no_feedback,42,8,4,1,0,-1.0,0.0,1,1,0,0,0.0,0.003826500260526257
365,no_feedback,42,1,5,1,0,-1.0,0.0,1,0,1,0,0.0,0.003826500260526257
366,no_feedback,42,4,3,0,1,1.0,0.0,0,nan,nan,nan,0.0,0.003826500260526257
367,no_feedback,42,4,2,0,0,-1.0,0.0,1,1,0,0,0.0,0.003826500260526257
368,no_feedback,42,2,3,0,1,1.0,0.0,0,nan,nan,nan,0.0,0.003826500260526257
369,no_feedback,42,0,4,1,0,-1.0,0.0,1,1,0,0,0.0,0.003826500260526257
370,no_feedback,42,6,3,0,0,-1.0,0.0,1,0,1,0,0.0,0.003826500260526257
371,no_feedback,42,3,5,1,0,-1.0,0.0,1,0,1,0,0.0,0.003826500260526257
372,no_feedback,42,5,3,0,0,-1.0,0.0,1,0,1,0,0.0,0.003826500260526257
373,no_feedback,42,3,3,0,1,1.0,0.0,0,nan,nan,nan,0.0,0.003826500260526257
374,no_feedback,42,3,2,0,1,1.0,0.0,0,nan,nan,nan,0.0,0.003826500260526257
375,no_feedback,42,7,1,0,0,-1.0,0.0,1,2,0,0,0.0,0.003826500260526257
376,no_feedback,42,0,3,0,0,-1.0,0.0,1,0,1,0,0.0,0.003826500260526257
377,no_feedback,42,6,3,0,0,-1.0,0.0,1,0,1,0,0.0,0.003826500260526257
378,no_feedback,42,6,3,0,0,-1.0,0.0,1,0,1,0,0.0,0.003826500260526257
379,no_feedback,42,3,5,1,0,-1.0,0.0,1,0,1,0,0.0,0.003826500260526257
380,no_feedback,42,2,5,1,0,-1.0,0.0,1,0,1,0,0.0,0.003826500260526257
381,no_feedback,42,0,3,0,0,-1.0,0.0,1,0,1,0,0.0,0.003826500260526257
382,no_feedback,42,8,3,0,0,-1.0,0.0,1,0,1,0,0.0,0.003826500260526257
383,no_feedback,42,8,3,0,0,-1.0,0.0,1,0,1,0,0.0,0.003826500260526257
384,no_feedback,42,2,5,1,0,-1.0,0.0,1,0,1,0,0.0,0.003826500260526257
385,no_feedback,42,0,3,0,0,-1.0,0.0,1,0,1,0,0.0,0.003826500260526257
386,no_feedback,42,1,5,1,0,-1.0,0.0,1,0,1,0,0.0,0.003826500260526257
387,no_feedback,42,0,3,0,0,-1.0,0.0,1,0,1,0,0.0,0.003826500260526257
388,no_feedback,42,7,3,0,0,-1.0,0.0,1,0,1,0,0.0,0.003826500260526257
389,no_feedback,42,8,5,1,0,-1.0,0.0,1,0,1,0,0.0,0.003826500260526257
390,no_feedback,42,1,5,1,0,-1.0,0.0,1,0,1,0,0.0,0.003826500260526257
391,no_feedback,42,6,3,0,0,-1.0,0.0,1,0,1,0,0.0,0.003826500260526257
392,no_feedback,42,1,5,1,0,-1.0,0.0,1,0,1,0,0.0,0.003826500260526257
393,no_feedback,42,3,5,1,0,-1.0,0.0,1,0,1,0,0.0,0.003826500260526257
394,no_feedback,42,5,3,0,0,-1.0,0.0,1,0,1,0,0.0,0.003826500260526257
395,no_feedback,42,6,3,0,0,-1.0,0.0,1,0,1,0,0.0,0.003826500260526257
396,no_feedback,42,7,5,1,0,-1.0,0.0,1,0,1,0,0.0,0.003826500260526257
397,no_feedback,42,0,3,0,0,-1.0,0.0,1,0,1,0,0.0,0.003826500260526257
398,no_feedback,42,1,5,1,0,-1.0,0.0,1,0,1,0,0.0,0.003826500260526257
399,no_feedback,42,2,3,0,1,1.0,0.0,0,nan,nan,nan,0.0,0.003826500260526257
400,no_feedback,42,2,2,0,1,1.0,0.0,0,nan,nan,nan,0.0,0.003826500260526257
401,no_feedback,42,8,1,0,0,-1.0,0.0,1,2,0,0,0.0,0.003826500260526257
402,no_feedback,42,6,3,0,0,-1.0,0.0,1,0,1,0,0.0,0.003826500260526257
403,no_feedback,42,2,3,0,1,1.0,0.0,0,nan,nan,nan,0.0,0.003826500260526257
404,no_feedback,42,8,4,1,0,-1.0,0.0,1,1,0,0,0.0,0.003826500260526257
405,no_feedback,42,4,3,0,1,1.0,0.0,0,nan,nan,nan,0.0,0.003826500260526257
406,no_feedback,42,4,4,1,1,1.0,0.0,0,nan,nan,nan,0.0,0.003826500260526257
407,no_feedback,42,3,5,1,0,-1.0,0.0,1,2,0,0,0.0,0.003826500260526257
408,no_feedback,42,1,5,1,0,-1.0,0.0,1,0,1,0,0.0,0.003826500260526257
409,no_feedback,42,8,3,0,0,-1.0,0.0,1,0,1,0,0.0,0.003826500260526257
410,no_feedback,42,0,3,0,0,-1.0,0.0,1,0,1,0,0.0,0.003826500260526257
411,no_feedback,42,1,5,1,0,-1.0,0.0,1,0,1,0,0.0,0.003826500260526257
412,no_feedback,42,2,3,0,1,1.0,0.0,0,nan,nan,nan,0.0,0.003826500260526257
413,no_feedback,42,2,4,1,0,-1.0,0.0,1,1,0,0,0.0,0.003826500260526257
414,no_feedback,42,1,5,1,0,-1.0,0.0,1,0,1,0,0.0,0.003826500260526257
415,no_feedback,42,0,5,1,0,-1.0,0.0,1,0,1,0,0.0,0.003826500260526257
416,no_feedback,42,6,3,0,0,-1.0,0.0,1,0,1,0,0.0,0.003826500260526257
417,no_feedback,42,8,3,0,0,-1.0,0.0,1,0,1,0,0.0,0.003826500260526257
418,no_feedback,42,1,3,0,0,-1.0,0.0,1,0,1,0,0.0,0.003826500260526257
419,no_feedback,42,2,5,1,0,-1.0,0.0,1,0,1,0,0.0,0.003826500260526257
420,no_feedback,42,4,3,0,1,1.0,0.0,0,nan,nan,nan,0.0,0.003826500260526257
421,no_feedback,42,8,4,1,0,-1.0,0.0,1,1,0,0,0.0,0.003826500260526257
422,no_feedback,42,6,3,0,0,-1.0,0.0,1,0,1,0,0.0,0.003826500260526257
423,no_feedback,42,6,3,0,0,-1.0,0.0,1,0,1,0,0.0,0.003826500260526257
424,no_feedback,42,5,3,0,0,-1.0,0.0,1,0,1,0,0.0,0.003826500260526257
425,no_feedback,42,3,5,1,0,-1.0,0.0,1,0,1,0,0.0,0.003826500260526257
426,no_feedback,42,1,5,1,0,-1.0,0.0,1,0,1,0,0.0,0.003826500260526257
427,no_feedback,42,7,3,0,0,-1.0,0.0,1,0,1,0,0.0,0.003826500260526257
428,no_feedback,42,7,3,0,0,-1.0,0.0,1,0,1,0,0.0,0.003826500260526257
429,no_feedback,42,0,3,0,0,-1.0,0.0,1,0,1,0,0.0,0.003826500260526257
430,no_feedback,42,6,3,0,0,-1.0,0.0,1,0,1,0,0.0,0.003826500260526257
431,no_feedback,42,0,3,0,0,-1.0,0.0,1,0,1,0,0.0,0.003826500260526257
432,no_feedback,42,6,3,0,0,-1.0,0.0,1,0,1,0,0.0,0.003826500260526257
433,no_feedback,42,7,3,0,0,-1.0,0.0,1,0,1,0,0.0,0.003826500260526257
434,no_feedback,42,1,5,1,0,-1.0,0.0,1,0,1,0,0.0,0.003826500260526257
435,no_feedback,42,3,3,0,1,1.0,0.0,0,nan,nan,nan,0.0,0.003826500260526257
436,no_feedback,42,1,2,0,1,1.0,0.0,0,nan,nan,nan,0.0,0.003826500260526257
437,no_feedback,42,5,1,0,0,-1.0,0.0,1,2,0,0,0.0,0.003826500260526257
438,no_feedback,42,8,5,1,0,-1.0,0.0,1,0,1,0,0.0,0.003826500260526257
439,no_feedback,42,0,3,0,0,-1.0,0.0,1,0,1,0,0.0,0.003826500260526257
440,no_feedback,42,3,3,0,1,1.0,0.0,0,nan,nan,nan,0.0,0.003826500260526257
441,no_feedback,42,8,2,0,0,-1.0,0.0,1,1,0,0,0.0,0.003826500260526257
442,no_feedback,42,2,3,0,1,1.0,0.0,0,nan,nan,nan,0.0,0.003826500260526257
443,no_feedback,42,1,2,0,1,1.0,0.0,0,nan,nan,nan,0.0,0.003826500260526257
444,no_feedback,42,4,1,0,0,-1.0,0.0,1,2,0,0,0.0,0.003826500260526257
445,no_feedback,42,4,3,0,1,1.0,0.0,0,nan,nan,nan,0.0,0.003826500260526257
446,no_feedback,42,5,2,0,0,-1.0,0.0,1,1,0,0,0.0,0.003826500260526257
447,no_feedback,42,2,3,0,1,1.0,0.0,0,nan,nan,nan,0.0,0.003826500260526257
448,no_feedback,42,8,2,0,0,-1.0,0.0,1,1,0,0,0.0,0.003826500260526257
449,no_feedback,42,4,3,0,1,1.0,0.0,0,nan,nan,nan,0.0,0.003826500260526257
450,no_feedback,42,2,2,0,1,1.0,0.0,0,nan,nan,nan,0.0,0.003826500260526257
451,no_feedback,42,8,1,0,0,-1.0,0.0,1,2,0,0,0.0,0.003826500260526257
452,no_feedback,42,8,5,1,0,-1.0,0.0,1,0,1,0,0.0,0.003826500260526257
453,no_feedback,42,4,3,0,1,1.0,0.0,0,nan,nan,nan,0.0,0.003826500260526257
454,no_feedback,42,0,4,1,0,-1.0,0.0,1,1,0,0,0.0,0.003826500260526257
455,no_feedback,42,5,3,0,0,-1.0,0.0,1,0,1,0,0.0,0.003826500260526257
456,no_feedback,42,4,3,0,1,1.0,0.0,0,nan,nan,nan,0.0,0.003826500260526257
457,no_feedback,42,1,4,1,0,-1.0,0.0,1,1,0,0,0.0,0.003826500260526257
458,no_feedback,42,5,3,0,0,-1.0,0.0,1,0,1,0,0.0,0.003826500260526257
459,no_feedback,42,7,5,1,0,-1.0,0.0,1,0,1,0,0.0,0.003826500260526257
460,no_feedback,42,0,3,0,0,-1.0,0.0,1,0,1,0,0.0,0.003826500260526257
461,no_feedback,42,6,3,0,0,-1.0,0.0,1,0,1,0,0.0,0.003826500260526257
462,no_feedback,42,1,5,1,0,-1.0,0.0,1,0,1,0,0.0,0.003826500260526257
463,no_feedback,42,6,3,0,0,-1.0,0.0,1,0,1,0,0.0,0.003826500260526257
464,no_feedback,42,3,5,1,0,-1.0,0.0,1,0,1,0,0.0,0.003826500260526257
465,no_feedback,42,0,3,0,0,-1.0,0.0,1,0,1,0,0.0,0.003826500260526257
466,no_feedback,42,8,3,0,0,-1.0,0.0,1,0,1,0,0.0,0.003826500260526257
467,no_feedback,42,1,5,1,0,-1.0,0.0,1,0,1,0,0.0,0.003826500260526257
468,no_feedback,42,5,5,1,1,1.0,0.0,0,nan,nan,nan,0.0,0.003826500260526257
469,no_feedback,42,1,4,0,0,-1.0,0.0,1,1,0,0,0.0,0.003826500260526257
470,no_feedback,42,8,5,1,0,-1.0,0.0,1,0,1,0,0.0,0.003826500260526257
471,no_feedback,42,6,3,0,0,-1.0,0.0,1,0,1,0,0.0,0.003826500260526257
472,no_feedback,42,7,5,1,0,-1.0,0.0,1,0,1,0,0.0,0.003826500260526257
473,no_feedback,42,3,5,1,0,-1.0,0.0,1,0,1,0,0.0,0.003826500260526257
474,no_feedback,42,4,3,0,1,1.0,0.0,0,nan,nan,nan,0.0,0.003826500260526257
475,no_feedback,42,5,2,0,0,-1.0,0.0,1,1,0,0,0.0,0.003826500260526257
476,no_feedback,42,7,5,1,0,-1.0,0.0,1,0,1,0,0.0,0.003826500260526257
477,no_feedback,42,7,3,0,0,-1.0,0.0,1,0,1,0,0.0,0.003826500260526257
478,no_feedback,42,0,3,0,0,-1.0,0.0,1,0,1,0,0.0,0.003826500260526257
479,no_feedback,42,5,3,0,0,-1.0,0.0,1,0,1,0,0.0,0.003826500260526257
480,no_feedback,42,0,3,0,0,-1.0,0.0,1,0,1,0,0.0,0.003826500260526257
481,no_feedback,42,2,3,0,1,1.0,0.0,0,nan,nan,nan,0.0,0.003826500260526257
482,no_feedback,42,7,4,1,0,-1.0,0.0,1,1,0,0,0.0,0.003826500260526257
483,no_feedback,42,2,3,0,1,1.0,0.0,0,nan,nan,nan,0.0,0.003826500260526257
484,no_feedback,42,7,4,1,0,-1.0,0.0,1,1,0,0,0.0,0.003826500260526257
485,no_feedback,42,4,3,0,1,1.0,0.0,0,nan,nan,nan,0.0,0.003826500260526257
486,no_feedback,42,2,4,1,0,-1.0,0.0,1,1,0,0,0.0,0.003826500260526257
487,no_feedback,42,3,3,0,1,1.0,0.0,0,nan,nan,nan,0.0,0.003826500260526257
488,no_feedback,42,4,2,0,0,-1.0,0.0,1,1,0,0,0.0,0.003826500260526257
489,no_feedback,42,6,3,0,0,-1.0,0.0,1,0,1,0,0.0,0.003826500260526257
490,no_feedback,42,5,3,0,0,-1.0,0.0,1,0,1,0,0.0,0.003826500260526257
491,no_feedback,42,8,3,0,0,-1.0,0.0,1,0,1,0,0.0,0.003826500260526257
492,no_feedback,42,7,3,0,0,-1.0,0.0,1,0,1,0,0.0,0.003826500260526257
493,no_feedback,42,6,3,0,0,-1.0,0.0,1,0,1,0,0.0,0.003826500260526257
494,no_feedback,42,5,5,1,1,1.0,0.0,0,nan,nan,nan,0.0,0.003826500260526257
495,no_feedback,42,2,6,1,0,-1.0,0.0,1,1,0,0,0.0,0.003826500260526257
496,no_feedback,42,3,5,1,0,-1.0,0.0,1,0,1,0,0.0,0.003826500260526257
497,no_feedback,42,1,5,1,0,-1.0,0.0,1,0,1,0,0.0,0.003826500260526257
498,no_feedback,42,3,3,0,1,1.0,0.0,0,nan,nan,nan,0.0,0.003826500260526257
499,no_feedback,42,8,2,0,0,-1.0,0.0,1,1,0,0,0.0,0.003826500260526257
500,no_feedback,42,3,5,1,0,-1.0,0.0,1,0,1,0,0.0,0.003826500260526257
501,no_feedback,42,1,5,1,0,-1.0,0.0,1,0,1,0,0.0,0.003826500260526257
502,no_feedback,42,5,5,1,1,1.0,0.0,0,nan,nan,nan,0.0,0.003826500260526257
503,no_feedback,42,8,6,1,0,-1.0,0.0,1,1,0,0,0.0,0.003826500260526257
504,no_feedback,42,7,3,0,0,-1.0,0.0,1,0,1,0,0.0,0.003826500260526257
505,no_feedback,42,2,3,0,1,1.0,0.0,0,nan,nan,nan,0.0,0.003826500260526257
506,no_feedback,42,4,2,0,0,-1.0,0.0,1,1,0,0,0.0,0.003826500260526257
507,no_feedback,42,4,3,0,1,1.0,0.0,0,nan,nan,nan,0.0,0.003826500260526257
508,no_feedback,42,2,4,1,0,-1.0,0.0,1,1,0,0,0.0,0.003826500260526257
509,no_feedback,42,2,5,1,0,-1.0,0.0,1,0,1,0,0.0,0.003826500260526257
510,no_feedback,42,2,5,1,0,-1.0,0.0,1,0,1,0,0.0,0.003826500260526257
511,no_feedback,42,8,3,0,0,-1.0,0.0,1,0,1,0,0.0,0.003826500260526257
512,no_feedback,42,6,3,0,0,-1.0,0.0,1,0,1,0,0.0,0.003826500260526257
513,no_feedback,42,7,3,0,0,-1.0,0.0,1,0,1,0,0.0,0.003826500260526257
514,no_feedback,42,7,5,1,0,-1.0,0.0,1,0,1,0,0.0,0.003826500260526257
515,no_feedback,42,8,5,1,0,-1.0,0.0,1,0,1,0,0.0,0.003826500260526257
516,no_feedback,42,0,3,0,0,-1.0,0.0,1,0,1,0,0.0,0.003826500260526257
517,no_feedback,42,7,5,1,0,-1.0,0.0,1,0,1,0,0.0,0.003826500260526257
518,no_feedback,42,0,3,0,0,-1.0,0.0,1,0,1,0,0.0,0.003826500260526257
519,no_feedback,42,4,3,0,1,1.0,0.0,0,nan,nan,nan,0.0,0.003826500260526257
520,no_feedback,42,5,2,0,0,-1.0,0.0,1,1,0,0,0.0,0.003826500260526257
521,no_feedback,42,3,3,0,1,1.0,0.0,0,nan,nan,nan,0.0,0.003826500260526257
522,no_feedback,42,1,4,1,0,-1.0,0.0,1,1,0,0,0.0,0.003826500260526257
523,no_feedback,42,1,5,1,0,-1.0,0.0,1,0,1,0,0.0,0.003826500260526257
524,no_feedback,42,7,3,0,0,-1.0,0.0,1,0,1,0,0.0,0.003826500260526257
525,no_feedback,42,2,3,0,1,1.0,0.0,0,nan,nan,nan,0.0,0.003826500260526257
526,no_feedback,42,2,4,1,0,-1.0,0.0,1,1,0,0,0.0,0.003826500260526257
527,no_feedback,42,8,3,0,0,-1.0,0.0,1,0,1,0,0.0,0.003826500260526257
528,no_feedback,42,1,5,1,0,-1.0,0.0,1,0,1,0,0.0,0.003826500260526257
529,no_feedback,42,8,5,1,0,-1.0,0.0,1,0,1,0,0.0,0.003826500260526257
530,no_feedback,42,8,3,0,0,-1.0,0.0,1,0,1,0,0.0,0.003826500260526257
531,no_feedback,42,5,3,0,0,-1.0,0.0,1,0,1,0,0.0,0.003826500260526257
532,no_feedback,42,1,5,1,0,-1.0,0.0,1,0,1,0,0.0,0.003826500260526257
533,no_feedback,42,1,5,1,0,-1.0,0.0,1,0,1,0,0.0,0.003826500260526257
534,no_feedback,42,2,3,0,1,1.0,0.0,0,nan,nan,nan,0.0,0.003826500260526257
535,no_feedback,42,5,2,0,0,-1.0,0.0,1,1,0,0,0.0,0.003826500260526257
536,no_feedback,42,1,5,1,0,-1.0,0.0,1,0,1,0,0.0,0.003826500260526257
537,no_feedback,42,4,3,0,1,1.0,0.0,0,nan,nan,nan,0.0,0.003826500260526257
538,no_feedback,42,1,4,1,0,-1.0,0.0,1,1,0,0,0.0,0.003826500260526257
539,no_feedback,42,4,3,0,1,1.0,0.0,0,nan,nan,nan,0.0,0.003826500260526257
540,no_feedback,42,0,4,1,0,-1.0,0.0,1,1,0,0,0.0,0.003826500260526257
541,no_feedback,42,6,3,0,0,-1.0,0.0,1,0,1,0,0.0,0.003826500260526257
542,no_feedback,42,0,3,0,0,-1.0,0.0,1,0,1,0,0.0,0.003826500260526257
543,no_feedback,42,1,5,1,0,-1.0,0.0,1,0,1,0,0.0,0.003826500260526257
544,no_feedback,42,1,5,1,0,-1.0,0.0,1,0,1,0,0.0,0.003826500260526257
545,no_feedback,42,7,3,0,0,-1.0,0.0,1,0,1,0,0.0,0.003826500260526257
546,no_feedback,42,0,3,0,0,-1.0,0.0,1,0,1,0,0.0,0.003826500260526257
547,no_feedback,42,3,5,1,0,-1.0,0.0,1,0,1,0,0.0,0.003826500260526257
548,no_feedback,42,5,5,1,1,1.0,0.0,0,nan,nan,nan,0.0,0.003826500260526257
549,no_feedback,42,4,4,0,1,1.0,0.0,0,nan,nan,nan,0.0,0.003826500260526257
550,no_feedback,42,6,3,0,0,-1.0,0.0,1,2,0,0,0.0,0.003826500260526257
551,no_feedback,42,7,5,1,0,-1.0,0.0,1,0,1,0,0.0,0.003826500260526257
552,no_feedback,42,3,5,1,0,-1.0,0.0,1,0,1,0,0.0,0.003826500260526257
553,no_feedback,42,7,3,0,0,-1.0,0.0,1,0,1,0,0.0,0.003826500260526257
554,no_feedback,42,2,3,0,1,1.0,0.0,0,nan,nan,nan,0.0,0.003826500260526257
555,no_feedback,42,8,4,1,0,-1.0,0.0,1,1,0,0,0.0,0.003826500260526257
556,no_feedback,42,4,3,0,1,1.0,0.0,0,nan,nan,nan,0.0,0.003826500260526257
557,no_feedback,42,6,2,0,0,-1.0,0.0,1,1,0,0,0.0,0.003826500260526257
558,no_feedback,42,7,3,0,0,-1.0,0.0,1,0,1,0,0.0,0.003826500260526257
559,no_feedback,42,7,3,0,0,-1.0,0.0,1,0,1,0,0.0,0.003826500260526257
560,no_feedback,42,7,3,0,0,-1.0,0.0,1,0,1,0,0.0,0.003826500260526257
561,no_feedback,42,4,3,0,1,1.0,0.0,0,nan,nan,nan,0.0,0.003826500260526257
562,no_feedback,42,0,4,1,0,-1.0,0.0,1,1,0,0,0.0,0.003826500260526257
563,no_feedback,42,4,3,0,1,1.0,0.0,0,nan,nan,nan,0.0,0.003826500260526257
564,no_feedback,42,1,4,1,0,-1.0,0.0,1,1,0,0,0.0,0.003826500260526257
565,no_feedback,42,8,5,1,0,-1.0,0.0,1,0,1,0,0.0,0.003826500260526257
566,no_feedback,42,2,3,0,1,1.0,0.0,0,nan,nan,nan,0.0,0.003826500260526257
567,no_feedback,42,2,2,0,1,1.0,0.0,0,nan,nan,nan,0.0,0.003826500260526257
568,no_feedback,42,2,1,0,1,1.0,0.0,0,nan,nan,nan,0.0,0.003826500260526257
569,no_feedback,42,5,2,1,0,-1.0,0.0,1,3,0,1,0.0,0.003826500260526257
570,no_feedback,42,5,5,1,1,1.0,0.0,0,nan,nan,nan,0.0,0.003826500260526257
571,no_feedback,42,8,4,0,0,-1.0,0.0,1,1,0,0,0.0,0.003826500260526257
572,no_feedback,42,3,3,0,1,1.0,0.0,0,nan,nan,nan,0.0,0.003826500260526257
573,no_feedback,42,2,4,1,0,-1.0,0.0,1,1,0,0,0.0,0.003826500260526257
574,no_feedback,42,0,3,0,0,-1.0,0.0,1,0,1,0,0.0,0.003826500260526257
575,no_feedback,42,0,3,0,0,-1.0,0.0,1,0,1,0,0.0,0.003826500260526257
576,no_feedback,42,3,3,0,1,1.0,0.0,0,nan,nan,nan,0.0,0.003826500260526257
577,no_feedback,42,8,2,0,0,-1.0,0.0,1,1,0,0,0.0,0.003826500260526257
578,no_feedback,42,4,5,1,1,1.0,0.0,0,nan,nan,nan,0.0,0.003826500260526257
579,no_feedback,42,8,6,1,0,-1.0,0.0,1,1,0,0,0.0,0.003826500260526257
580,no_feedback,42,0,3,0,0,-1.0,0.0,1,0,1,0,0.0,0.003826500260526257
581,no_feedback,42,0,3,0,0,-1.0,0.0,1,0,1,0,0.0,0.003826500260526257
582,no_feedback,42,7,5,1,0,-1.0,0.0,1,0,1,0,0.0,0.003826500260526257
583,no_feedback,42,0,3,0,0,-1.0,0.0,1,0,1,0,0.0,0.003826500260526257
584,no_feedback,42,0,3,0,0,-1.0,0.0,1,0,1,0,0.0,0.003826500260526257
585,no_feedback,42,3,3,0,1,1.0,0.0,0,nan,nan,nan,0.0,0.003826500260526257
586,no_feedback,42,8,2,0,0,-1.0,0.0,1,1,0,0,0.0,0.003826500260526257
587,no_feedback,42,6,3,0,0,-1.0,0.0,1,0,1,0,0.0,0.003826500260526257
588,no_feedback,42,0,3,0,0,-1.0,0.0,1,0,1,0,0.0,0.003826500260526257
589,no_feedback,42,7,3,0,0,-1.0,0.0,1,0,1,0,0.0,0.003826500260526257
590,no_feedback,42,7,3,0,0,-1.0,0.0,1,0,1,0,0.0,0.003826500260526257
591,no_feedback,42,7,5,1,0,-1.0,0.0,1,0,1,0,0.0,0.003826500260526257
592,no_feedback,42,8,5,1,0,-1.0,0.0,1,0,1,0,0.0,0.003826500260526257
593,no_feedback,42,2,5,1,0,-1.0,0.0,1,0,1,0,0.0,0.003826500260526257
594,no_feedback,42,8,5,1,0,-1.0,0.0,1,0,1,0,0.0,0.003826500260526257
595,no_feedback,42,2,3,0,1,1.0,0.0,0,nan,nan,nan,0.0,0.003826500260526257
596,no_feedback,42,7,2,0,0,-1.0,0.0,1,1,0,0,0.0,0.003826500260526257
597,no_feedback,42,5,5,1,1,1.0,0.0,0,nan,nan,nan,0.0,0.003826500260526257
598,no_feedback,42,7,4,0,0,-1.0,0.0,1,1,0,0,0.0,0.003826500260526257
599,no_feedback,42,5,3,0,0,-1.0,0.0,1,0,1,0,0.0,0.003826500260526257
600,no_feedback,42,5,5,1,1,1.0,0.0,0,nan,nan,nan,0.0,0.003826500260526257
601,no_feedback,42,5,4,0,1,1.0,0.0,0,nan,nan,nan,0.0,0.003826500260526257
602,no_feedback,42,7,5,1,0,-1.0,0.0,1,2,0,0,0.0,0.003826500260526257
603,no_feedback,42,6,3,0,0,-1.0,0.0,1,0,1,0,0.0,0.003826500260526257
604,no_feedback,42,1,5,1,0,-1.0,0.0,1,0,1,0,0.0,0.003826500260526257
605,no_feedback,42,7,3,0,0,-1.0,0.0,1,0,1,0,0.0,0.003826500260526257
606,no_feedback,42,4,3,0,1,1.0,0.0,0,nan,nan,nan,0.0,0.003826500260526257
607,no_feedback,42,2,2,0,1,1.0,0.0,0,nan,nan,nan,0.0,0.003826500260526257
608,no_feedback,42,4,1,0,0,-1.0,0.0,1,2,0,0,0.0,0.003826500260526257
609,no_feedback,42,8,3,0,0,-1.0,0.0,1,0,1,0,0.0,0.003826500260526257
610,no_feedback,42,7,5,1,0,-1.0,0.0,1,0,1,0,0.0,0.003826500260526257
611,no_feedback,42,7,3,0,0,-1.0,0.0,1,0,1,0,0.0,0.003826500260526257
612,no_feedback,42,4,3,0,1,1.0,0.0,0,nan,nan,nan,0.0,0.003826500260526257
613,no_feedback,42,7,2,0,0,-1.0,0.0,1,1,0,0,0.0,0.003826500260526257
614,no_feedback,42,3,5,1,0,-1.0,0.0,1,0,1,0,0.0,0.003826500260526257
615,no_feedback,42,6,3,0,0,-1.0,0.0,1,0,1,0,0.0,0.003826500260526257
616,no_feedback,42,5,3,0,0,-1.0,0.0,1,0,1,0,0.0,0.003826500260526257
617,no_feedback,42,2,5,1,0,-1.0,0.0,1,0,1,0,0.0,0.003826500260526257
618,no_feedback,42,2,5,1,0,-1.0,0.0,1,0,1,0,0.0,0.003826500260526257
619,no_feedback,42,0,3,0,0,-1.0,0.0,1,0,1,0,0.0,0.003826500260526257
620,no_feedback,42,1,5,1,0,-1.0,0.0,1,0,1,0,0.0,0.003826500260526257
621,no_feedback,42,3,3,0,1,1.0,0.0,0,nan,nan,nan,0.0,0.003826500260526257
622,no_feedback,42,4,4,1,1,1.0,0.0,0,nan,nan,nan,0.0,0.003826500260526257
623,no_feedback,42,1,5,1,0,-1.0,0.0,1,2,0,0,0.0,0.003826500260526257
624,no_feedback,42,3,5,1,0,-1.0,0.0,1,0,1,0,0.0,0.003826500260526257
625,no_feedback,42,5,5,1,1,1.0,0.0,0,nan,nan,nan,0.0,0.003826500260526257
626,no_feedback,42,2,6,1,0,-1.0,0.0,1,1,0,0,0.0,0.003826500260526257
627,no_feedback,42,3,5,1,0,-1.0,0.0,1,0,1,0,0.0,0.003826500260526257
628,no_feedback,42,3,3,0,1,1.0,0.0,0,nan,nan,nan,0.0,0.003826500260526257
629,no_feedback,42,4,4,1,1,1.0,0.0,0,nan,nan,nan,0.0,0.003826500260526257
630,no_feedback,42,3,5,1,0,-1.0,0.0,1,2,0,0,0.0,0.003826500260526257
631,no_feedback,42,6,5,1,1,1.0,0.0,0,nan,nan,nan,0.0,0.003826500260526257
632,no_feedback,42,2,6,1,0,-1.0,0.0,1,1,0,0,0.0,0.003826500260526257
633,no_feedback,42,3,5,1,0,-1.0,0.0,1,0,1,0,0.0,0.003826500260526257
634,no_feedback,42,3,5,1,0,-1.0,0.0,1,0,1,0,0.0,0.003826500260526257
635,no_feedback,42,1,5,1,0,-1.0,0.0,1,0,1,0,0.0,0.003826500260526257
636,no_feedback,42,6,3,0,0,-1.0,0.0,1,0,1,0,0.0,0.003826500260526257
637,no_feedback,42,2,3,0,1,1.0,0.0,0,nan,nan,nan,0.0,0.003826500260526257
638,no_feedback,42,2,4,1,0,-1.0,0.0,1,1,0,0,0.0,0.003826500260526257
639,no_feedback,42,7,5,1,0,-1.0,0.0,1,0,1,0,0.0,0.003826500260526257
640,no_feedback,42,8,5,1,0,-1.0,0.0,1,0,1,0,0.0,0.003826500260526257
641,no_feedback,42,6,3,0,0,-1.0,0.0,1,0,1,0,0.0,0.003826500260526257
642,no_feedback,42,8,3,0,0,-1.0,0.0,1,0,1,0,0.0,0.003826500260526257
643,no_feedback,42,7,3,0,0,-1.0,0.0,1,0,1,0,0.0,0.003826500260526257
644,no_feedback,42,4,3,0,1,1.0,0.0,0,nan,nan,nan,0.0,0.003826500260526257
645,no_feedback,42,6,4,1,0,-1.0,0.0,1,1,0,0,0.0,0.003826500260526257
646,no_feedback,42,2,5,1,0,-1.0,0.0,1,0,1,0,0.0,0.003826500260526257
647,no_feedback,42,4,3,0,1,1.0,0.0,0,nan,nan,nan,0.0,0.003826500260526257
648,no_feedback,42,4,2,0,0,-1.0,0.0,1,1,0,0,0.0,0.003826500260526257
649,no_feedback,42,8,3,0,0,-1.0,0.0,1,0,1,0,0.0,0.003826500260526257
650,no_feedback,42,7,3,0,0,-1.0,0.0,1,0,1,0,0.0,0.003826500260526257
651,no_feedback,42,4,3,0,1,1.0,0.0,0,nan,nan,nan,0.0,0.003826500260526257
652,no_feedback,42,5,2,0,0,-1.0,0.0,1,1,0,0,0.0,0.003826500260526257
653,no_feedback,42,1,5,1,0,-1.0,0.0,1,0,1,0,0.0,0.003826500260526257
654,no_feedback,42,7,5,1,0,-1.0,0.0,1,0,1,0,0.0,0.003826500260526257
655,no_feedback,42,4,3,0,1,1.0,0.0,0,nan,nan,nan,0.0,0.003826500260526257
656,no_feedback,42,4,4,1,1,1.0,0.0,0,nan,nan,nan,0.0,0.003826500260526257
657,no_feedback,42,6,3,0,0,-1.0,0.0,1,2,0,0,0.0,0.003826500260526257
658,no_feedback,42,5,3,0,0,-1.0,0.0,1,0,1,0,0.0,0.003826500260526257
659,no_feedback,42,0,3,0,0,-1.0,0.0,1,0,1,0,0.0,0.003826500260526257
660,no_feedback,42,2,5,1,0,-1.0,0.0,1,0,1,0,0.0,0.003826500260526257
661,no_feedback,42,1,5,1,0,-1.0,0.0,1,0,1,0,0.0,0.003826500260526257
662,no_feedback,42,6,3,0,0,-1.0,0.0,1,0,1,0,0.0,0.003826500260526257
663,no_feedback,42,0,3,0,0,-1.0,0.0,1,0,1,0,0.0,0.003826500260526257
664,no_feedback,42,1,5,1,0,-1.0,0.0,1,0,1,0,0.0,0.003826500260526257
665,no_feedback,42,5,3,0,0,-1.0,0.0,1,0,1,0,0.0,0.003826500260526257
666,no_feedback,42,6,3,0,0,-1.0,0.0,1,0,1,0,0.0,0.003826500260526257
667,no_feedback,42,4,5,1,1,1.0,0.0,0,nan,nan,nan,0.0,0.003826500260526257
668,no_feedback,42,7,4,0,0,-1.0,0.0,1,1,0,0,0.0,0.003826500260526257
669,no_feedback,42,8,5,1,0,-1.0,0.0,1,0,1,0,0.0,0.003826500260526257
670,no_feedback,42,1,5,1,0,-1.0,0.0,1,0,1,0,0.0,0.003826500260526257
671,no_feedback,42,8,5,1,0,-1.0,0.0,1,0,1,0,0.0,0.003826500260526257
672,no_feedback,42,5,5,1,1,1.0,0.0,0,nan,nan,nan,0.0,0.003826500260526257
673,no_feedback,42,5,4,0,1,1.0,0.0,0,nan,nan,nan,0.0,0.003826500260526257
674,no_feedback,42,0,3,0,0,-1.0,0.0,1,2,0,0,0.0,0.003826500260526257
675,no_feedback,42,5,3,0,0,-1.0,0.0,1,0,1,0,0.0,0.003826500260526257
676,no_feedback,42,6,3,0,0,-1.0,0.0,1,0,1,0,0.0,0.003826500260526257
677,no_feedback,42,5,5,1,1,1.0,0.0,0,nan,nan,nan,0.0,0.003826500260526257
678,no_feedback,42,0,4,0,0,-1.0,0.0,1,1,0,0,0.0,0.003826500260526257
679,no_feedback,42,4,3,0,1,1.0,0.0,0,nan,nan,nan,0.0,0.003826500260526257
680,no_feedback,42,8,4,1,0,-1.0,0.0,1,1,0,0,0.0,0.003826500260526257
681,no_feedback,42,6,3,0,0,-1.0,0.0,1,0,1,0,0.0,0.003826500260526257
682,no_feedback,42,1,5,1,0,-1.0,0.0,1,0,1,0,0.0,0.003826500260526257
683,no_feedback,42,8,5,1,0,-1.0,0.0,1,0,1,0,0.0,0.003826500260526257
684,no_feedback,42,8,3,0,0,-1.0,0.0,1,0,1,0,0.0,0.003826500260526257
685,no_feedback,42,1,5,1,0,-1.0,0.0,1,0,1,0,0.0,0.003826500260526257
686,no_feedback,42,7,5,1,0,-1.0,0.0,1,0,1,0,0.0,0.003826500260526257
687,no_feedback,42,3,3,0,1,1.0,0.0,0,nan,nan,nan,0.0,0.003826500260526257
688,no_feedback,42,5,2,0,0,-1.0,0.0,1,1,0,0,0.0,0.003826500260526257
689,no_feedback,42,4,3,0,1,1.0,0.0,0,nan,nan,nan,0.0,0.003826500260526257
690,no_feedback,42,7,4,1,0,-1.0,0.0,1,1,0,0,0.0,0.003826500260526257
691,no_feedback,42,8,5,1,0,-1.0,0.0,1,0,1,0,0.0,0.003826500260526257
692,no_feedback,42,7,5,1,0,-1.0,0.0,1,0,1,0,0.0,0.003826500260526257
693,no_feedback,42,8,3,0,0,-1.0,0.0,1,0,1,0,0.0,0.003826500260526257
694,no_feedback,42,8,3,0,0,-1.0,0.0,1,0,1,0,0.0,0.003826500260526257
695,no_feedback,42,0,3,0,0,-1.0,0.0,1,0,1,0,0.0,0.003826500260526257
696,no_feedback,42,2,3,0,1,1.0,0.0,0,nan,nan,nan,0.0,0.003826500260526257
697,no_feedback,42,6,2,0,0,-1.0,0.0,1,1,0,0,0.0,0.003826500260526257
698,no_feedback,42,5,3,0,0,-1.0,0.0,1,0,1,0,0.0,0.003826500260526257
699,no_feedback,42,0,3,0,0,-1.0,0.0,1,0,1,0,0.0,0.003826500260526257
700,no_feedback,42,0,3,0,0,-1.0,0.0,1,0,1,0,0.0,0.003826500260526257
701,no_feedback,42,4,3,0,1,1.0,0.0,0,nan,nan,nan,0.0,0.003826500260526257
702,no_feedback,42,5,2,0,0,-1.0,0.0,1,1,0,0,0.0,0.003826500260526257
703,no_feedback,42,1,5,1,0,-1.0,0.0,1,0,1,0,0.0,0.003826500260526257
704,no_feedback,42,1,5,1,0,-1.0,0.0,1,0,1,0,0.0,0.003826500260526257
705,no_feedback,42,1,5,1,0,-1.0,0.0,1,0,1,0,0.0,0.003826500260526257
706,no_feedback,42,5,5,1,1,1.0,0.0,0,nan,nan,nan,0.0,0.003826500260526257
707,no_feedback,42,0,6,1,0,-1.0,0.0,1,1,0,0,0.0,0.003826500260526257
708,no_feedback,42,5,5,1,1,1.0,0.0,0,nan,nan,nan,0.0,0.003826500260526257
709,no_feedback,42,4,4,0,1,1.0,0.0,0,nan,nan,nan,0.0,0.003826500260526257
710,no_feedback,42,4,3,0,1,1.0,0.0,0,nan,nan,nan,0.0,0.003826500260526257
711,no_feedback,42,6,2,0,0,-1.0,0.0,1,3,0,1,0.0,0.003826500260526257
712,no_feedback,42,4,3,0,1,1.0,0.0,0,nan,nan,nan,0.0,0.003826500260526257
713,no_feedback,42,6,2,0,0,-1.0,0.0,1,1,0,0,0.0,0.003826500260526257
714,no_feedback,42,6,3,0,0,-1.0,0.0,1,0,1,0,0.0,0.003826500260526257
715,no_feedback,42,8,5,1,0,-1.0,0.0,1,0,1,0,0.0,0.003826500260526257
716,no_feedback,42,7,3,0,0,-1.0,0.0,1,0,1,0,0.0,0.003826500260526257
717,no_feedback,42,4,3,0,1,1.0,0.0,0,nan,nan,nan,0.0,0.003826500260526257
718,no_feedback,42,4,2,0,0,-1.0,0.0,1,1,0,0,0.0,0.003826500260526257
719,no_feedback,42,2,5,1,0,-1.0,0.0,1,0,1,0,0.0,0.003826500260526257
720,no_feedback,42,5,5,1,1,1.0,0.0,0,nan,nan,nan,0.0,0.003826500260526257
721,no_feedback,42,1,4,0,0,-1.0,0.0,1,1,0,0,0.0,0.003826500260526257
722,no_feedback,42,8,5,1,0,-1.0,0.0,1,0,1,0,0.0,0.003826500260526257
723,no_feedback,42,7,5,1,0,-1.0,0.0,1,0,1,0,0.0,0.003826500260526257
724,no_feedback,42,1,5,1,0,-1.0,0.0,1,0,1,0,0.0,0.003826500260526257
725,no_feedback,42,7,5,1,0,-1.0,0.0,1,0,1,0,0.0,0.003826500260526257
726,no_feedback,42,1,5,1,0,-1.0,0.0,1,0,1,0,0.0,0.003826500260526257
727,no_feedback,42,6,3,0,0,-1.0,0.0,1,0,1,0,0.0,0.003826500260526257
728,no_feedback,42,0,3,0,0,-1.0,0.0,1,0,1,0,0.0,0.003826500260526257
729,no_feedback,42,4,5,1,1,1.0,0.0,0,nan,nan,nan,0.0,0.003826500260526257
730,no_feedback,42,5,4,0,1,1.0,0.0,0,nan,nan,nan,0.0,0.003826500260526257
731,no_feedback,42,6,3,0,0,-1.0,0.0,1,2,0,0,0.0,0.003826500260526257
732,no_feedback,42,3,5,1,0,-1.0,0.0,1,0,1,0,0.0,0.003826500260526257
733,no_feedback,42,8,5,1,0,-1.0,0.0,1,0,1,0,0.0,0.003826500260526257
734,no_feedback,42,6,3,0,0,-1.0,0.0,1,0,1,0,0.0,0.003826500260526257
735,no_feedback,42,1,5,1,0,-1.0,0.0,1,0,1,0,0.0,0.003826500260526257
736,no_feedback,42,6,3,0,0,-1.0,0.0,1,0,1,0,0.0,0.003826500260526257
737,no_feedback,42,6,3,0,0,-1.0,0.0,1,0,1,0,0.0,0.003826500260526257
738,no_feedback,42,3,3,0,1,1.0,0.0,0,nan,nan,nan,0.0,0.003826500260526257
739,no_feedback,42,6,4,1,0,-1.0,0.0,1,1,0,0,0.0,0.003826500260526257
740,no_feedback,42,8,3,0,0,-1.0,0.0,1,0,1,0,0.0,0.003826500260526257
741,no_feedback,42,7,3,0,0,-1.0,0.0,1,0,1,0,0.0,0.003826500260526257
742,no_feedback,42,6,3,0,0,-1.0,0.0,1,0,1,0,0.0,0.003826500260526257
743,no_feedback,42,5,3,0,0,-1.0,0.0,1,0,1,0,0.0,0.003826500260526257
744,no_feedback,42,2,5,1,0,-1.0,0.0,1,0,1,0,0.0,0.003826500260526257
745,no_feedback,42,7,3,0,0,-1.0,0.0,1,0,1,0,0.0,0.003826500260526257
746,no_feedback,42,3,5,1,0,-1.0,0.0,1,0,1,0,0.0,0.003826500260526257
747,no_feedback,42,4,3,0,1,1.0,0.0,0,nan,nan,nan,0.0,0.003826500260526257
748,no_feedback,42,2,4,1,0,-1.0,0.0,1,1,0,0,0.0,0.003826500260526257
749,no_feedback,42,2,5,1,0,-1.0,0.0,1,0,1,0,0.0,0.003826500260526257
750,no_feedback,42,1,5,1,0,-1.0,0.0,1,0,1,0,0.0,0.003826500260526257
751,no_feedback,42,8,3,0,0,-1.0,0.0,1,0,1,0,0.0,0.003826500260526257
752,no_feedback,42,1,5,1,0,-1.0,0.0,1,0,1,0,0.0,0.003826500260526257
753,no_feedback,42,0,3,0,0,-1.0,0.0,1,0,1,0,0.0,0.003826500260526257
754,no_feedback,42,8,3,0,0,-1.0,0.0,1,0,1,0,0.0,0.003826500260526257
755,no_feedback,42,4,3,0,1,1.0,0.0,0,nan,nan,nan,0.0,0.003826500260526257
756,no_feedback,42,3,2,0,1,1.0,0.0,0,nan,nan,nan,0.0,0.003826500260526257
757,no_feedback,42,6,1,0,0,-1.0,0.0,1,2,0,0,0.0,0.003826500260526257
758,no_feedback,42,3,3,0,1,1.0,0.0,0,nan,nan,nan,0.0,0.003826500260526257
759,no_feedback,42,1,2,0,1,1.0,0.0,0,nan,nan,nan,0.0,0.003826500260526257
760,no_feedback,42,6,3,1,0,-1.0,0.0,1,2,0,0,0.0,0.003826500260526257
761,no_feedback,42,1,5,1,0,-1.0,0.0,1,0,1,0,0.0,0.003826500260526257
762,no_feedback,42,4,3,0,1,1.0,0.0,0,nan,nan,nan,0.0,0.003826500260526257
763,no_feedback,42,8,2,0,0,-1.0,0.0,1,1,0,0,0.0,0.003826500260526257
764,no_feedback,42,8,3,0,0,-1.0,0.0,1,0,1,0,0.0,0.003826500260526257
765,no_feedback,42,3,5,1,0,-1.0,0.0,1,0,1,0,0.0,0.003826500260526257
766,no_feedback,42,7,5,1,0,-1.0,0.0,1,0,1,0,0.0,0.003826500260526257
767,no_feedback,42,5,3,0,0,-1.0,0.0,1,0,1,0,0.0,0.003826500260526257
768,no_feedback,42,4,3,0,1,1.0,0.0,0,nan,nan,nan,0.0,0.003826500260526257
769,no_feedback,42,1,4,1,0,-1.0,0.0,1,1,0,0,0.0,0.003826500260526257
770,no_feedback,42,3,5,1,0,-1.0,0.0,1,0,1,0,0.0,0.003826500260526257
771,no_feedback,42,5,5,1,1,1.0,0.0,0,nan,nan,nan,0.0,0.003826500260526257
772,no_feedback,42,8,4,0,0,-1.0,0.0,1,1,0,0,0.0,0.003826500260526257
773,no_feedback,42,0,3,0,0,-1.0,0.0,1,0,1,0,0.0,0.003826500260526257
774,no_feedback,42,6,3,0,0,-1.0,0.0,1,0,1,0,0.0,0.003826500260526257
775,no_feedback,42,7,3,0,0,-1.0,0.0,1,0,1,0,0.0,0.003826500260526257
776,no_feedback,42,8,3,0,0,-1.0,0.0,1,0,1,0,0.0,0.003826500260526257
777,no_feedback,42,3,3,0,1,1.0,0.0,0,nan,nan,nan,0.0,0.003826500260526257
778,no_feedback,42,1,2,0,1,1.0,0.0,0,nan,nan,nan,0.0,0.003826500260526257
779,no_feedback,42,2,1,0,1,1.0,0.0,0,nan,nan,nan,0.0,0.003826500260526257
780,no_feedback,42,7,0,0,0,-1.0,0.0,1,3,0,1,0.0,0.003826500260526257
781,no_feedback,42,7,5,1,0,-1.0,0.0,1,0,1,0,0.0,0.003826500260526257
782,no_feedback,42,5,3,0,0,-1.0,0.0,1,0,1,0,0.0,0.003826500260526257
783,no_feedback,42,1,5,1,0,-1.0,0.0,1,0,1,0,0.0,0.003826500260526257
784,no_feedback,42,1,5,1,0,-1.0,0.0,1,0,1,0,0.0,0.003826500260526257
785,no_feedback,42,4,3,0,1,1.0,0.0,0,nan,nan,nan,0.0,0.003826500260526257
786,no_feedback,42,5,2,0,0,-1.0,0.0,1,1,0,0,0.0,0.003826500260526257
787,no_feedback,42,0,3,0,0,-1.0,0.0,1,0,1,0,0.0,0.003826500260526257
788,no_feedback,42,6,3,0,0,-1.0,0.0,1,0,1,0,0.0,0.003826500260526257
789,no_feedback,42,4,3,0,1,1.0,0.0,0,nan,nan,nan,0.0,0.003826500260526257
790,no_feedback,42,0,4,1,0,-1.0,0.0,1,1,0,0,0.0,0.003826500260526257
791,no_feedback,42,0,3,0,0,-1.0,0.0,1,0,1,0,0.0,0.003826500260526257
792,no_feedback,42,4,3,0,1,1.0,0.0,0,nan,nan,nan,0.0,0.003826500260526257
793,no_feedback,42,6,2,0,0,-1.0,0.0,1,1,0,0,0.0,0.003826500260526257
794,no_feedback,42,7,3,0,0,-1.0,0.0,1,0,1,0,0.0,0.003826500260526257
795,no_feedback,42,3,5,1,0,-1.0,0.0,1,0,1,0,0.0,0.003826500260526257
796,no_feedback,42,2,5,1,0,-1.0,0.0,1,0,1,0,0.0,0.003826500260526257
797,no_feedback,42,8,5,1,0,-1.0,0.0,1,0,1,0,0.0,0.003826500260526257
798,no_feedback,42,4,3,0,1,1.0,0.0,0,nan,nan,nan,0.0,0.003826500260526257
799,no_feedback,42,2,4,1,0,-1.0,0.0,1,1,0,0,0.0,0.003826500260526257
800,no_feedback,42,3,5,1,0,-1.0,0.0,1,0,1,0,0.0,0.003826500260526257
801,no_feedback,42,0,3,0,0,-1.0,0.0,1,0,1,0,0.0,0.003826500260526257
802,no_feedback,42,2,3,0,1,1.0,0.0,0,nan,nan,nan,0.0,0.003826500260526257
803,no_feedback,42,4,4,1,1,1.0,0.0,0,nan,nan,nan,0.0,0.003826500260526257
804,no_feedback,42,8,3,0,0,-1.0,0.0,1,2,0,0,0.0,0.003826500260526257
805,no_feedback,42,6,3,0,0,-1.0,0.0,1,0,1,0,0.0,0.003826500260526257
806,no_feedback,42,7,5,1,0,-1.0,0.0,1,0,1,0,0.0,0.003826500260526257
807,no_feedback,42,4,3,0,1,1.0,0.0,0,nan,nan,nan,0.0,0.003826500260526257
808,no_feedback,42,0,4,1,0,-1.0,0.0,1,1,0,0,0.0,0.003826500260526257
809,no_feedback,42,3,5,1,0,-1.0,0.0,1,0,1,0,0.0,0.003826500260526257
810,no_feedback,42,8,5,1,0,-1.0,0.0,1,0,1,0,0.0,0.003826500260526257
811,no_feedback,42,0,3,0,0,-1.0,0.0,1,0,1,0,0.0,0.003826500260526257
812,no_feedback,42,7,5,1,0,-1.0,0.0,1,0,1,0,0.0,0.003826500260526257
813,no_feedback,42,6,3,0,0,-1.0,0.0,1,0,1,0,0.0,0.003826500260526257
814,no_feedback,42,2,5,1,0,-1.0,0.0,1,0,1,0,0.0,0.003826500260526257
815,no_feedback,42,7,5,1,0,-1.0,0.0,1,0,1,0,0.0,0.003826500260526257
816,no_feedback,42,7,3,0,0,-1.0,0.0,1,0,1,0,0.0,0.003826500260526257
817,no_feedback,42,0,3,0,0,-1.0,0.0,1,0,1,0,0.0,0.003826500260526257
818,no_feedback,42,0,3,0,0,-1.0,0.0,1,0,1,0,0.0,0.003826500260526257
819,no_feedback,42,5,3,0,0,-1.0,0.0,1,0,1,0,0.0,0.003826500260526257
820,no_feedback,42,8,3,0,0,-1.0,0.0,1,0,1,0,0.0,0.003826500260526257
821,no_feedback,42,0,5,1,0,-1.0,0.0,1,0,1,0,0.0,0.003826500260526257
822,no_feedback,42,5,5,1,1,1.0,0.0,0,nan,nan,nan,0.0,0.003826500260526257
823,no_feedback,42,1,4,0,0,-1.0,0.0,1,1,0,0,0.0,0.003826500260526257
824,no_feedback,42,5,5,1,1,1.0,0.0,0,nan,nan,nan,0.0,0.003826500260526257
825,no_feedback,42,5,4,0,1,1.0,0.0,0,nan,nan,nan,0.0,0.003826500260526257
826,no_feedback,42,0,3,0,0,-1.0,0.0,1,2,0,0,0.0,0.003826500260526257
827,no_feedback,42,6,3,0,0,-1.0,0.0,1,0,1,0,0.0,0.003826500260526257
828,no_feedback,42,8,3,0,0,-1.0,0.0,1,0,1,0,0.0,0.003826500260526257
829,no_feedback,42,7,5,1,0,-1.0,0.0,1,0,1,0,0.0,0.003826500260526257
830,no_feedback,42,0,3,0,0,-1.0,0.0,1,0,1,0,0.0,0.003826500260526257
831,no_feedback,42,2,5,1,0,-1.0,0.0,1,0,1,0,0.0,0.003826500260526257
832,no_feedback,42,2,5,1,0,-1.0,0.0,1,0,1,0,0.0,0.003826500260526257
833,no_feedback,42,4,3,0,1,1.0,0.0,0,nan,nan,nan,0.0,0.003826500260526257
834,no_feedback,42,1,4,1,0,-1.0,0.0,1,1,0,0,0.0,0.003826500260526257
835,no_feedback,42,7,3,0,0,-1.0,0.0,1,0,1,0,0.0,0.003826500260526257
836,no_feedback,42,6,3,0,0,-1.0,0.0,1,0,1,0,0.0,0.003826500260526257
837,no_feedback,42,7,3,0,0,-1.0,0.0,1,0,1,0,0.0,0.003826500260526257
838,no_feedback,42,1,5,1,0,-1.0,0.0,1,0,1,0,0.0,0.003826500260526257
839,no_feedback,42,0,3,0,0,-1.0,0.0,1,0,1,0,0.0,0.003826500260526257
840,no_feedback,42,8,3,0,0,-1.0,0.0,1,0,1,0,0.0,0.003826500260526257
841,no_feedback,42,2,3,0,1,1.0,0.0,0,nan,nan,nan,0.0,0.003826500260526257
842,no_feedback,42,5,2,0,0,-1.0,0.0,1,1,0,0,0.0,0.003826500260526257
843,no_feedback,42,8,3,0,0,-1.0,0.0,1,0,1,0,0.0,0.003826500260526257
844,no_feedback,42,0,3,0,0,-1.0,0.0,1,0,1,0,0.0,0.003826500260526257
845,no_feedback,42,0,3,0,0,-1.0,0.0,1,0,1,0,0.0,0.003826500260526257
846,no_feedback,42,0,3,0,0,-1.0,0.0,1,0,1,0,0.0,0.003826500260526257
847,no_feedback,42,1,5,1,0,-1.0,0.0,1,0,1,0,0.0,0.003826500260526257
848,no_feedback,42,0,3,0,0,-1.0,0.0,1,0,1,0,0.0,0.003826500260526257
849,no_feedback,42,7,5,1,0,-1.0,0.0,1,0,1,0,0.0,0.003826500260526257
850,no_feedback,42,5,5,1,1,1.0,0.0,0,nan,nan,nan,0.0,0.003826500260526257
851,no_feedback,42,8,4,0,0,-1.0,0.0,1,1,0,0,0.0,0.003826500260526257
852,no_feedback,42,7,3,0,0,-1.0,0.0,1,0,1,0,0.0,0.003826500260526257
853,no_feedback,42,8,5,1,0,-1.0,0.0,1,0,1,0,0.0,0.003826500260526257
854,no_feedback,42,2,3,0,1,1.0,0.0,0,nan,nan,nan,0.0,0.003826500260526257
855,no_feedback,42,2,2,0,1,1.0,0.0,0,nan,nan,nan,0.0,0.003826500260526257
856,no_feedback,42,7,3,1,0,-1.0,0.0,1,2,0,0,0.0,0.003826500260526257
857,no_feedback,42,2,5,1,0,-1.0,0.0,1,0,1,0,0.0,0.003826500260526257
858,no_feedback,42,0,3,0,0,-1.0,0.0,1,0,1,0,0.0,0.003826500260526257
859,no_feedback,42,6,3,0,0,-1.0,0.0,1,0,1,0,0.0,0.003826500260526257
860,no_feedback,42,7,5,1,0,-1.0,0.0,1,0,1,0,0.0,0.003826500260526257
861,no_feedback,42,8,3,0,0,-1.0,0.0,1,0,1,0,0.0,0.003826500260526257
862,no_feedback,42,8,5,1,0,-1.0,0.0,1,0,1,0,0.0,0.003826500260526257
863,no_feedback,42,1,5,1,0,-1.0,0.0,1,0,1,0,0.0,0.003826500260526257
864,no_feedback,42,6,3,0,0,-1.0,0.0,1,0,1,0,0.0,0.003826500260526257
865,no_feedback,42,7,5,1,0,-1.0,0.0,1,0,1,0,0.0,0.003826500260526257
866,no_feedback,42,6,3,0,0,-1.0,0.0,1,0,1,0,0.0,0.003826500260526257
867,no_feedback,42,7,3,0,0,-1.0,0.0,1,0,1,0,0.0,0.003826500260526257
868,no_feedback,42,7,5,1,0,-1.0,0.0,1,0,1,0,0.0,0.003826500260526257
869,no_feedback,42,4,3,0,1,1.0,0.0,0,nan,nan,nan,0.0,0.003826500260526257
870,no_feedback,42,0,4,1,0,-1.0,0.0,1,1,0,0,0.0,0.003826500260526257
871,no_feedback,42,4,3,0,1,1.0,0.0,0,nan,nan,nan,0.0,0.003826500260526257
872,no_feedback,42,1,2,0,1,1.0,0.0,0,nan,nan,nan,0.0,0.003826500260526257
873,no_feedback,42,1,3,1,0,-1.0,0.0,1,2,0,0,0.0,0.003826500260526257
874,no_feedback,42,1,5,1,0,-1.0,0.0,1,0,1,0,0.0,0.003826500260526257
875,no_feedback,42,6,3,0,0,-1.0,0.0,1,0,1,0,0.0,0.003826500260526257
876,no_feedback,42,4,3,0,1,1.0,0.0,0,nan,nan,nan,0.0,0.003826500260526257
877,no_feedback,42,4,4,1,1,1.0,0.0,0,nan,nan,nan,0.0,0.003826500260526257
878,no_feedback,42,6,5,1,1,1.0,0.0,0,nan,nan,nan,0.0,0.003826500260526257
879,no_feedback,42,4,6,1,0,-1.0,0.0,1,3,0,1,0.0,0.003826500260526257
880,no_feedback,42,5,3,0,0,-1.0,0.0,1,0,1,0,0.0,0.003826500260526257
881,no_feedback,42,0,3,0,0,-1.0,0.0,1,0,1,0,0.0,0.003826500260526257
882,no_feedback,42,7,3,0,0,-1.0,0.0,1,0,1,0,0.0,0.003826500260526257
883,no_feedback,42,4,3,0,1,1.0,0.0,0,nan,nan,nan,0.0,0.003826500260526257
884,no_feedback,42,1,2,0,1,1.0,0.0,0,nan,nan,nan,0.0,0.003826500260526257
885,no_feedback,42,7,1,0,0,-1.0,0.0,1,2,0,0,0.0,0.003826500260526257
886,no_feedback,42,6,3,0,0,-1.0,0.0,1,0,1,0,0.0,0.003826500260526257
887,no_feedback,42,0,3,0,0,-1.0,0.0,1,0,1,0,0.0,0.003826500260526257
888,no_feedback,42,1,5,1,0,-1.0,0.0,1,0,1,0,0.0,0.003826500260526257
889,no_feedback,42,0,3,0,0,-1.0,0.0,1,0,1,0,0.0,0.003826500260526257
890,no_feedback,42,2,3,0,1,1.0,0.0,0,nan,nan,nan,0.0,0.003826500260526257
891,no_feedback,42,0,4,1,0,-1.0,0.0,1,1,0,0,0.0,0.003826500260526257
892,no_feedback,42,6,3,0,0,-1.0,0.0,1,0,1,0,0.0,0.003826500260526257
893,no_feedback,42,4,3,0,1,1.0,0.0,0,nan,nan,nan,0.0,0.003826500260526257
894,no_feedback,42,8,4,1,0,-1.0,0.0,1,1,0,0,0.0,0.003826500260526257
895,no_feedback,42,6,3,0,0,-1.0,0.0,1,0,1,0,0.0,0.003826500260526257
896,no_feedback,42,5,3,0,0,-1.0,0.0,1,0,1,0,0.0,0.003826500260526257
897,no_feedback,42,4,3,0,1,1.0,0.0,0,nan,nan,nan,0.0,0.003826500260526257
898,no_feedback,42,0,4,1,0,-1.0,0.0,1,1,0,0,0.0,0.003826500260526257
899,no_feedback,42,0,3,0,0,-1.0,0.0,1,0,1,0,0.0,0.003826500260526257
900,no_feedback,42,5,3,0,0,-1.0,0.0,1,0,1,0,0.0,0.003826500260526257
901,no_feedback,42,0,3,0,0,-1.0,0.0,1,0,1,0,0.0,0.003826500260526257
902,no_feedback,42,0,5,1,0,-1.0,0.0,1,0,1,0,0.0,0.003826500260526257
903,no_feedback,42,1,5,1,0,-1.0,0.0,1,0,1,0,0.0,0.003826500260526257
904,no_feedback,42,7,5,1,0,-1.0,0.0,1,0,1,0,0.0,0.003826500260526257
905,no_feedback,42,4,3,0,1,1.0,0.0,0,nan,nan,nan,0.0,0.003826500260526257
906,no_feedback,42,6,2,0,0,-1.0,0.0,1,1,0,0,0.0,0.003826500260526257
907,no_feedback,42,3,3,0,1,1.0,0.0,0,nan,nan,nan,0.0,0.003826500260526257
908,no_feedback,42,1,4,1,0,-1.0,0.0,1,1,0,0,0.0,0.003826500260526257
909,no_feedback,42,3,3,0,1,1.0,0.0,0,nan,nan,nan,0.0,0.003826500260526257
910,no_feedback,42,0,4,1,0,-1.0,0.0,1,1,0,0,0.0,0.003826500260526257
911,no_feedback,42,6,3,0,0,-1.0,0.0,1,0,1,0,0.0,0.003826500260526257
912,no_feedback,42,1,5,1,0,-1.0,0.0,1,0,1,0,0.0,0.003826500260526257
913,no_feedback,42,3,3,0,1,1.0,0.0,0,nan,nan,nan,0.0,0.003826500260526257
914,no_feedback,42,8,2,0,0,-1.0,0.0,1,1,0,0,0.0,0.003826500260526257
915,no_feedback,42,5,3,0,0,-1.0,0.0,1,0,1,0,0.0,0.003826500260526257
916,no_feedback,42,4,3,0,1,1.0,0.0,0,nan,nan,nan,0.0,0.003826500260526257
917,no_feedback,42,4,4,1,1,1.0,0.0,0,nan,nan,nan,0.0,0.003826500260526257
918,no_feedback,42,7,3,0,0,-1.0,0.0,1,2,0,0,0.0,0.003826500260526257
919,no_feedback,42,2,3,0,1,1.0,0.0,0,nan,nan,nan,0.0,0.003826500260526257
920,no_feedback,42,5,2,0,0,-1.0,0.0,1,1,0,0,0.0,0.003826500260526257
921,no_feedback,42,7,3,0,0,-1.0,0.0,1,0,1,0,0.0,0.003826500260526257
922,no_feedback,42,5,5,1,1,1.0,0.0,0,nan,nan,nan,0.0,0.003826500260526257
923,no_feedback,42,4,4,0,1,1.0,0.0,0,nan,nan,nan,0.0,0.003826500260526257
924,no_feedback,42,1,5,1,0,-1.0,0.0,1,2,0,0,0.0,0.003826500260526257
925,no_feedback,42,2,3,0,1,1.0,0.0,0,nan,nan,nan,0.0,0.003826500260526257
926,no_feedback,42,8,2,0,0,-1.0,0.0,1,1,0,0,0.0,0.003826500260526257
927,no_feedback,42,4,3,0,1,1.0,0.0,0,nan,nan,nan,0.0,0.003826500260526257
928,no_feedback,42,2,2,0,1,1.0,0.0,0,nan,nan,nan,0.0,0.003826500260526257
929,no_feedback,42,3,3,1,1,1.0,0.0,0,nan,nan,nan,0.0,0.003826500260526257
930,no_feedback,42,5,2,0,0,-1.0,0.0,1,3,0,1,0.0,0.003826500260526257
931,no_feedback,42,4,3,0,1,1.0,0.0,0,nan,nan,nan,0.0,0.003826500260526257
932,no_feedback,42,6,2,0,0,-1.0,0.0,1,1,0,0,0.0,0.003826500260526257
933,no_feedback,42,2,5,1,0,-1.0,0.0,1,0,1,0,0.0,0.003826500260526257
934,no_feedback,42,5,5,1,1,1.0,0.0,0,nan,nan,nan,0.0,0.003826500260526257
935,no_feedback,42,3,4,0,1,1.0,0.0,0,nan,nan,nan,0.0,0.003826500260526257
936,no_feedback,42,8,5,1,0,-1.0,0.0,1,2,0,0,0.0,0.003826500260526257
937,no_feedback,42,1,3,0,0,-1.0,0.0,1,0,1,0,0.0,0.003826500260526257
938,no_feedback,42,1,5,1,0,-1.0,0.0,1,0,1,0,0.0,0.003826500260526257
939,no_feedback,42,4,3,0,1,1.0,0.0,0,nan,nan,nan,0.0,0.003826500260526257
940,no_feedback,42,4,4,1,1,1.0,0.0,0,nan,nan,nan,0.0,0.003826500260526257
941,no_feedback,42,6,3,0,0,-1.0,0.0,1,2,0,0,0.0,0.003826500260526257
942,no_feedback,42,3,5,1,0,-1.0,0.0,1,0,1,0,0.0,0.003826500260526257
943,no_feedback,42,8,5,1,0,-1.0,0.0,1,0,1,0,0.0,0.003826500260526257
944,no_feedback,42,4,5,1,1,1.0,0.0,0,nan,nan,nan,0.0,0.003826500260526257
945,no_feedback,42,1,4,0,0,-1.0,0.0,1,1,0,0,0.0,0.003826500260526257
946,no_feedback,42,1,5,1,0,-1.0,0.0,1,0,1,0,0.0,0.003826500260526257
947,no_feedback,42,8,3,0,0,-1.0,0.0,1,0,1,0,0.0,0.003826500260526257
948,no_feedback,42,1,5,1,0,-1.0,0.0,1,0,1,0,0.0,0.003826500260526257
949,no_feedback,42,8,5,1,0,-1.0,0.0,1,0,1,0,0.0,0.003826500260526257
950,no_feedback,42,2,5,1,0,-1.0,0.0,1,0,1,0,0.0,0.003826500260526257
951,no_feedback,42,0,3,0,0,-1.0,0.0,1,0,1,0,0.0,0.003826500260526257
952,no_feedback,42,2,5,1,0,-1.0,0.0,1,0,1,0,0.0,0.003826500260526257
953,no_feedback,42,5,3,0,0,-1.0,0.0,1,0,1,0,0.0,0.003826500260526257
954,no_feedback,42,3,5,1,0,-1.0,0.0,1,0,1,0,0.0,0.003826500260526257
955,no_feedback,42,7,3,0,0,-1.0,0.0,1,0,1,0,0.0,0.003826500260526257
956,no_feedback,42,5,3,0,0,-1.0,0.0,1,0,1,0,0.0,0.003826500260526257
957,no_feedback,42,3,3,0,1,1.0,0.0,0,nan,nan,nan,0.0,0.003826500260526257
958,no_feedback,42,5,2,0,0,-1.0,0.0,1,1,0,0,0.0,0.003826500260526257
959,no_feedback,42,8,5,1,0,-1.0,0.0,1,0,1,0,0.0,0.003826500260526257
960,no_feedback,42,3,3,0,1,1.0,0.0,0,nan,nan,nan,0.0,0.003826500260526257
961,no_feedback,42,1,4,1,0,-1.0,0.0,1,1,0,0,0.0,0.003826500260526257
962,no_feedback,42,3,5,1,0,-1.0,0.0,1,0,1,0,0.0,0.003826500260526257
963,no_feedback,42,7,3,0,0,-1.0,0.0,1,0,1,0,0.0,0.003826500260526257
964,no_feedback,42,1,5,1,0,-1.0,0.0,1,0,1,0,0.0,0.003826500260526257
965,no_feedback,42,8,3,0,0,-1.0,0.0,1,0,1,0,0.0,0.003826500260526257
966,no_feedback,42,5,3,0,0,-1.0,0.0,1,0,1,0,0.0,0.003826500260526257
967,no_feedback,42,5,3,0,0,-1.0,0.0,1,0,1,0,0.0,0.003826500260526257
968,no_feedback,42,2,3,0,1,1.0,0.0,0,nan,nan,nan,0.0,0.003826500260526257
969,no_feedback,42,8,4,1,0,-1.0,0.0,1,1,0,0,0.0,0.003826500260526257
970,no_feedback,42,0,3,0,0,-1.0,0.0,1,0,1,0,0.0,0.003826500260526257
971,no_feedback,42,2,5,1,0,-1.0,0.0,1,0,1,0,0.0,0.003826500260526257
972,no_feedback,42,3,5,1,0,-1.0,0.0,1,0,1,0,0.0,0.003826500260526257
973,no_feedback,42,4,3,0,1,1.0,0.0,0,nan,nan,nan,0.0,0.003826500260526257
974,no_feedback,42,4,4,1,1,1.0,0.0,0,nan,nan,nan,0.0,0.003826500260526257
975,no_feedback,42,1,5,1,0,-1.0,0.0,1,2,0,0,0.0,0.003826500260526257
976,no_feedback,42,2,5,1,0,-1.0,0.0,1,0,1,0,0.0,0.003826500260526257
977,no_feedback,42,0,3,0,0,-1.0,0.0,1,0,1,0,0.0,0.003826500260526257
978,no_feedback,42,5,3,0,0,-1.0,0.0,1,0,1,0,0.0,0.003826500260526257
979,no_feedback,42,3,3,0,1,1.0,0.0,0,nan,nan,nan,0.0,0.003826500260526257
980,no_feedback,42,5,2,0,0,-1.0,0.0,1,1,0,0,0.0,0.003826500260526257
981,no_feedback,42,5,3,0,0,-1.0,0.0,1,0,1,0,0.0,0.003826500260526257
982,no_feedback,42,6,3,0,0,-1.0,0.0,1,0,1,0,0.0,0.003826500260526257
983,no_feedback,42,4,3,0,1,1.0,0.0,0,nan,nan,nan,0.0,0.003826500260526257
984,no_feedback,42,5,2,0,0,-1.0,0.0,1,1,0,0,0.0,0.003826500260526257
985,no_feedback,42,5,5,1,1,1.0,0.0,0,nan,nan,nan,0.0,0.003826500260526257
986,no_feedback,42,5,4,0,1,1.0,0.0,0,nan,nan,nan,0.0,0.003826500260526257
987,no_feedback,42,5,5,1,1,1.0,0.0,0,nan,nan,nan,0.0,0.003826500260526257
988,no_feedback,42,2,6,1,0,-1.0,0.0,1,3,0,1,0.0,0.003826500260526257
989,no_feedback,42,2,3,0,1,1.0,0.0,0,nan,nan,nan,0.0,0.003826500260526257
990,no_feedback,42,7,2,0,0,-1.0,0.0,1,1,0,0,0.0,0.003826500260526257
991,no_feedback,42,3,3,0,1,1.0,0.0,0,nan,nan,nan,0.0,0.003826500260526257
992,no_feedback,42,4,4,1,1,1.0,0.0,0,nan,nan,nan,0.0,0.003826500260526257
993,no_feedback,42,1,5,1,0,-1.0,0.0,1,2,0,0,0.0,0.003826500260526257
994,no_feedback,42,3,5,1,0,-1.0,0.0,1,0,1,0,0.0,0.003826500260526257
995,no_feedback,42,4,3,0,1,1.0,0.0,0,nan,nan,nan,0.0,0.003826500260526257
996,no_feedback,42,5,2,0,0,-1.0,0.0,1,1,0,0,0.0,0.003826500260526257
997,no_feedback,42,4,3,0,1,1.0,0.0,0,nan,nan,nan,0.0,0.003826500260526257
998,no_feedback,42,3,2,0,1,1.0,0.0,0,nan,nan,nan,0.0,0.003826500260526257
999,no_feedback,42,8,1,0,0,-1.0,0.0,1,2,0,0,0.0,0.003826500260526257
1000,no_feedback,42,4,3,0,1,1.0,0.0,0,nan,nan,nan,0.0,0.003826500260526257
1001,no_feedback,42,7,2,0,0,-1.0,0.0,1,1,0,0,0.0,0.003826500260526257
1002,no_feedback,42,6,3,0,0,-1.0,0.0,1,0,1,0,0.0,0.003826500260526257
1003,no_feedback,42,5,5,1,1,1.0,0.0,0,nan,nan,nan,0.0,0.003826500260526257
1004,no_feedback,42,7,4,0,0,-1.0,0.0,1,1,0,0,0.0,0.003826500260526257
1005,no_feedback,42,1,5,1,0,-1.0,0.0,1,0,1,0,0.0,0.003826500260526257
1006,no_feedback,42,8,3,0,0,-1.0,0.0,1,0,1,0,0.0,0.003826500260526257
1007,no_feedback,42,7,3,0,0,-1.0,0.0,1,0,1,0,0.0,0.003826500260526257
1008,no_feedback,42,4,3,0,1,1.0,0.0,0,nan,nan,nan,0.0,0.003826500260526257
1009,no_feedback,42,6,4,1,0,-1.0,0.0,1,1,0,0,0.0,0.003826500260526257
1010,no_feedback,42,4,3,0,1,1.0,0.0,0,nan,nan,nan,0.0,0.003826500260526257
1011,no_feedback,42,2,2,0,1,1.0,0.0,0,nan,nan,nan,0.0,0.003826500260526257
1012,no_feedback,42,7,1,0,0,-1.0,0.0,1,2,0,0,0.0,0.003826500260526257
1013,no_feedback,42,2,5,1,0,-1.0,0.0,1,0,1,0,0.0,0.003826500260526257
1014,no_feedback,42,2,3,0,1,1.0,0.0,0,nan,nan,nan,0.0,0.003826500260526257
1015,no_feedback,42,4,4,1,1,1.0,0.0,0,nan,nan,nan,0.0,0.003826500260526257
1016,no_feedback,42,7,3,0,0,-1.0,0.0,1,2,0,0,0.0,0.003826500260526257
1017,no_feedback,42,3,5,1,0,-1.0,0.0,1,0,1,0,0.0,0.003826500260526257
1018,no_feedback,42,4,3,0,1,1.0,0.0,0,nan,nan,nan,0.0,0.003826500260526257
1019,no_feedback,42,0,4,1,0,-1.0,0.0,1,1,0,0,0.0,0.003826500260526257
1020,no_feedback,42,1,5,1,0,-1.0,0.0,1,0,1,0,0.0,0.003826500260526257
1021,no_feedback,42,0,3,0,0,-1.0,0.0,1,0,1,0,0.0,0.003826500260526257
1022,no_feedback,42,0,3,0,0,-1.0,0.0,1,0,1,0,0.0,0.003826500260526257
1023,no_feedback,42,7,3,0,0,-1.0,0.0,1,0,1,0,0.0,0.003826500260526257
1024,no_feedback,42,7,3,0,0,-1.0,0.0,1,0,1,0,0.0,0.003826500260526257
1025,no_feedback,42,7,3,0,0,-1.0,0.0,1,0,1,0,0.0,0.003826500260526257
1026,no_feedback,42,0,3,0,0,-1.0,0.0,1,0,1,0,0.0,0.003826500260526257
1027,no_feedback,42,0,3,0,0,-1.0,0.0,1,0,1,0,0.0,0.003826500260526257
1028,no_feedback,42,2,3,0,1,1.0,0.0,0,nan,nan,nan,0.0,0.003826500260526257
1029,no_feedback,42,5,2,0,0,-1.0,0.0,1,1,0,0,0.0,0.003826500260526257
1030,no_feedback,42,3,5,1,0,-1.0,0.0,1,0,1,0,0.0,0.003826500260526257
1031,no_feedback,42,4,3,0,1,1.0,0.0,0,nan,nan,nan,0.0,0.003826500260526257
1032,no_feedback,42,1,4,1,0,-1.0,0.0,1,1,0,0,0.0,0.003826500260526257
1033,no_feedback,42,6,3,0,0,-1.0,0.0,1,0,1,0,0.0,0.003826500260526257
1034,no_feedback,42,2,3,0,1,1.0,0.0,0,nan,nan,nan,0.0,0.003826500260526257
1035,no_feedback,42,0,4,1,0,-1.0,0.0,1,1,0,0,0.0,0.003826500260526257
1036,no_feedback,42,6,3,0,0,-1.0,0.0,1,0,1,0,0.0,0.003826500260526257
1037,no_feedback,42,8,5,1,0,-1.0,0.0,1,0,1,0,0.0,0.003826500260526257
1038,no_feedback,42,0,3,0,0,-1.0,0.0,1,0,1,0,0.0,0.003826500260526257
1039,no_feedback,42,3,3,0,1,1.0,0.0,0,nan,nan,nan,0.0,0.003826500260526257
1040,no_feedback,42,7,2,0,0,-1.0,0.0,1,1,0,0,0.0,0.003826500260526257
1041,no_feedback,42,6,3,0,0,-1.0,0.0,1,0,1,0,0.0,0.003826500260526257
1042,no_feedback,42,7,5,1,0,-1.0,0.0,1,0,1,0,0.0,0.003826500260526257
1043,no_feedback,42,3,5,1,0,-1.0,0.0,1,0,1,0,0.0,0.003826500260526257
1044,no_feedback,42,3,3,0,1,1.0,0.0,0,nan,nan,nan,0.0,0.003826500260526257
1045,no_feedback,42,6,2,0,0,-1.0,0.0,1,1,0,0,0.0,0.003826500260526257
1046,no_feedback,42,1,5,1,0,-1.0,0.0,1,0,1,0,0.0,0.003826500260526257
1047,no_feedback,42,2,5,1,0,-1.0,0.0,1,0,1,0,0.0,0.003826500260526257
1048,no_feedback,42,5,3,0,0,-1.0,0.0,1,0,1,0,0.0,0.003826500260526257
1049,no_feedback,42,6,3,0,0,-1.0,0.0,1,0,1,0,0.0,0.003826500260526257
1050,no_feedback,42,1,5,1,0,-1.0,0.0,1,0,1,0,0.0,0.003826500260526257
1051,no_feedback,42,4,3,0,1,1.0,0.0,0,nan,nan,nan,0.0,0.003826500260526257
1052,no_feedback,42,3,2,0,1,1.0,0.0,0,nan,nan,nan,0.0,0.003826500260526257
1053,no_feedback,42,4,1,0,0,-1.0,0.0,1,2,0,0,0.0,0.003826500260526257
1054,no_feedback,42,8,3,0,0,-1.0,0.0,1,0,1,0,0.0,0.003826500260526257
1055,no_feedback,42,0,3,0,0,-1.0,0.0,1,0,1,0,0.0,0.003826500260526257
1056,no_feedback,42,8,5,1,0,-1.0,0.0,1,0,1,0,0.0,0.003826500260526257
1057,no_feedback,42,4,3,0,1,1.0,0.0,0,nan,nan,nan,0.0,0.003826500260526257
1058,no_feedback,42,6,2,0,0,-1.0,0.0,1,1,0,0,0.0,0.003826500260526257
1059,no_feedback,42,3,3,0,1,1.0,0.0,0,nan,nan,nan,0.0,0.003826500260526257
1060,no_feedback,42,2,4,1,0,-1.0,0.0,1,1,0,0,0.0,0.003826500260526257
1061,no_feedback,42,6,3,0,0,-1.0,0.0,1,0,1,0,0.0,0.003826500260526257
1062,no_feedback,42,6,3,0,0,-1.0,0.0,1,0,1,0,0.0,0.003826500260526257
1063,no_feedback,42,1,5,1,0,-1.0,0.0,1,0,1,0,0.0,0.003826500260526257
1064,no_feedback,42,6,3,0,0,-1.0,0.0,1,0,1,0,0.0,0.003826500260526257
1065,no_feedback,42,6,3,0,0,-1.0,0.0,1,0,1,0,0.0,0.003826500260526257
1066,no_feedback,42,3,5,1,0,-1.0,0.0,1,0,1,0,0.0,0.003826500260526257
1067,no_feedback,42,8,5,1,0,-1.0,0.0,1,0,1,0,0.0,0.003826500260526257
1068,no_feedback,42,5,5,1,1,1.0,0.0,0,nan,nan,nan,0.0,0.003826500260526257
1069,no_feedback,42,3,6,1,0,-1.0,0.0,1,1,0,0,0.0,0.003826500260526257
1070,no_feedback,42,0,3,0,0,-1.0,0.0,1,0,1,0,0.0,0.003826500260526257
1071,no_feedback,42,6,3,0,0,-1.0,0.0,1,0,1,0,0.0,0.003826500260526257
1072,no_feedback,42,1,5,1,0,-1.0,0.0,1,0,1,0,0.0,0.003826500260526257
1073,no_feedback,42,6,3,0,0,-1.0,0.0,1,0,1,0,0.0,0.003826500260526257
1074,no_feedback,42,4,3,0,1,1.0,0.0,0,nan,nan,nan,0.0,0.003826500260526257
1075,no_feedback,42,4,4,1,1,1.0,0.0,0,nan,nan,nan,0.0,0.003826500260526257
1076,no_feedback,42,1,5,1,0,-1.0,0.0,1,2,0,0,0.0,0.003826500260526257
1077,no_feedback,42,6,3,0,0,-1.0,0.0,1,0,1,0,0.0,0.003826500260526257
1078,no_feedback,42,1,5,1,0,-1.0,0.0,1,0,1,0,0.0,0.003826500260526257
1079,no_feedback,42,3,5,1,0,-1.0,0.0,1,0,1,0,0.0,0.003826500260526257
1080,no_feedback,42,7,5,1,0,-1.0,0.0,1,0,1,0,0.0,0.003826500260526257
1081,no_feedback,42,8,3,0,0,-1.0,0.0,1,0,1,0,0.0,0.003826500260526257
1082,no_feedback,42,8,5,1,0,-1.0,0.0,1,0,1,0,0.0,0.003826500260526257
1083,no_feedback,42,8,3,0,0,-1.0,0.0,1,0,1,0,0.0,0.003826500260526257
1084,no_feedback,42,5,5,1,1,1.0,0.0,0,nan,nan,nan,0.0,0.003826500260526257
1085,no_feedback,42,1,4,0,0,-1.0,0.0,1,1,0,0,0.0,0.003826500260526257
1086,no_feedback,42,7,5,1,0,-1.0,0.0,1,0,1,0,0.0,0.003826500260526257
1087,no_feedback,42,7,3,0,0,-1.0,0.0,1,0,1,0,0.0,0.003826500260526257
1088,no_feedback,42,8,5,1,0,-1.0,0.0,1,0,1,0,0.0,0.003826500260526257
1089,no_feedback,42,5,3,0,0,-1.0,0.0,1,0,1,0,0.0,0.003826500260526257
1090,no_feedback,42,1,5,1,0,-1.0,0.0,1,0,1,0,0.0,0.003826500260526257
1091,no_feedback,42,4,5,1,1,1.0,0.0,0,nan,nan,nan,0.0,0.003826500260526257
1092,no_feedback,42,4,4,0,1,1.0,0.0,0,nan,nan,nan,0.0,0.003826500260526257
1093,no_feedback,42,7,3,0,0,-1.0,0.0,1,2,0,0,0.0,0.003826500260526257
1094,no_feedback,42,3,5,1,0,-1.0,0.0,1,0,1,0,0.0,0.003826500260526257
1095,no_feedback,42,2,5,1,0,-1.0,0.0,1,0,1,0,0.0,0.003826500260526257
1096,no_feedback,42,0,3,0,0,-1.0,0.0,1,0,1,0,0.0,0.003826500260526257
1097,no_feedback,42,7,5,1,0,-1.0,0.0,1,0,1,0,0.0,0.003826500260526257
1098,no_feedback,42,6,3,0,0,-1.0,0.0,1,0,1,0,0.0,0.003826500260526257
1099,no_feedback,42,0,3,0,0,-1.0,0.0,1,0,1,0,0.0,0.003826500260526257
1100,no_feedback,42,3,3,0,1,1.0,0.0,0,nan,nan,nan,0.0,0.003826500260526257
1101,no_feedback,42,4,2,0,0,-1.0,0.0,1,1,0,0,0.0,0.003826500260526257
1102,no_feedback,42,4,3,0,1,1.0,0.0,0,nan,nan,nan,0.0,0.003826500260526257
1103,no_feedback,42,8,2,0,0,-1.0,0.0,1,1,0,0,0.0,0.003826500260526257
1104,no_feedback,42,1,5,1,0,-1.0,0.0,1,0,1,0,0.0,0.003826500260526257
1105,no_feedback,42,2,3,0,1,1.0,0.0,0,nan,nan,nan,0.0,0.003826500260526257
1106,no_feedback,42,1,2,0,1,1.0,0.0,0,nan,nan,nan,0.0,0.003826500260526257
1107,no_feedback,42,2,1,0,1,1.0,0.0,0,nan,nan,nan,0.0,0.003826500260526257
1108,no_feedback,42,8,2,1,0,-1.0,0.0,1,3,0,1,0.0,0.003826500260526257
1109,no_feedback,42,8,3,0,0,-1.0,0.0,1,0,1,0,0.0,0.003826500260526257
1110,no_feedback,42,0,3,0,0,-1.0,0.0,1,0,1,0,0.0,0.003826500260526257
1111,no_feedback,42,5,3,0,0,-1.0,0.0,1,0,1,0,0.0,0.003826500260526257
1112,no_feedback,42,2,5,1,0,-1.0,0.0,1,0,1,0,0.0,0.003826500260526257
1113,no_feedback,42,1,5,1,0,-1.0,0.0,1,0,1,0,0.0,0.003826500260526257
1114,no_feedback,42,2,3,0,1,1.0,0.0,0,nan,nan,nan,0.0,0.003826500260526257
1115,no_feedback,42,1,4,1,0,-1.0,0.0,1,1,0,0,0.0,0.003826500260526257
1116,no_feedback,42,4,3,0,1,1.0,0.0,0,nan,nan,nan,0.0,0.003826500260526257
1117,no_feedback,42,8,2,0,0,-1.0,0.0,1,1,0,0,0.0,0.003826500260526257
1118,no_feedback,42,5,3,0,0,-1.0,0.0,1,0,1,0,0.0,0.003826500260526257
1119,no_feedback,42,6,3,0,0,-1.0,0.0,1,0,1,0,0.0,0.003826500260526257
1120,no_feedback,42,4,3,0,1,1.0,0.0,0,nan,nan,nan,0.0,0.003826500260526257
1121,no_feedback,42,0,4,1,0,-1.0,0.0,1,1,0,0,0.0,0.003826500260526257
1122,no_feedback,42,0,3,0,0,-1.0,0.0,1,0,1,0,0.0,0.003826500260526257
1123,no_feedback,42,2,5,1,0,-1.0,0.0,1,0,1,0,0.0,0.003826500260526257
1124,no_feedback,42,2,5,1,0,-1.0,0.0,1,0,1,0,0.0,0.003826500260526257
1125,no_feedback,42,7,3,0,0,-1.0,0.0,1,0,1,0,0.0,0.003826500260526257
1126,no_feedback,42,7,3,0,0,-1.0,0.0,1,0,1,0,0.0,0.003826500260526257
1127,no_feedback,42,7,5,1,0,-1.0,0.0,1,0,1,0,0.0,0.003826500260526257
1128,no_feedback,42,5,3,0,0,-1.0,0.0,1,0,1,0,0.0,0.003826500260526257
1129,no_feedback,42,5,5,1,1,1.0,0.0,0,nan,nan,nan,0.0,0.003826500260526257
1130,no_feedback,42,5,4,0,1,1.0,0.0,0,nan,nan,nan,0.0,0.003826500260526257
1131,no_feedback,42,3,3,0,1,1.0,0.0,0,nan,nan,nan,0.0,0.003826500260526257
1132,no_feedback,42,6,2,0,0,-1.0,0.0,1,3,0,1,0.0,0.003826500260526257
1133,no_feedback,42,7,3,0,0,-1.0,0.0,1,0,1,0,0.0,0.003826500260526257
1134,no_feedback,42,6,3,0,0,-1.0,0.0,1,0,1,0,0.0,0.003826500260526257
1135,no_feedback,42,5,3,0,0,-1.0,0.0,1,0,1,0,0.0,0.003826500260526257
1136,no_feedback,42,0,3,0,0,-1.0,0.0,1,0,1,0,0.0,0.003826500260526257
1137,no_feedback,42,6,3,0,0,-1.0,0.0,1,0,1,0,0.0,0.003826500260526257
1138,no_feedback,42,3,3,0,1,1.0,0.0,0,nan,nan,nan,0.0,0.003826500260526257
1139,no_feedback,42,6,2,0,0,-1.0,0.0,1,1,0,0,0.0,0.003826500260526257
1140,no_feedback,42,4,3,0,1,1.0,0.0,0,nan,nan,nan,0.0,0.003826500260526257
1141,no_feedback,42,7,4,1,0,-1.0,0.0,1,1,0,0,0.0,0.003826500260526257
1142,no_feedback,42,3,5,1,0,-1.0,0.0,1,0,1,0,0.0,0.003826500260526257
1143,no_feedback,42,8,5,1,0,-1.0,0.0,1,0,1,0,0.0,0.003826500260526257
1144,no_feedback,42,7,3,0,0,-1.0,0.0,1,0,1,0,0.0,0.003826500260526257
1145,no_feedback,42,2,3,0,1,1.0,0.0,0,nan,nan,nan,0.0,0.003826500260526257
1146,no_feedback,42,4,2,0,0,-1.0,0.0,1,1,0,0,0.0,0.003826500260526257
1147,no_feedback,42,4,3,0,1,1.0,0.0,0,nan,nan,nan,0.0,0.003826500260526257
1148,no_feedback,42,6,2,0,0,-1.0,0.0,1,1,0,0,0.0,0.003826500260526257
1149,no_feedback,42,6,3,0,0,-1.0,0.0,1,0,1,0,0.0,0.003826500260526257
1150,no_feedback,42,7,5,1,0,-1.0,0.0,1,0,1,0,0.0,0.003826500260526257
1151,no_feedback,42,3,3,0,1,1.0,0.0,0,nan,nan,nan,0.0,0.003826500260526257
1152,no_feedback,42,4,2,0,0,-1.0,0.0,1,1,0,0,0.0,0.003826500260526257
1153,no_feedback,42,3,3,0,1,1.0,0.0,0,nan,nan,nan,0.0,0.003826500260526257
1154,no_feedback,42,8,4,1,0,-1.0,0.0,1,1,0,0,0.0,0.003826500260526257
1155,no_feedback,42,2,5,1,0,-1.0,0.0,1,0,1,0,0.0,0.003826500260526257
1156,no_feedback,42,5,3,0,0,-1.0,0.0,1,0,1,0,0.0,0.003826500260526257
1157,no_feedback,42,1,5,1,0,-1.0,0.0,1,0,1,0,0.0,0.003826500260526257
1158,no_feedback,42,7,5,1,0,-1.0,0.0,1,0,1,0,0.0,0.003826500260526257
1159,no_feedback,42,3,3,0,1,1.0,0.0,0,nan,nan,nan,0.0,0.003826500260526257
1160,no_feedback,42,3,2,0,1,1.0,0.0,0,nan,nan,nan,0.0,0.003826500260526257
1161,no_feedback,42,5,1,0,0,-1.0,0.0,1,2,0,0,0.0,0.003826500260526257
1162,no_feedback,42,4,3,0,1,1.0,0.0,0,nan,nan,nan,0.0,0.003826500260526257
1163,no_feedback,42,7,4,1,0,-1.0,0.0,1,1,0,0,0.0,0.003826500260526257
1164,no_feedback,42,4,3,0,1,1.0,0.0,0,nan,nan,nan,0.0,0.003826500260526257
1165,no_feedback,42,4,4,1,1,1.0,0.0,0,nan,nan,nan,0.0,0.003826500260526257
1166,no_feedback,42,0,3,0,0,-1.0,0.0,1,2,0,0,0.0,0.003826500260526257
1167,no_feedback,42,0,3,0,0,-1.0,0.0,1,0,1,0,0.0,0.003826500260526257
1168,no_feedback,42,3,5,1,0,-1.0,0.0,1,0,1,0,0.0,0.003826500260526257
1169,no_feedback,42,8,3,0,0,-1.0,0.0,1,0,1,0,0.0,0.003826500260526257
1170,no_feedback,42,8,3,0,0,-1.0,0.0,1,0,1,0,0.0,0.003826500260526257
1171,no_feedback,42,5,3,0,0,-1.0,0.0,1,0,1,0,0.0,0.003826500260526257
1172,no_feedback,42,5,5,1,1,1.0,0.0,0,nan,nan,nan,0.0,0.003826500260526257
1173,no_feedback,42,3,4,0,1,1.0,0.0,0,nan,nan,nan,0.0,0.003826500260526257
1174,no_feedback,42,1,5,1,0,-1.0,0.0,1,2,0,0,0.0,0.003826500260526257
1175,no_feedback,42,0,3,0,0,-1.0,0.0,1,0,1,0,0.0,0.003826500260526257
1176,no_feedback,42,3,3,0,1,1.0,0.0,0,nan,nan,nan,0.0,0.003826500260526257
1177,no_feedback,42,2,4,1,0,-1.0,0.0,1,1,0,0,0.0,0.003826500260526257
1178,no_feedback,42,1,5,1,0,-1.0,0.0,1,0,1,0,0.0,0.003826500260526257
1179,no_feedback,42,2,5,1,0,-1.0,0.0,1,0,1,0,0.0,0.003826500260526257
1180,no_feedback,42,0,3,0,0,-1.0,0.0,1,0,1,0,0.0,0.003826500260526257
1181,no_feedback,42,5,3,0,0,-1.0,0.0,1,0,1,0,0.0,0.003826500260526257
1182,no_feedback,42,8,3,0,0,-1.0,0.0,1,0,1,0,0.0,0.003826500260526257
1183,no_feedback,42,6,3,0,0,-1.0,0.0,1,0,1,0,0.0,0.003826500260526257
1184,no_feedback,42,4,3,0,1,1.0,0.0,0,nan,nan,nan,0.0,0.003826500260526257
1185,no_feedback,42,3,2,0,1,1.0,0.0,0,nan,nan,nan,0.0,0.003826500260526257
1186,no_feedback,42,2,1,0,1,1.0,0.0,0,nan,nan,nan,0.0,0.003826500260526257
1187,no_feedback,42,1,0,0,1,1.0,0.0,0,nan,nan,nan,0.0,0.003826500260526257
1188,no_feedback,42,5,0,0,0,-1.0,0.0,1,4,0,1,0.0,0.003826500260526257
1189,no_feedback,42,5,3,0,0,-1.0,0.0,1,0,1,0,0.0,0.003826500260526257
1190,no_feedback,42,0,3,0,0,-1.0,0.0,1,0,1,0,0.0,0.003826500260526257
1191,no_feedback,42,3,5,1,0,-1.0,0.0,1,0,1,0,0.0,0.003826500260526257
1192,no_feedback,42,2,3,0,1,1.0,0.0,0,nan,nan,nan,0.0,0.003826500260526257
1193,no_feedback,42,1,2,0,1,1.0,0.0,0,nan,nan,nan,0.0,0.003826500260526257
1194,no_feedback,42,6,1,0,0,-1.0,0.0,1,2,0,0,0.0,0.003826500260526257
1195,no_feedback,42,4,3,0,1,1.0,0.0,0,nan,nan,nan,0.0,0.003826500260526257
1196,no_feedback,42,5,2,0,0,-1.0,0.0,1,1,0,0,0.0,0.003826500260526257
1197,no_feedback,42,6,3,0,0,-1.0,0.0,1,0,1,0,0.0,0.003826500260526257
1198,no_feedback,42,8,5,1,0,-1.0,0.0,1,0,1,0,0.0,0.003826500260526257
1199,no_feedback,42,7,5,1,0,-1.0,0.0,1,0,1,0,0.0,0.003826500260526257
1200,no_feedback,42,5,3,0,0,-1.0,0.0,1,0,1,0,0.0,0.003826500260526257
1201,no_feedback,42,7,5,1,0,-1.0,0.0,1,0,1,0,0.0,0.003826500260526257
1202,no_feedback,42,4,3,0,1,1.0,0.0,0,nan,nan,nan,0.0,0.003826500260526257
1203,no_feedback,42,8,2,0,0,-1.0,0.0,1,1,0,0,0.0,0.003826500260526257
1204,no_feedback,42,6,3,0,0,-1.0,0.0,1,0,1,0,0.0,0.003826500260526257
1205,no_feedback,42,5,5,1,1,1.0,0.0,0,nan,nan,nan,0.0,0.003826500260526257
1206,no_feedback,42,8,6,1,0,-1.0,0.0,1,1,0,0,0.0,0.003826500260526257
1207,no_feedback,42,4,3,0,1,1.0,0.0,0,nan,nan,nan,0.0,0.003826500260526257
1208,no_feedback,42,6,2,0,0,-1.0,0.0,1,1,0,0,0.0,0.003826500260526257
1209,no_feedback,42,2,3,0,1,1.0,0.0,0,nan,nan,nan,0.0,0.003826500260526257
1210,no_feedback,42,8,4,1,0,-1.0,0.0,1,1,0,0,0.0,0.003826500260526257
1211,no_feedback,42,5,3,0,0,-1.0,0.0,1,0,1,0,0.0,0.003826500260526257
1212,no_feedback,42,7,5,1,0,-1.0,0.0,1,0,1,0,0.0,0.003826500260526257
1213,no_feedback,42,4,3,0,1,1.0,0.0,0,nan,nan,nan,0.0,0.003826500260526257
1214,no_feedback,42,7,2,0,0,-1.0,0.0,1,1,0,0,0.0,0.003826500260526257
1215,no_feedback,42,0,3,0,0,-1.0,0.0,1,0,1,0,0.0,0.003826500260526257
1216,no_feedback,42,1,5,1,0,-1.0,0.0,1,0,1,0,0.0,0.003826500260526257
1217,no_feedback,42,4,3,0,1,1.0,0.0,0,nan,nan,nan,0.0,0.003826500260526257
1218,no_feedback,42,6,4,1,0,-1.0,0.0,1,1,0,0,0.0,0.003826500260526257
1219,no_feedback,42,7,3,0,0,-1.0,0.0,1,0,1,0,0.0,0.003826500260526257
1220,no_feedback,42,3,3,0,1,1.0,0.0,0,nan,nan,nan,0.0,0.003826500260526257
1221,no_feedback,42,5,4,1,1,1.0,0.0,0,nan,nan,nan,0.0,0.003826500260526257
1222,no_feedback,42,4,3,0,1,1.0,0.0,0,nan,nan,nan,0.0,0.003826500260526257
1223,no_feedback,42,8,2,0,0,-1.0,0.0,1,3,0,1,0.0,0.003826500260526257
1224,no_feedback,42,5,3,0,0,-1.0,0.0,1,0,1,0,0.0,0.003826500260526257
1225,no_feedback,42,3,3,0,1,1.0,0.0,0,nan,nan,nan,0.0,0.003826500260526257
1226,no_feedback,42,8,2,0,0,-1.0,0.0,1,1,0,0,0.0,0.003826500260526257
1227,no_feedback,42,0,3,0,0,-1.0,0.0,1,0,1,0,0.0,0.003826500260526257
1228,no_feedback,42,8,5,1,0,-1.0,0.0,1,0,1,0,0.0,0.003826500260526257
1229,no_feedback,42,1,5,1,0,-1.0,0.0,1,0,1,0,0.0,0.003826500260526257
1230,no_feedback,42,2,3,0,1,1.0,0.0,0,nan,nan,nan,0.0,0.003826500260526257
1231,no_feedback,42,7,2,0,0,-1.0,0.0,1,1,0,0,0.0,0.003826500260526257
1232,no_feedback,42,6,3,0,0,-1.0,0.0,1,0,1,0,0.0,0.003826500260526257
1233,no_feedback,42,8,5,1,0,-1.0,0.0,1,0,1,0,0.0,0.003826500260526257
1234,no_feedback,42,6,3,0,0,-1.0,0.0,1,0,1,0,0.0,0.003826500260526257
1235,no_feedback,42,5,5,1,1,1.0,0.0,0,nan,nan,nan,0.0,0.003826500260526257
1236,no_feedback,42,3,4,0,1,1.0,0.0,0,nan,nan,nan,0.0,0.003826500260526257
1237,no_feedback,42,0,3,0,0,-1.0,0.0,1,2,0,0,0.0,0.003826500260526257
1238,no_feedback,42,1,5,1,0,-1.0,0.0,1,0,1,0,0.0,0.003826500260526257
1239,no_feedback,42,2,5,1,0,-1.0,0.0,1,0,1,0,0.0,0.003826500260526257
1240,no_feedback,42,0,3,0,0,-1.0,0.0,1,0,1,0,0.0,0.003826500260526257
1241,no_feedback,42,4,3,0,1,1.0,0.0,0,nan,nan,nan,0.0,0.003826500260526257
1242,no_feedback,42,6,2,0,0,-1.0,0.0,1,1,0,0,0.0,0.003826500260526257
1243,no_feedback,42,8,5,1,0,-1.0,0.0,1,0,1,0,0.0,0.003826500260526257
1244,no_feedback,42,4,3,0,1,1.0,0.0,0,nan,nan,nan,0.0,0.003826500260526257
1245,no_feedback,42,7,2,0,0,-1.0,0.0,1,1,0,0,0.0,0.003826500260526257
1246,no_feedback,42,8,3,0,0,-1.0,0.0,1,0,1,0,0.0,0.003826500260526257
1247,no_feedback,42,7,3,0,0,-1.0,0.0,1,0,1,0,0.0,0.003826500260526257
1248,no_feedback,42,4,3,0,1,1.0,0.0,0,nan,nan,nan,0.0,0.003826500260526257
1249,no_feedback,42,2,2,0,1,1.0,0.0,0,nan,nan,nan,0.0,0.003826500260526257
1250,no_feedback,42,8,1,0,0,-1.0,0.0,1,2,0,0,0.0,0.003826500260526257
1251,no_feedback,42,2,5,1,0,-1.0,0.0,1,0,1,0,0.0,0.003826500260526257
1252,no_feedback,42,3,5,1,0,-1.0,0.0,1,0,1,0,0.0,0.003826500260526257
1253,no_feedback,42,0,3,0,0,-1.0,0.0,1,0,1,0,0.0,0.003826500260526257
1254,no_feedback,42,7,3,0,0,-1.0,0.0,1,0,1,0,0.0,0.003826500260526257
1255,no_feedback,42,5,5,1,1,1.0,0.0,0,nan,nan,nan,0.0,0.003826500260526257
1256,no_feedback,42,0,4,0,0,-1.0,0.0,1,1,0,0,0.0,0.003826500260526257
1257,no_feedback,42,1,5,1,0,-1.0,0.0,1,0,1,0,0.0,0.003826500260526257
1258,no_feedback,42,4,3,0,1,1.0,0.0,0,nan,nan,nan,0.0,0.003826500260526257
1259,no_feedback,42,4,2,0,0,-1.0,0.0,1,1,0,0,0.0,0.003826500260526257
1260,no_feedback,42,7,5,1,0,-1.0,0.0,1,0,1,0,0.0,0.003826500260526257
1261,no_feedback,42,2,5,1,0,-1.0,0.0,1,0,1,0,0.0,0.003826500260526257
1262,no_feedback,42,8,5,1,0,-1.0,0.0,1,0,1,0,0.0,0.003826500260526257
1263,no_feedback,42,4,3,0,1,1.0,0.0,0,nan,nan,nan,0.0,0.003826500260526257
1264,no_feedback,42,7,4,1,0,-1.0,0.0,1,1,0,0,0.0,0.003826500260526257
1265,no_feedback,42,2,5,1,0,-1.0,0.0,1,0,1,0,0.0,0.003826500260526257
1266,no_feedback,42,0,3,0,0,-1.0,0.0,1,0,1,0,0.0,0.003826500260526257
1267,no_feedback,42,0,3,0,0,-1.0,0.0,1,0,1,0,0.0,0.003826500260526257
1268,no_feedback,42,3,5,1,0,-1.0,0.0,1,0,1,0,0.0,0.003826500260526257
1269,no_feedback,42,8,3,0,0,-1.0,0.0,1,0,1,0,0.0,0.003826500260526257
1270,no_feedback,42,0,3,0,0,-1.0,0.0,1,0,1,0,0.0,0.003826500260526257
1271,no_feedback,42,3,3,0,1,1.0,0.0,0,nan,nan,nan,0.0,0.003826500260526257
1272,no_feedback,42,0,4,1,0,-1.0,0.0,1,1,0,0,0.0,0.003826500260526257
1273,no_feedback,42,8,3,0,0,-1.0,0.0,1,0,1,0,0.0,0.003826500260526257
1274,no_feedback,42,6,3,0,0,-1.0,0.0,1,0,1,0,0.0,0.003826500260526257
1275,no_feedback,42,6,3,0,0,-1.0,0.0,1,0,1,0,0.0,0.003826500260526257
1276,no_feedback,42,6,3,0,0,-1.0,0.0,1,0,1,0,0.0,0.003826500260526257
1277,no_feedback,42,5,5,1,1,1.0,0.0,0,nan,nan,nan,0.0,0.003826500260526257
1278,no_feedback,42,6,6,1,1,1.0,0.0,0,nan,nan,nan,0.0,0.003826500260526257
1279,no_feedback,42,0,7,1,0,-1.0,0.0,1,2,0,0,0.0,0.003826500260526257
1280,no_feedback,42,7,5,1,0,-1.0,0.0,1,0,1,0,0.0,0.003826500260526257
1281,no_feedback,42,6,3,0,0,-1.0,0.0,1,0,1,0,0.0,0.003826500260526257
1282,no_feedback,42,6,3,0,0,-1.0,0.0,1,0,1,0,0.0,0.003826500260526257
1283,no_feedback,42,3,5,1,0,-1.0,0.0,1,0,1,0,0.0,0.003826500260526257
1284,no_feedback,42,7,5,1,0,-1.0,0.0,1,0,1,0,0.0,0.003826500260526257
1285,no_feedback,42,3,3,0,1,1.0,0.0,0,nan,nan,nan,0.0,0.003826500260526257
1286,no_feedback,42,0,4,1,0,-1.0,0.0,1,1,0,0,0.0,0.003826500260526257
1287,no_feedback,42,8,3,0,0,-1.0,0.0,1,0,1,0,0.0,0.003826500260526257
1288,no_feedback,42,2,5,1,0,-1.0,0.0,1,0,1,0,0.0,0.003826500260526257
1289,no_feedback,42,0,3,0,0,-1.0,0.0,1,0,1,0,0.0,0.003826500260526257
1290,no_feedback,42,5,3,0,0,-1.0,0.0,1,0,1,0,0.0,0.003826500260526257
1291,no_feedback,42,2,5,1,0,-1.0,0.0,1,0,1,0,0.0,0.003826500260526257
1292,no_feedback,42,7,5,1,0,-1.0,0.0,1,0,1,0,0.0,0.003826500260526257
1293,no_feedback,42,3,3,0,1,1.0,0.0,0,nan,nan,nan,0.0,0.003826500260526257
1294,no_feedback,42,0,4,1,0,-1.0,0.0,1,1,0,0,0.0,0.003826500260526257
1295,no_feedback,42,8,3,0,0,-1.0,0.0,1,0,1,0,0.0,0.003826500260526257
1296,no_feedback,42,4,3,0,1,1.0,0.0,0,nan,nan,nan,0.0,0.003826500260526257
1297,no_feedback,42,2,4,1,0,-1.0,0.0,1,1,0,0,0.0,0.003826500260526257
1298,no_feedback,42,6,3,0,0,-1.0,0.0,1,0,1,0,0.0,0.003826500260526257
1299,no_feedback,42,4,3,0,1,1.0,0.0,0,nan,nan,nan,0.0,0.003826500260526257
1300,no_feedback,42,0,4,1,0,-1.0,0.0,1,1,0,0,0.0,0.003826500260526257
1301,no_feedback,42,6,3,0,0,-1.0,0.0,1,0,1,0,0.0,0.003826500260526257
1302,no_feedback,42,3,3,0,1,1.0,0.0,0,nan,nan,nan,0.0,0.003826500260526257
1303,no_feedback,42,6,4,1,0,-1.0,0.0,1,1,0,0,0.0,0.003826500260526257
1304,no_feedback,42,8,5,1,0,-1.0,0.0,1,0,1,0,0.0,0.003826500260526257
1305,no_feedback,42,5,3,0,0,-1.0,0.0,1,0,1,0,0.0,0.003826500260526257
1306,no_feedback,42,6,3,0,0,-1.0,0.0,1,0,1,0,0.0,0.003826500260526257
1307,no_feedback,42,2,5,1,0,-1.0,0.0,1,0,1,0,0.0,0.003826500260526257
1308,no_feedback,42,2,3,0,1,1.0,0.0,0,nan,nan,nan,0.0,0.003826500260526257
1309,no_feedback,42,3,2,0,1,1.0,0.0,0,nan,nan,nan,0.0,0.003826500260526257
1310,no_feedback,42,7,1,0,0,-1.0,0.0,1,2,0,0,0.0,0.003826500260526257
1311,no_feedback,42,4,3,0,1,1.0,0.0,0,nan,nan,nan,0.0,0.003826500260526257
1312,no_feedback,42,3,2,0,1,1.0,0.0,0,nan,nan,nan,0.0,0.003826500260526257
1313,no_feedback,42,7,3,1,0,-1.0,0.0,1,2,0,0,0.0,0.003826500260526257
1314,no_feedback,42,7,3,0,0,-1.0,0.0,1,0,1,0,0.0,0.003826500260526257
1315,no_feedback,42,8,5,1,0,-1.0,0.0,1,0,1,0,0.0,0.003826500260526257
1316,no_feedback,42,2,5,1,0,-1.0,0.0,1,0,1,0,0.0,0.003826500260526257
1317,no_feedback,42,6,3,0,0,-1.0,0.0,1,0,1,0,0.0,0.003826500260526257
1318,no_feedback,42,5,5,1,1,1.0,0.0,0,nan,nan,nan,0.0,0.003826500260526257
1319,no_feedback,42,4,4,0,1,1.0,0.0,0,nan,nan,nan,0.0,0.003826500260526257
1320,no_feedback,42,3,3,0,1,1.0,0.0,0,nan,nan,nan,0.0,0.003826500260526257
1321,no_feedback,42,1,2,0,1,1.0,0.0,0,nan,nan,nan,0.0,0.003826500260526257
1322,no_feedback,42,2,3,1,1,1.0,0.0,0,nan,nan,nan,0.0,0.003826500260526257
1323,no_feedback,42,4,2,0,0,-1.0,0.0,1,5,0,1,0.0,0.003826500260526257
1324,no_feedback,42,7,3,0,0,-1.0,0.0,1,0,1,0,0.0,0.003826500260526257
1325,no_feedback,42,7,3,0,0,-1.0,0.0,1,0,1,0,0.0,0.003826500260526257
1326,no_feedback,42,1,5,1,0,-1.0,0.0,1,0,1,0,0.0,0.003826500260526257
1327,no_feedback,42,6,3,0,0,-1.0,0.0,1,0,1,0,0.0,0.003826500260526257
1328,no_feedback,42,0,3,0,0,-1.0,0.0,1,0,1,0,0.0,0.003826500260526257
1329,no_feedback,42,6,3,0,0,-1.0,0.0,1,0,1,0,0.0,0.003826500260526257
1330,no_feedback,42,3,5,1,0,-1.0,0.0,1,0,1,0,0.0,0.003826500260526257
1331,no_feedback,42,4,3,0,1,1.0,0.0,0,nan,nan,nan,0.0,0.003826500260526257
1332,no_feedback,42,6,2,0,0,-1.0,0.0,1,1,0,0,0.0,0.003826500260526257
1333,no_feedback,42,3,3,0,1,1.0,0.0,0,nan,nan,nan,0.0,0.003826500260526257
1334,no_feedback,42,7,4,1,0,-1.0,0.0,1,1,0,0,0.0,0.003826500260526257
1335,no_feedback,42,4,3,0,1,1.0,0.0,0,nan,nan,nan,0.0,0.003826500260526257
1336,no_feedback,42,8,4,1,0,-1.0,0.0,1,1,0,0,0.0,0.003826500260526257
1337,no_feedback,42,5,5,1,1,1.0,0.0,0,nan,nan,nan,0.0,0.003826500260526257
1338,no_feedback,42,2,6,1,0,-1.0,0.0,1,1,0,0,0.0,0.003826500260526257
1339,no_feedback,42,6,3,0,0,-1.0,0.0,1,0,1,0,0.0,0.003826500260526257
1340,no_feedback,42,3,3,0,1,1.0,0.0,0,nan,nan,nan,0.0,0.003826500260526257
1341,no_feedback,42,4,2,0,0,-1.0,0.0,1,1,0,0,0.0,0.003826500260526257
1342,no_feedback,42,1,5,1,0,-1.0,0.0,1,0,1,0,0.0,0.003826500260526257
1343,no_feedback,42,1,5,1,0,-1.0,0.0,1,0,1,0,0.0,0.003826500260526257
1344,no_feedback,42,5,5,1,1,1.0,0.0,0,nan,nan,nan,0.0,0.003826500260526257
1345,no_feedback,42,1,4,0,0,-1.0,0.0,1,1,0,0,0.0,0.003826500260526257
1346,no_feedback,42,8,5,1,0,-1.0,0.0,1,0,1,0,0.0,0.003826500260526257
1347,no_feedback,42,7,5,1,0,-1.0,0.0,1,0,1,0,0.0,0.003826500260526257
1348,no_feedback,42,6,3,0,0,-1.0,0.0,1,0,1,0,0.0,0.003826500260526257
1349,no_feedback,42,6,3,0,0,-1.0,0.0,1,0,1,0,0.0,0.003826500260526257
1350,no_feedback,42,5,5,1,1,1.0,0.0,0,nan,nan,nan,0.0,0.003826500260526257
1351,no_feedback,42,0,4,0,0,-1.0,0.0,1,1,0,0,0.0,0.003826500260526257
1352,no_feedback,42,3,3,0,1,1.0,0.0,0,nan,nan,nan,0.0,0.003826500260526257
1353,no_feedback,42,4,2,0,0,-1.0,0.0,1,1,0,0,0.0,0.003826500260526257
1354,no_feedback,42,8,5,1,0,-1.0,0.0,1,0,1,0,0.0,0.003826500260526257
1355,no_feedback,42,1,5,1,0,-1.0,0.0,1,0,1,0,0.0,0.003826500260526257
1356,no_feedback,42,4,3,0,1,1.0,0.0,0,nan,nan,nan,0.0,0.003826500260526257
1357,no_feedback,42,3,2,0,1,1.0,0.0,0,nan,nan,nan,0.0,0.003826500260526257
1358,no_feedback,42,1,1,0,1,1.0,0.0,0,nan,nan,nan,0.0,0.003826500260526257
1359,no_feedback,42,0,2,1,0,-1.0,0.0,1,3,0,1,0.0,0.003826500260526257
1360,no_feedback,42,3,5,1,0,-1.0,0.0,1,0,1,0,0.0,0.003826500260526257
1361,no_feedback,42,0,3,0,0,-1.0,0.0,1,0,1,0,0.0,0.003826500260526257
1362,no_feedback,42,0,3,0,0,-1.0,0.0,1,0,1,0,0.0,0.003826500260526257
1363,no_feedback,42,3,3,0,1,1.0,0.0,0,nan,nan,nan,0.0,0.003826500260526257
1364,no_feedback,42,1,4,1,0,-1.0,0.0,1,1,0,0,0.0,0.003826500260526257
1365,no_feedback,42,4,3,0,1,1.0,0.0,0,nan,nan,nan,0.0,0.003826500260526257
1366,no_feedback,42,0,4,1,0,-1.0,0.0,1,1,0,0,0.0,0.003826500260526257
1367,no_feedback,42,2,3,0,1,1.0,0.0,0,nan,nan,nan,0.0,0.003826500260526257
1368,no_feedback,42,4,2,0,0,-1.0,0.0,1,1,0,0,0.0,0.003826500260526257
1369,no_feedback,42,8,3,0,0,-1.0,0.0,1,0,1,0,0.0,0.003826500260526257
1370,no_feedback,42,5,3,0,0,-1.0,0.0,1,0,1,0,0.0,0.003826500260526257
1371,no_feedback,42,7,5,1,0,-1.0,0.0,1,0,1,0,0.0,0.003826500260526257
1372,no_feedback,42,3,5,1,0,-1.0,0.0,1,0,1,0,0.0,0.003826500260526257
1373,no_feedback,42,4,3,0,1,1.0,0.0,0,nan,nan,nan,0.0,0.003826500260526257
1374,no_feedback,42,3,2,0,1,1.0,0.0,0,nan,nan,nan,0.0,0.003826500260526257
1375,no_feedback,42,7,3,1,0,-1.0,0.0,1,2,0,0,0.0,0.003826500260526257
1376,no_feedback,42,8,5,1,0,-1.0,0.0,1,0,1,0,0.0,0.003826500260526257
1377,no_feedback,42,8,5,1,0,-1.0,0.0,1,0,1,0,0.0,0.003826500260526257
1378,no_feedback,42,6,3,0,0,-1.0,0.0,1,0,1,0,0.0,0.003826500260526257
1379,no_feedback,42,4,3,0,1,1.0,0.0,0,nan,nan,nan,0.0,0.003826500260526257
1380,no_feedback,42,4,2,0,0,-1.0,0.0,1,1,0,0,0.0,0.003826500260526257
1381,no_feedback,42,8,5,1,0,-1.0,0.0,1,0,1,0,0.0,0.003826500260526257
1382,no_feedback,42,2,5,1,0,-1.0,0.0,1,0,1,0,0.0,0.003826500260526257
1383,no_feedback,42,3,5,1,0,-1.0,0.0,1,0,1,0,0.0,0.003826500260526257
1384,no_feedback,42,8,3,0,0,-1.0,0.0,1,0,1,0,0.0,0.003826500260526257
1385,no_feedback,42,3,5,1,0,-1.0,0.0,1,0,1,0,0.0,0.003826500260526257
1386,no_feedback,42,2,3,0,1,1.0,0.0,0,nan,nan,nan,0.0,0.003826500260526257
1387,no_feedback,42,5,2,0,0,-1.0,0.0,1,1,0,0,0.0,0.003826500260526257
1388,no_feedback,42,2,5,1,0,-1.0,0.0,1,0,1,0,0.0,0.003826500260526257
1389,no_feedback,42,8,3,0,0,-1.0,0.0,1,0,1,0,0.0,0.003826500260526257
1390,no_feedback,42,8,5,1,0,-1.0,0.0,1,0,1,0,0.0,0.003826500260526257
1391,no_feedback,42,2,3,0,1,1.0,0.0,0,nan,nan,nan,0.0,0.003826500260526257
1392,no_feedback,42,4,2,0,0,-1.0,0.0,1,1,0,0,0.0,0.003826500260526257
1393,no_feedback,42,8,3,0,0,-1.0,0.0,1,0,1,0,0.0,0.003826500260526257
1394,no_feedback,42,6,3,0,0,-1.0,0.0,1,0,1,0,0.0,0.003826500260526257
1395,no_feedback,42,1,5,1,0,-1.0,0.0,1,0,1,0,0.0,0.003826500260526257
1396,no_feedback,42,5,5,1,1,1.0,0.0,0,nan,nan,nan,0.0,0.003826500260526257
1397,no_feedback,42,5,4,0,1,1.0,0.0,0,nan,nan,nan,0.0,0.003826500260526257
1398,no_feedback,42,5,3,0,0,-1.0,0.0,1,2,0,0,0.0,0.003826500260526257
1399,no_feedback,42,0,3,0,0,-1.0,0.0,1,0,1,0,0.0,0.003826500260526257
1400,no_feedback,42,2,5,1,0,-1.0,0.0,1,0,1,0,0.0,0.003826500260526257
1401,no_feedback,42,7,5,1,0,-1.0,0.0,1,0,1,0,0.0,0.003826500260526257
1402,no_feedback,42,2,3,0,1,1.0,0.0,0,nan,nan,nan,0.0,0.003826500260526257
1403,no_feedback,42,2,4,1,0,-1.0,0.0,1,1,0,0,0.0,0.003826500260526257
1404,no_feedback,42,2,3,0,1,1.0,0.0,0,nan,nan,nan,0.0,0.003826500260526257
1405,no_feedback,42,1,4,1,0,-1.0,0.0,1,1,0,0,0.0,0.003826500260526257
1406,no_feedback,42,1,5,1,0,-1.0,0.0,1,0,1,0,0.0,0.003826500260526257
1407,no_feedback,42,3,5,1,0,-1.0,0.0,1,0,1,0,0.0,0.003826500260526257
1408,no_feedback,42,7,5,1,0,-1.0,0.0,1,0,1,0,0.0,0.003826500260526257
1409,no_feedback,42,0,3,0,0,-1.0,0.0,1,0,1,0,0.0,0.003826500260526257
1410,no_feedback,42,2,3,0,1,1.0,0.0,0,nan,nan,nan,0.0,0.003826500260526257
1411,no_feedback,42,0,4,1,0,-1.0,0.0,1,1,0,0,0.0,0.003826500260526257
1412,no_feedback,42,5,3,0,0,-1.0,0.0,1,0,1,0,0.0,0.003826500260526257
1413,no_feedback,42,2,3,0,1,1.0,0.0,0,nan,nan,nan,0.0,0.003826500260526257
1414,no_feedback,42,7,2,0,0,-1.0,0.0,1,1,0,0,0.0,0.003826500260526257
1415,no_feedback,42,5,5,1,1,1.0,0.0,0,nan,nan,nan,0.0,0.003826500260526257
1416,no_feedback,42,7,4,0,0,-1.0,0.0,1,1,0,0,0.0,0.003826500260526257
1417,no_feedback,42,5,3,0,0,-1.0,0.0,1,0,1,0,0.0,0.003826500260526257
1418,no_feedback,42,3,5,1,0,-1.0,0.0,1,0,1,0,0.0,0.003826500260526257
1419,no_feedback,42,7,3,0,0,-1.0,0.0,1,0,1,0,0.0,0.003826500260526257
1420,no_feedback,42,4,3,0,1,1.0,0.0,0,nan,nan,nan,0.0,0.003826500260526257
1421,no_feedback,42,8,4,1,0,-1.0,0.0,1,1,0,0,0.0,0.003826500260526257
1422,no_feedback,42,8,5,1,0,-1.0,0.0,1,0,1,0,0.0,0.003826500260526257
1423,no_feedback,42,5,3,0,0,-1.0,0.0,1,0,1,0,0.0,0.003826500260526257
1424,no_feedback,42,6,3,0,0,-1.0,0.0,1,0,1,0,0.0,0.003826500260526257
1425,no_feedback,42,2,3,0,1,1.0,0.0,0,nan,nan,nan,0.0,0.003826500260526257
1426,no_feedback,42,7,2,0,0,-1.0,0.0,1,1,0,0,0.0,0.003826500260526257
1427,no_feedback,42,6,3,0,0,-1.0,0.0,1,0,1,0,0.0,0.003826500260526257
1428,no_feedback,42,8,5,1,0,-1.0,0.0,1,0,1,0,0.0,0.003826500260526257
1429,no_feedback,42,2,3,0,1,1.0,0.0,0,nan,nan,nan,0.0,0.003826500260526257
1430,no_feedback,42,7,2,0,0,-1.0,0.0,1,1,0,0,0.0,0.003826500260526257
1431,no_feedback,42,4,3,0,1,1.0,0.0,0,nan,nan,nan,0.0,0.003826500260526257
1432,no_feedback,42,1,4,1,0,-1.0,0.0,1,1,0,0,0.0,0.003826500260526257
1433,no_feedback,42,1,5,1,0,-1.0,0.0,1,0,1,0,0.0,0.003826500260526257
1434,no_feedback,42,5,3,0,0,-1.0,0.0,1,0,1,0,0.0,0.003826500260526257
1435,no_feedback,42,2,3,0,1,1.0,0.0,0,nan,nan,nan,0.0,0.003826500260526257
1436,no_feedback,42,0,4,1,0,-1.0,0.0,1,1,0,0,0.0,0.003826500260526257
1437,no_feedback,42,3,3,0,1,1.0,0.0,0,nan,nan,nan,0.0,0.003826500260526257
1438,no_feedback,42,5,2,0,0,-1.0,0.0,1,1,0,0,0.0,0.003826500260526257
1439,no_feedback,42,2,3,0,1,1.0,0.0,0,nan,nan,nan,0.0,0.003826500260526257
1440,no_feedback,42,8,4,1,0,-1.0,0.0,1,1,0,0,0.0,0.003826500260526257
1441,no_feedback,42,7,3,0,0,-1.0,0.0,1,0,1,0,0.0,0.003826500260526257
1442,no_feedback,42,4,3,0,1,1.0,0.0,0,nan,nan,nan,0.0,0.003826500260526257
1443,no_feedback,42,8,2,0,0,-1.0,0.0,1,1,0,0,0.0,0.003826500260526257
1444,no_feedback,42,3,3,0,1,1.0,0.0,0,nan,nan,nan,0.0,0.003826500260526257
1445,no_feedback,42,1,2,0,1,1.0,0.0,0,nan,nan,nan,0.0,0.003826500260526257
1446,no_feedback,42,0,3,1,0,-1.0,0.0,1,2,0,0,0.0,0.003826500260526257
1447,no_feedback,42,8,3,0,0,-1.0,0.0,1,0,1,0,0.0,0.003826500260526257
1448,no_feedback,42,8,3,0,0,-1.0,0.0,1,0,1,0,0.0,0.003826500260526257
1449,no_feedback,42,6,3,0,0,-1.0,0.0,1,0,1,0,0.0,0.003826500260526257
1450,no_feedback,42,0,3,0,0,-1.0,0.0,1,0,1,0,0.0,0.003826500260526257
1451,no_feedback,42,2,5,1,0,-1.0,0.0,1,0,1,0,0.0,0.003826500260526257
1452,no_feedback,42,0,3,0,0,-1.0,0.0,1,0,1,0,0.0,0.003826500260526257
1453,no_feedback,42,0,3,0,0,-1.0,0.0,1,0,1,0,0.0,0.003826500260526257
1454,no_feedback,42,2,5,1,0,-1.0,0.0,1,0,1,0,0.0,0.003826500260526257
1455,no_feedback,42,5,5,1,1,1.0,0.0,0,nan,nan,nan,0.0,0.003826500260526257
1456,no_feedback,42,0,4,0,0,-1.0,0.0,1,1,0,0,0.0,0.003826500260526257
1457,no_feedback,42,8,5,1,0,-1.0,0.0,1,0,1,0,0.0,0.003826500260526257
1458,no_feedback,42,4,3,0,1,1.0,0.0,0,nan,nan,nan,0.0,0.003826500260526257
1459,no_feedback,42,2,4,1,0,-1.0,0.0,1,1,0,0,0.0,0.003826500260526257
1460,no_feedback,42,4,3,0,1,1.0,0.0,0,nan,nan,nan,0.0,0.003826500260526257
1461,no_feedback,42,7,4,1,0,-1.0,0.0,1,1,0,0,0.0,0.003826500260526257
1462,no_feedback,42,2,5,1,0,-1.0,0.0,1,0,1,0,0.0,0.003826500260526257
1463,no_feedback,42,0,3,0,0,-1.0,0.0,1,0,1,0,0.0,0.003826500260526257
1464,no_feedback,42,0,3,0,0,-1.0,0.0,1,0,1,0,0.0,0.003826500260526257
1465,no_feedback,42,7,3,0,0,-1.0,0.0,1,0,1,0,0.0,0.003826500260526257
1466,no_feedback,42,1,5,1,0,-1.0,0.0,1,0,1,0,0.0,0.003826500260526257
1467,no_feedback,42,5,5,1,1,1.0,0.0,0,nan,nan,nan,0.0,0.003826500260526257
1468,no_feedback,42,3,4,0,1,1.0,0.0,0,nan,nan,nan,0.0,0.003826500260526257
1469,no_feedback,42,6,3,0,0,-1.0,0.0,1,2,0,0,0.0,0.003826500260526257
1470,no_feedback,42,0,3,0,0,-1.0,0.0,1,0,1,0,0.0,0.003826500260526257
1471,no_feedback,42,8,5,1,0,-1.0,0.0,1,0,1,0,0.0,0.003826500260526257
1472,no_feedback,42,6,3,0,0,-1.0,0.0,1,0,1,0,0.0,0.003826500260526257
1473,no_feedback,42,4,3,0,1,1.0,0.0,0,nan,nan,nan,0.0,0.003826500260526257
1474,no_feedback,42,1,2,0,1,1.0,0.0,0,nan,nan,nan,0.0,0.003826500260526257
1475,no_feedback,42,8,3,1,0,-1.0,0.0,1,2,0,0,0.0,0.003826500260526257
1476,no_feedback,42,2,3,0,1,1.0,0.0,0,nan,nan,nan,0.0,0.003826500260526257
1477,no_feedback,42,4,4,1,1,1.0,0.0,0,nan,nan,nan,0.0,0.003826500260526257
1478,no_feedback,42,3,3,0,1,1.0,0.0,0,nan,nan,nan,0.0,0.003826500260526257
1479,no_feedback,42,2,2,0,1,1.0,0.0,0,nan,nan,nan,0.0,0.003826500260526257
1480,no_feedback,42,3,3,1,1,1.0,0.0,0,nan,nan,nan,0.0,0.003826500260526257
1481,no_feedback,42,1,4,1,0,-1.0,0.0,1,5,0,1,0.0,0.003826500260526257
1482,no_feedback,42,0,3,0,0,-1.0,0.0,1,0,1,0,0.0,0.003826500260526257
1483,no_feedback,42,2,3,0,1,1.0,0.0,0,nan,nan,nan,0.0,0.003826500260526257
1484,no_feedback,42,1,2,0,1,1.0,0.0,0,nan,nan,nan,0.0,0.003826500260526257
1485,no_feedback,42,3,1,0,0,-1.0,0.0,1,2,0,0,0.0,0.003826500260526257
1486,no_feedback,42,7,3,0,0,-1.0,0.0,1,0,1,0,0.0,0.003826500260526257
1487,no_feedback,42,1,5,1,0,-1.0,0.0,1,0,1,0,0.0,0.003826500260526257
1488,no_feedback,42,0,5,1,0,-1.0,0.0,1,0,1,0,0.0,0.003826500260526257
1489,no_feedback,42,0,3,0,0,-1.0,0.0,1,0,1,0,0.0,0.003826500260526257
1490,no_feedback,42,4,3,0,1,1.0,0.0,0,nan,nan,nan,0.0,0.003826500260526257
1491,no_feedback,42,2,2,0,1,1.0,0.0,0,nan,nan,nan,0.0,0.003826500260526257
1492,no_feedback,42,4,1,0,0,-1.0,0.0,1,2,0,0,0.0,0.003826500260526257
1493,no_feedback,42,0,3,0,0,-1.0,0.0,1,0,1,0,0.0,0.003826500260526257
1494,no_feedback,42,2,5,1,0,-1.0,0.0,1,0,1,0,0.0,0.003826500260526257
1495,no_feedback,42,3,3,0,1,1.0,0.0,0,nan,nan,nan,0.0,0.003826500260526257
1496,no_feedback,42,3,2,0,1,1.0,0.0,0,nan,nan,nan,0.0,0.003826500260526257
1497,no_feedback,42,4,1,0,0,-1.0,0.0,1,2,0,0,0.0,0.003826500260526257
1498,no_feedback,42,7,5,1,0,-1.0,0.0,1,0,1,0,0.0,0.003826500260526257
1499,no_feedback,42,4,3,0,1,1.0,0.0,0,nan,nan,nan,0.0,0.003826500260526257
1500,no_feedback,42,7,2,0,0,-1.0,0.0,1,1,0,0,0.0,0.003826500260526257
1501,no_feedback,42,4,3,0,1,1.0,0.0,0,nan,nan,nan,0.0,0.003826500260526257
1502,no_feedback,42,2,2,0,1,1.0,0.0,0,nan,nan,nan,0.0,0.003826500260526257
1503,no_feedback,42,2,1,0,1,1.0,0.0,0,nan,nan,nan,0.0,0.003826500260526257
1504,no_feedback,42,2,2,1,1,1.0,0.0,0,nan,nan,nan,0.0,0.003826500260526257
1505,no_feedback,42,5,1,0,0,-1.0,0.0,1,4,0,1,0.0,0.003826500260526257
1506,no_feedback,42,2,5,1,0,-1.0,0.0,1,0,1,0,0.0,0.003826500260526257
1507,no_feedback,42,8,3,0,0,-1.0,0.0,1,0,1,0,0.0,0.003826500260526257
1508,no_feedback,42,4,3,0,1,1.0,0.0,0,nan,nan,nan,0.0,0.003826500260526257
1509,no_feedback,42,7,2,0,0,-1.0,0.0,1,1,0,0,0.0,0.003826500260526257
1510,no_feedback,42,6,3,0,0,-1.0,0.0,1,0,1,0,0.0,0.003826500260526257
1511,no_feedback,42,3,3,0,1,1.0,0.0,0,nan,nan,nan,0.0,0.003826500260526257
1512,no_feedback,42,2,4,1,0,-1.0,0.0,1,1,0,0,0.0,0.003826500260526257
1513,no_feedback,42,6,3,0,0,-1.0,0.0,1,0,1,0,0.0,0.003826500260526257
1514,no_feedback,42,2,3,0,1,1.0,0.0,0,nan,nan,nan,0.0,0.003826500260526257
1515,no_feedback,42,2,2,0,1,1.0,0.0,0,nan,nan,nan,0.0,0.003826500260526257
1516,no_feedback,42,8,1,0,0,-1.0,0.0,1,2,0,0,0.0,0.003826500260526257
1517,no_feedback,42,4,3,0,1,1.0,0.0,0,nan,nan,nan,0.0,0.003826500260526257
1518,no_feedback,42,0,4,1,0,-1.0,0.0,1,1,0,0,0.0,0.003826500260526257
1519,no_feedback,42,4,3,0,1,1.0,0.0,0,nan,nan,nan,0.0,0.003826500260526257
1520,no_feedback,42,4,4,1,1,1.0,0.0,0,nan,nan,nan,0.0,0.003826500260526257
1521,no_feedback,42,7,3,0,0,-1.0,0.0,1,2,0,0,0.0,0.003826500260526257
1522,no_feedback,42,6,3,0,0,-1.0,0.0,1,0,1,0,0.0,0.003826500260526257
1523,no_feedback,42,1,5,1,0,-1.0,0.0,1,0,1,0,0.0,0.003826500260526257
1524,no_feedback,42,1,5,1,0,-1.0,0.0,1,0,1,0,0.0,0.003826500260526257
1525,no_feedback,42,5,3,0,0,-1.0,0.0,1,0,1,0,0.0,0.003826500260526257
1526,no_feedback,42,0,5,1,0,-1.0,0.0,1,0,1,0,0.0,0.003826500260526257
1527,no_feedback,42,2,3,0,1,1.0,0.0,0,nan,nan,nan,0.0,0.003826500260526257
1528,no_feedback,42,1,2,0,1,1.0,0.0,0,nan,nan,nan,0.0,0.003826500260526257
1529,no_feedback,42,0,1,0,1,1.0,0.0,0,nan,nan,nan,0.0,0.003826500260526257
1530,no_feedback,42,8,2,1,0,-1.0,0.0,1,3,0,1,0.0,0.003826500260526257
1531,no_feedback,42,0,3,0,0,-1.0,0.0,1,0,1,0,0.0,0.003826500260526257
1532,no_feedback,42,0,3,0,0,-1.0,0.0,1,0,1,0,0.0,0.003826500260526257
1533,no_feedback,42,8,3,0,0,-1.0,0.0,1,0,1,0,0.0,0.003826500260526257
1534,no_feedback,42,1,5,1,0,-1.0,0.0,1,0,1,0,0.0,0.003826500260526257
1535,no_feedback,42,7,5,1,0,-1.0,0.0,1,0,1,0,0.0,0.003826500260526257
1536,no_feedback,42,0,3,0,0,-1.0,0.0,1,0,1,0,0.0,0.003826500260526257
1537,no_feedback,42,1,5,1,0,-1.0,0.0,1,0,1,0,0.0,0.003826500260526257
1538,no_feedback,42,0,3,0,0,-1.0,0.0,1,0,1,0,0.0,0.003826500260526257
1539,no_feedback,42,6,3,0,0,-1.0,0.0,1,0,1,0,0.0,0.003826500260526257
1540,no_feedback,42,5,3,0,0,-1.0,0.0,1,0,1,0,0.0,0.003826500260526257
1541,no_feedback,42,4,3,0,1,1.0,0.0,0,nan,nan,nan,0.0,0.003826500260526257
1542,no_feedback,42,2,2,0,1,1.0,0.0,0,nan,nan,nan,0.0,0.003826500260526257
1543,no_feedback,42,0,1,0,1,1.0,0.0,0,nan,nan,nan,0.0,0.003826500260526257
1544,no_feedback,42,5,2,1,0,-1.0,0.0,1,3,0,1,0.0,0.003826500260526257
1545,no_feedback,42,2,3,0,1,1.0,0.0,0,nan,nan,nan,0.0,0.003826500260526257
1546,no_feedback,42,5,4,1,1,1.0,0.0,0,nan,nan,nan,0.0,0.003826500260526257
1547,no_feedback,42,6,3,0,0,-1.0,0.0,1,2,0,0,0.0,0.003826500260526257
1548,no_feedback,42,7,5,1,0,-1.0,0.0,1,0,1,0,0.0,0.003826500260526257
1549,no_feedback,42,4,3,0,1,1.0,0.0,0,nan,nan,nan,0.0,0.003826500260526257
1550,no_feedback,42,0,4,1,0,-1.0,0.0,1,1,0,0,0.0,0.003826500260526257
1551,no_feedback,42,2,5,1,0,-1.0,0.0,1,0,1,0,0.0,0.003826500260526257
1552,no_feedback,42,7,5,1,0,-1.0,0.0,1,0,1,0,0.0,0.003826500260526257
1553,no_feedback,42,4,3,0,1,1.0,0.0,0,nan,nan,nan,0.0,0.003826500260526257
1554,no_feedback,42,5,2,0,0,-1.0,0.0,1,1,0,0,0.0,0.003826500260526257
1555,no_feedback,42,4,3,0,1,1.0,0.0,0,nan,nan,nan,0.0,0.003826500260526257
1556,no_feedback,42,1,2,0,1,1.0,0.0,0,nan,nan,nan,0.0,0.003826500260526257
1557,no_feedback,42,8,1,0,0,-1.0,0.0,1,2,0,0,0.0,0.003826500260526257
1558,no_feedback,42,6,3,0,0,-1.0,0.0,1,0,1,0,0.0,0.003826500260526257
1559,no_feedback,42,8,3,0,0,-1.0,0.0,1,0,1,0,0.0,0.003826500260526257
1560,no_feedback,42,7,3,0,0,-1.0,0.0,1,0,1,0,0.0,0.003826500260526257
1561,no_feedback,42,2,3,0,1,1.0,0.0,0,nan,nan,nan,0.0,0.003826500260526257
1562,no_feedback,42,2,4,1,0,-1.0,0.0,1,1,0,0,0.0,0.003826500260526257
1563,no_feedback,42,2,5,1,0,-1.0,0.0,1,0,1,0,0.0,0.003826500260526257
1564,no_feedback,42,8,3,0,0,-1.0,0.0,1,0,1,0,0.0,0.003826500260526257
1565,no_feedback,42,5,5,1,1,1.0,0.0,0,nan,nan,nan,0.0,0.003826500260526257
1566,no_feedback,42,4,4,0,1,1.0,0.0,0,nan,nan,nan,0.0,0.003826500260526257
1567,no_feedback,42,8,3,0,0,-1.0,0.0,1,2,0,0,0.0,0.003826500260526257
1568,no_feedback,42,5,5,1,1,1.0,0.0,0,nan,nan,nan,0.0,0.003826500260526257
1569,no_feedback,42,8,6,1,0,-1.0,0.0,1,1,0,0,0.0,0.003826500260526257
1570,no_feedback,42,8,3,0,0,-1.0,0.0,1,0,1,0,0.0,0.003826500260526257
1571,no_feedback,42,0,3,0,0,-1.0,0.0,1,0,1,0,0.0,0.003826500260526257
1572,no_feedback,42,3,3,0,1,1.0,0.0,0,nan,nan,nan,0.0,0.003826500260526257
1573,no_feedback,42,6,2,0,0,-1.0,0.0,1,1,0,0,0.0,0.003826500260526257
1574,no_feedback,42,7,5,1,0,-1.0,0.0,1,0,1,0,0.0,0.003826500260526257
1575,no_feedback,42,1,5,1,0,-1.0,0.0,1,0,1,0,0.0,0.003826500260526257
1576,no_feedback,42,2,5,1,0,-1.0,0.0,1,0,1,0,0.0,0.003826500260526257
1577,no_feedback,42,4,3,0,1,1.0,0.0,0,nan,nan,nan,0.0,0.003826500260526257
1578,no_feedback,42,7,2,0,0,-1.0,0.0,1,1,0,0,0.0,0.003826500260526257
1579,no_feedback,42,1,5,1,0,-1.0,0.0,1,0,1,0,0.0,0.003826500260526257
1580,no_feedback,42,5,3,0,0,-1.0,0.0,1,0,1,0,0.0,0.003826500260526257
1581,no_feedback,42,2,3,0,1,1.0,0.0,0,nan,nan,nan,0.0,0.003826500260526257
1582,no_feedback,42,1,4,1,0,-1.0,0.0,1,1,0,0,0.0,0.003826500260526257
1583,no_feedback,42,4,3,0,1,1.0,0.0,0,nan,nan,nan,0.0,0.003826500260526257
1584,no_feedback,42,3,2,0,1,1.0,0.0,0,nan,nan,nan,0.0,0.003826500260526257
1585,no_feedback,42,5,1,0,0,-1.0,0.0,1,2,0,0,0.0,0.003826500260526257
1586,no_feedback,42,2,3,0,1,1.0,0.0,0,nan,nan,nan,0.0,0.003826500260526257
1587,no_feedback,42,7,4,1,0,-1.0,0.0,1,1,0,0,0.0,0.003826500260526257
1588,no_feedback,42,0,3,0,0,-1.0,0.0,1,0,1,0,0.0,0.003826500260526257
1589,no_feedback,42,7,5,1,0,-1.0,0.0,1,0,1,0,0.0,0.003826500260526257
1590,no_feedback,42,0,3,0,0,-1.0,0.0,1,0,1,0,0.0,0.003826500260526257
1591,no_feedback,42,6,3,0,0,-1.0,0.0,1,0,1,0,0.0,0.003826500260526257
1592,no_feedback,42,3,5,1,0,-1.0,0.0,1,0,1,0,0.0,0.003826500260526257
1593,no_feedback,42,3,3,0,1,1.0,0.0,0,nan,nan,nan,0.0,0.003826500260526257
1594,no_feedback,42,0,4,1,0,-1.0,0.0,1,1,0,0,0.0,0.003826500260526257
1595,no_feedback,42,6,3,0,0,-1.0,0.0,1,0,1,0,0.0,0.003826500260526257
1596,no_feedback,42,1,5,1,0,-1.0,0.0,1,0,1,0,0.0,0.003826500260526257
1597,no_feedback,42,5,5,1,1,1.0,0.0,0,nan,nan,nan,0.0,0.003826500260526257
1598,no_feedback,42,6,6,1,1,1.0,0.0,0,nan,nan,nan,0.0,0.003826500260526257
1599,no_feedback,42,7,5,0,0,-1.0,0.0,1,2,0,0,0.0,0.003826500260526257
1600,no_feedback,42,6,3,0,0,-1.0,0.0,1,0,1,0,0.0,0.003826500260526257
1601,no_feedback,42,2,5,1,0,-1.0,0.0,1,0,1,0,0.0,0.003826500260526257
1602,no_feedback,42,6,3,0,0,-1.0,0.0,1,0,1,0,0.0,0.003826500260526257
1603,no_feedback,42,7,5,1,0,-1.0,0.0,1,0,1,0,0.0,0.003826500260526257
1604,no_feedback,42,2,3,0,1,1.0,0.0,0,nan,nan,nan,0.0,0.003826500260526257
1605,no_feedback,42,1,2,0,1,1.0,0.0,0,nan,nan,nan,0.0,0.003826500260526257
1606,no_feedback,42,8,1,0,0,-1.0,0.0,1,2,0,0,0.0,0.003826500260526257
1607,no_feedback,42,1,5,1,0,-1.0,0.0,1,0,1,0,0.0,0.003826500260526257
1608,no_feedback,42,5,3,0,0,-1.0,0.0,1,0,1,0,0.0,0.003826500260526257
1609,no_feedback,42,2,5,1,0,-1.0,0.0,1,0,1,0,0.0,0.003826500260526257
1610,no_feedback,42,1,5,1,0,-1.0,0.0,1,0,1,0,0.0,0.003826500260526257
1611,no_feedback,42,6,3,0,0,-1.0,0.0,1,0,1,0,0.0,0.003826500260526257
1612,no_feedback,42,1,5,1,0,-1.0,0.0,1,0,1,0,0.0,0.003826500260526257
1613,no_feedback,42,6,3,0,0,-1.0,0.0,1,0,1,0,0.0,0.003826500260526257
1614,no_feedback,42,6,3,0,0,-1.0,0.0,1,0,1,0,0.0,0.003826500260526257
1615,no_feedback,42,0,3,0,0,-1.0,0.0,1,0,1,0,0.0,0.003826500260526257
1616,no_feedback,42,1,5,1,0,-1.0,0.0,1,0,1,0,0.0,0.003826500260526257
1617,no_feedback,42,7,5,1,0,-1.0,0.0,1,0,1,0,0.0,0.003826500260526257
1618,no_feedback,42,4,3,0,1,1.0,0.0,0,nan,nan,nan,0.0,0.003826500260526257
1619,no_feedback,42,1,2,0,1,1.0,0.0,0,nan,nan,nan,0.0,0.003826500260526257
1620,no_feedback,42,8,1,0,0,-1.0,0.0,1,2,0,0,0.0,0.003826500260526257
1621,no_feedback,42,2,5,1,0,-1.0,0.0,1,0,1,0,0.0,0.003826500260526257
1622,no_feedback,42,0,3,0,0,-1.0,0.0,1,0,1,0,0.0,0.003826500260526257
1623,no_feedback,42,8,5,1,0,-1.0,0.0,1,0,1,0,0.0,0.003826500260526257
1624,no_feedback,42,0,3,0,0,-1.0,0.0,1,0,1,0,0.0,0.003826500260526257
1625,no_feedback,42,4,3,0,1,1.0,0.0,0,nan,nan,nan,0.0,0.003826500260526257
1626,no_feedback,42,8,2,0,0,-1.0,0.0,1,1,0,0,0.0,0.003826500260526257
1627,no_feedback,42,5,5,1,1,1.0,0.0,0,nan,nan,nan,0.0,0.003826500260526257
1628,no_feedback,42,5,4,0,1,1.0,0.0,0,nan,nan,nan,0.0,0.003826500260526257
1629,no_feedback,42,3,3,0,1,1.0,0.0,0,nan,nan,nan,0.0,0.003826500260526257
1630,no_feedback,42,1,2,0,1,1.0,0.0,0,nan,nan,nan,0.0,0.003826500260526257
1631,no_feedback,42,5,1,0,0,-1.0,0.0,1,4,0,1,0.0,0.003826500260526257
1632,no_feedback,42,8,5,1,0,-1.0,0.0,1,0,1,0,0.0,0.003826500260526257
1633,no_feedback,42,0,3,0,0,-1.0,0.0,1,0,1,0,0.0,0.003826500260526257
1634,no_feedback,42,7,5,1,0,-1.0,0.0,1,0,1,0,0.0,0.003826500260526257
1635,no_feedback,42,3,3,0,1,1.0,0.0,0,nan,nan,nan,0.0,0.003826500260526257
1636,no_feedback,42,4,2,0,0,-1.0,0.0,1,1,0,0,0.0,0.003826500260526257
1637,no_feedback,42,1,5,1,0,-1.0,0.0,1,0,1,0,0.0,0.003826500260526257
1638,no_feedback,42,5,3,0,0,-1.0,0.0,1,0,1,0,0.0,0.003826500260526257
1639,no_feedback,42,1,5,1,0,-1.0,0.0,1,0,1,0,0.0,0.003826500260526257
1640,no_feedback,42,2,3,0,1,1.0,0.0,0,nan,nan,nan,0.0,0.003826500260526257
1641,no_feedback,42,6,4,1,0,-1.0,0.0,1,1,0,0,0.0,0.003826500260526257
1642,no_feedback,42,0,3,0,0,-1.0,0.0,1,0,1,0,0.0,0.003826500260526257
1643,no_feedback,42,4,3,0,1,1.0,0.0,0,nan,nan,nan,0.0,0.003826500260526257
1644,no_feedback,42,5,2,0,0,-1.0,0.0,1,1,0,0,0.0,0.003826500260526257
1645,no_feedback,42,1,5,1,0,-1.0,0.0,1,0,1,0,0.0,0.003826500260526257
1646,no_feedback,42,2,3,0,1,1.0,0.0,0,nan,nan,nan,0.0,0.003826500260526257
1647,no_feedback,42,3,2,0,1,1.0,0.0,0,nan,nan,nan,0.0,0.003826500260526257
1648,no_feedback,42,5,3,1,0,-1.0,0.0,1,2,0,0,0.0,0.003826500260526257
1649,no_feedback,42,8,5,1,0,-1.0,0.0,1,0,1,0,0.0,0.003826500260526257
1650,no_feedback,42,7,3,0,0,-1.0,0.0,1,0,1,0,0.0,0.003826500260526257
1651,no_feedback,42,1,5,1,0,-1.0,0.0,1,0,1,0,0.0,0.003826500260526257
1652,no_feedback,42,0,3,0,0,-1.0,0.0,1,0,1,0,0.0,0.003826500260526257
1653,no_feedback,42,0,3,0,0,-1.0,0.0,1,0,1,0,0.0,0.003826500260526257
1654,no_feedback,42,5,3,0,0,-1.0,0.0,1,0,1,0,0.0,0.003826500260526257
1655,no_feedback,42,1,5,1,0,-1.0,0.0,1,0,1,0,0.0,0.003826500260526257
1656,no_feedback,42,2,5,1,0,-1.0,0.0,1,0,1,0,0.0,0.003826500260526257
1657,no_feedback,42,7,3,0,0,-1.0,0.0,1,0,1,0,0.0,0.003826500260526257
1658,no_feedback,42,7,5,1,0,-1.0,0.0,1,0,1,0,0.0,0.003826500260526257
1659,no_feedback,42,7,3,0,0,-1.0,0.0,1,0,1,0,0.0,0.003826500260526257
1660,no_feedback,42,2,3,0,1,1.0,0.0,0,nan,nan,nan,0.0,0.003826500260526257
1661,no_feedback,42,5,2,0,0,-1.0,0.0,1,1,0,0,0.0,0.003826500260526257
1662,no_feedback,42,5,3,0,0,-1.0,0.0,1,0,1,0,0.0,0.003826500260526257
1663,no_feedback,42,1,5,1,0,-1.0,0.0,1,0,1,0,0.0,0.003826500260526257
1664,no_feedback,42,4,3,0,1,1.0,0.0,0,nan,nan,nan,0.0,0.003826500260526257
1665,no_feedback,42,4,4,1,1,1.0,0.0,0,nan,nan,nan,0.0,0.003826500260526257
1666,no_feedback,42,3,5,1,0,-1.0,0.0,1,2,0,0,0.0,0.003826500260526257
1667,no_feedback,42,6,3,0,0,-1.0,0.0,1,0,1,0,0.0,0.003826500260526257
1668,no_feedback,42,6,3,0,0,-1.0,0.0,1,0,1,0,0.0,0.003826500260526257
1669,no_feedback,42,4,3,0,1,1.0,0.0,0,nan,nan,nan,0.0,0.003826500260526257
1670,no_feedback,42,6,2,0,0,-1.0,0.0,1,1,0,0,0.0,0.003826500260526257
1671,no_feedback,42,6,3,0,0,-1.0,0.0,1,0,1,0,0.0,0.003826500260526257
1672,no_feedback,42,5,5,1,1,1.0,0.0,0,nan,nan,nan,0.0,0.003826500260526257
1673,no_feedback,42,2,6,1,0,-1.0,0.0,1,1,0,0,0.0,0.003826500260526257
1674,no_feedback,42,6,3,0,0,-1.0,0.0,1,0,1,0,0.0,0.003826500260526257
1675,no_feedback,42,6,3,0,0,-1.0,0.0,1,0,1,0,0.0,0.003826500260526257
1676,no_feedback,42,8,5,1,0,-1.0,0.0,1,0,1,0,0.0,0.003826500260526257
1677,no_feedback,42,1,3,0,0,-1.0,0.0,1,0,1,0,0.0,0.003826500260526257
1678,no_feedback,42,3,5,1,0,-1.0,0.0,1,0,1,0,0.0,0.003826500260526257
1679,no_feedback,42,8,3,0,0,-1.0,0.0,1,0,1,0,0.0,0.003826500260526257
1680,no_feedback,42,4,3,0,1,1.0,0.0,0,nan,nan,nan,0.0,0.003826500260526257
1681,no_feedback,42,8,2,0,0,-1.0,0.0,1,1,0,0,0.0,0.003826500260526257
1682,no_feedback,42,0,3,0,0,-1.0,0.0,1,0,1,0,0.0,0.003826500260526257
1683,no_feedback,42,0,3,0,0,-1.0,0.0,1,0,1,0,0.0,0.003826500260526257
1684,no_feedback,42,7,5,1,0,-1.0,0.0,1,0,1,0,0.0,0.003826500260526257
1685,no_feedback,42,3,5,1,0,-1.0,0.0,1,0,1,0,0.0,0.003826500260526257
1686,no_feedback,42,4,3,0,1,1.0,0.0,0,nan,nan,nan,0.0,0.003826500260526257
1687,no_feedback,42,3,2,0,1,1.0,0.0,0,nan,nan,nan,0.0,0.003826500260526257
1688,no_feedback,42,3,3,1,1,1.0,0.0,0,nan,nan,nan,0.0,0.003826500260526257
1689,no_feedback,42,8,2,0,0,-1.0,0.0,1,3,0,1,0.0,0.003826500260526257
1690,no_feedback,42,0,3,0,0,-1.0,0.0,1,0,1,0,0.0,0.003826500260526257
1691,no_feedback,42,6,3,0,0,-1.0,0.0,1,0,1,0,0.0,0.003826500260526257
1692,no_feedback,42,8,5,1,0,-1.0,0.0,1,0,1,0,0.0,0.003826500260526257
1693,no_feedback,42,5,5,1,1,1.0,0.0,0,nan,nan,nan,0.0,0.003826500260526257
1694,no_feedback,42,3,4,0,1,1.0,0.0,0,nan,nan,nan,0.0,0.003826500260526257
1695,no_feedback,42,1,5,1,0,-1.0,0.0,1,2,0,0,0.0,0.003826500260526257
1696,no_feedback,42,6,3,0,0,-1.0,0.0,1,0,1,0,0.0,0.003826500260526257
1697,no_feedback,42,4,3,0,1,1.0,0.0,0,nan,nan,nan,0.0,0.003826500260526257
1698,no_feedback,42,1,2,0,1,1.0,0.0,0,nan,nan,nan,0.0,0.003826500260526257
1699,no_feedback,42,3,1,0,0,-1.0,0.0,1,2,0,0,0.0,0.003826500260526257
1700,no_feedback,42,8,5,1,0,-1.0,0.0,1,0,1,0,0.0,0.003826500260526257
1701,no_feedback,42,2,5,1,0,-1.0,0.0,1,0,1,0,0.0,0.003826500260526257
1702,no_feedback,42,1,5,1,0,-1.0,0.0,1,0,1,0,0.0,0.003826500260526257
1703,no_feedback,42,6,3,0,0,-1.0,0.0,1,0,1,0,0.0,0.003826500260526257
1704,no_feedback,42,1,5,1,0,-1.0,0.0,1,0,1,0,0.0,0.003826500260526257
1705,no_feedback,42,8,3,0,0,-1.0,0.0,1,0,1,0,0.0,0.003826500260526257
1706,no_feedback,42,7,3,0,0,-1.0,0.0,1,0,1,0,0.0,0.003826500260526257
1707,no_feedback,42,8,3,0,0,-1.0,0.0,1,0,1,0,0.0,0.003826500260526257
1708,no_feedback,42,8,3,0,0,-1.0,0.0,1,0,1,0,0.0,0.003826500260526257
1709,no_feedback,42,2,3,0,1,1.0,0.0,0,nan,nan,nan,0.0,0.003826500260526257
1710,no_feedback,42,1,2,0,1,1.0,0.0,0,nan,nan,nan,0.0,0.003826500260526257
1711,no_feedback,42,3,3,1,1,1.0,0.0,0,nan,nan,nan,0.0,0.003826500260526257
1712,no_feedback,42,4,2,0,0,-1.0,0.0,1,3,0,1,0.0,0.003826500260526257
1713,no_feedback,42,7,3,0,0,-1.0,0.0,1,0,1,0,0.0,0.003826500260526257
1714,no_feedback,42,6,3,0,0,-1.0,0.0,1,0,1,0,0.0,0.003826500260526257
1715,no_feedback,42,5,3,0,0,-1.0,0.0,1,0,1,0,0.0,0.003826500260526257
1716,no_feedback,42,7,3,0,0,-1.0,0.0,1,0,1,0,0.0,0.003826500260526257
1717,no_feedback,42,5,3,0,0,-1.0,0.0,1,0,1,0,0.0,0.003826500260526257
1718,no_feedback,42,3,3,0,1,1.0,0.0,0,nan,nan,nan,0.0,0.003826500260526257
1719,no_feedback,42,3,2,0,1,1.0,0.0,0,nan,nan,nan,0.0,0.003826500260526257
1720,no_feedback,42,4,1,0,0,-1.0,0.0,1,2,0,0,0.0,0.003826500260526257
1721,no_feedback,42,0,3,0,0,-1.0,0.0,1,0,1,0,0.0,0.003826500260526257
1722,no_feedback,42,6,3,0,0,-1.0,0.0,1,0,1,0,0.0,0.003826500260526257
1723,no_feedback,42,5,3,0,0,-1.0,0.0,1,0,1,0,0.0,0.003826500260526257
1724,no_feedback,42,6,3,0,0,-1.0,0.0,1,0,1,0,0.0,0.003826500260526257
1725,no_feedback,42,4,3,0,1,1.0,0.0,0,nan,nan,nan,0.0,0.003826500260526257
1726,no_feedback,42,7,4,1,0,-1.0,0.0,1,1,0,0,0.0,0.003826500260526257
1727,no_feedback,42,8,5,1,0,-1.0,0.0,1,0,1,0,0.0,0.003826500260526257
1728,no_feedback,42,5,3,0,0,-1.0,0.0,1,0,1,0,0.0,0.003826500260526257
1729,no_feedback,42,3,5,1,0,-1.0,0.0,1,0,1,0,0.0,0.003826500260526257
1730,no_feedback,42,0,3,0,0,-1.0,0.0,1,0,1,0,0.0,0.003826500260526257
1731,no_feedback,42,7,3,0,0,-1.0,0.0,1,0,1,0,0.0,0.003826500260526257
1732,no_feedback,42,8,3,0,0,-1.0,0.0,1,0,1,0,0.0,0.003826500260526257
1733,no_feedback,42,6,3,0,0,-1.0,0.0,1,0,1,0,0.0,0.003826500260526257
1734,no_feedback,42,7,5,1,0,-1.0,0.0,1,0,1,0,0.0,0.003826500260526257
1735,no_feedback,42,7,5,1,0,-1.0,0.0,1,0,1,0,0.0,0.003826500260526257
1736,no_feedback,42,7,5,1,0,-1.0,0.0,1,0,1,0,0.0,0.003826500260526257
1737,no_feedback,42,4,3,0,1,1.0,0.0,0,nan,nan,nan,0.0,0.003826500260526257
1738,no_feedback,42,0,4,1,0,-1.0,0.0,1,1,0,0,0.0,0.003826500260526257
1739,no_feedback,42,0,3,0,0,-1.0,0.0,1,0,1,0,0.0,0.003826500260526257
1740,no_feedback,42,1,5,1,0,-1.0,0.0,1,0,1,0,0.0,0.003826500260526257
1741,no_feedback,42,3,3,0,1,1.0,0.0,0,nan,nan,nan,0.0,0.003826500260526257
1742,no_feedback,42,6,4,1,0,-1.0,0.0,1,1,0,0,0.0,0.003826500260526257
1743,no_feedback,42,4,3,0,1,1.0,0.0,0,nan,nan,nan,0.0,0.003826500260526257
1744,no_feedback,42,0,4,1,0,-1.0,0.0,1,1,0,0,0.0,0.003826500260526257
1745,no_feedback,42,1,5,1,0,-1.0,0.0,1,0,1,0,0.0,0.003826500260526257
1746,no_feedback,42,8,5,1,0,-1.0,0.0,1,0,1,0,0.0,0.003826500260526257
1747,no_feedback,42,8,5,1,0,-1.0,0.0,1,0,1,0,0.0,0.003826500260526257
1748,no_feedback,42,3,5,1,0,-1.0,0.0,1,0,1,0,0.0,0.003826500260526257
1749,no_feedback,42,7,3,0,0,-1.0,0.0,1,0,1,0,0.0,0.003826500260526257
1750,no_feedback,42,6,3,0,0,-1.0,0.0,1,0,1,0,0.0,0.003826500260526257
1751,no_feedback,42,8,5,1,0,-1.0,0.0,1,0,1,0,0.0,0.003826500260526257
1752,no_feedback,42,7,5,1,0,-1.0,0.0,1,0,1,0,0.0,0.003826500260526257
1753,no_feedback,42,5,5,1,1,1.0,0.0,0,nan,nan,nan,0.0,0.003826500260526257
1754,no_feedback,42,3,4,0,1,1.0,0.0,0,nan,nan,nan,0.0,0.003826500260526257
1755,no_feedback,42,5,5,1,1,1.0,0.0,0,nan,nan,nan,0.0,0.003826500260526257
1756,no_feedback,42,2,6,1,0,-1.0,0.0,1,3,0,1,0.0,0.003826500260526257
1757,no_feedback,42,3,3,0,1,1.0,0.0,0,nan,nan,nan,0.0,0.003826500260526257
1758,no_feedback,42,5,4,1,1,1.0,0.0,0,nan,nan,nan,0.0,0.003826500260526257
1759,no_feedback,42,5,5,1,1,1.0,0.0,0,nan,nan,nan,0.0,0.003826500260526257
1760,no_feedback,42,5,4,0,1,1.0,0.0,0,nan,nan,nan,0.0,0.003826500260526257
1761,no_feedback,42,3,3,0,1,1.0,0.0,0,nan,nan,nan,0.0,0.003826500260526257
1762,no_feedback,42,3,2,0,1,1.0,0.0,0,nan,nan,nan,0.0,0.003826500260526257
1763,no_feedback,42,0,1,0,1,1.0,0.0,0,nan,nan,nan,0.0,0.003826500260526257
1764,no_feedback,42,5,0,0,0,-1.0,0.0,1,7,0,1,0.0,0.003826500260526257
1765,no_feedback,42,5,5,1,1,1.0,0.0,0,nan,nan,nan,0.0,0.003826500260526257
1766,no_feedback,42,8,4,0,0,-1.0,0.0,1,1,0,0,0.0,0.003826500260526257
1767,no_feedback,42,4,3,0,1,1.0,0.0,0,nan,nan,nan,0.0,0.003826500260526257
1768,no_feedback,42,4,2,0,0,-1.0,0.0,1,1,0,0,0.0,0.003826500260526257
1769,no_feedback,42,0,3,0,0,-1.0,0.0,1,0,1,0,0.0,0.003826500260526257
1770,no_feedback,42,1,5,1,0,-1.0,0.0,1,0,1,0,0.0,0.003826500260526257
1771,no_feedback,42,3,3,0,1,1.0,0.0,0,nan,nan,nan,0.0,0.003826500260526257
1772,no_feedback,42,3,2,0,1,1.0,0.0,0,nan,nan,nan,0.0,0.003826500260526257
1773,no_feedback,42,3,1,0,0,-1.0,0.0,1,2,0,0,0.0,0.003826500260526257
1774,no_feedback,42,3,5,1,0,-1.0,0.0,1,0,1,0,0.0,0.003826500260526257
1775,no_feedback,42,6,3,0,0,-1.0,0.0,1,0,1,0,0.0,0.003826500260526257
1776,no_feedback,42,1,5,1,0,-1.0,0.0,1,0,1,0,0.0,0.003826500260526257
1777,no_feedback,42,2,3,0,1,1.0,0.0,0,nan,nan,nan,0.0,0.003826500260526257
1778,no_feedback,42,1,2,0,1,1.0,0.0,0,nan,nan,nan,0.0,0.003826500260526257
1779,no_feedback,42,2,1,0,1,1.0,0.0,0,nan,nan,nan,0.0,0.003826500260526257
1780,no_feedback,42,6,0,0,0,-1.0,0.0,1,3,0,1,0.0,0.003826500260526257
1781,no_feedback,42,0,3,0,0,-1.0,0.0,1,0,1,0,0.0,0.003826500260526257
1782,no_feedback,42,3,5,1,0,-1.0,0.0,1,0,1,0,0.0,0.003826500260526257
1783,no_feedback,42,0,3,0,0,-1.0,0.0,1,0,1,0,0.0,0.003826500260526257
1784,no_feedback,42,8,3,0,0,-1.0,0.0,1,0,1,0,0.0,0.003826500260526257
1785,no_feedback,42,6,3,0,0,-1.0,0.0,1,0,1,0,0.0,0.003826500260526257
1786,no_feedback,42,2,5,1,0,-1.0,0.0,1,0,1,0,0.0,0.003826500260526257
1787,no_feedback,42,1,5,1,0,-1.0,0.0,1,0,1,0,0.0,0.003826500260526257
1788,no_feedback,42,0,3,0,0,-1.0,0.0,1,0,1,0,0.0,0.003826500260526257
1789,no_feedback,42,4,3,0,1,1.0,0.0,0,nan,nan,nan,0.0,0.003826500260526257
1790,no_feedback,42,6,4,1,0,-1.0,0.0,1,1,0,0,0.0,0.003826500260526257
1791,no_feedback,42,5,5,1,1,1.0,0.0,0,nan,nan,nan,0.0,0.003826500260526257
1792,no_feedback,42,7,4,0,0,-1.0,0.0,1,1,0,0,0.0,0.003826500260526257
1793,no_feedback,42,3,3,0,1,1.0,0.0,0,nan,nan,nan,0.0,0.003826500260526257
1794,no_feedback,42,2,2,0,1,1.0,0.0,0,nan,nan,nan,0.0,0.003826500260526257
1795,no_feedback,42,4,1,0,0,-1.0,0.0,1,2,0,0,0.0,0.003826500260526257
1796,no_feedback,42,1,5,1,0,-1.0,0.0,1,0,1,0,0.0,0.003826500260526257
1797,no_feedback,42,8,3,0,0,-1.0,0.0,1,0,1,0,0.0,0.003826500260526257
1798,no_feedback,42,1,5,1,0,-1.0,0.0,1,0,1,0,0.0,0.003826500260526257
1799,no_feedback,42,4,3,0,1,1.0,0.0,0,nan,nan,nan,0.0,0.003826500260526257
1800,no_feedback,42,4,4,1,1,1.0,0.0,0,nan,nan,nan,0.0,0.003826500260526257
1801,no_feedback,42,0,3,0,0,-1.0,0.0,1,2,0,0,0.0,0.003826500260526257
1802,no_feedback,42,4,3,0,1,1.0,0.0,0,nan,nan,nan,0.0,0.003826500260526257
1803,no_feedback,42,4,4,1,1,1.0,0.0,0,nan,nan,nan,0.0,0.003826500260526257
1804,no_feedback,42,2,3,0,1,1.0,0.0,0,nan,nan,nan,0.0,0.003826500260526257
1805,no_feedback,42,1,2,0,1,1.0,0.0,0,nan,nan,nan,0.0,0.003826500260526257
1806,no_feedback,42,0,1,0,1,1.0,0.0,0,nan,nan,nan,0.0,0.003826500260526257
1807,no_feedback,42,0,0,0,1,1.0,0.0,0,nan,nan,nan,0.0,0.003826500260526257
1808,no_feedback,42,4,1,1,0,-1.0,0.0,1,6,0,1,0.0,0.003826500260526257
1809,no_feedback,42,0,3,0,0,-1.0,0.0,1,0,1,0,0.0,0.003826500260526257
1810,no_feedback,42,8,3,0,0,-1.0,0.0,1,0,1,0,0.0,0.003826500260526257
1811,no_feedback,42,2,3,0,1,1.0,0.0,0,nan,nan,nan,0.0,0.003826500260526257
1812,no_feedback,42,5,2,0,0,-1.0,0.0,1,1,0,0,0.0,0.003826500260526257
1813,no_feedback,42,6,3,0,0,-1.0,0.0,1,0,1,0,0.0,0.003826500260526257
1814,no_feedback,42,4,3,0,1,1.0,0.0,0,nan,nan,nan,0.0,0.003826500260526257
1815,no_feedback,42,7,2,0,0,-1.0,0.0,1,1,0,0,0.0,0.003826500260526257
1816,no_feedback,42,0,3,0,0,-1.0,0.0,1,0,1,0,0.0,0.003826500260526257
1817,no_feedback,42,2,5,1,0,-1.0,0.0,1,0,1,0,0.0,0.003826500260526257
1818,no_feedback,42,2,5,1,0,-1.0,0.0,1,0,1,0,0.0,0.003826500260526257
1819,no_feedback,42,1,5,1,0,-1.0,0.0,1,0,1,0,0.0,0.003826500260526257
1820,no_feedback,42,2,5,1,0,-1.0,0.0,1,0,1,0,0.0,0.003826500260526257
1821,no_feedback,42,2,5,1,0,-1.0,0.0,1,0,1,0,0.0,0.003826500260526257
1822,no_feedback,42,6,3,0,0,-1.0,0.0,1,0,1,0,0.0,0.003826500260526257
1823,no_feedback,42,2,5,1,0,-1.0,0.0,1,0,1,0,0.0,0.003826500260526257
1824,no_feedback,42,7,5,1,0,-1.0,0.0,1,0,1,0,0.0,0.003826500260526257
1825,no_feedback,42,6,3,0,0,-1.0,0.0,1,0,1,0,0.0,0.003826500260526257
1826,no_feedback,42,8,5,1,0,-1.0,0.0,1,0,1,0,0.0,0.003826500260526257
1827,no_feedback,42,0,3,0,0,-1.0,0.0,1,0,1,0,0.0,0.003826500260526257
1828,no_feedback,42,8,3,0,0,-1.0,0.0,1,0,1,0,0.0,0.003826500260526257
1829,no_feedback,42,5,3,0,0,-1.0,0.0,1,0,1,0,0.0,0.003826500260526257
1830,no_feedback,42,8,5,1,0,-1.0,0.0,1,0,1,0,0.0,0.003826500260526257
1831,no_feedback,42,3,5,1,0,-1.0,0.0,1,0,1,0,0.0,0.003826500260526257
1832,no_feedback,42,8,3,0,0,-1.0,0.0,1,0,1,0,0.0,0.003826500260526257
1833,no_feedback,42,5,3,0,0,-1.0,0.0,1,0,1,0,0.0,0.003826500260526257
1834,no_feedback,42,0,3,0,0,-1.0,0.0,1,0,1,0,0.0,0.003826500260526257
1835,no_feedback,42,3,3,0,1,1.0,0.0,0,nan,nan,nan,0.0,0.003826500260526257
1836,no_feedback,42,1,2,0,1,1.0,0.0,0,nan,nan,nan,0.0,0.003826500260526257
1837,no_feedback,42,8,1,0,0,-1.0,0.0,1,2,0,0,0.0,0.003826500260526257
1838,no_feedback,42,2,5,1,0,-1.0,0.0,1,0,1,0,0.0,0.003826500260526257
1839,no_feedback,42,2,3,0,1,1.0,0.0,0,nan,nan,nan,0.0,0.003826500260526257
1840,no_feedback,42,4,4,1,1,1.0,0.0,0,nan,nan,nan,0.0,0.003826500260526257
1841,no_feedback,42,3,3,0,1,1.0,0.0,0,nan,nan,nan,0.0,0.003826500260526257
1842,no_feedback,42,0,4,1,0,-1.0,0.0,1,3,0,1,0.0,0.003826500260526257
1843,no_feedback,42,7,5,1,0,-1.0,0.0,1,0,1,0,0.0,0.003826500260526257
1844,no_feedback,42,7,3,0,0,-1.0,0.0,1,0,1,0,0.0,0.003826500260526257
1845,no_feedback,42,6,3,0,0,-1.0,0.0,1,0,1,0,0.0,0.003826500260526257
1846,no_feedback,42,5,3,0,0,-1.0,0.0,1,0,1,0,0.0,0.003826500260526257
1847,no_feedback,42,3,3,0,1,1.0,0.0,0,nan,nan,nan,0.0,0.003826500260526257
1848,no_feedback,42,4,4,1,1,1.0,0.0,0,nan,nan,nan,0.0,0.003826500260526257
1849,no_feedback,42,4,3,0,1,1.0,0.0,0,nan,nan,nan,0.0,0.003826500260526257
1850,no_feedback,42,1,4,1,0,-1.0,0.0,1,3,0,1,0.0,0.003826500260526257
1851,no_feedback,42,0,3,0,0,-1.0,0.0,1,0,1,0,0.0,0.003826500260526257
1852,no_feedback,42,2,5,1,0,-1.0,0.0,1,0,1,0,0.0,0.003826500260526257
1853,no_feedback,42,4,3,0,1,1.0,0.0,0,nan,nan,nan,0.0,0.003826500260526257
1854,no_feedback,42,1,4,1,0,-1.0,0.0,1,1,0,0,0.0,0.003826500260526257
1855,no_feedback,42,0,3,0,0,-1.0,0.0,1,0,1,0,0.0,0.003826500260526257
1856,no_feedback,42,7,5,1,0,-1.0,0.0,1,0,1,0,0.0,0.003826500260526257
1857,no_feedback,42,3,5,1,0,-1.0,0.0,1,0,1,0,0.0,0.003826500260526257
1858,no_feedback,42,5,5,1,1,1.0,0.0,0,nan,nan,nan,0.0,0.003826500260526257
1859,no_feedback,42,4,6,1,0,-1.0,0.0,1,1,0,0,0.0,0.003826500260526257
1860,no_feedback,42,6,3,0,0,-1.0,0.0,1,0,1,0,0.0,0.003826500260526257
1861,no_feedback,42,6,3,0,0,-1.0,0.0,1,0,1,0,0.0,0.003826500260526257
1862,no_feedback,42,2,3,0,1,1.0,0.0,0,nan,nan,nan,0.0,0.003826500260526257
1863,no_feedback,42,7,2,0,0,-1.0,0.0,1,1,0,0,0.0,0.003826500260526257
1864,no_feedback,42,3,3,0,1,1.0,0.0,0,nan,nan,nan,0.0,0.003826500260526257
1865,no_feedback,42,7,2,0,0,-1.0,0.0,1,1,0,0,0.0,0.003826500260526257
1866,no_feedback,42,3,3,0,1,1.0,0.0,0,nan,nan,nan,0.0,0.003826500260526257
1867,no_feedback,42,0,4,1,0,-1.0,0.0,1,1,0,0,0.0,0.003826500260526257
1868,no_feedback,42,6,3,0,0,-1.0,0.0,1,0,1,0,0.0,0.003826500260526257
1869,no_feedback,42,0,3,0,0,-1.0,0.0,1,0,1,0,0.0,0.003826500260526257
1870,no_feedback,42,6,3,0,0,-1.0,0.0,1,0,1,0,0.0,0.003826500260526257
1871,no_feedback,42,0,3,0,0,-1.0,0.0,1,0,1,0,0.0,0.003826500260526257
1872,no_feedback,42,1,5,1,0,-1.0,0.0,1,0,1,0,0.0,0.003826500260526257
1873,no_feedback,42,5,3,0,0,-1.0,0.0,1,0,1,0,0.0,0.003826500260526257
1874,no_feedback,42,8,3,0,0,-1.0,0.0,1,0,1,0,0.0,0.003826500260526257
1875,no_feedback,42,3,3,0,1,1.0,0.0,0,nan,nan,nan,0.0,0.003826500260526257
1876,no_feedback,42,1,2,0,1,1.0,0.0,0,nan,nan,nan,0.0,0.003826500260526257
1877,no_feedback,42,2,1,0,1,1.0,0.0,0,nan,nan,nan,0.0,0.003826500260526257
1878,no_feedback,42,8,0,0,0,-1.0,0.0,1,3,0,1,0.0,0.003826500260526257
1879,no_feedback,42,6,3,0,0,-1.0,0.0,1,0,1,0,0.0,0.003826500260526257
1880,no_feedback,42,0,3,0,0,-1.0,0.0,1,0,1,0,0.0,0.003826500260526257
1881,no_feedback,42,3,5,1,0,-1.0,0.0,1,0,1,0,0.0,0.003826500260526257
1882,no_feedback,42,2,5,1,0,-1.0,0.0,1,0,1,0,0.0,0.003826500260526257
1883,no_feedback,42,1,5,1,0,-1.0,0.0,1,0,1,0,0.0,0.003826500260526257
1884,no_feedback,42,7,3,0,0,-1.0,0.0,1,0,1,0,0.0,0.003826500260526257
1885,no_feedback,42,5,5,1,1,1.0,0.0,0,nan,nan,nan,0.0,0.003826500260526257
1886,no_feedback,42,1,4,0,0,-1.0,0.0,1,1,0,0,0.0,0.003826500260526257
1887,no_feedback,42,5,5,1,1,1.0,0.0,0,nan,nan,nan,0.0,0.003826500260526257
1888,no_feedback,42,3,4,0,1,1.0,0.0,0,nan,nan,nan,0.0,0.003826500260526257
1889,no_feedback,42,0,3,0,0,-1.0,0.0,1,2,0,0,0.0,0.003826500260526257
1890,no_feedback,42,4,3,0,1,1.0,0.0,0,nan,nan,nan,0.0,0.003826500260526257
1891,no_feedback,42,1,2,0,1,1.0,0.0,0,nan,nan,nan,0.0,0.003826500260526257
1892,no_feedback,42,2,1,0,1,1.0,0.0,0,nan,nan,nan,0.0,0.003826500260526257
1893,no_feedback,42,7,0,0,0,-1.0,0.0,1,3,0,1,0.0,0.003826500260526257
1894,no_feedback,42,6,3,0,0,-1.0,0.0,1,0,1,0,0.0,0.003826500260526257
1895,no_feedback,42,1,5,1,0,-1.0,0.0,1,0,1,0,0.0,0.003826500260526257
1896,no_feedback,42,7,5,1,0,-1.0,0.0,1,0,1,0,0.0,0.003826500260526257
1897,no_feedback,42,5,5,1,1,1.0,0.0,0,nan,nan,nan,0.0,0.003826500260526257
1898,no_feedback,42,7,4,0,0,-1.0,0.0,1,1,0,0,0.0,0.003826500260526257
1899,no_feedback,42,6,3,0,0,-1.0,0.0,1,0,1,0,0.0,0.003826500260526257
1900,no_feedback,42,3,5,1,0,-1.0,0.0,1,0,1,0,0.0,0.003826500260526257
1901,no_feedback,42,4,3,0,1,1.0,0.0,0,nan,nan,nan,0.0,0.003826500260526257
1902,no_feedback,42,4,4,1,1,1.0,0.0,0,nan,nan,nan,0.0,0.003826500260526257
1903,no_feedback,42,6,3,0,0,-1.0,0.0,1,2,0,0,0.0,0.003826500260526257
1904,no_feedback,42,2,5,1,0,-1.0,0.0,1,0,1,0,0.0,0.003826500260526257
1905,no_feedback,42,2,3,0,1,1.0,0.0,0,nan,nan,nan,0.0,0.003826500260526257
1906,no_feedback,42,2,2,0,1,1.0,0.0,0,nan,nan,nan,0.0,0.003826500260526257
1907,no_feedback,42,2,1,0,1,1.0,0.0,0,nan,nan,nan,0.0,0.003826500260526257
1908,no_feedback,42,1,0,0,1,1.0,0.0,0,nan,nan,nan,0.0,0.003826500260526257
1909,no_feedback,42,0,1,1,1,1.0,0.0,0,nan,nan,nan,0.0,0.003826500260526257
1910,no_feedback,42,8,0,0,0,-1.0,0.0,1,5,0,1,0.0,0.003826500260526257
1911,no_feedback,42,0,3,0,0,-1.0,0.0,1,0,1,0,0.0,0.003826500260526257
1912,no_feedback,42,7,5,1,0,-1.0,0.0,1,0,1,0,0.0,0.003826500260526257
1913,no_feedback,42,0,3,0,0,-1.0,0.0,1,0,1,0,0.0,0.003826500260526257
1914,no_feedback,42,6,3,0,0,-1.0,0.0,1,0,1,0,0.0,0.003826500260526257
1915,no_feedback,42,2,3,0,1,1.0,0.0,0,nan,nan,nan,0.0,0.003826500260526257
1916,no_feedback,42,4,2,0,0,-1.0,0.0,1,1,0,0,0.0,0.003826500260526257
1917,no_feedback,42,2,3,0,1,1.0,0.0,0,nan,nan,nan,0.0,0.003826500260526257
1918,no_feedback,42,4,4,1,1,1.0,0.0,0,nan,nan,nan,0.0,0.003826500260526257
1919,no_feedback,42,4,3,0,1,1.0,0.0,0,nan,nan,nan,0.0,0.003826500260526257
1920,no_feedback,42,4,4,1,1,1.0,0.0,0,nan,nan,nan,0.0,0.003826500260526257
1921,no_feedback,42,3,5,1,0,-1.0,0.0,1,4,0,1,0.0,0.003826500260526257
1922,no_feedback,42,4,3,0,1,1.0,0.0,0,nan,nan,nan,0.0,0.003826500260526257
1923,no_feedback,42,7,4,1,0,-1.0,0.0,1,1,0,0,0.0,0.003826500260526257
1924,no_feedback,42,3,3,0,1,1.0,0.0,0,nan,nan,nan,0.0,0.003826500260526257
1925,no_feedback,42,3,2,0,1,1.0,0.0,0,nan,nan,nan,0.0,0.003826500260526257
1926,no_feedback,42,1,1,0,1,1.0,0.0,0,nan,nan,nan,0.0,0.003826500260526257
1927,no_feedback,42,3,0,0,0,-1.0,0.0,1,3,0,1,0.0,0.003826500260526257
1928,no_feedback,42,1,5,1,0,-1.0,0.0,1,0,1,0,0.0,0.003826500260526257
1929,no_feedback,42,1,5,1,0,-1.0,0.0,1,0,1,0,0.0,0.003826500260526257
1930,no_feedback,42,8,3,0,0,-1.0,0.0,1,0,1,0,0.0,0.003826500260526257
1931,no_feedback,42,0,3,0,0,-1.0,0.0,1,0,1,0,0.0,0.003826500260526257
1932,no_feedback,42,4,3,0,1,1.0,0.0,0,nan,nan,nan,0.0,0.003826500260526257
1933,no_feedback,42,7,2,0,0,-1.0,0.0,1,1,0,0,0.0,0.003826500260526257
1934,no_feedback,42,8,5,1,0,-1.0,0.0,1,0,1,0,0.0,0.003826500260526257
1935,no_feedback,42,1,5,1,0,-1.0,0.0,1,0,1,0,0.0,0.003826500260526257
1936,no_feedback,42,1,5,1,0,-1.0,0.0,1,0,1,0,0.0,0.003826500260526257
1937,no_feedback,42,3,5,1,0,-1.0,0.0,1,0,1,0,0.0,0.003826500260526257
1938,no_feedback,42,4,3,0,1,1.0,0.0,0,nan,nan,nan,0.0,0.003826500260526257
1939,no_feedback,42,8,2,0,0,-1.0,0.0,1,1,0,0,0.0,0.003826500260526257
1940,no_feedback,42,1,5,1,0,-1.0,0.0,1,0,1,0,0.0,0.003826500260526257
1941,no_feedback,42,1,5,1,0,-1.0,0.0,1,0,1,0,0.0,0.003826500260526257
1942,no_feedback,42,2,3,0,1,1.0,0.0,0,nan,nan,nan,0.0,0.003826500260526257
1943,no_feedback,42,7,2,0,0,-1.0,0.0,1,1,0,0,0.0,0.003826500260526257
1944,no_feedback,42,0,3,0,0,-1.0,0.0,1,0,1,0,0.0,0.003826500260526257
1945,no_feedback,42,3,3,0,1,1.0,0.0,0,nan,nan,nan,0.0,0.003826500260526257
1946,no_feedback,42,1,2,0,1,1.0,0.0,0,nan,nan,nan,0.0,0.003826500260526257
1947,no_feedback,42,1,3,1,0,-1.0,0.0,1,2,0,0,0.0,0.003826500260526257
1948,no_feedback,42,8,5,1,0,-1.0,0.0,1,0,1,0,0.0,0.003826500260526257
1949,no_feedback,42,0,3,0,0,-1.0,0.0,1,0,1,0,0.0,0.003826500260526257
1950,no_feedback,42,2,5,1,0,-1.0,0.0,1,0,1,0,0.0,0.003826500260526257
1951,no_feedback,42,8,3,0,0,-1.0,0.0,1,0,1,0,0.0,0.003826500260526257
1952,no_feedback,42,5,3,0,0,-1.0,0.0,1,0,1,0,0.0,0.003826500260526257
1953,no_feedback,42,0,3,0,0,-1.0,0.0,1,0,1,0,0.0,0.003826500260526257
1954,no_feedback,42,4,3,0,1,1.0,0.0,0,nan,nan,nan,0.0,0.003826500260526257
1955,no_feedback,42,8,4,1,0,-1.0,0.0,1,1,0,0,0.0,0.003826500260526257
1956,no_feedback,42,3,3,0,1,1.0,0.0,0,nan,nan,nan,0.0,0.003826500260526257
1957,no_feedback,42,4,4,1,1,1.0,0.0,0,nan,nan,nan,0.0,0.003826500260526257
1958,no_feedback,42,4,3,0,1,1.0,0.0,0,nan,nan,nan,0.0,0.003826500260526257
1959,no_feedback,42,5,2,0,0,-1.0,0.0,1,3,0,1,0.0,0.003826500260526257
1960,no_feedback,42,1,5,1,0,-1.0,0.0,1,0,1,0,0.0,0.003826500260526257
1961,no_feedback,42,7,3,0,0,-1.0,0.0,1,0,1,0,0.0,0.003826500260526257
1962,no_feedback,42,8,5,1,0,-1.0,0.0,1,0,1,0,0.0,0.003826500260526257
1963,no_feedback,42,1,5,1,0,-1.0,0.0,1,0,1,0,0.0,0.003826500260526257
1964,no_feedback,42,7,3,0,0,-1.0,0.0,1,0,1,0,0.0,0.003826500260526257
1965,no_feedback,42,7,3,0,0,-1.0,0.0,1,0,1,0,0.0,0.003826500260526257
1966,no_feedback,42,6,3,0,0,-1.0,0.0,1,0,1,0,0.0,0.003826500260526257
1967,no_feedback,42,3,5,1,0,-1.0,0.0,1,0,1,0,0.0,0.003826500260526257
1968,no_feedback,42,4,3,0,1,1.0,0.0,0,nan,nan,nan,0.0,0.003826500260526257
1969,no_feedback,42,7,2,0,0,-1.0,0.0,1,1,0,0,0.0,0.003826500260526257
1970,no_feedback,42,1,5,1,0,-1.0,0.0,1,0,1,0,0.0,0.003826500260526257
1971,no_feedback,42,7,3,0,0,-1.0,0.0,1,0,1,0,0.0,0.003826500260526257
1972,no_feedback,42,8,5,1,0,-1.0,0.0,1,0,1,0,0.0,0.003826500260526257
1973,no_feedback,42,6,3,0,0,-1.0,0.0,1,0,1,0,0.0,0.003826500260526257
1974,no_feedback,42,3,5,1,0,-1.0,0.0,1,0,1,0,0.0,0.003826500260526257
1975,no_feedback,42,5,3,0,0,-1.0,0.0,1,0,1,0,0.0,0.003826500260526257
1976,no_feedback,42,0,3,0,0,-1.0,0.0,1,0,1,0,0.0,0.003826500260526257
1977,no_feedback,42,8,5,1,0,-1.0,0.0,1,0,1,0,0.0,0.003826500260526257
1978,no_feedback,42,3,3,0,1,1.0,0.0,0,nan,nan,nan,0.0,0.003826500260526257
1979,no_feedback,42,0,4,1,0,-1.0,0.0,1,1,0,0,0.0,0.003826500260526257
1980,no_feedback,42,7,5,1,0,-1.0,0.0,1,0,1,0,0.0,0.003826500260526257
1981,no_feedback,42,5,5,1,1,1.0,0.0,0,nan,nan,nan,0.0,0.003826500260526257
1982,no_feedback,42,5,4,0,1,1.0,0.0,0,nan,nan,nan,0.0,0.003826500260526257
1983,no_feedback,42,0,3,0,0,-1.0,0.0,1,2,0,0,0.0,0.003826500260526257
1984,no_feedback,42,6,3,0,0,-1.0,0.0,1,0,1,0,0.0,0.003826500260526257
1985,no_feedback,42,5,3,0,0,-1.0,0.0,1,0,1,0,0.0,0.003826500260526257
1986,no_feedback,42,7,3,0,0,-1.0,0.0,1,0,1,0,0.0,0.003826500260526257
1987,no_feedback,42,7,5,1,0,-1.0,0.0,1,0,1,0,0.0,0.003826500260526257
1988,no_feedback,42,1,5,1,0,-1.0,0.0,1,0,1,0,0.0,0.003826500260526257
1989,no_feedback,42,1,3,0,0,-1.0,0.0,1,0,1,0,0.0,0.003826500260526257
1990,no_feedback,42,8,3,0,0,-1.0,0.0,1,0,1,0,0.0,0.003826500260526257
1991,no_feedback,42,4,5,1,1,1.0,0.0,0,nan,nan,nan,0.0,0.003826500260526257
1992,no_feedback,42,3,4,0,1,1.0,0.0,0,nan,nan,nan,0.0,0.003826500260526257
1993,no_feedback,42,2,5,1,0,-1.0,0.0,1,2,0,0,0.0,0.003826500260526257
1994,no_feedback,42,5,5,1,1,1.0,0.0,0,nan,nan,nan,0.0,0.003826500260526257
1995,no_feedback,42,6,6,1,1,1.0,0.0,0,nan,nan,nan,0.0,0.003826500260526257
1996,no_feedback,42,0,5,0,0,-1.0,0.0,1,2,0,0,0.0,0.003826500260526257
1997,no_feedback,42,4,3,0,1,1.0,0.0,0,nan,nan,nan,0.0,0.003826500260526257
1998,no_feedback,42,8,2,0,0,-1.0,0.0,1,1,0,0,0.0,0.003826500260526257
1999,no_feedback,42,2,3,0,1,1.0,0.0,0,nan,nan,nan,0.0,0.003826500260526257
2000,no_feedback,42,2,4,1,0,-1.0,0.0,1,1,0,0,0.0,0.003826500260526257
2001,no_feedback,42,7,3,0,0,-1.0,0.0,1,0,1,0,0.0,0.003826500260526257
2002,no_feedback,42,0,3,0,0,-1.0,0.0,1,0,1,0,0.0,0.003826500260526257
2003,no_feedback,42,3,3,0,1,1.0,0.0,0,nan,nan,nan,0.0,0.003826500260526257
2004,no_feedback,42,4,2,0,0,-1.0,0.0,1,1,0,0,0.0,0.003826500260526257
2005,no_feedback,42,7,5,1,0,-1.0,0.0,1,0,1,0,0.0,0.003826500260526257
2006,no_feedback,42,1,5,1,0,-1.0,0.0,1,0,1,0,0.0,0.003826500260526257
2007,no_feedback,42,3,3,0,1,1.0,0.0,0,nan,nan,nan,0.0,0.003826500260526257
2008,no_feedback,42,1,4,1,0,-1.0,0.0,1,1,0,0,0.0,0.003826500260526257
2009,no_feedback,42,7,3,0,0,-1.0,0.0,1,0,1,0,0.0,0.003826500260526257
2010,no_feedback,42,5,5,1,1,1.0,0.0,0,nan,nan,nan,0.0,0.003826500260526257
2011,no_feedback,42,4,6,1,0,-1.0,0.0,1,1,0,0,0.0,0.003826500260526257
2012,no_feedback,42,3,3,0,1,1.0,0.0,0,nan,nan,nan,0.0,0.003826500260526257
2013,no_feedback,42,1,2,0,1,1.0,0.0,0,nan,nan,nan,0.0,0.003826500260526257
2014,no_feedback,42,8,1,0,0,-1.0,0.0,1,2,0,0,0.0,0.003826500260526257
2015,no_feedback,42,5,5,1,1,1.0,0.0,0,nan,nan,nan,0.0,0.003826500260526257
2016,no_feedback,42,2,6,1,0,-1.0,0.0,1,1,0,0,0.0,0.003826500260526257
2017,no_feedback,42,3,5,1,0,-1.0,0.0,1,0,1,0,0.0,0.003826500260526257
2018,no_feedback,42,6,3,0,0,-1.0,0.0,1,0,1,0,0.0,0.003826500260526257
2019,no_feedback,42,6,3,0,0,-1.0,0.0,1,0,1,0,0.0,0.003826500260526257
2020,no_feedback,42,4,3,0,1,1.0,0.0,0,nan,nan,nan,0.0,0.003826500260526257
2021,no_feedback,42,2,2,0,1,1.0,0.0,0,nan,nan,nan,0.0,0.003826500260526257
2022,no_feedback,42,5,3,1,0,-1.0,0.0,1,2,0,0,0.0,0.003826500260526257
2023,no_feedback,42,5,5,1,1,1.0,0.0,0,nan,nan,nan,0.0,0.003826500260526257
2024,no_feedback,42,5,4,0,1,1.0,0.0,0,nan,nan,nan,0.0,0.003826500260526257
2025,no_feedback,42,0,3,0,0,-1.0,0.0,1,2,0,0,0.0,0.003826500260526257
2026,no_feedback,42,4,3,0,1,1.0,0.0,0,nan,nan,nan,0.0,0.003826500260526257
2027,no_feedback,42,5,2,0,0,-1.0,0.0,1,1,0,0,0.0,0.003826500260526257
2028,no_feedback,42,8,5,1,0,-1.0,0.0,1,0,1,0,0.0,0.003826500260526257
2029,no_feedback,42,4,3,0,1,1.0,0.0,0,nan,nan,nan,0.0,0.003826500260526257
2030,no_feedback,42,3,2,0,1,1.0,0.0,0,nan,nan,nan,0.0,0.003826500260526257
2031,no_feedback,42,5,3,1,0,-1.0,0.0,1,2,0,0,0.0,0.003826500260526257
2032,no_feedback,42,1,5,1,0,-1.0,0.0,1,0,1,0,0.0,0.003826500260526257
2033,no_feedback,42,0,3,0,0,-1.0,0.0,1,0,1,0,0.0,0.003826500260526257
2034,no_feedback,42,6,3,0,0,-1.0,0.0,1,0,1,0,0.0,0.003826500260526257
2035,no_feedback,42,8,5,1,0,-1.0,0.0,1,0,1,0,0.0,0.003826500260526257
2036,no_feedback,42,7,3,0,0,-1.0,0.0,1,0,1,0,0.0,0.003826500260526257
2037,no_feedback,42,5,3,0,0,-1.0,0.0,1,0,1,0,0.0,0.003826500260526257
2038,no_feedback,42,0,3,0,0,-1.0,0.0,1,0,1,0,0.0,0.003826500260526257
2039,no_feedback,42,8,5,1,0,-1.0,0.0,1,0,1,0,0.0,0.003826500260526257
2040,no_feedback,42,4,3,0,1,1.0,0.0,0,nan,nan,nan,0.0,0.003826500260526257
2041,no_feedback,42,2,2,0,1,1.0,0.0,0,nan,nan,nan,0.0,0.003826500260526257
2042,no_feedback,42,8,1,0,0,-1.0,0.0,1,2,0,0,0.0,0.003826500260526257
2043,no_feedback,42,6,3,0,0,-1.0,0.0,1,0,1,0,0.0,0.003826500260526257
2044,no_feedback,42,6,3,0,0,-1.0,0.0,1,0,1,0,0.0,0.003826500260526257
2045,no_feedback,42,2,3,0,1,1.0,0.0,0,nan,nan,nan,0.0,0.003826500260526257
2046,no_feedback,42,8,2,0,0,-1.0,0.0,1,1,0,0,0.0,0.003826500260526257
2047,no_feedback,42,4,3,0,1,1.0,0.0,0,nan,nan,nan,0.0,0.003826500260526257
2048,no_feedback,42,4,2,0,0,-1.0,0.0,1,1,0,0,0.0,0.003826500260526257
2049,no_feedback,42,6,3,0,0,-1.0,0.0,1,0,1,0,0.0,0.003826500260526257
2050,no_feedback,42,5,5,1,1,1.0,0.0,0,nan,nan,nan,0.0,0.003826500260526257
2051,no_feedback,42,1,4,0,0,-1.0,0.0,1,1,0,0,0.0,0.003826500260526257
2052,no_feedback,42,2,3,0,1,1.0,0.0,0,nan,nan,nan,0.0,0.003826500260526257
2053,no_feedback,42,3,2,0,1,1.0,0.0,0,nan,nan,nan,0.0,0.003826500260526257
2054,no_feedback,42,8,1,0,0,-1.0,0.0,1,2,0,0,0.0,0.003826500260526257
2055,no_feedback,42,6,3,0,0,-1.0,0.0,1,0,1,0,0.0,0.003826500260526257
2056,no_feedback,42,3,3,0,1,1.0,0.0,0,nan,nan,nan,0.0,0.003826500260526257
2057,no_feedback,42,6,4,1,0,-1.0,0.0,1,1,0,0,0.0,0.003826500260526257
2058,no_feedback,42,6,3,0,0,-1.0,0.0,1,0,1,0,0.0,0.003826500260526257
2059,no_feedback,42,3,3,0,1,1.0,0.0,0,nan,nan,nan,0.0,0.003826500260526257
2060,no_feedback,42,3,2,0,1,1.0,0.0,0,nan,nan,nan,0.0,0.003826500260526257
2061,no_feedback,42,8,1,0,0,-1.0,0.0,1,2,0,0,0.0,0.003826500260526257
2062,no_feedback,42,5,3,0,0,-1.0,0.0,1,0,1,0,0.0,0.003826500260526257
2063,no_feedback,42,1,5,1,0,-1.0,0.0,1,0,1,0,0.0,0.003826500260526257
2064,no_feedback,42,6,3,0,0,-1.0,0.0,1,0,1,0,0.0,0.003826500260526257
2065,no_feedback,42,5,5,1,1,1.0,0.0,0,nan,nan,nan,0.0,0.003826500260526257
2066,no_feedback,42,4,4,0,1,1.0,0.0,0,nan,nan,nan,0.0,0.003826500260526257
2067,no_feedback,42,6,3,0,0,-1.0,0.0,1,2,0,0,0.0,0.003826500260526257
2068,no_feedback,42,8,3,0,0,-1.0,0.0,1,0,1,0,0.0,0.003826500260526257
2069,no_feedback,42,2,3,0,1,1.0,0.0,0,nan,nan,nan,0.0,0.003826500260526257
2070,no_feedback,42,3,2,0,1,1.0,0.0,0,nan,nan,nan,0.0,0.003826500260526257
2071,no_feedback,42,1,1,0,1,1.0,0.0,0,nan,nan,nan,0.0,0.003826500260526257
2072,no_feedback,42,5,0,0,0,-1.0,0.0,1,3,0,1,0.0,0.003826500260526257
2073,no_feedback,42,3,5,1,0,-1.0,0.0,1,0,1,0,0.0,0.003826500260526257
2074,no_feedback,42,3,3,0,1,1.0,0.0,0,nan,nan,nan,0.0,0.003826500260526257
2075,no_feedback,42,6,2,0,0,-1.0,0.0,1,1,0,0,0.0,0.003826500260526257
2076,no_feedback,42,3,3,0,1,1.0,0.0,0,nan,nan,nan,0.0,0.003826500260526257
2077,no_feedback,42,4,2,0,0,-1.0,0.0,1,1,0,0,0.0,0.003826500260526257
2078,no_feedback,42,3,3,0,1,1.0,0.0,0,nan,nan,nan,0.0,0.003826500260526257
2079,no_feedback,42,2,2,0,1,1.0,0.0,0,nan,nan,nan,0.0,0.003826500260526257
2080,no_feedback,42,1,1,0,1,1.0,0.0,0,nan,nan,nan,0.0,0.003826500260526257
2081,no_feedback,42,7,0,0,0,-1.0,0.0,1,3,0,1,0.0,0.003826500260526257
2082,no_feedback,42,0,3,0,0,-1.0,0.0,1,0,1,0,0.0,0.003826500260526257
2083,no_feedback,42,2,3,0,1,1.0,0.0,0,nan,nan,nan,0.0,0.003826500260526257
2084,no_feedback,42,6,2,0,0,-1.0,0.0,1,1,0,0,0.0,0.003826500260526257
2085,no_feedback,42,1,5,1,0,-1.0,0.0,1,0,1,0,0.0,0.003826500260526257
2086,no_feedback,42,5,5,1,1,1.0,0.0,0,nan,nan,nan,0.0,0.003826500260526257
2087,no_feedback,42,6,6,1,1,1.0,0.0,0,nan,nan,nan,0.0,0.003826500260526257
2088,no_feedback,42,5,5,0,1,1.0,0.0,0,nan,nan,nan,0.0,0.003826500260526257
2089,no_feedback,42,2,6,1,0,-1.0,0.0,1,3,0,1,0.0,0.003826500260526257
2090,no_feedback,42,0,3,0,0,-1.0,0.0,1,0,1,0,0.0,0.003826500260526257
2091,no_feedback,42,7,5,1,0,-1.0,0.0,1,0,1,0,0.0,0.003826500260526257
2092,no_feedback,42,2,3,0,1,1.0,0.0,0,nan,nan,nan,0.0,0.003826500260526257
2093,no_feedback,42,7,4,1,0,-1.0,0.0,1,1,0,0,0.0,0.003826500260526257
2094,no_feedback,42,1,5,1,0,-1.0,0.0,1,0,1,0,0.0,0.003826500260526257
2095,no_feedback,42,1,5,1,0,-1.0,0.0,1,0,1,0,0.0,0.003826500260526257
2096,no_feedback,42,7,3,0,0,-1.0,0.0,1,0,1,0,0.0,0.003826500260526257
2097,no_feedback,42,8,5,1,0,-1.0,0.0,1,0,1,0,0.0,0.003826500260526257
2098,no_feedback,42,7,5,1,0,-1.0,0.0,1,0,1,0,0.0,0.003826500260526257
2099,no_feedback,42,6,3,0,0,-1.0,0.0,1,0,1,0,0.0,0.003826500260526257
2100,no_feedback,42,2,3,0,1,1.0,0.0,0,nan,nan,nan,0.0,0.003826500260526257
2101,no_feedback,42,8,2,0,0,-1.0,0.0,1,1,0,0,0.0,0.003826500260526257
2102,no_feedback,42,6,3,0,0,-1.0,0.0,1,0,1,0,0.0,0.003826500260526257
2103,no_feedback,42,1,5,1,0,-1.0,0.0,1,0,1,0,0.0,0.003826500260526257
2104,no_feedback,42,1,5,1,0,-1.0,0.0,1,0,1,0,0.0,0.003826500260526257
2105,no_feedback,42,7,5,1,0,-1.0,0.0,1,0,1,0,0.0,0.003826500260526257
2106,no_feedback,42,2,3,0,1,1.0,0.0,0,nan,nan,nan,0.0,0.003826500260526257
2107,no_feedback,42,6,2,0,0,-1.0,0.0,1,1,0,0,0.0,0.003826500260526257
2108,no_feedback,42,1,5,1,0,-1.0,0.0,1,0,1,0,0.0,0.003826500260526257
2109,no_feedback,42,2,5,1,0,-1.0,0.0,1,0,1,0,0.0,0.003826500260526257
2110,no_feedback,42,2,5,1,0,-1.0,0.0,1,0,1,0,0.0,0.003826500260526257
2111,no_feedback,42,2,5,1,0,-1.0,0.0,1,0,1,0,0.0,0.003826500260526257
2112,no_feedback,42,6,3,0,0,-1.0,0.0,1,0,1,0,0.0,0.003826500260526257
2113,no_feedback,42,8,5,1,0,-1.0,0.0,1,0,1,0,0.0,0.003826500260526257
2114,no_feedback,42,8,5,1,0,-1.0,0.0,1,0,1,0,0.0,0.003826500260526257
2115,no_feedback,42,6,3,0,0,-1.0,0.0,1,0,1,0,0.0,0.003826500260526257
2116,no_feedback,42,1,5,1,0,-1.0,0.0,1,0,1,0,0.0,0.003826500260526257
2117,no_feedback,42,8,3,0,0,-1.0,0.0,1,0,1,0,0.0,0.003826500260526257
2118,no_feedback,42,4,3,0,1,1.0,0.0,0,nan,nan,nan,0.0,0.003826500260526257
2119,no_feedback,42,4,4,1,1,1.0,0.0,0,nan,nan,nan,0.0,0.003826500260526257
2120,no_feedback,42,6,3,0,0,-1.0,0.0,1,2,0,0,0.0,0.003826500260526257
2121,no_feedback,42,6,3,0,0,-1.0,0.0,1,0,1,0,0.0,0.003826500260526257
2122,no_feedback,42,8,5,1,0,-1.0,0.0,1,0,1,0,0.0,0.003826500260526257
2123,no_feedback,42,5,5,1,1,1.0,0.0,0,nan,nan,nan,0.0,0.003826500260526257
2124,no_feedback,42,5,4,0,1,1.0,0.0,0,nan,nan,nan,0.0,0.003826500260526257
2125,no_feedback,42,6,3,0,0,-1.0,0.0,1,2,0,0,0.0,0.003826500260526257
2126,no_feedback,42,2,3,0,1,1.0,0.0,0,nan,nan,nan,0.0,0.003826500260526257
2127,no_feedback,42,2,4,1,0,-1.0,0.0,1,1,0,0,0.0,0.003826500260526257
2128,no_feedback,42,5,5,1,1,1.0,0.0,0,nan,nan,nan,0.0,0.003826500260526257
2129,no_feedback,42,0,4,0,0,-1.0,0.0,1,1,0,0,0.0,0.003826500260526257
2130,no_feedback,42,2,5,1,0,-1.0,0.0,1,0,1,0,0.0,0.003826500260526257
2131,no_feedback,42,6,5,1,1,1.0,0.0,0,nan,nan,nan,0.0,0.003826500260526257
2132,no_feedback,42,8,6,1,0,-1.0,0.0,1,1,0,0,0.0,0.003826500260526257
2133,no_feedback,42,4,3,0,1,1.0,0.0,0,nan,nan,nan,0.0,0.003826500260526257
2134,no_feedback,42,3,2,0,1,1.0,0.0,0,nan,nan,nan,0.0,0.003826500260526257
2135,no_feedback,42,3,3,1,1,1.0,0.0,0,nan,nan,nan,0.0,0.003826500260526257
2136,no_feedback,42,6,4,1,0,-1.0,0.0,1,3,0,1,0.0,0.003826500260526257
2137,no_feedback,42,4,3,0,1,1.0,0.0,0,nan,nan,nan,0.0,0.003826500260526257
2138,no_feedback,42,0,4,1,0,-1.0,0.0,1,1,0,0,0.0,0.003826500260526257
2139,no_feedback,42,4,3,0,1,1.0,0.0,0,nan,nan,nan,0.0,0.003826500260526257
2140,no_feedback,42,3,2,0,1,1.0,0.0,0,nan,nan,nan,0.0,0.003826500260526257
2141,no_feedback,42,6,1,0,0,-1.0,0.0,1,2,0,0,0.0,0.003826500260526257
2142,no_feedback,42,7,5,1,0,-1.0,0.0,1,0,1,0,0.0,0.003826500260526257
2143,no_feedback,42,8,5,1,0,-1.0,0.0,1,0,1,0,0.0,0.003826500260526257
2144,no_feedback,42,5,3,0,0,-1.0,0.0,1,0,1,0,0.0,0.003826500260526257
2145,no_feedback,42,3,5,1,0,-1.0,0.0,1,0,1,0,0.0,0.003826500260526257
2146,no_feedback,42,3,5,1,0,-1.0,0.0,1,0,1,0,0.0,0.003826500260526257
2147,no_feedback,42,1,5,1,0,-1.0,0.0,1,0,1,0,0.0,0.003826500260526257
2148,no_feedback,42,8,5,1,0,-1.0,0.0,1,0,1,0,0.0,0.003826500260526257
2149,no_feedback,42,7,3,0,0,-1.0,0.0,1,0,1,0,0.0,0.003826500260526257
2150,no_feedback,42,7,3,0,0,-1.0,0.0,1,0,1,0,0.0,0.003826500260526257
2151,no_feedback,42,2,5,1,0,-1.0,0.0,1,0,1,0,0.0,0.003826500260526257
2152,no_feedback,42,2,5,1,0,-1.0,0.0,1,0,1,0,0.0,0.003826500260526257
2153,no_feedback,42,7,5,1,0,-1.0,0.0,1,0,1,0,0.0,0.003826500260526257
2154,no_feedback,42,4,5,1,1,1.0,0.0,0,nan,nan,nan,0.0,0.003826500260526257
2155,no_feedback,42,6,6,1,1,1.0,0.0,0,nan,nan,nan,0.0,0.003826500260526257
2156,no_feedback,42,4,5,0,1,1.0,0.0,0,nan,nan,nan,0.0,0.003826500260526257
2157,no_feedback,42,3,4,0,1,1.0,0.0,0,nan,nan,nan,0.0,0.003826500260526257
2158,no_feedback,42,5,3,0,0,-1.0,0.0,1,4,0,1,0.0,0.003826500260526257
2159,no_feedback,42,7,5,1,0,-1.0,0.0,1,0,1,0,0.0,0.003826500260526257
2160,no_feedback,42,3,3,0,1,1.0,0.0,0,nan,nan,nan,0.0,0.003826500260526257
2161,no_feedback,42,7,2,0,0,-1.0,0.0,1,1,0,0,0.0,0.003826500260526257
2162,no_feedback,42,2,5,1,0,-1.0,0.0,1,0,1,0,0.0,0.003826500260526257
2163,no_feedback,42,3,5,1,0,-1.0,0.0,1,0,1,0,0.0,0.003826500260526257
2164,no_feedback,42,8,5,1,0,-1.0,0.0,1,0,1,0,0.0,0.003826500260526257
2165,no_feedback,42,8,3,0,0,-1.0,0.0,1,0,1,0,0.0,0.003826500260526257
2166,no_feedback,42,8,5,1,0,-1.0,0.0,1,0,1,0,0.0,0.003826500260526257
2167,no_feedback,42,2,5,1,0,-1.0,0.0,1,0,1,0,0.0,0.003826500260526257
2168,no_feedback,42,7,5,1,0,-1.0,0.0,1,0,1,0,0.0,0.003826500260526257
2169,no_feedback,42,8,5,1,0,-1.0,0.0,1,0,1,0,0.0,0.003826500260526257
2170,no_feedback,42,8,3,0,0,-1.0,0.0,1,0,1,0,0.0,0.003826500260526257
2171,no_feedback,42,0,3,0,0,-1.0,0.0,1,0,1,0,0.0,0.003826500260526257
2172,no_feedback,42,6,3,0,0,-1.0,0.0,1,0,1,0,0.0,0.003826500260526257
2173,no_feedback,42,8,5,1,0,-1.0,0.0,1,0,1,0,0.0,0.003826500260526257
2174,no_feedback,42,6,3,0,0,-1.0,0.0,1,0,1,0,0.0,0.003826500260526257
2175,no_feedback,42,2,5,1,0,-1.0,0.0,1,0,1,0,0.0,0.003826500260526257
2176,no_feedback,42,6,3,0,0,-1.0,0.0,1,0,1,0,0.0,0.003826500260526257
2177,no_feedback,42,0,3,0,0,-1.0,0.0,1,0,1,0,0.0,0.003826500260526257
2178,no_feedback,42,4,3,0,1,1.0,0.0,0,nan,nan,nan,0.0,0.003826500260526257
2179,no_feedback,42,5,2,0,0,-1.0,0.0,1,1,0,0,0.0,0.003826500260526257
2180,no_feedback,42,4,3,0,1,1.0,0.0,0,nan,nan,nan,0.0,0.003826500260526257
2181,no_feedback,42,6,4,1,0,-1.0,0.0,1,1,0,0,0.0,0.003826500260526257
2182,no_feedback,42,2,5,1,0,-1.0,0.0,1,0,1,0,0.0,0.003826500260526257
2183,no_feedback,42,5,3,0,0,-1.0,0.0,1,0,1,0,0.0,0.003826500260526257
2184,no_feedback,42,5,5,1,1,1.0,0.0,0,nan,nan,nan,0.0,0.003826500260526257
2185,no_feedback,42,5,4,0,1,1.0,0.0,0,nan,nan,nan,0.0,0.003826500260526257
2186,no_feedback,42,2,3,0,1,1.0,0.0,0,nan,nan,nan,0.0,0.003826500260526257
2187,no_feedback,42,2,2,0,1,1.0,0.0,0,nan,nan,nan,0.0,0.003826500260526257
2188,no_feedback,42,2,1,0,1,1.0,0.0,0,nan,nan,nan,0.0,0.003826500260526257
2189,no_feedback,42,4,2,1,0,-1.0,0.0,1,5,0,1,0.0,0.003826500260526257
2190,no_feedback,42,5,3,0,0,-1.0,0.0,1,0,1,0,0.0,0.003826500260526257
2191,no_feedback,42,3,3,0,1,1.0,0.0,0,nan,nan,nan,0.0,0.003826500260526257
2192,no_feedback,42,3,2,0,1,1.0,0.0,0,nan,nan,nan,0.0,0.003826500260526257
2193,no_feedback,42,2,1,0,1,1.0,0.0,0,nan,nan,nan,0.0,0.003826500260526257
2194,no_feedback,42,1,0,0,1,1.0,0.0,0,nan,nan,nan,0.0,0.003826500260526257
2195,no_feedback,42,5,0,0,0,-1.0,0.0,1,4,0,1,0.0,0.003826500260526257
2196,no_feedback,42,7,5,1,0,-1.0,0.0,1,0,1,0,0.0,0.003826500260526257
2197,no_feedback,42,2,5,1,0,-1.0,0.0,1,0,1,0,0.0,0.003826500260526257
2198,no_feedback,42,7,3,0,0,-1.0,0.0,1,0,1,0,0.0,0.003826500260526257
2199,no_feedback,42,5,3,0,0,-1.0,0.0,1,0,1,0,0.0,0.003826500260526257
2200,no_feedback,42,1,5,1,0,-1.0,0.0,1,0,1,0,0.0,0.003826500260526257
2201,no_feedback,42,3,5,1,0,-1.0,0.0,1,0,1,0,0.0,0.003826500260526257
2202,no_feedback,42,0,3,0,0,-1.0,0.0,1,0,1,0,0.0,0.003826500260526257
2203,no_feedback,42,0,3,0,0,-1.0,0.0,1,0,1,0,0.0,0.003826500260526257
2204,no_feedback,42,3,5,1,0,-1.0,0.0,1,0,1,0,0.0,0.003826500260526257
2205,no_feedback,42,4,3,0,1,1.0,0.0,0,nan,nan,nan,0.0,0.003826500260526257
2206,no_feedback,42,7,2,0,0,-1.0,0.0,1,1,0,0,0.0,0.003826500260526257
2207,no_feedback,42,1,3,0,0,-1.0,0.0,1,0,1,0,0.0,0.003826500260526257
2208,no_feedback,42,7,5,1,0,-1.0,0.0,1,0,1,0,0.0,0.003826500260526257
2209,no_feedback,42,2,3,0,1,1.0,0.0,0,nan,nan,nan,0.0,0.003826500260526257
2210,no_feedback,42,1,2,0,1,1.0,0.0,0,nan,nan,nan,0.0,0.003826500260526257
2211,no_feedback,42,6,1,0,0,-1.0,0.0,1,2,0,0,0.0,0.003826500260526257
2212,no_feedback,42,6,3,0,0,-1.0,0.0,1,0,1,0,0.0,0.003826500260526257
2213,no_feedback,42,5,5,1,1,1.0,0.0,0,nan,nan,nan,0.0,0.003826500260526257
2214,no_feedback,42,1,4,0,0,-1.0,0.0,1,1,0,0,0.0,0.003826500260526257
2215,no_feedback,42,1,5,1,0,-1.0,0.0,1,0,1,0,0.0,0.003826500260526257
2216,no_feedback,42,3,3,0,1,1.0,0.0,0,nan,nan,nan,0.0,0.003826500260526257
2217,no_feedback,42,4,2,0,0,-1.0,0.0,1,1,0,0,0.0,0.003826500260526257
2218,no_feedback,42,8,5,1,0,-1.0,0.0,1,0,1,0,0.0,0.003826500260526257
2219,no_feedback,42,2,3,0,1,1.0,0.0,0,nan,nan,nan,0.0,0.003826500260526257
2220,no_feedback,42,1,2,0,1,1.0,0.0,0,nan,nan,nan,0.0,0.003826500260526257
2221,no_feedback,42,8,3,1,0,-1.0,0.0,1,2,0,0,0.0,0.003826500260526257
2222,no_feedback,42,1,5,1,0,-1.0,0.0,1,0,1,0,0.0,0.003826500260526257
2223,no_feedback,42,0,5,1,0,-1.0,0.0,1,0,1,0,0.0,0.003826500260526257
2224,no_feedback,42,3,3,0,1,1.0,0.0,0,nan,nan,nan,0.0,0.003826500260526257
2225,no_feedback,42,3,2,0,1,1.0,0.0,0,nan,nan,nan,0.0,0.003826500260526257
2226,no_feedback,42,5,3,1,0,-1.0,0.0,1,2,0,0,0.0,0.003826500260526257
2227,no_feedback,42,7,5,1,0,-1.0,0.0,1,0,1,0,0.0,0.003826500260526257
2228,no_feedback,42,8,5,1,0,-1.0,0.0,1,0,1,0,0.0,0.003826500260526257
2229,no_feedback,42,2,3,0,1,1.0,0.0,0,nan,nan,nan,0.0,0.003826500260526257
2230,no_feedback,42,8,2,0,0,-1.0,0.0,1,1,0,0,0.0,0.003826500260526257
2231,no_feedback,42,5,5,1,1,1.0,0.0,0,nan,nan,nan,0.0,0.003826500260526257
2232,no_feedback,42,0,6,1,0,-1.0,0.0,1,1,0,0,0.0,0.003826500260526257
2233,no_feedback,42,8,5,1,0,-1.0,0.0,1,0,1,0,0.0,0.003826500260526257
2234,no_feedback,42,1,5,1,0,-1.0,0.0,1,0,1,0,0.0,0.003826500260526257
2235,no_feedback,42,5,5,1,1,1.0,0.0,0,nan,nan,nan,0.0,0.003826500260526257
2236,no_feedback,42,7,4,0,0,-1.0,0.0,1,1,0,0,0.0,0.003826500260526257
2237,no_feedback,42,2,3,0,1,1.0,0.0,0,nan,nan,nan,0.0,0.003826500260526257
2238,no_feedback,42,2,4,1,0,-1.0,0.0,1,1,0,0,0.0,0.003826500260526257
2239,no_feedback,42,4,5,1,1,1.0,0.0,0,nan,nan,nan,0.0,0.003826500260526257
2240,no_feedback,42,7,4,0,0,-1.0,0.0,1,1,0,0,0.0,0.003826500260526257
2241,no_feedback,42,2,5,1,0,-1.0,0.0,1,0,1,0,0.0,0.003826500260526257
2242,no_feedback,42,5,5,1,1,1.0,0.0,0,nan,nan,nan,0.0,0.003826500260526257
2243,no_feedback,42,4,4,0,1,1.0,0.0,0,nan,nan,nan,0.0,0.003826500260526257
2244,no_feedback,42,1,5,1,0,-1.0,0.0,1,2,0,0,0.0,0.003826500260526257
2245,no_feedback,42,6,3,0,0,-1.0,0.0,1,0,1,0,0.0,0.003826500260526257
2246,no_feedback,42,7,3,0,0,-1.0,0.0,1,0,1,0,0.0,0.003826500260526257
2247,no_feedback,42,5,5,1,1,1.0,0.0,0,nan,nan,nan,0.0,0.003826500260526257
2248,no_feedback,42,1,4,0,0,-1.0,0.0,1,1,0,0,0.0,0.003826500260526257
2249,no_feedback,42,1,5,1,0,-1.0,0.0,1,0,1,0,0.0,0.003826500260526257
2250,no_feedback,42,3,5,1,0,-1.0,0.0,1,0,1,0,0.0,0.003826500260526257
2251,no_feedback,42,4,3,0,1,1.0,0.0,0,nan,nan,nan,0.0,0.003826500260526257
2252,no_feedback,42,4,4,1,1,1.0,0.0,0,nan,nan,nan,0.0,0.003826500260526257
2253,no_feedback,42,2,5,1,0,-1.0,0.0,1,2,0,0,0.0,0.003826500260526257
2254,no_feedback,42,4,3,0,1,1.0,0.0,0,nan,nan,nan,0.0,0.003826500260526257
2255,no_feedback,42,2,4,1,0,-1.0,0.0,1,1,0,0,0.0,0.003826500260526257
2256,no_feedback,42,6,3,0,0,-1.0,0.0,1,0,1,0,0.0,0.003826500260526257
2257,no_feedback,42,7,3,0,0,-1.0,0.0,1,0,1,0,0.0,0.003826500260526257
2258,no_feedback,42,5,3,0,0,-1.0,0.0,1,0,1,0,0.0,0.003826500260526257
2259,no_feedback,42,0,3,0,0,-1.0,0.0,1,0,1,0,0.0,0.003826500260526257
2260,no_feedback,42,8,5,1,0,-1.0,0.0,1,0,1,0,0.0,0.003826500260526257
2261,no_feedback,42,0,5,1,0,-1.0,0.0,1,0,1,0,0.0,0.003826500260526257
2262,no_feedback,42,8,3,0,0,-1.0,0.0,1,0,1,0,0.0,0.003826500260526257
2263,no_feedback,42,0,3,0,0,-1.0,0.0,1,0,1,0,0.0,0.003826500260526257
2264,no_feedback,42,4,3,0,1,1.0,0.0,0,nan,nan,nan,0.0,0.003826500260526257
2265,no_feedback,42,0,4,1,0,-1.0,0.0,1,1,0,0,0.0,0.003826500260526257
2266,no_feedback,42,0,5,1,0,-1.0,0.0,1,0,1,0,0.0,0.003826500260526257
2267,no_feedback,42,6,3,0,0,-1.0,0.0,1,0,1,0,0.0,0.003826500260526257
2268,no_feedback,42,6,3,0,0,-1.0,0.0,1,0,1,0,0.0,0.003826500260526257
2269,no_feedback,42,1,5,1,0,-1.0,0.0,1,0,1,0,0.0,0.003826500260526257
2270,no_feedback,42,8,5,1,0,-1.0,0.0,1,0,1,0,0.0,0.003826500260526257
2271,no_feedback,42,2,5,1,0,-1.0,0.0,1,0,1,0,0.0,0.003826500260526257
2272,no_feedback,42,2,3,0,1,1.0,0.0,0,nan,nan,nan,0.0,0.003826500260526257
2273,no_feedback,42,2,4,1,0,-1.0,0.0,1,1,0,0,0.0,0.003826500260526257
2274,no_feedback,42,4,3,0,1,1.0,0.0,0,nan,nan,nan,0.0,0.003826500260526257
2275,no_feedback,42,1,2,0,1,1.0,0.0,0,nan,nan,nan,0.0,0.003826500260526257
2276,no_feedback,42,3,1,0,0,-1.0,0.0,1,2,0,0,0.0,0.003826500260526257
2277,no_feedback,42,1,5,1,0,-1.0,0.0,1,0,1,0,0.0,0.003826500260526257
2278,no_feedback,42,0,3,0,0,-1.0,0.0,1,0,1,0,0.0,0.003826500260526257
2279,no_feedback,42,3,3,0,1,1.0,0.0,0,nan,nan,nan,0.0,0.003826500260526257
2280,no_feedback,42,6,2,0,0,-1.0,0.0,1,1,0,0,0.0,0.003826500260526257
2281,no_feedback,42,6,3,0,0,-1.0,0.0,1,0,1,0,0.0,0.003826500260526257
2282,no_feedback,42,3,3,0,1,1.0,0.0,0,nan,nan,nan,0.0,0.003826500260526257
2283,no_feedback,42,2,4,1,0,-1.0,0.0,1,1,0,0,0.0,0.003826500260526257
2284,no_feedback,42,7,3,0,0,-1.0,0.0,1,0,1,0,0.0,0.003826500260526257
2285,no_feedback,42,6,3,0,0,-1.0,0.0,1,0,1,0,0.0,0.003826500260526257
2286,no_feedback,42,7,5,1,0,-1.0,0.0,1,0,1,0,0.0,0.003826500260526257
2287,no_feedback,42,8,3,0,0,-1.0,0.0,1,0,1,0,0.0,0.003826500260526257
2288,no_feedback,42,7,5,1,0,-1.0,0.0,1,0,1,0,0.0,0.003826500260526257
2289,no_feedback,42,8,3,0,0,-1.0,0.0,1,0,1,0,0.0,0.003826500260526257
2290,no_feedback,42,3,3,0,1,1.0,0.0,0,nan,nan,nan,0.0,0.003826500260526257
2291,no_feedback,42,3,2,0,1,1.0,0.0,0,nan,nan,nan,0.0,0.003826500260526257
2292,no_feedback,42,2,1,0,1,1.0,0.0,0,nan,nan,nan,0.0,0.003826500260526257
2293,no_feedback,42,2,2,1,1,1.0,0.0,0,nan,nan,nan,0.0,0.003826500260526257
2294,no_feedback,42,6,3,1,0,-1.0,0.0,1,4,0,1,0.0,0.003826500260526257
2295,no_feedback,42,6,3,0,0,-1.0,0.0,1,0,1,0,0.0,0.003826500260526257
2296,no_feedback,42,7,5,1,0,-1.0,0.0,1,0,1,0,0.0,0.003826500260526257
2297,no_feedback,42,1,5,1,0,-1.0,0.0,1,0,1,0,0.0,0.003826500260526257
2298,no_feedback,42,4,3,0,1,1.0,0.0,0,nan,nan,nan,0.0,0.003826500260526257
2299,no_feedback,42,1,4,1,0,-1.0,0.0,1,1,0,0,0.0,0.003826500260526257
2300,no_feedback,42,8,3,0,0,-1.0,0.0,1,0,1,0,0.0,0.003826500260526257
2301,no_feedback,42,2,5,1,0,-1.0,0.0,1,0,1,0,0.0,0.003826500260526257
2302,no_feedback,42,1,5,1,0,-1.0,0.0,1,0,1,0,0.0,0.003826500260526257
2303,no_feedback,42,5,3,0,0,-1.0,0.0,1,0,1,0,0.0,0.003826500260526257
2304,no_feedback,42,7,3,0,0,-1.0,0.0,1,0,1,0,0.0,0.003826500260526257
2305,no_feedback,42,8,3,0,0,-1.0,0.0,1,0,1,0,0.0,0.003826500260526257
2306,no_feedback,42,0,3,0,0,-1.0,0.0,1,0,1,0,0.0,0.003826500260526257
2307,no_feedback,42,2,3,0,1,1.0,0.0,0,nan,nan,nan,0.0,0.003826500260526257
2308,no_feedback,42,1,4,1,0,-1.0,0.0,1,1,0,0,0.0,0.003826500260526257
2309,no_feedback,42,2,5,1,0,-1.0,0.0,1,0,1,0,0.0,0.003826500260526257
2310,no_feedback,42,4,3,0,1,1.0,0.0,0,nan,nan,nan,0.0,0.003826500260526257
2311,no_feedback,42,2,4,1,0,-1.0,0.0,1,1,0,0,0.0,0.003826500260526257
2312,no_feedback,42,0,3,0,0,-1.0,0.0,1,0,1,0,0.0,0.003826500260526257
2313,no_feedback,42,4,3,0,1,1.0,0.0,0,nan,nan,nan,0.0,0.003826500260526257
2314,no_feedback,42,0,4,1,0,-1.0,0.0,1,1,0,0,0.0,0.003826500260526257
2315,no_feedback,42,2,3,0,1,1.0,0.0,0,nan,nan,nan,0.0,0.003826500260526257
2316,no_feedback,42,0,4,1,0,-1.0,0.0,1,1,0,0,0.0,0.003826500260526257
2317,no_feedback,42,0,3,0,0,-1.0,0.0,1,0,1,0,0.0,0.003826500260526257
2318,no_feedback,42,3,3,0,1,1.0,0.0,0,nan,nan,nan,0.0,0.003826500260526257
2319,no_feedback,42,7,2,0,0,-1.0,0.0,1,1,0,0,0.0,0.003826500260526257
2320,no_feedback,42,6,3,0,0,-1.0,0.0,1,0,1,0,0.0,0.003826500260526257
2321,no_feedback,42,0,3,0,0,-1.0,0.0,1,0,1,0,0.0,0.003826500260526257
2322,no_feedback,42,0,3,0,0,-1.0,0.0,1,0,1,0,0.0,0.003826500260526257
2323,no_feedback,42,3,5,1,0,-1.0,0.0,1,0,1,0,0.0,0.003826500260526257
2324,no_feedback,42,5,5,1,1,1.0,0.0,0,nan,nan,nan,0.0,0.003826500260526257
2325,no_feedback,42,6,6,1,1,1.0,0.0,0,nan,nan,nan,0.0,0.003826500260526257
2326,no_feedback,42,7,7,1,1,1.0,0.0,0,nan,nan,nan,0.0,0.003826500260526257
2327,no_feedback,42,3,6,0,0,-1.0,0.0,1,3,0,1,0.0,0.003826500260526257
2328,no_feedback,42,1,5,1,0,-1.0,0.0,1,0,1,0,0.0,0.003826500260526257
2329,no_feedback,42,0,3,0,0,-1.0,0.0,1,0,1,0,0.0,0.003826500260526257
2330,no_feedback,42,1,5,1,0,-1.0,0.0,1,0,1,0,0.0,0.003826500260526257
2331,no_feedback,42,0,3,0,0,-1.0,0.0,1,0,1,0,0.0,0.003826500260526257
2332,no_feedback,42,7,3,0,0,-1.0,0.0,1,0,1,0,0.0,0.003826500260526257
2333,no_feedback,42,2,5,1,0,-1.0,0.0,1,0,1,0,0.0,0.003826500260526257
2334,no_feedback,42,7,3,0,0,-1.0,0.0,1,0,1,0,0.0,0.003826500260526257
2335,no_feedback,42,4,3,0,1,1.0,0.0,0,nan,nan,nan,0.0,0.003826500260526257
2336,no_feedback,42,4,4,1,1,1.0,0.0,0,nan,nan,nan,0.0,0.003826500260526257
2337,no_feedback,42,4,3,0,1,1.0,0.0,0,nan,nan,nan,0.0,0.003826500260526257
2338,no_feedback,42,7,2,0,0,-1.0,0.0,1,3,0,1,0.0,0.003826500260526257
2339,no_feedback,42,0,3,0,0,-1.0,0.0,1,0,1,0,0.0,0.003826500260526257
2340,no_feedback,42,0,3,0,0,-1.0,0.0,1,0,1,0,0.0,0.003826500260526257
2341,no_feedback,42,3,3,0,1,1.0,0.0,0,nan,nan,nan,0.0,0.003826500260526257
2342,no_feedback,42,3,2,0,1,1.0,0.0,0,nan,nan,nan,0.0,0.003826500260526257
2343,no_feedback,42,4,1,0,0,-1.0,0.0,1,2,0,0,0.0,0.003826500260526257
2344,no_feedback,42,6,3,0,0,-1.0,0.0,1,0,1,0,0.0,0.003826500260526257
2345,no_feedback,42,5,5,1,1,1.0,0.0,0,nan,nan,nan,0.0,0.003826500260526257
2346,no_feedback,42,2,6,1,0,-1.0,0.0,1,1,0,0,0.0,0.003826500260526257
2347,no_feedback,42,2,5,1,0,-1.0,0.0,1,0,1,0,0.0,0.003826500260526257
2348,no_feedback,42,6,3,0,0,-1.0,0.0,1,0,1,0,0.0,0.003826500260526257
2349,no_feedback,42,1,5,1,0,-1.0,0.0,1,0,1,0,0.0,0.003826500260526257
2350,no_feedback,42,4,3,0,1,1.0,0.0,0,nan,nan,nan,0.0,0.003826500260526257
2351,no_feedback,42,4,2,0,0,-1.0,0.0,1,1,0,0,0.0,0.003826500260526257
2352,no_feedback,42,6,3,0,0,-1.0,0.0,1,0,1,0,0.0,0.003826500260526257
2353,no_feedback,42,6,3,0,0,-1.0,0.0,1,0,1,0,0.0,0.003826500260526257
2354,no_feedback,42,4,3,0,1,1.0,0.0,0,nan,nan,nan,0.0,0.003826500260526257
2355,no_feedback,42,2,4,1,0,-1.0,0.0,1,1,0,0,0.0,0.003826500260526257
2356,no_feedback,42,3,5,1,0,-1.0,0.0,1,0,1,0,0.0,0.003826500260526257
2357,no_feedback,42,3,5,1,0,-1.0,0.0,1,0,1,0,0.0,0.003826500260526257
2358,no_feedback,42,1,5,1,0,-1.0,0.0,1,0,1,0,0.0,0.003826500260526257
2359,no_feedback,42,5,5,1,1,1.0,0.0,0,nan,nan,nan,0.0,0.003826500260526257
2360,no_feedback,42,1,4,0,0,-1.0,0.0,1,1,0,0,0.0,0.003826500260526257
2361,no_feedback,42,5,3,0,0,-1.0,0.0,1,0,1,0,0.0,0.003826500260526257
2362,no_feedback,42,6,3,0,0,-1.0,0.0,1,0,1,0,0.0,0.003826500260526257
2363,no_feedback,42,8,3,0,0,-1.0,0.0,1,0,1,0,0.0,0.003826500260526257
2364,no_feedback,42,1,5,1,0,-1.0,0.0,1,0,1,0,0.0,0.003826500260526257
2365,no_feedback,42,6,3,0,0,-1.0,0.0,1,0,1,0,0.0,0.003826500260526257
2366,no_feedback,42,0,3,0,0,-1.0,0.0,1,0,1,0,0.0,0.003826500260526257
2367,no_feedback,42,3,3,0,1,1.0,0.0,0,nan,nan,nan,0.0,0.003826500260526257
2368,no_feedback,42,1,2,0,1,1.0,0.0,0,nan,nan,nan,0.0,0.003826500260526257
2369,no_feedback,42,1,1,0,1,1.0,0.0,0,nan,nan,nan,0.0,0.003826500260526257
2370,no_feedback,42,1,0,0,1,1.0,0.0,0,nan,nan,nan,0.0,0.003826500260526257
2371,no_feedback,42,0,0,0,1,1.0,0.0,0,nan,nan,nan,0.0,0.003826500260526257
2372,no_feedback,42,7,0,0,0,-1.0,0.0,1,5,0,1,0.0,0.003826500260526257
2373,no_feedback,42,0,3,0,0,-1.0,0.0,1,0,1,0,0.0,0.003826500260526257
2374,no_feedback,42,3,5,1,0,-1.0,0.0,1,0,1,0,0.0,0.003826500260526257
2375,no_feedback,42,6,3,0,0,-1.0,0.0,1,0,1,0,0.0,0.003826500260526257
2376,no_feedback,42,8,5,1,0,-1.0,0.0,1,0,1,0,0.0,0.003826500260526257
2377,no_feedback,42,7,3,0,0,-1.0,0.0,1,0,1,0,0.0,0.003826500260526257
2378,no_feedback,42,1,3,0,0,-1.0,0.0,1,0,1,0,0.0,0.003826500260526257
2379,no_feedback,42,8,5,1,0,-1.0,0.0,1,0,1,0,0.0,0.003826500260526257
2380,no_feedback,42,5,3,0,0,-1.0,0.0,1,0,1,0,0.0,0.003826500260526257
2381,no_feedback,42,1,5,1,0,-1.0,0.0,1,0,1,0,0.0,0.003826500260526257
2382,no_feedback,42,4,3,0,1,1.0,0.0,0,nan,nan,nan,0.0,0.003826500260526257
2383,no_feedback,42,8,4,1,0,-1.0,0.0,1,1,0,0,0.0,0.003826500260526257
2384,no_feedback,42,3,3,0,1,1.0,0.0,0,nan,nan,nan,0.0,0.003826500260526257
2385,no_feedback,42,1,2,0,1,1.0,0.0,0,nan,nan,nan,0.0,0.003826500260526257
2386,no_feedback,42,7,1,0,0,-1.0,0.0,1,2,0,0,0.0,0.003826500260526257
2387,no_feedback,42,8,3,0,0,-1.0,0.0,1,0,1,0,0.0,0.003826500260526257
2388,no_feedback,42,8,3,0,0,-1.0,0.0,1,0,1,0,0.0,0.003826500260526257
2389,no_feedback,42,8,5,1,0,-1.0,0.0,1,0,1,0,0.0,0.003826500260526257
2390,no_feedback,42,7,5,1,0,-1.0,0.0,1,0,1,0,0.0,0.003826500260526257
2391,no_feedback,42,4,3,0,1,1.0,0.0,0,nan,nan,nan,0.0,0.003826500260526257
2392,no_feedback,42,1,4,1,0,-1.0,0.0,1,1,0,0,0.0,0.003826500260526257
2393,no_feedback,42,5,5,1,1,1.0,0.0,0,nan,nan,nan,0.0,0.003826500260526257
2394,no_feedback,42,1,4,0,0,-1.0,0.0,1,1,0,0,0.0,0.003826500260526257
2395,no_feedback,42,4,3,0,1,1.0,0.0,0,nan,nan,nan,0.0,0.003826500260526257
2396,no_feedback,42,5,2,0,0,-1.0,0.0,1,1,0,0,0.0,0.003826500260526257
2397,no_feedback,42,8,5,1,0,-1.0,0.0,1,0,1,0,0.0,0.003826500260526257
2398,no_feedback,42,2,5,1,0,-1.0,0.0,1,0,1,0,0.0,0.003826500260526257
2399,no_feedback,42,2,5,1,0,-1.0,0.0,1,0,1,0,0.0,0.003826500260526257
2400,no_feedback,42,6,3,0,0,-1.0,0.0,1,0,1,0,0.0,0.003826500260526257
2401,no_feedback,42,0,3,0,0,-1.0,0.0,1,0,1,0,0.0,0.003826500260526257
2402,no_feedback,42,5,3,0,0,-1.0,0.0,1,0,1,0,0.0,0.003826500260526257
2403,no_feedback,42,6,3,0,0,-1.0,0.0,1,0,1,0,0.0,0.003826500260526257
2404,no_feedback,42,4,3,0,1,1.0,0.0,0,nan,nan,nan,0.0,0.003826500260526257
2405,no_feedback,42,3,2,0,1,1.0,0.0,0,nan,nan,nan,0.0,0.003826500260526257
2406,no_feedback,42,7,3,1,0,-1.0,0.0,1,2,0,0,0.0,0.003826500260526257
2407,no_feedback,42,3,5,1,0,-1.0,0.0,1,0,1,0,0.0,0.003826500260526257
2408,no_feedback,42,6,3,0,0,-1.0,0.0,1,0,1,0,0.0,0.003826500260526257
2409,no_feedback,42,4,3,0,1,1.0,0.0,0,nan,nan,nan,0.0,0.003826500260526257
2410,no_feedback,42,0,4,1,0,-1.0,0.0,1,1,0,0,0.0,0.003826500260526257
2411,no_feedback,42,4,3,0,1,1.0,0.0,0,nan,nan,nan,0.0,0.003826500260526257
2412,no_feedback,42,0,4,1,0,-1.0,0.0,1,1,0,0,0.0,0.003826500260526257
2413,no_feedback,42,8,5,1,0,-1.0,0.0,1,0,1,0,0.0,0.003826500260526257
2414,no_feedback,42,5,5,1,1,1.0,0.0,0,nan,nan,nan,0.0,0.003826500260526257
2415,no_feedback,42,3,6,1,0,-1.0,0.0,1,1,0,0,0.0,0.003826500260526257
2416,no_feedback,42,4,3,0,1,1.0,0.0,0,nan,nan,nan,0.0,0.003826500260526257
2417,no_feedback,42,5,2,0,0,-1.0,0.0,1,1,0,0,0.0,0.003826500260526257
2418,no_feedback,42,2,5,1,0,-1.0,0.0,1,0,1,0,0.0,0.003826500260526257
2419,no_feedback,42,2,3,0,1,1.0,0.0,0,nan,nan,nan,0.0,0.003826500260526257
2420,no_feedback,42,3,2,0,1,1.0,0.0,0,nan,nan,nan,0.0,0.003826500260526257
2421,no_feedback,42,2,1,0,1,1.0,0.0,0,nan,nan,nan,0.0,0.003826500260526257
2422,no_feedback,42,6,0,0,0,-1.0,0.0,1,3,0,1,0.0,0.003826500260526257
2423,no_feedback,42,0,3,0,0,-1.0,0.0,1,0,1,0,0.0,0.003826500260526257
2424,no_feedback,42,7,3,0,0,-1.0,0.0,1,0,1,0,0.0,0.003826500260526257
2425,no_feedback,42,3,3,0,1,1.0,0.0,0,nan,nan,nan,0.0,0.003826500260526257
2426,no_feedback,42,5,2,0,0,-1.0,0.0,1,1,0,0,0.0,0.003826500260526257
2427,no_feedback,42,1,5,1,0,-1.0,0.0,1,0,1,0,0.0,0.003826500260526257
2428,no_feedback,42,3,3,0,1,1.0,0.0,0,nan,nan,nan,0.0,0.003826500260526257
2429,no_feedback,42,6,4,1,0,-1.0,0.0,1,1,0,0,0.0,0.003826500260526257
2430,no_feedback,42,2,3,0,1,1.0,0.0,0,nan,nan,nan,0.0,0.003826500260526257
2431,no_feedback,42,1,4,1,0,-1.0,0.0,1,1,0,0,0.0,0.003826500260526257
2432,no_feedback,42,4,3,0,1,1.0,0.0,0,nan,nan,nan,0.0,0.003826500260526257
2433,no_feedback,42,1,4,1,0,-1.0,0.0,1,1,0,0,0.0,0.003826500260526257
2434,no_feedback,42,2,5,1,0,-1.0,0.0,1,0,1,0,0.0,0.003826500260526257
2435,no_feedback,42,4,3,0,1,1.0,0.0,0,nan,nan,nan,0.0,0.003826500260526257
2436,no_feedback,42,5,2,0,0,-1.0,0.0,1,1,0,0,0.0,0.003826500260526257
2437,no_feedback,42,5,3,0,0,-1.0,0.0,1,0,1,0,0.0,0.003826500260526257
2438,no_feedback,42,6,3,0,0,-1.0,0.0,1,0,1,0,0.0,0.003826500260526257
2439,no_feedback,42,7,3,0,0,-1.0,0.0,1,0,1,0,0.0,0.003826500260526257
2440,no_feedback,42,0,3,0,0,-1.0,0.0,1,0,1,0,0.0,0.003826500260526257
2441,no_feedback,42,3,5,1,0,-1.0,0.0,1,0,1,0,0.0,0.003826500260526257
2442,no_feedback,42,0,3,0,0,-1.0,0.0,1,0,1,0,0.0,0.003826500260526257
2443,no_feedback,42,0,3,0,0,-1.0,0.0,1,0,1,0,0.0,0.003826500260526257
2444,no_feedback,42,1,5,1,0,-1.0,0.0,1,0,1,0,0.0,0.003826500260526257
2445,no_feedback,42,5,3,0,0,-1.0,0.0,1,0,1,0,0.0,0.003826500260526257
2446,no_feedback,42,8,5,1,0,-1.0,0.0,1,0,1,0,0.0,0.003826500260526257
2447,no_feedback,42,6,3,0,0,-1.0,0.0,1,0,1,0,0.0,0.003826500260526257
2448,no_feedback,42,5,5,1,1,1.0,0.0,0,nan,nan,nan,0.0,0.003826500260526257
2449,no_feedback,42,7,4,0,0,-1.0,0.0,1,1,0,0,0.0,0.003826500260526257
2450,no_feedback,42,1,5,1,0,-1.0,0.0,1,0,1,0,0.0,0.003826500260526257
2451,no_feedback,42,7,3,0,0,-1.0,0.0,1,0,1,0,0.0,0.003826500260526257
2452,no_feedback,42,8,3,0,0,-1.0,0.0,1,0,1,0,0.0,0.003826500260526257
2453,no_feedback,42,0,3,0,0,-1.0,0.0,1,0,1,0,0.0,0.003826500260526257
2454,no_feedback,42,4,3,0,1,1.0,0.0,0,nan,nan,nan,0.0,0.003826500260526257
2455,no_feedback,42,7,4,1,0,-1.0,0.0,1,1,0,0,0.0,0.003826500260526257
2456,no_feedback,42,4,3,0,1,1.0,0.0,0,nan,nan,nan,0.0,0.003826500260526257
2457,no_feedback,42,7,4,1,0,-1.0,0.0,1,1,0,0,0.0,0.003826500260526257
2458,no_feedback,42,8,5,1,0,-1.0,0.0,1,0,1,0,0.0,0.003826500260526257
2459,no_feedback,42,4,3,0,1,1.0,0.0,0,nan,nan,nan,0.0,0.003826500260526257
2460,no_feedback,42,0,4,1,0,-1.0,0.0,1,1,0,0,0.0,0.003826500260526257
2461,no_feedback,42,3,3,0,1,1.0,0.0,0,nan,nan,nan,0.0,0.003826500260526257
2462,no_feedback,42,1,4,1,0,-1.0,0.0,1,1,0,0,0.0,0.003826500260526257
2463,no_feedback,42,4,3,0,1,1.0,0.0,0,nan,nan,nan,0.0,0.003826500260526257
2464,no_feedback,42,5,2,0,0,-1.0,0.0,1,1,0,0,0.0,0.003826500260526257
2465,no_feedback,42,4,3,0,1,1.0,0.0,0,nan,nan,nan,0.0,0.003826500260526257
2466,no_feedback,42,1,4,1,0,-1.0,0.0,1,1,0,0,0.0,0.003826500260526257
2467,no_feedback,42,2,5,1,0,-1.0,0.0,1,0,1,0,0.0,0.003826500260526257
2468,no_feedback,42,6,3,0,0,-1.0,0.0,1,0,1,0,0.0,0.003826500260526257
2469,no_feedback,42,0,3,0,0,-1.0,0.0,1,0,1,0,0.0,0.003826500260526257
2470,no_feedback,42,1,5,1,0,-1.0,0.0,1,0,1,0,0.0,0.003826500260526257
2471,no_feedback,42,8,5,1,0,-1.0,0.0,1,0,1,0,0.0,0.003826500260526257
2472,no_feedback,42,0,3,0,0,-1.0,0.0,1,0,1,0,0.0,0.003826500260526257
2473,no_feedback,42,3,3,0,1,1.0,0.0,0,nan,nan,nan,0.0,0.003826500260526257
2474,no_feedback,42,1,2,0,1,1.0,0.0,0,nan,nan,nan,0.0,0.003826500260526257
2475,no_feedback,42,0,1,0,1,1.0,0.0,0,nan,nan,nan,0.0,0.003826500260526257
2476,no_feedback,42,3,0,0,0,-1.0,0.0,1,3,0,1,0.0,0.003826500260526257
2477,no_feedback,42,4,3,0,1,1.0,0.0,0,nan,nan,nan,0.0,0.003826500260526257
2478,no_feedback,42,1,4,1,0,-1.0,0.0,1,1,0,0,0.0,0.003826500260526257
2479,no_feedback,42,0,3,0,0,-1.0,0.0,1,0,1,0,0.0,0.003826500260526257
2480,no_feedback,42,1,5,1,0,-1.0,0.0,1,0,1,0,0.0,0.003826500260526257
2481,no_feedback,42,5,5,1,1,1.0,0.0,0,nan,nan,nan,0.0,0.003826500260526257
2482,no_feedback,42,7,6,1,1,1.0,0.0,0,nan,nan,nan,0.0,0.003826500260526257
2483,no_feedback,42,1,7,1,0,-1.0,0.0,1,2,0,0,0.0,0.003826500260526257
2484,no_feedback,42,2,5,1,0,-1.0,0.0,1,0,1,0,0.0,0.003826500260526257
2485,no_feedback,42,3,5,1,0,-1.0,0.0,1,0,1,0,0.0,0.003826500260526257
2486,no_feedback,42,3,5,1,0,-1.0,0.0,1,0,1,0,0.0,0.003826500260526257
2487,no_feedback,42,2,3,0,1,1.0,0.0,0,nan,nan,nan,0.0,0.003826500260526257
2488,no_feedback,42,0,4,1,0,-1.0,0.0,1,1,0,0,0.0,0.003826500260526257
2489,no_feedback,42,4,3,0,1,1.0,0.0,0,nan,nan,nan,0.0,0.003826500260526257
2490,no_feedback,42,3,2,0,1,1.0,0.0,0,nan,nan,nan,0.0,0.003826500260526257
2491,no_feedback,42,3,3,1,1,1.0,0.0,0,nan,nan,nan,0.0,0.003826500260526257
2492,no_feedback,42,2,2,0,1,1.0,0.0,0,nan,nan,nan,0.0,0.003826500260526257
2493,no_feedback,42,8,1,0,0,-1.0,0.0,1,4,0,1,0.0,0.003826500260526257
2494,no_feedback,42,5,5,1,1,1.0,0.0,0,nan,nan,nan,0.0,0.003826500260526257
2495,no_feedback,42,3,4,0,1,1.0,0.0,0,nan,nan,nan,0.0,0.003826500260526257
2496,no_feedback,42,1,5,1,0,-1.0,0.0,1,2,0,0,0.0,0.003826500260526257
2497,no_feedback,42,7,5,1,0,-1.0,0.0,1,0,1,0,0.0,0.003826500260526257
2498,no_feedback,42,7,3,0,0,-1.0,0.0,1,0,1,0,0.0,0.003826500260526257
2499,no_feedback,42,0,3,0,0,-1.0,0.0,1,0,1,0,0.0,0.003826500260526257
2500,no_feedback,42,8,3,0,0,-1.0,0.0,1,0,1,0,0.0,0.003826500260526257
2501,no_feedback,42,6,3,0,0,-1.0,0.0,1,0,1,0,0.0,0.003826500260526257
2502,no_feedback,42,0,3,0,0,-1.0,0.0,1,0,1,0,0.0,0.003826500260526257
2503,no_feedback,42,6,3,0,0,-1.0,0.0,1,0,1,0,0.0,0.003826500260526257
2504,no_feedback,42,0,3,0,0,-1.0,0.0,1,0,1,0,0.0,0.003826500260526257
2505,no_feedback,42,0,3,0,0,-1.0,0.0,1,0,1,0,0.0,0.003826500260526257
2506,no_feedback,42,1,5,1,0,-1.0,0.0,1,0,1,0,0.0,0.003826500260526257
2507,no_feedback,42,4,3,0,1,1.0,0.0,0,nan,nan,nan,0.0,0.003826500260526257
2508,no_feedback,42,5,2,0,0,-1.0,0.0,1,1,0,0,0.0,0.003826500260526257
2509,no_feedback,42,3,5,1,0,-1.0,0.0,1,0,1,0,0.0,0.003826500260526257
2510,no_feedback,42,1,5,1,0,-1.0,0.0,1,0,1,0,0.0,0.003826500260526257
2511,no_feedback,42,1,5,1,0,-1.0,0.0,1,0,1,0,0.0,0.003826500260526257
2512,no_feedback,42,7,3,0,0,-1.0,0.0,1,0,1,0,0.0,0.003826500260526257
2513,no_feedback,42,8,3,0,0,-1.0,0.0,1,0,1,0,0.0,0.003826500260526257
2514,no_feedback,42,6,3,0,0,-1.0,0.0,1,0,1,0,0.0,0.003826500260526257
2515,no_feedback,42,0,3,0,0,-1.0,0.0,1,0,1,0,0.0,0.003826500260526257
2516,no_feedback,42,7,3,0,0,-1.0,0.0,1,0,1,0,0.0,0.003826500260526257
2517,no_feedback,42,6,3,0,0,-1.0,0.0,1,0,1,0,0.0,0.003826500260526257
2518,no_feedback,42,4,3,0,1,1.0,0.0,0,nan,nan,nan,0.0,0.003826500260526257
2519,no_feedback,42,1,4,1,0,-1.0,0.0,1,1,0,0,0.0,0.003826500260526257
2520,no_feedback,42,8,3,0,0,-1.0,0.0,1,0,1,0,0.0,0.003826500260526257
2521,no_feedback,42,3,5,1,0,-1.0,0.0,1,0,1,0,0.0,0.003826500260526257
2522,no_feedback,42,0,3,0,0,-1.0,0.0,1,0,1,0,0.0,0.003826500260526257
2523,no_feedback,42,1,5,1,0,-1.0,0.0,1,0,1,0,0.0,0.003826500260526257
2524,no_feedback,42,3,5,1,0,-1.0,0.0,1,0,1,0,0.0,0.003826500260526257
2525,no_feedback,42,0,3,0,0,-1.0,0.0,1,0,1,0,0.0,0.003826500260526257
2526,no_feedback,42,2,5,1,0,-1.0,0.0,1,0,1,0,0.0,0.003826500260526257
2527,no_feedback,42,4,3,0,1,1.0,0.0,0,nan,nan,nan,0.0,0.003826500260526257
2528,no_feedback,42,8,4,1,0,-1.0,0.0,1,1,0,0,0.0,0.003826500260526257
2529,no_feedback,42,0,5,1,0,-1.0,0.0,1,0,1,0,0.0,0.003826500260526257
2530,no_feedback,42,5,5,1,1,1.0,0.0,0,nan,nan,nan,0.0,0.003826500260526257
2531,no_feedback,42,8,6,1,0,-1.0,0.0,1,1,0,0,0.0,0.003826500260526257
2532,no_feedback,42,7,5,1,0,-1.0,0.0,1,0,1,0,0.0,0.003826500260526257
2533,no_feedback,42,8,3,0,0,-1.0,0.0,1,0,1,0,0.0,0.003826500260526257
2534,no_feedback,42,1,3,0,0,-1.0,0.0,1,0,1,0,0.0,0.003826500260526257
2535,no_feedback,42,7,3,0,0,-1.0,0.0,1,0,1,0,0.0,0.003826500260526257
2536,no_feedback,42,8,5,1,0,-1.0,0.0,1,0,1,0,0.0,0.003826500260526257
2537,no_feedback,42,2,3,0,1,1.0,0.0,0,nan,nan,nan,0.0,0.003826500260526257
2538,no_feedback,42,4,2,0,0,-1.0,0.0,1,1,0,0,0.0,0.003826500260526257
2539,no_feedback,42,4,5,1,1,1.0,0.0,0,nan,nan,nan,0.0,0.003826500260526257
2540,no_feedback,42,4,6,1,0,-1.0,0.0,1,1,0,0,0.0,0.003826500260526257
2541,no_feedback,42,2,5,1,0,-1.0,0.0,1,0,1,0,0.0,0.003826500260526257
2542,no_feedback,42,8,3,0,0,-1.0,0.0,1,0,1,0,0.0,0.003826500260526257
2543,no_feedback,42,8,5,1,0,-1.0,0.0,1,0,1,0,0.0,0.003826500260526257
2544,no_feedback,42,3,3,0,1,1.0,0.0,0,nan,nan,nan,0.0,0.003826500260526257
2545,no_feedback,42,7,2,0,0,-1.0,0.0,1,1,0,0,0.0,0.003826500260526257
2546,no_feedback,42,3,3,0,1,1.0,0.0,0,nan,nan,nan,0.0,0.003826500260526257
2547,no_feedback,42,7,4,1,0,-1.0,0.0,1,1,0,0,0.0,0.003826500260526257
2548,no_feedback,42,5,5,1,1,1.0,0.0,0,nan,nan,nan,0.0,0.003826500260526257
2549,no_feedback,42,4,6,1,0,-1.0,0.0,1,1,0,0,0.0,0.003826500260526257
2550,no_feedback,42,1,3,0,0,-1.0,0.0,1,0,1,0,0.0,0.003826500260526257
2551,no_feedback,42,5,5,1,1,1.0,0.0,0,nan,nan,nan,0.0,0.003826500260526257
2552,no_feedback,42,2,6,1,0,-1.0,0.0,1,1,0,0,0.0,0.003826500260526257
2553,no_feedback,42,1,5,1,0,-1.0,0.0,1,0,1,0,0.0,0.003826500260526257
2554,no_feedback,42,1,3,0,0,-1.0,0.0,1,0,1,0,0.0,0.003826500260526257
2555,no_feedback,42,8,5,1,0,-1.0,0.0,1,0,1,0,0.0,0.003826500260526257
2556,no_feedback,42,0,3,0,0,-1.0,0.0,1,0,1,0,0.0,0.003826500260526257
2557,no_feedback,42,7,5,1,0,-1.0,0.0,1,0,1,0,0.0,0.003826500260526257
2558,no_feedback,42,7,3,0,0,-1.0,0.0,1,0,1,0,0.0,0.003826500260526257
2559,no_feedback,42,0,3,0,0,-1.0,0.0,1,0,1,0,0.0,0.003826500260526257
2560,no_feedback,42,5,3,0,0,-1.0,0.0,1,0,1,0,0.0,0.003826500260526257
2561,no_feedback,42,5,5,1,1,1.0,0.0,0,nan,nan,nan,0.0,0.003826500260526257
2562,no_feedback,42,3,4,0,1,1.0,0.0,0,nan,nan,nan,0.0,0.003826500260526257
2563,no_feedback,42,6,3,0,0,-1.0,0.0,1,2,0,0,0.0,0.003826500260526257
2564,no_feedback,42,3,3,0,1,1.0,0.0,0,nan,nan,nan,0.0,0.003826500260526257
2565,no_feedback,42,3,2,0,1,1.0,0.0,0,nan,nan,nan,0.0,0.003826500260526257
2566,no_feedback,42,3,1,0,0,-1.0,0.0,1,2,0,0,0.0,0.003826500260526257
2567,no_feedback,42,7,3,0,0,-1.0,0.0,1,0,1,0,0.0,0.003826500260526257
2568,no_feedback,42,5,3,0,0,-1.0,0.0,1,0,1,0,0.0,0.003826500260526257
2569,no_feedback,42,3,5,1,0,-1.0,0.0,1,0,1,0,0.0,0.003826500260526257
2570,no_feedback,42,8,3,0,0,-1.0,0.0,1,0,1,0,0.0,0.003826500260526257
2571,no_feedback,42,7,5,1,0,-1.0,0.0,1,0,1,0,0.0,0.003826500260526257
2572,no_feedback,42,8,3,0,0,-1.0,0.0,1,0,1,0,0.0,0.003826500260526257
2573,no_feedback,42,6,3,0,0,-1.0,0.0,1,0,1,0,0.0,0.003826500260526257
2574,no_feedback,42,3,3,0,1,1.0,0.0,0,nan,nan,nan,0.0,0.003826500260526257
2575,no_feedback,42,6,4,1,0,-1.0,0.0,1,1,0,0,0.0,0.003826500260526257
2576,no_feedback,42,2,3,0,1,1.0,0.0,0,nan,nan,nan,0.0,0.003826500260526257
2577,no_feedback,42,2,4,1,0,-1.0,0.0,1,1,0,0,0.0,0.003826500260526257
2578,no_feedback,42,4,3,0,1,1.0,0.0,0,nan,nan,nan,0.0,0.003826500260526257
2579,no_feedback,42,8,2,0,0,-1.0,0.0,1,1,0,0,0.0,0.003826500260526257
2580,no_feedback,42,5,5,1,1,1.0,0.0,0,nan,nan,nan,0.0,0.003826500260526257
2581,no_feedback,42,3,4,0,1,1.0,0.0,0,nan,nan,nan,0.0,0.003826500260526257
2582,no_feedback,42,4,3,0,1,1.0,0.0,0,nan,nan,nan,0.0,0.003826500260526257
2583,no_feedback,42,2,2,0,1,1.0,0.0,0,nan,nan,nan,0.0,0.003826500260526257
2584,no_feedback,42,5,1,0,0,-1.0,0.0,1,4,0,1,0.0,0.003826500260526257
2585,no_feedback,42,3,3,0,1,1.0,0.0,0,nan,nan,nan,0.0,0.003826500260526257
2586,no_feedback,42,4,4,1,1,1.0,0.0,0,nan,nan,nan,0.0,0.003826500260526257
2587,no_feedback,42,3,5,1,0,-1.0,0.0,1,2,0,0,0.0,0.003826500260526257
2588,no_feedback,42,2,5,1,0,-1.0,0.0,1,0,1,0,0.0,0.003826500260526257
2589,no_feedback,42,8,5,1,0,-1.0,0.0,1,0,1,0,0.0,0.003826500260526257
2590,no_feedback,42,3,3,0,1,1.0,0.0,0,nan,nan,nan,0.0,0.003826500260526257
2591,no_feedback,42,0,2,0,0,-1.0,0.0,1,1,0,0,0.0,0.003826500260526257
2592,no_feedback,42,3,3,0,1,1.0,0.0,0,nan,nan,nan,0.0,0.003826500260526257
2593,no_feedback,42,4,2,0,0,-1.0,0.0,1,1,0,0,0.0,0.003826500260526257
2594,no_feedback,42,0,3,0,0,-1.0,0.0,1,0,1,0,0.0,0.003826500260526257
2595,no_feedback,42,2,5,1,0,-1.0,0.0,1,0,1,0,0.0,0.003826500260526257
2596,no_feedback,42,1,5,1,0,-1.0,0.0,1,0,1,0,0.0,0.003826500260526257
2597,no_feedback,42,4,3,0,1,1.0,0.0,0,nan,nan,nan,0.0,0.003826500260526257
2598,no_feedback,42,6,4,1,0,-1.0,0.0,1,1,0,0,0.0,0.003826500260526257
2599,no_feedback,42,8,5,1,0,-1.0,0.0,1,0,1,0,0.0,0.003826500260526257
2600,no_feedback,42,3,5,1,0,-1.0,0.0,1,0,1,0,0.0,0.003826500260526257
2601,no_feedback,42,7,3,0,0,-1.0,0.0,1,0,1,0,0.0,0.003826500260526257
2602,no_feedback,42,1,5,1,0,-1.0,0.0,1,0,1,0,0.0,0.003826500260526257
2603,no_feedback,42,7,3,0,0,-1.0,0.0,1,0,1,0,0.0,0.003826500260526257
2604,no_feedback,42,5,5,1,1,1.0,0.0,0,nan,nan,nan,0.0,0.003826500260526257
2605,no_feedback,42,6,4,0,0,-1.0,0.0,1,1,0,0,0.0,0.003826500260526257
2606,no_feedback,42,6,3,0,0,-1.0,0.0,1,0,1,0,0.0,0.003826500260526257
2607,no_feedback,42,4,3,0,1,1.0,0.0,0,nan,nan,nan,0.0,0.003826500260526257
2608,no_feedback,42,2,2,0,1,1.0,0.0,0,nan,nan,nan,0.0,0.003826500260526257
2609,no_feedback,42,4,1,0,0,-1.0,0.0,1,2,0,0,0.0,0.003826500260526257
2610,no_feedback,42,7,5,1,0,-1.0,0.0,1,0,1,0,0.0,0.003826500260526257
2611,no_feedback,42,8,3,0,0,-1.0,0.0,1,0,1,0,0.0,0.003826500260526257
2612,no_feedback,42,8,5,1,0,-1.0,0.0,1,0,1,0,0.0,0.003826500260526257
2613,no_feedback,42,1,5,1,0,-1.0,0.0,1,0,1,0,0.0,0.003826500260526257
2614,no_feedback,42,5,3,0,0,-1.0,0.0,1,0,1,0,0.0,0.003826500260526257
2615,no_feedback,42,0,3,0,0,-1.0,0.0,1,0,1,0,0.0,0.003826500260526257
2616,no_feedback,42,6,3,0,0,-1.0,0.0,1,0,1,0,0.0,0.003826500260526257
2617,no_feedback,42,8,5,1,0,-1.0,0.0,1,0,1,0,0.0,0.003826500260526257
2618,no_feedback,42,0,3,0,0,-1.0,0.0,1,0,1,0,0.0,0.003826500260526257
2619,no_feedback,42,5,5,1,1,1.0,0.0,0,nan,nan,nan,0.0,0.003826500260526257
2620,no_feedback,42,8,6,1,0,-1.0,0.0,1,1,0,0,0.0,0.003826500260526257
2621,no_feedback,42,7,3,0,0,-1.0,0.0,1,0,1,0,0.0,0.003826500260526257
2622,no_feedback,42,3,3,0,1,1.0,0.0,0,nan,nan,nan,0.0,0.003826500260526257
2623,no_feedback,42,0,4,1,0,-1.0,0.0,1,1,0,0,0.0,0.003826500260526257
2624,no_feedback,42,8,5,1,0,-1.0,0.0,1,0,1,0,0.0,0.003826500260526257
2625,no_feedback,42,8,3,0,0,-1.0,0.0,1,0,1,0,0.0,0.003826500260526257
2626,no_feedback,42,5,5,1,1,1.0,0.0,0,nan,nan,nan,0.0,0.003826500260526257
2627,no_feedback,42,8,4,0,0,-1.0,0.0,1,1,0,0,0.0,0.003826500260526257
2628,no_feedback,42,0,3,0,0,-1.0,0.0,1,0,1,0,0.0,0.003826500260526257
2629,no_feedback,42,5,5,1,1,1.0,0.0,0,nan,nan,nan,0.0,0.003826500260526257
2630,no_feedback,42,0,4,0,0,-1.0,0.0,1,1,0,0,0.0,0.003826500260526257
2631,no_feedback,42,8,3,0,0,-1.0,0.0,1,0,1,0,0.0,0.003826500260526257
2632,no_feedback,42,6,3,0,0,-1.0,0.0,1,0,1,0,0.0,0.003826500260526257
2633,no_feedback,42,8,3,0,0,-1.0,0.0,1,0,1,0,0.0,0.003826500260526257
2634,no_feedback,42,5,3,0,0,-1.0,0.0,1,0,1,0,0.0,0.003826500260526257
2635,no_feedback,42,0,5,1,0,-1.0,0.0,1,0,1,0,0.0,0.003826500260526257
2636,no_feedback,42,0,3,0,0,-1.0,0.0,1,0,1,0,0.0,0.003826500260526257
2637,no_feedback,42,3,3,0,1,1.0,0.0,0,nan,nan,nan,0.0,0.003826500260526257
2638,no_feedback,42,6,2,0,0,-1.0,0.0,1,1,0,0,0.0,0.003826500260526257
2639,no_feedback,42,1,5,1,0,-1.0,0.0,1,0,1,0,0.0,0.003826500260526257
2640,no_feedback,42,7,5,1,0,-1.0,0.0,1,0,1,0,0.0,0.003826500260526257
2641,no_feedback,42,2,5,1,0,-1.0,0.0,1,0,1,0,0.0,0.003826500260526257
2642,no_feedback,42,4,3,0,1,1.0,0.0,0,nan,nan,nan,0.0,0.003826500260526257
2643,no_feedback,42,1,4,1,0,-1.0,0.0,1,1,0,0,0.0,0.003826500260526257
2644,no_feedback,42,4,3,0,1,1.0,0.0,0,nan,nan,nan,0.0,0.003826500260526257
2645,no_feedback,42,4,4,1,1,1.0,0.0,0,nan,nan,nan,0.0,0.003826500260526257
2646,no_feedback,42,0,3,0,0,-1.0,0.0,1,2,0,0,0.0,0.003826500260526257
2647,no_feedback,42,5,5,1,1,1.0,0.0,0,nan,nan,nan,0.0,0.003826500260526257
2648,no_feedback,42,7,4,0,0,-1.0,0.0,1,1,0,0,0.0,0.003826500260526257
2649,no_feedback,42,8,5,1,0,-1.0,0.0,1,0,1,0,0.0,0.003826500260526257
2650,no_feedback,42,2,5,1,0,-1.0,0.0,1,0,1,0,0.0,0.003826500260526257
2651,no_feedback,42,7,5,1,0,-1.0,0.0,1,0,1,0,0.0,0.003826500260526257
2652,no_feedback,42,7,3,0,0,-1.0,0.0,1,0,1,0,0.0,0.003826500260526257
2653,no_feedback,42,8,5,1,0,-1.0,0.0,1,0,1,0,0.0,0.003826500260526257
2654,no_feedback,42,3,5,1,0,-1.0,0.0,1,0,1,0,0.0,0.003826500260526257
2655,no_feedback,42,7,3,0,0,-1.0,0.0,1,0,1,0,0.0,0.003826500260526257
2656,no_feedback,42,5,5,1,1,1.0,0.0,0,nan,nan,nan,0.0,0.003826500260526257
2657,no_feedback,42,0,6,1,0,-1.0,0.0,1,1,0,0,0.0,0.003826500260526257
2658,no_feedback,42,2,5,1,0,-1.0,0.0,1,0,1,0,0.0,0.003826500260526257
2659,no_feedback,42,6,3,0,0,-1.0,0.0,1,0,1,0,0.0,0.003826500260526257
2660,no_feedback,42,1,5,1,0,-1.0,0.0,1,0,1,0,0.0,0.003826500260526257
2661,no_feedback,42,3,5,1,0,-1.0,0.0,1,0,1,0,0.0,0.003826500260526257
2662,no_feedback,42,6,3,0,0,-1.0,0.0,1,0,1,0,0.0,0.003826500260526257
2663,no_feedback,42,1,5,1,0,-1.0,0.0,1,0,1,0,0.0,0.003826500260526257
2664,no_feedback,42,4,3,0,1,1.0,0.0,0,nan,nan,nan,0.0,0.003826500260526257
2665,no_feedback,42,1,2,0,1,1.0,0.0,0,nan,nan,nan,0.0,0.003826500260526257
2666,no_feedback,42,4,1,0,0,-1.0,0.0,1,2,0,0,0.0,0.003826500260526257
2667,no_feedback,42,2,3,0,1,1.0,0.0,0,nan,nan,nan,0.0,0.003826500260526257
2668,no_feedback,42,8,2,0,0,-1.0,0.0,1,1,0,0,0.0,0.003826500260526257
2669,no_feedback,42,0,3,0,0,-1.0,0.0,1,0,1,0,0.0,0.003826500260526257
2670,no_feedback,42,8,5,1,0,-1.0,0.0,1,0,1,0,0.0,0.003826500260526257
2671,no_feedback,42,7,5,1,0,-1.0,0.0,1,0,1,0,0.0,0.003826500260526257
2672,no_feedback,42,7,3,0,0,-1.0,0.0,1,0,1,0,0.0,0.003826500260526257
2673,no_feedback,42,7,5,1,0,-1.0,0.0,1,0,1,0,0.0,0.003826500260526257
2674,no_feedback,42,1,5,1,0,-1.0,0.0,1,0,1,0,0.0,0.003826500260526257
2675,no_feedback,42,8,5,1,0,-1.0,0.0,1,0,1,0,0.0,0.003826500260526257
2676,no_feedback,42,5,5,1,1,1.0,0.0,0,nan,nan,nan,0.0,0.003826500260526257
2677,no_feedback,42,8,6,1,0,-1.0,0.0,1,1,0,0,0.0,0.003826500260526257
2678,no_feedback,42,7,3,0,0,-1.0,0.0,1,0,1,0,0.0,0.003826500260526257
2679,no_feedback,42,5,5,1,1,1.0,0.0,0,nan,nan,nan,0.0,0.003826500260526257
2680,no_feedback,42,3,6,1,0,-1.0,0.0,1,1,0,0,0.0,0.003826500260526257
2681,no_feedback,42,1,5,1,0,-1.0,0.0,1,0,1,0,0.0,0.003826500260526257
2682,no_feedback,42,0,3,0,0,-1.0,0.0,1,0,1,0,0.0,0.003826500260526257
2683,no_feedback,42,3,5,1,0,-1.0,0.0,1,0,1,0,0.0,0.003826500260526257
2684,no_feedback,42,7,3,0,0,-1.0,0.0,1,0,1,0,0.0,0.003826500260526257
2685,no_feedback,42,4,3,0,1,1.0,0.0,0,nan,nan,nan,0.0,0.003826500260526257
2686,no_feedback,42,4,4,1,1,1.0,0.0,0,nan,nan,nan,0.0,0.003826500260526257
2687,no_feedback,42,2,5,1,0,-1.0,0.0,1,2,0,0,0.0,0.003826500260526257
2688,no_feedback,42,5,3,0,0,-1.0,0.0,1,0,1,0,0.0,0.003826500260526257
2689,no_feedback,42,5,5,1,1,1.0,0.0,0,nan,nan,nan,0.0,0.003826500260526257
2690,no_feedback,42,8,4,0,0,-1.0,0.0,1,1,0,0,0.0,0.003826500260526257
2691,no_feedback,42,6,3,0,0,-1.0,0.0,1,0,1,0,0.0,0.003826500260526257
2692,no_feedback,42,5,5,1,1,1.0,0.0,0,nan,nan,nan,0.0,0.003826500260526257
2693,no_feedback,42,8,4,0,0,-1.0,0.0,1,1,0,0,0.0,0.003826500260526257
2694,no_feedback,42,3,5,1,0,-1.0,0.0,1,0,1,0,0.0,0.003826500260526257
2695,no_feedback,42,8,3,0,0,-1.0,0.0,1,0,1,0,0.0,0.003826500260526257
2696,no_feedback,42,3,3,0,1,1.0,0.0,0,nan,nan,nan,0.0,0.003826500260526257
2697,no_feedback,42,1,2,0,1,1.0,0.0,0,nan,nan,nan,0.0,0.003826500260526257
2698,no_feedback,42,3,3,1,1,1.0,0.0,0,nan,nan,nan,0.0,0.003826500260526257
2699,no_feedback,42,1,2,0,1,1.0,0.0,0,nan,nan,nan,0.0,0.003826500260526257
2700,no_feedback,42,1,3,1,0,-1.0,0.0,1,4,0,1,0.0,0.003826500260526257
2701,no_feedback,42,7,5,1,0,-1.0,0.0,1,0,1,0,0.0,0.003826500260526257
2702,no_feedback,42,7,3,0,0,-1.0,0.0,1,0,1,0,0.0,0.003826500260526257
2703,no_feedback,42,1,5,1,0,-1.0,0.0,1,0,1,0,0.0,0.003826500260526257
2704,no_feedback,42,7,3,0,0,-1.0,0.0,1,0,1,0,0.0,0.003826500260526257
2705,no_feedback,42,0,3,0,0,-1.0,0.0,1,0,1,0,0.0,0.003826500260526257
2706,no_feedback,42,2,3,0,1,1.0,0.0,0,nan,nan,nan,0.0,0.003826500260526257
2707,no_feedback,42,6,2,0,0,-1.0,0.0,1,1,0,0,0.0,0.003826500260526257
2708,no_feedback,42,2,3,0,1,1.0,0.0,0,nan,nan,nan,0.0,0.003826500260526257
2709,no_feedback,42,6,4,1,0,-1.0,0.0,1,1,0,0,0.0,0.003826500260526257
2710,no_feedback,42,7,3,0,0,-1.0,0.0,1,0,1,0,0.0,0.003826500260526257
2711,no_feedback,42,0,3,0,0,-1.0,0.0,1,0,1,0,0.0,0.003826500260526257
2712,no_feedback,42,0,3,0,0,-1.0,0.0,1,0,1,0,0.0,0.003826500260526257
2713,no_feedback,42,8,5,1,0,-1.0,0.0,1,0,1,0,0.0,0.003826500260526257
2714,no_feedback,42,4,3,0,1,1.0,0.0,0,nan,nan,nan,0.0,0.003826500260526257
2715,no_feedback,42,4,4,1,1,1.0,0.0,0,nan,nan,nan,0.0,0.003826500260526257
2716,no_feedback,42,4,3,0,1,1.0,0.0,0,nan,nan,nan,0.0,0.003826500260526257
2717,no_feedback,42,3,2,0,1,1.0,0.0,0,nan,nan,nan,0.0,0.003826500260526257
2718,no_feedback,42,6,3,1,0,-1.0,0.0,1,4,0,1,0.0,0.003826500260526257
2719,no_feedback,42,5,3,0,0,-1.0,0.0,1,0,1,0,0.0,0.003826500260526257
2720,no_feedback,42,1,5,1,0,-1.0,0.0,1,0,1,0,0.0,0.003826500260526257
2721,no_feedback,42,5,3,0,0,-1.0,0.0,1,0,1,0,0.0,0.003826500260526257
2722,no_feedback,42,6,3,0,0,-1.0,0.0,1,0,1,0,0.0,0.003826500260526257
2723,no_feedback,42,1,5,1,0,-1.0,0.0,1,0,1,0,0.0,0.003826500260526257
2724,no_feedback,42,3,3,0,1,1.0,0.0,0,nan,nan,nan,0.0,0.003826500260526257
2725,no_feedback,42,7,4,1,0,-1.0,0.0,1,1,0,0,0.0,0.003826500260526257
2726,no_feedback,42,5,5,1,1,1.0,0.0,0,nan,nan,nan,0.0,0.003826500260526257
2727,no_feedback,42,1,4,0,0,-1.0,0.0,1,1,0,0,0.0,0.003826500260526257
2728,no_feedback,42,0,3,0,0,-1.0,0.0,1,0,1,0,0.0,0.003826500260526257
2729,no_feedback,42,5,3,0,0,-1.0,0.0,1,0,1,0,0.0,0.003826500260526257
2730,no_feedback,42,4,3,0,1,1.0,0.0,0,nan,nan,nan,0.0,0.003826500260526257
2731,no_feedback,42,8,4,1,0,-1.0,0.0,1,1,0,0,0.0,0.003826500260526257
2732,no_feedback,42,4,3,0,1,1.0,0.0,0,nan,nan,nan,0.0,0.003826500260526257
2733,no_feedback,42,8,4,1,0,-1.0,0.0,1,1,0,0,0.0,0.003826500260526257
2734,no_feedback,42,1,5,1,0,-1.0,0.0,1,0,1,0,0.0,0.003826500260526257
2735,no_feedback,42,4,3,0,1,1.0,0.0,0,nan,nan,nan,0.0,0.003826500260526257
2736,no_feedback,42,1,4,1,0,-1.0,0.0,1,1,0,0,0.0,0.003826500260526257
2737,no_feedback,42,5,3,0,0,-1.0,0.0,1,0,1,0,0.0,0.003826500260526257
2738,no_feedback,42,1,5,1,0,-1.0,0.0,1,0,1,0,0.0,0.003826500260526257
2739,no_feedback,42,4,3,0,1,1.0,0.0,0,nan,nan,nan,0.0,0.003826500260526257
2740,no_feedback,42,3,2,0,1,1.0,0.0,0,nan,nan,nan,0.0,0.003826500260526257
2741,no_feedback,42,1,1,0,1,1.0,0.0,0,nan,nan,nan,0.0,0.003826500260526257
2742,no_feedback,42,0,0,0,1,1.0,0.0,0,nan,nan,nan,0.0,0.003826500260526257
2743,no_feedback,42,4,1,1,0,-1.0,0.0,1,4,0,1,0.0,0.003826500260526257
2744,no_feedback,42,8,5,1,0,-1.0,0.0,1,0,1,0,0.0,0.003826500260526257
2745,no_feedback,42,1,5,1,0,-1.0,0.0,1,0,1,0,0.0,0.003826500260526257
2746,no_feedback,42,3,3,0,1,1.0,0.0,0,nan,nan,nan,0.0,0.003826500260526257
2747,no_feedback,42,2,4,1,0,-1.0,0.0,1,1,0,0,0.0,0.003826500260526257
2748,no_feedback,42,7,5,1,0,-1.0,0.0,1,0,1,0,0.0,0.003826500260526257
2749,no_feedback,42,3,5,1,0,-1.0,0.0,1,0,1,0,0.0,0.003826500260526257
2750,no_feedback,42,8,5,1,0,-1.0,0.0,1,0,1,0,0.0,0.003826500260526257
2751,no_feedback,42,2,3,0,1,1.0,0.0,0,nan,nan,nan,0.0,0.003826500260526257
2752,no_feedback,42,0,4,1,0,-1.0,0.0,1,1,0,0,0.0,0.003826500260526257
2753,no_feedback,42,5,3,0,0,-1.0,0.0,1,0,1,0,0.0,0.003826500260526257
2754,no_feedback,42,5,5,1,1,1.0,0.0,0,nan,nan,nan,0.0,0.003826500260526257
2755,no_feedback,42,8,6,1,0,-1.0,0.0,1,1,0,0,0.0,0.003826500260526257
2756,no_feedback,42,7,5,1,0,-1.0,0.0,1,0,1,0,0.0,0.003826500260526257
2757,no_feedback,42,7,3,0,0,-1.0,0.0,1,0,1,0,0.0,0.003826500260526257
2758,no_feedback,42,5,5,1,1,1.0,0.0,0,nan,nan,nan,0.0,0.003826500260526257
2759,no_feedback,42,3,6,1,0,-1.0,0.0,1,1,0,0,0.0,0.003826500260526257
2760,no_feedback,42,3,3,0,1,1.0,0.0,0,nan,nan,nan,0.0,0.003826500260526257
2761,no_feedback,42,1,4,1,0,-1.0,0.0,1,1,0,0,0.0,0.003826500260526257
2762,no_feedback,42,3,3,0,1,1.0,0.0,0,nan,nan,nan,0.0,0.003826500260526257
2763,no_feedback,42,3,2,0,1,1.0,0.0,0,nan,nan,nan,0.0,0.003826500260526257
2764,no_feedback,42,0,1,0,1,1.0,0.0,0,nan,nan,nan,0.0,0.003826500260526257
2765,no_feedback,42,1,0,0,1,1.0,0.0,0,nan,nan,nan,0.0,0.003826500260526257
2766,no_feedback,42,4,0,0,0,-1.0,0.0,1,4,0,1,0.0,0.003826500260526257
2767,no_feedback,42,3,3,0,1,1.0,0.0,0,nan,nan,nan,0.0,0.003826500260526257
2768,no_feedback,42,8,2,0,0,-1.0,0.0,1,1,0,0,0.0,0.003826500260526257
2769,no_feedback,42,4,3,0,1,1.0,0.0,0,nan,nan,nan,0.0,0.003826500260526257
2770,no_feedback,42,8,2,0,0,-1.0,0.0,1,1,0,0,0.0,0.003826500260526257
2771,no_feedback,42,5,3,0,0,-1.0,0.0,1,0,1,0,0.0,0.003826500260526257
2772,no_feedback,42,0,3,0,0,-1.0,0.0,1,0,1,0,0.0,0.003826500260526257
2773,no_feedback,42,1,5,1,0,-1.0,0.0,1,0,1,0,0.0,0.003826500260526257
2774,no_feedback,42,6,3,0,0,-1.0,0.0,1,0,1,0,0.0,0.003826500260526257
2775,no_feedback,42,4,3,0,1,1.0,0.0,0,nan,nan,nan,0.0,0.003826500260526257
2776,no_feedback,42,2,4,1,0,-1.0,0.0,1,1,0,0,0.0,0.003826500260526257
2777,no_feedback,42,4,3,0,1,1.0,0.0,0,nan,nan,nan,0.0,0.003826500260526257
2778,no_feedback,42,8,2,0,0,-1.0,0.0,1,1,0,0,0.0,0.003826500260526257
2779,no_feedback,42,3,3,0,1,1.0,0.0,0,nan,nan,nan,0.0,0.003826500260526257
2780,no_feedback,42,0,4,1,0,-1.0,0.0,1,1,0,0,0.0,0.003826500260526257
2781,no_feedback,42,2,3,0,1,1.0,0.0,0,nan,nan,nan,0.0,0.003826500260526257
2782,no_feedback,42,8,4,1,0,-1.0,0.0,1,1,0,0,0.0,0.003826500260526257
2783,no_feedback,42,6,3,0,0,-1.0,0.0,1,0,1,0,0.0,0.003826500260526257
2784,no_feedback,42,7,5,1,0,-1.0,0.0,1,0,1,0,0.0,0.003826500260526257
2785,no_feedback,42,8,3,0,0,-1.0,0.0,1,0,1,0,0.0,0.003826500260526257
2786,no_feedback,42,1,5,1,0,-1.0,0.0,1,0,1,0,0.0,0.003826500260526257
2787,no_feedback,42,2,5,1,0,-1.0,0.0,1,0,1,0,0.0,0.003826500260526257
2788,no_feedback,42,0,3,0,0,-1.0,0.0,1,0,1,0,0.0,0.003826500260526257
2789,no_feedback,42,0,3,0,0,-1.0,0.0,1,0,1,0,0.0,0.003826500260526257
2790,no_feedback,42,7,3,0,0,-1.0,0.0,1,0,1,0,0.0,0.003826500260526257
2791,no_feedback,42,8,3,0,0,-1.0,0.0,1,0,1,0,0.0,0.003826500260526257
2792,no_feedback,42,1,5,1,0,-1.0,0.0,1,0,1,0,0.0,0.003826500260526257
2793,no_feedback,42,6,3,0,0,-1.0,0.0,1,0,1,0,0.0,0.003826500260526257
2794,no_feedback,42,4,3,0,1,1.0,0.0,0,nan,nan,nan,0.0,0.003826500260526257
2795,no_feedback,42,0,4,1,0,-1.0,0.0,1,1,0,0,0.0,0.003826500260526257
2796,no_feedback,42,8,3,0,0,-1.0,0.0,1,0,1,0,0.0,0.003826500260526257
2797,no_feedback,42,7,5,1,0,-1.0,0.0,1,0,1,0,0.0,0.003826500260526257
2798,no_feedback,42,5,3,0,0,-1.0,0.0,1,0,1,0,0.0,0.003826500260526257
2799,no_feedback,42,6,3,0,0,-1.0,0.0,1,0,1,0,0.0,0.003826500260526257
2800,no_feedback,42,3,3,0,1,1.0,0.0,0,nan,nan,nan,0.0,0.003826500260526257
2801,no_feedback,42,7,2,0,0,-1.0,0.0,1,1,0,0,0.0,0.003826500260526257
2802,no_feedback,42,4,3,0,1,1.0,0.0,0,nan,nan,nan,0.0,0.003826500260526257
2803,no_feedback,42,8,2,0,0,-1.0,0.0,1,1,0,0,0.0,0.003826500260526257
2804,no_feedback,42,0,3,0,0,-1.0,0.0,1,0,1,0,0.0,0.003826500260526257
2805,no_feedback,42,1,5,1,0,-1.0,0.0,1,0,1,0,0.0,0.003826500260526257
2806,no_feedback,42,8,5,1,0,-1.0,0.0,1,0,1,0,0.0,0.003826500260526257
2807,no_feedback,42,2,5,1,0,-1.0,0.0,1,0,1,0,0.0,0.003826500260526257
2808,no_feedback,42,2,5,1,0,-1.0,0.0,1,0,1,0,0.0,0.003826500260526257
2809,no_feedback,42,7,5,1,0,-1.0,0.0,1,0,1,0,0.0,0.003826500260526257
2810,no_feedback,42,1,5,1,0,-1.0,0.0,1,0,1,0,0.0,0.003826500260526257
2811,no_feedback,42,4,3,0,1,1.0,0.0,0,nan,nan,nan,0.0,0.003826500260526257
2812,no_feedback,42,2,4,1,0,-1.0,0.0,1,1,0,0,0.0,0.003826500260526257
2813,no_feedback,42,1,5,1,0,-1.0,0.0,1,0,1,0,0.0,0.003826500260526257
2814,no_feedback,42,8,5,1,0,-1.0,0.0,1,0,1,0,0.0,0.003826500260526257
2815,no_feedback,42,1,5,1,0,-1.0,0.0,1,0,1,0,0.0,0.003826500260526257
2816,no_feedback,42,0,3,0,0,-1.0,0.0,1,0,1,0,0.0,0.003826500260526257
2817,no_feedback,42,6,3,0,0,-1.0,0.0,1,0,1,0,0.0,0.003826500260526257
2818,no_feedback,42,7,3,0,0,-1.0,0.0,1,0,1,0,0.0,0.003826500260526257
2819,no_feedback,42,1,5,1,0,-1.0,0.0,1,0,1,0,0.0,0.003826500260526257
2820,no_feedback,42,6,3,0,0,-1.0,0.0,1,0,1,0,0.0,0.003826500260526257
2821,no_feedback,42,4,3,0,1,1.0,0.0,0,nan,nan,nan,0.0,0.003826500260526257
2822,no_feedback,42,7,4,1,0,-1.0,0.0,1,1,0,0,0.0,0.003826500260526257
2823,no_feedback,42,1,5,1,0,-1.0,0.0,1,0,1,0,0.0,0.003826500260526257
2824,no_feedback,42,8,3,0,0,-1.0,0.0,1,0,1,0,0.0,0.003826500260526257
2825,no_feedback,42,5,3,0,0,-1.0,0.0,1,0,1,0,0.0,0.003826500260526257
2826,no_feedback,42,7,5,1,0,-1.0,0.0,1,0,1,0,0.0,0.003826500260526257
2827,no_feedback,42,3,5,1,0,-1.0,0.0,1,0,1,0,0.0,0.003826500260526257
2828,no_feedback,42,8,3,0,0,-1.0,0.0,1,0,1,0,0.0,0.003826500260526257
2829,no_feedback,42,5,5,1,1,1.0,0.0,0,nan,nan,nan,0.0,0.003826500260526257
2830,no_feedback,42,1,4,0,0,-1.0,0.0,1,1,0,0,0.0,0.003826500260526257
2831,no_feedback,42,8,5,1,0,-1.0,0.0,1,0,1,0,0.0,0.003826500260526257
2832,no_feedback,42,7,3,0,0,-1.0,0.0,1,0,1,0,0.0,0.003826500260526257
2833,no_feedback,42,2,5,1,0,-1.0,0.0,1,0,1,0,0.0,0.003826500260526257
2834,no_feedback,42,4,3,0,1,1.0,0.0,0,nan,nan,nan,0.0,0.003826500260526257
2835,no_feedback,42,3,2,0,1,1.0,0.0,0,nan,nan,nan,0.0,0.003826500260526257
2836,no_feedback,42,4,1,0,0,-1.0,0.0,1,2,0,0,0.0,0.003826500260526257
2837,no_feedback,42,8,5,1,0,-1.0,0.0,1,0,1,0,0.0,0.003826500260526257
2838,no_feedback,42,8,3,0,0,-1.0,0.0,1,0,1,0,0.0,0.003826500260526257
2839,no_feedback,42,1,5,1,0,-1.0,0.0,1,0,1,0,0.0,0.003826500260526257
2840,no_feedback,42,8,5,1,0,-1.0,0.0,1,0,1,0,0.0,0.003826500260526257
2841,no_feedback,42,3,5,1,0,-1.0,0.0,1,0,1,0,0.0,0.003826500260526257
2842,no_feedback,42,6,3,0,0,-1.0,0.0,1,0,1,0,0.0,0.003826500260526257
2843,no_feedback,42,6,3,0,0,-1.0,0.0,1,0,1,0,0.0,0.003826500260526257
2844,no_feedback,42,4,3,0,1,1.0,0.0,0,nan,nan,nan,0.0,0.003826500260526257
2845,no_feedback,42,4,4,1,1,1.0,0.0,0,nan,nan,nan,0.0,0.003826500260526257
2846,no_feedback,42,4,3,0,1,1.0,0.0,0,nan,nan,nan,0.0,0.003826500260526257
2847,no_feedback,42,7,4,1,0,-1.0,0.0,1,3,0,1,0.0,0.003826500260526257
2848,no_feedback,42,3,5,1,0,-1.0,0.0,1,0,1,0,0.0,0.003826500260526257
2849,no_feedback,42,2,5,1,0,-1.0,0.0,1,0,1,0,0.0,0.003826500260526257
2850,no_feedback,42,3,5,1,0,-1.0,0.0,1,0,1,0,0.0,0.003826500260526257
2851,no_feedback,42,1,5,1,0,-1.0,0.0,1,0,1,0,0.0,0.003826500260526257
2852,no_feedback,42,3,5,1,0,-1.0,0.0,1,0,1,0,0.0,0.003826500260526257
2853,no_feedback,42,1,5,1,0,-1.0,0.0,1,0,1,0,0.0,0.003826500260526257
2854,no_feedback,42,0,3,0,0,-1.0,0.0,1,0,1,0,0.0,0.003826500260526257
2855,no_feedback,42,6,3,0,0,-1.0,0.0,1,0,1,0,0.0,0.003826500260526257
2856,no_feedback,42,0,3,0,0,-1.0,0.0,1,0,1,0,0.0,0.003826500260526257
2857,no_feedback,42,5,5,1,1,1.0,0.0,0,nan,nan,nan,0.0,0.003826500260526257
2858,no_feedback,42,7,4,0,0,-1.0,0.0,1,1,0,0,0.0,0.003826500260526257
2859,no_feedback,42,6,3,0,0,-1.0,0.0,1,0,1,0,0.0,0.003826500260526257
2860,no_feedback,42,4,3,0,1,1.0,0.0,0,nan,nan,nan,0.0,0.003826500260526257
2861,no_feedback,42,1,4,1,0,-1.0,0.0,1,1,0,0,0.0,0.003826500260526257
2862,no_feedback,42,8,5,1,0,-1.0,0.0,1,0,1,0,0.0,0.003826500260526257
2863,no_feedback,42,7,5,1,0,-1.0,0.0,1,0,1,0,0.0,0.003826500260526257
2864,no_feedback,42,5,3,0,0,-1.0,0.0,1,0,1,0,0.0,0.003826500260526257
2865,no_feedback,42,0,3,0,0,-1.0,0.0,1,0,1,0,0.0,0.003826500260526257
2866,no_feedback,42,0,3,0,0,-1.0,0.0,1,0,1,0,0.0,0.003826500260526257
2867,no_feedback,42,2,5,1,0,-1.0,0.0,1,0,1,0,0.0,0.003826500260526257
2868,no_feedback,42,1,5,1,0,-1.0,0.0,1,0,1,0,0.0,0.003826500260526257
2869,no_feedback,42,7,5,1,0,-1.0,0.0,1,0,1,0,0.0,0.003826500260526257
2870,no_feedback,42,1,5,1,0,-1.0,0.0,1,0,1,0,0.0,0.003826500260526257
2871,no_feedback,42,2,3,0,1,1.0,0.0,0,nan,nan,nan,0.0,0.003826500260526257
2872,no_feedback,42,8,2,0,0,-1.0,0.0,1,1,0,0,0.0,0.003826500260526257
2873,no_feedback,42,7,5,1,0,-1.0,0.0,1,0,1,0,0.0,0.003826500260526257
2874,no_feedback,42,1,5,1,0,-1.0,0.0,1,0,1,0,0.0,0.003826500260526257
2875,no_feedback,42,3,3,0,1,1.0,0.0,0,nan,nan,nan,0.0,0.003826500260526257
2876,no_feedback,42,4,2,0,0,-1.0,0.0,1,1,0,0,0.0,0.003826500260526257
2877,no_feedback,42,5,5,1,1,1.0,0.0,0,nan,nan,nan,0.0,0.003826500260526257
2878,no_feedback,42,8,6,1,0,-1.0,0.0,1,1,0,0,0.0,0.003826500260526257
2879,no_feedback,42,7,5,1,0,-1.0,0.0,1,0,1,0,0.0,0.003826500260526257
2880,no_feedback,42,8,3,0,0,-1.0,0.0,1,0,1,0,0.0,0.003826500260526257
2881,no_feedback,42,0,3,0,0,-1.0,0.0,1,0,1,0,0.0,0.003826500260526257
2882,no_feedback,42,2,3,0,1,1.0,0.0,0,nan,nan,nan,0.0,0.003826500260526257
2883,no_feedback,42,5,2,0,0,-1.0,0.0,1,1,0,0,0.0,0.003826500260526257
2884,no_feedback,42,0,3,0,0,-1.0,0.0,1,0,1,0,0.0,0.003826500260526257
2885,no_feedback,42,3,3,0,1,1.0,0.0,0,nan,nan,nan,0.0,0.003826500260526257
2886,no_feedback,42,1,2,0,1,1.0,0.0,0,nan,nan,nan,0.0,0.003826500260526257
2887,no_feedback,42,8,1,0,0,-1.0,0.0,1,2,0,0,0.0,0.003826500260526257
2888,no_feedback,42,0,3,0,0,-1.0,0.0,1,0,1,0,0.0,0.003826500260526257
2889,no_feedback,42,1,5,1,0,-1.0,0.0,1,0,1,0,0.0,0.003826500260526257
2890,no_feedback,42,1,5,1,0,-1.0,0.0,1,0,1,0,0.0,0.003826500260526257
2891,no_feedback,42,1,5,1,0,-1.0,0.0,1,0,1,0,0.0,0.003826500260526257
2892,no_feedback,42,5,3,0,0,-1.0,0.0,1,0,1,0,0.0,0.003826500260526257
2893,no_feedback,42,3,3,0,1,1.0,0.0,0,nan,nan,nan,0.0,0.003826500260526257
2894,no_feedback,42,8,4,1,0,-1.0,0.0,1,1,0,0,0.0,0.003826500260526257
2895,no_feedback,42,2,3,0,1,1.0,0.0,0,nan,nan,nan,0.0,0.003826500260526257
2896,no_feedback,42,4,2,0,0,-1.0,0.0,1,1,0,0,0.0,0.003826500260526257
2897,no_feedback,42,5,3,0,0,-1.0,0.0,1,0,1,0,0.0,0.003826500260526257
2898,no_feedback,42,5,3,0,0,-1.0,0.0,1,0,1,0,0.0,0.003826500260526257
2899,no_feedback,42,7,3,0,0,-1.0,0.0,1,0,1,0,0.0,0.003826500260526257
2900,no_feedback,42,1,5,1,0,-1.0,0.0,1,0,1,0,0.0,0.003826500260526257
2901,no_feedback,42,4,3,0,1,1.0,0.0,0,nan,nan,nan,0.0,0.003826500260526257
2902,no_feedback,42,7,4,1,0,-1.0,0.0,1,1,0,0,0.0,0.003826500260526257
2903,no_feedback,42,7,5,1,0,-1.0,0.0,1,0,1,0,0.0,0.003826500260526257
2904,no_feedback,42,5,5,1,1,1.0,0.0,0,nan,nan,nan,0.0,0.003826500260526257
2905,no_feedback,42,5,4,0,1,1.0,0.0,0,nan,nan,nan,0.0,0.003826500260526257
2906,no_feedback,42,7,5,1,0,-1.0,0.0,1,2,0,0,0.0,0.003826500260526257
2907,no_feedback,42,5,5,1,1,1.0,0.0,0,nan,nan,nan,0.0,0.003826500260526257
2908,no_feedback,42,8,6,1,0,-1.0,0.0,1,1,0,0,0.0,0.003826500260526257
2909,no_feedback,42,1,5,1,0,-1.0,0.0,1,0,1,0,0.0,0.003826500260526257
2910,no_feedback,42,3,5,1,0,-1.0,0.0,1,0,1,0,0.0,0.003826500260526257
2911,no_feedback,42,1,5,1,0,-1.0,0.0,1,0,1,0,0.0,0.003826500260526257
2912,no_feedback,42,0,3,0,0,-1.0,0.0,1,0,1,0,0.0,0.003826500260526257
2913,no_feedback,42,4,3,0,1,1.0,0.0,0,nan,nan,nan,0.0,0.003826500260526257
2914,no_feedback,42,2,2,0,1,1.0,0.0,0,nan,nan,nan,0.0,0.003826500260526257
2915,no_feedback,42,3,3,1,1,1.0,0.0,0,nan,nan,nan,0.0,0.003826500260526257
2916,no_feedback,42,3,2,0,1,1.0,0.0,0,nan,nan,nan,0.0,0.003826500260526257
2917,no_feedback,42,5,3,1,0,-1.0,0.0,1,4,0,1,0.0,0.003826500260526257
2918,no_feedback,42,8,3,0,0,-1.0,0.0,1,0,1,0,0.0,0.003826500260526257
2919,no_feedback,42,7,3,0,0,-1.0,0.0,1,0,1,0,0.0,0.003826500260526257
2920,no_feedback,42,3,3,0,1,1.0,0.0,0,nan,nan,nan,0.0,0.003826500260526257
2921,no_feedback,42,2,4,1,0,-1.0,0.0,1,1,0,0,0.0,0.003826500260526257
2922,no_feedback,42,6,3,0,0,-1.0,0.0,1,0,1,0,0.0,0.003826500260526257
2923,no_feedback,42,1,5,1,0,-1.0,0.0,1,0,1,0,0.0,0.003826500260526257
2924,no_feedback,42,4,3,0,1,1.0,0.0,0,nan,nan,nan,0.0,0.003826500260526257
2925,no_feedback,42,3,2,0,1,1.0,0.0,0,nan,nan,nan,0.0,0.003826500260526257
2926,no_feedback,42,1,3,1,0,-1.0,0.0,1,2,0,0,0.0,0.003826500260526257
2927,no_feedback,42,5,3,0,0,-1.0,0.0,1,0,1,0,0.0,0.003826500260526257
2928,no_feedback,42,2,3,0,1,1.0,0.0,0,nan,nan,nan,0.0,0.003826500260526257
2929,no_feedback,42,1,4,1,0,-1.0,0.0,1,1,0,0,0.0,0.003826500260526257
2930,no_feedback,42,5,3,0,0,-1.0,0.0,1,0,1,0,0.0,0.003826500260526257
2931,no_feedback,42,1,5,1,0,-1.0,0.0,1,0,1,0,0.0,0.003826500260526257
2932,no_feedback,42,6,3,0,0,-1.0,0.0,1,0,1,0,0.0,0.003826500260526257
2933,no_feedback,42,1,5,1,0,-1.0,0.0,1,0,1,0,0.0,0.003826500260526257
2934,no_feedback,42,3,5,1,0,-1.0,0.0,1,0,1,0,0.0,0.003826500260526257
2935,no_feedback,42,7,5,1,0,-1.0,0.0,1,0,1,0,0.0,0.003826500260526257
2936,no_feedback,42,2,5,1,0,-1.0,0.0,1,0,1,0,0.0,0.003826500260526257
2937,no_feedback,42,6,3,0,0,-1.0,0.0,1,0,1,0,0.0,0.003826500260526257
2938,no_feedback,42,6,3,0,0,-1.0,0.0,1,0,1,0,0.0,0.003826500260526257
2939,no_feedback,42,8,5,1,0,-1.0,0.0,1,0,1,0,0.0,0.003826500260526257
2940,no_feedback,42,1,5,1,0,-1.0,0.0,1,0,1,0,0.0,0.003826500260526257
2941,no_feedback,42,6,3,0,0,-1.0,0.0,1,0,1,0,0.0,0.003826500260526257
2942,no_feedback,42,8,3,0,0,-1.0,0.0,1,0,1,0,0.0,0.003826500260526257
2943,no_feedback,42,6,3,0,0,-1.0,0.0,1,0,1,0,0.0,0.003826500260526257
2944,no_feedback,42,1,5,1,0,-1.0,0.0,1,0,1,0,0.0,0.003826500260526257
2945,no_feedback,42,7,3,0,0,-1.0,0.0,1,0,1,0,0.0,0.003826500260526257
2946,no_feedback,42,0,3,0,0,-1.0,0.0,1,0,1,0,0.0,0.003826500260526257
2947,no_feedback,42,5,5,1,1,1.0,0.0,0,nan,nan,nan,0.0,0.003826500260526257
2948,no_feedback,42,4,6,1,0,-1.0,0.0,1,1,0,0,0.0,0.003826500260526257
2949,no_feedback,42,4,3,0,1,1.0,0.0,0,nan,nan,nan,0.0,0.003826500260526257
2950,no_feedback,42,4,4,1,1,1.0,0.0,0,nan,nan,nan,0.0,0.003826500260526257
2951,no_feedback,42,0,3,0,0,-1.0,0.0,1,2,0,0,0.0,0.003826500260526257
2952,no_feedback,42,4,3,0,1,1.0,0.0,0,nan,nan,nan,0.0,0.003826500260526257
2953,no_feedback,42,8,2,0,0,-1.0,0.0,1,1,0,0,0.0,0.003826500260526257
2954,no_feedback,42,3,3,0,1,1.0,0.0,0,nan,nan,nan,0.0,0.003826500260526257
2955,no_feedback,42,2,2,0,1,1.0,0.0,0,nan,nan,nan,0.0,0.003826500260526257
2956,no_feedback,42,8,1,0,0,-1.0,0.0,1,2,0,0,0.0,0.003826500260526257
2957,no_feedback,42,0,3,0,0,-1.0,0.0,1,0,1,0,0.0,0.003826500260526257
2958,no_feedback,42,4,5,1,1,1.0,0.0,0,nan,nan,nan,0.0,0.003826500260526257
2959,no_feedback,42,4,4,0,1,1.0,0.0,0,nan,nan,nan,0.0,0.003826500260526257
2960,no_feedback,42,4,3,0,1,1.0,0.0,0,nan,nan,nan,0.0,0.003826500260526257
2961,no_feedback,42,8,4,1,0,-1.0,0.0,1,3,0,1,0.0,0.003826500260526257
2962,no_feedback,42,3,3,0,1,1.0,0.0,0,nan,nan,nan,0.0,0.003826500260526257
2963,no_feedback,42,8,4,1,0,-1.0,0.0,1,1,0,0,0.0,0.003826500260526257
2964,no_feedback,42,0,3,0,0,-1.0,0.0,1,0,1,0,0.0,0.003826500260526257
2965,no_feedback,42,6,3,0,0,-1.0,0.0,1,0,1,0,0.0,0.003826500260526257
2966,no_feedback,42,5,5,1,1,1.0,0.0,0,nan,nan,nan,0.0,0.003826500260526257
2967,no_feedback,42,2,4,0,0,-1.0,0.0,1,1,0,0,0.0,0.003826500260526257
2968,no_feedback,42,2,5,1,0,-1.0,0.0,1,0,1,0,0.0,0.003826500260526257
2969,no_feedback,42,6,3,0,0,-1.0,0.0,1,0,1,0,0.0,0.003826500260526257
2970,no_feedback,42,5,5,1,1,1.0,0.0,0,nan,nan,nan,0.0,0.003826500260526257
2971,no_feedback,42,5,4,0,1,1.0,0.0,0,nan,nan,nan,0.0,0.003826500260526257
2972,no_feedback,42,0,3,0,0,-1.0,0.0,1,2,0,0,0.0,0.003826500260526257
2973,no_feedback,42,5,5,1,1,1.0,0.0,0,nan,nan,nan,0.0,0.003826500260526257
2974,no_feedback,42,8,4,0,0,-1.0,0.0,1,1,0,0,0.0,0.003826500260526257
2975,no_feedback,42,0,3,0,0,-1.0,0.0,1,0,1,0,0.0,0.003826500260526257
2976,no_feedback,42,4,3,0,1,1.0,0.0,0,nan,nan,nan,0.0,0.003826500260526257
2977,no_feedback,42,4,2,0,0,-1.0,0.0,1,1,0,0,0.0,0.003826500260526257
2978,no_feedback,42,8,3,0,0,-1.0,0.0,1,0,1,0,0.0,0.003826500260526257
2979,no_feedback,42,2,3,0,1,1.0,0.0,0,nan,nan,nan,0.0,0.003826500260526257
2980,no_feedback,42,4,2,0,0,-1.0,0.0,1,1,0,0,0.0,0.003826500260526257
2981,no_feedback,42,6,3,0,0,-1.0,0.0,1,0,1,0,0.0,0.003826500260526257
2982,no_feedback,42,0,3,0,0,-1.0,0.0,1,0,1,0,0.0,0.003826500260526257
2983,no_feedback,42,7,3,0,0,-1.0,0.0,1,0,1,0,0.0,0.003826500260526257
2984,no_feedback,42,7,3,0,0,-1.0,0.0,1,0,1,0,0.0,0.003826500260526257
2985,no_feedback,42,6,3,0,0,-1.0,0.0,1,0,1,0,0.0,0.003826500260526257
2986,no_feedback,42,5,5,1,1,1.0,0.0,0,nan,nan,nan,0.0,0.003826500260526257
2987,no_feedback,42,6,6,1,1,1.0,0.0,0,nan,nan,nan,0.0,0.003826500260526257
2988,no_feedback,42,7,7,1,1,1.0,0.0,0,nan,nan,nan,0.0,0.003826500260526257
2989,no_feedback,42,8,6,0,0,-1.0,0.0,1,3,0,1,0.0,0.003826500260526257
2990,no_feedback,42,3,3,0,1,1.0,0.0,0,nan,nan,nan,0.0,0.003826500260526257
2991,no_feedback,42,4,2,0,0,-1.0,0.0,1,1,0,0,0.0,0.003826500260526257
2992,no_feedback,42,5,5,1,1,1.0,0.0,0,nan,nan,nan,0.0,0.003826500260526257
2993,no_feedback,42,1,4,0,0,-1.0,0.0,1,1,0,0,0.0,0.003826500260526257
2994,no_feedback,42,7,5,1,0,-1.0,0.0,1,0,1,0,0.0,0.003826500260526257
2995,no_feedback,42,6,3,0,0,-1.0,0.0,1,0,1,0,0.0,0.003826500260526257
2996,no_feedback,42,5,3,0,0,-1.0,0.0,1,0,1,0,0.0,0.003826500260526257
2997,no_feedback,42,2,5,1,0,-1.0,0.0,1,0,1,0,0.0,0.003826500260526257
2998,no_feedback,42,3,3,0,1,1.0,0.0,0,nan,nan,nan,0.0,0.003826500260526257
2999,no_feedback,42,3,2,0,1,1.0,0.0,0,nan,nan,nan,0.0,0.003826500260526257
3000,no_feedback,42,5,1,0,0,-1.0,0.0,1,2,0,0,0.0,0.003826500260526257
