trial,condition,seed,ball,paddle,action,hit,natural_reward,reward_used,rally_ended,completed_rally_length,ace,long_rally,mean_abs_weight_change,mean_weight
1,no_feedback,48,1,5,1,0,-1.0,0.0,1,0,1,0,0.0,0.03075125134601715
2,no_feedback,48,3,5,1,0,-1.0,0.0,1,0,1,0,0.0,0.03075125134601715
3,no_feedback,48,4,3,0,1,1.0,0.0,0,nan,nan,nan,0.0,0.03075125134601715
4,no_feedback,48,5,4,1,1,1.0,0.0,0,nan,nan,nan,0.0,0.03075125134601715
5,no_feedback,48,6,3,0,0,-1.0,0.0,1,2,0,0,0.0,0.03075125134601715
6,no_feedback,48,4,3,0,1,1.0,0.0,0,nan,nan,nan,0.0,0.03075125134601715
7,no_feedback,48,0,4,1,0,-1.0,0.0,1,1,0,0,0.0,0.03075125134601715
8,no_feedback,48,6,3,0,0,-1.0,0.0,1,0,1,0,0.0,0.03075125134601715
9,no_feedback,48,8,5,1,0,-1.0,0.0,1,0,1,0,0.0,0.03075125134601715
10,no_feedback,48,5,5,1,1,1.0,0.0,0,nan,nan,nan,0.0,0.03075125134601715
11,no_feedback,48,7,4,0,0,-1.0,0.0,1,1,0,0,0.0,0.03075125134601715
12,no_feedback,48,7,5,1,0,-1.0,0.0,1,0,1,0,0.0,0.03075125134601715
13,no_feedback,48,5,3,0,0,-1.0,0.0,1,0,1,0,0.0,0.03075125134601715
14,no_feedback,48,5,5,1,1,1.0,0.0,0,nan,nan,nan,0.0,0.03075125134601715
15,no_feedback,48,1,6,1,0,-1.0,0.0,1,1,0,0,0.0,0.03075125134601715
16,no_feedback,48,4,3,0,1,1.0,0.0,0,nan,nan,nan,0.0,0.03075125134601715
17,no_feedback,48,7,4,1,0,-1.0,0.0,1,1,0,0,0.0,0.03075125134601715
18,no_feedback,48,6,3,0,0,-1.0,0.0,1,0,1,0,0.0,0.03075125134601715
19,no_feedback,48,7,5,1,0,-1.0,0.0,1,0,1,0,0.0,0.03075125134601715
20,no_feedback,48,1,5,1,0,-1.0,0.0,1,0,1,0,0.0,0.03075125134601715
21,no_feedback,48,7,3,0,0,-1.0,0.0,1,0,1,0,0.0,0.03075125134601715
22,no_feedback,48,0,5,1,0,-1.0,0.0,1,0,1,0,0.0,0.03075125134601715
23,no_feedback,48,3,5,1,0,-1.0,0.0,1,0,1,0,0.0,0.03075125134601715
24,no_feedback,48,0,3,0,0,-1.0,0.0,1,0,1,0,0.0,0.03075125134601715
25,no_feedback,48,3,5,1,0,-1.0,0.0,1,0,1,0,0.0,0.03075125134601715
26,no_feedback,48,4,3,0,1,1.0,0.0,0,nan,nan,nan,0.0,0.03075125134601715
27,no_feedback,48,0,4,1,0,-1.0,0.0,1,1,0,0,0.0,0.03075125134601715
28,no_feedback,48,3,5,1,0,-1.0,0.0,1,0,1,0,0.0,0.03075125134601715
29,no_feedback,48,8,5,1,0,-1.0,0.0,1,0,1,0,0.0,0.03075125134601715
30,no_feedback,48,1,3,0,0,-1.0,0.0,1,0,1,0,0.0,0.03075125134601715
31,no_feedback,48,7,3,0,0,-1.0,0.0,1,0,1,0,0.0,0.03075125134601715
32,no_feedback,48,3,5,1,0,-1.0,0.0,1,0,1,0,0.0,0.03075125134601715
33,no_feedback,48,0,5,1,0,-1.0,0.0,1,0,1,0,0.0,0.03075125134601715
34,no_feedback,48,6,3,0,0,-1.0,0.0,1,0,1,0,0.0,0.03075125134601715
35,no_feedback,48,8,5,1,0,-1.0,0.0,1,0,1,0,0.0,0.03075125134601715
36,no_feedback,48,6,5,1,1,1.0,0.0,0,nan,nan,nan,0.0,0.03075125134601715
37,no_feedback,48,6,4,0,0,-1.0,0.0,1,1,0,0,0.0,0.03075125134601715
38,no_feedback,48,6,5,1,1,1.0,0.0,0,nan,nan,nan,0.0,0.03075125134601715
39,no_feedback,48,1,6,1,0,-1.0,0.0,1,1,0,0,0.0,0.03075125134601715
40,no_feedback,48,2,5,1,0,-1.0,0.0,1,0,1,0,0.0,0.03075125134601715
41,no_feedback,48,3,5,1,0,-1.0,0.0,1,0,1,0,0.0,0.03075125134601715
42,no_feedback,48,0,5,1,0,-1.0,0.0,1,0,1,0,0.0,0.03075125134601715
43,no_feedback,48,4,3,0,1,1.0,0.0,0,nan,nan,nan,0.0,0.03075125134601715
44,no_feedback,48,6,2,0,0,-1.0,0.0,1,1,0,0,0.0,0.03075125134601715
45,no_feedback,48,4,3,0,1,1.0,0.0,0,nan,nan,nan,0.0,0.03075125134601715
46,no_feedback,48,5,4,1,1,1.0,0.0,0,nan,nan,nan,0.0,0.03075125134601715
47,no_feedback,48,3,5,1,0,-1.0,0.0,1,2,0,0,0.0,0.03075125134601715
48,no_feedback,48,4,3,0,1,1.0,0.0,0,nan,nan,nan,0.0,0.03075125134601715
49,no_feedback,48,2,4,1,0,-1.0,0.0,1,1,0,0,0.0,0.03075125134601715
50,no_feedback,48,3,5,1,0,-1.0,0.0,1,0,1,0,0.0,0.03075125134601715
51,no_feedback,48,2,5,1,0,-1.0,0.0,1,0,1,0,0.0,0.03075125134601715
52,no_feedback,48,6,5,1,1,1.0,0.0,0,nan,nan,nan,0.0,0.03075125134601715
53,no_feedback,48,7,6,1,1,1.0,0.0,0,nan,nan,nan,0.0,0.03075125134601715
54,no_feedback,48,7,5,0,0,-1.0,0.0,1,2,0,0,0.0,0.03075125134601715
55,no_feedback,48,5,5,1,1,1.0,0.0,0,nan,nan,nan,0.0,0.03075125134601715
56,no_feedback,48,1,6,1,0,-1.0,0.0,1,1,0,0,0.0,0.03075125134601715
57,no_feedback,48,3,5,1,0,-1.0,0.0,1,0,1,0,0.0,0.03075125134601715
58,no_feedback,48,2,5,1,0,-1.0,0.0,1,0,1,0,0.0,0.03075125134601715
59,no_feedback,48,5,3,0,0,-1.0,0.0,1,0,1,0,0.0,0.03075125134601715
60,no_feedback,48,3,5,1,0,-1.0,0.0,1,0,1,0,0.0,0.03075125134601715
61,no_feedback,48,0,5,1,0,-1.0,0.0,1,0,1,0,0.0,0.03075125134601715
62,no_feedback,48,8,5,1,0,-1.0,0.0,1,0,1,0,0.0,0.03075125134601715
63,no_feedback,48,5,5,1,1,1.0,0.0,0,nan,nan,nan,0.0,0.03075125134601715
64,no_feedback,48,0,6,1,0,-1.0,0.0,1,1,0,0,0.0,0.03075125134601715
65,no_feedback,48,6,5,1,1,1.0,0.0,0,nan,nan,nan,0.0,0.03075125134601715
66,no_feedback,48,4,6,1,0,-1.0,0.0,1,1,0,0,0.0,0.03075125134601715
67,no_feedback,48,7,3,0,0,-1.0,0.0,1,0,1,0,0.0,0.03075125134601715
68,no_feedback,48,2,5,1,0,-1.0,0.0,1,0,1,0,0.0,0.03075125134601715
69,no_feedback,48,1,5,1,0,-1.0,0.0,1,0,1,0,0.0,0.03075125134601715
70,no_feedback,48,7,3,0,0,-1.0,0.0,1,0,1,0,0.0,0.03075125134601715
71,no_feedback,48,2,5,1,0,-1.0,0.0,1,0,1,0,0.0,0.03075125134601715
72,no_feedback,48,8,3,0,0,-1.0,0.0,1,0,1,0,0.0,0.03075125134601715
73,no_feedback,48,1,3,0,0,-1.0,0.0,1,0,1,0,0.0,0.03075125134601715
74,no_feedback,48,7,3,0,0,-1.0,0.0,1,0,1,0,0.0,0.03075125134601715
75,no_feedback,48,4,3,0,1,1.0,0.0,0,nan,nan,nan,0.0,0.03075125134601715
76,no_feedback,48,3,2,0,1,1.0,0.0,0,nan,nan,nan,0.0,0.03075125134601715
77,no_feedback,48,5,1,0,0,-1.0,0.0,1,2,0,0,0.0,0.03075125134601715
78,no_feedback,48,0,3,0,0,-1.0,0.0,1,0,1,0,0.0,0.03075125134601715
79,no_feedback,48,0,3,0,0,-1.0,0.0,1,0,1,0,0.0,0.03075125134601715
80,no_feedback,48,5,5,1,1,1.0,0.0,0,nan,nan,nan,0.0,0.03075125134601715
81,no_feedback,48,4,6,1,0,-1.0,0.0,1,1,0,0,0.0,0.03075125134601715
82,no_feedback,48,5,3,0,0,-1.0,0.0,1,0,1,0,0.0,0.03075125134601715
83,no_feedback,48,6,5,1,1,1.0,0.0,0,nan,nan,nan,0.0,0.03075125134601715
84,no_feedback,48,2,6,1,0,-1.0,0.0,1,1,0,0,0.0,0.03075125134601715
85,no_feedback,48,3,5,1,0,-1.0,0.0,1,0,1,0,0.0,0.03075125134601715
86,no_feedback,48,1,5,1,0,-1.0,0.0,1,0,1,0,0.0,0.03075125134601715
87,no_feedback,48,1,3,0,0,-1.0,0.0,1,0,1,0,0.0,0.03075125134601715
88,no_feedback,48,3,5,1,0,-1.0,0.0,1,0,1,0,0.0,0.03075125134601715
89,no_feedback,48,0,3,0,0,-1.0,0.0,1,0,1,0,0.0,0.03075125134601715
90,no_feedback,48,0,3,0,0,-1.0,0.0,1,0,1,0,0.0,0.03075125134601715
91,no_feedback,48,8,3,0,0,-1.0,0.0,1,0,1,0,0.0,0.03075125134601715
92,no_feedback,48,8,5,1,0,-1.0,0.0,1,0,1,0,0.0,0.03075125134601715
93,no_feedback,48,6,5,1,1,1.0,0.0,0,nan,nan,nan,0.0,0.03075125134601715
94,no_feedback,48,0,6,1,0,-1.0,0.0,1,1,0,0,0.0,0.03075125134601715
95,no_feedback,48,4,3,0,1,1.0,0.0,0,nan,nan,nan,0.0,0.03075125134601715
96,no_feedback,48,3,2,0,1,1.0,0.0,0,nan,nan,nan,0.0,0.03075125134601715
97,no_feedback,48,0,3,1,0,-1.0,0.0,1,2,0,0,0.0,0.03075125134601715
98,no_feedback,48,5,5,1,1,1.0,0.0,0,nan,nan,nan,0.0,0.03075125134601715
99,no_feedback,48,6,4,0,0,-1.0,0.0,1,1,0,0,0.0,0.03075125134601715
100,no_feedback,48,1,3,0,0,-1.0,0.0,1,0,1,0,0.0,0.03075125134601715
101,no_feedback,48,5,5,1,1,1.0,0.0,0,nan,nan,nan,0.0,0.03075125134601715
102,no_feedback,48,3,6,1,0,-1.0,0.0,1,1,0,0,0.0,0.03075125134601715
103,no_feedback,48,7,3,0,0,-1.0,0.0,1,0,1,0,0.0,0.03075125134601715
104,no_feedback,48,8,5,1,0,-1.0,0.0,1,0,1,0,0.0,0.03075125134601715
105,no_feedback,48,2,5,1,0,-1.0,0.0,1,0,1,0,0.0,0.03075125134601715
106,no_feedback,48,5,5,1,1,1.0,0.0,0,nan,nan,nan,0.0,0.03075125134601715
107,no_feedback,48,6,6,1,1,1.0,0.0,0,nan,nan,nan,0.0,0.03075125134601715
108,no_feedback,48,8,5,0,0,-1.0,0.0,1,2,0,0,0.0,0.03075125134601715
109,no_feedback,48,2,5,1,0,-1.0,0.0,1,0,1,0,0.0,0.03075125134601715
110,no_feedback,48,8,5,1,0,-1.0,0.0,1,0,1,0,0.0,0.03075125134601715
111,no_feedback,48,4,3,0,1,1.0,0.0,0,nan,nan,nan,0.0,0.03075125134601715
112,no_feedback,48,7,4,1,0,-1.0,0.0,1,1,0,0,0.0,0.03075125134601715
113,no_feedback,48,1,3,0,0,-1.0,0.0,1,0,1,0,0.0,0.03075125134601715
114,no_feedback,48,0,3,0,0,-1.0,0.0,1,0,1,0,0.0,0.03075125134601715
115,no_feedback,48,8,5,1,0,-1.0,0.0,1,0,1,0,0.0,0.03075125134601715
116,no_feedback,48,1,5,1,0,-1.0,0.0,1,0,1,0,0.0,0.03075125134601715
117,no_feedback,48,6,5,1,1,1.0,0.0,0,nan,nan,nan,0.0,0.03075125134601715
118,no_feedback,48,2,6,1,0,-1.0,0.0,1,1,0,0,0.0,0.03075125134601715
119,no_feedback,48,4,3,0,1,1.0,0.0,0,nan,nan,nan,0.0,0.03075125134601715
120,no_feedback,48,3,2,0,1,1.0,0.0,0,nan,nan,nan,0.0,0.03075125134601715
121,no_feedback,48,1,3,1,0,-1.0,0.0,1,2,0,0,0.0,0.03075125134601715
122,no_feedback,48,8,3,0,0,-1.0,0.0,1,0,1,0,0.0,0.03075125134601715
123,no_feedback,48,8,5,1,0,-1.0,0.0,1,0,1,0,0.0,0.03075125134601715
124,no_feedback,48,6,3,0,0,-1.0,0.0,1,0,1,0,0.0,0.03075125134601715
125,no_feedback,48,4,3,0,1,1.0,0.0,0,nan,nan,nan,0.0,0.03075125134601715
126,no_feedback,48,5,4,1,1,1.0,0.0,0,nan,nan,nan,0.0,0.03075125134601715
127,no_feedback,48,0,5,1,0,-1.0,0.0,1,2,0,0,0.0,0.03075125134601715
128,no_feedback,48,1,5,1,0,-1.0,0.0,1,0,1,0,0.0,0.03075125134601715
129,no_feedback,48,5,3,0,0,-1.0,0.0,1,0,1,0,0.0,0.03075125134601715
130,no_feedback,48,6,3,0,0,-1.0,0.0,1,0,1,0,0.0,0.03075125134601715
131,no_feedback,48,1,5,1,0,-1.0,0.0,1,0,1,0,0.0,0.03075125134601715
132,no_feedback,48,0,5,1,0,-1.0,0.0,1,0,1,0,0.0,0.03075125134601715
133,no_feedback,48,6,3,0,0,-1.0,0.0,1,0,1,0,0.0,0.03075125134601715
134,no_feedback,48,6,5,1,1,1.0,0.0,0,nan,nan,nan,0.0,0.03075125134601715
135,no_feedback,48,7,6,1,1,1.0,0.0,0,nan,nan,nan,0.0,0.03075125134601715
136,no_feedback,48,5,7,1,0,-1.0,0.0,1,2,0,0,0.0,0.03075125134601715
137,no_feedback,48,2,3,0,1,1.0,0.0,0,nan,nan,nan,0.0,0.03075125134601715
138,no_feedback,48,0,2,0,0,-1.0,0.0,1,1,0,0,0.0,0.03075125134601715
139,no_feedback,48,5,3,0,0,-1.0,0.0,1,0,1,0,0.0,0.03075125134601715
140,no_feedback,48,7,3,0,0,-1.0,0.0,1,0,1,0,0.0,0.03075125134601715
141,no_feedback,48,1,3,0,0,-1.0,0.0,1,0,1,0,0.0,0.03075125134601715
142,no_feedback,48,1,3,0,0,-1.0,0.0,1,0,1,0,0.0,0.03075125134601715
143,no_feedback,48,0,5,1,0,-1.0,0.0,1,0,1,0,0.0,0.03075125134601715
144,no_feedback,48,4,3,0,1,1.0,0.0,0,nan,nan,nan,0.0,0.03075125134601715
145,no_feedback,48,1,4,1,0,-1.0,0.0,1,1,0,0,0.0,0.03075125134601715
146,no_feedback,48,0,5,1,0,-1.0,0.0,1,0,1,0,0.0,0.03075125134601715
147,no_feedback,48,2,5,1,0,-1.0,0.0,1,0,1,0,0.0,0.03075125134601715
148,no_feedback,48,0,5,1,0,-1.0,0.0,1,0,1,0,0.0,0.03075125134601715
149,no_feedback,48,7,5,1,0,-1.0,0.0,1,0,1,0,0.0,0.03075125134601715
150,no_feedback,48,5,5,1,1,1.0,0.0,0,nan,nan,nan,0.0,0.03075125134601715
151,no_feedback,48,5,4,0,1,1.0,0.0,0,nan,nan,nan,0.0,0.03075125134601715
152,no_feedback,48,4,3,0,1,1.0,0.0,0,nan,nan,nan,0.0,0.03075125134601715
153,no_feedback,48,6,2,0,0,-1.0,0.0,1,3,0,1,0.0,0.03075125134601715
154,no_feedback,48,5,3,0,0,-1.0,0.0,1,0,1,0,0.0,0.03075125134601715
155,no_feedback,48,5,3,0,0,-1.0,0.0,1,0,1,0,0.0,0.03075125134601715
156,no_feedback,48,8,5,1,0,-1.0,0.0,1,0,1,0,0.0,0.03075125134601715
157,no_feedback,48,8,3,0,0,-1.0,0.0,1,0,1,0,0.0,0.03075125134601715
158,no_feedback,48,4,3,0,1,1.0,0.0,0,nan,nan,nan,0.0,0.03075125134601715
159,no_feedback,48,7,4,1,0,-1.0,0.0,1,1,0,0,0.0,0.03075125134601715
160,no_feedback,48,1,3,0,0,-1.0,0.0,1,0,1,0,0.0,0.03075125134601715
161,no_feedback,48,1,5,1,0,-1.0,0.0,1,0,1,0,0.0,0.03075125134601715
162,no_feedback,48,4,3,0,1,1.0,0.0,0,nan,nan,nan,0.0,0.03075125134601715
163,no_feedback,48,3,2,0,1,1.0,0.0,0,nan,nan,nan,0.0,0.03075125134601715
164,no_feedback,48,2,1,0,1,1.0,0.0,0,nan,nan,nan,0.0,0.03075125134601715
165,no_feedback,48,8,2,1,0,-1.0,0.0,1,3,0,1,0.0,0.03075125134601715
166,no_feedback,48,3,5,1,0,-1.0,0.0,1,0,1,0,0.0,0.03075125134601715
167,no_feedback,48,0,5,1,0,-1.0,0.0,1,0,1,0,0.0,0.03075125134601715
168,no_feedback,48,8,5,1,0,-1.0,0.0,1,0,1,0,0.0,0.03075125134601715
169,no_feedback,48,5,5,1,1,1.0,0.0,0,nan,nan,nan,0.0,0.03075125134601715
170,no_feedback,48,0,6,1,0,-1.0,0.0,1,1,0,0,0.0,0.03075125134601715
171,no_feedback,48,7,3,0,0,-1.0,0.0,1,0,1,0,0.0,0.03075125134601715
172,no_feedback,48,3,5,1,0,-1.0,0.0,1,0,1,0,0.0,0.03075125134601715
173,no_feedback,48,8,5,1,0,-1.0,0.0,1,0,1,0,0.0,0.03075125134601715
174,no_feedback,48,4,3,0,1,1.0,0.0,0,nan,nan,nan,0.0,0.03075125134601715
175,no_feedback,48,4,2,0,0,-1.0,0.0,1,1,0,0,0.0,0.03075125134601715
176,no_feedback,48,6,5,1,1,1.0,0.0,0,nan,nan,nan,0.0,0.03075125134601715
177,no_feedback,48,2,6,1,0,-1.0,0.0,1,1,0,0,0.0,0.03075125134601715
178,no_feedback,48,2,5,1,0,-1.0,0.0,1,0,1,0,0.0,0.03075125134601715
179,no_feedback,48,4,3,0,1,1.0,0.0,0,nan,nan,nan,0.0,0.03075125134601715
180,no_feedback,48,4,4,1,1,1.0,0.0,0,nan,nan,nan,0.0,0.03075125134601715
181,no_feedback,48,5,3,0,0,-1.0,0.0,1,2,0,0,0.0,0.03075125134601715
182,no_feedback,48,5,5,1,1,1.0,0.0,0,nan,nan,nan,0.0,0.03075125134601715
183,no_feedback,48,7,6,1,1,1.0,0.0,0,nan,nan,nan,0.0,0.03075125134601715
184,no_feedback,48,8,5,0,0,-1.0,0.0,1,2,0,0,0.0,0.03075125134601715
185,no_feedback,48,2,5,1,0,-1.0,0.0,1,0,1,0,0.0,0.03075125134601715
186,no_feedback,48,2,3,0,1,1.0,0.0,0,nan,nan,nan,0.0,0.03075125134601715
187,no_feedback,48,6,4,1,0,-1.0,0.0,1,1,0,0,0.0,0.03075125134601715
188,no_feedback,48,6,5,1,1,1.0,0.0,0,nan,nan,nan,0.0,0.03075125134601715
189,no_feedback,48,4,6,1,0,-1.0,0.0,1,1,0,0,0.0,0.03075125134601715
190,no_feedback,48,7,3,0,0,-1.0,0.0,1,0,1,0,0.0,0.03075125134601715
191,no_feedback,48,0,3,0,0,-1.0,0.0,1,0,1,0,0.0,0.03075125134601715
192,no_feedback,48,8,3,0,0,-1.0,0.0,1,0,1,0,0.0,0.03075125134601715
193,no_feedback,48,2,5,1,0,-1.0,0.0,1,0,1,0,0.0,0.03075125134601715
194,no_feedback,48,6,5,1,1,1.0,0.0,0,nan,nan,nan,0.0,0.03075125134601715
195,no_feedback,48,7,6,1,1,1.0,0.0,0,nan,nan,nan,0.0,0.03075125134601715
196,no_feedback,48,0,5,0,0,-1.0,0.0,1,2,0,0,0.0,0.03075125134601715
197,no_feedback,48,2,5,1,0,-1.0,0.0,1,0,1,0,0.0,0.03075125134601715
198,no_feedback,48,4,3,0,1,1.0,0.0,0,nan,nan,nan,0.0,0.03075125134601715
199,no_feedback,48,4,2,0,0,-1.0,0.0,1,1,0,0,0.0,0.03075125134601715
200,no_feedback,48,1,3,0,0,-1.0,0.0,1,0,1,0,0.0,0.03075125134601715
201,no_feedback,48,0,3,0,0,-1.0,0.0,1,0,1,0,0.0,0.03075125134601715
202,no_feedback,48,2,5,1,0,-1.0,0.0,1,0,1,0,0.0,0.03075125134601715
203,no_feedback,48,7,3,0,0,-1.0,0.0,1,0,1,0,0.0,0.03075125134601715
204,no_feedback,48,7,5,1,0,-1.0,0.0,1,0,1,0,0.0,0.03075125134601715
205,no_feedback,48,3,5,1,0,-1.0,0.0,1,0,1,0,0.0,0.03075125134601715
206,no_feedback,48,4,3,0,1,1.0,0.0,0,nan,nan,nan,0.0,0.03075125134601715
207,no_feedback,48,6,2,0,0,-1.0,0.0,1,1,0,0,0.0,0.03075125134601715
208,no_feedback,48,7,3,0,0,-1.0,0.0,1,0,1,0,0.0,0.03075125134601715
209,no_feedback,48,4,3,0,1,1.0,0.0,0,nan,nan,nan,0.0,0.03075125134601715
210,no_feedback,48,0,4,1,0,-1.0,0.0,1,1,0,0,0.0,0.03075125134601715
211,no_feedback,48,5,5,1,1,1.0,0.0,0,nan,nan,nan,0.0,0.03075125134601715
212,no_feedback,48,3,6,1,0,-1.0,0.0,1,1,0,0,0.0,0.03075125134601715
213,no_feedback,48,4,3,0,1,1.0,0.0,0,nan,nan,nan,0.0,0.03075125134601715
214,no_feedback,48,5,2,0,0,-1.0,0.0,1,1,0,0,0.0,0.03075125134601715
215,no_feedback,48,8,5,1,0,-1.0,0.0,1,0,1,0,0.0,0.03075125134601715
216,no_feedback,48,7,5,1,0,-1.0,0.0,1,0,1,0,0.0,0.03075125134601715
217,no_feedback,48,8,3,0,0,-1.0,0.0,1,0,1,0,0.0,0.03075125134601715
218,no_feedback,48,7,3,0,0,-1.0,0.0,1,0,1,0,0.0,0.03075125134601715
219,no_feedback,48,8,3,0,0,-1.0,0.0,1,0,1,0,0.0,0.03075125134601715
220,no_feedback,48,5,3,0,0,-1.0,0.0,1,0,1,0,0.0,0.03075125134601715
221,no_feedback,48,5,3,0,0,-1.0,0.0,1,0,1,0,0.0,0.03075125134601715
222,no_feedback,48,7,3,0,0,-1.0,0.0,1,0,1,0,0.0,0.03075125134601715
223,no_feedback,48,0,5,1,0,-1.0,0.0,1,0,1,0,0.0,0.03075125134601715
224,no_feedback,48,2,5,1,0,-1.0,0.0,1,0,1,0,0.0,0.03075125134601715
225,no_feedback,48,4,3,0,1,1.0,0.0,0,nan,nan,nan,0.0,0.03075125134601715
226,no_feedback,48,6,4,1,0,-1.0,0.0,1,1,0,0,0.0,0.03075125134601715
227,no_feedback,48,4,3,0,1,1.0,0.0,0,nan,nan,nan,0.0,0.03075125134601715
228,no_feedback,48,2,4,1,0,-1.0,0.0,1,1,0,0,0.0,0.03075125134601715
229,no_feedback,48,1,3,0,0,-1.0,0.0,1,0,1,0,0.0,0.03075125134601715
230,no_feedback,48,3,5,1,0,-1.0,0.0,1,0,1,0,0.0,0.03075125134601715
231,no_feedback,48,4,3,0,1,1.0,0.0,0,nan,nan,nan,0.0,0.03075125134601715
232,no_feedback,48,3,2,0,1,1.0,0.0,0,nan,nan,nan,0.0,0.03075125134601715
233,no_feedback,48,2,1,0,1,1.0,0.0,0,nan,nan,nan,0.0,0.03075125134601715
234,no_feedback,48,4,2,1,0,-1.0,0.0,1,3,0,1,0.0,0.03075125134601715
235,no_feedback,48,1,5,1,0,-1.0,0.0,1,0,1,0,0.0,0.03075125134601715
236,no_feedback,48,7,3,0,0,-1.0,0.0,1,0,1,0,0.0,0.03075125134601715
237,no_feedback,48,2,5,1,0,-1.0,0.0,1,0,1,0,0.0,0.03075125134601715
238,no_feedback,48,7,3,0,0,-1.0,0.0,1,0,1,0,0.0,0.03075125134601715
239,no_feedback,48,6,5,1,1,1.0,0.0,0,nan,nan,nan,0.0,0.03075125134601715
240,no_feedback,48,1,6,1,0,-1.0,0.0,1,1,0,0,0.0,0.03075125134601715
241,no_feedback,48,4,3,0,1,1.0,0.0,0,nan,nan,nan,0.0,0.03075125134601715
242,no_feedback,48,3,2,0,1,1.0,0.0,0,nan,nan,nan,0.0,0.03075125134601715
243,no_feedback,48,1,3,1,0,-1.0,0.0,1,2,0,0,0.0,0.03075125134601715
244,no_feedback,48,0,3,0,0,-1.0,0.0,1,0,1,0,0.0,0.03075125134601715
245,no_feedback,48,4,3,0,1,1.0,0.0,0,nan,nan,nan,0.0,0.03075125134601715
246,no_feedback,48,5,4,1,1,1.0,0.0,0,nan,nan,nan,0.0,0.03075125134601715
247,no_feedback,48,6,5,1,1,1.0,0.0,0,nan,nan,nan,0.0,0.03075125134601715
248,no_feedback,48,0,6,1,0,-1.0,0.0,1,3,0,1,0.0,0.03075125134601715
249,no_feedback,48,4,3,0,1,1.0,0.0,0,nan,nan,nan,0.0,0.03075125134601715
250,no_feedback,48,7,2,0,0,-1.0,0.0,1,1,0,0,0.0,0.03075125134601715
251,no_feedback,48,4,3,0,1,1.0,0.0,0,nan,nan,nan,0.0,0.03075125134601715
252,no_feedback,48,2,4,1,0,-1.0,0.0,1,1,0,0,0.0,0.03075125134601715
253,no_feedback,48,2,5,1,0,-1.0,0.0,1,0,1,0,0.0,0.03075125134601715
254,no_feedback,48,4,3,0,1,1.0,0.0,0,nan,nan,nan,0.0,0.03075125134601715
255,no_feedback,48,7,4,1,0,-1.0,0.0,1,1,0,0,0.0,0.03075125134601715
256,no_feedback,48,5,3,0,0,-1.0,0.0,1,0,1,0,0.0,0.03075125134601715
257,no_feedback,48,4,3,0,1,1.0,0.0,0,nan,nan,nan,0.0,0.03075125134601715
258,no_feedback,48,2,4,1,0,-1.0,0.0,1,1,0,0,0.0,0.03075125134601715
259,no_feedback,48,0,5,1,0,-1.0,0.0,1,0,1,0,0.0,0.03075125134601715
260,no_feedback,48,8,3,0,0,-1.0,0.0,1,0,1,0,0.0,0.03075125134601715
261,no_feedback,48,6,5,1,1,1.0,0.0,0,nan,nan,nan,0.0,0.03075125134601715
262,no_feedback,48,0,6,1,0,-1.0,0.0,1,1,0,0,0.0,0.03075125134601715
263,no_feedback,48,4,3,0,1,1.0,0.0,0,nan,nan,nan,0.0,0.03075125134601715
264,no_feedback,48,2,4,1,0,-1.0,0.0,1,1,0,0,0.0,0.03075125134601715
265,no_feedback,48,4,3,0,1,1.0,0.0,0,nan,nan,nan,0.0,0.03075125134601715
266,no_feedback,48,6,4,1,0,-1.0,0.0,1,1,0,0,0.0,0.03075125134601715
267,no_feedback,48,4,3,0,1,1.0,0.0,0,nan,nan,nan,0.0,0.03075125134601715
268,no_feedback,48,1,4,1,0,-1.0,0.0,1,1,0,0,0.0,0.03075125134601715
269,no_feedback,48,6,3,0,0,-1.0,0.0,1,0,1,0,0.0,0.03075125134601715
270,no_feedback,48,3,5,1,0,-1.0,0.0,1,0,1,0,0.0,0.03075125134601715
271,no_feedback,48,3,5,1,0,-1.0,0.0,1,0,1,0,0.0,0.03075125134601715
272,no_feedback,48,1,5,1,0,-1.0,0.0,1,0,1,0,0.0,0.03075125134601715
273,no_feedback,48,7,5,1,0,-1.0,0.0,1,0,1,0,0.0,0.03075125134601715
274,no_feedback,48,5,5,1,1,1.0,0.0,0,nan,nan,nan,0.0,0.03075125134601715
275,no_feedback,48,5,4,0,1,1.0,0.0,0,nan,nan,nan,0.0,0.03075125134601715
276,no_feedback,48,0,5,1,0,-1.0,0.0,1,2,0,0,0.0,0.03075125134601715
277,no_feedback,48,2,5,1,0,-1.0,0.0,1,0,1,0,0.0,0.03075125134601715
278,no_feedback,48,1,3,0,0,-1.0,0.0,1,0,1,0,0.0,0.03075125134601715
279,no_feedback,48,4,3,0,1,1.0,0.0,0,nan,nan,nan,0.0,0.03075125134601715
280,no_feedback,48,8,4,1,0,-1.0,0.0,1,1,0,0,0.0,0.03075125134601715
281,no_feedback,48,5,3,0,0,-1.0,0.0,1,0,1,0,0.0,0.03075125134601715
282,no_feedback,48,6,3,0,0,-1.0,0.0,1,0,1,0,0.0,0.03075125134601715
283,no_feedback,48,0,3,0,0,-1.0,0.0,1,0,1,0,0.0,0.03075125134601715
284,no_feedback,48,4,3,0,1,1.0,0.0,0,nan,nan,nan,0.0,0.03075125134601715
285,no_feedback,48,0,2,0,0,-1.0,0.0,1,1,0,0,0.0,0.03075125134601715
286,no_feedback,48,1,3,0,0,-1.0,0.0,1,0,1,0,0.0,0.03075125134601715
287,no_feedback,48,6,5,1,1,1.0,0.0,0,nan,nan,nan,0.0,0.03075125134601715
288,no_feedback,48,4,6,1,0,-1.0,0.0,1,1,0,0,0.0,0.03075125134601715
289,no_feedback,48,2,5,1,0,-1.0,0.0,1,0,1,0,0.0,0.03075125134601715
290,no_feedback,48,0,3,0,0,-1.0,0.0,1,0,1,0,0.0,0.03075125134601715
291,no_feedback,48,7,3,0,0,-1.0,0.0,1,0,1,0,0.0,0.03075125134601715
292,no_feedback,48,5,3,0,0,-1.0,0.0,1,0,1,0,0.0,0.03075125134601715
293,no_feedback,48,8,3,0,0,-1.0,0.0,1,0,1,0,0.0,0.03075125134601715
294,no_feedback,48,8,5,1,0,-1.0,0.0,1,0,1,0,0.0,0.03075125134601715
295,no_feedback,48,2,5,1,0,-1.0,0.0,1,0,1,0,0.0,0.03075125134601715
296,no_feedback,48,4,3,0,1,1.0,0.0,0,nan,nan,nan,0.0,0.03075125134601715
297,no_feedback,48,0,4,1,0,-1.0,0.0,1,1,0,0,0.0,0.03075125134601715
298,no_feedback,48,6,5,1,1,1.0,0.0,0,nan,nan,nan,0.0,0.03075125134601715
299,no_feedback,48,0,6,1,0,-1.0,0.0,1,1,0,0,0.0,0.03075125134601715
300,no_feedback,48,6,5,1,1,1.0,0.0,0,nan,nan,nan,0.0,0.03075125134601715
301,no_feedback,48,8,4,0,0,-1.0,0.0,1,1,0,0,0.0,0.03075125134601715
302,no_feedback,48,5,3,0,0,-1.0,0.0,1,0,1,0,0.0,0.03075125134601715
303,no_feedback,48,0,5,1,0,-1.0,0.0,1,0,1,0,0.0,0.03075125134601715
304,no_feedback,48,2,5,1,0,-1.0,0.0,1,0,1,0,0.0,0.03075125134601715
305,no_feedback,48,3,5,1,0,-1.0,0.0,1,0,1,0,0.0,0.03075125134601715
306,no_feedback,48,8,5,1,0,-1.0,0.0,1,0,1,0,0.0,0.03075125134601715
307,no_feedback,48,4,3,0,1,1.0,0.0,0,nan,nan,nan,0.0,0.03075125134601715
308,no_feedback,48,6,4,1,0,-1.0,0.0,1,1,0,0,0.0,0.03075125134601715
309,no_feedback,48,7,3,0,0,-1.0,0.0,1,0,1,0,0.0,0.03075125134601715
310,no_feedback,48,8,3,0,0,-1.0,0.0,1,0,1,0,0.0,0.03075125134601715
311,no_feedback,48,6,5,1,1,1.0,0.0,0,nan,nan,nan,0.0,0.03075125134601715
312,no_feedback,48,4,6,1,0,-1.0,0.0,1,1,0,0,0.0,0.03075125134601715
313,no_feedback,48,7,3,0,0,-1.0,0.0,1,0,1,0,0.0,0.03075125134601715
314,no_feedback,48,5,3,0,0,-1.0,0.0,1,0,1,0,0.0,0.03075125134601715
315,no_feedback,48,2,5,1,0,-1.0,0.0,1,0,1,0,0.0,0.03075125134601715
316,no_feedback,48,6,5,1,1,1.0,0.0,0,nan,nan,nan,0.0,0.03075125134601715
317,no_feedback,48,8,4,0,0,-1.0,0.0,1,1,0,0,0.0,0.03075125134601715
318,no_feedback,48,2,5,1,0,-1.0,0.0,1,0,1,0,0.0,0.03075125134601715
319,no_feedback,48,7,5,1,0,-1.0,0.0,1,0,1,0,0.0,0.03075125134601715
320,no_feedback,48,8,3,0,0,-1.0,0.0,1,0,1,0,0.0,0.03075125134601715
321,no_feedback,48,0,5,1,0,-1.0,0.0,1,0,1,0,0.0,0.03075125134601715
322,no_feedback,48,4,3,0,1,1.0,0.0,0,nan,nan,nan,0.0,0.03075125134601715
323,no_feedback,48,4,2,0,0,-1.0,0.0,1,1,0,0,0.0,0.03075125134601715
324,no_feedback,48,3,5,1,0,-1.0,0.0,1,0,1,0,0.0,0.03075125134601715
325,no_feedback,48,6,5,1,1,1.0,0.0,0,nan,nan,nan,0.0,0.03075125134601715
326,no_feedback,48,6,6,1,1,1.0,0.0,0,nan,nan,nan,0.0,0.03075125134601715
327,no_feedback,48,8,7,1,1,1.0,0.0,0,nan,nan,nan,0.0,0.03075125134601715
328,no_feedback,48,2,8,1,0,-1.0,0.0,1,3,0,1,0.0,0.03075125134601715
329,no_feedback,48,6,5,1,1,1.0,0.0,0,nan,nan,nan,0.0,0.03075125134601715
330,no_feedback,48,3,6,1,0,-1.0,0.0,1,1,0,0,0.0,0.03075125134601715
331,no_feedback,48,0,3,0,0,-1.0,0.0,1,0,1,0,0.0,0.03075125134601715
332,no_feedback,48,2,5,1,0,-1.0,0.0,1,0,1,0,0.0,0.03075125134601715
333,no_feedback,48,0,3,0,0,-1.0,0.0,1,0,1,0,0.0,0.03075125134601715
334,no_feedback,48,7,3,0,0,-1.0,0.0,1,0,1,0,0.0,0.03075125134601715
335,no_feedback,48,0,5,1,0,-1.0,0.0,1,0,1,0,0.0,0.03075125134601715
336,no_feedback,48,8,5,1,0,-1.0,0.0,1,0,1,0,0.0,0.03075125134601715
337,no_feedback,48,1,5,1,0,-1.0,0.0,1,0,1,0,0.0,0.03075125134601715
338,no_feedback,48,3,5,1,0,-1.0,0.0,1,0,1,0,0.0,0.03075125134601715
339,no_feedback,48,0,5,1,0,-1.0,0.0,1,0,1,0,0.0,0.03075125134601715
340,no_feedback,48,8,5,1,0,-1.0,0.0,1,0,1,0,0.0,0.03075125134601715
341,no_feedback,48,2,5,1,0,-1.0,0.0,1,0,1,0,0.0,0.03075125134601715
342,no_feedback,48,0,5,1,0,-1.0,0.0,1,0,1,0,0.0,0.03075125134601715
343,no_feedback,48,1,5,1,0,-1.0,0.0,1,0,1,0,0.0,0.03075125134601715
344,no_feedback,48,5,5,1,1,1.0,0.0,0,nan,nan,nan,0.0,0.03075125134601715
345,no_feedback,48,4,6,1,0,-1.0,0.0,1,1,0,0,0.0,0.03075125134601715
346,no_feedback,48,3,5,1,0,-1.0,0.0,1,0,1,0,0.0,0.03075125134601715
347,no_feedback,48,4,3,0,1,1.0,0.0,0,nan,nan,nan,0.0,0.03075125134601715
348,no_feedback,48,8,4,1,0,-1.0,0.0,1,1,0,0,0.0,0.03075125134601715
349,no_feedback,48,7,5,1,0,-1.0,0.0,1,0,1,0,0.0,0.03075125134601715
350,no_feedback,48,8,3,0,0,-1.0,0.0,1,0,1,0,0.0,0.03075125134601715
351,no_feedback,48,2,5,1,0,-1.0,0.0,1,0,1,0,0.0,0.03075125134601715
352,no_feedback,48,3,3,0,1,1.0,0.0,0,nan,nan,nan,0.0,0.03075125134601715
353,no_feedback,48,7,2,0,0,-1.0,0.0,1,1,0,0,0.0,0.03075125134601715
354,no_feedback,48,5,5,1,1,1.0,0.0,0,nan,nan,nan,0.0,0.03075125134601715
355,no_feedback,48,7,6,1,1,1.0,0.0,0,nan,nan,nan,0.0,0.03075125134601715
356,no_feedback,48,6,5,0,1,1.0,0.0,0,nan,nan,nan,0.0,0.03075125134601715
357,no_feedback,48,0,4,0,0,-1.0,0.0,1,3,0,1,0.0,0.03075125134601715
358,no_feedback,48,1,5,1,0,-1.0,0.0,1,0,1,0,0.0,0.03075125134601715
359,no_feedback,48,8,5,1,0,-1.0,0.0,1,0,1,0,0.0,0.03075125134601715
360,no_feedback,48,2,5,1,0,-1.0,0.0,1,0,1,0,0.0,0.03075125134601715
361,no_feedback,48,8,5,1,0,-1.0,0.0,1,0,1,0,0.0,0.03075125134601715
362,no_feedback,48,1,5,1,0,-1.0,0.0,1,0,1,0,0.0,0.03075125134601715
363,no_feedback,48,2,5,1,0,-1.0,0.0,1,0,1,0,0.0,0.03075125134601715
364,no_feedback,48,5,3,0,0,-1.0,0.0,1,0,1,0,0.0,0.03075125134601715
365,no_feedback,48,0,3,0,0,-1.0,0.0,1,0,1,0,0.0,0.03075125134601715
366,no_feedback,48,4,3,0,1,1.0,0.0,0,nan,nan,nan,0.0,0.03075125134601715
367,no_feedback,48,7,4,1,0,-1.0,0.0,1,1,0,0,0.0,0.03075125134601715
368,no_feedback,48,4,3,0,1,1.0,0.0,0,nan,nan,nan,0.0,0.03075125134601715
369,no_feedback,48,2,4,1,0,-1.0,0.0,1,1,0,0,0.0,0.03075125134601715
370,no_feedback,48,7,5,1,0,-1.0,0.0,1,0,1,0,0.0,0.03075125134601715
371,no_feedback,48,7,5,1,0,-1.0,0.0,1,0,1,0,0.0,0.03075125134601715
372,no_feedback,48,7,5,1,0,-1.0,0.0,1,0,1,0,0.0,0.03075125134601715
373,no_feedback,48,4,3,0,1,1.0,0.0,0,nan,nan,nan,0.0,0.03075125134601715
374,no_feedback,48,8,4,1,0,-1.0,0.0,1,1,0,0,0.0,0.03075125134601715
375,no_feedback,48,6,5,1,1,1.0,0.0,0,nan,nan,nan,0.0,0.03075125134601715
376,no_feedback,48,1,6,1,0,-1.0,0.0,1,1,0,0,0.0,0.03075125134601715
377,no_feedback,48,6,5,1,1,1.0,0.0,0,nan,nan,nan,0.0,0.03075125134601715
378,no_feedback,48,6,4,0,0,-1.0,0.0,1,1,0,0,0.0,0.03075125134601715
379,no_feedback,48,3,5,1,0,-1.0,0.0,1,0,1,0,0.0,0.03075125134601715
380,no_feedback,48,7,3,0,0,-1.0,0.0,1,0,1,0,0.0,0.03075125134601715
381,no_feedback,48,0,3,0,0,-1.0,0.0,1,0,1,0,0.0,0.03075125134601715
382,no_feedback,48,7,3,0,0,-1.0,0.0,1,0,1,0,0.0,0.03075125134601715
383,no_feedback,48,8,5,1,0,-1.0,0.0,1,0,1,0,0.0,0.03075125134601715
384,no_feedback,48,6,5,1,1,1.0,0.0,0,nan,nan,nan,0.0,0.03075125134601715
385,no_feedback,48,0,4,0,0,-1.0,0.0,1,1,0,0,0.0,0.03075125134601715
386,no_feedback,48,2,5,1,0,-1.0,0.0,1,0,1,0,0.0,0.03075125134601715
387,no_feedback,48,5,3,0,0,-1.0,0.0,1,0,1,0,0.0,0.03075125134601715
388,no_feedback,48,4,3,0,1,1.0,0.0,0,nan,nan,nan,0.0,0.03075125134601715
389,no_feedback,48,0,2,0,0,-1.0,0.0,1,1,0,0,0.0,0.03075125134601715
390,no_feedback,48,1,5,1,0,-1.0,0.0,1,0,1,0,0.0,0.03075125134601715
391,no_feedback,48,4,3,0,1,1.0,0.0,0,nan,nan,nan,0.0,0.03075125134601715
392,no_feedback,48,1,4,1,0,-1.0,0.0,1,1,0,0,0.0,0.03075125134601715
393,no_feedback,48,8,5,1,0,-1.0,0.0,1,0,1,0,0.0,0.03075125134601715
394,no_feedback,48,0,5,1,0,-1.0,0.0,1,0,1,0,0.0,0.03075125134601715
395,no_feedback,48,0,3,0,0,-1.0,0.0,1,0,1,0,0.0,0.03075125134601715
396,no_feedback,48,4,3,0,1,1.0,0.0,0,nan,nan,nan,0.0,0.03075125134601715
397,no_feedback,48,5,2,0,0,-1.0,0.0,1,1,0,0,0.0,0.03075125134601715
398,no_feedback,48,8,5,1,0,-1.0,0.0,1,0,1,0,0.0,0.03075125134601715
399,no_feedback,48,1,5,1,0,-1.0,0.0,1,0,1,0,0.0,0.03075125134601715
400,no_feedback,48,0,5,1,0,-1.0,0.0,1,0,1,0,0.0,0.03075125134601715
401,no_feedback,48,5,5,1,1,1.0,0.0,0,nan,nan,nan,0.0,0.03075125134601715
402,no_feedback,48,3,6,1,0,-1.0,0.0,1,1,0,0,0.0,0.03075125134601715
403,no_feedback,48,5,5,1,1,1.0,0.0,0,nan,nan,nan,0.0,0.03075125134601715
404,no_feedback,48,6,4,0,0,-1.0,0.0,1,1,0,0,0.0,0.03075125134601715
405,no_feedback,48,0,3,0,0,-1.0,0.0,1,0,1,0,0.0,0.03075125134601715
406,no_feedback,48,1,5,1,0,-1.0,0.0,1,0,1,0,0.0,0.03075125134601715
407,no_feedback,48,4,3,0,1,1.0,0.0,0,nan,nan,nan,0.0,0.03075125134601715
408,no_feedback,48,0,2,0,0,-1.0,0.0,1,1,0,0,0.0,0.03075125134601715
409,no_feedback,48,0,5,1,0,-1.0,0.0,1,0,1,0,0.0,0.03075125134601715
410,no_feedback,48,1,5,1,0,-1.0,0.0,1,0,1,0,0.0,0.03075125134601715
411,no_feedback,48,0,3,0,0,-1.0,0.0,1,0,1,0,0.0,0.03075125134601715
412,no_feedback,48,5,5,1,1,1.0,0.0,0,nan,nan,nan,0.0,0.03075125134601715
413,no_feedback,48,7,6,1,1,1.0,0.0,0,nan,nan,nan,0.0,0.03075125134601715
414,no_feedback,48,4,7,1,0,-1.0,0.0,1,2,0,0,0.0,0.03075125134601715
415,no_feedback,48,1,5,1,0,-1.0,0.0,1,0,1,0,0.0,0.03075125134601715
416,no_feedback,48,4,3,0,1,1.0,0.0,0,nan,nan,nan,0.0,0.03075125134601715
417,no_feedback,48,6,2,0,0,-1.0,0.0,1,1,0,0,0.0,0.03075125134601715
418,no_feedback,48,1,3,0,0,-1.0,0.0,1,0,1,0,0.0,0.03075125134601715
419,no_feedback,48,2,3,0,1,1.0,0.0,0,nan,nan,nan,0.0,0.03075125134601715
420,no_feedback,48,0,2,0,0,-1.0,0.0,1,1,0,0,0.0,0.03075125134601715
421,no_feedback,48,2,5,1,0,-1.0,0.0,1,0,1,0,0.0,0.03075125134601715
422,no_feedback,48,3,5,1,0,-1.0,0.0,1,0,1,0,0.0,0.03075125134601715
423,no_feedback,48,2,5,1,0,-1.0,0.0,1,0,1,0,0.0,0.03075125134601715
424,no_feedback,48,5,5,1,1,1.0,0.0,0,nan,nan,nan,0.0,0.03075125134601715
425,no_feedback,48,6,6,1,1,1.0,0.0,0,nan,nan,nan,0.0,0.03075125134601715
426,no_feedback,48,2,5,0,0,-1.0,0.0,1,2,0,0,0.0,0.03075125134601715
427,no_feedback,48,4,3,0,1,1.0,0.0,0,nan,nan,nan,0.0,0.03075125134601715
428,no_feedback,48,1,4,1,0,-1.0,0.0,1,1,0,0,0.0,0.03075125134601715
429,no_feedback,48,3,5,1,0,-1.0,0.0,1,0,1,0,0.0,0.03075125134601715
430,no_feedback,48,1,3,0,0,-1.0,0.0,1,0,1,0,0.0,0.03075125134601715
431,no_feedback,48,5,3,0,0,-1.0,0.0,1,0,1,0,0.0,0.03075125134601715
432,no_feedback,48,7,5,1,0,-1.0,0.0,1,0,1,0,0.0,0.03075125134601715
433,no_feedback,48,6,5,1,1,1.0,0.0,0,nan,nan,nan,0.0,0.03075125134601715
434,no_feedback,48,3,4,0,1,1.0,0.0,0,nan,nan,nan,0.0,0.03075125134601715
435,no_feedback,48,3,5,1,0,-1.0,0.0,1,2,0,0,0.0,0.03075125134601715
436,no_feedback,48,3,5,1,0,-1.0,0.0,1,0,1,0,0.0,0.03075125134601715
437,no_feedback,48,5,5,1,1,1.0,0.0,0,nan,nan,nan,0.0,0.03075125134601715
438,no_feedback,48,2,6,1,0,-1.0,0.0,1,1,0,0,0.0,0.03075125134601715
439,no_feedback,48,3,5,1,0,-1.0,0.0,1,0,1,0,0.0,0.03075125134601715
440,no_feedback,48,0,5,1,0,-1.0,0.0,1,0,1,0,0.0,0.03075125134601715
441,no_feedback,48,5,5,1,1,1.0,0.0,0,nan,nan,nan,0.0,0.03075125134601715
442,no_feedback,48,3,6,1,0,-1.0,0.0,1,1,0,0,0.0,0.03075125134601715
443,no_feedback,48,7,3,0,0,-1.0,0.0,1,0,1,0,0.0,0.03075125134601715
444,no_feedback,48,3,5,1,0,-1.0,0.0,1,0,1,0,0.0,0.03075125134601715
445,no_feedback,48,6,5,1,1,1.0,0.0,0,nan,nan,nan,0.0,0.03075125134601715
446,no_feedback,48,8,6,1,0,-1.0,0.0,1,1,0,0,0.0,0.03075125134601715
447,no_feedback,48,3,5,1,0,-1.0,0.0,1,0,1,0,0.0,0.03075125134601715
448,no_feedback,48,7,5,1,0,-1.0,0.0,1,0,1,0,0.0,0.03075125134601715
449,no_feedback,48,3,5,1,0,-1.0,0.0,1,0,1,0,0.0,0.03075125134601715
450,no_feedback,48,8,5,1,0,-1.0,0.0,1,0,1,0,0.0,0.03075125134601715
451,no_feedback,48,8,5,1,0,-1.0,0.0,1,0,1,0,0.0,0.03075125134601715
452,no_feedback,48,7,3,0,0,-1.0,0.0,1,0,1,0,0.0,0.03075125134601715
453,no_feedback,48,4,3,0,1,1.0,0.0,0,nan,nan,nan,0.0,0.03075125134601715
454,no_feedback,48,7,4,1,0,-1.0,0.0,1,1,0,0,0.0,0.03075125134601715
455,no_feedback,48,6,5,1,1,1.0,0.0,0,nan,nan,nan,0.0,0.03075125134601715
456,no_feedback,48,6,4,0,0,-1.0,0.0,1,1,0,0,0.0,0.03075125134601715
457,no_feedback,48,7,3,0,0,-1.0,0.0,1,0,1,0,0.0,0.03075125134601715
458,no_feedback,48,4,3,0,1,1.0,0.0,0,nan,nan,nan,0.0,0.03075125134601715
459,no_feedback,48,6,4,1,0,-1.0,0.0,1,1,0,0,0.0,0.03075125134601715
460,no_feedback,48,2,5,1,0,-1.0,0.0,1,0,1,0,0.0,0.03075125134601715
461,no_feedback,48,1,3,0,0,-1.0,0.0,1,0,1,0,0.0,0.03075125134601715
462,no_feedback,48,8,5,1,0,-1.0,0.0,1,0,1,0,0.0,0.03075125134601715
463,no_feedback,48,5,5,1,1,1.0,0.0,0,nan,nan,nan,0.0,0.03075125134601715
464,no_feedback,48,1,4,0,0,-1.0,0.0,1,1,0,0,0.0,0.03075125134601715
465,no_feedback,48,4,3,0,1,1.0,0.0,0,nan,nan,nan,0.0,0.03075125134601715
466,no_feedback,48,5,4,1,1,1.0,0.0,0,nan,nan,nan,0.0,0.03075125134601715
467,no_feedback,48,5,5,1,1,1.0,0.0,0,nan,nan,nan,0.0,0.03075125134601715
468,no_feedback,48,4,6,1,0,-1.0,0.0,1,3,0,1,0.0,0.03075125134601715
469,no_feedback,48,1,5,1,0,-1.0,0.0,1,0,1,0,0.0,0.03075125134601715
470,no_feedback,48,1,3,0,0,-1.0,0.0,1,0,1,0,0.0,0.03075125134601715
471,no_feedback,48,8,5,1,0,-1.0,0.0,1,0,1,0,0.0,0.03075125134601715
472,no_feedback,48,4,3,0,1,1.0,0.0,0,nan,nan,nan,0.0,0.03075125134601715
473,no_feedback,48,7,2,0,0,-1.0,0.0,1,1,0,0,0.0,0.03075125134601715
474,no_feedback,48,6,5,1,1,1.0,0.0,0,nan,nan,nan,0.0,0.03075125134601715
475,no_feedback,48,8,4,0,0,-1.0,0.0,1,1,0,0,0.0,0.03075125134601715
476,no_feedback,48,3,5,1,0,-1.0,0.0,1,0,1,0,0.0,0.03075125134601715
477,no_feedback,48,1,5,1,0,-1.0,0.0,1,0,1,0,0.0,0.03075125134601715
478,no_feedback,48,2,5,1,0,-1.0,0.0,1,0,1,0,0.0,0.03075125134601715
479,no_feedback,48,1,3,0,0,-1.0,0.0,1,0,1,0,0.0,0.03075125134601715
480,no_feedback,48,4,3,0,1,1.0,0.0,0,nan,nan,nan,0.0,0.03075125134601715
481,no_feedback,48,1,4,1,0,-1.0,0.0,1,1,0,0,0.0,0.03075125134601715
482,no_feedback,48,2,5,1,0,-1.0,0.0,1,0,1,0,0.0,0.03075125134601715
483,no_feedback,48,3,5,1,0,-1.0,0.0,1,0,1,0,0.0,0.03075125134601715
484,no_feedback,48,8,5,1,0,-1.0,0.0,1,0,1,0,0.0,0.03075125134601715
485,no_feedback,48,6,3,0,0,-1.0,0.0,1,0,1,0,0.0,0.03075125134601715
486,no_feedback,48,8,3,0,0,-1.0,0.0,1,0,1,0,0.0,0.03075125134601715
487,no_feedback,48,1,3,0,0,-1.0,0.0,1,0,1,0,0.0,0.03075125134601715
488,no_feedback,48,2,5,1,0,-1.0,0.0,1,0,1,0,0.0,0.03075125134601715
489,no_feedback,48,8,3,0,0,-1.0,0.0,1,0,1,0,0.0,0.03075125134601715
490,no_feedback,48,6,5,1,1,1.0,0.0,0,nan,nan,nan,0.0,0.03075125134601715
491,no_feedback,48,2,6,1,0,-1.0,0.0,1,1,0,0,0.0,0.03075125134601715
492,no_feedback,48,5,5,1,1,1.0,0.0,0,nan,nan,nan,0.0,0.03075125134601715
493,no_feedback,48,7,4,0,0,-1.0,0.0,1,1,0,0,0.0,0.03075125134601715
494,no_feedback,48,6,3,0,0,-1.0,0.0,1,0,1,0,0.0,0.03075125134601715
495,no_feedback,48,7,5,1,0,-1.0,0.0,1,0,1,0,0.0,0.03075125134601715
496,no_feedback,48,0,5,1,0,-1.0,0.0,1,0,1,0,0.0,0.03075125134601715
497,no_feedback,48,4,3,0,1,1.0,0.0,0,nan,nan,nan,0.0,0.03075125134601715
498,no_feedback,48,1,4,1,0,-1.0,0.0,1,1,0,0,0.0,0.03075125134601715
499,no_feedback,48,4,3,0,1,1.0,0.0,0,nan,nan,nan,0.0,0.03075125134601715
500,no_feedback,48,1,4,1,0,-1.0,0.0,1,1,0,0,0.0,0.03075125134601715
501,no_feedback,48,4,3,0,1,1.0,0.0,0,nan,nan,nan,0.0,0.03075125134601715
502,no_feedback,48,1,4,1,0,-1.0,0.0,1,1,0,0,0.0,0.03075125134601715
503,no_feedback,48,5,3,0,0,-1.0,0.0,1,0,1,0,0.0,0.03075125134601715
504,no_feedback,48,4,3,0,1,1.0,0.0,0,nan,nan,nan,0.0,0.03075125134601715
505,no_feedback,48,4,2,0,0,-1.0,0.0,1,1,0,0,0.0,0.03075125134601715
506,no_feedback,48,3,5,1,0,-1.0,0.0,1,0,1,0,0.0,0.03075125134601715
507,no_feedback,48,8,3,0,0,-1.0,0.0,1,0,1,0,0.0,0.03075125134601715
508,no_feedback,48,1,3,0,0,-1.0,0.0,1,0,1,0,0.0,0.03075125134601715
509,no_feedback,48,2,5,1,0,-1.0,0.0,1,0,1,0,0.0,0.03075125134601715
510,no_feedback,48,5,3,0,0,-1.0,0.0,1,0,1,0,0.0,0.03075125134601715
511,no_feedback,48,2,5,1,0,-1.0,0.0,1,0,1,0,0.0,0.03075125134601715
512,no_feedback,48,0,3,0,0,-1.0,0.0,1,0,1,0,0.0,0.03075125134601715
513,no_feedback,48,1,5,1,0,-1.0,0.0,1,0,1,0,0.0,0.03075125134601715
514,no_feedback,48,1,5,1,0,-1.0,0.0,1,0,1,0,0.0,0.03075125134601715
515,no_feedback,48,1,3,0,0,-1.0,0.0,1,0,1,0,0.0,0.03075125134601715
516,no_feedback,48,5,5,1,1,1.0,0.0,0,nan,nan,nan,0.0,0.03075125134601715
517,no_feedback,48,2,6,1,0,-1.0,0.0,1,1,0,0,0.0,0.03075125134601715
518,no_feedback,48,0,5,1,0,-1.0,0.0,1,0,1,0,0.0,0.03075125134601715
519,no_feedback,48,1,5,1,0,-1.0,0.0,1,0,1,0,0.0,0.03075125134601715
520,no_feedback,48,5,5,1,1,1.0,0.0,0,nan,nan,nan,0.0,0.03075125134601715
521,no_feedback,48,5,6,1,1,1.0,0.0,0,nan,nan,nan,0.0,0.03075125134601715
522,no_feedback,48,5,7,1,0,-1.0,0.0,1,2,0,0,0.0,0.03075125134601715
523,no_feedback,48,0,3,0,0,-1.0,0.0,1,0,1,0,0.0,0.03075125134601715
524,no_feedback,48,7,5,1,0,-1.0,0.0,1,0,1,0,0.0,0.03075125134601715
525,no_feedback,48,7,3,0,0,-1.0,0.0,1,0,1,0,0.0,0.03075125134601715
526,no_feedback,48,1,3,0,0,-1.0,0.0,1,0,1,0,0.0,0.03075125134601715
527,no_feedback,48,1,5,1,0,-1.0,0.0,1,0,1,0,0.0,0.03075125134601715
528,no_feedback,48,1,3,0,0,-1.0,0.0,1,0,1,0,0.0,0.03075125134601715
529,no_feedback,48,4,3,0,1,1.0,0.0,0,nan,nan,nan,0.0,0.03075125134601715
530,no_feedback,48,5,2,0,0,-1.0,0.0,1,1,0,0,0.0,0.03075125134601715
531,no_feedback,48,3,5,1,0,-1.0,0.0,1,0,1,0,0.0,0.03075125134601715
532,no_feedback,48,0,3,0,0,-1.0,0.0,1,0,1,0,0.0,0.03075125134601715
533,no_feedback,48,8,3,0,0,-1.0,0.0,1,0,1,0,0.0,0.03075125134601715
534,no_feedback,48,2,5,1,0,-1.0,0.0,1,0,1,0,0.0,0.03075125134601715
535,no_feedback,48,4,3,0,1,1.0,0.0,0,nan,nan,nan,0.0,0.03075125134601715
536,no_feedback,48,2,2,0,1,1.0,0.0,0,nan,nan,nan,0.0,0.03075125134601715
537,no_feedback,48,1,3,1,0,-1.0,0.0,1,2,0,0,0.0,0.03075125134601715
538,no_feedback,48,2,5,1,0,-1.0,0.0,1,0,1,0,0.0,0.03075125134601715
539,no_feedback,48,2,5,1,0,-1.0,0.0,1,0,1,0,0.0,0.03075125134601715
540,no_feedback,48,3,5,1,0,-1.0,0.0,1,0,1,0,0.0,0.03075125134601715
541,no_feedback,48,7,3,0,0,-1.0,0.0,1,0,1,0,0.0,0.03075125134601715
542,no_feedback,48,6,5,1,1,1.0,0.0,0,nan,nan,nan,0.0,0.03075125134601715
543,no_feedback,48,6,6,1,1,1.0,0.0,0,nan,nan,nan,0.0,0.03075125134601715
544,no_feedback,48,3,7,1,0,-1.0,0.0,1,2,0,0,0.0,0.03075125134601715
545,no_feedback,48,6,5,1,1,1.0,0.0,0,nan,nan,nan,0.0,0.03075125134601715
546,no_feedback,48,6,6,1,1,1.0,0.0,0,nan,nan,nan,0.0,0.03075125134601715
547,no_feedback,48,2,7,1,0,-1.0,0.0,1,2,0,0,0.0,0.03075125134601715
548,no_feedback,48,1,5,1,0,-1.0,0.0,1,0,1,0,0.0,0.03075125134601715
549,no_feedback,48,8,3,0,0,-1.0,0.0,1,0,1,0,0.0,0.03075125134601715
550,no_feedback,48,8,5,1,0,-1.0,0.0,1,0,1,0,0.0,0.03075125134601715
551,no_feedback,48,1,5,1,0,-1.0,0.0,1,0,1,0,0.0,0.03075125134601715
552,no_feedback,48,2,5,1,0,-1.0,0.0,1,0,1,0,0.0,0.03075125134601715
553,no_feedback,48,4,3,0,1,1.0,0.0,0,nan,nan,nan,0.0,0.03075125134601715
554,no_feedback,48,1,4,1,0,-1.0,0.0,1,1,0,0,0.0,0.03075125134601715
555,no_feedback,48,8,3,0,0,-1.0,0.0,1,0,1,0,0.0,0.03075125134601715
556,no_feedback,48,8,3,0,0,-1.0,0.0,1,0,1,0,0.0,0.03075125134601715
557,no_feedback,48,4,3,0,1,1.0,0.0,0,nan,nan,nan,0.0,0.03075125134601715
558,no_feedback,48,1,4,1,0,-1.0,0.0,1,1,0,0,0.0,0.03075125134601715
559,no_feedback,48,8,3,0,0,-1.0,0.0,1,0,1,0,0.0,0.03075125134601715
560,no_feedback,48,6,3,0,0,-1.0,0.0,1,0,1,0,0.0,0.03075125134601715
561,no_feedback,48,8,5,1,0,-1.0,0.0,1,0,1,0,0.0,0.03075125134601715
562,no_feedback,48,7,5,1,0,-1.0,0.0,1,0,1,0,0.0,0.03075125134601715
563,no_feedback,48,3,5,1,0,-1.0,0.0,1,0,1,0,0.0,0.03075125134601715
564,no_feedback,48,6,5,1,1,1.0,0.0,0,nan,nan,nan,0.0,0.03075125134601715
565,no_feedback,48,7,6,1,1,1.0,0.0,0,nan,nan,nan,0.0,0.03075125134601715
566,no_feedback,48,0,5,0,0,-1.0,0.0,1,2,0,0,0.0,0.03075125134601715
567,no_feedback,48,5,3,0,0,-1.0,0.0,1,0,1,0,0.0,0.03075125134601715
568,no_feedback,48,1,3,0,0,-1.0,0.0,1,0,1,0,0.0,0.03075125134601715
569,no_feedback,48,2,5,1,0,-1.0,0.0,1,0,1,0,0.0,0.03075125134601715
570,no_feedback,48,6,3,0,0,-1.0,0.0,1,0,1,0,0.0,0.03075125134601715
571,no_feedback,48,4,3,0,1,1.0,0.0,0,nan,nan,nan,0.0,0.03075125134601715
572,no_feedback,48,4,2,0,0,-1.0,0.0,1,1,0,0,0.0,0.03075125134601715
573,no_feedback,48,0,5,1,0,-1.0,0.0,1,0,1,0,0.0,0.03075125134601715
574,no_feedback,48,5,3,0,0,-1.0,0.0,1,0,1,0,0.0,0.03075125134601715
575,no_feedback,48,5,5,1,1,1.0,0.0,0,nan,nan,nan,0.0,0.03075125134601715
576,no_feedback,48,0,6,1,0,-1.0,0.0,1,1,0,0,0.0,0.03075125134601715
577,no_feedback,48,7,3,0,0,-1.0,0.0,1,0,1,0,0.0,0.03075125134601715
578,no_feedback,48,8,5,1,0,-1.0,0.0,1,0,1,0,0.0,0.03075125134601715
579,no_feedback,48,7,5,1,0,-1.0,0.0,1,0,1,0,0.0,0.03075125134601715
580,no_feedback,48,2,5,1,0,-1.0,0.0,1,0,1,0,0.0,0.03075125134601715
581,no_feedback,48,8,3,0,0,-1.0,0.0,1,0,1,0,0.0,0.03075125134601715
582,no_feedback,48,4,3,0,1,1.0,0.0,0,nan,nan,nan,0.0,0.03075125134601715
583,no_feedback,48,5,2,0,0,-1.0,0.0,1,1,0,0,0.0,0.03075125134601715
584,no_feedback,48,0,5,1,0,-1.0,0.0,1,0,1,0,0.0,0.03075125134601715
585,no_feedback,48,8,5,1,0,-1.0,0.0,1,0,1,0,0.0,0.03075125134601715
586,no_feedback,48,8,3,0,0,-1.0,0.0,1,0,1,0,0.0,0.03075125134601715
587,no_feedback,48,4,3,0,1,1.0,0.0,0,nan,nan,nan,0.0,0.03075125134601715
588,no_feedback,48,4,2,0,0,-1.0,0.0,1,1,0,0,0.0,0.03075125134601715
589,no_feedback,48,0,5,1,0,-1.0,0.0,1,0,1,0,0.0,0.03075125134601715
590,no_feedback,48,6,5,1,1,1.0,0.0,0,nan,nan,nan,0.0,0.03075125134601715
591,no_feedback,48,1,6,1,0,-1.0,0.0,1,1,0,0,0.0,0.03075125134601715
592,no_feedback,48,5,5,1,1,1.0,0.0,0,nan,nan,nan,0.0,0.03075125134601715
593,no_feedback,48,4,6,1,0,-1.0,0.0,1,1,0,0,0.0,0.03075125134601715
594,no_feedback,48,7,5,1,0,-1.0,0.0,1,0,1,0,0.0,0.03075125134601715
595,no_feedback,48,2,5,1,0,-1.0,0.0,1,0,1,0,0.0,0.03075125134601715
596,no_feedback,48,8,5,1,0,-1.0,0.0,1,0,1,0,0.0,0.03075125134601715
597,no_feedback,48,1,3,0,0,-1.0,0.0,1,0,1,0,0.0,0.03075125134601715
598,no_feedback,48,8,3,0,0,-1.0,0.0,1,0,1,0,0.0,0.03075125134601715
599,no_feedback,48,2,5,1,0,-1.0,0.0,1,0,1,0,0.0,0.03075125134601715
600,no_feedback,48,7,3,0,0,-1.0,0.0,1,0,1,0,0.0,0.03075125134601715
601,no_feedback,48,5,3,0,0,-1.0,0.0,1,0,1,0,0.0,0.03075125134601715
602,no_feedback,48,5,3,0,0,-1.0,0.0,1,0,1,0,0.0,0.03075125134601715
603,no_feedback,48,6,3,0,0,-1.0,0.0,1,0,1,0,0.0,0.03075125134601715
604,no_feedback,48,7,5,1,0,-1.0,0.0,1,0,1,0,0.0,0.03075125134601715
605,no_feedback,48,5,5,1,1,1.0,0.0,0,nan,nan,nan,0.0,0.03075125134601715
606,no_feedback,48,8,6,1,0,-1.0,0.0,1,1,0,0,0.0,0.03075125134601715
607,no_feedback,48,4,3,0,1,1.0,0.0,0,nan,nan,nan,0.0,0.03075125134601715
608,no_feedback,48,4,4,1,1,1.0,0.0,0,nan,nan,nan,0.0,0.03075125134601715
609,no_feedback,48,1,5,1,0,-1.0,0.0,1,2,0,0,0.0,0.03075125134601715
610,no_feedback,48,8,3,0,0,-1.0,0.0,1,0,1,0,0.0,0.03075125134601715
611,no_feedback,48,1,3,0,0,-1.0,0.0,1,0,1,0,0.0,0.03075125134601715
612,no_feedback,48,8,5,1,0,-1.0,0.0,1,0,1,0,0.0,0.03075125134601715
613,no_feedback,48,0,3,0,0,-1.0,0.0,1,0,1,0,0.0,0.03075125134601715
614,no_feedback,48,4,3,0,1,1.0,0.0,0,nan,nan,nan,0.0,0.03075125134601715
615,no_feedback,48,0,2,0,0,-1.0,0.0,1,1,0,0,0.0,0.03075125134601715
616,no_feedback,48,5,3,0,0,-1.0,0.0,1,0,1,0,0.0,0.03075125134601715
617,no_feedback,48,8,3,0,0,-1.0,0.0,1,0,1,0,0.0,0.03075125134601715
618,no_feedback,48,1,5,1,0,-1.0,0.0,1,0,1,0,0.0,0.03075125134601715
619,no_feedback,48,5,5,1,1,1.0,0.0,0,nan,nan,nan,0.0,0.03075125134601715
620,no_feedback,48,2,6,1,0,-1.0,0.0,1,1,0,0,0.0,0.03075125134601715
621,no_feedback,48,0,5,1,0,-1.0,0.0,1,0,1,0,0.0,0.03075125134601715
622,no_feedback,48,1,3,0,0,-1.0,0.0,1,0,1,0,0.0,0.03075125134601715
623,no_feedback,48,2,5,1,0,-1.0,0.0,1,0,1,0,0.0,0.03075125134601715
624,no_feedback,48,8,3,0,0,-1.0,0.0,1,0,1,0,0.0,0.03075125134601715
625,no_feedback,48,4,3,0,1,1.0,0.0,0,nan,nan,nan,0.0,0.03075125134601715
626,no_feedback,48,2,4,1,0,-1.0,0.0,1,1,0,0,0.0,0.03075125134601715
627,no_feedback,48,0,5,1,0,-1.0,0.0,1,0,1,0,0.0,0.03075125134601715
628,no_feedback,48,7,5,1,0,-1.0,0.0,1,0,1,0,0.0,0.03075125134601715
629,no_feedback,48,1,5,1,0,-1.0,0.0,1,0,1,0,0.0,0.03075125134601715
630,no_feedback,48,5,5,1,1,1.0,0.0,0,nan,nan,nan,0.0,0.03075125134601715
631,no_feedback,48,0,6,1,0,-1.0,0.0,1,1,0,0,0.0,0.03075125134601715
632,no_feedback,48,3,5,1,0,-1.0,0.0,1,0,1,0,0.0,0.03075125134601715
633,no_feedback,48,4,3,0,1,1.0,0.0,0,nan,nan,nan,0.0,0.03075125134601715
634,no_feedback,48,5,2,0,0,-1.0,0.0,1,1,0,0,0.0,0.03075125134601715
635,no_feedback,48,2,5,1,0,-1.0,0.0,1,0,1,0,0.0,0.03075125134601715
636,no_feedback,48,8,3,0,0,-1.0,0.0,1,0,1,0,0.0,0.03075125134601715
637,no_feedback,48,7,5,1,0,-1.0,0.0,1,0,1,0,0.0,0.03075125134601715
638,no_feedback,48,3,3,0,1,1.0,0.0,0,nan,nan,nan,0.0,0.03075125134601715
639,no_feedback,48,4,2,0,0,-1.0,0.0,1,1,0,0,0.0,0.03075125134601715
640,no_feedback,48,6,3,0,0,-1.0,0.0,1,0,1,0,0.0,0.03075125134601715
641,no_feedback,48,0,5,1,0,-1.0,0.0,1,0,1,0,0.0,0.03075125134601715
642,no_feedback,48,0,3,0,0,-1.0,0.0,1,0,1,0,0.0,0.03075125134601715
643,no_feedback,48,6,5,1,1,1.0,0.0,0,nan,nan,nan,0.0,0.03075125134601715
644,no_feedback,48,5,4,0,1,1.0,0.0,0,nan,nan,nan,0.0,0.03075125134601715
645,no_feedback,48,2,5,1,0,-1.0,0.0,1,2,0,0,0.0,0.03075125134601715
646,no_feedback,48,1,3,0,0,-1.0,0.0,1,0,1,0,0.0,0.03075125134601715
647,no_feedback,48,0,3,0,0,-1.0,0.0,1,0,1,0,0.0,0.03075125134601715
648,no_feedback,48,6,3,0,0,-1.0,0.0,1,0,1,0,0.0,0.03075125134601715
649,no_feedback,48,2,5,1,0,-1.0,0.0,1,0,1,0,0.0,0.03075125134601715
650,no_feedback,48,8,5,1,0,-1.0,0.0,1,0,1,0,0.0,0.03075125134601715
651,no_feedback,48,1,5,1,0,-1.0,0.0,1,0,1,0,0.0,0.03075125134601715
652,no_feedback,48,7,3,0,0,-1.0,0.0,1,0,1,0,0.0,0.03075125134601715
653,no_feedback,48,4,3,0,1,1.0,0.0,0,nan,nan,nan,0.0,0.03075125134601715
654,no_feedback,48,2,4,1,0,-1.0,0.0,1,1,0,0,0.0,0.03075125134601715
655,no_feedback,48,5,5,1,1,1.0,0.0,0,nan,nan,nan,0.0,0.03075125134601715
656,no_feedback,48,4,6,1,0,-1.0,0.0,1,1,0,0,0.0,0.03075125134601715
657,no_feedback,48,7,3,0,0,-1.0,0.0,1,0,1,0,0.0,0.03075125134601715
658,no_feedback,48,2,5,1,0,-1.0,0.0,1,0,1,0,0.0,0.03075125134601715
659,no_feedback,48,2,5,1,0,-1.0,0.0,1,0,1,0,0.0,0.03075125134601715
660,no_feedback,48,3,5,1,0,-1.0,0.0,1,0,1,0,0.0,0.03075125134601715
661,no_feedback,48,5,5,1,1,1.0,0.0,0,nan,nan,nan,0.0,0.03075125134601715
662,no_feedback,48,7,6,1,1,1.0,0.0,0,nan,nan,nan,0.0,0.03075125134601715
663,no_feedback,48,8,5,0,0,-1.0,0.0,1,2,0,0,0.0,0.03075125134601715
664,no_feedback,48,5,5,1,1,1.0,0.0,0,nan,nan,nan,0.0,0.03075125134601715
665,no_feedback,48,4,6,1,0,-1.0,0.0,1,1,0,0,0.0,0.03075125134601715
666,no_feedback,48,7,3,0,0,-1.0,0.0,1,0,1,0,0.0,0.03075125134601715
667,no_feedback,48,7,3,0,0,-1.0,0.0,1,0,1,0,0.0,0.03075125134601715
668,no_feedback,48,5,5,1,1,1.0,0.0,0,nan,nan,nan,0.0,0.03075125134601715
669,no_feedback,48,8,6,1,0,-1.0,0.0,1,1,0,0,0.0,0.03075125134601715
670,no_feedback,48,4,3,0,1,1.0,0.0,0,nan,nan,nan,0.0,0.03075125134601715
671,no_feedback,48,2,4,1,0,-1.0,0.0,1,1,0,0,0.0,0.03075125134601715
672,no_feedback,48,4,3,0,1,1.0,0.0,0,nan,nan,nan,0.0,0.03075125134601715
673,no_feedback,48,4,2,0,0,-1.0,0.0,1,1,0,0,0.0,0.03075125134601715
674,no_feedback,48,8,3,0,0,-1.0,0.0,1,0,1,0,0.0,0.03075125134601715
675,no_feedback,48,3,5,1,0,-1.0,0.0,1,0,1,0,0.0,0.03075125134601715
676,no_feedback,48,2,5,1,0,-1.0,0.0,1,0,1,0,0.0,0.03075125134601715
677,no_feedback,48,7,5,1,0,-1.0,0.0,1,0,1,0,0.0,0.03075125134601715
678,no_feedback,48,3,5,1,0,-1.0,0.0,1,0,1,0,0.0,0.03075125134601715
679,no_feedback,48,4,3,0,1,1.0,0.0,0,nan,nan,nan,0.0,0.03075125134601715
680,no_feedback,48,1,4,1,0,-1.0,0.0,1,1,0,0,0.0,0.03075125134601715
681,no_feedback,48,8,5,1,0,-1.0,0.0,1,0,1,0,0.0,0.03075125134601715
682,no_feedback,48,8,5,1,0,-1.0,0.0,1,0,1,0,0.0,0.03075125134601715
683,no_feedback,48,8,5,1,0,-1.0,0.0,1,0,1,0,0.0,0.03075125134601715
684,no_feedback,48,7,5,1,0,-1.0,0.0,1,0,1,0,0.0,0.03075125134601715
685,no_feedback,48,4,3,0,1,1.0,0.0,0,nan,nan,nan,0.0,0.03075125134601715
686,no_feedback,48,6,4,1,0,-1.0,0.0,1,1,0,0,0.0,0.03075125134601715
687,no_feedback,48,3,5,1,0,-1.0,0.0,1,0,1,0,0.0,0.03075125134601715
688,no_feedback,48,4,3,0,1,1.0,0.0,0,nan,nan,nan,0.0,0.03075125134601715
689,no_feedback,48,5,4,1,1,1.0,0.0,0,nan,nan,nan,0.0,0.03075125134601715
690,no_feedback,48,2,5,1,0,-1.0,0.0,1,2,0,0,0.0,0.03075125134601715
691,no_feedback,48,8,3,0,0,-1.0,0.0,1,0,1,0,0.0,0.03075125134601715
692,no_feedback,48,8,5,1,0,-1.0,0.0,1,0,1,0,0.0,0.03075125134601715
693,no_feedback,48,2,5,1,0,-1.0,0.0,1,0,1,0,0.0,0.03075125134601715
694,no_feedback,48,0,3,0,0,-1.0,0.0,1,0,1,0,0.0,0.03075125134601715
695,no_feedback,48,4,3,0,1,1.0,0.0,0,nan,nan,nan,0.0,0.03075125134601715
696,no_feedback,48,2,4,1,0,-1.0,0.0,1,1,0,0,0.0,0.03075125134601715
697,no_feedback,48,2,3,0,1,1.0,0.0,0,nan,nan,nan,0.0,0.03075125134601715
698,no_feedback,48,1,4,1,0,-1.0,0.0,1,1,0,0,0.0,0.03075125134601715
699,no_feedback,48,8,5,1,0,-1.0,0.0,1,0,1,0,0.0,0.03075125134601715
700,no_feedback,48,3,5,1,0,-1.0,0.0,1,0,1,0,0.0,0.03075125134601715
701,no_feedback,48,0,3,0,0,-1.0,0.0,1,0,1,0,0.0,0.03075125134601715
702,no_feedback,48,1,5,1,0,-1.0,0.0,1,0,1,0,0.0,0.03075125134601715
703,no_feedback,48,8,5,1,0,-1.0,0.0,1,0,1,0,0.0,0.03075125134601715
704,no_feedback,48,5,5,1,1,1.0,0.0,0,nan,nan,nan,0.0,0.03075125134601715
705,no_feedback,48,2,4,0,0,-1.0,0.0,1,1,0,0,0.0,0.03075125134601715
706,no_feedback,48,7,3,0,0,-1.0,0.0,1,0,1,0,0.0,0.03075125134601715
707,no_feedback,48,1,3,0,0,-1.0,0.0,1,0,1,0,0.0,0.03075125134601715
708,no_feedback,48,8,5,1,0,-1.0,0.0,1,0,1,0,0.0,0.03075125134601715
709,no_feedback,48,2,5,1,0,-1.0,0.0,1,0,1,0,0.0,0.03075125134601715
710,no_feedback,48,2,5,1,0,-1.0,0.0,1,0,1,0,0.0,0.03075125134601715
711,no_feedback,48,0,5,1,0,-1.0,0.0,1,0,1,0,0.0,0.03075125134601715
712,no_feedback,48,7,3,0,0,-1.0,0.0,1,0,1,0,0.0,0.03075125134601715
713,no_feedback,48,6,3,0,0,-1.0,0.0,1,0,1,0,0.0,0.03075125134601715
714,no_feedback,48,3,3,0,1,1.0,0.0,0,nan,nan,nan,0.0,0.03075125134601715
715,no_feedback,48,8,4,1,0,-1.0,0.0,1,1,0,0,0.0,0.03075125134601715
716,no_feedback,48,8,3,0,0,-1.0,0.0,1,0,1,0,0.0,0.03075125134601715
717,no_feedback,48,4,3,0,1,1.0,0.0,0,nan,nan,nan,0.0,0.03075125134601715
718,no_feedback,48,5,2,0,0,-1.0,0.0,1,1,0,0,0.0,0.03075125134601715
719,no_feedback,48,2,5,1,0,-1.0,0.0,1,0,1,0,0.0,0.03075125134601715
720,no_feedback,48,4,3,0,1,1.0,0.0,0,nan,nan,nan,0.0,0.03075125134601715
721,no_feedback,48,7,4,1,0,-1.0,0.0,1,1,0,0,0.0,0.03075125134601715
722,no_feedback,48,0,3,0,0,-1.0,0.0,1,0,1,0,0.0,0.03075125134601715
723,no_feedback,48,1,3,0,0,-1.0,0.0,1,0,1,0,0.0,0.03075125134601715
724,no_feedback,48,2,5,1,0,-1.0,0.0,1,0,1,0,0.0,0.03075125134601715
725,no_feedback,48,6,5,1,1,1.0,0.0,0,nan,nan,nan,0.0,0.03075125134601715
726,no_feedback,48,7,6,1,1,1.0,0.0,0,nan,nan,nan,0.0,0.03075125134601715
727,no_feedback,48,0,5,0,0,-1.0,0.0,1,2,0,0,0.0,0.03075125134601715
728,no_feedback,48,3,5,1,0,-1.0,0.0,1,0,1,0,0.0,0.03075125134601715
729,no_feedback,48,6,5,1,1,1.0,0.0,0,nan,nan,nan,0.0,0.03075125134601715
730,no_feedback,48,1,6,1,0,-1.0,0.0,1,1,0,0,0.0,0.03075125134601715
731,no_feedback,48,5,5,1,1,1.0,0.0,0,nan,nan,nan,0.0,0.03075125134601715
732,no_feedback,48,1,6,1,0,-1.0,0.0,1,1,0,0,0.0,0.03075125134601715
733,no_feedback,48,8,5,1,0,-1.0,0.0,1,0,1,0,0.0,0.03075125134601715
734,no_feedback,48,6,5,1,1,1.0,0.0,0,nan,nan,nan,0.0,0.03075125134601715
735,no_feedback,48,0,6,1,0,-1.0,0.0,1,1,0,0,0.0,0.03075125134601715
736,no_feedback,48,8,5,1,0,-1.0,0.0,1,0,1,0,0.0,0.03075125134601715
737,no_feedback,48,4,3,0,1,1.0,0.0,0,nan,nan,nan,0.0,0.03075125134601715
738,no_feedback,48,4,4,1,1,1.0,0.0,0,nan,nan,nan,0.0,0.03075125134601715
739,no_feedback,48,0,5,1,0,-1.0,0.0,1,2,0,0,0.0,0.03075125134601715
740,no_feedback,48,7,5,1,0,-1.0,0.0,1,0,1,0,0.0,0.03075125134601715
741,no_feedback,48,4,3,0,1,1.0,0.0,0,nan,nan,nan,0.0,0.03075125134601715
742,no_feedback,48,5,4,1,1,1.0,0.0,0,nan,nan,nan,0.0,0.03075125134601715
743,no_feedback,48,3,5,1,0,-1.0,0.0,1,2,0,0,0.0,0.03075125134601715
744,no_feedback,48,8,5,1,0,-1.0,0.0,1,0,1,0,0.0,0.03075125134601715
745,no_feedback,48,3,5,1,0,-1.0,0.0,1,0,1,0,0.0,0.03075125134601715
746,no_feedback,48,4,3,0,1,1.0,0.0,0,nan,nan,nan,0.0,0.03075125134601715
747,no_feedback,48,5,2,0,0,-1.0,0.0,1,1,0,0,0.0,0.03075125134601715
748,no_feedback,48,2,5,1,0,-1.0,0.0,1,0,1,0,0.0,0.03075125134601715
749,no_feedback,48,2,5,1,0,-1.0,0.0,1,0,1,0,0.0,0.03075125134601715
750,no_feedback,48,6,3,0,0,-1.0,0.0,1,0,1,0,0.0,0.03075125134601715
751,no_feedback,48,4,3,0,1,1.0,0.0,0,nan,nan,nan,0.0,0.03075125134601715
752,no_feedback,48,7,4,1,0,-1.0,0.0,1,1,0,0,0.0,0.03075125134601715
753,no_feedback,48,6,5,1,1,1.0,0.0,0,nan,nan,nan,0.0,0.03075125134601715
754,no_feedback,48,7,4,0,0,-1.0,0.0,1,1,0,0,0.0,0.03075125134601715
755,no_feedback,48,4,5,1,1,1.0,0.0,0,nan,nan,nan,0.0,0.03075125134601715
756,no_feedback,48,1,6,1,0,-1.0,0.0,1,1,0,0,0.0,0.03075125134601715
757,no_feedback,48,5,5,1,1,1.0,0.0,0,nan,nan,nan,0.0,0.03075125134601715
758,no_feedback,48,0,6,1,0,-1.0,0.0,1,1,0,0,0.0,0.03075125134601715
759,no_feedback,48,7,5,1,0,-1.0,0.0,1,0,1,0,0.0,0.03075125134601715
760,no_feedback,48,4,3,0,1,1.0,0.0,0,nan,nan,nan,0.0,0.03075125134601715
761,no_feedback,48,7,4,1,0,-1.0,0.0,1,1,0,0,0.0,0.03075125134601715
762,no_feedback,48,0,5,1,0,-1.0,0.0,1,0,1,0,0.0,0.03075125134601715
763,no_feedback,48,4,3,0,1,1.0,0.0,0,nan,nan,nan,0.0,0.03075125134601715
764,no_feedback,48,7,2,0,0,-1.0,0.0,1,1,0,0,0.0,0.03075125134601715
765,no_feedback,48,8,3,0,0,-1.0,0.0,1,0,1,0,0.0,0.03075125134601715
766,no_feedback,48,7,5,1,0,-1.0,0.0,1,0,1,0,0.0,0.03075125134601715
767,no_feedback,48,0,5,1,0,-1.0,0.0,1,0,1,0,0.0,0.03075125134601715
768,no_feedback,48,3,5,1,0,-1.0,0.0,1,0,1,0,0.0,0.03075125134601715
769,no_feedback,48,5,5,1,1,1.0,0.0,0,nan,nan,nan,0.0,0.03075125134601715
770,no_feedback,48,7,6,1,1,1.0,0.0,0,nan,nan,nan,0.0,0.03075125134601715
771,no_feedback,48,4,7,1,0,-1.0,0.0,1,2,0,0,0.0,0.03075125134601715
772,no_feedback,48,2,5,1,0,-1.0,0.0,1,0,1,0,0.0,0.03075125134601715
773,no_feedback,48,7,5,1,0,-1.0,0.0,1,0,1,0,0.0,0.03075125134601715
774,no_feedback,48,5,5,1,1,1.0,0.0,0,nan,nan,nan,0.0,0.03075125134601715
775,no_feedback,48,7,4,0,0,-1.0,0.0,1,1,0,0,0.0,0.03075125134601715
776,no_feedback,48,3,5,1,0,-1.0,0.0,1,0,1,0,0.0,0.03075125134601715
777,no_feedback,48,6,5,1,1,1.0,0.0,0,nan,nan,nan,0.0,0.03075125134601715
778,no_feedback,48,7,6,1,1,1.0,0.0,0,nan,nan,nan,0.0,0.03075125134601715
779,no_feedback,48,4,7,1,0,-1.0,0.0,1,2,0,0,0.0,0.03075125134601715
780,no_feedback,48,6,5,1,1,1.0,0.0,0,nan,nan,nan,0.0,0.03075125134601715
781,no_feedback,48,2,4,0,0,-1.0,0.0,1,1,0,0,0.0,0.03075125134601715
782,no_feedback,48,0,3,0,0,-1.0,0.0,1,0,1,0,0.0,0.03075125134601715
783,no_feedback,48,3,5,1,0,-1.0,0.0,1,0,1,0,0.0,0.03075125134601715
784,no_feedback,48,1,5,1,0,-1.0,0.0,1,0,1,0,0.0,0.03075125134601715
785,no_feedback,48,2,5,1,0,-1.0,0.0,1,0,1,0,0.0,0.03075125134601715
786,no_feedback,48,7,5,1,0,-1.0,0.0,1,0,1,0,0.0,0.03075125134601715
787,no_feedback,48,2,5,1,0,-1.0,0.0,1,0,1,0,0.0,0.03075125134601715
788,no_feedback,48,2,5,1,0,-1.0,0.0,1,0,1,0,0.0,0.03075125134601715
789,no_feedback,48,2,5,1,0,-1.0,0.0,1,0,1,0,0.0,0.03075125134601715
790,no_feedback,48,1,3,0,0,-1.0,0.0,1,0,1,0,0.0,0.03075125134601715
791,no_feedback,48,8,3,0,0,-1.0,0.0,1,0,1,0,0.0,0.03075125134601715
792,no_feedback,48,4,3,0,1,1.0,0.0,0,nan,nan,nan,0.0,0.03075125134601715
793,no_feedback,48,1,4,1,0,-1.0,0.0,1,1,0,0,0.0,0.03075125134601715
794,no_feedback,48,8,3,0,0,-1.0,0.0,1,0,1,0,0.0,0.03075125134601715
795,no_feedback,48,4,3,0,1,1.0,0.0,0,nan,nan,nan,0.0,0.03075125134601715
796,no_feedback,48,8,4,1,0,-1.0,0.0,1,1,0,0,0.0,0.03075125134601715
797,no_feedback,48,6,5,1,1,1.0,0.0,0,nan,nan,nan,0.0,0.03075125134601715
798,no_feedback,48,2,4,0,0,-1.0,0.0,1,1,0,0,0.0,0.03075125134601715
799,no_feedback,48,3,5,1,0,-1.0,0.0,1,0,1,0,0.0,0.03075125134601715
800,no_feedback,48,2,5,1,0,-1.0,0.0,1,0,1,0,0.0,0.03075125134601715
801,no_feedback,48,0,3,0,0,-1.0,0.0,1,0,1,0,0.0,0.03075125134601715
802,no_feedback,48,4,3,0,1,1.0,0.0,0,nan,nan,nan,0.0,0.03075125134601715
803,no_feedback,48,3,2,0,1,1.0,0.0,0,nan,nan,nan,0.0,0.03075125134601715
804,no_feedback,48,3,1,0,0,-1.0,0.0,1,2,0,0,0.0,0.03075125134601715
805,no_feedback,48,6,5,1,1,1.0,0.0,0,nan,nan,nan,0.0,0.03075125134601715
806,no_feedback,48,8,6,1,0,-1.0,0.0,1,1,0,0,0.0,0.03075125134601715
807,no_feedback,48,8,5,1,0,-1.0,0.0,1,0,1,0,0.0,0.03075125134601715
808,no_feedback,48,8,3,0,0,-1.0,0.0,1,0,1,0,0.0,0.03075125134601715
809,no_feedback,48,5,3,0,0,-1.0,0.0,1,0,1,0,0.0,0.03075125134601715
810,no_feedback,48,1,3,0,0,-1.0,0.0,1,0,1,0,0.0,0.03075125134601715
811,no_feedback,48,8,3,0,0,-1.0,0.0,1,0,1,0,0.0,0.03075125134601715
812,no_feedback,48,7,3,0,0,-1.0,0.0,1,0,1,0,0.0,0.03075125134601715
813,no_feedback,48,7,5,1,0,-1.0,0.0,1,0,1,0,0.0,0.03075125134601715
814,no_feedback,48,2,5,1,0,-1.0,0.0,1,0,1,0,0.0,0.03075125134601715
815,no_feedback,48,8,3,0,0,-1.0,0.0,1,0,1,0,0.0,0.03075125134601715
816,no_feedback,48,2,5,1,0,-1.0,0.0,1,0,1,0,0.0,0.03075125134601715
817,no_feedback,48,8,3,0,0,-1.0,0.0,1,0,1,0,0.0,0.03075125134601715
818,no_feedback,48,8,5,1,0,-1.0,0.0,1,0,1,0,0.0,0.03075125134601715
819,no_feedback,48,2,5,1,0,-1.0,0.0,1,0,1,0,0.0,0.03075125134601715
820,no_feedback,48,0,5,1,0,-1.0,0.0,1,0,1,0,0.0,0.03075125134601715
821,no_feedback,48,7,5,1,0,-1.0,0.0,1,0,1,0,0.0,0.03075125134601715
822,no_feedback,48,2,5,1,0,-1.0,0.0,1,0,1,0,0.0,0.03075125134601715
823,no_feedback,48,7,3,0,0,-1.0,0.0,1,0,1,0,0.0,0.03075125134601715
824,no_feedback,48,0,5,1,0,-1.0,0.0,1,0,1,0,0.0,0.03075125134601715
825,no_feedback,48,4,3,0,1,1.0,0.0,0,nan,nan,nan,0.0,0.03075125134601715
826,no_feedback,48,5,2,0,0,-1.0,0.0,1,1,0,0,0.0,0.03075125134601715
827,no_feedback,48,8,5,1,0,-1.0,0.0,1,0,1,0,0.0,0.03075125134601715
828,no_feedback,48,0,5,1,0,-1.0,0.0,1,0,1,0,0.0,0.03075125134601715
829,no_feedback,48,0,5,1,0,-1.0,0.0,1,0,1,0,0.0,0.03075125134601715
830,no_feedback,48,4,3,0,1,1.0,0.0,0,nan,nan,nan,0.0,0.03075125134601715
831,no_feedback,48,8,2,0,0,-1.0,0.0,1,1,0,0,0.0,0.03075125134601715
832,no_feedback,48,0,3,0,0,-1.0,0.0,1,0,1,0,0.0,0.03075125134601715
833,no_feedback,48,3,5,1,0,-1.0,0.0,1,0,1,0,0.0,0.03075125134601715
834,no_feedback,48,0,3,0,0,-1.0,0.0,1,0,1,0,0.0,0.03075125134601715
835,no_feedback,48,2,5,1,0,-1.0,0.0,1,0,1,0,0.0,0.03075125134601715
836,no_feedback,48,4,3,0,1,1.0,0.0,0,nan,nan,nan,0.0,0.03075125134601715
837,no_feedback,48,4,2,0,0,-1.0,0.0,1,1,0,0,0.0,0.03075125134601715
838,no_feedback,48,8,3,0,0,-1.0,0.0,1,0,1,0,0.0,0.03075125134601715
839,no_feedback,48,3,5,1,0,-1.0,0.0,1,0,1,0,0.0,0.03075125134601715
840,no_feedback,48,0,5,1,0,-1.0,0.0,1,0,1,0,0.0,0.03075125134601715
841,no_feedback,48,3,5,1,0,-1.0,0.0,1,0,1,0,0.0,0.03075125134601715
842,no_feedback,48,6,3,0,0,-1.0,0.0,1,0,1,0,0.0,0.03075125134601715
843,no_feedback,48,1,5,1,0,-1.0,0.0,1,0,1,0,0.0,0.03075125134601715
844,no_feedback,48,5,3,0,0,-1.0,0.0,1,0,1,0,0.0,0.03075125134601715
845,no_feedback,48,6,3,0,0,-1.0,0.0,1,0,1,0,0.0,0.03075125134601715
846,no_feedback,48,7,3,0,0,-1.0,0.0,1,0,1,0,0.0,0.03075125134601715
847,no_feedback,48,3,5,1,0,-1.0,0.0,1,0,1,0,0.0,0.03075125134601715
848,no_feedback,48,2,5,1,0,-1.0,0.0,1,0,1,0,0.0,0.03075125134601715
849,no_feedback,48,5,3,0,0,-1.0,0.0,1,0,1,0,0.0,0.03075125134601715
850,no_feedback,48,5,3,0,0,-1.0,0.0,1,0,1,0,0.0,0.03075125134601715
851,no_feedback,48,8,3,0,0,-1.0,0.0,1,0,1,0,0.0,0.03075125134601715
852,no_feedback,48,1,5,1,0,-1.0,0.0,1,0,1,0,0.0,0.03075125134601715
853,no_feedback,48,2,3,0,1,1.0,0.0,0,nan,nan,nan,0.0,0.03075125134601715
854,no_feedback,48,4,2,0,0,-1.0,0.0,1,1,0,0,0.0,0.03075125134601715
855,no_feedback,48,2,5,1,0,-1.0,0.0,1,0,1,0,0.0,0.03075125134601715
856,no_feedback,48,4,3,0,1,1.0,0.0,0,nan,nan,nan,0.0,0.03075125134601715
857,no_feedback,48,1,2,0,1,1.0,0.0,0,nan,nan,nan,0.0,0.03075125134601715
858,no_feedback,48,4,1,0,0,-1.0,0.0,1,2,0,0,0.0,0.03075125134601715
859,no_feedback,48,2,5,1,0,-1.0,0.0,1,0,1,0,0.0,0.03075125134601715
860,no_feedback,48,7,5,1,0,-1.0,0.0,1,0,1,0,0.0,0.03075125134601715
861,no_feedback,48,1,3,0,0,-1.0,0.0,1,0,1,0,0.0,0.03075125134601715
862,no_feedback,48,1,5,1,0,-1.0,0.0,1,0,1,0,0.0,0.03075125134601715
863,no_feedback,48,6,3,0,0,-1.0,0.0,1,0,1,0,0.0,0.03075125134601715
864,no_feedback,48,5,3,0,0,-1.0,0.0,1,0,1,0,0.0,0.03075125134601715
865,no_feedback,48,3,5,1,0,-1.0,0.0,1,0,1,0,0.0,0.03075125134601715
866,no_feedback,48,5,3,0,0,-1.0,0.0,1,0,1,0,0.0,0.03075125134601715
867,no_feedback,48,7,3,0,0,-1.0,0.0,1,0,1,0,0.0,0.03075125134601715
868,no_feedback,48,6,5,1,1,1.0,0.0,0,nan,nan,nan,0.0,0.03075125134601715
869,no_feedback,48,6,6,1,1,1.0,0.0,0,nan,nan,nan,0.0,0.03075125134601715
870,no_feedback,48,8,5,0,0,-1.0,0.0,1,2,0,0,0.0,0.03075125134601715
871,no_feedback,48,7,5,1,0,-1.0,0.0,1,0,1,0,0.0,0.03075125134601715
872,no_feedback,48,8,3,0,0,-1.0,0.0,1,0,1,0,0.0,0.03075125134601715
873,no_feedback,48,8,3,0,0,-1.0,0.0,1,0,1,0,0.0,0.03075125134601715
874,no_feedback,48,5,5,1,1,1.0,0.0,0,nan,nan,nan,0.0,0.03075125134601715
875,no_feedback,48,3,6,1,0,-1.0,0.0,1,1,0,0,0.0,0.03075125134601715
876,no_feedback,48,1,5,1,0,-1.0,0.0,1,0,1,0,0.0,0.03075125134601715
877,no_feedback,48,7,5,1,0,-1.0,0.0,1,0,1,0,0.0,0.03075125134601715
878,no_feedback,48,1,5,1,0,-1.0,0.0,1,0,1,0,0.0,0.03075125134601715
879,no_feedback,48,1,5,1,0,-1.0,0.0,1,0,1,0,0.0,0.03075125134601715
880,no_feedback,48,2,5,1,0,-1.0,0.0,1,0,1,0,0.0,0.03075125134601715
881,no_feedback,48,1,3,0,0,-1.0,0.0,1,0,1,0,0.0,0.03075125134601715
882,no_feedback,48,6,5,1,1,1.0,0.0,0,nan,nan,nan,0.0,0.03075125134601715
883,no_feedback,48,8,6,1,0,-1.0,0.0,1,1,0,0,0.0,0.03075125134601715
884,no_feedback,48,8,3,0,0,-1.0,0.0,1,0,1,0,0.0,0.03075125134601715
885,no_feedback,48,2,5,1,0,-1.0,0.0,1,0,1,0,0.0,0.03075125134601715
886,no_feedback,48,5,5,1,1,1.0,0.0,0,nan,nan,nan,0.0,0.03075125134601715
887,no_feedback,48,4,6,1,0,-1.0,0.0,1,1,0,0,0.0,0.03075125134601715
888,no_feedback,48,1,5,1,0,-1.0,0.0,1,0,1,0,0.0,0.03075125134601715
889,no_feedback,48,4,3,0,1,1.0,0.0,0,nan,nan,nan,0.0,0.03075125134601715
890,no_feedback,48,6,4,1,0,-1.0,0.0,1,1,0,0,0.0,0.03075125134601715
891,no_feedback,48,0,3,0,0,-1.0,0.0,1,0,1,0,0.0,0.03075125134601715
892,no_feedback,48,0,3,0,0,-1.0,0.0,1,0,1,0,0.0,0.03075125134601715
893,no_feedback,48,7,5,1,0,-1.0,0.0,1,0,1,0,0.0,0.03075125134601715
894,no_feedback,48,3,5,1,0,-1.0,0.0,1,0,1,0,0.0,0.03075125134601715
895,no_feedback,48,3,5,1,0,-1.0,0.0,1,0,1,0,0.0,0.03075125134601715
896,no_feedback,48,2,5,1,0,-1.0,0.0,1,0,1,0,0.0,0.03075125134601715
897,no_feedback,48,1,3,0,0,-1.0,0.0,1,0,1,0,0.0,0.03075125134601715
898,no_feedback,48,5,3,0,0,-1.0,0.0,1,0,1,0,0.0,0.03075125134601715
899,no_feedback,48,4,5,1,1,1.0,0.0,0,nan,nan,nan,0.0,0.03075125134601715
900,no_feedback,48,6,4,0,0,-1.0,0.0,1,1,0,0,0.0,0.03075125134601715
901,no_feedback,48,0,3,0,0,-1.0,0.0,1,0,1,0,0.0,0.03075125134601715
902,no_feedback,48,5,3,0,0,-1.0,0.0,1,0,1,0,0.0,0.03075125134601715
903,no_feedback,48,5,3,0,0,-1.0,0.0,1,0,1,0,0.0,0.03075125134601715
904,no_feedback,48,0,3,0,0,-1.0,0.0,1,0,1,0,0.0,0.03075125134601715
905,no_feedback,48,6,3,0,0,-1.0,0.0,1,0,1,0,0.0,0.03075125134601715
906,no_feedback,48,8,3,0,0,-1.0,0.0,1,0,1,0,0.0,0.03075125134601715
907,no_feedback,48,8,3,0,0,-1.0,0.0,1,0,1,0,0.0,0.03075125134601715
908,no_feedback,48,2,5,1,0,-1.0,0.0,1,0,1,0,0.0,0.03075125134601715
909,no_feedback,48,6,3,0,0,-1.0,0.0,1,0,1,0,0.0,0.03075125134601715
910,no_feedback,48,1,5,1,0,-1.0,0.0,1,0,1,0,0.0,0.03075125134601715
911,no_feedback,48,1,3,0,0,-1.0,0.0,1,0,1,0,0.0,0.03075125134601715
912,no_feedback,48,7,3,0,0,-1.0,0.0,1,0,1,0,0.0,0.03075125134601715
913,no_feedback,48,5,3,0,0,-1.0,0.0,1,0,1,0,0.0,0.03075125134601715
914,no_feedback,48,6,3,0,0,-1.0,0.0,1,0,1,0,0.0,0.03075125134601715
915,no_feedback,48,0,5,1,0,-1.0,0.0,1,0,1,0,0.0,0.03075125134601715
916,no_feedback,48,1,5,1,0,-1.0,0.0,1,0,1,0,0.0,0.03075125134601715
917,no_feedback,48,7,3,0,0,-1.0,0.0,1,0,1,0,0.0,0.03075125134601715
918,no_feedback,48,7,5,1,0,-1.0,0.0,1,0,1,0,0.0,0.03075125134601715
919,no_feedback,48,8,3,0,0,-1.0,0.0,1,0,1,0,0.0,0.03075125134601715
920,no_feedback,48,1,3,0,0,-1.0,0.0,1,0,1,0,0.0,0.03075125134601715
921,no_feedback,48,6,3,0,0,-1.0,0.0,1,0,1,0,0.0,0.03075125134601715
922,no_feedback,48,5,5,1,1,1.0,0.0,0,nan,nan,nan,0.0,0.03075125134601715
923,no_feedback,48,4,6,1,0,-1.0,0.0,1,1,0,0,0.0,0.03075125134601715
924,no_feedback,48,8,3,0,0,-1.0,0.0,1,0,1,0,0.0,0.03075125134601715
925,no_feedback,48,5,5,1,1,1.0,0.0,0,nan,nan,nan,0.0,0.03075125134601715
926,no_feedback,48,5,4,0,1,1.0,0.0,0,nan,nan,nan,0.0,0.03075125134601715
927,no_feedback,48,5,3,0,0,-1.0,0.0,1,2,0,0,0.0,0.03075125134601715
928,no_feedback,48,1,5,1,0,-1.0,0.0,1,0,1,0,0.0,0.03075125134601715
929,no_feedback,48,7,5,1,0,-1.0,0.0,1,0,1,0,0.0,0.03075125134601715
930,no_feedback,48,2,5,1,0,-1.0,0.0,1,0,1,0,0.0,0.03075125134601715
931,no_feedback,48,2,5,1,0,-1.0,0.0,1,0,1,0,0.0,0.03075125134601715
932,no_feedback,48,3,5,1,0,-1.0,0.0,1,0,1,0,0.0,0.03075125134601715
933,no_feedback,48,7,5,1,0,-1.0,0.0,1,0,1,0,0.0,0.03075125134601715
934,no_feedback,48,1,5,1,0,-1.0,0.0,1,0,1,0,0.0,0.03075125134601715
935,no_feedback,48,3,5,1,0,-1.0,0.0,1,0,1,0,0.0,0.03075125134601715
936,no_feedback,48,4,3,0,1,1.0,0.0,0,nan,nan,nan,0.0,0.03075125134601715
937,no_feedback,48,1,4,1,0,-1.0,0.0,1,1,0,0,0.0,0.03075125134601715
938,no_feedback,48,5,5,1,1,1.0,0.0,0,nan,nan,nan,0.0,0.03075125134601715
939,no_feedback,48,0,6,1,0,-1.0,0.0,1,1,0,0,0.0,0.03075125134601715
940,no_feedback,48,1,3,0,0,-1.0,0.0,1,0,1,0,0.0,0.03075125134601715
941,no_feedback,48,8,3,0,0,-1.0,0.0,1,0,1,0,0.0,0.03075125134601715
942,no_feedback,48,2,5,1,0,-1.0,0.0,1,0,1,0,0.0,0.03075125134601715
943,no_feedback,48,7,5,1,0,-1.0,0.0,1,0,1,0,0.0,0.03075125134601715
944,no_feedback,48,3,5,1,0,-1.0,0.0,1,0,1,0,0.0,0.03075125134601715
945,no_feedback,48,7,3,0,0,-1.0,0.0,1,0,1,0,0.0,0.03075125134601715
946,no_feedback,48,0,3,0,0,-1.0,0.0,1,0,1,0,0.0,0.03075125134601715
947,no_feedback,48,4,3,0,1,1.0,0.0,0,nan,nan,nan,0.0,0.03075125134601715
948,no_feedback,48,6,2,0,0,-1.0,0.0,1,1,0,0,0.0,0.03075125134601715
949,no_feedback,48,5,3,0,0,-1.0,0.0,1,0,1,0,0.0,0.03075125134601715
950,no_feedback,48,5,5,1,1,1.0,0.0,0,nan,nan,nan,0.0,0.03075125134601715
951,no_feedback,48,8,6,1,0,-1.0,0.0,1,1,0,0,0.0,0.03075125134601715
952,no_feedback,48,5,5,1,1,1.0,0.0,0,nan,nan,nan,0.0,0.03075125134601715
953,no_feedback,48,0,6,1,0,-1.0,0.0,1,1,0,0,0.0,0.03075125134601715
954,no_feedback,48,2,5,1,0,-1.0,0.0,1,0,1,0,0.0,0.03075125134601715
955,no_feedback,48,7,5,1,0,-1.0,0.0,1,0,1,0,0.0,0.03075125134601715
956,no_feedback,48,6,3,0,0,-1.0,0.0,1,0,1,0,0.0,0.03075125134601715
957,no_feedback,48,6,3,0,0,-1.0,0.0,1,0,1,0,0.0,0.03075125134601715
958,no_feedback,48,8,3,0,0,-1.0,0.0,1,0,1,0,0.0,0.03075125134601715
959,no_feedback,48,4,5,1,1,1.0,0.0,0,nan,nan,nan,0.0,0.03075125134601715
960,no_feedback,48,1,4,0,0,-1.0,0.0,1,1,0,0,0.0,0.03075125134601715
961,no_feedback,48,2,5,1,0,-1.0,0.0,1,0,1,0,0.0,0.03075125134601715
962,no_feedback,48,0,5,1,0,-1.0,0.0,1,0,1,0,0.0,0.03075125134601715
963,no_feedback,48,1,5,1,0,-1.0,0.0,1,0,1,0,0.0,0.03075125134601715
964,no_feedback,48,0,3,0,0,-1.0,0.0,1,0,1,0,0.0,0.03075125134601715
965,no_feedback,48,8,3,0,0,-1.0,0.0,1,0,1,0,0.0,0.03075125134601715
966,no_feedback,48,7,5,1,0,-1.0,0.0,1,0,1,0,0.0,0.03075125134601715
967,no_feedback,48,5,3,0,0,-1.0,0.0,1,0,1,0,0.0,0.03075125134601715
968,no_feedback,48,8,5,1,0,-1.0,0.0,1,0,1,0,0.0,0.03075125134601715
969,no_feedback,48,3,5,1,0,-1.0,0.0,1,0,1,0,0.0,0.03075125134601715
970,no_feedback,48,0,5,1,0,-1.0,0.0,1,0,1,0,0.0,0.03075125134601715
971,no_feedback,48,4,3,0,1,1.0,0.0,0,nan,nan,nan,0.0,0.03075125134601715
972,no_feedback,48,3,2,0,1,1.0,0.0,0,nan,nan,nan,0.0,0.03075125134601715
973,no_feedback,48,4,1,0,0,-1.0,0.0,1,2,0,0,0.0,0.03075125134601715
974,no_feedback,48,2,5,1,0,-1.0,0.0,1,0,1,0,0.0,0.03075125134601715
975,no_feedback,48,3,5,1,0,-1.0,0.0,1,0,1,0,0.0,0.03075125134601715
976,no_feedback,48,3,5,1,0,-1.0,0.0,1,0,1,0,0.0,0.03075125134601715
977,no_feedback,48,5,5,1,1,1.0,0.0,0,nan,nan,nan,0.0,0.03075125134601715
978,no_feedback,48,8,4,0,0,-1.0,0.0,1,1,0,0,0.0,0.03075125134601715
979,no_feedback,48,1,3,0,0,-1.0,0.0,1,0,1,0,0.0,0.03075125134601715
980,no_feedback,48,8,3,0,0,-1.0,0.0,1,0,1,0,0.0,0.03075125134601715
981,no_feedback,48,1,3,0,0,-1.0,0.0,1,0,1,0,0.0,0.03075125134601715
982,no_feedback,48,2,5,1,0,-1.0,0.0,1,0,1,0,0.0,0.03075125134601715
983,no_feedback,48,7,3,0,0,-1.0,0.0,1,0,1,0,0.0,0.03075125134601715
984,no_feedback,48,3,5,1,0,-1.0,0.0,1,0,1,0,0.0,0.03075125134601715
985,no_feedback,48,0,3,0,0,-1.0,0.0,1,0,1,0,0.0,0.03075125134601715
986,no_feedback,48,3,5,1,0,-1.0,0.0,1,0,1,0,0.0,0.03075125134601715
987,no_feedback,48,0,5,1,0,-1.0,0.0,1,0,1,0,0.0,0.03075125134601715
988,no_feedback,48,1,3,0,0,-1.0,0.0,1,0,1,0,0.0,0.03075125134601715
989,no_feedback,48,2,5,1,0,-1.0,0.0,1,0,1,0,0.0,0.03075125134601715
990,no_feedback,48,7,5,1,0,-1.0,0.0,1,0,1,0,0.0,0.03075125134601715
991,no_feedback,48,2,5,1,0,-1.0,0.0,1,0,1,0,0.0,0.03075125134601715
992,no_feedback,48,4,3,0,1,1.0,0.0,0,nan,nan,nan,0.0,0.03075125134601715
993,no_feedback,48,1,4,1,0,-1.0,0.0,1,1,0,0,0.0,0.03075125134601715
994,no_feedback,48,8,5,1,0,-1.0,0.0,1,0,1,0,0.0,0.03075125134601715
995,no_feedback,48,2,5,1,0,-1.0,0.0,1,0,1,0,0.0,0.03075125134601715
996,no_feedback,48,2,5,1,0,-1.0,0.0,1,0,1,0,0.0,0.03075125134601715
997,no_feedback,48,7,5,1,0,-1.0,0.0,1,0,1,0,0.0,0.03075125134601715
998,no_feedback,48,7,3,0,0,-1.0,0.0,1,0,1,0,0.0,0.03075125134601715
999,no_feedback,48,3,5,1,0,-1.0,0.0,1,0,1,0,0.0,0.03075125134601715
1000,no_feedback,48,2,5,1,0,-1.0,0.0,1,0,1,0,0.0,0.03075125134601715
1001,no_feedback,48,0,5,1,0,-1.0,0.0,1,0,1,0,0.0,0.03075125134601715
1002,no_feedback,48,1,3,0,0,-1.0,0.0,1,0,1,0,0.0,0.03075125134601715
1003,no_feedback,48,2,5,1,0,-1.0,0.0,1,0,1,0,0.0,0.03075125134601715
1004,no_feedback,48,3,5,1,0,-1.0,0.0,1,0,1,0,0.0,0.03075125134601715
1005,no_feedback,48,0,5,1,0,-1.0,0.0,1,0,1,0,0.0,0.03075125134601715
1006,no_feedback,48,3,5,1,0,-1.0,0.0,1,0,1,0,0.0,0.03075125134601715
1007,no_feedback,48,5,3,0,0,-1.0,0.0,1,0,1,0,0.0,0.03075125134601715
1008,no_feedback,48,4,3,0,1,1.0,0.0,0,nan,nan,nan,0.0,0.03075125134601715
1009,no_feedback,48,3,4,1,1,1.0,0.0,0,nan,nan,nan,0.0,0.03075125134601715
1010,no_feedback,48,7,3,0,0,-1.0,0.0,1,2,0,0,0.0,0.03075125134601715
1011,no_feedback,48,7,3,0,0,-1.0,0.0,1,0,1,0,0.0,0.03075125134601715
1012,no_feedback,48,5,5,1,1,1.0,0.0,0,nan,nan,nan,0.0,0.03075125134601715
1013,no_feedback,48,2,4,0,0,-1.0,0.0,1,1,0,0,0.0,0.03075125134601715
1014,no_feedback,48,5,5,1,1,1.0,0.0,0,nan,nan,nan,0.0,0.03075125134601715
1015,no_feedback,48,0,6,1,0,-1.0,0.0,1,1,0,0,0.0,0.03075125134601715
1016,no_feedback,48,1,5,1,0,-1.0,0.0,1,0,1,0,0.0,0.03075125134601715
1017,no_feedback,48,6,3,0,0,-1.0,0.0,1,0,1,0,0.0,0.03075125134601715
1018,no_feedback,48,8,5,1,0,-1.0,0.0,1,0,1,0,0.0,0.03075125134601715
1019,no_feedback,48,6,3,0,0,-1.0,0.0,1,0,1,0,0.0,0.03075125134601715
1020,no_feedback,48,1,3,0,0,-1.0,0.0,1,0,1,0,0.0,0.03075125134601715
1021,no_feedback,48,0,5,1,0,-1.0,0.0,1,0,1,0,0.0,0.03075125134601715
1022,no_feedback,48,2,5,1,0,-1.0,0.0,1,0,1,0,0.0,0.03075125134601715
1023,no_feedback,48,8,3,0,0,-1.0,0.0,1,0,1,0,0.0,0.03075125134601715
1024,no_feedback,48,4,3,0,1,1.0,0.0,0,nan,nan,nan,0.0,0.03075125134601715
1025,no_feedback,48,5,4,1,1,1.0,0.0,0,nan,nan,nan,0.0,0.03075125134601715
1026,no_feedback,48,8,3,0,0,-1.0,0.0,1,2,0,0,0.0,0.03075125134601715
1027,no_feedback,48,7,5,1,0,-1.0,0.0,1,0,1,0,0.0,0.03075125134601715
1028,no_feedback,48,5,3,0,0,-1.0,0.0,1,0,1,0,0.0,0.03075125134601715
1029,no_feedback,48,4,3,0,1,1.0,0.0,0,nan,nan,nan,0.0,0.03075125134601715
1030,no_feedback,48,3,2,0,1,1.0,0.0,0,nan,nan,nan,0.0,0.03075125134601715
1031,no_feedback,48,4,1,0,0,-1.0,0.0,1,2,0,0,0.0,0.03075125134601715
1032,no_feedback,48,3,5,1,0,-1.0,0.0,1,0,1,0,0.0,0.03075125134601715
1033,no_feedback,48,4,3,0,1,1.0,0.0,0,nan,nan,nan,0.0,0.03075125134601715
1034,no_feedback,48,0,2,0,0,-1.0,0.0,1,1,0,0,0.0,0.03075125134601715
1035,no_feedback,48,2,5,1,0,-1.0,0.0,1,0,1,0,0.0,0.03075125134601715
1036,no_feedback,48,6,3,0,0,-1.0,0.0,1,0,1,0,0.0,0.03075125134601715
1037,no_feedback,48,2,5,1,0,-1.0,0.0,1,0,1,0,0.0,0.03075125134601715
1038,no_feedback,48,0,5,1,0,-1.0,0.0,1,0,1,0,0.0,0.03075125134601715
1039,no_feedback,48,2,5,1,0,-1.0,0.0,1,0,1,0,0.0,0.03075125134601715
1040,no_feedback,48,3,5,1,0,-1.0,0.0,1,0,1,0,0.0,0.03075125134601715
1041,no_feedback,48,6,3,0,0,-1.0,0.0,1,0,1,0,0.0,0.03075125134601715
1042,no_feedback,48,7,5,1,0,-1.0,0.0,1,0,1,0,0.0,0.03075125134601715
1043,no_feedback,48,6,3,0,0,-1.0,0.0,1,0,1,0,0.0,0.03075125134601715
1044,no_feedback,48,6,3,0,0,-1.0,0.0,1,0,1,0,0.0,0.03075125134601715
1045,no_feedback,48,8,5,1,0,-1.0,0.0,1,0,1,0,0.0,0.03075125134601715
1046,no_feedback,48,8,3,0,0,-1.0,0.0,1,0,1,0,0.0,0.03075125134601715
1047,no_feedback,48,5,5,1,1,1.0,0.0,0,nan,nan,nan,0.0,0.03075125134601715
1048,no_feedback,48,0,6,1,0,-1.0,0.0,1,1,0,0,0.0,0.03075125134601715
1049,no_feedback,48,5,3,0,0,-1.0,0.0,1,0,1,0,0.0,0.03075125134601715
1050,no_feedback,48,8,5,1,0,-1.0,0.0,1,0,1,0,0.0,0.03075125134601715
1051,no_feedback,48,0,5,1,0,-1.0,0.0,1,0,1,0,0.0,0.03075125134601715
1052,no_feedback,48,2,5,1,0,-1.0,0.0,1,0,1,0,0.0,0.03075125134601715
1053,no_feedback,48,6,5,1,1,1.0,0.0,0,nan,nan,nan,0.0,0.03075125134601715
1054,no_feedback,48,3,6,1,0,-1.0,0.0,1,1,0,0,0.0,0.03075125134601715
1055,no_feedback,48,8,5,1,0,-1.0,0.0,1,0,1,0,0.0,0.03075125134601715
1056,no_feedback,48,0,3,0,0,-1.0,0.0,1,0,1,0,0.0,0.03075125134601715
1057,no_feedback,48,3,5,1,0,-1.0,0.0,1,0,1,0,0.0,0.03075125134601715
1058,no_feedback,48,5,3,0,0,-1.0,0.0,1,0,1,0,0.0,0.03075125134601715
1059,no_feedback,48,8,3,0,0,-1.0,0.0,1,0,1,0,0.0,0.03075125134601715
1060,no_feedback,48,3,5,1,0,-1.0,0.0,1,0,1,0,0.0,0.03075125134601715
1061,no_feedback,48,4,3,0,1,1.0,0.0,0,nan,nan,nan,0.0,0.03075125134601715
1062,no_feedback,48,8,4,1,0,-1.0,0.0,1,1,0,0,0.0,0.03075125134601715
1063,no_feedback,48,5,3,0,0,-1.0,0.0,1,0,1,0,0.0,0.03075125134601715
1064,no_feedback,48,7,3,0,0,-1.0,0.0,1,0,1,0,0.0,0.03075125134601715
1065,no_feedback,48,6,3,0,0,-1.0,0.0,1,0,1,0,0.0,0.03075125134601715
1066,no_feedback,48,7,5,1,0,-1.0,0.0,1,0,1,0,0.0,0.03075125134601715
1067,no_feedback,48,8,5,1,0,-1.0,0.0,1,0,1,0,0.0,0.03075125134601715
1068,no_feedback,48,3,5,1,0,-1.0,0.0,1,0,1,0,0.0,0.03075125134601715
1069,no_feedback,48,6,3,0,0,-1.0,0.0,1,0,1,0,0.0,0.03075125134601715
1070,no_feedback,48,5,3,0,0,-1.0,0.0,1,0,1,0,0.0,0.03075125134601715
1071,no_feedback,48,6,5,1,1,1.0,0.0,0,nan,nan,nan,0.0,0.03075125134601715
1072,no_feedback,48,7,6,1,1,1.0,0.0,0,nan,nan,nan,0.0,0.03075125134601715
1073,no_feedback,48,4,7,1,0,-1.0,0.0,1,2,0,0,0.0,0.03075125134601715
1074,no_feedback,48,4,3,0,1,1.0,0.0,0,nan,nan,nan,0.0,0.03075125134601715
1075,no_feedback,48,1,4,1,0,-1.0,0.0,1,1,0,0,0.0,0.03075125134601715
1076,no_feedback,48,7,3,0,0,-1.0,0.0,1,0,1,0,0.0,0.03075125134601715
1077,no_feedback,48,4,3,0,1,1.0,0.0,0,nan,nan,nan,0.0,0.03075125134601715
1078,no_feedback,48,7,4,1,0,-1.0,0.0,1,1,0,0,0.0,0.03075125134601715
1079,no_feedback,48,5,3,0,0,-1.0,0.0,1,0,1,0,0.0,0.03075125134601715
1080,no_feedback,48,1,3,0,0,-1.0,0.0,1,0,1,0,0.0,0.03075125134601715
1081,no_feedback,48,4,3,0,1,1.0,0.0,0,nan,nan,nan,0.0,0.03075125134601715
1082,no_feedback,48,2,4,1,0,-1.0,0.0,1,1,0,0,0.0,0.03075125134601715
1083,no_feedback,48,0,5,1,0,-1.0,0.0,1,0,1,0,0.0,0.03075125134601715
1084,no_feedback,48,2,5,1,0,-1.0,0.0,1,0,1,0,0.0,0.03075125134601715
1085,no_feedback,48,8,5,1,0,-1.0,0.0,1,0,1,0,0.0,0.03075125134601715
1086,no_feedback,48,8,3,0,0,-1.0,0.0,1,0,1,0,0.0,0.03075125134601715
1087,no_feedback,48,8,3,0,0,-1.0,0.0,1,0,1,0,0.0,0.03075125134601715
1088,no_feedback,48,2,5,1,0,-1.0,0.0,1,0,1,0,0.0,0.03075125134601715
1089,no_feedback,48,4,3,0,1,1.0,0.0,0,nan,nan,nan,0.0,0.03075125134601715
1090,no_feedback,48,1,4,1,0,-1.0,0.0,1,1,0,0,0.0,0.03075125134601715
1091,no_feedback,48,7,3,0,0,-1.0,0.0,1,0,1,0,0.0,0.03075125134601715
1092,no_feedback,48,2,5,1,0,-1.0,0.0,1,0,1,0,0.0,0.03075125134601715
1093,no_feedback,48,8,5,1,0,-1.0,0.0,1,0,1,0,0.0,0.03075125134601715
1094,no_feedback,48,3,5,1,0,-1.0,0.0,1,0,1,0,0.0,0.03075125134601715
1095,no_feedback,48,6,3,0,0,-1.0,0.0,1,0,1,0,0.0,0.03075125134601715
1096,no_feedback,48,7,3,0,0,-1.0,0.0,1,0,1,0,0.0,0.03075125134601715
1097,no_feedback,48,6,3,0,0,-1.0,0.0,1,0,1,0,0.0,0.03075125134601715
1098,no_feedback,48,8,3,0,0,-1.0,0.0,1,0,1,0,0.0,0.03075125134601715
1099,no_feedback,48,4,3,0,1,1.0,0.0,0,nan,nan,nan,0.0,0.03075125134601715
1100,no_feedback,48,5,4,1,1,1.0,0.0,0,nan,nan,nan,0.0,0.03075125134601715
1101,no_feedback,48,6,5,1,1,1.0,0.0,0,nan,nan,nan,0.0,0.03075125134601715
1102,no_feedback,48,1,6,1,0,-1.0,0.0,1,3,0,1,0.0,0.03075125134601715
1103,no_feedback,48,7,5,1,0,-1.0,0.0,1,0,1,0,0.0,0.03075125134601715
1104,no_feedback,48,1,5,1,0,-1.0,0.0,1,0,1,0,0.0,0.03075125134601715
1105,no_feedback,48,3,5,1,0,-1.0,0.0,1,0,1,0,0.0,0.03075125134601715
1106,no_feedback,48,7,5,1,0,-1.0,0.0,1,0,1,0,0.0,0.03075125134601715
1107,no_feedback,48,8,3,0,0,-1.0,0.0,1,0,1,0,0.0,0.03075125134601715
1108,no_feedback,48,4,3,0,1,1.0,0.0,0,nan,nan,nan,0.0,0.03075125134601715
1109,no_feedback,48,0,4,1,0,-1.0,0.0,1,1,0,0,0.0,0.03075125134601715
1110,no_feedback,48,2,5,1,0,-1.0,0.0,1,0,1,0,0.0,0.03075125134601715
1111,no_feedback,48,1,3,0,0,-1.0,0.0,1,0,1,0,0.0,0.03075125134601715
1112,no_feedback,48,5,3,0,0,-1.0,0.0,1,0,1,0,0.0,0.03075125134601715
1113,no_feedback,48,3,5,1,0,-1.0,0.0,1,0,1,0,0.0,0.03075125134601715
1114,no_feedback,48,1,5,1,0,-1.0,0.0,1,0,1,0,0.0,0.03075125134601715
1115,no_feedback,48,4,3,0,1,1.0,0.0,0,nan,nan,nan,0.0,0.03075125134601715
1116,no_feedback,48,1,4,1,0,-1.0,0.0,1,1,0,0,0.0,0.03075125134601715
1117,no_feedback,48,1,5,1,0,-1.0,0.0,1,0,1,0,0.0,0.03075125134601715
1118,no_feedback,48,1,3,0,0,-1.0,0.0,1,0,1,0,0.0,0.03075125134601715
1119,no_feedback,48,7,5,1,0,-1.0,0.0,1,0,1,0,0.0,0.03075125134601715
1120,no_feedback,48,1,3,0,0,-1.0,0.0,1,0,1,0,0.0,0.03075125134601715
1121,no_feedback,48,3,5,1,0,-1.0,0.0,1,0,1,0,0.0,0.03075125134601715
1122,no_feedback,48,6,5,1,1,1.0,0.0,0,nan,nan,nan,0.0,0.03075125134601715
1123,no_feedback,48,3,6,1,0,-1.0,0.0,1,1,0,0,0.0,0.03075125134601715
1124,no_feedback,48,3,5,1,0,-1.0,0.0,1,0,1,0,0.0,0.03075125134601715
1125,no_feedback,48,1,5,1,0,-1.0,0.0,1,0,1,0,0.0,0.03075125134601715
1126,no_feedback,48,4,3,0,1,1.0,0.0,0,nan,nan,nan,0.0,0.03075125134601715
1127,no_feedback,48,2,4,1,0,-1.0,0.0,1,1,0,0,0.0,0.03075125134601715
1128,no_feedback,48,0,5,1,0,-1.0,0.0,1,0,1,0,0.0,0.03075125134601715
1129,no_feedback,48,4,3,0,1,1.0,0.0,0,nan,nan,nan,0.0,0.03075125134601715
1130,no_feedback,48,1,4,1,0,-1.0,0.0,1,1,0,0,0.0,0.03075125134601715
1131,no_feedback,48,8,3,0,0,-1.0,0.0,1,0,1,0,0.0,0.03075125134601715
1132,no_feedback,48,5,5,1,1,1.0,0.0,0,nan,nan,nan,0.0,0.03075125134601715
1133,no_feedback,48,1,4,0,0,-1.0,0.0,1,1,0,0,0.0,0.03075125134601715
1134,no_feedback,48,0,5,1,0,-1.0,0.0,1,0,1,0,0.0,0.03075125134601715
1135,no_feedback,48,4,3,0,1,1.0,0.0,0,nan,nan,nan,0.0,0.03075125134601715
1136,no_feedback,48,1,4,1,0,-1.0,0.0,1,1,0,0,0.0,0.03075125134601715
1137,no_feedback,48,7,3,0,0,-1.0,0.0,1,0,1,0,0.0,0.03075125134601715
1138,no_feedback,48,5,5,1,1,1.0,0.0,0,nan,nan,nan,0.0,0.03075125134601715
1139,no_feedback,48,3,6,1,0,-1.0,0.0,1,1,0,0,0.0,0.03075125134601715
1140,no_feedback,48,0,3,0,0,-1.0,0.0,1,0,1,0,0.0,0.03075125134601715
1141,no_feedback,48,5,5,1,1,1.0,0.0,0,nan,nan,nan,0.0,0.03075125134601715
1142,no_feedback,48,4,6,1,0,-1.0,0.0,1,1,0,0,0.0,0.03075125134601715
1143,no_feedback,48,2,5,1,0,-1.0,0.0,1,0,1,0,0.0,0.03075125134601715
1144,no_feedback,48,4,3,0,1,1.0,0.0,0,nan,nan,nan,0.0,0.03075125134601715
1145,no_feedback,48,1,4,1,0,-1.0,0.0,1,1,0,0,0.0,0.03075125134601715
1146,no_feedback,48,8,5,1,0,-1.0,0.0,1,0,1,0,0.0,0.03075125134601715
1147,no_feedback,48,1,5,1,0,-1.0,0.0,1,0,1,0,0.0,0.03075125134601715
1148,no_feedback,48,4,3,0,1,1.0,0.0,0,nan,nan,nan,0.0,0.03075125134601715
1149,no_feedback,48,5,4,1,1,1.0,0.0,0,nan,nan,nan,0.0,0.03075125134601715
1150,no_feedback,48,1,3,0,0,-1.0,0.0,1,2,0,0,0.0,0.03075125134601715
1151,no_feedback,48,0,5,1,0,-1.0,0.0,1,0,1,0,0.0,0.03075125134601715
1152,no_feedback,48,4,3,0,1,1.0,0.0,0,nan,nan,nan,0.0,0.03075125134601715
1153,no_feedback,48,8,4,1,0,-1.0,0.0,1,1,0,0,0.0,0.03075125134601715
1154,no_feedback,48,7,5,1,0,-1.0,0.0,1,0,1,0,0.0,0.03075125134601715
1155,no_feedback,48,1,5,1,0,-1.0,0.0,1,0,1,0,0.0,0.03075125134601715
1156,no_feedback,48,4,3,0,1,1.0,0.0,0,nan,nan,nan,0.0,0.03075125134601715
1157,no_feedback,48,8,4,1,0,-1.0,0.0,1,1,0,0,0.0,0.03075125134601715
1158,no_feedback,48,3,5,1,0,-1.0,0.0,1,0,1,0,0.0,0.03075125134601715
1159,no_feedback,48,5,3,0,0,-1.0,0.0,1,0,1,0,0.0,0.03075125134601715
1160,no_feedback,48,3,5,1,0,-1.0,0.0,1,0,1,0,0.0,0.03075125134601715
1161,no_feedback,48,8,5,1,0,-1.0,0.0,1,0,1,0,0.0,0.03075125134601715
1162,no_feedback,48,4,3,0,1,1.0,0.0,0,nan,nan,nan,0.0,0.03075125134601715
1163,no_feedback,48,3,2,0,1,1.0,0.0,0,nan,nan,nan,0.0,0.03075125134601715
1164,no_feedback,48,0,3,1,0,-1.0,0.0,1,2,0,0,0.0,0.03075125134601715
1165,no_feedback,48,0,5,1,0,-1.0,0.0,1,0,1,0,0.0,0.03075125134601715
1166,no_feedback,48,0,3,0,0,-1.0,0.0,1,0,1,0,0.0,0.03075125134601715
1167,no_feedback,48,3,5,1,0,-1.0,0.0,1,0,1,0,0.0,0.03075125134601715
1168,no_feedback,48,5,5,1,1,1.0,0.0,0,nan,nan,nan,0.0,0.03075125134601715
1169,no_feedback,48,2,4,0,0,-1.0,0.0,1,1,0,0,0.0,0.03075125134601715
1170,no_feedback,48,6,3,0,0,-1.0,0.0,1,0,1,0,0.0,0.03075125134601715
1171,no_feedback,48,2,5,1,0,-1.0,0.0,1,0,1,0,0.0,0.03075125134601715
1172,no_feedback,48,2,5,1,0,-1.0,0.0,1,0,1,0,0.0,0.03075125134601715
1173,no_feedback,48,0,5,1,0,-1.0,0.0,1,0,1,0,0.0,0.03075125134601715
1174,no_feedback,48,8,3,0,0,-1.0,0.0,1,0,1,0,0.0,0.03075125134601715
1175,no_feedback,48,3,5,1,0,-1.0,0.0,1,0,1,0,0.0,0.03075125134601715
1176,no_feedback,48,2,3,0,1,1.0,0.0,0,nan,nan,nan,0.0,0.03075125134601715
1177,no_feedback,48,6,4,1,0,-1.0,0.0,1,1,0,0,0.0,0.03075125134601715
1178,no_feedback,48,5,5,1,1,1.0,0.0,0,nan,nan,nan,0.0,0.03075125134601715
1179,no_feedback,48,4,6,1,0,-1.0,0.0,1,1,0,0,0.0,0.03075125134601715
1180,no_feedback,48,2,5,1,0,-1.0,0.0,1,0,1,0,0.0,0.03075125134601715
1181,no_feedback,48,6,5,1,1,1.0,0.0,0,nan,nan,nan,0.0,0.03075125134601715
1182,no_feedback,48,6,6,1,1,1.0,0.0,0,nan,nan,nan,0.0,0.03075125134601715
1183,no_feedback,48,6,5,0,1,1.0,0.0,0,nan,nan,nan,0.0,0.03075125134601715
1184,no_feedback,48,0,6,1,0,-1.0,0.0,1,3,0,1,0.0,0.03075125134601715
1185,no_feedback,48,0,5,1,0,-1.0,0.0,1,0,1,0,0.0,0.03075125134601715
1186,no_feedback,48,3,5,1,0,-1.0,0.0,1,0,1,0,0.0,0.03075125134601715
1187,no_feedback,48,5,3,0,0,-1.0,0.0,1,0,1,0,0.0,0.03075125134601715
1188,no_feedback,48,6,5,1,1,1.0,0.0,0,nan,nan,nan,0.0,0.03075125134601715
1189,no_feedback,48,2,6,1,0,-1.0,0.0,1,1,0,0,0.0,0.03075125134601715
1190,no_feedback,48,8,5,1,0,-1.0,0.0,1,0,1,0,0.0,0.03075125134601715
1191,no_feedback,48,2,5,1,0,-1.0,0.0,1,0,1,0,0.0,0.03075125134601715
1192,no_feedback,48,7,3,0,0,-1.0,0.0,1,0,1,0,0.0,0.03075125134601715
1193,no_feedback,48,3,5,1,0,-1.0,0.0,1,0,1,0,0.0,0.03075125134601715
1194,no_feedback,48,4,3,0,1,1.0,0.0,0,nan,nan,nan,0.0,0.03075125134601715
1195,no_feedback,48,2,4,1,0,-1.0,0.0,1,1,0,0,0.0,0.03075125134601715
1196,no_feedback,48,6,5,1,1,1.0,0.0,0,nan,nan,nan,0.0,0.03075125134601715
1197,no_feedback,48,0,6,1,0,-1.0,0.0,1,1,0,0,0.0,0.03075125134601715
1198,no_feedback,48,6,5,1,1,1.0,0.0,0,nan,nan,nan,0.0,0.03075125134601715
1199,no_feedback,48,0,6,1,0,-1.0,0.0,1,1,0,0,0.0,0.03075125134601715
1200,no_feedback,48,0,5,1,0,-1.0,0.0,1,0,1,0,0.0,0.03075125134601715
1201,no_feedback,48,1,3,0,0,-1.0,0.0,1,0,1,0,0.0,0.03075125134601715
1202,no_feedback,48,4,5,1,1,1.0,0.0,0,nan,nan,nan,0.0,0.03075125134601715
1203,no_feedback,48,5,4,0,1,1.0,0.0,0,nan,nan,nan,0.0,0.03075125134601715
1204,no_feedback,48,4,3,0,1,1.0,0.0,0,nan,nan,nan,0.0,0.03075125134601715
1205,no_feedback,48,4,2,0,0,-1.0,0.0,1,3,0,1,0.0,0.03075125134601715
1206,no_feedback,48,3,5,1,0,-1.0,0.0,1,0,1,0,0.0,0.03075125134601715
1207,no_feedback,48,2,5,1,0,-1.0,0.0,1,0,1,0,0.0,0.03075125134601715
1208,no_feedback,48,7,3,0,0,-1.0,0.0,1,0,1,0,0.0,0.03075125134601715
1209,no_feedback,48,5,3,0,0,-1.0,0.0,1,0,1,0,0.0,0.03075125134601715
1210,no_feedback,48,6,3,0,0,-1.0,0.0,1,0,1,0,0.0,0.03075125134601715
1211,no_feedback,48,4,3,0,1,1.0,0.0,0,nan,nan,nan,0.0,0.03075125134601715
1212,no_feedback,48,2,4,1,0,-1.0,0.0,1,1,0,0,0.0,0.03075125134601715
1213,no_feedback,48,5,3,0,0,-1.0,0.0,1,0,1,0,0.0,0.03075125134601715
1214,no_feedback,48,3,5,1,0,-1.0,0.0,1,0,1,0,0.0,0.03075125134601715
1215,no_feedback,48,2,5,1,0,-1.0,0.0,1,0,1,0,0.0,0.03075125134601715
1216,no_feedback,48,8,5,1,0,-1.0,0.0,1,0,1,0,0.0,0.03075125134601715
1217,no_feedback,48,3,5,1,0,-1.0,0.0,1,0,1,0,0.0,0.03075125134601715
1218,no_feedback,48,4,3,0,1,1.0,0.0,0,nan,nan,nan,0.0,0.03075125134601715
1219,no_feedback,48,8,4,1,0,-1.0,0.0,1,1,0,0,0.0,0.03075125134601715
1220,no_feedback,48,7,3,0,0,-1.0,0.0,1,0,1,0,0.0,0.03075125134601715
1221,no_feedback,48,7,5,1,0,-1.0,0.0,1,0,1,0,0.0,0.03075125134601715
1222,no_feedback,48,5,5,1,1,1.0,0.0,0,nan,nan,nan,0.0,0.03075125134601715
1223,no_feedback,48,4,6,1,0,-1.0,0.0,1,1,0,0,0.0,0.03075125134601715
1224,no_feedback,48,4,3,0,1,1.0,0.0,0,nan,nan,nan,0.0,0.03075125134601715
1225,no_feedback,48,0,2,0,0,-1.0,0.0,1,1,0,0,0.0,0.03075125134601715
1226,no_feedback,48,1,3,0,0,-1.0,0.0,1,0,1,0,0.0,0.03075125134601715
1227,no_feedback,48,2,5,1,0,-1.0,0.0,1,0,1,0,0.0,0.03075125134601715
1228,no_feedback,48,1,5,1,0,-1.0,0.0,1,0,1,0,0.0,0.03075125134601715
1229,no_feedback,48,3,3,0,1,1.0,0.0,0,nan,nan,nan,0.0,0.03075125134601715
1230,no_feedback,48,2,4,1,0,-1.0,0.0,1,1,0,0,0.0,0.03075125134601715
1231,no_feedback,48,5,3,0,0,-1.0,0.0,1,0,1,0,0.0,0.03075125134601715
1232,no_feedback,48,5,5,1,1,1.0,0.0,0,nan,nan,nan,0.0,0.03075125134601715
1233,no_feedback,48,2,6,1,0,-1.0,0.0,1,1,0,0,0.0,0.03075125134601715
1234,no_feedback,48,8,3,0,0,-1.0,0.0,1,0,1,0,0.0,0.03075125134601715
1235,no_feedback,48,4,3,0,1,1.0,0.0,0,nan,nan,nan,0.0,0.03075125134601715
1236,no_feedback,48,2,4,1,0,-1.0,0.0,1,1,0,0,0.0,0.03075125134601715
1237,no_feedback,48,3,5,1,0,-1.0,0.0,1,0,1,0,0.0,0.03075125134601715
1238,no_feedback,48,4,3,0,1,1.0,0.0,0,nan,nan,nan,0.0,0.03075125134601715
1239,no_feedback,48,2,4,1,0,-1.0,0.0,1,1,0,0,0.0,0.03075125134601715
1240,no_feedback,48,1,5,1,0,-1.0,0.0,1,0,1,0,0.0,0.03075125134601715
1241,no_feedback,48,4,3,0,1,1.0,0.0,0,nan,nan,nan,0.0,0.03075125134601715
1242,no_feedback,48,3,2,0,1,1.0,0.0,0,nan,nan,nan,0.0,0.03075125134601715
1243,no_feedback,48,1,3,1,0,-1.0,0.0,1,2,0,0,0.0,0.03075125134601715
1244,no_feedback,48,7,5,1,0,-1.0,0.0,1,0,1,0,0.0,0.03075125134601715
1245,no_feedback,48,1,3,0,0,-1.0,0.0,1,0,1,0,0.0,0.03075125134601715
1246,no_feedback,48,4,3,0,1,1.0,0.0,0,nan,nan,nan,0.0,0.03075125134601715
1247,no_feedback,48,6,4,1,0,-1.0,0.0,1,1,0,0,0.0,0.03075125134601715
1248,no_feedback,48,8,3,0,0,-1.0,0.0,1,0,1,0,0.0,0.03075125134601715
1249,no_feedback,48,6,3,0,0,-1.0,0.0,1,0,1,0,0.0,0.03075125134601715
1250,no_feedback,48,2,5,1,0,-1.0,0.0,1,0,1,0,0.0,0.03075125134601715
1251,no_feedback,48,8,3,0,0,-1.0,0.0,1,0,1,0,0.0,0.03075125134601715
1252,no_feedback,48,4,3,0,1,1.0,0.0,0,nan,nan,nan,0.0,0.03075125134601715
1253,no_feedback,48,7,4,1,0,-1.0,0.0,1,1,0,0,0.0,0.03075125134601715
1254,no_feedback,48,1,5,1,0,-1.0,0.0,1,0,1,0,0.0,0.03075125134601715
1255,no_feedback,48,2,5,1,0,-1.0,0.0,1,0,1,0,0.0,0.03075125134601715
1256,no_feedback,48,2,5,1,0,-1.0,0.0,1,0,1,0,0.0,0.03075125134601715
1257,no_feedback,48,1,5,1,0,-1.0,0.0,1,0,1,0,0.0,0.03075125134601715
1258,no_feedback,48,7,5,1,0,-1.0,0.0,1,0,1,0,0.0,0.03075125134601715
1259,no_feedback,48,5,5,1,1,1.0,0.0,0,nan,nan,nan,0.0,0.03075125134601715
1260,no_feedback,48,4,6,1,0,-1.0,0.0,1,1,0,0,0.0,0.03075125134601715
1261,no_feedback,48,8,3,0,0,-1.0,0.0,1,0,1,0,0.0,0.03075125134601715
1262,no_feedback,48,2,5,1,0,-1.0,0.0,1,0,1,0,0.0,0.03075125134601715
1263,no_feedback,48,8,3,0,0,-1.0,0.0,1,0,1,0,0.0,0.03075125134601715
1264,no_feedback,48,4,3,0,1,1.0,0.0,0,nan,nan,nan,0.0,0.03075125134601715
1265,no_feedback,48,4,2,0,0,-1.0,0.0,1,1,0,0,0.0,0.03075125134601715
1266,no_feedback,48,2,5,1,0,-1.0,0.0,1,0,1,0,0.0,0.03075125134601715
1267,no_feedback,48,3,5,1,0,-1.0,0.0,1,0,1,0,0.0,0.03075125134601715
1268,no_feedback,48,4,3,0,1,1.0,0.0,0,nan,nan,nan,0.0,0.03075125134601715
1269,no_feedback,48,5,2,0,0,-1.0,0.0,1,1,0,0,0.0,0.03075125134601715
1270,no_feedback,48,5,3,0,0,-1.0,0.0,1,0,1,0,0.0,0.03075125134601715
1271,no_feedback,48,4,3,0,1,1.0,0.0,0,nan,nan,nan,0.0,0.03075125134601715
1272,no_feedback,48,6,2,0,0,-1.0,0.0,1,1,0,0,0.0,0.03075125134601715
1273,no_feedback,48,6,5,1,1,1.0,0.0,0,nan,nan,nan,0.0,0.03075125134601715
1274,no_feedback,48,1,6,1,0,-1.0,0.0,1,1,0,0,0.0,0.03075125134601715
1275,no_feedback,48,4,3,0,1,1.0,0.0,0,nan,nan,nan,0.0,0.03075125134601715
1276,no_feedback,48,8,2,0,0,-1.0,0.0,1,1,0,0,0.0,0.03075125134601715
1277,no_feedback,48,3,5,1,0,-1.0,0.0,1,0,1,0,0.0,0.03075125134601715
1278,no_feedback,48,2,5,1,0,-1.0,0.0,1,0,1,0,0.0,0.03075125134601715
1279,no_feedback,48,4,3,0,1,1.0,0.0,0,nan,nan,nan,0.0,0.03075125134601715
1280,no_feedback,48,6,4,1,0,-1.0,0.0,1,1,0,0,0.0,0.03075125134601715
1281,no_feedback,48,3,5,1,0,-1.0,0.0,1,0,1,0,0.0,0.03075125134601715
1282,no_feedback,48,5,3,0,0,-1.0,0.0,1,0,1,0,0.0,0.03075125134601715
1283,no_feedback,48,4,3,0,1,1.0,0.0,0,nan,nan,nan,0.0,0.03075125134601715
1284,no_feedback,48,1,4,1,0,-1.0,0.0,1,1,0,0,0.0,0.03075125134601715
1285,no_feedback,48,7,5,1,0,-1.0,0.0,1,0,1,0,0.0,0.03075125134601715
1286,no_feedback,48,8,3,0,0,-1.0,0.0,1,0,1,0,0.0,0.03075125134601715
1287,no_feedback,48,4,3,0,1,1.0,0.0,0,nan,nan,nan,0.0,0.03075125134601715
1288,no_feedback,48,2,4,1,0,-1.0,0.0,1,1,0,0,0.0,0.03075125134601715
1289,no_feedback,48,5,5,1,1,1.0,0.0,0,nan,nan,nan,0.0,0.03075125134601715
1290,no_feedback,48,4,4,0,1,1.0,0.0,0,nan,nan,nan,0.0,0.03075125134601715
1291,no_feedback,48,0,5,1,0,-1.0,0.0,1,2,0,0,0.0,0.03075125134601715
1292,no_feedback,48,3,5,1,0,-1.0,0.0,1,0,1,0,0.0,0.03075125134601715
1293,no_feedback,48,5,3,0,0,-1.0,0.0,1,0,1,0,0.0,0.03075125134601715
1294,no_feedback,48,0,5,1,0,-1.0,0.0,1,0,1,0,0.0,0.03075125134601715
1295,no_feedback,48,8,3,0,0,-1.0,0.0,1,0,1,0,0.0,0.03075125134601715
1296,no_feedback,48,6,3,0,0,-1.0,0.0,1,0,1,0,0.0,0.03075125134601715
1297,no_feedback,48,7,5,1,0,-1.0,0.0,1,0,1,0,0.0,0.03075125134601715
1298,no_feedback,48,6,5,1,1,1.0,0.0,0,nan,nan,nan,0.0,0.03075125134601715
1299,no_feedback,48,7,4,0,0,-1.0,0.0,1,1,0,0,0.0,0.03075125134601715
1300,no_feedback,48,2,5,1,0,-1.0,0.0,1,0,1,0,0.0,0.03075125134601715
1301,no_feedback,48,7,3,0,0,-1.0,0.0,1,0,1,0,0.0,0.03075125134601715
1302,no_feedback,48,1,5,1,0,-1.0,0.0,1,0,1,0,0.0,0.03075125134601715
1303,no_feedback,48,7,3,0,0,-1.0,0.0,1,0,1,0,0.0,0.03075125134601715
1304,no_feedback,48,2,5,1,0,-1.0,0.0,1,0,1,0,0.0,0.03075125134601715
1305,no_feedback,48,3,5,1,0,-1.0,0.0,1,0,1,0,0.0,0.03075125134601715
1306,no_feedback,48,1,3,0,0,-1.0,0.0,1,0,1,0,0.0,0.03075125134601715
1307,no_feedback,48,5,5,1,1,1.0,0.0,0,nan,nan,nan,0.0,0.03075125134601715
1308,no_feedback,48,6,6,1,1,1.0,0.0,0,nan,nan,nan,0.0,0.03075125134601715
1309,no_feedback,48,4,7,1,0,-1.0,0.0,1,2,0,0,0.0,0.03075125134601715
1310,no_feedback,48,7,3,0,0,-1.0,0.0,1,0,1,0,0.0,0.03075125134601715
1311,no_feedback,48,3,5,1,0,-1.0,0.0,1,0,1,0,0.0,0.03075125134601715
1312,no_feedback,48,3,5,1,0,-1.0,0.0,1,0,1,0,0.0,0.03075125134601715
1313,no_feedback,48,0,5,1,0,-1.0,0.0,1,0,1,0,0.0,0.03075125134601715
1314,no_feedback,48,1,3,0,0,-1.0,0.0,1,0,1,0,0.0,0.03075125134601715
1315,no_feedback,48,3,5,1,0,-1.0,0.0,1,0,1,0,0.0,0.03075125134601715
1316,no_feedback,48,4,3,0,1,1.0,0.0,0,nan,nan,nan,0.0,0.03075125134601715
1317,no_feedback,48,3,2,0,1,1.0,0.0,0,nan,nan,nan,0.0,0.03075125134601715
1318,no_feedback,48,8,3,1,0,-1.0,0.0,1,2,0,0,0.0,0.03075125134601715
1319,no_feedback,48,7,3,0,0,-1.0,0.0,1,0,1,0,0.0,0.03075125134601715
1320,no_feedback,48,2,5,1,0,-1.0,0.0,1,0,1,0,0.0,0.03075125134601715
1321,no_feedback,48,8,5,1,0,-1.0,0.0,1,0,1,0,0.0,0.03075125134601715
1322,no_feedback,48,6,3,0,0,-1.0,0.0,1,0,1,0,0.0,0.03075125134601715
1323,no_feedback,48,0,5,1,0,-1.0,0.0,1,0,1,0,0.0,0.03075125134601715
1324,no_feedback,48,0,3,0,0,-1.0,0.0,1,0,1,0,0.0,0.03075125134601715
1325,no_feedback,48,6,3,0,0,-1.0,0.0,1,0,1,0,0.0,0.03075125134601715
1326,no_feedback,48,3,5,1,0,-1.0,0.0,1,0,1,0,0.0,0.03075125134601715
1327,no_feedback,48,7,3,0,0,-1.0,0.0,1,0,1,0,0.0,0.03075125134601715
1328,no_feedback,48,6,3,0,0,-1.0,0.0,1,0,1,0,0.0,0.03075125134601715
1329,no_feedback,48,1,5,1,0,-1.0,0.0,1,0,1,0,0.0,0.03075125134601715
1330,no_feedback,48,4,3,0,1,1.0,0.0,0,nan,nan,nan,0.0,0.03075125134601715
1331,no_feedback,48,7,2,0,0,-1.0,0.0,1,1,0,0,0.0,0.03075125134601715
1332,no_feedback,48,1,3,0,0,-1.0,0.0,1,0,1,0,0.0,0.03075125134601715
1333,no_feedback,48,0,5,1,0,-1.0,0.0,1,0,1,0,0.0,0.03075125134601715
1334,no_feedback,48,6,5,1,1,1.0,0.0,0,nan,nan,nan,0.0,0.03075125134601715
1335,no_feedback,48,7,4,0,0,-1.0,0.0,1,1,0,0,0.0,0.03075125134601715
1336,no_feedback,48,4,3,0,1,1.0,0.0,0,nan,nan,nan,0.0,0.03075125134601715
1337,no_feedback,48,6,2,0,0,-1.0,0.0,1,1,0,0,0.0,0.03075125134601715
1338,no_feedback,48,7,5,1,0,-1.0,0.0,1,0,1,0,0.0,0.03075125134601715
1339,no_feedback,48,6,5,1,1,1.0,0.0,0,nan,nan,nan,0.0,0.03075125134601715
1340,no_feedback,48,5,4,0,1,1.0,0.0,0,nan,nan,nan,0.0,0.03075125134601715
1341,no_feedback,48,1,5,1,0,-1.0,0.0,1,2,0,0,0.0,0.03075125134601715
1342,no_feedback,48,3,5,1,0,-1.0,0.0,1,0,1,0,0.0,0.03075125134601715
1343,no_feedback,48,2,5,1,0,-1.0,0.0,1,0,1,0,0.0,0.03075125134601715
1344,no_feedback,48,5,3,0,0,-1.0,0.0,1,0,1,0,0.0,0.03075125134601715
1345,no_feedback,48,2,5,1,0,-1.0,0.0,1,0,1,0,0.0,0.03075125134601715
1346,no_feedback,48,0,3,0,0,-1.0,0.0,1,0,1,0,0.0,0.03075125134601715
1347,no_feedback,48,0,3,0,0,-1.0,0.0,1,0,1,0,0.0,0.03075125134601715
1348,no_feedback,48,2,5,1,0,-1.0,0.0,1,0,1,0,0.0,0.03075125134601715
1349,no_feedback,48,5,3,0,0,-1.0,0.0,1,0,1,0,0.0,0.03075125134601715
1350,no_feedback,48,6,5,1,1,1.0,0.0,0,nan,nan,nan,0.0,0.03075125134601715
1351,no_feedback,48,4,6,1,0,-1.0,0.0,1,1,0,0,0.0,0.03075125134601715
1352,no_feedback,48,1,3,0,0,-1.0,0.0,1,0,1,0,0.0,0.03075125134601715
1353,no_feedback,48,3,5,1,0,-1.0,0.0,1,0,1,0,0.0,0.03075125134601715
1354,no_feedback,48,2,5,1,0,-1.0,0.0,1,0,1,0,0.0,0.03075125134601715
1355,no_feedback,48,8,3,0,0,-1.0,0.0,1,0,1,0,0.0,0.03075125134601715
1356,no_feedback,48,7,5,1,0,-1.0,0.0,1,0,1,0,0.0,0.03075125134601715
1357,no_feedback,48,4,3,0,1,1.0,0.0,0,nan,nan,nan,0.0,0.03075125134601715
1358,no_feedback,48,4,4,1,1,1.0,0.0,0,nan,nan,nan,0.0,0.03075125134601715
1359,no_feedback,48,8,3,0,0,-1.0,0.0,1,2,0,0,0.0,0.03075125134601715
1360,no_feedback,48,7,5,1,0,-1.0,0.0,1,0,1,0,0.0,0.03075125134601715
1361,no_feedback,48,4,3,0,1,1.0,0.0,0,nan,nan,nan,0.0,0.03075125134601715
1362,no_feedback,48,7,2,0,0,-1.0,0.0,1,1,0,0,0.0,0.03075125134601715
1363,no_feedback,48,6,3,0,0,-1.0,0.0,1,0,1,0,0.0,0.03075125134601715
1364,no_feedback,48,4,3,0,1,1.0,0.0,0,nan,nan,nan,0.0,0.03075125134601715
1365,no_feedback,48,4,4,1,1,1.0,0.0,0,nan,nan,nan,0.0,0.03075125134601715
1366,no_feedback,48,4,3,0,1,1.0,0.0,0,nan,nan,nan,0.0,0.03075125134601715
1367,no_feedback,48,2,4,1,0,-1.0,0.0,1,3,0,1,0.0,0.03075125134601715
1368,no_feedback,48,0,3,0,0,-1.0,0.0,1,0,1,0,0.0,0.03075125134601715
1369,no_feedback,48,8,5,1,0,-1.0,0.0,1,0,1,0,0.0,0.03075125134601715
1370,no_feedback,48,3,5,1,0,-1.0,0.0,1,0,1,0,0.0,0.03075125134601715
1371,no_feedback,48,6,5,1,1,1.0,0.0,0,nan,nan,nan,0.0,0.03075125134601715
1372,no_feedback,48,6,6,1,1,1.0,0.0,0,nan,nan,nan,0.0,0.03075125134601715
1373,no_feedback,48,3,7,1,0,-1.0,0.0,1,2,0,0,0.0,0.03075125134601715
1374,no_feedback,48,6,3,0,0,-1.0,0.0,1,0,1,0,0.0,0.03075125134601715
1375,no_feedback,48,0,5,1,0,-1.0,0.0,1,0,1,0,0.0,0.03075125134601715
1376,no_feedback,48,8,5,1,0,-1.0,0.0,1,0,1,0,0.0,0.03075125134601715
1377,no_feedback,48,2,5,1,0,-1.0,0.0,1,0,1,0,0.0,0.03075125134601715
1378,no_feedback,48,1,3,0,0,-1.0,0.0,1,0,1,0,0.0,0.03075125134601715
1379,no_feedback,48,3,5,1,0,-1.0,0.0,1,0,1,0,0.0,0.03075125134601715
1380,no_feedback,48,2,5,1,0,-1.0,0.0,1,0,1,0,0.0,0.03075125134601715
1381,no_feedback,48,7,3,0,0,-1.0,0.0,1,0,1,0,0.0,0.03075125134601715
1382,no_feedback,48,5,3,0,0,-1.0,0.0,1,0,1,0,0.0,0.03075125134601715
1383,no_feedback,48,6,5,1,1,1.0,0.0,0,nan,nan,nan,0.0,0.03075125134601715
1384,no_feedback,48,1,4,0,0,-1.0,0.0,1,1,0,0,0.0,0.03075125134601715
1385,no_feedback,48,4,3,0,1,1.0,0.0,0,nan,nan,nan,0.0,0.03075125134601715
1386,no_feedback,48,0,4,1,0,-1.0,0.0,1,1,0,0,0.0,0.03075125134601715
1387,no_feedback,48,5,3,0,0,-1.0,0.0,1,0,1,0,0.0,0.03075125134601715
1388,no_feedback,48,6,5,1,1,1.0,0.0,0,nan,nan,nan,0.0,0.03075125134601715
1389,no_feedback,48,1,4,0,0,-1.0,0.0,1,1,0,0,0.0,0.03075125134601715
1390,no_feedback,48,7,5,1,0,-1.0,0.0,1,0,1,0,0.0,0.03075125134601715
1391,no_feedback,48,5,3,0,0,-1.0,0.0,1,0,1,0,0.0,0.03075125134601715
1392,no_feedback,48,7,5,1,0,-1.0,0.0,1,0,1,0,0.0,0.03075125134601715
1393,no_feedback,48,2,5,1,0,-1.0,0.0,1,0,1,0,0.0,0.03075125134601715
1394,no_feedback,48,1,3,0,0,-1.0,0.0,1,0,1,0,0.0,0.03075125134601715
1395,no_feedback,48,2,5,1,0,-1.0,0.0,1,0,1,0,0.0,0.03075125134601715
1396,no_feedback,48,1,5,1,0,-1.0,0.0,1,0,1,0,0.0,0.03075125134601715
1397,no_feedback,48,5,5,1,1,1.0,0.0,0,nan,nan,nan,0.0,0.03075125134601715
1398,no_feedback,48,4,6,1,0,-1.0,0.0,1,1,0,0,0.0,0.03075125134601715
1399,no_feedback,48,8,5,1,0,-1.0,0.0,1,0,1,0,0.0,0.03075125134601715
1400,no_feedback,48,1,3,0,0,-1.0,0.0,1,0,1,0,0.0,0.03075125134601715
1401,no_feedback,48,5,3,0,0,-1.0,0.0,1,0,1,0,0.0,0.03075125134601715
1402,no_feedback,48,6,3,0,0,-1.0,0.0,1,0,1,0,0.0,0.03075125134601715
1403,no_feedback,48,5,3,0,0,-1.0,0.0,1,0,1,0,0.0,0.03075125134601715
1404,no_feedback,48,7,5,1,0,-1.0,0.0,1,0,1,0,0.0,0.03075125134601715
1405,no_feedback,48,5,3,0,0,-1.0,0.0,1,0,1,0,0.0,0.03075125134601715
1406,no_feedback,48,7,3,0,0,-1.0,0.0,1,0,1,0,0.0,0.03075125134601715
1407,no_feedback,48,1,3,0,0,-1.0,0.0,1,0,1,0,0.0,0.03075125134601715
1408,no_feedback,48,2,5,1,0,-1.0,0.0,1,0,1,0,0.0,0.03075125134601715
1409,no_feedback,48,8,5,1,0,-1.0,0.0,1,0,1,0,0.0,0.03075125134601715
1410,no_feedback,48,4,3,0,1,1.0,0.0,0,nan,nan,nan,0.0,0.03075125134601715
1411,no_feedback,48,6,2,0,0,-1.0,0.0,1,1,0,0,0.0,0.03075125134601715
1412,no_feedback,48,5,5,1,1,1.0,0.0,0,nan,nan,nan,0.0,0.03075125134601715
1413,no_feedback,48,3,6,1,0,-1.0,0.0,1,1,0,0,0.0,0.03075125134601715
1414,no_feedback,48,8,5,1,0,-1.0,0.0,1,0,1,0,0.0,0.03075125134601715
1415,no_feedback,48,5,5,1,1,1.0,0.0,0,nan,nan,nan,0.0,0.03075125134601715
1416,no_feedback,48,1,4,0,0,-1.0,0.0,1,1,0,0,0.0,0.03075125134601715
1417,no_feedback,48,6,3,0,0,-1.0,0.0,1,0,1,0,0.0,0.03075125134601715
1418,no_feedback,48,6,5,1,1,1.0,0.0,0,nan,nan,nan,0.0,0.03075125134601715
1419,no_feedback,48,3,6,1,0,-1.0,0.0,1,1,0,0,0.0,0.03075125134601715
1420,no_feedback,48,6,5,1,1,1.0,0.0,0,nan,nan,nan,0.0,0.03075125134601715
1421,no_feedback,48,1,4,0,0,-1.0,0.0,1,1,0,0,0.0,0.03075125134601715
1422,no_feedback,48,6,3,0,0,-1.0,0.0,1,0,1,0,0.0,0.03075125134601715
1423,no_feedback,48,6,5,1,1,1.0,0.0,0,nan,nan,nan,0.0,0.03075125134601715
1424,no_feedback,48,3,6,1,0,-1.0,0.0,1,1,0,0,0.0,0.03075125134601715
1425,no_feedback,48,2,5,1,0,-1.0,0.0,1,0,1,0,0.0,0.03075125134601715
1426,no_feedback,48,5,3,0,0,-1.0,0.0,1,0,1,0,0.0,0.03075125134601715
1427,no_feedback,48,7,5,1,0,-1.0,0.0,1,0,1,0,0.0,0.03075125134601715
1428,no_feedback,48,2,5,1,0,-1.0,0.0,1,0,1,0,0.0,0.03075125134601715
1429,no_feedback,48,8,3,0,0,-1.0,0.0,1,0,1,0,0.0,0.03075125134601715
1430,no_feedback,48,6,3,0,0,-1.0,0.0,1,0,1,0,0.0,0.03075125134601715
1431,no_feedback,48,8,3,0,0,-1.0,0.0,1,0,1,0,0.0,0.03075125134601715
1432,no_feedback,48,4,3,0,1,1.0,0.0,0,nan,nan,nan,0.0,0.03075125134601715
1433,no_feedback,48,3,2,0,1,1.0,0.0,0,nan,nan,nan,0.0,0.03075125134601715
1434,no_feedback,48,8,3,1,0,-1.0,0.0,1,2,0,0,0.0,0.03075125134601715
1435,no_feedback,48,0,5,1,0,-1.0,0.0,1,0,1,0,0.0,0.03075125134601715
1436,no_feedback,48,2,5,1,0,-1.0,0.0,1,0,1,0,0.0,0.03075125134601715
1437,no_feedback,48,7,3,0,0,-1.0,0.0,1,0,1,0,0.0,0.03075125134601715
1438,no_feedback,48,0,3,0,0,-1.0,0.0,1,0,1,0,0.0,0.03075125134601715
1439,no_feedback,48,4,3,0,1,1.0,0.0,0,nan,nan,nan,0.0,0.03075125134601715
1440,no_feedback,48,0,4,1,0,-1.0,0.0,1,1,0,0,0.0,0.03075125134601715
1441,no_feedback,48,1,3,0,0,-1.0,0.0,1,0,1,0,0.0,0.03075125134601715
1442,no_feedback,48,6,5,1,1,1.0,0.0,0,nan,nan,nan,0.0,0.03075125134601715
1443,no_feedback,48,1,4,0,0,-1.0,0.0,1,1,0,0,0.0,0.03075125134601715
1444,no_feedback,48,0,5,1,0,-1.0,0.0,1,0,1,0,0.0,0.03075125134601715
1445,no_feedback,48,6,5,1,1,1.0,0.0,0,nan,nan,nan,0.0,0.03075125134601715
1446,no_feedback,48,1,4,0,0,-1.0,0.0,1,1,0,0,0.0,0.03075125134601715
1447,no_feedback,48,8,3,0,0,-1.0,0.0,1,0,1,0,0.0,0.03075125134601715
1448,no_feedback,48,4,3,0,1,1.0,0.0,0,nan,nan,nan,0.0,0.03075125134601715
1449,no_feedback,48,5,4,1,1,1.0,0.0,0,nan,nan,nan,0.0,0.03075125134601715
1450,no_feedback,48,0,3,0,0,-1.0,0.0,1,2,0,0,0.0,0.03075125134601715
1451,no_feedback,48,4,3,0,1,1.0,0.0,0,nan,nan,nan,0.0,0.03075125134601715
1452,no_feedback,48,0,2,0,0,-1.0,0.0,1,1,0,0,0.0,0.03075125134601715
1453,no_feedback,48,4,3,0,1,1.0,0.0,0,nan,nan,nan,0.0,0.03075125134601715
1454,no_feedback,48,5,2,0,0,-1.0,0.0,1,1,0,0,0.0,0.03075125134601715
1455,no_feedback,48,3,5,1,0,-1.0,0.0,1,0,1,0,0.0,0.03075125134601715
1456,no_feedback,48,5,5,1,1,1.0,0.0,0,nan,nan,nan,0.0,0.03075125134601715
1457,no_feedback,48,3,6,1,0,-1.0,0.0,1,1,0,0,0.0,0.03075125134601715
1458,no_feedback,48,0,5,1,0,-1.0,0.0,1,0,1,0,0.0,0.03075125134601715
1459,no_feedback,48,1,3,0,0,-1.0,0.0,1,0,1,0,0.0,0.03075125134601715
1460,no_feedback,48,4,3,0,1,1.0,0.0,0,nan,nan,nan,0.0,0.03075125134601715
1461,no_feedback,48,6,2,0,0,-1.0,0.0,1,1,0,0,0.0,0.03075125134601715
1462,no_feedback,48,4,3,0,1,1.0,0.0,0,nan,nan,nan,0.0,0.03075125134601715
1463,no_feedback,48,3,2,0,1,1.0,0.0,0,nan,nan,nan,0.0,0.03075125134601715
1464,no_feedback,48,4,3,1,1,1.0,0.0,0,nan,nan,nan,0.0,0.03075125134601715
1465,no_feedback,48,6,2,0,0,-1.0,0.0,1,3,0,1,0.0,0.03075125134601715
1466,no_feedback,48,5,5,1,1,1.0,0.0,0,nan,nan,nan,0.0,0.03075125134601715
1467,no_feedback,48,2,6,1,0,-1.0,0.0,1,1,0,0,0.0,0.03075125134601715
1468,no_feedback,48,6,5,1,1,1.0,0.0,0,nan,nan,nan,0.0,0.03075125134601715
1469,no_feedback,48,8,6,1,0,-1.0,0.0,1,1,0,0,0.0,0.03075125134601715
1470,no_feedback,48,1,5,1,0,-1.0,0.0,1,0,1,0,0.0,0.03075125134601715
1471,no_feedback,48,6,5,1,1,1.0,0.0,0,nan,nan,nan,0.0,0.03075125134601715
1472,no_feedback,48,4,6,1,0,-1.0,0.0,1,1,0,0,0.0,0.03075125134601715
1473,no_feedback,48,7,5,1,0,-1.0,0.0,1,0,1,0,0.0,0.03075125134601715
1474,no_feedback,48,0,5,1,0,-1.0,0.0,1,0,1,0,0.0,0.03075125134601715
1475,no_feedback,48,6,3,0,0,-1.0,0.0,1,0,1,0,0.0,0.03075125134601715
1476,no_feedback,48,3,5,1,0,-1.0,0.0,1,0,1,0,0.0,0.03075125134601715
1477,no_feedback,48,5,5,1,1,1.0,0.0,0,nan,nan,nan,0.0,0.03075125134601715
1478,no_feedback,48,8,6,1,0,-1.0,0.0,1,1,0,0,0.0,0.03075125134601715
1479,no_feedback,48,8,3,0,0,-1.0,0.0,1,0,1,0,0.0,0.03075125134601715
1480,no_feedback,48,6,5,1,1,1.0,0.0,0,nan,nan,nan,0.0,0.03075125134601715
1481,no_feedback,48,2,6,1,0,-1.0,0.0,1,1,0,0,0.0,0.03075125134601715
1482,no_feedback,48,2,5,1,0,-1.0,0.0,1,0,1,0,0.0,0.03075125134601715
1483,no_feedback,48,4,3,0,1,1.0,0.0,0,nan,nan,nan,0.0,0.03075125134601715
1484,no_feedback,48,5,2,0,0,-1.0,0.0,1,1,0,0,0.0,0.03075125134601715
1485,no_feedback,48,5,5,1,1,1.0,0.0,0,nan,nan,nan,0.0,0.03075125134601715
1486,no_feedback,48,4,6,1,0,-1.0,0.0,1,1,0,0,0.0,0.03075125134601715
1487,no_feedback,48,8,3,0,0,-1.0,0.0,1,0,1,0,0.0,0.03075125134601715
1488,no_feedback,48,6,5,1,1,1.0,0.0,0,nan,nan,nan,0.0,0.03075125134601715
1489,no_feedback,48,3,6,1,0,-1.0,0.0,1,1,0,0,0.0,0.03075125134601715
1490,no_feedback,48,2,5,1,0,-1.0,0.0,1,0,1,0,0.0,0.03075125134601715
1491,no_feedback,48,2,3,0,1,1.0,0.0,0,nan,nan,nan,0.0,0.03075125134601715
1492,no_feedback,48,7,2,0,0,-1.0,0.0,1,1,0,0,0.0,0.03075125134601715
1493,no_feedback,48,8,5,1,0,-1.0,0.0,1,0,1,0,0.0,0.03075125134601715
1494,no_feedback,48,7,5,1,0,-1.0,0.0,1,0,1,0,0.0,0.03075125134601715
1495,no_feedback,48,4,3,0,1,1.0,0.0,0,nan,nan,nan,0.0,0.03075125134601715
1496,no_feedback,48,6,4,1,0,-1.0,0.0,1,1,0,0,0.0,0.03075125134601715
1497,no_feedback,48,7,5,1,0,-1.0,0.0,1,0,1,0,0.0,0.03075125134601715
1498,no_feedback,48,0,3,0,0,-1.0,0.0,1,0,1,0,0.0,0.03075125134601715
1499,no_feedback,48,2,5,1,0,-1.0,0.0,1,0,1,0,0.0,0.03075125134601715
1500,no_feedback,48,0,3,0,0,-1.0,0.0,1,0,1,0,0.0,0.03075125134601715
1501,no_feedback,48,5,5,1,1,1.0,0.0,0,nan,nan,nan,0.0,0.03075125134601715
1502,no_feedback,48,3,6,1,0,-1.0,0.0,1,1,0,0,0.0,0.03075125134601715
1503,no_feedback,48,7,3,0,0,-1.0,0.0,1,0,1,0,0.0,0.03075125134601715
1504,no_feedback,48,0,5,1,0,-1.0,0.0,1,0,1,0,0.0,0.03075125134601715
1505,no_feedback,48,0,5,1,0,-1.0,0.0,1,0,1,0,0.0,0.03075125134601715
1506,no_feedback,48,5,3,0,0,-1.0,0.0,1,0,1,0,0.0,0.03075125134601715
1507,no_feedback,48,3,5,1,0,-1.0,0.0,1,0,1,0,0.0,0.03075125134601715
1508,no_feedback,48,7,3,0,0,-1.0,0.0,1,0,1,0,0.0,0.03075125134601715
1509,no_feedback,48,5,5,1,1,1.0,0.0,0,nan,nan,nan,0.0,0.03075125134601715
1510,no_feedback,48,1,6,1,0,-1.0,0.0,1,1,0,0,0.0,0.03075125134601715
1511,no_feedback,48,3,5,1,0,-1.0,0.0,1,0,1,0,0.0,0.03075125134601715
1512,no_feedback,48,0,3,0,0,-1.0,0.0,1,0,1,0,0.0,0.03075125134601715
1513,no_feedback,48,4,3,0,1,1.0,0.0,0,nan,nan,nan,0.0,0.03075125134601715
1514,no_feedback,48,8,4,1,0,-1.0,0.0,1,1,0,0,0.0,0.03075125134601715
1515,no_feedback,48,6,5,1,1,1.0,0.0,0,nan,nan,nan,0.0,0.03075125134601715
1516,no_feedback,48,6,4,0,0,-1.0,0.0,1,1,0,0,0.0,0.03075125134601715
1517,no_feedback,48,6,3,0,0,-1.0,0.0,1,0,1,0,0.0,0.03075125134601715
1518,no_feedback,48,2,5,1,0,-1.0,0.0,1,0,1,0,0.0,0.03075125134601715
1519,no_feedback,48,4,3,0,1,1.0,0.0,0,nan,nan,nan,0.0,0.03075125134601715
1520,no_feedback,48,1,4,1,0,-1.0,0.0,1,1,0,0,0.0,0.03075125134601715
1521,no_feedback,48,0,3,0,0,-1.0,0.0,1,0,1,0,0.0,0.03075125134601715
1522,no_feedback,48,8,5,1,0,-1.0,0.0,1,0,1,0,0.0,0.03075125134601715
1523,no_feedback,48,0,3,0,0,-1.0,0.0,1,0,1,0,0.0,0.03075125134601715
1524,no_feedback,48,2,5,1,0,-1.0,0.0,1,0,1,0,0.0,0.03075125134601715
1525,no_feedback,48,0,5,1,0,-1.0,0.0,1,0,1,0,0.0,0.03075125134601715
1526,no_feedback,48,4,3,0,1,1.0,0.0,0,nan,nan,nan,0.0,0.03075125134601715
1527,no_feedback,48,3,2,0,1,1.0,0.0,0,nan,nan,nan,0.0,0.03075125134601715
1528,no_feedback,48,6,1,0,0,-1.0,0.0,1,2,0,0,0.0,0.03075125134601715
1529,no_feedback,48,0,5,1,0,-1.0,0.0,1,0,1,0,0.0,0.03075125134601715
1530,no_feedback,48,4,3,0,1,1.0,0.0,0,nan,nan,nan,0.0,0.03075125134601715
1531,no_feedback,48,7,4,1,0,-1.0,0.0,1,1,0,0,0.0,0.03075125134601715
1532,no_feedback,48,0,3,0,0,-1.0,0.0,1,0,1,0,0.0,0.03075125134601715
1533,no_feedback,48,5,3,0,0,-1.0,0.0,1,0,1,0,0.0,0.03075125134601715
1534,no_feedback,48,8,3,0,0,-1.0,0.0,1,0,1,0,0.0,0.03075125134601715
1535,no_feedback,48,8,3,0,0,-1.0,0.0,1,0,1,0,0.0,0.03075125134601715
1536,no_feedback,48,2,3,0,1,1.0,0.0,0,nan,nan,nan,0.0,0.03075125134601715
1537,no_feedback,48,4,2,0,0,-1.0,0.0,1,1,0,0,0.0,0.03075125134601715
1538,no_feedback,48,7,3,0,0,-1.0,0.0,1,0,1,0,0.0,0.03075125134601715
1539,no_feedback,48,3,5,1,0,-1.0,0.0,1,0,1,0,0.0,0.03075125134601715
1540,no_feedback,48,4,3,0,1,1.0,0.0,0,nan,nan,nan,0.0,0.03075125134601715
1541,no_feedback,48,0,2,0,0,-1.0,0.0,1,1,0,0,0.0,0.03075125134601715
1542,no_feedback,48,5,5,1,1,1.0,0.0,0,nan,nan,nan,0.0,0.03075125134601715
1543,no_feedback,48,7,4,0,0,-1.0,0.0,1,1,0,0,0.0,0.03075125134601715
1544,no_feedback,48,5,3,0,0,-1.0,0.0,1,0,1,0,0.0,0.03075125134601715
1545,no_feedback,48,3,5,1,0,-1.0,0.0,1,0,1,0,0.0,0.03075125134601715
1546,no_feedback,48,8,3,0,0,-1.0,0.0,1,0,1,0,0.0,0.03075125134601715
1547,no_feedback,48,7,5,1,0,-1.0,0.0,1,0,1,0,0.0,0.03075125134601715
1548,no_feedback,48,1,5,1,0,-1.0,0.0,1,0,1,0,0.0,0.03075125134601715
1549,no_feedback,48,4,3,0,1,1.0,0.0,0,nan,nan,nan,0.0,0.03075125134601715
1550,no_feedback,48,2,4,1,0,-1.0,0.0,1,1,0,0,0.0,0.03075125134601715
1551,no_feedback,48,1,3,0,0,-1.0,0.0,1,0,1,0,0.0,0.03075125134601715
1552,no_feedback,48,6,3,0,0,-1.0,0.0,1,0,1,0,0.0,0.03075125134601715
1553,no_feedback,48,5,3,0,0,-1.0,0.0,1,0,1,0,0.0,0.03075125134601715
1554,no_feedback,48,2,5,1,0,-1.0,0.0,1,0,1,0,0.0,0.03075125134601715
1555,no_feedback,48,7,5,1,0,-1.0,0.0,1,0,1,0,0.0,0.03075125134601715
1556,no_feedback,48,0,5,1,0,-1.0,0.0,1,0,1,0,0.0,0.03075125134601715
1557,no_feedback,48,7,5,1,0,-1.0,0.0,1,0,1,0,0.0,0.03075125134601715
1558,no_feedback,48,1,5,1,0,-1.0,0.0,1,0,1,0,0.0,0.03075125134601715
1559,no_feedback,48,2,3,0,1,1.0,0.0,0,nan,nan,nan,0.0,0.03075125134601715
1560,no_feedback,48,8,4,1,0,-1.0,0.0,1,1,0,0,0.0,0.03075125134601715
1561,no_feedback,48,7,5,1,0,-1.0,0.0,1,0,1,0,0.0,0.03075125134601715
1562,no_feedback,48,8,3,0,0,-1.0,0.0,1,0,1,0,0.0,0.03075125134601715
1563,no_feedback,48,7,3,0,0,-1.0,0.0,1,0,1,0,0.0,0.03075125134601715
1564,no_feedback,48,6,3,0,0,-1.0,0.0,1,0,1,0,0.0,0.03075125134601715
1565,no_feedback,48,2,5,1,0,-1.0,0.0,1,0,1,0,0.0,0.03075125134601715
1566,no_feedback,48,5,5,1,1,1.0,0.0,0,nan,nan,nan,0.0,0.03075125134601715
1567,no_feedback,48,3,4,0,1,1.0,0.0,0,nan,nan,nan,0.0,0.03075125134601715
1568,no_feedback,48,0,5,1,0,-1.0,0.0,1,2,0,0,0.0,0.03075125134601715
1569,no_feedback,48,8,5,1,0,-1.0,0.0,1,0,1,0,0.0,0.03075125134601715
1570,no_feedback,48,4,3,0,1,1.0,0.0,0,nan,nan,nan,0.0,0.03075125134601715
1571,no_feedback,48,2,4,1,0,-1.0,0.0,1,1,0,0,0.0,0.03075125134601715
1572,no_feedback,48,2,5,1,0,-1.0,0.0,1,0,1,0,0.0,0.03075125134601715
1573,no_feedback,48,1,3,0,0,-1.0,0.0,1,0,1,0,0.0,0.03075125134601715
1574,no_feedback,48,8,5,1,0,-1.0,0.0,1,0,1,0,0.0,0.03075125134601715
1575,no_feedback,48,2,5,1,0,-1.0,0.0,1,0,1,0,0.0,0.03075125134601715
1576,no_feedback,48,6,3,0,0,-1.0,0.0,1,0,1,0,0.0,0.03075125134601715
1577,no_feedback,48,0,3,0,0,-1.0,0.0,1,0,1,0,0.0,0.03075125134601715
1578,no_feedback,48,7,5,1,0,-1.0,0.0,1,0,1,0,0.0,0.03075125134601715
1579,no_feedback,48,4,3,0,1,1.0,0.0,0,nan,nan,nan,0.0,0.03075125134601715
1580,no_feedback,48,0,2,0,0,-1.0,0.0,1,1,0,0,0.0,0.03075125134601715
1581,no_feedback,48,4,3,0,1,1.0,0.0,0,nan,nan,nan,0.0,0.03075125134601715
1582,no_feedback,48,8,4,1,0,-1.0,0.0,1,1,0,0,0.0,0.03075125134601715
1583,no_feedback,48,3,5,1,0,-1.0,0.0,1,0,1,0,0.0,0.03075125134601715
1584,no_feedback,48,3,5,1,0,-1.0,0.0,1,0,1,0,0.0,0.03075125134601715
1585,no_feedback,48,5,5,1,1,1.0,0.0,0,nan,nan,nan,0.0,0.03075125134601715
1586,no_feedback,48,3,6,1,0,-1.0,0.0,1,1,0,0,0.0,0.03075125134601715
1587,no_feedback,48,8,3,0,0,-1.0,0.0,1,0,1,0,0.0,0.03075125134601715
1588,no_feedback,48,5,3,0,0,-1.0,0.0,1,0,1,0,0.0,0.03075125134601715
1589,no_feedback,48,3,5,1,0,-1.0,0.0,1,0,1,0,0.0,0.03075125134601715
1590,no_feedback,48,6,5,1,1,1.0,0.0,0,nan,nan,nan,0.0,0.03075125134601715
1591,no_feedback,48,4,4,0,1,1.0,0.0,0,nan,nan,nan,0.0,0.03075125134601715
1592,no_feedback,48,3,5,1,0,-1.0,0.0,1,2,0,0,0.0,0.03075125134601715
1593,no_feedback,48,1,3,0,0,-1.0,0.0,1,0,1,0,0.0,0.03075125134601715
1594,no_feedback,48,5,3,0,0,-1.0,0.0,1,0,1,0,0.0,0.03075125134601715
1595,no_feedback,48,0,3,0,0,-1.0,0.0,1,0,1,0,0.0,0.03075125134601715
1596,no_feedback,48,8,3,0,0,-1.0,0.0,1,0,1,0,0.0,0.03075125134601715
1597,no_feedback,48,8,5,1,0,-1.0,0.0,1,0,1,0,0.0,0.03075125134601715
1598,no_feedback,48,3,5,1,0,-1.0,0.0,1,0,1,0,0.0,0.03075125134601715
1599,no_feedback,48,2,5,1,0,-1.0,0.0,1,0,1,0,0.0,0.03075125134601715
1600,no_feedback,48,5,5,1,1,1.0,0.0,0,nan,nan,nan,0.0,0.03075125134601715
1601,no_feedback,48,8,4,0,0,-1.0,0.0,1,1,0,0,0.0,0.03075125134601715
1602,no_feedback,48,4,3,0,1,1.0,0.0,0,nan,nan,nan,0.0,0.03075125134601715
1603,no_feedback,48,8,4,1,0,-1.0,0.0,1,1,0,0,0.0,0.03075125134601715
1604,no_feedback,48,3,5,1,0,-1.0,0.0,1,0,1,0,0.0,0.03075125134601715
1605,no_feedback,48,6,5,1,1,1.0,0.0,0,nan,nan,nan,0.0,0.03075125134601715
1606,no_feedback,48,8,4,0,0,-1.0,0.0,1,1,0,0,0.0,0.03075125134601715
1607,no_feedback,48,7,5,1,0,-1.0,0.0,1,0,1,0,0.0,0.03075125134601715
1608,no_feedback,48,1,5,1,0,-1.0,0.0,1,0,1,0,0.0,0.03075125134601715
1609,no_feedback,48,0,5,1,0,-1.0,0.0,1,0,1,0,0.0,0.03075125134601715
1610,no_feedback,48,2,5,1,0,-1.0,0.0,1,0,1,0,0.0,0.03075125134601715
1611,no_feedback,48,2,5,1,0,-1.0,0.0,1,0,1,0,0.0,0.03075125134601715
1612,no_feedback,48,2,5,1,0,-1.0,0.0,1,0,1,0,0.0,0.03075125134601715
1613,no_feedback,48,0,3,0,0,-1.0,0.0,1,0,1,0,0.0,0.03075125134601715
1614,no_feedback,48,6,3,0,0,-1.0,0.0,1,0,1,0,0.0,0.03075125134601715
1615,no_feedback,48,4,3,0,1,1.0,0.0,0,nan,nan,nan,0.0,0.03075125134601715
1616,no_feedback,48,7,2,0,0,-1.0,0.0,1,1,0,0,0.0,0.03075125134601715
1617,no_feedback,48,6,3,0,0,-1.0,0.0,1,0,1,0,0.0,0.03075125134601715
1618,no_feedback,48,1,3,0,0,-1.0,0.0,1,0,1,0,0.0,0.03075125134601715
1619,no_feedback,48,6,3,0,0,-1.0,0.0,1,0,1,0,0.0,0.03075125134601715
1620,no_feedback,48,7,5,1,0,-1.0,0.0,1,0,1,0,0.0,0.03075125134601715
1621,no_feedback,48,5,3,0,0,-1.0,0.0,1,0,1,0,0.0,0.03075125134601715
1622,no_feedback,48,0,5,1,0,-1.0,0.0,1,0,1,0,0.0,0.03075125134601715
1623,no_feedback,48,4,3,0,1,1.0,0.0,0,nan,nan,nan,0.0,0.03075125134601715
1624,no_feedback,48,1,4,1,0,-1.0,0.0,1,1,0,0,0.0,0.03075125134601715
1625,no_feedback,48,4,3,0,1,1.0,0.0,0,nan,nan,nan,0.0,0.03075125134601715
1626,no_feedback,48,3,2,0,1,1.0,0.0,0,nan,nan,nan,0.0,0.03075125134601715
1627,no_feedback,48,1,3,1,0,-1.0,0.0,1,2,0,0,0.0,0.03075125134601715
1628,no_feedback,48,4,3,0,1,1.0,0.0,0,nan,nan,nan,0.0,0.03075125134601715
1629,no_feedback,48,6,4,1,0,-1.0,0.0,1,1,0,0,0.0,0.03075125134601715
1630,no_feedback,48,5,3,0,0,-1.0,0.0,1,0,1,0,0.0,0.03075125134601715
1631,no_feedback,48,6,3,0,0,-1.0,0.0,1,0,1,0,0.0,0.03075125134601715
1632,no_feedback,48,8,5,1,0,-1.0,0.0,1,0,1,0,0.0,0.03075125134601715
1633,no_feedback,48,3,5,1,0,-1.0,0.0,1,0,1,0,0.0,0.03075125134601715
1634,no_feedback,48,0,3,0,0,-1.0,0.0,1,0,1,0,0.0,0.03075125134601715
1635,no_feedback,48,4,3,0,1,1.0,0.0,0,nan,nan,nan,0.0,0.03075125134601715
1636,no_feedback,48,4,4,1,1,1.0,0.0,0,nan,nan,nan,0.0,0.03075125134601715
1637,no_feedback,48,1,5,1,0,-1.0,0.0,1,2,0,0,0.0,0.03075125134601715
1638,no_feedback,48,4,3,0,1,1.0,0.0,0,nan,nan,nan,0.0,0.03075125134601715
1639,no_feedback,48,1,4,1,0,-1.0,0.0,1,1,0,0,0.0,0.03075125134601715
1640,no_feedback,48,3,5,1,0,-1.0,0.0,1,0,1,0,0.0,0.03075125134601715
1641,no_feedback,48,2,3,0,1,1.0,0.0,0,nan,nan,nan,0.0,0.03075125134601715
1642,no_feedback,48,8,4,1,0,-1.0,0.0,1,1,0,0,0.0,0.03075125134601715
1643,no_feedback,48,4,3,0,1,1.0,0.0,0,nan,nan,nan,0.0,0.03075125134601715
1644,no_feedback,48,1,4,1,0,-1.0,0.0,1,1,0,0,0.0,0.03075125134601715
1645,no_feedback,48,3,5,1,0,-1.0,0.0,1,0,1,0,0.0,0.03075125134601715
1646,no_feedback,48,1,5,1,0,-1.0,0.0,1,0,1,0,0.0,0.03075125134601715
1647,no_feedback,48,4,3,0,1,1.0,0.0,0,nan,nan,nan,0.0,0.03075125134601715
1648,no_feedback,48,3,2,0,1,1.0,0.0,0,nan,nan,nan,0.0,0.03075125134601715
1649,no_feedback,48,8,3,1,0,-1.0,0.0,1,2,0,0,0.0,0.03075125134601715
1650,no_feedback,48,2,5,1,0,-1.0,0.0,1,0,1,0,0.0,0.03075125134601715
1651,no_feedback,48,2,5,1,0,-1.0,0.0,1,0,1,0,0.0,0.03075125134601715
1652,no_feedback,48,3,5,1,0,-1.0,0.0,1,0,1,0,0.0,0.03075125134601715
1653,no_feedback,48,3,5,1,0,-1.0,0.0,1,0,1,0,0.0,0.03075125134601715
1654,no_feedback,48,3,5,1,0,-1.0,0.0,1,0,1,0,0.0,0.03075125134601715
1655,no_feedback,48,8,3,0,0,-1.0,0.0,1,0,1,0,0.0,0.03075125134601715
1656,no_feedback,48,2,5,1,0,-1.0,0.0,1,0,1,0,0.0,0.03075125134601715
1657,no_feedback,48,1,3,0,0,-1.0,0.0,1,0,1,0,0.0,0.03075125134601715
1658,no_feedback,48,2,5,1,0,-1.0,0.0,1,0,1,0,0.0,0.03075125134601715
1659,no_feedback,48,2,5,1,0,-1.0,0.0,1,0,1,0,0.0,0.03075125134601715
1660,no_feedback,48,3,5,1,0,-1.0,0.0,1,0,1,0,0.0,0.03075125134601715
1661,no_feedback,48,3,5,1,0,-1.0,0.0,1,0,1,0,0.0,0.03075125134601715
1662,no_feedback,48,1,3,0,0,-1.0,0.0,1,0,1,0,0.0,0.03075125134601715
1663,no_feedback,48,6,3,0,0,-1.0,0.0,1,0,1,0,0.0,0.03075125134601715
1664,no_feedback,48,8,3,0,0,-1.0,0.0,1,0,1,0,0.0,0.03075125134601715
1665,no_feedback,48,7,5,1,0,-1.0,0.0,1,0,1,0,0.0,0.03075125134601715
1666,no_feedback,48,2,5,1,0,-1.0,0.0,1,0,1,0,0.0,0.03075125134601715
1667,no_feedback,48,0,3,0,0,-1.0,0.0,1,0,1,0,0.0,0.03075125134601715
1668,no_feedback,48,1,5,1,0,-1.0,0.0,1,0,1,0,0.0,0.03075125134601715
1669,no_feedback,48,6,3,0,0,-1.0,0.0,1,0,1,0,0.0,0.03075125134601715
1670,no_feedback,48,1,5,1,0,-1.0,0.0,1,0,1,0,0.0,0.03075125134601715
1671,no_feedback,48,8,5,1,0,-1.0,0.0,1,0,1,0,0.0,0.03075125134601715
1672,no_feedback,48,7,5,1,0,-1.0,0.0,1,0,1,0,0.0,0.03075125134601715
1673,no_feedback,48,6,3,0,0,-1.0,0.0,1,0,1,0,0.0,0.03075125134601715
1674,no_feedback,48,1,5,1,0,-1.0,0.0,1,0,1,0,0.0,0.03075125134601715
1675,no_feedback,48,8,3,0,0,-1.0,0.0,1,0,1,0,0.0,0.03075125134601715
1676,no_feedback,48,3,3,0,1,1.0,0.0,0,nan,nan,nan,0.0,0.03075125134601715
1677,no_feedback,48,3,2,0,1,1.0,0.0,0,nan,nan,nan,0.0,0.03075125134601715
1678,no_feedback,48,4,1,0,0,-1.0,0.0,1,2,0,0,0.0,0.03075125134601715
1679,no_feedback,48,6,3,0,0,-1.0,0.0,1,0,1,0,0.0,0.03075125134601715
1680,no_feedback,48,2,5,1,0,-1.0,0.0,1,0,1,0,0.0,0.03075125134601715
1681,no_feedback,48,7,5,1,0,-1.0,0.0,1,0,1,0,0.0,0.03075125134601715
1682,no_feedback,48,7,5,1,0,-1.0,0.0,1,0,1,0,0.0,0.03075125134601715
1683,no_feedback,48,5,3,0,0,-1.0,0.0,1,0,1,0,0.0,0.03075125134601715
1684,no_feedback,48,7,3,0,0,-1.0,0.0,1,0,1,0,0.0,0.03075125134601715
1685,no_feedback,48,1,3,0,0,-1.0,0.0,1,0,1,0,0.0,0.03075125134601715
1686,no_feedback,48,8,5,1,0,-1.0,0.0,1,0,1,0,0.0,0.03075125134601715
1687,no_feedback,48,8,3,0,0,-1.0,0.0,1,0,1,0,0.0,0.03075125134601715
1688,no_feedback,48,6,5,1,1,1.0,0.0,0,nan,nan,nan,0.0,0.03075125134601715
1689,no_feedback,48,7,6,1,1,1.0,0.0,0,nan,nan,nan,0.0,0.03075125134601715
1690,no_feedback,48,7,7,1,1,1.0,0.0,0,nan,nan,nan,0.0,0.03075125134601715
1691,no_feedback,48,2,8,1,0,-1.0,0.0,1,3,0,1,0.0,0.03075125134601715
1692,no_feedback,48,5,5,1,1,1.0,0.0,0,nan,nan,nan,0.0,0.03075125134601715
1693,no_feedback,48,3,6,1,0,-1.0,0.0,1,1,0,0,0.0,0.03075125134601715
1694,no_feedback,48,4,5,1,1,1.0,0.0,0,nan,nan,nan,0.0,0.03075125134601715
1695,no_feedback,48,2,4,0,0,-1.0,0.0,1,1,0,0,0.0,0.03075125134601715
1696,no_feedback,48,7,5,1,0,-1.0,0.0,1,0,1,0,0.0,0.03075125134601715
1697,no_feedback,48,4,3,0,1,1.0,0.0,0,nan,nan,nan,0.0,0.03075125134601715
1698,no_feedback,48,7,4,1,0,-1.0,0.0,1,1,0,0,0.0,0.03075125134601715
1699,no_feedback,48,8,3,0,0,-1.0,0.0,1,0,1,0,0.0,0.03075125134601715
1700,no_feedback,48,7,5,1,0,-1.0,0.0,1,0,1,0,0.0,0.03075125134601715
1701,no_feedback,48,5,3,0,0,-1.0,0.0,1,0,1,0,0.0,0.03075125134601715
1702,no_feedback,48,3,5,1,0,-1.0,0.0,1,0,1,0,0.0,0.03075125134601715
1703,no_feedback,48,8,3,0,0,-1.0,0.0,1,0,1,0,0.0,0.03075125134601715
1704,no_feedback,48,3,5,1,0,-1.0,0.0,1,0,1,0,0.0,0.03075125134601715
1705,no_feedback,48,3,5,1,0,-1.0,0.0,1,0,1,0,0.0,0.03075125134601715
1706,no_feedback,48,2,5,1,0,-1.0,0.0,1,0,1,0,0.0,0.03075125134601715
1707,no_feedback,48,4,3,0,1,1.0,0.0,0,nan,nan,nan,0.0,0.03075125134601715
1708,no_feedback,48,1,4,1,0,-1.0,0.0,1,1,0,0,0.0,0.03075125134601715
1709,no_feedback,48,2,5,1,0,-1.0,0.0,1,0,1,0,0.0,0.03075125134601715
1710,no_feedback,48,7,3,0,0,-1.0,0.0,1,0,1,0,0.0,0.03075125134601715
1711,no_feedback,48,8,3,0,0,-1.0,0.0,1,0,1,0,0.0,0.03075125134601715
1712,no_feedback,48,2,5,1,0,-1.0,0.0,1,0,1,0,0.0,0.03075125134601715
1713,no_feedback,48,0,3,0,0,-1.0,0.0,1,0,1,0,0.0,0.03075125134601715
1714,no_feedback,48,4,3,0,1,1.0,0.0,0,nan,nan,nan,0.0,0.03075125134601715
1715,no_feedback,48,6,4,1,0,-1.0,0.0,1,1,0,0,0.0,0.03075125134601715
1716,no_feedback,48,7,3,0,0,-1.0,0.0,1,0,1,0,0.0,0.03075125134601715
1717,no_feedback,48,4,3,0,1,1.0,0.0,0,nan,nan,nan,0.0,0.03075125134601715
1718,no_feedback,48,4,2,0,0,-1.0,0.0,1,1,0,0,0.0,0.03075125134601715
1719,no_feedback,48,5,3,0,0,-1.0,0.0,1,0,1,0,0.0,0.03075125134601715
1720,no_feedback,48,2,5,1,0,-1.0,0.0,1,0,1,0,0.0,0.03075125134601715
1721,no_feedback,48,8,5,1,0,-1.0,0.0,1,0,1,0,0.0,0.03075125134601715
1722,no_feedback,48,1,3,0,0,-1.0,0.0,1,0,1,0,0.0,0.03075125134601715
1723,no_feedback,48,0,3,0,0,-1.0,0.0,1,0,1,0,0.0,0.03075125134601715
1724,no_feedback,48,1,3,0,0,-1.0,0.0,1,0,1,0,0.0,0.03075125134601715
1725,no_feedback,48,8,5,1,0,-1.0,0.0,1,0,1,0,0.0,0.03075125134601715
1726,no_feedback,48,1,5,1,0,-1.0,0.0,1,0,1,0,0.0,0.03075125134601715
1727,no_feedback,48,6,5,1,1,1.0,0.0,0,nan,nan,nan,0.0,0.03075125134601715
1728,no_feedback,48,2,6,1,0,-1.0,0.0,1,1,0,0,0.0,0.03075125134601715
1729,no_feedback,48,2,3,0,1,1.0,0.0,0,nan,nan,nan,0.0,0.03075125134601715
1730,no_feedback,48,7,2,0,0,-1.0,0.0,1,1,0,0,0.0,0.03075125134601715
1731,no_feedback,48,6,3,0,0,-1.0,0.0,1,0,1,0,0.0,0.03075125134601715
1732,no_feedback,48,5,5,1,1,1.0,0.0,0,nan,nan,nan,0.0,0.03075125134601715
1733,no_feedback,48,7,6,1,1,1.0,0.0,0,nan,nan,nan,0.0,0.03075125134601715
1734,no_feedback,48,3,5,0,0,-1.0,0.0,1,2,0,0,0.0,0.03075125134601715
1735,no_feedback,48,3,5,1,0,-1.0,0.0,1,0,1,0,0.0,0.03075125134601715
1736,no_feedback,48,4,3,0,1,1.0,0.0,0,nan,nan,nan,0.0,0.03075125134601715
1737,no_feedback,48,7,2,0,0,-1.0,0.0,1,1,0,0,0.0,0.03075125134601715
1738,no_feedback,48,7,5,1,0,-1.0,0.0,1,0,1,0,0.0,0.03075125134601715
1739,no_feedback,48,0,5,1,0,-1.0,0.0,1,0,1,0,0.0,0.03075125134601715
1740,no_feedback,48,5,3,0,0,-1.0,0.0,1,0,1,0,0.0,0.03075125134601715
1741,no_feedback,48,1,5,1,0,-1.0,0.0,1,0,1,0,0.0,0.03075125134601715
1742,no_feedback,48,7,3,0,0,-1.0,0.0,1,0,1,0,0.0,0.03075125134601715
1743,no_feedback,48,1,5,1,0,-1.0,0.0,1,0,1,0,0.0,0.03075125134601715
1744,no_feedback,48,5,5,1,1,1.0,0.0,0,nan,nan,nan,0.0,0.03075125134601715
1745,no_feedback,48,1,6,1,0,-1.0,0.0,1,1,0,0,0.0,0.03075125134601715
1746,no_feedback,48,4,3,0,1,1.0,0.0,0,nan,nan,nan,0.0,0.03075125134601715
1747,no_feedback,48,5,2,0,0,-1.0,0.0,1,1,0,0,0.0,0.03075125134601715
1748,no_feedback,48,4,3,0,1,1.0,0.0,0,nan,nan,nan,0.0,0.03075125134601715
1749,no_feedback,48,6,2,0,0,-1.0,0.0,1,1,0,0,0.0,0.03075125134601715
1750,no_feedback,48,5,5,1,1,1.0,0.0,0,nan,nan,nan,0.0,0.03075125134601715
1751,no_feedback,48,2,6,1,0,-1.0,0.0,1,1,0,0,0.0,0.03075125134601715
1752,no_feedback,48,5,5,1,1,1.0,0.0,0,nan,nan,nan,0.0,0.03075125134601715
1753,no_feedback,48,0,6,1,0,-1.0,0.0,1,1,0,0,0.0,0.03075125134601715
1754,no_feedback,48,4,3,0,1,1.0,0.0,0,nan,nan,nan,0.0,0.03075125134601715
1755,no_feedback,48,3,2,0,1,1.0,0.0,0,nan,nan,nan,0.0,0.03075125134601715
1756,no_feedback,48,0,3,1,0,-1.0,0.0,1,2,0,0,0.0,0.03075125134601715
1757,no_feedback,48,2,5,1,0,-1.0,0.0,1,0,1,0,0.0,0.03075125134601715
1758,no_feedback,48,7,5,1,0,-1.0,0.0,1,0,1,0,0.0,0.03075125134601715
1759,no_feedback,48,1,3,0,0,-1.0,0.0,1,0,1,0,0.0,0.03075125134601715
1760,no_feedback,48,0,3,0,0,-1.0,0.0,1,0,1,0,0.0,0.03075125134601715
1761,no_feedback,48,3,5,1,0,-1.0,0.0,1,0,1,0,0.0,0.03075125134601715
1762,no_feedback,48,2,5,1,0,-1.0,0.0,1,0,1,0,0.0,0.03075125134601715
1763,no_feedback,48,3,5,1,0,-1.0,0.0,1,0,1,0,0.0,0.03075125134601715
1764,no_feedback,48,1,3,0,0,-1.0,0.0,1,0,1,0,0.0,0.03075125134601715
1765,no_feedback,48,5,3,0,0,-1.0,0.0,1,0,1,0,0.0,0.03075125134601715
1766,no_feedback,48,2,5,1,0,-1.0,0.0,1,0,1,0,0.0,0.03075125134601715
1767,no_feedback,48,4,3,0,1,1.0,0.0,0,nan,nan,nan,0.0,0.03075125134601715
1768,no_feedback,48,5,4,1,1,1.0,0.0,0,nan,nan,nan,0.0,0.03075125134601715
1769,no_feedback,48,3,5,1,0,-1.0,0.0,1,2,0,0,0.0,0.03075125134601715
1770,no_feedback,48,3,5,1,0,-1.0,0.0,1,0,1,0,0.0,0.03075125134601715
1771,no_feedback,48,6,5,1,1,1.0,0.0,0,nan,nan,nan,0.0,0.03075125134601715
1772,no_feedback,48,8,4,0,0,-1.0,0.0,1,1,0,0,0.0,0.03075125134601715
1773,no_feedback,48,2,5,1,0,-1.0,0.0,1,0,1,0,0.0,0.03075125134601715
1774,no_feedback,48,1,5,1,0,-1.0,0.0,1,0,1,0,0.0,0.03075125134601715
1775,no_feedback,48,4,3,0,1,1.0,0.0,0,nan,nan,nan,0.0,0.03075125134601715
1776,no_feedback,48,4,2,0,0,-1.0,0.0,1,1,0,0,0.0,0.03075125134601715
1777,no_feedback,48,2,5,1,0,-1.0,0.0,1,0,1,0,0.0,0.03075125134601715
1778,no_feedback,48,5,5,1,1,1.0,0.0,0,nan,nan,nan,0.0,0.03075125134601715
1779,no_feedback,48,2,6,1,0,-1.0,0.0,1,1,0,0,0.0,0.03075125134601715
1780,no_feedback,48,6,5,1,1,1.0,0.0,0,nan,nan,nan,0.0,0.03075125134601715
1781,no_feedback,48,2,4,0,0,-1.0,0.0,1,1,0,0,0.0,0.03075125134601715
1782,no_feedback,48,2,5,1,0,-1.0,0.0,1,0,1,0,0.0,0.03075125134601715
1783,no_feedback,48,4,3,0,1,1.0,0.0,0,nan,nan,nan,0.0,0.03075125134601715
1784,no_feedback,48,6,2,0,0,-1.0,0.0,1,1,0,0,0.0,0.03075125134601715
1785,no_feedback,48,0,5,1,0,-1.0,0.0,1,0,1,0,0.0,0.03075125134601715
1786,no_feedback,48,1,5,1,0,-1.0,0.0,1,0,1,0,0.0,0.03075125134601715
1787,no_feedback,48,1,3,0,0,-1.0,0.0,1,0,1,0,0.0,0.03075125134601715
1788,no_feedback,48,3,5,1,0,-1.0,0.0,1,0,1,0,0.0,0.03075125134601715
1789,no_feedback,48,2,5,1,0,-1.0,0.0,1,0,1,0,0.0,0.03075125134601715
1790,no_feedback,48,2,5,1,0,-1.0,0.0,1,0,1,0,0.0,0.03075125134601715
1791,no_feedback,48,8,5,1,0,-1.0,0.0,1,0,1,0,0.0,0.03075125134601715
1792,no_feedback,48,3,5,1,0,-1.0,0.0,1,0,1,0,0.0,0.03075125134601715
1793,no_feedback,48,3,5,1,0,-1.0,0.0,1,0,1,0,0.0,0.03075125134601715
1794,no_feedback,48,0,3,0,0,-1.0,0.0,1,0,1,0,0.0,0.03075125134601715
1795,no_feedback,48,8,5,1,0,-1.0,0.0,1,0,1,0,0.0,0.03075125134601715
1796,no_feedback,48,4,3,0,1,1.0,0.0,0,nan,nan,nan,0.0,0.03075125134601715
1797,no_feedback,48,1,4,1,0,-1.0,0.0,1,1,0,0,0.0,0.03075125134601715
1798,no_feedback,48,6,3,0,0,-1.0,0.0,1,0,1,0,0.0,0.03075125134601715
1799,no_feedback,48,3,5,1,0,-1.0,0.0,1,0,1,0,0.0,0.03075125134601715
1800,no_feedback,48,0,5,1,0,-1.0,0.0,1,0,1,0,0.0,0.03075125134601715
1801,no_feedback,48,8,5,1,0,-1.0,0.0,1,0,1,0,0.0,0.03075125134601715
1802,no_feedback,48,2,5,1,0,-1.0,0.0,1,0,1,0,0.0,0.03075125134601715
1803,no_feedback,48,2,5,1,0,-1.0,0.0,1,0,1,0,0.0,0.03075125134601715
1804,no_feedback,48,4,3,0,1,1.0,0.0,0,nan,nan,nan,0.0,0.03075125134601715
1805,no_feedback,48,5,4,1,1,1.0,0.0,0,nan,nan,nan,0.0,0.03075125134601715
1806,no_feedback,48,1,3,0,0,-1.0,0.0,1,2,0,0,0.0,0.03075125134601715
1807,no_feedback,48,1,5,1,0,-1.0,0.0,1,0,1,0,0.0,0.03075125134601715
1808,no_feedback,48,7,3,0,0,-1.0,0.0,1,0,1,0,0.0,0.03075125134601715
1809,no_feedback,48,0,5,1,0,-1.0,0.0,1,0,1,0,0.0,0.03075125134601715
1810,no_feedback,48,1,5,1,0,-1.0,0.0,1,0,1,0,0.0,0.03075125134601715
1811,no_feedback,48,6,5,1,1,1.0,0.0,0,nan,nan,nan,0.0,0.03075125134601715
1812,no_feedback,48,4,6,1,0,-1.0,0.0,1,1,0,0,0.0,0.03075125134601715
1813,no_feedback,48,8,3,0,0,-1.0,0.0,1,0,1,0,0.0,0.03075125134601715
1814,no_feedback,48,2,5,1,0,-1.0,0.0,1,0,1,0,0.0,0.03075125134601715
1815,no_feedback,48,1,5,1,0,-1.0,0.0,1,0,1,0,0.0,0.03075125134601715
1816,no_feedback,48,6,5,1,1,1.0,0.0,0,nan,nan,nan,0.0,0.03075125134601715
1817,no_feedback,48,7,4,0,0,-1.0,0.0,1,1,0,0,0.0,0.03075125134601715
1818,no_feedback,48,3,3,0,1,1.0,0.0,0,nan,nan,nan,0.0,0.03075125134601715
1819,no_feedback,48,8,4,1,0,-1.0,0.0,1,1,0,0,0.0,0.03075125134601715
1820,no_feedback,48,4,3,0,1,1.0,0.0,0,nan,nan,nan,0.0,0.03075125134601715
1821,no_feedback,48,5,2,0,0,-1.0,0.0,1,1,0,0,0.0,0.03075125134601715
1822,no_feedback,48,5,5,1,1,1.0,0.0,0,nan,nan,nan,0.0,0.03075125134601715
1823,no_feedback,48,5,4,0,1,1.0,0.0,0,nan,nan,nan,0.0,0.03075125134601715
1824,no_feedback,48,8,3,0,0,-1.0,0.0,1,2,0,0,0.0,0.03075125134601715
1825,no_feedback,48,6,5,1,1,1.0,0.0,0,nan,nan,nan,0.0,0.03075125134601715
1826,no_feedback,48,1,6,1,0,-1.0,0.0,1,1,0,0,0.0,0.03075125134601715
1827,no_feedback,48,7,3,0,0,-1.0,0.0,1,0,1,0,0.0,0.03075125134601715
1828,no_feedback,48,1,5,1,0,-1.0,0.0,1,0,1,0,0.0,0.03075125134601715
1829,no_feedback,48,2,5,1,0,-1.0,0.0,1,0,1,0,0.0,0.03075125134601715
1830,no_feedback,48,8,3,0,0,-1.0,0.0,1,0,1,0,0.0,0.03075125134601715
1831,no_feedback,48,3,5,1,0,-1.0,0.0,1,0,1,0,0.0,0.03075125134601715
1832,no_feedback,48,0,5,1,0,-1.0,0.0,1,0,1,0,0.0,0.03075125134601715
1833,no_feedback,48,4,3,0,1,1.0,0.0,0,nan,nan,nan,0.0,0.03075125134601715
1834,no_feedback,48,5,2,0,0,-1.0,0.0,1,1,0,0,0.0,0.03075125134601715
1835,no_feedback,48,7,3,0,0,-1.0,0.0,1,0,1,0,0.0,0.03075125134601715
1836,no_feedback,48,1,5,1,0,-1.0,0.0,1,0,1,0,0.0,0.03075125134601715
1837,no_feedback,48,8,5,1,0,-1.0,0.0,1,0,1,0,0.0,0.03075125134601715
1838,no_feedback,48,1,5,1,0,-1.0,0.0,1,0,1,0,0.0,0.03075125134601715
1839,no_feedback,48,3,5,1,0,-1.0,0.0,1,0,1,0,0.0,0.03075125134601715
1840,no_feedback,48,0,5,1,0,-1.0,0.0,1,0,1,0,0.0,0.03075125134601715
1841,no_feedback,48,7,3,0,0,-1.0,0.0,1,0,1,0,0.0,0.03075125134601715
1842,no_feedback,48,1,3,0,0,-1.0,0.0,1,0,1,0,0.0,0.03075125134601715
1843,no_feedback,48,4,3,0,1,1.0,0.0,0,nan,nan,nan,0.0,0.03075125134601715
1844,no_feedback,48,6,2,0,0,-1.0,0.0,1,1,0,0,0.0,0.03075125134601715
1845,no_feedback,48,8,5,1,0,-1.0,0.0,1,0,1,0,0.0,0.03075125134601715
1846,no_feedback,48,0,3,0,0,-1.0,0.0,1,0,1,0,0.0,0.03075125134601715
1847,no_feedback,48,6,5,1,1,1.0,0.0,0,nan,nan,nan,0.0,0.03075125134601715
1848,no_feedback,48,6,6,1,1,1.0,0.0,0,nan,nan,nan,0.0,0.03075125134601715
1849,no_feedback,48,8,5,0,0,-1.0,0.0,1,2,0,0,0.0,0.03075125134601715
1850,no_feedback,48,6,5,1,1,1.0,0.0,0,nan,nan,nan,0.0,0.03075125134601715
1851,no_feedback,48,5,4,0,1,1.0,0.0,0,nan,nan,nan,0.0,0.03075125134601715
1852,no_feedback,48,2,5,1,0,-1.0,0.0,1,2,0,0,0.0,0.03075125134601715
1853,no_feedback,48,6,3,0,0,-1.0,0.0,1,0,1,0,0.0,0.03075125134601715
1854,no_feedback,48,3,5,1,0,-1.0,0.0,1,0,1,0,0.0,0.03075125134601715
1855,no_feedback,48,6,3,0,0,-1.0,0.0,1,0,1,0,0.0,0.03075125134601715
1856,no_feedback,48,1,5,1,0,-1.0,0.0,1,0,1,0,0.0,0.03075125134601715
1857,no_feedback,48,3,5,1,0,-1.0,0.0,1,0,1,0,0.0,0.03075125134601715
1858,no_feedback,48,2,5,1,0,-1.0,0.0,1,0,1,0,0.0,0.03075125134601715
1859,no_feedback,48,3,5,1,0,-1.0,0.0,1,0,1,0,0.0,0.03075125134601715
1860,no_feedback,48,3,5,1,0,-1.0,0.0,1,0,1,0,0.0,0.03075125134601715
1861,no_feedback,48,3,5,1,0,-1.0,0.0,1,0,1,0,0.0,0.03075125134601715
1862,no_feedback,48,6,3,0,0,-1.0,0.0,1,0,1,0,0.0,0.03075125134601715
1863,no_feedback,48,6,3,0,0,-1.0,0.0,1,0,1,0,0.0,0.03075125134601715
1864,no_feedback,48,6,3,0,0,-1.0,0.0,1,0,1,0,0.0,0.03075125134601715
1865,no_feedback,48,8,5,1,0,-1.0,0.0,1,0,1,0,0.0,0.03075125134601715
1866,no_feedback,48,6,3,0,0,-1.0,0.0,1,0,1,0,0.0,0.03075125134601715
1867,no_feedback,48,5,3,0,0,-1.0,0.0,1,0,1,0,0.0,0.03075125134601715
1868,no_feedback,48,1,5,1,0,-1.0,0.0,1,0,1,0,0.0,0.03075125134601715
1869,no_feedback,48,8,5,1,0,-1.0,0.0,1,0,1,0,0.0,0.03075125134601715
1870,no_feedback,48,1,3,0,0,-1.0,0.0,1,0,1,0,0.0,0.03075125134601715
1871,no_feedback,48,1,3,0,0,-1.0,0.0,1,0,1,0,0.0,0.03075125134601715
1872,no_feedback,48,2,5,1,0,-1.0,0.0,1,0,1,0,0.0,0.03075125134601715
1873,no_feedback,48,7,3,0,0,-1.0,0.0,1,0,1,0,0.0,0.03075125134601715
1874,no_feedback,48,2,5,1,0,-1.0,0.0,1,0,1,0,0.0,0.03075125134601715
1875,no_feedback,48,4,3,0,1,1.0,0.0,0,nan,nan,nan,0.0,0.03075125134601715
1876,no_feedback,48,3,2,0,1,1.0,0.0,0,nan,nan,nan,0.0,0.03075125134601715
1877,no_feedback,48,1,3,1,0,-1.0,0.0,1,2,0,0,0.0,0.03075125134601715
1878,no_feedback,48,5,5,1,1,1.0,0.0,0,nan,nan,nan,0.0,0.03075125134601715
1879,no_feedback,48,8,6,1,0,-1.0,0.0,1,1,0,0,0.0,0.03075125134601715
1880,no_feedback,48,3,5,1,0,-1.0,0.0,1,0,1,0,0.0,0.03075125134601715
1881,no_feedback,48,5,5,1,1,1.0,0.0,0,nan,nan,nan,0.0,0.03075125134601715
1882,no_feedback,48,4,6,1,0,-1.0,0.0,1,1,0,0,0.0,0.03075125134601715
1883,no_feedback,48,1,3,0,0,-1.0,0.0,1,0,1,0,0.0,0.03075125134601715
1884,no_feedback,48,4,3,0,1,1.0,0.0,0,nan,nan,nan,0.0,0.03075125134601715
1885,no_feedback,48,1,4,1,0,-1.0,0.0,1,1,0,0,0.0,0.03075125134601715
1886,no_feedback,48,4,3,0,1,1.0,0.0,0,nan,nan,nan,0.0,0.03075125134601715
1887,no_feedback,48,5,4,1,1,1.0,0.0,0,nan,nan,nan,0.0,0.03075125134601715
1888,no_feedback,48,5,5,1,1,1.0,0.0,0,nan,nan,nan,0.0,0.03075125134601715
1889,no_feedback,48,3,6,1,0,-1.0,0.0,1,3,0,1,0.0,0.03075125134601715
1890,no_feedback,48,0,5,1,0,-1.0,0.0,1,0,1,0,0.0,0.03075125134601715
1891,no_feedback,48,1,3,0,0,-1.0,0.0,1,0,1,0,0.0,0.03075125134601715
1892,no_feedback,48,5,5,1,1,1.0,0.0,0,nan,nan,nan,0.0,0.03075125134601715
1893,no_feedback,48,6,6,1,1,1.0,0.0,0,nan,nan,nan,0.0,0.03075125134601715
1894,no_feedback,48,1,7,1,0,-1.0,0.0,1,2,0,0,0.0,0.03075125134601715
1895,no_feedback,48,5,3,0,0,-1.0,0.0,1,0,1,0,0.0,0.03075125134601715
1896,no_feedback,48,0,3,0,0,-1.0,0.0,1,0,1,0,0.0,0.03075125134601715
1897,no_feedback,48,6,5,1,1,1.0,0.0,0,nan,nan,nan,0.0,0.03075125134601715
1898,no_feedback,48,5,4,0,1,1.0,0.0,0,nan,nan,nan,0.0,0.03075125134601715
1899,no_feedback,48,5,5,1,1,1.0,0.0,0,nan,nan,nan,0.0,0.03075125134601715
1900,no_feedback,48,2,6,1,0,-1.0,0.0,1,3,0,1,0.0,0.03075125134601715
1901,no_feedback,48,3,5,1,0,-1.0,0.0,1,0,1,0,0.0,0.03075125134601715
1902,no_feedback,48,5,3,0,0,-1.0,0.0,1,0,1,0,0.0,0.03075125134601715
1903,no_feedback,48,0,5,1,0,-1.0,0.0,1,0,1,0,0.0,0.03075125134601715
1904,no_feedback,48,3,5,1,0,-1.0,0.0,1,0,1,0,0.0,0.03075125134601715
1905,no_feedback,48,5,5,1,1,1.0,0.0,0,nan,nan,nan,0.0,0.03075125134601715
1906,no_feedback,48,3,6,1,0,-1.0,0.0,1,1,0,0,0.0,0.03075125134601715
1907,no_feedback,48,5,3,0,0,-1.0,0.0,1,0,1,0,0.0,0.03075125134601715
1908,no_feedback,48,6,5,1,1,1.0,0.0,0,nan,nan,nan,0.0,0.03075125134601715
1909,no_feedback,48,0,6,1,0,-1.0,0.0,1,1,0,0,0.0,0.03075125134601715
1910,no_feedback,48,7,3,0,0,-1.0,0.0,1,0,1,0,0.0,0.03075125134601715
1911,no_feedback,48,1,3,0,0,-1.0,0.0,1,0,1,0,0.0,0.03075125134601715
1912,no_feedback,48,8,5,1,0,-1.0,0.0,1,0,1,0,0.0,0.03075125134601715
1913,no_feedback,48,2,5,1,0,-1.0,0.0,1,0,1,0,0.0,0.03075125134601715
1914,no_feedback,48,4,3,0,1,1.0,0.0,0,nan,nan,nan,0.0,0.03075125134601715
1915,no_feedback,48,3,2,0,1,1.0,0.0,0,nan,nan,nan,0.0,0.03075125134601715
1916,no_feedback,48,2,1,0,1,1.0,0.0,0,nan,nan,nan,0.0,0.03075125134601715
1917,no_feedback,48,6,2,1,0,-1.0,0.0,1,3,0,1,0.0,0.03075125134601715
1918,no_feedback,48,4,3,0,1,1.0,0.0,0,nan,nan,nan,0.0,0.03075125134601715
1919,no_feedback,48,0,4,1,0,-1.0,0.0,1,1,0,0,0.0,0.03075125134601715
1920,no_feedback,48,7,3,0,0,-1.0,0.0,1,0,1,0,0.0,0.03075125134601715
1921,no_feedback,48,3,5,1,0,-1.0,0.0,1,0,1,0,0.0,0.03075125134601715
1922,no_feedback,48,0,5,1,0,-1.0,0.0,1,0,1,0,0.0,0.03075125134601715
1923,no_feedback,48,0,3,0,0,-1.0,0.0,1,0,1,0,0.0,0.03075125134601715
1924,no_feedback,48,3,5,1,0,-1.0,0.0,1,0,1,0,0.0,0.03075125134601715
1925,no_feedback,48,0,5,1,0,-1.0,0.0,1,0,1,0,0.0,0.03075125134601715
1926,no_feedback,48,0,5,1,0,-1.0,0.0,1,0,1,0,0.0,0.03075125134601715
1927,no_feedback,48,0,5,1,0,-1.0,0.0,1,0,1,0,0.0,0.03075125134601715
1928,no_feedback,48,0,3,0,0,-1.0,0.0,1,0,1,0,0.0,0.03075125134601715
1929,no_feedback,48,0,3,0,0,-1.0,0.0,1,0,1,0,0.0,0.03075125134601715
1930,no_feedback,48,3,5,1,0,-1.0,0.0,1,0,1,0,0.0,0.03075125134601715
1931,no_feedback,48,5,5,1,1,1.0,0.0,0,nan,nan,nan,0.0,0.03075125134601715
1932,no_feedback,48,6,4,0,0,-1.0,0.0,1,1,0,0,0.0,0.03075125134601715
1933,no_feedback,48,0,3,0,0,-1.0,0.0,1,0,1,0,0.0,0.03075125134601715
1934,no_feedback,48,5,3,0,0,-1.0,0.0,1,0,1,0,0.0,0.03075125134601715
1935,no_feedback,48,6,3,0,0,-1.0,0.0,1,0,1,0,0.0,0.03075125134601715
1936,no_feedback,48,7,3,0,0,-1.0,0.0,1,0,1,0,0.0,0.03075125134601715
1937,no_feedback,48,3,5,1,0,-1.0,0.0,1,0,1,0,0.0,0.03075125134601715
1938,no_feedback,48,7,3,0,0,-1.0,0.0,1,0,1,0,0.0,0.03075125134601715
1939,no_feedback,48,4,3,0,1,1.0,0.0,0,nan,nan,nan,0.0,0.03075125134601715
1940,no_feedback,48,8,4,1,0,-1.0,0.0,1,1,0,0,0.0,0.03075125134601715
1941,no_feedback,48,0,3,0,0,-1.0,0.0,1,0,1,0,0.0,0.03075125134601715
1942,no_feedback,48,5,3,0,0,-1.0,0.0,1,0,1,0,0.0,0.03075125134601715
1943,no_feedback,48,8,3,0,0,-1.0,0.0,1,0,1,0,0.0,0.03075125134601715
1944,no_feedback,48,4,3,0,1,1.0,0.0,0,nan,nan,nan,0.0,0.03075125134601715
1945,no_feedback,48,5,4,1,1,1.0,0.0,0,nan,nan,nan,0.0,0.03075125134601715
1946,no_feedback,48,0,3,0,0,-1.0,0.0,1,2,0,0,0.0,0.03075125134601715
1947,no_feedback,48,3,5,1,0,-1.0,0.0,1,0,1,0,0.0,0.03075125134601715
1948,no_feedback,48,5,3,0,0,-1.0,0.0,1,0,1,0,0.0,0.03075125134601715
1949,no_feedback,48,4,3,0,1,1.0,0.0,0,nan,nan,nan,0.0,0.03075125134601715
1950,no_feedback,48,5,4,1,1,1.0,0.0,0,nan,nan,nan,0.0,0.03075125134601715
1951,no_feedback,48,4,5,1,1,1.0,0.0,0,nan,nan,nan,0.0,0.03075125134601715
1952,no_feedback,48,2,4,0,0,-1.0,0.0,1,3,0,1,0.0,0.03075125134601715
1953,no_feedback,48,1,3,0,0,-1.0,0.0,1,0,1,0,0.0,0.03075125134601715
1954,no_feedback,48,0,3,0,0,-1.0,0.0,1,0,1,0,0.0,0.03075125134601715
1955,no_feedback,48,0,3,0,0,-1.0,0.0,1,0,1,0,0.0,0.03075125134601715
1956,no_feedback,48,3,3,0,1,1.0,0.0,0,nan,nan,nan,0.0,0.03075125134601715
1957,no_feedback,48,4,4,1,1,1.0,0.0,0,nan,nan,nan,0.0,0.03075125134601715
1958,no_feedback,48,8,3,0,0,-1.0,0.0,1,2,0,0,0.0,0.03075125134601715
1959,no_feedback,48,5,5,1,1,1.0,0.0,0,nan,nan,nan,0.0,0.03075125134601715
1960,no_feedback,48,7,4,0,0,-1.0,0.0,1,1,0,0,0.0,0.03075125134601715
1961,no_feedback,48,6,5,1,1,1.0,0.0,0,nan,nan,nan,0.0,0.03075125134601715
1962,no_feedback,48,5,4,0,1,1.0,0.0,0,nan,nan,nan,0.0,0.03075125134601715
1963,no_feedback,48,3,5,1,0,-1.0,0.0,1,2,0,0,0.0,0.03075125134601715
1964,no_feedback,48,3,5,1,0,-1.0,0.0,1,0,1,0,0.0,0.03075125134601715
1965,no_feedback,48,3,5,1,0,-1.0,0.0,1,0,1,0,0.0,0.03075125134601715
1966,no_feedback,48,2,5,1,0,-1.0,0.0,1,0,1,0,0.0,0.03075125134601715
1967,no_feedback,48,3,5,1,0,-1.0,0.0,1,0,1,0,0.0,0.03075125134601715
1968,no_feedback,48,7,3,0,0,-1.0,0.0,1,0,1,0,0.0,0.03075125134601715
1969,no_feedback,48,2,5,1,0,-1.0,0.0,1,0,1,0,0.0,0.03075125134601715
1970,no_feedback,48,3,5,1,0,-1.0,0.0,1,0,1,0,0.0,0.03075125134601715
1971,no_feedback,48,6,3,0,0,-1.0,0.0,1,0,1,0,0.0,0.03075125134601715
1972,no_feedback,48,2,3,0,1,1.0,0.0,0,nan,nan,nan,0.0,0.03075125134601715
1973,no_feedback,48,5,2,0,0,-1.0,0.0,1,1,0,0,0.0,0.03075125134601715
1974,no_feedback,48,1,3,0,0,-1.0,0.0,1,0,1,0,0.0,0.03075125134601715
1975,no_feedback,48,1,3,0,0,-1.0,0.0,1,0,1,0,0.0,0.03075125134601715
1976,no_feedback,48,7,5,1,0,-1.0,0.0,1,0,1,0,0.0,0.03075125134601715
1977,no_feedback,48,8,3,0,0,-1.0,0.0,1,0,1,0,0.0,0.03075125134601715
1978,no_feedback,48,5,3,0,0,-1.0,0.0,1,0,1,0,0.0,0.03075125134601715
1979,no_feedback,48,4,3,0,1,1.0,0.0,0,nan,nan,nan,0.0,0.03075125134601715
1980,no_feedback,48,0,4,1,0,-1.0,0.0,1,1,0,0,0.0,0.03075125134601715
1981,no_feedback,48,4,3,0,1,1.0,0.0,0,nan,nan,nan,0.0,0.03075125134601715
1982,no_feedback,48,0,2,0,0,-1.0,0.0,1,1,0,0,0.0,0.03075125134601715
1983,no_feedback,48,3,5,1,0,-1.0,0.0,1,0,1,0,0.0,0.03075125134601715
1984,no_feedback,48,0,5,1,0,-1.0,0.0,1,0,1,0,0.0,0.03075125134601715
1985,no_feedback,48,3,5,1,0,-1.0,0.0,1,0,1,0,0.0,0.03075125134601715
1986,no_feedback,48,2,5,1,0,-1.0,0.0,1,0,1,0,0.0,0.03075125134601715
1987,no_feedback,48,7,3,0,0,-1.0,0.0,1,0,1,0,0.0,0.03075125134601715
1988,no_feedback,48,5,3,0,0,-1.0,0.0,1,0,1,0,0.0,0.03075125134601715
1989,no_feedback,48,2,5,1,0,-1.0,0.0,1,0,1,0,0.0,0.03075125134601715
1990,no_feedback,48,8,3,0,0,-1.0,0.0,1,0,1,0,0.0,0.03075125134601715
1991,no_feedback,48,6,5,1,1,1.0,0.0,0,nan,nan,nan,0.0,0.03075125134601715
1992,no_feedback,48,8,4,0,0,-1.0,0.0,1,1,0,0,0.0,0.03075125134601715
1993,no_feedback,48,1,3,0,0,-1.0,0.0,1,0,1,0,0.0,0.03075125134601715
1994,no_feedback,48,4,3,0,1,1.0,0.0,0,nan,nan,nan,0.0,0.03075125134601715
1995,no_feedback,48,3,2,0,1,1.0,0.0,0,nan,nan,nan,0.0,0.03075125134601715
1996,no_feedback,48,6,1,0,0,-1.0,0.0,1,2,0,0,0.0,0.03075125134601715
1997,no_feedback,48,8,5,1,0,-1.0,0.0,1,0,1,0,0.0,0.03075125134601715
1998,no_feedback,48,4,3,0,1,1.0,0.0,0,nan,nan,nan,0.0,0.03075125134601715
1999,no_feedback,48,6,4,1,0,-1.0,0.0,1,1,0,0,0.0,0.03075125134601715
2000,no_feedback,48,7,5,1,0,-1.0,0.0,1,0,1,0,0.0,0.03075125134601715
2001,no_feedback,48,1,5,1,0,-1.0,0.0,1,0,1,0,0.0,0.03075125134601715
2002,no_feedback,48,3,5,1,0,-1.0,0.0,1,0,1,0,0.0,0.03075125134601715
2003,no_feedback,48,0,5,1,0,-1.0,0.0,1,0,1,0,0.0,0.03075125134601715
2004,no_feedback,48,6,3,0,0,-1.0,0.0,1,0,1,0,0.0,0.03075125134601715
2005,no_feedback,48,8,3,0,0,-1.0,0.0,1,0,1,0,0.0,0.03075125134601715
2006,no_feedback,48,3,5,1,0,-1.0,0.0,1,0,1,0,0.0,0.03075125134601715
2007,no_feedback,48,5,3,0,0,-1.0,0.0,1,0,1,0,0.0,0.03075125134601715
2008,no_feedback,48,3,5,1,0,-1.0,0.0,1,0,1,0,0.0,0.03075125134601715
2009,no_feedback,48,0,3,0,0,-1.0,0.0,1,0,1,0,0.0,0.03075125134601715
2010,no_feedback,48,8,3,0,0,-1.0,0.0,1,0,1,0,0.0,0.03075125134601715
2011,no_feedback,48,2,5,1,0,-1.0,0.0,1,0,1,0,0.0,0.03075125134601715
2012,no_feedback,48,7,5,1,0,-1.0,0.0,1,0,1,0,0.0,0.03075125134601715
2013,no_feedback,48,3,5,1,0,-1.0,0.0,1,0,1,0,0.0,0.03075125134601715
2014,no_feedback,48,4,3,0,1,1.0,0.0,0,nan,nan,nan,0.0,0.03075125134601715
2015,no_feedback,48,5,2,0,0,-1.0,0.0,1,1,0,0,0.0,0.03075125134601715
2016,no_feedback,48,6,3,0,0,-1.0,0.0,1,0,1,0,0.0,0.03075125134601715
2017,no_feedback,48,7,5,1,0,-1.0,0.0,1,0,1,0,0.0,0.03075125134601715
2018,no_feedback,48,2,5,1,0,-1.0,0.0,1,0,1,0,0.0,0.03075125134601715
2019,no_feedback,48,7,3,0,0,-1.0,0.0,1,0,1,0,0.0,0.03075125134601715
2020,no_feedback,48,3,5,1,0,-1.0,0.0,1,0,1,0,0.0,0.03075125134601715
2021,no_feedback,48,7,5,1,0,-1.0,0.0,1,0,1,0,0.0,0.03075125134601715
2022,no_feedback,48,8,5,1,0,-1.0,0.0,1,0,1,0,0.0,0.03075125134601715
2023,no_feedback,48,3,5,1,0,-1.0,0.0,1,0,1,0,0.0,0.03075125134601715
2024,no_feedback,48,0,3,0,0,-1.0,0.0,1,0,1,0,0.0,0.03075125134601715
2025,no_feedback,48,8,5,1,0,-1.0,0.0,1,0,1,0,0.0,0.03075125134601715
2026,no_feedback,48,7,5,1,0,-1.0,0.0,1,0,1,0,0.0,0.03075125134601715
2027,no_feedback,48,2,5,1,0,-1.0,0.0,1,0,1,0,0.0,0.03075125134601715
2028,no_feedback,48,3,5,1,0,-1.0,0.0,1,0,1,0,0.0,0.03075125134601715
2029,no_feedback,48,7,5,1,0,-1.0,0.0,1,0,1,0,0.0,0.03075125134601715
2030,no_feedback,48,7,5,1,0,-1.0,0.0,1,0,1,0,0.0,0.03075125134601715
2031,no_feedback,48,2,5,1,0,-1.0,0.0,1,0,1,0,0.0,0.03075125134601715
2032,no_feedback,48,7,5,1,0,-1.0,0.0,1,0,1,0,0.0,0.03075125134601715
2033,no_feedback,48,1,5,1,0,-1.0,0.0,1,0,1,0,0.0,0.03075125134601715
2034,no_feedback,48,5,3,0,0,-1.0,0.0,1,0,1,0,0.0,0.03075125134601715
2035,no_feedback,48,3,5,1,0,-1.0,0.0,1,0,1,0,0.0,0.03075125134601715
2036,no_feedback,48,4,3,0,1,1.0,0.0,0,nan,nan,nan,0.0,0.03075125134601715
2037,no_feedback,48,6,4,1,0,-1.0,0.0,1,1,0,0,0.0,0.03075125134601715
2038,no_feedback,48,3,5,1,0,-1.0,0.0,1,0,1,0,0.0,0.03075125134601715
2039,no_feedback,48,2,5,1,0,-1.0,0.0,1,0,1,0,0.0,0.03075125134601715
2040,no_feedback,48,3,5,1,0,-1.0,0.0,1,0,1,0,0.0,0.03075125134601715
2041,no_feedback,48,1,3,0,0,-1.0,0.0,1,0,1,0,0.0,0.03075125134601715
2042,no_feedback,48,1,3,0,0,-1.0,0.0,1,0,1,0,0.0,0.03075125134601715
2043,no_feedback,48,1,3,0,0,-1.0,0.0,1,0,1,0,0.0,0.03075125134601715
2044,no_feedback,48,6,3,0,0,-1.0,0.0,1,0,1,0,0.0,0.03075125134601715
2045,no_feedback,48,7,5,1,0,-1.0,0.0,1,0,1,0,0.0,0.03075125134601715
2046,no_feedback,48,7,5,1,0,-1.0,0.0,1,0,1,0,0.0,0.03075125134601715
2047,no_feedback,48,8,3,0,0,-1.0,0.0,1,0,1,0,0.0,0.03075125134601715
2048,no_feedback,48,2,5,1,0,-1.0,0.0,1,0,1,0,0.0,0.03075125134601715
2049,no_feedback,48,4,3,0,1,1.0,0.0,0,nan,nan,nan,0.0,0.03075125134601715
2050,no_feedback,48,8,4,1,0,-1.0,0.0,1,1,0,0,0.0,0.03075125134601715
2051,no_feedback,48,3,5,1,0,-1.0,0.0,1,0,1,0,0.0,0.03075125134601715
2052,no_feedback,48,5,5,1,1,1.0,0.0,0,nan,nan,nan,0.0,0.03075125134601715
2053,no_feedback,48,1,6,1,0,-1.0,0.0,1,1,0,0,0.0,0.03075125134601715
2054,no_feedback,48,1,5,1,0,-1.0,0.0,1,0,1,0,0.0,0.03075125134601715
2055,no_feedback,48,2,5,1,0,-1.0,0.0,1,0,1,0,0.0,0.03075125134601715
2056,no_feedback,48,5,5,1,1,1.0,0.0,0,nan,nan,nan,0.0,0.03075125134601715
2057,no_feedback,48,4,6,1,0,-1.0,0.0,1,1,0,0,0.0,0.03075125134601715
2058,no_feedback,48,8,3,0,0,-1.0,0.0,1,0,1,0,0.0,0.03075125134601715
2059,no_feedback,48,3,5,1,0,-1.0,0.0,1,0,1,0,0.0,0.03075125134601715
2060,no_feedback,48,8,3,0,0,-1.0,0.0,1,0,1,0,0.0,0.03075125134601715
2061,no_feedback,48,8,5,1,0,-1.0,0.0,1,0,1,0,0.0,0.03075125134601715
2062,no_feedback,48,6,3,0,0,-1.0,0.0,1,0,1,0,0.0,0.03075125134601715
2063,no_feedback,48,6,3,0,0,-1.0,0.0,1,0,1,0,0.0,0.03075125134601715
2064,no_feedback,48,6,3,0,0,-1.0,0.0,1,0,1,0,0.0,0.03075125134601715
2065,no_feedback,48,3,5,1,0,-1.0,0.0,1,0,1,0,0.0,0.03075125134601715
2066,no_feedback,48,6,3,0,0,-1.0,0.0,1,0,1,0,0.0,0.03075125134601715
2067,no_feedback,48,3,5,1,0,-1.0,0.0,1,0,1,0,0.0,0.03075125134601715
2068,no_feedback,48,1,5,1,0,-1.0,0.0,1,0,1,0,0.0,0.03075125134601715
2069,no_feedback,48,6,5,1,1,1.0,0.0,0,nan,nan,nan,0.0,0.03075125134601715
2070,no_feedback,48,4,6,1,0,-1.0,0.0,1,1,0,0,0.0,0.03075125134601715
2071,no_feedback,48,2,5,1,0,-1.0,0.0,1,0,1,0,0.0,0.03075125134601715
2072,no_feedback,48,0,5,1,0,-1.0,0.0,1,0,1,0,0.0,0.03075125134601715
2073,no_feedback,48,2,5,1,0,-1.0,0.0,1,0,1,0,0.0,0.03075125134601715
2074,no_feedback,48,4,3,0,1,1.0,0.0,0,nan,nan,nan,0.0,0.03075125134601715
2075,no_feedback,48,8,4,1,0,-1.0,0.0,1,1,0,0,0.0,0.03075125134601715
2076,no_feedback,48,7,3,0,0,-1.0,0.0,1,0,1,0,0.0,0.03075125134601715
2077,no_feedback,48,3,5,1,0,-1.0,0.0,1,0,1,0,0.0,0.03075125134601715
2078,no_feedback,48,2,5,1,0,-1.0,0.0,1,0,1,0,0.0,0.03075125134601715
2079,no_feedback,48,1,5,1,0,-1.0,0.0,1,0,1,0,0.0,0.03075125134601715
2080,no_feedback,48,0,5,1,0,-1.0,0.0,1,0,1,0,0.0,0.03075125134601715
2081,no_feedback,48,5,5,1,1,1.0,0.0,0,nan,nan,nan,0.0,0.03075125134601715
2082,no_feedback,48,7,4,0,0,-1.0,0.0,1,1,0,0,0.0,0.03075125134601715
2083,no_feedback,48,0,5,1,0,-1.0,0.0,1,0,1,0,0.0,0.03075125134601715
2084,no_feedback,48,6,5,1,1,1.0,0.0,0,nan,nan,nan,0.0,0.03075125134601715
2085,no_feedback,48,3,6,1,0,-1.0,0.0,1,1,0,0,0.0,0.03075125134601715
2086,no_feedback,48,2,5,1,0,-1.0,0.0,1,0,1,0,0.0,0.03075125134601715
2087,no_feedback,48,7,3,0,0,-1.0,0.0,1,0,1,0,0.0,0.03075125134601715
2088,no_feedback,48,7,3,0,0,-1.0,0.0,1,0,1,0,0.0,0.03075125134601715
2089,no_feedback,48,0,5,1,0,-1.0,0.0,1,0,1,0,0.0,0.03075125134601715
2090,no_feedback,48,1,5,1,0,-1.0,0.0,1,0,1,0,0.0,0.03075125134601715
2091,no_feedback,48,8,5,1,0,-1.0,0.0,1,0,1,0,0.0,0.03075125134601715
2092,no_feedback,48,6,3,0,0,-1.0,0.0,1,0,1,0,0.0,0.03075125134601715
2093,no_feedback,48,0,3,0,0,-1.0,0.0,1,0,1,0,0.0,0.03075125134601715
2094,no_feedback,48,7,3,0,0,-1.0,0.0,1,0,1,0,0.0,0.03075125134601715
2095,no_feedback,48,2,5,1,0,-1.0,0.0,1,0,1,0,0.0,0.03075125134601715
2096,no_feedback,48,0,5,1,0,-1.0,0.0,1,0,1,0,0.0,0.03075125134601715
2097,no_feedback,48,0,3,0,0,-1.0,0.0,1,0,1,0,0.0,0.03075125134601715
2098,no_feedback,48,2,5,1,0,-1.0,0.0,1,0,1,0,0.0,0.03075125134601715
2099,no_feedback,48,0,5,1,0,-1.0,0.0,1,0,1,0,0.0,0.03075125134601715
2100,no_feedback,48,1,3,0,0,-1.0,0.0,1,0,1,0,0.0,0.03075125134601715
2101,no_feedback,48,8,3,0,0,-1.0,0.0,1,0,1,0,0.0,0.03075125134601715
2102,no_feedback,48,7,5,1,0,-1.0,0.0,1,0,1,0,0.0,0.03075125134601715
2103,no_feedback,48,5,3,0,0,-1.0,0.0,1,0,1,0,0.0,0.03075125134601715
2104,no_feedback,48,1,5,1,0,-1.0,0.0,1,0,1,0,0.0,0.03075125134601715
2105,no_feedback,48,4,3,0,1,1.0,0.0,0,nan,nan,nan,0.0,0.03075125134601715
2106,no_feedback,48,4,4,1,1,1.0,0.0,0,nan,nan,nan,0.0,0.03075125134601715
2107,no_feedback,48,5,5,1,1,1.0,0.0,0,nan,nan,nan,0.0,0.03075125134601715
2108,no_feedback,48,0,6,1,0,-1.0,0.0,1,3,0,1,0.0,0.03075125134601715
2109,no_feedback,48,0,5,1,0,-1.0,0.0,1,0,1,0,0.0,0.03075125134601715
2110,no_feedback,48,2,5,1,0,-1.0,0.0,1,0,1,0,0.0,0.03075125134601715
2111,no_feedback,48,1,3,0,0,-1.0,0.0,1,0,1,0,0.0,0.03075125134601715
2112,no_feedback,48,8,3,0,0,-1.0,0.0,1,0,1,0,0.0,0.03075125134601715
2113,no_feedback,48,1,5,1,0,-1.0,0.0,1,0,1,0,0.0,0.03075125134601715
2114,no_feedback,48,6,5,1,1,1.0,0.0,0,nan,nan,nan,0.0,0.03075125134601715
2115,no_feedback,48,2,6,1,0,-1.0,0.0,1,1,0,0,0.0,0.03075125134601715
2116,no_feedback,48,0,5,1,0,-1.0,0.0,1,0,1,0,0.0,0.03075125134601715
2117,no_feedback,48,0,3,0,0,-1.0,0.0,1,0,1,0,0.0,0.03075125134601715
2118,no_feedback,48,8,3,0,0,-1.0,0.0,1,0,1,0,0.0,0.03075125134601715
2119,no_feedback,48,5,3,0,0,-1.0,0.0,1,0,1,0,0.0,0.03075125134601715
2120,no_feedback,48,5,3,0,0,-1.0,0.0,1,0,1,0,0.0,0.03075125134601715
2121,no_feedback,48,2,3,0,1,1.0,0.0,0,nan,nan,nan,0.0,0.03075125134601715
2122,no_feedback,48,8,4,1,0,-1.0,0.0,1,1,0,0,0.0,0.03075125134601715
2123,no_feedback,48,1,5,1,0,-1.0,0.0,1,0,1,0,0.0,0.03075125134601715
2124,no_feedback,48,7,3,0,0,-1.0,0.0,1,0,1,0,0.0,0.03075125134601715
2125,no_feedback,48,2,5,1,0,-1.0,0.0,1,0,1,0,0.0,0.03075125134601715
2126,no_feedback,48,6,5,1,1,1.0,0.0,0,nan,nan,nan,0.0,0.03075125134601715
2127,no_feedback,48,5,4,0,1,1.0,0.0,0,nan,nan,nan,0.0,0.03075125134601715
2128,no_feedback,48,8,3,0,0,-1.0,0.0,1,2,0,0,0.0,0.03075125134601715
2129,no_feedback,48,8,5,1,0,-1.0,0.0,1,0,1,0,0.0,0.03075125134601715
2130,no_feedback,48,7,5,1,0,-1.0,0.0,1,0,1,0,0.0,0.03075125134601715
2131,no_feedback,48,1,3,0,0,-1.0,0.0,1,0,1,0,0.0,0.03075125134601715
2132,no_feedback,48,5,5,1,1,1.0,0.0,0,nan,nan,nan,0.0,0.03075125134601715
2133,no_feedback,48,7,6,1,1,1.0,0.0,0,nan,nan,nan,0.0,0.03075125134601715
2134,no_feedback,48,6,5,0,1,1.0,0.0,0,nan,nan,nan,0.0,0.03075125134601715
2135,no_feedback,48,3,6,1,0,-1.0,0.0,1,3,0,1,0.0,0.03075125134601715
2136,no_feedback,48,0,5,1,0,-1.0,0.0,1,0,1,0,0.0,0.03075125134601715
2137,no_feedback,48,7,3,0,0,-1.0,0.0,1,0,1,0,0.0,0.03075125134601715
2138,no_feedback,48,1,5,1,0,-1.0,0.0,1,0,1,0,0.0,0.03075125134601715
2139,no_feedback,48,0,3,0,0,-1.0,0.0,1,0,1,0,0.0,0.03075125134601715
2140,no_feedback,48,4,3,0,1,1.0,0.0,0,nan,nan,nan,0.0,0.03075125134601715
2141,no_feedback,48,6,4,1,0,-1.0,0.0,1,1,0,0,0.0,0.03075125134601715
2142,no_feedback,48,4,3,0,1,1.0,0.0,0,nan,nan,nan,0.0,0.03075125134601715
2143,no_feedback,48,7,2,0,0,-1.0,0.0,1,1,0,0,0.0,0.03075125134601715
2144,no_feedback,48,7,5,1,0,-1.0,0.0,1,0,1,0,0.0,0.03075125134601715
2145,no_feedback,48,4,3,0,1,1.0,0.0,0,nan,nan,nan,0.0,0.03075125134601715
2146,no_feedback,48,2,4,1,0,-1.0,0.0,1,1,0,0,0.0,0.03075125134601715
2147,no_feedback,48,1,5,1,0,-1.0,0.0,1,0,1,0,0.0,0.03075125134601715
2148,no_feedback,48,1,5,1,0,-1.0,0.0,1,0,1,0,0.0,0.03075125134601715
2149,no_feedback,48,2,5,1,0,-1.0,0.0,1,0,1,0,0.0,0.03075125134601715
2150,no_feedback,48,7,5,1,0,-1.0,0.0,1,0,1,0,0.0,0.03075125134601715
2151,no_feedback,48,8,3,0,0,-1.0,0.0,1,0,1,0,0.0,0.03075125134601715
2152,no_feedback,48,1,3,0,0,-1.0,0.0,1,0,1,0,0.0,0.03075125134601715
2153,no_feedback,48,8,5,1,0,-1.0,0.0,1,0,1,0,0.0,0.03075125134601715
2154,no_feedback,48,3,5,1,0,-1.0,0.0,1,0,1,0,0.0,0.03075125134601715
2155,no_feedback,48,6,3,0,0,-1.0,0.0,1,0,1,0,0.0,0.03075125134601715
2156,no_feedback,48,3,5,1,0,-1.0,0.0,1,0,1,0,0.0,0.03075125134601715
2157,no_feedback,48,3,5,1,0,-1.0,0.0,1,0,1,0,0.0,0.03075125134601715
2158,no_feedback,48,4,3,0,1,1.0,0.0,0,nan,nan,nan,0.0,0.03075125134601715
2159,no_feedback,48,7,4,1,0,-1.0,0.0,1,1,0,0,0.0,0.03075125134601715
2160,no_feedback,48,3,5,1,0,-1.0,0.0,1,0,1,0,0.0,0.03075125134601715
2161,no_feedback,48,3,5,1,0,-1.0,0.0,1,0,1,0,0.0,0.03075125134601715
2162,no_feedback,48,1,3,0,0,-1.0,0.0,1,0,1,0,0.0,0.03075125134601715
2163,no_feedback,48,4,3,0,1,1.0,0.0,0,nan,nan,nan,0.0,0.03075125134601715
2164,no_feedback,48,0,4,1,0,-1.0,0.0,1,1,0,0,0.0,0.03075125134601715
2165,no_feedback,48,2,5,1,0,-1.0,0.0,1,0,1,0,0.0,0.03075125134601715
2166,no_feedback,48,2,5,1,0,-1.0,0.0,1,0,1,0,0.0,0.03075125134601715
2167,no_feedback,48,7,3,0,0,-1.0,0.0,1,0,1,0,0.0,0.03075125134601715
2168,no_feedback,48,3,5,1,0,-1.0,0.0,1,0,1,0,0.0,0.03075125134601715
2169,no_feedback,48,0,3,0,0,-1.0,0.0,1,0,1,0,0.0,0.03075125134601715
2170,no_feedback,48,2,5,1,0,-1.0,0.0,1,0,1,0,0.0,0.03075125134601715
2171,no_feedback,48,0,3,0,0,-1.0,0.0,1,0,1,0,0.0,0.03075125134601715
2172,no_feedback,48,6,5,1,1,1.0,0.0,0,nan,nan,nan,0.0,0.03075125134601715
2173,no_feedback,48,3,6,1,0,-1.0,0.0,1,1,0,0,0.0,0.03075125134601715
2174,no_feedback,48,0,3,0,0,-1.0,0.0,1,0,1,0,0.0,0.03075125134601715
2175,no_feedback,48,8,5,1,0,-1.0,0.0,1,0,1,0,0.0,0.03075125134601715
2176,no_feedback,48,2,5,1,0,-1.0,0.0,1,0,1,0,0.0,0.03075125134601715
2177,no_feedback,48,3,5,1,0,-1.0,0.0,1,0,1,0,0.0,0.03075125134601715
2178,no_feedback,48,0,3,0,0,-1.0,0.0,1,0,1,0,0.0,0.03075125134601715
2179,no_feedback,48,8,3,0,0,-1.0,0.0,1,0,1,0,0.0,0.03075125134601715
2180,no_feedback,48,7,5,1,0,-1.0,0.0,1,0,1,0,0.0,0.03075125134601715
2181,no_feedback,48,3,5,1,0,-1.0,0.0,1,0,1,0,0.0,0.03075125134601715
2182,no_feedback,48,8,3,0,0,-1.0,0.0,1,0,1,0,0.0,0.03075125134601715
2183,no_feedback,48,8,5,1,0,-1.0,0.0,1,0,1,0,0.0,0.03075125134601715
2184,no_feedback,48,2,5,1,0,-1.0,0.0,1,0,1,0,0.0,0.03075125134601715
2185,no_feedback,48,7,5,1,0,-1.0,0.0,1,0,1,0,0.0,0.03075125134601715
2186,no_feedback,48,0,3,0,0,-1.0,0.0,1,0,1,0,0.0,0.03075125134601715
2187,no_feedback,48,4,3,0,1,1.0,0.0,0,nan,nan,nan,0.0,0.03075125134601715
2188,no_feedback,48,7,2,0,0,-1.0,0.0,1,1,0,0,0.0,0.03075125134601715
2189,no_feedback,48,3,5,1,0,-1.0,0.0,1,0,1,0,0.0,0.03075125134601715
2190,no_feedback,48,4,3,0,1,1.0,0.0,0,nan,nan,nan,0.0,0.03075125134601715
2191,no_feedback,48,0,2,0,0,-1.0,0.0,1,1,0,0,0.0,0.03075125134601715
2192,no_feedback,48,5,5,1,1,1.0,0.0,0,nan,nan,nan,0.0,0.03075125134601715
2193,no_feedback,48,4,6,1,0,-1.0,0.0,1,1,0,0,0.0,0.03075125134601715
2194,no_feedback,48,4,3,0,1,1.0,0.0,0,nan,nan,nan,0.0,0.03075125134601715
2195,no_feedback,48,8,4,1,0,-1.0,0.0,1,1,0,0,0.0,0.03075125134601715
2196,no_feedback,48,2,5,1,0,-1.0,0.0,1,0,1,0,0.0,0.03075125134601715
2197,no_feedback,48,0,5,1,0,-1.0,0.0,1,0,1,0,0.0,0.03075125134601715
2198,no_feedback,48,4,3,0,1,1.0,0.0,0,nan,nan,nan,0.0,0.03075125134601715
2199,no_feedback,48,7,4,1,0,-1.0,0.0,1,1,0,0,0.0,0.03075125134601715
2200,no_feedback,48,6,5,1,1,1.0,0.0,0,nan,nan,nan,0.0,0.03075125134601715
2201,no_feedback,48,7,6,1,1,1.0,0.0,0,nan,nan,nan,0.0,0.03075125134601715
2202,no_feedback,48,2,5,0,0,-1.0,0.0,1,2,0,0,0.0,0.03075125134601715
2203,no_feedback,48,7,5,1,0,-1.0,0.0,1,0,1,0,0.0,0.03075125134601715
2204,no_feedback,48,6,3,0,0,-1.0,0.0,1,0,1,0,0.0,0.03075125134601715
2205,no_feedback,48,7,3,0,0,-1.0,0.0,1,0,1,0,0.0,0.03075125134601715
2206,no_feedback,48,2,5,1,0,-1.0,0.0,1,0,1,0,0.0,0.03075125134601715
2207,no_feedback,48,7,5,1,0,-1.0,0.0,1,0,1,0,0.0,0.03075125134601715
2208,no_feedback,48,5,3,0,0,-1.0,0.0,1,0,1,0,0.0,0.03075125134601715
2209,no_feedback,48,4,3,0,1,1.0,0.0,0,nan,nan,nan,0.0,0.03075125134601715
2210,no_feedback,48,1,4,1,0,-1.0,0.0,1,1,0,0,0.0,0.03075125134601715
2211,no_feedback,48,7,5,1,0,-1.0,0.0,1,0,1,0,0.0,0.03075125134601715
2212,no_feedback,48,3,5,1,0,-1.0,0.0,1,0,1,0,0.0,0.03075125134601715
2213,no_feedback,48,2,5,1,0,-1.0,0.0,1,0,1,0,0.0,0.03075125134601715
2214,no_feedback,48,7,5,1,0,-1.0,0.0,1,0,1,0,0.0,0.03075125134601715
2215,no_feedback,48,7,3,0,0,-1.0,0.0,1,0,1,0,0.0,0.03075125134601715
2216,no_feedback,48,0,5,1,0,-1.0,0.0,1,0,1,0,0.0,0.03075125134601715
2217,no_feedback,48,5,5,1,1,1.0,0.0,0,nan,nan,nan,0.0,0.03075125134601715
2218,no_feedback,48,3,6,1,0,-1.0,0.0,1,1,0,0,0.0,0.03075125134601715
2219,no_feedback,48,2,5,1,0,-1.0,0.0,1,0,1,0,0.0,0.03075125134601715
2220,no_feedback,48,7,5,1,0,-1.0,0.0,1,0,1,0,0.0,0.03075125134601715
2221,no_feedback,48,1,3,0,0,-1.0,0.0,1,0,1,0,0.0,0.03075125134601715
2222,no_feedback,48,8,5,1,0,-1.0,0.0,1,0,1,0,0.0,0.03075125134601715
2223,no_feedback,48,1,5,1,0,-1.0,0.0,1,0,1,0,0.0,0.03075125134601715
2224,no_feedback,48,0,5,1,0,-1.0,0.0,1,0,1,0,0.0,0.03075125134601715
2225,no_feedback,48,5,5,1,1,1.0,0.0,0,nan,nan,nan,0.0,0.03075125134601715
2226,no_feedback,48,7,4,0,0,-1.0,0.0,1,1,0,0,0.0,0.03075125134601715
2227,no_feedback,48,4,3,0,1,1.0,0.0,0,nan,nan,nan,0.0,0.03075125134601715
2228,no_feedback,48,2,2,0,1,1.0,0.0,0,nan,nan,nan,0.0,0.03075125134601715
2229,no_feedback,48,3,3,1,1,1.0,0.0,0,nan,nan,nan,0.0,0.03075125134601715
2230,no_feedback,48,4,2,0,0,-1.0,0.0,1,3,0,1,0.0,0.03075125134601715
2231,no_feedback,48,2,5,1,0,-1.0,0.0,1,0,1,0,0.0,0.03075125134601715
2232,no_feedback,48,8,5,1,0,-1.0,0.0,1,0,1,0,0.0,0.03075125134601715
2233,no_feedback,48,2,5,1,0,-1.0,0.0,1,0,1,0,0.0,0.03075125134601715
2234,no_feedback,48,5,5,1,1,1.0,0.0,0,nan,nan,nan,0.0,0.03075125134601715
2235,no_feedback,48,8,6,1,0,-1.0,0.0,1,1,0,0,0.0,0.03075125134601715
2236,no_feedback,48,0,5,1,0,-1.0,0.0,1,0,1,0,0.0,0.03075125134601715
2237,no_feedback,48,1,5,1,0,-1.0,0.0,1,0,1,0,0.0,0.03075125134601715
2238,no_feedback,48,3,5,1,0,-1.0,0.0,1,0,1,0,0.0,0.03075125134601715
2239,no_feedback,48,6,5,1,1,1.0,0.0,0,nan,nan,nan,0.0,0.03075125134601715
2240,no_feedback,48,2,4,0,0,-1.0,0.0,1,1,0,0,0.0,0.03075125134601715
2241,no_feedback,48,6,3,0,0,-1.0,0.0,1,0,1,0,0.0,0.03075125134601715
2242,no_feedback,48,1,5,1,0,-1.0,0.0,1,0,1,0,0.0,0.03075125134601715
2243,no_feedback,48,3,5,1,0,-1.0,0.0,1,0,1,0,0.0,0.03075125134601715
2244,no_feedback,48,4,3,0,1,1.0,0.0,0,nan,nan,nan,0.0,0.03075125134601715
2245,no_feedback,48,0,2,0,0,-1.0,0.0,1,1,0,0,0.0,0.03075125134601715
2246,no_feedback,48,6,5,1,1,1.0,0.0,0,nan,nan,nan,0.0,0.03075125134601715
2247,no_feedback,48,8,4,0,0,-1.0,0.0,1,1,0,0,0.0,0.03075125134601715
2248,no_feedback,48,5,3,0,0,-1.0,0.0,1,0,1,0,0.0,0.03075125134601715
2249,no_feedback,48,2,5,1,0,-1.0,0.0,1,0,1,0,0.0,0.03075125134601715
2250,no_feedback,48,3,5,1,0,-1.0,0.0,1,0,1,0,0.0,0.03075125134601715
2251,no_feedback,48,0,5,1,0,-1.0,0.0,1,0,1,0,0.0,0.03075125134601715
2252,no_feedback,48,4,3,0,1,1.0,0.0,0,nan,nan,nan,0.0,0.03075125134601715
2253,no_feedback,48,1,4,1,0,-1.0,0.0,1,1,0,0,0.0,0.03075125134601715
2254,no_feedback,48,8,5,1,0,-1.0,0.0,1,0,1,0,0.0,0.03075125134601715
2255,no_feedback,48,7,3,0,0,-1.0,0.0,1,0,1,0,0.0,0.03075125134601715
2256,no_feedback,48,2,5,1,0,-1.0,0.0,1,0,1,0,0.0,0.03075125134601715
2257,no_feedback,48,7,3,0,0,-1.0,0.0,1,0,1,0,0.0,0.03075125134601715
2258,no_feedback,48,6,5,1,1,1.0,0.0,0,nan,nan,nan,0.0,0.03075125134601715
2259,no_feedback,48,3,6,1,0,-1.0,0.0,1,1,0,0,0.0,0.03075125134601715
2260,no_feedback,48,4,3,0,1,1.0,0.0,0,nan,nan,nan,0.0,0.03075125134601715
2261,no_feedback,48,0,2,0,0,-1.0,0.0,1,1,0,0,0.0,0.03075125134601715
2262,no_feedback,48,5,3,0,0,-1.0,0.0,1,0,1,0,0.0,0.03075125134601715
2263,no_feedback,48,5,5,1,1,1.0,0.0,0,nan,nan,nan,0.0,0.03075125134601715
2264,no_feedback,48,7,6,1,1,1.0,0.0,0,nan,nan,nan,0.0,0.03075125134601715
2265,no_feedback,48,0,5,0,0,-1.0,0.0,1,2,0,0,0.0,0.03075125134601715
2266,no_feedback,48,4,3,0,1,1.0,0.0,0,nan,nan,nan,0.0,0.03075125134601715
2267,no_feedback,48,2,4,1,0,-1.0,0.0,1,1,0,0,0.0,0.03075125134601715
2268,no_feedback,48,0,5,1,0,-1.0,0.0,1,0,1,0,0.0,0.03075125134601715
2269,no_feedback,48,2,5,1,0,-1.0,0.0,1,0,1,0,0.0,0.03075125134601715
2270,no_feedback,48,6,3,0,0,-1.0,0.0,1,0,1,0,0.0,0.03075125134601715
2271,no_feedback,48,6,5,1,1,1.0,0.0,0,nan,nan,nan,0.0,0.03075125134601715
2272,no_feedback,48,2,4,0,0,-1.0,0.0,1,1,0,0,0.0,0.03075125134601715
2273,no_feedback,48,7,3,0,0,-1.0,0.0,1,0,1,0,0.0,0.03075125134601715
2274,no_feedback,48,3,5,1,0,-1.0,0.0,1,0,1,0,0.0,0.03075125134601715
2275,no_feedback,48,0,5,1,0,-1.0,0.0,1,0,1,0,0.0,0.03075125134601715
2276,no_feedback,48,7,5,1,0,-1.0,0.0,1,0,1,0,0.0,0.03075125134601715
2277,no_feedback,48,3,5,1,0,-1.0,0.0,1,0,1,0,0.0,0.03075125134601715
2278,no_feedback,48,0,3,0,0,-1.0,0.0,1,0,1,0,0.0,0.03075125134601715
2279,no_feedback,48,6,3,0,0,-1.0,0.0,1,0,1,0,0.0,0.03075125134601715
2280,no_feedback,48,7,5,1,0,-1.0,0.0,1,0,1,0,0.0,0.03075125134601715
2281,no_feedback,48,8,3,0,0,-1.0,0.0,1,0,1,0,0.0,0.03075125134601715
2282,no_feedback,48,1,3,0,0,-1.0,0.0,1,0,1,0,0.0,0.03075125134601715
2283,no_feedback,48,7,5,1,0,-1.0,0.0,1,0,1,0,0.0,0.03075125134601715
2284,no_feedback,48,6,3,0,0,-1.0,0.0,1,0,1,0,0.0,0.03075125134601715
2285,no_feedback,48,2,5,1,0,-1.0,0.0,1,0,1,0,0.0,0.03075125134601715
2286,no_feedback,48,4,3,0,1,1.0,0.0,0,nan,nan,nan,0.0,0.03075125134601715
2287,no_feedback,48,7,4,1,0,-1.0,0.0,1,1,0,0,0.0,0.03075125134601715
2288,no_feedback,48,6,3,0,0,-1.0,0.0,1,0,1,0,0.0,0.03075125134601715
2289,no_feedback,48,0,3,0,0,-1.0,0.0,1,0,1,0,0.0,0.03075125134601715
2290,no_feedback,48,4,3,0,1,1.0,0.0,0,nan,nan,nan,0.0,0.03075125134601715
2291,no_feedback,48,6,4,1,0,-1.0,0.0,1,1,0,0,0.0,0.03075125134601715
2292,no_feedback,48,5,3,0,0,-1.0,0.0,1,0,1,0,0.0,0.03075125134601715
2293,no_feedback,48,1,3,0,0,-1.0,0.0,1,0,1,0,0.0,0.03075125134601715
2294,no_feedback,48,4,3,0,1,1.0,0.0,0,nan,nan,nan,0.0,0.03075125134601715
2295,no_feedback,48,5,4,1,1,1.0,0.0,0,nan,nan,nan,0.0,0.03075125134601715
2296,no_feedback,48,5,3,0,0,-1.0,0.0,1,2,0,0,0.0,0.03075125134601715
2297,no_feedback,48,4,3,0,1,1.0,0.0,0,nan,nan,nan,0.0,0.03075125134601715
2298,no_feedback,48,3,2,0,1,1.0,0.0,0,nan,nan,nan,0.0,0.03075125134601715
2299,no_feedback,48,7,3,1,0,-1.0,0.0,1,2,0,0,0.0,0.03075125134601715
2300,no_feedback,48,8,3,0,0,-1.0,0.0,1,0,1,0,0.0,0.03075125134601715
2301,no_feedback,48,2,5,1,0,-1.0,0.0,1,0,1,0,0.0,0.03075125134601715
2302,no_feedback,48,3,5,1,0,-1.0,0.0,1,0,1,0,0.0,0.03075125134601715
2303,no_feedback,48,2,5,1,0,-1.0,0.0,1,0,1,0,0.0,0.03075125134601715
2304,no_feedback,48,0,5,1,0,-1.0,0.0,1,0,1,0,0.0,0.03075125134601715
2305,no_feedback,48,0,5,1,0,-1.0,0.0,1,0,1,0,0.0,0.03075125134601715
2306,no_feedback,48,6,5,1,1,1.0,0.0,0,nan,nan,nan,0.0,0.03075125134601715
2307,no_feedback,48,2,4,0,0,-1.0,0.0,1,1,0,0,0.0,0.03075125134601715
2308,no_feedback,48,2,5,1,0,-1.0,0.0,1,0,1,0,0.0,0.03075125134601715
2309,no_feedback,48,2,5,1,0,-1.0,0.0,1,0,1,0,0.0,0.03075125134601715
2310,no_feedback,48,3,5,1,0,-1.0,0.0,1,0,1,0,0.0,0.03075125134601715
2311,no_feedback,48,8,3,0,0,-1.0,0.0,1,0,1,0,0.0,0.03075125134601715
2312,no_feedback,48,4,3,0,1,1.0,0.0,0,nan,nan,nan,0.0,0.03075125134601715
2313,no_feedback,48,8,4,1,0,-1.0,0.0,1,1,0,0,0.0,0.03075125134601715
2314,no_feedback,48,4,3,0,1,1.0,0.0,0,nan,nan,nan,0.0,0.03075125134601715
2315,no_feedback,48,8,4,1,0,-1.0,0.0,1,1,0,0,0.0,0.03075125134601715
2316,no_feedback,48,0,5,1,0,-1.0,0.0,1,0,1,0,0.0,0.03075125134601715
2317,no_feedback,48,8,5,1,0,-1.0,0.0,1,0,1,0,0.0,0.03075125134601715
2318,no_feedback,48,4,3,0,1,1.0,0.0,0,nan,nan,nan,0.0,0.03075125134601715
2319,no_feedback,48,8,4,1,0,-1.0,0.0,1,1,0,0,0.0,0.03075125134601715
2320,no_feedback,48,0,5,1,0,-1.0,0.0,1,0,1,0,0.0,0.03075125134601715
2321,no_feedback,48,6,5,1,1,1.0,0.0,0,nan,nan,nan,0.0,0.03075125134601715
2322,no_feedback,48,2,6,1,0,-1.0,0.0,1,1,0,0,0.0,0.03075125134601715
2323,no_feedback,48,7,5,1,0,-1.0,0.0,1,0,1,0,0.0,0.03075125134601715
2324,no_feedback,48,8,5,1,0,-1.0,0.0,1,0,1,0,0.0,0.03075125134601715
2325,no_feedback,48,2,5,1,0,-1.0,0.0,1,0,1,0,0.0,0.03075125134601715
2326,no_feedback,48,7,3,0,0,-1.0,0.0,1,0,1,0,0.0,0.03075125134601715
2327,no_feedback,48,0,3,0,0,-1.0,0.0,1,0,1,0,0.0,0.03075125134601715
2328,no_feedback,48,3,5,1,0,-1.0,0.0,1,0,1,0,0.0,0.03075125134601715
2329,no_feedback,48,5,5,1,1,1.0,0.0,0,nan,nan,nan,0.0,0.03075125134601715
2330,no_feedback,48,2,4,0,0,-1.0,0.0,1,1,0,0,0.0,0.03075125134601715
2331,no_feedback,48,0,3,0,0,-1.0,0.0,1,0,1,0,0.0,0.03075125134601715
2332,no_feedback,48,1,5,1,0,-1.0,0.0,1,0,1,0,0.0,0.03075125134601715
2333,no_feedback,48,3,5,1,0,-1.0,0.0,1,0,1,0,0.0,0.03075125134601715
2334,no_feedback,48,3,5,1,0,-1.0,0.0,1,0,1,0,0.0,0.03075125134601715
2335,no_feedback,48,5,3,0,0,-1.0,0.0,1,0,1,0,0.0,0.03075125134601715
2336,no_feedback,48,1,3,0,0,-1.0,0.0,1,0,1,0,0.0,0.03075125134601715
2337,no_feedback,48,5,5,1,1,1.0,0.0,0,nan,nan,nan,0.0,0.03075125134601715
2338,no_feedback,48,1,4,0,0,-1.0,0.0,1,1,0,0,0.0,0.03075125134601715
2339,no_feedback,48,6,5,1,1,1.0,0.0,0,nan,nan,nan,0.0,0.03075125134601715
2340,no_feedback,48,4,6,1,0,-1.0,0.0,1,1,0,0,0.0,0.03075125134601715
2341,no_feedback,48,8,3,0,0,-1.0,0.0,1,0,1,0,0.0,0.03075125134601715
2342,no_feedback,48,5,5,1,1,1.0,0.0,0,nan,nan,nan,0.0,0.03075125134601715
2343,no_feedback,48,7,4,0,0,-1.0,0.0,1,1,0,0,0.0,0.03075125134601715
2344,no_feedback,48,4,3,0,1,1.0,0.0,0,nan,nan,nan,0.0,0.03075125134601715
2345,no_feedback,48,5,4,1,1,1.0,0.0,0,nan,nan,nan,0.0,0.03075125134601715
2346,no_feedback,48,2,5,1,0,-1.0,0.0,1,2,0,0,0.0,0.03075125134601715
2347,no_feedback,48,5,3,0,0,-1.0,0.0,1,0,1,0,0.0,0.03075125134601715
2348,no_feedback,48,5,3,0,0,-1.0,0.0,1,0,1,0,0.0,0.03075125134601715
2349,no_feedback,48,0,5,1,0,-1.0,0.0,1,0,1,0,0.0,0.03075125134601715
2350,no_feedback,48,5,5,1,1,1.0,0.0,0,nan,nan,nan,0.0,0.03075125134601715
2351,no_feedback,48,0,6,1,0,-1.0,0.0,1,1,0,0,0.0,0.03075125134601715
2352,no_feedback,48,1,3,0,0,-1.0,0.0,1,0,1,0,0.0,0.03075125134601715
2353,no_feedback,48,6,3,0,0,-1.0,0.0,1,0,1,0,0.0,0.03075125134601715
2354,no_feedback,48,3,5,1,0,-1.0,0.0,1,0,1,0,0.0,0.03075125134601715
2355,no_feedback,48,0,3,0,0,-1.0,0.0,1,0,1,0,0.0,0.03075125134601715
2356,no_feedback,48,2,5,1,0,-1.0,0.0,1,0,1,0,0.0,0.03075125134601715
2357,no_feedback,48,7,5,1,0,-1.0,0.0,1,0,1,0,0.0,0.03075125134601715
2358,no_feedback,48,1,5,1,0,-1.0,0.0,1,0,1,0,0.0,0.03075125134601715
2359,no_feedback,48,2,5,1,0,-1.0,0.0,1,0,1,0,0.0,0.03075125134601715
2360,no_feedback,48,4,3,0,1,1.0,0.0,0,nan,nan,nan,0.0,0.03075125134601715
2361,no_feedback,48,2,4,1,0,-1.0,0.0,1,1,0,0,0.0,0.03075125134601715
2362,no_feedback,48,0,3,0,0,-1.0,0.0,1,0,1,0,0.0,0.03075125134601715
2363,no_feedback,48,2,5,1,0,-1.0,0.0,1,0,1,0,0.0,0.03075125134601715
2364,no_feedback,48,5,5,1,1,1.0,0.0,0,nan,nan,nan,0.0,0.03075125134601715
2365,no_feedback,48,2,6,1,0,-1.0,0.0,1,1,0,0,0.0,0.03075125134601715
2366,no_feedback,48,0,3,0,0,-1.0,0.0,1,0,1,0,0.0,0.03075125134601715
2367,no_feedback,48,7,3,0,0,-1.0,0.0,1,0,1,0,0.0,0.03075125134601715
2368,no_feedback,48,5,3,0,0,-1.0,0.0,1,0,1,0,0.0,0.03075125134601715
2369,no_feedback,48,3,5,1,0,-1.0,0.0,1,0,1,0,0.0,0.03075125134601715
2370,no_feedback,48,5,3,0,0,-1.0,0.0,1,0,1,0,0.0,0.03075125134601715
2371,no_feedback,48,2,5,1,0,-1.0,0.0,1,0,1,0,0.0,0.03075125134601715
2372,no_feedback,48,4,3,0,1,1.0,0.0,0,nan,nan,nan,0.0,0.03075125134601715
2373,no_feedback,48,0,4,1,0,-1.0,0.0,1,1,0,0,0.0,0.03075125134601715
2374,no_feedback,48,1,3,0,0,-1.0,0.0,1,0,1,0,0.0,0.03075125134601715
2375,no_feedback,48,3,5,1,0,-1.0,0.0,1,0,1,0,0.0,0.03075125134601715
2376,no_feedback,48,2,5,1,0,-1.0,0.0,1,0,1,0,0.0,0.03075125134601715
2377,no_feedback,48,2,5,1,0,-1.0,0.0,1,0,1,0,0.0,0.03075125134601715
2378,no_feedback,48,7,3,0,0,-1.0,0.0,1,0,1,0,0.0,0.03075125134601715
2379,no_feedback,48,8,5,1,0,-1.0,0.0,1,0,1,0,0.0,0.03075125134601715
2380,no_feedback,48,1,5,1,0,-1.0,0.0,1,0,1,0,0.0,0.03075125134601715
2381,no_feedback,48,3,5,1,0,-1.0,0.0,1,0,1,0,0.0,0.03075125134601715
2382,no_feedback,48,3,5,1,0,-1.0,0.0,1,0,1,0,0.0,0.03075125134601715
2383,no_feedback,48,4,3,0,1,1.0,0.0,0,nan,nan,nan,0.0,0.03075125134601715
2384,no_feedback,48,0,4,1,0,-1.0,0.0,1,1,0,0,0.0,0.03075125134601715
2385,no_feedback,48,5,5,1,1,1.0,0.0,0,nan,nan,nan,0.0,0.03075125134601715
2386,no_feedback,48,1,6,1,0,-1.0,0.0,1,1,0,0,0.0,0.03075125134601715
2387,no_feedback,48,3,5,1,0,-1.0,0.0,1,0,1,0,0.0,0.03075125134601715
2388,no_feedback,48,3,5,1,0,-1.0,0.0,1,0,1,0,0.0,0.03075125134601715
2389,no_feedback,48,7,5,1,0,-1.0,0.0,1,0,1,0,0.0,0.03075125134601715
2390,no_feedback,48,6,5,1,1,1.0,0.0,0,nan,nan,nan,0.0,0.03075125134601715
2391,no_feedback,48,5,4,0,1,1.0,0.0,0,nan,nan,nan,0.0,0.03075125134601715
2392,no_feedback,48,1,3,0,0,-1.0,0.0,1,2,0,0,0.0,0.03075125134601715
2393,no_feedback,48,6,5,1,1,1.0,0.0,0,nan,nan,nan,0.0,0.03075125134601715
2394,no_feedback,48,1,6,1,0,-1.0,0.0,1,1,0,0,0.0,0.03075125134601715
2395,no_feedback,48,8,5,1,0,-1.0,0.0,1,0,1,0,0.0,0.03075125134601715
2396,no_feedback,48,7,3,0,0,-1.0,0.0,1,0,1,0,0.0,0.03075125134601715
2397,no_feedback,48,8,5,1,0,-1.0,0.0,1,0,1,0,0.0,0.03075125134601715
2398,no_feedback,48,3,3,0,1,1.0,0.0,0,nan,nan,nan,0.0,0.03075125134601715
2399,no_feedback,48,0,2,0,0,-1.0,0.0,1,1,0,0,0.0,0.03075125134601715
2400,no_feedback,48,8,5,1,0,-1.0,0.0,1,0,1,0,0.0,0.03075125134601715
2401,no_feedback,48,3,5,1,0,-1.0,0.0,1,0,1,0,0.0,0.03075125134601715
2402,no_feedback,48,0,5,1,0,-1.0,0.0,1,0,1,0,0.0,0.03075125134601715
2403,no_feedback,48,0,5,1,0,-1.0,0.0,1,0,1,0,0.0,0.03075125134601715
2404,no_feedback,48,3,5,1,0,-1.0,0.0,1,0,1,0,0.0,0.03075125134601715
2405,no_feedback,48,2,5,1,0,-1.0,0.0,1,0,1,0,0.0,0.03075125134601715
2406,no_feedback,48,8,3,0,0,-1.0,0.0,1,0,1,0,0.0,0.03075125134601715
2407,no_feedback,48,6,5,1,1,1.0,0.0,0,nan,nan,nan,0.0,0.03075125134601715
2408,no_feedback,48,4,6,1,0,-1.0,0.0,1,1,0,0,0.0,0.03075125134601715
2409,no_feedback,48,8,3,0,0,-1.0,0.0,1,0,1,0,0.0,0.03075125134601715
2410,no_feedback,48,4,3,0,1,1.0,0.0,0,nan,nan,nan,0.0,0.03075125134601715
2411,no_feedback,48,6,2,0,0,-1.0,0.0,1,1,0,0,0.0,0.03075125134601715
2412,no_feedback,48,2,5,1,0,-1.0,0.0,1,0,1,0,0.0,0.03075125134601715
2413,no_feedback,48,8,5,1,0,-1.0,0.0,1,0,1,0,0.0,0.03075125134601715
2414,no_feedback,48,4,3,0,1,1.0,0.0,0,nan,nan,nan,0.0,0.03075125134601715
2415,no_feedback,48,6,4,1,0,-1.0,0.0,1,1,0,0,0.0,0.03075125134601715
2416,no_feedback,48,8,5,1,0,-1.0,0.0,1,0,1,0,0.0,0.03075125134601715
2417,no_feedback,48,1,5,1,0,-1.0,0.0,1,0,1,0,0.0,0.03075125134601715
2418,no_feedback,48,7,5,1,0,-1.0,0.0,1,0,1,0,0.0,0.03075125134601715
2419,no_feedback,48,4,3,0,1,1.0,0.0,0,nan,nan,nan,0.0,0.03075125134601715
2420,no_feedback,48,6,2,0,0,-1.0,0.0,1,1,0,0,0.0,0.03075125134601715
2421,no_feedback,48,6,5,1,1,1.0,0.0,0,nan,nan,nan,0.0,0.03075125134601715
2422,no_feedback,48,5,4,0,1,1.0,0.0,0,nan,nan,nan,0.0,0.03075125134601715
2423,no_feedback,48,4,3,0,1,1.0,0.0,0,nan,nan,nan,0.0,0.03075125134601715
2424,no_feedback,48,7,2,0,0,-1.0,0.0,1,3,0,1,0.0,0.03075125134601715
2425,no_feedback,48,4,5,1,1,1.0,0.0,0,nan,nan,nan,0.0,0.03075125134601715
2426,no_feedback,48,4,6,1,0,-1.0,0.0,1,1,0,0,0.0,0.03075125134601715
2427,no_feedback,48,2,5,1,0,-1.0,0.0,1,0,1,0,0.0,0.03075125134601715
2428,no_feedback,48,3,5,1,0,-1.0,0.0,1,0,1,0,0.0,0.03075125134601715
2429,no_feedback,48,7,3,0,0,-1.0,0.0,1,0,1,0,0.0,0.03075125134601715
2430,no_feedback,48,5,3,0,0,-1.0,0.0,1,0,1,0,0.0,0.03075125134601715
2431,no_feedback,48,7,5,1,0,-1.0,0.0,1,0,1,0,0.0,0.03075125134601715
2432,no_feedback,48,5,5,1,1,1.0,0.0,0,nan,nan,nan,0.0,0.03075125134601715
2433,no_feedback,48,2,6,1,0,-1.0,0.0,1,1,0,0,0.0,0.03075125134601715
2434,no_feedback,48,8,5,1,0,-1.0,0.0,1,0,1,0,0.0,0.03075125134601715
2435,no_feedback,48,8,3,0,0,-1.0,0.0,1,0,1,0,0.0,0.03075125134601715
2436,no_feedback,48,3,5,1,0,-1.0,0.0,1,0,1,0,0.0,0.03075125134601715
2437,no_feedback,48,1,3,0,0,-1.0,0.0,1,0,1,0,0.0,0.03075125134601715
2438,no_feedback,48,4,3,0,1,1.0,0.0,0,nan,nan,nan,0.0,0.03075125134601715
2439,no_feedback,48,4,2,0,0,-1.0,0.0,1,1,0,0,0.0,0.03075125134601715
2440,no_feedback,48,6,3,0,0,-1.0,0.0,1,0,1,0,0.0,0.03075125134601715
2441,no_feedback,48,3,5,1,0,-1.0,0.0,1,0,1,0,0.0,0.03075125134601715
2442,no_feedback,48,0,3,0,0,-1.0,0.0,1,0,1,0,0.0,0.03075125134601715
2443,no_feedback,48,6,3,0,0,-1.0,0.0,1,0,1,0,0.0,0.03075125134601715
2444,no_feedback,48,4,3,0,1,1.0,0.0,0,nan,nan,nan,0.0,0.03075125134601715
2445,no_feedback,48,7,4,1,0,-1.0,0.0,1,1,0,0,0.0,0.03075125134601715
2446,no_feedback,48,7,5,1,0,-1.0,0.0,1,0,1,0,0.0,0.03075125134601715
2447,no_feedback,48,2,5,1,0,-1.0,0.0,1,0,1,0,0.0,0.03075125134601715
2448,no_feedback,48,3,5,1,0,-1.0,0.0,1,0,1,0,0.0,0.03075125134601715
2449,no_feedback,48,7,3,0,0,-1.0,0.0,1,0,1,0,0.0,0.03075125134601715
2450,no_feedback,48,5,3,0,0,-1.0,0.0,1,0,1,0,0.0,0.03075125134601715
2451,no_feedback,48,0,5,1,0,-1.0,0.0,1,0,1,0,0.0,0.03075125134601715
2452,no_feedback,48,4,3,0,1,1.0,0.0,0,nan,nan,nan,0.0,0.03075125134601715
2453,no_feedback,48,0,2,0,0,-1.0,0.0,1,1,0,0,0.0,0.03075125134601715
2454,no_feedback,48,8,5,1,0,-1.0,0.0,1,0,1,0,0.0,0.03075125134601715
2455,no_feedback,48,6,5,1,1,1.0,0.0,0,nan,nan,nan,0.0,0.03075125134601715
2456,no_feedback,48,0,6,1,0,-1.0,0.0,1,1,0,0,0.0,0.03075125134601715
2457,no_feedback,48,8,3,0,0,-1.0,0.0,1,0,1,0,0.0,0.03075125134601715
2458,no_feedback,48,1,3,0,0,-1.0,0.0,1,0,1,0,0.0,0.03075125134601715
2459,no_feedback,48,2,5,1,0,-1.0,0.0,1,0,1,0,0.0,0.03075125134601715
2460,no_feedback,48,4,3,0,1,1.0,0.0,0,nan,nan,nan,0.0,0.03075125134601715
2461,no_feedback,48,7,4,1,0,-1.0,0.0,1,1,0,0,0.0,0.03075125134601715
2462,no_feedback,48,0,3,0,0,-1.0,0.0,1,0,1,0,0.0,0.03075125134601715
2463,no_feedback,48,5,5,1,1,1.0,0.0,0,nan,nan,nan,0.0,0.03075125134601715
2464,no_feedback,48,7,4,0,0,-1.0,0.0,1,1,0,0,0.0,0.03075125134601715
2465,no_feedback,48,0,3,0,0,-1.0,0.0,1,0,1,0,0.0,0.03075125134601715
2466,no_feedback,48,6,3,0,0,-1.0,0.0,1,0,1,0,0.0,0.03075125134601715
2467,no_feedback,48,8,3,0,0,-1.0,0.0,1,0,1,0,0.0,0.03075125134601715
2468,no_feedback,48,4,3,0,1,1.0,0.0,0,nan,nan,nan,0.0,0.03075125134601715
2469,no_feedback,48,8,4,1,0,-1.0,0.0,1,1,0,0,0.0,0.03075125134601715
2470,no_feedback,48,4,3,0,1,1.0,0.0,0,nan,nan,nan,0.0,0.03075125134601715
2471,no_feedback,48,5,2,0,0,-1.0,0.0,1,1,0,0,0.0,0.03075125134601715
2472,no_feedback,48,1,3,0,0,-1.0,0.0,1,0,1,0,0.0,0.03075125134601715
2473,no_feedback,48,8,5,1,0,-1.0,0.0,1,0,1,0,0.0,0.03075125134601715
2474,no_feedback,48,6,5,1,1,1.0,0.0,0,nan,nan,nan,0.0,0.03075125134601715
2475,no_feedback,48,8,6,1,0,-1.0,0.0,1,1,0,0,0.0,0.03075125134601715
2476,no_feedback,48,5,3,0,0,-1.0,0.0,1,0,1,0,0.0,0.03075125134601715
2477,no_feedback,48,6,5,1,1,1.0,0.0,0,nan,nan,nan,0.0,0.03075125134601715
2478,no_feedback,48,8,4,0,0,-1.0,0.0,1,1,0,0,0.0,0.03075125134601715
2479,no_feedback,48,4,3,0,1,1.0,0.0,0,nan,nan,nan,0.0,0.03075125134601715
2480,no_feedback,48,1,4,1,0,-1.0,0.0,1,1,0,0,0.0,0.03075125134601715
2481,no_feedback,48,8,5,1,0,-1.0,0.0,1,0,1,0,0.0,0.03075125134601715
2482,no_feedback,48,5,3,0,0,-1.0,0.0,1,0,1,0,0.0,0.03075125134601715
2483,no_feedback,48,0,3,0,0,-1.0,0.0,1,0,1,0,0.0,0.03075125134601715
2484,no_feedback,48,8,5,1,0,-1.0,0.0,1,0,1,0,0.0,0.03075125134601715
2485,no_feedback,48,8,5,1,0,-1.0,0.0,1,0,1,0,0.0,0.03075125134601715
2486,no_feedback,48,6,3,0,0,-1.0,0.0,1,0,1,0,0.0,0.03075125134601715
2487,no_feedback,48,8,3,0,0,-1.0,0.0,1,0,1,0,0.0,0.03075125134601715
2488,no_feedback,48,4,3,0,1,1.0,0.0,0,nan,nan,nan,0.0,0.03075125134601715
2489,no_feedback,48,8,4,1,0,-1.0,0.0,1,1,0,0,0.0,0.03075125134601715
2490,no_feedback,48,1,5,1,0,-1.0,0.0,1,0,1,0,0.0,0.03075125134601715
2491,no_feedback,48,5,3,0,0,-1.0,0.0,1,0,1,0,0.0,0.03075125134601715
2492,no_feedback,48,6,5,1,1,1.0,0.0,0,nan,nan,nan,0.0,0.03075125134601715
2493,no_feedback,48,1,4,0,0,-1.0,0.0,1,1,0,0,0.0,0.03075125134601715
2494,no_feedback,48,0,5,1,0,-1.0,0.0,1,0,1,0,0.0,0.03075125134601715
2495,no_feedback,48,6,3,0,0,-1.0,0.0,1,0,1,0,0.0,0.03075125134601715
2496,no_feedback,48,3,5,1,0,-1.0,0.0,1,0,1,0,0.0,0.03075125134601715
2497,no_feedback,48,6,3,0,0,-1.0,0.0,1,0,1,0,0.0,0.03075125134601715
2498,no_feedback,48,2,3,0,1,1.0,0.0,0,nan,nan,nan,0.0,0.03075125134601715
2499,no_feedback,48,6,4,1,0,-1.0,0.0,1,1,0,0,0.0,0.03075125134601715
2500,no_feedback,48,3,5,1,0,-1.0,0.0,1,0,1,0,0.0,0.03075125134601715
2501,no_feedback,48,7,5,1,0,-1.0,0.0,1,0,1,0,0.0,0.03075125134601715
2502,no_feedback,48,6,5,1,1,1.0,0.0,0,nan,nan,nan,0.0,0.03075125134601715
2503,no_feedback,48,1,4,0,0,-1.0,0.0,1,1,0,0,0.0,0.03075125134601715
2504,no_feedback,48,2,5,1,0,-1.0,0.0,1,0,1,0,0.0,0.03075125134601715
2505,no_feedback,48,0,3,0,0,-1.0,0.0,1,0,1,0,0.0,0.03075125134601715
2506,no_feedback,48,1,5,1,0,-1.0,0.0,1,0,1,0,0.0,0.03075125134601715
2507,no_feedback,48,8,3,0,0,-1.0,0.0,1,0,1,0,0.0,0.03075125134601715
2508,no_feedback,48,1,5,1,0,-1.0,0.0,1,0,1,0,0.0,0.03075125134601715
2509,no_feedback,48,2,5,1,0,-1.0,0.0,1,0,1,0,0.0,0.03075125134601715
2510,no_feedback,48,1,3,0,0,-1.0,0.0,1,0,1,0,0.0,0.03075125134601715
2511,no_feedback,48,1,3,0,0,-1.0,0.0,1,0,1,0,0.0,0.03075125134601715
2512,no_feedback,48,6,3,0,0,-1.0,0.0,1,0,1,0,0.0,0.03075125134601715
2513,no_feedback,48,6,5,1,1,1.0,0.0,0,nan,nan,nan,0.0,0.03075125134601715
2514,no_feedback,48,0,6,1,0,-1.0,0.0,1,1,0,0,0.0,0.03075125134601715
2515,no_feedback,48,3,5,1,0,-1.0,0.0,1,0,1,0,0.0,0.03075125134601715
2516,no_feedback,48,1,5,1,0,-1.0,0.0,1,0,1,0,0.0,0.03075125134601715
2517,no_feedback,48,2,5,1,0,-1.0,0.0,1,0,1,0,0.0,0.03075125134601715
2518,no_feedback,48,4,3,0,1,1.0,0.0,0,nan,nan,nan,0.0,0.03075125134601715
2519,no_feedback,48,2,4,1,0,-1.0,0.0,1,1,0,0,0.0,0.03075125134601715
2520,no_feedback,48,7,5,1,0,-1.0,0.0,1,0,1,0,0.0,0.03075125134601715
2521,no_feedback,48,4,3,0,1,1.0,0.0,0,nan,nan,nan,0.0,0.03075125134601715
2522,no_feedback,48,6,2,0,0,-1.0,0.0,1,1,0,0,0.0,0.03075125134601715
2523,no_feedback,48,5,3,0,0,-1.0,0.0,1,0,1,0,0.0,0.03075125134601715
2524,no_feedback,48,3,5,1,0,-1.0,0.0,1,0,1,0,0.0,0.03075125134601715
2525,no_feedback,48,7,3,0,0,-1.0,0.0,1,0,1,0,0.0,0.03075125134601715
2526,no_feedback,48,6,3,0,0,-1.0,0.0,1,0,1,0,0.0,0.03075125134601715
2527,no_feedback,48,2,5,1,0,-1.0,0.0,1,0,1,0,0.0,0.03075125134601715
2528,no_feedback,48,8,3,0,0,-1.0,0.0,1,0,1,0,0.0,0.03075125134601715
2529,no_feedback,48,6,3,0,0,-1.0,0.0,1,0,1,0,0.0,0.03075125134601715
2530,no_feedback,48,0,3,0,0,-1.0,0.0,1,0,1,0,0.0,0.03075125134601715
2531,no_feedback,48,4,3,0,1,1.0,0.0,0,nan,nan,nan,0.0,0.03075125134601715
2532,no_feedback,48,7,2,0,0,-1.0,0.0,1,1,0,0,0.0,0.03075125134601715
2533,no_feedback,48,4,3,0,1,1.0,0.0,0,nan,nan,nan,0.0,0.03075125134601715
2534,no_feedback,48,7,4,1,0,-1.0,0.0,1,1,0,0,0.0,0.03075125134601715
2535,no_feedback,48,6,5,1,1,1.0,0.0,0,nan,nan,nan,0.0,0.03075125134601715
2536,no_feedback,48,4,6,1,0,-1.0,0.0,1,1,0,0,0.0,0.03075125134601715
2537,no_feedback,48,3,5,1,0,-1.0,0.0,1,0,1,0,0.0,0.03075125134601715
2538,no_feedback,48,4,3,0,1,1.0,0.0,0,nan,nan,nan,0.0,0.03075125134601715
2539,no_feedback,48,1,4,1,0,-1.0,0.0,1,1,0,0,0.0,0.03075125134601715
2540,no_feedback,48,3,5,1,0,-1.0,0.0,1,0,1,0,0.0,0.03075125134601715
2541,no_feedback,48,0,3,0,0,-1.0,0.0,1,0,1,0,0.0,0.03075125134601715
2542,no_feedback,48,8,5,1,0,-1.0,0.0,1,0,1,0,0.0,0.03075125134601715
2543,no_feedback,48,6,3,0,0,-1.0,0.0,1,0,1,0,0.0,0.03075125134601715
2544,no_feedback,48,0,5,1,0,-1.0,0.0,1,0,1,0,0.0,0.03075125134601715
2545,no_feedback,48,2,5,1,0,-1.0,0.0,1,0,1,0,0.0,0.03075125134601715
2546,no_feedback,48,2,5,1,0,-1.0,0.0,1,0,1,0,0.0,0.03075125134601715
2547,no_feedback,48,0,5,1,0,-1.0,0.0,1,0,1,0,0.0,0.03075125134601715
2548,no_feedback,48,0,3,0,0,-1.0,0.0,1,0,1,0,0.0,0.03075125134601715
2549,no_feedback,48,4,3,0,1,1.0,0.0,0,nan,nan,nan,0.0,0.03075125134601715
2550,no_feedback,48,0,4,1,0,-1.0,0.0,1,1,0,0,0.0,0.03075125134601715
2551,no_feedback,48,8,5,1,0,-1.0,0.0,1,0,1,0,0.0,0.03075125134601715
2552,no_feedback,48,7,5,1,0,-1.0,0.0,1,0,1,0,0.0,0.03075125134601715
2553,no_feedback,48,0,3,0,0,-1.0,0.0,1,0,1,0,0.0,0.03075125134601715
2554,no_feedback,48,5,5,1,1,1.0,0.0,0,nan,nan,nan,0.0,0.03075125134601715
2555,no_feedback,48,6,4,0,0,-1.0,0.0,1,1,0,0,0.0,0.03075125134601715
2556,no_feedback,48,2,5,1,0,-1.0,0.0,1,0,1,0,0.0,0.03075125134601715
2557,no_feedback,48,0,3,0,0,-1.0,0.0,1,0,1,0,0.0,0.03075125134601715
2558,no_feedback,48,2,5,1,0,-1.0,0.0,1,0,1,0,0.0,0.03075125134601715
2559,no_feedback,48,1,5,1,0,-1.0,0.0,1,0,1,0,0.0,0.03075125134601715
2560,no_feedback,48,4,5,1,1,1.0,0.0,0,nan,nan,nan,0.0,0.03075125134601715
2561,no_feedback,48,5,4,0,1,1.0,0.0,0,nan,nan,nan,0.0,0.03075125134601715
2562,no_feedback,48,3,5,1,0,-1.0,0.0,1,2,0,0,0.0,0.03075125134601715
2563,no_feedback,48,8,3,0,0,-1.0,0.0,1,0,1,0,0.0,0.03075125134601715
2564,no_feedback,48,6,3,0,0,-1.0,0.0,1,0,1,0,0.0,0.03075125134601715
2565,no_feedback,48,3,5,1,0,-1.0,0.0,1,0,1,0,0.0,0.03075125134601715
2566,no_feedback,48,6,3,0,0,-1.0,0.0,1,0,1,0,0.0,0.03075125134601715
2567,no_feedback,48,4,3,0,1,1.0,0.0,0,nan,nan,nan,0.0,0.03075125134601715
2568,no_feedback,48,8,4,1,0,-1.0,0.0,1,1,0,0,0.0,0.03075125134601715
2569,no_feedback,48,8,3,0,0,-1.0,0.0,1,0,1,0,0.0,0.03075125134601715
2570,no_feedback,48,3,5,1,0,-1.0,0.0,1,0,1,0,0.0,0.03075125134601715
2571,no_feedback,48,0,5,1,0,-1.0,0.0,1,0,1,0,0.0,0.03075125134601715
2572,no_feedback,48,7,5,1,0,-1.0,0.0,1,0,1,0,0.0,0.03075125134601715
2573,no_feedback,48,5,3,0,0,-1.0,0.0,1,0,1,0,0.0,0.03075125134601715
2574,no_feedback,48,1,3,0,0,-1.0,0.0,1,0,1,0,0.0,0.03075125134601715
2575,no_feedback,48,8,5,1,0,-1.0,0.0,1,0,1,0,0.0,0.03075125134601715
2576,no_feedback,48,0,3,0,0,-1.0,0.0,1,0,1,0,0.0,0.03075125134601715
2577,no_feedback,48,0,3,0,0,-1.0,0.0,1,0,1,0,0.0,0.03075125134601715
2578,no_feedback,48,2,5,1,0,-1.0,0.0,1,0,1,0,0.0,0.03075125134601715
2579,no_feedback,48,7,5,1,0,-1.0,0.0,1,0,1,0,0.0,0.03075125134601715
2580,no_feedback,48,8,3,0,0,-1.0,0.0,1,0,1,0,0.0,0.03075125134601715
2581,no_feedback,48,1,5,1,0,-1.0,0.0,1,0,1,0,0.0,0.03075125134601715
2582,no_feedback,48,3,5,1,0,-1.0,0.0,1,0,1,0,0.0,0.03075125134601715
2583,no_feedback,48,6,3,0,0,-1.0,0.0,1,0,1,0,0.0,0.03075125134601715
2584,no_feedback,48,8,3,0,0,-1.0,0.0,1,0,1,0,0.0,0.03075125134601715
2585,no_feedback,48,6,5,1,1,1.0,0.0,0,nan,nan,nan,0.0,0.03075125134601715
2586,no_feedback,48,7,4,0,0,-1.0,0.0,1,1,0,0,0.0,0.03075125134601715
2587,no_feedback,48,2,5,1,0,-1.0,0.0,1,0,1,0,0.0,0.03075125134601715
2588,no_feedback,48,1,3,0,0,-1.0,0.0,1,0,1,0,0.0,0.03075125134601715
2589,no_feedback,48,1,5,1,0,-1.0,0.0,1,0,1,0,0.0,0.03075125134601715
2590,no_feedback,48,2,5,1,0,-1.0,0.0,1,0,1,0,0.0,0.03075125134601715
2591,no_feedback,48,4,3,0,1,1.0,0.0,0,nan,nan,nan,0.0,0.03075125134601715
2592,no_feedback,48,0,4,1,0,-1.0,0.0,1,1,0,0,0.0,0.03075125134601715
2593,no_feedback,48,8,3,0,0,-1.0,0.0,1,0,1,0,0.0,0.03075125134601715
2594,no_feedback,48,0,3,0,0,-1.0,0.0,1,0,1,0,0.0,0.03075125134601715
2595,no_feedback,48,7,3,0,0,-1.0,0.0,1,0,1,0,0.0,0.03075125134601715
2596,no_feedback,48,3,5,1,0,-1.0,0.0,1,0,1,0,0.0,0.03075125134601715
2597,no_feedback,48,7,5,1,0,-1.0,0.0,1,0,1,0,0.0,0.03075125134601715
2598,no_feedback,48,7,3,0,0,-1.0,0.0,1,0,1,0,0.0,0.03075125134601715
2599,no_feedback,48,1,5,1,0,-1.0,0.0,1,0,1,0,0.0,0.03075125134601715
2600,no_feedback,48,6,3,0,0,-1.0,0.0,1,0,1,0,0.0,0.03075125134601715
2601,no_feedback,48,0,3,0,0,-1.0,0.0,1,0,1,0,0.0,0.03075125134601715
2602,no_feedback,48,3,5,1,0,-1.0,0.0,1,0,1,0,0.0,0.03075125134601715
2603,no_feedback,48,3,5,1,0,-1.0,0.0,1,0,1,0,0.0,0.03075125134601715
2604,no_feedback,48,3,5,1,0,-1.0,0.0,1,0,1,0,0.0,0.03075125134601715
2605,no_feedback,48,2,5,1,0,-1.0,0.0,1,0,1,0,0.0,0.03075125134601715
2606,no_feedback,48,6,5,1,1,1.0,0.0,0,nan,nan,nan,0.0,0.03075125134601715
2607,no_feedback,48,6,4,0,0,-1.0,0.0,1,1,0,0,0.0,0.03075125134601715
2608,no_feedback,48,7,5,1,0,-1.0,0.0,1,0,1,0,0.0,0.03075125134601715
2609,no_feedback,48,4,3,0,1,1.0,0.0,0,nan,nan,nan,0.0,0.03075125134601715
2610,no_feedback,48,0,2,0,0,-1.0,0.0,1,1,0,0,0.0,0.03075125134601715
2611,no_feedback,48,1,3,0,0,-1.0,0.0,1,0,1,0,0.0,0.03075125134601715
2612,no_feedback,48,8,3,0,0,-1.0,0.0,1,0,1,0,0.0,0.03075125134601715
2613,no_feedback,48,6,5,1,1,1.0,0.0,0,nan,nan,nan,0.0,0.03075125134601715
2614,no_feedback,48,4,6,1,0,-1.0,0.0,1,1,0,0,0.0,0.03075125134601715
2615,no_feedback,48,1,3,0,0,-1.0,0.0,1,0,1,0,0.0,0.03075125134601715
2616,no_feedback,48,3,5,1,0,-1.0,0.0,1,0,1,0,0.0,0.03075125134601715
2617,no_feedback,48,3,5,1,0,-1.0,0.0,1,0,1,0,0.0,0.03075125134601715
2618,no_feedback,48,5,5,1,1,1.0,0.0,0,nan,nan,nan,0.0,0.03075125134601715
2619,no_feedback,48,0,6,1,0,-1.0,0.0,1,1,0,0,0.0,0.03075125134601715
2620,no_feedback,48,6,3,0,0,-1.0,0.0,1,0,1,0,0.0,0.03075125134601715
2621,no_feedback,48,8,3,0,0,-1.0,0.0,1,0,1,0,0.0,0.03075125134601715
2622,no_feedback,48,1,3,0,0,-1.0,0.0,1,0,1,0,0.0,0.03075125134601715
2623,no_feedback,48,7,3,0,0,-1.0,0.0,1,0,1,0,0.0,0.03075125134601715
2624,no_feedback,48,4,3,0,1,1.0,0.0,0,nan,nan,nan,0.0,0.03075125134601715
2625,no_feedback,48,8,4,1,0,-1.0,0.0,1,1,0,0,0.0,0.03075125134601715
2626,no_feedback,48,3,3,0,1,1.0,0.0,0,nan,nan,nan,0.0,0.03075125134601715
2627,no_feedback,48,6,4,1,0,-1.0,0.0,1,1,0,0,0.0,0.03075125134601715
2628,no_feedback,48,7,5,1,0,-1.0,0.0,1,0,1,0,0.0,0.03075125134601715
2629,no_feedback,48,0,5,1,0,-1.0,0.0,1,0,1,0,0.0,0.03075125134601715
2630,no_feedback,48,1,5,1,0,-1.0,0.0,1,0,1,0,0.0,0.03075125134601715
2631,no_feedback,48,5,5,1,1,1.0,0.0,0,nan,nan,nan,0.0,0.03075125134601715
2632,no_feedback,48,1,4,0,0,-1.0,0.0,1,1,0,0,0.0,0.03075125134601715
2633,no_feedback,48,6,3,0,0,-1.0,0.0,1,0,1,0,0.0,0.03075125134601715
2634,no_feedback,48,5,3,0,0,-1.0,0.0,1,0,1,0,0.0,0.03075125134601715
2635,no_feedback,48,0,5,1,0,-1.0,0.0,1,0,1,0,0.0,0.03075125134601715
2636,no_feedback,48,4,3,0,1,1.0,0.0,0,nan,nan,nan,0.0,0.03075125134601715
2637,no_feedback,48,2,4,1,0,-1.0,0.0,1,1,0,0,0.0,0.03075125134601715
2638,no_feedback,48,6,5,1,1,1.0,0.0,0,nan,nan,nan,0.0,0.03075125134601715
2639,no_feedback,48,0,6,1,0,-1.0,0.0,1,1,0,0,0.0,0.03075125134601715
2640,no_feedback,48,5,3,0,0,-1.0,0.0,1,0,1,0,0.0,0.03075125134601715
2641,no_feedback,48,8,3,0,0,-1.0,0.0,1,0,1,0,0.0,0.03075125134601715
2642,no_feedback,48,8,5,1,0,-1.0,0.0,1,0,1,0,0.0,0.03075125134601715
2643,no_feedback,48,7,3,0,0,-1.0,0.0,1,0,1,0,0.0,0.03075125134601715
2644,no_feedback,48,1,3,0,0,-1.0,0.0,1,0,1,0,0.0,0.03075125134601715
2645,no_feedback,48,7,3,0,0,-1.0,0.0,1,0,1,0,0.0,0.03075125134601715
2646,no_feedback,48,3,5,1,0,-1.0,0.0,1,0,1,0,0.0,0.03075125134601715
2647,no_feedback,48,7,3,0,0,-1.0,0.0,1,0,1,0,0.0,0.03075125134601715
2648,no_feedback,48,8,5,1,0,-1.0,0.0,1,0,1,0,0.0,0.03075125134601715
2649,no_feedback,48,5,5,1,1,1.0,0.0,0,nan,nan,nan,0.0,0.03075125134601715
2650,no_feedback,48,4,6,1,0,-1.0,0.0,1,1,0,0,0.0,0.03075125134601715
2651,no_feedback,48,0,5,1,0,-1.0,0.0,1,0,1,0,0.0,0.03075125134601715
2652,no_feedback,48,3,5,1,0,-1.0,0.0,1,0,1,0,0.0,0.03075125134601715
2653,no_feedback,48,6,5,1,1,1.0,0.0,0,nan,nan,nan,0.0,0.03075125134601715
2654,no_feedback,48,7,6,1,1,1.0,0.0,0,nan,nan,nan,0.0,0.03075125134601715
2655,no_feedback,48,7,7,1,1,1.0,0.0,0,nan,nan,nan,0.0,0.03075125134601715
2656,no_feedback,48,3,8,1,0,-1.0,0.0,1,3,0,1,0.0,0.03075125134601715
2657,no_feedback,48,3,5,1,0,-1.0,0.0,1,0,1,0,0.0,0.03075125134601715
2658,no_feedback,48,1,5,1,0,-1.0,0.0,1,0,1,0,0.0,0.03075125134601715
2659,no_feedback,48,3,5,1,0,-1.0,0.0,1,0,1,0,0.0,0.03075125134601715
2660,no_feedback,48,8,5,1,0,-1.0,0.0,1,0,1,0,0.0,0.03075125134601715
2661,no_feedback,48,2,5,1,0,-1.0,0.0,1,0,1,0,0.0,0.03075125134601715
2662,no_feedback,48,6,5,1,1,1.0,0.0,0,nan,nan,nan,0.0,0.03075125134601715
2663,no_feedback,48,6,6,1,1,1.0,0.0,0,nan,nan,nan,0.0,0.03075125134601715
2664,no_feedback,48,2,5,0,0,-1.0,0.0,1,2,0,0,0.0,0.03075125134601715
2665,no_feedback,48,6,3,0,0,-1.0,0.0,1,0,1,0,0.0,0.03075125134601715
2666,no_feedback,48,1,5,1,0,-1.0,0.0,1,0,1,0,0.0,0.03075125134601715
2667,no_feedback,48,5,3,0,0,-1.0,0.0,1,0,1,0,0.0,0.03075125134601715
2668,no_feedback,48,8,5,1,0,-1.0,0.0,1,0,1,0,0.0,0.03075125134601715
2669,no_feedback,48,3,5,1,0,-1.0,0.0,1,0,1,0,0.0,0.03075125134601715
2670,no_feedback,48,8,5,1,0,-1.0,0.0,1,0,1,0,0.0,0.03075125134601715
2671,no_feedback,48,0,5,1,0,-1.0,0.0,1,0,1,0,0.0,0.03075125134601715
2672,no_feedback,48,8,5,1,0,-1.0,0.0,1,0,1,0,0.0,0.03075125134601715
2673,no_feedback,48,5,3,0,0,-1.0,0.0,1,0,1,0,0.0,0.03075125134601715
2674,no_feedback,48,6,5,1,1,1.0,0.0,0,nan,nan,nan,0.0,0.03075125134601715
2675,no_feedback,48,8,6,1,0,-1.0,0.0,1,1,0,0,0.0,0.03075125134601715
2676,no_feedback,48,1,5,1,0,-1.0,0.0,1,0,1,0,0.0,0.03075125134601715
2677,no_feedback,48,2,5,1,0,-1.0,0.0,1,0,1,0,0.0,0.03075125134601715
2678,no_feedback,48,2,5,1,0,-1.0,0.0,1,0,1,0,0.0,0.03075125134601715
2679,no_feedback,48,7,5,1,0,-1.0,0.0,1,0,1,0,0.0,0.03075125134601715
2680,no_feedback,48,2,5,1,0,-1.0,0.0,1,0,1,0,0.0,0.03075125134601715
2681,no_feedback,48,1,3,0,0,-1.0,0.0,1,0,1,0,0.0,0.03075125134601715
2682,no_feedback,48,5,3,0,0,-1.0,0.0,1,0,1,0,0.0,0.03075125134601715
2683,no_feedback,48,4,3,0,1,1.0,0.0,0,nan,nan,nan,0.0,0.03075125134601715
2684,no_feedback,48,1,4,1,0,-1.0,0.0,1,1,0,0,0.0,0.03075125134601715
2685,no_feedback,48,4,3,0,1,1.0,0.0,0,nan,nan,nan,0.0,0.03075125134601715
2686,no_feedback,48,8,4,1,0,-1.0,0.0,1,1,0,0,0.0,0.03075125134601715
2687,no_feedback,48,1,3,0,0,-1.0,0.0,1,0,1,0,0.0,0.03075125134601715
2688,no_feedback,48,0,3,0,0,-1.0,0.0,1,0,1,0,0.0,0.03075125134601715
2689,no_feedback,48,2,5,1,0,-1.0,0.0,1,0,1,0,0.0,0.03075125134601715
2690,no_feedback,48,8,5,1,0,-1.0,0.0,1,0,1,0,0.0,0.03075125134601715
2691,no_feedback,48,2,5,1,0,-1.0,0.0,1,0,1,0,0.0,0.03075125134601715
2692,no_feedback,48,4,3,0,1,1.0,0.0,0,nan,nan,nan,0.0,0.03075125134601715
2693,no_feedback,48,0,2,0,0,-1.0,0.0,1,1,0,0,0.0,0.03075125134601715
2694,no_feedback,48,1,5,1,0,-1.0,0.0,1,0,1,0,0.0,0.03075125134601715
2695,no_feedback,48,8,5,1,0,-1.0,0.0,1,0,1,0,0.0,0.03075125134601715
2696,no_feedback,48,3,5,1,0,-1.0,0.0,1,0,1,0,0.0,0.03075125134601715
2697,no_feedback,48,3,5,1,0,-1.0,0.0,1,0,1,0,0.0,0.03075125134601715
2698,no_feedback,48,4,3,0,1,1.0,0.0,0,nan,nan,nan,0.0,0.03075125134601715
2699,no_feedback,48,2,4,1,0,-1.0,0.0,1,1,0,0,0.0,0.03075125134601715
2700,no_feedback,48,4,3,0,1,1.0,0.0,0,nan,nan,nan,0.0,0.03075125134601715
2701,no_feedback,48,2,4,1,0,-1.0,0.0,1,1,0,0,0.0,0.03075125134601715
2702,no_feedback,48,5,5,1,1,1.0,0.0,0,nan,nan,nan,0.0,0.03075125134601715
2703,no_feedback,48,5,4,0,1,1.0,0.0,0,nan,nan,nan,0.0,0.03075125134601715
2704,no_feedback,48,6,3,0,0,-1.0,0.0,1,2,0,0,0.0,0.03075125134601715
2705,no_feedback,48,5,3,0,0,-1.0,0.0,1,0,1,0,0.0,0.03075125134601715
2706,no_feedback,48,6,3,0,0,-1.0,0.0,1,0,1,0,0.0,0.03075125134601715
2707,no_feedback,48,8,3,0,0,-1.0,0.0,1,0,1,0,0.0,0.03075125134601715
2708,no_feedback,48,4,3,0,1,1.0,0.0,0,nan,nan,nan,0.0,0.03075125134601715
2709,no_feedback,48,7,2,0,0,-1.0,0.0,1,1,0,0,0.0,0.03075125134601715
2710,no_feedback,48,7,5,1,0,-1.0,0.0,1,0,1,0,0.0,0.03075125134601715
2711,no_feedback,48,5,5,1,1,1.0,0.0,0,nan,nan,nan,0.0,0.03075125134601715
2712,no_feedback,48,5,4,0,1,1.0,0.0,0,nan,nan,nan,0.0,0.03075125134601715
2713,no_feedback,48,1,5,1,0,-1.0,0.0,1,2,0,0,0.0,0.03075125134601715
2714,no_feedback,48,1,3,0,0,-1.0,0.0,1,0,1,0,0.0,0.03075125134601715
2715,no_feedback,48,6,5,1,1,1.0,0.0,0,nan,nan,nan,0.0,0.03075125134601715
2716,no_feedback,48,7,4,0,0,-1.0,0.0,1,1,0,0,0.0,0.03075125134601715
2717,no_feedback,48,0,3,0,0,-1.0,0.0,1,0,1,0,0.0,0.03075125134601715
2718,no_feedback,48,0,5,1,0,-1.0,0.0,1,0,1,0,0.0,0.03075125134601715
2719,no_feedback,48,7,3,0,0,-1.0,0.0,1,0,1,0,0.0,0.03075125134601715
2720,no_feedback,48,3,5,1,0,-1.0,0.0,1,0,1,0,0.0,0.03075125134601715
2721,no_feedback,48,7,5,1,0,-1.0,0.0,1,0,1,0,0.0,0.03075125134601715
2722,no_feedback,48,6,3,0,0,-1.0,0.0,1,0,1,0,0.0,0.03075125134601715
2723,no_feedback,48,6,3,0,0,-1.0,0.0,1,0,1,0,0.0,0.03075125134601715
2724,no_feedback,48,1,3,0,0,-1.0,0.0,1,0,1,0,0.0,0.03075125134601715
2725,no_feedback,48,8,3,0,0,-1.0,0.0,1,0,1,0,0.0,0.03075125134601715
2726,no_feedback,48,0,5,1,0,-1.0,0.0,1,0,1,0,0.0,0.03075125134601715
2727,no_feedback,48,8,5,1,0,-1.0,0.0,1,0,1,0,0.0,0.03075125134601715
2728,no_feedback,48,7,3,0,0,-1.0,0.0,1,0,1,0,0.0,0.03075125134601715
2729,no_feedback,48,0,3,0,0,-1.0,0.0,1,0,1,0,0.0,0.03075125134601715
2730,no_feedback,48,4,3,0,1,1.0,0.0,0,nan,nan,nan,0.0,0.03075125134601715
2731,no_feedback,48,4,4,1,1,1.0,0.0,0,nan,nan,nan,0.0,0.03075125134601715
2732,no_feedback,48,6,5,1,1,1.0,0.0,0,nan,nan,nan,0.0,0.03075125134601715
2733,no_feedback,48,6,6,1,1,1.0,0.0,0,nan,nan,nan,0.0,0.03075125134601715
2734,no_feedback,48,4,7,1,0,-1.0,0.0,1,4,0,1,0.0,0.03075125134601715
2735,no_feedback,48,3,5,1,0,-1.0,0.0,1,0,1,0,0.0,0.03075125134601715
2736,no_feedback,48,7,5,1,0,-1.0,0.0,1,0,1,0,0.0,0.03075125134601715
2737,no_feedback,48,5,5,1,1,1.0,0.0,0,nan,nan,nan,0.0,0.03075125134601715
2738,no_feedback,48,2,4,0,0,-1.0,0.0,1,1,0,0,0.0,0.03075125134601715
2739,no_feedback,48,7,3,0,0,-1.0,0.0,1,0,1,0,0.0,0.03075125134601715
2740,no_feedback,48,8,5,1,0,-1.0,0.0,1,0,1,0,0.0,0.03075125134601715
2741,no_feedback,48,3,5,1,0,-1.0,0.0,1,0,1,0,0.0,0.03075125134601715
2742,no_feedback,48,1,5,1,0,-1.0,0.0,1,0,1,0,0.0,0.03075125134601715
2743,no_feedback,48,1,3,0,0,-1.0,0.0,1,0,1,0,0.0,0.03075125134601715
2744,no_feedback,48,5,5,1,1,1.0,0.0,0,nan,nan,nan,0.0,0.03075125134601715
2745,no_feedback,48,0,6,1,0,-1.0,0.0,1,1,0,0,0.0,0.03075125134601715
2746,no_feedback,48,4,3,0,1,1.0,0.0,0,nan,nan,nan,0.0,0.03075125134601715
2747,no_feedback,48,0,4,1,0,-1.0,0.0,1,1,0,0,0.0,0.03075125134601715
2748,no_feedback,48,6,5,1,1,1.0,0.0,0,nan,nan,nan,0.0,0.03075125134601715
2749,no_feedback,48,4,6,1,0,-1.0,0.0,1,1,0,0,0.0,0.03075125134601715
2750,no_feedback,48,7,5,1,0,-1.0,0.0,1,0,1,0,0.0,0.03075125134601715
2751,no_feedback,48,2,5,1,0,-1.0,0.0,1,0,1,0,0.0,0.03075125134601715
2752,no_feedback,48,6,5,1,1,1.0,0.0,0,nan,nan,nan,0.0,0.03075125134601715
2753,no_feedback,48,1,4,0,0,-1.0,0.0,1,1,0,0,0.0,0.03075125134601715
2754,no_feedback,48,0,3,0,0,-1.0,0.0,1,0,1,0,0.0,0.03075125134601715
2755,no_feedback,48,7,5,1,0,-1.0,0.0,1,0,1,0,0.0,0.03075125134601715
2756,no_feedback,48,2,5,1,0,-1.0,0.0,1,0,1,0,0.0,0.03075125134601715
2757,no_feedback,48,1,5,1,0,-1.0,0.0,1,0,1,0,0.0,0.03075125134601715
2758,no_feedback,48,5,3,0,0,-1.0,0.0,1,0,1,0,0.0,0.03075125134601715
2759,no_feedback,48,8,5,1,0,-1.0,0.0,1,0,1,0,0.0,0.03075125134601715
2760,no_feedback,48,8,5,1,0,-1.0,0.0,1,0,1,0,0.0,0.03075125134601715
2761,no_feedback,48,8,5,1,0,-1.0,0.0,1,0,1,0,0.0,0.03075125134601715
2762,no_feedback,48,1,5,1,0,-1.0,0.0,1,0,1,0,0.0,0.03075125134601715
2763,no_feedback,48,7,5,1,0,-1.0,0.0,1,0,1,0,0.0,0.03075125134601715
2764,no_feedback,48,3,5,1,0,-1.0,0.0,1,0,1,0,0.0,0.03075125134601715
2765,no_feedback,48,0,5,1,0,-1.0,0.0,1,0,1,0,0.0,0.03075125134601715
2766,no_feedback,48,3,5,1,0,-1.0,0.0,1,0,1,0,0.0,0.03075125134601715
2767,no_feedback,48,6,3,0,0,-1.0,0.0,1,0,1,0,0.0,0.03075125134601715
2768,no_feedback,48,2,3,0,1,1.0,0.0,0,nan,nan,nan,0.0,0.03075125134601715
2769,no_feedback,48,5,2,0,0,-1.0,0.0,1,1,0,0,0.0,0.03075125134601715
2770,no_feedback,48,3,5,1,0,-1.0,0.0,1,0,1,0,0.0,0.03075125134601715
2771,no_feedback,48,4,3,0,1,1.0,0.0,0,nan,nan,nan,0.0,0.03075125134601715
2772,no_feedback,48,5,2,0,0,-1.0,0.0,1,1,0,0,0.0,0.03075125134601715
2773,no_feedback,48,8,3,0,0,-1.0,0.0,1,0,1,0,0.0,0.03075125134601715
2774,no_feedback,48,8,3,0,0,-1.0,0.0,1,0,1,0,0.0,0.03075125134601715
2775,no_feedback,48,3,5,1,0,-1.0,0.0,1,0,1,0,0.0,0.03075125134601715
2776,no_feedback,48,7,3,0,0,-1.0,0.0,1,0,1,0,0.0,0.03075125134601715
2777,no_feedback,48,6,3,0,0,-1.0,0.0,1,0,1,0,0.0,0.03075125134601715
2778,no_feedback,48,7,5,1,0,-1.0,0.0,1,0,1,0,0.0,0.03075125134601715
2779,no_feedback,48,6,3,0,0,-1.0,0.0,1,0,1,0,0.0,0.03075125134601715
2780,no_feedback,48,0,5,1,0,-1.0,0.0,1,0,1,0,0.0,0.03075125134601715
2781,no_feedback,48,7,5,1,0,-1.0,0.0,1,0,1,0,0.0,0.03075125134601715
2782,no_feedback,48,8,5,1,0,-1.0,0.0,1,0,1,0,0.0,0.03075125134601715
2783,no_feedback,48,1,5,1,0,-1.0,0.0,1,0,1,0,0.0,0.03075125134601715
2784,no_feedback,48,0,5,1,0,-1.0,0.0,1,0,1,0,0.0,0.03075125134601715
2785,no_feedback,48,0,5,1,0,-1.0,0.0,1,0,1,0,0.0,0.03075125134601715
2786,no_feedback,48,1,5,1,0,-1.0,0.0,1,0,1,0,0.0,0.03075125134601715
2787,no_feedback,48,6,5,1,1,1.0,0.0,0,nan,nan,nan,0.0,0.03075125134601715
2788,no_feedback,48,7,4,0,0,-1.0,0.0,1,1,0,0,0.0,0.03075125134601715
2789,no_feedback,48,3,5,1,0,-1.0,0.0,1,0,1,0,0.0,0.03075125134601715
2790,no_feedback,48,8,3,0,0,-1.0,0.0,1,0,1,0,0.0,0.03075125134601715
2791,no_feedback,48,1,3,0,0,-1.0,0.0,1,0,1,0,0.0,0.03075125134601715
2792,no_feedback,48,4,3,0,1,1.0,0.0,0,nan,nan,nan,0.0,0.03075125134601715
2793,no_feedback,48,6,4,1,0,-1.0,0.0,1,1,0,0,0.0,0.03075125134601715
2794,no_feedback,48,8,3,0,0,-1.0,0.0,1,0,1,0,0.0,0.03075125134601715
2795,no_feedback,48,8,3,0,0,-1.0,0.0,1,0,1,0,0.0,0.03075125134601715
2796,no_feedback,48,8,5,1,0,-1.0,0.0,1,0,1,0,0.0,0.03075125134601715
2797,no_feedback,48,4,3,0,1,1.0,0.0,0,nan,nan,nan,0.0,0.03075125134601715
2798,no_feedback,48,5,4,1,1,1.0,0.0,0,nan,nan,nan,0.0,0.03075125134601715
2799,no_feedback,48,8,5,1,0,-1.0,0.0,1,2,0,0,0.0,0.03075125134601715
2800,no_feedback,48,7,5,1,0,-1.0,0.0,1,0,1,0,0.0,0.03075125134601715
2801,no_feedback,48,2,5,1,0,-1.0,0.0,1,0,1,0,0.0,0.03075125134601715
2802,no_feedback,48,8,3,0,0,-1.0,0.0,1,0,1,0,0.0,0.03075125134601715
2803,no_feedback,48,4,3,0,1,1.0,0.0,0,nan,nan,nan,0.0,0.03075125134601715
2804,no_feedback,48,1,4,1,0,-1.0,0.0,1,1,0,0,0.0,0.03075125134601715
2805,no_feedback,48,1,5,1,0,-1.0,0.0,1,0,1,0,0.0,0.03075125134601715
2806,no_feedback,48,8,5,1,0,-1.0,0.0,1,0,1,0,0.0,0.03075125134601715
2807,no_feedback,48,2,5,1,0,-1.0,0.0,1,0,1,0,0.0,0.03075125134601715
2808,no_feedback,48,7,5,1,0,-1.0,0.0,1,0,1,0,0.0,0.03075125134601715
2809,no_feedback,48,1,5,1,0,-1.0,0.0,1,0,1,0,0.0,0.03075125134601715
2810,no_feedback,48,7,5,1,0,-1.0,0.0,1,0,1,0,0.0,0.03075125134601715
2811,no_feedback,48,8,3,0,0,-1.0,0.0,1,0,1,0,0.0,0.03075125134601715
2812,no_feedback,48,3,5,1,0,-1.0,0.0,1,0,1,0,0.0,0.03075125134601715
2813,no_feedback,48,5,3,0,0,-1.0,0.0,1,0,1,0,0.0,0.03075125134601715
2814,no_feedback,48,0,5,1,0,-1.0,0.0,1,0,1,0,0.0,0.03075125134601715
2815,no_feedback,48,0,5,1,0,-1.0,0.0,1,0,1,0,0.0,0.03075125134601715
2816,no_feedback,48,4,3,0,1,1.0,0.0,0,nan,nan,nan,0.0,0.03075125134601715
2817,no_feedback,48,0,4,1,0,-1.0,0.0,1,1,0,0,0.0,0.03075125134601715
2818,no_feedback,48,5,5,1,1,1.0,0.0,0,nan,nan,nan,0.0,0.03075125134601715
2819,no_feedback,48,3,6,1,0,-1.0,0.0,1,1,0,0,0.0,0.03075125134601715
2820,no_feedback,48,6,3,0,0,-1.0,0.0,1,0,1,0,0.0,0.03075125134601715
2821,no_feedback,48,1,3,0,0,-1.0,0.0,1,0,1,0,0.0,0.03075125134601715
2822,no_feedback,48,4,3,0,1,1.0,0.0,0,nan,nan,nan,0.0,0.03075125134601715
2823,no_feedback,48,1,4,1,0,-1.0,0.0,1,1,0,0,0.0,0.03075125134601715
2824,no_feedback,48,1,3,0,0,-1.0,0.0,1,0,1,0,0.0,0.03075125134601715
2825,no_feedback,48,6,5,1,1,1.0,0.0,0,nan,nan,nan,0.0,0.03075125134601715
2826,no_feedback,48,4,6,1,0,-1.0,0.0,1,1,0,0,0.0,0.03075125134601715
2827,no_feedback,48,6,3,0,0,-1.0,0.0,1,0,1,0,0.0,0.03075125134601715
2828,no_feedback,48,8,3,0,0,-1.0,0.0,1,0,1,0,0.0,0.03075125134601715
2829,no_feedback,48,2,5,1,0,-1.0,0.0,1,0,1,0,0.0,0.03075125134601715
2830,no_feedback,48,7,3,0,0,-1.0,0.0,1,0,1,0,0.0,0.03075125134601715
2831,no_feedback,48,1,5,1,0,-1.0,0.0,1,0,1,0,0.0,0.03075125134601715
2832,no_feedback,48,3,5,1,0,-1.0,0.0,1,0,1,0,0.0,0.03075125134601715
2833,no_feedback,48,2,5,1,0,-1.0,0.0,1,0,1,0,0.0,0.03075125134601715
2834,no_feedback,48,2,5,1,0,-1.0,0.0,1,0,1,0,0.0,0.03075125134601715
2835,no_feedback,48,1,5,1,0,-1.0,0.0,1,0,1,0,0.0,0.03075125134601715
2836,no_feedback,48,6,5,1,1,1.0,0.0,0,nan,nan,nan,0.0,0.03075125134601715
2837,no_feedback,48,1,4,0,0,-1.0,0.0,1,1,0,0,0.0,0.03075125134601715
2838,no_feedback,48,2,3,0,1,1.0,0.0,0,nan,nan,nan,0.0,0.03075125134601715
2839,no_feedback,48,0,4,1,0,-1.0,0.0,1,1,0,0,0.0,0.03075125134601715
2840,no_feedback,48,3,5,1,0,-1.0,0.0,1,0,1,0,0.0,0.03075125134601715
2841,no_feedback,48,5,5,1,1,1.0,0.0,0,nan,nan,nan,0.0,0.03075125134601715
2842,no_feedback,48,6,6,1,1,1.0,0.0,0,nan,nan,nan,0.0,0.03075125134601715
2843,no_feedback,48,7,7,1,1,1.0,0.0,0,nan,nan,nan,0.0,0.03075125134601715
2844,no_feedback,48,4,6,0,0,-1.0,0.0,1,3,0,1,0.0,0.03075125134601715
2845,no_feedback,48,8,5,1,0,-1.0,0.0,1,0,1,0,0.0,0.03075125134601715
2846,no_feedback,48,3,5,1,0,-1.0,0.0,1,0,1,0,0.0,0.03075125134601715
2847,no_feedback,48,6,5,1,1,1.0,0.0,0,nan,nan,nan,0.0,0.03075125134601715
2848,no_feedback,48,2,4,0,0,-1.0,0.0,1,1,0,0,0.0,0.03075125134601715
2849,no_feedback,48,5,3,0,0,-1.0,0.0,1,0,1,0,0.0,0.03075125134601715
2850,no_feedback,48,8,3,0,0,-1.0,0.0,1,0,1,0,0.0,0.03075125134601715
2851,no_feedback,48,6,3,0,0,-1.0,0.0,1,0,1,0,0.0,0.03075125134601715
2852,no_feedback,48,8,5,1,0,-1.0,0.0,1,0,1,0,0.0,0.03075125134601715
2853,no_feedback,48,7,5,1,0,-1.0,0.0,1,0,1,0,0.0,0.03075125134601715
2854,no_feedback,48,7,3,0,0,-1.0,0.0,1,0,1,0,0.0,0.03075125134601715
2855,no_feedback,48,2,5,1,0,-1.0,0.0,1,0,1,0,0.0,0.03075125134601715
2856,no_feedback,48,0,5,1,0,-1.0,0.0,1,0,1,0,0.0,0.03075125134601715
2857,no_feedback,48,7,3,0,0,-1.0,0.0,1,0,1,0,0.0,0.03075125134601715
2858,no_feedback,48,4,3,0,1,1.0,0.0,0,nan,nan,nan,0.0,0.03075125134601715
2859,no_feedback,48,4,2,0,0,-1.0,0.0,1,1,0,0,0.0,0.03075125134601715
2860,no_feedback,48,1,3,0,0,-1.0,0.0,1,0,1,0,0.0,0.03075125134601715
2861,no_feedback,48,8,3,0,0,-1.0,0.0,1,0,1,0,0.0,0.03075125134601715
2862,no_feedback,48,1,3,0,0,-1.0,0.0,1,0,1,0,0.0,0.03075125134601715
2863,no_feedback,48,4,3,0,1,1.0,0.0,0,nan,nan,nan,0.0,0.03075125134601715
2864,no_feedback,48,7,2,0,0,-1.0,0.0,1,1,0,0,0.0,0.03075125134601715
2865,no_feedback,48,0,3,0,0,-1.0,0.0,1,0,1,0,0.0,0.03075125134601715
2866,no_feedback,48,5,5,1,1,1.0,0.0,0,nan,nan,nan,0.0,0.03075125134601715
2867,no_feedback,48,1,4,0,0,-1.0,0.0,1,1,0,0,0.0,0.03075125134601715
2868,no_feedback,48,7,5,1,0,-1.0,0.0,1,0,1,0,0.0,0.03075125134601715
2869,no_feedback,48,3,5,1,0,-1.0,0.0,1,0,1,0,0.0,0.03075125134601715
2870,no_feedback,48,1,3,0,0,-1.0,0.0,1,0,1,0,0.0,0.03075125134601715
2871,no_feedback,48,4,3,0,1,1.0,0.0,0,nan,nan,nan,0.0,0.03075125134601715
2872,no_feedback,48,1,4,1,0,-1.0,0.0,1,1,0,0,0.0,0.03075125134601715
2873,no_feedback,48,7,3,0,0,-1.0,0.0,1,0,1,0,0.0,0.03075125134601715
2874,no_feedback,48,5,3,0,0,-1.0,0.0,1,0,1,0,0.0,0.03075125134601715
2875,no_feedback,48,3,5,1,0,-1.0,0.0,1,0,1,0,0.0,0.03075125134601715
2876,no_feedback,48,3,5,1,0,-1.0,0.0,1,0,1,0,0.0,0.03075125134601715
2877,no_feedback,48,2,5,1,0,-1.0,0.0,1,0,1,0,0.0,0.03075125134601715
2878,no_feedback,48,3,5,1,0,-1.0,0.0,1,0,1,0,0.0,0.03075125134601715
2879,no_feedback,48,1,3,0,0,-1.0,0.0,1,0,1,0,0.0,0.03075125134601715
2880,no_feedback,48,1,5,1,0,-1.0,0.0,1,0,1,0,0.0,0.03075125134601715
2881,no_feedback,48,6,3,0,0,-1.0,0.0,1,0,1,0,0.0,0.03075125134601715
2882,no_feedback,48,4,3,0,1,1.0,0.0,0,nan,nan,nan,0.0,0.03075125134601715
2883,no_feedback,48,1,4,1,0,-1.0,0.0,1,1,0,0,0.0,0.03075125134601715
2884,no_feedback,48,0,5,1,0,-1.0,0.0,1,0,1,0,0.0,0.03075125134601715
2885,no_feedback,48,2,3,0,1,1.0,0.0,0,nan,nan,nan,0.0,0.03075125134601715
2886,no_feedback,48,5,4,1,1,1.0,0.0,0,nan,nan,nan,0.0,0.03075125134601715
2887,no_feedback,48,3,5,1,0,-1.0,0.0,1,2,0,0,0.0,0.03075125134601715
2888,no_feedback,48,7,5,1,0,-1.0,0.0,1,0,1,0,0.0,0.03075125134601715
2889,no_feedback,48,2,5,1,0,-1.0,0.0,1,0,1,0,0.0,0.03075125134601715
2890,no_feedback,48,0,3,0,0,-1.0,0.0,1,0,1,0,0.0,0.03075125134601715
2891,no_feedback,48,2,5,1,0,-1.0,0.0,1,0,1,0,0.0,0.03075125134601715
2892,no_feedback,48,6,5,1,1,1.0,0.0,0,nan,nan,nan,0.0,0.03075125134601715
2893,no_feedback,48,4,6,1,0,-1.0,0.0,1,1,0,0,0.0,0.03075125134601715
2894,no_feedback,48,5,3,0,0,-1.0,0.0,1,0,1,0,0.0,0.03075125134601715
2895,no_feedback,48,8,3,0,0,-1.0,0.0,1,0,1,0,0.0,0.03075125134601715
2896,no_feedback,48,7,3,0,0,-1.0,0.0,1,0,1,0,0.0,0.03075125134601715
2897,no_feedback,48,7,3,0,0,-1.0,0.0,1,0,1,0,0.0,0.03075125134601715
2898,no_feedback,48,5,3,0,0,-1.0,0.0,1,0,1,0,0.0,0.03075125134601715
2899,no_feedback,48,2,5,1,0,-1.0,0.0,1,0,1,0,0.0,0.03075125134601715
2900,no_feedback,48,1,3,0,0,-1.0,0.0,1,0,1,0,0.0,0.03075125134601715
2901,no_feedback,48,1,5,1,0,-1.0,0.0,1,0,1,0,0.0,0.03075125134601715
2902,no_feedback,48,3,5,1,0,-1.0,0.0,1,0,1,0,0.0,0.03075125134601715
2903,no_feedback,48,7,5,1,0,-1.0,0.0,1,0,1,0,0.0,0.03075125134601715
2904,no_feedback,48,1,5,1,0,-1.0,0.0,1,0,1,0,0.0,0.03075125134601715
2905,no_feedback,48,4,3,0,1,1.0,0.0,0,nan,nan,nan,0.0,0.03075125134601715
2906,no_feedback,48,4,2,0,0,-1.0,0.0,1,1,0,0,0.0,0.03075125134601715
2907,no_feedback,48,7,5,1,0,-1.0,0.0,1,0,1,0,0.0,0.03075125134601715
2908,no_feedback,48,7,3,0,0,-1.0,0.0,1,0,1,0,0.0,0.03075125134601715
2909,no_feedback,48,5,5,1,1,1.0,0.0,0,nan,nan,nan,0.0,0.03075125134601715
2910,no_feedback,48,0,6,1,0,-1.0,0.0,1,1,0,0,0.0,0.03075125134601715
2911,no_feedback,48,4,3,0,1,1.0,0.0,0,nan,nan,nan,0.0,0.03075125134601715
2912,no_feedback,48,6,2,0,0,-1.0,0.0,1,1,0,0,0.0,0.03075125134601715
2913,no_feedback,48,1,3,0,0,-1.0,0.0,1,0,1,0,0.0,0.03075125134601715
2914,no_feedback,48,2,5,1,0,-1.0,0.0,1,0,1,0,0.0,0.03075125134601715
2915,no_feedback,48,3,5,1,0,-1.0,0.0,1,0,1,0,0.0,0.03075125134601715
2916,no_feedback,48,5,3,0,0,-1.0,0.0,1,0,1,0,0.0,0.03075125134601715
2917,no_feedback,48,6,5,1,1,1.0,0.0,0,nan,nan,nan,0.0,0.03075125134601715
2918,no_feedback,48,6,4,0,0,-1.0,0.0,1,1,0,0,0.0,0.03075125134601715
2919,no_feedback,48,2,5,1,0,-1.0,0.0,1,0,1,0,0.0,0.03075125134601715
2920,no_feedback,48,2,5,1,0,-1.0,0.0,1,0,1,0,0.0,0.03075125134601715
2921,no_feedback,48,1,3,0,0,-1.0,0.0,1,0,1,0,0.0,0.03075125134601715
2922,no_feedback,48,8,3,0,0,-1.0,0.0,1,0,1,0,0.0,0.03075125134601715
2923,no_feedback,48,1,5,1,0,-1.0,0.0,1,0,1,0,0.0,0.03075125134601715
2924,no_feedback,48,1,3,0,0,-1.0,0.0,1,0,1,0,0.0,0.03075125134601715
2925,no_feedback,48,6,3,0,0,-1.0,0.0,1,0,1,0,0.0,0.03075125134601715
2926,no_feedback,48,2,5,1,0,-1.0,0.0,1,0,1,0,0.0,0.03075125134601715
2927,no_feedback,48,5,5,1,1,1.0,0.0,0,nan,nan,nan,0.0,0.03075125134601715
2928,no_feedback,48,3,6,1,0,-1.0,0.0,1,1,0,0,0.0,0.03075125134601715
2929,no_feedback,48,8,3,0,0,-1.0,0.0,1,0,1,0,0.0,0.03075125134601715
2930,no_feedback,48,1,5,1,0,-1.0,0.0,1,0,1,0,0.0,0.03075125134601715
2931,no_feedback,48,4,3,0,1,1.0,0.0,0,nan,nan,nan,0.0,0.03075125134601715
2932,no_feedback,48,2,4,1,0,-1.0,0.0,1,1,0,0,0.0,0.03075125134601715
2933,no_feedback,48,7,5,1,0,-1.0,0.0,1,0,1,0,0.0,0.03075125134601715
2934,no_feedback,48,8,5,1,0,-1.0,0.0,1,0,1,0,0.0,0.03075125134601715
2935,no_feedback,48,5,5,1,1,1.0,0.0,0,nan,nan,nan,0.0,0.03075125134601715
2936,no_feedback,48,8,6,1,0,-1.0,0.0,1,1,0,0,0.0,0.03075125134601715
2937,no_feedback,48,4,3,0,1,1.0,0.0,0,nan,nan,nan,0.0,0.03075125134601715
2938,no_feedback,48,3,2,0,1,1.0,0.0,0,nan,nan,nan,0.0,0.03075125134601715
2939,no_feedback,48,2,1,0,1,1.0,0.0,0,nan,nan,nan,0.0,0.03075125134601715
2940,no_feedback,48,5,2,1,0,-1.0,0.0,1,3,0,1,0.0,0.03075125134601715
2941,no_feedback,48,3,5,1,0,-1.0,0.0,1,0,1,0,0.0,0.03075125134601715
2942,no_feedback,48,2,5,1,0,-1.0,0.0,1,0,1,0,0.0,0.03075125134601715
2943,no_feedback,48,4,3,0,1,1.0,0.0,0,nan,nan,nan,0.0,0.03075125134601715
2944,no_feedback,48,5,2,0,0,-1.0,0.0,1,1,0,0,0.0,0.03075125134601715
2945,no_feedback,48,2,5,1,0,-1.0,0.0,1,0,1,0,0.0,0.03075125134601715
2946,no_feedback,48,2,5,1,0,-1.0,0.0,1,0,1,0,0.0,0.03075125134601715
2947,no_feedback,48,3,5,1,0,-1.0,0.0,1,0,1,0,0.0,0.03075125134601715
2948,no_feedback,48,2,5,1,0,-1.0,0.0,1,0,1,0,0.0,0.03075125134601715
2949,no_feedback,48,1,5,1,0,-1.0,0.0,1,0,1,0,0.0,0.03075125134601715
2950,no_feedback,48,0,3,0,0,-1.0,0.0,1,0,1,0,0.0,0.03075125134601715
2951,no_feedback,48,1,3,0,0,-1.0,0.0,1,0,1,0,0.0,0.03075125134601715
2952,no_feedback,48,6,5,1,1,1.0,0.0,0,nan,nan,nan,0.0,0.03075125134601715
2953,no_feedback,48,8,6,1,0,-1.0,0.0,1,1,0,0,0.0,0.03075125134601715
2954,no_feedback,48,2,5,1,0,-1.0,0.0,1,0,1,0,0.0,0.03075125134601715
2955,no_feedback,48,5,3,0,0,-1.0,0.0,1,0,1,0,0.0,0.03075125134601715
2956,no_feedback,48,5,3,0,0,-1.0,0.0,1,0,1,0,0.0,0.03075125134601715
2957,no_feedback,48,5,5,1,1,1.0,0.0,0,nan,nan,nan,0.0,0.03075125134601715
2958,no_feedback,48,5,4,0,1,1.0,0.0,0,nan,nan,nan,0.0,0.03075125134601715
2959,no_feedback,48,2,5,1,0,-1.0,0.0,1,2,0,0,0.0,0.03075125134601715
2960,no_feedback,48,0,5,1,0,-1.0,0.0,1,0,1,0,0.0,0.03075125134601715
2961,no_feedback,48,0,3,0,0,-1.0,0.0,1,0,1,0,0.0,0.03075125134601715
2962,no_feedback,48,7,5,1,0,-1.0,0.0,1,0,1,0,0.0,0.03075125134601715
2963,no_feedback,48,8,3,0,0,-1.0,0.0,1,0,1,0,0.0,0.03075125134601715
2964,no_feedback,48,8,3,0,0,-1.0,0.0,1,0,1,0,0.0,0.03075125134601715
2965,no_feedback,48,2,5,1,0,-1.0,0.0,1,0,1,0,0.0,0.03075125134601715
2966,no_feedback,48,0,3,0,0,-1.0,0.0,1,0,1,0,0.0,0.03075125134601715
2967,no_feedback,48,8,5,1,0,-1.0,0.0,1,0,1,0,0.0,0.03075125134601715
2968,no_feedback,48,4,3,0,1,1.0,0.0,0,nan,nan,nan,0.0,0.03075125134601715
2969,no_feedback,48,6,4,1,0,-1.0,0.0,1,1,0,0,0.0,0.03075125134601715
2970,no_feedback,48,0,3,0,0,-1.0,0.0,1,0,1,0,0.0,0.03075125134601715
2971,no_feedback,48,3,5,1,0,-1.0,0.0,1,0,1,0,0.0,0.03075125134601715
2972,no_feedback,48,0,3,0,0,-1.0,0.0,1,0,1,0,0.0,0.03075125134601715
2973,no_feedback,48,5,3,0,0,-1.0,0.0,1,0,1,0,0.0,0.03075125134601715
2974,no_feedback,48,0,3,0,0,-1.0,0.0,1,0,1,0,0.0,0.03075125134601715
2975,no_feedback,48,5,3,0,0,-1.0,0.0,1,0,1,0,0.0,0.03075125134601715
2976,no_feedback,48,1,5,1,0,-1.0,0.0,1,0,1,0,0.0,0.03075125134601715
2977,no_feedback,48,8,3,0,0,-1.0,0.0,1,0,1,0,0.0,0.03075125134601715
2978,no_feedback,48,6,3,0,0,-1.0,0.0,1,0,1,0,0.0,0.03075125134601715
2979,no_feedback,48,6,5,1,1,1.0,0.0,0,nan,nan,nan,0.0,0.03075125134601715
2980,no_feedback,48,8,4,0,0,-1.0,0.0,1,1,0,0,0.0,0.03075125134601715
2981,no_feedback,48,5,5,1,1,1.0,0.0,0,nan,nan,nan,0.0,0.03075125134601715
2982,no_feedback,48,7,4,0,0,-1.0,0.0,1,1,0,0,0.0,0.03075125134601715
2983,no_feedback,48,6,3,0,0,-1.0,0.0,1,0,1,0,0.0,0.03075125134601715
2984,no_feedback,48,1,3,0,0,-1.0,0.0,1,0,1,0,0.0,0.03075125134601715
2985,no_feedback,48,4,3,0,1,1.0,0.0,0,nan,nan,nan,0.0,0.03075125134601715
2986,no_feedback,48,1,4,1,0,-1.0,0.0,1,1,0,0,0.0,0.03075125134601715
2987,no_feedback,48,2,5,1,0,-1.0,0.0,1,0,1,0,0.0,0.03075125134601715
2988,no_feedback,48,0,5,1,0,-1.0,0.0,1,0,1,0,0.0,0.03075125134601715
2989,no_feedback,48,7,3,0,0,-1.0,0.0,1,0,1,0,0.0,0.03075125134601715
2990,no_feedback,48,8,5,1,0,-1.0,0.0,1,0,1,0,0.0,0.03075125134601715
2991,no_feedback,48,5,5,1,1,1.0,0.0,0,nan,nan,nan,0.0,0.03075125134601715
2992,no_feedback,48,7,4,0,0,-1.0,0.0,1,1,0,0,0.0,0.03075125134601715
2993,no_feedback,48,5,5,1,1,1.0,0.0,0,nan,nan,nan,0.0,0.03075125134601715
2994,no_feedback,48,5,4,0,1,1.0,0.0,0,nan,nan,nan,0.0,0.03075125134601715
2995,no_feedback,48,0,5,1,0,-1.0,0.0,1,2,0,0,0.0,0.03075125134601715
2996,no_feedback,48,6,5,1,1,1.0,0.0,0,nan,nan,nan,0.0,0.03075125134601715
2997,no_feedback,48,8,6,1,0,-1.0,0.0,1,1,0,0,0.0,0.03075125134601715
2998,no_feedback,48,0,5,1,0,-1.0,0.0,1,0,1,0,0.0,0.03075125134601715
2999,no_feedback,48,5,3,0,0,-1.0,0.0,1,0,1,0,0.0,0.03075125134601715
3000,no_feedback,48,4,3,0,1,1.0,0.0,0,nan,nan,nan,0.0,0.03075125134601715
