trial,condition,seed,ball,paddle,action,hit,natural_reward,reward_used,rally_ended,completed_rally_length,ace,long_rally,mean_abs_weight_change,mean_weight
1,no_feedback,43,4,3,0,1,1.0,0.0,0,nan,nan,nan,0.0,-0.019859859255841144
2,no_feedback,43,5,2,0,0,-1.0,0.0,1,1,0,0,0.0,-0.019859859255841144
3,no_feedback,43,3,3,0,1,1.0,0.0,0,nan,nan,nan,0.0,-0.019859859255841144
4,no_feedback,43,0,4,1,0,-1.0,0.0,1,1,0,0,0.0,-0.019859859255841144
5,no_feedback,43,5,3,0,0,-1.0,0.0,1,0,1,0,0.0,-0.019859859255841144
6,no_feedback,43,0,3,0,0,-1.0,0.0,1,0,1,0,0.0,-0.019859859255841144
7,no_feedback,43,2,3,0,1,1.0,0.0,0,nan,nan,nan,0.0,-0.019859859255841144
8,no_feedback,43,7,2,0,0,-1.0,0.0,1,1,0,0,0.0,-0.019859859255841144
9,no_feedback,43,4,5,1,1,1.0,0.0,0,nan,nan,nan,0.0,-0.019859859255841144
10,no_feedback,43,5,4,0,1,1.0,0.0,0,nan,nan,nan,0.0,-0.019859859255841144
11,no_feedback,43,8,3,0,0,-1.0,0.0,1,2,0,0,0.0,-0.019859859255841144
12,no_feedback,43,2,5,1,0,-1.0,0.0,1,0,1,0,0.0,-0.019859859255841144
13,no_feedback,43,7,5,1,0,-1.0,0.0,1,0,1,0,0.0,-0.019859859255841144
14,no_feedback,43,6,5,1,1,1.0,0.0,0,nan,nan,nan,0.0,-0.019859859255841144
15,no_feedback,43,3,6,1,0,-1.0,0.0,1,1,0,0,0.0,-0.019859859255841144
16,no_feedback,43,2,5,1,0,-1.0,0.0,1,0,1,0,0.0,-0.019859859255841144
17,no_feedback,43,2,3,0,1,1.0,0.0,0,nan,nan,nan,0.0,-0.019859859255841144
18,no_feedback,43,3,2,0,1,1.0,0.0,0,nan,nan,nan,0.0,-0.019859859255841144
19,no_feedback,43,5,1,0,0,-1.0,0.0,1,2,0,0,0.0,-0.019859859255841144
20,no_feedback,43,4,5,1,1,1.0,0.0,0,nan,nan,nan,0.0,-0.019859859255841144
21,no_feedback,43,1,6,1,0,-1.0,0.0,1,1,0,0,0.0,-0.019859859255841144
22,no_feedback,43,8,3,0,0,-1.0,0.0,1,0,1,0,0.0,-0.019859859255841144
23,no_feedback,43,3,5,1,0,-1.0,0.0,1,0,1,0,0.0,-0.019859859255841144
24,no_feedback,43,8,3,0,0,-1.0,0.0,1,0,1,0,0.0,-0.019859859255841144
25,no_feedback,43,1,3,0,0,-1.0,0.0,1,0,1,0,0.0,-0.019859859255841144
26,no_feedback,43,2,5,1,0,-1.0,0.0,1,0,1,0,0.0,-0.019859859255841144
27,no_feedback,43,6,5,1,1,1.0,0.0,0,nan,nan,nan,0.0,-0.019859859255841144
28,no_feedback,43,2,4,0,0,-1.0,0.0,1,1,0,0,0.0,-0.019859859255841144
29,no_feedback,43,8,3,0,0,-1.0,0.0,1,0,1,0,0.0,-0.019859859255841144
30,no_feedback,43,3,3,0,1,1.0,0.0,0,nan,nan,nan,0.0,-0.019859859255841144
31,no_feedback,43,4,2,0,0,-1.0,0.0,1,1,0,0,0.0,-0.019859859255841144
32,no_feedback,43,0,3,0,0,-1.0,0.0,1,0,1,0,0.0,-0.019859859255841144
33,no_feedback,43,3,5,1,0,-1.0,0.0,1,0,1,0,0.0,-0.019859859255841144
34,no_feedback,43,2,3,0,1,1.0,0.0,0,nan,nan,nan,0.0,-0.019859859255841144
35,no_feedback,43,4,2,0,0,-1.0,0.0,1,1,0,0,0.0,-0.019859859255841144
36,no_feedback,43,8,3,0,0,-1.0,0.0,1,0,1,0,0.0,-0.019859859255841144
37,no_feedback,43,0,3,0,0,-1.0,0.0,1,0,1,0,0.0,-0.019859859255841144
38,no_feedback,43,7,3,0,0,-1.0,0.0,1,0,1,0,0.0,-0.019859859255841144
39,no_feedback,43,3,5,1,0,-1.0,0.0,1,0,1,0,0.0,-0.019859859255841144
40,no_feedback,43,4,5,1,1,1.0,0.0,0,nan,nan,nan,0.0,-0.019859859255841144
41,no_feedback,43,4,6,1,0,-1.0,0.0,1,1,0,0,0.0,-0.019859859255841144
42,no_feedback,43,4,3,0,1,1.0,0.0,0,nan,nan,nan,0.0,-0.019859859255841144
43,no_feedback,43,7,2,0,0,-1.0,0.0,1,1,0,0,0.0,-0.019859859255841144
44,no_feedback,43,8,3,0,0,-1.0,0.0,1,0,1,0,0.0,-0.019859859255841144
45,no_feedback,43,8,3,0,0,-1.0,0.0,1,0,1,0,0.0,-0.019859859255841144
46,no_feedback,43,5,3,0,0,-1.0,0.0,1,0,1,0,0.0,-0.019859859255841144
47,no_feedback,43,6,5,1,1,1.0,0.0,0,nan,nan,nan,0.0,-0.019859859255841144
48,no_feedback,43,8,4,0,0,-1.0,0.0,1,1,0,0,0.0,-0.019859859255841144
49,no_feedback,43,8,3,0,0,-1.0,0.0,1,0,1,0,0.0,-0.019859859255841144
50,no_feedback,43,8,3,0,0,-1.0,0.0,1,0,1,0,0.0,-0.019859859255841144
51,no_feedback,43,0,3,0,0,-1.0,0.0,1,0,1,0,0.0,-0.019859859255841144
52,no_feedback,43,0,3,0,0,-1.0,0.0,1,0,1,0,0.0,-0.019859859255841144
53,no_feedback,43,5,3,0,0,-1.0,0.0,1,0,1,0,0.0,-0.019859859255841144
54,no_feedback,43,1,3,0,0,-1.0,0.0,1,0,1,0,0.0,-0.019859859255841144
55,no_feedback,43,7,5,1,0,-1.0,0.0,1,0,1,0,0.0,-0.019859859255841144
56,no_feedback,43,6,3,0,0,-1.0,0.0,1,0,1,0,0.0,-0.019859859255841144
57,no_feedback,43,1,5,1,0,-1.0,0.0,1,0,1,0,0.0,-0.019859859255841144
58,no_feedback,43,1,5,1,0,-1.0,0.0,1,0,1,0,0.0,-0.019859859255841144
59,no_feedback,43,0,3,0,0,-1.0,0.0,1,0,1,0,0.0,-0.019859859255841144
60,no_feedback,43,3,5,1,0,-1.0,0.0,1,0,1,0,0.0,-0.019859859255841144
61,no_feedback,43,7,5,1,0,-1.0,0.0,1,0,1,0,0.0,-0.019859859255841144
62,no_feedback,43,2,5,1,0,-1.0,0.0,1,0,1,0,0.0,-0.019859859255841144
63,no_feedback,43,6,5,1,1,1.0,0.0,0,nan,nan,nan,0.0,-0.019859859255841144
64,no_feedback,43,4,4,0,1,1.0,0.0,0,nan,nan,nan,0.0,-0.019859859255841144
65,no_feedback,43,5,3,0,0,-1.0,0.0,1,2,0,0,0.0,-0.019859859255841144
66,no_feedback,43,0,3,0,0,-1.0,0.0,1,0,1,0,0.0,-0.019859859255841144
67,no_feedback,43,6,5,1,1,1.0,0.0,0,nan,nan,nan,0.0,-0.019859859255841144
68,no_feedback,43,4,4,0,1,1.0,0.0,0,nan,nan,nan,0.0,-0.019859859255841144
69,no_feedback,43,1,5,1,0,-1.0,0.0,1,2,0,0,0.0,-0.019859859255841144
70,no_feedback,43,4,3,0,1,1.0,0.0,0,nan,nan,nan,0.0,-0.019859859255841144
71,no_feedback,43,5,4,1,1,1.0,0.0,0,nan,nan,nan,0.0,-0.019859859255841144
72,no_feedback,43,1,5,1,0,-1.0,0.0,1,2,0,0,0.0,-0.019859859255841144
73,no_feedback,43,4,5,1,1,1.0,0.0,0,nan,nan,nan,0.0,-0.019859859255841144
74,no_feedback,43,3,4,0,1,1.0,0.0,0,nan,nan,nan,0.0,-0.019859859255841144
75,no_feedback,43,6,3,0,0,-1.0,0.0,1,2,0,0,0.0,-0.019859859255841144
76,no_feedback,43,4,5,1,1,1.0,0.0,0,nan,nan,nan,0.0,-0.019859859255841144
77,no_feedback,43,0,6,1,0,-1.0,0.0,1,1,0,0,0.0,-0.019859859255841144
78,no_feedback,43,2,3,0,1,1.0,0.0,0,nan,nan,nan,0.0,-0.019859859255841144
79,no_feedback,43,5,2,0,0,-1.0,0.0,1,1,0,0,0.0,-0.019859859255841144
80,no_feedback,43,3,5,1,0,-1.0,0.0,1,0,1,0,0.0,-0.019859859255841144
81,no_feedback,43,2,5,1,0,-1.0,0.0,1,0,1,0,0.0,-0.019859859255841144
82,no_feedback,43,3,3,0,1,1.0,0.0,0,nan,nan,nan,0.0,-0.019859859255841144
83,no_feedback,43,2,2,0,1,1.0,0.0,0,nan,nan,nan,0.0,-0.019859859255841144
84,no_feedback,43,0,3,1,0,-1.0,0.0,1,2,0,0,0.0,-0.019859859255841144
85,no_feedback,43,6,3,0,0,-1.0,0.0,1,0,1,0,0.0,-0.019859859255841144
86,no_feedback,43,5,3,0,0,-1.0,0.0,1,0,1,0,0.0,-0.019859859255841144
87,no_feedback,43,4,5,1,1,1.0,0.0,0,nan,nan,nan,0.0,-0.019859859255841144
88,no_feedback,43,0,6,1,0,-1.0,0.0,1,1,0,0,0.0,-0.019859859255841144
89,no_feedback,43,6,3,0,0,-1.0,0.0,1,0,1,0,0.0,-0.019859859255841144
90,no_feedback,43,5,3,0,0,-1.0,0.0,1,0,1,0,0.0,-0.019859859255841144
91,no_feedback,43,7,5,1,0,-1.0,0.0,1,0,1,0,0.0,-0.019859859255841144
92,no_feedback,43,0,3,0,0,-1.0,0.0,1,0,1,0,0.0,-0.019859859255841144
93,no_feedback,43,2,3,0,1,1.0,0.0,0,nan,nan,nan,0.0,-0.019859859255841144
94,no_feedback,43,4,2,0,0,-1.0,0.0,1,1,0,0,0.0,-0.019859859255841144
95,no_feedback,43,1,3,0,0,-1.0,0.0,1,0,1,0,0.0,-0.019859859255841144
96,no_feedback,43,7,5,1,0,-1.0,0.0,1,0,1,0,0.0,-0.019859859255841144
97,no_feedback,43,2,3,0,1,1.0,0.0,0,nan,nan,nan,0.0,-0.019859859255841144
98,no_feedback,43,2,4,1,0,-1.0,0.0,1,1,0,0,0.0,-0.019859859255841144
99,no_feedback,43,3,5,1,0,-1.0,0.0,1,0,1,0,0.0,-0.019859859255841144
100,no_feedback,43,0,3,0,0,-1.0,0.0,1,0,1,0,0.0,-0.019859859255841144
101,no_feedback,43,1,5,1,0,-1.0,0.0,1,0,1,0,0.0,-0.019859859255841144
102,no_feedback,43,2,5,1,0,-1.0,0.0,1,0,1,0,0.0,-0.019859859255841144
103,no_feedback,43,1,3,0,0,-1.0,0.0,1,0,1,0,0.0,-0.019859859255841144
104,no_feedback,43,3,5,1,0,-1.0,0.0,1,0,1,0,0.0,-0.019859859255841144
105,no_feedback,43,5,3,0,0,-1.0,0.0,1,0,1,0,0.0,-0.019859859255841144
106,no_feedback,43,5,3,0,0,-1.0,0.0,1,0,1,0,0.0,-0.019859859255841144
107,no_feedback,43,7,3,0,0,-1.0,0.0,1,0,1,0,0.0,-0.019859859255841144
108,no_feedback,43,1,3,0,0,-1.0,0.0,1,0,1,0,0.0,-0.019859859255841144
109,no_feedback,43,5,3,0,0,-1.0,0.0,1,0,1,0,0.0,-0.019859859255841144
110,no_feedback,43,0,3,0,0,-1.0,0.0,1,0,1,0,0.0,-0.019859859255841144
111,no_feedback,43,0,3,0,0,-1.0,0.0,1,0,1,0,0.0,-0.019859859255841144
112,no_feedback,43,7,3,0,0,-1.0,0.0,1,0,1,0,0.0,-0.019859859255841144
113,no_feedback,43,3,3,0,1,1.0,0.0,0,nan,nan,nan,0.0,-0.019859859255841144
114,no_feedback,43,4,2,0,0,-1.0,0.0,1,1,0,0,0.0,-0.019859859255841144
115,no_feedback,43,7,3,0,0,-1.0,0.0,1,0,1,0,0.0,-0.019859859255841144
116,no_feedback,43,5,3,0,0,-1.0,0.0,1,0,1,0,0.0,-0.019859859255841144
117,no_feedback,43,6,3,0,0,-1.0,0.0,1,0,1,0,0.0,-0.019859859255841144
118,no_feedback,43,7,3,0,0,-1.0,0.0,1,0,1,0,0.0,-0.019859859255841144
119,no_feedback,43,5,3,0,0,-1.0,0.0,1,0,1,0,0.0,-0.019859859255841144
120,no_feedback,43,6,3,0,0,-1.0,0.0,1,0,1,0,0.0,-0.019859859255841144
121,no_feedback,43,1,3,0,0,-1.0,0.0,1,0,1,0,0.0,-0.019859859255841144
122,no_feedback,43,7,5,1,0,-1.0,0.0,1,0,1,0,0.0,-0.019859859255841144
123,no_feedback,43,3,5,1,0,-1.0,0.0,1,0,1,0,0.0,-0.019859859255841144
124,no_feedback,43,2,3,0,1,1.0,0.0,0,nan,nan,nan,0.0,-0.019859859255841144
125,no_feedback,43,1,2,0,1,1.0,0.0,0,nan,nan,nan,0.0,-0.019859859255841144
126,no_feedback,43,1,1,0,1,1.0,0.0,0,nan,nan,nan,0.0,-0.019859859255841144
127,no_feedback,43,1,2,1,1,1.0,0.0,0,nan,nan,nan,0.0,-0.019859859255841144
128,no_feedback,43,0,1,0,1,1.0,0.0,0,nan,nan,nan,0.0,-0.019859859255841144
129,no_feedback,43,2,0,0,0,-1.0,0.0,1,5,0,1,0.0,-0.019859859255841144
130,no_feedback,43,3,5,1,0,-1.0,0.0,1,0,1,0,0.0,-0.019859859255841144
131,no_feedback,43,8,3,0,0,-1.0,0.0,1,0,1,0,0.0,-0.019859859255841144
132,no_feedback,43,5,3,0,0,-1.0,0.0,1,0,1,0,0.0,-0.019859859255841144
133,no_feedback,43,6,3,0,0,-1.0,0.0,1,0,1,0,0.0,-0.019859859255841144
134,no_feedback,43,5,3,0,0,-1.0,0.0,1,0,1,0,0.0,-0.019859859255841144
135,no_feedback,43,7,3,0,0,-1.0,0.0,1,0,1,0,0.0,-0.019859859255841144
136,no_feedback,43,7,5,1,0,-1.0,0.0,1,0,1,0,0.0,-0.019859859255841144
137,no_feedback,43,8,3,0,0,-1.0,0.0,1,0,1,0,0.0,-0.019859859255841144
138,no_feedback,43,7,5,1,0,-1.0,0.0,1,0,1,0,0.0,-0.019859859255841144
139,no_feedback,43,6,5,1,1,1.0,0.0,0,nan,nan,nan,0.0,-0.019859859255841144
140,no_feedback,43,4,6,1,0,-1.0,0.0,1,1,0,0,0.0,-0.019859859255841144
141,no_feedback,43,1,3,0,0,-1.0,0.0,1,0,1,0,0.0,-0.019859859255841144
142,no_feedback,43,1,5,1,0,-1.0,0.0,1,0,1,0,0.0,-0.019859859255841144
143,no_feedback,43,8,3,0,0,-1.0,0.0,1,0,1,0,0.0,-0.019859859255841144
144,no_feedback,43,4,5,1,1,1.0,0.0,0,nan,nan,nan,0.0,-0.019859859255841144
145,no_feedback,43,7,6,1,1,1.0,0.0,0,nan,nan,nan,0.0,-0.019859859255841144
146,no_feedback,43,8,5,0,0,-1.0,0.0,1,2,0,0,0.0,-0.019859859255841144
147,no_feedback,43,0,3,0,0,-1.0,0.0,1,0,1,0,0.0,-0.019859859255841144
148,no_feedback,43,7,3,0,0,-1.0,0.0,1,0,1,0,0.0,-0.019859859255841144
149,no_feedback,43,2,3,0,1,1.0,0.0,0,nan,nan,nan,0.0,-0.019859859255841144
150,no_feedback,43,6,4,1,0,-1.0,0.0,1,1,0,0,0.0,-0.019859859255841144
151,no_feedback,43,4,3,0,1,1.0,0.0,0,nan,nan,nan,0.0,-0.019859859255841144
152,no_feedback,43,5,2,0,0,-1.0,0.0,1,1,0,0,0.0,-0.019859859255841144
153,no_feedback,43,4,5,1,1,1.0,0.0,0,nan,nan,nan,0.0,-0.019859859255841144
154,no_feedback,43,7,6,1,1,1.0,0.0,0,nan,nan,nan,0.0,-0.019859859255841144
155,no_feedback,43,8,7,1,1,1.0,0.0,0,nan,nan,nan,0.0,-0.019859859255841144
156,no_feedback,43,6,8,1,0,-1.0,0.0,1,3,0,1,0.0,-0.019859859255841144
157,no_feedback,43,3,5,1,0,-1.0,0.0,1,0,1,0,0.0,-0.019859859255841144
158,no_feedback,43,5,3,0,0,-1.0,0.0,1,0,1,0,0.0,-0.019859859255841144
159,no_feedback,43,1,5,1,0,-1.0,0.0,1,0,1,0,0.0,-0.019859859255841144
160,no_feedback,43,3,3,0,1,1.0,0.0,0,nan,nan,nan,0.0,-0.019859859255841144
161,no_feedback,43,6,4,1,0,-1.0,0.0,1,1,0,0,0.0,-0.019859859255841144
162,no_feedback,43,3,5,1,0,-1.0,0.0,1,0,1,0,0.0,-0.019859859255841144
163,no_feedback,43,8,3,0,0,-1.0,0.0,1,0,1,0,0.0,-0.019859859255841144
164,no_feedback,43,4,3,0,1,1.0,0.0,0,nan,nan,nan,0.0,-0.019859859255841144
165,no_feedback,43,7,2,0,0,-1.0,0.0,1,1,0,0,0.0,-0.019859859255841144
166,no_feedback,43,7,3,0,0,-1.0,0.0,1,0,1,0,0.0,-0.019859859255841144
167,no_feedback,43,2,5,1,0,-1.0,0.0,1,0,1,0,0.0,-0.019859859255841144
168,no_feedback,43,5,3,0,0,-1.0,0.0,1,0,1,0,0.0,-0.019859859255841144
169,no_feedback,43,8,3,0,0,-1.0,0.0,1,0,1,0,0.0,-0.019859859255841144
170,no_feedback,43,7,5,1,0,-1.0,0.0,1,0,1,0,0.0,-0.019859859255841144
171,no_feedback,43,4,3,0,1,1.0,0.0,0,nan,nan,nan,0.0,-0.019859859255841144
172,no_feedback,43,4,2,0,0,-1.0,0.0,1,1,0,0,0.0,-0.019859859255841144
173,no_feedback,43,7,3,0,0,-1.0,0.0,1,0,1,0,0.0,-0.019859859255841144
174,no_feedback,43,4,3,0,1,1.0,0.0,0,nan,nan,nan,0.0,-0.019859859255841144
175,no_feedback,43,4,2,0,0,-1.0,0.0,1,1,0,0,0.0,-0.019859859255841144
176,no_feedback,43,6,3,0,0,-1.0,0.0,1,0,1,0,0.0,-0.019859859255841144
177,no_feedback,43,8,3,0,0,-1.0,0.0,1,0,1,0,0.0,-0.019859859255841144
178,no_feedback,43,6,5,1,1,1.0,0.0,0,nan,nan,nan,0.0,-0.019859859255841144
179,no_feedback,43,4,4,0,1,1.0,0.0,0,nan,nan,nan,0.0,-0.019859859255841144
180,no_feedback,43,1,3,0,0,-1.0,0.0,1,2,0,0,0.0,-0.019859859255841144
181,no_feedback,43,2,3,0,1,1.0,0.0,0,nan,nan,nan,0.0,-0.019859859255841144
182,no_feedback,43,8,4,1,0,-1.0,0.0,1,1,0,0,0.0,-0.019859859255841144
183,no_feedback,43,7,5,1,0,-1.0,0.0,1,0,1,0,0.0,-0.019859859255841144
184,no_feedback,43,2,3,0,1,1.0,0.0,0,nan,nan,nan,0.0,-0.019859859255841144
185,no_feedback,43,3,2,0,1,1.0,0.0,0,nan,nan,nan,0.0,-0.019859859255841144
186,no_feedback,43,5,3,1,0,-1.0,0.0,1,2,0,0,0.0,-0.019859859255841144
187,no_feedback,43,5,3,0,0,-1.0,0.0,1,0,1,0,0.0,-0.019859859255841144
188,no_feedback,43,3,5,1,0,-1.0,0.0,1,0,1,0,0.0,-0.019859859255841144
189,no_feedback,43,6,5,1,1,1.0,0.0,0,nan,nan,nan,0.0,-0.019859859255841144
190,no_feedback,43,2,4,0,0,-1.0,0.0,1,1,0,0,0.0,-0.019859859255841144
191,no_feedback,43,8,5,1,0,-1.0,0.0,1,0,1,0,0.0,-0.019859859255841144
192,no_feedback,43,8,3,0,0,-1.0,0.0,1,0,1,0,0.0,-0.019859859255841144
193,no_feedback,43,2,5,1,0,-1.0,0.0,1,0,1,0,0.0,-0.019859859255841144
194,no_feedback,43,6,3,0,0,-1.0,0.0,1,0,1,0,0.0,-0.019859859255841144
195,no_feedback,43,4,5,1,1,1.0,0.0,0,nan,nan,nan,0.0,-0.019859859255841144
196,no_feedback,43,2,4,0,0,-1.0,0.0,1,1,0,0,0.0,-0.019859859255841144
197,no_feedback,43,5,3,0,0,-1.0,0.0,1,0,1,0,0.0,-0.019859859255841144
198,no_feedback,43,6,5,1,1,1.0,0.0,0,nan,nan,nan,0.0,-0.019859859255841144
199,no_feedback,43,4,4,0,1,1.0,0.0,0,nan,nan,nan,0.0,-0.019859859255841144
200,no_feedback,43,6,3,0,0,-1.0,0.0,1,2,0,0,0.0,-0.019859859255841144
201,no_feedback,43,8,5,1,0,-1.0,0.0,1,0,1,0,0.0,-0.019859859255841144
202,no_feedback,43,3,5,1,0,-1.0,0.0,1,0,1,0,0.0,-0.019859859255841144
203,no_feedback,43,3,5,1,0,-1.0,0.0,1,0,1,0,0.0,-0.019859859255841144
204,no_feedback,43,8,5,1,0,-1.0,0.0,1,0,1,0,0.0,-0.019859859255841144
205,no_feedback,43,7,5,1,0,-1.0,0.0,1,0,1,0,0.0,-0.019859859255841144
206,no_feedback,43,8,3,0,0,-1.0,0.0,1,0,1,0,0.0,-0.019859859255841144
207,no_feedback,43,6,3,0,0,-1.0,0.0,1,0,1,0,0.0,-0.019859859255841144
208,no_feedback,43,2,5,1,0,-1.0,0.0,1,0,1,0,0.0,-0.019859859255841144
209,no_feedback,43,5,3,0,0,-1.0,0.0,1,0,1,0,0.0,-0.019859859255841144
210,no_feedback,43,6,3,0,0,-1.0,0.0,1,0,1,0,0.0,-0.019859859255841144
211,no_feedback,43,3,3,0,1,1.0,0.0,0,nan,nan,nan,0.0,-0.019859859255841144
212,no_feedback,43,1,2,0,1,1.0,0.0,0,nan,nan,nan,0.0,-0.019859859255841144
213,no_feedback,43,6,1,0,0,-1.0,0.0,1,2,0,0,0.0,-0.019859859255841144
214,no_feedback,43,1,3,0,0,-1.0,0.0,1,0,1,0,0.0,-0.019859859255841144
215,no_feedback,43,8,3,0,0,-1.0,0.0,1,0,1,0,0.0,-0.019859859255841144
216,no_feedback,43,6,5,1,1,1.0,0.0,0,nan,nan,nan,0.0,-0.019859859255841144
217,no_feedback,43,7,4,0,0,-1.0,0.0,1,1,0,0,0.0,-0.019859859255841144
218,no_feedback,43,8,3,0,0,-1.0,0.0,1,0,1,0,0.0,-0.019859859255841144
219,no_feedback,43,8,5,1,0,-1.0,0.0,1,0,1,0,0.0,-0.019859859255841144
220,no_feedback,43,4,5,1,1,1.0,0.0,0,nan,nan,nan,0.0,-0.019859859255841144
221,no_feedback,43,3,4,0,1,1.0,0.0,0,nan,nan,nan,0.0,-0.019859859255841144
222,no_feedback,43,2,3,0,1,1.0,0.0,0,nan,nan,nan,0.0,-0.019859859255841144
223,no_feedback,43,6,4,1,0,-1.0,0.0,1,3,0,1,0.0,-0.019859859255841144
224,no_feedback,43,2,5,1,0,-1.0,0.0,1,0,1,0,0.0,-0.019859859255841144
225,no_feedback,43,6,3,0,0,-1.0,0.0,1,0,1,0,0.0,-0.019859859255841144
226,no_feedback,43,4,3,0,1,1.0,0.0,0,nan,nan,nan,0.0,-0.019859859255841144
227,no_feedback,43,2,2,0,1,1.0,0.0,0,nan,nan,nan,0.0,-0.019859859255841144
228,no_feedback,43,5,1,0,0,-1.0,0.0,1,2,0,0,0.0,-0.019859859255841144
229,no_feedback,43,1,5,1,0,-1.0,0.0,1,0,1,0,0.0,-0.019859859255841144
230,no_feedback,43,8,3,0,0,-1.0,0.0,1,0,1,0,0.0,-0.019859859255841144
231,no_feedback,43,2,3,0,1,1.0,0.0,0,nan,nan,nan,0.0,-0.019859859255841144
232,no_feedback,43,6,4,1,0,-1.0,0.0,1,1,0,0,0.0,-0.019859859255841144
233,no_feedback,43,5,3,0,0,-1.0,0.0,1,0,1,0,0.0,-0.019859859255841144
234,no_feedback,43,7,3,0,0,-1.0,0.0,1,0,1,0,0.0,-0.019859859255841144
235,no_feedback,43,6,5,1,1,1.0,0.0,0,nan,nan,nan,0.0,-0.019859859255841144
236,no_feedback,43,6,4,0,0,-1.0,0.0,1,1,0,0,0.0,-0.019859859255841144
237,no_feedback,43,4,3,0,1,1.0,0.0,0,nan,nan,nan,0.0,-0.019859859255841144
238,no_feedback,43,3,2,0,1,1.0,0.0,0,nan,nan,nan,0.0,-0.019859859255841144
239,no_feedback,43,0,3,1,0,-1.0,0.0,1,2,0,0,0.0,-0.019859859255841144
240,no_feedback,43,8,5,1,0,-1.0,0.0,1,0,1,0,0.0,-0.019859859255841144
241,no_feedback,43,4,5,1,1,1.0,0.0,0,nan,nan,nan,0.0,-0.019859859255841144
242,no_feedback,43,5,6,1,1,1.0,0.0,0,nan,nan,nan,0.0,-0.019859859255841144
243,no_feedback,43,8,5,0,0,-1.0,0.0,1,2,0,0,0.0,-0.019859859255841144
244,no_feedback,43,4,3,0,1,1.0,0.0,0,nan,nan,nan,0.0,-0.019859859255841144
245,no_feedback,43,0,2,0,0,-1.0,0.0,1,1,0,0,0.0,-0.019859859255841144
246,no_feedback,43,6,5,1,1,1.0,0.0,0,nan,nan,nan,0.0,-0.019859859255841144
247,no_feedback,43,1,4,0,0,-1.0,0.0,1,1,0,0,0.0,-0.019859859255841144
248,no_feedback,43,6,5,1,1,1.0,0.0,0,nan,nan,nan,0.0,-0.019859859255841144
249,no_feedback,43,6,4,0,0,-1.0,0.0,1,1,0,0,0.0,-0.019859859255841144
250,no_feedback,43,5,3,0,0,-1.0,0.0,1,0,1,0,0.0,-0.019859859255841144
251,no_feedback,43,3,5,1,0,-1.0,0.0,1,0,1,0,0.0,-0.019859859255841144
252,no_feedback,43,4,3,0,1,1.0,0.0,0,nan,nan,nan,0.0,-0.019859859255841144
253,no_feedback,43,1,4,1,0,-1.0,0.0,1,1,0,0,0.0,-0.019859859255841144
254,no_feedback,43,8,3,0,0,-1.0,0.0,1,0,1,0,0.0,-0.019859859255841144
255,no_feedback,43,2,3,0,1,1.0,0.0,0,nan,nan,nan,0.0,-0.019859859255841144
256,no_feedback,43,4,2,0,0,-1.0,0.0,1,1,0,0,0.0,-0.019859859255841144
257,no_feedback,43,0,3,0,0,-1.0,0.0,1,0,1,0,0.0,-0.019859859255841144
258,no_feedback,43,4,3,0,1,1.0,0.0,0,nan,nan,nan,0.0,-0.019859859255841144
259,no_feedback,43,8,2,0,0,-1.0,0.0,1,1,0,0,0.0,-0.019859859255841144
260,no_feedback,43,8,3,0,0,-1.0,0.0,1,0,1,0,0.0,-0.019859859255841144
261,no_feedback,43,5,3,0,0,-1.0,0.0,1,0,1,0,0.0,-0.019859859255841144
262,no_feedback,43,8,3,0,0,-1.0,0.0,1,0,1,0,0.0,-0.019859859255841144
263,no_feedback,43,0,3,0,0,-1.0,0.0,1,0,1,0,0.0,-0.019859859255841144
264,no_feedback,43,5,3,0,0,-1.0,0.0,1,0,1,0,0.0,-0.019859859255841144
265,no_feedback,43,7,3,0,0,-1.0,0.0,1,0,1,0,0.0,-0.019859859255841144
266,no_feedback,43,3,5,1,0,-1.0,0.0,1,0,1,0,0.0,-0.019859859255841144
267,no_feedback,43,4,5,1,1,1.0,0.0,0,nan,nan,nan,0.0,-0.019859859255841144
268,no_feedback,43,1,4,0,0,-1.0,0.0,1,1,0,0,0.0,-0.019859859255841144
269,no_feedback,43,4,3,0,1,1.0,0.0,0,nan,nan,nan,0.0,-0.019859859255841144
270,no_feedback,43,0,4,1,0,-1.0,0.0,1,1,0,0,0.0,-0.019859859255841144
271,no_feedback,43,7,3,0,0,-1.0,0.0,1,0,1,0,0.0,-0.019859859255841144
272,no_feedback,43,2,3,0,1,1.0,0.0,0,nan,nan,nan,0.0,-0.019859859255841144
273,no_feedback,43,2,4,1,0,-1.0,0.0,1,1,0,0,0.0,-0.019859859255841144
274,no_feedback,43,0,3,0,0,-1.0,0.0,1,0,1,0,0.0,-0.019859859255841144
275,no_feedback,43,0,5,1,0,-1.0,0.0,1,0,1,0,0.0,-0.019859859255841144
276,no_feedback,43,7,5,1,0,-1.0,0.0,1,0,1,0,0.0,-0.019859859255841144
277,no_feedback,43,3,3,0,1,1.0,0.0,0,nan,nan,nan,0.0,-0.019859859255841144
278,no_feedback,43,2,4,1,0,-1.0,0.0,1,1,0,0,0.0,-0.019859859255841144
279,no_feedback,43,8,5,1,0,-1.0,0.0,1,0,1,0,0.0,-0.019859859255841144
280,no_feedback,43,1,3,0,0,-1.0,0.0,1,0,1,0,0.0,-0.019859859255841144
281,no_feedback,43,0,3,0,0,-1.0,0.0,1,0,1,0,0.0,-0.019859859255841144
282,no_feedback,43,4,5,1,1,1.0,0.0,0,nan,nan,nan,0.0,-0.019859859255841144
283,no_feedback,43,0,6,1,0,-1.0,0.0,1,1,0,0,0.0,-0.019859859255841144
284,no_feedback,43,5,3,0,0,-1.0,0.0,1,0,1,0,0.0,-0.019859859255841144
285,no_feedback,43,1,5,1,0,-1.0,0.0,1,0,1,0,0.0,-0.019859859255841144
286,no_feedback,43,0,3,0,0,-1.0,0.0,1,0,1,0,0.0,-0.019859859255841144
287,no_feedback,43,8,3,0,0,-1.0,0.0,1,0,1,0,0.0,-0.019859859255841144
288,no_feedback,43,1,5,1,0,-1.0,0.0,1,0,1,0,0.0,-0.019859859255841144
289,no_feedback,43,4,5,1,1,1.0,0.0,0,nan,nan,nan,0.0,-0.019859859255841144
290,no_feedback,43,8,6,1,0,-1.0,0.0,1,1,0,0,0.0,-0.019859859255841144
291,no_feedback,43,8,3,0,0,-1.0,0.0,1,0,1,0,0.0,-0.019859859255841144
292,no_feedback,43,5,3,0,0,-1.0,0.0,1,0,1,0,0.0,-0.019859859255841144
293,no_feedback,43,7,5,1,0,-1.0,0.0,1,0,1,0,0.0,-0.019859859255841144
294,no_feedback,43,8,3,0,0,-1.0,0.0,1,0,1,0,0.0,-0.019859859255841144
295,no_feedback,43,6,5,1,1,1.0,0.0,0,nan,nan,nan,0.0,-0.019859859255841144
296,no_feedback,43,1,4,0,0,-1.0,0.0,1,1,0,0,0.0,-0.019859859255841144
297,no_feedback,43,2,3,0,1,1.0,0.0,0,nan,nan,nan,0.0,-0.019859859255841144
298,no_feedback,43,7,2,0,0,-1.0,0.0,1,1,0,0,0.0,-0.019859859255841144
299,no_feedback,43,8,3,0,0,-1.0,0.0,1,0,1,0,0.0,-0.019859859255841144
300,no_feedback,43,1,5,1,0,-1.0,0.0,1,0,1,0,0.0,-0.019859859255841144
301,no_feedback,43,7,3,0,0,-1.0,0.0,1,0,1,0,0.0,-0.019859859255841144
302,no_feedback,43,5,3,0,0,-1.0,0.0,1,0,1,0,0.0,-0.019859859255841144
303,no_feedback,43,2,3,0,1,1.0,0.0,0,nan,nan,nan,0.0,-0.019859859255841144
304,no_feedback,43,7,2,0,0,-1.0,0.0,1,1,0,0,0.0,-0.019859859255841144
305,no_feedback,43,0,3,0,0,-1.0,0.0,1,0,1,0,0.0,-0.019859859255841144
306,no_feedback,43,1,5,1,0,-1.0,0.0,1,0,1,0,0.0,-0.019859859255841144
307,no_feedback,43,6,5,1,1,1.0,0.0,0,nan,nan,nan,0.0,-0.019859859255841144
308,no_feedback,43,0,6,1,0,-1.0,0.0,1,1,0,0,0.0,-0.019859859255841144
309,no_feedback,43,7,5,1,0,-1.0,0.0,1,0,1,0,0.0,-0.019859859255841144
310,no_feedback,43,5,3,0,0,-1.0,0.0,1,0,1,0,0.0,-0.019859859255841144
311,no_feedback,43,5,3,0,0,-1.0,0.0,1,0,1,0,0.0,-0.019859859255841144
312,no_feedback,43,4,5,1,1,1.0,0.0,0,nan,nan,nan,0.0,-0.019859859255841144
313,no_feedback,43,3,6,1,0,-1.0,0.0,1,1,0,0,0.0,-0.019859859255841144
314,no_feedback,43,4,5,1,1,1.0,0.0,0,nan,nan,nan,0.0,-0.019859859255841144
315,no_feedback,43,8,4,0,0,-1.0,0.0,1,1,0,0,0.0,-0.019859859255841144
316,no_feedback,43,6,5,1,1,1.0,0.0,0,nan,nan,nan,0.0,-0.019859859255841144
317,no_feedback,43,7,4,0,0,-1.0,0.0,1,1,0,0,0.0,-0.019859859255841144
318,no_feedback,43,7,5,1,0,-1.0,0.0,1,0,1,0,0.0,-0.019859859255841144
319,no_feedback,43,7,3,0,0,-1.0,0.0,1,0,1,0,0.0,-0.019859859255841144
320,no_feedback,43,5,3,0,0,-1.0,0.0,1,0,1,0,0.0,-0.019859859255841144
321,no_feedback,43,7,5,1,0,-1.0,0.0,1,0,1,0,0.0,-0.019859859255841144
322,no_feedback,43,7,5,1,0,-1.0,0.0,1,0,1,0,0.0,-0.019859859255841144
323,no_feedback,43,3,5,1,0,-1.0,0.0,1,0,1,0,0.0,-0.019859859255841144
324,no_feedback,43,8,3,0,0,-1.0,0.0,1,0,1,0,0.0,-0.019859859255841144
325,no_feedback,43,1,5,1,0,-1.0,0.0,1,0,1,0,0.0,-0.019859859255841144
326,no_feedback,43,8,5,1,0,-1.0,0.0,1,0,1,0,0.0,-0.019859859255841144
327,no_feedback,43,0,3,0,0,-1.0,0.0,1,0,1,0,0.0,-0.019859859255841144
328,no_feedback,43,3,5,1,0,-1.0,0.0,1,0,1,0,0.0,-0.019859859255841144
329,no_feedback,43,6,5,1,1,1.0,0.0,0,nan,nan,nan,0.0,-0.019859859255841144
330,no_feedback,43,2,4,0,0,-1.0,0.0,1,1,0,0,0.0,-0.019859859255841144
331,no_feedback,43,1,3,0,0,-1.0,0.0,1,0,1,0,0.0,-0.019859859255841144
332,no_feedback,43,7,3,0,0,-1.0,0.0,1,0,1,0,0.0,-0.019859859255841144
333,no_feedback,43,8,5,1,0,-1.0,0.0,1,0,1,0,0.0,-0.019859859255841144
334,no_feedback,43,2,5,1,0,-1.0,0.0,1,0,1,0,0.0,-0.019859859255841144
335,no_feedback,43,2,3,0,1,1.0,0.0,0,nan,nan,nan,0.0,-0.019859859255841144
336,no_feedback,43,7,2,0,0,-1.0,0.0,1,1,0,0,0.0,-0.019859859255841144
337,no_feedback,43,6,5,1,1,1.0,0.0,0,nan,nan,nan,0.0,-0.019859859255841144
338,no_feedback,43,1,4,0,0,-1.0,0.0,1,1,0,0,0.0,-0.019859859255841144
339,no_feedback,43,1,5,1,0,-1.0,0.0,1,0,1,0,0.0,-0.019859859255841144
340,no_feedback,43,1,3,0,0,-1.0,0.0,1,0,1,0,0.0,-0.019859859255841144
341,no_feedback,43,0,3,0,0,-1.0,0.0,1,0,1,0,0.0,-0.019859859255841144
342,no_feedback,43,3,3,0,1,1.0,0.0,0,nan,nan,nan,0.0,-0.019859859255841144
343,no_feedback,43,8,2,0,0,-1.0,0.0,1,1,0,0,0.0,-0.019859859255841144
344,no_feedback,43,3,5,1,0,-1.0,0.0,1,0,1,0,0.0,-0.019859859255841144
345,no_feedback,43,1,5,1,0,-1.0,0.0,1,0,1,0,0.0,-0.019859859255841144
346,no_feedback,43,0,3,0,0,-1.0,0.0,1,0,1,0,0.0,-0.019859859255841144
347,no_feedback,43,6,3,0,0,-1.0,0.0,1,0,1,0,0.0,-0.019859859255841144
348,no_feedback,43,8,3,0,0,-1.0,0.0,1,0,1,0,0.0,-0.019859859255841144
349,no_feedback,43,1,5,1,0,-1.0,0.0,1,0,1,0,0.0,-0.019859859255841144
350,no_feedback,43,2,3,0,1,1.0,0.0,0,nan,nan,nan,0.0,-0.019859859255841144
351,no_feedback,43,2,4,1,0,-1.0,0.0,1,1,0,0,0.0,-0.019859859255841144
352,no_feedback,43,1,5,1,0,-1.0,0.0,1,0,1,0,0.0,-0.019859859255841144
353,no_feedback,43,1,3,0,0,-1.0,0.0,1,0,1,0,0.0,-0.019859859255841144
354,no_feedback,43,2,5,1,0,-1.0,0.0,1,0,1,0,0.0,-0.019859859255841144
355,no_feedback,43,3,5,1,0,-1.0,0.0,1,0,1,0,0.0,-0.019859859255841144
356,no_feedback,43,0,5,1,0,-1.0,0.0,1,0,1,0,0.0,-0.019859859255841144
357,no_feedback,43,7,5,1,0,-1.0,0.0,1,0,1,0,0.0,-0.019859859255841144
358,no_feedback,43,5,3,0,0,-1.0,0.0,1,0,1,0,0.0,-0.019859859255841144
359,no_feedback,43,6,3,0,0,-1.0,0.0,1,0,1,0,0.0,-0.019859859255841144
360,no_feedback,43,7,5,1,0,-1.0,0.0,1,0,1,0,0.0,-0.019859859255841144
361,no_feedback,43,0,3,0,0,-1.0,0.0,1,0,1,0,0.0,-0.019859859255841144
362,no_feedback,43,6,3,0,0,-1.0,0.0,1,0,1,0,0.0,-0.019859859255841144
363,no_feedback,43,1,3,0,0,-1.0,0.0,1,0,1,0,0.0,-0.019859859255841144
364,no_feedback,43,3,3,0,1,1.0,0.0,0,nan,nan,nan,0.0,-0.019859859255841144
365,no_feedback,43,8,2,0,0,-1.0,0.0,1,1,0,0,0.0,-0.019859859255841144
366,no_feedback,43,7,3,0,0,-1.0,0.0,1,0,1,0,0.0,-0.019859859255841144
367,no_feedback,43,8,3,0,0,-1.0,0.0,1,0,1,0,0.0,-0.019859859255841144
368,no_feedback,43,3,5,1,0,-1.0,0.0,1,0,1,0,0.0,-0.019859859255841144
369,no_feedback,43,5,3,0,0,-1.0,0.0,1,0,1,0,0.0,-0.019859859255841144
370,no_feedback,43,0,3,0,0,-1.0,0.0,1,0,1,0,0.0,-0.019859859255841144
371,no_feedback,43,3,5,1,0,-1.0,0.0,1,0,1,0,0.0,-0.019859859255841144
372,no_feedback,43,3,3,0,1,1.0,0.0,0,nan,nan,nan,0.0,-0.019859859255841144
373,no_feedback,43,7,2,0,0,-1.0,0.0,1,1,0,0,0.0,-0.019859859255841144
374,no_feedback,43,1,3,0,0,-1.0,0.0,1,0,1,0,0.0,-0.019859859255841144
375,no_feedback,43,1,3,0,0,-1.0,0.0,1,0,1,0,0.0,-0.019859859255841144
376,no_feedback,43,1,5,1,0,-1.0,0.0,1,0,1,0,0.0,-0.019859859255841144
377,no_feedback,43,3,5,1,0,-1.0,0.0,1,0,1,0,0.0,-0.019859859255841144
378,no_feedback,43,1,5,1,0,-1.0,0.0,1,0,1,0,0.0,-0.019859859255841144
379,no_feedback,43,4,5,1,1,1.0,0.0,0,nan,nan,nan,0.0,-0.019859859255841144
380,no_feedback,43,2,6,1,0,-1.0,0.0,1,1,0,0,0.0,-0.019859859255841144
381,no_feedback,43,4,3,0,1,1.0,0.0,0,nan,nan,nan,0.0,-0.019859859255841144
382,no_feedback,43,2,2,0,1,1.0,0.0,0,nan,nan,nan,0.0,-0.019859859255841144
383,no_feedback,43,8,3,1,0,-1.0,0.0,1,2,0,0,0.0,-0.019859859255841144
384,no_feedback,43,5,3,0,0,-1.0,0.0,1,0,1,0,0.0,-0.019859859255841144
385,no_feedback,43,3,5,1,0,-1.0,0.0,1,0,1,0,0.0,-0.019859859255841144
386,no_feedback,43,8,3,0,0,-1.0,0.0,1,0,1,0,0.0,-0.019859859255841144
387,no_feedback,43,3,3,0,1,1.0,0.0,0,nan,nan,nan,0.0,-0.019859859255841144
388,no_feedback,43,5,2,0,0,-1.0,0.0,1,1,0,0,0.0,-0.019859859255841144
389,no_feedback,43,7,3,0,0,-1.0,0.0,1,0,1,0,0.0,-0.019859859255841144
390,no_feedback,43,7,5,1,0,-1.0,0.0,1,0,1,0,0.0,-0.019859859255841144
391,no_feedback,43,7,3,0,0,-1.0,0.0,1,0,1,0,0.0,-0.019859859255841144
392,no_feedback,43,8,3,0,0,-1.0,0.0,1,0,1,0,0.0,-0.019859859255841144
393,no_feedback,43,1,3,0,0,-1.0,0.0,1,0,1,0,0.0,-0.019859859255841144
394,no_feedback,43,4,5,1,1,1.0,0.0,0,nan,nan,nan,0.0,-0.019859859255841144
395,no_feedback,43,7,4,0,0,-1.0,0.0,1,1,0,0,0.0,-0.019859859255841144
396,no_feedback,43,0,3,0,0,-1.0,0.0,1,0,1,0,0.0,-0.019859859255841144
397,no_feedback,43,6,5,1,1,1.0,0.0,0,nan,nan,nan,0.0,-0.019859859255841144
398,no_feedback,43,0,6,1,0,-1.0,0.0,1,1,0,0,0.0,-0.019859859255841144
399,no_feedback,43,7,3,0,0,-1.0,0.0,1,0,1,0,0.0,-0.019859859255841144
400,no_feedback,43,7,5,1,0,-1.0,0.0,1,0,1,0,0.0,-0.019859859255841144
401,no_feedback,43,6,5,1,1,1.0,0.0,0,nan,nan,nan,0.0,-0.019859859255841144
402,no_feedback,43,5,4,0,1,1.0,0.0,0,nan,nan,nan,0.0,-0.019859859255841144
403,no_feedback,43,3,5,1,0,-1.0,0.0,1,2,0,0,0.0,-0.019859859255841144
404,no_feedback,43,4,5,1,1,1.0,0.0,0,nan,nan,nan,0.0,-0.019859859255841144
405,no_feedback,43,6,4,0,0,-1.0,0.0,1,1,0,0,0.0,-0.019859859255841144
406,no_feedback,43,6,5,1,1,1.0,0.0,0,nan,nan,nan,0.0,-0.019859859255841144
407,no_feedback,43,0,6,1,0,-1.0,0.0,1,1,0,0,0.0,-0.019859859255841144
408,no_feedback,43,0,5,1,0,-1.0,0.0,1,0,1,0,0.0,-0.019859859255841144
409,no_feedback,43,8,3,0,0,-1.0,0.0,1,0,1,0,0.0,-0.019859859255841144
410,no_feedback,43,7,5,1,0,-1.0,0.0,1,0,1,0,0.0,-0.019859859255841144
411,no_feedback,43,3,3,0,1,1.0,0.0,0,nan,nan,nan,0.0,-0.019859859255841144
412,no_feedback,43,6,2,0,0,-1.0,0.0,1,1,0,0,0.0,-0.019859859255841144
413,no_feedback,43,2,5,1,0,-1.0,0.0,1,0,1,0,0.0,-0.019859859255841144
414,no_feedback,43,4,5,1,1,1.0,0.0,0,nan,nan,nan,0.0,-0.019859859255841144
415,no_feedback,43,4,6,1,0,-1.0,0.0,1,1,0,0,0.0,-0.019859859255841144
416,no_feedback,43,6,5,1,1,1.0,0.0,0,nan,nan,nan,0.0,-0.019859859255841144
417,no_feedback,43,5,6,1,1,1.0,0.0,0,nan,nan,nan,0.0,-0.019859859255841144
418,no_feedback,43,5,5,0,1,1.0,0.0,0,nan,nan,nan,0.0,-0.019859859255841144
419,no_feedback,43,6,4,0,0,-1.0,0.0,1,3,0,1,0.0,-0.019859859255841144
420,no_feedback,43,4,5,1,1,1.0,0.0,0,nan,nan,nan,0.0,-0.019859859255841144
421,no_feedback,43,0,6,1,0,-1.0,0.0,1,1,0,0,0.0,-0.019859859255841144
422,no_feedback,43,4,3,0,1,1.0,0.0,0,nan,nan,nan,0.0,-0.019859859255841144
423,no_feedback,43,1,4,1,0,-1.0,0.0,1,1,0,0,0.0,-0.019859859255841144
424,no_feedback,43,0,3,0,0,-1.0,0.0,1,0,1,0,0.0,-0.019859859255841144
425,no_feedback,43,1,3,0,0,-1.0,0.0,1,0,1,0,0.0,-0.019859859255841144
426,no_feedback,43,5,3,0,0,-1.0,0.0,1,0,1,0,0.0,-0.019859859255841144
427,no_feedback,43,6,5,1,1,1.0,0.0,0,nan,nan,nan,0.0,-0.019859859255841144
428,no_feedback,43,8,4,0,0,-1.0,0.0,1,1,0,0,0.0,-0.019859859255841144
429,no_feedback,43,2,5,1,0,-1.0,0.0,1,0,1,0,0.0,-0.019859859255841144
430,no_feedback,43,3,3,0,1,1.0,0.0,0,nan,nan,nan,0.0,-0.019859859255841144
431,no_feedback,43,2,2,0,1,1.0,0.0,0,nan,nan,nan,0.0,-0.019859859255841144
432,no_feedback,43,1,3,1,0,-1.0,0.0,1,2,0,0,0.0,-0.019859859255841144
433,no_feedback,43,0,5,1,0,-1.0,0.0,1,0,1,0,0.0,-0.019859859255841144
434,no_feedback,43,5,3,0,0,-1.0,0.0,1,0,1,0,0.0,-0.019859859255841144
435,no_feedback,43,5,3,0,0,-1.0,0.0,1,0,1,0,0.0,-0.019859859255841144
436,no_feedback,43,3,5,1,0,-1.0,0.0,1,0,1,0,0.0,-0.019859859255841144
437,no_feedback,43,2,5,1,0,-1.0,0.0,1,0,1,0,0.0,-0.019859859255841144
438,no_feedback,43,1,5,1,0,-1.0,0.0,1,0,1,0,0.0,-0.019859859255841144
439,no_feedback,43,7,3,0,0,-1.0,0.0,1,0,1,0,0.0,-0.019859859255841144
440,no_feedback,43,4,3,0,1,1.0,0.0,0,nan,nan,nan,0.0,-0.019859859255841144
441,no_feedback,43,6,4,1,0,-1.0,0.0,1,1,0,0,0.0,-0.019859859255841144
442,no_feedback,43,1,5,1,0,-1.0,0.0,1,0,1,0,0.0,-0.019859859255841144
443,no_feedback,43,7,5,1,0,-1.0,0.0,1,0,1,0,0.0,-0.019859859255841144
444,no_feedback,43,7,5,1,0,-1.0,0.0,1,0,1,0,0.0,-0.019859859255841144
445,no_feedback,43,0,3,0,0,-1.0,0.0,1,0,1,0,0.0,-0.019859859255841144
446,no_feedback,43,4,5,1,1,1.0,0.0,0,nan,nan,nan,0.0,-0.019859859255841144
447,no_feedback,43,3,6,1,0,-1.0,0.0,1,1,0,0,0.0,-0.019859859255841144
448,no_feedback,43,6,5,1,1,1.0,0.0,0,nan,nan,nan,0.0,-0.019859859255841144
449,no_feedback,43,8,4,0,0,-1.0,0.0,1,1,0,0,0.0,-0.019859859255841144
450,no_feedback,43,1,3,0,0,-1.0,0.0,1,0,1,0,0.0,-0.019859859255841144
451,no_feedback,43,0,3,0,0,-1.0,0.0,1,0,1,0,0.0,-0.019859859255841144
452,no_feedback,43,0,3,0,0,-1.0,0.0,1,0,1,0,0.0,-0.019859859255841144
453,no_feedback,43,1,5,1,0,-1.0,0.0,1,0,1,0,0.0,-0.019859859255841144
454,no_feedback,43,7,5,1,0,-1.0,0.0,1,0,1,0,0.0,-0.019859859255841144
455,no_feedback,43,3,3,0,1,1.0,0.0,0,nan,nan,nan,0.0,-0.019859859255841144
456,no_feedback,43,3,4,1,1,1.0,0.0,0,nan,nan,nan,0.0,-0.019859859255841144
457,no_feedback,43,2,3,0,1,1.0,0.0,0,nan,nan,nan,0.0,-0.019859859255841144
458,no_feedback,43,6,2,0,0,-1.0,0.0,1,3,0,1,0.0,-0.019859859255841144
459,no_feedback,43,8,3,0,0,-1.0,0.0,1,0,1,0,0.0,-0.019859859255841144
460,no_feedback,43,0,3,0,0,-1.0,0.0,1,0,1,0,0.0,-0.019859859255841144
461,no_feedback,43,2,5,1,0,-1.0,0.0,1,0,1,0,0.0,-0.019859859255841144
462,no_feedback,43,2,5,1,0,-1.0,0.0,1,0,1,0,0.0,-0.019859859255841144
463,no_feedback,43,2,3,0,1,1.0,0.0,0,nan,nan,nan,0.0,-0.019859859255841144
464,no_feedback,43,8,4,1,0,-1.0,0.0,1,1,0,0,0.0,-0.019859859255841144
465,no_feedback,43,3,3,0,1,1.0,0.0,0,nan,nan,nan,0.0,-0.019859859255841144
466,no_feedback,43,1,2,0,1,1.0,0.0,0,nan,nan,nan,0.0,-0.019859859255841144
467,no_feedback,43,3,1,0,0,-1.0,0.0,1,2,0,0,0.0,-0.019859859255841144
468,no_feedback,43,4,3,0,1,1.0,0.0,0,nan,nan,nan,0.0,-0.019859859255841144
469,no_feedback,43,2,4,1,0,-1.0,0.0,1,1,0,0,0.0,-0.019859859255841144
470,no_feedback,43,2,3,0,1,1.0,0.0,0,nan,nan,nan,0.0,-0.019859859255841144
471,no_feedback,43,3,2,0,1,1.0,0.0,0,nan,nan,nan,0.0,-0.019859859255841144
472,no_feedback,43,2,3,1,1,1.0,0.0,0,nan,nan,nan,0.0,-0.019859859255841144
473,no_feedback,43,3,2,0,1,1.0,0.0,0,nan,nan,nan,0.0,-0.019859859255841144
474,no_feedback,43,0,1,0,1,1.0,0.0,0,nan,nan,nan,0.0,-0.019859859255841144
475,no_feedback,43,8,2,1,0,-1.0,0.0,1,5,0,1,0.0,-0.019859859255841144
476,no_feedback,43,6,5,1,1,1.0,0.0,0,nan,nan,nan,0.0,-0.019859859255841144
477,no_feedback,43,8,4,0,0,-1.0,0.0,1,1,0,0,0.0,-0.019859859255841144
478,no_feedback,43,0,3,0,0,-1.0,0.0,1,0,1,0,0.0,-0.019859859255841144
479,no_feedback,43,0,3,0,0,-1.0,0.0,1,0,1,0,0.0,-0.019859859255841144
480,no_feedback,43,3,5,1,0,-1.0,0.0,1,0,1,0,0.0,-0.019859859255841144
481,no_feedback,43,4,3,0,1,1.0,0.0,0,nan,nan,nan,0.0,-0.019859859255841144
482,no_feedback,43,4,2,0,0,-1.0,0.0,1,1,0,0,0.0,-0.019859859255841144
483,no_feedback,43,5,3,0,0,-1.0,0.0,1,0,1,0,0.0,-0.019859859255841144
484,no_feedback,43,8,3,0,0,-1.0,0.0,1,0,1,0,0.0,-0.019859859255841144
485,no_feedback,43,8,3,0,0,-1.0,0.0,1,0,1,0,0.0,-0.019859859255841144
486,no_feedback,43,7,3,0,0,-1.0,0.0,1,0,1,0,0.0,-0.019859859255841144
487,no_feedback,43,4,3,0,1,1.0,0.0,0,nan,nan,nan,0.0,-0.019859859255841144
488,no_feedback,43,4,2,0,0,-1.0,0.0,1,1,0,0,0.0,-0.019859859255841144
489,no_feedback,43,7,5,1,0,-1.0,0.0,1,0,1,0,0.0,-0.019859859255841144
490,no_feedback,43,7,3,0,0,-1.0,0.0,1,0,1,0,0.0,-0.019859859255841144
491,no_feedback,43,8,3,0,0,-1.0,0.0,1,0,1,0,0.0,-0.019859859255841144
492,no_feedback,43,3,3,0,1,1.0,0.0,0,nan,nan,nan,0.0,-0.019859859255841144
493,no_feedback,43,7,2,0,0,-1.0,0.0,1,1,0,0,0.0,-0.019859859255841144
494,no_feedback,43,0,3,0,0,-1.0,0.0,1,0,1,0,0.0,-0.019859859255841144
495,no_feedback,43,6,3,0,0,-1.0,0.0,1,0,1,0,0.0,-0.019859859255841144
496,no_feedback,43,1,3,0,0,-1.0,0.0,1,0,1,0,0.0,-0.019859859255841144
497,no_feedback,43,0,3,0,0,-1.0,0.0,1,0,1,0,0.0,-0.019859859255841144
498,no_feedback,43,0,3,0,0,-1.0,0.0,1,0,1,0,0.0,-0.019859859255841144
499,no_feedback,43,0,3,0,0,-1.0,0.0,1,0,1,0,0.0,-0.019859859255841144
500,no_feedback,43,2,3,0,1,1.0,0.0,0,nan,nan,nan,0.0,-0.019859859255841144
501,no_feedback,43,5,4,1,1,1.0,0.0,0,nan,nan,nan,0.0,-0.019859859255841144
502,no_feedback,43,4,5,1,1,1.0,0.0,0,nan,nan,nan,0.0,-0.019859859255841144
503,no_feedback,43,0,6,1,0,-1.0,0.0,1,3,0,1,0.0,-0.019859859255841144
504,no_feedback,43,3,3,0,1,1.0,0.0,0,nan,nan,nan,0.0,-0.019859859255841144
505,no_feedback,43,2,2,0,1,1.0,0.0,0,nan,nan,nan,0.0,-0.019859859255841144
506,no_feedback,43,4,1,0,0,-1.0,0.0,1,2,0,0,0.0,-0.019859859255841144
507,no_feedback,43,3,3,0,1,1.0,0.0,0,nan,nan,nan,0.0,-0.019859859255841144
508,no_feedback,43,4,2,0,0,-1.0,0.0,1,1,0,0,0.0,-0.019859859255841144
509,no_feedback,43,3,3,0,1,1.0,0.0,0,nan,nan,nan,0.0,-0.019859859255841144
510,no_feedback,43,2,4,1,0,-1.0,0.0,1,1,0,0,0.0,-0.019859859255841144
511,no_feedback,43,1,5,1,0,-1.0,0.0,1,0,1,0,0.0,-0.019859859255841144
512,no_feedback,43,7,3,0,0,-1.0,0.0,1,0,1,0,0.0,-0.019859859255841144
513,no_feedback,43,5,3,0,0,-1.0,0.0,1,0,1,0,0.0,-0.019859859255841144
514,no_feedback,43,3,5,1,0,-1.0,0.0,1,0,1,0,0.0,-0.019859859255841144
515,no_feedback,43,2,5,1,0,-1.0,0.0,1,0,1,0,0.0,-0.019859859255841144
516,no_feedback,43,1,5,1,0,-1.0,0.0,1,0,1,0,0.0,-0.019859859255841144
517,no_feedback,43,5,3,0,0,-1.0,0.0,1,0,1,0,0.0,-0.019859859255841144
518,no_feedback,43,5,3,0,0,-1.0,0.0,1,0,1,0,0.0,-0.019859859255841144
519,no_feedback,43,2,5,1,0,-1.0,0.0,1,0,1,0,0.0,-0.019859859255841144
520,no_feedback,43,5,3,0,0,-1.0,0.0,1,0,1,0,0.0,-0.019859859255841144
521,no_feedback,43,3,3,0,1,1.0,0.0,0,nan,nan,nan,0.0,-0.019859859255841144
522,no_feedback,43,5,2,0,0,-1.0,0.0,1,1,0,0,0.0,-0.019859859255841144
523,no_feedback,43,5,3,0,0,-1.0,0.0,1,0,1,0,0.0,-0.019859859255841144
524,no_feedback,43,6,3,0,0,-1.0,0.0,1,0,1,0,0.0,-0.019859859255841144
525,no_feedback,43,7,3,0,0,-1.0,0.0,1,0,1,0,0.0,-0.019859859255841144
526,no_feedback,43,3,3,0,1,1.0,0.0,0,nan,nan,nan,0.0,-0.019859859255841144
527,no_feedback,43,7,2,0,0,-1.0,0.0,1,1,0,0,0.0,-0.019859859255841144
528,no_feedback,43,1,5,1,0,-1.0,0.0,1,0,1,0,0.0,-0.019859859255841144
529,no_feedback,43,3,3,0,1,1.0,0.0,0,nan,nan,nan,0.0,-0.019859859255841144
530,no_feedback,43,8,2,0,0,-1.0,0.0,1,1,0,0,0.0,-0.019859859255841144
531,no_feedback,43,7,3,0,0,-1.0,0.0,1,0,1,0,0.0,-0.019859859255841144
532,no_feedback,43,5,3,0,0,-1.0,0.0,1,0,1,0,0.0,-0.019859859255841144
533,no_feedback,43,6,5,1,1,1.0,0.0,0,nan,nan,nan,0.0,-0.019859859255841144
534,no_feedback,43,1,4,0,0,-1.0,0.0,1,1,0,0,0.0,-0.019859859255841144
535,no_feedback,43,7,5,1,0,-1.0,0.0,1,0,1,0,0.0,-0.019859859255841144
536,no_feedback,43,1,5,1,0,-1.0,0.0,1,0,1,0,0.0,-0.019859859255841144
537,no_feedback,43,1,3,0,0,-1.0,0.0,1,0,1,0,0.0,-0.019859859255841144
538,no_feedback,43,3,5,1,0,-1.0,0.0,1,0,1,0,0.0,-0.019859859255841144
539,no_feedback,43,8,3,0,0,-1.0,0.0,1,0,1,0,0.0,-0.019859859255841144
540,no_feedback,43,5,3,0,0,-1.0,0.0,1,0,1,0,0.0,-0.019859859255841144
541,no_feedback,43,2,3,0,1,1.0,0.0,0,nan,nan,nan,0.0,-0.019859859255841144
542,no_feedback,43,8,4,1,0,-1.0,0.0,1,1,0,0,0.0,-0.019859859255841144
543,no_feedback,43,8,3,0,0,-1.0,0.0,1,0,1,0,0.0,-0.019859859255841144
544,no_feedback,43,2,3,0,1,1.0,0.0,0,nan,nan,nan,0.0,-0.019859859255841144
545,no_feedback,43,6,2,0,0,-1.0,0.0,1,1,0,0,0.0,-0.019859859255841144
546,no_feedback,43,6,5,1,1,1.0,0.0,0,nan,nan,nan,0.0,-0.019859859255841144
547,no_feedback,43,6,4,0,0,-1.0,0.0,1,1,0,0,0.0,-0.019859859255841144
548,no_feedback,43,8,3,0,0,-1.0,0.0,1,0,1,0,0.0,-0.019859859255841144
549,no_feedback,43,3,5,1,0,-1.0,0.0,1,0,1,0,0.0,-0.019859859255841144
550,no_feedback,43,3,3,0,1,1.0,0.0,0,nan,nan,nan,0.0,-0.019859859255841144
551,no_feedback,43,1,4,1,0,-1.0,0.0,1,1,0,0,0.0,-0.019859859255841144
552,no_feedback,43,6,5,1,1,1.0,0.0,0,nan,nan,nan,0.0,-0.019859859255841144
553,no_feedback,43,6,4,0,0,-1.0,0.0,1,1,0,0,0.0,-0.019859859255841144
554,no_feedback,43,1,3,0,0,-1.0,0.0,1,0,1,0,0.0,-0.019859859255841144
555,no_feedback,43,8,3,0,0,-1.0,0.0,1,0,1,0,0.0,-0.019859859255841144
556,no_feedback,43,3,5,1,0,-1.0,0.0,1,0,1,0,0.0,-0.019859859255841144
557,no_feedback,43,1,3,0,0,-1.0,0.0,1,0,1,0,0.0,-0.019859859255841144
558,no_feedback,43,2,3,0,1,1.0,0.0,0,nan,nan,nan,0.0,-0.019859859255841144
559,no_feedback,43,2,4,1,0,-1.0,0.0,1,1,0,0,0.0,-0.019859859255841144
560,no_feedback,43,3,3,0,1,1.0,0.0,0,nan,nan,nan,0.0,-0.019859859255841144
561,no_feedback,43,3,4,1,1,1.0,0.0,0,nan,nan,nan,0.0,-0.019859859255841144
562,no_feedback,43,2,5,1,0,-1.0,0.0,1,2,0,0,0.0,-0.019859859255841144
563,no_feedback,43,6,3,0,0,-1.0,0.0,1,0,1,0,0.0,-0.019859859255841144
564,no_feedback,43,7,5,1,0,-1.0,0.0,1,0,1,0,0.0,-0.019859859255841144
565,no_feedback,43,4,3,0,1,1.0,0.0,0,nan,nan,nan,0.0,-0.019859859255841144
566,no_feedback,43,5,2,0,0,-1.0,0.0,1,1,0,0,0.0,-0.019859859255841144
567,no_feedback,43,5,3,0,0,-1.0,0.0,1,0,1,0,0.0,-0.019859859255841144
568,no_feedback,43,7,5,1,0,-1.0,0.0,1,0,1,0,0.0,-0.019859859255841144
569,no_feedback,43,0,3,0,0,-1.0,0.0,1,0,1,0,0.0,-0.019859859255841144
570,no_feedback,43,3,3,0,1,1.0,0.0,0,nan,nan,nan,0.0,-0.019859859255841144
571,no_feedback,43,0,2,0,0,-1.0,0.0,1,1,0,0,0.0,-0.019859859255841144
572,no_feedback,43,2,3,0,1,1.0,0.0,0,nan,nan,nan,0.0,-0.019859859255841144
573,no_feedback,43,5,4,1,1,1.0,0.0,0,nan,nan,nan,0.0,-0.019859859255841144
574,no_feedback,43,2,3,0,1,1.0,0.0,0,nan,nan,nan,0.0,-0.019859859255841144
575,no_feedback,43,5,4,1,1,1.0,0.0,0,nan,nan,nan,0.0,-0.019859859255841144
576,no_feedback,43,2,3,0,1,1.0,0.0,0,nan,nan,nan,0.0,-0.019859859255841144
577,no_feedback,43,1,4,1,0,-1.0,0.0,1,5,0,1,0.0,-0.019859859255841144
578,no_feedback,43,6,5,1,1,1.0,0.0,0,nan,nan,nan,0.0,-0.019859859255841144
579,no_feedback,43,8,6,1,0,-1.0,0.0,1,1,0,0,0.0,-0.019859859255841144
580,no_feedback,43,7,3,0,0,-1.0,0.0,1,0,1,0,0.0,-0.019859859255841144
581,no_feedback,43,0,3,0,0,-1.0,0.0,1,0,1,0,0.0,-0.019859859255841144
582,no_feedback,43,1,5,1,0,-1.0,0.0,1,0,1,0,0.0,-0.019859859255841144
583,no_feedback,43,5,3,0,0,-1.0,0.0,1,0,1,0,0.0,-0.019859859255841144
584,no_feedback,43,0,3,0,0,-1.0,0.0,1,0,1,0,0.0,-0.019859859255841144
585,no_feedback,43,4,3,0,1,1.0,0.0,0,nan,nan,nan,0.0,-0.019859859255841144
586,no_feedback,43,0,4,1,0,-1.0,0.0,1,1,0,0,0.0,-0.019859859255841144
587,no_feedback,43,7,3,0,0,-1.0,0.0,1,0,1,0,0.0,-0.019859859255841144
588,no_feedback,43,0,3,0,0,-1.0,0.0,1,0,1,0,0.0,-0.019859859255841144
589,no_feedback,43,6,5,1,1,1.0,0.0,0,nan,nan,nan,0.0,-0.019859859255841144
590,no_feedback,43,4,6,1,0,-1.0,0.0,1,1,0,0,0.0,-0.019859859255841144
591,no_feedback,43,4,5,1,1,1.0,0.0,0,nan,nan,nan,0.0,-0.019859859255841144
592,no_feedback,43,6,4,0,0,-1.0,0.0,1,1,0,0,0.0,-0.019859859255841144
593,no_feedback,43,3,5,1,0,-1.0,0.0,1,0,1,0,0.0,-0.019859859255841144
594,no_feedback,43,3,3,0,1,1.0,0.0,0,nan,nan,nan,0.0,-0.019859859255841144
595,no_feedback,43,3,2,0,1,1.0,0.0,0,nan,nan,nan,0.0,-0.019859859255841144
596,no_feedback,43,3,1,0,0,-1.0,0.0,1,2,0,0,0.0,-0.019859859255841144
597,no_feedback,43,2,5,1,0,-1.0,0.0,1,0,1,0,0.0,-0.019859859255841144
598,no_feedback,43,8,3,0,0,-1.0,0.0,1,0,1,0,0.0,-0.019859859255841144
599,no_feedback,43,6,5,1,1,1.0,0.0,0,nan,nan,nan,0.0,-0.019859859255841144
600,no_feedback,43,8,6,1,0,-1.0,0.0,1,1,0,0,0.0,-0.019859859255841144
601,no_feedback,43,2,3,0,1,1.0,0.0,0,nan,nan,nan,0.0,-0.019859859255841144
602,no_feedback,43,0,2,0,0,-1.0,0.0,1,1,0,0,0.0,-0.019859859255841144
603,no_feedback,43,8,3,0,0,-1.0,0.0,1,0,1,0,0.0,-0.019859859255841144
604,no_feedback,43,2,5,1,0,-1.0,0.0,1,0,1,0,0.0,-0.019859859255841144
605,no_feedback,43,4,5,1,1,1.0,0.0,0,nan,nan,nan,0.0,-0.019859859255841144
606,no_feedback,43,8,4,0,0,-1.0,0.0,1,1,0,0,0.0,-0.019859859255841144
607,no_feedback,43,7,5,1,0,-1.0,0.0,1,0,1,0,0.0,-0.019859859255841144
608,no_feedback,43,7,3,0,0,-1.0,0.0,1,0,1,0,0.0,-0.019859859255841144
609,no_feedback,43,5,3,0,0,-1.0,0.0,1,0,1,0,0.0,-0.019859859255841144
610,no_feedback,43,8,3,0,0,-1.0,0.0,1,0,1,0,0.0,-0.019859859255841144
611,no_feedback,43,1,3,0,0,-1.0,0.0,1,0,1,0,0.0,-0.019859859255841144
612,no_feedback,43,7,3,0,0,-1.0,0.0,1,0,1,0,0.0,-0.019859859255841144
613,no_feedback,43,5,3,0,0,-1.0,0.0,1,0,1,0,0.0,-0.019859859255841144
614,no_feedback,43,3,3,0,1,1.0,0.0,0,nan,nan,nan,0.0,-0.019859859255841144
615,no_feedback,43,1,2,0,1,1.0,0.0,0,nan,nan,nan,0.0,-0.019859859255841144
616,no_feedback,43,4,3,1,1,1.0,0.0,0,nan,nan,nan,0.0,-0.019859859255841144
617,no_feedback,43,0,4,1,0,-1.0,0.0,1,3,0,1,0.0,-0.019859859255841144
618,no_feedback,43,6,5,1,1,1.0,0.0,0,nan,nan,nan,0.0,-0.019859859255841144
619,no_feedback,43,6,4,0,0,-1.0,0.0,1,1,0,0,0.0,-0.019859859255841144
620,no_feedback,43,6,5,1,1,1.0,0.0,0,nan,nan,nan,0.0,-0.019859859255841144
621,no_feedback,43,0,6,1,0,-1.0,0.0,1,1,0,0,0.0,-0.019859859255841144
622,no_feedback,43,5,3,0,0,-1.0,0.0,1,0,1,0,0.0,-0.019859859255841144
623,no_feedback,43,8,3,0,0,-1.0,0.0,1,0,1,0,0.0,-0.019859859255841144
624,no_feedback,43,0,3,0,0,-1.0,0.0,1,0,1,0,0.0,-0.019859859255841144
625,no_feedback,43,7,5,1,0,-1.0,0.0,1,0,1,0,0.0,-0.019859859255841144
626,no_feedback,43,8,3,0,0,-1.0,0.0,1,0,1,0,0.0,-0.019859859255841144
627,no_feedback,43,3,5,1,0,-1.0,0.0,1,0,1,0,0.0,-0.019859859255841144
628,no_feedback,43,3,5,1,0,-1.0,0.0,1,0,1,0,0.0,-0.019859859255841144
629,no_feedback,43,8,3,0,0,-1.0,0.0,1,0,1,0,0.0,-0.019859859255841144
630,no_feedback,43,0,3,0,0,-1.0,0.0,1,0,1,0,0.0,-0.019859859255841144
631,no_feedback,43,6,5,1,1,1.0,0.0,0,nan,nan,nan,0.0,-0.019859859255841144
632,no_feedback,43,5,6,1,1,1.0,0.0,0,nan,nan,nan,0.0,-0.019859859255841144
633,no_feedback,43,7,5,0,0,-1.0,0.0,1,2,0,0,0.0,-0.019859859255841144
634,no_feedback,43,4,3,0,1,1.0,0.0,0,nan,nan,nan,0.0,-0.019859859255841144
635,no_feedback,43,2,2,0,1,1.0,0.0,0,nan,nan,nan,0.0,-0.019859859255841144
636,no_feedback,43,5,3,1,0,-1.0,0.0,1,2,0,0,0.0,-0.019859859255841144
637,no_feedback,43,5,3,0,0,-1.0,0.0,1,0,1,0,0.0,-0.019859859255841144
638,no_feedback,43,7,5,1,0,-1.0,0.0,1,0,1,0,0.0,-0.019859859255841144
639,no_feedback,43,1,3,0,0,-1.0,0.0,1,0,1,0,0.0,-0.019859859255841144
640,no_feedback,43,0,3,0,0,-1.0,0.0,1,0,1,0,0.0,-0.019859859255841144
641,no_feedback,43,1,3,0,0,-1.0,0.0,1,0,1,0,0.0,-0.019859859255841144
642,no_feedback,43,8,3,0,0,-1.0,0.0,1,0,1,0,0.0,-0.019859859255841144
643,no_feedback,43,7,3,0,0,-1.0,0.0,1,0,1,0,0.0,-0.019859859255841144
644,no_feedback,43,6,5,1,1,1.0,0.0,0,nan,nan,nan,0.0,-0.019859859255841144
645,no_feedback,43,1,4,0,0,-1.0,0.0,1,1,0,0,0.0,-0.019859859255841144
646,no_feedback,43,2,3,0,1,1.0,0.0,0,nan,nan,nan,0.0,-0.019859859255841144
647,no_feedback,43,1,2,0,1,1.0,0.0,0,nan,nan,nan,0.0,-0.019859859255841144
648,no_feedback,43,5,1,0,0,-1.0,0.0,1,2,0,0,0.0,-0.019859859255841144
649,no_feedback,43,1,5,1,0,-1.0,0.0,1,0,1,0,0.0,-0.019859859255841144
650,no_feedback,43,8,3,0,0,-1.0,0.0,1,0,1,0,0.0,-0.019859859255841144
651,no_feedback,43,3,5,1,0,-1.0,0.0,1,0,1,0,0.0,-0.019859859255841144
652,no_feedback,43,3,5,1,0,-1.0,0.0,1,0,1,0,0.0,-0.019859859255841144
653,no_feedback,43,3,3,0,1,1.0,0.0,0,nan,nan,nan,0.0,-0.019859859255841144
654,no_feedback,43,6,4,1,0,-1.0,0.0,1,1,0,0,0.0,-0.019859859255841144
655,no_feedback,43,8,3,0,0,-1.0,0.0,1,0,1,0,0.0,-0.019859859255841144
656,no_feedback,43,6,5,1,1,1.0,0.0,0,nan,nan,nan,0.0,-0.019859859255841144
657,no_feedback,43,0,6,1,0,-1.0,0.0,1,1,0,0,0.0,-0.019859859255841144
658,no_feedback,43,7,5,1,0,-1.0,0.0,1,0,1,0,0.0,-0.019859859255841144
659,no_feedback,43,1,3,0,0,-1.0,0.0,1,0,1,0,0.0,-0.019859859255841144
660,no_feedback,43,4,5,1,1,1.0,0.0,0,nan,nan,nan,0.0,-0.019859859255841144
661,no_feedback,43,0,6,1,0,-1.0,0.0,1,1,0,0,0.0,-0.019859859255841144
662,no_feedback,43,5,3,0,0,-1.0,0.0,1,0,1,0,0.0,-0.019859859255841144
663,no_feedback,43,4,5,1,1,1.0,0.0,0,nan,nan,nan,0.0,-0.019859859255841144
664,no_feedback,43,4,4,0,1,1.0,0.0,0,nan,nan,nan,0.0,-0.019859859255841144
665,no_feedback,43,2,5,1,0,-1.0,0.0,1,2,0,0,0.0,-0.019859859255841144
666,no_feedback,43,4,3,0,1,1.0,0.0,0,nan,nan,nan,0.0,-0.019859859255841144
667,no_feedback,43,0,4,1,0,-1.0,0.0,1,1,0,0,0.0,-0.019859859255841144
668,no_feedback,43,1,3,0,0,-1.0,0.0,1,0,1,0,0.0,-0.019859859255841144
669,no_feedback,43,2,5,1,0,-1.0,0.0,1,0,1,0,0.0,-0.019859859255841144
670,no_feedback,43,3,3,0,1,1.0,0.0,0,nan,nan,nan,0.0,-0.019859859255841144
671,no_feedback,43,2,2,0,1,1.0,0.0,0,nan,nan,nan,0.0,-0.019859859255841144
672,no_feedback,43,3,1,0,0,-1.0,0.0,1,2,0,0,0.0,-0.019859859255841144
673,no_feedback,43,2,5,1,0,-1.0,0.0,1,0,1,0,0.0,-0.019859859255841144
674,no_feedback,43,1,3,0,0,-1.0,0.0,1,0,1,0,0.0,-0.019859859255841144
675,no_feedback,43,0,3,0,0,-1.0,0.0,1,0,1,0,0.0,-0.019859859255841144
676,no_feedback,43,0,3,0,0,-1.0,0.0,1,0,1,0,0.0,-0.019859859255841144
677,no_feedback,43,3,3,0,1,1.0,0.0,0,nan,nan,nan,0.0,-0.019859859255841144
678,no_feedback,43,4,2,0,0,-1.0,0.0,1,1,0,0,0.0,-0.019859859255841144
679,no_feedback,43,8,3,0,0,-1.0,0.0,1,0,1,0,0.0,-0.019859859255841144
680,no_feedback,43,5,3,0,0,-1.0,0.0,1,0,1,0,0.0,-0.019859859255841144
681,no_feedback,43,5,3,0,0,-1.0,0.0,1,0,1,0,0.0,-0.019859859255841144
682,no_feedback,43,8,3,0,0,-1.0,0.0,1,0,1,0,0.0,-0.019859859255841144
683,no_feedback,43,2,5,1,0,-1.0,0.0,1,0,1,0,0.0,-0.019859859255841144
684,no_feedback,43,5,3,0,0,-1.0,0.0,1,0,1,0,0.0,-0.019859859255841144
685,no_feedback,43,7,5,1,0,-1.0,0.0,1,0,1,0,0.0,-0.019859859255841144
686,no_feedback,43,3,3,0,1,1.0,0.0,0,nan,nan,nan,0.0,-0.019859859255841144
687,no_feedback,43,2,4,1,0,-1.0,0.0,1,1,0,0,0.0,-0.019859859255841144
688,no_feedback,43,0,3,0,0,-1.0,0.0,1,0,1,0,0.0,-0.019859859255841144
689,no_feedback,43,5,3,0,0,-1.0,0.0,1,0,1,0,0.0,-0.019859859255841144
690,no_feedback,43,0,3,0,0,-1.0,0.0,1,0,1,0,0.0,-0.019859859255841144
691,no_feedback,43,7,3,0,0,-1.0,0.0,1,0,1,0,0.0,-0.019859859255841144
692,no_feedback,43,2,3,0,1,1.0,0.0,0,nan,nan,nan,0.0,-0.019859859255841144
693,no_feedback,43,6,4,1,0,-1.0,0.0,1,1,0,0,0.0,-0.019859859255841144
694,no_feedback,43,3,3,0,1,1.0,0.0,0,nan,nan,nan,0.0,-0.019859859255841144
695,no_feedback,43,5,2,0,0,-1.0,0.0,1,1,0,0,0.0,-0.019859859255841144
696,no_feedback,43,1,5,1,0,-1.0,0.0,1,0,1,0,0.0,-0.019859859255841144
697,no_feedback,43,6,3,0,0,-1.0,0.0,1,0,1,0,0.0,-0.019859859255841144
698,no_feedback,43,7,3,0,0,-1.0,0.0,1,0,1,0,0.0,-0.019859859255841144
699,no_feedback,43,8,3,0,0,-1.0,0.0,1,0,1,0,0.0,-0.019859859255841144
700,no_feedback,43,0,3,0,0,-1.0,0.0,1,0,1,0,0.0,-0.019859859255841144
701,no_feedback,43,5,3,0,0,-1.0,0.0,1,0,1,0,0.0,-0.019859859255841144
702,no_feedback,43,5,3,0,0,-1.0,0.0,1,0,1,0,0.0,-0.019859859255841144
703,no_feedback,43,4,3,0,1,1.0,0.0,0,nan,nan,nan,0.0,-0.019859859255841144
704,no_feedback,43,6,2,0,0,-1.0,0.0,1,1,0,0,0.0,-0.019859859255841144
705,no_feedback,43,4,5,1,1,1.0,0.0,0,nan,nan,nan,0.0,-0.019859859255841144
706,no_feedback,43,2,4,0,0,-1.0,0.0,1,1,0,0,0.0,-0.019859859255841144
707,no_feedback,43,2,3,0,1,1.0,0.0,0,nan,nan,nan,0.0,-0.019859859255841144
708,no_feedback,43,5,2,0,0,-1.0,0.0,1,1,0,0,0.0,-0.019859859255841144
709,no_feedback,43,6,3,0,0,-1.0,0.0,1,0,1,0,0.0,-0.019859859255841144
710,no_feedback,43,6,3,0,0,-1.0,0.0,1,0,1,0,0.0,-0.019859859255841144
711,no_feedback,43,7,5,1,0,-1.0,0.0,1,0,1,0,0.0,-0.019859859255841144
712,no_feedback,43,7,3,0,0,-1.0,0.0,1,0,1,0,0.0,-0.019859859255841144
713,no_feedback,43,2,5,1,0,-1.0,0.0,1,0,1,0,0.0,-0.019859859255841144
714,no_feedback,43,1,3,0,0,-1.0,0.0,1,0,1,0,0.0,-0.019859859255841144
715,no_feedback,43,3,5,1,0,-1.0,0.0,1,0,1,0,0.0,-0.019859859255841144
716,no_feedback,43,6,3,0,0,-1.0,0.0,1,0,1,0,0.0,-0.019859859255841144
717,no_feedback,43,3,5,1,0,-1.0,0.0,1,0,1,0,0.0,-0.019859859255841144
718,no_feedback,43,8,3,0,0,-1.0,0.0,1,0,1,0,0.0,-0.019859859255841144
719,no_feedback,43,1,5,1,0,-1.0,0.0,1,0,1,0,0.0,-0.019859859255841144
720,no_feedback,43,0,3,0,0,-1.0,0.0,1,0,1,0,0.0,-0.019859859255841144
721,no_feedback,43,6,3,0,0,-1.0,0.0,1,0,1,0,0.0,-0.019859859255841144
722,no_feedback,43,3,3,0,1,1.0,0.0,0,nan,nan,nan,0.0,-0.019859859255841144
723,no_feedback,43,6,2,0,0,-1.0,0.0,1,1,0,0,0.0,-0.019859859255841144
724,no_feedback,43,7,3,0,0,-1.0,0.0,1,0,1,0,0.0,-0.019859859255841144
725,no_feedback,43,0,3,0,0,-1.0,0.0,1,0,1,0,0.0,-0.019859859255841144
726,no_feedback,43,2,5,1,0,-1.0,0.0,1,0,1,0,0.0,-0.019859859255841144
727,no_feedback,43,7,5,1,0,-1.0,0.0,1,0,1,0,0.0,-0.019859859255841144
728,no_feedback,43,1,5,1,0,-1.0,0.0,1,0,1,0,0.0,-0.019859859255841144
729,no_feedback,43,8,3,0,0,-1.0,0.0,1,0,1,0,0.0,-0.019859859255841144
730,no_feedback,43,8,3,0,0,-1.0,0.0,1,0,1,0,0.0,-0.019859859255841144
731,no_feedback,43,7,5,1,0,-1.0,0.0,1,0,1,0,0.0,-0.019859859255841144
732,no_feedback,43,6,3,0,0,-1.0,0.0,1,0,1,0,0.0,-0.019859859255841144
733,no_feedback,43,4,5,1,1,1.0,0.0,0,nan,nan,nan,0.0,-0.019859859255841144
734,no_feedback,43,3,6,1,0,-1.0,0.0,1,1,0,0,0.0,-0.019859859255841144
735,no_feedback,43,1,3,0,0,-1.0,0.0,1,0,1,0,0.0,-0.019859859255841144
736,no_feedback,43,8,3,0,0,-1.0,0.0,1,0,1,0,0.0,-0.019859859255841144
737,no_feedback,43,0,3,0,0,-1.0,0.0,1,0,1,0,0.0,-0.019859859255841144
738,no_feedback,43,7,3,0,0,-1.0,0.0,1,0,1,0,0.0,-0.019859859255841144
739,no_feedback,43,5,3,0,0,-1.0,0.0,1,0,1,0,0.0,-0.019859859255841144
740,no_feedback,43,5,3,0,0,-1.0,0.0,1,0,1,0,0.0,-0.019859859255841144
741,no_feedback,43,6,3,0,0,-1.0,0.0,1,0,1,0,0.0,-0.019859859255841144
742,no_feedback,43,7,3,0,0,-1.0,0.0,1,0,1,0,0.0,-0.019859859255841144
743,no_feedback,43,6,5,1,1,1.0,0.0,0,nan,nan,nan,0.0,-0.019859859255841144
744,no_feedback,43,5,4,0,1,1.0,0.0,0,nan,nan,nan,0.0,-0.019859859255841144
745,no_feedback,43,2,3,0,1,1.0,0.0,0,nan,nan,nan,0.0,-0.019859859255841144
746,no_feedback,43,5,2,0,0,-1.0,0.0,1,3,0,1,0.0,-0.019859859255841144
747,no_feedback,43,0,3,0,0,-1.0,0.0,1,0,1,0,0.0,-0.019859859255841144
748,no_feedback,43,2,3,0,1,1.0,0.0,0,nan,nan,nan,0.0,-0.019859859255841144
749,no_feedback,43,6,2,0,0,-1.0,0.0,1,1,0,0,0.0,-0.019859859255841144
750,no_feedback,43,5,3,0,0,-1.0,0.0,1,0,1,0,0.0,-0.019859859255841144
751,no_feedback,43,2,3,0,1,1.0,0.0,0,nan,nan,nan,0.0,-0.019859859255841144
752,no_feedback,43,0,4,1,0,-1.0,0.0,1,1,0,0,0.0,-0.019859859255841144
753,no_feedback,43,2,3,0,1,1.0,0.0,0,nan,nan,nan,0.0,-0.019859859255841144
754,no_feedback,43,6,4,1,0,-1.0,0.0,1,1,0,0,0.0,-0.019859859255841144
755,no_feedback,43,0,3,0,0,-1.0,0.0,1,0,1,0,0.0,-0.019859859255841144
756,no_feedback,43,7,3,0,0,-1.0,0.0,1,0,1,0,0.0,-0.019859859255841144
757,no_feedback,43,7,3,0,0,-1.0,0.0,1,0,1,0,0.0,-0.019859859255841144
758,no_feedback,43,1,3,0,0,-1.0,0.0,1,0,1,0,0.0,-0.019859859255841144
759,no_feedback,43,5,3,0,0,-1.0,0.0,1,0,1,0,0.0,-0.019859859255841144
760,no_feedback,43,2,5,1,0,-1.0,0.0,1,0,1,0,0.0,-0.019859859255841144
761,no_feedback,43,1,5,1,0,-1.0,0.0,1,0,1,0,0.0,-0.019859859255841144
762,no_feedback,43,1,5,1,0,-1.0,0.0,1,0,1,0,0.0,-0.019859859255841144
763,no_feedback,43,6,5,1,1,1.0,0.0,0,nan,nan,nan,0.0,-0.019859859255841144
764,no_feedback,43,0,6,1,0,-1.0,0.0,1,1,0,0,0.0,-0.019859859255841144
765,no_feedback,43,0,3,0,0,-1.0,0.0,1,0,1,0,0.0,-0.019859859255841144
766,no_feedback,43,3,5,1,0,-1.0,0.0,1,0,1,0,0.0,-0.019859859255841144
767,no_feedback,43,7,3,0,0,-1.0,0.0,1,0,1,0,0.0,-0.019859859255841144
768,no_feedback,43,3,5,1,0,-1.0,0.0,1,0,1,0,0.0,-0.019859859255841144
769,no_feedback,43,8,3,0,0,-1.0,0.0,1,0,1,0,0.0,-0.019859859255841144
770,no_feedback,43,7,5,1,0,-1.0,0.0,1,0,1,0,0.0,-0.019859859255841144
771,no_feedback,43,7,5,1,0,-1.0,0.0,1,0,1,0,0.0,-0.019859859255841144
772,no_feedback,43,7,5,1,0,-1.0,0.0,1,0,1,0,0.0,-0.019859859255841144
773,no_feedback,43,8,3,0,0,-1.0,0.0,1,0,1,0,0.0,-0.019859859255841144
774,no_feedback,43,5,3,0,0,-1.0,0.0,1,0,1,0,0.0,-0.019859859255841144
775,no_feedback,43,5,3,0,0,-1.0,0.0,1,0,1,0,0.0,-0.019859859255841144
776,no_feedback,43,2,5,1,0,-1.0,0.0,1,0,1,0,0.0,-0.019859859255841144
777,no_feedback,43,7,3,0,0,-1.0,0.0,1,0,1,0,0.0,-0.019859859255841144
778,no_feedback,43,6,5,1,1,1.0,0.0,0,nan,nan,nan,0.0,-0.019859859255841144
779,no_feedback,43,1,4,0,0,-1.0,0.0,1,1,0,0,0.0,-0.019859859255841144
780,no_feedback,43,0,3,0,0,-1.0,0.0,1,0,1,0,0.0,-0.019859859255841144
781,no_feedback,43,5,3,0,0,-1.0,0.0,1,0,1,0,0.0,-0.019859859255841144
782,no_feedback,43,6,3,0,0,-1.0,0.0,1,0,1,0,0.0,-0.019859859255841144
783,no_feedback,43,8,3,0,0,-1.0,0.0,1,0,1,0,0.0,-0.019859859255841144
784,no_feedback,43,2,3,0,1,1.0,0.0,0,nan,nan,nan,0.0,-0.019859859255841144
785,no_feedback,43,1,2,0,1,1.0,0.0,0,nan,nan,nan,0.0,-0.019859859255841144
786,no_feedback,43,8,1,0,0,-1.0,0.0,1,2,0,0,0.0,-0.019859859255841144
787,no_feedback,43,7,5,1,0,-1.0,0.0,1,0,1,0,0.0,-0.019859859255841144
788,no_feedback,43,2,3,0,1,1.0,0.0,0,nan,nan,nan,0.0,-0.019859859255841144
789,no_feedback,43,8,2,0,0,-1.0,0.0,1,1,0,0,0.0,-0.019859859255841144
790,no_feedback,43,2,3,0,1,1.0,0.0,0,nan,nan,nan,0.0,-0.019859859255841144
791,no_feedback,43,8,4,1,0,-1.0,0.0,1,1,0,0,0.0,-0.019859859255841144
792,no_feedback,43,7,3,0,0,-1.0,0.0,1,0,1,0,0.0,-0.019859859255841144
793,no_feedback,43,5,3,0,0,-1.0,0.0,1,0,1,0,0.0,-0.019859859255841144
794,no_feedback,43,2,3,0,1,1.0,0.0,0,nan,nan,nan,0.0,-0.019859859255841144
795,no_feedback,43,5,2,0,0,-1.0,0.0,1,1,0,0,0.0,-0.019859859255841144
796,no_feedback,43,8,3,0,0,-1.0,0.0,1,0,1,0,0.0,-0.019859859255841144
797,no_feedback,43,8,3,0,0,-1.0,0.0,1,0,1,0,0.0,-0.019859859255841144
798,no_feedback,43,0,3,0,0,-1.0,0.0,1,0,1,0,0.0,-0.019859859255841144
799,no_feedback,43,8,3,0,0,-1.0,0.0,1,0,1,0,0.0,-0.019859859255841144
800,no_feedback,43,8,3,0,0,-1.0,0.0,1,0,1,0,0.0,-0.019859859255841144
801,no_feedback,43,3,3,0,1,1.0,0.0,0,nan,nan,nan,0.0,-0.019859859255841144
802,no_feedback,43,7,2,0,0,-1.0,0.0,1,1,0,0,0.0,-0.019859859255841144
803,no_feedback,43,6,5,1,1,1.0,0.0,0,nan,nan,nan,0.0,-0.019859859255841144
804,no_feedback,43,3,4,0,1,1.0,0.0,0,nan,nan,nan,0.0,-0.019859859255841144
805,no_feedback,43,8,3,0,0,-1.0,0.0,1,2,0,0,0.0,-0.019859859255841144
806,no_feedback,43,7,3,0,0,-1.0,0.0,1,0,1,0,0.0,-0.019859859255841144
807,no_feedback,43,1,3,0,0,-1.0,0.0,1,0,1,0,0.0,-0.019859859255841144
808,no_feedback,43,8,3,0,0,-1.0,0.0,1,0,1,0,0.0,-0.019859859255841144
809,no_feedback,43,5,3,0,0,-1.0,0.0,1,0,1,0,0.0,-0.019859859255841144
810,no_feedback,43,7,3,0,0,-1.0,0.0,1,0,1,0,0.0,-0.019859859255841144
811,no_feedback,43,8,3,0,0,-1.0,0.0,1,0,1,0,0.0,-0.019859859255841144
812,no_feedback,43,1,3,0,0,-1.0,0.0,1,0,1,0,0.0,-0.019859859255841144
813,no_feedback,43,7,5,1,0,-1.0,0.0,1,0,1,0,0.0,-0.019859859255841144
814,no_feedback,43,0,3,0,0,-1.0,0.0,1,0,1,0,0.0,-0.019859859255841144
815,no_feedback,43,2,5,1,0,-1.0,0.0,1,0,1,0,0.0,-0.019859859255841144
816,no_feedback,43,4,5,1,1,1.0,0.0,0,nan,nan,nan,0.0,-0.019859859255841144
817,no_feedback,43,5,4,0,1,1.0,0.0,0,nan,nan,nan,0.0,-0.019859859255841144
818,no_feedback,43,8,3,0,0,-1.0,0.0,1,2,0,0,0.0,-0.019859859255841144
819,no_feedback,43,8,3,0,0,-1.0,0.0,1,0,1,0,0.0,-0.019859859255841144
820,no_feedback,43,4,3,0,1,1.0,0.0,0,nan,nan,nan,0.0,-0.019859859255841144
821,no_feedback,43,5,4,1,1,1.0,0.0,0,nan,nan,nan,0.0,-0.019859859255841144
822,no_feedback,43,3,5,1,0,-1.0,0.0,1,2,0,0,0.0,-0.019859859255841144
823,no_feedback,43,0,3,0,0,-1.0,0.0,1,0,1,0,0.0,-0.019859859255841144
824,no_feedback,43,3,3,0,1,1.0,0.0,0,nan,nan,nan,0.0,-0.019859859255841144
825,no_feedback,43,1,2,0,1,1.0,0.0,0,nan,nan,nan,0.0,-0.019859859255841144
826,no_feedback,43,5,3,1,0,-1.0,0.0,1,2,0,0,0.0,-0.019859859255841144
827,no_feedback,43,8,3,0,0,-1.0,0.0,1,0,1,0,0.0,-0.019859859255841144
828,no_feedback,43,7,3,0,0,-1.0,0.0,1,0,1,0,0.0,-0.019859859255841144
829,no_feedback,43,2,5,1,0,-1.0,0.0,1,0,1,0,0.0,-0.019859859255841144
830,no_feedback,43,7,3,0,0,-1.0,0.0,1,0,1,0,0.0,-0.019859859255841144
831,no_feedback,43,0,3,0,0,-1.0,0.0,1,0,1,0,0.0,-0.019859859255841144
832,no_feedback,43,0,3,0,0,-1.0,0.0,1,0,1,0,0.0,-0.019859859255841144
833,no_feedback,43,7,5,1,0,-1.0,0.0,1,0,1,0,0.0,-0.019859859255841144
834,no_feedback,43,3,5,1,0,-1.0,0.0,1,0,1,0,0.0,-0.019859859255841144
835,no_feedback,43,2,5,1,0,-1.0,0.0,1,0,1,0,0.0,-0.019859859255841144
836,no_feedback,43,0,3,0,0,-1.0,0.0,1,0,1,0,0.0,-0.019859859255841144
837,no_feedback,43,0,3,0,0,-1.0,0.0,1,0,1,0,0.0,-0.019859859255841144
838,no_feedback,43,3,3,0,1,1.0,0.0,0,nan,nan,nan,0.0,-0.019859859255841144
839,no_feedback,43,7,2,0,0,-1.0,0.0,1,1,0,0,0.0,-0.019859859255841144
840,no_feedback,43,1,5,1,0,-1.0,0.0,1,0,1,0,0.0,-0.019859859255841144
841,no_feedback,43,7,5,1,0,-1.0,0.0,1,0,1,0,0.0,-0.019859859255841144
842,no_feedback,43,1,3,0,0,-1.0,0.0,1,0,1,0,0.0,-0.019859859255841144
843,no_feedback,43,7,5,1,0,-1.0,0.0,1,0,1,0,0.0,-0.019859859255841144
844,no_feedback,43,6,5,1,1,1.0,0.0,0,nan,nan,nan,0.0,-0.019859859255841144
845,no_feedback,43,4,4,0,1,1.0,0.0,0,nan,nan,nan,0.0,-0.019859859255841144
846,no_feedback,43,2,3,0,1,1.0,0.0,0,nan,nan,nan,0.0,-0.019859859255841144
847,no_feedback,43,8,2,0,0,-1.0,0.0,1,3,0,1,0.0,-0.019859859255841144
848,no_feedback,43,2,3,0,1,1.0,0.0,0,nan,nan,nan,0.0,-0.019859859255841144
849,no_feedback,43,1,2,0,1,1.0,0.0,0,nan,nan,nan,0.0,-0.019859859255841144
850,no_feedback,43,5,3,1,0,-1.0,0.0,1,2,0,0,0.0,-0.019859859255841144
851,no_feedback,43,8,3,0,0,-1.0,0.0,1,0,1,0,0.0,-0.019859859255841144
852,no_feedback,43,4,5,1,1,1.0,0.0,0,nan,nan,nan,0.0,-0.019859859255841144
853,no_feedback,43,5,4,0,1,1.0,0.0,0,nan,nan,nan,0.0,-0.019859859255841144
854,no_feedback,43,1,3,0,0,-1.0,0.0,1,2,0,0,0.0,-0.019859859255841144
855,no_feedback,43,7,5,1,0,-1.0,0.0,1,0,1,0,0.0,-0.019859859255841144
856,no_feedback,43,1,3,0,0,-1.0,0.0,1,0,1,0,0.0,-0.019859859255841144
857,no_feedback,43,6,5,1,1,1.0,0.0,0,nan,nan,nan,0.0,-0.019859859255841144
858,no_feedback,43,0,6,1,0,-1.0,0.0,1,1,0,0,0.0,-0.019859859255841144
859,no_feedback,43,1,3,0,0,-1.0,0.0,1,0,1,0,0.0,-0.019859859255841144
860,no_feedback,43,8,3,0,0,-1.0,0.0,1,0,1,0,0.0,-0.019859859255841144
861,no_feedback,43,7,3,0,0,-1.0,0.0,1,0,1,0,0.0,-0.019859859255841144
862,no_feedback,43,4,3,0,1,1.0,0.0,0,nan,nan,nan,0.0,-0.019859859255841144
863,no_feedback,43,3,2,0,1,1.0,0.0,0,nan,nan,nan,0.0,-0.019859859255841144
864,no_feedback,43,4,1,0,0,-1.0,0.0,1,2,0,0,0.0,-0.019859859255841144
865,no_feedback,43,4,3,0,1,1.0,0.0,0,nan,nan,nan,0.0,-0.019859859255841144
866,no_feedback,43,4,2,0,0,-1.0,0.0,1,1,0,0,0.0,-0.019859859255841144
867,no_feedback,43,4,5,1,1,1.0,0.0,0,nan,nan,nan,0.0,-0.019859859255841144
868,no_feedback,43,6,4,0,0,-1.0,0.0,1,1,0,0,0.0,-0.019859859255841144
869,no_feedback,43,4,5,1,1,1.0,0.0,0,nan,nan,nan,0.0,-0.019859859255841144
870,no_feedback,43,8,4,0,0,-1.0,0.0,1,1,0,0,0.0,-0.019859859255841144
871,no_feedback,43,7,3,0,0,-1.0,0.0,1,0,1,0,0.0,-0.019859859255841144
872,no_feedback,43,2,5,1,0,-1.0,0.0,1,0,1,0,0.0,-0.019859859255841144
873,no_feedback,43,8,3,0,0,-1.0,0.0,1,0,1,0,0.0,-0.019859859255841144
874,no_feedback,43,0,3,0,0,-1.0,0.0,1,0,1,0,0.0,-0.019859859255841144
875,no_feedback,43,8,3,0,0,-1.0,0.0,1,0,1,0,0.0,-0.019859859255841144
876,no_feedback,43,4,3,0,1,1.0,0.0,0,nan,nan,nan,0.0,-0.019859859255841144
877,no_feedback,43,2,2,0,1,1.0,0.0,0,nan,nan,nan,0.0,-0.019859859255841144
878,no_feedback,43,6,1,0,0,-1.0,0.0,1,2,0,0,0.0,-0.019859859255841144
879,no_feedback,43,3,3,0,1,1.0,0.0,0,nan,nan,nan,0.0,-0.019859859255841144
880,no_feedback,43,3,4,1,1,1.0,0.0,0,nan,nan,nan,0.0,-0.019859859255841144
881,no_feedback,43,5,3,0,0,-1.0,0.0,1,2,0,0,0.0,-0.019859859255841144
882,no_feedback,43,2,3,0,1,1.0,0.0,0,nan,nan,nan,0.0,-0.019859859255841144
883,no_feedback,43,1,2,0,1,1.0,0.0,0,nan,nan,nan,0.0,-0.019859859255841144
884,no_feedback,43,4,3,1,1,1.0,0.0,0,nan,nan,nan,0.0,-0.019859859255841144
885,no_feedback,43,6,2,0,0,-1.0,0.0,1,3,0,1,0.0,-0.019859859255841144
886,no_feedback,43,6,5,1,1,1.0,0.0,0,nan,nan,nan,0.0,-0.019859859255841144
887,no_feedback,43,1,4,0,0,-1.0,0.0,1,1,0,0,0.0,-0.019859859255841144
888,no_feedback,43,4,3,0,1,1.0,0.0,0,nan,nan,nan,0.0,-0.019859859255841144
889,no_feedback,43,7,2,0,0,-1.0,0.0,1,1,0,0,0.0,-0.019859859255841144
890,no_feedback,43,8,3,0,0,-1.0,0.0,1,0,1,0,0.0,-0.019859859255841144
891,no_feedback,43,7,5,1,0,-1.0,0.0,1,0,1,0,0.0,-0.019859859255841144
892,no_feedback,43,5,3,0,0,-1.0,0.0,1,0,1,0,0.0,-0.019859859255841144
893,no_feedback,43,2,5,1,0,-1.0,0.0,1,0,1,0,0.0,-0.019859859255841144
894,no_feedback,43,4,5,1,1,1.0,0.0,0,nan,nan,nan,0.0,-0.019859859255841144
895,no_feedback,43,6,4,0,0,-1.0,0.0,1,1,0,0,0.0,-0.019859859255841144
896,no_feedback,43,0,3,0,0,-1.0,0.0,1,0,1,0,0.0,-0.019859859255841144
897,no_feedback,43,1,3,0,0,-1.0,0.0,1,0,1,0,0.0,-0.019859859255841144
898,no_feedback,43,4,5,1,1,1.0,0.0,0,nan,nan,nan,0.0,-0.019859859255841144
899,no_feedback,43,8,6,1,0,-1.0,0.0,1,1,0,0,0.0,-0.019859859255841144
900,no_feedback,43,0,3,0,0,-1.0,0.0,1,0,1,0,0.0,-0.019859859255841144
901,no_feedback,43,1,5,1,0,-1.0,0.0,1,0,1,0,0.0,-0.019859859255841144
902,no_feedback,43,0,3,0,0,-1.0,0.0,1,0,1,0,0.0,-0.019859859255841144
903,no_feedback,43,2,3,0,1,1.0,0.0,0,nan,nan,nan,0.0,-0.019859859255841144
904,no_feedback,43,7,2,0,0,-1.0,0.0,1,1,0,0,0.0,-0.019859859255841144
905,no_feedback,43,3,5,1,0,-1.0,0.0,1,0,1,0,0.0,-0.019859859255841144
906,no_feedback,43,7,5,1,0,-1.0,0.0,1,0,1,0,0.0,-0.019859859255841144
907,no_feedback,43,0,3,0,0,-1.0,0.0,1,0,1,0,0.0,-0.019859859255841144
908,no_feedback,43,4,5,1,1,1.0,0.0,0,nan,nan,nan,0.0,-0.019859859255841144
909,no_feedback,43,2,4,0,0,-1.0,0.0,1,1,0,0,0.0,-0.019859859255841144
910,no_feedback,43,2,3,0,1,1.0,0.0,0,nan,nan,nan,0.0,-0.019859859255841144
911,no_feedback,43,1,2,0,1,1.0,0.0,0,nan,nan,nan,0.0,-0.019859859255841144
912,no_feedback,43,2,3,1,1,1.0,0.0,0,nan,nan,nan,0.0,-0.019859859255841144
913,no_feedback,43,7,2,0,0,-1.0,0.0,1,3,0,1,0.0,-0.019859859255841144
914,no_feedback,43,6,3,0,0,-1.0,0.0,1,0,1,0,0.0,-0.019859859255841144
915,no_feedback,43,4,5,1,1,1.0,0.0,0,nan,nan,nan,0.0,-0.019859859255841144
916,no_feedback,43,0,6,1,0,-1.0,0.0,1,1,0,0,0.0,-0.019859859255841144
917,no_feedback,43,5,3,0,0,-1.0,0.0,1,0,1,0,0.0,-0.019859859255841144
918,no_feedback,43,5,3,0,0,-1.0,0.0,1,0,1,0,0.0,-0.019859859255841144
919,no_feedback,43,2,5,1,0,-1.0,0.0,1,0,1,0,0.0,-0.019859859255841144
920,no_feedback,43,4,3,0,1,1.0,0.0,0,nan,nan,nan,0.0,-0.019859859255841144
921,no_feedback,43,2,2,0,1,1.0,0.0,0,nan,nan,nan,0.0,-0.019859859255841144
922,no_feedback,43,8,1,0,0,-1.0,0.0,1,2,0,0,0.0,-0.019859859255841144
923,no_feedback,43,7,5,1,0,-1.0,0.0,1,0,1,0,0.0,-0.019859859255841144
924,no_feedback,43,6,3,0,0,-1.0,0.0,1,0,1,0,0.0,-0.019859859255841144
925,no_feedback,43,2,3,0,1,1.0,0.0,0,nan,nan,nan,0.0,-0.019859859255841144
926,no_feedback,43,3,2,0,1,1.0,0.0,0,nan,nan,nan,0.0,-0.019859859255841144
927,no_feedback,43,3,1,0,0,-1.0,0.0,1,2,0,0,0.0,-0.019859859255841144
928,no_feedback,43,5,3,0,0,-1.0,0.0,1,0,1,0,0.0,-0.019859859255841144
929,no_feedback,43,1,5,1,0,-1.0,0.0,1,0,1,0,0.0,-0.019859859255841144
930,no_feedback,43,1,3,0,0,-1.0,0.0,1,0,1,0,0.0,-0.019859859255841144
931,no_feedback,43,0,3,0,0,-1.0,0.0,1,0,1,0,0.0,-0.019859859255841144
932,no_feedback,43,0,3,0,0,-1.0,0.0,1,0,1,0,0.0,-0.019859859255841144
933,no_feedback,43,7,3,0,0,-1.0,0.0,1,0,1,0,0.0,-0.019859859255841144
934,no_feedback,43,6,5,1,1,1.0,0.0,0,nan,nan,nan,0.0,-0.019859859255841144
935,no_feedback,43,2,4,0,0,-1.0,0.0,1,1,0,0,0.0,-0.019859859255841144
936,no_feedback,43,5,3,0,0,-1.0,0.0,1,0,1,0,0.0,-0.019859859255841144
937,no_feedback,43,8,3,0,0,-1.0,0.0,1,0,1,0,0.0,-0.019859859255841144
938,no_feedback,43,3,3,0,1,1.0,0.0,0,nan,nan,nan,0.0,-0.019859859255841144
939,no_feedback,43,3,4,1,1,1.0,0.0,0,nan,nan,nan,0.0,-0.019859859255841144
940,no_feedback,43,6,3,0,0,-1.0,0.0,1,2,0,0,0.0,-0.019859859255841144
941,no_feedback,43,1,3,0,0,-1.0,0.0,1,0,1,0,0.0,-0.019859859255841144
942,no_feedback,43,7,5,1,0,-1.0,0.0,1,0,1,0,0.0,-0.019859859255841144
943,no_feedback,43,3,3,0,1,1.0,0.0,0,nan,nan,nan,0.0,-0.019859859255841144
944,no_feedback,43,1,2,0,1,1.0,0.0,0,nan,nan,nan,0.0,-0.019859859255841144
945,no_feedback,43,0,1,0,1,1.0,0.0,0,nan,nan,nan,0.0,-0.019859859255841144
946,no_feedback,43,4,0,0,0,-1.0,0.0,1,3,0,1,0.0,-0.019859859255841144
947,no_feedback,43,3,5,1,0,-1.0,0.0,1,0,1,0,0.0,-0.019859859255841144
948,no_feedback,43,0,3,0,0,-1.0,0.0,1,0,1,0,0.0,-0.019859859255841144
949,no_feedback,43,4,5,1,1,1.0,0.0,0,nan,nan,nan,0.0,-0.019859859255841144
950,no_feedback,43,2,4,0,0,-1.0,0.0,1,1,0,0,0.0,-0.019859859255841144
951,no_feedback,43,8,3,0,0,-1.0,0.0,1,0,1,0,0.0,-0.019859859255841144
952,no_feedback,43,2,3,0,1,1.0,0.0,0,nan,nan,nan,0.0,-0.019859859255841144
953,no_feedback,43,1,2,0,1,1.0,0.0,0,nan,nan,nan,0.0,-0.019859859255841144
954,no_feedback,43,4,1,0,0,-1.0,0.0,1,2,0,0,0.0,-0.019859859255841144
955,no_feedback,43,2,3,0,1,1.0,0.0,0,nan,nan,nan,0.0,-0.019859859255841144
956,no_feedback,43,7,2,0,0,-1.0,0.0,1,1,0,0,0.0,-0.019859859255841144
957,no_feedback,43,0,3,0,0,-1.0,0.0,1,0,1,0,0.0,-0.019859859255841144
958,no_feedback,43,0,3,0,0,-1.0,0.0,1,0,1,0,0.0,-0.019859859255841144
959,no_feedback,43,3,5,1,0,-1.0,0.0,1,0,1,0,0.0,-0.019859859255841144
960,no_feedback,43,2,3,0,1,1.0,0.0,0,nan,nan,nan,0.0,-0.019859859255841144
961,no_feedback,43,8,4,1,0,-1.0,0.0,1,1,0,0,0.0,-0.019859859255841144
962,no_feedback,43,0,3,0,0,-1.0,0.0,1,0,1,0,0.0,-0.019859859255841144
963,no_feedback,43,6,5,1,1,1.0,0.0,0,nan,nan,nan,0.0,-0.019859859255841144
964,no_feedback,43,0,6,1,0,-1.0,0.0,1,1,0,0,0.0,-0.019859859255841144
965,no_feedback,43,3,3,0,1,1.0,0.0,0,nan,nan,nan,0.0,-0.019859859255841144
966,no_feedback,43,3,4,1,1,1.0,0.0,0,nan,nan,nan,0.0,-0.019859859255841144
967,no_feedback,43,8,3,0,0,-1.0,0.0,1,2,0,0,0.0,-0.019859859255841144
968,no_feedback,43,2,3,0,1,1.0,0.0,0,nan,nan,nan,0.0,-0.019859859255841144
969,no_feedback,43,5,4,1,1,1.0,0.0,0,nan,nan,nan,0.0,-0.019859859255841144
970,no_feedback,43,7,5,1,0,-1.0,0.0,1,2,0,0,0.0,-0.019859859255841144
971,no_feedback,43,5,3,0,0,-1.0,0.0,1,0,1,0,0.0,-0.019859859255841144
972,no_feedback,43,4,5,1,1,1.0,0.0,0,nan,nan,nan,0.0,-0.019859859255841144
973,no_feedback,43,1,4,0,0,-1.0,0.0,1,1,0,0,0.0,-0.019859859255841144
974,no_feedback,43,2,3,0,1,1.0,0.0,0,nan,nan,nan,0.0,-0.019859859255841144
975,no_feedback,43,5,2,0,0,-1.0,0.0,1,1,0,0,0.0,-0.019859859255841144
976,no_feedback,43,4,5,1,1,1.0,0.0,0,nan,nan,nan,0.0,-0.019859859255841144
977,no_feedback,43,1,4,0,0,-1.0,0.0,1,1,0,0,0.0,-0.019859859255841144
978,no_feedback,43,2,5,1,0,-1.0,0.0,1,0,1,0,0.0,-0.019859859255841144
979,no_feedback,43,1,3,0,0,-1.0,0.0,1,0,1,0,0.0,-0.019859859255841144
980,no_feedback,43,7,3,0,0,-1.0,0.0,1,0,1,0,0.0,-0.019859859255841144
981,no_feedback,43,0,3,0,0,-1.0,0.0,1,0,1,0,0.0,-0.019859859255841144
982,no_feedback,43,0,3,0,0,-1.0,0.0,1,0,1,0,0.0,-0.019859859255841144
983,no_feedback,43,5,3,0,0,-1.0,0.0,1,0,1,0,0.0,-0.019859859255841144
984,no_feedback,43,5,3,0,0,-1.0,0.0,1,0,1,0,0.0,-0.019859859255841144
985,no_feedback,43,6,3,0,0,-1.0,0.0,1,0,1,0,0.0,-0.019859859255841144
986,no_feedback,43,0,3,0,0,-1.0,0.0,1,0,1,0,0.0,-0.019859859255841144
987,no_feedback,43,3,5,1,0,-1.0,0.0,1,0,1,0,0.0,-0.019859859255841144
988,no_feedback,43,3,5,1,0,-1.0,0.0,1,0,1,0,0.0,-0.019859859255841144
989,no_feedback,43,5,3,0,0,-1.0,0.0,1,0,1,0,0.0,-0.019859859255841144
990,no_feedback,43,4,3,0,1,1.0,0.0,0,nan,nan,nan,0.0,-0.019859859255841144
991,no_feedback,43,8,4,1,0,-1.0,0.0,1,1,0,0,0.0,-0.019859859255841144
992,no_feedback,43,1,5,1,0,-1.0,0.0,1,0,1,0,0.0,-0.019859859255841144
993,no_feedback,43,5,3,0,0,-1.0,0.0,1,0,1,0,0.0,-0.019859859255841144
994,no_feedback,43,7,5,1,0,-1.0,0.0,1,0,1,0,0.0,-0.019859859255841144
995,no_feedback,43,1,3,0,0,-1.0,0.0,1,0,1,0,0.0,-0.019859859255841144
996,no_feedback,43,4,3,0,1,1.0,0.0,0,nan,nan,nan,0.0,-0.019859859255841144
997,no_feedback,43,5,4,1,1,1.0,0.0,0,nan,nan,nan,0.0,-0.019859859255841144
998,no_feedback,43,7,3,0,0,-1.0,0.0,1,2,0,0,0.0,-0.019859859255841144
999,no_feedback,43,3,3,0,1,1.0,0.0,0,nan,nan,nan,0.0,-0.019859859255841144
1000,no_feedback,43,2,4,1,0,-1.0,0.0,1,1,0,0,0.0,-0.019859859255841144
1001,no_feedback,43,4,5,1,1,1.0,0.0,0,nan,nan,nan,0.0,-0.019859859255841144
1002,no_feedback,43,4,4,0,1,1.0,0.0,0,nan,nan,nan,0.0,-0.019859859255841144
1003,no_feedback,43,6,3,0,0,-1.0,0.0,1,2,0,0,0.0,-0.019859859255841144
1004,no_feedback,43,1,5,1,0,-1.0,0.0,1,0,1,0,0.0,-0.019859859255841144
1005,no_feedback,43,4,5,1,1,1.0,0.0,0,nan,nan,nan,0.0,-0.019859859255841144
1006,no_feedback,43,5,6,1,1,1.0,0.0,0,nan,nan,nan,0.0,-0.019859859255841144
1007,no_feedback,43,1,7,1,0,-1.0,0.0,1,2,0,0,0.0,-0.019859859255841144
1008,no_feedback,43,1,5,1,0,-1.0,0.0,1,0,1,0,0.0,-0.019859859255841144
1009,no_feedback,43,5,3,0,0,-1.0,0.0,1,0,1,0,0.0,-0.019859859255841144
1010,no_feedback,43,5,3,0,0,-1.0,0.0,1,0,1,0,0.0,-0.019859859255841144
1011,no_feedback,43,4,5,1,1,1.0,0.0,0,nan,nan,nan,0.0,-0.019859859255841144
1012,no_feedback,43,5,4,0,1,1.0,0.0,0,nan,nan,nan,0.0,-0.019859859255841144
1013,no_feedback,43,1,3,0,0,-1.0,0.0,1,2,0,0,0.0,-0.019859859255841144
1014,no_feedback,43,3,3,0,1,1.0,0.0,0,nan,nan,nan,0.0,-0.019859859255841144
1015,no_feedback,43,6,4,1,0,-1.0,0.0,1,1,0,0,0.0,-0.019859859255841144
1016,no_feedback,43,7,5,1,0,-1.0,0.0,1,0,1,0,0.0,-0.019859859255841144
1017,no_feedback,43,7,3,0,0,-1.0,0.0,1,0,1,0,0.0,-0.019859859255841144
1018,no_feedback,43,8,3,0,0,-1.0,0.0,1,0,1,0,0.0,-0.019859859255841144
1019,no_feedback,43,8,3,0,0,-1.0,0.0,1,0,1,0,0.0,-0.019859859255841144
1020,no_feedback,43,6,5,1,1,1.0,0.0,0,nan,nan,nan,0.0,-0.019859859255841144
1021,no_feedback,43,8,4,0,0,-1.0,0.0,1,1,0,0,0.0,-0.019859859255841144
1022,no_feedback,43,1,5,1,0,-1.0,0.0,1,0,1,0,0.0,-0.019859859255841144
1023,no_feedback,43,2,5,1,0,-1.0,0.0,1,0,1,0,0.0,-0.019859859255841144
1024,no_feedback,43,1,5,1,0,-1.0,0.0,1,0,1,0,0.0,-0.019859859255841144
1025,no_feedback,43,5,3,0,0,-1.0,0.0,1,0,1,0,0.0,-0.019859859255841144
1026,no_feedback,43,2,5,1,0,-1.0,0.0,1,0,1,0,0.0,-0.019859859255841144
1027,no_feedback,43,3,5,1,0,-1.0,0.0,1,0,1,0,0.0,-0.019859859255841144
1028,no_feedback,43,3,5,1,0,-1.0,0.0,1,0,1,0,0.0,-0.019859859255841144
1029,no_feedback,43,2,3,0,1,1.0,0.0,0,nan,nan,nan,0.0,-0.019859859255841144
1030,no_feedback,43,6,2,0,0,-1.0,0.0,1,1,0,0,0.0,-0.019859859255841144
1031,no_feedback,43,7,5,1,0,-1.0,0.0,1,0,1,0,0.0,-0.019859859255841144
1032,no_feedback,43,8,3,0,0,-1.0,0.0,1,0,1,0,0.0,-0.019859859255841144
1033,no_feedback,43,2,3,0,1,1.0,0.0,0,nan,nan,nan,0.0,-0.019859859255841144
1034,no_feedback,43,5,4,1,1,1.0,0.0,0,nan,nan,nan,0.0,-0.019859859255841144
1035,no_feedback,43,6,3,0,0,-1.0,0.0,1,2,0,0,0.0,-0.019859859255841144
1036,no_feedback,43,8,3,0,0,-1.0,0.0,1,0,1,0,0.0,-0.019859859255841144
1037,no_feedback,43,1,3,0,0,-1.0,0.0,1,0,1,0,0.0,-0.019859859255841144
1038,no_feedback,43,6,5,1,1,1.0,0.0,0,nan,nan,nan,0.0,-0.019859859255841144
1039,no_feedback,43,6,4,0,0,-1.0,0.0,1,1,0,0,0.0,-0.019859859255841144
1040,no_feedback,43,3,3,0,1,1.0,0.0,0,nan,nan,nan,0.0,-0.019859859255841144
1041,no_feedback,43,6,4,1,0,-1.0,0.0,1,1,0,0,0.0,-0.019859859255841144
1042,no_feedback,43,0,3,0,0,-1.0,0.0,1,0,1,0,0.0,-0.019859859255841144
1043,no_feedback,43,3,5,1,0,-1.0,0.0,1,0,1,0,0.0,-0.019859859255841144
1044,no_feedback,43,8,3,0,0,-1.0,0.0,1,0,1,0,0.0,-0.019859859255841144
1045,no_feedback,43,7,3,0,0,-1.0,0.0,1,0,1,0,0.0,-0.019859859255841144
1046,no_feedback,43,6,3,0,0,-1.0,0.0,1,0,1,0,0.0,-0.019859859255841144
1047,no_feedback,43,6,3,0,0,-1.0,0.0,1,0,1,0,0.0,-0.019859859255841144
1048,no_feedback,43,1,3,0,0,-1.0,0.0,1,0,1,0,0.0,-0.019859859255841144
1049,no_feedback,43,3,3,0,1,1.0,0.0,0,nan,nan,nan,0.0,-0.019859859255841144
1050,no_feedback,43,1,2,0,1,1.0,0.0,0,nan,nan,nan,0.0,-0.019859859255841144
1051,no_feedback,43,6,1,0,0,-1.0,0.0,1,2,0,0,0.0,-0.019859859255841144
1052,no_feedback,43,3,5,1,0,-1.0,0.0,1,0,1,0,0.0,-0.019859859255841144
1053,no_feedback,43,5,3,0,0,-1.0,0.0,1,0,1,0,0.0,-0.019859859255841144
1054,no_feedback,43,2,5,1,0,-1.0,0.0,1,0,1,0,0.0,-0.019859859255841144
1055,no_feedback,43,2,5,1,0,-1.0,0.0,1,0,1,0,0.0,-0.019859859255841144
1056,no_feedback,43,4,5,1,1,1.0,0.0,0,nan,nan,nan,0.0,-0.019859859255841144
1057,no_feedback,43,7,4,0,0,-1.0,0.0,1,1,0,0,0.0,-0.019859859255841144
1058,no_feedback,43,6,3,0,0,-1.0,0.0,1,0,1,0,0.0,-0.019859859255841144
1059,no_feedback,43,0,5,1,0,-1.0,0.0,1,0,1,0,0.0,-0.019859859255841144
1060,no_feedback,43,3,3,0,1,1.0,0.0,0,nan,nan,nan,0.0,-0.019859859255841144
1061,no_feedback,43,4,2,0,0,-1.0,0.0,1,1,0,0,0.0,-0.019859859255841144
1062,no_feedback,43,2,5,1,0,-1.0,0.0,1,0,1,0,0.0,-0.019859859255841144
1063,no_feedback,43,8,3,0,0,-1.0,0.0,1,0,1,0,0.0,-0.019859859255841144
1064,no_feedback,43,1,5,1,0,-1.0,0.0,1,0,1,0,0.0,-0.019859859255841144
1065,no_feedback,43,8,3,0,0,-1.0,0.0,1,0,1,0,0.0,-0.019859859255841144
1066,no_feedback,43,4,3,0,1,1.0,0.0,0,nan,nan,nan,0.0,-0.019859859255841144
1067,no_feedback,43,2,2,0,1,1.0,0.0,0,nan,nan,nan,0.0,-0.019859859255841144
1068,no_feedback,43,2,3,1,1,1.0,0.0,0,nan,nan,nan,0.0,-0.019859859255841144
1069,no_feedback,43,3,4,1,1,1.0,0.0,0,nan,nan,nan,0.0,-0.019859859255841144
1070,no_feedback,43,1,5,1,0,-1.0,0.0,1,4,0,1,0.0,-0.019859859255841144
1071,no_feedback,43,1,3,0,0,-1.0,0.0,1,0,1,0,0.0,-0.019859859255841144
1072,no_feedback,43,2,5,1,0,-1.0,0.0,1,0,1,0,0.0,-0.019859859255841144
1073,no_feedback,43,8,3,0,0,-1.0,0.0,1,0,1,0,0.0,-0.019859859255841144
1074,no_feedback,43,1,3,0,0,-1.0,0.0,1,0,1,0,0.0,-0.019859859255841144
1075,no_feedback,43,1,3,0,0,-1.0,0.0,1,0,1,0,0.0,-0.019859859255841144
1076,no_feedback,43,6,3,0,0,-1.0,0.0,1,0,1,0,0.0,-0.019859859255841144
1077,no_feedback,43,0,3,0,0,-1.0,0.0,1,0,1,0,0.0,-0.019859859255841144
1078,no_feedback,43,4,3,0,1,1.0,0.0,0,nan,nan,nan,0.0,-0.019859859255841144
1079,no_feedback,43,3,4,1,1,1.0,0.0,0,nan,nan,nan,0.0,-0.019859859255841144
1080,no_feedback,43,2,3,0,1,1.0,0.0,0,nan,nan,nan,0.0,-0.019859859255841144
1081,no_feedback,43,7,2,0,0,-1.0,0.0,1,3,0,1,0.0,-0.019859859255841144
1082,no_feedback,43,8,3,0,0,-1.0,0.0,1,0,1,0,0.0,-0.019859859255841144
1083,no_feedback,43,3,5,1,0,-1.0,0.0,1,0,1,0,0.0,-0.019859859255841144
1084,no_feedback,43,7,5,1,0,-1.0,0.0,1,0,1,0,0.0,-0.019859859255841144
1085,no_feedback,43,2,3,0,1,1.0,0.0,0,nan,nan,nan,0.0,-0.019859859255841144
1086,no_feedback,43,4,2,0,0,-1.0,0.0,1,1,0,0,0.0,-0.019859859255841144
1087,no_feedback,43,2,3,0,1,1.0,0.0,0,nan,nan,nan,0.0,-0.019859859255841144
1088,no_feedback,43,7,2,0,0,-1.0,0.0,1,1,0,0,0.0,-0.019859859255841144
1089,no_feedback,43,0,3,0,0,-1.0,0.0,1,0,1,0,0.0,-0.019859859255841144
1090,no_feedback,43,7,3,0,0,-1.0,0.0,1,0,1,0,0.0,-0.019859859255841144
1091,no_feedback,43,2,5,1,0,-1.0,0.0,1,0,1,0,0.0,-0.019859859255841144
1092,no_feedback,43,2,5,1,0,-1.0,0.0,1,0,1,0,0.0,-0.019859859255841144
1093,no_feedback,43,6,3,0,0,-1.0,0.0,1,0,1,0,0.0,-0.019859859255841144
1094,no_feedback,43,7,3,0,0,-1.0,0.0,1,0,1,0,0.0,-0.019859859255841144
1095,no_feedback,43,3,5,1,0,-1.0,0.0,1,0,1,0,0.0,-0.019859859255841144
1096,no_feedback,43,5,3,0,0,-1.0,0.0,1,0,1,0,0.0,-0.019859859255841144
1097,no_feedback,43,5,3,0,0,-1.0,0.0,1,0,1,0,0.0,-0.019859859255841144
1098,no_feedback,43,0,3,0,0,-1.0,0.0,1,0,1,0,0.0,-0.019859859255841144
1099,no_feedback,43,0,3,0,0,-1.0,0.0,1,0,1,0,0.0,-0.019859859255841144
1100,no_feedback,43,0,5,1,0,-1.0,0.0,1,0,1,0,0.0,-0.019859859255841144
1101,no_feedback,43,0,3,0,0,-1.0,0.0,1,0,1,0,0.0,-0.019859859255841144
1102,no_feedback,43,6,3,0,0,-1.0,0.0,1,0,1,0,0.0,-0.019859859255841144
1103,no_feedback,43,1,5,1,0,-1.0,0.0,1,0,1,0,0.0,-0.019859859255841144
1104,no_feedback,43,2,5,1,0,-1.0,0.0,1,0,1,0,0.0,-0.019859859255841144
1105,no_feedback,43,8,3,0,0,-1.0,0.0,1,0,1,0,0.0,-0.019859859255841144
1106,no_feedback,43,7,3,0,0,-1.0,0.0,1,0,1,0,0.0,-0.019859859255841144
1107,no_feedback,43,2,5,1,0,-1.0,0.0,1,0,1,0,0.0,-0.019859859255841144
1108,no_feedback,43,6,5,1,1,1.0,0.0,0,nan,nan,nan,0.0,-0.019859859255841144
1109,no_feedback,43,5,4,0,1,1.0,0.0,0,nan,nan,nan,0.0,-0.019859859255841144
1110,no_feedback,43,8,3,0,0,-1.0,0.0,1,2,0,0,0.0,-0.019859859255841144
1111,no_feedback,43,5,3,0,0,-1.0,0.0,1,0,1,0,0.0,-0.019859859255841144
1112,no_feedback,43,4,5,1,1,1.0,0.0,0,nan,nan,nan,0.0,-0.019859859255841144
1113,no_feedback,43,7,4,0,0,-1.0,0.0,1,1,0,0,0.0,-0.019859859255841144
1114,no_feedback,43,8,3,0,0,-1.0,0.0,1,0,1,0,0.0,-0.019859859255841144
1115,no_feedback,43,1,5,1,0,-1.0,0.0,1,0,1,0,0.0,-0.019859859255841144
1116,no_feedback,43,0,3,0,0,-1.0,0.0,1,0,1,0,0.0,-0.019859859255841144
1117,no_feedback,43,1,5,1,0,-1.0,0.0,1,0,1,0,0.0,-0.019859859255841144
1118,no_feedback,43,6,5,1,1,1.0,0.0,0,nan,nan,nan,0.0,-0.019859859255841144
1119,no_feedback,43,4,6,1,0,-1.0,0.0,1,1,0,0,0.0,-0.019859859255841144
1120,no_feedback,43,3,5,1,0,-1.0,0.0,1,0,1,0,0.0,-0.019859859255841144
1121,no_feedback,43,8,3,0,0,-1.0,0.0,1,0,1,0,0.0,-0.019859859255841144
1122,no_feedback,43,4,5,1,1,1.0,0.0,0,nan,nan,nan,0.0,-0.019859859255841144
1123,no_feedback,43,6,4,0,0,-1.0,0.0,1,1,0,0,0.0,-0.019859859255841144
1124,no_feedback,43,4,3,0,1,1.0,0.0,0,nan,nan,nan,0.0,-0.019859859255841144
1125,no_feedback,43,7,2,0,0,-1.0,0.0,1,1,0,0,0.0,-0.019859859255841144
1126,no_feedback,43,5,3,0,0,-1.0,0.0,1,0,1,0,0.0,-0.019859859255841144
1127,no_feedback,43,2,5,1,0,-1.0,0.0,1,0,1,0,0.0,-0.019859859255841144
1128,no_feedback,43,1,3,0,0,-1.0,0.0,1,0,1,0,0.0,-0.019859859255841144
1129,no_feedback,43,6,3,0,0,-1.0,0.0,1,0,1,0,0.0,-0.019859859255841144
1130,no_feedback,43,4,3,0,1,1.0,0.0,0,nan,nan,nan,0.0,-0.019859859255841144
1131,no_feedback,43,2,2,0,1,1.0,0.0,0,nan,nan,nan,0.0,-0.019859859255841144
1132,no_feedback,43,6,1,0,0,-1.0,0.0,1,2,0,0,0.0,-0.019859859255841144
1133,no_feedback,43,1,5,1,0,-1.0,0.0,1,0,1,0,0.0,-0.019859859255841144
1134,no_feedback,43,1,5,1,0,-1.0,0.0,1,0,1,0,0.0,-0.019859859255841144
1135,no_feedback,43,2,5,1,0,-1.0,0.0,1,0,1,0,0.0,-0.019859859255841144
1136,no_feedback,43,0,3,0,0,-1.0,0.0,1,0,1,0,0.0,-0.019859859255841144
1137,no_feedback,43,8,3,0,0,-1.0,0.0,1,0,1,0,0.0,-0.019859859255841144
1138,no_feedback,43,7,5,1,0,-1.0,0.0,1,0,1,0,0.0,-0.019859859255841144
1139,no_feedback,43,4,3,0,1,1.0,0.0,0,nan,nan,nan,0.0,-0.019859859255841144
1140,no_feedback,43,2,4,1,0,-1.0,0.0,1,1,0,0,0.0,-0.019859859255841144
1141,no_feedback,43,8,3,0,0,-1.0,0.0,1,0,1,0,0.0,-0.019859859255841144
1142,no_feedback,43,2,5,1,0,-1.0,0.0,1,0,1,0,0.0,-0.019859859255841144
1143,no_feedback,43,7,3,0,0,-1.0,0.0,1,0,1,0,0.0,-0.019859859255841144
1144,no_feedback,43,2,5,1,0,-1.0,0.0,1,0,1,0,0.0,-0.019859859255841144
1145,no_feedback,43,1,3,0,0,-1.0,0.0,1,0,1,0,0.0,-0.019859859255841144
1146,no_feedback,43,8,3,0,0,-1.0,0.0,1,0,1,0,0.0,-0.019859859255841144
1147,no_feedback,43,2,3,0,1,1.0,0.0,0,nan,nan,nan,0.0,-0.019859859255841144
1148,no_feedback,43,5,2,0,0,-1.0,0.0,1,1,0,0,0.0,-0.019859859255841144
1149,no_feedback,43,5,3,0,0,-1.0,0.0,1,0,1,0,0.0,-0.019859859255841144
1150,no_feedback,43,8,3,0,0,-1.0,0.0,1,0,1,0,0.0,-0.019859859255841144
1151,no_feedback,43,3,3,0,1,1.0,0.0,0,nan,nan,nan,0.0,-0.019859859255841144
1152,no_feedback,43,7,2,0,0,-1.0,0.0,1,1,0,0,0.0,-0.019859859255841144
1153,no_feedback,43,1,3,0,0,-1.0,0.0,1,0,1,0,0.0,-0.019859859255841144
1154,no_feedback,43,7,5,1,0,-1.0,0.0,1,0,1,0,0.0,-0.019859859255841144
1155,no_feedback,43,3,3,0,1,1.0,0.0,0,nan,nan,nan,0.0,-0.019859859255841144
1156,no_feedback,43,0,2,0,0,-1.0,0.0,1,1,0,0,0.0,-0.019859859255841144
1157,no_feedback,43,0,3,0,0,-1.0,0.0,1,0,1,0,0.0,-0.019859859255841144
1158,no_feedback,43,1,3,0,0,-1.0,0.0,1,0,1,0,0.0,-0.019859859255841144
1159,no_feedback,43,3,3,0,1,1.0,0.0,0,nan,nan,nan,0.0,-0.019859859255841144
1160,no_feedback,43,8,2,0,0,-1.0,0.0,1,1,0,0,0.0,-0.019859859255841144
1161,no_feedback,43,4,5,1,1,1.0,0.0,0,nan,nan,nan,0.0,-0.019859859255841144
1162,no_feedback,43,6,4,0,0,-1.0,0.0,1,1,0,0,0.0,-0.019859859255841144
1163,no_feedback,43,3,5,1,0,-1.0,0.0,1,0,1,0,0.0,-0.019859859255841144
1164,no_feedback,43,6,5,1,1,1.0,0.0,0,nan,nan,nan,0.0,-0.019859859255841144
1165,no_feedback,43,1,6,1,0,-1.0,0.0,1,1,0,0,0.0,-0.019859859255841144
1166,no_feedback,43,4,3,0,1,1.0,0.0,0,nan,nan,nan,0.0,-0.019859859255841144
1167,no_feedback,43,4,2,0,0,-1.0,0.0,1,1,0,0,0.0,-0.019859859255841144
1168,no_feedback,43,2,3,0,1,1.0,0.0,0,nan,nan,nan,0.0,-0.019859859255841144
1169,no_feedback,43,4,2,0,0,-1.0,0.0,1,1,0,0,0.0,-0.019859859255841144
1170,no_feedback,43,3,3,0,1,1.0,0.0,0,nan,nan,nan,0.0,-0.019859859255841144
1171,no_feedback,43,8,4,1,0,-1.0,0.0,1,1,0,0,0.0,-0.019859859255841144
1172,no_feedback,43,8,3,0,0,-1.0,0.0,1,0,1,0,0.0,-0.019859859255841144
1173,no_feedback,43,5,5,1,1,1.0,0.0,0,nan,nan,nan,0.0,-0.019859859255841144
1174,no_feedback,43,7,4,0,0,-1.0,0.0,1,1,0,0,0.0,-0.019859859255841144
1175,no_feedback,43,6,5,1,1,1.0,0.0,0,nan,nan,nan,0.0,-0.019859859255841144
1176,no_feedback,43,3,6,1,0,-1.0,0.0,1,1,0,0,0.0,-0.019859859255841144
1177,no_feedback,43,5,3,0,0,-1.0,0.0,1,0,1,0,0.0,-0.019859859255841144
1178,no_feedback,43,4,3,0,1,1.0,0.0,0,nan,nan,nan,0.0,-0.019859859255841144
1179,no_feedback,43,1,4,1,0,-1.0,0.0,1,1,0,0,0.0,-0.019859859255841144
1180,no_feedback,43,5,5,1,1,1.0,0.0,0,nan,nan,nan,0.0,-0.019859859255841144
1181,no_feedback,43,5,6,1,1,1.0,0.0,0,nan,nan,nan,0.0,-0.019859859255841144
1182,no_feedback,43,4,7,1,0,-1.0,0.0,1,2,0,0,0.0,-0.019859859255841144
1183,no_feedback,43,0,3,0,0,-1.0,0.0,1,0,1,0,0.0,-0.019859859255841144
1184,no_feedback,43,3,5,1,0,-1.0,0.0,1,0,1,0,0.0,-0.019859859255841144
1185,no_feedback,43,2,3,0,1,1.0,0.0,0,nan,nan,nan,0.0,-0.019859859255841144
1186,no_feedback,43,5,4,1,1,1.0,0.0,0,nan,nan,nan,0.0,-0.019859859255841144
1187,no_feedback,43,6,5,1,1,1.0,0.0,0,nan,nan,nan,0.0,-0.019859859255841144
1188,no_feedback,43,5,4,0,1,1.0,0.0,0,nan,nan,nan,0.0,-0.019859859255841144
1189,no_feedback,43,6,5,1,1,1.0,0.0,0,nan,nan,nan,0.0,-0.019859859255841144
1190,no_feedback,43,3,6,1,0,-1.0,0.0,1,5,0,1,0.0,-0.019859859255841144
1191,no_feedback,43,0,5,1,0,-1.0,0.0,1,0,1,0,0.0,-0.019859859255841144
1192,no_feedback,43,0,3,0,0,-1.0,0.0,1,0,1,0,0.0,-0.019859859255841144
1193,no_feedback,43,5,3,0,0,-1.0,0.0,1,0,1,0,0.0,-0.019859859255841144
1194,no_feedback,43,5,3,0,0,-1.0,0.0,1,0,1,0,0.0,-0.019859859255841144
1195,no_feedback,43,4,5,1,1,1.0,0.0,0,nan,nan,nan,0.0,-0.019859859255841144
1196,no_feedback,43,7,6,1,1,1.0,0.0,0,nan,nan,nan,0.0,-0.019859859255841144
1197,no_feedback,43,2,5,0,0,-1.0,0.0,1,2,0,0,0.0,-0.019859859255841144
1198,no_feedback,43,1,5,1,0,-1.0,0.0,1,0,1,0,0.0,-0.019859859255841144
1199,no_feedback,43,1,5,1,0,-1.0,0.0,1,0,1,0,0.0,-0.019859859255841144
1200,no_feedback,43,5,3,0,0,-1.0,0.0,1,0,1,0,0.0,-0.019859859255841144
1201,no_feedback,43,6,5,1,1,1.0,0.0,0,nan,nan,nan,0.0,-0.019859859255841144
1202,no_feedback,43,3,4,0,1,1.0,0.0,0,nan,nan,nan,0.0,-0.019859859255841144
1203,no_feedback,43,5,3,0,0,-1.0,0.0,1,2,0,0,0.0,-0.019859859255841144
1204,no_feedback,43,4,5,1,1,1.0,0.0,0,nan,nan,nan,0.0,-0.019859859255841144
1205,no_feedback,43,8,6,1,0,-1.0,0.0,1,1,0,0,0.0,-0.019859859255841144
1206,no_feedback,43,5,3,0,0,-1.0,0.0,1,0,1,0,0.0,-0.019859859255841144
1207,no_feedback,43,8,3,0,0,-1.0,0.0,1,0,1,0,0.0,-0.019859859255841144
1208,no_feedback,43,1,5,1,0,-1.0,0.0,1,0,1,0,0.0,-0.019859859255841144
1209,no_feedback,43,6,3,0,0,-1.0,0.0,1,0,1,0,0.0,-0.019859859255841144
1210,no_feedback,43,2,5,1,0,-1.0,0.0,1,0,1,0,0.0,-0.019859859255841144
1211,no_feedback,43,2,5,1,0,-1.0,0.0,1,0,1,0,0.0,-0.019859859255841144
1212,no_feedback,43,5,3,0,0,-1.0,0.0,1,0,1,0,0.0,-0.019859859255841144
1213,no_feedback,43,7,5,1,0,-1.0,0.0,1,0,1,0,0.0,-0.019859859255841144
1214,no_feedback,43,6,3,0,0,-1.0,0.0,1,0,1,0,0.0,-0.019859859255841144
1215,no_feedback,43,6,3,0,0,-1.0,0.0,1,0,1,0,0.0,-0.019859859255841144
1216,no_feedback,43,2,5,1,0,-1.0,0.0,1,0,1,0,0.0,-0.019859859255841144
1217,no_feedback,43,4,5,1,1,1.0,0.0,0,nan,nan,nan,0.0,-0.019859859255841144
1218,no_feedback,43,3,4,0,1,1.0,0.0,0,nan,nan,nan,0.0,-0.019859859255841144
1219,no_feedback,43,7,3,0,0,-1.0,0.0,1,2,0,0,0.0,-0.019859859255841144
1220,no_feedback,43,2,5,1,0,-1.0,0.0,1,0,1,0,0.0,-0.019859859255841144
1221,no_feedback,43,1,3,0,0,-1.0,0.0,1,0,1,0,0.0,-0.019859859255841144
1222,no_feedback,43,2,5,1,0,-1.0,0.0,1,0,1,0,0.0,-0.019859859255841144
1223,no_feedback,43,6,3,0,0,-1.0,0.0,1,0,1,0,0.0,-0.019859859255841144
1224,no_feedback,43,3,5,1,0,-1.0,0.0,1,0,1,0,0.0,-0.019859859255841144
1225,no_feedback,43,7,5,1,0,-1.0,0.0,1,0,1,0,0.0,-0.019859859255841144
1226,no_feedback,43,4,3,0,1,1.0,0.0,0,nan,nan,nan,0.0,-0.019859859255841144
1227,no_feedback,43,3,4,1,1,1.0,0.0,0,nan,nan,nan,0.0,-0.019859859255841144
1228,no_feedback,43,0,3,0,0,-1.0,0.0,1,2,0,0,0.0,-0.019859859255841144
1229,no_feedback,43,6,5,1,1,1.0,0.0,0,nan,nan,nan,0.0,-0.019859859255841144
1230,no_feedback,43,3,6,1,0,-1.0,0.0,1,1,0,0,0.0,-0.019859859255841144
1231,no_feedback,43,7,3,0,0,-1.0,0.0,1,0,1,0,0.0,-0.019859859255841144
1232,no_feedback,43,7,5,1,0,-1.0,0.0,1,0,1,0,0.0,-0.019859859255841144
1233,no_feedback,43,8,3,0,0,-1.0,0.0,1,0,1,0,0.0,-0.019859859255841144
1234,no_feedback,43,2,3,0,1,1.0,0.0,0,nan,nan,nan,0.0,-0.019859859255841144
1235,no_feedback,43,6,2,0,0,-1.0,0.0,1,1,0,0,0.0,-0.019859859255841144
1236,no_feedback,43,7,5,1,0,-1.0,0.0,1,0,1,0,0.0,-0.019859859255841144
1237,no_feedback,43,3,5,1,0,-1.0,0.0,1,0,1,0,0.0,-0.019859859255841144
1238,no_feedback,43,2,5,1,0,-1.0,0.0,1,0,1,0,0.0,-0.019859859255841144
1239,no_feedback,43,6,3,0,0,-1.0,0.0,1,0,1,0,0.0,-0.019859859255841144
1240,no_feedback,43,6,5,1,1,1.0,0.0,0,nan,nan,nan,0.0,-0.019859859255841144
1241,no_feedback,43,2,4,0,0,-1.0,0.0,1,1,0,0,0.0,-0.019859859255841144
1242,no_feedback,43,7,3,0,0,-1.0,0.0,1,0,1,0,0.0,-0.019859859255841144
1243,no_feedback,43,8,3,0,0,-1.0,0.0,1,0,1,0,0.0,-0.019859859255841144
1244,no_feedback,43,7,5,1,0,-1.0,0.0,1,0,1,0,0.0,-0.019859859255841144
1245,no_feedback,43,8,3,0,0,-1.0,0.0,1,0,1,0,0.0,-0.019859859255841144
1246,no_feedback,43,8,3,0,0,-1.0,0.0,1,0,1,0,0.0,-0.019859859255841144
1247,no_feedback,43,8,3,0,0,-1.0,0.0,1,0,1,0,0.0,-0.019859859255841144
1248,no_feedback,43,6,3,0,0,-1.0,0.0,1,0,1,0,0.0,-0.019859859255841144
1249,no_feedback,43,1,3,0,0,-1.0,0.0,1,0,1,0,0.0,-0.019859859255841144
1250,no_feedback,43,7,3,0,0,-1.0,0.0,1,0,1,0,0.0,-0.019859859255841144
1251,no_feedback,43,6,5,1,1,1.0,0.0,0,nan,nan,nan,0.0,-0.019859859255841144
1252,no_feedback,43,1,4,0,0,-1.0,0.0,1,1,0,0,0.0,-0.019859859255841144
1253,no_feedback,43,8,3,0,0,-1.0,0.0,1,0,1,0,0.0,-0.019859859255841144
1254,no_feedback,43,8,3,0,0,-1.0,0.0,1,0,1,0,0.0,-0.019859859255841144
1255,no_feedback,43,6,3,0,0,-1.0,0.0,1,0,1,0,0.0,-0.019859859255841144
1256,no_feedback,43,7,3,0,0,-1.0,0.0,1,0,1,0,0.0,-0.019859859255841144
1257,no_feedback,43,8,3,0,0,-1.0,0.0,1,0,1,0,0.0,-0.019859859255841144
1258,no_feedback,43,1,5,1,0,-1.0,0.0,1,0,1,0,0.0,-0.019859859255841144
1259,no_feedback,43,5,3,0,0,-1.0,0.0,1,0,1,0,0.0,-0.019859859255841144
1260,no_feedback,43,4,5,1,1,1.0,0.0,0,nan,nan,nan,0.0,-0.019859859255841144
1261,no_feedback,43,1,4,0,0,-1.0,0.0,1,1,0,0,0.0,-0.019859859255841144
1262,no_feedback,43,5,3,0,0,-1.0,0.0,1,0,1,0,0.0,-0.019859859255841144
1263,no_feedback,43,8,3,0,0,-1.0,0.0,1,0,1,0,0.0,-0.019859859255841144
1264,no_feedback,43,6,5,1,1,1.0,0.0,0,nan,nan,nan,0.0,-0.019859859255841144
1265,no_feedback,43,7,4,0,0,-1.0,0.0,1,1,0,0,0.0,-0.019859859255841144
1266,no_feedback,43,0,3,0,0,-1.0,0.0,1,0,1,0,0.0,-0.019859859255841144
1267,no_feedback,43,2,3,0,1,1.0,0.0,0,nan,nan,nan,0.0,-0.019859859255841144
1268,no_feedback,43,5,4,1,1,1.0,0.0,0,nan,nan,nan,0.0,-0.019859859255841144
1269,no_feedback,43,3,3,0,1,1.0,0.0,0,nan,nan,nan,0.0,-0.019859859255841144
1270,no_feedback,43,3,4,1,1,1.0,0.0,0,nan,nan,nan,0.0,-0.019859859255841144
1271,no_feedback,43,3,5,1,0,-1.0,0.0,1,4,0,1,0.0,-0.019859859255841144
1272,no_feedback,43,0,3,0,0,-1.0,0.0,1,0,1,0,0.0,-0.019859859255841144
1273,no_feedback,43,6,5,1,1,1.0,0.0,0,nan,nan,nan,0.0,-0.019859859255841144
1274,no_feedback,43,3,6,1,0,-1.0,0.0,1,1,0,0,0.0,-0.019859859255841144
1275,no_feedback,43,7,3,0,0,-1.0,0.0,1,0,1,0,0.0,-0.019859859255841144
1276,no_feedback,43,7,3,0,0,-1.0,0.0,1,0,1,0,0.0,-0.019859859255841144
1277,no_feedback,43,8,3,0,0,-1.0,0.0,1,0,1,0,0.0,-0.019859859255841144
1278,no_feedback,43,7,3,0,0,-1.0,0.0,1,0,1,0,0.0,-0.019859859255841144
1279,no_feedback,43,3,5,1,0,-1.0,0.0,1,0,1,0,0.0,-0.019859859255841144
1280,no_feedback,43,8,3,0,0,-1.0,0.0,1,0,1,0,0.0,-0.019859859255841144
1281,no_feedback,43,2,3,0,1,1.0,0.0,0,nan,nan,nan,0.0,-0.019859859255841144
1282,no_feedback,43,2,4,1,0,-1.0,0.0,1,1,0,0,0.0,-0.019859859255841144
1283,no_feedback,43,7,3,0,0,-1.0,0.0,1,0,1,0,0.0,-0.019859859255841144
1284,no_feedback,43,0,3,0,0,-1.0,0.0,1,0,1,0,0.0,-0.019859859255841144
1285,no_feedback,43,7,3,0,0,-1.0,0.0,1,0,1,0,0.0,-0.019859859255841144
1286,no_feedback,43,6,3,0,0,-1.0,0.0,1,0,1,0,0.0,-0.019859859255841144
1287,no_feedback,43,2,5,1,0,-1.0,0.0,1,0,1,0,0.0,-0.019859859255841144
1288,no_feedback,43,5,3,0,0,-1.0,0.0,1,0,1,0,0.0,-0.019859859255841144
1289,no_feedback,43,7,5,1,0,-1.0,0.0,1,0,1,0,0.0,-0.019859859255841144
1290,no_feedback,43,1,5,1,0,-1.0,0.0,1,0,1,0,0.0,-0.019859859255841144
1291,no_feedback,43,0,3,0,0,-1.0,0.0,1,0,1,0,0.0,-0.019859859255841144
1292,no_feedback,43,5,3,0,0,-1.0,0.0,1,0,1,0,0.0,-0.019859859255841144
1293,no_feedback,43,0,3,0,0,-1.0,0.0,1,0,1,0,0.0,-0.019859859255841144
1294,no_feedback,43,4,3,0,1,1.0,0.0,0,nan,nan,nan,0.0,-0.019859859255841144
1295,no_feedback,43,7,2,0,0,-1.0,0.0,1,1,0,0,0.0,-0.019859859255841144
1296,no_feedback,43,4,5,1,1,1.0,0.0,0,nan,nan,nan,0.0,-0.019859859255841144
1297,no_feedback,43,4,4,0,1,1.0,0.0,0,nan,nan,nan,0.0,-0.019859859255841144
1298,no_feedback,43,2,3,0,1,1.0,0.0,0,nan,nan,nan,0.0,-0.019859859255841144
1299,no_feedback,43,1,2,0,1,1.0,0.0,0,nan,nan,nan,0.0,-0.019859859255841144
1300,no_feedback,43,5,3,1,0,-1.0,0.0,1,4,0,1,0.0,-0.019859859255841144
1301,no_feedback,43,3,5,1,0,-1.0,0.0,1,0,1,0,0.0,-0.019859859255841144
1302,no_feedback,43,3,3,0,1,1.0,0.0,0,nan,nan,nan,0.0,-0.019859859255841144
1303,no_feedback,43,8,2,0,0,-1.0,0.0,1,1,0,0,0.0,-0.019859859255841144
1304,no_feedback,43,0,3,0,0,-1.0,0.0,1,0,1,0,0.0,-0.019859859255841144
1305,no_feedback,43,6,3,0,0,-1.0,0.0,1,0,1,0,0.0,-0.019859859255841144
1306,no_feedback,43,7,3,0,0,-1.0,0.0,1,0,1,0,0.0,-0.019859859255841144
1307,no_feedback,43,4,5,1,1,1.0,0.0,0,nan,nan,nan,0.0,-0.019859859255841144
1308,no_feedback,43,0,4,0,0,-1.0,0.0,1,1,0,0,0.0,-0.019859859255841144
1309,no_feedback,43,7,5,1,0,-1.0,0.0,1,0,1,0,0.0,-0.019859859255841144
1310,no_feedback,43,8,5,1,0,-1.0,0.0,1,0,1,0,0.0,-0.019859859255841144
1311,no_feedback,43,5,3,0,0,-1.0,0.0,1,0,1,0,0.0,-0.019859859255841144
1312,no_feedback,43,2,5,1,0,-1.0,0.0,1,0,1,0,0.0,-0.019859859255841144
1313,no_feedback,43,2,5,1,0,-1.0,0.0,1,0,1,0,0.0,-0.019859859255841144
1314,no_feedback,43,6,5,1,1,1.0,0.0,0,nan,nan,nan,0.0,-0.019859859255841144
1315,no_feedback,43,4,6,1,0,-1.0,0.0,1,1,0,0,0.0,-0.019859859255841144
1316,no_feedback,43,5,3,0,0,-1.0,0.0,1,0,1,0,0.0,-0.019859859255841144
1317,no_feedback,43,8,3,0,0,-1.0,0.0,1,0,1,0,0.0,-0.019859859255841144
1318,no_feedback,43,0,3,0,0,-1.0,0.0,1,0,1,0,0.0,-0.019859859255841144
1319,no_feedback,43,2,3,0,1,1.0,0.0,0,nan,nan,nan,0.0,-0.019859859255841144
1320,no_feedback,43,3,4,1,1,1.0,0.0,0,nan,nan,nan,0.0,-0.019859859255841144
1321,no_feedback,43,8,3,0,0,-1.0,0.0,1,2,0,0,0.0,-0.019859859255841144
1322,no_feedback,43,5,3,0,0,-1.0,0.0,1,0,1,0,0.0,-0.019859859255841144
1323,no_feedback,43,7,5,1,0,-1.0,0.0,1,0,1,0,0.0,-0.019859859255841144
1324,no_feedback,43,7,5,1,0,-1.0,0.0,1,0,1,0,0.0,-0.019859859255841144
1325,no_feedback,43,6,3,0,0,-1.0,0.0,1,0,1,0,0.0,-0.019859859255841144
1326,no_feedback,43,1,5,1,0,-1.0,0.0,1,0,1,0,0.0,-0.019859859255841144
1327,no_feedback,43,3,5,1,0,-1.0,0.0,1,0,1,0,0.0,-0.019859859255841144
1328,no_feedback,43,8,3,0,0,-1.0,0.0,1,0,1,0,0.0,-0.019859859255841144
1329,no_feedback,43,4,3,0,1,1.0,0.0,0,nan,nan,nan,0.0,-0.019859859255841144
1330,no_feedback,43,3,4,1,1,1.0,0.0,0,nan,nan,nan,0.0,-0.019859859255841144
1331,no_feedback,43,0,3,0,0,-1.0,0.0,1,2,0,0,0.0,-0.019859859255841144
1332,no_feedback,43,6,3,0,0,-1.0,0.0,1,0,1,0,0.0,-0.019859859255841144
1333,no_feedback,43,1,3,0,0,-1.0,0.0,1,0,1,0,0.0,-0.019859859255841144
1334,no_feedback,43,0,3,0,0,-1.0,0.0,1,0,1,0,0.0,-0.019859859255841144
1335,no_feedback,43,0,3,0,0,-1.0,0.0,1,0,1,0,0.0,-0.019859859255841144
1336,no_feedback,43,3,3,0,1,1.0,0.0,0,nan,nan,nan,0.0,-0.019859859255841144
1337,no_feedback,43,5,2,0,0,-1.0,0.0,1,1,0,0,0.0,-0.019859859255841144
1338,no_feedback,43,7,5,1,0,-1.0,0.0,1,0,1,0,0.0,-0.019859859255841144
1339,no_feedback,43,2,3,0,1,1.0,0.0,0,nan,nan,nan,0.0,-0.019859859255841144
1340,no_feedback,43,4,2,0,0,-1.0,0.0,1,1,0,0,0.0,-0.019859859255841144
1341,no_feedback,43,2,3,0,1,1.0,0.0,0,nan,nan,nan,0.0,-0.019859859255841144
1342,no_feedback,43,6,2,0,0,-1.0,0.0,1,1,0,0,0.0,-0.019859859255841144
1343,no_feedback,43,6,5,1,1,1.0,0.0,0,nan,nan,nan,0.0,-0.019859859255841144
1344,no_feedback,43,0,6,1,0,-1.0,0.0,1,1,0,0,0.0,-0.019859859255841144
1345,no_feedback,43,1,5,1,0,-1.0,0.0,1,0,1,0,0.0,-0.019859859255841144
1346,no_feedback,43,1,5,1,0,-1.0,0.0,1,0,1,0,0.0,-0.019859859255841144
1347,no_feedback,43,0,3,0,0,-1.0,0.0,1,0,1,0,0.0,-0.019859859255841144
1348,no_feedback,43,1,5,1,0,-1.0,0.0,1,0,1,0,0.0,-0.019859859255841144
1349,no_feedback,43,5,3,0,0,-1.0,0.0,1,0,1,0,0.0,-0.019859859255841144
1350,no_feedback,43,6,3,0,0,-1.0,0.0,1,0,1,0,0.0,-0.019859859255841144
1351,no_feedback,43,8,3,0,0,-1.0,0.0,1,0,1,0,0.0,-0.019859859255841144
1352,no_feedback,43,7,3,0,0,-1.0,0.0,1,0,1,0,0.0,-0.019859859255841144
1353,no_feedback,43,6,5,1,1,1.0,0.0,0,nan,nan,nan,0.0,-0.019859859255841144
1354,no_feedback,43,5,4,0,1,1.0,0.0,0,nan,nan,nan,0.0,-0.019859859255841144
1355,no_feedback,43,3,5,1,0,-1.0,0.0,1,2,0,0,0.0,-0.019859859255841144
1356,no_feedback,43,2,3,0,1,1.0,0.0,0,nan,nan,nan,0.0,-0.019859859255841144
1357,no_feedback,43,5,2,0,0,-1.0,0.0,1,1,0,0,0.0,-0.019859859255841144
1358,no_feedback,43,3,3,0,1,1.0,0.0,0,nan,nan,nan,0.0,-0.019859859255841144
1359,no_feedback,43,7,2,0,0,-1.0,0.0,1,1,0,0,0.0,-0.019859859255841144
1360,no_feedback,43,2,3,0,1,1.0,0.0,0,nan,nan,nan,0.0,-0.019859859255841144
1361,no_feedback,43,2,2,0,1,1.0,0.0,0,nan,nan,nan,0.0,-0.019859859255841144
1362,no_feedback,43,7,3,1,0,-1.0,0.0,1,2,0,0,0.0,-0.019859859255841144
1363,no_feedback,43,3,5,1,0,-1.0,0.0,1,0,1,0,0.0,-0.019859859255841144
1364,no_feedback,43,4,3,0,1,1.0,0.0,0,nan,nan,nan,0.0,-0.019859859255841144
1365,no_feedback,43,6,4,1,0,-1.0,0.0,1,1,0,0,0.0,-0.019859859255841144
1366,no_feedback,43,8,3,0,0,-1.0,0.0,1,0,1,0,0.0,-0.019859859255841144
1367,no_feedback,43,8,3,0,0,-1.0,0.0,1,0,1,0,0.0,-0.019859859255841144
1368,no_feedback,43,3,5,1,0,-1.0,0.0,1,0,1,0,0.0,-0.019859859255841144
1369,no_feedback,43,6,3,0,0,-1.0,0.0,1,0,1,0,0.0,-0.019859859255841144
1370,no_feedback,43,3,3,0,1,1.0,0.0,0,nan,nan,nan,0.0,-0.019859859255841144
1371,no_feedback,43,6,2,0,0,-1.0,0.0,1,1,0,0,0.0,-0.019859859255841144
1372,no_feedback,43,8,3,0,0,-1.0,0.0,1,0,1,0,0.0,-0.019859859255841144
1373,no_feedback,43,1,3,0,0,-1.0,0.0,1,0,1,0,0.0,-0.019859859255841144
1374,no_feedback,43,6,5,1,1,1.0,0.0,0,nan,nan,nan,0.0,-0.019859859255841144
1375,no_feedback,43,4,6,1,0,-1.0,0.0,1,1,0,0,0.0,-0.019859859255841144
1376,no_feedback,43,2,3,0,1,1.0,0.0,0,nan,nan,nan,0.0,-0.019859859255841144
1377,no_feedback,43,4,2,0,0,-1.0,0.0,1,1,0,0,0.0,-0.019859859255841144
1378,no_feedback,43,5,3,0,0,-1.0,0.0,1,0,1,0,0.0,-0.019859859255841144
1379,no_feedback,43,3,3,0,1,1.0,0.0,0,nan,nan,nan,0.0,-0.019859859255841144
1380,no_feedback,43,1,4,1,0,-1.0,0.0,1,1,0,0,0.0,-0.019859859255841144
1381,no_feedback,43,8,3,0,0,-1.0,0.0,1,0,1,0,0.0,-0.019859859255841144
1382,no_feedback,43,3,3,0,1,1.0,0.0,0,nan,nan,nan,0.0,-0.019859859255841144
1383,no_feedback,43,1,2,0,1,1.0,0.0,0,nan,nan,nan,0.0,-0.019859859255841144
1384,no_feedback,43,2,1,0,1,1.0,0.0,0,nan,nan,nan,0.0,-0.019859859255841144
1385,no_feedback,43,8,2,1,0,-1.0,0.0,1,3,0,1,0.0,-0.019859859255841144
1386,no_feedback,43,0,3,0,0,-1.0,0.0,1,0,1,0,0.0,-0.019859859255841144
1387,no_feedback,43,2,5,1,0,-1.0,0.0,1,0,1,0,0.0,-0.019859859255841144
1388,no_feedback,43,1,5,1,0,-1.0,0.0,1,0,1,0,0.0,-0.019859859255841144
1389,no_feedback,43,6,3,0,0,-1.0,0.0,1,0,1,0,0.0,-0.019859859255841144
1390,no_feedback,43,5,3,0,0,-1.0,0.0,1,0,1,0,0.0,-0.019859859255841144
1391,no_feedback,43,6,3,0,0,-1.0,0.0,1,0,1,0,0.0,-0.019859859255841144
1392,no_feedback,43,5,3,0,0,-1.0,0.0,1,0,1,0,0.0,-0.019859859255841144
1393,no_feedback,43,1,3,0,0,-1.0,0.0,1,0,1,0,0.0,-0.019859859255841144
1394,no_feedback,43,5,3,0,0,-1.0,0.0,1,0,1,0,0.0,-0.019859859255841144
1395,no_feedback,43,7,5,1,0,-1.0,0.0,1,0,1,0,0.0,-0.019859859255841144
1396,no_feedback,43,1,3,0,0,-1.0,0.0,1,0,1,0,0.0,-0.019859859255841144
1397,no_feedback,43,2,3,0,1,1.0,0.0,0,nan,nan,nan,0.0,-0.019859859255841144
1398,no_feedback,43,6,2,0,0,-1.0,0.0,1,1,0,0,0.0,-0.019859859255841144
1399,no_feedback,43,4,5,1,1,1.0,0.0,0,nan,nan,nan,0.0,-0.019859859255841144
1400,no_feedback,43,1,4,0,0,-1.0,0.0,1,1,0,0,0.0,-0.019859859255841144
1401,no_feedback,43,3,3,0,1,1.0,0.0,0,nan,nan,nan,0.0,-0.019859859255841144
1402,no_feedback,43,0,4,1,0,-1.0,0.0,1,1,0,0,0.0,-0.019859859255841144
1403,no_feedback,43,7,3,0,0,-1.0,0.0,1,0,1,0,0.0,-0.019859859255841144
1404,no_feedback,43,6,5,1,1,1.0,0.0,0,nan,nan,nan,0.0,-0.019859859255841144
1405,no_feedback,43,3,6,1,0,-1.0,0.0,1,1,0,0,0.0,-0.019859859255841144
1406,no_feedback,43,6,3,0,0,-1.0,0.0,1,0,1,0,0.0,-0.019859859255841144
1407,no_feedback,43,6,3,0,0,-1.0,0.0,1,0,1,0,0.0,-0.019859859255841144
1408,no_feedback,43,2,5,1,0,-1.0,0.0,1,0,1,0,0.0,-0.019859859255841144
1409,no_feedback,43,5,3,0,0,-1.0,0.0,1,0,1,0,0.0,-0.019859859255841144
1410,no_feedback,43,6,5,1,1,1.0,0.0,0,nan,nan,nan,0.0,-0.019859859255841144
1411,no_feedback,43,7,4,0,0,-1.0,0.0,1,1,0,0,0.0,-0.019859859255841144
1412,no_feedback,43,2,5,1,0,-1.0,0.0,1,0,1,0,0.0,-0.019859859255841144
1413,no_feedback,43,7,5,1,0,-1.0,0.0,1,0,1,0,0.0,-0.019859859255841144
1414,no_feedback,43,4,5,1,1,1.0,0.0,0,nan,nan,nan,0.0,-0.019859859255841144
1415,no_feedback,43,2,4,0,0,-1.0,0.0,1,1,0,0,0.0,-0.019859859255841144
1416,no_feedback,43,0,3,0,0,-1.0,0.0,1,0,1,0,0.0,-0.019859859255841144
1417,no_feedback,43,0,3,0,0,-1.0,0.0,1,0,1,0,0.0,-0.019859859255841144
1418,no_feedback,43,5,3,0,0,-1.0,0.0,1,0,1,0,0.0,-0.019859859255841144
1419,no_feedback,43,0,3,0,0,-1.0,0.0,1,0,1,0,0.0,-0.019859859255841144
1420,no_feedback,43,2,3,0,1,1.0,0.0,0,nan,nan,nan,0.0,-0.019859859255841144
1421,no_feedback,43,8,2,0,0,-1.0,0.0,1,1,0,0,0.0,-0.019859859255841144
1422,no_feedback,43,4,5,1,1,1.0,0.0,0,nan,nan,nan,0.0,-0.019859859255841144
1423,no_feedback,43,2,6,1,0,-1.0,0.0,1,1,0,0,0.0,-0.019859859255841144
1424,no_feedback,43,8,3,0,0,-1.0,0.0,1,0,1,0,0.0,-0.019859859255841144
1425,no_feedback,43,4,3,0,1,1.0,0.0,0,nan,nan,nan,0.0,-0.019859859255841144
1426,no_feedback,43,3,4,1,1,1.0,0.0,0,nan,nan,nan,0.0,-0.019859859255841144
1427,no_feedback,43,5,3,0,0,-1.0,0.0,1,2,0,0,0.0,-0.019859859255841144
1428,no_feedback,43,8,3,0,0,-1.0,0.0,1,0,1,0,0.0,-0.019859859255841144
1429,no_feedback,43,0,3,0,0,-1.0,0.0,1,0,1,0,0.0,-0.019859859255841144
1430,no_feedback,43,8,3,0,0,-1.0,0.0,1,0,1,0,0.0,-0.019859859255841144
1431,no_feedback,43,3,5,1,0,-1.0,0.0,1,0,1,0,0.0,-0.019859859255841144
1432,no_feedback,43,3,5,1,0,-1.0,0.0,1,0,1,0,0.0,-0.019859859255841144
1433,no_feedback,43,4,5,1,1,1.0,0.0,0,nan,nan,nan,0.0,-0.019859859255841144
1434,no_feedback,43,8,4,0,0,-1.0,0.0,1,1,0,0,0.0,-0.019859859255841144
1435,no_feedback,43,0,3,0,0,-1.0,0.0,1,0,1,0,0.0,-0.019859859255841144
1436,no_feedback,43,4,5,1,1,1.0,0.0,0,nan,nan,nan,0.0,-0.019859859255841144
1437,no_feedback,43,4,6,1,0,-1.0,0.0,1,1,0,0,0.0,-0.019859859255841144
1438,no_feedback,43,6,5,1,1,1.0,0.0,0,nan,nan,nan,0.0,-0.019859859255841144
1439,no_feedback,43,2,6,1,0,-1.0,0.0,1,1,0,0,0.0,-0.019859859255841144
1440,no_feedback,43,6,5,1,1,1.0,0.0,0,nan,nan,nan,0.0,-0.019859859255841144
1441,no_feedback,43,8,6,1,0,-1.0,0.0,1,1,0,0,0.0,-0.019859859255841144
1442,no_feedback,43,0,3,0,0,-1.0,0.0,1,0,1,0,0.0,-0.019859859255841144
1443,no_feedback,43,4,5,1,1,1.0,0.0,0,nan,nan,nan,0.0,-0.019859859255841144
1444,no_feedback,43,6,4,0,0,-1.0,0.0,1,1,0,0,0.0,-0.019859859255841144
1445,no_feedback,43,2,3,0,1,1.0,0.0,0,nan,nan,nan,0.0,-0.019859859255841144
1446,no_feedback,43,2,2,0,1,1.0,0.0,0,nan,nan,nan,0.0,-0.019859859255841144
1447,no_feedback,43,1,1,0,1,1.0,0.0,0,nan,nan,nan,0.0,-0.019859859255841144
1448,no_feedback,43,0,2,1,0,-1.0,0.0,1,3,0,1,0.0,-0.019859859255841144
1449,no_feedback,43,0,3,0,0,-1.0,0.0,1,0,1,0,0.0,-0.019859859255841144
1450,no_feedback,43,3,3,0,1,1.0,0.0,0,nan,nan,nan,0.0,-0.019859859255841144
1451,no_feedback,43,7,2,0,0,-1.0,0.0,1,1,0,0,0.0,-0.019859859255841144
1452,no_feedback,43,0,3,0,0,-1.0,0.0,1,0,1,0,0.0,-0.019859859255841144
1453,no_feedback,43,7,3,0,0,-1.0,0.0,1,0,1,0,0.0,-0.019859859255841144
1454,no_feedback,43,4,5,1,1,1.0,0.0,0,nan,nan,nan,0.0,-0.019859859255841144
1455,no_feedback,43,6,4,0,0,-1.0,0.0,1,1,0,0,0.0,-0.019859859255841144
1456,no_feedback,43,3,3,0,1,1.0,0.0,0,nan,nan,nan,0.0,-0.019859859255841144
1457,no_feedback,43,2,4,1,0,-1.0,0.0,1,1,0,0,0.0,-0.019859859255841144
1458,no_feedback,43,8,3,0,0,-1.0,0.0,1,0,1,0,0.0,-0.019859859255841144
1459,no_feedback,43,7,5,1,0,-1.0,0.0,1,0,1,0,0.0,-0.019859859255841144
1460,no_feedback,43,6,5,1,1,1.0,0.0,0,nan,nan,nan,0.0,-0.019859859255841144
1461,no_feedback,43,7,4,0,0,-1.0,0.0,1,1,0,0,0.0,-0.019859859255841144
1462,no_feedback,43,7,3,0,0,-1.0,0.0,1,0,1,0,0.0,-0.019859859255841144
1463,no_feedback,43,0,3,0,0,-1.0,0.0,1,0,1,0,0.0,-0.019859859255841144
1464,no_feedback,43,8,3,0,0,-1.0,0.0,1,0,1,0,0.0,-0.019859859255841144
1465,no_feedback,43,6,3,0,0,-1.0,0.0,1,0,1,0,0.0,-0.019859859255841144
1466,no_feedback,43,7,5,1,0,-1.0,0.0,1,0,1,0,0.0,-0.019859859255841144
1467,no_feedback,43,5,3,0,0,-1.0,0.0,1,0,1,0,0.0,-0.019859859255841144
1468,no_feedback,43,8,3,0,0,-1.0,0.0,1,0,1,0,0.0,-0.019859859255841144
1469,no_feedback,43,7,5,1,0,-1.0,0.0,1,0,1,0,0.0,-0.019859859255841144
1470,no_feedback,43,0,3,0,0,-1.0,0.0,1,0,1,0,0.0,-0.019859859255841144
1471,no_feedback,43,0,3,0,0,-1.0,0.0,1,0,1,0,0.0,-0.019859859255841144
1472,no_feedback,43,7,5,1,0,-1.0,0.0,1,0,1,0,0.0,-0.019859859255841144
1473,no_feedback,43,7,5,1,0,-1.0,0.0,1,0,1,0,0.0,-0.019859859255841144
1474,no_feedback,43,1,5,1,0,-1.0,0.0,1,0,1,0,0.0,-0.019859859255841144
1475,no_feedback,43,1,5,1,0,-1.0,0.0,1,0,1,0,0.0,-0.019859859255841144
1476,no_feedback,43,5,3,0,0,-1.0,0.0,1,0,1,0,0.0,-0.019859859255841144
1477,no_feedback,43,5,3,0,0,-1.0,0.0,1,0,1,0,0.0,-0.019859859255841144
1478,no_feedback,43,5,3,0,0,-1.0,0.0,1,0,1,0,0.0,-0.019859859255841144
1479,no_feedback,43,5,5,1,1,1.0,0.0,0,nan,nan,nan,0.0,-0.019859859255841144
1480,no_feedback,43,7,6,1,1,1.0,0.0,0,nan,nan,nan,0.0,-0.019859859255841144
1481,no_feedback,43,7,5,0,0,-1.0,0.0,1,2,0,0,0.0,-0.019859859255841144
1482,no_feedback,43,2,5,1,0,-1.0,0.0,1,0,1,0,0.0,-0.019859859255841144
1483,no_feedback,43,2,3,0,1,1.0,0.0,0,nan,nan,nan,0.0,-0.019859859255841144
1484,no_feedback,43,4,2,0,0,-1.0,0.0,1,1,0,0,0.0,-0.019859859255841144
1485,no_feedback,43,4,3,0,1,1.0,0.0,0,nan,nan,nan,0.0,-0.019859859255841144
1486,no_feedback,43,6,4,1,0,-1.0,0.0,1,1,0,0,0.0,-0.019859859255841144
1487,no_feedback,43,2,5,1,0,-1.0,0.0,1,0,1,0,0.0,-0.019859859255841144
1488,no_feedback,43,6,5,1,1,1.0,0.0,0,nan,nan,nan,0.0,-0.019859859255841144
1489,no_feedback,43,0,4,0,0,-1.0,0.0,1,1,0,0,0.0,-0.019859859255841144
1490,no_feedback,43,3,5,1,0,-1.0,0.0,1,0,1,0,0.0,-0.019859859255841144
1491,no_feedback,43,8,3,0,0,-1.0,0.0,1,0,1,0,0.0,-0.019859859255841144
1492,no_feedback,43,2,3,0,1,1.0,0.0,0,nan,nan,nan,0.0,-0.019859859255841144
1493,no_feedback,43,3,4,1,1,1.0,0.0,0,nan,nan,nan,0.0,-0.019859859255841144
1494,no_feedback,43,4,3,0,1,1.0,0.0,0,nan,nan,nan,0.0,-0.019859859255841144
1495,no_feedback,43,7,2,0,0,-1.0,0.0,1,3,0,1,0.0,-0.019859859255841144
1496,no_feedback,43,5,3,0,0,-1.0,0.0,1,0,1,0,0.0,-0.019859859255841144
1497,no_feedback,43,8,3,0,0,-1.0,0.0,1,0,1,0,0.0,-0.019859859255841144
1498,no_feedback,43,2,3,0,1,1.0,0.0,0,nan,nan,nan,0.0,-0.019859859255841144
1499,no_feedback,43,0,4,1,0,-1.0,0.0,1,1,0,0,0.0,-0.019859859255841144
1500,no_feedback,43,3,3,0,1,1.0,0.0,0,nan,nan,nan,0.0,-0.019859859255841144
1501,no_feedback,43,1,4,1,0,-1.0,0.0,1,1,0,0,0.0,-0.019859859255841144
1502,no_feedback,43,3,3,0,1,1.0,0.0,0,nan,nan,nan,0.0,-0.019859859255841144
1503,no_feedback,43,2,2,0,1,1.0,0.0,0,nan,nan,nan,0.0,-0.019859859255841144
1504,no_feedback,43,3,1,0,0,-1.0,0.0,1,2,0,0,0.0,-0.019859859255841144
1505,no_feedback,43,4,3,0,1,1.0,0.0,0,nan,nan,nan,0.0,-0.019859859255841144
1506,no_feedback,43,2,4,1,0,-1.0,0.0,1,1,0,0,0.0,-0.019859859255841144
1507,no_feedback,43,5,3,0,0,-1.0,0.0,1,0,1,0,0.0,-0.019859859255841144
1508,no_feedback,43,7,3,0,0,-1.0,0.0,1,0,1,0,0.0,-0.019859859255841144
1509,no_feedback,43,8,3,0,0,-1.0,0.0,1,0,1,0,0.0,-0.019859859255841144
1510,no_feedback,43,3,5,1,0,-1.0,0.0,1,0,1,0,0.0,-0.019859859255841144
1511,no_feedback,43,5,3,0,0,-1.0,0.0,1,0,1,0,0.0,-0.019859859255841144
1512,no_feedback,43,3,3,0,1,1.0,0.0,0,nan,nan,nan,0.0,-0.019859859255841144
1513,no_feedback,43,7,2,0,0,-1.0,0.0,1,1,0,0,0.0,-0.019859859255841144
1514,no_feedback,43,2,3,0,1,1.0,0.0,0,nan,nan,nan,0.0,-0.019859859255841144
1515,no_feedback,43,8,2,0,0,-1.0,0.0,1,1,0,0,0.0,-0.019859859255841144
1516,no_feedback,43,8,3,0,0,-1.0,0.0,1,0,1,0,0.0,-0.019859859255841144
1517,no_feedback,43,5,3,0,0,-1.0,0.0,1,0,1,0,0.0,-0.019859859255841144
1518,no_feedback,43,7,3,0,0,-1.0,0.0,1,0,1,0,0.0,-0.019859859255841144
1519,no_feedback,43,3,3,0,1,1.0,0.0,0,nan,nan,nan,0.0,-0.019859859255841144
1520,no_feedback,43,1,4,1,0,-1.0,0.0,1,1,0,0,0.0,-0.019859859255841144
1521,no_feedback,43,7,3,0,0,-1.0,0.0,1,0,1,0,0.0,-0.019859859255841144
1522,no_feedback,43,7,5,1,0,-1.0,0.0,1,0,1,0,0.0,-0.019859859255841144
1523,no_feedback,43,5,3,0,0,-1.0,0.0,1,0,1,0,0.0,-0.019859859255841144
1524,no_feedback,43,4,5,1,1,1.0,0.0,0,nan,nan,nan,0.0,-0.019859859255841144
1525,no_feedback,43,3,6,1,0,-1.0,0.0,1,1,0,0,0.0,-0.019859859255841144
1526,no_feedback,43,1,3,0,0,-1.0,0.0,1,0,1,0,0.0,-0.019859859255841144
1527,no_feedback,43,5,3,0,0,-1.0,0.0,1,0,1,0,0.0,-0.019859859255841144
1528,no_feedback,43,8,3,0,0,-1.0,0.0,1,0,1,0,0.0,-0.019859859255841144
1529,no_feedback,43,3,3,0,1,1.0,0.0,0,nan,nan,nan,0.0,-0.019859859255841144
1530,no_feedback,43,6,4,1,0,-1.0,0.0,1,1,0,0,0.0,-0.019859859255841144
1531,no_feedback,43,1,3,0,0,-1.0,0.0,1,0,1,0,0.0,-0.019859859255841144
1532,no_feedback,43,4,5,1,1,1.0,0.0,0,nan,nan,nan,0.0,-0.019859859255841144
1533,no_feedback,43,3,6,1,0,-1.0,0.0,1,1,0,0,0.0,-0.019859859255841144
1534,no_feedback,43,5,3,0,0,-1.0,0.0,1,0,1,0,0.0,-0.019859859255841144
1535,no_feedback,43,5,3,0,0,-1.0,0.0,1,0,1,0,0.0,-0.019859859255841144
1536,no_feedback,43,0,3,0,0,-1.0,0.0,1,0,1,0,0.0,-0.019859859255841144
1537,no_feedback,43,1,3,0,0,-1.0,0.0,1,0,1,0,0.0,-0.019859859255841144
1538,no_feedback,43,1,5,1,0,-1.0,0.0,1,0,1,0,0.0,-0.019859859255841144
1539,no_feedback,43,8,5,1,0,-1.0,0.0,1,0,1,0,0.0,-0.019859859255841144
1540,no_feedback,43,3,3,0,1,1.0,0.0,0,nan,nan,nan,0.0,-0.019859859255841144
1541,no_feedback,43,1,2,0,1,1.0,0.0,0,nan,nan,nan,0.0,-0.019859859255841144
1542,no_feedback,43,6,1,0,0,-1.0,0.0,1,2,0,0,0.0,-0.019859859255841144
1543,no_feedback,43,2,5,1,0,-1.0,0.0,1,0,1,0,0.0,-0.019859859255841144
1544,no_feedback,43,6,5,1,1,1.0,0.0,0,nan,nan,nan,0.0,-0.019859859255841144
1545,no_feedback,43,2,4,0,0,-1.0,0.0,1,1,0,0,0.0,-0.019859859255841144
1546,no_feedback,43,4,5,1,1,1.0,0.0,0,nan,nan,nan,0.0,-0.019859859255841144
1547,no_feedback,43,6,4,0,0,-1.0,0.0,1,1,0,0,0.0,-0.019859859255841144
1548,no_feedback,43,6,3,0,0,-1.0,0.0,1,0,1,0,0.0,-0.019859859255841144
1549,no_feedback,43,0,3,0,0,-1.0,0.0,1,0,1,0,0.0,-0.019859859255841144
1550,no_feedback,43,5,3,0,0,-1.0,0.0,1,0,1,0,0.0,-0.019859859255841144
1551,no_feedback,43,0,3,0,0,-1.0,0.0,1,0,1,0,0.0,-0.019859859255841144
1552,no_feedback,43,0,3,0,0,-1.0,0.0,1,0,1,0,0.0,-0.019859859255841144
1553,no_feedback,43,3,5,1,0,-1.0,0.0,1,0,1,0,0.0,-0.019859859255841144
1554,no_feedback,43,6,5,1,1,1.0,0.0,0,nan,nan,nan,0.0,-0.019859859255841144
1555,no_feedback,43,6,4,0,0,-1.0,0.0,1,1,0,0,0.0,-0.019859859255841144
1556,no_feedback,43,6,5,1,1,1.0,0.0,0,nan,nan,nan,0.0,-0.019859859255841144
1557,no_feedback,43,3,6,1,0,-1.0,0.0,1,1,0,0,0.0,-0.019859859255841144
1558,no_feedback,43,3,3,0,1,1.0,0.0,0,nan,nan,nan,0.0,-0.019859859255841144
1559,no_feedback,43,7,2,0,0,-1.0,0.0,1,1,0,0,0.0,-0.019859859255841144
1560,no_feedback,43,2,5,1,0,-1.0,0.0,1,0,1,0,0.0,-0.019859859255841144
1561,no_feedback,43,3,5,1,0,-1.0,0.0,1,0,1,0,0.0,-0.019859859255841144
1562,no_feedback,43,8,3,0,0,-1.0,0.0,1,0,1,0,0.0,-0.019859859255841144
1563,no_feedback,43,4,5,1,1,1.0,0.0,0,nan,nan,nan,0.0,-0.019859859255841144
1564,no_feedback,43,3,4,0,1,1.0,0.0,0,nan,nan,nan,0.0,-0.019859859255841144
1565,no_feedback,43,7,5,1,0,-1.0,0.0,1,2,0,0,0.0,-0.019859859255841144
1566,no_feedback,43,5,3,0,0,-1.0,0.0,1,0,1,0,0.0,-0.019859859255841144
1567,no_feedback,43,2,3,0,1,1.0,0.0,0,nan,nan,nan,0.0,-0.019859859255841144
1568,no_feedback,43,2,4,1,0,-1.0,0.0,1,1,0,0,0.0,-0.019859859255841144
1569,no_feedback,43,3,3,0,1,1.0,0.0,0,nan,nan,nan,0.0,-0.019859859255841144
1570,no_feedback,43,5,4,1,1,1.0,0.0,0,nan,nan,nan,0.0,-0.019859859255841144
1571,no_feedback,43,7,3,0,0,-1.0,0.0,1,2,0,0,0.0,-0.019859859255841144
1572,no_feedback,43,0,3,0,0,-1.0,0.0,1,0,1,0,0.0,-0.019859859255841144
1573,no_feedback,43,6,3,0,0,-1.0,0.0,1,0,1,0,0.0,-0.019859859255841144
1574,no_feedback,43,0,5,1,0,-1.0,0.0,1,0,1,0,0.0,-0.019859859255841144
1575,no_feedback,43,6,5,1,1,1.0,0.0,0,nan,nan,nan,0.0,-0.019859859255841144
1576,no_feedback,43,7,6,1,1,1.0,0.0,0,nan,nan,nan,0.0,-0.019859859255841144
1577,no_feedback,43,7,5,0,0,-1.0,0.0,1,2,0,0,0.0,-0.019859859255841144
1578,no_feedback,43,8,3,0,0,-1.0,0.0,1,0,1,0,0.0,-0.019859859255841144
1579,no_feedback,43,8,3,0,0,-1.0,0.0,1,0,1,0,0.0,-0.019859859255841144
1580,no_feedback,43,4,5,1,1,1.0,0.0,0,nan,nan,nan,0.0,-0.019859859255841144
1581,no_feedback,43,4,6,1,0,-1.0,0.0,1,1,0,0,0.0,-0.019859859255841144
1582,no_feedback,43,1,3,0,0,-1.0,0.0,1,0,1,0,0.0,-0.019859859255841144
1583,no_feedback,43,7,3,0,0,-1.0,0.0,1,0,1,0,0.0,-0.019859859255841144
1584,no_feedback,43,4,3,0,1,1.0,0.0,0,nan,nan,nan,0.0,-0.019859859255841144
1585,no_feedback,43,4,2,0,0,-1.0,0.0,1,1,0,0,0.0,-0.019859859255841144
1586,no_feedback,43,1,5,1,0,-1.0,0.0,1,0,1,0,0.0,-0.019859859255841144
1587,no_feedback,43,3,3,0,1,1.0,0.0,0,nan,nan,nan,0.0,-0.019859859255841144
1588,no_feedback,43,0,4,1,0,-1.0,0.0,1,1,0,0,0.0,-0.019859859255841144
1589,no_feedback,43,1,5,1,0,-1.0,0.0,1,0,1,0,0.0,-0.019859859255841144
1590,no_feedback,43,8,3,0,0,-1.0,0.0,1,0,1,0,0.0,-0.019859859255841144
1591,no_feedback,43,6,5,1,1,1.0,0.0,0,nan,nan,nan,0.0,-0.019859859255841144
1592,no_feedback,43,2,6,1,0,-1.0,0.0,1,1,0,0,0.0,-0.019859859255841144
1593,no_feedback,43,6,3,0,0,-1.0,0.0,1,0,1,0,0.0,-0.019859859255841144
1594,no_feedback,43,6,3,0,0,-1.0,0.0,1,0,1,0,0.0,-0.019859859255841144
1595,no_feedback,43,4,5,1,1,1.0,0.0,0,nan,nan,nan,0.0,-0.019859859255841144
1596,no_feedback,43,7,6,1,1,1.0,0.0,0,nan,nan,nan,0.0,-0.019859859255841144
1597,no_feedback,43,1,7,1,0,-1.0,0.0,1,2,0,0,0.0,-0.019859859255841144
1598,no_feedback,43,5,5,1,1,1.0,0.0,0,nan,nan,nan,0.0,-0.019859859255841144
1599,no_feedback,43,6,4,0,0,-1.0,0.0,1,1,0,0,0.0,-0.019859859255841144
1600,no_feedback,43,2,5,1,0,-1.0,0.0,1,0,1,0,0.0,-0.019859859255841144
1601,no_feedback,43,2,3,0,1,1.0,0.0,0,nan,nan,nan,0.0,-0.019859859255841144
1602,no_feedback,43,2,2,0,1,1.0,0.0,0,nan,nan,nan,0.0,-0.019859859255841144
1603,no_feedback,43,3,1,0,0,-1.0,0.0,1,2,0,0,0.0,-0.019859859255841144
1604,no_feedback,43,0,3,0,0,-1.0,0.0,1,0,1,0,0.0,-0.019859859255841144
1605,no_feedback,43,3,3,0,1,1.0,0.0,0,nan,nan,nan,0.0,-0.019859859255841144
1606,no_feedback,43,6,2,0,0,-1.0,0.0,1,1,0,0,0.0,-0.019859859255841144
1607,no_feedback,43,2,3,0,1,1.0,0.0,0,nan,nan,nan,0.0,-0.019859859255841144
1608,no_feedback,43,7,2,0,0,-1.0,0.0,1,1,0,0,0.0,-0.019859859255841144
1609,no_feedback,43,7,3,0,0,-1.0,0.0,1,0,1,0,0.0,-0.019859859255841144
1610,no_feedback,43,8,5,1,0,-1.0,0.0,1,0,1,0,0.0,-0.019859859255841144
1611,no_feedback,43,0,3,0,0,-1.0,0.0,1,0,1,0,0.0,-0.019859859255841144
1612,no_feedback,43,3,5,1,0,-1.0,0.0,1,0,1,0,0.0,-0.019859859255841144
1613,no_feedback,43,0,3,0,0,-1.0,0.0,1,0,1,0,0.0,-0.019859859255841144
1614,no_feedback,43,7,5,1,0,-1.0,0.0,1,0,1,0,0.0,-0.019859859255841144
1615,no_feedback,43,1,5,1,0,-1.0,0.0,1,0,1,0,0.0,-0.019859859255841144
1616,no_feedback,43,7,3,0,0,-1.0,0.0,1,0,1,0,0.0,-0.019859859255841144
1617,no_feedback,43,5,3,0,0,-1.0,0.0,1,0,1,0,0.0,-0.019859859255841144
1618,no_feedback,43,8,5,1,0,-1.0,0.0,1,0,1,0,0.0,-0.019859859255841144
1619,no_feedback,43,3,3,0,1,1.0,0.0,0,nan,nan,nan,0.0,-0.019859859255841144
1620,no_feedback,43,8,2,0,0,-1.0,0.0,1,1,0,0,0.0,-0.019859859255841144
1621,no_feedback,43,6,3,0,0,-1.0,0.0,1,0,1,0,0.0,-0.019859859255841144
1622,no_feedback,43,4,5,1,1,1.0,0.0,0,nan,nan,nan,0.0,-0.019859859255841144
1623,no_feedback,43,5,4,0,1,1.0,0.0,0,nan,nan,nan,0.0,-0.019859859255841144
1624,no_feedback,43,5,3,0,0,-1.0,0.0,1,2,0,0,0.0,-0.019859859255841144
1625,no_feedback,43,4,3,0,1,1.0,0.0,0,nan,nan,nan,0.0,-0.019859859255841144
1626,no_feedback,43,5,2,0,0,-1.0,0.0,1,1,0,0,0.0,-0.019859859255841144
1627,no_feedback,43,4,3,0,1,1.0,0.0,0,nan,nan,nan,0.0,-0.019859859255841144
1628,no_feedback,43,3,2,0,1,1.0,0.0,0,nan,nan,nan,0.0,-0.019859859255841144
1629,no_feedback,43,2,1,0,1,1.0,0.0,0,nan,nan,nan,0.0,-0.019859859255841144
1630,no_feedback,43,8,2,1,0,-1.0,0.0,1,3,0,1,0.0,-0.019859859255841144
1631,no_feedback,43,3,3,0,1,1.0,0.0,0,nan,nan,nan,0.0,-0.019859859255841144
1632,no_feedback,43,0,2,0,0,-1.0,0.0,1,1,0,0,0.0,-0.019859859255841144
1633,no_feedback,43,6,3,0,0,-1.0,0.0,1,0,1,0,0.0,-0.019859859255841144
1634,no_feedback,43,2,3,0,1,1.0,0.0,0,nan,nan,nan,0.0,-0.019859859255841144
1635,no_feedback,43,7,2,0,0,-1.0,0.0,1,1,0,0,0.0,-0.019859859255841144
1636,no_feedback,43,8,3,0,0,-1.0,0.0,1,0,1,0,0.0,-0.019859859255841144
1637,no_feedback,43,6,3,0,0,-1.0,0.0,1,0,1,0,0.0,-0.019859859255841144
1638,no_feedback,43,0,3,0,0,-1.0,0.0,1,0,1,0,0.0,-0.019859859255841144
1639,no_feedback,43,4,5,1,1,1.0,0.0,0,nan,nan,nan,0.0,-0.019859859255841144
1640,no_feedback,43,1,4,0,0,-1.0,0.0,1,1,0,0,0.0,-0.019859859255841144
1641,no_feedback,43,5,3,0,0,-1.0,0.0,1,0,1,0,0.0,-0.019859859255841144
1642,no_feedback,43,6,5,1,1,1.0,0.0,0,nan,nan,nan,0.0,-0.019859859255841144
1643,no_feedback,43,3,6,1,0,-1.0,0.0,1,1,0,0,0.0,-0.019859859255841144
1644,no_feedback,43,2,5,1,0,-1.0,0.0,1,0,1,0,0.0,-0.019859859255841144
1645,no_feedback,43,2,3,0,1,1.0,0.0,0,nan,nan,nan,0.0,-0.019859859255841144
1646,no_feedback,43,1,4,1,0,-1.0,0.0,1,1,0,0,0.0,-0.019859859255841144
1647,no_feedback,43,8,3,0,0,-1.0,0.0,1,0,1,0,0.0,-0.019859859255841144
1648,no_feedback,43,5,3,0,0,-1.0,0.0,1,0,1,0,0.0,-0.019859859255841144
1649,no_feedback,43,5,3,0,0,-1.0,0.0,1,0,1,0,0.0,-0.019859859255841144
1650,no_feedback,43,2,3,0,1,1.0,0.0,0,nan,nan,nan,0.0,-0.019859859255841144
1651,no_feedback,43,1,2,0,1,1.0,0.0,0,nan,nan,nan,0.0,-0.019859859255841144
1652,no_feedback,43,1,3,1,0,-1.0,0.0,1,2,0,0,0.0,-0.019859859255841144
1653,no_feedback,43,3,3,0,1,1.0,0.0,0,nan,nan,nan,0.0,-0.019859859255841144
1654,no_feedback,43,5,2,0,0,-1.0,0.0,1,1,0,0,0.0,-0.019859859255841144
1655,no_feedback,43,4,3,0,1,1.0,0.0,0,nan,nan,nan,0.0,-0.019859859255841144
1656,no_feedback,43,8,2,0,0,-1.0,0.0,1,1,0,0,0.0,-0.019859859255841144
1657,no_feedback,43,7,5,1,0,-1.0,0.0,1,0,1,0,0.0,-0.019859859255841144
1658,no_feedback,43,8,3,0,0,-1.0,0.0,1,0,1,0,0.0,-0.019859859255841144
1659,no_feedback,43,8,3,0,0,-1.0,0.0,1,0,1,0,0.0,-0.019859859255841144
1660,no_feedback,43,6,3,0,0,-1.0,0.0,1,0,1,0,0.0,-0.019859859255841144
1661,no_feedback,43,6,3,0,0,-1.0,0.0,1,0,1,0,0.0,-0.019859859255841144
1662,no_feedback,43,1,5,1,0,-1.0,0.0,1,0,1,0,0.0,-0.019859859255841144
1663,no_feedback,43,1,5,1,0,-1.0,0.0,1,0,1,0,0.0,-0.019859859255841144
1664,no_feedback,43,4,5,1,1,1.0,0.0,0,nan,nan,nan,0.0,-0.019859859255841144
1665,no_feedback,43,8,6,1,0,-1.0,0.0,1,1,0,0,0.0,-0.019859859255841144
1666,no_feedback,43,3,5,1,0,-1.0,0.0,1,0,1,0,0.0,-0.019859859255841144
1667,no_feedback,43,0,3,0,0,-1.0,0.0,1,0,1,0,0.0,-0.019859859255841144
1668,no_feedback,43,2,5,1,0,-1.0,0.0,1,0,1,0,0.0,-0.019859859255841144
1669,no_feedback,43,1,5,1,0,-1.0,0.0,1,0,1,0,0.0,-0.019859859255841144
1670,no_feedback,43,0,3,0,0,-1.0,0.0,1,0,1,0,0.0,-0.019859859255841144
1671,no_feedback,43,0,3,0,0,-1.0,0.0,1,0,1,0,0.0,-0.019859859255841144
1672,no_feedback,43,3,3,0,1,1.0,0.0,0,nan,nan,nan,0.0,-0.019859859255841144
1673,no_feedback,43,8,4,1,0,-1.0,0.0,1,1,0,0,0.0,-0.019859859255841144
1674,no_feedback,43,1,5,1,0,-1.0,0.0,1,0,1,0,0.0,-0.019859859255841144
1675,no_feedback,43,0,3,0,0,-1.0,0.0,1,0,1,0,0.0,-0.019859859255841144
1676,no_feedback,43,0,3,0,0,-1.0,0.0,1,0,1,0,0.0,-0.019859859255841144
1677,no_feedback,43,3,5,1,0,-1.0,0.0,1,0,1,0,0.0,-0.019859859255841144
1678,no_feedback,43,8,3,0,0,-1.0,0.0,1,0,1,0,0.0,-0.019859859255841144
1679,no_feedback,43,0,3,0,0,-1.0,0.0,1,0,1,0,0.0,-0.019859859255841144
1680,no_feedback,43,8,3,0,0,-1.0,0.0,1,0,1,0,0.0,-0.019859859255841144
1681,no_feedback,43,6,3,0,0,-1.0,0.0,1,0,1,0,0.0,-0.019859859255841144
1682,no_feedback,43,1,5,1,0,-1.0,0.0,1,0,1,0,0.0,-0.019859859255841144
1683,no_feedback,43,2,3,0,1,1.0,0.0,0,nan,nan,nan,0.0,-0.019859859255841144
1684,no_feedback,43,4,2,0,0,-1.0,0.0,1,1,0,0,0.0,-0.019859859255841144
1685,no_feedback,43,6,5,1,1,1.0,0.0,0,nan,nan,nan,0.0,-0.019859859255841144
1686,no_feedback,43,6,4,0,0,-1.0,0.0,1,1,0,0,0.0,-0.019859859255841144
1687,no_feedback,43,3,5,1,0,-1.0,0.0,1,0,1,0,0.0,-0.019859859255841144
1688,no_feedback,43,2,5,1,0,-1.0,0.0,1,0,1,0,0.0,-0.019859859255841144
1689,no_feedback,43,8,3,0,0,-1.0,0.0,1,0,1,0,0.0,-0.019859859255841144
1690,no_feedback,43,3,5,1,0,-1.0,0.0,1,0,1,0,0.0,-0.019859859255841144
1691,no_feedback,43,3,5,1,0,-1.0,0.0,1,0,1,0,0.0,-0.019859859255841144
1692,no_feedback,43,6,3,0,0,-1.0,0.0,1,0,1,0,0.0,-0.019859859255841144
1693,no_feedback,43,1,5,1,0,-1.0,0.0,1,0,1,0,0.0,-0.019859859255841144
1694,no_feedback,43,7,3,0,0,-1.0,0.0,1,0,1,0,0.0,-0.019859859255841144
1695,no_feedback,43,6,5,1,1,1.0,0.0,0,nan,nan,nan,0.0,-0.019859859255841144
1696,no_feedback,43,5,6,1,1,1.0,0.0,0,nan,nan,nan,0.0,-0.019859859255841144
1697,no_feedback,43,1,7,1,0,-1.0,0.0,1,2,0,0,0.0,-0.019859859255841144
1698,no_feedback,43,6,5,1,1,1.0,0.0,0,nan,nan,nan,0.0,-0.019859859255841144
1699,no_feedback,43,4,4,0,1,1.0,0.0,0,nan,nan,nan,0.0,-0.019859859255841144
1700,no_feedback,43,1,3,0,0,-1.0,0.0,1,2,0,0,0.0,-0.019859859255841144
1701,no_feedback,43,2,5,1,0,-1.0,0.0,1,0,1,0,0.0,-0.019859859255841144
1702,no_feedback,43,4,5,1,1,1.0,0.0,0,nan,nan,nan,0.0,-0.019859859255841144
1703,no_feedback,43,0,6,1,0,-1.0,0.0,1,1,0,0,0.0,-0.019859859255841144
1704,no_feedback,43,3,5,1,0,-1.0,0.0,1,0,1,0,0.0,-0.019859859255841144
1705,no_feedback,43,1,5,1,0,-1.0,0.0,1,0,1,0,0.0,-0.019859859255841144
1706,no_feedback,43,4,5,1,1,1.0,0.0,0,nan,nan,nan,0.0,-0.019859859255841144
1707,no_feedback,43,2,4,0,0,-1.0,0.0,1,1,0,0,0.0,-0.019859859255841144
1708,no_feedback,43,2,5,1,0,-1.0,0.0,1,0,1,0,0.0,-0.019859859255841144
1709,no_feedback,43,3,3,0,1,1.0,0.0,0,nan,nan,nan,0.0,-0.019859859255841144
1710,no_feedback,43,4,2,0,0,-1.0,0.0,1,1,0,0,0.0,-0.019859859255841144
1711,no_feedback,43,0,5,1,0,-1.0,0.0,1,0,1,0,0.0,-0.019859859255841144
1712,no_feedback,43,2,3,0,1,1.0,0.0,0,nan,nan,nan,0.0,-0.019859859255841144
1713,no_feedback,43,1,4,1,0,-1.0,0.0,1,1,0,0,0.0,-0.019859859255841144
1714,no_feedback,43,2,3,0,1,1.0,0.0,0,nan,nan,nan,0.0,-0.019859859255841144
1715,no_feedback,43,7,2,0,0,-1.0,0.0,1,1,0,0,0.0,-0.019859859255841144
1716,no_feedback,43,6,5,1,1,1.0,0.0,0,nan,nan,nan,0.0,-0.019859859255841144
1717,no_feedback,43,7,6,1,1,1.0,0.0,0,nan,nan,nan,0.0,-0.019859859255841144
1718,no_feedback,43,0,7,1,0,-1.0,0.0,1,2,0,0,0.0,-0.019859859255841144
1719,no_feedback,43,5,3,0,0,-1.0,0.0,1,0,1,0,0.0,-0.019859859255841144
1720,no_feedback,43,2,5,1,0,-1.0,0.0,1,0,1,0,0.0,-0.019859859255841144
1721,no_feedback,43,6,5,1,1,1.0,0.0,0,nan,nan,nan,0.0,-0.019859859255841144
1722,no_feedback,43,3,6,1,0,-1.0,0.0,1,1,0,0,0.0,-0.019859859255841144
1723,no_feedback,43,3,5,1,0,-1.0,0.0,1,0,1,0,0.0,-0.019859859255841144
1724,no_feedback,43,1,3,0,0,-1.0,0.0,1,0,1,0,0.0,-0.019859859255841144
1725,no_feedback,43,4,3,0,1,1.0,0.0,0,nan,nan,nan,0.0,-0.019859859255841144
1726,no_feedback,43,1,4,1,0,-1.0,0.0,1,1,0,0,0.0,-0.019859859255841144
1727,no_feedback,43,2,3,0,1,1.0,0.0,0,nan,nan,nan,0.0,-0.019859859255841144
1728,no_feedback,43,4,2,0,0,-1.0,0.0,1,1,0,0,0.0,-0.019859859255841144
1729,no_feedback,43,3,3,0,1,1.0,0.0,0,nan,nan,nan,0.0,-0.019859859255841144
1730,no_feedback,43,4,2,0,0,-1.0,0.0,1,1,0,0,0.0,-0.019859859255841144
1731,no_feedback,43,8,3,0,0,-1.0,0.0,1,0,1,0,0.0,-0.019859859255841144
1732,no_feedback,43,0,3,0,0,-1.0,0.0,1,0,1,0,0.0,-0.019859859255841144
1733,no_feedback,43,2,3,0,1,1.0,0.0,0,nan,nan,nan,0.0,-0.019859859255841144
1734,no_feedback,43,2,2,0,1,1.0,0.0,0,nan,nan,nan,0.0,-0.019859859255841144
1735,no_feedback,43,1,1,0,1,1.0,0.0,0,nan,nan,nan,0.0,-0.019859859255841144
1736,no_feedback,43,5,0,0,0,-1.0,0.0,1,3,0,1,0.0,-0.019859859255841144
1737,no_feedback,43,8,3,0,0,-1.0,0.0,1,0,1,0,0.0,-0.019859859255841144
1738,no_feedback,43,7,5,1,0,-1.0,0.0,1,0,1,0,0.0,-0.019859859255841144
1739,no_feedback,43,6,3,0,0,-1.0,0.0,1,0,1,0,0.0,-0.019859859255841144
1740,no_feedback,43,4,3,0,1,1.0,0.0,0,nan,nan,nan,0.0,-0.019859859255841144
1741,no_feedback,43,6,2,0,0,-1.0,0.0,1,1,0,0,0.0,-0.019859859255841144
1742,no_feedback,43,8,3,0,0,-1.0,0.0,1,0,1,0,0.0,-0.019859859255841144
1743,no_feedback,43,1,5,1,0,-1.0,0.0,1,0,1,0,0.0,-0.019859859255841144
1744,no_feedback,43,0,3,0,0,-1.0,0.0,1,0,1,0,0.0,-0.019859859255841144
1745,no_feedback,43,1,5,1,0,-1.0,0.0,1,0,1,0,0.0,-0.019859859255841144
1746,no_feedback,43,4,5,1,1,1.0,0.0,0,nan,nan,nan,0.0,-0.019859859255841144
1747,no_feedback,43,3,6,1,0,-1.0,0.0,1,1,0,0,0.0,-0.019859859255841144
1748,no_feedback,43,3,3,0,1,1.0,0.0,0,nan,nan,nan,0.0,-0.019859859255841144
1749,no_feedback,43,8,2,0,0,-1.0,0.0,1,1,0,0,0.0,-0.019859859255841144
1750,no_feedback,43,7,5,1,0,-1.0,0.0,1,0,1,0,0.0,-0.019859859255841144
1751,no_feedback,43,2,5,1,0,-1.0,0.0,1,0,1,0,0.0,-0.019859859255841144
1752,no_feedback,43,8,3,0,0,-1.0,0.0,1,0,1,0,0.0,-0.019859859255841144
1753,no_feedback,43,7,5,1,0,-1.0,0.0,1,0,1,0,0.0,-0.019859859255841144
1754,no_feedback,43,4,5,1,1,1.0,0.0,0,nan,nan,nan,0.0,-0.019859859255841144
1755,no_feedback,43,2,6,1,0,-1.0,0.0,1,1,0,0,0.0,-0.019859859255841144
1756,no_feedback,43,3,5,1,0,-1.0,0.0,1,0,1,0,0.0,-0.019859859255841144
1757,no_feedback,43,8,3,0,0,-1.0,0.0,1,0,1,0,0.0,-0.019859859255841144
1758,no_feedback,43,5,3,0,0,-1.0,0.0,1,0,1,0,0.0,-0.019859859255841144
1759,no_feedback,43,2,3,0,1,1.0,0.0,0,nan,nan,nan,0.0,-0.019859859255841144
1760,no_feedback,43,0,2,0,0,-1.0,0.0,1,1,0,0,0.0,-0.019859859255841144
1761,no_feedback,43,5,3,0,0,-1.0,0.0,1,0,1,0,0.0,-0.019859859255841144
1762,no_feedback,43,0,3,0,0,-1.0,0.0,1,0,1,0,0.0,-0.019859859255841144
1763,no_feedback,43,5,3,0,0,-1.0,0.0,1,0,1,0,0.0,-0.019859859255841144
1764,no_feedback,43,7,3,0,0,-1.0,0.0,1,0,1,0,0.0,-0.019859859255841144
1765,no_feedback,43,7,5,1,0,-1.0,0.0,1,0,1,0,0.0,-0.019859859255841144
1766,no_feedback,43,6,3,0,0,-1.0,0.0,1,0,1,0,0.0,-0.019859859255841144
1767,no_feedback,43,0,3,0,0,-1.0,0.0,1,0,1,0,0.0,-0.019859859255841144
1768,no_feedback,43,2,3,0,1,1.0,0.0,0,nan,nan,nan,0.0,-0.019859859255841144
1769,no_feedback,43,6,4,1,0,-1.0,0.0,1,1,0,0,0.0,-0.019859859255841144
1770,no_feedback,43,5,3,0,0,-1.0,0.0,1,0,1,0,0.0,-0.019859859255841144
1771,no_feedback,43,7,5,1,0,-1.0,0.0,1,0,1,0,0.0,-0.019859859255841144
1772,no_feedback,43,0,3,0,0,-1.0,0.0,1,0,1,0,0.0,-0.019859859255841144
1773,no_feedback,43,8,5,1,0,-1.0,0.0,1,0,1,0,0.0,-0.019859859255841144
1774,no_feedback,43,3,5,1,0,-1.0,0.0,1,0,1,0,0.0,-0.019859859255841144
1775,no_feedback,43,6,5,1,1,1.0,0.0,0,nan,nan,nan,0.0,-0.019859859255841144
1776,no_feedback,43,5,4,0,1,1.0,0.0,0,nan,nan,nan,0.0,-0.019859859255841144
1777,no_feedback,43,6,3,0,0,-1.0,0.0,1,2,0,0,0.0,-0.019859859255841144
1778,no_feedback,43,6,5,1,1,1.0,0.0,0,nan,nan,nan,0.0,-0.019859859255841144
1779,no_feedback,43,7,4,0,0,-1.0,0.0,1,1,0,0,0.0,-0.019859859255841144
1780,no_feedback,43,5,3,0,0,-1.0,0.0,1,0,1,0,0.0,-0.019859859255841144
1781,no_feedback,43,0,3,0,0,-1.0,0.0,1,0,1,0,0.0,-0.019859859255841144
1782,no_feedback,43,1,3,0,0,-1.0,0.0,1,0,1,0,0.0,-0.019859859255841144
1783,no_feedback,43,8,5,1,0,-1.0,0.0,1,0,1,0,0.0,-0.019859859255841144
1784,no_feedback,43,8,3,0,0,-1.0,0.0,1,0,1,0,0.0,-0.019859859255841144
1785,no_feedback,43,3,3,0,1,1.0,0.0,0,nan,nan,nan,0.0,-0.019859859255841144
1786,no_feedback,43,7,2,0,0,-1.0,0.0,1,1,0,0,0.0,-0.019859859255841144
1787,no_feedback,43,0,3,0,0,-1.0,0.0,1,0,1,0,0.0,-0.019859859255841144
1788,no_feedback,43,1,3,0,0,-1.0,0.0,1,0,1,0,0.0,-0.019859859255841144
1789,no_feedback,43,0,3,0,0,-1.0,0.0,1,0,1,0,0.0,-0.019859859255841144
1790,no_feedback,43,2,3,0,1,1.0,0.0,0,nan,nan,nan,0.0,-0.019859859255841144
1791,no_feedback,43,7,2,0,0,-1.0,0.0,1,1,0,0,0.0,-0.019859859255841144
1792,no_feedback,43,8,3,0,0,-1.0,0.0,1,0,1,0,0.0,-0.019859859255841144
1793,no_feedback,43,2,3,0,1,1.0,0.0,0,nan,nan,nan,0.0,-0.019859859255841144
1794,no_feedback,43,1,4,1,0,-1.0,0.0,1,1,0,0,0.0,-0.019859859255841144
1795,no_feedback,43,7,5,1,0,-1.0,0.0,1,0,1,0,0.0,-0.019859859255841144
1796,no_feedback,43,7,5,1,0,-1.0,0.0,1,0,1,0,0.0,-0.019859859255841144
1797,no_feedback,43,8,3,0,0,-1.0,0.0,1,0,1,0,0.0,-0.019859859255841144
1798,no_feedback,43,8,3,0,0,-1.0,0.0,1,0,1,0,0.0,-0.019859859255841144
1799,no_feedback,43,2,5,1,0,-1.0,0.0,1,0,1,0,0.0,-0.019859859255841144
1800,no_feedback,43,5,3,0,0,-1.0,0.0,1,0,1,0,0.0,-0.019859859255841144
1801,no_feedback,43,2,3,0,1,1.0,0.0,0,nan,nan,nan,0.0,-0.019859859255841144
1802,no_feedback,43,8,4,1,0,-1.0,0.0,1,1,0,0,0.0,-0.019859859255841144
1803,no_feedback,43,8,3,0,0,-1.0,0.0,1,0,1,0,0.0,-0.019859859255841144
1804,no_feedback,43,1,5,1,0,-1.0,0.0,1,0,1,0,0.0,-0.019859859255841144
1805,no_feedback,43,2,3,0,1,1.0,0.0,0,nan,nan,nan,0.0,-0.019859859255841144
1806,no_feedback,43,5,2,0,0,-1.0,0.0,1,1,0,0,0.0,-0.019859859255841144
1807,no_feedback,43,6,3,0,0,-1.0,0.0,1,0,1,0,0.0,-0.019859859255841144
1808,no_feedback,43,1,5,1,0,-1.0,0.0,1,0,1,0,0.0,-0.019859859255841144
1809,no_feedback,43,5,3,0,0,-1.0,0.0,1,0,1,0,0.0,-0.019859859255841144
1810,no_feedback,43,5,5,1,1,1.0,0.0,0,nan,nan,nan,0.0,-0.019859859255841144
1811,no_feedback,43,8,4,0,0,-1.0,0.0,1,1,0,0,0.0,-0.019859859255841144
1812,no_feedback,43,7,5,1,0,-1.0,0.0,1,0,1,0,0.0,-0.019859859255841144
1813,no_feedback,43,8,3,0,0,-1.0,0.0,1,0,1,0,0.0,-0.019859859255841144
1814,no_feedback,43,0,3,0,0,-1.0,0.0,1,0,1,0,0.0,-0.019859859255841144
1815,no_feedback,43,7,5,1,0,-1.0,0.0,1,0,1,0,0.0,-0.019859859255841144
1816,no_feedback,43,7,5,1,0,-1.0,0.0,1,0,1,0,0.0,-0.019859859255841144
1817,no_feedback,43,6,3,0,0,-1.0,0.0,1,0,1,0,0.0,-0.019859859255841144
1818,no_feedback,43,4,5,1,1,1.0,0.0,0,nan,nan,nan,0.0,-0.019859859255841144
1819,no_feedback,43,0,6,1,0,-1.0,0.0,1,1,0,0,0.0,-0.019859859255841144
1820,no_feedback,43,4,3,0,1,1.0,0.0,0,nan,nan,nan,0.0,-0.019859859255841144
1821,no_feedback,43,6,4,1,0,-1.0,0.0,1,1,0,0,0.0,-0.019859859255841144
1822,no_feedback,43,0,5,1,0,-1.0,0.0,1,0,1,0,0.0,-0.019859859255841144
1823,no_feedback,43,4,5,1,1,1.0,0.0,0,nan,nan,nan,0.0,-0.019859859255841144
1824,no_feedback,43,2,6,1,0,-1.0,0.0,1,1,0,0,0.0,-0.019859859255841144
1825,no_feedback,43,4,3,0,1,1.0,0.0,0,nan,nan,nan,0.0,-0.019859859255841144
1826,no_feedback,43,6,2,0,0,-1.0,0.0,1,1,0,0,0.0,-0.019859859255841144
1827,no_feedback,43,0,3,0,0,-1.0,0.0,1,0,1,0,0.0,-0.019859859255841144
1828,no_feedback,43,1,3,0,0,-1.0,0.0,1,0,1,0,0.0,-0.019859859255841144
1829,no_feedback,43,0,3,0,0,-1.0,0.0,1,0,1,0,0.0,-0.019859859255841144
1830,no_feedback,43,0,3,0,0,-1.0,0.0,1,0,1,0,0.0,-0.019859859255841144
1831,no_feedback,43,5,3,0,0,-1.0,0.0,1,0,1,0,0.0,-0.019859859255841144
1832,no_feedback,43,0,3,0,0,-1.0,0.0,1,0,1,0,0.0,-0.019859859255841144
1833,no_feedback,43,2,3,0,1,1.0,0.0,0,nan,nan,nan,0.0,-0.019859859255841144
1834,no_feedback,43,4,2,0,0,-1.0,0.0,1,1,0,0,0.0,-0.019859859255841144
1835,no_feedback,43,5,3,0,0,-1.0,0.0,1,0,1,0,0.0,-0.019859859255841144
1836,no_feedback,43,5,3,0,0,-1.0,0.0,1,0,1,0,0.0,-0.019859859255841144
1837,no_feedback,43,7,5,1,0,-1.0,0.0,1,0,1,0,0.0,-0.019859859255841144
1838,no_feedback,43,0,3,0,0,-1.0,0.0,1,0,1,0,0.0,-0.019859859255841144
1839,no_feedback,43,4,5,1,1,1.0,0.0,0,nan,nan,nan,0.0,-0.019859859255841144
1840,no_feedback,43,6,4,0,0,-1.0,0.0,1,1,0,0,0.0,-0.019859859255841144
1841,no_feedback,43,0,3,0,0,-1.0,0.0,1,0,1,0,0.0,-0.019859859255841144
1842,no_feedback,43,6,5,1,1,1.0,0.0,0,nan,nan,nan,0.0,-0.019859859255841144
1843,no_feedback,43,4,4,0,1,1.0,0.0,0,nan,nan,nan,0.0,-0.019859859255841144
1844,no_feedback,43,1,5,1,0,-1.0,0.0,1,2,0,0,0.0,-0.019859859255841144
1845,no_feedback,43,1,3,0,0,-1.0,0.0,1,0,1,0,0.0,-0.019859859255841144
1846,no_feedback,43,7,3,0,0,-1.0,0.0,1,0,1,0,0.0,-0.019859859255841144
1847,no_feedback,43,6,3,0,0,-1.0,0.0,1,0,1,0,0.0,-0.019859859255841144
1848,no_feedback,43,4,3,0,1,1.0,0.0,0,nan,nan,nan,0.0,-0.019859859255841144
1849,no_feedback,43,3,2,0,1,1.0,0.0,0,nan,nan,nan,0.0,-0.019859859255841144
1850,no_feedback,43,0,3,1,0,-1.0,0.0,1,2,0,0,0.0,-0.019859859255841144
1851,no_feedback,43,3,5,1,0,-1.0,0.0,1,0,1,0,0.0,-0.019859859255841144
1852,no_feedback,43,3,5,1,0,-1.0,0.0,1,0,1,0,0.0,-0.019859859255841144
1853,no_feedback,43,3,5,1,0,-1.0,0.0,1,0,1,0,0.0,-0.019859859255841144
1854,no_feedback,43,5,3,0,0,-1.0,0.0,1,0,1,0,0.0,-0.019859859255841144
1855,no_feedback,43,1,3,0,0,-1.0,0.0,1,0,1,0,0.0,-0.019859859255841144
1856,no_feedback,43,4,3,0,1,1.0,0.0,0,nan,nan,nan,0.0,-0.019859859255841144
1857,no_feedback,43,2,2,0,1,1.0,0.0,0,nan,nan,nan,0.0,-0.019859859255841144
1858,no_feedback,43,5,3,1,0,-1.0,0.0,1,2,0,0,0.0,-0.019859859255841144
1859,no_feedback,43,5,3,0,0,-1.0,0.0,1,0,1,0,0.0,-0.019859859255841144
1860,no_feedback,43,0,3,0,0,-1.0,0.0,1,0,1,0,0.0,-0.019859859255841144
1861,no_feedback,43,0,3,0,0,-1.0,0.0,1,0,1,0,0.0,-0.019859859255841144
1862,no_feedback,43,7,3,0,0,-1.0,0.0,1,0,1,0,0.0,-0.019859859255841144
1863,no_feedback,43,0,3,0,0,-1.0,0.0,1,0,1,0,0.0,-0.019859859255841144
1864,no_feedback,43,6,5,1,1,1.0,0.0,0,nan,nan,nan,0.0,-0.019859859255841144
1865,no_feedback,43,2,4,0,0,-1.0,0.0,1,1,0,0,0.0,-0.019859859255841144
1866,no_feedback,43,6,3,0,0,-1.0,0.0,1,0,1,0,0.0,-0.019859859255841144
1867,no_feedback,43,4,3,0,1,1.0,0.0,0,nan,nan,nan,0.0,-0.019859859255841144
1868,no_feedback,43,7,2,0,0,-1.0,0.0,1,1,0,0,0.0,-0.019859859255841144
1869,no_feedback,43,5,3,0,0,-1.0,0.0,1,0,1,0,0.0,-0.019859859255841144
1870,no_feedback,43,3,5,1,0,-1.0,0.0,1,0,1,0,0.0,-0.019859859255841144
1871,no_feedback,43,4,3,0,1,1.0,0.0,0,nan,nan,nan,0.0,-0.019859859255841144
1872,no_feedback,43,4,2,0,0,-1.0,0.0,1,1,0,0,0.0,-0.019859859255841144
1873,no_feedback,43,4,5,1,1,1.0,0.0,0,nan,nan,nan,0.0,-0.019859859255841144
1874,no_feedback,43,0,6,1,0,-1.0,0.0,1,1,0,0,0.0,-0.019859859255841144
1875,no_feedback,43,2,3,0,1,1.0,0.0,0,nan,nan,nan,0.0,-0.019859859255841144
1876,no_feedback,43,1,4,1,0,-1.0,0.0,1,1,0,0,0.0,-0.019859859255841144
1877,no_feedback,43,8,5,1,0,-1.0,0.0,1,0,1,0,0.0,-0.019859859255841144
1878,no_feedback,43,5,3,0,0,-1.0,0.0,1,0,1,0,0.0,-0.019859859255841144
1879,no_feedback,43,3,3,0,1,1.0,0.0,0,nan,nan,nan,0.0,-0.019859859255841144
1880,no_feedback,43,5,4,1,1,1.0,0.0,0,nan,nan,nan,0.0,-0.019859859255841144
1881,no_feedback,43,5,5,1,1,1.0,0.0,0,nan,nan,nan,0.0,-0.019859859255841144
1882,no_feedback,43,3,6,1,0,-1.0,0.0,1,3,0,1,0.0,-0.019859859255841144
1883,no_feedback,43,1,5,1,0,-1.0,0.0,1,0,1,0,0.0,-0.019859859255841144
1884,no_feedback,43,3,3,0,1,1.0,0.0,0,nan,nan,nan,0.0,-0.019859859255841144
1885,no_feedback,43,7,2,0,0,-1.0,0.0,1,1,0,0,0.0,-0.019859859255841144
1886,no_feedback,43,6,3,0,0,-1.0,0.0,1,0,1,0,0.0,-0.019859859255841144
1887,no_feedback,43,6,5,1,1,1.0,0.0,0,nan,nan,nan,0.0,-0.019859859255841144
1888,no_feedback,43,6,4,0,0,-1.0,0.0,1,1,0,0,0.0,-0.019859859255841144
1889,no_feedback,43,3,5,1,0,-1.0,0.0,1,0,1,0,0.0,-0.019859859255841144
1890,no_feedback,43,4,3,0,1,1.0,0.0,0,nan,nan,nan,0.0,-0.019859859255841144
1891,no_feedback,43,4,2,0,0,-1.0,0.0,1,1,0,0,0.0,-0.019859859255841144
1892,no_feedback,43,5,3,0,0,-1.0,0.0,1,0,1,0,0.0,-0.019859859255841144
1893,no_feedback,43,7,5,1,0,-1.0,0.0,1,0,1,0,0.0,-0.019859859255841144
1894,no_feedback,43,8,3,0,0,-1.0,0.0,1,0,1,0,0.0,-0.019859859255841144
1895,no_feedback,43,6,5,1,1,1.0,0.0,0,nan,nan,nan,0.0,-0.019859859255841144
1896,no_feedback,43,0,6,1,0,-1.0,0.0,1,1,0,0,0.0,-0.019859859255841144
1897,no_feedback,43,2,3,0,1,1.0,0.0,0,nan,nan,nan,0.0,-0.019859859255841144
1898,no_feedback,43,6,4,1,0,-1.0,0.0,1,1,0,0,0.0,-0.019859859255841144
1899,no_feedback,43,0,3,0,0,-1.0,0.0,1,0,1,0,0.0,-0.019859859255841144
1900,no_feedback,43,7,3,0,0,-1.0,0.0,1,0,1,0,0.0,-0.019859859255841144
1901,no_feedback,43,6,3,0,0,-1.0,0.0,1,0,1,0,0.0,-0.019859859255841144
1902,no_feedback,43,8,3,0,0,-1.0,0.0,1,0,1,0,0.0,-0.019859859255841144
1903,no_feedback,43,6,3,0,0,-1.0,0.0,1,0,1,0,0.0,-0.019859859255841144
1904,no_feedback,43,3,3,0,1,1.0,0.0,0,nan,nan,nan,0.0,-0.019859859255841144
1905,no_feedback,43,3,2,0,1,1.0,0.0,0,nan,nan,nan,0.0,-0.019859859255841144
1906,no_feedback,43,3,1,0,0,-1.0,0.0,1,2,0,0,0.0,-0.019859859255841144
1907,no_feedback,43,6,5,1,1,1.0,0.0,0,nan,nan,nan,0.0,-0.019859859255841144
1908,no_feedback,43,5,6,1,1,1.0,0.0,0,nan,nan,nan,0.0,-0.019859859255841144
1909,no_feedback,43,6,5,0,1,1.0,0.0,0,nan,nan,nan,0.0,-0.019859859255841144
1910,no_feedback,43,4,4,0,1,1.0,0.0,0,nan,nan,nan,0.0,-0.019859859255841144
1911,no_feedback,43,1,3,0,0,-1.0,0.0,1,4,0,1,0.0,-0.019859859255841144
1912,no_feedback,43,8,3,0,0,-1.0,0.0,1,0,1,0,0.0,-0.019859859255841144
1913,no_feedback,43,8,3,0,0,-1.0,0.0,1,0,1,0,0.0,-0.019859859255841144
1914,no_feedback,43,2,3,0,1,1.0,0.0,0,nan,nan,nan,0.0,-0.019859859255841144
1915,no_feedback,43,5,2,0,0,-1.0,0.0,1,1,0,0,0.0,-0.019859859255841144
1916,no_feedback,43,0,3,0,0,-1.0,0.0,1,0,1,0,0.0,-0.019859859255841144
1917,no_feedback,43,6,5,1,1,1.0,0.0,0,nan,nan,nan,0.0,-0.019859859255841144
1918,no_feedback,43,5,6,1,1,1.0,0.0,0,nan,nan,nan,0.0,-0.019859859255841144
1919,no_feedback,43,0,5,0,0,-1.0,0.0,1,2,0,0,0.0,-0.019859859255841144
1920,no_feedback,43,8,3,0,0,-1.0,0.0,1,0,1,0,0.0,-0.019859859255841144
1921,no_feedback,43,5,3,0,0,-1.0,0.0,1,0,1,0,0.0,-0.019859859255841144
1922,no_feedback,43,8,3,0,0,-1.0,0.0,1,0,1,0,0.0,-0.019859859255841144
1923,no_feedback,43,0,5,1,0,-1.0,0.0,1,0,1,0,0.0,-0.019859859255841144
1924,no_feedback,43,0,3,0,0,-1.0,0.0,1,0,1,0,0.0,-0.019859859255841144
1925,no_feedback,43,3,3,0,1,1.0,0.0,0,nan,nan,nan,0.0,-0.019859859255841144
1926,no_feedback,43,0,2,0,0,-1.0,0.0,1,1,0,0,0.0,-0.019859859255841144
1927,no_feedback,43,5,3,0,0,-1.0,0.0,1,0,1,0,0.0,-0.019859859255841144
1928,no_feedback,43,3,5,1,0,-1.0,0.0,1,0,1,0,0.0,-0.019859859255841144
1929,no_feedback,43,0,3,0,0,-1.0,0.0,1,0,1,0,0.0,-0.019859859255841144
1930,no_feedback,43,4,5,1,1,1.0,0.0,0,nan,nan,nan,0.0,-0.019859859255841144
1931,no_feedback,43,8,4,0,0,-1.0,0.0,1,1,0,0,0.0,-0.019859859255841144
1932,no_feedback,43,3,5,1,0,-1.0,0.0,1,0,1,0,0.0,-0.019859859255841144
1933,no_feedback,43,4,3,0,1,1.0,0.0,0,nan,nan,nan,0.0,-0.019859859255841144
1934,no_feedback,43,0,4,1,0,-1.0,0.0,1,1,0,0,0.0,-0.019859859255841144
1935,no_feedback,43,4,3,0,1,1.0,0.0,0,nan,nan,nan,0.0,-0.019859859255841144
1936,no_feedback,43,6,2,0,0,-1.0,0.0,1,1,0,0,0.0,-0.019859859255841144
1937,no_feedback,43,2,5,1,0,-1.0,0.0,1,0,1,0,0.0,-0.019859859255841144
1938,no_feedback,43,3,3,0,1,1.0,0.0,0,nan,nan,nan,0.0,-0.019859859255841144
1939,no_feedback,43,2,2,0,1,1.0,0.0,0,nan,nan,nan,0.0,-0.019859859255841144
1940,no_feedback,43,6,1,0,0,-1.0,0.0,1,2,0,0,0.0,-0.019859859255841144
1941,no_feedback,43,1,3,0,0,-1.0,0.0,1,0,1,0,0.0,-0.019859859255841144
1942,no_feedback,43,0,3,0,0,-1.0,0.0,1,0,1,0,0.0,-0.019859859255841144
1943,no_feedback,43,7,3,0,0,-1.0,0.0,1,0,1,0,0.0,-0.019859859255841144
1944,no_feedback,43,5,3,0,0,-1.0,0.0,1,0,1,0,0.0,-0.019859859255841144
1945,no_feedback,43,5,5,1,1,1.0,0.0,0,nan,nan,nan,0.0,-0.019859859255841144
1946,no_feedback,43,6,4,0,0,-1.0,0.0,1,1,0,0,0.0,-0.019859859255841144
1947,no_feedback,43,1,3,0,0,-1.0,0.0,1,0,1,0,0.0,-0.019859859255841144
1948,no_feedback,43,7,3,0,0,-1.0,0.0,1,0,1,0,0.0,-0.019859859255841144
1949,no_feedback,43,0,3,0,0,-1.0,0.0,1,0,1,0,0.0,-0.019859859255841144
1950,no_feedback,43,7,5,1,0,-1.0,0.0,1,0,1,0,0.0,-0.019859859255841144
1951,no_feedback,43,8,3,0,0,-1.0,0.0,1,0,1,0,0.0,-0.019859859255841144
1952,no_feedback,43,1,3,0,0,-1.0,0.0,1,0,1,0,0.0,-0.019859859255841144
1953,no_feedback,43,8,3,0,0,-1.0,0.0,1,0,1,0,0.0,-0.019859859255841144
1954,no_feedback,43,2,3,0,1,1.0,0.0,0,nan,nan,nan,0.0,-0.019859859255841144
1955,no_feedback,43,5,2,0,0,-1.0,0.0,1,1,0,0,0.0,-0.019859859255841144
1956,no_feedback,43,7,5,1,0,-1.0,0.0,1,0,1,0,0.0,-0.019859859255841144
1957,no_feedback,43,8,3,0,0,-1.0,0.0,1,0,1,0,0.0,-0.019859859255841144
1958,no_feedback,43,5,3,0,0,-1.0,0.0,1,0,1,0,0.0,-0.019859859255841144
1959,no_feedback,43,8,3,0,0,-1.0,0.0,1,0,1,0,0.0,-0.019859859255841144
1960,no_feedback,43,0,3,0,0,-1.0,0.0,1,0,1,0,0.0,-0.019859859255841144
1961,no_feedback,43,7,3,0,0,-1.0,0.0,1,0,1,0,0.0,-0.019859859255841144
1962,no_feedback,43,3,5,1,0,-1.0,0.0,1,0,1,0,0.0,-0.019859859255841144
1963,no_feedback,43,5,3,0,0,-1.0,0.0,1,0,1,0,0.0,-0.019859859255841144
1964,no_feedback,43,6,3,0,0,-1.0,0.0,1,0,1,0,0.0,-0.019859859255841144
1965,no_feedback,43,3,5,1,0,-1.0,0.0,1,0,1,0,0.0,-0.019859859255841144
1966,no_feedback,43,4,3,0,1,1.0,0.0,0,nan,nan,nan,0.0,-0.019859859255841144
1967,no_feedback,43,2,4,1,0,-1.0,0.0,1,1,0,0,0.0,-0.019859859255841144
1968,no_feedback,43,7,5,1,0,-1.0,0.0,1,0,1,0,0.0,-0.019859859255841144
1969,no_feedback,43,6,3,0,0,-1.0,0.0,1,0,1,0,0.0,-0.019859859255841144
1970,no_feedback,43,4,5,1,1,1.0,0.0,0,nan,nan,nan,0.0,-0.019859859255841144
1971,no_feedback,43,1,4,0,0,-1.0,0.0,1,1,0,0,0.0,-0.019859859255841144
1972,no_feedback,43,6,3,0,0,-1.0,0.0,1,0,1,0,0.0,-0.019859859255841144
1973,no_feedback,43,4,3,0,1,1.0,0.0,0,nan,nan,nan,0.0,-0.019859859255841144
1974,no_feedback,43,6,2,0,0,-1.0,0.0,1,1,0,0,0.0,-0.019859859255841144
1975,no_feedback,43,4,3,0,1,1.0,0.0,0,nan,nan,nan,0.0,-0.019859859255841144
1976,no_feedback,43,3,2,0,1,1.0,0.0,0,nan,nan,nan,0.0,-0.019859859255841144
1977,no_feedback,43,2,1,0,1,1.0,0.0,0,nan,nan,nan,0.0,-0.019859859255841144
1978,no_feedback,43,2,0,0,0,-1.0,0.0,1,3,0,1,0.0,-0.019859859255841144
1979,no_feedback,43,6,5,1,1,1.0,0.0,0,nan,nan,nan,0.0,-0.019859859255841144
1980,no_feedback,43,3,6,1,0,-1.0,0.0,1,1,0,0,0.0,-0.019859859255841144
1981,no_feedback,43,1,5,1,0,-1.0,0.0,1,0,1,0,0.0,-0.019859859255841144
1982,no_feedback,43,3,5,1,0,-1.0,0.0,1,0,1,0,0.0,-0.019859859255841144
1983,no_feedback,43,0,3,0,0,-1.0,0.0,1,0,1,0,0.0,-0.019859859255841144
1984,no_feedback,43,8,3,0,0,-1.0,0.0,1,0,1,0,0.0,-0.019859859255841144
1985,no_feedback,43,4,5,1,1,1.0,0.0,0,nan,nan,nan,0.0,-0.019859859255841144
1986,no_feedback,43,6,4,0,0,-1.0,0.0,1,1,0,0,0.0,-0.019859859255841144
1987,no_feedback,43,8,3,0,0,-1.0,0.0,1,0,1,0,0.0,-0.019859859255841144
1988,no_feedback,43,7,3,0,0,-1.0,0.0,1,0,1,0,0.0,-0.019859859255841144
1989,no_feedback,43,2,5,1,0,-1.0,0.0,1,0,1,0,0.0,-0.019859859255841144
1990,no_feedback,43,0,3,0,0,-1.0,0.0,1,0,1,0,0.0,-0.019859859255841144
1991,no_feedback,43,1,3,0,0,-1.0,0.0,1,0,1,0,0.0,-0.019859859255841144
1992,no_feedback,43,8,3,0,0,-1.0,0.0,1,0,1,0,0.0,-0.019859859255841144
1993,no_feedback,43,0,3,0,0,-1.0,0.0,1,0,1,0,0.0,-0.019859859255841144
1994,no_feedback,43,1,3,0,0,-1.0,0.0,1,0,1,0,0.0,-0.019859859255841144
1995,no_feedback,43,4,3,0,1,1.0,0.0,0,nan,nan,nan,0.0,-0.019859859255841144
1996,no_feedback,43,1,4,1,0,-1.0,0.0,1,1,0,0,0.0,-0.019859859255841144
1997,no_feedback,43,3,3,0,1,1.0,0.0,0,nan,nan,nan,0.0,-0.019859859255841144
1998,no_feedback,43,4,2,0,0,-1.0,0.0,1,1,0,0,0.0,-0.019859859255841144
1999,no_feedback,43,1,3,0,0,-1.0,0.0,1,0,1,0,0.0,-0.019859859255841144
2000,no_feedback,43,4,3,0,1,1.0,0.0,0,nan,nan,nan,0.0,-0.019859859255841144
2001,no_feedback,43,1,2,0,1,1.0,0.0,0,nan,nan,nan,0.0,-0.019859859255841144
2002,no_feedback,43,0,3,1,0,-1.0,0.0,1,2,0,0,0.0,-0.019859859255841144
2003,no_feedback,43,3,3,0,1,1.0,0.0,0,nan,nan,nan,0.0,-0.019859859255841144
2004,no_feedback,43,6,4,1,0,-1.0,0.0,1,1,0,0,0.0,-0.019859859255841144
2005,no_feedback,43,7,5,1,0,-1.0,0.0,1,0,1,0,0.0,-0.019859859255841144
2006,no_feedback,43,4,3,0,1,1.0,0.0,0,nan,nan,nan,0.0,-0.019859859255841144
2007,no_feedback,43,8,4,1,0,-1.0,0.0,1,1,0,0,0.0,-0.019859859255841144
2008,no_feedback,43,3,5,1,0,-1.0,0.0,1,0,1,0,0.0,-0.019859859255841144
2009,no_feedback,43,2,5,1,0,-1.0,0.0,1,0,1,0,0.0,-0.019859859255841144
2010,no_feedback,43,7,5,1,0,-1.0,0.0,1,0,1,0,0.0,-0.019859859255841144
2011,no_feedback,43,0,3,0,0,-1.0,0.0,1,0,1,0,0.0,-0.019859859255841144
2012,no_feedback,43,6,3,0,0,-1.0,0.0,1,0,1,0,0.0,-0.019859859255841144
2013,no_feedback,43,3,3,0,1,1.0,0.0,0,nan,nan,nan,0.0,-0.019859859255841144
2014,no_feedback,43,8,2,0,0,-1.0,0.0,1,1,0,0,0.0,-0.019859859255841144
2015,no_feedback,43,4,3,0,1,1.0,0.0,0,nan,nan,nan,0.0,-0.019859859255841144
2016,no_feedback,43,1,2,0,1,1.0,0.0,0,nan,nan,nan,0.0,-0.019859859255841144
2017,no_feedback,43,6,1,0,0,-1.0,0.0,1,2,0,0,0.0,-0.019859859255841144
2018,no_feedback,43,8,3,0,0,-1.0,0.0,1,0,1,0,0.0,-0.019859859255841144
2019,no_feedback,43,3,5,1,0,-1.0,0.0,1,0,1,0,0.0,-0.019859859255841144
2020,no_feedback,43,3,3,0,1,1.0,0.0,0,nan,nan,nan,0.0,-0.019859859255841144
2021,no_feedback,43,1,2,0,1,1.0,0.0,0,nan,nan,nan,0.0,-0.019859859255841144
2022,no_feedback,43,2,3,1,1,1.0,0.0,0,nan,nan,nan,0.0,-0.019859859255841144
2023,no_feedback,43,8,4,1,0,-1.0,0.0,1,3,0,1,0.0,-0.019859859255841144
2024,no_feedback,43,1,5,1,0,-1.0,0.0,1,0,1,0,0.0,-0.019859859255841144
2025,no_feedback,43,4,3,0,1,1.0,0.0,0,nan,nan,nan,0.0,-0.019859859255841144
2026,no_feedback,43,0,2,0,0,-1.0,0.0,1,1,0,0,0.0,-0.019859859255841144
2027,no_feedback,43,3,5,1,0,-1.0,0.0,1,0,1,0,0.0,-0.019859859255841144
2028,no_feedback,43,7,3,0,0,-1.0,0.0,1,0,1,0,0.0,-0.019859859255841144
2029,no_feedback,43,0,3,0,0,-1.0,0.0,1,0,1,0,0.0,-0.019859859255841144
2030,no_feedback,43,8,3,0,0,-1.0,0.0,1,0,1,0,0.0,-0.019859859255841144
2031,no_feedback,43,8,3,0,0,-1.0,0.0,1,0,1,0,0.0,-0.019859859255841144
2032,no_feedback,43,3,5,1,0,-1.0,0.0,1,0,1,0,0.0,-0.019859859255841144
2033,no_feedback,43,8,3,0,0,-1.0,0.0,1,0,1,0,0.0,-0.019859859255841144
2034,no_feedback,43,7,3,0,0,-1.0,0.0,1,0,1,0,0.0,-0.019859859255841144
2035,no_feedback,43,7,5,1,0,-1.0,0.0,1,0,1,0,0.0,-0.019859859255841144
2036,no_feedback,43,5,3,0,0,-1.0,0.0,1,0,1,0,0.0,-0.019859859255841144
2037,no_feedback,43,5,3,0,0,-1.0,0.0,1,0,1,0,0.0,-0.019859859255841144
2038,no_feedback,43,6,5,1,1,1.0,0.0,0,nan,nan,nan,0.0,-0.019859859255841144
2039,no_feedback,43,1,4,0,0,-1.0,0.0,1,1,0,0,0.0,-0.019859859255841144
2040,no_feedback,43,3,3,0,1,1.0,0.0,0,nan,nan,nan,0.0,-0.019859859255841144
2041,no_feedback,43,0,2,0,0,-1.0,0.0,1,1,0,0,0.0,-0.019859859255841144
2042,no_feedback,43,6,3,0,0,-1.0,0.0,1,0,1,0,0.0,-0.019859859255841144
2043,no_feedback,43,7,3,0,0,-1.0,0.0,1,0,1,0,0.0,-0.019859859255841144
2044,no_feedback,43,2,3,0,1,1.0,0.0,0,nan,nan,nan,0.0,-0.019859859255841144
2045,no_feedback,43,0,2,0,0,-1.0,0.0,1,1,0,0,0.0,-0.019859859255841144
2046,no_feedback,43,5,3,0,0,-1.0,0.0,1,0,1,0,0.0,-0.019859859255841144
2047,no_feedback,43,4,5,1,1,1.0,0.0,0,nan,nan,nan,0.0,-0.019859859255841144
2048,no_feedback,43,0,6,1,0,-1.0,0.0,1,1,0,0,0.0,-0.019859859255841144
2049,no_feedback,43,7,3,0,0,-1.0,0.0,1,0,1,0,0.0,-0.019859859255841144
2050,no_feedback,43,3,3,0,1,1.0,0.0,0,nan,nan,nan,0.0,-0.019859859255841144
2051,no_feedback,43,3,2,0,1,1.0,0.0,0,nan,nan,nan,0.0,-0.019859859255841144
2052,no_feedback,43,1,3,1,0,-1.0,0.0,1,2,0,0,0.0,-0.019859859255841144
2053,no_feedback,43,3,3,0,1,1.0,0.0,0,nan,nan,nan,0.0,-0.019859859255841144
2054,no_feedback,43,8,2,0,0,-1.0,0.0,1,1,0,0,0.0,-0.019859859255841144
2055,no_feedback,43,2,3,0,1,1.0,0.0,0,nan,nan,nan,0.0,-0.019859859255841144
2056,no_feedback,43,7,2,0,0,-1.0,0.0,1,1,0,0,0.0,-0.019859859255841144
2057,no_feedback,43,8,5,1,0,-1.0,0.0,1,0,1,0,0.0,-0.019859859255841144
2058,no_feedback,43,4,5,1,1,1.0,0.0,0,nan,nan,nan,0.0,-0.019859859255841144
2059,no_feedback,43,5,4,0,1,1.0,0.0,0,nan,nan,nan,0.0,-0.019859859255841144
2060,no_feedback,43,4,5,1,1,1.0,0.0,0,nan,nan,nan,0.0,-0.019859859255841144
2061,no_feedback,43,2,4,0,0,-1.0,0.0,1,3,0,1,0.0,-0.019859859255841144
2062,no_feedback,43,8,3,0,0,-1.0,0.0,1,0,1,0,0.0,-0.019859859255841144
2063,no_feedback,43,0,3,0,0,-1.0,0.0,1,0,1,0,0.0,-0.019859859255841144
2064,no_feedback,43,0,3,0,0,-1.0,0.0,1,0,1,0,0.0,-0.019859859255841144
2065,no_feedback,43,4,5,1,1,1.0,0.0,0,nan,nan,nan,0.0,-0.019859859255841144
2066,no_feedback,43,3,6,1,0,-1.0,0.0,1,1,0,0,0.0,-0.019859859255841144
2067,no_feedback,43,0,3,0,0,-1.0,0.0,1,0,1,0,0.0,-0.019859859255841144
2068,no_feedback,43,8,3,0,0,-1.0,0.0,1,0,1,0,0.0,-0.019859859255841144
2069,no_feedback,43,7,3,0,0,-1.0,0.0,1,0,1,0,0.0,-0.019859859255841144
2070,no_feedback,43,8,3,0,0,-1.0,0.0,1,0,1,0,0.0,-0.019859859255841144
2071,no_feedback,43,8,3,0,0,-1.0,0.0,1,0,1,0,0.0,-0.019859859255841144
2072,no_feedback,43,2,5,1,0,-1.0,0.0,1,0,1,0,0.0,-0.019859859255841144
2073,no_feedback,43,8,3,0,0,-1.0,0.0,1,0,1,0,0.0,-0.019859859255841144
2074,no_feedback,43,6,3,0,0,-1.0,0.0,1,0,1,0,0.0,-0.019859859255841144
2075,no_feedback,43,4,5,1,1,1.0,0.0,0,nan,nan,nan,0.0,-0.019859859255841144
2076,no_feedback,43,5,4,0,1,1.0,0.0,0,nan,nan,nan,0.0,-0.019859859255841144
2077,no_feedback,43,5,3,0,0,-1.0,0.0,1,2,0,0,0.0,-0.019859859255841144
2078,no_feedback,43,5,3,0,0,-1.0,0.0,1,0,1,0,0.0,-0.019859859255841144
2079,no_feedback,43,6,5,1,1,1.0,0.0,0,nan,nan,nan,0.0,-0.019859859255841144
2080,no_feedback,43,3,4,0,1,1.0,0.0,0,nan,nan,nan,0.0,-0.019859859255841144
2081,no_feedback,43,7,3,0,0,-1.0,0.0,1,2,0,0,0.0,-0.019859859255841144
2082,no_feedback,43,2,5,1,0,-1.0,0.0,1,0,1,0,0.0,-0.019859859255841144
2083,no_feedback,43,0,3,0,0,-1.0,0.0,1,0,1,0,0.0,-0.019859859255841144
2084,no_feedback,43,6,3,0,0,-1.0,0.0,1,0,1,0,0.0,-0.019859859255841144
2085,no_feedback,43,8,3,0,0,-1.0,0.0,1,0,1,0,0.0,-0.019859859255841144
2086,no_feedback,43,4,5,1,1,1.0,0.0,0,nan,nan,nan,0.0,-0.019859859255841144
2087,no_feedback,43,5,6,1,1,1.0,0.0,0,nan,nan,nan,0.0,-0.019859859255841144
2088,no_feedback,43,0,5,0,0,-1.0,0.0,1,2,0,0,0.0,-0.019859859255841144
2089,no_feedback,43,6,5,1,1,1.0,0.0,0,nan,nan,nan,0.0,-0.019859859255841144
2090,no_feedback,43,6,4,0,0,-1.0,0.0,1,1,0,0,0.0,-0.019859859255841144
2091,no_feedback,43,4,3,0,1,1.0,0.0,0,nan,nan,nan,0.0,-0.019859859255841144
2092,no_feedback,43,1,2,0,1,1.0,0.0,0,nan,nan,nan,0.0,-0.019859859255841144
2093,no_feedback,43,7,1,0,0,-1.0,0.0,1,2,0,0,0.0,-0.019859859255841144
2094,no_feedback,43,3,5,1,0,-1.0,0.0,1,0,1,0,0.0,-0.019859859255841144
2095,no_feedback,43,3,5,1,0,-1.0,0.0,1,0,1,0,0.0,-0.019859859255841144
2096,no_feedback,43,1,5,1,0,-1.0,0.0,1,0,1,0,0.0,-0.019859859255841144
2097,no_feedback,43,3,5,1,0,-1.0,0.0,1,0,1,0,0.0,-0.019859859255841144
2098,no_feedback,43,7,3,0,0,-1.0,0.0,1,0,1,0,0.0,-0.019859859255841144
2099,no_feedback,43,0,3,0,0,-1.0,0.0,1,0,1,0,0.0,-0.019859859255841144
2100,no_feedback,43,2,3,0,1,1.0,0.0,0,nan,nan,nan,0.0,-0.019859859255841144
2101,no_feedback,43,8,2,0,0,-1.0,0.0,1,1,0,0,0.0,-0.019859859255841144
2102,no_feedback,43,2,3,0,1,1.0,0.0,0,nan,nan,nan,0.0,-0.019859859255841144
2103,no_feedback,43,1,4,1,0,-1.0,0.0,1,1,0,0,0.0,-0.019859859255841144
2104,no_feedback,43,1,5,1,0,-1.0,0.0,1,0,1,0,0.0,-0.019859859255841144
2105,no_feedback,43,8,3,0,0,-1.0,0.0,1,0,1,0,0.0,-0.019859859255841144
2106,no_feedback,43,4,3,0,1,1.0,0.0,0,nan,nan,nan,0.0,-0.019859859255841144
2107,no_feedback,43,5,4,1,1,1.0,0.0,0,nan,nan,nan,0.0,-0.019859859255841144
2108,no_feedback,43,1,3,0,0,-1.0,0.0,1,2,0,0,0.0,-0.019859859255841144
2109,no_feedback,43,0,3,0,0,-1.0,0.0,1,0,1,0,0.0,-0.019859859255841144
2110,no_feedback,43,5,3,0,0,-1.0,0.0,1,0,1,0,0.0,-0.019859859255841144
2111,no_feedback,43,8,3,0,0,-1.0,0.0,1,0,1,0,0.0,-0.019859859255841144
2112,no_feedback,43,4,3,0,1,1.0,0.0,0,nan,nan,nan,0.0,-0.019859859255841144
2113,no_feedback,43,6,4,1,0,-1.0,0.0,1,1,0,0,0.0,-0.019859859255841144
2114,no_feedback,43,5,3,0,0,-1.0,0.0,1,0,1,0,0.0,-0.019859859255841144
2115,no_feedback,43,0,3,0,0,-1.0,0.0,1,0,1,0,0.0,-0.019859859255841144
2116,no_feedback,43,8,3,0,0,-1.0,0.0,1,0,1,0,0.0,-0.019859859255841144
2117,no_feedback,43,5,3,0,0,-1.0,0.0,1,0,1,0,0.0,-0.019859859255841144
2118,no_feedback,43,6,3,0,0,-1.0,0.0,1,0,1,0,0.0,-0.019859859255841144
2119,no_feedback,43,5,3,0,0,-1.0,0.0,1,0,1,0,0.0,-0.019859859255841144
2120,no_feedback,43,4,3,0,1,1.0,0.0,0,nan,nan,nan,0.0,-0.019859859255841144
2121,no_feedback,43,2,4,1,0,-1.0,0.0,1,1,0,0,0.0,-0.019859859255841144
2122,no_feedback,43,7,3,0,0,-1.0,0.0,1,0,1,0,0.0,-0.019859859255841144
2123,no_feedback,43,6,3,0,0,-1.0,0.0,1,0,1,0,0.0,-0.019859859255841144
2124,no_feedback,43,0,3,0,0,-1.0,0.0,1,0,1,0,0.0,-0.019859859255841144
2125,no_feedback,43,4,5,1,1,1.0,0.0,0,nan,nan,nan,0.0,-0.019859859255841144
2126,no_feedback,43,2,6,1,0,-1.0,0.0,1,1,0,0,0.0,-0.019859859255841144
2127,no_feedback,43,4,5,1,1,1.0,0.0,0,nan,nan,nan,0.0,-0.019859859255841144
2128,no_feedback,43,8,6,1,0,-1.0,0.0,1,1,0,0,0.0,-0.019859859255841144
2129,no_feedback,43,4,3,0,1,1.0,0.0,0,nan,nan,nan,0.0,-0.019859859255841144
2130,no_feedback,43,2,4,1,0,-1.0,0.0,1,1,0,0,0.0,-0.019859859255841144
2131,no_feedback,43,3,3,0,1,1.0,0.0,0,nan,nan,nan,0.0,-0.019859859255841144
2132,no_feedback,43,2,2,0,1,1.0,0.0,0,nan,nan,nan,0.0,-0.019859859255841144
2133,no_feedback,43,5,3,1,0,-1.0,0.0,1,2,0,0,0.0,-0.019859859255841144
2134,no_feedback,43,1,5,1,0,-1.0,0.0,1,0,1,0,0.0,-0.019859859255841144
2135,no_feedback,43,2,3,0,1,1.0,0.0,0,nan,nan,nan,0.0,-0.019859859255841144
2136,no_feedback,43,1,4,1,0,-1.0,0.0,1,1,0,0,0.0,-0.019859859255841144
2137,no_feedback,43,3,5,1,0,-1.0,0.0,1,0,1,0,0.0,-0.019859859255841144
2138,no_feedback,43,0,3,0,0,-1.0,0.0,1,0,1,0,0.0,-0.019859859255841144
2139,no_feedback,43,6,3,0,0,-1.0,0.0,1,0,1,0,0.0,-0.019859859255841144
2140,no_feedback,43,7,3,0,0,-1.0,0.0,1,0,1,0,0.0,-0.019859859255841144
2141,no_feedback,43,2,3,0,1,1.0,0.0,0,nan,nan,nan,0.0,-0.019859859255841144
2142,no_feedback,43,5,4,1,1,1.0,0.0,0,nan,nan,nan,0.0,-0.019859859255841144
2143,no_feedback,43,0,3,0,0,-1.0,0.0,1,2,0,0,0.0,-0.019859859255841144
2144,no_feedback,43,8,3,0,0,-1.0,0.0,1,0,1,0,0.0,-0.019859859255841144
2145,no_feedback,43,0,3,0,0,-1.0,0.0,1,0,1,0,0.0,-0.019859859255841144
2146,no_feedback,43,3,3,0,1,1.0,0.0,0,nan,nan,nan,0.0,-0.019859859255841144
2147,no_feedback,43,4,2,0,0,-1.0,0.0,1,1,0,0,0.0,-0.019859859255841144
2148,no_feedback,43,8,3,0,0,-1.0,0.0,1,0,1,0,0.0,-0.019859859255841144
2149,no_feedback,43,4,5,1,1,1.0,0.0,0,nan,nan,nan,0.0,-0.019859859255841144
2150,no_feedback,43,4,4,0,1,1.0,0.0,0,nan,nan,nan,0.0,-0.019859859255841144
2151,no_feedback,43,2,5,1,0,-1.0,0.0,1,2,0,0,0.0,-0.019859859255841144
2152,no_feedback,43,2,5,1,0,-1.0,0.0,1,0,1,0,0.0,-0.019859859255841144
2153,no_feedback,43,0,3,0,0,-1.0,0.0,1,0,1,0,0.0,-0.019859859255841144
2154,no_feedback,43,6,3,0,0,-1.0,0.0,1,0,1,0,0.0,-0.019859859255841144
2155,no_feedback,43,0,3,0,0,-1.0,0.0,1,0,1,0,0.0,-0.019859859255841144
2156,no_feedback,43,4,3,0,1,1.0,0.0,0,nan,nan,nan,0.0,-0.019859859255841144
2157,no_feedback,43,2,2,0,1,1.0,0.0,0,nan,nan,nan,0.0,-0.019859859255841144
2158,no_feedback,43,8,1,0,0,-1.0,0.0,1,2,0,0,0.0,-0.019859859255841144
2159,no_feedback,43,8,3,0,0,-1.0,0.0,1,0,1,0,0.0,-0.019859859255841144
2160,no_feedback,43,4,3,0,1,1.0,0.0,0,nan,nan,nan,0.0,-0.019859859255841144
2161,no_feedback,43,0,2,0,0,-1.0,0.0,1,1,0,0,0.0,-0.019859859255841144
2162,no_feedback,43,1,3,0,0,-1.0,0.0,1,0,1,0,0.0,-0.019859859255841144
2163,no_feedback,43,6,5,1,1,1.0,0.0,0,nan,nan,nan,0.0,-0.019859859255841144
2164,no_feedback,43,0,6,1,0,-1.0,0.0,1,1,0,0,0.0,-0.019859859255841144
2165,no_feedback,43,4,5,1,1,1.0,0.0,0,nan,nan,nan,0.0,-0.019859859255841144
2166,no_feedback,43,1,4,0,0,-1.0,0.0,1,1,0,0,0.0,-0.019859859255841144
2167,no_feedback,43,2,5,1,0,-1.0,0.0,1,0,1,0,0.0,-0.019859859255841144
2168,no_feedback,43,5,3,0,0,-1.0,0.0,1,0,1,0,0.0,-0.019859859255841144
2169,no_feedback,43,3,3,0,1,1.0,0.0,0,nan,nan,nan,0.0,-0.019859859255841144
2170,no_feedback,43,6,2,0,0,-1.0,0.0,1,1,0,0,0.0,-0.019859859255841144
2171,no_feedback,43,0,3,0,0,-1.0,0.0,1,0,1,0,0.0,-0.019859859255841144
2172,no_feedback,43,8,3,0,0,-1.0,0.0,1,0,1,0,0.0,-0.019859859255841144
2173,no_feedback,43,2,5,1,0,-1.0,0.0,1,0,1,0,0.0,-0.019859859255841144
2174,no_feedback,43,5,3,0,0,-1.0,0.0,1,0,1,0,0.0,-0.019859859255841144
2175,no_feedback,43,6,3,0,0,-1.0,0.0,1,0,1,0,0.0,-0.019859859255841144
2176,no_feedback,43,4,3,0,1,1.0,0.0,0,nan,nan,nan,0.0,-0.019859859255841144
2177,no_feedback,43,8,4,1,0,-1.0,0.0,1,1,0,0,0.0,-0.019859859255841144
2178,no_feedback,43,7,5,1,0,-1.0,0.0,1,0,1,0,0.0,-0.019859859255841144
2179,no_feedback,43,6,3,0,0,-1.0,0.0,1,0,1,0,0.0,-0.019859859255841144
2180,no_feedback,43,2,3,0,1,1.0,0.0,0,nan,nan,nan,0.0,-0.019859859255841144
2181,no_feedback,43,4,2,0,0,-1.0,0.0,1,1,0,0,0.0,-0.019859859255841144
2182,no_feedback,43,6,3,0,0,-1.0,0.0,1,0,1,0,0.0,-0.019859859255841144
2183,no_feedback,43,2,3,0,1,1.0,0.0,0,nan,nan,nan,0.0,-0.019859859255841144
2184,no_feedback,43,0,4,1,0,-1.0,0.0,1,1,0,0,0.0,-0.019859859255841144
2185,no_feedback,43,4,5,1,1,1.0,0.0,0,nan,nan,nan,0.0,-0.019859859255841144
2186,no_feedback,43,3,6,1,0,-1.0,0.0,1,1,0,0,0.0,-0.019859859255841144
2187,no_feedback,43,0,3,0,0,-1.0,0.0,1,0,1,0,0.0,-0.019859859255841144
2188,no_feedback,43,7,3,0,0,-1.0,0.0,1,0,1,0,0.0,-0.019859859255841144
2189,no_feedback,43,6,5,1,1,1.0,0.0,0,nan,nan,nan,0.0,-0.019859859255841144
2190,no_feedback,43,0,6,1,0,-1.0,0.0,1,1,0,0,0.0,-0.019859859255841144
2191,no_feedback,43,7,5,1,0,-1.0,0.0,1,0,1,0,0.0,-0.019859859255841144
2192,no_feedback,43,7,3,0,0,-1.0,0.0,1,0,1,0,0.0,-0.019859859255841144
2193,no_feedback,43,6,3,0,0,-1.0,0.0,1,0,1,0,0.0,-0.019859859255841144
2194,no_feedback,43,6,3,0,0,-1.0,0.0,1,0,1,0,0.0,-0.019859859255841144
2195,no_feedback,43,2,5,1,0,-1.0,0.0,1,0,1,0,0.0,-0.019859859255841144
2196,no_feedback,43,8,3,0,0,-1.0,0.0,1,0,1,0,0.0,-0.019859859255841144
2197,no_feedback,43,5,3,0,0,-1.0,0.0,1,0,1,0,0.0,-0.019859859255841144
2198,no_feedback,43,8,3,0,0,-1.0,0.0,1,0,1,0,0.0,-0.019859859255841144
2199,no_feedback,43,8,3,0,0,-1.0,0.0,1,0,1,0,0.0,-0.019859859255841144
2200,no_feedback,43,0,3,0,0,-1.0,0.0,1,0,1,0,0.0,-0.019859859255841144
2201,no_feedback,43,1,3,0,0,-1.0,0.0,1,0,1,0,0.0,-0.019859859255841144
2202,no_feedback,43,4,3,0,1,1.0,0.0,0,nan,nan,nan,0.0,-0.019859859255841144
2203,no_feedback,43,1,4,1,0,-1.0,0.0,1,1,0,0,0.0,-0.019859859255841144
2204,no_feedback,43,1,5,1,0,-1.0,0.0,1,0,1,0,0.0,-0.019859859255841144
2205,no_feedback,43,3,5,1,0,-1.0,0.0,1,0,1,0,0.0,-0.019859859255841144
2206,no_feedback,43,7,5,1,0,-1.0,0.0,1,0,1,0,0.0,-0.019859859255841144
2207,no_feedback,43,2,3,0,1,1.0,0.0,0,nan,nan,nan,0.0,-0.019859859255841144
2208,no_feedback,43,8,4,1,0,-1.0,0.0,1,1,0,0,0.0,-0.019859859255841144
2209,no_feedback,43,1,3,0,0,-1.0,0.0,1,0,1,0,0.0,-0.019859859255841144
2210,no_feedback,43,2,5,1,0,-1.0,0.0,1,0,1,0,0.0,-0.019859859255841144
2211,no_feedback,43,2,3,0,1,1.0,0.0,0,nan,nan,nan,0.0,-0.019859859255841144
2212,no_feedback,43,3,2,0,1,1.0,0.0,0,nan,nan,nan,0.0,-0.019859859255841144
2213,no_feedback,43,3,1,0,0,-1.0,0.0,1,2,0,0,0.0,-0.019859859255841144
2214,no_feedback,43,6,3,0,0,-1.0,0.0,1,0,1,0,0.0,-0.019859859255841144
2215,no_feedback,43,4,5,1,1,1.0,0.0,0,nan,nan,nan,0.0,-0.019859859255841144
2216,no_feedback,43,3,6,1,0,-1.0,0.0,1,1,0,0,0.0,-0.019859859255841144
2217,no_feedback,43,0,3,0,0,-1.0,0.0,1,0,1,0,0.0,-0.019859859255841144
2218,no_feedback,43,0,3,0,0,-1.0,0.0,1,0,1,0,0.0,-0.019859859255841144
2219,no_feedback,43,8,3,0,0,-1.0,0.0,1,0,1,0,0.0,-0.019859859255841144
2220,no_feedback,43,1,5,1,0,-1.0,0.0,1,0,1,0,0.0,-0.019859859255841144
2221,no_feedback,43,6,3,0,0,-1.0,0.0,1,0,1,0,0.0,-0.019859859255841144
2222,no_feedback,43,4,5,1,1,1.0,0.0,0,nan,nan,nan,0.0,-0.019859859255841144
2223,no_feedback,43,1,4,0,0,-1.0,0.0,1,1,0,0,0.0,-0.019859859255841144
2224,no_feedback,43,3,3,0,1,1.0,0.0,0,nan,nan,nan,0.0,-0.019859859255841144
2225,no_feedback,43,7,2,0,0,-1.0,0.0,1,1,0,0,0.0,-0.019859859255841144
2226,no_feedback,43,3,3,0,1,1.0,0.0,0,nan,nan,nan,0.0,-0.019859859255841144
2227,no_feedback,43,5,4,1,1,1.0,0.0,0,nan,nan,nan,0.0,-0.019859859255841144
2228,no_feedback,43,7,3,0,0,-1.0,0.0,1,2,0,0,0.0,-0.019859859255841144
2229,no_feedback,43,7,5,1,0,-1.0,0.0,1,0,1,0,0.0,-0.019859859255841144
2230,no_feedback,43,0,3,0,0,-1.0,0.0,1,0,1,0,0.0,-0.019859859255841144
2231,no_feedback,43,5,3,0,0,-1.0,0.0,1,0,1,0,0.0,-0.019859859255841144
2232,no_feedback,43,1,3,0,0,-1.0,0.0,1,0,1,0,0.0,-0.019859859255841144
2233,no_feedback,43,5,3,0,0,-1.0,0.0,1,0,1,0,0.0,-0.019859859255841144
2234,no_feedback,43,6,5,1,1,1.0,0.0,0,nan,nan,nan,0.0,-0.019859859255841144
2235,no_feedback,43,0,6,1,0,-1.0,0.0,1,1,0,0,0.0,-0.019859859255841144
2236,no_feedback,43,6,5,1,1,1.0,0.0,0,nan,nan,nan,0.0,-0.019859859255841144
2237,no_feedback,43,3,6,1,0,-1.0,0.0,1,1,0,0,0.0,-0.019859859255841144
2238,no_feedback,43,5,3,0,0,-1.0,0.0,1,0,1,0,0.0,-0.019859859255841144
2239,no_feedback,43,8,3,0,0,-1.0,0.0,1,0,1,0,0.0,-0.019859859255841144
2240,no_feedback,43,6,3,0,0,-1.0,0.0,1,0,1,0,0.0,-0.019859859255841144
2241,no_feedback,43,5,3,0,0,-1.0,0.0,1,0,1,0,0.0,-0.019859859255841144
2242,no_feedback,43,1,3,0,0,-1.0,0.0,1,0,1,0,0.0,-0.019859859255841144
2243,no_feedback,43,0,3,0,0,-1.0,0.0,1,0,1,0,0.0,-0.019859859255841144
2244,no_feedback,43,8,3,0,0,-1.0,0.0,1,0,1,0,0.0,-0.019859859255841144
2245,no_feedback,43,1,5,1,0,-1.0,0.0,1,0,1,0,0.0,-0.019859859255841144
2246,no_feedback,43,6,3,0,0,-1.0,0.0,1,0,1,0,0.0,-0.019859859255841144
2247,no_feedback,43,4,5,1,1,1.0,0.0,0,nan,nan,nan,0.0,-0.019859859255841144
2248,no_feedback,43,0,6,1,0,-1.0,0.0,1,1,0,0,0.0,-0.019859859255841144
2249,no_feedback,43,8,3,0,0,-1.0,0.0,1,0,1,0,0.0,-0.019859859255841144
2250,no_feedback,43,8,3,0,0,-1.0,0.0,1,0,1,0,0.0,-0.019859859255841144
2251,no_feedback,43,1,5,1,0,-1.0,0.0,1,0,1,0,0.0,-0.019859859255841144
2252,no_feedback,43,4,3,0,1,1.0,0.0,0,nan,nan,nan,0.0,-0.019859859255841144
2253,no_feedback,43,7,2,0,0,-1.0,0.0,1,1,0,0,0.0,-0.019859859255841144
2254,no_feedback,43,5,3,0,0,-1.0,0.0,1,0,1,0,0.0,-0.019859859255841144
2255,no_feedback,43,4,5,1,1,1.0,0.0,0,nan,nan,nan,0.0,-0.019859859255841144
2256,no_feedback,43,2,4,0,0,-1.0,0.0,1,1,0,0,0.0,-0.019859859255841144
2257,no_feedback,43,4,5,1,1,1.0,0.0,0,nan,nan,nan,0.0,-0.019859859255841144
2258,no_feedback,43,0,6,1,0,-1.0,0.0,1,1,0,0,0.0,-0.019859859255841144
2259,no_feedback,43,6,3,0,0,-1.0,0.0,1,0,1,0,0.0,-0.019859859255841144
2260,no_feedback,43,1,3,0,0,-1.0,0.0,1,0,1,0,0.0,-0.019859859255841144
2261,no_feedback,43,2,5,1,0,-1.0,0.0,1,0,1,0,0.0,-0.019859859255841144
2262,no_feedback,43,5,3,0,0,-1.0,0.0,1,0,1,0,0.0,-0.019859859255841144
2263,no_feedback,43,6,3,0,0,-1.0,0.0,1,0,1,0,0.0,-0.019859859255841144
2264,no_feedback,43,6,5,1,1,1.0,0.0,0,nan,nan,nan,0.0,-0.019859859255841144
2265,no_feedback,43,1,4,0,0,-1.0,0.0,1,1,0,0,0.0,-0.019859859255841144
2266,no_feedback,43,6,5,1,1,1.0,0.0,0,nan,nan,nan,0.0,-0.019859859255841144
2267,no_feedback,43,1,4,0,0,-1.0,0.0,1,1,0,0,0.0,-0.019859859255841144
2268,no_feedback,43,3,3,0,1,1.0,0.0,0,nan,nan,nan,0.0,-0.019859859255841144
2269,no_feedback,43,0,2,0,0,-1.0,0.0,1,1,0,0,0.0,-0.019859859255841144
2270,no_feedback,43,6,5,1,1,1.0,0.0,0,nan,nan,nan,0.0,-0.019859859255841144
2271,no_feedback,43,6,4,0,0,-1.0,0.0,1,1,0,0,0.0,-0.019859859255841144
2272,no_feedback,43,3,5,1,0,-1.0,0.0,1,0,1,0,0.0,-0.019859859255841144
2273,no_feedback,43,8,3,0,0,-1.0,0.0,1,0,1,0,0.0,-0.019859859255841144
2274,no_feedback,43,1,3,0,0,-1.0,0.0,1,0,1,0,0.0,-0.019859859255841144
2275,no_feedback,43,0,3,0,0,-1.0,0.0,1,0,1,0,0.0,-0.019859859255841144
2276,no_feedback,43,3,5,1,0,-1.0,0.0,1,0,1,0,0.0,-0.019859859255841144
2277,no_feedback,43,1,3,0,0,-1.0,0.0,1,0,1,0,0.0,-0.019859859255841144
2278,no_feedback,43,7,5,1,0,-1.0,0.0,1,0,1,0,0.0,-0.019859859255841144
2279,no_feedback,43,2,5,1,0,-1.0,0.0,1,0,1,0,0.0,-0.019859859255841144
2280,no_feedback,43,2,3,0,1,1.0,0.0,0,nan,nan,nan,0.0,-0.019859859255841144
2281,no_feedback,43,0,2,0,0,-1.0,0.0,1,1,0,0,0.0,-0.019859859255841144
2282,no_feedback,43,0,3,0,0,-1.0,0.0,1,0,1,0,0.0,-0.019859859255841144
2283,no_feedback,43,0,3,0,0,-1.0,0.0,1,0,1,0,0.0,-0.019859859255841144
2284,no_feedback,43,6,5,1,1,1.0,0.0,0,nan,nan,nan,0.0,-0.019859859255841144
2285,no_feedback,43,5,4,0,1,1.0,0.0,0,nan,nan,nan,0.0,-0.019859859255841144
2286,no_feedback,43,8,3,0,0,-1.0,0.0,1,2,0,0,0.0,-0.019859859255841144
2287,no_feedback,43,7,3,0,0,-1.0,0.0,1,0,1,0,0.0,-0.019859859255841144
2288,no_feedback,43,8,3,0,0,-1.0,0.0,1,0,1,0,0.0,-0.019859859255841144
2289,no_feedback,43,4,5,1,1,1.0,0.0,0,nan,nan,nan,0.0,-0.019859859255841144
2290,no_feedback,43,8,6,1,0,-1.0,0.0,1,1,0,0,0.0,-0.019859859255841144
2291,no_feedback,43,3,5,1,0,-1.0,0.0,1,0,1,0,0.0,-0.019859859255841144
2292,no_feedback,43,0,3,0,0,-1.0,0.0,1,0,1,0,0.0,-0.019859859255841144
2293,no_feedback,43,3,5,1,0,-1.0,0.0,1,0,1,0,0.0,-0.019859859255841144
2294,no_feedback,43,1,5,1,0,-1.0,0.0,1,0,1,0,0.0,-0.019859859255841144
2295,no_feedback,43,7,3,0,0,-1.0,0.0,1,0,1,0,0.0,-0.019859859255841144
2296,no_feedback,43,6,5,1,1,1.0,0.0,0,nan,nan,nan,0.0,-0.019859859255841144
2297,no_feedback,43,6,4,0,0,-1.0,0.0,1,1,0,0,0.0,-0.019859859255841144
2298,no_feedback,43,8,3,0,0,-1.0,0.0,1,0,1,0,0.0,-0.019859859255841144
2299,no_feedback,43,6,3,0,0,-1.0,0.0,1,0,1,0,0.0,-0.019859859255841144
2300,no_feedback,43,2,3,0,1,1.0,0.0,0,nan,nan,nan,0.0,-0.019859859255841144
2301,no_feedback,43,0,4,1,0,-1.0,0.0,1,1,0,0,0.0,-0.019859859255841144
2302,no_feedback,43,2,5,1,0,-1.0,0.0,1,0,1,0,0.0,-0.019859859255841144
2303,no_feedback,43,5,3,0,0,-1.0,0.0,1,0,1,0,0.0,-0.019859859255841144
2304,no_feedback,43,4,3,0,1,1.0,0.0,0,nan,nan,nan,0.0,-0.019859859255841144
2305,no_feedback,43,1,4,1,0,-1.0,0.0,1,1,0,0,0.0,-0.019859859255841144
2306,no_feedback,43,8,3,0,0,-1.0,0.0,1,0,1,0,0.0,-0.019859859255841144
2307,no_feedback,43,5,5,1,1,1.0,0.0,0,nan,nan,nan,0.0,-0.019859859255841144
2308,no_feedback,43,7,4,0,0,-1.0,0.0,1,1,0,0,0.0,-0.019859859255841144
2309,no_feedback,43,6,5,1,1,1.0,0.0,0,nan,nan,nan,0.0,-0.019859859255841144
2310,no_feedback,43,4,6,1,0,-1.0,0.0,1,1,0,0,0.0,-0.019859859255841144
2311,no_feedback,43,8,3,0,0,-1.0,0.0,1,0,1,0,0.0,-0.019859859255841144
2312,no_feedback,43,2,3,0,1,1.0,0.0,0,nan,nan,nan,0.0,-0.019859859255841144
2313,no_feedback,43,6,2,0,0,-1.0,0.0,1,1,0,0,0.0,-0.019859859255841144
2314,no_feedback,43,5,3,0,0,-1.0,0.0,1,0,1,0,0.0,-0.019859859255841144
2315,no_feedback,43,1,3,0,0,-1.0,0.0,1,0,1,0,0.0,-0.019859859255841144
2316,no_feedback,43,4,5,1,1,1.0,0.0,0,nan,nan,nan,0.0,-0.019859859255841144
2317,no_feedback,43,1,4,0,0,-1.0,0.0,1,1,0,0,0.0,-0.019859859255841144
2318,no_feedback,43,6,5,1,1,1.0,0.0,0,nan,nan,nan,0.0,-0.019859859255841144
2319,no_feedback,43,8,6,1,0,-1.0,0.0,1,1,0,0,0.0,-0.019859859255841144
2320,no_feedback,43,3,3,0,1,1.0,0.0,0,nan,nan,nan,0.0,-0.019859859255841144
2321,no_feedback,43,7,2,0,0,-1.0,0.0,1,1,0,0,0.0,-0.019859859255841144
2322,no_feedback,43,6,5,1,1,1.0,0.0,0,nan,nan,nan,0.0,-0.019859859255841144
2323,no_feedback,43,6,4,0,0,-1.0,0.0,1,1,0,0,0.0,-0.019859859255841144
2324,no_feedback,43,0,3,0,0,-1.0,0.0,1,0,1,0,0.0,-0.019859859255841144
2325,no_feedback,43,6,3,0,0,-1.0,0.0,1,0,1,0,0.0,-0.019859859255841144
2326,no_feedback,43,0,3,0,0,-1.0,0.0,1,0,1,0,0.0,-0.019859859255841144
2327,no_feedback,43,5,3,0,0,-1.0,0.0,1,0,1,0,0.0,-0.019859859255841144
2328,no_feedback,43,6,3,0,0,-1.0,0.0,1,0,1,0,0.0,-0.019859859255841144
2329,no_feedback,43,2,5,1,0,-1.0,0.0,1,0,1,0,0.0,-0.019859859255841144
2330,no_feedback,43,0,3,0,0,-1.0,0.0,1,0,1,0,0.0,-0.019859859255841144
2331,no_feedback,43,7,3,0,0,-1.0,0.0,1,0,1,0,0.0,-0.019859859255841144
2332,no_feedback,43,2,3,0,1,1.0,0.0,0,nan,nan,nan,0.0,-0.019859859255841144
2333,no_feedback,43,8,2,0,0,-1.0,0.0,1,1,0,0,0.0,-0.019859859255841144
2334,no_feedback,43,8,3,0,0,-1.0,0.0,1,0,1,0,0.0,-0.019859859255841144
2335,no_feedback,43,5,3,0,0,-1.0,0.0,1,0,1,0,0.0,-0.019859859255841144
2336,no_feedback,43,6,5,1,1,1.0,0.0,0,nan,nan,nan,0.0,-0.019859859255841144
2337,no_feedback,43,6,4,0,0,-1.0,0.0,1,1,0,0,0.0,-0.019859859255841144
2338,no_feedback,43,6,5,1,1,1.0,0.0,0,nan,nan,nan,0.0,-0.019859859255841144
2339,no_feedback,43,8,4,0,0,-1.0,0.0,1,1,0,0,0.0,-0.019859859255841144
2340,no_feedback,43,1,3,0,0,-1.0,0.0,1,0,1,0,0.0,-0.019859859255841144
2341,no_feedback,43,2,5,1,0,-1.0,0.0,1,0,1,0,0.0,-0.019859859255841144
2342,no_feedback,43,5,3,0,0,-1.0,0.0,1,0,1,0,0.0,-0.019859859255841144
2343,no_feedback,43,7,3,0,0,-1.0,0.0,1,0,1,0,0.0,-0.019859859255841144
2344,no_feedback,43,4,5,1,1,1.0,0.0,0,nan,nan,nan,0.0,-0.019859859255841144
2345,no_feedback,43,0,6,1,0,-1.0,0.0,1,1,0,0,0.0,-0.019859859255841144
2346,no_feedback,43,0,3,0,0,-1.0,0.0,1,0,1,0,0.0,-0.019859859255841144
2347,no_feedback,43,6,3,0,0,-1.0,0.0,1,0,1,0,0.0,-0.019859859255841144
2348,no_feedback,43,6,3,0,0,-1.0,0.0,1,0,1,0,0.0,-0.019859859255841144
2349,no_feedback,43,3,5,1,0,-1.0,0.0,1,0,1,0,0.0,-0.019859859255841144
2350,no_feedback,43,8,3,0,0,-1.0,0.0,1,0,1,0,0.0,-0.019859859255841144
2351,no_feedback,43,4,5,1,1,1.0,0.0,0,nan,nan,nan,0.0,-0.019859859255841144
2352,no_feedback,43,1,4,0,0,-1.0,0.0,1,1,0,0,0.0,-0.019859859255841144
2353,no_feedback,43,8,3,0,0,-1.0,0.0,1,0,1,0,0.0,-0.019859859255841144
2354,no_feedback,43,4,5,1,1,1.0,0.0,0,nan,nan,nan,0.0,-0.019859859255841144
2355,no_feedback,43,1,4,0,0,-1.0,0.0,1,1,0,0,0.0,-0.019859859255841144
2356,no_feedback,43,8,3,0,0,-1.0,0.0,1,0,1,0,0.0,-0.019859859255841144
2357,no_feedback,43,7,5,1,0,-1.0,0.0,1,0,1,0,0.0,-0.019859859255841144
2358,no_feedback,43,1,3,0,0,-1.0,0.0,1,0,1,0,0.0,-0.019859859255841144
2359,no_feedback,43,5,3,0,0,-1.0,0.0,1,0,1,0,0.0,-0.019859859255841144
2360,no_feedback,43,5,3,0,0,-1.0,0.0,1,0,1,0,0.0,-0.019859859255841144
2361,no_feedback,43,3,5,1,0,-1.0,0.0,1,0,1,0,0.0,-0.019859859255841144
2362,no_feedback,43,8,3,0,0,-1.0,0.0,1,0,1,0,0.0,-0.019859859255841144
2363,no_feedback,43,7,3,0,0,-1.0,0.0,1,0,1,0,0.0,-0.019859859255841144
2364,no_feedback,43,3,5,1,0,-1.0,0.0,1,0,1,0,0.0,-0.019859859255841144
2365,no_feedback,43,3,5,1,0,-1.0,0.0,1,0,1,0,0.0,-0.019859859255841144
2366,no_feedback,43,8,3,0,0,-1.0,0.0,1,0,1,0,0.0,-0.019859859255841144
2367,no_feedback,43,6,5,1,1,1.0,0.0,0,nan,nan,nan,0.0,-0.019859859255841144
2368,no_feedback,43,8,4,0,0,-1.0,0.0,1,1,0,0,0.0,-0.019859859255841144
2369,no_feedback,43,3,3,0,1,1.0,0.0,0,nan,nan,nan,0.0,-0.019859859255841144
2370,no_feedback,43,4,2,0,0,-1.0,0.0,1,1,0,0,0.0,-0.019859859255841144
2371,no_feedback,43,7,3,0,0,-1.0,0.0,1,0,1,0,0.0,-0.019859859255841144
2372,no_feedback,43,0,3,0,0,-1.0,0.0,1,0,1,0,0.0,-0.019859859255841144
2373,no_feedback,43,0,3,0,0,-1.0,0.0,1,0,1,0,0.0,-0.019859859255841144
2374,no_feedback,43,1,5,1,0,-1.0,0.0,1,0,1,0,0.0,-0.019859859255841144
2375,no_feedback,43,7,5,1,0,-1.0,0.0,1,0,1,0,0.0,-0.019859859255841144
2376,no_feedback,43,7,5,1,0,-1.0,0.0,1,0,1,0,0.0,-0.019859859255841144
2377,no_feedback,43,3,5,1,0,-1.0,0.0,1,0,1,0,0.0,-0.019859859255841144
2378,no_feedback,43,3,3,0,1,1.0,0.0,0,nan,nan,nan,0.0,-0.019859859255841144
2379,no_feedback,43,0,2,0,0,-1.0,0.0,1,1,0,0,0.0,-0.019859859255841144
2380,no_feedback,43,0,3,0,0,-1.0,0.0,1,0,1,0,0.0,-0.019859859255841144
2381,no_feedback,43,0,3,0,0,-1.0,0.0,1,0,1,0,0.0,-0.019859859255841144
2382,no_feedback,43,7,5,1,0,-1.0,0.0,1,0,1,0,0.0,-0.019859859255841144
2383,no_feedback,43,6,5,1,1,1.0,0.0,0,nan,nan,nan,0.0,-0.019859859255841144
2384,no_feedback,43,0,6,1,0,-1.0,0.0,1,1,0,0,0.0,-0.019859859255841144
2385,no_feedback,43,6,3,0,0,-1.0,0.0,1,0,1,0,0.0,-0.019859859255841144
2386,no_feedback,43,1,3,0,0,-1.0,0.0,1,0,1,0,0.0,-0.019859859255841144
2387,no_feedback,43,1,5,1,0,-1.0,0.0,1,0,1,0,0.0,-0.019859859255841144
2388,no_feedback,43,5,3,0,0,-1.0,0.0,1,0,1,0,0.0,-0.019859859255841144
2389,no_feedback,43,4,3,0,1,1.0,0.0,0,nan,nan,nan,0.0,-0.019859859255841144
2390,no_feedback,43,5,2,0,0,-1.0,0.0,1,1,0,0,0.0,-0.019859859255841144
2391,no_feedback,43,0,3,0,0,-1.0,0.0,1,0,1,0,0.0,-0.019859859255841144
2392,no_feedback,43,6,3,0,0,-1.0,0.0,1,0,1,0,0.0,-0.019859859255841144
2393,no_feedback,43,6,3,0,0,-1.0,0.0,1,0,1,0,0.0,-0.019859859255841144
2394,no_feedback,43,6,3,0,0,-1.0,0.0,1,0,1,0,0.0,-0.019859859255841144
2395,no_feedback,43,5,3,0,0,-1.0,0.0,1,0,1,0,0.0,-0.019859859255841144
2396,no_feedback,43,3,3,0,1,1.0,0.0,0,nan,nan,nan,0.0,-0.019859859255841144
2397,no_feedback,43,4,2,0,0,-1.0,0.0,1,1,0,0,0.0,-0.019859859255841144
2398,no_feedback,43,1,3,0,0,-1.0,0.0,1,0,1,0,0.0,-0.019859859255841144
2399,no_feedback,43,7,3,0,0,-1.0,0.0,1,0,1,0,0.0,-0.019859859255841144
2400,no_feedback,43,6,3,0,0,-1.0,0.0,1,0,1,0,0.0,-0.019859859255841144
2401,no_feedback,43,2,3,0,1,1.0,0.0,0,nan,nan,nan,0.0,-0.019859859255841144
2402,no_feedback,43,8,4,1,0,-1.0,0.0,1,1,0,0,0.0,-0.019859859255841144
2403,no_feedback,43,1,5,1,0,-1.0,0.0,1,0,1,0,0.0,-0.019859859255841144
2404,no_feedback,43,8,3,0,0,-1.0,0.0,1,0,1,0,0.0,-0.019859859255841144
2405,no_feedback,43,4,3,0,1,1.0,0.0,0,nan,nan,nan,0.0,-0.019859859255841144
2406,no_feedback,43,0,2,0,0,-1.0,0.0,1,1,0,0,0.0,-0.019859859255841144
2407,no_feedback,43,1,5,1,0,-1.0,0.0,1,0,1,0,0.0,-0.019859859255841144
2408,no_feedback,43,6,5,1,1,1.0,0.0,0,nan,nan,nan,0.0,-0.019859859255841144
2409,no_feedback,43,5,6,1,1,1.0,0.0,0,nan,nan,nan,0.0,-0.019859859255841144
2410,no_feedback,43,3,7,1,0,-1.0,0.0,1,2,0,0,0.0,-0.019859859255841144
2411,no_feedback,43,5,3,0,0,-1.0,0.0,1,0,1,0,0.0,-0.019859859255841144
2412,no_feedback,43,5,3,0,0,-1.0,0.0,1,0,1,0,0.0,-0.019859859255841144
2413,no_feedback,43,3,3,0,1,1.0,0.0,0,nan,nan,nan,0.0,-0.019859859255841144
2414,no_feedback,43,8,2,0,0,-1.0,0.0,1,1,0,0,0.0,-0.019859859255841144
2415,no_feedback,43,3,5,1,0,-1.0,0.0,1,0,1,0,0.0,-0.019859859255841144
2416,no_feedback,43,4,3,0,1,1.0,0.0,0,nan,nan,nan,0.0,-0.019859859255841144
2417,no_feedback,43,8,4,1,0,-1.0,0.0,1,1,0,0,0.0,-0.019859859255841144
2418,no_feedback,43,8,3,0,0,-1.0,0.0,1,0,1,0,0.0,-0.019859859255841144
2419,no_feedback,43,7,3,0,0,-1.0,0.0,1,0,1,0,0.0,-0.019859859255841144
2420,no_feedback,43,6,5,1,1,1.0,0.0,0,nan,nan,nan,0.0,-0.019859859255841144
2421,no_feedback,43,8,6,1,0,-1.0,0.0,1,1,0,0,0.0,-0.019859859255841144
2422,no_feedback,43,6,3,0,0,-1.0,0.0,1,0,1,0,0.0,-0.019859859255841144
2423,no_feedback,43,3,5,1,0,-1.0,0.0,1,0,1,0,0.0,-0.019859859255841144
2424,no_feedback,43,5,3,0,0,-1.0,0.0,1,0,1,0,0.0,-0.019859859255841144
2425,no_feedback,43,8,3,0,0,-1.0,0.0,1,0,1,0,0.0,-0.019859859255841144
2426,no_feedback,43,8,3,0,0,-1.0,0.0,1,0,1,0,0.0,-0.019859859255841144
2427,no_feedback,43,4,3,0,1,1.0,0.0,0,nan,nan,nan,0.0,-0.019859859255841144
2428,no_feedback,43,0,4,1,0,-1.0,0.0,1,1,0,0,0.0,-0.019859859255841144
2429,no_feedback,43,8,3,0,0,-1.0,0.0,1,0,1,0,0.0,-0.019859859255841144
2430,no_feedback,43,4,5,1,1,1.0,0.0,0,nan,nan,nan,0.0,-0.019859859255841144
2431,no_feedback,43,0,6,1,0,-1.0,0.0,1,1,0,0,0.0,-0.019859859255841144
2432,no_feedback,43,6,5,1,1,1.0,0.0,0,nan,nan,nan,0.0,-0.019859859255841144
2433,no_feedback,43,2,6,1,0,-1.0,0.0,1,1,0,0,0.0,-0.019859859255841144
2434,no_feedback,43,1,3,0,0,-1.0,0.0,1,0,1,0,0.0,-0.019859859255841144
2435,no_feedback,43,4,3,0,1,1.0,0.0,0,nan,nan,nan,0.0,-0.019859859255841144
2436,no_feedback,43,0,4,1,0,-1.0,0.0,1,1,0,0,0.0,-0.019859859255841144
2437,no_feedback,43,3,3,0,1,1.0,0.0,0,nan,nan,nan,0.0,-0.019859859255841144
2438,no_feedback,43,7,2,0,0,-1.0,0.0,1,1,0,0,0.0,-0.019859859255841144
2439,no_feedback,43,3,5,1,0,-1.0,0.0,1,0,1,0,0.0,-0.019859859255841144
2440,no_feedback,43,8,3,0,0,-1.0,0.0,1,0,1,0,0.0,-0.019859859255841144
2441,no_feedback,43,7,5,1,0,-1.0,0.0,1,0,1,0,0.0,-0.019859859255841144
2442,no_feedback,43,1,3,0,0,-1.0,0.0,1,0,1,0,0.0,-0.019859859255841144
2443,no_feedback,43,4,5,1,1,1.0,0.0,0,nan,nan,nan,0.0,-0.019859859255841144
2444,no_feedback,43,7,6,1,1,1.0,0.0,0,nan,nan,nan,0.0,-0.019859859255841144
2445,no_feedback,43,2,5,0,0,-1.0,0.0,1,2,0,0,0.0,-0.019859859255841144
2446,no_feedback,43,7,3,0,0,-1.0,0.0,1,0,1,0,0.0,-0.019859859255841144
2447,no_feedback,43,0,3,0,0,-1.0,0.0,1,0,1,0,0.0,-0.019859859255841144
2448,no_feedback,43,4,5,1,1,1.0,0.0,0,nan,nan,nan,0.0,-0.019859859255841144
2449,no_feedback,43,1,6,1,0,-1.0,0.0,1,1,0,0,0.0,-0.019859859255841144
2450,no_feedback,43,5,3,0,0,-1.0,0.0,1,0,1,0,0.0,-0.019859859255841144
2451,no_feedback,43,2,3,0,1,1.0,0.0,0,nan,nan,nan,0.0,-0.019859859255841144
2452,no_feedback,43,0,2,0,0,-1.0,0.0,1,1,0,0,0.0,-0.019859859255841144
2453,no_feedback,43,4,5,1,1,1.0,0.0,0,nan,nan,nan,0.0,-0.019859859255841144
2454,no_feedback,43,2,4,0,0,-1.0,0.0,1,1,0,0,0.0,-0.019859859255841144
2455,no_feedback,43,6,3,0,0,-1.0,0.0,1,0,1,0,0.0,-0.019859859255841144
2456,no_feedback,43,8,3,0,0,-1.0,0.0,1,0,1,0,0.0,-0.019859859255841144
2457,no_feedback,43,7,3,0,0,-1.0,0.0,1,0,1,0,0.0,-0.019859859255841144
2458,no_feedback,43,2,3,0,1,1.0,0.0,0,nan,nan,nan,0.0,-0.019859859255841144
2459,no_feedback,43,5,4,1,1,1.0,0.0,0,nan,nan,nan,0.0,-0.019859859255841144
2460,no_feedback,43,1,3,0,0,-1.0,0.0,1,2,0,0,0.0,-0.019859859255841144
2461,no_feedback,43,4,3,0,1,1.0,0.0,0,nan,nan,nan,0.0,-0.019859859255841144
2462,no_feedback,43,1,2,0,1,1.0,0.0,0,nan,nan,nan,0.0,-0.019859859255841144
2463,no_feedback,43,4,3,1,1,1.0,0.0,0,nan,nan,nan,0.0,-0.019859859255841144
2464,no_feedback,43,0,4,1,0,-1.0,0.0,1,3,0,1,0.0,-0.019859859255841144
2465,no_feedback,43,0,3,0,0,-1.0,0.0,1,0,1,0,0.0,-0.019859859255841144
2466,no_feedback,43,6,3,0,0,-1.0,0.0,1,0,1,0,0.0,-0.019859859255841144
2467,no_feedback,43,5,3,0,0,-1.0,0.0,1,0,1,0,0.0,-0.019859859255841144
2468,no_feedback,43,0,3,0,0,-1.0,0.0,1,0,1,0,0.0,-0.019859859255841144
2469,no_feedback,43,6,5,1,1,1.0,0.0,0,nan,nan,nan,0.0,-0.019859859255841144
2470,no_feedback,43,4,4,0,1,1.0,0.0,0,nan,nan,nan,0.0,-0.019859859255841144
2471,no_feedback,43,0,3,0,0,-1.0,0.0,1,2,0,0,0.0,-0.019859859255841144
2472,no_feedback,43,5,3,0,0,-1.0,0.0,1,0,1,0,0.0,-0.019859859255841144
2473,no_feedback,43,1,5,1,0,-1.0,0.0,1,0,1,0,0.0,-0.019859859255841144
2474,no_feedback,43,5,3,0,0,-1.0,0.0,1,0,1,0,0.0,-0.019859859255841144
2475,no_feedback,43,8,3,0,0,-1.0,0.0,1,0,1,0,0.0,-0.019859859255841144
2476,no_feedback,43,7,5,1,0,-1.0,0.0,1,0,1,0,0.0,-0.019859859255841144
2477,no_feedback,43,0,3,0,0,-1.0,0.0,1,0,1,0,0.0,-0.019859859255841144
2478,no_feedback,43,1,3,0,0,-1.0,0.0,1,0,1,0,0.0,-0.019859859255841144
2479,no_feedback,43,3,3,0,1,1.0,0.0,0,nan,nan,nan,0.0,-0.019859859255841144
2480,no_feedback,43,2,2,0,1,1.0,0.0,0,nan,nan,nan,0.0,-0.019859859255841144
2481,no_feedback,43,1,3,1,0,-1.0,0.0,1,2,0,0,0.0,-0.019859859255841144
2482,no_feedback,43,6,3,0,0,-1.0,0.0,1,0,1,0,0.0,-0.019859859255841144
2483,no_feedback,43,8,3,0,0,-1.0,0.0,1,0,1,0,0.0,-0.019859859255841144
2484,no_feedback,43,5,3,0,0,-1.0,0.0,1,0,1,0,0.0,-0.019859859255841144
2485,no_feedback,43,3,3,0,1,1.0,0.0,0,nan,nan,nan,0.0,-0.019859859255841144
2486,no_feedback,43,2,2,0,1,1.0,0.0,0,nan,nan,nan,0.0,-0.019859859255841144
2487,no_feedback,43,0,3,1,0,-1.0,0.0,1,2,0,0,0.0,-0.019859859255841144
2488,no_feedback,43,0,3,0,0,-1.0,0.0,1,0,1,0,0.0,-0.019859859255841144
2489,no_feedback,43,0,3,0,0,-1.0,0.0,1,0,1,0,0.0,-0.019859859255841144
2490,no_feedback,43,8,3,0,0,-1.0,0.0,1,0,1,0,0.0,-0.019859859255841144
2491,no_feedback,43,5,3,0,0,-1.0,0.0,1,0,1,0,0.0,-0.019859859255841144
2492,no_feedback,43,1,5,1,0,-1.0,0.0,1,0,1,0,0.0,-0.019859859255841144
2493,no_feedback,43,5,3,0,0,-1.0,0.0,1,0,1,0,0.0,-0.019859859255841144
2494,no_feedback,43,1,3,0,0,-1.0,0.0,1,0,1,0,0.0,-0.019859859255841144
2495,no_feedback,43,7,3,0,0,-1.0,0.0,1,0,1,0,0.0,-0.019859859255841144
2496,no_feedback,43,5,3,0,0,-1.0,0.0,1,0,1,0,0.0,-0.019859859255841144
2497,no_feedback,43,3,5,1,0,-1.0,0.0,1,0,1,0,0.0,-0.019859859255841144
2498,no_feedback,43,3,3,0,1,1.0,0.0,0,nan,nan,nan,0.0,-0.019859859255841144
2499,no_feedback,43,3,2,0,1,1.0,0.0,0,nan,nan,nan,0.0,-0.019859859255841144
2500,no_feedback,43,5,1,0,0,-1.0,0.0,1,2,0,0,0.0,-0.019859859255841144
2501,no_feedback,43,7,5,1,0,-1.0,0.0,1,0,1,0,0.0,-0.019859859255841144
2502,no_feedback,43,8,3,0,0,-1.0,0.0,1,0,1,0,0.0,-0.019859859255841144
2503,no_feedback,43,2,3,0,1,1.0,0.0,0,nan,nan,nan,0.0,-0.019859859255841144
2504,no_feedback,43,0,2,0,0,-1.0,0.0,1,1,0,0,0.0,-0.019859859255841144
2505,no_feedback,43,6,3,0,0,-1.0,0.0,1,0,1,0,0.0,-0.019859859255841144
2506,no_feedback,43,5,3,0,0,-1.0,0.0,1,0,1,0,0.0,-0.019859859255841144
2507,no_feedback,43,4,3,0,1,1.0,0.0,0,nan,nan,nan,0.0,-0.019859859255841144
2508,no_feedback,43,6,4,1,0,-1.0,0.0,1,1,0,0,0.0,-0.019859859255841144
2509,no_feedback,43,6,3,0,0,-1.0,0.0,1,0,1,0,0.0,-0.019859859255841144
2510,no_feedback,43,6,5,1,1,1.0,0.0,0,nan,nan,nan,0.0,-0.019859859255841144
2511,no_feedback,43,1,4,0,0,-1.0,0.0,1,1,0,0,0.0,-0.019859859255841144
2512,no_feedback,43,2,3,0,1,1.0,0.0,0,nan,nan,nan,0.0,-0.019859859255841144
2513,no_feedback,43,2,4,1,0,-1.0,0.0,1,1,0,0,0.0,-0.019859859255841144
2514,no_feedback,43,0,3,0,0,-1.0,0.0,1,0,1,0,0.0,-0.019859859255841144
2515,no_feedback,43,8,3,0,0,-1.0,0.0,1,0,1,0,0.0,-0.019859859255841144
2516,no_feedback,43,1,3,0,0,-1.0,0.0,1,0,1,0,0.0,-0.019859859255841144
2517,no_feedback,43,5,3,0,0,-1.0,0.0,1,0,1,0,0.0,-0.019859859255841144
2518,no_feedback,43,6,5,1,1,1.0,0.0,0,nan,nan,nan,0.0,-0.019859859255841144
2519,no_feedback,43,0,6,1,0,-1.0,0.0,1,1,0,0,0.0,-0.019859859255841144
2520,no_feedback,43,6,3,0,0,-1.0,0.0,1,0,1,0,0.0,-0.019859859255841144
2521,no_feedback,43,8,3,0,0,-1.0,0.0,1,0,1,0,0.0,-0.019859859255841144
2522,no_feedback,43,7,3,0,0,-1.0,0.0,1,0,1,0,0.0,-0.019859859255841144
2523,no_feedback,43,3,3,0,1,1.0,0.0,0,nan,nan,nan,0.0,-0.019859859255841144
2524,no_feedback,43,1,4,1,0,-1.0,0.0,1,1,0,0,0.0,-0.019859859255841144
2525,no_feedback,43,5,3,0,0,-1.0,0.0,1,0,1,0,0.0,-0.019859859255841144
2526,no_feedback,43,5,3,0,0,-1.0,0.0,1,0,1,0,0.0,-0.019859859255841144
2527,no_feedback,43,5,3,0,0,-1.0,0.0,1,0,1,0,0.0,-0.019859859255841144
2528,no_feedback,43,7,5,1,0,-1.0,0.0,1,0,1,0,0.0,-0.019859859255841144
2529,no_feedback,43,6,3,0,0,-1.0,0.0,1,0,1,0,0.0,-0.019859859255841144
2530,no_feedback,43,5,3,0,0,-1.0,0.0,1,0,1,0,0.0,-0.019859859255841144
2531,no_feedback,43,3,3,0,1,1.0,0.0,0,nan,nan,nan,0.0,-0.019859859255841144
2532,no_feedback,43,6,4,1,0,-1.0,0.0,1,1,0,0,0.0,-0.019859859255841144
2533,no_feedback,43,7,5,1,0,-1.0,0.0,1,0,1,0,0.0,-0.019859859255841144
2534,no_feedback,43,0,3,0,0,-1.0,0.0,1,0,1,0,0.0,-0.019859859255841144
2535,no_feedback,43,8,3,0,0,-1.0,0.0,1,0,1,0,0.0,-0.019859859255841144
2536,no_feedback,43,1,3,0,0,-1.0,0.0,1,0,1,0,0.0,-0.019859859255841144
2537,no_feedback,43,8,3,0,0,-1.0,0.0,1,0,1,0,0.0,-0.019859859255841144
2538,no_feedback,43,7,3,0,0,-1.0,0.0,1,0,1,0,0.0,-0.019859859255841144
2539,no_feedback,43,4,5,1,1,1.0,0.0,0,nan,nan,nan,0.0,-0.019859859255841144
2540,no_feedback,43,7,6,1,1,1.0,0.0,0,nan,nan,nan,0.0,-0.019859859255841144
2541,no_feedback,43,0,5,0,0,-1.0,0.0,1,2,0,0,0.0,-0.019859859255841144
2542,no_feedback,43,4,3,0,1,1.0,0.0,0,nan,nan,nan,0.0,-0.019859859255841144
2543,no_feedback,43,1,2,0,1,1.0,0.0,0,nan,nan,nan,0.0,-0.019859859255841144
2544,no_feedback,43,2,3,1,1,1.0,0.0,0,nan,nan,nan,0.0,-0.019859859255841144
2545,no_feedback,43,5,2,0,0,-1.0,0.0,1,3,0,1,0.0,-0.019859859255841144
2546,no_feedback,43,8,3,0,0,-1.0,0.0,1,0,1,0,0.0,-0.019859859255841144
2547,no_feedback,43,6,5,1,1,1.0,0.0,0,nan,nan,nan,0.0,-0.019859859255841144
2548,no_feedback,43,5,6,1,1,1.0,0.0,0,nan,nan,nan,0.0,-0.019859859255841144
2549,no_feedback,43,6,7,1,1,1.0,0.0,0,nan,nan,nan,0.0,-0.019859859255841144
2550,no_feedback,43,2,8,1,0,-1.0,0.0,1,3,0,1,0.0,-0.019859859255841144
2551,no_feedback,43,6,5,1,1,1.0,0.0,0,nan,nan,nan,0.0,-0.019859859255841144
2552,no_feedback,43,7,4,0,0,-1.0,0.0,1,1,0,0,0.0,-0.019859859255841144
2553,no_feedback,43,7,5,1,0,-1.0,0.0,1,0,1,0,0.0,-0.019859859255841144
2554,no_feedback,43,2,5,1,0,-1.0,0.0,1,0,1,0,0.0,-0.019859859255841144
2555,no_feedback,43,5,3,0,0,-1.0,0.0,1,0,1,0,0.0,-0.019859859255841144
2556,no_feedback,43,1,3,0,0,-1.0,0.0,1,0,1,0,0.0,-0.019859859255841144
2557,no_feedback,43,6,3,0,0,-1.0,0.0,1,0,1,0,0.0,-0.019859859255841144
2558,no_feedback,43,5,3,0,0,-1.0,0.0,1,0,1,0,0.0,-0.019859859255841144
2559,no_feedback,43,3,5,1,0,-1.0,0.0,1,0,1,0,0.0,-0.019859859255841144
2560,no_feedback,43,5,3,0,0,-1.0,0.0,1,0,1,0,0.0,-0.019859859255841144
2561,no_feedback,43,7,3,0,0,-1.0,0.0,1,0,1,0,0.0,-0.019859859255841144
2562,no_feedback,43,6,5,1,1,1.0,0.0,0,nan,nan,nan,0.0,-0.019859859255841144
2563,no_feedback,43,3,6,1,0,-1.0,0.0,1,1,0,0,0.0,-0.019859859255841144
2564,no_feedback,43,7,5,1,0,-1.0,0.0,1,0,1,0,0.0,-0.019859859255841144
2565,no_feedback,43,6,3,0,0,-1.0,0.0,1,0,1,0,0.0,-0.019859859255841144
2566,no_feedback,43,5,3,0,0,-1.0,0.0,1,0,1,0,0.0,-0.019859859255841144
2567,no_feedback,43,4,5,1,1,1.0,0.0,0,nan,nan,nan,0.0,-0.019859859255841144
2568,no_feedback,43,1,4,0,0,-1.0,0.0,1,1,0,0,0.0,-0.019859859255841144
2569,no_feedback,43,0,3,0,0,-1.0,0.0,1,0,1,0,0.0,-0.019859859255841144
2570,no_feedback,43,8,3,0,0,-1.0,0.0,1,0,1,0,0.0,-0.019859859255841144
2571,no_feedback,43,8,3,0,0,-1.0,0.0,1,0,1,0,0.0,-0.019859859255841144
2572,no_feedback,43,3,3,0,1,1.0,0.0,0,nan,nan,nan,0.0,-0.019859859255841144
2573,no_feedback,43,1,2,0,1,1.0,0.0,0,nan,nan,nan,0.0,-0.019859859255841144
2574,no_feedback,43,8,3,1,0,-1.0,0.0,1,2,0,0,0.0,-0.019859859255841144
2575,no_feedback,43,3,3,0,1,1.0,0.0,0,nan,nan,nan,0.0,-0.019859859255841144
2576,no_feedback,43,3,4,1,1,1.0,0.0,0,nan,nan,nan,0.0,-0.019859859255841144
2577,no_feedback,43,6,5,1,1,1.0,0.0,0,nan,nan,nan,0.0,-0.019859859255841144
2578,no_feedback,43,2,6,1,0,-1.0,0.0,1,3,0,1,0.0,-0.019859859255841144
2579,no_feedback,43,0,3,0,0,-1.0,0.0,1,0,1,0,0.0,-0.019859859255841144
2580,no_feedback,43,0,3,0,0,-1.0,0.0,1,0,1,0,0.0,-0.019859859255841144
2581,no_feedback,43,6,3,0,0,-1.0,0.0,1,0,1,0,0.0,-0.019859859255841144
2582,no_feedback,43,8,5,1,0,-1.0,0.0,1,0,1,0,0.0,-0.019859859255841144
2583,no_feedback,43,6,3,0,0,-1.0,0.0,1,0,1,0,0.0,-0.019859859255841144
2584,no_feedback,43,2,3,0,1,1.0,0.0,0,nan,nan,nan,0.0,-0.019859859255841144
2585,no_feedback,43,6,4,1,0,-1.0,0.0,1,1,0,0,0.0,-0.019859859255841144
2586,no_feedback,43,8,3,0,0,-1.0,0.0,1,0,1,0,0.0,-0.019859859255841144
2587,no_feedback,43,1,3,0,0,-1.0,0.0,1,0,1,0,0.0,-0.019859859255841144
2588,no_feedback,43,0,3,0,0,-1.0,0.0,1,0,1,0,0.0,-0.019859859255841144
2589,no_feedback,43,3,3,0,1,1.0,0.0,0,nan,nan,nan,0.0,-0.019859859255841144
2590,no_feedback,43,2,4,1,0,-1.0,0.0,1,1,0,0,0.0,-0.019859859255841144
2591,no_feedback,43,0,3,0,0,-1.0,0.0,1,0,1,0,0.0,-0.019859859255841144
2592,no_feedback,43,6,3,0,0,-1.0,0.0,1,0,1,0,0.0,-0.019859859255841144
2593,no_feedback,43,8,3,0,0,-1.0,0.0,1,0,1,0,0.0,-0.019859859255841144
2594,no_feedback,43,4,5,1,1,1.0,0.0,0,nan,nan,nan,0.0,-0.019859859255841144
2595,no_feedback,43,3,6,1,0,-1.0,0.0,1,1,0,0,0.0,-0.019859859255841144
2596,no_feedback,43,1,5,1,0,-1.0,0.0,1,0,1,0,0.0,-0.019859859255841144
2597,no_feedback,43,7,3,0,0,-1.0,0.0,1,0,1,0,0.0,-0.019859859255841144
2598,no_feedback,43,3,3,0,1,1.0,0.0,0,nan,nan,nan,0.0,-0.019859859255841144
2599,no_feedback,43,1,4,1,0,-1.0,0.0,1,1,0,0,0.0,-0.019859859255841144
2600,no_feedback,43,3,5,1,0,-1.0,0.0,1,0,1,0,0.0,-0.019859859255841144
2601,no_feedback,43,5,3,0,0,-1.0,0.0,1,0,1,0,0.0,-0.019859859255841144
2602,no_feedback,43,0,3,0,0,-1.0,0.0,1,0,1,0,0.0,-0.019859859255841144
2603,no_feedback,43,6,5,1,1,1.0,0.0,0,nan,nan,nan,0.0,-0.019859859255841144
2604,no_feedback,43,4,4,0,1,1.0,0.0,0,nan,nan,nan,0.0,-0.019859859255841144
2605,no_feedback,43,1,5,1,0,-1.0,0.0,1,2,0,0,0.0,-0.019859859255841144
2606,no_feedback,43,0,3,0,0,-1.0,0.0,1,0,1,0,0.0,-0.019859859255841144
2607,no_feedback,43,7,5,1,0,-1.0,0.0,1,0,1,0,0.0,-0.019859859255841144
2608,no_feedback,43,1,3,0,0,-1.0,0.0,1,0,1,0,0.0,-0.019859859255841144
2609,no_feedback,43,3,3,0,1,1.0,0.0,0,nan,nan,nan,0.0,-0.019859859255841144
2610,no_feedback,43,3,4,1,1,1.0,0.0,0,nan,nan,nan,0.0,-0.019859859255841144
2611,no_feedback,43,4,3,0,1,1.0,0.0,0,nan,nan,nan,0.0,-0.019859859255841144
2612,no_feedback,43,2,4,1,0,-1.0,0.0,1,3,0,1,0.0,-0.019859859255841144
2613,no_feedback,43,6,5,1,1,1.0,0.0,0,nan,nan,nan,0.0,-0.019859859255841144
2614,no_feedback,43,7,6,1,1,1.0,0.0,0,nan,nan,nan,0.0,-0.019859859255841144
2615,no_feedback,43,8,7,1,1,1.0,0.0,0,nan,nan,nan,0.0,-0.019859859255841144
2616,no_feedback,43,2,8,1,0,-1.0,0.0,1,3,0,1,0.0,-0.019859859255841144
2617,no_feedback,43,1,3,0,0,-1.0,0.0,1,0,1,0,0.0,-0.019859859255841144
2618,no_feedback,43,8,3,0,0,-1.0,0.0,1,0,1,0,0.0,-0.019859859255841144
2619,no_feedback,43,4,3,0,1,1.0,0.0,0,nan,nan,nan,0.0,-0.019859859255841144
2620,no_feedback,43,7,2,0,0,-1.0,0.0,1,1,0,0,0.0,-0.019859859255841144
2621,no_feedback,43,6,3,0,0,-1.0,0.0,1,0,1,0,0.0,-0.019859859255841144
2622,no_feedback,43,3,3,0,1,1.0,0.0,0,nan,nan,nan,0.0,-0.019859859255841144
2623,no_feedback,43,8,4,1,0,-1.0,0.0,1,1,0,0,0.0,-0.019859859255841144
2624,no_feedback,43,8,3,0,0,-1.0,0.0,1,0,1,0,0.0,-0.019859859255841144
2625,no_feedback,43,5,3,0,0,-1.0,0.0,1,0,1,0,0.0,-0.019859859255841144
2626,no_feedback,43,6,5,1,1,1.0,0.0,0,nan,nan,nan,0.0,-0.019859859255841144
2627,no_feedback,43,0,4,0,0,-1.0,0.0,1,1,0,0,0.0,-0.019859859255841144
2628,no_feedback,43,0,3,0,0,-1.0,0.0,1,0,1,0,0.0,-0.019859859255841144
2629,no_feedback,43,1,5,1,0,-1.0,0.0,1,0,1,0,0.0,-0.019859859255841144
2630,no_feedback,43,7,3,0,0,-1.0,0.0,1,0,1,0,0.0,-0.019859859255841144
2631,no_feedback,43,6,3,0,0,-1.0,0.0,1,0,1,0,0.0,-0.019859859255841144
2632,no_feedback,43,7,3,0,0,-1.0,0.0,1,0,1,0,0.0,-0.019859859255841144
2633,no_feedback,43,3,3,0,1,1.0,0.0,0,nan,nan,nan,0.0,-0.019859859255841144
2634,no_feedback,43,7,2,0,0,-1.0,0.0,1,1,0,0,0.0,-0.019859859255841144
2635,no_feedback,43,2,5,1,0,-1.0,0.0,1,0,1,0,0.0,-0.019859859255841144
2636,no_feedback,43,8,3,0,0,-1.0,0.0,1,0,1,0,0.0,-0.019859859255841144
2637,no_feedback,43,7,3,0,0,-1.0,0.0,1,0,1,0,0.0,-0.019859859255841144
2638,no_feedback,43,2,3,0,1,1.0,0.0,0,nan,nan,nan,0.0,-0.019859859255841144
2639,no_feedback,43,0,4,1,0,-1.0,0.0,1,1,0,0,0.0,-0.019859859255841144
2640,no_feedback,43,1,5,1,0,-1.0,0.0,1,0,1,0,0.0,-0.019859859255841144
2641,no_feedback,43,7,3,0,0,-1.0,0.0,1,0,1,0,0.0,-0.019859859255841144
2642,no_feedback,43,2,3,0,1,1.0,0.0,0,nan,nan,nan,0.0,-0.019859859255841144
2643,no_feedback,43,3,2,0,1,1.0,0.0,0,nan,nan,nan,0.0,-0.019859859255841144
2644,no_feedback,43,4,3,1,1,1.0,0.0,0,nan,nan,nan,0.0,-0.019859859255841144
2645,no_feedback,43,7,2,0,0,-1.0,0.0,1,3,0,1,0.0,-0.019859859255841144
2646,no_feedback,43,7,5,1,0,-1.0,0.0,1,0,1,0,0.0,-0.019859859255841144
2647,no_feedback,43,5,3,0,0,-1.0,0.0,1,0,1,0,0.0,-0.019859859255841144
2648,no_feedback,43,0,3,0,0,-1.0,0.0,1,0,1,0,0.0,-0.019859859255841144
2649,no_feedback,43,2,5,1,0,-1.0,0.0,1,0,1,0,0.0,-0.019859859255841144
2650,no_feedback,43,8,3,0,0,-1.0,0.0,1,0,1,0,0.0,-0.019859859255841144
2651,no_feedback,43,7,5,1,0,-1.0,0.0,1,0,1,0,0.0,-0.019859859255841144
2652,no_feedback,43,1,3,0,0,-1.0,0.0,1,0,1,0,0.0,-0.019859859255841144
2653,no_feedback,43,8,3,0,0,-1.0,0.0,1,0,1,0,0.0,-0.019859859255841144
2654,no_feedback,43,6,3,0,0,-1.0,0.0,1,0,1,0,0.0,-0.019859859255841144
2655,no_feedback,43,6,5,1,1,1.0,0.0,0,nan,nan,nan,0.0,-0.019859859255841144
2656,no_feedback,43,8,4,0,0,-1.0,0.0,1,1,0,0,0.0,-0.019859859255841144
2657,no_feedback,43,1,5,1,0,-1.0,0.0,1,0,1,0,0.0,-0.019859859255841144
2658,no_feedback,43,8,3,0,0,-1.0,0.0,1,0,1,0,0.0,-0.019859859255841144
2659,no_feedback,43,4,3,0,1,1.0,0.0,0,nan,nan,nan,0.0,-0.019859859255841144
2660,no_feedback,43,8,4,1,0,-1.0,0.0,1,1,0,0,0.0,-0.019859859255841144
2661,no_feedback,43,3,5,1,0,-1.0,0.0,1,0,1,0,0.0,-0.019859859255841144
2662,no_feedback,43,4,3,0,1,1.0,0.0,0,nan,nan,nan,0.0,-0.019859859255841144
2663,no_feedback,43,0,2,0,0,-1.0,0.0,1,1,0,0,0.0,-0.019859859255841144
2664,no_feedback,43,4,5,1,1,1.0,0.0,0,nan,nan,nan,0.0,-0.019859859255841144
2665,no_feedback,43,8,4,0,0,-1.0,0.0,1,1,0,0,0.0,-0.019859859255841144
2666,no_feedback,43,8,3,0,0,-1.0,0.0,1,0,1,0,0.0,-0.019859859255841144
2667,no_feedback,43,3,5,1,0,-1.0,0.0,1,0,1,0,0.0,-0.019859859255841144
2668,no_feedback,43,7,3,0,0,-1.0,0.0,1,0,1,0,0.0,-0.019859859255841144
2669,no_feedback,43,2,3,0,1,1.0,0.0,0,nan,nan,nan,0.0,-0.019859859255841144
2670,no_feedback,43,2,4,1,0,-1.0,0.0,1,1,0,0,0.0,-0.019859859255841144
2671,no_feedback,43,4,3,0,1,1.0,0.0,0,nan,nan,nan,0.0,-0.019859859255841144
2672,no_feedback,43,3,4,1,1,1.0,0.0,0,nan,nan,nan,0.0,-0.019859859255841144
2673,no_feedback,43,2,5,1,0,-1.0,0.0,1,2,0,0,0.0,-0.019859859255841144
2674,no_feedback,43,7,3,0,0,-1.0,0.0,1,0,1,0,0.0,-0.019859859255841144
2675,no_feedback,43,7,3,0,0,-1.0,0.0,1,0,1,0,0.0,-0.019859859255841144
2676,no_feedback,43,6,5,1,1,1.0,0.0,0,nan,nan,nan,0.0,-0.019859859255841144
2677,no_feedback,43,3,4,0,1,1.0,0.0,0,nan,nan,nan,0.0,-0.019859859255841144
2678,no_feedback,43,0,3,0,0,-1.0,0.0,1,2,0,0,0.0,-0.019859859255841144
2679,no_feedback,43,5,3,0,0,-1.0,0.0,1,0,1,0,0.0,-0.019859859255841144
2680,no_feedback,43,7,3,0,0,-1.0,0.0,1,0,1,0,0.0,-0.019859859255841144
2681,no_feedback,43,3,5,1,0,-1.0,0.0,1,0,1,0,0.0,-0.019859859255841144
2682,no_feedback,43,4,5,1,1,1.0,0.0,0,nan,nan,nan,0.0,-0.019859859255841144
2683,no_feedback,43,4,4,0,1,1.0,0.0,0,nan,nan,nan,0.0,-0.019859859255841144
2684,no_feedback,43,1,5,1,0,-1.0,0.0,1,2,0,0,0.0,-0.019859859255841144
2685,no_feedback,43,5,3,0,0,-1.0,0.0,1,0,1,0,0.0,-0.019859859255841144
2686,no_feedback,43,2,5,1,0,-1.0,0.0,1,0,1,0,0.0,-0.019859859255841144
2687,no_feedback,43,0,3,0,0,-1.0,0.0,1,0,1,0,0.0,-0.019859859255841144
2688,no_feedback,43,2,3,0,1,1.0,0.0,0,nan,nan,nan,0.0,-0.019859859255841144
2689,no_feedback,43,8,2,0,0,-1.0,0.0,1,1,0,0,0.0,-0.019859859255841144
2690,no_feedback,43,5,3,0,0,-1.0,0.0,1,0,1,0,0.0,-0.019859859255841144
2691,no_feedback,43,0,3,0,0,-1.0,0.0,1,0,1,0,0.0,-0.019859859255841144
2692,no_feedback,43,8,3,0,0,-1.0,0.0,1,0,1,0,0.0,-0.019859859255841144
2693,no_feedback,43,8,3,0,0,-1.0,0.0,1,0,1,0,0.0,-0.019859859255841144
2694,no_feedback,43,3,3,0,1,1.0,0.0,0,nan,nan,nan,0.0,-0.019859859255841144
2695,no_feedback,43,2,4,1,0,-1.0,0.0,1,1,0,0,0.0,-0.019859859255841144
2696,no_feedback,43,2,3,0,1,1.0,0.0,0,nan,nan,nan,0.0,-0.019859859255841144
2697,no_feedback,43,8,2,0,0,-1.0,0.0,1,1,0,0,0.0,-0.019859859255841144
2698,no_feedback,43,0,3,0,0,-1.0,0.0,1,0,1,0,0.0,-0.019859859255841144
2699,no_feedback,43,5,3,0,0,-1.0,0.0,1,0,1,0,0.0,-0.019859859255841144
2700,no_feedback,43,6,5,1,1,1.0,0.0,0,nan,nan,nan,0.0,-0.019859859255841144
2701,no_feedback,43,5,6,1,1,1.0,0.0,0,nan,nan,nan,0.0,-0.019859859255841144
2702,no_feedback,43,4,7,1,0,-1.0,0.0,1,2,0,0,0.0,-0.019859859255841144
2703,no_feedback,43,0,3,0,0,-1.0,0.0,1,0,1,0,0.0,-0.019859859255841144
2704,no_feedback,43,1,5,1,0,-1.0,0.0,1,0,1,0,0.0,-0.019859859255841144
2705,no_feedback,43,8,3,0,0,-1.0,0.0,1,0,1,0,0.0,-0.019859859255841144
2706,no_feedback,43,0,3,0,0,-1.0,0.0,1,0,1,0,0.0,-0.019859859255841144
2707,no_feedback,43,6,3,0,0,-1.0,0.0,1,0,1,0,0.0,-0.019859859255841144
2708,no_feedback,43,1,3,0,0,-1.0,0.0,1,0,1,0,0.0,-0.019859859255841144
2709,no_feedback,43,3,5,1,0,-1.0,0.0,1,0,1,0,0.0,-0.019859859255841144
2710,no_feedback,43,6,5,1,1,1.0,0.0,0,nan,nan,nan,0.0,-0.019859859255841144
2711,no_feedback,43,1,4,0,0,-1.0,0.0,1,1,0,0,0.0,-0.019859859255841144
2712,no_feedback,43,6,3,0,0,-1.0,0.0,1,0,1,0,0.0,-0.019859859255841144
2713,no_feedback,43,4,5,1,1,1.0,0.0,0,nan,nan,nan,0.0,-0.019859859255841144
2714,no_feedback,43,5,4,0,1,1.0,0.0,0,nan,nan,nan,0.0,-0.019859859255841144
2715,no_feedback,43,5,5,1,1,1.0,0.0,0,nan,nan,nan,0.0,-0.019859859255841144
2716,no_feedback,43,2,4,0,0,-1.0,0.0,1,3,0,1,0.0,-0.019859859255841144
2717,no_feedback,43,0,3,0,0,-1.0,0.0,1,0,1,0,0.0,-0.019859859255841144
2718,no_feedback,43,4,3,0,1,1.0,0.0,0,nan,nan,nan,0.0,-0.019859859255841144
2719,no_feedback,43,2,2,0,1,1.0,0.0,0,nan,nan,nan,0.0,-0.019859859255841144
2720,no_feedback,43,5,3,1,0,-1.0,0.0,1,2,0,0,0.0,-0.019859859255841144
2721,no_feedback,43,2,5,1,0,-1.0,0.0,1,0,1,0,0.0,-0.019859859255841144
2722,no_feedback,43,5,3,0,0,-1.0,0.0,1,0,1,0,0.0,-0.019859859255841144
2723,no_feedback,43,8,5,1,0,-1.0,0.0,1,0,1,0,0.0,-0.019859859255841144
2724,no_feedback,43,3,5,1,0,-1.0,0.0,1,0,1,0,0.0,-0.019859859255841144
2725,no_feedback,43,3,3,0,1,1.0,0.0,0,nan,nan,nan,0.0,-0.019859859255841144
2726,no_feedback,43,0,4,1,0,-1.0,0.0,1,1,0,0,0.0,-0.019859859255841144
2727,no_feedback,43,3,3,0,1,1.0,0.0,0,nan,nan,nan,0.0,-0.019859859255841144
2728,no_feedback,43,4,2,0,0,-1.0,0.0,1,1,0,0,0.0,-0.019859859255841144
2729,no_feedback,43,1,3,0,0,-1.0,0.0,1,0,1,0,0.0,-0.019859859255841144
2730,no_feedback,43,2,5,1,0,-1.0,0.0,1,0,1,0,0.0,-0.019859859255841144
2731,no_feedback,43,8,3,0,0,-1.0,0.0,1,0,1,0,0.0,-0.019859859255841144
2732,no_feedback,43,8,5,1,0,-1.0,0.0,1,0,1,0,0.0,-0.019859859255841144
2733,no_feedback,43,8,3,0,0,-1.0,0.0,1,0,1,0,0.0,-0.019859859255841144
2734,no_feedback,43,7,5,1,0,-1.0,0.0,1,0,1,0,0.0,-0.019859859255841144
2735,no_feedback,43,5,3,0,0,-1.0,0.0,1,0,1,0,0.0,-0.019859859255841144
2736,no_feedback,43,1,3,0,0,-1.0,0.0,1,0,1,0,0.0,-0.019859859255841144
2737,no_feedback,43,0,3,0,0,-1.0,0.0,1,0,1,0,0.0,-0.019859859255841144
2738,no_feedback,43,8,3,0,0,-1.0,0.0,1,0,1,0,0.0,-0.019859859255841144
2739,no_feedback,43,6,5,1,1,1.0,0.0,0,nan,nan,nan,0.0,-0.019859859255841144
2740,no_feedback,43,1,4,0,0,-1.0,0.0,1,1,0,0,0.0,-0.019859859255841144
2741,no_feedback,43,7,5,1,0,-1.0,0.0,1,0,1,0,0.0,-0.019859859255841144
2742,no_feedback,43,5,3,0,0,-1.0,0.0,1,0,1,0,0.0,-0.019859859255841144
2743,no_feedback,43,5,3,0,0,-1.0,0.0,1,0,1,0,0.0,-0.019859859255841144
2744,no_feedback,43,5,3,0,0,-1.0,0.0,1,0,1,0,0.0,-0.019859859255841144
2745,no_feedback,43,6,3,0,0,-1.0,0.0,1,0,1,0,0.0,-0.019859859255841144
2746,no_feedback,43,3,3,0,1,1.0,0.0,0,nan,nan,nan,0.0,-0.019859859255841144
2747,no_feedback,43,0,2,0,0,-1.0,0.0,1,1,0,0,0.0,-0.019859859255841144
2748,no_feedback,43,0,3,0,0,-1.0,0.0,1,0,1,0,0.0,-0.019859859255841144
2749,no_feedback,43,1,5,1,0,-1.0,0.0,1,0,1,0,0.0,-0.019859859255841144
2750,no_feedback,43,3,3,0,1,1.0,0.0,0,nan,nan,nan,0.0,-0.019859859255841144
2751,no_feedback,43,2,4,1,0,-1.0,0.0,1,1,0,0,0.0,-0.019859859255841144
2752,no_feedback,43,1,3,0,0,-1.0,0.0,1,0,1,0,0.0,-0.019859859255841144
2753,no_feedback,43,0,3,0,0,-1.0,0.0,1,0,1,0,0.0,-0.019859859255841144
2754,no_feedback,43,0,3,0,0,-1.0,0.0,1,0,1,0,0.0,-0.019859859255841144
2755,no_feedback,43,1,5,1,0,-1.0,0.0,1,0,1,0,0.0,-0.019859859255841144
2756,no_feedback,43,1,3,0,0,-1.0,0.0,1,0,1,0,0.0,-0.019859859255841144
2757,no_feedback,43,4,5,1,1,1.0,0.0,0,nan,nan,nan,0.0,-0.019859859255841144
2758,no_feedback,43,1,4,0,0,-1.0,0.0,1,1,0,0,0.0,-0.019859859255841144
2759,no_feedback,43,7,5,1,0,-1.0,0.0,1,0,1,0,0.0,-0.019859859255841144
2760,no_feedback,43,1,5,1,0,-1.0,0.0,1,0,1,0,0.0,-0.019859859255841144
2761,no_feedback,43,4,5,1,1,1.0,0.0,0,nan,nan,nan,0.0,-0.019859859255841144
2762,no_feedback,43,7,4,0,0,-1.0,0.0,1,1,0,0,0.0,-0.019859859255841144
2763,no_feedback,43,1,3,0,0,-1.0,0.0,1,0,1,0,0.0,-0.019859859255841144
2764,no_feedback,43,1,3,0,0,-1.0,0.0,1,0,1,0,0.0,-0.019859859255841144
2765,no_feedback,43,0,3,0,0,-1.0,0.0,1,0,1,0,0.0,-0.019859859255841144
2766,no_feedback,43,2,5,1,0,-1.0,0.0,1,0,1,0,0.0,-0.019859859255841144
2767,no_feedback,43,6,3,0,0,-1.0,0.0,1,0,1,0,0.0,-0.019859859255841144
2768,no_feedback,43,8,3,0,0,-1.0,0.0,1,0,1,0,0.0,-0.019859859255841144
2769,no_feedback,43,2,3,0,1,1.0,0.0,0,nan,nan,nan,0.0,-0.019859859255841144
2770,no_feedback,43,7,2,0,0,-1.0,0.0,1,1,0,0,0.0,-0.019859859255841144
2771,no_feedback,43,7,3,0,0,-1.0,0.0,1,0,1,0,0.0,-0.019859859255841144
2772,no_feedback,43,1,3,0,0,-1.0,0.0,1,0,1,0,0.0,-0.019859859255841144
2773,no_feedback,43,2,5,1,0,-1.0,0.0,1,0,1,0,0.0,-0.019859859255841144
2774,no_feedback,43,3,5,1,0,-1.0,0.0,1,0,1,0,0.0,-0.019859859255841144
2775,no_feedback,43,6,3,0,0,-1.0,0.0,1,0,1,0,0.0,-0.019859859255841144
2776,no_feedback,43,4,3,0,1,1.0,0.0,0,nan,nan,nan,0.0,-0.019859859255841144
2777,no_feedback,43,5,4,1,1,1.0,0.0,0,nan,nan,nan,0.0,-0.019859859255841144
2778,no_feedback,43,5,3,0,0,-1.0,0.0,1,2,0,0,0.0,-0.019859859255841144
2779,no_feedback,43,1,3,0,0,-1.0,0.0,1,0,1,0,0.0,-0.019859859255841144
2780,no_feedback,43,7,3,0,0,-1.0,0.0,1,0,1,0,0.0,-0.019859859255841144
2781,no_feedback,43,7,3,0,0,-1.0,0.0,1,0,1,0,0.0,-0.019859859255841144
2782,no_feedback,43,3,5,1,0,-1.0,0.0,1,0,1,0,0.0,-0.019859859255841144
2783,no_feedback,43,6,5,1,1,1.0,0.0,0,nan,nan,nan,0.0,-0.019859859255841144
2784,no_feedback,43,5,6,1,1,1.0,0.0,0,nan,nan,nan,0.0,-0.019859859255841144
2785,no_feedback,43,5,5,0,1,1.0,0.0,0,nan,nan,nan,0.0,-0.019859859255841144
2786,no_feedback,43,7,4,0,0,-1.0,0.0,1,3,0,1,0.0,-0.019859859255841144
2787,no_feedback,43,4,3,0,1,1.0,0.0,0,nan,nan,nan,0.0,-0.019859859255841144
2788,no_feedback,43,3,2,0,1,1.0,0.0,0,nan,nan,nan,0.0,-0.019859859255841144
2789,no_feedback,43,2,3,1,1,1.0,0.0,0,nan,nan,nan,0.0,-0.019859859255841144
2790,no_feedback,43,3,2,0,1,1.0,0.0,0,nan,nan,nan,0.0,-0.019859859255841144
2791,no_feedback,43,1,1,0,1,1.0,0.0,0,nan,nan,nan,0.0,-0.019859859255841144
2792,no_feedback,43,1,0,0,1,1.0,0.0,0,nan,nan,nan,0.0,-0.019859859255841144
2793,no_feedback,43,5,1,1,0,-1.0,0.0,1,6,0,1,0.0,-0.019859859255841144
2794,no_feedback,43,1,5,1,0,-1.0,0.0,1,0,1,0,0.0,-0.019859859255841144
2795,no_feedback,43,4,3,0,1,1.0,0.0,0,nan,nan,nan,0.0,-0.019859859255841144
2796,no_feedback,43,2,2,0,1,1.0,0.0,0,nan,nan,nan,0.0,-0.019859859255841144
2797,no_feedback,43,7,3,1,0,-1.0,0.0,1,2,0,0,0.0,-0.019859859255841144
2798,no_feedback,43,5,3,0,0,-1.0,0.0,1,0,1,0,0.0,-0.019859859255841144
2799,no_feedback,43,1,5,1,0,-1.0,0.0,1,0,1,0,0.0,-0.019859859255841144
2800,no_feedback,43,2,5,1,0,-1.0,0.0,1,0,1,0,0.0,-0.019859859255841144
2801,no_feedback,43,2,5,1,0,-1.0,0.0,1,0,1,0,0.0,-0.019859859255841144
2802,no_feedback,43,6,3,0,0,-1.0,0.0,1,0,1,0,0.0,-0.019859859255841144
2803,no_feedback,43,0,3,0,0,-1.0,0.0,1,0,1,0,0.0,-0.019859859255841144
2804,no_feedback,43,1,5,1,0,-1.0,0.0,1,0,1,0,0.0,-0.019859859255841144
2805,no_feedback,43,7,3,0,0,-1.0,0.0,1,0,1,0,0.0,-0.019859859255841144
2806,no_feedback,43,7,5,1,0,-1.0,0.0,1,0,1,0,0.0,-0.019859859255841144
2807,no_feedback,43,8,3,0,0,-1.0,0.0,1,0,1,0,0.0,-0.019859859255841144
2808,no_feedback,43,6,5,1,1,1.0,0.0,0,nan,nan,nan,0.0,-0.019859859255841144
2809,no_feedback,43,3,4,0,1,1.0,0.0,0,nan,nan,nan,0.0,-0.019859859255841144
2810,no_feedback,43,7,5,1,0,-1.0,0.0,1,2,0,0,0.0,-0.019859859255841144
2811,no_feedback,43,6,3,0,0,-1.0,0.0,1,0,1,0,0.0,-0.019859859255841144
2812,no_feedback,43,6,5,1,1,1.0,0.0,0,nan,nan,nan,0.0,-0.019859859255841144
2813,no_feedback,43,6,4,0,0,-1.0,0.0,1,1,0,0,0.0,-0.019859859255841144
2814,no_feedback,43,8,5,1,0,-1.0,0.0,1,0,1,0,0.0,-0.019859859255841144
2815,no_feedback,43,1,5,1,0,-1.0,0.0,1,0,1,0,0.0,-0.019859859255841144
2816,no_feedback,43,7,3,0,0,-1.0,0.0,1,0,1,0,0.0,-0.019859859255841144
2817,no_feedback,43,0,3,0,0,-1.0,0.0,1,0,1,0,0.0,-0.019859859255841144
2818,no_feedback,43,2,3,0,1,1.0,0.0,0,nan,nan,nan,0.0,-0.019859859255841144
2819,no_feedback,43,6,4,1,0,-1.0,0.0,1,1,0,0,0.0,-0.019859859255841144
2820,no_feedback,43,3,5,1,0,-1.0,0.0,1,0,1,0,0.0,-0.019859859255841144
2821,no_feedback,43,2,3,0,1,1.0,0.0,0,nan,nan,nan,0.0,-0.019859859255841144
2822,no_feedback,43,6,2,0,0,-1.0,0.0,1,1,0,0,0.0,-0.019859859255841144
2823,no_feedback,43,3,3,0,1,1.0,0.0,0,nan,nan,nan,0.0,-0.019859859255841144
2824,no_feedback,43,4,2,0,0,-1.0,0.0,1,1,0,0,0.0,-0.019859859255841144
2825,no_feedback,43,6,5,1,1,1.0,0.0,0,nan,nan,nan,0.0,-0.019859859255841144
2826,no_feedback,43,8,4,0,0,-1.0,0.0,1,1,0,0,0.0,-0.019859859255841144
2827,no_feedback,43,5,3,0,0,-1.0,0.0,1,0,1,0,0.0,-0.019859859255841144
2828,no_feedback,43,3,3,0,1,1.0,0.0,0,nan,nan,nan,0.0,-0.019859859255841144
2829,no_feedback,43,4,2,0,0,-1.0,0.0,1,1,0,0,0.0,-0.019859859255841144
2830,no_feedback,43,2,3,0,1,1.0,0.0,0,nan,nan,nan,0.0,-0.019859859255841144
2831,no_feedback,43,3,4,1,1,1.0,0.0,0,nan,nan,nan,0.0,-0.019859859255841144
2832,no_feedback,43,6,5,1,1,1.0,0.0,0,nan,nan,nan,0.0,-0.019859859255841144
2833,no_feedback,43,7,6,1,1,1.0,0.0,0,nan,nan,nan,0.0,-0.019859859255841144
2834,no_feedback,43,7,5,0,0,-1.0,0.0,1,4,0,1,0.0,-0.019859859255841144
2835,no_feedback,43,1,5,1,0,-1.0,0.0,1,0,1,0,0.0,-0.019859859255841144
2836,no_feedback,43,0,3,0,0,-1.0,0.0,1,0,1,0,0.0,-0.019859859255841144
2837,no_feedback,43,7,3,0,0,-1.0,0.0,1,0,1,0,0.0,-0.019859859255841144
2838,no_feedback,43,1,3,0,0,-1.0,0.0,1,0,1,0,0.0,-0.019859859255841144
2839,no_feedback,43,1,3,0,0,-1.0,0.0,1,0,1,0,0.0,-0.019859859255841144
2840,no_feedback,43,1,3,0,0,-1.0,0.0,1,0,1,0,0.0,-0.019859859255841144
2841,no_feedback,43,5,3,0,0,-1.0,0.0,1,0,1,0,0.0,-0.019859859255841144
2842,no_feedback,43,2,5,1,0,-1.0,0.0,1,0,1,0,0.0,-0.019859859255841144
2843,no_feedback,43,2,5,1,0,-1.0,0.0,1,0,1,0,0.0,-0.019859859255841144
2844,no_feedback,43,6,5,1,1,1.0,0.0,0,nan,nan,nan,0.0,-0.019859859255841144
2845,no_feedback,43,8,4,0,0,-1.0,0.0,1,1,0,0,0.0,-0.019859859255841144
2846,no_feedback,43,6,3,0,0,-1.0,0.0,1,0,1,0,0.0,-0.019859859255841144
2847,no_feedback,43,7,5,1,0,-1.0,0.0,1,0,1,0,0.0,-0.019859859255841144
2848,no_feedback,43,2,5,1,0,-1.0,0.0,1,0,1,0,0.0,-0.019859859255841144
2849,no_feedback,43,7,3,0,0,-1.0,0.0,1,0,1,0,0.0,-0.019859859255841144
2850,no_feedback,43,6,3,0,0,-1.0,0.0,1,0,1,0,0.0,-0.019859859255841144
2851,no_feedback,43,1,5,1,0,-1.0,0.0,1,0,1,0,0.0,-0.019859859255841144
2852,no_feedback,43,8,3,0,0,-1.0,0.0,1,0,1,0,0.0,-0.019859859255841144
2853,no_feedback,43,0,3,0,0,-1.0,0.0,1,0,1,0,0.0,-0.019859859255841144
2854,no_feedback,43,2,3,0,1,1.0,0.0,0,nan,nan,nan,0.0,-0.019859859255841144
2855,no_feedback,43,6,4,1,0,-1.0,0.0,1,1,0,0,0.0,-0.019859859255841144
2856,no_feedback,43,7,5,1,0,-1.0,0.0,1,0,1,0,0.0,-0.019859859255841144
2857,no_feedback,43,7,3,0,0,-1.0,0.0,1,0,1,0,0.0,-0.019859859255841144
2858,no_feedback,43,1,5,1,0,-1.0,0.0,1,0,1,0,0.0,-0.019859859255841144
2859,no_feedback,43,0,3,0,0,-1.0,0.0,1,0,1,0,0.0,-0.019859859255841144
2860,no_feedback,43,7,3,0,0,-1.0,0.0,1,0,1,0,0.0,-0.019859859255841144
2861,no_feedback,43,5,3,0,0,-1.0,0.0,1,0,1,0,0.0,-0.019859859255841144
2862,no_feedback,43,7,5,1,0,-1.0,0.0,1,0,1,0,0.0,-0.019859859255841144
2863,no_feedback,43,1,5,1,0,-1.0,0.0,1,0,1,0,0.0,-0.019859859255841144
2864,no_feedback,43,7,3,0,0,-1.0,0.0,1,0,1,0,0.0,-0.019859859255841144
2865,no_feedback,43,6,5,1,1,1.0,0.0,0,nan,nan,nan,0.0,-0.019859859255841144
2866,no_feedback,43,3,6,1,0,-1.0,0.0,1,1,0,0,0.0,-0.019859859255841144
2867,no_feedback,43,5,3,0,0,-1.0,0.0,1,0,1,0,0.0,-0.019859859255841144
2868,no_feedback,43,0,3,0,0,-1.0,0.0,1,0,1,0,0.0,-0.019859859255841144
2869,no_feedback,43,2,3,0,1,1.0,0.0,0,nan,nan,nan,0.0,-0.019859859255841144
2870,no_feedback,43,4,2,0,0,-1.0,0.0,1,1,0,0,0.0,-0.019859859255841144
2871,no_feedback,43,6,5,1,1,1.0,0.0,0,nan,nan,nan,0.0,-0.019859859255841144
2872,no_feedback,43,7,6,1,1,1.0,0.0,0,nan,nan,nan,0.0,-0.019859859255841144
2873,no_feedback,43,5,7,1,0,-1.0,0.0,1,2,0,0,0.0,-0.019859859255841144
2874,no_feedback,43,3,3,0,1,1.0,0.0,0,nan,nan,nan,0.0,-0.019859859255841144
2875,no_feedback,43,4,2,0,0,-1.0,0.0,1,1,0,0,0.0,-0.019859859255841144
2876,no_feedback,43,0,3,0,0,-1.0,0.0,1,0,1,0,0.0,-0.019859859255841144
2877,no_feedback,43,6,5,1,1,1.0,0.0,0,nan,nan,nan,0.0,-0.019859859255841144
2878,no_feedback,43,1,4,0,0,-1.0,0.0,1,1,0,0,0.0,-0.019859859255841144
2879,no_feedback,43,8,3,0,0,-1.0,0.0,1,0,1,0,0.0,-0.019859859255841144
2880,no_feedback,43,7,3,0,0,-1.0,0.0,1,0,1,0,0.0,-0.019859859255841144
2881,no_feedback,43,6,3,0,0,-1.0,0.0,1,0,1,0,0.0,-0.019859859255841144
2882,no_feedback,43,6,3,0,0,-1.0,0.0,1,0,1,0,0.0,-0.019859859255841144
2883,no_feedback,43,7,3,0,0,-1.0,0.0,1,0,1,0,0.0,-0.019859859255841144
2884,no_feedback,43,3,5,1,0,-1.0,0.0,1,0,1,0,0.0,-0.019859859255841144
2885,no_feedback,43,3,5,1,0,-1.0,0.0,1,0,1,0,0.0,-0.019859859255841144
2886,no_feedback,43,2,5,1,0,-1.0,0.0,1,0,1,0,0.0,-0.019859859255841144
2887,no_feedback,43,6,3,0,0,-1.0,0.0,1,0,1,0,0.0,-0.019859859255841144
2888,no_feedback,43,0,3,0,0,-1.0,0.0,1,0,1,0,0.0,-0.019859859255841144
2889,no_feedback,43,8,3,0,0,-1.0,0.0,1,0,1,0,0.0,-0.019859859255841144
2890,no_feedback,43,3,5,1,0,-1.0,0.0,1,0,1,0,0.0,-0.019859859255841144
2891,no_feedback,43,0,3,0,0,-1.0,0.0,1,0,1,0,0.0,-0.019859859255841144
2892,no_feedback,43,2,3,0,1,1.0,0.0,0,nan,nan,nan,0.0,-0.019859859255841144
2893,no_feedback,43,7,2,0,0,-1.0,0.0,1,1,0,0,0.0,-0.019859859255841144
2894,no_feedback,43,5,5,1,1,1.0,0.0,0,nan,nan,nan,0.0,-0.019859859255841144
2895,no_feedback,43,0,6,1,0,-1.0,0.0,1,1,0,0,0.0,-0.019859859255841144
2896,no_feedback,43,1,5,1,0,-1.0,0.0,1,0,1,0,0.0,-0.019859859255841144
2897,no_feedback,43,1,5,1,0,-1.0,0.0,1,0,1,0,0.0,-0.019859859255841144
2898,no_feedback,43,4,5,1,1,1.0,0.0,0,nan,nan,nan,0.0,-0.019859859255841144
2899,no_feedback,43,6,4,0,0,-1.0,0.0,1,1,0,0,0.0,-0.019859859255841144
2900,no_feedback,43,3,3,0,1,1.0,0.0,0,nan,nan,nan,0.0,-0.019859859255841144
2901,no_feedback,43,3,4,1,1,1.0,0.0,0,nan,nan,nan,0.0,-0.019859859255841144
2902,no_feedback,43,4,5,1,1,1.0,0.0,0,nan,nan,nan,0.0,-0.019859859255841144
2903,no_feedback,43,4,6,1,0,-1.0,0.0,1,3,0,1,0.0,-0.019859859255841144
2904,no_feedback,43,0,3,0,0,-1.0,0.0,1,0,1,0,0.0,-0.019859859255841144
2905,no_feedback,43,8,3,0,0,-1.0,0.0,1,0,1,0,0.0,-0.019859859255841144
2906,no_feedback,43,6,3,0,0,-1.0,0.0,1,0,1,0,0.0,-0.019859859255841144
2907,no_feedback,43,2,5,1,0,-1.0,0.0,1,0,1,0,0.0,-0.019859859255841144
2908,no_feedback,43,5,3,0,0,-1.0,0.0,1,0,1,0,0.0,-0.019859859255841144
2909,no_feedback,43,3,3,0,1,1.0,0.0,0,nan,nan,nan,0.0,-0.019859859255841144
2910,no_feedback,43,1,2,0,1,1.0,0.0,0,nan,nan,nan,0.0,-0.019859859255841144
2911,no_feedback,43,8,1,0,0,-1.0,0.0,1,2,0,0,0.0,-0.019859859255841144
2912,no_feedback,43,3,3,0,1,1.0,0.0,0,nan,nan,nan,0.0,-0.019859859255841144
2913,no_feedback,43,0,4,1,0,-1.0,0.0,1,1,0,0,0.0,-0.019859859255841144
2914,no_feedback,43,6,3,0,0,-1.0,0.0,1,0,1,0,0.0,-0.019859859255841144
2915,no_feedback,43,3,5,1,0,-1.0,0.0,1,0,1,0,0.0,-0.019859859255841144
2916,no_feedback,43,5,3,0,0,-1.0,0.0,1,0,1,0,0.0,-0.019859859255841144
2917,no_feedback,43,7,3,0,0,-1.0,0.0,1,0,1,0,0.0,-0.019859859255841144
2918,no_feedback,43,8,3,0,0,-1.0,0.0,1,0,1,0,0.0,-0.019859859255841144
2919,no_feedback,43,6,5,1,1,1.0,0.0,0,nan,nan,nan,0.0,-0.019859859255841144
2920,no_feedback,43,3,4,0,1,1.0,0.0,0,nan,nan,nan,0.0,-0.019859859255841144
2921,no_feedback,43,5,3,0,0,-1.0,0.0,1,2,0,0,0.0,-0.019859859255841144
2922,no_feedback,43,3,3,0,1,1.0,0.0,0,nan,nan,nan,0.0,-0.019859859255841144
2923,no_feedback,43,0,4,1,0,-1.0,0.0,1,1,0,0,0.0,-0.019859859255841144
2924,no_feedback,43,5,3,0,0,-1.0,0.0,1,0,1,0,0.0,-0.019859859255841144
2925,no_feedback,43,2,5,1,0,-1.0,0.0,1,0,1,0,0.0,-0.019859859255841144
2926,no_feedback,43,7,5,1,0,-1.0,0.0,1,0,1,0,0.0,-0.019859859255841144
2927,no_feedback,43,8,3,0,0,-1.0,0.0,1,0,1,0,0.0,-0.019859859255841144
2928,no_feedback,43,3,3,0,1,1.0,0.0,0,nan,nan,nan,0.0,-0.019859859255841144
2929,no_feedback,43,6,2,0,0,-1.0,0.0,1,1,0,0,0.0,-0.019859859255841144
2930,no_feedback,43,3,5,1,0,-1.0,0.0,1,0,1,0,0.0,-0.019859859255841144
2931,no_feedback,43,1,5,1,0,-1.0,0.0,1,0,1,0,0.0,-0.019859859255841144
2932,no_feedback,43,4,3,0,1,1.0,0.0,0,nan,nan,nan,0.0,-0.019859859255841144
2933,no_feedback,43,3,2,0,1,1.0,0.0,0,nan,nan,nan,0.0,-0.019859859255841144
2934,no_feedback,43,8,1,0,0,-1.0,0.0,1,2,0,0,0.0,-0.019859859255841144
2935,no_feedback,43,1,5,1,0,-1.0,0.0,1,0,1,0,0.0,-0.019859859255841144
2936,no_feedback,43,0,3,0,0,-1.0,0.0,1,0,1,0,0.0,-0.019859859255841144
2937,no_feedback,43,4,3,0,1,1.0,0.0,0,nan,nan,nan,0.0,-0.019859859255841144
2938,no_feedback,43,6,4,1,0,-1.0,0.0,1,1,0,0,0.0,-0.019859859255841144
2939,no_feedback,43,6,3,0,0,-1.0,0.0,1,0,1,0,0.0,-0.019859859255841144
2940,no_feedback,43,3,3,0,1,1.0,0.0,0,nan,nan,nan,0.0,-0.019859859255841144
2941,no_feedback,43,0,2,0,0,-1.0,0.0,1,1,0,0,0.0,-0.019859859255841144
2942,no_feedback,43,0,3,0,0,-1.0,0.0,1,0,1,0,0.0,-0.019859859255841144
2943,no_feedback,43,3,5,1,0,-1.0,0.0,1,0,1,0,0.0,-0.019859859255841144
2944,no_feedback,43,0,3,0,0,-1.0,0.0,1,0,1,0,0.0,-0.019859859255841144
2945,no_feedback,43,5,3,0,0,-1.0,0.0,1,0,1,0,0.0,-0.019859859255841144
2946,no_feedback,43,2,3,0,1,1.0,0.0,0,nan,nan,nan,0.0,-0.019859859255841144
2947,no_feedback,43,8,2,0,0,-1.0,0.0,1,1,0,0,0.0,-0.019859859255841144
2948,no_feedback,43,8,3,0,0,-1.0,0.0,1,0,1,0,0.0,-0.019859859255841144
2949,no_feedback,43,2,5,1,0,-1.0,0.0,1,0,1,0,0.0,-0.019859859255841144
2950,no_feedback,43,8,3,0,0,-1.0,0.0,1,0,1,0,0.0,-0.019859859255841144
2951,no_feedback,43,8,3,0,0,-1.0,0.0,1,0,1,0,0.0,-0.019859859255841144
2952,no_feedback,43,4,3,0,1,1.0,0.0,0,nan,nan,nan,0.0,-0.019859859255841144
2953,no_feedback,43,3,4,1,1,1.0,0.0,0,nan,nan,nan,0.0,-0.019859859255841144
2954,no_feedback,43,0,3,0,0,-1.0,0.0,1,2,0,0,0.0,-0.019859859255841144
2955,no_feedback,43,2,5,1,0,-1.0,0.0,1,0,1,0,0.0,-0.019859859255841144
2956,no_feedback,43,6,5,1,1,1.0,0.0,0,nan,nan,nan,0.0,-0.019859859255841144
2957,no_feedback,43,1,4,0,0,-1.0,0.0,1,1,0,0,0.0,-0.019859859255841144
2958,no_feedback,43,3,3,0,1,1.0,0.0,0,nan,nan,nan,0.0,-0.019859859255841144
2959,no_feedback,43,7,2,0,0,-1.0,0.0,1,1,0,0,0.0,-0.019859859255841144
2960,no_feedback,43,5,3,0,0,-1.0,0.0,1,0,1,0,0.0,-0.019859859255841144
2961,no_feedback,43,3,3,0,1,1.0,0.0,0,nan,nan,nan,0.0,-0.019859859255841144
2962,no_feedback,43,7,2,0,0,-1.0,0.0,1,1,0,0,0.0,-0.019859859255841144
2963,no_feedback,43,3,5,1,0,-1.0,0.0,1,0,1,0,0.0,-0.019859859255841144
2964,no_feedback,43,0,5,1,0,-1.0,0.0,1,0,1,0,0.0,-0.019859859255841144
2965,no_feedback,43,5,3,0,0,-1.0,0.0,1,0,1,0,0.0,-0.019859859255841144
2966,no_feedback,43,0,3,0,0,-1.0,0.0,1,0,1,0,0.0,-0.019859859255841144
2967,no_feedback,43,0,3,0,0,-1.0,0.0,1,0,1,0,0.0,-0.019859859255841144
2968,no_feedback,43,3,5,1,0,-1.0,0.0,1,0,1,0,0.0,-0.019859859255841144
2969,no_feedback,43,4,5,1,1,1.0,0.0,0,nan,nan,nan,0.0,-0.019859859255841144
2970,no_feedback,43,7,4,0,0,-1.0,0.0,1,1,0,0,0.0,-0.019859859255841144
2971,no_feedback,43,7,3,0,0,-1.0,0.0,1,0,1,0,0.0,-0.019859859255841144
2972,no_feedback,43,7,5,1,0,-1.0,0.0,1,0,1,0,0.0,-0.019859859255841144
2973,no_feedback,43,0,3,0,0,-1.0,0.0,1,0,1,0,0.0,-0.019859859255841144
2974,no_feedback,43,8,3,0,0,-1.0,0.0,1,0,1,0,0.0,-0.019859859255841144
2975,no_feedback,43,5,3,0,0,-1.0,0.0,1,0,1,0,0.0,-0.019859859255841144
2976,no_feedback,43,1,3,0,0,-1.0,0.0,1,0,1,0,0.0,-0.019859859255841144
2977,no_feedback,43,0,3,0,0,-1.0,0.0,1,0,1,0,0.0,-0.019859859255841144
2978,no_feedback,43,8,3,0,0,-1.0,0.0,1,0,1,0,0.0,-0.019859859255841144
2979,no_feedback,43,0,3,0,0,-1.0,0.0,1,0,1,0,0.0,-0.019859859255841144
2980,no_feedback,43,6,5,1,1,1.0,0.0,0,nan,nan,nan,0.0,-0.019859859255841144
2981,no_feedback,43,0,6,1,0,-1.0,0.0,1,1,0,0,0.0,-0.019859859255841144
2982,no_feedback,43,4,5,1,1,1.0,0.0,0,nan,nan,nan,0.0,-0.019859859255841144
2983,no_feedback,43,8,4,0,0,-1.0,0.0,1,1,0,0,0.0,-0.019859859255841144
2984,no_feedback,43,8,3,0,0,-1.0,0.0,1,0,1,0,0.0,-0.019859859255841144
2985,no_feedback,43,7,5,1,0,-1.0,0.0,1,0,1,0,0.0,-0.019859859255841144
2986,no_feedback,43,6,5,1,1,1.0,0.0,0,nan,nan,nan,0.0,-0.019859859255841144
2987,no_feedback,43,0,4,0,0,-1.0,0.0,1,1,0,0,0.0,-0.019859859255841144
2988,no_feedback,43,5,3,0,0,-1.0,0.0,1,0,1,0,0.0,-0.019859859255841144
2989,no_feedback,43,0,5,1,0,-1.0,0.0,1,0,1,0,0.0,-0.019859859255841144
2990,no_feedback,43,7,5,1,0,-1.0,0.0,1,0,1,0,0.0,-0.019859859255841144
2991,no_feedback,43,5,3,0,0,-1.0,0.0,1,0,1,0,0.0,-0.019859859255841144
2992,no_feedback,43,2,3,0,1,1.0,0.0,0,nan,nan,nan,0.0,-0.019859859255841144
2993,no_feedback,43,0,2,0,0,-1.0,0.0,1,1,0,0,0.0,-0.019859859255841144
2994,no_feedback,43,6,3,0,0,-1.0,0.0,1,0,1,0,0.0,-0.019859859255841144
2995,no_feedback,43,8,5,1,0,-1.0,0.0,1,0,1,0,0.0,-0.019859859255841144
2996,no_feedback,43,8,3,0,0,-1.0,0.0,1,0,1,0,0.0,-0.019859859255841144
2997,no_feedback,43,4,5,1,1,1.0,0.0,0,nan,nan,nan,0.0,-0.019859859255841144
2998,no_feedback,43,5,6,1,1,1.0,0.0,0,nan,nan,nan,0.0,-0.019859859255841144
2999,no_feedback,43,2,5,0,0,-1.0,0.0,1,2,0,0,0.0,-0.019859859255841144
3000,no_feedback,43,2,3,0,1,1.0,0.0,0,nan,nan,nan,0.0,-0.019859859255841144
