trial,condition,seed,ball,paddle,action,hit,natural_reward,reward_used,rally_ended,completed_rally_length,ace,long_rally,mean_abs_weight_change,mean_weight
1,stimulus,46,4,5,1,1,1.0,1.0,0,nan,nan,nan,1.6412549171794545e-05,0.0013305645857643968
2,stimulus,46,8,4,0,0,-1.0,-1.0,1,1,0,0,2.0190842062473628e-05,0.0013507554278268704
3,stimulus,46,1,3,0,0,-1.0,-1.0,1,0,1,0,0.0,0.0013507554278268704
4,stimulus,46,0,5,1,0,-1.0,-1.0,1,0,1,0,0.0,0.0013507554278268704
5,stimulus,46,4,5,1,1,1.0,1.0,0,nan,nan,nan,6.224292447602566e-06,0.0013445311353792685
6,stimulus,46,2,4,0,0,-1.0,-1.0,1,1,0,0,0.0,0.0013445311353792685
7,stimulus,46,2,5,1,0,-1.0,-1.0,1,0,1,0,9.76720350921151e-05,0.0014422031704713837
8,stimulus,46,5,5,1,1,1.0,1.0,0,nan,nan,nan,0.0,0.0014422031704713837
9,stimulus,46,1,6,1,0,-1.0,-1.0,1,1,0,0,0.0,0.0014422031704713837
10,stimulus,46,8,5,1,0,-1.0,-1.0,1,0,1,0,0.0,0.0014422031704713837
11,stimulus,46,7,3,0,0,-1.0,-1.0,1,0,1,0,2.5093497787203234e-05,0.0014672966682585866
12,stimulus,46,0,3,0,0,-1.0,-1.0,1,0,1,0,0.0,0.0014672966682585866
13,stimulus,46,6,3,0,0,-1.0,-1.0,1,0,1,0,0.0,0.0014672966682585866
14,stimulus,46,5,5,1,1,1.0,1.0,0,nan,nan,nan,0.0,0.0014672966682585866
15,stimulus,46,7,6,1,1,1.0,1.0,0,nan,nan,nan,0.0,0.0014672966682585866
16,stimulus,46,6,7,1,1,1.0,1.0,0,nan,nan,nan,1.692224964866911e-06,0.0014656044432937193
17,stimulus,46,2,8,1,0,-1.0,-1.0,1,3,0,1,0.0,0.0014656044432937193
18,stimulus,46,4,5,1,1,1.0,1.0,0,nan,nan,nan,3.5658303605071113e-06,0.0014691702736542266
19,stimulus,46,4,4,0,1,1.0,1.0,0,nan,nan,nan,0.0,0.0014691702736542266
20,stimulus,46,6,3,0,0,-1.0,-1.0,1,2,0,0,0.0,0.0014691702736542266
21,stimulus,46,6,5,1,1,1.0,1.0,0,nan,nan,nan,0.0,0.0014691702736542266
22,stimulus,46,7,4,0,0,-1.0,-1.0,1,1,0,0,0.0,0.0014691702736542266
23,stimulus,46,5,5,1,1,1.0,1.0,0,nan,nan,nan,0.0,0.0014691702736542266
24,stimulus,46,4,6,1,0,-1.0,-1.0,1,1,0,0,0.0,0.0014691702736542266
25,stimulus,46,4,5,1,1,1.0,1.0,0,nan,nan,nan,1.692224964866911e-06,0.00146747804868936
26,stimulus,46,7,4,0,0,-1.0,-1.0,1,1,0,0,0.0,0.00146747804868936
27,stimulus,46,6,3,0,0,-1.0,-1.0,1,0,1,0,0.0,0.00146747804868936
28,stimulus,46,0,5,1,0,-1.0,-1.0,1,0,1,0,0.0,0.00146747804868936
29,stimulus,46,5,5,1,1,1.0,1.0,0,nan,nan,nan,0.0,0.00146747804868936
30,stimulus,46,6,6,1,1,1.0,1.0,0,nan,nan,nan,0.0,0.00146747804868936
31,stimulus,46,1,7,1,0,-1.0,-1.0,1,2,0,0,0.0,0.00146747804868936
32,stimulus,46,6,3,0,0,-1.0,-1.0,1,0,1,0,0.0,0.00146747804868936
33,stimulus,46,7,3,0,0,-1.0,-1.0,1,0,1,0,3.251032618548014e-05,0.0014999883748748409
34,stimulus,46,0,3,0,0,-1.0,-1.0,1,0,1,0,0.0,0.0014999883748748409
35,stimulus,46,8,5,1,0,-1.0,-1.0,1,0,1,0,0.0,0.0014999883748748409
36,stimulus,46,0,3,0,0,-1.0,-1.0,1,0,1,0,0.0,0.0014999883748748409
37,stimulus,46,2,3,0,1,1.0,1.0,0,nan,nan,nan,0.00011192610341451545,0.0013880622714603254
38,stimulus,46,3,4,1,1,1.0,1.0,0,nan,nan,nan,1.692224964866911e-06,0.0013863700464954581
39,stimulus,46,2,5,1,0,-1.0,-1.0,1,2,0,0,9.76720350921151e-05,0.0014840420815875736
40,stimulus,46,2,5,1,0,-1.0,-1.0,1,0,1,0,0.00011192610341451545,0.001595968185002089
41,stimulus,46,7,3,0,0,-1.0,-1.0,1,0,1,0,3.764856450707268e-05,0.0016336167495091612
42,stimulus,46,2,5,1,0,-1.0,-1.0,1,0,1,0,0.00011192610341451545,0.0017455428529236767
43,stimulus,46,2,5,1,0,-1.0,-1.0,1,0,1,0,0.00011192610341451545,0.0018574689563381924
44,stimulus,46,7,3,0,0,-1.0,-1.0,1,0,1,0,1.0869708077459737e-05,0.0018683386644156516
45,stimulus,46,8,5,1,0,-1.0,-1.0,1,0,1,0,0.0,0.0018683386644156516
46,stimulus,46,0,3,0,0,-1.0,-1.0,1,0,1,0,0.0,0.0018683386644156516
47,stimulus,46,2,5,1,0,-1.0,-1.0,1,0,1,0,0.00013460757081971842,0.00200294623523537
48,stimulus,46,1,5,1,0,-1.0,-1.0,1,0,1,0,0.0,0.00200294623523537
49,stimulus,46,3,5,1,0,-1.0,-1.0,1,0,1,0,0.0,0.00200294623523537
50,stimulus,46,5,3,0,0,-1.0,-1.0,1,0,1,0,0.0,0.00200294623523537
51,stimulus,46,5,5,1,1,1.0,1.0,0,nan,nan,nan,0.0,0.00200294623523537
52,stimulus,46,4,6,1,0,-1.0,-1.0,1,1,0,0,0.0,0.00200294623523537
53,stimulus,46,0,3,0,0,-1.0,-1.0,1,0,1,0,0.0,0.00200294623523537
54,stimulus,46,4,5,1,1,1.0,1.0,0,nan,nan,nan,3.5658303605071113e-06,0.002006512065595877
55,stimulus,46,1,6,1,0,-1.0,-1.0,1,1,0,0,0.0,0.002006512065595877
56,stimulus,46,6,5,1,1,1.0,1.0,0,nan,nan,nan,0.0,0.002006512065595877
57,stimulus,46,2,4,0,0,-1.0,-1.0,1,1,0,0,0.0,0.002006512065595877
58,stimulus,46,0,3,0,0,-1.0,-1.0,1,0,1,0,0.0,0.002006512065595877
59,stimulus,46,8,3,0,0,-1.0,-1.0,1,0,1,0,0.0,0.002006512065595877
60,stimulus,46,6,3,0,0,-1.0,-1.0,1,0,1,0,0.0,0.002006512065595877
61,stimulus,46,5,5,1,1,1.0,1.0,0,nan,nan,nan,0.0,0.002006512065595877
62,stimulus,46,5,6,1,1,1.0,1.0,0,nan,nan,nan,1.692224964866911e-06,0.0020048198406310107
63,stimulus,46,6,7,1,1,1.0,1.0,0,nan,nan,nan,1.692224964866911e-06,0.0020031276156661434
64,stimulus,46,8,6,0,0,-1.0,-1.0,1,3,0,1,0.0,0.0020031276156661434
65,stimulus,46,7,3,0,0,-1.0,-1.0,1,0,1,0,1.0869708077459737e-05,0.0020139973237436035
66,stimulus,46,5,5,1,1,1.0,1.0,0,nan,nan,nan,0.0,0.0020139973237436035
67,stimulus,46,8,4,0,0,-1.0,-1.0,1,1,0,0,2.1685384710597065e-05,0.0020356827084542007
68,stimulus,46,8,3,0,0,-1.0,-1.0,1,0,1,0,0.0,0.0020356827084542007
69,stimulus,46,7,3,0,0,-1.0,-1.0,1,0,1,0,3.0208543470806074e-05,0.0020658912519250067
70,stimulus,46,4,5,1,1,1.0,1.0,0,nan,nan,nan,1.692224964866911e-06,0.0020641990269601404
71,stimulus,46,4,6,1,0,-1.0,-1.0,1,1,0,0,0.0,0.0020641990269601404
72,stimulus,46,6,5,1,1,1.0,1.0,0,nan,nan,nan,0.0,0.0020641990269601404
73,stimulus,46,1,4,0,0,-1.0,-1.0,1,1,0,0,0.0,0.0020641990269601404
74,stimulus,46,0,3,0,0,-1.0,-1.0,1,0,1,0,0.0,0.0020641990269601404
75,stimulus,46,5,5,1,1,1.0,1.0,0,nan,nan,nan,0.0,0.0020641990269601404
76,stimulus,46,2,6,1,0,-1.0,-1.0,1,1,0,0,0.0,0.0020641990269601404
77,stimulus,46,6,3,0,0,-1.0,-1.0,1,0,1,0,0.0,0.0020641990269601404
78,stimulus,46,1,5,1,0,-1.0,-1.0,1,0,1,0,0.0,0.0020641990269601404
79,stimulus,46,6,5,1,1,1.0,1.0,0,nan,nan,nan,0.0,0.0020641990269601404
80,stimulus,46,4,4,0,1,1.0,1.0,0,nan,nan,nan,0.0,0.0020641990269601404
81,stimulus,46,3,5,1,0,-1.0,-1.0,1,2,0,0,0.0,0.0020641990269601404
82,stimulus,46,4,5,1,1,1.0,1.0,0,nan,nan,nan,3.5658303605071113e-06,0.0020677648573206473
83,stimulus,46,1,6,1,0,-1.0,-1.0,1,1,0,0,0.0,0.0020677648573206473
84,stimulus,46,1,3,0,0,-1.0,-1.0,1,0,1,0,0.0,0.0020677648573206473
85,stimulus,46,2,5,1,0,-1.0,-1.0,1,0,1,0,0.00013460757081971842,0.002202372428140366
86,stimulus,46,4,5,1,1,1.0,1.0,0,nan,nan,nan,1.692224964866911e-06,0.0022006802031754986
87,stimulus,46,1,4,0,0,-1.0,-1.0,1,1,0,0,0.0,0.0022006802031754986
88,stimulus,46,1,5,1,0,-1.0,-1.0,1,0,1,0,0.0,0.0022006802031754986
89,stimulus,46,4,5,1,1,1.0,1.0,0,nan,nan,nan,1.692224964866911e-06,0.002198987978210632
90,stimulus,46,4,6,1,0,-1.0,-1.0,1,1,0,0,0.0,0.002198987978210632
91,stimulus,46,3,3,0,1,1.0,1.0,0,nan,nan,nan,0.0,0.002198987978210632
92,stimulus,46,8,2,0,0,-1.0,-1.0,1,1,0,0,0.00017600087020619594,0.002374988848416828
93,stimulus,46,6,3,0,0,-1.0,-1.0,1,0,1,0,0.0,0.002374988848416828
94,stimulus,46,4,5,1,1,1.0,1.0,0,nan,nan,nan,3.5658303605071113e-06,0.0023785546787773353
95,stimulus,46,2,4,0,0,-1.0,-1.0,1,1,0,0,0.0,0.0023785546787773353
96,stimulus,46,4,5,1,1,1.0,1.0,0,nan,nan,nan,1.692224964866911e-06,0.002376862453812468
97,stimulus,46,4,4,0,1,1.0,1.0,0,nan,nan,nan,0.0,0.002376862453812468
98,stimulus,46,4,5,1,1,1.0,1.0,0,nan,nan,nan,1.692224964866911e-06,0.0023751702288476013
99,stimulus,46,7,4,0,0,-1.0,-1.0,1,3,0,1,0.0,0.0023751702288476013
100,stimulus,46,2,5,1,0,-1.0,-1.0,1,0,1,0,0.00013460757081971842,0.0025097777996673197
101,stimulus,46,8,3,0,0,-1.0,-1.0,1,0,1,0,0.0,0.0025097777996673197
102,stimulus,46,5,5,1,1,1.0,1.0,0,nan,nan,nan,0.0,0.0025097777996673197
103,stimulus,46,2,4,0,0,-1.0,-1.0,1,1,0,0,0.0,0.0025097777996673197
104,stimulus,46,1,5,1,0,-1.0,-1.0,1,0,1,0,0.0,0.0025097777996673197
105,stimulus,46,0,5,1,0,-1.0,-1.0,1,0,1,0,0.0,0.0025097777996673197
106,stimulus,46,0,5,1,0,-1.0,-1.0,1,0,1,0,0.0,0.0025097777996673197
107,stimulus,46,7,3,0,0,-1.0,-1.0,1,0,1,0,3.694577441064472e-05,0.0025467235740779643
108,stimulus,46,4,5,1,1,1.0,1.0,0,nan,nan,nan,3.5658303605071113e-06,0.0025502894044384717
109,stimulus,46,5,6,1,1,1.0,1.0,0,nan,nan,nan,1.692224964866911e-06,0.0025485971794736045
110,stimulus,46,1,5,0,0,-1.0,-1.0,1,2,0,0,0.0,0.0025485971794736045
111,stimulus,46,4,5,1,1,1.0,1.0,0,nan,nan,nan,1.692224964866911e-06,0.0025469049545087377
112,stimulus,46,6,6,1,1,1.0,1.0,0,nan,nan,nan,0.0,0.0025469049545087377
113,stimulus,46,4,7,1,0,-1.0,-1.0,1,2,0,0,0.00012640130812300882,0.0026733062626317465
114,stimulus,46,5,5,1,1,1.0,1.0,0,nan,nan,nan,0.0,0.0026733062626317465
115,stimulus,46,2,6,1,0,-1.0,-1.0,1,1,0,0,0.0,0.0026733062626317465
116,stimulus,46,4,5,1,1,1.0,1.0,0,nan,nan,nan,3.5658303605071113e-06,0.002676872092992254
117,stimulus,46,3,6,1,0,-1.0,-1.0,1,1,0,0,0.00012640130812300882,0.0028032734011152623
118,stimulus,46,1,5,1,0,-1.0,-1.0,1,0,1,0,0.0,0.0028032734011152623
119,stimulus,46,8,5,1,0,-1.0,-1.0,1,0,1,0,0.0,0.0028032734011152623
120,stimulus,46,3,5,1,0,-1.0,-1.0,1,0,1,0,0.0,0.0028032734011152623
121,stimulus,46,2,5,1,0,-1.0,-1.0,1,0,1,0,0.00012640130812300882,0.002929674709238271
122,stimulus,46,8,3,0,0,-1.0,-1.0,1,0,1,0,0.0,0.002929674709238271
123,stimulus,46,3,5,1,0,-1.0,-1.0,1,0,1,0,0.0,0.002929674709238271
124,stimulus,46,6,3,0,0,-1.0,-1.0,1,0,1,0,0.0,0.002929674709238271
125,stimulus,46,7,3,0,0,-1.0,-1.0,1,0,1,0,4.229405998385558e-05,0.0029719687692221267
126,stimulus,46,7,3,0,0,-1.0,-1.0,1,0,1,0,1.270312469632116e-05,0.0029846718939184483
127,stimulus,46,5,5,1,1,1.0,1.0,0,nan,nan,nan,0.0,0.0029846718939184483
128,stimulus,46,1,4,0,0,-1.0,-1.0,1,1,0,0,0.0,0.0029846718939184483
129,stimulus,46,8,5,1,0,-1.0,-1.0,1,0,1,0,0.0,0.0029846718939184483
130,stimulus,46,8,5,1,0,-1.0,-1.0,1,0,1,0,0.0,0.0029846718939184483
131,stimulus,46,5,5,1,1,1.0,1.0,0,nan,nan,nan,0.0,0.0029846718939184483
132,stimulus,46,3,6,1,0,-1.0,-1.0,1,1,0,0,0.00012640130812300882,0.0031110732020414567
133,stimulus,46,0,5,1,0,-1.0,-1.0,1,0,1,0,0.0,0.0031110732020414567
134,stimulus,46,3,5,1,0,-1.0,-1.0,1,0,1,0,0.0,0.0031110732020414567
135,stimulus,46,6,3,0,0,-1.0,-1.0,1,0,1,0,0.0,0.0031110732020414567
136,stimulus,46,3,5,1,0,-1.0,-1.0,1,0,1,0,0.0,0.0031110732020414567
137,stimulus,46,2,3,0,1,1.0,1.0,0,nan,nan,nan,0.00013254880891139673,0.0029785243931300604
138,stimulus,46,0,4,1,0,-1.0,-1.0,1,1,0,0,0.0,0.0029785243931300604
139,stimulus,46,5,3,0,0,-1.0,-1.0,1,0,1,0,0.0,0.0029785243931300604
140,stimulus,46,6,5,1,1,1.0,1.0,0,nan,nan,nan,0.0,0.0029785243931300604
141,stimulus,46,6,4,0,0,-1.0,-1.0,1,1,0,0,0.0,0.0029785243931300604
142,stimulus,46,2,5,1,0,-1.0,-1.0,1,0,1,0,0.00012640130812300882,0.0031049257012530688
143,stimulus,46,7,3,0,0,-1.0,-1.0,1,0,1,0,1.270312469632116e-05,0.0031176288259493895
144,stimulus,46,4,5,1,1,1.0,1.0,0,nan,nan,nan,1.692224964866911e-06,0.0031159366009845223
145,stimulus,46,3,6,1,0,-1.0,-1.0,1,1,0,0,0.00013254880891139673,0.003248485409895919
146,stimulus,46,8,5,1,0,-1.0,-1.0,1,0,1,0,0.0,0.003248485409895919
147,stimulus,46,4,5,1,1,1.0,1.0,0,nan,nan,nan,1.692224964866911e-06,0.0032467931849310522
148,stimulus,46,5,6,1,1,1.0,1.0,0,nan,nan,nan,3.5658303605071113e-06,0.0032503590152915597
149,stimulus,46,4,7,1,0,-1.0,-1.0,1,2,0,0,0.00013254880891139673,0.003382907824202956
150,stimulus,46,8,5,1,0,-1.0,-1.0,1,0,1,0,0.0,0.003382907824202956
151,stimulus,46,4,5,1,1,1.0,1.0,0,nan,nan,nan,1.692224964866911e-06,0.0033812155992380888
152,stimulus,46,1,6,1,0,-1.0,-1.0,1,1,0,0,0.0,0.0033812155992380888
153,stimulus,46,1,3,0,0,-1.0,-1.0,1,0,1,0,0.0,0.0033812155992380888
154,stimulus,46,3,3,0,1,1.0,1.0,0,nan,nan,nan,0.0,0.0033812155992380888
155,stimulus,46,7,2,0,0,-1.0,-1.0,1,1,0,0,0.0,0.0033812155992380888
156,stimulus,46,6,5,1,1,1.0,1.0,0,nan,nan,nan,0.0,0.0033812155992380888
157,stimulus,46,1,6,1,0,-1.0,-1.0,1,1,0,0,0.0,0.0033812155992380888
158,stimulus,46,2,5,1,0,-1.0,-1.0,1,0,1,0,0.00013254880891139673,0.0035137644081494855
159,stimulus,46,6,3,0,0,-1.0,-1.0,1,0,1,0,0.0,0.0035137644081494855
160,stimulus,46,4,5,1,1,1.0,1.0,0,nan,nan,nan,1.692224964866911e-06,0.003512072183184619
161,stimulus,46,5,6,1,1,1.0,1.0,0,nan,nan,nan,3.5658303605071113e-06,0.003515638013545126
162,stimulus,46,0,5,0,0,-1.0,-1.0,1,2,0,0,0.0,0.003515638013545126
163,stimulus,46,2,5,1,0,-1.0,-1.0,1,0,1,0,0.00013254880891139673,0.003648186822456523
164,stimulus,46,5,5,1,1,1.0,1.0,0,nan,nan,nan,0.0,0.003648186822456523
165,stimulus,46,1,6,1,0,-1.0,-1.0,1,1,0,0,0.0,0.003648186822456523
166,stimulus,46,4,5,1,1,1.0,1.0,0,nan,nan,nan,1.692224964866911e-06,0.0036464945974916557
167,stimulus,46,3,6,1,0,-1.0,-1.0,1,1,0,0,0.00013254880891139673,0.003779043406403052
168,stimulus,46,8,3,0,0,-1.0,-1.0,1,0,1,0,0.0,0.003779043406403052
169,stimulus,46,8,3,0,0,-1.0,-1.0,1,0,1,0,0.0,0.003779043406403052
170,stimulus,46,3,5,1,0,-1.0,-1.0,1,0,1,0,0.0,0.003779043406403052
171,stimulus,46,3,5,1,0,-1.0,-1.0,1,0,1,0,0.0,0.003779043406403052
172,stimulus,46,4,5,1,1,1.0,1.0,0,nan,nan,nan,1.692224964866911e-06,0.0037773511814381856
173,stimulus,46,1,6,1,0,-1.0,-1.0,1,1,0,0,0.0,0.0037773511814381856
174,stimulus,46,5,3,0,0,-1.0,-1.0,1,0,1,0,0.0,0.0037773511814381856
175,stimulus,46,7,3,0,0,-1.0,-1.0,1,0,1,0,2.8297562925380047e-05,0.0038056487443635656
176,stimulus,46,6,3,0,0,-1.0,-1.0,1,0,1,0,0.0,0.0038056487443635656
177,stimulus,46,6,3,0,0,-1.0,-1.0,1,0,1,0,0.0,0.0038056487443635656
178,stimulus,46,2,5,1,0,-1.0,-1.0,1,0,1,0,0.00016403014906133027,0.003969678893424896
179,stimulus,46,5,5,1,1,1.0,1.0,0,nan,nan,nan,0.0,0.003969678893424896
180,stimulus,46,5,6,1,1,1.0,1.0,0,nan,nan,nan,3.5658303605071113e-06,0.003973244723785402
181,stimulus,46,6,7,1,1,1.0,1.0,0,nan,nan,nan,1.692224964866911e-06,0.003971552498820535
182,stimulus,46,2,8,1,0,-1.0,-1.0,1,3,0,1,0.0,0.003971552498820535
183,stimulus,46,0,5,1,0,-1.0,-1.0,1,0,1,0,0.0,0.003971552498820535
184,stimulus,46,0,3,0,0,-1.0,-1.0,1,0,1,0,0.0,0.003971552498820535
185,stimulus,46,8,3,0,0,-1.0,-1.0,1,0,1,0,0.0,0.003971552498820535
186,stimulus,46,8,5,1,0,-1.0,-1.0,1,0,1,0,0.0,0.003971552498820535
187,stimulus,46,4,5,1,1,1.0,1.0,0,nan,nan,nan,1.692224964866911e-06,0.003969860273855669
188,stimulus,46,7,4,0,0,-1.0,-1.0,1,1,0,0,0.0,0.003969860273855669
189,stimulus,46,3,5,1,0,-1.0,-1.0,1,0,1,0,0.0,0.003969860273855669
190,stimulus,46,3,5,1,0,-1.0,-1.0,1,0,1,0,0.0,0.003969860273855669
191,stimulus,46,1,3,0,0,-1.0,-1.0,1,0,1,0,0.0,0.003969860273855669
192,stimulus,46,0,5,1,0,-1.0,-1.0,1,0,1,0,0.0,0.003969860273855669
193,stimulus,46,1,3,0,0,-1.0,-1.0,1,0,1,0,0.0,0.003969860273855669
194,stimulus,46,4,5,1,1,1.0,1.0,0,nan,nan,nan,3.5658303605071113e-06,0.003973426104216176
195,stimulus,46,5,6,1,1,1.0,1.0,0,nan,nan,nan,1.692224964866911e-06,0.003971733879251309
196,stimulus,46,4,7,1,0,-1.0,-1.0,1,2,0,0,0.00016403014906133027,0.004135764028312639
197,stimulus,46,3,3,0,1,1.0,1.0,0,nan,nan,nan,0.0,0.004135764028312639
198,stimulus,46,5,2,0,0,-1.0,-1.0,1,1,0,0,0.0,0.004135764028312639
199,stimulus,46,2,5,1,0,-1.0,-1.0,1,0,1,0,0.00016403014906133027,0.004299794177373968
200,stimulus,46,3,5,1,0,-1.0,-1.0,1,0,1,0,0.0,0.004299794177373968
201,stimulus,46,4,5,1,1,1.0,1.0,0,nan,nan,nan,1.692224964866911e-06,0.004298101952409102
202,stimulus,46,6,6,1,1,1.0,1.0,0,nan,nan,nan,0.0,0.004298101952409102
203,stimulus,46,0,5,0,0,-1.0,-1.0,1,2,0,0,0.0,0.004298101952409102
204,stimulus,46,6,3,0,0,-1.0,-1.0,1,0,1,0,0.0,0.004298101952409102
205,stimulus,46,4,5,1,1,1.0,1.0,0,nan,nan,nan,3.5658303605071113e-06,0.004301667782769609
206,stimulus,46,4,6,1,0,-1.0,-1.0,1,1,0,0,0.0,0.004301667782769609
207,stimulus,46,6,5,1,1,1.0,1.0,0,nan,nan,nan,0.0,0.004301667782769609
208,stimulus,46,1,6,1,0,-1.0,-1.0,1,1,0,0,0.0,0.004301667782769609
209,stimulus,46,4,5,1,1,1.0,1.0,0,nan,nan,nan,1.692224964866911e-06,0.004299975557804742
210,stimulus,46,0,4,0,0,-1.0,-1.0,1,1,0,0,0.0,0.004299975557804742
211,stimulus,46,7,3,0,0,-1.0,-1.0,1,0,1,0,2.8297562925380047e-05,0.004328273120730122
212,stimulus,46,3,5,1,0,-1.0,-1.0,1,0,1,0,0.0,0.004328273120730122
213,stimulus,46,6,3,0,0,-1.0,-1.0,1,0,1,0,0.0,0.004328273120730122
214,stimulus,46,7,3,0,0,-1.0,-1.0,1,0,1,0,4.00503168198665e-05,0.004368323437549988
215,stimulus,46,5,3,0,0,-1.0,-1.0,1,0,1,0,0.0,0.004368323437549988
216,stimulus,46,3,3,0,1,1.0,1.0,0,nan,nan,nan,0.0,0.004368323437549988
217,stimulus,46,2,4,1,0,-1.0,-1.0,1,1,0,0,0.0,0.004368323437549988
218,stimulus,46,2,5,1,0,-1.0,-1.0,1,0,1,0,0.00016403014906133027,0.004532353586611318
219,stimulus,46,1,3,0,0,-1.0,-1.0,1,0,1,0,0.0,0.004532353586611318
220,stimulus,46,3,3,0,1,1.0,1.0,0,nan,nan,nan,0.0,0.004532353586611318
221,stimulus,46,5,4,1,1,1.0,1.0,0,nan,nan,nan,0.0,0.004532353586611318
222,stimulus,46,5,5,1,1,1.0,1.0,0,nan,nan,nan,0.0,0.004532353586611318
223,stimulus,46,8,4,0,0,-1.0,-1.0,1,3,0,1,4.8951643907011484e-05,0.004581305230518329
224,stimulus,46,2,5,1,0,-1.0,-1.0,1,0,1,0,0.00016403014906133027,0.004745335379579659
225,stimulus,46,1,3,0,0,-1.0,-1.0,1,0,1,0,0.0,0.004745335379579659
226,stimulus,46,6,3,0,0,-1.0,-1.0,1,0,1,0,0.0,0.004745335379579659
227,stimulus,46,4,5,1,1,1.0,1.0,0,nan,nan,nan,1.692224964866911e-06,0.004743643154614793
228,stimulus,46,0,4,0,0,-1.0,-1.0,1,1,0,0,0.0,0.004743643154614793
229,stimulus,46,8,5,1,0,-1.0,-1.0,1,0,1,0,0.0,0.004743643154614793
230,stimulus,46,7,3,0,0,-1.0,-1.0,1,0,1,0,5.5741937782210915e-05,0.004799385092397004
231,stimulus,46,6,3,0,0,-1.0,-1.0,1,0,1,0,0.0,0.004799385092397004
232,stimulus,46,0,3,0,0,-1.0,-1.0,1,0,1,0,0.0,0.004799385092397004
233,stimulus,46,0,5,1,0,-1.0,-1.0,1,0,1,0,0.0,0.004799385092397004
234,stimulus,46,1,3,0,0,-1.0,-1.0,1,0,1,0,0.0,0.004799385092397004
235,stimulus,46,6,3,0,0,-1.0,-1.0,1,0,1,0,0.0,0.004799385092397004
236,stimulus,46,4,5,1,1,1.0,1.0,0,nan,nan,nan,3.5658303605071113e-06,0.004802950922757511
237,stimulus,46,1,6,1,0,-1.0,-1.0,1,1,0,0,0.0,0.004802950922757511
238,stimulus,46,4,5,1,1,1.0,1.0,0,nan,nan,nan,1.692224964866911e-06,0.004801258697792644
239,stimulus,46,6,4,0,0,-1.0,-1.0,1,1,0,0,0.0,0.004801258697792644
240,stimulus,46,4,5,1,1,1.0,1.0,0,nan,nan,nan,1.692224964866911e-06,0.004799566472827777
241,stimulus,46,5,6,1,1,1.0,1.0,0,nan,nan,nan,1.692224964866911e-06,0.00479787424786291
242,stimulus,46,4,7,1,0,-1.0,-1.0,1,2,0,0,0.00017713899962048241,0.004975013247483393
243,stimulus,46,5,5,1,1,1.0,1.0,0,nan,nan,nan,0.0,0.004975013247483393
244,stimulus,46,1,6,1,0,-1.0,-1.0,1,1,0,0,0.0,0.004975013247483393
245,stimulus,46,4,5,1,1,1.0,1.0,0,nan,nan,nan,3.5658303605071113e-06,0.0049785790778439
246,stimulus,46,2,6,1,0,-1.0,-1.0,1,1,0,0,0.0,0.0049785790778439
247,stimulus,46,7,3,0,0,-1.0,-1.0,1,0,1,0,2.8379500337482363e-05,0.005006958578181382
248,stimulus,46,5,3,0,0,-1.0,-1.0,1,0,1,0,0.0,0.005006958578181382
249,stimulus,46,0,3,0,0,-1.0,-1.0,1,0,1,0,0.0,0.005006958578181382
250,stimulus,46,4,5,1,1,1.0,1.0,0,nan,nan,nan,1.692224964866911e-06,0.0050052663532165155
251,stimulus,46,3,6,1,0,-1.0,-1.0,1,1,0,0,0.00017713899962048241,0.0051824053528369985
252,stimulus,46,6,5,1,1,1.0,1.0,0,nan,nan,nan,0.0,0.0051824053528369985
253,stimulus,46,7,4,0,0,-1.0,-1.0,1,1,0,0,0.0,0.0051824053528369985
254,stimulus,46,2,5,1,0,-1.0,-1.0,1,0,1,0,0.00017713899962048241,0.005359544352457481
255,stimulus,46,4,5,1,1,1.0,1.0,0,nan,nan,nan,1.692224964866911e-06,0.0053578521274926134
256,stimulus,46,1,4,0,0,-1.0,-1.0,1,1,0,0,0.0,0.0053578521274926134
257,stimulus,46,8,3,0,0,-1.0,-1.0,1,0,1,0,0.0,0.0053578521274926134
258,stimulus,46,6,5,1,1,1.0,1.0,0,nan,nan,nan,0.0,0.0053578521274926134
259,stimulus,46,4,4,0,1,1.0,1.0,0,nan,nan,nan,0.0,0.0053578521274926134
260,stimulus,46,1,5,1,0,-1.0,-1.0,1,2,0,0,0.0,0.0053578521274926134
261,stimulus,46,0,3,0,0,-1.0,-1.0,1,0,1,0,0.0,0.0053578521274926134
262,stimulus,46,6,3,0,0,-1.0,-1.0,1,0,1,0,0.0,0.0053578521274926134
263,stimulus,46,2,5,1,0,-1.0,-1.0,1,0,1,0,0.00017713899962048241,0.005534991127113096
264,stimulus,46,5,5,1,1,1.0,1.0,0,nan,nan,nan,0.0,0.005534991127113096
265,stimulus,46,2,6,1,0,-1.0,-1.0,1,1,0,0,0.0,0.005534991127113096
266,stimulus,46,6,5,1,1,1.0,1.0,0,nan,nan,nan,0.0,0.005534991127113096
267,stimulus,46,5,6,1,1,1.0,1.0,0,nan,nan,nan,3.5658303605071113e-06,0.005538556957473602
268,stimulus,46,6,7,1,1,1.0,1.0,0,nan,nan,nan,1.692224964866911e-06,0.005536864732508736
269,stimulus,46,0,6,0,0,-1.0,-1.0,1,3,0,1,0.0,0.005536864732508736
270,stimulus,46,3,3,0,1,1.0,1.0,0,nan,nan,nan,0.0,0.005536864732508736
271,stimulus,46,2,4,1,0,-1.0,-1.0,1,1,0,0,0.0,0.005536864732508736
272,stimulus,46,2,5,1,0,-1.0,-1.0,1,0,1,0,0.00017713899962048241,0.005714003732129219
273,stimulus,46,3,3,0,1,1.0,1.0,0,nan,nan,nan,0.0,0.005714003732129219
274,stimulus,46,3,4,1,1,1.0,1.0,0,nan,nan,nan,1.692224964866911e-06,0.005712311507164352
275,stimulus,46,7,3,0,0,-1.0,-1.0,1,2,0,0,4.564691316865552e-05,0.005757958420333007
276,stimulus,46,1,3,0,0,-1.0,-1.0,1,0,1,0,0.0,0.005757958420333007
277,stimulus,46,8,3,0,0,-1.0,-1.0,1,0,1,0,0.0,0.005757958420333007
278,stimulus,46,0,3,0,0,-1.0,-1.0,1,0,1,0,0.0,0.005757958420333007
279,stimulus,46,6,3,0,0,-1.0,-1.0,1,0,1,0,0.0,0.005757958420333007
280,stimulus,46,5,5,1,1,1.0,1.0,0,nan,nan,nan,0.0,0.005757958420333007
281,stimulus,46,3,6,1,0,-1.0,-1.0,1,1,0,0,0.00017713899962048241,0.00593509741995349
282,stimulus,46,1,3,0,0,-1.0,-1.0,1,0,1,0,0.0,0.00593509741995349
283,stimulus,46,7,3,0,0,-1.0,-1.0,1,0,1,0,5.814900685721708e-05,0.005993246426810706
284,stimulus,46,1,5,1,0,-1.0,-1.0,1,0,1,0,0.0,0.005993246426810706
285,stimulus,46,1,5,1,0,-1.0,-1.0,1,0,1,0,0.0,0.005993246426810706
286,stimulus,46,1,5,1,0,-1.0,-1.0,1,0,1,0,0.0,0.005993246426810706
287,stimulus,46,1,5,1,0,-1.0,-1.0,1,0,1,0,0.0,0.005993246426810706
288,stimulus,46,3,5,1,0,-1.0,-1.0,1,0,1,0,0.0,0.005993246426810706
289,stimulus,46,2,5,1,0,-1.0,-1.0,1,0,1,0,0.00017713899962048241,0.0061703854264311886
290,stimulus,46,8,5,1,0,-1.0,-1.0,1,0,1,0,0.0,0.0061703854264311886
291,stimulus,46,1,3,0,0,-1.0,-1.0,1,0,1,0,0.0,0.0061703854264311886
292,stimulus,46,6,3,0,0,-1.0,-1.0,1,0,1,0,0.0,0.0061703854264311886
293,stimulus,46,4,5,1,1,1.0,1.0,0,nan,nan,nan,3.5658303605071113e-06,0.006173951256791696
294,stimulus,46,2,6,1,0,-1.0,-1.0,1,1,0,0,0.0,0.006173951256791696
295,stimulus,46,2,5,1,0,-1.0,-1.0,1,0,1,0,0.00023556238503779622,0.006409513641829493
296,stimulus,46,0,5,1,0,-1.0,-1.0,1,0,1,0,0.0,0.006409513641829493
297,stimulus,46,4,5,1,1,1.0,1.0,0,nan,nan,nan,1.692224964866911e-06,0.0064078214168646255
298,stimulus,46,6,4,0,0,-1.0,-1.0,1,1,0,0,0.0,0.0064078214168646255
299,stimulus,46,8,5,1,0,-1.0,-1.0,1,0,1,0,0.0,0.0064078214168646255
300,stimulus,46,0,3,0,0,-1.0,-1.0,1,0,1,0,0.0,0.0064078214168646255
301,stimulus,46,6,3,0,0,-1.0,-1.0,1,0,1,0,0.0,0.0064078214168646255
302,stimulus,46,8,5,1,0,-1.0,-1.0,1,0,1,0,0.0,0.0064078214168646255
303,stimulus,46,3,3,0,1,1.0,1.0,0,nan,nan,nan,0.0,0.0064078214168646255
304,stimulus,46,6,2,0,0,-1.0,-1.0,1,1,0,0,2.47848906668625e-05,0.0064326063075314886
305,stimulus,46,1,5,1,0,-1.0,-1.0,1,0,1,0,0.0,0.0064326063075314886
306,stimulus,46,2,5,1,0,-1.0,-1.0,1,0,1,0,0.00023556238503779622,0.006668168692569284
307,stimulus,46,7,3,0,0,-1.0,-1.0,1,0,1,0,2.47848906668625e-05,0.006692953583236147
308,stimulus,46,0,3,0,0,-1.0,-1.0,1,0,1,0,0.0,0.006692953583236147
309,stimulus,46,4,5,1,1,1.0,1.0,0,nan,nan,nan,1.692224964866911e-06,0.00669126135827128
310,stimulus,46,6,6,1,1,1.0,1.0,0,nan,nan,nan,0.0,0.00669126135827128
311,stimulus,46,3,7,1,0,-1.0,-1.0,1,2,0,0,0.0,0.00669126135827128
312,stimulus,46,2,5,1,0,-1.0,-1.0,1,0,1,0,0.00023556238503779622,0.006926823743309077
313,stimulus,46,4,5,1,1,1.0,1.0,0,nan,nan,nan,3.5658303605071113e-06,0.0069303895736695835
314,stimulus,46,6,6,1,1,1.0,1.0,0,nan,nan,nan,0.0,0.0069303895736695835
315,stimulus,46,8,5,0,0,-1.0,-1.0,1,2,0,0,0.0,0.0069303895736695835
316,stimulus,46,7,3,0,0,-1.0,-1.0,1,0,1,0,4.95617739818296e-05,0.0069799513476514145
317,stimulus,46,4,5,1,1,1.0,1.0,0,nan,nan,nan,1.692224964866911e-06,0.006978259122686547
318,stimulus,46,7,4,0,0,-1.0,-1.0,1,1,0,0,0.0,0.006978259122686547
319,stimulus,46,5,3,0,0,-1.0,-1.0,1,0,1,0,0.0,0.006978259122686547
320,stimulus,46,0,5,1,0,-1.0,-1.0,1,0,1,0,0.0,0.006978259122686547
321,stimulus,46,3,5,1,0,-1.0,-1.0,1,0,1,0,0.0,0.006978259122686547
322,stimulus,46,4,5,1,1,1.0,1.0,0,nan,nan,nan,1.692224964866911e-06,0.00697656689772168
323,stimulus,46,0,4,0,0,-1.0,-1.0,1,1,0,0,0.0,0.00697656689772168
324,stimulus,46,1,5,1,0,-1.0,-1.0,1,0,1,0,0.0,0.00697656689772168
325,stimulus,46,2,5,1,0,-1.0,-1.0,1,0,1,0,0.00023556238503779622,0.007212129282759476
326,stimulus,46,1,3,0,0,-1.0,-1.0,1,0,1,0,0.0,0.007212129282759476
327,stimulus,46,4,5,1,1,1.0,1.0,0,nan,nan,nan,3.5658303605071113e-06,0.007215695113119982
328,stimulus,46,4,6,1,0,-1.0,-1.0,1,1,0,0,0.0,0.007215695113119982
329,stimulus,46,6,5,1,1,1.0,1.0,0,nan,nan,nan,0.0,0.007215695113119982
330,stimulus,46,8,4,0,0,-1.0,-1.0,1,1,0,0,4.95617739818296e-05,0.007265256887101812
331,stimulus,46,3,3,0,1,1.0,1.0,0,nan,nan,nan,0.0,0.007265256887101812
332,stimulus,46,3,4,1,1,1.0,1.0,0,nan,nan,nan,1.692224964866911e-06,0.007263564662136945
333,stimulus,46,5,5,1,1,1.0,1.0,0,nan,nan,nan,0.0,0.007263564662136945
334,stimulus,46,6,6,1,1,1.0,1.0,0,nan,nan,nan,0.0,0.007263564662136945
335,stimulus,46,8,7,1,1,1.0,1.0,0,nan,nan,nan,0.0,0.007263564662136945
336,stimulus,46,8,8,1,1,1.0,1.0,0,nan,nan,nan,0.0,0.007263564662136945
337,stimulus,46,6,8,1,0,-1.0,-1.0,1,6,0,1,0.00023556238503779622,0.007499127047174742
338,stimulus,46,1,3,0,0,-1.0,-1.0,1,0,1,0,0.0,0.007499127047174742
339,stimulus,46,5,5,1,1,1.0,1.0,0,nan,nan,nan,0.0,0.007499127047174742
340,stimulus,46,0,6,1,0,-1.0,-1.0,1,1,0,0,0.0,0.007499127047174742
341,stimulus,46,1,5,1,0,-1.0,-1.0,1,0,1,0,0.0,0.007499127047174742
342,stimulus,46,6,5,1,1,1.0,1.0,0,nan,nan,nan,0.0,0.007499127047174742
343,stimulus,46,5,6,1,1,1.0,1.0,0,nan,nan,nan,1.692224964866911e-06,0.007497434822209876
344,stimulus,46,5,5,0,1,1.0,1.0,0,nan,nan,nan,0.0,0.007497434822209876
345,stimulus,46,8,4,0,0,-1.0,-1.0,1,3,0,1,6.669902694364417e-05,0.007564133849153521
346,stimulus,46,1,5,1,0,-1.0,-1.0,1,0,1,0,0.0,0.007564133849153521
347,stimulus,46,5,5,1,1,1.0,1.0,0,nan,nan,nan,0.0,0.007564133849153521
348,stimulus,46,2,4,0,0,-1.0,-1.0,1,1,0,0,0.0,0.007564133849153521
349,stimulus,46,8,3,0,0,-1.0,-1.0,1,0,1,0,0.0,0.007564133849153521
350,stimulus,46,1,3,0,0,-1.0,-1.0,1,0,1,0,0.0,0.007564133849153521
351,stimulus,46,3,3,0,1,1.0,1.0,0,nan,nan,nan,0.0,0.007564133849153521
352,stimulus,46,2,2,0,1,1.0,1.0,0,nan,nan,nan,0.0,0.007564133849153521
353,stimulus,46,5,1,0,0,-1.0,-1.0,1,2,0,0,4.1393299386477525e-05,0.007605527148539998
354,stimulus,46,1,3,0,0,-1.0,-1.0,1,0,1,0,0.0,0.007605527148539998
355,stimulus,46,1,5,1,0,-1.0,-1.0,1,0,1,0,0.0,0.007605527148539998
356,stimulus,46,3,5,1,0,-1.0,-1.0,1,0,1,0,0.0,0.007605527148539998
357,stimulus,46,2,5,1,0,-1.0,-1.0,1,0,1,0,0.00023556238503779622,0.007841089533577794
358,stimulus,46,5,5,1,1,1.0,1.0,0,nan,nan,nan,0.0,0.007841089533577794
359,stimulus,46,1,6,1,0,-1.0,-1.0,1,1,0,0,0.0,0.007841089533577794
360,stimulus,46,5,3,0,0,-1.0,-1.0,1,0,1,0,0.0,0.007841089533577794
361,stimulus,46,4,5,1,1,1.0,1.0,0,nan,nan,nan,3.5658303605071113e-06,0.0078446553639383
362,stimulus,46,3,6,1,0,-1.0,-1.0,1,1,0,0,0.00023556238503779622,0.008080217748976097
363,stimulus,46,1,5,1,0,-1.0,-1.0,1,0,1,0,0.0,0.008080217748976097
364,stimulus,46,4,5,1,1,1.0,1.0,0,nan,nan,nan,1.692224964866911e-06,0.00807852552401123
365,stimulus,46,7,6,1,1,1.0,1.0,0,nan,nan,nan,0.0,0.00807852552401123
366,stimulus,46,0,5,0,0,-1.0,-1.0,1,2,0,0,0.0,0.00807852552401123
367,stimulus,46,3,5,1,0,-1.0,-1.0,1,0,1,0,0.0,0.00807852552401123
368,stimulus,46,4,5,1,1,1.0,1.0,0,nan,nan,nan,1.692224964866911e-06,0.008076833299046363
369,stimulus,46,4,4,0,1,1.0,1.0,0,nan,nan,nan,0.0,0.008076833299046363
370,stimulus,46,2,5,1,0,-1.0,-1.0,1,2,0,0,0.00023556238503779622,0.00831239568408416
371,stimulus,46,8,3,0,0,-1.0,-1.0,1,0,1,0,0.0,0.00831239568408416
372,stimulus,46,4,5,1,1,1.0,1.0,0,nan,nan,nan,3.5658303605071113e-06,0.008315961514444668
373,stimulus,46,4,6,1,0,-1.0,-1.0,1,1,0,0,0.0,0.008315961514444668
374,stimulus,46,5,5,1,1,1.0,1.0,0,nan,nan,nan,0.0,0.008315961514444668
375,stimulus,46,3,6,1,0,-1.0,-1.0,1,1,0,0,0.0002673723018894676,0.008583333816334134
376,stimulus,46,5,3,0,0,-1.0,-1.0,1,0,1,0,0.0,0.008583333816334134
377,stimulus,46,0,3,0,0,-1.0,-1.0,1,0,1,0,0.0,0.008583333816334134
378,stimulus,46,7,3,0,0,-1.0,-1.0,1,0,1,0,4.1393299386477525e-05,0.008624727115720612
379,stimulus,46,2,5,1,0,-1.0,-1.0,1,0,1,0,0.0002673723018894676,0.00889209941761008
380,stimulus,46,5,3,0,0,-1.0,-1.0,1,0,1,0,0.0,0.00889209941761008
381,stimulus,46,7,3,0,0,-1.0,-1.0,1,0,1,0,6.78236359886405e-05,0.00895992305359872
382,stimulus,46,2,5,1,0,-1.0,-1.0,1,0,1,0,0.0002673723018894676,0.009227295355488187
383,stimulus,46,3,3,0,1,1.0,1.0,0,nan,nan,nan,0.0,0.009227295355488187
384,stimulus,46,3,4,1,1,1.0,1.0,0,nan,nan,nan,1.692224964866911e-06,0.009225603130523322
385,stimulus,46,5,5,1,1,1.0,1.0,0,nan,nan,nan,0.0,0.009225603130523322
386,stimulus,46,6,6,1,1,1.0,1.0,0,nan,nan,nan,0.0,0.009225603130523322
387,stimulus,46,1,7,1,0,-1.0,-1.0,1,4,0,1,0.0,0.009225603130523322
388,stimulus,46,5,5,1,1,1.0,1.0,0,nan,nan,nan,0.0,0.009225603130523322
389,stimulus,46,2,4,0,0,-1.0,-1.0,1,1,0,0,0.0,0.009225603130523322
390,stimulus,46,7,3,0,0,-1.0,-1.0,1,0,1,0,6.78236359886405e-05,0.009293426766511962
391,stimulus,46,7,3,0,0,-1.0,-1.0,1,0,1,0,4.2922233576970936e-05,0.009336349000088933
392,stimulus,46,5,3,0,0,-1.0,-1.0,1,0,1,0,0.0,0.009336349000088933
393,stimulus,46,1,5,1,0,-1.0,-1.0,1,0,1,0,0.0,0.009336349000088933
394,stimulus,46,8,3,0,0,-1.0,-1.0,1,0,1,0,0.0,0.009336349000088933
395,stimulus,46,3,3,0,1,1.0,1.0,0,nan,nan,nan,0.0,0.009336349000088933
396,stimulus,46,1,4,1,0,-1.0,-1.0,1,1,0,0,0.0002673723018894676,0.009603721301978401
397,stimulus,46,7,3,0,0,-1.0,-1.0,1,0,1,0,4.2922233576970936e-05,0.009646643535555373
398,stimulus,46,0,3,0,0,-1.0,-1.0,1,0,1,0,0.0,0.009646643535555373
399,stimulus,46,7,3,0,0,-1.0,-1.0,1,0,1,0,7.634818384295924e-05,0.009722991719398333
400,stimulus,46,3,5,1,0,-1.0,-1.0,1,0,1,0,0.0,0.009722991719398333
401,stimulus,46,7,3,0,0,-1.0,-1.0,1,0,1,0,7.634818384295924e-05,0.009799339903241291
402,stimulus,46,0,5,1,0,-1.0,-1.0,1,0,1,0,0.0,0.009799339903241291
403,stimulus,46,1,5,1,0,-1.0,-1.0,1,0,1,0,0.0,0.009799339903241291
404,stimulus,46,0,3,0,0,-1.0,-1.0,1,0,1,0,0.0,0.009799339903241291
405,stimulus,46,1,3,0,0,-1.0,-1.0,1,0,1,0,0.0,0.009799339903241291
406,stimulus,46,0,3,0,0,-1.0,-1.0,1,0,1,0,0.0,0.009799339903241291
407,stimulus,46,8,3,0,0,-1.0,-1.0,1,0,1,0,0.0,0.009799339903241291
408,stimulus,46,1,5,1,0,-1.0,-1.0,1,0,1,0,0.0,0.009799339903241291
409,stimulus,46,6,3,0,0,-1.0,-1.0,1,0,1,0,0.0,0.009799339903241291
410,stimulus,46,5,5,1,1,1.0,1.0,0,nan,nan,nan,0.0,0.009799339903241291
411,stimulus,46,0,4,0,0,-1.0,-1.0,1,1,0,0,0.0,0.009799339903241291
412,stimulus,46,0,5,1,0,-1.0,-1.0,1,0,1,0,0.0,0.009799339903241291
413,stimulus,46,6,5,1,1,1.0,1.0,0,nan,nan,nan,0.0,0.009799339903241291
414,stimulus,46,8,4,0,0,-1.0,-1.0,1,1,0,0,6.03638672106786e-05,0.009859703770451969
415,stimulus,46,5,3,0,0,-1.0,-1.0,1,0,1,0,0.0,0.009859703770451969
416,stimulus,46,4,5,1,1,1.0,1.0,0,nan,nan,nan,1.692224964866911e-06,0.009858011545487103
417,stimulus,46,6,4,0,0,-1.0,-1.0,1,1,0,0,0.0,0.009858011545487103
418,stimulus,46,2,5,1,0,-1.0,-1.0,1,0,1,0,0.0002673723018894676,0.01012538384737657
419,stimulus,46,2,5,1,0,-1.0,-1.0,1,0,1,0,0.0002673723018894676,0.010392756149266038
420,stimulus,46,4,5,1,1,1.0,1.0,0,nan,nan,nan,3.5658303605071113e-06,0.010396321979626547
421,stimulus,46,0,6,1,0,-1.0,-1.0,1,1,0,0,0.0,0.010396321979626547
422,stimulus,46,2,5,1,0,-1.0,-1.0,1,0,1,0,0.0002673723018894676,0.010663694281516015
423,stimulus,46,7,3,0,0,-1.0,-1.0,1,0,1,0,6.03638672106786e-05,0.010724058148726692
424,stimulus,46,8,3,0,0,-1.0,-1.0,1,0,1,0,0.0,0.010724058148726692
425,stimulus,46,6,5,1,1,1.0,1.0,0,nan,nan,nan,0.0,0.010724058148726692
426,stimulus,46,0,4,0,0,-1.0,-1.0,1,1,0,0,0.0,0.010724058148726692
427,stimulus,46,2,5,1,0,-1.0,-1.0,1,0,1,0,0.0002673723018894676,0.010991430450616157
428,stimulus,46,3,5,1,0,-1.0,-1.0,1,0,1,0,0.0,0.010991430450616157
429,stimulus,46,8,3,0,0,-1.0,-1.0,1,0,1,0,0.0,0.010991430450616157
430,stimulus,46,2,5,1,0,-1.0,-1.0,1,0,1,0,0.0002673723018894676,0.011258802752505626
431,stimulus,46,1,5,1,0,-1.0,-1.0,1,0,1,0,0.0,0.011258802752505626
432,stimulus,46,0,3,0,0,-1.0,-1.0,1,0,1,0,0.0,0.011258802752505626
433,stimulus,46,1,3,0,0,-1.0,-1.0,1,0,1,0,0.0,0.011258802752505626
434,stimulus,46,3,5,1,0,-1.0,-1.0,1,0,1,0,0.0,0.011258802752505626
435,stimulus,46,5,5,1,1,1.0,1.0,0,nan,nan,nan,0.0,0.011258802752505626
436,stimulus,46,4,6,1,0,-1.0,-1.0,1,1,0,0,0.0,0.011258802752505626
437,stimulus,46,2,5,1,0,-1.0,-1.0,1,0,1,0,0.0002673723018894676,0.011526175054395094
438,stimulus,46,2,5,1,0,-1.0,-1.0,1,0,1,0,0.0002673723018894676,0.011793547356284562
439,stimulus,46,6,5,1,1,1.0,1.0,0,nan,nan,nan,0.0,0.011793547356284562
440,stimulus,46,7,4,0,0,-1.0,-1.0,1,1,0,0,0.0,0.011793547356284562
441,stimulus,46,4,5,1,1,1.0,1.0,0,nan,nan,nan,1.692224964866911e-06,0.011791855131319695
442,stimulus,46,7,4,0,0,-1.0,-1.0,1,1,0,0,0.0,0.011791855131319695
443,stimulus,46,3,5,1,0,-1.0,-1.0,1,0,1,0,0.0,0.011791855131319695
444,stimulus,46,0,5,1,0,-1.0,-1.0,1,0,1,0,0.0,0.011791855131319695
445,stimulus,46,0,3,0,0,-1.0,-1.0,1,0,1,0,0.0,0.011791855131319695
446,stimulus,46,3,5,1,0,-1.0,-1.0,1,0,1,0,0.0,0.011791855131319695
447,stimulus,46,0,3,0,0,-1.0,-1.0,1,0,1,0,0.0,0.011791855131319695
448,stimulus,46,8,3,0,0,-1.0,-1.0,1,0,1,0,0.0,0.011791855131319695
449,stimulus,46,2,5,1,0,-1.0,-1.0,1,0,1,0,0.0003106794906800987,0.012102534621999794
450,stimulus,46,1,3,0,0,-1.0,-1.0,1,0,1,0,0.0,0.012102534621999794
451,stimulus,46,6,5,1,1,1.0,1.0,0,nan,nan,nan,0.0,0.012102534621999794
452,stimulus,46,1,4,0,0,-1.0,-1.0,1,1,0,0,0.0,0.012102534621999794
453,stimulus,46,7,3,0,0,-1.0,-1.0,1,0,1,0,9.515770082063913e-05,0.012197692322820433
454,stimulus,46,5,5,1,1,1.0,1.0,0,nan,nan,nan,0.0,0.012197692322820433
455,stimulus,46,5,6,1,1,1.0,1.0,0,nan,nan,nan,1.692224964866911e-06,0.012196000097855566
456,stimulus,46,0,5,0,0,-1.0,-1.0,1,2,0,0,0.0,0.012196000097855566
457,stimulus,46,6,5,1,1,1.0,1.0,0,nan,nan,nan,0.0,0.012196000097855566
458,stimulus,46,4,6,1,0,-1.0,-1.0,1,1,0,0,0.0,0.012196000097855566
459,stimulus,46,1,3,0,0,-1.0,-1.0,1,0,1,0,0.0,0.012196000097855566
460,stimulus,46,2,5,1,0,-1.0,-1.0,1,0,1,0,0.0003106794906800987,0.012506679588535666
461,stimulus,46,8,5,1,0,-1.0,-1.0,1,0,1,0,0.0,0.012506679588535666
462,stimulus,46,6,5,1,1,1.0,1.0,0,nan,nan,nan,0.0,0.012506679588535666
463,stimulus,46,3,6,1,0,-1.0,-1.0,1,1,0,0,0.0003106794906800987,0.012817359079215765
464,stimulus,46,3,3,0,1,1.0,1.0,0,nan,nan,nan,0.0,0.012817359079215765
465,stimulus,46,6,2,0,0,-1.0,-1.0,1,1,0,0,9.515770082063913e-05,0.012912516780036404
466,stimulus,46,6,5,1,1,1.0,1.0,0,nan,nan,nan,0.0,0.012912516780036404
467,stimulus,46,5,6,1,1,1.0,1.0,0,nan,nan,nan,3.5658303605071113e-06,0.012916082610396912
468,stimulus,46,2,7,1,0,-1.0,-1.0,1,2,0,0,0.0,0.012916082610396912
469,stimulus,46,7,3,0,0,-1.0,-1.0,1,0,1,0,9.208706960366613e-05,0.013008169680000575
470,stimulus,46,6,5,1,1,1.0,1.0,0,nan,nan,nan,0.0,0.013008169680000575
471,stimulus,46,2,6,1,0,-1.0,-1.0,1,1,0,0,0.0,0.013008169680000575
472,stimulus,46,0,3,0,0,-1.0,-1.0,1,0,1,0,0.0,0.013008169680000575
473,stimulus,46,8,3,0,0,-1.0,-1.0,1,0,1,0,0.0,0.013008169680000575
474,stimulus,46,4,5,1,1,1.0,1.0,0,nan,nan,nan,1.692224964866911e-06,0.01300647745503571
475,stimulus,46,0,6,1,0,-1.0,-1.0,1,1,0,0,0.0,0.01300647745503571
476,stimulus,46,1,5,1,0,-1.0,-1.0,1,0,1,0,0.0,0.01300647745503571
477,stimulus,46,2,5,1,0,-1.0,-1.0,1,0,1,0,0.0003106794906800987,0.013317156945715808
478,stimulus,46,2,5,1,0,-1.0,-1.0,1,0,1,0,0.0003106794906800987,0.013627836436395906
479,stimulus,46,8,5,1,0,-1.0,-1.0,1,0,1,0,0.0,0.013627836436395906
480,stimulus,46,5,5,1,1,1.0,1.0,0,nan,nan,nan,0.0,0.013627836436395906
481,stimulus,46,8,4,0,0,-1.0,-1.0,1,1,0,0,9.208706960366613e-05,0.013719923505999576
482,stimulus,46,6,5,1,1,1.0,1.0,0,nan,nan,nan,0.0,0.013719923505999576
483,stimulus,46,6,6,1,1,1.0,1.0,0,nan,nan,nan,0.0,0.013719923505999576
484,stimulus,46,1,5,0,0,-1.0,-1.0,1,2,0,0,0.0,0.013719923505999576
485,stimulus,46,3,3,0,1,1.0,1.0,0,nan,nan,nan,0.0,0.013719923505999576
486,stimulus,46,4,2,0,0,-1.0,-1.0,1,1,0,0,0.0,0.013719923505999576
487,stimulus,46,3,5,1,0,-1.0,-1.0,1,0,1,0,0.0,0.013719923505999576
488,stimulus,46,8,5,1,0,-1.0,-1.0,1,0,1,0,0.0,0.013719923505999576
489,stimulus,46,2,5,1,0,-1.0,-1.0,1,0,1,0,0.0003106794906800987,0.014030602996679676
490,stimulus,46,4,5,1,1,1.0,1.0,0,nan,nan,nan,1.692224964866911e-06,0.014028910771714805
491,stimulus,46,0,4,0,0,-1.0,-1.0,1,1,0,0,0.0,0.014028910771714805
492,stimulus,46,6,3,0,0,-1.0,-1.0,1,0,1,0,0.0,0.014028910771714805
493,stimulus,46,7,3,0,0,-1.0,-1.0,1,0,1,0,9.178681307604943e-05,0.014120697584790856
494,stimulus,46,8,3,0,0,-1.0,-1.0,1,0,1,0,0.0,0.014120697584790856
495,stimulus,46,7,3,0,0,-1.0,-1.0,1,0,1,0,9.178681307604943e-05,0.014212484397866907
496,stimulus,46,1,5,1,0,-1.0,-1.0,1,0,1,0,0.0,0.014212484397866907
497,stimulus,46,6,5,1,1,1.0,1.0,0,nan,nan,nan,0.0,0.014212484397866907
498,stimulus,46,2,6,1,0,-1.0,-1.0,1,1,0,0,0.0,0.014212484397866907
499,stimulus,46,3,3,0,1,1.0,1.0,0,nan,nan,nan,0.0,0.014212484397866907
500,stimulus,46,2,2,0,1,1.0,1.0,0,nan,nan,nan,0.0,0.014212484397866907
501,stimulus,46,3,3,1,1,1.0,1.0,0,nan,nan,nan,0.0,0.014212484397866907
502,stimulus,46,8,2,0,0,-1.0,-1.0,1,3,0,1,0.00017600087020619594,0.014388485268073103
503,stimulus,46,8,3,0,0,-1.0,-1.0,1,0,1,0,0.0,0.014388485268073103
504,stimulus,46,3,3,0,1,1.0,1.0,0,nan,nan,nan,0.0,0.014388485268073103
505,stimulus,46,3,4,1,1,1.0,1.0,0,nan,nan,nan,1.692224964866911e-06,0.014386793043108238
506,stimulus,46,2,5,1,0,-1.0,-1.0,1,2,0,0,0.0003106794906800987,0.014697472533788336
507,stimulus,46,6,3,0,0,-1.0,-1.0,1,0,1,0,0.0,0.014697472533788336
508,stimulus,46,7,3,0,0,-1.0,-1.0,1,0,1,0,9.178681307604943e-05,0.014789259346864387
509,stimulus,46,0,3,0,0,-1.0,-1.0,1,0,1,0,0.0,0.014789259346864387
510,stimulus,46,3,5,1,0,-1.0,-1.0,1,0,1,0,0.0,0.014789259346864387
511,stimulus,46,6,3,0,0,-1.0,-1.0,1,0,1,0,0.0,0.014789259346864387
512,stimulus,46,3,5,1,0,-1.0,-1.0,1,0,1,0,0.0,0.014789259346864387
513,stimulus,46,6,5,1,1,1.0,1.0,0,nan,nan,nan,0.0,0.014789259346864387
514,stimulus,46,6,6,1,1,1.0,1.0,0,nan,nan,nan,0.0,0.014789259346864387
515,stimulus,46,5,7,1,0,-1.0,-1.0,1,2,0,0,0.0,0.014789259346864387
516,stimulus,46,8,3,0,0,-1.0,-1.0,1,0,1,0,0.0,0.014789259346864387
517,stimulus,46,7,3,0,0,-1.0,-1.0,1,0,1,0,9.76720350921151e-05,0.0148869313819565
518,stimulus,46,3,5,1,0,-1.0,-1.0,1,0,1,0,0.0,0.0148869313819565
519,stimulus,46,4,5,1,1,1.0,1.0,0,nan,nan,nan,3.5658303605071113e-06,0.014890497212317009
520,stimulus,46,4,4,0,1,1.0,1.0,0,nan,nan,nan,0.0,0.014890497212317009
521,stimulus,46,7,3,0,0,-1.0,-1.0,1,2,0,0,9.76720350921151e-05,0.014988169247409122
522,stimulus,46,4,5,1,1,1.0,1.0,0,nan,nan,nan,1.692224964866911e-06,0.014986477022444256
523,stimulus,46,2,6,1,0,-1.0,-1.0,1,1,0,0,0.0,0.014986477022444256
524,stimulus,46,3,3,0,1,1.0,1.0,0,nan,nan,nan,0.0,0.014986477022444256
525,stimulus,46,5,2,0,0,-1.0,-1.0,1,1,0,0,0.0,0.014986477022444256
526,stimulus,46,2,5,1,0,-1.0,-1.0,1,0,1,0,0.0003106794906800987,0.015297156513124355
527,stimulus,46,8,5,1,0,-1.0,-1.0,1,0,1,0,0.0,0.015297156513124355
528,stimulus,46,1,5,1,0,-1.0,-1.0,1,0,1,0,0.0,0.015297156513124355
529,stimulus,46,5,5,1,1,1.0,1.0,0,nan,nan,nan,0.0,0.015297156513124355
530,stimulus,46,5,6,1,1,1.0,1.0,0,nan,nan,nan,1.692224964866911e-06,0.015295464288159488
531,stimulus,46,7,7,1,1,1.0,1.0,0,nan,nan,nan,0.0,0.015295464288159488
532,stimulus,46,1,6,0,0,-1.0,-1.0,1,3,0,1,0.0,0.015295464288159488
533,stimulus,46,4,5,1,1,1.0,1.0,0,nan,nan,nan,3.5658303605071113e-06,0.015299030118519996
534,stimulus,46,7,6,1,1,1.0,1.0,0,nan,nan,nan,0.0,0.015299030118519996
535,stimulus,46,5,7,1,0,-1.0,-1.0,1,2,0,0,0.0,0.015299030118519996
536,stimulus,46,6,5,1,1,1.0,1.0,0,nan,nan,nan,0.0,0.015299030118519996
537,stimulus,46,8,4,0,0,-1.0,-1.0,1,1,0,0,0.00011192610341451545,0.01541095622193451
538,stimulus,46,3,3,0,1,1.0,1.0,0,nan,nan,nan,0.0,0.01541095622193451
539,stimulus,46,5,2,0,0,-1.0,-1.0,1,1,0,0,0.0,0.01541095622193451
540,stimulus,46,6,3,0,0,-1.0,-1.0,1,0,1,0,0.0,0.01541095622193451
541,stimulus,46,3,3,0,1,1.0,1.0,0,nan,nan,nan,0.0,0.01541095622193451
542,stimulus,46,7,2,0,0,-1.0,-1.0,1,1,0,0,0.0,0.01541095622193451
543,stimulus,46,1,3,0,0,-1.0,-1.0,1,0,1,0,0.0,0.01541095622193451
544,stimulus,46,2,5,1,0,-1.0,-1.0,1,0,1,0,0.0003106794906800987,0.01572163571261461
545,stimulus,46,8,5,1,0,-1.0,-1.0,1,0,1,0,0.0,0.01572163571261461
546,stimulus,46,7,3,0,0,-1.0,-1.0,1,0,1,0,0.00011192610341451545,0.015833561816029126
547,stimulus,46,6,5,1,1,1.0,1.0,0,nan,nan,nan,0.0,0.015833561816029126
548,stimulus,46,5,6,1,1,1.0,1.0,0,nan,nan,nan,1.692224964866911e-06,0.01583186959106426
549,stimulus,46,6,7,1,1,1.0,1.0,0,nan,nan,nan,1.692224964866911e-06,0.01583017736609939
550,stimulus,46,2,8,1,0,-1.0,-1.0,1,3,0,1,0.0,0.01583017736609939
551,stimulus,46,7,3,0,0,-1.0,-1.0,1,0,1,0,0.00011192610341451545,0.015942103469513906
552,stimulus,46,2,5,1,0,-1.0,-1.0,1,0,1,0,0.0003106794906800987,0.016252782960194008
553,stimulus,46,3,5,1,0,-1.0,-1.0,1,0,1,0,0.0,0.016252782960194008
554,stimulus,46,8,3,0,0,-1.0,-1.0,1,0,1,0,0.0,0.016252782960194008
555,stimulus,46,4,5,1,1,1.0,1.0,0,nan,nan,nan,3.5658303605071113e-06,0.016256348790554515
556,stimulus,46,3,6,1,0,-1.0,-1.0,1,1,0,0,0.0003106794906800987,0.016567028281234613
557,stimulus,46,5,5,1,1,1.0,1.0,0,nan,nan,nan,0.0,0.016567028281234613
558,stimulus,46,8,4,0,0,-1.0,-1.0,1,1,0,0,0.00013460757081971842,0.01670163585205433
559,stimulus,46,3,5,1,0,-1.0,-1.0,1,0,1,0,0.0,0.01670163585205433
560,stimulus,46,1,5,1,0,-1.0,-1.0,1,0,1,0,0.0,0.01670163585205433
561,stimulus,46,1,5,1,0,-1.0,-1.0,1,0,1,0,0.0,0.01670163585205433
562,stimulus,46,6,3,0,0,-1.0,-1.0,1,0,1,0,0.0,0.01670163585205433
563,stimulus,46,7,3,0,0,-1.0,-1.0,1,0,1,0,0.00013460757081971842,0.01683624342287405
564,stimulus,46,7,3,0,0,-1.0,-1.0,1,0,1,0,0.00013460757081971842,0.01697085099369377
565,stimulus,46,8,3,0,0,-1.0,-1.0,1,0,1,0,0.0,0.01697085099369377
566,stimulus,46,0,5,1,0,-1.0,-1.0,1,0,1,0,0.0,0.01697085099369377
567,stimulus,46,8,5,1,0,-1.0,-1.0,1,0,1,0,0.0,0.01697085099369377
568,stimulus,46,3,5,1,0,-1.0,-1.0,1,0,1,0,0.0,0.01697085099369377
569,stimulus,46,7,3,0,0,-1.0,-1.0,1,0,1,0,0.00012640130812300882,0.017097252301816777
570,stimulus,46,0,3,0,0,-1.0,-1.0,1,0,1,0,0.0,0.017097252301816777
571,stimulus,46,2,3,0,1,1.0,1.0,0,nan,nan,nan,0.0003106794906800987,0.016786572811136678
572,stimulus,46,1,4,1,0,-1.0,-1.0,1,1,0,0,0.0003106794906800987,0.017097252301816777
573,stimulus,46,3,3,0,1,1.0,1.0,0,nan,nan,nan,0.0,0.017097252301816777
574,stimulus,46,2,2,0,1,1.0,1.0,0,nan,nan,nan,0.0,0.017097252301816777
575,stimulus,46,2,3,1,1,1.0,1.0,0,nan,nan,nan,1.692224964866911e-06,0.01709556007685191
576,stimulus,46,4,2,0,0,-1.0,-1.0,1,3,0,1,0.0,0.01709556007685191
577,stimulus,46,8,5,1,0,-1.0,-1.0,1,0,1,0,0.0,0.01709556007685191
578,stimulus,46,2,5,1,0,-1.0,-1.0,1,0,1,0,0.0003106794906800987,0.017406239567532008
579,stimulus,46,1,3,0,0,-1.0,-1.0,1,0,1,0,0.0,0.017406239567532008
580,stimulus,46,2,5,1,0,-1.0,-1.0,1,0,1,0,0.0003106794906800987,0.017716919058212106
581,stimulus,46,1,5,1,0,-1.0,-1.0,1,0,1,0,0.0,0.017716919058212106
582,stimulus,46,5,3,0,0,-1.0,-1.0,1,0,1,0,0.0,0.017716919058212106
583,stimulus,46,0,3,0,0,-1.0,-1.0,1,0,1,0,0.0,0.017716919058212106
584,stimulus,46,5,5,1,1,1.0,1.0,0,nan,nan,nan,0.0,0.017716919058212106
585,stimulus,46,2,4,0,0,-1.0,-1.0,1,1,0,0,0.0,0.017716919058212106
586,stimulus,46,5,5,1,1,1.0,1.0,0,nan,nan,nan,0.0,0.017716919058212106
587,stimulus,46,1,6,1,0,-1.0,-1.0,1,1,0,0,0.0,0.017716919058212106
588,stimulus,46,8,5,1,0,-1.0,-1.0,1,0,1,0,0.0,0.017716919058212106
589,stimulus,46,5,5,1,1,1.0,1.0,0,nan,nan,nan,0.0,0.017716919058212106
590,stimulus,46,4,4,0,1,1.0,1.0,0,nan,nan,nan,0.0,0.017716919058212106
591,stimulus,46,8,5,1,0,-1.0,-1.0,1,2,0,0,0.0,0.017716919058212106
592,stimulus,46,2,5,1,0,-1.0,-1.0,1,0,1,0,0.0003106794906800987,0.01802759854889221
593,stimulus,46,4,5,1,1,1.0,1.0,0,nan,nan,nan,1.692224964866911e-06,0.01802590632392734
594,stimulus,46,3,6,1,0,-1.0,-1.0,1,1,0,0,0.0003106794906800987,0.01833658581460744
595,stimulus,46,0,3,0,0,-1.0,-1.0,1,0,1,0,0.0,0.01833658581460744
596,stimulus,46,2,5,1,0,-1.0,-1.0,1,0,1,0,0.0003106794906800987,0.018647265305287538
597,stimulus,46,3,3,0,1,1.0,1.0,0,nan,nan,nan,0.0,0.018647265305287538
598,stimulus,46,1,4,1,0,-1.0,-1.0,1,1,0,0,0.0003106794906800987,0.018957944795967636
599,stimulus,46,3,3,0,1,1.0,1.0,0,nan,nan,nan,0.0,0.018957944795967636
600,stimulus,46,5,4,1,1,1.0,1.0,0,nan,nan,nan,0.0,0.018957944795967636
601,stimulus,46,7,3,0,0,-1.0,-1.0,1,2,0,0,0.00012640130812300882,0.019084346104090648
602,stimulus,46,3,3,0,1,1.0,1.0,0,nan,nan,nan,0.0,0.019084346104090648
603,stimulus,46,8,2,0,0,-1.0,-1.0,1,1,0,0,0.00019422494411164932,0.019278571048202294
604,stimulus,46,7,3,0,0,-1.0,-1.0,1,0,1,0,0.00012640130812300882,0.019404972356325302
605,stimulus,46,8,3,0,0,-1.0,-1.0,1,0,1,0,0.0,0.019404972356325302
606,stimulus,46,8,3,0,0,-1.0,-1.0,1,0,1,0,0.0,0.019404972356325302
607,stimulus,46,5,3,0,0,-1.0,-1.0,1,0,1,0,0.0,0.019404972356325302
608,stimulus,46,4,5,1,1,1.0,1.0,0,nan,nan,nan,3.5658303605071113e-06,0.019408538186685812
609,stimulus,46,4,6,1,0,-1.0,-1.0,1,1,0,0,0.0,0.019408538186685812
610,stimulus,46,4,5,1,1,1.0,1.0,0,nan,nan,nan,1.692224964866911e-06,0.01940684596172094
611,stimulus,46,8,4,0,0,-1.0,-1.0,1,1,0,0,0.00012640130812300882,0.01953324726984395
612,stimulus,46,1,5,1,0,-1.0,-1.0,1,0,1,0,0.0,0.01953324726984395
613,stimulus,46,4,5,1,1,1.0,1.0,0,nan,nan,nan,1.692224964866911e-06,0.019531555044879086
614,stimulus,46,6,6,1,1,1.0,1.0,0,nan,nan,nan,0.0,0.019531555044879086
615,stimulus,46,6,7,1,1,1.0,1.0,0,nan,nan,nan,3.5658303605071113e-06,0.019535120875239592
616,stimulus,46,7,8,1,1,1.0,1.0,0,nan,nan,nan,1.692224964866911e-06,0.019533428650274725
617,stimulus,46,3,7,0,0,-1.0,-1.0,1,4,0,1,0.0,0.019533428650274725
618,stimulus,46,3,5,1,0,-1.0,-1.0,1,0,1,0,0.0,0.019533428650274725
619,stimulus,46,6,5,1,1,1.0,1.0,0,nan,nan,nan,0.0,0.019533428650274725
620,stimulus,46,1,6,1,0,-1.0,-1.0,1,1,0,0,0.0,0.019533428650274725
621,stimulus,46,1,5,1,0,-1.0,-1.0,1,0,1,0,0.0,0.019533428650274725
622,stimulus,46,1,3,0,0,-1.0,-1.0,1,0,1,0,0.0,0.019533428650274725
623,stimulus,46,6,3,0,0,-1.0,-1.0,1,0,1,0,0.0,0.019533428650274725
624,stimulus,46,1,3,0,0,-1.0,-1.0,1,0,1,0,0.0,0.019533428650274725
625,stimulus,46,2,5,1,0,-1.0,-1.0,1,0,1,0,0.0003106794906800987,0.019844108140954823
626,stimulus,46,3,3,0,1,1.0,1.0,0,nan,nan,nan,0.0,0.019844108140954823
627,stimulus,46,0,4,1,0,-1.0,-1.0,1,1,0,0,0.0,0.019844108140954823
628,stimulus,46,6,5,1,1,1.0,1.0,0,nan,nan,nan,0.0,0.019844108140954823
629,stimulus,46,7,4,0,0,-1.0,-1.0,1,1,0,0,0.0,0.019844108140954823
630,stimulus,46,5,3,0,0,-1.0,-1.0,1,0,1,0,0.0,0.019844108140954823
631,stimulus,46,3,3,0,1,1.0,1.0,0,nan,nan,nan,0.0,0.019844108140954823
632,stimulus,46,1,4,1,0,-1.0,-1.0,1,1,0,0,0.0003106794906800987,0.020154787631634925
633,stimulus,46,4,5,1,1,1.0,1.0,0,nan,nan,nan,1.692224964866911e-06,0.020153095406670058
634,stimulus,46,2,6,1,0,-1.0,-1.0,1,1,0,0,0.0,0.020153095406670058
635,stimulus,46,5,5,1,1,1.0,1.0,0,nan,nan,nan,0.0,0.020153095406670058
636,stimulus,46,8,4,0,0,-1.0,-1.0,1,1,0,0,0.00013254880891139673,0.020285644215581454
637,stimulus,46,1,3,0,0,-1.0,-1.0,1,0,1,0,0.0,0.020285644215581454
638,stimulus,46,6,5,1,1,1.0,1.0,0,nan,nan,nan,0.0,0.020285644215581454
639,stimulus,46,6,6,1,1,1.0,1.0,0,nan,nan,nan,0.0,0.020285644215581454
640,stimulus,46,6,7,1,1,1.0,1.0,0,nan,nan,nan,3.5658303605071113e-06,0.02028921004594196
641,stimulus,46,5,8,1,0,-1.0,-1.0,1,3,0,1,0.0003106794906800987,0.02059988953662206
642,stimulus,46,6,3,0,0,-1.0,-1.0,1,0,1,0,0.0,0.02059988953662206
643,stimulus,46,7,3,0,0,-1.0,-1.0,1,0,1,0,0.00013254880891139673,0.02073243834553346
644,stimulus,46,1,3,0,0,-1.0,-1.0,1,0,1,0,0.0,0.02073243834553346
645,stimulus,46,6,5,1,1,1.0,1.0,0,nan,nan,nan,0.0,0.02073243834553346
646,stimulus,46,4,6,1,0,-1.0,-1.0,1,1,0,0,0.0,0.02073243834553346
647,stimulus,46,2,5,1,0,-1.0,-1.0,1,0,1,0,0.0003996291894282235,0.021132067534961683
648,stimulus,46,6,3,0,0,-1.0,-1.0,1,0,1,0,0.0,0.021132067534961683
649,stimulus,46,2,5,1,0,-1.0,-1.0,1,0,1,0,0.0003996291894282235,0.021531696724389905
650,stimulus,46,1,3,0,0,-1.0,-1.0,1,0,1,0,0.0,0.021531696724389905
651,stimulus,46,7,3,0,0,-1.0,-1.0,1,0,1,0,0.00013254880891139673,0.0216642455333013
652,stimulus,46,7,3,0,0,-1.0,-1.0,1,0,1,0,0.00013254880891139673,0.0217967943422127
653,stimulus,46,7,3,0,0,-1.0,-1.0,1,0,1,0,0.00013254880891139673,0.021929343151124096
654,stimulus,46,0,3,0,0,-1.0,-1.0,1,0,1,0,0.0,0.021929343151124096
655,stimulus,46,7,3,0,0,-1.0,-1.0,1,0,1,0,0.00016403014906133027,0.022093373300185425
656,stimulus,46,7,3,0,0,-1.0,-1.0,1,0,1,0,0.00016403014906133027,0.022257403449246753
657,stimulus,46,0,5,1,0,-1.0,-1.0,1,0,1,0,0.0,0.022257403449246753
658,stimulus,46,8,5,1,0,-1.0,-1.0,1,0,1,0,0.0,0.022257403449246753
659,stimulus,46,8,5,1,0,-1.0,-1.0,1,0,1,0,0.0,0.022257403449246753
660,stimulus,46,2,5,1,0,-1.0,-1.0,1,0,1,0,0.0003996291894282235,0.022657032638674978
661,stimulus,46,0,5,1,0,-1.0,-1.0,1,0,1,0,0.0,0.022657032638674978
662,stimulus,46,8,3,0,0,-1.0,-1.0,1,0,1,0,0.0,0.022657032638674978
663,stimulus,46,4,5,1,1,1.0,1.0,0,nan,nan,nan,1.692224964866911e-06,0.02265534041371011
664,stimulus,46,8,4,0,0,-1.0,-1.0,1,1,0,0,0.00016403014906133027,0.022819370562771443
665,stimulus,46,4,5,1,1,1.0,1.0,0,nan,nan,nan,1.692224964866911e-06,0.022817678337806575
666,stimulus,46,0,4,0,0,-1.0,-1.0,1,1,0,0,0.0,0.022817678337806575
667,stimulus,46,5,5,1,1,1.0,1.0,0,nan,nan,nan,0.0,0.022817678337806575
668,stimulus,46,3,6,1,0,-1.0,-1.0,1,1,0,0,0.0003996291894282235,0.0232173075272348
669,stimulus,46,3,3,0,1,1.0,1.0,0,nan,nan,nan,0.0,0.0232173075272348
670,stimulus,46,4,4,1,1,1.0,1.0,0,nan,nan,nan,0.0,0.0232173075272348
671,stimulus,46,3,5,1,0,-1.0,-1.0,1,2,0,0,0.0,0.0232173075272348
672,stimulus,46,8,3,0,0,-1.0,-1.0,1,0,1,0,0.0,0.0232173075272348
673,stimulus,46,7,3,0,0,-1.0,-1.0,1,0,1,0,0.00016403014906133027,0.02338133767629613
674,stimulus,46,0,3,0,0,-1.0,-1.0,1,0,1,0,0.0,0.02338133767629613
675,stimulus,46,0,3,0,0,-1.0,-1.0,1,0,1,0,0.0,0.02338133767629613
676,stimulus,46,3,3,0,1,1.0,1.0,0,nan,nan,nan,0.0,0.02338133767629613
677,stimulus,46,7,2,0,0,-1.0,-1.0,1,1,0,0,0.0,0.02338133767629613
678,stimulus,46,3,3,0,1,1.0,1.0,0,nan,nan,nan,0.0,0.02338133767629613
679,stimulus,46,8,2,0,0,-1.0,-1.0,1,1,0,0,0.00019422494411164932,0.023575562620407782
680,stimulus,46,8,3,0,0,-1.0,-1.0,1,0,1,0,0.0,0.023575562620407782
681,stimulus,46,0,3,0,0,-1.0,-1.0,1,0,1,0,0.0,0.023575562620407782
682,stimulus,46,1,5,1,0,-1.0,-1.0,1,0,1,0,0.0,0.023575562620407782
683,stimulus,46,2,5,1,0,-1.0,-1.0,1,0,1,0,0.0003996291894282235,0.023975191809836004
684,stimulus,46,4,5,1,1,1.0,1.0,0,nan,nan,nan,3.5658303605071113e-06,0.023978757640196514
685,stimulus,46,0,4,0,0,-1.0,-1.0,1,1,0,0,0.0,0.023978757640196514
686,stimulus,46,0,3,0,0,-1.0,-1.0,1,0,1,0,0.0,0.023978757640196514
687,stimulus,46,4,5,1,1,1.0,1.0,0,nan,nan,nan,1.692224964866911e-06,0.023977065415231646
688,stimulus,46,3,6,1,0,-1.0,-1.0,1,1,0,0,0.0003996291894282235,0.02437669460465987
689,stimulus,46,3,3,0,1,1.0,1.0,0,nan,nan,nan,0.0,0.02437669460465987
690,stimulus,46,5,2,0,0,-1.0,-1.0,1,1,0,0,0.0,0.02437669460465987
691,stimulus,46,7,3,0,0,-1.0,-1.0,1,0,1,0,0.00016403014906133027,0.0245407247537212
692,stimulus,46,0,5,1,0,-1.0,-1.0,1,0,1,0,0.0,0.0245407247537212
693,stimulus,46,3,3,0,1,1.0,1.0,0,nan,nan,nan,0.0,0.0245407247537212
694,stimulus,46,8,2,0,0,-1.0,-1.0,1,1,0,0,0.00016932354169997975,0.02471004829542118
695,stimulus,46,8,3,0,0,-1.0,-1.0,1,0,1,0,0.0,0.02471004829542118
696,stimulus,46,5,3,0,0,-1.0,-1.0,1,0,1,0,0.0,0.02471004829542118
697,stimulus,46,4,5,1,1,1.0,1.0,0,nan,nan,nan,1.692224964866911e-06,0.02470835607045631
698,stimulus,46,6,4,0,0,-1.0,-1.0,1,1,0,0,0.0,0.02470835607045631
699,stimulus,46,7,3,0,0,-1.0,-1.0,1,0,1,0,0.00017713899962048241,0.024885495070076792
700,stimulus,46,8,5,1,0,-1.0,-1.0,1,0,1,0,0.0,0.024885495070076792
701,stimulus,46,7,3,0,0,-1.0,-1.0,1,0,1,0,0.00017713899962048241,0.025062634069697276
702,stimulus,46,0,5,1,0,-1.0,-1.0,1,0,1,0,0.0,0.025062634069697276
703,stimulus,46,0,3,0,0,-1.0,-1.0,1,0,1,0,0.0,0.025062634069697276
704,stimulus,46,6,3,0,0,-1.0,-1.0,1,0,1,0,0.0,0.025062634069697276
705,stimulus,46,1,5,1,0,-1.0,-1.0,1,0,1,0,0.0,0.025062634069697276
706,stimulus,46,5,5,1,1,1.0,1.0,0,nan,nan,nan,0.0,0.025062634069697276
707,stimulus,46,6,6,1,1,1.0,1.0,0,nan,nan,nan,0.0,0.025062634069697276
708,stimulus,46,2,5,0,0,-1.0,-1.0,1,2,0,0,0.0,0.025062634069697276
709,stimulus,46,8,3,0,0,-1.0,-1.0,1,0,1,0,0.0,0.025062634069697276
710,stimulus,46,8,3,0,0,-1.0,-1.0,1,0,1,0,0.0,0.025062634069697276
711,stimulus,46,0,3,0,0,-1.0,-1.0,1,0,1,0,0.0,0.025062634069697276
712,stimulus,46,3,3,0,1,1.0,1.0,0,nan,nan,nan,0.0,0.025062634069697276
713,stimulus,46,0,4,1,0,-1.0,-1.0,1,1,0,0,0.0,0.025062634069697276
714,stimulus,46,7,3,0,0,-1.0,-1.0,1,0,1,0,0.00017713899962048241,0.02523977306931776
715,stimulus,46,2,5,1,0,-1.0,-1.0,1,0,1,0,0.0003996291894282235,0.025639402258745985
716,stimulus,46,1,5,1,0,-1.0,-1.0,1,0,1,0,0.0,0.025639402258745985
717,stimulus,46,6,5,1,1,1.0,1.0,0,nan,nan,nan,0.0,0.025639402258745985
718,stimulus,46,5,6,1,1,1.0,1.0,0,nan,nan,nan,3.5658303605071113e-06,0.025642968089106488
719,stimulus,46,6,7,1,1,1.0,1.0,0,nan,nan,nan,1.692224964866911e-06,0.02564127586414162
720,stimulus,46,6,8,1,0,-1.0,-1.0,1,3,0,1,0.0,0.02564127586414162
721,stimulus,46,3,5,1,0,-1.0,-1.0,1,0,1,0,0.0,0.02564127586414162
722,stimulus,46,7,3,0,0,-1.0,-1.0,1,0,1,0,0.00017713899962048241,0.02581841486376211
723,stimulus,46,0,5,1,0,-1.0,-1.0,1,0,1,0,0.0,0.02581841486376211
724,stimulus,46,8,5,1,0,-1.0,-1.0,1,0,1,0,0.0,0.02581841486376211
725,stimulus,46,0,5,1,0,-1.0,-1.0,1,0,1,0,0.0,0.02581841486376211
726,stimulus,46,3,3,0,1,1.0,1.0,0,nan,nan,nan,0.0,0.02581841486376211
727,stimulus,46,7,2,0,0,-1.0,-1.0,1,1,0,0,0.0,0.02581841486376211
728,stimulus,46,6,5,1,1,1.0,1.0,0,nan,nan,nan,0.0,0.02581841486376211
729,stimulus,46,4,4,0,1,1.0,1.0,0,nan,nan,nan,0.0,0.02581841486376211
730,stimulus,46,0,3,0,0,-1.0,-1.0,1,2,0,0,0.0,0.02581841486376211
731,stimulus,46,2,5,1,0,-1.0,-1.0,1,0,1,0,0.0003996291894282235,0.02621804405319033
732,stimulus,46,4,5,1,1,1.0,1.0,0,nan,nan,nan,1.692224964866911e-06,0.026216351828225466
733,stimulus,46,5,4,0,1,1.0,1.0,0,nan,nan,nan,3.5658303605071113e-06,0.026219917658585973
734,stimulus,46,6,3,0,0,-1.0,-1.0,1,2,0,0,0.0,0.026219917658585973
735,stimulus,46,2,5,1,0,-1.0,-1.0,1,0,1,0,0.0003996291894282235,0.026619546848014198
736,stimulus,46,0,3,0,0,-1.0,-1.0,1,0,1,0,0.0,0.026619546848014198
737,stimulus,46,8,5,1,0,-1.0,-1.0,1,0,1,0,0.0,0.026619546848014198
738,stimulus,46,6,3,0,0,-1.0,-1.0,1,0,1,0,0.0,0.026619546848014198
739,stimulus,46,8,5,1,0,-1.0,-1.0,1,0,1,0,0.0,0.026619546848014198
740,stimulus,46,0,3,0,0,-1.0,-1.0,1,0,1,0,0.0,0.026619546848014198
741,stimulus,46,5,5,1,1,1.0,1.0,0,nan,nan,nan,0.0,0.026619546848014198
742,stimulus,46,3,6,1,0,-1.0,-1.0,1,1,0,0,0.0003996291894282235,0.027019176037442423
743,stimulus,46,2,5,1,0,-1.0,-1.0,1,0,1,0,0.0003996291894282235,0.027418805226870645
744,stimulus,46,5,3,0,0,-1.0,-1.0,1,0,1,0,0.0,0.027418805226870645
745,stimulus,46,1,3,0,0,-1.0,-1.0,1,0,1,0,0.0,0.027418805226870645
746,stimulus,46,2,5,1,0,-1.0,-1.0,1,0,1,0,0.0003996291894282235,0.02781843441629887
747,stimulus,46,0,3,0,0,-1.0,-1.0,1,0,1,0,0.0,0.02781843441629887
748,stimulus,46,3,3,0,1,1.0,1.0,0,nan,nan,nan,0.0,0.02781843441629887
749,stimulus,46,4,2,0,0,-1.0,-1.0,1,1,0,0,0.0,0.02781843441629887
750,stimulus,46,8,5,1,0,-1.0,-1.0,1,0,1,0,0.0,0.02781843441629887
751,stimulus,46,6,5,1,1,1.0,1.0,0,nan,nan,nan,0.0,0.02781843441629887
752,stimulus,46,2,6,1,0,-1.0,-1.0,1,1,0,0,0.0,0.02781843441629887
753,stimulus,46,7,3,0,0,-1.0,-1.0,1,0,1,0,0.00017713899962048241,0.027995573415919357
754,stimulus,46,8,3,0,0,-1.0,-1.0,1,0,1,0,0.0,0.027995573415919357
755,stimulus,46,6,5,1,1,1.0,1.0,0,nan,nan,nan,0.0,0.027995573415919357
756,stimulus,46,0,4,0,0,-1.0,-1.0,1,1,0,0,0.0,0.027995573415919357
757,stimulus,46,0,3,0,0,-1.0,-1.0,1,0,1,0,0.0,0.027995573415919357
758,stimulus,46,1,5,1,0,-1.0,-1.0,1,0,1,0,0.0,0.027995573415919357
759,stimulus,46,7,3,0,0,-1.0,-1.0,1,0,1,0,0.00017713899962048241,0.028172712415539834
760,stimulus,46,6,3,0,0,-1.0,-1.0,1,0,1,0,0.0,0.028172712415539834
761,stimulus,46,2,5,1,0,-1.0,-1.0,1,0,1,0,0.0003996291894282235,0.02857234160496806
762,stimulus,46,4,5,1,1,1.0,1.0,0,nan,nan,nan,1.692224964866911e-06,0.028570649380003192
763,stimulus,46,4,4,0,1,1.0,1.0,0,nan,nan,nan,0.0,0.028570649380003192
764,stimulus,46,1,3,0,0,-1.0,-1.0,1,2,0,0,0.0,0.028570649380003192
765,stimulus,46,7,3,0,0,-1.0,-1.0,1,0,1,0,0.00017713899962048241,0.02874778837962368
766,stimulus,46,6,5,1,1,1.0,1.0,0,nan,nan,nan,0.0,0.02874778837962368
767,stimulus,46,1,6,1,0,-1.0,-1.0,1,1,0,0,0.0,0.02874778837962368
768,stimulus,46,0,3,0,0,-1.0,-1.0,1,0,1,0,0.0,0.02874778837962368
769,stimulus,46,3,5,1,0,-1.0,-1.0,1,0,1,0,0.0,0.02874778837962368
770,stimulus,46,3,3,0,1,1.0,1.0,0,nan,nan,nan,0.0,0.02874778837962368
771,stimulus,46,2,4,1,0,-1.0,-1.0,1,1,0,0,0.0,0.02874778837962368
772,stimulus,46,1,3,0,0,-1.0,-1.0,1,0,1,0,0.0,0.02874778837962368
773,stimulus,46,4,5,1,1,1.0,1.0,0,nan,nan,nan,1.692224964866911e-06,0.028746096154658812
774,stimulus,46,5,6,1,1,1.0,1.0,0,nan,nan,nan,1.692224964866911e-06,0.02874440392969394
775,stimulus,46,1,7,1,0,-1.0,-1.0,1,2,0,0,0.0,0.02874440392969394
776,stimulus,46,3,5,1,0,-1.0,-1.0,1,0,1,0,0.0,0.02874440392969394
777,stimulus,46,0,3,0,0,-1.0,-1.0,1,0,1,0,0.0,0.02874440392969394
778,stimulus,46,7,3,0,0,-1.0,-1.0,1,0,1,0,0.00023556238503779622,0.028979966314731737
779,stimulus,46,3,3,0,1,1.0,1.0,0,nan,nan,nan,0.0,0.028979966314731737
780,stimulus,46,5,2,0,0,-1.0,-1.0,1,1,0,0,0.0,0.028979966314731737
781,stimulus,46,4,3,0,1,1.0,1.0,0,nan,nan,nan,3.5658303605071113e-06,0.028983532145092243
782,stimulus,46,2,2,0,1,1.0,1.0,0,nan,nan,nan,0.0,0.028983532145092243
783,stimulus,46,5,1,0,0,-1.0,-1.0,1,2,0,0,0.00023556238503779622,0.02921909453013004
784,stimulus,46,2,5,1,0,-1.0,-1.0,1,0,1,0,0.0003996291894282235,0.029618723719558267
785,stimulus,46,2,5,1,0,-1.0,-1.0,1,0,1,0,0.0003996291894282235,0.029643605479782092
786,stimulus,46,8,3,0,0,-1.0,-1.0,1,0,1,0,0.0,0.029643605479782092
787,stimulus,46,5,5,1,1,1.0,1.0,0,nan,nan,nan,0.0,0.029643605479782092
788,stimulus,46,8,4,0,0,-1.0,-1.0,1,1,0,0,0.00023556238503779622,0.029879167864819887
789,stimulus,46,0,5,1,0,-1.0,-1.0,1,0,1,0,0.0,0.029879167864819887
790,stimulus,46,2,5,1,0,-1.0,-1.0,1,0,1,0,0.0003996291894282235,0.029879167864819887
791,stimulus,46,1,3,0,0,-1.0,-1.0,1,0,1,0,0.0,0.029879167864819887
792,stimulus,46,4,3,0,1,1.0,1.0,0,nan,nan,nan,1.692224964866911e-06,0.029877475639855024
793,stimulus,46,2,2,0,1,1.0,1.0,0,nan,nan,nan,0.0,0.029877475639855024
794,stimulus,46,0,3,1,0,-1.0,-1.0,1,2,0,0,0.0003996291894282235,0.029877475639855024
795,stimulus,46,0,3,0,0,-1.0,-1.0,1,0,1,0,0.0,0.029877475639855024
796,stimulus,46,6,5,1,1,1.0,1.0,0,nan,nan,nan,0.0,0.029877475639855024
797,stimulus,46,2,6,1,0,-1.0,-1.0,1,1,0,0,0.0,0.029877475639855024
798,stimulus,46,2,5,1,0,-1.0,-1.0,1,0,1,0,0.0003996291894282235,0.029877475639855024
799,stimulus,46,7,3,0,0,-1.0,-1.0,1,0,1,0,0.00023556238503779622,0.03011303802489282
800,stimulus,46,7,3,0,0,-1.0,-1.0,1,0,1,0,0.00023556238503779622,0.030348600409930614
801,stimulus,46,1,3,0,0,-1.0,-1.0,1,0,1,0,0.0,0.030348600409930614
802,stimulus,46,1,3,0,0,-1.0,-1.0,1,0,1,0,0.0,0.030348600409930614
803,stimulus,46,3,5,1,0,-1.0,-1.0,1,0,1,0,0.0,0.030348600409930614
804,stimulus,46,1,5,1,0,-1.0,-1.0,1,0,1,0,0.0,0.030348600409930614
805,stimulus,46,2,5,1,0,-1.0,-1.0,1,0,1,0,0.0003996291894282235,0.030348600409930614
806,stimulus,46,0,5,1,0,-1.0,-1.0,1,0,1,0,0.0,0.030348600409930614
807,stimulus,46,2,5,1,0,-1.0,-1.0,1,0,1,0,0.0003996291894282235,0.030348600409930614
808,stimulus,46,7,3,0,0,-1.0,-1.0,1,0,1,0,0.00023556238503779622,0.030584162794968412
809,stimulus,46,7,3,0,0,-1.0,-1.0,1,0,1,0,0.00023556238503779622,0.030819725180006207
810,stimulus,46,1,5,1,0,-1.0,-1.0,1,0,1,0,0.0,0.030819725180006207
811,stimulus,46,7,3,0,0,-1.0,-1.0,1,0,1,0,0.00023556238503779622,0.031055287565044006
812,stimulus,46,6,3,0,0,-1.0,-1.0,1,0,1,0,0.0,0.031055287565044006
813,stimulus,46,1,3,0,0,-1.0,-1.0,1,0,1,0,0.0,0.031055287565044006
814,stimulus,46,3,5,1,0,-1.0,-1.0,1,0,1,0,0.0,0.031055287565044006
815,stimulus,46,4,5,1,1,1.0,1.0,0,nan,nan,nan,1.692224964866911e-06,0.03105359534007914
816,stimulus,46,4,4,0,1,1.0,1.0,0,nan,nan,nan,0.0,0.03105359534007914
817,stimulus,46,0,5,1,0,-1.0,-1.0,1,2,0,0,0.0,0.03105359534007914
818,stimulus,46,2,3,0,1,1.0,1.0,0,nan,nan,nan,0.0003996291894282235,0.030653966150650913
819,stimulus,46,4,2,0,0,-1.0,-1.0,1,1,0,0,0.0,0.030653966150650913
820,stimulus,46,4,5,1,1,1.0,1.0,0,nan,nan,nan,3.5658303605071113e-06,0.03065753198101142
821,stimulus,46,5,6,1,1,1.0,1.0,0,nan,nan,nan,1.692224964866911e-06,0.030655839756046556
822,stimulus,46,4,7,1,0,-1.0,-1.0,1,2,0,0,0.0003996291894282235,0.031055468945474778
823,stimulus,46,1,3,0,0,-1.0,-1.0,1,0,1,0,0.0,0.031055468945474778
824,stimulus,46,5,3,0,0,-1.0,-1.0,1,0,1,0,0.0,0.031055468945474778
825,stimulus,46,1,5,1,0,-1.0,-1.0,1,0,1,0,0.0,0.031055468945474778
826,stimulus,46,7,3,0,0,-1.0,-1.0,1,0,1,0,0.0002673723018894676,0.031322841247364244
827,stimulus,46,1,3,0,0,-1.0,-1.0,1,0,1,0,0.0,0.031322841247364244
828,stimulus,46,8,5,1,0,-1.0,-1.0,1,0,1,0,0.0,0.031322841247364244
829,stimulus,46,1,5,1,0,-1.0,-1.0,1,0,1,0,0.0,0.031322841247364244
830,stimulus,46,0,3,0,0,-1.0,-1.0,1,0,1,0,0.0,0.031322841247364244
831,stimulus,46,3,5,1,0,-1.0,-1.0,1,0,1,0,0.0,0.031322841247364244
832,stimulus,46,1,5,1,0,-1.0,-1.0,1,0,1,0,0.0,0.031322841247364244
833,stimulus,46,8,5,1,0,-1.0,-1.0,1,0,1,0,0.0,0.031322841247364244
834,stimulus,46,4,5,1,1,1.0,1.0,0,nan,nan,nan,1.692224964866911e-06,0.03132114902239938
835,stimulus,46,8,4,0,0,-1.0,-1.0,1,1,0,0,0.0002673723018894676,0.03158852132428885
836,stimulus,46,2,5,1,0,-1.0,-1.0,1,0,1,0,0.0003996291894282235,0.03158852132428885
837,stimulus,46,7,3,0,0,-1.0,-1.0,1,0,1,0,0.0002673723018894676,0.031855893626178314
838,stimulus,46,5,3,0,0,-1.0,-1.0,1,0,1,0,0.0,0.031855893626178314
839,stimulus,46,5,3,0,0,-1.0,-1.0,1,0,1,0,0.0,0.031855893626178314
840,stimulus,46,8,5,1,0,-1.0,-1.0,1,0,1,0,0.0,0.031855893626178314
841,stimulus,46,3,5,1,0,-1.0,-1.0,1,0,1,0,0.0,0.031855893626178314
842,stimulus,46,0,5,1,0,-1.0,-1.0,1,0,1,0,0.0,0.031855893626178314
843,stimulus,46,0,5,1,0,-1.0,-1.0,1,0,1,0,0.0,0.031855893626178314
844,stimulus,46,6,5,1,1,1.0,1.0,0,nan,nan,nan,0.0,0.031855893626178314
845,stimulus,46,5,6,1,1,1.0,1.0,0,nan,nan,nan,3.5658303605071113e-06,0.03185945945653883
846,stimulus,46,8,5,0,0,-1.0,-1.0,1,2,0,0,0.0,0.03185945945653883
847,stimulus,46,8,3,0,0,-1.0,-1.0,1,0,1,0,0.0,0.03185945945653883
848,stimulus,46,7,5,1,0,-1.0,-1.0,1,0,1,0,0.0002673723018894676,0.032126831758428294
849,stimulus,46,7,3,0,0,-1.0,-1.0,1,0,1,0,0.0002673723018894676,0.03239420406031776
850,stimulus,46,8,5,1,0,-1.0,-1.0,1,0,1,0,0.0,0.03239420406031776
851,stimulus,46,1,3,0,0,-1.0,-1.0,1,0,1,0,0.0,0.03239420406031776
852,stimulus,46,1,5,1,0,-1.0,-1.0,1,0,1,0,0.0,0.03239420406031776
853,stimulus,46,8,3,0,0,-1.0,-1.0,1,0,1,0,0.0,0.03239420406031776
854,stimulus,46,7,3,0,0,-1.0,-1.0,1,0,1,0,0.0002673723018894676,0.03266157636220723
855,stimulus,46,0,5,1,0,-1.0,-1.0,1,0,1,0,0.0,0.03266157636220723
856,stimulus,46,4,5,1,1,1.0,1.0,0,nan,nan,nan,1.692224964866911e-06,0.03265988413724236
857,stimulus,46,5,6,1,1,1.0,1.0,0,nan,nan,nan,1.692224964866911e-06,0.03265819191227749
858,stimulus,46,4,7,1,0,-1.0,-1.0,1,2,0,0,0.0003996291894282235,0.03265819191227749
859,stimulus,46,0,3,0,0,-1.0,-1.0,1,0,1,0,0.0,0.03265819191227749
860,stimulus,46,6,5,1,1,1.0,1.0,0,nan,nan,nan,0.0,0.03265819191227749
861,stimulus,46,7,4,0,0,-1.0,-1.0,1,1,0,0,0.0,0.03265819191227749
862,stimulus,46,7,3,0,0,-1.0,-1.0,1,0,1,0,0.0002673723018894676,0.03292556421416696
863,stimulus,46,3,5,1,0,-1.0,-1.0,1,0,1,0,0.0,0.03292556421416696
864,stimulus,46,5,5,1,1,1.0,1.0,0,nan,nan,nan,0.0,0.03292556421416696
865,stimulus,46,7,4,0,0,-1.0,-1.0,1,1,0,0,0.0,0.03292556421416696
866,stimulus,46,8,5,1,0,-1.0,-1.0,1,0,1,0,0.0,0.03292556421416696
867,stimulus,46,1,5,1,0,-1.0,-1.0,1,0,1,0,0.0,0.03292556421416696
868,stimulus,46,3,3,0,1,1.0,1.0,0,nan,nan,nan,0.0,0.03292556421416696
869,stimulus,46,3,4,1,1,1.0,1.0,0,nan,nan,nan,3.5658303605071113e-06,0.032929130044527466
870,stimulus,46,1,3,0,0,-1.0,-1.0,1,2,0,0,0.0,0.032929130044527466
871,stimulus,46,7,3,0,0,-1.0,-1.0,1,0,1,0,0.0002673723018894676,0.03319650234641693
872,stimulus,46,7,3,0,0,-1.0,-1.0,1,0,1,0,0.0002673723018894676,0.0334638746483064
873,stimulus,46,3,5,1,0,-1.0,-1.0,1,0,1,0,0.0,0.0334638746483064
874,stimulus,46,1,3,0,0,-1.0,-1.0,1,0,1,0,0.0,0.0334638746483064
875,stimulus,46,0,3,0,0,-1.0,-1.0,1,0,1,0,0.0,0.0334638746483064
876,stimulus,46,3,3,0,1,1.0,1.0,0,nan,nan,nan,0.0,0.0334638746483064
877,stimulus,46,7,4,1,0,-1.0,-1.0,1,1,0,0,0.0,0.0334638746483064
878,stimulus,46,1,5,1,0,-1.0,-1.0,1,0,1,0,0.0,0.0334638746483064
879,stimulus,46,2,5,1,0,-1.0,-1.0,1,0,1,0,0.0003996291894282235,0.0334638746483064
880,stimulus,46,5,3,0,0,-1.0,-1.0,1,0,1,0,0.0,0.0334638746483064
881,stimulus,46,1,3,0,0,-1.0,-1.0,1,0,1,0,0.0,0.0334638746483064
882,stimulus,46,4,5,1,1,1.0,1.0,0,nan,nan,nan,1.692224964866911e-06,0.033462182423341535
883,stimulus,46,2,6,1,0,-1.0,-1.0,1,1,0,0,0.0,0.033462182423341535
884,stimulus,46,8,3,0,0,-1.0,-1.0,1,0,1,0,0.0,0.033462182423341535
885,stimulus,46,5,3,0,0,-1.0,-1.0,1,0,1,0,0.0,0.033462182423341535
886,stimulus,46,0,3,0,0,-1.0,-1.0,1,0,1,0,0.0,0.033462182423341535
887,stimulus,46,5,5,1,1,1.0,1.0,0,nan,nan,nan,0.0,0.033462182423341535
888,stimulus,46,0,6,1,0,-1.0,-1.0,1,1,0,0,0.0,0.033462182423341535
889,stimulus,46,2,5,1,0,-1.0,-1.0,1,0,1,0,0.0003996291894282235,0.033462182423341535
890,stimulus,46,6,5,1,1,1.0,1.0,0,nan,nan,nan,0.0,0.033462182423341535
891,stimulus,46,4,4,0,1,1.0,1.0,0,nan,nan,nan,0.0,0.033462182423341535
892,stimulus,46,7,3,0,0,-1.0,-1.0,1,2,0,0,0.0002673723018894676,0.033729554725231
893,stimulus,46,1,3,0,0,-1.0,-1.0,1,0,1,0,0.0,0.033729554725231
894,stimulus,46,5,3,0,0,-1.0,-1.0,1,0,1,0,0.0,0.033729554725231
895,stimulus,46,5,3,0,0,-1.0,-1.0,1,0,1,0,0.0,0.033729554725231
896,stimulus,46,7,3,0,0,-1.0,-1.0,1,0,1,0,0.0002673723018894676,0.03399692702712047
897,stimulus,46,6,5,1,1,1.0,1.0,0,nan,nan,nan,0.0,0.03399692702712047
898,stimulus,46,0,4,0,0,-1.0,-1.0,1,1,0,0,0.0,0.03399692702712047
899,stimulus,46,6,3,0,0,-1.0,-1.0,1,0,1,0,0.0,0.03399692702712047
900,stimulus,46,8,5,1,0,-1.0,-1.0,1,0,1,0,0.0,0.03399692702712047
901,stimulus,46,3,3,0,1,1.0,1.0,0,nan,nan,nan,0.0,0.03399692702712047
902,stimulus,46,3,4,1,1,1.0,1.0,0,nan,nan,nan,1.692224964866911e-06,0.033995234802155605
903,stimulus,46,0,3,0,0,-1.0,-1.0,1,2,0,0,0.0,0.033995234802155605
904,stimulus,46,8,3,0,0,-1.0,-1.0,1,0,1,0,0.0,0.033995234802155605
905,stimulus,46,8,3,0,0,-1.0,-1.0,1,0,1,0,0.0,0.033995234802155605
906,stimulus,46,6,3,0,0,-1.0,-1.0,1,0,1,0,0.0,0.033995234802155605
907,stimulus,46,8,3,0,0,-1.0,-1.0,1,0,1,0,0.0,0.033995234802155605
908,stimulus,46,8,3,0,0,-1.0,-1.0,1,0,1,0,0.0,0.033995234802155605
909,stimulus,46,5,3,0,0,-1.0,-1.0,1,0,1,0,0.0,0.033995234802155605
910,stimulus,46,8,3,0,0,-1.0,-1.0,1,0,1,0,0.0,0.033995234802155605
911,stimulus,46,0,3,0,0,-1.0,-1.0,1,0,1,0,0.0,0.033995234802155605
912,stimulus,46,2,5,1,0,-1.0,-1.0,1,0,1,0,0.0003996291894282235,0.033995234802155605
913,stimulus,46,3,5,1,0,-1.0,-1.0,1,0,1,0,0.0,0.033995234802155605
914,stimulus,46,2,5,1,0,-1.0,-1.0,1,0,1,0,0.0003996291894282235,0.033995234802155605
915,stimulus,46,5,5,1,1,1.0,1.0,0,nan,nan,nan,0.0,0.033995234802155605
916,stimulus,46,0,6,1,0,-1.0,-1.0,1,1,0,0,0.0,0.033995234802155605
917,stimulus,46,7,3,0,0,-1.0,-1.0,1,0,1,0,0.0003106794906800987,0.03430591429283571
918,stimulus,46,8,3,0,0,-1.0,-1.0,1,0,1,0,0.0,0.03430591429283571
919,stimulus,46,2,5,1,0,-1.0,-1.0,1,0,1,0,0.0003996291894282235,0.03430591429283571
920,stimulus,46,8,5,1,0,-1.0,-1.0,1,0,1,0,0.0,0.03430591429283571
921,stimulus,46,0,3,0,0,-1.0,-1.0,1,0,1,0,0.0,0.03430591429283571
922,stimulus,46,4,5,1,1,1.0,1.0,0,nan,nan,nan,3.5658303605071113e-06,0.034309480123196213
923,stimulus,46,3,6,1,0,-1.0,-1.0,1,1,0,0,0.0003996291894282235,0.034309480123196213
924,stimulus,46,1,3,0,0,-1.0,-1.0,1,0,1,0,0.0,0.034309480123196213
925,stimulus,46,3,5,1,0,-1.0,-1.0,1,0,1,0,0.0,0.034309480123196213
926,stimulus,46,1,3,0,0,-1.0,-1.0,1,0,1,0,0.0,0.034309480123196213
927,stimulus,46,5,3,0,0,-1.0,-1.0,1,0,1,0,0.0,0.034309480123196213
928,stimulus,46,6,3,0,0,-1.0,-1.0,1,0,1,0,0.0,0.034309480123196213
929,stimulus,46,6,3,0,0,-1.0,-1.0,1,0,1,0,0.0,0.034309480123196213
930,stimulus,46,4,5,1,1,1.0,1.0,0,nan,nan,nan,1.692224964866911e-06,0.03430778789823134
931,stimulus,46,0,4,0,0,-1.0,-1.0,1,1,0,0,0.0,0.03430778789823134
932,stimulus,46,0,3,0,0,-1.0,-1.0,1,0,1,0,0.0,0.03430778789823134
933,stimulus,46,1,5,1,0,-1.0,-1.0,1,0,1,0,0.0,0.03430778789823134
934,stimulus,46,8,5,1,0,-1.0,-1.0,1,0,1,0,0.0,0.03430778789823134
935,stimulus,46,0,3,0,0,-1.0,-1.0,1,0,1,0,0.0,0.03430778789823134
936,stimulus,46,1,5,1,0,-1.0,-1.0,1,0,1,0,0.0,0.03430778789823134
937,stimulus,46,8,3,0,0,-1.0,-1.0,1,0,1,0,0.0,0.03430778789823134
938,stimulus,46,8,3,0,0,-1.0,-1.0,1,0,1,0,0.0,0.03430778789823134
939,stimulus,46,5,3,0,0,-1.0,-1.0,1,0,1,0,0.0,0.03430778789823134
940,stimulus,46,6,3,0,0,-1.0,-1.0,1,0,1,0,0.0,0.03430778789823134
941,stimulus,46,8,5,1,0,-1.0,-1.0,1,0,1,0,0.0,0.03430778789823134
942,stimulus,46,5,5,1,1,1.0,1.0,0,nan,nan,nan,0.0,0.03430778789823134
943,stimulus,46,1,6,1,0,-1.0,-1.0,1,1,0,0,0.0,0.03430778789823134
944,stimulus,46,6,5,1,1,1.0,1.0,0,nan,nan,nan,0.0,0.03430778789823134
945,stimulus,46,6,6,1,1,1.0,1.0,0,nan,nan,nan,0.0,0.03430778789823134
946,stimulus,46,5,5,0,1,1.0,1.0,0,nan,nan,nan,0.0,0.03430778789823134
947,stimulus,46,0,6,1,0,-1.0,-1.0,1,3,0,1,0.0,0.03430778789823134
948,stimulus,46,7,3,0,0,-1.0,-1.0,1,0,1,0,0.0003106794906800987,0.034618467388911445
949,stimulus,46,1,3,0,0,-1.0,-1.0,1,0,1,0,0.0,0.034618467388911445
950,stimulus,46,1,5,1,0,-1.0,-1.0,1,0,1,0,0.0,0.034618467388911445
951,stimulus,46,5,5,1,1,1.0,1.0,0,nan,nan,nan,0.0,0.034618467388911445
952,stimulus,46,0,6,1,0,-1.0,-1.0,1,1,0,0,0.0,0.034618467388911445
953,stimulus,46,5,5,1,1,1.0,1.0,0,nan,nan,nan,0.0,0.034618467388911445
954,stimulus,46,1,4,0,0,-1.0,-1.0,1,1,0,0,0.0,0.034618467388911445
955,stimulus,46,2,5,1,0,-1.0,-1.0,1,0,1,0,0.0003996291894282235,0.034618467388911445
956,stimulus,46,2,5,1,0,-1.0,-1.0,1,0,1,0,0.0003996291894282235,0.034618467388911445
957,stimulus,46,6,3,0,0,-1.0,-1.0,1,0,1,0,0.0,0.034618467388911445
958,stimulus,46,0,3,0,0,-1.0,-1.0,1,0,1,0,0.0,0.034618467388911445
959,stimulus,46,3,5,1,0,-1.0,-1.0,1,0,1,0,0.0,0.034618467388911445
960,stimulus,46,6,3,0,0,-1.0,-1.0,1,0,1,0,0.0,0.034618467388911445
961,stimulus,46,6,3,0,0,-1.0,-1.0,1,0,1,0,0.0,0.034618467388911445
962,stimulus,46,0,3,0,0,-1.0,-1.0,1,0,1,0,0.0,0.034618467388911445
963,stimulus,46,3,5,1,0,-1.0,-1.0,1,0,1,0,0.0,0.034618467388911445
964,stimulus,46,4,5,1,1,1.0,1.0,0,nan,nan,nan,1.692224964866911e-06,0.03461677516394658
965,stimulus,46,3,6,1,0,-1.0,-1.0,1,1,0,0,0.0003996291894282235,0.03461677516394658
966,stimulus,46,1,3,0,0,-1.0,-1.0,1,0,1,0,0.0,0.03461677516394658
967,stimulus,46,6,5,1,1,1.0,1.0,0,nan,nan,nan,0.0,0.03461677516394658
968,stimulus,46,8,4,0,0,-1.0,-1.0,1,1,0,0,0.0003106794906800987,0.034927454654626676
969,stimulus,46,2,5,1,0,-1.0,-1.0,1,0,1,0,0.0003996291894282235,0.034927454654626676
970,stimulus,46,6,5,1,1,1.0,1.0,0,nan,nan,nan,0.0,0.034927454654626676
971,stimulus,46,4,4,0,1,1.0,1.0,0,nan,nan,nan,0.0,0.034927454654626676
972,stimulus,46,5,5,1,1,1.0,1.0,0,nan,nan,nan,0.0,0.034927454654626676
973,stimulus,46,6,4,0,0,-1.0,-1.0,1,3,0,1,0.0,0.034927454654626676
974,stimulus,46,2,5,1,0,-1.0,-1.0,1,0,1,0,0.0003996291894282235,0.034927454654626676
975,stimulus,46,0,5,1,0,-1.0,-1.0,1,0,1,0,0.0,0.034927454654626676
976,stimulus,46,7,3,0,0,-1.0,-1.0,1,0,1,0,0.0003106794906800987,0.03523813414530678
977,stimulus,46,1,5,1,0,-1.0,-1.0,1,0,1,0,0.0,0.03523813414530678
978,stimulus,46,4,5,1,1,1.0,1.0,0,nan,nan,nan,3.5658303605071113e-06,0.035241699975667284
979,stimulus,46,4,6,1,0,-1.0,-1.0,1,1,0,0,0.0,0.035241699975667284
980,stimulus,46,1,5,1,0,-1.0,-1.0,1,0,1,0,0.0,0.035241699975667284
981,stimulus,46,5,5,1,1,1.0,1.0,0,nan,nan,nan,0.0,0.035241699975667284
982,stimulus,46,0,6,1,0,-1.0,-1.0,1,1,0,0,0.0,0.035241699975667284
983,stimulus,46,8,5,1,0,-1.0,-1.0,1,0,1,0,0.0,0.035241699975667284
984,stimulus,46,1,5,1,0,-1.0,-1.0,1,0,1,0,0.0,0.035241699975667284
985,stimulus,46,6,5,1,1,1.0,1.0,0,nan,nan,nan,0.0,0.035241699975667284
986,stimulus,46,3,6,1,0,-1.0,-1.0,1,1,0,0,0.0003996291894282235,0.035241699975667284
987,stimulus,46,0,3,0,0,-1.0,-1.0,1,0,1,0,0.0,0.035241699975667284
988,stimulus,46,3,5,1,0,-1.0,-1.0,1,0,1,0,0.0,0.035241699975667284
989,stimulus,46,4,5,1,1,1.0,1.0,0,nan,nan,nan,1.692224964866911e-06,0.03524000775070242
990,stimulus,46,3,6,1,0,-1.0,-1.0,1,1,0,0,0.0003996291894282235,0.03524000775070242
991,stimulus,46,5,5,1,1,1.0,1.0,0,nan,nan,nan,0.0,0.03524000775070242
992,stimulus,46,8,4,0,0,-1.0,-1.0,1,1,0,0,0.0003106794906800987,0.035550687241382516
993,stimulus,46,0,3,0,0,-1.0,-1.0,1,0,1,0,0.0,0.035550687241382516
994,stimulus,46,0,5,1,0,-1.0,-1.0,1,0,1,0,0.0,0.035550687241382516
995,stimulus,46,7,3,0,0,-1.0,-1.0,1,0,1,0,0.0003106794906800987,0.03586136673206262
996,stimulus,46,2,5,1,0,-1.0,-1.0,1,0,1,0,0.0003996291894282235,0.03586136673206262
997,stimulus,46,1,3,0,0,-1.0,-1.0,1,0,1,0,0.0,0.03586136673206262
998,stimulus,46,2,5,1,0,-1.0,-1.0,1,0,1,0,0.0003996291894282235,0.03586136673206262
999,stimulus,46,6,5,1,1,1.0,1.0,0,nan,nan,nan,0.0,0.03586136673206262
1000,stimulus,46,5,6,1,1,1.0,1.0,0,nan,nan,nan,1.692224964866911e-06,0.03585967450709775
1001,stimulus,46,1,7,1,0,-1.0,-1.0,1,2,0,0,0.0,0.03585967450709775
1002,stimulus,46,5,5,1,1,1.0,1.0,0,nan,nan,nan,0.0,0.03585967450709775
1003,stimulus,46,3,6,1,0,-1.0,-1.0,1,1,0,0,0.0003996291894282235,0.03585967450709775
1004,stimulus,46,6,3,0,0,-1.0,-1.0,1,0,1,0,0.0,0.03585967450709775
1005,stimulus,46,3,3,0,1,1.0,1.0,0,nan,nan,nan,0.0,0.03585967450709775
1006,stimulus,46,4,2,0,0,-1.0,-1.0,1,1,0,0,0.0,0.03585967450709775
1007,stimulus,46,6,3,0,0,-1.0,-1.0,1,0,1,0,0.0,0.03585967450709775
1008,stimulus,46,8,5,1,0,-1.0,-1.0,1,0,1,0,0.0,0.03585967450709775
1009,stimulus,46,3,5,1,0,-1.0,-1.0,1,0,1,0,0.0,0.03585967450709775
1010,stimulus,46,0,3,0,0,-1.0,-1.0,1,0,1,0,0.0,0.03585967450709775
1011,stimulus,46,4,5,1,1,1.0,1.0,0,nan,nan,nan,3.5658303605071113e-06,0.03586324033745826
1012,stimulus,46,2,4,0,0,-1.0,-1.0,1,1,0,0,0.0,0.03586324033745826
1013,stimulus,46,8,5,1,0,-1.0,-1.0,1,0,1,0,0.0,0.03586324033745826
1014,stimulus,46,8,3,0,0,-1.0,-1.0,1,0,1,0,0.0,0.03586324033745826
1015,stimulus,46,5,5,1,1,1.0,1.0,0,nan,nan,nan,0.0,0.03586324033745826
1016,stimulus,46,2,4,0,0,-1.0,-1.0,1,1,0,0,0.0,0.03586324033745826
1017,stimulus,46,2,5,1,0,-1.0,-1.0,1,0,1,0,0.0003996291894282235,0.03586324033745826
1018,stimulus,46,1,3,0,0,-1.0,-1.0,1,0,1,0,0.0,0.03586324033745826
1019,stimulus,46,1,5,1,0,-1.0,-1.0,1,0,1,0,0.0,0.03586324033745826
1020,stimulus,46,1,3,0,0,-1.0,-1.0,1,0,1,0,0.0,0.03586324033745826
1021,stimulus,46,1,5,1,0,-1.0,-1.0,1,0,1,0,0.0,0.03586324033745826
1022,stimulus,46,4,5,1,1,1.0,1.0,0,nan,nan,nan,1.692224964866911e-06,0.03586154811249339
1023,stimulus,46,0,6,1,0,-1.0,-1.0,1,1,0,0,0.0,0.03586154811249339
1024,stimulus,46,8,5,1,0,-1.0,-1.0,1,0,1,0,0.0,0.03586154811249339
1025,stimulus,46,0,5,1,0,-1.0,-1.0,1,0,1,0,0.0,0.03586154811249339
1026,stimulus,46,7,3,0,0,-1.0,-1.0,1,0,1,0,0.0003106794906800987,0.03617222760317349
1027,stimulus,46,4,5,1,1,1.0,1.0,0,nan,nan,nan,1.692224964866911e-06,0.03617053537820862
1028,stimulus,46,2,6,1,0,-1.0,-1.0,1,1,0,0,0.0,0.03617053537820862
1029,stimulus,46,0,5,1,0,-1.0,-1.0,1,0,1,0,0.0,0.03617053537820862
1030,stimulus,46,6,5,1,1,1.0,1.0,0,nan,nan,nan,0.0,0.03617053537820862
1031,stimulus,46,2,4,0,0,-1.0,-1.0,1,1,0,0,0.0,0.03617053537820862
1032,stimulus,46,0,5,1,0,-1.0,-1.0,1,0,1,0,0.0,0.03617053537820862
1033,stimulus,46,8,5,1,0,-1.0,-1.0,1,0,1,0,0.0,0.03617053537820862
1034,stimulus,46,5,3,0,0,-1.0,-1.0,1,0,1,0,0.0,0.03617053537820862
1035,stimulus,46,8,3,0,0,-1.0,-1.0,1,0,1,0,0.0,0.03617053537820862
1036,stimulus,46,7,3,0,0,-1.0,-1.0,1,0,1,0,0.0003106794906800987,0.03648121486888872
1037,stimulus,46,2,5,1,0,-1.0,-1.0,1,0,1,0,0.0003996291894282235,0.03648121486888872
1038,stimulus,46,1,3,0,0,-1.0,-1.0,1,0,1,0,0.0,0.03648121486888872
1039,stimulus,46,2,3,0,1,1.0,1.0,0,nan,nan,nan,0.0003996291894282235,0.036081585679460494
1040,stimulus,46,4,2,0,0,-1.0,-1.0,1,1,0,0,0.0,0.036081585679460494
1041,stimulus,46,8,5,1,0,-1.0,-1.0,1,0,1,0,0.0,0.036081585679460494
1042,stimulus,46,2,5,1,0,-1.0,-1.0,1,0,1,0,0.0003996291894282235,0.03648121486888872
1043,stimulus,46,8,3,0,0,-1.0,-1.0,1,0,1,0,0.0,0.03648121486888872
1044,stimulus,46,3,5,1,0,-1.0,-1.0,1,0,1,0,0.0,0.03648121486888872
1045,stimulus,46,5,5,1,1,1.0,1.0,0,nan,nan,nan,0.0,0.03648121486888872
1046,stimulus,46,7,4,0,0,-1.0,-1.0,1,1,0,0,0.0,0.03648121486888872
1047,stimulus,46,5,5,1,1,1.0,1.0,0,nan,nan,nan,0.0,0.03648121486888872
1048,stimulus,46,3,6,1,0,-1.0,-1.0,1,1,0,0,0.0003996291894282235,0.03648121486888872
1049,stimulus,46,3,3,0,1,1.0,1.0,0,nan,nan,nan,0.0,0.03648121486888872
1050,stimulus,46,3,4,1,1,1.0,1.0,0,nan,nan,nan,3.5658303605071113e-06,0.03648478069924923
1051,stimulus,46,2,5,1,0,-1.0,-1.0,1,2,0,0,0.0003996291894282235,0.03648478069924923
1052,stimulus,46,0,3,0,0,-1.0,-1.0,1,0,1,0,0.0,0.03648478069924923
1053,stimulus,46,1,5,1,0,-1.0,-1.0,1,0,1,0,0.0,0.03648478069924923
1054,stimulus,46,6,3,0,0,-1.0,-1.0,1,0,1,0,0.0,0.03648478069924923
1055,stimulus,46,2,5,1,0,-1.0,-1.0,1,0,1,0,0.0003996291894282235,0.03648478069924923
1056,stimulus,46,7,3,0,0,-1.0,-1.0,1,0,1,0,0.0003106794906800987,0.03679546018992933
1057,stimulus,46,4,5,1,1,1.0,1.0,0,nan,nan,nan,1.692224964866911e-06,0.03679376796496446
1058,stimulus,46,2,4,0,0,-1.0,-1.0,1,1,0,0,0.0,0.03679376796496446
1059,stimulus,46,0,5,1,0,-1.0,-1.0,1,0,1,0,0.0,0.03679376796496446
1060,stimulus,46,1,3,0,0,-1.0,-1.0,1,0,1,0,0.0,0.03679376796496446
1061,stimulus,46,3,3,0,1,1.0,1.0,0,nan,nan,nan,0.0,0.03679376796496446
1062,stimulus,46,4,2,0,0,-1.0,-1.0,1,1,0,0,0.0,0.03679376796496446
1063,stimulus,46,4,5,1,1,1.0,1.0,0,nan,nan,nan,1.692224964866911e-06,0.0367920757399996
1064,stimulus,46,7,4,0,0,-1.0,-1.0,1,1,0,0,0.0,0.0367920757399996
1065,stimulus,46,8,5,1,0,-1.0,-1.0,1,0,1,0,0.0,0.0367920757399996
1066,stimulus,46,1,5,1,0,-1.0,-1.0,1,0,1,0,0.0,0.0367920757399996
1067,stimulus,46,7,3,0,0,-1.0,-1.0,1,0,1,0,0.0003106794906800987,0.0371027552306797
1068,stimulus,46,1,5,1,0,-1.0,-1.0,1,0,1,0,0.0,0.0371027552306797
1069,stimulus,46,5,3,0,0,-1.0,-1.0,1,0,1,0,0.0,0.0371027552306797
1070,stimulus,46,4,5,1,1,1.0,1.0,0,nan,nan,nan,3.5658303605071113e-06,0.037106321061040205
1071,stimulus,46,7,6,1,1,1.0,1.0,0,nan,nan,nan,0.0,0.037106321061040205
1072,stimulus,46,7,5,0,0,-1.0,-1.0,1,2,0,0,0.0,0.037106321061040205
1073,stimulus,46,3,5,1,0,-1.0,-1.0,1,0,1,0,0.0,0.037106321061040205
1074,stimulus,46,8,5,1,0,-1.0,-1.0,1,0,1,0,0.0,0.037106321061040205
1075,stimulus,46,5,5,1,1,1.0,1.0,0,nan,nan,nan,0.0,0.037106321061040205
1076,stimulus,46,5,6,1,1,1.0,1.0,0,nan,nan,nan,1.692224964866911e-06,0.037104628836075335
1077,stimulus,46,5,7,1,0,-1.0,-1.0,1,2,0,0,0.0,0.037104628836075335
1078,stimulus,46,0,5,1,0,-1.0,-1.0,1,0,1,0,0.0,0.037104628836075335
1079,stimulus,46,1,5,1,0,-1.0,-1.0,1,0,1,0,0.0,0.037104628836075335
1080,stimulus,46,1,5,1,0,-1.0,-1.0,1,0,1,0,0.0,0.037104628836075335
1081,stimulus,46,8,3,0,0,-1.0,-1.0,1,0,1,0,0.0,0.037104628836075335
1082,stimulus,46,7,3,0,0,-1.0,-1.0,1,0,1,0,0.0003106794906800987,0.037415308326755436
1083,stimulus,46,1,5,1,0,-1.0,-1.0,1,0,1,0,0.0,0.037415308326755436
1084,stimulus,46,8,3,0,0,-1.0,-1.0,1,0,1,0,0.0,0.037415308326755436
1085,stimulus,46,7,3,0,0,-1.0,-1.0,1,0,1,0,0.0003106794906800987,0.03772598781743554
1086,stimulus,46,4,3,0,1,1.0,1.0,0,nan,nan,nan,1.692224964866911e-06,0.03772429559247066
1087,stimulus,46,4,4,1,1,1.0,1.0,0,nan,nan,nan,0.0,0.03772429559247066
1088,stimulus,46,8,5,1,0,-1.0,-1.0,1,2,0,0,0.0,0.03772429559247066
1089,stimulus,46,8,5,1,0,-1.0,-1.0,1,0,1,0,0.0,0.03772429559247066
1090,stimulus,46,2,5,1,0,-1.0,-1.0,1,0,1,0,0.0003996291894282235,0.03772429559247066
1091,stimulus,46,5,5,1,1,1.0,1.0,0,nan,nan,nan,0.0,0.03772429559247066
1092,stimulus,46,7,6,1,1,1.0,1.0,0,nan,nan,nan,0.0,0.03772429559247066
1093,stimulus,46,7,5,0,0,-1.0,-1.0,1,2,0,0,0.0,0.03772429559247066
1094,stimulus,46,7,3,0,0,-1.0,-1.0,1,0,1,0,0.0003106794906800987,0.03803497508315076
1095,stimulus,46,4,5,1,1,1.0,1.0,0,nan,nan,nan,3.5658303605071113e-06,0.03803854091351127
1096,stimulus,46,4,4,0,1,1.0,1.0,0,nan,nan,nan,0.0,0.03803854091351127
1097,stimulus,46,5,3,0,0,-1.0,-1.0,1,2,0,0,0.0,0.03803854091351127
1098,stimulus,46,0,5,1,0,-1.0,-1.0,1,0,1,0,0.0,0.03803854091351127
1099,stimulus,46,0,5,1,0,-1.0,-1.0,1,0,1,0,0.0,0.03803854091351127
1100,stimulus,46,7,3,0,0,-1.0,-1.0,1,0,1,0,0.0003106794906800987,0.03834922040419137
1101,stimulus,46,7,3,0,0,-1.0,-1.0,1,0,1,0,0.0003106794906800987,0.038659899894871466
1102,stimulus,46,1,5,1,0,-1.0,-1.0,1,0,1,0,0.0,0.038659899894871466
1103,stimulus,46,3,5,1,0,-1.0,-1.0,1,0,1,0,0.0,0.038659899894871466
1104,stimulus,46,3,5,1,0,-1.0,-1.0,1,0,1,0,0.0,0.038659899894871466
1105,stimulus,46,5,5,1,1,1.0,1.0,0,nan,nan,nan,0.0,0.038659899894871466
1106,stimulus,46,4,4,0,1,1.0,1.0,0,nan,nan,nan,0.0,0.038659899894871466
1107,stimulus,46,1,3,0,0,-1.0,-1.0,1,2,0,0,0.0,0.038659899894871466
1108,stimulus,46,5,3,0,0,-1.0,-1.0,1,0,1,0,0.0,0.038659899894871466
1109,stimulus,46,7,3,0,0,-1.0,-1.0,1,0,1,0,0.0003106794906800987,0.03897057938555157
1110,stimulus,46,7,3,0,0,-1.0,-1.0,1,0,1,0,0.0003106794906800987,0.03928125887623167
1111,stimulus,46,4,5,1,1,1.0,1.0,0,nan,nan,nan,1.692224964866911e-06,0.0392795666512668
1112,stimulus,46,8,4,0,0,-1.0,-1.0,1,1,0,0,0.0003106794906800987,0.0395902461419469
1113,stimulus,46,0,5,1,0,-1.0,-1.0,1,0,1,0,0.0,0.0395902461419469
1114,stimulus,46,2,5,1,0,-1.0,-1.0,1,0,1,0,0.0003996291894282235,0.0395902461419469
1115,stimulus,46,0,3,0,0,-1.0,-1.0,1,0,1,0,0.0,0.0395902461419469
1116,stimulus,46,2,3,0,1,1.0,1.0,0,nan,nan,nan,0.0003996291894282235,0.03919061695251867
1117,stimulus,46,2,4,1,0,-1.0,-1.0,1,1,0,0,0.0,0.03919061695251867
1118,stimulus,46,6,3,0,0,-1.0,-1.0,1,0,1,0,0.0,0.03919061695251867
1119,stimulus,46,3,3,0,1,1.0,1.0,0,nan,nan,nan,0.0,0.03919061695251867
1120,stimulus,46,4,2,0,0,-1.0,-1.0,1,1,0,0,0.0,0.03919061695251867
1121,stimulus,46,4,5,1,1,1.0,1.0,0,nan,nan,nan,1.692224964866911e-06,0.03918892472755381
1122,stimulus,46,8,4,0,0,-1.0,-1.0,1,1,0,0,0.0003106794906800987,0.03949960421823391
1123,stimulus,46,4,5,1,1,1.0,1.0,0,nan,nan,nan,1.692224964866911e-06,0.03949791199326904
1124,stimulus,46,2,4,0,0,-1.0,-1.0,1,1,0,0,0.0,0.03949791199326904
1125,stimulus,46,1,3,0,0,-1.0,-1.0,1,0,1,0,0.0,0.03949791199326904
1126,stimulus,46,2,5,1,0,-1.0,-1.0,1,0,1,0,0.0003996291894282235,0.03989754118269727
1127,stimulus,46,6,5,1,1,1.0,1.0,0,nan,nan,nan,0.0,0.03989754118269727
1128,stimulus,46,7,6,1,1,1.0,1.0,0,nan,nan,nan,0.0,0.03989754118269727
1129,stimulus,46,1,5,0,0,-1.0,-1.0,1,2,0,0,0.0,0.03989754118269727
1130,stimulus,46,3,3,0,1,1.0,1.0,0,nan,nan,nan,0.0,0.03989754118269727
1131,stimulus,46,4,4,1,1,1.0,1.0,0,nan,nan,nan,0.0,0.03989754118269727
1132,stimulus,46,5,5,1,1,1.0,1.0,0,nan,nan,nan,0.0,0.03989754118269727
1133,stimulus,46,7,6,1,1,1.0,1.0,0,nan,nan,nan,0.0,0.03989754118269727
1134,stimulus,46,4,7,1,0,-1.0,-1.0,1,4,0,1,0.0003996291894282235,0.03989754118269727
1135,stimulus,46,8,5,1,0,-1.0,-1.0,1,0,1,0,0.0,0.03989754118269727
1136,stimulus,46,2,5,1,0,-1.0,-1.0,1,0,1,0,0.0003996291894282235,0.03989754118269727
1137,stimulus,46,8,3,0,0,-1.0,-1.0,1,0,1,0,0.0,0.03989754118269727
1138,stimulus,46,1,5,1,0,-1.0,-1.0,1,0,1,0,0.0,0.03989754118269727
1139,stimulus,46,0,5,1,0,-1.0,-1.0,1,0,1,0,0.0,0.03989754118269727
1140,stimulus,46,1,5,1,0,-1.0,-1.0,1,0,1,0,0.0,0.03989754118269727
1141,stimulus,46,5,3,0,0,-1.0,-1.0,1,0,1,0,0.0,0.03989754118269727
1142,stimulus,46,7,3,0,0,-1.0,-1.0,1,0,1,0,0.0003106794906800987,0.040208220673377364
1143,stimulus,46,2,5,1,0,-1.0,-1.0,1,0,1,0,0.0003996291894282235,0.040208220673377364
1144,stimulus,46,5,3,0,0,-1.0,-1.0,1,0,1,0,0.0,0.040208220673377364
1145,stimulus,46,0,5,1,0,-1.0,-1.0,1,0,1,0,0.0,0.040208220673377364
1146,stimulus,46,0,3,0,0,-1.0,-1.0,1,0,1,0,0.0,0.040208220673377364
1147,stimulus,46,8,3,0,0,-1.0,-1.0,1,0,1,0,0.0,0.040208220673377364
1148,stimulus,46,4,5,1,1,1.0,1.0,0,nan,nan,nan,3.5658303605071113e-06,0.04021178650373787
1149,stimulus,46,7,4,0,0,-1.0,-1.0,1,1,0,0,0.0,0.04021178650373787
1150,stimulus,46,7,3,0,0,-1.0,-1.0,1,0,1,0,0.0003996291894282235,0.0406114156931661
1151,stimulus,46,1,3,0,0,-1.0,-1.0,1,0,1,0,0.0,0.0406114156931661
1152,stimulus,46,2,5,1,0,-1.0,-1.0,1,0,1,0,0.0003996291894282235,0.0406114156931661
1153,stimulus,46,7,3,0,0,-1.0,-1.0,1,0,1,0,0.0003996291894282235,0.041011044882594314
1154,stimulus,46,1,5,1,0,-1.0,-1.0,1,0,1,0,0.0,0.041011044882594314
1155,stimulus,46,4,5,1,1,1.0,1.0,0,nan,nan,nan,1.692224964866911e-06,0.04100935265762945
1156,stimulus,46,2,4,0,0,-1.0,-1.0,1,1,0,0,0.0,0.04100935265762945
1157,stimulus,46,1,3,0,0,-1.0,-1.0,1,0,1,0,0.0,0.04100935265762945
1158,stimulus,46,0,5,1,0,-1.0,-1.0,1,0,1,0,0.0,0.04100935265762945
1159,stimulus,46,6,5,1,1,1.0,1.0,0,nan,nan,nan,0.0,0.04100935265762945
1160,stimulus,46,7,6,1,1,1.0,1.0,0,nan,nan,nan,0.0,0.04100935265762945
1161,stimulus,46,7,7,1,1,1.0,1.0,0,nan,nan,nan,0.0,0.04100935265762945
1162,stimulus,46,0,6,0,0,-1.0,-1.0,1,3,0,1,0.0,0.04100935265762945
1163,stimulus,46,4,5,1,1,1.0,1.0,0,nan,nan,nan,1.692224964866911e-06,0.041007660432664586
1164,stimulus,46,8,4,0,0,-1.0,-1.0,1,1,0,0,0.0003996291894282235,0.041407289622092815
1165,stimulus,46,3,3,0,1,1.0,1.0,0,nan,nan,nan,0.0,0.041407289622092815
1166,stimulus,46,4,4,1,1,1.0,1.0,0,nan,nan,nan,0.0,0.041407289622092815
1167,stimulus,46,2,5,1,0,-1.0,-1.0,1,2,0,0,0.0003996291894282235,0.041407289622092815
1168,stimulus,46,7,3,0,0,-1.0,-1.0,1,0,1,0,0.0003996291894282235,0.04180691881152103
1169,stimulus,46,6,5,1,1,1.0,1.0,0,nan,nan,nan,0.0,0.04180691881152103
1170,stimulus,46,7,6,1,1,1.0,1.0,0,nan,nan,nan,0.0,0.04180691881152103
1171,stimulus,46,3,7,1,0,-1.0,-1.0,1,2,0,0,0.0,0.04180691881152103
1172,stimulus,46,6,3,0,0,-1.0,-1.0,1,0,1,0,0.0,0.04180691881152103
1173,stimulus,46,5,3,0,0,-1.0,-1.0,1,0,1,0,0.0,0.04180691881152103
1174,stimulus,46,6,5,1,1,1.0,1.0,0,nan,nan,nan,0.0,0.04180691881152103
1175,stimulus,46,0,6,1,0,-1.0,-1.0,1,1,0,0,0.0,0.04180691881152103
1176,stimulus,46,0,5,1,0,-1.0,-1.0,1,0,1,0,0.0,0.04180691881152103
1177,stimulus,46,6,5,1,1,1.0,1.0,0,nan,nan,nan,0.0,0.04180691881152103
1178,stimulus,46,0,6,1,0,-1.0,-1.0,1,1,0,0,0.0,0.04180691881152103
1179,stimulus,46,5,3,0,0,-1.0,-1.0,1,0,1,0,0.0,0.04180691881152103
1180,stimulus,46,4,5,1,1,1.0,1.0,0,nan,nan,nan,3.5658303605071113e-06,0.04181048464188154
1181,stimulus,46,8,4,0,0,-1.0,-1.0,1,1,0,0,0.0003996291894282235,0.04221011383130977
1182,stimulus,46,1,5,1,0,-1.0,-1.0,1,0,1,0,0.0,0.04221011383130977
1183,stimulus,46,1,5,1,0,-1.0,-1.0,1,0,1,0,0.0,0.04221011383130977
1184,stimulus,46,8,3,0,0,-1.0,-1.0,1,0,1,0,0.0,0.04221011383130977
1185,stimulus,46,1,5,1,0,-1.0,-1.0,1,0,1,0,0.0,0.04221011383130977
1186,stimulus,46,3,5,1,0,-1.0,-1.0,1,0,1,0,0.0,0.04221011383130977
1187,stimulus,46,4,5,1,1,1.0,1.0,0,nan,nan,nan,1.692224964866911e-06,0.0422084216063449
1188,stimulus,46,7,6,1,1,1.0,1.0,0,nan,nan,nan,0.0,0.0422084216063449
1189,stimulus,46,4,7,1,0,-1.0,-1.0,1,2,0,0,0.0003996291894282235,0.0422084216063449
1190,stimulus,46,7,3,0,0,-1.0,-1.0,1,0,1,0,0.0003996291894282235,0.04260805079577312
1191,stimulus,46,5,5,1,1,1.0,1.0,0,nan,nan,nan,0.0,0.04260805079577312
1192,stimulus,46,1,6,1,0,-1.0,-1.0,1,1,0,0,0.0,0.04260805079577312
1193,stimulus,46,6,5,1,1,1.0,1.0,0,nan,nan,nan,0.0,0.04260805079577312
1194,stimulus,46,4,4,0,1,1.0,1.0,0,nan,nan,nan,0.0,0.04260805079577312
1195,stimulus,46,3,3,0,1,1.0,1.0,0,nan,nan,nan,0.0,0.04260805079577312
1196,stimulus,46,6,2,0,0,-1.0,-1.0,1,3,0,1,0.0003996291894282235,0.04300767998520135
1197,stimulus,46,4,5,1,1,1.0,1.0,0,nan,nan,nan,1.692224964866911e-06,0.04300598776023649
1198,stimulus,46,2,4,0,0,-1.0,-1.0,1,1,0,0,0.0,0.04300598776023649
1199,stimulus,46,5,5,1,1,1.0,1.0,0,nan,nan,nan,0.0,0.04300598776023649
1200,stimulus,46,3,6,1,0,-1.0,-1.0,1,1,0,0,0.0003996291894282235,0.04300598776023649
1201,stimulus,46,7,3,0,0,-1.0,-1.0,1,0,1,0,0.0003996291894282235,0.0434056169496647
1202,stimulus,46,1,3,0,0,-1.0,-1.0,1,0,1,0,0.0,0.0434056169496647
1203,stimulus,46,4,5,1,1,1.0,1.0,0,nan,nan,nan,3.5658303605071113e-06,0.043409182780025216
1204,stimulus,46,7,6,1,1,1.0,1.0,0,nan,nan,nan,0.0,0.043409182780025216
1205,stimulus,46,0,5,0,0,-1.0,-1.0,1,2,0,0,0.0,0.043409182780025216
1206,stimulus,46,0,5,1,0,-1.0,-1.0,1,0,1,0,0.0,0.043409182780025216
1207,stimulus,46,8,5,1,0,-1.0,-1.0,1,0,1,0,0.0,0.043409182780025216
1208,stimulus,46,3,5,1,0,-1.0,-1.0,1,0,1,0,0.0,0.043409182780025216
1209,stimulus,46,1,5,1,0,-1.0,-1.0,1,0,1,0,0.0,0.043409182780025216
1210,stimulus,46,7,3,0,0,-1.0,-1.0,1,0,1,0,0.0003996291894282235,0.043808811969453444
1211,stimulus,46,6,5,1,1,1.0,1.0,0,nan,nan,nan,0.0,0.043808811969453444
1212,stimulus,46,8,4,0,0,-1.0,-1.0,1,1,0,0,0.0003996291894282235,0.04420844115888166
1213,stimulus,46,0,5,1,0,-1.0,-1.0,1,0,1,0,0.0,0.04420844115888166
1214,stimulus,46,5,5,1,1,1.0,1.0,0,nan,nan,nan,0.0,0.04420844115888166
1215,stimulus,46,2,6,1,0,-1.0,-1.0,1,1,0,0,0.0,0.04420844115888166
1216,stimulus,46,0,3,0,0,-1.0,-1.0,1,0,1,0,0.0,0.04420844115888166
1217,stimulus,46,1,5,1,0,-1.0,-1.0,1,0,1,0,0.0,0.04420844115888166
1218,stimulus,46,5,3,0,0,-1.0,-1.0,1,0,1,0,0.0,0.04420844115888166
1219,stimulus,46,1,3,0,0,-1.0,-1.0,1,0,1,0,0.0,0.04420844115888166
1220,stimulus,46,7,3,0,0,-1.0,-1.0,1,0,1,0,0.0003996291894282235,0.044608070348309894
1221,stimulus,46,1,3,0,0,-1.0,-1.0,1,0,1,0,0.0,0.044608070348309894
1222,stimulus,46,6,3,0,0,-1.0,-1.0,1,0,1,0,0.0,0.044608070348309894
1223,stimulus,46,7,3,0,0,-1.0,-1.0,1,0,1,0,0.0003996291894282235,0.04500769953773811
1224,stimulus,46,5,5,1,1,1.0,1.0,0,nan,nan,nan,0.0,0.04500769953773811
1225,stimulus,46,4,4,0,1,1.0,1.0,0,nan,nan,nan,0.0,0.04500769953773811
1226,stimulus,46,8,3,0,0,-1.0,-1.0,1,2,0,0,0.0,0.04500769953773811
1227,stimulus,46,8,5,1,0,-1.0,-1.0,1,0,1,0,0.0,0.04500769953773811
1228,stimulus,46,4,5,1,1,1.0,1.0,0,nan,nan,nan,1.692224964866911e-06,0.045006007312773245
1229,stimulus,46,6,4,0,0,-1.0,-1.0,1,1,0,0,0.0,0.045006007312773245
1230,stimulus,46,7,3,0,0,-1.0,-1.0,1,0,1,0,0.0003996291894282235,0.04540563650220147
1231,stimulus,46,0,3,0,0,-1.0,-1.0,1,0,1,0,0.0,0.04540563650220147
1232,stimulus,46,2,5,1,0,-1.0,-1.0,1,0,1,0,0.0003996291894282235,0.04540563650220147
1233,stimulus,46,6,3,0,0,-1.0,-1.0,1,0,1,0,0.0,0.04540563650220147
1234,stimulus,46,3,5,1,0,-1.0,-1.0,1,0,1,0,0.0,0.04540563650220147
1235,stimulus,46,6,5,1,1,1.0,1.0,0,nan,nan,nan,0.0,0.04540563650220147
1236,stimulus,46,2,4,0,0,-1.0,-1.0,1,1,0,0,0.0,0.04540563650220147
1237,stimulus,46,5,3,0,0,-1.0,-1.0,1,0,1,0,0.0,0.04540563650220147
1238,stimulus,46,1,3,0,0,-1.0,-1.0,1,0,1,0,0.0,0.04540563650220147
1239,stimulus,46,7,3,0,0,-1.0,-1.0,1,0,1,0,0.0003996291894282235,0.045805265691629696
1240,stimulus,46,2,5,1,0,-1.0,-1.0,1,0,1,0,0.0003996291894282235,0.045805265691629696
1241,stimulus,46,3,5,1,0,-1.0,-1.0,1,0,1,0,0.0,0.045805265691629696
1242,stimulus,46,8,3,0,0,-1.0,-1.0,1,0,1,0,0.0,0.045805265691629696
1243,stimulus,46,2,5,1,0,-1.0,-1.0,1,0,1,0,0.0003996291894282235,0.045805265691629696
1244,stimulus,46,8,3,0,0,-1.0,-1.0,1,0,1,0,0.0,0.045805265691629696
1245,stimulus,46,4,5,1,1,1.0,1.0,0,nan,nan,nan,1.692224964866911e-06,0.045803573466664825
1246,stimulus,46,6,4,0,0,-1.0,-1.0,1,1,0,0,0.0,0.045803573466664825
1247,stimulus,46,5,3,0,0,-1.0,-1.0,1,0,1,0,0.0,0.045803573466664825
1248,stimulus,46,8,3,0,0,-1.0,-1.0,1,0,1,0,0.0,0.045803573466664825
1249,stimulus,46,1,5,1,0,-1.0,-1.0,1,0,1,0,0.0,0.045803573466664825
1250,stimulus,46,6,3,0,0,-1.0,-1.0,1,0,1,0,0.0,0.045803573466664825
1251,stimulus,46,0,5,1,0,-1.0,-1.0,1,0,1,0,0.0,0.045803573466664825
1252,stimulus,46,8,3,0,0,-1.0,-1.0,1,0,1,0,0.0,0.045803573466664825
1253,stimulus,46,1,5,1,0,-1.0,-1.0,1,0,1,0,0.0,0.045803573466664825
1254,stimulus,46,1,3,0,0,-1.0,-1.0,1,0,1,0,0.0,0.045803573466664825
1255,stimulus,46,1,5,1,0,-1.0,-1.0,1,0,1,0,0.0,0.045803573466664825
1256,stimulus,46,8,5,1,0,-1.0,-1.0,1,0,1,0,0.0,0.045803573466664825
1257,stimulus,46,3,3,0,1,1.0,1.0,0,nan,nan,nan,0.0,0.045803573466664825
1258,stimulus,46,2,2,0,1,1.0,1.0,0,nan,nan,nan,0.0,0.045803573466664825
1259,stimulus,46,1,3,1,0,-1.0,-1.0,1,2,0,0,0.0,0.045803573466664825
1260,stimulus,46,7,3,0,0,-1.0,-1.0,1,0,1,0,0.0003996291894282235,0.045840616006107025
1261,stimulus,46,3,5,1,0,-1.0,-1.0,1,0,1,0,0.0,0.045840616006107025
1262,stimulus,46,5,3,0,0,-1.0,-1.0,1,0,1,0,0.0,0.045840616006107025
1263,stimulus,46,3,3,0,1,1.0,1.0,0,nan,nan,nan,0.0,0.045840616006107025
1264,stimulus,46,2,2,0,1,1.0,1.0,0,nan,nan,nan,0.0,0.045840616006107025
1265,stimulus,46,3,1,0,0,-1.0,-1.0,1,2,0,0,0.0,0.045840616006107025
1266,stimulus,46,5,5,1,1,1.0,1.0,0,nan,nan,nan,0.0,0.045840616006107025
1267,stimulus,46,5,6,1,1,1.0,1.0,0,nan,nan,nan,3.5658303605071113e-06,0.04584418183646753
1268,stimulus,46,7,7,1,1,1.0,1.0,0,nan,nan,nan,0.0,0.04584418183646753
1269,stimulus,46,7,8,1,1,1.0,1.0,0,nan,nan,nan,1.692224964866911e-06,0.04584248961150267
1270,stimulus,46,6,8,1,0,-1.0,-1.0,1,4,0,1,0.0003996291894282235,0.04584248961150267
1271,stimulus,46,0,5,1,0,-1.0,-1.0,1,0,1,0,0.0,0.04584248961150267
1272,stimulus,46,6,3,0,0,-1.0,-1.0,1,0,1,0,0.0,0.04584248961150267
1273,stimulus,46,4,5,1,1,1.0,1.0,0,nan,nan,nan,1.692224964866911e-06,0.045840797386537804
1274,stimulus,46,3,6,1,0,-1.0,-1.0,1,1,0,0,0.0003996291894282235,0.045840797386537804
1275,stimulus,46,8,3,0,0,-1.0,-1.0,1,0,1,0,0.0,0.045840797386537804
1276,stimulus,46,6,5,1,1,1.0,1.0,0,nan,nan,nan,0.0,0.045840797386537804
1277,stimulus,46,7,4,0,0,-1.0,-1.0,1,1,0,0,0.0,0.045840797386537804
1278,stimulus,46,5,3,0,0,-1.0,-1.0,1,0,1,0,0.0,0.045840797386537804
1279,stimulus,46,8,3,0,0,-1.0,-1.0,1,0,1,0,0.0,0.045840797386537804
1280,stimulus,46,7,3,0,0,-1.0,-1.0,1,0,1,0,0.0003996291894282235,0.045840797386537804
1281,stimulus,46,7,3,0,0,-1.0,-1.0,1,0,1,0,0.0003996291894282235,0.045840797386537804
1282,stimulus,46,3,5,1,0,-1.0,-1.0,1,0,1,0,0.0,0.045840797386537804
1283,stimulus,46,8,5,1,0,-1.0,-1.0,1,0,1,0,0.0,0.045840797386537804
1284,stimulus,46,1,5,1,0,-1.0,-1.0,1,0,1,0,0.0,0.045840797386537804
1285,stimulus,46,0,5,1,0,-1.0,-1.0,1,0,1,0,0.0,0.045840797386537804
1286,stimulus,46,6,5,1,1,1.0,1.0,0,nan,nan,nan,0.0,0.045840797386537804
1287,stimulus,46,2,4,0,0,-1.0,-1.0,1,1,0,0,0.0,0.045840797386537804
1288,stimulus,46,6,5,1,1,1.0,1.0,0,nan,nan,nan,0.0,0.045840797386537804
1289,stimulus,46,1,4,0,0,-1.0,-1.0,1,1,0,0,0.0,0.045840797386537804
1290,stimulus,46,5,5,1,1,1.0,1.0,0,nan,nan,nan,0.0,0.045840797386537804
1291,stimulus,46,7,6,1,1,1.0,1.0,0,nan,nan,nan,0.0,0.045840797386537804
1292,stimulus,46,2,5,0,0,-1.0,-1.0,1,2,0,0,0.0,0.045840797386537804
1293,stimulus,46,6,3,0,0,-1.0,-1.0,1,0,1,0,0.0,0.045840797386537804
1294,stimulus,46,7,3,0,0,-1.0,-1.0,1,0,1,0,0.0003996291894282235,0.045840797386537804
1295,stimulus,46,7,3,0,0,-1.0,-1.0,1,0,1,0,0.0003996291894282235,0.045840797386537804
1296,stimulus,46,4,5,1,1,1.0,1.0,0,nan,nan,nan,3.5658303605071113e-06,0.04584436321689831
1297,stimulus,46,5,6,1,1,1.0,1.0,0,nan,nan,nan,1.692224964866911e-06,0.04584267099193344
1298,stimulus,46,1,7,1,0,-1.0,-1.0,1,2,0,0,0.0,0.04584267099193344
1299,stimulus,46,7,3,0,0,-1.0,-1.0,1,0,1,0,0.0003996291894282235,0.04584267099193344
1300,stimulus,46,0,5,1,0,-1.0,-1.0,1,0,1,0,0.0,0.04584267099193344
1301,stimulus,46,1,5,1,0,-1.0,-1.0,1,0,1,0,0.0,0.04584267099193344
1302,stimulus,46,4,5,1,1,1.0,1.0,0,nan,nan,nan,1.692224964866911e-06,0.04584097876696857
1303,stimulus,46,5,6,1,1,1.0,1.0,0,nan,nan,nan,3.5658303605071113e-06,0.045844544597329076
1304,stimulus,46,7,5,0,0,-1.0,-1.0,1,2,0,0,0.0,0.045844544597329076
1305,stimulus,46,0,3,0,0,-1.0,-1.0,1,0,1,0,0.0,0.045844544597329076
1306,stimulus,46,4,5,1,1,1.0,1.0,0,nan,nan,nan,1.692224964866911e-06,0.04584285237236421
1307,stimulus,46,5,6,1,1,1.0,1.0,0,nan,nan,nan,1.692224964866911e-06,0.04584116014739935
1308,stimulus,46,7,7,1,1,1.0,1.0,0,nan,nan,nan,0.0,0.04584116014739935
1309,stimulus,46,0,6,0,0,-1.0,-1.0,1,3,0,1,0.0,0.04584116014739935
1310,stimulus,46,2,5,1,0,-1.0,-1.0,1,0,1,0,0.0003996291894282235,0.04584116014739935
1311,stimulus,46,2,5,1,0,-1.0,-1.0,1,0,1,0,0.0003996291894282235,0.04584116014739935
1312,stimulus,46,6,3,0,0,-1.0,-1.0,1,0,1,0,0.0,0.04584116014739935
1313,stimulus,46,2,3,0,1,1.0,1.0,0,nan,nan,nan,0.0003996291894282235,0.04544153095797112
1314,stimulus,46,4,2,0,0,-1.0,-1.0,1,1,0,0,0.0,0.04544153095797112
1315,stimulus,46,0,3,0,0,-1.0,-1.0,1,0,1,0,0.0,0.04544153095797112
1316,stimulus,46,4,3,0,1,1.0,1.0,0,nan,nan,nan,3.5658303605071113e-06,0.045445096788331626
1317,stimulus,46,1,4,1,0,-1.0,-1.0,1,1,0,0,0.0003996291894282235,0.04584472597775985
1318,stimulus,46,0,3,0,0,-1.0,-1.0,1,0,1,0,0.0,0.04584472597775985
1319,stimulus,46,8,3,0,0,-1.0,-1.0,1,0,1,0,0.0,0.04584472597775985
1320,stimulus,46,4,5,1,1,1.0,1.0,0,nan,nan,nan,1.692224964866911e-06,0.045843033752794984
1321,stimulus,46,7,6,1,1,1.0,1.0,0,nan,nan,nan,0.0,0.045843033752794984
1322,stimulus,46,7,5,0,0,-1.0,-1.0,1,2,0,0,0.0,0.045843033752794984
1323,stimulus,46,1,3,0,0,-1.0,-1.0,1,0,1,0,0.0,0.045843033752794984
1324,stimulus,46,2,5,1,0,-1.0,-1.0,1,0,1,0,0.0003996291894282235,0.045843033752794984
1325,stimulus,46,2,5,1,0,-1.0,-1.0,1,0,1,0,0.0003996291894282235,0.045843033752794984
1326,stimulus,46,4,5,1,1,1.0,1.0,0,nan,nan,nan,1.692224964866911e-06,0.045841341527830114
1327,stimulus,46,4,6,1,0,-1.0,-1.0,1,1,0,0,0.0,0.045841341527830114
1328,stimulus,46,0,3,0,0,-1.0,-1.0,1,0,1,0,0.0,0.045841341527830114
1329,stimulus,46,6,5,1,1,1.0,1.0,0,nan,nan,nan,0.0,0.045841341527830114
1330,stimulus,46,8,4,0,0,-1.0,-1.0,1,1,0,0,0.0003996291894282235,0.045841341527830114
1331,stimulus,46,8,3,0,0,-1.0,-1.0,1,0,1,0,0.0,0.045841341527830114
1332,stimulus,46,2,5,1,0,-1.0,-1.0,1,0,1,0,0.0003996291894282235,0.045841341527830114
1333,stimulus,46,2,5,1,0,-1.0,-1.0,1,0,1,0,0.0003996291894282235,0.045841341527830114
1334,stimulus,46,1,3,0,0,-1.0,-1.0,1,0,1,0,0.0,0.045841341527830114
1335,stimulus,46,6,3,0,0,-1.0,-1.0,1,0,1,0,0.0,0.045841341527830114
1336,stimulus,46,5,3,0,0,-1.0,-1.0,1,0,1,0,0.0,0.045841341527830114
1337,stimulus,46,5,3,0,0,-1.0,-1.0,1,0,1,0,0.0,0.045841341527830114
1338,stimulus,46,5,5,1,1,1.0,1.0,0,nan,nan,nan,0.0,0.045841341527830114
1339,stimulus,46,1,4,0,0,-1.0,-1.0,1,1,0,0,0.0,0.045841341527830114
1340,stimulus,46,1,3,0,0,-1.0,-1.0,1,0,1,0,0.0,0.045841341527830114
1341,stimulus,46,6,5,1,1,1.0,1.0,0,nan,nan,nan,0.0,0.045841341527830114
1342,stimulus,46,4,6,1,0,-1.0,-1.0,1,1,0,0,0.0,0.045841341527830114
1343,stimulus,46,6,5,1,1,1.0,1.0,0,nan,nan,nan,0.0,0.045841341527830114
1344,stimulus,46,7,6,1,1,1.0,1.0,0,nan,nan,nan,0.0,0.045841341527830114
1345,stimulus,46,7,5,0,0,-1.0,-1.0,1,2,0,0,0.0,0.045841341527830114
1346,stimulus,46,3,5,1,0,-1.0,-1.0,1,0,1,0,0.0,0.045841341527830114
1347,stimulus,46,2,5,1,0,-1.0,-1.0,1,0,1,0,0.0003996291894282235,0.045841341527830114
1348,stimulus,46,7,3,0,0,-1.0,-1.0,1,0,1,0,0.0003996291894282235,0.045841341527830114
1349,stimulus,46,8,3,0,0,-1.0,-1.0,1,0,1,0,0.0,0.045841341527830114
1350,stimulus,46,6,3,0,0,-1.0,-1.0,1,0,1,0,0.0,0.045841341527830114
1351,stimulus,46,6,3,0,0,-1.0,-1.0,1,0,1,0,0.0,0.045841341527830114
1352,stimulus,46,1,5,1,0,-1.0,-1.0,1,0,1,0,0.0,0.045841341527830114
1353,stimulus,46,1,3,0,0,-1.0,-1.0,1,0,1,0,0.0,0.045841341527830114
1354,stimulus,46,2,5,1,0,-1.0,-1.0,1,0,1,0,0.0003996291894282235,0.045841341527830114
1355,stimulus,46,0,3,0,0,-1.0,-1.0,1,0,1,0,0.0,0.045841341527830114
1356,stimulus,46,6,3,0,0,-1.0,-1.0,1,0,1,0,0.0,0.045841341527830114
1357,stimulus,46,5,3,0,0,-1.0,-1.0,1,0,1,0,0.0,0.045841341527830114
1358,stimulus,46,5,3,0,0,-1.0,-1.0,1,0,1,0,0.0,0.045841341527830114
1359,stimulus,46,8,3,0,0,-1.0,-1.0,1,0,1,0,0.0,0.045841341527830114
1360,stimulus,46,1,3,0,0,-1.0,-1.0,1,0,1,0,0.0,0.045841341527830114
1361,stimulus,46,6,3,0,0,-1.0,-1.0,1,0,1,0,0.0,0.045841341527830114
1362,stimulus,46,5,3,0,0,-1.0,-1.0,1,0,1,0,0.0,0.045841341527830114
1363,stimulus,46,3,3,0,1,1.0,1.0,0,nan,nan,nan,0.0,0.045841341527830114
1364,stimulus,46,1,4,1,0,-1.0,-1.0,1,1,0,0,0.0003996291894282235,0.045841341527830114
1365,stimulus,46,1,3,0,0,-1.0,-1.0,1,0,1,0,0.0,0.045841341527830114
1366,stimulus,46,5,5,1,1,1.0,1.0,0,nan,nan,nan,0.0,0.045841341527830114
1367,stimulus,46,1,6,1,0,-1.0,-1.0,1,1,0,0,0.0,0.045841341527830114
1368,stimulus,46,0,5,1,0,-1.0,-1.0,1,0,1,0,0.0,0.045841341527830114
1369,stimulus,46,0,3,0,0,-1.0,-1.0,1,0,1,0,0.0,0.045841341527830114
1370,stimulus,46,7,3,0,0,-1.0,-1.0,1,0,1,0,0.0003996291894282235,0.045841341527830114
1371,stimulus,46,4,5,1,1,1.0,1.0,0,nan,nan,nan,3.5658303605071113e-06,0.04584490735819062
1372,stimulus,46,0,4,0,0,-1.0,-1.0,1,1,0,0,0.0,0.04584490735819062
1373,stimulus,46,5,3,0,0,-1.0,-1.0,1,0,1,0,0.0,0.04584490735819062
1374,stimulus,46,6,3,0,0,-1.0,-1.0,1,0,1,0,0.0,0.04584490735819062
1375,stimulus,46,8,3,0,0,-1.0,-1.0,1,0,1,0,0.0,0.04584490735819062
1376,stimulus,46,1,5,1,0,-1.0,-1.0,1,0,1,0,0.0,0.04584490735819062
1377,stimulus,46,2,5,1,0,-1.0,-1.0,1,0,1,0,0.0003996291894282235,0.04584490735819062
1378,stimulus,46,4,5,1,1,1.0,1.0,0,nan,nan,nan,1.692224964866911e-06,0.045843215133225756
1379,stimulus,46,0,4,0,0,-1.0,-1.0,1,1,0,0,0.0,0.045843215133225756
1380,stimulus,46,2,5,1,0,-1.0,-1.0,1,0,1,0,0.0003996291894282235,0.045843215133225756
1381,stimulus,46,5,5,1,1,1.0,1.0,0,nan,nan,nan,0.0,0.045843215133225756
1382,stimulus,46,3,6,1,0,-1.0,-1.0,1,1,0,0,0.0003996291894282235,0.045843215133225756
1383,stimulus,46,0,3,0,0,-1.0,-1.0,1,0,1,0,0.0,0.045843215133225756
1384,stimulus,46,7,5,1,0,-1.0,-1.0,1,0,1,0,0.0003996291894282235,0.045843215133225756
1385,stimulus,46,0,5,1,0,-1.0,-1.0,1,0,1,0,0.0,0.045843215133225756
1386,stimulus,46,4,5,1,1,1.0,1.0,0,nan,nan,nan,1.692224964866911e-06,0.04584152290826089
1387,stimulus,46,6,4,0,0,-1.0,-1.0,1,1,0,0,0.0,0.04584152290826089
1388,stimulus,46,2,5,1,0,-1.0,-1.0,1,0,1,0,0.0003996291894282235,0.04584152290826089
1389,stimulus,46,0,5,1,0,-1.0,-1.0,1,0,1,0,0.0,0.04584152290826089
1390,stimulus,46,5,3,0,0,-1.0,-1.0,1,0,1,0,0.0,0.04584152290826089
1391,stimulus,46,5,3,0,0,-1.0,-1.0,1,0,1,0,0.0,0.04584152290826089
1392,stimulus,46,6,3,0,0,-1.0,-1.0,1,0,1,0,0.0,0.04584152290826089
1393,stimulus,46,5,3,0,0,-1.0,-1.0,1,0,1,0,0.0,0.04584152290826089
1394,stimulus,46,1,5,1,0,-1.0,-1.0,1,0,1,0,0.0,0.04584152290826089
1395,stimulus,46,8,5,1,0,-1.0,-1.0,1,0,1,0,0.0,0.04584152290826089
1396,stimulus,46,7,3,0,0,-1.0,-1.0,1,0,1,0,0.0003996291894282235,0.04584152290826089
1397,stimulus,46,4,5,1,1,1.0,1.0,0,nan,nan,nan,3.5658303605071113e-06,0.0458450887386214
1398,stimulus,46,7,6,1,1,1.0,1.0,0,nan,nan,nan,0.0,0.0458450887386214
1399,stimulus,46,7,7,1,1,1.0,1.0,0,nan,nan,nan,0.0,0.0458450887386214
1400,stimulus,46,0,6,0,0,-1.0,-1.0,1,3,0,1,0.0,0.0458450887386214
1401,stimulus,46,0,5,1,0,-1.0,-1.0,1,0,1,0,0.0,0.0458450887386214
1402,stimulus,46,4,5,1,1,1.0,1.0,0,nan,nan,nan,1.692224964866911e-06,0.04584339651365653
1403,stimulus,46,4,6,1,0,-1.0,-1.0,1,1,0,0,0.0,0.04584339651365653
1404,stimulus,46,8,3,0,0,-1.0,-1.0,1,0,1,0,0.0,0.04584339651365653
1405,stimulus,46,1,5,1,0,-1.0,-1.0,1,0,1,0,0.0,0.04584339651365653
1406,stimulus,46,6,3,0,0,-1.0,-1.0,1,0,1,0,0.0,0.04584339651365653
1407,stimulus,46,4,5,1,1,1.0,1.0,0,nan,nan,nan,1.692224964866911e-06,0.045841704288691665
1408,stimulus,46,2,4,0,0,-1.0,-1.0,1,1,0,0,0.0,0.045841704288691665
1409,stimulus,46,5,5,1,1,1.0,1.0,0,nan,nan,nan,0.0,0.045841704288691665
1410,stimulus,46,7,6,1,1,1.0,1.0,0,nan,nan,nan,0.0,0.045841704288691665
1411,stimulus,46,4,7,1,0,-1.0,-1.0,1,2,0,0,0.0003996291894282235,0.045841704288691665
1412,stimulus,46,8,3,0,0,-1.0,-1.0,1,0,1,0,0.0,0.045841704288691665
1413,stimulus,46,4,5,1,1,1.0,1.0,0,nan,nan,nan,1.692224964866911e-06,0.0458400120637268
1414,stimulus,46,0,6,1,0,-1.0,-1.0,1,1,0,0,0.0,0.0458400120637268
1415,stimulus,46,4,5,1,1,1.0,1.0,0,nan,nan,nan,3.5658303605071113e-06,0.04584357789408731
1416,stimulus,46,8,4,0,0,-1.0,-1.0,1,1,0,0,0.0003996291894282235,0.04584357789408731
1417,stimulus,46,8,5,1,0,-1.0,-1.0,1,0,1,0,0.0,0.04584357789408731
1418,stimulus,46,8,3,0,0,-1.0,-1.0,1,0,1,0,0.0,0.04584357789408731
1419,stimulus,46,0,5,1,0,-1.0,-1.0,1,0,1,0,0.0,0.04584357789408731
1420,stimulus,46,3,5,1,0,-1.0,-1.0,1,0,1,0,0.0,0.04584357789408731
1421,stimulus,46,3,5,1,0,-1.0,-1.0,1,0,1,0,0.0,0.04584357789408731
1422,stimulus,46,3,5,1,0,-1.0,-1.0,1,0,1,0,0.0,0.04584357789408731
1423,stimulus,46,0,3,0,0,-1.0,-1.0,1,0,1,0,0.0,0.04584357789408731
1424,stimulus,46,3,5,1,0,-1.0,-1.0,1,0,1,0,0.0,0.04584357789408731
1425,stimulus,46,7,3,0,0,-1.0,-1.0,1,0,1,0,0.0003996291894282235,0.04584357789408731
1426,stimulus,46,1,3,0,0,-1.0,-1.0,1,0,1,0,0.0,0.04584357789408731
1427,stimulus,46,1,3,0,0,-1.0,-1.0,1,0,1,0,0.0,0.04584357789408731
1428,stimulus,46,1,3,0,0,-1.0,-1.0,1,0,1,0,0.0,0.04584357789408731
1429,stimulus,46,4,5,1,1,1.0,1.0,0,nan,nan,nan,1.692224964866911e-06,0.04584188566912244
1430,stimulus,46,3,6,1,0,-1.0,-1.0,1,1,0,0,0.0003996291894282235,0.04584188566912244
1431,stimulus,46,5,3,0,0,-1.0,-1.0,1,0,1,0,0.0,0.04584188566912244
1432,stimulus,46,3,5,1,0,-1.0,-1.0,1,0,1,0,0.0,0.04584188566912244
1433,stimulus,46,4,3,0,1,1.0,1.0,0,nan,nan,nan,1.692224964866911e-06,0.04584019344415757
1434,stimulus,46,5,4,1,1,1.0,1.0,0,nan,nan,nan,0.0,0.04584019344415757
1435,stimulus,46,1,5,1,0,-1.0,-1.0,1,2,0,0,0.0,0.04584019344415757
1436,stimulus,46,6,3,0,0,-1.0,-1.0,1,0,1,0,0.0,0.04584019344415757
1437,stimulus,46,3,3,0,1,1.0,1.0,0,nan,nan,nan,0.0,0.04584019344415757
1438,stimulus,46,7,4,1,0,-1.0,-1.0,1,1,0,0,0.0,0.04584019344415757
1439,stimulus,46,3,3,0,1,1.0,1.0,0,nan,nan,nan,0.0,0.04584019344415757
1440,stimulus,46,5,4,1,1,1.0,1.0,0,nan,nan,nan,0.0,0.04584019344415757
1441,stimulus,46,7,3,0,0,-1.0,-1.0,1,2,0,0,0.0003996291894282235,0.04584019344415757
1442,stimulus,46,6,5,1,1,1.0,1.0,0,nan,nan,nan,0.0,0.04584019344415757
1443,stimulus,46,2,4,0,0,-1.0,-1.0,1,1,0,0,0.0,0.04584019344415757
1444,stimulus,46,1,3,0,0,-1.0,-1.0,1,0,1,0,0.0,0.04584019344415757
1445,stimulus,46,8,3,0,0,-1.0,-1.0,1,0,1,0,0.0,0.04584019344415757
1446,stimulus,46,0,5,1,0,-1.0,-1.0,1,0,1,0,0.0,0.04584019344415757
1447,stimulus,46,2,5,1,0,-1.0,-1.0,1,0,1,0,0.0003996291894282235,0.04584019344415757
1448,stimulus,46,6,3,0,0,-1.0,-1.0,1,0,1,0,0.0,0.04584019344415757
1449,stimulus,46,3,3,0,1,1.0,1.0,0,nan,nan,nan,0.0,0.04584019344415757
1450,stimulus,46,4,4,1,1,1.0,1.0,0,nan,nan,nan,0.0,0.04584019344415757
1451,stimulus,46,0,5,1,0,-1.0,-1.0,1,2,0,0,0.0,0.04584019344415757
1452,stimulus,46,5,3,0,0,-1.0,-1.0,1,0,1,0,0.0,0.04584019344415757
1453,stimulus,46,5,3,0,0,-1.0,-1.0,1,0,1,0,0.0,0.04584019344415757
1454,stimulus,46,0,3,0,0,-1.0,-1.0,1,0,1,0,0.0,0.04584019344415757
1455,stimulus,46,0,5,1,0,-1.0,-1.0,1,0,1,0,0.0,0.04584019344415757
1456,stimulus,46,3,3,0,1,1.0,1.0,0,nan,nan,nan,0.0,0.04584019344415757
1457,stimulus,46,5,4,1,1,1.0,1.0,0,nan,nan,nan,0.0,0.04584019344415757
1458,stimulus,46,3,5,1,0,-1.0,-1.0,1,2,0,0,0.0,0.04584019344415757
1459,stimulus,46,1,3,0,0,-1.0,-1.0,1,0,1,0,0.0,0.04584019344415757
1460,stimulus,46,6,3,0,0,-1.0,-1.0,1,0,1,0,0.0,0.04584019344415757
1461,stimulus,46,4,5,1,1,1.0,1.0,0,nan,nan,nan,3.5658303605071113e-06,0.04584375927451808
1462,stimulus,46,7,6,1,1,1.0,1.0,0,nan,nan,nan,0.0,0.04584375927451808
1463,stimulus,46,4,7,1,0,-1.0,-1.0,1,2,0,0,0.0003996291894282235,0.04584375927451808
1464,stimulus,46,4,5,1,1,1.0,1.0,0,nan,nan,nan,1.692224964866911e-06,0.045842067049553216
1465,stimulus,46,1,4,0,0,-1.0,-1.0,1,1,0,0,0.0,0.045842067049553216
1466,stimulus,46,7,3,0,0,-1.0,-1.0,1,0,1,0,0.0003996291894282235,0.045842067049553216
1467,stimulus,46,7,3,0,0,-1.0,-1.0,1,0,1,0,0.0003996291894282235,0.045842067049553216
1468,stimulus,46,3,5,1,0,-1.0,-1.0,1,0,1,0,0.0,0.045842067049553216
1469,stimulus,46,6,3,0,0,-1.0,-1.0,1,0,1,0,0.0,0.045842067049553216
1470,stimulus,46,5,3,0,0,-1.0,-1.0,1,0,1,0,0.0,0.045842067049553216
1471,stimulus,46,6,3,0,0,-1.0,-1.0,1,0,1,0,0.0,0.045842067049553216
1472,stimulus,46,4,5,1,1,1.0,1.0,0,nan,nan,nan,1.692224964866911e-06,0.045840374824588345
1473,stimulus,46,2,4,0,0,-1.0,-1.0,1,1,0,0,0.0,0.045840374824588345
1474,stimulus,46,4,5,1,1,1.0,1.0,0,nan,nan,nan,3.5658303605071113e-06,0.04584394065494886
1475,stimulus,46,7,6,1,1,1.0,1.0,0,nan,nan,nan,0.0,0.04584394065494886
1476,stimulus,46,1,5,0,0,-1.0,-1.0,1,2,0,0,0.0,0.04584394065494886
1477,stimulus,46,2,5,1,0,-1.0,-1.0,1,0,1,0,0.0003996291894282235,0.04584394065494886
1478,stimulus,46,8,3,0,0,-1.0,-1.0,1,0,1,0,0.0,0.04584394065494886
1479,stimulus,46,1,3,0,0,-1.0,-1.0,1,0,1,0,0.0,0.04584394065494886
1480,stimulus,46,1,5,1,0,-1.0,-1.0,1,0,1,0,0.0,0.04584394065494886
1481,stimulus,46,4,5,1,1,1.0,1.0,0,nan,nan,nan,1.692224964866911e-06,0.04584224842998399
1482,stimulus,46,8,4,0,0,-1.0,-1.0,1,1,0,0,0.0003996291894282235,0.04584224842998399
1483,stimulus,46,0,5,1,0,-1.0,-1.0,1,0,1,0,0.0,0.04584224842998399
1484,stimulus,46,5,5,1,1,1.0,1.0,0,nan,nan,nan,0.0,0.04584224842998399
1485,stimulus,46,1,4,0,0,-1.0,-1.0,1,1,0,0,0.0,0.04584224842998399
1486,stimulus,46,1,3,0,0,-1.0,-1.0,1,0,1,0,0.0,0.04584224842998399
1487,stimulus,46,7,3,0,0,-1.0,-1.0,1,0,1,0,0.0003996291894282235,0.04584224842998399
1488,stimulus,46,8,3,0,0,-1.0,-1.0,1,0,1,0,0.0,0.04584224842998399
1489,stimulus,46,4,3,0,1,1.0,1.0,0,nan,nan,nan,1.692224964866911e-06,0.045840556205019124
1490,stimulus,46,4,4,1,1,1.0,1.0,0,nan,nan,nan,0.0,0.045840556205019124
1491,stimulus,46,7,3,0,0,-1.0,-1.0,1,2,0,0,0.0003996291894282235,0.045840556205019124
1492,stimulus,46,1,5,1,0,-1.0,-1.0,1,0,1,0,0.0,0.045840556205019124
1493,stimulus,46,4,5,1,1,1.0,1.0,0,nan,nan,nan,3.5658303605071113e-06,0.045844122035379624
1494,stimulus,46,3,4,0,1,1.0,1.0,0,nan,nan,nan,0.0003996291894282235,0.0454444928459514
1495,stimulus,46,7,3,0,0,-1.0,-1.0,1,2,0,0,0.0003996291894282235,0.0454444928459514
1496,stimulus,46,1,3,0,0,-1.0,-1.0,1,0,1,0,0.0,0.0454444928459514
1497,stimulus,46,5,5,1,1,1.0,1.0,0,nan,nan,nan,0.0,0.0454444928459514
1498,stimulus,46,6,6,1,1,1.0,1.0,0,nan,nan,nan,0.0,0.0454444928459514
1499,stimulus,46,4,7,1,0,-1.0,-1.0,1,2,0,0,0.0003996291894282235,0.045844122035379624
1500,stimulus,46,8,5,1,0,-1.0,-1.0,1,0,1,0,0.0,0.045844122035379624
1501,stimulus,46,5,3,0,0,-1.0,-1.0,1,0,1,0,0.0,0.045844122035379624
1502,stimulus,46,4,3,0,1,1.0,1.0,0,nan,nan,nan,1.692224964866911e-06,0.04584242981041476
1503,stimulus,46,4,2,0,0,-1.0,-1.0,1,1,0,0,0.0,0.04584242981041476
1504,stimulus,46,0,5,1,0,-1.0,-1.0,1,0,1,0,0.0,0.04584242981041476
1505,stimulus,46,8,5,1,0,-1.0,-1.0,1,0,1,0,0.0,0.04584242981041476
1506,stimulus,46,7,3,0,0,-1.0,-1.0,1,0,1,0,0.0003996291894282235,0.04584242981041476
1507,stimulus,46,5,5,1,1,1.0,1.0,0,nan,nan,nan,0.0,0.04584242981041476
1508,stimulus,46,8,6,1,0,-1.0,-1.0,1,1,0,0,0.0003996291894282235,0.04584242981041476
1509,stimulus,46,7,3,0,0,-1.0,-1.0,1,0,1,0,0.0003996291894282235,0.04584242981041476
1510,stimulus,46,1,5,1,0,-1.0,-1.0,1,0,1,0,0.0,0.04584242981041476
1511,stimulus,46,4,3,0,1,1.0,1.0,0,nan,nan,nan,1.692224964866911e-06,0.04584073758544989
1512,stimulus,46,8,2,0,0,-1.0,-1.0,1,1,0,0,0.00016932354169997975,0.04601006112714987
1513,stimulus,46,0,5,1,0,-1.0,-1.0,1,0,1,0,0.0,0.04601006112714987
1514,stimulus,46,5,3,0,0,-1.0,-1.0,1,0,1,0,0.0,0.04601006112714987
1515,stimulus,46,4,5,1,1,1.0,1.0,0,nan,nan,nan,3.5658303605071113e-06,0.04601362695751038
1516,stimulus,46,6,6,1,1,1.0,1.0,0,nan,nan,nan,0.0,0.04601362695751038
1517,stimulus,46,3,7,1,0,-1.0,-1.0,1,2,0,0,0.0,0.04601362695751038
1518,stimulus,46,0,3,0,0,-1.0,-1.0,1,0,1,0,0.0,0.04601362695751038
1519,stimulus,46,5,3,0,0,-1.0,-1.0,1,0,1,0,0.0,0.04601362695751038
1520,stimulus,46,1,5,1,0,-1.0,-1.0,1,0,1,0,0.0,0.04601362695751038
1521,stimulus,46,0,5,1,0,-1.0,-1.0,1,0,1,0,0.0,0.04601362695751038
1522,stimulus,46,3,3,0,1,1.0,1.0,0,nan,nan,nan,0.0,0.04601362695751038
1523,stimulus,46,4,4,1,1,1.0,1.0,0,nan,nan,nan,0.0,0.04601362695751038
1524,stimulus,46,6,5,1,1,1.0,1.0,0,nan,nan,nan,0.0,0.04601362695751038
1525,stimulus,46,7,6,1,1,1.0,1.0,0,nan,nan,nan,0.0,0.04601362695751038
1526,stimulus,46,3,5,0,0,-1.0,-1.0,1,4,0,1,0.0,0.04601362695751038
1527,stimulus,46,4,5,1,1,1.0,1.0,0,nan,nan,nan,1.692224964866911e-06,0.046011934732545515
1528,stimulus,46,8,4,0,0,-1.0,-1.0,1,1,0,0,0.0003996291894282235,0.046011934732545515
1529,stimulus,46,0,5,1,0,-1.0,-1.0,1,0,1,0,0.0,0.046011934732545515
1530,stimulus,46,0,5,1,0,-1.0,-1.0,1,0,1,0,0.0,0.046011934732545515
1531,stimulus,46,8,5,1,0,-1.0,-1.0,1,0,1,0,0.0,0.046011934732545515
1532,stimulus,46,8,3,0,0,-1.0,-1.0,1,0,1,0,0.0,0.046011934732545515
1533,stimulus,46,4,5,1,1,1.0,1.0,0,nan,nan,nan,1.692224964866911e-06,0.046010242507580644
1534,stimulus,46,0,4,0,0,-1.0,-1.0,1,1,0,0,0.0,0.046010242507580644
1535,stimulus,46,1,5,1,0,-1.0,-1.0,1,0,1,0,0.0,0.046010242507580644
1536,stimulus,46,1,5,1,0,-1.0,-1.0,1,0,1,0,0.0,0.046010242507580644
1537,stimulus,46,2,5,1,0,-1.0,-1.0,1,0,1,0,0.0003996291894282235,0.046010242507580644
1538,stimulus,46,7,3,0,0,-1.0,-1.0,1,0,1,0,0.0003996291894282235,0.046010242507580644
1539,stimulus,46,7,3,0,0,-1.0,-1.0,1,0,1,0,0.0003996291894282235,0.046010242507580644
1540,stimulus,46,3,3,0,1,1.0,1.0,0,nan,nan,nan,0.0,0.046010242507580644
1541,stimulus,46,5,4,1,1,1.0,1.0,0,nan,nan,nan,0.0,0.046010242507580644
1542,stimulus,46,7,3,0,0,-1.0,-1.0,1,2,0,0,0.0003996291894282235,0.046010242507580644
1543,stimulus,46,2,5,1,0,-1.0,-1.0,1,0,1,0,0.0003996291894282235,0.046010242507580644
1544,stimulus,46,5,5,1,1,1.0,1.0,0,nan,nan,nan,0.0,0.046010242507580644
1545,stimulus,46,2,6,1,0,-1.0,-1.0,1,1,0,0,0.0,0.046010242507580644
1546,stimulus,46,2,5,1,0,-1.0,-1.0,1,0,1,0,0.0003996291894282235,0.046010242507580644
1547,stimulus,46,4,5,1,1,1.0,1.0,0,nan,nan,nan,3.5658303605071113e-06,0.04601380833794115
1548,stimulus,46,8,4,0,0,-1.0,-1.0,1,1,0,0,0.0003996291894282235,0.04601380833794115
1549,stimulus,46,4,5,1,1,1.0,1.0,0,nan,nan,nan,1.692224964866911e-06,0.04601211611297629
1550,stimulus,46,4,4,0,1,1.0,1.0,0,nan,nan,nan,0.0,0.04601211611297629
1551,stimulus,46,3,3,0,1,1.0,1.0,0,nan,nan,nan,0.0,0.04601211611297629
1552,stimulus,46,7,4,1,0,-1.0,-1.0,1,3,0,1,0.0,0.04601211611297629
1553,stimulus,46,3,5,1,0,-1.0,-1.0,1,0,1,0,0.0,0.04601211611297629
1554,stimulus,46,1,3,0,0,-1.0,-1.0,1,0,1,0,0.0,0.04601211611297629
1555,stimulus,46,8,5,1,0,-1.0,-1.0,1,0,1,0,0.0,0.04601211611297629
1556,stimulus,46,4,5,1,1,1.0,1.0,0,nan,nan,nan,1.692224964866911e-06,0.04601042388801142
1557,stimulus,46,4,4,0,1,1.0,1.0,0,nan,nan,nan,0.0,0.04601042388801142
1558,stimulus,46,5,5,1,1,1.0,1.0,0,nan,nan,nan,0.0,0.04601042388801142
1559,stimulus,46,6,4,0,0,-1.0,-1.0,1,3,0,1,0.0,0.04601042388801142
1560,stimulus,46,4,5,1,1,1.0,1.0,0,nan,nan,nan,3.5658303605071113e-06,0.04601398971837193
1561,stimulus,46,6,6,1,1,1.0,1.0,0,nan,nan,nan,0.0,0.04601398971837193
1562,stimulus,46,7,7,1,1,1.0,1.0,0,nan,nan,nan,0.0,0.04601398971837193
1563,stimulus,46,3,6,0,0,-1.0,-1.0,1,3,0,1,0.0,0.04601398971837193
1564,stimulus,46,1,3,0,0,-1.0,-1.0,1,0,1,0,0.0,0.04601398971837193
1565,stimulus,46,0,5,1,0,-1.0,-1.0,1,0,1,0,0.0,0.04601398971837193
1566,stimulus,46,8,3,0,0,-1.0,-1.0,1,0,1,0,0.0,0.04601398971837193
1567,stimulus,46,6,5,1,1,1.0,1.0,0,nan,nan,nan,0.0,0.04601398971837193
1568,stimulus,46,0,6,1,0,-1.0,-1.0,1,1,0,0,0.0,0.04601398971837193
1569,stimulus,46,8,5,1,0,-1.0,-1.0,1,0,1,0,0.0,0.04601398971837193
1570,stimulus,46,4,5,1,1,1.0,1.0,0,nan,nan,nan,1.692224964866911e-06,0.04601229749340706
1571,stimulus,46,2,4,0,0,-1.0,-1.0,1,1,0,0,0.0,0.04601229749340706
1572,stimulus,46,2,5,1,0,-1.0,-1.0,1,0,1,0,0.0003996291894282235,0.04601229749340706
1573,stimulus,46,2,5,1,0,-1.0,-1.0,1,0,1,0,0.0003996291894282235,0.04601229749340706
1574,stimulus,46,8,5,1,0,-1.0,-1.0,1,0,1,0,0.0,0.04601229749340706
1575,stimulus,46,0,3,0,0,-1.0,-1.0,1,0,1,0,0.0,0.04601229749340706
1576,stimulus,46,0,5,1,0,-1.0,-1.0,1,0,1,0,0.0,0.04601229749340706
1577,stimulus,46,5,3,0,0,-1.0,-1.0,1,0,1,0,0.0,0.04601229749340706
1578,stimulus,46,4,5,1,1,1.0,1.0,0,nan,nan,nan,1.692224964866911e-06,0.046010605268442195
1579,stimulus,46,7,4,0,0,-1.0,-1.0,1,1,0,0,0.0,0.046010605268442195
1580,stimulus,46,0,3,0,0,-1.0,-1.0,1,0,1,0,0.0,0.046010605268442195
1581,stimulus,46,3,5,1,0,-1.0,-1.0,1,0,1,0,0.0,0.046010605268442195
1582,stimulus,46,1,5,1,0,-1.0,-1.0,1,0,1,0,0.0,0.046010605268442195
1583,stimulus,46,5,5,1,1,1.0,1.0,0,nan,nan,nan,0.0,0.046010605268442195
1584,stimulus,46,6,6,1,1,1.0,1.0,0,nan,nan,nan,0.0,0.046010605268442195
1585,stimulus,46,0,5,0,0,-1.0,-1.0,1,2,0,0,0.0,0.046010605268442195
1586,stimulus,46,7,3,0,0,-1.0,-1.0,1,0,1,0,0.0003996291894282235,0.046010605268442195
1587,stimulus,46,1,5,1,0,-1.0,-1.0,1,0,1,0,0.0,0.046010605268442195
1588,stimulus,46,2,5,1,0,-1.0,-1.0,1,0,1,0,0.0003996291894282235,0.046010605268442195
1589,stimulus,46,4,5,1,1,1.0,1.0,0,nan,nan,nan,3.5658303605071113e-06,0.0460141710988027
1590,stimulus,46,1,4,0,0,-1.0,-1.0,1,1,0,0,0.0,0.0460141710988027
1591,stimulus,46,7,3,0,0,-1.0,-1.0,1,0,1,0,0.0003996291894282235,0.0460141710988027
1592,stimulus,46,6,3,0,0,-1.0,-1.0,1,0,1,0,0.0,0.0460141710988027
1593,stimulus,46,4,5,1,1,1.0,1.0,0,nan,nan,nan,1.692224964866911e-06,0.04601247887383784
1594,stimulus,46,8,4,0,0,-1.0,-1.0,1,1,0,0,0.0003996291894282235,0.04601247887383784
1595,stimulus,46,1,3,0,0,-1.0,-1.0,1,0,1,0,0.0,0.04601247887383784
1596,stimulus,46,8,3,0,0,-1.0,-1.0,1,0,1,0,0.0,0.04601247887383784
1597,stimulus,46,5,3,0,0,-1.0,-1.0,1,0,1,0,0.0,0.04601247887383784
1598,stimulus,46,7,3,0,0,-1.0,-1.0,1,0,1,0,0.0003996291894282235,0.04601247887383784
1599,stimulus,46,6,5,1,1,1.0,1.0,0,nan,nan,nan,0.0,0.04601247887383784
1600,stimulus,46,4,6,1,0,-1.0,-1.0,1,1,0,0,0.0,0.04601247887383784
1601,stimulus,46,0,3,0,0,-1.0,-1.0,1,0,1,0,0.0,0.04601247887383784
1602,stimulus,46,2,5,1,0,-1.0,-1.0,1,0,1,0,0.0003996291894282235,0.04601247887383784
1603,stimulus,46,8,3,0,0,-1.0,-1.0,1,0,1,0,0.0,0.04601247887383784
1604,stimulus,46,8,3,0,0,-1.0,-1.0,1,0,1,0,0.0,0.04601247887383784
1605,stimulus,46,8,3,0,0,-1.0,-1.0,1,0,1,0,0.0,0.04601247887383784
1606,stimulus,46,6,5,1,1,1.0,1.0,0,nan,nan,nan,0.0,0.04601247887383784
1607,stimulus,46,8,4,0,0,-1.0,-1.0,1,1,0,0,0.0003996291894282235,0.04601247887383784
1608,stimulus,46,3,3,0,1,1.0,1.0,0,nan,nan,nan,0.0,0.04601247887383784
1609,stimulus,46,7,2,0,0,-1.0,-1.0,1,1,0,0,0.0,0.04601247887383784
1610,stimulus,46,7,3,0,0,-1.0,-1.0,1,0,1,0,0.0003996291894282235,0.04601247887383784
1611,stimulus,46,4,5,1,1,1.0,1.0,0,nan,nan,nan,1.692224964866911e-06,0.04601078664887297
1612,stimulus,46,7,4,0,0,-1.0,-1.0,1,1,0,0,0.0,0.04601078664887297
1613,stimulus,46,1,3,0,0,-1.0,-1.0,1,0,1,0,0.0,0.04601078664887297
1614,stimulus,46,2,5,1,0,-1.0,-1.0,1,0,1,0,0.0003996291894282235,0.04601078664887297
1615,stimulus,46,3,5,1,0,-1.0,-1.0,1,0,1,0,0.0,0.04601078664887297
1616,stimulus,46,5,5,1,1,1.0,1.0,0,nan,nan,nan,0.0,0.04601078664887297
1617,stimulus,46,7,6,1,1,1.0,1.0,0,nan,nan,nan,0.0,0.04601078664887297
1618,stimulus,46,3,5,0,0,-1.0,-1.0,1,2,0,0,0.0,0.04601078664887297
1619,stimulus,46,7,3,0,0,-1.0,-1.0,1,0,1,0,0.0003996291894282235,0.04601078664887297
1620,stimulus,46,3,5,1,0,-1.0,-1.0,1,0,1,0,0.0,0.04601078664887297
1621,stimulus,46,3,5,1,0,-1.0,-1.0,1,0,1,0,0.0,0.04601078664887297
1622,stimulus,46,8,5,1,0,-1.0,-1.0,1,0,1,0,0.0,0.04601078664887297
1623,stimulus,46,2,5,1,0,-1.0,-1.0,1,0,1,0,0.0003996291894282235,0.04601078664887297
1624,stimulus,46,7,3,0,0,-1.0,-1.0,1,0,1,0,0.0003996291894282235,0.04601078664887297
1625,stimulus,46,6,3,0,0,-1.0,-1.0,1,0,1,0,0.0,0.04601078664887297
1626,stimulus,46,2,5,1,0,-1.0,-1.0,1,0,1,0,0.0003996291894282235,0.04601078664887297
1627,stimulus,46,6,5,1,1,1.0,1.0,0,nan,nan,nan,0.0,0.04601078664887297
1628,stimulus,46,3,6,1,0,-1.0,-1.0,1,1,0,0,0.0003996291894282235,0.04601078664887297
1629,stimulus,46,2,5,1,0,-1.0,-1.0,1,0,1,0,0.0003996291894282235,0.04601078664887297
1630,stimulus,46,0,3,0,0,-1.0,-1.0,1,0,1,0,0.0,0.04601078664887297
1631,stimulus,46,0,5,1,0,-1.0,-1.0,1,0,1,0,0.0,0.04601078664887297
1632,stimulus,46,7,3,0,0,-1.0,-1.0,1,0,1,0,0.0003996291894282235,0.04601078664887297
1633,stimulus,46,6,3,0,0,-1.0,-1.0,1,0,1,0,0.0,0.04601078664887297
1634,stimulus,46,8,3,0,0,-1.0,-1.0,1,0,1,0,0.0,0.04601078664887297
1635,stimulus,46,1,5,1,0,-1.0,-1.0,1,0,1,0,0.0,0.04601078664887297
1636,stimulus,46,7,3,0,0,-1.0,-1.0,1,0,1,0,0.0003996291894282235,0.04601078664887297
1637,stimulus,46,5,5,1,1,1.0,1.0,0,nan,nan,nan,0.0,0.04601078664887297
1638,stimulus,46,0,6,1,0,-1.0,-1.0,1,1,0,0,0.0,0.04601078664887297
1639,stimulus,46,7,3,0,0,-1.0,-1.0,1,0,1,0,0.0003996291894282235,0.04601078664887297
1640,stimulus,46,6,5,1,1,1.0,1.0,0,nan,nan,nan,0.0,0.04601078664887297
1641,stimulus,46,6,4,0,0,-1.0,-1.0,1,1,0,0,0.0,0.04601078664887297
1642,stimulus,46,4,5,1,1,1.0,1.0,0,nan,nan,nan,3.5658303605071113e-06,0.04601435247923348
1643,stimulus,46,1,4,0,0,-1.0,-1.0,1,1,0,0,0.0,0.04601435247923348
1644,stimulus,46,3,3,0,1,1.0,1.0,0,nan,nan,nan,0.0,0.04601435247923348
1645,stimulus,46,4,2,0,0,-1.0,-1.0,1,1,0,0,0.0,0.04601435247923348
1646,stimulus,46,8,3,0,0,-1.0,-1.0,1,0,1,0,0.0,0.04601435247923348
1647,stimulus,46,2,5,1,0,-1.0,-1.0,1,0,1,0,0.0003996291894282235,0.04601435247923348
1648,stimulus,46,5,5,1,1,1.0,1.0,0,nan,nan,nan,0.0,0.04601435247923348
1649,stimulus,46,5,6,1,1,1.0,1.0,0,nan,nan,nan,1.692224964866911e-06,0.04601266025426861
1650,stimulus,46,8,5,0,0,-1.0,-1.0,1,2,0,0,0.0,0.04601266025426861
1651,stimulus,46,1,3,0,0,-1.0,-1.0,1,0,1,0,0.0,0.04601266025426861
1652,stimulus,46,7,3,0,0,-1.0,-1.0,1,0,1,0,0.0003996291894282235,0.04601266025426861
1653,stimulus,46,6,5,1,1,1.0,1.0,0,nan,nan,nan,0.0,0.04601266025426861
1654,stimulus,46,3,6,1,0,-1.0,-1.0,1,1,0,0,0.0003996291894282235,0.04601266025426861
1655,stimulus,46,7,3,0,0,-1.0,-1.0,1,0,1,0,0.0003996291894282235,0.04601266025426861
1656,stimulus,46,2,5,1,0,-1.0,-1.0,1,0,1,0,0.0003996291894282235,0.04601266025426861
1657,stimulus,46,4,5,1,1,1.0,1.0,0,nan,nan,nan,1.692224964866911e-06,0.04601096802930374
1658,stimulus,46,6,6,1,1,1.0,1.0,0,nan,nan,nan,0.0,0.04601096802930374
1659,stimulus,46,3,5,0,0,-1.0,-1.0,1,2,0,0,0.0,0.04601096802930374
1660,stimulus,46,0,5,1,0,-1.0,-1.0,1,0,1,0,0.0,0.04601096802930374
1661,stimulus,46,2,5,1,0,-1.0,-1.0,1,0,1,0,0.0003996291894282235,0.04601096802930374
1662,stimulus,46,5,3,0,0,-1.0,-1.0,1,0,1,0,0.0,0.04601096802930374
1663,stimulus,46,4,5,1,1,1.0,1.0,0,nan,nan,nan,1.692224964866911e-06,0.046009275804338876
1664,stimulus,46,1,6,1,0,-1.0,-1.0,1,1,0,0,0.0,0.046009275804338876
1665,stimulus,46,0,5,1,0,-1.0,-1.0,1,0,1,0,0.0,0.046009275804338876
1666,stimulus,46,8,3,0,0,-1.0,-1.0,1,0,1,0,0.0,0.046009275804338876
1667,stimulus,46,4,5,1,1,1.0,1.0,0,nan,nan,nan,3.5658303605071113e-06,0.04601284163469938
1668,stimulus,46,6,4,0,0,-1.0,-1.0,1,1,0,0,0.0,0.04601284163469938
1669,stimulus,46,2,5,1,0,-1.0,-1.0,1,0,1,0,0.0003996291894282235,0.04601284163469938
1670,stimulus,46,0,5,1,0,-1.0,-1.0,1,0,1,0,0.0,0.04601284163469938
1671,stimulus,46,5,5,1,1,1.0,1.0,0,nan,nan,nan,0.0,0.04601284163469938
1672,stimulus,46,0,6,1,0,-1.0,-1.0,1,1,0,0,0.0,0.04601284163469938
1673,stimulus,46,1,3,0,0,-1.0,-1.0,1,0,1,0,0.0,0.04601284163469938
1674,stimulus,46,2,5,1,0,-1.0,-1.0,1,0,1,0,0.0003996291894282235,0.04601284163469938
1675,stimulus,46,4,5,1,1,1.0,1.0,0,nan,nan,nan,1.692224964866911e-06,0.04601114940973451
1676,stimulus,46,5,6,1,1,1.0,1.0,0,nan,nan,nan,1.692224964866911e-06,0.04600945718476965
1677,stimulus,46,1,7,1,0,-1.0,-1.0,1,2,0,0,0.0,0.04600945718476965
1678,stimulus,46,1,5,1,0,-1.0,-1.0,1,0,1,0,0.0,0.04600945718476965
1679,stimulus,46,5,3,0,0,-1.0,-1.0,1,0,1,0,0.0,0.04600945718476965
1680,stimulus,46,4,5,1,1,1.0,1.0,0,nan,nan,nan,3.5658303605071113e-06,0.046013023015130154
1681,stimulus,46,5,6,1,1,1.0,1.0,0,nan,nan,nan,1.692224964866911e-06,0.04601133079016529
1682,stimulus,46,3,5,0,0,-1.0,-1.0,1,2,0,0,0.0,0.04601133079016529
1683,stimulus,46,8,5,1,0,-1.0,-1.0,1,0,1,0,0.0,0.04601133079016529
1684,stimulus,46,5,5,1,1,1.0,1.0,0,nan,nan,nan,0.0,0.04601133079016529
1685,stimulus,46,4,4,0,1,1.0,1.0,0,nan,nan,nan,0.0,0.04601133079016529
1686,stimulus,46,7,3,0,0,-1.0,-1.0,1,2,0,0,0.0003996291894282235,0.04601133079016529
1687,stimulus,46,0,5,1,0,-1.0,-1.0,1,0,1,0,0.0,0.04601133079016529
1688,stimulus,46,1,5,1,0,-1.0,-1.0,1,0,1,0,0.0,0.04601133079016529
1689,stimulus,46,4,5,1,1,1.0,1.0,0,nan,nan,nan,1.692224964866911e-06,0.04600963856520042
1690,stimulus,46,2,4,0,0,-1.0,-1.0,1,1,0,0,0.0,0.04600963856520042
1691,stimulus,46,1,3,0,0,-1.0,-1.0,1,0,1,0,0.0,0.04600963856520042
1692,stimulus,46,0,5,1,0,-1.0,-1.0,1,0,1,0,0.0,0.04600963856520042
1693,stimulus,46,8,3,0,0,-1.0,-1.0,1,0,1,0,0.0,0.04600963856520042
1694,stimulus,46,7,3,0,0,-1.0,-1.0,1,0,1,0,0.0003996291894282235,0.04600963856520042
1695,stimulus,46,3,5,1,0,-1.0,-1.0,1,0,1,0,0.0,0.04600963856520042
1696,stimulus,46,8,3,0,0,-1.0,-1.0,1,0,1,0,0.0,0.04600963856520042
1697,stimulus,46,1,5,1,0,-1.0,-1.0,1,0,1,0,0.0,0.04600963856520042
1698,stimulus,46,3,5,1,0,-1.0,-1.0,1,0,1,0,0.0,0.04600963856520042
1699,stimulus,46,3,5,1,0,-1.0,-1.0,1,0,1,0,0.0,0.04600963856520042
1700,stimulus,46,2,5,1,0,-1.0,-1.0,1,0,1,0,0.0003996291894282235,0.04600963856520042
1701,stimulus,46,5,5,1,1,1.0,1.0,0,nan,nan,nan,0.0,0.04600963856520042
1702,stimulus,46,3,6,1,0,-1.0,-1.0,1,1,0,0,0.0003996291894282235,0.04600963856520042
1703,stimulus,46,0,3,0,0,-1.0,-1.0,1,0,1,0,0.0,0.04600963856520042
1704,stimulus,46,6,3,0,0,-1.0,-1.0,1,0,1,0,0.0,0.04600963856520042
1705,stimulus,46,7,5,1,0,-1.0,-1.0,1,0,1,0,0.0003996291894282235,0.04600963856520042
1706,stimulus,46,5,5,1,1,1.0,1.0,0,nan,nan,nan,0.0,0.04600963856520042
1707,stimulus,46,8,4,0,0,-1.0,-1.0,1,1,0,0,0.0003996291894282235,0.04600963856520042
1708,stimulus,46,0,5,1,0,-1.0,-1.0,1,0,1,0,0.0,0.04600963856520042
1709,stimulus,46,2,5,1,0,-1.0,-1.0,1,0,1,0,0.0003996291894282235,0.04600963856520042
1710,stimulus,46,7,3,0,0,-1.0,-1.0,1,0,1,0,0.0003996291894282235,0.04600963856520042
1711,stimulus,46,8,5,1,0,-1.0,-1.0,1,0,1,0,0.0,0.04600963856520042
1712,stimulus,46,3,5,1,0,-1.0,-1.0,1,0,1,0,0.0,0.04600963856520042
1713,stimulus,46,3,3,0,1,1.0,1.0,0,nan,nan,nan,0.0,0.04600963856520042
1714,stimulus,46,0,2,0,0,-1.0,-1.0,1,1,0,0,0.0,0.04600963856520042
1715,stimulus,46,3,3,0,1,1.0,1.0,0,nan,nan,nan,0.0,0.04600963856520042
1716,stimulus,46,2,2,0,1,1.0,1.0,0,nan,nan,nan,0.0,0.04600963856520042
1717,stimulus,46,2,3,1,1,1.0,1.0,0,nan,nan,nan,3.5658303605071113e-06,0.046013204395560926
1718,stimulus,46,6,2,0,0,-1.0,-1.0,1,3,0,1,0.0003996291894282235,0.046013204395560926
1719,stimulus,46,3,3,0,1,1.0,1.0,0,nan,nan,nan,0.0,0.046013204395560926
1720,stimulus,46,1,4,1,0,-1.0,-1.0,1,1,0,0,0.0003996291894282235,0.046013204395560926
1721,stimulus,46,0,5,1,0,-1.0,-1.0,1,0,1,0,0.0,0.046013204395560926
1722,stimulus,46,4,5,1,1,1.0,1.0,0,nan,nan,nan,1.692224964866911e-06,0.046011512170596056
1723,stimulus,46,8,4,0,0,-1.0,-1.0,1,1,0,0,0.0003996291894282235,0.046011512170596056
1724,stimulus,46,8,5,1,0,-1.0,-1.0,1,0,1,0,0.0,0.046011512170596056
1725,stimulus,46,6,3,0,0,-1.0,-1.0,1,0,1,0,0.0,0.046011512170596056
1726,stimulus,46,4,5,1,1,1.0,1.0,0,nan,nan,nan,1.692224964866911e-06,0.04600981994563119
1727,stimulus,46,0,4,0,0,-1.0,-1.0,1,1,0,0,0.0,0.04600981994563119
1728,stimulus,46,3,5,1,0,-1.0,-1.0,1,0,1,0,0.0,0.04600981994563119
1729,stimulus,46,6,5,1,1,1.0,1.0,0,nan,nan,nan,0.0,0.04600981994563119
1730,stimulus,46,5,6,1,1,1.0,1.0,0,nan,nan,nan,3.5658303605071113e-06,0.0460133857759917
1731,stimulus,46,2,5,0,0,-1.0,-1.0,1,2,0,0,0.0,0.0460133857759917
1732,stimulus,46,4,5,1,1,1.0,1.0,0,nan,nan,nan,1.692224964866911e-06,0.046011693551026835
1733,stimulus,46,6,4,0,0,-1.0,-1.0,1,1,0,0,0.0,0.046011693551026835
1734,stimulus,46,1,5,1,0,-1.0,-1.0,1,0,1,0,0.0,0.046011693551026835
1735,stimulus,46,3,5,1,0,-1.0,-1.0,1,0,1,0,0.0,0.046011693551026835
1736,stimulus,46,5,5,1,1,1.0,1.0,0,nan,nan,nan,0.0,0.046011693551026835
1737,stimulus,46,8,4,0,0,-1.0,-1.0,1,1,0,0,0.0003996291894282235,0.046011693551026835
1738,stimulus,46,5,5,1,1,1.0,1.0,0,nan,nan,nan,0.0,0.046011693551026835
1739,stimulus,46,6,6,1,1,1.0,1.0,0,nan,nan,nan,0.0,0.046011693551026835
1740,stimulus,46,6,7,1,1,1.0,1.0,0,nan,nan,nan,1.692224964866911e-06,0.046010001326061964
1741,stimulus,46,1,8,1,0,-1.0,-1.0,1,3,0,1,0.0,0.046010001326061964
1742,stimulus,46,6,3,0,0,-1.0,-1.0,1,0,1,0,0.0,0.046010001326061964
1743,stimulus,46,4,5,1,1,1.0,1.0,0,nan,nan,nan,3.5658303605071113e-06,0.04601356715642248
1744,stimulus,46,8,4,0,0,-1.0,-1.0,1,1,0,0,0.0003996291894282235,0.04601356715642248
1745,stimulus,46,8,3,0,0,-1.0,-1.0,1,0,1,0,0.0,0.04601356715642248
1746,stimulus,46,6,3,0,0,-1.0,-1.0,1,0,1,0,0.0,0.04601356715642248
1747,stimulus,46,7,3,0,0,-1.0,-1.0,1,0,1,0,0.0003996291894282235,0.04601356715642248
1748,stimulus,46,1,5,1,0,-1.0,-1.0,1,0,1,0,0.0,0.04601356715642248
1749,stimulus,46,5,3,0,0,-1.0,-1.0,1,0,1,0,0.0,0.04601356715642248
1750,stimulus,46,6,3,0,0,-1.0,-1.0,1,0,1,0,0.0,0.04601356715642248
1751,stimulus,46,1,5,1,0,-1.0,-1.0,1,0,1,0,0.0,0.04601356715642248
1752,stimulus,46,8,5,1,0,-1.0,-1.0,1,0,1,0,0.0,0.04601356715642248
1753,stimulus,46,6,5,1,1,1.0,1.0,0,nan,nan,nan,0.0,0.04601356715642248
1754,stimulus,46,6,4,0,0,-1.0,-1.0,1,1,0,0,0.0,0.04601356715642248
1755,stimulus,46,6,5,1,1,1.0,1.0,0,nan,nan,nan,0.0,0.04601356715642248
1756,stimulus,46,2,4,0,0,-1.0,-1.0,1,1,0,0,0.0,0.04601356715642248
1757,stimulus,46,8,5,1,0,-1.0,-1.0,1,0,1,0,0.0,0.04601356715642248
1758,stimulus,46,1,5,1,0,-1.0,-1.0,1,0,1,0,0.0,0.04601356715642248
1759,stimulus,46,6,5,1,1,1.0,1.0,0,nan,nan,nan,0.0,0.04601356715642248
1760,stimulus,46,7,4,0,0,-1.0,-1.0,1,1,0,0,0.0,0.04601356715642248
1761,stimulus,46,7,3,0,0,-1.0,-1.0,1,0,1,0,0.0003996291894282235,0.04601356715642248
1762,stimulus,46,8,3,0,0,-1.0,-1.0,1,0,1,0,0.0,0.04601356715642248
1763,stimulus,46,1,5,1,0,-1.0,-1.0,1,0,1,0,0.0,0.04601356715642248
1764,stimulus,46,7,3,0,0,-1.0,-1.0,1,0,1,0,0.0003996291894282235,0.04601356715642248
1765,stimulus,46,3,3,0,1,1.0,1.0,0,nan,nan,nan,0.0,0.04601356715642248
1766,stimulus,46,3,4,1,1,1.0,1.0,0,nan,nan,nan,1.692224964866911e-06,0.04601187493145761
1767,stimulus,46,6,5,1,1,1.0,1.0,0,nan,nan,nan,0.0,0.04601187493145761
1768,stimulus,46,2,6,1,0,-1.0,-1.0,1,3,0,1,0.0,0.04601187493145761
1769,stimulus,46,3,5,1,0,-1.0,-1.0,1,0,1,0,0.0,0.04601187493145761
1770,stimulus,46,4,5,1,1,1.0,1.0,0,nan,nan,nan,1.692224964866911e-06,0.04601018270649274
1771,stimulus,46,8,4,0,0,-1.0,-1.0,1,1,0,0,0.0003996291894282235,0.04601018270649274
1772,stimulus,46,1,5,1,0,-1.0,-1.0,1,0,1,0,0.0,0.04601018270649274
1773,stimulus,46,6,5,1,1,1.0,1.0,0,nan,nan,nan,0.0,0.04601018270649274
1774,stimulus,46,8,4,0,0,-1.0,-1.0,1,1,0,0,0.0003996291894282235,0.04601018270649274
1775,stimulus,46,2,5,1,0,-1.0,-1.0,1,0,1,0,0.0003996291894282235,0.04601018270649274
1776,stimulus,46,6,5,1,1,1.0,1.0,0,nan,nan,nan,0.0,0.04601018270649274
1777,stimulus,46,4,6,1,0,-1.0,-1.0,1,1,0,0,0.0,0.04601018270649274
1778,stimulus,46,3,5,1,0,-1.0,-1.0,1,0,1,0,0.0,0.04601018270649274
1779,stimulus,46,4,5,1,1,1.0,1.0,0,nan,nan,nan,3.5658303605071113e-06,0.04601374853685325
1780,stimulus,46,7,4,0,0,-1.0,-1.0,1,1,0,0,0.0,0.04601374853685325
1781,stimulus,46,0,3,0,0,-1.0,-1.0,1,0,1,0,0.0,0.04601374853685325
1782,stimulus,46,5,3,0,0,-1.0,-1.0,1,0,1,0,0.0,0.04601374853685325
1783,stimulus,46,2,5,1,0,-1.0,-1.0,1,0,1,0,0.0003996291894282235,0.04601374853685325
1784,stimulus,46,0,5,1,0,-1.0,-1.0,1,0,1,0,0.0,0.04601374853685325
1785,stimulus,46,3,5,1,0,-1.0,-1.0,1,0,1,0,0.0,0.04601374853685325
1786,stimulus,46,7,3,0,0,-1.0,-1.0,1,0,1,0,0.0003996291894282235,0.04601374853685325
1787,stimulus,46,2,5,1,0,-1.0,-1.0,1,0,1,0,0.0003996291894282235,0.04601374853685325
1788,stimulus,46,3,3,0,1,1.0,1.0,0,nan,nan,nan,0.0,0.04601374853685325
1789,stimulus,46,6,2,0,0,-1.0,-1.0,1,1,0,0,0.0003996291894282235,0.04601374853685325
1790,stimulus,46,1,5,1,0,-1.0,-1.0,1,0,1,0,0.0,0.04601374853685325
1791,stimulus,46,7,3,0,0,-1.0,-1.0,1,0,1,0,0.0003996291894282235,0.04601374853685325
1792,stimulus,46,1,3,0,0,-1.0,-1.0,1,0,1,0,0.0,0.04601374853685325
1793,stimulus,46,7,3,0,0,-1.0,-1.0,1,0,1,0,0.0003996291894282235,0.04601374853685325
1794,stimulus,46,7,3,0,0,-1.0,-1.0,1,0,1,0,0.0003996291894282235,0.04601374853685325
1795,stimulus,46,0,5,1,0,-1.0,-1.0,1,0,1,0,0.0,0.04601374853685325
1796,stimulus,46,7,3,0,0,-1.0,-1.0,1,0,1,0,0.0003996291894282235,0.04601374853685325
1797,stimulus,46,3,3,0,1,1.0,1.0,0,nan,nan,nan,0.0,0.04601374853685325
1798,stimulus,46,2,4,1,0,-1.0,-1.0,1,1,0,0,0.0,0.04601374853685325
1799,stimulus,46,5,5,1,1,1.0,1.0,0,nan,nan,nan,0.0,0.04601374853685325
1800,stimulus,46,4,4,0,1,1.0,1.0,0,nan,nan,nan,0.0,0.04601374853685325
1801,stimulus,46,0,3,0,0,-1.0,-1.0,1,2,0,0,0.0,0.04601374853685325
1802,stimulus,46,4,3,0,1,1.0,1.0,0,nan,nan,nan,1.692224964866911e-06,0.046012056311888386
1803,stimulus,46,0,2,0,0,-1.0,-1.0,1,1,0,0,0.0,0.046012056311888386
1804,stimulus,46,2,5,1,0,-1.0,-1.0,1,0,1,0,0.0003996291894282235,0.046012056311888386
1805,stimulus,46,2,5,1,0,-1.0,-1.0,1,0,1,0,0.0003996291894282235,0.046012056311888386
1806,stimulus,46,1,3,0,0,-1.0,-1.0,1,0,1,0,0.0,0.046012056311888386
1807,stimulus,46,2,5,1,0,-1.0,-1.0,1,0,1,0,0.0003996291894282235,0.046012056311888386
1808,stimulus,46,3,3,0,1,1.0,1.0,0,nan,nan,nan,0.0,0.046012056311888386
1809,stimulus,46,5,2,0,0,-1.0,-1.0,1,1,0,0,0.0,0.046012056311888386
1810,stimulus,46,7,3,0,0,-1.0,-1.0,1,0,1,0,0.0003996291894282235,0.046012056311888386
1811,stimulus,46,1,5,1,0,-1.0,-1.0,1,0,1,0,0.0,0.046012056311888386
1812,stimulus,46,7,3,0,0,-1.0,-1.0,1,0,1,0,0.0003996291894282235,0.046012056311888386
1813,stimulus,46,1,3,0,0,-1.0,-1.0,1,0,1,0,0.0,0.046012056311888386
1814,stimulus,46,8,5,1,0,-1.0,-1.0,1,0,1,0,0.0,0.046012056311888386
1815,stimulus,46,0,5,1,0,-1.0,-1.0,1,0,1,0,0.0,0.046012056311888386
1816,stimulus,46,8,3,0,0,-1.0,-1.0,1,0,1,0,0.0,0.046012056311888386
1817,stimulus,46,5,5,1,1,1.0,1.0,0,nan,nan,nan,0.0,0.046012056311888386
1818,stimulus,46,6,4,0,0,-1.0,-1.0,1,1,0,0,0.0,0.046012056311888386
1819,stimulus,46,2,5,1,0,-1.0,-1.0,1,0,1,0,0.0003996291894282235,0.046012056311888386
1820,stimulus,46,2,5,1,0,-1.0,-1.0,1,0,1,0,0.0003996291894282235,0.046012056311888386
1821,stimulus,46,7,3,0,0,-1.0,-1.0,1,0,1,0,0.0003996291894282235,0.046012056311888386
1822,stimulus,46,1,5,1,0,-1.0,-1.0,1,0,1,0,0.0,0.046012056311888386
1823,stimulus,46,4,5,1,1,1.0,1.0,0,nan,nan,nan,1.692224964866911e-06,0.046010364086923515
1824,stimulus,46,5,6,1,1,1.0,1.0,0,nan,nan,nan,3.5658303605071113e-06,0.04601392991728402
1825,stimulus,46,5,7,1,0,-1.0,-1.0,1,2,0,0,0.0,0.04601392991728402
1826,stimulus,46,4,5,1,1,1.0,1.0,0,nan,nan,nan,1.692224964866911e-06,0.04601223769231916
1827,stimulus,46,0,6,1,0,-1.0,-1.0,1,1,0,0,0.0,0.04601223769231916
1828,stimulus,46,3,5,1,0,-1.0,-1.0,1,0,1,0,0.0,0.04601223769231916
1829,stimulus,46,4,5,1,1,1.0,1.0,0,nan,nan,nan,1.692224964866911e-06,0.046010545467354294
1830,stimulus,46,6,6,1,1,1.0,1.0,0,nan,nan,nan,0.0,0.046010545467354294
1831,stimulus,46,5,7,1,0,-1.0,-1.0,1,2,0,0,0.0,0.046010545467354294
1832,stimulus,46,4,5,1,1,1.0,1.0,0,nan,nan,nan,3.5658303605071113e-06,0.0460141112977148
1833,stimulus,46,7,4,0,0,-1.0,-1.0,1,1,0,0,0.0,0.0460141112977148
1834,stimulus,46,0,3,0,0,-1.0,-1.0,1,0,1,0,0.0,0.0460141112977148
1835,stimulus,46,1,5,1,0,-1.0,-1.0,1,0,1,0,0.0,0.0460141112977148
1836,stimulus,46,6,3,0,0,-1.0,-1.0,1,0,1,0,0.0,0.0460141112977148
1837,stimulus,46,0,5,1,0,-1.0,-1.0,1,0,1,0,0.0,0.0460141112977148
1838,stimulus,46,2,5,1,0,-1.0,-1.0,1,0,1,0,0.0003996291894282235,0.0460141112977148
1839,stimulus,46,2,5,1,0,-1.0,-1.0,1,0,1,0,0.0003996291894282235,0.0460141112977148
1840,stimulus,46,1,3,0,0,-1.0,-1.0,1,0,1,0,0.0,0.0460141112977148
1841,stimulus,46,2,5,1,0,-1.0,-1.0,1,0,1,0,0.0003996291894282235,0.0460141112977148
1842,stimulus,46,1,5,1,0,-1.0,-1.0,1,0,1,0,0.0,0.0460141112977148
1843,stimulus,46,8,5,1,0,-1.0,-1.0,1,0,1,0,0.0,0.0460141112977148
1844,stimulus,46,8,3,0,0,-1.0,-1.0,1,0,1,0,0.0,0.0460141112977148
1845,stimulus,46,4,5,1,1,1.0,1.0,0,nan,nan,nan,1.692224964866911e-06,0.04601241907274993
1846,stimulus,46,1,4,0,0,-1.0,-1.0,1,1,0,0,0.0,0.04601241907274993
1847,stimulus,46,6,3,0,0,-1.0,-1.0,1,0,1,0,0.0,0.04601241907274993
1848,stimulus,46,5,5,1,1,1.0,1.0,0,nan,nan,nan,0.0,0.04601241907274993
1849,stimulus,46,8,4,0,0,-1.0,-1.0,1,1,0,0,0.0003996291894282235,0.04601241907274993
1850,stimulus,46,7,3,0,0,-1.0,-1.0,1,0,1,0,0.0003996291894282235,0.04601241907274993
1851,stimulus,46,6,3,0,0,-1.0,-1.0,1,0,1,0,0.0,0.04601241907274993
1852,stimulus,46,2,5,1,0,-1.0,-1.0,1,0,1,0,0.0003996291894282235,0.04601241907274993
1853,stimulus,46,1,5,1,0,-1.0,-1.0,1,0,1,0,0.0,0.04601241907274993
1854,stimulus,46,1,5,1,0,-1.0,-1.0,1,0,1,0,0.0,0.04601241907274993
1855,stimulus,46,0,5,1,0,-1.0,-1.0,1,0,1,0,0.0,0.04601241907274993
1856,stimulus,46,3,3,0,1,1.0,1.0,0,nan,nan,nan,0.0,0.04601241907274993
1857,stimulus,46,8,2,0,0,-1.0,-1.0,1,1,0,0,0.00020889699275435596,0.04622131606550428
1858,stimulus,46,1,5,1,0,-1.0,-1.0,1,0,1,0,0.0,0.04622131606550428
1859,stimulus,46,8,5,1,0,-1.0,-1.0,1,0,1,0,0.0,0.04622131606550428
1860,stimulus,46,7,3,0,0,-1.0,-1.0,1,0,1,0,0.0003996291894282235,0.04622131606550428
1861,stimulus,46,3,5,1,0,-1.0,-1.0,1,0,1,0,0.0,0.04622131606550428
1862,stimulus,46,7,3,0,0,-1.0,-1.0,1,0,1,0,0.0003996291894282235,0.04622131606550428
1863,stimulus,46,3,5,1,0,-1.0,-1.0,1,0,1,0,0.0,0.04622131606550428
1864,stimulus,46,1,5,1,0,-1.0,-1.0,1,0,1,0,0.0,0.04622131606550428
1865,stimulus,46,1,5,1,0,-1.0,-1.0,1,0,1,0,0.0,0.04622131606550428
1866,stimulus,46,0,3,0,0,-1.0,-1.0,1,0,1,0,0.0,0.04622131606550428
1867,stimulus,46,3,3,0,1,1.0,1.0,0,nan,nan,nan,0.0,0.04622131606550428
1868,stimulus,46,0,4,1,0,-1.0,-1.0,1,1,0,0,0.0,0.04622131606550428
1869,stimulus,46,0,3,0,0,-1.0,-1.0,1,0,1,0,0.0,0.04622131606550428
1870,stimulus,46,5,5,1,1,1.0,1.0,0,nan,nan,nan,0.0,0.04622131606550428
1871,stimulus,46,8,4,0,0,-1.0,-1.0,1,1,0,0,0.0003996291894282235,0.04622131606550428
1872,stimulus,46,8,5,1,0,-1.0,-1.0,1,0,1,0,0.0,0.04622131606550428
1873,stimulus,46,3,3,0,1,1.0,1.0,0,nan,nan,nan,0.0,0.04622131606550428
1874,stimulus,46,4,2,0,0,-1.0,-1.0,1,1,0,0,0.0,0.04622131606550428
1875,stimulus,46,2,5,1,0,-1.0,-1.0,1,0,1,0,0.0003996291894282235,0.04622131606550428
1876,stimulus,46,1,5,1,0,-1.0,-1.0,1,0,1,0,0.0,0.04622131606550428
1877,stimulus,46,4,5,1,1,1.0,1.0,0,nan,nan,nan,1.692224964866911e-06,0.04621962384053942
1878,stimulus,46,7,6,1,1,1.0,1.0,0,nan,nan,nan,0.0,0.04621962384053942
1879,stimulus,46,0,7,1,0,-1.0,-1.0,1,2,0,0,0.0,0.04621962384053942
1880,stimulus,46,2,5,1,0,-1.0,-1.0,1,0,1,0,0.0003996291894282235,0.04621962384053942
1881,stimulus,46,1,3,0,0,-1.0,-1.0,1,0,1,0,0.0,0.04621962384053942
1882,stimulus,46,8,3,0,0,-1.0,-1.0,1,0,1,0,0.0,0.04621962384053942
1883,stimulus,46,3,3,0,1,1.0,1.0,0,nan,nan,nan,0.0,0.04621962384053942
1884,stimulus,46,0,4,1,0,-1.0,-1.0,1,1,0,0,0.0,0.04621962384053942
1885,stimulus,46,3,3,0,1,1.0,1.0,0,nan,nan,nan,0.0,0.04621962384053942
1886,stimulus,46,0,2,0,0,-1.0,-1.0,1,1,0,0,0.0,0.04621962384053942
1887,stimulus,46,8,5,1,0,-1.0,-1.0,1,0,1,0,0.0,0.04621962384053942
1888,stimulus,46,1,3,0,0,-1.0,-1.0,1,0,1,0,0.0,0.04621962384053942
1889,stimulus,46,7,3,0,0,-1.0,-1.0,1,0,1,0,0.0003996291894282235,0.04621962384053942
1890,stimulus,46,8,3,0,0,-1.0,-1.0,1,0,1,0,0.0,0.04621962384053942
1891,stimulus,46,4,5,1,1,1.0,1.0,0,nan,nan,nan,3.5658303605071113e-06,0.046223189670899924
1892,stimulus,46,8,4,0,0,-1.0,-1.0,1,1,0,0,0.0003996291894282235,0.046223189670899924
1893,stimulus,46,2,5,1,0,-1.0,-1.0,1,0,1,0,0.0003996291894282235,0.046223189670899924
1894,stimulus,46,0,5,1,0,-1.0,-1.0,1,0,1,0,0.0,0.046223189670899924
1895,stimulus,46,6,5,1,1,1.0,1.0,0,nan,nan,nan,0.0,0.046223189670899924
1896,stimulus,46,0,4,0,0,-1.0,-1.0,1,1,0,0,0.0,0.046223189670899924
1897,stimulus,46,8,3,0,0,-1.0,-1.0,1,0,1,0,0.0,0.046223189670899924
1898,stimulus,46,1,5,1,0,-1.0,-1.0,1,0,1,0,0.0,0.046223189670899924
1899,stimulus,46,5,3,0,0,-1.0,-1.0,1,0,1,0,0.0,0.046223189670899924
1900,stimulus,46,6,5,1,1,1.0,1.0,0,nan,nan,nan,0.0,0.046223189670899924
1901,stimulus,46,7,6,1,1,1.0,1.0,0,nan,nan,nan,0.0,0.046223189670899924
1902,stimulus,46,6,7,1,1,1.0,1.0,0,nan,nan,nan,1.692224964866911e-06,0.04622149744593505
1903,stimulus,46,5,8,1,0,-1.0,-1.0,1,3,0,1,0.0003996291894282235,0.04622149744593505
1904,stimulus,46,3,5,1,0,-1.0,-1.0,1,0,1,0,0.0,0.04622149744593505
1905,stimulus,46,6,5,1,1,1.0,1.0,0,nan,nan,nan,0.0,0.04622149744593505
1906,stimulus,46,4,6,1,0,-1.0,-1.0,1,1,0,0,0.0,0.04622149744593505
1907,stimulus,46,8,3,0,0,-1.0,-1.0,1,0,1,0,0.0,0.04622149744593505
1908,stimulus,46,1,3,0,0,-1.0,-1.0,1,0,1,0,0.0,0.04622149744593505
1909,stimulus,46,1,3,0,0,-1.0,-1.0,1,0,1,0,0.0,0.04622149744593505
1910,stimulus,46,4,5,1,1,1.0,1.0,0,nan,nan,nan,1.692224964866911e-06,0.04621980522097019
1911,stimulus,46,1,4,0,0,-1.0,-1.0,1,1,0,0,0.0,0.04621980522097019
1912,stimulus,46,2,5,1,0,-1.0,-1.0,1,0,1,0,0.0003996291894282235,0.04621980522097019
1913,stimulus,46,4,5,1,1,1.0,1.0,0,nan,nan,nan,3.5658303605071113e-06,0.046223371051330696
1914,stimulus,46,4,6,1,0,-1.0,-1.0,1,1,0,0,0.0,0.046223371051330696
1915,stimulus,46,5,3,0,0,-1.0,-1.0,1,0,1,0,0.0,0.046223371051330696
1916,stimulus,46,0,3,0,0,-1.0,-1.0,1,0,1,0,0.0,0.046223371051330696
1917,stimulus,46,3,3,0,1,1.0,1.0,0,nan,nan,nan,0.0,0.046223371051330696
1918,stimulus,46,0,4,1,0,-1.0,-1.0,1,1,0,0,0.0,0.046223371051330696
1919,stimulus,46,0,3,0,0,-1.0,-1.0,1,0,1,0,0.0,0.046223371051330696
1920,stimulus,46,7,3,0,0,-1.0,-1.0,1,0,1,0,0.0003996291894282235,0.046223371051330696
1921,stimulus,46,7,3,0,0,-1.0,-1.0,1,0,1,0,0.0003996291894282235,0.046223371051330696
1922,stimulus,46,2,5,1,0,-1.0,-1.0,1,0,1,0,0.0003996291894282235,0.046223371051330696
1923,stimulus,46,7,3,0,0,-1.0,-1.0,1,0,1,0,0.0003996291894282235,0.046223371051330696
1924,stimulus,46,7,5,1,0,-1.0,-1.0,1,0,1,0,0.0003996291894282235,0.046223371051330696
1925,stimulus,46,1,3,0,0,-1.0,-1.0,1,0,1,0,0.0,0.046223371051330696
1926,stimulus,46,2,5,1,0,-1.0,-1.0,1,0,1,0,0.0003996291894282235,0.046223371051330696
1927,stimulus,46,0,5,1,0,-1.0,-1.0,1,0,1,0,0.0,0.046223371051330696
1928,stimulus,46,8,3,0,0,-1.0,-1.0,1,0,1,0,0.0,0.046223371051330696
1929,stimulus,46,6,3,0,0,-1.0,-1.0,1,0,1,0,0.0,0.046223371051330696
1930,stimulus,46,3,5,1,0,-1.0,-1.0,1,0,1,0,0.0,0.046223371051330696
1931,stimulus,46,3,3,0,1,1.0,1.0,0,nan,nan,nan,0.0,0.046223371051330696
1932,stimulus,46,4,4,1,1,1.0,1.0,0,nan,nan,nan,0.0,0.046223371051330696
1933,stimulus,46,3,3,0,1,1.0,1.0,0,nan,nan,nan,0.0,0.046223371051330696
1934,stimulus,46,3,4,1,1,1.0,1.0,0,nan,nan,nan,1.692224964866911e-06,0.04622167882636583
1935,stimulus,46,2,5,1,0,-1.0,-1.0,1,4,0,1,0.0003996291894282235,0.04622167882636583
1936,stimulus,46,8,5,1,0,-1.0,-1.0,1,0,1,0,0.0,0.04622167882636583
1937,stimulus,46,3,5,1,0,-1.0,-1.0,1,0,1,0,0.0,0.04622167882636583
1938,stimulus,46,8,3,0,0,-1.0,-1.0,1,0,1,0,0.0,0.04622167882636583
1939,stimulus,46,8,5,1,0,-1.0,-1.0,1,0,1,0,0.0,0.04622167882636583
1940,stimulus,46,0,3,0,0,-1.0,-1.0,1,0,1,0,0.0,0.04622167882636583
1941,stimulus,46,2,5,1,0,-1.0,-1.0,1,0,1,0,0.0003996291894282235,0.04622167882636583
1942,stimulus,46,1,3,0,0,-1.0,-1.0,1,0,1,0,0.0,0.04622167882636583
1943,stimulus,46,5,5,1,1,1.0,1.0,0,nan,nan,nan,0.0,0.04622167882636583
1944,stimulus,46,0,4,0,0,-1.0,-1.0,1,1,0,0,0.0,0.04622167882636583
1945,stimulus,46,7,3,0,0,-1.0,-1.0,1,0,1,0,0.0003996291894282235,0.04622167882636583
1946,stimulus,46,1,5,1,0,-1.0,-1.0,1,0,1,0,0.0,0.04622167882636583
1947,stimulus,46,5,5,1,1,1.0,1.0,0,nan,nan,nan,0.0,0.04622167882636583
1948,stimulus,46,4,6,1,0,-1.0,-1.0,1,1,0,0,0.0,0.04622167882636583
1949,stimulus,46,8,3,0,0,-1.0,-1.0,1,0,1,0,0.0,0.04622167882636583
1950,stimulus,46,6,3,0,0,-1.0,-1.0,1,0,1,0,0.0,0.04622167882636583
1951,stimulus,46,5,5,1,1,1.0,1.0,0,nan,nan,nan,0.0,0.04622167882636583
1952,stimulus,46,5,6,1,1,1.0,1.0,0,nan,nan,nan,1.692224964866911e-06,0.04621998660140096
1953,stimulus,46,1,7,1,0,-1.0,-1.0,1,2,0,0,0.0,0.04621998660140096
1954,stimulus,46,0,5,1,0,-1.0,-1.0,1,0,1,0,0.0,0.04621998660140096
1955,stimulus,46,7,3,0,0,-1.0,-1.0,1,0,1,0,0.0003996291894282235,0.04621998660140096
1956,stimulus,46,0,5,1,0,-1.0,-1.0,1,0,1,0,0.0,0.04621998660140096
1957,stimulus,46,3,5,1,0,-1.0,-1.0,1,0,1,0,0.0,0.04621998660140096
1958,stimulus,46,3,5,1,0,-1.0,-1.0,1,0,1,0,0.0,0.04621998660140096
1959,stimulus,46,7,3,0,0,-1.0,-1.0,1,0,1,0,0.0003996291894282235,0.04621998660140096
1960,stimulus,46,3,5,1,0,-1.0,-1.0,1,0,1,0,0.0,0.04621998660140096
1961,stimulus,46,2,5,1,0,-1.0,-1.0,1,0,1,0,0.0003996291894282235,0.04621998660140096
1962,stimulus,46,8,5,1,0,-1.0,-1.0,1,0,1,0,0.0,0.04621998660140096
1963,stimulus,46,6,3,0,0,-1.0,-1.0,1,0,1,0,0.0,0.04621998660140096
1964,stimulus,46,2,5,1,0,-1.0,-1.0,1,0,1,0,0.0003996291894282235,0.04621998660140096
1965,stimulus,46,1,3,0,0,-1.0,-1.0,1,0,1,0,0.0,0.04621998660140096
1966,stimulus,46,8,5,1,0,-1.0,-1.0,1,0,1,0,0.0,0.04621998660140096
1967,stimulus,46,6,3,0,0,-1.0,-1.0,1,0,1,0,0.0,0.04621998660140096
1968,stimulus,46,1,3,0,0,-1.0,-1.0,1,0,1,0,0.0,0.04621998660140096
1969,stimulus,46,4,5,1,1,1.0,1.0,0,nan,nan,nan,1.692224964866911e-06,0.0462182943764361
1970,stimulus,46,5,6,1,1,1.0,1.0,0,nan,nan,nan,3.5658303605071113e-06,0.046221860206796604
1971,stimulus,46,7,7,1,1,1.0,1.0,0,nan,nan,nan,0.0,0.046221860206796604
1972,stimulus,46,5,8,1,0,-1.0,-1.0,1,3,0,1,0.0003996291894282235,0.046221860206796604
1973,stimulus,46,1,3,0,0,-1.0,-1.0,1,0,1,0,0.0,0.046221860206796604
1974,stimulus,46,8,3,0,0,-1.0,-1.0,1,0,1,0,0.0,0.046221860206796604
1975,stimulus,46,7,3,0,0,-1.0,-1.0,1,0,1,0,0.0003996291894282235,0.046221860206796604
1976,stimulus,46,8,5,1,0,-1.0,-1.0,1,0,1,0,0.0,0.046221860206796604
1977,stimulus,46,1,5,1,0,-1.0,-1.0,1,0,1,0,0.0,0.046221860206796604
1978,stimulus,46,1,5,1,0,-1.0,-1.0,1,0,1,0,0.0,0.046221860206796604
1979,stimulus,46,8,5,1,0,-1.0,-1.0,1,0,1,0,0.0,0.046221860206796604
1980,stimulus,46,7,3,0,0,-1.0,-1.0,1,0,1,0,0.0003996291894282235,0.046221860206796604
1981,stimulus,46,3,3,0,1,1.0,1.0,0,nan,nan,nan,0.0,0.046221860206796604
1982,stimulus,46,1,4,1,0,-1.0,-1.0,1,1,0,0,0.0003996291894282235,0.046221860206796604
1983,stimulus,46,2,5,1,0,-1.0,-1.0,1,0,1,0,0.0003996291894282235,0.046221860206796604
1984,stimulus,46,4,5,1,1,1.0,1.0,0,nan,nan,nan,1.692224964866911e-06,0.04622016798183174
1985,stimulus,46,2,6,1,0,-1.0,-1.0,1,1,0,0,0.0,0.04622016798183174
1986,stimulus,46,0,3,0,0,-1.0,-1.0,1,0,1,0,0.0,0.04622016798183174
1987,stimulus,46,2,5,1,0,-1.0,-1.0,1,0,1,0,0.0003996291894282235,0.04622016798183174
1988,stimulus,46,2,5,1,0,-1.0,-1.0,1,0,1,0,0.0003996291894282235,0.04622016798183174
1989,stimulus,46,0,3,0,0,-1.0,-1.0,1,0,1,0,0.0,0.04622016798183174
1990,stimulus,46,1,5,1,0,-1.0,-1.0,1,0,1,0,0.0,0.04622016798183174
1991,stimulus,46,6,3,0,0,-1.0,-1.0,1,0,1,0,0.0,0.04622016798183174
1992,stimulus,46,7,3,0,0,-1.0,-1.0,1,0,1,0,0.0003996291894282235,0.04622016798183174
1993,stimulus,46,7,3,0,0,-1.0,-1.0,1,0,1,0,0.0003996291894282235,0.04622016798183174
1994,stimulus,46,6,3,0,0,-1.0,-1.0,1,0,1,0,0.0,0.04622016798183174
1995,stimulus,46,6,5,1,1,1.0,1.0,0,nan,nan,nan,0.0,0.04622016798183174
1996,stimulus,46,4,4,0,1,1.0,1.0,0,nan,nan,nan,0.0,0.04622016798183174
1997,stimulus,46,6,3,0,0,-1.0,-1.0,1,2,0,0,0.0,0.04622016798183174
1998,stimulus,46,0,3,0,0,-1.0,-1.0,1,0,1,0,0.0,0.04622016798183174
1999,stimulus,46,3,3,0,1,1.0,1.0,0,nan,nan,nan,0.0,0.04622016798183174
2000,stimulus,46,8,2,0,0,-1.0,-1.0,1,1,0,0,0.00020889699275435596,0.04642906497458609
2001,stimulus,46,0,5,1,0,-1.0,-1.0,1,0,1,0,0.0,0.04642906497458609
2002,stimulus,46,4,5,1,1,1.0,1.0,0,nan,nan,nan,1.692224964866911e-06,0.04642737274962123
2003,stimulus,46,0,4,0,0,-1.0,-1.0,1,1,0,0,0.0,0.04642737274962123
2004,stimulus,46,4,5,1,1,1.0,1.0,0,nan,nan,nan,3.5658303605071113e-06,0.04643093857998173
2005,stimulus,46,4,6,1,0,-1.0,-1.0,1,1,0,0,0.0,0.04643093857998173
2006,stimulus,46,3,5,1,0,-1.0,-1.0,1,0,1,0,0.0,0.04643093857998173
2007,stimulus,46,8,3,0,0,-1.0,-1.0,1,0,1,0,0.0,0.04643093857998173
2008,stimulus,46,6,5,1,1,1.0,1.0,0,nan,nan,nan,0.0,0.04643093857998173
2009,stimulus,46,3,6,1,0,-1.0,-1.0,1,1,0,0,0.0003996291894282235,0.04643093857998173
2010,stimulus,46,4,5,1,1,1.0,1.0,0,nan,nan,nan,1.692224964866911e-06,0.046429246355016864
2011,stimulus,46,4,4,0,1,1.0,1.0,0,nan,nan,nan,0.0,0.046429246355016864
2012,stimulus,46,5,3,0,0,-1.0,-1.0,1,2,0,0,0.0,0.046429246355016864
2013,stimulus,46,6,5,1,1,1.0,1.0,0,nan,nan,nan,0.0,0.046429246355016864
2014,stimulus,46,6,4,0,0,-1.0,-1.0,1,1,0,0,0.0,0.046429246355016864
2015,stimulus,46,6,3,0,0,-1.0,-1.0,1,0,1,0,0.0,0.046429246355016864
2016,stimulus,46,3,3,0,1,1.0,1.0,0,nan,nan,nan,0.0,0.046429246355016864
2017,stimulus,46,0,4,1,0,-1.0,-1.0,1,1,0,0,0.0,0.046429246355016864
2018,stimulus,46,2,5,1,0,-1.0,-1.0,1,0,1,0,0.0003996291894282235,0.046429246355016864
2019,stimulus,46,0,3,0,0,-1.0,-1.0,1,0,1,0,0.0,0.046429246355016864
2020,stimulus,46,3,5,1,0,-1.0,-1.0,1,0,1,0,0.0,0.046429246355016864
2021,stimulus,46,4,5,1,1,1.0,1.0,0,nan,nan,nan,1.692224964866911e-06,0.04642755413005199
2022,stimulus,46,3,6,1,0,-1.0,-1.0,1,1,0,0,0.0003996291894282235,0.04642755413005199
2023,stimulus,46,5,3,0,0,-1.0,-1.0,1,0,1,0,0.0,0.04642755413005199
2024,stimulus,46,1,5,1,0,-1.0,-1.0,1,0,1,0,0.0,0.04642755413005199
2025,stimulus,46,1,5,1,0,-1.0,-1.0,1,0,1,0,0.0,0.04642755413005199
2026,stimulus,46,2,5,1,0,-1.0,-1.0,1,0,1,0,0.0003996291894282235,0.04642755413005199
2027,stimulus,46,5,5,1,1,1.0,1.0,0,nan,nan,nan,0.0,0.04642755413005199
2028,stimulus,46,6,6,1,1,1.0,1.0,0,nan,nan,nan,0.0,0.04642755413005199
2029,stimulus,46,5,5,0,1,1.0,1.0,0,nan,nan,nan,0.0,0.04642755413005199
2030,stimulus,46,8,4,0,0,-1.0,-1.0,1,3,0,1,0.0003996291894282235,0.04642755413005199
2031,stimulus,46,0,3,0,0,-1.0,-1.0,1,0,1,0,0.0,0.04642755413005199
2032,stimulus,46,7,3,0,0,-1.0,-1.0,1,0,1,0,0.0003996291894282235,0.04642755413005199
2033,stimulus,46,5,3,0,0,-1.0,-1.0,1,0,1,0,0.0,0.04642755413005199
2034,stimulus,46,3,5,1,0,-1.0,-1.0,1,0,1,0,0.0,0.04642755413005199
2035,stimulus,46,3,3,0,1,1.0,1.0,0,nan,nan,nan,0.0,0.04642755413005199
2036,stimulus,46,6,2,0,0,-1.0,-1.0,1,1,0,0,0.0003996291894282235,0.04642755413005199
2037,stimulus,46,0,3,0,0,-1.0,-1.0,1,0,1,0,0.0,0.04642755413005199
2038,stimulus,46,7,3,0,0,-1.0,-1.0,1,0,1,0,0.0003996291894282235,0.04642755413005199
2039,stimulus,46,2,5,1,0,-1.0,-1.0,1,0,1,0,0.0003996291894282235,0.04642755413005199
2040,stimulus,46,5,5,1,1,1.0,1.0,0,nan,nan,nan,0.0,0.04642755413005199
2041,stimulus,46,5,6,1,1,1.0,1.0,0,nan,nan,nan,3.5658303605071113e-06,0.046431119960412506
2042,stimulus,46,1,7,1,0,-1.0,-1.0,1,2,0,0,0.0,0.046431119960412506
2043,stimulus,46,2,5,1,0,-1.0,-1.0,1,0,1,0,0.0003996291894282235,0.046431119960412506
2044,stimulus,46,5,5,1,1,1.0,1.0,0,nan,nan,nan,0.0,0.046431119960412506
2045,stimulus,46,8,4,0,0,-1.0,-1.0,1,1,0,0,0.0003996291894282235,0.046431119960412506
2046,stimulus,46,8,5,1,0,-1.0,-1.0,1,0,1,0,0.0,0.046431119960412506
2047,stimulus,46,6,3,0,0,-1.0,-1.0,1,0,1,0,0.0,0.046431119960412506
2048,stimulus,46,3,5,1,0,-1.0,-1.0,1,0,1,0,0.0,0.046431119960412506
2049,stimulus,46,3,5,1,0,-1.0,-1.0,1,0,1,0,0.0,0.046431119960412506
2050,stimulus,46,1,5,1,0,-1.0,-1.0,1,0,1,0,0.0,0.046431119960412506
2051,stimulus,46,3,3,0,1,1.0,1.0,0,nan,nan,nan,0.0,0.046431119960412506
2052,stimulus,46,8,2,0,0,-1.0,-1.0,1,1,0,0,0.00019291267612207532,0.046624032636534585
2053,stimulus,46,1,3,0,0,-1.0,-1.0,1,0,1,0,0.0,0.046624032636534585
2054,stimulus,46,3,3,0,1,1.0,1.0,0,nan,nan,nan,0.0,0.046624032636534585
2055,stimulus,46,8,2,0,0,-1.0,-1.0,1,1,0,0,0.00019291267612207532,0.046816945312656656
2056,stimulus,46,0,3,0,0,-1.0,-1.0,1,0,1,0,0.0,0.046816945312656656
2057,stimulus,46,3,3,0,1,1.0,1.0,0,nan,nan,nan,0.0,0.046816945312656656
2058,stimulus,46,4,2,0,0,-1.0,-1.0,1,1,0,0,0.0,0.046816945312656656
2059,stimulus,46,4,5,1,1,1.0,1.0,0,nan,nan,nan,1.692224964866911e-06,0.046815253087691786
2060,stimulus,46,3,6,1,0,-1.0,-1.0,1,1,0,0,0.0003996291894282235,0.046815253087691786
2061,stimulus,46,3,3,0,1,1.0,1.0,0,nan,nan,nan,0.0,0.046815253087691786
2062,stimulus,46,1,4,1,0,-1.0,-1.0,1,1,0,0,0.0003996291894282235,0.046815253087691786
2063,stimulus,46,4,5,1,1,1.0,1.0,0,nan,nan,nan,1.692224964866911e-06,0.04681356086272692
2064,stimulus,46,6,4,0,0,-1.0,-1.0,1,1,0,0,0.0,0.04681356086272692
2065,stimulus,46,6,3,0,0,-1.0,-1.0,1,0,1,0,0.0,0.04681356086272692
2066,stimulus,46,4,5,1,1,1.0,1.0,0,nan,nan,nan,3.5658303605071113e-06,0.04681712669308743
2067,stimulus,46,2,4,0,0,-1.0,-1.0,1,1,0,0,0.0,0.04681712669308743
2068,stimulus,46,4,5,1,1,1.0,1.0,0,nan,nan,nan,1.692224964866911e-06,0.046815434468122565
2069,stimulus,46,3,6,1,0,-1.0,-1.0,1,1,0,0,0.0003996291894282235,0.046815434468122565
2070,stimulus,46,4,3,0,1,1.0,1.0,0,nan,nan,nan,1.692224964866911e-06,0.046813742243157694
2071,stimulus,46,1,4,1,0,-1.0,-1.0,1,1,0,0,0.0003996291894282235,0.046813742243157694
2072,stimulus,46,2,5,1,0,-1.0,-1.0,1,0,1,0,0.0003996291894282235,0.046813742243157694
2073,stimulus,46,7,3,0,0,-1.0,-1.0,1,0,1,0,0.0003996291894282235,0.046813742243157694
2074,stimulus,46,0,5,1,0,-1.0,-1.0,1,0,1,0,0.0,0.046813742243157694
2075,stimulus,46,0,3,0,0,-1.0,-1.0,1,0,1,0,0.0,0.046813742243157694
2076,stimulus,46,2,5,1,0,-1.0,-1.0,1,0,1,0,0.0003996291894282235,0.046813742243157694
2077,stimulus,46,2,5,1,0,-1.0,-1.0,1,0,1,0,0.0003996291894282235,0.046813742243157694
2078,stimulus,46,0,5,1,0,-1.0,-1.0,1,0,1,0,0.0,0.046813742243157694
2079,stimulus,46,5,3,0,0,-1.0,-1.0,1,0,1,0,0.0,0.046813742243157694
2080,stimulus,46,1,5,1,0,-1.0,-1.0,1,0,1,0,0.0,0.046813742243157694
2081,stimulus,46,7,3,0,0,-1.0,-1.0,1,0,1,0,0.0003996291894282235,0.046813742243157694
2082,stimulus,46,1,3,0,0,-1.0,-1.0,1,0,1,0,0.0,0.046813742243157694
2083,stimulus,46,2,5,1,0,-1.0,-1.0,1,0,1,0,0.0003996291894282235,0.046813742243157694
2084,stimulus,46,4,5,1,1,1.0,1.0,0,nan,nan,nan,3.5658303605071113e-06,0.04681730807351821
2085,stimulus,46,4,6,1,0,-1.0,-1.0,1,1,0,0,0.0,0.04681730807351821
2086,stimulus,46,7,3,0,0,-1.0,-1.0,1,0,1,0,0.0003996291894282235,0.04681730807351821
2087,stimulus,46,7,3,0,0,-1.0,-1.0,1,0,1,0,0.0003996291894282235,0.04681730807351821
2088,stimulus,46,2,5,1,0,-1.0,-1.0,1,0,1,0,0.0003996291894282235,0.04681730807351821
2089,stimulus,46,3,5,1,0,-1.0,-1.0,1,0,1,0,0.0,0.04681730807351821
2090,stimulus,46,6,5,1,1,1.0,1.0,0,nan,nan,nan,0.0,0.04681730807351821
2091,stimulus,46,4,4,0,1,1.0,1.0,0,nan,nan,nan,0.0,0.04681730807351821
2092,stimulus,46,7,3,0,0,-1.0,-1.0,1,2,0,0,0.0003996291894282235,0.04681730807351821
2093,stimulus,46,7,3,0,0,-1.0,-1.0,1,0,1,0,0.0003996291894282235,0.04681730807351821
2094,stimulus,46,4,5,1,1,1.0,1.0,0,nan,nan,nan,1.692224964866911e-06,0.04681561584855334
2095,stimulus,46,0,4,0,0,-1.0,-1.0,1,1,0,0,0.0,0.04681561584855334
2096,stimulus,46,6,3,0,0,-1.0,-1.0,1,0,1,0,0.0,0.04681561584855334
2097,stimulus,46,7,3,0,0,-1.0,-1.0,1,0,1,0,0.0003996291894282235,0.04681561584855334
2098,stimulus,46,2,5,1,0,-1.0,-1.0,1,0,1,0,0.0003996291894282235,0.04681561584855334
2099,stimulus,46,3,5,1,0,-1.0,-1.0,1,0,1,0,0.0,0.04681561584855334
2100,stimulus,46,6,3,0,0,-1.0,-1.0,1,0,1,0,0.0,0.04681561584855334
2101,stimulus,46,5,5,1,1,1.0,1.0,0,nan,nan,nan,0.0,0.04681561584855334
2102,stimulus,46,0,4,0,0,-1.0,-1.0,1,1,0,0,0.0,0.04681561584855334
2103,stimulus,46,6,5,1,1,1.0,1.0,0,nan,nan,nan,0.0,0.04681561584855334
2104,stimulus,46,4,4,0,1,1.0,1.0,0,nan,nan,nan,0.0,0.04681561584855334
2105,stimulus,46,4,5,1,1,1.0,1.0,0,nan,nan,nan,1.692224964866911e-06,0.04681392362358847
2106,stimulus,46,1,4,0,0,-1.0,-1.0,1,3,0,1,0.0,0.04681392362358847
2107,stimulus,46,4,5,1,1,1.0,1.0,0,nan,nan,nan,3.5658303605071113e-06,0.04681748945394897
2108,stimulus,46,6,4,0,0,-1.0,-1.0,1,1,0,0,0.0,0.04681748945394897
2109,stimulus,46,2,5,1,0,-1.0,-1.0,1,0,1,0,0.0003996291894282235,0.04681748945394897
2110,stimulus,46,5,3,0,0,-1.0,-1.0,1,0,1,0,0.0,0.04681748945394897
2111,stimulus,46,4,3,0,1,1.0,1.0,0,nan,nan,nan,1.692224964866911e-06,0.04681579722898411
2112,stimulus,46,1,4,1,0,-1.0,-1.0,1,1,0,0,0.0003996291894282235,0.04681579722898411
2113,stimulus,46,3,5,1,0,-1.0,-1.0,1,0,1,0,0.0,0.04681579722898411
2114,stimulus,46,6,3,0,0,-1.0,-1.0,1,0,1,0,0.0,0.04681579722898411
2115,stimulus,46,2,5,1,0,-1.0,-1.0,1,0,1,0,0.0003996291894282235,0.04681579722898411
2116,stimulus,46,0,3,0,0,-1.0,-1.0,1,0,1,0,0.0,0.04681579722898411
2117,stimulus,46,7,3,0,0,-1.0,-1.0,1,0,1,0,0.0003996291894282235,0.04681579722898411
2118,stimulus,46,0,5,1,0,-1.0,-1.0,1,0,1,0,0.0,0.04681579722898411
2119,stimulus,46,4,5,1,1,1.0,1.0,0,nan,nan,nan,1.692224964866911e-06,0.04681410500401924
2120,stimulus,46,4,4,0,1,1.0,1.0,0,nan,nan,nan,0.0,0.04681410500401924
2121,stimulus,46,5,5,1,1,1.0,1.0,0,nan,nan,nan,0.0,0.04681410500401924
2122,stimulus,46,8,4,0,0,-1.0,-1.0,1,3,0,1,0.0003996291894282235,0.04681410500401924
2123,stimulus,46,8,5,1,0,-1.0,-1.0,1,0,1,0,0.0,0.04681410500401924
2124,stimulus,46,6,5,1,1,1.0,1.0,0,nan,nan,nan,0.0,0.04681410500401924
2125,stimulus,46,7,4,0,0,-1.0,-1.0,1,1,0,0,0.0,0.04681410500401924
2126,stimulus,46,3,3,0,1,1.0,1.0,0,nan,nan,nan,0.0,0.04681410500401924
2127,stimulus,46,6,2,0,0,-1.0,-1.0,1,1,0,0,0.0003996291894282235,0.04681410500401924
2128,stimulus,46,7,3,0,0,-1.0,-1.0,1,0,1,0,0.0003996291894282235,0.04681410500401924
2129,stimulus,46,3,3,0,1,1.0,1.0,0,nan,nan,nan,0.0,0.04681410500401924
2130,stimulus,46,6,2,0,0,-1.0,-1.0,1,1,0,0,0.0003996291894282235,0.04681410500401924
2131,stimulus,46,7,3,0,0,-1.0,-1.0,1,0,1,0,0.0003996291894282235,0.04681410500401924
2132,stimulus,46,6,5,1,1,1.0,1.0,0,nan,nan,nan,0.0,0.04681410500401924
2133,stimulus,46,7,6,1,1,1.0,1.0,0,nan,nan,nan,0.0,0.04681410500401924
2134,stimulus,46,3,5,0,0,-1.0,-1.0,1,2,0,0,0.0,0.04681410500401924
2135,stimulus,46,4,5,1,1,1.0,1.0,0,nan,nan,nan,3.5658303605071113e-06,0.04681767083437975
2136,stimulus,46,1,6,1,0,-1.0,-1.0,1,1,0,0,0.0,0.04681767083437975
2137,stimulus,46,4,5,1,1,1.0,1.0,0,nan,nan,nan,1.692224964866911e-06,0.04681597860941488
2138,stimulus,46,0,4,0,0,-1.0,-1.0,1,1,0,0,0.0,0.04681597860941488
2139,stimulus,46,4,5,1,1,1.0,1.0,0,nan,nan,nan,1.692224964866911e-06,0.04681428638445002
2140,stimulus,46,3,6,1,0,-1.0,-1.0,1,1,0,0,0.0003996291894282235,0.04681428638445002
2141,stimulus,46,6,3,0,0,-1.0,-1.0,1,0,1,0,0.0,0.04681428638445002
2142,stimulus,46,1,3,0,0,-1.0,-1.0,1,0,1,0,0.0,0.04681428638445002
2143,stimulus,46,7,3,0,0,-1.0,-1.0,1,0,1,0,0.0003996291894282235,0.04681428638445002
2144,stimulus,46,8,3,0,0,-1.0,-1.0,1,0,1,0,0.0,0.04681428638445002
2145,stimulus,46,7,3,0,0,-1.0,-1.0,1,0,1,0,0.0003996291894282235,0.04681428638445002
2146,stimulus,46,7,3,0,0,-1.0,-1.0,1,0,1,0,0.0003996291894282235,0.04681428638445002
2147,stimulus,46,8,5,1,0,-1.0,-1.0,1,0,1,0,0.0,0.04681428638445002
2148,stimulus,46,1,3,0,0,-1.0,-1.0,1,0,1,0,0.0,0.04681428638445002
2149,stimulus,46,5,5,1,1,1.0,1.0,0,nan,nan,nan,0.0,0.04681428638445002
2150,stimulus,46,3,6,1,0,-1.0,-1.0,1,1,0,0,0.0003996291894282235,0.04681428638445002
2151,stimulus,46,6,5,1,1,1.0,1.0,0,nan,nan,nan,0.0,0.04681428638445002
2152,stimulus,46,7,4,0,0,-1.0,-1.0,1,1,0,0,0.0,0.04681428638445002
2153,stimulus,46,2,5,1,0,-1.0,-1.0,1,0,1,0,0.0003996291894282235,0.04681428638445002
2154,stimulus,46,0,3,0,0,-1.0,-1.0,1,0,1,0,0.0,0.04681428638445002
2155,stimulus,46,2,5,1,0,-1.0,-1.0,1,0,1,0,0.0003996291894282235,0.04681428638445002
2156,stimulus,46,8,3,0,0,-1.0,-1.0,1,0,1,0,0.0,0.04681428638445002
2157,stimulus,46,3,3,0,1,1.0,1.0,0,nan,nan,nan,0.0,0.04681428638445002
2158,stimulus,46,1,4,1,0,-1.0,-1.0,1,1,0,0,0.0003996291894282235,0.04681428638445002
2159,stimulus,46,8,5,1,0,-1.0,-1.0,1,0,1,0,0.0,0.04681428638445002
2160,stimulus,46,4,5,1,1,1.0,1.0,0,nan,nan,nan,3.5658303605071113e-06,0.046817852214810524
2161,stimulus,46,8,6,1,0,-1.0,-1.0,1,1,0,0,0.0003996291894282235,0.046817852214810524
2162,stimulus,46,4,5,1,1,1.0,1.0,0,nan,nan,nan,1.692224964866911e-06,0.04681615998984566
2163,stimulus,46,7,4,0,0,-1.0,-1.0,1,1,0,0,0.0,0.04681615998984566
2164,stimulus,46,1,5,1,0,-1.0,-1.0,1,0,1,0,0.0,0.04681615998984566
2165,stimulus,46,5,3,0,0,-1.0,-1.0,1,0,1,0,0.0,0.04681615998984566
2166,stimulus,46,2,5,1,0,-1.0,-1.0,1,0,1,0,0.0003996291894282235,0.04681615998984566
2167,stimulus,46,1,5,1,0,-1.0,-1.0,1,0,1,0,0.0,0.04681615998984566
2168,stimulus,46,8,5,1,0,-1.0,-1.0,1,0,1,0,0.0,0.04681615998984566
2169,stimulus,46,2,5,1,0,-1.0,-1.0,1,0,1,0,0.0003996291894282235,0.04681615998984566
2170,stimulus,46,2,5,1,0,-1.0,-1.0,1,0,1,0,0.0003996291894282235,0.04681615998984566
2171,stimulus,46,3,5,1,0,-1.0,-1.0,1,0,1,0,0.0,0.04681615998984566
2172,stimulus,46,2,5,1,0,-1.0,-1.0,1,0,1,0,0.0003996291894282235,0.04681615998984566
2173,stimulus,46,5,5,1,1,1.0,1.0,0,nan,nan,nan,0.0,0.04681615998984566
2174,stimulus,46,3,6,1,0,-1.0,-1.0,1,1,0,0,0.0003996291894282235,0.04681615998984566
2175,stimulus,46,2,5,1,0,-1.0,-1.0,1,0,1,0,0.0003996291894282235,0.04681615998984566
2176,stimulus,46,2,5,1,0,-1.0,-1.0,1,0,1,0,0.0003996291894282235,0.04681615998984566
2177,stimulus,46,3,3,0,1,1.0,1.0,0,nan,nan,nan,0.0,0.04681615998984566
2178,stimulus,46,7,4,1,0,-1.0,-1.0,1,1,0,0,0.0,0.04681615998984566
2179,stimulus,46,7,3,0,0,-1.0,-1.0,1,0,1,0,0.0003996291894282235,0.04681615998984566
2180,stimulus,46,0,3,0,0,-1.0,-1.0,1,0,1,0,0.0,0.04681615998984566
2181,stimulus,46,8,3,0,0,-1.0,-1.0,1,0,1,0,0.0,0.04681615998984566
2182,stimulus,46,8,3,0,0,-1.0,-1.0,1,0,1,0,0.0,0.04681615998984566
2183,stimulus,46,3,5,1,0,-1.0,-1.0,1,0,1,0,0.0,0.04681615998984566
2184,stimulus,46,2,5,1,0,-1.0,-1.0,1,0,1,0,0.0003996291894282235,0.04681615998984566
2185,stimulus,46,8,3,0,0,-1.0,-1.0,1,0,1,0,0.0,0.04681615998984566
2186,stimulus,46,3,3,0,1,1.0,1.0,0,nan,nan,nan,0.0,0.04681615998984566
2187,stimulus,46,4,4,1,1,1.0,1.0,0,nan,nan,nan,0.0,0.04681615998984566
2188,stimulus,46,3,5,1,0,-1.0,-1.0,1,2,0,0,0.0,0.04681615998984566
2189,stimulus,46,8,5,1,0,-1.0,-1.0,1,0,1,0,0.0,0.04681615998984566
2190,stimulus,46,3,3,0,1,1.0,1.0,0,nan,nan,nan,0.0,0.04681615998984566
2191,stimulus,46,4,4,1,1,1.0,1.0,0,nan,nan,nan,0.0,0.04681615998984566
2192,stimulus,46,1,5,1,0,-1.0,-1.0,1,2,0,0,0.0,0.04681615998984566
2193,stimulus,46,8,5,1,0,-1.0,-1.0,1,0,1,0,0.0,0.04681615998984566
2194,stimulus,46,0,5,1,0,-1.0,-1.0,1,0,1,0,0.0,0.04681615998984566
2195,stimulus,46,0,5,1,0,-1.0,-1.0,1,0,1,0,0.0,0.04681615998984566
2196,stimulus,46,3,3,0,1,1.0,1.0,0,nan,nan,nan,0.0,0.04681615998984566
2197,stimulus,46,3,4,1,1,1.0,1.0,0,nan,nan,nan,1.692224964866911e-06,0.04681446776488078
2198,stimulus,46,7,3,0,0,-1.0,-1.0,1,2,0,0,0.0003996291894282235,0.04681446776488078
2199,stimulus,46,7,3,0,0,-1.0,-1.0,1,0,1,0,0.0003996291894282235,0.04681446776488078
2200,stimulus,46,7,3,0,0,-1.0,-1.0,1,0,1,0,0.0003996291894282235,0.04681446776488078
2201,stimulus,46,3,3,0,1,1.0,1.0,0,nan,nan,nan,0.0,0.04681446776488078
2202,stimulus,46,3,4,1,1,1.0,1.0,0,nan,nan,nan,3.5658303605071113e-06,0.046818033595241296
2203,stimulus,46,7,3,0,0,-1.0,-1.0,1,2,0,0,0.0003996291894282235,0.046818033595241296
2204,stimulus,46,1,3,0,0,-1.0,-1.0,1,0,1,0,0.0,0.046818033595241296
2205,stimulus,46,5,5,1,1,1.0,1.0,0,nan,nan,nan,0.0,0.046818033595241296
2206,stimulus,46,7,6,1,1,1.0,1.0,0,nan,nan,nan,0.0,0.046818033595241296
2207,stimulus,46,4,7,1,0,-1.0,-1.0,1,2,0,0,0.0003996291894282235,0.046818033595241296
2208,stimulus,46,3,3,0,1,1.0,1.0,0,nan,nan,nan,0.0,0.046818033595241296
2209,stimulus,46,1,4,1,0,-1.0,-1.0,1,1,0,0,0.0003996291894282235,0.046818033595241296
2210,stimulus,46,1,5,1,0,-1.0,-1.0,1,0,1,0,0.0,0.046818033595241296
2211,stimulus,46,2,5,1,0,-1.0,-1.0,1,0,1,0,0.0003996291894282235,0.046818033595241296
2212,stimulus,46,6,3,0,0,-1.0,-1.0,1,0,1,0,0.0,0.046818033595241296
2213,stimulus,46,4,5,1,1,1.0,1.0,0,nan,nan,nan,1.692224964866911e-06,0.046816341370276425
2214,stimulus,46,5,6,1,1,1.0,1.0,0,nan,nan,nan,1.692224964866911e-06,0.04681464914531156
2215,stimulus,46,8,5,0,0,-1.0,-1.0,1,2,0,0,0.0,0.04681464914531156
2216,stimulus,46,4,5,1,1,1.0,1.0,0,nan,nan,nan,1.692224964866911e-06,0.04681295692034669
2217,stimulus,46,5,6,1,1,1.0,1.0,0,nan,nan,nan,3.5658303605071113e-06,0.046816522750707204
2218,stimulus,46,5,7,1,0,-1.0,-1.0,1,2,0,0,0.0,0.046816522750707204
2219,stimulus,46,2,5,1,0,-1.0,-1.0,1,0,1,0,0.0003996291894282235,0.046816522750707204
2220,stimulus,46,0,3,0,0,-1.0,-1.0,1,0,1,0,0.0,0.046816522750707204
2221,stimulus,46,1,3,0,0,-1.0,-1.0,1,0,1,0,0.0,0.046816522750707204
2222,stimulus,46,5,3,0,0,-1.0,-1.0,1,0,1,0,0.0,0.046816522750707204
2223,stimulus,46,6,5,1,1,1.0,1.0,0,nan,nan,nan,0.0,0.046816522750707204
2224,stimulus,46,3,6,1,0,-1.0,-1.0,1,1,0,0,0.0003996291894282235,0.046816522750707204
2225,stimulus,46,5,5,1,1,1.0,1.0,0,nan,nan,nan,0.0,0.046816522750707204
2226,stimulus,46,1,4,0,0,-1.0,-1.0,1,1,0,0,0.0,0.046816522750707204
2227,stimulus,46,7,3,0,0,-1.0,-1.0,1,0,1,0,0.0003996291894282235,0.046816522750707204
2228,stimulus,46,3,5,1,0,-1.0,-1.0,1,0,1,0,0.0,0.046816522750707204
2229,stimulus,46,7,3,0,0,-1.0,-1.0,1,0,1,0,0.0003996291894282235,0.046816522750707204
2230,stimulus,46,8,3,0,0,-1.0,-1.0,1,0,1,0,0.0,0.046816522750707204
2231,stimulus,46,5,5,1,1,1.0,1.0,0,nan,nan,nan,0.0,0.046816522750707204
2232,stimulus,46,4,6,1,0,-1.0,-1.0,1,1,0,0,0.0,0.046816522750707204
2233,stimulus,46,0,5,1,0,-1.0,-1.0,1,0,1,0,0.0,0.046816522750707204
2234,stimulus,46,1,5,1,0,-1.0,-1.0,1,0,1,0,0.0,0.046816522750707204
2235,stimulus,46,1,5,1,0,-1.0,-1.0,1,0,1,0,0.0,0.046816522750707204
2236,stimulus,46,3,5,1,0,-1.0,-1.0,1,0,1,0,0.0,0.046816522750707204
2237,stimulus,46,0,5,1,0,-1.0,-1.0,1,0,1,0,0.0,0.046816522750707204
2238,stimulus,46,3,5,1,0,-1.0,-1.0,1,0,1,0,0.0,0.046816522750707204
2239,stimulus,46,1,5,1,0,-1.0,-1.0,1,0,1,0,0.0,0.046816522750707204
2240,stimulus,46,7,3,0,0,-1.0,-1.0,1,0,1,0,0.0003996291894282235,0.046816522750707204
2241,stimulus,46,5,3,0,0,-1.0,-1.0,1,0,1,0,0.0,0.046816522750707204
2242,stimulus,46,1,3,0,0,-1.0,-1.0,1,0,1,0,0.0,0.046816522750707204
2243,stimulus,46,5,5,1,1,1.0,1.0,0,nan,nan,nan,0.0,0.046816522750707204
2244,stimulus,46,8,4,0,0,-1.0,-1.0,1,1,0,0,0.0003996291894282235,0.046816522750707204
2245,stimulus,46,4,5,1,1,1.0,1.0,0,nan,nan,nan,1.692224964866911e-06,0.04681483052574233
2246,stimulus,46,5,6,1,1,1.0,1.0,0,nan,nan,nan,1.692224964866911e-06,0.04681313830077747
2247,stimulus,46,2,5,0,0,-1.0,-1.0,1,2,0,0,0.0,0.04681313830077747
2248,stimulus,46,8,5,1,0,-1.0,-1.0,1,0,1,0,0.0,0.04681313830077747
2249,stimulus,46,2,3,0,1,1.0,1.0,0,nan,nan,nan,0.0003996291894282235,0.04641350911134925
2250,stimulus,46,6,2,0,0,-1.0,-1.0,1,1,0,0,0.0003996291894282235,0.04641350911134925
2251,stimulus,46,6,5,1,1,1.0,1.0,0,nan,nan,nan,0.0,0.04641350911134925
2252,stimulus,46,2,6,1,0,-1.0,-1.0,1,1,0,0,0.0,0.04641350911134925
2253,stimulus,46,0,5,1,0,-1.0,-1.0,1,0,1,0,0.0,0.04641350911134925
2254,stimulus,46,8,5,1,0,-1.0,-1.0,1,0,1,0,0.0,0.04641350911134925
2255,stimulus,46,7,3,0,0,-1.0,-1.0,1,0,1,0,0.0003996291894282235,0.04641350911134925
2256,stimulus,46,1,3,0,0,-1.0,-1.0,1,0,1,0,0.0,0.04641350911134925
2257,stimulus,46,6,5,1,1,1.0,1.0,0,nan,nan,nan,0.0,0.04641350911134925
2258,stimulus,46,6,4,0,0,-1.0,-1.0,1,1,0,0,0.0,0.04641350911134925
2259,stimulus,46,4,5,1,1,1.0,1.0,0,nan,nan,nan,3.5658303605071113e-06,0.046417074941709754
2260,stimulus,46,3,6,1,0,-1.0,-1.0,1,1,0,0,0.0003996291894282235,0.046816704131137976
2261,stimulus,46,0,3,0,0,-1.0,-1.0,1,0,1,0,0.0,0.046816704131137976
2262,stimulus,46,6,3,0,0,-1.0,-1.0,1,0,1,0,0.0,0.046816704131137976
2263,stimulus,46,4,5,1,1,1.0,1.0,0,nan,nan,nan,1.692224964866911e-06,0.04681501190617311
2264,stimulus,46,6,6,1,1,1.0,1.0,0,nan,nan,nan,0.0,0.04681501190617311
2265,stimulus,46,5,5,0,1,1.0,1.0,0,nan,nan,nan,0.0,0.04681501190617311
2266,stimulus,46,2,6,1,0,-1.0,-1.0,1,3,0,1,0.0,0.04681501190617311
2267,stimulus,46,5,5,1,1,1.0,1.0,0,nan,nan,nan,0.0,0.04681501190617311
2268,stimulus,46,1,6,1,0,-1.0,-1.0,1,1,0,0,0.0,0.04681501190617311
2269,stimulus,46,0,5,1,0,-1.0,-1.0,1,0,1,0,0.0,0.04681501190617311
2270,stimulus,46,3,5,1,0,-1.0,-1.0,1,0,1,0,0.0,0.04681501190617311
2271,stimulus,46,0,3,0,0,-1.0,-1.0,1,0,1,0,0.0,0.04681501190617311
2272,stimulus,46,6,5,1,1,1.0,1.0,0,nan,nan,nan,0.0,0.04681501190617311
2273,stimulus,46,8,4,0,0,-1.0,-1.0,1,1,0,0,0.0003996291894282235,0.04681501190617311
2274,stimulus,46,7,3,0,0,-1.0,-1.0,1,0,1,0,0.0003996291894282235,0.04681501190617311
2275,stimulus,46,5,5,1,1,1.0,1.0,0,nan,nan,nan,0.0,0.04681501190617311
2276,stimulus,46,6,4,0,0,-1.0,-1.0,1,1,0,0,0.0,0.04681501190617311
2277,stimulus,46,2,5,1,0,-1.0,-1.0,1,0,1,0,0.0003996291894282235,0.04681501190617311
2278,stimulus,46,8,3,0,0,-1.0,-1.0,1,0,1,0,0.0,0.04681501190617311
2279,stimulus,46,5,5,1,1,1.0,1.0,0,nan,nan,nan,0.0,0.04681501190617311
2280,stimulus,46,2,6,1,0,-1.0,-1.0,1,1,0,0,0.0,0.04681501190617311
2281,stimulus,46,4,5,1,1,1.0,1.0,0,nan,nan,nan,1.692224964866911e-06,0.04681331968120824
2282,stimulus,46,7,6,1,1,1.0,1.0,0,nan,nan,nan,0.0,0.04681331968120824
2283,stimulus,46,5,7,1,0,-1.0,-1.0,1,2,0,0,0.0,0.04681331968120824
2284,stimulus,46,0,5,1,0,-1.0,-1.0,1,0,1,0,0.0,0.04681331968120824
2285,stimulus,46,1,3,0,0,-1.0,-1.0,1,0,1,0,0.0,0.04681331968120824
2286,stimulus,46,3,5,1,0,-1.0,-1.0,1,0,1,0,0.0,0.04681331968120824
2287,stimulus,46,8,3,0,0,-1.0,-1.0,1,0,1,0,0.0,0.04681331968120824
2288,stimulus,46,1,3,0,0,-1.0,-1.0,1,0,1,0,0.0,0.04681331968120824
2289,stimulus,46,8,3,0,0,-1.0,-1.0,1,0,1,0,0.0,0.04681331968120824
2290,stimulus,46,6,3,0,0,-1.0,-1.0,1,0,1,0,0.0,0.04681331968120824
2291,stimulus,46,0,5,1,0,-1.0,-1.0,1,0,1,0,0.0,0.04681331968120824
2292,stimulus,46,7,3,0,0,-1.0,-1.0,1,0,1,0,0.0003996291894282235,0.04681331968120824
2293,stimulus,46,4,5,1,1,1.0,1.0,0,nan,nan,nan,3.5658303605071113e-06,0.04681688551156875
2294,stimulus,46,6,4,0,0,-1.0,-1.0,1,1,0,0,0.0,0.04681688551156875
2295,stimulus,46,4,5,1,1,1.0,1.0,0,nan,nan,nan,1.692224964866911e-06,0.046815193286603884
2296,stimulus,46,4,6,1,0,-1.0,-1.0,1,1,0,0,0.0,0.046815193286603884
2297,stimulus,46,7,3,0,0,-1.0,-1.0,1,0,1,0,0.0003996291894282235,0.046815193286603884
2298,stimulus,46,8,5,1,0,-1.0,-1.0,1,0,1,0,0.0,0.046815193286603884
2299,stimulus,46,7,3,0,0,-1.0,-1.0,1,0,1,0,0.0003996291894282235,0.046815193286603884
2300,stimulus,46,3,3,0,1,1.0,1.0,0,nan,nan,nan,0.0,0.046815193286603884
2301,stimulus,46,2,4,1,0,-1.0,-1.0,1,1,0,0,0.0,0.046815193286603884
2302,stimulus,46,0,5,1,0,-1.0,-1.0,1,0,1,0,0.0,0.046815193286603884
2303,stimulus,46,5,5,1,1,1.0,1.0,0,nan,nan,nan,0.0,0.046815193286603884
2304,stimulus,46,6,4,0,0,-1.0,-1.0,1,1,0,0,0.0,0.046815193286603884
2305,stimulus,46,7,3,0,0,-1.0,-1.0,1,0,1,0,0.0003996291894282235,0.046815193286603884
2306,stimulus,46,2,5,1,0,-1.0,-1.0,1,0,1,0,0.0003996291894282235,0.046815193286603884
2307,stimulus,46,0,5,1,0,-1.0,-1.0,1,0,1,0,0.0,0.046815193286603884
2308,stimulus,46,7,3,0,0,-1.0,-1.0,1,0,1,0,0.0003996291894282235,0.046815193286603884
2309,stimulus,46,8,3,0,0,-1.0,-1.0,1,0,1,0,0.0,0.046815193286603884
2310,stimulus,46,6,3,0,0,-1.0,-1.0,1,0,1,0,0.0,0.046815193286603884
2311,stimulus,46,5,3,0,0,-1.0,-1.0,1,0,1,0,0.0,0.046815193286603884
2312,stimulus,46,6,3,0,0,-1.0,-1.0,1,0,1,0,0.0,0.046815193286603884
2313,stimulus,46,3,3,0,1,1.0,1.0,0,nan,nan,nan,0.0,0.046815193286603884
2314,stimulus,46,2,4,1,0,-1.0,-1.0,1,1,0,0,0.0,0.046815193286603884
2315,stimulus,46,2,5,1,0,-1.0,-1.0,1,0,1,0,0.0003996291894282235,0.046815193286603884
2316,stimulus,46,5,5,1,1,1.0,1.0,0,nan,nan,nan,0.0,0.046815193286603884
2317,stimulus,46,6,4,0,0,-1.0,-1.0,1,1,0,0,0.0,0.046815193286603884
2318,stimulus,46,3,5,1,0,-1.0,-1.0,1,0,1,0,0.0,0.046815193286603884
2319,stimulus,46,8,5,1,0,-1.0,-1.0,1,0,1,0,0.0,0.046815193286603884
2320,stimulus,46,2,5,1,0,-1.0,-1.0,1,0,1,0,0.0003996291894282235,0.046815193286603884
2321,stimulus,46,1,3,0,0,-1.0,-1.0,1,0,1,0,0.0,0.046815193286603884
2322,stimulus,46,2,5,1,0,-1.0,-1.0,1,0,1,0,0.0003996291894282235,0.046815193286603884
2323,stimulus,46,8,5,1,0,-1.0,-1.0,1,0,1,0,0.0,0.046815193286603884
2324,stimulus,46,1,5,1,0,-1.0,-1.0,1,0,1,0,0.0,0.046815193286603884
2325,stimulus,46,5,3,0,0,-1.0,-1.0,1,0,1,0,0.0,0.046815193286603884
2326,stimulus,46,1,5,1,0,-1.0,-1.0,1,0,1,0,0.0,0.046815193286603884
2327,stimulus,46,4,5,1,1,1.0,1.0,0,nan,nan,nan,1.692224964866911e-06,0.04681350106163902
2328,stimulus,46,5,6,1,1,1.0,1.0,0,nan,nan,nan,3.5658303605071113e-06,0.04681706689199953
2329,stimulus,46,6,7,1,1,1.0,1.0,0,nan,nan,nan,1.692224964866911e-06,0.04681537466703466
2330,stimulus,46,7,8,1,1,1.0,1.0,0,nan,nan,nan,1.692224964866911e-06,0.04681368244206979
2331,stimulus,46,4,8,1,0,-1.0,-1.0,1,4,0,1,0.0,0.04681368244206979
2332,stimulus,46,5,5,1,1,1.0,1.0,0,nan,nan,nan,0.0,0.04681368244206979
2333,stimulus,46,7,6,1,1,1.0,1.0,0,nan,nan,nan,0.0,0.04681368244206979
2334,stimulus,46,8,5,0,0,-1.0,-1.0,1,2,0,0,0.0,0.04681368244206979
2335,stimulus,46,5,3,0,0,-1.0,-1.0,1,0,1,0,0.0,0.04681368244206979
2336,stimulus,46,8,3,0,0,-1.0,-1.0,1,0,1,0,0.0,0.04681368244206979
2337,stimulus,46,6,3,0,0,-1.0,-1.0,1,0,1,0,0.0,0.04681368244206979
2338,stimulus,46,7,3,0,0,-1.0,-1.0,1,0,1,0,0.0003996291894282235,0.04681368244206979
2339,stimulus,46,3,5,1,0,-1.0,-1.0,1,0,1,0,0.0,0.04681368244206979
2340,stimulus,46,1,3,0,0,-1.0,-1.0,1,0,1,0,0.0,0.04681368244206979
2341,stimulus,46,4,5,1,1,1.0,1.0,0,nan,nan,nan,3.5658303605071113e-06,0.04681724827243029
2342,stimulus,46,6,4,0,0,-1.0,-1.0,1,1,0,0,0.0,0.04681724827243029
2343,stimulus,46,0,3,0,0,-1.0,-1.0,1,0,1,0,0.0,0.04681724827243029
2344,stimulus,46,7,3,0,0,-1.0,-1.0,1,0,1,0,0.0003996291894282235,0.04681724827243029
2345,stimulus,46,8,3,0,0,-1.0,-1.0,1,0,1,0,0.0,0.04681724827243029
2346,stimulus,46,0,3,0,0,-1.0,-1.0,1,0,1,0,0.0,0.04681724827243029
2347,stimulus,46,1,5,1,0,-1.0,-1.0,1,0,1,0,0.0,0.04681724827243029
2348,stimulus,46,6,3,0,0,-1.0,-1.0,1,0,1,0,0.0,0.04681724827243029
2349,stimulus,46,1,3,0,0,-1.0,-1.0,1,0,1,0,0.0,0.04681724827243029
2350,stimulus,46,5,5,1,1,1.0,1.0,0,nan,nan,nan,0.0,0.04681724827243029
2351,stimulus,46,0,6,1,0,-1.0,-1.0,1,1,0,0,0.0,0.04681724827243029
2352,stimulus,46,8,3,0,0,-1.0,-1.0,1,0,1,0,0.0,0.04681724827243029
2353,stimulus,46,8,5,1,0,-1.0,-1.0,1,0,1,0,0.0,0.04681724827243029
2354,stimulus,46,2,5,1,0,-1.0,-1.0,1,0,1,0,0.0003996291894282235,0.04681724827243029
2355,stimulus,46,0,3,0,0,-1.0,-1.0,1,0,1,0,0.0,0.04681724827243029
2356,stimulus,46,6,3,0,0,-1.0,-1.0,1,0,1,0,0.0,0.04681724827243029
2357,stimulus,46,4,5,1,1,1.0,1.0,0,nan,nan,nan,1.692224964866911e-06,0.04681555604746543
2358,stimulus,46,7,4,0,0,-1.0,-1.0,1,1,0,0,0.0,0.04681555604746543
2359,stimulus,46,7,3,0,0,-1.0,-1.0,1,0,1,0,0.0003996291894282235,0.04681555604746543
2360,stimulus,46,3,3,0,1,1.0,1.0,0,nan,nan,nan,0.0,0.04681555604746543
2361,stimulus,46,3,4,1,1,1.0,1.0,0,nan,nan,nan,1.692224964866911e-06,0.046813863822500565
2362,stimulus,46,1,5,1,0,-1.0,-1.0,1,2,0,0,0.0,0.046813863822500565
2363,stimulus,46,5,5,1,1,1.0,1.0,0,nan,nan,nan,0.0,0.046813863822500565
2364,stimulus,46,8,4,0,0,-1.0,-1.0,1,1,0,0,0.0003996291894282235,0.046813863822500565
2365,stimulus,46,1,3,0,0,-1.0,-1.0,1,0,1,0,0.0,0.046813863822500565
2366,stimulus,46,8,5,1,0,-1.0,-1.0,1,0,1,0,0.0,0.046813863822500565
2367,stimulus,46,1,5,1,0,-1.0,-1.0,1,0,1,0,0.0,0.046813863822500565
2368,stimulus,46,5,5,1,1,1.0,1.0,0,nan,nan,nan,0.0,0.046813863822500565
2369,stimulus,46,3,6,1,0,-1.0,-1.0,1,1,0,0,0.0003996291894282235,0.046813863822500565
2370,stimulus,46,4,5,1,1,1.0,1.0,0,nan,nan,nan,3.5658303605071113e-06,0.04681742965286107
2371,stimulus,46,1,6,1,0,-1.0,-1.0,1,1,0,0,0.0,0.04681742965286107
2372,stimulus,46,8,5,1,0,-1.0,-1.0,1,0,1,0,0.0,0.04681742965286107
2373,stimulus,46,8,3,0,0,-1.0,-1.0,1,0,1,0,0.0,0.04681742965286107
2374,stimulus,46,7,3,0,0,-1.0,-1.0,1,0,1,0,0.0003996291894282235,0.04681742965286107
2375,stimulus,46,3,3,0,1,1.0,1.0,0,nan,nan,nan,0.0,0.04681742965286107
2376,stimulus,46,2,2,0,1,1.0,1.0,0,nan,nan,nan,0.0,0.04681742965286107
2377,stimulus,46,3,3,1,1,1.0,1.0,0,nan,nan,nan,0.0,0.04681742965286107
2378,stimulus,46,0,4,1,0,-1.0,-1.0,1,3,0,1,0.0,0.04681742965286107
2379,stimulus,46,6,5,1,1,1.0,1.0,0,nan,nan,nan,0.0,0.04681742965286107
2380,stimulus,46,7,4,0,0,-1.0,-1.0,1,1,0,0,0.0,0.04681742965286107
2381,stimulus,46,8,3,0,0,-1.0,-1.0,1,0,1,0,0.0,0.04681742965286107
2382,stimulus,46,0,3,0,0,-1.0,-1.0,1,0,1,0,0.0,0.04681742965286107
2383,stimulus,46,6,5,1,1,1.0,1.0,0,nan,nan,nan,0.0,0.04681742965286107
2384,stimulus,46,1,4,0,0,-1.0,-1.0,1,1,0,0,0.0,0.04681742965286107
2385,stimulus,46,3,5,1,0,-1.0,-1.0,1,0,1,0,0.0,0.04681742965286107
2386,stimulus,46,6,5,1,1,1.0,1.0,0,nan,nan,nan,0.0,0.04681742965286107
2387,stimulus,46,4,6,1,0,-1.0,-1.0,1,1,0,0,0.0,0.04681742965286107
2388,stimulus,46,8,3,0,0,-1.0,-1.0,1,0,1,0,0.0,0.04681742965286107
2389,stimulus,46,6,5,1,1,1.0,1.0,0,nan,nan,nan,0.0,0.04681742965286107
2390,stimulus,46,1,4,0,0,-1.0,-1.0,1,1,0,0,0.0,0.04681742965286107
2391,stimulus,46,5,5,1,1,1.0,1.0,0,nan,nan,nan,0.0,0.04681742965286107
2392,stimulus,46,3,6,1,0,-1.0,-1.0,1,1,0,0,0.0003996291894282235,0.04681742965286107
2393,stimulus,46,7,3,0,0,-1.0,-1.0,1,0,1,0,0.0003996291894282235,0.04681742965286107
2394,stimulus,46,6,3,0,0,-1.0,-1.0,1,0,1,0,0.0,0.04681742965286107
2395,stimulus,46,4,5,1,1,1.0,1.0,0,nan,nan,nan,1.692224964866911e-06,0.0468157374278962
2396,stimulus,46,4,6,1,0,-1.0,-1.0,1,1,0,0,0.0,0.0468157374278962
2397,stimulus,46,4,3,0,1,1.0,1.0,0,nan,nan,nan,1.692224964866911e-06,0.04681404520293134
2398,stimulus,46,0,2,0,0,-1.0,-1.0,1,1,0,0,0.0,0.04681404520293134
2399,stimulus,46,0,5,1,0,-1.0,-1.0,1,0,1,0,0.0,0.04681404520293134
2400,stimulus,46,5,3,0,0,-1.0,-1.0,1,0,1,0,0.0,0.04681404520293134
2401,stimulus,46,8,3,0,0,-1.0,-1.0,1,0,1,0,0.0,0.04681404520293134
2402,stimulus,46,3,3,0,1,1.0,1.0,0,nan,nan,nan,0.0,0.04681404520293134
2403,stimulus,46,6,2,0,0,-1.0,-1.0,1,1,0,0,0.0003996291894282235,0.04681404520293134
2404,stimulus,46,0,5,1,0,-1.0,-1.0,1,0,1,0,0.0,0.04681404520293134
2405,stimulus,46,2,5,1,0,-1.0,-1.0,1,0,1,0,0.0003996291894282235,0.04681404520293134
2406,stimulus,46,8,3,0,0,-1.0,-1.0,1,0,1,0,0.0,0.04681404520293134
2407,stimulus,46,6,5,1,1,1.0,1.0,0,nan,nan,nan,0.0,0.04681404520293134
2408,stimulus,46,7,6,1,1,1.0,1.0,0,nan,nan,nan,0.0,0.04681404520293134
2409,stimulus,46,7,5,0,0,-1.0,-1.0,1,2,0,0,0.0,0.04681404520293134
2410,stimulus,46,4,5,1,1,1.0,1.0,0,nan,nan,nan,3.5658303605071113e-06,0.046817611033291844
2411,stimulus,46,3,6,1,0,-1.0,-1.0,1,1,0,0,0.0003996291894282235,0.046817611033291844
2412,stimulus,46,6,5,1,1,1.0,1.0,0,nan,nan,nan,0.0,0.046817611033291844
2413,stimulus,46,5,6,1,1,1.0,1.0,0,nan,nan,nan,1.692224964866911e-06,0.04681591880832697
2414,stimulus,46,8,5,0,0,-1.0,-1.0,1,2,0,0,0.0,0.04681591880832697
2415,stimulus,46,0,3,0,0,-1.0,-1.0,1,0,1,0,0.0,0.04681591880832697
2416,stimulus,46,0,5,1,0,-1.0,-1.0,1,0,1,0,0.0,0.04681591880832697
2417,stimulus,46,7,3,0,0,-1.0,-1.0,1,0,1,0,0.0003996291894282235,0.04681591880832697
2418,stimulus,46,4,5,1,1,1.0,1.0,0,nan,nan,nan,1.692224964866911e-06,0.04681422658336211
2419,stimulus,46,0,6,1,0,-1.0,-1.0,1,1,0,0,0.0,0.04681422658336211
2420,stimulus,46,5,3,0,0,-1.0,-1.0,1,0,1,0,0.0,0.04681422658336211
2421,stimulus,46,2,5,1,0,-1.0,-1.0,1,0,1,0,0.0003996291894282235,0.04681422658336211
2422,stimulus,46,3,3,0,1,1.0,1.0,0,nan,nan,nan,0.0,0.04681422658336211
2423,stimulus,46,1,4,1,0,-1.0,-1.0,1,1,0,0,0.0003996291894282235,0.04681422658336211
2424,stimulus,46,5,3,0,0,-1.0,-1.0,1,0,1,0,0.0,0.04681422658336211
2425,stimulus,46,2,5,1,0,-1.0,-1.0,1,0,1,0,0.0003996291894282235,0.04681422658336211
2426,stimulus,46,7,3,0,0,-1.0,-1.0,1,0,1,0,0.0003996291894282235,0.04681422658336211
2427,stimulus,46,3,5,1,0,-1.0,-1.0,1,0,1,0,0.0,0.04681422658336211
2428,stimulus,46,8,5,1,0,-1.0,-1.0,1,0,1,0,0.0,0.04681422658336211
2429,stimulus,46,3,5,1,0,-1.0,-1.0,1,0,1,0,0.0,0.04681422658336211
2430,stimulus,46,3,5,1,0,-1.0,-1.0,1,0,1,0,0.0,0.04681422658336211
2431,stimulus,46,8,3,0,0,-1.0,-1.0,1,0,1,0,0.0,0.04681422658336211
2432,stimulus,46,6,5,1,1,1.0,1.0,0,nan,nan,nan,0.0,0.04681422658336211
2433,stimulus,46,5,6,1,1,1.0,1.0,0,nan,nan,nan,3.5658303605071113e-06,0.046817792413722616
2434,stimulus,46,7,5,0,0,-1.0,-1.0,1,2,0,0,0.0,0.046817792413722616
2435,stimulus,46,5,3,0,0,-1.0,-1.0,1,0,1,0,0.0,0.046817792413722616
2436,stimulus,46,2,5,1,0,-1.0,-1.0,1,0,1,0,0.0003996291894282235,0.046817792413722616
2437,stimulus,46,4,5,1,1,1.0,1.0,0,nan,nan,nan,1.692224964866911e-06,0.046816100188757745
2438,stimulus,46,6,6,1,1,1.0,1.0,0,nan,nan,nan,0.0,0.046816100188757745
2439,stimulus,46,1,5,0,0,-1.0,-1.0,1,2,0,0,0.0,0.046816100188757745
2440,stimulus,46,5,3,0,0,-1.0,-1.0,1,0,1,0,0.0,0.046816100188757745
2441,stimulus,46,0,3,0,0,-1.0,-1.0,1,0,1,0,0.0,0.046816100188757745
2442,stimulus,46,6,3,0,0,-1.0,-1.0,1,0,1,0,0.0,0.046816100188757745
2443,stimulus,46,6,5,1,1,1.0,1.0,0,nan,nan,nan,0.0,0.046816100188757745
2444,stimulus,46,2,6,1,0,-1.0,-1.0,1,1,0,0,0.0,0.046816100188757745
2445,stimulus,46,3,5,1,0,-1.0,-1.0,1,0,1,0,0.0,0.046816100188757745
2446,stimulus,46,1,5,1,0,-1.0,-1.0,1,0,1,0,0.0,0.046816100188757745
2447,stimulus,46,5,3,0,0,-1.0,-1.0,1,0,1,0,0.0,0.046816100188757745
2448,stimulus,46,5,5,1,1,1.0,1.0,0,nan,nan,nan,0.0,0.046816100188757745
2449,stimulus,46,6,4,0,0,-1.0,-1.0,1,1,0,0,0.0,0.046816100188757745
2450,stimulus,46,0,3,0,0,-1.0,-1.0,1,0,1,0,0.0,0.046816100188757745
2451,stimulus,46,5,3,0,0,-1.0,-1.0,1,0,1,0,0.0,0.046816100188757745
2452,stimulus,46,3,3,0,1,1.0,1.0,0,nan,nan,nan,0.0,0.046816100188757745
2453,stimulus,46,7,4,1,0,-1.0,-1.0,1,1,0,0,0.0,0.046816100188757745
2454,stimulus,46,6,3,0,0,-1.0,-1.0,1,0,1,0,0.0,0.046816100188757745
2455,stimulus,46,3,3,0,1,1.0,1.0,0,nan,nan,nan,0.0,0.046816100188757745
2456,stimulus,46,7,4,1,0,-1.0,-1.0,1,1,0,0,0.0,0.046816100188757745
2457,stimulus,46,4,5,1,1,1.0,1.0,0,nan,nan,nan,1.692224964866911e-06,0.04681440796379288
2458,stimulus,46,2,4,0,0,-1.0,-1.0,1,1,0,0,0.0,0.04681440796379288
2459,stimulus,46,3,3,0,1,1.0,1.0,0,nan,nan,nan,0.0,0.04681440796379288
2460,stimulus,46,0,4,1,0,-1.0,-1.0,1,1,0,0,0.0,0.04681440796379288
2461,stimulus,46,6,3,0,0,-1.0,-1.0,1,0,1,0,0.0,0.04681440796379288
2462,stimulus,46,5,5,1,1,1.0,1.0,0,nan,nan,nan,0.0,0.04681440796379288
2463,stimulus,46,3,6,1,0,-1.0,-1.0,1,1,0,0,0.0003996291894282235,0.04681440796379288
2464,stimulus,46,3,3,0,1,1.0,1.0,0,nan,nan,nan,0.0,0.04681440796379288
2465,stimulus,46,5,2,0,0,-1.0,-1.0,1,1,0,0,0.0,0.04681440796379288
2466,stimulus,46,8,5,1,0,-1.0,-1.0,1,0,1,0,0.0,0.04681440796379288
2467,stimulus,46,1,5,1,0,-1.0,-1.0,1,0,1,0,0.0,0.04681440796379288
2468,stimulus,46,7,3,0,0,-1.0,-1.0,1,0,1,0,0.0003996291894282235,0.04681440796379288
2469,stimulus,46,3,3,0,1,1.0,1.0,0,nan,nan,nan,0.0,0.04681440796379288
2470,stimulus,46,6,2,0,0,-1.0,-1.0,1,1,0,0,0.0003996291894282235,0.04681440796379288
2471,stimulus,46,0,3,0,0,-1.0,-1.0,1,0,1,0,0.0,0.04681440796379288
2472,stimulus,46,1,3,0,0,-1.0,-1.0,1,0,1,0,0.0,0.04681440796379288
2473,stimulus,46,7,3,0,0,-1.0,-1.0,1,0,1,0,0.0003996291894282235,0.04681440796379288
2474,stimulus,46,3,3,0,1,1.0,1.0,0,nan,nan,nan,0.0,0.04681440796379288
2475,stimulus,46,8,2,0,0,-1.0,-1.0,1,1,0,0,0.00022770650973203587,0.047042114473524924
2476,stimulus,46,0,5,1,0,-1.0,-1.0,1,0,1,0,0.0,0.047042114473524924
2477,stimulus,46,2,5,1,0,-1.0,-1.0,1,0,1,0,0.0003996291894282235,0.047042114473524924
2478,stimulus,46,3,3,0,1,1.0,1.0,0,nan,nan,nan,0.0,0.047042114473524924
2479,stimulus,46,6,2,0,0,-1.0,-1.0,1,1,0,0,0.0003996291894282235,0.047042114473524924
2480,stimulus,46,7,3,0,0,-1.0,-1.0,1,0,1,0,0.0003996291894282235,0.047042114473524924
2481,stimulus,46,6,5,1,1,1.0,1.0,0,nan,nan,nan,0.0,0.047042114473524924
2482,stimulus,46,6,6,1,1,1.0,1.0,0,nan,nan,nan,0.0,0.047042114473524924
2483,stimulus,46,0,7,1,0,-1.0,-1.0,1,2,0,0,0.0,0.047042114473524924
2484,stimulus,46,0,3,0,0,-1.0,-1.0,1,0,1,0,0.0,0.047042114473524924
2485,stimulus,46,8,5,1,0,-1.0,-1.0,1,0,1,0,0.0,0.047042114473524924
2486,stimulus,46,3,3,0,1,1.0,1.0,0,nan,nan,nan,0.0,0.047042114473524924
2487,stimulus,46,3,4,1,1,1.0,1.0,0,nan,nan,nan,3.5658303605071113e-06,0.04704568030388543
2488,stimulus,46,6,5,1,1,1.0,1.0,0,nan,nan,nan,0.0,0.04704568030388543
2489,stimulus,46,6,4,0,0,-1.0,-1.0,1,3,0,1,0.0,0.04704568030388543
2490,stimulus,46,7,3,0,0,-1.0,-1.0,1,0,1,0,0.0003996291894282235,0.04704568030388543
2491,stimulus,46,1,3,0,0,-1.0,-1.0,1,0,1,0,0.0,0.04704568030388543
2492,stimulus,46,2,5,1,0,-1.0,-1.0,1,0,1,0,0.0003996291894282235,0.04704568030388543
2493,stimulus,46,3,5,1,0,-1.0,-1.0,1,0,1,0,0.0,0.04704568030388543
2494,stimulus,46,0,5,1,0,-1.0,-1.0,1,0,1,0,0.0,0.04704568030388543
2495,stimulus,46,4,5,1,1,1.0,1.0,0,nan,nan,nan,1.692224964866911e-06,0.04704398807892056
2496,stimulus,46,8,4,0,0,-1.0,-1.0,1,1,0,0,0.0003996291894282235,0.04704398807892056
2497,stimulus,46,6,5,1,1,1.0,1.0,0,nan,nan,nan,0.0,0.04704398807892056
2498,stimulus,46,0,6,1,0,-1.0,-1.0,1,1,0,0,0.0,0.04704398807892056
2499,stimulus,46,5,3,0,0,-1.0,-1.0,1,0,1,0,0.0,0.04704398807892056
2500,stimulus,46,0,5,1,0,-1.0,-1.0,1,0,1,0,0.0,0.04704398807892056
2501,stimulus,46,8,3,0,0,-1.0,-1.0,1,0,1,0,0.0,0.04704398807892056
2502,stimulus,46,7,3,0,0,-1.0,-1.0,1,0,1,0,0.0003996291894282235,0.04704398807892056
2503,stimulus,46,7,3,0,0,-1.0,-1.0,1,0,1,0,0.0003996291894282235,0.04704398807892056
2504,stimulus,46,6,5,1,1,1.0,1.0,0,nan,nan,nan,0.0,0.04704398807892056
2505,stimulus,46,2,6,1,0,-1.0,-1.0,1,1,0,0,0.0,0.04704398807892056
2506,stimulus,46,7,3,0,0,-1.0,-1.0,1,0,1,0,0.0003996291894282235,0.04704398807892056
2507,stimulus,46,8,5,1,0,-1.0,-1.0,1,0,1,0,0.0,0.04704398807892056
2508,stimulus,46,2,5,1,0,-1.0,-1.0,1,0,1,0,0.0003996291894282235,0.04704398807892056
2509,stimulus,46,5,5,1,1,1.0,1.0,0,nan,nan,nan,0.0,0.04704398807892056
2510,stimulus,46,7,4,0,0,-1.0,-1.0,1,1,0,0,0.0,0.04704398807892056
2511,stimulus,46,2,5,1,0,-1.0,-1.0,1,0,1,0,0.0003996291894282235,0.04704398807892056
2512,stimulus,46,1,3,0,0,-1.0,-1.0,1,0,1,0,0.0,0.04704398807892056
2513,stimulus,46,5,3,0,0,-1.0,-1.0,1,0,1,0,0.0,0.04704398807892056
2514,stimulus,46,1,5,1,0,-1.0,-1.0,1,0,1,0,0.0,0.04704398807892056
2515,stimulus,46,0,5,1,0,-1.0,-1.0,1,0,1,0,0.0,0.04704398807892056
2516,stimulus,46,8,3,0,0,-1.0,-1.0,1,0,1,0,0.0,0.04704398807892056
2517,stimulus,46,4,5,1,1,1.0,1.0,0,nan,nan,nan,1.692224964866911e-06,0.047042295853955696
2518,stimulus,46,0,6,1,0,-1.0,-1.0,1,1,0,0,0.0,0.047042295853955696
2519,stimulus,46,8,5,1,0,-1.0,-1.0,1,0,1,0,0.0,0.047042295853955696
2520,stimulus,46,6,3,0,0,-1.0,-1.0,1,0,1,0,0.0,0.047042295853955696
2521,stimulus,46,6,5,1,1,1.0,1.0,0,nan,nan,nan,0.0,0.047042295853955696
2522,stimulus,46,6,4,0,0,-1.0,-1.0,1,1,0,0,0.0,0.047042295853955696
2523,stimulus,46,3,3,0,1,1.0,1.0,0,nan,nan,nan,0.0,0.047042295853955696
2524,stimulus,46,7,4,1,0,-1.0,-1.0,1,1,0,0,0.0,0.047042295853955696
2525,stimulus,46,4,5,1,1,1.0,1.0,0,nan,nan,nan,1.692224964866911e-06,0.04704060362899083
2526,stimulus,46,1,4,0,0,-1.0,-1.0,1,1,0,0,0.0,0.04704060362899083
2527,stimulus,46,7,3,0,0,-1.0,-1.0,1,0,1,0,0.0003996291894282235,0.04704060362899083
2528,stimulus,46,8,3,0,0,-1.0,-1.0,1,0,1,0,0.0,0.04704060362899083
2529,stimulus,46,2,5,1,0,-1.0,-1.0,1,0,1,0,0.0003996291894282235,0.04704060362899083
2530,stimulus,46,2,5,1,0,-1.0,-1.0,1,0,1,0,0.0003996291894282235,0.04704060362899083
2531,stimulus,46,8,5,1,0,-1.0,-1.0,1,0,1,0,0.0,0.04704060362899083
2532,stimulus,46,3,3,0,1,1.0,1.0,0,nan,nan,nan,0.0,0.04704060362899083
2533,stimulus,46,8,2,0,0,-1.0,-1.0,1,1,0,0,0.0002591878498819694,0.047299791478872796
2534,stimulus,46,8,5,1,0,-1.0,-1.0,1,0,1,0,0.0,0.047299791478872796
2535,stimulus,46,3,3,0,1,1.0,1.0,0,nan,nan,nan,0.0,0.047299791478872796
2536,stimulus,46,4,2,0,0,-1.0,-1.0,1,1,0,0,0.0,0.047299791478872796
2537,stimulus,46,6,5,1,1,1.0,1.0,0,nan,nan,nan,0.0,0.047299791478872796
2538,stimulus,46,1,6,1,0,-1.0,-1.0,1,1,0,0,0.0,0.047299791478872796
2539,stimulus,46,7,3,0,0,-1.0,-1.0,1,0,1,0,0.0003996291894282235,0.047299791478872796
2540,stimulus,46,1,3,0,0,-1.0,-1.0,1,0,1,0,0.0,0.047299791478872796
2541,stimulus,46,7,3,0,0,-1.0,-1.0,1,0,1,0,0.0003996291894282235,0.047299791478872796
2542,stimulus,46,0,5,1,0,-1.0,-1.0,1,0,1,0,0.0,0.047299791478872796
2543,stimulus,46,5,3,0,0,-1.0,-1.0,1,0,1,0,0.0,0.047299791478872796
2544,stimulus,46,4,5,1,1,1.0,1.0,0,nan,nan,nan,3.5658303605071113e-06,0.0473033573092333
2545,stimulus,46,4,6,1,0,-1.0,-1.0,1,1,0,0,0.0,0.0473033573092333
2546,stimulus,46,4,5,1,1,1.0,1.0,0,nan,nan,nan,1.692224964866911e-06,0.04730166508426843
2547,stimulus,46,0,6,1,0,-1.0,-1.0,1,1,0,0,0.0,0.04730166508426843
2548,stimulus,46,1,5,1,0,-1.0,-1.0,1,0,1,0,0.0,0.04730166508426843
2549,stimulus,46,1,5,1,0,-1.0,-1.0,1,0,1,0,0.0,0.04730166508426843
2550,stimulus,46,2,5,1,0,-1.0,-1.0,1,0,1,0,0.0003996291894282235,0.04730166508426843
2551,stimulus,46,4,5,1,1,1.0,1.0,0,nan,nan,nan,1.692224964866911e-06,0.04729997285930357
2552,stimulus,46,5,6,1,1,1.0,1.0,0,nan,nan,nan,3.5658303605071113e-06,0.04730353868966407
2553,stimulus,46,6,7,1,1,1.0,1.0,0,nan,nan,nan,1.692224964866911e-06,0.047301846464699204
2554,stimulus,46,0,6,0,0,-1.0,-1.0,1,3,0,1,0.0,0.047301846464699204
2555,stimulus,46,0,5,1,0,-1.0,-1.0,1,0,1,0,0.0,0.047301846464699204
2556,stimulus,46,0,5,1,0,-1.0,-1.0,1,0,1,0,0.0,0.047301846464699204
2557,stimulus,46,4,5,1,1,1.0,1.0,0,nan,nan,nan,1.692224964866911e-06,0.04730015423973434
2558,stimulus,46,1,4,0,0,-1.0,-1.0,1,1,0,0,0.0,0.04730015423973434
2559,stimulus,46,0,5,1,0,-1.0,-1.0,1,0,1,0,0.0,0.04730015423973434
2560,stimulus,46,1,3,0,0,-1.0,-1.0,1,0,1,0,0.0,0.04730015423973434
2561,stimulus,46,4,5,1,1,1.0,1.0,0,nan,nan,nan,3.5658303605071113e-06,0.04730372007009485
2562,stimulus,46,5,6,1,1,1.0,1.0,0,nan,nan,nan,1.692224964866911e-06,0.047302027845129976
2563,stimulus,46,6,7,1,1,1.0,1.0,0,nan,nan,nan,1.692224964866911e-06,0.04730033562016511
2564,stimulus,46,7,8,1,1,1.0,1.0,0,nan,nan,nan,3.5658303605071113e-06,0.04730390145052562
2565,stimulus,46,0,7,0,0,-1.0,-1.0,1,4,0,1,0.0,0.04730390145052562
2566,stimulus,46,5,5,1,1,1.0,1.0,0,nan,nan,nan,0.0,0.04730390145052562
2567,stimulus,46,2,4,0,0,-1.0,-1.0,1,1,0,0,0.0,0.04730390145052562
2568,stimulus,46,4,5,1,1,1.0,1.0,0,nan,nan,nan,1.692224964866911e-06,0.047302209225560755
2569,stimulus,46,1,6,1,0,-1.0,-1.0,1,1,0,0,0.0,0.047302209225560755
2570,stimulus,46,3,5,1,0,-1.0,-1.0,1,0,1,0,0.0,0.047302209225560755
2571,stimulus,46,1,5,1,0,-1.0,-1.0,1,0,1,0,0.0,0.047302209225560755
2572,stimulus,46,8,3,0,0,-1.0,-1.0,1,0,1,0,0.0,0.047302209225560755
2573,stimulus,46,6,5,1,1,1.0,1.0,0,nan,nan,nan,0.0,0.047302209225560755
2574,stimulus,46,1,6,1,0,-1.0,-1.0,1,1,0,0,0.0,0.047302209225560755
2575,stimulus,46,5,3,0,0,-1.0,-1.0,1,0,1,0,0.0,0.047302209225560755
2576,stimulus,46,6,5,1,1,1.0,1.0,0,nan,nan,nan,0.0,0.047302209225560755
2577,stimulus,46,4,6,1,0,-1.0,-1.0,1,1,0,0,0.0,0.047302209225560755
2578,stimulus,46,1,5,1,0,-1.0,-1.0,1,0,1,0,0.0,0.047302209225560755
2579,stimulus,46,6,5,1,1,1.0,1.0,0,nan,nan,nan,0.0,0.047302209225560755
2580,stimulus,46,7,6,1,1,1.0,1.0,0,nan,nan,nan,0.0,0.047302209225560755
2581,stimulus,46,2,5,0,0,-1.0,-1.0,1,2,0,0,0.0,0.047302209225560755
2582,stimulus,46,1,3,0,0,-1.0,-1.0,1,0,1,0,0.0,0.047302209225560755
2583,stimulus,46,4,5,1,1,1.0,1.0,0,nan,nan,nan,1.692224964866911e-06,0.047300517000595885
2584,stimulus,46,3,6,1,0,-1.0,-1.0,1,1,0,0,0.0003996291894282235,0.047300517000595885
2585,stimulus,46,0,3,0,0,-1.0,-1.0,1,0,1,0,0.0,0.047300517000595885
2586,stimulus,46,8,3,0,0,-1.0,-1.0,1,0,1,0,0.0,0.047300517000595885
2587,stimulus,46,7,3,0,0,-1.0,-1.0,1,0,1,0,0.0003996291894282235,0.047300517000595885
2588,stimulus,46,8,5,1,0,-1.0,-1.0,1,0,1,0,0.0,0.047300517000595885
2589,stimulus,46,7,3,0,0,-1.0,-1.0,1,0,1,0,0.0003996291894282235,0.047300517000595885
2590,stimulus,46,6,3,0,0,-1.0,-1.0,1,0,1,0,0.0,0.047300517000595885
2591,stimulus,46,7,3,0,0,-1.0,-1.0,1,0,1,0,0.0003996291894282235,0.047300517000595885
2592,stimulus,46,6,3,0,0,-1.0,-1.0,1,0,1,0,0.0,0.047300517000595885
2593,stimulus,46,2,5,1,0,-1.0,-1.0,1,0,1,0,0.0003996291894282235,0.047300517000595885
2594,stimulus,46,0,5,1,0,-1.0,-1.0,1,0,1,0,0.0,0.047300517000595885
2595,stimulus,46,1,5,1,0,-1.0,-1.0,1,0,1,0,0.0,0.047300517000595885
2596,stimulus,46,5,5,1,1,1.0,1.0,0,nan,nan,nan,0.0,0.047300517000595885
2597,stimulus,46,2,4,0,0,-1.0,-1.0,1,1,0,0,0.0,0.047300517000595885
2598,stimulus,46,6,3,0,0,-1.0,-1.0,1,0,1,0,0.0,0.047300517000595885
2599,stimulus,46,0,5,1,0,-1.0,-1.0,1,0,1,0,0.0,0.047300517000595885
2600,stimulus,46,8,5,1,0,-1.0,-1.0,1,0,1,0,0.0,0.047300517000595885
2601,stimulus,46,7,3,0,0,-1.0,-1.0,1,0,1,0,0.0003996291894282235,0.047300517000595885
2602,stimulus,46,3,3,0,1,1.0,1.0,0,nan,nan,nan,0.0,0.047300517000595885
2603,stimulus,46,6,2,0,0,-1.0,-1.0,1,1,0,0,0.0003996291894282235,0.047300517000595885
2604,stimulus,46,0,5,1,0,-1.0,-1.0,1,0,1,0,0.0,0.047300517000595885
2605,stimulus,46,6,3,0,0,-1.0,-1.0,1,0,1,0,0.0,0.047300517000595885
2606,stimulus,46,6,3,0,0,-1.0,-1.0,1,0,1,0,0.0,0.047300517000595885
2607,stimulus,46,2,5,1,0,-1.0,-1.0,1,0,1,0,0.0003996291894282235,0.047300517000595885
2608,stimulus,46,4,5,1,1,1.0,1.0,0,nan,nan,nan,3.5658303605071113e-06,0.0473040828309564
2609,stimulus,46,8,4,0,0,-1.0,-1.0,1,1,0,0,0.0003996291894282235,0.0473040828309564
2610,stimulus,46,0,5,1,0,-1.0,-1.0,1,0,1,0,0.0,0.0473040828309564
2611,stimulus,46,2,5,1,0,-1.0,-1.0,1,0,1,0,0.0003996291894282235,0.0473040828309564
2612,stimulus,46,0,5,1,0,-1.0,-1.0,1,0,1,0,0.0,0.0473040828309564
2613,stimulus,46,1,3,0,0,-1.0,-1.0,1,0,1,0,0.0,0.0473040828309564
2614,stimulus,46,2,3,0,1,1.0,1.0,0,nan,nan,nan,0.0003996291894282235,0.04690445364152818
2615,stimulus,46,6,2,0,0,-1.0,-1.0,1,1,0,0,0.0003996291894282235,0.04690445364152818
2616,stimulus,46,7,3,0,0,-1.0,-1.0,1,0,1,0,0.0003996291894282235,0.04690445364152818
2617,stimulus,46,6,5,1,1,1.0,1.0,0,nan,nan,nan,0.0,0.04690445364152818
2618,stimulus,46,6,4,0,0,-1.0,-1.0,1,1,0,0,0.0,0.04690445364152818
2619,stimulus,46,7,3,0,0,-1.0,-1.0,1,0,1,0,0.0003996291894282235,0.04690445364152818
2620,stimulus,46,2,5,1,0,-1.0,-1.0,1,0,1,0,0.0003996291894282235,0.0473040828309564
2621,stimulus,46,7,3,0,0,-1.0,-1.0,1,0,1,0,0.0003996291894282235,0.0473040828309564
2622,stimulus,46,4,5,1,1,1.0,1.0,0,nan,nan,nan,1.692224964866911e-06,0.04730239060599153
2623,stimulus,46,8,4,0,0,-1.0,-1.0,1,1,0,0,0.0003996291894282235,0.04730239060599153
2624,stimulus,46,5,5,1,1,1.0,1.0,0,nan,nan,nan,0.0,0.04730239060599153
2625,stimulus,46,6,4,0,0,-1.0,-1.0,1,1,0,0,0.0,0.04730239060599153
2626,stimulus,46,8,3,0,0,-1.0,-1.0,1,0,1,0,0.0,0.04730239060599153
2627,stimulus,46,0,3,0,0,-1.0,-1.0,1,0,1,0,0.0,0.04730239060599153
2628,stimulus,46,5,3,0,0,-1.0,-1.0,1,0,1,0,0.0,0.04730239060599153
2629,stimulus,46,1,5,1,0,-1.0,-1.0,1,0,1,0,0.0,0.04730239060599153
2630,stimulus,46,4,5,1,1,1.0,1.0,0,nan,nan,nan,1.692224964866911e-06,0.047300698381026664
2631,stimulus,46,8,4,0,0,-1.0,-1.0,1,1,0,0,0.0003996291894282235,0.047300698381026664
2632,stimulus,46,4,5,1,1,1.0,1.0,0,nan,nan,nan,3.5658303605071113e-06,0.04730426421138717
2633,stimulus,46,2,4,0,0,-1.0,-1.0,1,1,0,0,0.0,0.04730426421138717
2634,stimulus,46,4,5,1,1,1.0,1.0,0,nan,nan,nan,1.692224964866911e-06,0.04730257198642231
2635,stimulus,46,5,6,1,1,1.0,1.0,0,nan,nan,nan,1.692224964866911e-06,0.047300879761457436
2636,stimulus,46,3,7,1,0,-1.0,-1.0,1,2,0,0,0.0,0.047300879761457436
2637,stimulus,46,6,5,1,1,1.0,1.0,0,nan,nan,nan,0.0,0.047300879761457436
2638,stimulus,46,0,6,1,0,-1.0,-1.0,1,1,0,0,0.0,0.047300879761457436
2639,stimulus,46,8,3,0,0,-1.0,-1.0,1,0,1,0,0.0,0.047300879761457436
2640,stimulus,46,4,5,1,1,1.0,1.0,0,nan,nan,nan,3.5658303605071113e-06,0.04730444559181794
2641,stimulus,46,7,6,1,1,1.0,1.0,0,nan,nan,nan,0.0,0.04730444559181794
2642,stimulus,46,8,7,1,1,1.0,1.0,0,nan,nan,nan,0.0,0.04730444559181794
2643,stimulus,46,3,6,0,0,-1.0,-1.0,1,3,0,1,0.0,0.04730444559181794
2644,stimulus,46,8,3,0,0,-1.0,-1.0,1,0,1,0,0.0,0.04730444559181794
2645,stimulus,46,5,5,1,1,1.0,1.0,0,nan,nan,nan,0.0,0.04730444559181794
2646,stimulus,46,0,6,1,0,-1.0,-1.0,1,1,0,0,0.0,0.04730444559181794
2647,stimulus,46,6,3,0,0,-1.0,-1.0,1,0,1,0,0.0,0.04730444559181794
2648,stimulus,46,0,3,0,0,-1.0,-1.0,1,0,1,0,0.0,0.04730444559181794
2649,stimulus,46,2,3,0,1,1.0,1.0,0,nan,nan,nan,0.0003996291894282235,0.04690481640238973
2650,stimulus,46,5,2,0,0,-1.0,-1.0,1,1,0,0,0.0,0.04690481640238973
2651,stimulus,46,8,5,1,0,-1.0,-1.0,1,0,1,0,0.0,0.04690481640238973
2652,stimulus,46,8,5,1,0,-1.0,-1.0,1,0,1,0,0.0,0.04690481640238973
2653,stimulus,46,7,3,0,0,-1.0,-1.0,1,0,1,0,0.0003996291894282235,0.04690481640238973
2654,stimulus,46,1,3,0,0,-1.0,-1.0,1,0,1,0,0.0,0.04690481640238973
2655,stimulus,46,8,5,1,0,-1.0,-1.0,1,0,1,0,0.0,0.04690481640238973
2656,stimulus,46,2,5,1,0,-1.0,-1.0,1,0,1,0,0.0003996291894282235,0.04730444559181794
2657,stimulus,46,6,5,1,1,1.0,1.0,0,nan,nan,nan,0.0,0.04730444559181794
2658,stimulus,46,8,6,1,0,-1.0,-1.0,1,1,0,0,0.0003996291894282235,0.04730444559181794
2659,stimulus,46,6,3,0,0,-1.0,-1.0,1,0,1,0,0.0,0.04730444559181794
2660,stimulus,46,8,3,0,0,-1.0,-1.0,1,0,1,0,0.0,0.04730444559181794
2661,stimulus,46,1,5,1,0,-1.0,-1.0,1,0,1,0,0.0,0.04730444559181794
2662,stimulus,46,4,5,1,1,1.0,1.0,0,nan,nan,nan,1.692224964866911e-06,0.04730275336685308
2663,stimulus,46,3,6,1,0,-1.0,-1.0,1,1,0,0,0.0003996291894282235,0.04730275336685308
2664,stimulus,46,3,3,0,1,1.0,1.0,0,nan,nan,nan,0.0,0.04730275336685308
2665,stimulus,46,5,4,1,1,1.0,1.0,0,nan,nan,nan,0.0,0.04730275336685308
2666,stimulus,46,3,5,1,0,-1.0,-1.0,1,2,0,0,0.0,0.04730275336685308
2667,stimulus,46,0,3,0,0,-1.0,-1.0,1,0,1,0,0.0,0.04730275336685308
2668,stimulus,46,4,5,1,1,1.0,1.0,0,nan,nan,nan,1.692224964866911e-06,0.04730106114188821
2669,stimulus,46,3,6,1,0,-1.0,-1.0,1,1,0,0,0.0003996291894282235,0.04730106114188821
2670,stimulus,46,7,3,0,0,-1.0,-1.0,1,0,1,0,0.0003996291894282235,0.04730106114188821
2671,stimulus,46,1,5,1,0,-1.0,-1.0,1,0,1,0,0.0,0.04730106114188821
2672,stimulus,46,2,5,1,0,-1.0,-1.0,1,0,1,0,0.0003996291894282235,0.04730106114188821
2673,stimulus,46,1,3,0,0,-1.0,-1.0,1,0,1,0,0.0,0.04730106114188821
2674,stimulus,46,8,3,0,0,-1.0,-1.0,1,0,1,0,0.0,0.04730106114188821
2675,stimulus,46,8,5,1,0,-1.0,-1.0,1,0,1,0,0.0,0.04730106114188821
2676,stimulus,46,5,5,1,1,1.0,1.0,0,nan,nan,nan,0.0,0.04730106114188821
2677,stimulus,46,8,4,0,0,-1.0,-1.0,1,1,0,0,0.0003996291894282235,0.04730106114188821
2678,stimulus,46,3,3,0,1,1.0,1.0,0,nan,nan,nan,0.0,0.04730106114188821
2679,stimulus,46,2,4,1,0,-1.0,-1.0,1,1,0,0,0.0,0.04730106114188821
2680,stimulus,46,0,5,1,0,-1.0,-1.0,1,0,1,0,0.0,0.04730106114188821
2681,stimulus,46,0,3,0,0,-1.0,-1.0,1,0,1,0,0.0,0.04730106114188821
2682,stimulus,46,5,5,1,1,1.0,1.0,0,nan,nan,nan,0.0,0.04730106114188821
2683,stimulus,46,7,6,1,1,1.0,1.0,0,nan,nan,nan,0.0,0.04730106114188821
2684,stimulus,46,2,5,0,0,-1.0,-1.0,1,2,0,0,0.0,0.04730106114188821
2685,stimulus,46,1,3,0,0,-1.0,-1.0,1,0,1,0,0.0,0.04730106114188821
2686,stimulus,46,1,3,0,0,-1.0,-1.0,1,0,1,0,0.0,0.04730106114188821
2687,stimulus,46,1,5,1,0,-1.0,-1.0,1,0,1,0,0.0,0.04730106114188821
2688,stimulus,46,7,3,0,0,-1.0,-1.0,1,0,1,0,0.0003996291894282235,0.04730106114188821
2689,stimulus,46,7,3,0,0,-1.0,-1.0,1,0,1,0,0.0003996291894282235,0.04730106114188821
2690,stimulus,46,7,3,0,0,-1.0,-1.0,1,0,1,0,0.0003996291894282235,0.04730106114188821
2691,stimulus,46,1,3,0,0,-1.0,-1.0,1,0,1,0,0.0,0.04730106114188821
2692,stimulus,46,0,5,1,0,-1.0,-1.0,1,0,1,0,0.0,0.04730106114188821
2693,stimulus,46,7,3,0,0,-1.0,-1.0,1,0,1,0,0.0003996291894282235,0.04730106114188821
2694,stimulus,46,5,5,1,1,1.0,1.0,0,nan,nan,nan,0.0,0.04730106114188821
2695,stimulus,46,1,4,0,0,-1.0,-1.0,1,1,0,0,0.0,0.04730106114188821
2696,stimulus,46,8,5,1,0,-1.0,-1.0,1,0,1,0,0.0,0.04730106114188821
2697,stimulus,46,3,5,1,0,-1.0,-1.0,1,0,1,0,0.0,0.04730106114188821
2698,stimulus,46,1,3,0,0,-1.0,-1.0,1,0,1,0,0.0,0.04730106114188821
2699,stimulus,46,4,5,1,1,1.0,1.0,0,nan,nan,nan,3.5658303605071113e-06,0.047304626972248714
2700,stimulus,46,8,4,0,0,-1.0,-1.0,1,1,0,0,0.0003996291894282235,0.047304626972248714
2701,stimulus,46,6,5,1,1,1.0,1.0,0,nan,nan,nan,0.0,0.047304626972248714
2702,stimulus,46,3,6,1,0,-1.0,-1.0,1,1,0,0,0.0003996291894282235,0.047304626972248714
2703,stimulus,46,1,3,0,0,-1.0,-1.0,1,0,1,0,0.0,0.047304626972248714
2704,stimulus,46,4,5,1,1,1.0,1.0,0,nan,nan,nan,1.692224964866911e-06,0.04730293474728385
2705,stimulus,46,5,6,1,1,1.0,1.0,0,nan,nan,nan,1.692224964866911e-06,0.04730124252231898
2706,stimulus,46,3,7,1,0,-1.0,-1.0,1,2,0,0,0.0,0.04730124252231898
2707,stimulus,46,3,3,0,1,1.0,1.0,0,nan,nan,nan,0.0,0.04730124252231898
2708,stimulus,46,8,2,0,0,-1.0,-1.0,1,1,0,0,0.0002561172186649964,0.047557359740983976
2709,stimulus,46,3,5,1,0,-1.0,-1.0,1,0,1,0,0.0,0.047557359740983976
2710,stimulus,46,8,5,1,0,-1.0,-1.0,1,0,1,0,0.0,0.047557359740983976
2711,stimulus,46,3,5,1,0,-1.0,-1.0,1,0,1,0,0.0,0.047557359740983976
2712,stimulus,46,3,3,0,1,1.0,1.0,0,nan,nan,nan,0.0,0.047557359740983976
2713,stimulus,46,7,4,1,0,-1.0,-1.0,1,1,0,0,0.0,0.047557359740983976
2714,stimulus,46,8,3,0,0,-1.0,-1.0,1,0,1,0,0.0,0.047557359740983976
2715,stimulus,46,8,3,0,0,-1.0,-1.0,1,0,1,0,0.0,0.047557359740983976
2716,stimulus,46,3,3,0,1,1.0,1.0,0,nan,nan,nan,0.0,0.047557359740983976
2717,stimulus,46,1,4,1,0,-1.0,-1.0,1,1,0,0,0.0003996291894282235,0.047557359740983976
2718,stimulus,46,2,5,1,0,-1.0,-1.0,1,0,1,0,0.0003996291894282235,0.047557359740983976
2719,stimulus,46,4,3,0,1,1.0,1.0,0,nan,nan,nan,3.5658303605071113e-06,0.04756092557134449
2720,stimulus,46,8,2,0,0,-1.0,-1.0,1,1,0,0,0.0002561172186649964,0.047817042790009485
2721,stimulus,46,2,5,1,0,-1.0,-1.0,1,0,1,0,0.0003996291894282235,0.047817042790009485
2722,stimulus,46,4,5,1,1,1.0,1.0,0,nan,nan,nan,1.692224964866911e-06,0.047815350565044615
2723,stimulus,46,7,4,0,0,-1.0,-1.0,1,1,0,0,0.0,0.047815350565044615
2724,stimulus,46,3,3,0,1,1.0,1.0,0,nan,nan,nan,0.0,0.047815350565044615
2725,stimulus,46,1,2,0,1,1.0,1.0,0,nan,nan,nan,0.0003996291894282235,0.04741572137561639
2726,stimulus,46,0,3,1,0,-1.0,-1.0,1,2,0,0,0.0003996291894282235,0.047815350565044615
2727,stimulus,46,6,3,0,0,-1.0,-1.0,1,0,1,0,0.0,0.047815350565044615
2728,stimulus,46,0,5,1,0,-1.0,-1.0,1,0,1,0,0.0,0.047815350565044615
2729,stimulus,46,2,5,1,0,-1.0,-1.0,1,0,1,0,0.0003996291894282235,0.047815350565044615
2730,stimulus,46,5,3,0,0,-1.0,-1.0,1,0,1,0,0.0,0.047815350565044615
2731,stimulus,46,8,5,1,0,-1.0,-1.0,1,0,1,0,0.0,0.047815350565044615
2732,stimulus,46,4,5,1,1,1.0,1.0,0,nan,nan,nan,1.692224964866911e-06,0.04781365834007975
2733,stimulus,46,3,6,1,0,-1.0,-1.0,1,1,0,0,0.0003996291894282235,0.04781365834007975
2734,stimulus,46,1,3,0,0,-1.0,-1.0,1,0,1,0,0.0,0.04781365834007975
2735,stimulus,46,0,5,1,0,-1.0,-1.0,1,0,1,0,0.0,0.04781365834007975
2736,stimulus,46,6,5,1,1,1.0,1.0,0,nan,nan,nan,0.0,0.04781365834007975
2737,stimulus,46,2,4,0,0,-1.0,-1.0,1,1,0,0,0.0,0.04781365834007975
2738,stimulus,46,2,5,1,0,-1.0,-1.0,1,0,1,0,0.0003996291894282235,0.04781365834007975
2739,stimulus,46,1,5,1,0,-1.0,-1.0,1,0,1,0,0.0,0.04781365834007975
2740,stimulus,46,7,3,0,0,-1.0,-1.0,1,0,1,0,0.0003996291894282235,0.04781365834007975
2741,stimulus,46,1,5,1,0,-1.0,-1.0,1,0,1,0,0.0,0.04781365834007975
2742,stimulus,46,1,5,1,0,-1.0,-1.0,1,0,1,0,0.0,0.04781365834007975
2743,stimulus,46,3,3,0,1,1.0,1.0,0,nan,nan,nan,0.0,0.04781365834007975
2744,stimulus,46,1,4,1,0,-1.0,-1.0,1,1,0,0,0.0003996291894282235,0.04781365834007975
2745,stimulus,46,5,5,1,1,1.0,1.0,0,nan,nan,nan,0.0,0.04781365834007975
2746,stimulus,46,5,6,1,1,1.0,1.0,0,nan,nan,nan,3.5658303605071113e-06,0.04781722417044025
2747,stimulus,46,2,7,1,0,-1.0,-1.0,1,2,0,0,0.0,0.04781722417044025
2748,stimulus,46,4,5,1,1,1.0,1.0,0,nan,nan,nan,1.692224964866911e-06,0.04781553194547539
2749,stimulus,46,4,6,1,0,-1.0,-1.0,1,1,0,0,0.0,0.04781553194547539
2750,stimulus,46,3,5,1,0,-1.0,-1.0,1,0,1,0,0.0,0.04781553194547539
2751,stimulus,46,8,3,0,0,-1.0,-1.0,1,0,1,0,0.0,0.04781553194547539
2752,stimulus,46,0,5,1,0,-1.0,-1.0,1,0,1,0,0.0,0.04781553194547539
2753,stimulus,46,6,3,0,0,-1.0,-1.0,1,0,1,0,0.0,0.04781553194547539
2754,stimulus,46,5,5,1,1,1.0,1.0,0,nan,nan,nan,0.0,0.04781553194547539
2755,stimulus,46,6,6,1,1,1.0,1.0,0,nan,nan,nan,0.0,0.04781553194547539
2756,stimulus,46,7,5,0,0,-1.0,-1.0,1,2,0,0,0.0,0.04781553194547539
2757,stimulus,46,8,5,1,0,-1.0,-1.0,1,0,1,0,0.0,0.04781553194547539
2758,stimulus,46,0,3,0,0,-1.0,-1.0,1,0,1,0,0.0,0.04781553194547539
2759,stimulus,46,5,5,1,1,1.0,1.0,0,nan,nan,nan,0.0,0.04781553194547539
2760,stimulus,46,7,4,0,0,-1.0,-1.0,1,1,0,0,0.0,0.04781553194547539
2761,stimulus,46,7,3,0,0,-1.0,-1.0,1,0,1,0,0.0003996291894282235,0.04781553194547539
2762,stimulus,46,2,5,1,0,-1.0,-1.0,1,0,1,0,0.0003996291894282235,0.04781553194547539
2763,stimulus,46,7,3,0,0,-1.0,-1.0,1,0,1,0,0.0003996291894282235,0.04781553194547539
2764,stimulus,46,3,5,1,0,-1.0,-1.0,1,0,1,0,0.0,0.04781553194547539
2765,stimulus,46,5,5,1,1,1.0,1.0,0,nan,nan,nan,0.0,0.04781553194547539
2766,stimulus,46,2,4,0,0,-1.0,-1.0,1,1,0,0,0.0,0.04781553194547539
2767,stimulus,46,1,3,0,0,-1.0,-1.0,1,0,1,0,0.0,0.04781553194547539
2768,stimulus,46,5,5,1,1,1.0,1.0,0,nan,nan,nan,0.0,0.04781553194547539
2769,stimulus,46,0,6,1,0,-1.0,-1.0,1,1,0,0,0.0,0.04781553194547539
2770,stimulus,46,3,3,0,1,1.0,1.0,0,nan,nan,nan,0.0,0.04781553194547539
2771,stimulus,46,8,2,0,0,-1.0,-1.0,1,1,0,0,0.0002558169621373797,0.04807134890761276
2772,stimulus,46,6,5,1,1,1.0,1.0,0,nan,nan,nan,0.0,0.04807134890761276
2773,stimulus,46,3,6,1,0,-1.0,-1.0,1,1,0,0,0.0003996291894282235,0.04807134890761276
2774,stimulus,46,3,3,0,1,1.0,1.0,0,nan,nan,nan,0.0,0.04807134890761276
2775,stimulus,46,6,2,0,0,-1.0,-1.0,1,1,0,0,0.0003996291894282235,0.04807134890761276
2776,stimulus,46,6,5,1,1,1.0,1.0,0,nan,nan,nan,0.0,0.04807134890761276
2777,stimulus,46,4,6,1,0,-1.0,-1.0,1,1,0,0,0.0,0.04807134890761276
2778,stimulus,46,6,5,1,1,1.0,1.0,0,nan,nan,nan,0.0,0.04807134890761276
2779,stimulus,46,5,6,1,1,1.0,1.0,0,nan,nan,nan,1.692224964866911e-06,0.0480696566826479
2780,stimulus,46,3,7,1,0,-1.0,-1.0,1,2,0,0,0.0,0.0480696566826479
2781,stimulus,46,3,3,0,1,1.0,1.0,0,nan,nan,nan,0.0,0.0480696566826479
2782,stimulus,46,3,4,1,1,1.0,1.0,0,nan,nan,nan,1.692224964866911e-06,0.048067964457683035
2783,stimulus,46,4,5,1,1,1.0,1.0,0,nan,nan,nan,3.5658303605071113e-06,0.04807153028804354
2784,stimulus,46,1,6,1,0,-1.0,-1.0,1,3,0,1,0.0,0.04807153028804354
2785,stimulus,46,0,5,1,0,-1.0,-1.0,1,0,1,0,0.0,0.04807153028804354
2786,stimulus,46,0,3,0,0,-1.0,-1.0,1,0,1,0,0.0,0.04807153028804354
2787,stimulus,46,2,5,1,0,-1.0,-1.0,1,0,1,0,0.0003996291894282235,0.04807153028804354
2788,stimulus,46,2,5,1,0,-1.0,-1.0,1,0,1,0,0.0003996291894282235,0.04807153028804354
2789,stimulus,46,8,5,1,0,-1.0,-1.0,1,0,1,0,0.0,0.04807153028804354
2790,stimulus,46,4,5,1,1,1.0,1.0,0,nan,nan,nan,1.692224964866911e-06,0.04806983806307867
2791,stimulus,46,5,6,1,1,1.0,1.0,0,nan,nan,nan,1.692224964866911e-06,0.04806814583811381
2792,stimulus,46,8,5,0,0,-1.0,-1.0,1,2,0,0,0.0,0.04806814583811381
2793,stimulus,46,3,5,1,0,-1.0,-1.0,1,0,1,0,0.0,0.04806814583811381
2794,stimulus,46,8,5,1,0,-1.0,-1.0,1,0,1,0,0.0,0.04806814583811381
2795,stimulus,46,6,5,1,1,1.0,1.0,0,nan,nan,nan,0.0,0.04806814583811381
2796,stimulus,46,3,6,1,0,-1.0,-1.0,1,1,0,0,0.0003996291894282235,0.04806814583811381
2797,stimulus,46,6,3,0,0,-1.0,-1.0,1,0,1,0,0.0,0.04806814583811381
2798,stimulus,46,4,5,1,1,1.0,1.0,0,nan,nan,nan,3.5658303605071113e-06,0.048071711668474314
2799,stimulus,46,5,6,1,1,1.0,1.0,0,nan,nan,nan,1.692224964866911e-06,0.04807001944350945
2800,stimulus,46,8,7,1,1,1.0,1.0,0,nan,nan,nan,0.0,0.04807001944350945
2801,stimulus,46,8,6,0,0,-1.0,-1.0,1,3,0,1,0.0,0.04807001944350945
2802,stimulus,46,0,3,0,0,-1.0,-1.0,1,0,1,0,0.0,0.04807001944350945
2803,stimulus,46,1,5,1,0,-1.0,-1.0,1,0,1,0,0.0,0.04807001944350945
2804,stimulus,46,2,5,1,0,-1.0,-1.0,1,0,1,0,0.0003996291894282235,0.04807001944350945
2805,stimulus,46,8,3,0,0,-1.0,-1.0,1,0,1,0,0.0,0.04807001944350945
2806,stimulus,46,6,5,1,1,1.0,1.0,0,nan,nan,nan,0.0,0.04807001944350945
2807,stimulus,46,4,4,0,1,1.0,1.0,0,nan,nan,nan,0.0,0.04807001944350945
2808,stimulus,46,1,3,0,0,-1.0,-1.0,1,2,0,0,0.0,0.04807001944350945
2809,stimulus,46,7,3,0,0,-1.0,-1.0,1,0,1,0,0.0003996291894282235,0.04807001944350945
2810,stimulus,46,3,5,1,0,-1.0,-1.0,1,0,1,0,0.0,0.04807001944350945
2811,stimulus,46,6,5,1,1,1.0,1.0,0,nan,nan,nan,0.0,0.04807001944350945
2812,stimulus,46,3,6,1,0,-1.0,-1.0,1,1,0,0,0.0003996291894282235,0.04807001944350945
2813,stimulus,46,1,5,1,0,-1.0,-1.0,1,0,1,0,0.0,0.04807001944350945
2814,stimulus,46,4,5,1,1,1.0,1.0,0,nan,nan,nan,1.692224964866911e-06,0.04806832721854458
2815,stimulus,46,4,6,1,0,-1.0,-1.0,1,1,0,0,0.0,0.04806832721854458
2816,stimulus,46,5,5,1,1,1.0,1.0,0,nan,nan,nan,0.0,0.04806832721854458
2817,stimulus,46,2,4,0,0,-1.0,-1.0,1,1,0,0,0.0,0.04806832721854458
2818,stimulus,46,8,5,1,0,-1.0,-1.0,1,0,1,0,0.0,0.04806832721854458
2819,stimulus,46,1,5,1,0,-1.0,-1.0,1,0,1,0,0.0,0.04806832721854458
2820,stimulus,46,7,3,0,0,-1.0,-1.0,1,0,1,0,0.0003996291894282235,0.04806832721854458
2821,stimulus,46,5,5,1,1,1.0,1.0,0,nan,nan,nan,0.0,0.04806832721854458
2822,stimulus,46,4,6,1,0,-1.0,-1.0,1,1,0,0,0.0,0.04806832721854458
2823,stimulus,46,4,5,1,1,1.0,1.0,0,nan,nan,nan,3.5658303605071113e-06,0.04807189304890509
2824,stimulus,46,5,6,1,1,1.0,1.0,0,nan,nan,nan,1.692224964866911e-06,0.04807020082394022
2825,stimulus,46,4,7,1,0,-1.0,-1.0,1,2,0,0,0.0003996291894282235,0.04807020082394022
2826,stimulus,46,2,5,1,0,-1.0,-1.0,1,0,1,0,0.0003996291894282235,0.04807020082394022
2827,stimulus,46,3,3,0,1,1.0,1.0,0,nan,nan,nan,0.0,0.04807020082394022
2828,stimulus,46,3,4,1,1,1.0,1.0,0,nan,nan,nan,1.692224964866911e-06,0.04806850859897536
2829,stimulus,46,5,5,1,1,1.0,1.0,0,nan,nan,nan,0.0,0.04806850859897536
2830,stimulus,46,7,4,0,0,-1.0,-1.0,1,3,0,1,0.0,0.04806850859897536
2831,stimulus,46,6,5,1,1,1.0,1.0,0,nan,nan,nan,0.0,0.04806850859897536
2832,stimulus,46,7,6,1,1,1.0,1.0,0,nan,nan,nan,0.0,0.04806850859897536
2833,stimulus,46,4,5,0,1,1.0,1.0,0,nan,nan,nan,0.0003996291894282235,0.04766887940954713
2834,stimulus,46,7,4,0,0,-1.0,-1.0,1,3,0,1,0.0,0.04766887940954713
2835,stimulus,46,1,3,0,0,-1.0,-1.0,1,0,1,0,0.0,0.04766887940954713
2836,stimulus,46,4,5,1,1,1.0,1.0,0,nan,nan,nan,3.5658303605071113e-06,0.047672445239907636
2837,stimulus,46,3,6,1,0,-1.0,-1.0,1,1,0,0,0.0003996291894282235,0.048072074429335865
2838,stimulus,46,2,5,1,0,-1.0,-1.0,1,0,1,0,0.0003996291894282235,0.048072074429335865
2839,stimulus,46,1,3,0,0,-1.0,-1.0,1,0,1,0,0.0,0.048072074429335865
2840,stimulus,46,1,3,0,0,-1.0,-1.0,1,0,1,0,0.0,0.048072074429335865
2841,stimulus,46,8,3,0,0,-1.0,-1.0,1,0,1,0,0.0,0.048072074429335865
2842,stimulus,46,2,5,1,0,-1.0,-1.0,1,0,1,0,0.0003996291894282235,0.048072074429335865
2843,stimulus,46,1,5,1,0,-1.0,-1.0,1,0,1,0,0.0,0.048072074429335865
2844,stimulus,46,2,5,1,0,-1.0,-1.0,1,0,1,0,0.0003996291894282235,0.048072074429335865
2845,stimulus,46,6,3,0,0,-1.0,-1.0,1,0,1,0,0.0,0.048072074429335865
2846,stimulus,46,5,5,1,1,1.0,1.0,0,nan,nan,nan,0.0,0.048072074429335865
2847,stimulus,46,4,6,1,0,-1.0,-1.0,1,1,0,0,0.0,0.048072074429335865
2848,stimulus,46,1,3,0,0,-1.0,-1.0,1,0,1,0,0.0,0.048072074429335865
2849,stimulus,46,7,3,0,0,-1.0,-1.0,1,0,1,0,0.0003996291894282235,0.048072074429335865
2850,stimulus,46,8,3,0,0,-1.0,-1.0,1,0,1,0,0.0,0.048072074429335865
2851,stimulus,46,7,3,0,0,-1.0,-1.0,1,0,1,0,0.0003996291894282235,0.048072074429335865
2852,stimulus,46,5,3,0,0,-1.0,-1.0,1,0,1,0,0.0,0.048072074429335865
2853,stimulus,46,5,5,1,1,1.0,1.0,0,nan,nan,nan,0.0,0.048072074429335865
2854,stimulus,46,7,4,0,0,-1.0,-1.0,1,1,0,0,0.0,0.048072074429335865
2855,stimulus,46,3,3,0,1,1.0,1.0,0,nan,nan,nan,0.0,0.048072074429335865
2856,stimulus,46,4,4,1,1,1.0,1.0,0,nan,nan,nan,0.0,0.048072074429335865
2857,stimulus,46,5,5,1,1,1.0,1.0,0,nan,nan,nan,0.0,0.048072074429335865
2858,stimulus,46,6,6,1,1,1.0,1.0,0,nan,nan,nan,0.0,0.048072074429335865
2859,stimulus,46,0,5,0,0,-1.0,-1.0,1,4,0,1,0.0,0.048072074429335865
2860,stimulus,46,1,3,0,0,-1.0,-1.0,1,0,1,0,0.0,0.048072074429335865
2861,stimulus,46,6,3,0,0,-1.0,-1.0,1,0,1,0,0.0,0.048072074429335865
2862,stimulus,46,6,5,1,1,1.0,1.0,0,nan,nan,nan,0.0,0.048072074429335865
2863,stimulus,46,8,4,0,0,-1.0,-1.0,1,1,0,0,0.0003996291894282235,0.048072074429335865
2864,stimulus,46,2,5,1,0,-1.0,-1.0,1,0,1,0,0.0003996291894282235,0.048072074429335865
2865,stimulus,46,0,3,0,0,-1.0,-1.0,1,0,1,0,0.0,0.048072074429335865
2866,stimulus,46,5,5,1,1,1.0,1.0,0,nan,nan,nan,0.0,0.048072074429335865
2867,stimulus,46,2,4,0,0,-1.0,-1.0,1,1,0,0,0.0,0.048072074429335865
2868,stimulus,46,0,5,1,0,-1.0,-1.0,1,0,1,0,0.0,0.048072074429335865
2869,stimulus,46,2,5,1,0,-1.0,-1.0,1,0,1,0,0.0003996291894282235,0.048072074429335865
2870,stimulus,46,8,5,1,0,-1.0,-1.0,1,0,1,0,0.0,0.048072074429335865
2871,stimulus,46,4,3,0,1,1.0,1.0,0,nan,nan,nan,1.692224964866911e-06,0.048070382204371
2872,stimulus,46,3,4,1,1,1.0,1.0,0,nan,nan,nan,1.692224964866911e-06,0.04806868997940613
2873,stimulus,46,7,3,0,0,-1.0,-1.0,1,2,0,0,0.0003996291894282235,0.04806868997940613
2874,stimulus,46,5,5,1,1,1.0,1.0,0,nan,nan,nan,0.0,0.04806868997940613
2875,stimulus,46,7,4,0,0,-1.0,-1.0,1,1,0,0,0.0,0.04806868997940613
2876,stimulus,46,0,3,0,0,-1.0,-1.0,1,0,1,0,0.0,0.04806868997940613
2877,stimulus,46,7,3,0,0,-1.0,-1.0,1,0,1,0,0.0003996291894282235,0.04806868997940613
2878,stimulus,46,8,3,0,0,-1.0,-1.0,1,0,1,0,0.0,0.04806868997940613
2879,stimulus,46,6,3,0,0,-1.0,-1.0,1,0,1,0,0.0,0.04806868997940613
2880,stimulus,46,4,5,1,1,1.0,1.0,0,nan,nan,nan,3.5658303605071113e-06,0.04807225580976664
2881,stimulus,46,4,4,0,1,1.0,1.0,0,nan,nan,nan,0.0,0.04807225580976664
2882,stimulus,46,2,5,1,0,-1.0,-1.0,1,2,0,0,0.0003996291894282235,0.04807225580976664
2883,stimulus,46,3,5,1,0,-1.0,-1.0,1,0,1,0,0.0,0.04807225580976664
2884,stimulus,46,0,3,0,0,-1.0,-1.0,1,0,1,0,0.0,0.04807225580976664
2885,stimulus,46,4,5,1,1,1.0,1.0,0,nan,nan,nan,1.692224964866911e-06,0.048070563584801766
2886,stimulus,46,7,6,1,1,1.0,1.0,0,nan,nan,nan,0.0,0.048070563584801766
2887,stimulus,46,8,5,0,0,-1.0,-1.0,1,2,0,0,0.0,0.048070563584801766
2888,stimulus,46,5,5,1,1,1.0,1.0,0,nan,nan,nan,0.0,0.048070563584801766
2889,stimulus,46,5,6,1,1,1.0,1.0,0,nan,nan,nan,1.692224964866911e-06,0.0480688713598369
2890,stimulus,46,2,5,0,0,-1.0,-1.0,1,2,0,0,0.0,0.0480688713598369
2891,stimulus,46,5,5,1,1,1.0,1.0,0,nan,nan,nan,0.0,0.0480688713598369
2892,stimulus,46,7,6,1,1,1.0,1.0,0,nan,nan,nan,0.0,0.0480688713598369
2893,stimulus,46,5,7,1,0,-1.0,-1.0,1,2,0,0,0.0,0.0480688713598369
2894,stimulus,46,6,3,0,0,-1.0,-1.0,1,0,1,0,0.0,0.0480688713598369
2895,stimulus,46,1,3,0,0,-1.0,-1.0,1,0,1,0,0.0,0.0480688713598369
2896,stimulus,46,6,5,1,1,1.0,1.0,0,nan,nan,nan,0.0,0.0480688713598369
2897,stimulus,46,4,4,0,1,1.0,1.0,0,nan,nan,nan,0.0,0.0480688713598369
2898,stimulus,46,0,3,0,0,-1.0,-1.0,1,2,0,0,0.0,0.0480688713598369
2899,stimulus,46,6,3,0,0,-1.0,-1.0,1,0,1,0,0.0,0.0480688713598369
2900,stimulus,46,6,5,1,1,1.0,1.0,0,nan,nan,nan,0.0,0.0480688713598369
2901,stimulus,46,2,6,1,0,-1.0,-1.0,1,1,0,0,0.0,0.0480688713598369
2902,stimulus,46,5,5,1,1,1.0,1.0,0,nan,nan,nan,0.0,0.0480688713598369
2903,stimulus,46,2,4,0,0,-1.0,-1.0,1,1,0,0,0.0,0.0480688713598369
2904,stimulus,46,0,3,0,0,-1.0,-1.0,1,0,1,0,0.0,0.0480688713598369
2905,stimulus,46,3,5,1,0,-1.0,-1.0,1,0,1,0,0.0,0.0480688713598369
2906,stimulus,46,5,3,0,0,-1.0,-1.0,1,0,1,0,0.0,0.0480688713598369
2907,stimulus,46,8,5,1,0,-1.0,-1.0,1,0,1,0,0.0,0.0480688713598369
2908,stimulus,46,0,5,1,0,-1.0,-1.0,1,0,1,0,0.0,0.0480688713598369
2909,stimulus,46,5,3,0,0,-1.0,-1.0,1,0,1,0,0.0,0.0480688713598369
2910,stimulus,46,8,5,1,0,-1.0,-1.0,1,0,1,0,0.0,0.0480688713598369
2911,stimulus,46,0,5,1,0,-1.0,-1.0,1,0,1,0,0.0,0.0480688713598369
2912,stimulus,46,1,3,0,0,-1.0,-1.0,1,0,1,0,0.0,0.0480688713598369
2913,stimulus,46,6,5,1,1,1.0,1.0,0,nan,nan,nan,0.0,0.0480688713598369
2914,stimulus,46,1,4,0,0,-1.0,-1.0,1,1,0,0,0.0,0.0480688713598369
2915,stimulus,46,0,5,1,0,-1.0,-1.0,1,0,1,0,0.0,0.0480688713598369
2916,stimulus,46,1,5,1,0,-1.0,-1.0,1,0,1,0,0.0,0.0480688713598369
2917,stimulus,46,7,3,0,0,-1.0,-1.0,1,0,1,0,0.0003996291894282235,0.0480688713598369
2918,stimulus,46,0,5,1,0,-1.0,-1.0,1,0,1,0,0.0,0.0480688713598369
2919,stimulus,46,1,3,0,0,-1.0,-1.0,1,0,1,0,0.0,0.0480688713598369
2920,stimulus,46,2,5,1,0,-1.0,-1.0,1,0,1,0,0.0003996291894282235,0.0480688713598369
2921,stimulus,46,4,5,1,1,1.0,1.0,0,nan,nan,nan,3.5658303605071113e-06,0.04807243719019741
2922,stimulus,46,3,6,1,0,-1.0,-1.0,1,1,0,0,0.0003996291894282235,0.04807243719019741
2923,stimulus,46,6,5,1,1,1.0,1.0,0,nan,nan,nan,0.0,0.04807243719019741
2924,stimulus,46,2,6,1,0,-1.0,-1.0,1,1,0,0,0.0,0.04807243719019741
2925,stimulus,46,0,5,1,0,-1.0,-1.0,1,0,1,0,0.0,0.04807243719019741
2926,stimulus,46,1,5,1,0,-1.0,-1.0,1,0,1,0,0.0,0.04807243719019741
2927,stimulus,46,1,5,1,0,-1.0,-1.0,1,0,1,0,0.0,0.04807243719019741
2928,stimulus,46,3,5,1,0,-1.0,-1.0,1,0,1,0,0.0,0.04807243719019741
2929,stimulus,46,2,5,1,0,-1.0,-1.0,1,0,1,0,0.0003996291894282235,0.04807243719019741
2930,stimulus,46,0,3,0,0,-1.0,-1.0,1,0,1,0,0.0,0.04807243719019741
2931,stimulus,46,7,3,0,0,-1.0,-1.0,1,0,1,0,0.0003996291894282235,0.04807243719019741
2932,stimulus,46,8,3,0,0,-1.0,-1.0,1,0,1,0,0.0,0.04807243719019741
2933,stimulus,46,5,3,0,0,-1.0,-1.0,1,0,1,0,0.0,0.04807243719019741
2934,stimulus,46,8,5,1,0,-1.0,-1.0,1,0,1,0,0.0,0.04807243719019741
2935,stimulus,46,1,5,1,0,-1.0,-1.0,1,0,1,0,0.0,0.04807243719019741
2936,stimulus,46,0,3,0,0,-1.0,-1.0,1,0,1,0,0.0,0.04807243719019741
2937,stimulus,46,5,3,0,0,-1.0,-1.0,1,0,1,0,0.0,0.04807243719019741
2938,stimulus,46,6,5,1,1,1.0,1.0,0,nan,nan,nan,0.0,0.04807243719019741
2939,stimulus,46,1,6,1,0,-1.0,-1.0,1,1,0,0,0.0,0.04807243719019741
2940,stimulus,46,4,5,1,1,1.0,1.0,0,nan,nan,nan,1.692224964866911e-06,0.048070744965232545
2941,stimulus,46,2,6,1,0,-1.0,-1.0,1,1,0,0,0.0,0.048070744965232545
2942,stimulus,46,5,5,1,1,1.0,1.0,0,nan,nan,nan,0.0,0.048070744965232545
2943,stimulus,46,5,6,1,1,1.0,1.0,0,nan,nan,nan,1.692224964866911e-06,0.048069052740267675
2944,stimulus,46,5,5,0,1,1.0,1.0,0,nan,nan,nan,0.0,0.048069052740267675
2945,stimulus,46,4,4,0,1,1.0,1.0,0,nan,nan,nan,0.0,0.048069052740267675
2946,stimulus,46,6,5,1,1,1.0,1.0,0,nan,nan,nan,0.0,0.048069052740267675
2947,stimulus,46,3,6,1,0,-1.0,-1.0,1,5,0,1,0.0003996291894282235,0.048069052740267675
2948,stimulus,46,6,5,1,1,1.0,1.0,0,nan,nan,nan,0.0,0.048069052740267675
2949,stimulus,46,0,4,0,0,-1.0,-1.0,1,1,0,0,0.0,0.048069052740267675
2950,stimulus,46,2,5,1,0,-1.0,-1.0,1,0,1,0,0.0003996291894282235,0.048069052740267675
2951,stimulus,46,4,5,1,1,1.0,1.0,0,nan,nan,nan,3.5658303605071113e-06,0.04807261857062818
2952,stimulus,46,7,4,0,0,-1.0,-1.0,1,1,0,0,0.0,0.04807261857062818
2953,stimulus,46,8,3,0,0,-1.0,-1.0,1,0,1,0,0.0,0.04807261857062818
2954,stimulus,46,8,3,0,0,-1.0,-1.0,1,0,1,0,0.0,0.04807261857062818
2955,stimulus,46,3,5,1,0,-1.0,-1.0,1,0,1,0,0.0,0.04807261857062818
2956,stimulus,46,5,3,0,0,-1.0,-1.0,1,0,1,0,0.0,0.04807261857062818
2957,stimulus,46,2,5,1,0,-1.0,-1.0,1,0,1,0,0.0003996291894282235,0.04807261857062818
2958,stimulus,46,7,3,0,0,-1.0,-1.0,1,0,1,0,0.0003996291894282235,0.04807261857062818
2959,stimulus,46,0,5,1,0,-1.0,-1.0,1,0,1,0,0.0,0.04807261857062818
2960,stimulus,46,1,3,0,0,-1.0,-1.0,1,0,1,0,0.0,0.04807261857062818
2961,stimulus,46,7,3,0,0,-1.0,-1.0,1,0,1,0,0.0003996291894282235,0.04807261857062818
2962,stimulus,46,4,5,1,1,1.0,1.0,0,nan,nan,nan,1.692224964866911e-06,0.04807092634566332
2963,stimulus,46,2,6,1,0,-1.0,-1.0,1,1,0,0,0.0,0.04807092634566332
2964,stimulus,46,6,5,1,1,1.0,1.0,0,nan,nan,nan,0.0,0.04807092634566332
2965,stimulus,46,7,4,0,0,-1.0,-1.0,1,1,0,0,0.0,0.04807092634566332
2966,stimulus,46,8,5,1,0,-1.0,-1.0,1,0,1,0,0.0,0.04807092634566332
2967,stimulus,46,2,5,1,0,-1.0,-1.0,1,0,1,0,0.0003996291894282235,0.04807092634566332
2968,stimulus,46,3,5,1,0,-1.0,-1.0,1,0,1,0,0.0,0.04807092634566332
2969,stimulus,46,3,5,1,0,-1.0,-1.0,1,0,1,0,0.0,0.04807092634566332
2970,stimulus,46,3,3,0,1,1.0,1.0,0,nan,nan,nan,0.0,0.04807092634566332
2971,stimulus,46,4,4,1,1,1.0,1.0,0,nan,nan,nan,0.0,0.04807092634566332
2972,stimulus,46,2,5,1,0,-1.0,-1.0,1,2,0,0,0.0003996291894282235,0.04807092634566332
2973,stimulus,46,8,3,0,0,-1.0,-1.0,1,0,1,0,0.0,0.04807092634566332
2974,stimulus,46,3,5,1,0,-1.0,-1.0,1,0,1,0,0.0,0.04807092634566332
2975,stimulus,46,4,5,1,1,1.0,1.0,0,nan,nan,nan,1.692224964866911e-06,0.048069234120698454
2976,stimulus,46,3,6,1,0,-1.0,-1.0,1,1,0,0,0.0003996291894282235,0.048069234120698454
2977,stimulus,46,6,3,0,0,-1.0,-1.0,1,0,1,0,0.0,0.048069234120698454
2978,stimulus,46,5,3,0,0,-1.0,-1.0,1,0,1,0,0.0,0.048069234120698454
2979,stimulus,46,1,5,1,0,-1.0,-1.0,1,0,1,0,0.0,0.048069234120698454
2980,stimulus,46,0,3,0,0,-1.0,-1.0,1,0,1,0,0.0,0.048069234120698454
2981,stimulus,46,6,5,1,1,1.0,1.0,0,nan,nan,nan,0.0,0.048069234120698454
2982,stimulus,46,4,6,1,0,-1.0,-1.0,1,1,0,0,0.0,0.048069234120698454
2983,stimulus,46,1,5,1,0,-1.0,-1.0,1,0,1,0,0.0,0.048069234120698454
2984,stimulus,46,0,5,1,0,-1.0,-1.0,1,0,1,0,0.0,0.048069234120698454
2985,stimulus,46,3,5,1,0,-1.0,-1.0,1,0,1,0,0.0,0.048069234120698454
2986,stimulus,46,5,5,1,1,1.0,1.0,0,nan,nan,nan,0.0,0.048069234120698454
2987,stimulus,46,8,4,0,0,-1.0,-1.0,1,1,0,0,0.0003996291894282235,0.048069234120698454
2988,stimulus,46,2,5,1,0,-1.0,-1.0,1,0,1,0,0.0003996291894282235,0.048069234120698454
2989,stimulus,46,0,3,0,0,-1.0,-1.0,1,0,1,0,0.0,0.048069234120698454
2990,stimulus,46,3,5,1,0,-1.0,-1.0,1,0,1,0,0.0,0.048069234120698454
2991,stimulus,46,7,3,0,0,-1.0,-1.0,1,0,1,0,0.0003996291894282235,0.048069234120698454
2992,stimulus,46,6,3,0,0,-1.0,-1.0,1,0,1,0,0.0,0.048069234120698454
2993,stimulus,46,4,5,1,1,1.0,1.0,0,nan,nan,nan,3.5658303605071113e-06,0.04807279995105895
2994,stimulus,46,5,6,1,1,1.0,1.0,0,nan,nan,nan,1.692224964866911e-06,0.04807110772609409
2995,stimulus,46,6,5,0,1,1.0,1.0,0,nan,nan,nan,1.692224964866911e-06,0.04806941550112922
2996,stimulus,46,1,4,0,0,-1.0,-1.0,1,3,0,1,0.0,0.04806941550112922
2997,stimulus,46,7,3,0,0,-1.0,-1.0,1,0,1,0,0.0003996291894282235,0.04806941550112922
2998,stimulus,46,3,3,0,1,1.0,1.0,0,nan,nan,nan,0.0,0.04806941550112922
2999,stimulus,46,5,4,1,1,1.0,1.0,0,nan,nan,nan,0.0,0.04806941550112922
3000,stimulus,46,4,5,1,1,1.0,1.0,0,nan,nan,nan,3.5658303605071113e-06,0.048072981331489725
