trial,condition,seed,ball,paddle,action,hit,natural_reward,reward_used,rally_ended,completed_rally_length,ace,long_rally,mean_abs_weight_change,mean_weight
1,stimulus,50,7,3,0,0,-1.0,-1.0,1,0,1,0,0.0,-0.01635111139543998
2,stimulus,50,7,5,1,0,-1.0,-1.0,1,0,1,0,0.0,-0.01635111139543998
3,stimulus,50,6,5,1,1,1.0,1.0,0,nan,nan,nan,0.0,-0.01635111139543998
4,stimulus,50,7,6,1,1,1.0,1.0,0,nan,nan,nan,0.0,-0.01635111139543998
5,stimulus,50,7,5,0,0,-1.0,-1.0,1,2,0,0,0.0,-0.01635111139543998
6,stimulus,50,4,5,1,1,1.0,1.0,0,nan,nan,nan,0.0,-0.01635111139543998
7,stimulus,50,2,4,0,0,-1.0,-1.0,1,1,0,0,0.0,-0.01635111139543998
8,stimulus,50,8,5,1,0,-1.0,-1.0,1,0,1,0,0.0,-0.01635111139543998
9,stimulus,50,7,3,0,0,-1.0,-1.0,1,0,1,0,0.0,-0.01635111139543998
10,stimulus,50,2,3,0,1,1.0,1.0,0,nan,nan,nan,0.0,-0.01635111139543998
11,stimulus,50,2,2,0,1,1.0,1.0,0,nan,nan,nan,0.0,-0.01635111139543998
12,stimulus,50,5,3,1,0,-1.0,-1.0,1,2,0,0,0.0,-0.01635111139543998
13,stimulus,50,6,3,0,0,-1.0,-1.0,1,0,1,0,0.0,-0.01635111139543998
14,stimulus,50,0,3,0,0,-1.0,-1.0,1,0,1,0,0.0,-0.01635111139543998
15,stimulus,50,8,3,0,0,-1.0,-1.0,1,0,1,0,0.0,-0.01635111139543998
16,stimulus,50,5,3,0,0,-1.0,-1.0,1,0,1,0,0.0,-0.01635111139543998
17,stimulus,50,0,3,0,0,-1.0,-1.0,1,0,1,0,0.0,-0.01635111139543998
18,stimulus,50,3,3,0,1,1.0,1.0,0,nan,nan,nan,0.0,-0.01635111139543998
19,stimulus,50,5,4,1,1,1.0,1.0,0,nan,nan,nan,0.0,-0.01635111139543998
20,stimulus,50,2,3,0,1,1.0,1.0,0,nan,nan,nan,0.0,-0.01635111139543998
21,stimulus,50,6,2,0,0,-1.0,-1.0,1,3,0,1,0.0,-0.01635111139543998
22,stimulus,50,8,3,0,0,-1.0,-1.0,1,0,1,0,0.0,-0.01635111139543998
23,stimulus,50,5,5,1,1,1.0,1.0,0,nan,nan,nan,0.0,-0.01635111139543998
24,stimulus,50,3,4,0,1,1.0,1.0,0,nan,nan,nan,0.0,-0.01635111139543998
25,stimulus,50,1,3,0,0,-1.0,-1.0,1,2,0,0,0.0,-0.01635111139543998
26,stimulus,50,2,5,1,0,-1.0,-1.0,1,0,1,0,0.0,-0.01635111139543998
27,stimulus,50,5,5,1,1,1.0,1.0,0,nan,nan,nan,0.0,-0.01635111139543998
28,stimulus,50,1,4,0,0,-1.0,-1.0,1,1,0,0,0.0,-0.01635111139543998
29,stimulus,50,8,3,0,0,-1.0,-1.0,1,0,1,0,0.0,-0.01635111139543998
30,stimulus,50,1,3,0,0,-1.0,-1.0,1,0,1,0,0.0,-0.01635111139543998
31,stimulus,50,2,3,0,1,1.0,1.0,0,nan,nan,nan,0.0,-0.01635111139543998
32,stimulus,50,8,2,0,0,-1.0,-1.0,1,1,0,0,0.0,-0.01635111139543998
33,stimulus,50,5,3,0,0,-1.0,-1.0,1,0,1,0,0.0,-0.01635111139543998
34,stimulus,50,5,3,0,0,-1.0,-1.0,1,0,1,0,0.0,-0.01635111139543998
35,stimulus,50,4,3,0,1,1.0,1.0,0,nan,nan,nan,0.0,-0.01635111139543998
36,stimulus,50,8,4,1,0,-1.0,-1.0,1,1,0,0,0.0,-0.01635111139543998
37,stimulus,50,4,5,1,1,1.0,1.0,0,nan,nan,nan,0.0,-0.01635111139543998
38,stimulus,50,0,4,0,0,-1.0,-1.0,1,1,0,0,0.0,-0.01635111139543998
39,stimulus,50,7,3,0,0,-1.0,-1.0,1,0,1,0,0.0,-0.01635111139543998
40,stimulus,50,5,5,1,1,1.0,1.0,0,nan,nan,nan,0.0,-0.01635111139543998
41,stimulus,50,1,6,1,0,-1.0,-1.0,1,1,0,0,0.0,-0.01635111139543998
42,stimulus,50,3,5,1,0,-1.0,-1.0,1,0,1,0,0.0,-0.01635111139543998
43,stimulus,50,4,5,1,1,1.0,1.0,0,nan,nan,nan,0.0,-0.01635111139543998
44,stimulus,50,3,4,0,1,1.0,1.0,0,nan,nan,nan,0.0,-0.01635111139543998
45,stimulus,50,8,3,0,0,-1.0,-1.0,1,2,0,0,0.0,-0.01635111139543998
46,stimulus,50,6,3,0,0,-1.0,-1.0,1,0,1,0,0.0,-0.01635111139543998
47,stimulus,50,2,3,0,1,1.0,1.0,0,nan,nan,nan,0.0,-0.01635111139543998
48,stimulus,50,0,2,0,0,-1.0,-1.0,1,1,0,0,0.0,-0.01635111139543998
49,stimulus,50,4,3,0,1,1.0,1.0,0,nan,nan,nan,0.0,-0.01635111139543998
50,stimulus,50,2,2,0,1,1.0,1.0,0,nan,nan,nan,0.0,-0.01635111139543998
51,stimulus,50,8,1,0,0,-1.0,-1.0,1,2,0,0,0.0,-0.01635111139543998
52,stimulus,50,2,5,1,0,-1.0,-1.0,1,0,1,0,0.0,-0.01635111139543998
53,stimulus,50,6,5,1,1,1.0,1.0,0,nan,nan,nan,0.0,-0.01635111139543998
54,stimulus,50,4,4,0,1,1.0,1.0,0,nan,nan,nan,0.0,-0.01635111139543998
55,stimulus,50,1,5,1,0,-1.0,-1.0,1,2,0,0,0.0,-0.01635111139543998
56,stimulus,50,2,3,0,1,1.0,1.0,0,nan,nan,nan,0.0,-0.01635111139543998
57,stimulus,50,4,4,1,1,1.0,1.0,0,nan,nan,nan,0.0,-0.01635111139543998
58,stimulus,50,6,5,1,1,1.0,1.0,0,nan,nan,nan,0.0,-0.01635111139543998
59,stimulus,50,1,6,1,0,-1.0,-1.0,1,3,0,1,0.0,-0.01635111139543998
60,stimulus,50,4,5,1,1,1.0,1.0,0,nan,nan,nan,0.0,-0.01635111139543998
61,stimulus,50,5,6,1,1,1.0,1.0,0,nan,nan,nan,0.0,-0.01635111139543998
62,stimulus,50,7,5,0,0,-1.0,-1.0,1,2,0,0,0.0,-0.01635111139543998
63,stimulus,50,4,5,1,1,1.0,1.0,0,nan,nan,nan,0.0,-0.01635111139543998
64,stimulus,50,1,6,1,0,-1.0,-1.0,1,1,0,0,0.0,-0.01635111139543998
65,stimulus,50,4,3,0,1,1.0,1.0,0,nan,nan,nan,0.0,-0.01635111139543998
66,stimulus,50,5,2,0,0,-1.0,-1.0,1,1,0,0,0.0,-0.01635111139543998
67,stimulus,50,2,3,0,1,1.0,1.0,0,nan,nan,nan,0.0,-0.01635111139543998
68,stimulus,50,6,2,0,0,-1.0,-1.0,1,1,0,0,0.0,-0.01635111139543998
69,stimulus,50,6,3,0,0,-1.0,-1.0,1,0,1,0,0.0,-0.01635111139543998
70,stimulus,50,6,3,0,0,-1.0,-1.0,1,0,1,0,0.0,-0.01635111139543998
71,stimulus,50,2,3,0,1,1.0,1.0,0,nan,nan,nan,0.0,-0.01635111139543998
72,stimulus,50,0,4,1,0,-1.0,-1.0,1,1,0,0,0.0,-0.01635111139543998
73,stimulus,50,6,3,0,0,-1.0,-1.0,1,0,1,0,0.0,-0.01635111139543998
74,stimulus,50,1,3,0,0,-1.0,-1.0,1,0,1,0,0.0,-0.01635111139543998
75,stimulus,50,5,5,1,1,1.0,1.0,0,nan,nan,nan,0.0,-0.01635111139543998
76,stimulus,50,5,4,0,1,1.0,1.0,0,nan,nan,nan,0.0,-0.01635111139543998
77,stimulus,50,7,5,1,0,-1.0,-1.0,1,2,0,0,0.0,-0.01635111139543998
78,stimulus,50,2,5,1,0,-1.0,-1.0,1,0,1,0,0.0,-0.01635111139543998
79,stimulus,50,2,5,1,0,-1.0,-1.0,1,0,1,0,0.0,-0.01635111139543998
80,stimulus,50,4,3,0,1,1.0,1.0,0,nan,nan,nan,0.0,-0.01635111139543998
81,stimulus,50,2,4,1,0,-1.0,-1.0,1,1,0,0,0.0,-0.01635111139543998
82,stimulus,50,8,5,1,0,-1.0,-1.0,1,0,1,0,0.0,-0.01635111139543998
83,stimulus,50,0,3,0,0,-1.0,-1.0,1,0,1,0,0.0,-0.01635111139543998
84,stimulus,50,7,3,0,0,-1.0,-1.0,1,0,1,0,0.0,-0.01635111139543998
85,stimulus,50,5,3,0,0,-1.0,-1.0,1,0,1,0,0.0,-0.01635111139543998
86,stimulus,50,0,5,1,0,-1.0,-1.0,1,0,1,0,0.0,-0.01635111139543998
87,stimulus,50,2,3,0,1,1.0,1.0,0,nan,nan,nan,0.0,-0.01635111139543998
88,stimulus,50,4,2,0,0,-1.0,-1.0,1,1,0,0,0.0,-0.01635111139543998
89,stimulus,50,8,5,1,0,-1.0,-1.0,1,0,1,0,0.0,-0.01635111139543998
90,stimulus,50,8,3,0,0,-1.0,-1.0,1,0,1,0,0.0,-0.01635111139543998
91,stimulus,50,8,5,1,0,-1.0,-1.0,1,0,1,0,0.0,-0.01635111139543998
92,stimulus,50,3,5,1,0,-1.0,-1.0,1,0,1,0,0.0,-0.01635111139543998
93,stimulus,50,8,5,1,0,-1.0,-1.0,1,0,1,0,0.0,-0.01635111139543998
94,stimulus,50,4,5,1,1,1.0,1.0,0,nan,nan,nan,0.0,-0.01635111139543998
95,stimulus,50,6,6,1,1,1.0,1.0,0,nan,nan,nan,0.0,-0.01635111139543998
96,stimulus,50,3,5,0,0,-1.0,-1.0,1,2,0,0,0.0,-0.01635111139543998
97,stimulus,50,2,3,0,1,1.0,1.0,0,nan,nan,nan,0.0,-0.01635111139543998
98,stimulus,50,7,2,0,0,-1.0,-1.0,1,1,0,0,0.0,-0.01635111139543998
99,stimulus,50,0,3,0,0,-1.0,-1.0,1,0,1,0,0.0,-0.01635111139543998
100,stimulus,50,3,3,0,1,1.0,1.0,0,nan,nan,nan,0.0,-0.01635111139543998
101,stimulus,50,4,2,0,0,-1.0,-1.0,1,1,0,0,0.0,-0.01635111139543998
102,stimulus,50,8,5,1,0,-1.0,-1.0,1,0,1,0,0.0,-0.01635111139543998
103,stimulus,50,0,5,1,0,-1.0,-1.0,1,0,1,0,0.0,-0.01635111139543998
104,stimulus,50,1,3,0,0,-1.0,-1.0,1,0,1,0,0.0,-0.01635111139543998
105,stimulus,50,4,5,1,1,1.0,1.0,0,nan,nan,nan,0.0,-0.01635111139543998
106,stimulus,50,3,4,0,1,1.0,1.0,0,nan,nan,nan,0.0,-0.01635111139543998
107,stimulus,50,5,5,1,1,1.0,1.0,0,nan,nan,nan,0.0,-0.01635111139543998
108,stimulus,50,3,6,1,0,-1.0,-1.0,1,3,0,1,0.0,-0.01635111139543998
109,stimulus,50,4,5,1,1,1.0,1.0,0,nan,nan,nan,0.0,-0.01635111139543998
110,stimulus,50,5,4,0,1,1.0,1.0,0,nan,nan,nan,0.0,-0.01635111139543998
111,stimulus,50,5,3,0,0,-1.0,-1.0,1,2,0,0,0.0,-0.01635111139543998
112,stimulus,50,4,5,1,1,1.0,1.0,0,nan,nan,nan,0.0,-0.01635111139543998
113,stimulus,50,2,6,1,0,-1.0,-1.0,1,1,0,0,0.0,-0.01635111139543998
114,stimulus,50,2,5,1,0,-1.0,-1.0,1,0,1,0,0.0,-0.01635111139543998
115,stimulus,50,6,5,1,1,1.0,1.0,0,nan,nan,nan,0.0,-0.01635111139543998
116,stimulus,50,7,6,1,1,1.0,1.0,0,nan,nan,nan,0.0,-0.01635111139543998
117,stimulus,50,4,5,0,1,1.0,1.0,0,nan,nan,nan,0.0,-0.01635111139543998
118,stimulus,50,4,4,0,1,1.0,1.0,0,nan,nan,nan,0.0,-0.01635111139543998
119,stimulus,50,6,3,0,0,-1.0,-1.0,1,4,0,1,0.0,-0.01635111139543998
120,stimulus,50,2,5,1,0,-1.0,-1.0,1,0,1,0,0.0,-0.01635111139543998
121,stimulus,50,6,3,0,0,-1.0,-1.0,1,0,1,0,0.0,-0.01635111139543998
122,stimulus,50,7,3,0,0,-1.0,-1.0,1,0,1,0,0.0,-0.01635111139543998
123,stimulus,50,2,3,0,1,1.0,1.0,0,nan,nan,nan,0.0,-0.01635111139543998
124,stimulus,50,8,2,0,0,-1.0,-1.0,1,1,0,0,0.0,-0.01635111139543998
125,stimulus,50,2,3,0,1,1.0,1.0,0,nan,nan,nan,0.0,-0.01635111139543998
126,stimulus,50,0,2,0,0,-1.0,-1.0,1,1,0,0,0.0,-0.01635111139543998
127,stimulus,50,6,3,0,0,-1.0,-1.0,1,0,1,0,0.0,-0.01635111139543998
128,stimulus,50,1,3,0,0,-1.0,-1.0,1,0,1,0,0.0,-0.01635111139543998
129,stimulus,50,4,3,0,1,1.0,1.0,0,nan,nan,nan,0.0,-0.01635111139543998
130,stimulus,50,5,2,0,0,-1.0,-1.0,1,1,0,0,0.0,-0.01635111139543998
131,stimulus,50,8,5,1,0,-1.0,-1.0,1,0,1,0,0.0,-0.01635111139543998
132,stimulus,50,3,5,1,0,-1.0,-1.0,1,0,1,0,0.0,-0.01635111139543998
133,stimulus,50,3,3,0,1,1.0,1.0,0,nan,nan,nan,0.0,-0.01635111139543998
134,stimulus,50,7,2,0,0,-1.0,-1.0,1,1,0,0,0.0,-0.01635111139543998
135,stimulus,50,3,5,1,0,-1.0,-1.0,1,0,1,0,0.0,-0.01635111139543998
136,stimulus,50,3,5,1,0,-1.0,-1.0,1,0,1,0,0.0,-0.01635111139543998
137,stimulus,50,4,5,1,1,1.0,1.0,0,nan,nan,nan,0.0,-0.01635111139543998
138,stimulus,50,4,4,0,1,1.0,1.0,0,nan,nan,nan,0.0,-0.01635111139543998
139,stimulus,50,5,5,1,1,1.0,1.0,0,nan,nan,nan,0.0,-0.01635111139543998
140,stimulus,50,4,6,1,0,-1.0,-1.0,1,3,0,1,0.0,-0.01635111139543998
141,stimulus,50,0,3,0,0,-1.0,-1.0,1,0,1,0,0.0,-0.01635111139543998
142,stimulus,50,7,3,0,0,-1.0,-1.0,1,0,1,0,0.0,-0.01635111139543998
143,stimulus,50,3,3,0,1,1.0,1.0,0,nan,nan,nan,0.0,-0.01635111139543998
144,stimulus,50,3,4,1,1,1.0,1.0,0,nan,nan,nan,0.0,-0.01635111139543998
145,stimulus,50,3,5,1,0,-1.0,-1.0,1,2,0,0,0.0,-0.01635111139543998
146,stimulus,50,5,5,1,1,1.0,1.0,0,nan,nan,nan,0.0,-0.01635111139543998
147,stimulus,50,3,4,0,1,1.0,1.0,0,nan,nan,nan,0.0,-0.01635111139543998
148,stimulus,50,0,5,1,0,-1.0,-1.0,1,2,0,0,0.0,-0.01635111139543998
149,stimulus,50,0,3,0,0,-1.0,-1.0,1,0,1,0,0.0,-0.01635111139543998
150,stimulus,50,6,5,1,1,1.0,1.0,0,nan,nan,nan,0.0,-0.01635111139543998
151,stimulus,50,7,6,1,1,1.0,1.0,0,nan,nan,nan,0.0,-0.01635111139543998
152,stimulus,50,0,7,1,0,-1.0,-1.0,1,2,0,0,2.0104569073692604e-05,-0.01633100682636629
153,stimulus,50,2,3,0,1,1.0,1.0,0,nan,nan,nan,0.0,-0.01633100682636629
154,stimulus,50,0,2,0,0,-1.0,-1.0,1,1,0,0,0.0,-0.01633100682636629
155,stimulus,50,6,5,1,1,1.0,1.0,0,nan,nan,nan,0.0,-0.01633100682636629
156,stimulus,50,5,6,1,1,1.0,1.0,0,nan,nan,nan,0.0,-0.01633100682636629
157,stimulus,50,3,7,1,0,-1.0,-1.0,1,2,0,0,0.0,-0.01633100682636629
158,stimulus,50,0,5,1,0,-1.0,-1.0,1,0,1,0,0.0,-0.01633100682636629
159,stimulus,50,7,3,0,0,-1.0,-1.0,1,0,1,0,0.0,-0.01633100682636629
160,stimulus,50,6,3,0,0,-1.0,-1.0,1,0,1,0,0.0,-0.01633100682636629
161,stimulus,50,4,5,1,1,1.0,1.0,0,nan,nan,nan,0.0,-0.01633100682636629
162,stimulus,50,3,4,0,1,1.0,1.0,0,nan,nan,nan,0.0,-0.01633100682636629
163,stimulus,50,3,3,0,1,1.0,1.0,0,nan,nan,nan,0.0,-0.01633100682636629
164,stimulus,50,7,4,1,0,-1.0,-1.0,1,3,0,1,0.0,-0.01633100682636629
165,stimulus,50,3,3,0,1,1.0,1.0,0,nan,nan,nan,0.0,-0.01633100682636629
166,stimulus,50,0,4,1,0,-1.0,-1.0,1,1,0,0,0.0,-0.01633100682636629
167,stimulus,50,5,3,0,0,-1.0,-1.0,1,0,1,0,0.0,-0.01633100682636629
168,stimulus,50,1,3,0,0,-1.0,-1.0,1,0,1,0,0.0,-0.01633100682636629
169,stimulus,50,6,5,1,1,1.0,1.0,0,nan,nan,nan,0.0,-0.01633100682636629
170,stimulus,50,4,4,0,1,1.0,1.0,0,nan,nan,nan,0.0,-0.01633100682636629
171,stimulus,50,0,5,1,0,-1.0,-1.0,1,2,0,0,0.0,-0.01633100682636629
172,stimulus,50,7,5,1,0,-1.0,-1.0,1,0,1,0,0.0,-0.01633100682636629
173,stimulus,50,8,5,1,0,-1.0,-1.0,1,0,1,0,0.0,-0.01633100682636629
174,stimulus,50,0,5,1,0,-1.0,-1.0,1,0,1,0,0.0,-0.01633100682636629
175,stimulus,50,7,3,0,0,-1.0,-1.0,1,0,1,0,0.0,-0.01633100682636629
176,stimulus,50,8,3,0,0,-1.0,-1.0,1,0,1,0,0.0,-0.01633100682636629
177,stimulus,50,1,3,0,0,-1.0,-1.0,1,0,1,0,0.0,-0.01633100682636629
178,stimulus,50,5,3,0,0,-1.0,-1.0,1,0,1,0,0.0,-0.01633100682636629
179,stimulus,50,3,5,1,0,-1.0,-1.0,1,0,1,0,0.0,-0.01633100682636629
180,stimulus,50,3,5,1,0,-1.0,-1.0,1,0,1,0,0.0,-0.01633100682636629
181,stimulus,50,5,5,1,1,1.0,1.0,0,nan,nan,nan,0.0,-0.01633100682636629
182,stimulus,50,5,6,1,1,1.0,1.0,0,nan,nan,nan,0.0,-0.01633100682636629
183,stimulus,50,4,7,1,0,-1.0,-1.0,1,2,0,0,0.0,-0.01633100682636629
184,stimulus,50,8,3,0,0,-1.0,-1.0,1,0,1,0,0.0,-0.01633100682636629
185,stimulus,50,7,3,0,0,-1.0,-1.0,1,0,1,0,0.0,-0.01633100682636629
186,stimulus,50,1,3,0,0,-1.0,-1.0,1,0,1,0,0.0,-0.01633100682636629
187,stimulus,50,7,5,1,0,-1.0,-1.0,1,0,1,0,0.0,-0.01633100682636629
188,stimulus,50,1,5,1,0,-1.0,-1.0,1,0,1,0,0.0,-0.01633100682636629
189,stimulus,50,0,3,0,0,-1.0,-1.0,1,0,1,0,0.0,-0.01633100682636629
190,stimulus,50,2,5,1,0,-1.0,-1.0,1,0,1,0,0.0,-0.01633100682636629
191,stimulus,50,4,3,0,1,1.0,1.0,0,nan,nan,nan,0.0,-0.01633100682636629
192,stimulus,50,0,4,1,0,-1.0,-1.0,1,1,0,0,0.0,-0.01633100682636629
193,stimulus,50,0,5,1,0,-1.0,-1.0,1,0,1,0,0.0,-0.01633100682636629
194,stimulus,50,2,3,0,1,1.0,1.0,0,nan,nan,nan,0.0,-0.01633100682636629
195,stimulus,50,2,2,0,1,1.0,1.0,0,nan,nan,nan,0.0,-0.01633100682636629
196,stimulus,50,4,1,0,0,-1.0,-1.0,1,2,0,0,0.0,-0.01633100682636629
197,stimulus,50,6,5,1,1,1.0,1.0,0,nan,nan,nan,0.0,-0.01633100682636629
198,stimulus,50,1,4,0,0,-1.0,-1.0,1,1,0,0,0.0,-0.01633100682636629
199,stimulus,50,4,5,1,1,1.0,1.0,0,nan,nan,nan,0.0,-0.01633100682636629
200,stimulus,50,8,4,0,0,-1.0,-1.0,1,1,0,0,0.0,-0.01633100682636629
201,stimulus,50,6,5,1,1,1.0,1.0,0,nan,nan,nan,0.0,-0.01633100682636629
202,stimulus,50,7,6,1,1,1.0,1.0,0,nan,nan,nan,0.0,-0.01633100682636629
203,stimulus,50,0,7,1,0,-1.0,-1.0,1,2,0,0,1.692224964866911e-06,-0.016329314601401423
204,stimulus,50,2,5,1,0,-1.0,-1.0,1,0,1,0,0.0,-0.016329314601401423
205,stimulus,50,5,5,1,1,1.0,1.0,0,nan,nan,nan,0.0,-0.016329314601401423
206,stimulus,50,8,4,0,0,-1.0,-1.0,1,1,0,0,0.0,-0.016329314601401423
207,stimulus,50,0,3,0,0,-1.0,-1.0,1,0,1,0,0.0,-0.016329314601401423
208,stimulus,50,1,5,1,0,-1.0,-1.0,1,0,1,0,0.0,-0.016329314601401423
209,stimulus,50,3,5,1,0,-1.0,-1.0,1,0,1,0,0.0,-0.016329314601401423
210,stimulus,50,2,5,1,0,-1.0,-1.0,1,0,1,0,0.0,-0.016329314601401423
211,stimulus,50,8,3,0,0,-1.0,-1.0,1,0,1,0,0.0,-0.016329314601401423
212,stimulus,50,7,5,1,0,-1.0,-1.0,1,0,1,0,0.0,-0.016329314601401423
213,stimulus,50,4,5,1,1,1.0,1.0,0,nan,nan,nan,0.0,-0.016329314601401423
214,stimulus,50,6,4,0,0,-1.0,-1.0,1,1,0,0,0.0,-0.016329314601401423
215,stimulus,50,8,3,0,0,-1.0,-1.0,1,0,1,0,0.0,-0.016329314601401423
216,stimulus,50,0,5,1,0,-1.0,-1.0,1,0,1,0,0.0,-0.016329314601401423
217,stimulus,50,0,5,1,0,-1.0,-1.0,1,0,1,0,0.0,-0.016329314601401423
218,stimulus,50,1,3,0,0,-1.0,-1.0,1,0,1,0,0.0,-0.016329314601401423
219,stimulus,50,5,5,1,1,1.0,1.0,0,nan,nan,nan,0.0,-0.016329314601401423
220,stimulus,50,5,6,1,1,1.0,1.0,0,nan,nan,nan,0.0,-0.016329314601401423
221,stimulus,50,7,5,0,0,-1.0,-1.0,1,2,0,0,0.0,-0.016329314601401423
222,stimulus,50,7,5,1,0,-1.0,-1.0,1,0,1,0,0.0,-0.016329314601401423
223,stimulus,50,2,5,1,0,-1.0,-1.0,1,0,1,0,0.0,-0.016329314601401423
224,stimulus,50,4,3,0,1,1.0,1.0,0,nan,nan,nan,0.0,-0.016329314601401423
225,stimulus,50,8,4,1,0,-1.0,-1.0,1,1,0,0,0.0,-0.016329314601401423
226,stimulus,50,5,5,1,1,1.0,1.0,0,nan,nan,nan,0.0,-0.016329314601401423
227,stimulus,50,7,6,1,1,1.0,1.0,0,nan,nan,nan,0.0,-0.016329314601401423
228,stimulus,50,0,7,1,0,-1.0,-1.0,1,2,0,0,1.692224964866911e-06,-0.016327622376436556
229,stimulus,50,1,3,0,0,-1.0,-1.0,1,0,1,0,0.0,-0.016327622376436556
230,stimulus,50,1,5,1,0,-1.0,-1.0,1,0,1,0,0.0,-0.016327622376436556
231,stimulus,50,3,3,0,1,1.0,1.0,0,nan,nan,nan,0.0,-0.016327622376436556
232,stimulus,50,5,2,0,0,-1.0,-1.0,1,1,0,0,0.0,-0.016327622376436556
233,stimulus,50,2,5,1,0,-1.0,-1.0,1,0,1,0,0.0,-0.016327622376436556
234,stimulus,50,1,5,1,0,-1.0,-1.0,1,0,1,0,0.0,-0.016327622376436556
235,stimulus,50,7,5,1,0,-1.0,-1.0,1,0,1,0,0.0,-0.016327622376436556
236,stimulus,50,0,3,0,0,-1.0,-1.0,1,0,1,0,0.0,-0.016327622376436556
237,stimulus,50,7,3,0,0,-1.0,-1.0,1,0,1,0,0.0,-0.016327622376436556
238,stimulus,50,0,5,1,0,-1.0,-1.0,1,0,1,0,0.0,-0.016327622376436556
239,stimulus,50,5,5,1,1,1.0,1.0,0,nan,nan,nan,0.0,-0.016327622376436556
240,stimulus,50,5,6,1,1,1.0,1.0,0,nan,nan,nan,0.0,-0.016327622376436556
241,stimulus,50,5,5,0,1,1.0,1.0,0,nan,nan,nan,0.0,-0.016327622376436556
242,stimulus,50,8,6,1,0,-1.0,-1.0,1,3,0,1,0.0,-0.016327622376436556
243,stimulus,50,6,5,1,1,1.0,1.0,0,nan,nan,nan,0.0,-0.016327622376436556
244,stimulus,50,6,4,0,0,-1.0,-1.0,1,1,0,0,0.0,-0.016327622376436556
245,stimulus,50,1,3,0,0,-1.0,-1.0,1,0,1,0,0.0,-0.016327622376436556
246,stimulus,50,1,5,1,0,-1.0,-1.0,1,0,1,0,0.0,-0.016327622376436556
247,stimulus,50,2,5,1,0,-1.0,-1.0,1,0,1,0,0.0,-0.016327622376436556
248,stimulus,50,6,5,1,1,1.0,1.0,0,nan,nan,nan,0.0,-0.016327622376436556
249,stimulus,50,0,6,1,0,-1.0,-1.0,1,1,0,0,0.0,-0.016327622376436556
250,stimulus,50,4,5,1,1,1.0,1.0,0,nan,nan,nan,0.0,-0.016327622376436556
251,stimulus,50,1,6,1,0,-1.0,-1.0,1,1,0,0,0.0,-0.016327622376436556
252,stimulus,50,0,3,0,0,-1.0,-1.0,1,0,1,0,0.0,-0.016327622376436556
253,stimulus,50,7,3,0,0,-1.0,-1.0,1,0,1,0,0.0,-0.016327622376436556
254,stimulus,50,2,3,0,1,1.0,1.0,0,nan,nan,nan,0.0,-0.016327622376436556
255,stimulus,50,0,2,0,0,-1.0,-1.0,1,1,0,0,0.0,-0.016327622376436556
256,stimulus,50,0,3,0,0,-1.0,-1.0,1,0,1,0,0.0,-0.016327622376436556
257,stimulus,50,3,3,0,1,1.0,1.0,0,nan,nan,nan,0.0,-0.016327622376436556
258,stimulus,50,2,4,1,0,-1.0,-1.0,1,1,0,0,0.0,-0.016327622376436556
259,stimulus,50,1,3,0,0,-1.0,-1.0,1,0,1,0,0.0,-0.016327622376436556
260,stimulus,50,3,3,0,1,1.0,1.0,0,nan,nan,nan,0.0,-0.016327622376436556
261,stimulus,50,6,2,0,0,-1.0,-1.0,1,1,0,0,0.0,-0.016327622376436556
262,stimulus,50,3,3,0,1,1.0,1.0,0,nan,nan,nan,0.0,-0.016327622376436556
263,stimulus,50,7,4,1,0,-1.0,-1.0,1,1,0,0,0.0,-0.016327622376436556
264,stimulus,50,0,5,1,0,-1.0,-1.0,1,0,1,0,0.0,-0.016327622376436556
265,stimulus,50,8,5,1,0,-1.0,-1.0,1,0,1,0,0.0,-0.016327622376436556
266,stimulus,50,2,3,0,1,1.0,1.0,0,nan,nan,nan,0.0,-0.016327622376436556
267,stimulus,50,2,4,1,0,-1.0,-1.0,1,1,0,0,0.0,-0.016327622376436556
268,stimulus,50,1,3,0,0,-1.0,-1.0,1,0,1,0,0.0,-0.016327622376436556
269,stimulus,50,2,5,1,0,-1.0,-1.0,1,0,1,0,0.0,-0.016327622376436556
270,stimulus,50,1,5,1,0,-1.0,-1.0,1,0,1,0,0.0,-0.016327622376436556
271,stimulus,50,0,3,0,0,-1.0,-1.0,1,0,1,0,0.0,-0.016327622376436556
272,stimulus,50,1,5,1,0,-1.0,-1.0,1,0,1,0,0.0,-0.016327622376436556
273,stimulus,50,7,3,0,0,-1.0,-1.0,1,0,1,0,0.0,-0.016327622376436556
274,stimulus,50,6,5,1,1,1.0,1.0,0,nan,nan,nan,0.0,-0.016327622376436556
275,stimulus,50,6,6,1,1,1.0,1.0,0,nan,nan,nan,0.0,-0.016327622376436556
276,stimulus,50,4,5,0,1,1.0,1.0,0,nan,nan,nan,0.0,-0.016327622376436556
277,stimulus,50,5,6,1,1,1.0,1.0,0,nan,nan,nan,0.0,-0.016327622376436556
278,stimulus,50,4,7,1,0,-1.0,-1.0,1,4,0,1,0.0,-0.016327622376436556
279,stimulus,50,7,3,0,0,-1.0,-1.0,1,0,1,0,0.0,-0.016327622376436556
280,stimulus,50,0,3,0,0,-1.0,-1.0,1,0,1,0,0.0,-0.016327622376436556
281,stimulus,50,3,5,1,0,-1.0,-1.0,1,0,1,0,0.0,-0.016327622376436556
282,stimulus,50,2,3,0,1,1.0,1.0,0,nan,nan,nan,0.0,-0.016327622376436556
283,stimulus,50,0,4,1,0,-1.0,-1.0,1,1,0,0,0.0,-0.016327622376436556
284,stimulus,50,0,3,0,0,-1.0,-1.0,1,0,1,0,0.0,-0.016327622376436556
285,stimulus,50,8,5,1,0,-1.0,-1.0,1,0,1,0,0.0,-0.016327622376436556
286,stimulus,50,1,3,0,0,-1.0,-1.0,1,0,1,0,0.0,-0.016327622376436556
287,stimulus,50,7,3,0,0,-1.0,-1.0,1,0,1,0,0.0,-0.016327622376436556
288,stimulus,50,2,3,0,1,1.0,1.0,0,nan,nan,nan,0.0,-0.016327622376436556
289,stimulus,50,5,2,0,0,-1.0,-1.0,1,1,0,0,0.0,-0.016327622376436556
290,stimulus,50,3,5,1,0,-1.0,-1.0,1,0,1,0,0.0,-0.016327622376436556
291,stimulus,50,7,5,1,0,-1.0,-1.0,1,0,1,0,0.0,-0.016327622376436556
292,stimulus,50,4,5,1,1,1.0,1.0,0,nan,nan,nan,0.0,-0.016327622376436556
293,stimulus,50,2,4,0,0,-1.0,-1.0,1,1,0,0,0.0,-0.016327622376436556
294,stimulus,50,7,3,0,0,-1.0,-1.0,1,0,1,0,0.0,-0.016327622376436556
295,stimulus,50,1,5,1,0,-1.0,-1.0,1,0,1,0,0.0,-0.016327622376436556
296,stimulus,50,0,5,1,0,-1.0,-1.0,1,0,1,0,0.0,-0.016327622376436556
297,stimulus,50,2,3,0,1,1.0,1.0,0,nan,nan,nan,0.0,-0.016327622376436556
298,stimulus,50,0,2,0,0,-1.0,-1.0,1,1,0,0,0.0,-0.016327622376436556
299,stimulus,50,1,5,1,0,-1.0,-1.0,1,0,1,0,0.0,-0.016327622376436556
300,stimulus,50,5,5,1,1,1.0,1.0,0,nan,nan,nan,0.0,-0.016327622376436556
301,stimulus,50,5,6,1,1,1.0,1.0,0,nan,nan,nan,0.0,-0.016327622376436556
302,stimulus,50,2,5,0,0,-1.0,-1.0,1,2,0,0,0.0,-0.016327622376436556
303,stimulus,50,7,5,1,0,-1.0,-1.0,1,0,1,0,0.0,-0.016327622376436556
304,stimulus,50,6,3,0,0,-1.0,-1.0,1,0,1,0,0.0,-0.016327622376436556
305,stimulus,50,7,5,1,0,-1.0,-1.0,1,0,1,0,0.0,-0.016327622376436556
306,stimulus,50,4,5,1,1,1.0,1.0,0,nan,nan,nan,0.0,-0.016327622376436556
307,stimulus,50,8,6,1,0,-1.0,-1.0,1,1,0,0,0.0,-0.016327622376436556
308,stimulus,50,1,3,0,0,-1.0,-1.0,1,0,1,0,0.0,-0.016327622376436556
309,stimulus,50,2,3,0,1,1.0,1.0,0,nan,nan,nan,0.0,-0.016327622376436556
310,stimulus,50,6,4,1,0,-1.0,-1.0,1,1,0,0,0.0,-0.016327622376436556
311,stimulus,50,2,5,1,0,-1.0,-1.0,1,0,1,0,0.0,-0.016327622376436556
312,stimulus,50,0,5,1,0,-1.0,-1.0,1,0,1,0,0.0,-0.016327622376436556
313,stimulus,50,3,5,1,0,-1.0,-1.0,1,0,1,0,0.0,-0.016327622376436556
314,stimulus,50,4,5,1,1,1.0,1.0,0,nan,nan,nan,0.0,-0.016327622376436556
315,stimulus,50,0,4,0,0,-1.0,-1.0,1,1,0,0,0.0,-0.016327622376436556
316,stimulus,50,7,3,0,0,-1.0,-1.0,1,0,1,0,0.0,-0.016327622376436556
317,stimulus,50,8,3,0,0,-1.0,-1.0,1,0,1,0,0.0,-0.016327622376436556
318,stimulus,50,8,3,0,0,-1.0,-1.0,1,0,1,0,0.0,-0.016327622376436556
319,stimulus,50,5,3,0,0,-1.0,-1.0,1,0,1,0,0.0,-0.016327622376436556
320,stimulus,50,1,5,1,0,-1.0,-1.0,1,0,1,0,0.0,-0.016327622376436556
321,stimulus,50,3,5,1,0,-1.0,-1.0,1,0,1,0,0.0,-0.016327622376436556
322,stimulus,50,5,5,1,1,1.0,1.0,0,nan,nan,nan,0.0,-0.016327622376436556
323,stimulus,50,7,6,1,1,1.0,1.0,0,nan,nan,nan,0.0,-0.016327622376436556
324,stimulus,50,3,7,1,0,-1.0,-1.0,1,2,0,0,0.0,-0.016327622376436556
325,stimulus,50,2,5,1,0,-1.0,-1.0,1,0,1,0,0.0,-0.016327622376436556
326,stimulus,50,7,5,1,0,-1.0,-1.0,1,0,1,0,0.0,-0.016327622376436556
327,stimulus,50,8,3,0,0,-1.0,-1.0,1,0,1,0,0.0,-0.016327622376436556
328,stimulus,50,1,5,1,0,-1.0,-1.0,1,0,1,0,0.0,-0.016327622376436556
329,stimulus,50,7,5,1,0,-1.0,-1.0,1,0,1,0,0.0,-0.016327622376436556
330,stimulus,50,6,3,0,0,-1.0,-1.0,1,0,1,0,0.0,-0.016327622376436556
331,stimulus,50,7,3,0,0,-1.0,-1.0,1,0,1,0,0.0,-0.016327622376436556
332,stimulus,50,4,3,0,1,1.0,1.0,0,nan,nan,nan,0.0,-0.016327622376436556
333,stimulus,50,2,4,1,0,-1.0,-1.0,1,1,0,0,0.0,-0.016327622376436556
334,stimulus,50,7,5,1,0,-1.0,-1.0,1,0,1,0,0.0,-0.016327622376436556
335,stimulus,50,4,3,0,1,1.0,1.0,0,nan,nan,nan,0.0,-0.016327622376436556
336,stimulus,50,3,2,0,1,1.0,1.0,0,nan,nan,nan,0.0,-0.016327622376436556
337,stimulus,50,4,3,1,1,1.0,1.0,0,nan,nan,nan,0.0,-0.016327622376436556
338,stimulus,50,7,2,0,0,-1.0,-1.0,1,3,0,1,0.0,-0.016327622376436556
339,stimulus,50,7,5,1,0,-1.0,-1.0,1,0,1,0,0.0,-0.016327622376436556
340,stimulus,50,2,5,1,0,-1.0,-1.0,1,0,1,0,0.0,-0.016327622376436556
341,stimulus,50,6,5,1,1,1.0,1.0,0,nan,nan,nan,0.0,-0.016327622376436556
342,stimulus,50,7,6,1,1,1.0,1.0,0,nan,nan,nan,0.0,-0.016327622376436556
343,stimulus,50,6,5,0,1,1.0,1.0,0,nan,nan,nan,0.0,-0.016327622376436556
344,stimulus,50,7,6,1,1,1.0,1.0,0,nan,nan,nan,0.0,-0.016327622376436556
345,stimulus,50,8,5,0,0,-1.0,-1.0,1,4,0,1,0.0,-0.016327622376436556
346,stimulus,50,1,3,0,0,-1.0,-1.0,1,0,1,0,0.0,-0.016327622376436556
347,stimulus,50,7,5,1,0,-1.0,-1.0,1,0,1,0,0.0,-0.016327622376436556
348,stimulus,50,5,5,1,1,1.0,1.0,0,nan,nan,nan,0.0,-0.016327622376436556
349,stimulus,50,8,4,0,0,-1.0,-1.0,1,1,0,0,0.0,-0.016327622376436556
350,stimulus,50,8,3,0,0,-1.0,-1.0,1,0,1,0,0.0,-0.016327622376436556
351,stimulus,50,5,3,0,0,-1.0,-1.0,1,0,1,0,0.0,-0.016327622376436556
352,stimulus,50,6,5,1,1,1.0,1.0,0,nan,nan,nan,0.0,-0.016327622376436556
353,stimulus,50,2,4,0,0,-1.0,-1.0,1,1,0,0,0.0,-0.016327622376436556
354,stimulus,50,1,5,1,0,-1.0,-1.0,1,0,1,0,0.0,-0.016327622376436556
355,stimulus,50,6,3,0,0,-1.0,-1.0,1,0,1,0,0.0,-0.016327622376436556
356,stimulus,50,0,3,0,0,-1.0,-1.0,1,0,1,0,0.0,-0.016327622376436556
357,stimulus,50,4,5,1,1,1.0,1.0,0,nan,nan,nan,0.0,-0.016327622376436556
358,stimulus,50,2,6,1,0,-1.0,-1.0,1,1,0,0,0.0,-0.016327622376436556
359,stimulus,50,2,3,0,1,1.0,1.0,0,nan,nan,nan,0.0,-0.016327622376436556
360,stimulus,50,8,4,1,0,-1.0,-1.0,1,1,0,0,0.0,-0.016327622376436556
361,stimulus,50,0,5,1,0,-1.0,-1.0,1,0,1,0,0.0,-0.016327622376436556
362,stimulus,50,6,5,1,1,1.0,1.0,0,nan,nan,nan,0.0,-0.016327622376436556
363,stimulus,50,3,4,0,1,1.0,1.0,0,nan,nan,nan,0.0,-0.016327622376436556
364,stimulus,50,7,5,1,0,-1.0,-1.0,1,2,0,0,0.0,-0.016327622376436556
365,stimulus,50,4,5,1,1,1.0,1.0,0,nan,nan,nan,0.0,-0.016327622376436556
366,stimulus,50,6,6,1,1,1.0,1.0,0,nan,nan,nan,0.0,-0.016327622376436556
367,stimulus,50,8,7,1,1,1.0,1.0,0,nan,nan,nan,0.0,-0.016327622376436556
368,stimulus,50,4,8,1,0,-1.0,-1.0,1,3,0,1,0.0,-0.016327622376436556
369,stimulus,50,4,3,0,1,1.0,1.0,0,nan,nan,nan,0.0,-0.016327622376436556
370,stimulus,50,8,2,0,0,-1.0,-1.0,1,1,0,0,0.0,-0.016327622376436556
371,stimulus,50,7,3,0,0,-1.0,-1.0,1,0,1,0,0.0,-0.016327622376436556
372,stimulus,50,3,5,1,0,-1.0,-1.0,1,0,1,0,0.0,-0.016327622376436556
373,stimulus,50,8,5,1,0,-1.0,-1.0,1,0,1,0,0.0,-0.016327622376436556
374,stimulus,50,2,5,1,0,-1.0,-1.0,1,0,1,0,0.0,-0.016327622376436556
375,stimulus,50,8,5,1,0,-1.0,-1.0,1,0,1,0,0.0,-0.016327622376436556
376,stimulus,50,5,3,0,0,-1.0,-1.0,1,0,1,0,0.0,-0.016327622376436556
377,stimulus,50,0,3,0,0,-1.0,-1.0,1,0,1,0,0.0,-0.016327622376436556
378,stimulus,50,4,3,0,1,1.0,1.0,0,nan,nan,nan,0.0,-0.016327622376436556
379,stimulus,50,3,2,0,1,1.0,1.0,0,nan,nan,nan,0.0,-0.016327622376436556
380,stimulus,50,6,1,0,0,-1.0,-1.0,1,2,0,0,0.0,-0.016327622376436556
381,stimulus,50,8,3,0,0,-1.0,-1.0,1,0,1,0,0.0,-0.016327622376436556
382,stimulus,50,8,3,0,0,-1.0,-1.0,1,0,1,0,0.0,-0.016327622376436556
383,stimulus,50,6,5,1,1,1.0,1.0,0,nan,nan,nan,0.0,-0.016327622376436556
384,stimulus,50,1,6,1,0,-1.0,-1.0,1,1,0,0,0.0,-0.016327622376436556
385,stimulus,50,8,3,0,0,-1.0,-1.0,1,0,1,0,0.0,-0.016327622376436556
386,stimulus,50,5,5,1,1,1.0,1.0,0,nan,nan,nan,0.0,-0.016327622376436556
387,stimulus,50,6,6,1,1,1.0,1.0,0,nan,nan,nan,0.0,-0.016327622376436556
388,stimulus,50,4,7,1,0,-1.0,-1.0,1,2,0,0,0.0,-0.016327622376436556
389,stimulus,50,5,3,0,0,-1.0,-1.0,1,0,1,0,0.0,-0.016327622376436556
390,stimulus,50,1,5,1,0,-1.0,-1.0,1,0,1,0,0.0,-0.016327622376436556
391,stimulus,50,5,3,0,0,-1.0,-1.0,1,0,1,0,0.0,-0.016327622376436556
392,stimulus,50,5,3,0,0,-1.0,-1.0,1,0,1,0,0.0,-0.016327622376436556
393,stimulus,50,6,5,1,1,1.0,1.0,0,nan,nan,nan,0.0,-0.016327622376436556
394,stimulus,50,8,4,0,0,-1.0,-1.0,1,1,0,0,0.0,-0.016327622376436556
395,stimulus,50,6,5,1,1,1.0,1.0,0,nan,nan,nan,0.0,-0.016327622376436556
396,stimulus,50,8,4,0,0,-1.0,-1.0,1,1,0,0,0.0,-0.016327622376436556
397,stimulus,50,4,3,0,1,1.0,1.0,0,nan,nan,nan,0.0,-0.016327622376436556
398,stimulus,50,6,4,1,0,-1.0,-1.0,1,1,0,0,0.0,-0.016327622376436556
399,stimulus,50,8,3,0,0,-1.0,-1.0,1,0,1,0,0.0,-0.016327622376436556
400,stimulus,50,4,3,0,1,1.0,1.0,0,nan,nan,nan,0.0,-0.016327622376436556
401,stimulus,50,1,2,0,1,1.0,1.0,0,nan,nan,nan,0.0,-0.016327622376436556
402,stimulus,50,0,1,0,1,1.0,1.0,0,nan,nan,nan,0.0,-0.016327622376436556
403,stimulus,50,7,2,1,0,-1.0,-1.0,1,3,0,1,0.0,-0.016327622376436556
404,stimulus,50,2,5,1,0,-1.0,-1.0,1,0,1,0,0.0,-0.016327622376436556
405,stimulus,50,4,3,0,1,1.0,1.0,0,nan,nan,nan,0.0,-0.016327622376436556
406,stimulus,50,3,2,0,1,1.0,1.0,0,nan,nan,nan,0.0,-0.016327622376436556
407,stimulus,50,4,1,0,0,-1.0,-1.0,1,2,0,0,0.0,-0.016327622376436556
408,stimulus,50,3,5,1,0,-1.0,-1.0,1,0,1,0,0.0,-0.016327622376436556
409,stimulus,50,0,3,0,0,-1.0,-1.0,1,0,1,0,0.0,-0.016327622376436556
410,stimulus,50,3,3,0,1,1.0,1.0,0,nan,nan,nan,0.0,-0.016327622376436556
411,stimulus,50,3,2,0,1,1.0,1.0,0,nan,nan,nan,0.0,-0.016327622376436556
412,stimulus,50,0,3,1,0,-1.0,-1.0,1,2,0,0,0.0,-0.016327622376436556
413,stimulus,50,0,5,1,0,-1.0,-1.0,1,0,1,0,0.0,-0.016327622376436556
414,stimulus,50,6,3,0,0,-1.0,-1.0,1,0,1,0,0.0,-0.016327622376436556
415,stimulus,50,8,3,0,0,-1.0,-1.0,1,0,1,0,0.0,-0.016327622376436556
416,stimulus,50,5,3,0,0,-1.0,-1.0,1,0,1,0,0.0,-0.016327622376436556
417,stimulus,50,4,3,0,1,1.0,1.0,0,nan,nan,nan,0.0,-0.016327622376436556
418,stimulus,50,0,2,0,0,-1.0,-1.0,1,1,0,0,0.0,-0.016327622376436556
419,stimulus,50,0,3,0,0,-1.0,-1.0,1,0,1,0,0.0,-0.016327622376436556
420,stimulus,50,8,5,1,0,-1.0,-1.0,1,0,1,0,0.0,-0.016327622376436556
421,stimulus,50,6,3,0,0,-1.0,-1.0,1,0,1,0,0.0,-0.016327622376436556
422,stimulus,50,6,3,0,0,-1.0,-1.0,1,0,1,0,0.0,-0.016327622376436556
423,stimulus,50,6,5,1,1,1.0,1.0,0,nan,nan,nan,0.0,-0.016327622376436556
424,stimulus,50,2,4,0,0,-1.0,-1.0,1,1,0,0,0.0,-0.016327622376436556
425,stimulus,50,4,3,0,1,1.0,1.0,0,nan,nan,nan,0.0,-0.016327622376436556
426,stimulus,50,3,2,0,1,1.0,1.0,0,nan,nan,nan,0.0,-0.016327622376436556
427,stimulus,50,5,1,0,0,-1.0,-1.0,1,2,0,0,0.0,-0.016327622376436556
428,stimulus,50,2,3,0,1,1.0,1.0,0,nan,nan,nan,0.0,-0.016327622376436556
429,stimulus,50,4,2,0,0,-1.0,-1.0,1,1,0,0,0.0,-0.016327622376436556
430,stimulus,50,1,3,0,0,-1.0,-1.0,1,0,1,0,0.0,-0.016327622376436556
431,stimulus,50,8,5,1,0,-1.0,-1.0,1,0,1,0,0.0,-0.016327622376436556
432,stimulus,50,6,5,1,1,1.0,1.0,0,nan,nan,nan,0.0,-0.016327622376436556
433,stimulus,50,0,6,1,0,-1.0,-1.0,1,1,0,0,0.0,-0.016327622376436556
434,stimulus,50,4,5,1,1,1.0,1.0,0,nan,nan,nan,0.0,-0.016327622376436556
435,stimulus,50,8,4,0,0,-1.0,-1.0,1,1,0,0,0.0,-0.016327622376436556
436,stimulus,50,1,3,0,0,-1.0,-1.0,1,0,1,0,0.0,-0.016327622376436556
437,stimulus,50,6,3,0,0,-1.0,-1.0,1,0,1,0,0.0,-0.016327622376436556
438,stimulus,50,7,3,0,0,-1.0,-1.0,1,0,1,0,0.0,-0.016327622376436556
439,stimulus,50,7,5,1,0,-1.0,-1.0,1,0,1,0,0.0,-0.016327622376436556
440,stimulus,50,0,5,1,0,-1.0,-1.0,1,0,1,0,0.0,-0.016327622376436556
441,stimulus,50,0,3,0,0,-1.0,-1.0,1,0,1,0,0.0,-0.016327622376436556
442,stimulus,50,8,5,1,0,-1.0,-1.0,1,0,1,0,0.0,-0.016327622376436556
443,stimulus,50,7,5,1,0,-1.0,-1.0,1,0,1,0,0.0,-0.016327622376436556
444,stimulus,50,2,3,0,1,1.0,1.0,0,nan,nan,nan,0.0,-0.016327622376436556
445,stimulus,50,6,4,1,0,-1.0,-1.0,1,1,0,0,0.0,-0.016327622376436556
446,stimulus,50,8,5,1,0,-1.0,-1.0,1,0,1,0,0.0,-0.016327622376436556
447,stimulus,50,1,5,1,0,-1.0,-1.0,1,0,1,0,0.0,-0.016327622376436556
448,stimulus,50,6,3,0,0,-1.0,-1.0,1,0,1,0,0.0,-0.016327622376436556
449,stimulus,50,1,5,1,0,-1.0,-1.0,1,0,1,0,0.0,-0.016327622376436556
450,stimulus,50,1,3,0,0,-1.0,-1.0,1,0,1,0,0.0,-0.016327622376436556
451,stimulus,50,3,5,1,0,-1.0,-1.0,1,0,1,0,0.0,-0.016327622376436556
452,stimulus,50,0,5,1,0,-1.0,-1.0,1,0,1,0,0.0,-0.016327622376436556
453,stimulus,50,4,3,0,1,1.0,1.0,0,nan,nan,nan,0.0,-0.016327622376436556
454,stimulus,50,5,2,0,0,-1.0,-1.0,1,1,0,0,0.0,-0.016327622376436556
455,stimulus,50,5,5,1,1,1.0,1.0,0,nan,nan,nan,0.0,-0.016327622376436556
456,stimulus,50,8,4,0,0,-1.0,-1.0,1,1,0,0,0.0,-0.016327622376436556
457,stimulus,50,3,3,0,1,1.0,1.0,0,nan,nan,nan,0.0,-0.016327622376436556
458,stimulus,50,5,2,0,0,-1.0,-1.0,1,1,0,0,0.0,-0.016327622376436556
459,stimulus,50,6,3,0,0,-1.0,-1.0,1,0,1,0,0.0,-0.016327622376436556
460,stimulus,50,7,5,1,0,-1.0,-1.0,1,0,1,0,0.0,-0.016327622376436556
461,stimulus,50,1,3,0,0,-1.0,-1.0,1,0,1,0,0.0,-0.016327622376436556
462,stimulus,50,2,5,1,0,-1.0,-1.0,1,0,1,0,0.0,-0.016327622376436556
463,stimulus,50,0,3,0,0,-1.0,-1.0,1,0,1,0,0.0,-0.016327622376436556
464,stimulus,50,5,3,0,0,-1.0,-1.0,1,0,1,0,0.0,-0.016327622376436556
465,stimulus,50,0,3,0,0,-1.0,-1.0,1,0,1,0,0.0,-0.016327622376436556
466,stimulus,50,8,5,1,0,-1.0,-1.0,1,0,1,0,0.0,-0.016327622376436556
467,stimulus,50,0,3,0,0,-1.0,-1.0,1,0,1,0,0.0,-0.016327622376436556
468,stimulus,50,0,5,1,0,-1.0,-1.0,1,0,1,0,0.0,-0.016327622376436556
469,stimulus,50,8,3,0,0,-1.0,-1.0,1,0,1,0,0.0,-0.016327622376436556
470,stimulus,50,7,5,1,0,-1.0,-1.0,1,0,1,0,0.0,-0.016327622376436556
471,stimulus,50,7,5,1,0,-1.0,-1.0,1,0,1,0,0.0,-0.016327622376436556
472,stimulus,50,3,3,0,1,1.0,1.0,0,nan,nan,nan,0.0,-0.016327622376436556
473,stimulus,50,8,2,0,0,-1.0,-1.0,1,1,0,0,0.0,-0.016327622376436556
474,stimulus,50,7,3,0,0,-1.0,-1.0,1,0,1,0,0.0,-0.016327622376436556
475,stimulus,50,7,3,0,0,-1.0,-1.0,1,0,1,0,0.0,-0.016327622376436556
476,stimulus,50,8,5,1,0,-1.0,-1.0,1,0,1,0,0.0,-0.016327622376436556
477,stimulus,50,0,3,0,0,-1.0,-1.0,1,0,1,0,0.0,-0.016327622376436556
478,stimulus,50,7,3,0,0,-1.0,-1.0,1,0,1,0,0.0,-0.016327622376436556
479,stimulus,50,1,3,0,0,-1.0,-1.0,1,0,1,0,0.0,-0.016327622376436556
480,stimulus,50,2,3,0,1,1.0,1.0,0,nan,nan,nan,0.0,-0.016327622376436556
481,stimulus,50,5,2,0,0,-1.0,-1.0,1,1,0,0,0.0,-0.016327622376436556
482,stimulus,50,3,3,0,1,1.0,1.0,0,nan,nan,nan,0.0,-0.016327622376436556
483,stimulus,50,3,2,0,1,1.0,1.0,0,nan,nan,nan,0.0,-0.016327622376436556
484,stimulus,50,1,1,0,1,1.0,1.0,0,nan,nan,nan,0.0,-0.016327622376436556
485,stimulus,50,5,0,0,0,-1.0,-1.0,1,3,0,1,0.0,-0.016327622376436556
486,stimulus,50,7,3,0,0,-1.0,-1.0,1,0,1,0,0.0,-0.016327622376436556
487,stimulus,50,0,5,1,0,-1.0,-1.0,1,0,1,0,0.0,-0.016327622376436556
488,stimulus,50,1,5,1,0,-1.0,-1.0,1,0,1,0,0.0,-0.016327622376436556
489,stimulus,50,7,3,0,0,-1.0,-1.0,1,0,1,0,0.0,-0.016327622376436556
490,stimulus,50,3,3,0,1,1.0,1.0,0,nan,nan,nan,0.0,-0.016327622376436556
491,stimulus,50,2,4,1,0,-1.0,-1.0,1,1,0,0,0.0,-0.016327622376436556
492,stimulus,50,1,3,0,0,-1.0,-1.0,1,0,1,0,0.0,-0.016327622376436556
493,stimulus,50,7,5,1,0,-1.0,-1.0,1,0,1,0,0.0,-0.016327622376436556
494,stimulus,50,6,3,0,0,-1.0,-1.0,1,0,1,0,0.0,-0.016327622376436556
495,stimulus,50,4,3,0,1,1.0,1.0,0,nan,nan,nan,0.0,-0.016327622376436556
496,stimulus,50,3,2,0,1,1.0,1.0,0,nan,nan,nan,0.0,-0.016327622376436556
497,stimulus,50,5,3,1,0,-1.0,-1.0,1,2,0,0,0.0,-0.016327622376436556
498,stimulus,50,1,5,1,0,-1.0,-1.0,1,0,1,0,0.0,-0.016327622376436556
499,stimulus,50,4,3,0,1,1.0,1.0,0,nan,nan,nan,0.0,-0.016327622376436556
500,stimulus,50,5,2,0,0,-1.0,-1.0,1,1,0,0,0.0,-0.016327622376436556
501,stimulus,50,6,3,0,0,-1.0,-1.0,1,0,1,0,0.0,-0.016327622376436556
502,stimulus,50,0,5,1,0,-1.0,-1.0,1,0,1,0,0.0,-0.016327622376436556
503,stimulus,50,6,3,0,0,-1.0,-1.0,1,0,1,0,0.0,-0.016327622376436556
504,stimulus,50,6,5,1,1,1.0,1.0,0,nan,nan,nan,0.0,-0.016327622376436556
505,stimulus,50,6,6,1,1,1.0,1.0,0,nan,nan,nan,0.0,-0.016327622376436556
506,stimulus,50,0,5,0,0,-1.0,-1.0,1,2,0,0,1.692224964866911e-06,-0.01632593015147169
507,stimulus,50,7,3,0,0,-1.0,-1.0,1,0,1,0,0.0,-0.01632593015147169
508,stimulus,50,7,3,0,0,-1.0,-1.0,1,0,1,0,0.0,-0.01632593015147169
509,stimulus,50,1,5,1,0,-1.0,-1.0,1,0,1,0,0.0,-0.01632593015147169
510,stimulus,50,6,3,0,0,-1.0,-1.0,1,0,1,0,0.0,-0.01632593015147169
511,stimulus,50,1,3,0,0,-1.0,-1.0,1,0,1,0,0.0,-0.01632593015147169
512,stimulus,50,0,3,0,0,-1.0,-1.0,1,0,1,0,0.0,-0.01632593015147169
513,stimulus,50,3,5,1,0,-1.0,-1.0,1,0,1,0,0.0,-0.01632593015147169
514,stimulus,50,7,3,0,0,-1.0,-1.0,1,0,1,0,0.0,-0.01632593015147169
515,stimulus,50,4,3,0,1,1.0,1.0,0,nan,nan,nan,0.0,-0.01632593015147169
516,stimulus,50,1,2,0,1,1.0,1.0,0,nan,nan,nan,0.0,-0.01632593015147169
517,stimulus,50,8,3,1,0,-1.0,-1.0,1,2,0,0,0.0,-0.01632593015147169
518,stimulus,50,5,5,1,1,1.0,1.0,0,nan,nan,nan,0.0,-0.01632593015147169
519,stimulus,50,1,4,0,0,-1.0,-1.0,1,1,0,0,0.0,-0.01632593015147169
520,stimulus,50,8,5,1,0,-1.0,-1.0,1,0,1,0,0.0,-0.01632593015147169
521,stimulus,50,1,5,1,0,-1.0,-1.0,1,0,1,0,0.0,-0.01632593015147169
522,stimulus,50,0,3,0,0,-1.0,-1.0,1,0,1,0,0.0,-0.01632593015147169
523,stimulus,50,6,3,0,0,-1.0,-1.0,1,0,1,0,0.0,-0.01632593015147169
524,stimulus,50,2,3,0,1,1.0,1.0,0,nan,nan,nan,0.0,-0.01632593015147169
525,stimulus,50,5,2,0,0,-1.0,-1.0,1,1,0,0,0.0,-0.01632593015147169
526,stimulus,50,4,3,0,1,1.0,1.0,0,nan,nan,nan,0.0,-0.01632593015147169
527,stimulus,50,5,4,1,1,1.0,1.0,0,nan,nan,nan,0.0,-0.01632593015147169
528,stimulus,50,0,5,1,0,-1.0,-1.0,1,2,0,0,0.0,-0.01632593015147169
529,stimulus,50,0,5,1,0,-1.0,-1.0,1,0,1,0,0.0,-0.01632593015147169
530,stimulus,50,3,5,1,0,-1.0,-1.0,1,0,1,0,0.0,-0.01632593015147169
531,stimulus,50,7,3,0,0,-1.0,-1.0,1,0,1,0,0.0,-0.01632593015147169
532,stimulus,50,1,5,1,0,-1.0,-1.0,1,0,1,0,0.0,-0.01632593015147169
533,stimulus,50,7,3,0,0,-1.0,-1.0,1,0,1,0,0.0,-0.01632593015147169
534,stimulus,50,3,5,1,0,-1.0,-1.0,1,0,1,0,0.0,-0.01632593015147169
535,stimulus,50,4,5,1,1,1.0,1.0,0,nan,nan,nan,0.0,-0.01632593015147169
536,stimulus,50,5,4,0,1,1.0,1.0,0,nan,nan,nan,0.0,-0.01632593015147169
537,stimulus,50,7,5,1,0,-1.0,-1.0,1,2,0,0,0.0,-0.01632593015147169
538,stimulus,50,8,5,1,0,-1.0,-1.0,1,0,1,0,0.0,-0.01632593015147169
539,stimulus,50,6,5,1,1,1.0,1.0,0,nan,nan,nan,0.0,-0.01632593015147169
540,stimulus,50,1,6,1,0,-1.0,-1.0,1,1,0,0,0.0,-0.01632593015147169
541,stimulus,50,2,3,0,1,1.0,1.0,0,nan,nan,nan,0.0,-0.01632593015147169
542,stimulus,50,7,4,1,0,-1.0,-1.0,1,1,0,0,0.0,-0.01632593015147169
543,stimulus,50,7,3,0,0,-1.0,-1.0,1,0,1,0,0.0,-0.01632593015147169
544,stimulus,50,6,3,0,0,-1.0,-1.0,1,0,1,0,0.0,-0.01632593015147169
545,stimulus,50,1,3,0,0,-1.0,-1.0,1,0,1,0,0.0,-0.01632593015147169
546,stimulus,50,4,3,0,1,1.0,1.0,0,nan,nan,nan,0.0,-0.01632593015147169
547,stimulus,50,8,4,1,0,-1.0,-1.0,1,1,0,0,0.0,-0.01632593015147169
548,stimulus,50,1,3,0,0,-1.0,-1.0,1,0,1,0,0.0,-0.01632593015147169
549,stimulus,50,1,5,1,0,-1.0,-1.0,1,0,1,0,0.0,-0.01632593015147169
550,stimulus,50,1,5,1,0,-1.0,-1.0,1,0,1,0,0.0,-0.01632593015147169
551,stimulus,50,0,3,0,0,-1.0,-1.0,1,0,1,0,0.0,-0.01632593015147169
552,stimulus,50,8,3,0,0,-1.0,-1.0,1,0,1,0,0.0,-0.01632593015147169
553,stimulus,50,4,3,0,1,1.0,1.0,0,nan,nan,nan,0.0,-0.01632593015147169
554,stimulus,50,5,2,0,0,-1.0,-1.0,1,1,0,0,0.0,-0.01632593015147169
555,stimulus,50,0,5,1,0,-1.0,-1.0,1,0,1,0,0.0,-0.01632593015147169
556,stimulus,50,3,3,0,1,1.0,1.0,0,nan,nan,nan,0.0,-0.01632593015147169
557,stimulus,50,8,4,1,0,-1.0,-1.0,1,1,0,0,0.0,-0.01632593015147169
558,stimulus,50,5,3,0,0,-1.0,-1.0,1,0,1,0,0.0,-0.01632593015147169
559,stimulus,50,3,5,1,0,-1.0,-1.0,1,0,1,0,0.0,-0.01632593015147169
560,stimulus,50,8,5,1,0,-1.0,-1.0,1,0,1,0,0.0,-0.01632593015147169
561,stimulus,50,1,5,1,0,-1.0,-1.0,1,0,1,0,0.0,-0.01632593015147169
562,stimulus,50,5,3,0,0,-1.0,-1.0,1,0,1,0,0.0,-0.01632593015147169
563,stimulus,50,4,5,1,1,1.0,1.0,0,nan,nan,nan,0.0,-0.01632593015147169
564,stimulus,50,5,4,0,1,1.0,1.0,0,nan,nan,nan,0.0,-0.01632593015147169
565,stimulus,50,3,3,0,1,1.0,1.0,0,nan,nan,nan,0.0,-0.01632593015147169
566,stimulus,50,3,2,0,1,1.0,1.0,0,nan,nan,nan,0.0,-0.01632593015147169
567,stimulus,50,1,1,0,1,1.0,1.0,0,nan,nan,nan,0.0,-0.01632593015147169
568,stimulus,50,1,0,0,1,1.0,1.0,0,nan,nan,nan,0.0,-0.01632593015147169
569,stimulus,50,1,1,1,1,1.0,1.0,0,nan,nan,nan,0.0,-0.01632593015147169
570,stimulus,50,8,2,1,0,-1.0,-1.0,1,7,0,1,0.00018025448398837395,-0.016145675667483313
571,stimulus,50,3,5,1,0,-1.0,-1.0,1,0,1,0,0.0,-0.016145675667483313
572,stimulus,50,5,5,1,1,1.0,1.0,0,nan,nan,nan,0.0,-0.016145675667483313
573,stimulus,50,0,6,1,0,-1.0,-1.0,1,1,0,0,0.0,-0.016145675667483313
574,stimulus,50,3,5,1,0,-1.0,-1.0,1,0,1,0,0.0,-0.016145675667483313
575,stimulus,50,0,5,1,0,-1.0,-1.0,1,0,1,0,0.0,-0.016145675667483313
576,stimulus,50,8,5,1,0,-1.0,-1.0,1,0,1,0,0.0,-0.016145675667483313
577,stimulus,50,2,5,1,0,-1.0,-1.0,1,0,1,0,0.0,-0.016145675667483313
578,stimulus,50,7,3,0,0,-1.0,-1.0,1,0,1,0,0.0,-0.016145675667483313
579,stimulus,50,3,3,0,1,1.0,1.0,0,nan,nan,nan,0.0,-0.016145675667483313
580,stimulus,50,6,4,1,0,-1.0,-1.0,1,1,0,0,0.0,-0.016145675667483313
581,stimulus,50,4,5,1,1,1.0,1.0,0,nan,nan,nan,0.0,-0.016145675667483313
582,stimulus,50,0,4,0,0,-1.0,-1.0,1,1,0,0,0.0,-0.016145675667483313
583,stimulus,50,5,3,0,0,-1.0,-1.0,1,0,1,0,0.0,-0.016145675667483313
584,stimulus,50,4,5,1,1,1.0,1.0,0,nan,nan,nan,0.0,-0.016145675667483313
585,stimulus,50,4,6,1,0,-1.0,-1.0,1,1,0,0,0.0,-0.016145675667483313
586,stimulus,50,1,3,0,0,-1.0,-1.0,1,0,1,0,0.0,-0.016145675667483313
587,stimulus,50,2,5,1,0,-1.0,-1.0,1,0,1,0,0.0,-0.016145675667483313
588,stimulus,50,4,5,1,1,1.0,1.0,0,nan,nan,nan,0.0,-0.016145675667483313
589,stimulus,50,1,4,0,0,-1.0,-1.0,1,1,0,0,0.0,-0.016145675667483313
590,stimulus,50,8,5,1,0,-1.0,-1.0,1,0,1,0,0.0,-0.016145675667483313
591,stimulus,50,8,5,1,0,-1.0,-1.0,1,0,1,0,0.0,-0.016145675667483313
592,stimulus,50,4,3,0,1,1.0,1.0,0,nan,nan,nan,0.0,-0.016145675667483313
593,stimulus,50,0,2,0,0,-1.0,-1.0,1,1,0,0,0.0,-0.016145675667483313
594,stimulus,50,6,3,0,0,-1.0,-1.0,1,0,1,0,0.0,-0.016145675667483313
595,stimulus,50,6,3,0,0,-1.0,-1.0,1,0,1,0,0.0,-0.016145675667483313
596,stimulus,50,5,5,1,1,1.0,1.0,0,nan,nan,nan,0.0,-0.016145675667483313
597,stimulus,50,7,4,0,0,-1.0,-1.0,1,1,0,0,0.0,-0.016145675667483313
598,stimulus,50,6,5,1,1,1.0,1.0,0,nan,nan,nan,0.0,-0.016145675667483313
599,stimulus,50,3,4,0,1,1.0,1.0,0,nan,nan,nan,0.0,-0.016145675667483313
600,stimulus,50,0,5,1,0,-1.0,-1.0,1,2,0,0,0.0,-0.016145675667483313
601,stimulus,50,6,3,0,0,-1.0,-1.0,1,0,1,0,0.0,-0.016145675667483313
602,stimulus,50,1,5,1,0,-1.0,-1.0,1,0,1,0,0.0,-0.016145675667483313
603,stimulus,50,7,5,1,0,-1.0,-1.0,1,0,1,0,0.0,-0.016145675667483313
604,stimulus,50,0,5,1,0,-1.0,-1.0,1,0,1,0,0.0,-0.016145675667483313
605,stimulus,50,0,3,0,0,-1.0,-1.0,1,0,1,0,0.0,-0.016145675667483313
606,stimulus,50,6,5,1,1,1.0,1.0,0,nan,nan,nan,0.0,-0.016145675667483313
607,stimulus,50,4,6,1,0,-1.0,-1.0,1,1,0,0,0.0,-0.016145675667483313
608,stimulus,50,2,3,0,1,1.0,1.0,0,nan,nan,nan,0.0,-0.016145675667483313
609,stimulus,50,4,4,1,1,1.0,1.0,0,nan,nan,nan,0.0,-0.016145675667483313
610,stimulus,50,5,3,0,0,-1.0,-1.0,1,2,0,0,0.0,-0.016145675667483313
611,stimulus,50,5,3,0,0,-1.0,-1.0,1,0,1,0,0.0,-0.016145675667483313
612,stimulus,50,5,5,1,1,1.0,1.0,0,nan,nan,nan,0.0,-0.016145675667483313
613,stimulus,50,0,6,1,0,-1.0,-1.0,1,1,0,0,0.0,-0.016145675667483313
614,stimulus,50,1,5,1,0,-1.0,-1.0,1,0,1,0,0.0,-0.016145675667483313
615,stimulus,50,1,5,1,0,-1.0,-1.0,1,0,1,0,0.0,-0.016145675667483313
616,stimulus,50,8,3,0,0,-1.0,-1.0,1,0,1,0,0.0,-0.016145675667483313
617,stimulus,50,8,3,0,0,-1.0,-1.0,1,0,1,0,0.0,-0.016145675667483313
618,stimulus,50,0,5,1,0,-1.0,-1.0,1,0,1,0,0.0,-0.016145675667483313
619,stimulus,50,4,3,0,1,1.0,1.0,0,nan,nan,nan,0.0,-0.016145675667483313
620,stimulus,50,1,2,0,1,1.0,1.0,0,nan,nan,nan,0.0,-0.016145675667483313
621,stimulus,50,2,3,1,1,1.0,1.0,0,nan,nan,nan,0.0,-0.016145675667483313
622,stimulus,50,6,2,0,0,-1.0,-1.0,1,3,0,1,0.0,-0.016145675667483313
623,stimulus,50,2,3,0,1,1.0,1.0,0,nan,nan,nan,0.0,-0.016145675667483313
624,stimulus,50,4,4,1,1,1.0,1.0,0,nan,nan,nan,0.0,-0.016145675667483313
625,stimulus,50,5,5,1,1,1.0,1.0,0,nan,nan,nan,0.0,-0.016145675667483313
626,stimulus,50,8,6,1,0,-1.0,-1.0,1,3,0,1,0.0,-0.016145675667483313
627,stimulus,50,3,3,0,1,1.0,1.0,0,nan,nan,nan,0.0,-0.016145675667483313
628,stimulus,50,3,4,1,1,1.0,1.0,0,nan,nan,nan,0.0,-0.016145675667483313
629,stimulus,50,1,5,1,0,-1.0,-1.0,1,2,0,0,0.0,-0.016145675667483313
630,stimulus,50,0,3,0,0,-1.0,-1.0,1,0,1,0,0.0,-0.016145675667483313
631,stimulus,50,4,3,0,1,1.0,1.0,0,nan,nan,nan,0.0,-0.016145675667483313
632,stimulus,50,3,2,0,1,1.0,1.0,0,nan,nan,nan,0.0,-0.016145675667483313
633,stimulus,50,3,1,0,0,-1.0,-1.0,1,2,0,0,0.0,-0.016145675667483313
634,stimulus,50,2,3,0,1,1.0,1.0,0,nan,nan,nan,0.0,-0.016145675667483313
635,stimulus,50,4,4,1,1,1.0,1.0,0,nan,nan,nan,0.0,-0.016145675667483313
636,stimulus,50,7,3,0,0,-1.0,-1.0,1,2,0,0,0.0,-0.016145675667483313
637,stimulus,50,1,3,0,0,-1.0,-1.0,1,0,1,0,0.0,-0.016145675667483313
638,stimulus,50,1,5,1,0,-1.0,-1.0,1,0,1,0,0.0,-0.016145675667483313
639,stimulus,50,5,3,0,0,-1.0,-1.0,1,0,1,0,0.0,-0.016145675667483313
640,stimulus,50,5,5,1,1,1.0,1.0,0,nan,nan,nan,0.0,-0.016145675667483313
641,stimulus,50,1,4,0,0,-1.0,-1.0,1,1,0,0,0.0,-0.016145675667483313
642,stimulus,50,0,5,1,0,-1.0,-1.0,1,0,1,0,0.0,-0.016145675667483313
643,stimulus,50,0,3,0,0,-1.0,-1.0,1,0,1,0,0.0,-0.016145675667483313
644,stimulus,50,6,5,1,1,1.0,1.0,0,nan,nan,nan,0.0,-0.016145675667483313
645,stimulus,50,4,6,1,0,-1.0,-1.0,1,1,0,0,0.0,-0.016145675667483313
646,stimulus,50,6,5,1,1,1.0,1.0,0,nan,nan,nan,0.0,-0.016145675667483313
647,stimulus,50,3,4,0,1,1.0,1.0,0,nan,nan,nan,0.0,-0.016145675667483313
648,stimulus,50,8,5,1,0,-1.0,-1.0,1,2,0,0,0.0,-0.016145675667483313
649,stimulus,50,5,3,0,0,-1.0,-1.0,1,0,1,0,0.0,-0.016145675667483313
650,stimulus,50,7,3,0,0,-1.0,-1.0,1,0,1,0,0.0,-0.016145675667483313
651,stimulus,50,3,3,0,1,1.0,1.0,0,nan,nan,nan,0.0,-0.016145675667483313
652,stimulus,50,8,4,1,0,-1.0,-1.0,1,1,0,0,0.0,-0.016145675667483313
653,stimulus,50,4,5,1,1,1.0,1.0,0,nan,nan,nan,0.0,-0.016145675667483313
654,stimulus,50,2,6,1,0,-1.0,-1.0,1,1,0,0,0.0,-0.016145675667483313
655,stimulus,50,7,5,1,0,-1.0,-1.0,1,0,1,0,0.0,-0.016145675667483313
656,stimulus,50,1,5,1,0,-1.0,-1.0,1,0,1,0,0.0,-0.016145675667483313
657,stimulus,50,1,3,0,0,-1.0,-1.0,1,0,1,0,0.0,-0.016145675667483313
658,stimulus,50,0,5,1,0,-1.0,-1.0,1,0,1,0,0.0,-0.016145675667483313
659,stimulus,50,4,5,1,1,1.0,1.0,0,nan,nan,nan,0.0,-0.016145675667483313
660,stimulus,50,7,6,1,1,1.0,1.0,0,nan,nan,nan,0.0,-0.016145675667483313
661,stimulus,50,7,5,0,0,-1.0,-1.0,1,2,0,0,0.0,-0.016145675667483313
662,stimulus,50,8,5,1,0,-1.0,-1.0,1,0,1,0,0.0,-0.016145675667483313
663,stimulus,50,4,5,1,1,1.0,1.0,0,nan,nan,nan,0.0,-0.016145675667483313
664,stimulus,50,2,4,0,0,-1.0,-1.0,1,1,0,0,0.0,-0.016145675667483313
665,stimulus,50,0,5,1,0,-1.0,-1.0,1,0,1,0,0.0,-0.016145675667483313
666,stimulus,50,4,5,1,1,1.0,1.0,0,nan,nan,nan,0.0,-0.016145675667483313
667,stimulus,50,2,6,1,0,-1.0,-1.0,1,1,0,0,0.0,-0.016145675667483313
668,stimulus,50,8,3,0,0,-1.0,-1.0,1,0,1,0,0.0,-0.016145675667483313
669,stimulus,50,2,5,1,0,-1.0,-1.0,1,0,1,0,0.0,-0.016145675667483313
670,stimulus,50,6,3,0,0,-1.0,-1.0,1,0,1,0,0.0,-0.016145675667483313
671,stimulus,50,6,3,0,0,-1.0,-1.0,1,0,1,0,0.0,-0.016145675667483313
672,stimulus,50,3,5,1,0,-1.0,-1.0,1,0,1,0,0.0,-0.016145675667483313
673,stimulus,50,3,5,1,0,-1.0,-1.0,1,0,1,0,0.0,-0.016145675667483313
674,stimulus,50,1,3,0,0,-1.0,-1.0,1,0,1,0,0.0,-0.016145675667483313
675,stimulus,50,8,3,0,0,-1.0,-1.0,1,0,1,0,0.0,-0.016145675667483313
676,stimulus,50,0,5,1,0,-1.0,-1.0,1,0,1,0,0.0,-0.016145675667483313
677,stimulus,50,4,5,1,1,1.0,1.0,0,nan,nan,nan,0.0,-0.016145675667483313
678,stimulus,50,6,6,1,1,1.0,1.0,0,nan,nan,nan,0.0,-0.016145675667483313
679,stimulus,50,2,7,1,0,-1.0,-1.0,1,2,0,0,0.0,-0.016145675667483313
680,stimulus,50,3,3,0,1,1.0,1.0,0,nan,nan,nan,0.0,-0.016145675667483313
681,stimulus,50,2,2,0,1,1.0,1.0,0,nan,nan,nan,0.0,-0.016145675667483313
682,stimulus,50,0,1,0,1,1.0,1.0,0,nan,nan,nan,0.0,-0.016145675667483313
683,stimulus,50,2,0,0,0,-1.0,-1.0,1,3,0,1,0.0,-0.016145675667483313
684,stimulus,50,7,3,0,0,-1.0,-1.0,1,0,1,0,0.0,-0.016145675667483313
685,stimulus,50,5,3,0,0,-1.0,-1.0,1,0,1,0,0.0,-0.016145675667483313
686,stimulus,50,5,3,0,0,-1.0,-1.0,1,0,1,0,0.0,-0.016145675667483313
687,stimulus,50,0,3,0,0,-1.0,-1.0,1,0,1,0,0.0,-0.016145675667483313
688,stimulus,50,5,5,1,1,1.0,1.0,0,nan,nan,nan,0.0,-0.016145675667483313
689,stimulus,50,2,4,0,0,-1.0,-1.0,1,1,0,0,0.0,-0.016145675667483313
690,stimulus,50,7,3,0,0,-1.0,-1.0,1,0,1,0,0.0,-0.016145675667483313
691,stimulus,50,8,3,0,0,-1.0,-1.0,1,0,1,0,0.0,-0.016145675667483313
692,stimulus,50,6,3,0,0,-1.0,-1.0,1,0,1,0,0.0,-0.016145675667483313
693,stimulus,50,0,5,1,0,-1.0,-1.0,1,0,1,0,0.0,-0.016145675667483313
694,stimulus,50,6,5,1,1,1.0,1.0,0,nan,nan,nan,0.0,-0.016145675667483313
695,stimulus,50,1,6,1,0,-1.0,-1.0,1,1,0,0,0.0,-0.016145675667483313
696,stimulus,50,2,3,0,1,1.0,1.0,0,nan,nan,nan,0.0,-0.016145675667483313
697,stimulus,50,6,2,0,0,-1.0,-1.0,1,1,0,0,0.0,-0.016145675667483313
698,stimulus,50,4,5,1,1,1.0,1.0,0,nan,nan,nan,0.0,-0.016145675667483313
699,stimulus,50,3,6,1,0,-1.0,-1.0,1,1,0,0,0.0,-0.016145675667483313
700,stimulus,50,4,5,1,1,1.0,1.0,0,nan,nan,nan,0.0,-0.016145675667483313
701,stimulus,50,1,6,1,0,-1.0,-1.0,1,1,0,0,0.0,-0.016145675667483313
702,stimulus,50,2,5,1,0,-1.0,-1.0,1,0,1,0,0.0,-0.016145675667483313
703,stimulus,50,2,3,0,1,1.0,1.0,0,nan,nan,nan,0.0,-0.016145675667483313
704,stimulus,50,7,4,1,0,-1.0,-1.0,1,1,0,0,0.0,-0.016145675667483313
705,stimulus,50,0,3,0,0,-1.0,-1.0,1,0,1,0,0.0,-0.016145675667483313
706,stimulus,50,2,5,1,0,-1.0,-1.0,1,0,1,0,0.0,-0.016145675667483313
707,stimulus,50,3,5,1,0,-1.0,-1.0,1,0,1,0,0.0,-0.016145675667483313
708,stimulus,50,5,5,1,1,1.0,1.0,0,nan,nan,nan,0.0,-0.016145675667483313
709,stimulus,50,7,6,1,1,1.0,1.0,0,nan,nan,nan,0.0,-0.016145675667483313
710,stimulus,50,3,7,1,0,-1.0,-1.0,1,2,0,0,0.0,-0.016145675667483313
711,stimulus,50,6,3,0,0,-1.0,-1.0,1,0,1,0,0.0,-0.016145675667483313
712,stimulus,50,3,5,1,0,-1.0,-1.0,1,0,1,0,0.0,-0.016145675667483313
713,stimulus,50,3,5,1,0,-1.0,-1.0,1,0,1,0,0.0,-0.016145675667483313
714,stimulus,50,4,3,0,1,1.0,1.0,0,nan,nan,nan,0.0,-0.016145675667483313
715,stimulus,50,8,2,0,0,-1.0,-1.0,1,1,0,0,0.0,-0.016145675667483313
716,stimulus,50,5,5,1,1,1.0,1.0,0,nan,nan,nan,0.0,-0.016145675667483313
717,stimulus,50,4,4,0,1,1.0,1.0,0,nan,nan,nan,0.0,-0.016145675667483313
718,stimulus,50,0,3,0,0,-1.0,-1.0,1,2,0,0,0.0,-0.016145675667483313
719,stimulus,50,2,3,0,1,1.0,1.0,0,nan,nan,nan,0.0,-0.016145675667483313
720,stimulus,50,3,2,0,1,1.0,1.0,0,nan,nan,nan,0.0,-0.016145675667483313
721,stimulus,50,6,1,0,0,-1.0,-1.0,1,2,0,0,0.0,-0.016145675667483313
722,stimulus,50,3,3,0,1,1.0,1.0,0,nan,nan,nan,0.0,-0.016145675667483313
723,stimulus,50,4,4,1,1,1.0,1.0,0,nan,nan,nan,0.0,-0.016145675667483313
724,stimulus,50,8,3,0,0,-1.0,-1.0,1,2,0,0,0.0,-0.016145675667483313
725,stimulus,50,6,3,0,0,-1.0,-1.0,1,0,1,0,0.0,-0.016145675667483313
726,stimulus,50,3,5,1,0,-1.0,-1.0,1,0,1,0,0.0,-0.016145675667483313
727,stimulus,50,5,5,1,1,1.0,1.0,0,nan,nan,nan,0.0,-0.016145675667483313
728,stimulus,50,5,6,1,1,1.0,1.0,0,nan,nan,nan,0.0,-0.016145675667483313
729,stimulus,50,7,5,0,0,-1.0,-1.0,1,2,0,0,0.0,-0.016145675667483313
730,stimulus,50,3,5,1,0,-1.0,-1.0,1,0,1,0,0.0,-0.016145675667483313
731,stimulus,50,1,3,0,0,-1.0,-1.0,1,0,1,0,0.0,-0.016145675667483313
732,stimulus,50,6,3,0,0,-1.0,-1.0,1,0,1,0,0.0,-0.016145675667483313
733,stimulus,50,4,5,1,1,1.0,1.0,0,nan,nan,nan,0.0,-0.016145675667483313
734,stimulus,50,4,4,0,1,1.0,1.0,0,nan,nan,nan,0.0,-0.016145675667483313
735,stimulus,50,4,5,1,1,1.0,1.0,0,nan,nan,nan,0.0,-0.016145675667483313
736,stimulus,50,2,6,1,0,-1.0,-1.0,1,3,0,1,0.0,-0.016145675667483313
737,stimulus,50,4,3,0,1,1.0,1.0,0,nan,nan,nan,0.0,-0.016145675667483313
738,stimulus,50,8,4,1,0,-1.0,-1.0,1,1,0,0,0.0,-0.016145675667483313
739,stimulus,50,0,3,0,0,-1.0,-1.0,1,0,1,0,0.0,-0.016145675667483313
740,stimulus,50,2,3,0,1,1.0,1.0,0,nan,nan,nan,0.0,-0.016145675667483313
741,stimulus,50,4,4,1,1,1.0,1.0,0,nan,nan,nan,0.0,-0.016145675667483313
742,stimulus,50,4,3,0,1,1.0,1.0,0,nan,nan,nan,0.0,-0.016145675667483313
743,stimulus,50,1,2,0,1,1.0,1.0,0,nan,nan,nan,0.0,-0.016145675667483313
744,stimulus,50,5,3,1,0,-1.0,-1.0,1,4,0,1,0.0,-0.016145675667483313
745,stimulus,50,2,3,0,1,1.0,1.0,0,nan,nan,nan,0.0,-0.016145675667483313
746,stimulus,50,5,2,0,0,-1.0,-1.0,1,1,0,0,0.0,-0.016145675667483313
747,stimulus,50,0,5,1,0,-1.0,-1.0,1,0,1,0,0.0,-0.016145675667483313
748,stimulus,50,6,3,0,0,-1.0,-1.0,1,0,1,0,0.0,-0.016145675667483313
749,stimulus,50,4,3,0,1,1.0,1.0,0,nan,nan,nan,0.0,-0.016145675667483313
750,stimulus,50,4,4,1,1,1.0,1.0,0,nan,nan,nan,0.0,-0.016145675667483313
751,stimulus,50,2,5,1,0,-1.0,-1.0,1,2,0,0,0.0,-0.016145675667483313
752,stimulus,50,7,5,1,0,-1.0,-1.0,1,0,1,0,0.0,-0.016145675667483313
753,stimulus,50,5,3,0,0,-1.0,-1.0,1,0,1,0,0.0,-0.016145675667483313
754,stimulus,50,6,3,0,0,-1.0,-1.0,1,0,1,0,0.0,-0.016145675667483313
755,stimulus,50,2,3,0,1,1.0,1.0,0,nan,nan,nan,0.0,-0.016145675667483313
756,stimulus,50,1,4,1,0,-1.0,-1.0,1,1,0,0,0.0,-0.016145675667483313
757,stimulus,50,8,5,1,0,-1.0,-1.0,1,0,1,0,0.0,-0.016145675667483313
758,stimulus,50,4,5,1,1,1.0,1.0,0,nan,nan,nan,0.0,-0.016145675667483313
759,stimulus,50,4,4,0,1,1.0,1.0,0,nan,nan,nan,0.0,-0.016145675667483313
760,stimulus,50,1,5,1,0,-1.0,-1.0,1,2,0,0,0.0,-0.016145675667483313
761,stimulus,50,2,3,0,1,1.0,1.0,0,nan,nan,nan,0.0,-0.016145675667483313
762,stimulus,50,2,2,0,1,1.0,1.0,0,nan,nan,nan,0.0,-0.016145675667483313
763,stimulus,50,1,3,1,0,-1.0,-1.0,1,2,0,0,0.0,-0.016145675667483313
764,stimulus,50,5,5,1,1,1.0,1.0,0,nan,nan,nan,0.0,-0.016145675667483313
765,stimulus,50,8,4,0,0,-1.0,-1.0,1,1,0,0,0.0,-0.016145675667483313
766,stimulus,50,0,3,0,0,-1.0,-1.0,1,0,1,0,0.0,-0.016145675667483313
767,stimulus,50,3,3,0,1,1.0,1.0,0,nan,nan,nan,0.0,-0.016145675667483313
768,stimulus,50,6,4,1,0,-1.0,-1.0,1,1,0,0,0.0,-0.016145675667483313
769,stimulus,50,4,5,1,1,1.0,1.0,0,nan,nan,nan,0.0,-0.016145675667483313
770,stimulus,50,6,4,0,0,-1.0,-1.0,1,1,0,0,0.0,-0.016145675667483313
771,stimulus,50,5,3,0,0,-1.0,-1.0,1,0,1,0,0.0,-0.016145675667483313
772,stimulus,50,1,3,0,0,-1.0,-1.0,1,0,1,0,0.0,-0.016145675667483313
773,stimulus,50,7,5,1,0,-1.0,-1.0,1,0,1,0,0.0,-0.016145675667483313
774,stimulus,50,3,3,0,1,1.0,1.0,0,nan,nan,nan,0.0,-0.016145675667483313
775,stimulus,50,4,4,1,1,1.0,1.0,0,nan,nan,nan,0.0,-0.016145675667483313
776,stimulus,50,6,3,0,0,-1.0,-1.0,1,2,0,0,0.0,-0.016145675667483313
777,stimulus,50,7,5,1,0,-1.0,-1.0,1,0,1,0,0.0,-0.016145675667483313
778,stimulus,50,5,3,0,0,-1.0,-1.0,1,0,1,0,0.0,-0.016145675667483313
779,stimulus,50,4,5,1,1,1.0,1.0,0,nan,nan,nan,0.0,-0.016145675667483313
780,stimulus,50,6,6,1,1,1.0,1.0,0,nan,nan,nan,0.0,-0.016145675667483313
781,stimulus,50,1,7,1,0,-1.0,-1.0,1,2,0,0,0.0,-0.016145675667483313
782,stimulus,50,6,5,1,1,1.0,1.0,0,nan,nan,nan,0.0,-0.016145675667483313
783,stimulus,50,5,4,0,1,1.0,1.0,0,nan,nan,nan,0.0,-0.016145675667483313
784,stimulus,50,8,5,1,0,-1.0,-1.0,1,2,0,0,0.0,-0.016145675667483313
785,stimulus,50,3,5,1,0,-1.0,-1.0,1,0,1,0,0.0,-0.016145675667483313
786,stimulus,50,1,3,0,0,-1.0,-1.0,1,0,1,0,0.0,-0.016145675667483313
787,stimulus,50,6,5,1,1,1.0,1.0,0,nan,nan,nan,0.0,-0.016145675667483313
788,stimulus,50,6,4,0,0,-1.0,-1.0,1,1,0,0,0.0,-0.016145675667483313
789,stimulus,50,2,3,0,1,1.0,1.0,0,nan,nan,nan,0.0,-0.016145675667483313
790,stimulus,50,7,4,1,0,-1.0,-1.0,1,1,0,0,0.0,-0.016145675667483313
791,stimulus,50,7,5,1,0,-1.0,-1.0,1,0,1,0,0.0,-0.016145675667483313
792,stimulus,50,2,3,0,1,1.0,1.0,0,nan,nan,nan,0.0,-0.016145675667483313
793,stimulus,50,4,4,1,1,1.0,1.0,0,nan,nan,nan,0.0,-0.016145675667483313
794,stimulus,50,1,3,0,0,-1.0,-1.0,1,2,0,0,0.0,-0.016145675667483313
795,stimulus,50,5,5,1,1,1.0,1.0,0,nan,nan,nan,0.0,-0.016145675667483313
796,stimulus,50,4,4,0,1,1.0,1.0,0,nan,nan,nan,0.0,-0.016145675667483313
797,stimulus,50,5,3,0,0,-1.0,-1.0,1,2,0,0,0.0,-0.016145675667483313
798,stimulus,50,2,5,1,0,-1.0,-1.0,1,0,1,0,0.0,-0.016145675667483313
799,stimulus,50,1,5,1,0,-1.0,-1.0,1,0,1,0,0.0,-0.016145675667483313
800,stimulus,50,8,5,1,0,-1.0,-1.0,1,0,1,0,0.0,-0.016145675667483313
801,stimulus,50,4,3,0,1,1.0,1.0,0,nan,nan,nan,0.0,-0.016145675667483313
802,stimulus,50,6,4,1,0,-1.0,-1.0,1,1,0,0,0.0,-0.016145675667483313
803,stimulus,50,0,3,0,0,-1.0,-1.0,1,0,1,0,0.0,-0.016145675667483313
804,stimulus,50,5,5,1,1,1.0,1.0,0,nan,nan,nan,0.0,-0.016145675667483313
805,stimulus,50,6,6,1,1,1.0,1.0,0,nan,nan,nan,0.0,-0.016145675667483313
806,stimulus,50,1,5,0,0,-1.0,-1.0,1,2,0,0,0.0,-0.016145675667483313
807,stimulus,50,5,3,0,0,-1.0,-1.0,1,0,1,0,0.0,-0.016145675667483313
808,stimulus,50,0,5,1,0,-1.0,-1.0,1,0,1,0,0.0,-0.016145675667483313
809,stimulus,50,2,3,0,1,1.0,1.0,0,nan,nan,nan,0.0,-0.016145675667483313
810,stimulus,50,0,4,1,0,-1.0,-1.0,1,1,0,0,0.0,-0.016145675667483313
811,stimulus,50,2,3,0,1,1.0,1.0,0,nan,nan,nan,0.0,-0.016145675667483313
812,stimulus,50,7,2,0,0,-1.0,-1.0,1,1,0,0,0.0,-0.016145675667483313
813,stimulus,50,4,3,0,1,1.0,1.0,0,nan,nan,nan,0.0,-0.016145675667483313
814,stimulus,50,1,4,1,0,-1.0,-1.0,1,1,0,0,0.0,-0.016145675667483313
815,stimulus,50,1,3,0,0,-1.0,-1.0,1,0,1,0,0.0,-0.016145675667483313
816,stimulus,50,0,3,0,0,-1.0,-1.0,1,0,1,0,0.0,-0.016145675667483313
817,stimulus,50,1,3,0,0,-1.0,-1.0,1,0,1,0,0.0,-0.016145675667483313
818,stimulus,50,7,5,1,0,-1.0,-1.0,1,0,1,0,0.0,-0.016145675667483313
819,stimulus,50,4,5,1,1,1.0,1.0,0,nan,nan,nan,0.0,-0.016145675667483313
820,stimulus,50,1,6,1,0,-1.0,-1.0,1,1,0,0,0.0,-0.016145675667483313
821,stimulus,50,1,3,0,0,-1.0,-1.0,1,0,1,0,0.0,-0.016145675667483313
822,stimulus,50,4,3,0,1,1.0,1.0,0,nan,nan,nan,0.0,-0.016145675667483313
823,stimulus,50,7,2,0,0,-1.0,-1.0,1,1,0,0,0.0,-0.016145675667483313
824,stimulus,50,2,5,1,0,-1.0,-1.0,1,0,1,0,0.0,-0.016145675667483313
825,stimulus,50,8,5,1,0,-1.0,-1.0,1,0,1,0,0.0,-0.016145675667483313
826,stimulus,50,6,5,1,1,1.0,1.0,0,nan,nan,nan,0.0,-0.016145675667483313
827,stimulus,50,7,4,0,0,-1.0,-1.0,1,1,0,0,0.0,-0.016145675667483313
828,stimulus,50,3,5,1,0,-1.0,-1.0,1,0,1,0,0.0,-0.016145675667483313
829,stimulus,50,8,3,0,0,-1.0,-1.0,1,0,1,0,0.0,-0.016145675667483313
830,stimulus,50,3,3,0,1,1.0,1.0,0,nan,nan,nan,0.0,-0.016145675667483313
831,stimulus,50,3,4,1,1,1.0,1.0,0,nan,nan,nan,0.0,-0.016145675667483313
832,stimulus,50,6,3,0,0,-1.0,-1.0,1,2,0,0,0.0,-0.016145675667483313
833,stimulus,50,6,3,0,0,-1.0,-1.0,1,0,1,0,0.0,-0.016145675667483313
834,stimulus,50,5,3,0,0,-1.0,-1.0,1,0,1,0,0.0,-0.016145675667483313
835,stimulus,50,3,3,0,1,1.0,1.0,0,nan,nan,nan,0.0,-0.016145675667483313
836,stimulus,50,6,4,1,0,-1.0,-1.0,1,1,0,0,0.0,-0.016145675667483313
837,stimulus,50,5,3,0,0,-1.0,-1.0,1,0,1,0,0.0,-0.016145675667483313
838,stimulus,50,5,5,1,1,1.0,1.0,0,nan,nan,nan,0.0,-0.016145675667483313
839,stimulus,50,0,6,1,0,-1.0,-1.0,1,1,0,0,0.0,-0.016145675667483313
840,stimulus,50,4,5,1,1,1.0,1.0,0,nan,nan,nan,0.0,-0.016145675667483313
841,stimulus,50,6,6,1,1,1.0,1.0,0,nan,nan,nan,0.0,-0.016145675667483313
842,stimulus,50,5,5,0,1,1.0,1.0,0,nan,nan,nan,0.0,-0.016145675667483313
843,stimulus,50,2,4,0,0,-1.0,-1.0,1,3,0,1,0.0,-0.016145675667483313
844,stimulus,50,6,3,0,0,-1.0,-1.0,1,0,1,0,0.0,-0.016145675667483313
845,stimulus,50,0,5,1,0,-1.0,-1.0,1,0,1,0,0.0,-0.016145675667483313
846,stimulus,50,1,3,0,0,-1.0,-1.0,1,0,1,0,0.0,-0.016145675667483313
847,stimulus,50,1,3,0,0,-1.0,-1.0,1,0,1,0,0.0,-0.016145675667483313
848,stimulus,50,2,5,1,0,-1.0,-1.0,1,0,1,0,0.0,-0.016145675667483313
849,stimulus,50,2,5,1,0,-1.0,-1.0,1,0,1,0,0.0,-0.016145675667483313
850,stimulus,50,0,5,1,0,-1.0,-1.0,1,0,1,0,0.0,-0.016145675667483313
851,stimulus,50,2,3,0,1,1.0,1.0,0,nan,nan,nan,0.0,-0.016145675667483313
852,stimulus,50,2,2,0,1,1.0,1.0,0,nan,nan,nan,0.0,-0.016145675667483313
853,stimulus,50,0,1,0,1,1.0,1.0,0,nan,nan,nan,0.0,-0.016145675667483313
854,stimulus,50,3,0,0,0,-1.0,-1.0,1,3,0,1,0.0,-0.016145675667483313
855,stimulus,50,1,3,0,0,-1.0,-1.0,1,0,1,0,0.0,-0.016145675667483313
856,stimulus,50,8,5,1,0,-1.0,-1.0,1,0,1,0,0.0,-0.016145675667483313
857,stimulus,50,3,5,1,0,-1.0,-1.0,1,0,1,0,0.0,-0.016145675667483313
858,stimulus,50,8,3,0,0,-1.0,-1.0,1,0,1,0,0.0,-0.016145675667483313
859,stimulus,50,6,5,1,1,1.0,1.0,0,nan,nan,nan,0.0,-0.016145675667483313
860,stimulus,50,4,4,0,1,1.0,1.0,0,nan,nan,nan,0.0,-0.016145675667483313
861,stimulus,50,6,5,1,1,1.0,1.0,0,nan,nan,nan,0.0,-0.016145675667483313
862,stimulus,50,5,6,1,1,1.0,1.0,0,nan,nan,nan,0.0,-0.016145675667483313
863,stimulus,50,5,7,1,0,-1.0,-1.0,1,4,0,1,0.0,-0.016145675667483313
864,stimulus,50,7,5,1,0,-1.0,-1.0,1,0,1,0,0.0,-0.016145675667483313
865,stimulus,50,7,3,0,0,-1.0,-1.0,1,0,1,0,0.0,-0.016145675667483313
866,stimulus,50,4,5,1,1,1.0,1.0,0,nan,nan,nan,0.0,-0.016145675667483313
867,stimulus,50,0,4,0,0,-1.0,-1.0,1,1,0,0,0.0,-0.016145675667483313
868,stimulus,50,7,3,0,0,-1.0,-1.0,1,0,1,0,0.0,-0.016145675667483313
869,stimulus,50,5,5,1,1,1.0,1.0,0,nan,nan,nan,0.0,-0.016145675667483313
870,stimulus,50,8,4,0,0,-1.0,-1.0,1,1,0,0,0.0,-0.016145675667483313
871,stimulus,50,1,3,0,0,-1.0,-1.0,1,0,1,0,0.0,-0.016145675667483313
872,stimulus,50,6,5,1,1,1.0,1.0,0,nan,nan,nan,0.0,-0.016145675667483313
873,stimulus,50,6,6,1,1,1.0,1.0,0,nan,nan,nan,0.0,-0.016145675667483313
874,stimulus,50,1,5,0,0,-1.0,-1.0,1,2,0,0,0.0,-0.016145675667483313
875,stimulus,50,6,3,0,0,-1.0,-1.0,1,0,1,0,0.0,-0.016145675667483313
876,stimulus,50,6,5,1,1,1.0,1.0,0,nan,nan,nan,0.0,-0.016145675667483313
877,stimulus,50,7,4,0,0,-1.0,-1.0,1,1,0,0,0.0,-0.016145675667483313
878,stimulus,50,0,3,0,0,-1.0,-1.0,1,0,1,0,0.0,-0.016145675667483313
879,stimulus,50,3,3,0,1,1.0,1.0,0,nan,nan,nan,0.0,-0.016145675667483313
880,stimulus,50,5,4,1,1,1.0,1.0,0,nan,nan,nan,0.0,-0.016145675667483313
881,stimulus,50,2,3,0,1,1.0,1.0,0,nan,nan,nan,0.0,-0.016145675667483313
882,stimulus,50,6,4,1,0,-1.0,-1.0,1,3,0,1,0.0,-0.016145675667483313
883,stimulus,50,3,5,1,0,-1.0,-1.0,1,0,1,0,0.0,-0.016145675667483313
884,stimulus,50,8,5,1,0,-1.0,-1.0,1,0,1,0,0.0,-0.016145675667483313
885,stimulus,50,8,3,0,0,-1.0,-1.0,1,0,1,0,0.0,-0.016145675667483313
886,stimulus,50,2,5,1,0,-1.0,-1.0,1,0,1,0,0.0,-0.016145675667483313
887,stimulus,50,5,5,1,1,1.0,1.0,0,nan,nan,nan,0.0,-0.016145675667483313
888,stimulus,50,7,4,0,0,-1.0,-1.0,1,1,0,0,0.0,-0.016145675667483313
889,stimulus,50,4,5,1,1,1.0,1.0,0,nan,nan,nan,0.0,-0.016145675667483313
890,stimulus,50,0,4,0,0,-1.0,-1.0,1,1,0,0,0.0,-0.016145675667483313
891,stimulus,50,2,3,0,1,1.0,1.0,0,nan,nan,nan,0.0,-0.016145675667483313
892,stimulus,50,6,4,1,0,-1.0,-1.0,1,1,0,0,0.0,-0.016145675667483313
893,stimulus,50,4,5,1,1,1.0,1.0,0,nan,nan,nan,0.0,-0.016145675667483313
894,stimulus,50,6,6,1,1,1.0,1.0,0,nan,nan,nan,0.0,-0.016145675667483313
895,stimulus,50,1,5,0,0,-1.0,-1.0,1,2,0,0,0.0,-0.016145675667483313
896,stimulus,50,8,3,0,0,-1.0,-1.0,1,0,1,0,0.0,-0.016145675667483313
897,stimulus,50,7,3,0,0,-1.0,-1.0,1,0,1,0,0.0,-0.016145675667483313
898,stimulus,50,1,5,1,0,-1.0,-1.0,1,0,1,0,0.0,-0.016145675667483313
899,stimulus,50,2,3,0,1,1.0,1.0,0,nan,nan,nan,0.0,-0.016145675667483313
900,stimulus,50,0,4,1,0,-1.0,-1.0,1,1,0,0,0.0,-0.016145675667483313
901,stimulus,50,7,3,0,0,-1.0,-1.0,1,0,1,0,0.0,-0.016145675667483313
902,stimulus,50,3,3,0,1,1.0,1.0,0,nan,nan,nan,0.0,-0.016145675667483313
903,stimulus,50,5,4,1,1,1.0,1.0,0,nan,nan,nan,0.0,-0.016145675667483313
904,stimulus,50,2,5,1,0,-1.0,-1.0,1,2,0,0,0.0,-0.016145675667483313
905,stimulus,50,7,3,0,0,-1.0,-1.0,1,0,1,0,0.0,-0.016145675667483313
906,stimulus,50,8,3,0,0,-1.0,-1.0,1,0,1,0,0.0,-0.016145675667483313
907,stimulus,50,5,5,1,1,1.0,1.0,0,nan,nan,nan,0.0,-0.016145675667483313
908,stimulus,50,7,4,0,0,-1.0,-1.0,1,1,0,0,0.0,-0.016145675667483313
909,stimulus,50,4,3,0,1,1.0,1.0,0,nan,nan,nan,0.0,-0.016145675667483313
910,stimulus,50,2,2,0,1,1.0,1.0,0,nan,nan,nan,0.0,-0.016145675667483313
911,stimulus,50,5,1,0,0,-1.0,-1.0,1,2,0,0,0.0,-0.016145675667483313
912,stimulus,50,3,3,0,1,1.0,1.0,0,nan,nan,nan,0.0,-0.016145675667483313
913,stimulus,50,1,2,0,1,1.0,1.0,0,nan,nan,nan,0.0,-0.016145675667483313
914,stimulus,50,1,1,0,1,1.0,1.0,0,nan,nan,nan,0.0,-0.016145675667483313
915,stimulus,50,4,0,0,0,-1.0,-1.0,1,3,0,1,0.0,-0.016145675667483313
916,stimulus,50,1,3,0,0,-1.0,-1.0,1,0,1,0,0.0,-0.016145675667483313
917,stimulus,50,5,3,0,0,-1.0,-1.0,1,0,1,0,0.0,-0.016145675667483313
918,stimulus,50,7,5,1,0,-1.0,-1.0,1,0,1,0,0.0,-0.016145675667483313
919,stimulus,50,0,5,1,0,-1.0,-1.0,1,0,1,0,0.0,-0.016145675667483313
920,stimulus,50,7,3,0,0,-1.0,-1.0,1,0,1,0,0.0,-0.016145675667483313
921,stimulus,50,4,5,1,1,1.0,1.0,0,nan,nan,nan,0.0,-0.016145675667483313
922,stimulus,50,8,4,0,0,-1.0,-1.0,1,1,0,0,0.0,-0.016145675667483313
923,stimulus,50,6,3,0,0,-1.0,-1.0,1,0,1,0,0.0,-0.016145675667483313
924,stimulus,50,6,3,0,0,-1.0,-1.0,1,0,1,0,0.0,-0.016145675667483313
925,stimulus,50,0,5,1,0,-1.0,-1.0,1,0,1,0,0.0,-0.016145675667483313
926,stimulus,50,3,5,1,0,-1.0,-1.0,1,0,1,0,0.0,-0.016145675667483313
927,stimulus,50,1,5,1,0,-1.0,-1.0,1,0,1,0,0.0,-0.016145675667483313
928,stimulus,50,6,5,1,1,1.0,1.0,0,nan,nan,nan,0.0,-0.016145675667483313
929,stimulus,50,2,4,0,0,-1.0,-1.0,1,1,0,0,0.0,-0.016145675667483313
930,stimulus,50,3,3,0,1,1.0,1.0,0,nan,nan,nan,0.0,-0.016145675667483313
931,stimulus,50,3,4,1,1,1.0,1.0,0,nan,nan,nan,0.0,-0.016145675667483313
932,stimulus,50,7,5,1,0,-1.0,-1.0,1,2,0,0,0.0,-0.016145675667483313
933,stimulus,50,0,3,0,0,-1.0,-1.0,1,0,1,0,0.0,-0.016145675667483313
934,stimulus,50,0,5,1,0,-1.0,-1.0,1,0,1,0,0.0,-0.016145675667483313
935,stimulus,50,6,5,1,1,1.0,1.0,0,nan,nan,nan,0.0,-0.016145675667483313
936,stimulus,50,1,4,0,0,-1.0,-1.0,1,1,0,0,0.0,-0.016145675667483313
937,stimulus,50,2,5,1,0,-1.0,-1.0,1,0,1,0,0.0,-0.016145675667483313
938,stimulus,50,6,5,1,1,1.0,1.0,0,nan,nan,nan,0.0,-0.016145675667483313
939,stimulus,50,5,4,0,1,1.0,1.0,0,nan,nan,nan,0.0,-0.016145675667483313
940,stimulus,50,5,5,1,1,1.0,1.0,0,nan,nan,nan,0.0,-0.016145675667483313
941,stimulus,50,4,6,1,0,-1.0,-1.0,1,3,0,1,0.0,-0.016145675667483313
942,stimulus,50,0,5,1,0,-1.0,-1.0,1,0,1,0,0.0,-0.016145675667483313
943,stimulus,50,2,5,1,0,-1.0,-1.0,1,0,1,0,0.0,-0.016145675667483313
944,stimulus,50,4,5,1,1,1.0,1.0,0,nan,nan,nan,0.0,-0.016145675667483313
945,stimulus,50,5,6,1,1,1.0,1.0,0,nan,nan,nan,0.0,-0.016145675667483313
946,stimulus,50,1,5,0,0,-1.0,-1.0,1,2,0,0,0.0,-0.016145675667483313
947,stimulus,50,6,3,0,0,-1.0,-1.0,1,0,1,0,0.0,-0.016145675667483313
948,stimulus,50,2,5,1,0,-1.0,-1.0,1,0,1,0,0.0,-0.016145675667483313
949,stimulus,50,7,3,0,0,-1.0,-1.0,1,0,1,0,0.0,-0.016145675667483313
950,stimulus,50,8,5,1,0,-1.0,-1.0,1,0,1,0,0.0,-0.016145675667483313
951,stimulus,50,1,5,1,0,-1.0,-1.0,1,0,1,0,0.0,-0.016145675667483313
952,stimulus,50,2,3,0,1,1.0,1.0,0,nan,nan,nan,0.0,-0.016145675667483313
953,stimulus,50,0,2,0,0,-1.0,-1.0,1,1,0,0,0.0,-0.016145675667483313
954,stimulus,50,5,5,1,1,1.0,1.0,0,nan,nan,nan,0.0,-0.016145675667483313
955,stimulus,50,8,6,1,0,-1.0,-1.0,1,1,0,0,0.0,-0.016145675667483313
956,stimulus,50,4,5,1,1,1.0,1.0,0,nan,nan,nan,0.0,-0.016145675667483313
957,stimulus,50,7,6,1,1,1.0,1.0,0,nan,nan,nan,0.0,-0.016145675667483313
958,stimulus,50,3,5,0,0,-1.0,-1.0,1,2,0,0,0.0,-0.016145675667483313
959,stimulus,50,7,5,1,0,-1.0,-1.0,1,0,1,0,0.0,-0.016145675667483313
960,stimulus,50,2,5,1,0,-1.0,-1.0,1,0,1,0,0.0,-0.016145675667483313
961,stimulus,50,6,5,1,1,1.0,1.0,0,nan,nan,nan,0.0,-0.016145675667483313
962,stimulus,50,5,4,0,1,1.0,1.0,0,nan,nan,nan,0.0,-0.016145675667483313
963,stimulus,50,0,5,1,0,-1.0,-1.0,1,2,0,0,0.0,-0.016145675667483313
964,stimulus,50,0,3,0,0,-1.0,-1.0,1,0,1,0,0.0,-0.016145675667483313
965,stimulus,50,3,5,1,0,-1.0,-1.0,1,0,1,0,0.0,-0.016145675667483313
966,stimulus,50,5,5,1,1,1.0,1.0,0,nan,nan,nan,0.0,-0.016145675667483313
967,stimulus,50,1,6,1,0,-1.0,-1.0,1,1,0,0,0.0,-0.016145675667483313
968,stimulus,50,5,3,0,0,-1.0,-1.0,1,0,1,0,0.0,-0.016145675667483313
969,stimulus,50,7,3,0,0,-1.0,-1.0,1,0,1,0,0.0,-0.016145675667483313
970,stimulus,50,6,3,0,0,-1.0,-1.0,1,0,1,0,0.0,-0.016145675667483313
971,stimulus,50,7,5,1,0,-1.0,-1.0,1,0,1,0,0.0,-0.016145675667483313
972,stimulus,50,1,3,0,0,-1.0,-1.0,1,0,1,0,0.0,-0.016145675667483313
973,stimulus,50,1,3,0,0,-1.0,-1.0,1,0,1,0,0.0,-0.016145675667483313
974,stimulus,50,6,3,0,0,-1.0,-1.0,1,0,1,0,0.0,-0.016145675667483313
975,stimulus,50,0,5,1,0,-1.0,-1.0,1,0,1,0,0.0,-0.016145675667483313
976,stimulus,50,1,3,0,0,-1.0,-1.0,1,0,1,0,0.0,-0.016145675667483313
977,stimulus,50,1,3,0,0,-1.0,-1.0,1,0,1,0,0.0,-0.016145675667483313
978,stimulus,50,7,5,1,0,-1.0,-1.0,1,0,1,0,0.0,-0.016145675667483313
979,stimulus,50,1,3,0,0,-1.0,-1.0,1,0,1,0,0.0,-0.016145675667483313
980,stimulus,50,7,3,0,0,-1.0,-1.0,1,0,1,0,0.0,-0.016145675667483313
981,stimulus,50,5,3,0,0,-1.0,-1.0,1,0,1,0,0.0,-0.016145675667483313
982,stimulus,50,2,5,1,0,-1.0,-1.0,1,0,1,0,0.0,-0.016145675667483313
983,stimulus,50,0,3,0,0,-1.0,-1.0,1,0,1,0,0.0,-0.016145675667483313
984,stimulus,50,5,3,0,0,-1.0,-1.0,1,0,1,0,0.0,-0.016145675667483313
985,stimulus,50,8,5,1,0,-1.0,-1.0,1,0,1,0,0.0,-0.016145675667483313
986,stimulus,50,1,3,0,0,-1.0,-1.0,1,0,1,0,0.0,-0.016145675667483313
987,stimulus,50,8,5,1,0,-1.0,-1.0,1,0,1,0,0.0,-0.016145675667483313
988,stimulus,50,4,3,0,1,1.0,1.0,0,nan,nan,nan,0.0,-0.016145675667483313
989,stimulus,50,8,2,0,0,-1.0,-1.0,1,1,0,0,0.0,-0.016145675667483313
990,stimulus,50,7,5,1,0,-1.0,-1.0,1,0,1,0,0.0,-0.016145675667483313
991,stimulus,50,7,5,1,0,-1.0,-1.0,1,0,1,0,0.0,-0.016145675667483313
992,stimulus,50,3,5,1,0,-1.0,-1.0,1,0,1,0,0.0,-0.016145675667483313
993,stimulus,50,3,3,0,1,1.0,1.0,0,nan,nan,nan,0.0,-0.016145675667483313
994,stimulus,50,6,4,1,0,-1.0,-1.0,1,1,0,0,0.0,-0.016145675667483313
995,stimulus,50,4,5,1,1,1.0,1.0,0,nan,nan,nan,0.0,-0.016145675667483313
996,stimulus,50,1,6,1,0,-1.0,-1.0,1,1,0,0,0.0,-0.016145675667483313
997,stimulus,50,4,5,1,1,1.0,1.0,0,nan,nan,nan,0.0,-0.016145675667483313
998,stimulus,50,6,4,0,0,-1.0,-1.0,1,1,0,0,0.0,-0.016145675667483313
999,stimulus,50,5,3,0,0,-1.0,-1.0,1,0,1,0,0.0,-0.016145675667483313
1000,stimulus,50,5,3,0,0,-1.0,-1.0,1,0,1,0,0.0,-0.016145675667483313
1001,stimulus,50,8,5,1,0,-1.0,-1.0,1,0,1,0,0.0,-0.016145675667483313
1002,stimulus,50,8,5,1,0,-1.0,-1.0,1,0,1,0,0.0,-0.016145675667483313
1003,stimulus,50,6,3,0,0,-1.0,-1.0,1,0,1,0,0.0,-0.016145675667483313
1004,stimulus,50,5,3,0,0,-1.0,-1.0,1,0,1,0,0.0,-0.016145675667483313
1005,stimulus,50,5,5,1,1,1.0,1.0,0,nan,nan,nan,0.0,-0.016145675667483313
1006,stimulus,50,2,6,1,0,-1.0,-1.0,1,1,0,0,0.0,-0.016145675667483313
1007,stimulus,50,8,5,1,0,-1.0,-1.0,1,0,1,0,0.0,-0.016145675667483313
1008,stimulus,50,4,3,0,1,1.0,1.0,0,nan,nan,nan,0.0,-0.016145675667483313
1009,stimulus,50,4,4,1,1,1.0,1.0,0,nan,nan,nan,0.0,-0.016145675667483313
1010,stimulus,50,3,3,0,1,1.0,1.0,0,nan,nan,nan,0.0,-0.016145675667483313
1011,stimulus,50,1,4,1,0,-1.0,-1.0,1,3,0,1,0.0,-0.016145675667483313
1012,stimulus,50,6,5,1,1,1.0,1.0,0,nan,nan,nan,0.0,-0.016145675667483313
1013,stimulus,50,5,6,1,1,1.0,1.0,0,nan,nan,nan,0.0,-0.016145675667483313
1014,stimulus,50,5,7,1,0,-1.0,-1.0,1,2,0,0,0.0,-0.016145675667483313
1015,stimulus,50,8,5,1,0,-1.0,-1.0,1,0,1,0,0.0,-0.016145675667483313
1016,stimulus,50,6,3,0,0,-1.0,-1.0,1,0,1,0,0.0,-0.016145675667483313
1017,stimulus,50,0,5,1,0,-1.0,-1.0,1,0,1,0,0.0,-0.016145675667483313
1018,stimulus,50,0,5,1,0,-1.0,-1.0,1,0,1,0,0.0,-0.016145675667483313
1019,stimulus,50,7,5,1,0,-1.0,-1.0,1,0,1,0,0.0,-0.016145675667483313
1020,stimulus,50,7,3,0,0,-1.0,-1.0,1,0,1,0,0.0,-0.016145675667483313
1021,stimulus,50,7,5,1,0,-1.0,-1.0,1,0,1,0,0.0,-0.016145675667483313
1022,stimulus,50,7,3,0,0,-1.0,-1.0,1,0,1,0,0.0,-0.016145675667483313
1023,stimulus,50,2,3,0,1,1.0,1.0,0,nan,nan,nan,0.0,-0.016145675667483313
1024,stimulus,50,6,4,1,0,-1.0,-1.0,1,1,0,0,0.0,-0.016145675667483313
1025,stimulus,50,2,3,0,1,1.0,1.0,0,nan,nan,nan,0.0,-0.016145675667483313
1026,stimulus,50,5,2,0,0,-1.0,-1.0,1,1,0,0,0.0,-0.016145675667483313
1027,stimulus,50,7,5,1,0,-1.0,-1.0,1,0,1,0,0.0,-0.016145675667483313
1028,stimulus,50,2,5,1,0,-1.0,-1.0,1,0,1,0,0.0,-0.016145675667483313
1029,stimulus,50,5,3,0,0,-1.0,-1.0,1,0,1,0,0.0,-0.016145675667483313
1030,stimulus,50,7,3,0,0,-1.0,-1.0,1,0,1,0,0.0,-0.016145675667483313
1031,stimulus,50,8,5,1,0,-1.0,-1.0,1,0,1,0,0.0,-0.016145675667483313
1032,stimulus,50,8,3,0,0,-1.0,-1.0,1,0,1,0,0.0,-0.016145675667483313
1033,stimulus,50,2,3,0,1,1.0,1.0,0,nan,nan,nan,0.0,-0.016145675667483313
1034,stimulus,50,3,4,1,1,1.0,1.0,0,nan,nan,nan,0.0,-0.016145675667483313
1035,stimulus,50,8,5,1,0,-1.0,-1.0,1,2,0,0,0.0,-0.016145675667483313
1036,stimulus,50,7,5,1,0,-1.0,-1.0,1,0,1,0,0.0,-0.016145675667483313
1037,stimulus,50,8,3,0,0,-1.0,-1.0,1,0,1,0,0.0,-0.016145675667483313
1038,stimulus,50,4,5,1,1,1.0,1.0,0,nan,nan,nan,0.0,-0.016145675667483313
1039,stimulus,50,7,6,1,1,1.0,1.0,0,nan,nan,nan,0.0,-0.016145675667483313
1040,stimulus,50,5,5,0,1,1.0,1.0,0,nan,nan,nan,0.0,-0.016145675667483313
1041,stimulus,50,8,6,1,0,-1.0,-1.0,1,3,0,1,0.0,-0.016145675667483313
1042,stimulus,50,0,3,0,0,-1.0,-1.0,1,0,1,0,0.0,-0.016145675667483313
1043,stimulus,50,2,5,1,0,-1.0,-1.0,1,0,1,0,0.0,-0.016145675667483313
1044,stimulus,50,0,3,0,0,-1.0,-1.0,1,0,1,0,0.0,-0.016145675667483313
1045,stimulus,50,6,3,0,0,-1.0,-1.0,1,0,1,0,0.0,-0.016145675667483313
1046,stimulus,50,3,3,0,1,1.0,1.0,0,nan,nan,nan,0.0,-0.016145675667483313
1047,stimulus,50,4,2,0,0,-1.0,-1.0,1,1,0,0,0.0,-0.016145675667483313
1048,stimulus,50,4,3,0,1,1.0,1.0,0,nan,nan,nan,0.0,-0.016145675667483313
1049,stimulus,50,6,4,1,0,-1.0,-1.0,1,1,0,0,0.0,-0.016145675667483313
1050,stimulus,50,6,3,0,0,-1.0,-1.0,1,0,1,0,0.0,-0.016145675667483313
1051,stimulus,50,2,5,1,0,-1.0,-1.0,1,0,1,0,0.0,-0.016145675667483313
1052,stimulus,50,7,5,1,0,-1.0,-1.0,1,0,1,0,0.0,-0.016145675667483313
1053,stimulus,50,3,3,0,1,1.0,1.0,0,nan,nan,nan,0.0,-0.016145675667483313
1054,stimulus,50,0,4,1,0,-1.0,-1.0,1,1,0,0,0.0,-0.016145675667483313
1055,stimulus,50,3,5,1,0,-1.0,-1.0,1,0,1,0,0.0,-0.016145675667483313
1056,stimulus,50,6,3,0,0,-1.0,-1.0,1,0,1,0,0.0,-0.016145675667483313
1057,stimulus,50,5,5,1,1,1.0,1.0,0,nan,nan,nan,0.0,-0.016145675667483313
1058,stimulus,50,8,4,0,0,-1.0,-1.0,1,1,0,0,0.0,-0.016145675667483313
1059,stimulus,50,0,5,1,0,-1.0,-1.0,1,0,1,0,0.0,-0.016145675667483313
1060,stimulus,50,8,3,0,0,-1.0,-1.0,1,0,1,0,0.0,-0.016145675667483313
1061,stimulus,50,5,5,1,1,1.0,1.0,0,nan,nan,nan,0.0,-0.016145675667483313
1062,stimulus,50,3,4,0,1,1.0,1.0,0,nan,nan,nan,0.0,-0.016145675667483313
1063,stimulus,50,4,3,0,1,1.0,1.0,0,nan,nan,nan,0.0,-0.016145675667483313
1064,stimulus,50,2,2,0,1,1.0,1.0,0,nan,nan,nan,0.0,-0.016145675667483313
1065,stimulus,50,3,1,0,0,-1.0,-1.0,1,4,0,1,0.0,-0.016145675667483313
1066,stimulus,50,1,5,1,0,-1.0,-1.0,1,0,1,0,0.0,-0.016145675667483313
1067,stimulus,50,2,3,0,1,1.0,1.0,0,nan,nan,nan,0.0,-0.016145675667483313
1068,stimulus,50,6,4,1,0,-1.0,-1.0,1,1,0,0,0.0,-0.016145675667483313
1069,stimulus,50,5,3,0,0,-1.0,-1.0,1,0,1,0,0.0,-0.016145675667483313
1070,stimulus,50,7,5,1,0,-1.0,-1.0,1,0,1,0,0.0,-0.016145675667483313
1071,stimulus,50,2,3,0,1,1.0,1.0,0,nan,nan,nan,0.0,-0.016145675667483313
1072,stimulus,50,1,2,0,1,1.0,1.0,0,nan,nan,nan,0.0,-0.016145675667483313
1073,stimulus,50,3,3,1,1,1.0,1.0,0,nan,nan,nan,0.0,-0.016145675667483313
1074,stimulus,50,3,2,0,1,1.0,1.0,0,nan,nan,nan,0.0,-0.016145675667483313
1075,stimulus,50,5,1,0,0,-1.0,-1.0,1,4,0,1,0.0,-0.016145675667483313
1076,stimulus,50,8,3,0,0,-1.0,-1.0,1,0,1,0,0.0,-0.016145675667483313
1077,stimulus,50,4,3,0,1,1.0,1.0,0,nan,nan,nan,0.0,-0.016145675667483313
1078,stimulus,50,3,4,1,1,1.0,1.0,0,nan,nan,nan,0.0,-0.016145675667483313
1079,stimulus,50,6,5,1,1,1.0,1.0,0,nan,nan,nan,0.0,-0.016145675667483313
1080,stimulus,50,3,6,1,0,-1.0,-1.0,1,3,0,1,0.0,-0.016145675667483313
1081,stimulus,50,2,3,0,1,1.0,1.0,0,nan,nan,nan,0.0,-0.016145675667483313
1082,stimulus,50,4,2,0,0,-1.0,-1.0,1,1,0,0,0.0,-0.016145675667483313
1083,stimulus,50,5,3,0,0,-1.0,-1.0,1,0,1,0,0.0,-0.016145675667483313
1084,stimulus,50,0,3,0,0,-1.0,-1.0,1,0,1,0,0.0,-0.016145675667483313
1085,stimulus,50,1,5,1,0,-1.0,-1.0,1,0,1,0,0.0,-0.016145675667483313
1086,stimulus,50,7,5,1,0,-1.0,-1.0,1,0,1,0,0.0,-0.016145675667483313
1087,stimulus,50,0,5,1,0,-1.0,-1.0,1,0,1,0,0.0,-0.016145675667483313
1088,stimulus,50,5,5,1,1,1.0,1.0,0,nan,nan,nan,0.0,-0.016145675667483313
1089,stimulus,50,5,4,0,1,1.0,1.0,0,nan,nan,nan,0.0,-0.016145675667483313
1090,stimulus,50,8,3,0,0,-1.0,-1.0,1,2,0,0,0.0,-0.016145675667483313
1091,stimulus,50,0,3,0,0,-1.0,-1.0,1,0,1,0,0.0,-0.016145675667483313
1092,stimulus,50,2,5,1,0,-1.0,-1.0,1,0,1,0,0.0,-0.016145675667483313
1093,stimulus,50,3,5,1,0,-1.0,-1.0,1,0,1,0,0.0,-0.016145675667483313
1094,stimulus,50,2,3,0,1,1.0,1.0,0,nan,nan,nan,0.0,-0.016145675667483313
1095,stimulus,50,8,2,0,0,-1.0,-1.0,1,1,0,0,0.0,-0.016145675667483313
1096,stimulus,50,6,3,0,0,-1.0,-1.0,1,0,1,0,0.0,-0.016145675667483313
1097,stimulus,50,1,5,1,0,-1.0,-1.0,1,0,1,0,0.0,-0.016145675667483313
1098,stimulus,50,3,5,1,0,-1.0,-1.0,1,0,1,0,0.0,-0.016145675667483313
1099,stimulus,50,6,3,0,0,-1.0,-1.0,1,0,1,0,0.0,-0.016145675667483313
1100,stimulus,50,6,3,0,0,-1.0,-1.0,1,0,1,0,0.0,-0.016145675667483313
1101,stimulus,50,4,3,0,1,1.0,1.0,0,nan,nan,nan,0.0,-0.016145675667483313
1102,stimulus,50,5,4,1,1,1.0,1.0,0,nan,nan,nan,0.0,-0.016145675667483313
1103,stimulus,50,0,5,1,0,-1.0,-1.0,1,2,0,0,0.0,-0.016145675667483313
1104,stimulus,50,4,5,1,1,1.0,1.0,0,nan,nan,nan,0.0,-0.016145675667483313
1105,stimulus,50,3,6,1,0,-1.0,-1.0,1,1,0,0,0.0,-0.016145675667483313
1106,stimulus,50,0,3,0,0,-1.0,-1.0,1,0,1,0,0.0,-0.016145675667483313
1107,stimulus,50,3,3,0,1,1.0,1.0,0,nan,nan,nan,0.0,-0.016145675667483313
1108,stimulus,50,5,2,0,0,-1.0,-1.0,1,1,0,0,0.0,-0.016145675667483313
1109,stimulus,50,6,3,0,0,-1.0,-1.0,1,0,1,0,0.0,-0.016145675667483313
1110,stimulus,50,2,3,0,1,1.0,1.0,0,nan,nan,nan,0.0,-0.016145675667483313
1111,stimulus,50,3,2,0,1,1.0,1.0,0,nan,nan,nan,0.0,-0.016145675667483313
1112,stimulus,50,6,3,1,0,-1.0,-1.0,1,2,0,0,0.0,-0.016145675667483313
1113,stimulus,50,5,5,1,1,1.0,1.0,0,nan,nan,nan,0.0,-0.016145675667483313
1114,stimulus,50,4,6,1,0,-1.0,-1.0,1,1,0,0,0.0,-0.016145675667483313
1115,stimulus,50,1,3,0,0,-1.0,-1.0,1,0,1,0,0.0,-0.016145675667483313
1116,stimulus,50,8,3,0,0,-1.0,-1.0,1,0,1,0,0.0,-0.016145675667483313
1117,stimulus,50,7,5,1,0,-1.0,-1.0,1,0,1,0,0.0,-0.016145675667483313
1118,stimulus,50,7,3,0,0,-1.0,-1.0,1,0,1,0,0.0,-0.016145675667483313
1119,stimulus,50,4,5,1,1,1.0,1.0,0,nan,nan,nan,0.0,-0.016145675667483313
1120,stimulus,50,1,4,0,0,-1.0,-1.0,1,1,0,0,0.0,-0.016145675667483313
1121,stimulus,50,5,5,1,1,1.0,1.0,0,nan,nan,nan,0.0,-0.016145675667483313
1122,stimulus,50,2,6,1,0,-1.0,-1.0,1,1,0,0,0.0,-0.016145675667483313
1123,stimulus,50,4,3,0,1,1.0,1.0,0,nan,nan,nan,0.0,-0.016145675667483313
1124,stimulus,50,7,2,0,0,-1.0,-1.0,1,1,0,0,0.0,-0.016145675667483313
1125,stimulus,50,7,3,0,0,-1.0,-1.0,1,0,1,0,0.0,-0.016145675667483313
1126,stimulus,50,7,3,0,0,-1.0,-1.0,1,0,1,0,0.0,-0.016145675667483313
1127,stimulus,50,4,3,0,1,1.0,1.0,0,nan,nan,nan,0.0,-0.016145675667483313
1128,stimulus,50,3,4,1,1,1.0,1.0,0,nan,nan,nan,0.0,-0.016145675667483313
1129,stimulus,50,3,3,0,1,1.0,1.0,0,nan,nan,nan,0.0,-0.016145675667483313
1130,stimulus,50,2,4,1,0,-1.0,-1.0,1,3,0,1,0.0,-0.016145675667483313
1131,stimulus,50,2,5,1,0,-1.0,-1.0,1,0,1,0,0.0,-0.016145675667483313
1132,stimulus,50,2,3,0,1,1.0,1.0,0,nan,nan,nan,0.0,-0.016145675667483313
1133,stimulus,50,7,2,0,0,-1.0,-1.0,1,1,0,0,0.0,-0.016145675667483313
1134,stimulus,50,7,5,1,0,-1.0,-1.0,1,0,1,0,0.0,-0.016145675667483313
1135,stimulus,50,7,3,0,0,-1.0,-1.0,1,0,1,0,0.0,-0.016145675667483313
1136,stimulus,50,0,5,1,0,-1.0,-1.0,1,0,1,0,0.0,-0.016145675667483313
1137,stimulus,50,7,5,1,0,-1.0,-1.0,1,0,1,0,0.0,-0.016145675667483313
1138,stimulus,50,3,3,0,1,1.0,1.0,0,nan,nan,nan,0.0,-0.016145675667483313
1139,stimulus,50,7,2,0,0,-1.0,-1.0,1,1,0,0,0.0,-0.016145675667483313
1140,stimulus,50,5,5,1,1,1.0,1.0,0,nan,nan,nan,0.0,-0.016145675667483313
1141,stimulus,50,5,6,1,1,1.0,1.0,0,nan,nan,nan,0.0,-0.016145675667483313
1142,stimulus,50,4,7,1,0,-1.0,-1.0,1,2,0,0,0.0,-0.016145675667483313
1143,stimulus,50,1,5,1,0,-1.0,-1.0,1,0,1,0,0.0,-0.016145675667483313
1144,stimulus,50,3,5,1,0,-1.0,-1.0,1,0,1,0,0.0,-0.016145675667483313
1145,stimulus,50,1,3,0,0,-1.0,-1.0,1,0,1,0,0.0,-0.016145675667483313
1146,stimulus,50,3,3,0,1,1.0,1.0,0,nan,nan,nan,0.0,-0.016145675667483313
1147,stimulus,50,0,2,0,0,-1.0,-1.0,1,1,0,0,0.0,-0.016145675667483313
1148,stimulus,50,3,3,0,1,1.0,1.0,0,nan,nan,nan,0.0,-0.016145675667483313
1149,stimulus,50,0,2,0,0,-1.0,-1.0,1,1,0,0,0.0,-0.016145675667483313
1150,stimulus,50,1,3,0,0,-1.0,-1.0,1,0,1,0,0.0,-0.016145675667483313
1151,stimulus,50,3,5,1,0,-1.0,-1.0,1,0,1,0,0.0,-0.016145675667483313
1152,stimulus,50,4,5,1,1,1.0,1.0,0,nan,nan,nan,0.0,-0.016145675667483313
1153,stimulus,50,3,4,0,1,1.0,1.0,0,nan,nan,nan,0.0,-0.016145675667483313
1154,stimulus,50,8,5,1,0,-1.0,-1.0,1,2,0,0,0.0,-0.016145675667483313
1155,stimulus,50,1,3,0,0,-1.0,-1.0,1,0,1,0,0.0,-0.016145675667483313
1156,stimulus,50,7,3,0,0,-1.0,-1.0,1,0,1,0,0.0,-0.016145675667483313
1157,stimulus,50,7,3,0,0,-1.0,-1.0,1,0,1,0,0.0,-0.016145675667483313
1158,stimulus,50,2,5,1,0,-1.0,-1.0,1,0,1,0,0.0,-0.016145675667483313
1159,stimulus,50,5,3,0,0,-1.0,-1.0,1,0,1,0,0.0,-0.016145675667483313
1160,stimulus,50,4,3,0,1,1.0,1.0,0,nan,nan,nan,0.0,-0.016145675667483313
1161,stimulus,50,7,4,1,0,-1.0,-1.0,1,1,0,0,0.0,-0.016145675667483313
1162,stimulus,50,3,5,1,0,-1.0,-1.0,1,0,1,0,0.0,-0.016145675667483313
1163,stimulus,50,4,3,0,1,1.0,1.0,0,nan,nan,nan,0.0,-0.016145675667483313
1164,stimulus,50,7,2,0,0,-1.0,-1.0,1,1,0,0,0.0,-0.016145675667483313
1165,stimulus,50,3,5,1,0,-1.0,-1.0,1,0,1,0,0.0,-0.016145675667483313
1166,stimulus,50,0,3,0,0,-1.0,-1.0,1,0,1,0,0.0,-0.016145675667483313
1167,stimulus,50,8,5,1,0,-1.0,-1.0,1,0,1,0,0.0,-0.016145675667483313
1168,stimulus,50,2,3,0,1,1.0,1.0,0,nan,nan,nan,0.0,-0.016145675667483313
1169,stimulus,50,2,2,0,1,1.0,1.0,0,nan,nan,nan,0.0,-0.016145675667483313
1170,stimulus,50,0,1,0,1,1.0,1.0,0,nan,nan,nan,0.0,-0.016145675667483313
1171,stimulus,50,8,0,0,0,-1.0,-1.0,1,3,0,1,0.0001845503149802259,-0.015961125352503085
1172,stimulus,50,1,5,1,0,-1.0,-1.0,1,0,1,0,0.0,-0.015961125352503085
1173,stimulus,50,7,5,1,0,-1.0,-1.0,1,0,1,0,0.0,-0.015961125352503085
1174,stimulus,50,7,3,0,0,-1.0,-1.0,1,0,1,0,0.0,-0.015961125352503085
1175,stimulus,50,7,5,1,0,-1.0,-1.0,1,0,1,0,0.0,-0.015961125352503085
1176,stimulus,50,7,5,1,0,-1.0,-1.0,1,0,1,0,0.0,-0.015961125352503085
1177,stimulus,50,3,3,0,1,1.0,1.0,0,nan,nan,nan,0.0,-0.015961125352503085
1178,stimulus,50,4,2,0,0,-1.0,-1.0,1,1,0,0,0.0,-0.015961125352503085
1179,stimulus,50,0,5,1,0,-1.0,-1.0,1,0,1,0,0.0,-0.015961125352503085
1180,stimulus,50,5,3,0,0,-1.0,-1.0,1,0,1,0,0.0,-0.015961125352503085
1181,stimulus,50,0,5,1,0,-1.0,-1.0,1,0,1,0,0.0,-0.015961125352503085
1182,stimulus,50,0,3,0,0,-1.0,-1.0,1,0,1,0,0.0,-0.015961125352503085
1183,stimulus,50,5,5,1,1,1.0,1.0,0,nan,nan,nan,0.0,-0.015961125352503085
1184,stimulus,50,2,4,0,0,-1.0,-1.0,1,1,0,0,0.0,-0.015961125352503085
1185,stimulus,50,3,5,1,0,-1.0,-1.0,1,0,1,0,0.0,-0.015961125352503085
1186,stimulus,50,3,3,0,1,1.0,1.0,0,nan,nan,nan,0.0,-0.015961125352503085
1187,stimulus,50,8,4,1,0,-1.0,-1.0,1,1,0,0,0.0,-0.015961125352503085
1188,stimulus,50,7,3,0,0,-1.0,-1.0,1,0,1,0,0.0,-0.015961125352503085
1189,stimulus,50,1,5,1,0,-1.0,-1.0,1,0,1,0,0.0,-0.015961125352503085
1190,stimulus,50,4,3,0,1,1.0,1.0,0,nan,nan,nan,0.0,-0.015961125352503085
1191,stimulus,50,0,4,1,0,-1.0,-1.0,1,1,0,0,0.0,-0.015961125352503085
1192,stimulus,50,0,5,1,0,-1.0,-1.0,1,0,1,0,0.0,-0.015961125352503085
1193,stimulus,50,1,3,0,0,-1.0,-1.0,1,0,1,0,0.0,-0.015961125352503085
1194,stimulus,50,7,3,0,0,-1.0,-1.0,1,0,1,0,0.0,-0.015961125352503085
1195,stimulus,50,6,5,1,1,1.0,1.0,0,nan,nan,nan,0.0,-0.015961125352503085
1196,stimulus,50,2,4,0,0,-1.0,-1.0,1,1,0,0,0.0,-0.015961125352503085
1197,stimulus,50,6,3,0,0,-1.0,-1.0,1,0,1,0,0.0,-0.015961125352503085
1198,stimulus,50,2,3,0,1,1.0,1.0,0,nan,nan,nan,0.0,-0.015961125352503085
1199,stimulus,50,8,2,0,0,-1.0,-1.0,1,1,0,0,0.0,-0.015961125352503085
1200,stimulus,50,0,3,0,0,-1.0,-1.0,1,0,1,0,0.0,-0.015961125352503085
1201,stimulus,50,1,5,1,0,-1.0,-1.0,1,0,1,0,0.0,-0.015961125352503085
1202,stimulus,50,0,3,0,0,-1.0,-1.0,1,0,1,0,0.0,-0.015961125352503085
1203,stimulus,50,5,5,1,1,1.0,1.0,0,nan,nan,nan,0.0,-0.015961125352503085
1204,stimulus,50,3,4,0,1,1.0,1.0,0,nan,nan,nan,0.0,-0.015961125352503085
1205,stimulus,50,2,5,1,0,-1.0,-1.0,1,2,0,0,0.0,-0.015961125352503085
1206,stimulus,50,5,3,0,0,-1.0,-1.0,1,0,1,0,0.0,-0.015961125352503085
1207,stimulus,50,3,5,1,0,-1.0,-1.0,1,0,1,0,0.0,-0.015961125352503085
1208,stimulus,50,5,3,0,0,-1.0,-1.0,1,0,1,0,0.0,-0.015961125352503085
1209,stimulus,50,8,5,1,0,-1.0,-1.0,1,0,1,0,0.0,-0.015961125352503085
1210,stimulus,50,5,5,1,1,1.0,1.0,0,nan,nan,nan,0.0,-0.015961125352503085
1211,stimulus,50,6,4,0,0,-1.0,-1.0,1,1,0,0,0.0,-0.015961125352503085
1212,stimulus,50,4,5,1,1,1.0,1.0,0,nan,nan,nan,0.0,-0.015961125352503085
1213,stimulus,50,0,4,0,0,-1.0,-1.0,1,1,0,0,0.0,-0.015961125352503085
1214,stimulus,50,8,3,0,0,-1.0,-1.0,1,0,1,0,0.0,-0.015961125352503085
1215,stimulus,50,3,5,1,0,-1.0,-1.0,1,0,1,0,0.0,-0.015961125352503085
1216,stimulus,50,6,5,1,1,1.0,1.0,0,nan,nan,nan,0.0,-0.015961125352503085
1217,stimulus,50,5,4,0,1,1.0,1.0,0,nan,nan,nan,0.0,-0.015961125352503085
1218,stimulus,50,5,5,1,1,1.0,1.0,0,nan,nan,nan,0.0,-0.015961125352503085
1219,stimulus,50,6,6,1,1,1.0,1.0,0,nan,nan,nan,0.0,-0.015961125352503085
1220,stimulus,50,3,5,0,0,-1.0,-1.0,1,4,0,1,0.0,-0.015961125352503085
1221,stimulus,50,4,5,1,1,1.0,1.0,0,nan,nan,nan,0.0,-0.015961125352503085
1222,stimulus,50,0,4,0,0,-1.0,-1.0,1,1,0,0,0.0,-0.015961125352503085
1223,stimulus,50,6,5,1,1,1.0,1.0,0,nan,nan,nan,0.0,-0.015961125352503085
1224,stimulus,50,4,4,0,1,1.0,1.0,0,nan,nan,nan,0.0,-0.015961125352503085
1225,stimulus,50,4,5,1,1,1.0,1.0,0,nan,nan,nan,0.0,-0.015961125352503085
1226,stimulus,50,1,6,1,0,-1.0,-1.0,1,3,0,1,0.0,-0.015961125352503085
1227,stimulus,50,1,5,1,0,-1.0,-1.0,1,0,1,0,0.0,-0.015961125352503085
1228,stimulus,50,1,5,1,0,-1.0,-1.0,1,0,1,0,0.0,-0.015961125352503085
1229,stimulus,50,7,5,1,0,-1.0,-1.0,1,0,1,0,0.0,-0.015961125352503085
1230,stimulus,50,6,5,1,1,1.0,1.0,0,nan,nan,nan,0.0,-0.015961125352503085
1231,stimulus,50,5,4,0,1,1.0,1.0,0,nan,nan,nan,0.0,-0.015961125352503085
1232,stimulus,50,1,5,1,0,-1.0,-1.0,1,2,0,0,0.0,-0.015961125352503085
1233,stimulus,50,2,3,0,1,1.0,1.0,0,nan,nan,nan,0.0,-0.015961125352503085
1234,stimulus,50,0,2,0,0,-1.0,-1.0,1,1,0,0,0.0,-0.015961125352503085
1235,stimulus,50,7,5,1,0,-1.0,-1.0,1,0,1,0,0.0,-0.015961125352503085
1236,stimulus,50,1,3,0,0,-1.0,-1.0,1,0,1,0,0.0,-0.015961125352503085
1237,stimulus,50,8,5,1,0,-1.0,-1.0,1,0,1,0,0.0,-0.015961125352503085
1238,stimulus,50,1,3,0,0,-1.0,-1.0,1,0,1,0,0.0,-0.015961125352503085
1239,stimulus,50,5,5,1,1,1.0,1.0,0,nan,nan,nan,0.0,-0.015961125352503085
1240,stimulus,50,6,4,0,0,-1.0,-1.0,1,1,0,0,0.0,-0.015961125352503085
1241,stimulus,50,6,3,0,0,-1.0,-1.0,1,0,1,0,0.0,-0.015961125352503085
1242,stimulus,50,6,3,0,0,-1.0,-1.0,1,0,1,0,0.0,-0.015961125352503085
1243,stimulus,50,5,3,0,0,-1.0,-1.0,1,0,1,0,0.0,-0.015961125352503085
1244,stimulus,50,3,5,1,0,-1.0,-1.0,1,0,1,0,0.0,-0.015961125352503085
1245,stimulus,50,3,5,1,0,-1.0,-1.0,1,0,1,0,0.0,-0.015961125352503085
1246,stimulus,50,6,3,0,0,-1.0,-1.0,1,0,1,0,0.0,-0.015961125352503085
1247,stimulus,50,8,3,0,0,-1.0,-1.0,1,0,1,0,0.0,-0.015961125352503085
1248,stimulus,50,5,3,0,0,-1.0,-1.0,1,0,1,0,0.0,-0.015961125352503085
1249,stimulus,50,6,3,0,0,-1.0,-1.0,1,0,1,0,0.0,-0.015961125352503085
1250,stimulus,50,6,3,0,0,-1.0,-1.0,1,0,1,0,0.0,-0.015961125352503085
1251,stimulus,50,2,3,0,1,1.0,1.0,0,nan,nan,nan,0.0,-0.015961125352503085
1252,stimulus,50,8,4,1,0,-1.0,-1.0,1,1,0,0,0.0,-0.015961125352503085
1253,stimulus,50,6,5,1,1,1.0,1.0,0,nan,nan,nan,0.0,-0.015961125352503085
1254,stimulus,50,1,6,1,0,-1.0,-1.0,1,1,0,0,0.0,-0.015961125352503085
1255,stimulus,50,3,3,0,1,1.0,1.0,0,nan,nan,nan,0.0,-0.015961125352503085
1256,stimulus,50,2,4,1,0,-1.0,-1.0,1,1,0,0,0.0,-0.015961125352503085
1257,stimulus,50,2,3,0,1,1.0,1.0,0,nan,nan,nan,0.0,-0.015961125352503085
1258,stimulus,50,7,4,1,0,-1.0,-1.0,1,1,0,0,0.0,-0.015961125352503085
1259,stimulus,50,2,5,1,0,-1.0,-1.0,1,0,1,0,0.0,-0.015961125352503085
1260,stimulus,50,1,3,0,0,-1.0,-1.0,1,0,1,0,0.0,-0.015961125352503085
1261,stimulus,50,0,5,1,0,-1.0,-1.0,1,0,1,0,0.0,-0.015961125352503085
1262,stimulus,50,7,5,1,0,-1.0,-1.0,1,0,1,0,0.0,-0.015961125352503085
1263,stimulus,50,8,5,1,0,-1.0,-1.0,1,0,1,0,0.0,-0.015961125352503085
1264,stimulus,50,7,5,1,0,-1.0,-1.0,1,0,1,0,0.0,-0.015961125352503085
1265,stimulus,50,0,3,0,0,-1.0,-1.0,1,0,1,0,0.0,-0.015961125352503085
1266,stimulus,50,2,3,0,1,1.0,1.0,0,nan,nan,nan,0.0,-0.015961125352503085
1267,stimulus,50,5,2,0,0,-1.0,-1.0,1,1,0,0,0.0,-0.015961125352503085
1268,stimulus,50,8,5,1,0,-1.0,-1.0,1,0,1,0,0.0,-0.015961125352503085
1269,stimulus,50,8,5,1,0,-1.0,-1.0,1,0,1,0,0.0,-0.015961125352503085
1270,stimulus,50,1,5,1,0,-1.0,-1.0,1,0,1,0,0.0,-0.015961125352503085
1271,stimulus,50,2,3,0,1,1.0,1.0,0,nan,nan,nan,0.0,-0.015961125352503085
1272,stimulus,50,3,4,1,1,1.0,1.0,0,nan,nan,nan,0.0,-0.015961125352503085
1273,stimulus,50,3,3,0,1,1.0,1.0,0,nan,nan,nan,0.0,-0.015961125352503085
1274,stimulus,50,0,4,1,0,-1.0,-1.0,1,3,0,1,0.0,-0.015961125352503085
1275,stimulus,50,1,3,0,0,-1.0,-1.0,1,0,1,0,0.0,-0.015961125352503085
1276,stimulus,50,5,5,1,1,1.0,1.0,0,nan,nan,nan,0.0,-0.015961125352503085
1277,stimulus,50,0,4,0,0,-1.0,-1.0,1,1,0,0,0.0,-0.015961125352503085
1278,stimulus,50,3,5,1,0,-1.0,-1.0,1,0,1,0,0.0,-0.015961125352503085
1279,stimulus,50,0,5,1,0,-1.0,-1.0,1,0,1,0,0.0,-0.015961125352503085
1280,stimulus,50,8,5,1,0,-1.0,-1.0,1,0,1,0,0.0,-0.015961125352503085
1281,stimulus,50,6,3,0,0,-1.0,-1.0,1,0,1,0,0.0,-0.015961125352503085
1282,stimulus,50,3,3,0,1,1.0,1.0,0,nan,nan,nan,0.0,-0.015961125352503085
1283,stimulus,50,2,2,0,1,1.0,1.0,0,nan,nan,nan,0.0,-0.015961125352503085
1284,stimulus,50,6,3,1,0,-1.0,-1.0,1,2,0,0,0.0,-0.015961125352503085
1285,stimulus,50,2,5,1,0,-1.0,-1.0,1,0,1,0,0.0,-0.015961125352503085
1286,stimulus,50,4,5,1,1,1.0,1.0,0,nan,nan,nan,0.0,-0.015961125352503085
1287,stimulus,50,1,4,0,0,-1.0,-1.0,1,1,0,0,0.0,-0.015961125352503085
1288,stimulus,50,7,5,1,0,-1.0,-1.0,1,0,1,0,0.0,-0.015961125352503085
1289,stimulus,50,1,5,1,0,-1.0,-1.0,1,0,1,0,0.0,-0.015961125352503085
1290,stimulus,50,1,3,0,0,-1.0,-1.0,1,0,1,0,0.0,-0.015961125352503085
1291,stimulus,50,7,3,0,0,-1.0,-1.0,1,0,1,0,0.0,-0.015961125352503085
1292,stimulus,50,4,3,0,1,1.0,1.0,0,nan,nan,nan,0.0,-0.015961125352503085
1293,stimulus,50,4,4,1,1,1.0,1.0,0,nan,nan,nan,0.0,-0.015961125352503085
1294,stimulus,50,3,3,0,1,1.0,1.0,0,nan,nan,nan,0.0,-0.015961125352503085
1295,stimulus,50,3,4,1,1,1.0,1.0,0,nan,nan,nan,0.0,-0.015961125352503085
1296,stimulus,50,5,5,1,1,1.0,1.0,0,nan,nan,nan,0.0,-0.015961125352503085
1297,stimulus,50,1,6,1,0,-1.0,-1.0,1,5,0,1,0.0,-0.015961125352503085
1298,stimulus,50,5,5,1,1,1.0,1.0,0,nan,nan,nan,0.0,-0.015961125352503085
1299,stimulus,50,0,6,1,0,-1.0,-1.0,1,1,0,0,0.0,-0.015961125352503085
1300,stimulus,50,3,3,0,1,1.0,1.0,0,nan,nan,nan,0.0,-0.015961125352503085
1301,stimulus,50,8,2,0,0,-1.0,-1.0,1,1,0,0,0.0,-0.015961125352503085
1302,stimulus,50,7,5,1,0,-1.0,-1.0,1,0,1,0,0.0,-0.015961125352503085
1303,stimulus,50,3,3,0,1,1.0,1.0,0,nan,nan,nan,0.0,-0.015961125352503085
1304,stimulus,50,0,2,0,0,-1.0,-1.0,1,1,0,0,0.0,-0.015961125352503085
1305,stimulus,50,6,5,1,1,1.0,1.0,0,nan,nan,nan,0.0,-0.015961125352503085
1306,stimulus,50,0,6,1,0,-1.0,-1.0,1,1,0,0,0.0,-0.015961125352503085
1307,stimulus,50,3,3,0,1,1.0,1.0,0,nan,nan,nan,0.0,-0.015961125352503085
1308,stimulus,50,8,4,1,0,-1.0,-1.0,1,1,0,0,0.0,-0.015961125352503085
1309,stimulus,50,6,3,0,0,-1.0,-1.0,1,0,1,0,0.0,-0.015961125352503085
1310,stimulus,50,3,5,1,0,-1.0,-1.0,1,0,1,0,0.0,-0.015961125352503085
1311,stimulus,50,6,5,1,1,1.0,1.0,0,nan,nan,nan,0.0,-0.015961125352503085
1312,stimulus,50,5,6,1,1,1.0,1.0,0,nan,nan,nan,0.0,-0.015961125352503085
1313,stimulus,50,4,5,0,1,1.0,1.0,0,nan,nan,nan,0.0,-0.015961125352503085
1314,stimulus,50,3,4,0,1,1.0,1.0,0,nan,nan,nan,0.0,-0.015961125352503085
1315,stimulus,50,2,5,1,0,-1.0,-1.0,1,4,0,1,0.0,-0.015961125352503085
1316,stimulus,50,3,3,0,1,1.0,1.0,0,nan,nan,nan,0.0,-0.015961125352503085
1317,stimulus,50,1,4,1,0,-1.0,-1.0,1,1,0,0,0.0,-0.015961125352503085
1318,stimulus,50,7,3,0,0,-1.0,-1.0,1,0,1,0,0.0,-0.015961125352503085
1319,stimulus,50,0,3,0,0,-1.0,-1.0,1,0,1,0,0.0,-0.015961125352503085
1320,stimulus,50,0,3,0,0,-1.0,-1.0,1,0,1,0,0.0,-0.015961125352503085
1321,stimulus,50,6,3,0,0,-1.0,-1.0,1,0,1,0,0.0,-0.015961125352503085
1322,stimulus,50,8,5,1,0,-1.0,-1.0,1,0,1,0,0.0,-0.015961125352503085
1323,stimulus,50,3,3,0,1,1.0,1.0,0,nan,nan,nan,0.0,-0.015961125352503085
1324,stimulus,50,0,4,1,0,-1.0,-1.0,1,1,0,0,0.0,-0.015961125352503085
1325,stimulus,50,6,5,1,1,1.0,1.0,0,nan,nan,nan,0.0,-0.015961125352503085
1326,stimulus,50,8,6,1,0,-1.0,-1.0,1,1,0,0,0.0,-0.015961125352503085
1327,stimulus,50,7,5,1,0,-1.0,-1.0,1,0,1,0,0.0,-0.015961125352503085
1328,stimulus,50,8,3,0,0,-1.0,-1.0,1,0,1,0,0.0,-0.015961125352503085
1329,stimulus,50,3,3,0,1,1.0,1.0,0,nan,nan,nan,0.0,-0.015961125352503085
1330,stimulus,50,5,4,1,1,1.0,1.0,0,nan,nan,nan,0.0,-0.015961125352503085
1331,stimulus,50,0,5,1,0,-1.0,-1.0,1,2,0,0,0.0,-0.015961125352503085
1332,stimulus,50,4,5,1,1,1.0,1.0,0,nan,nan,nan,0.0,-0.015961125352503085
1333,stimulus,50,2,4,0,0,-1.0,-1.0,1,1,0,0,0.0,-0.015961125352503085
1334,stimulus,50,4,3,0,1,1.0,1.0,0,nan,nan,nan,0.0,-0.015961125352503085
1335,stimulus,50,8,4,1,0,-1.0,-1.0,1,1,0,0,0.0,-0.015961125352503085
1336,stimulus,50,7,5,1,0,-1.0,-1.0,1,0,1,0,0.0,-0.015961125352503085
1337,stimulus,50,4,3,0,1,1.0,1.0,0,nan,nan,nan,0.0,-0.015961125352503085
1338,stimulus,50,0,2,0,0,-1.0,-1.0,1,1,0,0,0.0,-0.015961125352503085
1339,stimulus,50,3,5,1,0,-1.0,-1.0,1,0,1,0,0.0,-0.015961125352503085
1340,stimulus,50,3,5,1,0,-1.0,-1.0,1,0,1,0,0.0,-0.015961125352503085
1341,stimulus,50,1,5,1,0,-1.0,-1.0,1,0,1,0,0.0,-0.015961125352503085
1342,stimulus,50,3,5,1,0,-1.0,-1.0,1,0,1,0,0.0,-0.015961125352503085
1343,stimulus,50,2,3,0,1,1.0,1.0,0,nan,nan,nan,0.0,-0.015961125352503085
1344,stimulus,50,0,2,0,0,-1.0,-1.0,1,1,0,0,0.0,-0.015961125352503085
1345,stimulus,50,2,5,1,0,-1.0,-1.0,1,0,1,0,0.0,-0.015961125352503085
1346,stimulus,50,7,3,0,0,-1.0,-1.0,1,0,1,0,0.0,-0.015961125352503085
1347,stimulus,50,0,5,1,0,-1.0,-1.0,1,0,1,0,0.0,-0.015961125352503085
1348,stimulus,50,8,5,1,0,-1.0,-1.0,1,0,1,0,0.0,-0.015961125352503085
1349,stimulus,50,7,3,0,0,-1.0,-1.0,1,0,1,0,0.0,-0.015961125352503085
1350,stimulus,50,6,5,1,1,1.0,1.0,0,nan,nan,nan,0.0,-0.015961125352503085
1351,stimulus,50,7,4,0,0,-1.0,-1.0,1,1,0,0,0.0,-0.015961125352503085
1352,stimulus,50,2,5,1,0,-1.0,-1.0,1,0,1,0,0.0,-0.015961125352503085
1353,stimulus,50,1,3,0,0,-1.0,-1.0,1,0,1,0,0.0,-0.015961125352503085
1354,stimulus,50,0,3,0,0,-1.0,-1.0,1,0,1,0,0.0,-0.015961125352503085
1355,stimulus,50,3,5,1,0,-1.0,-1.0,1,0,1,0,0.0,-0.015961125352503085
1356,stimulus,50,5,3,0,0,-1.0,-1.0,1,0,1,0,0.0,-0.015961125352503085
1357,stimulus,50,3,5,1,0,-1.0,-1.0,1,0,1,0,0.0,-0.015961125352503085
1358,stimulus,50,1,3,0,0,-1.0,-1.0,1,0,1,0,0.0,-0.015961125352503085
1359,stimulus,50,8,3,0,0,-1.0,-1.0,1,0,1,0,0.0,-0.015961125352503085
1360,stimulus,50,4,3,0,1,1.0,1.0,0,nan,nan,nan,0.0,-0.015961125352503085
1361,stimulus,50,5,2,0,0,-1.0,-1.0,1,1,0,0,0.0,-0.015961125352503085
1362,stimulus,50,2,3,0,1,1.0,1.0,0,nan,nan,nan,0.0,-0.015961125352503085
1363,stimulus,50,8,2,0,0,-1.0,-1.0,1,1,0,0,0.0,-0.015961125352503085
1364,stimulus,50,1,3,0,0,-1.0,-1.0,1,0,1,0,0.0,-0.015961125352503085
1365,stimulus,50,7,3,0,0,-1.0,-1.0,1,0,1,0,0.0,-0.015961125352503085
1366,stimulus,50,1,3,0,0,-1.0,-1.0,1,0,1,0,0.0,-0.015961125352503085
1367,stimulus,50,3,3,0,1,1.0,1.0,0,nan,nan,nan,0.0,-0.015961125352503085
1368,stimulus,50,6,2,0,0,-1.0,-1.0,1,1,0,0,0.0,-0.015961125352503085
1369,stimulus,50,3,3,0,1,1.0,1.0,0,nan,nan,nan,0.0,-0.015961125352503085
1370,stimulus,50,7,2,0,0,-1.0,-1.0,1,1,0,0,0.0,-0.015961125352503085
1371,stimulus,50,4,5,1,1,1.0,1.0,0,nan,nan,nan,0.0,-0.015961125352503085
1372,stimulus,50,0,6,1,0,-1.0,-1.0,1,1,0,0,0.0,-0.015961125352503085
1373,stimulus,50,0,3,0,0,-1.0,-1.0,1,0,1,0,0.0,-0.015961125352503085
1374,stimulus,50,8,3,0,0,-1.0,-1.0,1,0,1,0,0.0,-0.015961125352503085
1375,stimulus,50,6,5,1,1,1.0,1.0,0,nan,nan,nan,0.0,-0.015961125352503085
1376,stimulus,50,6,6,1,1,1.0,1.0,0,nan,nan,nan,0.0,-0.015961125352503085
1377,stimulus,50,7,5,0,0,-1.0,-1.0,1,2,0,0,0.0,-0.015961125352503085
1378,stimulus,50,3,3,0,1,1.0,1.0,0,nan,nan,nan,0.0,-0.015961125352503085
1379,stimulus,50,6,2,0,0,-1.0,-1.0,1,1,0,0,0.0,-0.015961125352503085
1380,stimulus,50,2,3,0,1,1.0,1.0,0,nan,nan,nan,0.0,-0.015961125352503085
1381,stimulus,50,7,4,1,0,-1.0,-1.0,1,1,0,0,0.0,-0.015961125352503085
1382,stimulus,50,6,3,0,0,-1.0,-1.0,1,0,1,0,0.0,-0.015961125352503085
1383,stimulus,50,8,3,0,0,-1.0,-1.0,1,0,1,0,0.0,-0.015961125352503085
1384,stimulus,50,1,5,1,0,-1.0,-1.0,1,0,1,0,0.0,-0.015961125352503085
1385,stimulus,50,0,5,1,0,-1.0,-1.0,1,0,1,0,0.0,-0.015961125352503085
1386,stimulus,50,4,5,1,1,1.0,1.0,0,nan,nan,nan,0.0,-0.015961125352503085
1387,stimulus,50,2,6,1,0,-1.0,-1.0,1,1,0,0,0.0,-0.015961125352503085
1388,stimulus,50,1,5,1,0,-1.0,-1.0,1,0,1,0,0.0,-0.015961125352503085
1389,stimulus,50,6,5,1,1,1.0,1.0,0,nan,nan,nan,0.0,-0.015961125352503085
1390,stimulus,50,1,4,0,0,-1.0,-1.0,1,1,0,0,0.0,-0.015961125352503085
1391,stimulus,50,5,3,0,0,-1.0,-1.0,1,0,1,0,0.0,-0.015961125352503085
1392,stimulus,50,4,5,1,1,1.0,1.0,0,nan,nan,nan,0.0,-0.015961125352503085
1393,stimulus,50,6,6,1,1,1.0,1.0,0,nan,nan,nan,0.0,-0.015961125352503085
1394,stimulus,50,5,5,0,1,1.0,1.0,0,nan,nan,nan,0.0,-0.015961125352503085
1395,stimulus,50,7,6,1,1,1.0,1.0,0,nan,nan,nan,0.0,-0.015961125352503085
1396,stimulus,50,3,7,1,0,-1.0,-1.0,1,4,0,1,0.0,-0.015961125352503085
1397,stimulus,50,4,5,1,1,1.0,1.0,0,nan,nan,nan,0.0,-0.015961125352503085
1398,stimulus,50,7,4,0,0,-1.0,-1.0,1,1,0,0,0.0,-0.015961125352503085
1399,stimulus,50,7,5,1,0,-1.0,-1.0,1,0,1,0,0.0,-0.015961125352503085
1400,stimulus,50,1,5,1,0,-1.0,-1.0,1,0,1,0,0.0,-0.015961125352503085
1401,stimulus,50,6,3,0,0,-1.0,-1.0,1,0,1,0,0.0,-0.015961125352503085
1402,stimulus,50,4,5,1,1,1.0,1.0,0,nan,nan,nan,0.0,-0.015961125352503085
1403,stimulus,50,5,4,0,1,1.0,1.0,0,nan,nan,nan,0.0,-0.015961125352503085
1404,stimulus,50,0,3,0,0,-1.0,-1.0,1,2,0,0,0.0,-0.015961125352503085
1405,stimulus,50,3,3,0,1,1.0,1.0,0,nan,nan,nan,0.0,-0.015961125352503085
1406,stimulus,50,5,4,1,1,1.0,1.0,0,nan,nan,nan,0.0,-0.015961125352503085
1407,stimulus,50,4,5,1,1,1.0,1.0,0,nan,nan,nan,0.0,-0.015961125352503085
1408,stimulus,50,1,6,1,0,-1.0,-1.0,1,3,0,1,0.0,-0.015961125352503085
1409,stimulus,50,0,3,0,0,-1.0,-1.0,1,0,1,0,0.0,-0.015961125352503085
1410,stimulus,50,3,3,0,1,1.0,1.0,0,nan,nan,nan,0.0,-0.015961125352503085
1411,stimulus,50,4,2,0,0,-1.0,-1.0,1,1,0,0,0.0,-0.015961125352503085
1412,stimulus,50,4,5,1,1,1.0,1.0,0,nan,nan,nan,0.0,-0.015961125352503085
1413,stimulus,50,5,6,1,1,1.0,1.0,0,nan,nan,nan,0.0,-0.015961125352503085
1414,stimulus,50,7,5,0,0,-1.0,-1.0,1,2,0,0,0.0,-0.015961125352503085
1415,stimulus,50,4,3,0,1,1.0,1.0,0,nan,nan,nan,0.0,-0.015961125352503085
1416,stimulus,50,1,2,0,1,1.0,1.0,0,nan,nan,nan,0.0,-0.015961125352503085
1417,stimulus,50,6,3,1,0,-1.0,-1.0,1,2,0,0,0.0,-0.015961125352503085
1418,stimulus,50,2,5,1,0,-1.0,-1.0,1,0,1,0,0.0,-0.015961125352503085
1419,stimulus,50,3,3,0,1,1.0,1.0,0,nan,nan,nan,0.0,-0.015961125352503085
1420,stimulus,50,6,4,1,0,-1.0,-1.0,1,1,0,0,0.0,-0.015961125352503085
1421,stimulus,50,8,3,0,0,-1.0,-1.0,1,0,1,0,0.0,-0.015961125352503085
1422,stimulus,50,5,3,0,0,-1.0,-1.0,1,0,1,0,0.0,-0.015961125352503085
1423,stimulus,50,8,3,0,0,-1.0,-1.0,1,0,1,0,0.0,-0.015961125352503085
1424,stimulus,50,6,3,0,0,-1.0,-1.0,1,0,1,0,0.0,-0.015961125352503085
1425,stimulus,50,3,5,1,0,-1.0,-1.0,1,0,1,0,0.0,-0.015961125352503085
1426,stimulus,50,3,3,0,1,1.0,1.0,0,nan,nan,nan,0.0,-0.015961125352503085
1427,stimulus,50,7,2,0,0,-1.0,-1.0,1,1,0,0,0.0,-0.015961125352503085
1428,stimulus,50,3,5,1,0,-1.0,-1.0,1,0,1,0,0.0,-0.015961125352503085
1429,stimulus,50,3,5,1,0,-1.0,-1.0,1,0,1,0,0.0,-0.015961125352503085
1430,stimulus,50,7,5,1,0,-1.0,-1.0,1,0,1,0,0.0,-0.015961125352503085
1431,stimulus,50,0,5,1,0,-1.0,-1.0,1,0,1,0,0.0,-0.015961125352503085
1432,stimulus,50,1,5,1,0,-1.0,-1.0,1,0,1,0,0.0,-0.015961125352503085
1433,stimulus,50,6,5,1,1,1.0,1.0,0,nan,nan,nan,0.0,-0.015961125352503085
1434,stimulus,50,4,4,0,1,1.0,1.0,0,nan,nan,nan,0.0,-0.015961125352503085
1435,stimulus,50,0,3,0,0,-1.0,-1.0,1,2,0,0,0.0,-0.015961125352503085
1436,stimulus,50,5,5,1,1,1.0,1.0,0,nan,nan,nan,0.0,-0.015961125352503085
1437,stimulus,50,4,6,1,0,-1.0,-1.0,1,1,0,0,0.0,-0.015961125352503085
1438,stimulus,50,2,3,0,1,1.0,1.0,0,nan,nan,nan,0.0,-0.015961125352503085
1439,stimulus,50,0,2,0,0,-1.0,-1.0,1,1,0,0,0.0,-0.015961125352503085
1440,stimulus,50,5,5,1,1,1.0,1.0,0,nan,nan,nan,0.0,-0.015961125352503085
1441,stimulus,50,0,6,1,0,-1.0,-1.0,1,1,0,0,0.0,-0.015961125352503085
1442,stimulus,50,1,3,0,0,-1.0,-1.0,1,0,1,0,0.0,-0.015961125352503085
1443,stimulus,50,3,5,1,0,-1.0,-1.0,1,0,1,0,0.0,-0.015961125352503085
1444,stimulus,50,0,5,1,0,-1.0,-1.0,1,0,1,0,0.0,-0.015961125352503085
1445,stimulus,50,2,5,1,0,-1.0,-1.0,1,0,1,0,0.0,-0.015961125352503085
1446,stimulus,50,0,5,1,0,-1.0,-1.0,1,0,1,0,0.0,-0.015961125352503085
1447,stimulus,50,2,5,1,0,-1.0,-1.0,1,0,1,0,0.0,-0.015961125352503085
1448,stimulus,50,7,3,0,0,-1.0,-1.0,1,0,1,0,0.0,-0.015961125352503085
1449,stimulus,50,2,3,0,1,1.0,1.0,0,nan,nan,nan,0.0,-0.015961125352503085
1450,stimulus,50,8,4,1,0,-1.0,-1.0,1,1,0,0,0.0,-0.015961125352503085
1451,stimulus,50,1,3,0,0,-1.0,-1.0,1,0,1,0,0.0,-0.015961125352503085
1452,stimulus,50,5,5,1,1,1.0,1.0,0,nan,nan,nan,0.0,-0.015961125352503085
1453,stimulus,50,4,6,1,0,-1.0,-1.0,1,1,0,0,0.0,-0.015961125352503085
1454,stimulus,50,6,5,1,1,1.0,1.0,0,nan,nan,nan,0.0,-0.015961125352503085
1455,stimulus,50,4,4,0,1,1.0,1.0,0,nan,nan,nan,0.0,-0.015961125352503085
1456,stimulus,50,0,5,1,0,-1.0,-1.0,1,2,0,0,0.0,-0.015961125352503085
1457,stimulus,50,8,3,0,0,-1.0,-1.0,1,0,1,0,0.0,-0.015961125352503085
1458,stimulus,50,7,5,1,0,-1.0,-1.0,1,0,1,0,0.0,-0.015961125352503085
1459,stimulus,50,3,5,1,0,-1.0,-1.0,1,0,1,0,0.0,-0.015961125352503085
1460,stimulus,50,5,3,0,0,-1.0,-1.0,1,0,1,0,0.0,-0.015961125352503085
1461,stimulus,50,4,3,0,1,1.0,1.0,0,nan,nan,nan,0.0,-0.015961125352503085
1462,stimulus,50,3,4,1,1,1.0,1.0,0,nan,nan,nan,0.0,-0.015961125352503085
1463,stimulus,50,8,3,0,0,-1.0,-1.0,1,2,0,0,0.0,-0.015961125352503085
1464,stimulus,50,4,5,1,1,1.0,1.0,0,nan,nan,nan,0.0,-0.015961125352503085
1465,stimulus,50,4,4,0,1,1.0,1.0,0,nan,nan,nan,0.0,-0.015961125352503085
1466,stimulus,50,2,5,1,0,-1.0,-1.0,1,2,0,0,0.0,-0.015961125352503085
1467,stimulus,50,6,5,1,1,1.0,1.0,0,nan,nan,nan,0.0,-0.015961125352503085
1468,stimulus,50,7,4,0,0,-1.0,-1.0,1,1,0,0,0.0,-0.015961125352503085
1469,stimulus,50,3,3,0,1,1.0,1.0,0,nan,nan,nan,0.0,-0.015961125352503085
1470,stimulus,50,7,4,1,0,-1.0,-1.0,1,1,0,0,0.0,-0.015961125352503085
1471,stimulus,50,0,5,1,0,-1.0,-1.0,1,0,1,0,0.0,-0.015961125352503085
1472,stimulus,50,1,5,1,0,-1.0,-1.0,1,0,1,0,0.0,-0.015961125352503085
1473,stimulus,50,1,3,0,0,-1.0,-1.0,1,0,1,0,0.0,-0.015961125352503085
1474,stimulus,50,5,3,0,0,-1.0,-1.0,1,0,1,0,0.0,-0.015961125352503085
1475,stimulus,50,2,5,1,0,-1.0,-1.0,1,0,1,0,0.0,-0.015961125352503085
1476,stimulus,50,5,5,1,1,1.0,1.0,0,nan,nan,nan,0.0,-0.015961125352503085
1477,stimulus,50,3,6,1,0,-1.0,-1.0,1,1,0,0,0.0,-0.015961125352503085
1478,stimulus,50,7,3,0,0,-1.0,-1.0,1,0,1,0,0.0,-0.015961125352503085
1479,stimulus,50,6,5,1,1,1.0,1.0,0,nan,nan,nan,0.0,-0.015961125352503085
1480,stimulus,50,3,4,0,1,1.0,1.0,0,nan,nan,nan,0.0,-0.015961125352503085
1481,stimulus,50,4,3,0,1,1.0,1.0,0,nan,nan,nan,0.0,-0.015961125352503085
1482,stimulus,50,2,4,1,0,-1.0,-1.0,1,3,0,1,0.0,-0.015961125352503085
1483,stimulus,50,8,5,1,0,-1.0,-1.0,1,0,1,0,0.0,-0.015961125352503085
1484,stimulus,50,0,5,1,0,-1.0,-1.0,1,0,1,0,0.0,-0.015961125352503085
1485,stimulus,50,0,3,0,0,-1.0,-1.0,1,0,1,0,0.0,-0.015961125352503085
1486,stimulus,50,1,3,0,0,-1.0,-1.0,1,0,1,0,0.0,-0.015961125352503085
1487,stimulus,50,4,5,1,1,1.0,1.0,0,nan,nan,nan,0.0,-0.015961125352503085
1488,stimulus,50,1,4,0,0,-1.0,-1.0,1,1,0,0,0.0,-0.015961125352503085
1489,stimulus,50,6,3,0,0,-1.0,-1.0,1,0,1,0,0.0,-0.015961125352503085
1490,stimulus,50,0,3,0,0,-1.0,-1.0,1,0,1,0,0.0,-0.015961125352503085
1491,stimulus,50,0,3,0,0,-1.0,-1.0,1,0,1,0,0.0,-0.015961125352503085
1492,stimulus,50,6,3,0,0,-1.0,-1.0,1,0,1,0,0.0,-0.015961125352503085
1493,stimulus,50,0,5,1,0,-1.0,-1.0,1,0,1,0,0.0,-0.015961125352503085
1494,stimulus,50,3,3,0,1,1.0,1.0,0,nan,nan,nan,0.0,-0.015961125352503085
1495,stimulus,50,5,2,0,0,-1.0,-1.0,1,1,0,0,0.0,-0.015961125352503085
1496,stimulus,50,3,5,1,0,-1.0,-1.0,1,0,1,0,0.0,-0.015961125352503085
1497,stimulus,50,3,3,0,1,1.0,1.0,0,nan,nan,nan,0.0,-0.015961125352503085
1498,stimulus,50,3,2,0,1,1.0,1.0,0,nan,nan,nan,0.0,-0.015961125352503085
1499,stimulus,50,5,3,1,0,-1.0,-1.0,1,2,0,0,0.0,-0.015961125352503085
1500,stimulus,50,7,3,0,0,-1.0,-1.0,1,0,1,0,0.0,-0.015961125352503085
1501,stimulus,50,3,5,1,0,-1.0,-1.0,1,0,1,0,0.0,-0.015961125352503085
1502,stimulus,50,7,5,1,0,-1.0,-1.0,1,0,1,0,0.0,-0.015961125352503085
1503,stimulus,50,4,3,0,1,1.0,1.0,0,nan,nan,nan,0.0,-0.015961125352503085
1504,stimulus,50,5,4,1,1,1.0,1.0,0,nan,nan,nan,0.0,-0.015961125352503085
1505,stimulus,50,1,3,0,0,-1.0,-1.0,1,2,0,0,0.0,-0.015961125352503085
1506,stimulus,50,4,5,1,1,1.0,1.0,0,nan,nan,nan,0.0,-0.015961125352503085
1507,stimulus,50,7,4,0,0,-1.0,-1.0,1,1,0,0,0.0,-0.015961125352503085
1508,stimulus,50,3,5,1,0,-1.0,-1.0,1,0,1,0,0.0,-0.015961125352503085
1509,stimulus,50,7,3,0,0,-1.0,-1.0,1,0,1,0,0.0,-0.015961125352503085
1510,stimulus,50,1,5,1,0,-1.0,-1.0,1,0,1,0,0.0,-0.015961125352503085
1511,stimulus,50,8,3,0,0,-1.0,-1.0,1,0,1,0,0.0,-0.015961125352503085
1512,stimulus,50,2,3,0,1,1.0,1.0,0,nan,nan,nan,0.0,-0.015961125352503085
1513,stimulus,50,6,2,0,0,-1.0,-1.0,1,1,0,0,0.0,-0.015961125352503085
1514,stimulus,50,0,5,1,0,-1.0,-1.0,1,0,1,0,0.0,-0.015961125352503085
1515,stimulus,50,5,5,1,1,1.0,1.0,0,nan,nan,nan,0.0,-0.015961125352503085
1516,stimulus,50,1,6,1,0,-1.0,-1.0,1,1,0,0,0.0,-0.015961125352503085
1517,stimulus,50,4,5,1,1,1.0,1.0,0,nan,nan,nan,0.0,-0.015961125352503085
1518,stimulus,50,3,4,0,1,1.0,1.0,0,nan,nan,nan,0.0,-0.015961125352503085
1519,stimulus,50,3,3,0,1,1.0,1.0,0,nan,nan,nan,0.0,-0.015961125352503085
1520,stimulus,50,0,4,1,0,-1.0,-1.0,1,3,0,1,0.0,-0.015961125352503085
1521,stimulus,50,5,5,1,1,1.0,1.0,0,nan,nan,nan,0.0,-0.015961125352503085
1522,stimulus,50,7,4,0,0,-1.0,-1.0,1,1,0,0,0.0,-0.015961125352503085
1523,stimulus,50,7,5,1,0,-1.0,-1.0,1,0,1,0,0.0,-0.015961125352503085
1524,stimulus,50,5,5,1,1,1.0,1.0,0,nan,nan,nan,0.0,-0.015961125352503085
1525,stimulus,50,3,6,1,0,-1.0,-1.0,1,1,0,0,0.0,-0.015961125352503085
1526,stimulus,50,7,3,0,0,-1.0,-1.0,1,0,1,0,0.0,-0.015961125352503085
1527,stimulus,50,6,5,1,1,1.0,1.0,0,nan,nan,nan,0.0,-0.015961125352503085
1528,stimulus,50,0,4,0,0,-1.0,-1.0,1,1,0,0,0.0,-0.015961125352503085
1529,stimulus,50,0,3,0,0,-1.0,-1.0,1,0,1,0,0.0,-0.015961125352503085
1530,stimulus,50,1,3,0,0,-1.0,-1.0,1,0,1,0,0.0,-0.015961125352503085
1531,stimulus,50,3,3,0,1,1.0,1.0,0,nan,nan,nan,0.0,-0.015961125352503085
1532,stimulus,50,1,2,0,1,1.0,1.0,0,nan,nan,nan,0.0,-0.015961125352503085
1533,stimulus,50,3,1,0,0,-1.0,-1.0,1,2,0,0,0.0,-0.015961125352503085
1534,stimulus,50,5,3,0,0,-1.0,-1.0,1,0,1,0,0.0,-0.015961125352503085
1535,stimulus,50,1,3,0,0,-1.0,-1.0,1,0,1,0,0.0,-0.015961125352503085
1536,stimulus,50,2,5,1,0,-1.0,-1.0,1,0,1,0,0.0,-0.015961125352503085
1537,stimulus,50,2,3,0,1,1.0,1.0,0,nan,nan,nan,0.0,-0.015961125352503085
1538,stimulus,50,3,2,0,1,1.0,1.0,0,nan,nan,nan,0.0,-0.015961125352503085
1539,stimulus,50,8,1,0,0,-1.0,-1.0,1,2,0,0,0.0,-0.015961125352503085
1540,stimulus,50,3,5,1,0,-1.0,-1.0,1,0,1,0,0.0,-0.015961125352503085
1541,stimulus,50,0,3,0,0,-1.0,-1.0,1,0,1,0,0.0,-0.015961125352503085
1542,stimulus,50,5,3,0,0,-1.0,-1.0,1,0,1,0,0.0,-0.015961125352503085
1543,stimulus,50,7,3,0,0,-1.0,-1.0,1,0,1,0,0.0,-0.015961125352503085
1544,stimulus,50,2,5,1,0,-1.0,-1.0,1,0,1,0,0.0,-0.015961125352503085
1545,stimulus,50,3,5,1,0,-1.0,-1.0,1,0,1,0,0.0,-0.015961125352503085
1546,stimulus,50,5,3,0,0,-1.0,-1.0,1,0,1,0,0.0,-0.015961125352503085
1547,stimulus,50,5,5,1,1,1.0,1.0,0,nan,nan,nan,0.0,-0.015961125352503085
1548,stimulus,50,4,4,0,1,1.0,1.0,0,nan,nan,nan,0.0,-0.015961125352503085
1549,stimulus,50,3,5,1,0,-1.0,-1.0,1,2,0,0,0.0,-0.015961125352503085
1550,stimulus,50,4,3,0,1,1.0,1.0,0,nan,nan,nan,0.0,-0.015961125352503085
1551,stimulus,50,8,2,0,0,-1.0,-1.0,1,1,0,0,0.0,-0.015961125352503085
1552,stimulus,50,1,3,0,0,-1.0,-1.0,1,0,1,0,0.0,-0.015961125352503085
1553,stimulus,50,1,5,1,0,-1.0,-1.0,1,0,1,0,0.0,-0.015961125352503085
1554,stimulus,50,8,5,1,0,-1.0,-1.0,1,0,1,0,0.0,-0.015961125352503085
1555,stimulus,50,8,3,0,0,-1.0,-1.0,1,0,1,0,0.0,-0.015961125352503085
1556,stimulus,50,0,5,1,0,-1.0,-1.0,1,0,1,0,0.0,-0.015961125352503085
1557,stimulus,50,2,3,0,1,1.0,1.0,0,nan,nan,nan,0.0,-0.015961125352503085
1558,stimulus,50,0,2,0,0,-1.0,-1.0,1,1,0,0,0.0,-0.015961125352503085
1559,stimulus,50,1,3,0,0,-1.0,-1.0,1,0,1,0,0.0,-0.015961125352503085
1560,stimulus,50,1,5,1,0,-1.0,-1.0,1,0,1,0,0.0,-0.015961125352503085
1561,stimulus,50,6,3,0,0,-1.0,-1.0,1,0,1,0,0.0,-0.015961125352503085
1562,stimulus,50,7,3,0,0,-1.0,-1.0,1,0,1,0,0.0,-0.015961125352503085
1563,stimulus,50,7,3,0,0,-1.0,-1.0,1,0,1,0,0.0,-0.015961125352503085
1564,stimulus,50,4,5,1,1,1.0,1.0,0,nan,nan,nan,0.0,-0.015961125352503085
1565,stimulus,50,3,4,0,1,1.0,1.0,0,nan,nan,nan,0.0,-0.015961125352503085
1566,stimulus,50,4,3,0,1,1.0,1.0,0,nan,nan,nan,0.0,-0.015961125352503085
1567,stimulus,50,5,2,0,0,-1.0,-1.0,1,3,0,1,0.0,-0.015961125352503085
1568,stimulus,50,2,5,1,0,-1.0,-1.0,1,0,1,0,0.0,-0.015961125352503085
1569,stimulus,50,8,3,0,0,-1.0,-1.0,1,0,1,0,0.0,-0.015961125352503085
1570,stimulus,50,3,5,1,0,-1.0,-1.0,1,0,1,0,0.0,-0.015961125352503085
1571,stimulus,50,0,5,1,0,-1.0,-1.0,1,0,1,0,0.0,-0.015961125352503085
1572,stimulus,50,0,5,1,0,-1.0,-1.0,1,0,1,0,0.0,-0.015961125352503085
1573,stimulus,50,8,5,1,0,-1.0,-1.0,1,0,1,0,0.0,-0.015961125352503085
1574,stimulus,50,5,3,0,0,-1.0,-1.0,1,0,1,0,0.0,-0.015961125352503085
1575,stimulus,50,6,3,0,0,-1.0,-1.0,1,0,1,0,0.0,-0.015961125352503085
1576,stimulus,50,8,5,1,0,-1.0,-1.0,1,0,1,0,0.0,-0.015961125352503085
1577,stimulus,50,5,5,1,1,1.0,1.0,0,nan,nan,nan,0.0,-0.015961125352503085
1578,stimulus,50,3,6,1,0,-1.0,-1.0,1,1,0,0,0.0,-0.015961125352503085
1579,stimulus,50,5,3,0,0,-1.0,-1.0,1,0,1,0,0.0,-0.015961125352503085
1580,stimulus,50,2,5,1,0,-1.0,-1.0,1,0,1,0,0.0,-0.015961125352503085
1581,stimulus,50,2,5,1,0,-1.0,-1.0,1,0,1,0,0.0,-0.015961125352503085
1582,stimulus,50,7,5,1,0,-1.0,-1.0,1,0,1,0,0.0,-0.015961125352503085
1583,stimulus,50,5,3,0,0,-1.0,-1.0,1,0,1,0,0.0,-0.015961125352503085
1584,stimulus,50,8,3,0,0,-1.0,-1.0,1,0,1,0,0.0,-0.015961125352503085
1585,stimulus,50,7,5,1,0,-1.0,-1.0,1,0,1,0,0.0,-0.015961125352503085
1586,stimulus,50,5,5,1,1,1.0,1.0,0,nan,nan,nan,0.0,-0.015961125352503085
1587,stimulus,50,5,4,0,1,1.0,1.0,0,nan,nan,nan,0.0,-0.015961125352503085
1588,stimulus,50,7,5,1,0,-1.0,-1.0,1,2,0,0,0.0,-0.015961125352503085
1589,stimulus,50,5,5,1,1,1.0,1.0,0,nan,nan,nan,0.0,-0.015961125352503085
1590,stimulus,50,0,6,1,0,-1.0,-1.0,1,1,0,0,0.0,-0.015961125352503085
1591,stimulus,50,3,5,1,0,-1.0,-1.0,1,0,1,0,0.0,-0.015961125352503085
1592,stimulus,50,7,3,0,0,-1.0,-1.0,1,0,1,0,0.0,-0.015961125352503085
1593,stimulus,50,6,5,1,1,1.0,1.0,0,nan,nan,nan,0.0,-0.015961125352503085
1594,stimulus,50,3,4,0,1,1.0,1.0,0,nan,nan,nan,0.0,-0.015961125352503085
1595,stimulus,50,5,5,1,1,1.0,1.0,0,nan,nan,nan,0.0,-0.015961125352503085
1596,stimulus,50,0,6,1,0,-1.0,-1.0,1,3,0,1,0.0,-0.015961125352503085
1597,stimulus,50,8,5,1,0,-1.0,-1.0,1,0,1,0,0.0,-0.015961125352503085
1598,stimulus,50,2,3,0,1,1.0,1.0,0,nan,nan,nan,0.0,-0.015961125352503085
1599,stimulus,50,8,2,0,0,-1.0,-1.0,1,1,0,0,0.0,-0.015961125352503085
1600,stimulus,50,1,5,1,0,-1.0,-1.0,1,0,1,0,0.0,-0.015961125352503085
1601,stimulus,50,8,3,0,0,-1.0,-1.0,1,0,1,0,0.0,-0.015961125352503085
1602,stimulus,50,2,3,0,1,1.0,1.0,0,nan,nan,nan,0.0,-0.015961125352503085
1603,stimulus,50,5,4,1,1,1.0,1.0,0,nan,nan,nan,0.0,-0.015961125352503085
1604,stimulus,50,8,3,0,0,-1.0,-1.0,1,2,0,0,0.0,-0.015961125352503085
1605,stimulus,50,1,3,0,0,-1.0,-1.0,1,0,1,0,0.0,-0.015961125352503085
1606,stimulus,50,7,3,0,0,-1.0,-1.0,1,0,1,0,0.0,-0.015961125352503085
1607,stimulus,50,8,5,1,0,-1.0,-1.0,1,0,1,0,0.0,-0.015961125352503085
1608,stimulus,50,0,5,1,0,-1.0,-1.0,1,0,1,0,0.0,-0.015961125352503085
1609,stimulus,50,7,5,1,0,-1.0,-1.0,1,0,1,0,0.0,-0.015961125352503085
1610,stimulus,50,8,5,1,0,-1.0,-1.0,1,0,1,0,0.0,-0.015961125352503085
1611,stimulus,50,4,3,0,1,1.0,1.0,0,nan,nan,nan,0.0,-0.015961125352503085
1612,stimulus,50,2,2,0,1,1.0,1.0,0,nan,nan,nan,0.0,-0.015961125352503085
1613,stimulus,50,2,1,0,1,1.0,1.0,0,nan,nan,nan,0.0,-0.015961125352503085
1614,stimulus,50,2,2,1,1,1.0,1.0,0,nan,nan,nan,0.0,-0.015961125352503085
1615,stimulus,50,3,1,0,0,-1.0,-1.0,1,4,0,1,0.0,-0.015961125352503085
1616,stimulus,50,2,3,0,1,1.0,1.0,0,nan,nan,nan,0.0,-0.015961125352503085
1617,stimulus,50,1,4,1,0,-1.0,-1.0,1,1,0,0,0.0,-0.015961125352503085
1618,stimulus,50,3,5,1,0,-1.0,-1.0,1,0,1,0,0.0,-0.015961125352503085
1619,stimulus,50,8,5,1,0,-1.0,-1.0,1,0,1,0,0.0,-0.015961125352503085
1620,stimulus,50,8,3,0,0,-1.0,-1.0,1,0,1,0,0.0,-0.015961125352503085
1621,stimulus,50,0,3,0,0,-1.0,-1.0,1,0,1,0,0.0,-0.015961125352503085
1622,stimulus,50,8,5,1,0,-1.0,-1.0,1,0,1,0,0.0,-0.015961125352503085
1623,stimulus,50,3,3,0,1,1.0,1.0,0,nan,nan,nan,0.0,-0.015961125352503085
1624,stimulus,50,6,2,0,0,-1.0,-1.0,1,1,0,0,0.0,-0.015961125352503085
1625,stimulus,50,3,5,1,0,-1.0,-1.0,1,0,1,0,0.0,-0.015961125352503085
1626,stimulus,50,5,3,0,0,-1.0,-1.0,1,0,1,0,0.0,-0.015961125352503085
1627,stimulus,50,6,3,0,0,-1.0,-1.0,1,0,1,0,0.0,-0.015961125352503085
1628,stimulus,50,5,5,1,1,1.0,1.0,0,nan,nan,nan,0.0,-0.015961125352503085
1629,stimulus,50,5,6,1,1,1.0,1.0,0,nan,nan,nan,0.0,-0.015961125352503085
1630,stimulus,50,4,5,0,1,1.0,1.0,0,nan,nan,nan,0.0,-0.015961125352503085
1631,stimulus,50,7,4,0,0,-1.0,-1.0,1,3,0,1,0.0,-0.015961125352503085
1632,stimulus,50,5,5,1,1,1.0,1.0,0,nan,nan,nan,0.0,-0.015961125352503085
1633,stimulus,50,6,6,1,1,1.0,1.0,0,nan,nan,nan,0.0,-0.015961125352503085
1634,stimulus,50,0,7,1,0,-1.0,-1.0,1,2,0,0,6.224292447602566e-06,-0.01595490106005549
1635,stimulus,50,2,5,1,0,-1.0,-1.0,1,0,1,0,0.0,-0.01595490106005549
1636,stimulus,50,2,3,0,1,1.0,1.0,0,nan,nan,nan,0.0,-0.01595490106005549
1637,stimulus,50,7,2,0,0,-1.0,-1.0,1,1,0,0,0.0,-0.01595490106005549
1638,stimulus,50,0,3,0,0,-1.0,-1.0,1,0,1,0,0.0,-0.01595490106005549
1639,stimulus,50,5,5,1,1,1.0,1.0,0,nan,nan,nan,0.0,-0.01595490106005549
1640,stimulus,50,3,4,0,1,1.0,1.0,0,nan,nan,nan,0.0,-0.01595490106005549
1641,stimulus,50,2,5,1,0,-1.0,-1.0,1,2,0,0,0.0,-0.01595490106005549
1642,stimulus,50,8,3,0,0,-1.0,-1.0,1,0,1,0,0.0,-0.01595490106005549
1643,stimulus,50,2,5,1,0,-1.0,-1.0,1,0,1,0,0.0,-0.01595490106005549
1644,stimulus,50,5,3,0,0,-1.0,-1.0,1,0,1,0,0.0,-0.01595490106005549
1645,stimulus,50,4,5,1,1,1.0,1.0,0,nan,nan,nan,0.0,-0.01595490106005549
1646,stimulus,50,0,6,1,0,-1.0,-1.0,1,1,0,0,0.0,-0.01595490106005549
1647,stimulus,50,2,3,0,1,1.0,1.0,0,nan,nan,nan,0.0,-0.01595490106005549
1648,stimulus,50,0,2,0,0,-1.0,-1.0,1,1,0,0,0.0,-0.01595490106005549
1649,stimulus,50,0,5,1,0,-1.0,-1.0,1,0,1,0,0.0,-0.01595490106005549
1650,stimulus,50,2,5,1,0,-1.0,-1.0,1,0,1,0,0.0,-0.01595490106005549
1651,stimulus,50,1,5,1,0,-1.0,-1.0,1,0,1,0,0.0,-0.01595490106005549
1652,stimulus,50,0,5,1,0,-1.0,-1.0,1,0,1,0,0.0,-0.01595490106005549
1653,stimulus,50,2,3,0,1,1.0,1.0,0,nan,nan,nan,0.0,-0.01595490106005549
1654,stimulus,50,5,4,1,1,1.0,1.0,0,nan,nan,nan,0.0,-0.01595490106005549
1655,stimulus,50,7,5,1,0,-1.0,-1.0,1,2,0,0,0.0,-0.01595490106005549
1656,stimulus,50,7,3,0,0,-1.0,-1.0,1,0,1,0,0.0,-0.01595490106005549
1657,stimulus,50,1,3,0,0,-1.0,-1.0,1,0,1,0,0.0,-0.01595490106005549
1658,stimulus,50,8,3,0,0,-1.0,-1.0,1,0,1,0,0.0,-0.01595490106005549
1659,stimulus,50,0,5,1,0,-1.0,-1.0,1,0,1,0,0.0,-0.01595490106005549
1660,stimulus,50,6,5,1,1,1.0,1.0,0,nan,nan,nan,0.0,-0.01595490106005549
1661,stimulus,50,1,6,1,0,-1.0,-1.0,1,1,0,0,0.0,-0.01595490106005549
1662,stimulus,50,4,3,0,1,1.0,1.0,0,nan,nan,nan,0.0,-0.01595490106005549
1663,stimulus,50,7,4,1,0,-1.0,-1.0,1,1,0,0,0.0,-0.01595490106005549
1664,stimulus,50,5,3,0,0,-1.0,-1.0,1,0,1,0,0.0,-0.01595490106005549
1665,stimulus,50,8,5,1,0,-1.0,-1.0,1,0,1,0,0.0,-0.01595490106005549
1666,stimulus,50,1,3,0,0,-1.0,-1.0,1,0,1,0,0.0,-0.01595490106005549
1667,stimulus,50,2,5,1,0,-1.0,-1.0,1,0,1,0,0.0,-0.01595490106005549
1668,stimulus,50,5,3,0,0,-1.0,-1.0,1,0,1,0,0.0,-0.01595490106005549
1669,stimulus,50,4,3,0,1,1.0,1.0,0,nan,nan,nan,0.0,-0.01595490106005549
1670,stimulus,50,6,4,1,0,-1.0,-1.0,1,1,0,0,0.0,-0.01595490106005549
1671,stimulus,50,1,5,1,0,-1.0,-1.0,1,0,1,0,0.0,-0.01595490106005549
1672,stimulus,50,5,5,1,1,1.0,1.0,0,nan,nan,nan,0.0,-0.01595490106005549
1673,stimulus,50,7,6,1,1,1.0,1.0,0,nan,nan,nan,0.0,-0.01595490106005549
1674,stimulus,50,2,7,1,0,-1.0,-1.0,1,2,0,0,0.0,-0.01595490106005549
1675,stimulus,50,1,5,1,0,-1.0,-1.0,1,0,1,0,0.0,-0.01595490106005549
1676,stimulus,50,4,5,1,1,1.0,1.0,0,nan,nan,nan,0.0,-0.01595490106005549
1677,stimulus,50,0,4,0,0,-1.0,-1.0,1,1,0,0,0.0,-0.01595490106005549
1678,stimulus,50,0,5,1,0,-1.0,-1.0,1,0,1,0,0.0,-0.01595490106005549
1679,stimulus,50,8,5,1,0,-1.0,-1.0,1,0,1,0,0.0,-0.01595490106005549
1680,stimulus,50,8,5,1,0,-1.0,-1.0,1,0,1,0,0.0,-0.01595490106005549
1681,stimulus,50,3,3,0,1,1.0,1.0,0,nan,nan,nan,0.0,-0.01595490106005549
1682,stimulus,50,0,2,0,0,-1.0,-1.0,1,1,0,0,0.0,-0.01595490106005549
1683,stimulus,50,5,3,0,0,-1.0,-1.0,1,0,1,0,0.0,-0.01595490106005549
1684,stimulus,50,7,5,1,0,-1.0,-1.0,1,0,1,0,0.0,-0.01595490106005549
1685,stimulus,50,5,3,0,0,-1.0,-1.0,1,0,1,0,0.0,-0.01595490106005549
1686,stimulus,50,8,3,0,0,-1.0,-1.0,1,0,1,0,0.0,-0.01595490106005549
1687,stimulus,50,2,5,1,0,-1.0,-1.0,1,0,1,0,0.0,-0.01595490106005549
1688,stimulus,50,7,5,1,0,-1.0,-1.0,1,0,1,0,0.0,-0.01595490106005549
1689,stimulus,50,1,3,0,0,-1.0,-1.0,1,0,1,0,0.0,-0.01595490106005549
1690,stimulus,50,5,3,0,0,-1.0,-1.0,1,0,1,0,0.0,-0.01595490106005549
1691,stimulus,50,5,5,1,1,1.0,1.0,0,nan,nan,nan,0.0,-0.01595490106005549
1692,stimulus,50,0,6,1,0,-1.0,-1.0,1,1,0,0,0.0,-0.01595490106005549
1693,stimulus,50,7,5,1,0,-1.0,-1.0,1,0,1,0,0.0,-0.01595490106005549
1694,stimulus,50,7,5,1,0,-1.0,-1.0,1,0,1,0,0.0,-0.01595490106005549
1695,stimulus,50,1,5,1,0,-1.0,-1.0,1,0,1,0,0.0,-0.01595490106005549
1696,stimulus,50,7,3,0,0,-1.0,-1.0,1,0,1,0,0.0,-0.01595490106005549
1697,stimulus,50,5,3,0,0,-1.0,-1.0,1,0,1,0,0.0,-0.01595490106005549
1698,stimulus,50,5,5,1,1,1.0,1.0,0,nan,nan,nan,0.0,-0.01595490106005549
1699,stimulus,50,1,6,1,0,-1.0,-1.0,1,1,0,0,0.0,-0.01595490106005549
1700,stimulus,50,5,5,1,1,1.0,1.0,0,nan,nan,nan,0.0,-0.01595490106005549
1701,stimulus,50,5,6,1,1,1.0,1.0,0,nan,nan,nan,0.0,-0.01595490106005549
1702,stimulus,50,4,5,0,1,1.0,1.0,0,nan,nan,nan,0.0,-0.01595490106005549
1703,stimulus,50,3,6,1,0,-1.0,-1.0,1,3,0,1,0.0,-0.01595490106005549
1704,stimulus,50,4,5,1,1,1.0,1.0,0,nan,nan,nan,0.0,-0.01595490106005549
1705,stimulus,50,3,4,0,1,1.0,1.0,0,nan,nan,nan,0.0,-0.01595490106005549
1706,stimulus,50,0,3,0,0,-1.0,-1.0,1,2,0,0,0.0,-0.01595490106005549
1707,stimulus,50,4,5,1,1,1.0,1.0,0,nan,nan,nan,0.0,-0.01595490106005549
1708,stimulus,50,3,6,1,0,-1.0,-1.0,1,1,0,0,0.0,-0.01595490106005549
1709,stimulus,50,6,3,0,0,-1.0,-1.0,1,0,1,0,0.0,-0.01595490106005549
1710,stimulus,50,0,3,0,0,-1.0,-1.0,1,0,1,0,0.0,-0.01595490106005549
1711,stimulus,50,6,5,1,1,1.0,1.0,0,nan,nan,nan,0.0,-0.01595490106005549
1712,stimulus,50,0,4,0,0,-1.0,-1.0,1,1,0,0,0.0,-0.01595490106005549
1713,stimulus,50,8,5,1,0,-1.0,-1.0,1,0,1,0,0.0,-0.01595490106005549
1714,stimulus,50,7,3,0,0,-1.0,-1.0,1,0,1,0,0.0,-0.01595490106005549
1715,stimulus,50,7,5,1,0,-1.0,-1.0,1,0,1,0,0.0,-0.01595490106005549
1716,stimulus,50,4,5,1,1,1.0,1.0,0,nan,nan,nan,0.0,-0.01595490106005549
1717,stimulus,50,6,4,0,0,-1.0,-1.0,1,1,0,0,0.0,-0.01595490106005549
1718,stimulus,50,8,3,0,0,-1.0,-1.0,1,0,1,0,0.0,-0.01595490106005549
1719,stimulus,50,7,3,0,0,-1.0,-1.0,1,0,1,0,0.0,-0.01595490106005549
1720,stimulus,50,7,5,1,0,-1.0,-1.0,1,0,1,0,0.0,-0.01595490106005549
1721,stimulus,50,5,5,1,1,1.0,1.0,0,nan,nan,nan,0.0,-0.01595490106005549
1722,stimulus,50,1,6,1,0,-1.0,-1.0,1,1,0,0,0.0,-0.01595490106005549
1723,stimulus,50,1,5,1,0,-1.0,-1.0,1,0,1,0,0.0,-0.01595490106005549
1724,stimulus,50,2,5,1,0,-1.0,-1.0,1,0,1,0,0.0,-0.01595490106005549
1725,stimulus,50,7,5,1,0,-1.0,-1.0,1,0,1,0,0.0,-0.01595490106005549
1726,stimulus,50,0,3,0,0,-1.0,-1.0,1,0,1,0,0.0,-0.01595490106005549
1727,stimulus,50,2,3,0,1,1.0,1.0,0,nan,nan,nan,0.0,-0.01595490106005549
1728,stimulus,50,4,2,0,0,-1.0,-1.0,1,1,0,0,0.0,-0.01595490106005549
1729,stimulus,50,8,3,0,0,-1.0,-1.0,1,0,1,0,0.0,-0.01595490106005549
1730,stimulus,50,3,3,0,1,1.0,1.0,0,nan,nan,nan,0.0,-0.01595490106005549
1731,stimulus,50,5,2,0,0,-1.0,-1.0,1,1,0,0,0.0,-0.01595490106005549
1732,stimulus,50,8,5,1,0,-1.0,-1.0,1,0,1,0,0.0,-0.01595490106005549
1733,stimulus,50,0,3,0,0,-1.0,-1.0,1,0,1,0,0.0,-0.01595490106005549
1734,stimulus,50,1,5,1,0,-1.0,-1.0,1,0,1,0,0.0,-0.01595490106005549
1735,stimulus,50,4,5,1,1,1.0,1.0,0,nan,nan,nan,0.0,-0.01595490106005549
1736,stimulus,50,2,6,1,0,-1.0,-1.0,1,1,0,0,0.0,-0.01595490106005549
1737,stimulus,50,6,5,1,1,1.0,1.0,0,nan,nan,nan,0.0,-0.01595490106005549
1738,stimulus,50,4,4,0,1,1.0,1.0,0,nan,nan,nan,0.0,-0.01595490106005549
1739,stimulus,50,8,3,0,0,-1.0,-1.0,1,2,0,0,0.0,-0.01595490106005549
1740,stimulus,50,2,5,1,0,-1.0,-1.0,1,0,1,0,0.0,-0.01595490106005549
1741,stimulus,50,5,3,0,0,-1.0,-1.0,1,0,1,0,0.0,-0.01595490106005549
1742,stimulus,50,8,5,1,0,-1.0,-1.0,1,0,1,0,0.0,-0.01595490106005549
1743,stimulus,50,8,3,0,0,-1.0,-1.0,1,0,1,0,0.0,-0.01595490106005549
1744,stimulus,50,8,3,0,0,-1.0,-1.0,1,0,1,0,0.0,-0.01595490106005549
1745,stimulus,50,4,3,0,1,1.0,1.0,0,nan,nan,nan,0.0,-0.01595490106005549
1746,stimulus,50,6,4,1,0,-1.0,-1.0,1,1,0,0,0.0,-0.01595490106005549
1747,stimulus,50,4,5,1,1,1.0,1.0,0,nan,nan,nan,0.0,-0.01595490106005549
1748,stimulus,50,2,4,0,0,-1.0,-1.0,1,1,0,0,0.0,-0.01595490106005549
1749,stimulus,50,1,5,1,0,-1.0,-1.0,1,0,1,0,0.0,-0.01595490106005549
1750,stimulus,50,6,5,1,1,1.0,1.0,0,nan,nan,nan,0.0,-0.01595490106005549
1751,stimulus,50,0,6,1,0,-1.0,-1.0,1,1,0,0,0.0,-0.01595490106005549
1752,stimulus,50,3,5,1,0,-1.0,-1.0,1,0,1,0,0.0,-0.01595490106005549
1753,stimulus,50,7,5,1,0,-1.0,-1.0,1,0,1,0,0.0,-0.01595490106005549
1754,stimulus,50,3,5,1,0,-1.0,-1.0,1,0,1,0,0.0,-0.01595490106005549
1755,stimulus,50,5,3,0,0,-1.0,-1.0,1,0,1,0,0.0,-0.01595490106005549
1756,stimulus,50,7,3,0,0,-1.0,-1.0,1,0,1,0,0.0,-0.01595490106005549
1757,stimulus,50,1,3,0,0,-1.0,-1.0,1,0,1,0,0.0,-0.01595490106005549
1758,stimulus,50,4,3,0,1,1.0,1.0,0,nan,nan,nan,0.0,-0.01595490106005549
1759,stimulus,50,5,4,1,1,1.0,1.0,0,nan,nan,nan,0.0,-0.01595490106005549
1760,stimulus,50,6,5,1,1,1.0,1.0,0,nan,nan,nan,0.0,-0.01595490106005549
1761,stimulus,50,3,4,0,1,1.0,1.0,0,nan,nan,nan,0.0,-0.01595490106005549
1762,stimulus,50,3,5,1,0,-1.0,-1.0,1,4,0,1,0.0,-0.01595490106005549
1763,stimulus,50,6,5,1,1,1.0,1.0,0,nan,nan,nan,0.0,-0.01595490106005549
1764,stimulus,50,0,6,1,0,-1.0,-1.0,1,1,0,0,0.0,-0.01595490106005549
1765,stimulus,50,5,5,1,1,1.0,1.0,0,nan,nan,nan,0.0,-0.01595490106005549
1766,stimulus,50,2,4,0,0,-1.0,-1.0,1,1,0,0,0.0,-0.01595490106005549
1767,stimulus,50,6,3,0,0,-1.0,-1.0,1,0,1,0,0.0,-0.01595490106005549
1768,stimulus,50,2,3,0,1,1.0,1.0,0,nan,nan,nan,0.0,-0.01595490106005549
1769,stimulus,50,1,2,0,1,1.0,1.0,0,nan,nan,nan,0.0,-0.01595490106005549
1770,stimulus,50,6,1,0,0,-1.0,-1.0,1,2,0,0,0.0,-0.01595490106005549
1771,stimulus,50,4,3,0,1,1.0,1.0,0,nan,nan,nan,0.0,-0.01595490106005549
1772,stimulus,50,4,4,1,1,1.0,1.0,0,nan,nan,nan,0.0,-0.01595490106005549
1773,stimulus,50,1,5,1,0,-1.0,-1.0,1,2,0,0,0.0,-0.01595490106005549
1774,stimulus,50,5,5,1,1,1.0,1.0,0,nan,nan,nan,0.0,-0.01595490106005549
1775,stimulus,50,1,4,0,0,-1.0,-1.0,1,1,0,0,0.0,-0.01595490106005549
1776,stimulus,50,6,5,1,1,1.0,1.0,0,nan,nan,nan,0.0,-0.01595490106005549
1777,stimulus,50,5,6,1,1,1.0,1.0,0,nan,nan,nan,0.0,-0.01595490106005549
1778,stimulus,50,0,7,1,0,-1.0,-1.0,1,2,0,0,1.0131991811379483e-05,-0.01594476906824411
1779,stimulus,50,3,5,1,0,-1.0,-1.0,1,0,1,0,0.0,-0.01594476906824411
1780,stimulus,50,3,5,1,0,-1.0,-1.0,1,0,1,0,0.0,-0.01594476906824411
1781,stimulus,50,8,3,0,0,-1.0,-1.0,1,0,1,0,0.0,-0.01594476906824411
1782,stimulus,50,6,3,0,0,-1.0,-1.0,1,0,1,0,0.0,-0.01594476906824411
1783,stimulus,50,0,3,0,0,-1.0,-1.0,1,0,1,0,0.0,-0.01594476906824411
1784,stimulus,50,3,5,1,0,-1.0,-1.0,1,0,1,0,0.0,-0.01594476906824411
1785,stimulus,50,1,3,0,0,-1.0,-1.0,1,0,1,0,0.0,-0.01594476906824411
1786,stimulus,50,6,3,0,0,-1.0,-1.0,1,0,1,0,0.0,-0.01594476906824411
1787,stimulus,50,7,3,0,0,-1.0,-1.0,1,0,1,0,0.0,-0.01594476906824411
1788,stimulus,50,0,5,1,0,-1.0,-1.0,1,0,1,0,0.0,-0.01594476906824411
1789,stimulus,50,0,3,0,0,-1.0,-1.0,1,0,1,0,0.0,-0.01594476906824411
1790,stimulus,50,3,3,0,1,1.0,1.0,0,nan,nan,nan,0.0,-0.01594476906824411
1791,stimulus,50,7,2,0,0,-1.0,-1.0,1,1,0,0,0.0,-0.01594476906824411
1792,stimulus,50,1,5,1,0,-1.0,-1.0,1,0,1,0,0.0,-0.01594476906824411
1793,stimulus,50,3,5,1,0,-1.0,-1.0,1,0,1,0,0.0,-0.01594476906824411
1794,stimulus,50,0,5,1,0,-1.0,-1.0,1,0,1,0,0.0,-0.01594476906824411
1795,stimulus,50,5,3,0,0,-1.0,-1.0,1,0,1,0,0.0,-0.01594476906824411
1796,stimulus,50,4,5,1,1,1.0,1.0,0,nan,nan,nan,0.0,-0.01594476906824411
1797,stimulus,50,0,4,0,0,-1.0,-1.0,1,1,0,0,0.0,-0.01594476906824411
1798,stimulus,50,6,5,1,1,1.0,1.0,0,nan,nan,nan,0.0,-0.01594476906824411
1799,stimulus,50,6,6,1,1,1.0,1.0,0,nan,nan,nan,0.0,-0.01594476906824411
1800,stimulus,50,6,5,0,1,1.0,1.0,0,nan,nan,nan,0.0,-0.01594476906824411
1801,stimulus,50,4,6,1,0,-1.0,-1.0,1,3,0,1,0.0,-0.01594476906824411
1802,stimulus,50,0,5,1,0,-1.0,-1.0,1,0,1,0,0.0,-0.01594476906824411
1803,stimulus,50,5,3,0,0,-1.0,-1.0,1,0,1,0,0.0,-0.01594476906824411
1804,stimulus,50,2,3,0,1,1.0,1.0,0,nan,nan,nan,0.0,-0.01594476906824411
1805,stimulus,50,3,4,1,1,1.0,1.0,0,nan,nan,nan,0.0,-0.01594476906824411
1806,stimulus,50,7,5,1,0,-1.0,-1.0,1,2,0,0,0.0,-0.01594476906824411
1807,stimulus,50,1,5,1,0,-1.0,-1.0,1,0,1,0,0.0,-0.01594476906824411
1808,stimulus,50,0,3,0,0,-1.0,-1.0,1,0,1,0,0.0,-0.01594476906824411
1809,stimulus,50,8,5,1,0,-1.0,-1.0,1,0,1,0,0.0,-0.01594476906824411
1810,stimulus,50,3,5,1,0,-1.0,-1.0,1,0,1,0,0.0,-0.01594476906824411
1811,stimulus,50,5,3,0,0,-1.0,-1.0,1,0,1,0,0.0,-0.01594476906824411
1812,stimulus,50,1,5,1,0,-1.0,-1.0,1,0,1,0,0.0,-0.01594476906824411
1813,stimulus,50,6,5,1,1,1.0,1.0,0,nan,nan,nan,0.0,-0.01594476906824411
1814,stimulus,50,3,4,0,1,1.0,1.0,0,nan,nan,nan,0.0,-0.01594476906824411
1815,stimulus,50,4,5,1,1,1.0,1.0,0,nan,nan,nan,0.0,-0.01594476906824411
1816,stimulus,50,0,6,1,0,-1.0,-1.0,1,3,0,1,0.0,-0.01594476906824411
1817,stimulus,50,3,3,0,1,1.0,1.0,0,nan,nan,nan,0.0,-0.01594476906824411
1818,stimulus,50,5,2,0,0,-1.0,-1.0,1,1,0,0,0.0,-0.01594476906824411
1819,stimulus,50,1,3,0,0,-1.0,-1.0,1,0,1,0,0.0,-0.01594476906824411
1820,stimulus,50,8,3,0,0,-1.0,-1.0,1,0,1,0,0.0,-0.01594476906824411
1821,stimulus,50,3,5,1,0,-1.0,-1.0,1,0,1,0,0.0,-0.01594476906824411
1822,stimulus,50,4,5,1,1,1.0,1.0,0,nan,nan,nan,0.0,-0.01594476906824411
1823,stimulus,50,1,6,1,0,-1.0,-1.0,1,1,0,0,0.0,-0.01594476906824411
1824,stimulus,50,5,5,1,1,1.0,1.0,0,nan,nan,nan,0.0,-0.01594476906824411
1825,stimulus,50,4,6,1,0,-1.0,-1.0,1,1,0,0,0.0,-0.01594476906824411
1826,stimulus,50,5,3,0,0,-1.0,-1.0,1,0,1,0,0.0,-0.01594476906824411
1827,stimulus,50,3,3,0,1,1.0,1.0,0,nan,nan,nan,0.0,-0.01594476906824411
1828,stimulus,50,8,4,1,0,-1.0,-1.0,1,1,0,0,0.0,-0.01594476906824411
1829,stimulus,50,3,5,1,0,-1.0,-1.0,1,0,1,0,0.0,-0.01594476906824411
1830,stimulus,50,5,3,0,0,-1.0,-1.0,1,0,1,0,0.0,-0.01594476906824411
1831,stimulus,50,7,3,0,0,-1.0,-1.0,1,0,1,0,0.0,-0.01594476906824411
1832,stimulus,50,7,3,0,0,-1.0,-1.0,1,0,1,0,0.0,-0.01594476906824411
1833,stimulus,50,5,3,0,0,-1.0,-1.0,1,0,1,0,0.0,-0.01594476906824411
1834,stimulus,50,1,3,0,0,-1.0,-1.0,1,0,1,0,0.0,-0.01594476906824411
1835,stimulus,50,1,3,0,0,-1.0,-1.0,1,0,1,0,0.0,-0.01594476906824411
1836,stimulus,50,0,3,0,0,-1.0,-1.0,1,0,1,0,0.0,-0.01594476906824411
1837,stimulus,50,1,3,0,0,-1.0,-1.0,1,0,1,0,0.0,-0.01594476906824411
1838,stimulus,50,3,5,1,0,-1.0,-1.0,1,0,1,0,0.0,-0.01594476906824411
1839,stimulus,50,5,3,0,0,-1.0,-1.0,1,0,1,0,0.0,-0.01594476906824411
1840,stimulus,50,4,5,1,1,1.0,1.0,0,nan,nan,nan,0.0,-0.01594476906824411
1841,stimulus,50,2,4,0,0,-1.0,-1.0,1,1,0,0,0.0,-0.01594476906824411
1842,stimulus,50,0,3,0,0,-1.0,-1.0,1,0,1,0,0.0,-0.01594476906824411
1843,stimulus,50,4,3,0,1,1.0,1.0,0,nan,nan,nan,0.0,-0.01594476906824411
1844,stimulus,50,7,4,1,0,-1.0,-1.0,1,1,0,0,0.0,-0.01594476906824411
1845,stimulus,50,5,5,1,1,1.0,1.0,0,nan,nan,nan,0.0,-0.01594476906824411
1846,stimulus,50,7,4,0,0,-1.0,-1.0,1,1,0,0,0.0,-0.01594476906824411
1847,stimulus,50,6,3,0,0,-1.0,-1.0,1,0,1,0,0.0,-0.01594476906824411
1848,stimulus,50,6,5,1,1,1.0,1.0,0,nan,nan,nan,0.0,-0.01594476906824411
1849,stimulus,50,4,6,1,0,-1.0,-1.0,1,1,0,0,0.0,-0.01594476906824411
1850,stimulus,50,1,5,1,0,-1.0,-1.0,1,0,1,0,0.0,-0.01594476906824411
1851,stimulus,50,1,3,0,0,-1.0,-1.0,1,0,1,0,0.0,-0.01594476906824411
1852,stimulus,50,0,5,1,0,-1.0,-1.0,1,0,1,0,0.0,-0.01594476906824411
1853,stimulus,50,7,3,0,0,-1.0,-1.0,1,0,1,0,0.0,-0.01594476906824411
1854,stimulus,50,8,5,1,0,-1.0,-1.0,1,0,1,0,0.0,-0.01594476906824411
1855,stimulus,50,6,5,1,1,1.0,1.0,0,nan,nan,nan,0.0,-0.01594476906824411
1856,stimulus,50,5,6,1,1,1.0,1.0,0,nan,nan,nan,0.0,-0.01594476906824411
1857,stimulus,50,5,5,0,1,1.0,1.0,0,nan,nan,nan,0.0,-0.01594476906824411
1858,stimulus,50,4,4,0,1,1.0,1.0,0,nan,nan,nan,0.0,-0.01594476906824411
1859,stimulus,50,8,3,0,0,-1.0,-1.0,1,4,0,1,0.0,-0.01594476906824411
1860,stimulus,50,5,5,1,1,1.0,1.0,0,nan,nan,nan,0.0,-0.01594476906824411
1861,stimulus,50,0,4,0,0,-1.0,-1.0,1,1,0,0,0.0,-0.01594476906824411
1862,stimulus,50,6,3,0,0,-1.0,-1.0,1,0,1,0,0.0,-0.01594476906824411
1863,stimulus,50,2,3,0,1,1.0,1.0,0,nan,nan,nan,0.0,-0.01594476906824411
1864,stimulus,50,6,2,0,0,-1.0,-1.0,1,1,0,0,0.0,-0.01594476906824411
1865,stimulus,50,5,5,1,1,1.0,1.0,0,nan,nan,nan,0.0,-0.01594476906824411
1866,stimulus,50,1,4,0,0,-1.0,-1.0,1,1,0,0,0.0,-0.01594476906824411
1867,stimulus,50,0,5,1,0,-1.0,-1.0,1,0,1,0,0.0,-0.01594476906824411
1868,stimulus,50,3,3,0,1,1.0,1.0,0,nan,nan,nan,0.0,-0.01594476906824411
1869,stimulus,50,4,4,1,1,1.0,1.0,0,nan,nan,nan,0.0,-0.01594476906824411
1870,stimulus,50,4,5,1,1,1.0,1.0,0,nan,nan,nan,0.0,-0.01594476906824411
1871,stimulus,50,3,4,0,1,1.0,1.0,0,nan,nan,nan,0.0,-0.01594476906824411
1872,stimulus,50,5,5,1,1,1.0,1.0,0,nan,nan,nan,0.0,-0.01594476906824411
1873,stimulus,50,7,4,0,0,-1.0,-1.0,1,5,0,1,0.0,-0.01594476906824411
1874,stimulus,50,7,3,0,0,-1.0,-1.0,1,0,1,0,0.0,-0.01594476906824411
1875,stimulus,50,8,5,1,0,-1.0,-1.0,1,0,1,0,0.0,-0.01594476906824411
1876,stimulus,50,1,5,1,0,-1.0,-1.0,1,0,1,0,0.0,-0.01594476906824411
1877,stimulus,50,1,3,0,0,-1.0,-1.0,1,0,1,0,0.0,-0.01594476906824411
1878,stimulus,50,3,3,0,1,1.0,1.0,0,nan,nan,nan,0.0,-0.01594476906824411
1879,stimulus,50,1,4,1,0,-1.0,-1.0,1,1,0,0,0.0,-0.01594476906824411
1880,stimulus,50,3,3,0,1,1.0,1.0,0,nan,nan,nan,0.0,-0.01594476906824411
1881,stimulus,50,5,2,0,0,-1.0,-1.0,1,1,0,0,0.0,-0.01594476906824411
1882,stimulus,50,8,5,1,0,-1.0,-1.0,1,0,1,0,0.0,-0.01594476906824411
1883,stimulus,50,0,3,0,0,-1.0,-1.0,1,0,1,0,0.0,-0.01594476906824411
1884,stimulus,50,6,5,1,1,1.0,1.0,0,nan,nan,nan,0.0,-0.01594476906824411
1885,stimulus,50,3,6,1,0,-1.0,-1.0,1,1,0,0,0.0,-0.01594476906824411
1886,stimulus,50,2,5,1,0,-1.0,-1.0,1,0,1,0,0.0,-0.01594476906824411
1887,stimulus,50,7,5,1,0,-1.0,-1.0,1,0,1,0,0.0,-0.01594476906824411
1888,stimulus,50,8,3,0,0,-1.0,-1.0,1,0,1,0,0.0,-0.01594476906824411
1889,stimulus,50,6,5,1,1,1.0,1.0,0,nan,nan,nan,0.0,-0.01594476906824411
1890,stimulus,50,0,4,0,0,-1.0,-1.0,1,1,0,0,0.0,-0.01594476906824411
1891,stimulus,50,0,5,1,0,-1.0,-1.0,1,0,1,0,0.0,-0.01594476906824411
1892,stimulus,50,4,3,0,1,1.0,1.0,0,nan,nan,nan,0.0,-0.01594476906824411
1893,stimulus,50,6,4,1,0,-1.0,-1.0,1,1,0,0,0.0,-0.01594476906824411
1894,stimulus,50,8,3,0,0,-1.0,-1.0,1,0,1,0,0.0,-0.01594476906824411
1895,stimulus,50,0,3,0,0,-1.0,-1.0,1,0,1,0,0.0,-0.01594476906824411
1896,stimulus,50,7,3,0,0,-1.0,-1.0,1,0,1,0,0.0,-0.01594476906824411
1897,stimulus,50,8,3,0,0,-1.0,-1.0,1,0,1,0,0.0,-0.01594476906824411
1898,stimulus,50,0,3,0,0,-1.0,-1.0,1,0,1,0,0.0,-0.01594476906824411
1899,stimulus,50,8,5,1,0,-1.0,-1.0,1,0,1,0,0.0,-0.01594476906824411
1900,stimulus,50,4,3,0,1,1.0,1.0,0,nan,nan,nan,0.0,-0.01594476906824411
1901,stimulus,50,6,2,0,0,-1.0,-1.0,1,1,0,0,0.0,-0.01594476906824411
1902,stimulus,50,3,5,1,0,-1.0,-1.0,1,0,1,0,0.0,-0.01594476906824411
1903,stimulus,50,4,5,1,1,1.0,1.0,0,nan,nan,nan,0.0,-0.01594476906824411
1904,stimulus,50,6,4,0,0,-1.0,-1.0,1,1,0,0,0.0,-0.01594476906824411
1905,stimulus,50,2,5,1,0,-1.0,-1.0,1,0,1,0,0.0,-0.01594476906824411
1906,stimulus,50,5,5,1,1,1.0,1.0,0,nan,nan,nan,0.0,-0.01594476906824411
1907,stimulus,50,5,4,0,1,1.0,1.0,0,nan,nan,nan,0.0,-0.01594476906824411
1908,stimulus,50,4,5,1,1,1.0,1.0,0,nan,nan,nan,0.0,-0.01594476906824411
1909,stimulus,50,0,6,1,0,-1.0,-1.0,1,3,0,1,0.0,-0.01594476906824411
1910,stimulus,50,1,3,0,0,-1.0,-1.0,1,0,1,0,0.0,-0.01594476906824411
1911,stimulus,50,0,5,1,0,-1.0,-1.0,1,0,1,0,0.0,-0.01594476906824411
1912,stimulus,50,5,3,0,0,-1.0,-1.0,1,0,1,0,0.0,-0.01594476906824411
1913,stimulus,50,6,3,0,0,-1.0,-1.0,1,0,1,0,0.0,-0.01594476906824411
1914,stimulus,50,7,5,1,0,-1.0,-1.0,1,0,1,0,0.0,-0.01594476906824411
1915,stimulus,50,3,3,0,1,1.0,1.0,0,nan,nan,nan,0.0,-0.01594476906824411
1916,stimulus,50,6,2,0,0,-1.0,-1.0,1,1,0,0,0.0,-0.01594476906824411
1917,stimulus,50,3,5,1,0,-1.0,-1.0,1,0,1,0,0.0,-0.01594476906824411
1918,stimulus,50,6,5,1,1,1.0,1.0,0,nan,nan,nan,0.0,-0.01594476906824411
1919,stimulus,50,8,4,0,0,-1.0,-1.0,1,1,0,0,0.0,-0.01594476906824411
1920,stimulus,50,8,5,1,0,-1.0,-1.0,1,0,1,0,0.0,-0.01594476906824411
1921,stimulus,50,8,5,1,0,-1.0,-1.0,1,0,1,0,0.0,-0.01594476906824411
1922,stimulus,50,4,5,1,1,1.0,1.0,0,nan,nan,nan,0.0,-0.01594476906824411
1923,stimulus,50,2,6,1,0,-1.0,-1.0,1,1,0,0,0.0,-0.01594476906824411
1924,stimulus,50,1,5,1,0,-1.0,-1.0,1,0,1,0,0.0,-0.01594476906824411
1925,stimulus,50,1,5,1,0,-1.0,-1.0,1,0,1,0,0.0,-0.01594476906824411
1926,stimulus,50,0,3,0,0,-1.0,-1.0,1,0,1,0,0.0,-0.01594476906824411
1927,stimulus,50,4,5,1,1,1.0,1.0,0,nan,nan,nan,0.0,-0.01594476906824411
1928,stimulus,50,4,6,1,0,-1.0,-1.0,1,1,0,0,0.0,-0.01594476906824411
1929,stimulus,50,7,5,1,0,-1.0,-1.0,1,0,1,0,0.0,-0.01594476906824411
1930,stimulus,50,4,5,1,1,1.0,1.0,0,nan,nan,nan,0.0,-0.01594476906824411
1931,stimulus,50,6,4,0,0,-1.0,-1.0,1,1,0,0,0.0,-0.01594476906824411
1932,stimulus,50,4,3,0,1,1.0,1.0,0,nan,nan,nan,0.0,-0.01594476906824411
1933,stimulus,50,5,4,1,1,1.0,1.0,0,nan,nan,nan,0.0,-0.01594476906824411
1934,stimulus,50,4,3,0,1,1.0,1.0,0,nan,nan,nan,0.0,-0.01594476906824411
1935,stimulus,50,4,4,1,1,1.0,1.0,0,nan,nan,nan,0.0,-0.01594476906824411
1936,stimulus,50,3,3,0,1,1.0,1.0,0,nan,nan,nan,0.0,-0.01594476906824411
1937,stimulus,50,6,4,1,0,-1.0,-1.0,1,5,0,1,0.0,-0.01594476906824411
1938,stimulus,50,1,3,0,0,-1.0,-1.0,1,0,1,0,0.0,-0.01594476906824411
1939,stimulus,50,3,5,1,0,-1.0,-1.0,1,0,1,0,0.0,-0.01594476906824411
1940,stimulus,50,3,3,0,1,1.0,1.0,0,nan,nan,nan,0.0,-0.01594476906824411
1941,stimulus,50,5,4,1,1,1.0,1.0,0,nan,nan,nan,0.0,-0.01594476906824411
1942,stimulus,50,0,3,0,0,-1.0,-1.0,1,2,0,0,0.0,-0.01594476906824411
1943,stimulus,50,7,5,1,0,-1.0,-1.0,1,0,1,0,0.0,-0.01594476906824411
1944,stimulus,50,7,5,1,0,-1.0,-1.0,1,0,1,0,0.0,-0.01594476906824411
1945,stimulus,50,7,5,1,0,-1.0,-1.0,1,0,1,0,0.0,-0.01594476906824411
1946,stimulus,50,6,3,0,0,-1.0,-1.0,1,0,1,0,0.0,-0.01594476906824411
1947,stimulus,50,1,3,0,0,-1.0,-1.0,1,0,1,0,0.0,-0.01594476906824411
1948,stimulus,50,4,3,0,1,1.0,1.0,0,nan,nan,nan,0.0,-0.01594476906824411
1949,stimulus,50,1,2,0,1,1.0,1.0,0,nan,nan,nan,0.0,-0.01594476906824411
1950,stimulus,50,0,3,1,0,-1.0,-1.0,1,2,0,0,0.0,-0.01594476906824411
1951,stimulus,50,6,5,1,1,1.0,1.0,0,nan,nan,nan,0.0,-0.01594476906824411
1952,stimulus,50,8,4,0,0,-1.0,-1.0,1,1,0,0,0.0,-0.01594476906824411
1953,stimulus,50,4,5,1,1,1.0,1.0,0,nan,nan,nan,0.0,-0.01594476906824411
1954,stimulus,50,6,6,1,1,1.0,1.0,0,nan,nan,nan,0.0,-0.01594476906824411
1955,stimulus,50,6,7,1,1,1.0,1.0,0,nan,nan,nan,0.0,-0.01594476906824411
1956,stimulus,50,5,8,1,0,-1.0,-1.0,1,3,0,1,0.0,-0.01594476906824411
1957,stimulus,50,8,3,0,0,-1.0,-1.0,1,0,1,0,0.0,-0.01594476906824411
1958,stimulus,50,7,5,1,0,-1.0,-1.0,1,0,1,0,0.0,-0.01594476906824411
1959,stimulus,50,6,5,1,1,1.0,1.0,0,nan,nan,nan,0.0,-0.01594476906824411
1960,stimulus,50,1,6,1,0,-1.0,-1.0,1,1,0,0,0.0,-0.01594476906824411
1961,stimulus,50,2,5,1,0,-1.0,-1.0,1,0,1,0,0.0,-0.01594476906824411
1962,stimulus,50,3,5,1,0,-1.0,-1.0,1,0,1,0,0.0,-0.01594476906824411
1963,stimulus,50,3,5,1,0,-1.0,-1.0,1,0,1,0,0.0,-0.01594476906824411
1964,stimulus,50,4,3,0,1,1.0,1.0,0,nan,nan,nan,0.0,-0.01594476906824411
1965,stimulus,50,3,4,1,1,1.0,1.0,0,nan,nan,nan,0.0,-0.01594476906824411
1966,stimulus,50,2,3,0,1,1.0,1.0,0,nan,nan,nan,0.0,-0.01594476906824411
1967,stimulus,50,2,4,1,0,-1.0,-1.0,1,3,0,1,0.0,-0.01594476906824411
1968,stimulus,50,7,5,1,0,-1.0,-1.0,1,0,1,0,0.0,-0.01594476906824411
1969,stimulus,50,3,5,1,0,-1.0,-1.0,1,0,1,0,0.0,-0.01594476906824411
1970,stimulus,50,1,5,1,0,-1.0,-1.0,1,0,1,0,0.0,-0.01594476906824411
1971,stimulus,50,8,5,1,0,-1.0,-1.0,1,0,1,0,0.0,-0.01594476906824411
1972,stimulus,50,0,3,0,0,-1.0,-1.0,1,0,1,0,0.0,-0.01594476906824411
1973,stimulus,50,5,3,0,0,-1.0,-1.0,1,0,1,0,0.0,-0.01594476906824411
1974,stimulus,50,0,3,0,0,-1.0,-1.0,1,0,1,0,0.0,-0.01594476906824411
1975,stimulus,50,2,3,0,1,1.0,1.0,0,nan,nan,nan,0.0,-0.01594476906824411
1976,stimulus,50,2,2,0,1,1.0,1.0,0,nan,nan,nan,0.0,-0.01594476906824411
1977,stimulus,50,4,1,0,0,-1.0,-1.0,1,2,0,0,0.0,-0.01594476906824411
1978,stimulus,50,6,3,0,0,-1.0,-1.0,1,0,1,0,0.0,-0.01594476906824411
1979,stimulus,50,2,3,0,1,1.0,1.0,0,nan,nan,nan,0.0,-0.01594476906824411
1980,stimulus,50,4,2,0,0,-1.0,-1.0,1,1,0,0,0.0,-0.01594476906824411
1981,stimulus,50,4,5,1,1,1.0,1.0,0,nan,nan,nan,0.0,-0.01594476906824411
1982,stimulus,50,8,6,1,0,-1.0,-1.0,1,1,0,0,0.0,-0.01594476906824411
1983,stimulus,50,8,3,0,0,-1.0,-1.0,1,0,1,0,0.0,-0.01594476906824411
1984,stimulus,50,8,3,0,0,-1.0,-1.0,1,0,1,0,0.0,-0.01594476906824411
1985,stimulus,50,3,5,1,0,-1.0,-1.0,1,0,1,0,0.0,-0.01594476906824411
1986,stimulus,50,2,3,0,1,1.0,1.0,0,nan,nan,nan,0.0,-0.01594476906824411
1987,stimulus,50,2,2,0,1,1.0,1.0,0,nan,nan,nan,0.0,-0.01594476906824411
1988,stimulus,50,2,1,0,1,1.0,1.0,0,nan,nan,nan,0.0,-0.01594476906824411
1989,stimulus,50,0,0,0,1,1.0,1.0,0,nan,nan,nan,0.0,-0.01594476906824411
1990,stimulus,50,3,1,1,0,-1.0,-1.0,1,4,0,1,0.0,-0.01594476906824411
1991,stimulus,50,7,3,0,0,-1.0,-1.0,1,0,1,0,0.0,-0.01594476906824411
1992,stimulus,50,6,3,0,0,-1.0,-1.0,1,0,1,0,0.0,-0.01594476906824411
1993,stimulus,50,6,3,0,0,-1.0,-1.0,1,0,1,0,0.0,-0.01594476906824411
1994,stimulus,50,5,3,0,0,-1.0,-1.0,1,0,1,0,0.0,-0.01594476906824411
1995,stimulus,50,8,5,1,0,-1.0,-1.0,1,0,1,0,0.0,-0.01594476906824411
1996,stimulus,50,7,3,0,0,-1.0,-1.0,1,0,1,0,0.0,-0.01594476906824411
1997,stimulus,50,7,3,0,0,-1.0,-1.0,1,0,1,0,0.0,-0.01594476906824411
1998,stimulus,50,2,3,0,1,1.0,1.0,0,nan,nan,nan,0.0,-0.01594476906824411
1999,stimulus,50,2,2,0,1,1.0,1.0,0,nan,nan,nan,0.0,-0.01594476906824411
2000,stimulus,50,2,1,0,1,1.0,1.0,0,nan,nan,nan,0.0,-0.01594476906824411
2001,stimulus,50,1,2,1,1,1.0,1.0,0,nan,nan,nan,0.0,-0.01594476906824411
2002,stimulus,50,3,3,1,1,1.0,1.0,0,nan,nan,nan,0.0,-0.01594476906824411
2003,stimulus,50,8,4,1,0,-1.0,-1.0,1,5,0,1,0.0,-0.01594476906824411
2004,stimulus,50,0,3,0,0,-1.0,-1.0,1,0,1,0,0.0,-0.01594476906824411
2005,stimulus,50,2,5,1,0,-1.0,-1.0,1,0,1,0,0.0,-0.01594476906824411
2006,stimulus,50,7,5,1,0,-1.0,-1.0,1,0,1,0,0.0,-0.01594476906824411
2007,stimulus,50,0,5,1,0,-1.0,-1.0,1,0,1,0,0.0,-0.01594476906824411
2008,stimulus,50,3,3,0,1,1.0,1.0,0,nan,nan,nan,0.0,-0.01594476906824411
2009,stimulus,50,3,2,0,1,1.0,1.0,0,nan,nan,nan,0.0,-0.01594476906824411
2010,stimulus,50,7,1,0,0,-1.0,-1.0,1,2,0,0,0.0,-0.01594476906824411
2011,stimulus,50,5,5,1,1,1.0,1.0,0,nan,nan,nan,0.0,-0.01594476906824411
2012,stimulus,50,6,4,0,0,-1.0,-1.0,1,1,0,0,0.0,-0.01594476906824411
2013,stimulus,50,7,5,1,0,-1.0,-1.0,1,0,1,0,0.0,-0.01594476906824411
2014,stimulus,50,5,5,1,1,1.0,1.0,0,nan,nan,nan,0.0,-0.01594476906824411
2015,stimulus,50,4,4,0,1,1.0,1.0,0,nan,nan,nan,0.0,-0.01594476906824411
2016,stimulus,50,2,5,1,0,-1.0,-1.0,1,2,0,0,0.0,-0.01594476906824411
2017,stimulus,50,8,3,0,0,-1.0,-1.0,1,0,1,0,0.0,-0.01594476906824411
2018,stimulus,50,2,5,1,0,-1.0,-1.0,1,0,1,0,0.0,-0.01594476906824411
2019,stimulus,50,8,3,0,0,-1.0,-1.0,1,0,1,0,0.0,-0.01594476906824411
2020,stimulus,50,4,5,1,1,1.0,1.0,0,nan,nan,nan,0.0,-0.01594476906824411
2021,stimulus,50,1,6,1,0,-1.0,-1.0,1,1,0,0,0.0,-0.01594476906824411
2022,stimulus,50,4,5,1,1,1.0,1.0,0,nan,nan,nan,0.0,-0.01594476906824411
2023,stimulus,50,1,4,0,0,-1.0,-1.0,1,1,0,0,0.0,-0.01594476906824411
2024,stimulus,50,4,3,0,1,1.0,1.0,0,nan,nan,nan,0.0,-0.01594476906824411
2025,stimulus,50,7,4,1,0,-1.0,-1.0,1,1,0,0,0.0,-0.01594476906824411
2026,stimulus,50,5,3,0,0,-1.0,-1.0,1,0,1,0,0.0,-0.01594476906824411
2027,stimulus,50,3,5,1,0,-1.0,-1.0,1,0,1,0,0.0,-0.01594476906824411
2028,stimulus,50,6,5,1,1,1.0,1.0,0,nan,nan,nan,0.0,-0.01594476906824411
2029,stimulus,50,7,6,1,1,1.0,1.0,0,nan,nan,nan,0.0,-0.01594476906824411
2030,stimulus,50,5,5,0,1,1.0,1.0,0,nan,nan,nan,0.0,-0.01594476906824411
2031,stimulus,50,2,4,0,0,-1.0,-1.0,1,3,0,1,0.0,-0.01594476906824411
2032,stimulus,50,4,3,0,1,1.0,1.0,0,nan,nan,nan,0.0,-0.01594476906824411
2033,stimulus,50,3,2,0,1,1.0,1.0,0,nan,nan,nan,0.0,-0.01594476906824411
2034,stimulus,50,6,1,0,0,-1.0,-1.0,1,2,0,0,0.0,-0.01594476906824411
2035,stimulus,50,5,3,0,0,-1.0,-1.0,1,0,1,0,0.0,-0.01594476906824411
2036,stimulus,50,0,3,0,0,-1.0,-1.0,1,0,1,0,0.0,-0.01594476906824411
2037,stimulus,50,4,3,0,1,1.0,1.0,0,nan,nan,nan,0.0,-0.01594476906824411
2038,stimulus,50,2,4,1,0,-1.0,-1.0,1,1,0,0,0.0,-0.01594476906824411
2039,stimulus,50,0,3,0,0,-1.0,-1.0,1,0,1,0,0.0,-0.01594476906824411
2040,stimulus,50,1,3,0,0,-1.0,-1.0,1,0,1,0,0.0,-0.01594476906824411
2041,stimulus,50,7,5,1,0,-1.0,-1.0,1,0,1,0,0.0,-0.01594476906824411
2042,stimulus,50,0,5,1,0,-1.0,-1.0,1,0,1,0,0.0,-0.01594476906824411
2043,stimulus,50,4,3,0,1,1.0,1.0,0,nan,nan,nan,0.0,-0.01594476906824411
2044,stimulus,50,2,2,0,1,1.0,1.0,0,nan,nan,nan,0.0,-0.01594476906824411
2045,stimulus,50,3,1,0,0,-1.0,-1.0,1,2,0,0,0.0,-0.01594476906824411
2046,stimulus,50,5,3,0,0,-1.0,-1.0,1,0,1,0,0.0,-0.01594476906824411
2047,stimulus,50,5,5,1,1,1.0,1.0,0,nan,nan,nan,0.0,-0.01594476906824411
2048,stimulus,50,5,4,0,1,1.0,1.0,0,nan,nan,nan,0.0,-0.01594476906824411
2049,stimulus,50,1,3,0,0,-1.0,-1.0,1,2,0,0,0.0,-0.01594476906824411
2050,stimulus,50,5,5,1,1,1.0,1.0,0,nan,nan,nan,0.0,-0.01594476906824411
2051,stimulus,50,4,6,1,0,-1.0,-1.0,1,1,0,0,0.0,-0.01594476906824411
2052,stimulus,50,8,5,1,0,-1.0,-1.0,1,0,1,0,0.0,-0.01594476906824411
2053,stimulus,50,3,3,0,1,1.0,1.0,0,nan,nan,nan,0.0,-0.01594476906824411
2054,stimulus,50,8,2,0,0,-1.0,-1.0,1,1,0,0,0.0,-0.01594476906824411
2055,stimulus,50,4,3,0,1,1.0,1.0,0,nan,nan,nan,0.0,-0.01594476906824411
2056,stimulus,50,7,4,1,0,-1.0,-1.0,1,1,0,0,0.0,-0.01594476906824411
2057,stimulus,50,1,3,0,0,-1.0,-1.0,1,0,1,0,0.0,-0.01594476906824411
2058,stimulus,50,7,5,1,0,-1.0,-1.0,1,0,1,0,0.0,-0.01594476906824411
2059,stimulus,50,1,5,1,0,-1.0,-1.0,1,0,1,0,0.0,-0.01594476906824411
2060,stimulus,50,1,3,0,0,-1.0,-1.0,1,0,1,0,0.0,-0.01594476906824411
2061,stimulus,50,0,3,0,0,-1.0,-1.0,1,0,1,0,0.0,-0.01594476906824411
2062,stimulus,50,4,5,1,1,1.0,1.0,0,nan,nan,nan,0.0,-0.01594476906824411
2063,stimulus,50,2,4,0,0,-1.0,-1.0,1,1,0,0,0.0,-0.01594476906824411
2064,stimulus,50,2,5,1,0,-1.0,-1.0,1,0,1,0,0.0,-0.01594476906824411
2065,stimulus,50,8,3,0,0,-1.0,-1.0,1,0,1,0,0.0,-0.01594476906824411
2066,stimulus,50,4,5,1,1,1.0,1.0,0,nan,nan,nan,0.0,-0.01594476906824411
2067,stimulus,50,5,6,1,1,1.0,1.0,0,nan,nan,nan,0.0,-0.01594476906824411
2068,stimulus,50,5,5,0,1,1.0,1.0,0,nan,nan,nan,0.0,-0.01594476906824411
2069,stimulus,50,1,6,1,0,-1.0,-1.0,1,3,0,1,0.0,-0.01594476906824411
2070,stimulus,50,0,3,0,0,-1.0,-1.0,1,0,1,0,0.0,-0.01594476906824411
2071,stimulus,50,0,5,1,0,-1.0,-1.0,1,0,1,0,0.0,-0.01594476906824411
2072,stimulus,50,8,5,1,0,-1.0,-1.0,1,0,1,0,0.0,-0.01594476906824411
2073,stimulus,50,8,3,0,0,-1.0,-1.0,1,0,1,0,0.0,-0.01594476906824411
2074,stimulus,50,3,3,0,1,1.0,1.0,0,nan,nan,nan,0.0,-0.01594476906824411
2075,stimulus,50,0,2,0,0,-1.0,-1.0,1,1,0,0,0.0,-0.01594476906824411
2076,stimulus,50,6,3,0,0,-1.0,-1.0,1,0,1,0,0.0,-0.01594476906824411
2077,stimulus,50,4,3,0,1,1.0,1.0,0,nan,nan,nan,0.0,-0.01594476906824411
2078,stimulus,50,2,4,1,0,-1.0,-1.0,1,1,0,0,0.0,-0.01594476906824411
2079,stimulus,50,4,3,0,1,1.0,1.0,0,nan,nan,nan,0.0,-0.01594476906824411
2080,stimulus,50,7,4,1,0,-1.0,-1.0,1,1,0,0,0.0,-0.01594476906824411
2081,stimulus,50,7,5,1,0,-1.0,-1.0,1,0,1,0,0.0,-0.01594476906824411
2082,stimulus,50,0,5,1,0,-1.0,-1.0,1,0,1,0,0.0,-0.01594476906824411
2083,stimulus,50,8,5,1,0,-1.0,-1.0,1,0,1,0,0.0,-0.01594476906824411
2084,stimulus,50,8,5,1,0,-1.0,-1.0,1,0,1,0,0.0,-0.01594476906824411
2085,stimulus,50,2,3,0,1,1.0,1.0,0,nan,nan,nan,0.0,-0.01594476906824411
2086,stimulus,50,8,4,1,0,-1.0,-1.0,1,1,0,0,0.0,-0.01594476906824411
2087,stimulus,50,0,5,1,0,-1.0,-1.0,1,0,1,0,0.0,-0.01594476906824411
2088,stimulus,50,1,3,0,0,-1.0,-1.0,1,0,1,0,0.0,-0.01594476906824411
2089,stimulus,50,6,3,0,0,-1.0,-1.0,1,0,1,0,0.0,-0.01594476906824411
2090,stimulus,50,2,3,0,1,1.0,1.0,0,nan,nan,nan,0.0,-0.01594476906824411
2091,stimulus,50,8,2,0,0,-1.0,-1.0,1,1,0,0,0.0,-0.01594476906824411
2092,stimulus,50,1,5,1,0,-1.0,-1.0,1,0,1,0,0.0,-0.01594476906824411
2093,stimulus,50,6,5,1,1,1.0,1.0,0,nan,nan,nan,0.0,-0.01594476906824411
2094,stimulus,50,1,4,0,0,-1.0,-1.0,1,1,0,0,0.0,-0.01594476906824411
2095,stimulus,50,8,5,1,0,-1.0,-1.0,1,0,1,0,0.0,-0.01594476906824411
2096,stimulus,50,4,5,1,1,1.0,1.0,0,nan,nan,nan,0.0,-0.01594476906824411
2097,stimulus,50,0,4,0,0,-1.0,-1.0,1,1,0,0,0.0,-0.01594476906824411
2098,stimulus,50,5,3,0,0,-1.0,-1.0,1,0,1,0,0.0,-0.01594476906824411
2099,stimulus,50,1,3,0,0,-1.0,-1.0,1,0,1,0,0.0,-0.01594476906824411
2100,stimulus,50,8,5,1,0,-1.0,-1.0,1,0,1,0,0.0,-0.01594476906824411
2101,stimulus,50,2,5,1,0,-1.0,-1.0,1,0,1,0,0.0,-0.01594476906824411
2102,stimulus,50,0,3,0,0,-1.0,-1.0,1,0,1,0,0.0,-0.01594476906824411
2103,stimulus,50,6,5,1,1,1.0,1.0,0,nan,nan,nan,0.0,-0.01594476906824411
2104,stimulus,50,7,6,1,1,1.0,1.0,0,nan,nan,nan,0.0,-0.01594476906824411
2105,stimulus,50,7,7,1,1,1.0,1.0,0,nan,nan,nan,0.0,-0.01594476906824411
2106,stimulus,50,4,8,1,0,-1.0,-1.0,1,3,0,1,0.0,-0.01594476906824411
2107,stimulus,50,2,3,0,1,1.0,1.0,0,nan,nan,nan,0.0,-0.01594476906824411
2108,stimulus,50,2,4,1,0,-1.0,-1.0,1,1,0,0,0.0,-0.01594476906824411
2109,stimulus,50,7,3,0,0,-1.0,-1.0,1,0,1,0,0.0,-0.01594476906824411
2110,stimulus,50,3,3,0,1,1.0,1.0,0,nan,nan,nan,0.0,-0.01594476906824411
2111,stimulus,50,8,2,0,0,-1.0,-1.0,1,1,0,0,0.0,-0.01594476906824411
2112,stimulus,50,1,5,1,0,-1.0,-1.0,1,0,1,0,0.0,-0.01594476906824411
2113,stimulus,50,1,5,1,0,-1.0,-1.0,1,0,1,0,0.0,-0.01594476906824411
2114,stimulus,50,1,5,1,0,-1.0,-1.0,1,0,1,0,0.0,-0.01594476906824411
2115,stimulus,50,2,5,1,0,-1.0,-1.0,1,0,1,0,0.0,-0.01594476906824411
2116,stimulus,50,0,3,0,0,-1.0,-1.0,1,0,1,0,0.0,-0.01594476906824411
2117,stimulus,50,3,5,1,0,-1.0,-1.0,1,0,1,0,0.0,-0.01594476906824411
2118,stimulus,50,7,5,1,0,-1.0,-1.0,1,0,1,0,0.0,-0.01594476906824411
2119,stimulus,50,0,3,0,0,-1.0,-1.0,1,0,1,0,0.0,-0.01594476906824411
2120,stimulus,50,5,5,1,1,1.0,1.0,0,nan,nan,nan,0.0,-0.01594476906824411
2121,stimulus,50,0,4,0,0,-1.0,-1.0,1,1,0,0,0.0,-0.01594476906824411
2122,stimulus,50,3,5,1,0,-1.0,-1.0,1,0,1,0,0.0,-0.01594476906824411
2123,stimulus,50,7,3,0,0,-1.0,-1.0,1,0,1,0,0.0,-0.01594476906824411
2124,stimulus,50,1,3,0,0,-1.0,-1.0,1,0,1,0,0.0,-0.01594476906824411
2125,stimulus,50,4,5,1,1,1.0,1.0,0,nan,nan,nan,0.0,-0.01594476906824411
2126,stimulus,50,6,4,0,0,-1.0,-1.0,1,1,0,0,0.0,-0.01594476906824411
2127,stimulus,50,3,5,1,0,-1.0,-1.0,1,0,1,0,0.0,-0.01594476906824411
2128,stimulus,50,5,3,0,0,-1.0,-1.0,1,0,1,0,0.0,-0.01594476906824411
2129,stimulus,50,6,3,0,0,-1.0,-1.0,1,0,1,0,0.0,-0.01594476906824411
2130,stimulus,50,5,3,0,0,-1.0,-1.0,1,0,1,0,0.0,-0.01594476906824411
2131,stimulus,50,0,5,1,0,-1.0,-1.0,1,0,1,0,0.0,-0.01594476906824411
2132,stimulus,50,2,5,1,0,-1.0,-1.0,1,0,1,0,0.0,-0.01594476906824411
2133,stimulus,50,8,3,0,0,-1.0,-1.0,1,0,1,0,0.0,-0.01594476906824411
2134,stimulus,50,3,5,1,0,-1.0,-1.0,1,0,1,0,0.0,-0.01594476906824411
2135,stimulus,50,0,5,1,0,-1.0,-1.0,1,0,1,0,0.0,-0.01594476906824411
2136,stimulus,50,6,3,0,0,-1.0,-1.0,1,0,1,0,0.0,-0.01594476906824411
2137,stimulus,50,1,5,1,0,-1.0,-1.0,1,0,1,0,0.0,-0.01594476906824411
2138,stimulus,50,5,3,0,0,-1.0,-1.0,1,0,1,0,0.0,-0.01594476906824411
2139,stimulus,50,8,5,1,0,-1.0,-1.0,1,0,1,0,0.0,-0.01594476906824411
2140,stimulus,50,4,5,1,1,1.0,1.0,0,nan,nan,nan,0.0,-0.01594476906824411
2141,stimulus,50,1,4,0,0,-1.0,-1.0,1,1,0,0,0.0,-0.01594476906824411
2142,stimulus,50,8,5,1,0,-1.0,-1.0,1,0,1,0,0.0,-0.01594476906824411
2143,stimulus,50,1,3,0,0,-1.0,-1.0,1,0,1,0,0.0,-0.01594476906824411
2144,stimulus,50,4,5,1,1,1.0,1.0,0,nan,nan,nan,0.0,-0.01594476906824411
2145,stimulus,50,2,6,1,0,-1.0,-1.0,1,1,0,0,0.0,-0.01594476906824411
2146,stimulus,50,0,5,1,0,-1.0,-1.0,1,0,1,0,0.0,-0.01594476906824411
2147,stimulus,50,2,3,0,1,1.0,1.0,0,nan,nan,nan,0.0,-0.01594476906824411
2148,stimulus,50,2,2,0,1,1.0,1.0,0,nan,nan,nan,0.0,-0.01594476906824411
2149,stimulus,50,4,3,1,1,1.0,1.0,0,nan,nan,nan,0.0,-0.01594476906824411
2150,stimulus,50,6,2,0,0,-1.0,-1.0,1,3,0,1,0.0,-0.01594476906824411
2151,stimulus,50,7,3,0,0,-1.0,-1.0,1,0,1,0,0.0,-0.01594476906824411
2152,stimulus,50,4,3,0,1,1.0,1.0,0,nan,nan,nan,0.0,-0.01594476906824411
2153,stimulus,50,1,2,0,1,1.0,1.0,0,nan,nan,nan,0.0,-0.01594476906824411
2154,stimulus,50,5,1,0,0,-1.0,-1.0,1,2,0,0,0.0,-0.01594476906824411
2155,stimulus,50,8,5,1,0,-1.0,-1.0,1,0,1,0,0.0,-0.01594476906824411
2156,stimulus,50,0,5,1,0,-1.0,-1.0,1,0,1,0,0.0,-0.01594476906824411
2157,stimulus,50,1,5,1,0,-1.0,-1.0,1,0,1,0,0.0,-0.01594476906824411
2158,stimulus,50,5,5,1,1,1.0,1.0,0,nan,nan,nan,0.0,-0.01594476906824411
2159,stimulus,50,7,4,0,0,-1.0,-1.0,1,1,0,0,0.0,-0.01594476906824411
2160,stimulus,50,1,5,1,0,-1.0,-1.0,1,0,1,0,0.0,-0.01594476906824411
2161,stimulus,50,0,5,1,0,-1.0,-1.0,1,0,1,0,0.0,-0.01594476906824411
2162,stimulus,50,4,3,0,1,1.0,1.0,0,nan,nan,nan,0.0,-0.01594476906824411
2163,stimulus,50,2,4,1,0,-1.0,-1.0,1,1,0,0,0.0,-0.01594476906824411
2164,stimulus,50,2,3,0,1,1.0,1.0,0,nan,nan,nan,0.0,-0.01594476906824411
2165,stimulus,50,1,4,1,0,-1.0,-1.0,1,1,0,0,0.0,-0.01594476906824411
2166,stimulus,50,7,5,1,0,-1.0,-1.0,1,0,1,0,0.0,-0.01594476906824411
2167,stimulus,50,8,5,1,0,-1.0,-1.0,1,0,1,0,0.0,-0.01594476906824411
2168,stimulus,50,8,5,1,0,-1.0,-1.0,1,0,1,0,0.0,-0.01594476906824411
2169,stimulus,50,2,5,1,0,-1.0,-1.0,1,0,1,0,0.0,-0.01594476906824411
2170,stimulus,50,4,3,0,1,1.0,1.0,0,nan,nan,nan,0.0,-0.01594476906824411
2171,stimulus,50,8,4,1,0,-1.0,-1.0,1,1,0,0,0.0,-0.01594476906824411
2172,stimulus,50,5,3,0,0,-1.0,-1.0,1,0,1,0,0.0,-0.01594476906824411
2173,stimulus,50,2,3,0,1,1.0,1.0,0,nan,nan,nan,0.0,-0.01594476906824411
2174,stimulus,50,0,4,1,0,-1.0,-1.0,1,1,0,0,0.0,-0.01594476906824411
2175,stimulus,50,1,3,0,0,-1.0,-1.0,1,0,1,0,0.0,-0.01594476906824411
2176,stimulus,50,0,5,1,0,-1.0,-1.0,1,0,1,0,0.0,-0.01594476906824411
2177,stimulus,50,0,5,1,0,-1.0,-1.0,1,0,1,0,0.0,-0.01594476906824411
2178,stimulus,50,1,5,1,0,-1.0,-1.0,1,0,1,0,0.0,-0.01594476906824411
2179,stimulus,50,2,3,0,1,1.0,1.0,0,nan,nan,nan,0.0,-0.01594476906824411
2180,stimulus,50,0,2,0,0,-1.0,-1.0,1,1,0,0,0.0,-0.01594476906824411
2181,stimulus,50,2,3,0,1,1.0,1.0,0,nan,nan,nan,0.0,-0.01594476906824411
2182,stimulus,50,8,2,0,0,-1.0,-1.0,1,1,0,0,0.0,-0.01594476906824411
2183,stimulus,50,6,3,0,0,-1.0,-1.0,1,0,1,0,0.0,-0.01594476906824411
2184,stimulus,50,6,3,0,0,-1.0,-1.0,1,0,1,0,0.0,-0.01594476906824411
2185,stimulus,50,2,5,1,0,-1.0,-1.0,1,0,1,0,0.0,-0.01594476906824411
2186,stimulus,50,8,3,0,0,-1.0,-1.0,1,0,1,0,0.0,-0.01594476906824411
2187,stimulus,50,1,5,1,0,-1.0,-1.0,1,0,1,0,0.0,-0.01594476906824411
2188,stimulus,50,7,3,0,0,-1.0,-1.0,1,0,1,0,0.0,-0.01594476906824411
2189,stimulus,50,4,3,0,1,1.0,1.0,0,nan,nan,nan,0.0,-0.01594476906824411
2190,stimulus,50,5,2,0,0,-1.0,-1.0,1,1,0,0,0.0,-0.01594476906824411
2191,stimulus,50,3,3,0,1,1.0,1.0,0,nan,nan,nan,0.0,-0.01594476906824411
2192,stimulus,50,5,2,0,0,-1.0,-1.0,1,1,0,0,0.0,-0.01594476906824411
2193,stimulus,50,1,3,0,0,-1.0,-1.0,1,0,1,0,0.0,-0.01594476906824411
2194,stimulus,50,4,3,0,1,1.0,1.0,0,nan,nan,nan,0.0,-0.01594476906824411
2195,stimulus,50,3,4,1,1,1.0,1.0,0,nan,nan,nan,0.0,-0.01594476906824411
2196,stimulus,50,2,5,1,0,-1.0,-1.0,1,2,0,0,0.0,-0.01594476906824411
2197,stimulus,50,4,3,0,1,1.0,1.0,0,nan,nan,nan,0.0,-0.01594476906824411
2198,stimulus,50,8,4,1,0,-1.0,-1.0,1,1,0,0,0.0,-0.01594476906824411
2199,stimulus,50,4,5,1,1,1.0,1.0,0,nan,nan,nan,0.0,-0.01594476906824411
2200,stimulus,50,7,6,1,1,1.0,1.0,0,nan,nan,nan,0.0,-0.01594476906824411
2201,stimulus,50,0,7,1,0,-1.0,-1.0,1,2,0,0,1.6412549171794545e-05,-0.01592835651907231
2202,stimulus,50,6,3,0,0,-1.0,-1.0,1,0,1,0,0.0,-0.01592835651907231
2203,stimulus,50,8,5,1,0,-1.0,-1.0,1,0,1,0,0.0,-0.01592835651907231
2204,stimulus,50,6,5,1,1,1.0,1.0,0,nan,nan,nan,0.0,-0.01592835651907231
2205,stimulus,50,3,4,0,1,1.0,1.0,0,nan,nan,nan,0.0,-0.01592835651907231
2206,stimulus,50,3,5,1,0,-1.0,-1.0,1,2,0,0,0.0,-0.01592835651907231
2207,stimulus,50,4,5,1,1,1.0,1.0,0,nan,nan,nan,0.0,-0.01592835651907231
2208,stimulus,50,1,4,0,0,-1.0,-1.0,1,1,0,0,0.0,-0.01592835651907231
2209,stimulus,50,3,5,1,0,-1.0,-1.0,1,0,1,0,0.0,-0.01592835651907231
2210,stimulus,50,7,5,1,0,-1.0,-1.0,1,0,1,0,0.0,-0.01592835651907231
2211,stimulus,50,2,3,0,1,1.0,1.0,0,nan,nan,nan,0.0,-0.01592835651907231
2212,stimulus,50,8,2,0,0,-1.0,-1.0,1,1,0,0,0.0,-0.01592835651907231
2213,stimulus,50,0,5,1,0,-1.0,-1.0,1,0,1,0,0.0,-0.01592835651907231
2214,stimulus,50,7,5,1,0,-1.0,-1.0,1,0,1,0,0.0,-0.01592835651907231
2215,stimulus,50,0,5,1,0,-1.0,-1.0,1,0,1,0,0.0,-0.01592835651907231
2216,stimulus,50,4,5,1,1,1.0,1.0,0,nan,nan,nan,0.0,-0.01592835651907231
2217,stimulus,50,8,6,1,0,-1.0,-1.0,1,1,0,0,0.0,-0.01592835651907231
2218,stimulus,50,8,3,0,0,-1.0,-1.0,1,0,1,0,0.0,-0.01592835651907231
2219,stimulus,50,6,5,1,1,1.0,1.0,0,nan,nan,nan,0.0,-0.01592835651907231
2220,stimulus,50,8,6,1,0,-1.0,-1.0,1,1,0,0,0.0,-0.01592835651907231
2221,stimulus,50,8,5,1,0,-1.0,-1.0,1,0,1,0,0.0,-0.01592835651907231
2222,stimulus,50,7,3,0,0,-1.0,-1.0,1,0,1,0,0.0,-0.01592835651907231
2223,stimulus,50,7,5,1,0,-1.0,-1.0,1,0,1,0,0.0,-0.01592835651907231
2224,stimulus,50,4,3,0,1,1.0,1.0,0,nan,nan,nan,0.0,-0.01592835651907231
2225,stimulus,50,5,2,0,0,-1.0,-1.0,1,1,0,0,0.0,-0.01592835651907231
2226,stimulus,50,2,5,1,0,-1.0,-1.0,1,0,1,0,0.0,-0.01592835651907231
2227,stimulus,50,7,5,1,0,-1.0,-1.0,1,0,1,0,0.0,-0.01592835651907231
2228,stimulus,50,3,3,0,1,1.0,1.0,0,nan,nan,nan,0.0,-0.01592835651907231
2229,stimulus,50,8,2,0,0,-1.0,-1.0,1,1,0,0,0.0,-0.01592835651907231
2230,stimulus,50,8,5,1,0,-1.0,-1.0,1,0,1,0,0.0,-0.01592835651907231
2231,stimulus,50,2,3,0,1,1.0,1.0,0,nan,nan,nan,0.0,-0.01592835651907231
2232,stimulus,50,1,4,1,0,-1.0,-1.0,1,1,0,0,0.0,-0.01592835651907231
2233,stimulus,50,4,5,1,1,1.0,1.0,0,nan,nan,nan,0.0,-0.01592835651907231
2234,stimulus,50,6,6,1,1,1.0,1.0,0,nan,nan,nan,0.0,-0.01592835651907231
2235,stimulus,50,2,7,1,0,-1.0,-1.0,1,2,0,0,0.0,-0.01592835651907231
2236,stimulus,50,8,5,1,0,-1.0,-1.0,1,0,1,0,0.0,-0.01592835651907231
2237,stimulus,50,5,5,1,1,1.0,1.0,0,nan,nan,nan,0.0,-0.01592835651907231
2238,stimulus,50,6,6,1,1,1.0,1.0,0,nan,nan,nan,0.0,-0.01592835651907231
2239,stimulus,50,5,5,0,1,1.0,1.0,0,nan,nan,nan,0.0,-0.01592835651907231
2240,stimulus,50,7,4,0,0,-1.0,-1.0,1,3,0,1,0.0,-0.01592835651907231
2241,stimulus,50,4,5,1,1,1.0,1.0,0,nan,nan,nan,0.0,-0.01592835651907231
2242,stimulus,50,8,4,0,0,-1.0,-1.0,1,1,0,0,0.0,-0.01592835651907231
2243,stimulus,50,6,3,0,0,-1.0,-1.0,1,0,1,0,0.0,-0.01592835651907231
2244,stimulus,50,7,3,0,0,-1.0,-1.0,1,0,1,0,0.0,-0.01592835651907231
2245,stimulus,50,7,3,0,0,-1.0,-1.0,1,0,1,0,0.0,-0.01592835651907231
2246,stimulus,50,0,5,1,0,-1.0,-1.0,1,0,1,0,0.0,-0.01592835651907231
2247,stimulus,50,6,5,1,1,1.0,1.0,0,nan,nan,nan,0.0,-0.01592835651907231
2248,stimulus,50,1,4,0,0,-1.0,-1.0,1,1,0,0,0.0,-0.01592835651907231
2249,stimulus,50,4,5,1,1,1.0,1.0,0,nan,nan,nan,0.0,-0.01592835651907231
2250,stimulus,50,1,6,1,0,-1.0,-1.0,1,1,0,0,0.0,-0.01592835651907231
2251,stimulus,50,8,5,1,0,-1.0,-1.0,1,0,1,0,0.0,-0.01592835651907231
2252,stimulus,50,1,3,0,0,-1.0,-1.0,1,0,1,0,0.0,-0.01592835651907231
2253,stimulus,50,7,5,1,0,-1.0,-1.0,1,0,1,0,0.0,-0.01592835651907231
2254,stimulus,50,1,5,1,0,-1.0,-1.0,1,0,1,0,0.0,-0.01592835651907231
2255,stimulus,50,1,5,1,0,-1.0,-1.0,1,0,1,0,0.0,-0.01592835651907231
2256,stimulus,50,8,5,1,0,-1.0,-1.0,1,0,1,0,0.0,-0.01592835651907231
2257,stimulus,50,5,5,1,1,1.0,1.0,0,nan,nan,nan,0.0,-0.01592835651907231
2258,stimulus,50,8,4,0,0,-1.0,-1.0,1,1,0,0,0.0,-0.01592835651907231
2259,stimulus,50,8,3,0,0,-1.0,-1.0,1,0,1,0,0.0,-0.01592835651907231
2260,stimulus,50,7,3,0,0,-1.0,-1.0,1,0,1,0,0.0,-0.01592835651907231
2261,stimulus,50,0,5,1,0,-1.0,-1.0,1,0,1,0,0.0,-0.01592835651907231
2262,stimulus,50,5,5,1,1,1.0,1.0,0,nan,nan,nan,0.0,-0.01592835651907231
2263,stimulus,50,3,4,0,1,1.0,1.0,0,nan,nan,nan,0.0,-0.01592835651907231
2264,stimulus,50,6,3,0,0,-1.0,-1.0,1,2,0,0,0.0,-0.01592835651907231
2265,stimulus,50,4,5,1,1,1.0,1.0,0,nan,nan,nan,0.0,-0.01592835651907231
2266,stimulus,50,8,6,1,0,-1.0,-1.0,1,1,0,0,0.0,-0.01592835651907231
2267,stimulus,50,3,5,1,0,-1.0,-1.0,1,0,1,0,0.0,-0.01592835651907231
2268,stimulus,50,6,3,0,0,-1.0,-1.0,1,0,1,0,0.0,-0.01592835651907231
2269,stimulus,50,2,3,0,1,1.0,1.0,0,nan,nan,nan,0.0,-0.01592835651907231
2270,stimulus,50,2,2,0,1,1.0,1.0,0,nan,nan,nan,0.0,-0.01592835651907231
2271,stimulus,50,4,3,1,1,1.0,1.0,0,nan,nan,nan,0.0,-0.01592835651907231
2272,stimulus,50,8,4,1,0,-1.0,-1.0,1,3,0,1,0.0,-0.01592835651907231
2273,stimulus,50,3,5,1,0,-1.0,-1.0,1,0,1,0,0.0,-0.01592835651907231
2274,stimulus,50,0,5,1,0,-1.0,-1.0,1,0,1,0,0.0,-0.01592835651907231
2275,stimulus,50,1,3,0,0,-1.0,-1.0,1,0,1,0,0.0,-0.01592835651907231
2276,stimulus,50,7,5,1,0,-1.0,-1.0,1,0,1,0,0.0,-0.01592835651907231
2277,stimulus,50,8,5,1,0,-1.0,-1.0,1,0,1,0,0.0,-0.01592835651907231
2278,stimulus,50,0,5,1,0,-1.0,-1.0,1,0,1,0,0.0,-0.01592835651907231
2279,stimulus,50,2,5,1,0,-1.0,-1.0,1,0,1,0,0.0,-0.01592835651907231
2280,stimulus,50,1,3,0,0,-1.0,-1.0,1,0,1,0,0.0,-0.01592835651907231
2281,stimulus,50,4,5,1,1,1.0,1.0,0,nan,nan,nan,0.0,-0.01592835651907231
2282,stimulus,50,6,6,1,1,1.0,1.0,0,nan,nan,nan,0.0,-0.01592835651907231
2283,stimulus,50,2,7,1,0,-1.0,-1.0,1,2,0,0,0.0,-0.01592835651907231
2284,stimulus,50,3,5,1,0,-1.0,-1.0,1,0,1,0,0.0,-0.01592835651907231
2285,stimulus,50,6,3,0,0,-1.0,-1.0,1,0,1,0,0.0,-0.01592835651907231
2286,stimulus,50,5,3,0,0,-1.0,-1.0,1,0,1,0,0.0,-0.01592835651907231
2287,stimulus,50,4,5,1,1,1.0,1.0,0,nan,nan,nan,0.0,-0.01592835651907231
2288,stimulus,50,6,6,1,1,1.0,1.0,0,nan,nan,nan,0.0,-0.01592835651907231
2289,stimulus,50,7,5,0,0,-1.0,-1.0,1,2,0,0,0.0,-0.01592835651907231
2290,stimulus,50,6,3,0,0,-1.0,-1.0,1,0,1,0,0.0,-0.01592835651907231
2291,stimulus,50,0,5,1,0,-1.0,-1.0,1,0,1,0,0.0,-0.01592835651907231
2292,stimulus,50,7,3,0,0,-1.0,-1.0,1,0,1,0,0.0,-0.01592835651907231
2293,stimulus,50,3,3,0,1,1.0,1.0,0,nan,nan,nan,0.0,-0.01592835651907231
2294,stimulus,50,4,4,1,1,1.0,1.0,0,nan,nan,nan,0.0,-0.01592835651907231
2295,stimulus,50,6,5,1,1,1.0,1.0,0,nan,nan,nan,0.0,-0.01592835651907231
2296,stimulus,50,3,6,1,0,-1.0,-1.0,1,3,0,1,0.0,-0.01592835651907231
2297,stimulus,50,1,3,0,0,-1.0,-1.0,1,0,1,0,0.0,-0.01592835651907231
2298,stimulus,50,1,5,1,0,-1.0,-1.0,1,0,1,0,0.0,-0.01592835651907231
2299,stimulus,50,4,5,1,1,1.0,1.0,0,nan,nan,nan,0.0,-0.01592835651907231
2300,stimulus,50,5,6,1,1,1.0,1.0,0,nan,nan,nan,0.0,-0.01592835651907231
2301,stimulus,50,4,5,0,1,1.0,1.0,0,nan,nan,nan,0.0,-0.01592835651907231
2302,stimulus,50,2,6,1,0,-1.0,-1.0,1,3,0,1,0.0,-0.01592835651907231
2303,stimulus,50,2,3,0,1,1.0,1.0,0,nan,nan,nan,0.0,-0.01592835651907231
2304,stimulus,50,2,2,0,1,1.0,1.0,0,nan,nan,nan,0.0,-0.01592835651907231
2305,stimulus,50,0,3,1,0,-1.0,-1.0,1,2,0,0,0.0,-0.01592835651907231
2306,stimulus,50,2,3,0,1,1.0,1.0,0,nan,nan,nan,0.0,-0.01592835651907231
2307,stimulus,50,1,4,1,0,-1.0,-1.0,1,1,0,0,0.0,-0.01592835651907231
2308,stimulus,50,2,5,1,0,-1.0,-1.0,1,0,1,0,0.0,-0.01592835651907231
2309,stimulus,50,6,3,0,0,-1.0,-1.0,1,0,1,0,0.0,-0.01592835651907231
2310,stimulus,50,8,3,0,0,-1.0,-1.0,1,0,1,0,0.0,-0.01592835651907231
2311,stimulus,50,3,5,1,0,-1.0,-1.0,1,0,1,0,0.0,-0.01592835651907231
2312,stimulus,50,4,3,0,1,1.0,1.0,0,nan,nan,nan,0.0,-0.01592835651907231
2313,stimulus,50,2,4,1,0,-1.0,-1.0,1,1,0,0,0.0,-0.01592835651907231
2314,stimulus,50,7,3,0,0,-1.0,-1.0,1,0,1,0,0.0,-0.01592835651907231
2315,stimulus,50,3,5,1,0,-1.0,-1.0,1,0,1,0,0.0,-0.01592835651907231
2316,stimulus,50,7,5,1,0,-1.0,-1.0,1,0,1,0,0.0,-0.01592835651907231
2317,stimulus,50,3,3,0,1,1.0,1.0,0,nan,nan,nan,0.0,-0.01592835651907231
2318,stimulus,50,6,2,0,0,-1.0,-1.0,1,1,0,0,0.0,-0.01592835651907231
2319,stimulus,50,2,5,1,0,-1.0,-1.0,1,0,1,0,0.0,-0.01592835651907231
2320,stimulus,50,4,3,0,1,1.0,1.0,0,nan,nan,nan,0.0,-0.01592835651907231
2321,stimulus,50,2,4,1,0,-1.0,-1.0,1,1,0,0,0.0,-0.01592835651907231
2322,stimulus,50,5,5,1,1,1.0,1.0,0,nan,nan,nan,0.0,-0.01592835651907231
2323,stimulus,50,2,4,0,0,-1.0,-1.0,1,1,0,0,0.0,-0.01592835651907231
2324,stimulus,50,1,5,1,0,-1.0,-1.0,1,0,1,0,0.0,-0.01592835651907231
2325,stimulus,50,1,5,1,0,-1.0,-1.0,1,0,1,0,0.0,-0.01592835651907231
2326,stimulus,50,7,5,1,0,-1.0,-1.0,1,0,1,0,0.0,-0.01592835651907231
2327,stimulus,50,7,5,1,0,-1.0,-1.0,1,0,1,0,0.0,-0.01592835651907231
2328,stimulus,50,0,3,0,0,-1.0,-1.0,1,0,1,0,0.0,-0.01592835651907231
2329,stimulus,50,0,3,0,0,-1.0,-1.0,1,0,1,0,0.0,-0.01592835651907231
2330,stimulus,50,4,3,0,1,1.0,1.0,0,nan,nan,nan,0.0,-0.01592835651907231
2331,stimulus,50,6,4,1,0,-1.0,-1.0,1,1,0,0,0.0,-0.01592835651907231
2332,stimulus,50,4,5,1,1,1.0,1.0,0,nan,nan,nan,0.0,-0.01592835651907231
2333,stimulus,50,4,4,0,1,1.0,1.0,0,nan,nan,nan,0.0,-0.01592835651907231
2334,stimulus,50,6,5,1,1,1.0,1.0,0,nan,nan,nan,0.0,-0.01592835651907231
2335,stimulus,50,3,6,1,0,-1.0,-1.0,1,3,0,1,0.0,-0.01592835651907231
2336,stimulus,50,0,5,1,0,-1.0,-1.0,1,0,1,0,0.0,-0.01592835651907231
2337,stimulus,50,7,3,0,0,-1.0,-1.0,1,0,1,0,0.0,-0.01592835651907231
2338,stimulus,50,1,5,1,0,-1.0,-1.0,1,0,1,0,0.0,-0.01592835651907231
2339,stimulus,50,4,5,1,1,1.0,1.0,0,nan,nan,nan,0.0,-0.01592835651907231
2340,stimulus,50,4,6,1,0,-1.0,-1.0,1,1,0,0,0.0,-0.01592835651907231
2341,stimulus,50,7,5,1,0,-1.0,-1.0,1,0,1,0,0.0,-0.01592835651907231
2342,stimulus,50,5,5,1,1,1.0,1.0,0,nan,nan,nan,0.0,-0.01592835651907231
2343,stimulus,50,0,4,0,0,-1.0,-1.0,1,1,0,0,0.0,-0.01592835651907231
2344,stimulus,50,4,3,0,1,1.0,1.0,0,nan,nan,nan,0.0,-0.01592835651907231
2345,stimulus,50,5,4,1,1,1.0,1.0,0,nan,nan,nan,0.0,-0.01592835651907231
2346,stimulus,50,4,3,0,1,1.0,1.0,0,nan,nan,nan,0.0,-0.01592835651907231
2347,stimulus,50,7,2,0,0,-1.0,-1.0,1,3,0,1,0.0,-0.01592835651907231
2348,stimulus,50,0,3,0,0,-1.0,-1.0,1,0,1,0,0.0,-0.01592835651907231
2349,stimulus,50,1,3,0,0,-1.0,-1.0,1,0,1,0,0.0,-0.01592835651907231
2350,stimulus,50,0,5,1,0,-1.0,-1.0,1,0,1,0,0.0,-0.01592835651907231
2351,stimulus,50,5,3,0,0,-1.0,-1.0,1,0,1,0,0.0,-0.01592835651907231
2352,stimulus,50,5,3,0,0,-1.0,-1.0,1,0,1,0,0.0,-0.01592835651907231
2353,stimulus,50,4,3,0,1,1.0,1.0,0,nan,nan,nan,0.0,-0.01592835651907231
2354,stimulus,50,5,4,1,1,1.0,1.0,0,nan,nan,nan,0.0,-0.01592835651907231
2355,stimulus,50,3,3,0,1,1.0,1.0,0,nan,nan,nan,0.0,-0.01592835651907231
2356,stimulus,50,5,4,1,1,1.0,1.0,0,nan,nan,nan,0.0,-0.01592835651907231
2357,stimulus,50,2,3,0,1,1.0,1.0,0,nan,nan,nan,0.0,-0.01592835651907231
2358,stimulus,50,3,2,0,1,1.0,1.0,0,nan,nan,nan,0.0,-0.01592835651907231
2359,stimulus,50,0,1,0,1,1.0,1.0,0,nan,nan,nan,0.0,-0.01592835651907231
2360,stimulus,50,1,0,0,1,1.0,1.0,0,nan,nan,nan,0.0,-0.01592835651907231
2361,stimulus,50,2,1,1,1,1.0,1.0,0,nan,nan,nan,0.0,-0.01592835651907231
2362,stimulus,50,7,2,1,0,-1.0,-1.0,1,9,0,1,0.0,-0.01592835651907231
2363,stimulus,50,1,5,1,0,-1.0,-1.0,1,0,1,0,0.0,-0.01592835651907231
2364,stimulus,50,6,3,0,0,-1.0,-1.0,1,0,1,0,0.0,-0.01592835651907231
2365,stimulus,50,1,5,1,0,-1.0,-1.0,1,0,1,0,0.0,-0.01592835651907231
2366,stimulus,50,4,5,1,1,1.0,1.0,0,nan,nan,nan,0.0,-0.01592835651907231
2367,stimulus,50,7,4,0,0,-1.0,-1.0,1,1,0,0,0.0,-0.01592835651907231
2368,stimulus,50,5,5,1,1,1.0,1.0,0,nan,nan,nan,0.0,-0.01592835651907231
2369,stimulus,50,4,4,0,1,1.0,1.0,0,nan,nan,nan,0.0,-0.01592835651907231
2370,stimulus,50,3,5,1,0,-1.0,-1.0,1,2,0,0,0.0,-0.01592835651907231
2371,stimulus,50,6,5,1,1,1.0,1.0,0,nan,nan,nan,0.0,-0.01592835651907231
2372,stimulus,50,6,4,0,0,-1.0,-1.0,1,1,0,0,0.0,-0.01592835651907231
2373,stimulus,50,1,5,1,0,-1.0,-1.0,1,0,1,0,0.0,-0.01592835651907231
2374,stimulus,50,5,3,0,0,-1.0,-1.0,1,0,1,0,0.0,-0.01592835651907231
2375,stimulus,50,8,3,0,0,-1.0,-1.0,1,0,1,0,0.0,-0.01592835651907231
2376,stimulus,50,1,3,0,0,-1.0,-1.0,1,0,1,0,0.0,-0.01592835651907231
2377,stimulus,50,1,3,0,0,-1.0,-1.0,1,0,1,0,0.0,-0.01592835651907231
2378,stimulus,50,3,3,0,1,1.0,1.0,0,nan,nan,nan,0.0,-0.01592835651907231
2379,stimulus,50,5,4,1,1,1.0,1.0,0,nan,nan,nan,0.0,-0.01592835651907231
2380,stimulus,50,5,3,0,0,-1.0,-1.0,1,2,0,0,0.0,-0.01592835651907231
2381,stimulus,50,5,3,0,0,-1.0,-1.0,1,0,1,0,0.0,-0.01592835651907231
2382,stimulus,50,3,3,0,1,1.0,1.0,0,nan,nan,nan,0.0,-0.01592835651907231
2383,stimulus,50,6,4,1,0,-1.0,-1.0,1,1,0,0,0.0,-0.01592835651907231
2384,stimulus,50,6,3,0,0,-1.0,-1.0,1,0,1,0,0.0,-0.01592835651907231
2385,stimulus,50,8,3,0,0,-1.0,-1.0,1,0,1,0,0.0,-0.01592835651907231
2386,stimulus,50,7,5,1,0,-1.0,-1.0,1,0,1,0,0.0,-0.01592835651907231
2387,stimulus,50,4,3,0,1,1.0,1.0,0,nan,nan,nan,0.0,-0.01592835651907231
2388,stimulus,50,7,2,0,0,-1.0,-1.0,1,1,0,0,0.0,-0.01592835651907231
2389,stimulus,50,5,3,0,0,-1.0,-1.0,1,0,1,0,0.0,-0.01592835651907231
2390,stimulus,50,7,5,1,0,-1.0,-1.0,1,0,1,0,0.0,-0.01592835651907231
2391,stimulus,50,5,3,0,0,-1.0,-1.0,1,0,1,0,0.0,-0.01592835651907231
2392,stimulus,50,7,5,1,0,-1.0,-1.0,1,0,1,0,0.0,-0.01592835651907231
2393,stimulus,50,3,3,0,1,1.0,1.0,0,nan,nan,nan,0.0,-0.01592835651907231
2394,stimulus,50,1,2,0,1,1.0,1.0,0,nan,nan,nan,0.0,-0.01592835651907231
2395,stimulus,50,2,3,1,1,1.0,1.0,0,nan,nan,nan,0.0,-0.01592835651907231
2396,stimulus,50,6,4,1,0,-1.0,-1.0,1,3,0,1,0.0,-0.01592835651907231
2397,stimulus,50,8,5,1,0,-1.0,-1.0,1,0,1,0,0.0,-0.01592835651907231
2398,stimulus,50,8,5,1,0,-1.0,-1.0,1,0,1,0,0.0,-0.01592835651907231
2399,stimulus,50,0,3,0,0,-1.0,-1.0,1,0,1,0,0.0,-0.01592835651907231
2400,stimulus,50,7,5,1,0,-1.0,-1.0,1,0,1,0,0.0,-0.01592835651907231
2401,stimulus,50,2,3,0,1,1.0,1.0,0,nan,nan,nan,0.0,-0.01592835651907231
2402,stimulus,50,4,2,0,0,-1.0,-1.0,1,1,0,0,0.0,-0.01592835651907231
2403,stimulus,50,8,5,1,0,-1.0,-1.0,1,0,1,0,0.0,-0.01592835651907231
2404,stimulus,50,0,3,0,0,-1.0,-1.0,1,0,1,0,0.0,-0.01592835651907231
2405,stimulus,50,0,5,1,0,-1.0,-1.0,1,0,1,0,0.0,-0.01592835651907231
2406,stimulus,50,0,5,1,0,-1.0,-1.0,1,0,1,0,0.0,-0.01592835651907231
2407,stimulus,50,4,5,1,1,1.0,1.0,0,nan,nan,nan,0.0,-0.01592835651907231
2408,stimulus,50,2,6,1,0,-1.0,-1.0,1,1,0,0,0.0,-0.01592835651907231
2409,stimulus,50,2,3,0,1,1.0,1.0,0,nan,nan,nan,0.0,-0.01592835651907231
2410,stimulus,50,3,4,1,1,1.0,1.0,0,nan,nan,nan,0.0,-0.01592835651907231
2411,stimulus,50,8,5,1,0,-1.0,-1.0,1,2,0,0,0.0,-0.01592835651907231
2412,stimulus,50,2,3,0,1,1.0,1.0,0,nan,nan,nan,0.0,-0.01592835651907231
2413,stimulus,50,8,2,0,0,-1.0,-1.0,1,1,0,0,0.0,-0.01592835651907231
2414,stimulus,50,3,3,0,1,1.0,1.0,0,nan,nan,nan,0.0,-0.01592835651907231
2415,stimulus,50,3,2,0,1,1.0,1.0,0,nan,nan,nan,0.0,-0.01592835651907231
2416,stimulus,50,8,1,0,0,-1.0,-1.0,1,2,0,0,0.0,-0.01592835651907231
2417,stimulus,50,7,5,1,0,-1.0,-1.0,1,0,1,0,0.0,-0.01592835651907231
2418,stimulus,50,2,5,1,0,-1.0,-1.0,1,0,1,0,0.0,-0.01592835651907231
2419,stimulus,50,4,5,1,1,1.0,1.0,0,nan,nan,nan,0.0,-0.01592835651907231
2420,stimulus,50,2,4,0,0,-1.0,-1.0,1,1,0,0,0.0,-0.01592835651907231
2421,stimulus,50,3,3,0,1,1.0,1.0,0,nan,nan,nan,0.0,-0.01592835651907231
2422,stimulus,50,5,4,1,1,1.0,1.0,0,nan,nan,nan,0.0,-0.01592835651907231
2423,stimulus,50,5,3,0,0,-1.0,-1.0,1,2,0,0,0.0,-0.01592835651907231
2424,stimulus,50,1,3,0,0,-1.0,-1.0,1,0,1,0,0.0,-0.01592835651907231
2425,stimulus,50,5,5,1,1,1.0,1.0,0,nan,nan,nan,0.0,-0.01592835651907231
2426,stimulus,50,0,6,1,0,-1.0,-1.0,1,1,0,0,0.0,-0.01592835651907231
2427,stimulus,50,6,5,1,1,1.0,1.0,0,nan,nan,nan,0.0,-0.01592835651907231
2428,stimulus,50,3,6,1,0,-1.0,-1.0,1,1,0,0,0.0,-0.01592835651907231
2429,stimulus,50,5,5,1,1,1.0,1.0,0,nan,nan,nan,0.0,-0.01592835651907231
2430,stimulus,50,3,6,1,0,-1.0,-1.0,1,1,0,0,0.0,-0.01592835651907231
2431,stimulus,50,1,5,1,0,-1.0,-1.0,1,0,1,0,0.0,-0.01592835651907231
2432,stimulus,50,7,5,1,0,-1.0,-1.0,1,0,1,0,0.0,-0.01592835651907231
2433,stimulus,50,7,5,1,0,-1.0,-1.0,1,0,1,0,0.0,-0.01592835651907231
2434,stimulus,50,8,5,1,0,-1.0,-1.0,1,0,1,0,0.0,-0.01592835651907231
2435,stimulus,50,5,3,0,0,-1.0,-1.0,1,0,1,0,0.0,-0.01592835651907231
2436,stimulus,50,6,3,0,0,-1.0,-1.0,1,0,1,0,0.0,-0.01592835651907231
2437,stimulus,50,4,5,1,1,1.0,1.0,0,nan,nan,nan,0.0,-0.01592835651907231
2438,stimulus,50,2,4,0,0,-1.0,-1.0,1,1,0,0,0.0,-0.01592835651907231
2439,stimulus,50,2,3,0,1,1.0,1.0,0,nan,nan,nan,0.0,-0.01592835651907231
2440,stimulus,50,4,4,1,1,1.0,1.0,0,nan,nan,nan,0.0,-0.01592835651907231
2441,stimulus,50,4,3,0,1,1.0,1.0,0,nan,nan,nan,0.0,-0.01592835651907231
2442,stimulus,50,1,4,1,0,-1.0,-1.0,1,3,0,1,0.0,-0.01592835651907231
2443,stimulus,50,1,5,1,0,-1.0,-1.0,1,0,1,0,0.0,-0.01592835651907231
2444,stimulus,50,6,5,1,1,1.0,1.0,0,nan,nan,nan,0.0,-0.01592835651907231
2445,stimulus,50,8,6,1,0,-1.0,-1.0,1,1,0,0,0.0,-0.01592835651907231
2446,stimulus,50,5,3,0,0,-1.0,-1.0,1,0,1,0,0.0,-0.01592835651907231
2447,stimulus,50,3,3,0,1,1.0,1.0,0,nan,nan,nan,0.0,-0.01592835651907231
2448,stimulus,50,4,4,1,1,1.0,1.0,0,nan,nan,nan,0.0,-0.01592835651907231
2449,stimulus,50,7,3,0,0,-1.0,-1.0,1,2,0,0,0.0,-0.01592835651907231
2450,stimulus,50,2,5,1,0,-1.0,-1.0,1,0,1,0,0.0,-0.01592835651907231
2451,stimulus,50,2,3,0,1,1.0,1.0,0,nan,nan,nan,0.0,-0.01592835651907231
2452,stimulus,50,0,4,1,0,-1.0,-1.0,1,1,0,0,0.0,-0.01592835651907231
2453,stimulus,50,3,5,1,0,-1.0,-1.0,1,0,1,0,0.0,-0.01592835651907231
2454,stimulus,50,3,5,1,0,-1.0,-1.0,1,0,1,0,0.0,-0.01592835651907231
2455,stimulus,50,2,5,1,0,-1.0,-1.0,1,0,1,0,0.0,-0.01592835651907231
2456,stimulus,50,2,3,0,1,1.0,1.0,0,nan,nan,nan,0.0,-0.01592835651907231
2457,stimulus,50,8,2,0,0,-1.0,-1.0,1,1,0,0,0.0,-0.01592835651907231
2458,stimulus,50,4,3,0,1,1.0,1.0,0,nan,nan,nan,0.0,-0.01592835651907231
2459,stimulus,50,7,4,1,0,-1.0,-1.0,1,1,0,0,0.0,-0.01592835651907231
2460,stimulus,50,5,3,0,0,-1.0,-1.0,1,0,1,0,0.0,-0.01592835651907231
2461,stimulus,50,4,3,0,1,1.0,1.0,0,nan,nan,nan,0.0,-0.01592835651907231
2462,stimulus,50,0,4,1,0,-1.0,-1.0,1,1,0,0,0.0,-0.01592835651907231
2463,stimulus,50,4,5,1,1,1.0,1.0,0,nan,nan,nan,0.0,-0.01592835651907231
2464,stimulus,50,5,4,0,1,1.0,1.0,0,nan,nan,nan,0.0,-0.01592835651907231
2465,stimulus,50,7,3,0,0,-1.0,-1.0,1,2,0,0,0.0,-0.01592835651907231
2466,stimulus,50,2,3,0,1,1.0,1.0,0,nan,nan,nan,0.0,-0.01592835651907231
2467,stimulus,50,4,4,1,1,1.0,1.0,0,nan,nan,nan,0.0,-0.01592835651907231
2468,stimulus,50,7,3,0,0,-1.0,-1.0,1,2,0,0,0.0,-0.01592835651907231
2469,stimulus,50,0,5,1,0,-1.0,-1.0,1,0,1,0,0.0,-0.01592835651907231
2470,stimulus,50,0,3,0,0,-1.0,-1.0,1,0,1,0,0.0,-0.01592835651907231
2471,stimulus,50,3,5,1,0,-1.0,-1.0,1,0,1,0,0.0,-0.01592835651907231
2472,stimulus,50,7,3,0,0,-1.0,-1.0,1,0,1,0,0.0,-0.01592835651907231
2473,stimulus,50,8,3,0,0,-1.0,-1.0,1,0,1,0,0.0,-0.01592835651907231
2474,stimulus,50,2,3,0,1,1.0,1.0,0,nan,nan,nan,0.0,-0.01592835651907231
2475,stimulus,50,3,4,1,1,1.0,1.0,0,nan,nan,nan,0.0,-0.01592835651907231
2476,stimulus,50,3,5,1,0,-1.0,-1.0,1,2,0,0,0.0,-0.01592835651907231
2477,stimulus,50,7,5,1,0,-1.0,-1.0,1,0,1,0,0.0,-0.01592835651907231
2478,stimulus,50,0,3,0,0,-1.0,-1.0,1,0,1,0,0.0,-0.01592835651907231
2479,stimulus,50,1,5,1,0,-1.0,-1.0,1,0,1,0,0.0,-0.01592835651907231
2480,stimulus,50,2,3,0,1,1.0,1.0,0,nan,nan,nan,0.0,-0.01592835651907231
2481,stimulus,50,3,2,0,1,1.0,1.0,0,nan,nan,nan,0.0,-0.01592835651907231
2482,stimulus,50,5,3,1,0,-1.0,-1.0,1,2,0,0,0.0,-0.01592835651907231
2483,stimulus,50,5,5,1,1,1.0,1.0,0,nan,nan,nan,0.0,-0.01592835651907231
2484,stimulus,50,7,6,1,1,1.0,1.0,0,nan,nan,nan,0.0,-0.01592835651907231
2485,stimulus,50,8,5,0,0,-1.0,-1.0,1,2,0,0,0.0,-0.01592835651907231
2486,stimulus,50,7,3,0,0,-1.0,-1.0,1,0,1,0,0.0,-0.01592835651907231
2487,stimulus,50,8,5,1,0,-1.0,-1.0,1,0,1,0,0.0,-0.01592835651907231
2488,stimulus,50,7,5,1,0,-1.0,-1.0,1,0,1,0,0.0,-0.01592835651907231
2489,stimulus,50,8,5,1,0,-1.0,-1.0,1,0,1,0,0.0,-0.01592835651907231
2490,stimulus,50,8,5,1,0,-1.0,-1.0,1,0,1,0,0.0,-0.01592835651907231
2491,stimulus,50,1,5,1,0,-1.0,-1.0,1,0,1,0,0.0,-0.01592835651907231
2492,stimulus,50,6,3,0,0,-1.0,-1.0,1,0,1,0,0.0,-0.01592835651907231
2493,stimulus,50,6,3,0,0,-1.0,-1.0,1,0,1,0,0.0,-0.01592835651907231
2494,stimulus,50,7,3,0,0,-1.0,-1.0,1,0,1,0,0.0,-0.01592835651907231
2495,stimulus,50,5,5,1,1,1.0,1.0,0,nan,nan,nan,0.0,-0.01592835651907231
2496,stimulus,50,0,4,0,0,-1.0,-1.0,1,1,0,0,0.0,-0.01592835651907231
2497,stimulus,50,1,5,1,0,-1.0,-1.0,1,0,1,0,0.0,-0.01592835651907231
2498,stimulus,50,1,3,0,0,-1.0,-1.0,1,0,1,0,0.0,-0.01592835651907231
2499,stimulus,50,4,5,1,1,1.0,1.0,0,nan,nan,nan,0.0,-0.01592835651907231
2500,stimulus,50,1,6,1,0,-1.0,-1.0,1,1,0,0,0.0,-0.01592835651907231
2501,stimulus,50,8,3,0,0,-1.0,-1.0,1,0,1,0,0.0,-0.01592835651907231
2502,stimulus,50,2,5,1,0,-1.0,-1.0,1,0,1,0,0.0,-0.01592835651907231
2503,stimulus,50,2,3,0,1,1.0,1.0,0,nan,nan,nan,0.0,-0.01592835651907231
2504,stimulus,50,2,4,1,0,-1.0,-1.0,1,1,0,0,0.0,-0.01592835651907231
2505,stimulus,50,6,5,1,1,1.0,1.0,0,nan,nan,nan,0.0,-0.01592835651907231
2506,stimulus,50,3,6,1,0,-1.0,-1.0,1,1,0,0,0.0,-0.01592835651907231
2507,stimulus,50,3,5,1,0,-1.0,-1.0,1,0,1,0,0.0,-0.01592835651907231
2508,stimulus,50,3,5,1,0,-1.0,-1.0,1,0,1,0,0.0,-0.01592835651907231
2509,stimulus,50,7,3,0,0,-1.0,-1.0,1,0,1,0,0.0,-0.01592835651907231
2510,stimulus,50,0,3,0,0,-1.0,-1.0,1,0,1,0,0.0,-0.01592835651907231
2511,stimulus,50,6,5,1,1,1.0,1.0,0,nan,nan,nan,0.0,-0.01592835651907231
2512,stimulus,50,2,6,1,0,-1.0,-1.0,1,1,0,0,0.0,-0.01592835651907231
2513,stimulus,50,7,3,0,0,-1.0,-1.0,1,0,1,0,0.0,-0.01592835651907231
2514,stimulus,50,3,5,1,0,-1.0,-1.0,1,0,1,0,0.0,-0.01592835651907231
2515,stimulus,50,8,5,1,0,-1.0,-1.0,1,0,1,0,0.0,-0.01592835651907231
2516,stimulus,50,1,3,0,0,-1.0,-1.0,1,0,1,0,0.0,-0.01592835651907231
2517,stimulus,50,5,3,0,0,-1.0,-1.0,1,0,1,0,0.0,-0.01592835651907231
2518,stimulus,50,0,5,1,0,-1.0,-1.0,1,0,1,0,0.0,-0.01592835651907231
2519,stimulus,50,1,3,0,0,-1.0,-1.0,1,0,1,0,0.0,-0.01592835651907231
2520,stimulus,50,8,3,0,0,-1.0,-1.0,1,0,1,0,0.0,-0.01592835651907231
2521,stimulus,50,4,3,0,1,1.0,1.0,0,nan,nan,nan,0.0,-0.01592835651907231
2522,stimulus,50,7,2,0,0,-1.0,-1.0,1,1,0,0,0.0,-0.01592835651907231
2523,stimulus,50,6,3,0,0,-1.0,-1.0,1,0,1,0,0.0,-0.01592835651907231
2524,stimulus,50,2,3,0,1,1.0,1.0,0,nan,nan,nan,0.0,-0.01592835651907231
2525,stimulus,50,5,2,0,0,-1.0,-1.0,1,1,0,0,0.0,-0.01592835651907231
2526,stimulus,50,6,3,0,0,-1.0,-1.0,1,0,1,0,0.0,-0.01592835651907231
2527,stimulus,50,2,5,1,0,-1.0,-1.0,1,0,1,0,0.0,-0.01592835651907231
2528,stimulus,50,8,5,1,0,-1.0,-1.0,1,0,1,0,0.0,-0.01592835651907231
2529,stimulus,50,1,3,0,0,-1.0,-1.0,1,0,1,0,0.0,-0.01592835651907231
2530,stimulus,50,8,3,0,0,-1.0,-1.0,1,0,1,0,0.0,-0.01592835651907231
2531,stimulus,50,1,3,0,0,-1.0,-1.0,1,0,1,0,0.0,-0.01592835651907231
2532,stimulus,50,3,3,0,1,1.0,1.0,0,nan,nan,nan,0.0,-0.01592835651907231
2533,stimulus,50,1,4,1,0,-1.0,-1.0,1,1,0,0,0.0,-0.01592835651907231
2534,stimulus,50,4,5,1,1,1.0,1.0,0,nan,nan,nan,0.0,-0.01592835651907231
2535,stimulus,50,3,4,0,1,1.0,1.0,0,nan,nan,nan,0.0,-0.01592835651907231
2536,stimulus,50,3,3,0,1,1.0,1.0,0,nan,nan,nan,0.0,-0.01592835651907231
2537,stimulus,50,5,4,1,1,1.0,1.0,0,nan,nan,nan,0.0,-0.01592835651907231
2538,stimulus,50,3,3,0,1,1.0,1.0,0,nan,nan,nan,0.0,-0.01592835651907231
2539,stimulus,50,2,2,0,1,1.0,1.0,0,nan,nan,nan,0.0,-0.01592835651907231
2540,stimulus,50,8,3,1,0,-1.0,-1.0,1,6,0,1,0.0,-0.01592835651907231
2541,stimulus,50,8,5,1,0,-1.0,-1.0,1,0,1,0,0.0,-0.01592835651907231
2542,stimulus,50,0,5,1,0,-1.0,-1.0,1,0,1,0,0.0,-0.01592835651907231
2543,stimulus,50,8,3,0,0,-1.0,-1.0,1,0,1,0,0.0,-0.01592835651907231
2544,stimulus,50,2,3,0,1,1.0,1.0,0,nan,nan,nan,0.0,-0.01592835651907231
2545,stimulus,50,2,4,1,0,-1.0,-1.0,1,1,0,0,0.0,-0.01592835651907231
2546,stimulus,50,7,5,1,0,-1.0,-1.0,1,0,1,0,0.0,-0.01592835651907231
2547,stimulus,50,0,5,1,0,-1.0,-1.0,1,0,1,0,0.0,-0.01592835651907231
2548,stimulus,50,4,5,1,1,1.0,1.0,0,nan,nan,nan,0.0,-0.01592835651907231
2549,stimulus,50,2,4,0,0,-1.0,-1.0,1,1,0,0,0.0,-0.01592835651907231
2550,stimulus,50,2,3,0,1,1.0,1.0,0,nan,nan,nan,0.0,-0.01592835651907231
2551,stimulus,50,1,2,0,1,1.0,1.0,0,nan,nan,nan,0.0,-0.01592835651907231
2552,stimulus,50,7,1,0,0,-1.0,-1.0,1,2,0,0,0.0,-0.01592835651907231
2553,stimulus,50,3,3,0,1,1.0,1.0,0,nan,nan,nan,0.0,-0.01592835651907231
2554,stimulus,50,4,4,1,1,1.0,1.0,0,nan,nan,nan,0.0,-0.01592835651907231
2555,stimulus,50,1,5,1,0,-1.0,-1.0,1,2,0,0,0.0,-0.01592835651907231
2556,stimulus,50,7,5,1,0,-1.0,-1.0,1,0,1,0,0.0,-0.01592835651907231
2557,stimulus,50,3,5,1,0,-1.0,-1.0,1,0,1,0,0.0,-0.01592835651907231
2558,stimulus,50,5,3,0,0,-1.0,-1.0,1,0,1,0,0.0,-0.01592835651907231
2559,stimulus,50,7,3,0,0,-1.0,-1.0,1,0,1,0,0.0,-0.01592835651907231
2560,stimulus,50,8,3,0,0,-1.0,-1.0,1,0,1,0,0.0,-0.01592835651907231
2561,stimulus,50,7,5,1,0,-1.0,-1.0,1,0,1,0,0.0,-0.01592835651907231
2562,stimulus,50,6,5,1,1,1.0,1.0,0,nan,nan,nan,0.0,-0.01592835651907231
2563,stimulus,50,6,4,0,0,-1.0,-1.0,1,1,0,0,0.0,-0.01592835651907231
2564,stimulus,50,2,3,0,1,1.0,1.0,0,nan,nan,nan,0.0,-0.01592835651907231
2565,stimulus,50,5,4,1,1,1.0,1.0,0,nan,nan,nan,0.0,-0.01592835651907231
2566,stimulus,50,5,3,0,0,-1.0,-1.0,1,2,0,0,0.0,-0.01592835651907231
2567,stimulus,50,0,5,1,0,-1.0,-1.0,1,0,1,0,0.0,-0.01592835651907231
2568,stimulus,50,1,3,0,0,-1.0,-1.0,1,0,1,0,0.0,-0.01592835651907231
2569,stimulus,50,8,3,0,0,-1.0,-1.0,1,0,1,0,0.0,-0.01592835651907231
2570,stimulus,50,8,3,0,0,-1.0,-1.0,1,0,1,0,0.0,-0.01592835651907231
2571,stimulus,50,6,5,1,1,1.0,1.0,0,nan,nan,nan,0.0,-0.01592835651907231
2572,stimulus,50,6,6,1,1,1.0,1.0,0,nan,nan,nan,0.0,-0.01592835651907231
2573,stimulus,50,8,5,0,0,-1.0,-1.0,1,2,0,0,0.0,-0.01592835651907231
2574,stimulus,50,3,3,0,1,1.0,1.0,0,nan,nan,nan,0.0,-0.01592835651907231
2575,stimulus,50,7,2,0,0,-1.0,-1.0,1,1,0,0,0.0,-0.01592835651907231
2576,stimulus,50,6,5,1,1,1.0,1.0,0,nan,nan,nan,0.0,-0.01592835651907231
2577,stimulus,50,7,4,0,0,-1.0,-1.0,1,1,0,0,0.0,-0.01592835651907231
2578,stimulus,50,5,5,1,1,1.0,1.0,0,nan,nan,nan,0.0,-0.01592835651907231
2579,stimulus,50,0,4,0,0,-1.0,-1.0,1,1,0,0,0.0,-0.01592835651907231
2580,stimulus,50,4,3,0,1,1.0,1.0,0,nan,nan,nan,0.0,-0.01592835651907231
2581,stimulus,50,2,2,0,1,1.0,1.0,0,nan,nan,nan,0.0,-0.01592835651907231
2582,stimulus,50,5,1,0,0,-1.0,-1.0,1,2,0,0,0.0,-0.01592835651907231
2583,stimulus,50,8,5,1,0,-1.0,-1.0,1,0,1,0,0.0,-0.01592835651907231
2584,stimulus,50,5,3,0,0,-1.0,-1.0,1,0,1,0,0.0,-0.01592835651907231
2585,stimulus,50,4,3,0,1,1.0,1.0,0,nan,nan,nan,0.0,-0.01592835651907231
2586,stimulus,50,1,4,1,0,-1.0,-1.0,1,1,0,0,0.0,-0.01592835651907231
2587,stimulus,50,2,3,0,1,1.0,1.0,0,nan,nan,nan,0.0,-0.01592835651907231
2588,stimulus,50,8,4,1,0,-1.0,-1.0,1,1,0,0,0.0,-0.01592835651907231
2589,stimulus,50,0,5,1,0,-1.0,-1.0,1,0,1,0,0.0,-0.01592835651907231
2590,stimulus,50,2,3,0,1,1.0,1.0,0,nan,nan,nan,0.0,-0.01592835651907231
2591,stimulus,50,2,2,0,1,1.0,1.0,0,nan,nan,nan,0.0,-0.01592835651907231
2592,stimulus,50,4,3,1,1,1.0,1.0,0,nan,nan,nan,0.0,-0.01592835651907231
2593,stimulus,50,6,4,1,0,-1.0,-1.0,1,3,0,1,0.0,-0.01592835651907231
2594,stimulus,50,7,3,0,0,-1.0,-1.0,1,0,1,0,0.0,-0.01592835651907231
2595,stimulus,50,8,5,1,0,-1.0,-1.0,1,0,1,0,0.0,-0.01592835651907231
2596,stimulus,50,4,5,1,1,1.0,1.0,0,nan,nan,nan,0.0,-0.01592835651907231
2597,stimulus,50,0,6,1,0,-1.0,-1.0,1,1,0,0,0.0,-0.01592835651907231
2598,stimulus,50,6,5,1,1,1.0,1.0,0,nan,nan,nan,0.0,-0.01592835651907231
2599,stimulus,50,1,6,1,0,-1.0,-1.0,1,1,0,0,0.0,-0.01592835651907231
2600,stimulus,50,0,3,0,0,-1.0,-1.0,1,0,1,0,0.0,-0.01592835651907231
2601,stimulus,50,0,3,0,0,-1.0,-1.0,1,0,1,0,0.0,-0.01592835651907231
2602,stimulus,50,2,5,1,0,-1.0,-1.0,1,0,1,0,0.0,-0.01592835651907231
2603,stimulus,50,3,5,1,0,-1.0,-1.0,1,0,1,0,0.0,-0.01592835651907231
2604,stimulus,50,4,3,0,1,1.0,1.0,0,nan,nan,nan,0.0,-0.01592835651907231
2605,stimulus,50,8,2,0,0,-1.0,-1.0,1,1,0,0,0.0,-0.01592835651907231
2606,stimulus,50,7,5,1,0,-1.0,-1.0,1,0,1,0,0.0,-0.01592835651907231
2607,stimulus,50,4,5,1,1,1.0,1.0,0,nan,nan,nan,0.0,-0.01592835651907231
2608,stimulus,50,6,4,0,0,-1.0,-1.0,1,1,0,0,0.0,-0.01592835651907231
2609,stimulus,50,6,3,0,0,-1.0,-1.0,1,0,1,0,0.0,-0.01592835651907231
2610,stimulus,50,8,3,0,0,-1.0,-1.0,1,0,1,0,0.0,-0.01592835651907231
2611,stimulus,50,5,3,0,0,-1.0,-1.0,1,0,1,0,0.0,-0.01592835651907231
2612,stimulus,50,3,3,0,1,1.0,1.0,0,nan,nan,nan,0.0,-0.01592835651907231
2613,stimulus,50,1,2,0,1,1.0,1.0,0,nan,nan,nan,0.0,-0.01592835651907231
2614,stimulus,50,5,3,1,0,-1.0,-1.0,1,2,0,0,0.0,-0.01592835651907231
2615,stimulus,50,8,3,0,0,-1.0,-1.0,1,0,1,0,0.0,-0.01592835651907231
2616,stimulus,50,5,3,0,0,-1.0,-1.0,1,0,1,0,0.0,-0.01592835651907231
2617,stimulus,50,3,5,1,0,-1.0,-1.0,1,0,1,0,0.0,-0.01592835651907231
2618,stimulus,50,1,3,0,0,-1.0,-1.0,1,0,1,0,0.0,-0.01592835651907231
2619,stimulus,50,4,5,1,1,1.0,1.0,0,nan,nan,nan,0.0,-0.01592835651907231
2620,stimulus,50,5,4,0,1,1.0,1.0,0,nan,nan,nan,0.0,-0.01592835651907231
2621,stimulus,50,0,3,0,0,-1.0,-1.0,1,2,0,0,0.0,-0.01592835651907231
2622,stimulus,50,8,5,1,0,-1.0,-1.0,1,0,1,0,0.0,-0.01592835651907231
2623,stimulus,50,7,5,1,0,-1.0,-1.0,1,0,1,0,0.0,-0.01592835651907231
2624,stimulus,50,0,5,1,0,-1.0,-1.0,1,0,1,0,0.0,-0.01592835651907231
2625,stimulus,50,7,3,0,0,-1.0,-1.0,1,0,1,0,0.0,-0.01592835651907231
2626,stimulus,50,2,5,1,0,-1.0,-1.0,1,0,1,0,0.0,-0.01592835651907231
2627,stimulus,50,7,5,1,0,-1.0,-1.0,1,0,1,0,0.0,-0.01592835651907231
2628,stimulus,50,4,3,0,1,1.0,1.0,0,nan,nan,nan,0.0,-0.01592835651907231
2629,stimulus,50,2,2,0,1,1.0,1.0,0,nan,nan,nan,0.0,-0.01592835651907231
2630,stimulus,50,7,1,0,0,-1.0,-1.0,1,2,0,0,0.0,-0.01592835651907231
2631,stimulus,50,7,3,0,0,-1.0,-1.0,1,0,1,0,0.0,-0.01592835651907231
2632,stimulus,50,4,3,0,1,1.0,1.0,0,nan,nan,nan,0.0,-0.01592835651907231
2633,stimulus,50,6,2,0,0,-1.0,-1.0,1,1,0,0,0.0,-0.01592835651907231
2634,stimulus,50,3,3,0,1,1.0,1.0,0,nan,nan,nan,0.0,-0.01592835651907231
2635,stimulus,50,0,4,1,0,-1.0,-1.0,1,1,0,0,0.0,-0.01592835651907231
2636,stimulus,50,6,3,0,0,-1.0,-1.0,1,0,1,0,0.0,-0.01592835651907231
2637,stimulus,50,2,5,1,0,-1.0,-1.0,1,0,1,0,0.0,-0.01592835651907231
2638,stimulus,50,1,3,0,0,-1.0,-1.0,1,0,1,0,0.0,-0.01592835651907231
2639,stimulus,50,4,3,0,1,1.0,1.0,0,nan,nan,nan,0.0,-0.01592835651907231
2640,stimulus,50,8,2,0,0,-1.0,-1.0,1,1,0,0,0.0,-0.01592835651907231
2641,stimulus,50,5,3,0,0,-1.0,-1.0,1,0,1,0,0.0,-0.01592835651907231
2642,stimulus,50,8,3,0,0,-1.0,-1.0,1,0,1,0,0.0,-0.01592835651907231
2643,stimulus,50,0,5,1,0,-1.0,-1.0,1,0,1,0,0.0,-0.01592835651907231
2644,stimulus,50,0,3,0,0,-1.0,-1.0,1,0,1,0,0.0,-0.01592835651907231
2645,stimulus,50,2,5,1,0,-1.0,-1.0,1,0,1,0,0.0,-0.01592835651907231
2646,stimulus,50,8,5,1,0,-1.0,-1.0,1,0,1,0,0.0,-0.01592835651907231
2647,stimulus,50,2,3,0,1,1.0,1.0,0,nan,nan,nan,0.0,-0.01592835651907231
2648,stimulus,50,0,2,0,0,-1.0,-1.0,1,1,0,0,0.0,-0.01592835651907231
2649,stimulus,50,8,3,0,0,-1.0,-1.0,1,0,1,0,0.0,-0.01592835651907231
2650,stimulus,50,4,3,0,1,1.0,1.0,0,nan,nan,nan,0.0,-0.01592835651907231
2651,stimulus,50,2,2,0,1,1.0,1.0,0,nan,nan,nan,0.0,-0.01592835651907231
2652,stimulus,50,0,3,1,0,-1.0,-1.0,1,2,0,0,0.0,-0.01592835651907231
2653,stimulus,50,0,5,1,0,-1.0,-1.0,1,0,1,0,0.0,-0.01592835651907231
2654,stimulus,50,1,3,0,0,-1.0,-1.0,1,0,1,0,0.0,-0.01592835651907231
2655,stimulus,50,7,5,1,0,-1.0,-1.0,1,0,1,0,0.0,-0.01592835651907231
2656,stimulus,50,2,5,1,0,-1.0,-1.0,1,0,1,0,0.0,-0.01592835651907231
2657,stimulus,50,3,3,0,1,1.0,1.0,0,nan,nan,nan,0.0,-0.01592835651907231
2658,stimulus,50,0,2,0,0,-1.0,-1.0,1,1,0,0,0.0,-0.01592835651907231
2659,stimulus,50,7,3,0,0,-1.0,-1.0,1,0,1,0,0.0,-0.01592835651907231
2660,stimulus,50,2,3,0,1,1.0,1.0,0,nan,nan,nan,0.0,-0.01592835651907231
2661,stimulus,50,7,4,1,0,-1.0,-1.0,1,1,0,0,0.0,-0.01592835651907231
2662,stimulus,50,2,3,0,1,1.0,1.0,0,nan,nan,nan,0.0,-0.01592835651907231
2663,stimulus,50,5,4,1,1,1.0,1.0,0,nan,nan,nan,0.0,-0.01592835651907231
2664,stimulus,50,6,3,0,0,-1.0,-1.0,1,2,0,0,0.0,-0.01592835651907231
2665,stimulus,50,4,5,1,1,1.0,1.0,0,nan,nan,nan,0.0,-0.01592835651907231
2666,stimulus,50,4,4,0,1,1.0,1.0,0,nan,nan,nan,0.0,-0.01592835651907231
2667,stimulus,50,4,5,1,1,1.0,1.0,0,nan,nan,nan,0.0,-0.01592835651907231
2668,stimulus,50,3,6,1,0,-1.0,-1.0,1,3,0,1,0.0,-0.01592835651907231
2669,stimulus,50,0,5,1,0,-1.0,-1.0,1,0,1,0,0.0,-0.01592835651907231
2670,stimulus,50,5,3,0,0,-1.0,-1.0,1,0,1,0,0.0,-0.01592835651907231
2671,stimulus,50,2,5,1,0,-1.0,-1.0,1,0,1,0,0.0,-0.01592835651907231
2672,stimulus,50,0,5,1,0,-1.0,-1.0,1,0,1,0,0.0,-0.01592835651907231
2673,stimulus,50,3,3,0,1,1.0,1.0,0,nan,nan,nan,0.0,-0.01592835651907231
2674,stimulus,50,8,2,0,0,-1.0,-1.0,1,1,0,0,0.0,-0.01592835651907231
2675,stimulus,50,5,5,1,1,1.0,1.0,0,nan,nan,nan,0.0,-0.01592835651907231
2676,stimulus,50,2,4,0,0,-1.0,-1.0,1,1,0,0,0.0,-0.01592835651907231
2677,stimulus,50,5,5,1,1,1.0,1.0,0,nan,nan,nan,0.0,-0.01592835651907231
2678,stimulus,50,2,4,0,0,-1.0,-1.0,1,1,0,0,0.0,-0.01592835651907231
2679,stimulus,50,7,3,0,0,-1.0,-1.0,1,0,1,0,0.0,-0.01592835651907231
2680,stimulus,50,5,5,1,1,1.0,1.0,0,nan,nan,nan,0.0,-0.01592835651907231
2681,stimulus,50,5,4,0,1,1.0,1.0,0,nan,nan,nan,0.0,-0.01592835651907231
2682,stimulus,50,8,5,1,0,-1.0,-1.0,1,2,0,0,0.0,-0.01592835651907231
2683,stimulus,50,7,5,1,0,-1.0,-1.0,1,0,1,0,0.0,-0.01592835651907231
2684,stimulus,50,4,3,0,1,1.0,1.0,0,nan,nan,nan,0.0,-0.01592835651907231
2685,stimulus,50,7,2,0,0,-1.0,-1.0,1,1,0,0,0.0,-0.01592835651907231
2686,stimulus,50,1,5,1,0,-1.0,-1.0,1,0,1,0,0.0,-0.01592835651907231
2687,stimulus,50,2,5,1,0,-1.0,-1.0,1,0,1,0,0.0,-0.01592835651907231
2688,stimulus,50,0,5,1,0,-1.0,-1.0,1,0,1,0,0.0,-0.01592835651907231
2689,stimulus,50,7,3,0,0,-1.0,-1.0,1,0,1,0,0.0,-0.01592835651907231
2690,stimulus,50,5,3,0,0,-1.0,-1.0,1,0,1,0,0.0,-0.01592835651907231
2691,stimulus,50,5,5,1,1,1.0,1.0,0,nan,nan,nan,0.0,-0.01592835651907231
2692,stimulus,50,1,4,0,0,-1.0,-1.0,1,1,0,0,0.0,-0.01592835651907231
2693,stimulus,50,5,5,1,1,1.0,1.0,0,nan,nan,nan,0.0,-0.01592835651907231
2694,stimulus,50,5,4,0,1,1.0,1.0,0,nan,nan,nan,0.0,-0.01592835651907231
2695,stimulus,50,7,5,1,0,-1.0,-1.0,1,2,0,0,0.0,-0.01592835651907231
2696,stimulus,50,0,3,0,0,-1.0,-1.0,1,0,1,0,0.0,-0.01592835651907231
2697,stimulus,50,2,5,1,0,-1.0,-1.0,1,0,1,0,0.0,-0.01592835651907231
2698,stimulus,50,2,3,0,1,1.0,1.0,0,nan,nan,nan,0.0,-0.01592835651907231
2699,stimulus,50,7,4,1,0,-1.0,-1.0,1,1,0,0,0.0,-0.01592835651907231
2700,stimulus,50,0,3,0,0,-1.0,-1.0,1,0,1,0,0.0,-0.01592835651907231
2701,stimulus,50,6,5,1,1,1.0,1.0,0,nan,nan,nan,0.0,-0.01592835651907231
2702,stimulus,50,7,6,1,1,1.0,1.0,0,nan,nan,nan,0.0,-0.01592835651907231
2703,stimulus,50,2,7,1,0,-1.0,-1.0,1,2,0,0,0.0,-0.01592835651907231
2704,stimulus,50,5,5,1,1,1.0,1.0,0,nan,nan,nan,0.0,-0.01592835651907231
2705,stimulus,50,1,6,1,0,-1.0,-1.0,1,1,0,0,0.0,-0.01592835651907231
2706,stimulus,50,4,3,0,1,1.0,1.0,0,nan,nan,nan,0.0,-0.01592835651907231
2707,stimulus,50,3,2,0,1,1.0,1.0,0,nan,nan,nan,0.0,-0.01592835651907231
2708,stimulus,50,8,1,0,0,-1.0,-1.0,1,2,0,0,0.0,-0.01592835651907231
2709,stimulus,50,8,3,0,0,-1.0,-1.0,1,0,1,0,0.0,-0.01592835651907231
2710,stimulus,50,5,5,1,1,1.0,1.0,0,nan,nan,nan,0.0,-0.01592835651907231
2711,stimulus,50,5,4,0,1,1.0,1.0,0,nan,nan,nan,0.0,-0.01592835651907231
2712,stimulus,50,2,5,1,0,-1.0,-1.0,1,2,0,0,0.0,-0.01592835651907231
2713,stimulus,50,1,5,1,0,-1.0,-1.0,1,0,1,0,0.0,-0.01592835651907231
2714,stimulus,50,0,5,1,0,-1.0,-1.0,1,0,1,0,0.0,-0.01592835651907231
2715,stimulus,50,7,5,1,0,-1.0,-1.0,1,0,1,0,0.0,-0.01592835651907231
2716,stimulus,50,0,3,0,0,-1.0,-1.0,1,0,1,0,0.0,-0.01592835651907231
2717,stimulus,50,1,5,1,0,-1.0,-1.0,1,0,1,0,0.0,-0.01592835651907231
2718,stimulus,50,8,5,1,0,-1.0,-1.0,1,0,1,0,0.0,-0.01592835651907231
2719,stimulus,50,2,3,0,1,1.0,1.0,0,nan,nan,nan,0.0,-0.01592835651907231
2720,stimulus,50,2,2,0,1,1.0,1.0,0,nan,nan,nan,0.0,-0.01592835651907231
2721,stimulus,50,6,3,1,0,-1.0,-1.0,1,2,0,0,0.0,-0.01592835651907231
2722,stimulus,50,7,5,1,0,-1.0,-1.0,1,0,1,0,0.0,-0.01592835651907231
2723,stimulus,50,2,5,1,0,-1.0,-1.0,1,0,1,0,0.0,-0.01592835651907231
2724,stimulus,50,0,5,1,0,-1.0,-1.0,1,0,1,0,0.0,-0.01592835651907231
2725,stimulus,50,0,3,0,0,-1.0,-1.0,1,0,1,0,0.0,-0.01592835651907231
2726,stimulus,50,0,5,1,0,-1.0,-1.0,1,0,1,0,0.0,-0.01592835651907231
2727,stimulus,50,6,3,0,0,-1.0,-1.0,1,0,1,0,0.0,-0.01592835651907231
2728,stimulus,50,2,3,0,1,1.0,1.0,0,nan,nan,nan,0.0,-0.01592835651907231
2729,stimulus,50,0,2,0,0,-1.0,-1.0,1,1,0,0,0.0,-0.01592835651907231
2730,stimulus,50,4,3,0,1,1.0,1.0,0,nan,nan,nan,0.0,-0.01592835651907231
2731,stimulus,50,4,2,0,0,-1.0,-1.0,1,1,0,0,0.0,-0.01592835651907231
2732,stimulus,50,7,5,1,0,-1.0,-1.0,1,0,1,0,0.0,-0.01592835651907231
2733,stimulus,50,6,5,1,1,1.0,1.0,0,nan,nan,nan,0.0,-0.01592835651907231
2734,stimulus,50,5,4,0,1,1.0,1.0,0,nan,nan,nan,0.0,-0.01592835651907231
2735,stimulus,50,5,3,0,0,-1.0,-1.0,1,2,0,0,0.0,-0.01592835651907231
2736,stimulus,50,7,3,0,0,-1.0,-1.0,1,0,1,0,0.0,-0.01592835651907231
2737,stimulus,50,7,5,1,0,-1.0,-1.0,1,0,1,0,0.0,-0.01592835651907231
2738,stimulus,50,7,5,1,0,-1.0,-1.0,1,0,1,0,0.0,-0.01592835651907231
2739,stimulus,50,4,3,0,1,1.0,1.0,0,nan,nan,nan,0.0,-0.01592835651907231
2740,stimulus,50,4,2,0,0,-1.0,-1.0,1,1,0,0,0.0,-0.01592835651907231
2741,stimulus,50,3,5,1,0,-1.0,-1.0,1,0,1,0,0.0,-0.01592835651907231
2742,stimulus,50,5,5,1,1,1.0,1.0,0,nan,nan,nan,0.0,-0.01592835651907231
2743,stimulus,50,7,6,1,1,1.0,1.0,0,nan,nan,nan,0.0,-0.01592835651907231
2744,stimulus,50,5,7,1,0,-1.0,-1.0,1,2,0,0,0.0,-0.01592835651907231
2745,stimulus,50,2,5,1,0,-1.0,-1.0,1,0,1,0,0.0,-0.01592835651907231
2746,stimulus,50,4,5,1,1,1.0,1.0,0,nan,nan,nan,0.0,-0.01592835651907231
2747,stimulus,50,6,4,0,0,-1.0,-1.0,1,1,0,0,0.0,-0.01592835651907231
2748,stimulus,50,3,5,1,0,-1.0,-1.0,1,0,1,0,0.0,-0.01592835651907231
2749,stimulus,50,3,5,1,0,-1.0,-1.0,1,0,1,0,0.0,-0.01592835651907231
2750,stimulus,50,6,3,0,0,-1.0,-1.0,1,0,1,0,0.0,-0.01592835651907231
2751,stimulus,50,3,5,1,0,-1.0,-1.0,1,0,1,0,0.0,-0.01592835651907231
2752,stimulus,50,8,5,1,0,-1.0,-1.0,1,0,1,0,0.0,-0.01592835651907231
2753,stimulus,50,1,3,0,0,-1.0,-1.0,1,0,1,0,0.0,-0.01592835651907231
2754,stimulus,50,5,3,0,0,-1.0,-1.0,1,0,1,0,0.0,-0.01592835651907231
2755,stimulus,50,7,3,0,0,-1.0,-1.0,1,0,1,0,0.0,-0.01592835651907231
2756,stimulus,50,4,3,0,1,1.0,1.0,0,nan,nan,nan,0.0,-0.01592835651907231
2757,stimulus,50,1,2,0,1,1.0,1.0,0,nan,nan,nan,0.0,-0.01592835651907231
2758,stimulus,50,7,3,1,0,-1.0,-1.0,1,2,0,0,0.0,-0.01592835651907231
2759,stimulus,50,5,5,1,1,1.0,1.0,0,nan,nan,nan,0.0,-0.01592835651907231
2760,stimulus,50,2,6,1,0,-1.0,-1.0,1,1,0,0,0.0,-0.01592835651907231
2761,stimulus,50,0,3,0,0,-1.0,-1.0,1,0,1,0,0.0,-0.01592835651907231
2762,stimulus,50,6,3,0,0,-1.0,-1.0,1,0,1,0,0.0,-0.01592835651907231
2763,stimulus,50,1,3,0,0,-1.0,-1.0,1,0,1,0,0.0,-0.01592835651907231
2764,stimulus,50,6,5,1,1,1.0,1.0,0,nan,nan,nan,0.0,-0.01592835651907231
2765,stimulus,50,6,6,1,1,1.0,1.0,0,nan,nan,nan,0.0,-0.01592835651907231
2766,stimulus,50,2,7,1,0,-1.0,-1.0,1,2,0,0,0.0,-0.01592835651907231
2767,stimulus,50,7,3,0,0,-1.0,-1.0,1,0,1,0,0.0,-0.01592835651907231
2768,stimulus,50,6,5,1,1,1.0,1.0,0,nan,nan,nan,0.0,-0.01592835651907231
2769,stimulus,50,2,4,0,0,-1.0,-1.0,1,1,0,0,0.0,-0.01592835651907231
2770,stimulus,50,3,5,1,0,-1.0,-1.0,1,0,1,0,0.0,-0.01592835651907231
2771,stimulus,50,5,5,1,1,1.0,1.0,0,nan,nan,nan,0.0,-0.01592835651907231
2772,stimulus,50,3,4,0,1,1.0,1.0,0,nan,nan,nan,0.0,-0.01592835651907231
2773,stimulus,50,7,3,0,0,-1.0,-1.0,1,2,0,0,0.0,-0.01592835651907231
2774,stimulus,50,8,5,1,0,-1.0,-1.0,1,0,1,0,0.0,-0.01592835651907231
2775,stimulus,50,4,5,1,1,1.0,1.0,0,nan,nan,nan,0.0,-0.01592835651907231
2776,stimulus,50,7,4,0,0,-1.0,-1.0,1,1,0,0,0.0,-0.01592835651907231
2777,stimulus,50,1,5,1,0,-1.0,-1.0,1,0,1,0,0.0,-0.01592835651907231
2778,stimulus,50,6,5,1,1,1.0,1.0,0,nan,nan,nan,0.0,-0.01592835651907231
2779,stimulus,50,1,4,0,0,-1.0,-1.0,1,1,0,0,0.0,-0.01592835651907231
2780,stimulus,50,8,5,1,0,-1.0,-1.0,1,0,1,0,0.0,-0.01592835651907231
2781,stimulus,50,0,5,1,0,-1.0,-1.0,1,0,1,0,0.0,-0.01592835651907231
2782,stimulus,50,5,3,0,0,-1.0,-1.0,1,0,1,0,0.0,-0.01592835651907231
2783,stimulus,50,0,3,0,0,-1.0,-1.0,1,0,1,0,0.0,-0.01592835651907231
2784,stimulus,50,2,3,0,1,1.0,1.0,0,nan,nan,nan,0.0,-0.01592835651907231
2785,stimulus,50,1,2,0,1,1.0,1.0,0,nan,nan,nan,0.0,-0.01592835651907231
2786,stimulus,50,7,3,1,0,-1.0,-1.0,1,2,0,0,0.0,-0.01592835651907231
2787,stimulus,50,2,5,1,0,-1.0,-1.0,1,0,1,0,0.0,-0.01592835651907231
2788,stimulus,50,4,3,0,1,1.0,1.0,0,nan,nan,nan,0.0,-0.01592835651907231
2789,stimulus,50,0,2,0,0,-1.0,-1.0,1,1,0,0,0.0,-0.01592835651907231
2790,stimulus,50,8,5,1,0,-1.0,-1.0,1,0,1,0,0.0,-0.01592835651907231
2791,stimulus,50,7,5,1,0,-1.0,-1.0,1,0,1,0,0.0,-0.01592835651907231
2792,stimulus,50,2,3,0,1,1.0,1.0,0,nan,nan,nan,0.0,-0.01592835651907231
2793,stimulus,50,3,2,0,1,1.0,1.0,0,nan,nan,nan,0.0,-0.01592835651907231
2794,stimulus,50,7,3,1,0,-1.0,-1.0,1,2,0,0,0.0,-0.01592835651907231
2795,stimulus,50,4,5,1,1,1.0,1.0,0,nan,nan,nan,0.0,-0.01592835651907231
2796,stimulus,50,1,6,1,0,-1.0,-1.0,1,1,0,0,0.0,-0.01592835651907231
2797,stimulus,50,2,3,0,1,1.0,1.0,0,nan,nan,nan,0.0,-0.01592835651907231
2798,stimulus,50,1,2,0,1,1.0,1.0,0,nan,nan,nan,0.0,-0.01592835651907231
2799,stimulus,50,8,1,0,0,-1.0,-1.0,1,2,0,0,0.0,-0.01592835651907231
2800,stimulus,50,4,3,0,1,1.0,1.0,0,nan,nan,nan,0.0,-0.01592835651907231
2801,stimulus,50,8,4,1,0,-1.0,-1.0,1,1,0,0,0.0,-0.01592835651907231
2802,stimulus,50,0,5,1,0,-1.0,-1.0,1,0,1,0,0.0,-0.01592835651907231
2803,stimulus,50,2,3,0,1,1.0,1.0,0,nan,nan,nan,0.0,-0.01592835651907231
2804,stimulus,50,6,2,0,0,-1.0,-1.0,1,1,0,0,0.0,-0.01592835651907231
2805,stimulus,50,0,5,1,0,-1.0,-1.0,1,0,1,0,0.0,-0.01592835651907231
2806,stimulus,50,0,3,0,0,-1.0,-1.0,1,0,1,0,0.0,-0.01592835651907231
2807,stimulus,50,6,3,0,0,-1.0,-1.0,1,0,1,0,0.0,-0.01592835651907231
2808,stimulus,50,7,5,1,0,-1.0,-1.0,1,0,1,0,0.0,-0.01592835651907231
2809,stimulus,50,2,3,0,1,1.0,1.0,0,nan,nan,nan,0.0,-0.01592835651907231
2810,stimulus,50,4,4,1,1,1.0,1.0,0,nan,nan,nan,0.0,-0.01592835651907231
2811,stimulus,50,1,5,1,0,-1.0,-1.0,1,2,0,0,0.0,-0.01592835651907231
2812,stimulus,50,6,5,1,1,1.0,1.0,0,nan,nan,nan,0.0,-0.01592835651907231
2813,stimulus,50,6,6,1,1,1.0,1.0,0,nan,nan,nan,0.0,-0.01592835651907231
2814,stimulus,50,6,5,0,1,1.0,1.0,0,nan,nan,nan,0.0,-0.01592835651907231
2815,stimulus,50,8,4,0,0,-1.0,-1.0,1,3,0,1,0.0,-0.01592835651907231
2816,stimulus,50,1,5,1,0,-1.0,-1.0,1,0,1,0,0.0,-0.01592835651907231
2817,stimulus,50,1,3,0,0,-1.0,-1.0,1,0,1,0,0.0,-0.01592835651907231
2818,stimulus,50,1,5,1,0,-1.0,-1.0,1,0,1,0,0.0,-0.01592835651907231
2819,stimulus,50,1,3,0,0,-1.0,-1.0,1,0,1,0,0.0,-0.01592835651907231
2820,stimulus,50,0,3,0,0,-1.0,-1.0,1,0,1,0,0.0,-0.01592835651907231
2821,stimulus,50,7,3,0,0,-1.0,-1.0,1,0,1,0,0.0,-0.01592835651907231
2822,stimulus,50,6,3,0,0,-1.0,-1.0,1,0,1,0,0.0,-0.01592835651907231
2823,stimulus,50,5,5,1,1,1.0,1.0,0,nan,nan,nan,0.0,-0.01592835651907231
2824,stimulus,50,4,6,1,0,-1.0,-1.0,1,1,0,0,0.0,-0.01592835651907231
2825,stimulus,50,3,5,1,0,-1.0,-1.0,1,0,1,0,0.0,-0.01592835651907231
2826,stimulus,50,1,3,0,0,-1.0,-1.0,1,0,1,0,0.0,-0.01592835651907231
2827,stimulus,50,3,3,0,1,1.0,1.0,0,nan,nan,nan,0.0,-0.01592835651907231
2828,stimulus,50,0,4,1,0,-1.0,-1.0,1,1,0,0,0.0,-0.01592835651907231
2829,stimulus,50,5,3,0,0,-1.0,-1.0,1,0,1,0,0.0,-0.01592835651907231
2830,stimulus,50,1,3,0,0,-1.0,-1.0,1,0,1,0,0.0,-0.01592835651907231
2831,stimulus,50,2,5,1,0,-1.0,-1.0,1,0,1,0,0.0,-0.01592835651907231
2832,stimulus,50,7,5,1,0,-1.0,-1.0,1,0,1,0,0.0,-0.01592835651907231
2833,stimulus,50,0,5,1,0,-1.0,-1.0,1,0,1,0,0.0,-0.01592835651907231
2834,stimulus,50,0,5,1,0,-1.0,-1.0,1,0,1,0,0.0,-0.01592835651907231
2835,stimulus,50,1,5,1,0,-1.0,-1.0,1,0,1,0,0.0,-0.01592835651907231
2836,stimulus,50,6,3,0,0,-1.0,-1.0,1,0,1,0,0.0,-0.01592835651907231
2837,stimulus,50,3,3,0,1,1.0,1.0,0,nan,nan,nan,0.0,-0.01592835651907231
2838,stimulus,50,1,4,1,0,-1.0,-1.0,1,1,0,0,0.0,-0.01592835651907231
2839,stimulus,50,4,5,1,1,1.0,1.0,0,nan,nan,nan,0.0,-0.01592835651907231
2840,stimulus,50,1,4,0,0,-1.0,-1.0,1,1,0,0,0.0,-0.01592835651907231
2841,stimulus,50,0,3,0,0,-1.0,-1.0,1,0,1,0,0.0,-0.01592835651907231
2842,stimulus,50,5,5,1,1,1.0,1.0,0,nan,nan,nan,0.0,-0.01592835651907231
2843,stimulus,50,7,4,0,0,-1.0,-1.0,1,1,0,0,0.0,-0.01592835651907231
2844,stimulus,50,7,5,1,0,-1.0,-1.0,1,0,1,0,0.0,-0.01592835651907231
2845,stimulus,50,2,3,0,1,1.0,1.0,0,nan,nan,nan,0.0,-0.01592835651907231
2846,stimulus,50,0,2,0,0,-1.0,-1.0,1,1,0,0,0.0,-0.01592835651907231
2847,stimulus,50,2,5,1,0,-1.0,-1.0,1,0,1,0,0.0,-0.01592835651907231
2848,stimulus,50,4,3,0,1,1.0,1.0,0,nan,nan,nan,0.0,-0.01592835651907231
2849,stimulus,50,4,4,1,1,1.0,1.0,0,nan,nan,nan,0.0,-0.01592835651907231
2850,stimulus,50,4,3,0,1,1.0,1.0,0,nan,nan,nan,0.0,-0.01592835651907231
2851,stimulus,50,4,4,1,1,1.0,1.0,0,nan,nan,nan,0.0,-0.01592835651907231
2852,stimulus,50,0,5,1,0,-1.0,-1.0,1,4,0,1,0.0,-0.01592835651907231
2853,stimulus,50,6,5,1,1,1.0,1.0,0,nan,nan,nan,0.0,-0.01592835651907231
2854,stimulus,50,6,4,0,0,-1.0,-1.0,1,1,0,0,0.0,-0.01592835651907231
2855,stimulus,50,8,5,1,0,-1.0,-1.0,1,0,1,0,0.0,-0.01592835651907231
2856,stimulus,50,7,5,1,0,-1.0,-1.0,1,0,1,0,0.0,-0.01592835651907231
2857,stimulus,50,1,5,1,0,-1.0,-1.0,1,0,1,0,0.0,-0.01592835651907231
2858,stimulus,50,1,5,1,0,-1.0,-1.0,1,0,1,0,0.0,-0.01592835651907231
2859,stimulus,50,8,5,1,0,-1.0,-1.0,1,0,1,0,0.0,-0.01592835651907231
2860,stimulus,50,5,3,0,0,-1.0,-1.0,1,0,1,0,0.0,-0.01592835651907231
2861,stimulus,50,7,3,0,0,-1.0,-1.0,1,0,1,0,0.0,-0.01592835651907231
2862,stimulus,50,0,5,1,0,-1.0,-1.0,1,0,1,0,0.0,-0.01592835651907231
2863,stimulus,50,8,3,0,0,-1.0,-1.0,1,0,1,0,0.0,-0.01592835651907231
2864,stimulus,50,0,5,1,0,-1.0,-1.0,1,0,1,0,0.0,-0.01592835651907231
2865,stimulus,50,1,5,1,0,-1.0,-1.0,1,0,1,0,0.0,-0.01592835651907231
2866,stimulus,50,7,3,0,0,-1.0,-1.0,1,0,1,0,0.0,-0.01592835651907231
2867,stimulus,50,3,5,1,0,-1.0,-1.0,1,0,1,0,0.0,-0.01592835651907231
2868,stimulus,50,3,5,1,0,-1.0,-1.0,1,0,1,0,0.0,-0.01592835651907231
2869,stimulus,50,0,3,0,0,-1.0,-1.0,1,0,1,0,0.0,-0.01592835651907231
2870,stimulus,50,2,3,0,1,1.0,1.0,0,nan,nan,nan,0.0,-0.01592835651907231
2871,stimulus,50,6,4,1,0,-1.0,-1.0,1,1,0,0,0.0,-0.01592835651907231
2872,stimulus,50,6,5,1,1,1.0,1.0,0,nan,nan,nan,0.0,-0.01592835651907231
2873,stimulus,50,0,4,0,0,-1.0,-1.0,1,1,0,0,0.0,-0.01592835651907231
2874,stimulus,50,1,3,0,0,-1.0,-1.0,1,0,1,0,0.0,-0.01592835651907231
2875,stimulus,50,8,3,0,0,-1.0,-1.0,1,0,1,0,0.0,-0.01592835651907231
2876,stimulus,50,7,3,0,0,-1.0,-1.0,1,0,1,0,0.0,-0.01592835651907231
2877,stimulus,50,8,3,0,0,-1.0,-1.0,1,0,1,0,0.0,-0.01592835651907231
2878,stimulus,50,2,3,0,1,1.0,1.0,0,nan,nan,nan,0.0,-0.01592835651907231
2879,stimulus,50,0,2,0,0,-1.0,-1.0,1,1,0,0,0.0,-0.01592835651907231
2880,stimulus,50,2,3,0,1,1.0,1.0,0,nan,nan,nan,0.0,-0.01592835651907231
2881,stimulus,50,5,2,0,0,-1.0,-1.0,1,1,0,0,0.0,-0.01592835651907231
2882,stimulus,50,0,3,0,0,-1.0,-1.0,1,0,1,0,0.0,-0.01592835651907231
2883,stimulus,50,5,5,1,1,1.0,1.0,0,nan,nan,nan,0.0,-0.01592835651907231
2884,stimulus,50,2,6,1,0,-1.0,-1.0,1,1,0,0,0.0,-0.01592835651907231
2885,stimulus,50,6,5,1,1,1.0,1.0,0,nan,nan,nan,0.0,-0.01592835651907231
2886,stimulus,50,1,4,0,0,-1.0,-1.0,1,1,0,0,0.0,-0.01592835651907231
2887,stimulus,50,1,5,1,0,-1.0,-1.0,1,0,1,0,0.0,-0.01592835651907231
2888,stimulus,50,0,5,1,0,-1.0,-1.0,1,0,1,0,0.0,-0.01592835651907231
2889,stimulus,50,3,5,1,0,-1.0,-1.0,1,0,1,0,0.0,-0.01592835651907231
2890,stimulus,50,6,5,1,1,1.0,1.0,0,nan,nan,nan,0.0,-0.01592835651907231
2891,stimulus,50,1,6,1,0,-1.0,-1.0,1,1,0,0,0.0,-0.01592835651907231
2892,stimulus,50,1,5,1,0,-1.0,-1.0,1,0,1,0,0.0,-0.01592835651907231
2893,stimulus,50,7,5,1,0,-1.0,-1.0,1,0,1,0,0.0,-0.01592835651907231
2894,stimulus,50,0,3,0,0,-1.0,-1.0,1,0,1,0,0.0,-0.01592835651907231
2895,stimulus,50,2,5,1,0,-1.0,-1.0,1,0,1,0,0.0,-0.01592835651907231
2896,stimulus,50,7,5,1,0,-1.0,-1.0,1,0,1,0,0.0,-0.01592835651907231
2897,stimulus,50,6,5,1,1,1.0,1.0,0,nan,nan,nan,0.0,-0.01592835651907231
2898,stimulus,50,2,6,1,0,-1.0,-1.0,1,1,0,0,0.0,-0.01592835651907231
2899,stimulus,50,5,3,0,0,-1.0,-1.0,1,0,1,0,0.0,-0.01592835651907231
2900,stimulus,50,1,3,0,0,-1.0,-1.0,1,0,1,0,0.0,-0.01592835651907231
2901,stimulus,50,6,3,0,0,-1.0,-1.0,1,0,1,0,0.0,-0.01592835651907231
2902,stimulus,50,8,3,0,0,-1.0,-1.0,1,0,1,0,0.0,-0.01592835651907231
2903,stimulus,50,3,5,1,0,-1.0,-1.0,1,0,1,0,0.0,-0.01592835651907231
2904,stimulus,50,6,5,1,1,1.0,1.0,0,nan,nan,nan,0.0,-0.01592835651907231
2905,stimulus,50,5,4,0,1,1.0,1.0,0,nan,nan,nan,0.0,-0.01592835651907231
2906,stimulus,50,6,3,0,0,-1.0,-1.0,1,2,0,0,0.0,-0.01592835651907231
2907,stimulus,50,2,5,1,0,-1.0,-1.0,1,0,1,0,0.0,-0.01592835651907231
2908,stimulus,50,8,5,1,0,-1.0,-1.0,1,0,1,0,0.0,-0.01592835651907231
2909,stimulus,50,0,5,1,0,-1.0,-1.0,1,0,1,0,0.0,-0.01592835651907231
2910,stimulus,50,5,5,1,1,1.0,1.0,0,nan,nan,nan,0.0,-0.01592835651907231
2911,stimulus,50,3,4,0,1,1.0,1.0,0,nan,nan,nan,0.0,-0.01592835651907231
2912,stimulus,50,2,3,0,1,1.0,1.0,0,nan,nan,nan,0.0,-0.01592835651907231
2913,stimulus,50,8,4,1,0,-1.0,-1.0,1,3,0,1,0.0,-0.01592835651907231
2914,stimulus,50,2,3,0,1,1.0,1.0,0,nan,nan,nan,0.0,-0.01592835651907231
2915,stimulus,50,4,4,1,1,1.0,1.0,0,nan,nan,nan,0.0,-0.01592835651907231
2916,stimulus,50,3,5,1,0,-1.0,-1.0,1,2,0,0,0.0,-0.01592835651907231
2917,stimulus,50,4,5,1,1,1.0,1.0,0,nan,nan,nan,0.0,-0.01592835651907231
2918,stimulus,50,4,6,1,0,-1.0,-1.0,1,1,0,0,0.0,-0.01592835651907231
2919,stimulus,50,1,3,0,0,-1.0,-1.0,1,0,1,0,0.0,-0.01592835651907231
2920,stimulus,50,3,3,0,1,1.0,1.0,0,nan,nan,nan,0.0,-0.01592835651907231
2921,stimulus,50,0,2,0,0,-1.0,-1.0,1,1,0,0,0.0,-0.01592835651907231
2922,stimulus,50,1,5,1,0,-1.0,-1.0,1,0,1,0,0.0,-0.01592835651907231
2923,stimulus,50,8,3,0,0,-1.0,-1.0,1,0,1,0,0.0,-0.01592835651907231
2924,stimulus,50,7,5,1,0,-1.0,-1.0,1,0,1,0,0.0,-0.01592835651907231
2925,stimulus,50,4,3,0,1,1.0,1.0,0,nan,nan,nan,0.0,-0.01592835651907231
2926,stimulus,50,8,4,1,0,-1.0,-1.0,1,1,0,0,0.0,-0.01592835651907231
2927,stimulus,50,6,5,1,1,1.0,1.0,0,nan,nan,nan,0.0,-0.01592835651907231
2928,stimulus,50,4,6,1,0,-1.0,-1.0,1,1,0,0,0.0,-0.01592835651907231
2929,stimulus,50,1,3,0,0,-1.0,-1.0,1,0,1,0,0.0,-0.01592835651907231
2930,stimulus,50,0,5,1,0,-1.0,-1.0,1,0,1,0,0.0,-0.01592835651907231
2931,stimulus,50,3,3,0,1,1.0,1.0,0,nan,nan,nan,0.0,-0.01592835651907231
2932,stimulus,50,4,4,1,1,1.0,1.0,0,nan,nan,nan,0.0,-0.01592835651907231
2933,stimulus,50,0,3,0,0,-1.0,-1.0,1,2,0,0,0.0,-0.01592835651907231
2934,stimulus,50,1,3,0,0,-1.0,-1.0,1,0,1,0,0.0,-0.01592835651907231
2935,stimulus,50,5,3,0,0,-1.0,-1.0,1,0,1,0,0.0,-0.01592835651907231
2936,stimulus,50,5,3,0,0,-1.0,-1.0,1,0,1,0,0.0,-0.01592835651907231
2937,stimulus,50,7,5,1,0,-1.0,-1.0,1,0,1,0,0.0,-0.01592835651907231
2938,stimulus,50,2,5,1,0,-1.0,-1.0,1,0,1,0,0.0,-0.01592835651907231
2939,stimulus,50,5,5,1,1,1.0,1.0,0,nan,nan,nan,0.0,-0.01592835651907231
2940,stimulus,50,7,6,1,1,1.0,1.0,0,nan,nan,nan,0.0,-0.01592835651907231
2941,stimulus,50,1,5,0,0,-1.0,-1.0,1,2,0,0,0.0,-0.01592835651907231
2942,stimulus,50,6,3,0,0,-1.0,-1.0,1,0,1,0,0.0,-0.01592835651907231
2943,stimulus,50,8,3,0,0,-1.0,-1.0,1,0,1,0,0.0,-0.01592835651907231
2944,stimulus,50,6,3,0,0,-1.0,-1.0,1,0,1,0,0.0,-0.01592835651907231
2945,stimulus,50,0,5,1,0,-1.0,-1.0,1,0,1,0,0.0,-0.01592835651907231
2946,stimulus,50,1,5,1,0,-1.0,-1.0,1,0,1,0,0.0,-0.01592835651907231
2947,stimulus,50,5,5,1,1,1.0,1.0,0,nan,nan,nan,0.0,-0.01592835651907231
2948,stimulus,50,4,6,1,0,-1.0,-1.0,1,1,0,0,0.0,-0.01592835651907231
2949,stimulus,50,1,5,1,0,-1.0,-1.0,1,0,1,0,0.0,-0.01592835651907231
2950,stimulus,50,3,5,1,0,-1.0,-1.0,1,0,1,0,0.0,-0.01592835651907231
2951,stimulus,50,0,5,1,0,-1.0,-1.0,1,0,1,0,0.0,-0.01592835651907231
2952,stimulus,50,4,3,0,1,1.0,1.0,0,nan,nan,nan,0.0,-0.01592835651907231
2953,stimulus,50,8,4,1,0,-1.0,-1.0,1,1,0,0,0.0,-0.01592835651907231
2954,stimulus,50,3,3,0,1,1.0,1.0,0,nan,nan,nan,0.0,-0.01592835651907231
2955,stimulus,50,2,2,0,1,1.0,1.0,0,nan,nan,nan,0.0,-0.01592835651907231
2956,stimulus,50,1,3,1,0,-1.0,-1.0,1,2,0,0,0.0,-0.01592835651907231
2957,stimulus,50,5,3,0,0,-1.0,-1.0,1,0,1,0,0.0,-0.01592835651907231
2958,stimulus,50,0,3,0,0,-1.0,-1.0,1,0,1,0,0.0,-0.01592835651907231
2959,stimulus,50,2,3,0,1,1.0,1.0,0,nan,nan,nan,0.0,-0.01592835651907231
2960,stimulus,50,3,2,0,1,1.0,1.0,0,nan,nan,nan,0.0,-0.01592835651907231
2961,stimulus,50,2,3,1,1,1.0,1.0,0,nan,nan,nan,0.0,-0.01592835651907231
2962,stimulus,50,3,4,1,1,1.0,1.0,0,nan,nan,nan,0.0,-0.01592835651907231
2963,stimulus,50,1,5,1,0,-1.0,-1.0,1,4,0,1,0.0,-0.01592835651907231
2964,stimulus,50,7,3,0,0,-1.0,-1.0,1,0,1,0,0.0,-0.01592835651907231
2965,stimulus,50,5,3,0,0,-1.0,-1.0,1,0,1,0,0.0,-0.01592835651907231
2966,stimulus,50,1,3,0,0,-1.0,-1.0,1,0,1,0,0.0,-0.01592835651907231
2967,stimulus,50,6,5,1,1,1.0,1.0,0,nan,nan,nan,0.0,-0.01592835651907231
2968,stimulus,50,4,4,0,1,1.0,1.0,0,nan,nan,nan,0.0,-0.01592835651907231
2969,stimulus,50,5,5,1,1,1.0,1.0,0,nan,nan,nan,0.0,-0.01592835651907231
2970,stimulus,50,2,4,0,0,-1.0,-1.0,1,3,0,1,0.0,-0.01592835651907231
2971,stimulus,50,2,3,0,1,1.0,1.0,0,nan,nan,nan,0.0,-0.01592835651907231
2972,stimulus,50,8,4,1,0,-1.0,-1.0,1,1,0,0,0.0,-0.01592835651907231
2973,stimulus,50,1,5,1,0,-1.0,-1.0,1,0,1,0,0.0,-0.01592835651907231
2974,stimulus,50,5,3,0,0,-1.0,-1.0,1,0,1,0,0.0,-0.01592835651907231
2975,stimulus,50,4,5,1,1,1.0,1.0,0,nan,nan,nan,0.0,-0.01592835651907231
2976,stimulus,50,8,6,1,0,-1.0,-1.0,1,1,0,0,0.0,-0.01592835651907231
2977,stimulus,50,5,3,0,0,-1.0,-1.0,1,0,1,0,0.0,-0.01592835651907231
2978,stimulus,50,7,5,1,0,-1.0,-1.0,1,0,1,0,0.0,-0.01592835651907231
2979,stimulus,50,6,5,1,1,1.0,1.0,0,nan,nan,nan,0.0,-0.01592835651907231
2980,stimulus,50,1,4,0,0,-1.0,-1.0,1,1,0,0,0.0,-0.01592835651907231
2981,stimulus,50,4,5,1,1,1.0,1.0,0,nan,nan,nan,0.0,-0.01592835651907231
2982,stimulus,50,6,4,0,0,-1.0,-1.0,1,1,0,0,0.0,-0.01592835651907231
2983,stimulus,50,6,5,1,1,1.0,1.0,0,nan,nan,nan,0.0,-0.01592835651907231
2984,stimulus,50,7,4,0,0,-1.0,-1.0,1,1,0,0,0.0,-0.01592835651907231
2985,stimulus,50,1,3,0,0,-1.0,-1.0,1,0,1,0,0.0,-0.01592835651907231
2986,stimulus,50,5,5,1,1,1.0,1.0,0,nan,nan,nan,0.0,-0.01592835651907231
2987,stimulus,50,1,6,1,0,-1.0,-1.0,1,1,0,0,0.0,-0.01592835651907231
2988,stimulus,50,4,3,0,1,1.0,1.0,0,nan,nan,nan,0.0,-0.01592835651907231
2989,stimulus,50,2,4,1,0,-1.0,-1.0,1,1,0,0,0.0,-0.01592835651907231
2990,stimulus,50,6,5,1,1,1.0,1.0,0,nan,nan,nan,0.0,-0.01592835651907231
2991,stimulus,50,3,6,1,0,-1.0,-1.0,1,1,0,0,0.0,-0.01592835651907231
2992,stimulus,50,0,3,0,0,-1.0,-1.0,1,0,1,0,0.0,-0.01592835651907231
2993,stimulus,50,8,5,1,0,-1.0,-1.0,1,0,1,0,0.0,-0.01592835651907231
2994,stimulus,50,3,5,1,0,-1.0,-1.0,1,0,1,0,0.0,-0.01592835651907231
2995,stimulus,50,2,3,0,1,1.0,1.0,0,nan,nan,nan,0.0,-0.01592835651907231
2996,stimulus,50,0,2,0,0,-1.0,-1.0,1,1,0,0,0.0,-0.01592835651907231
2997,stimulus,50,6,3,0,0,-1.0,-1.0,1,0,1,0,0.0,-0.01592835651907231
2998,stimulus,50,6,3,0,0,-1.0,-1.0,1,0,1,0,0.0,-0.01592835651907231
2999,stimulus,50,4,3,0,1,1.0,1.0,0,nan,nan,nan,0.0,-0.01592835651907231
3000,stimulus,50,6,4,1,0,-1.0,-1.0,1,1,0,0,0.0,-0.01592835651907231
