trial,condition,seed,ball,paddle,action,hit,natural_reward,reward_used,rally_ended,completed_rally_length,ace,long_rally,mean_abs_weight_change,mean_weight
1,stimulus,43,4,5,1,1,1.0,1.0,0,nan,nan,nan,0.0,-0.019859859255841144
2,stimulus,43,5,4,0,1,1.0,1.0,0,nan,nan,nan,0.0,-0.019859859255841144
3,stimulus,43,3,3,0,1,1.0,1.0,0,nan,nan,nan,0.0,-0.019859859255841144
4,stimulus,43,0,4,1,0,-1.0,-1.0,1,3,0,1,0.0,-0.019859859255841144
5,stimulus,43,5,3,0,0,-1.0,-1.0,1,0,1,0,9.208706960366613e-05,-0.01976777218623748
6,stimulus,43,0,3,0,0,-1.0,-1.0,1,0,1,0,1.270312469632116e-05,-0.019755069061541158
7,stimulus,43,2,5,1,0,-1.0,-1.0,1,0,1,0,0.0,-0.019755069061541158
8,stimulus,43,7,3,0,0,-1.0,-1.0,1,0,1,0,0.0,-0.019755069061541158
9,stimulus,43,4,5,1,1,1.0,1.0,0,nan,nan,nan,0.0,-0.019755069061541158
10,stimulus,43,5,6,1,1,1.0,1.0,0,nan,nan,nan,0.0,-0.019755069061541158
11,stimulus,43,8,7,1,1,1.0,1.0,0,nan,nan,nan,0.0,-0.019755069061541158
12,stimulus,43,2,8,1,0,-1.0,-1.0,1,3,0,1,6.78236359886405e-05,-0.01968724542555252
13,stimulus,43,7,3,0,0,-1.0,-1.0,1,0,1,0,0.0,-0.01968724542555252
14,stimulus,43,6,3,0,0,-1.0,-1.0,1,0,1,0,0.0,-0.01968724542555252
15,stimulus,43,3,3,0,1,1.0,1.0,0,nan,nan,nan,0.0,-0.01968724542555252
16,stimulus,43,2,2,0,1,1.0,1.0,0,nan,nan,nan,0.0,-0.01968724542555252
17,stimulus,43,2,1,0,1,1.0,1.0,0,nan,nan,nan,0.0,-0.01968724542555252
18,stimulus,43,3,2,1,1,1.0,1.0,0,nan,nan,nan,0.0,-0.01968724542555252
19,stimulus,43,5,3,1,0,-1.0,-1.0,1,4,0,1,0.0,-0.01968724542555252
20,stimulus,43,4,5,1,1,1.0,1.0,0,nan,nan,nan,0.0,-0.01968724542555252
21,stimulus,43,1,4,0,0,-1.0,-1.0,1,1,0,0,1.270312469632116e-05,-0.019674542300856197
22,stimulus,43,8,3,0,0,-1.0,-1.0,1,0,1,0,4.00503168198665e-05,-0.01963449198403633
23,stimulus,43,3,3,0,1,1.0,1.0,0,nan,nan,nan,0.0,-0.01963449198403633
24,stimulus,43,8,2,0,0,-1.0,-1.0,1,1,0,0,0.0,-0.01963449198403633
25,stimulus,43,1,5,1,0,-1.0,-1.0,1,0,1,0,0.0,-0.01963449198403633
26,stimulus,43,2,3,0,1,1.0,1.0,0,nan,nan,nan,0.0,-0.01963449198403633
27,stimulus,43,6,2,0,0,-1.0,-1.0,1,1,0,0,0.0,-0.01963449198403633
28,stimulus,43,2,3,0,1,1.0,1.0,0,nan,nan,nan,0.0,-0.01963449198403633
29,stimulus,43,8,4,1,0,-1.0,-1.0,1,1,0,0,0.0,-0.01963449198403633
30,stimulus,43,3,5,1,0,-1.0,-1.0,1,0,1,0,0.0,-0.01963449198403633
31,stimulus,43,4,5,1,1,1.0,1.0,0,nan,nan,nan,0.0,-0.01963449198403633
32,stimulus,43,0,6,1,0,-1.0,-1.0,1,1,0,0,4.2922233576970936e-05,-0.019591569750459358
33,stimulus,43,3,5,1,0,-1.0,-1.0,1,0,1,0,0.0,-0.019591569750459358
34,stimulus,43,2,5,1,0,-1.0,-1.0,1,0,1,0,0.0,-0.019591569750459358
35,stimulus,43,4,5,1,1,1.0,1.0,0,nan,nan,nan,0.0,-0.019591569750459358
36,stimulus,43,8,6,1,0,-1.0,-1.0,1,1,0,0,0.0,-0.019591569750459358
37,stimulus,43,0,3,0,0,-1.0,-1.0,1,0,1,0,1.270312469632116e-05,-0.019578866625763035
38,stimulus,43,7,3,0,0,-1.0,-1.0,1,0,1,0,0.0,-0.019578866625763035
39,stimulus,43,3,5,1,0,-1.0,-1.0,1,0,1,0,0.0,-0.019578866625763035
40,stimulus,43,4,5,1,1,1.0,1.0,0,nan,nan,nan,0.0,-0.019578866625763035
41,stimulus,43,4,4,0,1,1.0,1.0,0,nan,nan,nan,0.0,-0.019578866625763035
42,stimulus,43,4,3,0,1,1.0,1.0,0,nan,nan,nan,0.0,-0.019578866625763035
43,stimulus,43,7,2,0,0,-1.0,-1.0,1,3,0,1,4.8951643907011484e-05,-0.01952991498185603
44,stimulus,43,8,3,0,0,-1.0,-1.0,1,0,1,0,5.5741937782210915e-05,-0.01947417304407382
45,stimulus,43,8,3,0,0,-1.0,-1.0,1,0,1,0,4.564691316865552e-05,-0.01942852613090516
46,stimulus,43,5,5,1,1,1.0,1.0,0,nan,nan,nan,9.178681307604943e-05,-0.01952031294398121
47,stimulus,43,6,4,0,0,-1.0,-1.0,1,1,0,0,9.208706960366613e-05,-0.019428225874377543
48,stimulus,43,8,3,0,0,-1.0,-1.0,1,0,1,0,4.564691316865552e-05,-0.019382578961208888
49,stimulus,43,8,3,0,0,-1.0,-1.0,1,0,1,0,5.814900685721708e-05,-0.01932442995435167
50,stimulus,43,8,3,0,0,-1.0,-1.0,1,0,1,0,2.47848906668625e-05,-0.019299645063684808
51,stimulus,43,0,3,0,0,-1.0,-1.0,1,0,1,0,2.8297562925380047e-05,-0.019271347500759428
52,stimulus,43,0,3,0,0,-1.0,-1.0,1,0,1,0,4.00503168198665e-05,-0.01923129718393956
53,stimulus,43,5,3,0,0,-1.0,-1.0,1,0,1,0,9.178681307604943e-05,-0.019139510370863512
54,stimulus,43,1,5,1,0,-1.0,-1.0,1,0,1,0,0.0,-0.019139510370863512
55,stimulus,43,7,5,1,0,-1.0,-1.0,1,0,1,0,0.0,-0.019139510370863512
56,stimulus,43,6,5,1,1,1.0,1.0,0,nan,nan,nan,0.0,-0.019139510370863512
57,stimulus,43,1,4,0,0,-1.0,-1.0,1,1,0,0,4.8951643907011484e-05,-0.019090558726956502
58,stimulus,43,1,5,1,0,-1.0,-1.0,1,0,1,0,0.0,-0.019090558726956502
59,stimulus,43,0,3,0,0,-1.0,-1.0,1,0,1,0,5.5741937782210915e-05,-0.01903481678917429
60,stimulus,43,3,5,1,0,-1.0,-1.0,1,0,1,0,0.0,-0.01903481678917429
61,stimulus,43,7,5,1,0,-1.0,-1.0,1,0,1,0,0.0,-0.01903481678917429
62,stimulus,43,2,3,0,1,1.0,1.0,0,nan,nan,nan,0.0,-0.01903481678917429
63,stimulus,43,6,4,1,0,-1.0,-1.0,1,1,0,0,0.0,-0.01903481678917429
64,stimulus,43,4,3,0,1,1.0,1.0,0,nan,nan,nan,0.0,-0.01903481678917429
65,stimulus,43,5,2,0,0,-1.0,-1.0,1,1,0,0,0.0,-0.01903481678917429
66,stimulus,43,0,3,0,0,-1.0,-1.0,1,0,1,0,2.8379500337482363e-05,-0.01900643728883681
67,stimulus,43,6,3,0,0,-1.0,-1.0,1,0,1,0,0.0,-0.01900643728883681
68,stimulus,43,4,5,1,1,1.0,1.0,0,nan,nan,nan,0.0,-0.01900643728883681
69,stimulus,43,1,4,0,0,-1.0,-1.0,1,1,0,0,4.564691316865552e-05,-0.01896079037566815
70,stimulus,43,4,3,0,1,1.0,1.0,0,nan,nan,nan,0.0,-0.01896079037566815
71,stimulus,43,5,2,0,0,-1.0,-1.0,1,1,0,0,0.0,-0.01896079037566815
72,stimulus,43,1,5,1,0,-1.0,-1.0,1,0,1,0,0.0,-0.01896079037566815
73,stimulus,43,4,5,1,1,1.0,1.0,0,nan,nan,nan,0.0,-0.01896079037566815
74,stimulus,43,3,4,0,1,1.0,1.0,0,nan,nan,nan,0.0,-0.01896079037566815
75,stimulus,43,6,3,0,0,-1.0,-1.0,1,2,0,0,0.0,-0.01896079037566815
76,stimulus,43,4,3,0,1,1.0,1.0,0,nan,nan,nan,0.0,-0.01896079037566815
77,stimulus,43,0,2,0,0,-1.0,-1.0,1,1,0,0,0.0,-0.01896079037566815
78,stimulus,43,2,5,1,0,-1.0,-1.0,1,0,1,0,0.0,-0.01896079037566815
79,stimulus,43,5,3,0,0,-1.0,-1.0,1,0,1,0,9.178681307604943e-05,-0.0188690035625921
80,stimulus,43,3,5,1,0,-1.0,-1.0,1,0,1,0,0.0,-0.0188690035625921
81,stimulus,43,2,3,0,1,1.0,1.0,0,nan,nan,nan,0.0,-0.0188690035625921
82,stimulus,43,3,4,1,1,1.0,1.0,0,nan,nan,nan,0.0,-0.0188690035625921
83,stimulus,43,2,5,1,0,-1.0,-1.0,1,2,0,0,0.0,-0.0188690035625921
84,stimulus,43,0,3,0,0,-1.0,-1.0,1,0,1,0,4.564691316865552e-05,-0.018823356649423445
85,stimulus,43,6,5,1,1,1.0,1.0,0,nan,nan,nan,0.0,-0.018823356649423445
86,stimulus,43,5,6,1,1,1.0,1.0,0,nan,nan,nan,0.0,-0.018823356649423445
87,stimulus,43,4,5,0,1,1.0,1.0,0,nan,nan,nan,0.0,-0.018823356649423445
88,stimulus,43,0,6,1,0,-1.0,-1.0,1,3,0,1,4.2922233576970936e-05,-0.018780434415846474
89,stimulus,43,6,3,0,0,-1.0,-1.0,1,0,1,0,0.0,-0.018780434415846474
90,stimulus,43,5,3,0,0,-1.0,-1.0,1,0,1,0,9.76720350921151e-05,-0.01868276238075436
91,stimulus,43,7,3,0,0,-1.0,-1.0,1,0,1,0,0.0,-0.01868276238075436
92,stimulus,43,0,3,0,0,-1.0,-1.0,1,0,1,0,5.814900685721708e-05,-0.01862461337389714
93,stimulus,43,2,3,0,1,1.0,1.0,0,nan,nan,nan,0.0,-0.01862461337389714
94,stimulus,43,4,2,0,0,-1.0,-1.0,1,1,0,0,9.76720350921151e-05,-0.018526941338805024
95,stimulus,43,1,5,1,0,-1.0,-1.0,1,0,1,0,0.0,-0.018526941338805024
96,stimulus,43,7,5,1,0,-1.0,-1.0,1,0,1,0,0.0,-0.018526941338805024
97,stimulus,43,2,5,1,0,-1.0,-1.0,1,0,1,0,0.0,-0.018526941338805024
98,stimulus,43,2,5,1,0,-1.0,-1.0,1,0,1,0,0.0,-0.018526941338805024
99,stimulus,43,3,3,0,1,1.0,1.0,0,nan,nan,nan,0.0,-0.018526941338805024
100,stimulus,43,0,4,1,0,-1.0,-1.0,1,1,0,0,0.0,-0.018526941338805024
101,stimulus,43,1,3,0,0,-1.0,-1.0,1,0,1,0,0.0,-0.018526941338805024
102,stimulus,43,2,5,1,0,-1.0,-1.0,1,0,1,0,0.0,-0.018526941338805024
103,stimulus,43,1,3,0,0,-1.0,-1.0,1,0,1,0,0.0,-0.018526941338805024
104,stimulus,43,3,3,0,1,1.0,1.0,0,nan,nan,nan,0.0,-0.018526941338805024
105,stimulus,43,5,4,1,1,1.0,1.0,0,nan,nan,nan,0.0,-0.018526941338805024
106,stimulus,43,5,3,0,0,-1.0,-1.0,1,2,0,0,9.76720350921151e-05,-0.018429269303712914
107,stimulus,43,7,3,0,0,-1.0,-1.0,1,0,1,0,0.0,-0.018429269303712914
108,stimulus,43,1,5,1,0,-1.0,-1.0,1,0,1,0,0.0,-0.018429269303712914
109,stimulus,43,5,3,0,0,-1.0,-1.0,1,0,1,0,0.00011192610341451545,-0.018317343200298396
110,stimulus,43,0,3,0,0,-1.0,-1.0,1,0,1,0,2.47848906668625e-05,-0.018292558309631536
111,stimulus,43,0,3,0,0,-1.0,-1.0,1,0,1,0,4.95617739818296e-05,-0.018242996535649703
112,stimulus,43,7,5,1,0,-1.0,-1.0,1,0,1,0,0.0,-0.018242996535649703
113,stimulus,43,3,3,0,1,1.0,1.0,0,nan,nan,nan,0.0,-0.018242996535649703
114,stimulus,43,4,2,0,0,-1.0,-1.0,1,1,0,0,0.00011192610341451545,-0.018131070432235188
115,stimulus,43,7,3,0,0,-1.0,-1.0,1,0,1,0,0.0,-0.018131070432235188
116,stimulus,43,5,3,0,0,-1.0,-1.0,1,0,1,0,0.00011192610341451545,-0.018019144328820673
117,stimulus,43,6,5,1,1,1.0,1.0,0,nan,nan,nan,0.0,-0.018019144328820673
118,stimulus,43,7,6,1,1,1.0,1.0,0,nan,nan,nan,0.0,-0.018019144328820673
119,stimulus,43,5,7,1,0,-1.0,-1.0,1,2,0,0,0.0,-0.018019144328820673
120,stimulus,43,6,5,1,1,1.0,1.0,0,nan,nan,nan,0.0,-0.018019144328820673
121,stimulus,43,1,4,0,0,-1.0,-1.0,1,1,0,0,4.95617739818296e-05,-0.017969582554838843
122,stimulus,43,7,5,1,0,-1.0,-1.0,1,0,1,0,0.0,-0.017969582554838843
123,stimulus,43,3,5,1,0,-1.0,-1.0,1,0,1,0,0.0,-0.017969582554838843
124,stimulus,43,2,3,0,1,1.0,1.0,0,nan,nan,nan,0.0,-0.017969582554838843
125,stimulus,43,1,4,1,0,-1.0,-1.0,1,1,0,0,0.0,-0.017969582554838843
126,stimulus,43,1,3,0,0,-1.0,-1.0,1,0,1,0,0.0,-0.017969582554838843
127,stimulus,43,1,3,0,0,-1.0,-1.0,1,0,1,0,0.0,-0.017969582554838843
128,stimulus,43,0,3,0,0,-1.0,-1.0,1,0,1,0,6.669902694364417e-05,-0.0179028835278952
129,stimulus,43,2,5,1,0,-1.0,-1.0,1,0,1,0,0.0,-0.0179028835278952
130,stimulus,43,3,5,1,0,-1.0,-1.0,1,0,1,0,0.0,-0.0179028835278952
131,stimulus,43,8,3,0,0,-1.0,-1.0,1,0,1,0,4.95617739818296e-05,-0.01785332175391337
132,stimulus,43,5,3,0,0,-1.0,-1.0,1,0,1,0,0.00013460757081971842,-0.01771871418309365
133,stimulus,43,6,3,0,0,-1.0,-1.0,1,0,1,0,0.0,-0.01771871418309365
134,stimulus,43,5,3,0,0,-1.0,-1.0,1,0,1,0,0.00013460757081971842,-0.01758410661227393
135,stimulus,43,7,3,0,0,-1.0,-1.0,1,0,1,0,0.0,-0.01758410661227393
136,stimulus,43,7,3,0,0,-1.0,-1.0,1,0,1,0,0.0,-0.01758410661227393
137,stimulus,43,8,3,0,0,-1.0,-1.0,1,0,1,0,4.95617739818296e-05,-0.017534544838292105
138,stimulus,43,7,5,1,0,-1.0,-1.0,1,0,1,0,0.0,-0.017534544838292105
139,stimulus,43,6,5,1,1,1.0,1.0,0,nan,nan,nan,0.0,-0.017534544838292105
140,stimulus,43,4,4,0,1,1.0,1.0,0,nan,nan,nan,0.0,-0.017534544838292105
141,stimulus,43,1,3,0,0,-1.0,-1.0,1,2,0,0,0.0,-0.017534544838292105
142,stimulus,43,1,5,1,0,-1.0,-1.0,1,0,1,0,0.0,-0.017534544838292105
143,stimulus,43,8,3,0,0,-1.0,-1.0,1,0,1,0,6.669902694364417e-05,-0.01746784581134846
144,stimulus,43,4,5,1,1,1.0,1.0,0,nan,nan,nan,0.0,-0.01746784581134846
145,stimulus,43,7,6,1,1,1.0,1.0,0,nan,nan,nan,0.0,-0.01746784581134846
146,stimulus,43,8,5,0,0,-1.0,-1.0,1,2,0,0,0.0,-0.01746784581134846
147,stimulus,43,0,3,0,0,-1.0,-1.0,1,0,1,0,4.1393299386477525e-05,-0.017426452511961982
148,stimulus,43,7,3,0,0,-1.0,-1.0,1,0,1,0,0.0,-0.017426452511961982
149,stimulus,43,2,3,0,1,1.0,1.0,0,nan,nan,nan,0.0,-0.017426452511961982
150,stimulus,43,6,2,0,0,-1.0,-1.0,1,1,0,0,0.0,-0.017426452511961982
151,stimulus,43,4,5,1,1,1.0,1.0,0,nan,nan,nan,0.0,-0.017426452511961982
152,stimulus,43,5,4,0,1,1.0,1.0,0,nan,nan,nan,0.0,-0.017426452511961982
153,stimulus,43,4,5,1,1,1.0,1.0,0,nan,nan,nan,0.0,-0.017426452511961982
154,stimulus,43,7,6,1,1,1.0,1.0,0,nan,nan,nan,0.0,-0.017426452511961982
155,stimulus,43,8,7,1,1,1.0,1.0,0,nan,nan,nan,0.0,-0.017426452511961982
156,stimulus,43,6,6,0,1,1.0,1.0,0,nan,nan,nan,0.0,-0.017426452511961982
157,stimulus,43,3,5,0,0,-1.0,-1.0,1,6,0,1,0.0,-0.017426452511961982
158,stimulus,43,5,3,0,0,-1.0,-1.0,1,0,1,0,0.00013460757081971842,-0.017291844941142265
159,stimulus,43,1,3,0,0,-1.0,-1.0,1,0,1,0,0.0,-0.017291844941142265
160,stimulus,43,3,5,1,0,-1.0,-1.0,1,0,1,0,0.0,-0.017291844941142265
161,stimulus,43,6,3,0,0,-1.0,-1.0,1,0,1,0,0.0,-0.017291844941142265
162,stimulus,43,3,3,0,1,1.0,1.0,0,nan,nan,nan,0.0,-0.017291844941142265
163,stimulus,43,8,4,1,0,-1.0,-1.0,1,1,0,0,0.0,-0.017291844941142265
164,stimulus,43,4,3,0,1,1.0,1.0,0,nan,nan,nan,0.0,-0.017291844941142265
165,stimulus,43,7,2,0,0,-1.0,-1.0,1,1,0,0,4.1393299386477525e-05,-0.017250451641755787
166,stimulus,43,7,3,0,0,-1.0,-1.0,1,0,1,0,0.0,-0.017250451641755787
167,stimulus,43,2,3,0,1,1.0,1.0,0,nan,nan,nan,0.0,-0.017250451641755787
168,stimulus,43,5,4,1,1,1.0,1.0,0,nan,nan,nan,0.0,-0.017250451641755787
169,stimulus,43,8,3,0,0,-1.0,-1.0,1,2,0,0,4.1393299386477525e-05,-0.01720905834236931
170,stimulus,43,7,3,0,0,-1.0,-1.0,1,0,1,0,0.0,-0.01720905834236931
171,stimulus,43,4,3,0,1,1.0,1.0,0,nan,nan,nan,0.0,-0.01720905834236931
172,stimulus,43,4,2,0,0,-1.0,-1.0,1,1,0,0,0.00012640130812300882,-0.0170826570342463
173,stimulus,43,7,5,1,0,-1.0,-1.0,1,0,1,0,0.0,-0.0170826570342463
174,stimulus,43,4,3,0,1,1.0,1.0,0,nan,nan,nan,0.0,-0.0170826570342463
175,stimulus,43,4,2,0,0,-1.0,-1.0,1,1,0,0,0.00012640130812300882,-0.016956255726123293
176,stimulus,43,6,5,1,1,1.0,1.0,0,nan,nan,nan,0.0,-0.016956255726123293
177,stimulus,43,8,4,0,0,-1.0,-1.0,1,1,0,0,0.0,-0.016956255726123293
178,stimulus,43,6,5,1,1,1.0,1.0,0,nan,nan,nan,0.0,-0.016956255726123293
179,stimulus,43,4,6,1,0,-1.0,-1.0,1,1,0,0,0.0,-0.016956255726123293
180,stimulus,43,1,3,0,0,-1.0,-1.0,1,0,1,0,0.0,-0.016956255726123293
181,stimulus,43,2,3,0,1,1.0,1.0,0,nan,nan,nan,0.0,-0.016956255726123293
182,stimulus,43,8,2,0,0,-1.0,-1.0,1,1,0,0,0.0,-0.016956255726123293
183,stimulus,43,7,5,1,0,-1.0,-1.0,1,0,1,0,0.0,-0.016956255726123293
184,stimulus,43,2,3,0,1,1.0,1.0,0,nan,nan,nan,0.0,-0.016956255726123293
185,stimulus,43,3,4,1,1,1.0,1.0,0,nan,nan,nan,0.0,-0.016956255726123293
186,stimulus,43,5,3,0,0,-1.0,-1.0,1,2,0,0,0.00012640130812300882,-0.016829854418000285
187,stimulus,43,5,3,0,0,-1.0,-1.0,1,0,1,0,0.00012640130812300882,-0.016703453109877274
188,stimulus,43,3,3,0,1,1.0,1.0,0,nan,nan,nan,0.0,-0.016703453109877274
189,stimulus,43,6,4,1,0,-1.0,-1.0,1,1,0,0,0.0,-0.016703453109877274
190,stimulus,43,2,3,0,1,1.0,1.0,0,nan,nan,nan,0.0,-0.016703453109877274
191,stimulus,43,8,4,1,0,-1.0,-1.0,1,1,0,0,0.0,-0.016703453109877274
192,stimulus,43,8,3,0,0,-1.0,-1.0,1,0,1,0,6.78236359886405e-05,-0.016635629473888632
193,stimulus,43,2,5,1,0,-1.0,-1.0,1,0,1,0,0.0,-0.016635629473888632
194,stimulus,43,6,5,1,1,1.0,1.0,0,nan,nan,nan,0.0,-0.016635629473888632
195,stimulus,43,4,4,0,1,1.0,1.0,0,nan,nan,nan,0.0,-0.016635629473888632
196,stimulus,43,2,5,1,0,-1.0,-1.0,1,2,0,0,0.0,-0.016635629473888632
197,stimulus,43,5,3,0,0,-1.0,-1.0,1,0,1,0,0.00013254880891139673,-0.016503080664977236
198,stimulus,43,6,3,0,0,-1.0,-1.0,1,0,1,0,0.0,-0.016503080664977236
199,stimulus,43,4,5,1,1,1.0,1.0,0,nan,nan,nan,0.0,-0.016503080664977236
200,stimulus,43,6,6,1,1,1.0,1.0,0,nan,nan,nan,0.00013254880891139673,-0.016635629473888632
201,stimulus,43,8,7,1,1,1.0,1.0,0,nan,nan,nan,0.0,-0.016635629473888632
202,stimulus,43,3,8,1,0,-1.0,-1.0,1,3,0,1,4.1393299386477525e-05,-0.016594236174502154
203,stimulus,43,3,5,1,0,-1.0,-1.0,1,0,1,0,0.0,-0.016594236174502154
204,stimulus,43,8,3,0,0,-1.0,-1.0,1,0,1,0,6.78236359886405e-05,-0.016526412538513516
205,stimulus,43,7,5,1,0,-1.0,-1.0,1,0,1,0,0.0,-0.016526412538513516
206,stimulus,43,8,3,0,0,-1.0,-1.0,1,0,1,0,4.2922233576970936e-05,-0.016483490304936545
207,stimulus,43,6,5,1,1,1.0,1.0,0,nan,nan,nan,0.0,-0.016483490304936545
208,stimulus,43,2,4,0,0,-1.0,-1.0,1,1,0,0,0.0,-0.016483490304936545
209,stimulus,43,5,3,0,0,-1.0,-1.0,1,0,1,0,0.00013254880891139673,-0.01635094149602515
210,stimulus,43,6,3,0,0,-1.0,-1.0,1,0,1,0,0.0,-0.01635094149602515
211,stimulus,43,3,3,0,1,1.0,1.0,0,nan,nan,nan,0.0,-0.01635094149602515
212,stimulus,43,1,2,0,1,1.0,1.0,0,nan,nan,nan,0.0,-0.01635094149602515
213,stimulus,43,6,1,0,0,-1.0,-1.0,1,2,0,0,4.2922233576970936e-05,-0.016308019262448174
214,stimulus,43,1,5,1,0,-1.0,-1.0,1,0,1,0,0.0,-0.016308019262448174
215,stimulus,43,8,3,0,0,-1.0,-1.0,1,0,1,0,7.634818384295924e-05,-0.016231671078605216
216,stimulus,43,6,5,1,1,1.0,1.0,0,nan,nan,nan,0.0,-0.016231671078605216
217,stimulus,43,7,4,0,0,-1.0,-1.0,1,1,0,0,0.0,-0.016231671078605216
218,stimulus,43,8,3,0,0,-1.0,-1.0,1,0,1,0,7.634818384295924e-05,-0.016155322894762257
219,stimulus,43,8,3,0,0,-1.0,-1.0,1,0,1,0,6.03638672106786e-05,-0.01609495902755158
220,stimulus,43,4,5,1,1,1.0,1.0,0,nan,nan,nan,0.0,-0.01609495902755158
221,stimulus,43,3,6,1,0,-1.0,-1.0,1,1,0,0,0.0,-0.01609495902755158
222,stimulus,43,2,5,1,0,-1.0,-1.0,1,0,1,0,0.0,-0.01609495902755158
223,stimulus,43,6,5,1,1,1.0,1.0,0,nan,nan,nan,0.0,-0.01609495902755158
224,stimulus,43,2,6,1,0,-1.0,-1.0,1,1,0,0,0.0,-0.01609495902755158
225,stimulus,43,6,3,0,0,-1.0,-1.0,1,0,1,0,0.0,-0.01609495902755158
226,stimulus,43,4,3,0,1,1.0,1.0,0,nan,nan,nan,0.0,-0.01609495902755158
227,stimulus,43,2,2,0,1,1.0,1.0,0,nan,nan,nan,0.0,-0.01609495902755158
228,stimulus,43,5,1,0,0,-1.0,-1.0,1,2,0,0,0.0,-0.01609495902755158
229,stimulus,43,1,3,0,0,-1.0,-1.0,1,0,1,0,0.0,-0.01609495902755158
230,stimulus,43,8,3,0,0,-1.0,-1.0,1,0,1,0,6.03638672106786e-05,-0.016034595160340902
231,stimulus,43,2,3,0,1,1.0,1.0,0,nan,nan,nan,0.0,-0.016034595160340902
232,stimulus,43,6,2,0,0,-1.0,-1.0,1,1,0,0,0.0,-0.016034595160340902
233,stimulus,43,5,5,1,1,1.0,1.0,0,nan,nan,nan,0.00013254880891139673,-0.0161671439692523
234,stimulus,43,7,4,0,0,-1.0,-1.0,1,1,0,0,0.0,-0.0161671439692523
235,stimulus,43,6,3,0,0,-1.0,-1.0,1,0,1,0,0.0,-0.0161671439692523
236,stimulus,43,6,3,0,0,-1.0,-1.0,1,0,1,0,0.0,-0.0161671439692523
237,stimulus,43,4,3,0,1,1.0,1.0,0,nan,nan,nan,0.0,-0.0161671439692523
238,stimulus,43,3,4,1,1,1.0,1.0,0,nan,nan,nan,0.0,-0.0161671439692523
239,stimulus,43,0,3,0,0,-1.0,-1.0,1,2,0,0,6.78236359886405e-05,-0.016099320333263657
240,stimulus,43,8,3,0,0,-1.0,-1.0,1,0,1,0,9.515770082063913e-05,-0.01600416263244302
241,stimulus,43,4,5,1,1,1.0,1.0,0,nan,nan,nan,0.0,-0.01600416263244302
242,stimulus,43,5,6,1,1,1.0,1.0,0,nan,nan,nan,0.0,-0.01600416263244302
243,stimulus,43,8,7,1,1,1.0,1.0,0,nan,nan,nan,0.0,-0.01600416263244302
244,stimulus,43,4,8,1,0,-1.0,-1.0,1,3,0,1,0.0,-0.01600416263244302
245,stimulus,43,0,3,0,0,-1.0,-1.0,1,0,1,0,6.78236359886405e-05,-0.01593633899645438
246,stimulus,43,6,5,1,1,1.0,1.0,0,nan,nan,nan,0.0,-0.01593633899645438
247,stimulus,43,1,4,0,0,-1.0,-1.0,1,1,0,0,4.2922233576970936e-05,-0.015893416762877408
248,stimulus,43,6,3,0,0,-1.0,-1.0,1,0,1,0,0.0,-0.015893416762877408
249,stimulus,43,6,3,0,0,-1.0,-1.0,1,0,1,0,0.0,-0.015893416762877408
250,stimulus,43,5,3,0,0,-1.0,-1.0,1,0,1,0,0.00013254880891139673,-0.01576086795396601
251,stimulus,43,3,5,1,0,-1.0,-1.0,1,0,1,0,0.0,-0.01576086795396601
252,stimulus,43,4,5,1,1,1.0,1.0,0,nan,nan,nan,0.0,-0.01576086795396601
253,stimulus,43,1,4,0,0,-1.0,-1.0,1,1,0,0,4.2922233576970936e-05,-0.01571794572038904
254,stimulus,43,8,3,0,0,-1.0,-1.0,1,0,1,0,9.515770082063913e-05,-0.015622788019568401
255,stimulus,43,2,3,0,1,1.0,1.0,0,nan,nan,nan,0.0,-0.015622788019568401
256,stimulus,43,4,2,0,0,-1.0,-1.0,1,1,0,0,0.00013254880891139673,-0.015490239210657003
257,stimulus,43,0,3,0,0,-1.0,-1.0,1,0,1,0,7.634818384295924e-05,-0.015413891026814045
258,stimulus,43,4,5,1,1,1.0,1.0,0,nan,nan,nan,0.0,-0.015413891026814045
259,stimulus,43,8,4,0,0,-1.0,-1.0,1,1,0,0,0.0,-0.015413891026814045
260,stimulus,43,8,3,0,0,-1.0,-1.0,1,0,1,0,9.208706960366613e-05,-0.015321803957210379
261,stimulus,43,5,3,0,0,-1.0,-1.0,1,0,1,0,0.00013254880891139673,-0.01518925514829898
262,stimulus,43,8,3,0,0,-1.0,-1.0,1,0,1,0,9.208706960366613e-05,-0.015097168078695317
263,stimulus,43,0,3,0,0,-1.0,-1.0,1,0,1,0,7.634818384295924e-05,-0.015020819894852355
264,stimulus,43,5,3,0,0,-1.0,-1.0,1,0,1,0,0.00013254880891139673,-0.01488827108594096
265,stimulus,43,7,3,0,0,-1.0,-1.0,1,0,1,0,0.0,-0.01488827108594096
266,stimulus,43,3,3,0,1,1.0,1.0,0,nan,nan,nan,0.0,-0.01488827108594096
267,stimulus,43,4,2,0,0,-1.0,-1.0,1,1,0,0,0.00013254880891139673,-0.014755722277029565
268,stimulus,43,1,5,1,0,-1.0,-1.0,1,0,1,0,0.0,-0.014755722277029565
269,stimulus,43,4,5,1,1,1.0,1.0,0,nan,nan,nan,0.0,-0.014755722277029565
270,stimulus,43,0,6,1,0,-1.0,-1.0,1,1,0,0,4.2922233576970936e-05,-0.014712800043452592
271,stimulus,43,7,5,1,0,-1.0,-1.0,1,0,1,0,0.0,-0.014712800043452592
272,stimulus,43,2,3,0,1,1.0,1.0,0,nan,nan,nan,0.0,-0.014712800043452592
273,stimulus,43,2,4,1,0,-1.0,-1.0,1,1,0,0,0.0,-0.014712800043452592
274,stimulus,43,0,3,0,0,-1.0,-1.0,1,0,1,0,6.03638672106786e-05,-0.014652436176241911
275,stimulus,43,0,3,0,0,-1.0,-1.0,1,0,1,0,6.03638672106786e-05,-0.014592072309031234
276,stimulus,43,7,5,1,0,-1.0,-1.0,1,0,1,0,0.0,-0.014592072309031234
277,stimulus,43,3,3,0,1,1.0,1.0,0,nan,nan,nan,0.0,-0.014592072309031234
278,stimulus,43,2,2,0,1,1.0,1.0,0,nan,nan,nan,0.0,-0.014592072309031234
279,stimulus,43,8,3,1,0,-1.0,-1.0,1,2,0,0,0.0,-0.014592072309031234
280,stimulus,43,1,3,0,0,-1.0,-1.0,1,0,1,0,0.0,-0.014592072309031234
281,stimulus,43,0,3,0,0,-1.0,-1.0,1,0,1,0,9.515770082063913e-05,-0.014496914608210598
282,stimulus,43,4,5,1,1,1.0,1.0,0,nan,nan,nan,0.0,-0.014496914608210598
283,stimulus,43,0,4,0,0,-1.0,-1.0,1,1,0,0,7.634818384295924e-05,-0.014420566424367637
284,stimulus,43,5,3,0,0,-1.0,-1.0,1,0,1,0,0.00016403014906133027,-0.014256536275306306
285,stimulus,43,1,5,1,0,-1.0,-1.0,1,0,1,0,0.0,-0.014256536275306306
286,stimulus,43,0,3,0,0,-1.0,-1.0,1,0,1,0,9.515770082063913e-05,-0.014161378574485666
287,stimulus,43,8,3,0,0,-1.0,-1.0,1,0,1,0,9.178681307604943e-05,-0.014069591761409617
288,stimulus,43,1,5,1,0,-1.0,-1.0,1,0,1,0,0.0,-0.014069591761409617
289,stimulus,43,4,5,1,1,1.0,1.0,0,nan,nan,nan,0.0,-0.014069591761409617
290,stimulus,43,8,6,1,0,-1.0,-1.0,1,1,0,0,0.0,-0.014069591761409617
291,stimulus,43,8,5,1,0,-1.0,-1.0,1,0,1,0,9.178681307604943e-05,-0.013977804948333566
292,stimulus,43,5,3,0,0,-1.0,-1.0,1,0,1,0,0.00016403014906133027,-0.013813774799272238
293,stimulus,43,7,5,1,0,-1.0,-1.0,1,0,1,0,0.0,-0.013813774799272238
294,stimulus,43,8,3,0,0,-1.0,-1.0,1,0,1,0,9.178681307604943e-05,-0.013721987986196189
295,stimulus,43,6,3,0,0,-1.0,-1.0,1,0,1,0,0.0,-0.013721987986196189
296,stimulus,43,1,3,0,0,-1.0,-1.0,1,0,1,0,0.0,-0.013721987986196189
297,stimulus,43,2,5,1,0,-1.0,-1.0,1,0,1,0,0.0,-0.013721987986196189
298,stimulus,43,7,5,1,0,-1.0,-1.0,1,0,1,0,0.0,-0.013721987986196189
299,stimulus,43,8,3,0,0,-1.0,-1.0,1,0,1,0,9.76720350921151e-05,-0.013624315951104074
300,stimulus,43,1,5,1,0,-1.0,-1.0,1,0,1,0,0.0,-0.013624315951104074
301,stimulus,43,7,3,0,0,-1.0,-1.0,1,0,1,0,0.0,-0.013624315951104074
302,stimulus,43,5,3,0,0,-1.0,-1.0,1,0,1,0,0.00016403014906133027,-0.013460285802042744
303,stimulus,43,2,5,1,0,-1.0,-1.0,1,0,1,0,0.0,-0.013460285802042744
304,stimulus,43,7,3,0,0,-1.0,-1.0,1,0,1,0,0.0,-0.013460285802042744
305,stimulus,43,0,3,0,0,-1.0,-1.0,1,0,1,0,9.208706960366613e-05,-0.013368198732439076
306,stimulus,43,1,5,1,0,-1.0,-1.0,1,0,1,0,0.0,-0.013368198732439076
307,stimulus,43,6,5,1,1,1.0,1.0,0,nan,nan,nan,0.0,-0.013368198732439076
308,stimulus,43,0,6,1,0,-1.0,-1.0,1,1,0,0,7.634818384295924e-05,-0.013291850548596117
309,stimulus,43,7,5,1,0,-1.0,-1.0,1,0,1,0,0.0,-0.013291850548596117
310,stimulus,43,5,3,0,0,-1.0,-1.0,1,0,1,0,0.00016403014906133027,-0.013127820399534789
311,stimulus,43,5,3,0,0,-1.0,-1.0,1,0,1,0,0.00016403014906133027,-0.012963790250473459
312,stimulus,43,4,3,0,1,1.0,1.0,0,nan,nan,nan,0.0,-0.012963790250473459
313,stimulus,43,3,2,0,1,1.0,1.0,0,nan,nan,nan,0.0,-0.012963790250473459
314,stimulus,43,4,1,0,0,-1.0,-1.0,1,2,0,0,0.0,-0.012963790250473459
315,stimulus,43,8,3,0,0,-1.0,-1.0,1,0,1,0,9.76720350921151e-05,-0.012866118215381344
316,stimulus,43,6,3,0,0,-1.0,-1.0,1,0,1,0,0.0,-0.012866118215381344
317,stimulus,43,7,5,1,0,-1.0,-1.0,1,0,1,0,0.0,-0.012866118215381344
318,stimulus,43,7,5,1,0,-1.0,-1.0,1,0,1,0,0.0,-0.012866118215381344
319,stimulus,43,7,5,1,0,-1.0,-1.0,1,0,1,0,0.0,-0.012866118215381344
320,stimulus,43,5,3,0,0,-1.0,-1.0,1,0,1,0,0.00017713899962048241,-0.01268897921576086
321,stimulus,43,7,5,1,0,-1.0,-1.0,1,0,1,0,0.0,-0.01268897921576086
322,stimulus,43,7,5,1,0,-1.0,-1.0,1,0,1,0,0.0,-0.01268897921576086
323,stimulus,43,3,3,0,1,1.0,1.0,0,nan,nan,nan,0.0,-0.01268897921576086
324,stimulus,43,8,2,0,0,-1.0,-1.0,1,1,0,0,0.0,-0.01268897921576086
325,stimulus,43,1,3,0,0,-1.0,-1.0,1,0,1,0,0.0,-0.01268897921576086
326,stimulus,43,8,3,0,0,-1.0,-1.0,1,0,1,0,0.00011192610341451545,-0.012577053112346345
327,stimulus,43,0,3,0,0,-1.0,-1.0,1,0,1,0,9.208706960366613e-05,-0.01248496604274268
328,stimulus,43,3,3,0,1,1.0,1.0,0,nan,nan,nan,0.0,-0.01248496604274268
329,stimulus,43,6,2,0,0,-1.0,-1.0,1,1,0,0,0.0,-0.01248496604274268
330,stimulus,43,2,3,0,1,1.0,1.0,0,nan,nan,nan,0.0,-0.01248496604274268
331,stimulus,43,1,4,1,0,-1.0,-1.0,1,1,0,0,0.0,-0.01248496604274268
332,stimulus,43,7,3,0,0,-1.0,-1.0,1,0,1,0,0.0,-0.01248496604274268
333,stimulus,43,8,3,0,0,-1.0,-1.0,1,0,1,0,0.00011192610341451545,-0.012373039939328163
334,stimulus,43,2,5,1,0,-1.0,-1.0,1,0,1,0,0.0,-0.012373039939328163
335,stimulus,43,2,5,1,0,-1.0,-1.0,1,0,1,0,0.0,-0.012373039939328163
336,stimulus,43,7,5,1,0,-1.0,-1.0,1,0,1,0,0.0,-0.012373039939328163
337,stimulus,43,6,5,1,1,1.0,1.0,0,nan,nan,nan,0.0,-0.012373039939328163
338,stimulus,43,1,4,0,0,-1.0,-1.0,1,1,0,0,9.178681307604943e-05,-0.012281253126252115
339,stimulus,43,1,5,1,0,-1.0,-1.0,1,0,1,0,0.0,-0.012281253126252115
340,stimulus,43,1,3,0,0,-1.0,-1.0,1,0,1,0,0.0,-0.012281253126252115
341,stimulus,43,0,3,0,0,-1.0,-1.0,1,0,1,0,9.178681307604943e-05,-0.012189466313176064
342,stimulus,43,3,5,1,0,-1.0,-1.0,1,0,1,0,0.0,-0.012189466313176064
343,stimulus,43,8,3,0,0,-1.0,-1.0,1,0,1,0,0.00011192610341451545,-0.01207754020976155
344,stimulus,43,3,5,1,0,-1.0,-1.0,1,0,1,0,0.0,-0.01207754020976155
345,stimulus,43,1,3,0,0,-1.0,-1.0,1,0,1,0,0.0,-0.01207754020976155
346,stimulus,43,0,3,0,0,-1.0,-1.0,1,0,1,0,9.178681307604943e-05,-0.0119857533966855
347,stimulus,43,6,3,0,0,-1.0,-1.0,1,0,1,0,0.0,-0.0119857533966855
348,stimulus,43,8,3,0,0,-1.0,-1.0,1,0,1,0,0.00013460757081971842,-0.011851145825865782
349,stimulus,43,1,5,1,0,-1.0,-1.0,1,0,1,0,0.0,-0.011851145825865782
350,stimulus,43,2,3,0,1,1.0,1.0,0,nan,nan,nan,0.0,-0.011851145825865782
351,stimulus,43,2,4,1,0,-1.0,-1.0,1,1,0,0,0.0,-0.011851145825865782
352,stimulus,43,1,5,1,0,-1.0,-1.0,1,0,1,0,0.0,-0.011851145825865782
353,stimulus,43,1,5,1,0,-1.0,-1.0,1,0,1,0,0.0,-0.011851145825865782
354,stimulus,43,2,3,0,1,1.0,1.0,0,nan,nan,nan,0.0,-0.011851145825865782
355,stimulus,43,3,2,0,1,1.0,1.0,0,nan,nan,nan,0.0,-0.011851145825865782
356,stimulus,43,0,1,0,1,1.0,1.0,0,nan,nan,nan,0.0,-0.011851145825865782
357,stimulus,43,7,2,1,0,-1.0,-1.0,1,3,0,1,0.0,-0.011851145825865782
358,stimulus,43,5,3,0,0,-1.0,-1.0,1,0,1,0,0.00017713899962048241,-0.011674006826245299
359,stimulus,43,6,3,0,0,-1.0,-1.0,1,0,1,0,0.0,-0.011674006826245299
360,stimulus,43,7,5,1,0,-1.0,-1.0,1,0,1,0,0.0,-0.011674006826245299
361,stimulus,43,0,3,0,0,-1.0,-1.0,1,0,1,0,9.76720350921151e-05,-0.011576334791153184
362,stimulus,43,6,5,1,1,1.0,1.0,0,nan,nan,nan,0.0,-0.011576334791153184
363,stimulus,43,1,4,0,0,-1.0,-1.0,1,1,0,0,9.76720350921151e-05,-0.011478662756061069
364,stimulus,43,3,3,0,1,1.0,1.0,0,nan,nan,nan,0.0,-0.011478662756061069
365,stimulus,43,8,2,0,0,-1.0,-1.0,1,1,0,0,0.0,-0.011478662756061069
366,stimulus,43,7,5,1,0,-1.0,-1.0,1,0,1,0,0.0,-0.011478662756061069
367,stimulus,43,8,3,0,0,-1.0,-1.0,1,0,1,0,0.00013460757081971842,-0.01134405518524135
368,stimulus,43,3,3,0,1,1.0,1.0,0,nan,nan,nan,0.0,-0.01134405518524135
369,stimulus,43,5,2,0,0,-1.0,-1.0,1,1,0,0,0.0,-0.01134405518524135
370,stimulus,43,0,3,0,0,-1.0,-1.0,1,0,1,0,0.00011192610341451545,-0.011232129081826834
371,stimulus,43,3,5,1,0,-1.0,-1.0,1,0,1,0,0.0,-0.011232129081826834
372,stimulus,43,3,3,0,1,1.0,1.0,0,nan,nan,nan,0.0,-0.011232129081826834
373,stimulus,43,7,2,0,0,-1.0,-1.0,1,1,0,0,0.00013460757081971842,-0.011097521511007116
374,stimulus,43,1,5,1,0,-1.0,-1.0,1,0,1,0,0.0,-0.011097521511007116
375,stimulus,43,1,3,0,0,-1.0,-1.0,1,0,1,0,0.0,-0.011097521511007116
376,stimulus,43,1,5,1,0,-1.0,-1.0,1,0,1,0,0.0,-0.011097521511007116
377,stimulus,43,3,3,0,1,1.0,1.0,0,nan,nan,nan,0.0,-0.011097521511007116
378,stimulus,43,1,4,1,0,-1.0,-1.0,1,1,0,0,0.0,-0.011097521511007116
379,stimulus,43,4,5,1,1,1.0,1.0,0,nan,nan,nan,0.0,-0.011097521511007116
380,stimulus,43,2,6,1,0,-1.0,-1.0,1,1,0,0,0.0,-0.011097521511007116
381,stimulus,43,4,5,1,1,1.0,1.0,0,nan,nan,nan,0.0,-0.011097521511007116
382,stimulus,43,2,6,1,0,-1.0,-1.0,1,1,0,0,0.0,-0.011097521511007116
383,stimulus,43,8,3,0,0,-1.0,-1.0,1,0,1,0,0.00012640130812300882,-0.010971120202884108
384,stimulus,43,5,3,0,0,-1.0,-1.0,1,0,1,0,0.00017713899962048241,-0.010793981203263626
385,stimulus,43,3,5,1,0,-1.0,-1.0,1,0,1,0,0.0,-0.010793981203263626
386,stimulus,43,8,3,0,0,-1.0,-1.0,1,0,1,0,0.00012640130812300882,-0.010667579895140616
387,stimulus,43,3,3,0,1,1.0,1.0,0,nan,nan,nan,0.0,-0.010667579895140616
388,stimulus,43,5,4,1,1,1.0,1.0,0,nan,nan,nan,0.0,-0.010667579895140616
389,stimulus,43,7,5,1,0,-1.0,-1.0,1,2,0,0,0.0,-0.010667579895140616
390,stimulus,43,7,3,0,0,-1.0,-1.0,1,0,1,0,0.0,-0.010667579895140616
391,stimulus,43,7,3,0,0,-1.0,-1.0,1,0,1,0,0.0,-0.010667579895140616
392,stimulus,43,8,3,0,0,-1.0,-1.0,1,0,1,0,0.00012640130812300882,-0.010541178587017608
393,stimulus,43,1,5,1,0,-1.0,-1.0,1,0,1,0,0.0,-0.010541178587017608
394,stimulus,43,4,3,0,1,1.0,1.0,0,nan,nan,nan,0.0,-0.010541178587017608
395,stimulus,43,7,2,0,0,-1.0,-1.0,1,1,0,0,0.00012640130812300882,-0.010414777278894598
396,stimulus,43,0,3,0,0,-1.0,-1.0,1,0,1,0,0.00011192610341451545,-0.010302851175480084
397,stimulus,43,6,5,1,1,1.0,1.0,0,nan,nan,nan,0.0,-0.010302851175480084
398,stimulus,43,0,6,1,0,-1.0,-1.0,1,1,0,0,6.03638672106786e-05,-0.010242487308269405
399,stimulus,43,7,5,1,0,-1.0,-1.0,1,0,1,0,0.0,-0.010242487308269405
400,stimulus,43,7,3,0,0,-1.0,-1.0,1,0,1,0,0.0,-0.010242487308269405
401,stimulus,43,6,3,0,0,-1.0,-1.0,1,0,1,0,0.0,-0.010242487308269405
402,stimulus,43,5,3,0,0,-1.0,-1.0,1,0,1,0,0.00017713899962048241,-0.010065348308648922
403,stimulus,43,3,5,1,0,-1.0,-1.0,1,0,1,0,0.0,-0.010065348308648922
404,stimulus,43,4,3,0,1,1.0,1.0,0,nan,nan,nan,0.0,-0.010065348308648922
405,stimulus,43,6,2,0,0,-1.0,-1.0,1,1,0,0,0.0,-0.010065348308648922
406,stimulus,43,6,5,1,1,1.0,1.0,0,nan,nan,nan,0.0,-0.010065348308648922
407,stimulus,43,0,4,0,0,-1.0,-1.0,1,1,0,0,6.03638672106786e-05,-0.010004984441438245
408,stimulus,43,0,3,0,0,-1.0,-1.0,1,0,1,0,0.00011192610341451545,-0.009893058338023729
409,stimulus,43,8,3,0,0,-1.0,-1.0,1,0,1,0,0.00013254880891139673,-0.009760509529112331
410,stimulus,43,7,5,1,0,-1.0,-1.0,1,0,1,0,0.0,-0.009760509529112331
411,stimulus,43,3,5,1,0,-1.0,-1.0,1,0,1,0,0.0,-0.009760509529112331
412,stimulus,43,6,3,0,0,-1.0,-1.0,1,0,1,0,0.0,-0.009760509529112331
413,stimulus,43,2,5,1,0,-1.0,-1.0,1,0,1,0,0.0,-0.009760509529112331
414,stimulus,43,4,5,1,1,1.0,1.0,0,nan,nan,nan,0.0,-0.009760509529112331
415,stimulus,43,4,4,0,1,1.0,1.0,0,nan,nan,nan,0.0,-0.009760509529112331
416,stimulus,43,6,3,0,0,-1.0,-1.0,1,2,0,0,0.0,-0.009760509529112331
417,stimulus,43,5,3,0,0,-1.0,-1.0,1,0,1,0,0.00017713899962048241,-0.009583370529491849
418,stimulus,43,5,3,0,0,-1.0,-1.0,1,0,1,0,0.00017713899962048241,-0.009406231529871367
419,stimulus,43,6,5,1,1,1.0,1.0,0,nan,nan,nan,0.0,-0.009406231529871367
420,stimulus,43,4,6,1,0,-1.0,-1.0,1,1,0,0,0.0,-0.009406231529871367
421,stimulus,43,0,3,0,0,-1.0,-1.0,1,0,1,0,0.00013460757081971842,-0.009271623959051649
422,stimulus,43,4,5,1,1,1.0,1.0,0,nan,nan,nan,0.0,-0.009271623959051649
423,stimulus,43,1,4,0,0,-1.0,-1.0,1,1,0,0,0.00013460757081971842,-0.009137016388231929
424,stimulus,43,0,3,0,0,-1.0,-1.0,1,0,1,0,0.00013460757081971842,-0.009002408817412213
425,stimulus,43,1,3,0,0,-1.0,-1.0,1,0,1,0,0.0,-0.009002408817412213
426,stimulus,43,5,3,0,0,-1.0,-1.0,1,0,1,0,0.00017713899962048241,-0.00882526981779173
427,stimulus,43,6,3,0,0,-1.0,-1.0,1,0,1,0,0.0,-0.00882526981779173
428,stimulus,43,8,3,0,0,-1.0,-1.0,1,0,1,0,0.00013254880891139673,-0.008692721008880331
429,stimulus,43,2,3,0,1,1.0,1.0,0,nan,nan,nan,0.0,-0.008692721008880331
430,stimulus,43,3,2,0,1,1.0,1.0,0,nan,nan,nan,0.0,-0.008692721008880331
431,stimulus,43,2,1,0,1,1.0,1.0,0,nan,nan,nan,0.0,-0.008692721008880331
432,stimulus,43,1,0,0,1,1.0,1.0,0,nan,nan,nan,0.0,-0.008692721008880331
433,stimulus,43,0,0,0,1,1.0,1.0,0,nan,nan,nan,0.0,-0.008692721008880331
434,stimulus,43,5,0,0,0,-1.0,-1.0,1,5,0,1,0.0,-0.008692721008880331
435,stimulus,43,5,3,0,0,-1.0,-1.0,1,0,1,0,0.00023556238503779622,-0.008457158623842536
436,stimulus,43,3,5,1,0,-1.0,-1.0,1,0,1,0,0.0,-0.008457158623842536
437,stimulus,43,2,3,0,1,1.0,1.0,0,nan,nan,nan,0.0,-0.008457158623842536
438,stimulus,43,1,4,1,0,-1.0,-1.0,1,1,0,0,0.0,-0.008457158623842536
439,stimulus,43,7,3,0,0,-1.0,-1.0,1,0,1,0,0.0,-0.008457158623842536
440,stimulus,43,4,5,1,1,1.0,1.0,0,nan,nan,nan,0.0,-0.008457158623842536
441,stimulus,43,6,4,0,0,-1.0,-1.0,1,1,0,0,0.00023556238503779622,-0.00822159623880474
442,stimulus,43,1,3,0,0,-1.0,-1.0,1,0,1,0,0.0,-0.00822159623880474
443,stimulus,43,7,3,0,0,-1.0,-1.0,1,0,1,0,0.0,-0.00822159623880474
444,stimulus,43,7,3,0,0,-1.0,-1.0,1,0,1,0,0.0,-0.00822159623880474
445,stimulus,43,0,3,0,0,-1.0,-1.0,1,0,1,0,0.00012640130812300882,-0.00809519493068173
446,stimulus,43,4,3,0,1,1.0,1.0,0,nan,nan,nan,0.0,-0.00809519493068173
447,stimulus,43,3,2,0,1,1.0,1.0,0,nan,nan,nan,0.0,-0.00809519493068173
448,stimulus,43,6,1,0,0,-1.0,-1.0,1,2,0,0,0.00013254880891139673,-0.007962646121770335
449,stimulus,43,8,3,0,0,-1.0,-1.0,1,0,1,0,0.00013254880891139673,-0.007830097312858938
450,stimulus,43,1,5,1,0,-1.0,-1.0,1,0,1,0,0.0,-0.007830097312858938
451,stimulus,43,0,3,0,0,-1.0,-1.0,1,0,1,0,0.00012640130812300882,-0.007703696004735928
452,stimulus,43,0,3,0,0,-1.0,-1.0,1,0,1,0,0.00012640130812300882,-0.00757729469661292
453,stimulus,43,1,5,1,0,-1.0,-1.0,1,0,1,0,0.0,-0.00757729469661292
454,stimulus,43,7,3,0,0,-1.0,-1.0,1,0,1,0,0.0,-0.00757729469661292
455,stimulus,43,3,5,1,0,-1.0,-1.0,1,0,1,0,0.0,-0.00757729469661292
456,stimulus,43,3,5,1,0,-1.0,-1.0,1,0,1,0,0.0,-0.00757729469661292
457,stimulus,43,2,3,0,1,1.0,1.0,0,nan,nan,nan,0.0,-0.00757729469661292
458,stimulus,43,6,2,0,0,-1.0,-1.0,1,1,0,0,0.0,-0.00757729469661292
459,stimulus,43,8,3,0,0,-1.0,-1.0,1,0,1,0,0.00013254880891139673,-0.007444745887701524
460,stimulus,43,0,3,0,0,-1.0,-1.0,1,0,1,0,0.00012640130812300882,-0.007318344579578516
461,stimulus,43,2,3,0,1,1.0,1.0,0,nan,nan,nan,0.0,-0.007318344579578516
462,stimulus,43,2,4,1,0,-1.0,-1.0,1,1,0,0,0.0,-0.007318344579578516
463,stimulus,43,2,5,1,0,-1.0,-1.0,1,0,1,0,0.0,-0.007318344579578516
464,stimulus,43,8,3,0,0,-1.0,-1.0,1,0,1,0,0.00016403014906133027,-0.0071543144305171846
465,stimulus,43,3,3,0,1,1.0,1.0,0,nan,nan,nan,0.0,-0.0071543144305171846
466,stimulus,43,1,4,1,0,-1.0,-1.0,1,1,0,0,0.0,-0.0071543144305171846
467,stimulus,43,3,3,0,1,1.0,1.0,0,nan,nan,nan,0.0,-0.0071543144305171846
468,stimulus,43,4,2,0,0,-1.0,-1.0,1,1,0,0,0.00023556238503779622,-0.006918752045479389
469,stimulus,43,2,5,1,0,-1.0,-1.0,1,0,1,0,0.0,-0.006918752045479389
470,stimulus,43,2,3,0,1,1.0,1.0,0,nan,nan,nan,0.0,-0.006918752045479389
471,stimulus,43,3,2,0,1,1.0,1.0,0,nan,nan,nan,0.0,-0.006918752045479389
472,stimulus,43,2,3,1,1,1.0,1.0,0,nan,nan,nan,0.0,-0.006918752045479389
473,stimulus,43,3,4,1,1,1.0,1.0,0,nan,nan,nan,0.0,-0.006918752045479389
474,stimulus,43,0,3,0,0,-1.0,-1.0,1,4,0,1,0.00013254880891139673,-0.006786203236567994
475,stimulus,43,8,3,0,0,-1.0,-1.0,1,0,1,0,0.00016403014906133027,-0.006622173087506662
476,stimulus,43,6,5,1,1,1.0,1.0,0,nan,nan,nan,0.0,-0.006622173087506662
477,stimulus,43,8,4,0,0,-1.0,-1.0,1,1,0,0,0.0,-0.006622173087506662
478,stimulus,43,0,5,1,0,-1.0,-1.0,1,0,1,0,0.00013254880891139673,-0.006489624278595267
479,stimulus,43,0,3,0,0,-1.0,-1.0,1,0,1,0,0.00013254880891139673,-0.006357075469683869
480,stimulus,43,3,5,1,0,-1.0,-1.0,1,0,1,0,0.0,-0.006357075469683869
481,stimulus,43,4,3,0,1,1.0,1.0,0,nan,nan,nan,0.0,-0.006357075469683869
482,stimulus,43,4,2,0,0,-1.0,-1.0,1,1,0,0,0.00023556238503779622,-0.006121513084646073
483,stimulus,43,5,3,0,0,-1.0,-1.0,1,0,1,0,0.00023556238503779622,-0.005885950699608277
484,stimulus,43,8,3,0,0,-1.0,-1.0,1,0,1,0,0.00016403014906133027,-0.0057219205505469484
485,stimulus,43,8,3,0,0,-1.0,-1.0,1,0,1,0,0.00016403014906133027,-0.005557890401485617
486,stimulus,43,7,5,1,0,-1.0,-1.0,1,0,1,0,0.0,-0.005557890401485617
487,stimulus,43,4,5,1,1,1.0,1.0,0,nan,nan,nan,0.0,-0.005557890401485617
488,stimulus,43,4,4,0,1,1.0,1.0,0,nan,nan,nan,0.0,-0.005557890401485617
489,stimulus,43,7,5,1,0,-1.0,-1.0,1,2,0,0,0.0,-0.005557890401485617
490,stimulus,43,7,5,1,0,-1.0,-1.0,1,0,1,0,0.0,-0.005557890401485617
491,stimulus,43,8,3,0,0,-1.0,-1.0,1,0,1,0,0.00016403014906133027,-0.005393860252424288
492,stimulus,43,3,5,1,0,-1.0,-1.0,1,0,1,0,0.0,-0.005393860252424288
493,stimulus,43,7,3,0,0,-1.0,-1.0,1,0,1,0,0.0,-0.005393860252424288
494,stimulus,43,0,3,0,0,-1.0,-1.0,1,0,1,0,0.00013254880891139673,-0.005261311443512891
495,stimulus,43,6,5,1,1,1.0,1.0,0,nan,nan,nan,0.0,-0.005261311443512891
496,stimulus,43,1,4,0,0,-1.0,-1.0,1,1,0,0,0.00013254880891139673,-0.005128762634601496
497,stimulus,43,0,3,0,0,-1.0,-1.0,1,0,1,0,0.00016403014906133027,-0.004964732485540165
498,stimulus,43,0,3,0,0,-1.0,-1.0,1,0,1,0,0.00016403014906133027,-0.0048007023364788366
499,stimulus,43,0,3,0,0,-1.0,-1.0,1,0,1,0,0.00016403014906133027,-0.004636672187417505
500,stimulus,43,2,3,0,1,1.0,1.0,0,nan,nan,nan,0.0,-0.004636672187417505
501,stimulus,43,5,2,0,0,-1.0,-1.0,1,1,0,0,0.0,-0.004636672187417505
502,stimulus,43,4,5,1,1,1.0,1.0,0,nan,nan,nan,0.0,-0.004636672187417505
503,stimulus,43,0,6,1,0,-1.0,-1.0,1,1,0,0,9.515770082063913e-05,-0.004541514486596866
504,stimulus,43,3,5,1,0,-1.0,-1.0,1,0,1,0,0.0,-0.004541514486596866
505,stimulus,43,2,3,0,1,1.0,1.0,0,nan,nan,nan,0.0,-0.004541514486596866
506,stimulus,43,4,2,0,0,-1.0,-1.0,1,1,0,0,0.00023556238503779622,-0.00430595210155907
507,stimulus,43,3,3,0,1,1.0,1.0,0,nan,nan,nan,0.0,-0.00430595210155907
508,stimulus,43,4,2,0,0,-1.0,-1.0,1,1,0,0,0.00023556238503779622,-0.004070389716521274
509,stimulus,43,3,5,1,0,-1.0,-1.0,1,0,1,0,0.0,-0.004070389716521274
510,stimulus,43,2,5,1,0,-1.0,-1.0,1,0,1,0,0.0,-0.004070389716521274
511,stimulus,43,1,3,0,0,-1.0,-1.0,1,0,1,0,0.0,-0.004070389716521274
512,stimulus,43,7,5,1,0,-1.0,-1.0,1,0,1,0,0.0,-0.004070389716521274
513,stimulus,43,5,3,0,0,-1.0,-1.0,1,0,1,0,0.00023556238503779622,-0.0038348273314834777
514,stimulus,43,3,3,0,1,1.0,1.0,0,nan,nan,nan,0.0,-0.0038348273314834777
515,stimulus,43,2,2,0,1,1.0,1.0,0,nan,nan,nan,0.0,-0.0038348273314834777
516,stimulus,43,1,3,1,0,-1.0,-1.0,1,2,0,0,0.0,-0.0038348273314834777
517,stimulus,43,5,3,0,0,-1.0,-1.0,1,0,1,0,0.0002673723018894676,-0.0035674550295940097
518,stimulus,43,5,3,0,0,-1.0,-1.0,1,0,1,0,0.0002673723018894676,-0.0033000827277045418
519,stimulus,43,2,3,0,1,1.0,1.0,0,nan,nan,nan,0.0,-0.0033000827277045418
520,stimulus,43,5,2,0,0,-1.0,-1.0,1,1,0,0,0.0,-0.0033000827277045418
521,stimulus,43,3,5,1,0,-1.0,-1.0,1,0,1,0,0.0,-0.0033000827277045418
522,stimulus,43,5,3,0,0,-1.0,-1.0,1,0,1,0,0.0002673723018894676,-0.003032710425815074
523,stimulus,43,5,3,0,0,-1.0,-1.0,1,0,1,0,0.0002673723018894676,-0.002765338123925606
524,stimulus,43,6,3,0,0,-1.0,-1.0,1,0,1,0,0.0,-0.002765338123925606
525,stimulus,43,7,3,0,0,-1.0,-1.0,1,0,1,0,0.0,-0.002765338123925606
526,stimulus,43,3,5,1,0,-1.0,-1.0,1,0,1,0,0.0,-0.002765338123925606
527,stimulus,43,7,3,0,0,-1.0,-1.0,1,0,1,0,0.0,-0.002765338123925606
528,stimulus,43,1,3,0,0,-1.0,-1.0,1,0,1,0,0.0,-0.002765338123925606
529,stimulus,43,3,3,0,1,1.0,1.0,0,nan,nan,nan,0.0,-0.002765338123925606
530,stimulus,43,8,2,0,0,-1.0,-1.0,1,1,0,0,0.0,-0.002765338123925606
531,stimulus,43,7,3,0,0,-1.0,-1.0,1,0,1,0,0.0,-0.002765338123925606
532,stimulus,43,5,3,0,0,-1.0,-1.0,1,0,1,0,0.0002673723018894676,-0.0024979658220361375
533,stimulus,43,6,5,1,1,1.0,1.0,0,nan,nan,nan,0.0,-0.0024979658220361375
534,stimulus,43,1,4,0,0,-1.0,-1.0,1,1,0,0,0.00016403014906133027,-0.002333935672974809
535,stimulus,43,7,3,0,0,-1.0,-1.0,1,0,1,0,0.0,-0.002333935672974809
536,stimulus,43,1,5,1,0,-1.0,-1.0,1,0,1,0,0.0,-0.002333935672974809
537,stimulus,43,1,5,1,0,-1.0,-1.0,1,0,1,0,0.0,-0.002333935672974809
538,stimulus,43,3,5,1,0,-1.0,-1.0,1,0,1,0,0.0,-0.002333935672974809
539,stimulus,43,8,3,0,0,-1.0,-1.0,1,0,1,0,0.00017713899962048241,-0.002156796673354327
540,stimulus,43,5,3,0,0,-1.0,-1.0,1,0,1,0,0.0002673723018894676,-0.0018894243714648589
541,stimulus,43,2,3,0,1,1.0,1.0,0,nan,nan,nan,0.0,-0.0018894243714648589
542,stimulus,43,8,4,1,0,-1.0,-1.0,1,1,0,0,0.0,-0.0018894243714648589
543,stimulus,43,8,3,0,0,-1.0,-1.0,1,0,1,0,0.00017713899962048241,-0.0017122853718443763
544,stimulus,43,2,5,1,0,-1.0,-1.0,1,0,1,0,0.0,-0.0017122853718443763
545,stimulus,43,6,3,0,0,-1.0,-1.0,1,0,1,0,0.0,-0.0017122853718443763
546,stimulus,43,6,3,0,0,-1.0,-1.0,1,0,1,0,0.0,-0.0017122853718443763
547,stimulus,43,6,3,0,0,-1.0,-1.0,1,0,1,0,0.0,-0.0017122853718443763
548,stimulus,43,8,3,0,0,-1.0,-1.0,1,0,1,0,0.00017713899962048241,-0.0015351463722238939
549,stimulus,43,3,5,1,0,-1.0,-1.0,1,0,1,0,0.0,-0.0015351463722238939
550,stimulus,43,3,5,1,0,-1.0,-1.0,1,0,1,0,0.0,-0.0015351463722238939
551,stimulus,43,1,5,1,0,-1.0,-1.0,1,0,1,0,0.0,-0.0015351463722238939
552,stimulus,43,6,3,0,0,-1.0,-1.0,1,0,1,0,0.0,-0.0015351463722238939
553,stimulus,43,6,5,1,1,1.0,1.0,0,nan,nan,nan,0.0,-0.0015351463722238939
554,stimulus,43,1,4,0,0,-1.0,-1.0,1,1,0,0,0.00016403014906133027,-0.0013711162231625628
555,stimulus,43,8,3,0,0,-1.0,-1.0,1,0,1,0,0.00017713899962048241,-0.0011939772235420802
556,stimulus,43,3,3,0,1,1.0,1.0,0,nan,nan,nan,0.0,-0.0011939772235420802
557,stimulus,43,1,2,0,1,1.0,1.0,0,nan,nan,nan,0.0,-0.0011939772235420802
558,stimulus,43,2,3,1,1,1.0,1.0,0,nan,nan,nan,0.0,-0.0011939772235420802
559,stimulus,43,2,4,1,0,-1.0,-1.0,1,3,0,1,0.0,-0.0011939772235420802
560,stimulus,43,3,5,1,0,-1.0,-1.0,1,0,1,0,0.0,-0.0011939772235420802
561,stimulus,43,3,5,1,0,-1.0,-1.0,1,0,1,0,0.0,-0.0011939772235420802
562,stimulus,43,2,5,1,0,-1.0,-1.0,1,0,1,0,0.0,-0.0011939772235420802
563,stimulus,43,6,3,0,0,-1.0,-1.0,1,0,1,0,0.0,-0.0011939772235420802
564,stimulus,43,7,3,0,0,-1.0,-1.0,1,0,1,0,0.0,-0.0011939772235420802
565,stimulus,43,4,3,0,1,1.0,1.0,0,nan,nan,nan,0.0,-0.0011939772235420802
566,stimulus,43,5,4,1,1,1.0,1.0,0,nan,nan,nan,0.0,-0.0011939772235420802
567,stimulus,43,5,5,1,1,1.0,1.0,0,nan,nan,nan,0.0002673723018894676,-0.0014613495254315483
568,stimulus,43,7,4,0,0,-1.0,-1.0,1,3,0,1,0.0,-0.0014613495254315483
569,stimulus,43,0,3,0,0,-1.0,-1.0,1,0,1,0,0.00017713899962048241,-0.0012842105258110657
570,stimulus,43,3,5,1,0,-1.0,-1.0,1,0,1,0,0.0,-0.0012842105258110657
571,stimulus,43,0,3,0,0,-1.0,-1.0,1,0,1,0,0.00017713899962048241,-0.0011070715261905831
572,stimulus,43,2,5,1,0,-1.0,-1.0,1,0,1,0,0.0,-0.0011070715261905831
573,stimulus,43,5,3,0,0,-1.0,-1.0,1,0,1,0,0.0002673723018894676,-0.0008396992243011152
574,stimulus,43,2,3,0,1,1.0,1.0,0,nan,nan,nan,0.0,-0.0008396992243011152
575,stimulus,43,5,2,0,0,-1.0,-1.0,1,1,0,0,0.0,-0.0008396992243011152
576,stimulus,43,2,5,1,0,-1.0,-1.0,1,0,1,0,0.0,-0.0008396992243011152
577,stimulus,43,1,5,1,0,-1.0,-1.0,1,0,1,0,0.0,-0.0008396992243011152
578,stimulus,43,6,5,1,1,1.0,1.0,0,nan,nan,nan,0.0,-0.0008396992243011152
579,stimulus,43,8,4,0,0,-1.0,-1.0,1,1,0,0,0.0,-0.0008396992243011152
580,stimulus,43,7,5,1,0,-1.0,-1.0,1,0,1,0,0.0,-0.0008396992243011152
581,stimulus,43,0,3,0,0,-1.0,-1.0,1,0,1,0,0.00017713899962048241,-0.0006625602246806327
582,stimulus,43,1,5,1,0,-1.0,-1.0,1,0,1,0,0.0,-0.0006625602246806327
583,stimulus,43,5,3,0,0,-1.0,-1.0,1,0,1,0,0.0002673723018894676,-0.00039518792279116463
584,stimulus,43,0,3,0,0,-1.0,-1.0,1,0,1,0,0.00017713899962048241,-0.0002180489231706821
585,stimulus,43,4,5,1,1,1.0,1.0,0,nan,nan,nan,0.0,-0.0002180489231706821
586,stimulus,43,0,6,1,0,-1.0,-1.0,1,1,0,0,9.515770082063913e-05,-0.00012289122235004322
587,stimulus,43,7,5,1,0,-1.0,-1.0,1,0,1,0,0.0,-0.00012289122235004322
588,stimulus,43,0,3,0,0,-1.0,-1.0,1,0,1,0,0.00017713899962048241,5.424777727043931e-05
589,stimulus,43,6,3,0,0,-1.0,-1.0,1,0,1,0,0.0,5.424777727043931e-05
590,stimulus,43,4,3,0,1,1.0,1.0,0,nan,nan,nan,0.0,5.424777727043931e-05
591,stimulus,43,4,2,0,0,-1.0,-1.0,1,1,0,0,0.0002673723018894676,0.00032162007915990736
592,stimulus,43,6,5,1,1,1.0,1.0,0,nan,nan,nan,0.0,0.00032162007915990736
593,stimulus,43,3,6,1,0,-1.0,-1.0,1,1,0,0,0.0,0.00032162007915990736
594,stimulus,43,3,3,0,1,1.0,1.0,0,nan,nan,nan,0.0,0.00032162007915990736
595,stimulus,43,3,4,1,1,1.0,1.0,0,nan,nan,nan,0.0,0.00032162007915990736
596,stimulus,43,3,3,0,1,1.0,1.0,0,nan,nan,nan,0.0,0.00032162007915990736
597,stimulus,43,2,2,0,1,1.0,1.0,0,nan,nan,nan,0.0,0.00032162007915990736
598,stimulus,43,8,1,0,0,-1.0,-1.0,1,4,0,1,0.0,0.00032162007915990736
599,stimulus,43,6,3,0,0,-1.0,-1.0,1,0,1,0,0.0,0.00032162007915990736
600,stimulus,43,8,3,0,0,-1.0,-1.0,1,0,1,0,0.00017713899962048241,0.0004987590787803899
601,stimulus,43,2,3,0,1,1.0,1.0,0,nan,nan,nan,0.0,0.0004987590787803899
602,stimulus,43,0,2,0,0,-1.0,-1.0,1,1,0,0,0.0,0.0004987590787803899
603,stimulus,43,8,3,0,0,-1.0,-1.0,1,0,1,0,0.00017713899962048241,0.0006758980784008724
604,stimulus,43,2,3,0,1,1.0,1.0,0,nan,nan,nan,0.0,0.0006758980784008724
605,stimulus,43,4,2,0,0,-1.0,-1.0,1,1,0,0,0.0002673723018894676,0.0009432703802903384
606,stimulus,43,8,3,0,0,-1.0,-1.0,1,0,1,0,0.00017713899962048241,0.0011204093799108208
607,stimulus,43,7,3,0,0,-1.0,-1.0,1,0,1,0,0.0,0.0011204093799108208
608,stimulus,43,7,3,0,0,-1.0,-1.0,1,0,1,0,0.0,0.0011204093799108208
609,stimulus,43,5,5,1,1,1.0,1.0,0,nan,nan,nan,0.0002673723018894676,0.0008530370780213535
610,stimulus,43,8,6,1,0,-1.0,-1.0,1,1,0,0,0.0,0.0008530370780213535
611,stimulus,43,1,3,0,0,-1.0,-1.0,1,0,1,0,0.0,0.0008530370780213535
612,stimulus,43,7,3,0,0,-1.0,-1.0,1,0,1,0,0.0,0.0008530370780213535
613,stimulus,43,5,3,0,0,-1.0,-1.0,1,0,1,0,0.0002673723018894676,0.0011204093799108208
614,stimulus,43,3,5,1,0,-1.0,-1.0,1,0,1,0,0.0,0.0011204093799108208
615,stimulus,43,1,5,1,0,-1.0,-1.0,1,0,1,0,0.0,0.0011204093799108208
616,stimulus,43,4,3,0,1,1.0,1.0,0,nan,nan,nan,0.0,0.0011204093799108208
617,stimulus,43,0,2,0,0,-1.0,-1.0,1,1,0,0,0.0,0.0011204093799108208
618,stimulus,43,6,5,1,1,1.0,1.0,0,nan,nan,nan,0.0,0.0011204093799108208
619,stimulus,43,6,4,0,0,-1.0,-1.0,1,1,0,0,0.0002673723018894676,0.0013877816818002888
620,stimulus,43,6,5,1,1,1.0,1.0,0,nan,nan,nan,0.0,0.0013877816818002888
621,stimulus,43,0,6,1,0,-1.0,-1.0,1,1,0,0,9.208706960366613e-05,0.0014798687514039552
622,stimulus,43,5,3,0,0,-1.0,-1.0,1,0,1,0,0.0002673723018894676,0.0017472410532934231
623,stimulus,43,8,3,0,0,-1.0,-1.0,1,0,1,0,0.00023556238503779622,0.0019828034383312194
624,stimulus,43,0,3,0,0,-1.0,-1.0,1,0,1,0,0.00017713899962048241,0.002159942437951702
625,stimulus,43,7,5,1,0,-1.0,-1.0,1,0,1,0,0.0,0.002159942437951702
626,stimulus,43,8,3,0,0,-1.0,-1.0,1,0,1,0,0.00023556238503779622,0.0023955048229894983
627,stimulus,43,3,3,0,1,1.0,1.0,0,nan,nan,nan,0.0,0.0023955048229894983
628,stimulus,43,3,2,0,1,1.0,1.0,0,nan,nan,nan,0.0,0.0023955048229894983
629,stimulus,43,8,3,1,0,-1.0,-1.0,1,2,0,0,0.0,0.0023955048229894983
630,stimulus,43,0,3,0,0,-1.0,-1.0,1,0,1,0,0.00017713899962048241,0.002572643822609981
631,stimulus,43,6,3,0,0,-1.0,-1.0,1,0,1,0,0.0,0.002572643822609981
632,stimulus,43,5,3,0,0,-1.0,-1.0,1,0,1,0,0.0003106794906800987,0.00288332331329008
633,stimulus,43,7,5,1,0,-1.0,-1.0,1,0,1,0,0.0,0.00288332331329008
634,stimulus,43,4,5,1,1,1.0,1.0,0,nan,nan,nan,0.0,0.00288332331329008
635,stimulus,43,2,6,1,0,-1.0,-1.0,1,1,0,0,0.0,0.00288332331329008
636,stimulus,43,5,3,0,0,-1.0,-1.0,1,0,1,0,0.0003106794906800987,0.003194002803970179
637,stimulus,43,5,3,0,0,-1.0,-1.0,1,0,1,0,0.0003106794906800987,0.0035046822946502784
638,stimulus,43,7,3,0,0,-1.0,-1.0,1,0,1,0,0.0,0.0035046822946502784
639,stimulus,43,1,3,0,0,-1.0,-1.0,1,0,1,0,0.0,0.0035046822946502784
640,stimulus,43,0,3,0,0,-1.0,-1.0,1,0,1,0,0.00023556238503779622,0.0037402446796880747
641,stimulus,43,1,5,1,0,-1.0,-1.0,1,0,1,0,0.0,0.0037402446796880747
642,stimulus,43,8,3,0,0,-1.0,-1.0,1,0,1,0,0.00023556238503779622,0.003975807064725871
643,stimulus,43,7,5,1,0,-1.0,-1.0,1,0,1,0,0.0,0.003975807064725871
644,stimulus,43,6,3,0,0,-1.0,-1.0,1,0,1,0,0.0,0.003975807064725871
645,stimulus,43,1,5,1,0,-1.0,-1.0,1,0,1,0,0.0,0.003975807064725871
646,stimulus,43,2,5,1,0,-1.0,-1.0,1,0,1,0,0.0,0.003975807064725871
647,stimulus,43,1,3,0,0,-1.0,-1.0,1,0,1,0,0.0,0.003975807064725871
648,stimulus,43,5,3,0,0,-1.0,-1.0,1,0,1,0,0.0003106794906800987,0.00428648655540597
649,stimulus,43,1,5,1,0,-1.0,-1.0,1,0,1,0,0.0,0.00428648655540597
650,stimulus,43,8,3,0,0,-1.0,-1.0,1,0,1,0,0.00023556238503779622,0.004522048940443767
651,stimulus,43,3,3,0,1,1.0,1.0,0,nan,nan,nan,0.0,0.004522048940443767
652,stimulus,43,3,4,1,1,1.0,1.0,0,nan,nan,nan,0.0,0.004522048940443767
653,stimulus,43,3,3,0,1,1.0,1.0,0,nan,nan,nan,0.0,0.004522048940443767
654,stimulus,43,6,4,1,0,-1.0,-1.0,1,3,0,1,0.0,0.004522048940443767
655,stimulus,43,8,3,0,0,-1.0,-1.0,1,0,1,0,0.00023556238503779622,0.004757611325481563
656,stimulus,43,6,5,1,1,1.0,1.0,0,nan,nan,nan,0.0,0.004757611325481563
657,stimulus,43,0,6,1,0,-1.0,-1.0,1,1,0,0,9.208706960366613e-05,0.00484969839508523
658,stimulus,43,7,5,1,0,-1.0,-1.0,1,0,1,0,0.0,0.00484969839508523
659,stimulus,43,1,3,0,0,-1.0,-1.0,1,0,1,0,0.0,0.00484969839508523
660,stimulus,43,4,5,1,1,1.0,1.0,0,nan,nan,nan,0.0,0.00484969839508523
661,stimulus,43,0,6,1,0,-1.0,-1.0,1,1,0,0,9.178681307604943e-05,0.00494148520816128
662,stimulus,43,5,3,0,0,-1.0,-1.0,1,0,1,0,0.0003106794906800987,0.005252164698841379
663,stimulus,43,4,3,0,1,1.0,1.0,0,nan,nan,nan,0.0,0.005252164698841379
664,stimulus,43,4,2,0,0,-1.0,-1.0,1,1,0,0,0.0003106794906800987,0.0055628441895214775
665,stimulus,43,2,3,0,1,1.0,1.0,0,nan,nan,nan,0.0,0.0055628441895214775
666,stimulus,43,4,2,0,0,-1.0,-1.0,1,1,0,0,0.0003106794906800987,0.005873523680201577
667,stimulus,43,0,3,0,0,-1.0,-1.0,1,0,1,0,0.00023556238503779622,0.0061090860652393735
668,stimulus,43,1,3,0,0,-1.0,-1.0,1,0,1,0,0.0,0.0061090860652393735
669,stimulus,43,2,3,0,1,1.0,1.0,0,nan,nan,nan,0.0,0.0061090860652393735
670,stimulus,43,3,4,1,1,1.0,1.0,0,nan,nan,nan,0.0,0.0061090860652393735
671,stimulus,43,2,3,0,1,1.0,1.0,0,nan,nan,nan,0.0,0.0061090860652393735
672,stimulus,43,3,2,0,1,1.0,1.0,0,nan,nan,nan,0.0,0.0061090860652393735
673,stimulus,43,2,3,1,1,1.0,1.0,0,nan,nan,nan,0.0,0.0061090860652393735
674,stimulus,43,1,2,0,1,1.0,1.0,0,nan,nan,nan,0.0,0.0061090860652393735
675,stimulus,43,0,1,0,1,1.0,1.0,0,nan,nan,nan,0.0,0.0061090860652393735
676,stimulus,43,0,0,0,1,1.0,1.0,0,nan,nan,nan,0.0,0.0061090860652393735
677,stimulus,43,3,0,0,0,-1.0,-1.0,1,8,0,1,0.0,0.0061090860652393735
678,stimulus,43,4,3,0,1,1.0,1.0,0,nan,nan,nan,0.0,0.0061090860652393735
679,stimulus,43,8,2,0,0,-1.0,-1.0,1,1,0,0,0.0,0.0061090860652393735
680,stimulus,43,5,3,0,0,-1.0,-1.0,1,0,1,0,0.0003106794906800987,0.006419765555919473
681,stimulus,43,5,3,0,0,-1.0,-1.0,1,0,1,0,0.0003106794906800987,0.006730445046599571
682,stimulus,43,8,3,0,0,-1.0,-1.0,1,0,1,0,0.00023556238503779622,0.006966007431637368
683,stimulus,43,2,3,0,1,1.0,1.0,0,nan,nan,nan,0.0,0.006966007431637368
684,stimulus,43,5,2,0,0,-1.0,-1.0,1,1,0,0,0.0,0.006966007431637368
685,stimulus,43,7,5,1,0,-1.0,-1.0,1,0,1,0,0.0,0.006966007431637368
686,stimulus,43,3,5,1,0,-1.0,-1.0,1,0,1,0,0.0,0.006966007431637368
687,stimulus,43,2,5,1,0,-1.0,-1.0,1,0,1,0,0.0,0.006966007431637368
688,stimulus,43,0,3,0,0,-1.0,-1.0,1,0,1,0,0.00023556238503779622,0.007201569816675165
689,stimulus,43,5,3,0,0,-1.0,-1.0,1,0,1,0,0.0003106794906800987,0.007512249307355263
690,stimulus,43,0,3,0,0,-1.0,-1.0,1,0,1,0,0.00023556238503779622,0.00774781169239306
691,stimulus,43,7,5,1,0,-1.0,-1.0,1,0,1,0,0.0,0.00774781169239306
692,stimulus,43,2,3,0,1,1.0,1.0,0,nan,nan,nan,0.0,0.00774781169239306
693,stimulus,43,6,2,0,0,-1.0,-1.0,1,1,0,0,0.0,0.00774781169239306
694,stimulus,43,3,5,1,0,-1.0,-1.0,1,0,1,0,0.0,0.00774781169239306
695,stimulus,43,5,3,0,0,-1.0,-1.0,1,0,1,0,0.0003106794906800987,0.008058491183073158
696,stimulus,43,1,5,1,0,-1.0,-1.0,1,0,1,0,0.0,0.008058491183073158
697,stimulus,43,6,3,0,0,-1.0,-1.0,1,0,1,0,0.0,0.008058491183073158
698,stimulus,43,7,5,1,0,-1.0,-1.0,1,0,1,0,0.0,0.008058491183073158
699,stimulus,43,8,3,0,0,-1.0,-1.0,1,0,1,0,0.00023556238503779622,0.008294053568110955
700,stimulus,43,0,3,0,0,-1.0,-1.0,1,0,1,0,0.00023556238503779622,0.008529615953148752
701,stimulus,43,5,3,0,0,-1.0,-1.0,1,0,1,0,0.0003106794906800987,0.00884029544382885
702,stimulus,43,5,3,0,0,-1.0,-1.0,1,0,1,0,0.0003106794906800987,0.009150974934508952
703,stimulus,43,4,5,1,1,1.0,1.0,0,nan,nan,nan,0.0,0.009150974934508952
704,stimulus,43,6,4,0,0,-1.0,-1.0,1,1,0,0,0.0003106794906800987,0.00946165442518905
705,stimulus,43,4,5,1,1,1.0,1.0,0,nan,nan,nan,0.0,0.00946165442518905
706,stimulus,43,2,4,0,0,-1.0,-1.0,1,1,0,0,0.0,0.00946165442518905
707,stimulus,43,2,5,1,0,-1.0,-1.0,1,0,1,0,0.0,0.00946165442518905
708,stimulus,43,5,3,0,0,-1.0,-1.0,1,0,1,0,0.0003106794906800987,0.009772333915869149
709,stimulus,43,6,3,0,0,-1.0,-1.0,1,0,1,0,0.0,0.009772333915869149
710,stimulus,43,6,3,0,0,-1.0,-1.0,1,0,1,0,0.0,0.009772333915869149
711,stimulus,43,7,5,1,0,-1.0,-1.0,1,0,1,0,0.0,0.009772333915869149
712,stimulus,43,7,5,1,0,-1.0,-1.0,1,0,1,0,0.0,0.009772333915869149
713,stimulus,43,2,5,1,0,-1.0,-1.0,1,0,1,0,0.0,0.009772333915869149
714,stimulus,43,1,5,1,0,-1.0,-1.0,1,0,1,0,0.0,0.009772333915869149
715,stimulus,43,3,5,1,0,-1.0,-1.0,1,0,1,0,0.0,0.009772333915869149
716,stimulus,43,6,3,0,0,-1.0,-1.0,1,0,1,0,0.0,0.009772333915869149
717,stimulus,43,3,5,1,0,-1.0,-1.0,1,0,1,0,0.0,0.009772333915869149
718,stimulus,43,8,3,0,0,-1.0,-1.0,1,0,1,0,0.00023556238503779622,0.010007896300906946
719,stimulus,43,1,3,0,0,-1.0,-1.0,1,0,1,0,0.0,0.010007896300906946
720,stimulus,43,0,3,0,0,-1.0,-1.0,1,0,1,0,0.00023556238503779622,0.010243458685944742
721,stimulus,43,6,3,0,0,-1.0,-1.0,1,0,1,0,0.0,0.010243458685944742
722,stimulus,43,3,3,0,1,1.0,1.0,0,nan,nan,nan,0.0,0.010243458685944742
723,stimulus,43,6,4,1,0,-1.0,-1.0,1,1,0,0,0.0,0.010243458685944742
724,stimulus,43,7,3,0,0,-1.0,-1.0,1,0,1,0,0.0,0.010243458685944742
725,stimulus,43,0,3,0,0,-1.0,-1.0,1,0,1,0,0.00023556238503779622,0.010479021070982539
726,stimulus,43,2,5,1,0,-1.0,-1.0,1,0,1,0,0.0,0.010479021070982539
727,stimulus,43,7,5,1,0,-1.0,-1.0,1,0,1,0,0.0,0.010479021070982539
728,stimulus,43,1,5,1,0,-1.0,-1.0,1,0,1,0,0.0,0.010479021070982539
729,stimulus,43,8,3,0,0,-1.0,-1.0,1,0,1,0,0.0002673723018894676,0.010746393372872007
730,stimulus,43,8,3,0,0,-1.0,-1.0,1,0,1,0,0.0002673723018894676,0.011013765674761474
731,stimulus,43,7,5,1,0,-1.0,-1.0,1,0,1,0,0.0,0.011013765674761474
732,stimulus,43,6,5,1,1,1.0,1.0,0,nan,nan,nan,0.0,0.011013765674761474
733,stimulus,43,4,6,1,0,-1.0,-1.0,1,1,0,0,0.0,0.011013765674761474
734,stimulus,43,3,3,0,1,1.0,1.0,0,nan,nan,nan,0.0,0.011013765674761474
735,stimulus,43,1,4,1,0,-1.0,-1.0,1,1,0,0,0.0,0.011013765674761474
736,stimulus,43,8,3,0,0,-1.0,-1.0,1,0,1,0,0.0002673723018894676,0.011281137976650943
737,stimulus,43,0,3,0,0,-1.0,-1.0,1,0,1,0,0.00023556238503779622,0.01151670036168874
738,stimulus,43,7,3,0,0,-1.0,-1.0,1,0,1,0,0.0,0.01151670036168874
739,stimulus,43,5,3,0,0,-1.0,-1.0,1,0,1,0,0.0003106794906800987,0.011827379852368838
740,stimulus,43,5,3,0,0,-1.0,-1.0,1,0,1,0,0.0003106794906800987,0.012138059343048938
741,stimulus,43,6,5,1,1,1.0,1.0,0,nan,nan,nan,0.0,0.012138059343048938
742,stimulus,43,7,6,1,1,1.0,1.0,0,nan,nan,nan,0.0,0.012138059343048938
743,stimulus,43,6,5,0,1,1.0,1.0,0,nan,nan,nan,0.0,0.012138059343048938
744,stimulus,43,5,6,1,1,1.0,1.0,0,nan,nan,nan,0.0,0.012138059343048938
745,stimulus,43,2,5,0,0,-1.0,-1.0,1,4,0,1,0.0002673723018894676,0.012405431644938406
746,stimulus,43,5,3,0,0,-1.0,-1.0,1,0,1,0,0.0003106794906800987,0.012716111135618505
747,stimulus,43,0,3,0,0,-1.0,-1.0,1,0,1,0,0.0002673723018894676,0.012983483437507973
748,stimulus,43,2,3,0,1,1.0,1.0,0,nan,nan,nan,0.0,0.012983483437507973
749,stimulus,43,6,4,1,0,-1.0,-1.0,1,1,0,0,0.0,0.012983483437507973
750,stimulus,43,5,3,0,0,-1.0,-1.0,1,0,1,0,0.0003106794906800987,0.013294162928188072
751,stimulus,43,2,5,1,0,-1.0,-1.0,1,0,1,0,0.0,0.013294162928188072
752,stimulus,43,0,3,0,0,-1.0,-1.0,1,0,1,0,0.0002673723018894676,0.01356153523007754
753,stimulus,43,2,5,1,0,-1.0,-1.0,1,0,1,0,0.0,0.01356153523007754
754,stimulus,43,6,5,1,1,1.0,1.0,0,nan,nan,nan,0.0,0.01356153523007754
755,stimulus,43,0,6,1,0,-1.0,-1.0,1,1,0,0,9.178681307604943e-05,0.01365332204315359
756,stimulus,43,7,5,1,0,-1.0,-1.0,1,0,1,0,0.0,0.01365332204315359
757,stimulus,43,7,3,0,0,-1.0,-1.0,1,0,1,0,0.0,0.01365332204315359
758,stimulus,43,1,5,1,0,-1.0,-1.0,1,0,1,0,0.0,0.01365332204315359
759,stimulus,43,5,3,0,0,-1.0,-1.0,1,0,1,0,0.0003106794906800987,0.01396400153383369
760,stimulus,43,2,5,1,0,-1.0,-1.0,1,0,1,0,0.0,0.01396400153383369
761,stimulus,43,1,3,0,0,-1.0,-1.0,1,0,1,0,0.0,0.01396400153383369
762,stimulus,43,1,3,0,0,-1.0,-1.0,1,0,1,0,0.0,0.01396400153383369
763,stimulus,43,6,3,0,0,-1.0,-1.0,1,0,1,0,0.0,0.01396400153383369
764,stimulus,43,0,3,0,0,-1.0,-1.0,1,0,1,0,0.0002673723018894676,0.014231373835723158
765,stimulus,43,0,3,0,0,-1.0,-1.0,1,0,1,0,0.0002673723018894676,0.014498746137612626
766,stimulus,43,3,3,0,1,1.0,1.0,0,nan,nan,nan,0.0,0.014498746137612626
767,stimulus,43,7,2,0,0,-1.0,-1.0,1,1,0,0,0.0002673723018894676,0.014766118439502093
768,stimulus,43,3,5,1,0,-1.0,-1.0,1,0,1,0,0.0,0.014766118439502093
769,stimulus,43,8,3,0,0,-1.0,-1.0,1,0,1,0,0.0002673723018894676,0.015033490741391561
770,stimulus,43,7,3,0,0,-1.0,-1.0,1,0,1,0,0.0,0.015033490741391561
771,stimulus,43,7,3,0,0,-1.0,-1.0,1,0,1,0,0.0,0.015033490741391561
772,stimulus,43,7,3,0,0,-1.0,-1.0,1,0,1,0,0.0,0.015033490741391561
773,stimulus,43,8,3,0,0,-1.0,-1.0,1,0,1,0,0.0002673723018894676,0.01530086304328103
774,stimulus,43,5,3,0,0,-1.0,-1.0,1,0,1,0,0.0003996291894282235,0.015700492232709255
775,stimulus,43,5,3,0,0,-1.0,-1.0,1,0,1,0,0.0003996291894282235,0.01610012142213748
776,stimulus,43,2,3,0,1,1.0,1.0,0,nan,nan,nan,0.0,0.01610012142213748
777,stimulus,43,7,2,0,0,-1.0,-1.0,1,1,0,0,0.0002673723018894676,0.016367493724026946
778,stimulus,43,6,3,0,0,-1.0,-1.0,1,0,1,0,0.0,0.016367493724026946
779,stimulus,43,1,5,1,0,-1.0,-1.0,1,0,1,0,0.0,0.016367493724026946
780,stimulus,43,0,3,0,0,-1.0,-1.0,1,0,1,0,0.0002673723018894676,0.016634866025916413
781,stimulus,43,5,3,0,0,-1.0,-1.0,1,0,1,0,0.0003996291894282235,0.017034495215344638
782,stimulus,43,6,3,0,0,-1.0,-1.0,1,0,1,0,0.0,0.017034495215344638
783,stimulus,43,8,5,1,0,-1.0,-1.0,1,0,1,0,0.0002673723018894676,0.017301867517234108
784,stimulus,43,2,3,0,1,1.0,1.0,0,nan,nan,nan,0.0,0.017301867517234108
785,stimulus,43,1,4,1,0,-1.0,-1.0,1,1,0,0,0.0,0.017301867517234108
786,stimulus,43,8,3,0,0,-1.0,-1.0,1,0,1,0,0.0002673723018894676,0.01756923981912357
787,stimulus,43,7,3,0,0,-1.0,-1.0,1,0,1,0,0.0,0.01756923981912357
788,stimulus,43,2,3,0,1,1.0,1.0,0,nan,nan,nan,0.0,0.01756923981912357
789,stimulus,43,8,4,1,0,-1.0,-1.0,1,1,0,0,0.0,0.01756923981912357
790,stimulus,43,2,5,1,0,-1.0,-1.0,1,0,1,0,0.0,0.01756923981912357
791,stimulus,43,8,3,0,0,-1.0,-1.0,1,0,1,0,0.0002673723018894676,0.01783661212101304
792,stimulus,43,7,3,0,0,-1.0,-1.0,1,0,1,0,0.0,0.01783661212101304
793,stimulus,43,5,3,0,0,-1.0,-1.0,1,0,1,0,0.0003996291894282235,0.018236241310441263
794,stimulus,43,2,5,1,0,-1.0,-1.0,1,0,1,0,0.0,0.018236241310441263
795,stimulus,43,5,3,0,0,-1.0,-1.0,1,0,1,0,0.0003996291894282235,0.01863587049986949
796,stimulus,43,8,3,0,0,-1.0,-1.0,1,0,1,0,0.0002673723018894676,0.01890324280175896
797,stimulus,43,8,3,0,0,-1.0,-1.0,1,0,1,0,0.0003106794906800987,0.019213922292439057
798,stimulus,43,0,3,0,0,-1.0,-1.0,1,0,1,0,0.0002673723018894676,0.019481294594328524
799,stimulus,43,8,3,0,0,-1.0,-1.0,1,0,1,0,0.0003106794906800987,0.019791974085008622
800,stimulus,43,8,3,0,0,-1.0,-1.0,1,0,1,0,0.0003106794906800987,0.020102653575688724
801,stimulus,43,3,3,0,1,1.0,1.0,0,nan,nan,nan,0.0,0.020102653575688724
802,stimulus,43,7,2,0,0,-1.0,-1.0,1,1,0,0,0.0003106794906800987,0.020413333066368822
803,stimulus,43,6,5,1,1,1.0,1.0,0,nan,nan,nan,0.0,0.020413333066368822
804,stimulus,43,3,6,1,0,-1.0,-1.0,1,1,0,0,0.0,0.020413333066368822
805,stimulus,43,8,3,0,0,-1.0,-1.0,1,0,1,0,0.0003106794906800987,0.02072401255704892
806,stimulus,43,7,3,0,0,-1.0,-1.0,1,0,1,0,0.0,0.02072401255704892
807,stimulus,43,1,3,0,0,-1.0,-1.0,1,0,1,0,0.0,0.02072401255704892
808,stimulus,43,8,3,0,0,-1.0,-1.0,1,0,1,0,0.0003106794906800987,0.02103469204772902
809,stimulus,43,5,3,0,0,-1.0,-1.0,1,0,1,0,0.0003996291894282235,0.021434321237157244
810,stimulus,43,7,5,1,0,-1.0,-1.0,1,0,1,0,0.0,0.021434321237157244
811,stimulus,43,8,3,0,0,-1.0,-1.0,1,0,1,0,0.0003106794906800987,0.02174500072783734
812,stimulus,43,1,3,0,0,-1.0,-1.0,1,0,1,0,0.0,0.02174500072783734
813,stimulus,43,7,3,0,0,-1.0,-1.0,1,0,1,0,0.0,0.02174500072783734
814,stimulus,43,0,3,0,0,-1.0,-1.0,1,0,1,0,0.0002673723018894676,0.02201237302972681
815,stimulus,43,2,3,0,1,1.0,1.0,0,nan,nan,nan,0.0,0.02201237302972681
816,stimulus,43,4,2,0,0,-1.0,-1.0,1,1,0,0,0.0003996291894282235,0.022412002219155035
817,stimulus,43,5,3,0,0,-1.0,-1.0,1,0,1,0,0.0003996291894282235,0.022811631408583256
818,stimulus,43,8,3,0,0,-1.0,-1.0,1,0,1,0,0.0003106794906800987,0.023122310899263355
819,stimulus,43,8,3,0,0,-1.0,-1.0,1,0,1,0,0.0003106794906800987,0.023432990389943453
820,stimulus,43,4,3,0,1,1.0,1.0,0,nan,nan,nan,0.0,0.023432990389943453
821,stimulus,43,5,2,0,0,-1.0,-1.0,1,1,0,0,0.0,0.023432990389943453
822,stimulus,43,3,5,1,0,-1.0,-1.0,1,0,1,0,0.0,0.023432990389943453
823,stimulus,43,0,3,0,0,-1.0,-1.0,1,0,1,0,0.0002673723018894676,0.02370036269183292
824,stimulus,43,3,3,0,1,1.0,1.0,0,nan,nan,nan,0.0,0.02370036269183292
825,stimulus,43,1,4,1,0,-1.0,-1.0,1,1,0,0,0.0,0.02370036269183292
826,stimulus,43,5,3,0,0,-1.0,-1.0,1,0,1,0,0.0003996291894282235,0.024099991881261145
827,stimulus,43,8,3,0,0,-1.0,-1.0,1,0,1,0,0.0003106794906800987,0.024410671371941244
828,stimulus,43,7,3,0,0,-1.0,-1.0,1,0,1,0,0.0,0.024410671371941244
829,stimulus,43,2,5,1,0,-1.0,-1.0,1,0,1,0,0.0,0.024410671371941244
830,stimulus,43,7,3,0,0,-1.0,-1.0,1,0,1,0,0.0,0.024410671371941244
831,stimulus,43,0,3,0,0,-1.0,-1.0,1,0,1,0,0.0002673723018894676,0.024678043673830714
832,stimulus,43,0,3,0,0,-1.0,-1.0,1,0,1,0,0.0002673723018894676,0.02494541597572018
833,stimulus,43,7,5,1,0,-1.0,-1.0,1,0,1,0,0.0,0.02494541597572018
834,stimulus,43,3,3,0,1,1.0,1.0,0,nan,nan,nan,0.0,0.02494541597572018
835,stimulus,43,2,4,1,0,-1.0,-1.0,1,1,0,0,0.0,0.02494541597572018
836,stimulus,43,0,3,0,0,-1.0,-1.0,1,0,1,0,0.0003106794906800987,0.02525609546640028
837,stimulus,43,0,3,0,0,-1.0,-1.0,1,0,1,0,0.0003106794906800987,0.02556677495708038
838,stimulus,43,3,3,0,1,1.0,1.0,0,nan,nan,nan,0.0,0.02556677495708038
839,stimulus,43,7,2,0,0,-1.0,-1.0,1,1,0,0,0.0003106794906800987,0.02587745444776048
840,stimulus,43,1,3,0,0,-1.0,-1.0,1,0,1,0,0.0,0.02587745444776048
841,stimulus,43,7,3,0,0,-1.0,-1.0,1,0,1,0,0.0,0.02587745444776048
842,stimulus,43,1,3,0,0,-1.0,-1.0,1,0,1,0,0.0,0.02587745444776048
843,stimulus,43,7,3,0,0,-1.0,-1.0,1,0,1,0,0.0,0.02587745444776048
844,stimulus,43,6,5,1,1,1.0,1.0,0,nan,nan,nan,0.0,0.02587745444776048
845,stimulus,43,4,4,0,1,1.0,1.0,0,nan,nan,nan,0.0,0.02587745444776048
846,stimulus,43,2,5,1,0,-1.0,-1.0,1,2,0,0,0.0,0.02587745444776048
847,stimulus,43,8,3,0,0,-1.0,-1.0,1,0,1,0,0.0003106794906800987,0.026188133938440578
848,stimulus,43,2,5,1,0,-1.0,-1.0,1,0,1,0,0.0,0.026188133938440578
849,stimulus,43,1,5,1,0,-1.0,-1.0,1,0,1,0,0.0,0.026188133938440578
850,stimulus,43,5,3,0,0,-1.0,-1.0,1,0,1,0,0.0003996291894282235,0.026587763127868803
851,stimulus,43,8,3,0,0,-1.0,-1.0,1,0,1,0,0.0003106794906800987,0.0268984426185489
852,stimulus,43,4,3,0,1,1.0,1.0,0,nan,nan,nan,0.0,0.0268984426185489
853,stimulus,43,5,4,1,1,1.0,1.0,0,nan,nan,nan,0.0,0.0268984426185489
854,stimulus,43,1,5,1,0,-1.0,-1.0,1,2,0,0,0.0,0.0268984426185489
855,stimulus,43,7,3,0,0,-1.0,-1.0,1,0,1,0,0.0,0.0268984426185489
856,stimulus,43,1,5,1,0,-1.0,-1.0,1,0,1,0,0.0,0.0268984426185489
857,stimulus,43,6,5,1,1,1.0,1.0,0,nan,nan,nan,0.0,0.0268984426185489
858,stimulus,43,0,6,1,0,-1.0,-1.0,1,1,0,0,9.76720350921151e-05,0.026996114653641018
859,stimulus,43,1,3,0,0,-1.0,-1.0,1,0,1,0,0.0,0.026996114653641018
860,stimulus,43,8,3,0,0,-1.0,-1.0,1,0,1,0,0.0003106794906800987,0.027306794144321116
861,stimulus,43,7,5,1,0,-1.0,-1.0,1,0,1,0,0.0,0.027306794144321116
862,stimulus,43,4,5,1,1,1.0,1.0,0,nan,nan,nan,0.0,0.027306794144321116
863,stimulus,43,3,4,0,1,1.0,1.0,0,nan,nan,nan,0.0,0.027306794144321116
864,stimulus,43,4,3,0,1,1.0,1.0,0,nan,nan,nan,0.0,0.027306794144321116
865,stimulus,43,4,2,0,0,-1.0,-1.0,1,3,0,1,0.0003996291894282235,0.02770642333374934
866,stimulus,43,4,5,1,1,1.0,1.0,0,nan,nan,nan,0.0,0.02770642333374934
867,stimulus,43,4,4,0,1,1.0,1.0,0,nan,nan,nan,0.0,0.02770642333374934
868,stimulus,43,6,3,0,0,-1.0,-1.0,1,2,0,0,0.0,0.02770642333374934
869,stimulus,43,4,3,0,1,1.0,1.0,0,nan,nan,nan,0.0,0.02770642333374934
870,stimulus,43,8,2,0,0,-1.0,-1.0,1,1,0,0,0.0,0.02770642333374934
871,stimulus,43,7,5,1,0,-1.0,-1.0,1,0,1,0,0.0,0.02770642333374934
872,stimulus,43,2,3,0,1,1.0,1.0,0,nan,nan,nan,0.0,0.02770642333374934
873,stimulus,43,8,2,0,0,-1.0,-1.0,1,1,0,0,0.0,0.02770642333374934
874,stimulus,43,0,3,0,0,-1.0,-1.0,1,0,1,0,0.0003106794906800987,0.02801710282442944
875,stimulus,43,8,3,0,0,-1.0,-1.0,1,0,1,0,0.0003106794906800987,0.02832778231510954
876,stimulus,43,4,3,0,1,1.0,1.0,0,nan,nan,nan,0.0,0.02832778231510954
877,stimulus,43,2,4,1,0,-1.0,-1.0,1,1,0,0,0.0,0.02832778231510954
878,stimulus,43,6,3,0,0,-1.0,-1.0,1,0,1,0,0.0,0.02832778231510954
879,stimulus,43,3,3,0,1,1.0,1.0,0,nan,nan,nan,0.0,0.02832778231510954
880,stimulus,43,3,2,0,1,1.0,1.0,0,nan,nan,nan,0.0,0.02832778231510954
881,stimulus,43,5,3,1,0,-1.0,-1.0,1,2,0,0,0.0,0.02832778231510954
882,stimulus,43,2,3,0,1,1.0,1.0,0,nan,nan,nan,0.0,0.02832778231510954
883,stimulus,43,1,4,1,0,-1.0,-1.0,1,1,0,0,0.0,0.02832778231510954
884,stimulus,43,4,3,0,1,1.0,1.0,0,nan,nan,nan,0.0,0.02832778231510954
885,stimulus,43,6,4,1,0,-1.0,-1.0,1,1,0,0,0.0,0.02832778231510954
886,stimulus,43,6,5,1,1,1.0,1.0,0,nan,nan,nan,0.0,0.02832778231510954
887,stimulus,43,1,4,0,0,-1.0,-1.0,1,1,0,0,0.0003106794906800987,0.02863846180578964
888,stimulus,43,4,3,0,1,1.0,1.0,0,nan,nan,nan,0.0,0.02863846180578964
889,stimulus,43,7,2,0,0,-1.0,-1.0,1,1,0,0,0.0003106794906800987,0.02894914129646974
890,stimulus,43,8,3,0,0,-1.0,-1.0,1,0,1,0,0.0003106794906800987,0.029259820787149837
891,stimulus,43,7,3,0,0,-1.0,-1.0,1,0,1,0,0.0,0.029259820787149837
892,stimulus,43,5,3,0,0,-1.0,-1.0,1,0,1,0,0.0003996291894282235,0.029659449976578062
893,stimulus,43,2,5,1,0,-1.0,-1.0,1,0,1,0,0.0,0.029659449976578062
894,stimulus,43,4,3,0,1,1.0,1.0,0,nan,nan,nan,0.0,0.029659449976578062
895,stimulus,43,6,2,0,0,-1.0,-1.0,1,1,0,0,0.0,0.029659449976578062
896,stimulus,43,0,3,0,0,-1.0,-1.0,1,0,1,0,0.0003106794906800987,0.02997012946725816
897,stimulus,43,1,5,1,0,-1.0,-1.0,1,0,1,0,0.0,0.02997012946725816
898,stimulus,43,4,5,1,1,1.0,1.0,0,nan,nan,nan,0.0,0.02997012946725816
899,stimulus,43,8,6,1,0,-1.0,-1.0,1,1,0,0,0.0,0.02997012946725816
900,stimulus,43,0,3,0,0,-1.0,-1.0,1,0,1,0,0.0003106794906800987,0.03028080895793826
901,stimulus,43,1,5,1,0,-1.0,-1.0,1,0,1,0,0.0,0.03028080895793826
902,stimulus,43,0,3,0,0,-1.0,-1.0,1,0,1,0,0.0003106794906800987,0.030591488448618358
903,stimulus,43,2,5,1,0,-1.0,-1.0,1,0,1,0,0.0,0.030591488448618358
904,stimulus,43,7,5,1,0,-1.0,-1.0,1,0,1,0,0.0,0.030591488448618358
905,stimulus,43,3,3,0,1,1.0,1.0,0,nan,nan,nan,0.0,0.030591488448618358
906,stimulus,43,7,2,0,0,-1.0,-1.0,1,1,0,0,0.0003106794906800987,0.03090216793929846
907,stimulus,43,0,3,0,0,-1.0,-1.0,1,0,1,0,0.0003106794906800987,0.031212847429978558
908,stimulus,43,4,5,1,1,1.0,1.0,0,nan,nan,nan,0.0,0.031212847429978558
909,stimulus,43,2,6,1,0,-1.0,-1.0,1,1,0,0,0.0,0.031212847429978558
910,stimulus,43,2,3,0,1,1.0,1.0,0,nan,nan,nan,0.0,0.031212847429978558
911,stimulus,43,1,4,1,0,-1.0,-1.0,1,1,0,0,0.0,0.031212847429978558
912,stimulus,43,2,5,1,0,-1.0,-1.0,1,0,1,0,0.0,0.031212847429978558
913,stimulus,43,7,5,1,0,-1.0,-1.0,1,0,1,0,0.0,0.031212847429978558
914,stimulus,43,6,5,1,1,1.0,1.0,0,nan,nan,nan,0.0,0.031212847429978558
915,stimulus,43,4,4,0,1,1.0,1.0,0,nan,nan,nan,0.0,0.031212847429978558
916,stimulus,43,0,3,0,0,-1.0,-1.0,1,2,0,0,0.0003106794906800987,0.03152352692065866
917,stimulus,43,5,5,1,1,1.0,1.0,0,nan,nan,nan,0.0003996291894282235,0.03112389773123043
918,stimulus,43,5,4,0,1,1.0,1.0,0,nan,nan,nan,0.0,0.03112389773123043
919,stimulus,43,2,5,1,0,-1.0,-1.0,1,2,0,0,0.0,0.03112389773123043
920,stimulus,43,4,3,0,1,1.0,1.0,0,nan,nan,nan,0.0,0.03112389773123043
921,stimulus,43,2,4,1,0,-1.0,-1.0,1,1,0,0,0.0,0.03112389773123043
922,stimulus,43,8,3,0,0,-1.0,-1.0,1,0,1,0,0.0003106794906800987,0.03143457722191053
923,stimulus,43,7,5,1,0,-1.0,-1.0,1,0,1,0,0.0,0.03143457722191053
924,stimulus,43,6,3,0,0,-1.0,-1.0,1,0,1,0,0.0,0.03143457722191053
925,stimulus,43,2,5,1,0,-1.0,-1.0,1,0,1,0,0.0,0.03143457722191053
926,stimulus,43,3,3,0,1,1.0,1.0,0,nan,nan,nan,0.0,0.03143457722191053
927,stimulus,43,3,2,0,1,1.0,1.0,0,nan,nan,nan,0.0,0.03143457722191053
928,stimulus,43,5,1,0,0,-1.0,-1.0,1,2,0,0,0.0,0.03143457722191053
929,stimulus,43,1,5,1,0,-1.0,-1.0,1,0,1,0,0.0,0.03143457722191053
930,stimulus,43,1,3,0,0,-1.0,-1.0,1,0,1,0,0.0,0.03143457722191053
931,stimulus,43,0,3,0,0,-1.0,-1.0,1,0,1,0,0.0003106794906800987,0.03174525671259063
932,stimulus,43,0,3,0,0,-1.0,-1.0,1,0,1,0,0.0003106794906800987,0.03205593620327073
933,stimulus,43,7,5,1,0,-1.0,-1.0,1,0,1,0,0.0,0.03205593620327073
934,stimulus,43,6,5,1,1,1.0,1.0,0,nan,nan,nan,0.0,0.03205593620327073
935,stimulus,43,2,4,0,0,-1.0,-1.0,1,1,0,0,0.0,0.03205593620327073
936,stimulus,43,5,3,0,0,-1.0,-1.0,1,0,1,0,0.0003996291894282235,0.032455565392698955
937,stimulus,43,8,3,0,0,-1.0,-1.0,1,0,1,0,0.0003106794906800987,0.03276624488337905
938,stimulus,43,3,5,1,0,-1.0,-1.0,1,0,1,0,0.0,0.03276624488337905
939,stimulus,43,3,5,1,0,-1.0,-1.0,1,0,1,0,0.0,0.03276624488337905
940,stimulus,43,6,5,1,1,1.0,1.0,0,nan,nan,nan,0.0,0.03276624488337905
941,stimulus,43,1,4,0,0,-1.0,-1.0,1,1,0,0,0.0003106794906800987,0.033076924374059145
942,stimulus,43,7,5,1,0,-1.0,-1.0,1,0,1,0,0.0,0.033076924374059145
943,stimulus,43,3,5,1,0,-1.0,-1.0,1,0,1,0,0.0,0.033076924374059145
944,stimulus,43,1,3,0,0,-1.0,-1.0,1,0,1,0,0.0,0.033076924374059145
945,stimulus,43,0,3,0,0,-1.0,-1.0,1,0,1,0,0.0003106794906800987,0.03338760386473925
946,stimulus,43,4,5,1,1,1.0,1.0,0,nan,nan,nan,0.0,0.03338760386473925
947,stimulus,43,3,4,0,1,1.0,1.0,0,nan,nan,nan,0.0,0.03338760386473925
948,stimulus,43,0,3,0,0,-1.0,-1.0,1,2,0,0,0.0003106794906800987,0.03369828335541934
949,stimulus,43,4,5,1,1,1.0,1.0,0,nan,nan,nan,0.0,0.03369828335541934
950,stimulus,43,2,4,0,0,-1.0,-1.0,1,1,0,0,0.0,0.03369828335541934
951,stimulus,43,8,3,0,0,-1.0,-1.0,1,0,1,0,0.0003996291894282235,0.03409791254484758
952,stimulus,43,2,3,0,1,1.0,1.0,0,nan,nan,nan,0.0,0.03409791254484758
953,stimulus,43,1,4,1,0,-1.0,-1.0,1,1,0,0,0.0,0.03409791254484758
954,stimulus,43,4,3,0,1,1.0,1.0,0,nan,nan,nan,0.0,0.03409791254484758
955,stimulus,43,2,4,1,0,-1.0,-1.0,1,1,0,0,0.0,0.03409791254484758
956,stimulus,43,7,3,0,0,-1.0,-1.0,1,0,1,0,0.0,0.03409791254484758
957,stimulus,43,0,3,0,0,-1.0,-1.0,1,0,1,0,0.0003106794906800987,0.03440859203552767
958,stimulus,43,0,3,0,0,-1.0,-1.0,1,0,1,0,0.0003106794906800987,0.034719271526207775
959,stimulus,43,3,5,1,0,-1.0,-1.0,1,0,1,0,0.0,0.034719271526207775
960,stimulus,43,2,5,1,0,-1.0,-1.0,1,0,1,0,0.0,0.034719271526207775
961,stimulus,43,8,3,0,0,-1.0,-1.0,1,0,1,0,0.0003996291894282235,0.03511890071563599
962,stimulus,43,0,3,0,0,-1.0,-1.0,1,0,1,0,0.0003106794906800987,0.03542958020631609
963,stimulus,43,6,5,1,1,1.0,1.0,0,nan,nan,nan,0.0,0.03542958020631609
964,stimulus,43,0,6,1,0,-1.0,-1.0,1,1,0,0,9.76720350921151e-05,0.0355272522414082
965,stimulus,43,3,5,1,0,-1.0,-1.0,1,0,1,0,0.0,0.0355272522414082
966,stimulus,43,3,5,1,0,-1.0,-1.0,1,0,1,0,0.0,0.0355272522414082
967,stimulus,43,8,3,0,0,-1.0,-1.0,1,0,1,0,0.0003996291894282235,0.03592688143083643
968,stimulus,43,2,3,0,1,1.0,1.0,0,nan,nan,nan,0.0,0.03592688143083643
969,stimulus,43,5,4,1,1,1.0,1.0,0,nan,nan,nan,0.0,0.03592688143083643
970,stimulus,43,7,3,0,0,-1.0,-1.0,1,2,0,0,0.0,0.03592688143083643
971,stimulus,43,5,3,0,0,-1.0,-1.0,1,0,1,0,0.0003996291894282235,0.03632651062026466
972,stimulus,43,4,3,0,1,1.0,1.0,0,nan,nan,nan,0.0,0.03632651062026466
973,stimulus,43,1,2,0,1,1.0,1.0,0,nan,nan,nan,0.0,0.03632651062026466
974,stimulus,43,2,1,0,1,1.0,1.0,0,nan,nan,nan,0.0,0.03632651062026466
975,stimulus,43,5,0,0,0,-1.0,-1.0,1,3,0,1,0.0003996291894282235,0.03672613980969287
976,stimulus,43,4,3,0,1,1.0,1.0,0,nan,nan,nan,0.0,0.03672613980969287
977,stimulus,43,1,2,0,1,1.0,1.0,0,nan,nan,nan,0.0,0.03672613980969287
978,stimulus,43,2,1,0,1,1.0,1.0,0,nan,nan,nan,0.0,0.03672613980969287
979,stimulus,43,1,2,1,1,1.0,1.0,0,nan,nan,nan,0.0,0.03672613980969287
980,stimulus,43,7,3,1,0,-1.0,-1.0,1,4,0,1,0.0,0.03672613980969287
981,stimulus,43,0,3,0,0,-1.0,-1.0,1,0,1,0,0.0003106794906800987,0.037036819300372975
982,stimulus,43,0,3,0,0,-1.0,-1.0,1,0,1,0,0.0003106794906800987,0.03734749879105308
983,stimulus,43,5,3,0,0,-1.0,-1.0,1,0,1,0,0.0003996291894282235,0.037732951503331204
984,stimulus,43,5,3,0,0,-1.0,-1.0,1,0,1,0,0.0003996291894282235,0.037732951503331204
985,stimulus,43,6,3,0,0,-1.0,-1.0,1,0,1,0,0.0,0.037732951503331204
986,stimulus,43,0,3,0,0,-1.0,-1.0,1,0,1,0,0.0003106794906800987,0.0380436309940113
987,stimulus,43,3,3,0,1,1.0,1.0,0,nan,nan,nan,0.0,0.0380436309940113
988,stimulus,43,3,2,0,1,1.0,1.0,0,nan,nan,nan,0.0,0.0380436309940113
989,stimulus,43,5,3,1,0,-1.0,-1.0,1,2,0,0,0.0,0.0380436309940113
990,stimulus,43,4,3,0,1,1.0,1.0,0,nan,nan,nan,0.0,0.0380436309940113
991,stimulus,43,8,4,1,0,-1.0,-1.0,1,1,0,0,0.0,0.0380436309940113
992,stimulus,43,1,5,1,0,-1.0,-1.0,1,0,1,0,0.0,0.0380436309940113
993,stimulus,43,5,3,0,0,-1.0,-1.0,1,0,1,0,0.0003996291894282235,0.0380436309940113
994,stimulus,43,7,3,0,0,-1.0,-1.0,1,0,1,0,0.0,0.0380436309940113
995,stimulus,43,1,3,0,0,-1.0,-1.0,1,0,1,0,0.0,0.0380436309940113
996,stimulus,43,4,5,1,1,1.0,1.0,0,nan,nan,nan,0.0,0.0380436309940113
997,stimulus,43,5,4,0,1,1.0,1.0,0,nan,nan,nan,0.0,0.0380436309940113
998,stimulus,43,7,5,1,0,-1.0,-1.0,1,2,0,0,0.0,0.0380436309940113
999,stimulus,43,3,5,1,0,-1.0,-1.0,1,0,1,0,0.0,0.0380436309940113
1000,stimulus,43,2,3,0,1,1.0,1.0,0,nan,nan,nan,0.0,0.0380436309940113
1001,stimulus,43,4,2,0,0,-1.0,-1.0,1,1,0,0,0.0003996291894282235,0.0380436309940113
1002,stimulus,43,4,5,1,1,1.0,1.0,0,nan,nan,nan,0.0,0.0380436309940113
1003,stimulus,43,6,4,0,0,-1.0,-1.0,1,1,0,0,0.0003996291894282235,0.0380436309940113
1004,stimulus,43,1,5,1,0,-1.0,-1.0,1,0,1,0,0.0,0.0380436309940113
1005,stimulus,43,4,3,0,1,1.0,1.0,0,nan,nan,nan,0.0,0.0380436309940113
1006,stimulus,43,5,2,0,0,-1.0,-1.0,1,1,0,0,0.0,0.0380436309940113
1007,stimulus,43,1,5,1,0,-1.0,-1.0,1,0,1,0,0.0,0.0380436309940113
1008,stimulus,43,1,3,0,0,-1.0,-1.0,1,0,1,0,0.0,0.0380436309940113
1009,stimulus,43,5,3,0,0,-1.0,-1.0,1,0,1,0,0.0003996291894282235,0.0380436309940113
1010,stimulus,43,5,3,0,0,-1.0,-1.0,1,0,1,0,0.0003996291894282235,0.0380436309940113
1011,stimulus,43,4,5,1,1,1.0,1.0,0,nan,nan,nan,0.0,0.0380436309940113
1012,stimulus,43,5,4,0,1,1.0,1.0,0,nan,nan,nan,0.0,0.0380436309940113
1013,stimulus,43,1,5,1,0,-1.0,-1.0,1,2,0,0,0.0,0.0380436309940113
1014,stimulus,43,3,3,0,1,1.0,1.0,0,nan,nan,nan,0.0,0.0380436309940113
1015,stimulus,43,6,2,0,0,-1.0,-1.0,1,1,0,0,0.0,0.0380436309940113
1016,stimulus,43,7,3,0,0,-1.0,-1.0,1,0,1,0,0.0,0.0380436309940113
1017,stimulus,43,7,3,0,0,-1.0,-1.0,1,0,1,0,0.0,0.0380436309940113
1018,stimulus,43,8,3,0,0,-1.0,-1.0,1,0,1,0,0.0003996291894282235,0.038443260183439534
1019,stimulus,43,8,3,0,0,-1.0,-1.0,1,0,1,0,0.0003996291894282235,0.03884288937286775
1020,stimulus,43,6,5,1,1,1.0,1.0,0,nan,nan,nan,0.0,0.03884288937286775
1021,stimulus,43,8,6,1,0,-1.0,-1.0,1,1,0,0,0.0,0.03884288937286775
1022,stimulus,43,1,5,1,0,-1.0,-1.0,1,0,1,0,0.0,0.03884288937286775
1023,stimulus,43,2,3,0,1,1.0,1.0,0,nan,nan,nan,0.0,0.03884288937286775
1024,stimulus,43,1,2,0,1,1.0,1.0,0,nan,nan,nan,0.0,0.03884288937286775
1025,stimulus,43,5,1,0,0,-1.0,-1.0,1,2,0,0,0.0,0.03884288937286775
1026,stimulus,43,2,3,0,1,1.0,1.0,0,nan,nan,nan,0.0,0.03884288937286775
1027,stimulus,43,3,4,1,1,1.0,1.0,0,nan,nan,nan,0.0,0.03884288937286775
1028,stimulus,43,3,3,0,1,1.0,1.0,0,nan,nan,nan,0.0,0.03884288937286775
1029,stimulus,43,2,2,0,1,1.0,1.0,0,nan,nan,nan,0.0,0.03884288937286775
1030,stimulus,43,6,1,0,0,-1.0,-1.0,1,4,0,1,0.0003996291894282235,0.03924251856229598
1031,stimulus,43,7,5,1,0,-1.0,-1.0,1,0,1,0,0.0,0.03924251856229598
1032,stimulus,43,8,3,0,0,-1.0,-1.0,1,0,1,0,0.0003996291894282235,0.0396421477517242
1033,stimulus,43,2,5,1,0,-1.0,-1.0,1,0,1,0,0.0,0.0396421477517242
1034,stimulus,43,5,3,0,0,-1.0,-1.0,1,0,1,0,0.0003996291894282235,0.0396421477517242
1035,stimulus,43,6,5,1,1,1.0,1.0,0,nan,nan,nan,0.0,0.0396421477517242
1036,stimulus,43,8,4,0,0,-1.0,-1.0,1,1,0,0,0.0,0.0396421477517242
1037,stimulus,43,1,5,1,0,-1.0,-1.0,1,0,1,0,0.0,0.0396421477517242
1038,stimulus,43,6,5,1,1,1.0,1.0,0,nan,nan,nan,0.0,0.0396421477517242
1039,stimulus,43,6,4,0,0,-1.0,-1.0,1,1,0,0,0.0003996291894282235,0.0396421477517242
1040,stimulus,43,3,5,1,0,-1.0,-1.0,1,0,1,0,0.0,0.0396421477517242
1041,stimulus,43,6,3,0,0,-1.0,-1.0,1,0,1,0,0.0,0.0396421477517242
1042,stimulus,43,0,3,0,0,-1.0,-1.0,1,0,1,0,0.0003996291894282235,0.04004177694115243
1043,stimulus,43,3,3,0,1,1.0,1.0,0,nan,nan,nan,0.0,0.04004177694115243
1044,stimulus,43,8,2,0,0,-1.0,-1.0,1,1,0,0,0.0,0.04004177694115243
1045,stimulus,43,7,5,1,0,-1.0,-1.0,1,0,1,0,0.0,0.04004177694115243
1046,stimulus,43,6,3,0,0,-1.0,-1.0,1,0,1,0,0.0,0.04004177694115243
1047,stimulus,43,6,5,1,1,1.0,1.0,0,nan,nan,nan,0.0,0.04004177694115243
1048,stimulus,43,1,4,0,0,-1.0,-1.0,1,1,0,0,0.0003996291894282235,0.04044140613058065
1049,stimulus,43,3,5,1,0,-1.0,-1.0,1,0,1,0,0.0,0.04044140613058065
1050,stimulus,43,1,3,0,0,-1.0,-1.0,1,0,1,0,0.0,0.04044140613058065
1051,stimulus,43,6,5,1,1,1.0,1.0,0,nan,nan,nan,0.0,0.04044140613058065
1052,stimulus,43,3,4,0,1,1.0,1.0,0,nan,nan,nan,0.0,0.04044140613058065
1053,stimulus,43,5,3,0,0,-1.0,-1.0,1,2,0,0,0.0003996291894282235,0.04044140613058065
1054,stimulus,43,2,5,1,0,-1.0,-1.0,1,0,1,0,0.0,0.04044140613058065
1055,stimulus,43,2,3,0,1,1.0,1.0,0,nan,nan,nan,0.0,0.04044140613058065
1056,stimulus,43,4,2,0,0,-1.0,-1.0,1,1,0,0,0.0003996291894282235,0.04044140613058065
1057,stimulus,43,7,5,1,0,-1.0,-1.0,1,0,1,0,0.0,0.04044140613058065
1058,stimulus,43,6,5,1,1,1.0,1.0,0,nan,nan,nan,0.0,0.04044140613058065
1059,stimulus,43,0,6,1,0,-1.0,-1.0,1,1,0,0,9.76720350921151e-05,0.04053907816567277
1060,stimulus,43,3,5,1,0,-1.0,-1.0,1,0,1,0,0.0,0.04053907816567277
1061,stimulus,43,4,3,0,1,1.0,1.0,0,nan,nan,nan,0.0,0.04053907816567277
1062,stimulus,43,2,2,0,1,1.0,1.0,0,nan,nan,nan,0.0,0.04053907816567277
1063,stimulus,43,8,3,1,0,-1.0,-1.0,1,2,0,0,0.0,0.04053907816567277
1064,stimulus,43,1,5,1,0,-1.0,-1.0,1,0,1,0,0.0,0.04053907816567277
1065,stimulus,43,8,3,0,0,-1.0,-1.0,1,0,1,0,0.0003996291894282235,0.040938707355101
1066,stimulus,43,4,3,0,1,1.0,1.0,0,nan,nan,nan,0.0,0.040938707355101
1067,stimulus,43,2,2,0,1,1.0,1.0,0,nan,nan,nan,0.0,0.040938707355101
1068,stimulus,43,2,1,0,1,1.0,1.0,0,nan,nan,nan,0.0,0.040938707355101
1069,stimulus,43,3,0,0,0,-1.0,-1.0,1,3,0,1,0.0,0.040938707355101
1070,stimulus,43,1,5,1,0,-1.0,-1.0,1,0,1,0,0.0,0.040938707355101
1071,stimulus,43,1,3,0,0,-1.0,-1.0,1,0,1,0,0.0,0.040938707355101
1072,stimulus,43,2,5,1,0,-1.0,-1.0,1,0,1,0,0.0,0.040938707355101
1073,stimulus,43,8,3,0,0,-1.0,-1.0,1,0,1,0,0.0003996291894282235,0.04133833654452922
1074,stimulus,43,1,3,0,0,-1.0,-1.0,1,0,1,0,0.0,0.04133833654452922
1075,stimulus,43,1,5,1,0,-1.0,-1.0,1,0,1,0,0.0,0.04133833654452922
1076,stimulus,43,6,5,1,1,1.0,1.0,0,nan,nan,nan,0.0,0.04133833654452922
1077,stimulus,43,0,6,1,0,-1.0,-1.0,1,1,0,0,0.00011192610341451545,0.041450262647943735
1078,stimulus,43,4,3,0,1,1.0,1.0,0,nan,nan,nan,0.0,0.041450262647943735
1079,stimulus,43,3,2,0,1,1.0,1.0,0,nan,nan,nan,0.0,0.041450262647943735
1080,stimulus,43,2,3,1,1,1.0,1.0,0,nan,nan,nan,0.0,0.041450262647943735
1081,stimulus,43,7,2,0,0,-1.0,-1.0,1,3,0,1,0.0003996291894282235,0.041849891837371964
1082,stimulus,43,8,3,0,0,-1.0,-1.0,1,0,1,0,0.0003996291894282235,0.042249521026800185
1083,stimulus,43,3,3,0,1,1.0,1.0,0,nan,nan,nan,0.0,0.042249521026800185
1084,stimulus,43,7,2,0,0,-1.0,-1.0,1,1,0,0,0.0003996291894282235,0.042649150216228414
1085,stimulus,43,2,5,1,0,-1.0,-1.0,1,0,1,0,0.0,0.042649150216228414
1086,stimulus,43,4,5,1,1,1.0,1.0,0,nan,nan,nan,0.0,0.042649150216228414
1087,stimulus,43,2,4,0,0,-1.0,-1.0,1,1,0,0,0.0,0.042649150216228414
1088,stimulus,43,7,3,0,0,-1.0,-1.0,1,0,1,0,0.0,0.042649150216228414
1089,stimulus,43,0,3,0,0,-1.0,-1.0,1,0,1,0,0.0003996291894282235,0.043048779405656636
1090,stimulus,43,7,5,1,0,-1.0,-1.0,1,0,1,0,0.0,0.043048779405656636
1091,stimulus,43,2,3,0,1,1.0,1.0,0,nan,nan,nan,0.0,0.043048779405656636
1092,stimulus,43,2,2,0,1,1.0,1.0,0,nan,nan,nan,0.0,0.043048779405656636
1093,stimulus,43,6,1,0,0,-1.0,-1.0,1,2,0,0,0.0003996291894282235,0.043448408595084864
1094,stimulus,43,7,5,1,0,-1.0,-1.0,1,0,1,0,0.0,0.043448408595084864
1095,stimulus,43,3,3,0,1,1.0,1.0,0,nan,nan,nan,0.0,0.043448408595084864
1096,stimulus,43,5,4,1,1,1.0,1.0,0,nan,nan,nan,0.0,0.043448408595084864
1097,stimulus,43,5,3,0,0,-1.0,-1.0,1,2,0,0,0.0003996291894282235,0.043448408595084864
1098,stimulus,43,0,3,0,0,-1.0,-1.0,1,0,1,0,0.0003996291894282235,0.043848037784513086
1099,stimulus,43,0,3,0,0,-1.0,-1.0,1,0,1,0,0.0003996291894282235,0.044247666973941314
1100,stimulus,43,0,3,0,0,-1.0,-1.0,1,0,1,0,0.0003996291894282235,0.04464729616336953
1101,stimulus,43,0,3,0,0,-1.0,-1.0,1,0,1,0,0.0003996291894282235,0.045046925352797765
1102,stimulus,43,6,3,0,0,-1.0,-1.0,1,0,1,0,0.0,0.045046925352797765
1103,stimulus,43,1,5,1,0,-1.0,-1.0,1,0,1,0,0.0,0.045046925352797765
1104,stimulus,43,2,3,0,1,1.0,1.0,0,nan,nan,nan,0.0,0.045046925352797765
1105,stimulus,43,8,2,0,0,-1.0,-1.0,1,1,0,0,0.0,0.045046925352797765
1106,stimulus,43,7,3,0,0,-1.0,-1.0,1,0,1,0,0.0,0.045046925352797765
1107,stimulus,43,2,5,1,0,-1.0,-1.0,1,0,1,0,0.0,0.045046925352797765
1108,stimulus,43,6,3,0,0,-1.0,-1.0,1,0,1,0,0.0,0.045046925352797765
1109,stimulus,43,5,3,0,0,-1.0,-1.0,1,0,1,0,0.0003996291894282235,0.045046925352797765
1110,stimulus,43,8,3,0,0,-1.0,-1.0,1,0,1,0,0.0003996291894282235,0.04508286740143054
1111,stimulus,43,5,3,0,0,-1.0,-1.0,1,0,1,0,0.0003996291894282235,0.04508286740143054
1112,stimulus,43,4,3,0,1,1.0,1.0,0,nan,nan,nan,0.0,0.04508286740143054
1113,stimulus,43,7,2,0,0,-1.0,-1.0,1,1,0,0,0.0003996291894282235,0.04508286740143054
1114,stimulus,43,8,3,0,0,-1.0,-1.0,1,0,1,0,0.0003996291894282235,0.04508286740143054
1115,stimulus,43,1,3,0,0,-1.0,-1.0,1,0,1,0,0.0,0.04508286740143054
1116,stimulus,43,0,3,0,0,-1.0,-1.0,1,0,1,0,0.0003996291894282235,0.04548249659085877
1117,stimulus,43,1,3,0,0,-1.0,-1.0,1,0,1,0,0.0,0.04548249659085877
1118,stimulus,43,6,5,1,1,1.0,1.0,0,nan,nan,nan,0.0,0.04548249659085877
1119,stimulus,43,4,4,0,1,1.0,1.0,0,nan,nan,nan,0.0,0.04548249659085877
1120,stimulus,43,3,3,0,1,1.0,1.0,0,nan,nan,nan,0.0,0.04548249659085877
1121,stimulus,43,8,2,0,0,-1.0,-1.0,1,3,0,1,0.0,0.04548249659085877
1122,stimulus,43,4,5,1,1,1.0,1.0,0,nan,nan,nan,0.0,0.04548249659085877
1123,stimulus,43,6,4,0,0,-1.0,-1.0,1,1,0,0,0.0003996291894282235,0.04548249659085877
1124,stimulus,43,4,3,0,1,1.0,1.0,0,nan,nan,nan,0.0,0.04548249659085877
1125,stimulus,43,7,2,0,0,-1.0,-1.0,1,1,0,0,0.0003996291894282235,0.04548249659085877
1126,stimulus,43,5,3,0,0,-1.0,-1.0,1,0,1,0,0.0003996291894282235,0.04548249659085877
1127,stimulus,43,2,3,0,1,1.0,1.0,0,nan,nan,nan,0.0,0.04548249659085877
1128,stimulus,43,1,4,1,0,-1.0,-1.0,1,1,0,0,0.0,0.04548249659085877
1129,stimulus,43,6,5,1,1,1.0,1.0,0,nan,nan,nan,0.0,0.04548249659085877
1130,stimulus,43,4,6,1,0,-1.0,-1.0,1,1,0,0,0.0,0.04548249659085877
1131,stimulus,43,2,5,1,0,-1.0,-1.0,1,0,1,0,0.0,0.04548249659085877
1132,stimulus,43,6,3,0,0,-1.0,-1.0,1,0,1,0,0.0,0.04548249659085877
1133,stimulus,43,1,5,1,0,-1.0,-1.0,1,0,1,0,0.0,0.04548249659085877
1134,stimulus,43,1,5,1,0,-1.0,-1.0,1,0,1,0,0.0,0.04548249659085877
1135,stimulus,43,2,5,1,0,-1.0,-1.0,1,0,1,0,0.0,0.04548249659085877
1136,stimulus,43,0,3,0,0,-1.0,-1.0,1,0,1,0,0.0003996291894282235,0.045882125780286984
1137,stimulus,43,8,3,0,0,-1.0,-1.0,1,0,1,0,0.0003996291894282235,0.045882125780286984
1138,stimulus,43,7,3,0,0,-1.0,-1.0,1,0,1,0,0.0,0.045882125780286984
1139,stimulus,43,4,5,1,1,1.0,1.0,0,nan,nan,nan,0.0,0.045882125780286984
1140,stimulus,43,2,4,0,0,-1.0,-1.0,1,1,0,0,0.0,0.045882125780286984
1141,stimulus,43,8,3,0,0,-1.0,-1.0,1,0,1,0,0.0003996291894282235,0.045882125780286984
1142,stimulus,43,2,5,1,0,-1.0,-1.0,1,0,1,0,0.0,0.045882125780286984
1143,stimulus,43,7,5,1,0,-1.0,-1.0,1,0,1,0,0.0,0.045882125780286984
1144,stimulus,43,2,5,1,0,-1.0,-1.0,1,0,1,0,0.0,0.045882125780286984
1145,stimulus,43,1,5,1,0,-1.0,-1.0,1,0,1,0,0.0,0.045882125780286984
1146,stimulus,43,8,3,0,0,-1.0,-1.0,1,0,1,0,0.0003996291894282235,0.045882125780286984
1147,stimulus,43,2,5,1,0,-1.0,-1.0,1,0,1,0,0.0,0.045882125780286984
1148,stimulus,43,5,3,0,0,-1.0,-1.0,1,0,1,0,0.0003996291894282235,0.045882125780286984
1149,stimulus,43,5,3,0,0,-1.0,-1.0,1,0,1,0,0.0003996291894282235,0.045882125780286984
1150,stimulus,43,8,3,0,0,-1.0,-1.0,1,0,1,0,0.0003996291894282235,0.045882125780286984
1151,stimulus,43,3,5,1,0,-1.0,-1.0,1,0,1,0,0.0,0.045882125780286984
1152,stimulus,43,7,5,1,0,-1.0,-1.0,1,0,1,0,0.0,0.045882125780286984
1153,stimulus,43,1,3,0,0,-1.0,-1.0,1,0,1,0,0.0,0.045882125780286984
1154,stimulus,43,7,3,0,0,-1.0,-1.0,1,0,1,0,0.0,0.045882125780286984
1155,stimulus,43,3,3,0,1,1.0,1.0,0,nan,nan,nan,0.0,0.045882125780286984
1156,stimulus,43,0,4,1,0,-1.0,-1.0,1,1,0,0,0.0,0.045882125780286984
1157,stimulus,43,0,3,0,0,-1.0,-1.0,1,0,1,0,0.0003996291894282235,0.04628175496971522
1158,stimulus,43,1,3,0,0,-1.0,-1.0,1,0,1,0,0.0,0.04628175496971522
1159,stimulus,43,3,5,1,0,-1.0,-1.0,1,0,1,0,0.0,0.04628175496971522
1160,stimulus,43,8,3,0,0,-1.0,-1.0,1,0,1,0,0.0003996291894282235,0.04628175496971522
1161,stimulus,43,4,3,0,1,1.0,1.0,0,nan,nan,nan,0.0,0.04628175496971522
1162,stimulus,43,6,4,1,0,-1.0,-1.0,1,1,0,0,0.0,0.04628175496971522
1163,stimulus,43,3,3,0,1,1.0,1.0,0,nan,nan,nan,0.0,0.04628175496971522
1164,stimulus,43,6,4,1,0,-1.0,-1.0,1,1,0,0,0.0,0.04628175496971522
1165,stimulus,43,1,5,1,0,-1.0,-1.0,1,0,1,0,0.0,0.04628175496971522
1166,stimulus,43,4,5,1,1,1.0,1.0,0,nan,nan,nan,0.0,0.04628175496971522
1167,stimulus,43,4,4,0,1,1.0,1.0,0,nan,nan,nan,0.0,0.04628175496971522
1168,stimulus,43,2,3,0,1,1.0,1.0,0,nan,nan,nan,0.0,0.04628175496971522
1169,stimulus,43,4,2,0,0,-1.0,-1.0,1,3,0,1,0.0003996291894282235,0.04628175496971522
1170,stimulus,43,3,5,1,0,-1.0,-1.0,1,0,1,0,0.0,0.04628175496971522
1171,stimulus,43,8,3,0,0,-1.0,-1.0,1,0,1,0,0.0003996291894282235,0.04628175496971522
1172,stimulus,43,8,3,0,0,-1.0,-1.0,1,0,1,0,0.0003996291894282235,0.04628175496971522
1173,stimulus,43,5,3,0,0,-1.0,-1.0,1,0,1,0,0.0003996291894282235,0.04628175496971522
1174,stimulus,43,7,3,0,0,-1.0,-1.0,1,0,1,0,0.0,0.04628175496971522
1175,stimulus,43,6,3,0,0,-1.0,-1.0,1,0,1,0,0.0,0.04628175496971522
1176,stimulus,43,3,3,0,1,1.0,1.0,0,nan,nan,nan,0.0,0.04628175496971522
1177,stimulus,43,5,2,0,0,-1.0,-1.0,1,1,0,0,0.0,0.04628175496971522
1178,stimulus,43,4,5,1,1,1.0,1.0,0,nan,nan,nan,0.0,0.04628175496971522
1179,stimulus,43,1,4,0,0,-1.0,-1.0,1,1,0,0,0.0003996291894282235,0.046681384159143434
1180,stimulus,43,5,3,0,0,-1.0,-1.0,1,0,1,0,0.0003996291894282235,0.046681384159143434
1181,stimulus,43,5,3,0,0,-1.0,-1.0,1,0,1,0,0.0003996291894282235,0.046681384159143434
1182,stimulus,43,4,3,0,1,1.0,1.0,0,nan,nan,nan,0.0,0.046681384159143434
1183,stimulus,43,0,4,1,0,-1.0,-1.0,1,1,0,0,0.0,0.046681384159143434
1184,stimulus,43,3,3,0,1,1.0,1.0,0,nan,nan,nan,0.0,0.046681384159143434
1185,stimulus,43,2,2,0,1,1.0,1.0,0,nan,nan,nan,0.0,0.046681384159143434
1186,stimulus,43,5,3,1,0,-1.0,-1.0,1,2,0,0,0.0,0.046681384159143434
1187,stimulus,43,6,3,0,0,-1.0,-1.0,1,0,1,0,0.0,0.046681384159143434
1188,stimulus,43,5,3,0,0,-1.0,-1.0,1,0,1,0,0.0003996291894282235,0.046681384159143434
1189,stimulus,43,6,3,0,0,-1.0,-1.0,1,0,1,0,0.0,0.046681384159143434
1190,stimulus,43,3,3,0,1,1.0,1.0,0,nan,nan,nan,0.0,0.046681384159143434
1191,stimulus,43,0,2,0,0,-1.0,-1.0,1,1,0,0,0.0,0.046681384159143434
1192,stimulus,43,0,3,0,0,-1.0,-1.0,1,0,1,0,0.0003996291894282235,0.04708101334857166
1193,stimulus,43,5,3,0,0,-1.0,-1.0,1,0,1,0,0.0003996291894282235,0.04708101334857166
1194,stimulus,43,5,3,0,0,-1.0,-1.0,1,0,1,0,0.0003996291894282235,0.04708101334857166
1195,stimulus,43,4,5,1,1,1.0,1.0,0,nan,nan,nan,0.0,0.04708101334857166
1196,stimulus,43,7,6,1,1,1.0,1.0,0,nan,nan,nan,0.0,0.04708101334857166
1197,stimulus,43,2,5,0,0,-1.0,-1.0,1,2,0,0,0.0003996291894282235,0.047480642537999884
1198,stimulus,43,1,5,1,0,-1.0,-1.0,1,0,1,0,0.0,0.047480642537999884
1199,stimulus,43,1,5,1,0,-1.0,-1.0,1,0,1,0,0.0,0.047480642537999884
1200,stimulus,43,5,3,0,0,-1.0,-1.0,1,0,1,0,0.0003996291894282235,0.047480642537999884
1201,stimulus,43,6,5,1,1,1.0,1.0,0,nan,nan,nan,0.0,0.047480642537999884
1202,stimulus,43,3,6,1,0,-1.0,-1.0,1,1,0,0,0.0,0.047480642537999884
1203,stimulus,43,5,3,0,0,-1.0,-1.0,1,0,1,0,0.0003996291894282235,0.047480642537999884
1204,stimulus,43,4,5,1,1,1.0,1.0,0,nan,nan,nan,0.0,0.047480642537999884
1205,stimulus,43,8,6,1,0,-1.0,-1.0,1,1,0,0,0.0,0.047480642537999884
1206,stimulus,43,5,3,0,0,-1.0,-1.0,1,0,1,0,0.0003996291894282235,0.047480642537999884
1207,stimulus,43,8,3,0,0,-1.0,-1.0,1,0,1,0,0.0003996291894282235,0.047480642537999884
1208,stimulus,43,1,5,1,0,-1.0,-1.0,1,0,1,0,0.0,0.047480642537999884
1209,stimulus,43,6,5,1,1,1.0,1.0,0,nan,nan,nan,0.0,0.047480642537999884
1210,stimulus,43,2,6,1,0,-1.0,-1.0,1,1,0,0,0.0,0.047480642537999884
1211,stimulus,43,2,3,0,1,1.0,1.0,0,nan,nan,nan,0.0,0.047480642537999884
1212,stimulus,43,5,4,1,1,1.0,1.0,0,nan,nan,nan,0.0,0.047480642537999884
1213,stimulus,43,7,3,0,0,-1.0,-1.0,1,2,0,0,0.0,0.047480642537999884
1214,stimulus,43,6,5,1,1,1.0,1.0,0,nan,nan,nan,0.0,0.047480642537999884
1215,stimulus,43,6,4,0,0,-1.0,-1.0,1,1,0,0,0.0003996291894282235,0.047480642537999884
1216,stimulus,43,2,3,0,1,1.0,1.0,0,nan,nan,nan,0.0,0.047480642537999884
1217,stimulus,43,4,2,0,0,-1.0,-1.0,1,1,0,0,0.0003996291894282235,0.047480642537999884
1218,stimulus,43,3,5,1,0,-1.0,-1.0,1,0,1,0,0.0,0.047480642537999884
1219,stimulus,43,7,5,1,0,-1.0,-1.0,1,0,1,0,0.0,0.047480642537999884
1220,stimulus,43,2,3,0,1,1.0,1.0,0,nan,nan,nan,0.0,0.047480642537999884
1221,stimulus,43,1,4,1,0,-1.0,-1.0,1,1,0,0,0.0,0.047480642537999884
1222,stimulus,43,2,3,0,1,1.0,1.0,0,nan,nan,nan,0.0,0.047480642537999884
1223,stimulus,43,6,4,1,0,-1.0,-1.0,1,1,0,0,0.0,0.047480642537999884
1224,stimulus,43,3,3,0,1,1.0,1.0,0,nan,nan,nan,0.0,0.047480642537999884
1225,stimulus,43,7,2,0,0,-1.0,-1.0,1,1,0,0,0.0003996291894282235,0.047480642537999884
1226,stimulus,43,4,3,0,1,1.0,1.0,0,nan,nan,nan,0.0,0.047480642537999884
1227,stimulus,43,3,4,1,1,1.0,1.0,0,nan,nan,nan,0.0,0.047480642537999884
1228,stimulus,43,0,3,0,0,-1.0,-1.0,1,2,0,0,0.0003996291894282235,0.04788027172742811
1229,stimulus,43,6,3,0,0,-1.0,-1.0,1,0,1,0,0.0,0.04788027172742811
1230,stimulus,43,3,5,1,0,-1.0,-1.0,1,0,1,0,0.0,0.04788027172742811
1231,stimulus,43,7,5,1,0,-1.0,-1.0,1,0,1,0,0.0,0.04788027172742811
1232,stimulus,43,7,3,0,0,-1.0,-1.0,1,0,1,0,0.0,0.04788027172742811
1233,stimulus,43,8,3,0,0,-1.0,-1.0,1,0,1,0,0.0003996291894282235,0.04788027172742811
1234,stimulus,43,2,3,0,1,1.0,1.0,0,nan,nan,nan,0.0,0.04788027172742811
1235,stimulus,43,6,4,1,0,-1.0,-1.0,1,1,0,0,0.0,0.04788027172742811
1236,stimulus,43,7,5,1,0,-1.0,-1.0,1,0,1,0,0.0,0.04788027172742811
1237,stimulus,43,3,3,0,1,1.0,1.0,0,nan,nan,nan,0.0,0.04788027172742811
1238,stimulus,43,2,4,1,0,-1.0,-1.0,1,1,0,0,0.0,0.04788027172742811
1239,stimulus,43,6,3,0,0,-1.0,-1.0,1,0,1,0,0.0,0.04788027172742811
1240,stimulus,43,6,3,0,0,-1.0,-1.0,1,0,1,0,0.0,0.04788027172742811
1241,stimulus,43,2,3,0,1,1.0,1.0,0,nan,nan,nan,0.0,0.04788027172742811
1242,stimulus,43,7,2,0,0,-1.0,-1.0,1,1,0,0,0.0003996291894282235,0.04788027172742811
1243,stimulus,43,8,3,0,0,-1.0,-1.0,1,0,1,0,0.0003996291894282235,0.04788027172742811
1244,stimulus,43,7,3,0,0,-1.0,-1.0,1,0,1,0,0.0,0.04788027172742811
1245,stimulus,43,8,3,0,0,-1.0,-1.0,1,0,1,0,0.0003996291894282235,0.04788027172742811
1246,stimulus,43,8,3,0,0,-1.0,-1.0,1,0,1,0,0.0003996291894282235,0.04788027172742811
1247,stimulus,43,8,3,0,0,-1.0,-1.0,1,0,1,0,0.0003996291894282235,0.04788027172742811
1248,stimulus,43,6,5,1,1,1.0,1.0,0,nan,nan,nan,0.0,0.04788027172742811
1249,stimulus,43,1,4,0,0,-1.0,-1.0,1,1,0,0,0.0003996291894282235,0.04791772624924563
1250,stimulus,43,7,3,0,0,-1.0,-1.0,1,0,1,0,0.0,0.04791772624924563
1251,stimulus,43,6,5,1,1,1.0,1.0,0,nan,nan,nan,0.0,0.04791772624924563
1252,stimulus,43,1,4,0,0,-1.0,-1.0,1,1,0,0,0.0003996291894282235,0.04791772624924563
1253,stimulus,43,8,3,0,0,-1.0,-1.0,1,0,1,0,0.0003996291894282235,0.04791772624924563
1254,stimulus,43,8,3,0,0,-1.0,-1.0,1,0,1,0,0.0003996291894282235,0.04791772624924563
1255,stimulus,43,6,3,0,0,-1.0,-1.0,1,0,1,0,0.0,0.04791772624924563
1256,stimulus,43,7,5,1,0,-1.0,-1.0,1,0,1,0,0.0,0.04791772624924563
1257,stimulus,43,8,3,0,0,-1.0,-1.0,1,0,1,0,0.0003996291894282235,0.04791772624924563
1258,stimulus,43,1,5,1,0,-1.0,-1.0,1,0,1,0,0.0,0.04791772624924563
1259,stimulus,43,5,3,0,0,-1.0,-1.0,1,0,1,0,0.0003996291894282235,0.04791772624924563
1260,stimulus,43,4,3,0,1,1.0,1.0,0,nan,nan,nan,0.0,0.04791772624924563
1261,stimulus,43,1,2,0,1,1.0,1.0,0,nan,nan,nan,0.0,0.04791772624924563
1262,stimulus,43,5,3,1,0,-1.0,-1.0,1,2,0,0,0.0,0.04791772624924563
1263,stimulus,43,8,3,0,0,-1.0,-1.0,1,0,1,0,0.0003996291894282235,0.04791772624924563
1264,stimulus,43,6,5,1,1,1.0,1.0,0,nan,nan,nan,0.0,0.04791772624924563
1265,stimulus,43,7,6,1,1,1.0,1.0,0,nan,nan,nan,0.0,0.04791772624924563
1266,stimulus,43,0,5,0,0,-1.0,-1.0,1,2,0,0,0.0,0.04791772624924563
1267,stimulus,43,2,3,0,1,1.0,1.0,0,nan,nan,nan,0.0,0.04791772624924563
1268,stimulus,43,5,4,1,1,1.0,1.0,0,nan,nan,nan,0.0,0.04791772624924563
1269,stimulus,43,3,5,1,0,-1.0,-1.0,1,2,0,0,0.0,0.04791772624924563
1270,stimulus,43,3,3,0,1,1.0,1.0,0,nan,nan,nan,0.0,0.04791772624924563
1271,stimulus,43,3,4,1,1,1.0,1.0,0,nan,nan,nan,0.0,0.04791772624924563
1272,stimulus,43,0,3,0,0,-1.0,-1.0,1,2,0,0,0.0003996291894282235,0.04791772624924563
1273,stimulus,43,6,3,0,0,-1.0,-1.0,1,0,1,0,0.0,0.04791772624924563
1274,stimulus,43,3,3,0,1,1.0,1.0,0,nan,nan,nan,0.0,0.04791772624924563
1275,stimulus,43,7,2,0,0,-1.0,-1.0,1,1,0,0,0.0003996291894282235,0.04791772624924563
1276,stimulus,43,7,5,1,0,-1.0,-1.0,1,0,1,0,0.0,0.04791772624924563
1277,stimulus,43,8,3,0,0,-1.0,-1.0,1,0,1,0,0.0003996291894282235,0.04791772624924563
1278,stimulus,43,7,5,1,0,-1.0,-1.0,1,0,1,0,0.0,0.04791772624924563
1279,stimulus,43,3,5,1,0,-1.0,-1.0,1,0,1,0,0.0,0.04791772624924563
1280,stimulus,43,8,3,0,0,-1.0,-1.0,1,0,1,0,0.0003996291894282235,0.04791772624924563
1281,stimulus,43,2,3,0,1,1.0,1.0,0,nan,nan,nan,0.0,0.04791772624924563
1282,stimulus,43,2,4,1,0,-1.0,-1.0,1,1,0,0,0.0,0.04791772624924563
1283,stimulus,43,7,5,1,0,-1.0,-1.0,1,0,1,0,0.0,0.04791772624924563
1284,stimulus,43,0,3,0,0,-1.0,-1.0,1,0,1,0,0.0003996291894282235,0.04791772624924563
1285,stimulus,43,7,5,1,0,-1.0,-1.0,1,0,1,0,0.0,0.04791772624924563
1286,stimulus,43,6,5,1,1,1.0,1.0,0,nan,nan,nan,0.0,0.04791772624924563
1287,stimulus,43,2,4,0,0,-1.0,-1.0,1,1,0,0,0.0,0.04791772624924563
1288,stimulus,43,5,3,0,0,-1.0,-1.0,1,0,1,0,0.0003996291894282235,0.04791772624924563
1289,stimulus,43,7,5,1,0,-1.0,-1.0,1,0,1,0,0.0,0.04791772624924563
1290,stimulus,43,1,3,0,0,-1.0,-1.0,1,0,1,0,0.0,0.04791772624924563
1291,stimulus,43,0,3,0,0,-1.0,-1.0,1,0,1,0,0.0003996291894282235,0.04791772624924563
1292,stimulus,43,5,3,0,0,-1.0,-1.0,1,0,1,0,0.0003996291894282235,0.04791772624924563
1293,stimulus,43,0,3,0,0,-1.0,-1.0,1,0,1,0,0.0003996291894282235,0.04791772624924563
1294,stimulus,43,4,5,1,1,1.0,1.0,0,nan,nan,nan,0.0,0.04791772624924563
1295,stimulus,43,7,4,0,0,-1.0,-1.0,1,1,0,0,0.0,0.04791772624924563
1296,stimulus,43,4,5,1,1,1.0,1.0,0,nan,nan,nan,0.0,0.04791772624924563
1297,stimulus,43,4,4,0,1,1.0,1.0,0,nan,nan,nan,0.0,0.04791772624924563
1298,stimulus,43,2,5,1,0,-1.0,-1.0,1,2,0,0,0.0,0.04791772624924563
1299,stimulus,43,1,5,1,0,-1.0,-1.0,1,0,1,0,0.0,0.04791772624924563
1300,stimulus,43,5,3,0,0,-1.0,-1.0,1,0,1,0,0.0003996291894282235,0.04791772624924563
1301,stimulus,43,3,5,1,0,-1.0,-1.0,1,0,1,0,0.0,0.04791772624924563
1302,stimulus,43,3,5,1,0,-1.0,-1.0,1,0,1,0,0.0,0.04791772624924563
1303,stimulus,43,8,3,0,0,-1.0,-1.0,1,0,1,0,0.0003996291894282235,0.04791772624924563
1304,stimulus,43,0,3,0,0,-1.0,-1.0,1,0,1,0,0.0003996291894282235,0.04791772624924563
1305,stimulus,43,6,3,0,0,-1.0,-1.0,1,0,1,0,0.0,0.04791772624924563
1306,stimulus,43,7,5,1,0,-1.0,-1.0,1,0,1,0,0.0,0.04791772624924563
1307,stimulus,43,4,3,0,1,1.0,1.0,0,nan,nan,nan,0.0,0.04791772624924563
1308,stimulus,43,0,2,0,0,-1.0,-1.0,1,1,0,0,0.0,0.04791772624924563
1309,stimulus,43,7,5,1,0,-1.0,-1.0,1,0,1,0,0.0,0.04791772624924563
1310,stimulus,43,8,3,0,0,-1.0,-1.0,1,0,1,0,0.0003996291894282235,0.04791772624924563
1311,stimulus,43,5,3,0,0,-1.0,-1.0,1,0,1,0,0.0003996291894282235,0.04791772624924563
1312,stimulus,43,2,5,1,0,-1.0,-1.0,1,0,1,0,0.0,0.04791772624924563
1313,stimulus,43,2,5,1,0,-1.0,-1.0,1,0,1,0,0.0,0.04791772624924563
1314,stimulus,43,6,3,0,0,-1.0,-1.0,1,0,1,0,0.0,0.04791772624924563
1315,stimulus,43,4,3,0,1,1.0,1.0,0,nan,nan,nan,0.0,0.04791772624924563
1316,stimulus,43,5,2,0,0,-1.0,-1.0,1,1,0,0,0.0,0.04791772624924563
1317,stimulus,43,8,3,0,0,-1.0,-1.0,1,0,1,0,0.0003996291894282235,0.04791772624924563
1318,stimulus,43,0,3,0,0,-1.0,-1.0,1,0,1,0,0.0003996291894282235,0.04791772624924563
1319,stimulus,43,2,5,1,0,-1.0,-1.0,1,0,1,0,0.0,0.04791772624924563
1320,stimulus,43,3,5,1,0,-1.0,-1.0,1,0,1,0,0.0,0.04791772624924563
1321,stimulus,43,8,3,0,0,-1.0,-1.0,1,0,1,0,0.0003996291894282235,0.04791772624924563
1322,stimulus,43,5,3,0,0,-1.0,-1.0,1,0,1,0,0.0003996291894282235,0.04791772624924563
1323,stimulus,43,7,5,1,0,-1.0,-1.0,1,0,1,0,0.0,0.04791772624924563
1324,stimulus,43,7,3,0,0,-1.0,-1.0,1,0,1,0,0.0,0.04791772624924563
1325,stimulus,43,6,5,1,1,1.0,1.0,0,nan,nan,nan,0.0,0.04791772624924563
1326,stimulus,43,1,6,1,0,-1.0,-1.0,1,1,0,0,0.0003996291894282235,0.04791772624924563
1327,stimulus,43,3,3,0,1,1.0,1.0,0,nan,nan,nan,0.0,0.04791772624924563
1328,stimulus,43,8,2,0,0,-1.0,-1.0,1,1,0,0,0.0,0.04791772624924563
1329,stimulus,43,4,3,0,1,1.0,1.0,0,nan,nan,nan,0.0,0.04791772624924563
1330,stimulus,43,3,4,1,1,1.0,1.0,0,nan,nan,nan,0.0,0.04791772624924563
1331,stimulus,43,0,3,0,0,-1.0,-1.0,1,2,0,0,0.0003996291894282235,0.04791772624924563
1332,stimulus,43,6,3,0,0,-1.0,-1.0,1,0,1,0,0.0,0.04791772624924563
1333,stimulus,43,1,3,0,0,-1.0,-1.0,1,0,1,0,0.0,0.04791772624924563
1334,stimulus,43,0,3,0,0,-1.0,-1.0,1,0,1,0,0.0003996291894282235,0.04791772624924563
1335,stimulus,43,0,3,0,0,-1.0,-1.0,1,0,1,0,0.0003996291894282235,0.04791772624924563
1336,stimulus,43,3,5,1,0,-1.0,-1.0,1,0,1,0,0.0,0.04791772624924563
1337,stimulus,43,5,3,0,0,-1.0,-1.0,1,0,1,0,0.0003996291894282235,0.04791772624924563
1338,stimulus,43,7,5,1,0,-1.0,-1.0,1,0,1,0,0.0,0.04791772624924563
1339,stimulus,43,2,5,1,0,-1.0,-1.0,1,0,1,0,0.0,0.04791772624924563
1340,stimulus,43,4,3,0,1,1.0,1.0,0,nan,nan,nan,0.0,0.04791772624924563
1341,stimulus,43,2,4,1,0,-1.0,-1.0,1,1,0,0,0.0,0.04791772624924563
1342,stimulus,43,6,5,1,1,1.0,1.0,0,nan,nan,nan,0.0,0.04791772624924563
1343,stimulus,43,6,4,0,0,-1.0,-1.0,1,1,0,0,0.0003996291894282235,0.04791772624924563
1344,stimulus,43,0,3,0,0,-1.0,-1.0,1,0,1,0,0.0003996291894282235,0.04791772624924563
1345,stimulus,43,1,3,0,0,-1.0,-1.0,1,0,1,0,0.0,0.04791772624924563
1346,stimulus,43,1,5,1,0,-1.0,-1.0,1,0,1,0,0.0,0.04791772624924563
1347,stimulus,43,0,3,0,0,-1.0,-1.0,1,0,1,0,0.0003996291894282235,0.04791772624924563
1348,stimulus,43,1,3,0,0,-1.0,-1.0,1,0,1,0,0.0,0.04791772624924563
1349,stimulus,43,5,3,0,0,-1.0,-1.0,1,0,1,0,0.0003996291894282235,0.04791772624924563
1350,stimulus,43,6,3,0,0,-1.0,-1.0,1,0,1,0,0.0,0.04791772624924563
1351,stimulus,43,8,3,0,0,-1.0,-1.0,1,0,1,0,0.0003996291894282235,0.04791772624924563
1352,stimulus,43,7,3,0,0,-1.0,-1.0,1,0,1,0,0.0,0.04791772624924563
1353,stimulus,43,6,3,0,0,-1.0,-1.0,1,0,1,0,0.0,0.04791772624924563
1354,stimulus,43,5,5,1,1,1.0,1.0,0,nan,nan,nan,0.0003996291894282235,0.0475180970598174
1355,stimulus,43,3,6,1,0,-1.0,-1.0,1,1,0,0,0.0,0.0475180970598174
1356,stimulus,43,2,5,1,0,-1.0,-1.0,1,0,1,0,0.0,0.0475180970598174
1357,stimulus,43,5,3,0,0,-1.0,-1.0,1,0,1,0,0.0003996291894282235,0.04791772624924563
1358,stimulus,43,3,5,1,0,-1.0,-1.0,1,0,1,0,0.0,0.04791772624924563
1359,stimulus,43,7,5,1,0,-1.0,-1.0,1,0,1,0,0.0,0.04791772624924563
1360,stimulus,43,2,5,1,0,-1.0,-1.0,1,0,1,0,0.0,0.04791772624924563
1361,stimulus,43,2,3,0,1,1.0,1.0,0,nan,nan,nan,0.0,0.04791772624924563
1362,stimulus,43,7,2,0,0,-1.0,-1.0,1,1,0,0,0.0003996291894282235,0.04791772624924563
1363,stimulus,43,3,5,1,0,-1.0,-1.0,1,0,1,0,0.0,0.04791772624924563
1364,stimulus,43,4,5,1,1,1.0,1.0,0,nan,nan,nan,0.0,0.04791772624924563
1365,stimulus,43,6,4,0,0,-1.0,-1.0,1,1,0,0,0.0003996291894282235,0.04791772624924563
1366,stimulus,43,8,3,0,0,-1.0,-1.0,1,0,1,0,0.0003996291894282235,0.04791772624924563
1367,stimulus,43,8,3,0,0,-1.0,-1.0,1,0,1,0,0.0003996291894282235,0.04791772624924563
1368,stimulus,43,3,3,0,1,1.0,1.0,0,nan,nan,nan,0.0,0.04791772624924563
1369,stimulus,43,6,2,0,0,-1.0,-1.0,1,1,0,0,0.0,0.04791772624924563
1370,stimulus,43,3,3,0,1,1.0,1.0,0,nan,nan,nan,0.0,0.04791772624924563
1371,stimulus,43,6,4,1,0,-1.0,-1.0,1,1,0,0,0.0,0.04791772624924563
1372,stimulus,43,8,3,0,0,-1.0,-1.0,1,0,1,0,0.0003996291894282235,0.04791772624924563
1373,stimulus,43,1,3,0,0,-1.0,-1.0,1,0,1,0,0.0,0.04791772624924563
1374,stimulus,43,6,5,1,1,1.0,1.0,0,nan,nan,nan,0.0,0.04791772624924563
1375,stimulus,43,4,4,0,1,1.0,1.0,0,nan,nan,nan,0.0,0.04791772624924563
1376,stimulus,43,2,5,1,0,-1.0,-1.0,1,2,0,0,0.0,0.04791772624924563
1377,stimulus,43,4,5,1,1,1.0,1.0,0,nan,nan,nan,0.0,0.04791772624924563
1378,stimulus,43,5,4,0,1,1.0,1.0,0,nan,nan,nan,0.0,0.04791772624924563
1379,stimulus,43,3,3,0,1,1.0,1.0,0,nan,nan,nan,0.0,0.04791772624924563
1380,stimulus,43,1,2,0,1,1.0,1.0,0,nan,nan,nan,0.0,0.04791772624924563
1381,stimulus,43,8,3,1,0,-1.0,-1.0,1,4,0,1,0.0,0.04791772624924563
1382,stimulus,43,3,5,1,0,-1.0,-1.0,1,0,1,0,0.0,0.04791772624924563
1383,stimulus,43,1,3,0,0,-1.0,-1.0,1,0,1,0,0.0,0.04791772624924563
1384,stimulus,43,2,3,0,1,1.0,1.0,0,nan,nan,nan,0.0,0.04791772624924563
1385,stimulus,43,8,4,1,0,-1.0,-1.0,1,1,0,0,0.0,0.04791772624924563
1386,stimulus,43,0,3,0,0,-1.0,-1.0,1,0,1,0,0.0003996291894282235,0.04791772624924563
1387,stimulus,43,2,3,0,1,1.0,1.0,0,nan,nan,nan,0.0,0.04791772624924563
1388,stimulus,43,1,4,1,0,-1.0,-1.0,1,1,0,0,0.0,0.04791772624924563
1389,stimulus,43,6,5,1,1,1.0,1.0,0,nan,nan,nan,0.0,0.04791772624924563
1390,stimulus,43,5,6,1,1,1.0,1.0,0,nan,nan,nan,0.0,0.04791772624924563
1391,stimulus,43,6,7,1,1,1.0,1.0,0,nan,nan,nan,0.0,0.04791772624924563
1392,stimulus,43,5,6,0,1,1.0,1.0,0,nan,nan,nan,0.0,0.04791772624924563
1393,stimulus,43,1,7,1,0,-1.0,-1.0,1,4,0,1,0.00011192610341451545,0.04802965235266014
1394,stimulus,43,5,3,0,0,-1.0,-1.0,1,0,1,0,0.0003996291894282235,0.04802965235266014
1395,stimulus,43,7,5,1,0,-1.0,-1.0,1,0,1,0,0.0,0.04802965235266014
1396,stimulus,43,1,5,1,0,-1.0,-1.0,1,0,1,0,0.0,0.04802965235266014
1397,stimulus,43,2,5,1,0,-1.0,-1.0,1,0,1,0,0.0,0.04802965235266014
1398,stimulus,43,6,5,1,1,1.0,1.0,0,nan,nan,nan,0.0,0.04802965235266014
1399,stimulus,43,4,6,1,0,-1.0,-1.0,1,1,0,0,0.0,0.04802965235266014
1400,stimulus,43,1,5,1,0,-1.0,-1.0,1,0,1,0,0.0,0.04802965235266014
1401,stimulus,43,3,3,0,1,1.0,1.0,0,nan,nan,nan,0.0,0.04802965235266014
1402,stimulus,43,0,2,0,0,-1.0,-1.0,1,1,0,0,0.0,0.04802965235266014
1403,stimulus,43,7,5,1,0,-1.0,-1.0,1,0,1,0,0.0,0.04802965235266014
1404,stimulus,43,6,5,1,1,1.0,1.0,0,nan,nan,nan,0.0,0.04802965235266014
1405,stimulus,43,3,6,1,0,-1.0,-1.0,1,1,0,0,0.0,0.04802965235266014
1406,stimulus,43,6,5,1,1,1.0,1.0,0,nan,nan,nan,0.0,0.04802965235266014
1407,stimulus,43,6,4,0,0,-1.0,-1.0,1,1,0,0,0.0003996291894282235,0.04802965235266014
1408,stimulus,43,2,5,1,0,-1.0,-1.0,1,0,1,0,0.0,0.04802965235266014
1409,stimulus,43,5,3,0,0,-1.0,-1.0,1,0,1,0,0.0003996291894282235,0.04802965235266014
1410,stimulus,43,6,5,1,1,1.0,1.0,0,nan,nan,nan,0.0,0.04802965235266014
1411,stimulus,43,7,6,1,1,1.0,1.0,0,nan,nan,nan,0.0,0.04802965235266014
1412,stimulus,43,2,5,0,0,-1.0,-1.0,1,2,0,0,0.0003996291894282235,0.04802965235266014
1413,stimulus,43,7,5,1,0,-1.0,-1.0,1,0,1,0,0.0,0.04802965235266014
1414,stimulus,43,4,3,0,1,1.0,1.0,0,nan,nan,nan,0.0,0.04802965235266014
1415,stimulus,43,2,2,0,1,1.0,1.0,0,nan,nan,nan,0.0,0.04802965235266014
1416,stimulus,43,0,1,0,1,1.0,1.0,0,nan,nan,nan,0.0,0.04802965235266014
1417,stimulus,43,0,2,1,0,-1.0,-1.0,1,3,0,1,0.0,0.04802965235266014
1418,stimulus,43,5,3,0,0,-1.0,-1.0,1,0,1,0,0.0003996291894282235,0.04802965235266014
1419,stimulus,43,0,3,0,0,-1.0,-1.0,1,0,1,0,0.0003996291894282235,0.04802965235266014
1420,stimulus,43,2,3,0,1,1.0,1.0,0,nan,nan,nan,0.0,0.04802965235266014
1421,stimulus,43,8,2,0,0,-1.0,-1.0,1,1,0,0,0.0,0.04802965235266014
1422,stimulus,43,4,3,0,1,1.0,1.0,0,nan,nan,nan,0.0,0.04802965235266014
1423,stimulus,43,2,4,1,0,-1.0,-1.0,1,1,0,0,0.0,0.04802965235266014
1424,stimulus,43,8,3,0,0,-1.0,-1.0,1,0,1,0,0.0003996291894282235,0.04802965235266014
1425,stimulus,43,4,5,1,1,1.0,1.0,0,nan,nan,nan,0.0,0.04802965235266014
1426,stimulus,43,3,4,0,1,1.0,1.0,0,nan,nan,nan,0.0,0.04802965235266014
1427,stimulus,43,5,3,0,0,-1.0,-1.0,1,2,0,0,0.0003996291894282235,0.04802965235266014
1428,stimulus,43,8,3,0,0,-1.0,-1.0,1,0,1,0,0.0003996291894282235,0.04802965235266014
1429,stimulus,43,0,3,0,0,-1.0,-1.0,1,0,1,0,0.0003996291894282235,0.04802965235266014
1430,stimulus,43,8,3,0,0,-1.0,-1.0,1,0,1,0,0.0003996291894282235,0.04802965235266014
1431,stimulus,43,3,5,1,0,-1.0,-1.0,1,0,1,0,0.0,0.04802965235266014
1432,stimulus,43,3,3,0,1,1.0,1.0,0,nan,nan,nan,0.0,0.04802965235266014
1433,stimulus,43,4,2,0,0,-1.0,-1.0,1,1,0,0,0.0003996291894282235,0.04802965235266014
1434,stimulus,43,8,3,0,0,-1.0,-1.0,1,0,1,0,0.0003996291894282235,0.04802965235266014
1435,stimulus,43,0,3,0,0,-1.0,-1.0,1,0,1,0,0.0003996291894282235,0.04802965235266014
1436,stimulus,43,4,3,0,1,1.0,1.0,0,nan,nan,nan,0.0,0.04802965235266014
1437,stimulus,43,4,2,0,0,-1.0,-1.0,1,1,0,0,0.0003996291894282235,0.04802965235266014
1438,stimulus,43,6,3,0,0,-1.0,-1.0,1,0,1,0,0.0,0.04802965235266014
1439,stimulus,43,2,3,0,1,1.0,1.0,0,nan,nan,nan,0.0,0.04802965235266014
1440,stimulus,43,6,4,1,0,-1.0,-1.0,1,1,0,0,0.0,0.04802965235266014
1441,stimulus,43,8,3,0,0,-1.0,-1.0,1,0,1,0,0.0003996291894282235,0.04802965235266014
1442,stimulus,43,0,3,0,0,-1.0,-1.0,1,0,1,0,0.0003996291894282235,0.04802965235266014
1443,stimulus,43,4,3,0,1,1.0,1.0,0,nan,nan,nan,0.0,0.04802965235266014
1444,stimulus,43,6,2,0,0,-1.0,-1.0,1,1,0,0,0.0,0.04802965235266014
1445,stimulus,43,2,3,0,1,1.0,1.0,0,nan,nan,nan,0.0,0.04802965235266014
1446,stimulus,43,2,4,1,0,-1.0,-1.0,1,1,0,0,0.0,0.04802965235266014
1447,stimulus,43,1,5,1,0,-1.0,-1.0,1,0,1,0,0.0,0.04802965235266014
1448,stimulus,43,0,3,0,0,-1.0,-1.0,1,0,1,0,0.0003996291894282235,0.04802965235266014
1449,stimulus,43,0,3,0,0,-1.0,-1.0,1,0,1,0,0.0003996291894282235,0.04802965235266014
1450,stimulus,43,3,3,0,1,1.0,1.0,0,nan,nan,nan,0.0,0.04802965235266014
1451,stimulus,43,7,4,1,0,-1.0,-1.0,1,1,0,0,0.0003996291894282235,0.04802965235266014
1452,stimulus,43,0,3,0,0,-1.0,-1.0,1,0,1,0,0.0003996291894282235,0.04802965235266014
1453,stimulus,43,7,3,0,0,-1.0,-1.0,1,0,1,0,0.0,0.04802965235266014
1454,stimulus,43,4,3,0,1,1.0,1.0,0,nan,nan,nan,0.0,0.04802965235266014
1455,stimulus,43,6,4,1,0,-1.0,-1.0,1,1,0,0,0.0,0.04802965235266014
1456,stimulus,43,3,5,1,0,-1.0,-1.0,1,0,1,0,0.0,0.04802965235266014
1457,stimulus,43,2,5,1,0,-1.0,-1.0,1,0,1,0,0.0,0.04802965235266014
1458,stimulus,43,8,3,0,0,-1.0,-1.0,1,0,1,0,0.0003996291894282235,0.04802965235266014
1459,stimulus,43,7,3,0,0,-1.0,-1.0,1,0,1,0,0.0,0.04802965235266014
1460,stimulus,43,6,5,1,1,1.0,1.0,0,nan,nan,nan,0.0,0.04802965235266014
1461,stimulus,43,7,6,1,1,1.0,1.0,0,nan,nan,nan,0.0,0.04802965235266014
1462,stimulus,43,7,5,0,0,-1.0,-1.0,1,2,0,0,0.0003996291894282235,0.04802965235266014
1463,stimulus,43,0,3,0,0,-1.0,-1.0,1,0,1,0,0.0003996291894282235,0.04802965235266014
1464,stimulus,43,8,3,0,0,-1.0,-1.0,1,0,1,0,0.0003996291894282235,0.04802965235266014
1465,stimulus,43,6,3,0,0,-1.0,-1.0,1,0,1,0,0.0,0.04802965235266014
1466,stimulus,43,7,5,1,0,-1.0,-1.0,1,0,1,0,0.0,0.04802965235266014
1467,stimulus,43,5,3,0,0,-1.0,-1.0,1,0,1,0,0.0003996291894282235,0.04802965235266014
1468,stimulus,43,8,3,0,0,-1.0,-1.0,1,0,1,0,0.0003996291894282235,0.04802965235266014
1469,stimulus,43,7,3,0,0,-1.0,-1.0,1,0,1,0,0.0,0.04802965235266014
1470,stimulus,43,0,3,0,0,-1.0,-1.0,1,0,1,0,0.0003996291894282235,0.04802965235266014
1471,stimulus,43,0,3,0,0,-1.0,-1.0,1,0,1,0,0.0003996291894282235,0.04802965235266014
1472,stimulus,43,7,5,1,0,-1.0,-1.0,1,0,1,0,0.0,0.04802965235266014
1473,stimulus,43,7,3,0,0,-1.0,-1.0,1,0,1,0,0.0,0.04802965235266014
1474,stimulus,43,1,3,0,0,-1.0,-1.0,1,0,1,0,0.0,0.04802965235266014
1475,stimulus,43,1,3,0,0,-1.0,-1.0,1,0,1,0,0.0,0.04802965235266014
1476,stimulus,43,5,3,0,0,-1.0,-1.0,1,0,1,0,0.0003996291894282235,0.04802965235266014
1477,stimulus,43,5,3,0,0,-1.0,-1.0,1,0,1,0,0.0003996291894282235,0.04802965235266014
1478,stimulus,43,5,3,0,0,-1.0,-1.0,1,0,1,0,0.0003996291894282235,0.04802965235266014
1479,stimulus,43,5,3,0,0,-1.0,-1.0,1,0,1,0,0.0003996291894282235,0.04802965235266014
1480,stimulus,43,7,5,1,0,-1.0,-1.0,1,0,1,0,0.0,0.04802965235266014
1481,stimulus,43,7,5,1,0,-1.0,-1.0,1,0,1,0,0.0,0.04802965235266014
1482,stimulus,43,2,3,0,1,1.0,1.0,0,nan,nan,nan,0.0,0.04802965235266014
1483,stimulus,43,2,2,0,1,1.0,1.0,0,nan,nan,nan,0.0,0.04802965235266014
1484,stimulus,43,4,1,0,0,-1.0,-1.0,1,2,0,0,0.0,0.04802965235266014
1485,stimulus,43,4,5,1,1,1.0,1.0,0,nan,nan,nan,0.0,0.04802965235266014
1486,stimulus,43,6,4,0,0,-1.0,-1.0,1,1,0,0,0.0003996291894282235,0.04802965235266014
1487,stimulus,43,2,5,1,0,-1.0,-1.0,1,0,1,0,0.0,0.04802965235266014
1488,stimulus,43,6,5,1,1,1.0,1.0,0,nan,nan,nan,0.0,0.04802965235266014
1489,stimulus,43,0,6,1,0,-1.0,-1.0,1,1,0,0,0.00011192610341451545,0.048141578456074655
1490,stimulus,43,3,3,0,1,1.0,1.0,0,nan,nan,nan,0.0,0.048141578456074655
1491,stimulus,43,8,2,0,0,-1.0,-1.0,1,1,0,0,0.0,0.048141578456074655
1492,stimulus,43,2,5,1,0,-1.0,-1.0,1,0,1,0,0.0,0.048141578456074655
1493,stimulus,43,3,3,0,1,1.0,1.0,0,nan,nan,nan,0.0,0.048141578456074655
1494,stimulus,43,4,2,0,0,-1.0,-1.0,1,1,0,0,0.0003996291894282235,0.048141578456074655
1495,stimulus,43,7,3,0,0,-1.0,-1.0,1,0,1,0,0.0,0.048141578456074655
1496,stimulus,43,5,3,0,0,-1.0,-1.0,1,0,1,0,0.0003996291894282235,0.048141578456074655
1497,stimulus,43,8,3,0,0,-1.0,-1.0,1,0,1,0,0.0003996291894282235,0.048141578456074655
1498,stimulus,43,2,3,0,1,1.0,1.0,0,nan,nan,nan,0.0,0.048141578456074655
1499,stimulus,43,0,4,1,0,-1.0,-1.0,1,1,0,0,0.0,0.048141578456074655
1500,stimulus,43,3,5,1,0,-1.0,-1.0,1,0,1,0,0.0,0.048141578456074655
1501,stimulus,43,1,3,0,0,-1.0,-1.0,1,0,1,0,0.0,0.048141578456074655
1502,stimulus,43,3,3,0,1,1.0,1.0,0,nan,nan,nan,0.0,0.048141578456074655
1503,stimulus,43,2,2,0,1,1.0,1.0,0,nan,nan,nan,0.0,0.048141578456074655
1504,stimulus,43,3,1,0,0,-1.0,-1.0,1,2,0,0,0.0003996291894282235,0.048141578456074655
1505,stimulus,43,4,3,0,1,1.0,1.0,0,nan,nan,nan,0.0,0.048141578456074655
1506,stimulus,43,2,4,1,0,-1.0,-1.0,1,1,0,0,0.0,0.048141578456074655
1507,stimulus,43,5,3,0,0,-1.0,-1.0,1,0,1,0,0.0003996291894282235,0.048141578456074655
1508,stimulus,43,7,3,0,0,-1.0,-1.0,1,0,1,0,0.0,0.048141578456074655
1509,stimulus,43,8,3,0,0,-1.0,-1.0,1,0,1,0,0.0003996291894282235,0.048141578456074655
1510,stimulus,43,3,3,0,1,1.0,1.0,0,nan,nan,nan,0.0,0.048141578456074655
1511,stimulus,43,5,4,1,1,1.0,1.0,0,nan,nan,nan,0.0,0.048141578456074655
1512,stimulus,43,3,5,1,0,-1.0,-1.0,1,2,0,0,0.0,0.048141578456074655
1513,stimulus,43,7,3,0,0,-1.0,-1.0,1,0,1,0,0.0,0.048141578456074655
1514,stimulus,43,2,5,1,0,-1.0,-1.0,1,0,1,0,0.0,0.048141578456074655
1515,stimulus,43,8,3,0,0,-1.0,-1.0,1,0,1,0,0.0003996291894282235,0.048141578456074655
1516,stimulus,43,8,3,0,0,-1.0,-1.0,1,0,1,0,0.0003996291894282235,0.048141578456074655
1517,stimulus,43,5,3,0,0,-1.0,-1.0,1,0,1,0,0.0003996291894282235,0.048141578456074655
1518,stimulus,43,7,5,1,0,-1.0,-1.0,1,0,1,0,0.0,0.048141578456074655
1519,stimulus,43,3,5,1,0,-1.0,-1.0,1,0,1,0,0.0,0.048141578456074655
1520,stimulus,43,1,5,1,0,-1.0,-1.0,1,0,1,0,0.0,0.048141578456074655
1521,stimulus,43,7,5,1,0,-1.0,-1.0,1,0,1,0,0.0,0.048141578456074655
1522,stimulus,43,7,5,1,0,-1.0,-1.0,1,0,1,0,0.0,0.048141578456074655
1523,stimulus,43,5,3,0,0,-1.0,-1.0,1,0,1,0,0.0003996291894282235,0.048141578456074655
1524,stimulus,43,4,5,1,1,1.0,1.0,0,nan,nan,nan,0.0,0.048141578456074655
1525,stimulus,43,3,4,0,1,1.0,1.0,0,nan,nan,nan,0.0,0.048141578456074655
1526,stimulus,43,1,3,0,0,-1.0,-1.0,1,2,0,0,0.0,0.048141578456074655
1527,stimulus,43,5,3,0,0,-1.0,-1.0,1,0,1,0,0.0003996291894282235,0.048141578456074655
1528,stimulus,43,8,3,0,0,-1.0,-1.0,1,0,1,0,0.0003996291894282235,0.048141578456074655
1529,stimulus,43,3,5,1,0,-1.0,-1.0,1,0,1,0,0.0,0.048141578456074655
1530,stimulus,43,6,5,1,1,1.0,1.0,0,nan,nan,nan,0.0,0.048141578456074655
1531,stimulus,43,1,4,0,0,-1.0,-1.0,1,1,0,0,0.0003996291894282235,0.048141578456074655
1532,stimulus,43,4,5,1,1,1.0,1.0,0,nan,nan,nan,0.0,0.048141578456074655
1533,stimulus,43,3,6,1,0,-1.0,-1.0,1,1,0,0,0.0,0.048141578456074655
1534,stimulus,43,5,3,0,0,-1.0,-1.0,1,0,1,0,0.0003996291894282235,0.048141578456074655
1535,stimulus,43,5,3,0,0,-1.0,-1.0,1,0,1,0,0.0003996291894282235,0.048141578456074655
1536,stimulus,43,0,3,0,0,-1.0,-1.0,1,0,1,0,0.0003996291894282235,0.048141578456074655
1537,stimulus,43,1,5,1,0,-1.0,-1.0,1,0,1,0,0.0,0.048141578456074655
1538,stimulus,43,1,3,0,0,-1.0,-1.0,1,0,1,0,0.0,0.048141578456074655
1539,stimulus,43,8,3,0,0,-1.0,-1.0,1,0,1,0,0.0003996291894282235,0.048141578456074655
1540,stimulus,43,3,3,0,1,1.0,1.0,0,nan,nan,nan,0.0,0.048141578456074655
1541,stimulus,43,1,4,1,0,-1.0,-1.0,1,1,0,0,0.0,0.048141578456074655
1542,stimulus,43,6,5,1,1,1.0,1.0,0,nan,nan,nan,0.0,0.048141578456074655
1543,stimulus,43,2,4,0,0,-1.0,-1.0,1,1,0,0,0.0,0.048141578456074655
1544,stimulus,43,6,3,0,0,-1.0,-1.0,1,0,1,0,0.0,0.048141578456074655
1545,stimulus,43,2,5,1,0,-1.0,-1.0,1,0,1,0,0.0,0.048141578456074655
1546,stimulus,43,4,3,0,1,1.0,1.0,0,nan,nan,nan,0.0,0.048141578456074655
1547,stimulus,43,6,4,1,0,-1.0,-1.0,1,1,0,0,0.0,0.048141578456074655
1548,stimulus,43,6,5,1,1,1.0,1.0,0,nan,nan,nan,0.0,0.048141578456074655
1549,stimulus,43,0,6,1,0,-1.0,-1.0,1,1,0,0,0.00013460757081971842,0.048276186026894374
1550,stimulus,43,5,3,0,0,-1.0,-1.0,1,0,1,0,0.0003996291894282235,0.048276186026894374
1551,stimulus,43,0,3,0,0,-1.0,-1.0,1,0,1,0,0.0003996291894282235,0.048276186026894374
1552,stimulus,43,0,3,0,0,-1.0,-1.0,1,0,1,0,0.0003996291894282235,0.048276186026894374
1553,stimulus,43,3,5,1,0,-1.0,-1.0,1,0,1,0,0.0,0.048276186026894374
1554,stimulus,43,6,5,1,1,1.0,1.0,0,nan,nan,nan,0.0,0.048276186026894374
1555,stimulus,43,6,6,1,1,1.0,1.0,0,nan,nan,nan,0.0003996291894282235,0.04787655683746615
1556,stimulus,43,6,5,0,1,1.0,1.0,0,nan,nan,nan,0.0,0.04787655683746615
1557,stimulus,43,3,4,0,1,1.0,1.0,0,nan,nan,nan,0.0,0.04787655683746615
1558,stimulus,43,3,5,1,0,-1.0,-1.0,1,4,0,1,0.0,0.04787655683746615
1559,stimulus,43,7,3,0,0,-1.0,-1.0,1,0,1,0,0.0,0.04787655683746615
1560,stimulus,43,2,5,1,0,-1.0,-1.0,1,0,1,0,0.0,0.04787655683746615
1561,stimulus,43,3,3,0,1,1.0,1.0,0,nan,nan,nan,0.0,0.04787655683746615
1562,stimulus,43,8,4,1,0,-1.0,-1.0,1,1,0,0,0.0,0.04787655683746615
1563,stimulus,43,4,3,0,1,1.0,1.0,0,nan,nan,nan,0.0,0.04787655683746615
1564,stimulus,43,3,2,0,1,1.0,1.0,0,nan,nan,nan,0.0,0.04787655683746615
1565,stimulus,43,7,1,0,0,-1.0,-1.0,1,2,0,0,0.0,0.04787655683746615
1566,stimulus,43,5,3,0,0,-1.0,-1.0,1,0,1,0,0.0003996291894282235,0.048276186026894374
1567,stimulus,43,2,5,1,0,-1.0,-1.0,1,0,1,0,0.0,0.048276186026894374
1568,stimulus,43,2,3,0,1,1.0,1.0,0,nan,nan,nan,0.0,0.048276186026894374
1569,stimulus,43,3,2,0,1,1.0,1.0,0,nan,nan,nan,0.0,0.048276186026894374
1570,stimulus,43,5,1,0,0,-1.0,-1.0,1,2,0,0,0.0,0.048276186026894374
1571,stimulus,43,7,3,0,0,-1.0,-1.0,1,0,1,0,0.0,0.048276186026894374
1572,stimulus,43,0,3,0,0,-1.0,-1.0,1,0,1,0,0.0003996291894282235,0.048276186026894374
1573,stimulus,43,6,5,1,1,1.0,1.0,0,nan,nan,nan,0.0,0.048276186026894374
1574,stimulus,43,0,6,1,0,-1.0,-1.0,1,1,0,0,0.00013460757081971842,0.048410793597714094
1575,stimulus,43,6,5,1,1,1.0,1.0,0,nan,nan,nan,0.0,0.048410793597714094
1576,stimulus,43,7,6,1,1,1.0,1.0,0,nan,nan,nan,0.0,0.048410793597714094
1577,stimulus,43,7,5,0,0,-1.0,-1.0,1,2,0,0,0.0003996291894282235,0.048410793597714094
1578,stimulus,43,8,3,0,0,-1.0,-1.0,1,0,1,0,0.0003996291894282235,0.048410793597714094
1579,stimulus,43,8,3,0,0,-1.0,-1.0,1,0,1,0,0.0003996291894282235,0.048410793597714094
1580,stimulus,43,4,5,1,1,1.0,1.0,0,nan,nan,nan,0.0,0.048410793597714094
1581,stimulus,43,4,6,1,0,-1.0,-1.0,1,1,0,0,0.0,0.048410793597714094
1582,stimulus,43,1,3,0,0,-1.0,-1.0,1,0,1,0,0.0,0.048410793597714094
1583,stimulus,43,7,5,1,0,-1.0,-1.0,1,0,1,0,0.0,0.048410793597714094
1584,stimulus,43,4,3,0,1,1.0,1.0,0,nan,nan,nan,0.0,0.048410793597714094
1585,stimulus,43,4,2,0,0,-1.0,-1.0,1,1,0,0,0.0003996291894282235,0.048410793597714094
1586,stimulus,43,1,3,0,0,-1.0,-1.0,1,0,1,0,0.0,0.048410793597714094
1587,stimulus,43,3,5,1,0,-1.0,-1.0,1,0,1,0,0.0,0.048410793597714094
1588,stimulus,43,0,3,0,0,-1.0,-1.0,1,0,1,0,0.0003996291894282235,0.048410793597714094
1589,stimulus,43,1,3,0,0,-1.0,-1.0,1,0,1,0,0.0,0.048410793597714094
1590,stimulus,43,8,3,0,0,-1.0,-1.0,1,0,1,0,0.0003996291894282235,0.048410793597714094
1591,stimulus,43,6,5,1,1,1.0,1.0,0,nan,nan,nan,0.0,0.048410793597714094
1592,stimulus,43,2,4,0,0,-1.0,-1.0,1,1,0,0,0.0,0.048410793597714094
1593,stimulus,43,6,5,1,1,1.0,1.0,0,nan,nan,nan,0.0,0.048410793597714094
1594,stimulus,43,6,4,0,0,-1.0,-1.0,1,1,0,0,0.0003996291894282235,0.048410793597714094
1595,stimulus,43,4,3,0,1,1.0,1.0,0,nan,nan,nan,0.0,0.048410793597714094
1596,stimulus,43,7,2,0,0,-1.0,-1.0,1,1,0,0,0.0003996291894282235,0.048410793597714094
1597,stimulus,43,1,3,0,0,-1.0,-1.0,1,0,1,0,0.0,0.048410793597714094
1598,stimulus,43,5,3,0,0,-1.0,-1.0,1,0,1,0,0.0003996291894282235,0.048410793597714094
1599,stimulus,43,6,5,1,1,1.0,1.0,0,nan,nan,nan,0.0,0.048410793597714094
1600,stimulus,43,2,6,1,0,-1.0,-1.0,1,1,0,0,0.0,0.048410793597714094
1601,stimulus,43,2,5,1,0,-1.0,-1.0,1,0,1,0,0.0,0.048410793597714094
1602,stimulus,43,2,5,1,0,-1.0,-1.0,1,0,1,0,0.0,0.048410793597714094
1603,stimulus,43,3,5,1,0,-1.0,-1.0,1,0,1,0,0.0,0.048410793597714094
1604,stimulus,43,0,3,0,0,-1.0,-1.0,1,0,1,0,0.0003996291894282235,0.048410793597714094
1605,stimulus,43,3,3,0,1,1.0,1.0,0,nan,nan,nan,0.0,0.048410793597714094
1606,stimulus,43,6,4,1,0,-1.0,-1.0,1,1,0,0,0.0,0.048410793597714094
1607,stimulus,43,2,3,0,1,1.0,1.0,0,nan,nan,nan,0.0,0.048410793597714094
1608,stimulus,43,7,2,0,0,-1.0,-1.0,1,1,0,0,0.0003996291894282235,0.048410793597714094
1609,stimulus,43,7,5,1,0,-1.0,-1.0,1,0,1,0,0.0,0.048410793597714094
1610,stimulus,43,8,3,0,0,-1.0,-1.0,1,0,1,0,0.0003996291894282235,0.048410793597714094
1611,stimulus,43,0,3,0,0,-1.0,-1.0,1,0,1,0,0.0003996291894282235,0.048410793597714094
1612,stimulus,43,3,5,1,0,-1.0,-1.0,1,0,1,0,0.0,0.048410793597714094
1613,stimulus,43,0,3,0,0,-1.0,-1.0,1,0,1,0,0.0003996291894282235,0.048410793597714094
1614,stimulus,43,7,5,1,0,-1.0,-1.0,1,0,1,0,0.0,0.048410793597714094
1615,stimulus,43,1,5,1,0,-1.0,-1.0,1,0,1,0,0.0,0.048410793597714094
1616,stimulus,43,7,3,0,0,-1.0,-1.0,1,0,1,0,0.0,0.048410793597714094
1617,stimulus,43,5,3,0,0,-1.0,-1.0,1,0,1,0,0.0003996291894282235,0.048410793597714094
1618,stimulus,43,8,3,0,0,-1.0,-1.0,1,0,1,0,0.0003996291894282235,0.048410793597714094
1619,stimulus,43,3,3,0,1,1.0,1.0,0,nan,nan,nan,0.0,0.048410793597714094
1620,stimulus,43,8,2,0,0,-1.0,-1.0,1,1,0,0,0.0,0.048410793597714094
1621,stimulus,43,6,5,1,1,1.0,1.0,0,nan,nan,nan,0.0,0.048410793597714094
1622,stimulus,43,4,6,1,0,-1.0,-1.0,1,1,0,0,0.0,0.048410793597714094
1623,stimulus,43,5,3,0,0,-1.0,-1.0,1,0,1,0,0.0003996291894282235,0.048410793597714094
1624,stimulus,43,5,3,0,0,-1.0,-1.0,1,0,1,0,0.0003996291894282235,0.048410793597714094
1625,stimulus,43,4,3,0,1,1.0,1.0,0,nan,nan,nan,0.0,0.048410793597714094
1626,stimulus,43,5,4,1,1,1.0,1.0,0,nan,nan,nan,0.0,0.048410793597714094
1627,stimulus,43,4,5,1,1,1.0,1.0,0,nan,nan,nan,0.0,0.048410793597714094
1628,stimulus,43,3,6,1,0,-1.0,-1.0,1,3,0,1,0.0,0.048410793597714094
1629,stimulus,43,2,3,0,1,1.0,1.0,0,nan,nan,nan,0.0,0.048410793597714094
1630,stimulus,43,8,2,0,0,-1.0,-1.0,1,1,0,0,0.0,0.048410793597714094
1631,stimulus,43,3,3,0,1,1.0,1.0,0,nan,nan,nan,0.0,0.048410793597714094
1632,stimulus,43,0,4,1,0,-1.0,-1.0,1,1,0,0,0.0,0.048410793597714094
1633,stimulus,43,6,5,1,1,1.0,1.0,0,nan,nan,nan,0.0,0.048410793597714094
1634,stimulus,43,2,6,1,0,-1.0,-1.0,1,1,0,0,0.0,0.048410793597714094
1635,stimulus,43,7,3,0,0,-1.0,-1.0,1,0,1,0,0.0,0.048410793597714094
1636,stimulus,43,8,5,1,0,-1.0,-1.0,1,0,1,0,0.0003996291894282235,0.048410793597714094
1637,stimulus,43,6,5,1,1,1.0,1.0,0,nan,nan,nan,0.0,0.048410793597714094
1638,stimulus,43,0,6,1,0,-1.0,-1.0,1,1,0,0,0.00013460757081971842,0.04854540116853381
1639,stimulus,43,4,3,0,1,1.0,1.0,0,nan,nan,nan,0.0,0.04854540116853381
1640,stimulus,43,1,2,0,1,1.0,1.0,0,nan,nan,nan,0.0,0.04854540116853381
1641,stimulus,43,5,3,1,0,-1.0,-1.0,1,2,0,0,0.0,0.04854540116853381
1642,stimulus,43,6,5,1,1,1.0,1.0,0,nan,nan,nan,0.0,0.04854540116853381
1643,stimulus,43,3,6,1,0,-1.0,-1.0,1,1,0,0,0.0,0.04854540116853381
1644,stimulus,43,2,3,0,1,1.0,1.0,0,nan,nan,nan,0.0,0.04854540116853381
1645,stimulus,43,2,4,1,0,-1.0,-1.0,1,1,0,0,0.0,0.04854540116853381
1646,stimulus,43,1,3,0,0,-1.0,-1.0,1,0,1,0,0.0,0.04854540116853381
1647,stimulus,43,8,3,0,0,-1.0,-1.0,1,0,1,0,0.0003996291894282235,0.04854540116853381
1648,stimulus,43,5,3,0,0,-1.0,-1.0,1,0,1,0,0.0003996291894282235,0.04854540116853381
1649,stimulus,43,5,3,0,0,-1.0,-1.0,1,0,1,0,0.0003996291894282235,0.04854540116853381
1650,stimulus,43,2,5,1,0,-1.0,-1.0,1,0,1,0,0.0,0.04854540116853381
1651,stimulus,43,1,5,1,0,-1.0,-1.0,1,0,1,0,0.0,0.04854540116853381
1652,stimulus,43,1,5,1,0,-1.0,-1.0,1,0,1,0,0.0,0.04854540116853381
1653,stimulus,43,3,5,1,0,-1.0,-1.0,1,0,1,0,0.0,0.04854540116853381
1654,stimulus,43,5,3,0,0,-1.0,-1.0,1,0,1,0,0.0003996291894282235,0.04854540116853381
1655,stimulus,43,4,3,0,1,1.0,1.0,0,nan,nan,nan,0.0,0.04854540116853381
1656,stimulus,43,8,4,1,0,-1.0,-1.0,1,1,0,0,0.0,0.04854540116853381
1657,stimulus,43,7,3,0,0,-1.0,-1.0,1,0,1,0,0.0,0.04854540116853381
1658,stimulus,43,8,3,0,0,-1.0,-1.0,1,0,1,0,0.0003996291894282235,0.04854540116853381
1659,stimulus,43,8,3,0,0,-1.0,-1.0,1,0,1,0,0.0003996291894282235,0.04854540116853381
1660,stimulus,43,6,3,0,0,-1.0,-1.0,1,0,1,0,0.0,0.04854540116853381
1661,stimulus,43,6,5,1,1,1.0,1.0,0,nan,nan,nan,0.0,0.04854540116853381
1662,stimulus,43,1,4,0,0,-1.0,-1.0,1,1,0,0,0.0003996291894282235,0.04854540116853381
1663,stimulus,43,1,3,0,0,-1.0,-1.0,1,0,1,0,0.0,0.04854540116853381
1664,stimulus,43,4,3,0,1,1.0,1.0,0,nan,nan,nan,0.0,0.04854540116853381
1665,stimulus,43,8,2,0,0,-1.0,-1.0,1,1,0,0,0.0,0.04854540116853381
1666,stimulus,43,3,5,1,0,-1.0,-1.0,1,0,1,0,0.0,0.04854540116853381
1667,stimulus,43,0,3,0,0,-1.0,-1.0,1,0,1,0,0.0003996291894282235,0.04854540116853381
1668,stimulus,43,2,3,0,1,1.0,1.0,0,nan,nan,nan,0.0,0.04854540116853381
1669,stimulus,43,1,2,0,1,1.0,1.0,0,nan,nan,nan,0.0,0.04854540116853381
1670,stimulus,43,0,1,0,1,1.0,1.0,0,nan,nan,nan,0.0,0.04854540116853381
1671,stimulus,43,0,0,0,1,1.0,1.0,0,nan,nan,nan,0.0,0.04854540116853381
1672,stimulus,43,3,0,0,0,-1.0,-1.0,1,4,0,1,0.0,0.04854540116853381
1673,stimulus,43,8,3,0,0,-1.0,-1.0,1,0,1,0,0.0003996291894282235,0.04854540116853381
1674,stimulus,43,1,5,1,0,-1.0,-1.0,1,0,1,0,0.0,0.04854540116853381
1675,stimulus,43,0,3,0,0,-1.0,-1.0,1,0,1,0,0.0003996291894282235,0.04854540116853381
1676,stimulus,43,0,3,0,0,-1.0,-1.0,1,0,1,0,0.0003996291894282235,0.04854540116853381
1677,stimulus,43,3,3,0,1,1.0,1.0,0,nan,nan,nan,0.0,0.04854540116853381
1678,stimulus,43,8,2,0,0,-1.0,-1.0,1,1,0,0,0.0,0.04854540116853381
1679,stimulus,43,0,3,0,0,-1.0,-1.0,1,0,1,0,0.0003996291894282235,0.04854540116853381
1680,stimulus,43,8,3,0,0,-1.0,-1.0,1,0,1,0,0.0003996291894282235,0.04854540116853381
1681,stimulus,43,6,5,1,1,1.0,1.0,0,nan,nan,nan,0.0,0.04854540116853381
1682,stimulus,43,1,4,0,0,-1.0,-1.0,1,1,0,0,0.0003996291894282235,0.04854540116853381
1683,stimulus,43,2,3,0,1,1.0,1.0,0,nan,nan,nan,0.0,0.04854540116853381
1684,stimulus,43,4,2,0,0,-1.0,-1.0,1,1,0,0,0.0003996291894282235,0.04854540116853381
1685,stimulus,43,6,5,1,1,1.0,1.0,0,nan,nan,nan,0.0,0.04854540116853381
1686,stimulus,43,6,4,0,0,-1.0,-1.0,1,1,0,0,0.0003996291894282235,0.04854540116853381
1687,stimulus,43,3,3,0,1,1.0,1.0,0,nan,nan,nan,0.0,0.04854540116853381
1688,stimulus,43,2,2,0,1,1.0,1.0,0,nan,nan,nan,0.0,0.04854540116853381
1689,stimulus,43,8,1,0,0,-1.0,-1.0,1,2,0,0,0.0,0.04854540116853381
1690,stimulus,43,3,3,0,1,1.0,1.0,0,nan,nan,nan,0.0,0.04854540116853381
1691,stimulus,43,3,2,0,1,1.0,1.0,0,nan,nan,nan,0.0,0.04854540116853381
1692,stimulus,43,6,3,1,0,-1.0,-1.0,1,2,0,0,0.0003996291894282235,0.04854540116853381
1693,stimulus,43,1,3,0,0,-1.0,-1.0,1,0,1,0,0.0,0.04854540116853381
1694,stimulus,43,7,5,1,0,-1.0,-1.0,1,0,1,0,0.0,0.04854540116853381
1695,stimulus,43,6,3,0,0,-1.0,-1.0,1,0,1,0,0.0,0.04854540116853381
1696,stimulus,43,5,3,0,0,-1.0,-1.0,1,0,1,0,0.0003996291894282235,0.04854540116853381
1697,stimulus,43,1,3,0,0,-1.0,-1.0,1,0,1,0,0.0,0.04854540116853381
1698,stimulus,43,6,3,0,0,-1.0,-1.0,1,0,1,0,0.0,0.04854540116853381
1699,stimulus,43,4,3,0,1,1.0,1.0,0,nan,nan,nan,0.0,0.04854540116853381
1700,stimulus,43,1,2,0,1,1.0,1.0,0,nan,nan,nan,0.0,0.04854540116853381
1701,stimulus,43,2,1,0,1,1.0,1.0,0,nan,nan,nan,0.0,0.04854540116853381
1702,stimulus,43,4,0,0,0,-1.0,-1.0,1,3,0,1,0.0,0.04854540116853381
1703,stimulus,43,0,3,0,0,-1.0,-1.0,1,0,1,0,0.0003996291894282235,0.04854540116853381
1704,stimulus,43,3,5,1,0,-1.0,-1.0,1,0,1,0,0.0,0.04854540116853381
1705,stimulus,43,1,3,0,0,-1.0,-1.0,1,0,1,0,0.0,0.04854540116853381
1706,stimulus,43,4,3,0,1,1.0,1.0,0,nan,nan,nan,0.0,0.04854540116853381
1707,stimulus,43,2,4,1,0,-1.0,-1.0,1,1,0,0,0.0,0.04854540116853381
1708,stimulus,43,2,3,0,1,1.0,1.0,0,nan,nan,nan,0.0,0.04854540116853381
1709,stimulus,43,3,4,1,1,1.0,1.0,0,nan,nan,nan,0.0,0.04854540116853381
1710,stimulus,43,4,3,0,1,1.0,1.0,0,nan,nan,nan,0.0,0.04854540116853381
1711,stimulus,43,0,4,1,0,-1.0,-1.0,1,3,0,1,0.0,0.04854540116853381
1712,stimulus,43,2,3,0,1,1.0,1.0,0,nan,nan,nan,0.0,0.04854540116853381
1713,stimulus,43,1,4,1,0,-1.0,-1.0,1,1,0,0,0.0,0.04854540116853381
1714,stimulus,43,2,3,0,1,1.0,1.0,0,nan,nan,nan,0.0,0.04854540116853381
1715,stimulus,43,7,2,0,0,-1.0,-1.0,1,1,0,0,0.0003996291894282235,0.04854540116853381
1716,stimulus,43,6,5,1,1,1.0,1.0,0,nan,nan,nan,0.0,0.04854540116853381
1717,stimulus,43,7,4,0,0,-1.0,-1.0,1,1,0,0,0.0,0.04854540116853381
1718,stimulus,43,0,3,0,0,-1.0,-1.0,1,0,1,0,0.0003996291894282235,0.04854540116853381
1719,stimulus,43,5,3,0,0,-1.0,-1.0,1,0,1,0,0.0003996291894282235,0.04854540116853381
1720,stimulus,43,2,3,0,1,1.0,1.0,0,nan,nan,nan,0.0,0.04854540116853381
1721,stimulus,43,6,2,0,0,-1.0,-1.0,1,1,0,0,0.0,0.04854540116853381
1722,stimulus,43,3,5,1,0,-1.0,-1.0,1,0,1,0,0.0,0.04854540116853381
1723,stimulus,43,3,5,1,0,-1.0,-1.0,1,0,1,0,0.0,0.04854540116853381
1724,stimulus,43,1,5,1,0,-1.0,-1.0,1,0,1,0,0.0,0.04854540116853381
1725,stimulus,43,4,5,1,1,1.0,1.0,0,nan,nan,nan,0.0,0.04854540116853381
1726,stimulus,43,1,4,0,0,-1.0,-1.0,1,1,0,0,0.0003996291894282235,0.04854540116853381
1727,stimulus,43,2,5,1,0,-1.0,-1.0,1,0,1,0,0.0,0.04854540116853381
1728,stimulus,43,4,5,1,1,1.0,1.0,0,nan,nan,nan,0.0,0.04854540116853381
1729,stimulus,43,3,4,0,1,1.0,1.0,0,nan,nan,nan,0.0,0.04854540116853381
1730,stimulus,43,4,5,1,1,1.0,1.0,0,nan,nan,nan,0.0,0.04854540116853381
1731,stimulus,43,8,4,0,0,-1.0,-1.0,1,3,0,1,0.0,0.04854540116853381
1732,stimulus,43,0,3,0,0,-1.0,-1.0,1,0,1,0,0.0003996291894282235,0.04854540116853381
1733,stimulus,43,2,5,1,0,-1.0,-1.0,1,0,1,0,0.0,0.04854540116853381
1734,stimulus,43,2,3,0,1,1.0,1.0,0,nan,nan,nan,0.0,0.04854540116853381
1735,stimulus,43,1,2,0,1,1.0,1.0,0,nan,nan,nan,0.0,0.04854540116853381
1736,stimulus,43,5,3,1,0,-1.0,-1.0,1,2,0,0,0.0,0.04854540116853381
1737,stimulus,43,8,3,0,0,-1.0,-1.0,1,0,1,0,0.0003996291894282235,0.04854540116853381
1738,stimulus,43,7,3,0,0,-1.0,-1.0,1,0,1,0,0.0,0.04854540116853381
1739,stimulus,43,6,3,0,0,-1.0,-1.0,1,0,1,0,0.0,0.04854540116853381
1740,stimulus,43,4,3,0,1,1.0,1.0,0,nan,nan,nan,0.0,0.04854540116853381
1741,stimulus,43,6,2,0,0,-1.0,-1.0,1,1,0,0,0.0,0.04854540116853381
1742,stimulus,43,8,3,0,0,-1.0,-1.0,1,0,1,0,0.0003996291894282235,0.04854540116853381
1743,stimulus,43,1,5,1,0,-1.0,-1.0,1,0,1,0,0.0,0.04854540116853381
1744,stimulus,43,0,3,0,0,-1.0,-1.0,1,0,1,0,0.0003996291894282235,0.04854540116853381
1745,stimulus,43,1,3,0,0,-1.0,-1.0,1,0,1,0,0.0,0.04854540116853381
1746,stimulus,43,4,5,1,1,1.0,1.0,0,nan,nan,nan,0.0,0.04854540116853381
1747,stimulus,43,3,6,1,0,-1.0,-1.0,1,1,0,0,0.0,0.04854540116853381
1748,stimulus,43,3,5,1,0,-1.0,-1.0,1,0,1,0,0.0,0.04854540116853381
1749,stimulus,43,8,5,1,0,-1.0,-1.0,1,0,1,0,0.0003996291894282235,0.04854540116853381
1750,stimulus,43,7,5,1,0,-1.0,-1.0,1,0,1,0,0.0,0.04854540116853381
1751,stimulus,43,2,3,0,1,1.0,1.0,0,nan,nan,nan,0.0,0.04854540116853381
1752,stimulus,43,8,4,1,0,-1.0,-1.0,1,1,0,0,0.0,0.04854540116853381
1753,stimulus,43,7,5,1,0,-1.0,-1.0,1,0,1,0,0.0,0.04854540116853381
1754,stimulus,43,4,3,0,1,1.0,1.0,0,nan,nan,nan,0.0,0.04854540116853381
1755,stimulus,43,2,2,0,1,1.0,1.0,0,nan,nan,nan,0.0,0.04854540116853381
1756,stimulus,43,3,1,0,0,-1.0,-1.0,1,2,0,0,0.0003996291894282235,0.04854540116853381
1757,stimulus,43,8,3,0,0,-1.0,-1.0,1,0,1,0,0.0003996291894282235,0.04854540116853381
1758,stimulus,43,5,3,0,0,-1.0,-1.0,1,0,1,0,0.0003996291894282235,0.04854540116853381
1759,stimulus,43,2,5,1,0,-1.0,-1.0,1,0,1,0,0.0,0.04854540116853381
1760,stimulus,43,0,3,0,0,-1.0,-1.0,1,0,1,0,0.0003996291894282235,0.04854540116853381
1761,stimulus,43,5,3,0,0,-1.0,-1.0,1,0,1,0,0.0003996291894282235,0.04854540116853381
1762,stimulus,43,0,3,0,0,-1.0,-1.0,1,0,1,0,0.0003996291894282235,0.04854540116853381
1763,stimulus,43,5,3,0,0,-1.0,-1.0,1,0,1,0,0.0003996291894282235,0.04854540116853381
1764,stimulus,43,7,5,1,0,-1.0,-1.0,1,0,1,0,0.0,0.04854540116853381
1765,stimulus,43,7,5,1,0,-1.0,-1.0,1,0,1,0,0.0,0.04854540116853381
1766,stimulus,43,6,5,1,1,1.0,1.0,0,nan,nan,nan,0.0,0.04854540116853381
1767,stimulus,43,0,6,1,0,-1.0,-1.0,1,1,0,0,0.00012640130812300882,0.048671802476656825
1768,stimulus,43,2,3,0,1,1.0,1.0,0,nan,nan,nan,0.0,0.048671802476656825
1769,stimulus,43,6,2,0,0,-1.0,-1.0,1,1,0,0,0.0,0.048671802476656825
1770,stimulus,43,5,3,0,0,-1.0,-1.0,1,0,1,0,0.0003996291894282235,0.048671802476656825
1771,stimulus,43,7,3,0,0,-1.0,-1.0,1,0,1,0,0.0,0.048671802476656825
1772,stimulus,43,0,5,1,0,-1.0,-1.0,1,0,1,0,0.0003996291894282235,0.048671802476656825
1773,stimulus,43,8,3,0,0,-1.0,-1.0,1,0,1,0,0.0003996291894282235,0.048671802476656825
1774,stimulus,43,3,5,1,0,-1.0,-1.0,1,0,1,0,0.0,0.048671802476656825
1775,stimulus,43,6,5,1,1,1.0,1.0,0,nan,nan,nan,0.0,0.048671802476656825
1776,stimulus,43,5,6,1,1,1.0,1.0,0,nan,nan,nan,0.0,0.048671802476656825
1777,stimulus,43,6,7,1,1,1.0,1.0,0,nan,nan,nan,0.0,0.048671802476656825
1778,stimulus,43,6,6,0,1,1.0,1.0,0,nan,nan,nan,0.0,0.048671802476656825
1779,stimulus,43,7,5,0,0,-1.0,-1.0,1,4,0,1,0.0003996291894282235,0.048671802476656825
1780,stimulus,43,5,3,0,0,-1.0,-1.0,1,0,1,0,0.0003996291894282235,0.048671802476656825
1781,stimulus,43,0,3,0,0,-1.0,-1.0,1,0,1,0,0.0003996291894282235,0.048671802476656825
1782,stimulus,43,1,3,0,0,-1.0,-1.0,1,0,1,0,0.0,0.048671802476656825
1783,stimulus,43,8,3,0,0,-1.0,-1.0,1,0,1,0,0.0003996291894282235,0.048671802476656825
1784,stimulus,43,8,3,0,0,-1.0,-1.0,1,0,1,0,0.0003996291894282235,0.048671802476656825
1785,stimulus,43,3,5,1,0,-1.0,-1.0,1,0,1,0,0.0,0.048671802476656825
1786,stimulus,43,7,5,1,0,-1.0,-1.0,1,0,1,0,0.0,0.048671802476656825
1787,stimulus,43,0,3,0,0,-1.0,-1.0,1,0,1,0,0.0003996291894282235,0.048671802476656825
1788,stimulus,43,1,3,0,0,-1.0,-1.0,1,0,1,0,0.0,0.048671802476656825
1789,stimulus,43,0,3,0,0,-1.0,-1.0,1,0,1,0,0.0003996291894282235,0.048671802476656825
1790,stimulus,43,2,5,1,0,-1.0,-1.0,1,0,1,0,0.0,0.048671802476656825
1791,stimulus,43,7,5,1,0,-1.0,-1.0,1,0,1,0,0.0,0.048671802476656825
1792,stimulus,43,8,3,0,0,-1.0,-1.0,1,0,1,0,0.0003996291894282235,0.048671802476656825
1793,stimulus,43,2,5,1,0,-1.0,-1.0,1,0,1,0,0.0,0.048671802476656825
1794,stimulus,43,1,5,1,0,-1.0,-1.0,1,0,1,0,0.0,0.048671802476656825
1795,stimulus,43,7,5,1,0,-1.0,-1.0,1,0,1,0,0.0,0.048671802476656825
1796,stimulus,43,7,3,0,0,-1.0,-1.0,1,0,1,0,0.0,0.048671802476656825
1797,stimulus,43,8,3,0,0,-1.0,-1.0,1,0,1,0,0.0003996291894282235,0.048671802476656825
1798,stimulus,43,8,5,1,0,-1.0,-1.0,1,0,1,0,0.0003996291894282235,0.048671802476656825
1799,stimulus,43,2,5,1,0,-1.0,-1.0,1,0,1,0,0.0,0.048671802476656825
1800,stimulus,43,5,3,0,0,-1.0,-1.0,1,0,1,0,0.0003996291894282235,0.048671802476656825
1801,stimulus,43,2,3,0,1,1.0,1.0,0,nan,nan,nan,0.0,0.048671802476656825
1802,stimulus,43,8,4,1,0,-1.0,-1.0,1,1,0,0,0.0,0.048671802476656825
1803,stimulus,43,8,5,1,0,-1.0,-1.0,1,0,1,0,0.0003996291894282235,0.048671802476656825
1804,stimulus,43,1,3,0,0,-1.0,-1.0,1,0,1,0,0.0,0.048671802476656825
1805,stimulus,43,2,3,0,1,1.0,1.0,0,nan,nan,nan,0.0,0.048671802476656825
1806,stimulus,43,5,2,0,0,-1.0,-1.0,1,1,0,0,0.0,0.048671802476656825
1807,stimulus,43,6,5,1,1,1.0,1.0,0,nan,nan,nan,0.0,0.048671802476656825
1808,stimulus,43,1,4,0,0,-1.0,-1.0,1,1,0,0,0.0003996291894282235,0.048671802476656825
1809,stimulus,43,5,3,0,0,-1.0,-1.0,1,0,1,0,0.0003996291894282235,0.048671802476656825
1810,stimulus,43,5,3,0,0,-1.0,-1.0,1,0,1,0,0.0003996291894282235,0.048671802476656825
1811,stimulus,43,8,3,0,0,-1.0,-1.0,1,0,1,0,0.0003996291894282235,0.048671802476656825
1812,stimulus,43,7,5,1,0,-1.0,-1.0,1,0,1,0,0.0,0.048671802476656825
1813,stimulus,43,8,3,0,0,-1.0,-1.0,1,0,1,0,0.0003996291894282235,0.048671802476656825
1814,stimulus,43,0,3,0,0,-1.0,-1.0,1,0,1,0,0.0003996291894282235,0.048671802476656825
1815,stimulus,43,7,3,0,0,-1.0,-1.0,1,0,1,0,0.0,0.048671802476656825
1816,stimulus,43,7,5,1,0,-1.0,-1.0,1,0,1,0,0.0,0.048671802476656825
1817,stimulus,43,6,3,0,0,-1.0,-1.0,1,0,1,0,0.0,0.048671802476656825
1818,stimulus,43,4,5,1,1,1.0,1.0,0,nan,nan,nan,0.0,0.048671802476656825
1819,stimulus,43,0,6,1,0,-1.0,-1.0,1,1,0,0,0.00012640130812300882,0.04879820378477982
1820,stimulus,43,4,3,0,1,1.0,1.0,0,nan,nan,nan,0.0,0.04879820378477982
1821,stimulus,43,6,2,0,0,-1.0,-1.0,1,1,0,0,0.0,0.04879820378477982
1822,stimulus,43,0,3,0,0,-1.0,-1.0,1,0,1,0,0.0003996291894282235,0.04879820378477982
1823,stimulus,43,4,5,1,1,1.0,1.0,0,nan,nan,nan,0.0,0.04879820378477982
1824,stimulus,43,2,4,0,0,-1.0,-1.0,1,1,0,0,0.0,0.04879820378477982
1825,stimulus,43,4,5,1,1,1.0,1.0,0,nan,nan,nan,0.0,0.04879820378477982
1826,stimulus,43,6,4,0,0,-1.0,-1.0,1,1,0,0,0.0003996291894282235,0.04879820378477982
1827,stimulus,43,0,3,0,0,-1.0,-1.0,1,0,1,0,0.0003996291894282235,0.04879820378477982
1828,stimulus,43,1,5,1,0,-1.0,-1.0,1,0,1,0,0.0,0.04879820378477982
1829,stimulus,43,0,3,0,0,-1.0,-1.0,1,0,1,0,0.0003996291894282235,0.04879820378477982
1830,stimulus,43,0,3,0,0,-1.0,-1.0,1,0,1,0,0.0003996291894282235,0.04879820378477982
1831,stimulus,43,5,3,0,0,-1.0,-1.0,1,0,1,0,0.0003996291894282235,0.04879820378477982
1832,stimulus,43,0,3,0,0,-1.0,-1.0,1,0,1,0,0.0003996291894282235,0.04879820378477982
1833,stimulus,43,2,3,0,1,1.0,1.0,0,nan,nan,nan,0.0,0.04879820378477982
1834,stimulus,43,4,2,0,0,-1.0,-1.0,1,1,0,0,0.0003996291894282235,0.04879820378477982
1835,stimulus,43,5,3,0,0,-1.0,-1.0,1,0,1,0,0.0003996291894282235,0.04879820378477982
1836,stimulus,43,5,3,0,0,-1.0,-1.0,1,0,1,0,0.0003996291894282235,0.04879820378477982
1837,stimulus,43,7,5,1,0,-1.0,-1.0,1,0,1,0,0.0,0.04879820378477982
1838,stimulus,43,0,3,0,0,-1.0,-1.0,1,0,1,0,0.0003996291894282235,0.04879820378477982
1839,stimulus,43,4,5,1,1,1.0,1.0,0,nan,nan,nan,0.0,0.04879820378477982
1840,stimulus,43,6,4,0,0,-1.0,-1.0,1,1,0,0,0.0003996291894282235,0.04879820378477982
1841,stimulus,43,0,3,0,0,-1.0,-1.0,1,0,1,0,0.0003996291894282235,0.04879820378477982
1842,stimulus,43,6,5,1,1,1.0,1.0,0,nan,nan,nan,0.0,0.04879820378477982
1843,stimulus,43,4,6,1,0,-1.0,-1.0,1,1,0,0,0.0,0.04879820378477982
1844,stimulus,43,1,5,1,0,-1.0,-1.0,1,0,1,0,0.0,0.04879820378477982
1845,stimulus,43,1,5,1,0,-1.0,-1.0,1,0,1,0,0.0,0.04879820378477982
1846,stimulus,43,7,3,0,0,-1.0,-1.0,1,0,1,0,0.0,0.04879820378477982
1847,stimulus,43,6,5,1,1,1.0,1.0,0,nan,nan,nan,0.0,0.04879820378477982
1848,stimulus,43,4,6,1,0,-1.0,-1.0,1,1,0,0,0.0,0.04879820378477982
1849,stimulus,43,3,3,0,1,1.0,1.0,0,nan,nan,nan,0.0,0.04879820378477982
1850,stimulus,43,0,2,0,0,-1.0,-1.0,1,1,0,0,0.0,0.04879820378477982
1851,stimulus,43,3,3,0,1,1.0,1.0,0,nan,nan,nan,0.0,0.04879820378477982
1852,stimulus,43,3,2,0,1,1.0,1.0,0,nan,nan,nan,0.0,0.04879820378477982
1853,stimulus,43,3,1,0,0,-1.0,-1.0,1,2,0,0,0.0003996291894282235,0.04879820378477982
1854,stimulus,43,5,3,0,0,-1.0,-1.0,1,0,1,0,0.0003996291894282235,0.04879820378477982
1855,stimulus,43,1,5,1,0,-1.0,-1.0,1,0,1,0,0.0,0.04879820378477982
1856,stimulus,43,4,3,0,1,1.0,1.0,0,nan,nan,nan,0.0,0.04879820378477982
1857,stimulus,43,2,2,0,1,1.0,1.0,0,nan,nan,nan,0.0,0.04879820378477982
1858,stimulus,43,5,3,1,0,-1.0,-1.0,1,2,0,0,0.0,0.04879820378477982
1859,stimulus,43,5,3,0,0,-1.0,-1.0,1,0,1,0,0.0003996291894282235,0.04879820378477982
1860,stimulus,43,0,3,0,0,-1.0,-1.0,1,0,1,0,0.0003996291894282235,0.04879820378477982
1861,stimulus,43,0,3,0,0,-1.0,-1.0,1,0,1,0,0.0003996291894282235,0.04879820378477982
1862,stimulus,43,7,5,1,0,-1.0,-1.0,1,0,1,0,0.0,0.04879820378477982
1863,stimulus,43,0,3,0,0,-1.0,-1.0,1,0,1,0,0.0003996291894282235,0.04879820378477982
1864,stimulus,43,6,3,0,0,-1.0,-1.0,1,0,1,0,0.0,0.04879820378477982
1865,stimulus,43,2,3,0,1,1.0,1.0,0,nan,nan,nan,0.0,0.04879820378477982
1866,stimulus,43,6,4,1,0,-1.0,-1.0,1,1,0,0,0.0,0.04879820378477982
1867,stimulus,43,4,3,0,1,1.0,1.0,0,nan,nan,nan,0.0,0.04879820378477982
1868,stimulus,43,7,2,0,0,-1.0,-1.0,1,1,0,0,0.0003996291894282235,0.04879820378477982
1869,stimulus,43,5,3,0,0,-1.0,-1.0,1,0,1,0,0.0003996291894282235,0.04879820378477982
1870,stimulus,43,3,3,0,1,1.0,1.0,0,nan,nan,nan,0.0,0.04879820378477982
1871,stimulus,43,4,2,0,0,-1.0,-1.0,1,1,0,0,0.0003996291894282235,0.04879820378477982
1872,stimulus,43,4,5,1,1,1.0,1.0,0,nan,nan,nan,0.0,0.04879820378477982
1873,stimulus,43,4,4,0,1,1.0,1.0,0,nan,nan,nan,0.0,0.04879820378477982
1874,stimulus,43,0,3,0,0,-1.0,-1.0,1,2,0,0,0.0003996291894282235,0.04879820378477982
1875,stimulus,43,2,3,0,1,1.0,1.0,0,nan,nan,nan,0.0,0.04879820378477982
1876,stimulus,43,1,2,0,1,1.0,1.0,0,nan,nan,nan,0.0,0.04879820378477982
1877,stimulus,43,8,1,0,0,-1.0,-1.0,1,2,0,0,0.0,0.04879820378477982
1878,stimulus,43,5,3,0,0,-1.0,-1.0,1,0,1,0,0.0003996291894282235,0.04879820378477982
1879,stimulus,43,3,3,0,1,1.0,1.0,0,nan,nan,nan,0.0,0.04879820378477982
1880,stimulus,43,5,2,0,0,-1.0,-1.0,1,1,0,0,0.0,0.04879820378477982
1881,stimulus,43,5,3,0,0,-1.0,-1.0,1,0,1,0,0.0003996291894282235,0.04879820378477982
1882,stimulus,43,3,5,1,0,-1.0,-1.0,1,0,1,0,0.0,0.04879820378477982
1883,stimulus,43,1,5,1,0,-1.0,-1.0,1,0,1,0,0.0,0.04879820378477982
1884,stimulus,43,3,5,1,0,-1.0,-1.0,1,0,1,0,0.0,0.04879820378477982
1885,stimulus,43,7,3,0,0,-1.0,-1.0,1,0,1,0,0.0,0.04879820378477982
1886,stimulus,43,6,5,1,1,1.0,1.0,0,nan,nan,nan,0.0,0.04879820378477982
1887,stimulus,43,6,4,0,0,-1.0,-1.0,1,1,0,0,0.0003996291894282235,0.04879820378477982
1888,stimulus,43,6,3,0,0,-1.0,-1.0,1,0,1,0,0.0,0.04879820378477982
1889,stimulus,43,3,3,0,1,1.0,1.0,0,nan,nan,nan,0.0,0.04879820378477982
1890,stimulus,43,4,2,0,0,-1.0,-1.0,1,1,0,0,0.0003996291894282235,0.04879820378477982
1891,stimulus,43,4,3,0,1,1.0,1.0,0,nan,nan,nan,0.0,0.04879820378477982
1892,stimulus,43,5,4,1,1,1.0,1.0,0,nan,nan,nan,0.0,0.04879820378477982
1893,stimulus,43,7,3,0,0,-1.0,-1.0,1,2,0,0,0.0,0.04879820378477982
1894,stimulus,43,8,3,0,0,-1.0,-1.0,1,0,1,0,0.0003996291894282235,0.04879820378477982
1895,stimulus,43,6,3,0,0,-1.0,-1.0,1,0,1,0,0.0,0.04879820378477982
1896,stimulus,43,0,3,0,0,-1.0,-1.0,1,0,1,0,0.0003996291894282235,0.04879820378477982
1897,stimulus,43,2,5,1,0,-1.0,-1.0,1,0,1,0,0.0,0.04879820378477982
1898,stimulus,43,6,5,1,1,1.0,1.0,0,nan,nan,nan,0.0,0.04879820378477982
1899,stimulus,43,0,6,1,0,-1.0,-1.0,1,1,0,0,0.00012640130812300882,0.04892460509290284
1900,stimulus,43,7,3,0,0,-1.0,-1.0,1,0,1,0,0.0,0.04892460509290284
1901,stimulus,43,6,3,0,0,-1.0,-1.0,1,0,1,0,0.0,0.04892460509290284
1902,stimulus,43,8,3,0,0,-1.0,-1.0,1,0,1,0,0.0003996291894282235,0.04892460509290284
1903,stimulus,43,6,5,1,1,1.0,1.0,0,nan,nan,nan,0.0,0.04892460509290284
1904,stimulus,43,3,4,0,1,1.0,1.0,0,nan,nan,nan,0.0,0.04892460509290284
1905,stimulus,43,3,5,1,0,-1.0,-1.0,1,2,0,0,0.0,0.04892460509290284
1906,stimulus,43,3,5,1,0,-1.0,-1.0,1,0,1,0,0.0,0.04892460509290284
1907,stimulus,43,6,3,0,0,-1.0,-1.0,1,0,1,0,0.0,0.04892460509290284
1908,stimulus,43,5,3,0,0,-1.0,-1.0,1,0,1,0,0.0003996291894282235,0.04892460509290284
1909,stimulus,43,6,3,0,0,-1.0,-1.0,1,0,1,0,0.0,0.04892460509290284
1910,stimulus,43,4,5,1,1,1.0,1.0,0,nan,nan,nan,0.0,0.04892460509290284
1911,stimulus,43,1,4,0,0,-1.0,-1.0,1,1,0,0,0.0003996291894282235,0.04892460509290284
1912,stimulus,43,8,3,0,0,-1.0,-1.0,1,0,1,0,0.0003996291894282235,0.04892460509290284
1913,stimulus,43,8,3,0,0,-1.0,-1.0,1,0,1,0,0.0003996291894282235,0.04892460509290284
1914,stimulus,43,2,5,1,0,-1.0,-1.0,1,0,1,0,0.0,0.04892460509290284
1915,stimulus,43,5,3,0,0,-1.0,-1.0,1,0,1,0,0.0003996291894282235,0.04892460509290284
1916,stimulus,43,0,3,0,0,-1.0,-1.0,1,0,1,0,0.0003996291894282235,0.04892460509290284
1917,stimulus,43,6,3,0,0,-1.0,-1.0,1,0,1,0,0.0,0.04892460509290284
1918,stimulus,43,5,3,0,0,-1.0,-1.0,1,0,1,0,0.0003996291894282235,0.04892460509290284
1919,stimulus,43,0,3,0,0,-1.0,-1.0,1,0,1,0,0.0003996291894282235,0.04892460509290284
1920,stimulus,43,8,3,0,0,-1.0,-1.0,1,0,1,0,0.0003996291894282235,0.04892460509290284
1921,stimulus,43,5,3,0,0,-1.0,-1.0,1,0,1,0,0.0003996291894282235,0.04892460509290284
1922,stimulus,43,8,3,0,0,-1.0,-1.0,1,0,1,0,0.0003996291894282235,0.04892460509290284
1923,stimulus,43,0,3,0,0,-1.0,-1.0,1,0,1,0,0.0003996291894282235,0.04892460509290284
1924,stimulus,43,0,3,0,0,-1.0,-1.0,1,0,1,0,0.0003996291894282235,0.04892460509290284
1925,stimulus,43,3,3,0,1,1.0,1.0,0,nan,nan,nan,0.0,0.04892460509290284
1926,stimulus,43,0,4,1,0,-1.0,-1.0,1,1,0,0,0.0,0.04892460509290284
1927,stimulus,43,5,3,0,0,-1.0,-1.0,1,0,1,0,0.0003996291894282235,0.04892460509290284
1928,stimulus,43,3,5,1,0,-1.0,-1.0,1,0,1,0,0.0,0.04892460509290284
1929,stimulus,43,0,3,0,0,-1.0,-1.0,1,0,1,0,0.0003996291894282235,0.04892460509290284
1930,stimulus,43,4,5,1,1,1.0,1.0,0,nan,nan,nan,0.0,0.04892460509290284
1931,stimulus,43,8,6,1,0,-1.0,-1.0,1,1,0,0,0.0,0.04892460509290284
1932,stimulus,43,3,3,0,1,1.0,1.0,0,nan,nan,nan,0.0,0.04892460509290284
1933,stimulus,43,4,2,0,0,-1.0,-1.0,1,1,0,0,0.0003996291894282235,0.04892460509290284
1934,stimulus,43,0,3,0,0,-1.0,-1.0,1,0,1,0,0.0003996291894282235,0.04892460509290284
1935,stimulus,43,4,3,0,1,1.0,1.0,0,nan,nan,nan,0.0,0.04892460509290284
1936,stimulus,43,6,2,0,0,-1.0,-1.0,1,1,0,0,0.0,0.04892460509290284
1937,stimulus,43,2,5,1,0,-1.0,-1.0,1,0,1,0,0.0,0.04892460509290284
1938,stimulus,43,3,5,1,0,-1.0,-1.0,1,0,1,0,0.0,0.04892460509290284
1939,stimulus,43,2,5,1,0,-1.0,-1.0,1,0,1,0,0.0,0.04892460509290284
1940,stimulus,43,6,3,0,0,-1.0,-1.0,1,0,1,0,0.0,0.04892460509290284
1941,stimulus,43,1,5,1,0,-1.0,-1.0,1,0,1,0,0.0,0.04892460509290284
1942,stimulus,43,0,3,0,0,-1.0,-1.0,1,0,1,0,0.0003996291894282235,0.04892460509290284
1943,stimulus,43,7,5,1,0,-1.0,-1.0,1,0,1,0,0.0,0.04892460509290284
1944,stimulus,43,5,3,0,0,-1.0,-1.0,1,0,1,0,0.0003996291894282235,0.04892460509290284
1945,stimulus,43,5,3,0,0,-1.0,-1.0,1,0,1,0,0.0003996291894282235,0.04892460509290284
1946,stimulus,43,6,5,1,1,1.0,1.0,0,nan,nan,nan,0.0,0.04892460509290284
1947,stimulus,43,1,4,0,0,-1.0,-1.0,1,1,0,0,0.0003996291894282235,0.04892460509290284
1948,stimulus,43,7,3,0,0,-1.0,-1.0,1,0,1,0,0.0,0.04892460509290284
1949,stimulus,43,0,5,1,0,-1.0,-1.0,1,0,1,0,0.0003996291894282235,0.04892460509290284
1950,stimulus,43,7,5,1,0,-1.0,-1.0,1,0,1,0,0.0,0.04892460509290284
1951,stimulus,43,8,3,0,0,-1.0,-1.0,1,0,1,0,0.0003996291894282235,0.04892460509290284
1952,stimulus,43,1,3,0,0,-1.0,-1.0,1,0,1,0,0.0,0.04892460509290284
1953,stimulus,43,8,3,0,0,-1.0,-1.0,1,0,1,0,0.0003996291894282235,0.04892460509290284
1954,stimulus,43,2,5,1,0,-1.0,-1.0,1,0,1,0,0.0,0.04892460509290284
1955,stimulus,43,5,3,0,0,-1.0,-1.0,1,0,1,0,0.0003996291894282235,0.04892460509290284
1956,stimulus,43,7,3,0,0,-1.0,-1.0,1,0,1,0,0.0,0.04892460509290284
1957,stimulus,43,8,3,0,0,-1.0,-1.0,1,0,1,0,0.0003996291894282235,0.04892460509290284
1958,stimulus,43,5,3,0,0,-1.0,-1.0,1,0,1,0,0.0003996291894282235,0.04892460509290284
1959,stimulus,43,8,5,1,0,-1.0,-1.0,1,0,1,0,0.0003996291894282235,0.04892460509290284
1960,stimulus,43,0,3,0,0,-1.0,-1.0,1,0,1,0,0.0003996291894282235,0.04892460509290284
1961,stimulus,43,7,5,1,0,-1.0,-1.0,1,0,1,0,0.0,0.04892460509290284
1962,stimulus,43,3,5,1,0,-1.0,-1.0,1,0,1,0,0.0,0.04892460509290284
1963,stimulus,43,5,3,0,0,-1.0,-1.0,1,0,1,0,0.0003996291894282235,0.04892460509290284
1964,stimulus,43,6,5,1,1,1.0,1.0,0,nan,nan,nan,0.0,0.04892460509290284
1965,stimulus,43,3,4,0,1,1.0,1.0,0,nan,nan,nan,0.0,0.04892460509290284
1966,stimulus,43,4,5,1,1,1.0,1.0,0,nan,nan,nan,0.0,0.04892460509290284
1967,stimulus,43,2,4,0,0,-1.0,-1.0,1,3,0,1,0.0,0.04892460509290284
1968,stimulus,43,7,5,1,0,-1.0,-1.0,1,0,1,0,0.0,0.04892460509290284
1969,stimulus,43,6,3,0,0,-1.0,-1.0,1,0,1,0,0.0,0.04892460509290284
1970,stimulus,43,4,5,1,1,1.0,1.0,0,nan,nan,nan,0.0,0.04892460509290284
1971,stimulus,43,1,4,0,0,-1.0,-1.0,1,1,0,0,0.0003996291894282235,0.04892460509290284
1972,stimulus,43,6,3,0,0,-1.0,-1.0,1,0,1,0,0.0,0.04892460509290284
1973,stimulus,43,4,3,0,1,1.0,1.0,0,nan,nan,nan,0.0,0.04892460509290284
1974,stimulus,43,6,4,1,0,-1.0,-1.0,1,1,0,0,0.0,0.04892460509290284
1975,stimulus,43,4,3,0,1,1.0,1.0,0,nan,nan,nan,0.0,0.04892460509290284
1976,stimulus,43,3,4,1,1,1.0,1.0,0,nan,nan,nan,0.0,0.04892460509290284
1977,stimulus,43,2,5,1,0,-1.0,-1.0,1,2,0,0,0.0,0.04892460509290284
1978,stimulus,43,2,5,1,0,-1.0,-1.0,1,0,1,0,0.0,0.04892460509290284
1979,stimulus,43,6,5,1,1,1.0,1.0,0,nan,nan,nan,0.0,0.04892460509290284
1980,stimulus,43,3,6,1,0,-1.0,-1.0,1,1,0,0,0.0,0.04892460509290284
1981,stimulus,43,1,5,1,0,-1.0,-1.0,1,0,1,0,0.0,0.04892460509290284
1982,stimulus,43,3,5,1,0,-1.0,-1.0,1,0,1,0,0.0,0.04892460509290284
1983,stimulus,43,0,3,0,0,-1.0,-1.0,1,0,1,0,0.0003996291894282235,0.04892460509290284
1984,stimulus,43,8,3,0,0,-1.0,-1.0,1,0,1,0,0.0003996291894282235,0.04892460509290284
1985,stimulus,43,4,5,1,1,1.0,1.0,0,nan,nan,nan,0.0,0.04892460509290284
1986,stimulus,43,6,4,0,0,-1.0,-1.0,1,1,0,0,0.0003996291894282235,0.04892460509290284
1987,stimulus,43,8,3,0,0,-1.0,-1.0,1,0,1,0,0.0003996291894282235,0.04892460509290284
1988,stimulus,43,7,5,1,0,-1.0,-1.0,1,0,1,0,0.0,0.04892460509290284
1989,stimulus,43,2,3,0,1,1.0,1.0,0,nan,nan,nan,0.0,0.04892460509290284
1990,stimulus,43,0,2,0,0,-1.0,-1.0,1,1,0,0,0.0,0.04892460509290284
1991,stimulus,43,1,5,1,0,-1.0,-1.0,1,0,1,0,0.0,0.04892460509290284
1992,stimulus,43,8,5,1,0,-1.0,-1.0,1,0,1,0,0.0003996291894282235,0.04892460509290284
1993,stimulus,43,0,3,0,0,-1.0,-1.0,1,0,1,0,0.0003996291894282235,0.04892460509290284
1994,stimulus,43,1,5,1,0,-1.0,-1.0,1,0,1,0,0.0,0.04892460509290284
1995,stimulus,43,4,3,0,1,1.0,1.0,0,nan,nan,nan,0.0,0.04892460509290284
1996,stimulus,43,1,4,1,0,-1.0,-1.0,1,1,0,0,0.0,0.04892460509290284
1997,stimulus,43,3,5,1,0,-1.0,-1.0,1,0,1,0,0.0,0.04892460509290284
1998,stimulus,43,4,3,0,1,1.0,1.0,0,nan,nan,nan,0.0,0.04892460509290284
1999,stimulus,43,1,2,0,1,1.0,1.0,0,nan,nan,nan,0.0,0.04892460509290284
2000,stimulus,43,4,3,1,1,1.0,1.0,0,nan,nan,nan,0.0,0.04892460509290284
2001,stimulus,43,1,4,1,0,-1.0,-1.0,1,3,0,1,0.0,0.04892460509290284
2002,stimulus,43,0,3,0,0,-1.0,-1.0,1,0,1,0,0.0003996291894282235,0.04892460509290284
2003,stimulus,43,3,5,1,0,-1.0,-1.0,1,0,1,0,0.0,0.04892460509290284
2004,stimulus,43,6,3,0,0,-1.0,-1.0,1,0,1,0,0.0,0.04892460509290284
2005,stimulus,43,7,5,1,0,-1.0,-1.0,1,0,1,0,0.0,0.04892460509290284
2006,stimulus,43,4,5,1,1,1.0,1.0,0,nan,nan,nan,0.0,0.04892460509290284
2007,stimulus,43,8,4,0,0,-1.0,-1.0,1,1,0,0,0.0,0.04892460509290284
2008,stimulus,43,3,3,0,1,1.0,1.0,0,nan,nan,nan,0.0,0.04892460509290284
2009,stimulus,43,2,2,0,1,1.0,1.0,0,nan,nan,nan,0.0,0.04892460509290284
2010,stimulus,43,7,1,0,0,-1.0,-1.0,1,2,0,0,0.0,0.04892460509290284
2011,stimulus,43,0,3,0,0,-1.0,-1.0,1,0,1,0,0.0003996291894282235,0.04892460509290284
2012,stimulus,43,6,3,0,0,-1.0,-1.0,1,0,1,0,0.0,0.04892460509290284
2013,stimulus,43,3,5,1,0,-1.0,-1.0,1,0,1,0,0.0,0.04892460509290284
2014,stimulus,43,8,3,0,0,-1.0,-1.0,1,0,1,0,0.0003996291894282235,0.04892460509290284
2015,stimulus,43,4,5,1,1,1.0,1.0,0,nan,nan,nan,0.0,0.04892460509290284
2016,stimulus,43,1,4,0,0,-1.0,-1.0,1,1,0,0,0.0003996291894282235,0.04892460509290284
2017,stimulus,43,6,3,0,0,-1.0,-1.0,1,0,1,0,0.0,0.04892460509290284
2018,stimulus,43,8,3,0,0,-1.0,-1.0,1,0,1,0,0.0003996291894282235,0.04892460509290284
2019,stimulus,43,3,3,0,1,1.0,1.0,0,nan,nan,nan,0.0,0.04892460509290284
2020,stimulus,43,3,4,1,1,1.0,1.0,0,nan,nan,nan,0.0,0.04892460509290284
2021,stimulus,43,1,3,0,0,-1.0,-1.0,1,2,0,0,0.0,0.04892460509290284
2022,stimulus,43,2,3,0,1,1.0,1.0,0,nan,nan,nan,0.0,0.04892460509290284
2023,stimulus,43,8,2,0,0,-1.0,-1.0,1,1,0,0,0.0,0.04892460509290284
2024,stimulus,43,1,3,0,0,-1.0,-1.0,1,0,1,0,0.0,0.04892460509290284
2025,stimulus,43,4,3,0,1,1.0,1.0,0,nan,nan,nan,0.0,0.04892460509290284
2026,stimulus,43,0,2,0,0,-1.0,-1.0,1,1,0,0,0.0,0.04892460509290284
2027,stimulus,43,3,5,1,0,-1.0,-1.0,1,0,1,0,0.0,0.04892460509290284
2028,stimulus,43,7,5,1,0,-1.0,-1.0,1,0,1,0,0.0,0.04892460509290284
2029,stimulus,43,0,3,0,0,-1.0,-1.0,1,0,1,0,0.0003996291894282235,0.04892460509290284
2030,stimulus,43,8,3,0,0,-1.0,-1.0,1,0,1,0,0.0003996291894282235,0.04892460509290284
2031,stimulus,43,8,3,0,0,-1.0,-1.0,1,0,1,0,0.0003996291894282235,0.04892460509290284
2032,stimulus,43,3,5,1,0,-1.0,-1.0,1,0,1,0,0.0,0.04892460509290284
2033,stimulus,43,8,3,0,0,-1.0,-1.0,1,0,1,0,0.0003996291894282235,0.04892460509290284
2034,stimulus,43,7,3,0,0,-1.0,-1.0,1,0,1,0,0.0,0.04892460509290284
2035,stimulus,43,7,5,1,0,-1.0,-1.0,1,0,1,0,0.0,0.04892460509290284
2036,stimulus,43,5,3,0,0,-1.0,-1.0,1,0,1,0,0.0003996291894282235,0.04892460509290284
2037,stimulus,43,5,3,0,0,-1.0,-1.0,1,0,1,0,0.0003996291894282235,0.04892460509290284
2038,stimulus,43,6,5,1,1,1.0,1.0,0,nan,nan,nan,0.0,0.04892460509290284
2039,stimulus,43,1,4,0,0,-1.0,-1.0,1,1,0,0,0.0003996291894282235,0.04892460509290284
2040,stimulus,43,3,5,1,0,-1.0,-1.0,1,0,1,0,0.0,0.04892460509290284
2041,stimulus,43,0,3,0,0,-1.0,-1.0,1,0,1,0,0.0003996291894282235,0.04892460509290284
2042,stimulus,43,6,5,1,1,1.0,1.0,0,nan,nan,nan,0.0,0.04892460509290284
2043,stimulus,43,7,4,0,0,-1.0,-1.0,1,1,0,0,0.0,0.04892460509290284
2044,stimulus,43,2,5,1,0,-1.0,-1.0,1,0,1,0,0.0,0.04892460509290284
2045,stimulus,43,0,3,0,0,-1.0,-1.0,1,0,1,0,0.0003996291894282235,0.04892460509290284
2046,stimulus,43,5,3,0,0,-1.0,-1.0,1,0,1,0,0.0003996291894282235,0.04892460509290284
2047,stimulus,43,4,5,1,1,1.0,1.0,0,nan,nan,nan,0.0,0.04892460509290284
2048,stimulus,43,0,6,1,0,-1.0,-1.0,1,1,0,0,0.00012640130812300882,0.049051006401025846
2049,stimulus,43,7,5,1,0,-1.0,-1.0,1,0,1,0,0.0,0.049051006401025846
2050,stimulus,43,3,3,0,1,1.0,1.0,0,nan,nan,nan,0.0,0.049051006401025846
2051,stimulus,43,3,2,0,1,1.0,1.0,0,nan,nan,nan,0.0,0.049051006401025846
2052,stimulus,43,1,1,0,1,1.0,1.0,0,nan,nan,nan,0.0,0.049051006401025846
2053,stimulus,43,3,0,0,0,-1.0,-1.0,1,3,0,1,0.0,0.049051006401025846
2054,stimulus,43,8,3,0,0,-1.0,-1.0,1,0,1,0,0.0003996291894282235,0.049051006401025846
2055,stimulus,43,2,3,0,1,1.0,1.0,0,nan,nan,nan,0.0,0.049051006401025846
2056,stimulus,43,7,2,0,0,-1.0,-1.0,1,1,0,0,0.0003996291894282235,0.049051006401025846
2057,stimulus,43,8,3,0,0,-1.0,-1.0,1,0,1,0,0.0003996291894282235,0.049051006401025846
2058,stimulus,43,4,5,1,1,1.0,1.0,0,nan,nan,nan,0.0,0.049051006401025846
2059,stimulus,43,5,4,0,1,1.0,1.0,0,nan,nan,nan,0.0,0.049051006401025846
2060,stimulus,43,4,5,1,1,1.0,1.0,0,nan,nan,nan,0.0,0.049051006401025846
2061,stimulus,43,2,4,0,0,-1.0,-1.0,1,3,0,1,0.0,0.049051006401025846
2062,stimulus,43,8,3,0,0,-1.0,-1.0,1,0,1,0,0.0003996291894282235,0.049051006401025846
2063,stimulus,43,0,3,0,0,-1.0,-1.0,1,0,1,0,0.0003996291894282235,0.049051006401025846
2064,stimulus,43,0,3,0,0,-1.0,-1.0,1,0,1,0,0.0003996291894282235,0.049051006401025846
2065,stimulus,43,4,3,0,1,1.0,1.0,0,nan,nan,nan,0.0,0.049051006401025846
2066,stimulus,43,3,4,1,1,1.0,1.0,0,nan,nan,nan,0.0,0.049051006401025846
2067,stimulus,43,0,3,0,0,-1.0,-1.0,1,2,0,0,0.0003996291894282235,0.049051006401025846
2068,stimulus,43,8,3,0,0,-1.0,-1.0,1,0,1,0,0.0003996291894282235,0.049051006401025846
2069,stimulus,43,7,3,0,0,-1.0,-1.0,1,0,1,0,0.0,0.049051006401025846
2070,stimulus,43,8,3,0,0,-1.0,-1.0,1,0,1,0,0.0003996291894282235,0.049051006401025846
2071,stimulus,43,8,3,0,0,-1.0,-1.0,1,0,1,0,0.0003996291894282235,0.049051006401025846
2072,stimulus,43,2,5,1,0,-1.0,-1.0,1,0,1,0,0.0,0.049051006401025846
2073,stimulus,43,8,3,0,0,-1.0,-1.0,1,0,1,0,0.0003996291894282235,0.049051006401025846
2074,stimulus,43,6,3,0,0,-1.0,-1.0,1,0,1,0,0.0,0.049051006401025846
2075,stimulus,43,4,5,1,1,1.0,1.0,0,nan,nan,nan,0.0,0.049051006401025846
2076,stimulus,43,5,4,0,1,1.0,1.0,0,nan,nan,nan,0.0,0.049051006401025846
2077,stimulus,43,5,3,0,0,-1.0,-1.0,1,2,0,0,0.0003996291894282235,0.049051006401025846
2078,stimulus,43,5,3,0,0,-1.0,-1.0,1,0,1,0,0.0003996291894282235,0.049051006401025846
2079,stimulus,43,6,5,1,1,1.0,1.0,0,nan,nan,nan,0.0,0.049051006401025846
2080,stimulus,43,3,6,1,0,-1.0,-1.0,1,1,0,0,0.0,0.049051006401025846
2081,stimulus,43,7,5,1,0,-1.0,-1.0,1,0,1,0,0.0,0.049051006401025846
2082,stimulus,43,2,5,1,0,-1.0,-1.0,1,0,1,0,0.0,0.049051006401025846
2083,stimulus,43,0,3,0,0,-1.0,-1.0,1,0,1,0,0.0003996291894282235,0.049051006401025846
2084,stimulus,43,6,5,1,1,1.0,1.0,0,nan,nan,nan,0.0,0.049051006401025846
2085,stimulus,43,8,6,1,0,-1.0,-1.0,1,1,0,0,0.0,0.049051006401025846
2086,stimulus,43,4,5,1,1,1.0,1.0,0,nan,nan,nan,0.0,0.049051006401025846
2087,stimulus,43,5,6,1,1,1.0,1.0,0,nan,nan,nan,0.0,0.049051006401025846
2088,stimulus,43,0,5,0,0,-1.0,-1.0,1,2,0,0,0.0,0.049051006401025846
2089,stimulus,43,6,3,0,0,-1.0,-1.0,1,0,1,0,0.0,0.049051006401025846
2090,stimulus,43,6,5,1,1,1.0,1.0,0,nan,nan,nan,0.0,0.049051006401025846
2091,stimulus,43,4,4,0,1,1.0,1.0,0,nan,nan,nan,0.0,0.049051006401025846
2092,stimulus,43,1,3,0,0,-1.0,-1.0,1,2,0,0,0.0,0.049051006401025846
2093,stimulus,43,7,3,0,0,-1.0,-1.0,1,0,1,0,0.0,0.049051006401025846
2094,stimulus,43,3,3,0,1,1.0,1.0,0,nan,nan,nan,0.0,0.049051006401025846
2095,stimulus,43,3,2,0,1,1.0,1.0,0,nan,nan,nan,0.0,0.049051006401025846
2096,stimulus,43,1,3,1,0,-1.0,-1.0,1,2,0,0,0.0,0.049051006401025846
2097,stimulus,43,3,3,0,1,1.0,1.0,0,nan,nan,nan,0.0,0.049051006401025846
2098,stimulus,43,7,2,0,0,-1.0,-1.0,1,1,0,0,0.0003996291894282235,0.049051006401025846
2099,stimulus,43,0,3,0,0,-1.0,-1.0,1,0,1,0,0.0003996291894282235,0.049051006401025846
2100,stimulus,43,2,3,0,1,1.0,1.0,0,nan,nan,nan,0.0,0.049051006401025846
2101,stimulus,43,8,4,1,0,-1.0,-1.0,1,1,0,0,0.0,0.049051006401025846
2102,stimulus,43,2,3,0,1,1.0,1.0,0,nan,nan,nan,0.0,0.049051006401025846
2103,stimulus,43,1,4,1,0,-1.0,-1.0,1,1,0,0,0.0,0.049051006401025846
2104,stimulus,43,1,5,1,0,-1.0,-1.0,1,0,1,0,0.0,0.049051006401025846
2105,stimulus,43,8,3,0,0,-1.0,-1.0,1,0,1,0,0.0003996291894282235,0.049051006401025846
2106,stimulus,43,4,5,1,1,1.0,1.0,0,nan,nan,nan,0.0,0.049051006401025846
2107,stimulus,43,5,4,0,1,1.0,1.0,0,nan,nan,nan,0.0,0.049051006401025846
2108,stimulus,43,1,5,1,0,-1.0,-1.0,1,2,0,0,0.0,0.049051006401025846
2109,stimulus,43,0,3,0,0,-1.0,-1.0,1,0,1,0,0.0003996291894282235,0.049051006401025846
2110,stimulus,43,5,3,0,0,-1.0,-1.0,1,0,1,0,0.0003996291894282235,0.049051006401025846
2111,stimulus,43,8,3,0,0,-1.0,-1.0,1,0,1,0,0.0003996291894282235,0.049051006401025846
2112,stimulus,43,4,5,1,1,1.0,1.0,0,nan,nan,nan,0.0,0.049051006401025846
2113,stimulus,43,6,4,0,0,-1.0,-1.0,1,1,0,0,0.0003996291894282235,0.049051006401025846
2114,stimulus,43,5,5,1,1,1.0,1.0,0,nan,nan,nan,0.0003996291894282235,0.04865137721159762
2115,stimulus,43,0,6,1,0,-1.0,-1.0,1,1,0,0,0.00013254880891139673,0.04878392602050902
2116,stimulus,43,8,3,0,0,-1.0,-1.0,1,0,1,0,0.0003996291894282235,0.04878392602050902
2117,stimulus,43,5,3,0,0,-1.0,-1.0,1,0,1,0,0.0003996291894282235,0.049183555209937245
2118,stimulus,43,6,5,1,1,1.0,1.0,0,nan,nan,nan,0.0,0.049183555209937245
2119,stimulus,43,5,6,1,1,1.0,1.0,0,nan,nan,nan,0.0,0.049183555209937245
2120,stimulus,43,4,7,1,0,-1.0,-1.0,1,2,0,0,0.0,0.049183555209937245
2121,stimulus,43,2,5,1,0,-1.0,-1.0,1,0,1,0,0.0,0.049183555209937245
2122,stimulus,43,7,3,0,0,-1.0,-1.0,1,0,1,0,0.0,0.049183555209937245
2123,stimulus,43,6,3,0,0,-1.0,-1.0,1,0,1,0,0.0,0.049183555209937245
2124,stimulus,43,0,3,0,0,-1.0,-1.0,1,0,1,0,0.0003996291894282235,0.049183555209937245
2125,stimulus,43,4,5,1,1,1.0,1.0,0,nan,nan,nan,0.0,0.049183555209937245
2126,stimulus,43,2,4,0,0,-1.0,-1.0,1,1,0,0,0.0,0.049183555209937245
2127,stimulus,43,4,3,0,1,1.0,1.0,0,nan,nan,nan,0.0,0.049183555209937245
2128,stimulus,43,8,2,0,0,-1.0,-1.0,1,1,0,0,0.0,0.049183555209937245
2129,stimulus,43,4,3,0,1,1.0,1.0,0,nan,nan,nan,0.0,0.049183555209937245
2130,stimulus,43,2,2,0,1,1.0,1.0,0,nan,nan,nan,0.0,0.049183555209937245
2131,stimulus,43,3,1,0,0,-1.0,-1.0,1,2,0,0,0.0003996291894282235,0.049183555209937245
2132,stimulus,43,2,3,0,1,1.0,1.0,0,nan,nan,nan,0.0,0.049183555209937245
2133,stimulus,43,5,2,0,0,-1.0,-1.0,1,1,0,0,0.0,0.049183555209937245
2134,stimulus,43,1,5,1,0,-1.0,-1.0,1,0,1,0,0.0,0.049183555209937245
2135,stimulus,43,2,5,1,0,-1.0,-1.0,1,0,1,0,0.0,0.049183555209937245
2136,stimulus,43,1,3,0,0,-1.0,-1.0,1,0,1,0,0.0,0.049183555209937245
2137,stimulus,43,3,5,1,0,-1.0,-1.0,1,0,1,0,0.0,0.049183555209937245
2138,stimulus,43,0,3,0,0,-1.0,-1.0,1,0,1,0,0.0003996291894282235,0.049183555209937245
2139,stimulus,43,6,3,0,0,-1.0,-1.0,1,0,1,0,0.0,0.049183555209937245
2140,stimulus,43,7,3,0,0,-1.0,-1.0,1,0,1,0,0.0,0.049183555209937245
2141,stimulus,43,2,5,1,0,-1.0,-1.0,1,0,1,0,0.0,0.049183555209937245
2142,stimulus,43,5,3,0,0,-1.0,-1.0,1,0,1,0,0.0003996291894282235,0.049183555209937245
2143,stimulus,43,0,3,0,0,-1.0,-1.0,1,0,1,0,0.0003996291894282235,0.049183555209937245
2144,stimulus,43,8,3,0,0,-1.0,-1.0,1,0,1,0,0.0003996291894282235,0.049183555209937245
2145,stimulus,43,0,3,0,0,-1.0,-1.0,1,0,1,0,0.0003996291894282235,0.049183555209937245
2146,stimulus,43,3,3,0,1,1.0,1.0,0,nan,nan,nan,0.0,0.049183555209937245
2147,stimulus,43,4,2,0,0,-1.0,-1.0,1,1,0,0,0.0003996291894282235,0.049183555209937245
2148,stimulus,43,8,3,0,0,-1.0,-1.0,1,0,1,0,0.0003996291894282235,0.049183555209937245
2149,stimulus,43,4,3,0,1,1.0,1.0,0,nan,nan,nan,0.0,0.049183555209937245
2150,stimulus,43,4,2,0,0,-1.0,-1.0,1,1,0,0,0.0003996291894282235,0.049183555209937245
2151,stimulus,43,2,5,1,0,-1.0,-1.0,1,0,1,0,0.0,0.049183555209937245
2152,stimulus,43,2,3,0,1,1.0,1.0,0,nan,nan,nan,0.0,0.049183555209937245
2153,stimulus,43,0,2,0,0,-1.0,-1.0,1,1,0,0,0.0,0.049183555209937245
2154,stimulus,43,6,5,1,1,1.0,1.0,0,nan,nan,nan,0.0,0.049183555209937245
2155,stimulus,43,0,6,1,0,-1.0,-1.0,1,1,0,0,0.00013254880891139673,0.04931610401884864
2156,stimulus,43,4,5,1,1,1.0,1.0,0,nan,nan,nan,0.0,0.04931610401884864
2157,stimulus,43,2,4,0,0,-1.0,-1.0,1,1,0,0,0.0,0.04931610401884864
2158,stimulus,43,8,3,0,0,-1.0,-1.0,1,0,1,0,0.0003996291894282235,0.04931610401884864
2159,stimulus,43,8,5,1,0,-1.0,-1.0,1,0,1,0,0.0003996291894282235,0.04931610401884864
2160,stimulus,43,4,3,0,1,1.0,1.0,0,nan,nan,nan,0.0,0.04931610401884864
2161,stimulus,43,0,4,1,0,-1.0,-1.0,1,1,0,0,0.0,0.04931610401884864
2162,stimulus,43,1,3,0,0,-1.0,-1.0,1,0,1,0,0.0,0.04931610401884864
2163,stimulus,43,6,3,0,0,-1.0,-1.0,1,0,1,0,0.0,0.04931610401884864
2164,stimulus,43,0,3,0,0,-1.0,-1.0,1,0,1,0,0.0003996291894282235,0.04931610401884864
2165,stimulus,43,4,3,0,1,1.0,1.0,0,nan,nan,nan,0.0,0.04931610401884864
2166,stimulus,43,1,4,1,0,-1.0,-1.0,1,1,0,0,0.0,0.04931610401884864
2167,stimulus,43,2,5,1,0,-1.0,-1.0,1,0,1,0,0.0,0.04931610401884864
2168,stimulus,43,5,3,0,0,-1.0,-1.0,1,0,1,0,0.0003996291894282235,0.04931610401884864
2169,stimulus,43,3,3,0,1,1.0,1.0,0,nan,nan,nan,0.0,0.04931610401884864
2170,stimulus,43,6,4,1,0,-1.0,-1.0,1,1,0,0,0.0,0.04931610401884864
2171,stimulus,43,0,3,0,0,-1.0,-1.0,1,0,1,0,0.0003996291894282235,0.04931610401884864
2172,stimulus,43,8,3,0,0,-1.0,-1.0,1,0,1,0,0.0003996291894282235,0.04931610401884864
2173,stimulus,43,2,3,0,1,1.0,1.0,0,nan,nan,nan,0.0,0.04931610401884864
2174,stimulus,43,5,2,0,0,-1.0,-1.0,1,1,0,0,0.0,0.04931610401884864
2175,stimulus,43,6,5,1,1,1.0,1.0,0,nan,nan,nan,0.0,0.04931610401884864
2176,stimulus,43,4,6,1,0,-1.0,-1.0,1,1,0,0,0.0,0.04931610401884864
2177,stimulus,43,8,3,0,0,-1.0,-1.0,1,0,1,0,0.0003996291894282235,0.04931610401884864
2178,stimulus,43,7,3,0,0,-1.0,-1.0,1,0,1,0,0.0,0.04931610401884864
2179,stimulus,43,6,5,1,1,1.0,1.0,0,nan,nan,nan,0.0,0.04931610401884864
2180,stimulus,43,2,4,0,0,-1.0,-1.0,1,1,0,0,0.0,0.04931610401884864
2181,stimulus,43,4,3,0,1,1.0,1.0,0,nan,nan,nan,0.0,0.04931610401884864
2182,stimulus,43,6,2,0,0,-1.0,-1.0,1,1,0,0,0.0,0.04931610401884864
2183,stimulus,43,2,3,0,1,1.0,1.0,0,nan,nan,nan,0.0,0.04931610401884864
2184,stimulus,43,0,4,1,0,-1.0,-1.0,1,1,0,0,0.0,0.04931610401884864
2185,stimulus,43,4,5,1,1,1.0,1.0,0,nan,nan,nan,0.0,0.04931610401884864
2186,stimulus,43,3,4,0,1,1.0,1.0,0,nan,nan,nan,0.0,0.04931610401884864
2187,stimulus,43,0,3,0,0,-1.0,-1.0,1,2,0,0,0.0003996291894282235,0.04931610401884864
2188,stimulus,43,7,5,1,0,-1.0,-1.0,1,0,1,0,0.0,0.04931610401884864
2189,stimulus,43,6,3,0,0,-1.0,-1.0,1,0,1,0,0.0,0.04931610401884864
2190,stimulus,43,0,3,0,0,-1.0,-1.0,1,0,1,0,0.0003996291894282235,0.04931610401884864
2191,stimulus,43,7,5,1,0,-1.0,-1.0,1,0,1,0,0.0,0.04931610401884864
2192,stimulus,43,7,5,1,0,-1.0,-1.0,1,0,1,0,0.0,0.04931610401884864
2193,stimulus,43,6,5,1,1,1.0,1.0,0,nan,nan,nan,0.0,0.04931610401884864
2194,stimulus,43,6,4,0,0,-1.0,-1.0,1,1,0,0,0.0003996291894282235,0.04931610401884864
2195,stimulus,43,2,5,1,0,-1.0,-1.0,1,0,1,0,0.0,0.04931610401884864
2196,stimulus,43,8,3,0,0,-1.0,-1.0,1,0,1,0,0.0003996291894282235,0.04931610401884864
2197,stimulus,43,5,3,0,0,-1.0,-1.0,1,0,1,0,0.0003996291894282235,0.04931610401884864
2198,stimulus,43,8,3,0,0,-1.0,-1.0,1,0,1,0,0.0003996291894282235,0.04931610401884864
2199,stimulus,43,8,3,0,0,-1.0,-1.0,1,0,1,0,0.0003996291894282235,0.04931610401884864
2200,stimulus,43,0,3,0,0,-1.0,-1.0,1,0,1,0,0.0003996291894282235,0.04931610401884864
2201,stimulus,43,1,3,0,0,-1.0,-1.0,1,0,1,0,0.0,0.04931610401884864
2202,stimulus,43,4,3,0,1,1.0,1.0,0,nan,nan,nan,0.0,0.04931610401884864
2203,stimulus,43,1,4,1,0,-1.0,-1.0,1,1,0,0,0.0,0.04931610401884864
2204,stimulus,43,1,3,0,0,-1.0,-1.0,1,0,1,0,0.0,0.04931610401884864
2205,stimulus,43,3,5,1,0,-1.0,-1.0,1,0,1,0,0.0,0.04931610401884864
2206,stimulus,43,7,5,1,0,-1.0,-1.0,1,0,1,0,0.0,0.04931610401884864
2207,stimulus,43,2,3,0,1,1.0,1.0,0,nan,nan,nan,0.0,0.04931610401884864
2208,stimulus,43,8,2,0,0,-1.0,-1.0,1,1,0,0,0.0,0.04931610401884864
2209,stimulus,43,1,3,0,0,-1.0,-1.0,1,0,1,0,0.0,0.04931610401884864
2210,stimulus,43,2,5,1,0,-1.0,-1.0,1,0,1,0,0.0,0.04931610401884864
2211,stimulus,43,2,3,0,1,1.0,1.0,0,nan,nan,nan,0.0,0.04931610401884864
2212,stimulus,43,3,2,0,1,1.0,1.0,0,nan,nan,nan,0.0,0.04931610401884864
2213,stimulus,43,3,1,0,0,-1.0,-1.0,1,2,0,0,0.0003996291894282235,0.04931610401884864
2214,stimulus,43,6,5,1,1,1.0,1.0,0,nan,nan,nan,0.0,0.04931610401884864
2215,stimulus,43,4,4,0,1,1.0,1.0,0,nan,nan,nan,0.0,0.04931610401884864
2216,stimulus,43,3,5,1,0,-1.0,-1.0,1,2,0,0,0.0,0.04931610401884864
2217,stimulus,43,0,5,1,0,-1.0,-1.0,1,0,1,0,0.0003996291894282235,0.04931610401884864
2218,stimulus,43,0,3,0,0,-1.0,-1.0,1,0,1,0,0.0003996291894282235,0.04931610401884864
2219,stimulus,43,8,3,0,0,-1.0,-1.0,1,0,1,0,0.0003996291894282235,0.04931610401884864
2220,stimulus,43,1,3,0,0,-1.0,-1.0,1,0,1,0,0.0,0.04931610401884864
2221,stimulus,43,6,5,1,1,1.0,1.0,0,nan,nan,nan,0.0,0.04931610401884864
2222,stimulus,43,4,6,1,0,-1.0,-1.0,1,1,0,0,0.0,0.04931610401884864
2223,stimulus,43,1,3,0,0,-1.0,-1.0,1,0,1,0,0.0,0.04931610401884864
2224,stimulus,43,3,5,1,0,-1.0,-1.0,1,0,1,0,0.0,0.04931610401884864
2225,stimulus,43,7,5,1,0,-1.0,-1.0,1,0,1,0,0.0,0.04931610401884864
2226,stimulus,43,3,3,0,1,1.0,1.0,0,nan,nan,nan,0.0,0.04931610401884864
2227,stimulus,43,5,4,1,1,1.0,1.0,0,nan,nan,nan,0.0,0.04931610401884864
2228,stimulus,43,7,5,1,0,-1.0,-1.0,1,2,0,0,0.0,0.04931610401884864
2229,stimulus,43,7,5,1,0,-1.0,-1.0,1,0,1,0,0.0,0.04931610401884864
2230,stimulus,43,0,3,0,0,-1.0,-1.0,1,0,1,0,0.0003996291894282235,0.04931610401884864
2231,stimulus,43,5,3,0,0,-1.0,-1.0,1,0,1,0,0.0003996291894282235,0.04931610401884864
2232,stimulus,43,1,3,0,0,-1.0,-1.0,1,0,1,0,0.0,0.04931610401884864
2233,stimulus,43,5,3,0,0,-1.0,-1.0,1,0,1,0,0.0003996291894282235,0.04931610401884864
2234,stimulus,43,6,3,0,0,-1.0,-1.0,1,0,1,0,0.0,0.04931610401884864
2235,stimulus,43,0,3,0,0,-1.0,-1.0,1,0,1,0,0.0003996291894282235,0.04931610401884864
2236,stimulus,43,6,5,1,1,1.0,1.0,0,nan,nan,nan,0.0,0.04931610401884864
2237,stimulus,43,3,4,0,1,1.0,1.0,0,nan,nan,nan,0.0,0.04931610401884864
2238,stimulus,43,5,3,0,0,-1.0,-1.0,1,2,0,0,0.0003996291894282235,0.04931610401884864
2239,stimulus,43,8,3,0,0,-1.0,-1.0,1,0,1,0,0.0003996291894282235,0.04931610401884864
2240,stimulus,43,6,3,0,0,-1.0,-1.0,1,0,1,0,0.0,0.04931610401884864
2241,stimulus,43,5,5,1,1,1.0,1.0,0,nan,nan,nan,0.0003996291894282235,0.048916474829420416
2242,stimulus,43,1,4,0,0,-1.0,-1.0,1,1,0,0,0.0003996291894282235,0.048916474829420416
2243,stimulus,43,0,3,0,0,-1.0,-1.0,1,0,1,0,0.0003996291894282235,0.048916474829420416
2244,stimulus,43,8,3,0,0,-1.0,-1.0,1,0,1,0,0.0003996291894282235,0.048916474829420416
2245,stimulus,43,1,5,1,0,-1.0,-1.0,1,0,1,0,0.0,0.048916474829420416
2246,stimulus,43,6,3,0,0,-1.0,-1.0,1,0,1,0,0.0,0.048916474829420416
2247,stimulus,43,4,3,0,1,1.0,1.0,0,nan,nan,nan,0.0,0.048916474829420416
2248,stimulus,43,0,4,1,0,-1.0,-1.0,1,1,0,0,0.0,0.048916474829420416
2249,stimulus,43,8,3,0,0,-1.0,-1.0,1,0,1,0,0.0003996291894282235,0.048916474829420416
2250,stimulus,43,8,3,0,0,-1.0,-1.0,1,0,1,0,0.0003996291894282235,0.048916474829420416
2251,stimulus,43,1,5,1,0,-1.0,-1.0,1,0,1,0,0.0,0.048916474829420416
2252,stimulus,43,4,3,0,1,1.0,1.0,0,nan,nan,nan,0.0,0.048916474829420416
2253,stimulus,43,7,2,0,0,-1.0,-1.0,1,1,0,0,0.0003996291894282235,0.048916474829420416
2254,stimulus,43,5,3,0,0,-1.0,-1.0,1,0,1,0,0.0003996291894282235,0.04931610401884864
2255,stimulus,43,4,3,0,1,1.0,1.0,0,nan,nan,nan,0.0,0.04931610401884864
2256,stimulus,43,2,2,0,1,1.0,1.0,0,nan,nan,nan,0.0,0.04931610401884864
2257,stimulus,43,4,1,0,0,-1.0,-1.0,1,2,0,0,0.0,0.04931610401884864
2258,stimulus,43,0,3,0,0,-1.0,-1.0,1,0,1,0,0.0003996291894282235,0.04931610401884864
2259,stimulus,43,6,3,0,0,-1.0,-1.0,1,0,1,0,0.0,0.04931610401884864
2260,stimulus,43,1,3,0,0,-1.0,-1.0,1,0,1,0,0.0,0.04931610401884864
2261,stimulus,43,2,3,0,1,1.0,1.0,0,nan,nan,nan,0.0,0.04931610401884864
2262,stimulus,43,5,4,1,1,1.0,1.0,0,nan,nan,nan,0.0,0.04931610401884864
2263,stimulus,43,6,5,1,1,1.0,1.0,0,nan,nan,nan,0.0,0.04931610401884864
2264,stimulus,43,6,4,0,0,-1.0,-1.0,1,3,0,1,0.0003996291894282235,0.04931610401884864
2265,stimulus,43,1,5,1,0,-1.0,-1.0,1,0,1,0,0.0,0.04931610401884864
2266,stimulus,43,6,5,1,1,1.0,1.0,0,nan,nan,nan,0.0,0.04931610401884864
2267,stimulus,43,1,4,0,0,-1.0,-1.0,1,1,0,0,0.0003996291894282235,0.04931610401884864
2268,stimulus,43,3,5,1,0,-1.0,-1.0,1,0,1,0,0.0,0.04931610401884864
2269,stimulus,43,0,3,0,0,-1.0,-1.0,1,0,1,0,0.0003996291894282235,0.04931610401884864
2270,stimulus,43,6,5,1,1,1.0,1.0,0,nan,nan,nan,0.0,0.04931610401884864
2271,stimulus,43,6,4,0,0,-1.0,-1.0,1,1,0,0,0.0003996291894282235,0.04931610401884864
2272,stimulus,43,3,3,0,1,1.0,1.0,0,nan,nan,nan,0.0,0.04931610401884864
2273,stimulus,43,8,4,1,0,-1.0,-1.0,1,1,0,0,0.0,0.04931610401884864
2274,stimulus,43,1,3,0,0,-1.0,-1.0,1,0,1,0,0.0,0.04931610401884864
2275,stimulus,43,0,3,0,0,-1.0,-1.0,1,0,1,0,0.0003996291894282235,0.04931610401884864
2276,stimulus,43,3,5,1,0,-1.0,-1.0,1,0,1,0,0.0,0.04931610401884864
2277,stimulus,43,1,5,1,0,-1.0,-1.0,1,0,1,0,0.0,0.04931610401884864
2278,stimulus,43,7,3,0,0,-1.0,-1.0,1,0,1,0,0.0,0.04931610401884864
2279,stimulus,43,2,5,1,0,-1.0,-1.0,1,0,1,0,0.0,0.04931610401884864
2280,stimulus,43,2,5,1,0,-1.0,-1.0,1,0,1,0,0.0,0.04931610401884864
2281,stimulus,43,0,3,0,0,-1.0,-1.0,1,0,1,0,0.0003996291894282235,0.04931610401884864
2282,stimulus,43,0,3,0,0,-1.0,-1.0,1,0,1,0,0.0003996291894282235,0.04931610401884864
2283,stimulus,43,0,3,0,0,-1.0,-1.0,1,0,1,0,0.0003996291894282235,0.04931610401884864
2284,stimulus,43,6,3,0,0,-1.0,-1.0,1,0,1,0,0.0,0.04931610401884864
2285,stimulus,43,5,3,0,0,-1.0,-1.0,1,0,1,0,0.0003996291894282235,0.04931610401884864
2286,stimulus,43,8,3,0,0,-1.0,-1.0,1,0,1,0,0.0003996291894282235,0.04931610401884864
2287,stimulus,43,7,3,0,0,-1.0,-1.0,1,0,1,0,0.0,0.04931610401884864
2288,stimulus,43,8,3,0,0,-1.0,-1.0,1,0,1,0,0.0003996291894282235,0.04931610401884864
2289,stimulus,43,4,5,1,1,1.0,1.0,0,nan,nan,nan,0.0,0.04931610401884864
2290,stimulus,43,8,6,1,0,-1.0,-1.0,1,1,0,0,0.0,0.04931610401884864
2291,stimulus,43,3,3,0,1,1.0,1.0,0,nan,nan,nan,0.0,0.04931610401884864
2292,stimulus,43,0,2,0,0,-1.0,-1.0,1,1,0,0,0.0,0.04931610401884864
2293,stimulus,43,3,3,0,1,1.0,1.0,0,nan,nan,nan,0.0,0.04931610401884864
2294,stimulus,43,1,2,0,1,1.0,1.0,0,nan,nan,nan,0.0,0.04931610401884864
2295,stimulus,43,7,3,1,0,-1.0,-1.0,1,2,0,0,0.0,0.04931610401884864
2296,stimulus,43,6,5,1,1,1.0,1.0,0,nan,nan,nan,0.0,0.04931610401884864
2297,stimulus,43,6,6,1,1,1.0,1.0,0,nan,nan,nan,0.0003996291894282235,0.048916474829420416
2298,stimulus,43,8,5,0,0,-1.0,-1.0,1,2,0,0,0.0,0.048916474829420416
2299,stimulus,43,6,3,0,0,-1.0,-1.0,1,0,1,0,0.0,0.048916474829420416
2300,stimulus,43,2,5,1,0,-1.0,-1.0,1,0,1,0,0.0,0.048916474829420416
2301,stimulus,43,0,3,0,0,-1.0,-1.0,1,0,1,0,0.0003996291894282235,0.048916474829420416
2302,stimulus,43,2,3,0,1,1.0,1.0,0,nan,nan,nan,0.0,0.048916474829420416
2303,stimulus,43,5,2,0,0,-1.0,-1.0,1,1,0,0,0.0,0.048916474829420416
2304,stimulus,43,4,5,1,1,1.0,1.0,0,nan,nan,nan,0.0,0.048916474829420416
2305,stimulus,43,1,4,0,0,-1.0,-1.0,1,1,0,0,0.0003996291894282235,0.048916474829420416
2306,stimulus,43,8,3,0,0,-1.0,-1.0,1,0,1,0,0.0003996291894282235,0.048916474829420416
2307,stimulus,43,5,3,0,0,-1.0,-1.0,1,0,1,0,0.0003996291894282235,0.04931610401884864
2308,stimulus,43,7,5,1,0,-1.0,-1.0,1,0,1,0,0.0,0.04931610401884864
2309,stimulus,43,6,3,0,0,-1.0,-1.0,1,0,1,0,0.0,0.04931610401884864
2310,stimulus,43,4,3,0,1,1.0,1.0,0,nan,nan,nan,0.0,0.04931610401884864
2311,stimulus,43,8,2,0,0,-1.0,-1.0,1,1,0,0,0.0,0.04931610401884864
2312,stimulus,43,2,5,1,0,-1.0,-1.0,1,0,1,0,0.0,0.04931610401884864
2313,stimulus,43,6,5,1,1,1.0,1.0,0,nan,nan,nan,0.0,0.04931610401884864
2314,stimulus,43,5,6,1,1,1.0,1.0,0,nan,nan,nan,0.0,0.04931610401884864
2315,stimulus,43,1,5,0,0,-1.0,-1.0,1,2,0,0,0.00013254880891139673,0.04944865282776003
2316,stimulus,43,4,3,0,1,1.0,1.0,0,nan,nan,nan,0.0,0.04944865282776003
2317,stimulus,43,1,4,1,0,-1.0,-1.0,1,1,0,0,0.0,0.04944865282776003
2318,stimulus,43,6,3,0,0,-1.0,-1.0,1,0,1,0,0.0,0.04944865282776003
2319,stimulus,43,8,3,0,0,-1.0,-1.0,1,0,1,0,0.0003996291894282235,0.04944865282776003
2320,stimulus,43,3,5,1,0,-1.0,-1.0,1,0,1,0,0.0,0.04944865282776003
2321,stimulus,43,7,3,0,0,-1.0,-1.0,1,0,1,0,0.0,0.04944865282776003
2322,stimulus,43,6,3,0,0,-1.0,-1.0,1,0,1,0,0.0,0.04944865282776003
2323,stimulus,43,6,5,1,1,1.0,1.0,0,nan,nan,nan,0.0,0.04944865282776003
2324,stimulus,43,0,6,1,0,-1.0,-1.0,1,1,0,0,0.00013254880891139673,0.049581201636671436
2325,stimulus,43,6,5,1,1,1.0,1.0,0,nan,nan,nan,0.0,0.049581201636671436
2326,stimulus,43,0,6,1,0,-1.0,-1.0,1,1,0,0,0.00013254880891139673,0.04971375044558283
2327,stimulus,43,5,3,0,0,-1.0,-1.0,1,0,1,0,0.0003996291894282235,0.04971375044558283
2328,stimulus,43,6,3,0,0,-1.0,-1.0,1,0,1,0,0.0,0.04971375044558283
2329,stimulus,43,2,3,0,1,1.0,1.0,0,nan,nan,nan,0.0,0.04971375044558283
2330,stimulus,43,0,4,1,0,-1.0,-1.0,1,1,0,0,0.0,0.04971375044558283
2331,stimulus,43,7,3,0,0,-1.0,-1.0,1,0,1,0,0.0,0.04971375044558283
2332,stimulus,43,2,3,0,1,1.0,1.0,0,nan,nan,nan,0.0,0.04971375044558283
2333,stimulus,43,8,4,1,0,-1.0,-1.0,1,1,0,0,0.0,0.04971375044558283
2334,stimulus,43,8,3,0,0,-1.0,-1.0,1,0,1,0,0.0003996291894282235,0.04971375044558283
2335,stimulus,43,5,3,0,0,-1.0,-1.0,1,0,1,0,0.0003996291894282235,0.04971375044558283
2336,stimulus,43,6,3,0,0,-1.0,-1.0,1,0,1,0,0.0,0.04971375044558283
2337,stimulus,43,6,5,1,1,1.0,1.0,0,nan,nan,nan,0.0,0.04971375044558283
2338,stimulus,43,6,4,0,0,-1.0,-1.0,1,1,0,0,0.0003996291894282235,0.04971375044558283
2339,stimulus,43,8,3,0,0,-1.0,-1.0,1,0,1,0,0.0003996291894282235,0.04971375044558283
2340,stimulus,43,1,3,0,0,-1.0,-1.0,1,0,1,0,0.0,0.04971375044558283
2341,stimulus,43,2,3,0,1,1.0,1.0,0,nan,nan,nan,0.0,0.04971375044558283
2342,stimulus,43,5,2,0,0,-1.0,-1.0,1,1,0,0,0.0,0.04971375044558283
2343,stimulus,43,7,3,0,0,-1.0,-1.0,1,0,1,0,0.0,0.04971375044558283
2344,stimulus,43,4,3,0,1,1.0,1.0,0,nan,nan,nan,0.0,0.04971375044558283
2345,stimulus,43,0,4,1,0,-1.0,-1.0,1,1,0,0,0.0,0.04971375044558283
2346,stimulus,43,0,3,0,0,-1.0,-1.0,1,0,1,0,0.0003996291894282235,0.04971375044558283
2347,stimulus,43,6,3,0,0,-1.0,-1.0,1,0,1,0,0.0,0.04971375044558283
2348,stimulus,43,6,5,1,1,1.0,1.0,0,nan,nan,nan,0.0,0.04971375044558283
2349,stimulus,43,3,4,0,1,1.0,1.0,0,nan,nan,nan,0.0,0.04971375044558283
2350,stimulus,43,8,3,0,0,-1.0,-1.0,1,2,0,0,0.0003996291894282235,0.04971375044558283
2351,stimulus,43,4,3,0,1,1.0,1.0,0,nan,nan,nan,0.0,0.04971375044558283
2352,stimulus,43,1,4,1,0,-1.0,-1.0,1,1,0,0,0.0,0.04971375044558283
2353,stimulus,43,8,3,0,0,-1.0,-1.0,1,0,1,0,0.0003996291894282235,0.04971375044558283
2354,stimulus,43,4,5,1,1,1.0,1.0,0,nan,nan,nan,0.0,0.04971375044558283
2355,stimulus,43,1,4,0,0,-1.0,-1.0,1,1,0,0,0.0003996291894282235,0.04971375044558283
2356,stimulus,43,8,3,0,0,-1.0,-1.0,1,0,1,0,0.0003996291894282235,0.04971375044558283
2357,stimulus,43,7,5,1,0,-1.0,-1.0,1,0,1,0,0.0,0.04971375044558283
2358,stimulus,43,1,3,0,0,-1.0,-1.0,1,0,1,0,0.0,0.04971375044558283
2359,stimulus,43,5,3,0,0,-1.0,-1.0,1,0,1,0,0.0003996291894282235,0.04971375044558283
2360,stimulus,43,5,3,0,0,-1.0,-1.0,1,0,1,0,0.0003996291894282235,0.04971375044558283
2361,stimulus,43,3,3,0,1,1.0,1.0,0,nan,nan,nan,0.0,0.04971375044558283
2362,stimulus,43,8,2,0,0,-1.0,-1.0,1,1,0,0,0.0,0.04971375044558283
2363,stimulus,43,7,3,0,0,-1.0,-1.0,1,0,1,0,0.0,0.04971375044558283
2364,stimulus,43,3,5,1,0,-1.0,-1.0,1,0,1,0,0.0,0.04971375044558283
2365,stimulus,43,3,3,0,1,1.0,1.0,0,nan,nan,nan,0.0,0.04971375044558283
2366,stimulus,43,8,4,1,0,-1.0,-1.0,1,1,0,0,0.0,0.04971375044558283
2367,stimulus,43,6,5,1,1,1.0,1.0,0,nan,nan,nan,0.0,0.04971375044558283
2368,stimulus,43,8,4,0,0,-1.0,-1.0,1,1,0,0,0.0,0.04971375044558283
2369,stimulus,43,3,3,0,1,1.0,1.0,0,nan,nan,nan,0.0,0.04971375044558283
2370,stimulus,43,4,2,0,0,-1.0,-1.0,1,1,0,0,0.0003996291894282235,0.04971375044558283
2371,stimulus,43,7,5,1,0,-1.0,-1.0,1,0,1,0,0.0,0.04971375044558283
2372,stimulus,43,0,3,0,0,-1.0,-1.0,1,0,1,0,0.0003996291894282235,0.04971375044558283
2373,stimulus,43,0,3,0,0,-1.0,-1.0,1,0,1,0,0.0003996291894282235,0.04971375044558283
2374,stimulus,43,1,5,1,0,-1.0,-1.0,1,0,1,0,0.0,0.04971375044558283
2375,stimulus,43,7,3,0,0,-1.0,-1.0,1,0,1,0,0.0,0.04971375044558283
2376,stimulus,43,7,3,0,0,-1.0,-1.0,1,0,1,0,0.0,0.04971375044558283
2377,stimulus,43,3,5,1,0,-1.0,-1.0,1,0,1,0,0.0,0.04971375044558283
2378,stimulus,43,3,5,1,0,-1.0,-1.0,1,0,1,0,0.0,0.04971375044558283
2379,stimulus,43,0,3,0,0,-1.0,-1.0,1,0,1,0,0.0003996291894282235,0.04971375044558283
2380,stimulus,43,0,5,1,0,-1.0,-1.0,1,0,1,0,0.0003996291894282235,0.04971375044558283
2381,stimulus,43,0,3,0,0,-1.0,-1.0,1,0,1,0,0.0003996291894282235,0.04971375044558283
2382,stimulus,43,7,5,1,0,-1.0,-1.0,1,0,1,0,0.0,0.04971375044558283
2383,stimulus,43,6,5,1,1,1.0,1.0,0,nan,nan,nan,0.0,0.04971375044558283
2384,stimulus,43,0,6,1,0,-1.0,-1.0,1,1,0,0,0.00016403014906133027,0.049877780594644164
2385,stimulus,43,6,5,1,1,1.0,1.0,0,nan,nan,nan,0.0,0.049877780594644164
2386,stimulus,43,1,4,0,0,-1.0,-1.0,1,1,0,0,0.0003996291894282235,0.049877780594644164
2387,stimulus,43,1,5,1,0,-1.0,-1.0,1,0,1,0,0.0,0.049877780594644164
2388,stimulus,43,5,5,1,1,1.0,1.0,0,nan,nan,nan,0.0003996291894282235,0.049478151405215935
2389,stimulus,43,4,6,1,0,-1.0,-1.0,1,1,0,0,0.0,0.049478151405215935
2390,stimulus,43,5,3,0,0,-1.0,-1.0,1,0,1,0,0.0003996291894282235,0.049877780594644164
2391,stimulus,43,0,3,0,0,-1.0,-1.0,1,0,1,0,0.0003996291894282235,0.049877780594644164
2392,stimulus,43,6,3,0,0,-1.0,-1.0,1,0,1,0,0.0,0.049877780594644164
2393,stimulus,43,6,3,0,0,-1.0,-1.0,1,0,1,0,0.0,0.049877780594644164
2394,stimulus,43,6,5,1,1,1.0,1.0,0,nan,nan,nan,0.0,0.049877780594644164
2395,stimulus,43,5,6,1,1,1.0,1.0,0,nan,nan,nan,0.0,0.049877780594644164
2396,stimulus,43,3,5,0,0,-1.0,-1.0,1,2,0,0,0.0,0.049877780594644164
2397,stimulus,43,4,3,0,1,1.0,1.0,0,nan,nan,nan,0.0,0.049877780594644164
2398,stimulus,43,1,4,1,0,-1.0,-1.0,1,1,0,0,0.0,0.049877780594644164
2399,stimulus,43,7,5,1,0,-1.0,-1.0,1,0,1,0,0.0,0.049877780594644164
2400,stimulus,43,6,5,1,1,1.0,1.0,0,nan,nan,nan,0.0,0.049877780594644164
2401,stimulus,43,2,4,0,0,-1.0,-1.0,1,1,0,0,0.0,0.049877780594644164
2402,stimulus,43,8,3,0,0,-1.0,-1.0,1,0,1,0,0.0003996291894282235,0.049877780594644164
2403,stimulus,43,1,5,1,0,-1.0,-1.0,1,0,1,0,0.0,0.049877780594644164
2404,stimulus,43,8,3,0,0,-1.0,-1.0,1,0,1,0,0.0003996291894282235,0.049877780594644164
2405,stimulus,43,4,5,1,1,1.0,1.0,0,nan,nan,nan,0.0,0.049877780594644164
2406,stimulus,43,0,6,1,0,-1.0,-1.0,1,1,0,0,0.00016403014906133027,0.05004181074370549
2407,stimulus,43,1,5,1,0,-1.0,-1.0,1,0,1,0,0.0,0.05004181074370549
2408,stimulus,43,6,5,1,1,1.0,1.0,0,nan,nan,nan,0.0,0.05004181074370549
2409,stimulus,43,5,6,1,1,1.0,1.0,0,nan,nan,nan,0.0,0.05004181074370549
2410,stimulus,43,3,7,1,0,-1.0,-1.0,1,2,0,0,0.0,0.05004181074370549
2411,stimulus,43,5,3,0,0,-1.0,-1.0,1,0,1,0,0.0003996291894282235,0.05004181074370549
2412,stimulus,43,5,3,0,0,-1.0,-1.0,1,0,1,0,0.0003996291894282235,0.05004181074370549
2413,stimulus,43,3,5,1,0,-1.0,-1.0,1,0,1,0,0.0,0.05004181074370549
2414,stimulus,43,8,3,0,0,-1.0,-1.0,1,0,1,0,0.0003996291894282235,0.05004181074370549
2415,stimulus,43,3,3,0,1,1.0,1.0,0,nan,nan,nan,0.0,0.05004181074370549
2416,stimulus,43,4,2,0,0,-1.0,-1.0,1,1,0,0,0.0003996291894282235,0.05004181074370549
2417,stimulus,43,8,3,0,0,-1.0,-1.0,1,0,1,0,0.0003996291894282235,0.05004181074370549
2418,stimulus,43,8,3,0,0,-1.0,-1.0,1,0,1,0,0.0003996291894282235,0.05004181074370549
2419,stimulus,43,7,5,1,0,-1.0,-1.0,1,0,1,0,0.0,0.05004181074370549
2420,stimulus,43,6,5,1,1,1.0,1.0,0,nan,nan,nan,0.0,0.05004181074370549
2421,stimulus,43,8,4,0,0,-1.0,-1.0,1,1,0,0,0.0,0.05004181074370549
2422,stimulus,43,6,5,1,1,1.0,1.0,0,nan,nan,nan,0.0,0.05004181074370549
2423,stimulus,43,3,4,0,1,1.0,1.0,0,nan,nan,nan,0.0,0.05004181074370549
2424,stimulus,43,5,3,0,0,-1.0,-1.0,1,2,0,0,0.0003996291894282235,0.05004181074370549
2425,stimulus,43,8,3,0,0,-1.0,-1.0,1,0,1,0,0.0003996291894282235,0.05004181074370549
2426,stimulus,43,8,3,0,0,-1.0,-1.0,1,0,1,0,0.0003996291894282235,0.05004181074370549
2427,stimulus,43,4,3,0,1,1.0,1.0,0,nan,nan,nan,0.0,0.05004181074370549
2428,stimulus,43,0,4,1,0,-1.0,-1.0,1,1,0,0,0.0,0.05004181074370549
2429,stimulus,43,8,3,0,0,-1.0,-1.0,1,0,1,0,0.0003996291894282235,0.05004181074370549
2430,stimulus,43,4,3,0,1,1.0,1.0,0,nan,nan,nan,0.0,0.05004181074370549
2431,stimulus,43,0,2,0,0,-1.0,-1.0,1,1,0,0,0.0,0.05004181074370549
2432,stimulus,43,6,5,1,1,1.0,1.0,0,nan,nan,nan,0.0,0.05004181074370549
2433,stimulus,43,2,4,0,0,-1.0,-1.0,1,1,0,0,0.0,0.05004181074370549
2434,stimulus,43,1,3,0,0,-1.0,-1.0,1,0,1,0,0.0,0.05004181074370549
2435,stimulus,43,4,5,1,1,1.0,1.0,0,nan,nan,nan,0.0,0.05004181074370549
2436,stimulus,43,0,6,1,0,-1.0,-1.0,1,1,0,0,0.00016403014906133027,0.05020584089276682
2437,stimulus,43,3,3,0,1,1.0,1.0,0,nan,nan,nan,0.0,0.05020584089276682
2438,stimulus,43,7,2,0,0,-1.0,-1.0,1,1,0,0,0.0003996291894282235,0.05020584089276682
2439,stimulus,43,3,3,0,1,1.0,1.0,0,nan,nan,nan,0.0,0.05020584089276682
2440,stimulus,43,8,4,1,0,-1.0,-1.0,1,1,0,0,0.0,0.05020584089276682
2441,stimulus,43,7,5,1,0,-1.0,-1.0,1,0,1,0,0.0,0.05020584089276682
2442,stimulus,43,1,5,1,0,-1.0,-1.0,1,0,1,0,0.0,0.05020584089276682
2443,stimulus,43,4,3,0,1,1.0,1.0,0,nan,nan,nan,0.0,0.05020584089276682
2444,stimulus,43,7,2,0,0,-1.0,-1.0,1,1,0,0,0.0003996291894282235,0.05020584089276682
2445,stimulus,43,2,5,1,0,-1.0,-1.0,1,0,1,0,0.0,0.05020584089276682
2446,stimulus,43,7,3,0,0,-1.0,-1.0,1,0,1,0,0.0,0.05020584089276682
2447,stimulus,43,0,3,0,0,-1.0,-1.0,1,0,1,0,0.0003996291894282235,0.05020584089276682
2448,stimulus,43,4,3,0,1,1.0,1.0,0,nan,nan,nan,0.0,0.05020584089276682
2449,stimulus,43,1,4,1,0,-1.0,-1.0,1,1,0,0,0.0,0.05020584089276682
2450,stimulus,43,5,3,0,0,-1.0,-1.0,1,0,1,0,0.0003996291894282235,0.05020584089276682
2451,stimulus,43,2,5,1,0,-1.0,-1.0,1,0,1,0,0.0,0.05020584089276682
2452,stimulus,43,0,3,0,0,-1.0,-1.0,1,0,1,0,0.0003996291894282235,0.05020584089276682
2453,stimulus,43,4,3,0,1,1.0,1.0,0,nan,nan,nan,0.0,0.05020584089276682
2454,stimulus,43,2,2,0,1,1.0,1.0,0,nan,nan,nan,0.0,0.05020584089276682
2455,stimulus,43,6,1,0,0,-1.0,-1.0,1,2,0,0,0.0003996291894282235,0.05020584089276682
2456,stimulus,43,8,3,0,0,-1.0,-1.0,1,0,1,0,0.0003996291894282235,0.05020584089276682
2457,stimulus,43,7,5,1,0,-1.0,-1.0,1,0,1,0,0.0,0.05020584089276682
2458,stimulus,43,2,5,1,0,-1.0,-1.0,1,0,1,0,0.0,0.05020584089276682
2459,stimulus,43,5,3,0,0,-1.0,-1.0,1,0,1,0,0.0003996291894282235,0.05020584089276682
2460,stimulus,43,1,3,0,0,-1.0,-1.0,1,0,1,0,0.0,0.05020584089276682
2461,stimulus,43,4,3,0,1,1.0,1.0,0,nan,nan,nan,0.0,0.05020584089276682
2462,stimulus,43,1,2,0,1,1.0,1.0,0,nan,nan,nan,0.0,0.05020584089276682
2463,stimulus,43,4,3,1,1,1.0,1.0,0,nan,nan,nan,0.0,0.05020584089276682
2464,stimulus,43,0,2,0,0,-1.0,-1.0,1,3,0,1,0.0,0.05020584089276682
2465,stimulus,43,0,3,0,0,-1.0,-1.0,1,0,1,0,0.0003996291894282235,0.05020584089276682
2466,stimulus,43,6,3,0,0,-1.0,-1.0,1,0,1,0,0.0,0.05020584089276682
2467,stimulus,43,5,3,0,0,-1.0,-1.0,1,0,1,0,0.0003996291894282235,0.05020584089276682
2468,stimulus,43,0,3,0,0,-1.0,-1.0,1,0,1,0,0.0003996291894282235,0.05020584089276682
2469,stimulus,43,6,3,0,0,-1.0,-1.0,1,0,1,0,0.0,0.05020584089276682
2470,stimulus,43,4,3,0,1,1.0,1.0,0,nan,nan,nan,0.0,0.05020584089276682
2471,stimulus,43,0,2,0,0,-1.0,-1.0,1,1,0,0,0.0,0.05020584089276682
2472,stimulus,43,5,3,0,0,-1.0,-1.0,1,0,1,0,0.0003996291894282235,0.05020584089276682
2473,stimulus,43,1,3,0,0,-1.0,-1.0,1,0,1,0,0.0,0.05020584089276682
2474,stimulus,43,5,3,0,0,-1.0,-1.0,1,0,1,0,0.0003996291894282235,0.05020584089276682
2475,stimulus,43,8,3,0,0,-1.0,-1.0,1,0,1,0,0.0003996291894282235,0.05020584089276682
2476,stimulus,43,7,3,0,0,-1.0,-1.0,1,0,1,0,0.0,0.05020584089276682
2477,stimulus,43,0,3,0,0,-1.0,-1.0,1,0,1,0,0.0003996291894282235,0.05020584089276682
2478,stimulus,43,1,5,1,0,-1.0,-1.0,1,0,1,0,0.0,0.05020584089276682
2479,stimulus,43,3,5,1,0,-1.0,-1.0,1,0,1,0,0.0,0.05020584089276682
2480,stimulus,43,2,5,1,0,-1.0,-1.0,1,0,1,0,0.0,0.05020584089276682
2481,stimulus,43,1,5,1,0,-1.0,-1.0,1,0,1,0,0.0,0.05020584089276682
2482,stimulus,43,6,3,0,0,-1.0,-1.0,1,0,1,0,0.0,0.05020584089276682
2483,stimulus,43,8,3,0,0,-1.0,-1.0,1,0,1,0,0.0003996291894282235,0.05020584089276682
2484,stimulus,43,5,3,0,0,-1.0,-1.0,1,0,1,0,0.0003996291894282235,0.05020584089276682
2485,stimulus,43,3,5,1,0,-1.0,-1.0,1,0,1,0,0.0,0.05020584089276682
2486,stimulus,43,2,3,0,1,1.0,1.0,0,nan,nan,nan,0.0,0.05020584089276682
2487,stimulus,43,0,4,1,0,-1.0,-1.0,1,1,0,0,0.0,0.05020584089276682
2488,stimulus,43,0,3,0,0,-1.0,-1.0,1,0,1,0,0.0003996291894282235,0.05020584089276682
2489,stimulus,43,0,3,0,0,-1.0,-1.0,1,0,1,0,0.0003996291894282235,0.05020584089276682
2490,stimulus,43,8,3,0,0,-1.0,-1.0,1,0,1,0,0.0003996291894282235,0.05020584089276682
2491,stimulus,43,5,3,0,0,-1.0,-1.0,1,0,1,0,0.0003996291894282235,0.05020584089276682
2492,stimulus,43,1,3,0,0,-1.0,-1.0,1,0,1,0,0.0,0.05020584089276682
2493,stimulus,43,5,3,0,0,-1.0,-1.0,1,0,1,0,0.0003996291894282235,0.05020584089276682
2494,stimulus,43,1,3,0,0,-1.0,-1.0,1,0,1,0,0.0,0.05020584089276682
2495,stimulus,43,7,5,1,0,-1.0,-1.0,1,0,1,0,0.0,0.05020584089276682
2496,stimulus,43,5,3,0,0,-1.0,-1.0,1,0,1,0,0.0003996291894282235,0.05020584089276682
2497,stimulus,43,3,5,1,0,-1.0,-1.0,1,0,1,0,0.0,0.05020584089276682
2498,stimulus,43,3,3,0,1,1.0,1.0,0,nan,nan,nan,0.0,0.05020584089276682
2499,stimulus,43,3,4,1,1,1.0,1.0,0,nan,nan,nan,0.0,0.05020584089276682
2500,stimulus,43,5,3,0,0,-1.0,-1.0,1,2,0,0,0.0003996291894282235,0.05020584089276682
2501,stimulus,43,7,5,1,0,-1.0,-1.0,1,0,1,0,0.0,0.05020584089276682
2502,stimulus,43,8,3,0,0,-1.0,-1.0,1,0,1,0,0.0003996291894282235,0.05020584089276682
2503,stimulus,43,2,3,0,1,1.0,1.0,0,nan,nan,nan,0.0,0.05020584089276682
2504,stimulus,43,0,2,0,0,-1.0,-1.0,1,1,0,0,0.0,0.05020584089276682
2505,stimulus,43,6,5,1,1,1.0,1.0,0,nan,nan,nan,0.0,0.05020584089276682
2506,stimulus,43,5,6,1,1,1.0,1.0,0,nan,nan,nan,0.0,0.05020584089276682
2507,stimulus,43,4,7,1,0,-1.0,-1.0,1,2,0,0,0.0,0.05020584089276682
2508,stimulus,43,6,3,0,0,-1.0,-1.0,1,0,1,0,0.0,0.05020584089276682
2509,stimulus,43,6,5,1,1,1.0,1.0,0,nan,nan,nan,0.0,0.05020584089276682
2510,stimulus,43,6,4,0,0,-1.0,-1.0,1,1,0,0,0.0003996291894282235,0.05020584089276682
2511,stimulus,43,1,3,0,0,-1.0,-1.0,1,0,1,0,0.0,0.05020584089276682
2512,stimulus,43,2,5,1,0,-1.0,-1.0,1,0,1,0,0.0,0.05020584089276682
2513,stimulus,43,2,5,1,0,-1.0,-1.0,1,0,1,0,0.0,0.05020584089276682
2514,stimulus,43,0,3,0,0,-1.0,-1.0,1,0,1,0,0.0003996291894282235,0.05020584089276682
2515,stimulus,43,8,3,0,0,-1.0,-1.0,1,0,1,0,0.0003996291894282235,0.05020584089276682
2516,stimulus,43,1,5,1,0,-1.0,-1.0,1,0,1,0,0.0,0.05020584089276682
2517,stimulus,43,5,3,0,0,-1.0,-1.0,1,0,1,0,0.0003996291894282235,0.05020584089276682
2518,stimulus,43,6,3,0,0,-1.0,-1.0,1,0,1,0,0.0,0.05020584089276682
2519,stimulus,43,0,3,0,0,-1.0,-1.0,1,0,1,0,0.0003996291894282235,0.05020584089276682
2520,stimulus,43,6,3,0,0,-1.0,-1.0,1,0,1,0,0.0,0.05020584089276682
2521,stimulus,43,8,3,0,0,-1.0,-1.0,1,0,1,0,0.0003996291894282235,0.05020584089276682
2522,stimulus,43,7,5,1,0,-1.0,-1.0,1,0,1,0,0.0,0.05020584089276682
2523,stimulus,43,3,5,1,0,-1.0,-1.0,1,0,1,0,0.0,0.05020584089276682
2524,stimulus,43,1,3,0,0,-1.0,-1.0,1,0,1,0,0.0,0.05020584089276682
2525,stimulus,43,5,3,0,0,-1.0,-1.0,1,0,1,0,0.0003996291894282235,0.05020584089276682
2526,stimulus,43,5,3,0,0,-1.0,-1.0,1,0,1,0,0.0003996291894282235,0.05020584089276682
2527,stimulus,43,5,3,0,0,-1.0,-1.0,1,0,1,0,0.0003996291894282235,0.05020584089276682
2528,stimulus,43,7,5,1,0,-1.0,-1.0,1,0,1,0,0.0,0.05020584089276682
2529,stimulus,43,6,5,1,1,1.0,1.0,0,nan,nan,nan,0.0,0.05020584089276682
2530,stimulus,43,5,4,0,1,1.0,1.0,0,nan,nan,nan,0.0,0.05020584089276682
2531,stimulus,43,3,3,0,1,1.0,1.0,0,nan,nan,nan,0.0,0.05020584089276682
2532,stimulus,43,6,4,1,0,-1.0,-1.0,1,3,0,1,0.0,0.05020584089276682
2533,stimulus,43,7,3,0,0,-1.0,-1.0,1,0,1,0,0.0,0.05020584089276682
2534,stimulus,43,0,3,0,0,-1.0,-1.0,1,0,1,0,0.0003996291894282235,0.05020584089276682
2535,stimulus,43,8,5,1,0,-1.0,-1.0,1,0,1,0,0.0003996291894282235,0.05020584089276682
2536,stimulus,43,1,5,1,0,-1.0,-1.0,1,0,1,0,0.0,0.05020584089276682
2537,stimulus,43,8,3,0,0,-1.0,-1.0,1,0,1,0,0.0003996291894282235,0.05020584089276682
2538,stimulus,43,7,3,0,0,-1.0,-1.0,1,0,1,0,0.0,0.05020584089276682
2539,stimulus,43,4,5,1,1,1.0,1.0,0,nan,nan,nan,0.0,0.05020584089276682
2540,stimulus,43,7,4,0,0,-1.0,-1.0,1,1,0,0,0.0,0.05020584089276682
2541,stimulus,43,0,3,0,0,-1.0,-1.0,1,0,1,0,0.0003996291894282235,0.05020584089276682
2542,stimulus,43,4,3,0,1,1.0,1.0,0,nan,nan,nan,0.0,0.05020584089276682
2543,stimulus,43,1,4,1,0,-1.0,-1.0,1,1,0,0,0.0,0.05020584089276682
2544,stimulus,43,2,3,0,1,1.0,1.0,0,nan,nan,nan,0.0,0.05020584089276682
2545,stimulus,43,5,4,1,1,1.0,1.0,0,nan,nan,nan,0.0,0.05020584089276682
2546,stimulus,43,8,3,0,0,-1.0,-1.0,1,2,0,0,0.0003996291894282235,0.05020584089276682
2547,stimulus,43,6,3,0,0,-1.0,-1.0,1,0,1,0,0.0,0.05020584089276682
2548,stimulus,43,5,3,0,0,-1.0,-1.0,1,0,1,0,0.0003996291894282235,0.05020584089276682
2549,stimulus,43,6,3,0,0,-1.0,-1.0,1,0,1,0,0.0,0.05020584089276682
2550,stimulus,43,2,5,1,0,-1.0,-1.0,1,0,1,0,0.0,0.05020584089276682
2551,stimulus,43,6,5,1,1,1.0,1.0,0,nan,nan,nan,0.0,0.05020584089276682
2552,stimulus,43,7,4,0,0,-1.0,-1.0,1,1,0,0,0.0,0.05020584089276682
2553,stimulus,43,7,3,0,0,-1.0,-1.0,1,0,1,0,0.0,0.05020584089276682
2554,stimulus,43,2,5,1,0,-1.0,-1.0,1,0,1,0,0.0,0.05020584089276682
2555,stimulus,43,5,3,0,0,-1.0,-1.0,1,0,1,0,0.0003996291894282235,0.05020584089276682
2556,stimulus,43,1,3,0,0,-1.0,-1.0,1,0,1,0,0.0,0.05020584089276682
2557,stimulus,43,6,5,1,1,1.0,1.0,0,nan,nan,nan,0.0,0.05020584089276682
2558,stimulus,43,5,4,0,1,1.0,1.0,0,nan,nan,nan,0.0,0.05020584089276682
2559,stimulus,43,3,5,1,0,-1.0,-1.0,1,2,0,0,0.0,0.05020584089276682
2560,stimulus,43,5,3,0,0,-1.0,-1.0,1,0,1,0,0.0003996291894282235,0.05020584089276682
2561,stimulus,43,7,3,0,0,-1.0,-1.0,1,0,1,0,0.0,0.05020584089276682
2562,stimulus,43,6,5,1,1,1.0,1.0,0,nan,nan,nan,0.0,0.05020584089276682
2563,stimulus,43,3,4,0,1,1.0,1.0,0,nan,nan,nan,0.0,0.05020584089276682
2564,stimulus,43,7,5,1,0,-1.0,-1.0,1,2,0,0,0.0,0.05020584089276682
2565,stimulus,43,6,5,1,1,1.0,1.0,0,nan,nan,nan,0.0,0.05020584089276682
2566,stimulus,43,5,6,1,1,1.0,1.0,0,nan,nan,nan,0.0,0.05020584089276682
2567,stimulus,43,4,7,1,0,-1.0,-1.0,1,2,0,0,0.0,0.05020584089276682
2568,stimulus,43,1,3,0,0,-1.0,-1.0,1,0,1,0,0.0,0.05020584089276682
2569,stimulus,43,0,5,1,0,-1.0,-1.0,1,0,1,0,0.0003996291894282235,0.05020584089276682
2570,stimulus,43,8,3,0,0,-1.0,-1.0,1,0,1,0,0.0003996291894282235,0.05020584089276682
2571,stimulus,43,8,3,0,0,-1.0,-1.0,1,0,1,0,0.0003996291894282235,0.05020584089276682
2572,stimulus,43,3,3,0,1,1.0,1.0,0,nan,nan,nan,0.0,0.05020584089276682
2573,stimulus,43,1,2,0,1,1.0,1.0,0,nan,nan,nan,0.0,0.05020584089276682
2574,stimulus,43,8,3,1,0,-1.0,-1.0,1,2,0,0,0.0,0.05020584089276682
2575,stimulus,43,3,3,0,1,1.0,1.0,0,nan,nan,nan,0.0,0.05020584089276682
2576,stimulus,43,3,2,0,1,1.0,1.0,0,nan,nan,nan,0.0,0.05020584089276682
2577,stimulus,43,6,1,0,0,-1.0,-1.0,1,2,0,0,0.0003996291894282235,0.05020584089276682
2578,stimulus,43,2,5,1,0,-1.0,-1.0,1,0,1,0,0.0,0.05020584089276682
2579,stimulus,43,0,3,0,0,-1.0,-1.0,1,0,1,0,0.0003996291894282235,0.05020584089276682
2580,stimulus,43,0,3,0,0,-1.0,-1.0,1,0,1,0,0.0003996291894282235,0.05020584089276682
2581,stimulus,43,6,5,1,1,1.0,1.0,0,nan,nan,nan,0.0,0.05020584089276682
2582,stimulus,43,8,4,0,0,-1.0,-1.0,1,1,0,0,0.0,0.05020584089276682
2583,stimulus,43,6,3,0,0,-1.0,-1.0,1,0,1,0,0.0,0.05020584089276682
2584,stimulus,43,2,5,1,0,-1.0,-1.0,1,0,1,0,0.0,0.05020584089276682
2585,stimulus,43,6,3,0,0,-1.0,-1.0,1,0,1,0,0.0,0.05020584089276682
2586,stimulus,43,8,3,0,0,-1.0,-1.0,1,0,1,0,0.0003996291894282235,0.05020584089276682
2587,stimulus,43,1,3,0,0,-1.0,-1.0,1,0,1,0,0.0,0.05020584089276682
2588,stimulus,43,0,3,0,0,-1.0,-1.0,1,0,1,0,0.0003996291894282235,0.05020584089276682
2589,stimulus,43,3,5,1,0,-1.0,-1.0,1,0,1,0,0.0,0.05020584089276682
2590,stimulus,43,2,3,0,1,1.0,1.0,0,nan,nan,nan,0.0,0.05020584089276682
2591,stimulus,43,0,4,1,0,-1.0,-1.0,1,1,0,0,0.0,0.05020584089276682
2592,stimulus,43,6,3,0,0,-1.0,-1.0,1,0,1,0,0.0,0.05020584089276682
2593,stimulus,43,8,3,0,0,-1.0,-1.0,1,0,1,0,0.0003996291894282235,0.05020584089276682
2594,stimulus,43,4,5,1,1,1.0,1.0,0,nan,nan,nan,0.0,0.05020584089276682
2595,stimulus,43,3,6,1,0,-1.0,-1.0,1,1,0,0,0.0,0.05020584089276682
2596,stimulus,43,1,3,0,0,-1.0,-1.0,1,0,1,0,0.0,0.05020584089276682
2597,stimulus,43,7,3,0,0,-1.0,-1.0,1,0,1,0,0.0,0.05020584089276682
2598,stimulus,43,3,5,1,0,-1.0,-1.0,1,0,1,0,0.0,0.05020584089276682
2599,stimulus,43,1,5,1,0,-1.0,-1.0,1,0,1,0,0.0,0.05020584089276682
2600,stimulus,43,3,5,1,0,-1.0,-1.0,1,0,1,0,0.0,0.05020584089276682
2601,stimulus,43,5,3,0,0,-1.0,-1.0,1,0,1,0,0.0003996291894282235,0.05020584089276682
2602,stimulus,43,0,3,0,0,-1.0,-1.0,1,0,1,0,0.0003996291894282235,0.05020584089276682
2603,stimulus,43,6,5,1,1,1.0,1.0,0,nan,nan,nan,0.0,0.05020584089276682
2604,stimulus,43,4,4,0,1,1.0,1.0,0,nan,nan,nan,0.0,0.05020584089276682
2605,stimulus,43,1,3,0,0,-1.0,-1.0,1,2,0,0,0.0,0.05020584089276682
2606,stimulus,43,0,3,0,0,-1.0,-1.0,1,0,1,0,0.0003996291894282235,0.05020584089276682
2607,stimulus,43,7,3,0,0,-1.0,-1.0,1,0,1,0,0.0,0.05020584089276682
2608,stimulus,43,1,3,0,0,-1.0,-1.0,1,0,1,0,0.0,0.05020584089276682
2609,stimulus,43,3,5,1,0,-1.0,-1.0,1,0,1,0,0.0,0.05020584089276682
2610,stimulus,43,3,3,0,1,1.0,1.0,0,nan,nan,nan,0.0,0.05020584089276682
2611,stimulus,43,4,2,0,0,-1.0,-1.0,1,1,0,0,0.0003996291894282235,0.05020584089276682
2612,stimulus,43,2,3,0,1,1.0,1.0,0,nan,nan,nan,0.0,0.05020584089276682
2613,stimulus,43,6,2,0,0,-1.0,-1.0,1,1,0,0,0.0,0.05020584089276682
2614,stimulus,43,7,3,0,0,-1.0,-1.0,1,0,1,0,0.0,0.05020584089276682
2615,stimulus,43,8,3,0,0,-1.0,-1.0,1,0,1,0,0.0003996291894282235,0.05020584089276682
2616,stimulus,43,2,3,0,1,1.0,1.0,0,nan,nan,nan,0.0,0.05020584089276682
2617,stimulus,43,1,2,0,1,1.0,1.0,0,nan,nan,nan,0.0,0.05020584089276682
2618,stimulus,43,8,3,1,0,-1.0,-1.0,1,2,0,0,0.0,0.05020584089276682
2619,stimulus,43,4,5,1,1,1.0,1.0,0,nan,nan,nan,0.0,0.05020584089276682
2620,stimulus,43,7,4,0,0,-1.0,-1.0,1,1,0,0,0.0,0.05020584089276682
2621,stimulus,43,6,3,0,0,-1.0,-1.0,1,0,1,0,0.0,0.05020584089276682
2622,stimulus,43,3,3,0,1,1.0,1.0,0,nan,nan,nan,0.0,0.05020584089276682
2623,stimulus,43,8,4,1,0,-1.0,-1.0,1,1,0,0,0.0,0.05020584089276682
2624,stimulus,43,8,3,0,0,-1.0,-1.0,1,0,1,0,0.0003996291894282235,0.05020584089276682
2625,stimulus,43,5,3,0,0,-1.0,-1.0,1,0,1,0,0.0003996291894282235,0.05020584089276682
2626,stimulus,43,6,5,1,1,1.0,1.0,0,nan,nan,nan,0.0,0.05020584089276682
2627,stimulus,43,0,6,1,0,-1.0,-1.0,1,1,0,0,0.00016403014906133027,0.05036987104182815
2628,stimulus,43,0,3,0,0,-1.0,-1.0,1,0,1,0,0.0003996291894282235,0.05036987104182815
2629,stimulus,43,1,5,1,0,-1.0,-1.0,1,0,1,0,0.0,0.05036987104182815
2630,stimulus,43,7,5,1,0,-1.0,-1.0,1,0,1,0,0.0,0.05036987104182815
2631,stimulus,43,6,5,1,1,1.0,1.0,0,nan,nan,nan,0.0,0.05036987104182815
2632,stimulus,43,7,6,1,1,1.0,1.0,0,nan,nan,nan,0.0,0.05036987104182815
2633,stimulus,43,3,5,0,0,-1.0,-1.0,1,2,0,0,0.0,0.05036987104182815
2634,stimulus,43,7,3,0,0,-1.0,-1.0,1,0,1,0,0.0,0.05036987104182815
2635,stimulus,43,2,5,1,0,-1.0,-1.0,1,0,1,0,0.0,0.05036987104182815
2636,stimulus,43,8,5,1,0,-1.0,-1.0,1,0,1,0,0.0003996291894282235,0.05036987104182815
2637,stimulus,43,7,5,1,0,-1.0,-1.0,1,0,1,0,0.0,0.05036987104182815
2638,stimulus,43,2,3,0,1,1.0,1.0,0,nan,nan,nan,0.0,0.05036987104182815
2639,stimulus,43,0,2,0,0,-1.0,-1.0,1,1,0,0,0.0,0.05036987104182815
2640,stimulus,43,1,5,1,0,-1.0,-1.0,1,0,1,0,0.0,0.05036987104182815
2641,stimulus,43,7,5,1,0,-1.0,-1.0,1,0,1,0,0.0,0.05036987104182815
2642,stimulus,43,2,3,0,1,1.0,1.0,0,nan,nan,nan,0.0,0.05036987104182815
2643,stimulus,43,3,2,0,1,1.0,1.0,0,nan,nan,nan,0.0,0.05036987104182815
2644,stimulus,43,4,1,0,0,-1.0,-1.0,1,2,0,0,0.0,0.05036987104182815
2645,stimulus,43,7,5,1,0,-1.0,-1.0,1,0,1,0,0.0,0.05036987104182815
2646,stimulus,43,7,3,0,0,-1.0,-1.0,1,0,1,0,0.0,0.05036987104182815
2647,stimulus,43,5,3,0,0,-1.0,-1.0,1,0,1,0,0.0003996291894282235,0.05036987104182815
2648,stimulus,43,0,3,0,0,-1.0,-1.0,1,0,1,0,0.0003996291894282235,0.05036987104182815
2649,stimulus,43,2,5,1,0,-1.0,-1.0,1,0,1,0,0.0,0.05036987104182815
2650,stimulus,43,8,3,0,0,-1.0,-1.0,1,0,1,0,0.0003996291894282235,0.05036987104182815
2651,stimulus,43,7,5,1,0,-1.0,-1.0,1,0,1,0,0.0,0.05036987104182815
2652,stimulus,43,1,5,1,0,-1.0,-1.0,1,0,1,0,0.0,0.05036987104182815
2653,stimulus,43,8,3,0,0,-1.0,-1.0,1,0,1,0,0.0003996291894282235,0.05036987104182815
2654,stimulus,43,6,5,1,1,1.0,1.0,0,nan,nan,nan,0.0,0.05036987104182815
2655,stimulus,43,6,4,0,0,-1.0,-1.0,1,1,0,0,0.0003996291894282235,0.05036987104182815
2656,stimulus,43,8,3,0,0,-1.0,-1.0,1,0,1,0,0.0003996291894282235,0.05036987104182815
2657,stimulus,43,1,5,1,0,-1.0,-1.0,1,0,1,0,0.0,0.05036987104182815
2658,stimulus,43,8,5,1,0,-1.0,-1.0,1,0,1,0,0.0003996291894282235,0.05036987104182815
2659,stimulus,43,4,3,0,1,1.0,1.0,0,nan,nan,nan,0.0,0.05036987104182815
2660,stimulus,43,8,4,1,0,-1.0,-1.0,1,1,0,0,0.0,0.05036987104182815
2661,stimulus,43,3,5,1,0,-1.0,-1.0,1,0,1,0,0.0,0.05036987104182815
2662,stimulus,43,4,3,0,1,1.0,1.0,0,nan,nan,nan,0.0,0.05036987104182815
2663,stimulus,43,0,4,1,0,-1.0,-1.0,1,1,0,0,0.0,0.05036987104182815
2664,stimulus,43,4,3,0,1,1.0,1.0,0,nan,nan,nan,0.0,0.05036987104182815
2665,stimulus,43,8,2,0,0,-1.0,-1.0,1,1,0,0,0.0,0.05036987104182815
2666,stimulus,43,8,3,0,0,-1.0,-1.0,1,0,1,0,0.0003996291894282235,0.05036987104182815
2667,stimulus,43,3,5,1,0,-1.0,-1.0,1,0,1,0,0.0,0.05036987104182815
2668,stimulus,43,7,3,0,0,-1.0,-1.0,1,0,1,0,0.0,0.05036987104182815
2669,stimulus,43,2,3,0,1,1.0,1.0,0,nan,nan,nan,0.0,0.05036987104182815
2670,stimulus,43,2,2,0,1,1.0,1.0,0,nan,nan,nan,0.0,0.05036987104182815
2671,stimulus,43,4,1,0,0,-1.0,-1.0,1,2,0,0,0.0,0.05036987104182815
2672,stimulus,43,3,5,1,0,-1.0,-1.0,1,0,1,0,0.0,0.05036987104182815
2673,stimulus,43,2,3,0,1,1.0,1.0,0,nan,nan,nan,0.0,0.05036987104182815
2674,stimulus,43,7,2,0,0,-1.0,-1.0,1,1,0,0,0.0003996291894282235,0.05036987104182815
2675,stimulus,43,7,3,0,0,-1.0,-1.0,1,0,1,0,0.0,0.05036987104182815
2676,stimulus,43,6,5,1,1,1.0,1.0,0,nan,nan,nan,0.0,0.05036987104182815
2677,stimulus,43,3,6,1,0,-1.0,-1.0,1,1,0,0,0.0,0.05036987104182815
2678,stimulus,43,0,3,0,0,-1.0,-1.0,1,0,1,0,0.0003996291894282235,0.05036987104182815
2679,stimulus,43,5,3,0,0,-1.0,-1.0,1,0,1,0,0.0003996291894282235,0.05036987104182815
2680,stimulus,43,7,3,0,0,-1.0,-1.0,1,0,1,0,0.0,0.05036987104182815
2681,stimulus,43,3,5,1,0,-1.0,-1.0,1,0,1,0,0.0,0.05036987104182815
2682,stimulus,43,4,3,0,1,1.0,1.0,0,nan,nan,nan,0.0,0.05036987104182815
2683,stimulus,43,4,2,0,0,-1.0,-1.0,1,1,0,0,0.0003996291894282235,0.05036987104182815
2684,stimulus,43,1,3,0,0,-1.0,-1.0,1,0,1,0,0.0,0.05036987104182815
2685,stimulus,43,5,3,0,0,-1.0,-1.0,1,0,1,0,0.0003996291894282235,0.05036987104182815
2686,stimulus,43,2,3,0,1,1.0,1.0,0,nan,nan,nan,0.0,0.05036987104182815
2687,stimulus,43,0,2,0,0,-1.0,-1.0,1,1,0,0,0.0,0.05036987104182815
2688,stimulus,43,2,3,0,1,1.0,1.0,0,nan,nan,nan,0.0,0.05036987104182815
2689,stimulus,43,8,2,0,0,-1.0,-1.0,1,1,0,0,0.0,0.05036987104182815
2690,stimulus,43,5,3,0,0,-1.0,-1.0,1,0,1,0,0.0003996291894282235,0.05036987104182815
2691,stimulus,43,0,3,0,0,-1.0,-1.0,1,0,1,0,0.0003996291894282235,0.05036987104182815
2692,stimulus,43,8,3,0,0,-1.0,-1.0,1,0,1,0,0.0003996291894282235,0.05036987104182815
2693,stimulus,43,8,3,0,0,-1.0,-1.0,1,0,1,0,0.0003996291894282235,0.05036987104182815
2694,stimulus,43,3,5,1,0,-1.0,-1.0,1,0,1,0,0.0,0.05036987104182815
2695,stimulus,43,2,3,0,1,1.0,1.0,0,nan,nan,nan,0.0,0.05036987104182815
2696,stimulus,43,2,2,0,1,1.0,1.0,0,nan,nan,nan,0.0,0.05036987104182815
2697,stimulus,43,8,1,0,0,-1.0,-1.0,1,2,0,0,0.0,0.05036987104182815
2698,stimulus,43,0,3,0,0,-1.0,-1.0,1,0,1,0,0.0003996291894282235,0.05036987104182815
2699,stimulus,43,5,3,0,0,-1.0,-1.0,1,0,1,0,0.0003996291894282235,0.05036987104182815
2700,stimulus,43,6,5,1,1,1.0,1.0,0,nan,nan,nan,0.0,0.05036987104182815
2701,stimulus,43,5,6,1,1,1.0,1.0,0,nan,nan,nan,0.0,0.05036987104182815
2702,stimulus,43,4,5,0,1,1.0,1.0,0,nan,nan,nan,0.0,0.05036987104182815
2703,stimulus,43,0,6,1,0,-1.0,-1.0,1,3,0,1,0.00016403014906133027,0.05053390119088948
2704,stimulus,43,1,5,1,0,-1.0,-1.0,1,0,1,0,0.0,0.05053390119088948
2705,stimulus,43,8,3,0,0,-1.0,-1.0,1,0,1,0,0.0003996291894282235,0.05053390119088948
2706,stimulus,43,0,3,0,0,-1.0,-1.0,1,0,1,0,0.0003996291894282235,0.05053390119088948
2707,stimulus,43,6,3,0,0,-1.0,-1.0,1,0,1,0,0.0,0.05053390119088948
2708,stimulus,43,1,3,0,0,-1.0,-1.0,1,0,1,0,0.0,0.05053390119088948
2709,stimulus,43,3,5,1,0,-1.0,-1.0,1,0,1,0,0.0,0.05053390119088948
2710,stimulus,43,6,5,1,1,1.0,1.0,0,nan,nan,nan,0.0,0.05053390119088948
2711,stimulus,43,1,4,0,0,-1.0,-1.0,1,1,0,0,0.0003996291894282235,0.05053390119088948
2712,stimulus,43,6,5,1,1,1.0,1.0,0,nan,nan,nan,0.0,0.05053390119088948
2713,stimulus,43,4,6,1,0,-1.0,-1.0,1,1,0,0,0.0,0.05053390119088948
2714,stimulus,43,5,3,0,0,-1.0,-1.0,1,0,1,0,0.0003996291894282235,0.05053390119088948
2715,stimulus,43,5,3,0,0,-1.0,-1.0,1,0,1,0,0.0003996291894282235,0.05053390119088948
2716,stimulus,43,2,5,1,0,-1.0,-1.0,1,0,1,0,0.0,0.05053390119088948
2717,stimulus,43,0,3,0,0,-1.0,-1.0,1,0,1,0,0.0003996291894282235,0.05053390119088948
2718,stimulus,43,4,3,0,1,1.0,1.0,0,nan,nan,nan,0.0,0.05053390119088948
2719,stimulus,43,2,4,1,0,-1.0,-1.0,1,1,0,0,0.0,0.05053390119088948
2720,stimulus,43,5,3,0,0,-1.0,-1.0,1,0,1,0,0.0003996291894282235,0.05053390119088948
2721,stimulus,43,2,5,1,0,-1.0,-1.0,1,0,1,0,0.0,0.05053390119088948
2722,stimulus,43,5,3,0,0,-1.0,-1.0,1,0,1,0,0.0003996291894282235,0.05053390119088948
2723,stimulus,43,8,3,0,0,-1.0,-1.0,1,0,1,0,0.0003996291894282235,0.05053390119088948
2724,stimulus,43,3,3,0,1,1.0,1.0,0,nan,nan,nan,0.0,0.05053390119088948
2725,stimulus,43,3,2,0,1,1.0,1.0,0,nan,nan,nan,0.0,0.05053390119088948
2726,stimulus,43,0,1,0,1,1.0,1.0,0,nan,nan,nan,0.0,0.05053390119088948
2727,stimulus,43,3,0,0,0,-1.0,-1.0,1,3,0,1,0.0,0.05053390119088948
2728,stimulus,43,4,5,1,1,1.0,1.0,0,nan,nan,nan,0.0,0.05053390119088948
2729,stimulus,43,1,4,0,0,-1.0,-1.0,1,1,0,0,0.0003996291894282235,0.05053390119088948
2730,stimulus,43,2,5,1,0,-1.0,-1.0,1,0,1,0,0.0,0.05053390119088948
2731,stimulus,43,8,3,0,0,-1.0,-1.0,1,0,1,0,0.0003996291894282235,0.05053390119088948
2732,stimulus,43,8,3,0,0,-1.0,-1.0,1,0,1,0,0.0003996291894282235,0.05053390119088948
2733,stimulus,43,8,3,0,0,-1.0,-1.0,1,0,1,0,0.0003996291894282235,0.05053390119088948
2734,stimulus,43,7,5,1,0,-1.0,-1.0,1,0,1,0,0.0,0.05053390119088948
2735,stimulus,43,5,3,0,0,-1.0,-1.0,1,0,1,0,0.0003996291894282235,0.05053390119088948
2736,stimulus,43,1,5,1,0,-1.0,-1.0,1,0,1,0,0.0,0.05053390119088948
2737,stimulus,43,0,3,0,0,-1.0,-1.0,1,0,1,0,0.0003996291894282235,0.05053390119088948
2738,stimulus,43,8,3,0,0,-1.0,-1.0,1,0,1,0,0.0003996291894282235,0.05053390119088948
2739,stimulus,43,6,5,1,1,1.0,1.0,0,nan,nan,nan,0.0,0.05053390119088948
2740,stimulus,43,1,4,0,0,-1.0,-1.0,1,1,0,0,0.0003996291894282235,0.05053390119088948
2741,stimulus,43,7,5,1,0,-1.0,-1.0,1,0,1,0,0.0,0.05053390119088948
2742,stimulus,43,5,3,0,0,-1.0,-1.0,1,0,1,0,0.0003996291894282235,0.05053390119088948
2743,stimulus,43,5,3,0,0,-1.0,-1.0,1,0,1,0,0.0003996291894282235,0.05053390119088948
2744,stimulus,43,5,3,0,0,-1.0,-1.0,1,0,1,0,0.0003996291894282235,0.05053390119088948
2745,stimulus,43,6,5,1,1,1.0,1.0,0,nan,nan,nan,0.0,0.05053390119088948
2746,stimulus,43,3,4,0,1,1.0,1.0,0,nan,nan,nan,0.0,0.05053390119088948
2747,stimulus,43,0,3,0,0,-1.0,-1.0,1,2,0,0,0.0003996291894282235,0.05053390119088948
2748,stimulus,43,0,3,0,0,-1.0,-1.0,1,0,1,0,0.0003996291894282235,0.05053390119088948
2749,stimulus,43,1,3,0,0,-1.0,-1.0,1,0,1,0,0.0,0.05053390119088948
2750,stimulus,43,3,5,1,0,-1.0,-1.0,1,0,1,0,0.0,0.05053390119088948
2751,stimulus,43,2,5,1,0,-1.0,-1.0,1,0,1,0,0.0,0.05053390119088948
2752,stimulus,43,1,3,0,0,-1.0,-1.0,1,0,1,0,0.0,0.05053390119088948
2753,stimulus,43,0,3,0,0,-1.0,-1.0,1,0,1,0,0.0003996291894282235,0.05053390119088948
2754,stimulus,43,0,3,0,0,-1.0,-1.0,1,0,1,0,0.0003996291894282235,0.05053390119088948
2755,stimulus,43,1,5,1,0,-1.0,-1.0,1,0,1,0,0.0,0.05053390119088948
2756,stimulus,43,1,3,0,0,-1.0,-1.0,1,0,1,0,0.0,0.05053390119088948
2757,stimulus,43,4,3,0,1,1.0,1.0,0,nan,nan,nan,0.0,0.05053390119088948
2758,stimulus,43,1,2,0,1,1.0,1.0,0,nan,nan,nan,0.0,0.05053390119088948
2759,stimulus,43,7,1,0,0,-1.0,-1.0,1,2,0,0,0.0,0.05053390119088948
2760,stimulus,43,1,5,1,0,-1.0,-1.0,1,0,1,0,0.0,0.05053390119088948
2761,stimulus,43,4,3,0,1,1.0,1.0,0,nan,nan,nan,0.0,0.05053390119088948
2762,stimulus,43,7,4,1,0,-1.0,-1.0,1,1,0,0,0.0003996291894282235,0.05053390119088948
2763,stimulus,43,1,3,0,0,-1.0,-1.0,1,0,1,0,0.0,0.05053390119088948
2764,stimulus,43,1,3,0,0,-1.0,-1.0,1,0,1,0,0.0,0.05053390119088948
2765,stimulus,43,0,3,0,0,-1.0,-1.0,1,0,1,0,0.0003996291894282235,0.05053390119088948
2766,stimulus,43,2,5,1,0,-1.0,-1.0,1,0,1,0,0.0,0.05053390119088948
2767,stimulus,43,6,5,1,1,1.0,1.0,0,nan,nan,nan,0.0,0.05053390119088948
2768,stimulus,43,8,4,0,0,-1.0,-1.0,1,1,0,0,0.0,0.05053390119088948
2769,stimulus,43,2,3,0,1,1.0,1.0,0,nan,nan,nan,0.0,0.05053390119088948
2770,stimulus,43,7,2,0,0,-1.0,-1.0,1,1,0,0,0.0003996291894282235,0.05053390119088948
2771,stimulus,43,7,3,0,0,-1.0,-1.0,1,0,1,0,0.0,0.05053390119088948
2772,stimulus,43,1,3,0,0,-1.0,-1.0,1,0,1,0,0.0,0.05053390119088948
2773,stimulus,43,2,3,0,1,1.0,1.0,0,nan,nan,nan,0.0,0.05053390119088948
2774,stimulus,43,3,4,1,1,1.0,1.0,0,nan,nan,nan,0.0,0.05053390119088948
2775,stimulus,43,6,3,0,0,-1.0,-1.0,1,2,0,0,0.0,0.05053390119088948
2776,stimulus,43,4,3,0,1,1.0,1.0,0,nan,nan,nan,0.0,0.05053390119088948
2777,stimulus,43,5,4,1,1,1.0,1.0,0,nan,nan,nan,0.0,0.05053390119088948
2778,stimulus,43,5,3,0,0,-1.0,-1.0,1,2,0,0,0.0003996291894282235,0.05053390119088948
2779,stimulus,43,1,3,0,0,-1.0,-1.0,1,0,1,0,0.0,0.05053390119088948
2780,stimulus,43,7,3,0,0,-1.0,-1.0,1,0,1,0,0.0,0.05053390119088948
2781,stimulus,43,7,3,0,0,-1.0,-1.0,1,0,1,0,0.0,0.05053390119088948
2782,stimulus,43,3,3,0,1,1.0,1.0,0,nan,nan,nan,0.0,0.05053390119088948
2783,stimulus,43,6,4,1,0,-1.0,-1.0,1,1,0,0,0.0,0.05053390119088948
2784,stimulus,43,5,3,0,0,-1.0,-1.0,1,0,1,0,0.0003996291894282235,0.05053390119088948
2785,stimulus,43,5,3,0,0,-1.0,-1.0,1,0,1,0,0.0003996291894282235,0.05053390119088948
2786,stimulus,43,7,5,1,0,-1.0,-1.0,1,0,1,0,0.0,0.05053390119088948
2787,stimulus,43,4,5,1,1,1.0,1.0,0,nan,nan,nan,0.0,0.05053390119088948
2788,stimulus,43,3,6,1,0,-1.0,-1.0,1,1,0,0,0.0,0.05053390119088948
2789,stimulus,43,2,5,1,0,-1.0,-1.0,1,0,1,0,0.0,0.05053390119088948
2790,stimulus,43,3,5,1,0,-1.0,-1.0,1,0,1,0,0.0,0.05053390119088948
2791,stimulus,43,1,5,1,0,-1.0,-1.0,1,0,1,0,0.0,0.05053390119088948
2792,stimulus,43,1,3,0,0,-1.0,-1.0,1,0,1,0,0.0,0.05053390119088948
2793,stimulus,43,5,3,0,0,-1.0,-1.0,1,0,1,0,0.0003996291894282235,0.05053390119088948
2794,stimulus,43,1,3,0,0,-1.0,-1.0,1,0,1,0,0.0,0.05053390119088948
2795,stimulus,43,4,3,0,1,1.0,1.0,0,nan,nan,nan,0.0,0.05053390119088948
2796,stimulus,43,2,2,0,1,1.0,1.0,0,nan,nan,nan,0.0,0.05053390119088948
2797,stimulus,43,7,3,1,0,-1.0,-1.0,1,2,0,0,0.0,0.05053390119088948
2798,stimulus,43,5,3,0,0,-1.0,-1.0,1,0,1,0,0.0003996291894282235,0.05053390119088948
2799,stimulus,43,1,3,0,0,-1.0,-1.0,1,0,1,0,0.0,0.05053390119088948
2800,stimulus,43,2,5,1,0,-1.0,-1.0,1,0,1,0,0.0,0.05053390119088948
2801,stimulus,43,2,5,1,0,-1.0,-1.0,1,0,1,0,0.0,0.05053390119088948
2802,stimulus,43,6,3,0,0,-1.0,-1.0,1,0,1,0,0.0,0.05053390119088948
2803,stimulus,43,0,3,0,0,-1.0,-1.0,1,0,1,0,0.0003996291894282235,0.05053390119088948
2804,stimulus,43,1,3,0,0,-1.0,-1.0,1,0,1,0,0.0,0.05053390119088948
2805,stimulus,43,7,5,1,0,-1.0,-1.0,1,0,1,0,0.0,0.05053390119088948
2806,stimulus,43,7,3,0,0,-1.0,-1.0,1,0,1,0,0.0,0.05053390119088948
2807,stimulus,43,8,3,0,0,-1.0,-1.0,1,0,1,0,0.0003996291894282235,0.05053390119088948
2808,stimulus,43,6,3,0,0,-1.0,-1.0,1,0,1,0,0.0,0.05053390119088948
2809,stimulus,43,3,5,1,0,-1.0,-1.0,1,0,1,0,0.0,0.05053390119088948
2810,stimulus,43,7,3,0,0,-1.0,-1.0,1,0,1,0,0.0,0.05053390119088948
2811,stimulus,43,6,5,1,1,1.0,1.0,0,nan,nan,nan,0.0,0.05053390119088948
2812,stimulus,43,6,4,0,0,-1.0,-1.0,1,1,0,0,0.0003996291894282235,0.05053390119088948
2813,stimulus,43,6,5,1,1,1.0,1.0,0,nan,nan,nan,0.0,0.05053390119088948
2814,stimulus,43,8,6,1,0,-1.0,-1.0,1,1,0,0,0.0,0.05053390119088948
2815,stimulus,43,1,3,0,0,-1.0,-1.0,1,0,1,0,0.0,0.05053390119088948
2816,stimulus,43,7,5,1,0,-1.0,-1.0,1,0,1,0,0.0,0.05053390119088948
2817,stimulus,43,0,3,0,0,-1.0,-1.0,1,0,1,0,0.0003996291894282235,0.05053390119088948
2818,stimulus,43,2,3,0,1,1.0,1.0,0,nan,nan,nan,0.0,0.05053390119088948
2819,stimulus,43,6,4,1,0,-1.0,-1.0,1,1,0,0,0.0,0.05053390119088948
2820,stimulus,43,3,5,1,0,-1.0,-1.0,1,0,1,0,0.0,0.05053390119088948
2821,stimulus,43,2,3,0,1,1.0,1.0,0,nan,nan,nan,0.0,0.05053390119088948
2822,stimulus,43,6,2,0,0,-1.0,-1.0,1,1,0,0,0.0,0.05053390119088948
2823,stimulus,43,3,5,1,0,-1.0,-1.0,1,0,1,0,0.0,0.05053390119088948
2824,stimulus,43,4,5,1,1,1.0,1.0,0,nan,nan,nan,0.0,0.05053390119088948
2825,stimulus,43,6,4,0,0,-1.0,-1.0,1,1,0,0,0.0003996291894282235,0.05053390119088948
2826,stimulus,43,8,3,0,0,-1.0,-1.0,1,0,1,0,0.0003996291894282235,0.05053390119088948
2827,stimulus,43,5,3,0,0,-1.0,-1.0,1,0,1,0,0.0003996291894282235,0.05053390119088948
2828,stimulus,43,3,3,0,1,1.0,1.0,0,nan,nan,nan,0.0,0.05053390119088948
2829,stimulus,43,4,2,0,0,-1.0,-1.0,1,1,0,0,0.0003996291894282235,0.05053390119088948
2830,stimulus,43,2,5,1,0,-1.0,-1.0,1,0,1,0,0.0,0.05053390119088948
2831,stimulus,43,3,5,1,0,-1.0,-1.0,1,0,1,0,0.0,0.05053390119088948
2832,stimulus,43,6,3,0,0,-1.0,-1.0,1,0,1,0,0.0,0.05053390119088948
2833,stimulus,43,7,5,1,0,-1.0,-1.0,1,0,1,0,0.0,0.05053390119088948
2834,stimulus,43,7,3,0,0,-1.0,-1.0,1,0,1,0,0.0,0.05053390119088948
2835,stimulus,43,1,3,0,0,-1.0,-1.0,1,0,1,0,0.0,0.05053390119088948
2836,stimulus,43,0,3,0,0,-1.0,-1.0,1,0,1,0,0.0003996291894282235,0.05053390119088948
2837,stimulus,43,7,3,0,0,-1.0,-1.0,1,0,1,0,0.0,0.05053390119088948
2838,stimulus,43,1,3,0,0,-1.0,-1.0,1,0,1,0,0.0,0.05053390119088948
2839,stimulus,43,1,3,0,0,-1.0,-1.0,1,0,1,0,0.0,0.05053390119088948
2840,stimulus,43,1,5,1,0,-1.0,-1.0,1,0,1,0,0.0,0.05053390119088948
2841,stimulus,43,5,3,0,0,-1.0,-1.0,1,0,1,0,0.0003996291894282235,0.05053390119088948
2842,stimulus,43,2,3,0,1,1.0,1.0,0,nan,nan,nan,0.0,0.05053390119088948
2843,stimulus,43,2,4,1,0,-1.0,-1.0,1,1,0,0,0.0,0.05053390119088948
2844,stimulus,43,6,5,1,1,1.0,1.0,0,nan,nan,nan,0.0,0.05053390119088948
2845,stimulus,43,8,6,1,0,-1.0,-1.0,1,1,0,0,0.0,0.05053390119088948
2846,stimulus,43,6,5,1,1,1.0,1.0,0,nan,nan,nan,0.0,0.05053390119088948
2847,stimulus,43,7,6,1,1,1.0,1.0,0,nan,nan,nan,0.0,0.05053390119088948
2848,stimulus,43,2,5,0,0,-1.0,-1.0,1,2,0,0,0.0003996291894282235,0.05053390119088948
2849,stimulus,43,7,3,0,0,-1.0,-1.0,1,0,1,0,0.0,0.05053390119088948
2850,stimulus,43,6,5,1,1,1.0,1.0,0,nan,nan,nan,0.0,0.05053390119088948
2851,stimulus,43,1,4,0,0,-1.0,-1.0,1,1,0,0,0.0003996291894282235,0.05053390119088948
2852,stimulus,43,8,3,0,0,-1.0,-1.0,1,0,1,0,0.0003996291894282235,0.05053390119088948
2853,stimulus,43,0,3,0,0,-1.0,-1.0,1,0,1,0,0.0003996291894282235,0.05053390119088948
2854,stimulus,43,2,5,1,0,-1.0,-1.0,1,0,1,0,0.0,0.05053390119088948
2855,stimulus,43,6,3,0,0,-1.0,-1.0,1,0,1,0,0.0,0.05053390119088948
2856,stimulus,43,7,5,1,0,-1.0,-1.0,1,0,1,0,0.0,0.05053390119088948
2857,stimulus,43,7,3,0,0,-1.0,-1.0,1,0,1,0,0.0,0.05053390119088948
2858,stimulus,43,1,5,1,0,-1.0,-1.0,1,0,1,0,0.0,0.05053390119088948
2859,stimulus,43,0,5,1,0,-1.0,-1.0,1,0,1,0,0.0003996291894282235,0.05053390119088948
2860,stimulus,43,7,3,0,0,-1.0,-1.0,1,0,1,0,0.0,0.05053390119088948
2861,stimulus,43,5,3,0,0,-1.0,-1.0,1,0,1,0,0.0003996291894282235,0.05053390119088948
2862,stimulus,43,7,3,0,0,-1.0,-1.0,1,0,1,0,0.0,0.05053390119088948
2863,stimulus,43,1,5,1,0,-1.0,-1.0,1,0,1,0,0.0,0.05053390119088948
2864,stimulus,43,7,3,0,0,-1.0,-1.0,1,0,1,0,0.0,0.05053390119088948
2865,stimulus,43,6,5,1,1,1.0,1.0,0,nan,nan,nan,0.0,0.05053390119088948
2866,stimulus,43,3,4,0,1,1.0,1.0,0,nan,nan,nan,0.0,0.05053390119088948
2867,stimulus,43,5,3,0,0,-1.0,-1.0,1,2,0,0,0.0003996291894282235,0.05053390119088948
2868,stimulus,43,0,3,0,0,-1.0,-1.0,1,0,1,0,0.0003996291894282235,0.05053390119088948
2869,stimulus,43,2,3,0,1,1.0,1.0,0,nan,nan,nan,0.0,0.05053390119088948
2870,stimulus,43,4,2,0,0,-1.0,-1.0,1,1,0,0,0.0003996291894282235,0.05053390119088948
2871,stimulus,43,6,3,0,0,-1.0,-1.0,1,0,1,0,0.0,0.05053390119088948
2872,stimulus,43,7,3,0,0,-1.0,-1.0,1,0,1,0,0.0,0.05053390119088948
2873,stimulus,43,5,3,0,0,-1.0,-1.0,1,0,1,0,0.0003996291894282235,0.05053390119088948
2874,stimulus,43,3,5,1,0,-1.0,-1.0,1,0,1,0,0.0,0.05053390119088948
2875,stimulus,43,4,5,1,1,1.0,1.0,0,nan,nan,nan,0.0,0.05053390119088948
2876,stimulus,43,0,6,1,0,-1.0,-1.0,1,1,0,0,0.00017713899962048241,0.05071104019050996
2877,stimulus,43,6,3,0,0,-1.0,-1.0,1,0,1,0,0.0,0.05071104019050996
2878,stimulus,43,1,5,1,0,-1.0,-1.0,1,0,1,0,0.0,0.05071104019050996
2879,stimulus,43,8,3,0,0,-1.0,-1.0,1,0,1,0,0.0003996291894282235,0.05071104019050996
2880,stimulus,43,7,5,1,0,-1.0,-1.0,1,0,1,0,0.0,0.05071104019050996
2881,stimulus,43,6,5,1,1,1.0,1.0,0,nan,nan,nan,0.0,0.05071104019050996
2882,stimulus,43,6,4,0,0,-1.0,-1.0,1,1,0,0,0.0003996291894282235,0.05071104019050996
2883,stimulus,43,7,5,1,0,-1.0,-1.0,1,0,1,0,0.0,0.05071104019050996
2884,stimulus,43,3,3,0,1,1.0,1.0,0,nan,nan,nan,0.0,0.05071104019050996
2885,stimulus,43,3,2,0,1,1.0,1.0,0,nan,nan,nan,0.0,0.05071104019050996
2886,stimulus,43,2,3,1,1,1.0,1.0,0,nan,nan,nan,0.0,0.05071104019050996
2887,stimulus,43,6,2,0,0,-1.0,-1.0,1,3,0,1,0.0,0.05071104019050996
2888,stimulus,43,0,3,0,0,-1.0,-1.0,1,0,1,0,0.0003996291894282235,0.05071104019050996
2889,stimulus,43,8,3,0,0,-1.0,-1.0,1,0,1,0,0.0003996291894282235,0.05071104019050996
2890,stimulus,43,3,5,1,0,-1.0,-1.0,1,0,1,0,0.0,0.05071104019050996
2891,stimulus,43,0,3,0,0,-1.0,-1.0,1,0,1,0,0.0003996291894282235,0.05071104019050996
2892,stimulus,43,2,3,0,1,1.0,1.0,0,nan,nan,nan,0.0,0.05071104019050996
2893,stimulus,43,7,2,0,0,-1.0,-1.0,1,1,0,0,0.0003996291894282235,0.05071104019050996
2894,stimulus,43,5,3,0,0,-1.0,-1.0,1,0,1,0,0.0003996291894282235,0.05071104019050996
2895,stimulus,43,0,3,0,0,-1.0,-1.0,1,0,1,0,0.0003996291894282235,0.05071104019050996
2896,stimulus,43,1,5,1,0,-1.0,-1.0,1,0,1,0,0.0,0.05071104019050996
2897,stimulus,43,1,5,1,0,-1.0,-1.0,1,0,1,0,0.0,0.05071104019050996
2898,stimulus,43,4,3,0,1,1.0,1.0,0,nan,nan,nan,0.0,0.05071104019050996
2899,stimulus,43,6,2,0,0,-1.0,-1.0,1,1,0,0,0.0,0.05071104019050996
2900,stimulus,43,3,3,0,1,1.0,1.0,0,nan,nan,nan,0.0,0.05071104019050996
2901,stimulus,43,3,4,1,1,1.0,1.0,0,nan,nan,nan,0.0,0.05071104019050996
2902,stimulus,43,4,3,0,1,1.0,1.0,0,nan,nan,nan,0.0,0.05071104019050996
2903,stimulus,43,4,2,0,0,-1.0,-1.0,1,3,0,1,0.0003996291894282235,0.05071104019050996
2904,stimulus,43,0,3,0,0,-1.0,-1.0,1,0,1,0,0.0003996291894282235,0.05071104019050996
2905,stimulus,43,8,3,0,0,-1.0,-1.0,1,0,1,0,0.0003996291894282235,0.05071104019050996
2906,stimulus,43,6,3,0,0,-1.0,-1.0,1,0,1,0,0.0,0.05071104019050996
2907,stimulus,43,2,5,1,0,-1.0,-1.0,1,0,1,0,0.0,0.05071104019050996
2908,stimulus,43,5,3,0,0,-1.0,-1.0,1,0,1,0,0.0003996291894282235,0.05071104019050996
2909,stimulus,43,3,3,0,1,1.0,1.0,0,nan,nan,nan,0.0,0.05071104019050996
2910,stimulus,43,1,4,1,0,-1.0,-1.0,1,1,0,0,0.0,0.05071104019050996
2911,stimulus,43,8,3,0,0,-1.0,-1.0,1,0,1,0,0.0003996291894282235,0.05071104019050996
2912,stimulus,43,3,5,1,0,-1.0,-1.0,1,0,1,0,0.0,0.05071104019050996
2913,stimulus,43,0,5,1,0,-1.0,-1.0,1,0,1,0,0.0003996291894282235,0.05071104019050996
2914,stimulus,43,6,3,0,0,-1.0,-1.0,1,0,1,0,0.0,0.05071104019050996
2915,stimulus,43,3,3,0,1,1.0,1.0,0,nan,nan,nan,0.0,0.05071104019050996
2916,stimulus,43,5,4,1,1,1.0,1.0,0,nan,nan,nan,0.0,0.05071104019050996
2917,stimulus,43,7,3,0,0,-1.0,-1.0,1,2,0,0,0.0,0.05071104019050996
2918,stimulus,43,8,3,0,0,-1.0,-1.0,1,0,1,0,0.0003996291894282235,0.05071104019050996
2919,stimulus,43,6,5,1,1,1.0,1.0,0,nan,nan,nan,0.0,0.05071104019050996
2920,stimulus,43,3,4,0,1,1.0,1.0,0,nan,nan,nan,0.0,0.05071104019050996
2921,stimulus,43,5,3,0,0,-1.0,-1.0,1,2,0,0,0.0003996291894282235,0.05071104019050996
2922,stimulus,43,3,5,1,0,-1.0,-1.0,1,0,1,0,0.0,0.05071104019050996
2923,stimulus,43,0,3,0,0,-1.0,-1.0,1,0,1,0,0.0003996291894282235,0.05071104019050996
2924,stimulus,43,5,3,0,0,-1.0,-1.0,1,0,1,0,0.0003996291894282235,0.05071104019050996
2925,stimulus,43,2,3,0,1,1.0,1.0,0,nan,nan,nan,0.0,0.05071104019050996
2926,stimulus,43,7,2,0,0,-1.0,-1.0,1,1,0,0,0.0003996291894282235,0.05071104019050996
2927,stimulus,43,8,3,0,0,-1.0,-1.0,1,0,1,0,0.0003996291894282235,0.05071104019050996
2928,stimulus,43,3,5,1,0,-1.0,-1.0,1,0,1,0,0.0,0.05071104019050996
2929,stimulus,43,6,3,0,0,-1.0,-1.0,1,0,1,0,0.0,0.05071104019050996
2930,stimulus,43,3,3,0,1,1.0,1.0,0,nan,nan,nan,0.0,0.05071104019050996
2931,stimulus,43,1,4,1,0,-1.0,-1.0,1,1,0,0,0.0,0.05071104019050996
2932,stimulus,43,4,3,0,1,1.0,1.0,0,nan,nan,nan,0.0,0.05071104019050996
2933,stimulus,43,3,2,0,1,1.0,1.0,0,nan,nan,nan,0.0,0.05071104019050996
2934,stimulus,43,8,3,1,0,-1.0,-1.0,1,2,0,0,0.0,0.05071104019050996
2935,stimulus,43,1,3,0,0,-1.0,-1.0,1,0,1,0,0.0,0.05071104019050996
2936,stimulus,43,0,3,0,0,-1.0,-1.0,1,0,1,0,0.0003996291894282235,0.05071104019050996
2937,stimulus,43,4,3,0,1,1.0,1.0,0,nan,nan,nan,0.0,0.05071104019050996
2938,stimulus,43,6,4,1,0,-1.0,-1.0,1,1,0,0,0.0,0.05071104019050996
2939,stimulus,43,6,3,0,0,-1.0,-1.0,1,0,1,0,0.0,0.05071104019050996
2940,stimulus,43,3,5,1,0,-1.0,-1.0,1,0,1,0,0.0,0.05071104019050996
2941,stimulus,43,0,3,0,0,-1.0,-1.0,1,0,1,0,0.0003996291894282235,0.05071104019050996
2942,stimulus,43,0,3,0,0,-1.0,-1.0,1,0,1,0,0.0003996291894282235,0.05071104019050996
2943,stimulus,43,3,3,0,1,1.0,1.0,0,nan,nan,nan,0.0,0.05071104019050996
2944,stimulus,43,0,2,0,0,-1.0,-1.0,1,1,0,0,0.0,0.05071104019050996
2945,stimulus,43,5,3,0,0,-1.0,-1.0,1,0,1,0,0.0003996291894282235,0.05071104019050996
2946,stimulus,43,2,5,1,0,-1.0,-1.0,1,0,1,0,0.0,0.05071104019050996
2947,stimulus,43,8,3,0,0,-1.0,-1.0,1,0,1,0,0.0003996291894282235,0.05071104019050996
2948,stimulus,43,8,3,0,0,-1.0,-1.0,1,0,1,0,0.0003996291894282235,0.05071104019050996
2949,stimulus,43,2,3,0,1,1.0,1.0,0,nan,nan,nan,0.0,0.05071104019050996
2950,stimulus,43,8,2,0,0,-1.0,-1.0,1,1,0,0,0.0,0.05071104019050996
2951,stimulus,43,8,3,0,0,-1.0,-1.0,1,0,1,0,0.0003996291894282235,0.05071104019050996
2952,stimulus,43,4,5,1,1,1.0,1.0,0,nan,nan,nan,0.0,0.05071104019050996
2953,stimulus,43,3,4,0,1,1.0,1.0,0,nan,nan,nan,0.0,0.05071104019050996
2954,stimulus,43,0,3,0,0,-1.0,-1.0,1,2,0,0,0.0003996291894282235,0.05071104019050996
2955,stimulus,43,2,3,0,1,1.0,1.0,0,nan,nan,nan,0.0,0.05071104019050996
2956,stimulus,43,6,4,1,0,-1.0,-1.0,1,1,0,0,0.0,0.05071104019050996
2957,stimulus,43,1,3,0,0,-1.0,-1.0,1,0,1,0,0.0,0.05071104019050996
2958,stimulus,43,3,5,1,0,-1.0,-1.0,1,0,1,0,0.0,0.05071104019050996
2959,stimulus,43,7,5,1,0,-1.0,-1.0,1,0,1,0,0.0,0.05071104019050996
2960,stimulus,43,5,3,0,0,-1.0,-1.0,1,0,1,0,0.0003996291894282235,0.05071104019050996
2961,stimulus,43,3,3,0,1,1.0,1.0,0,nan,nan,nan,0.0,0.05071104019050996
2962,stimulus,43,7,2,0,0,-1.0,-1.0,1,1,0,0,0.0003996291894282235,0.05071104019050996
2963,stimulus,43,3,3,0,1,1.0,1.0,0,nan,nan,nan,0.0,0.05071104019050996
2964,stimulus,43,0,2,0,0,-1.0,-1.0,1,1,0,0,0.0,0.05071104019050996
2965,stimulus,43,5,3,0,0,-1.0,-1.0,1,0,1,0,0.0003996291894282235,0.05071104019050996
2966,stimulus,43,0,3,0,0,-1.0,-1.0,1,0,1,0,0.0003996291894282235,0.05071104019050996
2967,stimulus,43,0,3,0,0,-1.0,-1.0,1,0,1,0,0.0003996291894282235,0.05071104019050996
2968,stimulus,43,3,3,0,1,1.0,1.0,0,nan,nan,nan,0.0,0.05071104019050996
2969,stimulus,43,4,2,0,0,-1.0,-1.0,1,1,0,0,0.0003996291894282235,0.05071104019050996
2970,stimulus,43,7,3,0,0,-1.0,-1.0,1,0,1,0,0.0,0.05071104019050996
2971,stimulus,43,7,3,0,0,-1.0,-1.0,1,0,1,0,0.0,0.05071104019050996
2972,stimulus,43,7,3,0,0,-1.0,-1.0,1,0,1,0,0.0,0.05071104019050996
2973,stimulus,43,0,3,0,0,-1.0,-1.0,1,0,1,0,0.0003996291894282235,0.05071104019050996
2974,stimulus,43,8,3,0,0,-1.0,-1.0,1,0,1,0,0.0003996291894282235,0.05071104019050996
2975,stimulus,43,5,3,0,0,-1.0,-1.0,1,0,1,0,0.0003996291894282235,0.05071104019050996
2976,stimulus,43,1,5,1,0,-1.0,-1.0,1,0,1,0,0.0,0.05071104019050996
2977,stimulus,43,0,3,0,0,-1.0,-1.0,1,0,1,0,0.0003996291894282235,0.05071104019050996
2978,stimulus,43,8,3,0,0,-1.0,-1.0,1,0,1,0,0.0003996291894282235,0.05071104019050996
2979,stimulus,43,0,3,0,0,-1.0,-1.0,1,0,1,0,0.0003996291894282235,0.05071104019050996
2980,stimulus,43,6,5,1,1,1.0,1.0,0,nan,nan,nan,0.0,0.05071104019050996
2981,stimulus,43,0,6,1,0,-1.0,-1.0,1,1,0,0,0.00017713899962048241,0.050888179190130445
2982,stimulus,43,4,3,0,1,1.0,1.0,0,nan,nan,nan,0.0,0.050888179190130445
2983,stimulus,43,8,4,1,0,-1.0,-1.0,1,1,0,0,0.0,0.050888179190130445
2984,stimulus,43,8,3,0,0,-1.0,-1.0,1,0,1,0,0.0003996291894282235,0.050888179190130445
2985,stimulus,43,7,3,0,0,-1.0,-1.0,1,0,1,0,0.0,0.050888179190130445
2986,stimulus,43,6,5,1,1,1.0,1.0,0,nan,nan,nan,0.0,0.050888179190130445
2987,stimulus,43,0,6,1,0,-1.0,-1.0,1,1,0,0,0.00017713899962048241,0.05106531818975093
2988,stimulus,43,5,3,0,0,-1.0,-1.0,1,0,1,0,0.0003996291894282235,0.05106531818975093
2989,stimulus,43,0,3,0,0,-1.0,-1.0,1,0,1,0,0.0003996291894282235,0.05106531818975093
2990,stimulus,43,7,3,0,0,-1.0,-1.0,1,0,1,0,0.0,0.05106531818975093
2991,stimulus,43,5,3,0,0,-1.0,-1.0,1,0,1,0,0.0003996291894282235,0.05106531818975093
2992,stimulus,43,2,5,1,0,-1.0,-1.0,1,0,1,0,0.0,0.05106531818975093
2993,stimulus,43,0,3,0,0,-1.0,-1.0,1,0,1,0,0.0003996291894282235,0.05106531818975093
2994,stimulus,43,6,5,1,1,1.0,1.0,0,nan,nan,nan,0.0,0.05106531818975093
2995,stimulus,43,8,4,0,0,-1.0,-1.0,1,1,0,0,0.0,0.05106531818975093
2996,stimulus,43,8,3,0,0,-1.0,-1.0,1,0,1,0,0.0003996291894282235,0.05106531818975093
2997,stimulus,43,4,3,0,1,1.0,1.0,0,nan,nan,nan,0.0,0.05106531818975093
2998,stimulus,43,5,4,1,1,1.0,1.0,0,nan,nan,nan,0.0,0.05106531818975093
2999,stimulus,43,2,5,1,0,-1.0,-1.0,1,2,0,0,0.0,0.05106531818975093
3000,stimulus,43,2,3,0,1,1.0,1.0,0,nan,nan,nan,0.0,0.05106531818975093
