trial,condition,seed,ball,paddle,action,hit,natural_reward,reward_used,rally_ended,completed_rally_length,ace,long_rally,mean_abs_weight_change,mean_weight
1,stimulus,47,0,3,0,0,-1.0,-1.0,1,0,1,0,0.0,-0.015915932010512043
2,stimulus,47,6,5,1,1,1.0,1.0,0,nan,nan,nan,7.634818384295924e-05,-0.015992280194355005
3,stimulus,47,4,4,0,1,1.0,1.0,0,nan,nan,nan,9.178681307604943e-05,-0.016084067007431056
4,stimulus,47,6,5,1,1,1.0,1.0,0,nan,nan,nan,7.634818384295924e-05,-0.016160415191274015
5,stimulus,47,3,4,0,1,1.0,1.0,0,nan,nan,nan,0.00011192610341451545,-0.016272341294688526
6,stimulus,47,4,5,1,1,1.0,1.0,0,nan,nan,nan,5.5741937782210915e-05,-0.016328083232470737
7,stimulus,47,1,6,1,0,-1.0,-1.0,1,5,0,1,0.0,-0.016328083232470737
8,stimulus,47,0,3,0,0,-1.0,-1.0,1,0,1,0,0.0,-0.016328083232470737
9,stimulus,47,0,3,0,0,-1.0,-1.0,1,0,1,0,0.0,-0.016328083232470737
10,stimulus,47,8,5,1,0,-1.0,-1.0,1,0,1,0,0.0,-0.016328083232470737
11,stimulus,47,3,3,0,1,1.0,1.0,0,nan,nan,nan,9.178681307604943e-05,-0.016419870045546785
12,stimulus,47,2,2,0,1,1.0,1.0,0,nan,nan,nan,9.208706960366613e-05,-0.016511957115150452
13,stimulus,47,7,3,1,0,-1.0,-1.0,1,2,0,0,9.208706960366613e-05,-0.016419870045546785
14,stimulus,47,1,5,1,0,-1.0,-1.0,1,0,1,0,2.8854672963466716e-06,-0.016422755512843133
15,stimulus,47,3,3,0,1,1.0,1.0,0,nan,nan,nan,9.208706960366613e-05,-0.0165148425824468
16,stimulus,47,7,4,1,0,-1.0,-1.0,1,1,0,0,0.0,-0.0165148425824468
17,stimulus,47,1,5,1,0,-1.0,-1.0,1,0,1,0,2.8854672963466716e-06,-0.016517728049743146
18,stimulus,47,4,5,1,1,1.0,1.0,0,nan,nan,nan,4.8951643907011484e-05,-0.01656667969365016
19,stimulus,47,4,4,0,1,1.0,1.0,0,nan,nan,nan,9.515770082063913e-05,-0.016661837394470795
20,stimulus,47,1,5,1,0,-1.0,-1.0,1,2,0,0,2.8854672963466716e-06,-0.016664722861767144
21,stimulus,47,2,3,0,1,1.0,1.0,0,nan,nan,nan,0.00011192610341451545,-0.01677664896518166
22,stimulus,47,6,2,0,0,-1.0,-1.0,1,1,0,0,0.0,-0.01677664896518166
23,stimulus,47,7,5,1,0,-1.0,-1.0,1,0,1,0,0.0,-0.01677664896518166
24,stimulus,47,7,3,0,0,-1.0,-1.0,1,0,1,0,0.0,-0.01677664896518166
25,stimulus,47,8,5,1,0,-1.0,-1.0,1,0,1,0,0.0,-0.01677664896518166
26,stimulus,47,4,5,1,1,1.0,1.0,0,nan,nan,nan,2.8297562925380047e-05,-0.01680494652810704
27,stimulus,47,7,6,1,1,1.0,1.0,0,nan,nan,nan,4.2922233576970936e-05,-0.01684786876168401
28,stimulus,47,7,5,0,0,-1.0,-1.0,1,2,0,0,6.03638672106786e-05,-0.01678750489447333
29,stimulus,47,1,3,0,0,-1.0,-1.0,1,0,1,0,2.8854672963466716e-06,-0.01679039036176968
30,stimulus,47,5,3,0,0,-1.0,-1.0,1,0,1,0,6.03638672106786e-05,-0.016730026494559
31,stimulus,47,2,3,0,1,1.0,1.0,0,nan,nan,nan,0.00011192610341451545,-0.016841952597973518
32,stimulus,47,3,4,1,1,1.0,1.0,0,nan,nan,nan,2.8297562925380047e-05,-0.016870250160898898
33,stimulus,47,2,3,0,1,1.0,1.0,0,nan,nan,nan,9.76720350921151e-05,-0.01696792219599101
34,stimulus,47,2,2,0,1,1.0,1.0,0,nan,nan,nan,9.515770082063913e-05,-0.01706307989681165
35,stimulus,47,4,3,1,1,1.0,1.0,0,nan,nan,nan,4.2922233576970936e-05,-0.017106002130388622
36,stimulus,47,6,4,1,0,-1.0,-1.0,1,5,0,1,0.0,-0.017106002130388622
37,stimulus,47,1,5,1,0,-1.0,-1.0,1,0,1,0,2.8854672963466716e-06,-0.017108887597684967
38,stimulus,47,8,3,0,0,-1.0,-1.0,1,0,1,0,0.0,-0.017108887597684967
39,stimulus,47,4,5,1,1,1.0,1.0,0,nan,nan,nan,1.270312469632116e-05,-0.017121590722381293
40,stimulus,47,1,6,1,0,-1.0,-1.0,1,1,0,0,0.0,-0.017121590722381293
41,stimulus,47,1,5,1,0,-1.0,-1.0,1,0,1,0,2.8854672963466716e-06,-0.017124476189677638
42,stimulus,47,5,5,1,1,1.0,1.0,0,nan,nan,nan,9.515770082063913e-05,-0.017219633890498277
43,stimulus,47,0,6,1,0,-1.0,-1.0,1,1,0,0,0.0,-0.017219633890498277
44,stimulus,47,0,3,0,0,-1.0,-1.0,1,0,1,0,0.0,-0.017219633890498277
45,stimulus,47,3,3,0,1,1.0,1.0,0,nan,nan,nan,6.03638672106786e-05,-0.017279997757708953
46,stimulus,47,4,2,0,0,-1.0,-1.0,1,1,0,0,6.03638672106786e-05,-0.017219633890498277
47,stimulus,47,7,3,0,0,-1.0,-1.0,1,0,1,0,0.0,-0.017219633890498277
48,stimulus,47,1,5,1,0,-1.0,-1.0,1,0,1,0,3.764856450707268e-05,-0.017181985325991207
49,stimulus,47,4,5,1,1,1.0,1.0,0,nan,nan,nan,4.6564824113910384e-05,-0.017228550150105115
50,stimulus,47,6,4,0,0,-1.0,-1.0,1,1,0,0,9.515770082063913e-05,-0.017133392449284475
51,stimulus,47,8,5,1,0,-1.0,-1.0,1,0,1,0,0.0,-0.017133392449284475
52,stimulus,47,8,5,1,0,-1.0,-1.0,1,0,1,0,0.0,-0.017133392449284475
53,stimulus,47,7,3,0,0,-1.0,-1.0,1,0,1,0,0.0,-0.017133392449284475
54,stimulus,47,8,3,0,0,-1.0,-1.0,1,0,1,0,0.0,-0.017133392449284475
55,stimulus,47,1,5,1,0,-1.0,-1.0,1,0,1,0,1.0869708077459737e-05,-0.017122522741207017
56,stimulus,47,6,5,1,1,1.0,1.0,0,nan,nan,nan,6.78236359886405e-05,-0.017190346377195655
57,stimulus,47,7,6,1,1,1.0,1.0,0,nan,nan,nan,4.1393299386477525e-05,-0.017231739676582133
58,stimulus,47,6,7,1,1,1.0,1.0,0,nan,nan,nan,4.229405998385558e-05,-0.01727403373656599
59,stimulus,47,5,6,0,1,1.0,1.0,0,nan,nan,nan,9.76720350921151e-05,-0.017371705771658107
60,stimulus,47,6,7,1,1,1.0,1.0,0,nan,nan,nan,3.0208543470806074e-05,-0.01740191431512891
61,stimulus,47,5,6,0,1,1.0,1.0,0,nan,nan,nan,9.178681307604943e-05,-0.01749370112820496
62,stimulus,47,4,5,0,1,1.0,1.0,0,nan,nan,nan,9.178681307604943e-05,-0.01758548794128101
63,stimulus,47,4,4,0,1,1.0,1.0,0,nan,nan,nan,6.03638672106786e-05,-0.017645851808491687
64,stimulus,47,2,3,0,1,1.0,1.0,0,nan,nan,nan,9.178681307604943e-05,-0.01773763862156774
65,stimulus,47,2,2,0,1,1.0,1.0,0,nan,nan,nan,7.634818384295924e-05,-0.017813986805410697
66,stimulus,47,3,1,0,0,-1.0,-1.0,1,10,0,1,9.515770082063913e-05,-0.017718829104590057
67,stimulus,47,3,3,0,1,1.0,1.0,0,nan,nan,nan,7.634818384295924e-05,-0.017795177288433016
68,stimulus,47,8,4,1,0,-1.0,-1.0,1,1,0,0,9.178681307604943e-05,-0.01770339047535697
69,stimulus,47,7,5,1,0,-1.0,-1.0,1,0,1,0,0.0,-0.01770339047535697
70,stimulus,47,8,5,1,0,-1.0,-1.0,1,0,1,0,0.0,-0.01770339047535697
71,stimulus,47,0,5,1,0,-1.0,-1.0,1,0,1,0,0.0,-0.01770339047535697
72,stimulus,47,7,5,1,0,-1.0,-1.0,1,0,1,0,0.0,-0.01770339047535697
73,stimulus,47,1,5,1,0,-1.0,-1.0,1,0,1,0,2.1685384710597065e-05,-0.01768170509064637
74,stimulus,47,6,5,1,1,1.0,1.0,0,nan,nan,nan,4.1393299386477525e-05,-0.01772309839003285
75,stimulus,47,4,4,0,1,1.0,1.0,0,nan,nan,nan,4.2922233576970936e-05,-0.01776602062360982
76,stimulus,47,4,5,1,1,1.0,1.0,0,nan,nan,nan,2.1685384710597065e-05,-0.01778770600832042
77,stimulus,47,4,4,0,1,1.0,1.0,0,nan,nan,nan,4.2922233576970936e-05,-0.01783062824189739
78,stimulus,47,5,5,1,1,1.0,1.0,0,nan,nan,nan,9.208706960366613e-05,-0.017922715311501056
79,stimulus,47,7,6,1,1,1.0,1.0,0,nan,nan,nan,4.1393299386477525e-05,-0.017964108610887534
80,stimulus,47,7,5,0,0,-1.0,-1.0,1,6,0,1,9.515770082063913e-05,-0.017868950910066895
81,stimulus,47,4,5,1,1,1.0,1.0,0,nan,nan,nan,1.0869708077459737e-05,-0.017879820618144353
82,stimulus,47,8,6,1,0,-1.0,-1.0,1,1,0,0,0.0,-0.017879820618144353
83,stimulus,47,2,3,0,1,1.0,1.0,0,nan,nan,nan,9.208706960366613e-05,-0.017971907687748017
84,stimulus,47,8,4,1,0,-1.0,-1.0,1,1,0,0,9.178681307604943e-05,-0.017880120874671966
85,stimulus,47,2,3,0,1,1.0,1.0,0,nan,nan,nan,9.208706960366613e-05,-0.017972207944275634
86,stimulus,47,0,4,1,0,-1.0,-1.0,1,1,0,0,3.0208543470806074e-05,-0.017941999400804827
87,stimulus,47,0,5,1,0,-1.0,-1.0,1,0,1,0,0.0,-0.017941999400804827
88,stimulus,47,5,3,0,0,-1.0,-1.0,1,0,1,0,9.208706960366613e-05,-0.017849912331201163
89,stimulus,47,1,5,1,0,-1.0,-1.0,1,0,1,0,3.694577441064472e-05,-0.01781296655679052
90,stimulus,47,2,3,0,1,1.0,1.0,0,nan,nan,nan,9.515770082063913e-05,-0.01790812425761116
91,stimulus,47,7,4,1,0,-1.0,-1.0,1,1,0,0,0.0,-0.01790812425761116
92,stimulus,47,0,3,0,0,-1.0,-1.0,1,0,1,0,0.0,-0.01790812425761116
93,stimulus,47,1,5,1,0,-1.0,-1.0,1,0,1,0,4.229405998385558e-05,-0.0178658301976273
94,stimulus,47,0,5,1,0,-1.0,-1.0,1,0,1,0,0.0,-0.0178658301976273
95,stimulus,47,4,5,1,1,1.0,1.0,0,nan,nan,nan,2.8854672963466716e-06,-0.017862944730330954
96,stimulus,47,7,6,1,1,1.0,1.0,0,nan,nan,nan,6.669902694364417e-05,-0.0179296437572746
97,stimulus,47,0,5,0,0,-1.0,-1.0,1,2,0,0,0.0,-0.0179296437572746
98,stimulus,47,3,3,0,1,1.0,1.0,0,nan,nan,nan,6.78236359886405e-05,-0.01799746739326324
99,stimulus,47,2,2,0,1,1.0,1.0,0,nan,nan,nan,6.78236359886405e-05,-0.018065291029251883
100,stimulus,47,0,1,0,1,1.0,1.0,0,nan,nan,nan,6.03638672106786e-05,-0.01812565489646256
101,stimulus,47,5,0,0,0,-1.0,-1.0,1,3,0,1,0.0,-0.01812565489646256
102,stimulus,47,8,5,1,0,-1.0,-1.0,1,0,1,0,0.0,-0.01812565489646256
103,stimulus,47,5,3,0,0,-1.0,-1.0,1,0,1,0,9.208706960366613e-05,-0.018033567826858894
104,stimulus,47,4,5,1,1,1.0,1.0,0,nan,nan,nan,2.8854672963466716e-06,-0.018030682359562546
105,stimulus,47,0,4,0,0,-1.0,-1.0,1,1,0,0,0.0,-0.018030682359562546
106,stimulus,47,6,5,1,1,1.0,1.0,0,nan,nan,nan,4.95617739818296e-05,-0.018080244133544376
107,stimulus,47,1,6,1,0,-1.0,-1.0,1,1,0,0,0.0,-0.018080244133544376
108,stimulus,47,5,3,0,0,-1.0,-1.0,1,0,1,0,9.178681307604943e-05,-0.017988457320468325
109,stimulus,47,7,5,1,0,-1.0,-1.0,1,0,1,0,0.0,-0.017988457320468325
110,stimulus,47,4,5,1,1,1.0,1.0,0,nan,nan,nan,2.8854672963466716e-06,-0.017985571853171976
111,stimulus,47,1,4,0,0,-1.0,-1.0,1,1,0,0,0.0,-0.017985571853171976
112,stimulus,47,5,3,0,0,-1.0,-1.0,1,0,1,0,9.178681307604943e-05,-0.01789378504009593
113,stimulus,47,1,5,1,0,-1.0,-1.0,1,0,1,0,1.270312469632116e-05,-0.017881081915399607
114,stimulus,47,2,3,0,1,1.0,1.0,0,nan,nan,nan,6.03638672106786e-05,-0.017941445782610286
115,stimulus,47,2,2,0,1,1.0,1.0,0,nan,nan,nan,4.1393299386477525e-05,-0.017982839081996764
116,stimulus,47,3,1,0,0,-1.0,-1.0,1,2,0,0,9.178681307604943e-05,-0.017891052268920713
117,stimulus,47,2,3,0,1,1.0,1.0,0,nan,nan,nan,6.03638672106786e-05,-0.01795141613613139
118,stimulus,47,1,2,0,1,1.0,1.0,0,nan,nan,nan,7.634818384295924e-05,-0.01802776431997435
119,stimulus,47,0,1,0,1,1.0,1.0,0,nan,nan,nan,7.634818384295924e-05,-0.01810411250381731
120,stimulus,47,6,2,1,0,-1.0,-1.0,1,3,0,1,9.178681307604943e-05,-0.01801232569074126
121,stimulus,47,2,3,0,1,1.0,1.0,0,nan,nan,nan,4.2922233576970936e-05,-0.018055247924318233
122,stimulus,47,4,2,0,0,-1.0,-1.0,1,1,0,0,9.76720350921151e-05,-0.017957575889226116
123,stimulus,47,3,3,0,1,1.0,1.0,0,nan,nan,nan,6.669902694364417e-05,-0.018024274916169758
124,stimulus,47,4,2,0,0,-1.0,-1.0,1,1,0,0,9.76720350921151e-05,-0.017926602881077645
125,stimulus,47,4,5,1,1,1.0,1.0,0,nan,nan,nan,1.0869708077459737e-05,-0.017937472589155103
126,stimulus,47,3,4,0,1,1.0,1.0,0,nan,nan,nan,4.2922233576970936e-05,-0.017980394822732074
127,stimulus,47,5,3,0,0,-1.0,-1.0,1,2,0,0,9.76720350921151e-05,-0.01788272278763996
128,stimulus,47,8,3,0,0,-1.0,-1.0,1,0,1,0,0.0,-0.01788272278763996
129,stimulus,47,4,5,1,1,1.0,1.0,0,nan,nan,nan,2.8854672963466716e-06,-0.017879837320343615
130,stimulus,47,8,4,0,0,-1.0,-1.0,1,1,0,0,0.0,-0.017879837320343615
131,stimulus,47,8,3,0,0,-1.0,-1.0,1,0,1,0,0.0,-0.017879837320343615
132,stimulus,47,3,3,0,1,1.0,1.0,0,nan,nan,nan,6.669902694364417e-05,-0.01794653634728726
133,stimulus,47,6,2,0,0,-1.0,-1.0,1,1,0,0,0.0,-0.01794653634728726
134,stimulus,47,0,5,1,0,-1.0,-1.0,1,0,1,0,0.0,-0.01794653634728726
135,stimulus,47,6,5,1,1,1.0,1.0,0,nan,nan,nan,2.47848906668625e-05,-0.01797132123795412
136,stimulus,47,8,6,1,0,-1.0,-1.0,1,1,0,0,0.0,-0.01797132123795412
137,stimulus,47,4,5,1,1,1.0,1.0,0,nan,nan,nan,2.8854672963466716e-06,-0.017968435770657775
138,stimulus,47,6,4,0,0,-1.0,-1.0,1,1,0,0,0.00011192610341451545,-0.01785650966724326
139,stimulus,47,1,5,1,0,-1.0,-1.0,1,0,1,0,1.270312469632116e-05,-0.017843806542546938
140,stimulus,47,3,3,0,1,1.0,1.0,0,nan,nan,nan,4.95617739818296e-05,-0.017893368316528768
141,stimulus,47,0,4,1,0,-1.0,-1.0,1,1,0,0,2.8297562925380047e-05,-0.01786507075360339
142,stimulus,47,8,5,1,0,-1.0,-1.0,1,0,1,0,0.0,-0.01786507075360339
143,stimulus,47,4,5,1,1,1.0,1.0,0,nan,nan,nan,2.8854672963466716e-06,-0.01786218528630704
144,stimulus,47,0,4,0,0,-1.0,-1.0,1,1,0,0,0.0,-0.01786218528630704
145,stimulus,47,4,5,1,1,1.0,1.0,0,nan,nan,nan,2.8854672963466716e-06,-0.017859299819010695
146,stimulus,47,2,6,1,0,-1.0,-1.0,1,1,0,0,2.8297562925380047e-05,-0.01783100225608531
147,stimulus,47,0,3,0,0,-1.0,-1.0,1,0,1,0,0.0,-0.01783100225608531
148,stimulus,47,4,5,1,1,1.0,1.0,0,nan,nan,nan,1.0869708077459737e-05,-0.017841871964162773
149,stimulus,47,6,4,0,0,-1.0,-1.0,1,1,0,0,0.00011192610341451545,-0.017729945860748258
150,stimulus,47,5,3,0,0,-1.0,-1.0,1,0,1,0,0.00011192610341451545,-0.017618019757333743
151,stimulus,47,0,3,0,0,-1.0,-1.0,1,0,1,0,0.0,-0.017618019757333743
152,stimulus,47,2,3,0,1,1.0,1.0,0,nan,nan,nan,6.78236359886405e-05,-0.017685843393322385
153,stimulus,47,2,2,0,1,1.0,1.0,0,nan,nan,nan,2.47848906668625e-05,-0.017710628283989248
154,stimulus,47,0,1,0,1,1.0,1.0,0,nan,nan,nan,4.1393299386477525e-05,-0.017752021583375723
155,stimulus,47,7,2,1,0,-1.0,-1.0,1,3,0,1,0.0,-0.017752021583375723
156,stimulus,47,0,5,1,0,-1.0,-1.0,1,0,1,0,0.0,-0.017752021583375723
157,stimulus,47,8,5,1,0,-1.0,-1.0,1,0,1,0,0.0,-0.017752021583375723
158,stimulus,47,0,3,0,0,-1.0,-1.0,1,0,1,0,0.0,-0.017752021583375723
159,stimulus,47,5,3,0,0,-1.0,-1.0,1,0,1,0,0.00013460757081971842,-0.017617414012556003
160,stimulus,47,7,5,1,0,-1.0,-1.0,1,0,1,0,0.0,-0.017617414012556003
161,stimulus,47,5,3,0,0,-1.0,-1.0,1,0,1,0,0.00013460757081971842,-0.017482806441736286
162,stimulus,47,5,3,0,0,-1.0,-1.0,1,0,1,0,0.00013460757081971842,-0.017348198870916567
163,stimulus,47,0,3,0,0,-1.0,-1.0,1,0,1,0,0.0,-0.017348198870916567
164,stimulus,47,6,5,1,1,1.0,1.0,0,nan,nan,nan,2.47848906668625e-05,-0.01737298376158343
165,stimulus,47,5,6,1,1,1.0,1.0,0,nan,nan,nan,2.8854672963466716e-06,-0.017370098294287085
166,stimulus,47,3,7,1,0,-1.0,-1.0,1,2,0,0,4.00503168198665e-05,-0.01733004797746722
167,stimulus,47,4,5,1,1,1.0,1.0,0,nan,nan,nan,2.8854672963466716e-06,-0.01732716251017087
168,stimulus,47,0,4,0,0,-1.0,-1.0,1,1,0,0,0.0,-0.01732716251017087
169,stimulus,47,2,3,0,1,1.0,1.0,0,nan,nan,nan,4.1393299386477525e-05,-0.01736855580955735
170,stimulus,47,7,4,1,0,-1.0,-1.0,1,1,0,0,0.0,-0.01736855580955735
171,stimulus,47,1,5,1,0,-1.0,-1.0,1,0,1,0,4.8951643907011484e-05,-0.017319604165650336
172,stimulus,47,3,3,0,1,1.0,1.0,0,nan,nan,nan,5.814900685721708e-05,-0.017377753172507553
173,stimulus,47,4,2,0,0,-1.0,-1.0,1,1,0,0,0.00012640130812300882,-0.01725135186438454
174,stimulus,47,8,3,0,0,-1.0,-1.0,1,0,1,0,0.0,-0.01725135186438454
175,stimulus,47,2,3,0,1,1.0,1.0,0,nan,nan,nan,6.669902694364417e-05,-0.017318050891328186
176,stimulus,47,6,2,0,0,-1.0,-1.0,1,1,0,0,0.0,-0.017318050891328186
177,stimulus,47,2,3,0,1,1.0,1.0,0,nan,nan,nan,6.669902694364417e-05,-0.01738474991827183
178,stimulus,47,5,4,1,1,1.0,1.0,0,nan,nan,nan,2.47848906668625e-05,-0.01740953480893869
179,stimulus,47,0,5,1,0,-1.0,-1.0,1,2,0,0,0.0,-0.01740953480893869
180,stimulus,47,6,5,1,1,1.0,1.0,0,nan,nan,nan,5.814900685721708e-05,-0.017467683815795908
181,stimulus,47,0,4,0,0,-1.0,-1.0,1,1,0,0,0.0,-0.017467683815795908
182,stimulus,47,4,5,1,1,1.0,1.0,0,nan,nan,nan,2.8854672963466716e-06,-0.01746479834849956
183,stimulus,47,2,6,1,0,-1.0,-1.0,1,1,0,0,5.5741937782210915e-05,-0.017409056410717348
184,stimulus,47,2,3,0,1,1.0,1.0,0,nan,nan,nan,4.95617739818296e-05,-0.01745861818469918
185,stimulus,47,1,2,0,1,1.0,1.0,0,nan,nan,nan,2.47848906668625e-05,-0.017483403075366045
186,stimulus,47,0,1,0,1,1.0,1.0,0,nan,nan,nan,2.47848906668625e-05,-0.017508187966032908
187,stimulus,47,6,2,1,0,-1.0,-1.0,1,3,0,1,9.76720350921151e-05,-0.01741051593094079
188,stimulus,47,1,5,1,0,-1.0,-1.0,1,0,1,0,2.8379500337482363e-05,-0.01738213643060331
189,stimulus,47,4,5,1,1,1.0,1.0,0,nan,nan,nan,2.8854672963466716e-06,-0.017379250963306964
190,stimulus,47,1,6,1,0,-1.0,-1.0,1,1,0,0,0.0,-0.017379250963306964
191,stimulus,47,6,5,1,1,1.0,1.0,0,nan,nan,nan,4.564691316865552e-05,-0.01742489787647562
192,stimulus,47,5,6,1,1,1.0,1.0,0,nan,nan,nan,1.0869708077459737e-05,-0.01743576758455308
193,stimulus,47,6,7,1,1,1.0,1.0,0,nan,nan,nan,2.8854672963466716e-06,-0.017432882117256732
194,stimulus,47,3,6,0,0,-1.0,-1.0,1,3,0,1,0.0,-0.017432882117256732
195,stimulus,47,2,3,0,1,1.0,1.0,0,nan,nan,nan,5.814900685721708e-05,-0.017491031124113952
196,stimulus,47,5,4,1,1,1.0,1.0,0,nan,nan,nan,2.8379500337482363e-05,-0.01751941062445143
197,stimulus,47,5,3,0,0,-1.0,-1.0,1,2,0,0,0.00012640130812300882,-0.017393009316328423
198,stimulus,47,6,3,0,0,-1.0,-1.0,1,0,1,0,2.8379500337482363e-05,-0.01736462981599094
199,stimulus,47,1,5,1,0,-1.0,-1.0,1,0,1,0,4.564691316865552e-05,-0.017318982902822286
200,stimulus,47,4,5,1,1,1.0,1.0,0,nan,nan,nan,2.8854672963466716e-06,-0.017316097435525937
201,stimulus,47,1,6,1,0,-1.0,-1.0,1,1,0,0,0.0,-0.017316097435525937
202,stimulus,47,3,3,0,1,1.0,1.0,0,nan,nan,nan,4.564691316865552e-05,-0.017361744348694592
203,stimulus,47,7,4,1,0,-1.0,-1.0,1,1,0,0,0.0,-0.017361744348694592
204,stimulus,47,3,3,0,1,1.0,1.0,0,nan,nan,nan,4.564691316865552e-05,-0.017407391261863248
205,stimulus,47,7,4,1,0,-1.0,-1.0,1,1,0,0,0.0,-0.017407391261863248
206,stimulus,47,8,5,1,0,-1.0,-1.0,1,0,1,0,0.0,-0.017407391261863248
207,stimulus,47,3,3,0,1,1.0,1.0,0,nan,nan,nan,2.8379500337482363e-05,-0.01743577076220073
208,stimulus,47,4,2,0,0,-1.0,-1.0,1,1,0,0,0.00012640130812300882,-0.01730936945407772
209,stimulus,47,6,5,1,1,1.0,1.0,0,nan,nan,nan,2.8379500337482363e-05,-0.017337748954415203
210,stimulus,47,8,4,0,0,-1.0,-1.0,1,1,0,0,0.0,-0.017337748954415203
211,stimulus,47,6,5,1,1,1.0,1.0,0,nan,nan,nan,2.8379500337482363e-05,-0.017366128454752685
212,stimulus,47,7,6,1,1,1.0,1.0,0,nan,nan,nan,5.5741937782210915e-05,-0.017421870392534896
213,stimulus,47,7,5,0,0,-1.0,-1.0,1,2,0,0,0.00012640130812300882,-0.017295469084411888
214,stimulus,47,4,5,1,1,1.0,1.0,0,nan,nan,nan,2.8854672963466716e-06,-0.017292583617115543
215,stimulus,47,3,4,0,1,1.0,1.0,0,nan,nan,nan,4.564691316865552e-05,-0.017338230530284198
216,stimulus,47,8,3,0,0,-1.0,-1.0,1,2,0,0,0.0,-0.017338230530284198
217,stimulus,47,8,3,0,0,-1.0,-1.0,1,0,1,0,0.0,-0.017338230530284198
218,stimulus,47,0,5,1,0,-1.0,-1.0,1,0,1,0,0.0,-0.017338230530284198
219,stimulus,47,8,5,1,0,-1.0,-1.0,1,0,1,0,0.0,-0.017338230530284198
220,stimulus,47,1,5,1,0,-1.0,-1.0,1,0,1,0,5.814900685721708e-05,-0.01728008152342698
221,stimulus,47,5,3,0,0,-1.0,-1.0,1,0,1,0,0.00013254880891139673,-0.017147532714515586
222,stimulus,47,2,3,0,1,1.0,1.0,0,nan,nan,nan,2.8379500337482363e-05,-0.017175912214853067
223,stimulus,47,6,2,0,0,-1.0,-1.0,1,1,0,0,0.0,-0.017175912214853067
224,stimulus,47,6,5,1,1,1.0,1.0,0,nan,nan,nan,4.8951643907011484e-05,-0.017224863858760077
225,stimulus,47,5,6,1,1,1.0,1.0,0,nan,nan,nan,2.8854672963466716e-06,-0.017221978391463732
226,stimulus,47,8,7,1,1,1.0,1.0,0,nan,nan,nan,4.00503168198665e-05,-0.0172620287082836
227,stimulus,47,7,8,1,1,1.0,1.0,0,nan,nan,nan,1.0869708077459737e-05,-0.01727289841636106
228,stimulus,47,4,8,1,0,-1.0,-1.0,1,4,0,1,0.0,-0.01727289841636106
229,stimulus,47,6,5,1,1,1.0,1.0,0,nan,nan,nan,2.8297562925380047e-05,-0.01730119597928644
230,stimulus,47,7,6,1,1,1.0,1.0,0,nan,nan,nan,1.270312469632116e-05,-0.01731389910398276
231,stimulus,47,8,7,1,1,1.0,1.0,0,nan,nan,nan,4.6564824113910384e-05,-0.01736046392809667
232,stimulus,47,7,6,0,1,1.0,1.0,0,nan,nan,nan,2.8854672963466716e-06,-0.01735757846080032
233,stimulus,47,2,7,1,0,-1.0,-1.0,1,4,0,1,0.0,-0.01735757846080032
234,stimulus,47,1,5,1,0,-1.0,-1.0,1,0,1,0,2.47848906668625e-05,-0.01733279357013346
235,stimulus,47,1,5,1,0,-1.0,-1.0,1,0,1,0,2.47848906668625e-05,-0.017308008679466597
236,stimulus,47,4,5,1,1,1.0,1.0,0,nan,nan,nan,2.8854672963466716e-06,-0.017305123212170252
237,stimulus,47,7,6,1,1,1.0,1.0,0,nan,nan,nan,4.229405998385558e-05,-0.01734741727215411
238,stimulus,47,1,5,0,0,-1.0,-1.0,1,2,0,0,0.0,-0.01734741727215411
239,stimulus,47,0,3,0,0,-1.0,-1.0,1,0,1,0,0.0,-0.01734741727215411
240,stimulus,47,8,3,0,0,-1.0,-1.0,1,0,1,0,0.0,-0.01734741727215411
241,stimulus,47,6,5,1,1,1.0,1.0,0,nan,nan,nan,3.0208543470806074e-05,-0.017377625815624916
242,stimulus,47,8,4,0,0,-1.0,-1.0,1,1,0,0,0.0,-0.017377625815624916
243,stimulus,47,7,5,1,0,-1.0,-1.0,1,0,1,0,0.0,-0.017377625815624916
244,stimulus,47,2,3,0,1,1.0,1.0,0,nan,nan,nan,2.8379500337482363e-05,-0.017406005315962397
245,stimulus,47,3,4,1,1,1.0,1.0,0,nan,nan,nan,2.8854672963466716e-06,-0.017403119848666052
246,stimulus,47,8,5,1,0,-1.0,-1.0,1,2,0,0,0.0,-0.017403119848666052
247,stimulus,47,5,3,0,0,-1.0,-1.0,1,0,1,0,0.00013254880891139673,-0.017270571039754653
248,stimulus,47,7,5,1,0,-1.0,-1.0,1,0,1,0,0.0,-0.017270571039754653
249,stimulus,47,7,3,0,0,-1.0,-1.0,1,0,1,0,0.0,-0.017270571039754653
250,stimulus,47,4,5,1,1,1.0,1.0,0,nan,nan,nan,2.8854672963466716e-06,-0.017267685572458304
251,stimulus,47,1,4,0,0,-1.0,-1.0,1,1,0,0,0.0,-0.017267685572458304
252,stimulus,47,5,3,0,0,-1.0,-1.0,1,0,1,0,0.00013254880891139673,-0.01713513676354691
253,stimulus,47,2,3,0,1,1.0,1.0,0,nan,nan,nan,5.5741937782210915e-05,-0.01719087870132912
254,stimulus,47,4,2,0,0,-1.0,-1.0,1,1,0,0,0.00013254880891139673,-0.017058329892417724
255,stimulus,47,4,5,1,1,1.0,1.0,0,nan,nan,nan,1.0869708077459737e-05,-0.01706919960049518
256,stimulus,47,6,4,0,0,-1.0,-1.0,1,1,0,0,0.00016403014906133027,-0.016905169451433853
257,stimulus,47,7,3,0,0,-1.0,-1.0,1,0,1,0,0.0,-0.016905169451433853
258,stimulus,47,4,5,1,1,1.0,1.0,0,nan,nan,nan,2.8854672963466716e-06,-0.016902283984137505
259,stimulus,47,5,6,1,1,1.0,1.0,0,nan,nan,nan,2.8854672963466716e-06,-0.01689939851684116
260,stimulus,47,8,7,1,1,1.0,1.0,0,nan,nan,nan,2.1685384710597065e-05,-0.01692108390155176
261,stimulus,47,8,6,0,0,-1.0,-1.0,1,3,0,1,0.00016403014906133027,-0.01675705375249043
262,stimulus,47,2,3,0,1,1.0,1.0,0,nan,nan,nan,4.8951643907011484e-05,-0.016806005396397438
263,stimulus,47,7,2,0,0,-1.0,-1.0,1,1,0,0,0.0,-0.016806005396397438
264,stimulus,47,1,5,1,0,-1.0,-1.0,1,0,1,0,4.95617739818296e-05,-0.016756443622415608
265,stimulus,47,6,5,1,1,1.0,1.0,0,nan,nan,nan,1.0869708077459737e-05,-0.01676731333049307
266,stimulus,47,1,6,1,0,-1.0,-1.0,1,1,0,0,0.0,-0.01676731333049307
267,stimulus,47,3,3,0,1,1.0,1.0,0,nan,nan,nan,5.5741937782210915e-05,-0.01682305526827528
268,stimulus,47,8,4,1,0,-1.0,-1.0,1,1,0,0,9.76720350921151e-05,-0.016725383233183167
269,stimulus,47,8,5,1,0,-1.0,-1.0,1,0,1,0,0.0,-0.016725383233183167
270,stimulus,47,5,3,0,0,-1.0,-1.0,1,0,1,0,0.00016403014906133027,-0.016561353084121835
271,stimulus,47,0,3,0,0,-1.0,-1.0,1,0,1,0,0.0,-0.016561353084121835
272,stimulus,47,6,5,1,1,1.0,1.0,0,nan,nan,nan,2.8854672963466716e-06,-0.01655846761682549
273,stimulus,47,2,6,1,0,-1.0,-1.0,1,1,0,0,4.95617739818296e-05,-0.01650890584284366
274,stimulus,47,5,3,0,0,-1.0,-1.0,1,0,1,0,0.00016403014906133027,-0.01634487569378233
275,stimulus,47,5,3,0,0,-1.0,-1.0,1,0,1,0,0.00016403014906133027,-0.016180845544721
276,stimulus,47,5,3,0,0,-1.0,-1.0,1,0,1,0,0.00016403014906133027,-0.01601681539565967
277,stimulus,47,1,5,1,0,-1.0,-1.0,1,0,1,0,6.669902694364417e-05,-0.015950116368716027
278,stimulus,47,5,3,0,0,-1.0,-1.0,1,0,1,0,0.00017713899962048241,-0.015772977369095546
279,stimulus,47,4,5,1,1,1.0,1.0,0,nan,nan,nan,2.8854672963466716e-06,-0.015770091901799198
280,stimulus,47,4,4,0,1,1.0,1.0,0,nan,nan,nan,4.8951643907011484e-05,-0.015819043545706214
281,stimulus,47,8,5,1,0,-1.0,-1.0,1,2,0,0,0.0,-0.015819043545706214
282,stimulus,47,5,3,0,0,-1.0,-1.0,1,0,1,0,0.00017713899962048241,-0.01564190454608573
283,stimulus,47,8,3,0,0,-1.0,-1.0,1,0,1,0,0.0,-0.01564190454608573
284,stimulus,47,7,5,1,0,-1.0,-1.0,1,0,1,0,0.0,-0.01564190454608573
285,stimulus,47,4,5,1,1,1.0,1.0,0,nan,nan,nan,1.0869708077459737e-05,-0.015652774254163192
286,stimulus,47,3,4,0,1,1.0,1.0,0,nan,nan,nan,4.00503168198665e-05,-0.015692824570983054
287,stimulus,47,7,3,0,0,-1.0,-1.0,1,2,0,0,0.0,-0.015692824570983054
288,stimulus,47,4,5,1,1,1.0,1.0,0,nan,nan,nan,2.8854672963466716e-06,-0.015689939103686705
289,stimulus,47,4,4,0,1,1.0,1.0,0,nan,nan,nan,2.8297562925380047e-05,-0.015718236666612085
290,stimulus,47,7,5,1,0,-1.0,-1.0,1,2,0,0,0.0,-0.015718236666612085
291,stimulus,47,0,5,1,0,-1.0,-1.0,1,0,1,0,0.0,-0.015718236666612085
292,stimulus,47,8,3,0,0,-1.0,-1.0,1,0,1,0,0.0,-0.015718236666612085
293,stimulus,47,2,3,0,1,1.0,1.0,0,nan,nan,nan,1.270312469632116e-05,-0.015730939791308407
294,stimulus,47,8,4,1,0,-1.0,-1.0,1,1,0,0,0.00011192610341451545,-0.01561901368789389
295,stimulus,47,2,3,0,1,1.0,1.0,0,nan,nan,nan,1.270312469632116e-05,-0.01563171681259021
296,stimulus,47,0,4,1,0,-1.0,-1.0,1,1,0,0,4.1393299386477525e-05,-0.015590323513203733
297,stimulus,47,2,3,0,1,1.0,1.0,0,nan,nan,nan,1.270312469632116e-05,-0.015603026637900053
298,stimulus,47,4,2,0,0,-1.0,-1.0,1,1,0,0,0.00017713899962048241,-0.015425887638279573
299,stimulus,47,2,3,0,1,1.0,1.0,0,nan,nan,nan,4.6564824113910384e-05,-0.015472452462393482
300,stimulus,47,5,2,0,0,-1.0,-1.0,1,1,0,0,2.8854672963466716e-06,-0.015475337929689827
301,stimulus,47,8,5,1,0,-1.0,-1.0,1,0,1,0,0.0,-0.015475337929689827
302,stimulus,47,7,3,0,0,-1.0,-1.0,1,0,1,0,0.0,-0.015475337929689827
303,stimulus,47,3,3,0,1,1.0,1.0,0,nan,nan,nan,2.8297562925380047e-05,-0.015503635492615209
304,stimulus,47,7,2,0,0,-1.0,-1.0,1,1,0,0,0.0,-0.015503635492615209
305,stimulus,47,7,5,1,0,-1.0,-1.0,1,0,1,0,0.0,-0.015503635492615209
306,stimulus,47,2,3,0,1,1.0,1.0,0,nan,nan,nan,3.694577441064472e-05,-0.015540581267025854
307,stimulus,47,6,2,0,0,-1.0,-1.0,1,1,0,0,0.0,-0.015540581267025854
308,stimulus,47,8,5,1,0,-1.0,-1.0,1,0,1,0,0.0,-0.015540581267025854
309,stimulus,47,2,5,1,0,-1.0,-1.0,1,0,1,0,3.0208543470806074e-05,-0.015510372723555047
310,stimulus,47,3,3,0,1,1.0,1.0,0,nan,nan,nan,1.270312469632116e-05,-0.015523075848251366
311,stimulus,47,1,2,0,1,1.0,1.0,0,nan,nan,nan,3.694577441064472e-05,-0.015560021622662012
312,stimulus,47,4,1,0,0,-1.0,-1.0,1,2,0,0,2.8854672963466716e-06,-0.015562907089958358
313,stimulus,47,6,5,1,1,1.0,1.0,0,nan,nan,nan,2.8854672963466716e-06,-0.015560021622662012
314,stimulus,47,5,4,0,1,1.0,1.0,0,nan,nan,nan,2.8854672963466716e-06,-0.015557136155365667
315,stimulus,47,8,3,0,0,-1.0,-1.0,1,2,0,0,0.0,-0.015557136155365667
316,stimulus,47,4,5,1,1,1.0,1.0,0,nan,nan,nan,2.8854672963466716e-06,-0.01555425068806932
317,stimulus,47,1,4,0,0,-1.0,-1.0,1,1,0,0,0.0,-0.01555425068806932
318,stimulus,47,7,3,0,0,-1.0,-1.0,1,0,1,0,0.0,-0.01555425068806932
319,stimulus,47,2,3,0,1,1.0,1.0,0,nan,nan,nan,3.0208543470806074e-05,-0.015584459231540126
320,stimulus,47,6,2,0,0,-1.0,-1.0,1,1,0,0,0.0,-0.015584459231540126
321,stimulus,47,2,3,0,1,1.0,1.0,0,nan,nan,nan,1.0869708077459737e-05,-0.015595328939617587
322,stimulus,47,5,4,1,1,1.0,1.0,0,nan,nan,nan,2.8854672963466716e-06,-0.01559244347232124
323,stimulus,47,7,5,1,0,-1.0,-1.0,1,2,0,0,0.0,-0.01559244347232124
324,stimulus,47,6,5,1,1,1.0,1.0,0,nan,nan,nan,2.8854672963466716e-06,-0.015589558005024892
325,stimulus,47,0,6,1,0,-1.0,-1.0,1,1,0,0,0.0,-0.015589558005024892
326,stimulus,47,1,5,1,0,-1.0,-1.0,1,0,1,0,4.1393299386477525e-05,-0.015548164705638415
327,stimulus,47,6,5,1,1,1.0,1.0,0,nan,nan,nan,2.8854672963466716e-06,-0.015545279238342069
328,stimulus,47,2,6,1,0,-1.0,-1.0,1,1,0,0,6.78236359886405e-05,-0.015477455602353429
329,stimulus,47,6,5,1,1,1.0,1.0,0,nan,nan,nan,1.0869708077459737e-05,-0.01548832531043089
330,stimulus,47,2,6,1,0,-1.0,-1.0,1,1,0,0,6.78236359886405e-05,-0.015420501674442246
331,stimulus,47,4,5,1,1,1.0,1.0,0,nan,nan,nan,2.8854672963466716e-06,-0.015417616207145898
332,stimulus,47,4,6,1,0,-1.0,-1.0,1,1,0,0,4.6564824113910384e-05,-0.015371051383031988
333,stimulus,47,3,3,0,1,1.0,1.0,0,nan,nan,nan,2.8297562925380047e-05,-0.01539934894595737
334,stimulus,47,0,4,1,0,-1.0,-1.0,1,1,0,0,4.2922233576970936e-05,-0.0153564267123804
335,stimulus,47,4,5,1,1,1.0,1.0,0,nan,nan,nan,1.0869708077459737e-05,-0.01536729642045786
336,stimulus,47,5,6,1,1,1.0,1.0,0,nan,nan,nan,2.8854672963466716e-06,-0.015364410953161512
337,stimulus,47,1,7,1,0,-1.0,-1.0,1,2,0,0,0.0,-0.015364410953161512
338,stimulus,47,1,5,1,0,-1.0,-1.0,1,0,1,0,4.2922233576970936e-05,-0.015321488719584539
339,stimulus,47,1,5,1,0,-1.0,-1.0,1,0,1,0,7.634818384295924e-05,-0.01524514053574158
340,stimulus,47,1,5,1,0,-1.0,-1.0,1,0,1,0,7.634818384295924e-05,-0.015168792351898622
341,stimulus,47,6,5,1,1,1.0,1.0,0,nan,nan,nan,2.8854672963466716e-06,-0.015165906884602273
342,stimulus,47,7,6,1,1,1.0,1.0,0,nan,nan,nan,2.8854672963466716e-06,-0.015163021417305928
343,stimulus,47,4,5,0,1,1.0,1.0,0,nan,nan,nan,1.0869708077459737e-05,-0.015173891125383388
344,stimulus,47,0,6,1,0,-1.0,-1.0,1,3,0,1,0.0,-0.015173891125383388
345,stimulus,47,3,3,0,1,1.0,1.0,0,nan,nan,nan,1.270312469632116e-05,-0.015186594250079708
346,stimulus,47,3,4,1,1,1.0,1.0,0,nan,nan,nan,2.8854672963466716e-06,-0.015183708782783361
347,stimulus,47,0,5,1,0,-1.0,-1.0,1,2,0,0,0.0,-0.015183708782783361
348,stimulus,47,1,5,1,0,-1.0,-1.0,1,0,1,0,6.03638672106786e-05,-0.015123344915572684
349,stimulus,47,5,3,0,0,-1.0,-1.0,1,0,1,0,0.00017713899962048241,-0.014946205915952202
350,stimulus,47,3,3,0,1,1.0,1.0,0,nan,nan,nan,1.270312469632116e-05,-0.014958909040648522
351,stimulus,47,6,2,0,0,-1.0,-1.0,1,1,0,0,0.0,-0.014958909040648522
352,stimulus,47,5,3,0,0,-1.0,-1.0,1,0,1,0,0.00017713899962048241,-0.014781770041028038
353,stimulus,47,3,3,0,1,1.0,1.0,0,nan,nan,nan,4.6564824113910384e-05,-0.014828334865141951
354,stimulus,47,3,4,1,1,1.0,1.0,0,nan,nan,nan,2.8854672963466716e-06,-0.014825449397845605
355,stimulus,47,4,5,1,1,1.0,1.0,0,nan,nan,nan,2.8854672963466716e-06,-0.014822563930549256
356,stimulus,47,0,4,0,0,-1.0,-1.0,1,3,0,1,0.0,-0.014822563930549256
357,stimulus,47,0,3,0,0,-1.0,-1.0,1,0,1,0,0.0,-0.014822563930549256
358,stimulus,47,2,3,0,1,1.0,1.0,0,nan,nan,nan,2.8854672963466716e-06,-0.014819678463252911
359,stimulus,47,4,2,0,0,-1.0,-1.0,1,1,0,0,0.00017713899962048241,-0.014642539463632425
360,stimulus,47,1,5,1,0,-1.0,-1.0,1,0,1,0,6.03638672106786e-05,-0.014582175596421748
361,stimulus,47,8,5,1,0,-1.0,-1.0,1,0,1,0,0.0,-0.014582175596421748
362,stimulus,47,0,3,0,0,-1.0,-1.0,1,0,1,0,0.0,-0.014582175596421748
363,stimulus,47,8,3,0,0,-1.0,-1.0,1,0,1,0,0.0,-0.014582175596421748
364,stimulus,47,0,3,0,0,-1.0,-1.0,1,0,1,0,0.0,-0.014582175596421748
365,stimulus,47,1,5,1,0,-1.0,-1.0,1,0,1,0,9.515770082063913e-05,-0.014487017895601109
366,stimulus,47,0,5,1,0,-1.0,-1.0,1,0,1,0,0.0,-0.014487017895601109
367,stimulus,47,8,3,0,0,-1.0,-1.0,1,0,1,0,0.0,-0.014487017895601109
368,stimulus,47,0,3,0,0,-1.0,-1.0,1,0,1,0,0.0,-0.014487017895601109
369,stimulus,47,7,5,1,0,-1.0,-1.0,1,0,1,0,0.0,-0.014487017895601109
370,stimulus,47,1,5,1,0,-1.0,-1.0,1,0,1,0,9.515770082063913e-05,-0.01439186019478047
371,stimulus,47,5,3,0,0,-1.0,-1.0,1,0,1,0,0.00017713899962048241,-0.014214721195159988
372,stimulus,47,8,3,0,0,-1.0,-1.0,1,0,1,0,0.0,-0.014214721195159988
373,stimulus,47,3,3,0,1,1.0,1.0,0,nan,nan,nan,4.229405998385558e-05,-0.014257015255143843
374,stimulus,47,0,4,1,0,-1.0,-1.0,1,1,0,0,9.208706960366613e-05,-0.014164928185540177
375,stimulus,47,2,3,0,1,1.0,1.0,0,nan,nan,nan,2.8854672963466716e-06,-0.01416204271824383
376,stimulus,47,6,2,0,0,-1.0,-1.0,1,1,0,0,0.0,-0.01416204271824383
377,stimulus,47,0,3,0,0,-1.0,-1.0,1,0,1,0,0.0,-0.01416204271824383
378,stimulus,47,5,3,0,0,-1.0,-1.0,1,0,1,0,0.00023556238503779622,-0.013926480333206034
379,stimulus,47,5,3,0,0,-1.0,-1.0,1,0,1,0,0.00023556238503779622,-0.013690917948168239
380,stimulus,47,1,5,1,0,-1.0,-1.0,1,0,1,0,9.208706960366613e-05,-0.013598830878564571
381,stimulus,47,3,5,1,0,-1.0,-1.0,1,0,1,0,3.0208543470806074e-05,-0.013568622335093766
382,stimulus,47,3,3,0,1,1.0,1.0,0,nan,nan,nan,3.694577441064472e-05,-0.01360556810950441
383,stimulus,47,6,4,1,0,-1.0,-1.0,1,1,0,0,0.0,-0.01360556810950441
384,stimulus,47,7,3,0,0,-1.0,-1.0,1,0,1,0,0.0,-0.01360556810950441
385,stimulus,47,1,5,1,0,-1.0,-1.0,1,0,1,0,9.178681307604943e-05,-0.01351378129642836
386,stimulus,47,1,5,1,0,-1.0,-1.0,1,0,1,0,9.178681307604943e-05,-0.01342199448335231
387,stimulus,47,4,5,1,1,1.0,1.0,0,nan,nan,nan,1.0869708077459737e-05,-0.013432864191429769
388,stimulus,47,8,6,1,0,-1.0,-1.0,1,1,0,0,0.0,-0.013432864191429769
389,stimulus,47,8,5,1,0,-1.0,-1.0,1,0,1,0,0.0,-0.013432864191429769
390,stimulus,47,4,5,1,1,1.0,1.0,0,nan,nan,nan,2.8854672963466716e-06,-0.013429978724133424
391,stimulus,47,1,4,0,0,-1.0,-1.0,1,1,0,0,0.0,-0.013429978724133424
392,stimulus,47,1,5,1,0,-1.0,-1.0,1,0,1,0,9.178681307604943e-05,-0.013338191911057376
393,stimulus,47,4,5,1,1,1.0,1.0,0,nan,nan,nan,2.8854672963466716e-06,-0.01333530644376103
394,stimulus,47,3,4,0,1,1.0,1.0,0,nan,nan,nan,1.0869708077459737e-05,-0.013346176151838491
395,stimulus,47,1,5,1,0,-1.0,-1.0,1,2,0,0,9.76720350921151e-05,-0.013248504116746374
396,stimulus,47,2,3,0,1,1.0,1.0,0,nan,nan,nan,2.8854672963466716e-06,-0.013245618649450027
397,stimulus,47,8,4,1,0,-1.0,-1.0,1,1,0,0,0.00011192610341451545,-0.01313369254603551
398,stimulus,47,3,3,0,1,1.0,1.0,0,nan,nan,nan,3.0208543470806074e-05,-0.01316390108950632
399,stimulus,47,2,2,0,1,1.0,1.0,0,nan,nan,nan,1.0869708077459737e-05,-0.013174770797583779
400,stimulus,47,3,1,0,0,-1.0,-1.0,1,2,0,0,0.00023556238503779622,-0.012939208412545982
401,stimulus,47,6,5,1,1,1.0,1.0,0,nan,nan,nan,2.8854672963466716e-06,-0.012936322945249637
402,stimulus,47,6,4,0,0,-1.0,-1.0,1,1,0,0,0.00023556238503779622,-0.01270076056021184
403,stimulus,47,8,3,0,0,-1.0,-1.0,1,0,1,0,0.0,-0.01270076056021184
404,stimulus,47,1,5,1,0,-1.0,-1.0,1,0,1,0,9.76720350921151e-05,-0.012603088525119727
405,stimulus,47,6,5,1,1,1.0,1.0,0,nan,nan,nan,2.8854672963466716e-06,-0.012600203057823379
406,stimulus,47,6,4,0,0,-1.0,-1.0,1,1,0,0,0.00023556238503779622,-0.012364640672785582
407,stimulus,47,5,3,0,0,-1.0,-1.0,1,0,1,0,0.00023556238503779622,-0.012129078287747785
408,stimulus,47,2,3,0,1,1.0,1.0,0,nan,nan,nan,2.8854672963466716e-06,-0.012126192820451439
409,stimulus,47,2,2,0,1,1.0,1.0,0,nan,nan,nan,1.0869708077459737e-05,-0.012137062528528895
410,stimulus,47,0,1,0,1,1.0,1.0,0,nan,nan,nan,2.8854672963466716e-06,-0.012134177061232548
411,stimulus,47,0,0,0,1,1.0,1.0,0,nan,nan,nan,2.8854672963466716e-06,-0.012131291593936203
412,stimulus,47,4,0,0,0,-1.0,-1.0,1,4,0,1,0.0,-0.012131291593936203
413,stimulus,47,2,3,0,1,1.0,1.0,0,nan,nan,nan,2.8854672963466716e-06,-0.012128406126639856
414,stimulus,47,1,2,0,1,1.0,1.0,0,nan,nan,nan,1.0869708077459737e-05,-0.012139275834717316
415,stimulus,47,3,1,0,0,-1.0,-1.0,1,2,0,0,0.00023556238503779622,-0.011903713449679519
416,stimulus,47,2,3,0,1,1.0,1.0,0,nan,nan,nan,2.8854672963466716e-06,-0.011900827982383172
417,stimulus,47,1,2,0,1,1.0,1.0,0,nan,nan,nan,2.8854672963466716e-06,-0.011897942515086826
418,stimulus,47,3,1,0,0,-1.0,-1.0,1,2,0,0,0.00023556238503779622,-0.01166238013004903
419,stimulus,47,3,3,0,1,1.0,1.0,0,nan,nan,nan,2.8854672963466716e-06,-0.011659494662752682
420,stimulus,47,8,4,1,0,-1.0,-1.0,1,1,0,0,0.00011192610341451545,-0.011547568559338165
421,stimulus,47,3,3,0,1,1.0,1.0,0,nan,nan,nan,2.8854672963466716e-06,-0.01154468309204182
422,stimulus,47,6,2,0,0,-1.0,-1.0,1,1,0,0,0.0,-0.01154468309204182
423,stimulus,47,6,5,1,1,1.0,1.0,0,nan,nan,nan,1.0869708077459737e-05,-0.01155555280011928
424,stimulus,47,7,6,1,1,1.0,1.0,0,nan,nan,nan,2.8854672963466716e-06,-0.011552667332822933
425,stimulus,47,4,5,0,1,1.0,1.0,0,nan,nan,nan,2.8854672963466716e-06,-0.011549781865526586
426,stimulus,47,2,6,1,0,-1.0,-1.0,1,3,0,1,0.00011192610341451545,-0.01143785576211207
427,stimulus,47,0,5,1,0,-1.0,-1.0,1,0,1,0,0.0,-0.01143785576211207
428,stimulus,47,4,5,1,1,1.0,1.0,0,nan,nan,nan,2.8854672963466716e-06,-0.011434970294815721
429,stimulus,47,0,6,1,0,-1.0,-1.0,1,1,0,0,0.0,-0.011434970294815721
430,stimulus,47,5,3,0,0,-1.0,-1.0,1,0,1,0,0.0002673723018894676,-0.011167597992926253
431,stimulus,47,2,3,0,1,1.0,1.0,0,nan,nan,nan,1.0869708077459737e-05,-0.011178467701003714
432,stimulus,47,4,2,0,0,-1.0,-1.0,1,1,0,0,0.0002673723018894676,-0.010911095399114246
433,stimulus,47,2,3,0,1,1.0,1.0,0,nan,nan,nan,2.8854672963466716e-06,-0.0109082099318179
434,stimulus,47,6,4,1,0,-1.0,-1.0,1,1,0,0,0.0,-0.0109082099318179
435,stimulus,47,6,5,1,1,1.0,1.0,0,nan,nan,nan,2.8854672963466716e-06,-0.01090532446452155
436,stimulus,47,3,4,0,1,1.0,1.0,0,nan,nan,nan,2.8854672963466716e-06,-0.010902438997225204
437,stimulus,47,1,5,1,0,-1.0,-1.0,1,2,0,0,0.00011192610341451545,-0.010790512893810687
438,stimulus,47,0,5,1,0,-1.0,-1.0,1,0,1,0,0.0,-0.010790512893810687
439,stimulus,47,4,5,1,1,1.0,1.0,0,nan,nan,nan,2.8854672963466716e-06,-0.010787627426514342
440,stimulus,47,6,4,0,0,-1.0,-1.0,1,1,0,0,0.0002673723018894676,-0.010520255124624876
441,stimulus,47,6,5,1,1,1.0,1.0,0,nan,nan,nan,2.8854672963466716e-06,-0.010517369657328529
442,stimulus,47,7,6,1,1,1.0,1.0,0,nan,nan,nan,2.8854672963466716e-06,-0.010514484190032184
443,stimulus,47,5,5,0,1,1.0,1.0,0,nan,nan,nan,1.0869708077459737e-05,-0.010525353898109643
444,stimulus,47,0,4,0,0,-1.0,-1.0,1,3,0,1,0.0,-0.010525353898109643
445,stimulus,47,8,3,0,0,-1.0,-1.0,1,0,1,0,0.0,-0.010525353898109643
446,stimulus,47,0,3,0,0,-1.0,-1.0,1,0,1,0,0.0,-0.010525353898109643
447,stimulus,47,1,5,1,0,-1.0,-1.0,1,0,1,0,0.00011192610341451545,-0.010413427794695127
448,stimulus,47,6,5,1,1,1.0,1.0,0,nan,nan,nan,1.0869708077459737e-05,-0.010424297502772586
449,stimulus,47,7,6,1,1,1.0,1.0,0,nan,nan,nan,2.8854672963466716e-06,-0.01042141203547624
450,stimulus,47,7,5,0,0,-1.0,-1.0,1,2,0,0,0.0002673723018894676,-0.010154039733586771
451,stimulus,47,8,3,0,0,-1.0,-1.0,1,0,1,0,0.0,-0.010154039733586771
452,stimulus,47,3,3,0,1,1.0,1.0,0,nan,nan,nan,2.8854672963466716e-06,-0.010151154266290426
453,stimulus,47,6,4,1,0,-1.0,-1.0,1,1,0,0,0.0,-0.010151154266290426
454,stimulus,47,2,3,0,1,1.0,1.0,0,nan,nan,nan,2.8854672963466716e-06,-0.010148268798994078
455,stimulus,47,1,2,0,1,1.0,1.0,0,nan,nan,nan,2.8854672963466716e-06,-0.010145383331697733
456,stimulus,47,5,1,0,0,-1.0,-1.0,1,2,0,0,0.0,-0.010145383331697733
457,stimulus,47,8,5,1,0,-1.0,-1.0,1,0,1,0,0.0,-0.010145383331697733
458,stimulus,47,2,3,0,1,1.0,1.0,0,nan,nan,nan,1.0869708077459737e-05,-0.010156253039775192
459,stimulus,47,6,2,0,0,-1.0,-1.0,1,1,0,0,0.0,-0.010156253039775192
460,stimulus,47,1,5,1,0,-1.0,-1.0,1,0,1,0,0.00013460757081971842,-0.010021645468955476
461,stimulus,47,8,3,0,0,-1.0,-1.0,1,0,1,0,0.0,-0.010021645468955476
462,stimulus,47,4,3,0,1,1.0,1.0,0,nan,nan,nan,1.0869708077459737e-05,-0.010032515177032936
463,stimulus,47,6,2,0,0,-1.0,-1.0,1,1,0,0,0.0,-0.010032515177032936
464,stimulus,47,7,3,0,0,-1.0,-1.0,1,0,1,0,0.0,-0.010032515177032936
465,stimulus,47,1,5,1,0,-1.0,-1.0,1,0,1,0,0.00013460757081971842,-0.009897907606213216
466,stimulus,47,6,5,1,1,1.0,1.0,0,nan,nan,nan,2.8854672963466716e-06,-0.009895022138916867
467,stimulus,47,2,6,1,0,-1.0,-1.0,1,1,0,0,0.00013460757081971842,-0.009760414568097148
468,stimulus,47,1,5,1,0,-1.0,-1.0,1,0,1,0,0.00012640130812300882,-0.00963401325997414
469,stimulus,47,2,5,1,0,-1.0,-1.0,1,0,1,0,2.8854672963466716e-06,-0.009636898727270485
470,stimulus,47,3,3,0,1,1.0,1.0,0,nan,nan,nan,2.8854672963466716e-06,-0.009634013259974136
471,stimulus,47,1,2,0,1,1.0,1.0,0,nan,nan,nan,2.8854672963466716e-06,-0.009631127792677791
472,stimulus,47,7,3,1,0,-1.0,-1.0,1,2,0,0,0.00013460757081971842,-0.009496520221858073
473,stimulus,47,6,5,1,1,1.0,1.0,0,nan,nan,nan,2.8854672963466716e-06,-0.009493634754561728
474,stimulus,47,8,4,0,0,-1.0,-1.0,1,1,0,0,0.0,-0.009493634754561728
475,stimulus,47,7,5,1,0,-1.0,-1.0,1,0,1,0,0.0,-0.009493634754561728
476,stimulus,47,0,5,1,0,-1.0,-1.0,1,0,1,0,0.0,-0.009493634754561728
477,stimulus,47,3,3,0,1,1.0,1.0,0,nan,nan,nan,2.8854672963466716e-06,-0.009490749287265381
478,stimulus,47,2,2,0,1,1.0,1.0,0,nan,nan,nan,2.8854672963466716e-06,-0.009487863819969033
479,stimulus,47,0,1,0,1,1.0,1.0,0,nan,nan,nan,2.8854672963466716e-06,-0.009484978352672684
480,stimulus,47,8,0,0,0,-1.0,-1.0,1,3,0,1,0.0,-0.009484978352672684
481,stimulus,47,1,5,1,0,-1.0,-1.0,1,0,1,0,0.00012640130812300882,-0.009358577044549676
482,stimulus,47,5,3,0,0,-1.0,-1.0,1,0,1,0,0.0002673723018894676,-0.009091204742660208
483,stimulus,47,0,5,1,0,-1.0,-1.0,1,0,1,0,0.0,-0.009091204742660208
484,stimulus,47,0,5,1,0,-1.0,-1.0,1,0,1,0,0.0,-0.009091204742660208
485,stimulus,47,1,5,1,0,-1.0,-1.0,1,0,1,0,0.00012640130812300882,-0.0089648034345372
486,stimulus,47,6,5,1,1,1.0,1.0,0,nan,nan,nan,2.8854672963466716e-06,-0.008961917967240853
487,stimulus,47,1,4,0,0,-1.0,-1.0,1,1,0,0,0.0,-0.008961917967240853
488,stimulus,47,0,5,1,0,-1.0,-1.0,1,0,1,0,0.0,-0.008961917967240853
489,stimulus,47,2,3,0,1,1.0,1.0,0,nan,nan,nan,2.8854672963466716e-06,-0.008959032499944508
490,stimulus,47,8,4,1,0,-1.0,-1.0,1,1,0,0,0.00013460757081971842,-0.008824424929124785
491,stimulus,47,3,3,0,1,1.0,1.0,0,nan,nan,nan,1.0869708077459737e-05,-0.008835294637202246
492,stimulus,47,1,2,0,1,1.0,1.0,0,nan,nan,nan,2.8854672963466716e-06,-0.008832409169905898
493,stimulus,47,8,1,0,0,-1.0,-1.0,1,2,0,0,0.0,-0.008832409169905898
494,stimulus,47,6,5,1,1,1.0,1.0,0,nan,nan,nan,1.0869708077459737e-05,-0.008843278877983357
495,stimulus,47,4,4,0,1,1.0,1.0,0,nan,nan,nan,2.8854672963466716e-06,-0.00884039341068701
496,stimulus,47,1,5,1,0,-1.0,-1.0,1,2,0,0,0.00012640130812300882,-0.008713992102564003
497,stimulus,47,1,5,1,0,-1.0,-1.0,1,0,1,0,0.00013254880891139673,-0.00858144329365261
498,stimulus,47,3,3,0,1,1.0,1.0,0,nan,nan,nan,2.8854672963466716e-06,-0.008578557826356265
499,stimulus,47,5,4,1,1,1.0,1.0,0,nan,nan,nan,2.8854672963466716e-06,-0.008575672359059918
500,stimulus,47,0,3,0,0,-1.0,-1.0,1,2,0,0,0.0,-0.008575672359059918
501,stimulus,47,3,3,0,1,1.0,1.0,0,nan,nan,nan,2.8854672963466716e-06,-0.00857278689176357
502,stimulus,47,8,2,0,0,-1.0,-1.0,1,1,0,0,0.00013460757081971842,-0.008438179320943848
503,stimulus,47,6,5,1,1,1.0,1.0,0,nan,nan,nan,2.8854672963466716e-06,-0.008435293853647502
504,stimulus,47,6,4,0,0,-1.0,-1.0,1,1,0,0,0.0002673723018894676,-0.008167921551758033
505,stimulus,47,7,5,1,0,-1.0,-1.0,1,0,1,0,0.0,-0.008167921551758033
506,stimulus,47,3,3,0,1,1.0,1.0,0,nan,nan,nan,2.8854672963466716e-06,-0.008165036084461688
507,stimulus,47,1,4,1,0,-1.0,-1.0,1,1,0,0,2.8854672963466716e-06,-0.008167921551758033
508,stimulus,47,0,3,0,0,-1.0,-1.0,1,0,1,0,0.0,-0.008167921551758033
509,stimulus,47,8,3,0,0,-1.0,-1.0,1,0,1,0,0.0,-0.008167921551758033
510,stimulus,47,0,5,1,0,-1.0,-1.0,1,0,1,0,0.0,-0.008167921551758033
511,stimulus,47,2,3,0,1,1.0,1.0,0,nan,nan,nan,2.8854672963466716e-06,-0.008165036084461688
512,stimulus,47,1,2,0,1,1.0,1.0,0,nan,nan,nan,2.8854672963466716e-06,-0.00816215061716534
513,stimulus,47,5,1,0,0,-1.0,-1.0,1,2,0,0,0.0,-0.00816215061716534
514,stimulus,47,7,5,1,0,-1.0,-1.0,1,0,1,0,0.0,-0.00816215061716534
515,stimulus,47,6,5,1,1,1.0,1.0,0,nan,nan,nan,2.8854672963466716e-06,-0.008159265149868995
516,stimulus,47,1,4,0,0,-1.0,-1.0,1,1,0,0,0.0,-0.008159265149868995
517,stimulus,47,2,3,0,1,1.0,1.0,0,nan,nan,nan,1.0869708077459737e-05,-0.00817013485794645
518,stimulus,47,3,4,1,1,1.0,1.0,0,nan,nan,nan,2.8854672963466716e-06,-0.008167249390650106
519,stimulus,47,8,3,0,0,-1.0,-1.0,1,2,0,0,0.0,-0.008167249390650106
520,stimulus,47,3,3,0,1,1.0,1.0,0,nan,nan,nan,1.0869708077459737e-05,-0.008178119098727565
521,stimulus,47,2,2,0,1,1.0,1.0,0,nan,nan,nan,2.8854672963466716e-06,-0.008175233631431217
522,stimulus,47,2,3,1,1,1.0,1.0,0,nan,nan,nan,2.8854672963466716e-06,-0.008172348164134868
523,stimulus,47,0,4,1,0,-1.0,-1.0,1,3,0,1,0.00013254880891139673,-0.008039799355223476
524,stimulus,47,0,3,0,0,-1.0,-1.0,1,0,1,0,0.0,-0.008039799355223476
525,stimulus,47,5,3,0,0,-1.0,-1.0,1,0,1,0,0.0002673723018894676,-0.0077724270533340075
526,stimulus,47,3,3,0,1,1.0,1.0,0,nan,nan,nan,2.8854672963466716e-06,-0.0077695415860376624
527,stimulus,47,8,4,1,0,-1.0,-1.0,1,1,0,0,0.00012640130812300882,-0.007643140277914654
528,stimulus,47,0,3,0,0,-1.0,-1.0,1,0,1,0,0.0,-0.007643140277914654
529,stimulus,47,4,5,1,1,1.0,1.0,0,nan,nan,nan,2.8854672963466716e-06,-0.007640254810618305
530,stimulus,47,3,4,0,1,1.0,1.0,0,nan,nan,nan,2.8854672963466716e-06,-0.007637369343321959
531,stimulus,47,7,5,1,0,-1.0,-1.0,1,2,0,0,0.0,-0.007637369343321959
532,stimulus,47,0,3,0,0,-1.0,-1.0,1,0,1,0,0.0,-0.007637369343321959
533,stimulus,47,1,5,1,0,-1.0,-1.0,1,0,1,0,0.00013254880891139673,-0.0075048205344105615
534,stimulus,47,2,3,0,1,1.0,1.0,0,nan,nan,nan,2.8854672963466716e-06,-0.007501935067114216
535,stimulus,47,1,2,0,1,1.0,1.0,0,nan,nan,nan,2.8854672963466716e-06,-0.007499049599817867
536,stimulus,47,4,3,1,1,1.0,1.0,0,nan,nan,nan,2.8854672963466716e-06,-0.007496164132521521
537,stimulus,47,4,2,0,0,-1.0,-1.0,1,3,0,1,0.0002673723018894676,-0.007228791830632053
538,stimulus,47,6,5,1,1,1.0,1.0,0,nan,nan,nan,1.0869708077459737e-05,-0.007239661538709513
539,stimulus,47,4,4,0,1,1.0,1.0,0,nan,nan,nan,2.8854672963466716e-06,-0.007236776071413167
540,stimulus,47,4,5,1,1,1.0,1.0,0,nan,nan,nan,1.0869708077459737e-05,-0.007247645779490627
541,stimulus,47,4,4,0,1,1.0,1.0,0,nan,nan,nan,2.8854672963466716e-06,-0.0072447603121942785
542,stimulus,47,1,5,1,0,-1.0,-1.0,1,4,0,1,0.00013254880891139673,-0.007112211503282881
543,stimulus,47,6,5,1,1,1.0,1.0,0,nan,nan,nan,2.8854672963466716e-06,-0.007109326035986535
544,stimulus,47,5,6,1,1,1.0,1.0,0,nan,nan,nan,2.8854672963466716e-06,-0.007106440568690189
545,stimulus,47,2,5,0,0,-1.0,-1.0,1,2,0,0,0.0,-0.007106440568690189
546,stimulus,47,2,3,0,1,1.0,1.0,0,nan,nan,nan,2.8854672963466716e-06,-0.0071035551013938405
547,stimulus,47,5,4,1,1,1.0,1.0,0,nan,nan,nan,2.8854672963466716e-06,-0.007100669634097495
548,stimulus,47,3,3,0,1,1.0,1.0,0,nan,nan,nan,1.0869708077459737e-05,-0.007111539342174955
549,stimulus,47,4,2,0,0,-1.0,-1.0,1,3,0,1,0.0002673723018894676,-0.006844167040285487
550,stimulus,47,5,3,0,0,-1.0,-1.0,1,0,1,0,0.0002673723018894676,-0.006576794738396019
551,stimulus,47,4,5,1,1,1.0,1.0,0,nan,nan,nan,2.8854672963466716e-06,-0.006573909271099673
552,stimulus,47,0,6,1,0,-1.0,-1.0,1,1,0,0,0.0,-0.006573909271099673
553,stimulus,47,3,3,0,1,1.0,1.0,0,nan,nan,nan,2.8854672963466716e-06,-0.006571023803803327
554,stimulus,47,2,4,1,0,-1.0,-1.0,1,1,0,0,2.8854672963466716e-06,-0.006573909271099673
555,stimulus,47,0,5,1,0,-1.0,-1.0,1,0,1,0,0.0,-0.006573909271099673
556,stimulus,47,3,3,0,1,1.0,1.0,0,nan,nan,nan,2.8854672963466716e-06,-0.006571023803803327
557,stimulus,47,8,4,1,0,-1.0,-1.0,1,1,0,0,0.00012640130812300882,-0.0064446224956803185
558,stimulus,47,5,3,0,0,-1.0,-1.0,1,0,1,0,0.0002673723018894676,-0.006177250193790851
559,stimulus,47,3,3,0,1,1.0,1.0,0,nan,nan,nan,2.8854672963466716e-06,-0.006174364726494505
560,stimulus,47,6,2,0,0,-1.0,-1.0,1,1,0,0,0.0,-0.006174364726494505
561,stimulus,47,5,3,0,0,-1.0,-1.0,1,0,1,0,0.0003106794906800987,-0.005863685235814406
562,stimulus,47,3,3,0,1,1.0,1.0,0,nan,nan,nan,2.8854672963466716e-06,-0.005860799768518057
563,stimulus,47,5,4,1,1,1.0,1.0,0,nan,nan,nan,2.8854672963466716e-06,-0.005857914301221711
564,stimulus,47,7,3,0,0,-1.0,-1.0,1,2,0,0,0.0,-0.005857914301221711
565,stimulus,47,3,3,0,1,1.0,1.0,0,nan,nan,nan,1.0869708077459737e-05,-0.005868784009299172
566,stimulus,47,8,2,0,0,-1.0,-1.0,1,1,0,0,0.00012640130812300882,-0.005742382701176163
567,stimulus,47,4,5,1,1,1.0,1.0,0,nan,nan,nan,2.8854672963466716e-06,-0.0057394972338798145
568,stimulus,47,4,4,0,1,1.0,1.0,0,nan,nan,nan,2.8854672963466716e-06,-0.005736611766583466
569,stimulus,47,6,5,1,1,1.0,1.0,0,nan,nan,nan,1.0869708077459737e-05,-0.005747481474660923
570,stimulus,47,7,6,1,1,1.0,1.0,0,nan,nan,nan,2.8854672963466716e-06,-0.005744596007364577
571,stimulus,47,5,5,0,1,1.0,1.0,0,nan,nan,nan,2.8854672963466716e-06,-0.005741710540068232
572,stimulus,47,8,4,0,0,-1.0,-1.0,1,5,0,1,0.0,-0.005741710540068232
573,stimulus,47,8,3,0,0,-1.0,-1.0,1,0,1,0,0.0,-0.005741710540068232
574,stimulus,47,8,3,0,0,-1.0,-1.0,1,0,1,0,0.0,-0.005741710540068232
575,stimulus,47,4,3,0,1,1.0,1.0,0,nan,nan,nan,2.8854672963466716e-06,-0.005738825072771886
576,stimulus,47,7,2,0,0,-1.0,-1.0,1,1,0,0,0.0,-0.005738825072771886
577,stimulus,47,4,5,1,1,1.0,1.0,0,nan,nan,nan,1.0869708077459737e-05,-0.005749694780849346
578,stimulus,47,7,6,1,1,1.0,1.0,0,nan,nan,nan,2.8854672963466716e-06,-0.005746809313552997
579,stimulus,47,4,5,0,1,1.0,1.0,0,nan,nan,nan,1.0869708077459737e-05,-0.005757679021630458
580,stimulus,47,8,6,1,0,-1.0,-1.0,1,3,0,1,0.0,-0.005757679021630458
581,stimulus,47,7,3,0,0,-1.0,-1.0,1,0,1,0,0.0,-0.005757679021630458
582,stimulus,47,3,3,0,1,1.0,1.0,0,nan,nan,nan,2.8854672963466716e-06,-0.005754793554334112
583,stimulus,47,4,2,0,0,-1.0,-1.0,1,1,0,0,0.0003106794906800987,-0.0054441140636540125
584,stimulus,47,4,5,1,1,1.0,1.0,0,nan,nan,nan,2.8854672963466716e-06,-0.005441228596357667
585,stimulus,47,7,6,1,1,1.0,1.0,0,nan,nan,nan,2.8854672963466716e-06,-0.005438343129061321
586,stimulus,47,2,5,0,0,-1.0,-1.0,1,2,0,0,0.0,-0.005438343129061321
587,stimulus,47,5,3,0,0,-1.0,-1.0,1,0,1,0,0.0003106794906800987,-0.005127663638381222
588,stimulus,47,7,3,0,0,-1.0,-1.0,1,0,1,0,0.0,-0.005127663638381222
589,stimulus,47,8,3,0,0,-1.0,-1.0,1,0,1,0,0.0,-0.005127663638381222
590,stimulus,47,3,3,0,1,1.0,1.0,0,nan,nan,nan,2.8854672963466716e-06,-0.005124778171084874
591,stimulus,47,5,4,1,1,1.0,1.0,0,nan,nan,nan,2.8854672963466716e-06,-0.005121892703788528
592,stimulus,47,0,3,0,0,-1.0,-1.0,1,2,0,0,0.0,-0.005121892703788528
593,stimulus,47,2,3,0,1,1.0,1.0,0,nan,nan,nan,2.8854672963466716e-06,-0.005119007236492179
594,stimulus,47,7,4,1,0,-1.0,-1.0,1,1,0,0,0.0,-0.005119007236492179
595,stimulus,47,2,3,0,1,1.0,1.0,0,nan,nan,nan,2.8854672963466716e-06,-0.005116121769195833
596,stimulus,47,6,4,1,0,-1.0,-1.0,1,1,0,0,0.0,-0.005116121769195833
597,stimulus,47,8,3,0,0,-1.0,-1.0,1,0,1,0,0.0,-0.005116121769195833
598,stimulus,47,6,5,1,1,1.0,1.0,0,nan,nan,nan,1.0869708077459737e-05,-0.005126991477273293
599,stimulus,47,1,4,0,0,-1.0,-1.0,1,1,0,0,0.0,-0.005126991477273293
600,stimulus,47,7,3,0,0,-1.0,-1.0,1,0,1,0,0.0,-0.005126991477273293
601,stimulus,47,8,5,1,0,-1.0,-1.0,1,0,1,0,0.0,-0.005126991477273293
602,stimulus,47,4,5,1,1,1.0,1.0,0,nan,nan,nan,2.8854672963466716e-06,-0.005124106009976944
603,stimulus,47,2,6,1,0,-1.0,-1.0,1,1,0,0,0.00013254880891139673,-0.004991557201065547
604,stimulus,47,4,5,1,1,1.0,1.0,0,nan,nan,nan,2.8854672963466716e-06,-0.0049886717337692035
605,stimulus,47,7,6,1,1,1.0,1.0,0,nan,nan,nan,2.8854672963466716e-06,-0.004985786266472858
606,stimulus,47,6,7,1,1,1.0,1.0,0,nan,nan,nan,2.8854672963466716e-06,-0.00498290079917651
607,stimulus,47,1,6,0,0,-1.0,-1.0,1,3,0,1,0.0,-0.00498290079917651
608,stimulus,47,3,3,0,1,1.0,1.0,0,nan,nan,nan,1.0869708077459737e-05,-0.0049937705072539695
609,stimulus,47,3,4,1,1,1.0,1.0,0,nan,nan,nan,1.0869708077459737e-05,-0.005004640215331427
610,stimulus,47,4,5,1,1,1.0,1.0,0,nan,nan,nan,2.8854672963466716e-06,-0.005001754748035081
611,stimulus,47,5,6,1,1,1.0,1.0,0,nan,nan,nan,2.8854672963466716e-06,-0.004998869280738732
612,stimulus,47,1,5,0,0,-1.0,-1.0,1,4,0,1,0.0,-0.004998869280738732
613,stimulus,47,3,3,0,1,1.0,1.0,0,nan,nan,nan,2.8854672963466716e-06,-0.004995983813442387
614,stimulus,47,2,4,1,0,-1.0,-1.0,1,1,0,0,2.8854672963466716e-06,-0.004998869280738732
615,stimulus,47,8,5,1,0,-1.0,-1.0,1,0,1,0,0.0,-0.004998869280738732
616,stimulus,47,3,3,0,1,1.0,1.0,0,nan,nan,nan,2.8854672963466716e-06,-0.004995983813442387
617,stimulus,47,5,4,1,1,1.0,1.0,0,nan,nan,nan,2.8854672963466716e-06,-0.0049930983461460385
618,stimulus,47,2,3,0,1,1.0,1.0,0,nan,nan,nan,2.8854672963466716e-06,-0.004990212878849693
619,stimulus,47,5,4,1,1,1.0,1.0,0,nan,nan,nan,2.8854672963466716e-06,-0.004987327411553347
620,stimulus,47,3,3,0,1,1.0,1.0,0,nan,nan,nan,2.8854672963466716e-06,-0.004984441944257001
621,stimulus,47,3,4,1,1,1.0,1.0,0,nan,nan,nan,2.8854672963466716e-06,-0.004981556476960652
622,stimulus,47,3,3,0,1,1.0,1.0,0,nan,nan,nan,2.8854672963466716e-06,-0.004978671009664306
623,stimulus,47,4,2,0,0,-1.0,-1.0,1,7,0,1,0.0003106794906800987,-0.004667991518984208
624,stimulus,47,8,3,0,0,-1.0,-1.0,1,0,1,0,0.0,-0.004667991518984208
625,stimulus,47,6,3,0,0,-1.0,-1.0,1,0,1,0,2.8854672963466716e-06,-0.004670876986280556
626,stimulus,47,1,5,1,0,-1.0,-1.0,1,0,1,0,0.00016403014906133027,-0.004506846837219228
627,stimulus,47,6,5,1,1,1.0,1.0,0,nan,nan,nan,2.8854672963466716e-06,-0.0045039613699228796
628,stimulus,47,2,6,1,0,-1.0,-1.0,1,1,0,0,0.00016403014906133027,-0.004339931220861551
629,stimulus,47,6,5,1,1,1.0,1.0,0,nan,nan,nan,2.8854672963466716e-06,-0.004337045753565205
630,stimulus,47,8,6,1,0,-1.0,-1.0,1,1,0,0,0.0,-0.004337045753565205
631,stimulus,47,7,5,1,0,-1.0,-1.0,1,0,1,0,0.0,-0.004337045753565205
632,stimulus,47,3,3,0,1,1.0,1.0,0,nan,nan,nan,2.8854672963466716e-06,-0.004334160286268859
633,stimulus,47,1,2,0,1,1.0,1.0,0,nan,nan,nan,1.0869708077459737e-05,-0.004345029994346319
634,stimulus,47,8,1,0,0,-1.0,-1.0,1,2,0,0,0.0,-0.004345029994346319
635,stimulus,47,0,3,0,0,-1.0,-1.0,1,0,1,0,0.0,-0.004345029994346319
636,stimulus,47,7,5,1,0,-1.0,-1.0,1,0,1,0,0.0,-0.004345029994346319
637,stimulus,47,7,3,0,0,-1.0,-1.0,1,0,1,0,0.0,-0.004345029994346319
638,stimulus,47,4,5,1,1,1.0,1.0,0,nan,nan,nan,2.8854672963466716e-06,-0.004342144527049974
639,stimulus,47,3,6,1,0,-1.0,-1.0,1,1,0,0,2.8854672963466716e-06,-0.004345029994346319
640,stimulus,47,7,3,0,0,-1.0,-1.0,1,0,1,0,0.0,-0.004345029994346319
641,stimulus,47,0,5,1,0,-1.0,-1.0,1,0,1,0,0.0,-0.004345029994346319
642,stimulus,47,6,5,1,1,1.0,1.0,0,nan,nan,nan,1.0869708077459737e-05,-0.00435589970242378
643,stimulus,47,3,4,0,1,1.0,1.0,0,nan,nan,nan,2.8854672963466716e-06,-0.004353014235127434
644,stimulus,47,5,3,0,0,-1.0,-1.0,1,2,0,0,0.0003106794906800987,-0.004042334744447334
645,stimulus,47,7,3,0,0,-1.0,-1.0,1,0,1,0,0.0,-0.004042334744447334
646,stimulus,47,3,3,0,1,1.0,1.0,0,nan,nan,nan,1.0869708077459737e-05,-0.004053204452524795
647,stimulus,47,8,4,1,0,-1.0,-1.0,1,1,0,0,0.00012640130812300882,-0.003926803144401786
648,stimulus,47,8,5,1,0,-1.0,-1.0,1,0,1,0,0.0,-0.003926803144401786
649,stimulus,47,2,3,0,1,1.0,1.0,0,nan,nan,nan,2.8854672963466716e-06,-0.00392391767710544
650,stimulus,47,8,4,1,0,-1.0,-1.0,1,1,0,0,0.00013254880891139673,-0.003791368868194042
651,stimulus,47,2,3,0,1,1.0,1.0,0,nan,nan,nan,2.8854672963466716e-06,-0.0037884834008976936
652,stimulus,47,4,2,0,0,-1.0,-1.0,1,1,0,0,0.0003106794906800987,-0.0034778039102175947
653,stimulus,47,8,5,1,0,-1.0,-1.0,1,0,1,0,0.0,-0.0034778039102175947
654,stimulus,47,6,5,1,1,1.0,1.0,0,nan,nan,nan,2.8854672963466716e-06,-0.003474918442921246
655,stimulus,47,3,4,0,1,1.0,1.0,0,nan,nan,nan,2.8854672963466716e-06,-0.0034720329756249
656,stimulus,47,7,3,0,0,-1.0,-1.0,1,2,0,0,0.0,-0.0034720329756249
657,stimulus,47,7,3,0,0,-1.0,-1.0,1,0,1,0,0.0,-0.0034720329756249
658,stimulus,47,3,3,0,1,1.0,1.0,0,nan,nan,nan,2.8854672963466716e-06,-0.0034691475083285517
659,stimulus,47,2,2,0,1,1.0,1.0,0,nan,nan,nan,2.8854672963466716e-06,-0.0034662620410322057
660,stimulus,47,6,3,1,0,-1.0,-1.0,1,2,0,0,0.0,-0.0034662620410322057
661,stimulus,47,0,5,1,0,-1.0,-1.0,1,0,1,0,0.0,-0.0034662620410322057
662,stimulus,47,0,3,0,0,-1.0,-1.0,1,0,1,0,0.0,-0.0034662620410322057
663,stimulus,47,7,3,0,0,-1.0,-1.0,1,0,1,0,0.0,-0.0034662620410322057
664,stimulus,47,3,3,0,1,1.0,1.0,0,nan,nan,nan,2.8854672963466716e-06,-0.003463376573735857
665,stimulus,47,6,4,1,0,-1.0,-1.0,1,1,0,0,0.0,-0.003463376573735857
666,stimulus,47,0,3,0,0,-1.0,-1.0,1,0,1,0,0.0,-0.003463376573735857
667,stimulus,47,1,5,1,0,-1.0,-1.0,1,0,1,0,0.00016403014906133027,-0.003299346424674529
668,stimulus,47,0,5,1,0,-1.0,-1.0,1,0,1,0,0.0,-0.003299346424674529
669,stimulus,47,7,3,0,0,-1.0,-1.0,1,0,1,0,0.0,-0.003299346424674529
670,stimulus,47,8,5,1,0,-1.0,-1.0,1,0,1,0,0.0,-0.003299346424674529
671,stimulus,47,4,5,1,1,1.0,1.0,0,nan,nan,nan,1.0869708077459737e-05,-0.003310216132751989
672,stimulus,47,5,4,0,1,1.0,1.0,0,nan,nan,nan,2.8854672963466716e-06,-0.0033073306654556405
673,stimulus,47,4,5,1,1,1.0,1.0,0,nan,nan,nan,2.8854672963466716e-06,-0.0033044451981592976
674,stimulus,47,8,4,0,0,-1.0,-1.0,1,3,0,1,0.0,-0.0033044451981592976
675,stimulus,47,4,3,0,1,1.0,1.0,0,nan,nan,nan,2.8854672963466716e-06,-0.003301559730862949
676,stimulus,47,8,4,1,0,-1.0,-1.0,1,1,0,0,0.00013254880891139673,-0.003169010921951551
677,stimulus,47,6,5,1,1,1.0,1.0,0,nan,nan,nan,2.8854672963466716e-06,-0.0031661254546552055
678,stimulus,47,2,6,1,0,-1.0,-1.0,1,1,0,0,0.00016403014906133027,-0.0030020953055938772
679,stimulus,47,5,3,0,0,-1.0,-1.0,1,0,1,0,0.0003106794906800987,-0.002691415814913778
680,stimulus,47,6,5,1,1,1.0,1.0,0,nan,nan,nan,2.8854672963466716e-06,-0.0026885303476174294
681,stimulus,47,4,4,0,1,1.0,1.0,0,nan,nan,nan,2.8854672963466716e-06,-0.0026856448803210834
682,stimulus,47,6,5,1,1,1.0,1.0,0,nan,nan,nan,2.8854672963466716e-06,-0.002682759413024738
683,stimulus,47,2,6,1,0,-1.0,-1.0,1,3,0,1,0.00016403014906133027,-0.0025187292639634097
684,stimulus,47,6,5,1,1,1.0,1.0,0,nan,nan,nan,1.0869708077459737e-05,-0.0025295989720408698
685,stimulus,47,7,6,1,1,1.0,1.0,0,nan,nan,nan,2.8854672963466716e-06,-0.002526713504744524
686,stimulus,47,2,7,1,0,-1.0,-1.0,1,2,0,0,0.0,-0.002526713504744524
687,stimulus,47,1,3,0,0,-1.0,-1.0,1,0,1,0,0.00017713899962048241,-0.0023495745051240386
688,stimulus,47,8,5,1,0,-1.0,-1.0,1,0,1,0,0.0,-0.0023495745051240386
689,stimulus,47,7,5,1,0,-1.0,-1.0,1,0,1,0,0.0,-0.0023495745051240386
690,stimulus,47,6,5,1,1,1.0,1.0,0,nan,nan,nan,2.8854672963466716e-06,-0.00234668903782769
691,stimulus,47,1,4,0,0,-1.0,-1.0,1,1,0,0,0.0,-0.00234668903782769
692,stimulus,47,3,3,0,1,1.0,1.0,0,nan,nan,nan,1.0869708077459737e-05,-0.00235755874590515
693,stimulus,47,6,2,0,0,-1.0,-1.0,1,1,0,0,0.0,-0.00235755874590515
694,stimulus,47,8,3,0,0,-1.0,-1.0,1,0,1,0,0.0,-0.00235755874590515
695,stimulus,47,1,5,1,0,-1.0,-1.0,1,0,1,0,0.00017713899962048241,-0.00218041974628467
696,stimulus,47,2,3,0,1,1.0,1.0,0,nan,nan,nan,2.8854672963466716e-06,-0.0021775342789883247
697,stimulus,47,3,4,1,1,1.0,1.0,0,nan,nan,nan,1.0869708077459737e-05,-0.0021884039870657844
698,stimulus,47,4,5,1,1,1.0,1.0,0,nan,nan,nan,2.8854672963466716e-06,-0.002185518519769436
699,stimulus,47,3,4,0,1,1.0,1.0,0,nan,nan,nan,1.0869708077459737e-05,-0.0021963882278468933
700,stimulus,47,4,5,1,1,1.0,1.0,0,nan,nan,nan,2.8854672963466716e-06,-0.002193502760550545
701,stimulus,47,7,6,1,1,1.0,1.0,0,nan,nan,nan,2.8854672963466716e-06,-0.002190617293254199
702,stimulus,47,4,5,0,1,1.0,1.0,0,nan,nan,nan,2.8854672963466716e-06,-0.0021877318259578534
703,stimulus,47,3,4,0,1,1.0,1.0,0,nan,nan,nan,2.8854672963466716e-06,-0.0021848463586615074
704,stimulus,47,8,5,1,0,-1.0,-1.0,1,8,0,1,0.0,-0.0021848463586615074
705,stimulus,47,0,5,1,0,-1.0,-1.0,1,0,1,0,0.0,-0.0021848463586615074
706,stimulus,47,4,5,1,1,1.0,1.0,0,nan,nan,nan,2.8854672963466716e-06,-0.0021819608913651615
707,stimulus,47,4,4,0,1,1.0,1.0,0,nan,nan,nan,2.8854672963466716e-06,-0.002179075424068816
708,stimulus,47,0,3,0,0,-1.0,-1.0,1,2,0,0,0.0,-0.002179075424068816
709,stimulus,47,6,5,1,1,1.0,1.0,0,nan,nan,nan,1.0869708077459737e-05,-0.002189945132146273
710,stimulus,47,3,4,0,1,1.0,1.0,0,nan,nan,nan,2.8854672963466716e-06,-0.0021870596648499276
711,stimulus,47,0,5,1,0,-1.0,-1.0,1,2,0,0,0.0,-0.0021870596648499276
712,stimulus,47,4,5,1,1,1.0,1.0,0,nan,nan,nan,2.8854672963466716e-06,-0.0021841741975535817
713,stimulus,47,3,4,0,1,1.0,1.0,0,nan,nan,nan,2.8854672963466716e-06,-0.0021812887302572357
714,stimulus,47,1,5,1,0,-1.0,-1.0,1,2,0,0,0.00017713899962048241,-0.0020041497306367505
715,stimulus,47,1,5,1,0,-1.0,-1.0,1,0,1,0,0.00017713899962048241,-0.001827010731016271
716,stimulus,47,2,3,0,1,1.0,1.0,0,nan,nan,nan,1.0869708077459737e-05,-0.0018378804390937308
717,stimulus,47,2,2,0,1,1.0,1.0,0,nan,nan,nan,2.8854672963466716e-06,-0.0018349949717973823
718,stimulus,47,5,3,1,0,-1.0,-1.0,1,2,0,0,0.0,-0.0018349949717973823
719,stimulus,47,0,5,1,0,-1.0,-1.0,1,0,1,0,0.0,-0.0018349949717973823
720,stimulus,47,4,5,1,1,1.0,1.0,0,nan,nan,nan,1.0869708077459737e-05,-0.0018458646798748424
721,stimulus,47,5,6,1,1,1.0,1.0,0,nan,nan,nan,2.8854672963466716e-06,-0.0018429792125784939
722,stimulus,47,5,5,0,1,1.0,1.0,0,nan,nan,nan,2.8854672963466716e-06,-0.0018400937452821482
723,stimulus,47,2,6,1,0,-1.0,-1.0,1,3,0,1,0.00017713899962048241,-0.0016629547456616627
724,stimulus,47,6,5,1,1,1.0,1.0,0,nan,nan,nan,2.8854672963466716e-06,-0.0016600692783653142
725,stimulus,47,7,6,1,1,1.0,1.0,0,nan,nan,nan,2.8854672963466716e-06,-0.0016571838110689685
726,stimulus,47,4,5,0,1,1.0,1.0,0,nan,nan,nan,2.8854672963466716e-06,-0.0016542983437726228
727,stimulus,47,8,4,0,0,-1.0,-1.0,1,3,0,1,0.0,-0.0016542983437726228
728,stimulus,47,3,3,0,1,1.0,1.0,0,nan,nan,nan,1.0869708077459737e-05,-0.0016651680518500827
729,stimulus,47,4,2,0,0,-1.0,-1.0,1,1,0,0,0.0003106794906800987,-0.0013544885611699782
730,stimulus,47,3,3,0,1,1.0,1.0,0,nan,nan,nan,2.8854672963466716e-06,-0.0013516030938736322
731,stimulus,47,8,4,1,0,-1.0,-1.0,1,1,0,0,0.00013254880891139673,-0.0012190542849622344
732,stimulus,47,2,3,0,1,1.0,1.0,0,nan,nan,nan,2.8854672963466716e-06,-0.0012161688176658887
733,stimulus,47,0,4,1,0,-1.0,-1.0,1,1,0,0,0.00017713899962048241,-0.0010390298180454089
734,stimulus,47,2,3,0,1,1.0,1.0,0,nan,nan,nan,2.8854672963466716e-06,-0.0010361443507490632
735,stimulus,47,2,2,0,1,1.0,1.0,0,nan,nan,nan,2.8854672963466716e-06,-0.0010332588834527146
736,stimulus,47,2,3,1,1,1.0,1.0,0,nan,nan,nan,2.8854672963466716e-06,-0.0010303734161563687
737,stimulus,47,3,4,1,1,1.0,1.0,0,nan,nan,nan,2.8854672963466716e-06,-0.001027487948860023
738,stimulus,47,3,3,0,1,1.0,1.0,0,nan,nan,nan,2.8854672963466716e-06,-0.0010246024815636773
739,stimulus,47,4,2,0,0,-1.0,-1.0,1,5,0,1,0.0003106794906800987,-0.0007139229908835782
740,stimulus,47,0,5,1,0,-1.0,-1.0,1,0,1,0,0.0,-0.0007139229908835782
741,stimulus,47,3,3,0,1,1.0,1.0,0,nan,nan,nan,2.8854672963466716e-06,-0.0007110375235872296
742,stimulus,47,5,4,1,1,1.0,1.0,0,nan,nan,nan,2.8854672963466716e-06,-0.0007081520562908811
743,stimulus,47,8,5,1,0,-1.0,-1.0,1,2,0,0,0.0,-0.0007081520562908811
744,stimulus,47,6,3,0,0,-1.0,-1.0,1,0,1,0,2.8854672963466716e-06,-0.0007110375235872296
745,stimulus,47,8,5,1,0,-1.0,-1.0,1,0,1,0,0.0,-0.0007110375235872296
746,stimulus,47,4,5,1,1,1.0,1.0,0,nan,nan,nan,2.8854672963466716e-06,-0.0007081520562908811
747,stimulus,47,1,4,0,0,-1.0,-1.0,1,1,0,0,0.0,-0.0007081520562908811
748,stimulus,47,8,3,0,0,-1.0,-1.0,1,0,1,0,0.0,-0.0007081520562908811
749,stimulus,47,3,3,0,1,1.0,1.0,0,nan,nan,nan,1.0869708077459737e-05,-0.0007190217643683411
750,stimulus,47,0,4,1,0,-1.0,-1.0,1,1,0,0,0.00017713899962048241,-0.0005418827647478558
751,stimulus,47,3,3,0,1,1.0,1.0,0,nan,nan,nan,2.8854672963466716e-06,-0.0005389972974515101
752,stimulus,47,1,2,0,1,1.0,1.0,0,nan,nan,nan,2.8854672963466716e-06,-0.0005361118301551615
753,stimulus,47,1,1,0,1,1.0,1.0,0,nan,nan,nan,2.8854672963466716e-06,-0.000533226362858813
754,stimulus,47,0,0,0,1,1.0,1.0,0,nan,nan,nan,2.8854672963466716e-06,-0.0005303408955624672
755,stimulus,47,4,1,1,0,-1.0,-1.0,1,4,0,1,0.0,-0.0005303408955624672
756,stimulus,47,6,5,1,1,1.0,1.0,0,nan,nan,nan,2.8854672963466716e-06,-0.0005274554282661215
757,stimulus,47,8,6,1,0,-1.0,-1.0,1,1,0,0,0.0,-0.0005274554282661215
758,stimulus,47,1,5,1,0,-1.0,-1.0,1,0,1,0,0.00023556238503779622,-0.0002918930432283251
759,stimulus,47,6,5,1,1,1.0,1.0,0,nan,nan,nan,2.8854672963466716e-06,-0.00028900757593197933
760,stimulus,47,1,4,0,0,-1.0,-1.0,1,1,0,0,0.0,-0.00028900757593197933
761,stimulus,47,6,5,1,1,1.0,1.0,0,nan,nan,nan,1.0869708077459737e-05,-0.0002998772840094394
762,stimulus,47,2,6,1,0,-1.0,-1.0,1,1,0,0,0.00023556238503779622,-6.4314898971643e-05
763,stimulus,47,2,3,0,1,1.0,1.0,0,nan,nan,nan,1.0869708077459737e-05,-7.518460704910302e-05
764,stimulus,47,3,4,1,1,1.0,1.0,0,nan,nan,nan,1.0869708077459737e-05,-8.605431512656303e-05
765,stimulus,47,4,5,1,1,1.0,1.0,0,nan,nan,nan,2.8854672963466716e-06,-8.316884783021727e-05
766,stimulus,47,0,4,0,0,-1.0,-1.0,1,3,0,1,0.0,-8.316884783021727e-05
767,stimulus,47,5,5,1,1,1.0,1.0,0,nan,nan,nan,0.0003106794906800987,-0.00039384833851031643
768,stimulus,47,5,6,1,1,1.0,1.0,0,nan,nan,nan,2.8854672963466716e-06,-0.00039096287121397066
769,stimulus,47,5,5,0,1,1.0,1.0,0,nan,nan,nan,2.8854672963466716e-06,-0.0003880774039176249
770,stimulus,47,7,6,1,1,1.0,1.0,0,nan,nan,nan,2.8854672963466716e-06,-0.00038519193662127637
771,stimulus,47,3,7,1,0,-1.0,-1.0,1,4,0,1,0.00023556238503779622,-0.00014962955158348
772,stimulus,47,6,5,1,1,1.0,1.0,0,nan,nan,nan,2.8854672963466716e-06,-0.00014674408428713427
773,stimulus,47,7,6,1,1,1.0,1.0,0,nan,nan,nan,2.8854672963466716e-06,-0.0001438586169907885
774,stimulus,47,0,7,1,0,-1.0,-1.0,1,2,0,0,0.0,-0.0001438586169907885
775,stimulus,47,1,5,1,0,-1.0,-1.0,1,0,1,0,0.00023556238503779622,9.170376804700786e-05
776,stimulus,47,4,5,1,1,1.0,1.0,0,nan,nan,nan,2.8854672963466716e-06,9.458923534335639e-05
777,stimulus,47,4,4,0,1,1.0,1.0,0,nan,nan,nan,1.0869708077459737e-05,8.371952726589638e-05
778,stimulus,47,6,5,1,1,1.0,1.0,0,nan,nan,nan,2.8854672963466716e-06,8.660499456224491e-05
779,stimulus,47,3,4,0,1,1.0,1.0,0,nan,nan,nan,2.8854672963466716e-06,8.949046185859344e-05
780,stimulus,47,3,3,0,1,1.0,1.0,0,nan,nan,nan,2.8854672963466716e-06,9.237592915494197e-05
781,stimulus,47,6,4,1,0,-1.0,-1.0,1,5,0,1,0.0,9.237592915494197e-05
782,stimulus,47,3,3,0,1,1.0,1.0,0,nan,nan,nan,2.8854672963466716e-06,9.526139645128773e-05
783,stimulus,47,3,2,0,1,1.0,1.0,0,nan,nan,nan,2.8854672963466716e-06,9.814686374763626e-05
784,stimulus,47,4,3,1,1,1.0,1.0,0,nan,nan,nan,1.0869708077459737e-05,8.727715567017624e-05
785,stimulus,47,1,2,0,1,1.0,1.0,0,nan,nan,nan,2.8854672963466716e-06,9.0162622966522e-05
786,stimulus,47,3,1,0,0,-1.0,-1.0,1,4,0,1,0.0003106794906800987,0.00040084211364662113
787,stimulus,47,2,3,0,1,1.0,1.0,0,nan,nan,nan,2.8854672963466716e-06,0.0004037275809429669
788,stimulus,47,5,4,1,1,1.0,1.0,0,nan,nan,nan,2.8854672963466716e-06,0.00040661304823931543
789,stimulus,47,5,3,0,0,-1.0,-1.0,1,2,0,0,0.0003106794906800987,0.0007172925389194145
790,stimulus,47,4,5,1,1,1.0,1.0,0,nan,nan,nan,1.0869708077459737e-05,0.0007064228308419545
791,stimulus,47,4,4,0,1,1.0,1.0,0,nan,nan,nan,2.8854672963466716e-06,0.0007093082981383004
792,stimulus,47,5,3,0,0,-1.0,-1.0,1,2,0,0,0.0003106794906800987,0.0010199877888183995
793,stimulus,47,8,3,0,0,-1.0,-1.0,1,0,1,0,0.0,0.0010199877888183995
794,stimulus,47,7,5,1,0,-1.0,-1.0,1,0,1,0,0.0,0.0010199877888183995
795,stimulus,47,6,5,1,1,1.0,1.0,0,nan,nan,nan,2.8854672963466716e-06,0.0010228732561147452
796,stimulus,47,7,6,1,1,1.0,1.0,0,nan,nan,nan,2.8854672963466716e-06,0.0010257587234110909
797,stimulus,47,8,7,1,1,1.0,1.0,0,nan,nan,nan,2.8854672963466716e-06,0.0010286441907074394
798,stimulus,47,3,8,1,0,-1.0,-1.0,1,3,0,1,0.0,0.0010286441907074394
799,stimulus,47,8,5,1,0,-1.0,-1.0,1,0,1,0,0.0,0.0010286441907074394
800,stimulus,47,7,5,1,0,-1.0,-1.0,1,0,1,0,0.0,0.0010286441907074394
801,stimulus,47,5,3,0,0,-1.0,-1.0,1,0,1,0,0.0003106794906800987,0.0013393236813875387
802,stimulus,47,3,3,0,1,1.0,1.0,0,nan,nan,nan,2.8854672963466716e-06,0.0013422091486838873
803,stimulus,47,2,2,0,1,1.0,1.0,0,nan,nan,nan,1.0869708077459737e-05,0.0013313394406064272
804,stimulus,47,8,3,1,0,-1.0,-1.0,1,2,0,0,0.0,0.0013313394406064272
805,stimulus,47,1,5,1,0,-1.0,-1.0,1,0,1,0,0.00023556238503779622,0.0015669018256442234
806,stimulus,47,2,3,0,1,1.0,1.0,0,nan,nan,nan,1.0869708077459737e-05,0.0015560321175667636
807,stimulus,47,4,2,0,0,-1.0,-1.0,1,1,0,0,0.0003106794906800987,0.0018667116082468627
808,stimulus,47,6,5,1,1,1.0,1.0,0,nan,nan,nan,1.0869708077459737e-05,0.0018558419001694026
809,stimulus,47,5,6,1,1,1.0,1.0,0,nan,nan,nan,2.8854672963466716e-06,0.0018587273674657485
810,stimulus,47,3,7,1,0,-1.0,-1.0,1,2,0,0,0.00023556238503779622,0.0020942897525035448
811,stimulus,47,1,5,1,0,-1.0,-1.0,1,0,1,0,0.00023556238503779622,0.002329852137541341
812,stimulus,47,2,3,0,1,1.0,1.0,0,nan,nan,nan,2.8854672963466716e-06,0.0023327376048376896
813,stimulus,47,5,4,1,1,1.0,1.0,0,nan,nan,nan,2.8854672963466716e-06,0.0023356230721340355
814,stimulus,47,1,3,0,0,-1.0,-1.0,1,2,0,0,0.00023556238503779622,0.002571185457171829
815,stimulus,47,2,3,0,1,1.0,1.0,0,nan,nan,nan,2.8854672963466716e-06,0.0025740709244681777
816,stimulus,47,4,2,0,0,-1.0,-1.0,1,1,0,0,0.0003106794906800987,0.0028847504151482766
817,stimulus,47,2,3,0,1,1.0,1.0,0,nan,nan,nan,2.8854672963466716e-06,0.002887635882444625
818,stimulus,47,6,4,1,0,-1.0,-1.0,1,1,0,0,0.0,0.002887635882444625
819,stimulus,47,0,3,0,0,-1.0,-1.0,1,0,1,0,0.0,0.002887635882444625
820,stimulus,47,2,3,0,1,1.0,1.0,0,nan,nan,nan,2.8854672963466716e-06,0.0028905213497409737
821,stimulus,47,7,2,0,0,-1.0,-1.0,1,1,0,0,0.0,0.0028905213497409737
822,stimulus,47,4,5,1,1,1.0,1.0,0,nan,nan,nan,2.8854672963466716e-06,0.0028934068170373196
823,stimulus,47,4,4,0,1,1.0,1.0,0,nan,nan,nan,2.8854672963466716e-06,0.002896292284333668
824,stimulus,47,0,5,1,0,-1.0,-1.0,1,2,0,0,0.0,0.002896292284333668
825,stimulus,47,4,5,1,1,1.0,1.0,0,nan,nan,nan,2.8854672963466716e-06,0.0028991777516300167
826,stimulus,47,2,6,1,0,-1.0,-1.0,1,1,0,0,0.0002673723018894676,0.0031665500535194846
827,stimulus,47,6,5,1,1,1.0,1.0,0,nan,nan,nan,2.8854672963466716e-06,0.0031694355208158275
828,stimulus,47,6,4,0,0,-1.0,-1.0,1,1,0,0,0.0003106794906800987,0.003480115011495927
829,stimulus,47,5,5,1,1,1.0,1.0,0,nan,nan,nan,0.0003106794906800987,0.0031694355208158275
830,stimulus,47,7,6,1,1,1.0,1.0,0,nan,nan,nan,2.8854672963466716e-06,0.003172320988112176
831,stimulus,47,2,5,0,0,-1.0,-1.0,1,2,0,0,0.0,0.003172320988112176
832,stimulus,47,1,5,1,0,-1.0,-1.0,1,0,1,0,0.0002673723018894676,0.003439693290001644
833,stimulus,47,1,5,1,0,-1.0,-1.0,1,0,1,0,0.0002673723018894676,0.0037070655918911124
834,stimulus,47,1,5,1,0,-1.0,-1.0,1,0,1,0,0.0002673723018894676,0.00397443789378058
835,stimulus,47,1,5,1,0,-1.0,-1.0,1,0,1,0,0.0002673723018894676,0.004241810195670048
836,stimulus,47,5,3,0,0,-1.0,-1.0,1,0,1,0,0.0003106794906800987,0.0045524896863501476
837,stimulus,47,7,5,1,0,-1.0,-1.0,1,0,1,0,0.0,0.0045524896863501476
838,stimulus,47,1,5,1,0,-1.0,-1.0,1,0,1,0,0.0002673723018894676,0.004819861988239615
839,stimulus,47,0,5,1,0,-1.0,-1.0,1,0,1,0,0.0,0.004819861988239615
840,stimulus,47,4,5,1,1,1.0,1.0,0,nan,nan,nan,2.8854672963466716e-06,0.004822747455535958
841,stimulus,47,2,6,1,0,-1.0,-1.0,1,1,0,0,0.0002673723018894676,0.005090119757425427
842,stimulus,47,8,3,0,0,-1.0,-1.0,1,0,1,0,0.0,0.005090119757425427
843,stimulus,47,1,3,0,0,-1.0,-1.0,1,0,1,0,0.0002673723018894676,0.005357492059314894
844,stimulus,47,0,3,0,0,-1.0,-1.0,1,0,1,0,0.0,0.005357492059314894
845,stimulus,47,1,5,1,0,-1.0,-1.0,1,0,1,0,0.0002673723018894676,0.005624864361204363
846,stimulus,47,5,3,0,0,-1.0,-1.0,1,0,1,0,0.0003106794906800987,0.005935543851884462
847,stimulus,47,5,3,0,0,-1.0,-1.0,1,0,1,0,0.0003106794906800987,0.0062462233425645605
848,stimulus,47,8,5,1,0,-1.0,-1.0,1,0,1,0,0.0,0.0062462233425645605
849,stimulus,47,3,3,0,1,1.0,1.0,0,nan,nan,nan,2.8854672963466716e-06,0.006249108809860909
850,stimulus,47,1,2,0,1,1.0,1.0,0,nan,nan,nan,1.0869708077459737e-05,0.006238239101783449
851,stimulus,47,6,3,1,0,-1.0,-1.0,1,2,0,0,0.0,0.006238239101783449
852,stimulus,47,8,3,0,0,-1.0,-1.0,1,0,1,0,0.0,0.006238239101783449
853,stimulus,47,0,3,0,0,-1.0,-1.0,1,0,1,0,0.0,0.006238239101783449
854,stimulus,47,3,3,0,1,1.0,1.0,0,nan,nan,nan,2.8854672963466716e-06,0.006241124569079795
855,stimulus,47,3,4,1,1,1.0,1.0,0,nan,nan,nan,1.0869708077459737e-05,0.006230254861002335
856,stimulus,47,2,3,0,1,1.0,1.0,0,nan,nan,nan,2.8854672963466716e-06,0.006233140328298683
857,stimulus,47,3,4,1,1,1.0,1.0,0,nan,nan,nan,2.8854672963466716e-06,0.006236025795595029
858,stimulus,47,4,3,0,1,1.0,1.0,0,nan,nan,nan,2.8854672963466716e-06,0.006238911262891378
859,stimulus,47,0,4,1,0,-1.0,-1.0,1,5,0,1,0.0002673723018894676,0.006506283564780846
860,stimulus,47,4,5,1,1,1.0,1.0,0,nan,nan,nan,2.8854672963466716e-06,0.006509169032077192
861,stimulus,47,3,4,0,1,1.0,1.0,0,nan,nan,nan,2.8854672963466716e-06,0.0065120544993735345
862,stimulus,47,4,5,1,1,1.0,1.0,0,nan,nan,nan,1.0869708077459737e-05,0.006501184791296077
863,stimulus,47,2,6,1,0,-1.0,-1.0,1,3,0,1,0.0002673723018894676,0.006768557093185546
864,stimulus,47,6,5,1,1,1.0,1.0,0,nan,nan,nan,1.0869708077459737e-05,0.006757687385108085
865,stimulus,47,3,4,0,1,1.0,1.0,0,nan,nan,nan,2.8854672963466716e-06,0.006760572852404434
866,stimulus,47,3,3,0,1,1.0,1.0,0,nan,nan,nan,1.0869708077459737e-05,0.006749703144326974
867,stimulus,47,2,2,0,1,1.0,1.0,0,nan,nan,nan,2.8854672963466716e-06,0.006752588611623323
868,stimulus,47,1,1,0,1,1.0,1.0,0,nan,nan,nan,2.8854672963466716e-06,0.006755474078919669
869,stimulus,47,2,0,0,0,-1.0,-1.0,1,5,0,1,0.0003106794906800987,0.007066153569599767
870,stimulus,47,0,3,0,0,-1.0,-1.0,1,0,1,0,0.0,0.007066153569599767
871,stimulus,47,4,5,1,1,1.0,1.0,0,nan,nan,nan,2.8854672963466716e-06,0.007069039036896113
872,stimulus,47,2,6,1,0,-1.0,-1.0,1,1,0,0,0.0003106794906800987,0.007379718527576212
873,stimulus,47,5,3,0,0,-1.0,-1.0,1,0,1,0,0.0003106794906800987,0.007690398018256312
874,stimulus,47,7,5,1,0,-1.0,-1.0,1,0,1,0,0.0,0.007690398018256312
875,stimulus,47,1,5,1,0,-1.0,-1.0,1,0,1,0,0.0003106794906800987,0.008001077508936411
876,stimulus,47,8,5,1,0,-1.0,-1.0,1,0,1,0,0.0,0.008001077508936411
877,stimulus,47,4,5,1,1,1.0,1.0,0,nan,nan,nan,2.8854672963466716e-06,0.008003962976232756
878,stimulus,47,0,6,1,0,-1.0,-1.0,1,1,0,0,0.0,0.008003962976232756
879,stimulus,47,5,3,0,0,-1.0,-1.0,1,0,1,0,0.0003106794906800987,0.008314642466912856
880,stimulus,47,5,3,0,0,-1.0,-1.0,1,0,1,0,0.0003996291894282235,0.00871427165634108
881,stimulus,47,5,3,0,0,-1.0,-1.0,1,0,1,0,0.0003996291894282235,0.009113900845769305
882,stimulus,47,7,5,1,0,-1.0,-1.0,1,0,1,0,0.0,0.009113900845769305
883,stimulus,47,4,5,1,1,1.0,1.0,0,nan,nan,nan,2.8854672963466716e-06,0.009116786313065653
884,stimulus,47,6,4,0,0,-1.0,-1.0,1,1,0,0,0.0003996291894282235,0.009516415502493877
885,stimulus,47,0,3,0,0,-1.0,-1.0,1,0,1,0,0.0,0.009516415502493877
886,stimulus,47,5,3,0,0,-1.0,-1.0,1,0,1,0,0.0003996291894282235,0.009916044691922102
887,stimulus,47,1,3,0,0,-1.0,-1.0,1,0,1,0,0.0003106794906800987,0.0102267241826022
888,stimulus,47,3,3,0,1,1.0,1.0,0,nan,nan,nan,2.8854672963466716e-06,0.010229609649898547
889,stimulus,47,0,4,1,0,-1.0,-1.0,1,1,0,0,0.0003106794906800987,0.010540289140578646
890,stimulus,47,6,5,1,1,1.0,1.0,0,nan,nan,nan,2.8854672963466716e-06,0.010543174607874994
891,stimulus,47,8,6,1,0,-1.0,-1.0,1,1,0,0,0.0,0.010543174607874994
892,stimulus,47,8,5,1,0,-1.0,-1.0,1,0,1,0,0.0,0.010543174607874994
893,stimulus,47,6,5,1,1,1.0,1.0,0,nan,nan,nan,2.8854672963466716e-06,0.010546060075171337
894,stimulus,47,2,6,1,0,-1.0,-1.0,1,1,0,0,0.0003106794906800987,0.010856739565851436
895,stimulus,47,1,5,1,0,-1.0,-1.0,1,0,1,0,0.0003106794906800987,0.011167419056531536
896,stimulus,47,3,3,0,1,1.0,1.0,0,nan,nan,nan,2.8854672963466716e-06,0.011170304523827885
897,stimulus,47,6,2,0,0,-1.0,-1.0,1,1,0,0,0.0,0.011170304523827885
898,stimulus,47,7,5,1,0,-1.0,-1.0,1,0,1,0,0.0,0.011170304523827885
899,stimulus,47,0,5,1,0,-1.0,-1.0,1,0,1,0,0.0,0.011170304523827885
900,stimulus,47,1,5,1,0,-1.0,-1.0,1,0,1,0,0.0003106794906800987,0.011480984014507983
901,stimulus,47,8,3,0,0,-1.0,-1.0,1,0,1,0,0.0,0.011480984014507983
902,stimulus,47,1,5,1,0,-1.0,-1.0,1,0,1,0,0.0003106794906800987,0.011791663505188083
903,stimulus,47,0,5,1,0,-1.0,-1.0,1,0,1,0,0.0,0.011791663505188083
904,stimulus,47,5,3,0,0,-1.0,-1.0,1,0,1,0,0.0003996291894282235,0.012191292694616307
905,stimulus,47,2,3,0,1,1.0,1.0,0,nan,nan,nan,2.8854672963466716e-06,0.012194178161912655
906,stimulus,47,4,2,0,0,-1.0,-1.0,1,1,0,0,0.0003996291894282235,0.01259380735134088
907,stimulus,47,3,3,0,1,1.0,1.0,0,nan,nan,nan,1.0869708077459737e-05,0.01258293764326342
908,stimulus,47,6,2,0,0,-1.0,-1.0,1,1,0,0,0.0,0.01258293764326342
909,stimulus,47,0,5,1,0,-1.0,-1.0,1,0,1,0,0.0,0.01258293764326342
910,stimulus,47,5,3,0,0,-1.0,-1.0,1,0,1,0,0.0003996291894282235,0.012982566832691639
911,stimulus,47,2,3,0,1,1.0,1.0,0,nan,nan,nan,1.0869708077459737e-05,0.01297169712461418
912,stimulus,47,2,2,0,1,1.0,1.0,0,nan,nan,nan,2.8854672963466716e-06,0.012974582591910524
913,stimulus,47,0,1,0,1,1.0,1.0,0,nan,nan,nan,2.8854672963466716e-06,0.012977468059206873
914,stimulus,47,5,0,0,0,-1.0,-1.0,1,3,0,1,0.0,0.012977468059206873
915,stimulus,47,0,5,1,0,-1.0,-1.0,1,0,1,0,0.0,0.012977468059206873
916,stimulus,47,3,3,0,1,1.0,1.0,0,nan,nan,nan,2.8854672963466716e-06,0.012980353526503221
917,stimulus,47,2,2,0,1,1.0,1.0,0,nan,nan,nan,2.8854672963466716e-06,0.012983238993799568
918,stimulus,47,1,1,0,1,1.0,1.0,0,nan,nan,nan,2.8854672963466716e-06,0.012986124461095917
919,stimulus,47,4,0,0,0,-1.0,-1.0,1,3,0,1,0.0,0.012986124461095917
920,stimulus,47,8,3,0,0,-1.0,-1.0,1,0,1,0,0.0,0.012986124461095917
921,stimulus,47,1,5,1,0,-1.0,-1.0,1,0,1,0,0.0003106794906800987,0.013296803951776015
922,stimulus,47,0,3,0,0,-1.0,-1.0,1,0,1,0,0.0,0.013296803951776015
923,stimulus,47,0,3,0,0,-1.0,-1.0,1,0,1,0,0.0,0.013296803951776015
924,stimulus,47,7,3,0,0,-1.0,-1.0,1,0,1,0,0.0,0.013296803951776015
925,stimulus,47,8,5,1,0,-1.0,-1.0,1,0,1,0,0.0,0.013296803951776015
926,stimulus,47,7,5,1,0,-1.0,-1.0,1,0,1,0,0.0,0.013296803951776015
927,stimulus,47,5,3,0,0,-1.0,-1.0,1,0,1,0,0.0003996291894282235,0.013696433141204245
928,stimulus,47,4,5,1,1,1.0,1.0,0,nan,nan,nan,2.8854672963466716e-06,0.013699318608500589
929,stimulus,47,2,6,1,0,-1.0,-1.0,1,1,0,0,0.0003106794906800987,0.014009998099180687
930,stimulus,47,2,3,0,1,1.0,1.0,0,nan,nan,nan,2.8854672963466716e-06,0.014012883566477036
931,stimulus,47,2,2,0,1,1.0,1.0,0,nan,nan,nan,1.0869708077459737e-05,0.014002013858399576
932,stimulus,47,7,3,1,0,-1.0,-1.0,1,2,0,0,0.00013254880891139673,0.014134562667310968
933,stimulus,47,2,3,0,1,1.0,1.0,0,nan,nan,nan,2.8854672963466716e-06,0.014137448134607312
934,stimulus,47,8,4,1,0,-1.0,-1.0,1,1,0,0,0.00013254880891139673,0.014269996943518704
935,stimulus,47,8,3,0,0,-1.0,-1.0,1,0,1,0,0.0,0.014269996943518704
936,stimulus,47,1,5,1,0,-1.0,-1.0,1,0,1,0,0.0003106794906800987,0.014580676434198803
937,stimulus,47,4,5,1,1,1.0,1.0,0,nan,nan,nan,1.0869708077459737e-05,0.014569806726121343
938,stimulus,47,2,6,1,0,-1.0,-1.0,1,1,0,0,0.0003106794906800987,0.014880486216801441
939,stimulus,47,8,5,1,0,-1.0,-1.0,1,0,1,0,0.0,0.014880486216801441
940,stimulus,47,1,5,1,0,-1.0,-1.0,1,0,1,0,0.0003106794906800987,0.015191165707481542
941,stimulus,47,7,3,0,0,-1.0,-1.0,1,0,1,0,0.0,0.015191165707481542
942,stimulus,47,8,3,0,0,-1.0,-1.0,1,0,1,0,0.0,0.015191165707481542
943,stimulus,47,3,3,0,1,1.0,1.0,0,nan,nan,nan,2.8854672963466716e-06,0.01519405117477789
944,stimulus,47,2,4,1,0,-1.0,-1.0,1,1,0,0,2.8854672963466716e-06,0.015191165707481542
945,stimulus,47,8,5,1,0,-1.0,-1.0,1,0,1,0,0.0,0.015191165707481542
946,stimulus,47,5,3,0,0,-1.0,-1.0,1,0,1,0,0.0003996291894282235,0.01559079489690977
947,stimulus,47,1,5,1,0,-1.0,-1.0,1,0,1,0,0.0003106794906800987,0.01590147438758987
948,stimulus,47,2,3,0,1,1.0,1.0,0,nan,nan,nan,2.8854672963466716e-06,0.015904359854886217
949,stimulus,47,3,4,1,1,1.0,1.0,0,nan,nan,nan,2.8854672963466716e-06,0.015907245322182566
950,stimulus,47,8,5,1,0,-1.0,-1.0,1,2,0,0,0.0,0.015907245322182566
951,stimulus,47,4,5,1,1,1.0,1.0,0,nan,nan,nan,2.8854672963466716e-06,0.015910130789478914
952,stimulus,47,5,6,1,1,1.0,1.0,0,nan,nan,nan,2.8854672963466716e-06,0.01591301625677526
953,stimulus,47,8,7,1,1,1.0,1.0,0,nan,nan,nan,2.8854672963466716e-06,0.015915901724071608
954,stimulus,47,8,6,0,0,-1.0,-1.0,1,3,0,1,0.0003996291894282235,0.016315530913499826
955,stimulus,47,5,3,0,0,-1.0,-1.0,1,0,1,0,0.0003996291894282235,0.016715160102928055
956,stimulus,47,5,3,0,0,-1.0,-1.0,1,0,1,0,0.0003996291894282235,0.017114789292356276
957,stimulus,47,2,3,0,1,1.0,1.0,0,nan,nan,nan,1.0869708077459737e-05,0.017103919584278815
958,stimulus,47,7,4,1,0,-1.0,-1.0,1,1,0,0,0.0,0.017103919584278815
959,stimulus,47,8,3,0,0,-1.0,-1.0,1,0,1,0,0.0,0.017103919584278815
960,stimulus,47,7,5,1,0,-1.0,-1.0,1,0,1,0,0.0,0.017103919584278815
961,stimulus,47,7,5,1,0,-1.0,-1.0,1,0,1,0,0.0,0.017103919584278815
962,stimulus,47,6,5,1,1,1.0,1.0,0,nan,nan,nan,2.8854672963466716e-06,0.017106805051575157
963,stimulus,47,0,4,0,0,-1.0,-1.0,1,1,0,0,0.0,0.017106805051575157
964,stimulus,47,5,3,0,0,-1.0,-1.0,1,0,1,0,0.0003996291894282235,0.01750643424100339
965,stimulus,47,8,3,0,0,-1.0,-1.0,1,0,1,0,0.0,0.01750643424100339
966,stimulus,47,3,3,0,1,1.0,1.0,0,nan,nan,nan,2.8854672963466716e-06,0.017509319708299737
967,stimulus,47,0,4,1,0,-1.0,-1.0,1,1,0,0,0.0003106794906800987,0.017819999198979836
968,stimulus,47,6,5,1,1,1.0,1.0,0,nan,nan,nan,1.0869708077459737e-05,0.017809129490902374
969,stimulus,47,2,4,0,0,-1.0,-1.0,1,1,0,0,0.0003106794906800987,0.018119808981582476
970,stimulus,47,4,5,1,1,1.0,1.0,0,nan,nan,nan,2.8854672963466716e-06,0.01812269444887882
971,stimulus,47,4,4,0,1,1.0,1.0,0,nan,nan,nan,2.8854672963466716e-06,0.018125579916175166
972,stimulus,47,0,5,1,0,-1.0,-1.0,1,2,0,0,0.0,0.018125579916175166
973,stimulus,47,7,3,0,0,-1.0,-1.0,1,0,1,0,0.0,0.018125579916175166
974,stimulus,47,3,3,0,1,1.0,1.0,0,nan,nan,nan,2.8854672963466716e-06,0.018128465383471515
975,stimulus,47,1,2,0,1,1.0,1.0,0,nan,nan,nan,2.8854672963466716e-06,0.018131350850767863
976,stimulus,47,8,3,1,0,-1.0,-1.0,1,2,0,0,0.0,0.018131350850767863
977,stimulus,47,7,5,1,0,-1.0,-1.0,1,0,1,0,0.0,0.018131350850767863
978,stimulus,47,6,5,1,1,1.0,1.0,0,nan,nan,nan,2.8854672963466716e-06,0.018134236318064212
979,stimulus,47,1,6,1,0,-1.0,-1.0,1,1,0,0,0.0,0.018134236318064212
980,stimulus,47,4,5,1,1,1.0,1.0,0,nan,nan,nan,1.0869708077459737e-05,0.01812336660998675
981,stimulus,47,0,6,1,0,-1.0,-1.0,1,1,0,0,0.0,0.01812336660998675
982,stimulus,47,3,3,0,1,1.0,1.0,0,nan,nan,nan,2.8854672963466716e-06,0.0181262520772831
983,stimulus,47,4,2,0,0,-1.0,-1.0,1,1,0,0,0.0003996291894282235,0.018446731746217533
984,stimulus,47,3,3,0,1,1.0,1.0,0,nan,nan,nan,1.0869708077459737e-05,0.018435862038140075
985,stimulus,47,3,4,1,1,1.0,1.0,0,nan,nan,nan,2.8854672963466716e-06,0.018438747505436424
986,stimulus,47,6,5,1,1,1.0,1.0,0,nan,nan,nan,2.8854672963466716e-06,0.018441632972732765
987,stimulus,47,7,6,1,1,1.0,1.0,0,nan,nan,nan,2.8854672963466716e-06,0.018444518440029114
988,stimulus,47,3,7,1,0,-1.0,-1.0,1,4,0,1,0.0003106794906800987,0.018755197930709212
989,stimulus,47,6,5,1,1,1.0,1.0,0,nan,nan,nan,2.8854672963466716e-06,0.01875808339800556
990,stimulus,47,6,6,1,1,1.0,1.0,0,nan,nan,nan,0.0003996291894282235,0.018358454208577332
991,stimulus,47,4,5,0,1,1.0,1.0,0,nan,nan,nan,2.8854672963466716e-06,0.018361339675873674
992,stimulus,47,7,4,0,0,-1.0,-1.0,1,3,0,1,1.0869708077459737e-05,0.018372209383951142
993,stimulus,47,0,3,0,0,-1.0,-1.0,1,0,1,0,0.0,0.018372209383951142
994,stimulus,47,4,5,1,1,1.0,1.0,0,nan,nan,nan,2.8854672963466716e-06,0.01837509485124749
995,stimulus,47,4,4,0,1,1.0,1.0,0,nan,nan,nan,2.8854672963466716e-06,0.018377980318543836
996,stimulus,47,7,5,1,0,-1.0,-1.0,1,2,0,0,0.0,0.018377980318543836
997,stimulus,47,8,3,0,0,-1.0,-1.0,1,0,1,0,0.0,0.018377980318543836
998,stimulus,47,4,5,1,1,1.0,1.0,0,nan,nan,nan,2.8854672963466716e-06,0.018380865785840184
999,stimulus,47,8,4,0,0,-1.0,-1.0,1,1,0,0,0.0,0.018380865785840184
1000,stimulus,47,6,5,1,1,1.0,1.0,0,nan,nan,nan,1.0869708077459737e-05,0.01836999607776272
1001,stimulus,47,1,6,1,0,-1.0,-1.0,1,1,0,0,0.0,0.01836999607776272
1002,stimulus,47,8,5,1,0,-1.0,-1.0,1,0,1,0,0.0,0.01836999607776272
1003,stimulus,47,0,5,1,0,-1.0,-1.0,1,0,1,0,0.0,0.01836999607776272
1004,stimulus,47,8,5,1,0,-1.0,-1.0,1,0,1,0,0.0,0.01836999607776272
1005,stimulus,47,8,5,1,0,-1.0,-1.0,1,0,1,0,0.0,0.01836999607776272
1006,stimulus,47,4,5,1,1,1.0,1.0,0,nan,nan,nan,2.8854672963466716e-06,0.01837288154505906
1007,stimulus,47,1,6,1,0,-1.0,-1.0,1,1,0,0,0.0,0.01837288154505906
1008,stimulus,47,4,5,1,1,1.0,1.0,0,nan,nan,nan,1.0869708077459737e-05,0.0183620118369816
1009,stimulus,47,1,6,1,0,-1.0,-1.0,1,1,0,0,0.0,0.0183620118369816
1010,stimulus,47,0,5,1,0,-1.0,-1.0,1,0,1,0,0.0,0.0183620118369816
1011,stimulus,47,0,3,0,0,-1.0,-1.0,1,0,1,0,0.0,0.0183620118369816
1012,stimulus,47,8,3,0,0,-1.0,-1.0,1,0,1,0,0.0,0.0183620118369816
1013,stimulus,47,0,5,1,0,-1.0,-1.0,1,0,1,0,0.0,0.0183620118369816
1014,stimulus,47,6,5,1,1,1.0,1.0,0,nan,nan,nan,1.0869708077459737e-05,0.018351142128904145
1015,stimulus,47,5,6,1,1,1.0,1.0,0,nan,nan,nan,2.8854672963466716e-06,0.018354027596200494
1016,stimulus,47,8,7,1,1,1.0,1.0,0,nan,nan,nan,2.8854672963466716e-06,0.01835691306349684
1017,stimulus,47,7,8,1,1,1.0,1.0,0,nan,nan,nan,2.8854672963466716e-06,0.018359798530793187
1018,stimulus,47,8,8,1,1,1.0,1.0,0,nan,nan,nan,2.8854672963466716e-06,0.01836268399808953
1019,stimulus,47,8,8,1,1,1.0,1.0,0,nan,nan,nan,1.0869708077459737e-05,0.01835181429001207
1020,stimulus,47,3,7,0,0,-1.0,-1.0,1,6,0,1,0.0,0.01835181429001207
1021,stimulus,47,6,3,0,0,-1.0,-1.0,1,0,1,0,2.8854672963466716e-06,0.018348928822715726
1022,stimulus,47,7,3,0,0,-1.0,-1.0,1,0,1,0,0.0,0.018348928822715726
1023,stimulus,47,3,3,0,1,1.0,1.0,0,nan,nan,nan,2.8854672963466716e-06,0.018351814290012074
1024,stimulus,47,7,4,1,0,-1.0,-1.0,1,1,0,0,0.0,0.018351814290012074
1025,stimulus,47,2,3,0,1,1.0,1.0,0,nan,nan,nan,2.8854672963466716e-06,0.01835469975730842
1026,stimulus,47,6,4,1,0,-1.0,-1.0,1,1,0,0,0.0,0.01835469975730842
1027,stimulus,47,0,3,0,0,-1.0,-1.0,1,0,1,0,0.0,0.01835469975730842
1028,stimulus,47,7,3,0,0,-1.0,-1.0,1,0,1,0,0.0,0.01835469975730842
1029,stimulus,47,7,3,0,0,-1.0,-1.0,1,0,1,0,0.0,0.01835469975730842
1030,stimulus,47,2,5,1,0,-1.0,-1.0,1,0,1,0,1.0869708077459737e-05,0.018365569465385877
1031,stimulus,47,2,5,1,0,-1.0,-1.0,1,0,1,0,1.0869708077459737e-05,0.01837643917346334
1032,stimulus,47,4,5,1,1,1.0,1.0,0,nan,nan,nan,2.8854672963466716e-06,0.018379324640759687
1033,stimulus,47,8,6,1,0,-1.0,-1.0,1,1,0,0,0.0,0.018379324640759687
1034,stimulus,47,8,3,0,0,-1.0,-1.0,1,0,1,0,0.0,0.018379324640759687
1035,stimulus,47,6,5,1,1,1.0,1.0,0,nan,nan,nan,2.8854672963466716e-06,0.018382210108056036
1036,stimulus,47,4,6,1,0,-1.0,-1.0,1,1,0,0,2.8854672963466716e-06,0.018379324640759687
1037,stimulus,47,7,3,0,0,-1.0,-1.0,1,0,1,0,0.0,0.018379324640759687
1038,stimulus,47,6,5,1,1,1.0,1.0,0,nan,nan,nan,2.8854672963466716e-06,0.018382210108056036
1039,stimulus,47,7,6,1,1,1.0,1.0,0,nan,nan,nan,2.8854672963466716e-06,0.018385095575352377
1040,stimulus,47,2,7,1,0,-1.0,-1.0,1,2,0,0,0.0,0.018385095575352377
1041,stimulus,47,8,5,1,0,-1.0,-1.0,1,0,1,0,0.0,0.018385095575352377
1042,stimulus,47,1,5,1,0,-1.0,-1.0,1,0,1,0,0.0003106794906800987,0.018695775066032476
1043,stimulus,47,2,3,0,1,1.0,1.0,0,nan,nan,nan,2.1685384710597065e-05,0.018674089681321882
1044,stimulus,47,3,4,1,1,1.0,1.0,0,nan,nan,nan,2.8854672963466716e-06,0.01867697514861823
1045,stimulus,47,7,5,1,0,-1.0,-1.0,1,2,0,0,0.0,0.01867697514861823
1046,stimulus,47,1,5,1,0,-1.0,-1.0,1,0,1,0,0.0003106794906800987,0.01898765463929833
1047,stimulus,47,4,5,1,1,1.0,1.0,0,nan,nan,nan,2.8854672963466716e-06,0.01899054010659467
1048,stimulus,47,8,4,0,0,-1.0,-1.0,1,1,0,0,0.0,0.01899054010659467
1049,stimulus,47,0,5,1,0,-1.0,-1.0,1,0,1,0,0.0,0.01899054010659467
1050,stimulus,47,2,3,0,1,1.0,1.0,0,nan,nan,nan,1.0869708077459737e-05,0.018979670398517213
1051,stimulus,47,3,4,1,1,1.0,1.0,0,nan,nan,nan,2.8854672963466716e-06,0.01898255586581356
1052,stimulus,47,5,3,0,0,-1.0,-1.0,1,2,0,0,0.0003996291894282235,0.01938218505524179
1053,stimulus,47,0,5,1,0,-1.0,-1.0,1,0,1,0,0.0,0.01938218505524179
1054,stimulus,47,4,5,1,1,1.0,1.0,0,nan,nan,nan,1.0869708077459737e-05,0.019371315347164332
1055,stimulus,47,4,4,0,1,1.0,1.0,0,nan,nan,nan,2.8854672963466716e-06,0.01937420081446068
1056,stimulus,47,7,3,0,0,-1.0,-1.0,1,2,0,0,0.0,0.01937420081446068
1057,stimulus,47,7,3,0,0,-1.0,-1.0,1,0,1,0,0.0,0.01937420081446068
1058,stimulus,47,0,3,0,0,-1.0,-1.0,1,0,1,0,0.0,0.01937420081446068
1059,stimulus,47,7,5,1,0,-1.0,-1.0,1,0,1,0,0.0,0.01937420081446068
1060,stimulus,47,0,5,1,0,-1.0,-1.0,1,0,1,0,0.0,0.01937420081446068
1061,stimulus,47,1,5,1,0,-1.0,-1.0,1,0,1,0,0.0003106794906800987,0.01968488030514078
1062,stimulus,47,4,5,1,1,1.0,1.0,0,nan,nan,nan,2.8854672963466716e-06,0.019687765772437128
1063,stimulus,47,1,4,0,0,-1.0,-1.0,1,1,0,0,0.0,0.019687765772437128
1064,stimulus,47,4,5,1,1,1.0,1.0,0,nan,nan,nan,2.8854672963466716e-06,0.019690651239733473
1065,stimulus,47,8,6,1,0,-1.0,-1.0,1,1,0,0,0.0,0.019690651239733473
1066,stimulus,47,7,5,1,0,-1.0,-1.0,1,0,1,0,0.0,0.019690651239733473
1067,stimulus,47,1,5,1,0,-1.0,-1.0,1,0,1,0,0.0003996291894282235,0.02009028042916169
1068,stimulus,47,5,3,0,0,-1.0,-1.0,1,0,1,0,0.0003996291894282235,0.02009028042916169
1069,stimulus,47,2,3,0,1,1.0,1.0,0,nan,nan,nan,2.8854672963466716e-06,0.02009316589645804
1070,stimulus,47,2,2,0,1,1.0,1.0,0,nan,nan,nan,2.8854672963466716e-06,0.020096051363754384
1071,stimulus,47,6,3,1,0,-1.0,-1.0,1,2,0,0,0.0,0.020096051363754384
1072,stimulus,47,0,3,0,0,-1.0,-1.0,1,0,1,0,0.0,0.020096051363754384
1073,stimulus,47,8,3,0,0,-1.0,-1.0,1,0,1,0,0.0,0.020096051363754384
1074,stimulus,47,2,3,0,1,1.0,1.0,0,nan,nan,nan,2.8854672963466716e-06,0.020098936831050733
1075,stimulus,47,1,2,0,1,1.0,1.0,0,nan,nan,nan,2.8854672963466716e-06,0.020101822298347078
1076,stimulus,47,2,3,1,1,1.0,1.0,0,nan,nan,nan,2.8854672963466716e-06,0.020104707765643423
1077,stimulus,47,3,4,1,1,1.0,1.0,0,nan,nan,nan,2.8854672963466716e-06,0.02010759323293977
1078,stimulus,47,3,3,0,1,1.0,1.0,0,nan,nan,nan,2.8854672963466716e-06,0.02011047870023612
1079,stimulus,47,7,4,1,0,-1.0,-1.0,1,5,0,1,0.0,0.02011047870023612
1080,stimulus,47,8,5,1,0,-1.0,-1.0,1,0,1,0,0.0,0.02011047870023612
1081,stimulus,47,3,3,0,1,1.0,1.0,0,nan,nan,nan,1.0869708077459737e-05,0.02009960899215866
1082,stimulus,47,7,4,1,0,-1.0,-1.0,1,1,0,0,0.0,0.02009960899215866
1083,stimulus,47,1,5,1,0,-1.0,-1.0,1,0,1,0,0.0003996291894282235,0.02049923818158689
1084,stimulus,47,4,5,1,1,1.0,1.0,0,nan,nan,nan,1.0869708077459737e-05,0.02048836847350943
1085,stimulus,47,5,6,1,1,1.0,1.0,0,nan,nan,nan,2.8854672963466716e-06,0.020491253940805775
1086,stimulus,47,8,7,1,1,1.0,1.0,0,nan,nan,nan,2.8854672963466716e-06,0.020494139408102123
1087,stimulus,47,1,6,0,0,-1.0,-1.0,1,3,0,1,0.0,0.020494139408102123
1088,stimulus,47,0,3,0,0,-1.0,-1.0,1,0,1,0,0.0,0.020494139408102123
1089,stimulus,47,6,5,1,1,1.0,1.0,0,nan,nan,nan,1.0869708077459737e-05,0.020483269700024665
1090,stimulus,47,6,4,0,0,-1.0,-1.0,1,1,0,0,0.0003996291894282235,0.020483269700024665
1091,stimulus,47,8,3,0,0,-1.0,-1.0,1,0,1,0,0.0,0.020483269700024665
1092,stimulus,47,2,3,0,1,1.0,1.0,0,nan,nan,nan,2.8854672963466716e-06,0.020486155167321014
1093,stimulus,47,3,4,1,1,1.0,1.0,0,nan,nan,nan,2.8854672963466716e-06,0.02048904063461736
1094,stimulus,47,1,5,1,0,-1.0,-1.0,1,2,0,0,0.0003996291894282235,0.020888669824045577
1095,stimulus,47,4,5,1,1,1.0,1.0,0,nan,nan,nan,2.8854672963466716e-06,0.020891555291341925
1096,stimulus,47,4,4,0,1,1.0,1.0,0,nan,nan,nan,2.8854672963466716e-06,0.02089444075863827
1097,stimulus,47,5,3,0,0,-1.0,-1.0,1,2,0,0,0.0003996291894282235,0.02089444075863827
1098,stimulus,47,3,3,0,1,1.0,1.0,0,nan,nan,nan,2.8854672963466716e-06,0.02089732622593462
1099,stimulus,47,4,2,0,0,-1.0,-1.0,1,1,0,0,0.0003996291894282235,0.02089732622593462
1100,stimulus,47,0,3,0,0,-1.0,-1.0,1,0,1,0,0.0,0.02089732622593462
1101,stimulus,47,2,5,1,0,-1.0,-1.0,1,0,1,0,1.0869708077459737e-05,0.02090819593401208
1102,stimulus,47,8,3,0,0,-1.0,-1.0,1,0,1,0,0.0,0.02090819593401208
1103,stimulus,47,8,3,0,0,-1.0,-1.0,1,0,1,0,0.0,0.02090819593401208
1104,stimulus,47,2,3,0,1,1.0,1.0,0,nan,nan,nan,1.0869708077459737e-05,0.02089732622593462
1105,stimulus,47,1,2,0,1,1.0,1.0,0,nan,nan,nan,1.0869708077459737e-05,0.02088645651785716
1106,stimulus,47,2,3,1,1,1.0,1.0,0,nan,nan,nan,2.8854672963466716e-06,0.020889341985153503
1107,stimulus,47,8,4,1,0,-1.0,-1.0,1,3,0,1,0.00016403014906133027,0.021053372134214838
1108,stimulus,47,0,3,0,0,-1.0,-1.0,1,0,1,0,0.0,0.021053372134214838
1109,stimulus,47,3,3,0,1,1.0,1.0,0,nan,nan,nan,2.8854672963466716e-06,0.021056257601511186
1110,stimulus,47,0,4,1,0,-1.0,-1.0,1,1,0,0,0.0003996291894282235,0.021455886790939415
1111,stimulus,47,8,5,1,0,-1.0,-1.0,1,0,1,0,0.0,0.021455886790939415
1112,stimulus,47,4,5,1,1,1.0,1.0,0,nan,nan,nan,1.0869708077459737e-05,0.021445017082861957
1113,stimulus,47,6,4,0,0,-1.0,-1.0,1,1,0,0,0.0003996291894282235,0.021445017082861957
1114,stimulus,47,1,5,1,0,-1.0,-1.0,1,0,1,0,0.0003996291894282235,0.02184464627229018
1115,stimulus,47,8,5,1,0,-1.0,-1.0,1,0,1,0,0.0,0.02184464627229018
1116,stimulus,47,6,5,1,1,1.0,1.0,0,nan,nan,nan,2.8854672963466716e-06,0.02184753173958652
1117,stimulus,47,4,4,0,1,1.0,1.0,0,nan,nan,nan,1.0869708077459737e-05,0.02183666203150906
1118,stimulus,47,7,5,1,0,-1.0,-1.0,1,2,0,0,0.0,0.02183666203150906
1119,stimulus,47,6,5,1,1,1.0,1.0,0,nan,nan,nan,2.8854672963466716e-06,0.021839547498805408
1120,stimulus,47,4,4,0,1,1.0,1.0,0,nan,nan,nan,2.8854672963466716e-06,0.021842432966101756
1121,stimulus,47,6,5,1,1,1.0,1.0,0,nan,nan,nan,2.8854672963466716e-06,0.021845318433398105
1122,stimulus,47,3,6,1,0,-1.0,-1.0,1,3,0,1,2.8854672963466716e-06,0.021842432966101756
1123,stimulus,47,8,5,1,0,-1.0,-1.0,1,0,1,0,0.0,0.021842432966101756
1124,stimulus,47,2,3,0,1,1.0,1.0,0,nan,nan,nan,2.8854672963466716e-06,0.021845318433398105
1125,stimulus,47,5,4,1,1,1.0,1.0,0,nan,nan,nan,2.8854672963466716e-06,0.021848203900694446
1126,stimulus,47,7,5,1,0,-1.0,-1.0,1,2,0,0,0.0,0.021848203900694446
1127,stimulus,47,0,5,1,0,-1.0,-1.0,1,0,1,0,0.0,0.021848203900694446
1128,stimulus,47,7,5,1,0,-1.0,-1.0,1,0,1,0,0.0,0.021848203900694446
1129,stimulus,47,5,3,0,0,-1.0,-1.0,1,0,1,0,0.0003996291894282235,0.021848203900694446
1130,stimulus,47,0,5,1,0,-1.0,-1.0,1,0,1,0,0.0,0.021848203900694446
1131,stimulus,47,7,3,0,0,-1.0,-1.0,1,0,1,0,0.0,0.021848203900694446
1132,stimulus,47,2,3,0,1,1.0,1.0,0,nan,nan,nan,2.8854672963466716e-06,0.021851089367990795
1133,stimulus,47,5,4,1,1,1.0,1.0,0,nan,nan,nan,1.0869708077459737e-05,0.021840219659913333
1134,stimulus,47,4,3,0,1,1.0,1.0,0,nan,nan,nan,2.8854672963466716e-06,0.021843105127209682
1135,stimulus,47,8,4,1,0,-1.0,-1.0,1,3,0,1,0.00016403014906133027,0.022007135276271017
1136,stimulus,47,7,3,0,0,-1.0,-1.0,1,0,1,0,0.0,0.022007135276271017
1137,stimulus,47,7,5,1,0,-1.0,-1.0,1,0,1,0,0.0,0.022007135276271017
1138,stimulus,47,6,5,1,1,1.0,1.0,0,nan,nan,nan,2.8854672963466716e-06,0.022010020743567366
1139,stimulus,47,5,6,1,1,1.0,1.0,0,nan,nan,nan,2.8854672963466716e-06,0.022012906210863707
1140,stimulus,47,0,5,0,0,-1.0,-1.0,1,2,0,0,0.0,0.022012906210863707
1141,stimulus,47,7,3,0,0,-1.0,-1.0,1,0,1,0,0.0,0.022012906210863707
1142,stimulus,47,5,3,0,0,-1.0,-1.0,1,0,1,0,0.0003996291894282235,0.022012906210863707
1143,stimulus,47,7,3,0,0,-1.0,-1.0,1,0,1,0,0.0,0.022012906210863707
1144,stimulus,47,0,5,1,0,-1.0,-1.0,1,0,1,0,0.0,0.022012906210863707
1145,stimulus,47,6,5,1,1,1.0,1.0,0,nan,nan,nan,2.8854672963466716e-06,0.022015791678160056
1146,stimulus,47,4,4,0,1,1.0,1.0,0,nan,nan,nan,2.8854672963466716e-06,0.022018677145456404
1147,stimulus,47,3,3,0,1,1.0,1.0,0,nan,nan,nan,2.8854672963466716e-06,0.022021562612752753
1148,stimulus,47,6,2,0,0,-1.0,-1.0,1,3,0,1,0.0,0.022021562612752753
1149,stimulus,47,7,5,1,0,-1.0,-1.0,1,0,1,0,0.0,0.022021562612752753
1150,stimulus,47,5,3,0,0,-1.0,-1.0,1,0,1,0,0.0003996291894282235,0.022021562612752753
1151,stimulus,47,8,5,1,0,-1.0,-1.0,1,0,1,0,0.0,0.022021562612752753
1152,stimulus,47,8,3,0,0,-1.0,-1.0,1,0,1,0,0.0,0.022021562612752753
1153,stimulus,47,2,3,0,1,1.0,1.0,0,nan,nan,nan,2.8854672963466716e-06,0.022024448080049094
1154,stimulus,47,1,2,0,1,1.0,1.0,0,nan,nan,nan,2.8854672963466716e-06,0.022027333547345443
1155,stimulus,47,4,3,1,1,1.0,1.0,0,nan,nan,nan,2.8854672963466716e-06,0.02203021901464179
1156,stimulus,47,6,2,0,0,-1.0,-1.0,1,3,0,1,0.0,0.02203021901464179
1157,stimulus,47,1,5,1,0,-1.0,-1.0,1,0,1,0,0.0003996291894282235,0.02242984820407001
1158,stimulus,47,0,3,0,0,-1.0,-1.0,1,0,1,0,0.0,0.02242984820407001
1159,stimulus,47,2,3,0,1,1.0,1.0,0,nan,nan,nan,2.8854672963466716e-06,0.022432733671366355
1160,stimulus,47,5,4,1,1,1.0,1.0,0,nan,nan,nan,1.0869708077459737e-05,0.022421863963288893
1161,stimulus,47,1,5,1,0,-1.0,-1.0,1,2,0,0,0.0003996291894282235,0.022821493152717122
1162,stimulus,47,3,3,0,1,1.0,1.0,0,nan,nan,nan,2.8854672963466716e-06,0.02282437862001347
1163,stimulus,47,0,2,0,0,-1.0,-1.0,1,1,0,0,0.0003996291894282235,0.02322400780944169
1164,stimulus,47,7,3,0,0,-1.0,-1.0,1,0,1,0,0.0,0.02322400780944169
1165,stimulus,47,7,3,0,0,-1.0,-1.0,1,0,1,0,0.0,0.02322400780944169
1166,stimulus,47,0,5,1,0,-1.0,-1.0,1,0,1,0,0.0,0.02322400780944169
1167,stimulus,47,4,5,1,1,1.0,1.0,0,nan,nan,nan,2.8854672963466716e-06,0.023226893276738037
1168,stimulus,47,6,4,0,0,-1.0,-1.0,1,1,0,0,0.0003996291894282235,0.023226893276738037
1169,stimulus,47,7,5,1,0,-1.0,-1.0,1,0,1,0,0.0,0.023226893276738037
1170,stimulus,47,3,3,0,1,1.0,1.0,0,nan,nan,nan,1.0869708077459737e-05,0.02321602356866058
1171,stimulus,47,5,4,1,1,1.0,1.0,0,nan,nan,nan,2.8854672963466716e-06,0.023218909035956928
1172,stimulus,47,2,3,0,1,1.0,1.0,0,nan,nan,nan,1.0869708077459737e-05,0.023208039327879466
1173,stimulus,47,5,4,1,1,1.0,1.0,0,nan,nan,nan,2.8854672963466716e-06,0.023210924795175815
1174,stimulus,47,6,5,1,1,1.0,1.0,0,nan,nan,nan,2.8854672963466716e-06,0.02321381026247216
1175,stimulus,47,7,6,1,1,1.0,1.0,0,nan,nan,nan,2.8854672963466716e-06,0.02321669572976851
1176,stimulus,47,6,7,1,1,1.0,1.0,0,nan,nan,nan,1.0869708077459737e-05,0.023205826021691047
1177,stimulus,47,1,6,0,0,-1.0,-1.0,1,7,0,1,0.0,0.023205826021691047
1178,stimulus,47,7,3,0,0,-1.0,-1.0,1,0,1,0,0.0,0.023205826021691047
1179,stimulus,47,1,5,1,0,-1.0,-1.0,1,0,1,0,0.0003996291894282235,0.02360545521111928
1180,stimulus,47,5,3,0,0,-1.0,-1.0,1,0,1,0,0.0003996291894282235,0.02360545521111928
1181,stimulus,47,3,3,0,1,1.0,1.0,0,nan,nan,nan,2.8854672963466716e-06,0.023608340678415624
1182,stimulus,47,5,4,1,1,1.0,1.0,0,nan,nan,nan,1.0869708077459737e-05,0.023597470970338163
1183,stimulus,47,3,3,0,1,1.0,1.0,0,nan,nan,nan,2.8854672963466716e-06,0.02360035643763451
1184,stimulus,47,1,2,0,1,1.0,1.0,0,nan,nan,nan,2.8854672963466716e-06,0.02360324190493086
1185,stimulus,47,1,1,0,1,1.0,1.0,0,nan,nan,nan,2.8854672963466716e-06,0.023606127372227205
1186,stimulus,47,5,2,1,0,-1.0,-1.0,1,5,0,1,0.0,0.023606127372227205
1187,stimulus,47,3,3,0,1,1.0,1.0,0,nan,nan,nan,2.8854672963466716e-06,0.023609012839523554
1188,stimulus,47,1,2,0,1,1.0,1.0,0,nan,nan,nan,2.8854672963466716e-06,0.023611898306819902
1189,stimulus,47,3,1,0,0,-1.0,-1.0,1,2,0,0,0.0003996291894282235,0.023611898306819902
1190,stimulus,47,4,5,1,1,1.0,1.0,0,nan,nan,nan,2.8854672963466716e-06,0.023614783774116247
1191,stimulus,47,3,4,0,1,1.0,1.0,0,nan,nan,nan,2.8854672963466716e-06,0.02361766924141259
1192,stimulus,47,0,3,0,0,-1.0,-1.0,1,2,0,0,0.0,0.02361766924141259
1193,stimulus,47,2,5,1,0,-1.0,-1.0,1,0,1,0,2.8854672963466716e-06,0.023614783774116247
1194,stimulus,47,8,5,1,0,-1.0,-1.0,1,0,1,0,0.0,0.023614783774116247
1195,stimulus,47,5,3,0,0,-1.0,-1.0,1,0,1,0,0.0003996291894282235,0.023614783774116247
1196,stimulus,47,3,3,0,1,1.0,1.0,0,nan,nan,nan,1.0869708077459737e-05,0.023603914066038786
1197,stimulus,47,2,4,1,0,-1.0,-1.0,1,1,0,0,2.8854672963466716e-06,0.02360102859874244
1198,stimulus,47,8,3,0,0,-1.0,-1.0,1,0,1,0,0.0,0.02360102859874244
1199,stimulus,47,3,3,0,1,1.0,1.0,0,nan,nan,nan,2.8854672963466716e-06,0.023603914066038786
1200,stimulus,47,0,2,0,0,-1.0,-1.0,1,1,0,0,0.0003996291894282235,0.024003543255467004
1201,stimulus,47,4,5,1,1,1.0,1.0,0,nan,nan,nan,2.8854672963466716e-06,0.024006428722763352
1202,stimulus,47,5,6,1,1,1.0,1.0,0,nan,nan,nan,2.8854672963466716e-06,0.0240093141900597
1203,stimulus,47,1,7,1,0,-1.0,-1.0,1,2,0,0,0.0,0.0240093141900597
1204,stimulus,47,4,5,1,1,1.0,1.0,0,nan,nan,nan,2.8854672963466716e-06,0.024012199657356046
1205,stimulus,47,3,4,0,1,1.0,1.0,0,nan,nan,nan,2.8854672963466716e-06,0.024015085124652388
1206,stimulus,47,4,3,0,1,1.0,1.0,0,nan,nan,nan,1.0869708077459737e-05,0.02400421541657493
1207,stimulus,47,5,4,1,1,1.0,1.0,0,nan,nan,nan,2.8854672963466716e-06,0.024007100883871278
1208,stimulus,47,2,3,0,1,1.0,1.0,0,nan,nan,nan,2.8854672963466716e-06,0.024009986351167627
1209,stimulus,47,6,2,0,0,-1.0,-1.0,1,5,0,1,0.0,0.024009986351167627
1210,stimulus,47,3,5,1,0,-1.0,-1.0,1,0,1,0,2.8854672963466716e-06,0.024007100883871278
1211,stimulus,47,2,3,0,1,1.0,1.0,0,nan,nan,nan,1.0869708077459737e-05,0.02399623117579382
1212,stimulus,47,8,4,1,0,-1.0,-1.0,1,1,0,0,0.00016403014906133027,0.024160261324855152
1213,stimulus,47,2,5,1,0,-1.0,-1.0,1,0,1,0,2.8854672963466716e-06,0.024157375857558804
1214,stimulus,47,2,3,0,1,1.0,1.0,0,nan,nan,nan,2.8854672963466716e-06,0.024160261324855152
1215,stimulus,47,2,2,0,1,1.0,1.0,0,nan,nan,nan,2.8854672963466716e-06,0.0241631467921515
1216,stimulus,47,8,3,1,0,-1.0,-1.0,1,2,0,0,0.0,0.0241631467921515
1217,stimulus,47,2,3,0,1,1.0,1.0,0,nan,nan,nan,2.8854672963466716e-06,0.024166032259447842
1218,stimulus,47,7,4,1,0,-1.0,-1.0,1,1,0,0,0.0,0.024166032259447842
1219,stimulus,47,8,5,1,0,-1.0,-1.0,1,0,1,0,0.0,0.024166032259447842
1220,stimulus,47,2,3,0,1,1.0,1.0,0,nan,nan,nan,2.8854672963466716e-06,0.02416891772674419
1221,stimulus,47,3,4,1,1,1.0,1.0,0,nan,nan,nan,2.8854672963466716e-06,0.024171803194040536
1222,stimulus,47,2,3,0,1,1.0,1.0,0,nan,nan,nan,2.8854672963466716e-06,0.024174688661336884
1223,stimulus,47,2,2,0,1,1.0,1.0,0,nan,nan,nan,2.8854672963466716e-06,0.024177574128633233
1224,stimulus,47,7,3,1,0,-1.0,-1.0,1,4,0,1,0.00016403014906133027,0.024341604277694558
1225,stimulus,47,8,5,1,0,-1.0,-1.0,1,0,1,0,0.0,0.024341604277694558
1226,stimulus,47,3,3,0,1,1.0,1.0,0,nan,nan,nan,2.8854672963466716e-06,0.024344489744990903
1227,stimulus,47,4,4,1,1,1.0,1.0,0,nan,nan,nan,0.0003996291894282235,0.023944860555562685
1228,stimulus,47,5,3,0,0,-1.0,-1.0,1,2,0,0,0.0003996291894282235,0.024344489744990903
1229,stimulus,47,5,3,0,0,-1.0,-1.0,1,0,1,0,0.0003996291894282235,0.024344489744990903
1230,stimulus,47,1,5,1,0,-1.0,-1.0,1,0,1,0,0.0003996291894282235,0.02474411893441913
1231,stimulus,47,0,5,1,0,-1.0,-1.0,1,0,1,0,0.0,0.02474411893441913
1232,stimulus,47,1,5,1,0,-1.0,-1.0,1,0,1,0,0.0003996291894282235,0.025143748123847353
1233,stimulus,47,5,3,0,0,-1.0,-1.0,1,0,1,0,0.0003996291894282235,0.025143748123847353
1234,stimulus,47,3,3,0,1,1.0,1.0,0,nan,nan,nan,2.8854672963466716e-06,0.025146633591143698
1235,stimulus,47,8,4,1,0,-1.0,-1.0,1,1,0,0,0.00016403014906133027,0.02531066374020503
1236,stimulus,47,1,5,1,0,-1.0,-1.0,1,0,1,0,0.0003996291894282235,0.025710292929633262
1237,stimulus,47,8,3,0,0,-1.0,-1.0,1,0,1,0,0.0,0.025710292929633262
1238,stimulus,47,3,3,0,1,1.0,1.0,0,nan,nan,nan,2.8854672963466716e-06,0.02571317839692961
1239,stimulus,47,4,2,0,0,-1.0,-1.0,1,1,0,0,0.0003996291894282235,0.02571317839692961
1240,stimulus,47,2,3,0,1,1.0,1.0,0,nan,nan,nan,2.8854672963466716e-06,0.025716063864225952
1241,stimulus,47,1,2,0,1,1.0,1.0,0,nan,nan,nan,1.0869708077459737e-05,0.02570519415614849
1242,stimulus,47,2,3,1,1,1.0,1.0,0,nan,nan,nan,2.8854672963466716e-06,0.02570807962344484
1243,stimulus,47,3,4,1,1,1.0,1.0,0,nan,nan,nan,2.8854672963466716e-06,0.025710965090741188
1244,stimulus,47,7,3,0,0,-1.0,-1.0,1,4,0,1,0.0,0.025710965090741188
1245,stimulus,47,1,5,1,0,-1.0,-1.0,1,0,1,0,0.0003996291894282235,0.02611059428016941
1246,stimulus,47,0,3,0,0,-1.0,-1.0,1,0,1,0,0.0,0.02611059428016941
1247,stimulus,47,2,3,0,1,1.0,1.0,0,nan,nan,nan,2.8854672963466716e-06,0.026113479747465758
1248,stimulus,47,6,4,1,0,-1.0,-1.0,1,1,0,0,0.0,0.026113479747465758
1249,stimulus,47,3,3,0,1,1.0,1.0,0,nan,nan,nan,1.0869708077459737e-05,0.026102610039388296
1250,stimulus,47,8,4,1,0,-1.0,-1.0,1,1,0,0,0.00017713899962048241,0.02627974903900878
1251,stimulus,47,4,5,1,1,1.0,1.0,0,nan,nan,nan,2.8854672963466716e-06,0.026282634506305125
1252,stimulus,47,3,4,0,1,1.0,1.0,0,nan,nan,nan,2.8854672963466716e-06,0.026285519973601477
1253,stimulus,47,7,3,0,0,-1.0,-1.0,1,2,0,0,0.0,0.026285519973601477
1254,stimulus,47,5,3,0,0,-1.0,-1.0,1,0,1,0,0.0003996291894282235,0.026285519973601477
1255,stimulus,47,5,3,0,0,-1.0,-1.0,1,0,1,0,0.0003996291894282235,0.026285519973601477
1256,stimulus,47,6,5,1,1,1.0,1.0,0,nan,nan,nan,2.8854672963466716e-06,0.026288405440897823
1257,stimulus,47,5,6,1,1,1.0,1.0,0,nan,nan,nan,1.0869708077459737e-05,0.026277535732820358
1258,stimulus,47,1,7,1,0,-1.0,-1.0,1,2,0,0,0.0,0.026277535732820358
1259,stimulus,47,0,3,0,0,-1.0,-1.0,1,0,1,0,0.0,0.026277535732820358
1260,stimulus,47,5,3,0,0,-1.0,-1.0,1,0,1,0,0.0003996291894282235,0.026277535732820358
1261,stimulus,47,4,5,1,1,1.0,1.0,0,nan,nan,nan,2.8854672963466716e-06,0.026280421200116706
1262,stimulus,47,8,6,1,0,-1.0,-1.0,1,1,0,0,0.0,0.026280421200116706
1263,stimulus,47,6,5,1,1,1.0,1.0,0,nan,nan,nan,2.8854672963466716e-06,0.026283306667413055
1264,stimulus,47,0,4,0,0,-1.0,-1.0,1,1,0,0,0.0,0.026283306667413055
1265,stimulus,47,8,3,0,0,-1.0,-1.0,1,0,1,0,0.0,0.026283306667413055
1266,stimulus,47,0,5,1,0,-1.0,-1.0,1,0,1,0,0.0,0.026283306667413055
1267,stimulus,47,5,3,0,0,-1.0,-1.0,1,0,1,0,0.0003996291894282235,0.026283306667413055
1268,stimulus,47,7,3,0,0,-1.0,-1.0,1,0,1,0,0.0,0.026283306667413055
1269,stimulus,47,2,3,0,1,1.0,1.0,0,nan,nan,nan,2.8854672963466716e-06,0.026286192134709403
1270,stimulus,47,7,4,1,0,-1.0,-1.0,1,1,0,0,0.0,0.026286192134709403
1271,stimulus,47,4,5,1,1,1.0,1.0,0,nan,nan,nan,2.8854672963466716e-06,0.026289077602005752
1272,stimulus,47,1,4,0,0,-1.0,-1.0,1,1,0,0,0.0,0.026289077602005752
1273,stimulus,47,2,3,0,1,1.0,1.0,0,nan,nan,nan,1.0869708077459737e-05,0.02627820789392829
1274,stimulus,47,2,2,0,1,1.0,1.0,0,nan,nan,nan,2.8854672963466716e-06,0.02628109336122464
1275,stimulus,47,4,3,1,1,1.0,1.0,0,nan,nan,nan,2.8854672963466716e-06,0.02628397882852098
1276,stimulus,47,6,2,0,0,-1.0,-1.0,1,3,0,1,0.0,0.02628397882852098
1277,stimulus,47,2,3,0,1,1.0,1.0,0,nan,nan,nan,2.8854672963466716e-06,0.026286864295817326
1278,stimulus,47,1,2,0,1,1.0,1.0,0,nan,nan,nan,2.8854672963466716e-06,0.026289749763113678
1279,stimulus,47,3,1,0,0,-1.0,-1.0,1,2,0,0,0.0003996291894282235,0.026289749763113678
1280,stimulus,47,7,5,1,0,-1.0,-1.0,1,0,1,0,0.0,0.026289749763113678
1281,stimulus,47,2,3,0,1,1.0,1.0,0,nan,nan,nan,2.8854672963466716e-06,0.026292635230410023
1282,stimulus,47,8,4,1,0,-1.0,-1.0,1,1,0,0,0.00017713899962048241,0.026469774230030507
1283,stimulus,47,0,3,0,0,-1.0,-1.0,1,0,1,0,0.0,0.026469774230030507
1284,stimulus,47,3,3,0,1,1.0,1.0,0,nan,nan,nan,2.8854672963466716e-06,0.026472659697326862
1285,stimulus,47,3,4,1,1,1.0,1.0,0,nan,nan,nan,2.8854672963466716e-06,0.026475545164623204
1286,stimulus,47,3,3,0,1,1.0,1.0,0,nan,nan,nan,2.8854672963466716e-06,0.02647843063191955
1287,stimulus,47,0,2,0,0,-1.0,-1.0,1,3,0,1,0.0003996291894282235,0.026513959079046977
1288,stimulus,47,8,5,1,0,-1.0,-1.0,1,0,1,0,0.0,0.026513959079046977
1289,stimulus,47,7,3,0,0,-1.0,-1.0,1,0,1,0,0.0,0.026513959079046977
1290,stimulus,47,2,3,0,1,1.0,1.0,0,nan,nan,nan,2.8854672963466716e-06,0.026516844546343322
1291,stimulus,47,2,2,0,1,1.0,1.0,0,nan,nan,nan,1.0869708077459737e-05,0.026505974838265868
1292,stimulus,47,0,1,0,1,1.0,1.0,0,nan,nan,nan,1.0869708077459737e-05,0.026495105130188414
1293,stimulus,47,7,2,1,0,-1.0,-1.0,1,3,0,1,0.0,0.026495105130188414
1294,stimulus,47,2,3,0,1,1.0,1.0,0,nan,nan,nan,2.8854672963466716e-06,0.026497990597484755
1295,stimulus,47,7,2,0,0,-1.0,-1.0,1,1,0,0,0.0,0.026497990597484755
1296,stimulus,47,7,5,1,0,-1.0,-1.0,1,0,1,0,0.0,0.026497990597484755
1297,stimulus,47,0,5,1,0,-1.0,-1.0,1,0,1,0,0.0,0.026497990597484755
1298,stimulus,47,0,5,1,0,-1.0,-1.0,1,0,1,0,0.0,0.026497990597484755
1299,stimulus,47,2,3,0,1,1.0,1.0,0,nan,nan,nan,2.8854672963466716e-06,0.026500876064781097
1300,stimulus,47,3,4,1,1,1.0,1.0,0,nan,nan,nan,2.8854672963466716e-06,0.026503761532077445
1301,stimulus,47,6,5,1,1,1.0,1.0,0,nan,nan,nan,1.0869708077459737e-05,0.026492891823999987
1302,stimulus,47,5,6,1,1,1.0,1.0,0,nan,nan,nan,1.0869708077459737e-05,0.026482022115922526
1303,stimulus,47,8,7,1,1,1.0,1.0,0,nan,nan,nan,2.8854672963466716e-06,0.026484907583218874
1304,stimulus,47,0,6,0,0,-1.0,-1.0,1,5,0,1,0.0,0.026484907583218874
1305,stimulus,47,7,3,0,0,-1.0,-1.0,1,0,1,0,0.0,0.026484907583218874
1306,stimulus,47,7,5,1,0,-1.0,-1.0,1,0,1,0,0.0,0.026484907583218874
1307,stimulus,47,7,5,1,0,-1.0,-1.0,1,0,1,0,0.0,0.026484907583218874
1308,stimulus,47,1,5,1,0,-1.0,-1.0,1,0,1,0,0.0003996291894282235,0.026484907583218874
1309,stimulus,47,4,5,1,1,1.0,1.0,0,nan,nan,nan,2.8854672963466716e-06,0.026487793050515223
1310,stimulus,47,0,4,0,0,-1.0,-1.0,1,1,0,0,0.0,0.026487793050515223
1311,stimulus,47,8,5,1,0,-1.0,-1.0,1,0,1,0,0.0,0.026487793050515223
1312,stimulus,47,3,3,0,1,1.0,1.0,0,nan,nan,nan,2.8854672963466716e-06,0.02649067851781157
1313,stimulus,47,0,4,1,0,-1.0,-1.0,1,1,0,0,0.0003996291894282235,0.02649067851781157
1314,stimulus,47,0,5,1,0,-1.0,-1.0,1,0,1,0,0.0,0.02649067851781157
1315,stimulus,47,1,5,1,0,-1.0,-1.0,1,0,1,0,0.0003996291894282235,0.02649067851781157
1316,stimulus,47,7,5,1,0,-1.0,-1.0,1,0,1,0,0.0,0.02649067851781157
1317,stimulus,47,0,5,1,0,-1.0,-1.0,1,0,1,0,0.0,0.02649067851781157
1318,stimulus,47,6,5,1,1,1.0,1.0,0,nan,nan,nan,2.8854672963466716e-06,0.026493563985107917
1319,stimulus,47,0,6,1,0,-1.0,-1.0,1,1,0,0,0.0,0.026493563985107917
1320,stimulus,47,8,3,0,0,-1.0,-1.0,1,0,1,0,0.0,0.026493563985107917
1321,stimulus,47,3,3,0,1,1.0,1.0,0,nan,nan,nan,2.8854672963466716e-06,0.026496449452404258
1322,stimulus,47,1,2,0,1,1.0,1.0,0,nan,nan,nan,2.8854672963466716e-06,0.026499334919700614
1323,stimulus,47,8,3,1,0,-1.0,-1.0,1,2,0,0,0.0,0.026499334919700614
1324,stimulus,47,3,3,0,1,1.0,1.0,0,nan,nan,nan,2.8854672963466716e-06,0.026502220386996955
1325,stimulus,47,3,4,1,1,1.0,1.0,0,nan,nan,nan,2.8854672963466716e-06,0.026505105854293297
1326,stimulus,47,5,3,0,0,-1.0,-1.0,1,2,0,0,0.0003996291894282235,0.026505105854293297
1327,stimulus,47,1,5,1,0,-1.0,-1.0,1,0,1,0,0.0003996291894282235,0.026505105854293297
1328,stimulus,47,2,3,0,1,1.0,1.0,0,nan,nan,nan,2.8854672963466716e-06,0.026507991321589652
1329,stimulus,47,3,4,1,1,1.0,1.0,0,nan,nan,nan,2.8854672963466716e-06,0.026510876788885994
1330,stimulus,47,4,5,1,1,1.0,1.0,0,nan,nan,nan,1.0869708077459737e-05,0.02650000708080854
1331,stimulus,47,4,4,0,1,1.0,1.0,0,nan,nan,nan,2.8854672963466716e-06,0.026502892548104885
1332,stimulus,47,2,3,0,1,1.0,1.0,0,nan,nan,nan,1.0869708077459737e-05,0.02649202284002743
1333,stimulus,47,8,4,1,0,-1.0,-1.0,1,5,0,1,0.00017713899962048241,0.026669161839647914
1334,stimulus,47,5,3,0,0,-1.0,-1.0,1,0,1,0,0.0003996291894282235,0.026669161839647914
1335,stimulus,47,6,5,1,1,1.0,1.0,0,nan,nan,nan,2.8854672963466716e-06,0.02667204730694426
1336,stimulus,47,5,6,1,1,1.0,1.0,0,nan,nan,nan,2.8854672963466716e-06,0.0266749327742406
1337,stimulus,47,3,7,1,0,-1.0,-1.0,1,2,0,0,0.0003996291894282235,0.0266749327742406
1338,stimulus,47,4,5,1,1,1.0,1.0,0,nan,nan,nan,2.8854672963466716e-06,0.02667781824153695
1339,stimulus,47,0,4,0,0,-1.0,-1.0,1,1,0,0,0.0,0.02667781824153695
1340,stimulus,47,2,3,0,1,1.0,1.0,0,nan,nan,nan,2.8854672963466716e-06,0.026680703708833298
1341,stimulus,47,8,2,0,0,-1.0,-1.0,1,1,0,0,0.00017713899962048241,0.02685784270845378
1342,stimulus,47,7,5,1,0,-1.0,-1.0,1,0,1,0,0.0,0.02685784270845378
1343,stimulus,47,8,5,1,0,-1.0,-1.0,1,0,1,0,0.0,0.02685784270845378
1344,stimulus,47,7,3,0,0,-1.0,-1.0,1,0,1,0,0.0,0.02685784270845378
1345,stimulus,47,1,5,1,0,-1.0,-1.0,1,0,1,0,0.0003996291894282235,0.02685784270845378
1346,stimulus,47,7,5,1,0,-1.0,-1.0,1,0,1,0,0.0,0.02685784270845378
1347,stimulus,47,8,3,0,0,-1.0,-1.0,1,0,1,0,0.0,0.02685784270845378
1348,stimulus,47,2,3,0,1,1.0,1.0,0,nan,nan,nan,2.8854672963466716e-06,0.02686072817575013
1349,stimulus,47,3,4,1,1,1.0,1.0,0,nan,nan,nan,2.8854672963466716e-06,0.02686361364304648
1350,stimulus,47,8,5,1,0,-1.0,-1.0,1,2,0,0,0.0,0.02686361364304648
1351,stimulus,47,8,5,1,0,-1.0,-1.0,1,0,1,0,0.0,0.02686361364304648
1352,stimulus,47,0,3,0,0,-1.0,-1.0,1,0,1,0,0.0,0.02686361364304648
1353,stimulus,47,6,5,1,1,1.0,1.0,0,nan,nan,nan,2.8854672963466716e-06,0.026866499110342824
1354,stimulus,47,8,6,1,0,-1.0,-1.0,1,1,0,0,0.0,0.026866499110342824
1355,stimulus,47,1,5,1,0,-1.0,-1.0,1,0,1,0,0.0003996291894282235,0.026866499110342824
1356,stimulus,47,5,3,0,0,-1.0,-1.0,1,0,1,0,0.0003996291894282235,0.026866499110342824
1357,stimulus,47,5,3,0,0,-1.0,-1.0,1,0,1,0,0.0003996291894282235,0.026866499110342824
1358,stimulus,47,1,5,1,0,-1.0,-1.0,1,0,1,0,0.0003996291894282235,0.026866499110342824
1359,stimulus,47,4,5,1,1,1.0,1.0,0,nan,nan,nan,2.8854672963466716e-06,0.026869384577639165
1360,stimulus,47,2,6,1,0,-1.0,-1.0,1,1,0,0,0.0003996291894282235,0.026869384577639165
1361,stimulus,47,8,5,1,0,-1.0,-1.0,1,0,1,0,0.0,0.026869384577639165
1362,stimulus,47,3,3,0,1,1.0,1.0,0,nan,nan,nan,1.0869708077459737e-05,0.026858514869561707
1363,stimulus,47,7,2,0,0,-1.0,-1.0,1,1,0,0,0.0,0.026858514869561707
1364,stimulus,47,1,5,1,0,-1.0,-1.0,1,0,1,0,0.0003996291894282235,0.026858514869561707
1365,stimulus,47,6,5,1,1,1.0,1.0,0,nan,nan,nan,1.0869708077459737e-05,0.026847645161484253
1366,stimulus,47,1,6,1,0,-1.0,-1.0,1,1,0,0,0.0,0.026847645161484253
1367,stimulus,47,4,5,1,1,1.0,1.0,0,nan,nan,nan,1.0869708077459737e-05,0.02683677545340679
1368,stimulus,47,7,6,1,1,1.0,1.0,0,nan,nan,nan,2.8854672963466716e-06,0.026839660920703133
1369,stimulus,47,7,5,0,0,-1.0,-1.0,1,2,0,0,0.0003996291894282235,0.026839660920703133
1370,stimulus,47,8,3,0,0,-1.0,-1.0,1,0,1,0,0.0,0.026839660920703133
1371,stimulus,47,2,3,0,1,1.0,1.0,0,nan,nan,nan,2.8854672963466716e-06,0.02684254638799948
1372,stimulus,47,2,2,0,1,1.0,1.0,0,nan,nan,nan,2.8854672963466716e-06,0.02684543185529583
1373,stimulus,47,4,3,1,1,1.0,1.0,0,nan,nan,nan,2.8854672963466716e-06,0.026848317322592175
1374,stimulus,47,0,4,1,0,-1.0,-1.0,1,3,0,1,0.0003996291894282235,0.026848317322592175
1375,stimulus,47,1,5,1,0,-1.0,-1.0,1,0,1,0,0.0003996291894282235,0.026848317322592175
1376,stimulus,47,1,5,1,0,-1.0,-1.0,1,0,1,0,0.0003996291894282235,0.026848317322592175
1377,stimulus,47,7,5,1,0,-1.0,-1.0,1,0,1,0,0.0,0.026848317322592175
1378,stimulus,47,3,3,0,1,1.0,1.0,0,nan,nan,nan,2.8854672963466716e-06,0.026851202789888524
1379,stimulus,47,8,4,1,0,-1.0,-1.0,1,1,0,0,0.00017713899962048241,0.027028341789509008
1380,stimulus,47,5,3,0,0,-1.0,-1.0,1,0,1,0,0.0003996291894282235,0.027028341789509008
1381,stimulus,47,2,3,0,1,1.0,1.0,0,nan,nan,nan,2.8854672963466716e-06,0.027031227256805353
1382,stimulus,47,7,2,0,0,-1.0,-1.0,1,1,0,0,0.0,0.027031227256805353
1383,stimulus,47,3,3,0,1,1.0,1.0,0,nan,nan,nan,2.8854672963466716e-06,0.0270341127241017
1384,stimulus,47,5,4,1,1,1.0,1.0,0,nan,nan,nan,2.8854672963466716e-06,0.02703699819139805
1385,stimulus,47,7,5,1,0,-1.0,-1.0,1,2,0,0,0.0,0.02703699819139805
1386,stimulus,47,7,3,0,0,-1.0,-1.0,1,0,1,0,0.0,0.02703699819139805
1387,stimulus,47,6,5,1,1,1.0,1.0,0,nan,nan,nan,1.0869708077459737e-05,0.02702612848332059
1388,stimulus,47,8,4,0,0,-1.0,-1.0,1,1,0,0,0.0,0.02702612848332059
1389,stimulus,47,6,5,1,1,1.0,1.0,0,nan,nan,nan,2.8854672963466716e-06,0.027029013950616937
1390,stimulus,47,8,4,0,0,-1.0,-1.0,1,1,0,0,0.0,0.027029013950616937
1391,stimulus,47,4,5,1,1,1.0,1.0,0,nan,nan,nan,2.8854672963466716e-06,0.027031899417913285
1392,stimulus,47,2,6,1,0,-1.0,-1.0,1,1,0,0,0.0003996291894282235,0.027031899417913285
1393,stimulus,47,0,3,0,0,-1.0,-1.0,1,0,1,0,0.0,0.027031899417913285
1394,stimulus,47,8,3,0,0,-1.0,-1.0,1,0,1,0,0.0,0.027031899417913285
1395,stimulus,47,8,5,1,0,-1.0,-1.0,1,0,1,0,0.0,0.027031899417913285
1396,stimulus,47,3,5,1,0,-1.0,-1.0,1,0,1,0,2.8854672963466716e-06,0.027029013950616937
1397,stimulus,47,0,3,0,0,-1.0,-1.0,1,0,1,0,0.0,0.027029013950616937
1398,stimulus,47,3,3,0,1,1.0,1.0,0,nan,nan,nan,2.8854672963466716e-06,0.027031899417913285
1399,stimulus,47,7,2,0,0,-1.0,-1.0,1,1,0,0,0.0,0.027031899417913285
1400,stimulus,47,2,3,0,1,1.0,1.0,0,nan,nan,nan,1.0869708077459737e-05,0.027021029709835824
1401,stimulus,47,3,4,1,1,1.0,1.0,0,nan,nan,nan,2.8854672963466716e-06,0.027023915177132173
1402,stimulus,47,7,5,1,0,-1.0,-1.0,1,2,0,0,0.0,0.027023915177132173
1403,stimulus,47,1,5,1,0,-1.0,-1.0,1,0,1,0,0.0003996291894282235,0.027023915177132173
1404,stimulus,47,3,3,0,1,1.0,1.0,0,nan,nan,nan,2.8854672963466716e-06,0.027026800644428518
1405,stimulus,47,2,2,0,1,1.0,1.0,0,nan,nan,nan,1.0869708077459737e-05,0.027015930936351056
1406,stimulus,47,4,3,1,1,1.0,1.0,0,nan,nan,nan,2.8854672963466716e-06,0.0270188164036474
1407,stimulus,47,5,4,1,1,1.0,1.0,0,nan,nan,nan,2.8854672963466716e-06,0.02702170187094375
1408,stimulus,47,0,3,0,0,-1.0,-1.0,1,4,0,1,0.0,0.02702170187094375
1409,stimulus,47,7,5,1,0,-1.0,-1.0,1,0,1,0,0.0,0.02702170187094375
1410,stimulus,47,4,5,1,1,1.0,1.0,0,nan,nan,nan,2.8854672963466716e-06,0.0270245873382401
1411,stimulus,47,3,4,0,1,1.0,1.0,0,nan,nan,nan,2.8854672963466716e-06,0.027027472805536447
1412,stimulus,47,8,5,1,0,-1.0,-1.0,1,2,0,0,0.0,0.027027472805536447
1413,stimulus,47,5,3,0,0,-1.0,-1.0,1,0,1,0,0.0003996291894282235,0.027027472805536447
1414,stimulus,47,7,3,0,0,-1.0,-1.0,1,0,1,0,0.0,0.027027472805536447
1415,stimulus,47,6,5,1,1,1.0,1.0,0,nan,nan,nan,2.8854672963466716e-06,0.027030358272832795
1416,stimulus,47,7,6,1,1,1.0,1.0,0,nan,nan,nan,1.0869708077459737e-05,0.027019488564755334
1417,stimulus,47,7,5,0,0,-1.0,-1.0,1,2,0,0,0.0003996291894282235,0.027019488564755334
1418,stimulus,47,8,3,0,0,-1.0,-1.0,1,0,1,0,0.0,0.027019488564755334
1419,stimulus,47,0,3,0,0,-1.0,-1.0,1,0,1,0,0.0,0.027019488564755334
1420,stimulus,47,7,5,1,0,-1.0,-1.0,1,0,1,0,0.0,0.027019488564755334
1421,stimulus,47,3,3,0,1,1.0,1.0,0,nan,nan,nan,2.8854672963466716e-06,0.027022374032051676
1422,stimulus,47,0,4,1,0,-1.0,-1.0,1,1,0,0,0.0003996291894282235,0.027022374032051676
1423,stimulus,47,3,3,0,1,1.0,1.0,0,nan,nan,nan,2.8854672963466716e-06,0.027025259499348024
1424,stimulus,47,3,4,1,1,1.0,1.0,0,nan,nan,nan,2.8854672963466716e-06,0.027028144966644373
1425,stimulus,47,2,3,0,1,1.0,1.0,0,nan,nan,nan,2.8854672963466716e-06,0.027031030433940718
1426,stimulus,47,8,4,1,0,-1.0,-1.0,1,3,0,1,0.00017713899962048241,0.02720816943356119
1427,stimulus,47,8,3,0,0,-1.0,-1.0,1,0,1,0,0.0,0.02720816943356119
1428,stimulus,47,2,3,0,1,1.0,1.0,0,nan,nan,nan,2.8854672963466716e-06,0.02721105490085754
1429,stimulus,47,0,4,1,0,-1.0,-1.0,1,1,0,0,0.0003996291894282235,0.02721105490085754
1430,stimulus,47,8,3,0,0,-1.0,-1.0,1,0,1,0,0.0,0.02721105490085754
1431,stimulus,47,0,5,1,0,-1.0,-1.0,1,0,1,0,0.0,0.02721105490085754
1432,stimulus,47,6,5,1,1,1.0,1.0,0,nan,nan,nan,2.8854672963466716e-06,0.02721394036815389
1433,stimulus,47,5,6,1,1,1.0,1.0,0,nan,nan,nan,1.0869708077459737e-05,0.027203070660076427
1434,stimulus,47,8,7,1,1,1.0,1.0,0,nan,nan,nan,2.8854672963466716e-06,0.027205956127372772
1435,stimulus,47,8,6,0,0,-1.0,-1.0,1,3,0,1,0.0003996291894282235,0.027205956127372772
1436,stimulus,47,6,5,1,1,1.0,1.0,0,nan,nan,nan,2.8854672963466716e-06,0.02720884159466912
1437,stimulus,47,0,4,0,0,-1.0,-1.0,1,1,0,0,0.0,0.02720884159466912
1438,stimulus,47,6,5,1,1,1.0,1.0,0,nan,nan,nan,2.8854672963466716e-06,0.02721172706196547
1439,stimulus,47,6,4,0,0,-1.0,-1.0,1,1,0,0,0.0003996291894282235,0.02721172706196547
1440,stimulus,47,3,3,0,1,1.0,1.0,0,nan,nan,nan,2.8854672963466716e-06,0.027214612529261818
1441,stimulus,47,1,2,0,1,1.0,1.0,0,nan,nan,nan,1.0869708077459737e-05,0.027203742821184356
1442,stimulus,47,3,1,0,0,-1.0,-1.0,1,2,0,0,0.0003996291894282235,0.027203742821184356
1443,stimulus,47,3,3,0,1,1.0,1.0,0,nan,nan,nan,2.8854672963466716e-06,0.027206628288480705
1444,stimulus,47,6,2,0,0,-1.0,-1.0,1,1,0,0,0.0,0.027206628288480705
1445,stimulus,47,6,5,1,1,1.0,1.0,0,nan,nan,nan,1.0869708077459737e-05,0.02719575858040324
1446,stimulus,47,8,4,0,0,-1.0,-1.0,1,1,0,0,0.0,0.02719575858040324
1447,stimulus,47,5,3,0,0,-1.0,-1.0,1,0,1,0,0.0003996291894282235,0.02719575858040324
1448,stimulus,47,3,3,0,1,1.0,1.0,0,nan,nan,nan,1.0869708077459737e-05,0.027184888872325785
1449,stimulus,47,6,2,0,0,-1.0,-1.0,1,1,0,0,0.0,0.027184888872325785
1450,stimulus,47,7,5,1,0,-1.0,-1.0,1,0,1,0,0.0,0.027184888872325785
1451,stimulus,47,4,5,1,1,1.0,1.0,0,nan,nan,nan,2.8854672963466716e-06,0.027187774339622127
1452,stimulus,47,2,6,1,0,-1.0,-1.0,1,1,0,0,0.0003996291894282235,0.027187774339622127
1453,stimulus,47,3,3,0,1,1.0,1.0,0,nan,nan,nan,2.8854672963466716e-06,0.027190659806918475
1454,stimulus,47,4,2,0,0,-1.0,-1.0,1,1,0,0,0.0003996291894282235,0.027190659806918475
1455,stimulus,47,7,3,0,0,-1.0,-1.0,1,0,1,0,0.0,0.027190659806918475
1456,stimulus,47,7,3,0,0,-1.0,-1.0,1,0,1,0,0.0,0.027190659806918475
1457,stimulus,47,0,3,0,0,-1.0,-1.0,1,0,1,0,0.0,0.027190659806918475
1458,stimulus,47,2,3,0,1,1.0,1.0,0,nan,nan,nan,2.8854672963466716e-06,0.02719354527421482
1459,stimulus,47,7,2,0,0,-1.0,-1.0,1,1,0,0,0.0,0.02719354527421482
1460,stimulus,47,6,5,1,1,1.0,1.0,0,nan,nan,nan,2.8854672963466716e-06,0.02719643074151117
1461,stimulus,47,3,4,0,1,1.0,1.0,0,nan,nan,nan,2.8854672963466716e-06,0.027199316208807518
1462,stimulus,47,3,3,0,1,1.0,1.0,0,nan,nan,nan,2.8854672963466716e-06,0.027202201676103866
1463,stimulus,47,5,4,1,1,1.0,1.0,0,nan,nan,nan,2.8854672963466716e-06,0.027205087143400215
1464,stimulus,47,7,3,0,0,-1.0,-1.0,1,4,0,1,0.0,0.027205087143400215
1465,stimulus,47,7,3,0,0,-1.0,-1.0,1,0,1,0,0.0,0.027205087143400215
1466,stimulus,47,6,5,1,1,1.0,1.0,0,nan,nan,nan,2.8854672963466716e-06,0.027207972610696556
1467,stimulus,47,5,6,1,1,1.0,1.0,0,nan,nan,nan,2.8854672963466716e-06,0.027210858077992905
1468,stimulus,47,4,5,0,1,1.0,1.0,0,nan,nan,nan,2.8854672963466716e-06,0.02721374354528925
1469,stimulus,47,2,6,1,0,-1.0,-1.0,1,3,0,1,0.0003996291894282235,0.02721374354528925
1470,stimulus,47,0,3,0,0,-1.0,-1.0,1,0,1,0,0.0,0.02721374354528925
1471,stimulus,47,4,5,1,1,1.0,1.0,0,nan,nan,nan,2.8854672963466716e-06,0.0272166290125856
1472,stimulus,47,6,6,1,1,1.0,1.0,0,nan,nan,nan,0.0003996291894282235,0.026816999823157377
1473,stimulus,47,6,7,1,1,1.0,1.0,0,nan,nan,nan,2.8854672963466716e-06,0.026819885290453725
1474,stimulus,47,0,6,0,0,-1.0,-1.0,1,3,0,1,0.0,0.026819885290453725
1475,stimulus,47,8,3,0,0,-1.0,-1.0,1,0,1,0,0.0,0.026819885290453725
1476,stimulus,47,8,3,0,0,-1.0,-1.0,1,0,1,0,0.0,0.026819885290453725
1477,stimulus,47,1,5,1,0,-1.0,-1.0,1,0,1,0,0.0003996291894282235,0.026819885290453725
1478,stimulus,47,0,5,1,0,-1.0,-1.0,1,0,1,0,0.0,0.026819885290453725
1479,stimulus,47,8,3,0,0,-1.0,-1.0,1,0,1,0,0.0,0.026819885290453725
1480,stimulus,47,7,5,1,0,-1.0,-1.0,1,0,1,0,0.0,0.026819885290453725
1481,stimulus,47,3,3,0,1,1.0,1.0,0,nan,nan,nan,2.8854672963466716e-06,0.02682277075775007
1482,stimulus,47,0,4,1,0,-1.0,-1.0,1,1,0,0,0.0003996291894282235,0.02682277075775007
1483,stimulus,47,7,5,1,0,-1.0,-1.0,1,0,1,0,0.0,0.02682277075775007
1484,stimulus,47,4,5,1,1,1.0,1.0,0,nan,nan,nan,1.0869708077459737e-05,0.026811901049672616
1485,stimulus,47,5,6,1,1,1.0,1.0,0,nan,nan,nan,2.8854672963466716e-06,0.026814786516968957
1486,stimulus,47,4,5,0,1,1.0,1.0,0,nan,nan,nan,2.8854672963466716e-06,0.026817671984265306
1487,stimulus,47,4,4,0,1,1.0,1.0,0,nan,nan,nan,1.0869708077459737e-05,0.026806802276187848
1488,stimulus,47,8,5,1,0,-1.0,-1.0,1,4,0,1,0.0,0.026806802276187848
1489,stimulus,47,8,3,0,0,-1.0,-1.0,1,0,1,0,0.0,0.026806802276187848
1490,stimulus,47,0,5,1,0,-1.0,-1.0,1,0,1,0,0.0,0.026806802276187848
1491,stimulus,47,7,5,1,0,-1.0,-1.0,1,0,1,0,0.0,0.026806802276187848
1492,stimulus,47,2,3,0,1,1.0,1.0,0,nan,nan,nan,1.0869708077459737e-05,0.026795932568110387
1493,stimulus,47,8,4,1,0,-1.0,-1.0,1,1,0,0,0.00017713899962048241,0.02697307156773086
1494,stimulus,47,8,3,0,0,-1.0,-1.0,1,0,1,0,0.0,0.02697307156773086
1495,stimulus,47,2,3,0,1,1.0,1.0,0,nan,nan,nan,2.8854672963466716e-06,0.026975957035027205
1496,stimulus,47,1,2,0,1,1.0,1.0,0,nan,nan,nan,2.8854672963466716e-06,0.026978842502323554
1497,stimulus,47,3,1,0,0,-1.0,-1.0,1,2,0,0,0.0003996291894282235,0.027378471691751782
1498,stimulus,47,8,5,1,0,-1.0,-1.0,1,0,1,0,0.0,0.027378471691751782
1499,stimulus,47,0,3,0,0,-1.0,-1.0,1,0,1,0,0.0,0.027378471691751782
1500,stimulus,47,6,5,1,1,1.0,1.0,0,nan,nan,nan,2.8854672963466716e-06,0.02738135715904813
1501,stimulus,47,2,6,1,0,-1.0,-1.0,1,1,0,0,0.0003996291894282235,0.02738135715904813
1502,stimulus,47,1,5,1,0,-1.0,-1.0,1,0,1,0,0.0003996291894282235,0.02738135715904813
1503,stimulus,47,1,5,1,0,-1.0,-1.0,1,0,1,0,0.0003996291894282235,0.02738135715904813
1504,stimulus,47,8,3,0,0,-1.0,-1.0,1,0,1,0,0.0,0.02738135715904813
1505,stimulus,47,6,5,1,1,1.0,1.0,0,nan,nan,nan,1.0869708077459737e-05,0.02737048745097067
1506,stimulus,47,3,4,0,1,1.0,1.0,0,nan,nan,nan,2.8854672963466716e-06,0.027373372918267018
1507,stimulus,47,0,5,1,0,-1.0,-1.0,1,2,0,0,0.0,0.027373372918267018
1508,stimulus,47,5,3,0,0,-1.0,-1.0,1,0,1,0,0.0003996291894282235,0.027373372918267018
1509,stimulus,47,1,5,1,0,-1.0,-1.0,1,0,1,0,0.0003996291894282235,0.027373372918267018
1510,stimulus,47,6,5,1,1,1.0,1.0,0,nan,nan,nan,2.8854672963466716e-06,0.027376258385563363
1511,stimulus,47,3,4,0,1,1.0,1.0,0,nan,nan,nan,2.8854672963466716e-06,0.02737914385285971
1512,stimulus,47,6,5,1,1,1.0,1.0,0,nan,nan,nan,2.8854672963466716e-06,0.02738202932015606
1513,stimulus,47,5,6,1,1,1.0,1.0,0,nan,nan,nan,2.8854672963466716e-06,0.02738491478745241
1514,stimulus,47,4,5,0,1,1.0,1.0,0,nan,nan,nan,1.0869708077459737e-05,0.027374045079374944
1515,stimulus,47,3,4,0,1,1.0,1.0,0,nan,nan,nan,2.8854672963466716e-06,0.027376930546671285
1516,stimulus,47,6,5,1,1,1.0,1.0,0,nan,nan,nan,2.8854672963466716e-06,0.02737981601396764
1517,stimulus,47,0,4,0,0,-1.0,-1.0,1,7,0,1,0.0,0.02737981601396764
1518,stimulus,47,3,3,0,1,1.0,1.0,0,nan,nan,nan,2.8854672963466716e-06,0.027382701481263982
1519,stimulus,47,7,4,1,0,-1.0,-1.0,1,1,0,0,0.0,0.027382701481263982
1520,stimulus,47,7,3,0,0,-1.0,-1.0,1,0,1,0,0.0,0.027382701481263982
1521,stimulus,47,3,3,0,1,1.0,1.0,0,nan,nan,nan,2.8854672963466716e-06,0.02738558694856033
1522,stimulus,47,7,4,1,0,-1.0,-1.0,1,1,0,0,0.0,0.02738558694856033
1523,stimulus,47,1,5,1,0,-1.0,-1.0,1,0,1,0,0.0003996291894282235,0.02738558694856033
1524,stimulus,47,3,3,0,1,1.0,1.0,0,nan,nan,nan,2.8854672963466716e-06,0.02738847241585668
1525,stimulus,47,3,4,1,1,1.0,1.0,0,nan,nan,nan,2.8854672963466716e-06,0.027391357883153028
1526,stimulus,47,8,5,1,0,-1.0,-1.0,1,2,0,0,0.0,0.027391357883153028
1527,stimulus,47,4,5,1,1,1.0,1.0,0,nan,nan,nan,2.8854672963466716e-06,0.02739424335044937
1528,stimulus,47,2,6,1,0,-1.0,-1.0,1,1,0,0,0.0003996291894282235,0.02739424335044937
1529,stimulus,47,0,3,0,0,-1.0,-1.0,1,0,1,0,0.0,0.02739424335044937
1530,stimulus,47,3,3,0,1,1.0,1.0,0,nan,nan,nan,2.8854672963466716e-06,0.027397128817745718
1531,stimulus,47,4,2,0,0,-1.0,-1.0,1,1,0,0,0.0003996291894282235,0.027397128817745718
1532,stimulus,47,7,3,0,0,-1.0,-1.0,1,0,1,0,0.0,0.027397128817745718
1533,stimulus,47,7,3,0,0,-1.0,-1.0,1,0,1,0,0.0,0.027397128817745718
1534,stimulus,47,7,3,0,0,-1.0,-1.0,1,0,1,0,0.0,0.027397128817745718
1535,stimulus,47,5,3,0,0,-1.0,-1.0,1,0,1,0,0.0003996291894282235,0.027397128817745718
1536,stimulus,47,4,5,1,1,1.0,1.0,0,nan,nan,nan,1.0869708077459737e-05,0.02738625910966826
1537,stimulus,47,5,6,1,1,1.0,1.0,0,nan,nan,nan,2.8854672963466716e-06,0.02738914457696461
1538,stimulus,47,1,7,1,0,-1.0,-1.0,1,2,0,0,0.0,0.02738914457696461
1539,stimulus,47,2,5,1,0,-1.0,-1.0,1,0,1,0,2.8854672963466716e-06,0.027386259109668264
1540,stimulus,47,5,3,0,0,-1.0,-1.0,1,0,1,0,0.0003996291894282235,0.027386259109668264
1541,stimulus,47,7,3,0,0,-1.0,-1.0,1,0,1,0,0.0,0.027386259109668264
1542,stimulus,47,3,3,0,1,1.0,1.0,0,nan,nan,nan,1.0869708077459737e-05,0.0273753894015908
1543,stimulus,47,3,4,1,1,1.0,1.0,0,nan,nan,nan,2.8854672963466716e-06,0.027378274868887154
1544,stimulus,47,5,3,0,0,-1.0,-1.0,1,2,0,0,0.0003996291894282235,0.027378274868887154
1545,stimulus,47,0,5,1,0,-1.0,-1.0,1,0,1,0,0.0,0.027378274868887154
1546,stimulus,47,3,3,0,1,1.0,1.0,0,nan,nan,nan,2.8854672963466716e-06,0.027381160336183496
1547,stimulus,47,3,4,1,1,1.0,1.0,0,nan,nan,nan,2.8854672963466716e-06,0.027384045803479844
1548,stimulus,47,2,3,0,1,1.0,1.0,0,nan,nan,nan,2.8854672963466716e-06,0.02738693127077619
1549,stimulus,47,7,2,0,0,-1.0,-1.0,1,3,0,1,0.0,0.02738693127077619
1550,stimulus,47,4,5,1,1,1.0,1.0,0,nan,nan,nan,1.0869708077459737e-05,0.027376061562698728
1551,stimulus,47,8,6,1,0,-1.0,-1.0,1,1,0,0,0.0,0.027376061562698728
1552,stimulus,47,1,5,1,0,-1.0,-1.0,1,0,1,0,0.0003996291894282235,0.027376061562698728
1553,stimulus,47,6,5,1,1,1.0,1.0,0,nan,nan,nan,1.0869708077459737e-05,0.027365191854621267
1554,stimulus,47,6,4,0,0,-1.0,-1.0,1,1,0,0,0.0003996291894282235,0.027365191854621267
1555,stimulus,47,7,3,0,0,-1.0,-1.0,1,0,1,0,0.0,0.027365191854621267
1556,stimulus,47,1,5,1,0,-1.0,-1.0,1,0,1,0,0.0003996291894282235,0.027365191854621267
1557,stimulus,47,8,5,1,0,-1.0,-1.0,1,0,1,0,0.0,0.027365191854621267
1558,stimulus,47,2,3,0,1,1.0,1.0,0,nan,nan,nan,2.8854672963466716e-06,0.027368077321917615
1559,stimulus,47,5,4,1,1,1.0,1.0,0,nan,nan,nan,2.8854672963466716e-06,0.02737096278921396
1560,stimulus,47,0,5,1,0,-1.0,-1.0,1,2,0,0,0.0,0.02737096278921396
1561,stimulus,47,5,3,0,0,-1.0,-1.0,1,0,1,0,0.0003996291894282235,0.02737096278921396
1562,stimulus,47,6,5,1,1,1.0,1.0,0,nan,nan,nan,2.8854672963466716e-06,0.02737384825651031
1563,stimulus,47,6,4,0,0,-1.0,-1.0,1,1,0,0,0.0003996291894282235,0.02737384825651031
1564,stimulus,47,6,5,1,1,1.0,1.0,0,nan,nan,nan,2.8854672963466716e-06,0.027376733723806657
1565,stimulus,47,4,4,0,1,1.0,1.0,0,nan,nan,nan,2.8854672963466716e-06,0.027379619191103006
1566,stimulus,47,3,3,0,1,1.0,1.0,0,nan,nan,nan,2.8854672963466716e-06,0.027382504658399354
1567,stimulus,47,5,4,1,1,1.0,1.0,0,nan,nan,nan,2.8854672963466716e-06,0.027385390125695696
1568,stimulus,47,1,5,1,0,-1.0,-1.0,1,4,0,1,0.0003996291894282235,0.027385390125695696
1569,stimulus,47,5,3,0,0,-1.0,-1.0,1,0,1,0,0.0003996291894282235,0.027385390125695696
1570,stimulus,47,1,5,1,0,-1.0,-1.0,1,0,1,0,0.0003996291894282235,0.027385390125695696
1571,stimulus,47,8,3,0,0,-1.0,-1.0,1,0,1,0,0.0,0.027385390125695696
1572,stimulus,47,2,3,0,1,1.0,1.0,0,nan,nan,nan,2.8854672963466716e-06,0.02738827559299204
1573,stimulus,47,4,2,0,0,-1.0,-1.0,1,1,0,0,0.0003996291894282235,0.02738827559299204
1574,stimulus,47,5,3,0,0,-1.0,-1.0,1,0,1,0,0.0003996291894282235,0.02738827559299204
1575,stimulus,47,7,3,0,0,-1.0,-1.0,1,0,1,0,0.0,0.02738827559299204
1576,stimulus,47,3,3,0,1,1.0,1.0,0,nan,nan,nan,2.8854672963466716e-06,0.02739116106028839
1577,stimulus,47,0,4,1,0,-1.0,-1.0,1,1,0,0,0.0003996291894282235,0.02739116106028839
1578,stimulus,47,7,5,1,0,-1.0,-1.0,1,0,1,0,0.0,0.02739116106028839
1579,stimulus,47,4,5,1,1,1.0,1.0,0,nan,nan,nan,2.8854672963466716e-06,0.027394046527584738
1580,stimulus,47,4,4,0,1,1.0,1.0,0,nan,nan,nan,1.0869708077459737e-05,0.027383176819507277
1581,stimulus,47,0,3,0,0,-1.0,-1.0,1,2,0,0,0.0,0.027383176819507277
1582,stimulus,47,7,3,0,0,-1.0,-1.0,1,0,1,0,0.0,0.027383176819507277
1583,stimulus,47,5,5,1,1,1.0,1.0,0,nan,nan,nan,0.0003996291894282235,0.026983547630079048
1584,stimulus,47,8,6,1,0,-1.0,-1.0,1,1,0,0,0.0,0.026983547630079048
1585,stimulus,47,3,3,0,1,1.0,1.0,0,nan,nan,nan,2.8854672963466716e-06,0.026986433097375397
1586,stimulus,47,7,2,0,0,-1.0,-1.0,1,1,0,0,0.0,0.026986433097375397
1587,stimulus,47,7,5,1,0,-1.0,-1.0,1,0,1,0,0.0,0.026986433097375397
1588,stimulus,47,7,5,1,0,-1.0,-1.0,1,0,1,0,0.0,0.026986433097375397
1589,stimulus,47,5,3,0,0,-1.0,-1.0,1,0,1,0,0.0003996291894282235,0.027386062286803625
1590,stimulus,47,3,3,0,1,1.0,1.0,0,nan,nan,nan,2.8854672963466716e-06,0.027388947754099967
1591,stimulus,47,4,2,0,0,-1.0,-1.0,1,1,0,0,0.0003996291894282235,0.027388947754099967
1592,stimulus,47,5,3,0,0,-1.0,-1.0,1,0,1,0,0.0003996291894282235,0.027388947754099967
1593,stimulus,47,6,5,1,1,1.0,1.0,0,nan,nan,nan,1.0869708077459737e-05,0.02737807804602251
1594,stimulus,47,2,6,1,0,-1.0,-1.0,1,1,0,0,0.0003996291894282235,0.02737807804602251
1595,stimulus,47,8,3,0,0,-1.0,-1.0,1,0,1,0,0.0,0.02737807804602251
1596,stimulus,47,6,5,1,1,1.0,1.0,0,nan,nan,nan,2.8854672963466716e-06,0.027380963513318857
1597,stimulus,47,5,6,1,1,1.0,1.0,0,nan,nan,nan,2.8854672963466716e-06,0.0273838489806152
1598,stimulus,47,3,7,1,0,-1.0,-1.0,1,2,0,0,0.0003996291894282235,0.0273838489806152
1599,stimulus,47,6,5,1,1,1.0,1.0,0,nan,nan,nan,2.8854672963466716e-06,0.027386734447911554
1600,stimulus,47,7,6,1,1,1.0,1.0,0,nan,nan,nan,2.8854672963466716e-06,0.027389619915207896
1601,stimulus,47,2,7,1,0,-1.0,-1.0,1,2,0,0,0.0,0.027389619915207896
1602,stimulus,47,7,3,0,0,-1.0,-1.0,1,0,1,0,0.0,0.027389619915207896
1603,stimulus,47,1,5,1,0,-1.0,-1.0,1,0,1,0,0.0003996291894282235,0.027389619915207896
1604,stimulus,47,7,3,0,0,-1.0,-1.0,1,0,1,0,0.0,0.027389619915207896
1605,stimulus,47,3,3,0,1,1.0,1.0,0,nan,nan,nan,2.8854672963466716e-06,0.02739250538250424
1606,stimulus,47,4,2,0,0,-1.0,-1.0,1,1,0,0,0.0003996291894282235,0.02739250538250424
1607,stimulus,47,0,5,1,0,-1.0,-1.0,1,0,1,0,0.0,0.02739250538250424
1608,stimulus,47,6,5,1,1,1.0,1.0,0,nan,nan,nan,2.8854672963466716e-06,0.027395390849800593
1609,stimulus,47,3,4,0,1,1.0,1.0,0,nan,nan,nan,2.8854672963466716e-06,0.027398276317096938
1610,stimulus,47,7,3,0,0,-1.0,-1.0,1,2,0,0,0.0,0.027398276317096938
1611,stimulus,47,1,5,1,0,-1.0,-1.0,1,0,1,0,0.0003996291894282235,0.027398276317096938
1612,stimulus,47,3,3,0,1,1.0,1.0,0,nan,nan,nan,2.8854672963466716e-06,0.027401161784393287
1613,stimulus,47,1,2,0,1,1.0,1.0,0,nan,nan,nan,1.0869708077459737e-05,0.027390292076315825
1614,stimulus,47,6,3,1,0,-1.0,-1.0,1,2,0,0,0.0,0.027390292076315825
1615,stimulus,47,3,3,0,1,1.0,1.0,0,nan,nan,nan,1.0869708077459737e-05,0.027379422368238364
1616,stimulus,47,7,4,1,0,-1.0,-1.0,1,1,0,0,0.0,0.027379422368238364
1617,stimulus,47,5,3,0,0,-1.0,-1.0,1,0,1,0,0.0003996291894282235,0.027379422368238364
1618,stimulus,47,6,5,1,1,1.0,1.0,0,nan,nan,nan,1.0869708077459737e-05,0.027368552660160906
1619,stimulus,47,6,4,0,0,-1.0,-1.0,1,1,0,0,0.0003996291894282235,0.027368552660160906
1620,stimulus,47,8,5,1,0,-1.0,-1.0,1,0,1,0,0.0,0.027368552660160906
1621,stimulus,47,1,5,1,0,-1.0,-1.0,1,0,1,0,0.0003996291894282235,0.027368552660160906
1622,stimulus,47,7,5,1,0,-1.0,-1.0,1,0,1,0,0.0,0.027368552660160906
1623,stimulus,47,1,5,1,0,-1.0,-1.0,1,0,1,0,0.0003996291894282235,0.027368552660160906
1624,stimulus,47,7,3,0,0,-1.0,-1.0,1,0,1,0,0.0,0.027368552660160906
1625,stimulus,47,5,3,0,0,-1.0,-1.0,1,0,1,0,0.0003996291894282235,0.027368552660160906
1626,stimulus,47,5,3,0,0,-1.0,-1.0,1,0,1,0,0.0003996291894282235,0.027368552660160906
1627,stimulus,47,2,3,0,1,1.0,1.0,0,nan,nan,nan,2.8854672963466716e-06,0.027371438127457254
1628,stimulus,47,5,4,1,1,1.0,1.0,0,nan,nan,nan,2.8854672963466716e-06,0.027374323594753596
1629,stimulus,47,6,5,1,1,1.0,1.0,0,nan,nan,nan,2.8854672963466716e-06,0.027377209062049945
1630,stimulus,47,8,6,1,0,-1.0,-1.0,1,3,0,1,0.0,0.027377209062049945
1631,stimulus,47,2,3,0,1,1.0,1.0,0,nan,nan,nan,2.8854672963466716e-06,0.027380094529346293
1632,stimulus,47,1,2,0,1,1.0,1.0,0,nan,nan,nan,2.8854672963466716e-06,0.027382979996642638
1633,stimulus,47,6,3,1,0,-1.0,-1.0,1,2,0,0,0.0,0.027382979996642638
1634,stimulus,47,1,5,1,0,-1.0,-1.0,1,0,1,0,0.0003996291894282235,0.027382979996642638
1635,stimulus,47,2,3,0,1,1.0,1.0,0,nan,nan,nan,1.0869708077459737e-05,0.027372110288565177
1636,stimulus,47,3,4,1,1,1.0,1.0,0,nan,nan,nan,2.8854672963466716e-06,0.027374995755861525
1637,stimulus,47,8,3,0,0,-1.0,-1.0,1,2,0,0,0.0,0.027374995755861525
1638,stimulus,47,0,5,1,0,-1.0,-1.0,1,0,1,0,0.0,0.027374995755861525
1639,stimulus,47,4,5,1,1,1.0,1.0,0,nan,nan,nan,2.8854672963466716e-06,0.027377881223157874
1640,stimulus,47,4,4,0,1,1.0,1.0,0,nan,nan,nan,2.8854672963466716e-06,0.027380766690454215
1641,stimulus,47,8,5,1,0,-1.0,-1.0,1,2,0,0,0.0,0.027380766690454215
1642,stimulus,47,1,5,1,0,-1.0,-1.0,1,0,1,0,0.0003996291894282235,0.027380766690454215
1643,stimulus,47,0,5,1,0,-1.0,-1.0,1,0,1,0,0.0,0.027380766690454215
1644,stimulus,47,7,5,1,0,-1.0,-1.0,1,0,1,0,0.0,0.027380766690454215
1645,stimulus,47,0,3,0,0,-1.0,-1.0,1,0,1,0,0.0,0.027380766690454215
1646,stimulus,47,0,5,1,0,-1.0,-1.0,1,0,1,0,0.0,0.027380766690454215
1647,stimulus,47,6,5,1,1,1.0,1.0,0,nan,nan,nan,2.8854672963466716e-06,0.027383652157750564
1648,stimulus,47,1,4,0,0,-1.0,-1.0,1,1,0,0,0.0,0.027383652157750564
1649,stimulus,47,2,3,0,1,1.0,1.0,0,nan,nan,nan,2.8854672963466716e-06,0.027386537625046913
1650,stimulus,47,1,2,0,1,1.0,1.0,0,nan,nan,nan,2.8854672963466716e-06,0.027389423092343258
1651,stimulus,47,6,3,1,0,-1.0,-1.0,1,2,0,0,0.0,0.027389423092343258
1652,stimulus,47,6,5,1,1,1.0,1.0,0,nan,nan,nan,2.8854672963466716e-06,0.027392308559639606
1653,stimulus,47,6,4,0,0,-1.0,-1.0,1,1,0,0,0.0003996291894282235,0.027392308559639606
1654,stimulus,47,3,3,0,1,1.0,1.0,0,nan,nan,nan,2.8854672963466716e-06,0.027395194026935955
1655,stimulus,47,3,4,1,1,1.0,1.0,0,nan,nan,nan,1.0869708077459737e-05,0.027384324318858493
1656,stimulus,47,8,5,1,0,-1.0,-1.0,1,2,0,0,0.0,0.027384324318858493
1657,stimulus,47,7,3,0,0,-1.0,-1.0,1,0,1,0,0.0,0.027384324318858493
1658,stimulus,47,3,3,0,1,1.0,1.0,0,nan,nan,nan,2.8854672963466716e-06,0.027387209786154842
1659,stimulus,47,2,2,0,1,1.0,1.0,0,nan,nan,nan,2.8854672963466716e-06,0.027390095253451187
1660,stimulus,47,4,3,1,1,1.0,1.0,0,nan,nan,nan,1.0869708077459737e-05,0.027379225545373732
1661,stimulus,47,6,4,1,0,-1.0,-1.0,1,3,0,1,0.0,0.027379225545373732
1662,stimulus,47,8,3,0,0,-1.0,-1.0,1,0,1,0,0.0,0.027379225545373732
1663,stimulus,47,4,5,1,1,1.0,1.0,0,nan,nan,nan,2.8854672963466716e-06,0.027382111012670074
1664,stimulus,47,5,6,1,1,1.0,1.0,0,nan,nan,nan,2.8854672963466716e-06,0.027384996479966423
1665,stimulus,47,0,5,0,0,-1.0,-1.0,1,2,0,0,0.0,0.027384996479966423
1666,stimulus,47,0,3,0,0,-1.0,-1.0,1,0,1,0,0.0,0.027384996479966423
1667,stimulus,47,4,5,1,1,1.0,1.0,0,nan,nan,nan,2.8854672963466716e-06,0.02738788194726277
1668,stimulus,47,5,6,1,1,1.0,1.0,0,nan,nan,nan,2.8854672963466716e-06,0.027390767414559113
1669,stimulus,47,2,5,0,0,-1.0,-1.0,1,2,0,0,0.0,0.027390767414559113
1670,stimulus,47,5,3,0,0,-1.0,-1.0,1,0,1,0,0.0003996291894282235,0.027390767414559113
1671,stimulus,47,7,3,0,0,-1.0,-1.0,1,0,1,0,0.0,0.027390767414559113
1672,stimulus,47,1,3,0,0,-1.0,-1.0,1,0,1,0,0.0003996291894282235,0.027390767414559113
1673,stimulus,47,2,3,0,1,1.0,1.0,0,nan,nan,nan,2.8854672963466716e-06,0.02739365288185546
1674,stimulus,47,8,4,1,0,-1.0,-1.0,1,1,0,0,0.00023556238503779622,0.02762921526689327
1675,stimulus,47,2,3,0,1,1.0,1.0,0,nan,nan,nan,2.8854672963466716e-06,0.02763210073418961
1676,stimulus,47,2,2,0,1,1.0,1.0,0,nan,nan,nan,1.0869708077459737e-05,0.027621231026112154
1677,stimulus,47,5,1,0,0,-1.0,-1.0,1,2,0,0,0.0,0.027621231026112154
1678,stimulus,47,7,5,1,0,-1.0,-1.0,1,0,1,0,0.0,0.027621231026112154
1679,stimulus,47,3,3,0,1,1.0,1.0,0,nan,nan,nan,2.8854672963466716e-06,0.027624116493408502
1680,stimulus,47,6,2,0,0,-1.0,-1.0,1,1,0,0,0.0,0.027624116493408502
1681,stimulus,47,0,5,1,0,-1.0,-1.0,1,0,1,0,0.0,0.027624116493408502
1682,stimulus,47,4,5,1,1,1.0,1.0,0,nan,nan,nan,1.0869708077459737e-05,0.02761324678533104
1683,stimulus,47,2,6,1,0,-1.0,-1.0,1,1,0,0,0.0003996291894282235,0.02761324678533104
1684,stimulus,47,5,3,0,0,-1.0,-1.0,1,0,1,0,0.0003996291894282235,0.02761324678533104
1685,stimulus,47,5,3,0,0,-1.0,-1.0,1,0,1,0,0.0003996291894282235,0.02761324678533104
1686,stimulus,47,7,5,1,0,-1.0,-1.0,1,0,1,0,0.0,0.02761324678533104
1687,stimulus,47,1,5,1,0,-1.0,-1.0,1,0,1,0,0.0003996291894282235,0.02761324678533104
1688,stimulus,47,1,5,1,0,-1.0,-1.0,1,0,1,0,0.0003996291894282235,0.02761324678533104
1689,stimulus,47,8,3,0,0,-1.0,-1.0,1,0,1,0,0.0,0.02761324678533104
1690,stimulus,47,8,5,1,0,-1.0,-1.0,1,0,1,0,0.0,0.02761324678533104
1691,stimulus,47,6,5,1,1,1.0,1.0,0,nan,nan,nan,2.8854672963466716e-06,0.027616132252627386
1692,stimulus,47,8,4,0,0,-1.0,-1.0,1,1,0,0,0.0,0.027616132252627386
1693,stimulus,47,1,5,1,0,-1.0,-1.0,1,0,1,0,0.0003996291894282235,0.027616132252627386
1694,stimulus,47,5,3,0,0,-1.0,-1.0,1,0,1,0,0.0003996291894282235,0.027616132252627386
1695,stimulus,47,3,5,1,0,-1.0,-1.0,1,0,1,0,2.8854672963466716e-06,0.027613246785331037
1696,stimulus,47,3,3,0,1,1.0,1.0,0,nan,nan,nan,2.8854672963466716e-06,0.027616132252627386
1697,stimulus,47,7,4,1,0,-1.0,-1.0,1,1,0,0,0.0,0.027616132252627386
1698,stimulus,47,5,3,0,0,-1.0,-1.0,1,0,1,0,0.0003996291894282235,0.027616132252627386
1699,stimulus,47,0,5,1,0,-1.0,-1.0,1,0,1,0,0.0,0.027616132252627386
1700,stimulus,47,2,3,0,1,1.0,1.0,0,nan,nan,nan,1.0869708077459737e-05,0.02760526254454993
1701,stimulus,47,7,2,0,0,-1.0,-1.0,1,1,0,0,0.0,0.02760526254454993
1702,stimulus,47,3,3,0,1,1.0,1.0,0,nan,nan,nan,2.8854672963466716e-06,0.02760814801184628
1703,stimulus,47,6,4,1,0,-1.0,-1.0,1,1,0,0,0.0,0.02760814801184628
1704,stimulus,47,5,3,0,0,-1.0,-1.0,1,0,1,0,0.0003996291894282235,0.02760814801184628
1705,stimulus,47,3,3,0,1,1.0,1.0,0,nan,nan,nan,2.8854672963466716e-06,0.02761103347914262
1706,stimulus,47,2,2,0,1,1.0,1.0,0,nan,nan,nan,1.0869708077459737e-05,0.027600163771065167
1707,stimulus,47,6,3,1,0,-1.0,-1.0,1,2,0,0,0.0,0.027600163771065167
1708,stimulus,47,0,5,1,0,-1.0,-1.0,1,0,1,0,0.0,0.027600163771065167
1709,stimulus,47,1,5,1,0,-1.0,-1.0,1,0,1,0,0.0003996291894282235,0.027600163771065167
1710,stimulus,47,5,3,0,0,-1.0,-1.0,1,0,1,0,0.0003996291894282235,0.027600163771065167
1711,stimulus,47,1,5,1,0,-1.0,-1.0,1,0,1,0,0.0003996291894282235,0.027600163771065167
1712,stimulus,47,6,5,1,1,1.0,1.0,0,nan,nan,nan,2.8854672963466716e-06,0.02760304923836151
1713,stimulus,47,8,4,0,0,-1.0,-1.0,1,1,0,0,0.0,0.02760304923836151
1714,stimulus,47,0,5,1,0,-1.0,-1.0,1,0,1,0,0.0,0.02760304923836151
1715,stimulus,47,4,5,1,1,1.0,1.0,0,nan,nan,nan,2.8854672963466716e-06,0.027605934705657854
1716,stimulus,47,8,6,1,0,-1.0,-1.0,1,1,0,0,0.0,0.027605934705657854
1717,stimulus,47,2,3,0,1,1.0,1.0,0,nan,nan,nan,2.8854672963466716e-06,0.027608820172954195
1718,stimulus,47,2,2,0,1,1.0,1.0,0,nan,nan,nan,2.8854672963466716e-06,0.027611705640250544
1719,stimulus,47,2,3,1,1,1.0,1.0,0,nan,nan,nan,2.8854672963466716e-06,0.027614591107546892
1720,stimulus,47,4,2,0,0,-1.0,-1.0,1,3,0,1,0.0003996291894282235,0.027614591107546892
1721,stimulus,47,4,5,1,1,1.0,1.0,0,nan,nan,nan,2.8854672963466716e-06,0.027617476574843237
1722,stimulus,47,2,6,1,0,-1.0,-1.0,1,1,0,0,0.0003996291894282235,0.027617476574843237
1723,stimulus,47,0,3,0,0,-1.0,-1.0,1,0,1,0,0.0,0.027617476574843237
1724,stimulus,47,0,5,1,0,-1.0,-1.0,1,0,1,0,0.0,0.027617476574843237
1725,stimulus,47,3,3,0,1,1.0,1.0,0,nan,nan,nan,2.8854672963466716e-06,0.027620362042139586
1726,stimulus,47,5,4,1,1,1.0,1.0,0,nan,nan,nan,2.8854672963466716e-06,0.027623247509435938
1727,stimulus,47,3,3,0,1,1.0,1.0,0,nan,nan,nan,2.8854672963466716e-06,0.027626132976732286
1728,stimulus,47,7,4,1,0,-1.0,-1.0,1,3,0,1,0.0,0.027626132976732286
1729,stimulus,47,8,5,1,0,-1.0,-1.0,1,0,1,0,0.0,0.027626132976732286
1730,stimulus,47,6,5,1,1,1.0,1.0,0,nan,nan,nan,2.8854672963466716e-06,0.02762901844402863
1731,stimulus,47,4,4,0,1,1.0,1.0,0,nan,nan,nan,2.8854672963466716e-06,0.027631903911324973
1732,stimulus,47,3,3,0,1,1.0,1.0,0,nan,nan,nan,1.0869708077459737e-05,0.02762103420324752
1733,stimulus,47,3,4,1,1,1.0,1.0,0,nan,nan,nan,2.8854672963466716e-06,0.02762391967054386
1734,stimulus,47,3,3,0,1,1.0,1.0,0,nan,nan,nan,2.8854672963466716e-06,0.027626805137840205
1735,stimulus,47,5,4,1,1,1.0,1.0,0,nan,nan,nan,1.0869708077459737e-05,0.02761593542976275
1736,stimulus,47,4,5,1,1,1.0,1.0,0,nan,nan,nan,1.0869708077459737e-05,0.027605065721685296
1737,stimulus,47,4,6,1,0,-1.0,-1.0,1,7,0,1,2.8854672963466716e-06,0.027602180254388948
1738,stimulus,47,4,5,1,1,1.0,1.0,0,nan,nan,nan,2.8854672963466716e-06,0.027605065721685296
1739,stimulus,47,2,6,1,0,-1.0,-1.0,1,1,0,0,0.0003996291894282235,0.027605065721685296
1740,stimulus,47,7,5,1,0,-1.0,-1.0,1,0,1,0,0.0,0.027605065721685296
1741,stimulus,47,3,3,0,1,1.0,1.0,0,nan,nan,nan,2.8854672963466716e-06,0.027607951188981638
1742,stimulus,47,2,2,0,1,1.0,1.0,0,nan,nan,nan,2.8854672963466716e-06,0.027610836656277987
1743,stimulus,47,7,3,1,0,-1.0,-1.0,1,2,0,0,0.00023556238503779622,0.027846399041315778
1744,stimulus,47,1,5,1,0,-1.0,-1.0,1,0,1,0,0.0003996291894282235,0.027846399041315778
1745,stimulus,47,6,5,1,1,1.0,1.0,0,nan,nan,nan,2.8854672963466716e-06,0.02784928450861212
1746,stimulus,47,5,6,1,1,1.0,1.0,0,nan,nan,nan,2.8854672963466716e-06,0.027852169975908468
1747,stimulus,47,7,5,0,0,-1.0,-1.0,1,2,0,0,0.0003996291894282235,0.027852169975908468
1748,stimulus,47,2,3,0,1,1.0,1.0,0,nan,nan,nan,2.8854672963466716e-06,0.027855055443204813
1749,stimulus,47,3,4,1,1,1.0,1.0,0,nan,nan,nan,2.8854672963466716e-06,0.027857940910501155
1750,stimulus,47,8,3,0,0,-1.0,-1.0,1,2,0,0,0.0,0.027857940910501155
1751,stimulus,47,1,5,1,0,-1.0,-1.0,1,0,1,0,0.0003996291894282235,0.027857940910501155
1752,stimulus,47,5,3,0,0,-1.0,-1.0,1,0,1,0,0.0003996291894282235,0.027857940910501155
1753,stimulus,47,6,5,1,1,1.0,1.0,0,nan,nan,nan,2.8854672963466716e-06,0.02786082637779751
1754,stimulus,47,4,4,0,1,1.0,1.0,0,nan,nan,nan,2.8854672963466716e-06,0.02786371184509386
1755,stimulus,47,8,5,1,0,-1.0,-1.0,1,2,0,0,0.0,0.02786371184509386
1756,stimulus,47,8,5,1,0,-1.0,-1.0,1,0,1,0,0.0,0.02786371184509386
1757,stimulus,47,2,3,0,1,1.0,1.0,0,nan,nan,nan,2.8854672963466716e-06,0.0278665973123902
1758,stimulus,47,8,4,1,0,-1.0,-1.0,1,1,0,0,0.00023556238503779622,0.028102159697428002
1759,stimulus,47,0,5,1,0,-1.0,-1.0,1,0,1,0,0.0,0.028102159697428002
1760,stimulus,47,3,3,0,1,1.0,1.0,0,nan,nan,nan,2.8854672963466716e-06,0.02810504516472435
1761,stimulus,47,8,4,1,0,-1.0,-1.0,1,1,0,0,0.00023556238503779622,0.028340607549762142
1762,stimulus,47,7,5,1,0,-1.0,-1.0,1,0,1,0,0.0,0.028340607549762142
1763,stimulus,47,8,5,1,0,-1.0,-1.0,1,0,1,0,0.0,0.028340607549762142
1764,stimulus,47,1,5,1,0,-1.0,-1.0,1,0,1,0,0.0003996291894282235,0.028340607549762142
1765,stimulus,47,4,5,1,1,1.0,1.0,0,nan,nan,nan,1.0869708077459737e-05,0.028329737841684677
1766,stimulus,47,5,6,1,1,1.0,1.0,0,nan,nan,nan,2.8854672963466716e-06,0.02833262330898103
1767,stimulus,47,3,7,1,0,-1.0,-1.0,1,2,0,0,0.0003996291894282235,0.02833262330898103
1768,stimulus,47,2,3,0,1,1.0,1.0,0,nan,nan,nan,2.8854672963466716e-06,0.028335508776277375
1769,stimulus,47,1,2,0,1,1.0,1.0,0,nan,nan,nan,1.0869708077459737e-05,0.02832463906819992
1770,stimulus,47,0,1,0,1,1.0,1.0,0,nan,nan,nan,2.8854672963466716e-06,0.02832752453549626
1771,stimulus,47,0,0,0,1,1.0,1.0,0,nan,nan,nan,1.0869708077459737e-05,0.028316654827418797
1772,stimulus,47,0,1,1,1,1.0,1.0,0,nan,nan,nan,2.8854672963466716e-06,0.028319540294715152
1773,stimulus,47,7,0,0,0,-1.0,-1.0,1,5,0,1,0.0,0.028319540294715152
1774,stimulus,47,2,3,0,1,1.0,1.0,0,nan,nan,nan,2.8854672963466716e-06,0.028322425762011494
1775,stimulus,47,3,4,1,1,1.0,1.0,0,nan,nan,nan,2.8854672963466716e-06,0.028325311229307835
1776,stimulus,47,1,5,1,0,-1.0,-1.0,1,2,0,0,0.0003996291894282235,0.028325311229307835
1777,stimulus,47,3,3,0,1,1.0,1.0,0,nan,nan,nan,2.8854672963466716e-06,0.028328196696604184
1778,stimulus,47,2,2,0,1,1.0,1.0,0,nan,nan,nan,2.8854672963466716e-06,0.028331082163900533
1779,stimulus,47,6,1,0,0,-1.0,-1.0,1,2,0,0,0.0,0.028331082163900533
1780,stimulus,47,3,3,0,1,1.0,1.0,0,nan,nan,nan,2.8854672963466716e-06,0.028333967631196878
1781,stimulus,47,4,4,1,1,1.0,1.0,0,nan,nan,nan,0.0003996291894282235,0.02793433844176866
1782,stimulus,47,6,5,1,1,1.0,1.0,0,nan,nan,nan,2.8854672963466716e-06,0.027937223909065
1783,stimulus,47,0,4,0,0,-1.0,-1.0,1,3,0,1,0.0,0.027937223909065
1784,stimulus,47,1,5,1,0,-1.0,-1.0,1,0,1,0,0.0003996291894282235,0.027937223909065
1785,stimulus,47,6,5,1,1,1.0,1.0,0,nan,nan,nan,1.0869708077459737e-05,0.027926354200987536
1786,stimulus,47,3,4,0,1,1.0,1.0,0,nan,nan,nan,2.8854672963466716e-06,0.027929239668283888
1787,stimulus,47,3,3,0,1,1.0,1.0,0,nan,nan,nan,2.8854672963466716e-06,0.027932125135580237
1788,stimulus,47,1,2,0,1,1.0,1.0,0,nan,nan,nan,2.8854672963466716e-06,0.02793501060287658
1789,stimulus,47,2,3,1,1,1.0,1.0,0,nan,nan,nan,2.8854672963466716e-06,0.02793789607017293
1790,stimulus,47,4,2,0,0,-1.0,-1.0,1,5,0,1,0.0003996291894282235,0.02833752525960116
1791,stimulus,47,4,3,0,1,1.0,1.0,0,nan,nan,nan,1.0869708077459737e-05,0.028326655551523694
1792,stimulus,47,4,2,0,0,-1.0,-1.0,1,1,0,0,0.0003996291894282235,0.028326655551523694
1793,stimulus,47,8,5,1,0,-1.0,-1.0,1,0,1,0,0.0,0.028326655551523694
1794,stimulus,47,7,3,0,0,-1.0,-1.0,1,0,1,0,0.0,0.028326655551523694
1795,stimulus,47,0,5,1,0,-1.0,-1.0,1,0,1,0,0.0,0.028326655551523694
1796,stimulus,47,8,5,1,0,-1.0,-1.0,1,0,1,0,0.0,0.028326655551523694
1797,stimulus,47,3,3,0,1,1.0,1.0,0,nan,nan,nan,1.0869708077459737e-05,0.02831578584344624
1798,stimulus,47,8,4,1,0,-1.0,-1.0,1,1,0,0,0.00023556238503779622,0.02855134822848404
1799,stimulus,47,6,5,1,1,1.0,1.0,0,nan,nan,nan,2.8854672963466716e-06,0.028554233695780383
1800,stimulus,47,5,6,1,1,1.0,1.0,0,nan,nan,nan,2.8854672963466716e-06,0.028557119163076728
1801,stimulus,47,8,7,1,1,1.0,1.0,0,nan,nan,nan,2.8854672963466716e-06,0.02856000463037308
1802,stimulus,47,3,8,1,0,-1.0,-1.0,1,3,0,1,0.0,0.02856000463037308
1803,stimulus,47,3,3,0,1,1.0,1.0,0,nan,nan,nan,2.8854672963466716e-06,0.02856289009766943
1804,stimulus,47,2,2,0,1,1.0,1.0,0,nan,nan,nan,2.8854672963466716e-06,0.028565775564965777
1805,stimulus,47,8,3,1,0,-1.0,-1.0,1,2,0,0,0.0,0.028565775564965777
1806,stimulus,47,5,3,0,0,-1.0,-1.0,1,0,1,0,0.0003996291894282235,0.028565775564965777
1807,stimulus,47,5,3,0,0,-1.0,-1.0,1,0,1,0,0.0003996291894282235,0.028565775564965777
1808,stimulus,47,1,5,1,0,-1.0,-1.0,1,0,1,0,0.0003996291894282235,0.028565775564965777
1809,stimulus,47,3,3,0,1,1.0,1.0,0,nan,nan,nan,2.8854672963466716e-06,0.028568661032262122
1810,stimulus,47,6,4,1,0,-1.0,-1.0,1,1,0,0,0.0,0.028568661032262122
1811,stimulus,47,5,3,0,0,-1.0,-1.0,1,0,1,0,0.0003996291894282235,0.028568661032262122
1812,stimulus,47,7,3,0,0,-1.0,-1.0,1,0,1,0,0.0,0.028568661032262122
1813,stimulus,47,2,3,0,1,1.0,1.0,0,nan,nan,nan,1.0869708077459737e-05,0.028557791324184657
1814,stimulus,47,8,4,1,0,-1.0,-1.0,1,1,0,0,0.00023556238503779622,0.028793353709222445
1815,stimulus,47,7,3,0,0,-1.0,-1.0,1,0,1,0,0.0,0.028793353709222445
1816,stimulus,47,1,5,1,0,-1.0,-1.0,1,0,1,0,0.0003996291894282235,0.028793353709222445
1817,stimulus,47,6,5,1,1,1.0,1.0,0,nan,nan,nan,2.8854672963466716e-06,0.0287962391765188
1818,stimulus,47,5,6,1,1,1.0,1.0,0,nan,nan,nan,2.8854672963466716e-06,0.02879912464381515
1819,stimulus,47,5,5,0,1,1.0,1.0,0,nan,nan,nan,1.0869708077459737e-05,0.028788254935737688
1820,stimulus,47,2,6,1,0,-1.0,-1.0,1,3,0,1,0.0003996291894282235,0.028788254935737688
1821,stimulus,47,1,5,1,0,-1.0,-1.0,1,0,1,0,0.0003996291894282235,0.028788254935737688
1822,stimulus,47,6,5,1,1,1.0,1.0,0,nan,nan,nan,2.8854672963466716e-06,0.028791140403034033
1823,stimulus,47,4,4,0,1,1.0,1.0,0,nan,nan,nan,2.8854672963466716e-06,0.02879402587033038
1824,stimulus,47,2,3,0,1,1.0,1.0,0,nan,nan,nan,2.8854672963466716e-06,0.028796911337626723
1825,stimulus,47,5,4,1,1,1.0,1.0,0,nan,nan,nan,1.0869708077459737e-05,0.02878604162954927
1826,stimulus,47,4,5,1,1,1.0,1.0,0,nan,nan,nan,2.8854672963466716e-06,0.028788927096845614
1827,stimulus,47,7,6,1,1,1.0,1.0,0,nan,nan,nan,2.8854672963466716e-06,0.028791812564141955
1828,stimulus,47,8,7,1,1,1.0,1.0,0,nan,nan,nan,2.8854672963466716e-06,0.028794698031438297
1829,stimulus,47,1,8,1,0,-1.0,-1.0,1,7,0,1,0.0,0.028794698031438297
1830,stimulus,47,5,3,0,0,-1.0,-1.0,1,0,1,0,0.0003996291894282235,0.028794698031438297
1831,stimulus,47,8,5,1,0,-1.0,-1.0,1,0,1,0,0.0,0.028794698031438297
1832,stimulus,47,8,5,1,0,-1.0,-1.0,1,0,1,0,0.0,0.028794698031438297
1833,stimulus,47,1,5,1,0,-1.0,-1.0,1,0,1,0,0.0003996291894282235,0.028794698031438297
1834,stimulus,47,3,5,1,0,-1.0,-1.0,1,0,1,0,2.8854672963466716e-06,0.02879181256414195
1835,stimulus,47,7,3,0,0,-1.0,-1.0,1,0,1,0,0.0,0.02879181256414195
1836,stimulus,47,6,5,1,1,1.0,1.0,0,nan,nan,nan,2.8854672963466716e-06,0.028794698031438304
1837,stimulus,47,1,6,1,0,-1.0,-1.0,1,1,0,0,0.0,0.028794698031438304
1838,stimulus,47,7,3,0,0,-1.0,-1.0,1,0,1,0,0.0,0.028794698031438304
1839,stimulus,47,5,3,0,0,-1.0,-1.0,1,0,1,0,0.0003996291894282235,0.028794698031438304
1840,stimulus,47,7,5,1,0,-1.0,-1.0,1,0,1,0,0.0,0.028794698031438304
1841,stimulus,47,7,3,0,0,-1.0,-1.0,1,0,1,0,0.0,0.028794698031438304
1842,stimulus,47,2,3,0,1,1.0,1.0,0,nan,nan,nan,2.8854672963466716e-06,0.028797583498734645
1843,stimulus,47,8,4,1,0,-1.0,-1.0,1,1,0,0,0.00023556238503779622,0.029033145883772447
1844,stimulus,47,5,3,0,0,-1.0,-1.0,1,0,1,0,0.0003996291894282235,0.029033145883772447
1845,stimulus,47,5,3,0,0,-1.0,-1.0,1,0,1,0,0.0003996291894282235,0.029033145883772447
1846,stimulus,47,5,3,0,0,-1.0,-1.0,1,0,1,0,0.0003996291894282235,0.029033145883772447
1847,stimulus,47,0,5,1,0,-1.0,-1.0,1,0,1,0,0.0,0.029033145883772447
1848,stimulus,47,3,3,0,1,1.0,1.0,0,nan,nan,nan,2.8854672963466716e-06,0.029036031351068796
1849,stimulus,47,3,4,1,1,1.0,1.0,0,nan,nan,nan,2.8854672963466716e-06,0.029038916818365144
1850,stimulus,47,6,5,1,1,1.0,1.0,0,nan,nan,nan,2.8854672963466716e-06,0.0290418022856615
1851,stimulus,47,3,4,0,1,1.0,1.0,0,nan,nan,nan,2.8854672963466716e-06,0.02904468775295784
1852,stimulus,47,2,3,0,1,1.0,1.0,0,nan,nan,nan,2.8854672963466716e-06,0.029047573220254187
1853,stimulus,47,8,4,1,0,-1.0,-1.0,1,5,0,1,0.00023556238503779622,0.029283135605291978
1854,stimulus,47,7,3,0,0,-1.0,-1.0,1,0,1,0,0.0,0.029283135605291978
1855,stimulus,47,8,3,0,0,-1.0,-1.0,1,0,1,0,0.0,0.029283135605291978
1856,stimulus,47,1,5,1,0,-1.0,-1.0,1,0,1,0,0.0003996291894282235,0.029283135605291978
1857,stimulus,47,0,3,0,0,-1.0,-1.0,1,0,1,0,0.0,0.029283135605291978
1858,stimulus,47,1,5,1,0,-1.0,-1.0,1,0,1,0,0.0003996291894282235,0.029283135605291978
1859,stimulus,47,5,3,0,0,-1.0,-1.0,1,0,1,0,0.0003996291894282235,0.029283135605291978
1860,stimulus,47,1,5,1,0,-1.0,-1.0,1,0,1,0,0.0003996291894282235,0.029283135605291978
1861,stimulus,47,6,5,1,1,1.0,1.0,0,nan,nan,nan,1.0869708077459737e-05,0.029272265897214524
1862,stimulus,47,0,6,1,0,-1.0,-1.0,1,1,0,0,0.0,0.029272265897214524
1863,stimulus,47,7,5,1,0,-1.0,-1.0,1,0,1,0,0.0,0.029272265897214524
1864,stimulus,47,1,5,1,0,-1.0,-1.0,1,0,1,0,0.0003996291894282235,0.029272265897214524
1865,stimulus,47,1,5,1,0,-1.0,-1.0,1,0,1,0,0.0003996291894282235,0.029272265897214524
1866,stimulus,47,8,5,1,0,-1.0,-1.0,1,0,1,0,0.0,0.029272265897214524
1867,stimulus,47,8,5,1,0,-1.0,-1.0,1,0,1,0,0.0,0.029272265897214524
1868,stimulus,47,6,5,1,1,1.0,1.0,0,nan,nan,nan,2.8854672963466716e-06,0.029275151364510865
1869,stimulus,47,5,6,1,1,1.0,1.0,0,nan,nan,nan,1.0869708077459737e-05,0.029264281656433404
1870,stimulus,47,5,5,0,1,1.0,1.0,0,nan,nan,nan,2.8854672963466716e-06,0.029267167123729752
1871,stimulus,47,7,6,1,1,1.0,1.0,0,nan,nan,nan,2.8854672963466716e-06,0.029270052591026097
1872,stimulus,47,6,7,1,1,1.0,1.0,0,nan,nan,nan,2.8854672963466716e-06,0.02927293805832244
1873,stimulus,47,5,6,0,1,1.0,1.0,0,nan,nan,nan,1.0869708077459737e-05,0.029262068350244985
1874,stimulus,47,6,7,1,1,1.0,1.0,0,nan,nan,nan,2.8854672963466716e-06,0.029264953817541333
1875,stimulus,47,7,8,1,1,1.0,1.0,0,nan,nan,nan,2.8854672963466716e-06,0.02926783928483768
1876,stimulus,47,4,7,0,0,-1.0,-1.0,1,8,0,1,0.0,0.02926783928483768
1877,stimulus,47,5,3,0,0,-1.0,-1.0,1,0,1,0,0.0003996291894282235,0.02926783928483768
1878,stimulus,47,7,5,1,0,-1.0,-1.0,1,0,1,0,0.0,0.02926783928483768
1879,stimulus,47,3,3,0,1,1.0,1.0,0,nan,nan,nan,2.8854672963466716e-06,0.029270724752134027
1880,stimulus,47,6,4,1,0,-1.0,-1.0,1,1,0,0,0.0,0.029270724752134027
1881,stimulus,47,7,5,1,0,-1.0,-1.0,1,0,1,0,0.0,0.029270724752134027
1882,stimulus,47,2,3,0,1,1.0,1.0,0,nan,nan,nan,2.8854672963466716e-06,0.029273610219430368
1883,stimulus,47,7,2,0,0,-1.0,-1.0,1,1,0,0,0.0,0.029273610219430368
1884,stimulus,47,6,3,0,0,-1.0,-1.0,1,0,1,0,2.8854672963466716e-06,0.029270724752134027
1885,stimulus,47,2,3,0,1,1.0,1.0,0,nan,nan,nan,2.8854672963466716e-06,0.029273610219430368
1886,stimulus,47,1,2,0,1,1.0,1.0,0,nan,nan,nan,2.8854672963466716e-06,0.029276495686726724
1887,stimulus,47,1,1,0,1,1.0,1.0,0,nan,nan,nan,2.8854672963466716e-06,0.029279381154023076
1888,stimulus,47,7,2,1,0,-1.0,-1.0,1,3,0,1,0.0,0.029279381154023076
1889,stimulus,47,2,3,0,1,1.0,1.0,0,nan,nan,nan,1.0869708077459737e-05,0.02926851144594561
1890,stimulus,47,4,2,0,0,-1.0,-1.0,1,1,0,0,0.0003996291894282235,0.02926851144594561
1891,stimulus,47,1,5,1,0,-1.0,-1.0,1,0,1,0,0.0003996291894282235,0.02926851144594561
1892,stimulus,47,6,5,1,1,1.0,1.0,0,nan,nan,nan,2.8854672963466716e-06,0.029271396913241966
1893,stimulus,47,0,6,1,0,-1.0,-1.0,1,1,0,0,0.0,0.029271396913241966
1894,stimulus,47,5,3,0,0,-1.0,-1.0,1,0,1,0,0.0003996291894282235,0.029271396913241966
1895,stimulus,47,5,3,0,0,-1.0,-1.0,1,0,1,0,0.0003996291894282235,0.029271396913241966
1896,stimulus,47,2,3,0,1,1.0,1.0,0,nan,nan,nan,2.8854672963466716e-06,0.029274282380538308
1897,stimulus,47,2,2,0,1,1.0,1.0,0,nan,nan,nan,1.0869708077459737e-05,0.029263412672460843
1898,stimulus,47,1,1,0,1,1.0,1.0,0,nan,nan,nan,2.8854672963466716e-06,0.02926629813975719
1899,stimulus,47,7,2,1,0,-1.0,-1.0,1,3,0,1,0.0,0.02926629813975719
1900,stimulus,47,0,5,1,0,-1.0,-1.0,1,0,1,0,0.0,0.02926629813975719
1901,stimulus,47,6,5,1,1,1.0,1.0,0,nan,nan,nan,2.8854672963466716e-06,0.029269183607053533
1902,stimulus,47,8,4,0,0,-1.0,-1.0,1,1,0,0,0.0,0.029269183607053533
1903,stimulus,47,1,5,1,0,-1.0,-1.0,1,0,1,0,0.0003996291894282235,0.029269183607053533
1904,stimulus,47,4,5,1,1,1.0,1.0,0,nan,nan,nan,2.8854672963466716e-06,0.02927206907434988
1905,stimulus,47,5,6,1,1,1.0,1.0,0,nan,nan,nan,1.0869708077459737e-05,0.029261199366272424
1906,stimulus,47,4,5,0,1,1.0,1.0,0,nan,nan,nan,2.8854672963466716e-06,0.029264084833568776
1907,stimulus,47,4,4,0,1,1.0,1.0,0,nan,nan,nan,2.8854672963466716e-06,0.029266970300865124
1908,stimulus,47,8,5,1,0,-1.0,-1.0,1,4,0,1,0.0,0.029266970300865124
1909,stimulus,47,4,5,1,1,1.0,1.0,0,nan,nan,nan,2.8854672963466716e-06,0.02926985576816147
1910,stimulus,47,7,6,1,1,1.0,1.0,0,nan,nan,nan,2.8854672963466716e-06,0.02927274123545781
1911,stimulus,47,7,5,0,0,-1.0,-1.0,1,2,0,0,0.0003996291894282235,0.02927274123545781
1912,stimulus,47,2,3,0,1,1.0,1.0,0,nan,nan,nan,2.8854672963466716e-06,0.029275626702754153
1913,stimulus,47,0,4,1,0,-1.0,-1.0,1,1,0,0,0.0003996291894282235,0.029275626702754153
1914,stimulus,47,1,5,1,0,-1.0,-1.0,1,0,1,0,0.0003996291894282235,0.029275626702754153
1915,stimulus,47,7,5,1,0,-1.0,-1.0,1,0,1,0,0.0,0.029275626702754153
1916,stimulus,47,6,5,1,1,1.0,1.0,0,nan,nan,nan,1.0869708077459737e-05,0.029264756994676698
1917,stimulus,47,5,6,1,1,1.0,1.0,0,nan,nan,nan,2.8854672963466716e-06,0.029267642461973047
1918,stimulus,47,4,5,0,1,1.0,1.0,0,nan,nan,nan,2.8854672963466716e-06,0.02927052792926939
1919,stimulus,47,8,6,1,0,-1.0,-1.0,1,3,0,1,0.0,0.02927052792926939
1920,stimulus,47,3,3,0,1,1.0,1.0,0,nan,nan,nan,2.8854672963466716e-06,0.02927341339656574
1921,stimulus,47,4,2,0,0,-1.0,-1.0,1,1,0,0,0.0003996291894282235,0.02927341339656574
1922,stimulus,47,8,3,0,0,-1.0,-1.0,1,0,1,0,0.0,0.02927341339656574
1923,stimulus,47,5,3,0,0,-1.0,-1.0,1,0,1,0,0.0003996291894282235,0.02927341339656574
1924,stimulus,47,5,3,0,0,-1.0,-1.0,1,0,1,0,0.0003996291894282235,0.02927341339656574
1925,stimulus,47,7,3,0,0,-1.0,-1.0,1,0,1,0,0.0,0.02927341339656574
1926,stimulus,47,6,5,1,1,1.0,1.0,0,nan,nan,nan,2.8854672963466716e-06,0.029276298863862092
1927,stimulus,47,6,4,0,0,-1.0,-1.0,1,1,0,0,0.0003996291894282235,0.029276298863862092
1928,stimulus,47,0,5,1,0,-1.0,-1.0,1,0,1,0,0.0,0.029276298863862092
1929,stimulus,47,4,5,1,1,1.0,1.0,0,nan,nan,nan,2.8854672963466716e-06,0.029279184331158437
1930,stimulus,47,3,6,1,0,-1.0,-1.0,1,1,0,0,1.0869708077459737e-05,0.02929005403923589
1931,stimulus,47,8,5,1,0,-1.0,-1.0,1,0,1,0,0.0,0.02929005403923589
1932,stimulus,47,7,3,0,0,-1.0,-1.0,1,0,1,0,0.0,0.02929005403923589
1933,stimulus,47,0,5,1,0,-1.0,-1.0,1,0,1,0,0.0,0.02929005403923589
1934,stimulus,47,6,5,1,1,1.0,1.0,0,nan,nan,nan,2.8854672963466716e-06,0.029292939506532233
1935,stimulus,47,8,6,1,0,-1.0,-1.0,1,1,0,0,0.0,0.029292939506532233
1936,stimulus,47,5,3,0,0,-1.0,-1.0,1,0,1,0,0.0003996291894282235,0.029292939506532233
1937,stimulus,47,7,5,1,0,-1.0,-1.0,1,0,1,0,0.0,0.029292939506532233
1938,stimulus,47,8,5,1,0,-1.0,-1.0,1,0,1,0,0.0,0.029292939506532233
1939,stimulus,47,2,3,0,1,1.0,1.0,0,nan,nan,nan,1.0869708077459737e-05,0.02928206979845478
1940,stimulus,47,0,4,1,0,-1.0,-1.0,1,1,0,0,0.0003996291894282235,0.02928206979845478
1941,stimulus,47,2,3,0,1,1.0,1.0,0,nan,nan,nan,1.0869708077459737e-05,0.029271200090377314
1942,stimulus,47,5,4,1,1,1.0,1.0,0,nan,nan,nan,2.8854672963466716e-06,0.02927408555767367
1943,stimulus,47,6,3,0,0,-1.0,-1.0,1,2,0,0,1.0869708077459737e-05,0.029284955265751124
1944,stimulus,47,7,3,0,0,-1.0,-1.0,1,0,1,0,0.0,0.029284955265751124
1945,stimulus,47,6,5,1,1,1.0,1.0,0,nan,nan,nan,1.0869708077459737e-05,0.02927408555767367
1946,stimulus,47,0,6,1,0,-1.0,-1.0,1,1,0,0,0.0,0.02927408555767367
1947,stimulus,47,3,3,0,1,1.0,1.0,0,nan,nan,nan,2.8854672963466716e-06,0.029276971024970018
1948,stimulus,47,1,2,0,1,1.0,1.0,0,nan,nan,nan,2.8854672963466716e-06,0.02927985649226636
1949,stimulus,47,5,1,0,0,-1.0,-1.0,1,2,0,0,0.0,0.02927985649226636
1950,stimulus,47,1,5,1,0,-1.0,-1.0,1,0,1,0,0.0003996291894282235,0.02927985649226636
1951,stimulus,47,3,3,0,1,1.0,1.0,0,nan,nan,nan,1.0869708077459737e-05,0.029268986784188898
1952,stimulus,47,6,4,1,0,-1.0,-1.0,1,1,0,0,0.0,0.029268986784188898
1953,stimulus,47,4,5,1,1,1.0,1.0,0,nan,nan,nan,1.0869708077459737e-05,0.02925811707611144
1954,stimulus,47,6,4,0,0,-1.0,-1.0,1,1,0,0,0.0003996291894282235,0.02925811707611144
1955,stimulus,47,2,3,0,1,1.0,1.0,0,nan,nan,nan,2.8854672963466716e-06,0.029261002543407782
1956,stimulus,47,0,4,1,0,-1.0,-1.0,1,1,0,0,0.0003996291894282235,0.029261002543407782
1957,stimulus,47,0,3,0,0,-1.0,-1.0,1,0,1,0,0.0,0.029261002543407782
1958,stimulus,47,2,3,0,1,1.0,1.0,0,nan,nan,nan,2.8854672963466716e-06,0.029263888010704137
1959,stimulus,47,4,2,0,0,-1.0,-1.0,1,1,0,0,0.0003996291894282235,0.029263888010704137
1960,stimulus,47,1,5,1,0,-1.0,-1.0,1,0,1,0,0.0003996291894282235,0.029263888010704137
1961,stimulus,47,0,3,0,0,-1.0,-1.0,1,0,1,0,0.0,0.029263888010704137
1962,stimulus,47,0,5,1,0,-1.0,-1.0,1,0,1,0,0.0,0.029263888010704137
1963,stimulus,47,8,3,0,0,-1.0,-1.0,1,0,1,0,0.0,0.029263888010704137
1964,stimulus,47,8,3,0,0,-1.0,-1.0,1,0,1,0,0.0,0.029263888010704137
1965,stimulus,47,5,3,0,0,-1.0,-1.0,1,0,1,0,0.0003996291894282235,0.029263888010704137
1966,stimulus,47,6,3,0,0,-1.0,-1.0,1,0,1,0,1.0869708077459737e-05,0.029274757718781592
1967,stimulus,47,4,5,1,1,1.0,1.0,0,nan,nan,nan,2.8854672963466716e-06,0.02927764318607794
1968,stimulus,47,5,6,1,1,1.0,1.0,0,nan,nan,nan,2.8854672963466716e-06,0.029280528653374282
1969,stimulus,47,3,7,1,0,-1.0,-1.0,1,2,0,0,0.0003996291894282235,0.029280528653374282
1970,stimulus,47,0,5,1,0,-1.0,-1.0,1,0,1,0,0.0,0.029280528653374282
1971,stimulus,47,5,3,0,0,-1.0,-1.0,1,0,1,0,0.0003996291894282235,0.029280528653374282
1972,stimulus,47,7,5,1,0,-1.0,-1.0,1,0,1,0,0.0,0.029280528653374282
1973,stimulus,47,7,5,1,0,-1.0,-1.0,1,0,1,0,0.0,0.029280528653374282
1974,stimulus,47,1,5,1,0,-1.0,-1.0,1,0,1,0,0.0003996291894282235,0.029280528653374282
1975,stimulus,47,6,5,1,1,1.0,1.0,0,nan,nan,nan,1.0869708077459737e-05,0.029269658945296827
1976,stimulus,47,1,6,1,0,-1.0,-1.0,1,1,0,0,0.0,0.029269658945296827
1977,stimulus,47,8,5,1,0,-1.0,-1.0,1,0,1,0,0.0,0.029269658945296827
1978,stimulus,47,2,3,0,1,1.0,1.0,0,nan,nan,nan,2.8854672963466716e-06,0.029272544412593172
1979,stimulus,47,5,4,1,1,1.0,1.0,0,nan,nan,nan,1.0869708077459737e-05,0.029261674704515718
1980,stimulus,47,7,3,0,0,-1.0,-1.0,1,2,0,0,0.0,0.029261674704515718
1981,stimulus,47,3,3,0,1,1.0,1.0,0,nan,nan,nan,2.8854672963466716e-06,0.029264560171812067
1982,stimulus,47,6,4,1,0,-1.0,-1.0,1,1,0,0,0.0,0.029264560171812067
1983,stimulus,47,5,3,0,0,-1.0,-1.0,1,0,1,0,0.0003996291894282235,0.029264560171812067
1984,stimulus,47,0,5,1,0,-1.0,-1.0,1,0,1,0,0.0,0.029264560171812067
1985,stimulus,47,2,3,0,1,1.0,1.0,0,nan,nan,nan,1.0869708077459737e-05,0.029253690463734598
1986,stimulus,47,5,4,1,1,1.0,1.0,0,nan,nan,nan,2.8854672963466716e-06,0.029256575931030954
1987,stimulus,47,0,5,1,0,-1.0,-1.0,1,2,0,0,0.0,0.029256575931030954
1988,stimulus,47,7,5,1,0,-1.0,-1.0,1,0,1,0,0.0,0.029256575931030954
1989,stimulus,47,2,3,0,1,1.0,1.0,0,nan,nan,nan,2.8854672963466716e-06,0.029259461398327295
1990,stimulus,47,2,2,0,1,1.0,1.0,0,nan,nan,nan,2.8854672963466716e-06,0.029262346865623644
1991,stimulus,47,8,1,0,0,-1.0,-1.0,1,2,0,0,0.0,0.029262346865623644
1992,stimulus,47,5,3,0,0,-1.0,-1.0,1,0,1,0,0.0003996291894282235,0.029262346865623644
1993,stimulus,47,4,5,1,1,1.0,1.0,0,nan,nan,nan,2.8854672963466716e-06,0.02926523233291999
1994,stimulus,47,5,6,1,1,1.0,1.0,0,nan,nan,nan,2.8854672963466716e-06,0.029268117800216337
1995,stimulus,47,0,5,0,0,-1.0,-1.0,1,2,0,0,0.0,0.029268117800216337
1996,stimulus,47,5,3,0,0,-1.0,-1.0,1,0,1,0,0.0003996291894282235,0.029268117800216337
1997,stimulus,47,2,3,0,1,1.0,1.0,0,nan,nan,nan,2.8854672963466716e-06,0.02927100326751268
1998,stimulus,47,4,2,0,0,-1.0,-1.0,1,1,0,0,0.0003996291894282235,0.02927100326751268
1999,stimulus,47,6,5,1,1,1.0,1.0,0,nan,nan,nan,2.8854672963466716e-06,0.029273888734809024
2000,stimulus,47,3,4,0,1,1.0,1.0,0,nan,nan,nan,2.8854672963466716e-06,0.029276774202105376
2001,stimulus,47,5,3,0,0,-1.0,-1.0,1,2,0,0,0.0003996291894282235,0.029276774202105376
2002,stimulus,47,7,5,1,0,-1.0,-1.0,1,0,1,0,0.0,0.029276774202105376
2003,stimulus,47,6,5,1,1,1.0,1.0,0,nan,nan,nan,2.8854672963466716e-06,0.02927965966940172
2004,stimulus,47,4,4,0,1,1.0,1.0,0,nan,nan,nan,2.8854672963466716e-06,0.02928254513669807
2005,stimulus,47,2,3,0,1,1.0,1.0,0,nan,nan,nan,2.8854672963466716e-06,0.02928543060399442
2006,stimulus,47,7,2,0,0,-1.0,-1.0,1,3,0,1,0.0,0.02928543060399442
2007,stimulus,47,1,5,1,0,-1.0,-1.0,1,0,1,0,0.0003996291894282235,0.02928543060399442
2008,stimulus,47,0,5,1,0,-1.0,-1.0,1,0,1,0,0.0,0.02928543060399442
2009,stimulus,47,7,3,0,0,-1.0,-1.0,1,0,1,0,0.0,0.02928543060399442
2010,stimulus,47,8,3,0,0,-1.0,-1.0,1,0,1,0,0.0,0.02928543060399442
2011,stimulus,47,1,5,1,0,-1.0,-1.0,1,0,1,0,0.0003996291894282235,0.02928543060399442
2012,stimulus,47,0,5,1,0,-1.0,-1.0,1,0,1,0,0.0,0.02928543060399442
2013,stimulus,47,3,3,0,1,1.0,1.0,0,nan,nan,nan,2.8854672963466716e-06,0.029288316071290767
2014,stimulus,47,5,4,1,1,1.0,1.0,0,nan,nan,nan,2.8854672963466716e-06,0.02929120153858711
2015,stimulus,47,6,5,1,1,1.0,1.0,0,nan,nan,nan,1.0869708077459737e-05,0.029280331830509643
2016,stimulus,47,4,4,0,1,1.0,1.0,0,nan,nan,nan,1.0869708077459737e-05,0.02926946212243219
2017,stimulus,47,8,3,0,0,-1.0,-1.0,1,4,0,1,0.0,0.02926946212243219
2018,stimulus,47,6,5,1,1,1.0,1.0,0,nan,nan,nan,2.8854672963466716e-06,0.02927234758972854
2019,stimulus,47,7,6,1,1,1.0,1.0,0,nan,nan,nan,2.8854672963466716e-06,0.029275233057024886
2020,stimulus,47,4,5,0,1,1.0,1.0,0,nan,nan,nan,1.0869708077459737e-05,0.02926436334894743
2021,stimulus,47,5,6,1,1,1.0,1.0,0,nan,nan,nan,1.0869708077459737e-05,0.02925349364086997
2022,stimulus,47,8,7,1,1,1.0,1.0,0,nan,nan,nan,2.8854672963466716e-06,0.029256379108166315
2023,stimulus,47,6,6,0,1,1.0,1.0,0,nan,nan,nan,2.8854672963466716e-06,0.029259264575462664
2024,stimulus,47,5,5,0,1,1.0,1.0,0,nan,nan,nan,2.8854672963466716e-06,0.029262150042759005
2025,stimulus,47,6,4,0,0,-1.0,-1.0,1,7,0,1,0.0003996291894282235,0.029262150042759005
2026,stimulus,47,2,3,0,1,1.0,1.0,0,nan,nan,nan,2.8854672963466716e-06,0.029265035510055347
2027,stimulus,47,0,4,1,0,-1.0,-1.0,1,1,0,0,0.0003996291894282235,0.029265035510055347
2028,stimulus,47,0,5,1,0,-1.0,-1.0,1,0,1,0,0.0,0.029265035510055347
2029,stimulus,47,8,5,1,0,-1.0,-1.0,1,0,1,0,0.0,0.029265035510055347
2030,stimulus,47,0,3,0,0,-1.0,-1.0,1,0,1,0,0.0,0.029265035510055347
2031,stimulus,47,0,5,1,0,-1.0,-1.0,1,0,1,0,0.0,0.029265035510055347
2032,stimulus,47,3,3,0,1,1.0,1.0,0,nan,nan,nan,2.8854672963466716e-06,0.029267920977351695
2033,stimulus,47,0,4,1,0,-1.0,-1.0,1,1,0,0,0.0003996291894282235,0.029267920977351695
2034,stimulus,47,8,3,0,0,-1.0,-1.0,1,0,1,0,0.0,0.029267920977351695
2035,stimulus,47,0,3,0,0,-1.0,-1.0,1,0,1,0,0.0,0.029267920977351695
2036,stimulus,47,7,5,1,0,-1.0,-1.0,1,0,1,0,0.0,0.029267920977351695
2037,stimulus,47,0,5,1,0,-1.0,-1.0,1,0,1,0,0.0,0.029267920977351695
2038,stimulus,47,8,5,1,0,-1.0,-1.0,1,0,1,0,0.0,0.029267920977351695
2039,stimulus,47,8,3,0,0,-1.0,-1.0,1,0,1,0,0.0,0.029267920977351695
2040,stimulus,47,7,5,1,0,-1.0,-1.0,1,0,1,0,0.0,0.029267920977351695
2041,stimulus,47,3,3,0,1,1.0,1.0,0,nan,nan,nan,1.0869708077459737e-05,0.029257051269274238
2042,stimulus,47,4,2,0,0,-1.0,-1.0,1,1,0,0,0.0003996291894282235,0.029257051269274238
2043,stimulus,47,7,5,1,0,-1.0,-1.0,1,0,1,0,0.0,0.029257051269274238
2044,stimulus,47,5,3,0,0,-1.0,-1.0,1,0,1,0,0.0003996291894282235,0.029257051269274238
2045,stimulus,47,7,3,0,0,-1.0,-1.0,1,0,1,0,0.0,0.029257051269274238
2046,stimulus,47,1,5,1,0,-1.0,-1.0,1,0,1,0,0.0003996291894282235,0.029257051269274238
2047,stimulus,47,2,3,0,1,1.0,1.0,0,nan,nan,nan,2.8854672963466716e-06,0.02925993673657059
2048,stimulus,47,0,4,1,0,-1.0,-1.0,1,1,0,0,0.0003996291894282235,0.02925993673657059
2049,stimulus,47,2,3,0,1,1.0,1.0,0,nan,nan,nan,2.8854672963466716e-06,0.029262822203866935
2050,stimulus,47,8,4,1,0,-1.0,-1.0,1,1,0,0,0.0002673723018894676,0.0295301945057564
2051,stimulus,47,3,3,0,1,1.0,1.0,0,nan,nan,nan,2.8854672963466716e-06,0.02953307997305275
2052,stimulus,47,2,2,0,1,1.0,1.0,0,nan,nan,nan,2.8854672963466716e-06,0.0295359654403491
2053,stimulus,47,8,1,0,0,-1.0,-1.0,1,2,0,0,0.0,0.0295359654403491
2054,stimulus,47,4,5,1,1,1.0,1.0,0,nan,nan,nan,2.8854672963466716e-06,0.029538850907645443
2055,stimulus,47,1,4,0,0,-1.0,-1.0,1,1,0,0,0.0,0.029538850907645443
2056,stimulus,47,3,5,1,0,-1.0,-1.0,1,0,1,0,2.8854672963466716e-06,0.0295359654403491
2057,stimulus,47,8,5,1,0,-1.0,-1.0,1,0,1,0,0.0,0.0295359654403491
2058,stimulus,47,5,3,0,0,-1.0,-1.0,1,0,1,0,0.0003996291894282235,0.0295359654403491
2059,stimulus,47,6,5,1,1,1.0,1.0,0,nan,nan,nan,2.8854672963466716e-06,0.029538850907645443
2060,stimulus,47,2,6,1,0,-1.0,-1.0,1,1,0,0,0.0003996291894282235,0.029538850907645443
2061,stimulus,47,5,3,0,0,-1.0,-1.0,1,0,1,0,0.0003996291894282235,0.029538850907645443
2062,stimulus,47,3,3,0,1,1.0,1.0,0,nan,nan,nan,2.8854672963466716e-06,0.029541736374941785
2063,stimulus,47,3,4,1,1,1.0,1.0,0,nan,nan,nan,2.8854672963466716e-06,0.029544621842238127
2064,stimulus,47,6,5,1,1,1.0,1.0,0,nan,nan,nan,1.0869708077459737e-05,0.029533752134160672
2065,stimulus,47,4,4,0,1,1.0,1.0,0,nan,nan,nan,2.8854672963466716e-06,0.02953663760145702
2066,stimulus,47,0,3,0,0,-1.0,-1.0,1,4,0,1,0.0,0.02953663760145702
2067,stimulus,47,6,5,1,1,1.0,1.0,0,nan,nan,nan,2.8854672963466716e-06,0.029539523068753366
2068,stimulus,47,2,6,1,0,-1.0,-1.0,1,1,0,0,0.0003996291894282235,0.029539523068753366
2069,stimulus,47,0,5,1,0,-1.0,-1.0,1,0,1,0,0.0,0.029539523068753366
2070,stimulus,47,6,5,1,1,1.0,1.0,0,nan,nan,nan,2.8854672963466716e-06,0.029542408536049718
2071,stimulus,47,8,6,1,0,-1.0,-1.0,1,1,0,0,0.0,0.029542408536049718
2072,stimulus,47,0,3,0,0,-1.0,-1.0,1,0,1,0,0.0,0.029542408536049718
2073,stimulus,47,8,3,0,0,-1.0,-1.0,1,0,1,0,0.0,0.029542408536049718
2074,stimulus,47,6,5,1,1,1.0,1.0,0,nan,nan,nan,2.8854672963466716e-06,0.029545294003346063
2075,stimulus,47,7,6,1,1,1.0,1.0,0,nan,nan,nan,2.8854672963466716e-06,0.029548179470642404
2076,stimulus,47,7,5,0,0,-1.0,-1.0,1,2,0,0,0.0003996291894282235,0.029548179470642404
2077,stimulus,47,1,5,1,0,-1.0,-1.0,1,0,1,0,0.0003996291894282235,0.029548179470642404
2078,stimulus,47,7,3,0,0,-1.0,-1.0,1,0,1,0,0.0,0.029548179470642404
2079,stimulus,47,8,5,1,0,-1.0,-1.0,1,0,1,0,0.0,0.029548179470642404
2080,stimulus,47,7,3,0,0,-1.0,-1.0,1,0,1,0,0.0,0.029548179470642404
2081,stimulus,47,3,5,1,0,-1.0,-1.0,1,0,1,0,2.8854672963466716e-06,0.029545294003346056
2082,stimulus,47,8,5,1,0,-1.0,-1.0,1,0,1,0,0.0,0.029545294003346056
2083,stimulus,47,8,3,0,0,-1.0,-1.0,1,0,1,0,0.0,0.029545294003346056
2084,stimulus,47,4,5,1,1,1.0,1.0,0,nan,nan,nan,2.8854672963466716e-06,0.02954817947064241
2085,stimulus,47,4,4,0,1,1.0,1.0,0,nan,nan,nan,2.8854672963466716e-06,0.029551064937938753
2086,stimulus,47,3,3,0,1,1.0,1.0,0,nan,nan,nan,2.8854672963466716e-06,0.0295539504052351
2087,stimulus,47,5,4,1,1,1.0,1.0,0,nan,nan,nan,1.0869708077459737e-05,0.029543080697157647
2088,stimulus,47,4,5,1,1,1.0,1.0,0,nan,nan,nan,2.8854672963466716e-06,0.029545966164453995
2089,stimulus,47,1,4,0,0,-1.0,-1.0,1,5,0,1,0.0,0.029545966164453995
2090,stimulus,47,4,5,1,1,1.0,1.0,0,nan,nan,nan,1.0869708077459737e-05,0.02953509645637653
2091,stimulus,47,8,6,1,0,-1.0,-1.0,1,1,0,0,0.0,0.02953509645637653
2092,stimulus,47,5,3,0,0,-1.0,-1.0,1,0,1,0,0.0003996291894282235,0.02953509645637653
2093,stimulus,47,0,3,0,0,-1.0,-1.0,1,0,1,0,0.0,0.02953509645637653
2094,stimulus,47,8,3,0,0,-1.0,-1.0,1,0,1,0,0.0,0.02953509645637653
2095,stimulus,47,7,5,1,0,-1.0,-1.0,1,0,1,0,0.0,0.02953509645637653
2096,stimulus,47,4,5,1,1,1.0,1.0,0,nan,nan,nan,2.8854672963466716e-06,0.02953798192367288
2097,stimulus,47,6,6,1,1,1.0,1.0,0,nan,nan,nan,0.0003996291894282235,0.02913835273424465
2098,stimulus,47,3,7,1,0,-1.0,-1.0,1,2,0,0,0.0003996291894282235,0.02913835273424465
2099,stimulus,47,5,3,0,0,-1.0,-1.0,1,0,1,0,0.0003996291894282235,0.02953798192367288
2100,stimulus,47,7,5,1,0,-1.0,-1.0,1,0,1,0,0.0,0.02953798192367288
2101,stimulus,47,1,5,1,0,-1.0,-1.0,1,0,1,0,0.0003996291894282235,0.02953798192367288
2102,stimulus,47,2,3,0,1,1.0,1.0,0,nan,nan,nan,1.0869708077459737e-05,0.029527112215595414
2103,stimulus,47,4,2,0,0,-1.0,-1.0,1,1,0,0,0.0003996291894282235,0.029527112215595414
2104,stimulus,47,8,3,0,0,-1.0,-1.0,1,0,1,0,0.0,0.029527112215595414
2105,stimulus,47,1,5,1,0,-1.0,-1.0,1,0,1,0,0.0003996291894282235,0.029527112215595414
2106,stimulus,47,5,3,0,0,-1.0,-1.0,1,0,1,0,0.0003996291894282235,0.029527112215595414
2107,stimulus,47,5,3,0,0,-1.0,-1.0,1,0,1,0,0.0003996291894282235,0.029527112215595414
2108,stimulus,47,8,5,1,0,-1.0,-1.0,1,0,1,0,0.0,0.029527112215595414
2109,stimulus,47,4,5,1,1,1.0,1.0,0,nan,nan,nan,2.8854672963466716e-06,0.029529997682891763
2110,stimulus,47,4,4,0,1,1.0,1.0,0,nan,nan,nan,1.0869708077459737e-05,0.0295191279748143
2111,stimulus,47,8,3,0,0,-1.0,-1.0,1,2,0,0,0.0,0.0295191279748143
2112,stimulus,47,8,3,0,0,-1.0,-1.0,1,0,1,0,0.0,0.0295191279748143
2113,stimulus,47,3,3,0,1,1.0,1.0,0,nan,nan,nan,2.8854672963466716e-06,0.02952201344211065
2114,stimulus,47,4,2,0,0,-1.0,-1.0,1,1,0,0,0.0003996291894282235,0.02952201344211065
2115,stimulus,47,8,3,0,0,-1.0,-1.0,1,0,1,0,0.0,0.02952201344211065
2116,stimulus,47,6,5,1,1,1.0,1.0,0,nan,nan,nan,2.8854672963466716e-06,0.029524898909407005
2117,stimulus,47,1,6,1,0,-1.0,-1.0,1,1,0,0,0.0,0.029524898909407005
2118,stimulus,47,7,5,1,0,-1.0,-1.0,1,0,1,0,0.0,0.029524898909407005
2119,stimulus,47,5,3,0,0,-1.0,-1.0,1,0,1,0,0.0003996291894282235,0.029524898909407005
2120,stimulus,47,0,3,0,0,-1.0,-1.0,1,0,1,0,0.0,0.029524898909407005
2121,stimulus,47,2,3,0,1,1.0,1.0,0,nan,nan,nan,2.8854672963466716e-06,0.029527784376703347
2122,stimulus,47,4,2,0,0,-1.0,-1.0,1,1,0,0,0.0003996291894282235,0.029527784376703347
2123,stimulus,47,4,5,1,1,1.0,1.0,0,nan,nan,nan,2.8854672963466716e-06,0.029530669843999692
2124,stimulus,47,3,4,0,1,1.0,1.0,0,nan,nan,nan,2.8854672963466716e-06,0.029533555311296034
2125,stimulus,47,1,5,1,0,-1.0,-1.0,1,2,0,0,0.0003996291894282235,0.029533555311296034
2126,stimulus,47,3,3,0,1,1.0,1.0,0,nan,nan,nan,2.8854672963466716e-06,0.029536440778592382
2127,stimulus,47,5,4,1,1,1.0,1.0,0,nan,nan,nan,2.8854672963466716e-06,0.029539326245888738
2128,stimulus,47,3,5,1,0,-1.0,-1.0,1,2,0,0,2.8854672963466716e-06,0.02953644077859239
2129,stimulus,47,0,5,1,0,-1.0,-1.0,1,0,1,0,0.0,0.02953644077859239
2130,stimulus,47,4,5,1,1,1.0,1.0,0,nan,nan,nan,2.8854672963466716e-06,0.02953932624588873
2131,stimulus,47,1,4,0,0,-1.0,-1.0,1,1,0,0,0.0,0.02953932624588873
2132,stimulus,47,4,5,1,1,1.0,1.0,0,nan,nan,nan,1.0869708077459737e-05,0.029528456537811276
2133,stimulus,47,3,4,0,1,1.0,1.0,0,nan,nan,nan,2.8854672963466716e-06,0.029531342005107618
2134,stimulus,47,8,3,0,0,-1.0,-1.0,1,2,0,0,0.0,0.029531342005107618
2135,stimulus,47,3,3,0,1,1.0,1.0,0,nan,nan,nan,2.8854672963466716e-06,0.029534227472403963
2136,stimulus,47,7,4,1,0,-1.0,-1.0,1,1,0,0,0.0,0.029534227472403963
2137,stimulus,47,1,5,1,0,-1.0,-1.0,1,0,1,0,0.0003996291894282235,0.029534227472403963
2138,stimulus,47,5,3,0,0,-1.0,-1.0,1,0,1,0,0.0003996291894282235,0.029534227472403963
2139,stimulus,47,3,3,0,1,1.0,1.0,0,nan,nan,nan,2.8854672963466716e-06,0.02953711293970031
2140,stimulus,47,7,2,0,0,-1.0,-1.0,1,1,0,0,0.0,0.02953711293970031
2141,stimulus,47,1,5,1,0,-1.0,-1.0,1,0,1,0,0.0003996291894282235,0.02953711293970031
2142,stimulus,47,3,3,0,1,1.0,1.0,0,nan,nan,nan,2.8854672963466716e-06,0.02953999840699666
2143,stimulus,47,3,4,1,1,1.0,1.0,0,nan,nan,nan,2.8854672963466716e-06,0.02954288387429301
2144,stimulus,47,0,5,1,0,-1.0,-1.0,1,2,0,0,0.0,0.02954288387429301
2145,stimulus,47,4,5,1,1,1.0,1.0,0,nan,nan,nan,2.8854672963466716e-06,0.029545769341589357
2146,stimulus,47,1,4,0,0,-1.0,-1.0,1,1,0,0,0.0,0.029545769341589357
2147,stimulus,47,8,5,1,0,-1.0,-1.0,1,0,1,0,0.0,0.029545769341589357
2148,stimulus,47,0,5,1,0,-1.0,-1.0,1,0,1,0,0.0,0.029545769341589357
2149,stimulus,47,2,5,1,0,-1.0,-1.0,1,0,1,0,2.8854672963466716e-06,0.029542883874293012
2150,stimulus,47,8,5,1,0,-1.0,-1.0,1,0,1,0,0.0,0.029542883874293012
2151,stimulus,47,4,5,1,1,1.0,1.0,0,nan,nan,nan,2.8854672963466716e-06,0.029545769341589357
2152,stimulus,47,0,4,0,0,-1.0,-1.0,1,1,0,0,0.0,0.029545769341589357
2153,stimulus,47,3,3,0,1,1.0,1.0,0,nan,nan,nan,1.0869708077459737e-05,0.029534899633511896
2154,stimulus,47,3,4,1,1,1.0,1.0,0,nan,nan,nan,2.8854672963466716e-06,0.029537785100808244
2155,stimulus,47,4,5,1,1,1.0,1.0,0,nan,nan,nan,1.0869708077459737e-05,0.029526915392730786
2156,stimulus,47,4,4,0,1,1.0,1.0,0,nan,nan,nan,2.8854672963466716e-06,0.029529800860027135
2157,stimulus,47,1,5,1,0,-1.0,-1.0,1,4,0,1,0.0003996291894282235,0.029529800860027135
2158,stimulus,47,8,3,0,0,-1.0,-1.0,1,0,1,0,0.0,0.029529800860027135
2159,stimulus,47,3,3,0,1,1.0,1.0,0,nan,nan,nan,2.8854672963466716e-06,0.029532686327323476
2160,stimulus,47,4,2,0,0,-1.0,-1.0,1,1,0,0,0.0003996291894282235,0.029532686327323476
2161,stimulus,47,2,3,0,1,1.0,1.0,0,nan,nan,nan,2.8854672963466716e-06,0.029535571794619818
2162,stimulus,47,7,2,0,0,-1.0,-1.0,1,1,0,0,0.0,0.029535571794619818
2163,stimulus,47,8,5,1,0,-1.0,-1.0,1,0,1,0,0.0,0.029535571794619818
2164,stimulus,47,8,5,1,0,-1.0,-1.0,1,0,1,0,0.0,0.029535571794619818
2165,stimulus,47,3,3,0,1,1.0,1.0,0,nan,nan,nan,2.8854672963466716e-06,0.029538457261916166
2166,stimulus,47,8,4,1,0,-1.0,-1.0,1,1,0,0,0.0002673723018894676,0.029805829563805637
2167,stimulus,47,4,5,1,1,1.0,1.0,0,nan,nan,nan,2.8854672963466716e-06,0.029808715031101985
2168,stimulus,47,6,4,0,0,-1.0,-1.0,1,1,0,0,0.0003996291894282235,0.029808715031101985
2169,stimulus,47,6,5,1,1,1.0,1.0,0,nan,nan,nan,2.8854672963466716e-06,0.029811600498398327
2170,stimulus,47,3,4,0,1,1.0,1.0,0,nan,nan,nan,2.8854672963466716e-06,0.029814485965694682
2171,stimulus,47,7,3,0,0,-1.0,-1.0,1,2,0,0,0.0,0.029814485965694682
2172,stimulus,47,1,5,1,0,-1.0,-1.0,1,0,1,0,0.0003996291894282235,0.029814485965694682
2173,stimulus,47,4,5,1,1,1.0,1.0,0,nan,nan,nan,2.8854672963466716e-06,0.029817371432991024
2174,stimulus,47,7,4,0,0,-1.0,-1.0,1,1,0,0,1.0869708077459737e-05,0.029828241141068478
2175,stimulus,47,8,3,0,0,-1.0,-1.0,1,0,1,0,0.0,0.029828241141068478
2176,stimulus,47,5,3,0,0,-1.0,-1.0,1,0,1,0,0.0003996291894282235,0.029828241141068478
2177,stimulus,47,2,3,0,1,1.0,1.0,0,nan,nan,nan,1.0869708077459737e-05,0.029817371432991024
2178,stimulus,47,5,4,1,1,1.0,1.0,0,nan,nan,nan,1.0869708077459737e-05,0.02980650172491356
2179,stimulus,47,2,3,0,1,1.0,1.0,0,nan,nan,nan,2.8854672963466716e-06,0.029809387192209914
2180,stimulus,47,8,4,1,0,-1.0,-1.0,1,3,0,1,0.0002673723018894676,0.03007675949409938
2181,stimulus,47,2,3,0,1,1.0,1.0,0,nan,nan,nan,2.8854672963466716e-06,0.030079644961395723
2182,stimulus,47,6,4,1,0,-1.0,-1.0,1,1,0,0,0.0,0.030079644961395723
2183,stimulus,47,8,5,1,0,-1.0,-1.0,1,0,1,0,0.0,0.030079644961395723
2184,stimulus,47,7,3,0,0,-1.0,-1.0,1,0,1,0,0.0,0.030079644961395723
2185,stimulus,47,7,3,0,0,-1.0,-1.0,1,0,1,0,0.0,0.030079644961395723
2186,stimulus,47,8,5,1,0,-1.0,-1.0,1,0,1,0,0.0,0.030079644961395723
2187,stimulus,47,2,3,0,1,1.0,1.0,0,nan,nan,nan,2.8854672963466716e-06,0.030082530428692068
2188,stimulus,47,6,4,1,0,-1.0,-1.0,1,1,0,0,0.0,0.030082530428692068
2189,stimulus,47,6,5,1,1,1.0,1.0,0,nan,nan,nan,1.0869708077459737e-05,0.030071660720614613
2190,stimulus,47,4,4,0,1,1.0,1.0,0,nan,nan,nan,2.8854672963466716e-06,0.03007454618791096
2191,stimulus,47,1,5,1,0,-1.0,-1.0,1,2,0,0,0.0003996291894282235,0.03007454618791096
2192,stimulus,47,2,5,1,0,-1.0,-1.0,1,0,1,0,2.8854672963466716e-06,0.030071660720614606
2193,stimulus,47,5,3,0,0,-1.0,-1.0,1,0,1,0,0.0003996291894282235,0.030071660720614606
2194,stimulus,47,1,5,1,0,-1.0,-1.0,1,0,1,0,0.0003996291894282235,0.030071660720614606
2195,stimulus,47,7,5,1,0,-1.0,-1.0,1,0,1,0,0.0,0.030071660720614606
2196,stimulus,47,7,5,1,0,-1.0,-1.0,1,0,1,0,0.0,0.030071660720614606
2197,stimulus,47,2,5,1,0,-1.0,-1.0,1,0,1,0,2.8854672963466716e-06,0.030068775253318265
2198,stimulus,47,0,3,0,0,-1.0,-1.0,1,0,1,0,0.0,0.030068775253318265
2199,stimulus,47,2,3,0,1,1.0,1.0,0,nan,nan,nan,2.8854672963466716e-06,0.030071660720614606
2200,stimulus,47,3,4,1,1,1.0,1.0,0,nan,nan,nan,2.8854672963466716e-06,0.030074546187910955
2201,stimulus,47,7,5,1,0,-1.0,-1.0,1,2,0,0,0.0,0.030074546187910955
2202,stimulus,47,0,5,1,0,-1.0,-1.0,1,0,1,0,0.0,0.030074546187910955
2203,stimulus,47,8,3,0,0,-1.0,-1.0,1,0,1,0,0.0,0.030074546187910955
2204,stimulus,47,7,3,0,0,-1.0,-1.0,1,0,1,0,0.0,0.030074546187910955
2205,stimulus,47,4,5,1,1,1.0,1.0,0,nan,nan,nan,1.0869708077459737e-05,0.03006367647983349
2206,stimulus,47,6,4,0,0,-1.0,-1.0,1,1,0,0,0.0003996291894282235,0.03006367647983349
2207,stimulus,47,5,3,0,0,-1.0,-1.0,1,0,1,0,0.0003996291894282235,0.03006367647983349
2208,stimulus,47,8,5,1,0,-1.0,-1.0,1,0,1,0,0.0,0.03006367647983349
2209,stimulus,47,4,5,1,1,1.0,1.0,0,nan,nan,nan,2.8854672963466716e-06,0.030066561947129845
2210,stimulus,47,5,6,1,1,1.0,1.0,0,nan,nan,nan,2.8854672963466716e-06,0.030069447414426187
2211,stimulus,47,3,7,1,0,-1.0,-1.0,1,2,0,0,0.0003996291894282235,0.030069447414426187
2212,stimulus,47,0,3,0,0,-1.0,-1.0,1,0,1,0,0.0,0.030069447414426187
2213,stimulus,47,1,5,1,0,-1.0,-1.0,1,0,1,0,0.0003996291894282235,0.030069447414426187
2214,stimulus,47,1,5,1,0,-1.0,-1.0,1,0,1,0,0.0003996291894282235,0.030069447414426187
2215,stimulus,47,8,5,1,0,-1.0,-1.0,1,0,1,0,0.0,0.030069447414426187
2216,stimulus,47,0,5,1,0,-1.0,-1.0,1,0,1,0,0.0,0.030069447414426187
2217,stimulus,47,3,3,0,1,1.0,1.0,0,nan,nan,nan,1.0869708077459737e-05,0.030058577706348726
2218,stimulus,47,6,4,1,0,-1.0,-1.0,1,1,0,0,0.0,0.030058577706348726
2219,stimulus,47,6,5,1,1,1.0,1.0,0,nan,nan,nan,2.8854672963466716e-06,0.03006146317364508
2220,stimulus,47,4,4,0,1,1.0,1.0,0,nan,nan,nan,2.8854672963466716e-06,0.03006434864094143
2221,stimulus,47,5,3,0,0,-1.0,-1.0,1,2,0,0,0.0003996291894282235,0.03006434864094143
2222,stimulus,47,0,3,0,0,-1.0,-1.0,1,0,1,0,0.0,0.03006434864094143
2223,stimulus,47,8,5,1,0,-1.0,-1.0,1,0,1,0,0.0,0.03006434864094143
2224,stimulus,47,4,5,1,1,1.0,1.0,0,nan,nan,nan,2.8854672963466716e-06,0.03006723410823777
2225,stimulus,47,4,4,0,1,1.0,1.0,0,nan,nan,nan,2.8854672963466716e-06,0.03007011957553412
2226,stimulus,47,3,3,0,1,1.0,1.0,0,nan,nan,nan,2.8854672963466716e-06,0.030073005042830468
2227,stimulus,47,2,2,0,1,1.0,1.0,0,nan,nan,nan,1.0869708077459737e-05,0.03006213533475301
2228,stimulus,47,0,1,0,1,1.0,1.0,0,nan,nan,nan,2.8854672963466716e-06,0.030065020802049352
2229,stimulus,47,8,2,1,0,-1.0,-1.0,1,5,0,1,0.0,0.030065020802049352
2230,stimulus,47,4,5,1,1,1.0,1.0,0,nan,nan,nan,2.8854672963466716e-06,0.0300679062693457
2231,stimulus,47,0,6,1,0,-1.0,-1.0,1,1,0,0,0.0,0.0300679062693457
2232,stimulus,47,0,3,0,0,-1.0,-1.0,1,0,1,0,0.0,0.0300679062693457
2233,stimulus,47,1,5,1,0,-1.0,-1.0,1,0,1,0,0.0003996291894282235,0.0300679062693457
2234,stimulus,47,0,5,1,0,-1.0,-1.0,1,0,1,0,0.0,0.0300679062693457
2235,stimulus,47,6,5,1,1,1.0,1.0,0,nan,nan,nan,2.8854672963466716e-06,0.030070791736642056
2236,stimulus,47,6,4,0,0,-1.0,-1.0,1,1,0,0,0.0003996291894282235,0.030070791736642056
2237,stimulus,47,7,5,1,0,-1.0,-1.0,1,0,1,0,0.0,0.030070791736642056
2238,stimulus,47,5,3,0,0,-1.0,-1.0,1,0,1,0,0.0003996291894282235,0.030070791736642056
2239,stimulus,47,4,5,1,1,1.0,1.0,0,nan,nan,nan,1.0869708077459737e-05,0.030059922028564594
2240,stimulus,47,3,6,1,0,-1.0,-1.0,1,1,0,0,2.8854672963466716e-06,0.030057036561268242
2241,stimulus,47,1,3,0,0,-1.0,-1.0,1,0,1,0,0.0003996291894282235,0.030057036561268242
2242,stimulus,47,5,3,0,0,-1.0,-1.0,1,0,1,0,0.0003996291894282235,0.030057036561268242
2243,stimulus,47,2,3,0,1,1.0,1.0,0,nan,nan,nan,2.8854672963466716e-06,0.030059922028564594
2244,stimulus,47,5,4,1,1,1.0,1.0,0,nan,nan,nan,2.8854672963466716e-06,0.03006280749586094
2245,stimulus,47,0,3,0,0,-1.0,-1.0,1,2,0,0,0.0,0.03006280749586094
2246,stimulus,47,8,5,1,0,-1.0,-1.0,1,0,1,0,0.0,0.03006280749586094
2247,stimulus,47,2,3,0,1,1.0,1.0,0,nan,nan,nan,2.8854672963466716e-06,0.03006569296315728
2248,stimulus,47,0,4,1,0,-1.0,-1.0,1,1,0,0,0.0003996291894282235,0.03006569296315728
2249,stimulus,47,6,5,1,1,1.0,1.0,0,nan,nan,nan,2.8854672963466716e-06,0.030068578430453637
2250,stimulus,47,7,6,1,1,1.0,1.0,0,nan,nan,nan,1.0869708077459737e-05,0.030057708722376168
2251,stimulus,47,4,5,0,1,1.0,1.0,0,nan,nan,nan,1.0869708077459737e-05,0.030046839014298714
2252,stimulus,47,5,6,1,1,1.0,1.0,0,nan,nan,nan,2.8854672963466716e-06,0.030049724481595062
2253,stimulus,47,8,7,1,1,1.0,1.0,0,nan,nan,nan,2.8854672963466716e-06,0.030052609948891407
2254,stimulus,47,7,8,1,1,1.0,1.0,0,nan,nan,nan,2.8854672963466716e-06,0.03005549541618775
2255,stimulus,47,0,8,1,0,-1.0,-1.0,1,6,0,1,0.0,0.03005549541618775
2256,stimulus,47,1,5,1,0,-1.0,-1.0,1,0,1,0,0.0003996291894282235,0.03005549541618775
2257,stimulus,47,4,5,1,1,1.0,1.0,0,nan,nan,nan,2.8854672963466716e-06,0.030058380883484098
2258,stimulus,47,6,4,0,0,-1.0,-1.0,1,1,0,0,0.0003996291894282235,0.030058380883484098
2259,stimulus,47,0,5,1,0,-1.0,-1.0,1,0,1,0,0.0,0.030058380883484098
2260,stimulus,47,7,5,1,0,-1.0,-1.0,1,0,1,0,0.0,0.030058380883484098
2261,stimulus,47,1,5,1,0,-1.0,-1.0,1,0,1,0,0.0003996291894282235,0.030058380883484098
2262,stimulus,47,8,3,0,0,-1.0,-1.0,1,0,1,0,0.0,0.030058380883484098
2263,stimulus,47,4,5,1,1,1.0,1.0,0,nan,nan,nan,2.8854672963466716e-06,0.030061266350780446
2264,stimulus,47,7,6,1,1,1.0,1.0,0,nan,nan,nan,2.8854672963466716e-06,0.03006415181807679
2265,stimulus,47,8,7,1,1,1.0,1.0,0,nan,nan,nan,2.8854672963466716e-06,0.030067037285373143
2266,stimulus,47,3,6,0,0,-1.0,-1.0,1,3,0,1,0.0,0.030067037285373143
2267,stimulus,47,4,5,1,1,1.0,1.0,0,nan,nan,nan,1.0869708077459737e-05,0.030056167577295685
2268,stimulus,47,2,6,1,0,-1.0,-1.0,1,1,0,0,0.0003996291894282235,0.030056167577295685
2269,stimulus,47,0,3,0,0,-1.0,-1.0,1,0,1,0,0.0,0.030056167577295685
2270,stimulus,47,1,5,1,0,-1.0,-1.0,1,0,1,0,0.0003996291894282235,0.030056167577295685
2271,stimulus,47,8,5,1,0,-1.0,-1.0,1,0,1,0,0.0,0.030056167577295685
2272,stimulus,47,3,3,0,1,1.0,1.0,0,nan,nan,nan,2.8854672963466716e-06,0.030059053044592034
2273,stimulus,47,6,4,1,0,-1.0,-1.0,1,1,0,0,0.0,0.030059053044592034
2274,stimulus,47,5,3,0,0,-1.0,-1.0,1,0,1,0,0.0003996291894282235,0.030059053044592034
2275,stimulus,47,5,3,0,0,-1.0,-1.0,1,0,1,0,0.0003996291894282235,0.030059053044592034
2276,stimulus,47,0,3,0,0,-1.0,-1.0,1,0,1,0,0.0,0.030059053044592034
2277,stimulus,47,3,3,0,1,1.0,1.0,0,nan,nan,nan,2.8854672963466716e-06,0.030061938511888375
2278,stimulus,47,7,2,0,0,-1.0,-1.0,1,1,0,0,0.0,0.030061938511888375
2279,stimulus,47,5,3,0,0,-1.0,-1.0,1,0,1,0,0.0003996291894282235,0.030061938511888375
2280,stimulus,47,5,3,0,0,-1.0,-1.0,1,0,1,0,0.0003996291894282235,0.030061938511888375
2281,stimulus,47,0,3,0,0,-1.0,-1.0,1,0,1,0,0.0,0.030061938511888375
2282,stimulus,47,1,5,1,0,-1.0,-1.0,1,0,1,0,0.0003996291894282235,0.030061938511888375
2283,stimulus,47,7,5,1,0,-1.0,-1.0,1,0,1,0,0.0,0.030061938511888375
2284,stimulus,47,4,5,1,1,1.0,1.0,0,nan,nan,nan,2.8854672963466716e-06,0.030064823979184717
2285,stimulus,47,3,4,0,1,1.0,1.0,0,nan,nan,nan,2.8854672963466716e-06,0.030067709446481062
2286,stimulus,47,5,3,0,0,-1.0,-1.0,1,2,0,0,0.0003996291894282235,0.030067709446481062
2287,stimulus,47,2,3,0,1,1.0,1.0,0,nan,nan,nan,2.8854672963466716e-06,0.030070594913777404
2288,stimulus,47,6,2,0,0,-1.0,-1.0,1,1,0,0,0.0,0.030070594913777404
2289,stimulus,47,1,5,1,0,-1.0,-1.0,1,0,1,0,0.0003996291894282235,0.030070594913777404
2290,stimulus,47,1,5,1,0,-1.0,-1.0,1,0,1,0,0.0003996291894282235,0.030070594913777404
2291,stimulus,47,1,5,1,0,-1.0,-1.0,1,0,1,0,0.0003996291894282235,0.030070594913777404
2292,stimulus,47,3,3,0,1,1.0,1.0,0,nan,nan,nan,2.8854672963466716e-06,0.030073480381073752
2293,stimulus,47,2,2,0,1,1.0,1.0,0,nan,nan,nan,2.8854672963466716e-06,0.0300763658483701
2294,stimulus,47,6,1,0,0,-1.0,-1.0,1,2,0,0,0.0,0.0300763658483701
2295,stimulus,47,3,3,0,1,1.0,1.0,0,nan,nan,nan,1.0869708077459737e-05,0.030065496140292643
2296,stimulus,47,0,4,1,0,-1.0,-1.0,1,1,0,0,0.0003996291894282235,0.030065496140292643
2297,stimulus,47,1,5,1,0,-1.0,-1.0,1,0,1,0,0.0003996291894282235,0.030065496140292643
2298,stimulus,47,6,5,1,1,1.0,1.0,0,nan,nan,nan,2.8854672963466716e-06,0.030068381607588995
2299,stimulus,47,3,6,1,0,-1.0,-1.0,1,1,0,0,2.8854672963466716e-06,0.030065496140292643
2300,stimulus,47,5,3,0,0,-1.0,-1.0,1,0,1,0,0.0003996291894282235,0.030065496140292643
2301,stimulus,47,7,3,0,0,-1.0,-1.0,1,0,1,0,0.0,0.030065496140292643
2302,stimulus,47,4,5,1,1,1.0,1.0,0,nan,nan,nan,2.8854672963466716e-06,0.03006838160758899
2303,stimulus,47,1,4,0,0,-1.0,-1.0,1,1,0,0,0.0,0.03006838160758899
2304,stimulus,47,8,5,1,0,-1.0,-1.0,1,0,1,0,0.0,0.03006838160758899
2305,stimulus,47,4,5,1,1,1.0,1.0,0,nan,nan,nan,2.8854672963466716e-06,0.030071267074885333
2306,stimulus,47,5,6,1,1,1.0,1.0,0,nan,nan,nan,2.8854672963466716e-06,0.03007415254218168
2307,stimulus,47,2,7,1,0,-1.0,-1.0,1,2,0,0,0.0,0.03007415254218168
2308,stimulus,47,8,3,0,0,-1.0,-1.0,1,0,1,0,0.0,0.03007415254218168
2309,stimulus,47,1,3,0,0,-1.0,-1.0,1,0,1,0,0.0003996291894282235,0.03007415254218168
2310,stimulus,47,2,3,0,1,1.0,1.0,0,nan,nan,nan,2.8854672963466716e-06,0.030077038009478037
2311,stimulus,47,7,2,0,0,-1.0,-1.0,1,1,0,0,0.0,0.030077038009478037
2312,stimulus,47,3,3,0,1,1.0,1.0,0,nan,nan,nan,2.8854672963466716e-06,0.030079923476774385
2313,stimulus,47,0,4,1,0,-1.0,-1.0,1,1,0,0,0.0003996291894282235,0.030079923476774385
2314,stimulus,47,1,5,1,0,-1.0,-1.0,1,0,1,0,0.0003996291894282235,0.030079923476774385
2315,stimulus,47,2,3,0,1,1.0,1.0,0,nan,nan,nan,2.8854672963466716e-06,0.030082808944070727
2316,stimulus,47,7,4,1,0,-1.0,-1.0,1,1,0,0,0.0,0.030082808944070727
2317,stimulus,47,1,5,1,0,-1.0,-1.0,1,0,1,0,0.0003996291894282235,0.030082808944070727
2318,stimulus,47,3,3,0,1,1.0,1.0,0,nan,nan,nan,2.8854672963466716e-06,0.03008569441136707
2319,stimulus,47,0,4,1,0,-1.0,-1.0,1,1,0,0,0.0003996291894282235,0.03008569441136707
2320,stimulus,47,2,3,0,1,1.0,1.0,0,nan,nan,nan,2.8854672963466716e-06,0.030088579878663414
2321,stimulus,47,2,2,0,1,1.0,1.0,0,nan,nan,nan,2.8854672963466716e-06,0.030091465345959762
2322,stimulus,47,8,3,1,0,-1.0,-1.0,1,2,0,0,0.0,0.030091465345959762
2323,stimulus,47,3,3,0,1,1.0,1.0,0,nan,nan,nan,2.8854672963466716e-06,0.03009435081325611
2324,stimulus,47,7,2,0,0,-1.0,-1.0,1,1,0,0,0.0,0.03009435081325611
2325,stimulus,47,1,5,1,0,-1.0,-1.0,1,0,1,0,0.0003996291894282235,0.03009435081325611
2326,stimulus,47,4,5,1,1,1.0,1.0,0,nan,nan,nan,1.0869708077459737e-05,0.03008348110517865
2327,stimulus,47,1,6,1,0,-1.0,-1.0,1,1,0,0,0.0,0.03008348110517865
2328,stimulus,47,0,5,1,0,-1.0,-1.0,1,0,1,0,0.0,0.03008348110517865
2329,stimulus,47,3,3,0,1,1.0,1.0,0,nan,nan,nan,1.0869708077459737e-05,0.03007261139710119
2330,stimulus,47,5,4,1,1,1.0,1.0,0,nan,nan,nan,1.0869708077459737e-05,0.030061741689023737
2331,stimulus,47,8,3,0,0,-1.0,-1.0,1,2,0,0,0.0,0.030061741689023737
2332,stimulus,47,4,5,1,1,1.0,1.0,0,nan,nan,nan,2.8854672963466716e-06,0.030064627156320085
2333,stimulus,47,2,6,1,0,-1.0,-1.0,1,1,0,0,0.0003996291894282235,0.030064627156320085
2334,stimulus,47,3,3,0,1,1.0,1.0,0,nan,nan,nan,2.8854672963466716e-06,0.030067512623616434
2335,stimulus,47,7,4,1,0,-1.0,-1.0,1,1,0,0,0.0,0.030067512623616434
2336,stimulus,47,4,5,1,1,1.0,1.0,0,nan,nan,nan,2.8854672963466716e-06,0.030070398090912775
2337,stimulus,47,1,4,0,0,-1.0,-1.0,1,1,0,0,0.0,0.030070398090912775
2338,stimulus,47,6,5,1,1,1.0,1.0,0,nan,nan,nan,2.8854672963466716e-06,0.030073283558209117
2339,stimulus,47,1,6,1,0,-1.0,-1.0,1,1,0,0,0.0,0.030073283558209117
2340,stimulus,47,4,5,1,1,1.0,1.0,0,nan,nan,nan,2.8854672963466716e-06,0.030076169025505466
2341,stimulus,47,3,6,1,0,-1.0,-1.0,1,1,0,0,1.0869708077459737e-05,0.030087038733582934
2342,stimulus,47,6,3,0,0,-1.0,-1.0,1,0,1,0,2.8854672963466716e-06,0.03008415326628658
2343,stimulus,47,1,5,1,0,-1.0,-1.0,1,0,1,0,0.0003996291894282235,0.03008415326628658
2344,stimulus,47,4,5,1,1,1.0,1.0,0,nan,nan,nan,1.0869708077459737e-05,0.030073283558209117
2345,stimulus,47,3,4,0,1,1.0,1.0,0,nan,nan,nan,1.0869708077459737e-05,0.030062413850131663
2346,stimulus,47,0,3,0,0,-1.0,-1.0,1,2,0,0,0.0,0.030062413850131663
2347,stimulus,47,1,5,1,0,-1.0,-1.0,1,0,1,0,0.0003996291894282235,0.030062413850131663
2348,stimulus,47,4,5,1,1,1.0,1.0,0,nan,nan,nan,2.8854672963466716e-06,0.030065299317428008
2349,stimulus,47,7,6,1,1,1.0,1.0,0,nan,nan,nan,2.8854672963466716e-06,0.03006818478472435
2350,stimulus,47,2,5,0,0,-1.0,-1.0,1,2,0,0,0.0,0.03006818478472435
2351,stimulus,47,6,3,0,0,-1.0,-1.0,1,0,1,0,2.8854672963466716e-06,0.030065299317428008
2352,stimulus,47,8,5,1,0,-1.0,-1.0,1,0,1,0,0.0,0.030065299317428008
2353,stimulus,47,7,3,0,0,-1.0,-1.0,1,0,1,0,0.0,0.030065299317428008
2354,stimulus,47,8,3,0,0,-1.0,-1.0,1,0,1,0,0.0,0.030065299317428008
2355,stimulus,47,4,5,1,1,1.0,1.0,0,nan,nan,nan,2.8854672963466716e-06,0.030068184784724356
2356,stimulus,47,6,4,0,0,-1.0,-1.0,1,1,0,0,0.0003996291894282235,0.030068184784724356
2357,stimulus,47,5,3,0,0,-1.0,-1.0,1,0,1,0,0.0003996291894282235,0.030068184784724356
2358,stimulus,47,7,3,0,0,-1.0,-1.0,1,0,1,0,0.0,0.030068184784724356
2359,stimulus,47,8,3,0,0,-1.0,-1.0,1,0,1,0,0.0,0.030068184784724356
2360,stimulus,47,6,5,1,1,1.0,1.0,0,nan,nan,nan,2.8854672963466716e-06,0.030071070252020698
2361,stimulus,47,4,4,0,1,1.0,1.0,0,nan,nan,nan,2.8854672963466716e-06,0.030073955719317046
2362,stimulus,47,5,3,0,0,-1.0,-1.0,1,2,0,0,0.0003996291894282235,0.030073955719317046
2363,stimulus,47,2,3,0,1,1.0,1.0,0,nan,nan,nan,1.0869708077459737e-05,0.030063086011239592
2364,stimulus,47,7,4,1,0,-1.0,-1.0,1,1,0,0,0.0,0.030063086011239592
2365,stimulus,47,7,5,1,0,-1.0,-1.0,1,0,1,0,0.0,0.030063086011239592
2366,stimulus,47,6,5,1,1,1.0,1.0,0,nan,nan,nan,2.8854672963466716e-06,0.030065971478535937
2367,stimulus,47,6,6,1,1,1.0,1.0,0,nan,nan,nan,0.0003996291894282235,0.029666342289107705
2368,stimulus,47,7,5,0,0,-1.0,-1.0,1,2,0,0,0.0003996291894282235,0.030065971478535937
2369,stimulus,47,7,3,0,0,-1.0,-1.0,1,0,1,0,0.0,0.030065971478535937
2370,stimulus,47,4,3,0,1,1.0,1.0,0,nan,nan,nan,2.8854672963466716e-06,0.030068856945832285
2371,stimulus,47,1,2,0,1,1.0,1.0,0,nan,nan,nan,2.8854672963466716e-06,0.030071742413128627
2372,stimulus,47,6,3,1,0,-1.0,-1.0,1,2,0,0,0.0,0.030071742413128627
2373,stimulus,47,3,3,0,1,1.0,1.0,0,nan,nan,nan,2.8854672963466716e-06,0.030074627880424976
2374,stimulus,47,7,4,1,0,-1.0,-1.0,1,1,0,0,0.0,0.030074627880424976
2375,stimulus,47,7,5,1,0,-1.0,-1.0,1,0,1,0,0.0,0.030074627880424976
2376,stimulus,47,6,5,1,1,1.0,1.0,0,nan,nan,nan,2.8854672963466716e-06,0.03007751334772133
2377,stimulus,47,4,4,0,1,1.0,1.0,0,nan,nan,nan,2.8854672963466716e-06,0.030080398815017673
2378,stimulus,47,7,3,0,0,-1.0,-1.0,1,2,0,0,0.0,0.030080398815017673
2379,stimulus,47,0,5,1,0,-1.0,-1.0,1,0,1,0,0.0,0.030080398815017673
2380,stimulus,47,0,3,0,0,-1.0,-1.0,1,0,1,0,0.0,0.030080398815017673
2381,stimulus,47,8,3,0,0,-1.0,-1.0,1,0,1,0,0.0,0.030080398815017673
2382,stimulus,47,0,5,1,0,-1.0,-1.0,1,0,1,0,0.0,0.030080398815017673
2383,stimulus,47,7,5,1,0,-1.0,-1.0,1,0,1,0,0.0,0.030080398815017673
2384,stimulus,47,1,5,1,0,-1.0,-1.0,1,0,1,0,0.0003996291894282235,0.030080398815017673
2385,stimulus,47,4,5,1,1,1.0,1.0,0,nan,nan,nan,2.8854672963466716e-06,0.030083284282314014
2386,stimulus,47,6,4,0,0,-1.0,-1.0,1,1,0,0,0.0003996291894282235,0.030083284282314014
2387,stimulus,47,2,3,0,1,1.0,1.0,0,nan,nan,nan,2.8854672963466716e-06,0.03008616974961036
2388,stimulus,47,0,4,1,0,-1.0,-1.0,1,1,0,0,0.0003996291894282235,0.03008616974961036
2389,stimulus,47,6,5,1,1,1.0,1.0,0,nan,nan,nan,2.8854672963466716e-06,0.03008905521690671
2390,stimulus,47,0,4,0,0,-1.0,-1.0,1,1,0,0,0.0,0.03008905521690671
2391,stimulus,47,5,3,0,0,-1.0,-1.0,1,0,1,0,0.0003996291894282235,0.03008905521690671
2392,stimulus,47,7,5,1,0,-1.0,-1.0,1,0,1,0,0.0,0.03008905521690671
2393,stimulus,47,1,5,1,0,-1.0,-1.0,1,0,1,0,0.0003996291894282235,0.03008905521690671
2394,stimulus,47,2,3,0,1,1.0,1.0,0,nan,nan,nan,2.8854672963466716e-06,0.030091940684203056
2395,stimulus,47,7,4,1,0,-1.0,-1.0,1,1,0,0,0.0,0.030091940684203056
2396,stimulus,47,5,3,0,0,-1.0,-1.0,1,0,1,0,0.0003996291894282235,0.030091940684203056
2397,stimulus,47,1,5,1,0,-1.0,-1.0,1,0,1,0,0.0003996291894282235,0.030091940684203056
2398,stimulus,47,2,3,0,1,1.0,1.0,0,nan,nan,nan,1.0869708077459737e-05,0.03008107097612559
2399,stimulus,47,1,2,0,1,1.0,1.0,0,nan,nan,nan,2.8854672963466716e-06,0.030083956443421943
2400,stimulus,47,5,3,1,0,-1.0,-1.0,1,2,0,0,0.0,0.030083956443421943
2401,stimulus,47,6,5,1,1,1.0,1.0,0,nan,nan,nan,1.0869708077459737e-05,0.03007308673534448
2402,stimulus,47,3,4,0,1,1.0,1.0,0,nan,nan,nan,2.8854672963466716e-06,0.030075972202640834
2403,stimulus,47,6,5,1,1,1.0,1.0,0,nan,nan,nan,2.8854672963466716e-06,0.030078857669937176
2404,stimulus,47,3,4,0,1,1.0,1.0,0,nan,nan,nan,2.8854672963466716e-06,0.030081743137233517
2405,stimulus,47,1,5,1,0,-1.0,-1.0,1,4,0,1,0.0003996291894282235,0.030081743137233517
2406,stimulus,47,5,3,0,0,-1.0,-1.0,1,0,1,0,0.0003996291894282235,0.030081743137233517
2407,stimulus,47,0,5,1,0,-1.0,-1.0,1,0,1,0,0.0,0.030081743137233517
2408,stimulus,47,1,3,0,0,-1.0,-1.0,1,0,1,0,0.0003996291894282235,0.030081743137233517
2409,stimulus,47,2,3,0,1,1.0,1.0,0,nan,nan,nan,2.8854672963466716e-06,0.030084628604529873
2410,stimulus,47,3,4,1,1,1.0,1.0,0,nan,nan,nan,1.0869708077459737e-05,0.03007375889645242
2411,stimulus,47,7,3,0,0,-1.0,-1.0,1,2,0,0,0.0,0.03007375889645242
2412,stimulus,47,0,3,0,0,-1.0,-1.0,1,0,1,0,0.0,0.03007375889645242
2413,stimulus,47,0,5,1,0,-1.0,-1.0,1,0,1,0,0.0,0.03007375889645242
2414,stimulus,47,4,5,1,1,1.0,1.0,0,nan,nan,nan,2.8854672963466716e-06,0.03007664436374876
2415,stimulus,47,5,6,1,1,1.0,1.0,0,nan,nan,nan,2.8854672963466716e-06,0.03007952983104511
2416,stimulus,47,0,5,0,0,-1.0,-1.0,1,2,0,0,0.0,0.03007952983104511
2417,stimulus,47,6,3,0,0,-1.0,-1.0,1,0,1,0,2.8854672963466716e-06,0.030076644363748756
2418,stimulus,47,1,5,1,0,-1.0,-1.0,1,0,1,0,0.0003996291894282235,0.030076644363748756
2419,stimulus,47,0,5,1,0,-1.0,-1.0,1,0,1,0,0.0,0.030076644363748756
2420,stimulus,47,5,3,0,0,-1.0,-1.0,1,0,1,0,0.0003996291894282235,0.030076644363748756
2421,stimulus,47,6,5,1,1,1.0,1.0,0,nan,nan,nan,2.8854672963466716e-06,0.03007952983104511
2422,stimulus,47,6,4,0,0,-1.0,-1.0,1,1,0,0,0.0003996291894282235,0.03007952983104511
2423,stimulus,47,2,3,0,1,1.0,1.0,0,nan,nan,nan,1.0869708077459737e-05,0.030068660122967644
2424,stimulus,47,4,2,0,0,-1.0,-1.0,1,1,0,0,0.0003996291894282235,0.030068660122967644
2425,stimulus,47,0,5,1,0,-1.0,-1.0,1,0,1,0,0.0,0.030068660122967644
2426,stimulus,47,7,3,0,0,-1.0,-1.0,1,0,1,0,0.0,0.030068660122967644
2427,stimulus,47,2,3,0,1,1.0,1.0,0,nan,nan,nan,2.8854672963466716e-06,0.030071545590264
2428,stimulus,47,2,2,0,1,1.0,1.0,0,nan,nan,nan,1.0869708077459737e-05,0.030060675882186538
2429,stimulus,47,7,3,1,0,-1.0,-1.0,1,2,0,0,0.0002673723018894676,0.030328048184076008
2430,stimulus,47,6,5,1,1,1.0,1.0,0,nan,nan,nan,2.8854672963466716e-06,0.03033093365137235
2431,stimulus,47,3,4,0,1,1.0,1.0,0,nan,nan,nan,2.8854672963466716e-06,0.03033381911866869
2432,stimulus,47,6,5,1,1,1.0,1.0,0,nan,nan,nan,2.8854672963466716e-06,0.030336704585965036
2433,stimulus,47,0,6,1,0,-1.0,-1.0,1,3,0,1,0.0,0.030336704585965036
2434,stimulus,47,6,5,1,1,1.0,1.0,0,nan,nan,nan,1.0869708077459737e-05,0.03032583487788758
2435,stimulus,47,1,4,0,0,-1.0,-1.0,1,1,0,0,0.0,0.03032583487788758
2436,stimulus,47,6,5,1,1,1.0,1.0,0,nan,nan,nan,2.8854672963466716e-06,0.030328720345183923
2437,stimulus,47,4,4,0,1,1.0,1.0,0,nan,nan,nan,2.8854672963466716e-06,0.03033160581248027
2438,stimulus,47,4,5,1,1,1.0,1.0,0,nan,nan,nan,2.8854672963466716e-06,0.03033449127977662
2439,stimulus,47,0,4,0,0,-1.0,-1.0,1,3,0,1,0.0,0.03033449127977662
2440,stimulus,47,6,5,1,1,1.0,1.0,0,nan,nan,nan,2.8854672963466716e-06,0.030337376747072976
2441,stimulus,47,6,4,0,0,-1.0,-1.0,1,1,0,0,0.0003996291894282235,0.030337376747072976
2442,stimulus,47,2,3,0,1,1.0,1.0,0,nan,nan,nan,2.8854672963466716e-06,0.030340262214369317
2443,stimulus,47,6,2,0,0,-1.0,-1.0,1,1,0,0,0.0,0.030340262214369317
2444,stimulus,47,2,3,0,1,1.0,1.0,0,nan,nan,nan,2.8854672963466716e-06,0.030343147681665662
2445,stimulus,47,8,2,0,0,-1.0,-1.0,1,1,0,0,0.0002673723018894676,0.03061051998355513
2446,stimulus,47,6,5,1,1,1.0,1.0,0,nan,nan,nan,2.8854672963466716e-06,0.030613405450851484
2447,stimulus,47,4,4,0,1,1.0,1.0,0,nan,nan,nan,2.8854672963466716e-06,0.030616290918147826
2448,stimulus,47,8,3,0,0,-1.0,-1.0,1,2,0,0,0.0,0.030616290918147826
2449,stimulus,47,1,5,1,0,-1.0,-1.0,1,0,1,0,0.0003996291894282235,0.030616290918147826
2450,stimulus,47,4,5,1,1,1.0,1.0,0,nan,nan,nan,2.8854672963466716e-06,0.030619176385444175
2451,stimulus,47,3,4,0,1,1.0,1.0,0,nan,nan,nan,1.0869708077459737e-05,0.03060830667736671
2452,stimulus,47,8,3,0,0,-1.0,-1.0,1,2,0,0,0.0,0.03060830667736671
2453,stimulus,47,2,3,0,1,1.0,1.0,0,nan,nan,nan,2.8854672963466716e-06,0.03061119214466306
2454,stimulus,47,7,2,0,0,-1.0,-1.0,1,1,0,0,0.0,0.03061119214466306
2455,stimulus,47,2,3,0,1,1.0,1.0,0,nan,nan,nan,2.8854672963466716e-06,0.030614077611959407
2456,stimulus,47,8,2,0,0,-1.0,-1.0,1,1,0,0,0.0002673723018894676,0.030881449913848873
2457,stimulus,47,4,5,1,1,1.0,1.0,0,nan,nan,nan,1.0869708077459737e-05,0.030870580205771415
2458,stimulus,47,5,6,1,1,1.0,1.0,0,nan,nan,nan,2.8854672963466716e-06,0.030873465673067757
2459,stimulus,47,5,5,0,1,1.0,1.0,0,nan,nan,nan,2.8854672963466716e-06,0.030876351140364106
2460,stimulus,47,8,6,1,0,-1.0,-1.0,1,3,0,1,0.0,0.030876351140364106
2461,stimulus,47,4,5,1,1,1.0,1.0,0,nan,nan,nan,2.8854672963466716e-06,0.030879236607660454
2462,stimulus,47,1,4,0,0,-1.0,-1.0,1,1,0,0,0.0,0.030879236607660454
2463,stimulus,47,4,5,1,1,1.0,1.0,0,nan,nan,nan,2.8854672963466716e-06,0.030882122074956803
2464,stimulus,47,5,6,1,1,1.0,1.0,0,nan,nan,nan,2.8854672963466716e-06,0.030885007542253144
2465,stimulus,47,4,5,0,1,1.0,1.0,0,nan,nan,nan,2.8854672963466716e-06,0.03088789300954949
2466,stimulus,47,4,4,0,1,1.0,1.0,0,nan,nan,nan,2.8854672963466716e-06,0.030890778476845838
2467,stimulus,47,6,5,1,1,1.0,1.0,0,nan,nan,nan,2.8854672963466716e-06,0.03089366394414219
2468,stimulus,47,8,4,0,0,-1.0,-1.0,1,5,0,1,0.0,0.03089366394414219
2469,stimulus,47,5,3,0,0,-1.0,-1.0,1,0,1,0,0.0003996291894282235,0.03089366394414219
2470,stimulus,47,6,5,1,1,1.0,1.0,0,nan,nan,nan,1.0869708077459737e-05,0.030882794236064725
2471,stimulus,47,4,4,0,1,1.0,1.0,0,nan,nan,nan,1.0869708077459737e-05,0.030871924527987267
2472,stimulus,47,8,5,1,0,-1.0,-1.0,1,2,0,0,0.0,0.030871924527987267
2473,stimulus,47,8,5,1,0,-1.0,-1.0,1,0,1,0,0.0,0.030871924527987267
2474,stimulus,47,0,5,1,0,-1.0,-1.0,1,0,1,0,0.0,0.030871924527987267
2475,stimulus,47,1,3,0,0,-1.0,-1.0,1,0,1,0,0.0003996291894282235,0.030871924527987267
2476,stimulus,47,8,3,0,0,-1.0,-1.0,1,0,1,0,0.0,0.030871924527987267
2477,stimulus,47,5,3,0,0,-1.0,-1.0,1,0,1,0,0.0003996291894282235,0.030871924527987267
2478,stimulus,47,2,3,0,1,1.0,1.0,0,nan,nan,nan,2.8854672963466716e-06,0.03087480999528362
2479,stimulus,47,8,4,1,0,-1.0,-1.0,1,1,0,0,0.0002673723018894676,0.03114218229717309
2480,stimulus,47,3,3,0,1,1.0,1.0,0,nan,nan,nan,2.8854672963466716e-06,0.031145067764469438
2481,stimulus,47,5,4,1,1,1.0,1.0,0,nan,nan,nan,2.8854672963466716e-06,0.03114795323176578
2482,stimulus,47,8,3,0,0,-1.0,-1.0,1,2,0,0,0.0,0.03114795323176578
2483,stimulus,47,0,5,1,0,-1.0,-1.0,1,0,1,0,0.0,0.03114795323176578
2484,stimulus,47,8,3,0,0,-1.0,-1.0,1,0,1,0,0.0,0.03114795323176578
2485,stimulus,47,6,5,1,1,1.0,1.0,0,nan,nan,nan,2.8854672963466716e-06,0.03115083869906212
2486,stimulus,47,2,6,1,0,-1.0,-1.0,1,1,0,0,0.0003996291894282235,0.03115083869906212
2487,stimulus,47,8,3,0,0,-1.0,-1.0,1,0,1,0,0.0,0.03115083869906212
2488,stimulus,47,6,5,1,1,1.0,1.0,0,nan,nan,nan,2.8854672963466716e-06,0.031153724166358476
2489,stimulus,47,6,4,0,0,-1.0,-1.0,1,1,0,0,0.0003996291894282235,0.031153724166358476
2490,stimulus,47,2,3,0,1,1.0,1.0,0,nan,nan,nan,1.0869708077459737e-05,0.03114285445828101
2491,stimulus,47,3,4,1,1,1.0,1.0,0,nan,nan,nan,1.0869708077459737e-05,0.031131984750203547
2492,stimulus,47,4,5,1,1,1.0,1.0,0,nan,nan,nan,2.8854672963466716e-06,0.0311348702174999
2493,stimulus,47,6,4,0,0,-1.0,-1.0,1,3,0,1,0.0003996291894282235,0.0311348702174999
2494,stimulus,47,8,3,0,0,-1.0,-1.0,1,0,1,0,0.0,0.0311348702174999
2495,stimulus,47,5,3,0,0,-1.0,-1.0,1,0,1,0,0.0003996291894282235,0.0311348702174999
2496,stimulus,47,8,3,0,0,-1.0,-1.0,1,0,1,0,0.0,0.0311348702174999
2497,stimulus,47,2,3,0,1,1.0,1.0,0,nan,nan,nan,2.8854672963466716e-06,0.031137755684796254
2498,stimulus,47,4,2,0,0,-1.0,-1.0,1,1,0,0,0.0003996291894282235,0.031137755684796254
2499,stimulus,47,3,3,0,1,1.0,1.0,0,nan,nan,nan,2.8854672963466716e-06,0.031140641152092596
2500,stimulus,47,8,4,1,0,-1.0,-1.0,1,1,0,0,0.0002673723018894676,0.031408013453982066
2501,stimulus,47,1,5,1,0,-1.0,-1.0,1,0,1,0,0.0003996291894282235,0.031408013453982066
2502,stimulus,47,8,5,1,0,-1.0,-1.0,1,0,1,0,0.0,0.031408013453982066
2503,stimulus,47,8,5,1,0,-1.0,-1.0,1,0,1,0,0.0,0.031408013453982066
2504,stimulus,47,0,3,0,0,-1.0,-1.0,1,0,1,0,0.0,0.031408013453982066
2505,stimulus,47,2,3,0,1,1.0,1.0,0,nan,nan,nan,2.8854672963466716e-06,0.03141089892127841
2506,stimulus,47,8,2,0,0,-1.0,-1.0,1,1,0,0,0.0002673723018894676,0.031678271223167874
2507,stimulus,47,5,3,0,0,-1.0,-1.0,1,0,1,0,0.0003996291894282235,0.031678271223167874
2508,stimulus,47,0,3,0,0,-1.0,-1.0,1,0,1,0,0.0,0.031678271223167874
2509,stimulus,47,6,3,0,0,-1.0,-1.0,1,0,1,0,2.8854672963466716e-06,0.03167538575587153
2510,stimulus,47,4,5,1,1,1.0,1.0,0,nan,nan,nan,2.8854672963466716e-06,0.03167827122316788
2511,stimulus,47,7,6,1,1,1.0,1.0,0,nan,nan,nan,2.8854672963466716e-06,0.03168115669046422
2512,stimulus,47,5,5,0,1,1.0,1.0,0,nan,nan,nan,2.8854672963466716e-06,0.03168404215776057
2513,stimulus,47,4,4,0,1,1.0,1.0,0,nan,nan,nan,1.0869708077459737e-05,0.03167317244968311
2514,stimulus,47,4,5,1,1,1.0,1.0,0,nan,nan,nan,2.8854672963466716e-06,0.03167605791697946
2515,stimulus,47,1,6,1,0,-1.0,-1.0,1,5,0,1,0.0,0.03167605791697946
2516,stimulus,47,1,5,1,0,-1.0,-1.0,1,0,1,0,0.0003996291894282235,0.03167605791697946
2517,stimulus,47,0,5,1,0,-1.0,-1.0,1,0,1,0,0.0,0.03167605791697946
2518,stimulus,47,4,5,1,1,1.0,1.0,0,nan,nan,nan,1.0869708077459737e-05,0.031665188208902
2519,stimulus,47,7,6,1,1,1.0,1.0,0,nan,nan,nan,2.8854672963466716e-06,0.03166807367619834
2520,stimulus,47,5,5,0,1,1.0,1.0,0,nan,nan,nan,2.8854672963466716e-06,0.03167095914349469
2521,stimulus,47,2,6,1,0,-1.0,-1.0,1,3,0,1,0.0003996291894282235,0.03167095914349469
2522,stimulus,47,0,3,0,0,-1.0,-1.0,1,0,1,0,0.0,0.03167095914349469
2523,stimulus,47,8,3,0,0,-1.0,-1.0,1,0,1,0,0.0,0.03167095914349469
2524,stimulus,47,6,5,1,1,1.0,1.0,0,nan,nan,nan,1.0869708077459737e-05,0.03166008943541723
2525,stimulus,47,6,4,0,0,-1.0,-1.0,1,1,0,0,0.0003996291894282235,0.03166008943541723
2526,stimulus,47,7,3,0,0,-1.0,-1.0,1,0,1,0,0.0,0.03166008943541723
2527,stimulus,47,7,3,0,0,-1.0,-1.0,1,0,1,0,0.0,0.03166008943541723
2528,stimulus,47,4,5,1,1,1.0,1.0,0,nan,nan,nan,2.8854672963466716e-06,0.03166297490271358
2529,stimulus,47,3,4,0,1,1.0,1.0,0,nan,nan,nan,2.8854672963466716e-06,0.03166586037000992
2530,stimulus,47,3,3,0,1,1.0,1.0,0,nan,nan,nan,2.8854672963466716e-06,0.031668745837306264
2531,stimulus,47,7,2,0,0,-1.0,-1.0,1,3,0,1,0.0,0.031668745837306264
2532,stimulus,47,0,3,0,0,-1.0,-1.0,1,0,1,0,0.0,0.031668745837306264
2533,stimulus,47,0,5,1,0,-1.0,-1.0,1,0,1,0,0.0,0.031668745837306264
2534,stimulus,47,0,3,0,0,-1.0,-1.0,1,0,1,0,0.0,0.031668745837306264
2535,stimulus,47,1,5,1,0,-1.0,-1.0,1,0,1,0,0.0003996291894282235,0.031668745837306264
2536,stimulus,47,5,3,0,0,-1.0,-1.0,1,0,1,0,0.0003996291894282235,0.031668745837306264
2537,stimulus,47,6,5,1,1,1.0,1.0,0,nan,nan,nan,2.8854672963466716e-06,0.03167163130460261
2538,stimulus,47,8,4,0,0,-1.0,-1.0,1,1,0,0,0.0,0.03167163130460261
2539,stimulus,47,7,5,1,0,-1.0,-1.0,1,0,1,0,0.0,0.03167163130460261
2540,stimulus,47,6,5,1,1,1.0,1.0,0,nan,nan,nan,2.8854672963466716e-06,0.03167451677189896
2541,stimulus,47,5,6,1,1,1.0,1.0,0,nan,nan,nan,2.8854672963466716e-06,0.03167740223919532
2542,stimulus,47,3,7,1,0,-1.0,-1.0,1,2,0,0,0.0003996291894282235,0.03167740223919532
2543,stimulus,47,3,3,0,1,1.0,1.0,0,nan,nan,nan,2.8854672963466716e-06,0.03168028770649166
2544,stimulus,47,2,2,0,1,1.0,1.0,0,nan,nan,nan,2.8854672963466716e-06,0.03168317317378801
2545,stimulus,47,0,1,0,1,1.0,1.0,0,nan,nan,nan,1.0869708077459737e-05,0.031672303465710545
2546,stimulus,47,4,2,1,0,-1.0,-1.0,1,3,0,1,0.0,0.031672303465710545
2547,stimulus,47,2,3,0,1,1.0,1.0,0,nan,nan,nan,2.8854672963466716e-06,0.0316751889330069
2548,stimulus,47,5,4,1,1,1.0,1.0,0,nan,nan,nan,2.8854672963466716e-06,0.03167807440030324
2549,stimulus,47,8,3,0,0,-1.0,-1.0,1,2,0,0,0.0,0.03167807440030324
2550,stimulus,47,0,3,0,0,-1.0,-1.0,1,0,1,0,0.0,0.03167807440030324
2551,stimulus,47,7,5,1,0,-1.0,-1.0,1,0,1,0,0.0,0.03167807440030324
2552,stimulus,47,2,3,0,1,1.0,1.0,0,nan,nan,nan,2.8854672963466716e-06,0.031680959867599584
2553,stimulus,47,0,4,1,0,-1.0,-1.0,1,1,0,0,0.0003996291894282235,0.031680959867599584
2554,stimulus,47,7,3,0,0,-1.0,-1.0,1,0,1,0,0.0,0.031680959867599584
2555,stimulus,47,2,3,0,1,1.0,1.0,0,nan,nan,nan,2.8854672963466716e-06,0.03168384533489594
2556,stimulus,47,2,4,1,0,-1.0,-1.0,1,1,0,0,1.0869708077459737e-05,0.0316947150429734
2557,stimulus,47,0,3,0,0,-1.0,-1.0,1,0,1,0,0.0,0.0316947150429734
2558,stimulus,47,6,5,1,1,1.0,1.0,0,nan,nan,nan,2.8854672963466716e-06,0.03169760051026974
2559,stimulus,47,2,6,1,0,-1.0,-1.0,1,1,0,0,0.0003996291894282235,0.03169760051026974
2560,stimulus,47,8,5,1,0,-1.0,-1.0,1,0,1,0,0.0,0.03169760051026974
2561,stimulus,47,2,3,0,1,1.0,1.0,0,nan,nan,nan,2.8854672963466716e-06,0.031700485977566084
2562,stimulus,47,2,2,0,1,1.0,1.0,0,nan,nan,nan,1.0869708077459737e-05,0.03168961626948862
2563,stimulus,47,4,1,0,0,-1.0,-1.0,1,2,0,0,1.0869708077459737e-05,0.03170048597756609
2564,stimulus,47,2,3,0,1,1.0,1.0,0,nan,nan,nan,1.0869708077459737e-05,0.03168961626948862
2565,stimulus,47,6,4,1,0,-1.0,-1.0,1,1,0,0,0.0,0.03168961626948862
2566,stimulus,47,7,5,1,0,-1.0,-1.0,1,0,1,0,0.0,0.03168961626948862
2567,stimulus,47,8,3,0,0,-1.0,-1.0,1,0,1,0,0.0,0.03168961626948862
2568,stimulus,47,3,5,1,0,-1.0,-1.0,1,0,1,0,1.0869708077459737e-05,0.031700485977566084
2569,stimulus,47,4,5,1,1,1.0,1.0,0,nan,nan,nan,2.8854672963466716e-06,0.031703371444862426
2570,stimulus,47,0,4,0,0,-1.0,-1.0,1,1,0,0,0.0,0.031703371444862426
2571,stimulus,47,6,5,1,1,1.0,1.0,0,nan,nan,nan,1.0869708077459737e-05,0.03169250173678497
2572,stimulus,47,8,4,0,0,-1.0,-1.0,1,1,0,0,0.0,0.03169250173678497
2573,stimulus,47,3,3,0,1,1.0,1.0,0,nan,nan,nan,1.0869708077459737e-05,0.03168163202870752
2574,stimulus,47,6,2,0,0,-1.0,-1.0,1,1,0,0,0.0,0.03168163202870752
2575,stimulus,47,6,5,1,1,1.0,1.0,0,nan,nan,nan,1.0869708077459737e-05,0.031670762320630055
2576,stimulus,47,8,4,0,0,-1.0,-1.0,1,1,0,0,0.0,0.031670762320630055
2577,stimulus,47,8,5,1,0,-1.0,-1.0,1,0,1,0,0.0,0.031670762320630055
2578,stimulus,47,8,5,1,0,-1.0,-1.0,1,0,1,0,0.0,0.031670762320630055
2579,stimulus,47,3,3,0,1,1.0,1.0,0,nan,nan,nan,1.0869708077459737e-05,0.03165989261255259
2580,stimulus,47,4,2,0,0,-1.0,-1.0,1,1,0,0,0.0003996291894282235,0.03165989261255259
2581,stimulus,47,8,3,0,0,-1.0,-1.0,1,0,1,0,0.0,0.03165989261255259
2582,stimulus,47,6,5,1,1,1.0,1.0,0,nan,nan,nan,2.8854672963466716e-06,0.03166277807984894
2583,stimulus,47,4,4,0,1,1.0,1.0,0,nan,nan,nan,2.8854672963466716e-06,0.03166566354714529
2584,stimulus,47,1,5,1,0,-1.0,-1.0,1,2,0,0,0.0003996291894282235,0.03166566354714529
2585,stimulus,47,7,3,0,0,-1.0,-1.0,1,0,1,0,0.0,0.03166566354714529
2586,stimulus,47,2,3,0,1,1.0,1.0,0,nan,nan,nan,2.8854672963466716e-06,0.03166854901444163
2587,stimulus,47,1,2,0,1,1.0,1.0,0,nan,nan,nan,2.8854672963466716e-06,0.031671434481737974
2588,stimulus,47,1,1,0,1,1.0,1.0,0,nan,nan,nan,2.8854672963466716e-06,0.03167431994903432
2589,stimulus,47,8,0,0,0,-1.0,-1.0,1,3,0,1,0.0,0.03167431994903432
2590,stimulus,47,6,5,1,1,1.0,1.0,0,nan,nan,nan,2.8854672963466716e-06,0.03167720541633068
2591,stimulus,47,0,6,1,0,-1.0,-1.0,1,1,0,0,0.0,0.03167720541633068
2592,stimulus,47,2,3,0,1,1.0,1.0,0,nan,nan,nan,2.8854672963466716e-06,0.03168009088362702
2593,stimulus,47,1,2,0,1,1.0,1.0,0,nan,nan,nan,2.8854672963466716e-06,0.03168297635092336
2594,stimulus,47,3,1,0,0,-1.0,-1.0,1,2,0,0,0.0003996291894282235,0.03168297635092336
2595,stimulus,47,2,3,0,1,1.0,1.0,0,nan,nan,nan,1.0869708077459737e-05,0.03167210664284591
2596,stimulus,47,4,2,0,0,-1.0,-1.0,1,1,0,0,0.0003996291894282235,0.03167210664284591
2597,stimulus,47,2,3,0,1,1.0,1.0,0,nan,nan,nan,2.8854672963466716e-06,0.031674992110142255
2598,stimulus,47,1,2,0,1,1.0,1.0,0,nan,nan,nan,2.8854672963466716e-06,0.031677877577438604
2599,stimulus,47,7,3,1,0,-1.0,-1.0,1,2,0,0,0.0002673723018894676,0.03194524987932808
2600,stimulus,47,3,3,0,1,1.0,1.0,0,nan,nan,nan,2.8854672963466716e-06,0.03194813534662442
2601,stimulus,47,0,4,1,0,-1.0,-1.0,1,1,0,0,0.0003996291894282235,0.03194813534662442
2602,stimulus,47,0,5,1,0,-1.0,-1.0,1,0,1,0,0.0,0.03194813534662442
2603,stimulus,47,5,3,0,0,-1.0,-1.0,1,0,1,0,0.0003996291894282235,0.03194813534662442
2604,stimulus,47,2,3,0,1,1.0,1.0,0,nan,nan,nan,2.8854672963466716e-06,0.03195102081392076
2605,stimulus,47,8,4,1,0,-1.0,-1.0,1,1,0,0,0.0002673723018894676,0.03221839311581023
2606,stimulus,47,8,3,0,0,-1.0,-1.0,1,0,1,0,0.0,0.03221839311581023
2607,stimulus,47,0,5,1,0,-1.0,-1.0,1,0,1,0,0.0,0.03221839311581023
2608,stimulus,47,2,3,0,1,1.0,1.0,0,nan,nan,nan,2.8854672963466716e-06,0.03222127858310657
2609,stimulus,47,6,4,1,0,-1.0,-1.0,1,1,0,0,0.0,0.03222127858310657
2610,stimulus,47,7,5,1,0,-1.0,-1.0,1,0,1,0,0.0,0.03222127858310657
2611,stimulus,47,6,5,1,1,1.0,1.0,0,nan,nan,nan,2.8854672963466716e-06,0.032224164050402924
2612,stimulus,47,1,4,0,0,-1.0,-1.0,1,1,0,0,0.0,0.032224164050402924
2613,stimulus,47,0,5,1,0,-1.0,-1.0,1,0,1,0,0.0,0.032224164050402924
2614,stimulus,47,2,3,0,1,1.0,1.0,0,nan,nan,nan,1.0869708077459737e-05,0.03221329434232546
2615,stimulus,47,2,2,0,1,1.0,1.0,0,nan,nan,nan,2.8854672963466716e-06,0.03221617980962181
2616,stimulus,47,6,1,0,0,-1.0,-1.0,1,2,0,0,0.0,0.03221617980962181
2617,stimulus,47,3,3,0,1,1.0,1.0,0,nan,nan,nan,1.0869708077459737e-05,0.03220531010154435
2618,stimulus,47,6,4,1,0,-1.0,-1.0,1,1,0,0,0.0,0.03220531010154435
2619,stimulus,47,5,3,0,0,-1.0,-1.0,1,0,1,0,0.0003996291894282235,0.03220531010154435
2620,stimulus,47,8,5,1,0,-1.0,-1.0,1,0,1,0,0.0,0.03220531010154435
2621,stimulus,47,2,3,0,1,1.0,1.0,0,nan,nan,nan,2.8854672963466716e-06,0.03220819556884069
2622,stimulus,47,8,2,0,0,-1.0,-1.0,1,1,0,0,0.0003106794906800987,0.0325188750595208
2623,stimulus,47,8,5,1,0,-1.0,-1.0,1,0,1,0,0.0,0.0325188750595208
2624,stimulus,47,3,3,0,1,1.0,1.0,0,nan,nan,nan,2.8854672963466716e-06,0.03252176052681715
2625,stimulus,47,4,2,0,0,-1.0,-1.0,1,1,0,0,0.0003996291894282235,0.03252176052681715
2626,stimulus,47,4,5,1,1,1.0,1.0,0,nan,nan,nan,2.8854672963466716e-06,0.0325246459941135
2627,stimulus,47,7,6,1,1,1.0,1.0,0,nan,nan,nan,2.8854672963466716e-06,0.03252753146140984
2628,stimulus,47,2,5,0,0,-1.0,-1.0,1,2,0,0,0.0,0.03252753146140984
2629,stimulus,47,4,5,1,1,1.0,1.0,0,nan,nan,nan,1.0869708077459737e-05,0.03251666175333238
2630,stimulus,47,1,4,0,0,-1.0,-1.0,1,1,0,0,0.0,0.03251666175333238
2631,stimulus,47,8,3,0,0,-1.0,-1.0,1,0,1,0,0.0,0.03251666175333238
2632,stimulus,47,1,5,1,0,-1.0,-1.0,1,0,1,0,0.0003996291894282235,0.03251666175333238
2633,stimulus,47,0,3,0,0,-1.0,-1.0,1,0,1,0,0.0,0.03251666175333238
2634,stimulus,47,4,5,1,1,1.0,1.0,0,nan,nan,nan,2.8854672963466716e-06,0.03251954722062873
2635,stimulus,47,8,6,1,0,-1.0,-1.0,1,1,0,0,0.0,0.03251954722062873
2636,stimulus,47,4,5,1,1,1.0,1.0,0,nan,nan,nan,2.8854672963466716e-06,0.032522432687925075
2637,stimulus,47,6,4,0,0,-1.0,-1.0,1,1,0,0,0.0003996291894282235,0.032522432687925075
2638,stimulus,47,0,5,1,0,-1.0,-1.0,1,0,1,0,0.0,0.032522432687925075
2639,stimulus,47,3,3,0,1,1.0,1.0,0,nan,nan,nan,2.8854672963466716e-06,0.03252531815522142
2640,stimulus,47,2,2,0,1,1.0,1.0,0,nan,nan,nan,2.8854672963466716e-06,0.032528203622517765
2641,stimulus,47,6,1,0,0,-1.0,-1.0,1,2,0,0,0.0,0.032528203622517765
2642,stimulus,47,3,3,0,1,1.0,1.0,0,nan,nan,nan,2.8854672963466716e-06,0.032531089089814114
2643,stimulus,47,1,2,0,1,1.0,1.0,0,nan,nan,nan,2.8854672963466716e-06,0.032533974557110455
2644,stimulus,47,5,3,1,0,-1.0,-1.0,1,2,0,0,0.0,0.032533974557110455
2645,stimulus,47,2,3,0,1,1.0,1.0,0,nan,nan,nan,2.8854672963466716e-06,0.03253686002440681
2646,stimulus,47,2,2,0,1,1.0,1.0,0,nan,nan,nan,1.0869708077459737e-05,0.03252599031632935
2647,stimulus,47,6,3,1,0,-1.0,-1.0,1,2,0,0,0.0,0.03252599031632935
2648,stimulus,47,1,5,1,0,-1.0,-1.0,1,0,1,0,0.0003996291894282235,0.03252599031632935
2649,stimulus,47,0,5,1,0,-1.0,-1.0,1,0,1,0,0.0,0.03252599031632935
2650,stimulus,47,1,5,1,0,-1.0,-1.0,1,0,1,0,0.0003996291894282235,0.03252599031632935
2651,stimulus,47,3,3,0,1,1.0,1.0,0,nan,nan,nan,2.8854672963466716e-06,0.0325288757836257
2652,stimulus,47,6,4,1,0,-1.0,-1.0,1,1,0,0,0.0,0.0325288757836257
2653,stimulus,47,8,3,0,0,-1.0,-1.0,1,0,1,0,0.0,0.0325288757836257
2654,stimulus,47,5,3,0,0,-1.0,-1.0,1,0,1,0,0.0003996291894282235,0.0325288757836257
2655,stimulus,47,2,3,0,1,1.0,1.0,0,nan,nan,nan,2.8854672963466716e-06,0.03253176125092204
2656,stimulus,47,2,2,0,1,1.0,1.0,0,nan,nan,nan,2.8854672963466716e-06,0.03253464671821839
2657,stimulus,47,1,1,0,1,1.0,1.0,0,nan,nan,nan,2.8854672963466716e-06,0.032537532185514736
2658,stimulus,47,2,0,0,0,-1.0,-1.0,1,3,0,1,0.0003996291894282235,0.032537532185514736
2659,stimulus,47,1,5,1,0,-1.0,-1.0,1,0,1,0,0.0003996291894282235,0.032537532185514736
2660,stimulus,47,0,3,0,0,-1.0,-1.0,1,0,1,0,0.0,0.032537532185514736
2661,stimulus,47,1,5,1,0,-1.0,-1.0,1,0,1,0,0.0003996291894282235,0.032537532185514736
2662,stimulus,47,7,5,1,0,-1.0,-1.0,1,0,1,0,0.0,0.032537532185514736
2663,stimulus,47,5,3,0,0,-1.0,-1.0,1,0,1,0,0.0003996291894282235,0.032537532185514736
2664,stimulus,47,4,5,1,1,1.0,1.0,0,nan,nan,nan,2.8854672963466716e-06,0.032540417652811085
2665,stimulus,47,0,4,0,0,-1.0,-1.0,1,1,0,0,0.0,0.032540417652811085
2666,stimulus,47,5,3,0,0,-1.0,-1.0,1,0,1,0,0.0003996291894282235,0.032540417652811085
2667,stimulus,47,1,5,1,0,-1.0,-1.0,1,0,1,0,0.0003996291894282235,0.032540417652811085
2668,stimulus,47,0,5,1,0,-1.0,-1.0,1,0,1,0,0.0,0.032540417652811085
2669,stimulus,47,2,3,0,1,1.0,1.0,0,nan,nan,nan,1.0869708077459737e-05,0.03252954794473363
2670,stimulus,47,4,2,0,0,-1.0,-1.0,1,1,0,0,0.0003996291894282235,0.03252954794473363
2671,stimulus,47,0,5,1,0,-1.0,-1.0,1,0,1,0,0.0,0.03252954794473363
2672,stimulus,47,4,3,0,1,1.0,1.0,0,nan,nan,nan,2.8854672963466716e-06,0.03253243341202997
2673,stimulus,47,0,2,0,0,-1.0,-1.0,1,1,0,0,0.0003996291894282235,0.03253243341202997
2674,stimulus,47,0,3,0,0,-1.0,-1.0,1,0,1,0,0.0,0.03253243341202997
2675,stimulus,47,4,5,1,1,1.0,1.0,0,nan,nan,nan,1.0869708077459737e-05,0.03252156370395252
2676,stimulus,47,2,6,1,0,-1.0,-1.0,1,1,0,0,0.0003996291894282235,0.03252156370395252
2677,stimulus,47,4,5,1,1,1.0,1.0,0,nan,nan,nan,2.8854672963466716e-06,0.03252444917124886
2678,stimulus,47,2,6,1,0,-1.0,-1.0,1,1,0,0,0.0003996291894282235,0.03252444917124886
2679,stimulus,47,7,5,1,0,-1.0,-1.0,1,0,1,0,0.0,0.03252444917124886
2680,stimulus,47,3,3,0,1,1.0,1.0,0,nan,nan,nan,1.0869708077459737e-05,0.032513579463171405
2681,stimulus,47,5,4,1,1,1.0,1.0,0,nan,nan,nan,1.0869708077459737e-05,0.032502709755093936
2682,stimulus,47,8,5,1,0,-1.0,-1.0,1,2,0,0,0.0,0.032502709755093936
2683,stimulus,47,0,3,0,0,-1.0,-1.0,1,0,1,0,0.0,0.032502709755093936
2684,stimulus,47,3,3,0,1,1.0,1.0,0,nan,nan,nan,2.8854672963466716e-06,0.032505595222390285
2685,stimulus,47,2,2,0,1,1.0,1.0,0,nan,nan,nan,2.8854672963466716e-06,0.032508480689686634
2686,stimulus,47,3,1,0,0,-1.0,-1.0,1,2,0,0,0.0003996291894282235,0.032508480689686634
2687,stimulus,47,1,5,1,0,-1.0,-1.0,1,0,1,0,0.0003996291894282235,0.032508480689686634
2688,stimulus,47,4,5,1,1,1.0,1.0,0,nan,nan,nan,2.8854672963466716e-06,0.03251136615698298
2689,stimulus,47,3,4,0,1,1.0,1.0,0,nan,nan,nan,2.8854672963466716e-06,0.032514251624279324
2690,stimulus,47,7,3,0,0,-1.0,-1.0,1,2,0,0,0.0,0.032514251624279324
2691,stimulus,47,7,3,0,0,-1.0,-1.0,1,0,1,0,0.0,0.032514251624279324
2692,stimulus,47,5,3,0,0,-1.0,-1.0,1,0,1,0,0.0003996291894282235,0.032514251624279324
2693,stimulus,47,4,5,1,1,1.0,1.0,0,nan,nan,nan,2.8854672963466716e-06,0.032517137091575665
2694,stimulus,47,3,4,0,1,1.0,1.0,0,nan,nan,nan,2.8854672963466716e-06,0.03252002255887202
2695,stimulus,47,1,5,1,0,-1.0,-1.0,1,2,0,0,0.0003996291894282235,0.03252002255887202
2696,stimulus,47,0,3,0,0,-1.0,-1.0,1,0,1,0,0.0,0.03252002255887202
2697,stimulus,47,3,3,0,1,1.0,1.0,0,nan,nan,nan,2.8854672963466716e-06,0.03252290802616837
2698,stimulus,47,1,2,0,1,1.0,1.0,0,nan,nan,nan,2.8854672963466716e-06,0.03252579349346471
2699,stimulus,47,1,1,0,1,1.0,1.0,0,nan,nan,nan,2.8854672963466716e-06,0.03252867896076106
2700,stimulus,47,5,0,0,0,-1.0,-1.0,1,3,0,1,0.0,0.03252867896076106
2701,stimulus,47,2,3,0,1,1.0,1.0,0,nan,nan,nan,1.0869708077459737e-05,0.032517809252683605
2702,stimulus,47,3,4,1,1,1.0,1.0,0,nan,nan,nan,2.8854672963466716e-06,0.032520694719979946
2703,stimulus,47,8,3,0,0,-1.0,-1.0,1,2,0,0,0.0,0.032520694719979946
2704,stimulus,47,6,5,1,1,1.0,1.0,0,nan,nan,nan,2.8854672963466716e-06,0.03252358018727629
2705,stimulus,47,8,6,1,0,-1.0,-1.0,1,1,0,0,0.0,0.03252358018727629
2706,stimulus,47,3,3,0,1,1.0,1.0,0,nan,nan,nan,1.0869708077459737e-05,0.032512710479198834
2707,stimulus,47,0,4,1,0,-1.0,-1.0,1,1,0,0,0.0003996291894282235,0.032512710479198834
2708,stimulus,47,8,3,0,0,-1.0,-1.0,1,0,1,0,0.0,0.032512710479198834
2709,stimulus,47,0,3,0,0,-1.0,-1.0,1,0,1,0,0.0,0.032512710479198834
2710,stimulus,47,1,5,1,0,-1.0,-1.0,1,0,1,0,0.0003996291894282235,0.032512710479198834
2711,stimulus,47,3,3,0,1,1.0,1.0,0,nan,nan,nan,2.8854672963466716e-06,0.03251559594649518
2712,stimulus,47,2,2,0,1,1.0,1.0,0,nan,nan,nan,2.8854672963466716e-06,0.03251848141379153
2713,stimulus,47,0,1,0,1,1.0,1.0,0,nan,nan,nan,2.8854672963466716e-06,0.03252136688108787
2714,stimulus,47,7,2,1,0,-1.0,-1.0,1,3,0,1,0.0,0.03252136688108787
2715,stimulus,47,1,5,1,0,-1.0,-1.0,1,0,1,0,0.0003996291894282235,0.03252136688108787
2716,stimulus,47,7,3,0,0,-1.0,-1.0,1,0,1,0,0.0,0.03252136688108787
2717,stimulus,47,7,3,0,0,-1.0,-1.0,1,0,1,0,0.0,0.03252136688108787
2718,stimulus,47,5,3,0,0,-1.0,-1.0,1,0,1,0,0.0003996291894282235,0.03252136688108787
2719,stimulus,47,6,5,1,1,1.0,1.0,0,nan,nan,nan,2.8854672963466716e-06,0.03252425234838423
2720,stimulus,47,3,4,0,1,1.0,1.0,0,nan,nan,nan,2.8854672963466716e-06,0.03252713781568057
2721,stimulus,47,8,3,0,0,-1.0,-1.0,1,2,0,0,0.0,0.03252713781568057
2722,stimulus,47,4,5,1,1,1.0,1.0,0,nan,nan,nan,1.0869708077459737e-05,0.03251626810760311
2723,stimulus,47,1,4,0,0,-1.0,-1.0,1,1,0,0,0.0,0.03251626810760311
2724,stimulus,47,0,5,1,0,-1.0,-1.0,1,0,1,0,0.0,0.03251626810760311
2725,stimulus,47,0,5,1,0,-1.0,-1.0,1,0,1,0,0.0,0.03251626810760311
2726,stimulus,47,5,3,0,0,-1.0,-1.0,1,0,1,0,0.0003996291894282235,0.03251626810760311
2727,stimulus,47,2,3,0,1,1.0,1.0,0,nan,nan,nan,2.8854672963466716e-06,0.03251915357489945
2728,stimulus,47,4,2,0,0,-1.0,-1.0,1,1,0,0,0.0003996291894282235,0.03251915357489945
2729,stimulus,47,2,3,0,1,1.0,1.0,0,nan,nan,nan,2.8854672963466716e-06,0.032522039042195805
2730,stimulus,47,5,4,1,1,1.0,1.0,0,nan,nan,nan,2.8854672963466716e-06,0.03252492450949215
2731,stimulus,47,1,5,1,0,-1.0,-1.0,1,2,0,0,0.0003996291894282235,0.03252492450949215
2732,stimulus,47,6,5,1,1,1.0,1.0,0,nan,nan,nan,1.0869708077459737e-05,0.032514054801414685
2733,stimulus,47,7,6,1,1,1.0,1.0,0,nan,nan,nan,2.8854672963466716e-06,0.032516940268711034
2734,stimulus,47,5,7,1,0,-1.0,-1.0,1,2,0,0,2.8854672963466716e-06,0.032514054801414685
2735,stimulus,47,7,3,0,0,-1.0,-1.0,1,0,1,0,0.0,0.032514054801414685
2736,stimulus,47,2,3,0,1,1.0,1.0,0,nan,nan,nan,1.0869708077459737e-05,0.032503185093337224
2737,stimulus,47,7,2,0,0,-1.0,-1.0,1,1,0,0,0.0,0.032503185093337224
2738,stimulus,47,2,3,0,1,1.0,1.0,0,nan,nan,nan,2.8854672963466716e-06,0.03250607056063358
2739,stimulus,47,6,2,0,0,-1.0,-1.0,1,1,0,0,0.0,0.03250607056063358
2740,stimulus,47,6,5,1,1,1.0,1.0,0,nan,nan,nan,2.8854672963466716e-06,0.03250895602792992
2741,stimulus,47,0,4,0,0,-1.0,-1.0,1,1,0,0,0.0,0.03250895602792992
2742,stimulus,47,2,3,0,1,1.0,1.0,0,nan,nan,nan,2.8854672963466716e-06,0.03251184149522626
2743,stimulus,47,4,4,1,1,1.0,1.0,0,nan,nan,nan,0.0003996291894282235,0.032112212305798034
2744,stimulus,47,0,3,0,0,-1.0,-1.0,1,2,0,0,0.0,0.032112212305798034
2745,stimulus,47,5,3,0,0,-1.0,-1.0,1,0,1,0,0.0003996291894282235,0.03251184149522626
2746,stimulus,47,3,3,0,1,1.0,1.0,0,nan,nan,nan,2.8854672963466716e-06,0.03251472696252261
2747,stimulus,47,6,2,0,0,-1.0,-1.0,1,1,0,0,0.0,0.03251472696252261
2748,stimulus,47,6,5,1,1,1.0,1.0,0,nan,nan,nan,2.8854672963466716e-06,0.032517612429818966
2749,stimulus,47,7,6,1,1,1.0,1.0,0,nan,nan,nan,2.8854672963466716e-06,0.03252049789711531
2750,stimulus,47,0,7,1,0,-1.0,-1.0,1,2,0,0,0.0,0.03252049789711531
2751,stimulus,47,4,5,1,1,1.0,1.0,0,nan,nan,nan,2.8854672963466716e-06,0.03252338336441165
2752,stimulus,47,0,4,0,0,-1.0,-1.0,1,1,0,0,0.0,0.03252338336441165
2753,stimulus,47,0,3,0,0,-1.0,-1.0,1,0,1,0,0.0,0.03252338336441165
2754,stimulus,47,6,5,1,1,1.0,1.0,0,nan,nan,nan,1.0869708077459737e-05,0.032512513656334195
2755,stimulus,47,0,6,1,0,-1.0,-1.0,1,1,0,0,0.0,0.032512513656334195
2756,stimulus,47,0,3,0,0,-1.0,-1.0,1,0,1,0,0.0,0.032512513656334195
2757,stimulus,47,2,3,0,1,1.0,1.0,0,nan,nan,nan,2.8854672963466716e-06,0.03251539912363054
2758,stimulus,47,5,4,1,1,1.0,1.0,0,nan,nan,nan,2.8854672963466716e-06,0.032518284590926885
2759,stimulus,47,5,3,0,0,-1.0,-1.0,1,2,0,0,0.0003996291894282235,0.032518284590926885
2760,stimulus,47,2,3,0,1,1.0,1.0,0,nan,nan,nan,2.8854672963466716e-06,0.032521170058223234
2761,stimulus,47,5,4,1,1,1.0,1.0,0,nan,nan,nan,2.8854672963466716e-06,0.03252405552551958
2762,stimulus,47,7,5,1,0,-1.0,-1.0,1,2,0,0,0.0,0.03252405552551958
2763,stimulus,47,3,3,0,1,1.0,1.0,0,nan,nan,nan,2.8854672963466716e-06,0.03252694099281593
2764,stimulus,47,0,4,1,0,-1.0,-1.0,1,1,0,0,0.0003996291894282235,0.03252694099281593
2765,stimulus,47,3,3,0,1,1.0,1.0,0,nan,nan,nan,2.8854672963466716e-06,0.03252982646011228
2766,stimulus,47,8,4,1,0,-1.0,-1.0,1,1,0,0,0.0003106794906800987,0.032840505950792374
2767,stimulus,47,8,3,0,0,-1.0,-1.0,1,0,1,0,0.0,0.032840505950792374
2768,stimulus,47,2,3,0,1,1.0,1.0,0,nan,nan,nan,1.0869708077459737e-05,0.03282963624271492
2769,stimulus,47,0,4,1,0,-1.0,-1.0,1,1,0,0,0.0003996291894282235,0.03282963624271492
2770,stimulus,47,2,3,0,1,1.0,1.0,0,nan,nan,nan,2.8854672963466716e-06,0.03283252171001126
2771,stimulus,47,6,4,1,0,-1.0,-1.0,1,1,0,0,0.0,0.03283252171001126
2772,stimulus,47,1,5,1,0,-1.0,-1.0,1,0,1,0,0.0003996291894282235,0.03283252171001126
2773,stimulus,47,3,3,0,1,1.0,1.0,0,nan,nan,nan,1.0869708077459737e-05,0.03282165200193381
2774,stimulus,47,0,4,1,0,-1.0,-1.0,1,1,0,0,0.0003996291894282235,0.03282165200193381
2775,stimulus,47,3,3,0,1,1.0,1.0,0,nan,nan,nan,2.8854672963466716e-06,0.032824537469230156
2776,stimulus,47,5,4,1,1,1.0,1.0,0,nan,nan,nan,2.8854672963466716e-06,0.0328274229365265
2777,stimulus,47,6,5,1,1,1.0,1.0,0,nan,nan,nan,2.8854672963466716e-06,0.03283030840382285
2778,stimulus,47,0,4,0,0,-1.0,-1.0,1,3,0,1,0.0,0.03283030840382285
2779,stimulus,47,5,5,1,1,1.0,1.0,0,nan,nan,nan,0.0003996291894282235,0.03243067921439462
2780,stimulus,47,7,6,1,1,1.0,1.0,0,nan,nan,nan,1.0869708077459737e-05,0.032419809506317156
2781,stimulus,47,2,7,1,0,-1.0,-1.0,1,2,0,0,0.0,0.032419809506317156
2782,stimulus,47,8,3,0,0,-1.0,-1.0,1,0,1,0,0.0,0.032419809506317156
2783,stimulus,47,1,5,1,0,-1.0,-1.0,1,0,1,0,0.0003996291894282235,0.032419809506317156
2784,stimulus,47,7,3,0,0,-1.0,-1.0,1,0,1,0,0.0,0.032419809506317156
2785,stimulus,47,3,3,0,1,1.0,1.0,0,nan,nan,nan,2.8854672963466716e-06,0.0324226949736135
2786,stimulus,47,0,4,1,0,-1.0,-1.0,1,1,0,0,0.0003996291894282235,0.0324226949736135
2787,stimulus,47,2,3,0,1,1.0,1.0,0,nan,nan,nan,2.8854672963466716e-06,0.03242558044090984
2788,stimulus,47,7,2,0,0,-1.0,-1.0,1,1,0,0,0.0,0.03242558044090984
2789,stimulus,47,1,5,1,0,-1.0,-1.0,1,0,1,0,0.0003996291894282235,0.03242558044090984
2790,stimulus,47,6,3,0,0,-1.0,-1.0,1,0,1,0,2.8854672963466716e-06,0.0324226949736135
2791,stimulus,47,5,5,1,1,1.0,1.0,0,nan,nan,nan,0.0003996291894282235,0.032023065784185276
2792,stimulus,47,0,6,1,0,-1.0,-1.0,1,1,0,0,0.0,0.032023065784185276
2793,stimulus,47,2,3,0,1,1.0,1.0,0,nan,nan,nan,2.8854672963466716e-06,0.032025951251481624
2794,stimulus,47,2,2,0,1,1.0,1.0,0,nan,nan,nan,2.8854672963466716e-06,0.03202883671877797
2795,stimulus,47,2,3,1,1,1.0,1.0,0,nan,nan,nan,2.8854672963466716e-06,0.03203172218607432
2796,stimulus,47,2,2,0,1,1.0,1.0,0,nan,nan,nan,2.8854672963466716e-06,0.03203460765337066
2797,stimulus,47,3,1,0,0,-1.0,-1.0,1,4,0,1,0.0003996291894282235,0.03243423684279888
2798,stimulus,47,8,3,0,0,-1.0,-1.0,1,0,1,0,0.0,0.03243423684279888
2799,stimulus,47,8,5,1,0,-1.0,-1.0,1,0,1,0,0.0,0.03243423684279888
2800,stimulus,47,6,5,1,1,1.0,1.0,0,nan,nan,nan,2.8854672963466716e-06,0.03243712231009523
2801,stimulus,47,1,4,0,0,-1.0,-1.0,1,1,0,0,0.0,0.03243712231009523
2802,stimulus,47,4,5,1,1,1.0,1.0,0,nan,nan,nan,2.8854672963466716e-06,0.03244000777739158
2803,stimulus,47,1,4,0,0,-1.0,-1.0,1,1,0,0,0.0,0.03244000777739158
2804,stimulus,47,5,3,0,0,-1.0,-1.0,1,0,1,0,0.0003996291894282235,0.03283963696681981
2805,stimulus,47,5,3,0,0,-1.0,-1.0,1,0,1,0,0.0003996291894282235,0.03283963696681981
2806,stimulus,47,3,3,0,1,1.0,1.0,0,nan,nan,nan,1.0869708077459737e-05,0.032828767258742356
2807,stimulus,47,0,4,1,0,-1.0,-1.0,1,1,0,0,0.0003996291894282235,0.032828767258742356
2808,stimulus,47,7,3,0,0,-1.0,-1.0,1,0,1,0,0.0,0.032828767258742356
2809,stimulus,47,8,3,0,0,-1.0,-1.0,1,0,1,0,0.0,0.032828767258742356
2810,stimulus,47,0,5,1,0,-1.0,-1.0,1,0,1,0,0.0,0.032828767258742356
2811,stimulus,47,2,3,0,1,1.0,1.0,0,nan,nan,nan,2.8854672963466716e-06,0.0328316527260387
2812,stimulus,47,1,2,0,1,1.0,1.0,0,nan,nan,nan,1.0869708077459737e-05,0.03282078301796124
2813,stimulus,47,0,1,0,1,1.0,1.0,0,nan,nan,nan,2.8854672963466716e-06,0.032823668485257584
2814,stimulus,47,4,0,0,0,-1.0,-1.0,1,3,0,1,0.0,0.032823668485257584
2815,stimulus,47,4,5,1,1,1.0,1.0,0,nan,nan,nan,1.0869708077459737e-05,0.03281279877718012
2816,stimulus,47,8,6,1,0,-1.0,-1.0,1,1,0,0,0.0,0.03281279877718012
2817,stimulus,47,0,3,0,0,-1.0,-1.0,1,0,1,0,0.0,0.03281279877718012
2818,stimulus,47,8,3,0,0,-1.0,-1.0,1,0,1,0,0.0,0.03281279877718012
2819,stimulus,47,7,3,0,0,-1.0,-1.0,1,0,1,0,0.0,0.03281279877718012
2820,stimulus,47,7,3,0,0,-1.0,-1.0,1,0,1,0,0.0,0.03281279877718012
2821,stimulus,47,3,3,0,1,1.0,1.0,0,nan,nan,nan,2.8854672963466716e-06,0.03281568424447647
2822,stimulus,47,0,2,0,0,-1.0,-1.0,1,1,0,0,0.0003996291894282235,0.03281568424447647
2823,stimulus,47,4,5,1,1,1.0,1.0,0,nan,nan,nan,2.8854672963466716e-06,0.03281856971177281
2824,stimulus,47,4,4,0,1,1.0,1.0,0,nan,nan,nan,2.8854672963466716e-06,0.03282145517906916
2825,stimulus,47,8,3,0,0,-1.0,-1.0,1,2,0,0,0.0,0.03282145517906916
2826,stimulus,47,0,5,1,0,-1.0,-1.0,1,0,1,0,0.0,0.03282145517906916
2827,stimulus,47,6,5,1,1,1.0,1.0,0,nan,nan,nan,2.8854672963466716e-06,0.03282434064636551
2828,stimulus,47,2,6,1,0,-1.0,-1.0,1,1,0,0,0.0003996291894282235,0.03282434064636551
2829,stimulus,47,5,3,0,0,-1.0,-1.0,1,0,1,0,0.0003996291894282235,0.03282434064636551
2830,stimulus,47,1,5,1,0,-1.0,-1.0,1,0,1,0,0.0003996291894282235,0.03282434064636551
2831,stimulus,47,2,3,0,1,1.0,1.0,0,nan,nan,nan,2.8854672963466716e-06,0.03282722611366186
2832,stimulus,47,4,2,0,0,-1.0,-1.0,1,1,0,0,0.0003996291894282235,0.03282722611366186
2833,stimulus,47,4,5,1,1,1.0,1.0,0,nan,nan,nan,2.8854672963466716e-06,0.03283011158095821
2834,stimulus,47,2,6,1,0,-1.0,-1.0,1,1,0,0,0.0003996291894282235,0.03283011158095821
2835,stimulus,47,8,3,0,0,-1.0,-1.0,1,0,1,0,0.0,0.03283011158095821
2836,stimulus,47,5,3,0,0,-1.0,-1.0,1,0,1,0,0.0003996291894282235,0.03283011158095821
2837,stimulus,47,6,5,1,1,1.0,1.0,0,nan,nan,nan,2.8854672963466716e-06,0.032832997048254556
2838,stimulus,47,8,6,1,0,-1.0,-1.0,1,1,0,0,0.0,0.032832997048254556
2839,stimulus,47,5,3,0,0,-1.0,-1.0,1,0,1,0,0.0003996291894282235,0.032832997048254556
2840,stimulus,47,6,5,1,1,1.0,1.0,0,nan,nan,nan,2.8854672963466716e-06,0.0328358825155509
2841,stimulus,47,5,4,0,1,1.0,1.0,0,nan,nan,nan,2.8854672963466716e-06,0.03283876798284724
2842,stimulus,47,5,3,0,0,-1.0,-1.0,1,2,0,0,0.0003996291894282235,0.03283876798284724
2843,stimulus,47,8,3,0,0,-1.0,-1.0,1,0,1,0,0.0,0.03283876798284724
2844,stimulus,47,7,5,1,0,-1.0,-1.0,1,0,1,0,0.0,0.03283876798284724
2845,stimulus,47,3,3,0,1,1.0,1.0,0,nan,nan,nan,2.8854672963466716e-06,0.03284165345014359
2846,stimulus,47,8,4,1,0,-1.0,-1.0,1,1,0,0,0.0003106794906800987,0.03315233294082369
2847,stimulus,47,8,5,1,0,-1.0,-1.0,1,0,1,0,0.0,0.03315233294082369
2848,stimulus,47,0,3,0,0,-1.0,-1.0,1,0,1,0,0.0,0.03315233294082369
2849,stimulus,47,0,3,0,0,-1.0,-1.0,1,0,1,0,0.0,0.03315233294082369
2850,stimulus,47,2,3,0,1,1.0,1.0,0,nan,nan,nan,2.8854672963466716e-06,0.03315521840812004
2851,stimulus,47,2,2,0,1,1.0,1.0,0,nan,nan,nan,1.0869708077459737e-05,0.033144348700042583
2852,stimulus,47,1,1,0,1,1.0,1.0,0,nan,nan,nan,2.8854672963466716e-06,0.03314723416733893
2853,stimulus,47,2,0,0,0,-1.0,-1.0,1,3,0,1,0.0003996291894282235,0.03314723416733893
2854,stimulus,47,0,3,0,0,-1.0,-1.0,1,0,1,0,0.0,0.03314723416733893
2855,stimulus,47,0,5,1,0,-1.0,-1.0,1,0,1,0,0.0,0.03314723416733893
2856,stimulus,47,8,3,0,0,-1.0,-1.0,1,0,1,0,0.0,0.03314723416733893
2857,stimulus,47,3,3,0,1,1.0,1.0,0,nan,nan,nan,2.8854672963466716e-06,0.03315011963463528
2858,stimulus,47,7,2,0,0,-1.0,-1.0,1,1,0,0,0.0,0.03315011963463528
2859,stimulus,47,5,3,0,0,-1.0,-1.0,1,0,1,0,0.0003996291894282235,0.03315011963463528
2860,stimulus,47,8,5,1,0,-1.0,-1.0,1,0,1,0,0.0,0.03315011963463528
2861,stimulus,47,4,5,1,1,1.0,1.0,0,nan,nan,nan,2.8854672963466716e-06,0.03315300510193162
2862,stimulus,47,6,4,0,0,-1.0,-1.0,1,1,0,0,0.0003996291894282235,0.03315300510193162
2863,stimulus,47,8,5,1,0,-1.0,-1.0,1,0,1,0,0.0,0.03315300510193162
2864,stimulus,47,4,5,1,1,1.0,1.0,0,nan,nan,nan,1.0869708077459737e-05,0.03314213539385417
2865,stimulus,47,6,4,0,0,-1.0,-1.0,1,1,0,0,0.0003996291894282235,0.03314213539385417
2866,stimulus,47,6,5,1,1,1.0,1.0,0,nan,nan,nan,2.8854672963466716e-06,0.03314502086115051
2867,stimulus,47,7,4,0,0,-1.0,-1.0,1,1,0,0,1.0869708077459737e-05,0.033155890569227964
2868,stimulus,47,5,3,0,0,-1.0,-1.0,1,0,1,0,0.0003996291894282235,0.033155890569227964
2869,stimulus,47,8,3,0,0,-1.0,-1.0,1,0,1,0,0.0,0.033155890569227964
2870,stimulus,47,0,5,1,0,-1.0,-1.0,1,0,1,0,0.0,0.033155890569227964
2871,stimulus,47,4,5,1,1,1.0,1.0,0,nan,nan,nan,2.8854672963466716e-06,0.033158776036524305
2872,stimulus,47,3,4,0,1,1.0,1.0,0,nan,nan,nan,1.0869708077459737e-05,0.03314790632844685
2873,stimulus,47,8,3,0,0,-1.0,-1.0,1,2,0,0,0.0,0.03314790632844685
2874,stimulus,47,4,5,1,1,1.0,1.0,0,nan,nan,nan,2.8854672963466716e-06,0.03315079179574319
2875,stimulus,47,8,6,1,0,-1.0,-1.0,1,1,0,0,0.0,0.03315079179574319
2876,stimulus,47,1,5,1,0,-1.0,-1.0,1,0,1,0,0.0003996291894282235,0.03315079179574319
2877,stimulus,47,6,5,1,1,1.0,1.0,0,nan,nan,nan,1.0869708077459737e-05,0.03313992208766574
2878,stimulus,47,4,4,0,1,1.0,1.0,0,nan,nan,nan,2.8854672963466716e-06,0.033142807554962087
2879,stimulus,47,0,3,0,0,-1.0,-1.0,1,2,0,0,0.0,0.033142807554962087
2880,stimulus,47,6,5,1,1,1.0,1.0,0,nan,nan,nan,1.0869708077459737e-05,0.033131937846884625
2881,stimulus,47,6,4,0,0,-1.0,-1.0,1,1,0,0,0.0003996291894282235,0.033131937846884625
2882,stimulus,47,4,5,1,1,1.0,1.0,0,nan,nan,nan,2.8854672963466716e-06,0.033134823314180974
2883,stimulus,47,7,6,1,1,1.0,1.0,0,nan,nan,nan,2.8854672963466716e-06,0.033137708781477315
2884,stimulus,47,5,5,0,1,1.0,1.0,0,nan,nan,nan,2.8854672963466716e-06,0.033140594248773664
2885,stimulus,47,4,6,1,0,-1.0,-1.0,1,3,0,1,1.0869708077459737e-05,0.033151463956851125
2886,stimulus,47,5,3,0,0,-1.0,-1.0,1,0,1,0,0.0003996291894282235,0.033151463956851125
2887,stimulus,47,0,5,1,0,-1.0,-1.0,1,0,1,0,0.0,0.033151463956851125
2888,stimulus,47,2,3,0,1,1.0,1.0,0,nan,nan,nan,2.8854672963466716e-06,0.03315434942414748
2889,stimulus,47,0,4,1,0,-1.0,-1.0,1,1,0,0,0.0003996291894282235,0.03315434942414748
2890,stimulus,47,7,5,1,0,-1.0,-1.0,1,0,1,0,0.0,0.03315434942414748
2891,stimulus,47,8,5,1,0,-1.0,-1.0,1,0,1,0,0.0,0.03315434942414748
2892,stimulus,47,5,3,0,0,-1.0,-1.0,1,0,1,0,0.0003996291894282235,0.03315434942414748
2893,stimulus,47,0,3,0,0,-1.0,-1.0,1,0,1,0,0.0,0.03315434942414748
2894,stimulus,47,7,5,1,0,-1.0,-1.0,1,0,1,0,0.0,0.03315434942414748
2895,stimulus,47,1,5,1,0,-1.0,-1.0,1,0,1,0,0.0003996291894282235,0.03315434942414748
2896,stimulus,47,7,3,0,0,-1.0,-1.0,1,0,1,0,0.0,0.03315434942414748
2897,stimulus,47,0,3,0,0,-1.0,-1.0,1,0,1,0,0.0,0.03315434942414748
2898,stimulus,47,8,3,0,0,-1.0,-1.0,1,0,1,0,0.0,0.03315434942414748
2899,stimulus,47,5,5,1,1,1.0,1.0,0,nan,nan,nan,0.0003996291894282235,0.032754720234719245
2900,stimulus,47,7,4,0,0,-1.0,-1.0,1,1,0,0,2.8854672963466716e-06,0.0327518347674229
2901,stimulus,47,6,5,1,1,1.0,1.0,0,nan,nan,nan,2.8854672963466716e-06,0.032754720234719245
2902,stimulus,47,8,6,1,0,-1.0,-1.0,1,1,0,0,0.0,0.032754720234719245
2903,stimulus,47,4,5,1,1,1.0,1.0,0,nan,nan,nan,2.8854672963466716e-06,0.032757605702015594
2904,stimulus,47,8,6,1,0,-1.0,-1.0,1,1,0,0,0.0,0.032757605702015594
2905,stimulus,47,3,3,0,1,1.0,1.0,0,nan,nan,nan,1.0869708077459737e-05,0.03274673599393814
2906,stimulus,47,8,4,1,0,-1.0,-1.0,1,1,0,0,0.0003106794906800987,0.033057415484618234
2907,stimulus,47,2,3,0,1,1.0,1.0,0,nan,nan,nan,2.8854672963466716e-06,0.033060300951914576
2908,stimulus,47,1,2,0,1,1.0,1.0,0,nan,nan,nan,2.8854672963466716e-06,0.03306318641921093
2909,stimulus,47,4,3,1,1,1.0,1.0,0,nan,nan,nan,2.8854672963466716e-06,0.03306607188650727
2910,stimulus,47,8,4,1,0,-1.0,-1.0,1,3,0,1,0.0003106794906800987,0.033376751377187375
2911,stimulus,47,7,3,0,0,-1.0,-1.0,1,0,1,0,0.0,0.033376751377187375
2912,stimulus,47,3,3,0,1,1.0,1.0,0,nan,nan,nan,1.0869708077459737e-05,0.033365881669109906
2913,stimulus,47,7,2,0,0,-1.0,-1.0,1,1,0,0,0.0,0.033365881669109906
2914,stimulus,47,8,3,0,0,-1.0,-1.0,1,0,1,0,0.0,0.033365881669109906
2915,stimulus,47,5,3,0,0,-1.0,-1.0,1,0,1,0,0.0003996291894282235,0.03376551085853814
2916,stimulus,47,0,5,1,0,-1.0,-1.0,1,0,1,0,0.0,0.03376551085853814
2917,stimulus,47,5,3,0,0,-1.0,-1.0,1,0,1,0,0.0003996291894282235,0.03376551085853814
2918,stimulus,47,6,5,1,1,1.0,1.0,0,nan,nan,nan,2.8854672963466716e-06,0.033768396325834484
2919,stimulus,47,8,4,0,0,-1.0,-1.0,1,1,0,0,0.0,0.033768396325834484
2920,stimulus,47,4,5,1,1,1.0,1.0,0,nan,nan,nan,1.0869708077459737e-05,0.03375752661775703
2921,stimulus,47,5,6,1,1,1.0,1.0,0,nan,nan,nan,2.8854672963466716e-06,0.03376041208505337
2922,stimulus,47,5,5,0,1,1.0,1.0,0,nan,nan,nan,2.8854672963466716e-06,0.03376329755234972
2923,stimulus,47,2,6,1,0,-1.0,-1.0,1,3,0,1,0.0003996291894282235,0.03376329755234972
2924,stimulus,47,1,5,1,0,-1.0,-1.0,1,0,1,0,0.0003996291894282235,0.03376329755234972
2925,stimulus,47,3,3,0,1,1.0,1.0,0,nan,nan,nan,2.8854672963466716e-06,0.03376618301964607
2926,stimulus,47,8,4,1,0,-1.0,-1.0,1,1,0,0,0.0003106794906800987,0.03407686251032617
2927,stimulus,47,2,3,0,1,1.0,1.0,0,nan,nan,nan,2.8854672963466716e-06,0.03407974797762252
2928,stimulus,47,0,4,1,0,-1.0,-1.0,1,1,0,0,0.0003996291894282235,0.03407974797762252
2929,stimulus,47,3,3,0,1,1.0,1.0,0,nan,nan,nan,2.8854672963466716e-06,0.03408263344491887
2930,stimulus,47,8,4,1,0,-1.0,-1.0,1,1,0,0,0.0003106794906800987,0.03439331293559896
2931,stimulus,47,2,3,0,1,1.0,1.0,0,nan,nan,nan,1.0869708077459737e-05,0.0343824432275215
2932,stimulus,47,7,4,1,0,-1.0,-1.0,1,1,0,0,0.0,0.0343824432275215
2933,stimulus,47,1,5,1,0,-1.0,-1.0,1,0,1,0,0.0003996291894282235,0.0343824432275215
2934,stimulus,47,5,3,0,0,-1.0,-1.0,1,0,1,0,0.0003996291894282235,0.0343824432275215
2935,stimulus,47,6,5,1,1,1.0,1.0,0,nan,nan,nan,1.0869708077459737e-05,0.034371573519444046
2936,stimulus,47,0,6,1,0,-1.0,-1.0,1,1,0,0,0.0,0.034371573519444046
2937,stimulus,47,6,5,1,1,1.0,1.0,0,nan,nan,nan,2.8854672963466716e-06,0.03437445898674039
2938,stimulus,47,5,4,0,1,1.0,1.0,0,nan,nan,nan,2.8854672963466716e-06,0.034377344454036736
2939,stimulus,47,4,5,1,1,1.0,1.0,0,nan,nan,nan,2.8854672963466716e-06,0.034380229921333084
2940,stimulus,47,1,4,0,0,-1.0,-1.0,1,3,0,1,0.0,0.034380229921333084
2941,stimulus,47,0,5,1,0,-1.0,-1.0,1,0,1,0,0.0,0.034380229921333084
2942,stimulus,47,8,5,1,0,-1.0,-1.0,1,0,1,0,0.0,0.034380229921333084
2943,stimulus,47,2,3,0,1,1.0,1.0,0,nan,nan,nan,2.8854672963466716e-06,0.034383115388629426
2944,stimulus,47,4,2,0,0,-1.0,-1.0,1,1,0,0,0.0003996291894282235,0.034383115388629426
2945,stimulus,47,5,3,0,0,-1.0,-1.0,1,0,1,0,0.0003996291894282235,0.034383115388629426
2946,stimulus,47,8,3,0,0,-1.0,-1.0,1,0,1,0,0.0,0.034383115388629426
2947,stimulus,47,0,3,0,0,-1.0,-1.0,1,0,1,0,0.0,0.034383115388629426
2948,stimulus,47,5,3,0,0,-1.0,-1.0,1,0,1,0,0.0003996291894282235,0.034383115388629426
2949,stimulus,47,0,3,0,0,-1.0,-1.0,1,0,1,0,0.0,0.034383115388629426
2950,stimulus,47,0,5,1,0,-1.0,-1.0,1,0,1,0,0.0,0.034383115388629426
2951,stimulus,47,2,3,0,1,1.0,1.0,0,nan,nan,nan,2.8854672963466716e-06,0.03438600085592578
2952,stimulus,47,8,4,1,0,-1.0,-1.0,1,1,0,0,0.0003106794906800987,0.034696680346605877
2953,stimulus,47,2,3,0,1,1.0,1.0,0,nan,nan,nan,2.8854672963466716e-06,0.034699565813902225
2954,stimulus,47,6,2,0,0,-1.0,-1.0,1,1,0,0,0.0,0.034699565813902225
2955,stimulus,47,3,3,0,1,1.0,1.0,0,nan,nan,nan,2.8854672963466716e-06,0.03470245128119857
2956,stimulus,47,6,2,0,0,-1.0,-1.0,1,1,0,0,0.0,0.03470245128119857
2957,stimulus,47,5,3,0,0,-1.0,-1.0,1,0,1,0,0.0003996291894282235,0.03470245128119857
2958,stimulus,47,4,3,0,1,1.0,1.0,0,nan,nan,nan,2.8854672963466716e-06,0.034705336748494915
2959,stimulus,47,3,2,0,1,1.0,1.0,0,nan,nan,nan,1.0869708077459737e-05,0.034694467040417454
2960,stimulus,47,6,1,0,0,-1.0,-1.0,1,2,0,0,0.0,0.034694467040417454
2961,stimulus,47,2,3,0,1,1.0,1.0,0,nan,nan,nan,2.8854672963466716e-06,0.034697352507713795
2962,stimulus,47,8,4,1,0,-1.0,-1.0,1,1,0,0,0.0003106794906800987,0.0350080319983939
2963,stimulus,47,5,3,0,0,-1.0,-1.0,1,0,1,0,0.0003996291894282235,0.0350080319983939
2964,stimulus,47,5,5,1,1,1.0,1.0,0,nan,nan,nan,0.0003996291894282235,0.03460840280896567
2965,stimulus,47,3,4,0,1,1.0,1.0,0,nan,nan,nan,1.0869708077459737e-05,0.034597533100888214
2966,stimulus,47,8,3,0,0,-1.0,-1.0,1,2,0,0,0.0,0.034597533100888214
2967,stimulus,47,1,5,1,0,-1.0,-1.0,1,0,1,0,0.0003996291894282235,0.034597533100888214
2968,stimulus,47,7,3,0,0,-1.0,-1.0,1,0,1,0,0.0,0.034597533100888214
2969,stimulus,47,1,3,0,0,-1.0,-1.0,1,0,1,0,0.0003996291894282235,0.034597533100888214
2970,stimulus,47,6,5,1,1,1.0,1.0,0,nan,nan,nan,2.8854672963466716e-06,0.034600418568184556
2971,stimulus,47,5,6,1,1,1.0,1.0,0,nan,nan,nan,2.8854672963466716e-06,0.034603304035480904
2972,stimulus,47,8,7,1,1,1.0,1.0,0,nan,nan,nan,2.8854672963466716e-06,0.03460618950277726
2973,stimulus,47,6,6,0,1,1.0,1.0,0,nan,nan,nan,1.0869708077459737e-05,0.0345953197946998
2974,stimulus,47,4,5,0,1,1.0,1.0,0,nan,nan,nan,2.8854672963466716e-06,0.03459820526199614
2975,stimulus,47,3,4,0,1,1.0,1.0,0,nan,nan,nan,2.8854672963466716e-06,0.03460109072929248
2976,stimulus,47,4,5,1,1,1.0,1.0,0,nan,nan,nan,2.8854672963466716e-06,0.03460397619658883
2977,stimulus,47,3,6,1,0,-1.0,-1.0,1,7,0,1,2.8854672963466716e-06,0.03460109072929249
2978,stimulus,47,3,3,0,1,1.0,1.0,0,nan,nan,nan,2.8854672963466716e-06,0.03460397619658884
2979,stimulus,47,3,4,1,1,1.0,1.0,0,nan,nan,nan,2.8854672963466716e-06,0.03460686166388518
2980,stimulus,47,7,5,1,0,-1.0,-1.0,1,2,0,0,0.0,0.03460686166388518
2981,stimulus,47,5,3,0,0,-1.0,-1.0,1,0,1,0,0.0003996291894282235,0.03500649085331341
2982,stimulus,47,5,3,0,0,-1.0,-1.0,1,0,1,0,0.0003996291894282235,0.03500649085331341
2983,stimulus,47,4,5,1,1,1.0,1.0,0,nan,nan,nan,2.8854672963466716e-06,0.035009376320609756
2984,stimulus,47,6,4,0,0,-1.0,-1.0,1,1,0,0,0.0003996291894282235,0.035009376320609756
2985,stimulus,47,4,5,1,1,1.0,1.0,0,nan,nan,nan,1.0869708077459737e-05,0.0349985066125323
2986,stimulus,47,8,6,1,0,-1.0,-1.0,1,1,0,0,0.0,0.0349985066125323
2987,stimulus,47,1,5,1,0,-1.0,-1.0,1,0,1,0,0.0003996291894282235,0.0349985066125323
2988,stimulus,47,3,3,0,1,1.0,1.0,0,nan,nan,nan,2.8854672963466716e-06,0.03500139207982864
2989,stimulus,47,3,2,0,1,1.0,1.0,0,nan,nan,nan,2.8854672963466716e-06,0.03500427754712499
2990,stimulus,47,2,3,1,1,1.0,1.0,0,nan,nan,nan,2.8854672963466716e-06,0.03500716301442134
2991,stimulus,47,3,4,1,1,1.0,1.0,0,nan,nan,nan,2.8854672963466716e-06,0.03501004848171768
2992,stimulus,47,0,5,1,0,-1.0,-1.0,1,4,0,1,0.0,0.03501004848171768
2993,stimulus,47,7,5,1,0,-1.0,-1.0,1,0,1,0,0.0,0.03501004848171768
2994,stimulus,47,5,3,0,0,-1.0,-1.0,1,0,1,0,0.0003996291894282235,0.03501004848171768
2995,stimulus,47,5,3,0,0,-1.0,-1.0,1,0,1,0,0.0003996291894282235,0.03501004848171768
2996,stimulus,47,6,5,1,1,1.0,1.0,0,nan,nan,nan,2.8854672963466716e-06,0.03501293394901402
2997,stimulus,47,2,6,1,0,-1.0,-1.0,1,1,0,0,0.0003996291894282235,0.03501293394901402
2998,stimulus,47,0,3,0,0,-1.0,-1.0,1,0,1,0,0.0,0.03501293394901402
2999,stimulus,47,2,3,0,1,1.0,1.0,0,nan,nan,nan,2.8854672963466716e-06,0.03501581941631038
3000,stimulus,47,5,4,1,1,1.0,1.0,0,nan,nan,nan,1.0869708077459737e-05,0.03500494970823291
