trial,condition,seed,ball,paddle,action,hit,natural_reward,reward_used,rally_ended,completed_rally_length,ace,long_rally,mean_abs_weight_change,mean_weight
1,stimulus,45,8,3,0,0,-1.0,-1.0,1,0,1,0,0.0,-0.019711509742340833
2,stimulus,45,5,3,0,0,-1.0,-1.0,1,0,1,0,0.0,-0.019711509742340833
3,stimulus,45,6,5,1,1,1.0,1.0,0,nan,nan,nan,0.0,-0.019711509742340833
4,stimulus,45,4,6,1,0,-1.0,-1.0,1,1,0,0,1.9585258086383214e-05,-0.01969192448425445
5,stimulus,45,4,3,0,1,1.0,1.0,0,nan,nan,nan,0.0,-0.01969192448425445
6,stimulus,45,6,2,0,0,-1.0,-1.0,1,1,0,0,9.515770082063913e-05,-0.019596766783433812
7,stimulus,45,6,5,1,1,1.0,1.0,0,nan,nan,nan,0.0,-0.019596766783433812
8,stimulus,45,7,4,0,0,-1.0,-1.0,1,1,0,0,0.0,-0.019596766783433812
9,stimulus,45,5,3,0,0,-1.0,-1.0,1,0,1,0,0.0,-0.019596766783433812
10,stimulus,45,4,3,0,1,1.0,1.0,0,nan,nan,nan,0.0,-0.019596766783433812
11,stimulus,45,3,2,0,1,1.0,1.0,0,nan,nan,nan,0.0,-0.019596766783433812
12,stimulus,45,7,3,1,0,-1.0,-1.0,1,2,0,0,0.0,-0.019596766783433812
13,stimulus,45,5,5,1,1,1.0,1.0,0,nan,nan,nan,0.0,-0.019596766783433812
14,stimulus,45,7,6,1,1,1.0,1.0,0,nan,nan,nan,0.0,-0.019596766783433812
15,stimulus,45,6,7,1,1,1.0,1.0,0,nan,nan,nan,0.0,-0.019596766783433812
16,stimulus,45,5,8,1,0,-1.0,-1.0,1,3,0,1,0.0,-0.019596766783433812
17,stimulus,45,2,3,0,1,1.0,1.0,0,nan,nan,nan,0.0,-0.019596766783433812
18,stimulus,45,3,4,1,1,1.0,1.0,0,nan,nan,nan,0.0,-0.019596766783433812
19,stimulus,45,4,5,1,1,1.0,1.0,0,nan,nan,nan,0.0,-0.019596766783433812
20,stimulus,45,6,4,0,0,-1.0,-1.0,1,3,0,1,0.0,-0.019596766783433812
21,stimulus,45,4,3,0,1,1.0,1.0,0,nan,nan,nan,0.0,-0.019596766783433812
22,stimulus,45,5,2,0,0,-1.0,-1.0,1,1,0,0,0.0,-0.019596766783433812
23,stimulus,45,7,3,0,0,-1.0,-1.0,1,0,1,0,9.208706960366613e-05,-0.019504679713830145
24,stimulus,45,7,3,0,0,-1.0,-1.0,1,0,1,0,9.208706960366613e-05,-0.019412592644226477
25,stimulus,45,1,3,0,0,-1.0,-1.0,1,0,1,0,0.0,-0.019412592644226477
26,stimulus,45,6,3,0,0,-1.0,-1.0,1,0,1,0,0.0,-0.019412592644226477
27,stimulus,45,8,5,1,0,-1.0,-1.0,1,0,1,0,0.0,-0.019412592644226477
28,stimulus,45,4,3,0,1,1.0,1.0,0,nan,nan,nan,0.0,-0.019412592644226477
29,stimulus,45,5,4,1,1,1.0,1.0,0,nan,nan,nan,0.0,-0.019412592644226477
30,stimulus,45,8,3,0,0,-1.0,-1.0,1,2,0,0,0.0,-0.019412592644226477
31,stimulus,45,4,3,0,1,1.0,1.0,0,nan,nan,nan,0.0,-0.019412592644226477
32,stimulus,45,4,4,1,1,1.0,1.0,0,nan,nan,nan,0.0,-0.019412592644226477
33,stimulus,45,3,5,1,0,-1.0,-1.0,1,2,0,0,9.667796243399523e-06,-0.01942226044046988
34,stimulus,45,7,3,0,0,-1.0,-1.0,1,0,1,0,9.178681307604943e-05,-0.01933047362739383
35,stimulus,45,6,5,1,1,1.0,1.0,0,nan,nan,nan,0.0,-0.01933047362739383
36,stimulus,45,7,4,0,0,-1.0,-1.0,1,1,0,0,0.0,-0.01933047362739383
37,stimulus,45,3,5,1,0,-1.0,-1.0,1,0,1,0,2.4972901483056685e-05,-0.019355446528876885
38,stimulus,45,5,5,1,1,1.0,1.0,0,nan,nan,nan,0.0,-0.019355446528876885
39,stimulus,45,7,6,1,1,1.0,1.0,0,nan,nan,nan,0.0,-0.019355446528876885
40,stimulus,45,0,7,1,0,-1.0,-1.0,1,2,0,0,0.0,-0.019355446528876885
41,stimulus,45,3,5,1,0,-1.0,-1.0,1,0,1,0,1.7806900853635922e-05,-0.01933763962802325
42,stimulus,45,0,3,0,0,-1.0,-1.0,1,0,1,0,0.0,-0.01933763962802325
43,stimulus,45,2,5,1,0,-1.0,-1.0,1,0,1,0,0.0,-0.01933763962802325
44,stimulus,45,1,5,1,0,-1.0,-1.0,1,0,1,0,0.0,-0.01933763962802325
45,stimulus,45,3,5,1,0,-1.0,-1.0,1,0,1,0,1.9855528403600394e-05,-0.01931778409961965
46,stimulus,45,6,5,1,1,1.0,1.0,0,nan,nan,nan,0.0,-0.01931778409961965
47,stimulus,45,3,6,1,0,-1.0,-1.0,1,1,0,0,0.0,-0.01931778409961965
48,stimulus,45,0,5,1,0,-1.0,-1.0,1,0,1,0,0.0,-0.01931778409961965
49,stimulus,45,3,5,1,0,-1.0,-1.0,1,0,1,0,3.5658303605071113e-06,-0.019321349929980157
50,stimulus,45,6,3,0,0,-1.0,-1.0,1,0,1,0,0.0,-0.019321349929980157
51,stimulus,45,7,3,0,0,-1.0,-1.0,1,0,1,0,9.178681307604943e-05,-0.01922956311690411
52,stimulus,45,3,5,1,0,-1.0,-1.0,1,0,1,0,9.667796243399523e-06,-0.019239230913147505
53,stimulus,45,8,3,0,0,-1.0,-1.0,1,0,1,0,0.0,-0.019239230913147505
54,stimulus,45,3,5,1,0,-1.0,-1.0,1,0,1,0,2.4972901483056685e-05,-0.019264203814630565
55,stimulus,45,0,3,0,0,-1.0,-1.0,1,0,1,0,0.0,-0.019264203814630565
56,stimulus,45,1,5,1,0,-1.0,-1.0,1,0,1,0,0.0,-0.019264203814630565
57,stimulus,45,4,5,1,1,1.0,1.0,0,nan,nan,nan,0.0,-0.019264203814630565
58,stimulus,45,0,4,0,0,-1.0,-1.0,1,1,0,0,0.0,-0.019264203814630565
59,stimulus,45,1,3,0,0,-1.0,-1.0,1,0,1,0,0.0,-0.019264203814630565
60,stimulus,45,1,3,0,0,-1.0,-1.0,1,0,1,0,0.0,-0.019264203814630565
61,stimulus,45,2,5,1,0,-1.0,-1.0,1,0,1,0,0.0,-0.019264203814630565
62,stimulus,45,7,3,0,0,-1.0,-1.0,1,0,1,0,9.76720350921151e-05,-0.019166531779538448
63,stimulus,45,7,3,0,0,-1.0,-1.0,1,0,1,0,9.76720350921151e-05,-0.01906885974444633
64,stimulus,45,1,5,1,0,-1.0,-1.0,1,0,1,0,0.0,-0.01906885974444633
65,stimulus,45,1,5,1,0,-1.0,-1.0,1,0,1,0,0.0,-0.01906885974444633
66,stimulus,45,6,3,0,0,-1.0,-1.0,1,0,1,0,0.0,-0.01906885974444633
67,stimulus,45,2,5,1,0,-1.0,-1.0,1,0,1,0,0.0,-0.01906885974444633
68,stimulus,45,6,5,1,1,1.0,1.0,0,nan,nan,nan,0.0,-0.01906885974444633
69,stimulus,45,3,4,0,1,1.0,1.0,0,nan,nan,nan,0.0,-0.01906885974444633
70,stimulus,45,4,5,1,1,1.0,1.0,0,nan,nan,nan,0.0,-0.01906885974444633
71,stimulus,45,7,6,1,1,1.0,1.0,0,nan,nan,nan,0.0,-0.01906885974444633
72,stimulus,45,8,7,1,1,1.0,1.0,0,nan,nan,nan,0.0,-0.01906885974444633
73,stimulus,45,6,8,1,0,-1.0,-1.0,1,5,0,1,1.7806900853635922e-05,-0.019051052843592698
74,stimulus,45,3,5,1,0,-1.0,-1.0,1,0,1,0,1.9855528403600394e-05,-0.019031197315189097
75,stimulus,45,1,5,1,0,-1.0,-1.0,1,0,1,0,0.0,-0.019031197315189097
76,stimulus,45,0,5,1,0,-1.0,-1.0,1,0,1,0,0.0,-0.019031197315189097
77,stimulus,45,0,3,0,0,-1.0,-1.0,1,0,1,0,0.0,-0.019031197315189097
78,stimulus,45,4,5,1,1,1.0,1.0,0,nan,nan,nan,0.0,-0.019031197315189097
79,stimulus,45,3,6,1,0,-1.0,-1.0,1,1,0,0,0.0,-0.019031197315189097
80,stimulus,45,1,3,0,0,-1.0,-1.0,1,0,1,0,0.0,-0.019031197315189097
81,stimulus,45,0,3,0,0,-1.0,-1.0,1,0,1,0,0.0,-0.019031197315189097
82,stimulus,45,1,5,1,0,-1.0,-1.0,1,0,1,0,0.0,-0.019031197315189097
83,stimulus,45,2,3,0,1,1.0,1.0,0,nan,nan,nan,0.0,-0.019031197315189097
84,stimulus,45,8,4,1,0,-1.0,-1.0,1,1,0,0,0.0,-0.019031197315189097
85,stimulus,45,8,5,1,0,-1.0,-1.0,1,0,1,0,0.0,-0.019031197315189097
86,stimulus,45,3,5,1,0,-1.0,-1.0,1,0,1,0,3.5658303605071113e-06,-0.019034763145549603
87,stimulus,45,7,3,0,0,-1.0,-1.0,1,0,1,0,9.76720350921151e-05,-0.018937091110457487
88,stimulus,45,6,3,0,0,-1.0,-1.0,1,0,1,0,0.0,-0.018937091110457487
89,stimulus,45,7,3,0,0,-1.0,-1.0,1,0,1,0,0.00011192610341451545,-0.01882516500704297
90,stimulus,45,1,3,0,0,-1.0,-1.0,1,0,1,0,0.0,-0.01882516500704297
91,stimulus,45,7,3,0,0,-1.0,-1.0,1,0,1,0,0.00011192610341451545,-0.018713238903628457
92,stimulus,45,0,3,0,0,-1.0,-1.0,1,0,1,0,0.0,-0.018713238903628457
93,stimulus,45,3,5,1,0,-1.0,-1.0,1,0,1,0,9.667796243399523e-06,-0.018722906699871856
94,stimulus,45,8,3,0,0,-1.0,-1.0,1,0,1,0,0.0,-0.018722906699871856
95,stimulus,45,8,5,1,0,-1.0,-1.0,1,0,1,0,0.0,-0.018722906699871856
96,stimulus,45,6,5,1,1,1.0,1.0,0,nan,nan,nan,0.0,-0.018722906699871856
97,stimulus,45,8,4,0,0,-1.0,-1.0,1,1,0,0,0.00011192610341451545,-0.01861098059645734
98,stimulus,45,6,5,1,1,1.0,1.0,0,nan,nan,nan,0.0,-0.01861098059645734
99,stimulus,45,6,4,0,0,-1.0,-1.0,1,1,0,0,0.0,-0.01861098059645734
100,stimulus,45,7,3,0,0,-1.0,-1.0,1,0,1,0,0.00013460757081971842,-0.01847637302563762
101,stimulus,45,4,3,0,1,1.0,1.0,0,nan,nan,nan,0.0,-0.01847637302563762
102,stimulus,45,2,4,1,0,-1.0,-1.0,1,1,0,0,2.4972901483056685e-05,-0.01850134592712068
103,stimulus,45,8,3,0,0,-1.0,-1.0,1,0,1,0,0.0,-0.01850134592712068
104,stimulus,45,3,5,1,0,-1.0,-1.0,1,0,1,0,1.7339689558484502e-05,-0.018484006237562196
105,stimulus,45,7,3,0,0,-1.0,-1.0,1,0,1,0,0.00013460757081971842,-0.018349398666742477
106,stimulus,45,3,5,1,0,-1.0,-1.0,1,0,1,0,1.9855528403600394e-05,-0.01832954313833888
107,stimulus,45,6,3,0,0,-1.0,-1.0,1,0,1,0,0.0,-0.01832954313833888
108,stimulus,45,7,3,0,0,-1.0,-1.0,1,0,1,0,0.00013460757081971842,-0.01819493556751916
109,stimulus,45,5,3,0,0,-1.0,-1.0,1,0,1,0,0.0,-0.01819493556751916
110,stimulus,45,2,3,0,1,1.0,1.0,0,nan,nan,nan,0.0,-0.01819493556751916
111,stimulus,45,2,4,1,0,-1.0,-1.0,1,1,0,0,3.5658303605071113e-06,-0.018198501397879666
112,stimulus,45,3,5,1,0,-1.0,-1.0,1,0,1,0,9.667796243399523e-06,-0.018208169194123065
113,stimulus,45,4,5,1,1,1.0,1.0,0,nan,nan,nan,0.0,-0.018208169194123065
114,stimulus,45,6,6,1,1,1.0,1.0,0,nan,nan,nan,0.0,-0.018208169194123065
115,stimulus,45,7,7,1,1,1.0,1.0,0,nan,nan,nan,0.0,-0.018208169194123065
116,stimulus,45,5,6,0,1,1.0,1.0,0,nan,nan,nan,0.0,-0.018208169194123065
117,stimulus,45,6,5,0,1,1.0,1.0,0,nan,nan,nan,0.0,-0.018208169194123065
118,stimulus,45,4,6,1,0,-1.0,-1.0,1,5,0,1,2.0104569073692604e-05,-0.01818806462504937
119,stimulus,45,7,3,0,0,-1.0,-1.0,1,0,1,0,0.00012640130812300882,-0.018061663316926362
120,stimulus,45,1,5,1,0,-1.0,-1.0,1,0,1,0,0.0,-0.018061663316926362
121,stimulus,45,3,5,1,0,-1.0,-1.0,1,0,1,0,1.692224964866911e-06,-0.018059971091961495
122,stimulus,45,3,5,1,0,-1.0,-1.0,1,0,1,0,6.224292447602566e-06,-0.018053746799513895
123,stimulus,45,3,5,1,0,-1.0,-1.0,1,0,1,0,1.0131991811379483e-05,-0.018043614807702515
124,stimulus,45,8,3,0,0,-1.0,-1.0,1,0,1,0,0.0,-0.018043614807702515
125,stimulus,45,4,5,1,1,1.0,1.0,0,nan,nan,nan,0.0,-0.018043614807702515
126,stimulus,45,0,4,0,0,-1.0,-1.0,1,1,0,0,0.0,-0.018043614807702515
127,stimulus,45,4,3,0,1,1.0,1.0,0,nan,nan,nan,0.0,-0.018043614807702515
128,stimulus,45,7,4,1,0,-1.0,-1.0,1,1,0,0,0.0,-0.018043614807702515
129,stimulus,45,4,3,0,1,1.0,1.0,0,nan,nan,nan,0.0,-0.018043614807702515
130,stimulus,45,6,2,0,0,-1.0,-1.0,1,1,0,0,0.00012640130812300882,-0.017917213499579508
131,stimulus,45,3,5,1,0,-1.0,-1.0,1,0,1,0,1.6412549171794545e-05,-0.017900800950407712
132,stimulus,45,1,5,1,0,-1.0,-1.0,1,0,1,0,0.0,-0.017900800950407712
133,stimulus,45,8,5,1,0,-1.0,-1.0,1,0,1,0,0.0,-0.017900800950407712
134,stimulus,45,7,5,1,0,-1.0,-1.0,1,0,1,0,0.00012640130812300882,-0.017774399642284704
135,stimulus,45,0,3,0,0,-1.0,-1.0,1,0,1,0,0.0,-0.017774399642284704
136,stimulus,45,4,3,0,1,1.0,1.0,0,nan,nan,nan,0.0,-0.017774399642284704
137,stimulus,45,1,2,0,1,1.0,1.0,0,nan,nan,nan,0.0,-0.017774399642284704
138,stimulus,45,3,1,0,0,-1.0,-1.0,1,2,0,0,0.0,-0.017774399642284704
139,stimulus,45,0,5,1,0,-1.0,-1.0,1,0,1,0,0.0,-0.017774399642284704
140,stimulus,45,5,5,1,1,1.0,1.0,0,nan,nan,nan,0.0,-0.017774399642284704
141,stimulus,45,2,4,0,0,-1.0,-1.0,1,1,0,0,0.0,-0.017774399642284704
142,stimulus,45,2,5,1,0,-1.0,-1.0,1,0,1,0,0.0,-0.017774399642284704
143,stimulus,45,6,5,1,1,1.0,1.0,0,nan,nan,nan,0.0,-0.017774399642284704
144,stimulus,45,0,4,0,0,-1.0,-1.0,1,1,0,0,0.0,-0.017774399642284704
145,stimulus,45,6,5,1,1,1.0,1.0,0,nan,nan,nan,0.0,-0.017774399642284704
146,stimulus,45,2,4,0,0,-1.0,-1.0,1,1,0,0,0.0,-0.017774399642284704
147,stimulus,45,5,3,0,0,-1.0,-1.0,1,0,1,0,0.0,-0.017774399642284704
148,stimulus,45,1,3,0,0,-1.0,-1.0,1,0,1,0,0.0,-0.017774399642284704
149,stimulus,45,0,3,0,0,-1.0,-1.0,1,0,1,0,0.0,-0.017774399642284704
150,stimulus,45,3,5,1,0,-1.0,-1.0,1,0,1,0,2.1099484955959422e-05,-0.017753300157328743
151,stimulus,45,8,3,0,0,-1.0,-1.0,1,0,1,0,0.0,-0.017753300157328743
152,stimulus,45,4,3,0,1,1.0,1.0,0,nan,nan,nan,0.0,-0.017753300157328743
153,stimulus,45,1,4,1,0,-1.0,-1.0,1,1,0,0,0.0,-0.017753300157328743
154,stimulus,45,2,5,1,0,-1.0,-1.0,1,0,1,0,0.0,-0.017753300157328743
155,stimulus,45,7,3,0,0,-1.0,-1.0,1,0,1,0,0.00012640130812300882,-0.017626898849205735
156,stimulus,45,7,3,0,0,-1.0,-1.0,1,0,1,0,0.00013254880891139673,-0.017494350040294336
157,stimulus,45,4,5,1,1,1.0,1.0,0,nan,nan,nan,0.0,-0.017494350040294336
158,stimulus,45,3,4,0,1,1.0,1.0,0,nan,nan,nan,0.0,-0.017494350040294336
159,stimulus,45,1,5,1,0,-1.0,-1.0,1,2,0,0,0.0,-0.017494350040294336
160,stimulus,45,5,5,1,1,1.0,1.0,0,nan,nan,nan,0.0,-0.017494350040294336
161,stimulus,45,7,4,0,0,-1.0,-1.0,1,1,0,0,0.0,-0.017494350040294336
162,stimulus,45,6,5,1,1,1.0,1.0,0,nan,nan,nan,0.0,-0.017494350040294336
163,stimulus,45,0,4,0,0,-1.0,-1.0,1,1,0,0,0.0,-0.017494350040294336
164,stimulus,45,6,3,0,0,-1.0,-1.0,1,0,1,0,0.0,-0.017494350040294336
165,stimulus,45,8,3,0,0,-1.0,-1.0,1,0,1,0,0.0,-0.017494350040294336
166,stimulus,45,1,3,0,0,-1.0,-1.0,1,0,1,0,0.0,-0.017494350040294336
167,stimulus,45,1,3,0,0,-1.0,-1.0,1,0,1,0,0.0,-0.017494350040294336
168,stimulus,45,2,5,1,0,-1.0,-1.0,1,0,1,0,0.0,-0.017494350040294336
169,stimulus,45,7,3,0,0,-1.0,-1.0,1,0,1,0,0.00013254880891139673,-0.017361801231382944
170,stimulus,45,7,3,0,0,-1.0,-1.0,1,0,1,0,0.00013254880891139673,-0.017229252422471548
171,stimulus,45,4,5,1,1,1.0,1.0,0,nan,nan,nan,0.0,-0.017229252422471548
172,stimulus,45,6,6,1,1,1.0,1.0,0,nan,nan,nan,0.0,-0.017229252422471548
173,stimulus,45,0,5,0,0,-1.0,-1.0,1,2,0,0,0.0,-0.017229252422471548
174,stimulus,45,4,3,0,1,1.0,1.0,0,nan,nan,nan,0.0,-0.017229252422471548
175,stimulus,45,2,4,1,0,-1.0,-1.0,1,1,0,0,2.6032231077300243e-05,-0.017203220191394246
176,stimulus,45,8,5,1,0,-1.0,-1.0,1,0,1,0,0.0,-0.017203220191394246
177,stimulus,45,0,3,0,0,-1.0,-1.0,1,0,1,0,0.0,-0.017203220191394246
178,stimulus,45,2,3,0,1,1.0,1.0,0,nan,nan,nan,0.0,-0.017203220191394246
179,stimulus,45,0,2,0,0,-1.0,-1.0,1,1,0,0,0.0,-0.017203220191394246
180,stimulus,45,4,5,1,1,1.0,1.0,0,nan,nan,nan,0.0,-0.017203220191394246
181,stimulus,45,6,4,0,0,-1.0,-1.0,1,1,0,0,0.0,-0.017203220191394246
182,stimulus,45,4,3,0,1,1.0,1.0,0,nan,nan,nan,0.0,-0.017203220191394246
183,stimulus,45,3,2,0,1,1.0,1.0,0,nan,nan,nan,0.0,-0.017203220191394246
184,stimulus,45,1,3,1,0,-1.0,-1.0,1,2,0,0,2.929856829411299e-05,-0.01717392162310013
185,stimulus,45,6,3,0,0,-1.0,-1.0,1,0,1,0,0.0,-0.01717392162310013
186,stimulus,45,1,3,0,0,-1.0,-1.0,1,0,1,0,0.0,-0.01717392162310013
187,stimulus,45,4,3,0,1,1.0,1.0,0,nan,nan,nan,0.0,-0.01717392162310013
188,stimulus,45,5,2,0,0,-1.0,-1.0,1,1,0,0,0.0,-0.01717392162310013
189,stimulus,45,8,5,1,0,-1.0,-1.0,1,0,1,0,0.0,-0.01717392162310013
190,stimulus,45,0,5,1,0,-1.0,-1.0,1,0,1,0,0.0,-0.01717392162310013
191,stimulus,45,2,5,1,0,-1.0,-1.0,1,0,1,0,0.0,-0.01717392162310013
192,stimulus,45,3,5,1,0,-1.0,-1.0,1,0,1,0,7.041611877342981e-06,-0.01716688001122279
193,stimulus,45,0,5,1,0,-1.0,-1.0,1,0,1,0,0.0,-0.01716688001122279
194,stimulus,45,2,5,1,0,-1.0,-1.0,1,0,1,0,0.0,-0.01716688001122279
195,stimulus,45,2,3,0,1,1.0,1.0,0,nan,nan,nan,0.0,-0.01716688001122279
196,stimulus,45,6,2,0,0,-1.0,-1.0,1,1,0,0,0.00013254880891139673,-0.017034331202311393
197,stimulus,45,8,3,0,0,-1.0,-1.0,1,0,1,0,0.0,-0.017034331202311393
198,stimulus,45,3,5,1,0,-1.0,-1.0,1,0,1,0,1.4250464761606053e-05,-0.017020080737549785
199,stimulus,45,0,5,1,0,-1.0,-1.0,1,0,1,0,0.0,-0.017020080737549785
200,stimulus,45,8,5,1,0,-1.0,-1.0,1,0,1,0,0.0,-0.017020080737549785
201,stimulus,45,0,3,0,0,-1.0,-1.0,1,0,1,0,0.0,-0.017020080737549785
202,stimulus,45,7,3,0,0,-1.0,-1.0,1,0,1,0,0.00013254880891139673,-0.01688753192863839
203,stimulus,45,1,3,0,0,-1.0,-1.0,1,0,1,0,0.0,-0.01688753192863839
204,stimulus,45,1,3,0,0,-1.0,-1.0,1,0,1,0,0.0,-0.01688753192863839
205,stimulus,45,0,5,1,0,-1.0,-1.0,1,0,1,0,0.0,-0.01688753192863839
206,stimulus,45,8,5,1,0,-1.0,-1.0,1,0,1,0,0.0,-0.01688753192863839
207,stimulus,45,6,5,1,1,1.0,1.0,0,nan,nan,nan,0.0,-0.01688753192863839
208,stimulus,45,5,4,0,1,1.0,1.0,0,nan,nan,nan,0.0,-0.01688753192863839
209,stimulus,45,6,5,1,1,1.0,1.0,0,nan,nan,nan,0.0,-0.01688753192863839
210,stimulus,45,1,6,1,0,-1.0,-1.0,1,3,0,1,0.0,-0.01688753192863839
211,stimulus,45,2,3,0,1,1.0,1.0,0,nan,nan,nan,0.0,-0.01688753192863839
212,stimulus,45,1,2,0,1,1.0,1.0,0,nan,nan,nan,0.0,-0.01688753192863839
213,stimulus,45,1,3,1,0,-1.0,-1.0,1,2,0,0,2.0190842062473628e-05,-0.016867341086575914
214,stimulus,45,4,5,1,1,1.0,1.0,0,nan,nan,nan,0.0,-0.016867341086575914
215,stimulus,45,1,6,1,0,-1.0,-1.0,1,1,0,0,0.0,-0.016867341086575914
216,stimulus,45,4,5,1,1,1.0,1.0,0,nan,nan,nan,0.0,-0.016867341086575914
217,stimulus,45,0,4,0,0,-1.0,-1.0,1,1,0,0,0.0,-0.016867341086575914
218,stimulus,45,8,3,0,0,-1.0,-1.0,1,0,1,0,0.0,-0.016867341086575914
219,stimulus,45,4,3,0,1,1.0,1.0,0,nan,nan,nan,0.0,-0.016867341086575914
220,stimulus,45,1,4,1,0,-1.0,-1.0,1,1,0,0,0.0,-0.016867341086575914
221,stimulus,45,8,3,0,0,-1.0,-1.0,1,0,1,0,0.0,-0.016867341086575914
222,stimulus,45,1,5,1,0,-1.0,-1.0,1,0,1,0,0.0,-0.016867341086575914
223,stimulus,45,7,3,0,0,-1.0,-1.0,1,0,1,0,0.00016403014906133027,-0.016703310937514586
224,stimulus,45,6,5,1,1,1.0,1.0,0,nan,nan,nan,0.0,-0.016703310937514586
225,stimulus,45,3,4,0,1,1.0,1.0,0,nan,nan,nan,0.0,-0.016703310937514586
226,stimulus,45,5,3,0,0,-1.0,-1.0,1,2,0,0,0.0,-0.016703310937514586
227,stimulus,45,4,3,0,1,1.0,1.0,0,nan,nan,nan,0.0,-0.016703310937514586
228,stimulus,45,1,4,1,0,-1.0,-1.0,1,1,0,0,0.0,-0.016703310937514586
229,stimulus,45,6,5,1,1,1.0,1.0,0,nan,nan,nan,0.0,-0.016703310937514586
230,stimulus,45,2,4,0,0,-1.0,-1.0,1,1,0,0,0.0,-0.016703310937514586
231,stimulus,45,4,3,0,1,1.0,1.0,0,nan,nan,nan,0.0,-0.016703310937514586
232,stimulus,45,2,4,1,0,-1.0,-1.0,1,1,0,0,2.5093497787203234e-05,-0.01667821743972738
233,stimulus,45,2,5,1,0,-1.0,-1.0,1,0,1,0,0.0,-0.01667821743972738
234,stimulus,45,4,3,0,1,1.0,1.0,0,nan,nan,nan,0.0,-0.01667821743972738
235,stimulus,45,8,2,0,0,-1.0,-1.0,1,1,0,0,0.0,-0.01667821743972738
236,stimulus,45,1,3,0,0,-1.0,-1.0,1,0,1,0,0.0,-0.01667821743972738
237,stimulus,45,2,5,1,0,-1.0,-1.0,1,0,1,0,0.0,-0.01667821743972738
238,stimulus,45,6,3,0,0,-1.0,-1.0,1,0,1,0,0.0,-0.01667821743972738
239,stimulus,45,7,3,0,0,-1.0,-1.0,1,0,1,0,0.00016403014906133027,-0.016514187290666053
240,stimulus,45,4,5,1,1,1.0,1.0,0,nan,nan,nan,0.0,-0.016514187290666053
241,stimulus,45,8,4,0,0,-1.0,-1.0,1,1,0,0,0.00016403014906133027,-0.016350157141604725
242,stimulus,45,0,3,0,0,-1.0,-1.0,1,0,1,0,0.0,-0.016350157141604725
243,stimulus,45,3,5,1,0,-1.0,-1.0,1,0,1,0,3.251032618548014e-05,-0.016317646815419244
244,stimulus,45,4,5,1,1,1.0,1.0,0,nan,nan,nan,0.0,-0.016317646815419244
245,stimulus,45,7,4,0,0,-1.0,-1.0,1,1,0,0,0.0,-0.016317646815419244
246,stimulus,45,5,3,0,0,-1.0,-1.0,1,0,1,0,0.0,-0.016317646815419244
247,stimulus,45,2,3,0,1,1.0,1.0,0,nan,nan,nan,0.0,-0.016317646815419244
248,stimulus,45,4,2,0,0,-1.0,-1.0,1,1,0,0,0.0,-0.016317646815419244
249,stimulus,45,6,3,0,0,-1.0,-1.0,1,0,1,0,0.0,-0.016317646815419244
250,stimulus,45,2,5,1,0,-1.0,-1.0,1,0,1,0,0.0,-0.016317646815419244
251,stimulus,45,2,5,1,0,-1.0,-1.0,1,0,1,0,0.0,-0.016317646815419244
252,stimulus,45,8,3,0,0,-1.0,-1.0,1,0,1,0,0.0,-0.016317646815419244
253,stimulus,45,4,3,0,1,1.0,1.0,0,nan,nan,nan,0.0,-0.016317646815419244
254,stimulus,45,1,2,0,1,1.0,1.0,0,nan,nan,nan,0.0,-0.016317646815419244
255,stimulus,45,6,1,0,0,-1.0,-1.0,1,2,0,0,0.0,-0.016317646815419244
256,stimulus,45,1,5,1,0,-1.0,-1.0,1,0,1,0,0.0,-0.016317646815419244
257,stimulus,45,7,3,0,0,-1.0,-1.0,1,0,1,0,0.00016403014906133027,-0.016153616666357912
258,stimulus,45,3,5,1,0,-1.0,-1.0,1,0,1,0,3.764856450707268e-05,-0.01611596810185084
259,stimulus,45,7,3,0,0,-1.0,-1.0,1,0,1,0,0.00016403014906133027,-0.015951937952789513
260,stimulus,45,2,3,0,1,1.0,1.0,0,nan,nan,nan,0.0,-0.015951937952789513
261,stimulus,45,2,4,1,0,-1.0,-1.0,1,1,0,0,1.0869708077459737e-05,-0.015941068244712052
262,stimulus,45,7,3,0,0,-1.0,-1.0,1,0,1,0,0.00017713899962048241,-0.015763929245091568
263,stimulus,45,8,5,1,0,-1.0,-1.0,1,0,1,0,0.0,-0.015763929245091568
264,stimulus,45,0,5,1,0,-1.0,-1.0,1,0,1,0,0.0,-0.015763929245091568
265,stimulus,45,7,3,0,0,-1.0,-1.0,1,0,1,0,0.00017713899962048241,-0.015586790245471088
266,stimulus,45,7,3,0,0,-1.0,-1.0,1,0,1,0,0.00017713899962048241,-0.015409651245850604
267,stimulus,45,5,5,1,1,1.0,1.0,0,nan,nan,nan,0.0,-0.015409651245850604
268,stimulus,45,5,4,0,1,1.0,1.0,0,nan,nan,nan,0.0,-0.015409651245850604
269,stimulus,45,3,5,1,0,-1.0,-1.0,1,2,0,0,1.0869708077459737e-05,-0.015398781537773146
270,stimulus,45,7,3,0,0,-1.0,-1.0,1,0,1,0,0.00017713899962048241,-0.015221642538152664
271,stimulus,45,5,3,0,0,-1.0,-1.0,1,0,1,0,0.0,-0.015221642538152664
272,stimulus,45,1,5,1,0,-1.0,-1.0,1,0,1,0,0.0,-0.015221642538152664
273,stimulus,45,5,5,1,1,1.0,1.0,0,nan,nan,nan,0.0,-0.015221642538152664
274,stimulus,45,4,6,1,0,-1.0,-1.0,1,1,0,0,2.1685384710597065e-05,-0.015199957153442065
275,stimulus,45,4,5,1,1,1.0,1.0,0,nan,nan,nan,0.0,-0.015199957153442065
276,stimulus,45,8,4,0,0,-1.0,-1.0,1,1,0,0,0.00017713899962048241,-0.015022818153821582
277,stimulus,45,5,5,1,1,1.0,1.0,0,nan,nan,nan,0.0,-0.015022818153821582
278,stimulus,45,7,6,1,1,1.0,1.0,0,nan,nan,nan,0.0,-0.015022818153821582
279,stimulus,45,1,7,1,0,-1.0,-1.0,1,2,0,0,0.0,-0.015022818153821582
280,stimulus,45,2,5,1,0,-1.0,-1.0,1,0,1,0,0.0,-0.015022818153821582
281,stimulus,45,2,3,0,1,1.0,1.0,0,nan,nan,nan,0.0,-0.015022818153821582
282,stimulus,45,7,4,1,0,-1.0,-1.0,1,1,0,0,0.0,-0.015022818153821582
283,stimulus,45,4,5,1,1,1.0,1.0,0,nan,nan,nan,0.0,-0.015022818153821582
284,stimulus,45,6,4,0,0,-1.0,-1.0,1,1,0,0,0.0,-0.015022818153821582
285,stimulus,45,3,5,1,0,-1.0,-1.0,1,0,1,0,3.0208543470806074e-05,-0.014992609610350777
286,stimulus,45,3,5,1,0,-1.0,-1.0,1,0,1,0,3.694577441064472e-05,-0.01495566383594013
287,stimulus,45,3,5,1,0,-1.0,-1.0,1,0,1,0,4.229405998385558e-05,-0.014913369775956276
288,stimulus,45,6,3,0,0,-1.0,-1.0,1,0,1,0,0.0,-0.014913369775956276
289,stimulus,45,0,5,1,0,-1.0,-1.0,1,0,1,0,0.0,-0.014913369775956276
290,stimulus,45,4,5,1,1,1.0,1.0,0,nan,nan,nan,0.0,-0.014913369775956276
291,stimulus,45,4,6,1,0,-1.0,-1.0,1,1,0,0,1.270312469632116e-05,-0.014900666651259956
292,stimulus,45,3,5,1,0,-1.0,-1.0,1,0,1,0,1.270312469632116e-05,-0.014887963526563635
293,stimulus,45,2,3,0,1,1.0,1.0,0,nan,nan,nan,0.0,-0.014887963526563635
294,stimulus,45,3,4,1,1,1.0,1.0,0,nan,nan,nan,0.0,-0.014887963526563635
295,stimulus,45,0,5,1,0,-1.0,-1.0,1,2,0,0,0.0,-0.014887963526563635
296,stimulus,45,8,5,1,0,-1.0,-1.0,1,0,1,0,0.0,-0.014887963526563635
297,stimulus,45,0,5,1,0,-1.0,-1.0,1,0,1,0,0.0,-0.014887963526563635
298,stimulus,45,4,3,0,1,1.0,1.0,0,nan,nan,nan,0.0,-0.014887963526563635
299,stimulus,45,7,2,0,0,-1.0,-1.0,1,1,0,0,0.0,-0.014887963526563635
300,stimulus,45,2,5,1,0,-1.0,-1.0,1,0,1,0,0.0,-0.014887963526563635
301,stimulus,45,1,5,1,0,-1.0,-1.0,1,0,1,0,0.0,-0.014887963526563635
302,stimulus,45,5,3,0,0,-1.0,-1.0,1,0,1,0,0.0,-0.014887963526563635
303,stimulus,45,7,3,0,0,-1.0,-1.0,1,0,1,0,0.00017713899962048241,-0.01471082452694315
304,stimulus,45,8,3,0,0,-1.0,-1.0,1,0,1,0,0.0,-0.01471082452694315
305,stimulus,45,7,3,0,0,-1.0,-1.0,1,0,1,0,0.00017713899962048241,-0.014533685527322671
306,stimulus,45,5,5,1,1,1.0,1.0,0,nan,nan,nan,0.0,-0.014533685527322671
307,stimulus,45,3,4,0,1,1.0,1.0,0,nan,nan,nan,0.0,-0.014533685527322671
308,stimulus,45,7,3,0,0,-1.0,-1.0,1,2,0,0,0.00023556238503779622,-0.014298123142284874
309,stimulus,45,8,3,0,0,-1.0,-1.0,1,0,1,0,0.0,-0.014298123142284874
310,stimulus,45,7,3,0,0,-1.0,-1.0,1,0,1,0,0.00023556238503779622,-0.014062560757247078
311,stimulus,45,4,3,0,1,1.0,1.0,0,nan,nan,nan,0.0,-0.014062560757247078
312,stimulus,45,7,4,1,0,-1.0,-1.0,1,1,0,0,0.0,-0.014062560757247078
313,stimulus,45,8,5,1,0,-1.0,-1.0,1,0,1,0,0.0,-0.014062560757247078
314,stimulus,45,0,3,0,0,-1.0,-1.0,1,0,1,0,0.0,-0.014062560757247078
315,stimulus,45,3,5,1,0,-1.0,-1.0,1,0,1,0,2.8297562925380047e-05,-0.014034263194321694
316,stimulus,45,5,5,1,1,1.0,1.0,0,nan,nan,nan,0.0,-0.014034263194321694
317,stimulus,45,1,4,0,0,-1.0,-1.0,1,1,0,0,0.0,-0.014034263194321694
318,stimulus,45,7,5,1,0,-1.0,-1.0,1,0,1,0,0.00023556238503779622,-0.013798700809283897
319,stimulus,45,8,3,0,0,-1.0,-1.0,1,0,1,0,0.0,-0.013798700809283897
320,stimulus,45,5,3,0,0,-1.0,-1.0,1,0,1,0,0.0,-0.013798700809283897
321,stimulus,45,7,3,0,0,-1.0,-1.0,1,0,1,0,0.00023556238503779622,-0.013563138424246102
322,stimulus,45,6,3,0,0,-1.0,-1.0,1,0,1,0,0.0,-0.013563138424246102
323,stimulus,45,1,5,1,0,-1.0,-1.0,1,0,1,0,0.0,-0.013563138424246102
324,stimulus,45,6,5,1,1,1.0,1.0,0,nan,nan,nan,0.0,-0.013563138424246102
325,stimulus,45,5,6,1,1,1.0,1.0,0,nan,nan,nan,0.0,-0.013563138424246102
326,stimulus,45,3,5,0,0,-1.0,-1.0,1,2,0,0,0.0,-0.013563138424246102
327,stimulus,45,0,3,0,0,-1.0,-1.0,1,0,1,0,0.0,-0.013563138424246102
328,stimulus,45,8,5,1,0,-1.0,-1.0,1,0,1,0,0.0,-0.013563138424246102
329,stimulus,45,7,3,0,0,-1.0,-1.0,1,0,1,0,0.00023556238503779622,-0.013327576039208307
330,stimulus,45,3,5,1,0,-1.0,-1.0,1,0,1,0,2.8297562925380047e-05,-0.013299278476282927
331,stimulus,45,7,3,0,0,-1.0,-1.0,1,0,1,0,0.00023556238503779622,-0.01306371609124513
332,stimulus,45,6,5,1,1,1.0,1.0,0,nan,nan,nan,0.0,-0.01306371609124513
333,stimulus,45,8,4,0,0,-1.0,-1.0,1,1,0,0,0.00023556238503779622,-0.012828153706207334
334,stimulus,45,2,5,1,0,-1.0,-1.0,1,0,1,0,0.0,-0.012828153706207334
335,stimulus,45,5,3,0,0,-1.0,-1.0,1,0,1,0,0.0,-0.012828153706207334
336,stimulus,45,3,5,1,0,-1.0,-1.0,1,0,1,0,4.00503168198665e-05,-0.012788103389387467
337,stimulus,45,1,3,0,0,-1.0,-1.0,1,0,1,0,0.0,-0.012788103389387467
338,stimulus,45,6,5,1,1,1.0,1.0,0,nan,nan,nan,0.0,-0.012788103389387467
339,stimulus,45,7,4,0,0,-1.0,-1.0,1,1,0,0,0.0,-0.012788103389387467
340,stimulus,45,7,3,0,0,-1.0,-1.0,1,0,1,0,0.00023556238503779622,-0.01255254100434967
341,stimulus,45,1,3,0,0,-1.0,-1.0,1,0,1,0,0.0,-0.01255254100434967
342,stimulus,45,1,5,1,0,-1.0,-1.0,1,0,1,0,0.0,-0.01255254100434967
343,stimulus,45,6,3,0,0,-1.0,-1.0,1,0,1,0,0.0,-0.01255254100434967
344,stimulus,45,8,3,0,0,-1.0,-1.0,1,0,1,0,0.0,-0.01255254100434967
345,stimulus,45,1,5,1,0,-1.0,-1.0,1,0,1,0,0.0,-0.01255254100434967
346,stimulus,45,1,5,1,0,-1.0,-1.0,1,0,1,0,0.0,-0.01255254100434967
347,stimulus,45,7,5,1,0,-1.0,-1.0,1,0,1,0,0.0002673723018894676,-0.012285168702460205
348,stimulus,45,7,3,0,0,-1.0,-1.0,1,0,1,0,0.0002673723018894676,-0.012017796400570737
349,stimulus,45,7,3,0,0,-1.0,-1.0,1,0,1,0,0.0002673723018894676,-0.01175042409868127
350,stimulus,45,3,5,1,0,-1.0,-1.0,1,0,1,0,4.8951643907011484e-05,-0.011701472454774257
351,stimulus,45,2,3,0,1,1.0,1.0,0,nan,nan,nan,0.0,-0.011701472454774257
352,stimulus,45,4,4,1,1,1.0,1.0,0,nan,nan,nan,0.0,-0.011701472454774257
353,stimulus,45,2,3,0,1,1.0,1.0,0,nan,nan,nan,0.0,-0.011701472454774257
354,stimulus,45,5,4,1,1,1.0,1.0,0,nan,nan,nan,0.0,-0.011701472454774257
355,stimulus,45,5,3,0,0,-1.0,-1.0,1,4,0,1,0.0,-0.011701472454774257
356,stimulus,45,3,5,1,0,-1.0,-1.0,1,0,1,0,5.5741937782210915e-05,-0.011645730516992046
357,stimulus,45,6,5,1,1,1.0,1.0,0,nan,nan,nan,0.0,-0.011645730516992046
358,stimulus,45,8,4,0,0,-1.0,-1.0,1,1,0,0,0.0002673723018894676,-0.011378358215102578
359,stimulus,45,8,5,1,0,-1.0,-1.0,1,0,1,0,0.0,-0.011378358215102578
360,stimulus,45,3,5,1,0,-1.0,-1.0,1,0,1,0,2.8379500337482363e-05,-0.011349978714765096
361,stimulus,45,6,5,1,1,1.0,1.0,0,nan,nan,nan,0.0,-0.011349978714765096
362,stimulus,45,0,6,1,0,-1.0,-1.0,1,1,0,0,0.0,-0.011349978714765096
363,stimulus,45,4,5,1,1,1.0,1.0,0,nan,nan,nan,0.0,-0.011349978714765096
364,stimulus,45,7,4,0,0,-1.0,-1.0,1,1,0,0,0.0,-0.011349978714765096
365,stimulus,45,7,3,0,0,-1.0,-1.0,1,0,1,0,0.0002673723018894676,-0.011082606412875628
366,stimulus,45,2,3,0,1,1.0,1.0,0,nan,nan,nan,0.0,-0.011082606412875628
367,stimulus,45,4,4,1,1,1.0,1.0,0,nan,nan,nan,0.0,-0.011082606412875628
368,stimulus,45,8,5,1,0,-1.0,-1.0,1,2,0,0,0.0,-0.011082606412875628
369,stimulus,45,8,3,0,0,-1.0,-1.0,1,0,1,0,0.0,-0.011082606412875628
370,stimulus,45,8,3,0,0,-1.0,-1.0,1,0,1,0,0.0,-0.011082606412875628
371,stimulus,45,8,3,0,0,-1.0,-1.0,1,0,1,0,0.0,-0.011082606412875628
372,stimulus,45,2,5,1,0,-1.0,-1.0,1,0,1,0,0.0,-0.011082606412875628
373,stimulus,45,7,3,0,0,-1.0,-1.0,1,0,1,0,0.0002673723018894676,-0.010815234110986161
374,stimulus,45,5,3,0,0,-1.0,-1.0,1,0,1,0,0.0,-0.010815234110986161
375,stimulus,45,4,3,0,1,1.0,1.0,0,nan,nan,nan,0.0,-0.010815234110986161
376,stimulus,45,8,4,1,0,-1.0,-1.0,1,1,0,0,0.0,-0.010815234110986161
377,stimulus,45,1,5,1,0,-1.0,-1.0,1,0,1,0,0.0,-0.010815234110986161
378,stimulus,45,0,5,1,0,-1.0,-1.0,1,0,1,0,0.0,-0.010815234110986161
379,stimulus,45,0,3,0,0,-1.0,-1.0,1,0,1,0,0.0,-0.010815234110986161
380,stimulus,45,5,5,1,1,1.0,1.0,0,nan,nan,nan,0.0,-0.010815234110986161
381,stimulus,45,2,6,1,0,-1.0,-1.0,1,1,0,0,0.0,-0.010815234110986161
382,stimulus,45,7,3,0,0,-1.0,-1.0,1,0,1,0,0.0002673723018894676,-0.010547861809096693
383,stimulus,45,6,3,0,0,-1.0,-1.0,1,0,1,0,0.0,-0.010547861809096693
384,stimulus,45,0,5,1,0,-1.0,-1.0,1,0,1,0,0.0,-0.010547861809096693
385,stimulus,45,5,5,1,1,1.0,1.0,0,nan,nan,nan,0.0,-0.010547861809096693
386,stimulus,45,4,6,1,0,-1.0,-1.0,1,1,0,0,4.564691316865552e-05,-0.010502214895928036
387,stimulus,45,4,3,0,1,1.0,1.0,0,nan,nan,nan,0.0,-0.010502214895928036
388,stimulus,45,4,4,1,1,1.0,1.0,0,nan,nan,nan,0.0,-0.010502214895928036
389,stimulus,45,6,3,0,0,-1.0,-1.0,1,2,0,0,0.0,-0.010502214895928036
390,stimulus,45,8,3,0,0,-1.0,-1.0,1,0,1,0,0.0,-0.010502214895928036
391,stimulus,45,7,3,0,0,-1.0,-1.0,1,0,1,0,0.0002673723018894676,-0.010234842594038568
392,stimulus,45,8,5,1,0,-1.0,-1.0,1,0,1,0,0.0,-0.010234842594038568
393,stimulus,45,4,3,0,1,1.0,1.0,0,nan,nan,nan,0.0,-0.010234842594038568
394,stimulus,45,0,4,1,0,-1.0,-1.0,1,1,0,0,0.0,-0.010234842594038568
395,stimulus,45,1,5,1,0,-1.0,-1.0,1,0,1,0,0.0,-0.010234842594038568
396,stimulus,45,0,5,1,0,-1.0,-1.0,1,0,1,0,0.0,-0.010234842594038568
397,stimulus,45,6,5,1,1,1.0,1.0,0,nan,nan,nan,0.0,-0.010234842594038568
398,stimulus,45,4,6,1,0,-1.0,-1.0,1,1,0,0,5.814900685721708e-05,-0.010176693587181351
399,stimulus,45,5,5,1,1,1.0,1.0,0,nan,nan,nan,0.0,-0.010176693587181351
400,stimulus,45,4,6,1,0,-1.0,-1.0,1,1,0,0,2.47848906668625e-05,-0.01015190869651449
401,stimulus,45,4,5,1,1,1.0,1.0,0,nan,nan,nan,0.0,-0.01015190869651449
402,stimulus,45,1,6,1,0,-1.0,-1.0,1,1,0,0,0.0,-0.01015190869651449
403,stimulus,45,2,3,0,1,1.0,1.0,0,nan,nan,nan,0.0,-0.01015190869651449
404,stimulus,45,6,2,0,0,-1.0,-1.0,1,1,0,0,0.0002673723018894676,-0.009884536394625021
405,stimulus,45,6,3,0,0,-1.0,-1.0,1,0,1,0,0.0,-0.009884536394625021
406,stimulus,45,2,3,0,1,1.0,1.0,0,nan,nan,nan,0.0,-0.009884536394625021
407,stimulus,45,6,2,0,0,-1.0,-1.0,1,1,0,0,0.0002673723018894676,-0.009617164092735553
408,stimulus,45,7,3,0,0,-1.0,-1.0,1,0,1,0,0.0002673723018894676,-0.009349791790846084
409,stimulus,45,0,5,1,0,-1.0,-1.0,1,0,1,0,0.0,-0.009349791790846084
410,stimulus,45,1,3,0,0,-1.0,-1.0,1,0,1,0,0.0,-0.009349791790846084
411,stimulus,45,4,3,0,1,1.0,1.0,0,nan,nan,nan,0.0,-0.009349791790846084
412,stimulus,45,7,2,0,0,-1.0,-1.0,1,1,0,0,0.0,-0.009349791790846084
413,stimulus,45,6,3,0,0,-1.0,-1.0,1,0,1,0,0.0,-0.009349791790846084
414,stimulus,45,1,5,1,0,-1.0,-1.0,1,0,1,0,0.0,-0.009349791790846084
415,stimulus,45,2,5,1,0,-1.0,-1.0,1,0,1,0,0.0,-0.009349791790846084
416,stimulus,45,5,3,0,0,-1.0,-1.0,1,0,1,0,0.0,-0.009349791790846084
417,stimulus,45,0,5,1,0,-1.0,-1.0,1,0,1,0,0.0,-0.009349791790846084
418,stimulus,45,4,5,1,1,1.0,1.0,0,nan,nan,nan,0.0,-0.009349791790846084
419,stimulus,45,4,6,1,0,-1.0,-1.0,1,1,0,0,2.47848906668625e-05,-0.009325006900179223
420,stimulus,45,1,3,0,0,-1.0,-1.0,1,0,1,0,0.0,-0.009325006900179223
421,stimulus,45,7,5,1,0,-1.0,-1.0,1,0,1,0,0.0003106794906800987,-0.009014327409499123
422,stimulus,45,1,5,1,0,-1.0,-1.0,1,0,1,0,0.0,-0.009014327409499123
423,stimulus,45,3,5,1,0,-1.0,-1.0,1,0,1,0,4.95617739818296e-05,-0.008964765635517295
424,stimulus,45,5,3,0,0,-1.0,-1.0,1,0,1,0,0.0,-0.008964765635517295
425,stimulus,45,2,5,1,0,-1.0,-1.0,1,0,1,0,0.0,-0.008964765635517295
426,stimulus,45,5,5,1,1,1.0,1.0,0,nan,nan,nan,0.0,-0.008964765635517295
427,stimulus,45,0,6,1,0,-1.0,-1.0,1,1,0,0,0.0,-0.008964765635517295
428,stimulus,45,6,5,1,1,1.0,1.0,0,nan,nan,nan,0.0,-0.008964765635517295
429,stimulus,45,4,6,1,0,-1.0,-1.0,1,1,0,0,4.95617739818296e-05,-0.008915203861535465
430,stimulus,45,7,3,0,0,-1.0,-1.0,1,0,1,0,0.0003106794906800987,-0.008604524370855366
431,stimulus,45,4,5,1,1,1.0,1.0,0,nan,nan,nan,0.0,-0.008604524370855366
432,stimulus,45,8,4,0,0,-1.0,-1.0,1,1,0,0,0.0003106794906800987,-0.008293844880175266
433,stimulus,45,0,3,0,0,-1.0,-1.0,1,0,1,0,0.0,-0.008293844880175266
434,stimulus,45,8,3,0,0,-1.0,-1.0,1,0,1,0,0.0,-0.008293844880175266
435,stimulus,45,4,5,1,1,1.0,1.0,0,nan,nan,nan,0.0,-0.008293844880175266
436,stimulus,45,8,4,0,0,-1.0,-1.0,1,1,0,0,0.0003106794906800987,-0.007983165389495167
437,stimulus,45,3,3,0,1,1.0,1.0,0,nan,nan,nan,6.669902694364417e-05,-0.008049864416438809
438,stimulus,45,8,4,1,0,-1.0,-1.0,1,1,0,0,0.0,-0.008049864416438809
439,stimulus,45,5,3,0,0,-1.0,-1.0,1,0,1,0,0.0,-0.008049864416438809
440,stimulus,45,5,5,1,1,1.0,1.0,0,nan,nan,nan,0.0,-0.008049864416438809
441,stimulus,45,6,4,0,0,-1.0,-1.0,1,1,0,0,0.0,-0.008049864416438809
442,stimulus,45,3,5,1,0,-1.0,-1.0,1,0,1,0,4.95617739818296e-05,-0.00800030264245698
443,stimulus,45,2,5,1,0,-1.0,-1.0,1,0,1,0,0.0,-0.00800030264245698
444,stimulus,45,8,5,1,0,-1.0,-1.0,1,0,1,0,0.0,-0.00800030264245698
445,stimulus,45,1,3,0,0,-1.0,-1.0,1,0,1,0,0.0,-0.00800030264245698
446,stimulus,45,1,5,1,0,-1.0,-1.0,1,0,1,0,0.0,-0.00800030264245698
447,stimulus,45,4,5,1,1,1.0,1.0,0,nan,nan,nan,0.0,-0.00800030264245698
448,stimulus,45,1,6,1,0,-1.0,-1.0,1,1,0,0,0.0,-0.00800030264245698
449,stimulus,45,8,3,0,0,-1.0,-1.0,1,0,1,0,0.0,-0.00800030264245698
450,stimulus,45,5,3,0,0,-1.0,-1.0,1,0,1,0,0.0,-0.00800030264245698
451,stimulus,45,3,5,1,0,-1.0,-1.0,1,0,1,0,6.669902694364417e-05,-0.007933603615513337
452,stimulus,45,8,5,1,0,-1.0,-1.0,1,0,1,0,0.0,-0.007933603615513337
453,stimulus,45,4,3,0,1,1.0,1.0,0,nan,nan,nan,0.0,-0.007933603615513337
454,stimulus,45,5,2,0,0,-1.0,-1.0,1,1,0,0,0.0,-0.007933603615513337
455,stimulus,45,5,3,0,0,-1.0,-1.0,1,0,1,0,0.0,-0.007933603615513337
456,stimulus,45,7,3,0,0,-1.0,-1.0,1,0,1,0,0.0003106794906800987,-0.007622924124833239
457,stimulus,45,0,3,0,0,-1.0,-1.0,1,0,1,0,0.0,-0.007622924124833239
458,stimulus,45,5,3,0,0,-1.0,-1.0,1,0,1,0,0.0,-0.007622924124833239
459,stimulus,45,4,3,0,1,1.0,1.0,0,nan,nan,nan,0.0,-0.007622924124833239
460,stimulus,45,4,4,1,1,1.0,1.0,0,nan,nan,nan,0.0,-0.007622924124833239
461,stimulus,45,8,3,0,0,-1.0,-1.0,1,2,0,0,0.0,-0.007622924124833239
462,stimulus,45,0,5,1,0,-1.0,-1.0,1,0,1,0,0.0,-0.007622924124833239
463,stimulus,45,5,5,1,1,1.0,1.0,0,nan,nan,nan,0.0,-0.007622924124833239
464,stimulus,45,3,6,1,0,-1.0,-1.0,1,1,0,0,0.0,-0.007622924124833239
465,stimulus,45,2,3,0,1,1.0,1.0,0,nan,nan,nan,0.0,-0.007622924124833239
466,stimulus,45,4,2,0,0,-1.0,-1.0,1,1,0,0,0.0,-0.007622924124833239
467,stimulus,45,4,3,0,1,1.0,1.0,0,nan,nan,nan,0.0,-0.007622924124833239
468,stimulus,45,0,4,1,0,-1.0,-1.0,1,1,0,0,0.0,-0.007622924124833239
469,stimulus,45,4,5,1,1,1.0,1.0,0,nan,nan,nan,0.0,-0.007622924124833239
470,stimulus,45,7,4,0,0,-1.0,-1.0,1,1,0,0,0.0,-0.007622924124833239
471,stimulus,45,1,3,0,0,-1.0,-1.0,1,0,1,0,0.0,-0.007622924124833239
472,stimulus,45,3,5,1,0,-1.0,-1.0,1,0,1,0,6.669902694364417e-05,-0.007556225097889594
473,stimulus,45,2,3,0,1,1.0,1.0,0,nan,nan,nan,0.0,-0.007556225097889594
474,stimulus,45,6,2,0,0,-1.0,-1.0,1,1,0,0,0.0003106794906800987,-0.007245545607209494
475,stimulus,45,2,3,0,1,1.0,1.0,0,nan,nan,nan,0.0,-0.007245545607209494
476,stimulus,45,5,2,0,0,-1.0,-1.0,1,1,0,0,0.0,-0.007245545607209494
477,stimulus,45,0,5,1,0,-1.0,-1.0,1,0,1,0,0.0,-0.007245545607209494
478,stimulus,45,5,5,1,1,1.0,1.0,0,nan,nan,nan,0.0,-0.007245545607209494
479,stimulus,45,8,4,0,0,-1.0,-1.0,1,1,0,0,0.0003106794906800987,-0.006934866116529395
480,stimulus,45,2,5,1,0,-1.0,-1.0,1,0,1,0,0.0,-0.006934866116529395
481,stimulus,45,1,5,1,0,-1.0,-1.0,1,0,1,0,0.0,-0.006934866116529395
482,stimulus,45,8,3,0,0,-1.0,-1.0,1,0,1,0,0.0,-0.006934866116529395
483,stimulus,45,0,3,0,0,-1.0,-1.0,1,0,1,0,0.0,-0.006934866116529395
484,stimulus,45,1,5,1,0,-1.0,-1.0,1,0,1,0,0.0,-0.006934866116529395
485,stimulus,45,0,3,0,0,-1.0,-1.0,1,0,1,0,0.0,-0.006934866116529395
486,stimulus,45,5,3,0,0,-1.0,-1.0,1,0,1,0,0.0,-0.006934866116529395
487,stimulus,45,7,3,0,0,-1.0,-1.0,1,0,1,0,0.0003106794906800987,-0.006624186625849296
488,stimulus,45,2,3,0,1,1.0,1.0,0,nan,nan,nan,0.0,-0.006624186625849296
489,stimulus,45,7,2,0,0,-1.0,-1.0,1,1,0,0,0.0,-0.006624186625849296
490,stimulus,45,4,3,0,1,1.0,1.0,0,nan,nan,nan,0.0,-0.006624186625849296
491,stimulus,45,7,2,0,0,-1.0,-1.0,1,1,0,0,0.0,-0.006624186625849296
492,stimulus,45,3,5,1,0,-1.0,-1.0,1,0,1,0,4.1393299386477525e-05,-0.0065827933264628186
493,stimulus,45,5,5,1,1,1.0,1.0,0,nan,nan,nan,0.0,-0.0065827933264628186
494,stimulus,45,6,4,0,0,-1.0,-1.0,1,1,0,0,0.0,-0.0065827933264628186
495,stimulus,45,8,5,1,0,-1.0,-1.0,1,0,1,0,0.0,-0.0065827933264628186
496,stimulus,45,2,3,0,1,1.0,1.0,0,nan,nan,nan,0.0,-0.0065827933264628186
497,stimulus,45,6,2,0,0,-1.0,-1.0,1,1,0,0,0.0003106794906800987,-0.006272113835782719
498,stimulus,45,8,5,1,0,-1.0,-1.0,1,0,1,0,0.0,-0.006272113835782719
499,stimulus,45,8,5,1,0,-1.0,-1.0,1,0,1,0,0.0,-0.006272113835782719
500,stimulus,45,2,3,0,1,1.0,1.0,0,nan,nan,nan,0.0,-0.006272113835782719
501,stimulus,45,6,4,1,0,-1.0,-1.0,1,1,0,0,0.0003106794906800987,-0.00596143434510262
502,stimulus,45,0,5,1,0,-1.0,-1.0,1,0,1,0,0.0,-0.00596143434510262
503,stimulus,45,1,3,0,0,-1.0,-1.0,1,0,1,0,0.0,-0.00596143434510262
504,stimulus,45,0,5,1,0,-1.0,-1.0,1,0,1,0,0.0,-0.00596143434510262
505,stimulus,45,0,5,1,0,-1.0,-1.0,1,0,1,0,0.0,-0.00596143434510262
506,stimulus,45,7,3,0,0,-1.0,-1.0,1,0,1,0,0.0003106794906800987,-0.005650754854422521
507,stimulus,45,3,5,1,0,-1.0,-1.0,1,0,1,0,6.78236359886405e-05,-0.0055829312184338805
508,stimulus,45,1,5,1,0,-1.0,-1.0,1,0,1,0,0.0,-0.0055829312184338805
509,stimulus,45,0,5,1,0,-1.0,-1.0,1,0,1,0,0.0,-0.0055829312184338805
510,stimulus,45,0,3,0,0,-1.0,-1.0,1,0,1,0,0.0,-0.0055829312184338805
511,stimulus,45,8,3,0,0,-1.0,-1.0,1,0,1,0,0.0,-0.0055829312184338805
512,stimulus,45,4,3,0,1,1.0,1.0,0,nan,nan,nan,0.0,-0.0055829312184338805
513,stimulus,45,7,4,1,0,-1.0,-1.0,1,1,0,0,0.0,-0.0055829312184338805
514,stimulus,45,4,3,0,1,1.0,1.0,0,nan,nan,nan,0.0,-0.0055829312184338805
515,stimulus,45,7,4,1,0,-1.0,-1.0,1,1,0,0,0.0,-0.0055829312184338805
516,stimulus,45,7,3,0,0,-1.0,-1.0,1,0,1,0,0.0003106794906800987,-0.005272251727753781
517,stimulus,45,0,5,1,0,-1.0,-1.0,1,0,1,0,0.0,-0.005272251727753781
518,stimulus,45,4,3,0,1,1.0,1.0,0,nan,nan,nan,0.0,-0.005272251727753781
519,stimulus,45,6,4,1,0,-1.0,-1.0,1,1,0,0,0.0003106794906800987,-0.004961572237073683
520,stimulus,45,5,3,0,0,-1.0,-1.0,1,0,1,0,0.0,-0.004961572237073683
521,stimulus,45,3,5,1,0,-1.0,-1.0,1,0,1,0,6.78236359886405e-05,-0.004893748601085043
522,stimulus,45,4,3,0,1,1.0,1.0,0,nan,nan,nan,0.0,-0.004893748601085043
523,stimulus,45,2,2,0,1,1.0,1.0,0,nan,nan,nan,4.2922233576970936e-05,-0.004936670834662012
524,stimulus,45,3,1,0,0,-1.0,-1.0,1,2,0,0,0.0,-0.004936670834662012
525,stimulus,45,2,5,1,0,-1.0,-1.0,1,0,1,0,0.0,-0.004936670834662012
526,stimulus,45,2,5,1,0,-1.0,-1.0,1,0,1,0,0.0,-0.004936670834662012
527,stimulus,45,0,5,1,0,-1.0,-1.0,1,0,1,0,0.0,-0.004936670834662012
528,stimulus,45,3,5,1,0,-1.0,-1.0,1,0,1,0,4.2922233576970936e-05,-0.004893748601085043
529,stimulus,45,7,3,0,0,-1.0,-1.0,1,0,1,0,0.0003106794906800987,-0.004583069110404943
530,stimulus,45,5,5,1,1,1.0,1.0,0,nan,nan,nan,0.0,-0.004583069110404943
531,stimulus,45,6,4,0,0,-1.0,-1.0,1,1,0,0,0.0,-0.004583069110404943
532,stimulus,45,5,3,0,0,-1.0,-1.0,1,0,1,0,0.0,-0.004583069110404943
533,stimulus,45,4,5,1,1,1.0,1.0,0,nan,nan,nan,0.0,-0.004583069110404943
534,stimulus,45,1,4,0,0,-1.0,-1.0,1,1,0,0,0.0,-0.004583069110404943
535,stimulus,45,8,5,1,0,-1.0,-1.0,1,0,1,0,0.0,-0.004583069110404943
536,stimulus,45,1,3,0,0,-1.0,-1.0,1,0,1,0,0.0,-0.004583069110404943
537,stimulus,45,4,3,0,1,1.0,1.0,0,nan,nan,nan,0.0,-0.004583069110404943
538,stimulus,45,8,4,1,0,-1.0,-1.0,1,1,0,0,0.0,-0.004583069110404943
539,stimulus,45,1,3,0,0,-1.0,-1.0,1,0,1,0,0.0,-0.004583069110404943
540,stimulus,45,7,3,0,0,-1.0,-1.0,1,0,1,0,0.0003106794906800987,-0.004272389619724844
541,stimulus,45,3,5,1,0,-1.0,-1.0,1,0,1,0,4.2922233576970936e-05,-0.004229467386147872
542,stimulus,45,2,5,1,0,-1.0,-1.0,1,0,1,0,0.0,-0.004229467386147872
543,stimulus,45,4,5,1,1,1.0,1.0,0,nan,nan,nan,0.0,-0.004229467386147872
544,stimulus,45,4,4,0,1,1.0,1.0,0,nan,nan,nan,4.2922233576970936e-05,-0.004272389619724844
545,stimulus,45,6,5,1,1,1.0,1.0,0,nan,nan,nan,0.0,-0.004272389619724844
546,stimulus,45,0,6,1,0,-1.0,-1.0,1,3,0,1,0.0,-0.004272389619724844
547,stimulus,45,6,3,0,0,-1.0,-1.0,1,0,1,0,0.0,-0.004272389619724844
548,stimulus,45,1,5,1,0,-1.0,-1.0,1,0,1,0,0.0,-0.004272389619724844
549,stimulus,45,6,3,0,0,-1.0,-1.0,1,0,1,0,0.0,-0.004272389619724844
550,stimulus,45,1,3,0,0,-1.0,-1.0,1,0,1,0,0.0,-0.004272389619724844
551,stimulus,45,1,5,1,0,-1.0,-1.0,1,0,1,0,0.0,-0.004272389619724844
552,stimulus,45,0,5,1,0,-1.0,-1.0,1,0,1,0,0.0,-0.004272389619724844
553,stimulus,45,6,5,1,1,1.0,1.0,0,nan,nan,nan,0.0,-0.004272389619724844
554,stimulus,45,0,6,1,0,-1.0,-1.0,1,1,0,0,0.0,-0.004272389619724844
555,stimulus,45,7,3,0,0,-1.0,-1.0,1,0,1,0,0.0003106794906800987,-0.003961710129044746
556,stimulus,45,4,3,0,1,1.0,1.0,0,nan,nan,nan,0.0,-0.003961710129044746
557,stimulus,45,5,4,1,1,1.0,1.0,0,nan,nan,nan,0.0,-0.003961710129044746
558,stimulus,45,1,3,0,0,-1.0,-1.0,1,2,0,0,0.0,-0.003961710129044746
559,stimulus,45,3,5,1,0,-1.0,-1.0,1,0,1,0,4.2922233576970936e-05,-0.003918787895467773
560,stimulus,45,0,5,1,0,-1.0,-1.0,1,0,1,0,0.0,-0.003918787895467773
561,stimulus,45,8,5,1,0,-1.0,-1.0,1,0,1,0,0.0,-0.003918787895467773
562,stimulus,45,6,3,0,0,-1.0,-1.0,1,0,1,0,0.0,-0.003918787895467773
563,stimulus,45,4,3,0,1,1.0,1.0,0,nan,nan,nan,0.0,-0.003918787895467773
564,stimulus,45,4,4,1,1,1.0,1.0,0,nan,nan,nan,0.0,-0.003918787895467773
565,stimulus,45,5,5,1,1,1.0,1.0,0,nan,nan,nan,0.0,-0.003918787895467773
566,stimulus,45,4,6,1,0,-1.0,-1.0,1,3,0,1,4.2922233576970936e-05,-0.003875865661890803
567,stimulus,45,6,3,0,0,-1.0,-1.0,1,0,1,0,0.0,-0.003875865661890803
568,stimulus,45,3,5,1,0,-1.0,-1.0,1,0,1,0,7.634818384295924e-05,-0.003799517478047843
569,stimulus,45,0,5,1,0,-1.0,-1.0,1,0,1,0,0.0,-0.003799517478047843
570,stimulus,45,7,3,0,0,-1.0,-1.0,1,0,1,0,0.0003106794906800987,-0.003488837987367744
571,stimulus,45,6,3,0,0,-1.0,-1.0,1,0,1,0,0.0,-0.003488837987367744
572,stimulus,45,1,5,1,0,-1.0,-1.0,1,0,1,0,0.0,-0.003488837987367744
573,stimulus,45,0,5,1,0,-1.0,-1.0,1,0,1,0,0.0,-0.003488837987367744
574,stimulus,45,4,5,1,1,1.0,1.0,0,nan,nan,nan,0.0,-0.003488837987367744
575,stimulus,45,8,4,0,0,-1.0,-1.0,1,1,0,0,0.0003106794906800987,-0.0031781584966876454
576,stimulus,45,8,3,0,0,-1.0,-1.0,1,0,1,0,0.0,-0.0031781584966876454
577,stimulus,45,4,5,1,1,1.0,1.0,0,nan,nan,nan,0.0,-0.0031781584966876454
578,stimulus,45,8,4,0,0,-1.0,-1.0,1,1,0,0,0.0003106794906800987,-0.0028674790060075465
579,stimulus,45,0,5,1,0,-1.0,-1.0,1,0,1,0,0.0,-0.0028674790060075465
580,stimulus,45,1,5,1,0,-1.0,-1.0,1,0,1,0,0.0,-0.0028674790060075465
581,stimulus,45,7,3,0,0,-1.0,-1.0,1,0,1,0,0.0003106794906800987,-0.002556799515327447
582,stimulus,45,0,3,0,0,-1.0,-1.0,1,0,1,0,0.0,-0.002556799515327447
583,stimulus,45,4,3,0,1,1.0,1.0,0,nan,nan,nan,0.0,-0.002556799515327447
584,stimulus,45,7,4,1,0,-1.0,-1.0,1,1,0,0,0.0,-0.002556799515327447
585,stimulus,45,4,5,1,1,1.0,1.0,0,nan,nan,nan,0.0,-0.002556799515327447
586,stimulus,45,8,4,0,0,-1.0,-1.0,1,1,0,0,0.0003996291894282235,-0.002157170325899223
587,stimulus,45,8,5,1,0,-1.0,-1.0,1,0,1,0,0.0,-0.002157170325899223
588,stimulus,45,5,3,0,0,-1.0,-1.0,1,0,1,0,0.0,-0.002157170325899223
589,stimulus,45,3,5,1,0,-1.0,-1.0,1,0,1,0,7.634818384295924e-05,-0.0020808221420562613
590,stimulus,45,6,3,0,0,-1.0,-1.0,1,0,1,0,0.0,-0.0020808221420562613
591,stimulus,45,7,3,0,0,-1.0,-1.0,1,0,1,0,0.0003996291894282235,-0.001681192952628037
592,stimulus,45,5,3,0,0,-1.0,-1.0,1,0,1,0,0.0,-0.001681192952628037
593,stimulus,45,3,5,1,0,-1.0,-1.0,1,0,1,0,6.03638672106786e-05,-0.0016208290854173592
594,stimulus,45,5,5,1,1,1.0,1.0,0,nan,nan,nan,0.0,-0.0016208290854173592
595,stimulus,45,5,6,1,1,1.0,1.0,0,nan,nan,nan,0.0,-0.0016208290854173592
596,stimulus,45,7,5,0,0,-1.0,-1.0,1,2,0,0,0.0,-0.0016208290854173592
597,stimulus,45,6,5,1,1,1.0,1.0,0,nan,nan,nan,0.0,-0.0016208290854173592
598,stimulus,45,3,4,0,1,1.0,1.0,0,nan,nan,nan,0.0,-0.0016208290854173592
599,stimulus,45,3,5,1,0,-1.0,-1.0,1,2,0,0,6.03638672106786e-05,-0.0015604652182066817
600,stimulus,45,8,3,0,0,-1.0,-1.0,1,0,1,0,0.0,-0.0015604652182066817
601,stimulus,45,5,5,1,1,1.0,1.0,0,nan,nan,nan,0.0,-0.0015604652182066817
602,stimulus,45,8,4,0,0,-1.0,-1.0,1,1,0,0,0.0003996291894282235,-0.0011608360287784572
603,stimulus,45,0,5,1,0,-1.0,-1.0,1,0,1,0,0.0,-0.0011608360287784572
604,stimulus,45,1,3,0,0,-1.0,-1.0,1,0,1,0,0.0,-0.0011608360287784572
605,stimulus,45,7,3,0,0,-1.0,-1.0,1,0,1,0,0.0003996291894282235,-0.0007612068393502327
606,stimulus,45,4,5,1,1,1.0,1.0,0,nan,nan,nan,0.0,-0.0007612068393502327
607,stimulus,45,5,4,0,1,1.0,1.0,0,nan,nan,nan,0.0,-0.0007612068393502327
608,stimulus,45,5,5,1,1,1.0,1.0,0,nan,nan,nan,0.0,-0.0007612068393502327
609,stimulus,45,0,6,1,0,-1.0,-1.0,1,3,0,1,0.0,-0.0007612068393502327
610,stimulus,45,2,5,1,0,-1.0,-1.0,1,0,1,0,0.0,-0.0007612068393502327
611,stimulus,45,1,5,1,0,-1.0,-1.0,1,0,1,0,0.0,-0.0007612068393502327
612,stimulus,45,5,3,0,0,-1.0,-1.0,1,0,1,0,0.0,-0.0007612068393502327
613,stimulus,45,6,3,0,0,-1.0,-1.0,1,0,1,0,0.0,-0.0007612068393502327
614,stimulus,45,4,5,1,1,1.0,1.0,0,nan,nan,nan,0.0,-0.0007612068393502327
615,stimulus,45,1,6,1,0,-1.0,-1.0,1,1,0,0,0.0,-0.0007612068393502327
616,stimulus,45,3,5,1,0,-1.0,-1.0,1,0,1,0,9.515770082063913e-05,-0.0006660491385295939
617,stimulus,45,0,3,0,0,-1.0,-1.0,1,0,1,0,0.0,-0.0006660491385295939
618,stimulus,45,6,3,0,0,-1.0,-1.0,1,0,1,0,0.0,-0.0006660491385295939
619,stimulus,45,0,3,0,0,-1.0,-1.0,1,0,1,0,0.0,-0.0006660491385295939
620,stimulus,45,1,5,1,0,-1.0,-1.0,1,0,1,0,0.0,-0.0006660491385295939
621,stimulus,45,7,3,0,0,-1.0,-1.0,1,0,1,0,0.0003996291894282235,-0.0002664199491013694
622,stimulus,45,4,5,1,1,1.0,1.0,0,nan,nan,nan,0.0,-0.0002664199491013694
623,stimulus,45,3,6,1,0,-1.0,-1.0,1,1,0,0,0.0,-0.0002664199491013694
624,stimulus,45,2,5,1,0,-1.0,-1.0,1,0,1,0,0.0,-0.0002664199491013694
625,stimulus,45,1,3,0,0,-1.0,-1.0,1,0,1,0,0.0,-0.0002664199491013694
626,stimulus,45,2,3,0,1,1.0,1.0,0,nan,nan,nan,0.0,-0.0002664199491013694
627,stimulus,45,3,2,0,1,1.0,1.0,0,nan,nan,nan,0.0,-0.0002664199491013694
628,stimulus,45,5,1,0,0,-1.0,-1.0,1,2,0,0,0.0003996291894282235,0.00013320924032685506
629,stimulus,45,1,5,1,0,-1.0,-1.0,1,0,1,0,0.0,0.00013320924032685506
630,stimulus,45,2,5,1,0,-1.0,-1.0,1,0,1,0,0.0,0.00013320924032685506
631,stimulus,45,5,3,0,0,-1.0,-1.0,1,0,1,0,0.0,0.00013320924032685506
632,stimulus,45,5,5,1,1,1.0,1.0,0,nan,nan,nan,0.0,0.00013320924032685506
633,stimulus,45,1,6,1,0,-1.0,-1.0,1,1,0,0,0.0,0.00013320924032685506
634,stimulus,45,8,5,1,0,-1.0,-1.0,1,0,1,0,0.0,0.00013320924032685506
635,stimulus,45,4,3,0,1,1.0,1.0,0,nan,nan,nan,0.0,0.00013320924032685506
636,stimulus,45,6,2,0,0,-1.0,-1.0,1,1,0,0,0.0003996291894282235,0.0005328384297550795
637,stimulus,45,6,5,1,1,1.0,1.0,0,nan,nan,nan,0.0,0.0005328384297550795
638,stimulus,45,2,4,0,0,-1.0,-1.0,1,1,0,0,0.0,0.0005328384297550795
639,stimulus,45,2,5,1,0,-1.0,-1.0,1,0,1,0,0.0,0.0005328384297550795
640,stimulus,45,8,3,0,0,-1.0,-1.0,1,0,1,0,0.0,0.0005328384297550795
641,stimulus,45,3,5,1,0,-1.0,-1.0,1,0,1,0,9.515770082063913e-05,0.0006279961305757184
642,stimulus,45,2,3,0,1,1.0,1.0,0,nan,nan,nan,0.0,0.0006279961305757184
643,stimulus,45,6,2,0,0,-1.0,-1.0,1,1,0,0,0.0003996291894282235,0.001027625320003943
644,stimulus,45,5,3,0,0,-1.0,-1.0,1,0,1,0,0.0,0.001027625320003943
645,stimulus,45,2,5,1,0,-1.0,-1.0,1,0,1,0,0.0,0.001027625320003943
646,stimulus,45,0,3,0,0,-1.0,-1.0,1,0,1,0,0.0,0.001027625320003943
647,stimulus,45,8,5,1,0,-1.0,-1.0,1,0,1,0,0.0,0.001027625320003943
648,stimulus,45,4,5,1,1,1.0,1.0,0,nan,nan,nan,0.0,0.001027625320003943
649,stimulus,45,2,6,1,0,-1.0,-1.0,1,1,0,0,0.0,0.001027625320003943
650,stimulus,45,0,3,0,0,-1.0,-1.0,1,0,1,0,0.0,0.001027625320003943
651,stimulus,45,1,5,1,0,-1.0,-1.0,1,0,1,0,0.0,0.001027625320003943
652,stimulus,45,7,3,0,0,-1.0,-1.0,1,0,1,0,0.0003996291894282235,0.0014272545094321672
653,stimulus,45,5,3,0,0,-1.0,-1.0,1,0,1,0,0.0,0.0014272545094321672
654,stimulus,45,5,5,1,1,1.0,1.0,0,nan,nan,nan,0.0,0.0014272545094321672
655,stimulus,45,6,6,1,1,1.0,1.0,0,nan,nan,nan,0.0,0.0014272545094321672
656,stimulus,45,1,5,0,0,-1.0,-1.0,1,2,0,0,0.0,0.0014272545094321672
657,stimulus,45,0,5,1,0,-1.0,-1.0,1,0,1,0,0.0,0.0014272545094321672
658,stimulus,45,0,5,1,0,-1.0,-1.0,1,0,1,0,0.0,0.0014272545094321672
659,stimulus,45,6,5,1,1,1.0,1.0,0,nan,nan,nan,0.0,0.0014272545094321672
660,stimulus,45,1,6,1,0,-1.0,-1.0,1,1,0,0,0.0,0.0014272545094321672
661,stimulus,45,6,5,1,1,1.0,1.0,0,nan,nan,nan,0.0,0.0014272545094321672
662,stimulus,45,1,4,0,0,-1.0,-1.0,1,1,0,0,0.0,0.0014272545094321672
663,stimulus,45,1,3,0,0,-1.0,-1.0,1,0,1,0,0.0,0.0014272545094321672
664,stimulus,45,7,3,0,0,-1.0,-1.0,1,0,1,0,0.0003996291894282235,0.0018268836988603917
665,stimulus,45,3,5,1,0,-1.0,-1.0,1,0,1,0,9.208706960366613e-05,0.001918970768464058
666,stimulus,45,2,5,1,0,-1.0,-1.0,1,0,1,0,0.0,0.001918970768464058
667,stimulus,45,0,3,0,0,-1.0,-1.0,1,0,1,0,0.0,0.001918970768464058
668,stimulus,45,0,3,0,0,-1.0,-1.0,1,0,1,0,0.0,0.001918970768464058
669,stimulus,45,0,3,0,0,-1.0,-1.0,1,0,1,0,0.0,0.001918970768464058
670,stimulus,45,4,3,0,1,1.0,1.0,0,nan,nan,nan,0.0,0.001918970768464058
671,stimulus,45,1,4,1,0,-1.0,-1.0,1,1,0,0,0.0,0.001918970768464058
672,stimulus,45,1,3,0,0,-1.0,-1.0,1,0,1,0,0.0,0.001918970768464058
673,stimulus,45,8,5,1,0,-1.0,-1.0,1,0,1,0,0.0,0.001918970768464058
674,stimulus,45,4,3,0,1,1.0,1.0,0,nan,nan,nan,0.0,0.001918970768464058
675,stimulus,45,6,2,0,0,-1.0,-1.0,1,1,0,0,0.0003996291894282235,0.0023185999578922826
676,stimulus,45,7,3,0,0,-1.0,-1.0,1,0,1,0,0.0003996291894282235,0.002718229147320507
677,stimulus,45,1,5,1,0,-1.0,-1.0,1,0,1,0,0.0,0.002718229147320507
678,stimulus,45,2,5,1,0,-1.0,-1.0,1,0,1,0,0.0,0.002718229147320507
679,stimulus,45,6,3,0,0,-1.0,-1.0,1,0,1,0,0.0,0.002718229147320507
680,stimulus,45,7,3,0,0,-1.0,-1.0,1,0,1,0,0.0003996291894282235,0.0031178583367487316
681,stimulus,45,4,3,0,1,1.0,1.0,0,nan,nan,nan,0.0,0.0031178583367487316
682,stimulus,45,2,4,1,0,-1.0,-1.0,1,1,0,0,9.208706960366613e-05,0.0032099454063523975
683,stimulus,45,5,3,0,0,-1.0,-1.0,1,0,1,0,0.0,0.0032099454063523975
684,stimulus,45,6,3,0,0,-1.0,-1.0,1,0,1,0,0.0,0.0032099454063523975
685,stimulus,45,2,5,1,0,-1.0,-1.0,1,0,1,0,0.0,0.0032099454063523975
686,stimulus,45,4,5,1,1,1.0,1.0,0,nan,nan,nan,0.0,0.0032099454063523975
687,stimulus,45,0,4,0,0,-1.0,-1.0,1,1,0,0,0.0,0.0032099454063523975
688,stimulus,45,4,3,0,1,1.0,1.0,0,nan,nan,nan,0.0,0.0032099454063523975
689,stimulus,45,0,4,1,0,-1.0,-1.0,1,1,0,0,0.0,0.0032099454063523975
690,stimulus,45,2,5,1,0,-1.0,-1.0,1,0,1,0,0.0,0.0032099454063523975
691,stimulus,45,8,5,1,0,-1.0,-1.0,1,0,1,0,0.0,0.0032099454063523975
692,stimulus,45,5,3,0,0,-1.0,-1.0,1,0,1,0,0.0,0.0032099454063523975
693,stimulus,45,2,3,0,1,1.0,1.0,0,nan,nan,nan,0.0,0.0032099454063523975
694,stimulus,45,1,2,0,1,1.0,1.0,0,nan,nan,nan,0.0,0.0032099454063523975
695,stimulus,45,6,3,1,0,-1.0,-1.0,1,2,0,0,0.0,0.0032099454063523975
696,stimulus,45,3,5,1,0,-1.0,-1.0,1,0,1,0,9.178681307604943e-05,0.003301732219428448
697,stimulus,45,7,3,0,0,-1.0,-1.0,1,0,1,0,0.0003996291894282235,0.0037013614088566723
698,stimulus,45,4,5,1,1,1.0,1.0,0,nan,nan,nan,0.0,0.0037013614088566723
699,stimulus,45,5,6,1,1,1.0,1.0,0,nan,nan,nan,0.0,0.0037013614088566723
700,stimulus,45,4,7,1,0,-1.0,-1.0,1,2,0,0,0.0,0.0037013614088566723
701,stimulus,45,6,5,1,1,1.0,1.0,0,nan,nan,nan,0.0,0.0037013614088566723
702,stimulus,45,0,4,0,0,-1.0,-1.0,1,1,0,0,0.0,0.0037013614088566723
703,stimulus,45,0,3,0,0,-1.0,-1.0,1,0,1,0,0.0,0.0037013614088566723
704,stimulus,45,6,3,0,0,-1.0,-1.0,1,0,1,0,0.0,0.0037013614088566723
705,stimulus,45,4,5,1,1,1.0,1.0,0,nan,nan,nan,0.0,0.0037013614088566723
706,stimulus,45,4,6,1,0,-1.0,-1.0,1,1,0,0,9.178681307604943e-05,0.0037931482219327227
707,stimulus,45,1,3,0,0,-1.0,-1.0,1,0,1,0,0.0,0.0037931482219327227
708,stimulus,45,0,5,1,0,-1.0,-1.0,1,0,1,0,0.0,0.0037931482219327227
709,stimulus,45,4,5,1,1,1.0,1.0,0,nan,nan,nan,0.0,0.0037931482219327227
710,stimulus,45,7,4,0,0,-1.0,-1.0,1,1,0,0,0.0,0.0037931482219327227
711,stimulus,45,2,5,1,0,-1.0,-1.0,1,0,1,0,0.0,0.0037931482219327227
712,stimulus,45,7,3,0,0,-1.0,-1.0,1,0,1,0,0.0003996291894282235,0.0038019537721171075
713,stimulus,45,1,3,0,0,-1.0,-1.0,1,0,1,0,0.0,0.0038019537721171075
714,stimulus,45,1,3,0,0,-1.0,-1.0,1,0,1,0,0.0,0.0038019537721171075
715,stimulus,45,2,3,0,1,1.0,1.0,0,nan,nan,nan,0.0,0.0038019537721171075
716,stimulus,45,1,2,0,1,1.0,1.0,0,nan,nan,nan,0.0,0.0038019537721171075
717,stimulus,45,6,1,0,0,-1.0,-1.0,1,2,0,0,0.0,0.0038019537721171075
718,stimulus,45,5,3,0,0,-1.0,-1.0,1,0,1,0,0.0,0.0038019537721171075
719,stimulus,45,1,3,0,0,-1.0,-1.0,1,0,1,0,0.0,0.0038019537721171075
720,stimulus,45,5,3,0,0,-1.0,-1.0,1,0,1,0,0.0,0.0038019537721171075
721,stimulus,45,2,3,0,1,1.0,1.0,0,nan,nan,nan,0.0,0.0038019537721171075
722,stimulus,45,7,4,1,0,-1.0,-1.0,1,1,0,0,0.0,0.0038019537721171075
723,stimulus,45,2,5,1,0,-1.0,-1.0,1,0,1,0,0.0,0.0038019537721171075
724,stimulus,45,5,5,1,1,1.0,1.0,0,nan,nan,nan,0.0,0.0038019537721171075
725,stimulus,45,0,6,1,0,-1.0,-1.0,1,1,0,0,0.0,0.0038019537721171075
726,stimulus,45,7,3,0,0,-1.0,-1.0,1,0,1,0,0.0003996291894282235,0.0038019537721171075
727,stimulus,45,3,5,1,0,-1.0,-1.0,1,0,1,0,9.76720350921151e-05,0.0038996258072092212
728,stimulus,45,5,5,1,1,1.0,1.0,0,nan,nan,nan,0.0,0.0038996258072092212
729,stimulus,45,7,4,0,0,-1.0,-1.0,1,1,0,0,0.0,0.0038996258072092212
730,stimulus,45,8,5,1,0,-1.0,-1.0,1,0,1,0,0.0,0.0038996258072092212
731,stimulus,45,8,3,0,0,-1.0,-1.0,1,0,1,0,0.0,0.0038996258072092212
732,stimulus,45,7,3,0,0,-1.0,-1.0,1,0,1,0,0.0003996291894282235,0.0038996258072092212
733,stimulus,45,4,5,1,1,1.0,1.0,0,nan,nan,nan,0.0,0.0038996258072092212
734,stimulus,45,6,4,0,0,-1.0,-1.0,1,1,0,0,0.0,0.0038996258072092212
735,stimulus,45,1,5,1,0,-1.0,-1.0,1,0,1,0,0.0,0.0038996258072092212
736,stimulus,45,4,3,0,1,1.0,1.0,0,nan,nan,nan,0.0,0.0038996258072092212
737,stimulus,45,6,2,0,0,-1.0,-1.0,1,1,0,0,0.0003996291894282235,0.0038996258072092212
738,stimulus,45,0,5,1,0,-1.0,-1.0,1,0,1,0,0.0,0.0038996258072092212
739,stimulus,45,2,5,1,0,-1.0,-1.0,1,0,1,0,0.0,0.0038996258072092212
740,stimulus,45,3,5,1,0,-1.0,-1.0,1,0,1,0,9.76720350921151e-05,0.003997297842301338
741,stimulus,45,0,5,1,0,-1.0,-1.0,1,0,1,0,0.0,0.003997297842301338
742,stimulus,45,1,3,0,0,-1.0,-1.0,1,0,1,0,0.0,0.003997297842301338
743,stimulus,45,5,3,0,0,-1.0,-1.0,1,0,1,0,0.0,0.003997297842301338
744,stimulus,45,6,3,0,0,-1.0,-1.0,1,0,1,0,0.0,0.003997297842301338
745,stimulus,45,4,3,0,1,1.0,1.0,0,nan,nan,nan,0.0,0.003997297842301338
746,stimulus,45,0,2,0,0,-1.0,-1.0,1,1,0,0,0.0,0.003997297842301338
747,stimulus,45,8,3,0,0,-1.0,-1.0,1,0,1,0,0.0,0.003997297842301338
748,stimulus,45,8,5,1,0,-1.0,-1.0,1,0,1,0,0.0,0.003997297842301338
749,stimulus,45,2,3,0,1,1.0,1.0,0,nan,nan,nan,0.0,0.003997297842301338
750,stimulus,45,2,4,1,0,-1.0,-1.0,1,1,0,0,9.76720350921151e-05,0.004094969877393452
751,stimulus,45,1,3,0,0,-1.0,-1.0,1,0,1,0,0.0,0.004094969877393452
752,stimulus,45,6,3,0,0,-1.0,-1.0,1,0,1,0,0.0,0.004094969877393452
753,stimulus,45,4,5,1,1,1.0,1.0,0,nan,nan,nan,0.0,0.004094969877393452
754,stimulus,45,0,6,1,0,-1.0,-1.0,1,1,0,0,0.0,0.004094969877393452
755,stimulus,45,7,3,0,0,-1.0,-1.0,1,0,1,0,0.0003996291894282235,0.004094969877393452
756,stimulus,45,4,5,1,1,1.0,1.0,0,nan,nan,nan,0.0,0.004094969877393452
757,stimulus,45,4,6,1,0,-1.0,-1.0,1,1,0,0,0.00011192610341451545,0.004206895980807969
758,stimulus,45,0,5,1,0,-1.0,-1.0,1,0,1,0,0.0,0.004206895980807969
759,stimulus,45,5,3,0,0,-1.0,-1.0,1,0,1,0,0.0,0.004206895980807969
760,stimulus,45,2,3,0,1,1.0,1.0,0,nan,nan,nan,0.0,0.004206895980807969
761,stimulus,45,1,4,1,0,-1.0,-1.0,1,1,0,0,0.0,0.004206895980807969
762,stimulus,45,4,3,0,1,1.0,1.0,0,nan,nan,nan,0.0,0.004206895980807969
763,stimulus,45,6,4,1,0,-1.0,-1.0,1,1,0,0,0.0003996291894282235,0.004206895980807969
764,stimulus,45,7,3,0,0,-1.0,-1.0,1,0,1,0,0.0003996291894282235,0.004206895980807969
765,stimulus,45,4,5,1,1,1.0,1.0,0,nan,nan,nan,0.0,0.004206895980807969
766,stimulus,45,6,4,0,0,-1.0,-1.0,1,1,0,0,0.0,0.004206895980807969
767,stimulus,45,4,3,0,1,1.0,1.0,0,nan,nan,nan,0.0,0.004206895980807969
768,stimulus,45,3,2,0,1,1.0,1.0,0,nan,nan,nan,0.0,0.004206895980807969
769,stimulus,45,8,3,1,0,-1.0,-1.0,1,2,0,0,0.0,0.004206895980807969
770,stimulus,45,1,3,0,0,-1.0,-1.0,1,0,1,0,0.0,0.004206895980807969
771,stimulus,45,7,3,0,0,-1.0,-1.0,1,0,1,0,0.0003996291894282235,0.004206895980807969
772,stimulus,45,8,5,1,0,-1.0,-1.0,1,0,1,0,0.0,0.004206895980807969
773,stimulus,45,2,3,0,1,1.0,1.0,0,nan,nan,nan,0.0,0.004206895980807969
774,stimulus,45,7,2,0,0,-1.0,-1.0,1,1,0,0,0.0,0.004206895980807969
775,stimulus,45,3,5,1,0,-1.0,-1.0,1,0,1,0,0.00011192610341451545,0.004318822084222483
776,stimulus,45,6,5,1,1,1.0,1.0,0,nan,nan,nan,0.0,0.004318822084222483
777,stimulus,45,2,4,0,0,-1.0,-1.0,1,1,0,0,0.0,0.004318822084222483
778,stimulus,45,6,3,0,0,-1.0,-1.0,1,0,1,0,0.0,0.004318822084222483
779,stimulus,45,1,3,0,0,-1.0,-1.0,1,0,1,0,0.0,0.004318822084222483
780,stimulus,45,4,3,0,1,1.0,1.0,0,nan,nan,nan,0.0,0.004318822084222483
781,stimulus,45,8,2,0,0,-1.0,-1.0,1,1,0,0,0.0,0.004318822084222483
782,stimulus,45,2,3,0,1,1.0,1.0,0,nan,nan,nan,0.0,0.004318822084222483
783,stimulus,45,0,4,1,0,-1.0,-1.0,1,1,0,0,0.0,0.004318822084222483
784,stimulus,45,1,3,0,0,-1.0,-1.0,1,0,1,0,0.0,0.004318822084222483
785,stimulus,45,2,5,1,0,-1.0,-1.0,1,0,1,0,0.0,0.004318822084222483
786,stimulus,45,6,3,0,0,-1.0,-1.0,1,0,1,0,0.0,0.004318822084222483
787,stimulus,45,3,5,1,0,-1.0,-1.0,1,0,1,0,0.00011192610341451545,0.004430748187637
788,stimulus,45,7,3,0,0,-1.0,-1.0,1,0,1,0,0.0003996291894282235,0.004430748187637
789,stimulus,45,3,5,1,0,-1.0,-1.0,1,0,1,0,0.00013460757081971842,0.004565355758456717
790,stimulus,45,0,3,0,0,-1.0,-1.0,1,0,1,0,0.0,0.004565355758456717
791,stimulus,45,6,3,0,0,-1.0,-1.0,1,0,1,0,0.0,0.004565355758456717
792,stimulus,45,1,3,0,0,-1.0,-1.0,1,0,1,0,0.0,0.004565355758456717
793,stimulus,45,0,3,0,0,-1.0,-1.0,1,0,1,0,0.0,0.004565355758456717
794,stimulus,45,8,5,1,0,-1.0,-1.0,1,0,1,0,0.0,0.004565355758456717
795,stimulus,45,6,3,0,0,-1.0,-1.0,1,0,1,0,0.0,0.004565355758456717
796,stimulus,45,8,5,1,0,-1.0,-1.0,1,0,1,0,0.0,0.004565355758456717
797,stimulus,45,2,5,1,0,-1.0,-1.0,1,0,1,0,0.0,0.004565355758456717
798,stimulus,45,4,3,0,1,1.0,1.0,0,nan,nan,nan,0.0,0.004565355758456717
799,stimulus,45,2,4,1,0,-1.0,-1.0,1,1,0,0,0.00013460757081971842,0.0046999633292764366
800,stimulus,45,0,5,1,0,-1.0,-1.0,1,0,1,0,0.0,0.0046999633292764366
801,stimulus,45,5,5,1,1,1.0,1.0,0,nan,nan,nan,0.0,0.0046999633292764366
802,stimulus,45,7,4,0,0,-1.0,-1.0,1,1,0,0,0.0,0.0046999633292764366
803,stimulus,45,7,3,0,0,-1.0,-1.0,1,0,1,0,0.0003996291894282235,0.0046999633292764366
804,stimulus,45,3,5,1,0,-1.0,-1.0,1,0,1,0,0.00013460757081971842,0.004834570900096154
805,stimulus,45,0,5,1,0,-1.0,-1.0,1,0,1,0,0.0,0.004834570900096154
806,stimulus,45,5,3,0,0,-1.0,-1.0,1,0,1,0,0.0,0.004834570900096154
807,stimulus,45,0,3,0,0,-1.0,-1.0,1,0,1,0,0.0,0.004834570900096154
808,stimulus,45,5,3,0,0,-1.0,-1.0,1,0,1,0,0.0,0.004834570900096154
809,stimulus,45,1,5,1,0,-1.0,-1.0,1,0,1,0,0.0,0.004834570900096154
810,stimulus,45,3,5,1,0,-1.0,-1.0,1,0,1,0,0.00012640130812300882,0.0049609722082191625
811,stimulus,45,6,5,1,1,1.0,1.0,0,nan,nan,nan,0.0,0.0049609722082191625
812,stimulus,45,7,4,0,0,-1.0,-1.0,1,1,0,0,0.0,0.0049609722082191625
813,stimulus,45,5,5,1,1,1.0,1.0,0,nan,nan,nan,0.0,0.0049609722082191625
814,stimulus,45,3,4,0,1,1.0,1.0,0,nan,nan,nan,0.0,0.0049609722082191625
815,stimulus,45,6,3,0,0,-1.0,-1.0,1,2,0,0,0.0,0.0049609722082191625
816,stimulus,45,6,5,1,1,1.0,1.0,0,nan,nan,nan,0.0,0.0049609722082191625
817,stimulus,45,8,4,0,0,-1.0,-1.0,1,1,0,0,0.0003996291894282235,0.0049609722082191625
818,stimulus,45,8,3,0,0,-1.0,-1.0,1,0,1,0,0.0,0.0049609722082191625
819,stimulus,45,8,3,0,0,-1.0,-1.0,1,0,1,0,0.0,0.0049609722082191625
820,stimulus,45,8,3,0,0,-1.0,-1.0,1,0,1,0,0.0,0.0049609722082191625
821,stimulus,45,7,3,0,0,-1.0,-1.0,1,0,1,0,0.0003996291894282235,0.0049609722082191625
822,stimulus,45,0,5,1,0,-1.0,-1.0,1,0,1,0,0.0,0.0049609722082191625
823,stimulus,45,8,3,0,0,-1.0,-1.0,1,0,1,0,0.0,0.0049609722082191625
824,stimulus,45,0,5,1,0,-1.0,-1.0,1,0,1,0,0.0,0.0049609722082191625
825,stimulus,45,4,5,1,1,1.0,1.0,0,nan,nan,nan,0.0,0.0049609722082191625
826,stimulus,45,0,4,0,0,-1.0,-1.0,1,1,0,0,0.0,0.0049609722082191625
827,stimulus,45,3,5,1,0,-1.0,-1.0,1,0,1,0,0.00012640130812300882,0.005087373516342171
828,stimulus,45,0,3,0,0,-1.0,-1.0,1,0,1,0,0.0,0.005087373516342171
829,stimulus,45,4,5,1,1,1.0,1.0,0,nan,nan,nan,0.0,0.005087373516342171
830,stimulus,45,7,6,1,1,1.0,1.0,0,nan,nan,nan,0.0,0.005087373516342171
831,stimulus,45,1,7,1,0,-1.0,-1.0,1,2,0,0,0.0,0.005087373516342171
832,stimulus,45,6,5,1,1,1.0,1.0,0,nan,nan,nan,0.0,0.005087373516342171
833,stimulus,45,8,4,0,0,-1.0,-1.0,1,1,0,0,0.0003996291894282235,0.005087373516342171
834,stimulus,45,8,5,1,0,-1.0,-1.0,1,0,1,0,0.0,0.005087373516342171
835,stimulus,45,4,3,0,1,1.0,1.0,0,nan,nan,nan,0.0,0.005087373516342171
836,stimulus,45,7,4,1,0,-1.0,-1.0,1,1,0,0,0.0,0.005087373516342171
837,stimulus,45,2,3,0,1,1.0,1.0,0,nan,nan,nan,0.0,0.005087373516342171
838,stimulus,45,5,4,1,1,1.0,1.0,0,nan,nan,nan,0.0,0.005087373516342171
839,stimulus,45,8,3,0,0,-1.0,-1.0,1,2,0,0,0.0,0.005087373516342171
840,stimulus,45,1,3,0,0,-1.0,-1.0,1,0,1,0,0.0,0.005087373516342171
841,stimulus,45,8,5,1,0,-1.0,-1.0,1,0,1,0,0.0,0.005087373516342171
842,stimulus,45,4,5,1,1,1.0,1.0,0,nan,nan,nan,0.0,0.005087373516342171
843,stimulus,45,5,4,0,1,1.0,1.0,0,nan,nan,nan,0.0,0.005087373516342171
844,stimulus,45,6,5,1,1,1.0,1.0,0,nan,nan,nan,0.0,0.005087373516342171
845,stimulus,45,1,4,0,0,-1.0,-1.0,1,3,0,1,0.0,0.005087373516342171
846,stimulus,45,1,5,1,0,-1.0,-1.0,1,0,1,0,0.0,0.005087373516342171
847,stimulus,45,1,5,1,0,-1.0,-1.0,1,0,1,0,0.0,0.005087373516342171
848,stimulus,45,6,3,0,0,-1.0,-1.0,1,0,1,0,0.0,0.005087373516342171
849,stimulus,45,2,3,0,1,1.0,1.0,0,nan,nan,nan,0.0,0.005087373516342171
850,stimulus,45,1,2,0,1,1.0,1.0,0,nan,nan,nan,0.0,0.005087373516342171
851,stimulus,45,0,3,1,0,-1.0,-1.0,1,2,0,0,0.0,0.005087373516342171
852,stimulus,45,8,3,0,0,-1.0,-1.0,1,0,1,0,0.0,0.005087373516342171
853,stimulus,45,3,5,1,0,-1.0,-1.0,1,0,1,0,0.00012640130812300882,0.005213774824465179
854,stimulus,45,1,3,0,0,-1.0,-1.0,1,0,1,0,0.0,0.005213774824465179
855,stimulus,45,2,3,0,1,1.0,1.0,0,nan,nan,nan,0.0,0.005213774824465179
856,stimulus,45,7,2,0,0,-1.0,-1.0,1,1,0,0,0.0,0.005213774824465179
857,stimulus,45,6,3,0,0,-1.0,-1.0,1,0,1,0,0.0,0.005213774824465179
858,stimulus,45,0,5,1,0,-1.0,-1.0,1,0,1,0,0.0,0.005213774824465179
859,stimulus,45,2,3,0,1,1.0,1.0,0,nan,nan,nan,0.0,0.005213774824465179
860,stimulus,45,5,4,1,1,1.0,1.0,0,nan,nan,nan,0.0,0.005213774824465179
861,stimulus,45,4,5,1,1,1.0,1.0,0,nan,nan,nan,0.0,0.005213774824465179
862,stimulus,45,0,6,1,0,-1.0,-1.0,1,3,0,1,0.0,0.005213774824465179
863,stimulus,45,2,3,0,1,1.0,1.0,0,nan,nan,nan,0.0,0.005213774824465179
864,stimulus,45,5,4,1,1,1.0,1.0,0,nan,nan,nan,0.0,0.005213774824465179
865,stimulus,45,1,3,0,0,-1.0,-1.0,1,2,0,0,0.0,0.005213774824465179
866,stimulus,45,6,5,1,1,1.0,1.0,0,nan,nan,nan,0.0,0.005213774824465179
867,stimulus,45,6,6,1,1,1.0,1.0,0,nan,nan,nan,0.0,0.005213774824465179
868,stimulus,45,7,7,1,1,1.0,1.0,0,nan,nan,nan,0.0,0.005213774824465179
869,stimulus,45,4,8,1,0,-1.0,-1.0,1,3,0,1,0.0,0.005213774824465179
870,stimulus,45,6,3,0,0,-1.0,-1.0,1,0,1,0,0.0,0.005213774824465179
871,stimulus,45,6,5,1,1,1.0,1.0,0,nan,nan,nan,0.0,0.005213774824465179
872,stimulus,45,8,4,0,0,-1.0,-1.0,1,1,0,0,0.0003996291894282235,0.005213774824465179
873,stimulus,45,6,5,1,1,1.0,1.0,0,nan,nan,nan,0.0,0.005213774824465179
874,stimulus,45,1,4,0,0,-1.0,-1.0,1,1,0,0,0.0,0.005213774824465179
875,stimulus,45,2,5,1,0,-1.0,-1.0,1,0,1,0,0.0,0.005213774824465179
876,stimulus,45,7,3,0,0,-1.0,-1.0,1,0,1,0,0.0003996291894282235,0.005213774824465179
877,stimulus,45,8,5,1,0,-1.0,-1.0,1,0,1,0,0.0,0.005213774824465179
878,stimulus,45,5,5,1,1,1.0,1.0,0,nan,nan,nan,0.0,0.005213774824465179
879,stimulus,45,4,6,1,0,-1.0,-1.0,1,1,0,0,0.00012640130812300882,0.005340176132588188
880,stimulus,45,6,5,1,1,1.0,1.0,0,nan,nan,nan,0.0,0.005340176132588188
881,stimulus,45,5,4,0,1,1.0,1.0,0,nan,nan,nan,0.0,0.005340176132588188
882,stimulus,45,3,3,0,1,1.0,1.0,0,nan,nan,nan,0.00013254880891139673,0.005207627323676793
883,stimulus,45,4,4,1,1,1.0,1.0,0,nan,nan,nan,0.0,0.005207627323676793
884,stimulus,45,3,5,1,0,-1.0,-1.0,1,4,0,1,0.00012640130812300882,0.005334028631799802
885,stimulus,45,0,5,1,0,-1.0,-1.0,1,0,1,0,0.0,0.005334028631799802
886,stimulus,45,6,5,1,1,1.0,1.0,0,nan,nan,nan,0.0,0.005334028631799802
887,stimulus,45,8,4,0,0,-1.0,-1.0,1,1,0,0,0.0003996291894282235,0.005334028631799802
888,stimulus,45,6,5,1,1,1.0,1.0,0,nan,nan,nan,0.0,0.005334028631799802
889,stimulus,45,7,4,0,0,-1.0,-1.0,1,1,0,0,0.0,0.005334028631799802
890,stimulus,45,3,5,1,0,-1.0,-1.0,1,0,1,0,0.00013254880891139673,0.005466577440711197
891,stimulus,45,7,3,0,0,-1.0,-1.0,1,0,1,0,0.0003996291894282235,0.005466577440711197
892,stimulus,45,1,3,0,0,-1.0,-1.0,1,0,1,0,0.0,0.005466577440711197
893,stimulus,45,3,5,1,0,-1.0,-1.0,1,0,1,0,0.00013254880891139673,0.005599126249622595
894,stimulus,45,6,3,0,0,-1.0,-1.0,1,0,1,0,0.0,0.005599126249622595
895,stimulus,45,1,3,0,0,-1.0,-1.0,1,0,1,0,0.0,0.005599126249622595
896,stimulus,45,2,5,1,0,-1.0,-1.0,1,0,1,0,0.0,0.005599126249622595
897,stimulus,45,4,3,0,1,1.0,1.0,0,nan,nan,nan,0.0,0.005599126249622595
898,stimulus,45,1,2,0,1,1.0,1.0,0,nan,nan,nan,0.0,0.005599126249622595
899,stimulus,45,2,3,1,1,1.0,1.0,0,nan,nan,nan,0.0,0.005599126249622595
900,stimulus,45,8,2,0,0,-1.0,-1.0,1,3,0,1,0.0,0.005599126249622595
901,stimulus,45,1,5,1,0,-1.0,-1.0,1,0,1,0,0.0,0.005599126249622595
902,stimulus,45,4,3,0,1,1.0,1.0,0,nan,nan,nan,0.0,0.005599126249622595
903,stimulus,45,3,4,1,1,1.0,1.0,0,nan,nan,nan,0.0,0.005599126249622595
904,stimulus,45,2,3,0,1,1.0,1.0,0,nan,nan,nan,0.0,0.005599126249622595
905,stimulus,45,3,4,1,1,1.0,1.0,0,nan,nan,nan,0.0,0.005599126249622595
906,stimulus,45,0,3,0,0,-1.0,-1.0,1,4,0,1,0.0,0.005599126249622595
907,stimulus,45,0,3,0,0,-1.0,-1.0,1,0,1,0,0.0,0.005599126249622595
908,stimulus,45,2,3,0,1,1.0,1.0,0,nan,nan,nan,0.0,0.005599126249622595
909,stimulus,45,5,4,1,1,1.0,1.0,0,nan,nan,nan,0.0,0.005599126249622595
910,stimulus,45,2,5,1,0,-1.0,-1.0,1,2,0,0,0.0,0.005599126249622595
911,stimulus,45,0,5,1,0,-1.0,-1.0,1,0,1,0,0.0,0.005599126249622595
912,stimulus,45,2,3,0,1,1.0,1.0,0,nan,nan,nan,0.0,0.005599126249622595
913,stimulus,45,0,4,1,0,-1.0,-1.0,1,1,0,0,0.0,0.005599126249622595
914,stimulus,45,7,3,0,0,-1.0,-1.0,1,0,1,0,0.0003996291894282235,0.005599126249622595
915,stimulus,45,5,5,1,1,1.0,1.0,0,nan,nan,nan,0.0,0.005599126249622595
916,stimulus,45,2,4,0,0,-1.0,-1.0,1,1,0,0,0.0,0.005599126249622595
917,stimulus,45,6,3,0,0,-1.0,-1.0,1,0,1,0,0.0,0.005599126249622595
918,stimulus,45,4,5,1,1,1.0,1.0,0,nan,nan,nan,0.0,0.005599126249622595
919,stimulus,45,2,4,0,0,-1.0,-1.0,1,1,0,0,0.0,0.005599126249622595
920,stimulus,45,7,3,0,0,-1.0,-1.0,1,0,1,0,0.0003996291894282235,0.005599126249622595
921,stimulus,45,8,3,0,0,-1.0,-1.0,1,0,1,0,0.0,0.005599126249622595
922,stimulus,45,5,3,0,0,-1.0,-1.0,1,0,1,0,0.0,0.005599126249622595
923,stimulus,45,7,3,0,0,-1.0,-1.0,1,0,1,0,0.0003996291894282235,0.005599126249622595
924,stimulus,45,1,3,0,0,-1.0,-1.0,1,0,1,0,0.0,0.005599126249622595
925,stimulus,45,0,5,1,0,-1.0,-1.0,1,0,1,0,0.0,0.005599126249622595
926,stimulus,45,5,3,0,0,-1.0,-1.0,1,0,1,0,0.0,0.005599126249622595
927,stimulus,45,0,3,0,0,-1.0,-1.0,1,0,1,0,0.0,0.005599126249622595
928,stimulus,45,6,3,0,0,-1.0,-1.0,1,0,1,0,0.0,0.005599126249622595
929,stimulus,45,1,3,0,0,-1.0,-1.0,1,0,1,0,0.0,0.005599126249622595
930,stimulus,45,3,5,1,0,-1.0,-1.0,1,0,1,0,0.00013254880891139673,0.0057316750585339905
931,stimulus,45,0,3,0,0,-1.0,-1.0,1,0,1,0,0.0,0.0057316750585339905
932,stimulus,45,8,5,1,0,-1.0,-1.0,1,0,1,0,0.0,0.0057316750585339905
933,stimulus,45,8,5,1,0,-1.0,-1.0,1,0,1,0,0.0,0.0057316750585339905
934,stimulus,45,5,5,1,1,1.0,1.0,0,nan,nan,nan,0.0,0.0057316750585339905
935,stimulus,45,4,6,1,0,-1.0,-1.0,1,1,0,0,0.00013254880891139673,0.005864223867445388
936,stimulus,45,5,5,1,1,1.0,1.0,0,nan,nan,nan,0.0,0.005864223867445388
937,stimulus,45,1,6,1,0,-1.0,-1.0,1,1,0,0,0.0,0.005864223867445388
938,stimulus,45,6,3,0,0,-1.0,-1.0,1,0,1,0,0.0,0.005864223867445388
939,stimulus,45,3,5,1,0,-1.0,-1.0,1,0,1,0,0.00013254880891139673,0.005996772676356786
940,stimulus,45,6,3,0,0,-1.0,-1.0,1,0,1,0,0.0,0.005996772676356786
941,stimulus,45,4,5,1,1,1.0,1.0,0,nan,nan,nan,0.0,0.005996772676356786
942,stimulus,45,6,4,0,0,-1.0,-1.0,1,1,0,0,0.0,0.005996772676356786
943,stimulus,45,4,3,0,1,1.0,1.0,0,nan,nan,nan,0.0,0.005996772676356786
944,stimulus,45,3,2,0,1,1.0,1.0,0,nan,nan,nan,0.0,0.005996772676356786
945,stimulus,45,0,1,0,1,1.0,1.0,0,nan,nan,nan,0.0,0.005996772676356786
946,stimulus,45,5,0,0,0,-1.0,-1.0,1,3,0,1,0.0,0.005996772676356786
947,stimulus,45,1,5,1,0,-1.0,-1.0,1,0,1,0,0.0,0.005996772676356786
948,stimulus,45,5,5,1,1,1.0,1.0,0,nan,nan,nan,0.0,0.005996772676356786
949,stimulus,45,0,6,1,0,-1.0,-1.0,1,1,0,0,0.0,0.005996772676356786
950,stimulus,45,0,5,1,0,-1.0,-1.0,1,0,1,0,0.0,0.005996772676356786
951,stimulus,45,8,3,0,0,-1.0,-1.0,1,0,1,0,0.0,0.005996772676356786
952,stimulus,45,3,5,1,0,-1.0,-1.0,1,0,1,0,0.00016403014906133027,0.006160802825418114
953,stimulus,45,8,5,1,0,-1.0,-1.0,1,0,1,0,0.0,0.006160802825418114
954,stimulus,45,6,3,0,0,-1.0,-1.0,1,0,1,0,0.0,0.006160802825418114
955,stimulus,45,7,3,0,0,-1.0,-1.0,1,0,1,0,0.0003996291894282235,0.006160802825418114
956,stimulus,45,6,5,1,1,1.0,1.0,0,nan,nan,nan,0.0,0.006160802825418114
957,stimulus,45,1,4,0,0,-1.0,-1.0,1,1,0,0,0.0,0.006160802825418114
958,stimulus,45,2,5,1,0,-1.0,-1.0,1,0,1,0,0.0,0.006160802825418114
959,stimulus,45,6,5,1,1,1.0,1.0,0,nan,nan,nan,0.0,0.006160802825418114
960,stimulus,45,6,4,0,0,-1.0,-1.0,1,1,0,0,0.0,0.006160802825418114
961,stimulus,45,6,3,0,0,-1.0,-1.0,1,0,1,0,0.0,0.006160802825418114
962,stimulus,45,4,3,0,1,1.0,1.0,0,nan,nan,nan,0.0,0.006160802825418114
963,stimulus,45,8,4,1,0,-1.0,-1.0,1,1,0,0,0.0,0.006160802825418114
964,stimulus,45,7,3,0,0,-1.0,-1.0,1,0,1,0,0.0003996291894282235,0.006160802825418114
965,stimulus,45,7,3,0,0,-1.0,-1.0,1,0,1,0,0.0003996291894282235,0.006160802825418114
966,stimulus,45,7,3,0,0,-1.0,-1.0,1,0,1,0,0.0003996291894282235,0.006160802825418114
967,stimulus,45,4,3,0,1,1.0,1.0,0,nan,nan,nan,0.0,0.006160802825418114
968,stimulus,45,4,4,1,1,1.0,1.0,0,nan,nan,nan,0.0,0.006160802825418114
969,stimulus,45,3,5,1,0,-1.0,-1.0,1,2,0,0,0.00016403014906133027,0.006324832974479442
970,stimulus,45,5,3,0,0,-1.0,-1.0,1,0,1,0,0.0,0.006324832974479442
971,stimulus,45,0,3,0,0,-1.0,-1.0,1,0,1,0,0.0,0.006324832974479442
972,stimulus,45,7,3,0,0,-1.0,-1.0,1,0,1,0,0.0003996291894282235,0.006324832974479442
973,stimulus,45,7,3,0,0,-1.0,-1.0,1,0,1,0,0.0003996291894282235,0.006324832974479442
974,stimulus,45,5,3,0,0,-1.0,-1.0,1,0,1,0,0.0,0.006324832974479442
975,stimulus,45,5,5,1,1,1.0,1.0,0,nan,nan,nan,0.0,0.006324832974479442
976,stimulus,45,3,4,0,1,1.0,1.0,0,nan,nan,nan,0.0,0.006324832974479442
977,stimulus,45,0,5,1,0,-1.0,-1.0,1,2,0,0,0.0,0.006324832974479442
978,stimulus,45,6,3,0,0,-1.0,-1.0,1,0,1,0,0.0,0.006324832974479442
979,stimulus,45,7,3,0,0,-1.0,-1.0,1,0,1,0,0.0003996291894282235,0.006324832974479442
980,stimulus,45,4,3,0,1,1.0,1.0,0,nan,nan,nan,0.0,0.006324832974479442
981,stimulus,45,6,2,0,0,-1.0,-1.0,1,1,0,0,0.0003996291894282235,0.006324832974479442
982,stimulus,45,6,3,0,0,-1.0,-1.0,1,0,1,0,0.0,0.006324832974479442
983,stimulus,45,4,3,0,1,1.0,1.0,0,nan,nan,nan,0.0,0.006324832974479442
984,stimulus,45,8,4,1,0,-1.0,-1.0,1,1,0,0,0.0,0.006324832974479442
985,stimulus,45,4,5,1,1,1.0,1.0,0,nan,nan,nan,0.0,0.006324832974479442
986,stimulus,45,6,4,0,0,-1.0,-1.0,1,1,0,0,0.0,0.006324832974479442
987,stimulus,45,2,5,1,0,-1.0,-1.0,1,0,1,0,0.0,0.006324832974479442
988,stimulus,45,1,5,1,0,-1.0,-1.0,1,0,1,0,0.0,0.006324832974479442
989,stimulus,45,6,3,0,0,-1.0,-1.0,1,0,1,0,0.0,0.006324832974479442
990,stimulus,45,6,3,0,0,-1.0,-1.0,1,0,1,0,0.0,0.006324832974479442
991,stimulus,45,5,5,1,1,1.0,1.0,0,nan,nan,nan,0.0,0.006324832974479442
992,stimulus,45,5,4,0,1,1.0,1.0,0,nan,nan,nan,0.0,0.006324832974479442
993,stimulus,45,5,3,0,0,-1.0,-1.0,1,2,0,0,0.0,0.006324832974479442
994,stimulus,45,8,5,1,0,-1.0,-1.0,1,0,1,0,0.0,0.006324832974479442
995,stimulus,45,5,3,0,0,-1.0,-1.0,1,0,1,0,0.0,0.006324832974479442
996,stimulus,45,6,5,1,1,1.0,1.0,0,nan,nan,nan,0.0,0.006324832974479442
997,stimulus,45,5,6,1,1,1.0,1.0,0,nan,nan,nan,0.0,0.006324832974479442
998,stimulus,45,6,5,0,1,1.0,1.0,0,nan,nan,nan,0.0,0.006324832974479442
999,stimulus,45,0,4,0,0,-1.0,-1.0,1,3,0,1,0.0,0.006324832974479442
1000,stimulus,45,6,3,0,0,-1.0,-1.0,1,0,1,0,0.0,0.006324832974479442
1001,stimulus,45,0,3,0,0,-1.0,-1.0,1,0,1,0,0.0,0.006324832974479442
1002,stimulus,45,7,3,0,0,-1.0,-1.0,1,0,1,0,0.0003996291894282235,0.006324832974479442
1003,stimulus,45,3,5,1,0,-1.0,-1.0,1,0,1,0,0.00016403014906133027,0.006488863123540774
1004,stimulus,45,0,3,0,0,-1.0,-1.0,1,0,1,0,0.0,0.006488863123540774
1005,stimulus,45,1,3,0,0,-1.0,-1.0,1,0,1,0,0.0,0.006488863123540774
1006,stimulus,45,2,3,0,1,1.0,1.0,0,nan,nan,nan,0.0,0.006488863123540774
1007,stimulus,45,0,4,1,0,-1.0,-1.0,1,1,0,0,0.0,0.006488863123540774
1008,stimulus,45,7,3,0,0,-1.0,-1.0,1,0,1,0,0.0003996291894282235,0.006488863123540774
1009,stimulus,45,5,5,1,1,1.0,1.0,0,nan,nan,nan,0.0,0.006488863123540774
1010,stimulus,45,4,4,0,1,1.0,1.0,0,nan,nan,nan,0.00016403014906133027,0.006324832974479442
1011,stimulus,45,4,3,0,1,1.0,1.0,0,nan,nan,nan,0.0,0.006324832974479442
1012,stimulus,45,4,2,0,0,-1.0,-1.0,1,3,0,1,0.0,0.006324832974479442
1013,stimulus,45,8,5,1,0,-1.0,-1.0,1,0,1,0,0.0,0.006324832974479442
1014,stimulus,45,5,5,1,1,1.0,1.0,0,nan,nan,nan,0.0,0.006324832974479442
1015,stimulus,45,1,6,1,0,-1.0,-1.0,1,1,0,0,0.0,0.006324832974479442
1016,stimulus,45,3,5,1,0,-1.0,-1.0,1,0,1,0,0.00016403014906133027,0.006488863123540774
1017,stimulus,45,2,5,1,0,-1.0,-1.0,1,0,1,0,0.0,0.006488863123540774
1018,stimulus,45,1,3,0,0,-1.0,-1.0,1,0,1,0,0.0,0.006488863123540774
1019,stimulus,45,3,5,1,0,-1.0,-1.0,1,0,1,0,0.00016403014906133027,0.006652893272602105
1020,stimulus,45,4,5,1,1,1.0,1.0,0,nan,nan,nan,0.0,0.006652893272602105
1021,stimulus,45,0,6,1,0,-1.0,-1.0,1,1,0,0,0.0,0.006652893272602105
1022,stimulus,45,6,3,0,0,-1.0,-1.0,1,0,1,0,0.0,0.006652893272602105
1023,stimulus,45,0,5,1,0,-1.0,-1.0,1,0,1,0,0.0,0.006652893272602105
1024,stimulus,45,7,3,0,0,-1.0,-1.0,1,0,1,0,0.0003996291894282235,0.006652893272602105
1025,stimulus,45,0,3,0,0,-1.0,-1.0,1,0,1,0,0.0,0.006652893272602105
1026,stimulus,45,0,5,1,0,-1.0,-1.0,1,0,1,0,0.0,0.006652893272602105
1027,stimulus,45,5,5,1,1,1.0,1.0,0,nan,nan,nan,0.0,0.006652893272602105
1028,stimulus,45,3,6,1,0,-1.0,-1.0,1,1,0,0,0.0,0.006652893272602105
1029,stimulus,45,7,3,0,0,-1.0,-1.0,1,0,1,0,0.0003996291894282235,0.006652893272602105
1030,stimulus,45,6,3,0,0,-1.0,-1.0,1,0,1,0,0.0,0.006652893272602105
1031,stimulus,45,4,3,0,1,1.0,1.0,0,nan,nan,nan,0.0,0.006652893272602105
1032,stimulus,45,0,4,1,0,-1.0,-1.0,1,1,0,0,0.0,0.006652893272602105
1033,stimulus,45,6,3,0,0,-1.0,-1.0,1,0,1,0,0.0,0.006652893272602105
1034,stimulus,45,8,3,0,0,-1.0,-1.0,1,0,1,0,0.0,0.006652893272602105
1035,stimulus,45,7,3,0,0,-1.0,-1.0,1,0,1,0,0.0003996291894282235,0.006652893272602105
1036,stimulus,45,7,3,0,0,-1.0,-1.0,1,0,1,0,0.0003996291894282235,0.006652893272602105
1037,stimulus,45,0,3,0,0,-1.0,-1.0,1,0,1,0,0.0,0.006652893272602105
1038,stimulus,45,7,3,0,0,-1.0,-1.0,1,0,1,0,0.0003996291894282235,0.006652893272602105
1039,stimulus,45,1,5,1,0,-1.0,-1.0,1,0,1,0,0.0,0.006652893272602105
1040,stimulus,45,1,5,1,0,-1.0,-1.0,1,0,1,0,0.0,0.006652893272602105
1041,stimulus,45,5,5,1,1,1.0,1.0,0,nan,nan,nan,0.0,0.006652893272602105
1042,stimulus,45,7,4,0,0,-1.0,-1.0,1,1,0,0,0.0,0.006652893272602105
1043,stimulus,45,0,3,0,0,-1.0,-1.0,1,0,1,0,0.0,0.006652893272602105
1044,stimulus,45,8,5,1,0,-1.0,-1.0,1,0,1,0,0.0,0.006652893272602105
1045,stimulus,45,8,5,1,0,-1.0,-1.0,1,0,1,0,0.0,0.006652893272602105
1046,stimulus,45,5,3,0,0,-1.0,-1.0,1,0,1,0,0.0,0.006652893272602105
1047,stimulus,45,6,3,0,0,-1.0,-1.0,1,0,1,0,0.0,0.006652893272602105
1048,stimulus,45,7,5,1,0,-1.0,-1.0,1,0,1,0,0.0003996291894282235,0.006652893272602105
1049,stimulus,45,7,5,1,0,-1.0,-1.0,1,0,1,0,0.0003996291894282235,0.006652893272602105
1050,stimulus,45,4,3,0,1,1.0,1.0,0,nan,nan,nan,0.0,0.006652893272602105
1051,stimulus,45,6,2,0,0,-1.0,-1.0,1,1,0,0,0.0003996291894282235,0.006652893272602105
1052,stimulus,45,3,5,1,0,-1.0,-1.0,1,0,1,0,0.00016403014906133027,0.006816923421663433
1053,stimulus,45,1,3,0,0,-1.0,-1.0,1,0,1,0,0.0,0.006816923421663433
1054,stimulus,45,6,5,1,1,1.0,1.0,0,nan,nan,nan,0.0,0.006816923421663433
1055,stimulus,45,7,4,0,0,-1.0,-1.0,1,1,0,0,0.0,0.006816923421663433
1056,stimulus,45,1,5,1,0,-1.0,-1.0,1,0,1,0,0.0,0.006816923421663433
1057,stimulus,45,7,3,0,0,-1.0,-1.0,1,0,1,0,0.0003996291894282235,0.006816923421663433
1058,stimulus,45,7,3,0,0,-1.0,-1.0,1,0,1,0,0.0003996291894282235,0.006816923421663433
1059,stimulus,45,0,5,1,0,-1.0,-1.0,1,0,1,0,0.0,0.006816923421663433
1060,stimulus,45,7,5,1,0,-1.0,-1.0,1,0,1,0,0.0003996291894282235,0.006816923421663433
1061,stimulus,45,2,5,1,0,-1.0,-1.0,1,0,1,0,0.0,0.006816923421663433
1062,stimulus,45,7,3,0,0,-1.0,-1.0,1,0,1,0,0.0003996291894282235,0.006816923421663433
1063,stimulus,45,4,3,0,1,1.0,1.0,0,nan,nan,nan,0.0,0.006816923421663433
1064,stimulus,45,4,4,1,1,1.0,1.0,0,nan,nan,nan,0.0,0.006816923421663433
1065,stimulus,45,5,5,1,1,1.0,1.0,0,nan,nan,nan,0.0,0.006816923421663433
1066,stimulus,45,2,6,1,0,-1.0,-1.0,1,3,0,1,0.0,0.006816923421663433
1067,stimulus,45,5,3,0,0,-1.0,-1.0,1,0,1,0,0.0,0.006816923421663433
1068,stimulus,45,8,3,0,0,-1.0,-1.0,1,0,1,0,0.0,0.006816923421663433
1069,stimulus,45,2,5,1,0,-1.0,-1.0,1,0,1,0,0.0,0.006816923421663433
1070,stimulus,45,2,3,0,1,1.0,1.0,0,nan,nan,nan,0.0,0.006816923421663433
1071,stimulus,45,5,2,0,0,-1.0,-1.0,1,1,0,0,0.0,0.006816923421663433
1072,stimulus,45,0,3,0,0,-1.0,-1.0,1,0,1,0,0.0,0.006816923421663433
1073,stimulus,45,1,5,1,0,-1.0,-1.0,1,0,1,0,0.0,0.006816923421663433
1074,stimulus,45,5,5,1,1,1.0,1.0,0,nan,nan,nan,0.0,0.006816923421663433
1075,stimulus,45,1,4,0,0,-1.0,-1.0,1,1,0,0,0.0,0.006816923421663433
1076,stimulus,45,4,5,1,1,1.0,1.0,0,nan,nan,nan,0.0,0.006816923421663433
1077,stimulus,45,5,4,0,1,1.0,1.0,0,nan,nan,nan,0.0,0.006816923421663433
1078,stimulus,45,4,5,1,1,1.0,1.0,0,nan,nan,nan,0.0,0.006816923421663433
1079,stimulus,45,0,4,0,0,-1.0,-1.0,1,3,0,1,0.0,0.006816923421663433
1080,stimulus,45,7,3,0,0,-1.0,-1.0,1,0,1,0,0.0003996291894282235,0.006816923421663433
1081,stimulus,45,8,3,0,0,-1.0,-1.0,1,0,1,0,0.0,0.006816923421663433
1082,stimulus,45,0,3,0,0,-1.0,-1.0,1,0,1,0,0.0,0.006816923421663433
1083,stimulus,45,5,3,0,0,-1.0,-1.0,1,0,1,0,0.0,0.006816923421663433
1084,stimulus,45,5,3,0,0,-1.0,-1.0,1,0,1,0,0.0,0.006816923421663433
1085,stimulus,45,2,3,0,1,1.0,1.0,0,nan,nan,nan,0.0,0.006816923421663433
1086,stimulus,45,6,2,0,0,-1.0,-1.0,1,1,0,0,0.0003996291894282235,0.006816923421663433
1087,stimulus,45,4,3,0,1,1.0,1.0,0,nan,nan,nan,0.0,0.006816923421663433
1088,stimulus,45,7,2,0,0,-1.0,-1.0,1,1,0,0,0.0,0.006816923421663433
1089,stimulus,45,6,5,1,1,1.0,1.0,0,nan,nan,nan,0.0,0.006816923421663433
1090,stimulus,45,4,6,1,0,-1.0,-1.0,1,1,0,0,0.00017713899962048241,0.006994062421283915
1091,stimulus,45,0,5,1,0,-1.0,-1.0,1,0,1,0,0.0,0.006994062421283915
1092,stimulus,45,4,3,0,1,1.0,1.0,0,nan,nan,nan,0.0,0.006994062421283915
1093,stimulus,45,7,2,0,0,-1.0,-1.0,1,1,0,0,0.0,0.006994062421283915
1094,stimulus,45,0,5,1,0,-1.0,-1.0,1,0,1,0,0.0,0.006994062421283915
1095,stimulus,45,6,5,1,1,1.0,1.0,0,nan,nan,nan,0.0,0.006994062421283915
1096,stimulus,45,0,6,1,0,-1.0,-1.0,1,1,0,0,0.0,0.006994062421283915
1097,stimulus,45,3,5,1,0,-1.0,-1.0,1,0,1,0,0.00017713899962048241,0.0071712014209043985
1098,stimulus,45,7,3,0,0,-1.0,-1.0,1,0,1,0,0.0003996291894282235,0.0071712014209043985
1099,stimulus,45,8,3,0,0,-1.0,-1.0,1,0,1,0,0.0,0.0071712014209043985
1100,stimulus,45,3,5,1,0,-1.0,-1.0,1,0,1,0,0.00017713899962048241,0.007348340420524881
1101,stimulus,45,7,3,0,0,-1.0,-1.0,1,0,1,0,0.0003996291894282235,0.007348340420524881
1102,stimulus,45,1,5,1,0,-1.0,-1.0,1,0,1,0,0.0,0.007348340420524881
1103,stimulus,45,3,5,1,0,-1.0,-1.0,1,0,1,0,0.00017713899962048241,0.007525479420145363
1104,stimulus,45,0,5,1,0,-1.0,-1.0,1,0,1,0,0.0,0.007525479420145363
1105,stimulus,45,0,3,0,0,-1.0,-1.0,1,0,1,0,0.0,0.007525479420145363
1106,stimulus,45,0,5,1,0,-1.0,-1.0,1,0,1,0,0.0,0.007525479420145363
1107,stimulus,45,2,5,1,0,-1.0,-1.0,1,0,1,0,0.0,0.007525479420145363
1108,stimulus,45,4,3,0,1,1.0,1.0,0,nan,nan,nan,0.0,0.007525479420145363
1109,stimulus,45,1,4,1,0,-1.0,-1.0,1,1,0,0,0.0,0.007525479420145363
1110,stimulus,45,2,5,1,0,-1.0,-1.0,1,0,1,0,0.0,0.007525479420145363
1111,stimulus,45,5,3,0,0,-1.0,-1.0,1,0,1,0,0.0,0.007525479420145363
1112,stimulus,45,8,3,0,0,-1.0,-1.0,1,0,1,0,0.0,0.007525479420145363
1113,stimulus,45,3,5,1,0,-1.0,-1.0,1,0,1,0,0.00017713899962048241,0.007702618419765846
1114,stimulus,45,6,3,0,0,-1.0,-1.0,1,0,1,0,0.0,0.007702618419765846
1115,stimulus,45,7,3,0,0,-1.0,-1.0,1,0,1,0,0.0003996291894282235,0.007702618419765846
1116,stimulus,45,0,5,1,0,-1.0,-1.0,1,0,1,0,0.0,0.007702618419765846
1117,stimulus,45,4,3,0,1,1.0,1.0,0,nan,nan,nan,0.0,0.007702618419765846
1118,stimulus,45,6,2,0,0,-1.0,-1.0,1,1,0,0,0.0003996291894282235,0.007702618419765846
1119,stimulus,45,7,5,1,0,-1.0,-1.0,1,0,1,0,0.0003996291894282235,0.007702618419765846
1120,stimulus,45,2,3,0,1,1.0,1.0,0,nan,nan,nan,0.0,0.007702618419765846
1121,stimulus,45,8,4,1,0,-1.0,-1.0,1,1,0,0,0.0,0.007702618419765846
1122,stimulus,45,2,3,0,1,1.0,1.0,0,nan,nan,nan,0.0,0.007702618419765846
1123,stimulus,45,1,4,1,0,-1.0,-1.0,1,1,0,0,0.0,0.007702618419765846
1124,stimulus,45,8,5,1,0,-1.0,-1.0,1,0,1,0,0.0,0.007702618419765846
1125,stimulus,45,2,3,0,1,1.0,1.0,0,nan,nan,nan,0.0,0.007702618419765846
1126,stimulus,45,2,4,1,0,-1.0,-1.0,1,1,0,0,0.00017713899962048241,0.007879757419386329
1127,stimulus,45,2,3,0,1,1.0,1.0,0,nan,nan,nan,0.0,0.007879757419386329
1128,stimulus,45,1,2,0,1,1.0,1.0,0,nan,nan,nan,0.0,0.007879757419386329
1129,stimulus,45,4,1,0,0,-1.0,-1.0,1,2,0,0,0.0,0.007879757419386329
1130,stimulus,45,1,3,0,0,-1.0,-1.0,1,0,1,0,0.0,0.007879757419386329
1131,stimulus,45,4,3,0,1,1.0,1.0,0,nan,nan,nan,0.0,0.007879757419386329
1132,stimulus,45,1,4,1,0,-1.0,-1.0,1,1,0,0,0.0,0.007879757419386329
1133,stimulus,45,0,3,0,0,-1.0,-1.0,1,0,1,0,0.0,0.007879757419386329
1134,stimulus,45,8,3,0,0,-1.0,-1.0,1,0,1,0,0.0,0.007879757419386329
1135,stimulus,45,5,3,0,0,-1.0,-1.0,1,0,1,0,0.0,0.007879757419386329
1136,stimulus,45,1,5,1,0,-1.0,-1.0,1,0,1,0,0.0,0.007879757419386329
1137,stimulus,45,8,3,0,0,-1.0,-1.0,1,0,1,0,0.0,0.007879757419386329
1138,stimulus,45,3,5,1,0,-1.0,-1.0,1,0,1,0,0.00017713899962048241,0.008056896419006811
1139,stimulus,45,2,5,1,0,-1.0,-1.0,1,0,1,0,0.0,0.008056896419006811
1140,stimulus,45,4,3,0,1,1.0,1.0,0,nan,nan,nan,0.0,0.008056896419006811
1141,stimulus,45,1,4,1,0,-1.0,-1.0,1,1,0,0,0.0,0.008056896419006811
1142,stimulus,45,4,5,1,1,1.0,1.0,0,nan,nan,nan,0.0,0.008056896419006811
1143,stimulus,45,8,4,0,0,-1.0,-1.0,1,1,0,0,0.0003996291894282235,0.008056896419006811
1144,stimulus,45,1,3,0,0,-1.0,-1.0,1,0,1,0,0.0,0.008056896419006811
1145,stimulus,45,7,3,0,0,-1.0,-1.0,1,0,1,0,0.0003996291894282235,0.008056896419006811
1146,stimulus,45,0,3,0,0,-1.0,-1.0,1,0,1,0,0.0,0.008056896419006811
1147,stimulus,45,8,5,1,0,-1.0,-1.0,1,0,1,0,0.0,0.008056896419006811
1148,stimulus,45,2,3,0,1,1.0,1.0,0,nan,nan,nan,0.0,0.008056896419006811
1149,stimulus,45,7,4,1,0,-1.0,-1.0,1,1,0,0,0.0,0.008056896419006811
1150,stimulus,45,7,3,0,0,-1.0,-1.0,1,0,1,0,0.0003996291894282235,0.008056896419006811
1151,stimulus,45,0,5,1,0,-1.0,-1.0,1,0,1,0,0.0,0.008056896419006811
1152,stimulus,45,2,3,0,1,1.0,1.0,0,nan,nan,nan,0.0,0.008056896419006811
1153,stimulus,45,4,2,0,0,-1.0,-1.0,1,1,0,0,0.0,0.008056896419006811
1154,stimulus,45,3,5,1,0,-1.0,-1.0,1,0,1,0,0.00023556238503779622,0.008292458804044608
1155,stimulus,45,6,3,0,0,-1.0,-1.0,1,0,1,0,0.0,0.008292458804044608
1156,stimulus,45,1,5,1,0,-1.0,-1.0,1,0,1,0,0.0,0.008292458804044608
1157,stimulus,45,6,5,1,1,1.0,1.0,0,nan,nan,nan,0.0,0.008292458804044608
1158,stimulus,45,0,4,0,0,-1.0,-1.0,1,1,0,0,0.0,0.008292458804044608
1159,stimulus,45,3,5,1,0,-1.0,-1.0,1,0,1,0,0.00023556238503779622,0.008528021189082403
1160,stimulus,45,1,5,1,0,-1.0,-1.0,1,0,1,0,0.0,0.008528021189082403
1161,stimulus,45,2,3,0,1,1.0,1.0,0,nan,nan,nan,0.0,0.008528021189082403
1162,stimulus,45,2,4,1,0,-1.0,-1.0,1,1,0,0,0.00023556238503779622,0.0087635835741202
1163,stimulus,45,4,5,1,1,1.0,1.0,0,nan,nan,nan,0.0,0.0087635835741202
1164,stimulus,45,4,6,1,0,-1.0,-1.0,1,1,0,0,0.00023556238503779622,0.008999145959157996
1165,stimulus,45,2,3,0,1,1.0,1.0,0,nan,nan,nan,0.0,0.008999145959157996
1166,stimulus,45,0,4,1,0,-1.0,-1.0,1,1,0,0,0.0,0.008999145959157996
1167,stimulus,45,8,3,0,0,-1.0,-1.0,1,0,1,0,0.0,0.008999145959157996
1168,stimulus,45,0,5,1,0,-1.0,-1.0,1,0,1,0,0.0,0.008999145959157996
1169,stimulus,45,1,3,0,0,-1.0,-1.0,1,0,1,0,0.0,0.008999145959157996
1170,stimulus,45,0,3,0,0,-1.0,-1.0,1,0,1,0,0.0,0.008999145959157996
1171,stimulus,45,6,5,1,1,1.0,1.0,0,nan,nan,nan,0.0,0.008999145959157996
1172,stimulus,45,0,6,1,0,-1.0,-1.0,1,1,0,0,0.0,0.008999145959157996
1173,stimulus,45,2,5,1,0,-1.0,-1.0,1,0,1,0,0.0,0.008999145959157996
1174,stimulus,45,3,5,1,0,-1.0,-1.0,1,0,1,0,0.00023556238503779622,0.009234708344195793
1175,stimulus,45,0,5,1,0,-1.0,-1.0,1,0,1,0,0.0,0.009234708344195793
1176,stimulus,45,0,3,0,0,-1.0,-1.0,1,0,1,0,0.0,0.009234708344195793
1177,stimulus,45,3,5,1,0,-1.0,-1.0,1,0,1,0,0.00023556238503779622,0.009470270729233586
1178,stimulus,45,8,3,0,0,-1.0,-1.0,1,0,1,0,0.0,0.009470270729233586
1179,stimulus,45,2,3,0,1,1.0,1.0,0,nan,nan,nan,0.0,0.009470270729233586
1180,stimulus,45,5,4,1,1,1.0,1.0,0,nan,nan,nan,0.0,0.009470270729233586
1181,stimulus,45,6,3,0,0,-1.0,-1.0,1,2,0,0,0.0,0.009470270729233586
1182,stimulus,45,8,5,1,0,-1.0,-1.0,1,0,1,0,0.0,0.009470270729233586
1183,stimulus,45,3,5,1,0,-1.0,-1.0,1,0,1,0,0.00023556238503779622,0.009705833114271388
1184,stimulus,45,1,3,0,0,-1.0,-1.0,1,0,1,0,0.0,0.009705833114271388
1185,stimulus,45,2,3,0,1,1.0,1.0,0,nan,nan,nan,0.0,0.009705833114271388
1186,stimulus,45,6,2,0,0,-1.0,-1.0,1,1,0,0,0.0003996291894282235,0.009705833114271388
1187,stimulus,45,5,3,0,0,-1.0,-1.0,1,0,1,0,0.0,0.009705833114271388
1188,stimulus,45,8,3,0,0,-1.0,-1.0,1,0,1,0,0.0,0.009705833114271388
1189,stimulus,45,2,3,0,1,1.0,1.0,0,nan,nan,nan,0.0,0.009705833114271388
1190,stimulus,45,7,4,1,0,-1.0,-1.0,1,1,0,0,0.0,0.009705833114271388
1191,stimulus,45,2,3,0,1,1.0,1.0,0,nan,nan,nan,0.0,0.009705833114271388
1192,stimulus,45,3,4,1,1,1.0,1.0,0,nan,nan,nan,0.0,0.009705833114271388
1193,stimulus,45,2,3,0,1,1.0,1.0,0,nan,nan,nan,0.0,0.009705833114271388
1194,stimulus,45,7,4,1,0,-1.0,-1.0,1,3,0,1,0.0,0.009705833114271388
1195,stimulus,45,5,3,0,0,-1.0,-1.0,1,0,1,0,0.0,0.009705833114271388
1196,stimulus,45,3,5,1,0,-1.0,-1.0,1,0,1,0,0.00023556238503779622,0.00994139549930918
1197,stimulus,45,2,5,1,0,-1.0,-1.0,1,0,1,0,0.0,0.00994139549930918
1198,stimulus,45,6,5,1,1,1.0,1.0,0,nan,nan,nan,0.0,0.00994139549930918
1199,stimulus,45,8,4,0,0,-1.0,-1.0,1,1,0,0,0.0003996291894282235,0.00994139549930918
1200,stimulus,45,0,5,1,0,-1.0,-1.0,1,0,1,0,0.0,0.00994139549930918
1201,stimulus,45,5,3,0,0,-1.0,-1.0,1,0,1,0,0.0,0.00994139549930918
1202,stimulus,45,6,5,1,1,1.0,1.0,0,nan,nan,nan,0.0,0.00994139549930918
1203,stimulus,45,6,6,1,1,1.0,1.0,0,nan,nan,nan,0.0,0.00994139549930918
1204,stimulus,45,6,7,1,1,1.0,1.0,0,nan,nan,nan,0.0,0.00994139549930918
1205,stimulus,45,3,8,1,0,-1.0,-1.0,1,3,0,1,0.0,0.00994139549930918
1206,stimulus,45,6,3,0,0,-1.0,-1.0,1,0,1,0,0.0,0.00994139549930918
1207,stimulus,45,7,3,0,0,-1.0,-1.0,1,0,1,0,0.0003996291894282235,0.00994139549930918
1208,stimulus,45,6,3,0,0,-1.0,-1.0,1,0,1,0,0.0,0.00994139549930918
1209,stimulus,45,5,5,1,1,1.0,1.0,0,nan,nan,nan,0.0,0.00994139549930918
1210,stimulus,45,0,6,1,0,-1.0,-1.0,1,1,0,0,0.0,0.00994139549930918
1211,stimulus,45,1,3,0,0,-1.0,-1.0,1,0,1,0,0.0,0.00994139549930918
1212,stimulus,45,6,5,1,1,1.0,1.0,0,nan,nan,nan,0.0,0.00994139549930918
1213,stimulus,45,4,6,1,0,-1.0,-1.0,1,1,0,0,0.0002673723018894676,0.010208767801198646
1214,stimulus,45,8,3,0,0,-1.0,-1.0,1,0,1,0,0.0,0.010208767801198646
1215,stimulus,45,3,5,1,0,-1.0,-1.0,1,0,1,0,0.0002673723018894676,0.010476140103088115
1216,stimulus,45,8,5,1,0,-1.0,-1.0,1,0,1,0,0.0,0.010476140103088115
1217,stimulus,45,5,5,1,1,1.0,1.0,0,nan,nan,nan,0.0,0.010476140103088115
1218,stimulus,45,8,4,0,0,-1.0,-1.0,1,1,0,0,0.0003996291894282235,0.010476140103088115
1219,stimulus,45,5,3,0,0,-1.0,-1.0,1,0,1,0,0.0,0.010476140103088115
1220,stimulus,45,5,3,0,0,-1.0,-1.0,1,0,1,0,0.0,0.010476140103088115
1221,stimulus,45,5,5,1,1,1.0,1.0,0,nan,nan,nan,0.0,0.010476140103088115
1222,stimulus,45,3,6,1,0,-1.0,-1.0,1,1,0,0,0.0,0.010476140103088115
1223,stimulus,45,7,3,0,0,-1.0,-1.0,1,0,1,0,0.0003996291894282235,0.010476140103088115
1224,stimulus,45,7,3,0,0,-1.0,-1.0,1,0,1,0,0.0003996291894282235,0.010476140103088115
1225,stimulus,45,7,3,0,0,-1.0,-1.0,1,0,1,0,0.0003996291894282235,0.010476140103088115
1226,stimulus,45,5,5,1,1,1.0,1.0,0,nan,nan,nan,0.0,0.010476140103088115
1227,stimulus,45,0,6,1,0,-1.0,-1.0,1,1,0,0,0.0,0.010476140103088115
1228,stimulus,45,6,5,1,1,1.0,1.0,0,nan,nan,nan,0.0,0.010476140103088115
1229,stimulus,45,3,4,0,1,1.0,1.0,0,nan,nan,nan,0.0,0.010476140103088115
1230,stimulus,45,0,3,0,0,-1.0,-1.0,1,2,0,0,0.0,0.010476140103088115
1231,stimulus,45,1,3,0,0,-1.0,-1.0,1,0,1,0,0.0,0.010476140103088115
1232,stimulus,45,7,3,0,0,-1.0,-1.0,1,0,1,0,0.0003996291894282235,0.010476140103088115
1233,stimulus,45,0,5,1,0,-1.0,-1.0,1,0,1,0,0.0,0.010476140103088115
1234,stimulus,45,7,3,0,0,-1.0,-1.0,1,0,1,0,0.0003996291894282235,0.010476140103088115
1235,stimulus,45,4,3,0,1,1.0,1.0,0,nan,nan,nan,0.0,0.010476140103088115
1236,stimulus,45,1,4,1,0,-1.0,-1.0,1,1,0,0,0.0,0.010476140103088115
1237,stimulus,45,2,5,1,0,-1.0,-1.0,1,0,1,0,0.0,0.010476140103088115
1238,stimulus,45,4,3,0,1,1.0,1.0,0,nan,nan,nan,0.0,0.010476140103088115
1239,stimulus,45,2,4,1,0,-1.0,-1.0,1,1,0,0,0.0002673723018894676,0.010743512404977583
1240,stimulus,45,8,5,1,0,-1.0,-1.0,1,0,1,0,0.0,0.010743512404977583
1241,stimulus,45,3,3,0,1,1.0,1.0,0,nan,nan,nan,0.0002673723018894676,0.010476140103088115
1242,stimulus,45,1,4,1,0,-1.0,-1.0,1,1,0,0,0.0,0.010476140103088115
1243,stimulus,45,0,3,0,0,-1.0,-1.0,1,0,1,0,0.0,0.010476140103088115
1244,stimulus,45,0,3,0,0,-1.0,-1.0,1,0,1,0,0.0,0.010476140103088115
1245,stimulus,45,6,3,0,0,-1.0,-1.0,1,0,1,0,0.0,0.010476140103088115
1246,stimulus,45,0,5,1,0,-1.0,-1.0,1,0,1,0,0.0,0.010476140103088115
1247,stimulus,45,3,5,1,0,-1.0,-1.0,1,0,1,0,0.0002673723018894676,0.010743512404977583
1248,stimulus,45,7,3,0,0,-1.0,-1.0,1,0,1,0,0.0003996291894282235,0.010743512404977583
1249,stimulus,45,6,3,0,0,-1.0,-1.0,1,0,1,0,0.0,0.010743512404977583
1250,stimulus,45,8,5,1,0,-1.0,-1.0,1,0,1,0,0.0,0.010743512404977583
1251,stimulus,45,5,5,1,1,1.0,1.0,0,nan,nan,nan,0.0,0.010743512404977583
1252,stimulus,45,7,4,0,0,-1.0,-1.0,1,1,0,0,0.0,0.010743512404977583
1253,stimulus,45,2,3,0,1,1.0,1.0,0,nan,nan,nan,0.0,0.010743512404977583
1254,stimulus,45,8,4,1,0,-1.0,-1.0,1,1,0,0,0.0,0.010743512404977583
1255,stimulus,45,3,5,1,0,-1.0,-1.0,1,0,1,0,0.0002673723018894676,0.011010884706867051
1256,stimulus,45,1,3,0,0,-1.0,-1.0,1,0,1,0,0.0,0.011010884706867051
1257,stimulus,45,4,5,1,1,1.0,1.0,0,nan,nan,nan,0.0,0.011010884706867051
1258,stimulus,45,3,4,0,1,1.0,1.0,0,nan,nan,nan,0.0,0.011010884706867051
1259,stimulus,45,1,5,1,0,-1.0,-1.0,1,2,0,0,0.0,0.011010884706867051
1260,stimulus,45,2,5,1,0,-1.0,-1.0,1,0,1,0,0.0,0.011010884706867051
1261,stimulus,45,8,5,1,0,-1.0,-1.0,1,0,1,0,0.0,0.011010884706867051
1262,stimulus,45,4,5,1,1,1.0,1.0,0,nan,nan,nan,0.0,0.011010884706867051
1263,stimulus,45,8,4,0,0,-1.0,-1.0,1,1,0,0,0.0003996291894282235,0.011010884706867051
1264,stimulus,45,0,3,0,0,-1.0,-1.0,1,0,1,0,0.0,0.011010884706867051
1265,stimulus,45,5,3,0,0,-1.0,-1.0,1,0,1,0,0.0,0.011010884706867051
1266,stimulus,45,4,3,0,1,1.0,1.0,0,nan,nan,nan,0.0,0.011010884706867051
1267,stimulus,45,8,2,0,0,-1.0,-1.0,1,1,0,0,0.0,0.011010884706867051
1268,stimulus,45,3,5,1,0,-1.0,-1.0,1,0,1,0,0.0002673723018894676,0.01127825700875652
1269,stimulus,45,0,3,0,0,-1.0,-1.0,1,0,1,0,0.0,0.01127825700875652
1270,stimulus,45,1,5,1,0,-1.0,-1.0,1,0,1,0,0.0,0.01127825700875652
1271,stimulus,45,6,3,0,0,-1.0,-1.0,1,0,1,0,0.0,0.01127825700875652
1272,stimulus,45,0,3,0,0,-1.0,-1.0,1,0,1,0,0.0,0.01127825700875652
1273,stimulus,45,1,5,1,0,-1.0,-1.0,1,0,1,0,0.0,0.01127825700875652
1274,stimulus,45,4,3,0,1,1.0,1.0,0,nan,nan,nan,0.0,0.01127825700875652
1275,stimulus,45,4,4,1,1,1.0,1.0,0,nan,nan,nan,0.0,0.01127825700875652
1276,stimulus,45,0,3,0,0,-1.0,-1.0,1,2,0,0,0.0,0.01127825700875652
1277,stimulus,45,4,3,0,1,1.0,1.0,0,nan,nan,nan,0.0,0.01127825700875652
1278,stimulus,45,7,4,1,0,-1.0,-1.0,1,1,0,0,0.0,0.01127825700875652
1279,stimulus,45,5,5,1,1,1.0,1.0,0,nan,nan,nan,0.0,0.01127825700875652
1280,stimulus,45,5,6,1,1,1.0,1.0,0,nan,nan,nan,0.0,0.01127825700875652
1281,stimulus,45,0,5,0,0,-1.0,-1.0,1,2,0,0,0.0,0.01127825700875652
1282,stimulus,45,7,3,0,0,-1.0,-1.0,1,0,1,0,0.0003996291894282235,0.01127825700875652
1283,stimulus,45,3,5,1,0,-1.0,-1.0,1,0,1,0,0.0002673723018894676,0.011545629310645986
1284,stimulus,45,6,5,1,1,1.0,1.0,0,nan,nan,nan,0.0,0.011545629310645986
1285,stimulus,45,1,6,1,0,-1.0,-1.0,1,1,0,0,0.0,0.011545629310645986
1286,stimulus,45,3,5,1,0,-1.0,-1.0,1,0,1,0,0.0002673723018894676,0.011813001612535455
1287,stimulus,45,2,5,1,0,-1.0,-1.0,1,0,1,0,0.0,0.011813001612535455
1288,stimulus,45,5,3,0,0,-1.0,-1.0,1,0,1,0,0.0,0.011813001612535455
1289,stimulus,45,6,3,0,0,-1.0,-1.0,1,0,1,0,0.0,0.011813001612535455
1290,stimulus,45,7,3,0,0,-1.0,-1.0,1,0,1,0,0.0003996291894282235,0.011813001612535455
1291,stimulus,45,1,5,1,0,-1.0,-1.0,1,0,1,0,0.0,0.011813001612535455
1292,stimulus,45,2,5,1,0,-1.0,-1.0,1,0,1,0,0.0,0.011813001612535455
1293,stimulus,45,4,5,1,1,1.0,1.0,0,nan,nan,nan,0.0,0.011813001612535455
1294,stimulus,45,3,4,0,1,1.0,1.0,0,nan,nan,nan,0.0,0.011813001612535455
1295,stimulus,45,4,3,0,1,1.0,1.0,0,nan,nan,nan,0.0,0.011813001612535455
1296,stimulus,45,2,4,1,0,-1.0,-1.0,1,3,0,1,0.0002673723018894676,0.012080373914424923
1297,stimulus,45,0,3,0,0,-1.0,-1.0,1,0,1,0,0.0,0.012080373914424923
1298,stimulus,45,7,3,0,0,-1.0,-1.0,1,0,1,0,0.0003996291894282235,0.012080373914424923
1299,stimulus,45,6,5,1,1,1.0,1.0,0,nan,nan,nan,0.0,0.012080373914424923
1300,stimulus,45,8,4,0,0,-1.0,-1.0,1,1,0,0,0.0003996291894282235,0.012080373914424923
1301,stimulus,45,3,5,1,0,-1.0,-1.0,1,0,1,0,0.0002673723018894676,0.012347746216314391
1302,stimulus,45,7,3,0,0,-1.0,-1.0,1,0,1,0,0.0003996291894282235,0.012347746216314391
1303,stimulus,45,3,5,1,0,-1.0,-1.0,1,0,1,0,0.0002673723018894676,0.01261511851820386
1304,stimulus,45,8,5,1,0,-1.0,-1.0,1,0,1,0,0.0,0.01261511851820386
1305,stimulus,45,2,3,0,1,1.0,1.0,0,nan,nan,nan,0.0,0.01261511851820386
1306,stimulus,45,3,2,0,1,1.0,1.0,0,nan,nan,nan,0.0,0.01261511851820386
1307,stimulus,45,6,3,1,0,-1.0,-1.0,1,2,0,0,0.0,0.01261511851820386
1308,stimulus,45,4,3,0,1,1.0,1.0,0,nan,nan,nan,0.0,0.01261511851820386
1309,stimulus,45,6,2,0,0,-1.0,-1.0,1,1,0,0,0.0003996291894282235,0.01261511851820386
1310,stimulus,45,6,5,1,1,1.0,1.0,0,nan,nan,nan,0.0,0.01261511851820386
1311,stimulus,45,7,6,1,1,1.0,1.0,0,nan,nan,nan,0.0,0.01261511851820386
1312,stimulus,45,8,7,1,1,1.0,1.0,0,nan,nan,nan,0.0,0.01261511851820386
1313,stimulus,45,4,6,0,0,-1.0,-1.0,1,3,0,1,0.0,0.01261511851820386
1314,stimulus,45,1,3,0,0,-1.0,-1.0,1,0,1,0,0.0,0.01261511851820386
1315,stimulus,45,6,5,1,1,1.0,1.0,0,nan,nan,nan,0.0,0.01261511851820386
1316,stimulus,45,3,6,1,0,-1.0,-1.0,1,1,0,0,0.0,0.01261511851820386
1317,stimulus,45,5,3,0,0,-1.0,-1.0,1,0,1,0,0.0,0.01261511851820386
1318,stimulus,45,1,5,1,0,-1.0,-1.0,1,0,1,0,0.0,0.01261511851820386
1319,stimulus,45,4,5,1,1,1.0,1.0,0,nan,nan,nan,0.0,0.01261511851820386
1320,stimulus,45,7,6,1,1,1.0,1.0,0,nan,nan,nan,0.0,0.01261511851820386
1321,stimulus,45,0,7,1,0,-1.0,-1.0,1,2,0,0,0.0,0.01261511851820386
1322,stimulus,45,8,3,0,0,-1.0,-1.0,1,0,1,0,0.0,0.01261511851820386
1323,stimulus,45,7,3,0,0,-1.0,-1.0,1,0,1,0,0.0003996291894282235,0.01261511851820386
1324,stimulus,45,8,3,0,0,-1.0,-1.0,1,0,1,0,0.0,0.01261511851820386
1325,stimulus,45,4,3,0,1,1.0,1.0,0,nan,nan,nan,0.0,0.01261511851820386
1326,stimulus,45,5,4,1,1,1.0,1.0,0,nan,nan,nan,0.0,0.01261511851820386
1327,stimulus,45,6,3,0,0,-1.0,-1.0,1,2,0,0,0.0,0.01261511851820386
1328,stimulus,45,7,3,0,0,-1.0,-1.0,1,0,1,0,0.0003996291894282235,0.01261511851820386
1329,stimulus,45,8,3,0,0,-1.0,-1.0,1,0,1,0,0.0,0.01261511851820386
1330,stimulus,45,5,5,1,1,1.0,1.0,0,nan,nan,nan,0.0,0.01261511851820386
1331,stimulus,45,0,6,1,0,-1.0,-1.0,1,1,0,0,0.0,0.01261511851820386
1332,stimulus,45,6,5,1,1,1.0,1.0,0,nan,nan,nan,0.0,0.01261511851820386
1333,stimulus,45,6,4,0,0,-1.0,-1.0,1,1,0,0,0.0,0.01261511851820386
1334,stimulus,45,3,5,1,0,-1.0,-1.0,1,0,1,0,0.0002673723018894676,0.012882490820093328
1335,stimulus,45,8,5,1,0,-1.0,-1.0,1,0,1,0,0.0,0.012882490820093328
1336,stimulus,45,4,5,1,1,1.0,1.0,0,nan,nan,nan,0.0,0.012882490820093328
1337,stimulus,45,1,6,1,0,-1.0,-1.0,1,1,0,0,0.0,0.012882490820093328
1338,stimulus,45,1,3,0,0,-1.0,-1.0,1,0,1,0,0.0,0.012882490820093328
1339,stimulus,45,3,5,1,0,-1.0,-1.0,1,0,1,0,0.0003106794906800987,0.013193170310773428
1340,stimulus,45,3,5,1,0,-1.0,-1.0,1,0,1,0,0.0003106794906800987,0.013503849801453527
1341,stimulus,45,7,3,0,0,-1.0,-1.0,1,0,1,0,0.0003996291894282235,0.013503849801453527
1342,stimulus,45,5,3,0,0,-1.0,-1.0,1,0,1,0,0.0,0.013503849801453527
1343,stimulus,45,8,5,1,0,-1.0,-1.0,1,0,1,0,0.0,0.013503849801453527
1344,stimulus,45,6,5,1,1,1.0,1.0,0,nan,nan,nan,0.0,0.013503849801453527
1345,stimulus,45,7,6,1,1,1.0,1.0,0,nan,nan,nan,0.0,0.013503849801453527
1346,stimulus,45,5,7,1,0,-1.0,-1.0,1,2,0,0,0.0003106794906800987,0.013814529292133625
1347,stimulus,45,6,5,1,1,1.0,1.0,0,nan,nan,nan,0.0,0.013814529292133625
1348,stimulus,45,2,4,0,0,-1.0,-1.0,1,1,0,0,0.0,0.013814529292133625
1349,stimulus,45,0,3,0,0,-1.0,-1.0,1,0,1,0,0.0,0.013814529292133625
1350,stimulus,45,0,3,0,0,-1.0,-1.0,1,0,1,0,0.0,0.013814529292133625
1351,stimulus,45,6,5,1,1,1.0,1.0,0,nan,nan,nan,0.0,0.013814529292133625
1352,stimulus,45,3,4,0,1,1.0,1.0,0,nan,nan,nan,0.0,0.013814529292133625
1353,stimulus,45,1,5,1,0,-1.0,-1.0,1,2,0,0,0.0,0.013814529292133625
1354,stimulus,45,7,3,0,0,-1.0,-1.0,1,0,1,0,0.0003996291894282235,0.013814529292133625
1355,stimulus,45,4,5,1,1,1.0,1.0,0,nan,nan,nan,0.0,0.013814529292133625
1356,stimulus,45,0,6,1,0,-1.0,-1.0,1,1,0,0,0.0,0.013814529292133625
1357,stimulus,45,8,5,1,0,-1.0,-1.0,1,0,1,0,0.0,0.013814529292133625
1358,stimulus,45,1,5,1,0,-1.0,-1.0,1,0,1,0,0.0,0.013814529292133625
1359,stimulus,45,0,5,1,0,-1.0,-1.0,1,0,1,0,0.0,0.013814529292133625
1360,stimulus,45,1,5,1,0,-1.0,-1.0,1,0,1,0,0.0,0.013814529292133625
1361,stimulus,45,3,3,0,1,1.0,1.0,0,nan,nan,nan,0.0003106794906800987,0.013503849801453527
1362,stimulus,45,7,4,1,0,-1.0,-1.0,1,1,0,0,0.0,0.013503849801453527
1363,stimulus,45,8,5,1,0,-1.0,-1.0,1,0,1,0,0.0,0.013503849801453527
1364,stimulus,45,4,5,1,1,1.0,1.0,0,nan,nan,nan,0.0,0.013503849801453527
1365,stimulus,45,5,4,0,1,1.0,1.0,0,nan,nan,nan,0.0,0.013503849801453527
1366,stimulus,45,2,3,0,1,1.0,1.0,0,nan,nan,nan,0.0,0.013503849801453527
1367,stimulus,45,8,4,1,0,-1.0,-1.0,1,3,0,1,0.0,0.013503849801453527
1368,stimulus,45,1,5,1,0,-1.0,-1.0,1,0,1,0,0.0,0.013503849801453527
1369,stimulus,45,1,3,0,0,-1.0,-1.0,1,0,1,0,0.0,0.013503849801453527
1370,stimulus,45,0,5,1,0,-1.0,-1.0,1,0,1,0,0.0,0.013503849801453527
1371,stimulus,45,8,5,1,0,-1.0,-1.0,1,0,1,0,0.0,0.013503849801453527
1372,stimulus,45,0,3,0,0,-1.0,-1.0,1,0,1,0,0.0,0.013503849801453527
1373,stimulus,45,7,3,0,0,-1.0,-1.0,1,0,1,0,0.0003996291894282235,0.013503849801453527
1374,stimulus,45,8,3,0,0,-1.0,-1.0,1,0,1,0,0.0,0.013503849801453527
1375,stimulus,45,2,3,0,1,1.0,1.0,0,nan,nan,nan,0.0,0.013503849801453527
1376,stimulus,45,6,2,0,0,-1.0,-1.0,1,1,0,0,0.0003996291894282235,0.013503849801453527
1377,stimulus,45,0,3,0,0,-1.0,-1.0,1,0,1,0,0.0,0.013503849801453527
1378,stimulus,45,6,5,1,1,1.0,1.0,0,nan,nan,nan,0.0,0.013503849801453527
1379,stimulus,45,4,4,0,1,1.0,1.0,0,nan,nan,nan,0.0003106794906800987,0.013193170310773428
1380,stimulus,45,6,5,1,1,1.0,1.0,0,nan,nan,nan,0.0,0.013193170310773428
1381,stimulus,45,4,6,1,0,-1.0,-1.0,1,3,0,1,0.0003106794906800987,0.013503849801453527
1382,stimulus,45,7,3,0,0,-1.0,-1.0,1,0,1,0,0.0003996291894282235,0.013503849801453527
1383,stimulus,45,2,5,1,0,-1.0,-1.0,1,0,1,0,0.0,0.013503849801453527
1384,stimulus,45,5,5,1,1,1.0,1.0,0,nan,nan,nan,0.0,0.013503849801453527
1385,stimulus,45,8,4,0,0,-1.0,-1.0,1,1,0,0,0.0003996291894282235,0.013503849801453527
1386,stimulus,45,2,5,1,0,-1.0,-1.0,1,0,1,0,0.0,0.013503849801453527
1387,stimulus,45,2,3,0,1,1.0,1.0,0,nan,nan,nan,0.0,0.013503849801453527
1388,stimulus,45,2,4,1,0,-1.0,-1.0,1,1,0,0,0.0003106794906800987,0.013814529292133625
1389,stimulus,45,5,3,0,0,-1.0,-1.0,1,0,1,0,0.0,0.013814529292133625
1390,stimulus,45,7,3,0,0,-1.0,-1.0,1,0,1,0,0.0003996291894282235,0.013814529292133625
1391,stimulus,45,7,3,0,0,-1.0,-1.0,1,0,1,0,0.0003996291894282235,0.013814529292133625
1392,stimulus,45,4,5,1,1,1.0,1.0,0,nan,nan,nan,0.0,0.013814529292133625
1393,stimulus,45,5,4,0,1,1.0,1.0,0,nan,nan,nan,0.0,0.013814529292133625
1394,stimulus,45,7,3,0,0,-1.0,-1.0,1,2,0,0,0.0003996291894282235,0.013814529292133625
1395,stimulus,45,3,5,1,0,-1.0,-1.0,1,0,1,0,0.0003106794906800987,0.014125208782813726
1396,stimulus,45,5,5,1,1,1.0,1.0,0,nan,nan,nan,0.0,0.014125208782813726
1397,stimulus,45,6,4,0,0,-1.0,-1.0,1,1,0,0,0.0,0.014125208782813726
1398,stimulus,45,6,5,1,1,1.0,1.0,0,nan,nan,nan,0.0,0.014125208782813726
1399,stimulus,45,1,4,0,0,-1.0,-1.0,1,1,0,0,0.0,0.014125208782813726
1400,stimulus,45,0,3,0,0,-1.0,-1.0,1,0,1,0,0.0,0.014125208782813726
1401,stimulus,45,7,3,0,0,-1.0,-1.0,1,0,1,0,0.0003996291894282235,0.014125208782813726
1402,stimulus,45,2,3,0,1,1.0,1.0,0,nan,nan,nan,0.0,0.014125208782813726
1403,stimulus,45,8,4,1,0,-1.0,-1.0,1,1,0,0,0.0,0.014125208782813726
1404,stimulus,45,2,5,1,0,-1.0,-1.0,1,0,1,0,0.0,0.014125208782813726
1405,stimulus,45,5,5,1,1,1.0,1.0,0,nan,nan,nan,0.0,0.014125208782813726
1406,stimulus,45,7,6,1,1,1.0,1.0,0,nan,nan,nan,0.0,0.014125208782813726
1407,stimulus,45,0,7,1,0,-1.0,-1.0,1,2,0,0,0.0,0.014125208782813726
1408,stimulus,45,7,3,0,0,-1.0,-1.0,1,0,1,0,0.0003996291894282235,0.014125208782813726
1409,stimulus,45,1,3,0,0,-1.0,-1.0,1,0,1,0,0.0,0.014125208782813726
1410,stimulus,45,6,5,1,1,1.0,1.0,0,nan,nan,nan,0.0,0.014125208782813726
1411,stimulus,45,3,6,1,0,-1.0,-1.0,1,1,0,0,0.0,0.014125208782813726
1412,stimulus,45,1,3,0,0,-1.0,-1.0,1,0,1,0,0.0,0.014125208782813726
1413,stimulus,45,2,5,1,0,-1.0,-1.0,1,0,1,0,0.0,0.014125208782813726
1414,stimulus,45,5,3,0,0,-1.0,-1.0,1,0,1,0,0.0,0.014125208782813726
1415,stimulus,45,1,5,1,0,-1.0,-1.0,1,0,1,0,0.0,0.014125208782813726
1416,stimulus,45,3,5,1,0,-1.0,-1.0,1,0,1,0,0.0003106794906800987,0.014435888273493824
1417,stimulus,45,2,5,1,0,-1.0,-1.0,1,0,1,0,0.0,0.014435888273493824
1418,stimulus,45,3,5,1,0,-1.0,-1.0,1,0,1,0,0.0003106794906800987,0.014746567764173924
1419,stimulus,45,6,5,1,1,1.0,1.0,0,nan,nan,nan,0.0,0.014746567764173924
1420,stimulus,45,8,4,0,0,-1.0,-1.0,1,1,0,0,0.0003996291894282235,0.014746567764173924
1421,stimulus,45,8,5,1,0,-1.0,-1.0,1,0,1,0,0.0,0.014746567764173924
1422,stimulus,45,3,5,1,0,-1.0,-1.0,1,0,1,0,0.0003106794906800987,0.015057247254854023
1423,stimulus,45,2,3,0,1,1.0,1.0,0,nan,nan,nan,0.0,0.015057247254854023
1424,stimulus,45,5,4,1,1,1.0,1.0,0,nan,nan,nan,0.0,0.015057247254854023
1425,stimulus,45,4,5,1,1,1.0,1.0,0,nan,nan,nan,0.0,0.015057247254854023
1426,stimulus,45,1,4,0,0,-1.0,-1.0,1,3,0,1,0.0,0.015057247254854023
1427,stimulus,45,0,5,1,0,-1.0,-1.0,1,0,1,0,0.0,0.015057247254854023
1428,stimulus,45,6,5,1,1,1.0,1.0,0,nan,nan,nan,0.0,0.015057247254854023
1429,stimulus,45,3,6,1,0,-1.0,-1.0,1,1,0,0,0.0,0.015057247254854023
1430,stimulus,45,5,5,1,1,1.0,1.0,0,nan,nan,nan,0.0,0.015057247254854023
1431,stimulus,45,8,4,0,0,-1.0,-1.0,1,1,0,0,0.0003996291894282235,0.015057247254854023
1432,stimulus,45,5,3,0,0,-1.0,-1.0,1,0,1,0,0.0,0.015057247254854023
1433,stimulus,45,6,3,0,0,-1.0,-1.0,1,0,1,0,0.0,0.015057247254854023
1434,stimulus,45,4,3,0,1,1.0,1.0,0,nan,nan,nan,0.0,0.015057247254854023
1435,stimulus,45,0,2,0,0,-1.0,-1.0,1,1,0,0,0.0,0.015057247254854023
1436,stimulus,45,8,3,0,0,-1.0,-1.0,1,0,1,0,0.0,0.015057247254854023
1437,stimulus,45,7,3,0,0,-1.0,-1.0,1,0,1,0,0.0003996291894282235,0.015057247254854023
1438,stimulus,45,7,3,0,0,-1.0,-1.0,1,0,1,0,0.0003996291894282235,0.015057247254854023
1439,stimulus,45,7,3,0,0,-1.0,-1.0,1,0,1,0,0.0003996291894282235,0.015057247254854023
1440,stimulus,45,1,5,1,0,-1.0,-1.0,1,0,1,0,0.0,0.015057247254854023
1441,stimulus,45,1,3,0,0,-1.0,-1.0,1,0,1,0,0.0,0.015057247254854023
1442,stimulus,45,5,5,1,1,1.0,1.0,0,nan,nan,nan,0.0,0.015057247254854023
1443,stimulus,45,7,4,0,0,-1.0,-1.0,1,1,0,0,0.0,0.015057247254854023
1444,stimulus,45,2,5,1,0,-1.0,-1.0,1,0,1,0,0.0,0.015057247254854023
1445,stimulus,45,0,3,0,0,-1.0,-1.0,1,0,1,0,0.0,0.015057247254854023
1446,stimulus,45,0,3,0,0,-1.0,-1.0,1,0,1,0,0.0,0.015057247254854023
1447,stimulus,45,7,3,0,0,-1.0,-1.0,1,0,1,0,0.0003996291894282235,0.015057247254854023
1448,stimulus,45,7,3,0,0,-1.0,-1.0,1,0,1,0,0.0003996291894282235,0.015057247254854023
1449,stimulus,45,8,5,1,0,-1.0,-1.0,1,0,1,0,0.0,0.015057247254854023
1450,stimulus,45,4,5,1,1,1.0,1.0,0,nan,nan,nan,0.0,0.015057247254854023
1451,stimulus,45,4,6,1,0,-1.0,-1.0,1,1,0,0,0.0003106794906800987,0.015367926745534121
1452,stimulus,45,3,5,1,0,-1.0,-1.0,1,0,1,0,0.0003106794906800987,0.01567860623621422
1453,stimulus,45,2,3,0,1,1.0,1.0,0,nan,nan,nan,0.0,0.01567860623621422
1454,stimulus,45,6,2,0,0,-1.0,-1.0,1,1,0,0,0.0003996291894282235,0.01567860623621422
1455,stimulus,45,0,5,1,0,-1.0,-1.0,1,0,1,0,0.0,0.01567860623621422
1456,stimulus,45,1,3,0,0,-1.0,-1.0,1,0,1,0,0.0,0.01567860623621422
1457,stimulus,45,1,5,1,0,-1.0,-1.0,1,0,1,0,0.0,0.01567860623621422
1458,stimulus,45,2,3,0,1,1.0,1.0,0,nan,nan,nan,0.0,0.01567860623621422
1459,stimulus,45,4,2,0,0,-1.0,-1.0,1,1,0,0,0.0,0.01567860623621422
1460,stimulus,45,4,3,0,1,1.0,1.0,0,nan,nan,nan,0.0,0.01567860623621422
1461,stimulus,45,4,2,0,0,-1.0,-1.0,1,1,0,0,0.0,0.01567860623621422
1462,stimulus,45,5,5,1,1,1.0,1.0,0,nan,nan,nan,0.0,0.01567860623621422
1463,stimulus,45,6,6,1,1,1.0,1.0,0,nan,nan,nan,0.0,0.01567860623621422
1464,stimulus,45,5,7,1,0,-1.0,-1.0,1,2,0,0,0.0003106794906800987,0.01598928572689432
1465,stimulus,45,5,3,0,0,-1.0,-1.0,1,0,1,0,0.0,0.01598928572689432
1466,stimulus,45,5,3,0,0,-1.0,-1.0,1,0,1,0,0.0,0.01598928572689432
1467,stimulus,45,2,3,0,1,1.0,1.0,0,nan,nan,nan,0.0,0.01598928572689432
1468,stimulus,45,7,2,0,0,-1.0,-1.0,1,1,0,0,0.0,0.01598928572689432
1469,stimulus,45,0,5,1,0,-1.0,-1.0,1,0,1,0,0.0,0.01598928572689432
1470,stimulus,45,4,3,0,1,1.0,1.0,0,nan,nan,nan,0.0,0.01598928572689432
1471,stimulus,45,3,4,1,1,1.0,1.0,0,nan,nan,nan,0.0,0.01598928572689432
1472,stimulus,45,3,5,1,0,-1.0,-1.0,1,2,0,0,0.0003106794906800987,0.01629996521757442
1473,stimulus,45,5,5,1,1,1.0,1.0,0,nan,nan,nan,0.0,0.01629996521757442
1474,stimulus,45,7,4,0,0,-1.0,-1.0,1,1,0,0,0.0,0.01629996521757442
1475,stimulus,45,8,5,1,0,-1.0,-1.0,1,0,1,0,0.0,0.01629996521757442
1476,stimulus,45,0,3,0,0,-1.0,-1.0,1,0,1,0,0.0,0.01629996521757442
1477,stimulus,45,0,5,1,0,-1.0,-1.0,1,0,1,0,0.0,0.01629996521757442
1478,stimulus,45,5,5,1,1,1.0,1.0,0,nan,nan,nan,0.0,0.01629996521757442
1479,stimulus,45,6,4,0,0,-1.0,-1.0,1,1,0,0,0.0,0.01629996521757442
1480,stimulus,45,3,5,1,0,-1.0,-1.0,1,0,1,0,0.0003106794906800987,0.01661064470825452
1481,stimulus,45,4,5,1,1,1.0,1.0,0,nan,nan,nan,0.0,0.01661064470825452
1482,stimulus,45,8,4,0,0,-1.0,-1.0,1,1,0,0,0.0003996291894282235,0.01661064470825452
1483,stimulus,45,8,3,0,0,-1.0,-1.0,1,0,1,0,0.0,0.01661064470825452
1484,stimulus,45,7,3,0,0,-1.0,-1.0,1,0,1,0,0.0003996291894282235,0.01661064470825452
1485,stimulus,45,7,3,0,0,-1.0,-1.0,1,0,1,0,0.0003996291894282235,0.01661064470825452
1486,stimulus,45,1,5,1,0,-1.0,-1.0,1,0,1,0,0.0,0.01661064470825452
1487,stimulus,45,6,3,0,0,-1.0,-1.0,1,0,1,0,0.0,0.01661064470825452
1488,stimulus,45,1,3,0,0,-1.0,-1.0,1,0,1,0,0.0,0.01661064470825452
1489,stimulus,45,6,5,1,1,1.0,1.0,0,nan,nan,nan,0.0,0.01661064470825452
1490,stimulus,45,8,4,0,0,-1.0,-1.0,1,1,0,0,0.0003996291894282235,0.01661064470825452
1491,stimulus,45,3,3,0,1,1.0,1.0,0,nan,nan,nan,0.0003106794906800987,0.01629996521757442
1492,stimulus,45,2,4,1,0,-1.0,-1.0,1,1,0,0,0.0003106794906800987,0.01661064470825452
1493,stimulus,45,3,5,1,0,-1.0,-1.0,1,0,1,0,0.0003106794906800987,0.016921324198934617
1494,stimulus,45,5,3,0,0,-1.0,-1.0,1,0,1,0,0.0,0.016921324198934617
1495,stimulus,45,8,3,0,0,-1.0,-1.0,1,0,1,0,0.0,0.016921324198934617
1496,stimulus,45,4,5,1,1,1.0,1.0,0,nan,nan,nan,0.0,0.016921324198934617
1497,stimulus,45,4,6,1,0,-1.0,-1.0,1,1,0,0,0.0003106794906800987,0.017232003689614715
1498,stimulus,45,1,5,1,0,-1.0,-1.0,1,0,1,0,0.0,0.017232003689614715
1499,stimulus,45,7,3,0,0,-1.0,-1.0,1,0,1,0,0.0003996291894282235,0.017232003689614715
1500,stimulus,45,5,3,0,0,-1.0,-1.0,1,0,1,0,0.0,0.017232003689614715
1501,stimulus,45,1,3,0,0,-1.0,-1.0,1,0,1,0,0.0,0.017232003689614715
1502,stimulus,45,8,3,0,0,-1.0,-1.0,1,0,1,0,0.0,0.017232003689614715
1503,stimulus,45,8,3,0,0,-1.0,-1.0,1,0,1,0,0.0,0.017232003689614715
1504,stimulus,45,8,5,1,0,-1.0,-1.0,1,0,1,0,0.0,0.017232003689614715
1505,stimulus,45,7,3,0,0,-1.0,-1.0,1,0,1,0,0.0003996291894282235,0.017232003689614715
1506,stimulus,45,1,3,0,0,-1.0,-1.0,1,0,1,0,0.0,0.017232003689614715
1507,stimulus,45,1,3,0,0,-1.0,-1.0,1,0,1,0,0.0,0.017232003689614715
1508,stimulus,45,4,3,0,1,1.0,1.0,0,nan,nan,nan,0.0,0.017232003689614715
1509,stimulus,45,5,4,1,1,1.0,1.0,0,nan,nan,nan,0.0,0.017232003689614715
1510,stimulus,45,4,5,1,1,1.0,1.0,0,nan,nan,nan,0.0,0.017232003689614715
1511,stimulus,45,8,6,1,0,-1.0,-1.0,1,3,0,1,0.0003996291894282235,0.017232003689614715
1512,stimulus,45,0,3,0,0,-1.0,-1.0,1,0,1,0,0.0,0.017232003689614715
1513,stimulus,45,3,5,1,0,-1.0,-1.0,1,0,1,0,0.0003106794906800987,0.017542683180294817
1514,stimulus,45,1,3,0,0,-1.0,-1.0,1,0,1,0,0.0,0.017542683180294817
1515,stimulus,45,4,5,1,1,1.0,1.0,0,nan,nan,nan,0.0,0.017542683180294817
1516,stimulus,45,0,6,1,0,-1.0,-1.0,1,1,0,0,0.0,0.017542683180294817
1517,stimulus,45,8,5,1,0,-1.0,-1.0,1,0,1,0,0.0,0.017542683180294817
1518,stimulus,45,2,3,0,1,1.0,1.0,0,nan,nan,nan,0.0,0.017542683180294817
1519,stimulus,45,0,2,0,0,-1.0,-1.0,1,1,0,0,0.0,0.017542683180294817
1520,stimulus,45,7,3,0,0,-1.0,-1.0,1,0,1,0,0.0003996291894282235,0.017542683180294817
1521,stimulus,45,6,3,0,0,-1.0,-1.0,1,0,1,0,0.0,0.017542683180294817
1522,stimulus,45,4,5,1,1,1.0,1.0,0,nan,nan,nan,0.0,0.017542683180294817
1523,stimulus,45,2,6,1,0,-1.0,-1.0,1,1,0,0,0.0,0.017542683180294817
1524,stimulus,45,8,5,1,0,-1.0,-1.0,1,0,1,0,0.0,0.017542683180294817
1525,stimulus,45,3,3,0,1,1.0,1.0,0,nan,nan,nan,0.0003106794906800987,0.017232003689614715
1526,stimulus,45,6,2,0,0,-1.0,-1.0,1,1,0,0,0.0003996291894282235,0.017232003689614715
1527,stimulus,45,6,5,1,1,1.0,1.0,0,nan,nan,nan,0.0,0.017232003689614715
1528,stimulus,45,4,6,1,0,-1.0,-1.0,1,1,0,0,0.0003106794906800987,0.017542683180294817
1529,stimulus,45,8,5,1,0,-1.0,-1.0,1,0,1,0,0.0,0.017542683180294817
1530,stimulus,45,0,5,1,0,-1.0,-1.0,1,0,1,0,0.0,0.017542683180294817
1531,stimulus,45,0,5,1,0,-1.0,-1.0,1,0,1,0,0.0,0.017542683180294817
1532,stimulus,45,1,3,0,0,-1.0,-1.0,1,0,1,0,0.0,0.017542683180294817
1533,stimulus,45,4,3,0,1,1.0,1.0,0,nan,nan,nan,0.0,0.017542683180294817
1534,stimulus,45,5,4,1,1,1.0,1.0,0,nan,nan,nan,0.0,0.017542683180294817
1535,stimulus,45,6,3,0,0,-1.0,-1.0,1,2,0,0,0.0,0.017542683180294817
1536,stimulus,45,5,3,0,0,-1.0,-1.0,1,0,1,0,0.0,0.017542683180294817
1537,stimulus,45,7,3,0,0,-1.0,-1.0,1,0,1,0,0.0003996291894282235,0.017542683180294817
1538,stimulus,45,0,3,0,0,-1.0,-1.0,1,0,1,0,0.0,0.017542683180294817
1539,stimulus,45,3,5,1,0,-1.0,-1.0,1,0,1,0,0.0003106794906800987,0.017853362670974916
1540,stimulus,45,0,5,1,0,-1.0,-1.0,1,0,1,0,0.0,0.017853362670974916
1541,stimulus,45,3,5,1,0,-1.0,-1.0,1,0,1,0,0.0003106794906800987,0.018164042161655014
1542,stimulus,45,7,3,0,0,-1.0,-1.0,1,0,1,0,0.0003996291894282235,0.018164042161655014
1543,stimulus,45,5,3,0,0,-1.0,-1.0,1,0,1,0,0.0,0.018164042161655014
1544,stimulus,45,4,5,1,1,1.0,1.0,0,nan,nan,nan,0.0,0.018164042161655014
1545,stimulus,45,7,6,1,1,1.0,1.0,0,nan,nan,nan,0.0,0.018164042161655014
1546,stimulus,45,1,7,1,0,-1.0,-1.0,1,2,0,0,0.0,0.018164042161655014
1547,stimulus,45,1,3,0,0,-1.0,-1.0,1,0,1,0,0.0,0.018164042161655014
1548,stimulus,45,4,3,0,1,1.0,1.0,0,nan,nan,nan,0.0,0.018164042161655014
1549,stimulus,45,4,2,0,0,-1.0,-1.0,1,1,0,0,0.0,0.018164042161655014
1550,stimulus,45,6,3,0,0,-1.0,-1.0,1,0,1,0,0.0,0.018164042161655014
1551,stimulus,45,0,5,1,0,-1.0,-1.0,1,0,1,0,0.0,0.018164042161655014
1552,stimulus,45,6,5,1,1,1.0,1.0,0,nan,nan,nan,0.0,0.018164042161655014
1553,stimulus,45,7,6,1,1,1.0,1.0,0,nan,nan,nan,0.0,0.018164042161655014
1554,stimulus,45,2,7,1,0,-1.0,-1.0,1,2,0,0,0.0,0.018164042161655014
1555,stimulus,45,4,3,0,1,1.0,1.0,0,nan,nan,nan,0.0,0.018164042161655014
1556,stimulus,45,0,4,1,0,-1.0,-1.0,1,1,0,0,0.0,0.018164042161655014
1557,stimulus,45,3,5,1,0,-1.0,-1.0,1,0,1,0,0.0003106794906800987,0.018474721652335113
1558,stimulus,45,6,5,1,1,1.0,1.0,0,nan,nan,nan,0.0,0.018474721652335113
1559,stimulus,45,6,4,0,0,-1.0,-1.0,1,1,0,0,0.0,0.018474721652335113
1560,stimulus,45,3,5,1,0,-1.0,-1.0,1,0,1,0,0.0003106794906800987,0.01878540114301521
1561,stimulus,45,1,5,1,0,-1.0,-1.0,1,0,1,0,0.0,0.01878540114301521
1562,stimulus,45,0,3,0,0,-1.0,-1.0,1,0,1,0,0.0,0.01878540114301521
1563,stimulus,45,4,3,0,1,1.0,1.0,0,nan,nan,nan,0.0,0.01878540114301521
1564,stimulus,45,3,2,0,1,1.0,1.0,0,nan,nan,nan,0.0,0.01878540114301521
1565,stimulus,45,6,3,1,0,-1.0,-1.0,1,2,0,0,0.0,0.01878540114301521
1566,stimulus,45,6,5,1,1,1.0,1.0,0,nan,nan,nan,0.0,0.01878540114301521
1567,stimulus,45,6,6,1,1,1.0,1.0,0,nan,nan,nan,0.0,0.01878540114301521
1568,stimulus,45,4,5,0,1,1.0,1.0,0,nan,nan,nan,0.0,0.01878540114301521
1569,stimulus,45,3,6,1,0,-1.0,-1.0,1,3,0,1,0.0,0.01878540114301521
1570,stimulus,45,8,3,0,0,-1.0,-1.0,1,0,1,0,0.0,0.01878540114301521
1571,stimulus,45,5,3,0,0,-1.0,-1.0,1,0,1,0,0.0,0.01878540114301521
1572,stimulus,45,2,3,0,1,1.0,1.0,0,nan,nan,nan,0.0,0.01878540114301521
1573,stimulus,45,3,4,1,1,1.0,1.0,0,nan,nan,nan,0.0,0.01878540114301521
1574,stimulus,45,3,5,1,0,-1.0,-1.0,1,2,0,0,0.0003106794906800987,0.019096080633695313
1575,stimulus,45,6,3,0,0,-1.0,-1.0,1,0,1,0,0.0,0.019096080633695313
1576,stimulus,45,4,3,0,1,1.0,1.0,0,nan,nan,nan,0.0,0.019096080633695313
1577,stimulus,45,3,2,0,1,1.0,1.0,0,nan,nan,nan,0.0,0.019096080633695313
1578,stimulus,45,6,1,0,0,-1.0,-1.0,1,2,0,0,0.0,0.019096080633695313
1579,stimulus,45,1,3,0,0,-1.0,-1.0,1,0,1,0,0.0,0.019096080633695313
1580,stimulus,45,5,3,0,0,-1.0,-1.0,1,0,1,0,0.0,0.019096080633695313
1581,stimulus,45,7,3,0,0,-1.0,-1.0,1,0,1,0,0.0003996291894282235,0.019096080633695313
1582,stimulus,45,2,5,1,0,-1.0,-1.0,1,0,1,0,0.0,0.019096080633695313
1583,stimulus,45,6,5,1,1,1.0,1.0,0,nan,nan,nan,0.0,0.019096080633695313
1584,stimulus,45,2,4,0,0,-1.0,-1.0,1,1,0,0,0.0,0.019096080633695313
1585,stimulus,45,7,3,0,0,-1.0,-1.0,1,0,1,0,0.0003996291894282235,0.019096080633695313
1586,stimulus,45,3,5,1,0,-1.0,-1.0,1,0,1,0,0.0003996291894282235,0.01949570982312354
1587,stimulus,45,8,5,1,0,-1.0,-1.0,1,0,1,0,0.0,0.01949570982312354
1588,stimulus,45,1,3,0,0,-1.0,-1.0,1,0,1,0,0.0,0.01949570982312354
1589,stimulus,45,2,5,1,0,-1.0,-1.0,1,0,1,0,0.0,0.01949570982312354
1590,stimulus,45,5,3,0,0,-1.0,-1.0,1,0,1,0,0.0,0.01949570982312354
1591,stimulus,45,5,3,0,0,-1.0,-1.0,1,0,1,0,0.0,0.01949570982312354
1592,stimulus,45,0,5,1,0,-1.0,-1.0,1,0,1,0,0.0,0.01949570982312354
1593,stimulus,45,2,3,0,1,1.0,1.0,0,nan,nan,nan,0.0,0.01949570982312354
1594,stimulus,45,5,4,1,1,1.0,1.0,0,nan,nan,nan,0.0,0.01949570982312354
1595,stimulus,45,0,3,0,0,-1.0,-1.0,1,2,0,0,0.0,0.01949570982312354
1596,stimulus,45,2,5,1,0,-1.0,-1.0,1,0,1,0,0.0,0.01949570982312354
1597,stimulus,45,0,3,0,0,-1.0,-1.0,1,0,1,0,0.0,0.01949570982312354
1598,stimulus,45,7,3,0,0,-1.0,-1.0,1,0,1,0,0.0003996291894282235,0.01949570982312354
1599,stimulus,45,1,5,1,0,-1.0,-1.0,1,0,1,0,0.0,0.01949570982312354
1600,stimulus,45,7,3,0,0,-1.0,-1.0,1,0,1,0,0.0003996291894282235,0.01949570982312354
1601,stimulus,45,8,5,1,0,-1.0,-1.0,1,0,1,0,0.0,0.01949570982312354
1602,stimulus,45,3,5,1,0,-1.0,-1.0,1,0,1,0,0.0003996291894282235,0.01989533901255176
1603,stimulus,45,1,3,0,0,-1.0,-1.0,1,0,1,0,0.0,0.01989533901255176
1604,stimulus,45,0,5,1,0,-1.0,-1.0,1,0,1,0,0.0,0.01989533901255176
1605,stimulus,45,6,3,0,0,-1.0,-1.0,1,0,1,0,0.0,0.01989533901255176
1606,stimulus,45,2,3,0,1,1.0,1.0,0,nan,nan,nan,0.0,0.01989533901255176
1607,stimulus,45,7,4,1,0,-1.0,-1.0,1,1,0,0,0.0,0.01989533901255176
1608,stimulus,45,0,3,0,0,-1.0,-1.0,1,0,1,0,0.0,0.01989533901255176
1609,stimulus,45,8,3,0,0,-1.0,-1.0,1,0,1,0,0.0,0.01989533901255176
1610,stimulus,45,6,3,0,0,-1.0,-1.0,1,0,1,0,0.0,0.01989533901255176
1611,stimulus,45,5,3,0,0,-1.0,-1.0,1,0,1,0,0.0,0.01989533901255176
1612,stimulus,45,7,3,0,0,-1.0,-1.0,1,0,1,0,0.0003996291894282235,0.01989533901255176
1613,stimulus,45,8,3,0,0,-1.0,-1.0,1,0,1,0,0.0,0.01989533901255176
1614,stimulus,45,8,3,0,0,-1.0,-1.0,1,0,1,0,0.0,0.01989533901255176
1615,stimulus,45,5,5,1,1,1.0,1.0,0,nan,nan,nan,0.0,0.01989533901255176
1616,stimulus,45,1,4,0,0,-1.0,-1.0,1,1,0,0,0.0,0.01989533901255176
1617,stimulus,45,4,3,0,1,1.0,1.0,0,nan,nan,nan,0.0,0.01989533901255176
1618,stimulus,45,8,4,1,0,-1.0,-1.0,1,1,0,0,0.0,0.01989533901255176
1619,stimulus,45,2,5,1,0,-1.0,-1.0,1,0,1,0,0.0,0.01989533901255176
1620,stimulus,45,0,3,0,0,-1.0,-1.0,1,0,1,0,0.0,0.01989533901255176
1621,stimulus,45,8,5,1,0,-1.0,-1.0,1,0,1,0,0.0,0.01989533901255176
1622,stimulus,45,0,5,1,0,-1.0,-1.0,1,0,1,0,0.0,0.01989533901255176
1623,stimulus,45,3,5,1,0,-1.0,-1.0,1,0,1,0,0.0003996291894282235,0.020294968201979992
1624,stimulus,45,1,5,1,0,-1.0,-1.0,1,0,1,0,0.0,0.020294968201979992
1625,stimulus,45,8,3,0,0,-1.0,-1.0,1,0,1,0,0.0,0.020294968201979992
1626,stimulus,45,2,3,0,1,1.0,1.0,0,nan,nan,nan,0.0,0.020294968201979992
1627,stimulus,45,4,2,0,0,-1.0,-1.0,1,1,0,0,0.0,0.020294968201979992
1628,stimulus,45,1,5,1,0,-1.0,-1.0,1,0,1,0,0.0,0.020294968201979992
1629,stimulus,45,7,3,0,0,-1.0,-1.0,1,0,1,0,0.0003996291894282235,0.020294968201979992
1630,stimulus,45,3,5,1,0,-1.0,-1.0,1,0,1,0,0.0003996291894282235,0.02069459739140821
1631,stimulus,45,8,3,0,0,-1.0,-1.0,1,0,1,0,0.0,0.02069459739140821
1632,stimulus,45,7,3,0,0,-1.0,-1.0,1,0,1,0,0.0003996291894282235,0.02069459739140821
1633,stimulus,45,0,5,1,0,-1.0,-1.0,1,0,1,0,0.0,0.02069459739140821
1634,stimulus,45,0,3,0,0,-1.0,-1.0,1,0,1,0,0.0,0.02069459739140821
1635,stimulus,45,5,3,0,0,-1.0,-1.0,1,0,1,0,0.0,0.02069459739140821
1636,stimulus,45,7,3,0,0,-1.0,-1.0,1,0,1,0,0.0003996291894282235,0.02069459739140821
1637,stimulus,45,4,5,1,1,1.0,1.0,0,nan,nan,nan,0.0,0.02069459739140821
1638,stimulus,45,8,4,0,0,-1.0,-1.0,1,1,0,0,0.0003996291894282235,0.02069459739140821
1639,stimulus,45,0,3,0,0,-1.0,-1.0,1,0,1,0,0.0,0.02069459739140821
1640,stimulus,45,0,3,0,0,-1.0,-1.0,1,0,1,0,0.0,0.02069459739140821
1641,stimulus,45,6,5,1,1,1.0,1.0,0,nan,nan,nan,0.0,0.02069459739140821
1642,stimulus,45,1,4,0,0,-1.0,-1.0,1,1,0,0,0.0,0.02069459739140821
1643,stimulus,45,3,5,1,0,-1.0,-1.0,1,0,1,0,0.0003996291894282235,0.02109422658083644
1644,stimulus,45,5,5,1,1,1.0,1.0,0,nan,nan,nan,0.0,0.02109422658083644
1645,stimulus,45,5,6,1,1,1.0,1.0,0,nan,nan,nan,0.0,0.02109422658083644
1646,stimulus,45,1,5,0,0,-1.0,-1.0,1,2,0,0,0.0,0.02109422658083644
1647,stimulus,45,7,3,0,0,-1.0,-1.0,1,0,1,0,0.0003996291894282235,0.02109422658083644
1648,stimulus,45,4,3,0,1,1.0,1.0,0,nan,nan,nan,0.0,0.02109422658083644
1649,stimulus,45,4,2,0,0,-1.0,-1.0,1,1,0,0,0.0,0.02109422658083644
1650,stimulus,45,3,5,1,0,-1.0,-1.0,1,0,1,0,0.0003996291894282235,0.021493855770264657
1651,stimulus,45,7,3,0,0,-1.0,-1.0,1,0,1,0,0.0003996291894282235,0.021493855770264657
1652,stimulus,45,1,5,1,0,-1.0,-1.0,1,0,1,0,0.0,0.021493855770264657
1653,stimulus,45,8,5,1,0,-1.0,-1.0,1,0,1,0,0.0,0.021493855770264657
1654,stimulus,45,3,5,1,0,-1.0,-1.0,1,0,1,0,0.0003996291894282235,0.02189348495969289
1655,stimulus,45,2,5,1,0,-1.0,-1.0,1,0,1,0,0.0,0.02189348495969289
1656,stimulus,45,4,3,0,1,1.0,1.0,0,nan,nan,nan,0.0,0.02189348495969289
1657,stimulus,45,0,2,0,0,-1.0,-1.0,1,1,0,0,0.0,0.02189348495969289
1658,stimulus,45,8,5,1,0,-1.0,-1.0,1,0,1,0,0.0,0.02189348495969289
1659,stimulus,45,0,5,1,0,-1.0,-1.0,1,0,1,0,0.0,0.02189348495969289
1660,stimulus,45,3,5,1,0,-1.0,-1.0,1,0,1,0,0.0003996291894282235,0.022293114149121107
1661,stimulus,45,2,3,0,1,1.0,1.0,0,nan,nan,nan,0.0,0.022293114149121107
1662,stimulus,45,6,2,0,0,-1.0,-1.0,1,1,0,0,0.0003996291894282235,0.022293114149121107
1663,stimulus,45,1,3,0,0,-1.0,-1.0,1,0,1,0,0.0,0.022293114149121107
1664,stimulus,45,1,5,1,0,-1.0,-1.0,1,0,1,0,0.0,0.022293114149121107
1665,stimulus,45,6,5,1,1,1.0,1.0,0,nan,nan,nan,0.0,0.022293114149121107
1666,stimulus,45,8,4,0,0,-1.0,-1.0,1,1,0,0,0.0003996291894282235,0.022293114149121107
1667,stimulus,45,1,5,1,0,-1.0,-1.0,1,0,1,0,0.0,0.022293114149121107
1668,stimulus,45,0,3,0,0,-1.0,-1.0,1,0,1,0,0.0,0.022293114149121107
1669,stimulus,45,2,5,1,0,-1.0,-1.0,1,0,1,0,0.0,0.022293114149121107
1670,stimulus,45,4,5,1,1,1.0,1.0,0,nan,nan,nan,0.0,0.022293114149121107
1671,stimulus,45,2,4,0,0,-1.0,-1.0,1,1,0,0,0.0,0.022293114149121107
1672,stimulus,45,6,5,1,1,1.0,1.0,0,nan,nan,nan,0.0,0.022293114149121107
1673,stimulus,45,8,4,0,0,-1.0,-1.0,1,1,0,0,0.0003996291894282235,0.022293114149121107
1674,stimulus,45,3,5,1,0,-1.0,-1.0,1,0,1,0,0.0003996291894282235,0.022692743338549336
1675,stimulus,45,2,3,0,1,1.0,1.0,0,nan,nan,nan,0.0,0.022692743338549336
1676,stimulus,45,7,2,0,0,-1.0,-1.0,1,1,0,0,0.0,0.022692743338549336
1677,stimulus,45,5,3,0,0,-1.0,-1.0,1,0,1,0,0.0,0.022692743338549336
1678,stimulus,45,4,3,0,1,1.0,1.0,0,nan,nan,nan,0.0,0.022692743338549336
1679,stimulus,45,8,2,0,0,-1.0,-1.0,1,1,0,0,0.0,0.022692743338549336
1680,stimulus,45,5,3,0,0,-1.0,-1.0,1,0,1,0,0.0,0.022692743338549336
1681,stimulus,45,6,5,1,1,1.0,1.0,0,nan,nan,nan,0.0,0.022692743338549336
1682,stimulus,45,1,6,1,0,-1.0,-1.0,1,1,0,0,0.0,0.022692743338549336
1683,stimulus,45,7,3,0,0,-1.0,-1.0,1,0,1,0,0.0003996291894282235,0.022692743338549336
1684,stimulus,45,7,3,0,0,-1.0,-1.0,1,0,1,0,0.0003996291894282235,0.022692743338549336
1685,stimulus,45,6,3,0,0,-1.0,-1.0,1,0,1,0,0.0,0.022692743338549336
1686,stimulus,45,8,5,1,0,-1.0,-1.0,1,0,1,0,0.0,0.022692743338549336
1687,stimulus,45,4,3,0,1,1.0,1.0,0,nan,nan,nan,0.0,0.022692743338549336
1688,stimulus,45,0,4,1,0,-1.0,-1.0,1,1,0,0,0.0,0.022692743338549336
1689,stimulus,45,3,5,1,0,-1.0,-1.0,1,0,1,0,0.0003996291894282235,0.023092372527977557
1690,stimulus,45,3,5,1,0,-1.0,-1.0,1,0,1,0,0.0003996291894282235,0.023492001717405786
1691,stimulus,45,3,5,1,0,-1.0,-1.0,1,0,1,0,0.0003996291894282235,0.023891630906834004
1692,stimulus,45,3,5,1,0,-1.0,-1.0,1,0,1,0,0.0003996291894282235,0.024291260096262236
1693,stimulus,45,3,5,1,0,-1.0,-1.0,1,0,1,0,0.0003996291894282235,0.024690889285690455
1694,stimulus,45,2,5,1,0,-1.0,-1.0,1,0,1,0,0.0,0.024690889285690455
1695,stimulus,45,4,5,1,1,1.0,1.0,0,nan,nan,nan,0.0,0.024690889285690455
1696,stimulus,45,2,4,0,0,-1.0,-1.0,1,1,0,0,0.0,0.024690889285690455
1697,stimulus,45,0,3,0,0,-1.0,-1.0,1,0,1,0,0.0,0.024690889285690455
1698,stimulus,45,7,3,0,0,-1.0,-1.0,1,0,1,0,0.0003996291894282235,0.024690889285690455
1699,stimulus,45,3,5,1,0,-1.0,-1.0,1,0,1,0,0.0003996291894282235,0.024718989727356443
1700,stimulus,45,2,3,0,1,1.0,1.0,0,nan,nan,nan,0.0,0.024718989727356443
1701,stimulus,45,6,2,0,0,-1.0,-1.0,1,1,0,0,0.0003996291894282235,0.024718989727356443
1702,stimulus,45,7,3,0,0,-1.0,-1.0,1,0,1,0,0.0003996291894282235,0.024718989727356443
1703,stimulus,45,8,3,0,0,-1.0,-1.0,1,0,1,0,0.0,0.024718989727356443
1704,stimulus,45,1,3,0,0,-1.0,-1.0,1,0,1,0,0.0,0.024718989727356443
1705,stimulus,45,4,5,1,1,1.0,1.0,0,nan,nan,nan,0.0,0.024718989727356443
1706,stimulus,45,5,4,0,1,1.0,1.0,0,nan,nan,nan,0.0,0.024718989727356443
1707,stimulus,45,5,3,0,0,-1.0,-1.0,1,2,0,0,0.0,0.024718989727356443
1708,stimulus,45,2,5,1,0,-1.0,-1.0,1,0,1,0,0.0,0.024718989727356443
1709,stimulus,45,1,3,0,0,-1.0,-1.0,1,0,1,0,0.0,0.024718989727356443
1710,stimulus,45,0,3,0,0,-1.0,-1.0,1,0,1,0,0.0,0.024718989727356443
1711,stimulus,45,1,5,1,0,-1.0,-1.0,1,0,1,0,0.0,0.024718989727356443
1712,stimulus,45,8,3,0,0,-1.0,-1.0,1,0,1,0,0.0,0.024718989727356443
1713,stimulus,45,4,3,0,1,1.0,1.0,0,nan,nan,nan,0.0,0.024718989727356443
1714,stimulus,45,5,4,1,1,1.0,1.0,0,nan,nan,nan,0.0,0.024718989727356443
1715,stimulus,45,5,5,1,1,1.0,1.0,0,nan,nan,nan,0.0,0.024718989727356443
1716,stimulus,45,4,6,1,0,-1.0,-1.0,1,3,0,1,0.0003996291894282235,0.024718989727356443
1717,stimulus,45,0,5,1,0,-1.0,-1.0,1,0,1,0,0.0,0.024718989727356443
1718,stimulus,45,2,5,1,0,-1.0,-1.0,1,0,1,0,0.0,0.024718989727356443
1719,stimulus,45,2,5,1,0,-1.0,-1.0,1,0,1,0,0.0,0.024718989727356443
1720,stimulus,45,0,3,0,0,-1.0,-1.0,1,0,1,0,0.0,0.024718989727356443
1721,stimulus,45,1,3,0,0,-1.0,-1.0,1,0,1,0,0.0,0.024718989727356443
1722,stimulus,45,8,3,0,0,-1.0,-1.0,1,0,1,0,0.0,0.024718989727356443
1723,stimulus,45,2,5,1,0,-1.0,-1.0,1,0,1,0,0.0,0.024718989727356443
1724,stimulus,45,3,5,1,0,-1.0,-1.0,1,0,1,0,0.0003996291894282235,0.024718989727356443
1725,stimulus,45,7,3,0,0,-1.0,-1.0,1,0,1,0,0.0003996291894282235,0.024718989727356443
1726,stimulus,45,1,5,1,0,-1.0,-1.0,1,0,1,0,0.0,0.024718989727356443
1727,stimulus,45,5,3,0,0,-1.0,-1.0,1,0,1,0,0.0,0.024718989727356443
1728,stimulus,45,3,5,1,0,-1.0,-1.0,1,0,1,0,0.0003996291894282235,0.024718989727356443
1729,stimulus,45,1,3,0,0,-1.0,-1.0,1,0,1,0,0.0,0.024718989727356443
1730,stimulus,45,0,5,1,0,-1.0,-1.0,1,0,1,0,0.0,0.024718989727356443
1731,stimulus,45,0,5,1,0,-1.0,-1.0,1,0,1,0,0.0,0.024718989727356443
1732,stimulus,45,6,3,0,0,-1.0,-1.0,1,0,1,0,0.0,0.024718989727356443
1733,stimulus,45,7,3,0,0,-1.0,-1.0,1,0,1,0,0.0003996291894282235,0.024718989727356443
1734,stimulus,45,5,3,0,0,-1.0,-1.0,1,0,1,0,0.0,0.024718989727356443
1735,stimulus,45,5,5,1,1,1.0,1.0,0,nan,nan,nan,0.0,0.024718989727356443
1736,stimulus,45,3,6,1,0,-1.0,-1.0,1,1,0,0,0.0,0.024718989727356443
1737,stimulus,45,8,3,0,0,-1.0,-1.0,1,0,1,0,0.0,0.024718989727356443
1738,stimulus,45,3,5,1,0,-1.0,-1.0,1,0,1,0,0.0003996291894282235,0.024718989727356443
1739,stimulus,45,3,5,1,0,-1.0,-1.0,1,0,1,0,0.0003996291894282235,0.024718989727356443
1740,stimulus,45,1,3,0,0,-1.0,-1.0,1,0,1,0,0.0,0.024718989727356443
1741,stimulus,45,8,3,0,0,-1.0,-1.0,1,0,1,0,0.0,0.024718989727356443
1742,stimulus,45,0,5,1,0,-1.0,-1.0,1,0,1,0,0.0,0.024718989727356443
1743,stimulus,45,5,3,0,0,-1.0,-1.0,1,0,1,0,0.0,0.024718989727356443
1744,stimulus,45,4,3,0,1,1.0,1.0,0,nan,nan,nan,0.0,0.024718989727356443
1745,stimulus,45,2,4,1,0,-1.0,-1.0,1,1,0,0,0.0003996291894282235,0.024718989727356443
1746,stimulus,45,0,3,0,0,-1.0,-1.0,1,0,1,0,0.0,0.024718989727356443
1747,stimulus,45,5,5,1,1,1.0,1.0,0,nan,nan,nan,0.0,0.024718989727356443
1748,stimulus,45,5,4,0,1,1.0,1.0,0,nan,nan,nan,0.0,0.024718989727356443
1749,stimulus,45,8,3,0,0,-1.0,-1.0,1,2,0,0,0.0,0.024718989727356443
1750,stimulus,45,1,3,0,0,-1.0,-1.0,1,0,1,0,0.0,0.024718989727356443
1751,stimulus,45,6,3,0,0,-1.0,-1.0,1,0,1,0,0.0,0.024718989727356443
1752,stimulus,45,0,5,1,0,-1.0,-1.0,1,0,1,0,0.0,0.024718989727356443
1753,stimulus,45,5,5,1,1,1.0,1.0,0,nan,nan,nan,0.0,0.024718989727356443
1754,stimulus,45,8,4,0,0,-1.0,-1.0,1,1,0,0,0.0003996291894282235,0.024718989727356443
1755,stimulus,45,5,3,0,0,-1.0,-1.0,1,0,1,0,0.0,0.024718989727356443
1756,stimulus,45,4,5,1,1,1.0,1.0,0,nan,nan,nan,0.0,0.024718989727356443
1757,stimulus,45,5,6,1,1,1.0,1.0,0,nan,nan,nan,0.0,0.024718989727356443
1758,stimulus,45,0,5,0,0,-1.0,-1.0,1,2,0,0,0.0,0.024718989727356443
1759,stimulus,45,3,5,1,0,-1.0,-1.0,1,0,1,0,0.0003996291894282235,0.024718989727356443
1760,stimulus,45,0,5,1,0,-1.0,-1.0,1,0,1,0,0.0,0.024718989727356443
1761,stimulus,45,8,5,1,0,-1.0,-1.0,1,0,1,0,0.0,0.024718989727356443
1762,stimulus,45,3,5,1,0,-1.0,-1.0,1,0,1,0,0.0003996291894282235,0.024718989727356443
1763,stimulus,45,4,3,0,1,1.0,1.0,0,nan,nan,nan,0.0,0.024718989727356443
1764,stimulus,45,2,4,1,0,-1.0,-1.0,1,1,0,0,0.0003996291894282235,0.024718989727356443
1765,stimulus,45,1,5,1,0,-1.0,-1.0,1,0,1,0,0.0,0.024718989727356443
1766,stimulus,45,3,5,1,0,-1.0,-1.0,1,0,1,0,0.0003996291894282235,0.024718989727356443
1767,stimulus,45,1,5,1,0,-1.0,-1.0,1,0,1,0,0.0,0.024718989727356443
1768,stimulus,45,5,5,1,1,1.0,1.0,0,nan,nan,nan,0.0,0.024718989727356443
1769,stimulus,45,0,4,0,0,-1.0,-1.0,1,1,0,0,0.0,0.024718989727356443
1770,stimulus,45,0,3,0,0,-1.0,-1.0,1,0,1,0,0.0,0.024718989727356443
1771,stimulus,45,5,5,1,1,1.0,1.0,0,nan,nan,nan,0.0,0.024718989727356443
1772,stimulus,45,4,6,1,0,-1.0,-1.0,1,1,0,0,0.0003996291894282235,0.024718989727356443
1773,stimulus,45,7,3,0,0,-1.0,-1.0,1,0,1,0,0.0003996291894282235,0.024718989727356443
1774,stimulus,45,0,3,0,0,-1.0,-1.0,1,0,1,0,0.0,0.024718989727356443
1775,stimulus,45,8,5,1,0,-1.0,-1.0,1,0,1,0,0.0,0.024718989727356443
1776,stimulus,45,1,3,0,0,-1.0,-1.0,1,0,1,0,0.0,0.024718989727356443
1777,stimulus,45,2,5,1,0,-1.0,-1.0,1,0,1,0,0.0,0.024718989727356443
1778,stimulus,45,6,3,0,0,-1.0,-1.0,1,0,1,0,0.0,0.024718989727356443
1779,stimulus,45,1,5,1,0,-1.0,-1.0,1,0,1,0,0.0,0.024718989727356443
1780,stimulus,45,8,3,0,0,-1.0,-1.0,1,0,1,0,0.0,0.024718989727356443
1781,stimulus,45,7,5,1,0,-1.0,-1.0,1,0,1,0,0.0003996291894282235,0.024718989727356443
1782,stimulus,45,4,5,1,1,1.0,1.0,0,nan,nan,nan,0.0,0.024718989727356443
1783,stimulus,45,3,4,0,1,1.0,1.0,0,nan,nan,nan,0.0,0.024718989727356443
1784,stimulus,45,3,5,1,0,-1.0,-1.0,1,2,0,0,0.0003996291894282235,0.024718989727356443
1785,stimulus,45,5,3,0,0,-1.0,-1.0,1,0,1,0,0.0,0.024718989727356443
1786,stimulus,45,4,5,1,1,1.0,1.0,0,nan,nan,nan,0.0,0.024718989727356443
1787,stimulus,45,5,4,0,1,1.0,1.0,0,nan,nan,nan,0.0,0.024718989727356443
1788,stimulus,45,5,3,0,0,-1.0,-1.0,1,2,0,0,0.0,0.024718989727356443
1789,stimulus,45,4,5,1,1,1.0,1.0,0,nan,nan,nan,0.0,0.024718989727356443
1790,stimulus,45,4,6,1,0,-1.0,-1.0,1,1,0,0,0.0003996291894282235,0.024718989727356443
1791,stimulus,45,0,5,1,0,-1.0,-1.0,1,0,1,0,0.0,0.024718989727356443
1792,stimulus,45,3,5,1,0,-1.0,-1.0,1,0,1,0,0.0003996291894282235,0.024718989727356443
1793,stimulus,45,8,5,1,0,-1.0,-1.0,1,0,1,0,0.0,0.024718989727356443
1794,stimulus,45,6,3,0,0,-1.0,-1.0,1,0,1,0,0.0,0.024718989727356443
1795,stimulus,45,5,5,1,1,1.0,1.0,0,nan,nan,nan,0.0,0.024718989727356443
1796,stimulus,45,1,6,1,0,-1.0,-1.0,1,1,0,0,0.0,0.024718989727356443
1797,stimulus,45,1,3,0,0,-1.0,-1.0,1,0,1,0,0.0,0.024718989727356443
1798,stimulus,45,2,3,0,1,1.0,1.0,0,nan,nan,nan,0.0,0.024718989727356443
1799,stimulus,45,7,4,1,0,-1.0,-1.0,1,1,0,0,0.0,0.024718989727356443
1800,stimulus,45,3,5,1,0,-1.0,-1.0,1,0,1,0,0.0003996291894282235,0.024718989727356443
1801,stimulus,45,3,5,1,0,-1.0,-1.0,1,0,1,0,0.0003996291894282235,0.024718989727356443
1802,stimulus,45,7,5,1,0,-1.0,-1.0,1,0,1,0,0.0003996291894282235,0.024718989727356443
1803,stimulus,45,1,3,0,0,-1.0,-1.0,1,0,1,0,0.0,0.024718989727356443
1804,stimulus,45,7,3,0,0,-1.0,-1.0,1,0,1,0,0.0003996291894282235,0.024718989727356443
1805,stimulus,45,1,5,1,0,-1.0,-1.0,1,0,1,0,0.0,0.024718989727356443
1806,stimulus,45,6,3,0,0,-1.0,-1.0,1,0,1,0,0.0,0.024718989727356443
1807,stimulus,45,5,3,0,0,-1.0,-1.0,1,0,1,0,0.0,0.024718989727356443
1808,stimulus,45,7,3,0,0,-1.0,-1.0,1,0,1,0,0.0003996291894282235,0.024718989727356443
1809,stimulus,45,1,5,1,0,-1.0,-1.0,1,0,1,0,0.0,0.024718989727356443
1810,stimulus,45,7,3,0,0,-1.0,-1.0,1,0,1,0,0.0003996291894282235,0.024718989727356443
1811,stimulus,45,4,3,0,1,1.0,1.0,0,nan,nan,nan,0.0,0.024718989727356443
1812,stimulus,45,0,2,0,0,-1.0,-1.0,1,1,0,0,0.0,0.024718989727356443
1813,stimulus,45,6,3,0,0,-1.0,-1.0,1,0,1,0,0.0,0.024718989727356443
1814,stimulus,45,2,5,1,0,-1.0,-1.0,1,0,1,0,0.0,0.024718989727356443
1815,stimulus,45,4,5,1,1,1.0,1.0,0,nan,nan,nan,0.0,0.024718989727356443
1816,stimulus,45,8,4,0,0,-1.0,-1.0,1,1,0,0,0.0003996291894282235,0.024718989727356443
1817,stimulus,45,6,5,1,1,1.0,1.0,0,nan,nan,nan,0.0,0.024718989727356443
1818,stimulus,45,5,4,0,1,1.0,1.0,0,nan,nan,nan,0.0,0.024718989727356443
1819,stimulus,45,5,5,1,1,1.0,1.0,0,nan,nan,nan,0.0,0.024718989727356443
1820,stimulus,45,1,6,1,0,-1.0,-1.0,1,3,0,1,0.0,0.024718989727356443
1821,stimulus,45,4,5,1,1,1.0,1.0,0,nan,nan,nan,0.0,0.024718989727356443
1822,stimulus,45,8,4,0,0,-1.0,-1.0,1,1,0,0,0.0003996291894282235,0.024718989727356443
1823,stimulus,45,4,3,0,1,1.0,1.0,0,nan,nan,nan,0.0,0.024718989727356443
1824,stimulus,45,8,2,0,0,-1.0,-1.0,1,1,0,0,0.0,0.024718989727356443
1825,stimulus,45,0,3,0,0,-1.0,-1.0,1,0,1,0,0.0,0.024718989727356443
1826,stimulus,45,4,3,0,1,1.0,1.0,0,nan,nan,nan,0.0,0.024718989727356443
1827,stimulus,45,3,2,0,1,1.0,1.0,0,nan,nan,nan,0.0,0.024718989727356443
1828,stimulus,45,3,3,1,1,1.0,1.0,0,nan,nan,nan,0.0,0.024718989727356443
1829,stimulus,45,3,2,0,1,1.0,1.0,0,nan,nan,nan,0.0,0.024718989727356443
1830,stimulus,45,3,1,0,0,-1.0,-1.0,1,4,0,1,0.0,0.024718989727356443
1831,stimulus,45,6,5,1,1,1.0,1.0,0,nan,nan,nan,0.0,0.024718989727356443
1832,stimulus,45,1,4,0,0,-1.0,-1.0,1,1,0,0,0.0,0.024718989727356443
1833,stimulus,45,3,5,1,0,-1.0,-1.0,1,0,1,0,0.0003996291894282235,0.024718989727356443
1834,stimulus,45,1,5,1,0,-1.0,-1.0,1,0,1,0,0.0,0.024718989727356443
1835,stimulus,45,0,3,0,0,-1.0,-1.0,1,0,1,0,0.0,0.024718989727356443
1836,stimulus,45,8,5,1,0,-1.0,-1.0,1,0,1,0,0.0,0.024718989727356443
1837,stimulus,45,0,5,1,0,-1.0,-1.0,1,0,1,0,0.0,0.024718989727356443
1838,stimulus,45,8,5,1,0,-1.0,-1.0,1,0,1,0,0.0,0.024718989727356443
1839,stimulus,45,5,5,1,1,1.0,1.0,0,nan,nan,nan,0.0,0.024718989727356443
1840,stimulus,45,0,6,1,0,-1.0,-1.0,1,1,0,0,0.0,0.024718989727356443
1841,stimulus,45,1,5,1,0,-1.0,-1.0,1,0,1,0,0.0,0.024718989727356443
1842,stimulus,45,5,5,1,1,1.0,1.0,0,nan,nan,nan,0.0,0.024718989727356443
1843,stimulus,45,5,4,0,1,1.0,1.0,0,nan,nan,nan,0.0,0.024718989727356443
1844,stimulus,45,2,3,0,1,1.0,1.0,0,nan,nan,nan,0.0,0.024718989727356443
1845,stimulus,45,2,4,1,0,-1.0,-1.0,1,3,0,1,0.0003996291894282235,0.024718989727356443
1846,stimulus,45,4,5,1,1,1.0,1.0,0,nan,nan,nan,0.0,0.024718989727356443
1847,stimulus,45,7,6,1,1,1.0,1.0,0,nan,nan,nan,0.0,0.024718989727356443
1848,stimulus,45,8,5,0,0,-1.0,-1.0,1,2,0,0,0.0,0.024718989727356443
1849,stimulus,45,1,3,0,0,-1.0,-1.0,1,0,1,0,0.0,0.024718989727356443
1850,stimulus,45,8,5,1,0,-1.0,-1.0,1,0,1,0,0.0,0.024718989727356443
1851,stimulus,45,5,5,1,1,1.0,1.0,0,nan,nan,nan,0.0,0.024718989727356443
1852,stimulus,45,5,4,0,1,1.0,1.0,0,nan,nan,nan,0.0,0.024718989727356443
1853,stimulus,45,2,5,1,0,-1.0,-1.0,1,2,0,0,0.0,0.024718989727356443
1854,stimulus,45,0,3,0,0,-1.0,-1.0,1,0,1,0,0.0,0.024718989727356443
1855,stimulus,45,6,5,1,1,1.0,1.0,0,nan,nan,nan,0.0,0.024718989727356443
1856,stimulus,45,2,6,1,0,-1.0,-1.0,1,1,0,0,0.0,0.024718989727356443
1857,stimulus,45,2,5,1,0,-1.0,-1.0,1,0,1,0,0.0,0.024718989727356443
1858,stimulus,45,8,5,1,0,-1.0,-1.0,1,0,1,0,0.0,0.024718989727356443
1859,stimulus,45,1,5,1,0,-1.0,-1.0,1,0,1,0,0.0,0.024718989727356443
1860,stimulus,45,0,5,1,0,-1.0,-1.0,1,0,1,0,0.0,0.024718989727356443
1861,stimulus,45,4,5,1,1,1.0,1.0,0,nan,nan,nan,0.0,0.024718989727356443
1862,stimulus,45,3,6,1,0,-1.0,-1.0,1,1,0,0,0.0,0.024718989727356443
1863,stimulus,45,7,3,0,0,-1.0,-1.0,1,0,1,0,0.0003996291894282235,0.024718989727356443
1864,stimulus,45,5,3,0,0,-1.0,-1.0,1,0,1,0,0.0,0.024718989727356443
1865,stimulus,45,3,5,1,0,-1.0,-1.0,1,0,1,0,0.0003996291894282235,0.024718989727356443
1866,stimulus,45,3,5,1,0,-1.0,-1.0,1,0,1,0,0.0003996291894282235,0.024718989727356443
1867,stimulus,45,5,3,0,0,-1.0,-1.0,1,0,1,0,0.0,0.024718989727356443
1868,stimulus,45,8,5,1,0,-1.0,-1.0,1,0,1,0,0.0,0.024718989727356443
1869,stimulus,45,0,3,0,0,-1.0,-1.0,1,0,1,0,0.0,0.024718989727356443
1870,stimulus,45,4,3,0,1,1.0,1.0,0,nan,nan,nan,0.0,0.024718989727356443
1871,stimulus,45,5,4,1,1,1.0,1.0,0,nan,nan,nan,0.0,0.024718989727356443
1872,stimulus,45,6,5,1,1,1.0,1.0,0,nan,nan,nan,0.0,0.024718989727356443
1873,stimulus,45,2,4,0,0,-1.0,-1.0,1,3,0,1,0.0,0.024718989727356443
1874,stimulus,45,2,5,1,0,-1.0,-1.0,1,0,1,0,0.0,0.024718989727356443
1875,stimulus,45,8,3,0,0,-1.0,-1.0,1,0,1,0,0.0,0.024718989727356443
1876,stimulus,45,2,3,0,1,1.0,1.0,0,nan,nan,nan,0.0,0.024718989727356443
1877,stimulus,45,7,4,1,0,-1.0,-1.0,1,1,0,0,0.0,0.024718989727356443
1878,stimulus,45,5,5,1,1,1.0,1.0,0,nan,nan,nan,0.0,0.024718989727356443
1879,stimulus,45,1,4,0,0,-1.0,-1.0,1,1,0,0,0.0,0.024718989727356443
1880,stimulus,45,7,3,0,0,-1.0,-1.0,1,0,1,0,0.0003996291894282235,0.024718989727356443
1881,stimulus,45,6,3,0,0,-1.0,-1.0,1,0,1,0,0.0,0.024718989727356443
1882,stimulus,45,5,5,1,1,1.0,1.0,0,nan,nan,nan,0.0,0.024718989727356443
1883,stimulus,45,0,4,0,0,-1.0,-1.0,1,1,0,0,0.0,0.024718989727356443
1884,stimulus,45,2,3,0,1,1.0,1.0,0,nan,nan,nan,0.0,0.024718989727356443
1885,stimulus,45,1,2,0,1,1.0,1.0,0,nan,nan,nan,0.0,0.024718989727356443
1886,stimulus,45,6,3,1,0,-1.0,-1.0,1,2,0,0,0.0,0.024718989727356443
1887,stimulus,45,1,5,1,0,-1.0,-1.0,1,0,1,0,0.0,0.024718989727356443
1888,stimulus,45,8,5,1,0,-1.0,-1.0,1,0,1,0,0.0,0.024718989727356443
1889,stimulus,45,6,3,0,0,-1.0,-1.0,1,0,1,0,0.0,0.024718989727356443
1890,stimulus,45,0,5,1,0,-1.0,-1.0,1,0,1,0,0.0,0.024718989727356443
1891,stimulus,45,7,3,0,0,-1.0,-1.0,1,0,1,0,0.0003996291894282235,0.024718989727356443
1892,stimulus,45,0,5,1,0,-1.0,-1.0,1,0,1,0,0.0,0.024718989727356443
1893,stimulus,45,6,5,1,1,1.0,1.0,0,nan,nan,nan,0.0,0.024718989727356443
1894,stimulus,45,6,4,0,0,-1.0,-1.0,1,1,0,0,0.0,0.024718989727356443
1895,stimulus,45,2,3,0,1,1.0,1.0,0,nan,nan,nan,0.0,0.024718989727356443
1896,stimulus,45,7,4,1,0,-1.0,-1.0,1,1,0,0,0.0,0.024718989727356443
1897,stimulus,45,6,5,1,1,1.0,1.0,0,nan,nan,nan,0.0,0.024718989727356443
1898,stimulus,45,3,6,1,0,-1.0,-1.0,1,1,0,0,0.0,0.024718989727356443
1899,stimulus,45,8,5,1,0,-1.0,-1.0,1,0,1,0,0.0,0.024718989727356443
1900,stimulus,45,4,5,1,1,1.0,1.0,0,nan,nan,nan,0.0,0.024718989727356443
1901,stimulus,45,1,6,1,0,-1.0,-1.0,1,1,0,0,0.0,0.024718989727356443
1902,stimulus,45,1,3,0,0,-1.0,-1.0,1,0,1,0,0.0,0.024718989727356443
1903,stimulus,45,3,5,1,0,-1.0,-1.0,1,0,1,0,0.0003996291894282235,0.024718989727356443
1904,stimulus,45,2,5,1,0,-1.0,-1.0,1,0,1,0,0.0,0.024718989727356443
1905,stimulus,45,1,5,1,0,-1.0,-1.0,1,0,1,0,0.0,0.024718989727356443
1906,stimulus,45,8,3,0,0,-1.0,-1.0,1,0,1,0,0.0,0.024718989727356443
1907,stimulus,45,3,5,1,0,-1.0,-1.0,1,0,1,0,0.0003996291894282235,0.024718989727356443
1908,stimulus,45,0,3,0,0,-1.0,-1.0,1,0,1,0,0.0,0.024718989727356443
1909,stimulus,45,7,3,0,0,-1.0,-1.0,1,0,1,0,0.0003996291894282235,0.024718989727356443
1910,stimulus,45,7,3,0,0,-1.0,-1.0,1,0,1,0,0.0003996291894282235,0.024718989727356443
1911,stimulus,45,6,5,1,1,1.0,1.0,0,nan,nan,nan,0.0,0.024718989727356443
1912,stimulus,45,2,4,0,0,-1.0,-1.0,1,1,0,0,0.0,0.024718989727356443
1913,stimulus,45,5,3,0,0,-1.0,-1.0,1,0,1,0,0.0,0.024718989727356443
1914,stimulus,45,8,3,0,0,-1.0,-1.0,1,0,1,0,0.0,0.024718989727356443
1915,stimulus,45,4,5,1,1,1.0,1.0,0,nan,nan,nan,0.0,0.024718989727356443
1916,stimulus,45,5,6,1,1,1.0,1.0,0,nan,nan,nan,0.0,0.024718989727356443
1917,stimulus,45,6,7,1,1,1.0,1.0,0,nan,nan,nan,0.0,0.024718989727356443
1918,stimulus,45,2,6,0,0,-1.0,-1.0,1,3,0,1,0.0,0.024718989727356443
1919,stimulus,45,0,3,0,0,-1.0,-1.0,1,0,1,0,0.0,0.024718989727356443
1920,stimulus,45,6,5,1,1,1.0,1.0,0,nan,nan,nan,0.0,0.024718989727356443
1921,stimulus,45,1,4,0,0,-1.0,-1.0,1,1,0,0,0.0,0.024718989727356443
1922,stimulus,45,4,5,1,1,1.0,1.0,0,nan,nan,nan,0.0,0.024718989727356443
1923,stimulus,45,7,6,1,1,1.0,1.0,0,nan,nan,nan,0.0,0.024718989727356443
1924,stimulus,45,0,7,1,0,-1.0,-1.0,1,2,0,0,0.0,0.024718989727356443
1925,stimulus,45,6,3,0,0,-1.0,-1.0,1,0,1,0,0.0,0.024718989727356443
1926,stimulus,45,8,5,1,0,-1.0,-1.0,1,0,1,0,0.0,0.024718989727356443
1927,stimulus,45,0,5,1,0,-1.0,-1.0,1,0,1,0,0.0,0.024718989727356443
1928,stimulus,45,0,5,1,0,-1.0,-1.0,1,0,1,0,0.0,0.024718989727356443
1929,stimulus,45,0,3,0,0,-1.0,-1.0,1,0,1,0,0.0,0.024718989727356443
1930,stimulus,45,5,3,0,0,-1.0,-1.0,1,0,1,0,0.0,0.024718989727356443
1931,stimulus,45,8,5,1,0,-1.0,-1.0,1,0,1,0,0.0,0.024718989727356443
1932,stimulus,45,0,3,0,0,-1.0,-1.0,1,0,1,0,0.0,0.024718989727356443
1933,stimulus,45,1,5,1,0,-1.0,-1.0,1,0,1,0,0.0,0.024718989727356443
1934,stimulus,45,8,5,1,0,-1.0,-1.0,1,0,1,0,0.0,0.024718989727356443
1935,stimulus,45,6,3,0,0,-1.0,-1.0,1,0,1,0,0.0,0.024718989727356443
1936,stimulus,45,3,5,1,0,-1.0,-1.0,1,0,1,0,0.0003996291894282235,0.024718989727356443
1937,stimulus,45,6,5,1,1,1.0,1.0,0,nan,nan,nan,0.0,0.024718989727356443
1938,stimulus,45,0,6,1,0,-1.0,-1.0,1,1,0,0,0.0,0.024718989727356443
1939,stimulus,45,3,5,1,0,-1.0,-1.0,1,0,1,0,0.0003996291894282235,0.024718989727356443
1940,stimulus,45,1,5,1,0,-1.0,-1.0,1,0,1,0,0.0,0.024718989727356443
1941,stimulus,45,2,5,1,0,-1.0,-1.0,1,0,1,0,0.0,0.024718989727356443
1942,stimulus,45,7,3,0,0,-1.0,-1.0,1,0,1,0,0.0003996291894282235,0.024718989727356443
1943,stimulus,45,0,3,0,0,-1.0,-1.0,1,0,1,0,0.0,0.024718989727356443
1944,stimulus,45,5,5,1,1,1.0,1.0,0,nan,nan,nan,0.0,0.024718989727356443
1945,stimulus,45,3,4,0,1,1.0,1.0,0,nan,nan,nan,0.0,0.024718989727356443
1946,stimulus,45,3,5,1,0,-1.0,-1.0,1,2,0,0,0.0003996291894282235,0.024718989727356443
1947,stimulus,45,8,3,0,0,-1.0,-1.0,1,0,1,0,0.0,0.024718989727356443
1948,stimulus,45,1,3,0,0,-1.0,-1.0,1,0,1,0,0.0,0.024718989727356443
1949,stimulus,45,2,5,1,0,-1.0,-1.0,1,0,1,0,0.0,0.024718989727356443
1950,stimulus,45,0,5,1,0,-1.0,-1.0,1,0,1,0,0.0,0.024718989727356443
1951,stimulus,45,3,5,1,0,-1.0,-1.0,1,0,1,0,0.0003996291894282235,0.024718989727356443
1952,stimulus,45,2,3,0,1,1.0,1.0,0,nan,nan,nan,0.0,0.024718989727356443
1953,stimulus,45,6,2,0,0,-1.0,-1.0,1,1,0,0,0.0003996291894282235,0.024718989727356443
1954,stimulus,45,1,3,0,0,-1.0,-1.0,1,0,1,0,0.0,0.024718989727356443
1955,stimulus,45,4,3,0,1,1.0,1.0,0,nan,nan,nan,0.0,0.024718989727356443
1956,stimulus,45,1,4,1,0,-1.0,-1.0,1,1,0,0,0.0,0.024718989727356443
1957,stimulus,45,2,5,1,0,-1.0,-1.0,1,0,1,0,0.0,0.024718989727356443
1958,stimulus,45,0,5,1,0,-1.0,-1.0,1,0,1,0,0.0,0.024718989727356443
1959,stimulus,45,2,3,0,1,1.0,1.0,0,nan,nan,nan,0.0,0.024718989727356443
1960,stimulus,45,3,2,0,1,1.0,1.0,0,nan,nan,nan,0.0,0.024718989727356443
1961,stimulus,45,7,3,1,0,-1.0,-1.0,1,2,0,0,0.0,0.024718989727356443
1962,stimulus,45,2,5,1,0,-1.0,-1.0,1,0,1,0,0.0,0.024718989727356443
1963,stimulus,45,7,5,1,0,-1.0,-1.0,1,0,1,0,0.0003996291894282235,0.024718989727356443
1964,stimulus,45,6,3,0,0,-1.0,-1.0,1,0,1,0,0.0,0.024718989727356443
1965,stimulus,45,4,3,0,1,1.0,1.0,0,nan,nan,nan,0.0,0.024718989727356443
1966,stimulus,45,7,4,1,0,-1.0,-1.0,1,1,0,0,0.0,0.024718989727356443
1967,stimulus,45,3,5,1,0,-1.0,-1.0,1,0,1,0,0.0003996291894282235,0.024718989727356443
1968,stimulus,45,1,3,0,0,-1.0,-1.0,1,0,1,0,0.0,0.024718989727356443
1969,stimulus,45,7,3,0,0,-1.0,-1.0,1,0,1,0,0.0003996291894282235,0.024718989727356443
1970,stimulus,45,3,5,1,0,-1.0,-1.0,1,0,1,0,0.0003996291894282235,0.024718989727356443
1971,stimulus,45,7,3,0,0,-1.0,-1.0,1,0,1,0,0.0003996291894282235,0.024718989727356443
1972,stimulus,45,5,3,0,0,-1.0,-1.0,1,0,1,0,0.0,0.024718989727356443
1973,stimulus,45,1,5,1,0,-1.0,-1.0,1,0,1,0,0.0,0.024718989727356443
1974,stimulus,45,2,3,0,1,1.0,1.0,0,nan,nan,nan,0.0,0.024718989727356443
1975,stimulus,45,2,4,1,0,-1.0,-1.0,1,1,0,0,0.0003996291894282235,0.024718989727356443
1976,stimulus,45,4,3,0,1,1.0,1.0,0,nan,nan,nan,0.0,0.024718989727356443
1977,stimulus,45,2,4,1,0,-1.0,-1.0,1,1,0,0,0.0003996291894282235,0.024718989727356443
1978,stimulus,45,4,3,0,1,1.0,1.0,0,nan,nan,nan,0.0,0.024718989727356443
1979,stimulus,45,3,2,0,1,1.0,1.0,0,nan,nan,nan,0.0,0.024718989727356443
1980,stimulus,45,4,1,0,0,-1.0,-1.0,1,2,0,0,0.0,0.024718989727356443
1981,stimulus,45,6,5,1,1,1.0,1.0,0,nan,nan,nan,0.0,0.024718989727356443
1982,stimulus,45,8,4,0,0,-1.0,-1.0,1,1,0,0,0.0003996291894282235,0.024718989727356443
1983,stimulus,45,8,3,0,0,-1.0,-1.0,1,0,1,0,0.0,0.024718989727356443
1984,stimulus,45,4,3,0,1,1.0,1.0,0,nan,nan,nan,0.0,0.024718989727356443
1985,stimulus,45,7,4,1,0,-1.0,-1.0,1,1,0,0,0.0,0.024718989727356443
1986,stimulus,45,2,5,1,0,-1.0,-1.0,1,0,1,0,0.0,0.024718989727356443
1987,stimulus,45,0,3,0,0,-1.0,-1.0,1,0,1,0,0.0,0.024718989727356443
1988,stimulus,45,8,3,0,0,-1.0,-1.0,1,0,1,0,0.0,0.024718989727356443
1989,stimulus,45,1,5,1,0,-1.0,-1.0,1,0,1,0,0.0,0.024718989727356443
1990,stimulus,45,4,5,1,1,1.0,1.0,0,nan,nan,nan,0.0,0.024718989727356443
1991,stimulus,45,1,4,0,0,-1.0,-1.0,1,1,0,0,0.0,0.024718989727356443
1992,stimulus,45,6,3,0,0,-1.0,-1.0,1,0,1,0,0.0,0.024718989727356443
1993,stimulus,45,5,5,1,1,1.0,1.0,0,nan,nan,nan,0.0,0.024718989727356443
1994,stimulus,45,8,4,0,0,-1.0,-1.0,1,1,0,0,0.0003996291894282235,0.024718989727356443
1995,stimulus,45,6,5,1,1,1.0,1.0,0,nan,nan,nan,0.0,0.024718989727356443
1996,stimulus,45,4,4,0,1,1.0,1.0,0,nan,nan,nan,0.0003996291894282235,0.024319360537928224
1997,stimulus,45,3,5,1,0,-1.0,-1.0,1,2,0,0,0.0003996291894282235,0.024718989727356443
1998,stimulus,45,3,5,1,0,-1.0,-1.0,1,0,1,0,0.0003996291894282235,0.024718989727356443
1999,stimulus,45,3,5,1,0,-1.0,-1.0,1,0,1,0,0.0003996291894282235,0.024718989727356443
2000,stimulus,45,4,5,1,1,1.0,1.0,0,nan,nan,nan,0.0,0.024718989727356443
2001,stimulus,45,0,4,0,0,-1.0,-1.0,1,1,0,0,0.0,0.024718989727356443
2002,stimulus,45,7,3,0,0,-1.0,-1.0,1,0,1,0,0.0003996291894282235,0.024718989727356443
2003,stimulus,45,3,5,1,0,-1.0,-1.0,1,0,1,0,0.0003996291894282235,0.024718989727356443
2004,stimulus,45,0,3,0,0,-1.0,-1.0,1,0,1,0,0.0,0.024718989727356443
2005,stimulus,45,0,5,1,0,-1.0,-1.0,1,0,1,0,0.0,0.024718989727356443
2006,stimulus,45,3,5,1,0,-1.0,-1.0,1,0,1,0,0.0003996291894282235,0.024718989727356443
2007,stimulus,45,8,5,1,0,-1.0,-1.0,1,0,1,0,0.0,0.024718989727356443
2008,stimulus,45,5,5,1,1,1.0,1.0,0,nan,nan,nan,0.0,0.024718989727356443
2009,stimulus,45,6,6,1,1,1.0,1.0,0,nan,nan,nan,0.0,0.024718989727356443
2010,stimulus,45,1,7,1,0,-1.0,-1.0,1,2,0,0,0.0,0.024718989727356443
2011,stimulus,45,0,3,0,0,-1.0,-1.0,1,0,1,0,0.0,0.024718989727356443
2012,stimulus,45,1,3,0,0,-1.0,-1.0,1,0,1,0,0.0,0.024718989727356443
2013,stimulus,45,8,3,0,0,-1.0,-1.0,1,0,1,0,0.0,0.024718989727356443
2014,stimulus,45,5,3,0,0,-1.0,-1.0,1,0,1,0,0.0,0.024718989727356443
2015,stimulus,45,4,3,0,1,1.0,1.0,0,nan,nan,nan,0.0,0.024718989727356443
2016,stimulus,45,0,4,1,0,-1.0,-1.0,1,1,0,0,0.0,0.024718989727356443
2017,stimulus,45,8,5,1,0,-1.0,-1.0,1,0,1,0,0.0,0.024718989727356443
2018,stimulus,45,3,5,1,0,-1.0,-1.0,1,0,1,0,0.0003996291894282235,0.024718989727356443
2019,stimulus,45,5,5,1,1,1.0,1.0,0,nan,nan,nan,0.0,0.024718989727356443
2020,stimulus,45,2,4,0,0,-1.0,-1.0,1,1,0,0,0.0,0.024718989727356443
2021,stimulus,45,5,3,0,0,-1.0,-1.0,1,0,1,0,0.0,0.024718989727356443
2022,stimulus,45,5,5,1,1,1.0,1.0,0,nan,nan,nan,0.0,0.024718989727356443
2023,stimulus,45,7,6,1,1,1.0,1.0,0,nan,nan,nan,0.0,0.024718989727356443
2024,stimulus,45,2,7,1,0,-1.0,-1.0,1,2,0,0,0.0,0.024718989727356443
2025,stimulus,45,8,5,1,0,-1.0,-1.0,1,0,1,0,0.0,0.024718989727356443
2026,stimulus,45,3,5,1,0,-1.0,-1.0,1,0,1,0,0.0003996291894282235,0.024718989727356443
2027,stimulus,45,3,5,1,0,-1.0,-1.0,1,0,1,0,0.0003996291894282235,0.024718989727356443
2028,stimulus,45,3,5,1,0,-1.0,-1.0,1,0,1,0,0.0003996291894282235,0.024718989727356443
2029,stimulus,45,1,3,0,0,-1.0,-1.0,1,0,1,0,0.0,0.024718989727356443
2030,stimulus,45,3,5,1,0,-1.0,-1.0,1,0,1,0,0.0003996291894282235,0.024718989727356443
2031,stimulus,45,4,3,0,1,1.0,1.0,0,nan,nan,nan,0.0,0.024718989727356443
2032,stimulus,45,3,4,1,1,1.0,1.0,0,nan,nan,nan,0.0,0.024718989727356443
2033,stimulus,45,8,3,0,0,-1.0,-1.0,1,2,0,0,0.0,0.024718989727356443
2034,stimulus,45,2,5,1,0,-1.0,-1.0,1,0,1,0,0.0,0.024718989727356443
2035,stimulus,45,8,5,1,0,-1.0,-1.0,1,0,1,0,0.0,0.024718989727356443
2036,stimulus,45,7,5,1,0,-1.0,-1.0,1,0,1,0,0.0003996291894282235,0.024718989727356443
2037,stimulus,45,7,3,0,0,-1.0,-1.0,1,0,1,0,0.0003996291894282235,0.024718989727356443
2038,stimulus,45,6,3,0,0,-1.0,-1.0,1,0,1,0,0.0,0.024718989727356443
2039,stimulus,45,1,3,0,0,-1.0,-1.0,1,0,1,0,0.0,0.024718989727356443
2040,stimulus,45,2,5,1,0,-1.0,-1.0,1,0,1,0,0.0,0.024718989727356443
2041,stimulus,45,8,5,1,0,-1.0,-1.0,1,0,1,0,0.0,0.024718989727356443
2042,stimulus,45,0,3,0,0,-1.0,-1.0,1,0,1,0,0.0,0.024718989727356443
2043,stimulus,45,1,5,1,0,-1.0,-1.0,1,0,1,0,0.0,0.024718989727356443
2044,stimulus,45,6,5,1,1,1.0,1.0,0,nan,nan,nan,0.0,0.024718989727356443
2045,stimulus,45,4,6,1,0,-1.0,-1.0,1,1,0,0,0.0003996291894282235,0.024718989727356443
2046,stimulus,45,1,5,1,0,-1.0,-1.0,1,0,1,0,0.0,0.024718989727356443
2047,stimulus,45,5,5,1,1,1.0,1.0,0,nan,nan,nan,0.0,0.024718989727356443
2048,stimulus,45,3,6,1,0,-1.0,-1.0,1,1,0,0,0.0,0.024718989727356443
2049,stimulus,45,0,3,0,0,-1.0,-1.0,1,0,1,0,0.0,0.024718989727356443
2050,stimulus,45,7,3,0,0,-1.0,-1.0,1,0,1,0,0.0003996291894282235,0.024718989727356443
2051,stimulus,45,6,5,1,1,1.0,1.0,0,nan,nan,nan,0.0,0.024718989727356443
2052,stimulus,45,2,4,0,0,-1.0,-1.0,1,1,0,0,0.0,0.024718989727356443
2053,stimulus,45,6,5,1,1,1.0,1.0,0,nan,nan,nan,0.0,0.024718989727356443
2054,stimulus,45,8,4,0,0,-1.0,-1.0,1,1,0,0,0.0003996291894282235,0.024718989727356443
2055,stimulus,45,5,5,1,1,1.0,1.0,0,nan,nan,nan,0.0,0.024718989727356443
2056,stimulus,45,5,6,1,1,1.0,1.0,0,nan,nan,nan,0.0,0.024718989727356443
2057,stimulus,45,7,5,0,0,-1.0,-1.0,1,2,0,0,0.0,0.024718989727356443
2058,stimulus,45,1,3,0,0,-1.0,-1.0,1,0,1,0,0.0,0.024718989727356443
2059,stimulus,45,3,5,1,0,-1.0,-1.0,1,0,1,0,0.0003996291894282235,0.024718989727356443
2060,stimulus,45,3,5,1,0,-1.0,-1.0,1,0,1,0,0.0003996291894282235,0.024718989727356443
2061,stimulus,45,7,3,0,0,-1.0,-1.0,1,0,1,0,0.0003996291894282235,0.024718989727356443
2062,stimulus,45,1,5,1,0,-1.0,-1.0,1,0,1,0,0.0,0.024718989727356443
2063,stimulus,45,1,3,0,0,-1.0,-1.0,1,0,1,0,0.0,0.024718989727356443
2064,stimulus,45,5,5,1,1,1.0,1.0,0,nan,nan,nan,0.0,0.024718989727356443
2065,stimulus,45,8,4,0,0,-1.0,-1.0,1,1,0,0,0.0003996291894282235,0.024718989727356443
2066,stimulus,45,7,3,0,0,-1.0,-1.0,1,0,1,0,0.0003996291894282235,0.024718989727356443
2067,stimulus,45,4,3,0,1,1.0,1.0,0,nan,nan,nan,0.0,0.024718989727356443
2068,stimulus,45,8,2,0,0,-1.0,-1.0,1,1,0,0,0.0,0.024718989727356443
2069,stimulus,45,5,3,0,0,-1.0,-1.0,1,0,1,0,0.0,0.024718989727356443
2070,stimulus,45,4,3,0,1,1.0,1.0,0,nan,nan,nan,0.0,0.024718989727356443
2071,stimulus,45,4,2,0,0,-1.0,-1.0,1,1,0,0,0.0,0.024718989727356443
2072,stimulus,45,6,3,0,0,-1.0,-1.0,1,0,1,0,0.0,0.024718989727356443
2073,stimulus,45,1,3,0,0,-1.0,-1.0,1,0,1,0,0.0,0.024718989727356443
2074,stimulus,45,4,3,0,1,1.0,1.0,0,nan,nan,nan,0.0,0.024718989727356443
2075,stimulus,45,7,2,0,0,-1.0,-1.0,1,1,0,0,0.0,0.024718989727356443
2076,stimulus,45,3,3,0,1,1.0,1.0,0,nan,nan,nan,0.0003996291894282235,0.024319360537928224
2077,stimulus,45,3,4,1,1,1.0,1.0,0,nan,nan,nan,0.0,0.024319360537928224
2078,stimulus,45,1,5,1,0,-1.0,-1.0,1,2,0,0,0.0,0.024319360537928224
2079,stimulus,45,4,5,1,1,1.0,1.0,0,nan,nan,nan,0.0,0.024319360537928224
2080,stimulus,45,4,6,1,0,-1.0,-1.0,1,1,0,0,0.0003996291894282235,0.024718989727356443
2081,stimulus,45,5,5,1,1,1.0,1.0,0,nan,nan,nan,0.0,0.024718989727356443
2082,stimulus,45,3,4,0,1,1.0,1.0,0,nan,nan,nan,0.0,0.024718989727356443
2083,stimulus,45,4,5,1,1,1.0,1.0,0,nan,nan,nan,0.0,0.024718989727356443
2084,stimulus,45,0,4,0,0,-1.0,-1.0,1,3,0,1,0.0,0.024718989727356443
2085,stimulus,45,1,5,1,0,-1.0,-1.0,1,0,1,0,0.0,0.024718989727356443
2086,stimulus,45,0,3,0,0,-1.0,-1.0,1,0,1,0,0.0,0.024718989727356443
2087,stimulus,45,6,5,1,1,1.0,1.0,0,nan,nan,nan,0.0,0.024718989727356443
2088,stimulus,45,4,6,1,0,-1.0,-1.0,1,1,0,0,0.0003996291894282235,0.024718989727356443
2089,stimulus,45,2,3,0,1,1.0,1.0,0,nan,nan,nan,0.0,0.024718989727356443
2090,stimulus,45,0,4,1,0,-1.0,-1.0,1,1,0,0,0.0,0.024718989727356443
2091,stimulus,45,1,5,1,0,-1.0,-1.0,1,0,1,0,0.0,0.024718989727356443
2092,stimulus,45,7,3,0,0,-1.0,-1.0,1,0,1,0,0.0003996291894282235,0.024718989727356443
2093,stimulus,45,1,3,0,0,-1.0,-1.0,1,0,1,0,0.0,0.024718989727356443
2094,stimulus,45,1,3,0,0,-1.0,-1.0,1,0,1,0,0.0,0.024718989727356443
2095,stimulus,45,0,3,0,0,-1.0,-1.0,1,0,1,0,0.0,0.024718989727356443
2096,stimulus,45,4,3,0,1,1.0,1.0,0,nan,nan,nan,0.0,0.024718989727356443
2097,stimulus,45,6,2,0,0,-1.0,-1.0,1,1,0,0,0.0003996291894282235,0.024718989727356443
2098,stimulus,45,1,3,0,0,-1.0,-1.0,1,0,1,0,0.0,0.024718989727356443
2099,stimulus,45,8,3,0,0,-1.0,-1.0,1,0,1,0,0.0,0.024718989727356443
2100,stimulus,45,6,3,0,0,-1.0,-1.0,1,0,1,0,0.0,0.024718989727356443
2101,stimulus,45,0,5,1,0,-1.0,-1.0,1,0,1,0,0.0,0.024718989727356443
2102,stimulus,45,8,3,0,0,-1.0,-1.0,1,0,1,0,0.0,0.024718989727356443
2103,stimulus,45,6,3,0,0,-1.0,-1.0,1,0,1,0,0.0,0.024718989727356443
2104,stimulus,45,1,3,0,0,-1.0,-1.0,1,0,1,0,0.0,0.024718989727356443
2105,stimulus,45,0,5,1,0,-1.0,-1.0,1,0,1,0,0.0,0.024718989727356443
2106,stimulus,45,4,3,0,1,1.0,1.0,0,nan,nan,nan,0.0,0.024718989727356443
2107,stimulus,45,1,2,0,1,1.0,1.0,0,nan,nan,nan,0.0,0.024718989727356443
2108,stimulus,45,4,3,1,1,1.0,1.0,0,nan,nan,nan,0.0,0.024718989727356443
2109,stimulus,45,0,2,0,0,-1.0,-1.0,1,3,0,1,0.0,0.024718989727356443
2110,stimulus,45,0,5,1,0,-1.0,-1.0,1,0,1,0,0.0,0.024718989727356443
2111,stimulus,45,8,5,1,0,-1.0,-1.0,1,0,1,0,0.0,0.024718989727356443
2112,stimulus,45,4,3,0,1,1.0,1.0,0,nan,nan,nan,0.0,0.024718989727356443
2113,stimulus,45,8,4,1,0,-1.0,-1.0,1,1,0,0,0.0,0.024718989727356443
2114,stimulus,45,2,5,1,0,-1.0,-1.0,1,0,1,0,0.0,0.024718989727356443
2115,stimulus,45,0,3,0,0,-1.0,-1.0,1,0,1,0,0.0,0.024718989727356443
2116,stimulus,45,3,5,1,0,-1.0,-1.0,1,0,1,0,0.0003996291894282235,0.024718989727356443
2117,stimulus,45,8,5,1,0,-1.0,-1.0,1,0,1,0,0.0,0.024718989727356443
2118,stimulus,45,4,5,1,1,1.0,1.0,0,nan,nan,nan,0.0,0.024718989727356443
2119,stimulus,45,6,4,0,0,-1.0,-1.0,1,1,0,0,0.0,0.024718989727356443
2120,stimulus,45,4,5,1,1,1.0,1.0,0,nan,nan,nan,0.0,0.024718989727356443
2121,stimulus,45,5,4,0,1,1.0,1.0,0,nan,nan,nan,0.0,0.024718989727356443
2122,stimulus,45,8,5,1,0,-1.0,-1.0,1,2,0,0,0.0,0.024718989727356443
2123,stimulus,45,2,5,1,0,-1.0,-1.0,1,0,1,0,0.0,0.024718989727356443
2124,stimulus,45,4,3,0,1,1.0,1.0,0,nan,nan,nan,0.0,0.024718989727356443
2125,stimulus,45,0,4,1,0,-1.0,-1.0,1,1,0,0,0.0,0.024718989727356443
2126,stimulus,45,5,5,1,1,1.0,1.0,0,nan,nan,nan,0.0,0.024718989727356443
2127,stimulus,45,0,4,0,0,-1.0,-1.0,1,1,0,0,0.0,0.024718989727356443
2128,stimulus,45,4,5,1,1,1.0,1.0,0,nan,nan,nan,0.0,0.024718989727356443
2129,stimulus,45,5,4,0,1,1.0,1.0,0,nan,nan,nan,0.0,0.024718989727356443
2130,stimulus,45,6,5,1,1,1.0,1.0,0,nan,nan,nan,0.0,0.024718989727356443
2131,stimulus,45,8,4,0,0,-1.0,-1.0,1,3,0,1,0.0003996291894282235,0.024718989727356443
2132,stimulus,45,0,3,0,0,-1.0,-1.0,1,0,1,0,0.0,0.024718989727356443
2133,stimulus,45,6,3,0,0,-1.0,-1.0,1,0,1,0,0.0,0.024718989727356443
2134,stimulus,45,8,5,1,0,-1.0,-1.0,1,0,1,0,0.0,0.024718989727356443
2135,stimulus,45,3,5,1,0,-1.0,-1.0,1,0,1,0,0.0003996291894282235,0.024718989727356443
2136,stimulus,45,3,5,1,0,-1.0,-1.0,1,0,1,0,0.0003996291894282235,0.024718989727356443
2137,stimulus,45,6,5,1,1,1.0,1.0,0,nan,nan,nan,0.0,0.024718989727356443
2138,stimulus,45,5,4,0,1,1.0,1.0,0,nan,nan,nan,0.0,0.024718989727356443
2139,stimulus,45,0,5,1,0,-1.0,-1.0,1,2,0,0,0.0,0.024718989727356443
2140,stimulus,45,7,3,0,0,-1.0,-1.0,1,0,1,0,0.0003996291894282235,0.024718989727356443
2141,stimulus,45,8,3,0,0,-1.0,-1.0,1,0,1,0,0.0,0.024718989727356443
2142,stimulus,45,1,3,0,0,-1.0,-1.0,1,0,1,0,0.0,0.024718989727356443
2143,stimulus,45,5,3,0,0,-1.0,-1.0,1,0,1,0,0.0,0.024718989727356443
2144,stimulus,45,6,3,0,0,-1.0,-1.0,1,0,1,0,0.0,0.024718989727356443
2145,stimulus,45,7,3,0,0,-1.0,-1.0,1,0,1,0,0.0003996291894282235,0.024718989727356443
2146,stimulus,45,8,3,0,0,-1.0,-1.0,1,0,1,0,0.0,0.024718989727356443
2147,stimulus,45,2,3,0,1,1.0,1.0,0,nan,nan,nan,0.0,0.024718989727356443
2148,stimulus,45,7,2,0,0,-1.0,-1.0,1,1,0,0,0.0,0.024718989727356443
2149,stimulus,45,0,3,0,0,-1.0,-1.0,1,0,1,0,0.0,0.024718989727356443
2150,stimulus,45,8,3,0,0,-1.0,-1.0,1,0,1,0,0.0,0.024718989727356443
2151,stimulus,45,7,3,0,0,-1.0,-1.0,1,0,1,0,0.0003996291894282235,0.024718989727356443
2152,stimulus,45,5,3,0,0,-1.0,-1.0,1,0,1,0,0.0,0.024718989727356443
2153,stimulus,45,8,5,1,0,-1.0,-1.0,1,0,1,0,0.0,0.024718989727356443
2154,stimulus,45,7,3,0,0,-1.0,-1.0,1,0,1,0,0.0003996291894282235,0.024718989727356443
2155,stimulus,45,3,5,1,0,-1.0,-1.0,1,0,1,0,0.0003996291894282235,0.024718989727356443
2156,stimulus,45,5,5,1,1,1.0,1.0,0,nan,nan,nan,0.0,0.024718989727356443
2157,stimulus,45,7,4,0,0,-1.0,-1.0,1,1,0,0,0.0,0.024718989727356443
2158,stimulus,45,5,5,1,1,1.0,1.0,0,nan,nan,nan,0.0,0.024718989727356443
2159,stimulus,45,1,6,1,0,-1.0,-1.0,1,1,0,0,0.0,0.024718989727356443
2160,stimulus,45,3,5,1,0,-1.0,-1.0,1,0,1,0,0.0003996291894282235,0.024718989727356443
2161,stimulus,45,0,3,0,0,-1.0,-1.0,1,0,1,0,0.0,0.024718989727356443
2162,stimulus,45,1,5,1,0,-1.0,-1.0,1,0,1,0,0.0,0.024718989727356443
2163,stimulus,45,0,3,0,0,-1.0,-1.0,1,0,1,0,0.0,0.024718989727356443
2164,stimulus,45,0,5,1,0,-1.0,-1.0,1,0,1,0,0.0,0.024718989727356443
2165,stimulus,45,1,5,1,0,-1.0,-1.0,1,0,1,0,0.0,0.024718989727356443
2166,stimulus,45,8,5,1,0,-1.0,-1.0,1,0,1,0,0.0,0.024718989727356443
2167,stimulus,45,1,5,1,0,-1.0,-1.0,1,0,1,0,0.0,0.024718989727356443
2168,stimulus,45,8,5,1,0,-1.0,-1.0,1,0,1,0,0.0,0.024718989727356443
2169,stimulus,45,0,3,0,0,-1.0,-1.0,1,0,1,0,0.0,0.024718989727356443
2170,stimulus,45,2,3,0,1,1.0,1.0,0,nan,nan,nan,0.0,0.024718989727356443
2171,stimulus,45,5,2,0,0,-1.0,-1.0,1,1,0,0,0.0,0.024718989727356443
2172,stimulus,45,8,5,1,0,-1.0,-1.0,1,0,1,0,0.0,0.024718989727356443
2173,stimulus,45,4,5,1,1,1.0,1.0,0,nan,nan,nan,0.0,0.024718989727356443
2174,stimulus,45,6,6,1,1,1.0,1.0,0,nan,nan,nan,0.0,0.024718989727356443
2175,stimulus,45,0,7,1,0,-1.0,-1.0,1,2,0,0,0.0,0.024718989727356443
2176,stimulus,45,1,5,1,0,-1.0,-1.0,1,0,1,0,0.0,0.024718989727356443
2177,stimulus,45,3,5,1,0,-1.0,-1.0,1,0,1,0,0.0003996291894282235,0.024718989727356443
2178,stimulus,45,0,3,0,0,-1.0,-1.0,1,0,1,0,0.0,0.024718989727356443
2179,stimulus,45,1,5,1,0,-1.0,-1.0,1,0,1,0,0.0,0.024718989727356443
2180,stimulus,45,7,3,0,0,-1.0,-1.0,1,0,1,0,0.0003996291894282235,0.024718989727356443
2181,stimulus,45,5,5,1,1,1.0,1.0,0,nan,nan,nan,0.0,0.024718989727356443
2182,stimulus,45,4,4,0,1,1.0,1.0,0,nan,nan,nan,0.0003996291894282235,0.024319360537928224
2183,stimulus,45,0,3,0,0,-1.0,-1.0,1,2,0,0,0.0,0.024319360537928224
2184,stimulus,45,7,3,0,0,-1.0,-1.0,1,0,1,0,0.0003996291894282235,0.024319360537928224
2185,stimulus,45,8,3,0,0,-1.0,-1.0,1,0,1,0,0.0,0.024319360537928224
2186,stimulus,45,4,5,1,1,1.0,1.0,0,nan,nan,nan,0.0,0.024319360537928224
2187,stimulus,45,0,4,0,0,-1.0,-1.0,1,1,0,0,0.0,0.024319360537928224
2188,stimulus,45,3,5,1,0,-1.0,-1.0,1,0,1,0,0.0003996291894282235,0.024718989727356443
2189,stimulus,45,6,5,1,1,1.0,1.0,0,nan,nan,nan,0.0,0.024718989727356443
2190,stimulus,45,6,6,1,1,1.0,1.0,0,nan,nan,nan,0.0,0.024718989727356443
2191,stimulus,45,6,5,0,1,1.0,1.0,0,nan,nan,nan,0.0,0.024718989727356443
2192,stimulus,45,7,4,0,0,-1.0,-1.0,1,3,0,1,0.0,0.024718989727356443
2193,stimulus,45,7,3,0,0,-1.0,-1.0,1,0,1,0,0.0003996291894282235,0.024718989727356443
2194,stimulus,45,0,3,0,0,-1.0,-1.0,1,0,1,0,0.0,0.024718989727356443
2195,stimulus,45,6,5,1,1,1.0,1.0,0,nan,nan,nan,0.0,0.024718989727356443
2196,stimulus,45,6,4,0,0,-1.0,-1.0,1,1,0,0,0.0,0.024718989727356443
2197,stimulus,45,2,3,0,1,1.0,1.0,0,nan,nan,nan,0.0,0.024718989727356443
2198,stimulus,45,3,2,0,1,1.0,1.0,0,nan,nan,nan,0.0,0.024718989727356443
2199,stimulus,45,5,1,0,0,-1.0,-1.0,1,2,0,0,0.0003996291894282235,0.024718989727356443
2200,stimulus,45,0,3,0,0,-1.0,-1.0,1,0,1,0,0.0,0.024718989727356443
2201,stimulus,45,2,3,0,1,1.0,1.0,0,nan,nan,nan,0.0,0.024718989727356443
2202,stimulus,45,0,4,1,0,-1.0,-1.0,1,1,0,0,0.0,0.024718989727356443
2203,stimulus,45,6,5,1,1,1.0,1.0,0,nan,nan,nan,0.0,0.024718989727356443
2204,stimulus,45,0,4,0,0,-1.0,-1.0,1,1,0,0,0.0,0.024718989727356443
2205,stimulus,45,3,5,1,0,-1.0,-1.0,1,0,1,0,0.0003996291894282235,0.024718989727356443
2206,stimulus,45,8,5,1,0,-1.0,-1.0,1,0,1,0,0.0,0.024718989727356443
2207,stimulus,45,3,5,1,0,-1.0,-1.0,1,0,1,0,0.0003996291894282235,0.024718989727356443
2208,stimulus,45,6,3,0,0,-1.0,-1.0,1,0,1,0,0.0,0.024718989727356443
2209,stimulus,45,4,5,1,1,1.0,1.0,0,nan,nan,nan,0.0,0.024718989727356443
2210,stimulus,45,3,4,0,1,1.0,1.0,0,nan,nan,nan,0.0,0.024718989727356443
2211,stimulus,45,5,5,1,1,1.0,1.0,0,nan,nan,nan,0.0,0.024718989727356443
2212,stimulus,45,0,6,1,0,-1.0,-1.0,1,3,0,1,0.0,0.024718989727356443
2213,stimulus,45,2,3,0,1,1.0,1.0,0,nan,nan,nan,0.0,0.024718989727356443
2214,stimulus,45,2,4,1,0,-1.0,-1.0,1,1,0,0,0.0003996291894282235,0.024718989727356443
2215,stimulus,45,7,3,0,0,-1.0,-1.0,1,0,1,0,0.0003996291894282235,0.024718989727356443
2216,stimulus,45,7,3,0,0,-1.0,-1.0,1,0,1,0,0.0003996291894282235,0.024718989727356443
2217,stimulus,45,1,5,1,0,-1.0,-1.0,1,0,1,0,0.0,0.024718989727356443
2218,stimulus,45,5,5,1,1,1.0,1.0,0,nan,nan,nan,0.0,0.024718989727356443
2219,stimulus,45,5,4,0,1,1.0,1.0,0,nan,nan,nan,0.0,0.024718989727356443
2220,stimulus,45,4,5,1,1,1.0,1.0,0,nan,nan,nan,0.0,0.024718989727356443
2221,stimulus,45,5,6,1,1,1.0,1.0,0,nan,nan,nan,0.0,0.024718989727356443
2222,stimulus,45,6,7,1,1,1.0,1.0,0,nan,nan,nan,0.0,0.024718989727356443
2223,stimulus,45,2,6,0,0,-1.0,-1.0,1,5,0,1,0.0,0.024718989727356443
2224,stimulus,45,0,3,0,0,-1.0,-1.0,1,0,1,0,0.0,0.024718989727356443
2225,stimulus,45,7,3,0,0,-1.0,-1.0,1,0,1,0,0.0003996291894282235,0.024718989727356443
2226,stimulus,45,3,5,1,0,-1.0,-1.0,1,0,1,0,0.0003996291894282235,0.024718989727356443
2227,stimulus,45,0,5,1,0,-1.0,-1.0,1,0,1,0,0.0,0.024718989727356443
2228,stimulus,45,4,5,1,1,1.0,1.0,0,nan,nan,nan,0.0,0.024718989727356443
2229,stimulus,45,0,6,1,0,-1.0,-1.0,1,1,0,0,0.0,0.024718989727356443
2230,stimulus,45,4,5,1,1,1.0,1.0,0,nan,nan,nan,0.0,0.024718989727356443
2231,stimulus,45,8,4,0,0,-1.0,-1.0,1,1,0,0,0.0003996291894282235,0.024718989727356443
2232,stimulus,45,3,5,1,0,-1.0,-1.0,1,0,1,0,0.0003996291894282235,0.024718989727356443
2233,stimulus,45,7,3,0,0,-1.0,-1.0,1,0,1,0,0.0003996291894282235,0.024718989727356443
2234,stimulus,45,1,5,1,0,-1.0,-1.0,1,0,1,0,0.0,0.024718989727356443
2235,stimulus,45,6,3,0,0,-1.0,-1.0,1,0,1,0,0.0,0.024718989727356443
2236,stimulus,45,2,3,0,1,1.0,1.0,0,nan,nan,nan,0.0,0.024718989727356443
2237,stimulus,45,8,2,0,0,-1.0,-1.0,1,1,0,0,0.0,0.024718989727356443
2238,stimulus,45,5,3,0,0,-1.0,-1.0,1,0,1,0,0.0,0.024718989727356443
2239,stimulus,45,8,5,1,0,-1.0,-1.0,1,0,1,0,0.0,0.024718989727356443
2240,stimulus,45,6,3,0,0,-1.0,-1.0,1,0,1,0,0.0,0.024718989727356443
2241,stimulus,45,5,5,1,1,1.0,1.0,0,nan,nan,nan,0.0,0.024718989727356443
2242,stimulus,45,7,4,0,0,-1.0,-1.0,1,1,0,0,0.0,0.024718989727356443
2243,stimulus,45,3,5,1,0,-1.0,-1.0,1,0,1,0,0.0003996291894282235,0.024718989727356443
2244,stimulus,45,1,5,1,0,-1.0,-1.0,1,0,1,0,0.0,0.024718989727356443
2245,stimulus,45,6,3,0,0,-1.0,-1.0,1,0,1,0,0.0,0.024718989727356443
2246,stimulus,45,5,3,0,0,-1.0,-1.0,1,0,1,0,0.0,0.024718989727356443
2247,stimulus,45,6,3,0,0,-1.0,-1.0,1,0,1,0,0.0,0.024718989727356443
2248,stimulus,45,7,3,0,0,-1.0,-1.0,1,0,1,0,0.0003996291894282235,0.024718989727356443
2249,stimulus,45,3,5,1,0,-1.0,-1.0,1,0,1,0,0.0003996291894282235,0.024718989727356443
2250,stimulus,45,6,3,0,0,-1.0,-1.0,1,0,1,0,0.0,0.024718989727356443
2251,stimulus,45,4,5,1,1,1.0,1.0,0,nan,nan,nan,0.0,0.024718989727356443
2252,stimulus,45,1,4,0,0,-1.0,-1.0,1,1,0,0,0.0,0.024718989727356443
2253,stimulus,45,3,5,1,0,-1.0,-1.0,1,0,1,0,0.0003996291894282235,0.024718989727356443
2254,stimulus,45,1,3,0,0,-1.0,-1.0,1,0,1,0,0.0,0.024718989727356443
2255,stimulus,45,4,3,0,1,1.0,1.0,0,nan,nan,nan,0.0,0.024718989727356443
2256,stimulus,45,6,2,0,0,-1.0,-1.0,1,1,0,0,0.0003996291894282235,0.024718989727356443
2257,stimulus,45,1,3,0,0,-1.0,-1.0,1,0,1,0,0.0,0.024718989727356443
2258,stimulus,45,1,5,1,0,-1.0,-1.0,1,0,1,0,0.0,0.024718989727356443
2259,stimulus,45,4,5,1,1,1.0,1.0,0,nan,nan,nan,0.0,0.024718989727356443
2260,stimulus,45,3,4,0,1,1.0,1.0,0,nan,nan,nan,0.0,0.024718989727356443
2261,stimulus,45,2,3,0,1,1.0,1.0,0,nan,nan,nan,0.0,0.024718989727356443
2262,stimulus,45,3,2,0,1,1.0,1.0,0,nan,nan,nan,0.0,0.024718989727356443
2263,stimulus,45,7,3,1,0,-1.0,-1.0,1,4,0,1,0.0,0.024718989727356443
2264,stimulus,45,3,5,1,0,-1.0,-1.0,1,0,1,0,0.0003996291894282235,0.024718989727356443
2265,stimulus,45,0,3,0,0,-1.0,-1.0,1,0,1,0,0.0,0.024718989727356443
2266,stimulus,45,0,5,1,0,-1.0,-1.0,1,0,1,0,0.0,0.024718989727356443
2267,stimulus,45,4,3,0,1,1.0,1.0,0,nan,nan,nan,0.0,0.024718989727356443
2268,stimulus,45,8,2,0,0,-1.0,-1.0,1,1,0,0,0.0,0.024718989727356443
2269,stimulus,45,7,3,0,0,-1.0,-1.0,1,0,1,0,0.0003996291894282235,0.024718989727356443
2270,stimulus,45,0,5,1,0,-1.0,-1.0,1,0,1,0,0.0,0.024718989727356443
2271,stimulus,45,5,3,0,0,-1.0,-1.0,1,0,1,0,0.0,0.024718989727356443
2272,stimulus,45,1,3,0,0,-1.0,-1.0,1,0,1,0,0.0,0.024718989727356443
2273,stimulus,45,7,3,0,0,-1.0,-1.0,1,0,1,0,0.0003996291894282235,0.024718989727356443
2274,stimulus,45,7,3,0,0,-1.0,-1.0,1,0,1,0,0.0003996291894282235,0.024718989727356443
2275,stimulus,45,0,5,1,0,-1.0,-1.0,1,0,1,0,0.0,0.024718989727356443
2276,stimulus,45,0,3,0,0,-1.0,-1.0,1,0,1,0,0.0,0.024718989727356443
2277,stimulus,45,0,5,1,0,-1.0,-1.0,1,0,1,0,0.0,0.024718989727356443
2278,stimulus,45,2,5,1,0,-1.0,-1.0,1,0,1,0,0.0,0.024718989727356443
2279,stimulus,45,1,3,0,0,-1.0,-1.0,1,0,1,0,0.0,0.024718989727356443
2280,stimulus,45,0,5,1,0,-1.0,-1.0,1,0,1,0,0.0,0.024718989727356443
2281,stimulus,45,7,3,0,0,-1.0,-1.0,1,0,1,0,0.0003996291894282235,0.024718989727356443
2282,stimulus,45,3,5,1,0,-1.0,-1.0,1,0,1,0,0.0003996291894282235,0.024718989727356443
2283,stimulus,45,1,3,0,0,-1.0,-1.0,1,0,1,0,0.0,0.024718989727356443
2284,stimulus,45,6,3,0,0,-1.0,-1.0,1,0,1,0,0.0,0.024718989727356443
2285,stimulus,45,6,5,1,1,1.0,1.0,0,nan,nan,nan,0.0,0.024718989727356443
2286,stimulus,45,6,6,1,1,1.0,1.0,0,nan,nan,nan,0.0,0.024718989727356443
2287,stimulus,45,8,5,0,0,-1.0,-1.0,1,2,0,0,0.0,0.024718989727356443
2288,stimulus,45,2,3,0,1,1.0,1.0,0,nan,nan,nan,0.0,0.024718989727356443
2289,stimulus,45,5,4,1,1,1.0,1.0,0,nan,nan,nan,0.0,0.024718989727356443
2290,stimulus,45,8,3,0,0,-1.0,-1.0,1,2,0,0,0.0,0.024718989727356443
2291,stimulus,45,1,3,0,0,-1.0,-1.0,1,0,1,0,0.0,0.024718989727356443
2292,stimulus,45,8,5,1,0,-1.0,-1.0,1,0,1,0,0.0,0.024718989727356443
2293,stimulus,45,6,3,0,0,-1.0,-1.0,1,0,1,0,0.0,0.024718989727356443
2294,stimulus,45,5,3,0,0,-1.0,-1.0,1,0,1,0,0.0,0.024718989727356443
2295,stimulus,45,6,5,1,1,1.0,1.0,0,nan,nan,nan,0.0,0.024718989727356443
2296,stimulus,45,6,4,0,0,-1.0,-1.0,1,1,0,0,0.0,0.024718989727356443
2297,stimulus,45,5,5,1,1,1.0,1.0,0,nan,nan,nan,0.0,0.024718989727356443
2298,stimulus,45,6,4,0,0,-1.0,-1.0,1,1,0,0,0.0,0.024718989727356443
2299,stimulus,45,1,5,1,0,-1.0,-1.0,1,0,1,0,0.0,0.024718989727356443
2300,stimulus,45,5,5,1,1,1.0,1.0,0,nan,nan,nan,0.0,0.024718989727356443
2301,stimulus,45,1,6,1,0,-1.0,-1.0,1,1,0,0,0.0,0.024718989727356443
2302,stimulus,45,1,3,0,0,-1.0,-1.0,1,0,1,0,0.0,0.024718989727356443
2303,stimulus,45,6,5,1,1,1.0,1.0,0,nan,nan,nan,0.0,0.024718989727356443
2304,stimulus,45,2,6,1,0,-1.0,-1.0,1,1,0,0,0.0,0.024718989727356443
2305,stimulus,45,5,3,0,0,-1.0,-1.0,1,0,1,0,0.0,0.024718989727356443
2306,stimulus,45,2,3,0,1,1.0,1.0,0,nan,nan,nan,0.0,0.024718989727356443
2307,stimulus,45,4,4,1,1,1.0,1.0,0,nan,nan,nan,0.0,0.024718989727356443
2308,stimulus,45,4,3,0,1,1.0,1.0,0,nan,nan,nan,0.0,0.024718989727356443
2309,stimulus,45,6,2,0,0,-1.0,-1.0,1,3,0,1,0.0003996291894282235,0.024718989727356443
2310,stimulus,45,5,3,0,0,-1.0,-1.0,1,0,1,0,0.0,0.024718989727356443
2311,stimulus,45,2,5,1,0,-1.0,-1.0,1,0,1,0,0.0,0.024718989727356443
2312,stimulus,45,6,3,0,0,-1.0,-1.0,1,0,1,0,0.0,0.024718989727356443
2313,stimulus,45,0,5,1,0,-1.0,-1.0,1,0,1,0,0.0,0.024718989727356443
2314,stimulus,45,0,3,0,0,-1.0,-1.0,1,0,1,0,0.0,0.024718989727356443
2315,stimulus,45,3,5,1,0,-1.0,-1.0,1,0,1,0,0.0003996291894282235,0.024718989727356443
2316,stimulus,45,0,5,1,0,-1.0,-1.0,1,0,1,0,0.0,0.024718989727356443
2317,stimulus,45,3,5,1,0,-1.0,-1.0,1,0,1,0,0.0003996291894282235,0.024718989727356443
2318,stimulus,45,3,5,1,0,-1.0,-1.0,1,0,1,0,0.0003996291894282235,0.024718989727356443
2319,stimulus,45,4,3,0,1,1.0,1.0,0,nan,nan,nan,0.0,0.024718989727356443
2320,stimulus,45,2,4,1,0,-1.0,-1.0,1,1,0,0,0.0003996291894282235,0.024718989727356443
2321,stimulus,45,5,5,1,1,1.0,1.0,0,nan,nan,nan,0.0,0.024718989727356443
2322,stimulus,45,0,4,0,0,-1.0,-1.0,1,1,0,0,0.0,0.024718989727356443
2323,stimulus,45,8,5,1,0,-1.0,-1.0,1,0,1,0,0.0,0.024718989727356443
2324,stimulus,45,3,5,1,0,-1.0,-1.0,1,0,1,0,0.0003996291894282235,0.024718989727356443
2325,stimulus,45,0,3,0,0,-1.0,-1.0,1,0,1,0,0.0,0.024718989727356443
2326,stimulus,45,5,5,1,1,1.0,1.0,0,nan,nan,nan,0.0,0.024718989727356443
2327,stimulus,45,8,4,0,0,-1.0,-1.0,1,1,0,0,0.0003996291894282235,0.024718989727356443
2328,stimulus,45,6,5,1,1,1.0,1.0,0,nan,nan,nan,0.0,0.024718989727356443
2329,stimulus,45,3,4,0,1,1.0,1.0,0,nan,nan,nan,0.0,0.024718989727356443
2330,stimulus,45,8,5,1,0,-1.0,-1.0,1,2,0,0,0.0,0.024718989727356443
2331,stimulus,45,7,3,0,0,-1.0,-1.0,1,0,1,0,0.0003996291894282235,0.024718989727356443
2332,stimulus,45,2,5,1,0,-1.0,-1.0,1,0,1,0,0.0,0.024718989727356443
2333,stimulus,45,3,5,1,0,-1.0,-1.0,1,0,1,0,0.0003996291894282235,0.024718989727356443
2334,stimulus,45,2,3,0,1,1.0,1.0,0,nan,nan,nan,0.0,0.024718989727356443
2335,stimulus,45,3,4,1,1,1.0,1.0,0,nan,nan,nan,0.0,0.024718989727356443
2336,stimulus,45,1,5,1,0,-1.0,-1.0,1,2,0,0,0.0,0.024718989727356443
2337,stimulus,45,1,5,1,0,-1.0,-1.0,1,0,1,0,0.0,0.024718989727356443
2338,stimulus,45,6,5,1,1,1.0,1.0,0,nan,nan,nan,0.0,0.024718989727356443
2339,stimulus,45,0,4,0,0,-1.0,-1.0,1,1,0,0,0.0,0.024718989727356443
2340,stimulus,45,0,5,1,0,-1.0,-1.0,1,0,1,0,0.0,0.024718989727356443
2341,stimulus,45,1,5,1,0,-1.0,-1.0,1,0,1,0,0.0,0.024718989727356443
2342,stimulus,45,6,3,0,0,-1.0,-1.0,1,0,1,0,0.0,0.024718989727356443
2343,stimulus,45,7,3,0,0,-1.0,-1.0,1,0,1,0,0.0003996291894282235,0.024718989727356443
2344,stimulus,45,1,3,0,0,-1.0,-1.0,1,0,1,0,0.0,0.024718989727356443
2345,stimulus,45,8,3,0,0,-1.0,-1.0,1,0,1,0,0.0,0.024718989727356443
2346,stimulus,45,5,5,1,1,1.0,1.0,0,nan,nan,nan,0.0,0.024718989727356443
2347,stimulus,45,3,4,0,1,1.0,1.0,0,nan,nan,nan,0.0,0.024718989727356443
2348,stimulus,45,5,5,1,1,1.0,1.0,0,nan,nan,nan,0.0,0.024718989727356443
2349,stimulus,45,2,6,1,0,-1.0,-1.0,1,3,0,1,0.0,0.024718989727356443
2350,stimulus,45,0,5,1,0,-1.0,-1.0,1,0,1,0,0.0,0.024718989727356443
2351,stimulus,45,5,3,0,0,-1.0,-1.0,1,0,1,0,0.0,0.024718989727356443
2352,stimulus,45,6,3,0,0,-1.0,-1.0,1,0,1,0,0.0,0.024718989727356443
2353,stimulus,45,5,5,1,1,1.0,1.0,0,nan,nan,nan,0.0,0.024718989727356443
2354,stimulus,45,1,6,1,0,-1.0,-1.0,1,1,0,0,0.0,0.024718989727356443
2355,stimulus,45,6,3,0,0,-1.0,-1.0,1,0,1,0,0.0,0.024718989727356443
2356,stimulus,45,6,3,0,0,-1.0,-1.0,1,0,1,0,0.0,0.024718989727356443
2357,stimulus,45,8,3,0,0,-1.0,-1.0,1,0,1,0,0.0,0.024718989727356443
2358,stimulus,45,4,3,0,1,1.0,1.0,0,nan,nan,nan,0.0,0.024718989727356443
2359,stimulus,45,2,4,1,0,-1.0,-1.0,1,1,0,0,0.0003996291894282235,0.024718989727356443
2360,stimulus,45,3,5,1,0,-1.0,-1.0,1,0,1,0,0.0003996291894282235,0.024718989727356443
2361,stimulus,45,3,5,1,0,-1.0,-1.0,1,0,1,0,0.0003996291894282235,0.024718989727356443
2362,stimulus,45,3,5,1,0,-1.0,-1.0,1,0,1,0,0.0003996291894282235,0.024718989727356443
2363,stimulus,45,7,3,0,0,-1.0,-1.0,1,0,1,0,0.0003996291894282235,0.024718989727356443
2364,stimulus,45,8,3,0,0,-1.0,-1.0,1,0,1,0,0.0,0.024718989727356443
2365,stimulus,45,5,3,0,0,-1.0,-1.0,1,0,1,0,0.0,0.024718989727356443
2366,stimulus,45,4,5,1,1,1.0,1.0,0,nan,nan,nan,0.0,0.024718989727356443
2367,stimulus,45,1,4,0,0,-1.0,-1.0,1,1,0,0,0.0,0.024718989727356443
2368,stimulus,45,8,5,1,0,-1.0,-1.0,1,0,1,0,0.0,0.024718989727356443
2369,stimulus,45,7,3,0,0,-1.0,-1.0,1,0,1,0,0.0003996291894282235,0.024718989727356443
2370,stimulus,45,7,3,0,0,-1.0,-1.0,1,0,1,0,0.0003996291894282235,0.024718989727356443
2371,stimulus,45,8,5,1,0,-1.0,-1.0,1,0,1,0,0.0,0.024718989727356443
2372,stimulus,45,4,5,1,1,1.0,1.0,0,nan,nan,nan,0.0,0.024718989727356443
2373,stimulus,45,0,4,0,0,-1.0,-1.0,1,1,0,0,0.0,0.024718989727356443
2374,stimulus,45,8,5,1,0,-1.0,-1.0,1,0,1,0,0.0,0.024718989727356443
2375,stimulus,45,0,5,1,0,-1.0,-1.0,1,0,1,0,0.0,0.024718989727356443
2376,stimulus,45,7,3,0,0,-1.0,-1.0,1,0,1,0,0.0003996291894282235,0.024718989727356443
2377,stimulus,45,3,5,1,0,-1.0,-1.0,1,0,1,0,0.0003996291894282235,0.024718989727356443
2378,stimulus,45,3,5,1,0,-1.0,-1.0,1,0,1,0,0.0003996291894282235,0.024718989727356443
2379,stimulus,45,7,3,0,0,-1.0,-1.0,1,0,1,0,0.0003996291894282235,0.024718989727356443
2380,stimulus,45,3,5,1,0,-1.0,-1.0,1,0,1,0,0.0003996291894282235,0.024718989727356443
2381,stimulus,45,0,5,1,0,-1.0,-1.0,1,0,1,0,0.0,0.024718989727356443
2382,stimulus,45,0,5,1,0,-1.0,-1.0,1,0,1,0,0.0,0.024718989727356443
2383,stimulus,45,7,3,0,0,-1.0,-1.0,1,0,1,0,0.0003996291894282235,0.024718989727356443
2384,stimulus,45,2,5,1,0,-1.0,-1.0,1,0,1,0,0.0,0.024718989727356443
2385,stimulus,45,7,3,0,0,-1.0,-1.0,1,0,1,0,0.0003996291894282235,0.024718989727356443
2386,stimulus,45,2,3,0,1,1.0,1.0,0,nan,nan,nan,0.0,0.024718989727356443
2387,stimulus,45,0,2,0,0,-1.0,-1.0,1,1,0,0,0.0,0.024718989727356443
2388,stimulus,45,1,5,1,0,-1.0,-1.0,1,0,1,0,0.0,0.024718989727356443
2389,stimulus,45,1,5,1,0,-1.0,-1.0,1,0,1,0,0.0,0.024718989727356443
2390,stimulus,45,0,3,0,0,-1.0,-1.0,1,0,1,0,0.0,0.024718989727356443
2391,stimulus,45,0,5,1,0,-1.0,-1.0,1,0,1,0,0.0,0.024718989727356443
2392,stimulus,45,4,3,0,1,1.0,1.0,0,nan,nan,nan,0.0,0.024718989727356443
2393,stimulus,45,1,2,0,1,1.0,1.0,0,nan,nan,nan,0.0,0.024718989727356443
2394,stimulus,45,3,3,1,1,1.0,1.0,0,nan,nan,nan,0.0,0.024718989727356443
2395,stimulus,45,7,4,1,0,-1.0,-1.0,1,3,0,1,0.0,0.024718989727356443
2396,stimulus,45,7,3,0,0,-1.0,-1.0,1,0,1,0,0.0003996291894282235,0.024718989727356443
2397,stimulus,45,8,5,1,0,-1.0,-1.0,1,0,1,0,0.0,0.024718989727356443
2398,stimulus,45,6,5,1,1,1.0,1.0,0,nan,nan,nan,0.0,0.024718989727356443
2399,stimulus,45,6,6,1,1,1.0,1.0,0,nan,nan,nan,0.0,0.024718989727356443
2400,stimulus,45,8,5,0,0,-1.0,-1.0,1,2,0,0,0.0,0.024718989727356443
2401,stimulus,45,1,5,1,0,-1.0,-1.0,1,0,1,0,0.0,0.024718989727356443
2402,stimulus,45,4,3,0,1,1.0,1.0,0,nan,nan,nan,0.0,0.024718989727356443
2403,stimulus,45,8,2,0,0,-1.0,-1.0,1,1,0,0,0.0,0.024718989727356443
2404,stimulus,45,7,3,0,0,-1.0,-1.0,1,0,1,0,0.0003996291894282235,0.024718989727356443
2405,stimulus,45,8,5,1,0,-1.0,-1.0,1,0,1,0,0.0,0.024718989727356443
2406,stimulus,45,3,5,1,0,-1.0,-1.0,1,0,1,0,0.0003996291894282235,0.024718989727356443
2407,stimulus,45,5,5,1,1,1.0,1.0,0,nan,nan,nan,0.0,0.024718989727356443
2408,stimulus,45,8,4,0,0,-1.0,-1.0,1,1,0,0,0.0003996291894282235,0.024718989727356443
2409,stimulus,45,4,3,0,1,1.0,1.0,0,nan,nan,nan,0.0,0.024718989727356443
2410,stimulus,45,0,2,0,0,-1.0,-1.0,1,1,0,0,0.0,0.024718989727356443
2411,stimulus,45,0,5,1,0,-1.0,-1.0,1,0,1,0,0.0,0.024718989727356443
2412,stimulus,45,0,5,1,0,-1.0,-1.0,1,0,1,0,0.0,0.024718989727356443
2413,stimulus,45,0,5,1,0,-1.0,-1.0,1,0,1,0,0.0,0.024718989727356443
2414,stimulus,45,0,5,1,0,-1.0,-1.0,1,0,1,0,0.0,0.024718989727356443
2415,stimulus,45,1,5,1,0,-1.0,-1.0,1,0,1,0,0.0,0.024718989727356443
2416,stimulus,45,4,5,1,1,1.0,1.0,0,nan,nan,nan,0.0,0.024718989727356443
2417,stimulus,45,6,4,0,0,-1.0,-1.0,1,1,0,0,0.0,0.024718989727356443
2418,stimulus,45,4,5,1,1,1.0,1.0,0,nan,nan,nan,0.0,0.024718989727356443
2419,stimulus,45,4,4,0,1,1.0,1.0,0,nan,nan,nan,0.0003996291894282235,0.024319360537928224
2420,stimulus,45,6,5,1,1,1.0,1.0,0,nan,nan,nan,0.0,0.024319360537928224
2421,stimulus,45,8,4,0,0,-1.0,-1.0,1,3,0,1,0.0003996291894282235,0.024319360537928224
2422,stimulus,45,7,3,0,0,-1.0,-1.0,1,0,1,0,0.0003996291894282235,0.024319360537928224
2423,stimulus,45,5,5,1,1,1.0,1.0,0,nan,nan,nan,0.0,0.024319360537928224
2424,stimulus,45,1,6,1,0,-1.0,-1.0,1,1,0,0,0.0,0.024319360537928224
2425,stimulus,45,0,3,0,0,-1.0,-1.0,1,0,1,0,0.0,0.024319360537928224
2426,stimulus,45,7,3,0,0,-1.0,-1.0,1,0,1,0,0.0003996291894282235,0.024319360537928224
2427,stimulus,45,6,3,0,0,-1.0,-1.0,1,0,1,0,0.0,0.024319360537928224
2428,stimulus,45,1,5,1,0,-1.0,-1.0,1,0,1,0,0.0,0.024319360537928224
2429,stimulus,45,6,5,1,1,1.0,1.0,0,nan,nan,nan,0.0,0.024319360537928224
2430,stimulus,45,4,6,1,0,-1.0,-1.0,1,1,0,0,0.0003996291894282235,0.024718989727356443
2431,stimulus,45,1,3,0,0,-1.0,-1.0,1,0,1,0,0.0,0.024718989727356443
2432,stimulus,45,5,3,0,0,-1.0,-1.0,1,0,1,0,0.0,0.024718989727356443
2433,stimulus,45,4,3,0,1,1.0,1.0,0,nan,nan,nan,0.0,0.024718989727356443
2434,stimulus,45,6,2,0,0,-1.0,-1.0,1,1,0,0,0.0003996291894282235,0.024718989727356443
2435,stimulus,45,7,3,0,0,-1.0,-1.0,1,0,1,0,0.0003996291894282235,0.024718989727356443
2436,stimulus,45,0,3,0,0,-1.0,-1.0,1,0,1,0,0.0,0.024718989727356443
2437,stimulus,45,0,3,0,0,-1.0,-1.0,1,0,1,0,0.0,0.024718989727356443
2438,stimulus,45,6,3,0,0,-1.0,-1.0,1,0,1,0,0.0,0.024718989727356443
2439,stimulus,45,0,3,0,0,-1.0,-1.0,1,0,1,0,0.0,0.024718989727356443
2440,stimulus,45,7,3,0,0,-1.0,-1.0,1,0,1,0,0.0003996291894282235,0.024718989727356443
2441,stimulus,45,3,5,1,0,-1.0,-1.0,1,0,1,0,0.0003996291894282235,0.024718989727356443
2442,stimulus,45,0,5,1,0,-1.0,-1.0,1,0,1,0,0.0,0.024718989727356443
2443,stimulus,45,5,3,0,0,-1.0,-1.0,1,0,1,0,0.0,0.024718989727356443
2444,stimulus,45,7,3,0,0,-1.0,-1.0,1,0,1,0,0.0003996291894282235,0.024718989727356443
2445,stimulus,45,4,5,1,1,1.0,1.0,0,nan,nan,nan,0.0,0.024718989727356443
2446,stimulus,45,6,4,0,0,-1.0,-1.0,1,1,0,0,0.0,0.024718989727356443
2447,stimulus,45,7,3,0,0,-1.0,-1.0,1,0,1,0,0.0003996291894282235,0.024718989727356443
2448,stimulus,45,6,5,1,1,1.0,1.0,0,nan,nan,nan,0.0,0.024718989727356443
2449,stimulus,45,1,4,0,0,-1.0,-1.0,1,1,0,0,0.0,0.024718989727356443
2450,stimulus,45,7,3,0,0,-1.0,-1.0,1,0,1,0,0.0003996291894282235,0.024718989727356443
2451,stimulus,45,2,5,1,0,-1.0,-1.0,1,0,1,0,0.0,0.024718989727356443
2452,stimulus,45,0,3,0,0,-1.0,-1.0,1,0,1,0,0.0,0.024718989727356443
2453,stimulus,45,4,5,1,1,1.0,1.0,0,nan,nan,nan,0.0,0.024718989727356443
2454,stimulus,45,0,4,0,0,-1.0,-1.0,1,1,0,0,0.0,0.024718989727356443
2455,stimulus,45,2,5,1,0,-1.0,-1.0,1,0,1,0,0.0,0.024718989727356443
2456,stimulus,45,3,5,1,0,-1.0,-1.0,1,0,1,0,0.0003996291894282235,0.024718989727356443
2457,stimulus,45,3,5,1,0,-1.0,-1.0,1,0,1,0,0.0003996291894282235,0.024718989727356443
2458,stimulus,45,1,5,1,0,-1.0,-1.0,1,0,1,0,0.0,0.024718989727356443
2459,stimulus,45,7,3,0,0,-1.0,-1.0,1,0,1,0,0.0003996291894282235,0.024718989727356443
2460,stimulus,45,4,3,0,1,1.0,1.0,0,nan,nan,nan,0.0,0.024718989727356443
2461,stimulus,45,3,4,1,1,1.0,1.0,0,nan,nan,nan,0.0,0.024718989727356443
2462,stimulus,45,8,5,1,0,-1.0,-1.0,1,2,0,0,0.0,0.024718989727356443
2463,stimulus,45,6,3,0,0,-1.0,-1.0,1,0,1,0,0.0,0.024718989727356443
2464,stimulus,45,7,3,0,0,-1.0,-1.0,1,0,1,0,0.0003996291894282235,0.024718989727356443
2465,stimulus,45,1,5,1,0,-1.0,-1.0,1,0,1,0,0.0,0.024718989727356443
2466,stimulus,45,5,5,1,1,1.0,1.0,0,nan,nan,nan,0.0,0.024718989727356443
2467,stimulus,45,3,6,1,0,-1.0,-1.0,1,1,0,0,0.0,0.024718989727356443
2468,stimulus,45,1,3,0,0,-1.0,-1.0,1,0,1,0,0.0,0.024718989727356443
2469,stimulus,45,5,5,1,1,1.0,1.0,0,nan,nan,nan,0.0,0.024718989727356443
2470,stimulus,45,4,6,1,0,-1.0,-1.0,1,1,0,0,0.0003996291894282235,0.024718989727356443
2471,stimulus,45,5,5,1,1,1.0,1.0,0,nan,nan,nan,0.0,0.024718989727356443
2472,stimulus,45,2,6,1,0,-1.0,-1.0,1,1,0,0,0.0,0.024718989727356443
2473,stimulus,45,6,5,1,1,1.0,1.0,0,nan,nan,nan,0.0,0.024718989727356443
2474,stimulus,45,5,6,1,1,1.0,1.0,0,nan,nan,nan,0.0,0.024718989727356443
2475,stimulus,45,2,5,0,0,-1.0,-1.0,1,2,0,0,0.0,0.024718989727356443
2476,stimulus,45,4,3,0,1,1.0,1.0,0,nan,nan,nan,0.0,0.024718989727356443
2477,stimulus,45,8,4,1,0,-1.0,-1.0,1,1,0,0,0.0,0.024718989727356443
2478,stimulus,45,1,5,1,0,-1.0,-1.0,1,0,1,0,0.0,0.024718989727356443
2479,stimulus,45,5,5,1,1,1.0,1.0,0,nan,nan,nan,0.0,0.024718989727356443
2480,stimulus,45,1,6,1,0,-1.0,-1.0,1,1,0,0,0.0,0.024718989727356443
2481,stimulus,45,0,5,1,0,-1.0,-1.0,1,0,1,0,0.0,0.024718989727356443
2482,stimulus,45,5,3,0,0,-1.0,-1.0,1,0,1,0,0.0,0.024718989727356443
2483,stimulus,45,5,5,1,1,1.0,1.0,0,nan,nan,nan,0.0,0.024718989727356443
2484,stimulus,45,8,4,0,0,-1.0,-1.0,1,1,0,0,0.0003996291894282235,0.024718989727356443
2485,stimulus,45,6,3,0,0,-1.0,-1.0,1,0,1,0,0.0,0.024718989727356443
2486,stimulus,45,8,5,1,0,-1.0,-1.0,1,0,1,0,0.0,0.024718989727356443
2487,stimulus,45,3,5,1,0,-1.0,-1.0,1,0,1,0,0.0003996291894282235,0.024718989727356443
2488,stimulus,45,3,5,1,0,-1.0,-1.0,1,0,1,0,0.0003996291894282235,0.024718989727356443
2489,stimulus,45,6,5,1,1,1.0,1.0,0,nan,nan,nan,0.0,0.024718989727356443
2490,stimulus,45,6,6,1,1,1.0,1.0,0,nan,nan,nan,0.0,0.024718989727356443
2491,stimulus,45,7,7,1,1,1.0,1.0,0,nan,nan,nan,0.0,0.024718989727356443
2492,stimulus,45,0,6,0,0,-1.0,-1.0,1,3,0,1,0.0,0.024718989727356443
2493,stimulus,45,5,3,0,0,-1.0,-1.0,1,0,1,0,0.0,0.024718989727356443
2494,stimulus,45,8,5,1,0,-1.0,-1.0,1,0,1,0,0.0,0.024718989727356443
2495,stimulus,45,1,3,0,0,-1.0,-1.0,1,0,1,0,0.0,0.024718989727356443
2496,stimulus,45,1,5,1,0,-1.0,-1.0,1,0,1,0,0.0,0.024718989727356443
2497,stimulus,45,2,3,0,1,1.0,1.0,0,nan,nan,nan,0.0,0.024718989727356443
2498,stimulus,45,5,4,1,1,1.0,1.0,0,nan,nan,nan,0.0,0.024718989727356443
2499,stimulus,45,2,5,1,0,-1.0,-1.0,1,2,0,0,0.0,0.024718989727356443
2500,stimulus,45,5,5,1,1,1.0,1.0,0,nan,nan,nan,0.0,0.024718989727356443
2501,stimulus,45,2,4,0,0,-1.0,-1.0,1,1,0,0,0.0,0.024718989727356443
2502,stimulus,45,0,5,1,0,-1.0,-1.0,1,0,1,0,0.0,0.024718989727356443
2503,stimulus,45,4,3,0,1,1.0,1.0,0,nan,nan,nan,0.0,0.024718989727356443
2504,stimulus,45,5,4,1,1,1.0,1.0,0,nan,nan,nan,0.0,0.024718989727356443
2505,stimulus,45,6,5,1,1,1.0,1.0,0,nan,nan,nan,0.0,0.024718989727356443
2506,stimulus,45,8,4,0,0,-1.0,-1.0,1,3,0,1,0.0003996291894282235,0.024718989727356443
2507,stimulus,45,3,5,1,0,-1.0,-1.0,1,0,1,0,0.0003996291894282235,0.024718989727356443
2508,stimulus,45,6,3,0,0,-1.0,-1.0,1,0,1,0,0.0,0.024718989727356443
2509,stimulus,45,1,5,1,0,-1.0,-1.0,1,0,1,0,0.0,0.024718989727356443
2510,stimulus,45,0,3,0,0,-1.0,-1.0,1,0,1,0,0.0,0.024718989727356443
2511,stimulus,45,1,5,1,0,-1.0,-1.0,1,0,1,0,0.0,0.024718989727356443
2512,stimulus,45,6,3,0,0,-1.0,-1.0,1,0,1,0,0.0,0.024718989727356443
2513,stimulus,45,3,5,1,0,-1.0,-1.0,1,0,1,0,0.0003996291894282235,0.024718989727356443
2514,stimulus,45,1,5,1,0,-1.0,-1.0,1,0,1,0,0.0,0.024718989727356443
2515,stimulus,45,1,5,1,0,-1.0,-1.0,1,0,1,0,0.0,0.024718989727356443
2516,stimulus,45,2,5,1,0,-1.0,-1.0,1,0,1,0,0.0,0.024718989727356443
2517,stimulus,45,3,5,1,0,-1.0,-1.0,1,0,1,0,0.0003996291894282235,0.024718989727356443
2518,stimulus,45,4,3,0,1,1.0,1.0,0,nan,nan,nan,0.0,0.024718989727356443
2519,stimulus,45,1,2,0,1,1.0,1.0,0,nan,nan,nan,0.0,0.024718989727356443
2520,stimulus,45,6,3,1,0,-1.0,-1.0,1,2,0,0,0.0,0.024718989727356443
2521,stimulus,45,0,3,0,0,-1.0,-1.0,1,0,1,0,0.0,0.024718989727356443
2522,stimulus,45,2,3,0,1,1.0,1.0,0,nan,nan,nan,0.0,0.024718989727356443
2523,stimulus,45,6,2,0,0,-1.0,-1.0,1,1,0,0,0.0003996291894282235,0.024718989727356443
2524,stimulus,45,1,3,0,0,-1.0,-1.0,1,0,1,0,0.0,0.024718989727356443
2525,stimulus,45,7,3,0,0,-1.0,-1.0,1,0,1,0,0.0003996291894282235,0.024718989727356443
2526,stimulus,45,2,5,1,0,-1.0,-1.0,1,0,1,0,0.0,0.024718989727356443
2527,stimulus,45,7,3,0,0,-1.0,-1.0,1,0,1,0,0.0003996291894282235,0.024718989727356443
2528,stimulus,45,6,5,1,1,1.0,1.0,0,nan,nan,nan,0.0,0.024718989727356443
2529,stimulus,45,3,4,0,1,1.0,1.0,0,nan,nan,nan,0.0,0.024718989727356443
2530,stimulus,45,0,3,0,0,-1.0,-1.0,1,2,0,0,0.0,0.024718989727356443
2531,stimulus,45,3,5,1,0,-1.0,-1.0,1,0,1,0,0.0003996291894282235,0.024718989727356443
2532,stimulus,45,6,3,0,0,-1.0,-1.0,1,0,1,0,0.0,0.024718989727356443
2533,stimulus,45,5,5,1,1,1.0,1.0,0,nan,nan,nan,0.0,0.024718989727356443
2534,stimulus,45,6,6,1,1,1.0,1.0,0,nan,nan,nan,0.0,0.024718989727356443
2535,stimulus,45,7,5,0,0,-1.0,-1.0,1,2,0,0,0.0,0.024718989727356443
2536,stimulus,45,3,5,1,0,-1.0,-1.0,1,0,1,0,0.0003996291894282235,0.024718989727356443
2537,stimulus,45,3,5,1,0,-1.0,-1.0,1,0,1,0,0.0003996291894282235,0.024718989727356443
2538,stimulus,45,8,5,1,0,-1.0,-1.0,1,0,1,0,0.0,0.024718989727356443
2539,stimulus,45,1,3,0,0,-1.0,-1.0,1,0,1,0,0.0,0.024718989727356443
2540,stimulus,45,4,5,1,1,1.0,1.0,0,nan,nan,nan,0.0,0.024718989727356443
2541,stimulus,45,8,4,0,0,-1.0,-1.0,1,1,0,0,0.0003996291894282235,0.024718989727356443
2542,stimulus,45,4,5,1,1,1.0,1.0,0,nan,nan,nan,0.0,0.024718989727356443
2543,stimulus,45,8,4,0,0,-1.0,-1.0,1,1,0,0,0.0003996291894282235,0.024718989727356443
2544,stimulus,45,3,5,1,0,-1.0,-1.0,1,0,1,0,0.0003996291894282235,0.024718989727356443
2545,stimulus,45,7,3,0,0,-1.0,-1.0,1,0,1,0,0.0003996291894282235,0.024718989727356443
2546,stimulus,45,1,3,0,0,-1.0,-1.0,1,0,1,0,0.0,0.024718989727356443
2547,stimulus,45,6,3,0,0,-1.0,-1.0,1,0,1,0,0.0,0.024718989727356443
2548,stimulus,45,1,5,1,0,-1.0,-1.0,1,0,1,0,0.0,0.024718989727356443
2549,stimulus,45,0,3,0,0,-1.0,-1.0,1,0,1,0,0.0,0.024718989727356443
2550,stimulus,45,5,3,0,0,-1.0,-1.0,1,0,1,0,0.0,0.024718989727356443
2551,stimulus,45,0,3,0,0,-1.0,-1.0,1,0,1,0,0.0,0.024718989727356443
2552,stimulus,45,0,3,0,0,-1.0,-1.0,1,0,1,0,0.0,0.024718989727356443
2553,stimulus,45,5,3,0,0,-1.0,-1.0,1,0,1,0,0.0,0.024718989727356443
2554,stimulus,45,2,5,1,0,-1.0,-1.0,1,0,1,0,0.0,0.024718989727356443
2555,stimulus,45,3,5,1,0,-1.0,-1.0,1,0,1,0,0.0003996291894282235,0.024718989727356443
2556,stimulus,45,6,5,1,1,1.0,1.0,0,nan,nan,nan,0.0,0.024718989727356443
2557,stimulus,45,5,4,0,1,1.0,1.0,0,nan,nan,nan,0.0,0.024718989727356443
2558,stimulus,45,2,5,1,0,-1.0,-1.0,1,2,0,0,0.0,0.024718989727356443
2559,stimulus,45,6,5,1,1,1.0,1.0,0,nan,nan,nan,0.0,0.024718989727356443
2560,stimulus,45,0,6,1,0,-1.0,-1.0,1,1,0,0,0.0,0.024718989727356443
2561,stimulus,45,6,3,0,0,-1.0,-1.0,1,0,1,0,0.0,0.024718989727356443
2562,stimulus,45,7,3,0,0,-1.0,-1.0,1,0,1,0,0.0003996291894282235,0.024718989727356443
2563,stimulus,45,3,5,1,0,-1.0,-1.0,1,0,1,0,0.0003996291894282235,0.024718989727356443
2564,stimulus,45,0,3,0,0,-1.0,-1.0,1,0,1,0,0.0,0.024718989727356443
2565,stimulus,45,2,3,0,1,1.0,1.0,0,nan,nan,nan,0.0,0.024718989727356443
2566,stimulus,45,8,4,1,0,-1.0,-1.0,1,1,0,0,0.0,0.024718989727356443
2567,stimulus,45,4,3,0,1,1.0,1.0,0,nan,nan,nan,0.0,0.024718989727356443
2568,stimulus,45,5,2,0,0,-1.0,-1.0,1,1,0,0,0.0,0.024718989727356443
2569,stimulus,45,2,5,1,0,-1.0,-1.0,1,0,1,0,0.0,0.024718989727356443
2570,stimulus,45,1,3,0,0,-1.0,-1.0,1,0,1,0,0.0,0.024718989727356443
2571,stimulus,45,0,3,0,0,-1.0,-1.0,1,0,1,0,0.0,0.024718989727356443
2572,stimulus,45,6,5,1,1,1.0,1.0,0,nan,nan,nan,0.0,0.024718989727356443
2573,stimulus,45,5,6,1,1,1.0,1.0,0,nan,nan,nan,0.0,0.024718989727356443
2574,stimulus,45,5,7,1,0,-1.0,-1.0,1,2,0,0,0.0003996291894282235,0.024718989727356443
2575,stimulus,45,1,3,0,0,-1.0,-1.0,1,0,1,0,0.0,0.024718989727356443
2576,stimulus,45,6,5,1,1,1.0,1.0,0,nan,nan,nan,0.0,0.024718989727356443
2577,stimulus,45,0,6,1,0,-1.0,-1.0,1,1,0,0,0.0,0.024718989727356443
2578,stimulus,45,7,3,0,0,-1.0,-1.0,1,0,1,0,0.0003996291894282235,0.024718989727356443
2579,stimulus,45,1,5,1,0,-1.0,-1.0,1,0,1,0,0.0,0.024718989727356443
2580,stimulus,45,2,3,0,1,1.0,1.0,0,nan,nan,nan,0.0,0.024718989727356443
2581,stimulus,45,8,2,0,0,-1.0,-1.0,1,1,0,0,0.0,0.024718989727356443
2582,stimulus,45,0,5,1,0,-1.0,-1.0,1,0,1,0,0.0,0.024718989727356443
2583,stimulus,45,7,3,0,0,-1.0,-1.0,1,0,1,0,0.0003996291894282235,0.024718989727356443
2584,stimulus,45,7,3,0,0,-1.0,-1.0,1,0,1,0,0.0003996291894282235,0.024718989727356443
2585,stimulus,45,2,3,0,1,1.0,1.0,0,nan,nan,nan,0.0,0.024718989727356443
2586,stimulus,45,1,2,0,1,1.0,1.0,0,nan,nan,nan,0.0,0.024718989727356443
2587,stimulus,45,0,1,0,1,1.0,1.0,0,nan,nan,nan,0.0,0.024718989727356443
2588,stimulus,45,3,2,1,1,1.0,1.0,0,nan,nan,nan,0.0,0.024718989727356443
2589,stimulus,45,7,3,1,0,-1.0,-1.0,1,4,0,1,0.0,0.024718989727356443
2590,stimulus,45,8,5,1,0,-1.0,-1.0,1,0,1,0,0.0,0.024718989727356443
2591,stimulus,45,4,5,1,1,1.0,1.0,0,nan,nan,nan,0.0,0.024718989727356443
2592,stimulus,45,3,6,1,0,-1.0,-1.0,1,1,0,0,0.0,0.024718989727356443
2593,stimulus,45,1,3,0,0,-1.0,-1.0,1,0,1,0,0.0,0.024718989727356443
2594,stimulus,45,4,3,0,1,1.0,1.0,0,nan,nan,nan,0.0,0.024718989727356443
2595,stimulus,45,0,4,1,0,-1.0,-1.0,1,1,0,0,0.0,0.024718989727356443
2596,stimulus,45,7,3,0,0,-1.0,-1.0,1,0,1,0,0.0003996291894282235,0.024718989727356443
2597,stimulus,45,5,5,1,1,1.0,1.0,0,nan,nan,nan,0.0,0.024718989727356443
2598,stimulus,45,6,6,1,1,1.0,1.0,0,nan,nan,nan,0.0,0.024718989727356443
2599,stimulus,45,8,7,1,1,1.0,1.0,0,nan,nan,nan,0.0,0.024718989727356443
2600,stimulus,45,6,8,1,0,-1.0,-1.0,1,3,0,1,0.0003996291894282235,0.024718989727356443
2601,stimulus,45,2,5,1,0,-1.0,-1.0,1,0,1,0,0.0,0.024718989727356443
2602,stimulus,45,5,3,0,0,-1.0,-1.0,1,0,1,0,0.0,0.024718989727356443
2603,stimulus,45,8,5,1,0,-1.0,-1.0,1,0,1,0,0.0,0.024718989727356443
2604,stimulus,45,2,5,1,0,-1.0,-1.0,1,0,1,0,0.0,0.024718989727356443
2605,stimulus,45,0,5,1,0,-1.0,-1.0,1,0,1,0,0.0,0.024718989727356443
2606,stimulus,45,6,5,1,1,1.0,1.0,0,nan,nan,nan,0.0,0.024718989727356443
2607,stimulus,45,5,6,1,1,1.0,1.0,0,nan,nan,nan,0.0,0.024718989727356443
2608,stimulus,45,3,7,1,0,-1.0,-1.0,1,2,0,0,0.0,0.024718989727356443
2609,stimulus,45,8,5,1,0,-1.0,-1.0,1,0,1,0,0.0,0.024718989727356443
2610,stimulus,45,2,3,0,1,1.0,1.0,0,nan,nan,nan,0.0,0.024718989727356443
2611,stimulus,45,0,4,1,0,-1.0,-1.0,1,1,0,0,0.0,0.024718989727356443
2612,stimulus,45,2,3,0,1,1.0,1.0,0,nan,nan,nan,0.0,0.024718989727356443
2613,stimulus,45,3,2,0,1,1.0,1.0,0,nan,nan,nan,0.0,0.024718989727356443
2614,stimulus,45,3,1,0,0,-1.0,-1.0,1,2,0,0,0.0,0.024718989727356443
2615,stimulus,45,5,3,0,0,-1.0,-1.0,1,0,1,0,0.0,0.024718989727356443
2616,stimulus,45,5,3,0,0,-1.0,-1.0,1,0,1,0,0.0,0.024718989727356443
2617,stimulus,45,4,5,1,1,1.0,1.0,0,nan,nan,nan,0.0,0.024718989727356443
2618,stimulus,45,5,6,1,1,1.0,1.0,0,nan,nan,nan,0.0,0.024718989727356443
2619,stimulus,45,1,7,1,0,-1.0,-1.0,1,2,0,0,0.0,0.024718989727356443
2620,stimulus,45,8,5,1,0,-1.0,-1.0,1,0,1,0,0.0,0.024718989727356443
2621,stimulus,45,5,5,1,1,1.0,1.0,0,nan,nan,nan,0.0,0.024718989727356443
2622,stimulus,45,6,6,1,1,1.0,1.0,0,nan,nan,nan,0.0,0.024718989727356443
2623,stimulus,45,5,7,1,0,-1.0,-1.0,1,2,0,0,0.0003996291894282235,0.024718989727356443
2624,stimulus,45,8,5,1,0,-1.0,-1.0,1,0,1,0,0.0,0.024718989727356443
2625,stimulus,45,4,5,1,1,1.0,1.0,0,nan,nan,nan,0.0,0.024718989727356443
2626,stimulus,45,8,4,0,0,-1.0,-1.0,1,1,0,0,0.0003996291894282235,0.024718989727356443
2627,stimulus,45,6,5,1,1,1.0,1.0,0,nan,nan,nan,0.0,0.024718989727356443
2628,stimulus,45,5,6,1,1,1.0,1.0,0,nan,nan,nan,0.0,0.024718989727356443
2629,stimulus,45,4,7,1,0,-1.0,-1.0,1,2,0,0,0.0,0.024718989727356443
2630,stimulus,45,1,3,0,0,-1.0,-1.0,1,0,1,0,0.0,0.024718989727356443
2631,stimulus,45,4,5,1,1,1.0,1.0,0,nan,nan,nan,0.0,0.024718989727356443
2632,stimulus,45,7,6,1,1,1.0,1.0,0,nan,nan,nan,0.0,0.024718989727356443
2633,stimulus,45,3,5,0,0,-1.0,-1.0,1,2,0,0,0.0,0.024718989727356443
2634,stimulus,45,1,5,1,0,-1.0,-1.0,1,0,1,0,0.0,0.024718989727356443
2635,stimulus,45,4,5,1,1,1.0,1.0,0,nan,nan,nan,0.0,0.024718989727356443
2636,stimulus,45,3,4,0,1,1.0,1.0,0,nan,nan,nan,0.0,0.024718989727356443
2637,stimulus,45,8,5,1,0,-1.0,-1.0,1,2,0,0,0.0,0.024718989727356443
2638,stimulus,45,5,5,1,1,1.0,1.0,0,nan,nan,nan,0.0,0.024718989727356443
2639,stimulus,45,7,6,1,1,1.0,1.0,0,nan,nan,nan,0.0,0.024718989727356443
2640,stimulus,45,0,7,1,0,-1.0,-1.0,1,2,0,0,0.0,0.024718989727356443
2641,stimulus,45,7,3,0,0,-1.0,-1.0,1,0,1,0,0.0003996291894282235,0.024718989727356443
2642,stimulus,45,5,3,0,0,-1.0,-1.0,1,0,1,0,0.0,0.024718989727356443
2643,stimulus,45,7,3,0,0,-1.0,-1.0,1,0,1,0,0.0003996291894282235,0.024718989727356443
2644,stimulus,45,1,3,0,0,-1.0,-1.0,1,0,1,0,0.0,0.024718989727356443
2645,stimulus,45,1,5,1,0,-1.0,-1.0,1,0,1,0,0.0,0.024718989727356443
2646,stimulus,45,0,3,0,0,-1.0,-1.0,1,0,1,0,0.0,0.024718989727356443
2647,stimulus,45,8,3,0,0,-1.0,-1.0,1,0,1,0,0.0,0.024718989727356443
2648,stimulus,45,5,3,0,0,-1.0,-1.0,1,0,1,0,0.0,0.024718989727356443
2649,stimulus,45,0,3,0,0,-1.0,-1.0,1,0,1,0,0.0,0.024718989727356443
2650,stimulus,45,2,5,1,0,-1.0,-1.0,1,0,1,0,0.0,0.024718989727356443
2651,stimulus,45,7,3,0,0,-1.0,-1.0,1,0,1,0,0.0003996291894282235,0.024718989727356443
2652,stimulus,45,8,3,0,0,-1.0,-1.0,1,0,1,0,0.0,0.024718989727356443
2653,stimulus,45,8,5,1,0,-1.0,-1.0,1,0,1,0,0.0,0.024718989727356443
2654,stimulus,45,5,3,0,0,-1.0,-1.0,1,0,1,0,0.0,0.024718989727356443
2655,stimulus,45,7,3,0,0,-1.0,-1.0,1,0,1,0,0.0003996291894282235,0.024718989727356443
2656,stimulus,45,0,5,1,0,-1.0,-1.0,1,0,1,0,0.0,0.024718989727356443
2657,stimulus,45,8,5,1,0,-1.0,-1.0,1,0,1,0,0.0,0.024718989727356443
2658,stimulus,45,5,5,1,1,1.0,1.0,0,nan,nan,nan,0.0,0.024718989727356443
2659,stimulus,45,2,4,0,0,-1.0,-1.0,1,1,0,0,0.0,0.024718989727356443
2660,stimulus,45,3,5,1,0,-1.0,-1.0,1,0,1,0,0.0003996291894282235,0.024718989727356443
2661,stimulus,45,8,5,1,0,-1.0,-1.0,1,0,1,0,0.0,0.024718989727356443
2662,stimulus,45,7,5,1,0,-1.0,-1.0,1,0,1,0,0.0003996291894282235,0.024718989727356443
2663,stimulus,45,2,3,0,1,1.0,1.0,0,nan,nan,nan,0.0,0.024718989727356443
2664,stimulus,45,0,4,1,0,-1.0,-1.0,1,1,0,0,0.0,0.024718989727356443
2665,stimulus,45,3,5,1,0,-1.0,-1.0,1,0,1,0,0.0003996291894282235,0.024718989727356443
2666,stimulus,45,8,3,0,0,-1.0,-1.0,1,0,1,0,0.0,0.024718989727356443
2667,stimulus,45,8,5,1,0,-1.0,-1.0,1,0,1,0,0.0,0.024718989727356443
2668,stimulus,45,5,5,1,1,1.0,1.0,0,nan,nan,nan,0.0,0.024718989727356443
2669,stimulus,45,7,4,0,0,-1.0,-1.0,1,1,0,0,0.0,0.024718989727356443
2670,stimulus,45,4,3,0,1,1.0,1.0,0,nan,nan,nan,0.0,0.024718989727356443
2671,stimulus,45,7,2,0,0,-1.0,-1.0,1,1,0,0,0.0,0.024718989727356443
2672,stimulus,45,1,5,1,0,-1.0,-1.0,1,0,1,0,0.0,0.024718989727356443
2673,stimulus,45,2,5,1,0,-1.0,-1.0,1,0,1,0,0.0,0.024718989727356443
2674,stimulus,45,1,5,1,0,-1.0,-1.0,1,0,1,0,0.0,0.024718989727356443
2675,stimulus,45,4,5,1,1,1.0,1.0,0,nan,nan,nan,0.0,0.024718989727356443
2676,stimulus,45,1,6,1,0,-1.0,-1.0,1,1,0,0,0.0,0.024718989727356443
2677,stimulus,45,3,5,1,0,-1.0,-1.0,1,0,1,0,0.0003996291894282235,0.024718989727356443
2678,stimulus,45,5,3,0,0,-1.0,-1.0,1,0,1,0,0.0,0.024718989727356443
2679,stimulus,45,3,5,1,0,-1.0,-1.0,1,0,1,0,0.0003996291894282235,0.024718989727356443
2680,stimulus,45,5,3,0,0,-1.0,-1.0,1,0,1,0,0.0,0.024718989727356443
2681,stimulus,45,2,5,1,0,-1.0,-1.0,1,0,1,0,0.0,0.024718989727356443
2682,stimulus,45,7,3,0,0,-1.0,-1.0,1,0,1,0,0.0003996291894282235,0.024718989727356443
2683,stimulus,45,3,5,1,0,-1.0,-1.0,1,0,1,0,0.0003996291894282235,0.024718989727356443
2684,stimulus,45,4,5,1,1,1.0,1.0,0,nan,nan,nan,0.0,0.024718989727356443
2685,stimulus,45,5,4,0,1,1.0,1.0,0,nan,nan,nan,0.0,0.024718989727356443
2686,stimulus,45,5,3,0,0,-1.0,-1.0,1,2,0,0,0.0,0.024718989727356443
2687,stimulus,45,2,3,0,1,1.0,1.0,0,nan,nan,nan,0.0,0.024718989727356443
2688,stimulus,45,6,2,0,0,-1.0,-1.0,1,1,0,0,0.0003996291894282235,0.024718989727356443
2689,stimulus,45,8,3,0,0,-1.0,-1.0,1,0,1,0,0.0,0.024718989727356443
2690,stimulus,45,8,3,0,0,-1.0,-1.0,1,0,1,0,0.0,0.024718989727356443
2691,stimulus,45,2,5,1,0,-1.0,-1.0,1,0,1,0,0.0,0.024718989727356443
2692,stimulus,45,2,3,0,1,1.0,1.0,0,nan,nan,nan,0.0,0.024718989727356443
2693,stimulus,45,1,2,0,1,1.0,1.0,0,nan,nan,nan,0.0,0.024718989727356443
2694,stimulus,45,5,1,0,0,-1.0,-1.0,1,2,0,0,0.0003996291894282235,0.024718989727356443
2695,stimulus,45,1,5,1,0,-1.0,-1.0,1,0,1,0,0.0,0.024718989727356443
2696,stimulus,45,5,5,1,1,1.0,1.0,0,nan,nan,nan,0.0,0.024718989727356443
2697,stimulus,45,3,6,1,0,-1.0,-1.0,1,1,0,0,0.0,0.024718989727356443
2698,stimulus,45,7,3,0,0,-1.0,-1.0,1,0,1,0,0.0003996291894282235,0.024718989727356443
2699,stimulus,45,3,5,1,0,-1.0,-1.0,1,0,1,0,0.0003996291894282235,0.024718989727356443
2700,stimulus,45,6,5,1,1,1.0,1.0,0,nan,nan,nan,0.0,0.024718989727356443
2701,stimulus,45,3,6,1,0,-1.0,-1.0,1,1,0,0,0.0,0.024718989727356443
2702,stimulus,45,4,5,1,1,1.0,1.0,0,nan,nan,nan,0.0,0.024718989727356443
2703,stimulus,45,3,4,0,1,1.0,1.0,0,nan,nan,nan,0.0,0.024718989727356443
2704,stimulus,45,0,3,0,0,-1.0,-1.0,1,2,0,0,0.0,0.024718989727356443
2705,stimulus,45,2,5,1,0,-1.0,-1.0,1,0,1,0,0.0,0.024718989727356443
2706,stimulus,45,1,3,0,0,-1.0,-1.0,1,0,1,0,0.0,0.024718989727356443
2707,stimulus,45,1,5,1,0,-1.0,-1.0,1,0,1,0,0.0,0.024718989727356443
2708,stimulus,45,0,5,1,0,-1.0,-1.0,1,0,1,0,0.0,0.024718989727356443
2709,stimulus,45,3,5,1,0,-1.0,-1.0,1,0,1,0,0.0003996291894282235,0.024718989727356443
2710,stimulus,45,5,3,0,0,-1.0,-1.0,1,0,1,0,0.0,0.024718989727356443
2711,stimulus,45,4,3,0,1,1.0,1.0,0,nan,nan,nan,0.0,0.024718989727356443
2712,stimulus,45,1,2,0,1,1.0,1.0,0,nan,nan,nan,0.0,0.024718989727356443
2713,stimulus,45,3,3,1,1,1.0,1.0,0,nan,nan,nan,0.0,0.024718989727356443
2714,stimulus,45,8,4,1,0,-1.0,-1.0,1,3,0,1,0.0,0.024718989727356443
2715,stimulus,45,4,5,1,1,1.0,1.0,0,nan,nan,nan,0.0,0.024718989727356443
2716,stimulus,45,3,6,1,0,-1.0,-1.0,1,1,0,0,0.0,0.024718989727356443
2717,stimulus,45,8,3,0,0,-1.0,-1.0,1,0,1,0,0.0,0.024718989727356443
2718,stimulus,45,4,5,1,1,1.0,1.0,0,nan,nan,nan,0.0,0.024718989727356443
2719,stimulus,45,3,6,1,0,-1.0,-1.0,1,1,0,0,0.0,0.024718989727356443
2720,stimulus,45,0,3,0,0,-1.0,-1.0,1,0,1,0,0.0,0.024718989727356443
2721,stimulus,45,7,3,0,0,-1.0,-1.0,1,0,1,0,0.0003996291894282235,0.024718989727356443
2722,stimulus,45,0,5,1,0,-1.0,-1.0,1,0,1,0,0.0,0.024718989727356443
2723,stimulus,45,4,5,1,1,1.0,1.0,0,nan,nan,nan,0.0,0.024718989727356443
2724,stimulus,45,1,6,1,0,-1.0,-1.0,1,1,0,0,0.0,0.024718989727356443
2725,stimulus,45,8,5,1,0,-1.0,-1.0,1,0,1,0,0.0,0.024718989727356443
2726,stimulus,45,2,3,0,1,1.0,1.0,0,nan,nan,nan,0.0,0.024718989727356443
2727,stimulus,45,5,2,0,0,-1.0,-1.0,1,1,0,0,0.0,0.024718989727356443
2728,stimulus,45,3,5,1,0,-1.0,-1.0,1,0,1,0,0.0003996291894282235,0.024718989727356443
2729,stimulus,45,2,3,0,1,1.0,1.0,0,nan,nan,nan,0.0,0.024718989727356443
2730,stimulus,45,5,4,1,1,1.0,1.0,0,nan,nan,nan,0.0,0.024718989727356443
2731,stimulus,45,5,5,1,1,1.0,1.0,0,nan,nan,nan,0.0,0.024718989727356443
2732,stimulus,45,7,4,0,0,-1.0,-1.0,1,3,0,1,0.0,0.024718989727356443
2733,stimulus,45,7,3,0,0,-1.0,-1.0,1,0,1,0,0.0003996291894282235,0.024718989727356443
2734,stimulus,45,4,5,1,1,1.0,1.0,0,nan,nan,nan,0.0,0.024718989727356443
2735,stimulus,45,1,4,0,0,-1.0,-1.0,1,1,0,0,0.0,0.024718989727356443
2736,stimulus,45,1,5,1,0,-1.0,-1.0,1,0,1,0,0.0,0.024718989727356443
2737,stimulus,45,4,3,0,1,1.0,1.0,0,nan,nan,nan,0.0,0.024718989727356443
2738,stimulus,45,5,2,0,0,-1.0,-1.0,1,1,0,0,0.0,0.024718989727356443
2739,stimulus,45,7,3,0,0,-1.0,-1.0,1,0,1,0,0.0003996291894282235,0.024718989727356443
2740,stimulus,45,4,3,0,1,1.0,1.0,0,nan,nan,nan,0.0,0.024718989727356443
2741,stimulus,45,5,4,1,1,1.0,1.0,0,nan,nan,nan,0.0,0.024718989727356443
2742,stimulus,45,0,5,1,0,-1.0,-1.0,1,2,0,0,0.0,0.024718989727356443
2743,stimulus,45,3,5,1,0,-1.0,-1.0,1,0,1,0,0.0003996291894282235,0.024718989727356443
2744,stimulus,45,3,5,1,0,-1.0,-1.0,1,0,1,0,0.0003996291894282235,0.024718989727356443
2745,stimulus,45,8,5,1,0,-1.0,-1.0,1,0,1,0,0.0,0.024718989727356443
2746,stimulus,45,7,3,0,0,-1.0,-1.0,1,0,1,0,0.0003996291894282235,0.024718989727356443
2747,stimulus,45,2,3,0,1,1.0,1.0,0,nan,nan,nan,0.0,0.024718989727356443
2748,stimulus,45,2,4,1,0,-1.0,-1.0,1,1,0,0,0.0003996291894282235,0.024718989727356443
2749,stimulus,45,8,3,0,0,-1.0,-1.0,1,0,1,0,0.0,0.024718989727356443
2750,stimulus,45,8,3,0,0,-1.0,-1.0,1,0,1,0,0.0,0.024718989727356443
2751,stimulus,45,2,3,0,1,1.0,1.0,0,nan,nan,nan,0.0,0.024718989727356443
2752,stimulus,45,0,4,1,0,-1.0,-1.0,1,1,0,0,0.0,0.024718989727356443
2753,stimulus,45,7,3,0,0,-1.0,-1.0,1,0,1,0,0.0003996291894282235,0.024718989727356443
2754,stimulus,45,8,5,1,0,-1.0,-1.0,1,0,1,0,0.0,0.024718989727356443
2755,stimulus,45,4,3,0,1,1.0,1.0,0,nan,nan,nan,0.0,0.024718989727356443
2756,stimulus,45,7,2,0,0,-1.0,-1.0,1,1,0,0,0.0,0.024718989727356443
2757,stimulus,45,7,3,0,0,-1.0,-1.0,1,0,1,0,0.0003996291894282235,0.024718989727356443
2758,stimulus,45,4,5,1,1,1.0,1.0,0,nan,nan,nan,0.0,0.024718989727356443
2759,stimulus,45,7,6,1,1,1.0,1.0,0,nan,nan,nan,0.0,0.024718989727356443
2760,stimulus,45,1,7,1,0,-1.0,-1.0,1,2,0,0,0.0,0.024718989727356443
2761,stimulus,45,7,3,0,0,-1.0,-1.0,1,0,1,0,0.0003996291894282235,0.024718989727356443
2762,stimulus,45,5,3,0,0,-1.0,-1.0,1,0,1,0,0.0,0.024718989727356443
2763,stimulus,45,2,3,0,1,1.0,1.0,0,nan,nan,nan,0.0,0.024718989727356443
2764,stimulus,45,0,4,1,0,-1.0,-1.0,1,1,0,0,0.0,0.024718989727356443
2765,stimulus,45,3,5,1,0,-1.0,-1.0,1,0,1,0,0.0003996291894282235,0.024718989727356443
2766,stimulus,45,1,3,0,0,-1.0,-1.0,1,0,1,0,0.0,0.024718989727356443
2767,stimulus,45,7,3,0,0,-1.0,-1.0,1,0,1,0,0.0003996291894282235,0.024718989727356443
2768,stimulus,45,5,3,0,0,-1.0,-1.0,1,0,1,0,0.0,0.024718989727356443
2769,stimulus,45,8,3,0,0,-1.0,-1.0,1,0,1,0,0.0,0.024718989727356443
2770,stimulus,45,6,5,1,1,1.0,1.0,0,nan,nan,nan,0.0,0.024718989727356443
2771,stimulus,45,4,6,1,0,-1.0,-1.0,1,1,0,0,0.0003996291894282235,0.024718989727356443
2772,stimulus,45,6,5,1,1,1.0,1.0,0,nan,nan,nan,0.0,0.024718989727356443
2773,stimulus,45,1,4,0,0,-1.0,-1.0,1,1,0,0,0.0,0.024718989727356443
2774,stimulus,45,4,3,0,1,1.0,1.0,0,nan,nan,nan,0.0,0.024718989727356443
2775,stimulus,45,6,2,0,0,-1.0,-1.0,1,1,0,0,0.0003996291894282235,0.024718989727356443
2776,stimulus,45,1,3,0,0,-1.0,-1.0,1,0,1,0,0.0,0.024718989727356443
2777,stimulus,45,7,3,0,0,-1.0,-1.0,1,0,1,0,0.0003996291894282235,0.024718989727356443
2778,stimulus,45,3,5,1,0,-1.0,-1.0,1,0,1,0,0.0003996291894282235,0.024718989727356443
2779,stimulus,45,2,5,1,0,-1.0,-1.0,1,0,1,0,0.0,0.024718989727356443
2780,stimulus,45,8,3,0,0,-1.0,-1.0,1,0,1,0,0.0,0.024718989727356443
2781,stimulus,45,0,3,0,0,-1.0,-1.0,1,0,1,0,0.0,0.024718989727356443
2782,stimulus,45,0,5,1,0,-1.0,-1.0,1,0,1,0,0.0,0.024718989727356443
2783,stimulus,45,4,5,1,1,1.0,1.0,0,nan,nan,nan,0.0,0.024718989727356443
2784,stimulus,45,5,6,1,1,1.0,1.0,0,nan,nan,nan,0.0,0.024718989727356443
2785,stimulus,45,3,5,0,0,-1.0,-1.0,1,2,0,0,0.0,0.024718989727356443
2786,stimulus,45,0,3,0,0,-1.0,-1.0,1,0,1,0,0.0,0.024718989727356443
2787,stimulus,45,8,3,0,0,-1.0,-1.0,1,0,1,0,0.0,0.024718989727356443
2788,stimulus,45,4,3,0,1,1.0,1.0,0,nan,nan,nan,0.0,0.024718989727356443
2789,stimulus,45,7,4,1,0,-1.0,-1.0,1,1,0,0,0.0,0.024718989727356443
2790,stimulus,45,2,3,0,1,1.0,1.0,0,nan,nan,nan,0.0,0.024718989727356443
2791,stimulus,45,6,2,0,0,-1.0,-1.0,1,1,0,0,0.0003996291894282235,0.024718989727356443
2792,stimulus,45,0,3,0,0,-1.0,-1.0,1,0,1,0,0.0,0.024718989727356443
2793,stimulus,45,1,3,0,0,-1.0,-1.0,1,0,1,0,0.0,0.024718989727356443
2794,stimulus,45,5,3,0,0,-1.0,-1.0,1,0,1,0,0.0,0.024718989727356443
2795,stimulus,45,7,3,0,0,-1.0,-1.0,1,0,1,0,0.0003996291894282235,0.024718989727356443
2796,stimulus,45,5,3,0,0,-1.0,-1.0,1,0,1,0,0.0,0.024718989727356443
2797,stimulus,45,4,5,1,1,1.0,1.0,0,nan,nan,nan,0.0,0.024718989727356443
2798,stimulus,45,7,4,0,0,-1.0,-1.0,1,1,0,0,0.0,0.024718989727356443
2799,stimulus,45,1,3,0,0,-1.0,-1.0,1,0,1,0,0.0,0.024718989727356443
2800,stimulus,45,6,5,1,1,1.0,1.0,0,nan,nan,nan,0.0,0.024718989727356443
2801,stimulus,45,0,4,0,0,-1.0,-1.0,1,1,0,0,0.0,0.024718989727356443
2802,stimulus,45,7,3,0,0,-1.0,-1.0,1,0,1,0,0.0003996291894282235,0.024718989727356443
2803,stimulus,45,4,3,0,1,1.0,1.0,0,nan,nan,nan,0.0,0.024718989727356443
2804,stimulus,45,3,4,1,1,1.0,1.0,0,nan,nan,nan,0.0,0.024718989727356443
2805,stimulus,45,8,5,1,0,-1.0,-1.0,1,2,0,0,0.0,0.024718989727356443
2806,stimulus,45,0,5,1,0,-1.0,-1.0,1,0,1,0,0.0,0.024718989727356443
2807,stimulus,45,3,5,1,0,-1.0,-1.0,1,0,1,0,0.0003996291894282235,0.024718989727356443
2808,stimulus,45,3,5,1,0,-1.0,-1.0,1,0,1,0,0.0003996291894282235,0.024718989727356443
2809,stimulus,45,4,5,1,1,1.0,1.0,0,nan,nan,nan,0.0,0.024718989727356443
2810,stimulus,45,0,4,0,0,-1.0,-1.0,1,1,0,0,0.0,0.024718989727356443
2811,stimulus,45,6,5,1,1,1.0,1.0,0,nan,nan,nan,0.0,0.024718989727356443
2812,stimulus,45,6,6,1,1,1.0,1.0,0,nan,nan,nan,0.0,0.024718989727356443
2813,stimulus,45,4,7,1,0,-1.0,-1.0,1,2,0,0,0.0,0.024718989727356443
2814,stimulus,45,7,3,0,0,-1.0,-1.0,1,0,1,0,0.0003996291894282235,0.024718989727356443
2815,stimulus,45,8,5,1,0,-1.0,-1.0,1,0,1,0,0.0,0.024718989727356443
2816,stimulus,45,4,3,0,1,1.0,1.0,0,nan,nan,nan,0.0,0.024718989727356443
2817,stimulus,45,4,2,0,0,-1.0,-1.0,1,1,0,0,0.0,0.024718989727356443
2818,stimulus,45,1,3,0,0,-1.0,-1.0,1,0,1,0,0.0,0.024718989727356443
2819,stimulus,45,4,5,1,1,1.0,1.0,0,nan,nan,nan,0.0,0.024718989727356443
2820,stimulus,45,0,4,0,0,-1.0,-1.0,1,1,0,0,0.0,0.024718989727356443
2821,stimulus,45,4,5,1,1,1.0,1.0,0,nan,nan,nan,0.0,0.024718989727356443
2822,stimulus,45,3,4,0,1,1.0,1.0,0,nan,nan,nan,0.0,0.024718989727356443
2823,stimulus,45,4,5,1,1,1.0,1.0,0,nan,nan,nan,0.0,0.024718989727356443
2824,stimulus,45,7,4,0,0,-1.0,-1.0,1,3,0,1,0.0,0.024718989727356443
2825,stimulus,45,3,5,1,0,-1.0,-1.0,1,0,1,0,0.0003996291894282235,0.024718989727356443
2826,stimulus,45,7,3,0,0,-1.0,-1.0,1,0,1,0,0.0003996291894282235,0.024718989727356443
2827,stimulus,45,3,5,1,0,-1.0,-1.0,1,0,1,0,0.0003996291894282235,0.024718989727356443
2828,stimulus,45,7,3,0,0,-1.0,-1.0,1,0,1,0,0.0003996291894282235,0.024718989727356443
2829,stimulus,45,0,3,0,0,-1.0,-1.0,1,0,1,0,0.0,0.024718989727356443
2830,stimulus,45,2,3,0,1,1.0,1.0,0,nan,nan,nan,0.0,0.024718989727356443
2831,stimulus,45,7,4,1,0,-1.0,-1.0,1,1,0,0,0.0,0.024718989727356443
2832,stimulus,45,5,3,0,0,-1.0,-1.0,1,0,1,0,0.0,0.024718989727356443
2833,stimulus,45,2,5,1,0,-1.0,-1.0,1,0,1,0,0.0,0.024718989727356443
2834,stimulus,45,6,5,1,1,1.0,1.0,0,nan,nan,nan,0.0,0.024718989727356443
2835,stimulus,45,0,6,1,0,-1.0,-1.0,1,1,0,0,0.0,0.024718989727356443
2836,stimulus,45,3,5,1,0,-1.0,-1.0,1,0,1,0,0.0003996291894282235,0.024718989727356443
2837,stimulus,45,3,5,1,0,-1.0,-1.0,1,0,1,0,0.0003996291894282235,0.024718989727356443
2838,stimulus,45,6,3,0,0,-1.0,-1.0,1,0,1,0,0.0,0.024718989727356443
2839,stimulus,45,1,3,0,0,-1.0,-1.0,1,0,1,0,0.0,0.024718989727356443
2840,stimulus,45,4,5,1,1,1.0,1.0,0,nan,nan,nan,0.0,0.024718989727356443
2841,stimulus,45,1,6,1,0,-1.0,-1.0,1,1,0,0,0.0,0.024718989727356443
2842,stimulus,45,3,5,1,0,-1.0,-1.0,1,0,1,0,0.0003996291894282235,0.024718989727356443
2843,stimulus,45,4,5,1,1,1.0,1.0,0,nan,nan,nan,0.0,0.024718989727356443
2844,stimulus,45,5,6,1,1,1.0,1.0,0,nan,nan,nan,0.0,0.024718989727356443
2845,stimulus,45,5,7,1,0,-1.0,-1.0,1,2,0,0,0.0003996291894282235,0.024718989727356443
2846,stimulus,45,1,5,1,0,-1.0,-1.0,1,0,1,0,0.0,0.024718989727356443
2847,stimulus,45,4,5,1,1,1.0,1.0,0,nan,nan,nan,0.0,0.024718989727356443
2848,stimulus,45,2,4,0,0,-1.0,-1.0,1,1,0,0,0.0,0.024718989727356443
2849,stimulus,45,4,3,0,1,1.0,1.0,0,nan,nan,nan,0.0,0.024718989727356443
2850,stimulus,45,4,2,0,0,-1.0,-1.0,1,1,0,0,0.0,0.024718989727356443
2851,stimulus,45,0,3,0,0,-1.0,-1.0,1,0,1,0,0.0,0.024718989727356443
2852,stimulus,45,2,5,1,0,-1.0,-1.0,1,0,1,0,0.0,0.024718989727356443
2853,stimulus,45,2,5,1,0,-1.0,-1.0,1,0,1,0,0.0,0.024718989727356443
2854,stimulus,45,5,3,0,0,-1.0,-1.0,1,0,1,0,0.0,0.024718989727356443
2855,stimulus,45,7,3,0,0,-1.0,-1.0,1,0,1,0,0.0003996291894282235,0.024718989727356443
2856,stimulus,45,4,5,1,1,1.0,1.0,0,nan,nan,nan,0.0,0.024718989727356443
2857,stimulus,45,3,6,1,0,-1.0,-1.0,1,1,0,0,0.0,0.024718989727356443
2858,stimulus,45,4,5,1,1,1.0,1.0,0,nan,nan,nan,0.0,0.024718989727356443
2859,stimulus,45,5,4,0,1,1.0,1.0,0,nan,nan,nan,0.0,0.024718989727356443
2860,stimulus,45,0,3,0,0,-1.0,-1.0,1,2,0,0,0.0,0.024718989727356443
2861,stimulus,45,8,3,0,0,-1.0,-1.0,1,0,1,0,0.0,0.024718989727356443
2862,stimulus,45,1,3,0,0,-1.0,-1.0,1,0,1,0,0.0,0.024718989727356443
2863,stimulus,45,0,5,1,0,-1.0,-1.0,1,0,1,0,0.0,0.024718989727356443
2864,stimulus,45,5,3,0,0,-1.0,-1.0,1,0,1,0,0.0,0.024718989727356443
2865,stimulus,45,0,5,1,0,-1.0,-1.0,1,0,1,0,0.0,0.024718989727356443
2866,stimulus,45,7,3,0,0,-1.0,-1.0,1,0,1,0,0.0003996291894282235,0.024718989727356443
2867,stimulus,45,1,5,1,0,-1.0,-1.0,1,0,1,0,0.0,0.024718989727356443
2868,stimulus,45,5,5,1,1,1.0,1.0,0,nan,nan,nan,0.0,0.024718989727356443
2869,stimulus,45,2,6,1,0,-1.0,-1.0,1,1,0,0,0.0,0.024718989727356443
2870,stimulus,45,8,3,0,0,-1.0,-1.0,1,0,1,0,0.0,0.024718989727356443
2871,stimulus,45,4,5,1,1,1.0,1.0,0,nan,nan,nan,0.0,0.024718989727356443
2872,stimulus,45,6,6,1,1,1.0,1.0,0,nan,nan,nan,0.0,0.024718989727356443
2873,stimulus,45,5,7,1,0,-1.0,-1.0,1,2,0,0,0.0003996291894282235,0.024718989727356443
2874,stimulus,45,2,3,0,1,1.0,1.0,0,nan,nan,nan,0.0,0.024718989727356443
2875,stimulus,45,1,4,1,0,-1.0,-1.0,1,1,0,0,0.0,0.024718989727356443
2876,stimulus,45,3,5,1,0,-1.0,-1.0,1,0,1,0,0.0003996291894282235,0.024718989727356443
2877,stimulus,45,8,3,0,0,-1.0,-1.0,1,0,1,0,0.0,0.024718989727356443
2878,stimulus,45,6,5,1,1,1.0,1.0,0,nan,nan,nan,0.0,0.024718989727356443
2879,stimulus,45,2,6,1,0,-1.0,-1.0,1,1,0,0,0.0,0.024718989727356443
2880,stimulus,45,5,3,0,0,-1.0,-1.0,1,0,1,0,0.0,0.024718989727356443
2881,stimulus,45,5,3,0,0,-1.0,-1.0,1,0,1,0,0.0,0.024718989727356443
2882,stimulus,45,7,3,0,0,-1.0,-1.0,1,0,1,0,0.0003996291894282235,0.024718989727356443
2883,stimulus,45,3,5,1,0,-1.0,-1.0,1,0,1,0,0.0003996291894282235,0.024718989727356443
2884,stimulus,45,6,5,1,1,1.0,1.0,0,nan,nan,nan,0.0,0.024718989727356443
2885,stimulus,45,7,4,0,0,-1.0,-1.0,1,1,0,0,0.0,0.024718989727356443
2886,stimulus,45,1,5,1,0,-1.0,-1.0,1,0,1,0,0.0,0.024718989727356443
2887,stimulus,45,5,5,1,1,1.0,1.0,0,nan,nan,nan,0.0,0.024718989727356443
2888,stimulus,45,4,6,1,0,-1.0,-1.0,1,1,0,0,0.0003996291894282235,0.024718989727356443
2889,stimulus,45,1,3,0,0,-1.0,-1.0,1,0,1,0,0.0,0.024718989727356443
2890,stimulus,45,6,5,1,1,1.0,1.0,0,nan,nan,nan,0.0,0.024718989727356443
2891,stimulus,45,6,4,0,0,-1.0,-1.0,1,1,0,0,0.0,0.024718989727356443
2892,stimulus,45,4,5,1,1,1.0,1.0,0,nan,nan,nan,0.0,0.024718989727356443
2893,stimulus,45,2,6,1,0,-1.0,-1.0,1,1,0,0,0.0,0.024718989727356443
2894,stimulus,45,2,5,1,0,-1.0,-1.0,1,0,1,0,0.0,0.024718989727356443
2895,stimulus,45,8,5,1,0,-1.0,-1.0,1,0,1,0,0.0,0.024718989727356443
2896,stimulus,45,0,3,0,0,-1.0,-1.0,1,0,1,0,0.0,0.024718989727356443
2897,stimulus,45,5,3,0,0,-1.0,-1.0,1,0,1,0,0.0,0.024718989727356443
2898,stimulus,45,2,3,0,1,1.0,1.0,0,nan,nan,nan,0.0,0.024718989727356443
2899,stimulus,45,3,2,0,1,1.0,1.0,0,nan,nan,nan,0.0,0.024718989727356443
2900,stimulus,45,7,3,1,0,-1.0,-1.0,1,2,0,0,0.0,0.024718989727356443
2901,stimulus,45,6,5,1,1,1.0,1.0,0,nan,nan,nan,0.0,0.024718989727356443
2902,stimulus,45,0,4,0,0,-1.0,-1.0,1,1,0,0,0.0,0.024718989727356443
2903,stimulus,45,3,5,1,0,-1.0,-1.0,1,0,1,0,0.0003996291894282235,0.024718989727356443
2904,stimulus,45,3,3,0,1,1.0,1.0,0,nan,nan,nan,0.0003996291894282235,0.024319360537928224
2905,stimulus,45,5,4,1,1,1.0,1.0,0,nan,nan,nan,0.0,0.024319360537928224
2906,stimulus,45,7,3,0,0,-1.0,-1.0,1,2,0,0,0.0003996291894282235,0.024319360537928224
2907,stimulus,45,1,5,1,0,-1.0,-1.0,1,0,1,0,0.0,0.024319360537928224
2908,stimulus,45,1,3,0,0,-1.0,-1.0,1,0,1,0,0.0,0.024319360537928224
2909,stimulus,45,8,5,1,0,-1.0,-1.0,1,0,1,0,0.0,0.024319360537928224
2910,stimulus,45,4,5,1,1,1.0,1.0,0,nan,nan,nan,0.0,0.024319360537928224
2911,stimulus,45,1,6,1,0,-1.0,-1.0,1,1,0,0,0.0,0.024319360537928224
2912,stimulus,45,6,5,1,1,1.0,1.0,0,nan,nan,nan,0.0,0.024319360537928224
2913,stimulus,45,3,4,0,1,1.0,1.0,0,nan,nan,nan,0.0,0.024319360537928224
2914,stimulus,45,3,5,1,0,-1.0,-1.0,1,2,0,0,0.0003996291894282235,0.024718989727356443
2915,stimulus,45,2,3,0,1,1.0,1.0,0,nan,nan,nan,0.0,0.024718989727356443
2916,stimulus,45,5,4,1,1,1.0,1.0,0,nan,nan,nan,0.0,0.024718989727356443
2917,stimulus,45,1,3,0,0,-1.0,-1.0,1,2,0,0,0.0,0.024718989727356443
2918,stimulus,45,5,5,1,1,1.0,1.0,0,nan,nan,nan,0.0,0.024718989727356443
2919,stimulus,45,5,6,1,1,1.0,1.0,0,nan,nan,nan,0.0,0.024718989727356443
2920,stimulus,45,0,7,1,0,-1.0,-1.0,1,2,0,0,0.0,0.024718989727356443
2921,stimulus,45,4,3,0,1,1.0,1.0,0,nan,nan,nan,0.0,0.024718989727356443
2922,stimulus,45,6,2,0,0,-1.0,-1.0,1,1,0,0,0.0003996291894282235,0.024718989727356443
2923,stimulus,45,3,5,1,0,-1.0,-1.0,1,0,1,0,0.0003996291894282235,0.024718989727356443
2924,stimulus,45,4,5,1,1,1.0,1.0,0,nan,nan,nan,0.0,0.024718989727356443
2925,stimulus,45,2,6,1,0,-1.0,-1.0,1,1,0,0,0.0,0.024718989727356443
2926,stimulus,45,0,5,1,0,-1.0,-1.0,1,0,1,0,0.0,0.024718989727356443
2927,stimulus,45,7,3,0,0,-1.0,-1.0,1,0,1,0,0.0003996291894282235,0.024718989727356443
2928,stimulus,45,1,5,1,0,-1.0,-1.0,1,0,1,0,0.0,0.024718989727356443
2929,stimulus,45,1,5,1,0,-1.0,-1.0,1,0,1,0,0.0,0.024718989727356443
2930,stimulus,45,6,3,0,0,-1.0,-1.0,1,0,1,0,0.0,0.024718989727356443
2931,stimulus,45,6,3,0,0,-1.0,-1.0,1,0,1,0,0.0,0.024718989727356443
2932,stimulus,45,0,5,1,0,-1.0,-1.0,1,0,1,0,0.0,0.024718989727356443
2933,stimulus,45,8,5,1,0,-1.0,-1.0,1,0,1,0,0.0,0.024718989727356443
2934,stimulus,45,8,5,1,0,-1.0,-1.0,1,0,1,0,0.0,0.024718989727356443
2935,stimulus,45,7,3,0,0,-1.0,-1.0,1,0,1,0,0.0003996291894282235,0.024718989727356443
2936,stimulus,45,6,3,0,0,-1.0,-1.0,1,0,1,0,0.0,0.024718989727356443
2937,stimulus,45,7,3,0,0,-1.0,-1.0,1,0,1,0,0.0003996291894282235,0.024718989727356443
2938,stimulus,45,6,5,1,1,1.0,1.0,0,nan,nan,nan,0.0,0.024718989727356443
2939,stimulus,45,1,6,1,0,-1.0,-1.0,1,1,0,0,0.0,0.024718989727356443
2940,stimulus,45,5,5,1,1,1.0,1.0,0,nan,nan,nan,0.0,0.024718989727356443
2941,stimulus,45,6,4,0,0,-1.0,-1.0,1,1,0,0,0.0,0.024718989727356443
2942,stimulus,45,5,3,0,0,-1.0,-1.0,1,0,1,0,0.0,0.024718989727356443
2943,stimulus,45,5,3,0,0,-1.0,-1.0,1,0,1,0,0.0,0.024718989727356443
2944,stimulus,45,4,3,0,1,1.0,1.0,0,nan,nan,nan,0.0,0.024718989727356443
2945,stimulus,45,1,4,1,0,-1.0,-1.0,1,1,0,0,0.0,0.024718989727356443
2946,stimulus,45,2,3,0,1,1.0,1.0,0,nan,nan,nan,0.0,0.024718989727356443
2947,stimulus,45,4,4,1,1,1.0,1.0,0,nan,nan,nan,0.0,0.024718989727356443
2948,stimulus,45,5,3,0,0,-1.0,-1.0,1,2,0,0,0.0,0.024718989727356443
2949,stimulus,45,4,5,1,1,1.0,1.0,0,nan,nan,nan,0.0,0.024718989727356443
2950,stimulus,45,6,6,1,1,1.0,1.0,0,nan,nan,nan,0.0,0.024718989727356443
2951,stimulus,45,1,7,1,0,-1.0,-1.0,1,2,0,0,0.0,0.024718989727356443
2952,stimulus,45,7,3,0,0,-1.0,-1.0,1,0,1,0,0.0003996291894282235,0.024718989727356443
2953,stimulus,45,8,5,1,0,-1.0,-1.0,1,0,1,0,0.0,0.024718989727356443
2954,stimulus,45,5,5,1,1,1.0,1.0,0,nan,nan,nan,0.0,0.024718989727356443
2955,stimulus,45,7,6,1,1,1.0,1.0,0,nan,nan,nan,0.0,0.024718989727356443
2956,stimulus,45,2,5,0,0,-1.0,-1.0,1,2,0,0,0.0,0.024718989727356443
2957,stimulus,45,6,3,0,0,-1.0,-1.0,1,0,1,0,0.0,0.024718989727356443
2958,stimulus,45,2,3,0,1,1.0,1.0,0,nan,nan,nan,0.0,0.024718989727356443
2959,stimulus,45,5,2,0,0,-1.0,-1.0,1,1,0,0,0.0,0.024718989727356443
2960,stimulus,45,2,5,1,0,-1.0,-1.0,1,0,1,0,0.0,0.024718989727356443
2961,stimulus,45,2,3,0,1,1.0,1.0,0,nan,nan,nan,0.0,0.024718989727356443
2962,stimulus,45,8,2,0,0,-1.0,-1.0,1,1,0,0,0.0,0.024718989727356443
2963,stimulus,45,1,5,1,0,-1.0,-1.0,1,0,1,0,0.0,0.024718989727356443
2964,stimulus,45,4,3,0,1,1.0,1.0,0,nan,nan,nan,0.0,0.024718989727356443
2965,stimulus,45,6,2,0,0,-1.0,-1.0,1,1,0,0,0.0003996291894282235,0.024718989727356443
2966,stimulus,45,2,5,1,0,-1.0,-1.0,1,0,1,0,0.0,0.024718989727356443
2967,stimulus,45,1,3,0,0,-1.0,-1.0,1,0,1,0,0.0,0.024718989727356443
2968,stimulus,45,7,3,0,0,-1.0,-1.0,1,0,1,0,0.0003996291894282235,0.024718989727356443
2969,stimulus,45,0,3,0,0,-1.0,-1.0,1,0,1,0,0.0,0.024718989727356443
2970,stimulus,45,5,3,0,0,-1.0,-1.0,1,0,1,0,0.0,0.024718989727356443
2971,stimulus,45,7,3,0,0,-1.0,-1.0,1,0,1,0,0.0003996291894282235,0.024718989727356443
2972,stimulus,45,6,3,0,0,-1.0,-1.0,1,0,1,0,0.0,0.024718989727356443
2973,stimulus,45,5,5,1,1,1.0,1.0,0,nan,nan,nan,0.0,0.024718989727356443
2974,stimulus,45,6,6,1,1,1.0,1.0,0,nan,nan,nan,0.0,0.024718989727356443
2975,stimulus,45,6,5,0,1,1.0,1.0,0,nan,nan,nan,0.0,0.024718989727356443
2976,stimulus,45,4,6,1,0,-1.0,-1.0,1,3,0,1,0.0003996291894282235,0.024718989727356443
2977,stimulus,45,4,3,0,1,1.0,1.0,0,nan,nan,nan,0.0,0.024718989727356443
2978,stimulus,45,6,2,0,0,-1.0,-1.0,1,1,0,0,0.0003996291894282235,0.024718989727356443
2979,stimulus,45,3,5,1,0,-1.0,-1.0,1,0,1,0,0.0003996291894282235,0.024718989727356443
2980,stimulus,45,1,3,0,0,-1.0,-1.0,1,0,1,0,0.0,0.024718989727356443
2981,stimulus,45,7,3,0,0,-1.0,-1.0,1,0,1,0,0.0003996291894282235,0.024718989727356443
2982,stimulus,45,2,3,0,1,1.0,1.0,0,nan,nan,nan,0.0,0.024718989727356443
2983,stimulus,45,7,4,1,0,-1.0,-1.0,1,1,0,0,0.0,0.024718989727356443
2984,stimulus,45,2,3,0,1,1.0,1.0,0,nan,nan,nan,0.0,0.024718989727356443
2985,stimulus,45,8,4,1,0,-1.0,-1.0,1,1,0,0,0.0,0.024718989727356443
2986,stimulus,45,5,5,1,1,1.0,1.0,0,nan,nan,nan,0.0,0.024718989727356443
2987,stimulus,45,0,4,0,0,-1.0,-1.0,1,1,0,0,0.0,0.024718989727356443
2988,stimulus,45,3,5,1,0,-1.0,-1.0,1,0,1,0,0.0003996291894282235,0.024718989727356443
2989,stimulus,45,3,5,1,0,-1.0,-1.0,1,0,1,0,0.0003996291894282235,0.024718989727356443
2990,stimulus,45,0,3,0,0,-1.0,-1.0,1,0,1,0,0.0,0.024718989727356443
2991,stimulus,45,1,3,0,0,-1.0,-1.0,1,0,1,0,0.0,0.024718989727356443
2992,stimulus,45,1,3,0,0,-1.0,-1.0,1,0,1,0,0.0,0.024718989727356443
2993,stimulus,45,8,3,0,0,-1.0,-1.0,1,0,1,0,0.0,0.024718989727356443
2994,stimulus,45,1,5,1,0,-1.0,-1.0,1,0,1,0,0.0,0.024718989727356443
2995,stimulus,45,6,5,1,1,1.0,1.0,0,nan,nan,nan,0.0,0.024718989727356443
2996,stimulus,45,4,6,1,0,-1.0,-1.0,1,1,0,0,0.0003996291894282235,0.024718989727356443
2997,stimulus,45,1,5,1,0,-1.0,-1.0,1,0,1,0,0.0,0.024718989727356443
2998,stimulus,45,0,3,0,0,-1.0,-1.0,1,0,1,0,0.0,0.024718989727356443
2999,stimulus,45,0,3,0,0,-1.0,-1.0,1,0,1,0,0.0,0.024718989727356443
3000,stimulus,45,2,5,1,0,-1.0,-1.0,1,0,1,0,0.0,0.024718989727356443
